symbol,date,daily_avg,daily_min,daily_max,daily_count,neg_pct_7d,f9_norm
BTCUSDT,2019-09-10,0.0001,0.0001,0.0001,2,0.0,0.36
BTCUSDT,2019-09-11,0.0001,0.0001,0.0001,3,0.0,0.36
BTCUSDT,2019-09-12,0.0001,0.0001,0.0001,3,0.0,0.36
BTCUSDT,2019-09-13,0.0001,0.0001,0.0001,3,0.0,0.36
BTCUSDT,2019-09-14,0.0001,0.0001,0.0001,3,0.0,0.36
BTCUSDT,2019-09-15,0.0001,0.0001,0.0001,3,0.0,0.36
BTCUSDT,2019-09-16,0.0001,0.0001,0.0001,3,0.0,0.36
BTCUSDT,2019-09-17,0.0001,0.0001,0.0001,3,0.0,0.36
BTCUSDT,2019-09-18,0.0001,0.0001,0.0001,3,0.0,0.36
BTCUSDT,2019-09-19,0.0001,0.0001,0.0001,3,0.0,0.36
BTCUSDT,2019-09-20,0.0001,0.0001,0.0001,3,0.0,0.36
BTCUSDT,2019-09-21,0.0001,0.0001,0.0001,3,0.0,0.36
BTCUSDT,2019-09-22,0.0001,0.0001,0.0001,3,0.0,0.36
BTCUSDT,2019-09-23,0.0001,0.0001,0.0001,3,0.0,0.36
BTCUSDT,2019-09-24,0.0001,0.0001,0.0001,3,0.0,0.36
BTCUSDT,2019-09-25,0.0001,0.0001,0.0001,3,0.0,0.36
BTCUSDT,2019-09-26,0.0001,0.0001,0.0001,3,0.0,0.36
BTCUSDT,2019-09-27,0.0001,0.0001,0.0001,3,0.0,0.36
BTCUSDT,2019-09-28,0.0001,0.0001,0.0001,3,0.0,0.36
BTCUSDT,2019-09-29,0.0001,0.0001,0.0001,3,0.0,0.36
BTCUSDT,2019-09-30,0.0001,0.0001,0.0001,3,0.0,0.36
BTCUSDT,2019-10-01,0.0001,0.0001,0.0001,3,0.0,0.36
BTCUSDT,2019-10-02,-0.0001081933333333,-0.00052458,0.0001,3,0.0476190476190476,0.4528
BTCUSDT,2019-10-03,-9.698666666666668e-05,-0.0003222,0.0001,3,0.1428571428571428,0.4674
BTCUSDT,2019-10-04,-3.733333333333298e-07,-0.00013704,0.0001,3,0.1904761904761904,0.4382
BTCUSDT,2019-10-05,-0.0001652466666666,-0.00025688,-1.226e-05,3,0.3333333333333333,0.5328
BTCUSDT,2019-10-06,-3.995333333333333e-05,-0.00011057,2.715e-05,3,0.4285714285714285,0.5017
BTCUSDT,2019-10-07,-0.0001664266666666,-0.00024859,-5.063e-05,3,0.5714285714285714,0.5809
BTCUSDT,2019-10-08,0.0001,0.0001,0.0001,3,0.5714285714285714,0.4743
BTCUSDT,2019-10-09,0.0001,0.0001,0.0001,3,0.5238095238095238,0.4648
BTCUSDT,2019-10-10,0.0001,0.0001,0.0001,3,0.4285714285714285,0.4457
BTCUSDT,2019-10-11,0.0001,0.0001,0.0001,3,0.3809523809523809,0.4362
BTCUSDT,2019-10-12,0.0001,0.0001,0.0001,3,0.238095238095238,0.4076
BTCUSDT,2019-10-13,0.0001,0.0001,0.0001,3,0.1428571428571428,0.3886
BTCUSDT,2019-10-14,0.0001,0.0001,0.0001,3,0.0,0.36
BTCUSDT,2019-10-15,0.0001,0.0001,0.0001,3,0.0,0.36
BTCUSDT,2019-10-16,0.0001,0.0001,0.0001,3,0.0,0.36
BTCUSDT,2019-10-17,0.0001,0.0001,0.0001,3,0.0,0.36
BTCUSDT,2019-10-18,0.0001,0.0001,0.0001,3,0.0,0.36
BTCUSDT,2019-10-19,0.0001,0.0001,0.0001,3,0.0,0.36
BTCUSDT,2019-10-20,0.0001,0.0001,0.0001,3,0.0,0.36
BTCUSDT,2019-10-21,0.0001,0.0001,0.0001,3,0.0,0.36
BTCUSDT,2019-10-22,0.0001,0.0001,0.0001,3,0.0,0.36
BTCUSDT,2019-10-23,0.0001,0.0001,0.0001,3,0.0,0.36
BTCUSDT,2019-10-24,5.201666666666667e-05,-4.395e-05,0.0001,3,0.0476190476190476,0.3887
BTCUSDT,2019-10-25,1.763666666666667e-05,-0.00014709,0.0001,3,0.0952380952380952,0.412
BTCUSDT,2019-10-26,0.0001819433333333,0.0001,0.00030874,3,0.0952380952380952,0.3463
BTCUSDT,2019-10-27,0.0001285366666666,0.0001,0.00018561,3,0.0952380952380952,0.3676
BTCUSDT,2019-10-28,0.00054853,0.00012485,0.00078363,3,0.0952380952380952,0.1996
BTCUSDT,2019-10-29,0.0003904333333333,0.00016366,0.00053797,3,0.0952380952380952,0.2629
BTCUSDT,2019-10-30,0.0003554533333333,0.00025294,0.00052312,3,0.0952380952380952,0.2769
BTCUSDT,2019-10-31,0.00030943,0.0001317,0.00041061,3,0.0476190476190476,0.2858
BTCUSDT,2019-11-01,0.00024867,0.0001,0.00048728,3,0.0,0.3005
BTCUSDT,2019-11-02,0.0001,0.0001,0.0001,3,0.0,0.36
BTCUSDT,2019-11-03,0.0001,0.0001,0.0001,3,0.0,0.36
BTCUSDT,2019-11-04,0.0001002399999999,0.0001,0.00010072,3,0.0,0.3599
BTCUSDT,2019-11-05,0.0001,0.0001,0.0001,3,0.0,0.36
BTCUSDT,2019-11-06,0.0001129233333333,0.0001,0.00013877,3,0.0,0.3548
BTCUSDT,2019-11-07,0.0002151966666666,0.00018004,0.00027025,3,0.0,0.3139
BTCUSDT,2019-11-08,0.0001083333333333,0.0001,0.000125,3,0.0,0.3567
BTCUSDT,2019-11-09,0.0001,0.0001,0.0001,3,0.0,0.36
BTCUSDT,2019-11-10,0.0001,0.0001,0.0001,3,0.0,0.36
BTCUSDT,2019-11-11,0.0001,0.0001,0.0001,3,0.0,0.36
BTCUSDT,2019-11-12,0.0001,0.0001,0.0001,3,0.0,0.36
BTCUSDT,2019-11-13,-6.9633333333333325e-06,-0.00022089,0.0001,3,0.0476190476190476,0.4123
BTCUSDT,2019-11-14,0.0001,0.0001,0.0001,3,0.0476190476190476,0.3695
BTCUSDT,2019-11-15,0.0001,0.0001,0.0001,3,0.0476190476190476,0.3695
BTCUSDT,2019-11-16,0.0001,0.0001,0.0001,3,0.0476190476190476,0.3695
BTCUSDT,2019-11-17,0.0001,0.0001,0.0001,3,0.0476190476190476,0.3695
BTCUSDT,2019-11-18,0.0001,0.0001,0.0001,3,0.0476190476190476,0.3695
BTCUSDT,2019-11-19,0.0001,0.0001,0.0001,3,0.0476190476190476,0.3695
BTCUSDT,2019-11-20,0.0001,0.0001,0.0001,3,0.0,0.36
BTCUSDT,2019-11-21,0.0001,0.0001,0.0001,3,0.0,0.36
BTCUSDT,2019-11-22,-3.0629999999999996e-05,-0.00025622,9.601e-05,3,0.0476190476190476,0.4218
BTCUSDT,2019-11-23,-0.0002000266666666,-0.0002867,-0.0001429,3,0.1904761904761904,0.5181
BTCUSDT,2019-11-24,3.2613333333333335e-05,-0.00010216,0.0001,3,0.238095238095238,0.4346
BTCUSDT,2019-11-25,-1.3783333333333334e-05,-0.00011089,0.0001,3,0.3333333333333333,0.4722
BTCUSDT,2019-11-26,-0.0003049933333333,-0.00046229,-8.462e-05,3,0.4761904761904761,0.6172
BTCUSDT,2019-11-27,-7.947333333333332e-05,-0.00018098,0.0001,3,0.5714285714285714,0.5461
BTCUSDT,2019-11-28,0.0001,0.0001,0.0001,3,0.5714285714285714,0.4743
BTCUSDT,2019-11-29,0.0001,0.0001,0.0001,3,0.5238095238095238,0.4648
BTCUSDT,2019-11-30,6.024666666666667e-05,-1.926e-05,0.0001,3,0.4285714285714285,0.4616
BTCUSDT,2019-12-01,0.0001,0.0001,0.0001,3,0.3809523809523809,0.4362
BTCUSDT,2019-12-02,7.240333333333334e-05,1.721e-05,0.0001,3,0.2857142857142857,0.4282
BTCUSDT,2019-12-03,3.098333333333333e-05,-1.025e-05,8.902e-05,3,0.1904761904761904,0.4257
BTCUSDT,2019-12-04,-7.633333333333332e-06,-5.268e-05,3.333e-05,3,0.1904761904761904,0.4411
BTCUSDT,2019-12-05,-1.804e-05,-9.765e-05,2.564e-05,3,0.238095238095238,0.4548
BTCUSDT,2019-12-06,6.715333333333333e-05,5.834e-05,7.761e-05,3,0.238095238095238,0.4208
BTCUSDT,2019-12-07,7.936333333333334e-05,3.809e-05,0.0001,3,0.1904761904761904,0.4063
BTCUSDT,2019-12-08,0.0001,0.0001,0.0001,3,0.1904761904761904,0.3981
BTCUSDT,2019-12-09,0.0001,0.0001,0.0001,3,0.1904761904761904,0.3981
BTCUSDT,2019-12-10,0.0001,0.0001,0.0001,3,0.1428571428571428,0.3886
BTCUSDT,2019-12-11,2.79e-05,-5.692e-05,0.0001,3,0.0952380952380952,0.4079
BTCUSDT,2019-12-12,-1.8933333333333337e-05,-8.52e-05,3.16e-05,3,0.1428571428571428,0.4361
BTCUSDT,2019-12-13,-9.443333333333332e-05,-0.00011387,-7.162e-05,3,0.2857142857142857,0.4949
BTCUSDT,2019-12-14,2.298e-05,-5.358e-05,0.0001,3,0.3333333333333333,0.4575
BTCUSDT,2019-12-15,2.8063333333333336e-05,-1.788e-05,7.982e-05,3,0.3809523809523809,0.465
BTCUSDT,2019-12-16,-9.299666666666668e-05,-0.00013465,-3.652e-05,3,0.5238095238095238,0.542
BTCUSDT,2019-12-17,-6.547e-05,-0.00013429,-1.606e-05,3,0.6666666666666666,0.5595
BTCUSDT,2019-12-18,-0.00017045,-0.00022278,-0.00013767,3,0.7619047619047619,0.6206
BTCUSDT,2019-12-19,0.0001,0.0001,0.0001,3,0.6666666666666666,0.4933
BTCUSDT,2019-12-20,2.2023333333333333e-05,1.034e-05,3.19e-05,3,0.5238095238095238,0.496
BTCUSDT,2019-12-21,6.587666666666667e-05,-2.37e-06,0.0001,3,0.5238095238095238,0.4784
BTCUSDT,2019-12-22,7.19e-05,1.57e-05,0.0001,3,0.4761904761904761,0.4665
BTCUSDT,2019-12-23,0.0001,0.0001,0.0001,3,0.3333333333333333,0.4267
BTCUSDT,2019-12-24,0.0001,0.0001,0.0001,3,0.1904761904761904,0.3981
BTCUSDT,2019-12-25,8.702333333333334e-05,6.107e-05,0.0001,3,0.0476190476190476,0.3747
BTCUSDT,2019-12-26,5.715333333333334e-05,-2.854e-05,0.0001,3,0.0952380952380952,0.3962
BTCUSDT,2019-12-27,-3.951e-05,-8.764e-05,2.605e-05,3,0.1904761904761904,0.4539
BTCUSDT,2019-12-28,-3.264e-05,-7.701e-05,2.166e-05,3,0.238095238095238,0.4607
BTCUSDT,2019-12-29,-7.325666666666666e-05,-0.0002325,0.0001,3,0.3333333333333333,0.496
BTCUSDT,2019-12-30,-9.859333333333332e-05,-0.0001794,-1.406e-05,3,0.4761904761904761,0.5347
BTCUSDT,2019-12-31,-3.839e-05,-0.0001305,3.936e-05,3,0.5714285714285714,0.5296
BTCUSDT,2020-01-01,-0.0001146866666666,-0.00012383,-9.664e-05,3,0.7142857142857143,0.5887
BTCUSDT,2020-01-02,4.588666666666667e-05,1.04e-06,0.0001,3,0.6666666666666666,0.515
BTCUSDT,2020-01-03,2.261e-05,-1.664e-05,0.0001,3,0.6666666666666666,0.5243
BTCUSDT,2020-01-04,5.823666666666667e-05,8.4e-07,0.0001,3,0.5714285714285714,0.491
BTCUSDT,2020-01-05,0.0001,0.0001,0.0001,3,0.4761904761904761,0.4552
BTCUSDT,2020-01-06,0.0001,0.0001,0.0001,3,0.3333333333333333,0.4267
BTCUSDT,2020-01-07,0.0001,0.0001,0.0001,3,0.238095238095238,0.4076
BTCUSDT,2020-01-08,0.00010838,0.0001,0.00012514,3,0.0952380952380952,0.3757
BTCUSDT,2020-01-09,0.0001,0.0001,0.0001,3,0.0952380952380952,0.379
BTCUSDT,2020-01-10,0.0001,0.0001,0.0001,3,0.0,0.36
BTCUSDT,2020-01-11,0.0001261533333333,0.0001,0.00017846,3,0.0,0.3495
BTCUSDT,2020-01-12,0.0001,0.0001,0.0001,3,0.0,0.36
BTCUSDT,2020-01-13,0.0001,0.0001,0.0001,3,0.0,0.36
BTCUSDT,2020-01-14,0.000153,0.0001,0.000259,3,0.0,0.3388
BTCUSDT,2020-01-15,0.0002629633333333,0.0001,0.00049392,3,0.0,0.2948
BTCUSDT,2020-01-16,0.0002755233333333,0.0001,0.00041191,3,0.0,0.2898
BTCUSDT,2020-01-17,0.0002725866666666,0.0001,0.00056749,3,0.0,0.291
BTCUSDT,2020-01-18,0.0002375433333333,0.0001,0.00032081,3,0.0,0.305
BTCUSDT,2020-01-19,0.0005061233333333,0.00020041,0.00092467,3,0.0,0.1976
BTCUSDT,2020-01-20,0.00016828,0.0001,0.00029702,3,0.0,0.3327
BTCUSDT,2020-01-21,0.0001440733333333,0.00012057,0.0001574,3,0.0,0.3424
BTCUSDT,2020-01-22,0.0001379733333333,0.0001,0.00021392,3,0.0,0.3448
BTCUSDT,2020-01-23,0.0002410133333333,0.0001,0.00052304,3,0.0,0.3036
BTCUSDT,2020-01-24,0.0003826366666666,0.00017948,0.00054719,3,0.0,0.2469
BTCUSDT,2020-01-25,0.0001,0.0001,0.0001,3,0.0,0.36
BTCUSDT,2020-01-26,0.0001,0.0001,0.0001,3,0.0,0.36
BTCUSDT,2020-01-27,0.0001,0.0001,0.0001,3,0.0,0.36
BTCUSDT,2020-01-28,0.00044361,0.0001,0.00068689,3,0.0,0.2226
BTCUSDT,2020-01-29,0.0007473699999999,0.00053694,0.00108193,3,0.0,0.1011
BTCUSDT,2020-01-30,0.0002777633333333,0.000236,0.00034852,3,0.0,0.2889
BTCUSDT,2020-01-31,0.0005685433333333,0.00039858,0.00077154,3,0.0,0.1726
BTCUSDT,2020-02-01,0.0006323666666666,0.00049052,0.00074991,3,0.0,0.1471
BTCUSDT,2020-02-02,0.00042901,0.00028263,0.00065524,3,0.0,0.2284
BTCUSDT,2020-02-03,0.00035513,0.0001,0.00060677,3,0.0,0.2579
BTCUSDT,2020-02-04,0.0006397466666666,0.00038192,0.00099282,3,0.0,0.1441
BTCUSDT,2020-02-05,0.0002421033333333,0.0001,0.00052631,3,0.0,0.3032
BTCUSDT,2020-02-06,0.0009932933333333,0.00055668,0.00164021,3,0.0,0.0027
BTCUSDT,2020-02-07,0.0002998666666666,0.00019726,0.00035618,3,0.0,0.2801
BTCUSDT,2020-02-08,0.0006736266666666,0.00039915,0.00099315,3,0.0,0.1305
BTCUSDT,2020-02-09,0.0007942366666666,0.00042798,0.00113954,3,0.0,0.0823
BTCUSDT,2020-02-10,0.00109891,0.00097918,0.00125022,3,0.0,0.0
BTCUSDT,2020-02-11,0.0005296866666666,0.00043989,0.00064797,3,0.0,0.1881
BTCUSDT,2020-02-12,0.0017064633333333,0.00103884,0.003,3,0.0,0.0
BTCUSDT,2020-02-13,0.0008279,0.00070414,0.00093553,3,0.0,0.0688
BTCUSDT,2020-02-14,0.00064575,0.00055952,0.00074453,3,0.0,0.1417
BTCUSDT,2020-02-15,0.00081114,0.00059113,0.0009686,3,0.0,0.0755
BTCUSDT,2020-02-16,0.00049674,0.00036973,0.00060847,3,0.0,0.2013
BTCUSDT,2020-02-17,0.0006507166666666,0.00043179,0.00091076,3,0.0,0.1397
BTCUSDT,2020-02-18,0.00023527,0.00013952,0.00029662,3,0.0,0.3059
BTCUSDT,2020-02-19,0.0004188,0.00038487,0.00046396,3,0.0,0.2325
BTCUSDT,2020-02-20,0.0001,0.0001,0.0001,3,0.0,0.36
BTCUSDT,2020-02-21,0.0001,0.0001,0.0001,3,0.0,0.36
BTCUSDT,2020-02-22,0.0001074766666666,0.0001,0.00012243,3,0.0,0.357
BTCUSDT,2020-02-23,0.0004466033333333,0.00029663,0.00065308,3,0.0,0.2214
BTCUSDT,2020-02-24,0.0002445366666666,0.0001,0.00048774,3,0.0,0.3022
BTCUSDT,2020-02-25,0.00035567,0.00027363,0.00046949,3,0.0,0.2577
BTCUSDT,2020-02-26,0.0004182,0.0003617,0.0005063,3,0.0,0.2327
BTCUSDT,2020-02-27,0.0001245433333333,0.0001,0.00017363,3,0.0,0.3502
BTCUSDT,2020-02-28,0.0001508766666666,0.0001,0.00023604,3,0.0,0.3396
BTCUSDT,2020-02-29,0.00061349,0.00060166,0.00062345,3,0.0,0.1546
BTCUSDT,2020-03-01,0.0003609433333333,0.00027933,0.00049317,3,0.0,0.2556
BTCUSDT,2020-03-02,0.0001290666666666,0.0001,0.0001872,3,0.0,0.3484
BTCUSDT,2020-03-03,0.0001,0.0001,0.0001,3,0.0,0.36
BTCUSDT,2020-03-04,0.00014776,0.0001,0.00024328,3,0.0,0.3409
BTCUSDT,2020-03-05,0.0001766733333333,0.0001,0.00023481,3,0.0,0.3293
BTCUSDT,2020-03-06,0.00025946,0.00020373,0.00035706,3,0.0,0.2962
BTCUSDT,2020-03-07,0.0003475866666666,0.00032086,0.00039476,3,0.0,0.261
BTCUSDT,2020-03-08,0.0004911766666666,0.00042921,0.00054685,3,0.0,0.2035
BTCUSDT,2020-03-09,0.0001,0.0001,0.0001,3,0.0,0.36
BTCUSDT,2020-03-10,0.0001,0.0001,0.0001,3,0.0,0.36
BTCUSDT,2020-03-11,0.0001429933333333,0.0001,0.00022898,3,0.0,0.3428
BTCUSDT,2020-03-12,1.8076666666666662e-05,-0.00015149,0.00010572,3,0.0476190476190476,0.4023
BTCUSDT,2020-03-13,-0.0012715033333333,-0.003,-0.00016073,3,0.1904761904761904,0.8381
BTCUSDT,2020-03-14,-0.0004389733333333,-0.00076421,-4.946e-05,3,0.3333333333333333,0.6423
BTCUSDT,2020-03-15,-0.00050297,-0.00054208,-0.00047893,3,0.4761904761904761,0.6964
BTCUSDT,2020-03-16,-0.0005183766666666,-0.00090358,-0.00028282,3,0.6190476190476191,0.7312
BTCUSDT,2020-03-17,-0.0001269466666666,-0.0002383,-3.681e-05,3,0.7619047619047619,0.6032
BTCUSDT,2020-03-18,-0.0002786933333333,-0.00035528,-0.00014706,3,0.9047619047619048,0.6924
BTCUSDT,2020-03-19,-0.0002137833333333,-0.00027089,-0.00015042,3,1.0,0.6855
BTCUSDT,2020-03-20,-2.213333333333333e-05,-0.00015469,0.0001,3,0.9523809523809524,0.5993
BTCUSDT,2020-03-21,-1.3816666666666673e-05,-0.00011557,8.327e-05,3,0.9047619047619048,0.5865
BTCUSDT,2020-03-22,2.460666666666667e-05,-2.842e-05,0.0001,3,0.8095238095238095,0.5521
BTCUSDT,2020-03-23,-7.697e-05,-0.00016796,0.0001,3,0.7619047619047619,0.5832
BTCUSDT,2020-03-24,0.0001,0.0001,0.0001,3,0.6190476190476191,0.4838
BTCUSDT,2020-03-25,9.923666666666668e-05,9.813e-05,0.0001,3,0.4761904761904761,0.4555
BTCUSDT,2020-03-26,3.326333333333334e-05,-1.62e-05,0.0001,3,0.3809523809523809,0.4629
BTCUSDT,2020-03-27,4.403e-05,1.48e-06,6.838e-05,3,0.2857142857142857,0.4395
BTCUSDT,2020-03-28,-0.0002503866666666,-0.00041263,-0.00012203,3,0.3333333333333333,0.5668
BTCUSDT,2020-03-29,-0.00026005,-0.0002912,-0.00023282,3,0.4285714285714285,0.5897
BTCUSDT,2020-03-30,-0.0003503633333333,-0.0006431,-6.982e-05,3,0.4761904761904761,0.6354
BTCUSDT,2020-03-31,-0.0001228533333333,-0.000162,-5.383e-05,3,0.6190476190476191,0.573
BTCUSDT,2020-04-01,-0.0003096666666666,-0.0004868,-9.237e-05,3,0.7619047619047619,0.6762
BTCUSDT,2020-04-02,-2.2110000000000003e-05,-0.0001933,9.417e-05,3,0.7619047619047619,0.5612
BTCUSDT,2020-04-03,6.375333333333333e-05,7.9e-07,0.0001,3,0.7619047619047619,0.5269
BTCUSDT,2020-04-04,1.3563333333333333e-05,-7.77e-05,6.184e-05,3,0.6666666666666666,0.5279
BTCUSDT,2020-04-05,1.1873333333333334e-05,-4.495e-05,4.198e-05,3,0.5714285714285714,0.5095
BTCUSDT,2020-04-06,-1.8176666666666665e-05,-8.471e-05,2.364e-05,3,0.4761904761904761,0.5025
BTCUSDT,2020-04-07,-4.889e-05,-0.00012883,1.131e-05,3,0.4285714285714285,0.5053
BTCUSDT,2020-04-08,4.638e-05,-2.763e-05,0.0001,3,0.3333333333333333,0.4481
BTCUSDT,2020-04-09,-2.953e-05,-0.00010005,0.0001,3,0.3809523809523809,0.488
BTCUSDT,2020-04-10,4.999e-05,-5.003e-05,0.0001,3,0.4285714285714285,0.4657
BTCUSDT,2020-04-11,0.0001,0.0001,0.0001,3,0.3809523809523809,0.4362
BTCUSDT,2020-04-12,9.484333333333332e-05,8.453e-05,0.0001,3,0.3333333333333333,0.4287
BTCUSDT,2020-04-13,-5.066333333333332e-05,-0.00020271,7.954e-05,3,0.3809523809523809,0.4965
BTCUSDT,2020-04-14,-5.272666666666667e-05,-0.00020028,5.454e-05,3,0.3809523809523809,0.4973
BTCUSDT,2020-04-15,-4.836000000000001e-05,-0.00012803,2.925e-05,3,0.4285714285714285,0.5051
BTCUSDT,2020-04-16,-0.0001555133333333,-0.00046001,6.364e-05,3,0.4285714285714285,0.5479
BTCUSDT,2020-04-17,8.333333333333332e-06,-6.771e-05,5.926e-05,3,0.4285714285714285,0.4824
BTCUSDT,2020-04-18,-0.0001330633333333,-0.00019642,-3.132e-05,3,0.5714285714285714,0.5675
BTCUSDT,2020-04-19,-5.531333333333333e-05,-0.00019142,8.514e-05,3,0.6666666666666666,0.5555
BTCUSDT,2020-04-20,-2.982e-05,-5.762e-05,-1.31e-05,3,0.7142857142857143,0.5548
BTCUSDT,2020-04-21,-2.2396666666666665e-05,-9.18e-05,0.0001,3,0.7142857142857143,0.5518
BTCUSDT,2020-04-22,-0.00015103,-0.00031244,-2.663e-05,3,0.7619047619047619,0.6128
BTCUSDT,2020-04-23,-9.277e-05,-0.0002234,0.0001,3,0.7619047619047619,0.5895
BTCUSDT,2020-04-24,0.0001,0.0001,0.0001,3,0.7142857142857143,0.5029
BTCUSDT,2020-04-25,0.0001,0.0001,0.0001,3,0.5714285714285714,0.4743
BTCUSDT,2020-04-26,9.164333333333334e-05,7.493e-05,0.0001,3,0.4761904761904761,0.4586
BTCUSDT,2020-04-27,0.0001,0.0001,0.0001,3,0.3333333333333333,0.4267
BTCUSDT,2020-04-28,0.0001,0.0001,0.0001,3,0.238095238095238,0.4076
BTCUSDT,2020-04-29,0.0001,0.0001,0.0001,3,0.0952380952380952,0.379
BTCUSDT,2020-04-30,0.0004024166666666,0.0001,0.00097517,3,0.0,0.239
BTCUSDT,2020-05-01,0.00017495,0.00013528,0.00021072,3,0.0,0.33
BTCUSDT,2020-05-02,0.00010048,0.0001,0.00010144,3,0.0,0.3598
BTCUSDT,2020-05-03,0.0001499066666666,0.0001,0.0001981,3,0.0,0.34
BTCUSDT,2020-05-04,0.0001064166666666,0.0001,0.00011925,3,0.0,0.3574
BTCUSDT,2020-05-05,0.0001,0.0001,0.0001,3,0.0,0.36
BTCUSDT,2020-05-06,0.0001866033333333,0.0001,0.00035981,3,0.0,0.3254
BTCUSDT,2020-05-07,0.0001,0.0001,0.0001,3,0.0,0.36
BTCUSDT,2020-05-08,0.0003443333333333,0.00016094,0.0005319,3,0.0,0.2623
BTCUSDT,2020-05-09,0.0005862366666666,0.00042037,0.00075816,3,0.0,0.1655
BTCUSDT,2020-05-10,0.0002077533333333,0.0001,0.00042326,3,0.0,0.3169
BTCUSDT,2020-05-11,0.0001,0.0001,0.0001,3,0.0,0.36
BTCUSDT,2020-05-12,0.0001,0.0001,0.0001,3,0.0,0.36
BTCUSDT,2020-05-13,0.0001,0.0001,0.0001,3,0.0,0.36
BTCUSDT,2020-05-14,0.0001,0.0001,0.0001,3,0.0,0.36
BTCUSDT,2020-05-15,8.133333333333334e-05,4.4e-05,0.0001,3,0.0,0.3675
BTCUSDT,2020-05-16,0.0001,0.0001,0.0001,3,0.0,0.36
BTCUSDT,2020-05-17,4.338e-05,8.88e-06,8.001e-05,3,0.0,0.3826
BTCUSDT,2020-05-18,4.453333333333333e-05,-6.64e-05,0.0001,3,0.0476190476190476,0.3917
BTCUSDT,2020-05-19,9.297333333333333e-05,7.892e-05,0.0001,3,0.0476190476190476,0.3723
BTCUSDT,2020-05-20,0.0001,0.0001,0.0001,3,0.0476190476190476,0.3695
BTCUSDT,2020-05-21,2.594e-05,-9.027e-05,0.0001,3,0.0952380952380952,0.4087
BTCUSDT,2020-05-22,-2.2633333333333313e-06,-5.15e-05,6.867e-05,3,0.1904761904761904,0.439
BTCUSDT,2020-05-23,1.2833333333333331e-05,-2.092e-05,7.023e-05,3,0.2857142857142857,0.452
BTCUSDT,2020-05-24,8.213666666666667e-05,6.724e-05,0.0001,3,0.2857142857142857,0.4243
BTCUSDT,2020-05-25,-5.759999999999999e-06,-4.286e-05,6.784e-05,3,0.3333333333333333,0.469
BTCUSDT,2020-05-26,4.854666666666667e-05,-3.5e-07,0.0001,3,0.3809523809523809,0.4568
BTCUSDT,2020-05-27,-6.403333333333329e-06,-0.00014025,0.0001,3,0.4285714285714285,0.4883
BTCUSDT,2020-05-28,-6.471666666666666e-05,-0.00011366,-1.187e-05,3,0.5238095238095238,0.5306
BTCUSDT,2020-05-29,1.297e-05,-6.04e-06,2.618e-05,3,0.4761904761904761,0.4901
BTCUSDT,2020-05-30,0.0001,0.0001,0.0001,3,0.3809523809523809,0.4362
BTCUSDT,2020-05-31,0.0001,0.0001,0.0001,3,0.3809523809523809,0.4362
BTCUSDT,2020-06-01,2.6756666666666667e-05,-2.911e-05,0.0001,3,0.3333333333333333,0.456
BTCUSDT,2020-06-02,0.0004093,0.0001,0.0007831,3,0.2857142857142857,0.2934
BTCUSDT,2020-06-03,9.548666666666668e-05,8.646e-05,0.0001,3,0.238095238095238,0.4094
BTCUSDT,2020-06-04,0.0001,0.0001,0.0001,3,0.0952380952380952,0.379
BTCUSDT,2020-06-05,0.0001,0.0001,0.0001,3,0.0476190476190476,0.3695
BTCUSDT,2020-06-06,0.0001,0.0001,0.0001,3,0.0476190476190476,0.3695
BTCUSDT,2020-06-07,0.0001,0.0001,0.0001,3,0.0476190476190476,0.3695
BTCUSDT,2020-06-08,0.0001,0.0001,0.0001,3,0.0,0.36
BTCUSDT,2020-06-09,0.0001,0.0001,0.0001,3,0.0,0.36
BTCUSDT,2020-06-10,0.0001,0.0001,0.0001,3,0.0,0.36
BTCUSDT,2020-06-11,0.0001,0.0001,0.0001,3,0.0,0.36
BTCUSDT,2020-06-12,5.299333333333333e-05,-3.816e-05,0.0001,3,0.0476190476190476,0.3883
BTCUSDT,2020-06-13,5.0916666666666666e-05,-1.942e-05,0.0001,3,0.0952380952380952,0.3987
BTCUSDT,2020-06-14,9.034e-05,7.102e-05,0.0001,3,0.0952380952380952,0.3829
BTCUSDT,2020-06-15,-4.120666666666666e-05,-0.00018213,0.0001,3,0.1904761904761904,0.4546
BTCUSDT,2020-06-16,1.5949999999999998e-05,-0.00015215,0.0001,3,0.238095238095238,0.4412
BTCUSDT,2020-06-17,2.3179999999999995e-05,-8.32e-05,7.764e-05,3,0.2857142857142857,0.4479
BTCUSDT,2020-06-18,-4.656666666666667e-05,-0.00011589,7.624e-05,3,0.3809523809523809,0.4948
BTCUSDT,2020-06-19,3.927666666666667e-05,-1.57e-06,0.0001,3,0.3809523809523809,0.4605
BTCUSDT,2020-06-20,7.062000000000001e-05,1.186e-05,0.0001,3,0.3333333333333333,0.4384
BTCUSDT,2020-06-21,1.8843333333333333e-05,-3.057e-05,0.0001,3,0.4285714285714285,0.4782
BTCUSDT,2020-06-22,8.928e-05,6.784e-05,0.0001,3,0.3333333333333333,0.431
BTCUSDT,2020-06-23,0.0001073833333333,0.0001,0.00012215,3,0.2857142857142857,0.4142
BTCUSDT,2020-06-24,0.0001042866666666,0.0001,0.00011286,3,0.238095238095238,0.4059
BTCUSDT,2020-06-25,0.0001,0.0001,0.0001,3,0.1428571428571428,0.3886
BTCUSDT,2020-06-26,9.800333333333336e-05,9.401e-05,0.0001,3,0.0952380952380952,0.3798
BTCUSDT,2020-06-27,0.0001,0.0001,0.0001,3,0.0952380952380952,0.379
BTCUSDT,2020-06-28,8.289e-05,4.867e-05,0.0001,3,0.0,0.3668
BTCUSDT,2020-06-29,0.0001,0.0001,0.0001,3,0.0,0.36
BTCUSDT,2020-06-30,0.0001,0.0001,0.0001,3,0.0,0.36
BTCUSDT,2020-07-01,0.0001,0.0001,0.0001,3,0.0,0.36
BTCUSDT,2020-07-02,0.0001,0.0001,0.0001,3,0.0,0.36
BTCUSDT,2020-07-03,0.0001,0.0001,0.0001,3,0.0,0.36
BTCUSDT,2020-07-04,0.0001,0.0001,0.0001,3,0.0,0.36
BTCUSDT,2020-07-05,0.0001,0.0001,0.0001,3,0.0,0.36
BTCUSDT,2020-07-06,0.0001,0.0001,0.0001,3,0.0,0.36
BTCUSDT,2020-07-07,0.0001,0.0001,0.0001,3,0.0,0.36
BTCUSDT,2020-07-08,0.0001,0.0001,0.0001,3,0.0,0.36
BTCUSDT,2020-07-09,0.0001,0.0001,0.0001,3,0.0,0.36
BTCUSDT,2020-07-10,0.0001,0.0001,0.0001,3,0.0,0.36
BTCUSDT,2020-07-11,0.0001,0.0001,0.0001,3,0.0,0.36
BTCUSDT,2020-07-12,0.0001,0.0001,0.0001,3,0.0,0.36
BTCUSDT,2020-07-13,0.0001,0.0001,0.0001,3,0.0,0.36
BTCUSDT,2020-07-14,0.0001,0.0001,0.0001,3,0.0,0.36
BTCUSDT,2020-07-15,0.0001,0.0001,0.0001,3,0.0,0.36
BTCUSDT,2020-07-16,0.0001,0.0001,0.0001,3,0.0,0.36
BTCUSDT,2020-07-17,0.0001,0.0001,0.0001,3,0.0,0.36
BTCUSDT,2020-07-18,0.0001,0.0001,0.0001,3,0.0,0.36
BTCUSDT,2020-07-19,0.0001,0.0001,0.0001,3,0.0,0.36
BTCUSDT,2020-07-20,0.0001,0.0001,0.0001,3,0.0,0.36
BTCUSDT,2020-07-21,0.0001,0.0001,0.0001,3,0.0,0.36
BTCUSDT,2020-07-22,0.0001,0.0001,0.0001,3,0.0,0.36
BTCUSDT,2020-07-23,0.0001,0.0001,0.0001,3,0.0,0.36
BTCUSDT,2020-07-24,0.0001,0.0001,0.0001,3,0.0,0.36
BTCUSDT,2020-07-25,0.0001,0.0001,0.0001,3,0.0,0.36
BTCUSDT,2020-07-26,0.00028479,0.0001,0.00065437,3,0.0,0.2861
BTCUSDT,2020-07-27,0.0006200633333333,0.00047138,0.00086993,3,0.0,0.152
BTCUSDT,2020-07-28,0.00119704,0.00097576,0.00139484,3,0.0,0.0
BTCUSDT,2020-07-29,0.0007122833333333,0.00061856,0.00083621,3,0.0,0.1151
BTCUSDT,2020-07-30,0.00067754,0.00061759,0.00072329,3,0.0,0.129
BTCUSDT,2020-07-31,0.0005323933333333,0.00037716,0.00082654,3,0.0,0.187
BTCUSDT,2020-08-01,0.0003589699999999,0.0002791,0.00048996,3,0.0,0.2564
BTCUSDT,2020-08-02,0.0005424966666666,0.00024752,0.00095567,3,0.0,0.183
BTCUSDT,2020-08-03,0.0003850333333333,0.0002585,0.00045929,3,0.0,0.246
BTCUSDT,2020-08-04,0.00033459,0.00030647,0.00038617,3,0.0,0.2662
BTCUSDT,2020-08-05,0.0001751833333333,0.00013898,0.00022044,3,0.0,0.3299
BTCUSDT,2020-08-06,0.0003788733333333,0.00036099,0.00038867,3,0.0,0.2485
BTCUSDT,2020-08-07,0.00025614,0.00021201,0.00031707,3,0.0,0.2975
BTCUSDT,2020-08-08,0.0001,0.0001,0.0001,3,0.0,0.36
BTCUSDT,2020-08-09,0.0001521333333333,0.0001,0.00021066,3,0.0,0.3391
BTCUSDT,2020-08-10,0.00057372,0.0001,0.00131898,3,0.0,0.1705
BTCUSDT,2020-08-11,0.0003197466666666,0.00013372,0.00059816,3,0.0,0.2721
BTCUSDT,2020-08-12,0.0001,0.0001,0.0001,3,0.0,0.36
BTCUSDT,2020-08-13,0.0001,0.0001,0.0001,3,0.0,0.36
BTCUSDT,2020-08-14,0.0002968966666666,0.00017598,0.00044038,3,0.0,0.2812
BTCUSDT,2020-08-15,0.0002285133333333,0.0001,0.0003665,3,0.0,0.3086
BTCUSDT,2020-08-16,0.0003198033333333,0.0001564,0.00048777,3,0.0,0.2721
BTCUSDT,2020-08-17,0.00050636,0.00026342,0.0008576,3,0.0,0.1975
BTCUSDT,2020-08-18,0.0009942233333333,0.00078206,0.00119905,3,0.0,0.0023
BTCUSDT,2020-08-19,0.0005208933333333,0.00024051,0.00077293,3,0.0,0.1916
BTCUSDT,2020-08-20,0.0001802,0.0001159,0.00024189,3,0.0,0.3279
BTCUSDT,2020-08-21,0.0001,0.0001,0.0001,3,0.0,0.36
BTCUSDT,2020-08-22,0.0001,0.0001,0.0001,3,0.0,0.36
BTCUSDT,2020-08-23,0.0001,0.0001,0.0001,3,0.0,0.36
BTCUSDT,2020-08-24,0.0001,0.0001,0.0001,3,0.0,0.36
BTCUSDT,2020-08-25,0.0002086,0.0001,0.0004258,3,0.0,0.3166
BTCUSDT,2020-08-26,0.0001545133333333,0.0001,0.00023316,3,0.0,0.3382
BTCUSDT,2020-08-27,0.0001,0.0001,0.0001,3,0.0,0.36
BTCUSDT,2020-08-28,0.0001,0.0001,0.0001,3,0.0,0.36
BTCUSDT,2020-08-29,0.0001,0.0001,0.0001,3,0.0,0.36
BTCUSDT,2020-08-30,0.0001,0.0001,0.0001,3,0.0,0.36
BTCUSDT,2020-08-31,0.0001182033333333,0.0001,0.00015461,3,0.0,0.3527
BTCUSDT,2020-09-01,0.00026607,0.0001,0.0004686,3,0.0,0.2936
BTCUSDT,2020-09-02,0.00037669,0.00032895,0.00045038,3,0.0,0.2493
BTCUSDT,2020-09-03,0.00020977,0.00016828,0.00024709,3,0.0,0.3161
BTCUSDT,2020-09-04,0.0001,0.0001,0.0001,3,0.0,0.36
BTCUSDT,2020-09-05,0.0001,0.0001,0.0001,3,0.0,0.36
BTCUSDT,2020-09-06,0.0001,0.0001,0.0001,3,0.0,0.36
BTCUSDT,2020-09-07,0.0001,0.0001,0.0001,3,0.0,0.36
BTCUSDT,2020-09-08,0.0001,0.0001,0.0001,3,0.0,0.36
BTCUSDT,2020-09-09,0.0001,0.0001,0.0001,3,0.0,0.36
BTCUSDT,2020-09-10,0.0001,0.0001,0.0001,3,0.0,0.36
BTCUSDT,2020-09-11,0.0001,0.0001,0.0001,3,0.0,0.36
BTCUSDT,2020-09-12,0.0001,0.0001,0.0001,3,0.0,0.36
BTCUSDT,2020-09-13,0.0001,0.0001,0.0001,3,0.0,0.36
BTCUSDT,2020-09-14,6.956e-05,8.68e-06,0.0001,3,0.0,0.3722
BTCUSDT,2020-09-15,-0.0001007399999999,-0.0002227,-2.796e-05,3,0.1428571428571428,0.4689
BTCUSDT,2020-09-16,-5.289e-05,-0.00011181,-1.488e-05,3,0.2857142857142857,0.4783
BTCUSDT,2020-09-17,8.306666666666668e-06,-5.63e-06,2.957e-05,3,0.3333333333333333,0.4633
BTCUSDT,2020-09-18,6.657e-05,4.967e-05,9.425e-05,3,0.3333333333333333,0.44
BTCUSDT,2020-09-19,-9.426333333333334e-05,-0.0001155,-5.749e-05,3,0.4761904761904761,0.5329
BTCUSDT,2020-09-20,-8.099666666666666e-05,-0.00011198,-6.476e-05,3,0.6190476190476191,0.5562
BTCUSDT,2020-09-21,-3.192333333333333e-05,-0.00012071,0.0001,3,0.7142857142857143,0.5556
BTCUSDT,2020-09-22,0.0001,0.0001,0.0001,3,0.5714285714285714,0.4743
BTCUSDT,2020-09-23,-1.263e-05,-5.506e-05,4.321e-05,3,0.5238095238095238,0.5098
BTCUSDT,2020-09-24,3.9966666666666665e-05,1.182e-05,6.991e-05,3,0.4761904761904761,0.4793
BTCUSDT,2020-09-25,-3.559e-05,-0.00023219,0.0001,3,0.5238095238095238,0.519
BTCUSDT,2020-09-26,0.0001,0.0001,0.0001,3,0.3809523809523809,0.4362
BTCUSDT,2020-09-27,0.0001,0.0001,0.0001,3,0.238095238095238,0.4076
BTCUSDT,2020-09-28,0.0001,0.0001,0.0001,3,0.1428571428571428,0.3886
BTCUSDT,2020-09-29,0.0001,0.0001,0.0001,3,0.1428571428571428,0.3886
BTCUSDT,2020-09-30,0.0001,0.0001,0.0001,3,0.0476190476190476,0.3695
BTCUSDT,2020-10-01,9.137333333333331e-05,7.412e-05,0.0001,3,0.0476190476190476,0.373
BTCUSDT,2020-10-02,2.695e-05,-1.652e-05,0.0001,3,0.0952380952380952,0.4083
BTCUSDT,2020-10-03,9.916333333333336e-05,9.749e-05,0.0001,3,0.0952380952380952,0.3794
BTCUSDT,2020-10-04,7.129999999999999e-06,-2.144e-05,5.039e-05,3,0.1904761904761904,0.4352
BTCUSDT,2020-10-05,-6.478666666666667e-05,-9.143e-05,-3.381e-05,3,0.3333333333333333,0.4926
BTCUSDT,2020-10-06,-5.006666666666667e-06,-8.313e-05,6.937e-05,3,0.4285714285714285,0.4877
BTCUSDT,2020-10-07,4.02e-06,-8.58e-06,1.553e-05,3,0.4761904761904761,0.4936
BTCUSDT,2020-10-08,4.9323333333333336e-05,2.693e-05,8.856e-05,3,0.4761904761904761,0.4755
BTCUSDT,2020-10-09,8.709333333333334e-05,6.128e-05,0.0001,3,0.3809523809523809,0.4414
BTCUSDT,2020-10-10,0.0001,0.0001,0.0001,3,0.3809523809523809,0.4362
BTCUSDT,2020-10-11,0.0001,0.0001,0.0001,3,0.2857142857142857,0.4171
BTCUSDT,2020-10-12,0.0001,0.0001,0.0001,3,0.1428571428571428,0.3886
BTCUSDT,2020-10-13,0.0001,0.0001,0.0001,3,0.0476190476190476,0.3695
BTCUSDT,2020-10-14,0.0001,0.0001,0.0001,3,0.0,0.36
BTCUSDT,2020-10-15,0.0001,0.0001,0.0001,3,0.0,0.36
BTCUSDT,2020-10-16,0.0001,0.0001,0.0001,3,0.0,0.36
BTCUSDT,2020-10-17,0.0001,0.0001,0.0001,3,0.0,0.36
BTCUSDT,2020-10-18,0.0001,0.0001,0.0001,3,0.0,0.36
BTCUSDT,2020-10-19,0.0001,0.0001,0.0001,3,0.0,0.36
BTCUSDT,2020-10-20,7.914e-05,3.742e-05,0.0001,3,0.0,0.3683
BTCUSDT,2020-10-21,6.592666666666666e-05,2.291e-05,0.0001,3,0.0,0.3736
BTCUSDT,2020-10-22,0.0001,0.0001,0.0001,3,0.0,0.36
BTCUSDT,2020-10-23,0.0001,0.0001,0.0001,3,0.0,0.36
BTCUSDT,2020-10-24,0.0001,0.0001,0.0001,3,0.0,0.36
BTCUSDT,2020-10-25,0.0001,0.0001,0.0001,3,0.0,0.36
BTCUSDT,2020-10-26,0.0001,0.0001,0.0001,3,0.0,0.36
BTCUSDT,2020-10-27,8.467e-05,6.127e-05,0.0001,3,0.0,0.3661
BTCUSDT,2020-10-28,7.908333333333334e-05,3.725e-05,0.0001,3,0.0,0.3684
BTCUSDT,2020-10-29,-0.0001241566666666,-0.00026006,-3.189e-05,3,0.1428571428571428,0.4782
BTCUSDT,2020-10-30,-9.883333333333331e-05,-0.00015268,-9.68e-06,3,0.2857142857142857,0.4967
BTCUSDT,2020-10-31,-0.00010785,-0.00024694,9.204e-05,3,0.3809523809523809,0.5193
BTCUSDT,2020-11-01,-5.175e-05,-6.386e-05,-4.096e-05,3,0.5238095238095238,0.5255
BTCUSDT,2020-11-02,4.441e-05,-3.275e-05,8.717e-05,3,0.5714285714285714,0.4965
BTCUSDT,2020-11-03,-8.704e-05,-0.00017064,-4.67e-06,3,0.7142857142857143,0.5777
BTCUSDT,2020-11-04,-0.0001141833333333,-0.00023791,-2.648e-05,3,0.8571428571428571,0.6171
BTCUSDT,2020-11-05,0.0001,0.0001,0.0001,3,0.7142857142857143,0.5029
BTCUSDT,2020-11-06,0.00022535,0.0001,0.0003429,3,0.5714285714285714,0.4241
BTCUSDT,2020-11-07,0.0003291733333333,0.00024948,0.00037914,3,0.4761904761904761,0.3636
BTCUSDT,2020-11-08,0.0001,0.0001,0.0001,3,0.3333333333333333,0.4267
BTCUSDT,2020-11-09,0.0001,0.0001,0.0001,3,0.2857142857142857,0.4171
BTCUSDT,2020-11-10,0.0001,0.0001,0.0001,3,0.1428571428571428,0.3886
BTCUSDT,2020-11-11,0.0001,0.0001,0.0001,3,0.0,0.36
BTCUSDT,2020-11-12,0.0001,0.0001,0.0001,3,0.0,0.36
BTCUSDT,2020-11-13,0.0001,0.0001,0.0001,3,0.0,0.36
BTCUSDT,2020-11-14,8.092333333333333e-05,4.277e-05,0.0001,3,0.0,0.3676
BTCUSDT,2020-11-15,0.0001,0.0001,0.0001,3,0.0,0.36
BTCUSDT,2020-11-16,0.0001,0.0001,0.0001,3,0.0,0.36
BTCUSDT,2020-11-17,0.0001,0.0001,0.0001,3,0.0,0.36
BTCUSDT,2020-11-18,0.0003339866666666,0.00021138,0.00057572,3,0.0,0.2664
BTCUSDT,2020-11-19,0.00029074,0.0001,0.00052207,3,0.0,0.2837
BTCUSDT,2020-11-20,0.0003830466666666,0.0003665,0.00039647,3,0.0,0.2468
BTCUSDT,2020-11-21,0.0002647933333333,0.0001,0.00059438,3,0.0,0.2941
BTCUSDT,2020-11-22,0.0007796166666666,0.00066537,0.00086985,3,0.0,0.0882
BTCUSDT,2020-11-23,0.0009524966666666,0.00076207,0.00108391,3,0.0,0.019
BTCUSDT,2020-11-24,0.0006411433333333,0.00050801,0.00081176,3,0.0,0.1435
BTCUSDT,2020-11-25,0.0006586866666666,0.00038079,0.00084235,3,0.0,0.1365
BTCUSDT,2020-11-26,0.0002578,0.0001313,0.00035414,3,0.0,0.2969
BTCUSDT,2020-11-27,0.0001025766666666,0.0001,0.00010773,3,0.0,0.359
BTCUSDT,2020-11-28,0.0001,0.0001,0.0001,3,0.0,0.36
BTCUSDT,2020-11-29,0.0001,0.0001,0.0001,3,0.0,0.36
BTCUSDT,2020-11-30,0.0001649366666666,0.0001,0.00029481,3,0.0,0.334
BTCUSDT,2020-12-01,0.0003358733333333,0.00011546,0.00045929,3,0.0,0.2657
BTCUSDT,2020-12-02,0.0001,0.0001,0.0001,3,0.0,0.36
BTCUSDT,2020-12-03,0.0001515166666666,0.0001,0.00025455,3,0.0,0.3394
BTCUSDT,2020-12-04,0.00010901,0.0001,0.00012703,3,0.0,0.3564
BTCUSDT,2020-12-05,0.0001,0.0001,0.0001,3,0.0,0.36
BTCUSDT,2020-12-06,0.0001,0.0001,0.0001,3,0.0,0.36
BTCUSDT,2020-12-07,0.0001,0.0001,0.0001,3,0.0,0.36
BTCUSDT,2020-12-08,0.0001,0.0001,0.0001,3,0.0,0.36
BTCUSDT,2020-12-09,0.0001,0.0001,0.0001,3,0.0,0.36
BTCUSDT,2020-12-10,0.0001,0.0001,0.0001,3,0.0,0.36
BTCUSDT,2020-12-11,0.0001,0.0001,0.0001,3,0.0,0.36
BTCUSDT,2020-12-12,4.0596666666666664e-05,-2.135e-05,0.0001,3,0.0476190476190476,0.3933
BTCUSDT,2020-12-13,0.0001,0.0001,0.0001,3,0.0476190476190476,0.3695
BTCUSDT,2020-12-14,0.0001,0.0001,0.0001,3,0.0476190476190476,0.3695
BTCUSDT,2020-12-15,0.0001,0.0001,0.0001,3,0.0476190476190476,0.3695
BTCUSDT,2020-12-16,0.00022018,0.0001,0.00046054,3,0.0476190476190476,0.3215
BTCUSDT,2020-12-17,0.0002865766666666,0.0001,0.00054618,3,0.0476190476190476,0.2949
BTCUSDT,2020-12-18,0.0004237066666666,0.00028532,0.00053548,3,0.0476190476190476,0.24
BTCUSDT,2020-12-19,0.0003952533333333,0.0001,0.00070544,3,0.0,0.2419
BTCUSDT,2020-12-20,0.0005153666666666,0.00037486,0.00078228,3,0.0,0.1939
BTCUSDT,2020-12-21,0.0003192833333333,0.00023741,0.00041795,3,0.0,0.2723
BTCUSDT,2020-12-22,0.0001331866666666,0.0001,0.00019956,3,0.0,0.3467
BTCUSDT,2020-12-23,0.00010508,0.0001,0.0001131,3,0.0,0.358
BTCUSDT,2020-12-24,0.0001573866666666,0.0001,0.00027216,3,0.0,0.337
BTCUSDT,2020-12-25,0.0002114433333333,0.0001,0.00034905,3,0.0,0.3154
BTCUSDT,2020-12-26,0.0001232166666666,0.0001,0.00016965,3,0.0,0.3507
BTCUSDT,2020-12-27,0.0003885733333333,0.0001994,0.00071164,3,0.0,0.2446
BTCUSDT,2020-12-28,0.0005029133333333,0.00036133,0.00071278,3,0.0,0.1988
BTCUSDT,2020-12-29,0.00042179,0.00037693,0.0004893,3,0.0,0.2313
BTCUSDT,2020-12-30,0.0006289833333333,0.00048979,0.00076836,3,0.0,0.1484
BTCUSDT,2020-12-31,0.00050127,0.00036744,0.00060345,3,0.0,0.1995
BTCUSDT,2021-01-01,0.0002784866666666,0.00022753,0.00034457,3,0.0,0.2886
BTCUSDT,2021-01-02,0.0004854066666666,0.0001,0.00115471,3,0.0,0.2058
BTCUSDT,2021-01-03,0.0013126933333333,0.00114744,0.00155006,3,0.0,0.0
BTCUSDT,2021-01-04,0.0015224833333333,0.00056137,0.00236482,3,0.0,0.0
BTCUSDT,2021-01-05,0.00066136,0.00047166,0.00088338,3,0.0,0.1355
BTCUSDT,2021-01-06,0.0016215133333333,0.00127193,0.00210008,3,0.0,0.0
BTCUSDT,2021-01-07,0.0011430033333333,0.00099841,0.00142744,3,0.0,0.0
BTCUSDT,2021-01-08,0.0014581766666666,0.00092044,0.00213517,3,0.0,0.0
BTCUSDT,2021-01-09,0.0009227133333333,0.00062954,0.00146942,3,0.0,0.0309
BTCUSDT,2021-01-10,0.00106408,0.00052988,0.00145604,3,0.0,0.0
BTCUSDT,2021-01-11,0.0007382766666666,0.00053444,0.00086486,3,0.0,0.1047
BTCUSDT,2021-01-12,0.0004644199999999,0.00033526,0.00054945,3,0.0,0.2142
BTCUSDT,2021-01-13,0.0003596266666666,0.00014768,0.0007053,3,0.0,0.2561
BTCUSDT,2021-01-14,0.0007315366666666,0.00068503,0.00078331,3,0.0,0.1074
BTCUSDT,2021-01-15,0.0007943199999999,0.00055628,0.00118185,3,0.0,0.0823
BTCUSDT,2021-01-16,0.00037023,0.0001,0.00068496,3,0.0,0.2519
BTCUSDT,2021-01-17,0.0002446166666666,0.0001,0.00033109,3,0.0,0.3022
BTCUSDT,2021-01-18,0.0006941533333333,0.00049321,0.0010355,3,0.0,0.1223
BTCUSDT,2021-01-19,0.0012007566666666,0.0006167,0.00158467,3,0.0,0.0
BTCUSDT,2021-01-20,0.0004087566666666,0.00016482,0.00088178,3,0.0,0.2365
BTCUSDT,2021-01-21,0.0003900799999999,0.00026589,0.00048357,3,0.0,0.244
BTCUSDT,2021-01-22,0.0001,0.0001,0.0001,3,0.0,0.36
BTCUSDT,2021-01-23,0.0001072733333333,0.0001,0.00012182,3,0.0,0.3571
BTCUSDT,2021-01-24,0.0002191866666666,0.0001,0.00041388,3,0.0,0.3123
BTCUSDT,2021-01-25,0.00034889,0.0001,0.00052253,3,0.0,0.2604
BTCUSDT,2021-01-26,0.0001116866666666,0.0001,0.00013506,3,0.0,0.3553
BTCUSDT,2021-01-27,0.0001,0.0001,0.0001,3,0.0,0.36
BTCUSDT,2021-01-28,0.0001408733333333,0.0001,0.00022262,3,0.0,0.3437
BTCUSDT,2021-01-29,0.0008053066666666,0.0001,0.00166789,3,0.0,0.0779
BTCUSDT,2021-01-30,0.00041612,0.000332,0.00052428,3,0.0,0.2336
BTCUSDT,2021-01-31,0.0004843166666666,0.00044234,0.00054944,3,0.0,0.2063
BTCUSDT,2021-02-01,0.00039447,0.00013932,0.00066848,3,0.0,0.2422
BTCUSDT,2021-02-02,0.0006774866666666,0.00036787,0.00122181,3,0.0,0.129
BTCUSDT,2021-02-03,0.0007779633333333,0.00075287,0.00080805,3,0.0,0.0888
BTCUSDT,2021-02-04,0.00055095,0.00029063,0.00074286,3,0.0,0.1796
BTCUSDT,2021-02-05,0.0007687566666666,0.00056635,0.00099154,3,0.0,0.0925
BTCUSDT,2021-02-06,0.0006899333333333,0.00034782,0.00102371,3,0.0,0.124
BTCUSDT,2021-02-07,0.0010895766666666,0.00065121,0.00155546,3,0.0,0.0
BTCUSDT,2021-02-08,0.00122049,0.00057887,0.00248993,3,0.0,0.0
BTCUSDT,2021-02-09,0.00159619,0.00131125,0.00186573,3,0.0,0.0
BTCUSDT,2021-02-10,0.0013735333333333,0.00112397,0.0017535,3,0.0,0.0
BTCUSDT,2021-02-11,0.0011130733333333,0.00076742,0.0017411,3,0.0,0.0
BTCUSDT,2021-02-12,0.0011997833333333,0.00105533,0.00128772,3,0.0,0.0
BTCUSDT,2021-02-13,0.0011918466666666,0.00075946,0.00141609,3,0.0,0.0
BTCUSDT,2021-02-14,0.0012690733333333,0.00085048,0.00149489,3,0.0,0.0
BTCUSDT,2021-02-15,0.0007553666666666,0.00040617,0.0011786,3,0.0,0.0979
BTCUSDT,2021-02-16,0.0012165466666666,0.000996,0.00141818,3,0.0,0.0
BTCUSDT,2021-02-17,0.0011487133333333,0.00093436,0.00147112,3,0.0,0.0
BTCUSDT,2021-02-18,0.0013746466666666,0.00125842,0.00154303,3,0.0,0.0
BTCUSDT,2021-02-19,0.00101524,0.00084526,0.00128791,3,0.0,0.0
BTCUSDT,2021-02-20,0.0013177266666666,0.00116465,0.00156318,3,0.0,0.0
BTCUSDT,2021-02-21,0.0010839966666666,0.00099022,0.0012582,3,0.0,0.0
BTCUSDT,2021-02-22,0.00095565,0.00077864,0.00117049,3,0.0,0.0177
BTCUSDT,2021-02-23,0.00022616,0.00013281,0.0002962,3,0.0,0.3095
BTCUSDT,2021-02-24,0.0003302666666666,0.0001,0.00051791,3,0.0,0.2679
BTCUSDT,2021-02-25,0.0002333533333333,0.00017706,0.00034053,3,0.0,0.3067
BTCUSDT,2021-02-26,0.0001,0.0001,0.0001,3,0.0,0.36
BTCUSDT,2021-02-27,0.0002825733333333,0.00010038,0.0004457,3,0.0,0.287
BTCUSDT,2021-02-28,0.0001923533333333,0.0001,0.00037706,3,0.0,0.3231
BTCUSDT,2021-03-01,0.00012307,0.0001,0.00016921,3,0.0,0.3508
BTCUSDT,2021-03-02,0.0001,0.0001,0.0001,3,0.0,0.36
BTCUSDT,2021-03-03,0.0002169266666666,0.0001,0.00045078,3,0.0,0.3132
BTCUSDT,2021-03-04,0.0001,0.0001,0.0001,3,0.0,0.36
BTCUSDT,2021-03-05,0.0001,0.0001,0.0001,3,0.0,0.36
BTCUSDT,2021-03-06,0.0001,0.0001,0.0001,3,0.0,0.36
BTCUSDT,2021-03-07,0.0001253533333333,0.0001,0.00017606,3,0.0,0.3499
BTCUSDT,2021-03-08,0.00014919,0.0001,0.00024757,3,0.0,0.3403
BTCUSDT,2021-03-09,0.0005714433333333,0.00041976,0.00072419,3,0.0,0.1714
BTCUSDT,2021-03-10,0.0004328166666666,0.00024344,0.00056915,3,0.0,0.2269
BTCUSDT,2021-03-11,0.0009355833333333,0.00085439,0.00099305,3,0.0,0.0258
BTCUSDT,2021-03-12,0.0007344933333333,0.00051199,0.00102002,3,0.0,0.1062
BTCUSDT,2021-03-13,0.0005517166666666,0.00047834,0.00060567,3,0.0,0.1793
BTCUSDT,2021-03-14,0.0009383,0.00081828,0.00115069,3,0.0,0.0247
BTCUSDT,2021-03-15,0.0006766533333333,0.00015776,0.0010521,3,0.0,0.1293
BTCUSDT,2021-03-16,0.00033036,0.00022573,0.00040673,3,0.0,0.2679
BTCUSDT,2021-03-17,0.00026392,0.00019234,0.00035367,3,0.0,0.2944
BTCUSDT,2021-03-18,0.0003069033333333,0.00029259,0.00032547,3,0.0,0.2772
BTCUSDT,2021-03-19,0.00026051,0.00012887,0.0003326,3,0.0,0.2958
BTCUSDT,2021-03-20,0.00047556,0.00044452,0.0004928,3,0.0,0.2098
BTCUSDT,2021-03-21,0.0002791366666666,0.0001,0.00042375,3,0.0,0.2883
BTCUSDT,2021-03-22,0.0004881933333333,0.00045562,0.00051919,3,0.0,0.2047
BTCUSDT,2021-03-23,0.0003102466666666,0.0002421,0.00042245,3,0.0,0.2759
BTCUSDT,2021-03-24,0.0003214766666666,0.00016567,0.00053454,3,0.0,0.2714
BTCUSDT,2021-03-25,0.0001060933333333,0.0001,0.00011828,3,0.0,0.3576
BTCUSDT,2021-03-26,0.00012,0.0001,0.00016,3,0.0,0.352
BTCUSDT,2021-03-27,0.0001,0.0001,0.0001,3,0.0,0.36
BTCUSDT,2021-03-28,0.0001,0.0001,0.0001,3,0.0,0.36
BTCUSDT,2021-03-29,0.0001272366666666,0.0001,0.00018171,3,0.0,0.3491
BTCUSDT,2021-03-30,0.00047595,0.00027258,0.00083501,3,0.0,0.2096
BTCUSDT,2021-03-31,0.00070019,0.00058414,0.00080754,3,0.0,0.1199
BTCUSDT,2021-04-01,0.0008548533333333,0.00051932,0.00109277,3,0.0,0.0581
BTCUSDT,2021-04-02,0.00093083,0.00071058,0.00106221,3,0.0,0.0277
BTCUSDT,2021-04-03,0.0009080766666666,0.00063267,0.00107843,3,0.0,0.0368
BTCUSDT,2021-04-04,0.0004236866666666,0.00026521,0.0005209,3,0.0,0.2305
BTCUSDT,2021-04-05,0.0004002999999999,0.00037409,0.00043217,3,0.0,0.2399
BTCUSDT,2021-04-06,0.00079567,0.00057776,0.00097189,3,0.0,0.0817
BTCUSDT,2021-04-07,0.00055006,0.0005366,0.00057609,3,0.0,0.18
BTCUSDT,2021-04-08,0.0003065066666666,0.00024943,0.00040784,3,0.0,0.2774
BTCUSDT,2021-04-09,0.0002256566666666,0.00019611,0.00026301,3,0.0,0.3097
BTCUSDT,2021-04-10,0.0009374499999999,0.00012959,0.00148624,3,0.0,0.025
BTCUSDT,2021-04-11,0.0009738666666666,0.00086735,0.00105998,3,0.0,0.0105
BTCUSDT,2021-04-12,0.0009816466666666,0.00093793,0.00106358,3,0.0,0.0073
BTCUSDT,2021-04-13,0.0009889,0.00084072,0.0012267,3,0.0,0.0044
BTCUSDT,2021-04-14,0.00101287,0.00090508,0.00108567,3,0.0,0.0
BTCUSDT,2021-04-15,0.0008958033333333,0.00076335,0.00110324,3,0.0,0.0417
BTCUSDT,2021-04-16,0.0011506266666666,0.00109647,0.00120022,3,0.0,0.0
BTCUSDT,2021-04-17,0.00065495,0.00054007,0.00087572,3,0.0,0.138
BTCUSDT,2021-04-18,0.00050024,0.0001,0.00081624,3,0.0,0.1999
BTCUSDT,2021-04-19,0.0001,0.0001,0.0001,3,0.0,0.36
BTCUSDT,2021-04-20,0.0001,0.0001,0.0001,3,0.0,0.36
BTCUSDT,2021-04-21,0.0001,0.0001,0.0001,3,0.0,0.36
BTCUSDT,2021-04-22,0.0001,0.0001,0.0001,3,0.0,0.36
BTCUSDT,2021-04-23,0.0002253933333333,0.0001,0.00047618,3,0.0,0.3098
BTCUSDT,2021-04-24,0.00018144,0.0001,0.00027672,3,0.0,0.3274
BTCUSDT,2021-04-25,0.0002341933333333,0.0001,0.00038558,3,0.0,0.3063
BTCUSDT,2021-04-26,0.0001,0.0001,0.0001,3,0.0,0.36
BTCUSDT,2021-04-27,0.0001,0.0001,0.0001,3,0.0,0.36
BTCUSDT,2021-04-28,0.0001,0.0001,0.0001,3,0.0,0.36
BTCUSDT,2021-04-29,0.0001,0.0001,0.0001,3,0.0,0.36
BTCUSDT,2021-04-30,0.0001,0.0001,0.0001,3,0.0,0.36
BTCUSDT,2021-05-01,0.0001790166666666,0.0001,0.00032496,3,0.0,0.3284
BTCUSDT,2021-05-02,0.0003546233333333,0.00015819,0.00045285,3,0.0,0.2582
BTCUSDT,2021-05-03,0.00047936,0.00036188,0.00067307,3,0.0,0.2083
BTCUSDT,2021-05-04,0.0004319033333333,0.00012186,0.00066426,3,0.0,0.2272
BTCUSDT,2021-05-05,0.0003296433333333,0.00011734,0.00044701,3,0.0,0.2681
BTCUSDT,2021-05-06,0.0007653633333333,0.00059968,0.0009352,3,0.0,0.0939
BTCUSDT,2021-05-07,0.0003836733333333,0.00017144,0.00053313,3,0.0,0.2465
BTCUSDT,2021-05-08,0.0005069166666666,0.00046279,0.0005937,3,0.0,0.1972
BTCUSDT,2021-05-09,0.00052217,0.00043845,0.00063864,3,0.0,0.1911
BTCUSDT,2021-05-10,0.0007414733333333,0.00033531,0.00098653,3,0.0,0.1034
BTCUSDT,2021-05-11,0.0003868533333333,0.00025625,0.00050874,3,0.0,0.2453
BTCUSDT,2021-05-12,0.00030052,0.00016659,0.00039761,3,0.0,0.2798
BTCUSDT,2021-05-13,0.0001483366666666,0.0001,0.00022863,3,0.0,0.3407
BTCUSDT,2021-05-14,0.0003010933333333,0.00015069,0.0004004,3,0.0,0.2796
BTCUSDT,2021-05-15,0.0001342533333333,0.0001,0.00020153,3,0.0,0.3463
BTCUSDT,2021-05-16,0.00031042,0.00016682,0.00040248,3,0.0,0.2758
BTCUSDT,2021-05-17,0.0004442766666666,0.0001,0.00063989,3,0.0,0.2223
BTCUSDT,2021-05-18,0.0003039166666666,0.00014723,0.00054643,3,0.0,0.2784
BTCUSDT,2021-05-19,-0.00014628,-0.00089697,0.00035813,3,0.0476190476190476,0.468
BTCUSDT,2021-05-20,0.0001,0.0001,0.0001,3,0.0476190476190476,0.3695
BTCUSDT,2021-05-21,5.5150000000000006e-05,-1.001e-05,0.0001,3,0.0952380952380952,0.397
BTCUSDT,2021-05-22,-1.482666666666666e-05,-0.00024448,0.0001,3,0.1428571428571428,0.4345
BTCUSDT,2021-05-23,-4.58e-06,-5.011e-05,4.696e-05,3,0.238095238095238,0.4495
BTCUSDT,2021-05-24,-5.45e-05,-9.905e-05,2.089e-05,3,0.3333333333333333,0.4885
BTCUSDT,2021-05-25,0.0001,0.0001,0.0001,3,0.3333333333333333,0.4267
BTCUSDT,2021-05-26,0.0001,0.0001,0.0001,3,0.2857142857142857,0.4171
BTCUSDT,2021-05-27,0.0001,0.0001,0.0001,3,0.2857142857142857,0.4171
BTCUSDT,2021-05-28,0.0001,0.0001,0.0001,3,0.238095238095238,0.4076
BTCUSDT,2021-05-29,0.00010125,0.0001,0.00010375,3,0.1904761904761904,0.3976
BTCUSDT,2021-05-30,0.0001,0.0001,0.0001,3,0.0952380952380952,0.379
BTCUSDT,2021-05-31,0.0001,0.0001,0.0001,3,0.0,0.36
BTCUSDT,2021-06-01,0.0001,0.0001,0.0001,3,0.0,0.36
BTCUSDT,2021-06-02,0.0001,0.0001,0.0001,3,0.0,0.36
BTCUSDT,2021-06-03,0.0001,0.0001,0.0001,3,0.0,0.36
BTCUSDT,2021-06-04,0.00013522,0.0001,0.00020566,3,0.0,0.3459
BTCUSDT,2021-06-05,0.0001,0.0001,0.0001,3,0.0,0.36
BTCUSDT,2021-06-06,0.0001,0.0001,0.0001,3,0.0,0.36
BTCUSDT,2021-06-07,0.0001,0.0001,0.0001,3,0.0,0.36
BTCUSDT,2021-06-08,7.005000000000001e-05,1.015e-05,0.0001,3,0.0,0.372
BTCUSDT,2021-06-09,-3.4129999999999993e-05,-0.00014842,0.0001,3,0.0952380952380952,0.4327
BTCUSDT,2021-06-10,-2.55333333333333e-06,-0.00016793,0.0001,3,0.1428571428571428,0.4296
BTCUSDT,2021-06-11,5.796e-05,2.612e-05,0.0001,3,0.1428571428571428,0.4054
BTCUSDT,2021-06-12,4.68666666666667e-06,-7.78e-05,0.0001,3,0.238095238095238,0.4457
BTCUSDT,2021-06-13,1.9776666666666663e-05,-6.559e-05,9.64e-05,3,0.2857142857142857,0.4492
BTCUSDT,2021-06-14,5.618666666666667e-05,-3.144e-05,0.0001,3,0.3333333333333333,0.4442
BTCUSDT,2021-06-15,9.334e-05,8.002e-05,0.0001,3,0.3333333333333333,0.4293
BTCUSDT,2021-06-16,0.0001,0.0001,0.0001,3,0.238095238095238,0.4076
BTCUSDT,2021-06-17,0.0001,0.0001,0.0001,3,0.1904761904761904,0.3981
BTCUSDT,2021-06-18,5.229e-05,3.45e-06,0.0001,3,0.1904761904761904,0.4172
BTCUSDT,2021-06-19,-2.390333333333333e-05,-9.441e-05,7.475e-05,3,0.1904761904761904,0.4477
BTCUSDT,2021-06-20,5.2100000000000035e-06,-0.00018437,0.0001,3,0.1904761904761904,0.436
BTCUSDT,2021-06-21,-3.8236666666666666e-05,-0.00019854,0.0001,3,0.238095238095238,0.4629
BTCUSDT,2021-06-22,-4.9530000000000015e-05,-0.00032806,0.0001,3,0.2857142857142857,0.477
BTCUSDT,2021-06-23,-0.0001117366666666,-0.00019895,6.7e-07,3,0.3809523809523809,0.5209
BTCUSDT,2021-06-24,-5.549333333333333e-05,-0.00018863,0.0001,3,0.4761904761904761,0.5174
BTCUSDT,2021-06-25,7.457333333333334e-05,2.372e-05,0.0001,3,0.4761904761904761,0.4654
BTCUSDT,2021-06-26,-0.00011507,-0.00013121,-0.00010371,3,0.5238095238095238,0.5508
BTCUSDT,2021-06-27,-0.00034195,-0.00052905,-0.00023578,3,0.6190476190476191,0.6606
BTCUSDT,2021-06-28,3.4660000000000004e-05,-2.914e-05,0.0001,3,0.5714285714285714,0.5004
BTCUSDT,2021-06-29,7.409666666666667e-05,3.883e-05,0.0001,3,0.5238095238095238,0.4751
BTCUSDT,2021-06-30,0.0001,0.0001,0.0001,3,0.4285714285714285,0.4457
BTCUSDT,2021-07-01,0.0001,0.0001,0.0001,3,0.3333333333333333,0.4267
BTCUSDT,2021-07-02,2.0390000000000003e-05,-0.00012187,0.0001,3,0.3809523809523809,0.468
BTCUSDT,2021-07-03,-4.962e-05,-0.0001355,3.53e-05,3,0.3333333333333333,0.4865
BTCUSDT,2021-07-04,-2.5356666666666664e-05,-0.0001527,4.428e-05,3,0.238095238095238,0.4578
BTCUSDT,2021-07-05,3.186666666666667e-05,-0.0001044,0.0001,3,0.238095238095238,0.4349
BTCUSDT,2021-07-06,-6.678e-05,-0.0001114,-6.81e-06,3,0.3809523809523809,0.5029
BTCUSDT,2021-07-07,2.2126666666666663e-05,-0.00013362,0.0001,3,0.4285714285714285,0.4769
BTCUSDT,2021-07-08,-0.0001103366666666,-0.0002808,1.382e-05,3,0.5238095238095238,0.5489
BTCUSDT,2021-07-09,-0.00015698,-0.00018845,-0.00010885,3,0.6190476190476191,0.5866
BTCUSDT,2021-07-10,2.612666666666667e-05,-8.1e-07,7.847e-05,3,0.5714285714285714,0.5038
BTCUSDT,2021-07-11,4.804e-05,-3.373e-05,0.0001,3,0.5714285714285714,0.4951
BTCUSDT,2021-07-12,7.438e-05,3.463e-05,0.0001,3,0.5238095238095238,0.475
BTCUSDT,2021-07-13,6.684e-05,5.2e-07,0.0001,3,0.3809523809523809,0.4495
BTCUSDT,2021-07-14,-1.4533333333333308e-06,-0.00011753,0.0001,3,0.3809523809523809,0.4768
BTCUSDT,2021-07-15,2.2310000000000005e-05,-4.883e-05,0.0001,3,0.3333333333333333,0.4577
BTCUSDT,2021-07-16,-1.4503333333333332e-05,-0.00011529,6.105e-05,3,0.238095238095238,0.4534
BTCUSDT,2021-07-17,2.674e-05,-4.343e-05,0.0001,3,0.238095238095238,0.4369
BTCUSDT,2021-07-18,5.188666666666667e-05,-4.434e-05,0.0001,3,0.238095238095238,0.4269
BTCUSDT,2021-07-19,-1.8523333333333333e-05,-7.51e-05,3.183e-05,3,0.3333333333333333,0.4741
BTCUSDT,2021-07-20,-0.0001573166666666,-0.00018939,-0.00012569,3,0.4761904761904761,0.5582
BTCUSDT,2021-07-21,-0.0003144066666666,-0.00039139,-0.00022869,3,0.5714285714285714,0.64
BTCUSDT,2021-07-22,-4.508333333333333e-05,-0.00016261,1.374e-05,3,0.5714285714285714,0.5323
BTCUSDT,2021-07-23,-5.877e-05,-0.00016985,3.44e-06,3,0.6190476190476191,0.5473
BTCUSDT,2021-07-24,-0.0001040933333333,-0.00013379,-7.246e-05,3,0.7142857142857143,0.5845
BTCUSDT,2021-07-25,-0.0001753033333333,-0.00025685,-5.198e-05,3,0.8095238095238095,0.632
BTCUSDT,2021-07-26,-0.0001161366666666,-0.00054841,0.0001,3,0.7619047619047619,0.5988
BTCUSDT,2021-07-27,5.917333333333334e-05,-2.248e-05,0.0001,3,0.6666666666666666,0.5097
BTCUSDT,2021-07-28,5.987666666666667e-05,-2.037e-05,0.0001,3,0.5714285714285714,0.4903
BTCUSDT,2021-07-29,6.589666666666666e-05,1.493e-05,0.0001,3,0.5238095238095238,0.4784
BTCUSDT,2021-07-30,5.874333333333334e-05,-2.377e-05,0.0001,3,0.4761904761904761,0.4717
BTCUSDT,2021-07-31,0.0001,0.0001,0.0001,3,0.3333333333333333,0.4267
BTCUSDT,2021-08-01,0.0001,0.0001,0.0001,3,0.1904761904761904,0.3981
BTCUSDT,2021-08-02,0.0001,0.0001,0.0001,3,0.1428571428571428,0.3886
BTCUSDT,2021-08-03,0.0001,0.0001,0.0001,3,0.0952380952380952,0.379
BTCUSDT,2021-08-04,7.090666666666667e-05,1.272e-05,0.0001,3,0.0476190476190476,0.3812
BTCUSDT,2021-08-05,0.0001,0.0001,0.0001,3,0.0476190476190476,0.3695
BTCUSDT,2021-08-06,0.0001,0.0001,0.0001,3,0.0,0.36
BTCUSDT,2021-08-07,0.0001,0.0001,0.0001,3,0.0,0.36
BTCUSDT,2021-08-08,0.0001,0.0001,0.0001,3,0.0,0.36
BTCUSDT,2021-08-09,0.0001,0.0001,0.0001,3,0.0,0.36
BTCUSDT,2021-08-10,0.0001,0.0001,0.0001,3,0.0,0.36
BTCUSDT,2021-08-11,0.0001,0.0001,0.0001,3,0.0,0.36
BTCUSDT,2021-08-12,0.0001,0.0001,0.0001,3,0.0,0.36
BTCUSDT,2021-08-13,0.0001,0.0001,0.0001,3,0.0,0.36
BTCUSDT,2021-08-14,0.0001,0.0001,0.0001,3,0.0,0.36
BTCUSDT,2021-08-15,0.0001,0.0001,0.0001,3,0.0,0.36
BTCUSDT,2021-08-16,0.00011308,0.0001,0.00013924,3,0.0,0.3548
BTCUSDT,2021-08-17,0.0001,0.0001,0.0001,3,0.0,0.36
BTCUSDT,2021-08-18,0.0001,0.0001,0.0001,3,0.0,0.36
BTCUSDT,2021-08-19,0.0001,0.0001,0.0001,3,0.0,0.36
BTCUSDT,2021-08-20,0.0001192033333333,0.0001,0.00014278,3,0.0,0.3523
BTCUSDT,2021-08-21,0.00015569,0.0001,0.00020013,3,0.0,0.3377
BTCUSDT,2021-08-22,0.0001160433333333,0.0001,0.00014813,3,0.0,0.3536
BTCUSDT,2021-08-23,0.0002438766666666,0.0001,0.0003918,3,0.0,0.3024
BTCUSDT,2021-08-24,0.0002688266666666,0.0001,0.00041348,3,0.0,0.2925
BTCUSDT,2021-08-25,0.0001318933333333,0.0001,0.00019568,3,0.0,0.3472
BTCUSDT,2021-08-26,0.00013955,0.0001,0.00021865,3,0.0,0.3442
BTCUSDT,2021-08-27,0.0001,0.0001,0.0001,3,0.0,0.36
BTCUSDT,2021-08-28,0.0002179233333333,0.0001,0.0003224,3,0.0,0.3128
BTCUSDT,2021-08-29,0.0001,0.0001,0.0001,3,0.0,0.36
BTCUSDT,2021-08-30,0.0001418333333333,0.0001,0.0002255,3,0.0,0.3433
BTCUSDT,2021-08-31,0.0002910366666666,0.00023354,0.00036162,3,0.0,0.2836
BTCUSDT,2021-09-01,0.0003528033333333,0.00027256,0.00044618,3,0.0,0.2589
BTCUSDT,2021-09-02,0.0004887166666666,0.0004052,0.00057405,3,0.0,0.2045
BTCUSDT,2021-09-03,0.00035202,0.00024375,0.00047856,3,0.0,0.2592
BTCUSDT,2021-09-04,0.00024982,0.00011799,0.00043928,3,0.0,0.3001
BTCUSDT,2021-09-05,0.0001,0.0001,0.0001,3,0.0,0.36
BTCUSDT,2021-09-06,0.0001559433333333,0.0001,0.00026783,3,0.0,0.3376
BTCUSDT,2021-09-07,0.0001432566666666,0.0001,0.00022977,3,0.0,0.3427
BTCUSDT,2021-09-08,0.0001,0.0001,0.0001,3,0.0,0.36
BTCUSDT,2021-09-09,0.0001,0.0001,0.0001,3,0.0,0.36
BTCUSDT,2021-09-10,0.0001037166666666,0.0001,0.00011115,3,0.0,0.3585
BTCUSDT,2021-09-11,0.0001,0.0001,0.0001,3,0.0,0.36
BTCUSDT,2021-09-12,0.0001,0.0001,0.0001,3,0.0,0.36
BTCUSDT,2021-09-13,0.0001,0.0001,0.0001,3,0.0,0.36
BTCUSDT,2021-09-14,0.0001,0.0001,0.0001,3,0.0,0.36
BTCUSDT,2021-09-15,0.0001,0.0001,0.0001,3,0.0,0.36
BTCUSDT,2021-09-16,0.0001,0.0001,0.0001,3,0.0,0.36
BTCUSDT,2021-09-17,0.0001,0.0001,0.0001,3,0.0,0.36
BTCUSDT,2021-09-18,0.0001,0.0001,0.0001,3,0.0,0.36
BTCUSDT,2021-09-19,0.0001,0.0001,0.0001,3,0.0,0.36
BTCUSDT,2021-09-20,0.0001,0.0001,0.0001,3,0.0,0.36
BTCUSDT,2021-09-21,0.0001,0.0001,0.0001,3,0.0,0.36
BTCUSDT,2021-09-22,0.0001,0.0001,0.0001,3,0.0,0.36
BTCUSDT,2021-09-23,7.526333333333333e-05,4.744e-05,0.0001,3,0.0,0.3699
BTCUSDT,2021-09-24,-4.1379999999999993e-05,-8.536e-05,3.978e-05,3,0.0952380952380952,0.4356
BTCUSDT,2021-09-25,8.543e-05,5.629e-05,0.0001,3,0.0952380952380952,0.3849
BTCUSDT,2021-09-26,3.590333333333334e-05,-1.686e-05,0.0001,3,0.1428571428571428,0.4142
BTCUSDT,2021-09-27,0.0001,0.0001,0.0001,3,0.1428571428571428,0.3886
BTCUSDT,2021-09-28,5.207666666666666e-05,2.549e-05,9.756e-05,3,0.1428571428571428,0.4077
BTCUSDT,2021-09-29,4.622e-05,3.757e-05,5.661e-05,3,0.1428571428571428,0.4101
BTCUSDT,2021-09-30,9.745e-05,9.235e-05,0.0001,3,0.1428571428571428,0.3896
BTCUSDT,2021-10-01,3.1696666666666664e-05,-2.693e-05,0.0001,3,0.0952380952380952,0.4064
BTCUSDT,2021-10-02,4.911333333333333e-05,3.519e-05,5.938e-05,3,0.0952380952380952,0.3994
BTCUSDT,2021-10-03,0.0001,0.0001,0.0001,3,0.0476190476190476,0.3695
BTCUSDT,2021-10-04,0.0001,0.0001,0.0001,3,0.0476190476190476,0.3695
BTCUSDT,2021-10-05,2.578e-05,-2.427e-05,0.0001,3,0.0952380952380952,0.4087
BTCUSDT,2021-10-06,0.0001,0.0001,0.0001,3,0.0952380952380952,0.379
BTCUSDT,2021-10-07,0.0002394966666666,0.0001,0.00032669,3,0.0952380952380952,0.3232
BTCUSDT,2021-10-08,0.0002338366666666,0.00013417,0.00033379,3,0.0476190476190476,0.316
BTCUSDT,2021-10-09,0.0001190566666666,0.0001,0.00015717,3,0.0476190476190476,0.3619
BTCUSDT,2021-10-10,0.0001363533333333,0.0001,0.00020906,3,0.0476190476190476,0.355
BTCUSDT,2021-10-11,0.0001,0.0001,0.0001,3,0.0476190476190476,0.3695
BTCUSDT,2021-10-12,0.0001,0.0001,0.0001,3,0.0,0.36
BTCUSDT,2021-10-13,0.0001,0.0001,0.0001,3,0.0,0.36
BTCUSDT,2021-10-14,0.00016693,0.0001,0.00022797,3,0.0,0.3332
BTCUSDT,2021-10-15,0.00018895,0.0001,0.00036685,3,0.0,0.3244
BTCUSDT,2021-10-16,0.0003975433333333,0.00027876,0.00048084,3,0.0,0.241
BTCUSDT,2021-10-17,0.00038554,0.00031281,0.0004425,3,0.0,0.2458
BTCUSDT,2021-10-18,0.0002354733333333,0.0001,0.00038415,3,0.0,0.3058
BTCUSDT,2021-10-19,0.00011658,0.0001,0.00014974,3,0.0,0.3534
BTCUSDT,2021-10-20,0.0002774566666666,0.0001,0.00063237,3,0.0,0.289
BTCUSDT,2021-10-21,0.0006274466666666,0.00057124,0.00068927,3,0.0,0.149
BTCUSDT,2021-10-22,0.00030406,0.00024509,0.00033487,3,0.0,0.2784
BTCUSDT,2021-10-23,0.0001947566666666,0.00014854,0.00026183,3,0.0,0.3221
BTCUSDT,2021-10-24,0.0003347833333333,0.00030335,0.00037238,3,0.0,0.2661
BTCUSDT,2021-10-25,0.0002888866666666,0.00017861,0.00048777,3,0.0,0.2844
BTCUSDT,2021-10-26,0.0005254166666666,0.00040992,0.00060638,3,0.0,0.1898
BTCUSDT,2021-10-27,0.0002883366666666,0.00023017,0.00033175,3,0.0,0.2847
BTCUSDT,2021-10-28,0.0001311866666666,0.0001,0.00015574,3,0.0,0.3475
BTCUSDT,2021-10-29,0.0002186999999999,0.00017968,0.00024122,3,0.0,0.3125
BTCUSDT,2021-10-30,0.00026212,0.00016972,0.00038483,3,0.0,0.2952
BTCUSDT,2021-10-31,0.0003729233333333,0.00019088,0.00048915,3,0.0,0.2508
BTCUSDT,2021-11-01,0.0004026766666666,0.00031437,0.00056812,3,0.0,0.2389
BTCUSDT,2021-11-02,0.00032179,0.00015524,0.00047797,3,0.0,0.2713
BTCUSDT,2021-11-03,0.00052478,0.00031399,0.0008207,3,0.0,0.1901
BTCUSDT,2021-11-04,0.0004770166666666,0.00045987,0.0005075,3,0.0,0.2092
BTCUSDT,2021-11-05,0.0002603566666666,0.00018372,0.00041167,3,0.0,0.2959
BTCUSDT,2021-11-06,0.0004538933333333,0.00037687,0.00053155,3,0.0,0.2184
BTCUSDT,2021-11-07,0.0003031966666666,0.00017244,0.00037438,3,0.0,0.2787
BTCUSDT,2021-11-08,0.0004131633333333,0.00025861,0.00049328,3,0.0,0.2347
BTCUSDT,2021-11-09,0.00048591,0.00038683,0.00067839,3,0.0,0.2056
BTCUSDT,2021-11-10,0.0005447533333333,0.00037679,0.00068212,3,0.0,0.1821
BTCUSDT,2021-11-11,0.00018341,0.0001,0.00023211,3,0.0,0.3266
BTCUSDT,2021-11-12,0.0003013933333333,0.00018008,0.00036867,3,0.0,0.2794
BTCUSDT,2021-11-13,0.0002300533333333,0.00015442,0.00031732,3,0.0,0.308
BTCUSDT,2021-11-14,0.0001234033333333,0.0001,0.00013962,3,0.0,0.3506
BTCUSDT,2021-11-15,0.0002595333333333,0.00016126,0.00040989,3,0.0,0.2962
BTCUSDT,2021-11-16,0.0001866599999999,0.0001,0.00035998,3,0.0,0.3253
BTCUSDT,2021-11-17,0.0001105166666666,0.0001,0.00013155,3,0.0,0.3558
BTCUSDT,2021-11-18,0.0001041166666666,0.0001,0.00011235,3,0.0,0.3584
BTCUSDT,2021-11-19,0.0001,0.0001,0.0001,3,0.0,0.36
BTCUSDT,2021-11-20,0.0001,0.0001,0.0001,3,0.0,0.36
BTCUSDT,2021-11-21,0.0001,0.0001,0.0001,3,0.0,0.36
BTCUSDT,2021-11-22,0.0001,0.0001,0.0001,3,0.0,0.36
BTCUSDT,2021-11-23,0.0001096566666666,0.0001,0.00012897,3,0.0,0.3561
BTCUSDT,2021-11-24,0.0001067,0.0001,0.0001201,3,0.0,0.3573
BTCUSDT,2021-11-25,0.00014404,0.00011888,0.00016775,3,0.0,0.3424
BTCUSDT,2021-11-26,0.0001920133333333,0.0001,0.00033741,3,0.0,0.3232
BTCUSDT,2021-11-27,0.0001027466666666,0.0001,0.00010824,3,0.0,0.3589
BTCUSDT,2021-11-28,0.0001,0.0001,0.0001,3,0.0,0.36
BTCUSDT,2021-11-29,0.0001359133333333,0.0001,0.00020774,3,0.0,0.3456
BTCUSDT,2021-11-30,0.0001593666666666,0.0001,0.0002781,3,0.0,0.3363
BTCUSDT,2021-12-01,0.0001727833333333,0.0001,0.00029146,3,0.0,0.3309
BTCUSDT,2021-12-02,0.0001198366666666,0.0001,0.00015951,3,0.0,0.3521
BTCUSDT,2021-12-03,0.0001629466666666,0.0001,0.00027198,3,0.0,0.3348
BTCUSDT,2021-12-04,6.392666666666667e-05,2.893e-05,0.0001,3,0.0,0.3744
BTCUSDT,2021-12-05,9.091e-05,8.272e-05,0.0001,3,0.0,0.3636
BTCUSDT,2021-12-06,0.0001,0.0001,0.0001,3,0.0,0.36
BTCUSDT,2021-12-07,7.992333333333333e-05,3.977e-05,0.0001,3,0.0,0.368
BTCUSDT,2021-12-08,0.0001,0.0001,0.0001,3,0.0,0.36
BTCUSDT,2021-12-09,0.0001,0.0001,0.0001,3,0.0,0.36
BTCUSDT,2021-12-10,0.0001,0.0001,0.0001,3,0.0,0.36
BTCUSDT,2021-12-11,0.0001,0.0001,0.0001,3,0.0,0.36
BTCUSDT,2021-12-12,0.0001,0.0001,0.0001,3,0.0,0.36
BTCUSDT,2021-12-13,0.0001,0.0001,0.0001,3,0.0,0.36
BTCUSDT,2021-12-14,6.115000000000001e-05,-4.93e-06,0.0001,3,0.0476190476190476,0.3851
BTCUSDT,2021-12-15,0.0001,0.0001,0.0001,3,0.0476190476190476,0.3695
BTCUSDT,2021-12-16,0.0001,0.0001,0.0001,3,0.0476190476190476,0.3695
BTCUSDT,2021-12-17,8.226e-05,4.678e-05,0.0001,3,0.0476190476190476,0.3766
BTCUSDT,2021-12-18,8.913999999999999e-05,8.402e-05,9.221e-05,3,0.0476190476190476,0.3739
BTCUSDT,2021-12-19,9.026666666666667e-05,7.08e-05,0.0001,3,0.0476190476190476,0.3734
BTCUSDT,2021-12-20,0.0001,0.0001,0.0001,3,0.0476190476190476,0.3695
BTCUSDT,2021-12-21,9.728e-05,9.184e-05,0.0001,3,0.0,0.3611
BTCUSDT,2021-12-22,0.0001,0.0001,0.0001,3,0.0,0.36
BTCUSDT,2021-12-23,7.912666666666667e-05,4.018e-05,0.0001,3,0.0,0.3683
BTCUSDT,2021-12-24,0.0001,0.0001,0.0001,3,0.0,0.36
BTCUSDT,2021-12-25,0.0001,0.0001,0.0001,3,0.0,0.36
BTCUSDT,2021-12-26,0.0001,0.0001,0.0001,3,0.0,0.36
BTCUSDT,2021-12-27,0.0001,0.0001,0.0001,3,0.0,0.36
BTCUSDT,2021-12-28,0.0001,0.0001,0.0001,3,0.0,0.36
BTCUSDT,2021-12-29,0.0001,0.0001,0.0001,3,0.0,0.36
BTCUSDT,2021-12-30,0.0001,0.0001,0.0001,3,0.0,0.36
BTCUSDT,2021-12-31,5.6326666666666664e-05,-3.102e-05,0.0001,3,0.0476190476190476,0.387
BTCUSDT,2022-01-01,0.0001,0.0001,0.0001,3,0.0476190476190476,0.3695
BTCUSDT,2022-01-02,0.0001,0.0001,0.0001,3,0.0476190476190476,0.3695
BTCUSDT,2022-01-03,0.0001,0.0001,0.0001,3,0.0476190476190476,0.3695
BTCUSDT,2022-01-04,0.0001,0.0001,0.0001,3,0.0476190476190476,0.3695
BTCUSDT,2022-01-05,0.0001,0.0001,0.0001,3,0.0476190476190476,0.3695
BTCUSDT,2022-01-06,0.0001,0.0001,0.0001,3,0.0476190476190476,0.3695
BTCUSDT,2022-01-07,0.0001,0.0001,0.0001,3,0.0,0.36
BTCUSDT,2022-01-08,0.0001,0.0001,0.0001,3,0.0,0.36
BTCUSDT,2022-01-09,0.0001,0.0001,0.0001,3,0.0,0.36
BTCUSDT,2022-01-10,8.174e-05,4.522e-05,0.0001,3,0.0,0.3673
BTCUSDT,2022-01-11,9.131333333333336e-05,7.394e-05,0.0001,3,0.0,0.3635
BTCUSDT,2022-01-12,-1.6300000000000007e-06,-5.342e-05,9.625e-05,3,0.0952380952380952,0.4197
BTCUSDT,2022-01-13,-1.1956666666666669e-05,-7.506e-05,0.0001,3,0.1904761904761904,0.4429
BTCUSDT,2022-01-14,-5.0776666666666664e-05,-9.17e-05,5.92e-06,3,0.2857142857142857,0.4775
BTCUSDT,2022-01-15,4.9810000000000006e-05,2.282e-05,0.0001,3,0.2857142857142857,0.4372
BTCUSDT,2022-01-16,3.453333333333333e-05,-2.33e-05,9.07e-05,3,0.3333333333333333,0.4529
BTCUSDT,2022-01-17,6.132666666666667e-05,1.751e-05,0.0001,3,0.3333333333333333,0.4421
BTCUSDT,2022-01-18,9.999333333333336e-05,9.998e-05,0.0001,3,0.3333333333333333,0.4267
BTCUSDT,2022-01-19,8.324333333333332e-05,4.973e-05,0.0001,3,0.238095238095238,0.4143
BTCUSDT,2022-01-20,0.0001,0.0001,0.0001,3,0.1428571428571428,0.3886
BTCUSDT,2022-01-21,7.583e-05,4.523e-05,0.0001,3,0.0476190476190476,0.3792
BTCUSDT,2022-01-22,4.357e-05,-1.051e-05,0.0001,3,0.0952380952380952,0.4016
BTCUSDT,2022-01-23,2.3903333333333335e-05,-1.573e-05,0.0001,3,0.1428571428571428,0.419
BTCUSDT,2022-01-24,4.6979999999999994e-05,3.48e-05,5.605e-05,3,0.1428571428571428,0.4098
BTCUSDT,2022-01-25,2.706e-05,-0.00010008,0.0001,3,0.1904761904761904,0.4273
BTCUSDT,2022-01-26,-1.7863333333333332e-05,-4.13e-05,6.76e-06,3,0.2857142857142857,0.4643
BTCUSDT,2022-01-27,-7.536333333333334e-05,-0.00010186,-4.869e-05,3,0.4285714285714285,0.5159
BTCUSDT,2022-01-28,3.184e-05,-4.93e-06,7.165e-05,3,0.4761904761904761,0.4825
BTCUSDT,2022-01-29,3.7233333333333334e-06,-3.029e-05,5.239e-05,3,0.5238095238095238,0.5033
BTCUSDT,2022-01-30,8.392000000000001e-05,6.05e-05,0.0001,3,0.4285714285714285,0.4521
BTCUSDT,2022-01-31,-1.363333333333333e-05,-7.369e-05,8.927e-05,3,0.5238095238095238,0.5102
BTCUSDT,2022-02-01,-1.3809999999999998e-05,-6.256e-05,6.113e-05,3,0.5714285714285714,0.5198
BTCUSDT,2022-02-02,3.216e-05,-2.905e-05,0.0001,3,0.5238095238095238,0.4919
BTCUSDT,2022-02-03,-2.693666666666667e-05,-7.716e-05,1.168e-05,3,0.4761904761904761,0.506
BTCUSDT,2022-02-04,9.636666666666669e-06,-8.571e-05,0.0001,3,0.4761904761904761,0.4914
BTCUSDT,2022-02-05,9.152333333333336e-05,7.457e-05,0.0001,3,0.3809523809523809,0.4396
BTCUSDT,2022-02-06,0.0001,0.0001,0.0001,3,0.3809523809523809,0.4362
BTCUSDT,2022-02-07,-9.586666666666667e-06,-9.617e-05,5.264e-05,3,0.3333333333333333,0.4705
BTCUSDT,2022-02-08,0.0001,0.0001,0.0001,3,0.238095238095238,0.4076
BTCUSDT,2022-02-09,6.387333333333332e-05,5.12e-05,8.216e-05,3,0.1904761904761904,0.4125
BTCUSDT,2022-02-10,6.067000000000001e-05,-1.799e-05,0.0001,3,0.1428571428571428,0.4043
BTCUSDT,2022-02-11,-2.9953333333333337e-05,-7.643e-05,3.895e-05,3,0.1904761904761904,0.4501
BTCUSDT,2022-02-12,0.0001,0.0001,0.0001,3,0.1904761904761904,0.3981
BTCUSDT,2022-02-13,7.599333333333332e-05,6.814e-05,8.047e-05,3,0.1904761904761904,0.4077
BTCUSDT,2022-02-14,6.343e-05,2.867e-05,9.717e-05,3,0.1428571428571428,0.4032
BTCUSDT,2022-02-15,2.5673333333333337e-05,-7.76e-05,0.0001,3,0.1904761904761904,0.4278
BTCUSDT,2022-02-16,0.0001,0.0001,0.0001,3,0.1904761904761904,0.3981
BTCUSDT,2022-02-17,0.0001,0.0001,0.0001,3,0.1428571428571428,0.3886
BTCUSDT,2022-02-18,-1.4323333333333334e-05,-2.923e-05,-4.38e-06,3,0.1904761904761904,0.4438
BTCUSDT,2022-02-19,6.223666666666667e-05,9.61e-06,0.0001,3,0.1904761904761904,0.4132
BTCUSDT,2022-02-20,6.956666666666665e-06,-7.517e-05,6.581e-05,3,0.238095238095238,0.4448
BTCUSDT,2022-02-21,-4.903333333333335e-06,-4.498e-05,6.5e-05,3,0.3333333333333333,0.4686
BTCUSDT,2022-02-22,-1.9883333333333333e-05,-5.357e-05,2.477e-05,3,0.3809523809523809,0.4841
BTCUSDT,2022-02-23,-6.186000000000001e-05,-0.00012603,-2.623e-05,3,0.5238095238095238,0.5295
BTCUSDT,2022-02-24,-6.26e-05,-0.00016045,6.475e-05,3,0.6190476190476191,0.5488
BTCUSDT,2022-02-25,5.739333333333333e-05,9.98e-06,0.0001,3,0.4761904761904761,0.4723
BTCUSDT,2022-02-26,8.982e-05,7.614e-05,0.0001,3,0.4761904761904761,0.4593
BTCUSDT,2022-02-27,2.2496666666666664e-05,-6.28e-06,5.574e-05,3,0.4761904761904761,0.4862
BTCUSDT,2022-02-28,-0.0001184633333333,-0.00021167,-5.386e-05,3,0.5238095238095238,0.5521
BTCUSDT,2022-03-01,8.123e-05,4.369e-05,0.0001,3,0.4285714285714285,0.4532
BTCUSDT,2022-03-02,6.497666666666666e-05,-5.07e-06,0.0001,3,0.3333333333333333,0.4407
BTCUSDT,2022-03-03,0.0001,0.0001,0.0001,3,0.238095238095238,0.4076
BTCUSDT,2022-03-04,0.0001,0.0001,0.0001,3,0.238095238095238,0.4076
BTCUSDT,2022-03-05,7.218666666666667e-05,1.656e-05,0.0001,3,0.238095238095238,0.4187
BTCUSDT,2022-03-06,1.704e-05,-9.6e-06,4.115e-05,3,0.238095238095238,0.4408
BTCUSDT,2022-03-07,-3.9473333333333334e-05,-8.983e-05,3.18e-06,3,0.1904761904761904,0.4539
BTCUSDT,2022-03-08,7.792666666666667e-05,3.378e-05,0.0001,3,0.1904761904761904,0.4069
BTCUSDT,2022-03-09,8.925333333333334e-05,6.776e-05,0.0001,3,0.1428571428571428,0.3929
BTCUSDT,2022-03-10,3.120333333333333e-05,-8.919e-05,0.0001,3,0.1904761904761904,0.4256
BTCUSDT,2022-03-11,-4.424e-05,-9.808e-05,4.301e-05,3,0.2857142857142857,0.4748
BTCUSDT,2022-03-12,-2.3466666666666657e-06,-3.565e-05,3.168e-05,3,0.3809523809523809,0.4771
BTCUSDT,2022-03-13,-3.661e-05,-5.855e-05,6.13e-06,3,0.4285714285714285,0.5004
BTCUSDT,2022-03-14,-4e-05,-8.009e-05,2.708e-05,3,0.4285714285714285,0.5017
BTCUSDT,2022-03-15,6.421e-05,4.476e-05,9.061e-05,3,0.4285714285714285,0.46
BTCUSDT,2022-03-16,8.623666666666666e-05,5.871e-05,0.0001,3,0.4285714285714285,0.4512
BTCUSDT,2022-03-17,0.0001,0.0001,0.0001,3,0.3809523809523809,0.4362
BTCUSDT,2022-03-18,7.220666666666666e-05,1.662e-05,0.0001,3,0.2857142857142857,0.4283
BTCUSDT,2022-03-19,0.0001,0.0001,0.0001,3,0.1904761904761904,0.3981
BTCUSDT,2022-03-20,0.0001,0.0001,0.0001,3,0.0952380952380952,0.379
BTCUSDT,2022-03-21,2.9843333333333336e-05,-9.54e-06,0.0001,3,0.0952380952380952,0.4071
BTCUSDT,2022-03-22,0.0001,0.0001,0.0001,3,0.0952380952380952,0.379
BTCUSDT,2022-03-23,9.004666666666667e-05,7.014e-05,0.0001,3,0.0952380952380952,0.383
BTCUSDT,2022-03-24,5.19e-06,-9.07e-06,1.664e-05,3,0.1428571428571428,0.4265
BTCUSDT,2022-03-25,5.143000000000001e-05,6.7e-06,9.286e-05,3,0.1428571428571428,0.408
BTCUSDT,2022-03-26,4.209333333333333e-05,-7.111e-05,0.0001,3,0.1904761904761904,0.4213
BTCUSDT,2022-03-27,1.0176666666666669e-05,-8.253e-05,0.0001,3,0.238095238095238,0.4435
BTCUSDT,2022-03-28,0.0001,0.0001,0.0001,3,0.1428571428571428,0.3886
BTCUSDT,2022-03-29,9.864666666666669e-05,9.594e-05,0.0001,3,0.1428571428571428,0.3891
BTCUSDT,2022-03-30,0.0001,0.0001,0.0001,3,0.1428571428571428,0.3886
BTCUSDT,2022-03-31,0.0001,0.0001,0.0001,3,0.0952380952380952,0.379
BTCUSDT,2022-04-01,8.939666666666668e-05,7.626e-05,0.0001,3,0.0952380952380952,0.3833
BTCUSDT,2022-04-02,0.0001,0.0001,0.0001,3,0.0476190476190476,0.3695
BTCUSDT,2022-04-03,0.0001,0.0001,0.0001,3,0.0,0.36
BTCUSDT,2022-04-04,0.0001,0.0001,0.0001,3,0.0,0.36
BTCUSDT,2022-04-05,0.0001,0.0001,0.0001,3,0.0,0.36
BTCUSDT,2022-04-06,9.966e-05,9.898e-05,0.0001,3,0.0,0.3601
BTCUSDT,2022-04-07,7.473666666666668e-05,2.421e-05,0.0001,3,0.0,0.3701
BTCUSDT,2022-04-08,8.102000000000001e-05,4.306e-05,0.0001,3,0.0,0.3676
BTCUSDT,2022-04-09,9.759666666666667e-05,9.279e-05,0.0001,3,0.0,0.361
BTCUSDT,2022-04-10,6.317333333333333e-05,2.721e-05,0.0001,3,0.0,0.3747
BTCUSDT,2022-04-11,6.747666666666667e-05,2.43e-06,0.0001,3,0.0,0.373
BTCUSDT,2022-04-12,-7.936e-05,-0.00010012,-6.795e-05,3,0.1428571428571428,0.4603
BTCUSDT,2022-04-13,-8.08e-06,-1.692e-05,7.53e-06,3,0.238095238095238,0.4509
BTCUSDT,2022-04-14,4.324666666666666e-05,3.533e-05,5.018e-05,3,0.238095238095238,0.4303
BTCUSDT,2022-04-15,-4.113666666666667e-05,-0.00013233,7.697e-05,3,0.3333333333333333,0.4831
BTCUSDT,2022-04-16,4.532333333333334e-05,2.197e-05,6.201e-05,3,0.3333333333333333,0.4485
BTCUSDT,2022-04-17,6.852666666666667e-05,7.2e-06,0.0001,3,0.3333333333333333,0.4393
BTCUSDT,2022-04-18,-8.621333333333333e-05,-0.00017197,-3.231e-05,3,0.4761904761904761,0.5297
BTCUSDT,2022-04-19,3.741e-05,-5.028e-05,0.0001,3,0.3809523809523809,0.4612
BTCUSDT,2022-04-20,7.569e-05,3.714e-05,9.543e-05,3,0.2857142857142857,0.4269
BTCUSDT,2022-04-21,9.699999999999992e-07,-5.245e-05,5.359e-05,3,0.3333333333333333,0.4663
BTCUSDT,2022-04-22,-4.7909999999999994e-05,-0.00016984,3.026e-05,3,0.3333333333333333,0.4858
BTCUSDT,2022-04-23,-9.489333333333334e-05,-0.00011883,-7.562e-05,3,0.4761904761904761,0.5332
BTCUSDT,2022-04-24,-0.00012401,-0.00018273,-3.654e-05,3,0.6190476190476191,0.5734
BTCUSDT,2022-04-25,-3.176333333333333e-05,-8.908e-05,7.223e-05,3,0.5714285714285714,0.527
BTCUSDT,2022-04-26,0.0001,0.0001,0.0001,3,0.5238095238095238,0.4648
BTCUSDT,2022-04-27,-7.235333333333334e-05,-0.0001264,1.968e-05,3,0.6190476190476191,0.5528
BTCUSDT,2022-04-28,-4.199999999999998e-06,-5.716e-05,0.0001,3,0.6666666666666666,0.535
BTCUSDT,2022-04-29,7.542666666666667e-05,2.628e-05,0.0001,3,0.5714285714285714,0.4841
BTCUSDT,2022-04-30,3.6366666666666673e-06,-9.371e-05,5.926e-05,3,0.4761904761904761,0.4938
BTCUSDT,2022-05-01,4.166e-05,9.5e-07,0.0001,3,0.3333333333333333,0.45
BTCUSDT,2022-05-02,9.666666666666668e-05,9e-05,0.0001,3,0.238095238095238,0.409
BTCUSDT,2022-05-03,0.0001,0.0001,0.0001,3,0.238095238095238,0.4076
BTCUSDT,2022-05-04,7.501333333333334e-05,2.504e-05,0.0001,3,0.1428571428571428,0.3986
BTCUSDT,2022-05-05,0.0001,0.0001,0.0001,3,0.0476190476190476,0.3695
BTCUSDT,2022-05-06,-4.999e-05,-0.0001346,4.197e-05,3,0.1428571428571428,0.4486
BTCUSDT,2022-05-07,4.793333333333334e-06,-5.273e-05,5.998e-05,3,0.1428571428571428,0.4267
BTCUSDT,2022-05-08,5.7803333333333336e-05,-2.659e-05,0.0001,3,0.1904761904761904,0.415
BTCUSDT,2022-05-09,0.0001,0.0001,0.0001,3,0.1904761904761904,0.3981
BTCUSDT,2022-05-10,0.0001,0.0001,0.0001,3,0.1904761904761904,0.3981
BTCUSDT,2022-05-11,3.669e-05,-3.512e-05,7.58e-05,3,0.238095238095238,0.4329
BTCUSDT,2022-05-12,-0.0002514866666666,-0.00041995,-0.00014678,3,0.3809523809523809,0.5768
BTCUSDT,2022-05-13,-5.623333333333333e-06,-7.127e-05,6.045e-05,3,0.3809523809523809,0.4784
BTCUSDT,2022-05-14,0.0001,0.0001,0.0001,3,0.3333333333333333,0.4267
BTCUSDT,2022-05-15,9.114333333333334e-05,8.29e-05,0.0001,3,0.2857142857142857,0.4207
BTCUSDT,2022-05-16,7.941e-05,4.94e-05,0.0001,3,0.2857142857142857,0.4254
BTCUSDT,2022-05-17,4.665e-05,-7.1e-06,0.0001,3,0.3333333333333333,0.448
BTCUSDT,2022-05-18,-3.2720000000000005e-05,-6.956e-05,2.893e-05,3,0.3809523809523809,0.4893
BTCUSDT,2022-05-19,4.249333333333333e-05,-3.41e-06,7.465e-05,3,0.2857142857142857,0.4401
BTCUSDT,2022-05-20,0.0001,0.0001,0.0001,3,0.1904761904761904,0.3981
BTCUSDT,2022-05-21,6.699999999999998e-07,-2.146e-05,2.549e-05,3,0.2857142857142857,0.4569
BTCUSDT,2022-05-22,3.1156666666666666e-05,-3.063e-05,0.0001,3,0.3333333333333333,0.4542
BTCUSDT,2022-05-23,0.0001,0.0001,0.0001,3,0.3333333333333333,0.4267
BTCUSDT,2022-05-24,-3.385333333333333e-05,-0.00012372,2.892e-05,3,0.3809523809523809,0.4897
BTCUSDT,2022-05-25,7.893e-05,3.679e-05,0.0001,3,0.2857142857142857,0.4256
BTCUSDT,2022-05-26,6.079e-05,7.21e-06,0.0001,3,0.238095238095238,0.4233
BTCUSDT,2022-05-27,0.0001,0.0001,0.0001,3,0.238095238095238,0.4076
BTCUSDT,2022-05-28,9.570666666666668e-05,8.712e-05,0.0001,3,0.1428571428571428,0.3903
BTCUSDT,2022-05-29,0.0001,0.0001,0.0001,3,0.0952380952380952,0.379
BTCUSDT,2022-05-30,0.0001,0.0001,0.0001,3,0.0952380952380952,0.379
BTCUSDT,2022-05-31,0.0001,0.0001,0.0001,3,0.0,0.36
BTCUSDT,2022-06-01,0.0001,0.0001,0.0001,3,0.0,0.36
BTCUSDT,2022-06-02,9.733333333333334e-06,-1.452e-05,2.265e-05,3,0.0476190476190476,0.4056
BTCUSDT,2022-06-03,7.009999999999998e-06,-3.378e-05,6.937e-05,3,0.1428571428571428,0.4258
BTCUSDT,2022-06-04,3.523666666666666e-05,2.7e-06,5.506e-05,3,0.1428571428571428,0.4145
BTCUSDT,2022-06-05,3.979666666666667e-05,2.828e-05,4.753e-05,3,0.1428571428571428,0.4127
BTCUSDT,2022-06-06,8.564e-05,6.036e-05,0.0001,3,0.1428571428571428,0.3943
BTCUSDT,2022-06-07,-1.3129999999999998e-05,-0.00010234,0.0001,3,0.238095238095238,0.4529
BTCUSDT,2022-06-08,0.0001,0.0001,0.0001,3,0.238095238095238,0.4076
BTCUSDT,2022-06-09,9.702e-05,9.106e-05,0.0001,3,0.1904761904761904,0.3993
BTCUSDT,2022-06-10,7.597333333333333e-05,3.503e-05,0.0001,3,0.0952380952380952,0.3887
BTCUSDT,2022-06-11,2.9156666666666668e-05,3.79e-06,6.606e-05,3,0.0952380952380952,0.4074
BTCUSDT,2022-06-12,3.6673333333333333e-05,4.39e-06,0.0001,3,0.0952380952380952,0.4044
BTCUSDT,2022-06-13,6.180000000000001e-06,-3.182e-05,5.616e-05,3,0.1904761904761904,0.4356
BTCUSDT,2022-06-14,-3.711666666666666e-05,-0.00010037,4.088e-05,3,0.1904761904761904,0.4529
BTCUSDT,2022-06-15,-3.3276666666666666e-05,-7.24e-05,-6.66e-06,3,0.3333333333333333,0.48
BTCUSDT,2022-06-16,-1.6386666666666667e-05,-5.277e-05,4.475e-05,3,0.4285714285714285,0.4923
BTCUSDT,2022-06-17,-2.2053333333333335e-05,-9.486e-05,5.092e-05,3,0.5238095238095238,0.5136
BTCUSDT,2022-06-18,5.7193333333333333e-05,4.575e-05,7.356e-05,3,0.5238095238095238,0.4819
BTCUSDT,2022-06-19,2.3076666666666665e-05,-4.559e-05,7.239e-05,3,0.5714285714285714,0.5051
BTCUSDT,2022-06-20,2.1376666666666665e-05,-5.4e-06,6.08e-05,3,0.5238095238095238,0.4962
BTCUSDT,2022-06-21,5.665e-05,2.028e-05,0.0001,3,0.4285714285714285,0.4631
BTCUSDT,2022-06-22,-1.4813333333333334e-05,-2.982e-05,1.78e-06,3,0.3809523809523809,0.4821
BTCUSDT,2022-06-23,-1.7016666666666666e-05,-2.656e-05,-8.72e-06,3,0.4285714285714285,0.4925
BTCUSDT,2022-06-24,8.668666666666667e-05,6.006e-05,0.0001,3,0.3333333333333333,0.432
BTCUSDT,2022-06-25,7.540333333333334e-05,2.621e-05,0.0001,3,0.3333333333333333,0.4365
BTCUSDT,2022-06-26,6.889666666666667e-05,6.69e-06,0.0001,3,0.2857142857142857,0.4296
BTCUSDT,2022-06-27,5.8183333333333336e-05,3.533e-05,7.82e-05,3,0.238095238095238,0.4243
BTCUSDT,2022-06-28,-1.921333333333333e-05,-5.613e-05,2.435e-05,3,0.3333333333333333,0.4744
BTCUSDT,2022-06-29,5.947333333333333e-05,4.188e-05,8.335e-05,3,0.238095238095238,0.4238
BTCUSDT,2022-06-30,-6.904666666666666e-05,-0.00015879,3.24e-06,3,0.1904761904761904,0.4657
BTCUSDT,2022-07-01,-4.5803333333333336e-05,-8.786e-05,3.106e-05,3,0.2857142857142857,0.4755
BTCUSDT,2022-07-02,1.475e-05,-2.913e-05,5.218e-05,3,0.3333333333333333,0.4608
BTCUSDT,2022-07-03,5.2e-05,3.57e-05,7.251e-05,3,0.3333333333333333,0.4459
BTCUSDT,2022-07-04,4.89e-05,2.248e-05,7.792e-05,3,0.3333333333333333,0.4471
BTCUSDT,2022-07-05,5.137e-05,1.2e-06,0.0001,3,0.238095238095238,0.4271
BTCUSDT,2022-07-06,9.457666666666668e-05,8.373e-05,0.0001,3,0.238095238095238,0.4098
BTCUSDT,2022-07-07,8.424666666666666e-05,5.274e-05,0.0001,3,0.1428571428571428,0.3949
BTCUSDT,2022-07-08,6.737333333333334e-05,2.12e-06,0.0001,3,0.0476190476190476,0.3826
BTCUSDT,2022-07-09,8.714333333333334e-05,6.143e-05,0.0001,3,0.0,0.3651
BTCUSDT,2022-07-10,9.987333333333332e-05,9.962e-05,0.0001,3,0.0,0.3601
BTCUSDT,2022-07-11,6.759666666666666e-05,4.543e-05,8.5e-05,3,0.0,0.373
BTCUSDT,2022-07-12,5.7010000000000005e-05,2.667e-05,8.003e-05,3,0.0,0.3772
BTCUSDT,2022-07-13,-6.016666666666666e-06,-1.218e-05,6.17e-06,3,0.0952380952380952,0.4215
BTCUSDT,2022-07-14,4.5026666666666674e-05,5.7e-07,0.0001,3,0.0952380952380952,0.401
BTCUSDT,2022-07-15,4.086333333333333e-05,1.401e-05,9.257e-05,3,0.0952380952380952,0.4027
BTCUSDT,2022-07-16,4.950333333333333e-05,8e-06,7.996e-05,3,0.0952380952380952,0.3992
BTCUSDT,2022-07-17,8.915666666666667e-05,8.038e-05,0.0001,3,0.0952380952380952,0.3834
BTCUSDT,2022-07-18,0.0001,0.0001,0.0001,3,0.0952380952380952,0.379
BTCUSDT,2022-07-19,0.0001,0.0001,0.0001,3,0.0952380952380952,0.379
BTCUSDT,2022-07-20,9.372666666666669e-05,8.118e-05,0.0001,3,0.0,0.3625
BTCUSDT,2022-07-21,0.0001,0.0001,0.0001,3,0.0,0.36
BTCUSDT,2022-07-22,8.390666666666666e-05,5.172e-05,0.0001,3,0.0,0.3664
BTCUSDT,2022-07-23,6.688e-05,1.021e-05,0.0001,3,0.0,0.3732
BTCUSDT,2022-07-24,7.354333333333333e-05,3.77e-05,0.0001,3,0.0,0.3706
BTCUSDT,2022-07-25,4.519e-05,1.238e-05,0.0001,3,0.0,0.3819
BTCUSDT,2022-07-26,7.437666666666666e-05,3.654e-05,0.0001,3,0.0,0.3702
BTCUSDT,2022-07-27,4.209e-05,2.951e-05,5.085e-05,3,0.0,0.3832
BTCUSDT,2022-07-28,9.743e-05,9.229e-05,0.0001,3,0.0,0.361
BTCUSDT,2022-07-29,0.0001,0.0001,0.0001,3,0.0,0.36
BTCUSDT,2022-07-30,0.0001,0.0001,0.0001,3,0.0,0.36
BTCUSDT,2022-07-31,8.760333333333334e-05,6.281e-05,0.0001,3,0.0,0.365
BTCUSDT,2022-08-01,8.816333333333335e-05,6.449e-05,0.0001,3,0.0,0.3647
BTCUSDT,2022-08-02,8.539333333333333e-05,5.885e-05,0.0001,3,0.0,0.3658
BTCUSDT,2022-08-03,2.5e-06,-3.96e-05,4.382e-05,3,0.0476190476190476,0.4085
BTCUSDT,2022-08-04,1.0076666666666666e-05,-1.91e-06,1.778e-05,3,0.0952380952380952,0.415
BTCUSDT,2022-08-05,3.527e-05,1.692e-05,6.774e-05,3,0.0952380952380952,0.4049
BTCUSDT,2022-08-06,8.492333333333335e-05,6.888e-05,0.0001,3,0.0952380952380952,0.3851
BTCUSDT,2022-08-07,3.888e-05,-7.37e-06,0.0001,3,0.1428571428571428,0.413
BTCUSDT,2022-08-08,7.596666666666667e-05,2.79e-05,0.0001,3,0.1428571428571428,0.3982
BTCUSDT,2022-08-09,9.306666666666667e-05,7.92e-05,0.0001,3,0.1428571428571428,0.3913
BTCUSDT,2022-08-10,2.9023333333333337e-05,-1.314e-05,9.44e-05,3,0.1428571428571428,0.417
BTCUSDT,2022-08-11,7.372333333333333e-05,4.911e-05,0.0001,3,0.0952380952380952,0.3896
BTCUSDT,2022-08-12,2.3506666666666663e-05,-3.384e-05,9.024e-05,3,0.1428571428571428,0.4192
BTCUSDT,2022-08-13,2.35e-05,-3.559e-05,8.455e-05,3,0.1904761904761904,0.4287
BTCUSDT,2022-08-14,1.1006666666666666e-05,-3.33e-06,2.396e-05,3,0.1904761904761904,0.4337
BTCUSDT,2022-08-15,-1.3426666666666666e-05,-3.766e-05,1.077e-05,3,0.2857142857142857,0.4625
BTCUSDT,2022-08-16,2.0896666666666663e-05,1.56e-06,3.243e-05,3,0.2857142857142857,0.4488
BTCUSDT,2022-08-17,3.364e-05,2.62e-06,9.364e-05,3,0.238095238095238,0.4342
BTCUSDT,2022-08-18,8.520666666666668e-05,7.171e-05,0.0001,3,0.238095238095238,0.4135
BTCUSDT,2022-08-19,1.787333333333334e-05,-6.746e-05,0.0001,3,0.238095238095238,0.4405
BTCUSDT,2022-08-20,-3.406333333333333e-05,-6.722e-05,1.07e-05,3,0.2857142857142857,0.4708
BTCUSDT,2022-08-21,-2.9266666666666665e-05,-3.589e-05,-1.957e-05,3,0.3809523809523809,0.4879
BTCUSDT,2022-08-22,-2.428666666666667e-05,-8.092e-05,4.021e-05,3,0.3809523809523809,0.4859
BTCUSDT,2022-08-23,-2.1766666666666663e-05,-4.031e-05,8.46e-06,3,0.4761904761904761,0.5039
BTCUSDT,2022-08-24,-1.7939999999999998e-05,-4.353e-05,2.509e-05,3,0.5714285714285714,0.5215
BTCUSDT,2022-08-25,2.052e-05,1.28e-06,4.481e-05,3,0.5714285714285714,0.5061
BTCUSDT,2022-08-26,1.3663333333333334e-05,-1.707e-05,3.207e-05,3,0.5714285714285714,0.5088
BTCUSDT,2022-08-27,-4.498e-05,-6.29e-05,-2.808e-05,3,0.6190476190476191,0.5418
BTCUSDT,2022-08-28,-4.199e-05,-8.758e-05,-1.396e-05,3,0.6190476190476191,0.5406
BTCUSDT,2022-08-29,-9.957333333333332e-05,-0.00013623,-6.193e-05,3,0.6666666666666666,0.5732
BTCUSDT,2022-08-30,-2.712e-05,-5.903e-05,1.123e-05,3,0.6666666666666666,0.5442
BTCUSDT,2022-08-31,2.88e-05,-2.089e-05,5.779e-05,3,0.6190476190476191,0.5123
BTCUSDT,2022-09-01,5.095333333333333e-05,2.266e-05,9.39e-05,3,0.6190476190476191,0.5034
BTCUSDT,2022-09-02,3.948666666666667e-05,2.498e-05,4.905e-05,3,0.5714285714285714,0.4985
BTCUSDT,2022-09-03,3.452666666666666e-05,-1.99e-06,9.442e-05,3,0.4761904761904761,0.4814
BTCUSDT,2022-09-04,2.7233333333333332e-05,5.88e-06,5.463e-05,3,0.3333333333333333,0.4558
BTCUSDT,2022-09-05,4.089e-05,-7.37e-06,8.292e-05,3,0.238095238095238,0.4313
BTCUSDT,2022-09-06,1.1903333333333332e-05,-2.45e-06,3.473e-05,3,0.1904761904761904,0.4333
BTCUSDT,2022-09-07,-3.1173333333333335e-05,-8.601e-05,2.729e-05,3,0.238095238095238,0.4601
BTCUSDT,2022-09-08,3.2046666666666666e-05,6.2e-06,5.667e-05,3,0.238095238095238,0.4348
BTCUSDT,2022-09-09,7.104000000000001e-05,1.312e-05,0.0001,3,0.238095238095238,0.4192
BTCUSDT,2022-09-10,9.921333333333332e-05,9.764e-05,0.0001,3,0.1904761904761904,0.3984
BTCUSDT,2022-09-11,7.942333333333334e-05,6.712e-05,0.0001,3,0.1904761904761904,0.4063
BTCUSDT,2022-09-12,9.415333333333334e-05,8.246e-05,0.0001,3,0.1428571428571428,0.3909
BTCUSDT,2022-09-13,9.988333333333333e-05,9.965e-05,0.0001,3,0.0952380952380952,0.3791
BTCUSDT,2022-09-14,-7.406666666666667e-06,-3.953e-05,1.004e-05,3,0.0476190476190476,0.4125
BTCUSDT,2022-09-15,3.712333333333334e-05,3.24e-06,0.0001,3,0.0476190476190476,0.3947
BTCUSDT,2022-09-16,5.1076666666666665e-05,2.919e-05,8.055e-05,3,0.0476190476190476,0.3891
BTCUSDT,2022-09-17,2.942333333333333e-05,1.467e-05,4.336e-05,3,0.0476190476190476,0.3978
BTCUSDT,2022-09-18,5.9373333333333336e-05,3.564e-05,7.82e-05,3,0.0476190476190476,0.3858
BTCUSDT,2022-09-19,-1.7026666666666667e-05,-9.289e-05,3.581e-05,3,0.0952380952380952,0.4259
BTCUSDT,2022-09-20,5.1296666666666666e-05,1.721e-05,7.813e-05,3,0.0952380952380952,0.3985
BTCUSDT,2022-09-21,3.131666666666667e-05,1.478e-05,5.185e-05,3,0.0476190476190476,0.397
BTCUSDT,2022-09-22,-3.649e-05,-0.00011779,7.743e-05,3,0.1428571428571428,0.4432
BTCUSDT,2022-09-23,1.7373333333333332e-05,-5.008e-05,7.261e-05,3,0.1904761904761904,0.4311
BTCUSDT,2022-09-24,3.3226666666666665e-05,1.676e-05,5.345e-05,3,0.1904761904761904,0.4248
BTCUSDT,2022-09-25,2.415e-05,9.99e-06,3.653e-05,3,0.1904761904761904,0.4284
BTCUSDT,2022-09-26,2.511e-05,-6.6e-06,4.497e-05,3,0.1904761904761904,0.4281
BTCUSDT,2022-09-27,6.927333333333333e-05,2.244e-05,0.0001,3,0.1904761904761904,0.4104
BTCUSDT,2022-09-28,1.8006666666666665e-05,-1.071e-05,5.332e-05,3,0.238095238095238,0.4404
BTCUSDT,2022-09-29,6.669e-05,5.681e-05,7.641e-05,3,0.1428571428571428,0.4019
BTCUSDT,2022-09-30,0.0001,0.0001,0.0001,3,0.0952380952380952,0.379
BTCUSDT,2022-10-01,6.734333333333334e-05,3.198e-05,0.0001,3,0.0952380952380952,0.3921
BTCUSDT,2022-10-02,5.154000000000001e-05,4.262e-05,5.816e-05,3,0.0952380952380952,0.3984
BTCUSDT,2022-10-03,7.437333333333334e-05,3.996e-05,0.0001,3,0.0476190476190476,0.3798
BTCUSDT,2022-10-04,0.0001,0.0001,0.0001,3,0.0476190476190476,0.3695
BTCUSDT,2022-10-05,0.0001,0.0001,0.0001,3,0.0,0.36
BTCUSDT,2022-10-06,0.0001,0.0001,0.0001,3,0.0,0.36
BTCUSDT,2022-10-07,9.171e-05,7.513e-05,0.0001,3,0.0,0.3633
BTCUSDT,2022-10-08,5.114666666666666e-05,3.85e-05,7.345e-05,3,0.0,0.3795
BTCUSDT,2022-10-09,2.324333333333333e-05,1.776e-05,3.246e-05,3,0.0,0.3907
BTCUSDT,2022-10-10,7.436666666666667e-05,6.069e-05,0.0001,3,0.0,0.3703
BTCUSDT,2022-10-11,0.0001,0.0001,0.0001,3,0.0,0.36
BTCUSDT,2022-10-12,0.0001,0.0001,0.0001,3,0.0,0.36
BTCUSDT,2022-10-13,7.133999999999999e-05,3.936e-05,0.0001,3,0.0,0.3715
BTCUSDT,2022-10-14,7.21e-05,3.235e-05,0.0001,3,0.0,0.3712
BTCUSDT,2022-10-15,4.217333333333333e-05,3.772e-05,4.563e-05,3,0.0,0.3831
BTCUSDT,2022-10-16,2.1966666666666668e-05,4.61e-06,3.394e-05,3,0.0,0.3912
BTCUSDT,2022-10-17,3.876333333333333e-05,3.31e-06,6.458e-05,3,0.0,0.3845
BTCUSDT,2022-10-18,0.0001,0.0001,0.0001,3,0.0,0.36
BTCUSDT,2022-10-19,9.199333333333332e-05,7.598e-05,0.0001,3,0.0,0.3632
BTCUSDT,2022-10-20,6.038666666666667e-05,2.095e-05,0.0001,3,0.0,0.3758
BTCUSDT,2022-10-21,2.767e-05,-8.9e-06,4.708e-05,3,0.0476190476190476,0.3985
BTCUSDT,2022-10-22,3.9206666666666665e-05,-3.19e-06,8.36e-05,3,0.0952380952380952,0.4034
BTCUSDT,2022-10-23,3.499e-05,1.171e-05,5.174e-05,3,0.0952380952380952,0.4051
BTCUSDT,2022-10-24,7.442666666666668e-05,2.328e-05,0.0001,3,0.0952380952380952,0.3893
BTCUSDT,2022-10-25,4.3933333333333335e-05,-1.66e-06,9.019e-05,3,0.1428571428571428,0.411
BTCUSDT,2022-10-26,4.676666666666667e-05,2.243e-05,6.122e-05,3,0.1428571428571428,0.4099
BTCUSDT,2022-10-27,-2.956666666666666e-06,-2.276e-05,1.376e-05,3,0.1904761904761904,0.4393
BTCUSDT,2022-10-28,-1.0533333333333325e-06,-2.629e-05,3.541e-05,3,0.238095238095238,0.448
BTCUSDT,2022-10-29,3.8146666666666665e-05,2.484e-05,4.755e-05,3,0.1904761904761904,0.4228
BTCUSDT,2022-10-30,1.944e-05,-2.515e-05,5.135e-05,3,0.238095238095238,0.4398
BTCUSDT,2022-10-31,1.637333333333333e-05,-4.34e-06,3.842e-05,3,0.2857142857142857,0.4506
BTCUSDT,2022-11-01,3.1200000000000006e-06,-1.088e-05,1.302e-05,3,0.2857142857142857,0.4559
BTCUSDT,2022-11-02,4.0119999999999995e-05,1.203e-05,6.046e-05,3,0.2857142857142857,0.4411
BTCUSDT,2022-11-03,3.353333333333333e-05,4.4e-06,6.94e-05,3,0.238095238095238,0.4342
BTCUSDT,2022-11-04,4.1586666666666666e-05,1.148e-05,6.899e-05,3,0.1428571428571428,0.4119
BTCUSDT,2022-11-05,6.316666666666667e-05,4.409e-05,0.0001,3,0.1428571428571428,0.4033
BTCUSDT,2022-11-06,7.696333333333332e-05,6.491e-05,9.732e-05,3,0.0952380952380952,0.3883
BTCUSDT,2022-11-07,9.271e-05,7.813e-05,0.0001,3,0.0476190476190476,0.3724
BTCUSDT,2022-11-08,5.057666666666666e-05,-7.88e-06,9.446e-05,3,0.0476190476190476,0.3893
BTCUSDT,2022-11-09,-0.00013185,-0.00032976,7.305e-05,3,0.1428571428571428,0.4813
BTCUSDT,2022-11-10,-0.00084986,-0.00119172,-0.00023833,3,0.2857142857142857,0.7971
BTCUSDT,2022-11-11,-0.0001084366666666,-0.00019452,-5.802e-05,3,0.4285714285714285,0.5291
BTCUSDT,2022-11-12,3.1383333333333335e-05,-2.406e-05,6.521e-05,3,0.4761904761904761,0.4827
BTCUSDT,2022-11-13,-1.4026666666666667e-05,-7.357e-05,2.816e-05,3,0.5238095238095238,0.5104
BTCUSDT,2022-11-14,-4.195333333333334e-05,-7.645e-05,-1.132e-05,3,0.6666666666666666,0.5501
BTCUSDT,2022-11-15,-8.771333333333333e-05,-0.00017664,2.275e-05,3,0.7142857142857143,0.5779
BTCUSDT,2022-11-16,-6.237333333333334e-05,-0.00013216,1.121e-05,3,0.7142857142857143,0.5678
BTCUSDT,2022-11-17,-4.127e-05,-5.138e-05,-2.701e-05,3,0.7142857142857143,0.5594
BTCUSDT,2022-11-18,1.7233333333333337e-06,-2.836e-05,2.398e-05,3,0.6190476190476191,0.5231
BTCUSDT,2022-11-19,4.094666666666667e-05,-1.169e-05,7.897e-05,3,0.6190476190476191,0.5074
BTCUSDT,2022-11-20,5.98e-06,-9.79e-06,3.552e-05,3,0.6666666666666666,0.5309
BTCUSDT,2022-11-21,2.994e-05,-1.218e-05,7.898e-05,3,0.5714285714285714,0.5023
BTCUSDT,2022-11-22,8.096666666666667e-06,-7.485e-05,7.881e-05,3,0.5238095238095238,0.5015
BTCUSDT,2022-11-23,6.338666666666667e-05,-3.9e-06,0.0001,3,0.4761904761904761,0.4699
BTCUSDT,2022-11-24,4.568e-05,2.012e-05,6.272e-05,3,0.3333333333333333,0.4484
BTCUSDT,2022-11-25,1.2826666666666664e-05,4.61e-06,2.058e-05,3,0.2857142857142857,0.452
BTCUSDT,2022-11-26,1.6423333333333333e-05,-2.455e-05,3.859e-05,3,0.2857142857142857,0.4506
BTCUSDT,2022-11-27,5.936666666666664e-06,-3.066e-05,3.784e-05,3,0.238095238095238,0.4452
BTCUSDT,2022-11-28,9.533333333333334e-06,2.1e-07,2.303e-05,3,0.1904761904761904,0.4343
BTCUSDT,2022-11-29,2.8486666666666663e-05,-3.85e-06,4.76e-05,3,0.1904761904761904,0.4267
BTCUSDT,2022-11-30,5.6510000000000006e-05,3.404e-05,9.511e-05,3,0.1428571428571428,0.406
BTCUSDT,2022-12-01,2.0093333333333336e-05,-5.001e-05,0.0001,3,0.1904761904761904,0.4301
BTCUSDT,2022-12-02,2.4249999999999997e-05,-3.753e-05,8.203e-05,3,0.238095238095238,0.4379
BTCUSDT,2022-12-03,6.141666666666666e-05,3.302e-05,0.0001,3,0.1904761904761904,0.4135
BTCUSDT,2022-12-04,5.7306666666666665e-05,4.581e-05,6.437e-05,3,0.1428571428571428,0.4056
BTCUSDT,2022-12-05,1.4633333333333324e-06,-4.218e-05,4.603e-05,3,0.1904761904761904,0.4375
BTCUSDT,2022-12-06,2.8763333333333333e-05,2.206e-05,4.118e-05,3,0.1428571428571428,0.4171
BTCUSDT,2022-12-07,2.3509999999999997e-05,-1.492e-05,7.887e-05,3,0.1904761904761904,0.4287
BTCUSDT,2022-12-08,1.1673333333333334e-05,1.67e-06,2.152e-05,3,0.1428571428571428,0.4239
BTCUSDT,2022-12-09,2.7943333333333337e-05,1.178e-05,4.007e-05,3,0.0952380952380952,0.4079
BTCUSDT,2022-12-10,-2.15e-06,-1.669e-05,1.711e-05,3,0.1904761904761904,0.439
BTCUSDT,2022-12-11,8.313333333333334e-06,6.92e-06,9.29e-06,3,0.1904761904761904,0.4348
BTCUSDT,2022-12-12,1.1246666666666669e-05,-1.67e-05,2.638e-05,3,0.1904761904761904,0.4336
BTCUSDT,2022-12-13,4.991333333333333e-05,1.971e-05,0.0001,3,0.1904761904761904,0.4181
BTCUSDT,2022-12-14,0.0001,0.0001,0.0001,3,0.1428571428571428,0.3886
BTCUSDT,2022-12-15,8.393333333333333e-05,5.18e-05,0.0001,3,0.1428571428571428,0.395
BTCUSDT,2022-12-16,2.8536666666666667e-05,-1.987e-05,5.706e-05,3,0.1904761904761904,0.4267
BTCUSDT,2022-12-17,6.51e-05,2.013e-05,9.707e-05,3,0.0952380952380952,0.393
BTCUSDT,2022-12-18,4.151666666666666e-05,-6.47e-06,6.828e-05,3,0.1428571428571428,0.412
BTCUSDT,2022-12-19,4.819e-05,3.493e-05,6.468e-05,3,0.0952380952380952,0.3998
BTCUSDT,2022-12-20,3e-05,-1.2e-07,5.611e-05,3,0.1428571428571428,0.4166
BTCUSDT,2022-12-21,6.367333333333335e-05,3.778e-05,7.742e-05,3,0.1428571428571428,0.4031
BTCUSDT,2022-12-22,6.094333333333333e-05,2.918e-05,8.167e-05,3,0.1428571428571428,0.4042
BTCUSDT,2022-12-23,9.634333333333334e-05,8.903e-05,0.0001,3,0.0952380952380952,0.3805
BTCUSDT,2022-12-24,6.99e-05,4.748e-05,0.0001,3,0.0952380952380952,0.3911
BTCUSDT,2022-12-25,1.812e-05,5.21e-06,3.06e-05,3,0.0476190476190476,0.4023
BTCUSDT,2022-12-26,3.753333333333332e-06,-5.064e-05,3.319e-05,3,0.0952380952380952,0.4175
BTCUSDT,2022-12-27,3.902666666666667e-05,1.102e-05,8.655e-05,3,0.0476190476190476,0.3939
BTCUSDT,2022-12-28,5.375666666666666e-05,2.111e-05,9.764e-05,3,0.0476190476190476,0.388
BTCUSDT,2022-12-29,9.505666666666667e-05,8.532e-05,0.0001,3,0.0476190476190476,0.3715
BTCUSDT,2022-12-30,9.044e-05,7.132e-05,0.0001,3,0.0476190476190476,0.3733
BTCUSDT,2022-12-31,0.0001,0.0001,0.0001,3,0.0476190476190476,0.3695
BTCUSDT,2023-01-01,6.897e-05,6.91e-06,0.0001,3,0.0476190476190476,0.3819
BTCUSDT,2023-01-02,-1.0580000000000002e-05,-4.356e-05,2.67e-05,3,0.0952380952380952,0.4233
BTCUSDT,2023-01-03,7.433e-05,3.322e-05,0.0001,3,0.0952380952380952,0.3893
BTCUSDT,2023-01-04,4.936e-05,3.388e-05,6.489e-05,3,0.0952380952380952,0.3993
BTCUSDT,2023-01-05,5.7056666666666665e-05,4.436e-05,7.264e-05,3,0.0952380952380952,0.3962
BTCUSDT,2023-01-06,6.945333333333333e-05,5.587e-05,8.658e-05,3,0.0952380952380952,0.3913
BTCUSDT,2023-01-07,4.393e-05,6.71e-06,0.0001,3,0.0952380952380952,0.4015
BTCUSDT,2023-01-08,7.703e-05,5.657e-05,0.0001,3,0.0952380952380952,0.3882
BTCUSDT,2023-01-09,2.0116666666666667e-05,-6.66e-06,5.796e-05,3,0.0476190476190476,0.4015
BTCUSDT,2023-01-10,5.077e-05,2.417e-05,9.685e-05,3,0.0476190476190476,0.3892
BTCUSDT,2023-01-11,1.6756666666666665e-05,-2.11e-06,2.761e-05,3,0.0952380952380952,0.4123
BTCUSDT,2023-01-12,9.183e-05,7.549e-05,0.0001,3,0.0952380952380952,0.3823
BTCUSDT,2023-01-13,9.053333333333332e-05,7.16e-05,0.0001,3,0.0952380952380952,0.3828
BTCUSDT,2023-01-14,0.00021531,8.746e-05,0.00045847,3,0.0952380952380952,0.3329
BTCUSDT,2023-01-15,0.0001534599999999,0.00012434,0.00019892,3,0.0952380952380952,0.3577
BTCUSDT,2023-01-16,0.0001,0.0001,0.0001,3,0.0476190476190476,0.3695
BTCUSDT,2023-01-17,0.0001,0.0001,0.0001,3,0.0476190476190476,0.3695
BTCUSDT,2023-01-18,0.0001,0.0001,0.0001,3,0.0,0.36
BTCUSDT,2023-01-19,0.0001,0.0001,0.0001,3,0.0,0.36
BTCUSDT,2023-01-20,0.0001,0.0001,0.0001,3,0.0,0.36
BTCUSDT,2023-01-21,0.0001,0.0001,0.0001,3,0.0,0.36
BTCUSDT,2023-01-22,0.0001,0.0001,0.0001,3,0.0,0.36
BTCUSDT,2023-01-23,0.0001,0.0001,0.0001,3,0.0,0.36
BTCUSDT,2023-01-24,0.0001,0.0001,0.0001,3,0.0,0.36
BTCUSDT,2023-01-25,0.0001,0.0001,0.0001,3,0.0,0.36
BTCUSDT,2023-01-26,0.0001,0.0001,0.0001,3,0.0,0.36
BTCUSDT,2023-01-27,9.847e-05,9.541e-05,0.0001,3,0.0,0.3606
BTCUSDT,2023-01-28,0.0001,0.0001,0.0001,3,0.0,0.36
BTCUSDT,2023-01-29,0.0001,0.0001,0.0001,3,0.0,0.36
BTCUSDT,2023-01-30,0.0001,0.0001,0.0001,3,0.0,0.36
BTCUSDT,2023-01-31,0.0001,0.0001,0.0001,3,0.0,0.36
BTCUSDT,2023-02-01,0.0001,0.0001,0.0001,3,0.0,0.36
BTCUSDT,2023-02-02,0.0001,0.0001,0.0001,3,0.0,0.36
BTCUSDT,2023-02-03,0.0001,0.0001,0.0001,3,0.0,0.36
BTCUSDT,2023-02-04,0.0001,0.0001,0.0001,3,0.0,0.36
BTCUSDT,2023-02-05,0.0001,0.0001,0.0001,3,0.0,0.36
BTCUSDT,2023-02-06,0.0001,0.0001,0.0001,3,0.0,0.36
BTCUSDT,2023-02-07,0.0001,0.0001,0.0001,3,0.0,0.36
BTCUSDT,2023-02-08,0.0001,0.0001,0.0001,3,0.0,0.36
BTCUSDT,2023-02-09,0.0001,0.0001,0.0001,3,0.0,0.36
BTCUSDT,2023-02-10,0.0001,0.0001,0.0001,3,0.0,0.36
BTCUSDT,2023-02-11,6.165666666666668e-05,5.241e-05,7.684e-05,3,0.0,0.3753
BTCUSDT,2023-02-12,5.8710000000000005e-05,2.27e-05,0.0001,3,0.0,0.3765
BTCUSDT,2023-02-13,6.132333333333333e-05,2.074e-05,0.0001,3,0.0,0.3755
BTCUSDT,2023-02-14,9.629e-05,8.887e-05,0.0001,3,0.0,0.3615
BTCUSDT,2023-02-15,4.692666666666667e-05,2.377e-05,9.071e-05,3,0.0,0.3812
BTCUSDT,2023-02-16,0.0001439033333333,0.0001,0.00023171,3,0.0,0.3424
BTCUSDT,2023-02-17,0.0001,0.0001,0.0001,3,0.0,0.36
BTCUSDT,2023-02-18,0.0001,0.0001,0.0001,3,0.0,0.36
BTCUSDT,2023-02-19,0.0001,0.0001,0.0001,3,0.0,0.36
BTCUSDT,2023-02-20,0.0001,0.0001,0.0001,3,0.0,0.36
BTCUSDT,2023-02-21,0.0001,0.0001,0.0001,3,0.0,0.36
BTCUSDT,2023-02-22,0.0001,0.0001,0.0001,3,0.0,0.36
BTCUSDT,2023-02-23,5.7123333333333336e-05,3.506e-05,0.0001,3,0.0,0.3772
BTCUSDT,2023-02-24,5.1223333333333335e-05,4.949e-05,5.44e-05,3,0.0,0.3795
BTCUSDT,2023-02-25,5.816666666666667e-06,-4.8e-07,1.183e-05,3,0.0476190476190476,0.4072
BTCUSDT,2023-02-26,5.571e-05,2.76e-05,7.372e-05,3,0.0476190476190476,0.3872
BTCUSDT,2023-02-27,5.388666666666667e-05,1.196e-05,8.144e-05,3,0.0476190476190476,0.388
BTCUSDT,2023-02-28,3.783e-05,1.985e-05,5.95e-05,3,0.0476190476190476,0.3944
BTCUSDT,2023-03-01,6.728333333333333e-05,1.85e-06,0.0001,3,0.0476190476190476,0.3826
BTCUSDT,2023-03-02,8.570000000000001e-05,8.395e-05,8.703e-05,3,0.0476190476190476,0.3752
BTCUSDT,2023-03-03,1.857e-05,-4.203e-05,0.0001,3,0.1428571428571428,0.4211
BTCUSDT,2023-03-04,2.148666666666667e-05,5.3e-06,3.812e-05,3,0.0952380952380952,0.4105
BTCUSDT,2023-03-05,2.0413333333333333e-05,5.44e-06,3.706e-05,3,0.0952380952380952,0.4109
BTCUSDT,2023-03-06,4.9760000000000005e-05,4.054e-05,5.46e-05,3,0.0952380952380952,0.3991
BTCUSDT,2023-03-07,2.7263333333333337e-05,1.173e-05,4.375e-05,3,0.0952380952380952,0.4081
BTCUSDT,2023-03-08,5.577666666666667e-05,2.917e-05,0.0001,3,0.0952380952380952,0.3967
BTCUSDT,2023-03-09,0.0001,0.0001,0.0001,3,0.0952380952380952,0.379
BTCUSDT,2023-03-10,-3.338666666666666e-05,-8.895e-05,5.26e-06,3,0.0952380952380952,0.4324
BTCUSDT,2023-03-11,-7.576666666666667e-06,-2.341e-05,2.364e-05,3,0.1904761904761904,0.4411
BTCUSDT,2023-03-12,1.798666666666667e-05,-4.068e-05,9.088e-05,3,0.238095238095238,0.4404
BTCUSDT,2023-03-13,8.670333333333335e-05,6.011e-05,0.0001,3,0.238095238095238,0.4129
BTCUSDT,2023-03-14,0.0001828433333333,0.0001,0.00029811,3,0.238095238095238,0.3745
BTCUSDT,2023-03-15,0.00018751,0.0001,0.00024127,3,0.238095238095238,0.3726
BTCUSDT,2023-03-16,0.0001,0.0001,0.0001,3,0.238095238095238,0.4076
BTCUSDT,2023-03-17,7.770333333333335e-05,3.311e-05,0.0001,3,0.1428571428571428,0.3975
BTCUSDT,2023-03-18,0.0001,0.0001,0.0001,3,0.0476190476190476,0.3695
BTCUSDT,2023-03-19,0.0001,0.0001,0.0001,3,0.0,0.36
BTCUSDT,2023-03-20,9.693666666666668e-05,9.081e-05,0.0001,3,0.0,0.3612
BTCUSDT,2023-03-21,3.221333333333334e-05,2.92e-06,8.118e-05,3,0.0,0.3871
BTCUSDT,2023-03-22,1.8693333333333333e-05,6e-08,5.334e-05,3,0.0,0.3925
BTCUSDT,2023-03-23,3.052666666666667e-05,-1.09e-05,0.0001,3,0.0476190476190476,0.3973
BTCUSDT,2023-03-24,0.0001,0.0001,0.0001,3,0.0476190476190476,0.3695
BTCUSDT,2023-03-25,1.3566666666666669e-06,-3.1e-06,4.25e-06,3,0.0952380952380952,0.4185
BTCUSDT,2023-03-26,1.2300000000000024e-06,-3.326e-05,3.634e-05,3,0.1428571428571428,0.4281
BTCUSDT,2023-03-27,1.6393333333333334e-05,-3.96e-06,2.905e-05,3,0.1904761904761904,0.4315
BTCUSDT,2023-03-28,2.4086666666666664e-05,-1.428e-05,7.531e-05,3,0.238095238095238,0.438
BTCUSDT,2023-03-29,7.724333333333334e-05,6.075e-05,0.0001,3,0.238095238095238,0.4167
BTCUSDT,2023-03-30,4.5826666666666666e-05,1.123e-05,6.987e-05,3,0.1904761904761904,0.4198
BTCUSDT,2023-03-31,4.5486666666666666e-05,-2.712e-05,0.0001,3,0.238095238095238,0.4294
BTCUSDT,2023-04-01,9.613333333333334e-05,8.84e-05,0.0001,3,0.1904761904761904,0.3996
BTCUSDT,2023-04-02,5.311333333333333e-05,4.514e-05,6.893e-05,3,0.1428571428571428,0.4073
BTCUSDT,2023-04-03,2.0689999999999997e-05,-1.24e-05,5.688e-05,3,0.1428571428571428,0.4203
BTCUSDT,2023-04-04,-2.8806666666666663e-05,-6.009e-05,-1.276e-05,3,0.238095238095238,0.4591
BTCUSDT,2023-04-05,5.514e-05,2.76e-05,8.517e-05,3,0.238095238095238,0.4256
BTCUSDT,2023-04-06,6.883333333333332e-06,-2.975e-05,3.598e-05,3,0.2857142857142857,0.4544
BTCUSDT,2023-04-07,1.953333333333334e-06,-1.473e-05,1.055e-05,3,0.2857142857142857,0.4564
BTCUSDT,2023-04-08,1.3086666666666666e-05,2.68e-06,3.192e-05,3,0.2857142857142857,0.4519
BTCUSDT,2023-04-09,-2.6899999999999997e-06,-9.04e-06,9.5e-06,3,0.3809523809523809,0.4773
BTCUSDT,2023-04-10,8.722333333333332e-05,6.167e-05,0.0001,3,0.3333333333333333,0.4318
BTCUSDT,2023-04-11,0.0001,0.0001,0.0001,3,0.1904761904761904,0.3981
BTCUSDT,2023-04-12,6.508000000000001e-05,1.747e-05,9.582e-05,3,0.1904761904761904,0.4121
BTCUSDT,2023-04-13,7.030666666666667e-05,4.427e-05,0.0001,3,0.1428571428571428,0.4004
BTCUSDT,2023-04-14,4.435666666666667e-05,-1.13e-06,0.0001,3,0.1428571428571428,0.4108
BTCUSDT,2023-04-15,4.493333333333333e-05,-4.975e-05,0.0001,3,0.1904761904761904,0.4201
BTCUSDT,2023-04-16,9.048e-05,7.144e-05,0.0001,3,0.0952380952380952,0.3829
BTCUSDT,2023-04-17,9.125333333333334e-05,7.376e-05,0.0001,3,0.0952380952380952,0.3825
BTCUSDT,2023-04-18,3.648333333333333e-05,-5.1e-06,6.772e-05,3,0.1428571428571428,0.414
BTCUSDT,2023-04-19,5.383333333333334e-05,-8.1e-07,0.0001,3,0.1904761904761904,0.4166
BTCUSDT,2023-04-20,6.048333333333333e-05,3.668e-05,8.579e-05,3,0.1904761904761904,0.4139
BTCUSDT,2023-04-21,8.765666666666667e-05,6.297e-05,0.0001,3,0.1428571428571428,0.3935
BTCUSDT,2023-04-22,6.316e-05,2.09e-05,0.0001,3,0.0952380952380952,0.3938
BTCUSDT,2023-04-23,2.504333333333333e-05,1.376e-05,3.768e-05,3,0.0952380952380952,0.409
BTCUSDT,2023-04-24,3.667666666666667e-05,2.63e-05,4.679e-05,3,0.0952380952380952,0.4044
BTCUSDT,2023-04-25,6.737666666666667e-05,5.066e-05,8.541e-05,3,0.0476190476190476,0.3826
BTCUSDT,2023-04-26,5.344e-05,1.686e-05,0.0001,3,0.0,0.3786
BTCUSDT,2023-04-27,3.850666666666667e-05,2.518e-05,5.769e-05,3,0.0,0.3846
BTCUSDT,2023-04-28,8.158666666666667e-05,4.476e-05,0.0001,3,0.0,0.3674
BTCUSDT,2023-04-29,4.871333333333333e-05,3.7e-07,7.826e-05,3,0.0,0.3805
BTCUSDT,2023-04-30,4.237e-05,3.132e-05,6.078e-05,3,0.0,0.3831
BTCUSDT,2023-05-01,-1.1230000000000004e-05,-6.37e-05,2.435e-05,3,0.0476190476190476,0.414
BTCUSDT,2023-05-02,2.769e-05,9.68e-06,6.135e-05,3,0.0476190476190476,0.3984
BTCUSDT,2023-05-03,6.568e-05,5.435e-05,8.568e-05,3,0.0476190476190476,0.3833
BTCUSDT,2023-05-04,8.102000000000001e-05,4.314e-05,0.0001,3,0.0476190476190476,0.3771
BTCUSDT,2023-05-05,7.396e-05,3.731e-05,9.909e-05,3,0.0476190476190476,0.3799
BTCUSDT,2023-05-06,0.0001,0.0001,0.0001,3,0.0476190476190476,0.3695
BTCUSDT,2023-05-07,4.804666666666667e-05,4.047e-05,6.046e-05,3,0.0476190476190476,0.3903
BTCUSDT,2023-05-08,1.6763333333333333e-05,4.07e-06,3.902e-05,3,0.0,0.3933
BTCUSDT,2023-05-09,4.109666666666666e-05,3.78e-06,6.841e-05,3,0.0,0.3836
BTCUSDT,2023-05-10,4.109666666666666e-05,3.752e-05,4.785e-05,3,0.0,0.3836
BTCUSDT,2023-05-11,4.5763333333333336e-05,1.596e-05,6.926e-05,3,0.0,0.3817
BTCUSDT,2023-05-12,3.453e-05,2.762e-05,3.964e-05,3,0.0,0.3862
BTCUSDT,2023-05-13,3.2896666666666666e-05,-1e-07,5.385e-05,3,0.0476190476190476,0.3964
BTCUSDT,2023-05-14,2.763666666666667e-05,1.715e-05,3.537e-05,3,0.0476190476190476,0.3985
BTCUSDT,2023-05-15,8.803333333333334e-06,-1.576e-05,4.407e-05,3,0.1428571428571428,0.4251
BTCUSDT,2023-05-16,5.875e-05,3.165e-05,8.66e-05,3,0.1428571428571428,0.4051
BTCUSDT,2023-05-17,6.627333333333333e-05,4.461e-05,8.392e-05,3,0.1428571428571428,0.4021
BTCUSDT,2023-05-18,9.447333333333334e-05,8.342e-05,0.0001,3,0.1428571428571428,0.3908
BTCUSDT,2023-05-19,3.6683333333333335e-05,2.716e-05,4.474e-05,3,0.1428571428571428,0.4139
BTCUSDT,2023-05-20,2.3063333333333337e-05,-8.49e-06,5.313e-05,3,0.1428571428571428,0.4193
BTCUSDT,2023-05-21,5.7029999999999994e-05,4.776e-05,7.262e-05,3,0.1428571428571428,0.4058
BTCUSDT,2023-05-22,2.6663333333333333e-05,2.1e-06,4.77e-05,3,0.0476190476190476,0.3989
BTCUSDT,2023-05-23,0.0001,0.0001,0.0001,3,0.0476190476190476,0.3695
BTCUSDT,2023-05-24,5.476333333333333e-05,2.067e-05,0.0001,3,0.0476190476190476,0.3876
BTCUSDT,2023-05-25,8.606666666666667e-05,5.82e-05,0.0001,3,0.0476190476190476,0.3751
BTCUSDT,2023-05-26,8.178666666666667e-05,4.953e-05,0.0001,3,0.0476190476190476,0.3768
BTCUSDT,2023-05-27,7.690666666666667e-05,7.146e-05,8.564e-05,3,0.0,0.3692
BTCUSDT,2023-05-28,9.96e-05,9.88e-05,0.0001,3,0.0,0.3602
BTCUSDT,2023-05-29,0.0001,0.0001,0.0001,3,0.0,0.36
BTCUSDT,2023-05-30,6.361333333333334e-05,3.861e-05,9.036e-05,3,0.0,0.3746
BTCUSDT,2023-05-31,5.024333333333334e-05,2.344e-05,9.865e-05,3,0.0,0.3799
BTCUSDT,2023-06-01,7.245666666666667e-05,2.096e-05,0.0001,3,0.0,0.371
BTCUSDT,2023-06-02,7.994e-05,4.77e-05,9.946e-05,3,0.0,0.368
BTCUSDT,2023-06-03,7.662e-05,5.566e-05,0.0001,3,0.0,0.3694
BTCUSDT,2023-06-04,8.283333333333335e-05,4.85e-05,0.0001,3,0.0,0.3669
BTCUSDT,2023-06-05,9.131333333333332e-05,7.856e-05,0.0001,3,0.0,0.3635
BTCUSDT,2023-06-06,-1.972e-05,-7.157e-05,4.288e-05,3,0.0952380952380952,0.4269
BTCUSDT,2023-06-07,8.001666666666667e-05,4.005e-05,0.0001,3,0.0952380952380952,0.387
BTCUSDT,2023-06-08,4.201666666666667e-05,3.09e-05,5.504e-05,3,0.0952380952380952,0.4022
BTCUSDT,2023-06-09,6.302666666666667e-05,4.404e-05,7.916e-05,3,0.0952380952380952,0.3938
BTCUSDT,2023-06-10,4.9909999999999995e-05,2.417e-05,8.702e-05,3,0.0952380952380952,0.3991
BTCUSDT,2023-06-11,4.5239999999999994e-05,3.197e-05,5.925e-05,3,0.0952380952380952,0.401
BTCUSDT,2023-06-12,5.116333333333333e-05,3.065e-05,8.66e-05,3,0.0952380952380952,0.3986
BTCUSDT,2023-06-13,7.561e-05,6.18e-05,0.0001,3,0.0,0.3698
BTCUSDT,2023-06-14,2.9383333333333337e-05,2.438e-05,3.661e-05,3,0.0,0.3882
BTCUSDT,2023-06-15,3.205e-05,-3.265e-05,6.687e-05,3,0.0476190476190476,0.3967
BTCUSDT,2023-06-16,1.6626666666666664e-05,2.36e-06,3.971e-05,3,0.0476190476190476,0.4029
BTCUSDT,2023-06-17,9.137e-05,7.543e-05,0.0001,3,0.0476190476190476,0.373
BTCUSDT,2023-06-18,6.214666666666667e-05,3.706e-05,8.233e-05,3,0.0476190476190476,0.3847
BTCUSDT,2023-06-19,5.709e-05,3.69e-05,7.04e-05,3,0.0476190476190476,0.3867
BTCUSDT,2023-06-20,4.35e-06,-2.597e-05,4.35e-05,3,0.1428571428571428,0.4268
BTCUSDT,2023-06-21,6.282e-05,2.551e-05,0.0001,3,0.1428571428571428,0.4034
BTCUSDT,2023-06-22,9.745333333333334e-05,9.236e-05,0.0001,3,0.0952380952380952,0.3801
BTCUSDT,2023-06-23,0.0001,0.0001,0.0001,3,0.0952380952380952,0.379
BTCUSDT,2023-06-24,0.0001,0.0001,0.0001,3,0.0952380952380952,0.379
BTCUSDT,2023-06-25,0.0001,0.0001,0.0001,3,0.0952380952380952,0.379
BTCUSDT,2023-06-26,0.0001,0.0001,0.0001,3,0.0952380952380952,0.379
BTCUSDT,2023-06-27,0.0001,0.0001,0.0001,3,0.0,0.36
BTCUSDT,2023-06-28,7.966666666666667e-05,4.598e-05,0.0001,3,0.0,0.3681
BTCUSDT,2023-06-29,8.624666666666668e-05,6.574e-05,0.0001,3,0.0,0.3655
BTCUSDT,2023-06-30,0.0001,0.0001,0.0001,3,0.0,0.36
BTCUSDT,2023-07-01,0.0001,0.0001,0.0001,3,0.0,0.36
BTCUSDT,2023-07-02,0.0001,0.0001,0.0001,3,0.0,0.36
BTCUSDT,2023-07-03,0.0001,0.0001,0.0001,3,0.0,0.36
BTCUSDT,2023-07-04,0.0001,0.0001,0.0001,3,0.0,0.36
BTCUSDT,2023-07-05,0.0001,0.0001,0.0001,3,0.0,0.36
BTCUSDT,2023-07-06,6.404e-05,1.492e-05,0.0001,3,0.0,0.3744
BTCUSDT,2023-07-07,1.4203333333333332e-05,-6.58e-06,4.221e-05,3,0.0476190476190476,0.4038
BTCUSDT,2023-07-08,2.6913333333333335e-05,1.686e-05,3.757e-05,3,0.0476190476190476,0.3988
BTCUSDT,2023-07-09,6.227e-05,5.707e-05,6.821e-05,3,0.0476190476190476,0.3846
BTCUSDT,2023-07-10,1.8876666666666665e-05,-2.182e-05,4.85e-05,3,0.0952380952380952,0.4115
BTCUSDT,2023-07-11,6.743e-05,3.954e-05,8.265e-05,3,0.0952380952380952,0.3921
BTCUSDT,2023-07-12,6.0566666666666664e-05,4.65e-05,7.041e-05,3,0.0952380952380952,0.3948
BTCUSDT,2023-07-13,1.838e-05,-1.135e-05,6.12e-05,3,0.1428571428571428,0.4212
BTCUSDT,2023-07-14,0.0001,0.0001,0.0001,3,0.0952380952380952,0.379
BTCUSDT,2023-07-15,-4.406666666666667e-06,-7.313e-05,3.007e-05,3,0.1428571428571428,0.4303
BTCUSDT,2023-07-16,4.782666666666667e-05,1.993e-05,7.772e-05,3,0.1428571428571428,0.4094
BTCUSDT,2023-07-17,5.1080000000000006e-05,2.785e-05,6.278e-05,3,0.0952380952380952,0.3986
BTCUSDT,2023-07-18,6.086e-05,3.983e-05,7.477e-05,3,0.0952380952380952,0.3947
BTCUSDT,2023-07-19,7.638000000000001e-05,5.224e-05,0.0001,3,0.0952380952380952,0.3885
BTCUSDT,2023-07-20,5.952e-05,2.652e-05,9.641e-05,3,0.0476190476190476,0.3857
BTCUSDT,2023-07-21,2.457e-05,7.77e-06,3.717e-05,3,0.0476190476190476,0.3997
BTCUSDT,2023-07-22,1.1053333333333331e-05,1.77e-06,2.195e-05,3,0.0,0.3956
BTCUSDT,2023-07-23,7.426666666666666e-05,2.908e-05,0.0001,3,0.0,0.3703
BTCUSDT,2023-07-24,8.112666666666668e-05,4.338e-05,0.0001,3,0.0,0.3675
BTCUSDT,2023-07-25,8.026666666666666e-05,6.913e-05,9.465e-05,3,0.0,0.3679
BTCUSDT,2023-07-26,8.406333333333333e-05,5.768e-05,0.0001,3,0.0,0.3664
BTCUSDT,2023-07-27,3.2806666666666665e-05,2.876e-05,3.83e-05,3,0.0,0.3869
BTCUSDT,2023-07-28,7.016e-05,4.373e-05,0.0001,3,0.0,0.3719
BTCUSDT,2023-07-29,7.365666666666667e-05,4.567e-05,0.0001,3,0.0,0.3705
BTCUSDT,2023-07-30,6.022666666666667e-05,4.357e-05,8.151e-05,3,0.0,0.3759
BTCUSDT,2023-07-31,5.99e-05,2.369e-05,8.239e-05,3,0.0,0.376
BTCUSDT,2023-08-01,7.689333333333333e-05,6.3e-05,0.0001,3,0.0,0.3692
BTCUSDT,2023-08-02,0.0001,0.0001,0.0001,3,0.0,0.36
BTCUSDT,2023-08-03,0.0001,0.0001,0.0001,3,0.0,0.36
BTCUSDT,2023-08-04,9.372e-05,8.116e-05,0.0001,3,0.0,0.3625
BTCUSDT,2023-08-05,8.060333333333333e-05,4.181e-05,0.0001,3,0.0,0.3678
BTCUSDT,2023-08-06,0.0001,0.0001,0.0001,3,0.0,0.36
BTCUSDT,2023-08-07,9.223e-05,7.669e-05,0.0001,3,0.0,0.3631
BTCUSDT,2023-08-08,8.360000000000001e-05,5.944e-05,0.0001,3,0.0,0.3666
BTCUSDT,2023-08-09,8.838e-05,8.11e-05,9.527e-05,3,0.0,0.3646
BTCUSDT,2023-08-10,9.425666666666668e-05,8.277e-05,0.0001,3,0.0,0.3623
BTCUSDT,2023-08-11,9.041e-05,7.123e-05,0.0001,3,0.0,0.3638
BTCUSDT,2023-08-12,9.768333333333331e-05,9.305e-05,0.0001,3,0.0,0.3609
BTCUSDT,2023-08-13,8.212333333333333e-05,4.637e-05,0.0001,3,0.0,0.3672
BTCUSDT,2023-08-14,0.0001,0.0001,0.0001,3,0.0,0.36
BTCUSDT,2023-08-15,0.0001,0.0001,0.0001,3,0.0,0.36
BTCUSDT,2023-08-16,0.0001,0.0001,0.0001,3,0.0,0.36
BTCUSDT,2023-08-17,0.0001,0.0001,0.0001,3,0.0,0.36
BTCUSDT,2023-08-18,5.04e-05,-4.6e-07,0.0001,3,0.0476190476190476,0.3894
BTCUSDT,2023-08-19,-1.9606666666666663e-05,-5.286e-05,-2.74e-06,3,0.1904761904761904,0.4459
BTCUSDT,2023-08-20,-2.542e-05,-4.364e-05,-1.93e-06,3,0.3333333333333333,0.4768
BTCUSDT,2023-08-21,-1.2e-05,-2.797e-05,8.16e-06,3,0.4285714285714285,0.4905
BTCUSDT,2023-08-22,2.706666666666667e-06,-1.928e-05,3.048e-05,3,0.5238095238095238,0.5037
BTCUSDT,2023-08-23,9.886666666666666e-06,-1.02e-05,3.247e-05,3,0.5714285714285714,0.5103
BTCUSDT,2023-08-24,1.528e-05,-2.822e-05,4.9e-05,3,0.6190476190476191,0.5177
BTCUSDT,2023-08-25,2.4536666666666665e-05,-6.59e-06,5.218e-05,3,0.6190476190476191,0.514
BTCUSDT,2023-08-26,3.75e-05,2.096e-05,5.334e-05,3,0.4761904761904761,0.4802
BTCUSDT,2023-08-27,1.7690000000000002e-05,9.9e-07,3.976e-05,3,0.3333333333333333,0.4596
BTCUSDT,2023-08-28,2.851e-05,-3.95e-06,4.524e-05,3,0.2857142857142857,0.4457
BTCUSDT,2023-08-29,-2.1136666666666664e-05,-0.00010934,3.769e-05,3,0.238095238095238,0.4561
BTCUSDT,2023-08-30,4.847666666666666e-05,3.944e-05,5.731e-05,3,0.1904761904761904,0.4187
BTCUSDT,2023-08-31,5.9576666666666675e-05,2.909e-05,8.105e-05,3,0.1428571428571428,0.4047
BTCUSDT,2023-09-01,4.935e-05,2.583e-05,6.254e-05,3,0.0952380952380952,0.3993
BTCUSDT,2023-09-02,1.639e-05,-2.018e-05,4.998e-05,3,0.1428571428571428,0.422
BTCUSDT,2023-09-03,2.6546666666666668e-05,2.35e-06,4.839e-05,3,0.1428571428571428,0.418
BTCUSDT,2023-09-04,1.0333333333333332e-05,-1.059e-05,2.69e-05,3,0.1428571428571428,0.4244
BTCUSDT,2023-09-05,1.798e-05,5.3e-07,3.366e-05,3,0.0952380952380952,0.4119
BTCUSDT,2023-09-06,3.6966666666666663e-06,-2.763e-05,2.135e-05,3,0.1428571428571428,0.4271
BTCUSDT,2023-09-07,4.879e-05,3.83e-05,6.924e-05,3,0.1428571428571428,0.4091
BTCUSDT,2023-09-08,-9.013333333333332e-06,-1.691e-05,5.12e-06,3,0.238095238095238,0.4512
BTCUSDT,2023-09-09,-1.337e-05,-5.057e-05,1.423e-05,3,0.2857142857142857,0.4625
BTCUSDT,2023-09-10,1.9433333333333332e-05,-7.3e-07,3.294e-05,3,0.3333333333333333,0.4589
BTCUSDT,2023-09-11,1.1203333333333332e-05,-3e-06,1.838e-05,3,0.3333333333333333,0.4622
BTCUSDT,2023-09-12,1.551e-05,-3.502e-05,5.425e-05,3,0.3809523809523809,0.47
BTCUSDT,2023-09-13,2.2336666666666662e-05,1.26e-05,3.099e-05,3,0.3333333333333333,0.4577
BTCUSDT,2023-09-14,-2.863333333333335e-06,-4.748e-05,3.428e-05,3,0.3809523809523809,0.4773
BTCUSDT,2023-09-15,1.3863333333333332e-05,-2.641e-05,7.561e-05,3,0.3809523809523809,0.4706
BTCUSDT,2023-09-16,-2.954e-05,-4.32e-05,-1.381e-05,3,0.4285714285714285,0.4975
BTCUSDT,2023-09-17,8.96e-06,6.49e-06,1.142e-05,3,0.3809523809523809,0.4726
BTCUSDT,2023-09-18,-2.2343333333333333e-05,-6.774e-05,5.79e-06,3,0.4285714285714285,0.4947
BTCUSDT,2023-09-19,-4.2e-06,-1.972e-05,2.468e-05,3,0.4761904761904761,0.4969
BTCUSDT,2023-09-20,-2.460666666666667e-05,-3.777e-05,-9.91e-06,3,0.6190476190476191,0.5337
BTCUSDT,2023-09-21,3.901e-05,-2.9e-07,7.429e-05,3,0.6190476190476191,0.5082
BTCUSDT,2023-09-22,1.0359999999999996e-05,-6.2e-07,2.136e-05,3,0.5714285714285714,0.5101
BTCUSDT,2023-09-23,2.8136666666666668e-05,2.09e-06,6.676e-05,3,0.4285714285714285,0.4745
BTCUSDT,2023-09-24,2.0719999999999995e-05,-1.392e-05,4.721e-05,3,0.4761904761904761,0.487
BTCUSDT,2023-09-25,4.0323333333333334e-05,-1.26e-05,8.565e-05,3,0.4285714285714285,0.4696
BTCUSDT,2023-09-26,1.6699999999999982e-06,-3.91e-05,5.626e-05,3,0.4285714285714285,0.485
BTCUSDT,2023-09-27,5.132e-05,2.074e-05,9.944e-05,3,0.2857142857142857,0.4366
BTCUSDT,2023-09-28,-1.8796666666666662e-05,-4.732e-05,6.74e-06,3,0.3333333333333333,0.4742
BTCUSDT,2023-09-29,-1.995e-05,-3.894e-05,4.76e-06,3,0.3809523809523809,0.4842
BTCUSDT,2023-09-30,1.344e-05,6.43e-06,1.864e-05,3,0.3809523809523809,0.4708
BTCUSDT,2023-10-01,-8.623333333333333e-06,-2.263e-05,2.95e-06,3,0.4285714285714285,0.4892
BTCUSDT,2023-10-02,1.694e-05,-1.477e-05,5.831e-05,3,0.4285714285714285,0.4789
BTCUSDT,2023-10-03,2.7796666666666668e-05,1.667e-05,4.172e-05,3,0.3333333333333333,0.4555
BTCUSDT,2023-10-04,3.124666666666667e-05,-2.857e-05,6.2e-05,3,0.3809523809523809,0.4637
BTCUSDT,2023-10-05,-3.459e-05,-4.268e-05,-2.302e-05,3,0.4285714285714285,0.4996
BTCUSDT,2023-10-06,-9.396666666666666e-06,-3.149e-05,1.436e-05,3,0.4285714285714285,0.4895
BTCUSDT,2023-10-07,2.352e-05,2.083e-05,2.849e-05,3,0.4285714285714285,0.4763
BTCUSDT,2023-10-08,2.1503333333333335e-05,3.14e-06,5.163e-05,3,0.3333333333333333,0.4581
BTCUSDT,2023-10-09,5.115e-05,3.515e-05,7.838e-05,3,0.2857142857142857,0.4367
BTCUSDT,2023-10-10,4.263666666666667e-05,1.894e-05,6.349e-05,3,0.2857142857142857,0.4401
BTCUSDT,2023-10-11,6.855666666666667e-05,5.918e-05,8.33e-05,3,0.238095238095238,0.4202
BTCUSDT,2023-10-12,6.655e-05,2.661e-05,0.0001,3,0.0952380952380952,0.3924
BTCUSDT,2023-10-13,2.2196666666666667e-05,2.039e-05,2.326e-05,3,0.0,0.3911
BTCUSDT,2023-10-14,1.5906666666666665e-05,1.05e-06,2.456e-05,3,0.0,0.3936
BTCUSDT,2023-10-15,1.669e-05,-1.509e-05,4.292e-05,3,0.0476190476190476,0.4028
BTCUSDT,2023-10-16,3.394333333333334e-05,2.8e-07,9.644e-05,3,0.0476190476190476,0.3959
BTCUSDT,2023-10-17,-2.0466666666666673e-06,-2.311e-05,1.493e-05,3,0.0952380952380952,0.4199
BTCUSDT,2023-10-18,-9.716666666666666e-06,-3.343e-05,1.644e-05,3,0.1904761904761904,0.442
BTCUSDT,2023-10-19,-4.2193333333333335e-05,-0.00011006,-6.24e-06,3,0.3333333333333333,0.4835
BTCUSDT,2023-10-20,-1.5490000000000002e-05,-9.272e-05,2.687e-05,3,0.3809523809523809,0.4824
BTCUSDT,2023-10-21,2.872e-05,-1.585e-05,5.827e-05,3,0.4285714285714285,0.4742
BTCUSDT,2023-10-22,2.7536666666666667e-05,2.567e-05,3.115e-05,3,0.3809523809523809,0.4652
BTCUSDT,2023-10-23,6.162666666666666e-05,6.48e-06,9.59e-05,3,0.3809523809523809,0.4515
BTCUSDT,2023-10-24,0.0001,0.0001,0.0001,3,0.3333333333333333,0.4267
BTCUSDT,2023-10-25,0.0001,0.0001,0.0001,3,0.238095238095238,0.4076
BTCUSDT,2023-10-26,0.0001,0.0001,0.0001,3,0.0952380952380952,0.379
BTCUSDT,2023-10-27,0.0001,0.0001,0.0001,3,0.0476190476190476,0.3695
BTCUSDT,2023-10-28,0.0001,0.0001,0.0001,3,0.0,0.36
BTCUSDT,2023-10-29,0.0001,0.0001,0.0001,3,0.0,0.36
BTCUSDT,2023-10-30,0.0001,0.0001,0.0001,3,0.0,0.36
BTCUSDT,2023-10-31,0.0001,0.0001,0.0001,3,0.0,0.36
BTCUSDT,2023-11-01,0.0001,0.0001,0.0001,3,0.0,0.36
BTCUSDT,2023-11-02,0.0001,0.0001,0.0001,3,0.0,0.36
BTCUSDT,2023-11-03,0.0001,0.0001,0.0001,3,0.0,0.36
BTCUSDT,2023-11-04,0.0001,0.0001,0.0001,3,0.0,0.36
BTCUSDT,2023-11-05,0.0001,0.0001,0.0001,3,0.0,0.36
BTCUSDT,2023-11-06,0.0001,0.0001,0.0001,3,0.0,0.36
BTCUSDT,2023-11-07,0.0001,0.0001,0.0001,3,0.0,0.36
BTCUSDT,2023-11-08,0.0001,0.0001,0.0001,3,0.0,0.36
BTCUSDT,2023-11-09,0.0001334233333333,0.0001,0.00020027,3,0.0,0.3466
BTCUSDT,2023-11-10,0.0001056066666666,0.0001,0.00011682,3,0.0,0.3578
BTCUSDT,2023-11-11,0.0001375166666666,0.0001,0.00016607,3,0.0,0.345
BTCUSDT,2023-11-12,0.00022046,0.0001543,0.00027221,3,0.0,0.3118
BTCUSDT,2023-11-13,0.00021284,0.00010893,0.00032467,3,0.0,0.3149
BTCUSDT,2023-11-14,0.00016076,0.00014477,0.00017382,3,0.0,0.3357
BTCUSDT,2023-11-15,0.0001,0.0001,0.0001,3,0.0,0.36
BTCUSDT,2023-11-16,0.0001240433333333,0.0001,0.00015199,3,0.0,0.3504
BTCUSDT,2023-11-17,0.0001,0.0001,0.0001,3,0.0,0.36
BTCUSDT,2023-11-18,0.0001,0.0001,0.0001,3,0.0,0.36
BTCUSDT,2023-11-19,0.0001,0.0001,0.0001,3,0.0,0.36
BTCUSDT,2023-11-20,0.0001,0.0001,0.0001,3,0.0,0.36
BTCUSDT,2023-11-21,0.0001,0.0001,0.0001,3,0.0,0.36
BTCUSDT,2023-11-22,0.0001,0.0001,0.0001,3,0.0,0.36
BTCUSDT,2023-11-23,0.0001,0.0001,0.0001,3,0.0,0.36
BTCUSDT,2023-11-24,0.0001,0.0001,0.0001,3,0.0,0.36
BTCUSDT,2023-11-25,0.0001,0.0001,0.0001,3,0.0,0.36
BTCUSDT,2023-11-26,0.0001,0.0001,0.0001,3,0.0,0.36
BTCUSDT,2023-11-27,0.0001,0.0001,0.0001,3,0.0,0.36
BTCUSDT,2023-11-28,0.0001,0.0001,0.0001,3,0.0,0.36
BTCUSDT,2023-11-29,0.0001,0.0001,0.0001,3,0.0,0.36
BTCUSDT,2023-11-30,0.0001,0.0001,0.0001,3,0.0,0.36
BTCUSDT,2023-12-01,0.0001,0.0001,0.0001,3,0.0,0.36
BTCUSDT,2023-12-02,8.488e-05,6.973e-05,9.95e-05,3,0.0,0.366
BTCUSDT,2023-12-03,0.0001,0.0001,0.0001,3,0.0,0.36
BTCUSDT,2023-12-04,0.0001,0.0001,0.0001,3,0.0,0.36
BTCUSDT,2023-12-05,0.0001,0.0001,0.0001,3,0.0,0.36
BTCUSDT,2023-12-06,0.0001,0.0001,0.0001,3,0.0,0.36
BTCUSDT,2023-12-07,0.0001,0.0001,0.0001,3,0.0,0.36
BTCUSDT,2023-12-08,0.0001784333333333,0.0001,0.00023288,3,0.0,0.3286
BTCUSDT,2023-12-09,0.0001961833333333,0.00011504,0.00030159,3,0.0,0.3215
BTCUSDT,2023-12-10,0.0002167666666666,0.00020383,0.00023923,3,0.0,0.3133
BTCUSDT,2023-12-11,0.0001157666666666,0.0001,0.0001473,3,0.0,0.3537
BTCUSDT,2023-12-12,0.0001,0.0001,0.0001,3,0.0,0.36
BTCUSDT,2023-12-13,0.0001155733333333,0.00010162,0.00012601,3,0.0,0.3538
BTCUSDT,2023-12-14,0.0001,0.0001,0.0001,3,0.0,0.36
BTCUSDT,2023-12-15,0.0001,0.0001,0.0001,3,0.0,0.36
BTCUSDT,2023-12-16,0.0001,0.0001,0.0001,3,0.0,0.36
BTCUSDT,2023-12-17,0.0001,0.0001,0.0001,3,0.0,0.36
BTCUSDT,2023-12-18,0.0001298866666666,0.0001,0.00015611,3,0.0,0.348
BTCUSDT,2023-12-19,0.0001,0.0001,0.0001,3,0.0,0.36
BTCUSDT,2023-12-20,0.0001471433333333,0.0001,0.00023637,3,0.0,0.3411
BTCUSDT,2023-12-21,0.0002843566666666,0.00027143,0.00029216,3,0.0,0.2863
BTCUSDT,2023-12-22,0.0002614233333333,0.00018011,0.00030806,3,0.0,0.2954
BTCUSDT,2023-12-23,0.0001378366666666,0.0001,0.00016285,3,0.0,0.3449
BTCUSDT,2023-12-24,0.0001683966666666,0.0001,0.0002079,3,0.0,0.3326
BTCUSDT,2023-12-25,0.0001930266666666,0.0001,0.00037908,3,0.0,0.3228
BTCUSDT,2023-12-26,0.0003223566666666,0.00023757,0.00043391,3,0.0,0.2711
BTCUSDT,2023-12-27,0.0003262233333333,0.00027621,0.00037942,3,0.0,0.2695
BTCUSDT,2023-12-28,0.00033684,0.00013021,0.00050152,3,0.0,0.2653
BTCUSDT,2023-12-29,0.0005072133333333,0.00047082,0.0005517,3,0.0,0.1971
BTCUSDT,2023-12-30,0.0003815166666666,0.00033033,0.0004358,3,0.0,0.2474
BTCUSDT,2023-12-31,0.0003200833333333,0.00027855,0.00034573,3,0.0,0.272
BTCUSDT,2024-01-01,0.00032741,0.00027213,0.00037409,3,0.0,0.269
BTCUSDT,2024-01-02,0.00051585,0.00035179,0.00065846,3,0.0,0.1937
BTCUSDT,2024-01-03,0.00016094,0.0001,0.00021159,3,0.0,0.3356
BTCUSDT,2024-01-04,0.0001,0.0001,0.0001,3,0.0,0.36
BTCUSDT,2024-01-05,0.0001,0.0001,0.0001,3,0.0,0.36
BTCUSDT,2024-01-06,0.0001,0.0001,0.0001,3,0.0,0.36
BTCUSDT,2024-01-07,0.0001,0.0001,0.0001,3,0.0,0.36
BTCUSDT,2024-01-08,0.0001,0.0001,0.0001,3,0.0,0.36
BTCUSDT,2024-01-09,0.0001,0.0001,0.0001,3,0.0,0.36
BTCUSDT,2024-01-10,0.0001,0.0001,0.0001,3,0.0,0.36
BTCUSDT,2024-01-11,0.0001,0.0001,0.0001,3,0.0,0.36
BTCUSDT,2024-01-12,0.0001,0.0001,0.0001,3,0.0,0.36
BTCUSDT,2024-01-13,0.0001,0.0001,0.0001,3,0.0,0.36
BTCUSDT,2024-01-14,0.0001,0.0001,0.0001,3,0.0,0.36
BTCUSDT,2024-01-15,0.0001,0.0001,0.0001,3,0.0,0.36
BTCUSDT,2024-01-16,0.0001,0.0001,0.0001,3,0.0,0.36
BTCUSDT,2024-01-17,0.0001,0.0001,0.0001,3,0.0,0.36
BTCUSDT,2024-01-18,0.0001,0.0001,0.0001,3,0.0,0.36
BTCUSDT,2024-01-19,0.0001,0.0001,0.0001,3,0.0,0.36
BTCUSDT,2024-01-20,0.0001,0.0001,0.0001,3,0.0,0.36
BTCUSDT,2024-01-21,0.0001,0.0001,0.0001,3,0.0,0.36
BTCUSDT,2024-01-22,0.0001,0.0001,0.0001,3,0.0,0.36
BTCUSDT,2024-01-23,0.0001,0.0001,0.0001,3,0.0,0.36
BTCUSDT,2024-01-24,0.0001,0.0001,0.0001,3,0.0,0.36
BTCUSDT,2024-01-25,0.0001,0.0001,0.0001,3,0.0,0.36
BTCUSDT,2024-01-26,0.0001,0.0001,0.0001,3,0.0,0.36
BTCUSDT,2024-01-27,9.088666666666666e-05,8.3e-05,0.0001,3,0.0,0.3636
BTCUSDT,2024-01-28,8.241666666666667e-05,4.725e-05,0.0001,3,0.0,0.367
BTCUSDT,2024-01-29,9.714e-05,9.142e-05,0.0001,3,0.0,0.3611
BTCUSDT,2024-01-30,8.213666666666667e-05,5.149e-05,0.0001,3,0.0,0.3671
BTCUSDT,2024-01-31,7.384666666666667e-05,2.154e-05,0.0001,3,0.0,0.3705
BTCUSDT,2024-02-01,0.0001,0.0001,0.0001,3,0.0,0.36
BTCUSDT,2024-02-02,0.0001,0.0001,0.0001,3,0.0,0.36
BTCUSDT,2024-02-03,8.232333333333334e-05,7.627e-05,9.042e-05,3,0.0,0.3671
BTCUSDT,2024-02-04,9.051e-05,8.307e-05,0.0001,3,0.0,0.3638
BTCUSDT,2024-02-05,0.0001,0.0001,0.0001,3,0.0,0.36
BTCUSDT,2024-02-06,8.907666666666668e-05,6.723e-05,0.0001,3,0.0,0.3644
BTCUSDT,2024-02-07,7.068666666666666e-05,5.373e-05,8.306e-05,3,0.0,0.3717
BTCUSDT,2024-02-08,6.375e-05,2.59e-05,0.0001,3,0.0,0.3745
BTCUSDT,2024-02-09,7.653666666666667e-05,3.16e-05,0.0001,3,0.0,0.3694
BTCUSDT,2024-02-10,9.347e-05,8.041e-05,0.0001,3,0.0,0.3626
BTCUSDT,2024-02-11,0.0001,0.0001,0.0001,3,0.0,0.36
BTCUSDT,2024-02-12,0.0001,0.0001,0.0001,3,0.0,0.36
BTCUSDT,2024-02-13,0.0001,0.0001,0.0001,3,0.0,0.36
BTCUSDT,2024-02-14,0.00010761,0.0001,0.00012283,3,0.0,0.357
BTCUSDT,2024-02-15,0.0001,0.0001,0.0001,3,0.0,0.36
BTCUSDT,2024-02-16,0.0001,0.0001,0.0001,3,0.0,0.36
BTCUSDT,2024-02-17,0.0001201366666666,0.0001,0.00016041,3,0.0,0.3519
BTCUSDT,2024-02-18,0.0001654666666666,0.00015305,0.0001724,3,0.0,0.3338
BTCUSDT,2024-02-19,0.0001866166666666,0.00013327,0.00023064,3,0.0,0.3254
BTCUSDT,2024-02-20,0.0001387733333333,0.00010461,0.00020259,3,0.0,0.3445
BTCUSDT,2024-02-21,0.00010414,0.0001,0.00011242,3,0.0,0.3583
BTCUSDT,2024-02-22,0.0001201233333333,0.0001,0.0001348,3,0.0,0.352
BTCUSDT,2024-02-23,0.0001099699999999,0.0001,0.00012991,3,0.0,0.356
BTCUSDT,2024-02-24,0.0001,0.0001,0.0001,3,0.0,0.36
BTCUSDT,2024-02-25,0.0001383733333333,0.00011438,0.00015062,3,0.0,0.3447
BTCUSDT,2024-02-26,0.00025185,0.00021567,0.00027227,3,0.0,0.2993
BTCUSDT,2024-02-27,0.00042916,0.00022965,0.00073521,3,0.0,0.2283
BTCUSDT,2024-02-28,0.0003464966666666,0.00023682,0.00053538,3,0.0,0.2614
BTCUSDT,2024-02-29,0.0006748633333333,0.00057031,0.00076337,3,0.0,0.1301
BTCUSDT,2024-03-01,0.0005471866666666,0.0004601,0.00064824,3,0.0,0.1811
BTCUSDT,2024-03-02,0.0004899866666666,0.00033426,0.00057174,3,0.0,0.204
BTCUSDT,2024-03-03,0.00044618,0.00042989,0.00046267,3,0.0,0.2215
BTCUSDT,2024-03-04,0.0005517466666666,0.00046833,0.0006362,3,0.0,0.1793
BTCUSDT,2024-03-05,0.00073359,0.0004896,0.00088148,3,0.0,0.1066
BTCUSDT,2024-03-06,0.0003983666666666,0.00033876,0.00049354,3,0.0,0.2407
BTCUSDT,2024-03-07,0.0004183733333333,0.00030311,0.00054217,3,0.0,0.2327
BTCUSDT,2024-03-08,0.0004707633333333,0.00034819,0.00062913,3,0.0,0.2117
BTCUSDT,2024-03-09,0.0002560733333333,0.00019134,0.00031281,3,0.0,0.2976
BTCUSDT,2024-03-10,0.0004964666666666,0.0003101,0.00063451,3,0.0,0.2014
BTCUSDT,2024-03-11,0.0006010433333333,0.00035489,0.00078428,3,0.0,0.1596
BTCUSDT,2024-03-12,0.0004590166666666,0.0004447,0.00047935,3,0.0,0.2164
BTCUSDT,2024-03-13,0.00047682,0.00033224,0.0006442,3,0.0,0.2093
BTCUSDT,2024-03-14,0.0003380133333333,0.00024393,0.00038753,3,0.0,0.2648
BTCUSDT,2024-03-15,0.0002271633333333,0.00014328,0.00038515,3,0.0,0.3091
BTCUSDT,2024-03-16,0.0001800499999999,0.0001,0.00023202,3,0.0,0.328
BTCUSDT,2024-03-17,0.00018563,0.00013089,0.00024827,3,0.0,0.3257
BTCUSDT,2024-03-18,0.0002599099999999,0.00020181,0.00030597,3,0.0,0.296
BTCUSDT,2024-03-19,0.0002666866666666,0.00024018,0.00029065,3,0.0,0.2933
BTCUSDT,2024-03-20,0.00014745,0.0001,0.00018388,3,0.0,0.341
BTCUSDT,2024-03-21,0.0001640566666666,0.00010403,0.0001951,3,0.0,0.3344
BTCUSDT,2024-03-22,0.0001275466666666,0.0001,0.00016271,3,0.0,0.349
BTCUSDT,2024-03-23,0.0001026866666666,0.0001,0.00010806,3,0.0,0.3589
BTCUSDT,2024-03-24,0.00013617,0.00010351,0.00015884,3,0.0,0.3455
BTCUSDT,2024-03-25,0.0002356266666666,0.00016324,0.00028815,3,0.0,0.3057
BTCUSDT,2024-03-26,0.0002235833333333,0.00018348,0.00026764,3,0.0,0.3106
BTCUSDT,2024-03-27,0.0003397966666666,0.00028757,0.00043631,3,0.0,0.2641
BTCUSDT,2024-03-28,0.0002784133333333,0.00024195,0.00029899,3,0.0,0.2886
BTCUSDT,2024-03-29,0.0002462533333333,0.0001825,0.0003017,3,0.0,0.3015
BTCUSDT,2024-03-30,0.0002875033333333,0.00019624,0.0003436,3,0.0,0.285
BTCUSDT,2024-03-31,0.0003751366666666,0.00032351,0.00040301,3,0.0,0.2499
BTCUSDT,2024-04-01,0.0004370699999999,0.00027469,0.00070161,3,0.0,0.2252
BTCUSDT,2024-04-02,0.0001246066666666,0.0001,0.00016456,3,0.0,0.3502
BTCUSDT,2024-04-03,0.0001,0.0001,0.0001,3,0.0,0.36
BTCUSDT,2024-04-04,0.0001,0.0001,0.0001,3,0.0,0.36
BTCUSDT,2024-04-05,0.0001,0.0001,0.0001,3,0.0,0.36
BTCUSDT,2024-04-06,0.0001,0.0001,0.0001,3,0.0,0.36
BTCUSDT,2024-04-07,0.0001,0.0001,0.0001,3,0.0,0.36
BTCUSDT,2024-04-08,0.0001839633333333,0.0001,0.00035189,3,0.0,0.3264
BTCUSDT,2024-04-09,0.0002019299999999,0.00019061,0.00020915,3,0.0,0.3192
BTCUSDT,2024-04-10,0.00011462,0.0001,0.00012457,3,0.0,0.3542
BTCUSDT,2024-04-11,0.0001796499999999,0.00013979,0.00020153,3,0.0,0.3281
BTCUSDT,2024-04-12,0.0001636733333333,0.00011258,0.0002563,3,0.0,0.3345
BTCUSDT,2024-04-13,0.0001,0.0001,0.0001,3,0.0,0.36
BTCUSDT,2024-04-14,0.0001,0.0001,0.0001,3,0.0,0.36
BTCUSDT,2024-04-15,7.253e-05,1.759e-05,0.0001,3,0.0,0.371
BTCUSDT,2024-04-16,6.330333333333333e-05,3.513e-05,9.525e-05,3,0.0,0.3747
BTCUSDT,2024-04-17,5.494333333333333e-05,3.574e-05,6.534e-05,3,0.0,0.378
BTCUSDT,2024-04-18,3.195e-05,-3.334e-05,6.937e-05,3,0.0476190476190476,0.3967
BTCUSDT,2024-04-19,3.133666666666667e-05,-3.12e-05,6.641e-05,3,0.0952380952380952,0.4065
BTCUSDT,2024-04-20,4.479333333333333e-05,-7.66e-06,0.0001,3,0.1428571428571428,0.4107
BTCUSDT,2024-04-21,3.1213333333333335e-05,-2.093e-05,8.271e-05,3,0.1904761904761904,0.4256
BTCUSDT,2024-04-22,2.6013333333333337e-05,8.98e-06,4.409e-05,3,0.1904761904761904,0.4277
BTCUSDT,2024-04-23,9.736666666666668e-06,-1.236e-05,5.24e-05,3,0.2857142857142857,0.4532
BTCUSDT,2024-04-24,4.587333333333333e-05,1.413e-05,7.047e-05,3,0.2857142857142857,0.4388
BTCUSDT,2024-04-25,4.076333333333333e-05,1.14e-05,7.02e-05,3,0.238095238095238,0.4313
BTCUSDT,2024-04-26,2.652e-05,6.85e-06,5.562e-05,3,0.1904761904761904,0.4275
BTCUSDT,2024-04-27,6.768e-05,2.834e-05,0.0001,3,0.1428571428571428,0.4015
BTCUSDT,2024-04-28,5.6900000000000014e-06,-2.081e-05,2.782e-05,3,0.1428571428571428,0.4263
BTCUSDT,2024-04-29,4.948e-05,2.472e-05,6.828e-05,3,0.1428571428571428,0.4088
BTCUSDT,2024-04-30,9.631333333333332e-05,9.154e-05,0.0001,3,0.0476190476190476,0.371
BTCUSDT,2024-05-01,9.616e-05,8.946e-05,0.0001,3,0.0476190476190476,0.3711
BTCUSDT,2024-05-02,4.2266666666666666e-05,-1.23e-06,6.634e-05,3,0.0952380952380952,0.4021
BTCUSDT,2024-05-03,9.259999999999998e-06,-3.764e-05,8.091e-05,3,0.1904761904761904,0.4344
BTCUSDT,2024-05-04,5.474333333333334e-05,2.703e-05,7.455e-05,3,0.1904761904761904,0.4162
BTCUSDT,2024-05-05,3.815333333333334e-05,6.47e-06,6.906e-05,3,0.1428571428571428,0.4133
BTCUSDT,2024-05-06,2.439e-05,-1.031e-05,7.746e-05,3,0.1904761904761904,0.4283
BTCUSDT,2024-05-07,5.5576666666666666e-05,1.581e-05,9.028e-05,3,0.1904761904761904,0.4159
BTCUSDT,2024-05-08,6.578666666666666e-05,4.891e-05,9.292e-05,3,0.1904761904761904,0.4118
BTCUSDT,2024-05-09,5.405333333333333e-05,3.315e-05,7.253e-05,3,0.1428571428571428,0.407
BTCUSDT,2024-05-10,4.8710000000000006e-05,1.026e-05,7.653e-05,3,0.0476190476190476,0.39
BTCUSDT,2024-05-11,5.9063333333333334e-05,3.771e-05,8.881e-05,3,0.0476190476190476,0.3859
BTCUSDT,2024-05-12,5.144666666666666e-05,2.604e-05,0.0001,3,0.0476190476190476,0.3889
BTCUSDT,2024-05-13,9.206666666666666e-05,8.469e-05,0.0001,3,0.0,0.3632
BTCUSDT,2024-05-14,8.086e-05,4.392e-05,0.0001,3,0.0,0.3677
BTCUSDT,2024-05-15,3.996e-05,-3.85e-06,0.0001,3,0.0476190476190476,0.3935
BTCUSDT,2024-05-16,3.598e-05,2.103e-05,5.148e-05,3,0.0476190476190476,0.3951
BTCUSDT,2024-05-17,1.7213333333333333e-05,-2.98e-06,4.647e-05,3,0.0952380952380952,0.4122
BTCUSDT,2024-05-18,2.6159999999999997e-05,-7.92e-06,8.012e-05,3,0.1428571428571428,0.4181
BTCUSDT,2024-05-19,4.4426666666666666e-05,3.339e-05,5.21e-05,3,0.1428571428571428,0.4108
BTCUSDT,2024-05-20,3.5459999999999996e-05,2.479e-05,5.607e-05,3,0.1428571428571428,0.4144
BTCUSDT,2024-05-21,0.0001017233333333,0.0001,0.00010517,3,0.1428571428571428,0.3879
BTCUSDT,2024-05-22,0.0001191966666666,0.0001,0.00015759,3,0.0952380952380952,0.3714
BTCUSDT,2024-05-23,0.0001,0.0001,0.0001,3,0.0952380952380952,0.379
BTCUSDT,2024-05-24,0.0001,0.0001,0.0001,3,0.0476190476190476,0.3695
BTCUSDT,2024-05-25,0.0001,0.0001,0.0001,3,0.0,0.36
BTCUSDT,2024-05-26,0.0001,0.0001,0.0001,3,0.0,0.36
BTCUSDT,2024-05-27,0.0001,0.0001,0.0001,3,0.0,0.36
BTCUSDT,2024-05-28,0.0001,0.0001,0.0001,3,0.0,0.36
BTCUSDT,2024-05-29,0.0001085266666666,0.0001,0.00012558,3,0.0,0.3566
BTCUSDT,2024-05-30,0.0001,0.0001,0.0001,3,0.0,0.36
BTCUSDT,2024-05-31,0.00012289,0.0001,0.00014599,3,0.0,0.3508
BTCUSDT,2024-06-01,0.0001008333333333,0.0001,0.0001025,3,0.0,0.3597
BTCUSDT,2024-06-02,0.0001,0.0001,0.0001,3,0.0,0.36
BTCUSDT,2024-06-03,0.0001137833333333,0.0001,0.00014135,3,0.0,0.3545
BTCUSDT,2024-06-04,0.0001066933333333,0.0001,0.00012008,3,0.0,0.3573
BTCUSDT,2024-06-05,0.0001320433333333,0.0001,0.00016387,3,0.0,0.3472
BTCUSDT,2024-06-06,0.0001073599999999,0.0001,0.0001177,3,0.0,0.3571
BTCUSDT,2024-06-07,0.0001005533333333,0.0001,0.00010166,3,0.0,0.3598
BTCUSDT,2024-06-08,0.0001,0.0001,0.0001,3,0.0,0.36
BTCUSDT,2024-06-09,0.0001,0.0001,0.0001,3,0.0,0.36
BTCUSDT,2024-06-10,0.0001,0.0001,0.0001,3,0.0,0.36
BTCUSDT,2024-06-11,0.0001,0.0001,0.0001,3,0.0,0.36
BTCUSDT,2024-06-12,0.0001,0.0001,0.0001,3,0.0,0.36
BTCUSDT,2024-06-13,0.0001,0.0001,0.0001,3,0.0,0.36
BTCUSDT,2024-06-14,0.0001,0.0001,0.0001,3,0.0,0.36
BTCUSDT,2024-06-15,0.0001,0.0001,0.0001,3,0.0,0.36
BTCUSDT,2024-06-16,0.0001,0.0001,0.0001,3,0.0,0.36
BTCUSDT,2024-06-17,0.0001,0.0001,0.0001,3,0.0,0.36
BTCUSDT,2024-06-18,9.412e-05,8.236e-05,0.0001,3,0.0,0.3624
BTCUSDT,2024-06-19,5.698000000000001e-05,2.967e-05,0.0001,3,0.0,0.3772
BTCUSDT,2024-06-20,5.588666666666667e-05,3.934e-05,6.879e-05,3,0.0,0.3776
BTCUSDT,2024-06-21,6.890666666666668e-05,3.344e-05,0.0001,3,0.0,0.3724
BTCUSDT,2024-06-22,8.048666666666667e-05,4.146e-05,0.0001,3,0.0,0.3678
BTCUSDT,2024-06-23,5.6609999999999995e-05,2.307e-05,0.0001,3,0.0,0.3774
BTCUSDT,2024-06-24,9.007333333333334e-05,7.488e-05,0.0001,3,0.0,0.364
BTCUSDT,2024-06-25,7.049333333333334e-05,5.949e-05,7.752e-05,3,0.0,0.3718
BTCUSDT,2024-06-26,0.0001,0.0001,0.0001,3,0.0,0.36
BTCUSDT,2024-06-27,0.0001,0.0001,0.0001,3,0.0,0.36
BTCUSDT,2024-06-28,0.0001,0.0001,0.0001,3,0.0,0.36
BTCUSDT,2024-06-29,0.0001,0.0001,0.0001,3,0.0,0.36
BTCUSDT,2024-06-30,0.0001,0.0001,0.0001,3,0.0,0.36
BTCUSDT,2024-07-01,0.0001,0.0001,0.0001,3,0.0,0.36
BTCUSDT,2024-07-02,0.0001,0.0001,0.0001,3,0.0,0.36
BTCUSDT,2024-07-03,0.0001,0.0001,0.0001,3,0.0,0.36
BTCUSDT,2024-07-04,0.0001,0.0001,0.0001,3,0.0,0.36
BTCUSDT,2024-07-05,7.254000000000001e-05,1.762e-05,0.0001,3,0.0,0.371
BTCUSDT,2024-07-06,5.497e-05,3.25e-05,7.512e-05,3,0.0,0.378
BTCUSDT,2024-07-07,9.388e-05,8.164e-05,0.0001,3,0.0,0.3624
BTCUSDT,2024-07-08,8.709e-05,7.905e-05,0.0001,3,0.0,0.3652
BTCUSDT,2024-07-09,6.953666666666667e-05,8.61e-06,0.0001,3,0.0,0.3722
BTCUSDT,2024-07-10,8.236666666666666e-05,5.485e-05,0.0001,3,0.0,0.3671
BTCUSDT,2024-07-11,0.0001,0.0001,0.0001,3,0.0,0.36
BTCUSDT,2024-07-12,4.480333333333334e-05,3.026e-05,6.378e-05,3,0.0,0.3821
BTCUSDT,2024-07-13,8.394666666666668e-05,6.865e-05,0.0001,3,0.0,0.3664
BTCUSDT,2024-07-14,6.929666666666666e-05,3.71e-05,8.737e-05,3,0.0,0.3723
BTCUSDT,2024-07-15,2.426e-05,-5.14e-06,4.59e-05,3,0.0476190476190476,0.3998
BTCUSDT,2024-07-16,2.1563333333333338e-05,-5.062e-05,8.814e-05,3,0.0952380952380952,0.4104
BTCUSDT,2024-07-17,1.6633333333333326e-06,-3.419e-05,2.143e-05,3,0.1428571428571428,0.4279
BTCUSDT,2024-07-18,1.7873333333333334e-05,6.89e-06,3.127e-05,3,0.1428571428571428,0.4214
BTCUSDT,2024-07-19,4.4966666666666664e-05,4.029e-05,4.855e-05,3,0.1428571428571428,0.4106
BTCUSDT,2024-07-20,1.6300000000000007e-06,-3.077e-05,1.944e-05,3,0.1904761904761904,0.4374
BTCUSDT,2024-07-21,-8.243333333333335e-06,-5.313e-05,2.194e-05,3,0.238095238095238,0.4509
BTCUSDT,2024-07-22,5.9526666666666674e-05,2.769e-05,9.136e-05,3,0.1904761904761904,0.4143
BTCUSDT,2024-07-23,4.553666666666667e-05,4.31e-05,4.709e-05,3,0.1428571428571428,0.4104
BTCUSDT,2024-07-24,0.0001,0.0001,0.0001,3,0.0952380952380952,0.379
BTCUSDT,2024-07-25,0.0001,0.0001,0.0001,3,0.0952380952380952,0.379
BTCUSDT,2024-07-26,7.780000000000001e-05,3.34e-05,0.0001,3,0.0952380952380952,0.3879
BTCUSDT,2024-07-27,7.892666666666666e-05,6.547e-05,9.109e-05,3,0.0476190476190476,0.378
BTCUSDT,2024-07-28,6.720333333333333e-05,2.804e-05,9.177e-05,3,0.0,0.3731
BTCUSDT,2024-07-29,7.994666666666666e-05,5.623e-05,0.0001,3,0.0,0.368
BTCUSDT,2024-07-30,4.883e-05,3.396e-05,7.691e-05,3,0.0,0.3805
BTCUSDT,2024-07-31,4.689e-05,3.063e-05,7.178e-05,3,0.0,0.3812
BTCUSDT,2024-08-01,9.402666666666668e-05,8.208e-05,0.0001,3,0.0,0.3624
BTCUSDT,2024-08-02,0.0001,0.0001,0.0001,3,0.0,0.36
BTCUSDT,2024-08-03,8.011666666666667e-05,4.247e-05,0.0001,3,0.0,0.368
BTCUSDT,2024-08-04,8.447666666666668e-05,5.343e-05,0.0001,3,0.0,0.3662
BTCUSDT,2024-08-05,6.798666666666666e-05,4.429e-05,0.0001,3,0.0,0.3728
BTCUSDT,2024-08-06,1.7353333333333332e-05,-2.845e-05,4.485e-05,3,0.0476190476190476,0.4026
BTCUSDT,2024-08-07,-1.4493333333333334e-05,-6.859e-05,3.241e-05,3,0.1428571428571428,0.4344
BTCUSDT,2024-08-08,2.29e-05,1.147e-05,3.086e-05,3,0.1428571428571428,0.4194
BTCUSDT,2024-08-09,4.008e-05,2.184e-05,4.994e-05,3,0.1428571428571428,0.4125
BTCUSDT,2024-08-10,-2.4233333333333337e-05,-3.942e-05,-1.379e-05,3,0.2857142857142857,0.4668
BTCUSDT,2024-08-11,1.1316666666666666e-05,-1.839e-05,4.049e-05,3,0.3333333333333333,0.4621
BTCUSDT,2024-08-12,2.5526666666666667e-05,-2.238e-05,8.783e-05,3,0.3809523809523809,0.466
BTCUSDT,2024-08-13,9.196666666666666e-06,-3.902e-05,6.14e-05,3,0.3809523809523809,0.4725
BTCUSDT,2024-08-14,-2.6629999999999997e-05,-7.811e-05,1.152e-05,3,0.3809523809523809,0.4868
BTCUSDT,2024-08-15,-2.776666666666667e-05,-8.488e-05,6.339e-05,3,0.4761904761904761,0.5063
BTCUSDT,2024-08-16,-6.392999999999999e-05,-0.00011235,-5.57e-06,3,0.6190476190476191,0.5494
BTCUSDT,2024-08-17,1.979e-05,-1.52e-06,4.177e-05,3,0.5238095238095238,0.4968
BTCUSDT,2024-08-18,-1.6866666666666652e-06,-3.149e-05,3.966e-05,3,0.5714285714285714,0.515
BTCUSDT,2024-08-19,-4.1076666666666666e-05,-6.75e-05,-1.957e-05,3,0.6666666666666666,0.5498
BTCUSDT,2024-08-20,3.7333333333333313e-07,-2.656e-05,1.419e-05,3,0.6666666666666666,0.5332
BTCUSDT,2024-08-21,-2.317e-05,-6.756e-05,3.96e-06,3,0.6666666666666666,0.5426
BTCUSDT,2024-08-22,-2.717333333333333e-05,-7.261e-05,1.338e-05,3,0.6666666666666666,0.5442
BTCUSDT,2024-08-23,-1.7516666666666668e-05,-4.317e-05,2.391e-05,3,0.6190476190476191,0.5308
BTCUSDT,2024-08-24,1.633333333333333e-05,-7.72e-06,6.395e-05,3,0.6666666666666666,0.5268
BTCUSDT,2024-08-25,-1.0763333333333332e-05,-4.806e-05,3.108e-05,3,0.6666666666666666,0.5376
BTCUSDT,2024-08-26,3.225333333333333e-05,2.439e-05,3.789e-05,3,0.5238095238095238,0.4919
BTCUSDT,2024-08-27,4.099666666666667e-05,1.751e-05,7.753e-05,3,0.4761904761904761,0.4788
BTCUSDT,2024-08-28,-1.0756666666666666e-05,-6.803e-05,2.433e-05,3,0.4285714285714285,0.49
BTCUSDT,2024-08-29,-6.87e-06,-1.644e-05,5.59e-06,3,0.4285714285714285,0.4885
BTCUSDT,2024-08-30,2.4803333333333337e-05,9.36e-06,3.578e-05,3,0.3333333333333333,0.4567
BTCUSDT,2024-08-31,1.8763333333333337e-05,-1.749e-05,3.8e-05,3,0.2857142857142857,0.4496
BTCUSDT,2024-09-01,9.966666666666682e-07,-3.432e-05,4.113e-05,3,0.2857142857142857,0.4567
BTCUSDT,2024-09-02,-1.167e-05,-3.386e-05,2.48e-06,3,0.3809523809523809,0.4809
BTCUSDT,2024-09-03,5.322e-05,4.598e-05,6.245e-05,3,0.3809523809523809,0.4549
BTCUSDT,2024-09-04,5.9633333333333336e-06,-1.47e-05,2.209e-05,3,0.3809523809523809,0.4738
BTCUSDT,2024-09-05,4.510333333333333e-05,2.025e-05,9.016e-05,3,0.2857142857142857,0.4391
BTCUSDT,2024-09-06,1.2356666666666665e-05,-1e-08,2.28e-05,3,0.3333333333333333,0.4617
BTCUSDT,2024-09-07,-5.142333333333334e-05,-7.634e-05,-5.57e-06,3,0.4285714285714285,0.5063
BTCUSDT,2024-09-08,-2.4996666666666667e-05,-5.999e-05,3.745e-05,3,0.4285714285714285,0.4957
BTCUSDT,2024-09-09,-6.189333333333333e-05,-7.585e-05,-3.875e-05,3,0.4761904761904761,0.52
BTCUSDT,2024-09-10,-3.361333333333333e-05,-6.028e-05,-1.126e-05,3,0.6190476190476191,0.5373
BTCUSDT,2024-09-11,-5.470666666666667e-05,-8.953e-05,-2.247e-05,3,0.7142857142857143,0.5647
BTCUSDT,2024-09-12,-1.8156666666666665e-05,-2.95e-05,-5.46e-06,3,0.8571428571428571,0.5787
BTCUSDT,2024-09-13,-1.127e-05,-2.443e-05,-6.9e-07,3,0.9523809523809524,0.595
BTCUSDT,2024-09-14,-1.838e-05,-8.699e-05,2.326e-05,3,0.8571428571428571,0.5788
BTCUSDT,2024-09-15,-2.9333333333333337e-07,-4.91e-06,4.02e-06,3,0.8095238095238095,0.562
BTCUSDT,2024-09-16,4.242666666666667e-05,2.402e-05,6.762e-05,3,0.6666666666666666,0.5164
BTCUSDT,2024-09-17,5.2556666666666664e-05,1.911e-05,8.529e-05,3,0.5238095238095238,0.4837
BTCUSDT,2024-09-18,2.5566666666666664e-05,1.344e-05,4.648e-05,3,0.3809523809523809,0.466
BTCUSDT,2024-09-19,3.511e-05,2.949e-05,4.072e-05,3,0.238095238095238,0.4336
BTCUSDT,2024-09-20,4.3683333333333336e-05,-5.03e-06,8.065e-05,3,0.1428571428571428,0.4111
BTCUSDT,2024-09-21,7.624e-05,4.638e-05,0.0001,3,0.0952380952380952,0.3886
BTCUSDT,2024-09-22,7.025333333333333e-05,5.537e-05,9.254e-05,3,0.0476190476190476,0.3814
BTCUSDT,2024-09-23,4.4046666666666666e-05,1.364e-05,6.546e-05,3,0.0476190476190476,0.3919
BTCUSDT,2024-09-24,1.679e-05,-1.82e-06,2.895e-05,3,0.0952380952380952,0.4123
BTCUSDT,2024-09-25,1.2333333333333333e-05,1.141e-05,1.336e-05,3,0.0952380952380952,0.4141
BTCUSDT,2024-09-26,5.965333333333333e-05,1.65e-05,0.0001,3,0.0952380952380952,0.3952
BTCUSDT,2024-09-27,6.332333333333334e-05,2.275e-05,0.0001,3,0.0476190476190476,0.3842
BTCUSDT,2024-09-28,5.056333333333334e-05,1.414e-05,8.3e-05,3,0.0476190476190476,0.3893
BTCUSDT,2024-09-29,3.702e-05,7.25e-06,7.253e-05,3,0.0476190476190476,0.3947
BTCUSDT,2024-09-30,7.005333333333334e-05,3.077e-05,0.0001,3,0.0476190476190476,0.3815
BTCUSDT,2024-10-01,0.0001,0.0001,0.0001,3,0.0,0.36
BTCUSDT,2024-10-02,7.744e-05,6.632e-05,8.409e-05,3,0.0,0.369
BTCUSDT,2024-10-03,4.3723333333333335e-05,3.746e-05,4.99e-05,3,0.0,0.3825
BTCUSDT,2024-10-04,3.153e-05,2.43e-06,7.097e-05,3,0.0,0.3874
BTCUSDT,2024-10-05,1.1766666666666667e-06,-1.596e-05,1.088e-05,3,0.0476190476190476,0.4091
BTCUSDT,2024-10-06,2.68e-05,5.72e-06,4.18e-05,3,0.0476190476190476,0.3988
BTCUSDT,2024-10-07,1.9326666666666662e-05,-9.52e-06,4.573e-05,3,0.0952380952380952,0.4113
BTCUSDT,2024-10-08,4.505333333333333e-05,-1.678e-05,8.1e-05,3,0.1428571428571428,0.4106
BTCUSDT,2024-10-09,7.692333333333333e-05,5.138e-05,0.0001,3,0.1428571428571428,0.3978
BTCUSDT,2024-10-10,4.540666666666667e-05,1.532e-05,0.0001,3,0.1428571428571428,0.4104
BTCUSDT,2024-10-11,1.5900000000000009e-06,-1.874e-05,2.231e-05,3,0.1904761904761904,0.4375
BTCUSDT,2024-10-12,3.5776666666666666e-05,-1.489e-05,7.664e-05,3,0.1904761904761904,0.4238
BTCUSDT,2024-10-13,2.0896666666666663e-05,6.93e-06,3.938e-05,3,0.1904761904761904,0.4297
BTCUSDT,2024-10-14,8.476333333333334e-05,5.429e-05,0.0001,3,0.1428571428571428,0.3947
BTCUSDT,2024-10-15,0.0001,0.0001,0.0001,3,0.0952380952380952,0.379
BTCUSDT,2024-10-16,8.941666666666668e-05,8.325e-05,0.0001,3,0.0952380952380952,0.3833
BTCUSDT,2024-10-17,0.0001,0.0001,0.0001,3,0.0952380952380952,0.379
BTCUSDT,2024-10-18,0.0001,0.0001,0.0001,3,0.0476190476190476,0.3695
BTCUSDT,2024-10-19,0.0001,0.0001,0.0001,3,0.0,0.36
BTCUSDT,2024-10-20,0.0001,0.0001,0.0001,3,0.0,0.36
BTCUSDT,2024-10-21,0.0001,0.0001,0.0001,3,0.0,0.36
BTCUSDT,2024-10-22,0.0001,0.0001,0.0001,3,0.0,0.36
BTCUSDT,2024-10-23,0.0001,0.0001,0.0001,3,0.0,0.36
BTCUSDT,2024-10-24,0.0001,0.0001,0.0001,3,0.0,0.36
BTCUSDT,2024-10-25,0.0001,0.0001,0.0001,3,0.0,0.36
BTCUSDT,2024-10-26,7.441333333333333e-05,4.755e-05,0.0001,3,0.0,0.3702
BTCUSDT,2024-10-27,9.908e-05,9.724e-05,0.0001,3,0.0,0.3604
BTCUSDT,2024-10-28,9.457e-05,8.946e-05,0.0001,3,0.0,0.3622
BTCUSDT,2024-10-29,0.0001,0.0001,0.0001,3,0.0,0.36
BTCUSDT,2024-10-30,0.0001,0.0001,0.0001,3,0.0,0.36
BTCUSDT,2024-10-31,0.0001,0.0001,0.0001,3,0.0,0.36
BTCUSDT,2024-11-01,0.0001,0.0001,0.0001,3,0.0,0.36
BTCUSDT,2024-11-02,0.0001,0.0001,0.0001,3,0.0,0.36
BTCUSDT,2024-11-03,0.0001,0.0001,0.0001,3,0.0,0.36
BTCUSDT,2024-11-04,0.0001,0.0001,0.0001,3,0.0,0.36
BTCUSDT,2024-11-05,0.0001,0.0001,0.0001,3,0.0,0.36
BTCUSDT,2024-11-06,0.0001,0.0001,0.0001,3,0.0,0.36
BTCUSDT,2024-11-07,0.0001,0.0001,0.0001,3,0.0,0.36
BTCUSDT,2024-11-08,0.0001,0.0001,0.0001,3,0.0,0.36
BTCUSDT,2024-11-09,0.0001,0.0001,0.0001,3,0.0,0.36
BTCUSDT,2024-11-10,0.0001657199999999,0.0001,0.00025603,3,0.0,0.3337
BTCUSDT,2024-11-11,0.0001895933333333,0.0001,0.00036878,3,0.0,0.3242
BTCUSDT,2024-11-12,0.0004387466666666,0.00038754,0.00049133,3,0.0,0.2245
BTCUSDT,2024-11-13,0.0001498566666666,0.0001,0.00021856,3,0.0,0.3401
BTCUSDT,2024-11-14,0.0001,0.0001,0.0001,3,0.0,0.36
BTCUSDT,2024-11-15,0.0001032566666666,0.0001,0.00010977,3,0.0,0.3587
BTCUSDT,2024-11-16,0.00011077,0.0001,0.00013231,3,0.0,0.3557
BTCUSDT,2024-11-17,0.00012114,0.0001,0.00015765,3,0.0,0.3515
BTCUSDT,2024-11-18,0.0002258933333333,0.0001,0.0003645,3,0.0,0.3096
BTCUSDT,2024-11-19,0.0002326033333333,0.00017959,0.00030216,3,0.0,0.307
BTCUSDT,2024-11-20,0.0001,0.0001,0.0001,3,0.0,0.36
BTCUSDT,2024-11-21,0.0001,0.0001,0.0001,3,0.0,0.36
BTCUSDT,2024-11-22,0.0001,0.0001,0.0001,3,0.0,0.36
BTCUSDT,2024-11-23,0.0001,0.0001,0.0001,3,0.0,0.36
BTCUSDT,2024-11-24,0.0001645866666666,0.0001,0.00023228,3,0.0,0.3342
BTCUSDT,2024-11-25,0.00018756,0.0001,0.00025233,3,0.0,0.325
BTCUSDT,2024-11-26,0.0002314566666666,0.00017936,0.00029599,3,0.0,0.3074
BTCUSDT,2024-11-27,0.0001933333333333,0.0001,0.00031205,3,0.0,0.3227
BTCUSDT,2024-11-28,0.0001206166666666,0.0001,0.00014326,3,0.0,0.3518
BTCUSDT,2024-11-29,0.0001809566666666,0.00011747,0.00021921,3,0.0,0.3276
BTCUSDT,2024-11-30,0.0001265733333333,0.0001,0.00015909,3,0.0,0.3494
BTCUSDT,2024-12-01,0.0001516066666666,0.0001,0.00019581,3,0.0,0.3394
BTCUSDT,2024-12-02,0.00021223,0.00013387,0.00025726,3,0.0,0.3151
BTCUSDT,2024-12-03,0.0001655233333333,0.00011952,0.00024926,3,0.0,0.3338
BTCUSDT,2024-12-04,0.0002537399999999,0.00023234,0.00026634,3,0.0,0.2985
BTCUSDT,2024-12-05,0.0004904333333333,0.00027625,0.00072446,3,0.0,0.2038
BTCUSDT,2024-12-06,0.0001154466666666,0.0001,0.00014634,3,0.0,0.3538
BTCUSDT,2024-12-07,0.0001947866666666,0.00012374,0.00031972,3,0.0,0.3221
BTCUSDT,2024-12-08,0.0001704566666666,0.00016572,0.0001758,3,0.0,0.3318
BTCUSDT,2024-12-09,0.0002085333333333,0.00011115,0.00030413,3,0.0,0.3166
BTCUSDT,2024-12-10,0.0001,0.0001,0.0001,3,0.0,0.36
BTCUSDT,2024-12-11,0.0001,0.0001,0.0001,3,0.0,0.36
BTCUSDT,2024-12-12,0.0001,0.0001,0.0001,3,0.0,0.36
BTCUSDT,2024-12-13,0.0001,0.0001,0.0001,3,0.0,0.36
BTCUSDT,2024-12-14,8.916666666666666e-05,6.75e-05,0.0001,3,0.0,0.3643
BTCUSDT,2024-12-15,9.398e-05,8.194e-05,0.0001,3,0.0,0.3624
BTCUSDT,2024-12-16,9.727e-05,9.181e-05,0.0001,3,0.0,0.3611
BTCUSDT,2024-12-17,9.288666666666669e-05,7.866e-05,0.0001,3,0.0,0.3628
BTCUSDT,2024-12-18,9.719666666666666e-05,9.159e-05,0.0001,3,0.0,0.3611
BTCUSDT,2024-12-19,0.0001,0.0001,0.0001,3,0.0,0.36
BTCUSDT,2024-12-20,0.0001,0.0001,0.0001,3,0.0,0.36
BTCUSDT,2024-12-21,7.068666666666668e-05,1.206e-05,0.0001,3,0.0,0.3717
BTCUSDT,2024-12-22,9.876333333333334e-05,9.629e-05,0.0001,3,0.0,0.3605
BTCUSDT,2024-12-23,9.660333333333332e-05,8.981e-05,0.0001,3,0.0,0.3614
BTCUSDT,2024-12-24,0.0001,0.0001,0.0001,3,0.0,0.36
BTCUSDT,2024-12-25,0.0001,0.0001,0.0001,3,0.0,0.36
BTCUSDT,2024-12-26,8.621666666666667e-05,7.453e-05,9.827e-05,3,0.0,0.3655
BTCUSDT,2024-12-27,0.0001,0.0001,0.0001,3,0.0,0.36
BTCUSDT,2024-12-28,7.604e-05,5.173e-05,0.0001,3,0.0,0.3696
BTCUSDT,2024-12-29,9.337666666666668e-05,8.013e-05,0.0001,3,0.0,0.3626
BTCUSDT,2024-12-30,6.249666666666667e-05,-4.2e-07,0.0001,3,0.0476190476190476,0.3845
BTCUSDT,2024-12-31,0.0001,0.0001,0.0001,3,0.0476190476190476,0.3695
BTCUSDT,2025-01-01,0.0001,0.0001,0.0001,3,0.0476190476190476,0.3695
BTCUSDT,2025-01-02,0.0001,0.0001,0.0001,3,0.0476190476190476,0.3695
BTCUSDT,2025-01-03,8.414e-05,5.242e-05,0.0001,3,0.0476190476190476,0.3759
BTCUSDT,2025-01-04,6.165666666666668e-05,7.98e-06,0.0001,3,0.0476190476190476,0.3849
BTCUSDT,2025-01-05,9.44e-05,8.32e-05,0.0001,3,0.0476190476190476,0.3718
BTCUSDT,2025-01-06,0.0001,0.0001,0.0001,3,0.0,0.36
BTCUSDT,2025-01-07,9.060666666666666e-05,8.279e-05,0.0001,3,0.0,0.3638
BTCUSDT,2025-01-08,0.0001,0.0001,0.0001,3,0.0,0.36
BTCUSDT,2025-01-09,6.43e-05,-5.44e-06,0.0001,3,0.0476190476190476,0.3838
BTCUSDT,2025-01-10,3.661333333333333e-05,-1.06e-05,8.078e-05,3,0.0952380952380952,0.4044
BTCUSDT,2025-01-11,4.1143333333333336e-05,2.608e-05,5.68e-05,3,0.0952380952380952,0.4026
BTCUSDT,2025-01-12,4.955333333333333e-05,3.21e-05,6.647e-05,3,0.0952380952380952,0.3992
BTCUSDT,2025-01-13,4.3786666666666665e-05,8.81e-06,6.989e-05,3,0.0952380952380952,0.4015
BTCUSDT,2025-01-14,9.832e-05,9.496e-05,0.0001,3,0.0952380952380952,0.3797
BTCUSDT,2025-01-15,6.542666666666667e-05,4.989e-05,8.795e-05,3,0.0952380952380952,0.3929
BTCUSDT,2025-01-16,4.298e-05,7.28e-06,7.568e-05,3,0.0476190476190476,0.3923
BTCUSDT,2025-01-17,5.8049999999999995e-05,3.432e-05,9.386e-05,3,0.0,0.3768
BTCUSDT,2025-01-18,8.902333333333334e-05,6.707e-05,0.0001,3,0.0,0.3644
BTCUSDT,2025-01-19,0.0001,0.0001,0.0001,3,0.0,0.36
BTCUSDT,2025-01-20,0.0001,0.0001,0.0001,3,0.0,0.36
BTCUSDT,2025-01-21,0.0001,0.0001,0.0001,3,0.0,0.36
BTCUSDT,2025-01-22,0.0001,0.0001,0.0001,3,0.0,0.36
BTCUSDT,2025-01-23,9.09e-05,8.616e-05,0.0001,3,0.0,0.3636
BTCUSDT,2025-01-24,5.8036666666666666e-05,3.34e-06,9.54e-05,3,0.0,0.3768
BTCUSDT,2025-01-25,7.326333333333333e-05,5.702e-05,8.495e-05,3,0.0,0.3707
BTCUSDT,2025-01-26,8.935333333333333e-05,8.363e-05,0.0001,3,0.0,0.3643
BTCUSDT,2025-01-27,4.298e-05,9.8e-07,9.084e-05,3,0.0,0.3828
BTCUSDT,2025-01-28,7.854e-05,3.714e-05,0.0001,3,0.0,0.3686
BTCUSDT,2025-01-29,9.983e-05,9.949e-05,0.0001,3,0.0,0.3601
BTCUSDT,2025-01-30,9.029666666666666e-05,7.59e-05,0.0001,3,0.0,0.3639
BTCUSDT,2025-01-31,7.075e-05,1.225e-05,0.0001,3,0.0,0.3717
BTCUSDT,2025-02-01,6.478333333333334e-05,5.369e-05,8.098e-05,3,0.0,0.3741
BTCUSDT,2025-02-02,2.7810000000000003e-05,-8.61e-06,5.824e-05,3,0.0476190476190476,0.3984
BTCUSDT,2025-02-03,8.281666666666667e-05,4.845e-05,0.0001,3,0.0476190476190476,0.3764
BTCUSDT,2025-02-04,4.516666666666666e-05,2.612e-05,6.8e-05,3,0.0476190476190476,0.3915
BTCUSDT,2025-02-05,1.9743333333333335e-05,-4.61e-06,4.774e-05,3,0.0952380952380952,0.4112
BTCUSDT,2025-02-06,2.617e-05,-2.38e-06,5.903e-05,3,0.1428571428571428,0.4181
BTCUSDT,2025-02-07,6.713e-05,5.167e-05,7.983e-05,3,0.1428571428571428,0.4017
BTCUSDT,2025-02-08,-8.796666666666667e-06,-4.1e-05,1.137e-05,3,0.1904761904761904,0.4416
BTCUSDT,2025-02-09,5.437333333333333e-05,2.839e-05,9.6e-05,3,0.1428571428571428,0.4068
BTCUSDT,2025-02-10,6.145e-05,1.802e-05,9.176e-05,3,0.1428571428571428,0.404
BTCUSDT,2025-02-11,2.954e-05,-2.446e-05,7.09e-05,3,0.1904761904761904,0.4263
BTCUSDT,2025-02-12,3.7189999999999995e-05,1.298e-05,4.96e-05,3,0.1428571428571428,0.4137
BTCUSDT,2025-02-13,4.974e-05,8.05e-06,0.0001,3,0.0952380952380952,0.3992
BTCUSDT,2025-02-14,5.567666666666667e-05,4.1e-05,7.093e-05,3,0.0952380952380952,0.3968
BTCUSDT,2025-02-15,2.3623333333333335e-05,5.5e-07,3.735e-05,3,0.0476190476190476,0.4001
BTCUSDT,2025-02-16,2.457e-05,1.82e-06,3.799e-05,3,0.0476190476190476,0.3997
BTCUSDT,2025-02-17,4.881666666666667e-05,2.009e-05,6.397e-05,3,0.0476190476190476,0.39
BTCUSDT,2025-02-18,9.829333333333334e-05,9.488e-05,0.0001,3,0.0,0.3607
BTCUSDT,2025-02-19,7.915333333333333e-05,7.007e-05,8.96e-05,3,0.0,0.3683
BTCUSDT,2025-02-20,4.345e-05,2.42e-05,7.346e-05,3,0.0,0.3826
BTCUSDT,2025-02-21,7.706666666666667e-06,-9.7e-07,2.286e-05,3,0.0476190476190476,0.4064
BTCUSDT,2025-02-22,6.261333333333333e-05,2.318e-05,0.0001,3,0.0476190476190476,0.3845
BTCUSDT,2025-02-23,2.91e-05,1.478e-05,4.112e-05,3,0.0476190476190476,0.3979
BTCUSDT,2025-02-24,1.987e-05,-2.97e-05,6.881e-05,3,0.0952380952380952,0.4111
BTCUSDT,2025-02-25,5.543333333333334e-05,1.385e-05,0.0001,3,0.0952380952380952,0.3969
BTCUSDT,2025-02-26,6.508666666666666e-05,3.521e-05,0.0001,3,0.0952380952380952,0.393
BTCUSDT,2025-02-27,6.040333333333334e-05,-6.17e-06,9.433e-05,3,0.1428571428571428,0.4044
BTCUSDT,2025-02-28,6.197333333333333e-05,-3.73e-06,9.521e-05,3,0.1428571428571428,0.4038
BTCUSDT,2025-03-01,-2.326666666666667e-05,-6.108e-05,-1.4e-07,3,0.2857142857142857,0.4664
BTCUSDT,2025-03-02,-2.248666666666667e-05,-2.869e-05,-1.094e-05,3,0.4285714285714285,0.4947
BTCUSDT,2025-03-03,1.8166666666666656e-06,-5.518e-05,5.272e-05,3,0.4285714285714285,0.485
BTCUSDT,2025-03-04,-1.6333333333333329e-06,-1.526e-05,1.306e-05,3,0.5238095238095238,0.5054
BTCUSDT,2025-03-05,3.954333333333333e-05,2.722e-05,5.028e-05,3,0.5238095238095238,0.4889
BTCUSDT,2025-03-06,5.589666666666667e-05,3.538e-05,6.818e-05,3,0.4761904761904761,0.4729
BTCUSDT,2025-03-07,-4.1000000000000004e-07,-1.539e-05,2.028e-05,3,0.5238095238095238,0.5049
BTCUSDT,2025-03-08,2.303e-05,3.73e-06,5.328e-05,3,0.3809523809523809,0.467
BTCUSDT,2025-03-09,3.479666666666667e-05,-2.779e-05,0.0001,3,0.2857142857142857,0.4432
BTCUSDT,2025-03-10,3.111e-05,1.344e-05,4.037e-05,3,0.238095238095238,0.4352
BTCUSDT,2025-03-11,5.570333333333333e-05,3.26e-05,8.746e-05,3,0.1428571428571428,0.4063
BTCUSDT,2025-03-12,3.467999999999999e-05,5.76e-06,5.815e-05,3,0.1428571428571428,0.4147
BTCUSDT,2025-03-13,1.8963333333333335e-05,4.3e-06,3.19e-05,3,0.1428571428571428,0.421
BTCUSDT,2025-03-14,3.691333333333333e-05,3.57e-06,5.386e-05,3,0.0476190476190476,0.3948
BTCUSDT,2025-03-15,-2.915e-05,-6.035e-05,-3.21e-06,3,0.1904761904761904,0.4498
BTCUSDT,2025-03-16,1.9716666666666667e-05,4.32e-06,4.236e-05,3,0.1428571428571428,0.4207
BTCUSDT,2025-03-17,3.4660000000000004e-05,8.59e-06,8.474e-05,3,0.1428571428571428,0.4147
BTCUSDT,2025-03-18,2.092e-05,7.03e-06,3.514e-05,3,0.1428571428571428,0.4202
BTCUSDT,2025-03-19,3.7283333333333336e-05,2e-06,5.961e-05,3,0.1428571428571428,0.4137
BTCUSDT,2025-03-20,2.2733333333333335e-05,1.086e-05,3.79e-05,3,0.1428571428571428,0.4195
BTCUSDT,2025-03-21,3.152333333333333e-05,1.615e-05,5.324e-05,3,0.1428571428571428,0.416
BTCUSDT,2025-03-22,2.0526666666666668e-05,-1.77e-05,5.092e-05,3,0.0476190476190476,0.4013
BTCUSDT,2025-03-23,1.9783333333333338e-05,-1.84e-06,4.02e-05,3,0.0952380952380952,0.4111
BTCUSDT,2025-03-24,1.3763333333333333e-05,-3.422e-05,5.512e-05,3,0.1428571428571428,0.4231
BTCUSDT,2025-03-25,-9.576666666666666e-06,-3.776e-05,1.15e-05,3,0.238095238095238,0.4514
BTCUSDT,2025-03-26,-1.471e-05,-3.082e-05,1.659e-05,3,0.3333333333333333,0.4726
BTCUSDT,2025-03-27,1.6293333333333332e-05,-3.76e-05,5.512e-05,3,0.3809523809523809,0.4697
BTCUSDT,2025-03-28,3.081666666666667e-05,-4.57e-06,8.118e-05,3,0.4285714285714285,0.4734
BTCUSDT,2025-03-29,5.369333333333333e-05,2.53e-05,8.214e-05,3,0.3809523809523809,0.4547
BTCUSDT,2025-03-30,1.7853333333333334e-05,3.41e-06,4.588e-05,3,0.3333333333333333,0.4595
BTCUSDT,2025-03-31,3.502666666666667e-05,1.845e-05,6.02e-05,3,0.2857142857142857,0.4431
BTCUSDT,2025-04-01,3.474333333333333e-05,2.889e-05,3.961e-05,3,0.1904761904761904,0.4242
BTCUSDT,2025-04-02,5.523333333333333e-06,-2.112e-05,3.036e-05,3,0.1428571428571428,0.4264
BTCUSDT,2025-04-03,5.7946666666666665e-05,5.038e-05,6.484e-05,3,0.0952380952380952,0.3959
BTCUSDT,2025-04-04,5.685666666666666e-05,4.283e-05,8.038e-05,3,0.0476190476190476,0.3868
BTCUSDT,2025-04-05,5.467999999999999e-05,4.08e-06,8.559e-05,3,0.0476190476190476,0.3877
BTCUSDT,2025-04-06,1.6603333333333334e-05,-6.03e-06,5.363e-05,3,0.0952380952380952,0.4124
BTCUSDT,2025-04-07,5.600333333333334e-05,4.946e-05,6.857e-05,3,0.0952380952380952,0.3966
BTCUSDT,2025-04-08,3.594333333333333e-05,3.134e-05,4.074e-05,3,0.0952380952380952,0.4047
BTCUSDT,2025-04-09,4.7239999999999995e-05,-2.252e-05,9.568e-05,3,0.0952380952380952,0.4002
BTCUSDT,2025-04-10,4.864666666666667e-05,1.14e-06,7.705e-05,3,0.0952380952380952,0.3996
BTCUSDT,2025-04-11,3.5366666666666674e-06,-4.294e-05,3.29e-05,3,0.1428571428571428,0.4272
BTCUSDT,2025-04-12,4.894e-05,3.654e-05,5.64e-05,3,0.1428571428571428,0.409
BTCUSDT,2025-04-13,7.709333333333334e-05,5.057e-05,9.642e-05,3,0.0952380952380952,0.3882
BTCUSDT,2025-04-14,5.8893333333333334e-05,2.428e-05,8.113e-05,3,0.0952380952380952,0.3955
BTCUSDT,2025-04-15,2.138666666666667e-05,-2.073e-05,6.606e-05,3,0.1428571428571428,0.42
BTCUSDT,2025-04-16,3.7743333333333335e-05,1.978e-05,6.917e-05,3,0.0952380952380952,0.404
BTCUSDT,2025-04-17,3.502666666666666e-05,1.404e-05,5.679e-05,3,0.0952380952380952,0.405
BTCUSDT,2025-04-18,3.951333333333333e-05,1.788e-05,7.071e-05,3,0.0476190476190476,0.3937
BTCUSDT,2025-04-19,2.3336666666666663e-05,-1.953e-05,6.024e-05,3,0.0952380952380952,0.4097
BTCUSDT,2025-04-20,-1.2113333333333331e-05,-2.258e-05,-2.98e-06,3,0.238095238095238,0.4525
BTCUSDT,2025-04-21,4.062666666666667e-05,1.553e-05,5.403e-05,3,0.238095238095238,0.4314
BTCUSDT,2025-04-22,-1.333333333333321e-07,-7.045e-05,7.749e-05,3,0.2857142857142857,0.4572
BTCUSDT,2025-04-23,1.524e-05,-1.389e-05,4.587e-05,3,0.3333333333333333,0.4606
BTCUSDT,2025-04-24,1.246666666666666e-06,-2.671e-05,5.21e-05,3,0.4285714285714285,0.4852
BTCUSDT,2025-04-25,-4.9133333333333334e-06,-1.764e-05,1.7e-06,3,0.4761904761904761,0.4972
BTCUSDT,2025-04-26,-3.3346666666666664e-05,-0.00010085,2.855e-05,3,0.5238095238095238,0.5181
BTCUSDT,2025-04-27,-8.603333333333335e-06,-1.5e-05,-4.21e-06,3,0.5238095238095238,0.5082
BTCUSDT,2025-04-28,-1.734e-05,-5.821e-05,3.73e-06,3,0.5714285714285714,0.5212
BTCUSDT,2025-04-29,3.15e-06,-7.73e-06,1.305e-05,3,0.5238095238095238,0.5035
BTCUSDT,2025-04-30,-2.013e-05,-5.181e-05,2.939e-05,3,0.5714285714285714,0.5223
BTCUSDT,2025-05-01,4.153333333333333e-06,-8.028e-05,5.755e-05,3,0.5238095238095238,0.5031
BTCUSDT,2025-05-02,-0.00010101,-0.00012232,-8.689e-05,3,0.6190476190476191,0.5642
BTCUSDT,2025-05-03,-1.4126666666666666e-05,-5.953e-05,3.198e-05,3,0.6190476190476191,0.5295
BTCUSDT,2025-05-04,2.448e-05,3.7e-06,3.745e-05,3,0.4761904761904761,0.4854
BTCUSDT,2025-05-05,-3.383333333333334e-06,-2.404e-05,3.636e-05,3,0.5238095238095238,0.5061
BTCUSDT,2025-05-06,2.391666666666667e-05,7.57e-06,4.44e-05,3,0.4761904761904761,0.4857
BTCUSDT,2025-05-07,8.376666666666667e-06,-2.5e-07,1.32e-05,3,0.4285714285714285,0.4824
BTCUSDT,2025-05-08,4.2180000000000006e-05,2.318e-05,5.728e-05,3,0.3809523809523809,0.4593
BTCUSDT,2025-05-09,8.126e-05,4.378e-05,0.0001,3,0.238095238095238,0.4151
BTCUSDT,2025-05-10,7.971333333333333e-05,4.257e-05,0.0001,3,0.1428571428571428,0.3967
BTCUSDT,2025-05-11,8.05e-05,4.15e-05,0.0001,3,0.1428571428571428,0.3964
BTCUSDT,2025-05-12,5.585e-05,2.301e-05,0.0001,3,0.0476190476190476,0.3872
BTCUSDT,2025-05-13,8.034333333333333e-05,6.847e-05,0.0001,3,0.0476190476190476,0.3774
BTCUSDT,2025-05-14,6.879333333333332e-05,3.175e-05,9.921e-05,3,0.0,0.3725
BTCUSDT,2025-05-15,3.251e-05,1.439e-05,5.336e-05,3,0.0,0.387
BTCUSDT,2025-05-16,5.6023333333333336e-05,4.504e-05,7.535e-05,3,0.0,0.3776
BTCUSDT,2025-05-17,2.2526666666666666e-05,5.97e-06,3.34e-05,3,0.0,0.391
BTCUSDT,2025-05-18,7.548333333333333e-05,5.903e-05,0.0001,3,0.0,0.3698
BTCUSDT,2025-05-19,4.713333333333333e-05,2.11e-05,6.04e-05,3,0.0,0.3811
BTCUSDT,2025-05-20,5.583666666666667e-05,1.266e-05,8.378e-05,3,0.0,0.3777
BTCUSDT,2025-05-21,7.011e-05,5.119e-05,8.767e-05,3,0.0,0.372
BTCUSDT,2025-05-22,0.0001,0.0001,0.0001,3,0.0,0.36
BTCUSDT,2025-05-23,8.398666666666666e-05,7.261e-05,9.321e-05,3,0.0,0.3664
BTCUSDT,2025-05-24,5.317e-05,3.524e-05,7.837e-05,3,0.0,0.3787
BTCUSDT,2025-05-25,6.186e-05,3.651e-05,9.794e-05,3,0.0,0.3753
BTCUSDT,2025-05-26,9.037666666666669e-05,7.331e-05,0.0001,3,0.0,0.3638
BTCUSDT,2025-05-27,5.797333333333333e-05,2.476e-05,7.65e-05,3,0.0,0.3768
BTCUSDT,2025-05-28,3.597333333333333e-05,2.164e-05,5.368e-05,3,0.0,0.3856
BTCUSDT,2025-05-29,4.792333333333333e-05,2.812e-05,8.379e-05,3,0.0,0.3808
BTCUSDT,2025-05-30,4.621e-05,2.622e-05,7.392e-05,3,0.0,0.3815
BTCUSDT,2025-05-31,6.915e-05,4.687e-05,8.506e-05,3,0.0,0.3723
BTCUSDT,2025-06-01,1.9566666666666667e-05,-5.82e-06,4.117e-05,3,0.0476190476190476,0.4017
BTCUSDT,2025-06-02,3.139333333333333e-05,-6.42e-06,5.593e-05,3,0.0952380952380952,0.4065
BTCUSDT,2025-06-03,5.1756666666666665e-05,4.456e-05,6.066e-05,3,0.0952380952380952,0.3983
BTCUSDT,2025-06-04,1.1873333333333334e-05,-1.1e-07,2.611e-05,3,0.1428571428571428,0.4238
BTCUSDT,2025-06-05,2.7003333333333333e-05,7.4e-07,5.156e-05,3,0.1428571428571428,0.4178
BTCUSDT,2025-06-06,-3.172e-05,-3.491e-05,-2.995e-05,3,0.2857142857142857,0.4698
BTCUSDT,2025-06-07,-1.918e-05,-3.158e-05,2.94e-06,3,0.3809523809523809,0.4839
BTCUSDT,2025-06-08,2.2730000000000004e-05,-3.602e-05,5.613e-05,3,0.3809523809523809,0.4671
BTCUSDT,2025-06-09,1.639e-05,-2.164e-05,4.024e-05,3,0.3809523809523809,0.4696
BTCUSDT,2025-06-10,8.179666666666667e-05,6.374e-05,0.0001,3,0.3809523809523809,0.4435
BTCUSDT,2025-06-11,7.402666666666667e-05,5.039e-05,8.779e-05,3,0.3333333333333333,0.4371
BTCUSDT,2025-06-12,3.4336666666666666e-05,1.198e-05,7.247e-05,3,0.3333333333333333,0.4529
BTCUSDT,2025-06-13,5.953333333333333e-06,-1.801e-05,3.857e-05,3,0.2857142857142857,0.4548
BTCUSDT,2025-06-14,2.317e-05,1.135e-05,3.858e-05,3,0.1904761904761904,0.4288
BTCUSDT,2025-06-15,1.722333333333333e-05,-3.641e-05,7.369e-05,3,0.1904761904761904,0.4312
BTCUSDT,2025-06-16,2.933e-05,9.36e-06,5.07e-05,3,0.1428571428571428,0.4168
BTCUSDT,2025-06-17,3.278e-05,1.847e-05,5.776e-05,3,0.1428571428571428,0.4155
BTCUSDT,2025-06-18,2.8783333333333333e-05,-1.752e-05,6.692e-05,3,0.1904761904761904,0.4266
BTCUSDT,2025-06-19,1.2856666666666668e-05,6.16e-06,2.396e-05,3,0.1904761904761904,0.433
BTCUSDT,2025-06-20,4.609000000000001e-05,2.4e-05,7.862e-05,3,0.0952380952380952,0.4006
BTCUSDT,2025-06-21,4.45e-05,1.933e-05,7.44e-05,3,0.0952380952380952,0.4012
BTCUSDT,2025-06-22,5.676e-05,2.883e-05,0.0001,3,0.0476190476190476,0.3868
BTCUSDT,2025-06-23,3.3966666666666675e-06,-2.809e-05,4.889e-05,3,0.1428571428571428,0.4272
BTCUSDT,2025-06-24,9.7e-06,4.47e-06,1.245e-05,3,0.1428571428571428,0.4247
BTCUSDT,2025-06-25,1.7833333333333338e-06,-3.174e-05,2.747e-05,3,0.1428571428571428,0.4279
BTCUSDT,2025-06-26,1.542666666666667e-05,1.41e-06,3.805e-05,3,0.1428571428571428,0.4224
BTCUSDT,2025-06-27,2.1110000000000003e-05,1.113e-05,2.663e-05,3,0.1428571428571428,0.4201
BTCUSDT,2025-06-28,3.108666666666667e-05,-1.161e-05,6.053e-05,3,0.1904761904761904,0.4257
BTCUSDT,2025-06-29,5.5366666666666666e-05,1.25e-05,0.0001,3,0.1904761904761904,0.4159
BTCUSDT,2025-06-30,2.988666666666667e-05,1.084e-05,4.923e-05,3,0.0952380952380952,0.4071
BTCUSDT,2025-07-01,2.1653333333333335e-05,1.053e-05,4.334e-05,3,0.0952380952380952,0.4104
BTCUSDT,2025-07-02,3.113333333333333e-05,1.807e-05,4.13e-05,3,0.0476190476190476,0.3971
BTCUSDT,2025-07-03,4.487e-05,3.562e-05,5.028e-05,3,0.0476190476190476,0.3916
BTCUSDT,2025-07-04,4.0119999999999995e-05,1.797e-05,5.23e-05,3,0.0476190476190476,0.3935
BTCUSDT,2025-07-05,2.7086666666666663e-05,1.066e-05,4.005e-05,3,0.0,0.3892
BTCUSDT,2025-07-06,1.5446666666666666e-05,1.028e-05,1.941e-05,3,0.0,0.3938
BTCUSDT,2025-07-07,3.356333333333334e-05,2.36e-05,4.271e-05,3,0.0,0.3866
BTCUSDT,2025-07-08,3.079e-05,1.073e-05,4.563e-05,3,0.0,0.3877
BTCUSDT,2025-07-09,3.5806666666666664e-05,3.093e-05,4.253e-05,3,0.0,0.3857
BTCUSDT,2025-07-10,6.810333333333333e-05,1.908e-05,0.0001,3,0.0,0.3728
BTCUSDT,2025-07-11,0.0001,0.0001,0.0001,3,0.0,0.36
BTCUSDT,2025-07-12,0.0001,0.0001,0.0001,3,0.0,0.36
BTCUSDT,2025-07-13,0.0001,0.0001,0.0001,3,0.0,0.36
BTCUSDT,2025-07-14,9.350333333333332e-05,8.051e-05,0.0001,3,0.0,0.3626
BTCUSDT,2025-07-15,0.0001,0.0001,0.0001,3,0.0,0.36
BTCUSDT,2025-07-16,0.0001,0.0001,0.0001,3,0.0,0.36
BTCUSDT,2025-07-17,0.0001,0.0001,0.0001,3,0.0,0.36
BTCUSDT,2025-07-18,0.0001,0.0001,0.0001,3,0.0,0.36
BTCUSDT,2025-07-19,0.0001,0.0001,0.0001,3,0.0,0.36
BTCUSDT,2025-07-20,0.0001,0.0001,0.0001,3,0.0,0.36
BTCUSDT,2025-07-21,0.0001,0.0001,0.0001,3,0.0,0.36
BTCUSDT,2025-07-22,0.0001,0.0001,0.0001,3,0.0,0.36
BTCUSDT,2025-07-23,0.0001,0.0001,0.0001,3,0.0,0.36
BTCUSDT,2025-07-24,0.0001,0.0001,0.0001,3,0.0,0.36
BTCUSDT,2025-07-25,0.0001,0.0001,0.0001,3,0.0,0.36
BTCUSDT,2025-07-26,0.0001,0.0001,0.0001,3,0.0,0.36
BTCUSDT,2025-07-27,0.0001,0.0001,0.0001,3,0.0,0.36
BTCUSDT,2025-07-28,0.0001,0.0001,0.0001,3,0.0,0.36
BTCUSDT,2025-07-29,0.0001,0.0001,0.0001,3,0.0,0.36
BTCUSDT,2025-07-30,0.0001,0.0001,0.0001,3,0.0,0.36
BTCUSDT,2025-07-31,8.564666666666667e-05,5.694e-05,0.0001,3,0.0,0.3657
BTCUSDT,2025-08-01,1.9406666666666665e-05,-1.408e-05,5.681e-05,3,0.0476190476190476,0.4018
BTCUSDT,2025-08-02,3.380333333333333e-05,8.94e-06,4.81e-05,3,0.0476190476190476,0.396
BTCUSDT,2025-08-03,5.89e-05,4.533e-05,7.504e-05,3,0.0476190476190476,0.386
BTCUSDT,2025-08-04,4.606333333333334e-05,3.912e-05,5.719e-05,3,0.0476190476190476,0.3911
BTCUSDT,2025-08-05,6.824666666666668e-05,4.784e-05,8.589e-05,3,0.0476190476190476,0.3822
BTCUSDT,2025-08-06,7.578333333333334e-05,5.172e-05,9.275e-05,3,0.0476190476190476,0.3792
BTCUSDT,2025-08-07,6.230666666666666e-05,4.843e-05,7.574e-05,3,0.0476190476190476,0.3846
BTCUSDT,2025-08-08,4.035e-05,1.729e-05,7.973e-05,3,0.0,0.3839
BTCUSDT,2025-08-09,7.691000000000001e-05,5.151e-05,9.087e-05,3,0.0,0.3692
BTCUSDT,2025-08-10,9.949666666666668e-05,9.849e-05,0.0001,3,0.0,0.3602
BTCUSDT,2025-08-11,0.0001,0.0001,0.0001,3,0.0,0.36
BTCUSDT,2025-08-12,8.843666666666666e-05,7.988e-05,0.0001,3,0.0,0.3646
BTCUSDT,2025-08-13,9.041e-05,7.123e-05,0.0001,3,0.0,0.3638
BTCUSDT,2025-08-14,0.0001,0.0001,0.0001,3,0.0,0.36
BTCUSDT,2025-08-15,4.5503333333333335e-05,1.939e-05,7.99e-05,3,0.0,0.3818
BTCUSDT,2025-08-16,8.713666666666667e-05,8.268e-05,9.023e-05,3,0.0,0.3651
BTCUSDT,2025-08-17,4.916e-05,1.862e-05,8.206e-05,3,0.0,0.3803
BTCUSDT,2025-08-18,2.4866666666666667e-05,-6.82e-06,5.296e-05,3,0.0476190476190476,0.3996
BTCUSDT,2025-08-19,5.522e-05,3.167e-05,7.137e-05,3,0.0476190476190476,0.3874
BTCUSDT,2025-08-20,3.614333333333333e-05,1.364e-05,4.936e-05,3,0.0476190476190476,0.3951
BTCUSDT,2025-08-21,5.438000000000001e-05,1.143e-05,7.757e-05,3,0.0476190476190476,0.3878
BTCUSDT,2025-08-22,7.721e-05,5.867e-05,0.0001,3,0.0476190476190476,0.3786
BTCUSDT,2025-08-23,9.903666666666667e-05,9.711e-05,0.0001,3,0.0476190476190476,0.3699
BTCUSDT,2025-08-24,0.0001,0.0001,0.0001,3,0.0476190476190476,0.3695
BTCUSDT,2025-08-25,9.448000000000002e-05,8.344e-05,0.0001,3,0.0,0.3622
BTCUSDT,2025-08-26,6.140666666666667e-05,3.9e-05,0.0001,3,0.0,0.3754
BTCUSDT,2025-08-27,3.600333333333333e-05,1.802e-05,5.503e-05,3,0.0,0.3856
BTCUSDT,2025-08-28,7.500666666666666e-05,5.297e-05,9.693e-05,3,0.0,0.37
BTCUSDT,2025-08-29,3.587e-05,6.44e-06,5.856e-05,3,0.0,0.3857
BTCUSDT,2025-08-30,7.848000000000001e-05,7.523e-05,8.042e-05,3,0.0,0.3686
BTCUSDT,2025-08-31,4.5056666666666665e-05,-1.232e-05,0.0001,3,0.0476190476190476,0.3915
BTCUSDT,2025-09-01,6.541e-05,4.66e-05,0.0001,3,0.0476190476190476,0.3834
BTCUSDT,2025-09-02,7.369e-05,6.356e-05,8.805e-05,3,0.0476190476190476,0.38
BTCUSDT,2025-09-03,2.746e-05,7.67e-06,5.127e-05,3,0.0476190476190476,0.3985
BTCUSDT,2025-09-04,4.7113333333333335e-05,1.808e-05,7.941e-05,3,0.0476190476190476,0.3907
BTCUSDT,2025-09-05,8.468000000000001e-05,7.532e-05,0.0001,3,0.0476190476190476,0.3757
BTCUSDT,2025-09-06,4.022333333333333e-05,1.297e-05,5.66e-05,3,0.0476190476190476,0.3934
BTCUSDT,2025-09-07,4.183333333333334e-05,1.97e-05,6.969e-05,3,0.0,0.3833
BTCUSDT,2025-09-08,7.799e-05,6.682e-05,9.404e-05,3,0.0,0.3688
BTCUSDT,2025-09-09,7.933e-05,3.799e-05,0.0001,3,0.0,0.3683
BTCUSDT,2025-09-10,6.943666666666667e-05,5.026e-05,0.0001,3,0.0,0.3722
BTCUSDT,2025-09-11,4.484e-05,3.326e-05,5.843e-05,3,0.0,0.3821
BTCUSDT,2025-09-12,5.598666666666667e-05,3.768e-05,6.891e-05,3,0.0,0.3776
BTCUSDT,2025-09-13,1.278e-05,-1.554e-05,3.137e-05,3,0.0476190476190476,0.4044
BTCUSDT,2025-09-14,5.359e-05,3.115e-05,8.182e-05,3,0.0476190476190476,0.3881
BTCUSDT,2025-09-15,7.551666666666667e-05,6.207e-05,8.259e-05,3,0.0476190476190476,0.3793
BTCUSDT,2025-09-16,4.82e-05,9.97e-06,6.991e-05,3,0.0476190476190476,0.3902
BTCUSDT,2025-09-17,7.238666666666666e-05,6.303e-05,8.441e-05,3,0.0476190476190476,0.3806
BTCUSDT,2025-09-18,6.025666666666666e-05,4.208e-05,8.928e-05,3,0.0476190476190476,0.3854
BTCUSDT,2025-09-19,2.3806666666666663e-05,-2.31e-06,5.264e-05,3,0.0952380952380952,0.4095
BTCUSDT,2025-09-20,9.08e-06,-1.006e-05,3.757e-05,3,0.1428571428571428,0.4249
BTCUSDT,2025-09-21,3.2766666666666652e-06,-5.322e-05,3.742e-05,3,0.1904761904761904,0.4368
BTCUSDT,2025-09-22,4.415333333333333e-05,1.743e-05,6.665e-05,3,0.1904761904761904,0.4204
BTCUSDT,2025-09-23,7.207666666666666e-05,7.062e-05,7.478e-05,3,0.1904761904761904,0.4093
BTCUSDT,2025-09-24,5.649e-05,4.886e-05,6.267e-05,3,0.1904761904761904,0.4155
BTCUSDT,2025-09-25,3.69e-05,-2.2e-06,9.56e-05,3,0.238095238095238,0.4329
BTCUSDT,2025-09-26,5.073e-05,3.143e-05,7.716e-05,3,0.1904761904761904,0.4178
BTCUSDT,2025-09-27,3.745333333333333e-05,-1e-07,7.821e-05,3,0.1428571428571428,0.4136
BTCUSDT,2025-09-28,4.517e-05,3.314e-05,5.261e-05,3,0.0952380952380952,0.401
BTCUSDT,2025-09-29,1.216e-05,3.2e-07,2.312e-05,3,0.0952380952380952,0.4142
BTCUSDT,2025-09-30,3.61e-05,2.353e-05,5.893e-05,3,0.0952380952380952,0.4046
BTCUSDT,2025-10-01,5.6040000000000006e-05,3.355e-05,0.0001,3,0.0952380952380952,0.3966
BTCUSDT,2025-10-02,9.109e-05,7.784e-05,0.0001,3,0.0476190476190476,0.3731
BTCUSDT,2025-10-03,9.975333333333333e-05,9.926e-05,0.0001,3,0.0476190476190476,0.3696
BTCUSDT,2025-10-04,9.437333333333332e-05,8.312e-05,0.0001,3,0.0,0.3623
BTCUSDT,2025-10-05,9.404666666666668e-05,8.648e-05,0.0001,3,0.0,0.3624
BTCUSDT,2025-10-06,7.737e-05,5.831e-05,9.708e-05,3,0.0,0.3691
BTCUSDT,2025-10-07,8.267333333333333e-05,6.194e-05,0.0001,3,0.0,0.3669
BTCUSDT,2025-10-08,5.9793333333333336e-05,2.542e-05,0.0001,3,0.0,0.3761
BTCUSDT,2025-10-09,2.716333333333333e-05,1.344e-05,5.35e-05,3,0.0,0.3891
BTCUSDT,2025-10-10,1.8923333333333332e-05,7.85e-06,3.879e-05,3,0.0,0.3924
BTCUSDT,2025-10-11,6.822333333333333e-05,4.67e-06,0.0001,3,0.0,0.3727
BTCUSDT,2025-10-12,-3.701666666666666e-05,-0.00010915,2.865e-05,3,0.0952380952380952,0.4339
BTCUSDT,2025-10-13,-1.2426666666666666e-05,-3.942e-05,2.519e-05,3,0.1904761904761904,0.4431
BTCUSDT,2025-10-14,-2.609e-05,-4.498e-05,7.12e-06,3,0.2857142857142857,0.4676
BTCUSDT,2025-10-15,-4.089999999999999e-06,-5.425e-05,3.973e-05,3,0.3333333333333333,0.4683
BTCUSDT,2025-10-16,-2.6583333333333333e-05,-3.004e-05,-2.23e-05,3,0.4761904761904761,0.5059
BTCUSDT,2025-10-17,-4.033333333333333e-06,-6.34e-06,-2.85e-06,3,0.6190476190476191,0.5254
BTCUSDT,2025-10-18,-4.958666666666667e-05,-6.376e-05,-3.681e-05,3,0.7619047619047619,0.5722
BTCUSDT,2025-10-19,9.626666666666664e-06,-1.411e-05,2.787e-05,3,0.7142857142857143,0.539
BTCUSDT,2025-10-20,-9.6e-06,-2.197e-05,-1.8e-07,3,0.7619047619047619,0.5562
BTCUSDT,2025-10-21,-1.9503333333333337e-05,-5.567e-05,2.222e-05,3,0.7619047619047619,0.5602
BTCUSDT,2025-10-22,1.3116666666666664e-05,-4.212e-05,5.702e-05,3,0.7619047619047619,0.5471
BTCUSDT,2025-10-23,5.172333333333333e-05,2.673e-05,8.911e-05,3,0.6190476190476191,0.5031
BTCUSDT,2025-10-24,2.7993333333333335e-05,1.783e-05,3.391e-05,3,0.4761904761904761,0.484
BTCUSDT,2025-10-25,4.024666666666667e-05,1.484e-05,5.57e-05,3,0.3333333333333333,0.4506
BTCUSDT,2025-10-26,3.1140000000000003e-05,5.35e-06,6.904e-05,3,0.2857142857142857,0.4447
BTCUSDT,2025-10-27,9.101333333333334e-05,7.304e-05,0.0001,3,0.1428571428571428,0.3922
BTCUSDT,2025-10-28,5.619e-05,2.992e-05,7.806e-05,3,0.0476190476190476,0.387
BTCUSDT,2025-10-29,2.853e-05,-3.2e-07,5.003e-05,3,0.0476190476190476,0.3981
BTCUSDT,2025-10-30,2.7026666666666667e-05,1.097e-05,3.562e-05,3,0.0476190476190476,0.3987
BTCUSDT,2025-10-31,6.737666666666667e-05,2.13e-06,0.0001,3,0.0476190476190476,0.3826
BTCUSDT,2025-11-01,9.927333333333334e-05,9.782e-05,0.0001,3,0.0476190476190476,0.3698
BTCUSDT,2025-11-02,7.328333333333333e-05,5.635e-05,8.2e-05,3,0.0476190476190476,0.3802
BTCUSDT,2025-11-03,6.0933333333333335e-05,5.329e-05,6.853e-05,3,0.0476190476190476,0.3852
BTCUSDT,2025-11-04,7.382333333333334e-05,5.808e-05,0.0001,3,0.0476190476190476,0.38
BTCUSDT,2025-11-05,4.2596666666666665e-05,2.816e-05,7.132e-05,3,0.0,0.383
BTCUSDT,2025-11-06,5.465e-05,3.985e-05,7.916e-05,3,0.0,0.3781
BTCUSDT,2025-11-07,5.854333333333333e-05,4.227e-05,8.631e-05,3,0.0,0.3766
BTCUSDT,2025-11-08,4.854333333333333e-05,3.047e-05,7.776e-05,3,0.0,0.3806
BTCUSDT,2025-11-09,3.8316666666666665e-05,-1.64e-05,8.948e-05,3,0.0476190476190476,0.3942
BTCUSDT,2025-11-10,7.068000000000001e-05,4.979e-05,8.87e-05,3,0.0476190476190476,0.3813
BTCUSDT,2025-11-11,1.9553333333333335e-05,-2.775e-05,5.823e-05,3,0.0952380952380952,0.4112
BTCUSDT,2025-11-12,2.9783333333333333e-05,6.87e-06,5.786e-05,3,0.0952380952380952,0.4071
BTCUSDT,2025-11-13,5.959000000000001e-05,1.077e-05,9.352e-05,3,0.0952380952380952,0.3952
BTCUSDT,2025-11-14,8.924333333333333e-05,8.569e-05,9.126e-05,3,0.0952380952380952,0.3834
BTCUSDT,2025-11-15,8.143333333333334e-05,5.923e-05,0.0001,3,0.0952380952380952,0.3865
BTCUSDT,2025-11-16,8.268333333333333e-05,7.06e-05,0.0001,3,0.0476190476190476,0.3765
BTCUSDT,2025-11-17,8.925333333333334e-05,7.208e-05,0.0001,3,0.0476190476190476,0.3738
BTCUSDT,2025-11-18,7.908333333333334e-05,3.725e-05,0.0001,3,0.0,0.3684
BTCUSDT,2025-11-19,5.496e-05,3.98e-05,7.496e-05,3,0.0,0.378
BTCUSDT,2025-11-20,7.752666666666667e-05,4.259e-05,0.0001,3,0.0,0.369
BTCUSDT,2025-11-21,3.812666666666667e-05,2.642e-05,4.524e-05,3,0.0,0.3847
BTCUSDT,2025-11-22,4.3883333333333334e-05,1.373e-05,6.735e-05,3,0.0,0.3824
BTCUSDT,2025-11-23,1.0240000000000002e-05,-8.93e-06,3.812e-05,3,0.0476190476190476,0.4054
BTCUSDT,2025-11-24,1.6346666666666667e-05,-1.34e-06,5.044e-05,3,0.1428571428571428,0.422
BTCUSDT,2025-11-25,-2.1043333333333332e-05,-5.29e-05,1.996e-05,3,0.238095238095238,0.456
BTCUSDT,2025-11-26,3.002333333333333e-05,-4.19e-06,5.388e-05,3,0.2857142857142857,0.4451
BTCUSDT,2025-11-27,1.4776666666666664e-05,-2.599e-05,4.624e-05,3,0.3333333333333333,0.4608
BTCUSDT,2025-11-28,2.025e-05,-1.703e-05,6.007e-05,3,0.3809523809523809,0.4681
BTCUSDT,2025-11-29,8.103333333333333e-06,-1.982e-05,2.635e-05,3,0.4285714285714285,0.4825
BTCUSDT,2025-11-30,4.506e-05,3.556e-05,6.082e-05,3,0.3809523809523809,0.4582
BTCUSDT,2025-12-01,2.7456666666666667e-05,1.491e-05,3.593e-05,3,0.2857142857142857,0.4462
BTCUSDT,2025-12-02,1.8776666666666663e-05,-1.009e-05,3.999e-05,3,0.238095238095238,0.4401
BTCUSDT,2025-12-03,5.296666666666666e-06,-1.732e-05,4.206e-05,3,0.2857142857142857,0.455
BTCUSDT,2025-12-04,3.656e-05,-3.95e-06,7.435e-05,3,0.2857142857142857,0.4425
BTCUSDT,2025-12-05,3.3906666666666665e-05,3.91e-06,4.944e-05,3,0.238095238095238,0.4341
BTCUSDT,2025-12-06,1.2633333333333332e-05,-1.822e-05,3.693e-05,3,0.238095238095238,0.4426
BTCUSDT,2025-12-07,3.69e-05,1.666e-05,5.212e-05,3,0.238095238095238,0.4329
BTCUSDT,2025-12-08,3.133666666666667e-05,-5.39e-06,6.545e-05,3,0.2857142857142857,0.4446
BTCUSDT,2025-12-09,4.224666666666666e-05,8.52e-06,6.379e-05,3,0.238095238095238,0.4307
BTCUSDT,2025-12-10,2.6593333333333332e-05,1.996e-05,3.205e-05,3,0.1428571428571428,0.4179
BTCUSDT,2025-12-11,2.371e-05,-1.577e-05,6.1e-05,3,0.1428571428571428,0.4191
BTCUSDT,2025-12-12,4.998333333333334e-05,3.383e-05,6.914e-05,3,0.1428571428571428,0.4086
BTCUSDT,2025-12-13,4.0606666666666665e-05,1.21e-06,6.041e-05,3,0.0952380952380952,0.4028
BTCUSDT,2025-12-14,5.5570000000000005e-05,2.898e-05,0.0001,3,0.0952380952380952,0.3968
BTCUSDT,2025-12-15,7.926666666666666e-06,-8.93e-06,3.081e-05,3,0.0952380952380952,0.4159
BTCUSDT,2025-12-16,4.3020000000000005e-05,1.35e-05,7.467e-05,3,0.0952380952380952,0.4018
BTCUSDT,2025-12-17,7.041666666666667e-05,5.917e-05,8.987e-05,3,0.0952380952380952,0.3909
BTCUSDT,2025-12-18,4.5726666666666664e-05,-8.67e-06,8.355e-05,3,0.0952380952380952,0.4008
BTCUSDT,2025-12-19,8.497000000000001e-05,5.491e-05,0.0001,3,0.0952380952380952,0.3851
BTCUSDT,2025-12-20,6.135e-05,1.234e-05,0.0001,3,0.0952380952380952,0.3945
BTCUSDT,2025-12-21,7.510666666666666e-05,3.977e-05,9.682e-05,3,0.0952380952380952,0.389
BTCUSDT,2025-12-22,5.189e-05,4.389e-05,6.654e-05,3,0.0476190476190476,0.3888
BTCUSDT,2025-12-23,3.219666666666666e-05,1.795e-05,5.231e-05,3,0.0476190476190476,0.3966
BTCUSDT,2025-12-24,8.127333333333334e-05,5.927e-05,0.0001,3,0.0476190476190476,0.377
BTCUSDT,2025-12-25,7.409333333333333e-05,5.953e-05,8.322e-05,3,0.0,0.3704
BTCUSDT,2025-12-26,6.601666666666667e-05,4.378e-05,0.0001,3,0.0,0.3736
BTCUSDT,2025-12-27,3.4823333333333336e-05,1.809e-05,5.85e-05,3,0.0,0.3861
BTCUSDT,2025-12-28,5.7943333333333325e-05,-3.6e-07,9.464e-05,3,0.0476190476190476,0.3863
BTCUSDT,2025-12-29,8.275333333333335e-05,4.826e-05,0.0001,3,0.0476190476190476,0.3764
BTCUSDT,2025-12-30,7.652666666666667e-05,4.613e-05,0.0001,3,0.0476190476190476,0.3789
BTCUSDT,2025-12-31,2.7083333333333332e-05,1.453e-05,3.75e-05,3,0.0476190476190476,0.3987
BTCUSDT,2026-01-01,7.237e-05,1.711e-05,0.0001,3,0.0476190476190476,0.3806
BTCUSDT,2026-01-02,4.88e-05,4.219e-05,5.608e-05,3,0.0476190476190476,0.39
BTCUSDT,2026-01-03,3.701e-05,1.055e-05,6.938e-05,3,0.0476190476190476,0.3947
BTCUSDT,2026-01-04,6.578999999999999e-05,4.436e-05,9.488e-05,3,0.0,0.3737
BTCUSDT,2026-01-05,7.282000000000001e-05,5.23e-05,8.893e-05,3,0.0,0.3709
BTCUSDT,2026-01-06,1.377e-05,-1.376e-05,2.816e-05,3,0.0476190476190476,0.404
BTCUSDT,2026-01-07,6.489e-05,2.885e-05,0.0001,3,0.0476190476190476,0.3836
BTCUSDT,2026-01-08,8.376333333333332e-05,6.436e-05,0.0001,3,0.0476190476190476,0.376
BTCUSDT,2026-01-09,1.5543333333333334e-05,-2.813e-05,7.258e-05,3,0.0952380952380952,0.4128
BTCUSDT,2026-01-10,6.511666666666667e-05,5.643e-05,7.657e-05,3,0.0952380952380952,0.393
BTCUSDT,2026-01-11,5.027e-05,1.667e-05,8.744e-05,3,0.0952380952380952,0.3989
BTCUSDT,2026-01-12,3.121666666666667e-05,1.813e-05,4.65e-05,3,0.0952380952380952,0.4066
BTCUSDT,2026-01-13,5.176e-05,2.245e-05,9.838e-05,3,0.0476190476190476,0.3888
BTCUSDT,2026-01-14,2.2340000000000003e-05,1.29e-06,4.076e-05,3,0.0476190476190476,0.4006
BTCUSDT,2026-01-15,9.693333333333333e-06,-3.67e-06,1.749e-05,3,0.0952380952380952,0.4152
BTCUSDT,2026-01-16,5.7239999999999994e-05,2.495e-05,7.34e-05,3,0.0476190476190476,0.3866
BTCUSDT,2026-01-17,1.935e-05,-1.78e-06,3.007e-05,3,0.0952380952380952,0.4113
BTCUSDT,2026-01-18,6.563333333333333e-05,3.503e-05,9.616e-05,3,0.0952380952380952,0.3928
BTCUSDT,2026-01-19,2.6366666666666663e-05,1.943e-05,3.473e-05,3,0.0952380952380952,0.4085
BTCUSDT,2026-01-20,7.365666666666667e-05,5.652e-05,9.819e-05,3,0.0952380952380952,0.3896
BTCUSDT,2026-01-21,6.155e-05,2.41e-05,0.0001,3,0.0952380952380952,0.3944
BTCUSDT,2026-01-22,6.961333333333333e-05,5.11e-05,9.419e-05,3,0.0476190476190476,0.3817
BTCUSDT,2026-01-23,5.149333333333333e-05,3.39e-05,6.968e-05,3,0.0476190476190476,0.3889
BTCUSDT,2026-01-24,4.780333333333334e-05,1.531e-05,8.909e-05,3,0.0,0.3809
BTCUSDT,2026-01-25,4.768e-05,1.336e-05,8.051e-05,3,0.0,0.3809
BTCUSDT,2026-01-26,4.1733333333333336e-05,2.847e-05,5.606e-05,3,0.0,0.3833
BTCUSDT,2026-01-27,5.932666666666667e-05,4.267e-05,7.503e-05,3,0.0,0.3763
BTCUSDT,2026-01-28,5.413666666666667e-05,3.83e-05,6.237e-05,3,0.0,0.3783
BTCUSDT,2026-01-29,5.696333333333334e-05,4.023e-05,7.21e-05,3,0.0,0.3772
BTCUSDT,2026-01-30,2.167333333333333e-05,3.1e-06,4.478e-05,3,0.0,0.3913
BTCUSDT,2026-01-31,6.608666666666666e-05,3.548e-05,9.693e-05,3,0.0,0.3736
BTCUSDT,2026-02-01,6.253333333333334e-06,-3.267e-05,3.421e-05,3,0.0476190476190476,0.407
BTCUSDT,2026-02-02,-2.8959999999999997e-05,-5.713e-05,6.8e-07,3,0.1428571428571428,0.4402
BTCUSDT,2026-02-03,-1.4100000000000005e-06,-2.203e-05,2.245e-05,3,0.238095238095238,0.4482
BTCUSDT,2026-02-04,2.7626666666666664e-05,1.19e-06,4.618e-05,3,0.238095238095238,0.4366
BTCUSDT,2026-02-05,1.5046666666666668e-05,-4.957e-05,9.173e-05,3,0.2857142857142857,0.4511
BTCUSDT,2026-02-06,-9.587666666666666e-05,-0.00013688,-1.597e-05,3,0.4285714285714285,0.5241
BTCUSDT,2026-02-07,-8.803666666666665e-05,-0.00015178,-2.907e-05,3,0.5714285714285714,0.5495
BTCUSDT,2026-02-08,-3.937666666666667e-05,-4.864e-05,-3.403e-05,3,0.6666666666666666,0.5491
BTCUSDT,2026-02-09,-1.837666666666667e-05,-4.284e-05,1.846e-05,3,0.6666666666666666,0.5407
BTCUSDT,2026-02-10,-7.481e-05,-8.816e-05,-4.829e-05,3,0.7142857142857143,0.5728
BTCUSDT,2026-02-11,-2.7286666666666667e-05,-8.417e-05,1.4e-05,3,0.8095238095238095,0.5728
BTCUSDT,2026-02-12,1.300000000000001e-06,-1.728e-05,3.499e-05,3,0.8571428571428571,0.5709
BTCUSDT,2026-02-13,1.758666666666667e-05,-1.274e-05,5.834e-05,3,0.7619047619047619,0.5453
BTCUSDT,2026-02-14,4.569999999999999e-06,-3.094e-05,3.174e-05,3,0.6666666666666666,0.5315
BTCUSDT,2026-02-15,4.083333333333333e-06,-2.371e-05,4.664e-05,3,0.6190476190476191,0.5222
BTCUSDT,2026-02-16,-1.5766666666666666e-05,-4.112e-05,2.659e-05,3,0.6190476190476191,0.5301
BTCUSDT,2026-02-17,4.544e-05,2.672e-05,5.883e-05,3,0.4761904761904761,0.4771
BTCUSDT,2026-02-18,2.2260000000000004e-05,-1.41e-06,3.604e-05,3,0.4285714285714285,0.4768
BTCUSDT,2026-02-19,-1.4599999999999996e-05,-4.014e-05,2.686e-05,3,0.4285714285714285,0.4916
BTCUSDT,2026-02-20,1.9986666666666663e-05,-6.71e-06,5.365e-05,3,0.4285714285714285,0.4777
BTCUSDT,2026-02-21,3.392e-05,2.485e-05,4.456e-05,3,0.3809523809523809,0.4626
BTCUSDT,2026-02-22,1.9146666666666667e-05,4.2e-07,4.972e-05,3,0.2857142857142857,0.4495
BTCUSDT,2026-02-23,-4.0000000000000067e-07,-9.317e-05,6.946e-05,3,0.238095238095238,0.4478
BTCUSDT,2026-02-24,1.4436666666666663e-05,-1.193e-05,5.706e-05,3,0.3333333333333333,0.4609
BTCUSDT,2026-02-25,4.800000000000001e-06,-9.68e-06,2.375e-05,3,0.3333333333333333,0.4647
BTCUSDT,2026-02-26,2.9366666666666685e-06,-1.998e-05,4.007e-05,3,0.3333333333333333,0.4655
BTCUSDT,2026-02-27,-3.2566666666666674e-05,-8.123e-05,-6.56e-06,3,0.4285714285714285,0.4987
BTCUSDT,2026-02-28,-1.3303333333333334e-05,-4.305e-05,4.041e-05,3,0.5238095238095238,0.5101
BTCUSDT,2026-03-01,2.2743333333333333e-05,-6.88e-06,4.563e-05,3,0.5714285714285714,0.5052
BTCUSDT,2026-03-02,-1.1126666666666665e-05,-1.956e-05,-2.99e-06,3,0.6666666666666666,0.5378
BTCUSDT,2026-03-03,9.106666666666669e-06,-1.86e-06,1.481e-05,3,0.6190476190476191,0.5202
BTCUSDT,2026-03-04,6.043333333333331e-06,-5.39e-05,4.683e-05,3,0.6190476190476191,0.5214
BTCUSDT,2026-03-05,2.902e-05,1.74e-06,4.965e-05,3,0.5238095238095238,0.4932
BTCUSDT,2026-03-06,-1.1826666666666666e-05,-3.061e-05,1.689e-05,3,0.4761904761904761,0.5
BTCUSDT,2026-03-07,-2.4333333333333157e-07,-4.217e-05,3.525e-05,3,0.4285714285714285,0.4858
BTCUSDT,2026-03-08,-2.8263333333333334e-05,-4.496e-05,-1.115e-05,3,0.5238095238095238,0.5161
BTCUSDT,2026-03-09,-4.593333333333333e-05,-5.77e-05,-3.431e-05,3,0.5238095238095238,0.5231
BTCUSDT,2026-03-10,1.913333333333333e-06,-2.394e-05,1.738e-05,3,0.5238095238095238,0.504
BTCUSDT,2026-03-11,-7.376e-05,-0.00011052,-5.252e-05,3,0.6190476190476191,0.5533
BTCUSDT,2026-03-12,-6.858333333333332e-05,-7.802e-05,-5.392e-05,3,0.7619047619047619,0.5798
BTCUSDT,2026-03-13,2.786666666666666e-06,-2.789e-05,4.263e-05,3,0.7619047619047619,0.5513
BTCUSDT,2026-03-14,-3.0726666666666665e-05,-4.851e-05,-3.79e-06,3,0.8571428571428571,0.5837
BTCUSDT,2026-03-15,-1.8950000000000003e-05,-6.461e-05,2.659e-05,3,0.8095238095238095,0.5695
BTCUSDT,2026-03-16,3.889e-05,2.015e-05,7.139e-05,3,0.6666666666666666,0.5178
BTCUSDT,2026-03-17,-1.1746666666666669e-05,-2.505e-05,2.41e-06,3,0.7142857142857143,0.5476
BTCUSDT,2026-03-18,-2.988e-05,-6.569e-05,2.418e-05,3,0.6666666666666666,0.5453
BTCUSDT,2026-03-19,-9.27e-06,-3.012e-05,1.205e-05,3,0.6190476190476191,0.5275
BTCUSDT,2026-03-20,3.85e-06,-2.23e-06,7.53e-06,3,0.5714285714285714,0.5127
BTCUSDT,2026-03-21,-3.793333333333333e-06,-1.493e-05,1.093e-05,3,0.5238095238095238,0.5063
BTCUSDT,2026-03-22,-3.485333333333333e-05,-6.837e-05,8.06e-06,3,0.5238095238095238,0.5187
BTCUSDT,2026-03-23,-1.594e-05,-2.863e-05,1.6e-06,3,0.6190476190476191,0.5302
BTCUSDT,2026-03-24,3.653333333333334e-05,3.056e-05,4.229e-05,3,0.5238095238095238,0.4901
BTCUSDT,2026-03-25,2.7016666666666665e-05,1.074e-05,4.721e-05,3,0.4285714285714285,0.4749
BTCUSDT,2026-03-26,5.746666666666666e-06,-2.103e-05,2.448e-05,3,0.3809523809523809,0.4739
BTCUSDT,2026-03-27,-3.071333333333333e-05,-6.298e-05,2.925e-05,3,0.4285714285714285,0.498
BTCUSDT,2026-03-28,-5.2883333333333336e-05,-8.088e-05,-1.73e-06,3,0.4761904761904761,0.5164
BTCUSDT,2026-03-29,-3.3833333333333333e-06,-3.68e-05,2.677e-05,3,0.4761904761904761,0.4966
BTCUSDT,2026-03-30,5.166666666666667e-06,3e-06,7.58e-06,3,0.3809523809523809,0.4741
BTCUSDT,2026-03-31,-1.5226666666666668e-05,-2.763e-05,1.16e-06,3,0.4761904761904761,0.5013
BTCUSDT,2026-04-01,-1.111e-05,-3.449e-05,5.77e-06,3,0.5714285714285714,0.5187
BTCUSDT,2026-04-02,-1.010666666666667e-05,-7.398e-05,3.521e-05,3,0.5714285714285714,0.5183
BTCUSDT,2026-04-03,-3.596666666666667e-06,-8.31e-06,3.51e-06,3,0.5714285714285714,0.5157
BTCUSDT,2026-04-04,3.175666666666667e-05,1.651e-05,4.115e-05,3,0.4285714285714285,0.473
BTCUSDT,2026-04-05,2.7026666666666667e-05,1.889e-05,3.812e-05,3,0.3333333333333333,0.4559
BTCUSDT,2026-04-06,4.346666666666667e-05,4.23e-06,7.073e-05,3,0.3333333333333333,0.4493
BTCUSDT,2026-04-07,3.593666666666667e-05,-3.15e-06,7.393e-05,3,0.2857142857142857,0.4428
BTCUSDT,2026-04-08,3.877e-05,1.563e-05,6.02e-05,3,0.1904761904761904,0.4226
BTCUSDT,2026-04-09,1.0353333333333336e-05,-1.986e-05,5.239e-05,3,0.238095238095238,0.4435
BTCUSDT,2026-04-10,2.273333333333333e-06,-2.187e-05,2.458e-05,3,0.1904761904761904,0.4372
BTCUSDT,2026-04-11,-6.687666666666666e-05,-7.225e-05,-6.083e-05,3,0.3333333333333333,0.4934
BTCUSDT,2026-04-12,-4.044333333333333e-05,-8.108e-05,-3.35e-06,3,0.4761904761904761,0.5114
BTCUSDT,2026-04-13,-1.942e-05,-5.409e-05,-1.83e-06,3,0.6190476190476191,0.5316
BTCUSDT,2026-04-14,-2.785333333333333e-05,-5.854e-05,2.732e-05,3,0.6666666666666666,0.5445
BTCUSDT,2026-04-15,-7.183e-05,-9.313e-05,-5.085e-05,3,0.8095238095238095,0.5906
BTCUSDT,2026-04-16,-2.8280000000000004e-05,-3.418e-05,-2.225e-05,3,0.8571428571428571,0.5827
BTCUSDT,2026-04-17,-1.5703333333333333e-05,-0.00010789,3.297e-05,3,0.8571428571428571,0.5777
BTCUSDT,2026-04-18,-6.588666666666667e-05,-8.098e-05,-4.586e-05,3,0.8571428571428571,0.5978
BTCUSDT,2026-04-19,-9.296666666666669e-05,-0.00012276,-7.219e-05,3,0.8571428571428571,0.6086
BTCUSDT,2026-04-20,-4.045999999999999e-05,-4.778e-05,-2.745e-05,3,0.8571428571428571,0.5876
BTCUSDT,2026-04-21,-6.001e-05,-7.937e-05,-4.242e-05,3,0.9047619047619048,0.605
BTCUSDT,2026-04-22,1.913333333333332e-06,-2.237e-05,3.56e-05,3,0.8571428571428571,0.5707
BTCUSDT,2026-04-23,-6.0396666666666664e-05,-7.87e-05,-3.553e-05,3,0.8571428571428571,0.5956
BTCUSDT,2026-04-24,-4.948666666666667e-05,-7.865e-05,-3.152e-05,3,0.9523809523809524,0.6103
BTCUSDT,2026-04-25,-4.3370000000000007e-05,-6.235e-05,-1.077e-05,3,0.9523809523809524,0.6078
BTCUSDT,2026-04-26,1.9633333333333333e-06,1.53e-06,2.41e-06,3,0.8095238095238095,0.5611
BTCUSDT,2026-04-27,-4.696e-05,-8.659e-05,2.49e-06,3,0.7619047619047619,0.5712
BTCUSDT,2026-04-28,-6.376666666666665e-06,-3.951e-05,5.242e-05,3,0.7142857142857143,0.5454
BTCUSDT,2026-04-29,6.786666666666667e-06,-2.84e-05,3.571e-05,3,0.6666666666666666,0.5306
BTCUSDT,2026-04-30,-2.987e-05,-4.22e-05,-1.837e-05,3,0.6666666666666666,0.5453
BTCUSDT,2026-05-01,-2.899666666666667e-05,-3.746e-05,-1.81e-05,3,0.6666666666666666,0.5449
BTCUSDT,2026-05-02,-2.8216666666666667e-05,-5.103e-05,-8.22e-06,3,0.6666666666666666,0.5446
BTCUSDT,2026-05-03,5.316666666666667e-06,-1.398e-05,2.29e-05,3,0.7142857142857143,0.5407
BTCUSDT,2026-05-04,3.2866666666666656e-06,-3.16e-05,4.304e-05,3,0.7142857142857143,0.5415
BTCUSDT,2026-05-05,-4.416333333333333e-05,-8.24e-05,-3.83e-06,3,0.7619047619047619,0.57
BTCUSDT,2026-05-06,-6.353e-05,-9.153e-05,-3.756e-05,3,0.8571428571428571,0.5968
BTCUSDT,2026-05-07,-4.479333333333333e-05,-5.856e-05,-3.014e-05,3,0.8571428571428571,0.5893
BTCUSDT,2026-05-08,-2.1776666666666668e-05,-7.406e-05,2.415e-05,3,0.8095238095238095,0.5706
BTCUSDT,2026-05-09,5.646666666666665e-06,-3.792e-05,3.645e-05,3,0.7142857142857143,0.5406
BTCUSDT,2026-05-10,3.493333333333333e-05,9e-07,5.764e-05,3,0.6666666666666666,0.5194
BTCUSDT,2026-05-11,4.315e-05,2.592e-05,5.798e-05,3,0.5714285714285714,0.497
BTCUSDT,2026-05-12,3.194666666666667e-05,-1.15e-06,5.822e-05,3,0.4761904761904761,0.4825
BTCUSDT,2026-05-13,4.184333333333333e-05,1.749e-05,5.437e-05,3,0.3333333333333333,0.4499
BTCUSDT,2026-05-14,3.65e-05,2.928e-05,4.094e-05,3,0.1904761904761904,0.4235
BTCUSDT,2026-05-15,-1.528e-05,-4.239e-05,1.548e-05,3,0.1904761904761904,0.4442
BTCUSDT,2026-05-16,2.8943333333333335e-05,-2.1e-06,4.955e-05,3,0.1904761904761904,0.4265
BTCUSDT,2026-05-17,1.7536666666666668e-05,4.8e-07,4.037e-05,3,0.1904761904761904,0.4311
BTCUSDT,2026-05-18,3.9416666666666665e-05,-1.131e-05,7.178e-05,3,0.238095238095238,0.4319
BTCUSDT,2026-05-19,5.178666666666667e-05,4.809e-05,5.563e-05,3,0.1904761904761904,0.4174
BTCUSDT,2026-05-20,6.031666666666666e-05,3.254e-05,7.983e-05,3,0.1904761904761904,0.414
BTCUSDT,2026-05-21,4.0193333333333334e-05,1.925e-05,6.13e-05,3,0.1904761904761904,0.422
BTCUSDT,2026-05-22,1.8783333333333337e-05,-8.2e-06,3.564e-05,3,0.1428571428571428,0.4211
BTCUSDT,2026-05-23,3.416333333333333e-05,1.025e-05,7.441e-05,3,0.0952380952380952,0.4054
BTCUSDT,2026-05-24,7.199666666666666e-05,6.265e-05,9.044e-05,3,0.0952380952380952,0.3902
BTCUSDT,2026-05-25,3.833999999999999e-05,1.426e-05,6.549e-05,3,0.0476190476190476,0.3942
BTCUSDT,2026-05-26,5.895333333333334e-05,3.852e-05,8.058e-05,3,0.0476190476190476,0.3859
BTCUSDT,2026-05-27,9.620666666666668e-05,8.948e-05,0.0001,3,0.0476190476190476,0.371
BTCUSDT,2026-05-28,8.337e-05,5.011e-05,0.0001,3,0.0476190476190476,0.3762
BTCUSDT,2026-05-29,7.364333333333333e-05,5.391e-05,0.0001,3,0.0,0.3705
BTCUSDT,2026-05-30,4.803333333333333e-05,3.464e-05,6.214e-05,3,0.0,0.3808
BTCUSDT,2026-05-31,6.43e-05,5.136e-05,7.356e-05,3,0.0,0.3743
BTCUSDT,2026-06-01,3.753666666666666e-05,-3.38e-06,7.23e-05,3,0.16666666666666666,0.4183
BTCUSDT,2026-06-02,9.734000000000001e-05,9.202e-05,0.0001,3,0.1111111111111111,0.3833
BTCUSDT,2026-06-03,4.3790000000000006e-05,6.68e-06,8.14e-05,3,0.08333333333333333,0.3992
BTCUSDT,2026-06-04,8.216666666666667e-06,-4.52e-06,3.034e-05,3,0.2,0.4367
BTCUSDT,2026-06-05,-2.8943333333333335e-05,-3.588e-05,-2.403e-05,3,0.3333333333333333,0.4782
BTCUSDT,2026-06-06,2.057666666666667e-05,-4.06e-06,3.805e-05,3,0.3333333333333333,0.4584
BTCUSDT,2026-06-07,-1.672e-05,-4.138e-05,1.038e-05,3,0.42857142857142855,0.4924
BTCUSDT,2026-06-08,2.3423333333333333e-05,8.39e-06,3.697e-05,3,0.38095238095238093,0.4668
BTCUSDT,2026-06-09,2.3566666666666666e-05,1.644e-05,3.712e-05,3,0.38095238095238093,0.4668
BTCUSDT,2026-06-10,1.199e-05,-4.518e-05,4.476e-05,3,0.42857142857142855,0.4809
BTCUSDT,2026-06-11,5.031e-05,-8.13e-06,9.561e-05,3,0.38095238095238093,0.4561
BTCUSDT,2026-06-12,5.397e-05,2.498e-05,8.605e-05,3,0.23809523809523808,0.426
BTCUSDT,2026-06-13,1.8296666666666667e-05,1.254e-05,2.88e-05,3,0.19047619047619047,0.4308
BTCUSDT,2026-06-14,8.553333333333333e-06,4.8e-06,1.454e-05,3,0.09523809523809523,0.4156
BTCUSDT,2026-06-15,7.316666666666667e-06,-1.115e-05,2.186e-05,3,0.14285714285714285,0.4256
BTCUSDT,2026-06-16,9.913333333333334e-06,-4.695e-05,4.902e-05,3,0.19047619047619047,0.4341
BTCUSDT,2026-06-17,2.462e-05,3.6e-06,5.459e-05,3,0.14285714285714285,0.4187
BTCUSDT,2026-06-18,-1.5366666666666666e-05,-2.986e-05,-3.27e-06,3,0.23809523809523808,0.4538
BTCUSDT,2026-06-19,-4.6536666666666664e-05,-5.782e-05,-3.489e-05,3,0.38095238095238093,0.4948
BTCUSDT,2026-06-20,2.1556666666666666e-05,2.03e-06,4.672e-05,3,0.38095238095238093,0.4676
BTCUSDT,2026-06-21,-9.363333333333334e-06,-3.646e-05,1.095e-05,3,0.47619047619047616,0.499
BTCUSDT,2026-06-22,1.6146666666666666e-05,-1.456e-05,4.573e-05,3,0.47619047619047616,0.4888
BTCUSDT,2026-06-23,-3.9e-06,-2.607e-05,1.158e-05,3,0.47619047619047616,0.4968
BTCUSDT,2026-06-24,-1.3803333333333332e-05,-5.744e-05,3.367e-05,3,0.5714285714285714,0.5198
BTCUSDT,2026-06-25,-4.427333333333333e-05,-7.541e-05,-1.995e-05,3,0.5714285714285714,0.532
BTCUSDT,2026-06-26,1.292e-05,-1.395e-05,3.099e-05,3,0.47619047619047616,0.4901
BTCUSDT,2026-06-27,6.4000000000000006e-06,-8.89e-06,2.108e-05,3,0.5238095238095238,0.5022
BTCUSDT,2026-06-28,-7.13e-06,-3.417e-05,2.349e-05,3,0.5238095238095238,0.5076
BTCUSDT,2026-06-29,3.448e-05,1.585e-05,7.079e-05,3,0.47619047619047616,0.4814
BTCUSDT,2026-06-30,3.9880000000000004e-05,-1.072e-05,0.0001,3,0.47619047619047616,0.4793
BTCUSDT,2026-07-01,7.1e-05,4.036e-05,9.078e-05,3,0.38095238095238093,0.4478
BTCUSDT,2026-07-02,8.188666666666666e-05,5.972e-05,0.0001,3,0.23809523809523808,0.4149
BTCUSDT,2026-07-03,5.046e-05,2.602e-05,7.429e-05,3,0.19047619047619047,0.4179
BTCUSDT,2026-07-04,5.402666666666666e-05,3.466e-05,7.537e-05,3,0.14285714285714285,0.407
BTCUSDT,2026-07-05,3.3690000000000004e-05,3.106e-05,3.719e-05,3,0.047619047619047616,0.396
BTCUSDT,2026-07-06,4.748333333333333e-05,-7.55e-06,9.435e-05,3,0.09523809523809523,0.4001
BTCUSDT,2026-07-07,7.74e-05,3.22e-05,0.0001,3,0.047619047619047616,0.3786
BTCUSDT,2026-07-08,4.804333333333333e-05,3.534e-05,6.329e-05,3,0.047619047619047616,0.3903
BTCUSDT,2026-07-09,6.628666666666666e-05,5.343e-05,8.991e-05,3,0.047619047619047616,0.383
BTCUSDT,2026-07-10,9.050333333333333e-05,7.151e-05,0.0001,3,0.047619047619047616,0.3733
BTCUSDT,2026-07-11,8.659666666666666e-05,7.282e-05,0.0001,3,0.047619047619047616,0.3749
BTCUSDT,2026-07-12,4.2663333333333335e-05,1.256e-05,6.748e-05,3,0.047619047619047616,0.3925
BTCUSDT,2026-07-13,5.336666666666666e-06,-4.26e-05,3.144e-05,3,0.047619047619047616,0.4074
BTCUSDT,2026-07-14,6.492666666666668e-05,2.559e-05,0.0001,3,0.047619047619047616,0.3836
BTCUSDT,2026-07-15,7.990333333333334e-05,3.971e-05,0.0001,3,0.047619047619047616,0.3776
BTCUSDT,2026-07-16,4.1116666666666665e-05,3.123e-05,5.402e-05,3,0.047619047619047616,0.3931
BTCUSDT,2026-07-17,1.2256666666666667e-05,-1.184e-05,3.69e-05,3,0.09523809523809523,0.4141
BTCUSDT,2026-07-18,1.7316666666666666e-05,-6.26e-06,2.942e-05,3,0.14285714285714285,0.4216
BTCUSDT,2026-07-19,6.504666666666667e-05,2.913e-05,0.0001,3,0.14285714285714285,0.4026
BTCUSDT,2026-07-20,2.6853333333333333e-05,1.131e-05,3.778e-05,3,0.09523809523809523,0.4083
BTCUSDT,2026-07-21,4.8106666666666665e-05,3.242e-05,6.956e-05,3,0.09523809523809523,0.3998
BTCUSDT,2026-07-22,9.636666666666667e-06,-2.153e-05,3.311e-05,3,0.14285714285714285,0.4247
BTCUSDT,2026-07-23,-1.5839999999999997e-05,-3.46e-05,7.74e-06,3,0.23809523809523808,0.454
BTCUSDT,2026-07-24,1.7286666666666668e-05,-1.06e-05,4.542e-05,3,0.23809523809523808,0.4407
BTCUSDT,2026-07-25,-3.0646666666666666e-05,-4.668e-05,-1.854e-05,3,0.3333333333333333,0.4789
BTCUSDT,2026-07-26,4.66e-06,-1.212e-05,1.413e-05,3,0.38095238095238093,0.4743
BTCUSDT,2026-07-27,4.7350000000000006e-05,3.134e-05,6.021e-05,3,0.38095238095238093,0.4573
BTCUSDT,2026-07-28,-1.5466666666666665e-06,-4.604e-05,2.835e-05,3,0.42857142857142855,0.4863
BTCUSDT,2026-07-29,6.391666666666667e-05,4.34e-05,9.584e-05,3,0.38095238095238093,0.4506
BTCUSDT,2026-07-30,7.051333333333333e-05,4.388e-05,9.495e-05,3,0.2857142857142857,0.4289
BTCUSDT,2026-07-31,3.4813333333333334e-05,-1.198e-05,0.0001,3,0.2857142857142857,0.4432
BTCUSDT,2026-08-01,1.3629999999999998e-05,-1.066e-05,4.871e-05,3,0.19047619047619047,0.4326
BTCUSDT,2026-08-02,3.879666666666667e-05,8e-08,0.0001,3,0.14285714285714285,0.4131
BTCUSDT,2026-08-03,3.308e-05,9.21e-06,4.861e-05,3,0.14285714285714285,0.4153
BTCUSDT,2026-08-04,6.968666666666666e-05,4.654e-05,0.0001,3,0.09523809523809523,0.3912
ETHUSDT,2019-11-27,0.0001,0.0001,0.0001,2,0.0,0.36
ETHUSDT,2019-11-28,2.636666666666666e-06,-0.0001061,0.0001,3,0.2,0.4389
ETHUSDT,2019-11-29,-0.0001713633333333,-0.00022765,-8.117e-05,3,0.5,0.5685
ETHUSDT,2019-11-30,2.058e-05,-3.953e-05,0.0001,3,0.4545454545454545,0.4827
ETHUSDT,2019-12-01,0.0001,0.0001,0.0001,3,0.3571428571428571,0.4314
ETHUSDT,2019-12-02,0.0001,0.0001,0.0001,3,0.2941176470588235,0.4188
ETHUSDT,2019-12-03,0.0001,0.0001,0.0001,3,0.25,0.41
ETHUSDT,2019-12-04,0.0001,0.0001,0.0001,3,0.238095238095238,0.4076
ETHUSDT,2019-12-05,7.206e-05,1.618e-05,0.0001,3,0.1904761904761904,0.4093
ETHUSDT,2019-12-06,9.355666666666666e-05,8.067e-05,0.0001,3,0.0476190476190476,0.3721
ETHUSDT,2019-12-07,0.0001,0.0001,0.0001,3,0.0,0.36
ETHUSDT,2019-12-08,7.778333333333333e-05,3.335e-05,0.0001,3,0.0,0.3689
ETHUSDT,2019-12-09,0.0001,0.0001,0.0001,3,0.0,0.36
ETHUSDT,2019-12-10,0.0001,0.0001,0.0001,3,0.0,0.36
ETHUSDT,2019-12-11,0.0001,0.0001,0.0001,3,0.0,0.36
ETHUSDT,2019-12-12,0.0001,0.0001,0.0001,3,0.0,0.36
ETHUSDT,2019-12-13,0.0001,0.0001,0.0001,3,0.0,0.36
ETHUSDT,2019-12-14,6.717000000000001e-05,2.56e-06,0.0001,3,0.0,0.3731
ETHUSDT,2019-12-15,0.0001,0.0001,0.0001,3,0.0,0.36
ETHUSDT,2019-12-16,8.816333333333335e-05,6.449e-05,0.0001,3,0.0,0.3647
ETHUSDT,2019-12-17,7.677e-05,3.382e-05,0.0001,3,0.0,0.3693
ETHUSDT,2019-12-18,8.302333333333333e-05,5.835e-05,0.0001,3,0.0,0.3668
ETHUSDT,2019-12-19,0.0001,0.0001,0.0001,3,0.0,0.36
ETHUSDT,2019-12-20,0.0001,0.0001,0.0001,3,0.0,0.36
ETHUSDT,2019-12-21,0.0001,0.0001,0.0001,3,0.0,0.36
ETHUSDT,2019-12-22,0.0001,0.0001,0.0001,3,0.0,0.36
ETHUSDT,2019-12-23,0.0001,0.0001,0.0001,3,0.0,0.36
ETHUSDT,2019-12-24,0.0001,0.0001,0.0001,3,0.0,0.36
ETHUSDT,2019-12-25,0.0001,0.0001,0.0001,3,0.0,0.36
ETHUSDT,2019-12-26,9.899333333333334e-05,9.698e-05,0.0001,3,0.0,0.3604
ETHUSDT,2019-12-27,0.0001,0.0001,0.0001,3,0.0,0.36
ETHUSDT,2019-12-28,0.0001,0.0001,0.0001,3,0.0,0.36
ETHUSDT,2019-12-29,6.82e-05,2.169e-05,0.0001,3,0.0,0.3727
ETHUSDT,2019-12-30,7.902333333333334e-05,3.707e-05,0.0001,3,0.0,0.3684
ETHUSDT,2019-12-31,9.886666666666668e-05,9.66e-05,0.0001,3,0.0,0.3605
ETHUSDT,2020-01-01,4.096666666666678e-06,-0.00016125,0.0001,3,0.0476190476190476,0.4079
ETHUSDT,2020-01-02,8.349000000000002e-05,5.047e-05,0.0001,3,0.0476190476190476,0.3761
ETHUSDT,2020-01-03,0.0001,0.0001,0.0001,3,0.0476190476190476,0.3695
ETHUSDT,2020-01-04,0.0001,0.0001,0.0001,3,0.0476190476190476,0.3695
ETHUSDT,2020-01-05,0.0001,0.0001,0.0001,3,0.0476190476190476,0.3695
ETHUSDT,2020-01-06,0.0001,0.0001,0.0001,3,0.0476190476190476,0.3695
ETHUSDT,2020-01-07,0.0001,0.0001,0.0001,3,0.0476190476190476,0.3695
ETHUSDT,2020-01-08,0.0001,0.0001,0.0001,3,0.0,0.36
ETHUSDT,2020-01-09,0.0001,0.0001,0.0001,3,0.0,0.36
ETHUSDT,2020-01-10,0.0001,0.0001,0.0001,3,0.0,0.36
ETHUSDT,2020-01-11,0.0001,0.0001,0.0001,3,0.0,0.36
ETHUSDT,2020-01-12,0.0001,0.0001,0.0001,3,0.0,0.36
ETHUSDT,2020-01-13,0.0001,0.0001,0.0001,3,0.0,0.36
ETHUSDT,2020-01-14,0.0001,0.0001,0.0001,3,0.0,0.36
ETHUSDT,2020-01-15,0.0002121033333333,0.00011544,0.00031864,3,0.0,0.3152
ETHUSDT,2020-01-16,0.0003260366666666,0.00017165,0.0004224,3,0.0,0.2696
ETHUSDT,2020-01-17,0.0001636633333333,0.0001,0.00020327,3,0.0,0.3345
ETHUSDT,2020-01-18,0.0001033799999999,0.0001,0.00011014,3,0.0,0.3586
ETHUSDT,2020-01-19,0.00029455,0.00019851,0.00044662,3,0.0,0.2822
ETHUSDT,2020-01-20,0.0004671533333333,0.00038562,0.00054081,3,0.0,0.2131
ETHUSDT,2020-01-21,0.00019029,0.00016823,0.00021637,3,0.0,0.3239
ETHUSDT,2020-01-22,0.0001178333333333,0.0001,0.0001535,3,0.0,0.3529
ETHUSDT,2020-01-23,0.00013998,0.0001,0.00021994,3,0.0,0.344
ETHUSDT,2020-01-24,0.0002026166666666,0.00017114,0.00025923,3,0.0,0.319
ETHUSDT,2020-01-25,0.00015931,0.0001,0.00027793,3,0.0,0.3363
ETHUSDT,2020-01-26,0.00022782,0.0001,0.00031959,3,0.0,0.3089
ETHUSDT,2020-01-27,0.0001,0.0001,0.0001,3,0.0,0.36
ETHUSDT,2020-01-28,0.00050389,0.00010167,0.00091788,3,0.0,0.1984
ETHUSDT,2020-01-29,0.0009465233333333,0.00055576,0.00122251,3,0.0,0.0214
ETHUSDT,2020-01-30,0.0005296366666666,0.00049058,0.00054951,3,0.0,0.1881
ETHUSDT,2020-01-31,0.0010278233333333,0.00082589,0.00132017,3,0.0,0.0
ETHUSDT,2020-02-01,0.0006521533333333,0.00052861,0.0007201,3,0.0,0.1391
ETHUSDT,2020-02-02,0.0002044266666666,0.0001,0.000352,3,0.0,0.3182
ETHUSDT,2020-02-03,0.0001,0.0001,0.0001,3,0.0,0.36
ETHUSDT,2020-02-04,0.00030226,0.00014722,0.00039381,3,0.0,0.2791
ETHUSDT,2020-02-05,0.00038505,0.0001,0.00095515,3,0.0,0.246
ETHUSDT,2020-02-06,0.0008107233333333,0.00053238,0.00112654,3,0.0,0.0757
ETHUSDT,2020-02-07,0.0003113533333333,0.00014913,0.00045718,3,0.0,0.2755
ETHUSDT,2020-02-08,0.0002792733333333,0.00026524,0.00029946,3,0.0,0.2883
ETHUSDT,2020-02-09,0.0009883799999999,0.00063224,0.00136228,3,0.0,0.0046
ETHUSDT,2020-02-10,0.0020660766666666,0.00130685,0.00295694,3,0.0,0.0
ETHUSDT,2020-02-11,0.0012551133333333,0.00107512,0.00150902,3,0.0,0.0
ETHUSDT,2020-02-12,0.0026688133333333,0.00148984,0.0036719,3,0.0,0.0
ETHUSDT,2020-02-13,0.00146644,0.00119193,0.0017895,3,0.0,0.0
ETHUSDT,2020-02-14,0.0010441766666666,0.00081527,0.00133922,3,0.0,0.0
ETHUSDT,2020-02-15,0.0010010366666666,0.00084363,0.00116429,3,0.0,0.0
ETHUSDT,2020-02-16,0.0009888766666666,0.00042143,0.00191229,3,0.0,0.0044
ETHUSDT,2020-02-17,0.0006864466666666,0.00052153,0.00088411,3,0.0,0.1254
ETHUSDT,2020-02-18,0.00020082,0.00012422,0.00024205,3,0.0,0.3197
ETHUSDT,2020-02-19,0.00078567,0.00068394,0.00095567,3,0.0,0.0857
ETHUSDT,2020-02-20,0.0002778033333333,0.0001,0.00053851,3,0.0,0.2889
ETHUSDT,2020-02-21,0.0006028299999999,0.0005353,0.00069899,3,0.0,0.1589
ETHUSDT,2020-02-22,0.00051304,0.00045883,0.00056424,3,0.0,0.1948
ETHUSDT,2020-02-23,0.0005626166666666,0.00043317,0.00077311,3,0.0,0.175
ETHUSDT,2020-02-24,0.00037408,0.00020954,0.00054128,3,0.0,0.2504
ETHUSDT,2020-02-25,0.0004135033333333,0.00031422,0.00052084,3,0.0,0.2346
ETHUSDT,2020-02-26,0.0006614266666666,0.00047129,0.00079802,3,0.0,0.1354
ETHUSDT,2020-02-27,0.0001538933333333,0.0001,0.00025833,3,0.0,0.3384
ETHUSDT,2020-02-28,0.0002275866666666,0.00012465,0.00030522,3,0.0,0.309
ETHUSDT,2020-02-29,0.0004807333333333,0.00040998,0.00055451,3,0.0,0.2077
ETHUSDT,2020-03-01,0.0002227666666666,0.00015628,0.00032216,3,0.0,0.3109
ETHUSDT,2020-03-02,0.0001346166666666,0.0001,0.00015638,3,0.0,0.3462
ETHUSDT,2020-03-03,0.0001713433333333,0.0001,0.00031403,3,0.0,0.3315
ETHUSDT,2020-03-04,0.00031328,0.00030432,0.00032821,3,0.0,0.2747
ETHUSDT,2020-03-05,0.0003497766666666,0.00029022,0.00039893,3,0.0,0.2601
ETHUSDT,2020-03-06,0.0001912666666666,0.0001,0.0003738,3,0.0,0.3235
ETHUSDT,2020-03-07,0.0001124633333333,0.0001,0.00013739,3,0.0,0.355
ETHUSDT,2020-03-08,0.000387,0.00032347,0.0004582,3,0.0,0.2452
ETHUSDT,2020-03-09,0.0001253999999999,0.0001,0.00016188,3,0.0,0.3498
ETHUSDT,2020-03-10,0.0002014233333333,0.0001,0.00025409,3,0.0,0.3194
ETHUSDT,2020-03-11,0.0002118366666666,0.0001,0.00037247,3,0.0,0.3153
ETHUSDT,2020-03-12,0.00033639,0.0001,0.00054526,3,0.0,0.2654
ETHUSDT,2020-03-13,-0.00099923,-0.00281778,0.0001,3,0.0952380952380952,0.8187
ETHUSDT,2020-03-14,0.0001,0.0001,0.0001,3,0.0952380952380952,0.379
ETHUSDT,2020-03-15,0.0001,0.0001,0.0001,3,0.0952380952380952,0.379
ETHUSDT,2020-03-16,-9.773333333333332e-06,-0.00022932,0.0001,3,0.1428571428571428,0.4325
ETHUSDT,2020-03-17,0.0001,0.0001,0.0001,3,0.1428571428571428,0.3886
ETHUSDT,2020-03-18,0.0001,0.0001,0.0001,3,0.1428571428571428,0.3886
ETHUSDT,2020-03-19,0.0001,0.0001,0.0001,3,0.1428571428571428,0.3886
ETHUSDT,2020-03-20,0.0001,0.0001,0.0001,3,0.0476190476190476,0.3695
ETHUSDT,2020-03-21,0.0001,0.0001,0.0001,3,0.0476190476190476,0.3695
ETHUSDT,2020-03-22,0.0001,0.0001,0.0001,3,0.0476190476190476,0.3695
ETHUSDT,2020-03-23,0.0001,0.0001,0.0001,3,0.0,0.36
ETHUSDT,2020-03-24,0.0001,0.0001,0.0001,3,0.0,0.36
ETHUSDT,2020-03-25,0.0001,0.0001,0.0001,3,0.0,0.36
ETHUSDT,2020-03-26,0.0001,0.0001,0.0001,3,0.0,0.36
ETHUSDT,2020-03-27,0.0001,0.0001,0.0001,3,0.0,0.36
ETHUSDT,2020-03-28,5.761666666666667e-05,-2.715e-05,0.0001,3,0.0476190476190476,0.3865
ETHUSDT,2020-03-29,0.0001,0.0001,0.0001,3,0.0476190476190476,0.3695
ETHUSDT,2020-03-30,3.3633333333333335e-05,-9.91e-05,0.0001,3,0.0952380952380952,0.4056
ETHUSDT,2020-03-31,0.0001,0.0001,0.0001,3,0.0952380952380952,0.379
ETHUSDT,2020-04-01,4.2106666666666675e-05,-7.368e-05,0.0001,3,0.1428571428571428,0.4117
ETHUSDT,2020-04-02,4.943333333333333e-05,-5.17e-05,0.0001,3,0.1904761904761904,0.4183
ETHUSDT,2020-04-03,0.0001,0.0001,0.0001,3,0.1904761904761904,0.3981
ETHUSDT,2020-04-04,8.293666666666668e-05,4.881e-05,0.0001,3,0.1428571428571428,0.3954
ETHUSDT,2020-04-05,7.851333333333333e-05,3.554e-05,0.0001,3,0.1428571428571428,0.3972
ETHUSDT,2020-04-06,7.522333333333333e-05,5.027e-05,0.0001,3,0.0952380952380952,0.389
ETHUSDT,2020-04-07,-4.725e-05,-0.00014221,8.758e-05,3,0.1904761904761904,0.457
ETHUSDT,2020-04-08,0.0001,0.0001,0.0001,3,0.1428571428571428,0.3886
ETHUSDT,2020-04-09,0.0001,0.0001,0.0001,3,0.0952380952380952,0.379
ETHUSDT,2020-04-10,0.0001,0.0001,0.0001,3,0.0952380952380952,0.379
ETHUSDT,2020-04-11,6.192333333333333e-05,-6.9e-06,0.0001,3,0.1428571428571428,0.4038
ETHUSDT,2020-04-12,7.328333333333333e-05,1.985e-05,0.0001,3,0.1428571428571428,0.3993
ETHUSDT,2020-04-13,0.0001,0.0001,0.0001,3,0.1428571428571428,0.3886
ETHUSDT,2020-04-14,0.0001,0.0001,0.0001,3,0.0476190476190476,0.3695
ETHUSDT,2020-04-15,0.0001,0.0001,0.0001,3,0.0476190476190476,0.3695
ETHUSDT,2020-04-16,5.8246666666666666e-05,-2.526e-05,0.0001,3,0.0952380952380952,0.3957
ETHUSDT,2020-04-17,0.0001,0.0001,0.0001,3,0.0952380952380952,0.379
ETHUSDT,2020-04-18,9.818e-05,9.454e-05,0.0001,3,0.0476190476190476,0.3703
ETHUSDT,2020-04-19,0.0001,0.0001,0.0001,3,0.0476190476190476,0.3695
ETHUSDT,2020-04-20,0.0001,0.0001,0.0001,3,0.0476190476190476,0.3695
ETHUSDT,2020-04-21,0.0001,0.0001,0.0001,3,0.0476190476190476,0.3695
ETHUSDT,2020-04-22,0.0001,0.0001,0.0001,3,0.0476190476190476,0.3695
ETHUSDT,2020-04-23,0.0001,0.0001,0.0001,3,0.0,0.36
ETHUSDT,2020-04-24,0.0001,0.0001,0.0001,3,0.0,0.36
ETHUSDT,2020-04-25,0.0001,0.0001,0.0001,3,0.0,0.36
ETHUSDT,2020-04-26,0.0001,0.0001,0.0001,3,0.0,0.36
ETHUSDT,2020-04-27,0.0001,0.0001,0.0001,3,0.0,0.36
ETHUSDT,2020-04-28,0.0001,0.0001,0.0001,3,0.0,0.36
ETHUSDT,2020-04-29,0.0001,0.0001,0.0001,3,0.0,0.36
ETHUSDT,2020-04-30,0.00020181,0.0001,0.00040543,3,0.0,0.3193
ETHUSDT,2020-05-01,0.0002105699999999,0.0001,0.00033541,3,0.0,0.3158
ETHUSDT,2020-05-02,0.0003819266666666,0.00020286,0.00065493,3,0.0,0.2472
ETHUSDT,2020-05-03,0.0002817566666666,0.0002053,0.00033679,3,0.0,0.2873
ETHUSDT,2020-05-04,0.00016204,0.0001,0.00020259,3,0.0,0.3352
ETHUSDT,2020-05-05,0.0002158233333333,0.0001,0.00033589,3,0.0,0.3137
ETHUSDT,2020-05-06,0.0003043233333333,0.0001,0.00058198,3,0.0,0.2783
ETHUSDT,2020-05-07,0.00010037,0.0001,0.00010111,3,0.0,0.3599
ETHUSDT,2020-05-08,0.0003922699999999,0.00021374,0.000687,3,0.0,0.2431
ETHUSDT,2020-05-09,0.00026527,0.00018668,0.00039213,3,0.0,0.2939
ETHUSDT,2020-05-10,0.0001173833333333,0.0001,0.00015215,3,0.0,0.353
ETHUSDT,2020-05-11,0.0001,0.0001,0.0001,3,0.0,0.36
ETHUSDT,2020-05-12,0.0001,0.0001,0.0001,3,0.0,0.36
ETHUSDT,2020-05-13,0.0001,0.0001,0.0001,3,0.0,0.36
ETHUSDT,2020-05-14,0.0001,0.0001,0.0001,3,0.0,0.36
ETHUSDT,2020-05-15,3.5096666666666665e-05,-3.957e-05,0.0001,3,0.0476190476190476,0.3955
ETHUSDT,2020-05-16,4.8433333333333336e-05,-5.47e-05,0.0001,3,0.0952380952380952,0.3997
ETHUSDT,2020-05-17,5.314333333333334e-05,-4.057e-05,0.0001,3,0.1428571428571428,0.4073
ETHUSDT,2020-05-18,0.0001,0.0001,0.0001,3,0.1428571428571428,0.3886
ETHUSDT,2020-05-19,0.0001,0.0001,0.0001,3,0.1428571428571428,0.3886
ETHUSDT,2020-05-20,0.0001,0.0001,0.0001,3,0.1428571428571428,0.3886
ETHUSDT,2020-05-21,0.0001,0.0001,0.0001,3,0.1428571428571428,0.3886
ETHUSDT,2020-05-22,7.839333333333334e-05,3.518e-05,0.0001,3,0.0952380952380952,0.3877
ETHUSDT,2020-05-23,0.0001,0.0001,0.0001,3,0.0476190476190476,0.3695
ETHUSDT,2020-05-24,0.0001,0.0001,0.0001,3,0.0,0.36
ETHUSDT,2020-05-25,0.0001,0.0001,0.0001,3,0.0,0.36
ETHUSDT,2020-05-26,0.0001,0.0001,0.0001,3,0.0,0.36
ETHUSDT,2020-05-27,0.0001,0.0001,0.0001,3,0.0,0.36
ETHUSDT,2020-05-28,0.0001,0.0001,0.0001,3,0.0,0.36
ETHUSDT,2020-05-29,0.0001,0.0001,0.0001,3,0.0,0.36
ETHUSDT,2020-05-30,0.0001,0.0001,0.0001,3,0.0,0.36
ETHUSDT,2020-05-31,0.0001,0.0001,0.0001,3,0.0,0.36
ETHUSDT,2020-06-01,0.0001,0.0001,0.0001,3,0.0,0.36
ETHUSDT,2020-06-02,0.0002099533333333,0.0001,0.00034764,3,0.0,0.316
ETHUSDT,2020-06-03,0.0001,0.0001,0.0001,3,0.0,0.36
ETHUSDT,2020-06-04,0.0001,0.0001,0.0001,3,0.0,0.36
ETHUSDT,2020-06-05,0.0001,0.0001,0.0001,3,0.0,0.36
ETHUSDT,2020-06-06,0.0001,0.0001,0.0001,3,0.0,0.36
ETHUSDT,2020-06-07,0.0001,0.0001,0.0001,3,0.0,0.36
ETHUSDT,2020-06-08,0.0001825033333333,0.0001,0.00023671,3,0.0,0.327
ETHUSDT,2020-06-09,0.0001463399999999,0.0001,0.00021431,3,0.0,0.3415
ETHUSDT,2020-06-10,0.0001,0.0001,0.0001,3,0.0,0.36
ETHUSDT,2020-06-11,0.0001448566666666,0.0001,0.00023457,3,0.0,0.3421
ETHUSDT,2020-06-12,0.0001,0.0001,0.0001,3,0.0,0.36
ETHUSDT,2020-06-13,0.0001,0.0001,0.0001,3,0.0,0.36
ETHUSDT,2020-06-14,0.0001,0.0001,0.0001,3,0.0,0.36
ETHUSDT,2020-06-15,0.0001,0.0001,0.0001,3,0.0,0.36
ETHUSDT,2020-06-16,0.0001,0.0001,0.0001,3,0.0,0.36
ETHUSDT,2020-06-17,0.0001,0.0001,0.0001,3,0.0,0.36
ETHUSDT,2020-06-18,0.0001,0.0001,0.0001,3,0.0,0.36
ETHUSDT,2020-06-19,0.0001,0.0001,0.0001,3,0.0,0.36
ETHUSDT,2020-06-20,0.0001,0.0001,0.0001,3,0.0,0.36
ETHUSDT,2020-06-21,0.0001,0.0001,0.0001,3,0.0,0.36
ETHUSDT,2020-06-22,0.0001,0.0001,0.0001,3,0.0,0.36
ETHUSDT,2020-06-23,0.0001,0.0001,0.0001,3,0.0,0.36
ETHUSDT,2020-06-24,0.0001,0.0001,0.0001,3,0.0,0.36
ETHUSDT,2020-06-25,0.0001,0.0001,0.0001,3,0.0,0.36
ETHUSDT,2020-06-26,0.0001,0.0001,0.0001,3,0.0,0.36
ETHUSDT,2020-06-27,0.0001,0.0001,0.0001,3,0.0,0.36
ETHUSDT,2020-06-28,0.0001,0.0001,0.0001,3,0.0,0.36
ETHUSDT,2020-06-29,0.0001,0.0001,0.0001,3,0.0,0.36
ETHUSDT,2020-06-30,0.0001,0.0001,0.0001,3,0.0,0.36
ETHUSDT,2020-07-01,0.0001,0.0001,0.0001,3,0.0,0.36
ETHUSDT,2020-07-02,0.0001,0.0001,0.0001,3,0.0,0.36
ETHUSDT,2020-07-03,0.0001,0.0001,0.0001,3,0.0,0.36
ETHUSDT,2020-07-04,0.0001,0.0001,0.0001,3,0.0,0.36
ETHUSDT,2020-07-05,0.0001,0.0001,0.0001,3,0.0,0.36
ETHUSDT,2020-07-06,0.0001,0.0001,0.0001,3,0.0,0.36
ETHUSDT,2020-07-07,0.0001,0.0001,0.0001,3,0.0,0.36
ETHUSDT,2020-07-08,0.0001,0.0001,0.0001,3,0.0,0.36
ETHUSDT,2020-07-09,0.00010989,0.00010104,0.00011645,3,0.0,0.356
ETHUSDT,2020-07-10,0.0001,0.0001,0.0001,3,0.0,0.36
ETHUSDT,2020-07-11,0.0001,0.0001,0.0001,3,0.0,0.36
ETHUSDT,2020-07-12,0.0001,0.0001,0.0001,3,0.0,0.36
ETHUSDT,2020-07-13,0.0001096633333333,0.0001,0.00012899,3,0.0,0.3561
ETHUSDT,2020-07-14,0.0001,0.0001,0.0001,3,0.0,0.36
ETHUSDT,2020-07-15,0.0001,0.0001,0.0001,3,0.0,0.36
ETHUSDT,2020-07-16,0.0001,0.0001,0.0001,3,0.0,0.36
ETHUSDT,2020-07-17,0.0001,0.0001,0.0001,3,0.0,0.36
ETHUSDT,2020-07-18,0.0001,0.0001,0.0001,3,0.0,0.36
ETHUSDT,2020-07-19,0.0001,0.0001,0.0001,3,0.0,0.36
ETHUSDT,2020-07-20,0.0001,0.0001,0.0001,3,0.0,0.36
ETHUSDT,2020-07-21,0.0001,0.0001,0.0001,3,0.0,0.36
ETHUSDT,2020-07-22,0.0001,0.0001,0.0001,3,0.0,0.36
ETHUSDT,2020-07-23,0.0006073566666666,0.00047433,0.00079591,3,0.0,0.1571
ETHUSDT,2020-07-24,0.0006513266666666,0.00042763,0.0009435,3,0.0,0.1395
ETHUSDT,2020-07-25,0.0002507466666666,0.00019115,0.00032733,3,0.0,0.2997
ETHUSDT,2020-07-26,0.00074298,0.00039999,0.00091914,3,0.0,0.1028
ETHUSDT,2020-07-27,0.0007927166666666,0.00069401,0.00091745,3,0.0,0.0829
ETHUSDT,2020-07-28,0.00116206,0.00113558,0.00120926,3,0.0,0.0
ETHUSDT,2020-07-29,0.0008454533333333,0.00071643,0.00095544,3,0.0,0.0618
ETHUSDT,2020-07-30,0.00063936,0.0006027,0.0006881,3,0.0,0.1443
ETHUSDT,2020-07-31,0.0008005466666666,0.00061106,0.00108946,3,0.0,0.0798
ETHUSDT,2020-08-01,0.00044369,0.00035058,0.00053847,3,0.0,0.2225
ETHUSDT,2020-08-02,0.0009716933333333,0.00033067,0.00163562,3,0.0,0.0113
ETHUSDT,2020-08-03,0.0004473066666666,0.0002917,0.00054445,3,0.0,0.2211
ETHUSDT,2020-08-04,0.0005147099999999,0.00036557,0.00063177,3,0.0,0.1941
ETHUSDT,2020-08-05,0.0006802333333333,0.00053408,0.0008946,3,0.0,0.1279
ETHUSDT,2020-08-06,0.0006293866666666,0.00056598,0.00069781,3,0.0,0.1482
ETHUSDT,2020-08-07,0.0004288466666666,0.00029683,0.00052275,3,0.0,0.2285
ETHUSDT,2020-08-08,0.0002494433333333,0.0001,0.00044084,3,0.0,0.3002
ETHUSDT,2020-08-09,0.0003792566666666,0.00032833,0.00046489,3,0.0,0.2483
ETHUSDT,2020-08-10,0.00064811,0.00033424,0.00108975,3,0.0,0.1408
ETHUSDT,2020-08-11,0.0005086299999999,0.00048022,0.00052529,3,0.0,0.1965
ETHUSDT,2020-08-12,0.0003091966666666,0.00024038,0.00034577,3,0.0,0.2763
ETHUSDT,2020-08-13,0.0004797666666666,0.00031747,0.0006053,3,0.0,0.2081
ETHUSDT,2020-08-14,0.00135967,0.00124102,0.00146832,3,0.0,0.0
ETHUSDT,2020-08-15,0.0007972533333333,0.00075821,0.00084015,3,0.0,0.0811
ETHUSDT,2020-08-16,0.0007508633333333,0.00046248,0.0009221,3,0.0,0.0997
ETHUSDT,2020-08-17,0.0007988266666666,0.00061133,0.00103523,3,0.0,0.0805
ETHUSDT,2020-08-18,0.0009129233333333,0.00054732,0.00133232,3,0.0,0.0348
ETHUSDT,2020-08-19,0.00032043,0.00021587,0.00040187,3,0.0,0.2718
ETHUSDT,2020-08-20,0.0002411966666666,0.0001,0.00035614,3,0.0,0.3035
ETHUSDT,2020-08-21,0.0001369733333333,0.0001,0.00021092,3,0.0,0.3452
ETHUSDT,2020-08-22,0.0001,0.0001,0.0001,3,0.0,0.36
ETHUSDT,2020-08-23,0.0002045766666666,0.00014517,0.00030687,3,0.0,0.3182
ETHUSDT,2020-08-24,0.0002867933333333,0.00022508,0.00031958,3,0.0,0.2853
ETHUSDT,2020-08-25,0.00015132,0.00011335,0.0002243,3,0.0,0.3395
ETHUSDT,2020-08-26,0.0001530833333333,0.0001,0.00020921,3,0.0,0.3388
ETHUSDT,2020-08-27,0.00010427,0.0001,0.00011281,3,0.0,0.3583
ETHUSDT,2020-08-28,0.00010742,0.0001,0.00012226,3,0.0,0.357
ETHUSDT,2020-08-29,0.0001,0.0001,0.0001,3,0.0,0.36
ETHUSDT,2020-08-30,0.0001,0.0001,0.0001,3,0.0,0.36
ETHUSDT,2020-08-31,0.0001,0.0001,0.0001,3,0.0,0.36
ETHUSDT,2020-09-01,0.0003072666666666,0.0001,0.00055077,3,0.0,0.2771
ETHUSDT,2020-09-02,0.0003863666666666,0.0001,0.00060012,3,0.0,0.2455
ETHUSDT,2020-09-03,0.0001161966666666,0.0001,0.00014859,3,0.0,0.3535
ETHUSDT,2020-09-04,0.00014247,0.00010813,0.00020118,3,0.0,0.343
ETHUSDT,2020-09-05,0.0001,0.0001,0.0001,3,0.0,0.36
ETHUSDT,2020-09-06,0.0001,0.0001,0.0001,3,0.0,0.36
ETHUSDT,2020-09-07,8.826666666666668e-05,6.48e-05,0.0001,3,0.0,0.3647
ETHUSDT,2020-09-08,0.0001,0.0001,0.0001,3,0.0,0.36
ETHUSDT,2020-09-09,0.0001,0.0001,0.0001,3,0.0,0.36
ETHUSDT,2020-09-10,8.846e-05,6.538e-05,0.0001,3,0.0,0.3646
ETHUSDT,2020-09-11,6.657333333333334e-05,3.498e-05,9.323e-05,3,0.0,0.3734
ETHUSDT,2020-09-12,7.910333333333334e-05,3.731e-05,0.0001,3,0.0,0.3684
ETHUSDT,2020-09-13,0.0001,0.0001,0.0001,3,0.0,0.36
ETHUSDT,2020-09-14,0.0001,0.0001,0.0001,3,0.0,0.36
ETHUSDT,2020-09-15,0.0001,0.0001,0.0001,3,0.0,0.36
ETHUSDT,2020-09-16,0.0001,0.0001,0.0001,3,0.0,0.36
ETHUSDT,2020-09-17,0.0001,0.0001,0.0001,3,0.0,0.36
ETHUSDT,2020-09-18,0.0001,0.0001,0.0001,3,0.0,0.36
ETHUSDT,2020-09-19,0.0001,0.0001,0.0001,3,0.0,0.36
ETHUSDT,2020-09-20,6.64e-05,-8e-07,0.0001,3,0.0476190476190476,0.383
ETHUSDT,2020-09-21,4.531333333333333e-05,-1.481e-05,0.0001,3,0.0952380952380952,0.4009
ETHUSDT,2020-09-22,-7.216666666666667e-05,-0.00022757,1.01e-05,3,0.1428571428571428,0.4574
ETHUSDT,2020-09-23,7.210666666666667e-05,1.632e-05,0.0001,3,0.1428571428571428,0.3997
ETHUSDT,2020-09-24,2.361e-05,-1.579e-05,5.598e-05,3,0.1904761904761904,0.4287
ETHUSDT,2020-09-25,8.453666666666667e-05,5.361e-05,0.0001,3,0.1904761904761904,0.4043
ETHUSDT,2020-09-26,0.0001,0.0001,0.0001,3,0.1904761904761904,0.3981
ETHUSDT,2020-09-27,0.0001,0.0001,0.0001,3,0.1428571428571428,0.3886
ETHUSDT,2020-09-28,0.0001,0.0001,0.0001,3,0.0952380952380952,0.379
ETHUSDT,2020-09-29,5.2873333333333334e-05,-1.526e-05,0.0001,3,0.0952380952380952,0.3979
ETHUSDT,2020-09-30,6.573333333333334e-05,-2.8e-06,0.0001,3,0.1428571428571428,0.4023
ETHUSDT,2020-10-01,9.979e-05,9.937e-05,0.0001,3,0.0952380952380952,0.3791
ETHUSDT,2020-10-02,3.619666666666667e-05,-3.462e-05,0.0001,3,0.1428571428571428,0.4141
ETHUSDT,2020-10-03,-3.09e-05,-0.00011916,5.867e-05,3,0.238095238095238,0.46
ETHUSDT,2020-10-04,9.820000000000004e-06,-6.384e-05,0.0001,3,0.3333333333333333,0.4627
ETHUSDT,2020-10-05,2.9543333333333336e-05,-1.442e-05,0.0001,3,0.3809523809523809,0.4644
ETHUSDT,2020-10-06,1.6863333333333335e-05,-4.499e-05,9.514e-05,3,0.3809523809523809,0.4694
ETHUSDT,2020-10-07,9.043333333333335e-06,-7.208e-05,7.205e-05,3,0.3809523809523809,0.4726
ETHUSDT,2020-10-08,0.0001,0.0001,0.0001,3,0.3809523809523809,0.4362
ETHUSDT,2020-10-09,0.0001,0.0001,0.0001,3,0.3333333333333333,0.4267
ETHUSDT,2020-10-10,0.0001841566666666,0.0001,0.00027917,3,0.238095238095238,0.374
ETHUSDT,2020-10-11,0.0001170733333333,0.0001,0.00013127,3,0.1428571428571428,0.3817
ETHUSDT,2020-10-12,0.0001,0.0001,0.0001,3,0.0952380952380952,0.379
ETHUSDT,2020-10-13,0.0001397,0.0001,0.0002191,3,0.0476190476190476,0.3536
ETHUSDT,2020-10-14,0.0001,0.0001,0.0001,3,0.0,0.36
ETHUSDT,2020-10-15,0.0001,0.0001,0.0001,3,0.0,0.36
ETHUSDT,2020-10-16,0.0001,0.0001,0.0001,3,0.0,0.36
ETHUSDT,2020-10-17,0.0001,0.0001,0.0001,3,0.0,0.36
ETHUSDT,2020-10-18,0.0001,0.0001,0.0001,3,0.0,0.36
ETHUSDT,2020-10-19,0.0001,0.0001,0.0001,3,0.0,0.36
ETHUSDT,2020-10-20,0.0001975666666666,0.0001,0.00037754,3,0.0,0.321
ETHUSDT,2020-10-21,0.0003090333333333,0.0001,0.00050823,3,0.0,0.2764
ETHUSDT,2020-10-22,0.0007019,0.00052961,0.00083557,3,0.0,0.1192
ETHUSDT,2020-10-23,0.00037011,0.00024975,0.0005259,3,0.0,0.252
ETHUSDT,2020-10-24,0.0004275333333333,0.00034696,0.00051273,3,0.0,0.229
ETHUSDT,2020-10-25,0.0001993166666666,0.0001,0.00039795,3,0.0,0.3203
ETHUSDT,2020-10-26,0.0001377666666666,0.0001,0.0002133,3,0.0,0.3449
ETHUSDT,2020-10-27,0.00012803,0.0001,0.00018409,3,0.0,0.3488
ETHUSDT,2020-10-28,0.0001175099999999,0.0001,0.00015253,3,0.0,0.353
ETHUSDT,2020-10-29,0.0001,0.0001,0.0001,3,0.0,0.36
ETHUSDT,2020-10-30,0.0001,0.0001,0.0001,3,0.0,0.36
ETHUSDT,2020-10-31,0.0001,0.0001,0.0001,3,0.0,0.36
ETHUSDT,2020-11-01,0.0001,0.0001,0.0001,3,0.0,0.36
ETHUSDT,2020-11-02,0.0001669833333333,0.0001,0.00030095,3,0.0,0.3332
ETHUSDT,2020-11-03,0.0001,0.0001,0.0001,3,0.0,0.36
ETHUSDT,2020-11-04,0.0001,0.0001,0.0001,3,0.0,0.36
ETHUSDT,2020-11-05,0.00073024,0.00069168,0.00076235,3,0.0,0.1079
ETHUSDT,2020-11-06,0.00061617,0.00035727,0.0007547,3,0.0,0.1535
ETHUSDT,2020-11-07,0.00070002,0.00048047,0.00103009,3,0.0,0.12
ETHUSDT,2020-11-08,0.0003819833333333,0.00021269,0.00058594,3,0.0,0.2472
ETHUSDT,2020-11-09,0.0003483033333333,0.00025588,0.00050128,3,0.0,0.2607
ETHUSDT,2020-11-10,0.00028942,0.00016695,0.00036401,3,0.0,0.2842
ETHUSDT,2020-11-11,0.00034219,0.00018601,0.00043021,3,0.0,0.2631
ETHUSDT,2020-11-12,0.0001973033333333,0.0001,0.00039191,3,0.0,0.3211
ETHUSDT,2020-11-13,0.0002367733333333,0.0001,0.00051032,3,0.0,0.3053
ETHUSDT,2020-11-14,0.0002687933333333,0.0001,0.00058724,3,0.0,0.2925
ETHUSDT,2020-11-15,0.0001,0.0001,0.0001,3,0.0,0.36
ETHUSDT,2020-11-16,0.0001,0.0001,0.0001,3,0.0,0.36
ETHUSDT,2020-11-17,0.0002402066666666,0.0001,0.0003788,3,0.0,0.3039
ETHUSDT,2020-11-18,0.00045879,0.0001,0.00089819,3,0.0,0.2165
ETHUSDT,2020-11-19,0.0002103,0.0001,0.00038994,3,0.0,0.3159
ETHUSDT,2020-11-20,0.0005819233333333,0.00016511,0.0007993,3,0.0,0.1672
ETHUSDT,2020-11-21,0.00033018,0.00011376,0.00075533,3,0.0,0.2679
ETHUSDT,2020-11-22,0.0007978833333333,0.00073816,0.0008501,3,0.0,0.0808
ETHUSDT,2020-11-23,0.0011935666666666,0.00085758,0.00158187,3,0.0,0.0
ETHUSDT,2020-11-24,0.0009098166666666,0.00064276,0.00116688,3,0.0,0.0361
ETHUSDT,2020-11-25,0.0008121866666666,0.00053128,0.00116534,3,0.0,0.0751
ETHUSDT,2020-11-26,0.0002403733333333,0.0001,0.00048837,3,0.0,0.3039
ETHUSDT,2020-11-27,0.0001491666666666,0.0001,0.0002475,3,0.0,0.3403
ETHUSDT,2020-11-28,0.0001,0.0001,0.0001,3,0.0,0.36
ETHUSDT,2020-11-29,0.0001,0.0001,0.0001,3,0.0,0.36
ETHUSDT,2020-11-30,0.0004569366666666,0.0001,0.00090116,3,0.0,0.2172
ETHUSDT,2020-12-01,0.0004340433333333,0.00031592,0.00058752,3,0.0,0.2264
ETHUSDT,2020-12-02,0.00025078,0.0001,0.00045805,3,0.0,0.2997
ETHUSDT,2020-12-03,0.0003244366666666,0.0001,0.00077331,3,0.0,0.2702
ETHUSDT,2020-12-04,0.0002075266666666,0.0001,0.00037142,3,0.0,0.317
ETHUSDT,2020-12-05,0.0001795166666666,0.0001,0.00027833,3,0.0,0.3282
ETHUSDT,2020-12-06,0.0001,0.0001,0.0001,3,0.0,0.36
ETHUSDT,2020-12-07,0.0001,0.0001,0.0001,3,0.0,0.36
ETHUSDT,2020-12-08,0.0001903666666666,0.0001,0.00029366,3,0.0,0.3239
ETHUSDT,2020-12-09,0.0001128066666666,0.0001,0.00013842,3,0.0,0.3549
ETHUSDT,2020-12-10,0.0001,0.0001,0.0001,3,0.0,0.36
ETHUSDT,2020-12-11,0.0001326066666666,0.0001,0.00017393,3,0.0,0.347
ETHUSDT,2020-12-12,0.0001,0.0001,0.0001,3,0.0,0.36
ETHUSDT,2020-12-13,0.0001,0.0001,0.0001,3,0.0,0.36
ETHUSDT,2020-12-14,0.0001,0.0001,0.0001,3,0.0,0.36
ETHUSDT,2020-12-15,0.0001,0.0001,0.0001,3,0.0,0.36
ETHUSDT,2020-12-16,0.0004082,0.0001,0.0010246,3,0.0,0.2367
ETHUSDT,2020-12-17,0.0008572266666666,0.00050069,0.00133961,3,0.0,0.0571
ETHUSDT,2020-12-18,0.0004629066666666,0.00026396,0.00061589,3,0.0,0.2148
ETHUSDT,2020-12-19,0.0006826533333333,0.00052066,0.00088042,3,0.0,0.1269
ETHUSDT,2020-12-20,0.00054042,0.00030872,0.00072872,3,0.0,0.1838
ETHUSDT,2020-12-21,0.00026224,0.00017551,0.00041128,3,0.0,0.2951
ETHUSDT,2020-12-22,0.0001189966666666,0.0001,0.00013065,3,0.0,0.3524
ETHUSDT,2020-12-23,0.00020952,0.0001,0.00033124,3,0.0,0.3162
ETHUSDT,2020-12-24,0.0001,0.0001,0.0001,3,0.0,0.36
ETHUSDT,2020-12-25,0.0001029633333333,0.0001,0.00010889,3,0.0,0.3588
ETHUSDT,2020-12-26,0.0001,0.0001,0.0001,3,0.0,0.36
ETHUSDT,2020-12-27,0.00051641,0.00037063,0.00068798,3,0.0,0.1934
ETHUSDT,2020-12-28,0.00080552,0.0006785,0.00096296,3,0.0,0.0778
ETHUSDT,2020-12-29,0.0006787766666666,0.00062907,0.00076943,3,0.0,0.1285
ETHUSDT,2020-12-30,0.0007383899999999,0.00055831,0.00090448,3,0.0,0.1046
ETHUSDT,2020-12-31,0.00050677,0.0003487,0.00078059,3,0.0,0.1973
ETHUSDT,2021-01-01,0.0005081166666666,0.00034491,0.00061141,3,0.0,0.1968
ETHUSDT,2021-01-02,0.0006133033333333,0.00025572,0.00109186,3,0.0,0.1547
ETHUSDT,2021-01-03,0.0010263533333333,0.00062004,0.00171498,3,0.0,0.0
ETHUSDT,2021-01-04,0.0025199366666666,0.00085432,0.00375,3,0.0,0.0
ETHUSDT,2021-01-05,0.0008279566666666,0.0004305,0.00102796,3,0.0,0.0688
ETHUSDT,2021-01-06,0.0021931866666666,0.0018218,0.00253317,3,0.0,0.0
ETHUSDT,2021-01-07,0.0015235666666666,0.00114512,0.00176605,3,0.0,0.0
ETHUSDT,2021-01-08,0.00128851,0.00077262,0.00171757,3,0.0,0.0
ETHUSDT,2021-01-09,0.0009773666666666,0.0006769,0.00156908,3,0.0,0.0091
ETHUSDT,2021-01-10,0.0022316333333333,0.00126049,0.00340522,3,0.0,0.0
ETHUSDT,2021-01-11,0.0009449266666666,0.00039691,0.00177547,3,0.0,0.022
ETHUSDT,2021-01-12,0.0003771433333333,0.0001,0.00058059,3,0.0,0.2491
ETHUSDT,2021-01-13,0.0002989166666666,0.0001184,0.00040496,3,0.0,0.2804
ETHUSDT,2021-01-14,0.0005958133333333,0.0005229,0.0007165,3,0.0,0.1617
ETHUSDT,2021-01-15,0.0005684133333333,0.00027278,0.00087472,3,0.0,0.1726
ETHUSDT,2021-01-16,0.00073845,0.00014675,0.00152456,3,0.0,0.1046
ETHUSDT,2021-01-17,0.0006921766666666,0.00050098,0.00106467,3,0.0,0.1231
ETHUSDT,2021-01-18,0.00082319,0.00028606,0.00109269,3,0.0,0.0707
ETHUSDT,2021-01-19,0.00173016,0.00121462,0.00199604,3,0.0,0.0
ETHUSDT,2021-01-20,0.0009171333333333,0.00048461,0.00153883,3,0.0,0.0331
ETHUSDT,2021-01-21,0.00046079,0.00034937,0.00065753,3,0.0,0.2157
ETHUSDT,2021-01-22,0.0001566266666666,0.0001,0.00020251,3,0.0,0.3373
ETHUSDT,2021-01-23,0.0002146966666666,0.00015431,0.00028319,3,0.0,0.3141
ETHUSDT,2021-01-24,0.0008202533333333,0.00058705,0.00094274,3,0.0,0.0719
ETHUSDT,2021-01-25,0.00083247,0.00050723,0.00105754,3,0.0,0.067
ETHUSDT,2021-01-26,0.0002532933333333,0.0001,0.00034093,3,0.0,0.2987
ETHUSDT,2021-01-27,0.0001878066666666,0.0001,0.00036342,3,0.0,0.3249
ETHUSDT,2021-01-28,0.00027226,0.0001,0.00056884,3,0.0,0.2911
ETHUSDT,2021-01-29,0.0013854133333333,0.00061388,0.00241392,3,0.0,0.0
ETHUSDT,2021-01-30,0.0006823666666666,0.00037882,0.00094051,3,0.0,0.1271
ETHUSDT,2021-01-31,0.0010028133333333,0.00072236,0.00115111,3,0.0,0.0
ETHUSDT,2021-02-01,0.00047379,0.00025014,0.00061764,3,0.0,0.2105
ETHUSDT,2021-02-02,0.0011231633333333,0.00050304,0.00165937,3,0.0,0.0
ETHUSDT,2021-02-03,0.0015846,0.00151935,0.00167923,3,0.0,0.0
ETHUSDT,2021-02-04,0.0014221,0.00135459,0.00146092,3,0.0,0.0
ETHUSDT,2021-02-05,0.0014854366666666,0.00113736,0.0017643,3,0.0,0.0
ETHUSDT,2021-02-06,0.0012269766666666,0.00107002,0.00143968,3,0.0,0.0
ETHUSDT,2021-02-07,0.0009599366666666,0.00051183,0.00171115,3,0.0,0.016
ETHUSDT,2021-02-08,0.0011142833333333,0.0001,0.00284408,3,0.0,0.0
ETHUSDT,2021-02-09,0.0018803233333333,0.00143234,0.00227548,3,0.0,0.0
ETHUSDT,2021-02-10,0.00153335,0.00085146,0.00218071,3,0.0,0.0
ETHUSDT,2021-02-11,0.0010613533333333,0.00065956,0.00180566,3,0.0,0.0
ETHUSDT,2021-02-12,0.0009882833333333,0.00050482,0.00153886,3,0.0,0.0047
ETHUSDT,2021-02-13,0.0016534666666666,0.00094692,0.00228313,3,0.0,0.0
ETHUSDT,2021-02-14,0.0013728899999999,0.00110785,0.00176822,3,0.0,0.0
ETHUSDT,2021-02-15,0.0005814433333333,0.00013827,0.00081146,3,0.0,0.1674
ETHUSDT,2021-02-16,0.00110621,0.00104485,0.00114441,3,0.0,0.0
ETHUSDT,2021-02-17,0.0014370866666666,0.00092761,0.00232282,3,0.0,0.0
ETHUSDT,2021-02-18,0.00172004,0.00118984,0.00202078,3,0.0,0.0
ETHUSDT,2021-02-19,0.0013028233333333,0.00082051,0.00169023,3,0.0,0.0
ETHUSDT,2021-02-20,0.0019066166666666,0.0018588,0.00196264,3,0.0,0.0
ETHUSDT,2021-02-21,0.00067433,0.0004355,0.00107233,3,0.0,0.1303
ETHUSDT,2021-02-22,0.0005318266666666,0.00034567,0.00077647,3,0.0,0.1873
ETHUSDT,2021-02-23,0.0001538933333333,0.0001,0.00026168,3,0.0,0.3384
ETHUSDT,2021-02-24,0.0002717466666666,0.00013438,0.00039328,3,0.0,0.2913
ETHUSDT,2021-02-25,0.00024316,0.0001,0.0004677,3,0.0,0.3027
ETHUSDT,2021-02-26,0.0002086266666666,0.0001,0.00037736,3,0.0,0.3165
ETHUSDT,2021-02-27,0.00030047,0.0001,0.0006196,3,0.0,0.2798
ETHUSDT,2021-02-28,0.0001,0.0001,0.0001,3,0.0,0.36
ETHUSDT,2021-03-01,0.0003084866666666,0.0001,0.00049119,3,0.0,0.2766
ETHUSDT,2021-03-02,0.0004146833333333,0.00035713,0.00049538,3,0.0,0.2341
ETHUSDT,2021-03-03,0.00035697,0.0001,0.00087091,3,0.0,0.2572
ETHUSDT,2021-03-04,0.0003218,0.00015927,0.00047552,3,0.0,0.2713
ETHUSDT,2021-03-05,0.0001914866666666,0.0001,0.00024885,3,0.0,0.3234
ETHUSDT,2021-03-06,0.0004062633333333,0.00031476,0.00057512,3,0.0,0.2375
ETHUSDT,2021-03-07,0.0004889533333333,0.00023263,0.00066496,3,0.0,0.2044
ETHUSDT,2021-03-08,0.0003743433333333,0.00011144,0.00056057,3,0.0,0.2503
ETHUSDT,2021-03-09,0.0006724366666666,0.00014784,0.00101744,3,0.0,0.131
ETHUSDT,2021-03-10,0.00071877,0.0005129,0.00105856,3,0.0,0.1125
ETHUSDT,2021-03-11,0.0006476366666666,0.00034874,0.00080049,3,0.0,0.1409
ETHUSDT,2021-03-12,0.0007978233333333,0.00034512,0.00132622,3,0.0,0.0809
ETHUSDT,2021-03-13,0.0007517366666666,0.00030351,0.00155198,3,0.0,0.0993
ETHUSDT,2021-03-14,0.00110293,0.001048,0.00113056,3,0.0,0.0
ETHUSDT,2021-03-15,0.0005729533333333,0.00013021,0.00081452,3,0.0,0.1708
ETHUSDT,2021-03-16,0.0003177366666666,0.0001,0.00045668,3,0.0,0.2729
ETHUSDT,2021-03-17,0.00043668,0.00031521,0.00064671,3,0.0,0.2253
ETHUSDT,2021-03-18,0.0006844666666666,0.00038027,0.00099682,3,0.0,0.1262
ETHUSDT,2021-03-19,0.00019254,0.0001,0.00037762,3,0.0,0.323
ETHUSDT,2021-03-20,0.0007185233333333,0.000511,0.00102646,3,0.0,0.1126
ETHUSDT,2021-03-21,0.0003244266666666,0.0001,0.00068264,3,0.0,0.2702
ETHUSDT,2021-03-22,0.00047124,0.00042754,0.00053821,3,0.0,0.2115
ETHUSDT,2021-03-23,0.0002099633333333,0.0001,0.0003309,3,0.0,0.316
ETHUSDT,2021-03-24,0.0003431766666666,0.00010655,0.00050608,3,0.0,0.2627
ETHUSDT,2021-03-25,0.00018646,0.0001,0.00035938,3,0.0,0.3254
ETHUSDT,2021-03-26,0.0002081033333333,0.0001,0.00042431,3,0.0,0.3168
ETHUSDT,2021-03-27,0.0001999633333333,0.0001,0.00034067,3,0.0,0.32
ETHUSDT,2021-03-28,0.0002890533333333,0.00025751,0.00031424,3,0.0,0.2844
ETHUSDT,2021-03-29,0.0005002366666666,0.00022015,0.00084253,3,0.0,0.1999
ETHUSDT,2021-03-30,0.0005577,0.00036654,0.00074011,3,0.0,0.1769
ETHUSDT,2021-03-31,0.0007406333333333,0.00038554,0.0010713,3,0.0,0.1037
ETHUSDT,2021-04-01,0.0011025266666666,0.00064672,0.00156864,3,0.0,0.0
ETHUSDT,2021-04-02,0.00096273,0.00050452,0.00121799,3,0.0,0.0149
ETHUSDT,2021-04-03,0.0010416866666666,0.00082856,0.00143194,3,0.0,0.0
ETHUSDT,2021-04-04,0.00068261,0.00038114,0.00106146,3,0.0,0.127
ETHUSDT,2021-04-05,0.0007756733333333,0.00072788,0.00085226,3,0.0,0.0897
ETHUSDT,2021-04-06,0.00095699,0.00061542,0.00161366,3,0.0,0.0172
ETHUSDT,2021-04-07,0.0005054933333333,0.00032907,0.00069613,3,0.0,0.1978
ETHUSDT,2021-04-08,0.00026666,0.00021468,0.00031551,3,0.0,0.2933
ETHUSDT,2021-04-09,0.0004875266666666,0.00038906,0.00064034,3,0.0,0.205
ETHUSDT,2021-04-10,0.0011330666666666,0.0001,0.00209663,3,0.0,0.0
ETHUSDT,2021-04-11,0.0007778299999999,0.00055892,0.00091114,3,0.0,0.0889
ETHUSDT,2021-04-12,0.00110677,0.00067862,0.00164512,3,0.0,0.0
ETHUSDT,2021-04-13,0.00110854,0.00047138,0.00167603,3,0.0,0.0
ETHUSDT,2021-04-14,0.00150669,0.00095658,0.00203587,3,0.0,0.0
ETHUSDT,2021-04-15,0.00109507,0.00104862,0.00113562,3,0.0,0.0
ETHUSDT,2021-04-16,0.00130212,0.0010812,0.00146805,3,0.0,0.0
ETHUSDT,2021-04-17,0.0007952266666666,0.00063599,0.0009833,3,0.0,0.0819
ETHUSDT,2021-04-18,0.0003958499999999,0.00022241,0.00052118,3,0.0,0.2417
ETHUSDT,2021-04-19,0.0002397333333333,0.0001,0.0005192,3,0.0,0.3041
ETHUSDT,2021-04-20,0.0001375966666666,0.0001,0.00021279,3,0.0,0.345
ETHUSDT,2021-04-21,0.0001,0.0001,0.0001,3,0.0,0.36
ETHUSDT,2021-04-22,0.00014822,0.0001,0.00023315,3,0.0,0.3407
ETHUSDT,2021-04-23,0.00030081,0.0001,0.00041263,3,0.0,0.2797
ETHUSDT,2021-04-24,0.00016797,0.0001,0.00030056,3,0.0,0.3328
ETHUSDT,2021-04-25,0.0001,0.0001,0.0001,3,0.0,0.36
ETHUSDT,2021-04-26,0.0001,0.0001,0.0001,3,0.0,0.36
ETHUSDT,2021-04-27,0.00020221,0.0001,0.00040663,3,0.0,0.3191
ETHUSDT,2021-04-28,0.0002111833333333,0.0001,0.00034144,3,0.0,0.3155
ETHUSDT,2021-04-29,0.0001,0.0001,0.0001,3,0.0,0.36
ETHUSDT,2021-04-30,0.0002583,0.00011668,0.00051157,3,0.0,0.2967
ETHUSDT,2021-05-01,0.0001913899999999,0.0001,0.00035155,3,0.0,0.3234
ETHUSDT,2021-05-02,0.00024391,0.0001,0.00039722,3,0.0,0.3024
ETHUSDT,2021-05-03,0.00027209,0.0001,0.00061627,3,0.0,0.2912
ETHUSDT,2021-05-04,0.0005801033333333,0.00031687,0.00071637,3,0.0,0.168
ETHUSDT,2021-05-05,0.0006821966666666,0.00038408,0.00087977,3,0.0,0.1271
ETHUSDT,2021-05-06,0.0008192433333333,0.00066648,0.00110886,3,0.0,0.0723
ETHUSDT,2021-05-07,0.0003773466666666,0.00026032,0.00049147,3,0.0,0.2491
ETHUSDT,2021-05-08,0.0004916133333333,0.00030149,0.00070136,3,0.0,0.2034
ETHUSDT,2021-05-09,0.0005155366666666,0.00041522,0.00058991,3,0.0,0.1938
ETHUSDT,2021-05-10,0.0007030533333333,0.0006638,0.00075749,3,0.0,0.1188
ETHUSDT,2021-05-11,0.0003800733333333,0.00029649,0.00043204,3,0.0,0.248
ETHUSDT,2021-05-12,0.00037281,0.0001,0.00054381,3,0.0,0.2509
ETHUSDT,2021-05-13,0.0002189,0.0001,0.00040983,3,0.0,0.3124
ETHUSDT,2021-05-14,0.0001,0.0001,0.0001,3,0.0,0.36
ETHUSDT,2021-05-15,0.0004564733333333,0.00038785,0.00052101,3,0.0,0.2174
ETHUSDT,2021-05-16,0.0002088833333333,0.00013134,0.00030702,3,0.0,0.3164
ETHUSDT,2021-05-17,0.00039706,0.00015608,0.0007001,3,0.0,0.2412
ETHUSDT,2021-05-18,0.00029973,0.0001,0.0006146,3,0.0,0.2801
ETHUSDT,2021-05-19,-0.0009767366666666,-0.00356332,0.00053311,3,0.0476190476190476,0.8002
ETHUSDT,2021-05-20,0.0001060933333333,0.0001,0.00011828,3,0.0476190476190476,0.3671
ETHUSDT,2021-05-21,0.0001,0.0001,0.0001,3,0.0476190476190476,0.3695
ETHUSDT,2021-05-22,0.0001,0.0001,0.0001,3,0.0476190476190476,0.3695
ETHUSDT,2021-05-23,0.0001,0.0001,0.0001,3,0.0476190476190476,0.3695
ETHUSDT,2021-05-24,0.0001,0.0001,0.0001,3,0.0476190476190476,0.3695
ETHUSDT,2021-05-25,0.0001,0.0001,0.0001,3,0.0476190476190476,0.3695
ETHUSDT,2021-05-26,0.0001,0.0001,0.0001,3,0.0,0.36
ETHUSDT,2021-05-27,0.0001,0.0001,0.0001,3,0.0,0.36
ETHUSDT,2021-05-28,0.0001,0.0001,0.0001,3,0.0,0.36
ETHUSDT,2021-05-29,0.0001,0.0001,0.0001,3,0.0,0.36
ETHUSDT,2021-05-30,0.0001,0.0001,0.0001,3,0.0,0.36
ETHUSDT,2021-05-31,0.0001,0.0001,0.0001,3,0.0,0.36
ETHUSDT,2021-06-01,0.0001,0.0001,0.0001,3,0.0,0.36
ETHUSDT,2021-06-02,0.0001,0.0001,0.0001,3,0.0,0.36
ETHUSDT,2021-06-03,0.0001,0.0001,0.0001,3,0.0,0.36
ETHUSDT,2021-06-04,0.0001,0.0001,0.0001,3,0.0,0.36
ETHUSDT,2021-06-05,0.0001,0.0001,0.0001,3,0.0,0.36
ETHUSDT,2021-06-06,0.0001,0.0001,0.0001,3,0.0,0.36
ETHUSDT,2021-06-07,0.0001,0.0001,0.0001,3,0.0,0.36
ETHUSDT,2021-06-08,0.0001,0.0001,0.0001,3,0.0,0.36
ETHUSDT,2021-06-09,0.0001,0.0001,0.0001,3,0.0,0.36
ETHUSDT,2021-06-10,0.0001,0.0001,0.0001,3,0.0,0.36
ETHUSDT,2021-06-11,9.561e-05,8.683e-05,0.0001,3,0.0,0.3618
ETHUSDT,2021-06-12,0.0001,0.0001,0.0001,3,0.0,0.36
ETHUSDT,2021-06-13,0.0001,0.0001,0.0001,3,0.0,0.36
ETHUSDT,2021-06-14,7.928333333333334e-05,3.785e-05,0.0001,3,0.0,0.3683
ETHUSDT,2021-06-15,0.0001,0.0001,0.0001,3,0.0,0.36
ETHUSDT,2021-06-16,0.0001,0.0001,0.0001,3,0.0,0.36
ETHUSDT,2021-06-17,0.0001,0.0001,0.0001,3,0.0,0.36
ETHUSDT,2021-06-18,6.323666666666667e-05,-5.78e-06,0.0001,3,0.0476190476190476,0.3842
ETHUSDT,2021-06-19,-2.793e-05,-0.00018201,0.0001,3,0.1428571428571428,0.4397
ETHUSDT,2021-06-20,-6.344666666666667e-05,-0.00024432,4.657e-05,3,0.1904761904761904,0.4635
ETHUSDT,2021-06-21,-3.415333333333333e-05,-7.382e-05,4.439e-05,3,0.2857142857142857,0.4708
ETHUSDT,2021-06-22,4.558333333333333e-05,-7.59e-06,0.0001,3,0.3333333333333333,0.4484
ETHUSDT,2021-06-23,-3.917333333333333e-05,-9.115e-05,4.046e-05,3,0.4285714285714285,0.5014
ETHUSDT,2021-06-24,5.1893333333333333e-05,-4.432e-05,0.0001,3,0.4761904761904761,0.4745
ETHUSDT,2021-06-25,9.069e-05,7.207e-05,0.0001,3,0.4285714285714285,0.4494
ETHUSDT,2021-06-26,-5.507e-05,-0.00014961,4.234e-05,3,0.4285714285714285,0.5077
ETHUSDT,2021-06-27,-0.0001569666666666,-0.00027281,-6.018e-05,3,0.5238095238095238,0.5675
ETHUSDT,2021-06-28,1.1103333333333334e-05,-4.311e-05,0.0001,3,0.5238095238095238,0.5003
ETHUSDT,2021-06-29,9.113333333333331e-06,-0.00011947,8.669e-05,3,0.5238095238095238,0.5011
ETHUSDT,2021-06-30,0.0001,0.0001,0.0001,3,0.4285714285714285,0.4457
ETHUSDT,2021-07-01,8.284333333333334e-05,4.853e-05,0.0001,3,0.3809523809523809,0.4431
ETHUSDT,2021-07-02,-5.742333333333332e-05,-0.00014398,-9.5e-07,3,0.5238095238095238,0.5277
ETHUSDT,2021-07-03,2.0403333333333335e-05,-3.943e-05,7.139e-05,3,0.4761904761904761,0.4871
ETHUSDT,2021-07-04,0.0001,0.0001,0.0001,3,0.3333333333333333,0.4267
ETHUSDT,2021-07-05,6.607333333333334e-05,2.596e-05,0.0001,3,0.238095238095238,0.4212
ETHUSDT,2021-07-06,2.8496666666666664e-05,-3.935e-05,9.559e-05,3,0.238095238095238,0.4362
ETHUSDT,2021-07-07,7.680666666666666e-05,3.679e-05,0.0001,3,0.238095238095238,0.4169
ETHUSDT,2021-07-08,5.854666666666667e-05,-1.075e-05,0.0001,3,0.2857142857142857,0.4337
ETHUSDT,2021-07-09,7.490333333333333e-05,2.471e-05,0.0001,3,0.1428571428571428,0.3986
ETHUSDT,2021-07-10,0.0001,0.0001,0.0001,3,0.0952380952380952,0.379
ETHUSDT,2021-07-11,0.0001,0.0001,0.0001,3,0.0952380952380952,0.379
ETHUSDT,2021-07-12,0.0001,0.0001,0.0001,3,0.0952380952380952,0.379
ETHUSDT,2021-07-13,6.188e-05,-1.436e-05,0.0001,3,0.0952380952380952,0.3943
ETHUSDT,2021-07-14,6.15e-05,-1.55e-05,0.0001,3,0.1428571428571428,0.404
ETHUSDT,2021-07-15,8.551666666666668e-05,5.808e-05,0.0001,3,0.0952380952380952,0.3848
ETHUSDT,2021-07-16,8.928333333333334e-05,6.785e-05,0.0001,3,0.0952380952380952,0.3833
ETHUSDT,2021-07-17,8.437666666666667e-05,5.313e-05,0.0001,3,0.0952380952380952,0.3853
ETHUSDT,2021-07-18,0.0001,0.0001,0.0001,3,0.0952380952380952,0.379
ETHUSDT,2021-07-19,3.996666666666666e-06,1.98e-06,6.91e-06,3,0.0952380952380952,0.4174
ETHUSDT,2021-07-20,-0.0001629766666666,-0.00041611,-2.156e-05,3,0.1904761904761904,0.5033
ETHUSDT,2021-07-21,-0.0001806066666666,-0.00028858,1.65e-06,3,0.238095238095238,0.5199
ETHUSDT,2021-07-22,0.0001,0.0001,0.0001,3,0.238095238095238,0.4076
ETHUSDT,2021-07-23,9.547666666666667e-05,8.643e-05,0.0001,3,0.238095238095238,0.4094
ETHUSDT,2021-07-24,5.795333333333334e-05,-2.614e-05,0.0001,3,0.2857142857142857,0.434
ETHUSDT,2021-07-25,4.482666666666667e-05,-1.521e-05,0.0001,3,0.3333333333333333,0.4487
ETHUSDT,2021-07-26,0.0001,0.0001,0.0001,3,0.3333333333333333,0.4267
ETHUSDT,2021-07-27,0.0001,0.0001,0.0001,3,0.1904761904761904,0.3981
ETHUSDT,2021-07-28,8.539333333333333e-05,5.618e-05,0.0001,3,0.0952380952380952,0.3849
ETHUSDT,2021-07-29,8.574333333333333e-05,5.723e-05,0.0001,3,0.0952380952380952,0.3848
ETHUSDT,2021-07-30,0.0001,0.0001,0.0001,3,0.0952380952380952,0.379
ETHUSDT,2021-07-31,0.0001,0.0001,0.0001,3,0.0476190476190476,0.3695
ETHUSDT,2021-08-01,0.0001,0.0001,0.0001,3,0.0,0.36
ETHUSDT,2021-08-02,0.0001,0.0001,0.0001,3,0.0,0.36
ETHUSDT,2021-08-03,6.919666666666667e-05,7.59e-06,0.0001,3,0.0,0.3723
ETHUSDT,2021-08-04,6.554333333333333e-05,2.73e-06,0.0001,3,0.0,0.3738
ETHUSDT,2021-08-05,0.0001,0.0001,0.0001,3,0.0,0.36
ETHUSDT,2021-08-06,0.0001,0.0001,0.0001,3,0.0,0.36
ETHUSDT,2021-08-07,0.00012734,0.0001,0.00018202,3,0.0,0.3491
ETHUSDT,2021-08-08,0.00011209,0.0001,0.00013627,3,0.0,0.3552
ETHUSDT,2021-08-09,0.0001513166666666,0.0001,0.00021302,3,0.0,0.3395
ETHUSDT,2021-08-10,0.0002191133333333,0.0001,0.00045734,3,0.0,0.3124
ETHUSDT,2021-08-11,0.0002628666666666,0.0001,0.00043227,3,0.0,0.2949
ETHUSDT,2021-08-12,0.0001406233333333,0.0001,0.00018477,3,0.0,0.3438
ETHUSDT,2021-08-13,0.00020732,0.0001,0.00042196,3,0.0,0.3171
ETHUSDT,2021-08-14,0.00028897,0.0001,0.00051663,3,0.0,0.2844
ETHUSDT,2021-08-15,0.00020921,0.0001,0.00037689,3,0.0,0.3163
ETHUSDT,2021-08-16,0.0001526433333333,0.0001,0.00025793,3,0.0,0.3389
ETHUSDT,2021-08-17,0.0001,0.0001,0.0001,3,0.0,0.36
ETHUSDT,2021-08-18,0.0001,0.0001,0.0001,3,0.0,0.36
ETHUSDT,2021-08-19,0.0001,0.0001,0.0001,3,0.0,0.36
ETHUSDT,2021-08-20,0.0002501666666666,0.00015342,0.00036239,3,0.0,0.2999
ETHUSDT,2021-08-21,0.0001891533333333,0.0001,0.00036746,3,0.0,0.3243
ETHUSDT,2021-08-22,0.0001688866666666,0.0001,0.0002266,3,0.0,0.3324
ETHUSDT,2021-08-23,0.0005289433333333,0.0001,0.00113675,3,0.0,0.1884
ETHUSDT,2021-08-24,0.0003964133333333,0.00030158,0.00056014,3,0.0,0.2414
ETHUSDT,2021-08-25,0.00015487,0.0001,0.00019472,3,0.0,0.3381
ETHUSDT,2021-08-26,0.0001,0.0001,0.0001,3,0.0,0.36
ETHUSDT,2021-08-27,0.0001,0.0001,0.0001,3,0.0,0.36
ETHUSDT,2021-08-28,0.00011833,0.0001,0.00014426,3,0.0,0.3527
ETHUSDT,2021-08-29,0.0001225966666666,0.0001,0.00016779,3,0.0,0.351
ETHUSDT,2021-08-30,0.0001,0.0001,0.0001,3,0.0,0.36
ETHUSDT,2021-08-31,0.00013569,0.0001,0.00020707,3,0.0,0.3457
ETHUSDT,2021-09-01,0.0001,0.0001,0.0001,3,0.0,0.36
ETHUSDT,2021-09-02,0.0004481333333333,0.00025742,0.00079808,3,0.0,0.2207
ETHUSDT,2021-09-03,0.0004350133333333,0.00027417,0.00065309,3,0.0,0.226
ETHUSDT,2021-09-04,0.0007465766666666,0.0007142,0.00076883,3,0.0,0.1014
ETHUSDT,2021-09-05,0.00069819,0.00058378,0.00080725,3,0.0,0.1207
ETHUSDT,2021-09-06,0.0005710666666666,0.00041269,0.00085353,3,0.0,0.1716
ETHUSDT,2021-09-07,0.0004487199999999,0.0001,0.00066382,3,0.0,0.2205
ETHUSDT,2021-09-08,0.0001,0.0001,0.0001,3,0.0,0.36
ETHUSDT,2021-09-09,0.0001,0.0001,0.0001,3,0.0,0.36
ETHUSDT,2021-09-10,0.0001,0.0001,0.0001,3,0.0,0.36
ETHUSDT,2021-09-11,0.0001,0.0001,0.0001,3,0.0,0.36
ETHUSDT,2021-09-12,0.0001,0.0001,0.0001,3,0.0,0.36
ETHUSDT,2021-09-13,0.0001,0.0001,0.0001,3,0.0,0.36
ETHUSDT,2021-09-14,0.0001,0.0001,0.0001,3,0.0,0.36
ETHUSDT,2021-09-15,0.0001,0.0001,0.0001,3,0.0,0.36
ETHUSDT,2021-09-16,0.0001,0.0001,0.0001,3,0.0,0.36
ETHUSDT,2021-09-17,0.0001,0.0001,0.0001,3,0.0,0.36
ETHUSDT,2021-09-18,0.0001,0.0001,0.0001,3,0.0,0.36
ETHUSDT,2021-09-19,0.0001,0.0001,0.0001,3,0.0,0.36
ETHUSDT,2021-09-20,0.0001,0.0001,0.0001,3,0.0,0.36
ETHUSDT,2021-09-21,0.0001,0.0001,0.0001,3,0.0,0.36
ETHUSDT,2021-09-22,0.0001,0.0001,0.0001,3,0.0,0.36
ETHUSDT,2021-09-23,0.0001,0.0001,0.0001,3,0.0,0.36
ETHUSDT,2021-09-24,-3.43e-05,-0.0001122,8.75e-06,3,0.0476190476190476,0.4232
ETHUSDT,2021-09-25,2.476666666666666e-06,-1.988e-05,3.479e-05,3,0.1428571428571428,0.4276
ETHUSDT,2021-09-26,5.153666666666667e-05,2.634e-05,0.0001,3,0.1428571428571428,0.408
ETHUSDT,2021-09-27,0.0001,0.0001,0.0001,3,0.1428571428571428,0.3886
ETHUSDT,2021-09-28,1.158e-05,-8.56e-06,2.806e-05,3,0.1904761904761904,0.4335
ETHUSDT,2021-09-29,-2.0433333333333325e-06,-8.501e-05,0.0001,3,0.2857142857142857,0.458
ETHUSDT,2021-09-30,2.349666666666667e-05,-0.00012951,0.0001,3,0.3333333333333333,0.4573
ETHUSDT,2021-10-01,5.5570000000000005e-05,2.073e-05,0.0001,3,0.2857142857142857,0.4349
ETHUSDT,2021-10-02,0.0001,0.0001,0.0001,3,0.1904761904761904,0.3981
ETHUSDT,2021-10-03,0.0001,0.0001,0.0001,3,0.1904761904761904,0.3981
ETHUSDT,2021-10-04,0.0001,0.0001,0.0001,3,0.1904761904761904,0.3981
ETHUSDT,2021-10-05,0.0001,0.0001,0.0001,3,0.1428571428571428,0.3886
ETHUSDT,2021-10-06,0.00011441,0.0001,0.00014323,3,0.0476190476190476,0.3638
ETHUSDT,2021-10-07,0.0002541333333333,0.00019601,0.00031991,3,0.0,0.2983
ETHUSDT,2021-10-08,0.00018435,0.0001,0.00026363,3,0.0,0.3263
ETHUSDT,2021-10-09,0.0001,0.0001,0.0001,3,0.0,0.36
ETHUSDT,2021-10-10,0.0001,0.0001,0.0001,3,0.0,0.36
ETHUSDT,2021-10-11,0.0001769,0.0001,0.0003307,3,0.0,0.3292
ETHUSDT,2021-10-12,0.0001,0.0001,0.0001,3,0.0,0.36
ETHUSDT,2021-10-13,0.0001,0.0001,0.0001,3,0.0,0.36
ETHUSDT,2021-10-14,0.00026477,0.00018908,0.00032142,3,0.0,0.2941
ETHUSDT,2021-10-15,0.0003451733333333,0.00023043,0.00041315,3,0.0,0.2619
ETHUSDT,2021-10-16,0.0003600166666666,0.00024049,0.00052591,3,0.0,0.256
ETHUSDT,2021-10-17,0.0004150533333333,0.00033305,0.00053706,3,0.0,0.234
ETHUSDT,2021-10-18,0.0002729133333333,0.0001968,0.0003827,3,0.0,0.2908
ETHUSDT,2021-10-19,0.0003095699999999,0.00020322,0.00036846,3,0.0,0.2762
ETHUSDT,2021-10-20,0.0004177566666666,0.00022709,0.00072515,3,0.0,0.2329
ETHUSDT,2021-10-21,0.0006085266666666,0.00050619,0.00080402,3,0.0,0.1566
ETHUSDT,2021-10-22,0.00033938,0.00032256,0.00035282,3,0.0,0.2642
ETHUSDT,2021-10-23,0.0002121533333333,0.00015138,0.00024606,3,0.0,0.3151
ETHUSDT,2021-10-24,0.00034886,0.00018961,0.00046408,3,0.0,0.2605
ETHUSDT,2021-10-25,0.0003854933333333,0.00019298,0.00048823,3,0.0,0.2458
ETHUSDT,2021-10-26,0.0003999533333333,0.00037012,0.00043832,3,0.0,0.24
ETHUSDT,2021-10-27,0.0003430266666666,0.00012399,0.00059665,3,0.0,0.2628
ETHUSDT,2021-10-28,0.0001318533333333,0.0001,0.00019556,3,0.0,0.3473
ETHUSDT,2021-10-29,0.0003456133333333,0.00025971,0.00040402,3,0.0,0.2618
ETHUSDT,2021-10-30,0.0002798466666666,0.00013087,0.00046654,3,0.0,0.2881
ETHUSDT,2021-10-31,0.0001515366666666,0.0001,0.00021779,3,0.0,0.3394
ETHUSDT,2021-11-01,0.0002152433333333,0.00013798,0.00026687,3,0.0,0.3139
ETHUSDT,2021-11-02,0.0003932733333333,0.00020736,0.00052167,3,0.0,0.2427
ETHUSDT,2021-11-03,0.00026726,0.0001,0.00044614,3,0.0,0.2931
ETHUSDT,2021-11-04,0.00035816,0.00028111,0.00047967,3,0.0,0.2567
ETHUSDT,2021-11-05,0.0002337333333333,0.00014351,0.00033389,3,0.0,0.3065
ETHUSDT,2021-11-06,0.0003113033333333,0.0001,0.00043015,3,0.0,0.2755
ETHUSDT,2021-11-07,0.00024648,0.00018519,0.00032259,3,0.0,0.3014
ETHUSDT,2021-11-08,0.0002423966666666,0.00021005,0.00028714,3,0.0,0.303
ETHUSDT,2021-11-09,0.0001,0.0001,0.0001,3,0.0,0.36
ETHUSDT,2021-11-10,0.0002313666666666,0.00020446,0.00027928,3,0.0,0.3075
ETHUSDT,2021-11-11,0.0001432466666666,0.0001,0.0001722,3,0.0,0.3427
ETHUSDT,2021-11-12,0.0001,0.0001,0.0001,3,0.0,0.36
ETHUSDT,2021-11-13,0.0001,0.0001,0.0001,3,0.0,0.36
ETHUSDT,2021-11-14,0.0001,0.0001,0.0001,3,0.0,0.36
ETHUSDT,2021-11-15,0.0001917766666666,0.0001,0.0002453,3,0.0,0.3233
ETHUSDT,2021-11-16,0.0001191766666666,0.0001,0.00015753,3,0.0,0.3523
ETHUSDT,2021-11-17,0.0001,0.0001,0.0001,3,0.0,0.36
ETHUSDT,2021-11-18,0.0001,0.0001,0.0001,3,0.0,0.36
ETHUSDT,2021-11-19,0.0001,0.0001,0.0001,3,0.0,0.36
ETHUSDT,2021-11-20,0.0001,0.0001,0.0001,3,0.0,0.36
ETHUSDT,2021-11-21,0.0001,0.0001,0.0001,3,0.0,0.36
ETHUSDT,2021-11-22,0.0001,0.0001,0.0001,3,0.0,0.36
ETHUSDT,2021-11-23,0.0001,0.0001,0.0001,3,0.0,0.36
ETHUSDT,2021-11-24,0.0001,0.0001,0.0001,3,0.0,0.36
ETHUSDT,2021-11-25,0.00018379,0.0001,0.00035137,3,0.0,0.3265
ETHUSDT,2021-11-26,0.0002108166666666,0.0001,0.00027132,3,0.0,0.3157
ETHUSDT,2021-11-27,0.0001,0.0001,0.0001,3,0.0,0.36
ETHUSDT,2021-11-28,0.0001,0.0001,0.0001,3,0.0,0.36
ETHUSDT,2021-11-29,0.0001,0.0001,0.0001,3,0.0,0.36
ETHUSDT,2021-11-30,0.0001306733333333,0.0001,0.00019202,3,0.0,0.3477
ETHUSDT,2021-12-01,0.0001208333333333,0.0001,0.0001625,3,0.0,0.3517
ETHUSDT,2021-12-02,0.0001,0.0001,0.0001,3,0.0,0.36
ETHUSDT,2021-12-03,0.00010854,0.0001,0.00012562,3,0.0,0.3566
ETHUSDT,2021-12-04,8.861e-05,6.583e-05,0.0001,3,0.0,0.3646
ETHUSDT,2021-12-05,0.0001,0.0001,0.0001,3,0.0,0.36
ETHUSDT,2021-12-06,0.0001,0.0001,0.0001,3,0.0,0.36
ETHUSDT,2021-12-07,9.02e-05,7.06e-05,0.0001,3,0.0,0.3639
ETHUSDT,2021-12-08,0.0001,0.0001,0.0001,3,0.0,0.36
ETHUSDT,2021-12-09,0.0001,0.0001,0.0001,3,0.0,0.36
ETHUSDT,2021-12-10,6.321e-05,-1.037e-05,0.0001,3,0.0476190476190476,0.3842
ETHUSDT,2021-12-11,9.573e-05,8.719e-05,0.0001,3,0.0476190476190476,0.3712
ETHUSDT,2021-12-12,0.0001,0.0001,0.0001,3,0.0476190476190476,0.3695
ETHUSDT,2021-12-13,2.729666666666667e-05,-5.974e-05,0.0001,3,0.0952380952380952,0.4081
ETHUSDT,2021-12-14,4.911e-05,-5.267e-05,0.0001,3,0.1428571428571428,0.4089
ETHUSDT,2021-12-15,0.0001,0.0001,0.0001,3,0.1428571428571428,0.3886
ETHUSDT,2021-12-16,7.744666666666667e-05,3.234e-05,0.0001,3,0.1428571428571428,0.3976
ETHUSDT,2021-12-17,0.0001,0.0001,0.0001,3,0.0952380952380952,0.379
ETHUSDT,2021-12-18,8.473999999999999e-05,5.422e-05,0.0001,3,0.0952380952380952,0.3852
ETHUSDT,2021-12-19,8.117666666666666e-05,4.353e-05,0.0001,3,0.0952380952380952,0.3866
ETHUSDT,2021-12-20,0.0001,0.0001,0.0001,3,0.0476190476190476,0.3695
ETHUSDT,2021-12-21,0.0001,0.0001,0.0001,3,0.0,0.36
ETHUSDT,2021-12-22,0.0001,0.0001,0.0001,3,0.0,0.36
ETHUSDT,2021-12-23,7.794333333333333e-05,3.383e-05,0.0001,3,0.0,0.3688
ETHUSDT,2021-12-24,0.0001,0.0001,0.0001,3,0.0,0.36
ETHUSDT,2021-12-25,0.0001,0.0001,0.0001,3,0.0,0.36
ETHUSDT,2021-12-26,0.0001,0.0001,0.0001,3,0.0,0.36
ETHUSDT,2021-12-27,0.0001,0.0001,0.0001,3,0.0,0.36
ETHUSDT,2021-12-28,5.493333333333333e-05,2.254e-05,0.0001,3,0.0,0.378
ETHUSDT,2021-12-29,8.307666666666667e-05,6.859e-05,0.0001,3,0.0,0.3668
ETHUSDT,2021-12-30,6.156e-05,-7.64e-06,0.0001,3,0.0476190476190476,0.3849
ETHUSDT,2021-12-31,5.940333333333333e-05,9.72e-06,0.0001,3,0.0476190476190476,0.3858
ETHUSDT,2022-01-01,0.0001,0.0001,0.0001,3,0.0476190476190476,0.3695
ETHUSDT,2022-01-02,4.284333333333333e-05,2.263e-05,6.714e-05,3,0.0476190476190476,0.3924
ETHUSDT,2022-01-03,6.483666666666667e-05,5.084e-05,7.394e-05,3,0.0476190476190476,0.3836
ETHUSDT,2022-01-04,0.0001,0.0001,0.0001,3,0.0476190476190476,0.3695
ETHUSDT,2022-01-05,0.0001,0.0001,0.0001,3,0.0476190476190476,0.3695
ETHUSDT,2022-01-06,6.569333333333333e-05,4.332e-05,0.0001,3,0.0,0.3737
ETHUSDT,2022-01-07,7.311666666666666e-05,1.935e-05,0.0001,3,0.0,0.3708
ETHUSDT,2022-01-08,0.0001,0.0001,0.0001,3,0.0,0.36
ETHUSDT,2022-01-09,2.7453333333333337e-05,-7.234e-05,0.0001,3,0.0476190476190476,0.3985
ETHUSDT,2022-01-10,-6.451666666666667e-05,-0.00014593,1.599e-05,3,0.1428571428571428,0.4544
ETHUSDT,2022-01-11,6.305333333333334e-05,2.718e-05,0.0001,3,0.1428571428571428,0.4034
ETHUSDT,2022-01-12,-6.218e-05,-0.00019812,8.036e-05,3,0.238095238095238,0.4725
ETHUSDT,2022-01-13,2.0803333333333335e-05,-2.315e-05,0.0001,3,0.3333333333333333,0.4583
ETHUSDT,2022-01-14,6.235333333333334e-05,-1.294e-05,0.0001,3,0.3809523809523809,0.4512
ETHUSDT,2022-01-15,9.877333333333332e-05,9.632e-05,0.0001,3,0.3809523809523809,0.4367
ETHUSDT,2022-01-16,6.864666666666666e-05,2.224e-05,9.785e-05,3,0.3333333333333333,0.4392
ETHUSDT,2022-01-17,3.296666666666667e-06,-5.944e-05,4.25e-05,3,0.2857142857142857,0.4558
ETHUSDT,2022-01-18,7.058333333333333e-05,3.626e-05,0.0001,3,0.2857142857142857,0.4289
ETHUSDT,2022-01-19,6.0933333333333335e-05,-1.72e-05,0.0001,3,0.238095238095238,0.4232
ETHUSDT,2022-01-20,0.0001,0.0001,0.0001,3,0.1428571428571428,0.3886
ETHUSDT,2022-01-21,5.756666666666668e-06,-5.915e-05,8.447e-05,3,0.1904761904761904,0.4358
ETHUSDT,2022-01-22,8.824000000000001e-05,7.145e-05,0.0001,3,0.1904761904761904,0.4028
ETHUSDT,2022-01-23,-2.842666666666667e-05,-0.0001332,0.0001,3,0.2857142857142857,0.4685
ETHUSDT,2022-01-24,2.7416666666666668e-05,-0.00011775,0.0001,3,0.2857142857142857,0.4462
ETHUSDT,2022-01-25,-1.180000000000003e-06,-7.88e-05,5.831e-05,3,0.3333333333333333,0.4671
ETHUSDT,2022-01-26,-0.00010686,-0.00020069,-4.048e-05,3,0.4285714285714285,0.5285
ETHUSDT,2022-01-27,-6.724333333333334e-05,-0.00014218,2.801e-05,3,0.5238095238095238,0.5317
ETHUSDT,2022-01-28,-5.6026666666666657e-05,-8.379e-05,-2.97e-06,3,0.5714285714285714,0.5367
ETHUSDT,2022-01-29,2.7176666666666667e-05,-9.97e-06,0.0001,3,0.6666666666666666,0.5225
ETHUSDT,2022-01-30,-2.3299999999999997e-06,-6.536e-05,2.989e-05,3,0.6190476190476191,0.5247
ETHUSDT,2022-01-31,-2.233e-05,-0.00010687,5.139e-05,3,0.6666666666666666,0.5423
ETHUSDT,2022-02-01,-7.024333333333333e-05,-0.00020797,0.0001,3,0.7142857142857143,0.571
ETHUSDT,2022-02-02,-1.955333333333333e-05,-6.256e-05,4.07e-06,3,0.6666666666666666,0.5412
ETHUSDT,2022-02-03,-0.00017255,-0.00038034,-5.85e-05,3,0.7142857142857143,0.6119
ETHUSDT,2022-02-04,9.595333333333334e-05,8.786e-05,0.0001,3,0.5714285714285714,0.4759
ETHUSDT,2022-02-05,7.269e-05,4.351e-05,0.0001,3,0.4761904761904761,0.4662
ETHUSDT,2022-02-06,0.0001,0.0001,0.0001,3,0.4285714285714285,0.4457
ETHUSDT,2022-02-07,2.9720000000000003e-05,-7.25e-06,8.15e-05,3,0.3809523809523809,0.4643
ETHUSDT,2022-02-08,6.446e-05,1.62e-05,0.0001,3,0.2857142857142857,0.4314
ETHUSDT,2022-02-09,5.651333333333333e-05,-1.62e-06,0.0001,3,0.238095238095238,0.425
ETHUSDT,2022-02-10,-1.376e-05,-3.259e-05,1.908e-05,3,0.1904761904761904,0.4436
ETHUSDT,2022-02-11,-2.0366666666666663e-05,-0.00011327,0.0001,3,0.2857142857142857,0.4653
ETHUSDT,2022-02-12,0.0001,0.0001,0.0001,3,0.2857142857142857,0.4171
ETHUSDT,2022-02-13,1.6749999999999997e-05,-2.875e-05,6.235e-05,3,0.3333333333333333,0.46
ETHUSDT,2022-02-14,8.504333333333334e-05,6.358e-05,0.0001,3,0.2857142857142857,0.4231
ETHUSDT,2022-02-15,2.284e-05,-5.099e-05,7.379e-05,3,0.3333333333333333,0.4575
ETHUSDT,2022-02-16,0.0001,0.0001,0.0001,3,0.2857142857142857,0.4171
ETHUSDT,2022-02-17,5.4606666666666674e-05,1.611e-05,0.0001,3,0.1904761904761904,0.4163
ETHUSDT,2022-02-18,-3.181333333333333e-05,-9.187e-05,3.508e-05,3,0.1904761904761904,0.4508
ETHUSDT,2022-02-19,7.307333333333333e-05,4.883e-05,0.0001,3,0.1904761904761904,0.4089
ETHUSDT,2022-02-20,1.7763333333333333e-05,-3.349e-05,5.414e-05,3,0.1904761904761904,0.431
ETHUSDT,2022-02-21,5.3333333333332825e-08,-0.00014003,7.012e-05,3,0.238095238095238,0.4476
ETHUSDT,2022-02-22,1.0656666666666667e-05,-3.63e-05,5.962e-05,3,0.238095238095238,0.4434
ETHUSDT,2022-02-23,5.393333333333332e-06,-3.926e-05,9.188e-05,3,0.3333333333333333,0.4645
ETHUSDT,2022-02-24,-3.6043333333333334e-05,-6.14e-05,-1.113e-05,3,0.4761904761904761,0.5097
ETHUSDT,2022-02-25,0.0001,0.0001,0.0001,3,0.3809523809523809,0.4362
ETHUSDT,2022-02-26,0.0001,0.0001,0.0001,3,0.3809523809523809,0.4362
ETHUSDT,2022-02-27,6.835666666666668e-05,5.07e-06,0.0001,3,0.3333333333333333,0.4393
ETHUSDT,2022-02-28,-6.170333333333334e-05,-0.00015064,5.573e-05,3,0.3809523809523809,0.5009
ETHUSDT,2022-03-01,0.0001,0.0001,0.0001,3,0.3333333333333333,0.4267
ETHUSDT,2022-03-02,0.0001,0.0001,0.0001,3,0.238095238095238,0.4076
ETHUSDT,2022-03-03,0.0001,0.0001,0.0001,3,0.0952380952380952,0.379
ETHUSDT,2022-03-04,0.0001,0.0001,0.0001,3,0.0952380952380952,0.379
ETHUSDT,2022-03-05,3.2586666666666664e-05,1.52e-05,5.192e-05,3,0.0952380952380952,0.406
ETHUSDT,2022-03-06,1.431333333333333e-05,-8.875e-05,7.5e-05,3,0.1428571428571428,0.4228
ETHUSDT,2022-03-07,3.8593333333333335e-05,-1e-05,8.669e-05,3,0.0952380952380952,0.4036
ETHUSDT,2022-03-08,3.3253333333333336e-05,-0.00010024,0.0001,3,0.1428571428571428,0.4153
ETHUSDT,2022-03-09,8.741333333333333e-05,6.224e-05,0.0001,3,0.1428571428571428,0.3936
ETHUSDT,2022-03-10,3.869666666666667e-05,-3.951e-05,0.0001,3,0.1904761904761904,0.4226
ETHUSDT,2022-03-11,1.6143333333333332e-05,-5.91e-05,8.211e-05,3,0.238095238095238,0.4412
ETHUSDT,2022-03-12,7.093333333333334e-05,5.025e-05,0.0001,3,0.238095238095238,0.4192
ETHUSDT,2022-03-13,3.139333333333333e-05,-2.698e-05,0.0001,3,0.238095238095238,0.4351
ETHUSDT,2022-03-14,3.2160000000000004e-05,-0.00010352,0.0001,3,0.238095238095238,0.4348
ETHUSDT,2022-03-15,1.6076666666666668e-05,-4.856e-05,0.0001,3,0.2857142857142857,0.4507
ETHUSDT,2022-03-16,8.149e-05,5.316e-05,0.0001,3,0.2857142857142857,0.4245
ETHUSDT,2022-03-17,0.0001,0.0001,0.0001,3,0.238095238095238,0.4076
ETHUSDT,2022-03-18,6.875333333333333e-05,4.709e-05,0.0001,3,0.1904761904761904,0.4106
ETHUSDT,2022-03-19,0.0001,0.0001,0.0001,3,0.1904761904761904,0.3981
ETHUSDT,2022-03-20,0.0001,0.0001,0.0001,3,0.1428571428571428,0.3886
ETHUSDT,2022-03-21,0.0001,0.0001,0.0001,3,0.0952380952380952,0.379
ETHUSDT,2022-03-22,0.0001,0.0001,0.0001,3,0.0,0.36
ETHUSDT,2022-03-23,4.974e-05,-3.582e-05,0.0001,3,0.0476190476190476,0.3896
ETHUSDT,2022-03-24,6.062333333333333e-05,-1.813e-05,0.0001,3,0.0952380952380952,0.3948
ETHUSDT,2022-03-25,0.0001,0.0001,0.0001,3,0.0952380952380952,0.379
ETHUSDT,2022-03-26,8.326333333333334e-05,4.979e-05,0.0001,3,0.0952380952380952,0.3857
ETHUSDT,2022-03-27,2.1983333333333333e-05,-1.708e-05,7.576e-05,3,0.1428571428571428,0.4198
ETHUSDT,2022-03-28,0.0001,0.0001,0.0001,3,0.1428571428571428,0.3886
ETHUSDT,2022-03-29,9.423e-05,8.269e-05,0.0001,3,0.1428571428571428,0.3909
ETHUSDT,2022-03-30,0.0001,0.0001,0.0001,3,0.0952380952380952,0.379
ETHUSDT,2022-03-31,0.0001,0.0001,0.0001,3,0.0476190476190476,0.3695
ETHUSDT,2022-04-01,0.0001,0.0001,0.0001,3,0.0476190476190476,0.3695
ETHUSDT,2022-04-02,0.0001,0.0001,0.0001,3,0.0476190476190476,0.3695
ETHUSDT,2022-04-03,0.0001,0.0001,0.0001,3,0.0,0.36
ETHUSDT,2022-04-04,7.632e-05,2.896e-05,0.0001,3,0.0,0.3695
ETHUSDT,2022-04-05,9.324666666666666e-05,7.974e-05,0.0001,3,0.0,0.3627
ETHUSDT,2022-04-06,3.4233333333333363e-06,-0.00014471,9.47e-05,3,0.0476190476190476,0.4082
ETHUSDT,2022-04-07,1.1646666666666666e-05,-9.945e-05,8.854e-05,3,0.0952380952380952,0.4144
ETHUSDT,2022-04-08,-1.059e-05,-9.963e-05,0.0001,3,0.1904761904761904,0.4423
ETHUSDT,2022-04-09,0.0001,0.0001,0.0001,3,0.1904761904761904,0.3981
ETHUSDT,2022-04-10,8.66e-05,5.98e-05,0.0001,3,0.1904761904761904,0.4035
ETHUSDT,2022-04-11,8.225333333333333e-05,4.676e-05,0.0001,3,0.1904761904761904,0.4052
ETHUSDT,2022-04-12,-7.802e-05,-0.00016064,-3.306e-05,3,0.3333333333333333,0.4979
ETHUSDT,2022-04-13,-5.305333333333333e-05,-0.00016876,3.222e-05,3,0.3809523809523809,0.4974
ETHUSDT,2022-04-14,1.1400000000000003e-06,-3.051e-05,5.593e-05,3,0.4285714285714285,0.4853
ETHUSDT,2022-04-15,-5.410666666666667e-05,-0.00012221,-3.34e-06,3,0.4761904761904761,0.5169
ETHUSDT,2022-04-16,-6.179e-05,-0.00012314,-2.9e-05,3,0.6190476190476191,0.5485
ETHUSDT,2022-04-17,-3.469999999999999e-06,-6.458e-05,2.937e-05,3,0.6666666666666666,0.5347
ETHUSDT,2022-04-18,-7.612000000000001e-05,-0.00013169,-4.41e-05,3,0.8095238095238095,0.5924
ETHUSDT,2022-04-19,4.901666666666667e-05,2.251e-05,8.478e-05,3,0.6666666666666666,0.5137
ETHUSDT,2022-04-20,5.496666666666666e-05,-1.05e-06,0.0001,3,0.6190476190476191,0.5018
ETHUSDT,2022-04-21,-7.841333333333334e-05,-0.00012991,-9.56e-06,3,0.6666666666666666,0.5647
ETHUSDT,2022-04-22,-0.0001057366666666,-0.00017158,-2.649e-05,3,0.6666666666666666,0.5756
ETHUSDT,2022-04-23,-4.970333333333333e-05,-0.00010115,3.778e-05,3,0.6190476190476191,0.5437
ETHUSDT,2022-04-24,-4.800666666666666e-05,-9.091e-05,3.41e-06,3,0.6666666666666666,0.5525
ETHUSDT,2022-04-25,-0.0001108766666666,-0.00024996,3.21e-06,3,0.6190476190476191,0.5682
ETHUSDT,2022-04-26,8.330333333333333e-05,4.991e-05,0.0001,3,0.6190476190476191,0.4905
ETHUSDT,2022-04-27,-0.00012447,-0.0002569,2.591e-05,3,0.6666666666666666,0.5831
ETHUSDT,2022-04-28,8.496666666666668e-06,-5.776e-05,0.0001,3,0.6190476190476191,0.5204
ETHUSDT,2022-04-29,8.192666666666667e-05,4.578e-05,0.0001,3,0.4761904761904761,0.4625
ETHUSDT,2022-04-30,-6.611333333333333e-05,-8.896e-05,-5.202e-05,3,0.5238095238095238,0.5312
ETHUSDT,2022-05-01,-9.266e-05,-0.00016213,-4.432e-05,3,0.5714285714285714,0.5513
ETHUSDT,2022-05-02,-1.0066666666666665e-05,-7.704e-05,4.92e-05,3,0.5714285714285714,0.5183
ETHUSDT,2022-05-03,7.977666666666667e-05,6.446e-05,8.762e-05,3,0.5714285714285714,0.4824
ETHUSDT,2022-05-04,9.740333333333334e-05,9.221e-05,0.0001,3,0.4761904761904761,0.4563
ETHUSDT,2022-05-05,0.0001,0.0001,0.0001,3,0.3809523809523809,0.4362
ETHUSDT,2022-05-06,-3.3060000000000005e-05,-5.032e-05,-2.46e-06,3,0.5238095238095238,0.518
ETHUSDT,2022-05-07,7.706e-05,5.836e-05,0.0001,3,0.3809523809523809,0.4454
ETHUSDT,2022-05-08,9.955666666666668e-05,9.867e-05,0.0001,3,0.238095238095238,0.4078
ETHUSDT,2022-05-09,9.731000000000002e-05,9.424e-05,0.0001,3,0.1428571428571428,0.3896
ETHUSDT,2022-05-10,8.643666666666667e-05,6.098e-05,0.0001,3,0.1428571428571428,0.394
ETHUSDT,2022-05-11,8.412333333333334e-05,7.598e-05,0.0001,3,0.1428571428571428,0.3949
ETHUSDT,2022-05-12,-0.0004230966666666,-0.00079682,-0.00018602,3,0.2857142857142857,0.6264
ETHUSDT,2022-05-13,-9.285666666666667e-05,-0.00016008,-2.742e-05,3,0.2857142857142857,0.4943
ETHUSDT,2022-05-14,7.012333333333334e-05,5.029e-05,9.124e-05,3,0.2857142857142857,0.4291
ETHUSDT,2022-05-15,8.101333333333334e-05,7.136e-05,0.0001,3,0.2857142857142857,0.4247
ETHUSDT,2022-05-16,6.555333333333333e-05,-3.34e-06,0.0001,3,0.3333333333333333,0.4404
ETHUSDT,2022-05-17,-2.4883333333333333e-05,-0.00010278,1.965e-05,3,0.3809523809523809,0.4861
ETHUSDT,2022-05-18,-5.493333333333335e-06,-7.218e-05,7.107e-05,3,0.4761904761904761,0.4974
ETHUSDT,2022-05-19,-3.753333333333335e-06,-5.373e-05,3.757e-05,3,0.3809523809523809,0.4777
ETHUSDT,2022-05-20,8.882333333333333e-05,6.647e-05,0.0001,3,0.238095238095238,0.4121
ETHUSDT,2022-05-21,2.3206666666666662e-05,-2.669e-05,9.991e-05,3,0.3333333333333333,0.4574
ETHUSDT,2022-05-22,6.534666666666666e-05,4.308e-05,0.0001,3,0.3333333333333333,0.4405
ETHUSDT,2022-05-23,0.0001,0.0001,0.0001,3,0.2857142857142857,0.4171
ETHUSDT,2022-05-24,-5.590333333333334e-05,-7.86e-05,-4.04e-05,3,0.3809523809523809,0.4986
ETHUSDT,2022-05-25,5.884e-05,1.228e-05,0.0001,3,0.2857142857142857,0.4336
ETHUSDT,2022-05-26,-3.5200000000000023e-06,-0.00014343,0.0001,3,0.2857142857142857,0.4586
ETHUSDT,2022-05-27,5.0656666666666666e-05,-1.53e-06,0.0001,3,0.3333333333333333,0.4464
ETHUSDT,2022-05-28,6.502666666666667e-05,3.132e-05,0.0001,3,0.238095238095238,0.4216
ETHUSDT,2022-05-29,4.531333333333333e-05,1.764e-05,0.0001,3,0.238095238095238,0.4295
ETHUSDT,2022-05-30,6.0379999999999994e-05,1.622e-05,0.0001,3,0.238095238095238,0.4235
ETHUSDT,2022-05-31,9.253666666666668e-05,7.761e-05,0.0001,3,0.0952380952380952,0.382
ETHUSDT,2022-06-01,0.0001,0.0001,0.0001,3,0.0952380952380952,0.379
ETHUSDT,2022-06-02,-9.266666666666656e-07,-8.505e-05,4.628e-05,3,0.0952380952380952,0.4194
ETHUSDT,2022-06-03,5.999666666666666e-05,2.737e-05,0.0001,3,0.0476190476190476,0.3855
ETHUSDT,2022-06-04,7.666666666666667e-05,3e-05,0.0001,3,0.0476190476190476,0.3789
ETHUSDT,2022-06-05,4.8393333333333336e-05,3.407e-05,5.865e-05,3,0.0476190476190476,0.3902
ETHUSDT,2022-06-06,9.865666666666668e-05,9.597e-05,0.0001,3,0.0476190476190476,0.3701
ETHUSDT,2022-06-07,2.695e-05,-3.071e-05,0.0001,3,0.0952380952380952,0.4083
ETHUSDT,2022-06-08,9.013666666666667e-05,7.041e-05,0.0001,3,0.0952380952380952,0.383
ETHUSDT,2022-06-09,8.473666666666666e-05,5.421e-05,0.0001,3,0.0476190476190476,0.3756
ETHUSDT,2022-06-10,3.0513333333333335e-05,-0.00010846,0.0001,3,0.0952380952380952,0.4068
ETHUSDT,2022-06-11,-0.0001379666666666,-0.00018605,-9.29e-05,3,0.238095238095238,0.5028
ETHUSDT,2022-06-12,-7.588666666666667e-05,-9.914e-05,-6.025e-05,3,0.3809523809523809,0.5065
ETHUSDT,2022-06-13,-1.2613333333333337e-05,-5.144e-05,1.579e-05,3,0.4761904761904761,0.5003
ETHUSDT,2022-06-14,-4.042e-05,-5.061e-05,-2.999e-05,3,0.5714285714285714,0.5305
ETHUSDT,2022-06-15,-7.584e-05,-0.0001643,-9.52e-06,3,0.7142857142857143,0.5732
ETHUSDT,2022-06-16,-1.750666666666667e-05,-0.00010424,6.616e-05,3,0.8095238095238095,0.5689
ETHUSDT,2022-06-17,-0.0001100733333333,-0.00014982,-5.634e-05,3,0.9047619047619048,0.625
ETHUSDT,2022-06-18,-0.0001468233333333,-0.00029164,-7.277e-05,3,0.9047619047619048,0.6397
ETHUSDT,2022-06-19,-8.804e-05,-0.00018722,0.0001,3,0.8571428571428571,0.6066
ETHUSDT,2022-06-20,5.422666666666667e-05,-2.176e-05,0.0001,3,0.8095238095238095,0.5402
ETHUSDT,2022-06-21,5.347666666666667e-05,4.698e-05,6.015e-05,3,0.6666666666666666,0.5119
ETHUSDT,2022-06-22,-5.3733333333333336e-05,-8.679e-05,-2.551e-05,3,0.6666666666666666,0.5548
ETHUSDT,2022-06-23,-7.018333333333334e-05,-0.00010151,-4.408e-05,3,0.7142857142857143,0.5709
ETHUSDT,2022-06-24,7.349666666666667e-05,4.046e-05,0.0001,3,0.5714285714285714,0.4849
ETHUSDT,2022-06-25,-4.333333333333312e-07,-3.928e-05,3.156e-05,3,0.4761904761904761,0.4954
ETHUSDT,2022-06-26,1.4383333333333337e-05,-8.522e-05,0.0001,3,0.4285714285714285,0.48
ETHUSDT,2022-06-27,-6.060333333333333e-05,-0.00010252,-3.606e-05,3,0.5238095238095238,0.529
ETHUSDT,2022-06-28,1.6056666666666668e-05,-2.707e-05,6.622e-05,3,0.5714285714285714,0.5079
ETHUSDT,2022-06-29,2.0156666666666663e-05,1.147e-05,3.172e-05,3,0.4285714285714285,0.4777
ETHUSDT,2022-06-30,-8.330333333333333e-05,-0.00021692,3.467e-05,3,0.3809523809523809,0.5095
ETHUSDT,2022-07-01,-6.079333333333333e-05,-0.00013323,4.122e-05,3,0.4761904761904761,0.5196
ETHUSDT,2022-07-02,-3.085e-05,-4.429e-05,-4.5e-06,3,0.5714285714285714,0.5266
ETHUSDT,2022-07-03,2.699999999999993e-06,-9.636e-05,8.102e-05,3,0.5714285714285714,0.5132
ETHUSDT,2022-07-04,1.999999999999999e-06,-0.00014236,8.487e-05,3,0.4761904761904761,0.4944
ETHUSDT,2022-07-05,2.2883333333333335e-05,8.23e-06,4.28e-05,3,0.4285714285714285,0.4766
ETHUSDT,2022-07-06,8.124333333333333e-05,4.373e-05,0.0001,3,0.4285714285714285,0.4532
ETHUSDT,2022-07-07,8.963666666666668e-05,6.891e-05,0.0001,3,0.3333333333333333,0.4308
ETHUSDT,2022-07-08,8.501666666666667e-05,5.505e-05,0.0001,3,0.238095238095238,0.4136
ETHUSDT,2022-07-09,3.6696666666666664e-05,2.685e-05,5.118e-05,3,0.0952380952380952,0.4044
ETHUSDT,2022-07-10,7.049333333333334e-05,4.544e-05,0.0001,3,0.0476190476190476,0.3813
ETHUSDT,2022-07-11,3.729e-05,1.102e-05,5.881e-05,3,0.0,0.3851
ETHUSDT,2022-07-12,-2.059e-05,-0.00010622,6.653e-05,3,0.0952380952380952,0.4273
ETHUSDT,2022-07-13,-0.00016783,-0.00019746,-0.00012686,3,0.238095238095238,0.5148
ETHUSDT,2022-07-14,-5.558e-05,-0.00012921,1.264e-05,3,0.3333333333333333,0.4889
ETHUSDT,2022-07-15,4.738e-05,-4.53e-06,0.0001,3,0.3809523809523809,0.4572
ETHUSDT,2022-07-16,5.383000000000001e-05,3.638e-05,7.053e-05,3,0.3809523809523809,0.4547
ETHUSDT,2022-07-17,3.1230000000000004e-05,-6.39e-06,0.0001,3,0.4285714285714285,0.4732
ETHUSDT,2022-07-18,1.456e-05,-2.025e-05,7.25e-05,3,0.5238095238095238,0.4989
ETHUSDT,2022-07-19,8.080666666666667e-05,4.242e-05,0.0001,3,0.4285714285714285,0.4534
ETHUSDT,2022-07-20,1.3763333333333336e-05,-4.179e-05,5.437e-05,3,0.3333333333333333,0.4612
ETHUSDT,2022-07-21,0.0001,0.0001,0.0001,3,0.238095238095238,0.4076
ETHUSDT,2022-07-22,9.772333333333336e-05,9.317e-05,0.0001,3,0.1904761904761904,0.399
ETHUSDT,2022-07-23,7.334666666666667e-05,5.463e-05,0.0001,3,0.1904761904761904,0.4088
ETHUSDT,2022-07-24,0.0001,0.0001,0.0001,3,0.1428571428571428,0.3886
ETHUSDT,2022-07-25,5.433333333333334e-05,-1.134e-05,0.0001,3,0.0952380952380952,0.3973
ETHUSDT,2022-07-26,7.947e-05,6.69e-05,0.0001,3,0.0952380952380952,0.3873
ETHUSDT,2022-07-27,4.09e-05,7.41e-06,8.204e-05,3,0.0476190476190476,0.3932
ETHUSDT,2022-07-28,0.0001,0.0001,0.0001,3,0.0476190476190476,0.3695
ETHUSDT,2022-07-29,0.0001,0.0001,0.0001,3,0.0476190476190476,0.3695
ETHUSDT,2022-07-30,8.349666666666667e-05,5.049e-05,0.0001,3,0.0476190476190476,0.3761
ETHUSDT,2022-07-31,6.653e-05,4.431e-05,0.0001,3,0.0476190476190476,0.3829
ETHUSDT,2022-08-01,8.702666666666667e-05,6.285e-05,0.0001,3,0.0,0.3652
ETHUSDT,2022-08-02,4.403333333333334e-05,1.593e-05,0.0001,3,0.0,0.3824
ETHUSDT,2022-08-03,1.403e-05,-3.047e-05,6.888e-05,3,0.0476190476190476,0.4039
ETHUSDT,2022-08-04,5.334666666666667e-05,1.183e-05,7.702e-05,3,0.0476190476190476,0.3882
ETHUSDT,2022-08-05,9.216333333333334e-05,7.649e-05,0.0001,3,0.0476190476190476,0.3727
ETHUSDT,2022-08-06,0.0001,0.0001,0.0001,3,0.0476190476190476,0.3695
ETHUSDT,2022-08-07,3.507666666666667e-05,-2.278e-05,0.0001,3,0.0952380952380952,0.405
ETHUSDT,2022-08-08,3.825e-05,-1.33e-05,0.0001,3,0.1428571428571428,0.4133
ETHUSDT,2022-08-09,-2.892333333333333e-05,-0.00014349,5.993e-05,3,0.238095238095238,0.4592
ETHUSDT,2022-08-10,-1.2043333333333332e-05,-0.00010375,0.0001,3,0.2857142857142857,0.462
ETHUSDT,2022-08-11,5.3916666666666665e-05,1.783e-05,0.0001,3,0.2857142857142857,0.4356
ETHUSDT,2022-08-12,5.372666666666667e-05,2.566e-05,8.336e-05,3,0.2857142857142857,0.4357
ETHUSDT,2022-08-13,4.819e-05,2.735e-05,7.636e-05,3,0.2857142857142857,0.4379
ETHUSDT,2022-08-14,3.885e-05,2.19e-06,8.292e-05,3,0.238095238095238,0.4321
ETHUSDT,2022-08-15,-2.5400000000000004e-05,-6.757e-05,3.991e-05,3,0.2857142857142857,0.4673
ETHUSDT,2022-08-16,7.666666666666695e-07,-6.945e-05,3.842e-05,3,0.238095238095238,0.4473
ETHUSDT,2022-08-17,5.5289999999999994e-05,4.034e-05,6.626e-05,3,0.1428571428571428,0.4065
ETHUSDT,2022-08-18,5.075333333333333e-05,2.314e-05,9.463e-05,3,0.1428571428571428,0.4083
ETHUSDT,2022-08-19,5.5700000000000005e-05,1.435e-05,0.0001,3,0.1428571428571428,0.4063
ETHUSDT,2022-08-20,6.016666666666666e-06,-3.743e-05,4.557e-05,3,0.1904761904761904,0.4357
ETHUSDT,2022-08-21,-1.785e-05,-5.859e-05,1.912e-05,3,0.2857142857142857,0.4643
ETHUSDT,2022-08-22,2.920666666666667e-05,-5.605e-05,7.481e-05,3,0.238095238095238,0.4359
ETHUSDT,2022-08-23,-1.5186666666666668e-05,-9.315e-05,6.559e-05,3,0.2857142857142857,0.4632
ETHUSDT,2022-08-24,-3.551333333333333e-05,-8.879e-05,5.38e-06,3,0.3809523809523809,0.4904
ETHUSDT,2022-08-25,-2.82e-05,-9.281e-05,2.635e-05,3,0.4761904761904761,0.5065
ETHUSDT,2022-08-26,5.335e-05,2.49e-05,8.902e-05,3,0.4761904761904761,0.4739
ETHUSDT,2022-08-27,-0.00018568,-0.000272,-7.754e-05,3,0.5714285714285714,0.5886
ETHUSDT,2022-08-28,-0.0001678566666666,-0.0002688,1.893e-05,3,0.5714285714285714,0.5814
ETHUSDT,2022-08-29,-0.00016169,-0.00024797,-6.657e-05,3,0.6666666666666666,0.598
ETHUSDT,2022-08-30,-7.316333333333334e-05,-9.478e-05,-5.782e-05,3,0.7142857142857143,0.5721
ETHUSDT,2022-08-31,-1.357e-05,-0.00011151,7.105e-05,3,0.7142857142857143,0.5483
ETHUSDT,2022-09-01,-2.7843333333333335e-05,-7.998e-05,9.18e-06,3,0.7142857142857143,0.554
ETHUSDT,2022-09-02,2.3066666666666667e-05,-1.84e-05,5.469e-05,3,0.7619047619047619,0.5432
ETHUSDT,2022-09-03,-0.00010727,-0.00012553,-9.441e-05,3,0.7619047619047619,0.5953
ETHUSDT,2022-09-04,-3.9573333333333336e-05,-9.236e-05,1.789e-05,3,0.7619047619047619,0.5682
ETHUSDT,2022-09-05,-4.806333333333333e-05,-0.00010286,8.77e-06,3,0.7142857142857143,0.5621
ETHUSDT,2022-09-06,-0.00010737,-0.00016568,-2.352e-05,3,0.7142857142857143,0.5858
ETHUSDT,2022-09-07,-0.0002087766666666,-0.00027449,-0.0001677,3,0.7619047619047619,0.6359
ETHUSDT,2022-09-08,-2.0213333333333335e-05,-6.039e-05,1.215e-05,3,0.7619047619047619,0.5605
ETHUSDT,2022-09-09,-8.195e-05,-0.00012468,-3.837e-05,3,0.8571428571428571,0.6042
ETHUSDT,2022-09-10,-0.0001389,-0.00020439,-7.115e-05,3,0.8571428571428571,0.627
ETHUSDT,2022-09-11,-0.0001995266666666,-0.00031696,-0.00011556,3,0.9047619047619048,0.6608
ETHUSDT,2022-09-12,-0.0003365133333333,-0.00038902,-0.0002761,3,0.9523809523809524,0.7251
ETHUSDT,2022-09-13,-0.0004100066666666,-0.00047985,-0.00028397,3,0.9523809523809524,0.7545
ETHUSDT,2022-09-14,-0.0015526066666666,-0.00182506,-0.00111142,3,0.9523809523809524,0.9905
ETHUSDT,2022-09-15,-0.00176439,-0.00301937,-0.00010393,3,1.0,1.0
ETHUSDT,2022-09-16,2.9963333333333335e-05,-7.76e-06,0.0001,3,0.9523809523809524,0.5785
ETHUSDT,2022-09-17,6.474666666666666e-05,4.111e-05,7.913e-05,3,0.8095238095238095,0.536
ETHUSDT,2022-09-18,5.139e-05,8.41e-06,8.234e-05,3,0.6666666666666666,0.5128
ETHUSDT,2022-09-19,-6.836333333333333e-05,-0.00010281,-4.91e-06,3,0.6666666666666666,0.5607
ETHUSDT,2022-09-20,-7.533e-05,-0.00012011,2.77e-06,3,0.6190476190476191,0.5539
ETHUSDT,2022-09-21,-4.596666666666666e-05,-7.656e-05,-2.285e-05,3,0.6190476190476191,0.5422
ETHUSDT,2022-09-22,-0.0002023933333333,-0.00024234,-0.00013047,3,0.6190476190476191,0.6048
ETHUSDT,2022-09-23,-3.752333333333333e-05,-5.042e-05,-1.456e-05,3,0.6666666666666666,0.5483
ETHUSDT,2022-09-24,-7.186666666666666e-06,-8.115e-05,4.468e-05,3,0.7142857142857143,0.5457
ETHUSDT,2022-09-25,-1.2403333333333335e-05,-4.292e-05,4.49e-06,3,0.7619047619047619,0.5573
ETHUSDT,2022-09-26,3.014666666666667e-05,-1.379e-05,0.0001,3,0.6666666666666666,0.5213
ETHUSDT,2022-09-27,1.758e-05,1.303e-05,2.194e-05,3,0.5714285714285714,0.5073
ETHUSDT,2022-09-28,-3.6463333333333334e-05,-7.573e-05,-1.018e-05,3,0.5714285714285714,0.5289
ETHUSDT,2022-09-29,6.051e-05,2.149e-05,0.0001,3,0.4285714285714285,0.4615
ETHUSDT,2022-09-30,6.115333333333334e-05,1.17e-05,0.0001,3,0.2857142857142857,0.4327
ETHUSDT,2022-10-01,6.719666666666667e-05,5.117e-05,8.185e-05,3,0.238095238095238,0.4207
ETHUSDT,2022-10-02,1.1503333333333334e-05,-2.183e-05,4.395e-05,3,0.238095238095238,0.443
ETHUSDT,2022-10-03,-3.3300000000000003e-06,-2.23e-05,2.229e-05,3,0.2857142857142857,0.4585
ETHUSDT,2022-10-04,7.144333333333333e-05,3.575e-05,0.0001,3,0.2857142857142857,0.4286
ETHUSDT,2022-10-05,-2.8433333333333338e-06,-3.017e-05,1.819e-05,3,0.1904761904761904,0.4392
ETHUSDT,2022-10-06,2.152e-05,-1.15e-05,5.188e-05,3,0.238095238095238,0.439
ETHUSDT,2022-10-07,1.9316666666666668e-05,3.9e-06,3.248e-05,3,0.238095238095238,0.4399
ETHUSDT,2022-10-08,7.278666666666667e-05,5.904e-05,8.939e-05,3,0.238095238095238,0.4185
ETHUSDT,2022-10-09,1.8533333333333335e-06,-5.165e-05,3.902e-05,3,0.238095238095238,0.4469
ETHUSDT,2022-10-10,3.295e-05,2.352e-05,4.749e-05,3,0.1428571428571428,0.4154
ETHUSDT,2022-10-11,5.03e-05,3.552e-05,7.133e-05,3,0.1428571428571428,0.4085
ETHUSDT,2022-10-12,2.6566666666666668e-05,-1.598e-05,8.85e-05,3,0.1428571428571428,0.4179
ETHUSDT,2022-10-13,-6.728333333333333e-05,-0.00018211,8.18e-05,3,0.1904761904761904,0.465
ETHUSDT,2022-10-14,6.733333333333333e-05,2e-06,0.0001,3,0.1904761904761904,0.4112
ETHUSDT,2022-10-15,1.533666666666667e-05,-8.01e-06,5.95e-05,3,0.2857142857142857,0.451
ETHUSDT,2022-10-16,-1.333333333333334e-06,-1.934e-05,1.261e-05,3,0.2857142857142857,0.4577
ETHUSDT,2022-10-17,3.318333333333334e-05,7.5e-06,5.61e-05,3,0.2857142857142857,0.4439
ETHUSDT,2022-10-18,6.816e-05,5.818e-05,8.2e-05,3,0.2857142857142857,0.4299
ETHUSDT,2022-10-19,6.932000000000001e-05,3.885e-05,0.0001,3,0.238095238095238,0.4199
ETHUSDT,2022-10-20,6.5099999999999995e-06,-5.194e-05,6.032e-05,3,0.1904761904761904,0.4355
ETHUSDT,2022-10-21,4.844666666666667e-05,1.939e-05,0.0001,3,0.1904761904761904,0.4187
ETHUSDT,2022-10-22,-6.513333333333333e-06,-3.726e-05,2.568e-05,3,0.1904761904761904,0.4407
ETHUSDT,2022-10-23,4.4590000000000005e-05,1.025e-05,0.0001,3,0.1428571428571428,0.4107
ETHUSDT,2022-10-24,5.529666666666667e-05,-2.685e-05,0.0001,3,0.1904761904761904,0.416
ETHUSDT,2022-10-25,-4.433333333333331e-07,-5.643e-05,3.537e-05,3,0.238095238095238,0.4478
ETHUSDT,2022-10-26,5.849333333333333e-05,-2.452e-05,0.0001,3,0.2857142857142857,0.4337
ETHUSDT,2022-10-27,3.3113333333333334e-05,-3.37e-05,8.299e-05,3,0.2857142857142857,0.4439
ETHUSDT,2022-10-28,2.728e-05,1.87e-05,4.042e-05,3,0.2857142857142857,0.4462
ETHUSDT,2022-10-29,8.136666666666666e-05,6.207e-05,0.0001,3,0.1904761904761904,0.4055
ETHUSDT,2022-10-30,9.010333333333334e-05,7.735e-05,0.0001,3,0.1904761904761904,0.4021
ETHUSDT,2022-10-31,5.34e-05,-2.88e-06,0.0001,3,0.1904761904761904,0.4167
ETHUSDT,2022-11-01,-1.1949999999999996e-05,-5.701e-05,1.321e-05,3,0.1904761904761904,0.4429
ETHUSDT,2022-11-02,5.4680000000000005e-05,2.913e-05,7.678e-05,3,0.1428571428571428,0.4067
ETHUSDT,2022-11-03,-5.456333333333333e-05,-8.892e-05,2.55e-06,3,0.1904761904761904,0.4599
ETHUSDT,2022-11-04,6.897e-05,1.398e-05,0.0001,3,0.1904761904761904,0.4105
ETHUSDT,2022-11-05,5.496666666666666e-05,1.474e-05,9.19e-05,3,0.1904761904761904,0.4161
ETHUSDT,2022-11-06,7.346666666666666e-05,4.026e-05,0.0001,3,0.1904761904761904,0.4087
ETHUSDT,2022-11-07,4.107333333333333e-05,-2.72e-06,0.0001,3,0.1904761904761904,0.4217
ETHUSDT,2022-11-08,-3.128e-05,-0.00011539,7.883e-05,3,0.238095238095238,0.4601
ETHUSDT,2022-11-09,-0.0003511566666666,-0.00054682,-0.00012169,3,0.3809523809523809,0.6167
ETHUSDT,2022-11-10,-0.0004330433333333,-0.00060149,-0.00015464,3,0.4285714285714285,0.6589
ETHUSDT,2022-11-11,-9.183e-05,-0.00016788,2.873e-05,3,0.5238095238095238,0.5415
ETHUSDT,2022-11-12,8.277333333333334e-05,4.863e-05,9.985e-05,3,0.5238095238095238,0.4717
ETHUSDT,2022-11-13,-3.708333333333333e-05,-8.449e-05,-9.28e-06,3,0.6666666666666666,0.5482
ETHUSDT,2022-11-14,3.4336666666666666e-05,2.254e-05,5.237e-05,3,0.6190476190476191,0.5101
ETHUSDT,2022-11-15,-2.63e-05,-8.644e-05,4.951e-05,3,0.6190476190476191,0.5343
ETHUSDT,2022-11-16,-4.524666666666667e-05,-9.137e-05,1.19e-06,3,0.5714285714285714,0.5324
ETHUSDT,2022-11-17,-5.895e-05,-0.00010849,2.558e-05,3,0.5238095238095238,0.5283
ETHUSDT,2022-11-18,-6.912666666666667e-05,-8.46e-05,-5.327e-05,3,0.5714285714285714,0.5419
ETHUSDT,2022-11-19,5.628e-05,4.413e-05,6.481e-05,3,0.5714285714285714,0.4918
ETHUSDT,2022-11-20,1.3663333333333334e-05,-2.008e-05,5.73e-05,3,0.4761904761904761,0.4898
ETHUSDT,2022-11-21,-5.987666666666666e-05,-0.00020459,4.666e-05,3,0.5714285714285714,0.5382
ETHUSDT,2022-11-22,-1.0253333333333332e-05,-6.623e-05,6.368e-05,3,0.5714285714285714,0.5184
ETHUSDT,2022-11-23,-2.4683333333333335e-05,-9.414e-05,6.088e-05,3,0.5714285714285714,0.5242
ETHUSDT,2022-11-24,8.736666666666667e-06,-6.135e-05,4.96e-05,3,0.5238095238095238,0.5013
ETHUSDT,2022-11-25,2.665666666666667e-05,-3.074e-05,5.572e-05,3,0.4285714285714285,0.4751
ETHUSDT,2022-11-26,-5.564e-05,-6.554e-05,-4.472e-05,3,0.5714285714285714,0.5365
ETHUSDT,2022-11-27,-4.11e-05,-0.00011497,3.854e-05,3,0.6190476190476191,0.5402
ETHUSDT,2022-11-28,-4.844e-05,-0.00012317,3.42e-06,3,0.6190476190476191,0.5432
ETHUSDT,2022-11-29,5.592666666666667e-05,2.946e-05,0.0001,3,0.5238095238095238,0.4824
ETHUSDT,2022-11-30,9.739333333333334e-05,9.218e-05,0.0001,3,0.4285714285714285,0.4468
ETHUSDT,2022-12-01,3.8853333333333336e-05,-1.967e-05,0.0001,3,0.4285714285714285,0.4702
ETHUSDT,2022-12-02,4.875333333333333e-05,-2.44e-06,0.0001,3,0.4285714285714285,0.4662
ETHUSDT,2022-12-03,-1.837e-05,-2.779e-05,-4.81e-06,3,0.4285714285714285,0.4931
ETHUSDT,2022-12-04,-5.156666666666667e-06,-4.991e-05,3.593e-05,3,0.4285714285714285,0.4878
ETHUSDT,2022-12-05,2.895e-05,-2.459e-05,5.578e-05,3,0.3809523809523809,0.4646
ETHUSDT,2022-12-06,3.3113333333333334e-05,1.389e-05,4.364e-05,3,0.3809523809523809,0.4629
ETHUSDT,2022-12-07,2.797e-05,-2.33e-06,8.029e-05,3,0.4285714285714285,0.4745
ETHUSDT,2022-12-08,5.716666666666666e-06,-9.2e-07,1.744e-05,3,0.4285714285714285,0.4834
ETHUSDT,2022-12-09,7.251666666666666e-05,4.9e-05,0.0001,3,0.3809523809523809,0.4472
ETHUSDT,2022-12-10,3.858e-05,-1.674e-05,6.841e-05,3,0.2857142857142857,0.4417
ETHUSDT,2022-12-11,3.3899999999999997e-06,-2.288e-05,1.946e-05,3,0.238095238095238,0.4463
ETHUSDT,2022-12-12,-4.026666666666666e-06,-2.692e-05,3.843e-05,3,0.2857142857142857,0.4588
ETHUSDT,2022-12-13,9.649666666666666e-05,8.949e-05,0.0001,3,0.2857142857142857,0.4185
ETHUSDT,2022-12-14,0.0001,0.0001,0.0001,3,0.238095238095238,0.4076
ETHUSDT,2022-12-15,0.0001,0.0001,0.0001,3,0.1904761904761904,0.3981
ETHUSDT,2022-12-16,5.406666666666667e-05,-3.78e-05,0.0001,3,0.238095238095238,0.426
ETHUSDT,2022-12-17,1.8936666666666668e-05,-6.429e-05,8.697e-05,3,0.238095238095238,0.44
ETHUSDT,2022-12-18,5.986666666666667e-05,4.105e-05,7.9e-05,3,0.1904761904761904,0.4141
ETHUSDT,2022-12-19,-1.142e-05,-3.395e-05,5.7e-06,3,0.1904761904761904,0.4427
ETHUSDT,2022-12-20,7.473999999999999e-05,4.111e-05,9.832e-05,3,0.1904761904761904,0.4082
ETHUSDT,2022-12-21,6.588666666666667e-05,4.626e-05,8.575e-05,3,0.1904761904761904,0.4117
ETHUSDT,2022-12-22,8.874333333333333e-05,7.887e-05,9.813e-05,3,0.1904761904761904,0.4026
ETHUSDT,2022-12-23,5.58e-05,-7.28e-06,0.0001,3,0.1904761904761904,0.4158
ETHUSDT,2022-12-24,5.764666666666667e-05,5.27e-06,0.0001,3,0.1428571428571428,0.4055
ETHUSDT,2022-12-25,3.3333333333333337e-06,-3.84e-06,1.343e-05,3,0.1904761904761904,0.4368
ETHUSDT,2022-12-26,3.526333333333333e-05,1.023e-05,6.962e-05,3,0.0952380952380952,0.4049
ETHUSDT,2022-12-27,6.590666666666667e-05,2.226e-05,0.0001,3,0.0952380952380952,0.3927
ETHUSDT,2022-12-28,4.633666666666667e-05,-2.352e-05,0.0001,3,0.1428571428571428,0.41
ETHUSDT,2022-12-29,8.611666666666667e-05,5.835e-05,0.0001,3,0.1428571428571428,0.3941
ETHUSDT,2022-12-30,0.0001,0.0001,0.0001,3,0.0952380952380952,0.379
ETHUSDT,2022-12-31,0.0001,0.0001,0.0001,3,0.0952380952380952,0.379
ETHUSDT,2023-01-01,0.0001,0.0001,0.0001,3,0.0476190476190476,0.3695
ETHUSDT,2023-01-02,8.780666666666666e-05,7.464e-05,0.0001,3,0.0476190476190476,0.3744
ETHUSDT,2023-01-03,3.022e-05,8.9e-06,5.228e-05,3,0.0476190476190476,0.3974
ETHUSDT,2023-01-04,9.203e-05,7.609e-05,0.0001,3,0.0,0.3632
ETHUSDT,2023-01-05,0.0001,0.0001,0.0001,3,0.0,0.36
ETHUSDT,2023-01-06,0.0001,0.0001,0.0001,3,0.0,0.36
ETHUSDT,2023-01-07,5.611e-05,4.199e-05,7.19e-05,3,0.0,0.3776
ETHUSDT,2023-01-08,6.538e-05,2.131e-05,8.826e-05,3,0.0,0.3738
ETHUSDT,2023-01-09,7.309666666666667e-05,4.312e-05,0.0001,3,0.0,0.3708
ETHUSDT,2023-01-10,0.0001,0.0001,0.0001,3,0.0,0.36
ETHUSDT,2023-01-11,7.592666666666667e-05,2.778e-05,0.0001,3,0.0,0.3696
ETHUSDT,2023-01-12,0.0001,0.0001,0.0001,3,0.0,0.36
ETHUSDT,2023-01-13,0.0001,0.0001,0.0001,3,0.0,0.36
ETHUSDT,2023-01-14,0.0003919799999999,0.0001,0.00061643,3,0.0,0.2432
ETHUSDT,2023-01-15,0.00020572,0.00012412,0.00030426,3,0.0,0.3177
ETHUSDT,2023-01-16,0.0001139433333333,0.0001,0.00014183,3,0.0,0.3544
ETHUSDT,2023-01-17,0.0001,0.0001,0.0001,3,0.0,0.36
ETHUSDT,2023-01-18,0.0001,0.0001,0.0001,3,0.0,0.36
ETHUSDT,2023-01-19,0.0001,0.0001,0.0001,3,0.0,0.36
ETHUSDT,2023-01-20,0.0001,0.0001,0.0001,3,0.0,0.36
ETHUSDT,2023-01-21,0.0001,0.0001,0.0001,3,0.0,0.36
ETHUSDT,2023-01-22,0.0001,0.0001,0.0001,3,0.0,0.36
ETHUSDT,2023-01-23,0.0001011866666666,0.0001,0.00010356,3,0.0,0.3595
ETHUSDT,2023-01-24,0.0001,0.0001,0.0001,3,0.0,0.36
ETHUSDT,2023-01-25,0.0001,0.0001,0.0001,3,0.0,0.36
ETHUSDT,2023-01-26,0.0001,0.0001,0.0001,3,0.0,0.36
ETHUSDT,2023-01-27,0.0001,0.0001,0.0001,3,0.0,0.36
ETHUSDT,2023-01-28,0.0001,0.0001,0.0001,3,0.0,0.36
ETHUSDT,2023-01-29,0.0001,0.0001,0.0001,3,0.0,0.36
ETHUSDT,2023-01-30,0.0001,0.0001,0.0001,3,0.0,0.36
ETHUSDT,2023-01-31,0.0001,0.0001,0.0001,3,0.0,0.36
ETHUSDT,2023-02-01,0.0001,0.0001,0.0001,3,0.0,0.36
ETHUSDT,2023-02-02,0.0001,0.0001,0.0001,3,0.0,0.36
ETHUSDT,2023-02-03,0.0001,0.0001,0.0001,3,0.0,0.36
ETHUSDT,2023-02-04,0.0001,0.0001,0.0001,3,0.0,0.36
ETHUSDT,2023-02-05,0.0001,0.0001,0.0001,3,0.0,0.36
ETHUSDT,2023-02-06,0.0001,0.0001,0.0001,3,0.0,0.36
ETHUSDT,2023-02-07,0.0001,0.0001,0.0001,3,0.0,0.36
ETHUSDT,2023-02-08,0.0001,0.0001,0.0001,3,0.0,0.36
ETHUSDT,2023-02-09,0.0001,0.0001,0.0001,3,0.0,0.36
ETHUSDT,2023-02-10,8.942666666666668e-05,6.828e-05,0.0001,3,0.0,0.3642
ETHUSDT,2023-02-11,2.4413333333333332e-05,-2.491e-05,6.47e-05,3,0.0476190476190476,0.3998
ETHUSDT,2023-02-12,5.5576666666666666e-05,3.225e-05,8.869e-05,3,0.0476190476190476,0.3873
ETHUSDT,2023-02-13,6.183000000000001e-05,2.555e-05,0.0001,3,0.0476190476190476,0.3848
ETHUSDT,2023-02-14,3.087333333333333e-05,-4.54e-06,5.311e-05,3,0.0952380952380952,0.4067
ETHUSDT,2023-02-15,3.811666666666667e-05,2.81e-05,5.715e-05,3,0.0952380952380952,0.4038
ETHUSDT,2023-02-16,0.00011367,0.0001,0.00014101,3,0.0952380952380952,0.3736
ETHUSDT,2023-02-17,0.0001,0.0001,0.0001,3,0.0952380952380952,0.379
ETHUSDT,2023-02-18,0.0001,0.0001,0.0001,3,0.0476190476190476,0.3695
ETHUSDT,2023-02-19,0.0001,0.0001,0.0001,3,0.0476190476190476,0.3695
ETHUSDT,2023-02-20,0.0001,0.0001,0.0001,3,0.0476190476190476,0.3695
ETHUSDT,2023-02-21,0.0001,0.0001,0.0001,3,0.0,0.36
ETHUSDT,2023-02-22,0.0001,0.0001,0.0001,3,0.0,0.36
ETHUSDT,2023-02-23,7.091666666666666e-05,4.374e-05,9.829e-05,3,0.0,0.3716
ETHUSDT,2023-02-24,6.199333333333335e-05,3.804e-05,8.38e-05,3,0.0,0.3752
ETHUSDT,2023-02-25,7.686666666666666e-05,5.498e-05,9.641e-05,3,0.0,0.3693
ETHUSDT,2023-02-26,2.3493333333333338e-05,1.098e-05,4.684e-05,3,0.0,0.3906
ETHUSDT,2023-02-27,8.219333333333332e-05,6.025e-05,0.0001,3,0.0,0.3671
ETHUSDT,2023-02-28,5.248666666666667e-05,3.555e-05,8.565e-05,3,0.0,0.379
ETHUSDT,2023-03-01,6.780666666666666e-05,3.42e-06,0.0001,3,0.0,0.3729
ETHUSDT,2023-03-02,9.248666666666666e-05,7.746e-05,0.0001,3,0.0,0.363
ETHUSDT,2023-03-03,1.778e-05,-9.17e-06,3.967e-05,3,0.0476190476190476,0.4024
ETHUSDT,2023-03-04,3.579333333333333e-05,1.26e-06,8.491e-05,3,0.0476190476190476,0.3952
ETHUSDT,2023-03-05,4.589333333333333e-05,3.555e-05,5.372e-05,3,0.0476190476190476,0.3912
ETHUSDT,2023-03-06,5.103e-05,3.604e-05,7.122e-05,3,0.0476190476190476,0.3891
ETHUSDT,2023-03-07,4.623333333333334e-05,1.011e-05,7.563e-05,3,0.0476190476190476,0.391
ETHUSDT,2023-03-08,7.886333333333334e-05,6.665e-05,8.786e-05,3,0.0476190476190476,0.378
ETHUSDT,2023-03-09,6.775333333333333e-05,3.643e-05,9.084e-05,3,0.0476190476190476,0.3824
ETHUSDT,2023-03-10,-2.9716666666666663e-05,-8.306e-05,-9.7e-07,3,0.1428571428571428,0.4405
ETHUSDT,2023-03-11,5.690000000000001e-06,-5.766e-05,4.677e-05,3,0.1904761904761904,0.4358
ETHUSDT,2023-03-12,1.1060000000000004e-05,-4.286e-05,8.67e-05,3,0.2857142857142857,0.4527
ETHUSDT,2023-03-13,0.0001,0.0001,0.0001,3,0.2857142857142857,0.4171
ETHUSDT,2023-03-14,0.0001,0.0001,0.0001,3,0.2857142857142857,0.4171
ETHUSDT,2023-03-15,0.0002003133333333,0.0001,0.00031728,3,0.2857142857142857,0.377
ETHUSDT,2023-03-16,0.0001,0.0001,0.0001,3,0.2857142857142857,0.4171
ETHUSDT,2023-03-17,7.301666666666668e-05,5.941e-05,0.0001,3,0.1428571428571428,0.3994
ETHUSDT,2023-03-18,0.0001,0.0001,0.0001,3,0.0952380952380952,0.379
ETHUSDT,2023-03-19,0.0001,0.0001,0.0001,3,0.0,0.36
ETHUSDT,2023-03-20,9.398e-05,8.194e-05,0.0001,3,0.0,0.3624
ETHUSDT,2023-03-21,6.902333333333334e-05,4.611e-05,8.99e-05,3,0.0,0.3724
ETHUSDT,2023-03-22,3.984333333333333e-05,1.267e-05,5.54e-05,3,0.0,0.3841
ETHUSDT,2023-03-23,5.994333333333334e-05,1.123e-05,0.0001,3,0.0,0.376
ETHUSDT,2023-03-24,0.0001,0.0001,0.0001,3,0.0,0.36
ETHUSDT,2023-03-25,8.856666666666666e-06,-7.95e-06,1.992e-05,3,0.0476190476190476,0.406
ETHUSDT,2023-03-26,2.0696666666666664e-05,8.29e-06,4.383e-05,3,0.0476190476190476,0.4012
ETHUSDT,2023-03-27,3.596666666666667e-06,-3.85e-06,1.635e-05,3,0.1428571428571428,0.4271
ETHUSDT,2023-03-28,2.8576666666666664e-05,-1.478e-05,6.578e-05,3,0.1904761904761904,0.4267
ETHUSDT,2023-03-29,9.194666666666669e-05,7.584e-05,0.0001,3,0.1904761904761904,0.4013
ETHUSDT,2023-03-30,3.689e-05,2.86e-06,5.756e-05,3,0.1904761904761904,0.4233
ETHUSDT,2023-03-31,8.061666666666667e-05,6.982e-05,0.0001,3,0.1904761904761904,0.4058
ETHUSDT,2023-04-01,8.768666666666667e-05,6.306e-05,0.0001,3,0.1428571428571428,0.3935
ETHUSDT,2023-04-02,4.1693333333333336e-05,3.503e-05,5.018e-05,3,0.1428571428571428,0.4119
ETHUSDT,2023-04-03,-1.7896666666666664e-05,-2.938e-05,-4.71e-06,3,0.1904761904761904,0.4453
ETHUSDT,2023-04-04,6.532666666666667e-05,3.238e-05,0.0001,3,0.1428571428571428,0.4024
ETHUSDT,2023-04-05,8.951e-05,6.853e-05,0.0001,3,0.1428571428571428,0.3928
ETHUSDT,2023-04-06,3.826333333333333e-05,2.17e-06,6.251e-05,3,0.1428571428571428,0.4133
ETHUSDT,2023-04-07,4.273e-05,2.088e-05,7.093e-05,3,0.1428571428571428,0.4115
ETHUSDT,2023-04-08,2.327e-05,1.046e-05,3.725e-05,3,0.1428571428571428,0.4193
ETHUSDT,2023-04-09,6.6e-06,-1.908e-05,3.067e-05,3,0.1904761904761904,0.4355
ETHUSDT,2023-04-10,1.506666666666667e-06,-4.969e-05,3.359e-05,3,0.0952380952380952,0.4184
ETHUSDT,2023-04-11,6.004e-05,2.648e-05,8.648e-05,3,0.0952380952380952,0.395
ETHUSDT,2023-04-12,1.985e-05,1.041e-05,3.624e-05,3,0.0952380952380952,0.4111
ETHUSDT,2023-04-13,0.0001,0.0001,0.0001,3,0.0952380952380952,0.379
ETHUSDT,2023-04-14,0.0001,0.0001,0.0001,3,0.0952380952380952,0.379
ETHUSDT,2023-04-15,0.0001,0.0001,0.0001,3,0.0952380952380952,0.379
ETHUSDT,2023-04-16,0.0001,0.0001,0.0001,3,0.0476190476190476,0.3695
ETHUSDT,2023-04-17,0.0001,0.0001,0.0001,3,0.0,0.36
ETHUSDT,2023-04-18,0.0001,0.0001,0.0001,3,0.0,0.36
ETHUSDT,2023-04-19,6.328333333333333e-05,-1.015e-05,0.0001,3,0.0476190476190476,0.3842
ETHUSDT,2023-04-20,2.9066666666666664e-05,3.2e-07,6.419e-05,3,0.0476190476190476,0.3979
ETHUSDT,2023-04-21,8.003666666666666e-05,6.903e-05,8.62e-05,3,0.0476190476190476,0.3775
ETHUSDT,2023-04-22,2.5843333333333337e-05,-5.62e-06,5.467e-05,3,0.0952380952380952,0.4087
ETHUSDT,2023-04-23,-3.299999999999999e-06,-6.991e-05,4.969e-05,3,0.1428571428571428,0.4299
ETHUSDT,2023-04-24,5.1303333333333334e-05,1.238e-05,9.041e-05,3,0.1428571428571428,0.4081
ETHUSDT,2023-04-25,7.779e-05,6.892e-05,8.411e-05,3,0.1428571428571428,0.3975
ETHUSDT,2023-04-26,4.597666666666667e-05,1.253e-05,8.7e-05,3,0.0952380952380952,0.4007
ETHUSDT,2023-04-27,2.3516666666666665e-05,-2.203e-05,5.85e-05,3,0.1428571428571428,0.4192
ETHUSDT,2023-04-28,8.389999999999999e-05,8.037e-05,8.67e-05,3,0.1428571428571428,0.395
ETHUSDT,2023-04-29,5.517e-05,4.382e-05,7.125e-05,3,0.0952380952380952,0.397
ETHUSDT,2023-04-30,4.7936666666666665e-05,-2.13e-06,8.291e-05,3,0.0952380952380952,0.3999
ETHUSDT,2023-05-01,1.85e-06,-2.629e-05,2.338e-05,3,0.1428571428571428,0.4278
ETHUSDT,2023-05-02,6.872666666666666e-05,2.555e-05,9.917e-05,3,0.1428571428571428,0.4011
ETHUSDT,2023-05-03,8.690666666666667e-05,6.273e-05,0.0001,3,0.1428571428571428,0.3938
ETHUSDT,2023-05-04,9.966666666666669e-05,9.9e-05,0.0001,3,0.0952380952380952,0.3792
ETHUSDT,2023-05-05,6.411666666666666e-05,3.555e-05,0.0001,3,0.0952380952380952,0.3934
ETHUSDT,2023-05-06,6.898000000000001e-05,6.94e-06,0.0001,3,0.0952380952380952,0.3915
ETHUSDT,2023-05-07,2.8333333333333335e-05,1.519e-05,4.724e-05,3,0.0476190476190476,0.3982
ETHUSDT,2023-05-08,3.43e-05,1.131e-05,5.356e-05,3,0.0,0.3863
ETHUSDT,2023-05-09,8.281666666666667e-05,5.218e-05,0.0001,3,0.0,0.3669
ETHUSDT,2023-05-10,4.483e-05,2.199e-05,6.916e-05,3,0.0,0.3821
ETHUSDT,2023-05-11,2.4093333333333332e-05,-3.99e-06,5.429e-05,3,0.0476190476190476,0.3999
ETHUSDT,2023-05-12,4.5566666666666665e-06,-9.17e-06,1.83e-05,3,0.0952380952380952,0.4172
ETHUSDT,2023-05-13,2.027e-05,8.57e-06,2.858e-05,3,0.0952380952380952,0.4109
ETHUSDT,2023-05-14,2.9346666666666668e-05,-4.8e-06,5.487e-05,3,0.1428571428571428,0.4168
ETHUSDT,2023-05-15,-1.3773333333333334e-05,-1.988e-05,-2.95e-06,3,0.2857142857142857,0.4627
ETHUSDT,2023-05-16,1.9013333333333333e-05,-1.56e-05,6.009e-05,3,0.3333333333333333,0.4591
ETHUSDT,2023-05-17,3.738e-05,-1.53e-05,8.76e-05,3,0.3809523809523809,0.4612
ETHUSDT,2023-05-18,6.523333333333332e-05,5.135e-05,7.696e-05,3,0.3333333333333333,0.4406
ETHUSDT,2023-05-19,5.8593333333333334e-05,2.782e-05,0.0001,3,0.2857142857142857,0.4337
ETHUSDT,2023-05-20,2.8483333333333336e-05,-1.76e-06,7.933e-05,3,0.3333333333333333,0.4553
ETHUSDT,2023-05-21,2.186e-05,-1.59e-06,4.22e-05,3,0.3333333333333333,0.4579
ETHUSDT,2023-05-22,5.649666666666667e-05,2.428e-05,9.003e-05,3,0.1904761904761904,0.4155
ETHUSDT,2023-05-23,6.723e-05,2.79e-05,0.0001,3,0.1428571428571428,0.4017
ETHUSDT,2023-05-24,5.0003333333333336e-05,1.006e-05,9.078e-05,3,0.0952380952380952,0.399
ETHUSDT,2023-05-25,2.7340000000000003e-05,1.48e-06,6.605e-05,3,0.0952380952380952,0.4081
ETHUSDT,2023-05-26,6.789333333333333e-05,3.794e-05,0.0001,3,0.0952380952380952,0.3919
ETHUSDT,2023-05-27,2.5866666666666667e-05,-3.23e-05,6.425e-05,3,0.0952380952380952,0.4087
ETHUSDT,2023-05-28,4.250000000000001e-06,-1.086e-05,2.481e-05,3,0.1428571428571428,0.4269
ETHUSDT,2023-05-29,0.0001,0.0001,0.0001,3,0.1428571428571428,0.3886
ETHUSDT,2023-05-30,8.128666666666668e-05,4.386e-05,0.0001,3,0.1428571428571428,0.3961
ETHUSDT,2023-05-31,4.453e-05,5.35e-06,7.951e-05,3,0.1428571428571428,0.4108
ETHUSDT,2023-06-01,8.618666666666667e-05,6.731e-05,0.0001,3,0.1428571428571428,0.3941
ETHUSDT,2023-06-02,7.640666666666667e-05,4.67e-05,0.0001,3,0.1428571428571428,0.398
ETHUSDT,2023-06-03,6.269e-05,9.5e-06,0.0001,3,0.0952380952380952,0.394
ETHUSDT,2023-06-04,5.235e-05,2.827e-05,8.077e-05,3,0.0,0.3791
ETHUSDT,2023-06-05,3.369e-05,2.94e-06,7.505e-05,3,0.0,0.3865
ETHUSDT,2023-06-06,1.2946666666666664e-05,-4.896e-05,8.581e-05,3,0.0476190476190476,0.4043
ETHUSDT,2023-06-07,7.552666666666668e-05,2.658e-05,0.0001,3,0.0476190476190476,0.3793
ETHUSDT,2023-06-08,6.098666666666668e-05,5.971e-05,6.27e-05,3,0.0476190476190476,0.3851
ETHUSDT,2023-06-09,5.2136666666666665e-05,9.72e-06,7.382e-05,3,0.0476190476190476,0.3887
ETHUSDT,2023-06-10,4.403333333333333e-05,1.875e-05,6.01e-05,3,0.0476190476190476,0.3919
ETHUSDT,2023-06-11,3.4886666666666666e-05,1.783e-05,6.332e-05,3,0.0476190476190476,0.3956
ETHUSDT,2023-06-12,6.686000000000001e-05,2.839e-05,9.417e-05,3,0.0476190476190476,0.3828
ETHUSDT,2023-06-13,5.943e-05,4.944e-05,7.468e-05,3,0.0,0.3762
ETHUSDT,2023-06-14,4.483e-05,1.378e-05,9.312e-05,3,0.0,0.3821
ETHUSDT,2023-06-15,-4.224666666666666e-05,-8.236e-05,3.041e-05,3,0.0952380952380952,0.4359
ETHUSDT,2023-06-16,-4.832666666666667e-05,-8.034e-05,-1.294e-05,3,0.238095238095238,0.4669
ETHUSDT,2023-06-17,5.522e-05,-1.45e-06,0.0001,3,0.2857142857142857,0.4351
ETHUSDT,2023-06-18,1.2373333333333332e-05,-8.65e-06,5.296e-05,3,0.3809523809523809,0.4712
ETHUSDT,2023-06-19,3.9983333333333334e-05,2.962e-05,5.597e-05,3,0.3809523809523809,0.4602
ETHUSDT,2023-06-20,1.1806666666666663e-05,-2.167e-05,3.35e-05,3,0.4285714285714285,0.481
ETHUSDT,2023-06-21,3.5940000000000005e-05,-2.36e-06,0.0001,3,0.4761904761904761,0.4809
ETHUSDT,2023-06-22,0.0001,0.0001,0.0001,3,0.3809523809523809,0.4362
ETHUSDT,2023-06-23,8.096e-05,4.288e-05,0.0001,3,0.238095238095238,0.4152
ETHUSDT,2023-06-24,7.804666666666667e-05,3.414e-05,0.0001,3,0.1904761904761904,0.4069
ETHUSDT,2023-06-25,0.0001,0.0001,0.0001,3,0.0952380952380952,0.379
ETHUSDT,2023-06-26,8.063666666666667e-05,7.038e-05,0.0001,3,0.0952380952380952,0.3868
ETHUSDT,2023-06-27,3.966e-05,1.184e-05,6.237e-05,3,0.0476190476190476,0.3937
ETHUSDT,2023-06-28,5.358333333333333e-05,2.202e-05,0.0001,3,0.0,0.3786
ETHUSDT,2023-06-29,4.228333333333334e-05,1.188e-05,0.0001,3,0.0,0.3831
ETHUSDT,2023-06-30,7.988333333333333e-05,3.965e-05,0.0001,3,0.0,0.368
ETHUSDT,2023-07-01,0.0001,0.0001,0.0001,3,0.0,0.36
ETHUSDT,2023-07-02,0.0001,0.0001,0.0001,3,0.0,0.36
ETHUSDT,2023-07-03,0.0001,0.0001,0.0001,3,0.0,0.36
ETHUSDT,2023-07-04,0.0001,0.0001,0.0001,3,0.0,0.36
ETHUSDT,2023-07-05,0.0001,0.0001,0.0001,3,0.0,0.36
ETHUSDT,2023-07-06,7.592666666666667e-05,2.778e-05,0.0001,3,0.0,0.3696
ETHUSDT,2023-07-07,4.4653333333333335e-05,2.585e-05,7.449e-05,3,0.0,0.3821
ETHUSDT,2023-07-08,1.572666666666667e-05,-4.17e-06,3.796e-05,3,0.0476190476190476,0.4032
ETHUSDT,2023-07-09,3.0946666666666666e-05,2.878e-05,3.226e-05,3,0.0476190476190476,0.3971
ETHUSDT,2023-07-10,4.809666666666666e-05,2.726e-05,7.179e-05,3,0.0476190476190476,0.3903
ETHUSDT,2023-07-11,6.576333333333333e-05,2.549e-05,9.527e-05,3,0.0476190476190476,0.3832
ETHUSDT,2023-07-12,8.536666666666666e-05,7.32e-05,0.0001,3,0.0476190476190476,0.3754
ETHUSDT,2023-07-13,7.299999999999993e-07,-4.55e-05,5.591e-05,3,0.1428571428571428,0.4283
ETHUSDT,2023-07-14,0.0001,0.0001,0.0001,3,0.1428571428571428,0.3886
ETHUSDT,2023-07-15,5.590333333333334e-05,-1.31e-06,8.792e-05,3,0.1428571428571428,0.4062
ETHUSDT,2023-07-16,4.7846666666666664e-05,4.081e-05,5.641e-05,3,0.1428571428571428,0.4094
ETHUSDT,2023-07-17,3.0283333333333332e-05,2.313e-05,3.963e-05,3,0.1428571428571428,0.4165
ETHUSDT,2023-07-18,7.465333333333333e-05,6.696e-05,8.539e-05,3,0.1428571428571428,0.3987
ETHUSDT,2023-07-19,8.566333333333334e-05,6.538e-05,0.0001,3,0.1428571428571428,0.3943
ETHUSDT,2023-07-20,6.325333333333333e-05,-2.41e-06,0.0001,3,0.0952380952380952,0.3937
ETHUSDT,2023-07-21,3.215666666666667e-05,4.73e-06,7.376e-05,3,0.0952380952380952,0.4062
ETHUSDT,2023-07-22,2.3343333333333337e-05,-4.15e-06,5.769e-05,3,0.0952380952380952,0.4097
ETHUSDT,2023-07-23,3.464333333333333e-05,1.578e-05,5.404e-05,3,0.0952380952380952,0.4052
ETHUSDT,2023-07-24,5.695666666666666e-05,-8e-07,0.0001,3,0.1428571428571428,0.4058
ETHUSDT,2023-07-25,8.626333333333333e-05,7.49e-05,0.0001,3,0.1428571428571428,0.3941
ETHUSDT,2023-07-26,8.565999999999999e-05,6.753e-05,9.889e-05,3,0.1428571428571428,0.3943
ETHUSDT,2023-07-27,7.370666666666667e-05,3.967e-05,0.0001,3,0.0952380952380952,0.3896
ETHUSDT,2023-07-28,6.572666666666666e-05,4.95e-05,9.408e-05,3,0.0952380952380952,0.3928
ETHUSDT,2023-07-29,7.161666666666667e-05,1.485e-05,0.0001,3,0.0476190476190476,0.3809
ETHUSDT,2023-07-30,5.211666666666667e-05,1.949e-05,0.0001,3,0.0476190476190476,0.3887
ETHUSDT,2023-07-31,1.48e-05,4.9e-07,4.221e-05,3,0.0,0.3941
ETHUSDT,2023-08-01,7.012666666666668e-05,3.03e-05,0.0001,3,0.0,0.3719
ETHUSDT,2023-08-02,0.0001,0.0001,0.0001,3,0.0,0.36
ETHUSDT,2023-08-03,0.0001,0.0001,0.0001,3,0.0,0.36
ETHUSDT,2023-08-04,8.276666666666667e-05,4.83e-05,0.0001,3,0.0,0.3669
ETHUSDT,2023-08-05,8.693666666666666e-05,6.861e-05,0.0001,3,0.0,0.3652
ETHUSDT,2023-08-06,7.295e-05,4.934e-05,0.0001,3,0.0,0.3708
ETHUSDT,2023-08-07,9.777e-05,9.331e-05,0.0001,3,0.0,0.3609
ETHUSDT,2023-08-08,7.212333333333333e-05,4.942e-05,0.0001,3,0.0,0.3712
ETHUSDT,2023-08-09,6.091333333333333e-05,1.575e-05,0.0001,3,0.0,0.3756
ETHUSDT,2023-08-10,9.198333333333334e-05,8.799e-05,9.807e-05,3,0.0,0.3632
ETHUSDT,2023-08-11,2.8566666666666665e-05,7.02e-06,4.072e-05,3,0.0,0.3886
ETHUSDT,2023-08-12,5.852666666666666e-05,4.437e-05,6.868e-05,3,0.0,0.3766
ETHUSDT,2023-08-13,6.063666666666667e-05,3.083e-05,9.458e-05,3,0.0,0.3757
ETHUSDT,2023-08-14,9.960666666666666e-05,9.882e-05,0.0001,3,0.0,0.3602
ETHUSDT,2023-08-15,8.794e-05,7.579e-05,9.894e-05,3,0.0,0.3648
ETHUSDT,2023-08-16,8.924333333333333e-05,7.286e-05,0.0001,3,0.0,0.3643
ETHUSDT,2023-08-17,8.190666666666667e-05,7.146e-05,0.0001,3,0.0,0.3672
ETHUSDT,2023-08-18,-1.9816666666666663e-05,-0.00017498,8.602e-05,3,0.0476190476190476,0.4175
ETHUSDT,2023-08-19,-6.93e-05,-8.349e-05,-4.58e-05,3,0.1904761904761904,0.4658
ETHUSDT,2023-08-20,-7.387333333333334e-05,-0.00011445,-1.625e-05,3,0.3333333333333333,0.4962
ETHUSDT,2023-08-21,-2.594333333333333e-05,-4.365e-05,5.92e-06,3,0.4285714285714285,0.4961
ETHUSDT,2023-08-22,-2.2213333333333333e-05,-6.552e-05,3.645e-05,3,0.5238095238095238,0.5136
ETHUSDT,2023-08-23,-6.283333333333334e-06,-2.059e-05,3.34e-06,3,0.6190476190476191,0.5263
ETHUSDT,2023-08-24,-6.5e-07,-1.897e-05,2.659e-05,3,0.7142857142857143,0.5431
ETHUSDT,2023-08-25,-1.241e-05,-2.692e-05,4.98e-06,3,0.7619047619047619,0.5573
ETHUSDT,2023-08-26,-9.326666666666668e-06,-6.303e-05,3.56e-05,3,0.7142857142857143,0.5466
ETHUSDT,2023-08-27,1.5433333333333334e-05,3.99e-06,2.696e-05,3,0.5714285714285714,0.5081
ETHUSDT,2023-08-28,2.376666666666667e-06,-4.85e-05,5.739e-05,3,0.5714285714285714,0.5133
ETHUSDT,2023-08-29,-2.8153333333333337e-05,-0.0001273,3.145e-05,3,0.5238095238095238,0.516
ETHUSDT,2023-08-30,6.460333333333334e-05,4.644e-05,7.488e-05,3,0.4285714285714285,0.4599
ETHUSDT,2023-08-31,3.9859999999999994e-05,2.375e-05,5.955e-05,3,0.3333333333333333,0.4507
ETHUSDT,2023-09-01,1.3923333333333334e-05,-1.812e-05,3.532e-05,3,0.2857142857142857,0.4516
ETHUSDT,2023-09-02,-7.033333333333334e-07,-1.621e-05,8.05e-06,3,0.238095238095238,0.4479
ETHUSDT,2023-09-03,-5.686666666666665e-06,-2.475e-05,1.39e-05,3,0.3333333333333333,0.4689
ETHUSDT,2023-09-04,-2.282333333333334e-05,-7.752e-05,9.8e-06,3,0.3333333333333333,0.4758
ETHUSDT,2023-09-05,1.4643333333333334e-05,2.9e-06,3.126e-05,3,0.2857142857142857,0.4513
ETHUSDT,2023-09-06,1.8123333333333333e-05,-3.144e-05,5.701e-05,3,0.3333333333333333,0.4594
ETHUSDT,2023-09-07,5.562333333333333e-05,4.354e-05,7.831e-05,3,0.3333333333333333,0.4444
ETHUSDT,2023-09-08,3.592666666666667e-05,2.497e-05,5.596e-05,3,0.2857142857142857,0.4428
ETHUSDT,2023-09-09,4.1563333333333336e-05,2.832e-05,5.008e-05,3,0.238095238095238,0.431
ETHUSDT,2023-09-10,2.083e-05,7.75e-06,3.947e-05,3,0.1428571428571428,0.4202
ETHUSDT,2023-09-11,3.32e-05,-6.25e-06,5.747e-05,3,0.0952380952380952,0.4058
ETHUSDT,2023-09-12,-2.602e-05,-4.991e-05,-1.44e-06,3,0.238095238095238,0.458
ETHUSDT,2023-09-13,8.713333333333333e-06,-3.26e-05,3.87e-05,3,0.238095238095238,0.4441
ETHUSDT,2023-09-14,-3.4266666666666655e-06,-3.64e-05,3.172e-05,3,0.3333333333333333,0.468
ETHUSDT,2023-09-15,7.100000000000003e-06,-2.473e-05,3.877e-05,3,0.3809523809523809,0.4734
ETHUSDT,2023-09-16,3.718e-05,2.24e-06,0.0001,3,0.3809523809523809,0.4613
ETHUSDT,2023-09-17,1.8376666666666663e-05,-9.41e-06,4.182e-05,3,0.4285714285714285,0.4784
ETHUSDT,2023-09-18,1.654333333333333e-05,6.22e-06,2.976e-05,3,0.3809523809523809,0.4696
ETHUSDT,2023-09-19,-4.6433333333333335e-06,-1.298e-05,1.153e-05,3,0.3333333333333333,0.4685
ETHUSDT,2023-09-20,3.3033333333333334e-05,2.387e-05,4.614e-05,3,0.2857142857142857,0.4439
ETHUSDT,2023-09-21,3.6070000000000005e-05,-6.38e-06,7.655e-05,3,0.238095238095238,0.4332
ETHUSDT,2023-09-22,2.8763333333333333e-05,2.241e-05,3.523e-05,3,0.1904761904761904,0.4266
ETHUSDT,2023-09-23,2.7003333333333333e-05,2.321e-05,2.963e-05,3,0.1904761904761904,0.4273
ETHUSDT,2023-09-24,2.368e-05,-5.58e-06,4.671e-05,3,0.1904761904761904,0.4286
ETHUSDT,2023-09-25,4.097333333333333e-05,2.857e-05,5.13e-05,3,0.1904761904761904,0.4217
ETHUSDT,2023-09-26,4.5673333333333335e-05,1.558e-05,6.471e-05,3,0.0952380952380952,0.4008
ETHUSDT,2023-09-27,5.2163333333333336e-05,6.67e-06,0.0001,3,0.0952380952380952,0.3982
ETHUSDT,2023-09-28,2.4523333333333333e-05,8.17e-06,4.301e-05,3,0.0476190476190476,0.3997
ETHUSDT,2023-09-29,1.3493333333333332e-05,-3.93e-06,4.429e-05,3,0.0952380952380952,0.4137
ETHUSDT,2023-09-30,-1.1266666666666672e-06,-2.413e-05,1.168e-05,3,0.1428571428571428,0.429
ETHUSDT,2023-10-01,1.0483333333333332e-05,-1.276e-05,3.599e-05,3,0.1428571428571428,0.4244
ETHUSDT,2023-10-02,7.560000000000001e-05,6.308e-05,0.0001,3,0.1428571428571428,0.3983
ETHUSDT,2023-10-03,2.9513333333333338e-05,3.9e-07,7.087e-05,3,0.1428571428571428,0.4168
ETHUSDT,2023-10-04,2.6586666666666664e-05,7.38e-06,4.62e-05,3,0.1428571428571428,0.4179
ETHUSDT,2023-10-05,2.274e-05,2.065e-05,2.685e-05,3,0.1428571428571428,0.4195
ETHUSDT,2023-10-06,8.126e-05,5.905e-05,0.0001,3,0.0952380952380952,0.3865
ETHUSDT,2023-10-07,5.273e-05,3.615e-05,8.468e-05,3,0.0476190476190476,0.3884
ETHUSDT,2023-10-08,9.361666666666667e-05,9.048e-05,9.791e-05,3,0.0,0.3626
ETHUSDT,2023-10-09,6.835666666666668e-05,3.935e-05,0.0001,3,0.0,0.3727
ETHUSDT,2023-10-10,6.878666666666667e-05,5.511e-05,8.857e-05,3,0.0,0.3725
ETHUSDT,2023-10-11,4.1246666666666666e-05,2.257e-05,5.392e-05,3,0.0,0.3835
ETHUSDT,2023-10-12,4.6093333333333335e-05,2.69e-05,7.112e-05,3,0.0,0.3816
ETHUSDT,2023-10-13,3.2863333333333334e-05,2.693e-05,3.69e-05,3,0.0,0.3869
ETHUSDT,2023-10-14,3.608666666666667e-05,1.068e-05,6.65e-05,3,0.0,0.3856
ETHUSDT,2023-10-15,4.799333333333333e-05,2.062e-05,7.083e-05,3,0.0,0.3808
ETHUSDT,2023-10-16,5.995e-05,4.393e-05,8.412e-05,3,0.0,0.376
ETHUSDT,2023-10-17,3.752e-05,1.957e-05,6.742e-05,3,0.0,0.385
ETHUSDT,2023-10-18,4.609000000000001e-05,1.385e-05,6.495e-05,3,0.0,0.3816
ETHUSDT,2023-10-19,4.3603333333333337e-05,2.988e-05,5.842e-05,3,0.0,0.3826
ETHUSDT,2023-10-20,5.617333333333334e-05,3.868e-05,7.072e-05,3,0.0,0.3775
ETHUSDT,2023-10-21,3.4693333333333335e-05,1.735e-05,4.902e-05,3,0.0,0.3861
ETHUSDT,2023-10-22,3.602e-05,6.03e-06,7.554e-05,3,0.0,0.3856
ETHUSDT,2023-10-23,4.246e-05,1.593e-05,9.262e-05,3,0.0,0.383
ETHUSDT,2023-10-24,0.0001,0.0001,0.0001,3,0.0,0.36
ETHUSDT,2023-10-25,0.0001,0.0001,0.0001,3,0.0,0.36
ETHUSDT,2023-10-26,0.0001,0.0001,0.0001,3,0.0,0.36
ETHUSDT,2023-10-27,0.0001,0.0001,0.0001,3,0.0,0.36
ETHUSDT,2023-10-28,0.0001,0.0001,0.0001,3,0.0,0.36
ETHUSDT,2023-10-29,0.0001,0.0001,0.0001,3,0.0,0.36
ETHUSDT,2023-10-30,0.0001,0.0001,0.0001,3,0.0,0.36
ETHUSDT,2023-10-31,0.0001,0.0001,0.0001,3,0.0,0.36
ETHUSDT,2023-11-01,0.0001,0.0001,0.0001,3,0.0,0.36
ETHUSDT,2023-11-02,0.00019114,0.0001,0.00026784,3,0.0,0.3235
ETHUSDT,2023-11-03,0.0001,0.0001,0.0001,3,0.0,0.36
ETHUSDT,2023-11-04,0.0001,0.0001,0.0001,3,0.0,0.36
ETHUSDT,2023-11-05,0.0001,0.0001,0.0001,3,0.0,0.36
ETHUSDT,2023-11-06,0.0001,0.0001,0.0001,3,0.0,0.36
ETHUSDT,2023-11-07,0.0001,0.0001,0.0001,3,0.0,0.36
ETHUSDT,2023-11-08,0.0001,0.0001,0.0001,3,0.0,0.36
ETHUSDT,2023-11-09,0.00030377,0.0001,0.00071131,3,0.0,0.2785
ETHUSDT,2023-11-10,0.0002720433333333,0.00012656,0.00041432,3,0.0,0.2912
ETHUSDT,2023-11-11,0.0001814133333333,0.00013371,0.00027449,3,0.0,0.3274
ETHUSDT,2023-11-12,0.0001687466666666,0.0001,0.00024299,3,0.0,0.3325
ETHUSDT,2023-11-13,0.0002620333333333,0.00022787,0.0003299,3,0.0,0.2952
ETHUSDT,2023-11-14,0.0001415033333333,0.0001,0.00018828,3,0.0,0.3434
ETHUSDT,2023-11-15,0.0001,0.0001,0.0001,3,0.0,0.36
ETHUSDT,2023-11-16,0.0001,0.0001,0.0001,3,0.0,0.36
ETHUSDT,2023-11-17,0.0001,0.0001,0.0001,3,0.0,0.36
ETHUSDT,2023-11-18,0.0001,0.0001,0.0001,3,0.0,0.36
ETHUSDT,2023-11-19,0.0001,0.0001,0.0001,3,0.0,0.36
ETHUSDT,2023-11-20,0.0001,0.0001,0.0001,3,0.0,0.36
ETHUSDT,2023-11-21,0.0001,0.0001,0.0001,3,0.0,0.36
ETHUSDT,2023-11-22,0.0001,0.0001,0.0001,3,0.0,0.36
ETHUSDT,2023-11-23,0.0001,0.0001,0.0001,3,0.0,0.36
ETHUSDT,2023-11-24,0.0001,0.0001,0.0001,3,0.0,0.36
ETHUSDT,2023-11-25,0.0001,0.0001,0.0001,3,0.0,0.36
ETHUSDT,2023-11-26,0.0001,0.0001,0.0001,3,0.0,0.36
ETHUSDT,2023-11-27,0.0001,0.0001,0.0001,3,0.0,0.36
ETHUSDT,2023-11-28,0.0001,0.0001,0.0001,3,0.0,0.36
ETHUSDT,2023-11-29,0.0001,0.0001,0.0001,3,0.0,0.36
ETHUSDT,2023-11-30,0.0001,0.0001,0.0001,3,0.0,0.36
ETHUSDT,2023-12-01,0.0001,0.0001,0.0001,3,0.0,0.36
ETHUSDT,2023-12-02,0.0001,0.0001,0.0001,3,0.0,0.36
ETHUSDT,2023-12-03,0.0001,0.0001,0.0001,3,0.0,0.36
ETHUSDT,2023-12-04,0.0001,0.0001,0.0001,3,0.0,0.36
ETHUSDT,2023-12-05,0.0001,0.0001,0.0001,3,0.0,0.36
ETHUSDT,2023-12-06,0.0001,0.0001,0.0001,3,0.0,0.36
ETHUSDT,2023-12-07,0.0001,0.0001,0.0001,3,0.0,0.36
ETHUSDT,2023-12-08,0.0001516966666666,0.00010417,0.00022693,3,0.0,0.3393
ETHUSDT,2023-12-09,0.0002910199999999,0.00022528,0.00033485,3,0.0,0.2836
ETHUSDT,2023-12-10,0.0001848133333333,0.00015944,0.00022842,3,0.0,0.3261
ETHUSDT,2023-12-11,0.00014704,0.0001,0.00024112,3,0.0,0.3412
ETHUSDT,2023-12-12,0.0001,0.0001,0.0001,3,0.0,0.36
ETHUSDT,2023-12-13,0.0001281733333333,0.00010581,0.00015058,3,0.0,0.3487
ETHUSDT,2023-12-14,0.0001,0.0001,0.0001,3,0.0,0.36
ETHUSDT,2023-12-15,0.0001013966666666,0.0001,0.00010419,3,0.0,0.3594
ETHUSDT,2023-12-16,0.0001,0.0001,0.0001,3,0.0,0.36
ETHUSDT,2023-12-17,0.0001046733333333,0.0001,0.00011402,3,0.0,0.3581
ETHUSDT,2023-12-18,0.0001169433333333,0.0001,0.00015083,3,0.0,0.3532
ETHUSDT,2023-12-19,0.0001,0.0001,0.0001,3,0.0,0.36
ETHUSDT,2023-12-20,0.0001438466666666,0.0001,0.00023154,3,0.0,0.3425
ETHUSDT,2023-12-21,0.0003159566666666,0.00026163,0.00042074,3,0.0,0.2736
ETHUSDT,2023-12-22,0.0004621133333333,0.00043341,0.00051141,3,0.0,0.2152
ETHUSDT,2023-12-23,0.00016357,0.00012586,0.0001854,3,0.0,0.3346
ETHUSDT,2023-12-24,0.0001831466666666,0.00013318,0.00021857,3,0.0,0.3267
ETHUSDT,2023-12-25,0.0002639533333333,0.00013827,0.0004388,3,0.0,0.2944
ETHUSDT,2023-12-26,0.0003881333333333,0.00029501,0.00050051,3,0.0,0.2447
ETHUSDT,2023-12-27,0.00040519,0.0003153,0.00049072,3,0.0,0.2379
ETHUSDT,2023-12-28,0.0004475333333333,0.00027263,0.00057135,3,0.0,0.221
ETHUSDT,2023-12-29,0.0004704333333333,0.00044508,0.00049499,3,0.0,0.2118
ETHUSDT,2023-12-30,0.0002840366666666,0.00026513,0.00031443,3,0.0,0.2864
ETHUSDT,2023-12-31,0.00027053,0.00021714,0.00031621,3,0.0,0.2918
ETHUSDT,2024-01-01,0.0003398833333333,0.00027858,0.00043011,3,0.0,0.264
ETHUSDT,2024-01-02,0.00056182,0.0005124,0.00063801,3,0.0,0.1753
ETHUSDT,2024-01-03,0.00020974,0.0001,0.00028538,3,0.0,0.3161
ETHUSDT,2024-01-04,0.0001,0.0001,0.0001,3,0.0,0.36
ETHUSDT,2024-01-05,0.0001,0.0001,0.0001,3,0.0,0.36
ETHUSDT,2024-01-06,0.0001,0.0001,0.0001,3,0.0,0.36
ETHUSDT,2024-01-07,0.0001,0.0001,0.0001,3,0.0,0.36
ETHUSDT,2024-01-08,0.0001,0.0001,0.0001,3,0.0,0.36
ETHUSDT,2024-01-09,0.0001,0.0001,0.0001,3,0.0,0.36
ETHUSDT,2024-01-10,0.0001,0.0001,0.0001,3,0.0,0.36
ETHUSDT,2024-01-11,0.0001,0.0001,0.0001,3,0.0,0.36
ETHUSDT,2024-01-12,0.0001,0.0001,0.0001,3,0.0,0.36
ETHUSDT,2024-01-13,0.0001,0.0001,0.0001,3,0.0,0.36
ETHUSDT,2024-01-14,0.0001,0.0001,0.0001,3,0.0,0.36
ETHUSDT,2024-01-15,0.0001,0.0001,0.0001,3,0.0,0.36
ETHUSDT,2024-01-16,0.0001,0.0001,0.0001,3,0.0,0.36
ETHUSDT,2024-01-17,0.0001,0.0001,0.0001,3,0.0,0.36
ETHUSDT,2024-01-18,0.0001,0.0001,0.0001,3,0.0,0.36
ETHUSDT,2024-01-19,0.0001,0.0001,0.0001,3,0.0,0.36
ETHUSDT,2024-01-20,0.0001,0.0001,0.0001,3,0.0,0.36
ETHUSDT,2024-01-21,0.0001,0.0001,0.0001,3,0.0,0.36
ETHUSDT,2024-01-22,0.0001,0.0001,0.0001,3,0.0,0.36
ETHUSDT,2024-01-23,0.0001,0.0001,0.0001,3,0.0,0.36
ETHUSDT,2024-01-24,0.0001,0.0001,0.0001,3,0.0,0.36
ETHUSDT,2024-01-25,0.0001,0.0001,0.0001,3,0.0,0.36
ETHUSDT,2024-01-26,0.0001,0.0001,0.0001,3,0.0,0.36
ETHUSDT,2024-01-27,8.959e-05,6.877e-05,0.0001,3,0.0,0.3642
ETHUSDT,2024-01-28,6.986e-05,6.135e-05,8.266e-05,3,0.0,0.3721
ETHUSDT,2024-01-29,0.0001,0.0001,0.0001,3,0.0,0.36
ETHUSDT,2024-01-30,8.731666666666667e-05,6.195e-05,0.0001,3,0.0,0.3651
ETHUSDT,2024-01-31,0.0001,0.0001,0.0001,3,0.0,0.36
ETHUSDT,2024-02-01,7.799333333333333e-05,5.527e-05,0.0001,3,0.0,0.3688
ETHUSDT,2024-02-02,7.892666666666668e-05,3.678e-05,0.0001,3,0.0,0.3684
ETHUSDT,2024-02-03,7.541999999999999e-05,4.476e-05,0.0001,3,0.0,0.3698
ETHUSDT,2024-02-04,7.424666666666666e-05,3.18e-05,0.0001,3,0.0,0.3703
ETHUSDT,2024-02-05,0.0001,0.0001,0.0001,3,0.0,0.36
ETHUSDT,2024-02-06,8.563666666666667e-05,5.691e-05,0.0001,3,0.0,0.3657
ETHUSDT,2024-02-07,5.617e-05,4.309e-05,7.659e-05,3,0.0,0.3775
ETHUSDT,2024-02-08,9.108333333333332e-05,7.523e-05,0.0001,3,0.0,0.3636
ETHUSDT,2024-02-09,9.250666666666668e-05,7.752e-05,0.0001,3,0.0,0.363
ETHUSDT,2024-02-10,9.149333333333332e-05,7.838e-05,9.995e-05,3,0.0,0.3634
ETHUSDT,2024-02-11,8.264e-05,4.792e-05,0.0001,3,0.0,0.3669
ETHUSDT,2024-02-12,8.349000000000002e-05,5.076e-05,0.0001,3,0.0,0.3666
ETHUSDT,2024-02-13,0.0001,0.0001,0.0001,3,0.0,0.36
ETHUSDT,2024-02-14,0.0001102733333333,0.0001,0.00013082,3,0.0,0.3559
ETHUSDT,2024-02-15,0.00012516,0.0001,0.00015412,3,0.0,0.3499
ETHUSDT,2024-02-16,0.0001090733333333,0.0001,0.00011597,3,0.0,0.3564
ETHUSDT,2024-02-17,0.00011173,0.0001,0.00013519,3,0.0,0.3553
ETHUSDT,2024-02-18,0.0001037999999999,0.0001,0.0001114,3,0.0,0.3585
ETHUSDT,2024-02-19,0.0001,0.0001,0.0001,3,0.0,0.36
ETHUSDT,2024-02-20,0.0002064366666666,0.0001,0.000265,3,0.0,0.3174
ETHUSDT,2024-02-21,0.0001404033333333,0.0001,0.00020319,3,0.0,0.3438
ETHUSDT,2024-02-22,0.0001,0.0001,0.0001,3,0.0,0.36
ETHUSDT,2024-02-23,0.0001,0.0001,0.0001,3,0.0,0.36
ETHUSDT,2024-02-24,0.0001,0.0001,0.0001,3,0.0,0.36
ETHUSDT,2024-02-25,0.0001898866666666,0.0001,0.00025856,3,0.0,0.324
ETHUSDT,2024-02-26,0.00032642,0.00018258,0.00059496,3,0.0,0.2694
ETHUSDT,2024-02-27,0.0004165933333333,0.00028561,0.00066751,3,0.0,0.2334
ETHUSDT,2024-02-28,0.0003638266666666,0.00032021,0.00043581,3,0.0,0.2545
ETHUSDT,2024-02-29,0.0007056066666666,0.00062574,0.00075727,3,0.0,0.1178
ETHUSDT,2024-03-01,0.00048194,0.00039096,0.0005304,3,0.0,0.2072
ETHUSDT,2024-03-02,0.00053896,0.00048856,0.00057488,3,0.0,0.1844
ETHUSDT,2024-03-03,0.0003826466666666,0.00037021,0.00039105,3,0.0,0.2469
ETHUSDT,2024-03-04,0.0004032133333333,0.00028996,0.00050061,3,0.0,0.2387
ETHUSDT,2024-03-05,0.00074303,0.00038776,0.00101724,3,0.0,0.1028
ETHUSDT,2024-03-06,0.00033151,0.0002058,0.00040511,3,0.0,0.2674
ETHUSDT,2024-03-07,0.0003969533333333,0.00035699,0.00044218,3,0.0,0.2412
ETHUSDT,2024-03-08,0.00049913,0.00042931,0.00057985,3,0.0,0.2003
ETHUSDT,2024-03-09,0.0003507633333333,0.00033201,0.0003653,3,0.0,0.2597
ETHUSDT,2024-03-10,0.0003796033333333,0.00029818,0.00049375,3,0.0,0.2482
ETHUSDT,2024-03-11,0.00053633,0.00029368,0.00067235,3,0.0,0.1855
ETHUSDT,2024-03-12,0.00051318,0.00037542,0.00068106,3,0.0,0.1947
ETHUSDT,2024-03-13,0.0005044866666666,0.00044242,0.00060121,3,0.0,0.1982
ETHUSDT,2024-03-14,0.0004219233333333,0.00035217,0.00050365,3,0.0,0.2312
ETHUSDT,2024-03-15,0.00032333,0.00023171,0.00040271,3,0.0,0.2707
ETHUSDT,2024-03-16,0.0002508666666666,0.00018856,0.00028914,3,0.0,0.2997
ETHUSDT,2024-03-17,0.00018532,0.00011824,0.00030376,3,0.0,0.3259
ETHUSDT,2024-03-18,0.00024435,0.00017304,0.00029608,3,0.0,0.3023
ETHUSDT,2024-03-19,0.0002164266666666,0.00013469,0.00028148,3,0.0,0.3134
ETHUSDT,2024-03-20,0.00012032,0.0001,0.00016096,3,0.0,0.3519
ETHUSDT,2024-03-21,0.00017007,0.00013771,0.00019507,3,0.0,0.332
ETHUSDT,2024-03-22,0.00020728,0.00016092,0.00023317,3,0.0,0.3171
ETHUSDT,2024-03-23,0.0001230566666666,0.00010552,0.00013906,3,0.0,0.3508
ETHUSDT,2024-03-24,0.0001594833333333,0.00012767,0.00017907,3,0.0,0.3362
ETHUSDT,2024-03-25,0.0001806966666666,0.00011009,0.00022958,3,0.0,0.3277
ETHUSDT,2024-03-26,0.0002775666666666,0.00018,0.00039028,3,0.0,0.289
ETHUSDT,2024-03-27,0.0002721133333333,0.00021635,0.00035332,3,0.0,0.2912
ETHUSDT,2024-03-28,0.0003716766666666,0.00035672,0.00038952,3,0.0,0.2513
ETHUSDT,2024-03-29,0.0003392533333333,0.00030332,0.00037327,3,0.0,0.2643
ETHUSDT,2024-03-30,0.0003141533333333,0.00024188,0.00045204,3,0.0,0.2743
ETHUSDT,2024-03-31,0.0005003966666666,0.00026461,0.00065366,3,0.0,0.1998
ETHUSDT,2024-04-01,0.0003868966666666,0.00019362,0.00060909,3,0.0,0.2452
ETHUSDT,2024-04-02,0.0001255866666666,0.0001,0.00015034,3,0.0,0.3498
ETHUSDT,2024-04-03,0.0001,0.0001,0.0001,3,0.0,0.36
ETHUSDT,2024-04-04,0.0001,0.0001,0.0001,3,0.0,0.36
ETHUSDT,2024-04-05,0.0001,0.0001,0.0001,3,0.0,0.36
ETHUSDT,2024-04-06,0.00012244,0.0001,0.00016732,3,0.0,0.351
ETHUSDT,2024-04-07,0.0001,0.0001,0.0001,3,0.0,0.36
ETHUSDT,2024-04-08,0.0001729866666666,0.0001,0.00031896,3,0.0,0.3308
ETHUSDT,2024-04-09,0.00016743,0.00010159,0.00024848,3,0.0,0.333
ETHUSDT,2024-04-10,0.00015783,0.00013253,0.00018733,3,0.0,0.3369
ETHUSDT,2024-04-11,0.0001182766666666,0.0001,0.00015483,3,0.0,0.3527
ETHUSDT,2024-04-12,0.0001,0.0001,0.0001,3,0.0,0.36
ETHUSDT,2024-04-13,0.0001,0.0001,0.0001,3,0.0,0.36
ETHUSDT,2024-04-14,0.0001,0.0001,0.0001,3,0.0,0.36
ETHUSDT,2024-04-15,8.097666666666667e-05,5.422e-05,0.0001,3,0.0,0.3676
ETHUSDT,2024-04-16,7.407e-05,5.787e-05,8.536e-05,3,0.0,0.3704
ETHUSDT,2024-04-17,3.6026666666666665e-05,4.92e-06,9.805e-05,3,0.0,0.3856
ETHUSDT,2024-04-18,4.036e-05,2.246e-05,6.353e-05,3,0.0,0.3839
ETHUSDT,2024-04-19,5.964333333333333e-05,3.973e-05,8.503e-05,3,0.0,0.3761
ETHUSDT,2024-04-20,5.833333333333333e-05,2.386e-05,0.0001,3,0.0,0.3767
ETHUSDT,2024-04-21,3.109e-05,-6.27e-06,5.559e-05,3,0.0476190476190476,0.3971
ETHUSDT,2024-04-22,2.117e-05,-1.974e-05,4.908e-05,3,0.0952380952380952,0.4106
ETHUSDT,2024-04-23,2.9333333333333333e-05,6.74e-06,6.979e-05,3,0.0952380952380952,0.4073
ETHUSDT,2024-04-24,3.818e-05,1.937e-05,4.804e-05,3,0.0952380952380952,0.4038
ETHUSDT,2024-04-25,4.057333333333333e-05,4.66e-06,0.0001,3,0.0952380952380952,0.4028
ETHUSDT,2024-04-26,3.353333333333333e-05,1.631e-05,4.582e-05,3,0.0952380952380952,0.4056
ETHUSDT,2024-04-27,6.460333333333333e-05,2.355e-05,0.0001,3,0.0952380952380952,0.3932
ETHUSDT,2024-04-28,8.631333333333333e-05,8.272e-05,9.322e-05,3,0.0476190476190476,0.375
ETHUSDT,2024-04-29,8.265666666666667e-05,5.981e-05,0.0001,3,0.0,0.3669
ETHUSDT,2024-04-30,6.264666666666666e-05,3.887e-05,7.518e-05,3,0.0,0.3749
ETHUSDT,2024-05-01,4.7006666666666665e-05,1.865e-05,7.347e-05,3,0.0,0.3812
ETHUSDT,2024-05-02,5.750000000000001e-05,-8.6e-07,9.579e-05,3,0.0476190476190476,0.3865
ETHUSDT,2024-05-03,3.2193333333333336e-05,2.157e-05,4.044e-05,3,0.0476190476190476,0.3966
ETHUSDT,2024-05-04,6.585333333333333e-05,4.29e-05,8.465e-05,3,0.0476190476190476,0.3832
ETHUSDT,2024-05-05,7.939999999999999e-05,5.578e-05,9.394e-05,3,0.0476190476190476,0.3778
ETHUSDT,2024-05-06,8.198e-05,5.569e-05,0.0001,3,0.0476190476190476,0.3767
ETHUSDT,2024-05-07,6.116e-05,4.028e-05,7.342e-05,3,0.0476190476190476,0.3851
ETHUSDT,2024-05-08,8.333333333333333e-05,7.236e-05,0.0001,3,0.0476190476190476,0.3762
ETHUSDT,2024-05-09,0.0001,0.0001,0.0001,3,0.0,0.36
ETHUSDT,2024-05-10,8.059e-05,5.137e-05,0.0001,3,0.0,0.3678
ETHUSDT,2024-05-11,7.594999999999999e-05,6.69e-05,8.517e-05,3,0.0,0.3696
ETHUSDT,2024-05-12,7.180999999999999e-05,6.269e-05,8.01e-05,3,0.0,0.3713
ETHUSDT,2024-05-13,8.609666666666667e-05,5.829e-05,0.0001,3,0.0,0.3656
ETHUSDT,2024-05-14,9.088e-05,8.14e-05,0.0001,3,0.0,0.3636
ETHUSDT,2024-05-15,9.111e-05,8.171e-05,0.0001,3,0.0,0.3636
ETHUSDT,2024-05-16,7.284666666666667e-05,5.401e-05,0.0001,3,0.0,0.3709
ETHUSDT,2024-05-17,6.062666666666666e-05,4.333e-05,8.531e-05,3,0.0,0.3757
ETHUSDT,2024-05-18,6.253e-05,3.431e-05,7.815e-05,3,0.0,0.375
ETHUSDT,2024-05-19,6.554666666666667e-05,3.451e-05,8.825e-05,3,0.0,0.3738
ETHUSDT,2024-05-20,5.410333333333333e-05,1.916e-05,9.672e-05,3,0.0,0.3784
ETHUSDT,2024-05-21,0.0001313466666666,0.0001,0.00019404,3,0.0,0.3475
ETHUSDT,2024-05-22,0.00012547,0.0001,0.00015189,3,0.0,0.3498
ETHUSDT,2024-05-23,0.0001,0.0001,0.0001,3,0.0,0.36
ETHUSDT,2024-05-24,0.0001,0.0001,0.0001,3,0.0,0.36
ETHUSDT,2024-05-25,0.0001,0.0001,0.0001,3,0.0,0.36
ETHUSDT,2024-05-26,0.0001,0.0001,0.0001,3,0.0,0.36
ETHUSDT,2024-05-27,0.0001,0.0001,0.0001,3,0.0,0.36
ETHUSDT,2024-05-28,0.0001073,0.0001,0.0001219,3,0.0,0.3571
ETHUSDT,2024-05-29,0.0001506166666666,0.0001,0.000177,3,0.0,0.3398
ETHUSDT,2024-05-30,0.0001942166666666,0.00014202,0.00025357,3,0.0,0.3223
ETHUSDT,2024-05-31,0.0001103733333333,0.0001,0.00012319,3,0.0,0.3559
ETHUSDT,2024-06-01,0.00013899,0.00011557,0.00017131,3,0.0,0.3444
ETHUSDT,2024-06-02,0.0001189833333333,0.0001,0.00015695,3,0.0,0.3524
ETHUSDT,2024-06-03,0.0001377333333333,0.00012702,0.00015803,3,0.0,0.3449
ETHUSDT,2024-06-04,0.0001026666666666,0.0001,0.000108,3,0.0,0.3589
ETHUSDT,2024-06-05,0.0001254266666666,0.0001,0.00016969,3,0.0,0.3498
ETHUSDT,2024-06-06,0.0001825933333333,0.00014989,0.00020328,3,0.0,0.327
ETHUSDT,2024-06-07,0.00015454,0.00013228,0.00017029,3,0.0,0.3382
ETHUSDT,2024-06-08,0.0001,0.0001,0.0001,3,0.0,0.36
ETHUSDT,2024-06-09,0.0001,0.0001,0.0001,3,0.0,0.36
ETHUSDT,2024-06-10,0.0001,0.0001,0.0001,3,0.0,0.36
ETHUSDT,2024-06-11,0.0001,0.0001,0.0001,3,0.0,0.36
ETHUSDT,2024-06-12,0.0001,0.0001,0.0001,3,0.0,0.36
ETHUSDT,2024-06-13,0.0001,0.0001,0.0001,3,0.0,0.36
ETHUSDT,2024-06-14,0.0001,0.0001,0.0001,3,0.0,0.36
ETHUSDT,2024-06-15,0.0001,0.0001,0.0001,3,0.0,0.36
ETHUSDT,2024-06-16,0.0001,0.0001,0.0001,3,0.0,0.36
ETHUSDT,2024-06-17,9.712333333333332e-05,9.137e-05,0.0001,3,0.0,0.3612
ETHUSDT,2024-06-18,6.898666666666667e-05,6.211e-05,7.836e-05,3,0.0,0.3724
ETHUSDT,2024-06-19,8.707333333333333e-05,6.122e-05,0.0001,3,0.0,0.3652
ETHUSDT,2024-06-20,6.519e-05,3.148e-05,0.0001,3,0.0,0.3739
ETHUSDT,2024-06-21,4.283e-05,7.46e-06,0.0001,3,0.0,0.3829
ETHUSDT,2024-06-22,4.771666666666666e-05,3.914e-05,5.837e-05,3,0.0,0.3809
ETHUSDT,2024-06-23,4.965000000000001e-05,3.591e-05,6.71e-05,3,0.0,0.3801
ETHUSDT,2024-06-24,8.360666666666667e-05,7.41e-05,0.0001,3,0.0,0.3666
ETHUSDT,2024-06-25,0.0001,0.0001,0.0001,3,0.0,0.36
ETHUSDT,2024-06-26,0.0001,0.0001,0.0001,3,0.0,0.36
ETHUSDT,2024-06-27,0.0001,0.0001,0.0001,3,0.0,0.36
ETHUSDT,2024-06-28,0.0001,0.0001,0.0001,3,0.0,0.36
ETHUSDT,2024-06-29,0.0001,0.0001,0.0001,3,0.0,0.36
ETHUSDT,2024-06-30,0.0001,0.0001,0.0001,3,0.0,0.36
ETHUSDT,2024-07-01,0.0001,0.0001,0.0001,3,0.0,0.36
ETHUSDT,2024-07-02,0.0001,0.0001,0.0001,3,0.0,0.36
ETHUSDT,2024-07-03,0.0001,0.0001,0.0001,3,0.0,0.36
ETHUSDT,2024-07-04,0.0001,0.0001,0.0001,3,0.0,0.36
ETHUSDT,2024-07-05,8.157666666666667e-05,4.923e-05,0.0001,3,0.0,0.3674
ETHUSDT,2024-07-06,7.150333333333333e-05,5.847e-05,9.007e-05,3,0.0,0.3714
ETHUSDT,2024-07-07,6.0893333333333335e-05,3.941e-05,8.938e-05,3,0.0,0.3756
ETHUSDT,2024-07-08,7.593333333333334e-05,3.423e-05,0.0001,3,0.0,0.3696
ETHUSDT,2024-07-09,4.837666666666666e-05,1.078e-05,7.754e-05,3,0.0,0.3806
ETHUSDT,2024-07-10,5.153e-05,1.713e-05,0.0001,3,0.0,0.3794
ETHUSDT,2024-07-11,6.180333333333334e-05,4.282e-05,8.656e-05,3,0.0,0.3753
ETHUSDT,2024-07-12,7.294666666666666e-05,4.73e-05,0.0001,3,0.0,0.3708
ETHUSDT,2024-07-13,9.194666666666669e-05,7.584e-05,0.0001,3,0.0,0.3632
ETHUSDT,2024-07-14,6.515333333333334e-05,3.194e-05,0.0001,3,0.0,0.3739
ETHUSDT,2024-07-15,6.128666666666666e-05,4.043e-05,9.653e-05,3,0.0,0.3755
ETHUSDT,2024-07-16,6.279e-05,2.643e-05,9.799e-05,3,0.0,0.3749
ETHUSDT,2024-07-17,6.667e-05,5.824e-05,8.064e-05,3,0.0,0.3733
ETHUSDT,2024-07-18,6.654666666666666e-05,3.237e-05,0.0001,3,0.0,0.3734
ETHUSDT,2024-07-19,7.513333333333333e-05,4.387e-05,0.0001,3,0.0,0.3699
ETHUSDT,2024-07-20,5.437333333333333e-05,2.468e-05,8.573e-05,3,0.0,0.3783
ETHUSDT,2024-07-21,6.081666666666667e-05,1.524e-05,0.0001,3,0.0,0.3757
ETHUSDT,2024-07-22,6.812e-05,2.82e-05,9.867e-05,3,0.0,0.3728
ETHUSDT,2024-07-23,8.935000000000002e-05,7.792e-05,0.0001,3,0.0,0.3643
ETHUSDT,2024-07-24,7.655666666666667e-05,6.706e-05,8.396e-05,3,0.0,0.3694
ETHUSDT,2024-07-25,4.4613333333333335e-05,2.04e-06,9.46e-05,3,0.0,0.3822
ETHUSDT,2024-07-26,4.033333333333333e-05,3.903e-05,4.196e-05,3,0.0,0.3839
ETHUSDT,2024-07-27,4.0839999999999995e-05,1.78e-05,7.422e-05,3,0.0,0.3837
ETHUSDT,2024-07-28,0.0001,0.0001,0.0001,3,0.0,0.36
ETHUSDT,2024-07-29,9.391333333333331e-05,8.174e-05,0.0001,3,0.0,0.3624
ETHUSDT,2024-07-30,0.0001,0.0001,0.0001,3,0.0,0.36
ETHUSDT,2024-07-31,0.0001,0.0001,0.0001,3,0.0,0.36
ETHUSDT,2024-08-01,8.657666666666667e-05,5.973e-05,0.0001,3,0.0,0.3654
ETHUSDT,2024-08-02,6.399e-05,3.785e-05,7.771e-05,3,0.0,0.3744
ETHUSDT,2024-08-03,5.411e-05,2.92e-05,8.493e-05,3,0.0,0.3784
ETHUSDT,2024-08-04,4.2103333333333334e-05,1.635e-05,6.815e-05,3,0.0,0.3832
ETHUSDT,2024-08-05,-2.6413333333333337e-05,-5.766e-05,-4.58e-06,3,0.1428571428571428,0.4391
ETHUSDT,2024-08-06,-4.684333333333334e-05,-0.00010667,-1.11e-05,3,0.2857142857142857,0.4759
ETHUSDT,2024-08-07,-3.1146666666666664e-05,-4.478e-05,-6.16e-06,3,0.4285714285714285,0.4982
ETHUSDT,2024-08-08,-2.9656666666666667e-05,-4.377e-05,-1.083e-05,3,0.5714285714285714,0.5261
ETHUSDT,2024-08-09,8.66e-06,-2.753e-05,4.212e-05,3,0.6190476190476191,0.5203
ETHUSDT,2024-08-10,2.8966666666666676e-06,-4.249e-05,3.504e-05,3,0.6666666666666666,0.5322
ETHUSDT,2024-08-11,1.4566666666666666e-06,-8.82e-06,9.73e-06,3,0.7142857142857143,0.5423
ETHUSDT,2024-08-12,4.745666666666667e-05,1.047e-05,6.766e-05,3,0.5714285714285714,0.4953
ETHUSDT,2024-08-13,-8.920000000000001e-06,-6.036e-05,7.892e-05,3,0.5238095238095238,0.5083
ETHUSDT,2024-08-14,8.633333333333336e-07,-3.462e-05,3.166e-05,3,0.4285714285714285,0.4854
ETHUSDT,2024-08-15,4.4936666666666666e-05,6.62e-06,7.775e-05,3,0.2857142857142857,0.4392
ETHUSDT,2024-08-16,1.4286666666666668e-05,-1.182e-05,3.363e-05,3,0.2857142857142857,0.4514
ETHUSDT,2024-08-17,-1.1693333333333332e-05,-3.471e-05,2.448e-05,3,0.3333333333333333,0.4713
ETHUSDT,2024-08-18,-1.3553333333333331e-05,-4.706e-05,7.82e-06,3,0.3809523809523809,0.4816
ETHUSDT,2024-08-19,-1.4436666666666668e-05,-3.66e-05,8.59e-06,3,0.4761904761904761,0.501
ETHUSDT,2024-08-20,7.333333333333331e-07,-2.726e-05,1.977e-05,3,0.4285714285714285,0.4854
ETHUSDT,2024-08-21,2.5916666666666665e-05,1.33e-05,4.139e-05,3,0.3809523809523809,0.4658
ETHUSDT,2024-08-22,1.536e-05,-9.46e-06,3.544e-05,3,0.4285714285714285,0.4796
ETHUSDT,2024-08-23,4.1666666666666665e-05,-1.72e-06,6.601e-05,3,0.4285714285714285,0.469
ETHUSDT,2024-08-24,1.5666666666666685e-07,-1.504e-05,9.7e-06,3,0.3809523809523809,0.4761
ETHUSDT,2024-08-25,8.336666666666666e-06,-3.389e-05,3.311e-05,3,0.3333333333333333,0.4633
ETHUSDT,2024-08-26,4.720333333333333e-05,2.145e-05,6.339e-05,3,0.238095238095238,0.4287
ETHUSDT,2024-08-27,7.32e-05,5.093e-05,9.438e-05,3,0.1904761904761904,0.4088
ETHUSDT,2024-08-28,-1.8003333333333334e-05,-6.098e-05,1.459e-05,3,0.2857142857142857,0.4643
ETHUSDT,2024-08-29,3.21e-06,-4.09e-06,1.16e-05,3,0.2857142857142857,0.4559
ETHUSDT,2024-08-30,3.335e-05,1.032e-05,5.49e-05,3,0.238095238095238,0.4343
ETHUSDT,2024-08-31,7.674666666666667e-05,7.237e-05,7.976e-05,3,0.1904761904761904,0.4074
ETHUSDT,2024-09-01,4.6513333333333334e-05,4.183e-05,5.272e-05,3,0.1428571428571428,0.41
ETHUSDT,2024-09-02,2.854e-05,-2.406e-05,7.064e-05,3,0.1904761904761904,0.4267
ETHUSDT,2024-09-03,5.256333333333333e-05,4.883e-05,5.67e-05,3,0.1904761904761904,0.4171
ETHUSDT,2024-09-04,4.259333333333333e-05,-1.109e-05,8.054e-05,3,0.1428571428571428,0.4115
ETHUSDT,2024-09-05,3.371666666666666e-05,2.41e-05,4.539e-05,3,0.0952380952380952,0.4056
ETHUSDT,2024-09-06,4.1800000000000006e-05,3.662e-05,4.871e-05,3,0.0952380952380952,0.4023
ETHUSDT,2024-09-07,7.853333333333333e-06,-5.37e-06,2.652e-05,3,0.1428571428571428,0.4254
ETHUSDT,2024-09-08,3.4263333333333334e-05,1.827e-05,5.363e-05,3,0.1428571428571428,0.4149
ETHUSDT,2024-09-09,8.986666666666666e-06,-1.156e-05,3.085e-05,3,0.1428571428571428,0.425
ETHUSDT,2024-09-10,-7.143333333333334e-06,-3.453e-05,1.082e-05,3,0.1904761904761904,0.441
ETHUSDT,2024-09-11,8.306666666666666e-06,-1.796e-05,2.484e-05,3,0.1904761904761904,0.4348
ETHUSDT,2024-09-12,2.074e-05,1.134e-05,2.592e-05,3,0.1904761904761904,0.4298
ETHUSDT,2024-09-13,4.789e-05,4.291e-05,5.073e-05,3,0.1904761904761904,0.4189
ETHUSDT,2024-09-14,1.8833333333333337e-06,-4.15e-06,8.45e-06,3,0.1904761904761904,0.4373
ETHUSDT,2024-09-15,1.073e-05,-2.67e-06,2.131e-05,3,0.238095238095238,0.4433
ETHUSDT,2024-09-16,-1.621e-05,-6.942e-05,3.228e-05,3,0.2857142857142857,0.4636
ETHUSDT,2024-09-17,5.298333333333333e-05,2.423e-05,7.742e-05,3,0.238095238095238,0.4264
ETHUSDT,2024-09-18,3.398333333333333e-05,2.329e-05,4.792e-05,3,0.1904761904761904,0.4245
ETHUSDT,2024-09-19,6.128e-05,2.391e-05,8.266e-05,3,0.1904761904761904,0.4136
ETHUSDT,2024-09-20,9.911333333333332e-05,9.734e-05,0.0001,3,0.1904761904761904,0.3984
ETHUSDT,2024-09-21,5.956333333333334e-05,4.536e-05,6.668e-05,3,0.1428571428571428,0.4047
ETHUSDT,2024-09-22,6.698e-05,4.896e-05,0.0001,3,0.0952380952380952,0.3923
ETHUSDT,2024-09-23,5.2816666666666665e-05,2.548e-05,6.821e-05,3,0.0,0.3789
ETHUSDT,2024-09-24,4.46e-05,3.85e-05,4.791e-05,3,0.0,0.3822
ETHUSDT,2024-09-25,3.901666666666667e-05,2.445e-05,5.722e-05,3,0.0,0.3844
ETHUSDT,2024-09-26,8.537333333333333e-05,7.493e-05,0.0001,3,0.0,0.3659
ETHUSDT,2024-09-27,7.865e-05,6.276e-05,9.625e-05,3,0.0,0.3685
ETHUSDT,2024-09-28,7.797666666666667e-05,6.231e-05,0.0001,3,0.0,0.3688
ETHUSDT,2024-09-29,6.317999999999999e-05,3.315e-05,8.854e-05,3,0.0,0.3747
ETHUSDT,2024-09-30,8.260333333333333e-05,6.161e-05,0.0001,3,0.0,0.367
ETHUSDT,2024-10-01,9.465666666666668e-05,8.397e-05,0.0001,3,0.0,0.3621
ETHUSDT,2024-10-02,8.953e-05,6.859e-05,0.0001,3,0.0,0.3642
ETHUSDT,2024-10-03,3.721e-05,2.418e-05,4.621e-05,3,0.0,0.3851
ETHUSDT,2024-10-04,4.259e-05,3.739e-05,5.138e-05,3,0.0,0.383
ETHUSDT,2024-10-05,7.789e-05,5.458e-05,0.0001,3,0.0,0.3688
ETHUSDT,2024-10-06,5.866333333333333e-05,3.309e-05,9.056e-05,3,0.0,0.3765
ETHUSDT,2024-10-07,5.076666666666667e-05,2.612e-05,9.258e-05,3,0.0,0.3797
ETHUSDT,2024-10-08,8.323e-05,6.592e-05,0.0001,3,0.0,0.3667
ETHUSDT,2024-10-09,7.88e-05,3.64e-05,0.0001,3,0.0,0.3685
ETHUSDT,2024-10-10,8.887666666666668e-05,6.663e-05,0.0001,3,0.0,0.3644
ETHUSDT,2024-10-11,8.483666666666667e-05,5.977e-05,0.0001,3,0.0,0.3661
ETHUSDT,2024-10-12,7.265e-05,4.445e-05,0.0001,3,0.0,0.3709
ETHUSDT,2024-10-13,4.549666666666666e-05,1.763e-05,7.928e-05,3,0.0,0.3818
ETHUSDT,2024-10-14,8.853000000000001e-05,6.559e-05,0.0001,3,0.0,0.3646
ETHUSDT,2024-10-15,0.0001,0.0001,0.0001,3,0.0,0.36
ETHUSDT,2024-10-16,0.0001,0.0001,0.0001,3,0.0,0.36
ETHUSDT,2024-10-17,0.0001,0.0001,0.0001,3,0.0,0.36
ETHUSDT,2024-10-18,0.0001,0.0001,0.0001,3,0.0,0.36
ETHUSDT,2024-10-19,0.0001,0.0001,0.0001,3,0.0,0.36
ETHUSDT,2024-10-20,0.0001,0.0001,0.0001,3,0.0,0.36
ETHUSDT,2024-10-21,0.0001,0.0001,0.0001,3,0.0,0.36
ETHUSDT,2024-10-22,0.0001,0.0001,0.0001,3,0.0,0.36
ETHUSDT,2024-10-23,0.0001,0.0001,0.0001,3,0.0,0.36
ETHUSDT,2024-10-24,0.0001,0.0001,0.0001,3,0.0,0.36
ETHUSDT,2024-10-25,0.0001,0.0001,0.0001,3,0.0,0.36
ETHUSDT,2024-10-26,0.0001,0.0001,0.0001,3,0.0,0.36
ETHUSDT,2024-10-27,0.0001,0.0001,0.0001,3,0.0,0.36
ETHUSDT,2024-10-28,0.0001,0.0001,0.0001,3,0.0,0.36
ETHUSDT,2024-10-29,0.0001,0.0001,0.0001,3,0.0,0.36
ETHUSDT,2024-10-30,0.0001,0.0001,0.0001,3,0.0,0.36
ETHUSDT,2024-10-31,0.0001,0.0001,0.0001,3,0.0,0.36
ETHUSDT,2024-11-01,0.0001,0.0001,0.0001,3,0.0,0.36
ETHUSDT,2024-11-02,0.0001,0.0001,0.0001,3,0.0,0.36
ETHUSDT,2024-11-03,0.0001,0.0001,0.0001,3,0.0,0.36
ETHUSDT,2024-11-04,0.0001,0.0001,0.0001,3,0.0,0.36
ETHUSDT,2024-11-05,0.0001,0.0001,0.0001,3,0.0,0.36
ETHUSDT,2024-11-06,9.837e-05,9.511e-05,0.0001,3,0.0,0.3607
ETHUSDT,2024-11-07,0.0001162833333333,0.0001,0.00014885,3,0.0,0.3535
ETHUSDT,2024-11-08,0.0001,0.0001,0.0001,3,0.0,0.36
ETHUSDT,2024-11-09,0.0001,0.0001,0.0001,3,0.0,0.36
ETHUSDT,2024-11-10,0.0001556933333333,0.0001,0.00026708,3,0.0,0.3377
ETHUSDT,2024-11-11,0.0002169466666666,0.00017298,0.00028976,3,0.0,0.3132
ETHUSDT,2024-11-12,0.00040436,0.00017687,0.0005762,3,0.0,0.2383
ETHUSDT,2024-11-13,0.0002001899999999,0.00012894,0.00033556,3,0.0,0.3199
ETHUSDT,2024-11-14,0.0001019333333333,0.0001,0.0001058,3,0.0,0.3592
ETHUSDT,2024-11-15,0.0001208033333333,0.0001,0.00013133,3,0.0,0.3517
ETHUSDT,2024-11-16,0.0001318866666666,0.0001,0.00018215,3,0.0,0.3472
ETHUSDT,2024-11-17,0.0001322833333333,0.0001,0.00019685,3,0.0,0.3471
ETHUSDT,2024-11-18,0.0002375933333333,0.00019762,0.00031651,3,0.0,0.305
ETHUSDT,2024-11-19,0.0002568166666666,0.00015353,0.00040458,3,0.0,0.2973
ETHUSDT,2024-11-20,0.00016831,0.00013619,0.00019505,3,0.0,0.3327
ETHUSDT,2024-11-21,0.00013382,0.0001,0.00020146,3,0.0,0.3465
ETHUSDT,2024-11-22,0.0002850133333333,0.00022123,0.0003418,3,0.0,0.286
ETHUSDT,2024-11-23,0.0002822233333333,0.00015103,0.00037006,3,0.0,0.2871
ETHUSDT,2024-11-24,0.0002599866666666,0.00023721,0.00027264,3,0.0,0.296
ETHUSDT,2024-11-25,0.0002433033333333,0.00017259,0.00031797,3,0.0,0.3027
ETHUSDT,2024-11-26,0.0001831333333333,0.0001227,0.0002448,3,0.0,0.3267
ETHUSDT,2024-11-27,0.00019223,0.00015706,0.00021068,3,0.0,0.3231
ETHUSDT,2024-11-28,0.0001413933333333,0.0001,0.0001647,3,0.0,0.3434
ETHUSDT,2024-11-29,0.0001178466666666,0.0001,0.00015354,3,0.0,0.3529
ETHUSDT,2024-11-30,0.0001808733333333,0.00012425,0.0002474,3,0.0,0.3277
ETHUSDT,2024-12-01,0.0001355466666666,0.00011863,0.00015064,3,0.0,0.3458
ETHUSDT,2024-12-02,0.0003127466666666,0.00028383,0.00036131,3,0.0,0.2749
ETHUSDT,2024-12-03,0.0002515,0.00014297,0.00034689,3,0.0,0.2994
ETHUSDT,2024-12-04,0.0001815766666666,0.00015899,0.00019842,3,0.0,0.3274
ETHUSDT,2024-12-05,0.0003477033333333,0.00023652,0.00049482,3,0.0,0.2609
ETHUSDT,2024-12-06,0.0002206133333333,0.00014294,0.0002635,3,0.0,0.3118
ETHUSDT,2024-12-07,0.00025996,0.00023099,0.0003059,3,0.0,0.296
ETHUSDT,2024-12-08,0.0002112633333333,0.00018574,0.00023941,3,0.0,0.3155
ETHUSDT,2024-12-09,0.0001456433333333,0.0001,0.00020272,3,0.0,0.3417
ETHUSDT,2024-12-10,0.0001,0.0001,0.0001,3,0.0,0.36
ETHUSDT,2024-12-11,0.0001,0.0001,0.0001,3,0.0,0.36
ETHUSDT,2024-12-12,0.0001,0.0001,0.0001,3,0.0,0.36
ETHUSDT,2024-12-13,0.0001,0.0001,0.0001,3,0.0,0.36
ETHUSDT,2024-12-14,0.0001,0.0001,0.0001,3,0.0,0.36
ETHUSDT,2024-12-15,9.801333333333336e-05,9.404e-05,0.0001,3,0.0,0.3608
ETHUSDT,2024-12-16,9.554e-05,8.662e-05,0.0001,3,0.0,0.3618
ETHUSDT,2024-12-17,0.0001,0.0001,0.0001,3,0.0,0.36
ETHUSDT,2024-12-18,9.348666666666667e-05,8.046e-05,0.0001,3,0.0,0.3626
ETHUSDT,2024-12-19,6.971666666666668e-05,6.104e-05,7.438e-05,3,0.0,0.3721
ETHUSDT,2024-12-20,0.0001,0.0001,0.0001,3,0.0,0.36
ETHUSDT,2024-12-21,8.784e-05,6.352e-05,0.0001,3,0.0,0.3649
ETHUSDT,2024-12-22,8.456666666666666e-05,5.37e-05,0.0001,3,0.0,0.3662
ETHUSDT,2024-12-23,6.586e-05,5.398e-05,8.674e-05,3,0.0,0.3737
ETHUSDT,2024-12-24,6.959333333333334e-05,2.757e-05,0.0001,3,0.0,0.3722
ETHUSDT,2024-12-25,4.0860000000000005e-05,1.254e-05,6.55e-05,3,0.0,0.3837
ETHUSDT,2024-12-26,8.768333333333334e-05,6.305e-05,0.0001,3,0.0,0.3649
ETHUSDT,2024-12-27,7.925666666666667e-05,5.349e-05,0.0001,3,0.0,0.3683
ETHUSDT,2024-12-28,9.778666666666668e-05,9.336e-05,0.0001,3,0.0,0.3609
ETHUSDT,2024-12-29,6.857333333333333e-05,5.146e-05,9.485e-05,3,0.0,0.3726
ETHUSDT,2024-12-30,0.0001,0.0001,0.0001,3,0.0,0.36
ETHUSDT,2024-12-31,9.504666666666668e-05,8.514e-05,0.0001,3,0.0,0.362
ETHUSDT,2025-01-01,0.0001,0.0001,0.0001,3,0.0,0.36
ETHUSDT,2025-01-02,0.0001,0.0001,0.0001,3,0.0,0.36
ETHUSDT,2025-01-03,0.0001,0.0001,0.0001,3,0.0,0.36
ETHUSDT,2025-01-04,0.0001,0.0001,0.0001,3,0.0,0.36
ETHUSDT,2025-01-05,0.0001,0.0001,0.0001,3,0.0,0.36
ETHUSDT,2025-01-06,0.0001,0.0001,0.0001,3,0.0,0.36
ETHUSDT,2025-01-07,0.0001,0.0001,0.0001,3,0.0,0.36
ETHUSDT,2025-01-08,9.886e-05,9.658e-05,0.0001,3,0.0,0.3605
ETHUSDT,2025-01-09,8.869666666666667e-05,6.609e-05,0.0001,3,0.0,0.3645
ETHUSDT,2025-01-10,7.911666666666666e-05,6.162e-05,0.0001,3,0.0,0.3684
ETHUSDT,2025-01-11,7.408000000000001e-05,5.65e-05,0.0001,3,0.0,0.3704
ETHUSDT,2025-01-12,9.378e-05,8.134e-05,0.0001,3,0.0,0.3625
ETHUSDT,2025-01-13,7.581666666666666e-05,3.392e-05,0.0001,3,0.0,0.3697
ETHUSDT,2025-01-14,6.842333333333334e-05,5.423e-05,7.652e-05,3,0.0,0.3726
ETHUSDT,2025-01-15,5.2900000000000005e-05,4.503e-05,5.924e-05,3,0.0,0.3788
ETHUSDT,2025-01-16,7.862e-05,5.275e-05,0.0001,3,0.0,0.3686
ETHUSDT,2025-01-17,0.0001,0.0001,0.0001,3,0.0,0.36
ETHUSDT,2025-01-18,0.0001,0.0001,0.0001,3,0.0,0.36
ETHUSDT,2025-01-19,0.0001,0.0001,0.0001,3,0.0,0.36
ETHUSDT,2025-01-20,0.0001,0.0001,0.0001,3,0.0,0.36
ETHUSDT,2025-01-21,0.0001,0.0001,0.0001,3,0.0,0.36
ETHUSDT,2025-01-22,0.0001,0.0001,0.0001,3,0.0,0.36
ETHUSDT,2025-01-23,0.0001,0.0001,0.0001,3,0.0,0.36
ETHUSDT,2025-01-24,0.0001,0.0001,0.0001,3,0.0,0.36
ETHUSDT,2025-01-25,7.459666666666667e-05,6.904e-05,8.41e-05,3,0.0,0.3702
ETHUSDT,2025-01-26,7.745666666666667e-05,3.849e-05,9.725e-05,3,0.0,0.369
ETHUSDT,2025-01-27,2.2383333333333336e-05,-2.76e-06,3.922e-05,3,0.0476190476190476,0.4006
ETHUSDT,2025-01-28,6.65e-05,4.046e-05,0.0001,3,0.0476190476190476,0.3829
ETHUSDT,2025-01-29,8.417666666666667e-05,6.567e-05,0.0001,3,0.0476190476190476,0.3759
ETHUSDT,2025-01-30,6.447333333333334e-05,2.287e-05,0.0001,3,0.0476190476190476,0.3837
ETHUSDT,2025-01-31,9.128e-05,7.998e-05,0.0001,3,0.0476190476190476,0.373
ETHUSDT,2025-02-01,7.248999999999999e-05,3.573e-05,9.742e-05,3,0.0476190476190476,0.3805
ETHUSDT,2025-02-02,6.736333333333333e-05,2.6e-05,0.0001,3,0.0476190476190476,0.3826
ETHUSDT,2025-02-03,-0.00012847,-0.00025121,3.237e-05,3,0.0952380952380952,0.4704
ETHUSDT,2025-02-04,-5.92e-05,-0.00010653,1.07e-05,3,0.1904761904761904,0.4618
ETHUSDT,2025-02-05,-1.6596666666666666e-05,-8.329e-05,5.754e-05,3,0.2857142857142857,0.4638
ETHUSDT,2025-02-06,-1.1143333333333334e-05,-7.747e-05,4.939e-05,3,0.3809523809523809,0.4806
ETHUSDT,2025-02-07,1.3823333333333334e-05,-1.197e-05,2.905e-05,3,0.4285714285714285,0.4802
ETHUSDT,2025-02-08,4.856e-05,-1.894e-05,9.532e-05,3,0.4761904761904761,0.4758
ETHUSDT,2025-02-09,3.378333333333333e-05,-3.64e-06,5.479e-05,3,0.5238095238095238,0.4912
ETHUSDT,2025-02-10,4.4603333333333334e-05,9.11e-06,7.074e-05,3,0.4285714285714285,0.4679
ETHUSDT,2025-02-11,8.173333333333334e-06,-1.236e-05,4.26e-05,3,0.4285714285714285,0.4824
ETHUSDT,2025-02-12,5.969333333333333e-05,3.35e-05,8.407e-05,3,0.3333333333333333,0.4428
ETHUSDT,2025-02-13,6.855666666666667e-05,1.027e-05,0.0001,3,0.238095238095238,0.4202
ETHUSDT,2025-02-14,5.4383333333333325e-05,2.39e-06,8.242e-05,3,0.1904761904761904,0.4163
ETHUSDT,2025-02-15,3.017e-05,8.44e-06,4.385e-05,3,0.1428571428571428,0.4165
ETHUSDT,2025-02-16,4.526333333333333e-05,3.775e-05,5.945e-05,3,0.0952380952380952,0.4009
ETHUSDT,2025-02-17,6.419666666666666e-05,3.649e-05,0.0001,3,0.0952380952380952,0.3934
ETHUSDT,2025-02-18,2.862666666666667e-05,-1.595e-05,5.441e-05,3,0.0476190476190476,0.3981
ETHUSDT,2025-02-19,5.1406666666666664e-05,3.185e-05,7.273e-05,3,0.0476190476190476,0.389
ETHUSDT,2025-02-20,3.942333333333333e-05,-2.07e-06,6.405e-05,3,0.0952380952380952,0.4033
ETHUSDT,2025-02-21,4.808666666666667e-05,3.574e-05,6.624e-05,3,0.0952380952380952,0.3998
ETHUSDT,2025-02-22,1.745666666666667e-05,-1.427e-05,3.41e-05,3,0.1428571428571428,0.4216
ETHUSDT,2025-02-23,4.578333333333333e-05,2.13e-06,9.726e-05,3,0.1428571428571428,0.4103
ETHUSDT,2025-02-24,3.711e-05,9.24e-06,7.127e-05,3,0.1428571428571428,0.4137
ETHUSDT,2025-02-25,-6.833333333333319e-07,-3.589e-05,2.913e-05,3,0.1428571428571428,0.4288
ETHUSDT,2025-02-26,3.798666666666667e-05,1.86e-05,6.103e-05,3,0.1428571428571428,0.4134
ETHUSDT,2025-02-27,7.847333333333333e-05,5.027e-05,0.0001,3,0.0952380952380952,0.3877
ETHUSDT,2025-02-28,2.188e-05,1.219e-05,4.097e-05,3,0.0952380952380952,0.4103
ETHUSDT,2025-03-01,9.543333333333334e-06,-1.061e-05,4.855e-05,3,0.1428571428571428,0.4248
ETHUSDT,2025-03-02,5.165333333333333e-05,3.173e-05,6.221e-05,3,0.1428571428571428,0.4079
ETHUSDT,2025-03-03,9.66e-06,-7.88e-06,3.061e-05,3,0.1904761904761904,0.4342
ETHUSDT,2025-03-04,-2.6220000000000003e-05,-4.308e-05,2.04e-06,3,0.238095238095238,0.4581
ETHUSDT,2025-03-05,5.367333333333333e-05,2.539e-05,7.146e-05,3,0.238095238095238,0.4261
ETHUSDT,2025-03-06,9.243333333333332e-06,-1.037e-05,2.685e-05,3,0.2857142857142857,0.4534
ETHUSDT,2025-03-07,2.0093333333333333e-05,-2.474e-05,5.628e-05,3,0.3333333333333333,0.4586
ETHUSDT,2025-03-08,4.5736666666666665e-05,3.124e-05,6.837e-05,3,0.238095238095238,0.4293
ETHUSDT,2025-03-09,3.4983333333333334e-05,-1.3e-07,6.871e-05,3,0.2857142857142857,0.4431
ETHUSDT,2025-03-10,5.863333333333332e-06,-4.249e-05,3.433e-05,3,0.2857142857142857,0.4548
ETHUSDT,2025-03-11,1.8936666666666668e-05,-4.045e-05,7.553e-05,3,0.238095238095238,0.44
ETHUSDT,2025-03-12,-2.1133333333333336e-06,-3.413e-05,1.672e-05,3,0.2857142857142857,0.458
ETHUSDT,2025-03-13,2.381333333333333e-05,-5e-08,4.218e-05,3,0.2857142857142857,0.4476
ETHUSDT,2025-03-14,5.3206666666666667e-05,2.744e-05,7.681e-05,3,0.238095238095238,0.4263
ETHUSDT,2025-03-15,3.2063333333333335e-05,1.25e-05,5.445e-05,3,0.238095238095238,0.4348
ETHUSDT,2025-03-16,-2.7883333333333335e-05,-3.041e-05,-2.357e-05,3,0.3333333333333333,0.4778
ETHUSDT,2025-03-17,3.807666666666667e-05,2.057e-05,5.669e-05,3,0.2857142857142857,0.4419
ETHUSDT,2025-03-18,3.6276666666666664e-05,1.465e-05,5.319e-05,3,0.238095238095238,0.4331
ETHUSDT,2025-03-19,7.215e-05,5.983e-05,8.986e-05,3,0.1904761904761904,0.4092
ETHUSDT,2025-03-20,-3.36e-06,-1.704e-05,1.553e-05,3,0.238095238095238,0.449
ETHUSDT,2025-03-21,4.865666666666667e-05,2.613e-05,6.749e-05,3,0.238095238095238,0.4282
ETHUSDT,2025-03-22,-4.773333333333331e-06,-2.617e-05,2.587e-05,3,0.3333333333333333,0.4686
ETHUSDT,2025-03-23,2.423333333333333e-05,-3.36e-06,6.053e-05,3,0.238095238095238,0.4379
ETHUSDT,2025-03-24,3.744999999999999e-05,-1.29e-05,9.456e-05,3,0.2857142857142857,0.4422
ETHUSDT,2025-03-25,2.5723333333333335e-05,-4.75e-06,6.736e-05,3,0.3333333333333333,0.4564
ETHUSDT,2025-03-26,6.0500000000000005e-06,-2.235e-05,2.976e-05,3,0.3809523809523809,0.4738
ETHUSDT,2025-03-27,5.032e-05,3.127e-05,7.427e-05,3,0.2857142857142857,0.437
ETHUSDT,2025-03-28,8.486666666666666e-06,-2.896e-05,6.551e-05,3,0.3809523809523809,0.4728
ETHUSDT,2025-03-29,2.7743333333333333e-05,3.56e-06,4.498e-05,3,0.2857142857142857,0.446
ETHUSDT,2025-03-30,-6.266666666666666e-06,-1.999e-05,1.191e-05,3,0.3333333333333333,0.4692
ETHUSDT,2025-03-31,1.4486666666666666e-05,-3.26e-06,2.663e-05,3,0.3333333333333333,0.4609
ETHUSDT,2025-04-01,1.8463333333333333e-05,-6.52e-06,3.314e-05,3,0.3333333333333333,0.4593
ETHUSDT,2025-04-02,2.631e-05,-4.5e-07,4.262e-05,3,0.3333333333333333,0.4561
ETHUSDT,2025-04-03,1.712e-05,-6.39e-06,6.39e-05,3,0.4285714285714285,0.4789
ETHUSDT,2025-04-04,2.7959999999999997e-05,-2.093e-05,6.701e-05,3,0.3809523809523809,0.465
ETHUSDT,2025-04-05,2.4459999999999996e-05,-7.82e-06,5.939e-05,3,0.4285714285714285,0.4759
ETHUSDT,2025-04-06,1.809e-05,-2.372e-05,5.41e-05,3,0.3809523809523809,0.469
ETHUSDT,2025-04-07,-2.7333333333333335e-05,-3.784e-05,-9.65e-06,3,0.4761904761904761,0.5062
ETHUSDT,2025-04-08,-2.3733333333333336e-06,-1.429e-05,1.155e-05,3,0.5238095238095238,0.5057
ETHUSDT,2025-04-09,-3.275e-05,-6.596e-05,1.591e-05,3,0.5714285714285714,0.5274
ETHUSDT,2025-04-10,4.3213333333333335e-05,-7.8e-07,0.0001,3,0.5238095238095238,0.4875
ETHUSDT,2025-04-11,-2.4120000000000003e-05,-5.857e-05,-4.61e-06,3,0.6190476190476191,0.5335
ETHUSDT,2025-04-12,1.4423333333333331e-05,-6e-06,2.511e-05,3,0.6190476190476191,0.518
ETHUSDT,2025-04-13,6.0593333333333335e-05,5.203e-05,7.676e-05,3,0.5714285714285714,0.49
ETHUSDT,2025-04-14,6.228e-05,5.384e-05,7.387e-05,3,0.4285714285714285,0.4608
ETHUSDT,2025-04-15,1.5689999999999997e-05,3.35e-06,2.56e-05,3,0.3333333333333333,0.4604
ETHUSDT,2025-04-16,-3.933333333333334e-06,-2.96e-05,4.294e-05,3,0.3333333333333333,0.4682
ETHUSDT,2025-04-17,2.6240000000000003e-05,-1.791e-05,5.184e-05,3,0.3333333333333333,0.4562
ETHUSDT,2025-04-18,-6.2333333333333335e-06,-3.125e-05,2.747e-05,3,0.2857142857142857,0.4596
ETHUSDT,2025-04-19,4.549000000000001e-05,-2.388e-05,8.846e-05,3,0.2857142857142857,0.4389
ETHUSDT,2025-04-20,2.7103333333333332e-05,-5.358e-05,7.724e-05,3,0.3333333333333333,0.4558
ETHUSDT,2025-04-21,5.964333333333333e-05,-1.24e-06,0.0001,3,0.3809523809523809,0.4523
ETHUSDT,2025-04-22,1.509e-05,-3.6e-05,8.105e-05,3,0.4285714285714285,0.4797
ETHUSDT,2025-04-23,8.765e-05,6.679e-05,0.0001,3,0.3333333333333333,0.4316
ETHUSDT,2025-04-24,5.949666666666667e-05,6.2e-06,0.0001,3,0.2857142857142857,0.4333
ETHUSDT,2025-04-25,4.2619999999999995e-05,-9.65e-06,7.829e-05,3,0.238095238095238,0.4306
ETHUSDT,2025-04-26,-4.803333333333334e-06,-2.999e-05,8.3e-06,3,0.238095238095238,0.4495
ETHUSDT,2025-04-27,-1.6513333333333333e-05,-6.737e-05,5.635e-05,3,0.2857142857142857,0.4637
ETHUSDT,2025-04-28,-4.417333333333334e-05,-8.681e-05,1.32e-06,3,0.3333333333333333,0.4843
ETHUSDT,2025-04-29,4.225e-05,-1.396e-05,8.281e-05,3,0.3333333333333333,0.4498
ETHUSDT,2025-04-30,-4.178666666666667e-05,-7.371e-05,9.04e-06,3,0.4285714285714285,0.5024
ETHUSDT,2025-05-01,3.551e-05,7.23e-06,5.43e-05,3,0.4285714285714285,0.4715
ETHUSDT,2025-05-02,-2.3253333333333337e-05,-5.797e-05,-5.88e-06,3,0.5238095238095238,0.5141
ETHUSDT,2025-05-03,2.852666666666667e-05,1.565e-05,4.901e-05,3,0.4761904761904761,0.4838
ETHUSDT,2025-05-04,2.4423333333333337e-05,-2.67e-05,6.708e-05,3,0.4285714285714285,0.4759
ETHUSDT,2025-05-05,1.1243333333333331e-05,1.81e-06,1.998e-05,3,0.3333333333333333,0.4622
ETHUSDT,2025-05-06,4.913333333333335e-06,-3.589e-05,6.899e-05,3,0.3809523809523809,0.4742
ETHUSDT,2025-05-07,3.724333333333333e-05,-6.48e-06,8.548e-05,3,0.3333333333333333,0.4518
ETHUSDT,2025-05-08,7.760333333333334e-05,4.564e-05,0.0001,3,0.3333333333333333,0.4356
ETHUSDT,2025-05-09,0.0001,0.0001,0.0001,3,0.1904761904761904,0.3981
ETHUSDT,2025-05-10,9.604333333333334e-05,9.016e-05,0.0001,3,0.1904761904761904,0.3997
ETHUSDT,2025-05-11,6.600333333333333e-05,2.438e-05,0.0001,3,0.1428571428571428,0.4022
ETHUSDT,2025-05-12,7.601666666666667e-05,5.717e-05,0.0001,3,0.1428571428571428,0.3982
ETHUSDT,2025-05-13,8.744333333333334e-05,6.233e-05,0.0001,3,0.0476190476190476,0.3745
ETHUSDT,2025-05-14,6.739e-05,4.737e-05,0.0001,3,0.0,0.373
ETHUSDT,2025-05-15,8.566e-05,5.698e-05,0.0001,3,0.0,0.3657
ETHUSDT,2025-05-16,8.001e-05,6.801e-05,0.0001,3,0.0,0.368
ETHUSDT,2025-05-17,9.996666666666669e-06,-1.883e-05,2.543e-05,3,0.0476190476190476,0.4055
ETHUSDT,2025-05-18,3.4683333333333334e-05,1.3e-06,5.366e-05,3,0.0476190476190476,0.3957
ETHUSDT,2025-05-19,3.595666666666667e-05,-4.925e-05,9.181e-05,3,0.0952380952380952,0.4047
ETHUSDT,2025-05-20,5.331333333333333e-05,1.174e-05,8.013e-05,3,0.0952380952380952,0.3977
ETHUSDT,2025-05-21,4.549333333333334e-05,6.47e-06,9.338e-05,3,0.0952380952380952,0.4009
ETHUSDT,2025-05-22,7.047000000000001e-05,1.141e-05,0.0001,3,0.0952380952380952,0.3909
ETHUSDT,2025-05-23,6.424666666666666e-05,-7.26e-06,0.0001,3,0.1428571428571428,0.4029
ETHUSDT,2025-05-24,5.382333333333334e-05,2.114e-05,0.0001,3,0.0952380952380952,0.3975
ETHUSDT,2025-05-25,6.092666666666667e-05,3.75e-05,8.487e-05,3,0.0952380952380952,0.3947
ETHUSDT,2025-05-26,4.381e-05,3.85e-06,8.047e-05,3,0.0476190476190476,0.392
ETHUSDT,2025-05-27,8.008666666666667e-05,4.026e-05,0.0001,3,0.0476190476190476,0.3775
ETHUSDT,2025-05-28,0.0001,0.0001,0.0001,3,0.0476190476190476,0.3695
ETHUSDT,2025-05-29,9.440333333333332e-05,8.321e-05,0.0001,3,0.0476190476190476,0.3718
ETHUSDT,2025-05-30,7.725333333333333e-05,5.699e-05,0.0001,3,0.0,0.3691
ETHUSDT,2025-05-31,4.7273333333333334e-05,2.739e-05,8.054e-05,3,0.0,0.3811
ETHUSDT,2025-06-01,4.945333333333333e-05,3.37e-05,7.52e-05,3,0.0,0.3802
ETHUSDT,2025-06-02,5.184e-05,1.586e-05,8.588e-05,3,0.0,0.3793
ETHUSDT,2025-06-03,4.909e-05,3.263e-05,6.067e-05,3,0.0,0.3804
ETHUSDT,2025-06-04,6.636666666666668e-05,4.39e-05,7.897e-05,3,0.0,0.3735
ETHUSDT,2025-06-05,5.7543333333333335e-05,2.359e-05,8.508e-05,3,0.0,0.377
ETHUSDT,2025-06-06,1.3933333333333333e-05,-1.147e-05,2.684e-05,3,0.0476190476190476,0.404
ETHUSDT,2025-06-07,6.969333333333333e-05,5.456e-05,8.699e-05,3,0.0476190476190476,0.3816
ETHUSDT,2025-06-08,8.072333333333333e-05,4.695e-05,0.0001,3,0.0476190476190476,0.3772
ETHUSDT,2025-06-09,4.2663333333333335e-05,1.95e-05,8.643e-05,3,0.0476190476190476,0.3925
ETHUSDT,2025-06-10,0.0001,0.0001,0.0001,3,0.0476190476190476,0.3695
ETHUSDT,2025-06-11,0.0001,0.0001,0.0001,3,0.0476190476190476,0.3695
ETHUSDT,2025-06-12,7.123e-05,5.333e-05,0.0001,3,0.0476190476190476,0.381
ETHUSDT,2025-06-13,-1.1933333333333343e-06,-1.372e-05,2.083e-05,3,0.0952380952380952,0.4195
ETHUSDT,2025-06-14,2.324666666666667e-05,4.4e-06,4.572e-05,3,0.0952380952380952,0.4097
ETHUSDT,2025-06-15,5.7950000000000006e-05,1.767e-05,8.487e-05,3,0.0952380952380952,0.3959
ETHUSDT,2025-06-16,5.8643333333333335e-05,3.96e-05,9.06e-05,3,0.0952380952380952,0.3956
ETHUSDT,2025-06-17,4.884e-05,-9.06e-06,0.0001,3,0.1428571428571428,0.409
ETHUSDT,2025-06-18,4.9833333333333336e-05,2.338e-05,6.782e-05,3,0.1428571428571428,0.4086
ETHUSDT,2025-06-19,5.026333333333333e-05,4.793e-05,5.403e-05,3,0.1428571428571428,0.4085
ETHUSDT,2025-06-20,6.566e-05,2.59e-05,8.963e-05,3,0.0476190476190476,0.3833
ETHUSDT,2025-06-21,-4.526666666666668e-06,-4.99e-05,5.011e-05,3,0.1428571428571428,0.4304
ETHUSDT,2025-06-22,7.183333333333334e-06,-1.761e-05,4.714e-05,3,0.238095238095238,0.4447
ETHUSDT,2025-06-23,3.393333333333333e-06,-1.401e-05,2.289e-05,3,0.2857142857142857,0.4558
ETHUSDT,2025-06-24,1.258e-05,4.46e-06,2.127e-05,3,0.238095238095238,0.4426
ETHUSDT,2025-06-25,1.1300000000000004e-06,-8.33e-06,1.198e-05,3,0.3333333333333333,0.4662
ETHUSDT,2025-06-26,3.906666666666666e-05,9.06e-06,8.057e-05,3,0.3333333333333333,0.451
ETHUSDT,2025-06-27,2.1436666666666668e-05,3.79e-06,5.546e-05,3,0.3333333333333333,0.4581
ETHUSDT,2025-06-28,4.3683333333333336e-05,6.58e-06,8.436e-05,3,0.238095238095238,0.4301
ETHUSDT,2025-06-29,4.998333333333334e-05,4.2e-07,8.777e-05,3,0.1428571428571428,0.4086
ETHUSDT,2025-06-30,4.871666666666667e-05,3.94e-06,9.119e-05,3,0.0952380952380952,0.3996
ETHUSDT,2025-07-01,2.7676666666666665e-05,-1.429e-05,8.191e-05,3,0.1428571428571428,0.4175
ETHUSDT,2025-07-02,4.017333333333334e-05,1.952e-05,5.236e-05,3,0.0476190476190476,0.3935
ETHUSDT,2025-07-03,8.072666666666667e-05,4.398e-05,0.0001,3,0.0476190476190476,0.3772
ETHUSDT,2025-07-04,3.5543333333333336e-05,1.353e-05,6.619e-05,3,0.0476190476190476,0.3953
ETHUSDT,2025-07-05,3.635333333333333e-05,1.406e-05,5.542e-05,3,0.0476190476190476,0.395
ETHUSDT,2025-07-06,6.213666666666667e-05,3.909e-05,8.149e-05,3,0.0476190476190476,0.3847
ETHUSDT,2025-07-07,5.6630000000000005e-05,-3.011e-05,0.0001,3,0.0952380952380952,0.3964
ETHUSDT,2025-07-08,5.6139999999999994e-05,2.787e-05,7.589e-05,3,0.0476190476190476,0.3871
ETHUSDT,2025-07-09,5.980666666666667e-05,4.903e-05,6.771e-05,3,0.0476190476190476,0.3856
ETHUSDT,2025-07-10,5.331666666666667e-05,2.808e-05,0.0001,3,0.0476190476190476,0.3882
ETHUSDT,2025-07-11,0.0001,0.0001,0.0001,3,0.0476190476190476,0.3695
ETHUSDT,2025-07-12,7.274e-05,6.119e-05,8.032e-05,3,0.0476190476190476,0.3804
ETHUSDT,2025-07-13,5.254333333333334e-05,4.151e-05,7.205e-05,3,0.0476190476190476,0.3885
ETHUSDT,2025-07-14,6.999333333333334e-05,9.98e-06,0.0001,3,0.0,0.372
ETHUSDT,2025-07-15,8.711333333333332e-05,6.134e-05,0.0001,3,0.0,0.3652
ETHUSDT,2025-07-16,0.0001,0.0001,0.0001,3,0.0,0.36
ETHUSDT,2025-07-17,0.0001,0.0001,0.0001,3,0.0,0.36
ETHUSDT,2025-07-18,0.0001,0.0001,0.0001,3,0.0,0.36
ETHUSDT,2025-07-19,0.0001,0.0001,0.0001,3,0.0,0.36
ETHUSDT,2025-07-20,0.0001,0.0001,0.0001,3,0.0,0.36
ETHUSDT,2025-07-21,0.0001,0.0001,0.0001,3,0.0,0.36
ETHUSDT,2025-07-22,0.0001,0.0001,0.0001,3,0.0,0.36
ETHUSDT,2025-07-23,0.0001,0.0001,0.0001,3,0.0,0.36
ETHUSDT,2025-07-24,0.0001,0.0001,0.0001,3,0.0,0.36
ETHUSDT,2025-07-25,0.0001,0.0001,0.0001,3,0.0,0.36
ETHUSDT,2025-07-26,0.0001,0.0001,0.0001,3,0.0,0.36
ETHUSDT,2025-07-27,9.400333333333334e-05,8.879e-05,0.0001,3,0.0,0.3624
ETHUSDT,2025-07-28,0.0001,0.0001,0.0001,3,0.0,0.36
ETHUSDT,2025-07-29,8.164666666666668e-05,4.494e-05,0.0001,3,0.0,0.3673
ETHUSDT,2025-07-30,3.037e-05,1.54e-05,5.083e-05,3,0.0,0.3879
ETHUSDT,2025-07-31,4.660666666666667e-05,-1.18e-05,0.0001,3,0.0476190476190476,0.3909
ETHUSDT,2025-08-01,7.409999999999999e-06,-3.749e-05,4.859e-05,3,0.0952380952380952,0.4161
ETHUSDT,2025-08-02,4.805666666666666e-05,6.57e-06,7.965e-05,3,0.0952380952380952,0.3998
ETHUSDT,2025-08-03,5.4173333333333325e-05,3.767e-05,6.733e-05,3,0.0952380952380952,0.3974
ETHUSDT,2025-08-04,2.1476666666666667e-05,1.113e-05,3.611e-05,3,0.0952380952380952,0.4105
ETHUSDT,2025-08-05,1.5443333333333332e-05,1.47e-06,3.116e-05,3,0.0952380952380952,0.4129
ETHUSDT,2025-08-06,5.619666666666666e-05,2.413e-05,8.2e-05,3,0.0952380952380952,0.3966
ETHUSDT,2025-08-07,6.837333333333332e-05,4.285e-05,0.0001,3,0.0476190476190476,0.3822
ETHUSDT,2025-08-08,8.086666666666668e-05,4.26e-05,0.0001,3,0.0,0.3677
ETHUSDT,2025-08-09,0.0001,0.0001,0.0001,3,0.0,0.36
ETHUSDT,2025-08-10,9.972e-05,9.916e-05,0.0001,3,0.0,0.3601
ETHUSDT,2025-08-11,9.409e-05,8.873e-05,0.0001,3,0.0,0.3624
ETHUSDT,2025-08-12,7.886333333333334e-05,3.659e-05,0.0001,3,0.0,0.3685
ETHUSDT,2025-08-13,0.0001,0.0001,0.0001,3,0.0,0.36
ETHUSDT,2025-08-14,0.0001,0.0001,0.0001,3,0.0,0.36
ETHUSDT,2025-08-15,8.746333333333333e-05,6.474e-05,0.0001,3,0.0,0.365
ETHUSDT,2025-08-16,5.641666666666667e-05,1.968e-05,8.99e-05,3,0.0,0.3774
ETHUSDT,2025-08-17,3.1116666666666666e-05,-6.68e-06,5.334e-05,3,0.0476190476190476,0.3971
ETHUSDT,2025-08-18,6.260666666666667e-05,6.32e-06,9.191e-05,3,0.0476190476190476,0.3845
ETHUSDT,2025-08-19,0.0001,0.0001,0.0001,3,0.0476190476190476,0.3695
ETHUSDT,2025-08-20,6.462666666666667e-05,3.18e-06,0.0001,3,0.0476190476190476,0.3837
ETHUSDT,2025-08-21,4.9183333333333334e-05,2.689e-05,6.232e-05,3,0.0476190476190476,0.3899
ETHUSDT,2025-08-22,6.35e-05,6.004e-05,6.67e-05,3,0.0476190476190476,0.3841
ETHUSDT,2025-08-23,0.0001,0.0001,0.0001,3,0.0476190476190476,0.3695
ETHUSDT,2025-08-24,0.0001,0.0001,0.0001,3,0.0,0.36
ETHUSDT,2025-08-25,3.743666666666667e-05,1.732e-05,4.932e-05,3,0.0,0.385
ETHUSDT,2025-08-26,4.5666666666666664e-06,-7.39e-06,1.08e-05,3,0.0476190476190476,0.4077
ETHUSDT,2025-08-27,1.7553333333333334e-05,-8.19e-06,4.152e-05,3,0.0952380952380952,0.412
ETHUSDT,2025-08-28,3.594333333333333e-05,2.175e-05,5.965e-05,3,0.0952380952380952,0.4047
ETHUSDT,2025-08-29,2.735e-05,1.496e-05,4.981e-05,3,0.0952380952380952,0.4081
ETHUSDT,2025-08-30,2.370333333333333e-05,-1.108e-05,4.162e-05,3,0.1428571428571428,0.4191
ETHUSDT,2025-08-31,9.996666666666669e-06,-1.39e-05,5.543e-05,3,0.238095238095238,0.4436
ETHUSDT,2025-09-01,-1.0973333333333334e-05,-2.114e-05,1.22e-06,3,0.3333333333333333,0.4711
ETHUSDT,2025-09-02,2.981666666666667e-05,4.06e-06,5.513e-05,3,0.2857142857142857,0.4452
ETHUSDT,2025-09-03,1.625e-05,-1.11e-06,3.174e-05,3,0.2857142857142857,0.4506
ETHUSDT,2025-09-04,-7.426666666666667e-06,-2.527e-05,2.311e-05,3,0.3809523809523809,0.4792
ETHUSDT,2025-09-05,-2.0433333333333333e-05,-5.54e-05,2.866e-05,3,0.4761904761904761,0.5034
ETHUSDT,2025-09-06,1.970666666666667e-05,-2.104e-05,4.06e-05,3,0.4761904761904761,0.4874
ETHUSDT,2025-09-07,6.073e-05,3.335e-05,8.938e-05,3,0.3809523809523809,0.4519
ETHUSDT,2025-09-08,4.567000000000001e-05,2.063e-05,9.082e-05,3,0.2857142857142857,0.4389
ETHUSDT,2025-09-09,7.117e-05,4.706e-05,0.0001,3,0.2857142857142857,0.4287
ETHUSDT,2025-09-10,8.325333333333334e-05,6.156e-05,0.0001,3,0.238095238095238,0.4143
ETHUSDT,2025-09-11,6.614e-05,1.341e-05,0.0001,3,0.1428571428571428,0.4021
ETHUSDT,2025-09-12,8.285999999999999e-05,4.858e-05,0.0001,3,0.0476190476190476,0.3764
ETHUSDT,2025-09-13,9.938333333333334e-05,9.815e-05,0.0001,3,0.0,0.3602
ETHUSDT,2025-09-14,4.7449999999999995e-05,3.75e-06,8.307e-05,3,0.0,0.381
ETHUSDT,2025-09-15,5.844e-05,3.563e-05,7.366e-05,3,0.0,0.3766
ETHUSDT,2025-09-16,3.701e-05,2.037e-05,4.54e-05,3,0.0,0.3852
ETHUSDT,2025-09-17,4.061e-05,2.419e-05,5.358e-05,3,0.0,0.3838
ETHUSDT,2025-09-18,3.804333333333333e-05,1.971e-05,5.15e-05,3,0.0,0.3848
ETHUSDT,2025-09-19,1.7233333333333333e-06,-4.324e-05,5.745e-05,3,0.0952380952380952,0.4184
ETHUSDT,2025-09-20,-2.579999999999999e-06,-4.366e-05,4.189e-05,3,0.1904761904761904,0.4391
ETHUSDT,2025-09-21,1.8316666666666664e-05,-2.372e-05,4.828e-05,3,0.238095238095238,0.4403
ETHUSDT,2025-09-22,-6.87e-06,-2.051e-05,5.08e-06,3,0.3333333333333333,0.4694
ETHUSDT,2025-09-23,1.0706666666666664e-05,-2.189e-05,5.594e-05,3,0.4285714285714285,0.4814
ETHUSDT,2025-09-24,-6.413333333333333e-06,-3.616e-05,9.73e-06,3,0.4761904761904761,0.4978
ETHUSDT,2025-09-25,-2.2373333333333335e-05,-8.602e-05,0.0001,3,0.5714285714285714,0.5232
ETHUSDT,2025-09-26,5.650999999999999e-05,3.202e-05,8.976e-05,3,0.4761904761904761,0.4726
ETHUSDT,2025-09-27,4.2596666666666665e-05,-1.608e-05,0.0001,3,0.4285714285714285,0.4687
ETHUSDT,2025-09-28,6.801333333333333e-05,4.229e-05,8.2e-05,3,0.3809523809523809,0.449
ETHUSDT,2025-09-29,1.288e-05,-3.49e-05,3.842e-05,3,0.3333333333333333,0.4615
ETHUSDT,2025-09-30,2.7e-07,-1.307e-05,9.16e-06,3,0.2857142857142857,0.457
ETHUSDT,2025-10-01,8.433333333333338e-07,-1.572e-05,2.569e-05,3,0.3333333333333333,0.4663
ETHUSDT,2025-10-02,2.751e-05,1.487e-05,3.733e-05,3,0.238095238095238,0.4366
ETHUSDT,2025-10-03,4.946e-05,1.312e-05,7.933e-05,3,0.238095238095238,0.4278
ETHUSDT,2025-10-04,3.6983333333333336e-05,7.25e-06,5.57e-05,3,0.1904761904761904,0.4233
ETHUSDT,2025-10-05,8.489666666666668e-05,5.761e-05,0.0001,3,0.1904761904761904,0.4041
ETHUSDT,2025-10-06,9.298e-05,7.894e-05,0.0001,3,0.1428571428571428,0.3914
ETHUSDT,2025-10-07,0.0001,0.0001,0.0001,3,0.0952380952380952,0.379
ETHUSDT,2025-10-08,2.851e-05,1.254e-05,6.038e-05,3,0.0,0.3886
ETHUSDT,2025-10-09,3.0463333333333337e-05,-2.26e-06,5.752e-05,3,0.0476190476190476,0.3973
ETHUSDT,2025-10-10,-2.366666666666661e-07,-5.147e-05,2.565e-05,3,0.0952380952380952,0.4191
ETHUSDT,2025-10-11,-1.0889999999999994e-05,-0.00013094,0.0001,3,0.1904761904761904,0.4425
ETHUSDT,2025-10-12,-3.563e-05,-6.965e-05,8.39e-06,3,0.2857142857142857,0.4714
ETHUSDT,2025-10-13,2.622e-05,-2.591e-05,5.255e-05,3,0.3333333333333333,0.4562
ETHUSDT,2025-10-14,2.8823333333333336e-05,3.52e-06,5.602e-05,3,0.3333333333333333,0.4551
ETHUSDT,2025-10-15,2.7260000000000003e-05,1.42e-05,4.258e-05,3,0.3333333333333333,0.4558
ETHUSDT,2025-10-16,2.9466666666666667e-06,-4.99e-06,7.65e-06,3,0.3333333333333333,0.4655
ETHUSDT,2025-10-17,3.982333333333333e-05,2.963e-05,5.63e-05,3,0.2857142857142857,0.4412
ETHUSDT,2025-10-18,3.0063333333333337e-05,1.423e-05,6.086e-05,3,0.1904761904761904,0.4261
ETHUSDT,2025-10-19,3.951333333333333e-05,2.101e-05,6.239e-05,3,0.0952380952380952,0.4032
ETHUSDT,2025-10-20,4.631e-05,2.481e-05,5.999e-05,3,0.0476190476190476,0.391
ETHUSDT,2025-10-21,3.767e-05,4.7e-07,7.724e-05,3,0.0476190476190476,0.3945
ETHUSDT,2025-10-22,6.976666666666667e-06,-2.491e-05,2.392e-05,3,0.0952380952380952,0.4163
ETHUSDT,2025-10-23,3.295666666666667e-05,5.29e-06,5.185e-05,3,0.0476190476190476,0.3963
ETHUSDT,2025-10-24,4.46e-05,8.88e-06,9.418e-05,3,0.0476190476190476,0.3917
ETHUSDT,2025-10-25,3.080333333333333e-05,1.282e-05,6.413e-05,3,0.0476190476190476,0.3972
ETHUSDT,2025-10-26,7.359666666666667e-05,2.079e-05,0.0001,3,0.0476190476190476,0.3801
ETHUSDT,2025-10-27,9.275666666666669e-05,7.827e-05,0.0001,3,0.0476190476190476,0.3724
ETHUSDT,2025-10-28,3.449e-05,1.796e-05,4.615e-05,3,0.0476190476190476,0.3957
ETHUSDT,2025-10-29,-7.506666666666664e-06,-5.159e-05,3.915e-05,3,0.0952380952380952,0.4221
ETHUSDT,2025-10-30,-4.008666666666667e-05,-6.394e-05,-2.243e-05,3,0.238095238095238,0.4637
ETHUSDT,2025-10-31,3.2376666666666664e-05,-1.283e-05,7.777e-05,3,0.2857142857142857,0.4442
ETHUSDT,2025-11-01,7.926666666666666e-05,6.032e-05,0.0001,3,0.2857142857142857,0.4254
ETHUSDT,2025-11-02,6.405e-05,3.269e-05,9.258e-05,3,0.2857142857142857,0.4315
ETHUSDT,2025-11-03,3.944666666666667e-05,5.24e-06,8.937e-05,3,0.2857142857142857,0.4414
ETHUSDT,2025-11-04,7.249666666666666e-05,4.875e-05,8.984e-05,3,0.2857142857142857,0.4281
ETHUSDT,2025-11-05,2.0556666666666662e-05,6.56e-06,4.337e-05,3,0.1904761904761904,0.4299
ETHUSDT,2025-11-06,3.3253333333333336e-05,7.1e-07,4.986e-05,3,0.0476190476190476,0.3962
ETHUSDT,2025-11-07,6.88e-05,4.78e-05,8.277e-05,3,0.0,0.3725
ETHUSDT,2025-11-08,7.541e-05,6.487e-05,8.414e-05,3,0.0,0.3698
ETHUSDT,2025-11-09,4.1633333333333333e-05,1.158e-05,6.622e-05,3,0.0,0.3833
ETHUSDT,2025-11-10,6.863666666666667e-05,3.686e-05,9.099e-05,3,0.0,0.3725
ETHUSDT,2025-11-11,1.0773333333333334e-05,-2.557e-05,2.962e-05,3,0.0476190476190476,0.4052
ETHUSDT,2025-11-12,2.2393333333333335e-05,-3.94e-05,7.04e-05,3,0.0952380952380952,0.4101
ETHUSDT,2025-11-13,6.429333333333334e-05,2.321e-05,0.0001,3,0.0952380952380952,0.3933
ETHUSDT,2025-11-14,3.7176666666666666e-05,-3.82e-06,7.962e-05,3,0.1428571428571428,0.4137
ETHUSDT,2025-11-15,4.685e-05,4.397e-05,4.979e-05,3,0.1428571428571428,0.4098
ETHUSDT,2025-11-16,9.259666666666666e-05,7.779e-05,0.0001,3,0.1428571428571428,0.3915
ETHUSDT,2025-11-17,8.664000000000001e-05,5.992e-05,0.0001,3,0.1428571428571428,0.3939
ETHUSDT,2025-11-18,8.327999999999999e-05,5.928e-05,0.0001,3,0.0952380952380952,0.3857
ETHUSDT,2025-11-19,6.643666666666667e-05,3.204e-05,0.0001,3,0.0476190476190476,0.3829
ETHUSDT,2025-11-20,7.241e-05,6.788e-05,7.838e-05,3,0.0476190476190476,0.3806
ETHUSDT,2025-11-21,3.574e-05,1.947e-05,5.44e-05,3,0.0,0.3857
ETHUSDT,2025-11-22,4.570333333333333e-05,1.859e-05,7.195e-05,3,0.0,0.3817
ETHUSDT,2025-11-23,1.167333333333333e-05,-2.356e-05,6.445e-05,3,0.0952380952380952,0.4144
ETHUSDT,2025-11-24,4.178666666666666e-05,-1e-07,7.615e-05,3,0.1428571428571428,0.4119
ETHUSDT,2025-11-25,2.7333333333333335e-05,5.56e-06,4.02e-05,3,0.1428571428571428,0.4176
ETHUSDT,2025-11-26,1.891e-05,-9.2e-06,4.707e-05,3,0.1904761904761904,0.4305
ETHUSDT,2025-11-27,1.7003333333333334e-05,9.88e-06,2.467e-05,3,0.1904761904761904,0.4313
ETHUSDT,2025-11-28,5.3e-06,-9.03e-06,2.638e-05,3,0.2857142857142857,0.455
ETHUSDT,2025-11-29,9.773333333333332e-06,-1.52e-06,2.574e-05,3,0.3333333333333333,0.4628
ETHUSDT,2025-11-30,5.214e-05,3.707e-05,7.916e-05,3,0.238095238095238,0.4268
ETHUSDT,2025-12-01,3.532e-05,-2.535e-05,7.757e-05,3,0.238095238095238,0.4335
ETHUSDT,2025-12-02,5.549333333333333e-05,4.147e-05,6.949e-05,3,0.238095238095238,0.4254
ETHUSDT,2025-12-03,3.6066666666666665e-05,1.107e-05,5.015e-05,3,0.1904761904761904,0.4237
ETHUSDT,2025-12-04,8.644333333333333e-05,6.305e-05,0.0001,3,0.1904761904761904,0.4035
ETHUSDT,2025-12-05,5.686666666666667e-05,2.405e-05,9.771e-05,3,0.0952380952380952,0.3963
ETHUSDT,2025-12-06,2.708e-05,4.55e-06,4.481e-05,3,0.0476190476190476,0.3987
ETHUSDT,2025-12-07,1.3966666666666668e-05,-9.74e-06,3.716e-05,3,0.0952380952380952,0.4135
ETHUSDT,2025-12-08,4.728666666666667e-05,2.807e-05,7.24e-05,3,0.0476190476190476,0.3906
ETHUSDT,2025-12-09,5.123333333333333e-05,3.873e-05,6.214e-05,3,0.0476190476190476,0.389
ETHUSDT,2025-12-10,6.963666666666666e-05,3.462e-05,0.0001,3,0.0476190476190476,0.3817
ETHUSDT,2025-12-11,3.2246666666666664e-05,1.38e-06,6.92e-05,3,0.0476190476190476,0.3966
ETHUSDT,2025-12-12,9.11e-06,-2.48e-06,3.217e-05,3,0.1428571428571428,0.4249
ETHUSDT,2025-12-13,6.816666666666668e-06,-1.354e-05,3.292e-05,3,0.1904761904761904,0.4354
ETHUSDT,2025-12-14,7.132333333333333e-05,4.872e-05,8.266e-05,3,0.1428571428571428,0.4
ETHUSDT,2025-12-15,3.873333333333334e-05,2.051e-05,6.154e-05,3,0.1428571428571428,0.4131
ETHUSDT,2025-12-16,-7.666666666666672e-07,-1.87e-05,2.281e-05,3,0.238095238095238,0.4479
ETHUSDT,2025-12-17,1.3853333333333332e-05,8.6e-07,3.718e-05,3,0.238095238095238,0.4421
ETHUSDT,2025-12-18,2.9033333333333345e-06,-3.186e-05,5.89e-05,3,0.3333333333333333,0.4655
ETHUSDT,2025-12-19,7.421333333333334e-05,5.783e-05,9.196e-05,3,0.238095238095238,0.4179
ETHUSDT,2025-12-20,1.6029999999999997e-05,9.03e-06,1.997e-05,3,0.1904761904761904,0.4317
ETHUSDT,2025-12-21,2.1236666666666663e-05,3.37e-06,4.198e-05,3,0.1904761904761904,0.4296
ETHUSDT,2025-12-22,-7.75e-06,-2.332e-05,5.76e-06,3,0.2857142857142857,0.4602
ETHUSDT,2025-12-23,4.4139999999999994e-05,2.64e-05,6.79e-05,3,0.1904761904761904,0.4204
ETHUSDT,2025-12-24,4.799666666666666e-05,2.584e-05,6.186e-05,3,0.1904761904761904,0.4189
ETHUSDT,2025-12-25,6.0616666666666665e-05,4.97e-05,6.688e-05,3,0.0952380952380952,0.3948
ETHUSDT,2025-12-26,4.984e-05,3.451e-05,6.473e-05,3,0.0952380952380952,0.3991
ETHUSDT,2025-12-27,3.884e-05,-5.19e-06,8.133e-05,3,0.1428571428571428,0.413
ETHUSDT,2025-12-28,5.959e-05,4.862e-05,7.91e-05,3,0.1428571428571428,0.4047
ETHUSDT,2025-12-29,6.51e-05,1.862e-05,9.172e-05,3,0.0476190476190476,0.3835
ETHUSDT,2025-12-30,4.128000000000001e-05,-1.536e-05,0.0001,3,0.0952380952380952,0.4025
ETHUSDT,2025-12-31,3.296333333333333e-05,1.205e-05,5.157e-05,3,0.0952380952380952,0.4059
ETHUSDT,2026-01-01,6.0796666666666674e-05,-5.6e-06,0.0001,3,0.1428571428571428,0.4043
ETHUSDT,2026-01-02,6.047666666666667e-05,3.09e-05,0.0001,3,0.1428571428571428,0.4044
ETHUSDT,2026-01-03,3.946333333333334e-05,3.231e-05,5.187e-05,3,0.0952380952380952,0.4033
ETHUSDT,2026-01-04,5.013666666666667e-05,2.12e-06,7.598e-05,3,0.0952380952380952,0.399
ETHUSDT,2026-01-05,4.659e-05,9.66e-06,7.926e-05,3,0.0952380952380952,0.4004
ETHUSDT,2026-01-06,6.387e-05,4.25e-05,8.035e-05,3,0.0476190476190476,0.384
ETHUSDT,2026-01-07,6.276e-05,3.902e-05,7.658e-05,3,0.0476190476190476,0.3844
ETHUSDT,2026-01-08,4.917e-05,4.9e-07,7.658e-05,3,0.0,0.3803
ETHUSDT,2026-01-09,5.328333333333334e-05,3.789e-05,6.634e-05,3,0.0,0.3787
ETHUSDT,2026-01-10,8.078666666666666e-05,5.277e-05,0.0001,3,0.0,0.3677
ETHUSDT,2026-01-11,7.424333333333332e-05,5.876e-05,9.824e-05,3,0.0,0.3703
ETHUSDT,2026-01-12,6.711666666666667e-05,3.472e-05,0.0001,3,0.0,0.3732
ETHUSDT,2026-01-13,5.5133333333333336e-05,2.672e-05,9.164e-05,3,0.0,0.3779
ETHUSDT,2026-01-14,9.443666666666668e-05,8.331e-05,0.0001,3,0.0,0.3622
ETHUSDT,2026-01-15,5.246e-05,6.58e-06,9.722e-05,3,0.0,0.379
ETHUSDT,2026-01-16,3.2029999999999997e-05,2.767e-05,3.558e-05,3,0.0,0.3872
ETHUSDT,2026-01-17,7.489e-05,6.017e-05,8.371e-05,3,0.0,0.37
ETHUSDT,2026-01-18,2.5296666666666668e-05,1.351e-05,3.761e-05,3,0.0,0.3899
ETHUSDT,2026-01-19,1.8363333333333338e-05,-1.14e-05,5.221e-05,3,0.0476190476190476,0.4022
ETHUSDT,2026-01-20,5.314666666666667e-05,1.232e-05,8.611e-05,3,0.0476190476190476,0.3883
ETHUSDT,2026-01-21,7.316666666666666e-06,5.3e-06,1.113e-05,3,0.0476190476190476,0.4066
ETHUSDT,2026-01-22,2.2890000000000003e-05,-2.933e-05,7.681e-05,3,0.0952380952380952,0.4099
ETHUSDT,2026-01-23,3.1956666666666665e-05,1.674e-05,5.045e-05,3,0.0952380952380952,0.4063
ETHUSDT,2026-01-24,2.046e-05,1.171e-05,3.675e-05,3,0.0952380952380952,0.4109
ETHUSDT,2026-01-25,4.961e-05,4.059e-05,6.759e-05,3,0.0952380952380952,0.3992
ETHUSDT,2026-01-26,-1.9210000000000004e-05,-0.00013629,6.54e-05,3,0.0952380952380952,0.4267
ETHUSDT,2026-01-27,8.479e-05,7.255e-05,9.488e-05,3,0.0952380952380952,0.3851
ETHUSDT,2026-01-28,7.586e-05,4.501e-05,9.559e-05,3,0.0952380952380952,0.3887
ETHUSDT,2026-01-29,2.5473333333333336e-05,-1.167e-05,4.731e-05,3,0.0952380952380952,0.4089
ETHUSDT,2026-01-30,3.633333333333331e-07,-3.08e-06,4.73e-06,3,0.1904761904761904,0.4379
ETHUSDT,2026-01-31,-4.6856666666666675e-05,-8.908e-05,1.854e-05,3,0.2857142857142857,0.4759
ETHUSDT,2026-02-01,-7.44e-05,-0.00016427,1.415e-05,3,0.3809523809523809,0.506
ETHUSDT,2026-02-02,-0.00011477,-0.00015302,-8.208e-05,3,0.4761904761904761,0.5411
ETHUSDT,2026-02-03,-6.125e-05,-0.00015482,1.01e-05,3,0.5714285714285714,0.5388
ETHUSDT,2026-02-04,-2.1716666666666665e-05,-6.117e-05,2.076e-05,3,0.6666666666666666,0.542
ETHUSDT,2026-02-05,-9.326666666666668e-06,-7.797e-05,5.503e-05,3,0.7142857142857143,0.5466
ETHUSDT,2026-02-06,-0.00011429,-0.00027709,1.852e-05,3,0.7142857142857143,0.5886
ETHUSDT,2026-02-07,3.817666666666667e-05,-1.83e-06,0.0001,3,0.6666666666666666,0.5181
ETHUSDT,2026-02-08,-1.9263333333333332e-05,-5.398e-05,2.665e-05,3,0.6666666666666666,0.541
ETHUSDT,2026-02-09,-3.077333333333333e-05,-4.865e-05,-3.34e-06,3,0.6666666666666666,0.5456
ETHUSDT,2026-02-10,-0.00010126,-0.00019437,4.269e-05,3,0.6666666666666666,0.5738
ETHUSDT,2026-02-11,-0.0001124333333333,-0.00012968,-8.436e-05,3,0.7142857142857143,0.5878
ETHUSDT,2026-02-12,-1.471e-05,-4.103e-05,2.239e-05,3,0.7142857142857143,0.5487
ETHUSDT,2026-02-13,-3.0886666666666663e-05,-0.00010652,4.26e-05,3,0.7142857142857143,0.5552
ETHUSDT,2026-02-14,-2.4900000000000003e-06,-1.921e-05,1.442e-05,3,0.7619047619047619,0.5534
ETHUSDT,2026-02-15,-2.571000000000001e-05,-7.55e-05,6.204e-05,3,0.7619047619047619,0.5627
ETHUSDT,2026-02-16,-4.912666666666667e-05,-5.925e-05,-3.499e-05,3,0.7619047619047619,0.572
ETHUSDT,2026-02-17,4.693333333333331e-06,-4.733e-05,5.298e-05,3,0.7142857142857143,0.541
ETHUSDT,2026-02-18,-1.176e-05,-3.783e-05,1.121e-05,3,0.6666666666666666,0.538
ETHUSDT,2026-02-19,-7.145e-05,-0.00010561,-3.009e-05,3,0.7142857142857143,0.5714
ETHUSDT,2026-02-20,-4.995666666666667e-05,-7.16e-05,-3.19e-05,3,0.7619047619047619,0.5724
ETHUSDT,2026-02-21,4.7566666666666666e-05,3.05e-05,6.628e-05,3,0.6666666666666666,0.5143
ETHUSDT,2026-02-22,3.499999999999999e-06,-4.379e-05,3.845e-05,3,0.6190476190476191,0.5224
ETHUSDT,2026-02-23,-0.0001273833333333,-0.00036526,1.654e-05,3,0.5714285714285714,0.5652
ETHUSDT,2026-02-24,-1.603333333333333e-05,-4.446e-05,2.61e-05,3,0.6190476190476191,0.5302
ETHUSDT,2026-02-25,2.6186666666666668e-05,-2.455e-05,5.753e-05,3,0.5714285714285714,0.5038
ETHUSDT,2026-02-26,3.0406666666666665e-05,-2.591e-05,7.787e-05,3,0.4761904761904761,0.4831
ETHUSDT,2026-02-27,-3.0969999999999997e-05,-0.00011015,1.39e-05,3,0.3809523809523809,0.4886
ETHUSDT,2026-02-28,-8.487666666666666e-05,-9.456e-05,-7.186e-05,3,0.5238095238095238,0.5387
ETHUSDT,2026-03-01,2.290333333333333e-05,-3.406e-05,5.291e-05,3,0.5238095238095238,0.4956
ETHUSDT,2026-03-02,-6.222333333333334e-05,-7.621e-05,-4.31e-05,3,0.5714285714285714,0.5392
ETHUSDT,2026-03-03,-2.4703333333333335e-05,-9.532e-05,4.93e-05,3,0.5714285714285714,0.5242
ETHUSDT,2026-03-04,-2.946666666666668e-06,-7.107e-05,6.615e-05,3,0.6190476190476191,0.525
ETHUSDT,2026-03-05,-1.2103333333333332e-05,-1.463e-05,-8.37e-06,3,0.7142857142857143,0.5477
ETHUSDT,2026-03-06,-2.6216666666666662e-05,-9.858e-05,4.376e-05,3,0.7619047619047619,0.5629
ETHUSDT,2026-03-07,-2.7236666666666663e-05,-4.995e-05,-9.16e-06,3,0.7619047619047619,0.5633
ETHUSDT,2026-03-08,-7.021000000000001e-05,-8.766e-05,-4.775e-05,3,0.8571428571428571,0.5995
ETHUSDT,2026-03-09,-4.835333333333333e-05,-0.00022545,5.482e-05,3,0.7619047619047619,0.5717
ETHUSDT,2026-03-10,4.0023333333333334e-05,2.672e-05,5.082e-05,3,0.6666666666666666,0.5173
ETHUSDT,2026-03-11,8.413333333333335e-06,-3.94e-06,2.992e-05,3,0.6666666666666666,0.53
ETHUSDT,2026-03-12,-2.474e-05,-6.811e-05,9.02e-06,3,0.6190476190476191,0.5337
ETHUSDT,2026-03-13,1.4333333333333334e-05,-6.3e-07,2.264e-05,3,0.5714285714285714,0.5086
ETHUSDT,2026-03-14,-1.2626666666666664e-05,-4.1e-05,2.679e-05,3,0.5238095238095238,0.5098
ETHUSDT,2026-03-15,5.599999999999992e-07,-4.662e-05,3.459e-05,3,0.4285714285714285,0.4855
ETHUSDT,2026-03-16,8.228e-05,7.073e-05,0.0001,3,0.3809523809523809,0.4433
ETHUSDT,2026-03-17,2.0206666666666667e-05,-1.057e-05,5.155e-05,3,0.4285714285714285,0.4776
ETHUSDT,2026-03-18,4.686666666666667e-06,-1.399e-05,1.504e-05,3,0.3809523809523809,0.4743
ETHUSDT,2026-03-19,-3.95e-06,-8.71e-06,6.6e-07,3,0.3809523809523809,0.4778
ETHUSDT,2026-03-20,-4.122333333333333e-05,-6.348e-05,-7.2e-07,3,0.4761904761904761,0.5117
ETHUSDT,2026-03-21,1.8526666666666667e-05,1.136e-05,2.359e-05,3,0.3809523809523809,0.4688
ETHUSDT,2026-03-22,-2.4433333333333332e-05,-7.418e-05,1.14e-05,3,0.4285714285714285,0.4955
ETHUSDT,2026-03-23,-4.500000000000019e-07,-5.929e-05,6.11e-05,3,0.5238095238095238,0.5049
ETHUSDT,2026-03-24,7.733333333333333e-06,-2.682e-05,2.88e-05,3,0.5238095238095238,0.5017
ETHUSDT,2026-03-25,-3.3666666666666685e-07,-4.168e-05,3.54e-05,3,0.5238095238095238,0.5049
ETHUSDT,2026-03-26,-1.0146666666666667e-05,-8.212e-05,4.453e-05,3,0.4761904761904761,0.4993
ETHUSDT,2026-03-27,-7.825333333333333e-05,-0.00018104,-2.08e-06,3,0.4761904761904761,0.5265
ETHUSDT,2026-03-28,-4.344333333333334e-05,-8.079e-05,4.5e-07,3,0.5714285714285714,0.5317
ETHUSDT,2026-03-29,-2.853e-05,-3.76e-05,-1.122e-05,3,0.6190476190476191,0.5352
ETHUSDT,2026-03-30,9.013333333333334e-06,-2.586e-05,4.113e-05,3,0.5714285714285714,0.5107
ETHUSDT,2026-03-31,3.4766666666666667e-06,-9.62e-06,1.748e-05,3,0.5714285714285714,0.5129
ETHUSDT,2026-04-01,2.9843333333333336e-05,-2.57e-06,4.782e-05,3,0.5714285714285714,0.5023
ETHUSDT,2026-04-02,-9.870333333333331e-05,-0.00013372,-7.283e-05,3,0.6666666666666666,0.5728
ETHUSDT,2026-04-03,-1.103e-05,-2.988e-05,6.37e-06,3,0.6190476190476191,0.5282
ETHUSDT,2026-04-04,1.8733333333333336e-05,-3e-07,4.915e-05,3,0.5714285714285714,0.5068
ETHUSDT,2026-04-05,-4.249999999999999e-06,-4.34e-05,2.442e-05,3,0.4761904761904761,0.4969
ETHUSDT,2026-04-06,3.53e-05,2.033e-05,6.201e-05,3,0.4285714285714285,0.4716
ETHUSDT,2026-04-07,-1.959e-05,-3.933e-05,1.031e-05,3,0.4761904761904761,0.5031
ETHUSDT,2026-04-08,7.515e-05,5.834e-05,0.0001,3,0.4285714285714285,0.4557
ETHUSDT,2026-04-09,1.248e-05,-1.493e-05,3.32e-05,3,0.3333333333333333,0.4617
ETHUSDT,2026-04-10,3.616666666666666e-06,-4.48e-06,1.25e-05,3,0.2857142857142857,0.4557
ETHUSDT,2026-04-11,-5.8406666666666664e-05,-7.635e-05,-3.26e-05,3,0.3809523809523809,0.4996
ETHUSDT,2026-04-12,-2.606666666666668e-06,-5.477e-05,8.271e-05,3,0.4285714285714285,0.4868
ETHUSDT,2026-04-13,1.6853333333333333e-05,-9.86e-06,3.028e-05,3,0.4761904761904761,0.4885
ETHUSDT,2026-04-14,7.83e-05,3.49e-05,0.0001,3,0.3809523809523809,0.4449
ETHUSDT,2026-04-15,1.237e-05,2.61e-06,1.802e-05,3,0.3809523809523809,0.4712
ETHUSDT,2026-04-16,-3.55e-05,-5.141e-05,-1.717e-05,3,0.4761904761904761,0.5094
ETHUSDT,2026-04-17,1.1673333333333334e-05,8.22e-06,1.819e-05,3,0.4285714285714285,0.481
ETHUSDT,2026-04-18,-6.155333333333333e-05,-0.00015064,-1.075e-05,3,0.4285714285714285,0.5103
ETHUSDT,2026-04-19,-0.0001493033333333,-0.00022976,-0.00010377,3,0.4761904761904761,0.555
ETHUSDT,2026-04-20,-5.0833333333333335e-06,-1.408e-05,8.1e-06,3,0.5238095238095238,0.5068
ETHUSDT,2026-04-21,-3.926e-05,-4.382e-05,-3.676e-05,3,0.6666666666666666,0.549
ETHUSDT,2026-04-22,5.2230000000000006e-05,-2.128e-05,0.0001,3,0.7142857142857143,0.522
ETHUSDT,2026-04-23,6.636666666666668e-06,-6.025e-05,0.0001,3,0.6666666666666666,0.5307
ETHUSDT,2026-04-24,-7.59e-05,-0.00012145,-3.645e-05,3,0.8095238095238095,0.5923
ETHUSDT,2026-04-25,-3.653e-05,-4.431e-05,-2.141e-05,3,0.8095238095238095,0.5765
ETHUSDT,2026-04-26,-1.968e-05,-2.842e-05,-1.131e-05,3,0.8095238095238095,0.5698
ETHUSDT,2026-04-27,-7.364666666666666e-05,-7.865e-05,-6.636e-05,3,0.8571428571428571,0.6009
ETHUSDT,2026-04-28,-9.252333333333332e-05,-0.00016104,2.5e-07,3,0.8095238095238095,0.5989
ETHUSDT,2026-04-29,4.096666666666667e-05,2.842e-05,4.782e-05,3,0.7619047619047619,0.536
ETHUSDT,2026-04-30,-6.148333333333334e-05,-7.717e-05,-4.636e-05,3,0.8095238095238095,0.5865
ETHUSDT,2026-05-01,-2.6693333333333338e-05,-4e-05,-1.877e-05,3,0.8095238095238095,0.5726
ETHUSDT,2026-05-02,-1.5479999999999997e-05,-3.82e-05,-3.88e-06,3,0.8095238095238095,0.5681
ETHUSDT,2026-05-03,3.5463333333333337e-05,-1.628e-05,8.747e-05,3,0.7142857142857143,0.5287
ETHUSDT,2026-05-04,4.248000000000001e-05,-2.09e-06,8.648e-05,3,0.6190476190476191,0.5068
ETHUSDT,2026-05-05,-3.629e-05,-6.52e-05,-1.957e-05,3,0.6666666666666666,0.5478
ETHUSDT,2026-05-06,-5.534e-05,-9.447e-05,-2.041e-05,3,0.8095238095238095,0.584
ETHUSDT,2026-05-07,-7.632333333333333e-05,-0.00011993,-4.319e-05,3,0.8095238095238095,0.5924
ETHUSDT,2026-05-08,-2.391666666666667e-05,-3.358e-05,-9.68e-06,3,0.8095238095238095,0.5715
ETHUSDT,2026-05-09,6.424333333333334e-05,4.314e-05,8.76e-05,3,0.6666666666666666,0.5076
ETHUSDT,2026-05-10,8.327333333333333e-05,6.714e-05,0.0001,3,0.6190476190476191,0.4905
ETHUSDT,2026-05-11,4.271e-05,1.995e-05,7.463e-05,3,0.5714285714285714,0.4972
ETHUSDT,2026-05-12,2.8700000000000003e-05,7.08e-06,3.956e-05,3,0.4285714285714285,0.4742
ETHUSDT,2026-05-13,2.3046666666666667e-05,5.45e-06,5.046e-05,3,0.2857142857142857,0.4479
ETHUSDT,2026-05-14,5.137999999999999e-05,3.946e-05,5.942e-05,3,0.1428571428571428,0.408
ETHUSDT,2026-05-15,3.64e-06,-6.93e-06,1.397e-05,3,0.0476190476190476,0.4081
ETHUSDT,2026-05-16,6.023e-05,4.496e-05,7.065e-05,3,0.0476190476190476,0.3854
ETHUSDT,2026-05-17,5.785666666666667e-05,4.855e-05,7.161e-05,3,0.0476190476190476,0.3864
ETHUSDT,2026-05-18,2.5786666666666668e-05,6.52e-06,5.159e-05,3,0.0476190476190476,0.3992
ETHUSDT,2026-05-19,6.425e-05,3.588e-05,0.0001,3,0.0476190476190476,0.3838
ETHUSDT,2026-05-20,4.621333333333333e-05,3.051e-05,5.523e-05,3,0.0476190476190476,0.391
ETHUSDT,2026-05-21,4.0786666666666674e-05,2.532e-05,5.867e-05,3,0.0476190476190476,0.3932
ETHUSDT,2026-05-22,4.654e-05,3.093e-05,5.943e-05,3,0.0,0.3814
ETHUSDT,2026-05-23,5.515333333333333e-05,4.466e-05,6.36e-05,3,0.0,0.3779
ETHUSDT,2026-05-24,6.751333333333334e-05,4.195e-05,8.039e-05,3,0.0,0.373
ETHUSDT,2026-05-25,4.705333333333334e-05,3.249e-05,5.508e-05,3,0.0,0.3812
ETHUSDT,2026-05-26,3.553e-05,3.408e-05,3.793e-05,3,0.0,0.3858
ETHUSDT,2026-05-27,5.5066666666666666e-05,3.072e-05,7.351e-05,3,0.0,0.378
ETHUSDT,2026-05-28,2.649333333333333e-05,2.421e-05,2.984e-05,3,0.0,0.3894
ETHUSDT,2026-05-29,7.396e-05,6.595e-05,8.553e-05,3,0.0,0.3704
ETHUSDT,2026-05-30,5.695666666666666e-05,4.54e-05,6.842e-05,3,0.0,0.3772
ETHUSDT,2026-05-31,4.975333333333333e-05,-1.604e-05,9.473e-05,3,0.3333333333333333,0.4468
ETHUSDT,2026-06-01,6.434e-05,1.818e-05,0.0001,3,0.16666666666666666,0.4076
ETHUSDT,2026-06-02,4.3110000000000006e-05,1.034e-05,0.0001,3,0.1111111111111111,0.405
ETHUSDT,2026-06-03,3.6956666666666665e-05,-4.82e-06,5.84e-05,3,0.16666666666666666,0.4186
ETHUSDT,2026-06-04,2.5960000000000002e-05,5.55e-06,6.677e-05,3,0.13333333333333333,0.4163
ETHUSDT,2026-06-05,-5.001333333333333e-05,-6.866e-05,-1.296e-05,3,0.2777777777777778,0.4756
ETHUSDT,2026-06-06,-1.475e-05,-1.664e-05,-1.159e-05,3,0.38095238095238093,0.4821
ETHUSDT,2026-06-07,-7.914666666666667e-05,-9.555e-05,-5.333e-05,3,0.47619047619047616,0.5269
ETHUSDT,2026-06-08,-4.409666666666667e-05,-6.487e-05,-6.42e-06,3,0.6190476190476191,0.5414
ETHUSDT,2026-06-09,-3.9183333333333335e-05,-9.635e-05,1.503e-05,3,0.7142857142857143,0.5585
ETHUSDT,2026-06-10,-1.3966666666666673e-06,-4.172e-05,1.88e-05,3,0.7142857142857143,0.5434
ETHUSDT,2026-06-11,2.6696666666666668e-05,-4.124e-05,8.387e-05,3,0.7619047619047619,0.5417
ETHUSDT,2026-06-12,1.2736666666666668e-05,-3.488e-05,4.171e-05,3,0.6666666666666666,0.5282
ETHUSDT,2026-06-13,1.9466666666666664e-05,-6.68e-06,4.943e-05,3,0.5714285714285714,0.5065
ETHUSDT,2026-06-14,8.266666666666667e-07,-8.17e-06,9.95e-06,3,0.47619047619047616,0.4949
ETHUSDT,2026-06-15,2.4756666666666663e-05,1.47e-06,5.909e-05,3,0.3333333333333333,0.4568
ETHUSDT,2026-06-16,7.866666666666665e-06,-3.78e-05,3.072e-05,3,0.2857142857142857,0.454
ETHUSDT,2026-06-17,4.7296666666666664e-05,-5.85e-06,9.887e-05,3,0.2857142857142857,0.4382
ETHUSDT,2026-06-18,-1.0126666666666666e-05,-2.603e-05,9.18e-06,3,0.3333333333333333,0.4707
ETHUSDT,2026-06-19,1.2989999999999998e-05,-1.938e-05,7.51e-05,3,0.38095238095238093,0.471
ETHUSDT,2026-06-20,4.116333333333333e-05,2.49e-06,6.553e-05,3,0.3333333333333333,0.4502
ETHUSDT,2026-06-21,2.104e-05,-1.062e-05,7.965e-05,3,0.38095238095238093,0.4678
ETHUSDT,2026-06-22,1.7673333333333336e-05,-5.183e-05,5.8e-05,3,0.42857142857142855,0.4786
ETHUSDT,2026-06-23,-5.1916666666666664e-05,-8.032e-05,-2.336e-05,3,0.5238095238095238,0.5255
ETHUSDT,2026-06-24,-1.618e-05,-2.78e-05,5.98e-06,3,0.5714285714285714,0.5208
ETHUSDT,2026-06-25,-7.600000000000017e-07,-5.806e-05,5.447e-05,3,0.5238095238095238,0.5051
ETHUSDT,2026-06-26,1.8493333333333335e-05,7.3e-06,2.916e-05,3,0.42857142857142855,0.4783
ETHUSDT,2026-06-27,-9.496666666666667e-06,-3.171e-05,1.683e-05,3,0.5238095238095238,0.5086
ETHUSDT,2026-06-28,-2.843e-05,-4.872e-05,2.49e-06,3,0.5238095238095238,0.5161
ETHUSDT,2026-06-29,3.88e-06,-2.896e-05,3.363e-05,3,0.5238095238095238,0.5032
ETHUSDT,2026-06-30,6.76e-06,-3.49e-05,4.858e-05,3,0.42857142857142855,0.483
ETHUSDT,2026-07-01,7.260666666666667e-05,7.063e-05,7.534e-05,3,0.3333333333333333,0.4376
ETHUSDT,2026-07-02,7.066333333333333e-05,4.814e-05,8.535e-05,3,0.2857142857142857,0.4289
ETHUSDT,2026-07-03,6.187666666666667e-05,9.4e-06,9.828e-05,3,0.2857142857142857,0.4324
ETHUSDT,2026-07-04,4.787000000000001e-05,3.129e-05,5.822e-05,3,0.19047619047619047,0.4189
ETHUSDT,2026-07-05,3.0896666666666665e-05,1.796e-05,3.938e-05,3,0.09523809523809523,0.4067
ETHUSDT,2026-07-06,6.063e-05,4.799e-05,8.352e-05,3,0.047619047619047616,0.3853
ETHUSDT,2026-07-07,4.368000000000001e-05,-7.23e-06,0.0001,3,0.047619047619047616,0.3921
ETHUSDT,2026-07-08,-5.426666666666667e-06,-4.537e-05,2.581e-05,3,0.09523809523809523,0.4212
ETHUSDT,2026-07-09,3.108e-05,1.279e-05,4.966e-05,3,0.09523809523809523,0.4066
ETHUSDT,2026-07-10,5.0826666666666666e-05,1.575e-05,8.735e-05,3,0.09523809523809523,0.3987
ETHUSDT,2026-07-11,3.3346666666666664e-05,1.728e-05,4.533e-05,3,0.09523809523809523,0.4057
ETHUSDT,2026-07-12,1.246e-05,-2.554e-05,6.062e-05,3,0.14285714285714285,0.4236
ETHUSDT,2026-07-13,2.101e-05,4.24e-06,3.082e-05,3,0.14285714285714285,0.4202
ETHUSDT,2026-07-14,4.5010000000000004e-05,-4.79e-06,0.0001,3,0.14285714285714285,0.4106
ETHUSDT,2026-07-15,5.791666666666667e-05,4.819e-05,6.612e-05,3,0.09523809523809523,0.3959
ETHUSDT,2026-07-16,3.59e-05,2.206e-05,4.514e-05,3,0.09523809523809523,0.4047
ETHUSDT,2026-07-17,3.0263333333333336e-05,1.177e-05,4.53e-05,3,0.09523809523809523,0.4069
ETHUSDT,2026-07-18,1.656e-05,3.31e-06,2.807e-05,3,0.09523809523809523,0.4124
ETHUSDT,2026-07-19,5.288333333333333e-05,3.476e-05,7.528e-05,3,0.047619047619047616,0.3884
ETHUSDT,2026-07-20,3.735000000000001e-05,-7.69e-06,6.325e-05,3,0.09523809523809523,0.4041
ETHUSDT,2026-07-21,5.783e-05,3.134e-05,0.0001,3,0.047619047619047616,0.3864
ETHUSDT,2026-07-22,2.0696666666666664e-05,-1.734e-05,5.349e-05,3,0.09523809523809523,0.4108
ETHUSDT,2026-07-23,-4.2033333333333335e-06,-1.177e-05,2.35e-06,3,0.19047619047619047,0.4398
ETHUSDT,2026-07-24,3.1833333333333335e-06,-1.694e-05,2.5e-05,3,0.23809523809523808,0.4463
ETHUSDT,2026-07-25,4.4813333333333333e-05,2.553e-05,6.889e-05,3,0.23809523809523808,0.4297
ETHUSDT,2026-07-26,4.9793333333333337e-05,1.161e-05,7.67e-05,3,0.23809523809523808,0.4277
ETHUSDT,2026-07-27,4.084666666666667e-05,1.043e-05,7.711e-05,3,0.19047619047619047,0.4218
ETHUSDT,2026-07-28,4.576666666666667e-06,-9.56e-06,2.712e-05,3,0.2857142857142857,0.4553
ETHUSDT,2026-07-29,3.597333333333333e-05,2.025e-05,4.791e-05,3,0.23809523809523808,0.4332
ETHUSDT,2026-07-30,6.297333333333333e-05,3.114e-05,0.0001,3,0.14285714285714285,0.4034
ETHUSDT,2026-07-31,-3.2600000000000014e-06,-7.537e-05,0.0001,3,0.19047619047619047,0.4394
ETHUSDT,2026-08-01,1.0183333333333335e-05,-1.429e-05,4.746e-05,3,0.2857142857142857,0.4531
ETHUSDT,2026-08-02,2.7153333333333333e-05,-1.5e-07,7.8e-05,3,0.3333333333333333,0.4558
ETHUSDT,2026-08-03,2.2706666666666667e-05,-2.524e-05,5.325e-05,3,0.38095238095238093,0.4671
ETHUSDT,2026-08-04,3.000666666666667e-05,1.459e-05,3.981e-05,3,0.2857142857142857,0.4451
SOLUSDT,2020-09-13,0.0001,0.0001,0.0001,1,0.0,0.36
SOLUSDT,2020-09-14,0.0001,0.0001,0.0001,3,0.0,0.36
SOLUSDT,2020-09-15,0.0001,0.0001,0.0001,3,0.0,0.36
SOLUSDT,2020-09-16,0.0001,0.0001,0.0001,3,0.0,0.36
SOLUSDT,2020-09-17,0.0001,0.0001,0.0001,3,0.0,0.36
SOLUSDT,2020-09-18,0.0001,0.0001,0.0001,3,0.0,0.36
SOLUSDT,2020-09-19,6.213333333333333e-05,-1.36e-05,0.0001,3,0.0526315789473684,0.3857
SOLUSDT,2020-09-20,-0.0001773933333333,-0.00042585,0.0001,3,0.1428571428571428,0.4995
SOLUSDT,2020-09-21,0.0001,0.0001,0.0001,3,0.1428571428571428,0.3886
SOLUSDT,2020-09-22,5.240333333333334e-05,-4.279e-05,0.0001,3,0.1904761904761904,0.4171
SOLUSDT,2020-09-23,0.0001,0.0001,0.0001,3,0.1904761904761904,0.3981
SOLUSDT,2020-09-24,3.6943333333333336e-05,-8.917e-05,0.0001,3,0.238095238095238,0.4328
SOLUSDT,2020-09-25,-6.465e-05,-0.00039395,0.0001,3,0.2857142857142857,0.483
SOLUSDT,2020-09-26,-8.297333333333334e-05,-0.00044892,0.0001,3,0.2857142857142857,0.4903
SOLUSDT,2020-09-27,0.0001,0.0001,0.0001,3,0.1904761904761904,0.3981
SOLUSDT,2020-09-28,0.0001,0.0001,0.0001,3,0.1904761904761904,0.3981
SOLUSDT,2020-09-29,0.0001,0.0001,0.0001,3,0.1428571428571428,0.3886
SOLUSDT,2020-09-30,0.0001,0.0001,0.0001,3,0.1428571428571428,0.3886
SOLUSDT,2020-10-01,0.0001,0.0001,0.0001,3,0.0952380952380952,0.379
SOLUSDT,2020-10-02,0.0001,0.0001,0.0001,3,0.0476190476190476,0.3695
SOLUSDT,2020-10-03,0.0001,0.0001,0.0001,3,0.0,0.36
SOLUSDT,2020-10-04,0.0001,0.0001,0.0001,3,0.0,0.36
SOLUSDT,2020-10-05,0.0001,0.0001,0.0001,3,0.0,0.36
SOLUSDT,2020-10-06,0.0001,0.0001,0.0001,3,0.0,0.36
SOLUSDT,2020-10-07,0.0001,0.0001,0.0001,3,0.0,0.36
SOLUSDT,2020-10-08,0.0001,0.0001,0.0001,3,0.0,0.36
SOLUSDT,2020-10-09,0.0001,0.0001,0.0001,3,0.0,0.36
SOLUSDT,2020-10-10,0.0001933966666666,0.0001,0.00028914,3,0.0,0.3226
SOLUSDT,2020-10-11,0.0003032966666666,0.0001,0.00070989,3,0.0,0.2787
SOLUSDT,2020-10-12,0.0001415266666666,0.0001,0.00022458,3,0.0,0.3434
SOLUSDT,2020-10-13,0.00012532,0.0001,0.00017596,3,0.0,0.3499
SOLUSDT,2020-10-14,0.0001613833333333,0.0001,0.00028415,3,0.0,0.3354
SOLUSDT,2020-10-15,0.0001,0.0001,0.0001,3,0.0,0.36
SOLUSDT,2020-10-16,0.0001,0.0001,0.0001,3,0.0,0.36
SOLUSDT,2020-10-17,0.0001,0.0001,0.0001,3,0.0,0.36
SOLUSDT,2020-10-18,0.0001,0.0001,0.0001,3,0.0,0.36
SOLUSDT,2020-10-19,0.0001,0.0001,0.0001,3,0.0,0.36
SOLUSDT,2020-10-20,0.0001,0.0001,0.0001,3,0.0,0.36
SOLUSDT,2020-10-21,0.0001,0.0001,0.0001,3,0.0,0.36
SOLUSDT,2020-10-22,0.0001859533333333,0.0001,0.00035786,3,0.0,0.3256
SOLUSDT,2020-10-23,0.0002160266666666,0.0001,0.00035682,3,0.0,0.3136
SOLUSDT,2020-10-24,0.0005163,0.0001,0.0008903,3,0.0,0.1935
SOLUSDT,2020-10-25,0.0003544466666666,0.0001986,0.00059139,3,0.0,0.2582
SOLUSDT,2020-10-26,0.0001,0.0001,0.0001,3,0.0,0.36
SOLUSDT,2020-10-27,0.0001,0.0001,0.0001,3,0.0,0.36
SOLUSDT,2020-10-28,0.0001,0.0001,0.0001,3,0.0,0.36
SOLUSDT,2020-10-29,0.0001,0.0001,0.0001,3,0.0,0.36
SOLUSDT,2020-10-30,6.575666666666667e-05,-2.73e-06,0.0001,3,0.0476190476190476,0.3832
SOLUSDT,2020-10-31,-0.0003105,-0.00062124,4.476e-05,3,0.1428571428571428,0.5528
SOLUSDT,2020-11-01,-0.0004326333333333,-0.0014979,0.0001,3,0.1904761904761904,0.6111
SOLUSDT,2020-11-02,0.0001,0.0001,0.0001,3,0.1904761904761904,0.3981
SOLUSDT,2020-11-03,0.0001,0.0001,0.0001,3,0.1904761904761904,0.3981
SOLUSDT,2020-11-04,0.0001,0.0001,0.0001,3,0.1904761904761904,0.3981
SOLUSDT,2020-11-05,0.0001,0.0001,0.0001,3,0.1904761904761904,0.3981
SOLUSDT,2020-11-06,2.206666666666667e-05,-0.0001338,0.0001,3,0.1904761904761904,0.4293
SOLUSDT,2020-11-07,-0.0003842433333333,-0.00163209,0.00037936,3,0.1428571428571428,0.5823
SOLUSDT,2020-11-08,0.0001000933333333,0.0001,0.00010028,3,0.0952380952380952,0.379
SOLUSDT,2020-11-09,0.00015782,0.0001,0.00027346,3,0.0952380952380952,0.3559
SOLUSDT,2020-11-10,0.00018804,0.0001,0.00036412,3,0.0952380952380952,0.3438
SOLUSDT,2020-11-11,0.0001854766666666,0.0001,0.00026794,3,0.0952380952380952,0.3449
SOLUSDT,2020-11-12,0.0001,0.0001,0.0001,3,0.0952380952380952,0.379
SOLUSDT,2020-11-13,0.0001,0.0001,0.0001,3,0.0476190476190476,0.3695
SOLUSDT,2020-11-14,0.0001,0.0001,0.0001,3,0.0,0.36
SOLUSDT,2020-11-15,0.0001474266666666,0.0001,0.00024228,3,0.0,0.341
SOLUSDT,2020-11-16,0.0001,0.0001,0.0001,3,0.0,0.36
SOLUSDT,2020-11-17,0.0003465066666666,0.0001,0.00055062,3,0.0,0.2614
SOLUSDT,2020-11-18,0.00054985,2.149e-05,0.00129737,3,0.0,0.1801
SOLUSDT,2020-11-19,-0.00026295,-0.00098885,0.0001,3,0.0476190476190476,0.5147
SOLUSDT,2020-11-20,0.0001503166666666,0.0001,0.00025095,3,0.0476190476190476,0.3494
SOLUSDT,2020-11-21,0.0004042733333333,0.0001,0.00101282,3,0.0476190476190476,0.2478
SOLUSDT,2020-11-22,-9.547e-05,-0.00074916,0.00102128,3,0.1428571428571428,0.4668
SOLUSDT,2020-11-23,-0.0002080966666666,-0.00047751,-1.472e-05,3,0.2857142857142857,0.5404
SOLUSDT,2020-11-24,0.0001679033333333,0.0001,0.00030371,3,0.2857142857142857,0.39
SOLUSDT,2020-11-25,0.0004026733333333,0.0001,0.00068985,3,0.2857142857142857,0.2961
SOLUSDT,2020-11-26,-0.0018064799999999,-0.00419164,-0.00027055,3,0.3809523809523809,0.8762
SOLUSDT,2020-11-27,-0.0023232733333333,-0.0025881,-0.00179633,3,0.5238095238095238,0.9048
SOLUSDT,2020-11-28,-0.0011625266666666,-0.00136122,-0.00091001,3,0.6666666666666666,0.9333
SOLUSDT,2020-11-29,-0.0012700133333333,-0.00225574,-0.0006728,3,0.7142857142857143,0.9429
SOLUSDT,2020-11-30,-0.0007412733333333,-0.00090649,-0.00055293,3,0.7142857142857143,0.8394
SOLUSDT,2020-12-01,-0.0010553233333333,-0.0012781,-0.00089102,3,0.8571428571428571,0.9714
SOLUSDT,2020-12-02,-0.00083234,-0.0014013,-1.74e-06,3,1.0,0.9329
SOLUSDT,2020-12-03,0.0001,0.0001,0.0001,3,0.8571428571428571,0.5314
SOLUSDT,2020-12-04,-0.0004190866666666,-0.0011123,0.0001,3,0.8095238095238095,0.7295
SOLUSDT,2020-12-05,-0.0001729633333333,-0.00060138,0.0001,3,0.7619047619047619,0.6216
SOLUSDT,2020-12-06,0.0001,0.0001,0.0001,3,0.6190476190476191,0.4838
SOLUSDT,2020-12-07,0.0001,0.0001,0.0001,3,0.4761904761904761,0.4552
SOLUSDT,2020-12-08,0.0001,0.0001,0.0001,3,0.3333333333333333,0.4267
SOLUSDT,2020-12-09,4.070000000000001e-05,7.7e-06,0.0001,3,0.1904761904761904,0.4218
SOLUSDT,2020-12-10,-0.0002649399999999,-0.00079147,5.504e-05,3,0.2857142857142857,0.5631
SOLUSDT,2020-12-11,-0.00017847,-0.00073541,0.0001,3,0.238095238095238,0.519
SOLUSDT,2020-12-12,-0.0012337666666666,-0.00234814,8.023e-05,3,0.238095238095238,0.8476
SOLUSDT,2020-12-13,-0.00100421,-0.00173105,-0.00055675,3,0.3809523809523809,0.8762
SOLUSDT,2020-12-14,-0.0001800733333333,-0.00035996,-8.654e-05,3,0.5238095238095238,0.5768
SOLUSDT,2020-12-15,-0.0006039533333333,-0.0007831,-0.00046511,3,0.6666666666666666,0.7749
SOLUSDT,2020-12-16,-5.064666666666667e-05,-0.00035194,0.0001,3,0.7142857142857143,0.5631
SOLUSDT,2020-12-17,0.0001,0.0001,0.0001,3,0.6190476190476191,0.4838
SOLUSDT,2020-12-18,0.0001,0.0001,0.0001,3,0.5714285714285714,0.4743
SOLUSDT,2020-12-19,0.0001,0.0001,0.0001,3,0.4761904761904761,0.4552
SOLUSDT,2020-12-20,0.0001,0.0001,0.0001,3,0.3333333333333333,0.4267
SOLUSDT,2020-12-21,0.0001567166666666,0.0001,0.00027015,3,0.1904761904761904,0.3754
SOLUSDT,2020-12-22,0.0001,0.0001,0.0001,3,0.0476190476190476,0.3695
SOLUSDT,2020-12-23,5.191e-05,-4.427e-05,0.0001,3,0.0476190476190476,0.3888
SOLUSDT,2020-12-24,-0.0003916366666666,-0.00049946,-0.00023132,3,0.1904761904761904,0.5947
SOLUSDT,2020-12-25,-0.00096411,-0.00128276,-0.00041957,3,0.3333333333333333,0.8523
SOLUSDT,2020-12-26,-0.0017279466666666,-0.00254219,-0.00120753,3,0.4761904761904761,0.8952
SOLUSDT,2020-12-27,-0.00112144,-0.00163498,-0.00071416,3,0.6190476190476191,0.9238
SOLUSDT,2020-12-28,-0.0002504233333333,-0.00078108,9.235e-05,3,0.7142857142857143,0.643
SOLUSDT,2020-12-29,-0.0008549066666666,-0.00169461,-0.00039761,3,0.8571428571428571,0.9134
SOLUSDT,2020-12-30,-0.0010421933333333,-0.00154578,-0.00045529,3,0.9523809523809524,0.9905
SOLUSDT,2020-12-31,-0.00114869,-0.00161978,-0.0008723,3,0.9523809523809524,0.9905
SOLUSDT,2021-01-01,-0.0015012366666666,-0.00204383,-0.0008075,3,0.9523809523809524,0.9905
SOLUSDT,2021-01-02,-0.0003947933333333,-0.00120567,0.0001,3,0.9047619047619048,0.7389
SOLUSDT,2021-01-03,-0.0010363433333333,-0.00253289,-9.318e-05,3,0.9047619047619048,0.981
SOLUSDT,2021-01-04,-0.00177702,-0.00302774,0.0001,3,0.9047619047619048,0.981
SOLUSDT,2021-01-05,-0.00478345,-0.00667102,-0.00285395,3,0.9047619047619048,0.981
SOLUSDT,2021-01-06,-0.0075,-0.0075,-0.0075,3,0.9047619047619048,0.981
SOLUSDT,2021-01-07,-0.005,-0.0075,0.0,3,0.8571428571428571,0.9714
SOLUSDT,2021-01-08,-3.378000000000001e-05,-0.00094262,0.00071256,3,0.7619047619047619,0.5659
SOLUSDT,2021-01-09,0.00074452,0.0003294,0.00138669,3,0.6666666666666666,0.2355
SOLUSDT,2021-01-10,0.0019992766666666,0.00080074,0.00318311,3,0.5238095238095238,0.1048
SOLUSDT,2021-01-11,0.0004057166666666,0.0001,0.00087274,3,0.4285714285714285,0.3234
SOLUSDT,2021-01-12,5.3083333333333334e-05,-4.075e-05,0.0001,3,0.3333333333333333,0.4454
SOLUSDT,2021-01-13,0.0002306366666666,0.0001,0.00030906,3,0.1904761904761904,0.3458
SOLUSDT,2021-01-14,0.0005007966666666,0.0001,0.00127162,3,0.0952380952380952,0.2187
SOLUSDT,2021-01-15,0.0003995233333333,0.0001,0.00099857,3,0.0476190476190476,0.2497
SOLUSDT,2021-01-16,0.0011492633333333,0.00063201,0.00199151,3,0.0476190476190476,0.0095
SOLUSDT,2021-01-17,0.00075941,0.00026075,0.0011316,3,0.0476190476190476,0.1058
SOLUSDT,2021-01-18,0.00113757,0.0007264,0.00146114,3,0.0476190476190476,0.0095
SOLUSDT,2021-01-19,0.0008454666666666,0.0001,0.00123494,3,0.0,0.0618
SOLUSDT,2021-01-20,-4.906999999999999e-05,-0.00034721,0.0001,3,0.0476190476190476,0.4292
SOLUSDT,2021-01-21,-1.0083333333333332e-05,-8.357e-05,0.0001,3,0.1428571428571428,0.4326
SOLUSDT,2021-01-22,-0.0002433366666666,-0.00054589,0.0001,3,0.238095238095238,0.545
SOLUSDT,2021-01-23,0.0001,0.0001,0.0001,3,0.238095238095238,0.4076
SOLUSDT,2021-01-24,0.0001134566666666,0.0001,0.00014037,3,0.238095238095238,0.4022
SOLUSDT,2021-01-25,0.0004764466666666,0.0001,0.0011324,3,0.238095238095238,0.257
SOLUSDT,2021-01-26,0.0001,0.0001,0.0001,3,0.238095238095238,0.4076
SOLUSDT,2021-01-27,0.0001,0.0001,0.0001,3,0.1904761904761904,0.3981
SOLUSDT,2021-01-28,0.0001741533333333,0.0001,0.00032246,3,0.0952380952380952,0.3494
SOLUSDT,2021-01-29,0.0006423133333333,0.0001027,0.00135527,3,0.0,0.1431
SOLUSDT,2021-01-30,0.0006699633333333,0.000426,0.00083867,3,0.0,0.132
SOLUSDT,2021-01-31,0.0011015766666666,0.00068997,0.00136282,3,0.0,0.0
SOLUSDT,2021-02-01,0.00028593,0.00023243,0.00037017,3,0.0,0.2856
SOLUSDT,2021-02-02,0.00092155,0.00049058,0.00178222,3,0.0,0.0314
SOLUSDT,2021-02-03,0.00126416,0.00090423,0.00185223,3,0.0,0.0
SOLUSDT,2021-02-04,0.0014239233333333,0.00114612,0.00196534,3,0.0,0.0
SOLUSDT,2021-02-05,0.0021305399999999,0.00139904,0.00250409,3,0.0,0.0
SOLUSDT,2021-02-06,0.0015265066666666,0.0012523,0.00177772,3,0.0,0.0
SOLUSDT,2021-02-07,0.0002977233333333,0.0001,0.00069317,3,0.0,0.2809
SOLUSDT,2021-02-08,0.00106754,0.00045129,0.00189272,3,0.0,0.0
SOLUSDT,2021-02-09,0.0026697466666666,0.00209319,0.00304915,3,0.0,0.0
SOLUSDT,2021-02-10,0.00229951,0.00113941,0.00332469,3,0.0,0.0
SOLUSDT,2021-02-11,0.0014768,0.00128569,0.0016268,3,0.0,0.0
SOLUSDT,2021-02-12,0.0012513266666666,0.00076834,0.00211126,3,0.0,0.0
SOLUSDT,2021-02-13,0.0019687566666666,0.0014149,0.0026051,3,0.0,0.0
SOLUSDT,2021-02-14,0.0025375466666666,0.00251514,0.00257419,3,0.0,0.0
SOLUSDT,2021-02-15,0.00028806,0.0001,0.00066418,3,0.0,0.2848
SOLUSDT,2021-02-16,0.0010551933333333,0.0001,0.00158627,3,0.0,0.0
SOLUSDT,2021-02-17,0.0008407699999999,0.0001,0.00142102,3,0.0,0.0637
SOLUSDT,2021-02-18,0.0011422733333333,0.00083108,0.00155495,3,0.0,0.0
SOLUSDT,2021-02-19,0.0008892966666666,0.00077114,0.00094971,3,0.0,0.0443
SOLUSDT,2021-02-20,0.00183245,0.00134072,0.00248155,3,0.0,0.0
SOLUSDT,2021-02-21,0.0009576533333333,0.00087849,0.00101935,3,0.0,0.0169
SOLUSDT,2021-02-22,0.00053781,0.0001,0.00090367,3,0.0,0.1849
SOLUSDT,2021-02-23,-0.00031486,-0.00114458,0.0001,3,0.0476190476190476,0.5355
SOLUSDT,2021-02-24,0.0001728933333333,0.0001,0.00031868,3,0.0476190476190476,0.3404
SOLUSDT,2021-02-25,0.00019475,0.0001,0.00038425,3,0.0476190476190476,0.3316
SOLUSDT,2021-02-26,0.0001,0.0001,0.0001,3,0.0476190476190476,0.3695
SOLUSDT,2021-02-27,0.0001126733333333,0.0001,0.00013802,3,0.0476190476190476,0.3645
SOLUSDT,2021-02-28,0.0001,0.0001,0.0001,3,0.0476190476190476,0.3695
SOLUSDT,2021-03-01,0.0002023633333333,0.0001,0.00038175,3,0.0476190476190476,0.3286
SOLUSDT,2021-03-02,0.00032216,0.00021657,0.00051119,3,0.0,0.2711
SOLUSDT,2021-03-03,0.0006492466666666,0.00026329,0.00096015,3,0.0,0.1403
SOLUSDT,2021-03-04,0.0004145166666666,0.00017193,0.00058971,3,0.0,0.2342
SOLUSDT,2021-03-05,0.00015892,0.0001,0.00018864,3,0.0,0.3364
SOLUSDT,2021-03-06,0.0004449566666666,0.00023359,0.00058979,3,0.0,0.222
SOLUSDT,2021-03-07,0.00068594,0.00051022,0.0009311,3,0.0,0.1256
SOLUSDT,2021-03-08,0.0007525733333333,0.00048468,0.00127854,3,0.0,0.099
SOLUSDT,2021-03-09,0.0013795033333333,0.00131768,0.00142095,3,0.0,0.0
SOLUSDT,2021-03-10,0.0011852466666666,0.00078312,0.00167246,3,0.0,0.0
SOLUSDT,2021-03-11,0.0006427866666666,0.00059116,0.00068954,3,0.0,0.1429
SOLUSDT,2021-03-12,0.0006986633333333,0.00056749,0.00087095,3,0.0,0.1205
SOLUSDT,2021-03-13,0.00088798,0.0004546,0.00143906,3,0.0,0.0448
SOLUSDT,2021-03-14,0.0012320333333333,0.00115139,0.00131239,3,0.0,0.0
SOLUSDT,2021-03-15,0.0009850266666666,0.00074456,0.00131865,3,0.0,0.006
SOLUSDT,2021-03-16,0.00072123,0.00038295,0.00091104,3,0.0,0.1115
SOLUSDT,2021-03-17,0.0009098166666666,0.00074567,0.00114411,3,0.0,0.0361
SOLUSDT,2021-03-18,0.0014276166666666,0.00099333,0.00185766,3,0.0,0.0
SOLUSDT,2021-03-19,0.00028829,0.00018788,0.00044739,3,0.0,0.2847
SOLUSDT,2021-03-20,0.0001663533333333,0.0001,0.00027957,3,0.0,0.3335
SOLUSDT,2021-03-21,0.0001090399999999,0.0001,0.00012712,3,0.0,0.3564
SOLUSDT,2021-03-22,4.262333333333333e-05,-0.00015996,0.00018783,3,0.0476190476190476,0.3925
SOLUSDT,2021-03-23,9.129e-05,7.387e-05,0.0001,3,0.0476190476190476,0.373
SOLUSDT,2021-03-24,0.0001,0.0001,0.0001,3,0.0476190476190476,0.3695
SOLUSDT,2021-03-25,0.0001,0.0001,0.0001,3,0.0476190476190476,0.3695
SOLUSDT,2021-03-26,0.0001717866666666,0.0001,0.00031536,3,0.0476190476190476,0.3408
SOLUSDT,2021-03-27,0.0001959833333333,0.0001,0.00034532,3,0.0476190476190476,0.3311
SOLUSDT,2021-03-28,0.0004995433333333,0.00033489,0.00081974,3,0.0476190476190476,0.2097
SOLUSDT,2021-03-29,0.0007968433333333,0.00075959,0.00085582,3,0.0,0.0813
SOLUSDT,2021-03-30,0.0009997566666666,0.00045834,0.00134349,3,0.0,0.0001
SOLUSDT,2021-03-31,0.0006737566666666,0.00054855,0.00089395,3,0.0,0.1305
SOLUSDT,2021-04-01,0.00097463,0.00084334,0.00104792,3,0.0,0.0101
SOLUSDT,2021-04-02,0.00101075,0.000564,0.00150169,3,0.0,0.0
SOLUSDT,2021-04-03,0.00133458,0.00090108,0.00167753,3,0.0,0.0
SOLUSDT,2021-04-04,0.0003564333333333,0.0001,0.00080358,3,0.0,0.2574
SOLUSDT,2021-04-05,0.0007781066666666,0.00012199,0.00136006,3,0.0,0.0888
SOLUSDT,2021-04-06,0.00112446,0.00046872,0.00149504,3,0.0,0.0
SOLUSDT,2021-04-07,0.0001,0.0001,0.0001,3,0.0,0.36
SOLUSDT,2021-04-08,0.0001955,0.0001,0.00030698,3,0.0,0.3218
SOLUSDT,2021-04-09,0.00015744,0.0001,0.00027232,3,0.0,0.337
SOLUSDT,2021-04-10,0.0006175933333333,0.0001,0.00091825,3,0.0,0.153
SOLUSDT,2021-04-11,0.0006501566666666,0.00042257,0.00076444,3,0.0,0.1399
SOLUSDT,2021-04-12,0.0008842166666666,0.00065468,0.00113291,3,0.0,0.0463
SOLUSDT,2021-04-13,0.00111235,0.00065355,0.00161617,3,0.0,0.0
SOLUSDT,2021-04-14,0.0009730533333333,0.0005878,0.00150253,3,0.0,0.0108
SOLUSDT,2021-04-15,0.0010076166666666,0.00054664,0.00141831,3,0.0,0.0
SOLUSDT,2021-04-16,0.0010519133333333,0.00063461,0.0017762,3,0.0,0.0
SOLUSDT,2021-04-17,0.0009432933333333,0.00069825,0.00114295,3,0.0,0.0227
SOLUSDT,2021-04-18,8.638333333333332e-05,-0.00081587,0.00069042,3,0.0476190476190476,0.375
SOLUSDT,2021-04-19,0.00024902,0.0001,0.00052771,3,0.0476190476190476,0.3099
SOLUSDT,2021-04-20,0.0003816633333333,0.00013798,0.00069128,3,0.0476190476190476,0.2569
SOLUSDT,2021-04-21,0.00016372,0.0001,0.00029116,3,0.0476190476190476,0.344
SOLUSDT,2021-04-22,0.0001,0.0001,0.0001,3,0.0476190476190476,0.3695
SOLUSDT,2021-04-23,0.0001417233333333,0.0001,0.00022517,3,0.0476190476190476,0.3528
SOLUSDT,2021-04-24,0.0001,0.0001,0.0001,3,0.0476190476190476,0.3695
SOLUSDT,2021-04-25,0.0001020666666666,5.25e-05,0.0001537,3,0.0,0.3592
SOLUSDT,2021-04-26,0.0001,0.0001,0.0001,3,0.0,0.36
SOLUSDT,2021-04-27,0.0004174033333333,0.00028532,0.00055267,3,0.0,0.233
SOLUSDT,2021-04-28,0.0003596666666666,0.00018219,0.00067111,3,0.0,0.2561
SOLUSDT,2021-04-29,0.0002351266666666,0.0001,0.00047434,3,0.0,0.3059
SOLUSDT,2021-04-30,0.0003295766666666,0.00019041,0.00045193,3,0.0,0.2682
SOLUSDT,2021-05-01,0.0006518599999999,0.00040718,0.00104765,3,0.0,0.1393
SOLUSDT,2021-05-02,0.0005492133333333,0.0004006,0.00062817,3,0.0,0.1803
SOLUSDT,2021-05-03,0.0004770466666666,0.00027681,0.00068101,3,0.0,0.2092
SOLUSDT,2021-05-04,0.0005721799999999,0.00033292,0.00089378,3,0.0,0.1711
SOLUSDT,2021-05-05,0.0005249933333333,0.00021686,0.00075134,3,0.0,0.19
SOLUSDT,2021-05-06,0.0012270866666666,0.00077937,0.00172483,3,0.0,0.0
SOLUSDT,2021-05-07,0.0009876499999999,0.00086546,0.00119054,3,0.0,0.0049
SOLUSDT,2021-05-08,0.0007654,0.00072061,0.00082146,3,0.0,0.0938
SOLUSDT,2021-05-09,0.00048084,0.00043005,0.00057052,3,0.0,0.2077
SOLUSDT,2021-05-10,0.0008089,0.00057419,0.00111008,3,0.0,0.0764
SOLUSDT,2021-05-11,0.0001905033333333,0.0001,0.00037151,3,0.0,0.3238
SOLUSDT,2021-05-12,0.00027005,0.0001,0.00036144,3,0.0,0.292
SOLUSDT,2021-05-13,0.0001403766666666,0.0001,0.00022113,3,0.0,0.3438
SOLUSDT,2021-05-14,0.0001147966666666,0.0001,0.00014439,3,0.0,0.3541
SOLUSDT,2021-05-15,0.0003599633333333,0.0002179,0.00046368,3,0.0,0.256
SOLUSDT,2021-05-16,0.00038932,0.00014056,0.00057802,3,0.0,0.2443
SOLUSDT,2021-05-17,0.0004677566666666,0.0003684,0.00063116,3,0.0,0.2129
SOLUSDT,2021-05-18,0.0002652366666666,0.0001,0.00048279,3,0.0,0.2939
SOLUSDT,2021-05-19,-0.0016759799999999,-0.00536402,0.00023608,3,0.0476190476190476,0.8095
SOLUSDT,2021-05-20,0.0001039233333333,0.0001,0.00011177,3,0.0476190476190476,0.368
SOLUSDT,2021-05-21,0.0001,0.0001,0.0001,3,0.0476190476190476,0.3695
SOLUSDT,2021-05-22,0.0001,0.0001,0.0001,3,0.0476190476190476,0.3695
SOLUSDT,2021-05-23,0.0001,0.0001,0.0001,3,0.0476190476190476,0.3695
SOLUSDT,2021-05-24,0.0001,0.0001,0.0001,3,0.0476190476190476,0.3695
SOLUSDT,2021-05-25,0.0001,0.0001,0.0001,3,0.0476190476190476,0.3695
SOLUSDT,2021-05-26,0.0001,0.0001,0.0001,3,0.0,0.36
SOLUSDT,2021-05-27,0.0001,0.0001,0.0001,3,0.0,0.36
SOLUSDT,2021-05-28,0.0001,0.0001,0.0001,3,0.0,0.36
SOLUSDT,2021-05-29,0.0001,0.0001,0.0001,3,0.0,0.36
SOLUSDT,2021-05-30,0.0001,0.0001,0.0001,3,0.0,0.36
SOLUSDT,2021-05-31,0.0001,0.0001,0.0001,3,0.0,0.36
SOLUSDT,2021-06-01,0.0001,0.0001,0.0001,3,0.0,0.36
SOLUSDT,2021-06-02,0.0001,0.0001,0.0001,3,0.0,0.36
SOLUSDT,2021-06-03,0.0001,0.0001,0.0001,3,0.0,0.36
SOLUSDT,2021-06-04,0.0001,0.0001,0.0001,3,0.0,0.36
SOLUSDT,2021-06-05,0.0001,0.0001,0.0001,3,0.0,0.36
SOLUSDT,2021-06-06,0.0001,0.0001,0.0001,3,0.0,0.36
SOLUSDT,2021-06-07,0.0001,0.0001,0.0001,3,0.0,0.36
SOLUSDT,2021-06-08,0.0001,0.0001,0.0001,3,0.0,0.36
SOLUSDT,2021-06-09,-2.2216666666666663e-05,-6.088e-05,1.053e-05,3,0.0952380952380952,0.4279
SOLUSDT,2021-06-10,0.0001,0.0001,0.0001,3,0.0952380952380952,0.379
SOLUSDT,2021-06-11,0.0001,0.0001,0.0001,3,0.0952380952380952,0.379
SOLUSDT,2021-06-12,0.0001,0.0001,0.0001,3,0.0952380952380952,0.379
SOLUSDT,2021-06-13,0.0001,0.0001,0.0001,3,0.0952380952380952,0.379
SOLUSDT,2021-06-14,0.0001,0.0001,0.0001,3,0.0952380952380952,0.379
SOLUSDT,2021-06-15,0.0001,0.0001,0.0001,3,0.0952380952380952,0.379
SOLUSDT,2021-06-16,0.0001,0.0001,0.0001,3,0.0,0.36
SOLUSDT,2021-06-17,0.0001,0.0001,0.0001,3,0.0,0.36
SOLUSDT,2021-06-18,0.0001,0.0001,0.0001,3,0.0,0.36
SOLUSDT,2021-06-19,8.428666666666668e-05,5.286e-05,0.0001,3,0.0,0.3663
SOLUSDT,2021-06-20,-3.0413333333333332e-05,-0.00015506,5.139e-05,3,0.0476190476190476,0.4217
SOLUSDT,2021-06-21,-5.5830000000000006e-05,-0.00014527,0.0001,3,0.1428571428571428,0.4509
SOLUSDT,2021-06-22,-0.00023652,-0.00063866,8.849e-05,3,0.238095238095238,0.5422
SOLUSDT,2021-06-23,-0.00020527,-0.00048376,3.778e-05,3,0.3333333333333333,0.5488
SOLUSDT,2021-06-24,-0.0001592233333333,-0.00040513,-3.274e-05,3,0.4761904761904761,0.5589
SOLUSDT,2021-06-25,2.376e-05,-8.45e-06,8.509e-05,3,0.5714285714285714,0.5048
SOLUSDT,2021-06-26,-8.012e-05,-0.00027879,2.356e-05,3,0.6190476190476191,0.5559
SOLUSDT,2021-06-27,3.0776666666666666e-05,-0.00010767,0.0001,3,0.6190476190476191,0.5115
SOLUSDT,2021-06-28,0.0001,0.0001,0.0001,3,0.5238095238095238,0.4648
SOLUSDT,2021-06-29,5.062e-05,-4.814e-05,0.0001,3,0.4761904761904761,0.475
SOLUSDT,2021-06-30,0.0001,0.0001,0.0001,3,0.3809523809523809,0.4362
SOLUSDT,2021-07-01,9.608e-05,8.824e-05,0.0001,3,0.238095238095238,0.4092
SOLUSDT,2021-07-02,0.0001,0.0001,0.0001,3,0.1428571428571428,0.3886
SOLUSDT,2021-07-03,0.0001,0.0001,0.0001,3,0.0952380952380952,0.379
SOLUSDT,2021-07-04,0.0001,0.0001,0.0001,3,0.0476190476190476,0.3695
SOLUSDT,2021-07-05,0.0001,0.0001,0.0001,3,0.0476190476190476,0.3695
SOLUSDT,2021-07-06,0.0001,0.0001,0.0001,3,0.0,0.36
SOLUSDT,2021-07-07,0.0001,0.0001,0.0001,3,0.0,0.36
SOLUSDT,2021-07-08,0.0001,0.0001,0.0001,3,0.0,0.36
SOLUSDT,2021-07-09,7.524333333333333e-05,2.573e-05,0.0001,3,0.0,0.3699
SOLUSDT,2021-07-10,0.0001,0.0001,0.0001,3,0.0,0.36
SOLUSDT,2021-07-11,0.0001,0.0001,0.0001,3,0.0,0.36
SOLUSDT,2021-07-12,0.0001,0.0001,0.0001,3,0.0,0.36
SOLUSDT,2021-07-13,0.0001,0.0001,0.0001,3,0.0,0.36
SOLUSDT,2021-07-14,0.0001,0.0001,0.0001,3,0.0,0.36
SOLUSDT,2021-07-15,0.0001,0.0001,0.0001,3,0.0,0.36
SOLUSDT,2021-07-16,0.0001,0.0001,0.0001,3,0.0,0.36
SOLUSDT,2021-07-17,0.0001,0.0001,0.0001,3,0.0,0.36
SOLUSDT,2021-07-18,0.0001,0.0001,0.0001,3,0.0,0.36
SOLUSDT,2021-07-19,0.0001,0.0001,0.0001,3,0.0,0.36
SOLUSDT,2021-07-20,-7.579999999999996e-06,-0.00011297,9.854e-05,3,0.0952380952380952,0.4221
SOLUSDT,2021-07-21,-6.433333333333345e-07,-0.00011333,8.264e-05,3,0.1428571428571428,0.4288
SOLUSDT,2021-07-22,0.0001,0.0001,0.0001,3,0.1428571428571428,0.3886
SOLUSDT,2021-07-23,0.0001,0.0001,0.0001,3,0.1428571428571428,0.3886
SOLUSDT,2021-07-24,0.0001,0.0001,0.0001,3,0.1428571428571428,0.3886
SOLUSDT,2021-07-25,0.0001,0.0001,0.0001,3,0.1428571428571428,0.3886
SOLUSDT,2021-07-26,0.0001,0.0001,0.0001,3,0.1428571428571428,0.3886
SOLUSDT,2021-07-27,0.0001,0.0001,0.0001,3,0.0476190476190476,0.3695
SOLUSDT,2021-07-28,0.0001,0.0001,0.0001,3,0.0,0.36
SOLUSDT,2021-07-29,0.0001,0.0001,0.0001,3,0.0,0.36
SOLUSDT,2021-07-30,0.0001,0.0001,0.0001,3,0.0,0.36
SOLUSDT,2021-07-31,0.0001,0.0001,0.0001,3,0.0,0.36
SOLUSDT,2021-08-01,0.0001,0.0001,0.0001,3,0.0,0.36
SOLUSDT,2021-08-02,0.0001,0.0001,0.0001,3,0.0,0.36
SOLUSDT,2021-08-03,0.0001,0.0001,0.0001,3,0.0,0.36
SOLUSDT,2021-08-04,0.0001,0.0001,0.0001,3,0.0,0.36
SOLUSDT,2021-08-05,0.0001006466666666,0.0001,0.00010194,3,0.0,0.3597
SOLUSDT,2021-08-06,0.0001,0.0001,0.0001,3,0.0,0.36
SOLUSDT,2021-08-07,0.0002983566666666,0.00013994,0.00057549,3,0.0,0.2807
SOLUSDT,2021-08-08,0.0002623833333333,0.00022565,0.00031014,3,0.0,0.295
SOLUSDT,2021-08-09,0.0001074433333333,0.0001,0.00012233,3,0.0,0.357
SOLUSDT,2021-08-10,0.0001868666666666,0.00013435,0.000245,3,0.0,0.3253
SOLUSDT,2021-08-11,0.0002971899999999,0.00015242,0.00041409,3,0.0,0.2811
SOLUSDT,2021-08-12,0.0001892066666666,0.0001,0.00028542,3,0.0,0.3243
SOLUSDT,2021-08-13,0.0001100266666666,0.0001,0.00013008,3,0.0,0.356
SOLUSDT,2021-08-14,0.0001706299999999,0.00010458,0.00029733,3,0.0,0.3317
SOLUSDT,2021-08-15,0.0002988033333333,0.00021955,0.00040055,3,0.0,0.2805
SOLUSDT,2021-08-16,0.0005902933333333,0.00020261,0.0008687,3,0.0,0.1639
SOLUSDT,2021-08-17,0.0006424233333333,0.00048943,0.00084422,3,0.0,0.143
SOLUSDT,2021-08-18,0.0001,0.0001,0.0001,3,0.0,0.36
SOLUSDT,2021-08-19,0.0002445366666666,0.0001,0.00043629,3,0.0,0.3022
SOLUSDT,2021-08-20,0.0004180566666666,0.00012284,0.00060041,3,0.0,0.2328
SOLUSDT,2021-08-21,0.0004496133333333,0.00023414,0.00058059,3,0.0,0.2202
SOLUSDT,2021-08-22,0.0001905733333333,0.0001,0.00023923,3,0.0,0.3238
SOLUSDT,2021-08-23,0.0003036933333333,0.0001,0.00041888,3,0.0,0.2785
SOLUSDT,2021-08-24,0.0004510933333333,0.00025647,0.00071925,3,0.0,0.2196
SOLUSDT,2021-08-25,0.0001,0.0001,0.0001,3,0.0,0.36
SOLUSDT,2021-08-26,0.0001,0.0001,0.0001,3,0.0,0.36
SOLUSDT,2021-08-27,0.0001,0.0001,0.0001,3,0.0,0.36
SOLUSDT,2021-08-28,9.824666666666668e-05,9.474e-05,0.0001,3,0.0,0.3607
SOLUSDT,2021-08-29,0.0001136733333333,0.0001,0.00014102,3,0.0,0.3545
SOLUSDT,2021-08-30,0.0001359,0.0001,0.0002077,3,0.0,0.3456
SOLUSDT,2021-08-31,0.0003360966666666,0.0001,0.0005946,3,0.0,0.2656
SOLUSDT,2021-09-01,0.0004731966666666,0.00030261,0.00068753,3,0.0,0.2107
SOLUSDT,2021-09-02,0.0008790299999999,0.00082164,0.00095456,3,0.0,0.0484
SOLUSDT,2021-09-03,0.00054058,0.0001,0.00082931,3,0.0,0.1838
SOLUSDT,2021-09-04,0.0006040633333333,0.00038232,0.00092071,3,0.0,0.1584
SOLUSDT,2021-09-05,0.0008912266666666,0.0005137,0.00121532,3,0.0,0.0435
SOLUSDT,2021-09-06,0.00066491,0.00028808,0.00093618,3,0.0,0.134
SOLUSDT,2021-09-07,0.0001,0.0001,0.0001,3,0.0,0.36
SOLUSDT,2021-09-08,0.0003018033333333,0.00023683,0.00034589,3,0.0,0.2793
SOLUSDT,2021-09-09,0.0001694266666666,0.0001,0.00030828,3,0.0,0.3322
SOLUSDT,2021-09-10,0.0002072266666666,0.00010525,0.00027075,3,0.0,0.3171
SOLUSDT,2021-09-11,0.00011394,0.0001,0.00013268,3,0.0,0.3544
SOLUSDT,2021-09-12,0.0002152766666666,0.0001,0.00034487,3,0.0,0.3139
SOLUSDT,2021-09-13,0.00016836,0.0001,0.0002385,3,0.0,0.3327
SOLUSDT,2021-09-14,0.0001,0.0001,0.0001,3,0.0,0.36
SOLUSDT,2021-09-15,0.00026824,0.00018155,0.00037517,3,0.0,0.2927
SOLUSDT,2021-09-16,0.0004898366666666,0.00039901,0.00055144,3,0.0,0.2041
SOLUSDT,2021-09-17,0.0003998333333333,0.00013659,0.00056357,3,0.0,0.2401
SOLUSDT,2021-09-18,0.0001,0.0001,0.0001,3,0.0,0.36
SOLUSDT,2021-09-19,0.00010915,0.0001,0.00012745,3,0.0,0.3563
SOLUSDT,2021-09-20,0.00013439,0.0001,0.00020317,3,0.0,0.3462
SOLUSDT,2021-09-21,0.0001,0.0001,0.0001,3,0.0,0.36
SOLUSDT,2021-09-22,0.0001,0.0001,0.0001,3,0.0,0.36
SOLUSDT,2021-09-23,0.0001,0.0001,0.0001,3,0.0,0.36
SOLUSDT,2021-09-24,0.0001,0.0001,0.0001,3,0.0,0.36
SOLUSDT,2021-09-25,0.0001,0.0001,0.0001,3,0.0,0.36
SOLUSDT,2021-09-26,0.0001,0.0001,0.0001,3,0.0,0.36
SOLUSDT,2021-09-27,0.0001,0.0001,0.0001,3,0.0,0.36
SOLUSDT,2021-09-28,0.0001,0.0001,0.0001,3,0.0,0.36
SOLUSDT,2021-09-29,0.0001,0.0001,0.0001,3,0.0,0.36
SOLUSDT,2021-09-30,0.0001,0.0001,0.0001,3,0.0,0.36
SOLUSDT,2021-10-01,0.0001,0.0001,0.0001,3,0.0,0.36
SOLUSDT,2021-10-02,0.0001,0.0001,0.0001,3,0.0,0.36
SOLUSDT,2021-10-03,0.0001,0.0001,0.0001,3,0.0,0.36
SOLUSDT,2021-10-04,0.0001,0.0001,0.0001,3,0.0,0.36
SOLUSDT,2021-10-05,0.0001061633333333,0.0001,0.00011849,3,0.0,0.3575
SOLUSDT,2021-10-06,0.0002797966666666,0.00010653,0.0004101,3,0.0,0.2881
SOLUSDT,2021-10-07,0.0004051466666666,0.00036912,0.00044623,3,0.0,0.2379
SOLUSDT,2021-10-08,0.0001767,0.00010759,0.00021534,3,0.0,0.3293
SOLUSDT,2021-10-09,0.00022996,0.0001,0.00038839,3,0.0,0.308
SOLUSDT,2021-10-10,0.0003727566666666,0.0002851,0.00052509,3,0.0,0.2509
SOLUSDT,2021-10-11,0.0001707233333333,0.0001,0.00029944,3,0.0,0.3317
SOLUSDT,2021-10-12,0.0001,0.0001,0.0001,3,0.0,0.36
SOLUSDT,2021-10-13,0.0001,0.0001,0.0001,3,0.0,0.36
SOLUSDT,2021-10-14,0.0001744466666666,0.0001,0.00025417,3,0.0,0.3302
SOLUSDT,2021-10-15,0.0001482666666666,0.0001,0.0002448,3,0.0,0.3407
SOLUSDT,2021-10-16,0.00022837,0.0001,0.00034779,3,0.0,0.3087
SOLUSDT,2021-10-17,0.0003185933333333,0.00017979,0.00045211,3,0.0,0.2726
SOLUSDT,2021-10-18,0.0001731633333333,0.0001,0.00023752,3,0.0,0.3307
SOLUSDT,2021-10-19,0.0002717933333333,0.00020799,0.00031947,3,0.0,0.2913
SOLUSDT,2021-10-20,0.0001746766666666,0.00013881,0.00023648,3,0.0,0.3301
SOLUSDT,2021-10-21,0.0004249633333333,0.00019697,0.00056063,3,0.0,0.23
SOLUSDT,2021-10-22,0.00027398,0.0001,0.00041034,3,0.0,0.2904
SOLUSDT,2021-10-23,0.0004045833333333,0.00026164,0.00053716,3,0.0,0.2382
SOLUSDT,2021-10-24,0.0006549899999999,0.00039863,0.00081955,3,0.0,0.138
SOLUSDT,2021-10-25,0.0003052166666666,0.00025157,0.00034564,3,0.0,0.2779
SOLUSDT,2021-10-26,0.0005142266666666,0.00043842,0.00056465,3,0.0,0.1943
SOLUSDT,2021-10-27,0.00032027,0.0001,0.00054673,3,0.0,0.2719
SOLUSDT,2021-10-28,0.0001,0.0001,0.0001,3,0.0,0.36
SOLUSDT,2021-10-29,0.0001,0.0001,0.0001,3,0.0,0.36
SOLUSDT,2021-10-30,0.0001008966666666,0.0001,0.00010269,3,0.0,0.3596
SOLUSDT,2021-10-31,0.00015952,0.0001,0.00027856,3,0.0,0.3362
SOLUSDT,2021-11-01,0.0002614633333333,0.0001,0.00047033,3,0.0,0.2954
SOLUSDT,2021-11-02,0.00036889,0.00021978,0.00044948,3,0.0,0.2524
SOLUSDT,2021-11-03,0.00033004,0.0001,0.00057713,3,0.0,0.268
SOLUSDT,2021-11-04,0.0001,0.0001,0.0001,3,0.0,0.36
SOLUSDT,2021-11-05,0.00019938,0.0001,0.00039814,3,0.0,0.3202
SOLUSDT,2021-11-06,0.0001,0.0001,0.0001,3,0.0,0.36
SOLUSDT,2021-11-07,0.0001,0.0001,0.0001,3,0.0,0.36
SOLUSDT,2021-11-08,0.0005136666666666,0.00016311,0.00072728,3,0.0,0.1945
SOLUSDT,2021-11-09,0.0003439299999999,0.00030837,0.00040583,3,0.0,0.2624
SOLUSDT,2021-11-10,0.0003944866666666,0.00032577,0.00043648,3,0.0,0.2422
SOLUSDT,2021-11-11,0.00015279,0.0001,0.00025837,3,0.0,0.3389
SOLUSDT,2021-11-12,0.0001,0.0001,0.0001,3,0.0,0.36
SOLUSDT,2021-11-13,0.00014086,0.0001,0.00022258,3,0.0,0.3437
SOLUSDT,2021-11-14,0.0001,0.0001,0.0001,3,0.0,0.36
SOLUSDT,2021-11-15,0.0001020433333333,0.0001,0.00010613,3,0.0,0.3592
SOLUSDT,2021-11-16,0.0001,0.0001,0.0001,3,0.0,0.36
SOLUSDT,2021-11-17,0.0001,0.0001,0.0001,3,0.0,0.36
SOLUSDT,2021-11-18,0.0001,0.0001,0.0001,3,0.0,0.36
SOLUSDT,2021-11-19,0.0001,0.0001,0.0001,3,0.0,0.36
SOLUSDT,2021-11-20,0.0001,0.0001,0.0001,3,0.0,0.36
SOLUSDT,2021-11-21,0.0001183933333333,0.0001,0.00015518,3,0.0,0.3526
SOLUSDT,2021-11-22,0.0001,0.0001,0.0001,3,0.0,0.36
SOLUSDT,2021-11-23,0.0001,0.0001,0.0001,3,0.0,0.36
SOLUSDT,2021-11-24,0.0001,0.0001,0.0001,3,0.0,0.36
SOLUSDT,2021-11-25,0.0002022066666666,0.0001,0.00040662,3,0.0,0.3191
SOLUSDT,2021-11-26,0.00025425,0.0001,0.0003784,3,0.0,0.2983
SOLUSDT,2021-11-27,0.0001,0.0001,0.0001,3,0.0,0.36
SOLUSDT,2021-11-28,0.0001,0.0001,0.0001,3,0.0,0.36
SOLUSDT,2021-11-29,0.0001,0.0001,0.0001,3,0.0,0.36
SOLUSDT,2021-11-30,0.0001,0.0001,0.0001,3,0.0,0.36
SOLUSDT,2021-12-01,0.0001,0.0001,0.0001,3,0.0,0.36
SOLUSDT,2021-12-02,0.0001,0.0001,0.0001,3,0.0,0.36
SOLUSDT,2021-12-03,0.0001,0.0001,0.0001,3,0.0,0.36
SOLUSDT,2021-12-04,3.1540000000000006e-05,-0.00010538,0.0001,3,0.0476190476190476,0.3969
SOLUSDT,2021-12-05,0.0001,0.0001,0.0001,3,0.0476190476190476,0.3695
SOLUSDT,2021-12-06,0.0001,0.0001,0.0001,3,0.0476190476190476,0.3695
SOLUSDT,2021-12-07,5.708666666666667e-05,-2.874e-05,0.0001,3,0.0952380952380952,0.3962
SOLUSDT,2021-12-08,0.0001,0.0001,0.0001,3,0.0952380952380952,0.379
SOLUSDT,2021-12-09,0.0001,0.0001,0.0001,3,0.0952380952380952,0.379
SOLUSDT,2021-12-10,0.0001,0.0001,0.0001,3,0.0952380952380952,0.379
SOLUSDT,2021-12-11,0.0001,0.0001,0.0001,3,0.0476190476190476,0.3695
SOLUSDT,2021-12-12,0.0001,0.0001,0.0001,3,0.0476190476190476,0.3695
SOLUSDT,2021-12-13,0.0001,0.0001,0.0001,3,0.0476190476190476,0.3695
SOLUSDT,2021-12-14,2.495666666666667e-05,-0.00012513,0.0001,3,0.0476190476190476,0.3995
SOLUSDT,2021-12-15,0.0001,0.0001,0.0001,3,0.0476190476190476,0.3695
SOLUSDT,2021-12-16,9.128666666666667e-05,7.386e-05,0.0001,3,0.0476190476190476,0.373
SOLUSDT,2021-12-17,0.0001,0.0001,0.0001,3,0.0476190476190476,0.3695
SOLUSDT,2021-12-18,0.0001,0.0001,0.0001,3,0.0476190476190476,0.3695
SOLUSDT,2021-12-19,0.0001,0.0001,0.0001,3,0.0476190476190476,0.3695
SOLUSDT,2021-12-20,0.0001,0.0001,0.0001,3,0.0476190476190476,0.3695
SOLUSDT,2021-12-21,0.0001,0.0001,0.0001,3,0.0,0.36
SOLUSDT,2021-12-22,0.0001,0.0001,0.0001,3,0.0,0.36
SOLUSDT,2021-12-23,0.0001,0.0001,0.0001,3,0.0,0.36
SOLUSDT,2021-12-24,0.0001,0.0001,0.0001,3,0.0,0.36
SOLUSDT,2021-12-25,0.0001,0.0001,0.0001,3,0.0,0.36
SOLUSDT,2021-12-26,0.0001,0.0001,0.0001,3,0.0,0.36
SOLUSDT,2021-12-27,0.0001,0.0001,0.0001,3,0.0,0.36
SOLUSDT,2021-12-28,0.0001,0.0001,0.0001,3,0.0,0.36
SOLUSDT,2021-12-29,0.0001,0.0001,0.0001,3,0.0,0.36
SOLUSDT,2021-12-30,0.0001,0.0001,0.0001,3,0.0,0.36
SOLUSDT,2021-12-31,0.0001,0.0001,0.0001,3,0.0,0.36
SOLUSDT,2022-01-01,0.0001,0.0001,0.0001,3,0.0,0.36
SOLUSDT,2022-01-02,0.0001,0.0001,0.0001,3,0.0,0.36
SOLUSDT,2022-01-03,0.0001,0.0001,0.0001,3,0.0,0.36
SOLUSDT,2022-01-04,0.0001,0.0001,0.0001,3,0.0,0.36
SOLUSDT,2022-01-05,0.0001,0.0001,0.0001,3,0.0,0.36
SOLUSDT,2022-01-06,0.0001,0.0001,0.0001,3,0.0,0.36
SOLUSDT,2022-01-07,0.0001,0.0001,0.0001,3,0.0,0.36
SOLUSDT,2022-01-08,0.0001,0.0001,0.0001,3,0.0,0.36
SOLUSDT,2022-01-09,0.0001,0.0001,0.0001,3,0.0,0.36
SOLUSDT,2022-01-10,0.0001,0.0001,0.0001,3,0.0,0.36
SOLUSDT,2022-01-11,0.0001,0.0001,0.0001,3,0.0,0.36
SOLUSDT,2022-01-12,0.0001,0.0001,0.0001,3,0.0,0.36
SOLUSDT,2022-01-13,0.0001,0.0001,0.0001,3,0.0,0.36
SOLUSDT,2022-01-14,0.0001,0.0001,0.0001,3,0.0,0.36
SOLUSDT,2022-01-15,0.0001,0.0001,0.0001,3,0.0,0.36
SOLUSDT,2022-01-16,0.0001,0.0001,0.0001,3,0.0,0.36
SOLUSDT,2022-01-17,0.0001,0.0001,0.0001,3,0.0,0.36
SOLUSDT,2022-01-18,0.0001,0.0001,0.0001,3,0.0,0.36
SOLUSDT,2022-01-19,0.0001,0.0001,0.0001,3,0.0,0.36
SOLUSDT,2022-01-20,0.0001,0.0001,0.0001,3,0.0,0.36
SOLUSDT,2022-01-21,8.255000000000001e-05,4.765e-05,0.0001,3,0.0,0.367
SOLUSDT,2022-01-22,5.697e-05,-2.909e-05,0.0001,3,0.0476190476190476,0.3867
SOLUSDT,2022-01-23,-0.0001714533333333,-0.00024156,-0.00013112,3,0.1904761904761904,0.5067
SOLUSDT,2022-01-24,-4.846333333333334e-05,-0.00021201,0.0001,3,0.2857142857142857,0.4765
SOLUSDT,2022-01-25,-8.387666666666666e-05,-0.0001253,-7.29e-06,3,0.4285714285714285,0.5193
SOLUSDT,2022-01-26,-0.0001510166666666,-0.00017698,-0.00012652,3,0.5714285714285714,0.5747
SOLUSDT,2022-01-27,-0.0001771766666666,-0.00028709,-0.00011855,3,0.7142857142857143,0.6137
SOLUSDT,2022-01-28,-0.0001416966666666,-0.00022188,-7.83e-05,3,0.8571428571428571,0.6281
SOLUSDT,2022-01-29,8.823333333333334e-06,-1.329e-05,3.439e-05,3,0.8571428571428571,0.5679
SOLUSDT,2022-01-30,-8.335e-05,-0.0001674,-5.62e-06,3,0.8571428571428571,0.6048
SOLUSDT,2022-01-31,-0.0001388766666666,-0.00026589,4.16e-06,3,0.8571428571428571,0.627
SOLUSDT,2022-02-01,-3.621e-05,-0.00019965,6.873e-05,3,0.7619047619047619,0.5669
SOLUSDT,2022-02-02,-3.8003333333333336e-05,-0.00011165,3.5e-05,3,0.7142857142857143,0.5581
SOLUSDT,2022-02-03,-2.5196666666666665e-05,-5.362e-05,2.861e-05,3,0.6666666666666666,0.5434
SOLUSDT,2022-02-04,-8.791666666666666e-05,-0.00033718,0.0001,3,0.6190476190476191,0.559
SOLUSDT,2022-02-05,8.426333333333334e-05,6.989e-05,0.0001,3,0.5714285714285714,0.4806
SOLUSDT,2022-02-06,7.731666666666667e-05,3.195e-05,0.0001,3,0.4285714285714285,0.4548
SOLUSDT,2022-02-07,1.8536666666666668e-05,-9.025e-05,0.0001,3,0.3809523809523809,0.4688
SOLUSDT,2022-02-08,-0.0001360333333333,-0.00025785,0.0001,3,0.4285714285714285,0.5401
SOLUSDT,2022-02-09,-4.946666666666671e-06,-0.0001339,9.188e-05,3,0.3809523809523809,0.4782
SOLUSDT,2022-02-10,-8.672999999999999e-05,-0.00019747,3.246e-05,3,0.3809523809523809,0.5109
SOLUSDT,2022-02-11,-5.992e-05,-0.00018494,0.0001,3,0.3809523809523809,0.5002
SOLUSDT,2022-02-12,-3.983333333333334e-05,-7.354e-05,-2.009e-05,3,0.5238095238095238,0.5207
SOLUSDT,2022-02-13,-0.0002162666666666,-0.00028416,-0.00016471,3,0.6666666666666666,0.6198
SOLUSDT,2022-02-14,-3.51e-05,-0.00019975,8.372e-05,3,0.6666666666666666,0.5474
SOLUSDT,2022-02-15,-2.5263333333333336e-05,-7.138e-05,3.362e-05,3,0.6666666666666666,0.5434
SOLUSDT,2022-02-16,9.441666666666668e-05,8.325e-05,0.0001,3,0.6190476190476191,0.486
SOLUSDT,2022-02-17,6.932666666666667e-05,7.98e-06,0.0001,3,0.5238095238095238,0.477
SOLUSDT,2022-02-18,1.8899999999999972e-06,-0.00010135,9.853e-05,3,0.4761904761904761,0.4945
SOLUSDT,2022-02-19,1.8613333333333337e-05,-5.937e-05,0.0001,3,0.3809523809523809,0.4687
SOLUSDT,2022-02-20,3.6880000000000006e-05,-8.936e-05,0.0001,3,0.2857142857142857,0.4424
SOLUSDT,2022-02-21,-2.5726666666666665e-05,-0.00012328,4.623e-05,3,0.3333333333333333,0.477
SOLUSDT,2022-02-22,-0.0002416099999999,-0.00025532,-0.00023126,3,0.3809523809523809,0.5728
SOLUSDT,2022-02-23,-8.847e-05,-0.00023449,7.735e-05,3,0.4761904761904761,0.5306
SOLUSDT,2022-02-24,7.960666666666666e-05,3.882e-05,0.0001,3,0.4761904761904761,0.4634
SOLUSDT,2022-02-25,6.98e-05,9.4e-06,0.0001,3,0.4285714285714285,0.4578
SOLUSDT,2022-02-26,-3.652333333333333e-05,-7.933e-05,1.092e-05,3,0.4761904761904761,0.5098
SOLUSDT,2022-02-27,-2.8459999999999995e-05,-0.00013711,3.243e-05,3,0.4761904761904761,0.5066
SOLUSDT,2022-02-28,-6.846666666666663e-06,-9.949e-05,0.0001,3,0.4761904761904761,0.498
SOLUSDT,2022-03-01,0.0001,0.0001,0.0001,3,0.3333333333333333,0.4267
SOLUSDT,2022-03-02,0.0001,0.0001,0.0001,3,0.238095238095238,0.4076
SOLUSDT,2022-03-03,0.0001,0.0001,0.0001,3,0.238095238095238,0.4076
SOLUSDT,2022-03-04,7.380666666666667e-05,5.32e-05,0.0001,3,0.238095238095238,0.4181
SOLUSDT,2022-03-05,1.1903333333333332e-05,-5.695e-05,0.0001,3,0.238095238095238,0.4429
SOLUSDT,2022-03-06,6.636666666666668e-05,3.146e-05,0.0001,3,0.1904761904761904,0.4115
SOLUSDT,2022-03-07,-3.010333333333333e-05,-4.775e-05,6.7e-07,3,0.1904761904761904,0.4501
SOLUSDT,2022-03-08,7.604666666666666e-05,2.814e-05,0.0001,3,0.1904761904761904,0.4077
SOLUSDT,2022-03-09,4.992666666666667e-05,-5.022e-05,0.0001,3,0.238095238095238,0.4276
SOLUSDT,2022-03-10,4.373e-05,-6.881e-05,0.0001,3,0.2857142857142857,0.4397
SOLUSDT,2022-03-11,6.5966666666666665e-06,-3.858e-05,7.324e-05,3,0.3809523809523809,0.4736
SOLUSDT,2022-03-12,9.104333333333334e-05,7.735e-05,9.897e-05,3,0.2857142857142857,0.4207
SOLUSDT,2022-03-13,7.773333333333333e-05,3.32e-05,0.0001,3,0.2857142857142857,0.426
SOLUSDT,2022-03-14,0.0001,0.0001,0.0001,3,0.1904761904761904,0.3981
SOLUSDT,2022-03-15,0.0001,0.0001,0.0001,3,0.1904761904761904,0.3981
SOLUSDT,2022-03-16,0.0001,0.0001,0.0001,3,0.1428571428571428,0.3886
SOLUSDT,2022-03-17,0.0001,0.0001,0.0001,3,0.0952380952380952,0.379
SOLUSDT,2022-03-18,0.0001,0.0001,0.0001,3,0.0,0.36
SOLUSDT,2022-03-19,0.0001,0.0001,0.0001,3,0.0,0.36
SOLUSDT,2022-03-20,0.0001,0.0001,0.0001,3,0.0,0.36
SOLUSDT,2022-03-21,6.850333333333334e-05,4.368e-05,0.0001,3,0.0,0.3726
SOLUSDT,2022-03-22,0.0001,0.0001,0.0001,3,0.0,0.36
SOLUSDT,2022-03-23,0.0001,0.0001,0.0001,3,0.0,0.36
SOLUSDT,2022-03-24,0.0001,0.0001,0.0001,3,0.0,0.36
SOLUSDT,2022-03-25,0.0001,0.0001,0.0001,3,0.0,0.36
SOLUSDT,2022-03-26,0.0001,0.0001,0.0001,3,0.0,0.36
SOLUSDT,2022-03-27,9.523e-05,8.569e-05,0.0001,3,0.0,0.3619
SOLUSDT,2022-03-28,7.961666666666667e-05,3.885e-05,0.0001,3,0.0,0.3682
SOLUSDT,2022-03-29,0.0001,0.0001,0.0001,3,0.0,0.36
SOLUSDT,2022-03-30,0.0001,0.0001,0.0001,3,0.0,0.36
SOLUSDT,2022-03-31,0.0001,0.0001,0.0001,3,0.0,0.36
SOLUSDT,2022-04-01,0.0001,0.0001,0.0001,3,0.0,0.36
SOLUSDT,2022-04-02,0.0001,0.0001,0.0001,3,0.0,0.36
SOLUSDT,2022-04-03,0.0001,0.0001,0.0001,3,0.0,0.36
SOLUSDT,2022-04-04,0.0001,0.0001,0.0001,3,0.0,0.36
SOLUSDT,2022-04-05,0.0001,0.0001,0.0001,3,0.0,0.36
SOLUSDT,2022-04-06,0.0001,0.0001,0.0001,3,0.0,0.36
SOLUSDT,2022-04-07,6.0003333333333335e-05,-1.999e-05,0.0001,3,0.0476190476190476,0.3855
SOLUSDT,2022-04-08,5.424666666666667e-05,-8.67e-06,0.0001,3,0.0952380952380952,0.3973
SOLUSDT,2022-04-09,-5.6913333333333336e-05,-0.00010071,-2.102e-05,3,0.238095238095238,0.4704
SOLUSDT,2022-04-10,-5.34e-06,-5.867e-05,4.621e-05,3,0.3333333333333333,0.4688
SOLUSDT,2022-04-11,9.59e-05,8.77e-05,0.0001,3,0.3333333333333333,0.4283
SOLUSDT,2022-04-12,-1.966e-05,-4.518e-05,1.234e-05,3,0.4285714285714285,0.4936
SOLUSDT,2022-04-13,4.746666666666666e-06,3.3e-06,7.56e-06,3,0.4285714285714285,0.4838
SOLUSDT,2022-04-14,3.6836666666666666e-05,1.928e-05,6.718e-05,3,0.3809523809523809,0.4615
SOLUSDT,2022-04-15,2.962666666666667e-05,3.18e-06,7.477e-05,3,0.3333333333333333,0.4548
SOLUSDT,2022-04-16,2.1156666666666667e-05,2.7e-07,4.42e-05,3,0.1904761904761904,0.4296
SOLUSDT,2022-04-17,8.957666666666667e-05,6.873e-05,0.0001,3,0.0952380952380952,0.3832
SOLUSDT,2022-04-18,-3.285666666666667e-05,-8.262e-05,6.509e-05,3,0.1904761904761904,0.4512
SOLUSDT,2022-04-19,9.206333333333334e-05,7.619e-05,0.0001,3,0.0952380952380952,0.3822
SOLUSDT,2022-04-20,0.0001,0.0001,0.0001,3,0.0952380952380952,0.379
SOLUSDT,2022-04-21,0.0001,0.0001,0.0001,3,0.0952380952380952,0.379
SOLUSDT,2022-04-22,8.187333333333333e-05,4.562e-05,0.0001,3,0.0952380952380952,0.3863
SOLUSDT,2022-04-23,3.207333333333334e-05,-0.00010378,0.0001,3,0.1428571428571428,0.4157
SOLUSDT,2022-04-24,6.210000000000001e-06,-4.956e-05,6.085e-05,3,0.1904761904761904,0.4356
SOLUSDT,2022-04-25,-2.7163333333333335e-05,-8.571e-05,4.967e-05,3,0.1904761904761904,0.449
SOLUSDT,2022-04-26,1.3450000000000003e-05,-4.43e-05,8.835e-05,3,0.2857142857142857,0.4518
SOLUSDT,2022-04-27,2.476666666666665e-06,-9.244e-05,5.659e-05,3,0.3333333333333333,0.4657
SOLUSDT,2022-04-28,-6.331333333333334e-05,-0.00014775,2.847e-05,3,0.4285714285714285,0.511
SOLUSDT,2022-04-29,5.515333333333333e-05,3.948e-05,7.776e-05,3,0.4285714285714285,0.4637
SOLUSDT,2022-04-30,4.636e-05,-1.96e-06,0.0001,3,0.4285714285714285,0.4672
SOLUSDT,2022-05-01,-0.00017771,-0.00033407,-2.366e-05,3,0.5238095238095238,0.5758
SOLUSDT,2022-05-02,-5.686333333333333e-05,-7.505e-05,-3.764e-05,3,0.5714285714285714,0.537
SOLUSDT,2022-05-03,2.017e-05,-6.52e-06,4.176e-05,3,0.5238095238095238,0.4967
SOLUSDT,2022-05-04,-4.43e-06,-1.173e-05,3.65e-06,3,0.5714285714285714,0.5161
SOLUSDT,2022-05-05,4.204e-05,1.202e-05,0.0001,3,0.4761904761904761,0.4784
SOLUSDT,2022-05-06,-6.423666666666667e-05,-0.00019937,2.119e-05,3,0.5714285714285714,0.54
SOLUSDT,2022-05-07,-2.389333333333333e-05,-6.997e-05,5.92e-06,3,0.6190476190476191,0.5334
SOLUSDT,2022-05-08,1.3969999999999998e-05,-6.156e-05,9.782e-05,3,0.5238095238095238,0.4992
SOLUSDT,2022-05-09,-0.0001060033333333,-0.00013911,-3.995e-05,3,0.5238095238095238,0.5472
SOLUSDT,2022-05-10,-5.015333333333333e-05,-0.00015146,8.977e-05,3,0.5714285714285714,0.5343
SOLUSDT,2022-05-11,-0.00068456,-0.00131956,-0.0003563,3,0.6190476190476191,0.7976
SOLUSDT,2022-05-12,-0.00130137,-0.00136442,-0.00121558,3,0.7619047619047619,0.9524
SOLUSDT,2022-05-13,-0.0006250566666666,-0.00086267,-0.00034587,3,0.8095238095238095,0.8119
SOLUSDT,2022-05-14,-0.0002466,-0.00042046,-0.00013604,3,0.8571428571428571,0.6701
SOLUSDT,2022-05-15,-6.807666666666667e-05,-0.00013599,-3.59e-06,3,0.9523809523809524,0.6177
SOLUSDT,2022-05-16,-0.0001296666666666,-0.00021481,-5.115e-05,3,0.9523809523809524,0.6423
SOLUSDT,2022-05-17,-0.00011243,-0.00016672,-4.305e-05,3,1.0,0.645
SOLUSDT,2022-05-18,-5.973333333333334e-05,-0.00011468,-7.6e-07,3,1.0,0.6239
SOLUSDT,2022-05-19,-3.1003333333333335e-05,-7.774e-05,5.065e-05,3,0.9523809523809524,0.6029
SOLUSDT,2022-05-20,-1.553e-05,-6.114e-05,3.377e-05,3,0.9047619047619048,0.5872
SOLUSDT,2022-05-21,-4.778e-05,-6.202e-05,-3.735e-05,3,0.9047619047619048,0.6001
SOLUSDT,2022-05-22,1.7276666666666667e-05,4.62e-06,3.055e-05,3,0.7619047619047619,0.5455
SOLUSDT,2022-05-23,7.150333333333333e-05,5.049e-05,0.0001,3,0.6190476190476191,0.4952
SOLUSDT,2022-05-24,-0.0001291033333333,-0.00015371,-0.00011051,3,0.6190476190476191,0.5755
SOLUSDT,2022-05-25,3.694666666666666e-05,-2.86e-05,7.84e-05,3,0.5238095238095238,0.49
SOLUSDT,2022-05-26,-7.765e-05,-0.00021906,0.0001,3,0.5238095238095238,0.5358
SOLUSDT,2022-05-27,-4.9903333333333334e-05,-0.00014257,-1.81e-06,3,0.5714285714285714,0.5342
SOLUSDT,2022-05-28,-8.486666666666666e-06,-1.802e-05,7.5e-06,3,0.5238095238095238,0.5082
SOLUSDT,2022-05-29,3.141666666666667e-05,-3.26e-06,0.0001,3,0.6190476190476191,0.5112
SOLUSDT,2022-05-30,9.613e-05,8.839e-05,0.0001,3,0.6190476190476191,0.4854
SOLUSDT,2022-05-31,0.0001,0.0001,0.0001,3,0.4761904761904761,0.4552
SOLUSDT,2022-06-01,0.0001,0.0001,0.0001,3,0.4285714285714285,0.4457
SOLUSDT,2022-06-02,-5.117666666666667e-05,-8.497e-05,-2.33e-05,3,0.4761904761904761,0.5157
SOLUSDT,2022-06-03,2.339e-05,-2.772e-05,6.063e-05,3,0.3809523809523809,0.4668
SOLUSDT,2022-06-04,-4.125666666666666e-05,-0.00011171,6.593e-05,3,0.3809523809523809,0.4927
SOLUSDT,2022-06-05,-7.555333333333333e-05,-9.031e-05,-4.947e-05,3,0.4285714285714285,0.5159
SOLUSDT,2022-06-06,5.0133333333333343e-05,1.117e-05,0.0001,3,0.4285714285714285,0.4657
SOLUSDT,2022-06-07,-8.533333333333342e-06,-0.00012704,6.625e-05,3,0.4761904761904761,0.4987
SOLUSDT,2022-06-08,-1.3123333333333335e-05,-5.611e-05,2.202e-05,3,0.5714285714285714,0.5195
SOLUSDT,2022-06-09,1.7700000000000006e-06,-2.06e-05,2.197e-05,3,0.4761904761904761,0.4945
SOLUSDT,2022-06-10,1.4796666666666668e-05,-9.951e-05,9.694e-05,3,0.4761904761904761,0.4893
SOLUSDT,2022-06-11,-0.0001694733333333,-0.0003144,-9.415e-05,3,0.5238095238095238,0.5726
SOLUSDT,2022-06-12,-0.0002806466666666,-0.0004073,-0.00018527,3,0.5238095238095238,0.617
SOLUSDT,2022-06-13,-0.0002716,-0.00035495,-0.00018721,3,0.6666666666666666,0.642
SOLUSDT,2022-06-14,-0.0001861,-0.00024766,-0.00012208,3,0.7619047619047619,0.6268
SOLUSDT,2022-06-15,-6.951666666666667e-05,-0.00011727,2.489e-05,3,0.7619047619047619,0.5802
SOLUSDT,2022-06-16,-6.106e-05,-0.00015316,6.463e-05,3,0.8095238095238095,0.5863
SOLUSDT,2022-06-17,-0.0001758733333333,-0.00023728,-8.995e-05,3,0.9047619047619048,0.6513
SOLUSDT,2022-06-18,-8.365666666666667e-05,-0.00019382,0.0001,3,0.8571428571428571,0.6049
SOLUSDT,2022-06-19,-6.747666666666667e-05,-0.00027253,3.851e-05,3,0.7619047619047619,0.5794
SOLUSDT,2022-06-20,6.419000000000001e-05,-7.43e-06,0.0001,3,0.6666666666666666,0.5077
SOLUSDT,2022-06-21,-4.883e-05,-0.0001115,1.335e-05,3,0.6190476190476191,0.5433
SOLUSDT,2022-06-22,-9.516666666666668e-05,-0.00018474,-2.989e-05,3,0.6666666666666666,0.5714
SOLUSDT,2022-06-23,-3.746666666666665e-06,-5.501e-05,4.8e-05,3,0.6666666666666666,0.5348
SOLUSDT,2022-06-24,-3.3099999999999984e-06,-3.472e-05,5.941e-05,3,0.6190476190476191,0.5251
SOLUSDT,2022-06-25,3.134e-05,6.69e-06,4.599e-05,3,0.5238095238095238,0.4922
SOLUSDT,2022-06-26,6.135333333333333e-05,2.984e-05,0.0001,3,0.4761904761904761,0.4707
SOLUSDT,2022-06-27,-6.51e-05,-8.524e-05,-5.212e-05,3,0.5714285714285714,0.5403
SOLUSDT,2022-06-28,-7.404e-05,-0.00011607,-1.66e-06,3,0.6190476190476191,0.5534
SOLUSDT,2022-06-29,2.3033333333333334e-06,-3.836e-05,5.463e-05,3,0.5714285714285714,0.5134
SOLUSDT,2022-06-30,-3.260666666666667e-05,-9.058e-05,9.26e-06,3,0.5714285714285714,0.5273
SOLUSDT,2022-07-01,-8.045333333333333e-05,-0.00012661,-3.883e-05,3,0.6190476190476191,0.556
SOLUSDT,2022-07-02,-5.856333333333333e-05,-8.115e-05,-2.603e-05,3,0.7619047619047619,0.5758
SOLUSDT,2022-07-03,-1.9416666666666667e-05,-5.817e-05,1.283e-05,3,0.8571428571428571,0.5792
SOLUSDT,2022-07-04,-4.6853333333333334e-05,-0.00014514,6.37e-06,3,0.8095238095238095,0.5806
SOLUSDT,2022-07-05,-5.209666666666667e-05,-7.35e-05,-3.792e-05,3,0.8095238095238095,0.5827
SOLUSDT,2022-07-06,2.8076666666666665e-05,6.23e-06,4.154e-05,3,0.7142857142857143,0.5316
SOLUSDT,2022-07-07,4.316666666666668e-06,-4.495e-05,7.689e-05,3,0.7142857142857143,0.5411
SOLUSDT,2022-07-08,7.31e-06,-0.00010229,8.517e-05,3,0.6190476190476191,0.5209
SOLUSDT,2022-07-09,7.083000000000001e-05,4.984e-05,0.0001,3,0.4761904761904761,0.4669
SOLUSDT,2022-07-10,8.666000000000001e-05,5.998e-05,0.0001,3,0.3809523809523809,0.4415
SOLUSDT,2022-07-11,8.713666666666667e-05,6.141e-05,0.0001,3,0.2857142857142857,0.4223
SOLUSDT,2022-07-12,-9.253333333333332e-06,-3.365e-05,8.5e-06,3,0.238095238095238,0.4513
SOLUSDT,2022-07-13,-0.00010382,-0.00017596,-6.728e-05,3,0.3809523809523809,0.5177
SOLUSDT,2022-07-14,3.868e-05,-4.3e-07,0.0001,3,0.3333333333333333,0.4512
SOLUSDT,2022-07-15,7.595666666666667e-05,2.787e-05,0.0001,3,0.2857142857142857,0.4268
SOLUSDT,2022-07-16,7.524333333333333e-05,4.828e-05,0.0001,3,0.2857142857142857,0.427
SOLUSDT,2022-07-17,0.0001,0.0001,0.0001,3,0.2857142857142857,0.4171
SOLUSDT,2022-07-18,8.318666666666667e-05,4.956e-05,0.0001,3,0.2857142857142857,0.4239
SOLUSDT,2022-07-19,0.0001,0.0001,0.0001,3,0.1904761904761904,0.3981
SOLUSDT,2022-07-20,0.0001,0.0001,0.0001,3,0.0476190476190476,0.3695
SOLUSDT,2022-07-21,0.0001,0.0001,0.0001,3,0.0,0.36
SOLUSDT,2022-07-22,0.0001,0.0001,0.0001,3,0.0,0.36
SOLUSDT,2022-07-23,7.733666666666666e-05,5.983e-05,0.0001,3,0.0,0.3691
SOLUSDT,2022-07-24,4.8053333333333336e-05,1.546e-05,0.0001,3,0.0,0.3808
SOLUSDT,2022-07-25,2.780666666666667e-05,-2.96e-05,0.0001,3,0.0476190476190476,0.3984
SOLUSDT,2022-07-26,4.827333333333333e-05,2.473e-05,7.794e-05,3,0.0476190476190476,0.3902
SOLUSDT,2022-07-27,2.0093333333333333e-05,-7.25e-06,6.03e-05,3,0.0952380952380952,0.411
SOLUSDT,2022-07-28,0.0001,0.0001,0.0001,3,0.0952380952380952,0.379
SOLUSDT,2022-07-29,0.0001,0.0001,0.0001,3,0.0952380952380952,0.379
SOLUSDT,2022-07-30,0.0001,0.0001,0.0001,3,0.0952380952380952,0.379
SOLUSDT,2022-07-31,0.0001,0.0001,0.0001,3,0.0952380952380952,0.379
SOLUSDT,2022-08-01,7.073333333333334e-05,1.22e-05,0.0001,3,0.0476190476190476,0.3812
SOLUSDT,2022-08-02,2.633333333333333e-05,-1.138e-05,9.608e-05,3,0.1428571428571428,0.418
SOLUSDT,2022-08-03,-7.523666666666666e-05,-0.0001824,3.935e-05,3,0.1904761904761904,0.4682
SOLUSDT,2022-08-04,-3.073333333333333e-05,-5.352e-05,-1.77e-06,3,0.3333333333333333,0.479
SOLUSDT,2022-08-05,7.456e-05,2.935e-05,0.0001,3,0.3333333333333333,0.4368
SOLUSDT,2022-08-06,0.0001,0.0001,0.0001,3,0.3333333333333333,0.4267
SOLUSDT,2022-08-07,8.268666666666668e-05,6.506e-05,0.0001,3,0.3333333333333333,0.4336
SOLUSDT,2022-08-08,0.0001,0.0001,0.0001,3,0.3333333333333333,0.4267
SOLUSDT,2022-08-09,0.0001,0.0001,0.0001,3,0.238095238095238,0.4076
SOLUSDT,2022-08-10,8.710333333333333e-05,6.131e-05,0.0001,3,0.1428571428571428,0.3937
SOLUSDT,2022-08-11,0.0001,0.0001,0.0001,3,0.0,0.36
SOLUSDT,2022-08-12,0.0001,0.0001,0.0001,3,0.0,0.36
SOLUSDT,2022-08-13,0.0001,0.0001,0.0001,3,0.0,0.36
SOLUSDT,2022-08-14,8.634333333333333e-05,5.903e-05,0.0001,3,0.0,0.3655
SOLUSDT,2022-08-15,0.0001,0.0001,0.0001,3,0.0,0.36
SOLUSDT,2022-08-16,7.460666666666666e-05,5.359e-05,0.0001,3,0.0,0.3702
SOLUSDT,2022-08-17,3.095666666666667e-05,2.94e-06,5.26e-05,3,0.0,0.3876
SOLUSDT,2022-08-18,-7.079666666666667e-05,-0.0001383,3.437e-05,3,0.0952380952380952,0.4474
SOLUSDT,2022-08-19,-0.0002386666666666,-0.00038828,6.21e-06,3,0.1904761904761904,0.5336
SOLUSDT,2022-08-20,-6.310333333333333e-05,-0.00011506,-1.428e-05,3,0.3333333333333333,0.4919
SOLUSDT,2022-08-21,-0.0001508633333333,-0.00026181,-8.599e-05,3,0.4761904761904761,0.5556
SOLUSDT,2022-08-22,-0.00014999,-0.0003227,-2.91e-05,3,0.6190476190476191,0.5838
SOLUSDT,2022-08-23,2.143666666666667e-05,-4.493e-05,6.755e-05,3,0.6666666666666666,0.5248
SOLUSDT,2022-08-24,-4.233333333333331e-06,-8.471e-05,7.789e-05,3,0.7619047619047619,0.5541
SOLUSDT,2022-08-25,-8.066666666666667e-05,-0.00015818,2.438e-05,3,0.7619047619047619,0.5846
SOLUSDT,2022-08-26,-0.0001712033333333,-0.00030594,-8.608e-05,3,0.8095238095238095,0.6304
SOLUSDT,2022-08-27,-0.0003689066666666,-0.00044781,-0.00023003,3,0.8095238095238095,0.7095
SOLUSDT,2022-08-28,-0.0003110933333333,-0.00040142,-0.00026121,3,0.8095238095238095,0.6863
SOLUSDT,2022-08-29,-0.0002508,-0.00049567,-1.951e-05,3,0.8095238095238095,0.6622
SOLUSDT,2022-08-30,-2.046333333333333e-05,-9.646e-05,4.076e-05,3,0.8571428571428571,0.5796
SOLUSDT,2022-08-31,2.2863333333333332e-05,-1.411e-05,4.943e-05,3,0.8095238095238095,0.5528
SOLUSDT,2022-09-01,-3.068e-05,-0.00010618,1.033e-05,3,0.7619047619047619,0.5647
SOLUSDT,2022-09-02,7.593333333333334e-05,5.04e-05,0.0001,3,0.6190476190476191,0.4934
SOLUSDT,2022-09-03,-0.0001105433333333,-0.00014696,-6.406e-05,3,0.6190476190476191,0.568
SOLUSDT,2022-09-04,5.115e-05,-1.164e-05,0.0001,3,0.5238095238095238,0.4843
SOLUSDT,2022-09-05,6.691666666666666e-05,1.162e-05,0.0001,3,0.3809523809523809,0.4494
SOLUSDT,2022-09-06,9.694666666666668e-05,9.084e-05,0.0001,3,0.2857142857142857,0.4184
SOLUSDT,2022-09-07,-8.544e-05,-0.00016706,-1.799e-05,3,0.3809523809523809,0.5104
SOLUSDT,2022-09-08,0.0001,0.0001,0.0001,3,0.3333333333333333,0.4267
SOLUSDT,2022-09-09,0.0001,0.0001,0.0001,3,0.3333333333333333,0.4267
SOLUSDT,2022-09-10,0.0001,0.0001,0.0001,3,0.1904761904761904,0.3981
SOLUSDT,2022-09-11,8.268e-05,5.748e-05,0.0001,3,0.1428571428571428,0.3955
SOLUSDT,2022-09-12,7.378333333333334e-05,5.331e-05,0.0001,3,0.1428571428571428,0.3991
SOLUSDT,2022-09-13,4.073e-05,1.102e-05,9.816e-05,3,0.1428571428571428,0.4123
SOLUSDT,2022-09-14,-0.00015407,-0.00017481,-0.00012007,3,0.1428571428571428,0.4902
SOLUSDT,2022-09-15,-2.9433333333333324e-06,-3.747e-05,4.054e-05,3,0.238095238095238,0.4488
SOLUSDT,2022-09-16,7.102999999999999e-05,4.718e-05,9.735e-05,3,0.238095238095238,0.4192
SOLUSDT,2022-09-17,3.537e-05,-2.2e-05,6.919e-05,3,0.2857142857142857,0.443
SOLUSDT,2022-09-18,5.612666666666667e-05,-1.851e-05,0.0001,3,0.3333333333333333,0.4442
SOLUSDT,2022-09-19,-3.780333333333333e-05,-7.24e-05,1.902e-05,3,0.4285714285714285,0.5008
SOLUSDT,2022-09-20,5.4863333333333334e-05,1.907e-05,0.0001,3,0.4285714285714285,0.4638
SOLUSDT,2022-09-21,-8.976666666666667e-06,-3.318e-05,1.837e-05,3,0.3809523809523809,0.4798
SOLUSDT,2022-09-22,-7.426333333333334e-05,-0.00018851,0.0001,3,0.3809523809523809,0.5059
SOLUSDT,2022-09-23,3.278666666666667e-05,-0.00010164,0.0001,3,0.4285714285714285,0.4726
SOLUSDT,2022-09-24,0.0001,0.0001,0.0001,3,0.3809523809523809,0.4362
SOLUSDT,2022-09-25,0.0001,0.0001,0.0001,3,0.3333333333333333,0.4267
SOLUSDT,2022-09-26,6.453e-05,3.61e-05,8.988e-05,3,0.238095238095238,0.4218
SOLUSDT,2022-09-27,9.838e-05,9.514e-05,0.0001,3,0.238095238095238,0.4083
SOLUSDT,2022-09-28,-8.001333333333334e-05,-0.00013748,1.343e-05,3,0.238095238095238,0.4796
SOLUSDT,2022-09-29,6.442666666666666e-05,-6.72e-06,0.0001,3,0.1904761904761904,0.4123
SOLUSDT,2022-09-30,6.294e-05,-1.118e-05,0.0001,3,0.1904761904761904,0.4129
SOLUSDT,2022-10-01,-1.222e-05,-8.454e-05,5.725e-05,3,0.2857142857142857,0.462
SOLUSDT,2022-10-02,-6.0286666666666667e-05,-0.00012694,-3.16e-06,3,0.4285714285714285,0.5098
SOLUSDT,2022-10-03,5.340333333333334e-05,-3.979e-05,0.0001,3,0.4761904761904761,0.4739
SOLUSDT,2022-10-04,3.005666666666667e-05,-5.705e-05,0.0001,3,0.5238095238095238,0.4927
SOLUSDT,2022-10-05,3.5613333333333333e-05,-2.002e-05,7.886e-05,3,0.4761904761904761,0.481
SOLUSDT,2022-10-06,4.3343333333333336e-05,6.34e-06,0.0001,3,0.4285714285714285,0.4684
SOLUSDT,2022-10-07,-2.109666666666666e-05,-0.00014355,8.021e-05,3,0.4285714285714285,0.4942
SOLUSDT,2022-10-08,6.64e-05,-8e-07,0.0001,3,0.3809523809523809,0.4496
SOLUSDT,2022-10-09,-3.288333333333334e-05,-7.535e-05,3.166e-05,3,0.3333333333333333,0.4798
SOLUSDT,2022-10-10,0.0001,0.0001,0.0001,3,0.2857142857142857,0.4171
SOLUSDT,2022-10-11,7.057666666666666e-05,1.173e-05,0.0001,3,0.238095238095238,0.4194
SOLUSDT,2022-10-12,2.284e-05,-6.356e-05,0.0001,3,0.238095238095238,0.4385
SOLUSDT,2022-10-13,-5.401e-05,-0.00018636,2.943e-05,3,0.3333333333333333,0.4883
SOLUSDT,2022-10-14,2.560333333333333e-05,-5.035e-05,8.847e-05,3,0.3333333333333333,0.4564
SOLUSDT,2022-10-15,-4.102333333333333e-05,-7.96e-05,2.301e-05,3,0.3809523809523809,0.4926
SOLUSDT,2022-10-16,-5.501333333333333e-05,-0.00010784,3.129e-05,3,0.3809523809523809,0.4982
SOLUSDT,2022-10-17,-1.444e-05,-0.00011773,5.717e-05,3,0.4285714285714285,0.4915
SOLUSDT,2022-10-18,7.090333333333334e-05,1.567e-05,0.0001,3,0.4285714285714285,0.4574
SOLUSDT,2022-10-19,7.710333333333333e-05,3.131e-05,0.0001,3,0.3809523809523809,0.4453
SOLUSDT,2022-10-20,9.483333333333334e-05,8.555e-05,0.0001,3,0.2857142857142857,0.4192
SOLUSDT,2022-10-21,4.948666666666667e-05,7.42e-06,0.0001,3,0.238095238095238,0.4278
SOLUSDT,2022-10-22,-8.980666666666665e-05,-0.00016497,-1.121e-05,3,0.2857142857142857,0.4931
SOLUSDT,2022-10-23,4.270666666666667e-05,1.405e-05,7.513e-05,3,0.1904761904761904,0.421
SOLUSDT,2022-10-24,5.597e-05,-3.209e-05,0.0001,3,0.1904761904761904,0.4157
SOLUSDT,2022-10-25,3.0563333333333326e-05,-1.944e-05,9.947e-05,3,0.238095238095238,0.4354
SOLUSDT,2022-10-26,6.964333333333334e-05,8.93e-06,0.0001,3,0.238095238095238,0.4198
SOLUSDT,2022-10-27,8.435333333333333e-05,6.525e-05,0.0001,3,0.238095238095238,0.4139
SOLUSDT,2022-10-28,2.329e-05,-6.715e-05,7.565e-05,3,0.2857142857142857,0.4478
SOLUSDT,2022-10-29,0.0001,0.0001,0.0001,3,0.1428571428571428,0.3886
SOLUSDT,2022-10-30,9.007333333333334e-05,7.022e-05,0.0001,3,0.1428571428571428,0.3925
SOLUSDT,2022-10-31,8.557e-05,5.671e-05,0.0001,3,0.0952380952380952,0.3848
SOLUSDT,2022-11-01,-5.941666666666666e-05,-7.785e-05,-3.806e-05,3,0.1904761904761904,0.4619
SOLUSDT,2022-11-02,7.136666666666666e-06,9.5e-07,1.628e-05,3,0.1904761904761904,0.4352
SOLUSDT,2022-11-03,-5.4826666666666675e-05,-0.00025803,6.571e-05,3,0.238095238095238,0.4695
SOLUSDT,2022-11-04,3.657333333333334e-05,-8.29e-05,0.0001,3,0.238095238095238,0.433
SOLUSDT,2022-11-05,0.0001,0.0001,0.0001,3,0.238095238095238,0.4076
SOLUSDT,2022-11-06,0.0001,0.0001,0.0001,3,0.238095238095238,0.4076
SOLUSDT,2022-11-07,9.773e-05,9.319e-05,0.0001,3,0.238095238095238,0.4085
SOLUSDT,2022-11-08,-0.0007300766666666,-0.00124635,-0.00035346,3,0.238095238095238,0.7396
SOLUSDT,2022-11-09,-0.0125,-0.02,-0.0075,4,0.3809523809523809,0.8762
SOLUSDT,2022-11-10,-0.015605579090909,-0.02,-0.00023209,11,0.8571428571428571,0.9714
SOLUSDT,2022-11-11,-0.0029872825,-0.01139731,-0.0007073,12,1.0,1.0
SOLUSDT,2022-11-12,-0.001475,-0.00678495,-0.00018986,12,1.0,1.0
SOLUSDT,2022-11-13,-0.0007244608333333,-0.0017701,1.458e-05,12,0.9523809523809524,0.8803
SOLUSDT,2022-11-14,-0.0011997816666666,-0.00469829,2.5e-05,12,0.8571428571428571,0.9714
SOLUSDT,2022-11-15,-0.0004220675,-0.00136816,2.5e-05,12,0.7142857142857143,0.7117
SOLUSDT,2022-11-16,-0.0006481833333333,-0.0011055,-3.556e-05,12,0.9047619047619048,0.8402
SOLUSDT,2022-11-17,-0.00064033,-0.00336778,2.5e-05,12,0.9523809523809524,0.8466
SOLUSDT,2022-11-18,-0.0005391733333333,-0.00107448,-0.00021531,6,0.9523809523809524,0.8061
SOLUSDT,2022-11-19,-0.0007863566666666,-0.00114938,-0.00052327,3,0.9523809523809524,0.905
SOLUSDT,2022-11-20,-0.0006596699999999,-0.00112922,-0.00037408,3,0.9523809523809524,0.8543
SOLUSDT,2022-11-21,-0.0008095966666666,-0.00116096,-0.0005083,3,0.9523809523809524,0.9143
SOLUSDT,2022-11-22,-0.0005438866666666,-0.00089583,-0.00016606,3,1.0,0.8176
SOLUSDT,2022-11-23,-0.0005019333333333,-0.00097051,-0.00011053,3,1.0,0.8008
SOLUSDT,2022-11-24,-0.00151873,-0.00203998,-0.00110661,3,1.0,1.0
SOLUSDT,2022-11-25,-0.0004972433333333,-0.00066695,-0.00025529,3,1.0,0.7989
SOLUSDT,2022-11-26,-0.0003525499999999,-0.00055804,-0.00015345,3,1.0,0.741
SOLUSDT,2022-11-27,-0.00074619,-0.00147702,-0.00032864,3,1.0,0.8985
SOLUSDT,2022-11-28,-0.0027940066666666,-0.00540619,-0.00016117,3,1.0,1.0
SOLUSDT,2022-11-29,-0.0004685133333333,-0.00073299,-0.00021025,3,1.0,0.7874
SOLUSDT,2022-11-30,-0.0007694066666666,-0.00140667,-0.00041907,3,1.0,0.9078
SOLUSDT,2022-12-01,-0.0003942433333333,-0.00083649,-0.00015134,3,1.0,0.7577
SOLUSDT,2022-12-02,-0.00091155,-0.00174192,-5.628e-05,3,1.0,0.9646
SOLUSDT,2022-12-03,-0.0001276133333333,-0.00030733,9.346e-05,3,0.9523809523809524,0.6415
SOLUSDT,2022-12-04,-6.468e-05,-0.00022684,4.642e-05,3,0.9047619047619048,0.6068
SOLUSDT,2022-12-05,4.464666666666667e-05,-6.606e-05,0.0001,3,0.8095238095238095,0.544
SOLUSDT,2022-12-06,5.961666666666667e-05,1.418e-05,0.0001,3,0.6666666666666666,0.5095
SOLUSDT,2022-12-07,4.220333333333333e-05,3.151e-05,5.056e-05,3,0.5238095238095238,0.4879
SOLUSDT,2022-12-08,-7.103333333333334e-05,-0.00028326,5.017e-05,3,0.4285714285714285,0.5141
SOLUSDT,2022-12-09,-1.737666666666667e-05,-9.895e-05,7.054e-05,3,0.3809523809523809,0.4831
SOLUSDT,2022-12-10,-7.199666666666666e-05,-0.00016454,-5.93e-06,3,0.4285714285714285,0.5145
SOLUSDT,2022-12-11,-5.149333333333333e-05,-0.00010562,-9.44e-06,3,0.4761904761904761,0.5158
SOLUSDT,2022-12-12,-0.0001981766666666,-0.00028652,-0.00012371,3,0.5714285714285714,0.5936
SOLUSDT,2022-12-13,2.788666666666667e-05,-1.654e-05,0.0001,3,0.6190476190476191,0.5127
SOLUSDT,2022-12-14,0.0001,0.0001,0.0001,3,0.6190476190476191,0.4838
SOLUSDT,2022-12-15,0.0001,0.0001,0.0001,3,0.5714285714285714,0.4743
SOLUSDT,2022-12-16,5.356e-05,-3.932e-05,0.0001,3,0.5238095238095238,0.4833
SOLUSDT,2022-12-17,-0.00029116,-0.0004589,-7.161e-05,3,0.5238095238095238,0.6212
SOLUSDT,2022-12-18,-0.0003641166666666,-0.00045493,-0.00027776,3,0.5238095238095238,0.6504
SOLUSDT,2022-12-19,-0.0003387466666666,-0.00045428,-0.00018596,3,0.5238095238095238,0.6403
SOLUSDT,2022-12-20,-0.0002466733333333,-0.00029256,-0.00020607,3,0.6190476190476191,0.6225
SOLUSDT,2022-12-21,-0.0002548466666666,-0.00034859,-7.839e-05,3,0.7619047619047619,0.6543
SOLUSDT,2022-12-22,-0.0002189366666666,-0.00027483,-0.00010761,3,0.9047619047619048,0.6685
SOLUSDT,2022-12-23,-2.2963333333333338e-05,-9.791e-05,9.921e-05,3,0.9523809523809524,0.5997
SOLUSDT,2022-12-24,-0.0009230233333333,-0.00155484,-1.74e-06,3,0.9523809523809524,0.9597
SOLUSDT,2022-12-25,-0.0005399233333333,-0.00080818,-0.00017688,3,0.9523809523809524,0.8064
SOLUSDT,2022-12-26,-0.00029344,-0.00035979,-0.00017839,3,0.9523809523809524,0.7079
SOLUSDT,2022-12-27,-0.0001023666666666,-0.00016284,2.9e-07,3,0.9047619047619048,0.6219
SOLUSDT,2022-12-28,-0.0003404199999999,-0.00062657,0.0001,3,0.8571428571428571,0.7076
SOLUSDT,2022-12-29,-0.0002481433333333,-0.00049537,-0.00011408,3,0.8571428571428571,0.6707
SOLUSDT,2022-12-30,-0.0024493933333333,-0.00277763,-0.00216253,3,0.9047619047619048,0.981
SOLUSDT,2022-12-31,-0.0018655566666666,-0.00284191,-0.00095178,3,0.9047619047619048,0.981
SOLUSDT,2023-01-01,-0.00076542,-0.00097445,-0.00039729,3,0.9047619047619048,0.8871
SOLUSDT,2023-01-02,-0.0007189233333333,-0.00105604,-0.00036678,3,0.9047619047619048,0.8685
SOLUSDT,2023-01-03,-0.0042652266666666,-0.00820119,-0.00137389,3,0.9523809523809524,0.9905
SOLUSDT,2023-01-04,-0.0047424166666666,-0.00927078,-0.00145742,3,1.0,1.0
SOLUSDT,2023-01-05,-0.0008372633333333,-0.00197574,-0.00017797,3,1.0,0.9349
SOLUSDT,2023-01-06,-0.0012963866666666,-0.0028675,-5.103e-05,3,1.0,1.0
SOLUSDT,2023-01-07,-0.0004021233333333,-0.00063098,-8.222e-05,3,1.0,0.7608
SOLUSDT,2023-01-08,-0.0003239266666666,-0.00041686,-0.0002307,3,1.0,0.7296
SOLUSDT,2023-01-09,-9.166666666666665e-06,-0.0002275,0.0001,3,0.9047619047619048,0.5846
SOLUSDT,2023-01-10,1.5510000000000002e-05,-0.00015347,0.0001,3,0.8095238095238095,0.5557
SOLUSDT,2023-01-11,-5.539333333333334e-05,-0.0002485,0.0001,3,0.7619047619047619,0.5745
SOLUSDT,2023-01-12,-8.257333333333333e-05,-0.00044772,0.0001,3,0.6666666666666666,0.5664
SOLUSDT,2023-01-13,-0.0002063833333333,-0.00058902,2.603e-05,3,0.6190476190476191,0.6064
SOLUSDT,2023-01-14,0.0001590066666666,0.0001,0.00027702,3,0.4761904761904761,0.4316
SOLUSDT,2023-01-15,0.00024263,0.00012309,0.00036502,3,0.3333333333333333,0.3696
SOLUSDT,2023-01-16,0.0002386766666666,0.0001,0.00041624,3,0.2857142857142857,0.3617
SOLUSDT,2023-01-17,0.0001076433333333,0.0001,0.00012293,3,0.238095238095238,0.4046
SOLUSDT,2023-01-18,0.0001,0.0001,0.0001,3,0.1428571428571428,0.3886
SOLUSDT,2023-01-19,0.0001,0.0001,0.0001,3,0.0952380952380952,0.379
SOLUSDT,2023-01-20,0.0001,0.0001,0.0001,3,0.0,0.36
SOLUSDT,2023-01-21,0.00016756,0.0001,0.00030268,3,0.0,0.333
SOLUSDT,2023-01-22,0.0001,0.0001,0.0001,3,0.0,0.36
SOLUSDT,2023-01-23,0.0001,0.0001,0.0001,3,0.0,0.36
SOLUSDT,2023-01-24,0.0001102633333333,0.0001,0.00013079,3,0.0,0.3559
SOLUSDT,2023-01-25,7.079666666666667e-05,1.239e-05,0.0001,3,0.0,0.3717
SOLUSDT,2023-01-26,0.0001,0.0001,0.0001,3,0.0,0.36
SOLUSDT,2023-01-27,0.0001,0.0001,0.0001,3,0.0,0.36
SOLUSDT,2023-01-28,0.0001101533333333,0.0001,0.00013046,3,0.0,0.3559
SOLUSDT,2023-01-29,0.0001,0.0001,0.0001,3,0.0,0.36
SOLUSDT,2023-01-30,0.00023425,0.0001,0.00050275,3,0.0,0.3063
SOLUSDT,2023-01-31,0.0001,0.0001,0.0001,3,0.0,0.36
SOLUSDT,2023-02-01,0.0001,0.0001,0.0001,3,0.0,0.36
SOLUSDT,2023-02-02,0.00015412,0.0001,0.00026236,3,0.0,0.3384
SOLUSDT,2023-02-03,7.859666666666666e-05,6.262e-05,0.0001,3,0.0,0.3686
SOLUSDT,2023-02-04,0.0001,0.0001,0.0001,3,0.0,0.36
SOLUSDT,2023-02-05,-5.986999999999999e-05,-0.00019779,0.0001,3,0.0952380952380952,0.443
SOLUSDT,2023-02-06,5.310666666666667e-05,-4.068e-05,0.0001,3,0.1428571428571428,0.4073
SOLUSDT,2023-02-07,5.916666666666666e-06,-0.00011165,0.0001,3,0.1904761904761904,0.4357
SOLUSDT,2023-02-08,6.323e-05,-1.031e-05,0.0001,3,0.238095238095238,0.4223
SOLUSDT,2023-02-09,3.636666666666672e-06,-0.00018909,0.0001,3,0.2857142857142857,0.4557
SOLUSDT,2023-02-10,-6.744333333333333e-05,-0.0001841,0.0001,3,0.3809523809523809,0.5032
SOLUSDT,2023-02-11,-0.00019215,-0.00029396,-7.827e-05,3,0.5238095238095238,0.5816
SOLUSDT,2023-02-12,-0.0003809733333333,-0.00045565,-0.00025702,3,0.5714285714285714,0.6667
SOLUSDT,2023-02-13,-0.0001101833333333,-0.00021904,0.0001,3,0.6190476190476191,0.5679
SOLUSDT,2023-02-14,-0.00013946,-0.00022864,1.781e-05,3,0.6666666666666666,0.5891
SOLUSDT,2023-02-15,3.6769999999999995e-05,-7.224e-05,9.858e-05,3,0.6666666666666666,0.5186
SOLUSDT,2023-02-16,0.0001,0.0001,0.0001,3,0.6190476190476191,0.4838
SOLUSDT,2023-02-17,0.0001,0.0001,0.0001,3,0.5238095238095238,0.4648
SOLUSDT,2023-02-18,0.0001,0.0001,0.0001,3,0.3809523809523809,0.4362
SOLUSDT,2023-02-19,0.0001154833333333,0.0001,0.00014645,3,0.238095238095238,0.4014
SOLUSDT,2023-02-20,0.0001635666666666,0.0001276,0.00019193,3,0.1428571428571428,0.3631
SOLUSDT,2023-02-21,0.0001200133333333,0.0001,0.00016004,3,0.0476190476190476,0.3615
SOLUSDT,2023-02-22,0.0001,0.0001,0.0001,3,0.0,0.36
SOLUSDT,2023-02-23,0.0001,0.0001,0.0001,3,0.0,0.36
SOLUSDT,2023-02-24,0.0001,0.0001,0.0001,3,0.0,0.36
SOLUSDT,2023-02-25,5.593666666666667e-05,-3.219e-05,0.0001,3,0.0476190476190476,0.3871
SOLUSDT,2023-02-26,-4.626666666666667e-05,-7.838e-05,-1.898e-05,3,0.1904761904761904,0.4566
SOLUSDT,2023-02-27,8.054666666666667e-05,5.327e-05,0.0001,3,0.1904761904761904,0.4059
SOLUSDT,2023-02-28,8.036333333333334e-05,5.76e-05,0.0001,3,0.1904761904761904,0.4059
SOLUSDT,2023-03-01,8.625666666666668e-05,5.877e-05,0.0001,3,0.1904761904761904,0.4036
SOLUSDT,2023-03-02,3.966333333333334e-05,-8.101e-05,0.0001,3,0.238095238095238,0.4318
SOLUSDT,2023-03-03,4.806333333333333e-05,2.047e-05,9.745e-05,3,0.238095238095238,0.4284
SOLUSDT,2023-03-04,6.864000000000001e-05,4.321e-05,0.0001,3,0.1904761904761904,0.4106
SOLUSDT,2023-03-05,0.0001,0.0001,0.0001,3,0.0476190476190476,0.3695
SOLUSDT,2023-03-06,3.8060000000000005e-05,-2.168e-05,0.0001,3,0.0952380952380952,0.4038
SOLUSDT,2023-03-07,-9.742666666666668e-05,-0.00011785,-7.843e-05,3,0.238095238095238,0.4866
SOLUSDT,2023-03-08,-0.0001227966666666,-0.00015932,-5.279e-05,3,0.3809523809523809,0.5253
SOLUSDT,2023-03-09,-3.349666666666667e-05,-0.00015189,0.0001,3,0.4285714285714285,0.4991
SOLUSDT,2023-03-10,-9.812e-05,-0.00019429,8.585e-05,3,0.5238095238095238,0.544
SOLUSDT,2023-03-11,-0.0003048733333333,-0.00036773,-0.0001919,3,0.6666666666666666,0.6553
SOLUSDT,2023-03-12,-8.704e-05,-0.00019726,6.8e-05,3,0.7619047619047619,0.5872
SOLUSDT,2023-03-13,0.0001,0.0001,0.0001,3,0.7142857142857143,0.5029
SOLUSDT,2023-03-14,0.0001,0.0001,0.0001,3,0.5714285714285714,0.4743
SOLUSDT,2023-03-15,0.00012688,0.0001,0.00018064,3,0.4285714285714285,0.435
SOLUSDT,2023-03-16,-5.885999999999999e-05,-0.00017595,0.0001,3,0.4285714285714285,0.5093
SOLUSDT,2023-03-17,-3.0266666666666663e-05,-5.87e-05,6.18e-06,3,0.4285714285714285,0.4978
SOLUSDT,2023-03-18,0.0001586033333333,0.0001,0.00027581,3,0.2857142857142857,0.3937
SOLUSDT,2023-03-19,0.0001,0.0001,0.0001,3,0.1904761904761904,0.3981
SOLUSDT,2023-03-20,0.0001,0.0001,0.0001,3,0.1904761904761904,0.3981
SOLUSDT,2023-03-21,0.0001,0.0001,0.0001,3,0.1904761904761904,0.3981
SOLUSDT,2023-03-22,8.703e-05,6.109e-05,0.0001,3,0.1904761904761904,0.4033
SOLUSDT,2023-03-23,9.800000000000004e-06,-8.698e-05,0.0001,3,0.1428571428571428,0.4247
SOLUSDT,2023-03-24,0.0001,0.0001,0.0001,3,0.0476190476190476,0.3695
SOLUSDT,2023-03-25,-5.6586666666666665e-05,-6.551e-05,-4.6e-05,3,0.1904761904761904,0.4607
SOLUSDT,2023-03-26,-5.6143333333333335e-05,-0.00010361,-2.291e-05,3,0.3333333333333333,0.4891
SOLUSDT,2023-03-27,5.3003333333333335e-05,2.013e-05,0.0001,3,0.3333333333333333,0.4455
SOLUSDT,2023-03-28,-3.740666666666667e-05,-0.00017394,8.36e-05,3,0.4285714285714285,0.5007
SOLUSDT,2023-03-29,7.243333333333336e-06,-0.00016763,0.0001,3,0.4761904761904761,0.4923
SOLUSDT,2023-03-30,1.9590000000000004e-05,-6.11e-05,7.675e-05,3,0.4761904761904761,0.4874
SOLUSDT,2023-03-31,-5.796666666666667e-05,-0.00011842,-1.814e-05,3,0.6190476190476191,0.547
SOLUSDT,2023-04-01,0.0001,0.0001,0.0001,3,0.4761904761904761,0.4552
SOLUSDT,2023-04-02,6.870333333333334e-05,6.11e-06,0.0001,3,0.3333333333333333,0.4392
SOLUSDT,2023-04-03,-1.555e-05,-0.00014684,7.659e-05,3,0.3809523809523809,0.4824
SOLUSDT,2023-04-04,6.766e-05,2.383e-05,0.0001,3,0.2857142857142857,0.4301
SOLUSDT,2023-04-05,0.0001,0.0001,0.0001,3,0.238095238095238,0.4076
SOLUSDT,2023-04-06,6.346666666666667e-05,1.019e-05,0.0001,3,0.1904761904761904,0.4127
SOLUSDT,2023-04-07,-2.3200000000000005e-05,-7.207e-05,2.05e-06,3,0.0952380952380952,0.4283
SOLUSDT,2023-04-08,7.612000000000001e-05,4.752e-05,0.0001,3,0.0952380952380952,0.3886
SOLUSDT,2023-04-09,2.8136666666666668e-05,-1.384e-05,8.973e-05,3,0.1428571428571428,0.4173
SOLUSDT,2023-04-10,8.705333333333334e-05,6.116e-05,0.0001,3,0.0952380952380952,0.3842
SOLUSDT,2023-04-11,0.0001,0.0001,0.0001,3,0.0952380952380952,0.379
SOLUSDT,2023-04-12,0.0001,0.0001,0.0001,3,0.0952380952380952,0.379
SOLUSDT,2023-04-13,6.595666666666667e-05,2.795e-05,0.0001,3,0.0952380952380952,0.3927
SOLUSDT,2023-04-14,0.0001,0.0001,0.0001,3,0.0476190476190476,0.3695
SOLUSDT,2023-04-15,0.0001,0.0001,0.0001,3,0.0476190476190476,0.3695
SOLUSDT,2023-04-16,0.0001519166666666,0.0001,0.00025575,3,0.0,0.3392
SOLUSDT,2023-04-17,0.00026239,0.00013821,0.00035646,3,0.0,0.295
SOLUSDT,2023-04-18,0.0001,0.0001,0.0001,3,0.0,0.36
SOLUSDT,2023-04-19,4.808666666666667e-05,-5.574e-05,0.0001,3,0.0476190476190476,0.3903
SOLUSDT,2023-04-20,0.0001,0.0001,0.0001,3,0.0476190476190476,0.3695
SOLUSDT,2023-04-21,5.475e-05,-3.575e-05,0.0001,3,0.0952380952380952,0.3971
SOLUSDT,2023-04-22,-1.0803333333333332e-05,-3.008e-05,9.14e-06,3,0.1904761904761904,0.4424
SOLUSDT,2023-04-23,4.056333333333333e-05,-4.662e-05,9.355e-05,3,0.238095238095238,0.4314
SOLUSDT,2023-04-24,6.560000000000001e-05,3.83e-06,0.0001,3,0.238095238095238,0.4214
SOLUSDT,2023-04-25,-9.453333333333331e-06,-2.918e-05,1.692e-05,3,0.3333333333333333,0.4704
SOLUSDT,2023-04-26,5.734666666666667e-05,1.365e-05,0.0001,3,0.2857142857142857,0.4342
SOLUSDT,2023-04-27,-1.635666666666667e-05,-0.00012155,5.188e-05,3,0.3333333333333333,0.4732
SOLUSDT,2023-04-28,0.0001,0.0001,0.0001,3,0.2857142857142857,0.4171
SOLUSDT,2023-04-29,8.776e-05,6.328e-05,0.0001,3,0.1904761904761904,0.403
SOLUSDT,2023-04-30,7.514e-05,5.413e-05,0.0001,3,0.1428571428571428,0.3985
SOLUSDT,2023-05-01,7.178333333333333e-05,1.535e-05,0.0001,3,0.1428571428571428,0.3999
SOLUSDT,2023-05-02,-4.833333333333338e-07,-4.732e-05,3.889e-05,3,0.0952380952380952,0.4192
SOLUSDT,2023-05-03,3.0186666666666667e-05,2.069e-05,3.849e-05,3,0.0952380952380952,0.407
SOLUSDT,2023-05-04,6.591000000000001e-05,-2.27e-06,0.0001,3,0.0952380952380952,0.3927
SOLUSDT,2023-05-05,7.741e-05,3.223e-05,0.0001,3,0.0952380952380952,0.3881
SOLUSDT,2023-05-06,7.480333333333333e-05,2.441e-05,0.0001,3,0.0952380952380952,0.3891
SOLUSDT,2023-05-07,2.5923333333333336e-05,-2.12e-05,6.249e-05,3,0.1428571428571428,0.4182
SOLUSDT,2023-05-08,1.6176666666666667e-05,-7.742e-05,0.0001,3,0.1904761904761904,0.4316
SOLUSDT,2023-05-09,-0.00010214,-0.00019637,-5.327e-05,3,0.2857142857142857,0.498
SOLUSDT,2023-05-10,-5.023333333333334e-06,-4.287e-05,2.809e-05,3,0.3809523809523809,0.4782
SOLUSDT,2023-05-11,4.281e-05,2.286e-05,7.952e-05,3,0.3333333333333333,0.4495
SOLUSDT,2023-05-12,3.398666666666667e-05,8.03e-06,8.362e-05,3,0.3333333333333333,0.4531
SOLUSDT,2023-05-13,6.066e-05,1.245e-05,0.0001,3,0.3333333333333333,0.4424
SOLUSDT,2023-05-14,6.979333333333333e-05,6.449e-05,7.69e-05,3,0.2857142857142857,0.4292
SOLUSDT,2023-05-15,5.277333333333333e-05,8.94e-06,8.447e-05,3,0.238095238095238,0.4265
SOLUSDT,2023-05-16,8.689e-05,6.067e-05,0.0001,3,0.0952380952380952,0.3843
SOLUSDT,2023-05-17,7.582e-05,3.051e-05,0.0001,3,0.0,0.3697
SOLUSDT,2023-05-18,7.65e-05,2.95e-05,0.0001,3,0.0,0.3694
SOLUSDT,2023-05-19,9.233333333333332e-06,-9.122e-05,8.946e-05,3,0.0476190476190476,0.4058
SOLUSDT,2023-05-20,5.0423333333333336e-05,2.515e-05,9.555e-05,3,0.0476190476190476,0.3894
SOLUSDT,2023-05-21,9.826333333333334e-05,9.479e-05,0.0001,3,0.0476190476190476,0.3702
SOLUSDT,2023-05-22,6.936333333333334e-05,2.963e-05,0.0001,3,0.0476190476190476,0.3818
SOLUSDT,2023-05-23,9.999e-05,9.997e-05,0.0001,3,0.0476190476190476,0.3695
SOLUSDT,2023-05-24,8.745e-05,6.455e-05,0.0001,3,0.0476190476190476,0.3745
SOLUSDT,2023-05-25,7.184333333333334e-05,5.668e-05,0.0001,3,0.0476190476190476,0.3808
SOLUSDT,2023-05-26,0.0001,0.0001,0.0001,3,0.0,0.36
SOLUSDT,2023-05-27,0.0001,0.0001,0.0001,3,0.0,0.36
SOLUSDT,2023-05-28,0.0001,0.0001,0.0001,3,0.0,0.36
SOLUSDT,2023-05-29,0.0001,0.0001,0.0001,3,0.0,0.36
SOLUSDT,2023-05-30,0.0001,0.0001,0.0001,3,0.0,0.36
SOLUSDT,2023-05-31,0.0001,0.0001,0.0001,3,0.0,0.36
SOLUSDT,2023-06-01,0.0001,0.0001,0.0001,3,0.0,0.36
SOLUSDT,2023-06-02,0.0001,0.0001,0.0001,3,0.0,0.36
SOLUSDT,2023-06-03,0.0001,0.0001,0.0001,3,0.0,0.36
SOLUSDT,2023-06-04,0.0001,0.0001,0.0001,3,0.0,0.36
SOLUSDT,2023-06-05,0.0001,0.0001,0.0001,3,0.0,0.36
SOLUSDT,2023-06-06,-8.306666666666666e-06,-7.522e-05,6.245e-05,3,0.0952380952380952,0.4224
SOLUSDT,2023-06-07,9.387e-05,8.161e-05,0.0001,3,0.0952380952380952,0.3815
SOLUSDT,2023-06-08,-4.366e-05,-6.138e-05,-2.973e-05,3,0.238095238095238,0.4651
SOLUSDT,2023-06-09,1.67e-05,-1.99e-05,4.756e-05,3,0.2857142857142857,0.4505
SOLUSDT,2023-06-10,-0.0001998166666666,-0.00045568,4.312e-05,3,0.3809523809523809,0.5561
SOLUSDT,2023-06-11,-0.00025511,-0.00039139,-0.00011432,3,0.5238095238095238,0.6068
SOLUSDT,2023-06-12,-1.934333333333333e-05,-0.00010351,0.0001,3,0.6190476190476191,0.5315
SOLUSDT,2023-06-13,-5.03e-06,-1.734e-05,8.95e-06,3,0.6190476190476191,0.5258
SOLUSDT,2023-06-14,-6.674666666666667e-05,-9.959e-05,-3.849e-05,3,0.7619047619047619,0.5791
SOLUSDT,2023-06-15,-1.624333333333333e-05,-0.0001096,0.0001,3,0.7142857142857143,0.5494
SOLUSDT,2023-06-16,2.0023333333333332e-05,-4.6e-06,3.481e-05,3,0.7142857142857143,0.5348
SOLUSDT,2023-06-17,2.7796666666666668e-05,-3.146e-05,6.248e-05,3,0.6666666666666666,0.5222
SOLUSDT,2023-06-18,-2.8293333333333332e-05,-5.493e-05,-1.03e-06,3,0.6666666666666666,0.5447
SOLUSDT,2023-06-19,-6.758666666666667e-05,-8.954e-05,-4.972e-05,3,0.7142857142857143,0.5699
SOLUSDT,2023-06-20,-5.060666666666667e-05,-0.0001454,1.7e-06,3,0.7142857142857143,0.5631
SOLUSDT,2023-06-21,3.249333333333333e-05,5.55e-06,7.67e-05,3,0.5714285714285714,0.5013
SOLUSDT,2023-06-22,1.9846666666666668e-05,-9.97e-06,5.684e-05,3,0.5238095238095238,0.4968
SOLUSDT,2023-06-23,6.177666666666667e-05,-3.27e-06,0.0001,3,0.5238095238095238,0.4801
SOLUSDT,2023-06-24,1.475e-05,-5.354e-05,8.164e-05,3,0.5238095238095238,0.4989
SOLUSDT,2023-06-25,-1.1030000000000005e-05,-9.403e-05,4.045e-05,3,0.4285714285714285,0.4901
SOLUSDT,2023-06-26,5.626666666666665e-06,-6.749e-05,5.956e-05,3,0.3333333333333333,0.4644
SOLUSDT,2023-06-27,5.704666666666667e-05,-2.886e-05,0.0001,3,0.2857142857142857,0.4343
SOLUSDT,2023-06-28,4.552333333333333e-05,-1.801e-05,0.0001,3,0.3333333333333333,0.4485
SOLUSDT,2023-06-29,7.233333333333333e-05,1.7e-05,0.0001,3,0.2857142857142857,0.4282
SOLUSDT,2023-06-30,8.275666666666666e-05,4.827e-05,0.0001,3,0.238095238095238,0.4145
SOLUSDT,2023-07-01,7.400333333333334e-05,2.201e-05,0.0001,3,0.1904761904761904,0.4085
SOLUSDT,2023-07-02,0.0001,0.0001,0.0001,3,0.1428571428571428,0.3886
SOLUSDT,2023-07-03,0.0001,0.0001,0.0001,3,0.0952380952380952,0.379
SOLUSDT,2023-07-04,8.775666666666667e-05,6.327e-05,0.0001,3,0.0476190476190476,0.3744
SOLUSDT,2023-07-05,8.101333333333334e-05,4.304e-05,0.0001,3,0.0,0.3676
SOLUSDT,2023-07-06,6.490333333333333e-05,-5.29e-06,0.0001,3,0.0476190476190476,0.3836
SOLUSDT,2023-07-07,-1.3343333333333326e-05,-0.00022841,0.0001,3,0.0952380952380952,0.4244
SOLUSDT,2023-07-08,1.8706666666666668e-05,-5.703e-05,0.0001,3,0.1428571428571428,0.4211
SOLUSDT,2023-07-09,-9.866666666666662e-07,-0.00011345,0.0001,3,0.1904761904761904,0.4385
SOLUSDT,2023-07-10,4.8846666666666674e-05,-5.346e-05,0.0001,3,0.238095238095238,0.4281
SOLUSDT,2023-07-11,-4.479e-05,-0.00013561,2.775e-05,3,0.3333333333333333,0.4846
SOLUSDT,2023-07-12,9.676666666666668e-06,-2.714e-05,4.12e-05,3,0.3809523809523809,0.4723
SOLUSDT,2023-07-13,-4.255666666666666e-05,-0.00021919,9.789e-05,3,0.4285714285714285,0.5027
SOLUSDT,2023-07-14,0.00019145,0.0001,0.00029523,3,0.3809523809523809,0.3996
SOLUSDT,2023-07-15,0.0001,0.0001,0.0001,3,0.3333333333333333,0.4267
SOLUSDT,2023-07-16,0.0001,0.0001,0.0001,3,0.2857142857142857,0.4171
SOLUSDT,2023-07-17,0.0001,0.0001,0.0001,3,0.238095238095238,0.4076
SOLUSDT,2023-07-18,9.723666666666668e-05,9.171e-05,0.0001,3,0.1428571428571428,0.3897
SOLUSDT,2023-07-19,0.0001,0.0001,0.0001,3,0.0952380952380952,0.379
SOLUSDT,2023-07-20,9.055e-05,7.165e-05,0.0001,3,0.0,0.3638
SOLUSDT,2023-07-21,3.0253333333333337e-05,-1.51e-06,7.977e-05,3,0.0476190476190476,0.3974
SOLUSDT,2023-07-22,7.366333333333334e-05,2.099e-05,0.0001,3,0.0476190476190476,0.3801
SOLUSDT,2023-07-23,8.277000000000001e-05,6.786e-05,0.0001,3,0.0476190476190476,0.3764
SOLUSDT,2023-07-24,8.109666666666667e-05,5.539e-05,0.0001,3,0.0476190476190476,0.3771
SOLUSDT,2023-07-25,1.7783333333333333e-05,-2.252e-05,4.666e-05,3,0.0952380952380952,0.4119
SOLUSDT,2023-07-26,4.584e-05,-1.83e-06,9.281e-05,3,0.1428571428571428,0.4102
SOLUSDT,2023-07-27,4.507e-05,1.048e-05,0.0001,3,0.1428571428571428,0.4105
SOLUSDT,2023-07-28,0.0001,0.0001,0.0001,3,0.0952380952380952,0.379
SOLUSDT,2023-07-29,9.518333333333336e-05,8.555e-05,0.0001,3,0.0952380952380952,0.381
SOLUSDT,2023-07-30,9.737666666666668e-05,9.213e-05,0.0001,3,0.0952380952380952,0.3801
SOLUSDT,2023-07-31,3.792333333333333e-05,-2.568e-05,9.232e-05,3,0.1428571428571428,0.4134
SOLUSDT,2023-08-01,8.304333333333335e-05,6.97e-05,0.0001,3,0.0952380952380952,0.3858
SOLUSDT,2023-08-02,2.078e-05,1.057e-05,3.245e-05,3,0.0476190476190476,0.4012
SOLUSDT,2023-08-03,1.4816666666666663e-05,-3.185e-05,0.0001,3,0.1428571428571428,0.4226
SOLUSDT,2023-08-04,2.8753333333333335e-05,9.93e-06,5.856e-05,3,0.1428571428571428,0.4171
SOLUSDT,2023-08-05,5.5039999999999995e-05,2.082e-05,0.0001,3,0.1428571428571428,0.4066
SOLUSDT,2023-08-06,5.500666666666667e-05,-3.498e-05,0.0001,3,0.1904761904761904,0.4161
SOLUSDT,2023-08-07,9.067666666666668e-05,7.203e-05,0.0001,3,0.1428571428571428,0.3923
SOLUSDT,2023-08-08,9.07e-05,7.405e-05,0.0001,3,0.1428571428571428,0.3923
SOLUSDT,2023-08-09,5.467333333333333e-05,7.15e-06,9.326e-05,3,0.1428571428571428,0.4067
SOLUSDT,2023-08-10,0.0001,0.0001,0.0001,3,0.0476190476190476,0.3695
SOLUSDT,2023-08-11,8.339333333333334e-05,5.018e-05,0.0001,3,0.0476190476190476,0.3762
SOLUSDT,2023-08-12,0.0001,0.0001,0.0001,3,0.0476190476190476,0.3695
SOLUSDT,2023-08-13,7.539666666666666e-05,5.155e-05,0.0001,3,0.0,0.3698
SOLUSDT,2023-08-14,6.742e-05,3.069e-05,0.0001,3,0.0,0.373
SOLUSDT,2023-08-15,9.075e-05,7.225e-05,0.0001,3,0.0,0.3637
SOLUSDT,2023-08-16,8.635666666666668e-05,5.907e-05,0.0001,3,0.0,0.3655
SOLUSDT,2023-08-17,4.362666666666667e-05,6.9e-07,0.0001,3,0.0,0.3825
SOLUSDT,2023-08-18,-7.854e-05,-0.00029147,8.169e-05,3,0.0952380952380952,0.4505
SOLUSDT,2023-08-19,-6.257e-05,-7.003e-05,-5.498e-05,3,0.238095238095238,0.4726
SOLUSDT,2023-08-20,-5.574e-05,-7.076e-05,-3.023e-05,3,0.3809523809523809,0.4985
SOLUSDT,2023-08-21,-3.8419999999999995e-05,-7.183e-05,-7.18e-06,3,0.5238095238095238,0.5201
SOLUSDT,2023-08-22,2.9226666666666662e-05,1.569e-05,5.112e-05,3,0.5238095238095238,0.4931
SOLUSDT,2023-08-23,-4.154666666666667e-05,-0.00012671,3.526e-05,3,0.6190476190476191,0.5404
SOLUSDT,2023-08-24,-5.851e-05,-9.124e-05,-9.96e-06,3,0.7619047619047619,0.5758
SOLUSDT,2023-08-25,-0.0001082566666666,-0.00018382,-5.421e-05,3,0.8095238095238095,0.6052
SOLUSDT,2023-08-26,-0.0001897099999999,-0.00024234,-0.00014373,3,0.8095238095238095,0.6378
SOLUSDT,2023-08-27,-0.0001543666666666,-0.00017578,-0.00011914,3,0.8095238095238095,0.6237
SOLUSDT,2023-08-28,-9.45e-06,-3.451e-05,2.945e-05,3,0.7619047619047619,0.5562
SOLUSDT,2023-08-29,-0.0001048666666666,-0.00040362,8.373e-05,3,0.8095238095238095,0.6039
SOLUSDT,2023-08-30,6.985666666666667e-05,2.088e-05,0.0001,3,0.7142857142857143,0.5149
SOLUSDT,2023-08-31,-7.591333333333334e-05,-9.89e-05,-5.589e-05,3,0.7142857142857143,0.5732
SOLUSDT,2023-09-01,-5.911666666666667e-05,-0.00013928,5.2e-05,3,0.6666666666666666,0.557
SOLUSDT,2023-09-02,-4.380333333333334e-05,-8.469e-05,6.71e-06,3,0.6190476190476191,0.5413
SOLUSDT,2023-09-03,-2.52e-05,-3.935e-05,-6.5e-07,3,0.6190476190476191,0.5339
SOLUSDT,2023-09-04,-1.1276666666666663e-05,-7.224e-05,8.919e-05,3,0.6190476190476191,0.5283
SOLUSDT,2023-09-05,-5.084666666666667e-05,-0.00010758,1.756e-05,3,0.6666666666666666,0.5537
SOLUSDT,2023-09-06,7.673333333333333e-06,-1.341e-05,2.839e-05,3,0.7142857142857143,0.5398
SOLUSDT,2023-09-07,-8.22e-06,-2.787e-05,2.88e-06,3,0.6190476190476191,0.5271
SOLUSDT,2023-09-08,-0.0001454166666666,-0.00021132,-8.527e-05,3,0.6666666666666666,0.5915
SOLUSDT,2023-09-09,-0.0001621133333333,-0.00021188,-0.0001045,3,0.7142857142857143,0.6077
SOLUSDT,2023-09-10,-0.0003679566666666,-0.00047908,-0.0002388,3,0.7142857142857143,0.69
SOLUSDT,2023-09-11,-0.00021933,-0.00036941,-6.124e-05,3,0.7619047619047619,0.6401
SOLUSDT,2023-09-12,-5.6773333333333334e-05,-7.381e-05,-3.978e-05,3,0.8095238095238095,0.5846
SOLUSDT,2023-09-13,-0.0001288,-0.00017635,-4.981e-05,3,0.9047619047619048,0.6325
SOLUSDT,2023-09-14,-0.0001859033333333,-0.00024678,-0.0001497,3,1.0,0.6744
SOLUSDT,2023-09-15,-0.00011389,-0.0002153,-5.91e-06,3,1.0,0.6456
SOLUSDT,2023-09-16,-6.071333333333334e-05,-0.00014091,1.257e-05,3,0.9523809523809524,0.6148
SOLUSDT,2023-09-17,-0.00011355,-0.00021514,-5.427e-05,3,0.9523809523809524,0.6359
SOLUSDT,2023-09-18,-0.0001758866666666,-0.00030943,-7.847e-05,3,0.9523809523809524,0.6608
SOLUSDT,2023-09-19,-2.2469999999999997e-05,-0.00010841,0.0001,3,0.9047619047619048,0.5899
SOLUSDT,2023-09-20,-0.0001071766666666,-0.00014401,-8.143e-05,3,0.9047619047619048,0.6238
SOLUSDT,2023-09-21,9.113333333333336e-06,-6.489e-05,0.0001,3,0.8571428571428571,0.5678
SOLUSDT,2023-09-22,2.2743333333333333e-05,1.075e-05,4.359e-05,3,0.7142857142857143,0.5338
SOLUSDT,2023-09-23,7.309e-05,5.94e-05,0.0001,3,0.6190476190476191,0.4946
SOLUSDT,2023-09-24,5.308666666666666e-05,8.1e-06,8.557e-05,3,0.4761904761904761,0.474
SOLUSDT,2023-09-25,3.5200000000000015e-06,-3.233e-05,2.778e-05,3,0.3809523809523809,0.4748
SOLUSDT,2023-09-26,-8.250000000000002e-06,-6.278e-05,1.913e-05,3,0.3333333333333333,0.47
SOLUSDT,2023-09-27,4.4193333333333336e-05,2.165e-05,7.51e-05,3,0.1904761904761904,0.4204
SOLUSDT,2023-09-28,-3.348666666666666e-05,-0.00025005,0.0001,3,0.1428571428571428,0.442
SOLUSDT,2023-09-29,-4.784e-05,-8.995e-05,3.522e-05,3,0.238095238095238,0.4668
SOLUSDT,2023-09-30,-0.0001879833333333,-0.00033235,-9.192e-05,3,0.3809523809523809,0.5514
SOLUSDT,2023-10-01,-0.00011682,-0.00024577,4.55e-05,3,0.4761904761904761,0.542
SOLUSDT,2023-10-02,4.013666666666667e-05,-5.358e-05,0.0001,3,0.4761904761904761,0.4792
SOLUSDT,2023-10-03,-5.347999999999999e-05,-0.00016715,0.0001,3,0.5238095238095238,0.5262
SOLUSDT,2023-10-04,-0.0001126766666666,-0.00020449,1.008e-05,3,0.6190476190476191,0.5689
SOLUSDT,2023-10-05,-0.0001713466666666,-0.0002138,-0.00010441,3,0.7142857142857143,0.6114
SOLUSDT,2023-10-06,-3.3583333333333334e-05,-0.00014401,6.028e-05,3,0.7142857142857143,0.5563
SOLUSDT,2023-10-07,-5.312e-05,-0.00013829,1.517e-05,3,0.6666666666666666,0.5546
SOLUSDT,2023-10-08,-4.790333333333334e-05,-7.284e-05,-2.324e-05,3,0.7142857142857143,0.562
SOLUSDT,2023-10-09,-6.986666666666667e-05,-0.00010232,-2.043e-05,3,0.8095238095238095,0.5899
SOLUSDT,2023-10-10,-0.0001430866666666,-0.00026515,-4.739e-05,3,0.8571428571428571,0.6287
SOLUSDT,2023-10-11,-6.744333333333335e-05,-0.00010217,-1.27e-05,3,0.9047619047619048,0.6079
SOLUSDT,2023-10-12,-1.5413333333333334e-05,-5.206e-05,5.051e-05,3,0.8571428571428571,0.5776
SOLUSDT,2023-10-13,-6.486333333333333e-05,-7.419e-05,-4.739e-05,3,0.9047619047619048,0.6069
SOLUSDT,2023-10-14,-0.00018068,-0.0003452,-4.015e-05,3,0.9523809523809524,0.6627
SOLUSDT,2023-10-15,-1.6599999999999997e-05,-7.073e-05,2.222e-05,3,0.9047619047619048,0.5876
SOLUSDT,2023-10-16,-0.00010079,-0.00013087,-6.321e-05,3,0.9047619047619048,0.6213
SOLUSDT,2023-10-17,-3.675333333333333e-05,-0.00014135,2.264e-05,3,0.8095238095238095,0.5766
SOLUSDT,2023-10-18,4.659666666666666e-05,-2.937e-05,9.438e-05,3,0.7142857142857143,0.5242
SOLUSDT,2023-10-19,-9.112666666666666e-05,-0.00018428,1.267e-05,3,0.7142857142857143,0.5793
SOLUSDT,2023-10-20,-0.0002075633333333,-0.00060231,-6.18e-06,3,0.7142857142857143,0.6259
SOLUSDT,2023-10-21,-3.951e-05,-9.934e-05,6.969e-05,3,0.6666666666666666,0.5491
SOLUSDT,2023-10-22,-2.963333333333333e-05,-9.897e-05,5.08e-05,3,0.6666666666666666,0.5452
SOLUSDT,2023-10-23,5.363333333333333e-06,-2.29e-06,1.601e-05,3,0.5714285714285714,0.5121
SOLUSDT,2023-10-24,0.0001,0.0001,0.0001,3,0.5238095238095238,0.4648
SOLUSDT,2023-10-25,0.0001,0.0001,0.0001,3,0.4761904761904761,0.4552
SOLUSDT,2023-10-26,8.323e-05,4.969e-05,0.0001,3,0.3809523809523809,0.4429
SOLUSDT,2023-10-27,0.0001,0.0001,0.0001,3,0.238095238095238,0.4076
SOLUSDT,2023-10-28,0.0001,0.0001,0.0001,3,0.1428571428571428,0.3886
SOLUSDT,2023-10-29,0.0001,0.0001,0.0001,3,0.0476190476190476,0.3695
SOLUSDT,2023-10-30,9.792e-05,9.376e-05,0.0001,3,0.0,0.3608
SOLUSDT,2023-10-31,8.237333333333334e-05,4.712e-05,0.0001,3,0.0,0.3671
SOLUSDT,2023-11-01,-0.00013171,-0.00041129,5.676e-05,3,0.0952380952380952,0.4717
SOLUSDT,2023-11-02,0.0001,0.0001,0.0001,3,0.0952380952380952,0.379
SOLUSDT,2023-11-03,0.0001,0.0001,0.0001,3,0.0952380952380952,0.379
SOLUSDT,2023-11-04,0.0001,0.0001,0.0001,3,0.0952380952380952,0.379
SOLUSDT,2023-11-05,0.0001,0.0001,0.0001,3,0.0952380952380952,0.379
SOLUSDT,2023-11-06,0.0001176199999999,0.0001,0.00015286,3,0.0952380952380952,0.372
SOLUSDT,2023-11-07,0.0001352633333333,0.0001,0.00020579,3,0.0952380952380952,0.3649
SOLUSDT,2023-11-08,0.00012381,0.0001,0.00017143,3,0.0,0.3505
SOLUSDT,2023-11-09,0.0001602966666666,0.0001,0.00028089,3,0.0,0.3359
SOLUSDT,2023-11-10,0.0001229899999999,0.0001,0.00015368,3,0.0,0.3508
SOLUSDT,2023-11-11,0.0001688466666666,0.0001,0.00030654,3,0.0,0.3325
SOLUSDT,2023-11-12,0.0002825466666666,0.00016254,0.00051279,3,0.0,0.287
SOLUSDT,2023-11-13,0.0003123966666666,0.0001,0.00050694,3,0.0,0.275
SOLUSDT,2023-11-14,0.0002819233333333,0.0001,0.00047225,3,0.0,0.2872
SOLUSDT,2023-11-15,0.0001662766666666,0.00010903,0.00026624,3,0.0,0.3335
SOLUSDT,2023-11-16,0.00025532,0.00014572,0.00031874,3,0.0,0.2979
SOLUSDT,2023-11-17,0.0001,0.0001,0.0001,3,0.0,0.36
SOLUSDT,2023-11-18,0.0001,0.0001,0.0001,3,0.0,0.36
SOLUSDT,2023-11-19,0.0001,0.0001,0.0001,3,0.0,0.36
SOLUSDT,2023-11-20,0.0001,0.0001,0.0001,3,0.0,0.36
SOLUSDT,2023-11-21,0.0001,0.0001,0.0001,3,0.0,0.36
SOLUSDT,2023-11-22,0.0001,0.0001,0.0001,3,0.0,0.36
SOLUSDT,2023-11-23,0.0001,0.0001,0.0001,3,0.0,0.36
SOLUSDT,2023-11-24,0.0001,0.0001,0.0001,3,0.0,0.36
SOLUSDT,2023-11-25,0.0001,0.0001,0.0001,3,0.0,0.36
SOLUSDT,2023-11-26,0.0001,0.0001,0.0001,3,0.0,0.36
SOLUSDT,2023-11-27,0.0001,0.0001,0.0001,3,0.0,0.36
SOLUSDT,2023-11-28,0.0001,0.0001,0.0001,3,0.0,0.36
SOLUSDT,2023-11-29,0.0001,0.0001,0.0001,3,0.0,0.36
SOLUSDT,2023-11-30,0.0001,0.0001,0.0001,3,0.0,0.36
SOLUSDT,2023-12-01,0.0001,0.0001,0.0001,3,0.0,0.36
SOLUSDT,2023-12-02,0.0001672466666666,0.0001,0.00030174,3,0.0,0.3331
SOLUSDT,2023-12-03,0.0001621499999999,0.0001,0.00020381,3,0.0,0.3351
SOLUSDT,2023-12-04,0.0002461766666666,0.0001,0.00053853,3,0.0,0.3015
SOLUSDT,2023-12-05,0.0001,0.0001,0.0001,3,0.0,0.36
SOLUSDT,2023-12-06,0.0002765133333333,0.00011861,0.00045867,3,0.0,0.2894
SOLUSDT,2023-12-07,0.00018956,0.0001,0.00036868,3,0.0,0.3242
SOLUSDT,2023-12-08,0.00035217,0.0002033,0.00061268,3,0.0,0.2591
SOLUSDT,2023-12-09,0.0002720499999999,0.0001,0.000394,3,0.0,0.2912
SOLUSDT,2023-12-10,0.0002791166666666,0.00020175,0.00037686,3,0.0,0.2884
SOLUSDT,2023-12-11,0.0001574033333333,0.0001,0.00027221,3,0.0,0.337
SOLUSDT,2023-12-12,0.0001562066666666,0.00011574,0.00023316,3,0.0,0.3375
SOLUSDT,2023-12-13,0.0001,0.0001,0.0001,3,0.0,0.36
SOLUSDT,2023-12-14,0.0001,0.0001,0.0001,3,0.0,0.36
SOLUSDT,2023-12-15,0.00021984,0.00016198,0.00032874,3,0.0,0.3121
SOLUSDT,2023-12-16,0.0001,0.0001,0.0001,3,0.0,0.36
SOLUSDT,2023-12-17,0.0001,0.0001,0.0001,3,0.0,0.36
SOLUSDT,2023-12-18,0.0001,0.0001,0.0001,3,0.0,0.36
SOLUSDT,2023-12-19,0.0001011,0.0001,0.0001033,3,0.0,0.3596
SOLUSDT,2023-12-20,0.0001912533333333,0.0001,0.00028564,3,0.0,0.3235
SOLUSDT,2023-12-21,0.0001,0.0001,0.0001,3,0.0,0.36
SOLUSDT,2023-12-22,0.00026931,0.00012814,0.00036827,3,0.0,0.2923
SOLUSDT,2023-12-23,0.00012898,0.0001,0.00018694,3,0.0,0.3484
SOLUSDT,2023-12-24,0.0002424499999999,0.00012453,0.00034505,3,0.0,0.303
SOLUSDT,2023-12-25,0.0003388833333333,0.00018571,0.00063964,3,0.0,0.2644
SOLUSDT,2023-12-26,0.0001888133333333,0.00012594,0.00029627,3,0.0,0.3245
SOLUSDT,2023-12-27,0.00039615,0.0001,0.00067699,3,0.0,0.2415
SOLUSDT,2023-12-28,0.0007489633333333,0.00053993,0.00086297,3,0.0,0.1004
SOLUSDT,2023-12-29,0.00045187,0.00040365,0.00050327,3,0.0,0.2193
SOLUSDT,2023-12-30,0.0003387366666666,0.00024082,0.00046726,3,0.0,0.2645
SOLUSDT,2023-12-31,0.0004268366666666,0.00034362,0.00052654,3,0.0,0.2293
SOLUSDT,2024-01-01,0.0003562533333333,0.0002241,0.00051477,3,0.0,0.2575
SOLUSDT,2024-01-02,0.0006703733333333,0.00046798,0.00096801,3,0.0,0.1319
SOLUSDT,2024-01-03,0.0001858566666666,0.0001,0.00032289,3,0.0,0.3257
SOLUSDT,2024-01-04,0.0001,0.0001,0.0001,3,0.0,0.36
SOLUSDT,2024-01-05,0.0001,0.0001,0.0001,3,0.0,0.36
SOLUSDT,2024-01-06,0.0001,0.0001,0.0001,3,0.0,0.36
SOLUSDT,2024-01-07,0.0001,0.0001,0.0001,3,0.0,0.36
SOLUSDT,2024-01-08,0.0001,0.0001,0.0001,3,0.0,0.36
SOLUSDT,2024-01-09,0.0001,0.0001,0.0001,3,0.0,0.36
SOLUSDT,2024-01-10,0.0001,0.0001,0.0001,3,0.0,0.36
SOLUSDT,2024-01-11,0.0001,0.0001,0.0001,3,0.0,0.36
SOLUSDT,2024-01-12,0.0001,0.0001,0.0001,3,0.0,0.36
SOLUSDT,2024-01-13,0.0001,0.0001,0.0001,3,0.0,0.36
SOLUSDT,2024-01-14,0.0001,0.0001,0.0001,3,0.0,0.36
SOLUSDT,2024-01-15,0.0001,0.0001,0.0001,3,0.0,0.36
SOLUSDT,2024-01-16,0.0001,0.0001,0.0001,3,0.0,0.36
SOLUSDT,2024-01-17,0.0001,0.0001,0.0001,3,0.0,0.36
SOLUSDT,2024-01-18,0.0001,0.0001,0.0001,3,0.0,0.36
SOLUSDT,2024-01-19,0.0001,0.0001,0.0001,3,0.0,0.36
SOLUSDT,2024-01-20,0.0001,0.0001,0.0001,3,0.0,0.36
SOLUSDT,2024-01-21,0.0001,0.0001,0.0001,3,0.0,0.36
SOLUSDT,2024-01-22,0.0001,0.0001,0.0001,3,0.0,0.36
SOLUSDT,2024-01-23,0.0001,0.0001,0.0001,3,0.0,0.36
SOLUSDT,2024-01-24,0.0001,0.0001,0.0001,3,0.0,0.36
SOLUSDT,2024-01-25,0.0001,0.0001,0.0001,3,0.0,0.36
SOLUSDT,2024-01-26,9.333000000000002e-05,7.999e-05,0.0001,3,0.0,0.3627
SOLUSDT,2024-01-27,0.0001,0.0001,0.0001,3,0.0,0.36
SOLUSDT,2024-01-28,7.156666666666667e-05,2.568e-05,0.0001,3,0.0,0.3714
SOLUSDT,2024-01-29,7.976333333333334e-05,3.929e-05,0.0001,3,0.0,0.3681
SOLUSDT,2024-01-30,8.111e-05,4.333e-05,0.0001,3,0.0,0.3676
SOLUSDT,2024-01-31,8.567333333333334e-05,5.702e-05,0.0001,3,0.0,0.3657
SOLUSDT,2024-02-01,7.533666666666667e-05,5.15e-05,0.0001,3,0.0,0.3699
SOLUSDT,2024-02-02,0.0001,0.0001,0.0001,3,0.0,0.36
SOLUSDT,2024-02-03,9.908666666666667e-05,9.726e-05,0.0001,3,0.0,0.3604
SOLUSDT,2024-02-04,0.0001,0.0001,0.0001,3,0.0,0.36
SOLUSDT,2024-02-05,0.0001,0.0001,0.0001,3,0.0,0.36
SOLUSDT,2024-02-06,8.538666666666667e-05,5.616e-05,0.0001,3,0.0,0.3658
SOLUSDT,2024-02-07,0.0001,0.0001,0.0001,3,0.0,0.36
SOLUSDT,2024-02-08,0.0001,0.0001,0.0001,3,0.0,0.36
SOLUSDT,2024-02-09,6.714666666666667e-05,3.075e-05,0.0001,3,0.0,0.3731
SOLUSDT,2024-02-10,0.0001,0.0001,0.0001,3,0.0,0.36
SOLUSDT,2024-02-11,0.0001,0.0001,0.0001,3,0.0,0.36
SOLUSDT,2024-02-12,0.0001,0.0001,0.0001,3,0.0,0.36
SOLUSDT,2024-02-13,0.0001138866666666,0.0001,0.00014166,3,0.0,0.3544
SOLUSDT,2024-02-14,0.0001640833333333,0.0001,0.00029225,3,0.0,0.3344
SOLUSDT,2024-02-15,0.0001383466666666,0.00012,0.00015932,3,0.0,0.3447
SOLUSDT,2024-02-16,0.0002379066666666,0.00016914,0.00032087,3,0.0,0.3048
SOLUSDT,2024-02-17,0.0002932866666666,0.00017661,0.00042046,3,0.0,0.2827
SOLUSDT,2024-02-18,0.0002145466666666,0.00019395,0.00022777,3,0.0,0.3142
SOLUSDT,2024-02-19,0.0003058,0.00029566,0.00031944,3,0.0,0.2777
SOLUSDT,2024-02-20,0.00036382,0.00029934,0.0004747,3,0.0,0.2545
SOLUSDT,2024-02-21,0.00019765,0.00016255,0.0002531,3,0.0,0.3209
SOLUSDT,2024-02-22,0.0001857966666666,0.00016351,0.00021049,3,0.0,0.3257
SOLUSDT,2024-02-23,0.0002536233333333,0.00016957,0.00032841,3,0.0,0.2986
SOLUSDT,2024-02-24,0.00028825,0.0002623,0.00033132,3,0.0,0.2847
SOLUSDT,2024-02-25,0.0003715533333333,0.00027207,0.00042645,3,0.0,0.2514
SOLUSDT,2024-02-26,0.00049793,0.00038701,0.00055349,3,0.0,0.2008
SOLUSDT,2024-02-27,0.0006029366666666,0.00051508,0.00069189,3,0.0,0.1588
SOLUSDT,2024-02-28,0.00050635,0.00032603,0.00078549,3,0.0,0.1975
SOLUSDT,2024-02-29,0.0008981733333333,0.00081567,0.00098885,3,0.0,0.0407
SOLUSDT,2024-03-01,0.0006281699999999,0.00060436,0.00066424,3,0.0,0.1487
SOLUSDT,2024-03-02,0.0007063833333333,0.00063147,0.000755,3,0.0,0.1174
SOLUSDT,2024-03-03,0.0006297066666666,0.0005416,0.00076414,3,0.0,0.1481
SOLUSDT,2024-03-04,0.0007200266666666,0.00070533,0.00073074,3,0.0,0.112
SOLUSDT,2024-03-05,0.0010181633333333,0.00071628,0.00119261,3,0.0,0.0
SOLUSDT,2024-03-06,0.0002818333333333,0.0001,0.00038317,3,0.0,0.2873
SOLUSDT,2024-03-07,0.0004855199999999,0.00038906,0.00054339,3,0.0,0.2058
SOLUSDT,2024-03-08,0.0005610333333333,0.00053032,0.00059435,3,0.0,0.1756
SOLUSDT,2024-03-09,0.0004047933333333,0.00029228,0.00048054,3,0.0,0.2381
SOLUSDT,2024-03-10,0.0005298766666666,0.00033129,0.00084919,3,0.0,0.188
SOLUSDT,2024-03-11,0.0005700566666666,0.00023257,0.00081096,3,0.0,0.172
SOLUSDT,2024-03-12,0.00066976,0.00055607,0.00073858,3,0.0,0.1321
SOLUSDT,2024-03-13,0.0006616399999999,0.00064251,0.00069679,3,0.0,0.1353
SOLUSDT,2024-03-14,0.0005240833333333,0.0005183,0.00052725,3,0.0,0.1904
SOLUSDT,2024-03-15,0.00041595,0.0002746,0.00063046,3,0.0,0.2336
SOLUSDT,2024-03-16,0.0001690566666666,0.00014955,0.00020435,3,0.0,0.3324
SOLUSDT,2024-03-17,0.00018322,0.0001,0.00030858,3,0.0,0.3267
SOLUSDT,2024-03-18,0.00027027,0.00018996,0.00033129,3,0.0,0.2919
SOLUSDT,2024-03-19,0.0001707566666666,0.0001,0.0002092,3,0.0,0.3317
SOLUSDT,2024-03-20,0.00016192,0.00010917,0.00018831,3,0.0,0.3352
SOLUSDT,2024-03-21,0.0002040133333333,0.00014524,0.00030752,3,0.0,0.3184
SOLUSDT,2024-03-22,0.0001501833333333,0.00014092,0.00016161,3,0.0,0.3399
SOLUSDT,2024-03-23,0.0001572533333333,0.00015091,0.00016841,3,0.0,0.3371
SOLUSDT,2024-03-24,0.0001961133333333,0.00015435,0.00025686,3,0.0,0.3216
SOLUSDT,2024-03-25,0.0001977766666666,0.00017494,0.00021466,3,0.0,0.3209
SOLUSDT,2024-03-26,0.0002838233333333,0.00020767,0.00039207,3,0.0,0.2865
SOLUSDT,2024-03-27,0.0003258966666666,0.00025221,0.0004048,3,0.0,0.2696
SOLUSDT,2024-03-28,0.00034406,0.00026487,0.00039989,3,0.0,0.2624
SOLUSDT,2024-03-29,0.0004041333333333,0.00035449,0.00045018,3,0.0,0.2383
SOLUSDT,2024-03-30,0.00055206,0.00052381,0.00058211,3,0.0,0.1792
SOLUSDT,2024-03-31,0.0004789866666666,0.00044594,0.00053015,3,0.0,0.2084
SOLUSDT,2024-04-01,0.0005307166666666,0.00031429,0.00083459,3,0.0,0.1877
SOLUSDT,2024-04-02,0.0001390333333333,0.0001,0.00015893,3,0.0,0.3444
SOLUSDT,2024-04-03,0.0001237133333333,0.0001,0.00016154,3,0.0,0.3505
SOLUSDT,2024-04-04,0.0001227166666666,0.0001,0.00016815,3,0.0,0.3509
SOLUSDT,2024-04-05,0.0001,0.0001,0.0001,3,0.0,0.36
SOLUSDT,2024-04-06,0.0001,0.0001,0.0001,3,0.0,0.36
SOLUSDT,2024-04-07,0.0001,0.0001,0.0001,3,0.0,0.36
SOLUSDT,2024-04-08,0.0001921766666666,0.00013953,0.00025466,3,0.0,0.3231
SOLUSDT,2024-04-09,0.0001247433333333,0.00011397,0.00013524,3,0.0,0.3501
SOLUSDT,2024-04-10,0.0002843333333333,0.00017163,0.00036513,3,0.0,0.2863
SOLUSDT,2024-04-11,0.00026361,0.00024101,0.00027676,3,0.0,0.2946
SOLUSDT,2024-04-12,0.0002719466666666,0.00025596,0.0002941,3,0.0,0.2912
SOLUSDT,2024-04-13,0.0001,0.0001,0.0001,3,0.0,0.36
SOLUSDT,2024-04-14,0.0001,0.0001,0.0001,3,0.0,0.36
SOLUSDT,2024-04-15,5.099333333333333e-05,-7.58e-06,9.686e-05,3,0.0476190476190476,0.3891
SOLUSDT,2024-04-16,3.866666666666667e-06,-5.815e-05,4.459e-05,3,0.0952380952380952,0.4175
SOLUSDT,2024-04-17,2.578e-05,-2.599e-05,0.0001,3,0.1428571428571428,0.4183
SOLUSDT,2024-04-18,6.893666666666667e-05,6.59e-05,7.203e-05,3,0.1428571428571428,0.401
SOLUSDT,2024-04-19,1.6733333333333335e-05,-1.667e-05,4.68e-05,3,0.1904761904761904,0.4314
SOLUSDT,2024-04-20,6.926e-05,4.184e-05,0.0001,3,0.1904761904761904,0.4104
SOLUSDT,2024-04-21,2.780333333333333e-05,-2.982e-05,7.055e-05,3,0.238095238095238,0.4365
SOLUSDT,2024-04-22,3.076333333333333e-05,-3.018e-05,8.512e-05,3,0.238095238095238,0.4353
SOLUSDT,2024-04-23,-1.3023333333333331e-05,-4.214e-05,1.577e-05,3,0.2857142857142857,0.4624
SOLUSDT,2024-04-24,3.873333333333334e-05,6.43e-06,0.0001,3,0.238095238095238,0.4321
SOLUSDT,2024-04-25,7.413000000000001e-05,2.239e-05,0.0001,3,0.238095238095238,0.418
SOLUSDT,2024-04-26,7.698333333333334e-05,6.164e-05,8.505e-05,3,0.1904761904761904,0.4073
SOLUSDT,2024-04-27,1.727e-05,-2.561e-05,5.384e-05,3,0.238095238095238,0.4407
SOLUSDT,2024-04-28,5.254e-05,2.733e-05,0.0001,3,0.1904761904761904,0.4171
SOLUSDT,2024-04-29,0.0001,0.0001,0.0001,3,0.1428571428571428,0.3886
SOLUSDT,2024-04-30,6.828666666666667e-05,4.102e-05,0.0001,3,0.0476190476190476,0.3822
SOLUSDT,2024-05-01,5.179666666666667e-05,-3.566e-05,0.0001,3,0.0952380952380952,0.3983
SOLUSDT,2024-05-02,3.936e-05,3.78e-06,7.951e-05,3,0.0952380952380952,0.4033
SOLUSDT,2024-05-03,1.1996666666666666e-05,-5.326e-05,5.799e-05,3,0.1428571428571428,0.4238
SOLUSDT,2024-05-04,-2.1273333333333332e-05,-8.768e-05,1.309e-05,3,0.1428571428571428,0.4371
SOLUSDT,2024-05-05,7.145e-05,5.621e-05,8.266e-05,3,0.1428571428571428,0.4
SOLUSDT,2024-05-06,7.024666666666667e-05,5.22e-05,0.0001,3,0.1428571428571428,0.4005
SOLUSDT,2024-05-07,2.839333333333333e-05,-1.698e-05,7.714e-05,3,0.1904761904761904,0.4267
SOLUSDT,2024-05-08,0.0001,0.0001,0.0001,3,0.1428571428571428,0.3886
SOLUSDT,2024-05-09,7.103333333333334e-05,5.327e-05,8.335e-05,3,0.1428571428571428,0.4002
SOLUSDT,2024-05-10,5.722666666666667e-05,2.012e-05,0.0001,3,0.0952380952380952,0.3962
SOLUSDT,2024-05-11,6.425e-05,4.734e-05,9.445e-05,3,0.0476190476190476,0.3838
SOLUSDT,2024-05-12,4.528e-05,2.9e-05,6.071e-05,3,0.0476190476190476,0.3914
SOLUSDT,2024-05-13,6.351333333333333e-05,-7.24e-06,0.0001,3,0.0952380952380952,0.3936
SOLUSDT,2024-05-14,7.844333333333334e-05,4.564e-05,0.0001,3,0.0476190476190476,0.3781
SOLUSDT,2024-05-15,3.9976666666666666e-05,1.738e-05,8.36e-05,3,0.0476190476190476,0.3935
SOLUSDT,2024-05-16,0.0001,0.0001,0.0001,3,0.0476190476190476,0.3695
SOLUSDT,2024-05-17,4.974333333333333e-05,3.361e-05,7.45e-05,3,0.0476190476190476,0.3896
SOLUSDT,2024-05-18,4.6613333333333337e-05,2.883e-05,6.893e-05,3,0.0476190476190476,0.3909
SOLUSDT,2024-05-19,4.823e-05,1.875e-05,8.795e-05,3,0.0476190476190476,0.3902
SOLUSDT,2024-05-20,8.920666666666667e-05,6.762e-05,0.0001,3,0.0,0.3643
SOLUSDT,2024-05-21,0.0001,0.0001,0.0001,3,0.0,0.36
SOLUSDT,2024-05-22,0.0001,0.0001,0.0001,3,0.0,0.36
SOLUSDT,2024-05-23,0.0001,0.0001,0.0001,3,0.0,0.36
SOLUSDT,2024-05-24,0.0001,0.0001,0.0001,3,0.0,0.36
SOLUSDT,2024-05-25,0.0001,0.0001,0.0001,3,0.0,0.36
SOLUSDT,2024-05-26,0.0001,0.0001,0.0001,3,0.0,0.36
SOLUSDT,2024-05-27,0.0001,0.0001,0.0001,3,0.0,0.36
SOLUSDT,2024-05-28,0.0001137633333333,0.0001,0.00014129,3,0.0,0.3545
SOLUSDT,2024-05-29,0.00014086,0.0001,0.00018529,3,0.0,0.3437
SOLUSDT,2024-05-30,0.0001,0.0001,0.0001,3,0.0,0.36
SOLUSDT,2024-05-31,0.0001,0.0001,0.0001,3,0.0,0.36
SOLUSDT,2024-06-01,0.00012942,0.00010981,0.00016081,3,0.0,0.3482
SOLUSDT,2024-06-02,0.00012228,0.0001,0.00016684,3,0.0,0.3511
SOLUSDT,2024-06-03,0.0001143733333333,0.00010832,0.00012157,3,0.0,0.3543
SOLUSDT,2024-06-04,0.00015039,0.00013282,0.00016338,3,0.0,0.3398
SOLUSDT,2024-06-05,0.0002226199999999,0.00021045,0.00023899,3,0.0,0.311
SOLUSDT,2024-06-06,0.0001906866666666,0.00016193,0.00020758,3,0.0,0.3237
SOLUSDT,2024-06-07,0.00014466,0.0001,0.0001698,3,0.0,0.3421
SOLUSDT,2024-06-08,0.0001,0.0001,0.0001,3,0.0,0.36
SOLUSDT,2024-06-09,0.0001,0.0001,0.0001,3,0.0,0.36
SOLUSDT,2024-06-10,0.0001,0.0001,0.0001,3,0.0,0.36
SOLUSDT,2024-06-11,0.0001,0.0001,0.0001,3,0.0,0.36
SOLUSDT,2024-06-12,0.0001,0.0001,0.0001,3,0.0,0.36
SOLUSDT,2024-06-13,0.0001,0.0001,0.0001,3,0.0,0.36
SOLUSDT,2024-06-14,9.391333333333331e-05,8.277e-05,0.0001,3,0.0,0.3624
SOLUSDT,2024-06-15,0.0001,0.0001,0.0001,3,0.0,0.36
SOLUSDT,2024-06-16,7.730666666666668e-05,3.192e-05,0.0001,3,0.0,0.3691
SOLUSDT,2024-06-17,9.053666666666668e-05,7.161e-05,0.0001,3,0.0,0.3638
SOLUSDT,2024-06-18,2.9143333333333336e-05,-8.849e-05,0.0001,3,0.0476190476190476,0.3979
SOLUSDT,2024-06-19,7.033e-05,4.103e-05,0.0001,3,0.0476190476190476,0.3814
SOLUSDT,2024-06-20,1.9703333333333335e-05,-2.605e-05,7.341e-05,3,0.0952380952380952,0.4112
SOLUSDT,2024-06-21,3.147e-05,8.76e-06,4.454e-05,3,0.0952380952380952,0.4065
SOLUSDT,2024-06-22,4.899333333333334e-05,-2.362e-05,0.0001,3,0.1428571428571428,0.409
SOLUSDT,2024-06-23,5.303333333333334e-05,3.933e-05,7.846e-05,3,0.1428571428571428,0.4074
SOLUSDT,2024-06-24,5.3966666666666666e-05,2.872e-05,0.0001,3,0.1428571428571428,0.407
SOLUSDT,2024-06-25,2.0696666666666664e-05,-3.228e-05,8.255e-05,3,0.1428571428571428,0.4203
SOLUSDT,2024-06-26,0.0001,0.0001,0.0001,3,0.1428571428571428,0.3886
SOLUSDT,2024-06-27,0.0001,0.0001,0.0001,3,0.0952380952380952,0.379
SOLUSDT,2024-06-28,9.331e-05,8.707e-05,0.0001,3,0.0952380952380952,0.3817
SOLUSDT,2024-06-29,0.0001,0.0001,0.0001,3,0.0476190476190476,0.3695
SOLUSDT,2024-06-30,0.0001,0.0001,0.0001,3,0.0476190476190476,0.3695
SOLUSDT,2024-07-01,8.183333333333333e-05,5.816e-05,0.0001,3,0.0476190476190476,0.3768
SOLUSDT,2024-07-02,6.778333333333333e-05,2.759e-05,0.0001,3,0.0,0.3729
SOLUSDT,2024-07-03,0.0001,0.0001,0.0001,3,0.0,0.36
SOLUSDT,2024-07-04,7.949e-05,4.97e-05,0.0001,3,0.0,0.3682
SOLUSDT,2024-07-05,-2.3756666666666672e-05,-0.0001139,5.21e-05,3,0.0952380952380952,0.4286
SOLUSDT,2024-07-06,-4.589999999999999e-06,-0.00012992,7.35e-05,3,0.1428571428571428,0.4304
SOLUSDT,2024-07-07,6.784e-05,3.52e-06,0.0001,3,0.1428571428571428,0.4014
SOLUSDT,2024-07-08,4.790333333333334e-05,-5.629e-05,0.0001,3,0.1904761904761904,0.4189
SOLUSDT,2024-07-09,6.607333333333334e-05,4.22e-05,0.0001,3,0.1904761904761904,0.4117
SOLUSDT,2024-07-10,8.382333333333333e-05,7.406e-05,8.961e-05,3,0.1904761904761904,0.4046
SOLUSDT,2024-07-11,3.5906666666666666e-05,-1.433e-05,0.0001,3,0.238095238095238,0.4333
SOLUSDT,2024-07-12,4.495666666666667e-05,-1.079e-05,0.0001,3,0.1904761904761904,0.4201
SOLUSDT,2024-07-13,4.685666666666666e-05,1.668e-05,8.326e-05,3,0.1428571428571428,0.4098
SOLUSDT,2024-07-14,4.7306666666666665e-05,2.006e-05,8.116e-05,3,0.1428571428571428,0.4096
SOLUSDT,2024-07-15,1.7246666666666665e-05,-1.038e-05,3.81e-05,3,0.1428571428571428,0.4217
SOLUSDT,2024-07-16,4.671666666666667e-05,-3.759e-05,0.0001,3,0.1904761904761904,0.4194
SOLUSDT,2024-07-17,8.361000000000001e-05,5.083e-05,0.0001,3,0.1904761904761904,0.4047
SOLUSDT,2024-07-18,8.291666666666667e-05,6.464e-05,0.0001,3,0.1428571428571428,0.3954
SOLUSDT,2024-07-19,7.498e-05,5.128e-05,0.0001,3,0.0952380952380952,0.3891
SOLUSDT,2024-07-20,4.228e-05,3.05e-06,0.0001,3,0.0952380952380952,0.4021
SOLUSDT,2024-07-21,8.487666666666666e-05,5.463e-05,0.0001,3,0.0952380952380952,0.3851
SOLUSDT,2024-07-22,9.035e-05,7.105e-05,0.0001,3,0.0476190476190476,0.3734
SOLUSDT,2024-07-23,0.0001,0.0001,0.0001,3,0.0,0.36
SOLUSDT,2024-07-24,7.234666666666667e-05,4.584e-05,0.0001,3,0.0,0.3711
SOLUSDT,2024-07-25,8.581666666666666e-05,7.841e-05,9.813e-05,3,0.0,0.3657
SOLUSDT,2024-07-26,5.620333333333333e-05,3.235e-05,7.483e-05,3,0.0,0.3775
SOLUSDT,2024-07-27,5.625333333333333e-05,3.411e-05,8.705e-05,3,0.0,0.3775
SOLUSDT,2024-07-28,9.644e-05,8.932e-05,0.0001,3,0.0,0.3614
SOLUSDT,2024-07-29,7.898e-05,3.694e-05,0.0001,3,0.0,0.3684
SOLUSDT,2024-07-30,9.261e-05,7.783e-05,0.0001,3,0.0,0.363
SOLUSDT,2024-07-31,6.619333333333333e-05,3.184e-05,8.931e-05,3,0.0,0.3735
SOLUSDT,2024-08-01,9.763666666666668e-05,9.291e-05,0.0001,3,0.0,0.3609
SOLUSDT,2024-08-02,7.879666666666666e-05,3.639e-05,0.0001,3,0.0,0.3685
SOLUSDT,2024-08-03,9.291666666666668e-05,8.073e-05,0.0001,3,0.0,0.3628
SOLUSDT,2024-08-04,3.7823333333333334e-05,-1.748e-05,8.871e-05,3,0.0476190476190476,0.3944
SOLUSDT,2024-08-05,1.972333333333333e-05,-7.57e-06,6.211e-05,3,0.0952380952380952,0.4112
SOLUSDT,2024-08-06,8.126666666666666e-06,-5.258e-05,8.019e-05,3,0.1904761904761904,0.4348
SOLUSDT,2024-08-07,-1.3346666666666664e-05,-8.086e-05,2.337e-05,3,0.238095238095238,0.453
SOLUSDT,2024-08-08,2.2409999999999997e-05,-2.941e-05,7.141e-05,3,0.2857142857142857,0.4482
SOLUSDT,2024-08-09,2.455e-05,1.575e-05,3.148e-05,3,0.2857142857142857,0.4473
SOLUSDT,2024-08-10,9.366666666666665e-06,-6.621e-05,5.146e-05,3,0.3333333333333333,0.4629
SOLUSDT,2024-08-11,-8.716666666666667e-06,-3.889e-05,2.894e-05,3,0.3809523809523809,0.4797
SOLUSDT,2024-08-12,3.219666666666667e-05,-9.32e-06,9.903e-05,3,0.3809523809523809,0.4633
SOLUSDT,2024-08-13,4.412e-05,-6.2e-06,8.364e-05,3,0.3333333333333333,0.449
SOLUSDT,2024-08-14,1.1516666666666666e-05,-1e-07,2.644e-05,3,0.3333333333333333,0.4621
SOLUSDT,2024-08-15,7.4233333333333314e-06,-2.764e-05,4.403e-05,3,0.3333333333333333,0.4637
SOLUSDT,2024-08-16,-2.475666666666667e-05,-6.592e-05,2.572e-05,3,0.4285714285714285,0.4956
SOLUSDT,2024-08-17,6.000000000000027e-08,-1.28e-05,2.001e-05,3,0.4761904761904761,0.4952
SOLUSDT,2024-08-18,-3.951e-05,-0.00010289,4.55e-06,3,0.4761904761904761,0.511
SOLUSDT,2024-08-19,2.2626666666666668e-05,-9.28e-06,5.854e-05,3,0.4761904761904761,0.4862
SOLUSDT,2024-08-20,-9.76e-06,-3.807e-05,3.839e-05,3,0.5238095238095238,0.5087
SOLUSDT,2024-08-21,6.706666666666668e-06,-1.553e-05,2.703e-05,3,0.5238095238095238,0.5021
SOLUSDT,2024-08-22,3.4636666666666667e-05,6.11e-06,6.844e-05,3,0.4761904761904761,0.4814
SOLUSDT,2024-08-23,1.3193333333333331e-05,-4.648e-05,4.556e-05,3,0.4285714285714285,0.4804
SOLUSDT,2024-08-24,5.1263333333333334e-05,2.046e-05,7.101e-05,3,0.3333333333333333,0.4462
SOLUSDT,2024-08-25,6.141666666666666e-05,-1.338e-05,0.0001,3,0.2857142857142857,0.4326
SOLUSDT,2024-08-26,4.3673333333333334e-05,1.048e-05,0.0001,3,0.238095238095238,0.4301
SOLUSDT,2024-08-27,6.770333333333333e-05,4.402e-05,0.0001,3,0.1428571428571428,0.4015
SOLUSDT,2024-08-28,8.973333333333333e-06,-1.779e-05,2.718e-05,3,0.1428571428571428,0.425
SOLUSDT,2024-08-29,-6.691e-05,-9.711e-05,-1.723e-05,3,0.2857142857142857,0.4839
SOLUSDT,2024-08-30,-2.1553333333333333e-05,-5.69e-05,3.115e-05,3,0.3333333333333333,0.4753
SOLUSDT,2024-08-31,1.7133333333333317e-06,-6.239e-05,4.9e-05,3,0.3809523809523809,0.4755
SOLUSDT,2024-09-01,-2.1556666666666663e-05,-2.877e-05,-9.59e-06,3,0.4761904761904761,0.5039
SOLUSDT,2024-09-02,-3.1536666666666666e-05,-5.556e-05,5.21e-06,3,0.5714285714285714,0.5269
SOLUSDT,2024-09-03,1.7166666666666632e-06,-8.288e-05,5.362e-05,3,0.6190476190476191,0.5231
SOLUSDT,2024-09-04,3.7216666666666666e-05,-1.3e-05,8.904e-05,3,0.6190476190476191,0.5089
SOLUSDT,2024-09-05,4.4346666666666673e-05,1.522e-05,6.659e-05,3,0.4761904761904761,0.4775
SOLUSDT,2024-09-06,2.8003333333333333e-05,-1.324e-05,5.678e-05,3,0.4285714285714285,0.4745
SOLUSDT,2024-09-07,-1.3143333333333332e-05,-2.317e-05,5.99e-06,3,0.4761904761904761,0.5005
SOLUSDT,2024-09-08,6.941333333333333e-05,6.264e-05,8.148e-05,3,0.3333333333333333,0.4389
SOLUSDT,2024-09-09,-2.1306666666666667e-05,-5.564e-05,3.966e-05,3,0.3333333333333333,0.4752
SOLUSDT,2024-09-10,3.421333333333333e-05,-1.672e-05,9.587e-05,3,0.3333333333333333,0.453
SOLUSDT,2024-09-11,-3.490333333333333e-05,-6.617e-05,-1.813e-05,3,0.4285714285714285,0.4997
SOLUSDT,2024-09-12,-7.833333333333333e-06,-2.81e-05,1.32e-05,3,0.5238095238095238,0.5079
SOLUSDT,2024-09-13,2.064e-05,1.756e-05,2.638e-05,3,0.4761904761904761,0.487
SOLUSDT,2024-09-14,1.214e-05,-1.2e-06,3.207e-05,3,0.4285714285714285,0.4809
SOLUSDT,2024-09-15,9.286666666666669e-06,1.07e-06,1.401e-05,3,0.4285714285714285,0.482
SOLUSDT,2024-09-16,1.2793333333333337e-05,-5.218e-05,7.164e-05,3,0.3809523809523809,0.4711
SOLUSDT,2024-09-17,4.786333333333333e-05,2.153e-05,0.0001,3,0.3333333333333333,0.4475
SOLUSDT,2024-09-18,-5.330000000000001e-06,-3.792e-05,2.354e-05,3,0.2857142857142857,0.4593
SOLUSDT,2024-09-19,5.556e-05,1.474e-05,8.771e-05,3,0.1904761904761904,0.4159
SOLUSDT,2024-09-20,0.0001,0.0001,0.0001,3,0.1904761904761904,0.3981
SOLUSDT,2024-09-21,8.024666666666667e-05,4.074e-05,0.0001,3,0.1428571428571428,0.3965
SOLUSDT,2024-09-22,6.522e-05,1.979e-05,0.0001,3,0.1428571428571428,0.4025
SOLUSDT,2024-09-23,-4.893333333333334e-06,-4.401e-05,5.545e-05,3,0.1904761904761904,0.4401
SOLUSDT,2024-09-24,4.101333333333333e-05,5.57e-06,6.92e-05,3,0.1904761904761904,0.4217
SOLUSDT,2024-09-25,8.594333333333333e-05,5.783e-05,0.0001,3,0.0952380952380952,0.3847
SOLUSDT,2024-09-26,6.771e-05,3.616e-05,0.0001,3,0.0952380952380952,0.392
SOLUSDT,2024-09-27,6.993666666666667e-05,9.81e-06,0.0001,3,0.0952380952380952,0.3911
SOLUSDT,2024-09-28,9.933333333333333e-05,9.8e-05,0.0001,3,0.0952380952380952,0.3793
SOLUSDT,2024-09-29,9.771333333333334e-05,9.314e-05,0.0001,3,0.0952380952380952,0.38
SOLUSDT,2024-09-30,0.0001,0.0001,0.0001,3,0.0,0.36
SOLUSDT,2024-10-01,0.0001,0.0001,0.0001,3,0.0,0.36
SOLUSDT,2024-10-02,6.106e-05,1.306e-05,0.0001,3,0.0,0.3756
SOLUSDT,2024-10-03,1.6213333333333333e-05,-3.81e-06,5.138e-05,3,0.0476190476190476,0.403
SOLUSDT,2024-10-04,-2.3333333333333327e-06,-4.939e-05,3.715e-05,3,0.0952380952380952,0.42
SOLUSDT,2024-10-05,5.256333333333333e-05,4.49e-06,9.502e-05,3,0.0952380952380952,0.398
SOLUSDT,2024-10-06,7.835666666666667e-05,3.507e-05,0.0001,3,0.0952380952380952,0.3877
SOLUSDT,2024-10-07,4.019666666666667e-05,5.43e-06,7.543e-05,3,0.0952380952380952,0.403
SOLUSDT,2024-10-08,2.496666666666667e-05,-2.549e-05,0.0001,3,0.1428571428571428,0.4186
SOLUSDT,2024-10-09,2.3903333333333335e-05,-3.713e-05,0.0001,3,0.1904761904761904,0.4285
SOLUSDT,2024-10-10,3.813666666666667e-05,-3.657e-05,0.0001,3,0.1904761904761904,0.4228
SOLUSDT,2024-10-11,-1.8333333333333333e-05,-6.334e-05,5.45e-06,3,0.1904761904761904,0.4454
SOLUSDT,2024-10-12,-3.550000000000003e-06,-4.766e-05,6.95e-05,3,0.2857142857142857,0.4586
SOLUSDT,2024-10-13,3.951333333333333e-05,5.22e-06,5.938e-05,3,0.2857142857142857,0.4413
SOLUSDT,2024-10-14,5.388666666666667e-05,1.631e-05,7.332e-05,3,0.2857142857142857,0.4356
SOLUSDT,2024-10-15,0.0001,0.0001,0.0001,3,0.238095238095238,0.4076
SOLUSDT,2024-10-16,6.311666666666666e-05,2.087e-05,9.905e-05,3,0.1904761904761904,0.4128
SOLUSDT,2024-10-17,8.161333333333334e-05,4.579e-05,0.0001,3,0.1428571428571428,0.3959
SOLUSDT,2024-10-18,6.980333333333333e-05,3.467e-05,9.885e-05,3,0.0952380952380952,0.3911
SOLUSDT,2024-10-19,5.484e-05,3.918e-05,7.269e-05,3,0.0,0.3781
SOLUSDT,2024-10-20,7.304333333333333e-05,4.903e-05,0.0001,3,0.0,0.3708
SOLUSDT,2024-10-21,0.0001,0.0001,0.0001,3,0.0,0.36
SOLUSDT,2024-10-22,0.0001,0.0001,0.0001,3,0.0,0.36
SOLUSDT,2024-10-23,0.0001,0.0001,0.0001,3,0.0,0.36
SOLUSDT,2024-10-24,0.0001,0.0001,0.0001,3,0.0,0.36
SOLUSDT,2024-10-25,7.72e-05,3.16e-05,0.0001,3,0.0,0.3691
SOLUSDT,2024-10-26,7.039e-05,5.269e-05,0.0001,3,0.0,0.3718
SOLUSDT,2024-10-27,4.3723333333333335e-05,-1.684e-05,0.0001,3,0.0476190476190476,0.392
SOLUSDT,2024-10-28,6.996e-05,2.332e-05,0.0001,3,0.0476190476190476,0.3815
SOLUSDT,2024-10-29,0.0001,0.0001,0.0001,3,0.0476190476190476,0.3695
SOLUSDT,2024-10-30,0.0001,0.0001,0.0001,3,0.0476190476190476,0.3695
SOLUSDT,2024-10-31,0.0001,0.0001,0.0001,3,0.0476190476190476,0.3695
SOLUSDT,2024-11-01,0.0001,0.0001,0.0001,3,0.0476190476190476,0.3695
SOLUSDT,2024-11-02,7.699999999999999e-05,6.813e-05,9.387e-05,3,0.0476190476190476,0.3787
SOLUSDT,2024-11-03,5.078333333333333e-05,3.241e-05,8.014e-05,3,0.0,0.3797
SOLUSDT,2024-11-04,5.919666666666666e-05,4.818e-05,6.725e-05,3,0.0,0.3763
SOLUSDT,2024-11-05,3.6983333333333336e-05,7.17e-06,5.868e-05,3,0.0,0.3852
SOLUSDT,2024-11-06,6.0360000000000005e-05,-1.892e-05,0.0001,3,0.0476190476190476,0.3854
SOLUSDT,2024-11-07,0.0001,0.0001,0.0001,3,0.0476190476190476,0.3695
SOLUSDT,2024-11-08,0.0001,0.0001,0.0001,3,0.0476190476190476,0.3695
SOLUSDT,2024-11-09,0.0001,0.0001,0.0001,3,0.0476190476190476,0.3695
SOLUSDT,2024-11-10,0.00023682,0.0001,0.00041975,3,0.0476190476190476,0.3148
SOLUSDT,2024-11-11,0.0002270733333333,0.00011081,0.00034668,3,0.0476190476190476,0.3187
SOLUSDT,2024-11-12,0.0004284033333333,0.00035969,0.00048819,3,0.0476190476190476,0.2382
SOLUSDT,2024-11-13,0.0002525833333333,0.00020936,0.00032823,3,0.0,0.299
SOLUSDT,2024-11-14,0.00017742,0.0001,0.00022462,3,0.0,0.329
SOLUSDT,2024-11-15,0.0001,0.0001,0.0001,3,0.0,0.36
SOLUSDT,2024-11-16,0.0001657366666666,0.0001,0.00023693,3,0.0,0.3337
SOLUSDT,2024-11-17,0.0002538166666666,0.0001,0.00044518,3,0.0,0.2985
SOLUSDT,2024-11-18,0.0002080733333333,0.0001653,0.00023762,3,0.0,0.3168
SOLUSDT,2024-11-19,0.0001794866666666,0.00012644,0.00022018,3,0.0,0.3282
SOLUSDT,2024-11-20,0.0001,0.0001,0.0001,3,0.0,0.36
SOLUSDT,2024-11-21,0.0001,0.0001,0.0001,3,0.0,0.36
SOLUSDT,2024-11-22,0.0002785266666666,0.0001702,0.00043945,3,0.0,0.2886
SOLUSDT,2024-11-23,0.0002150766666666,0.0001,0.00028946,3,0.0,0.314
SOLUSDT,2024-11-24,0.00025536,0.00018175,0.00033189,3,0.0,0.2979
SOLUSDT,2024-11-25,0.0001493933333333,0.00010485,0.00019888,3,0.0,0.3402
SOLUSDT,2024-11-26,0.0001,0.0001,0.0001,3,0.0,0.36
SOLUSDT,2024-11-27,0.0001,0.0001,0.0001,3,0.0,0.36
SOLUSDT,2024-11-28,0.0001,0.0001,0.0001,3,0.0,0.36
SOLUSDT,2024-11-29,0.0001,0.0001,0.0001,3,0.0,0.36
SOLUSDT,2024-11-30,0.0001,0.0001,0.0001,3,0.0,0.36
SOLUSDT,2024-12-01,0.0001439366666666,0.0001,0.00021606,3,0.0,0.3424
SOLUSDT,2024-12-02,0.00029959,0.00025587,0.00037518,3,0.0,0.2802
SOLUSDT,2024-12-03,0.00031498,0.00030312,0.00032728,3,0.0,0.274
SOLUSDT,2024-12-04,0.0003166,0.00023264,0.00036215,3,0.0,0.2734
SOLUSDT,2024-12-05,0.0004469033333333,0.00027166,0.00055995,3,0.0,0.2212
SOLUSDT,2024-12-06,0.0002565933333333,0.00012425,0.00032302,3,0.0,0.2974
SOLUSDT,2024-12-07,0.0003818433333333,0.00034529,0.00041557,3,0.0,0.2473
SOLUSDT,2024-12-08,0.0002606566666666,0.00013754,0.00045069,3,0.0,0.2957
SOLUSDT,2024-12-09,0.0001814366666666,0.00012595,0.00025945,3,0.0,0.3274
SOLUSDT,2024-12-10,0.0001,0.0001,0.0001,3,0.0,0.36
SOLUSDT,2024-12-11,0.0001,0.0001,0.0001,3,0.0,0.36
SOLUSDT,2024-12-12,0.0001,0.0001,0.0001,3,0.0,0.36
SOLUSDT,2024-12-13,0.0001,0.0001,0.0001,3,0.0,0.36
SOLUSDT,2024-12-14,0.0001,0.0001,0.0001,3,0.0,0.36
SOLUSDT,2024-12-15,8.920333333333333e-05,6.761e-05,0.0001,3,0.0,0.3643
SOLUSDT,2024-12-16,0.0001,0.0001,0.0001,3,0.0,0.36
SOLUSDT,2024-12-17,8.021333333333333e-05,4.064e-05,0.0001,3,0.0,0.3679
SOLUSDT,2024-12-18,6.575e-05,6.23e-06,0.0001,3,0.0,0.3737
SOLUSDT,2024-12-19,-1.3103333333333334e-05,-3.6e-05,1.572e-05,3,0.0952380952380952,0.4243
SOLUSDT,2024-12-20,-3.532333333333333e-05,-6.045e-05,-1.795e-05,3,0.238095238095238,0.4617
SOLUSDT,2024-12-21,-0.00012257,-0.00018625,-4.2e-05,3,0.3809523809523809,0.5252
SOLUSDT,2024-12-22,-6.516666666666666e-05,-0.00011655,2.97e-05,3,0.4761904761904761,0.5213
SOLUSDT,2024-12-23,-3.265333333333333e-05,-5.764e-05,-1.518e-05,3,0.6190476190476191,0.5369
SOLUSDT,2024-12-24,-9.863333333333333e-06,-2.528e-05,4.56e-06,3,0.7142857142857143,0.5468
SOLUSDT,2024-12-25,2.15e-06,-2.015e-05,3.692e-05,3,0.8095238095238095,0.561
SOLUSDT,2024-12-26,4.752333333333334e-05,1.522e-05,0.0001,3,0.7142857142857143,0.5238
SOLUSDT,2024-12-27,-2.348e-05,-8.145e-05,3.726e-05,3,0.6666666666666666,0.5427
SOLUSDT,2024-12-28,3.2183333333333334e-05,-9.03e-06,9.283e-05,3,0.5714285714285714,0.5014
SOLUSDT,2024-12-29,1.3969999999999998e-05,-2.727e-05,6.14e-05,3,0.5238095238095238,0.4992
SOLUSDT,2024-12-30,6.888666666666667e-05,4.76e-05,0.0001,3,0.3809523809523809,0.4486
SOLUSDT,2024-12-31,5.938e-05,2.697e-05,8.373e-05,3,0.2857142857142857,0.4334
SOLUSDT,2025-01-01,-3.2456666666666664e-05,-5.587e-05,-1.487e-05,3,0.3333333333333333,0.4796
SOLUSDT,2025-01-02,9.779e-05,9.337e-05,0.0001,3,0.3333333333333333,0.4276
SOLUSDT,2025-01-03,1.876666666666666e-06,-7.967e-05,0.0001,3,0.3333333333333333,0.4659
SOLUSDT,2025-01-04,1.1233333333333336e-05,-7.358e-05,5.813e-05,3,0.3333333333333333,0.4622
SOLUSDT,2025-01-05,5.4913333333333335e-05,-3.098e-05,0.0001,3,0.3333333333333333,0.4447
SOLUSDT,2025-01-06,1.391e-05,-1.539e-05,5.815e-05,3,0.4285714285714285,0.4802
SOLUSDT,2025-01-07,3.8433333333333335e-06,-2.492e-05,1.88e-05,3,0.4761904761904761,0.4937
SOLUSDT,2025-01-08,2.557666666666667e-05,-2.658e-05,9.384e-05,3,0.3809523809523809,0.466
SOLUSDT,2025-01-09,1.3283333333333335e-05,-4.356e-05,0.0001,3,0.4761904761904761,0.4899
SOLUSDT,2025-01-10,-1.0413333333333332e-05,-7.385e-05,3.388e-05,3,0.4285714285714285,0.4899
SOLUSDT,2025-01-11,-2.3106666666666663e-05,-4.343e-05,9.89e-06,3,0.4761904761904761,0.5045
SOLUSDT,2025-01-12,4.28e-06,-4.366e-05,3.548e-05,3,0.4761904761904761,0.4935
SOLUSDT,2025-01-13,4.492333333333334e-05,8.17e-06,0.0001,3,0.3809523809523809,0.4582
SOLUSDT,2025-01-14,-1.5536666666666666e-05,-4.601e-05,2.374e-05,3,0.4285714285714285,0.4919
SOLUSDT,2025-01-15,-1.5843333333333335e-05,-5.153e-05,3.357e-05,3,0.4761904761904761,0.5016
SOLUSDT,2025-01-16,0.0001,0.0001,0.0001,3,0.3809523809523809,0.4362
SOLUSDT,2025-01-17,9.406666666666669e-05,8.22e-05,0.0001,3,0.3333333333333333,0.429
SOLUSDT,2025-01-18,5.851333333333334e-05,1.883e-05,0.0001,3,0.238095238095238,0.4242
SOLUSDT,2025-01-19,8.306333333333333e-05,5.667e-05,0.0001,3,0.1904761904761904,0.4049
SOLUSDT,2025-01-20,-0.0002331633333333,-0.0007115,8.924e-05,3,0.2857142857142857,0.5504
SOLUSDT,2025-01-21,-7.068666666666666e-05,-0.00027508,9.31e-05,3,0.2857142857142857,0.4854
SOLUSDT,2025-01-22,5.516000000000001e-05,-2.092e-05,0.0001,3,0.238095238095238,0.4256
SOLUSDT,2025-01-23,3.367e-05,-7.98e-05,0.0001,3,0.2857142857142857,0.4437
SOLUSDT,2025-01-24,8.655666666666666e-05,6.903e-05,0.0001,3,0.2857142857142857,0.4225
SOLUSDT,2025-01-25,-4.656333333333333e-05,-0.00012014,-4.82e-06,3,0.4285714285714285,0.5043
SOLUSDT,2025-01-26,7.011e-05,2.626e-05,0.0001,3,0.4285714285714285,0.4577
SOLUSDT,2025-01-27,-5.725333333333334e-05,-0.00018696,5.173e-05,3,0.4285714285714285,0.5086
SOLUSDT,2025-01-28,2.4916666666666668e-05,-4.139e-05,7.942e-05,3,0.3809523809523809,0.4662
SOLUSDT,2025-01-29,4.292666666666666e-05,-1.196e-05,8.718e-05,3,0.3809523809523809,0.459
SOLUSDT,2025-01-30,4.801666666666667e-05,1.678e-05,0.0001,3,0.3333333333333333,0.4475
SOLUSDT,2025-01-31,-6.900000000000019e-07,-4.97e-05,5.524e-05,3,0.4285714285714285,0.486
SOLUSDT,2025-02-01,-2.9653333333333333e-05,-6.866e-05,3.033e-05,3,0.3809523809523809,0.4881
SOLUSDT,2025-02-02,-1.4389999999999998e-05,-5.306e-05,7.21e-06,3,0.4285714285714285,0.4915
SOLUSDT,2025-02-03,-6.801333333333333e-05,-0.00012368,7.72e-06,3,0.4285714285714285,0.5129
SOLUSDT,2025-02-04,-0.0001814699999999,-0.00055791,5.7e-05,3,0.4761904761904761,0.5678
SOLUSDT,2025-02-05,-6.418333333333333e-05,-0.0001085,-3.571e-05,3,0.5714285714285714,0.54
SOLUSDT,2025-02-06,2.1600000000000018e-06,-4.538e-05,6.857e-05,3,0.6666666666666666,0.5325
SOLUSDT,2025-02-07,1.375e-05,6.95e-06,2.703e-05,3,0.5714285714285714,0.5088
SOLUSDT,2025-02-08,1.7803333333333333e-05,-2.483e-05,5.719e-05,3,0.5238095238095238,0.4976
SOLUSDT,2025-02-09,-0.0001210233333333,-0.00021227,-4.053e-05,3,0.6190476190476191,0.5722
SOLUSDT,2025-02-10,-7.908333333333334e-05,-0.00016119,-2.743e-05,3,0.6666666666666666,0.565
SOLUSDT,2025-02-11,-0.0001926766666666,-0.00027714,-0.00011994,3,0.7142857142857143,0.6199
SOLUSDT,2025-02-12,-4.4943333333333334e-05,-0.00022332,7.002e-05,3,0.6190476190476191,0.5418
SOLUSDT,2025-02-13,-4.150666666666667e-05,-0.00012867,3.627e-05,3,0.6190476190476191,0.5404
SOLUSDT,2025-02-14,5.075666666666667e-05,-1.559e-05,8.466e-05,3,0.6666666666666666,0.513
SOLUSDT,2025-02-15,2.2176666666666667e-05,-5.05e-05,8.582e-05,3,0.6666666666666666,0.5245
SOLUSDT,2025-02-16,-8.418666666666666e-05,-0.00016876,-2.569e-05,3,0.6666666666666666,0.567
SOLUSDT,2025-02-17,-9.812333333333332e-05,-0.00016029,2.136e-05,3,0.6190476190476191,0.5631
SOLUSDT,2025-02-18,4.830666666666666e-05,3.5e-05,7.053e-05,3,0.4761904761904761,0.4759
SOLUSDT,2025-02-19,-1.526e-05,-3.859e-05,3.53e-06,3,0.5238095238095238,0.5109
SOLUSDT,2025-02-20,-2.614333333333333e-05,-6.024e-05,1.172e-05,3,0.5238095238095238,0.5152
SOLUSDT,2025-02-21,1.4746666666666666e-05,-4.765e-05,7.497e-05,3,0.5238095238095238,0.4989
SOLUSDT,2025-02-22,-8.256000000000001e-05,-0.00011947,-6.107e-05,3,0.6190476190476191,0.5568
SOLUSDT,2025-02-23,3.753e-05,-5.162e-05,9.111e-05,3,0.5238095238095238,0.4897
SOLUSDT,2025-02-24,-2.1069999999999996e-05,-6.256e-05,6.005e-05,3,0.5238095238095238,0.5132
SOLUSDT,2025-02-25,2.2533333333333343e-06,-5.354e-05,3.295e-05,3,0.5714285714285714,0.5134
SOLUSDT,2025-02-26,-1.657e-05,-0.00010562,3.131e-05,3,0.5238095238095238,0.5114
SOLUSDT,2025-02-27,6.777666666666666e-05,2.605e-05,0.0001,3,0.4285714285714285,0.4586
SOLUSDT,2025-02-28,0.0001,0.0001,0.0001,3,0.3809523809523809,0.4362
SOLUSDT,2025-03-01,8.864333333333333e-05,7.852e-05,0.0001,3,0.238095238095238,0.4122
SOLUSDT,2025-03-02,3.193e-05,-8.161e-05,9.93e-05,3,0.238095238095238,0.4348
SOLUSDT,2025-03-03,-1.9543333333333333e-05,-8.506e-05,6.535e-05,3,0.238095238095238,0.4554
SOLUSDT,2025-03-04,-3.8723333333333336e-05,-8.372e-05,3.869e-05,3,0.2857142857142857,0.4726
SOLUSDT,2025-03-05,-6.152666666666666e-05,-0.00014911,2.866e-05,3,0.3333333333333333,0.4913
SOLUSDT,2025-03-06,-5.668e-05,-0.00011916,-1.489e-05,3,0.4761904761904761,0.5179
SOLUSDT,2025-03-07,-4.945333333333333e-05,-0.00011194,4.709e-05,3,0.5714285714285714,0.5341
SOLUSDT,2025-03-08,-1.1713333333333334e-05,-6.242e-05,6.15e-05,3,0.6666666666666666,0.538
SOLUSDT,2025-03-09,-1.0123333333333332e-05,-0.00010535,6.936e-05,3,0.6666666666666666,0.5374
SOLUSDT,2025-03-10,-8.590999999999998e-05,-0.00010237,-5.692e-05,3,0.7142857142857143,0.5772
SOLUSDT,2025-03-11,2.0753333333333333e-05,-0.00011653,9.198e-05,3,0.6666666666666666,0.525
SOLUSDT,2025-03-12,-1.444e-05,-3.859e-05,3.25e-06,3,0.6666666666666666,0.5391
SOLUSDT,2025-03-13,4.336666666666666e-06,-7.287e-05,7.399e-05,3,0.5714285714285714,0.5126
SOLUSDT,2025-03-14,7.647333333333333e-05,3.347e-05,0.0001,3,0.4761904761904761,0.4646
SOLUSDT,2025-03-15,4.967333333333334e-05,-2.397e-05,0.0001,3,0.4285714285714285,0.4658
SOLUSDT,2025-03-16,9.15e-06,-3.228e-05,5.58e-05,3,0.4285714285714285,0.4821
SOLUSDT,2025-03-17,-5.809333333333334e-05,-8.027e-05,-3.998e-05,3,0.4285714285714285,0.509
SOLUSDT,2025-03-18,-5.7186666666666666e-05,-8.081e-05,-2.71e-05,3,0.5238095238095238,0.5276
SOLUSDT,2025-03-19,3.4953333333333336e-05,-6.788e-05,0.0001,3,0.4761904761904761,0.4813
SOLUSDT,2025-03-20,6.043000000000001e-05,-1.871e-05,0.0001,3,0.4761904761904761,0.4711
SOLUSDT,2025-03-21,-2.981e-05,-3.932e-05,-1.407e-05,3,0.6190476190476191,0.5357
SOLUSDT,2025-03-22,-2.4846666666666667e-05,-3.723e-05,-8.49e-06,3,0.7142857142857143,0.5528
SOLUSDT,2025-03-23,5.703333333333333e-06,-6.482e-05,5.551e-05,3,0.7142857142857143,0.5406
SOLUSDT,2025-03-24,4.254333333333333e-05,-2.538e-05,0.0001,3,0.6190476190476191,0.5068
SOLUSDT,2025-03-25,4.28e-05,1.127e-05,0.0001,3,0.4761904761904761,0.4781
SOLUSDT,2025-03-26,-5.547333333333332e-05,-0.00012817,6.16e-06,3,0.5238095238095238,0.527
SOLUSDT,2025-03-27,-7.299666666666666e-05,-0.00013711,-2.555e-05,3,0.6190476190476191,0.553
SOLUSDT,2025-03-28,-7.571666666666667e-05,-0.00010137,-3.227e-05,3,0.6190476190476191,0.5541
SOLUSDT,2025-03-29,-3.852333333333334e-05,-8.909e-05,2.251e-05,3,0.5714285714285714,0.5297
SOLUSDT,2025-03-30,-0.0002797233333333,-0.00040116,-0.00018023,3,0.6666666666666666,0.6452
SOLUSDT,2025-03-31,-8.192666666666666e-05,-0.0002337,-4.24e-06,3,0.7619047619047619,0.5852
SOLUSDT,2025-04-01,-5.008666666666666e-05,-9.179e-05,-5.66e-06,3,0.9047619047619048,0.601
SOLUSDT,2025-04-02,-5.178666666666667e-05,-0.00013428,4.319e-05,3,0.9047619047619048,0.6017
SOLUSDT,2025-04-03,-8.683e-05,-0.00011099,-7.305e-05,3,0.9047619047619048,0.6157
SOLUSDT,2025-04-04,-0.0001107466666666,-0.00033632,5.6e-06,3,0.8571428571428571,0.6157
SOLUSDT,2025-04-05,5.2616666666666674e-05,2.06e-05,9.687e-05,3,0.7619047619047619,0.5313
SOLUSDT,2025-04-06,-3.606666666666665e-06,-5.619e-05,0.0001,3,0.7142857142857143,0.5443
SOLUSDT,2025-04-07,-7.299999999999999e-06,-5.584e-05,3.966e-05,3,0.6666666666666666,0.5363
SOLUSDT,2025-04-08,-0.00013184,-0.00023327,-4.472e-05,3,0.6666666666666666,0.5861
SOLUSDT,2025-04-09,-2.7666666666666667e-05,-8.09e-05,7.621e-05,3,0.6666666666666666,0.5444
SOLUSDT,2025-04-10,7.818666666666667e-05,3.456e-05,0.0001,3,0.5238095238095238,0.4735
SOLUSDT,2025-04-11,2.729666666666667e-05,-6.109e-05,0.0001,3,0.4761904761904761,0.4843
SOLUSDT,2025-04-12,2.3216666666666667e-05,-1.714e-05,5.911e-05,3,0.5238095238095238,0.4955
SOLUSDT,2025-04-13,5.946333333333334e-05,-3.35e-06,0.0001,3,0.4761904761904761,0.4715
SOLUSDT,2025-04-14,-1.4513333333333336e-05,-9.45e-05,9.053e-05,3,0.4761904761904761,0.501
SOLUSDT,2025-04-15,-5.725000000000001e-05,-0.00013087,1.824e-05,3,0.4285714285714285,0.5086
SOLUSDT,2025-04-16,-4.890666666666667e-05,-9.158e-05,-2.327e-05,3,0.4761904761904761,0.5148
SOLUSDT,2025-04-17,7.204666666666666e-05,1.614e-05,0.0001,3,0.4761904761904761,0.4664
SOLUSDT,2025-04-18,-1.5493333333333333e-05,-3.334e-05,1.84e-06,3,0.5238095238095238,0.511
SOLUSDT,2025-04-19,-8.121333333333333e-05,-0.00013071,-5.634e-05,3,0.6190476190476191,0.5563
SOLUSDT,2025-04-20,-0.0001283,-0.00016975,-7.971e-05,3,0.7142857142857143,0.5942
SOLUSDT,2025-04-21,-0.0001535966666666,-0.00019655,-0.00010934,3,0.7619047619047619,0.6138
SOLUSDT,2025-04-22,-6.008333333333333e-05,-0.00025936,4.549e-05,3,0.7142857142857143,0.5669
SOLUSDT,2025-04-23,4.1926666666666666e-05,-3.559e-05,0.0001,3,0.6190476190476191,0.507
SOLUSDT,2025-04-24,8.387666666666668e-05,5.163e-05,0.0001,3,0.6190476190476191,0.4903
SOLUSDT,2025-04-25,7.078333333333334e-05,1.235e-05,0.0001,3,0.5238095238095238,0.4764
SOLUSDT,2025-04-26,-3.592666666666667e-05,-7.805e-05,1.05e-05,3,0.4761904761904761,0.5096
SOLUSDT,2025-04-27,2.7666666666666573e-07,-7.219e-05,5.977e-05,3,0.3809523809523809,0.4761
SOLUSDT,2025-04-28,-2.3746666666666667e-05,-0.00010338,5.514e-05,3,0.3333333333333333,0.4762
SOLUSDT,2025-04-29,-6.059666666666667e-05,-0.00016044,2.238e-05,3,0.3809523809523809,0.5004
SOLUSDT,2025-04-30,-9.055e-05,-0.0001511,-5.841e-05,3,0.4761904761904761,0.5315
SOLUSDT,2025-05-01,4.646333333333333e-05,5.6e-06,8.433e-05,3,0.4761904761904761,0.4767
SOLUSDT,2025-05-02,-2.8783333333333336e-05,-5.683e-05,2.49e-05,3,0.5714285714285714,0.5258
SOLUSDT,2025-05-03,-8.767333333333333e-05,-0.00012523,-3.821e-05,3,0.6190476190476191,0.5589
SOLUSDT,2025-05-04,-5.5643333333333336e-05,-0.00012151,-4.04e-06,3,0.7142857142857143,0.5651
SOLUSDT,2025-05-05,-4.8123333333333334e-05,-9.298e-05,1.617e-05,3,0.7142857142857143,0.5621
SOLUSDT,2025-05-06,-1.916666666666668e-06,-4.546e-05,6.405e-05,3,0.7142857142857143,0.5436
SOLUSDT,2025-05-07,6.324e-05,3.313e-05,8.971e-05,3,0.5714285714285714,0.489
SOLUSDT,2025-05-08,5.976333333333333e-05,2.457e-05,9.64e-05,3,0.5714285714285714,0.4904
SOLUSDT,2025-05-09,0.0001,0.0001,0.0001,3,0.4761904761904761,0.4552
SOLUSDT,2025-05-10,0.0001,0.0001,0.0001,3,0.3333333333333333,0.4267
SOLUSDT,2025-05-11,8.372333333333333e-05,5.117e-05,0.0001,3,0.1904761904761904,0.4046
SOLUSDT,2025-05-12,6.819e-05,3.571e-05,0.0001,3,0.0952380952380952,0.3918
SOLUSDT,2025-05-13,7.627666666666667e-05,4.667e-05,0.0001,3,0.0,0.3695
SOLUSDT,2025-05-14,7.431666666666667e-05,2.295e-05,0.0001,3,0.0,0.3703
SOLUSDT,2025-05-15,6.6033333333333325e-06,-2.267e-05,3.324e-05,3,0.0476190476190476,0.4069
SOLUSDT,2025-05-16,2.0719999999999995e-05,-1.229e-05,8.483e-05,3,0.1428571428571428,0.4203
SOLUSDT,2025-05-17,-7.36666666666667e-07,-4.807e-05,3.475e-05,3,0.1904761904761904,0.4384
SOLUSDT,2025-05-18,4.9766666666666666e-05,2.02e-05,7.853e-05,3,0.1904761904761904,0.4182
SOLUSDT,2025-05-19,-8.483333333333334e-05,-0.00013744,-1.197e-05,3,0.3333333333333333,0.5006
SOLUSDT,2025-05-20,4.994e-05,-2.235e-05,0.0001,3,0.3809523809523809,0.4562
SOLUSDT,2025-05-21,8.792666666666668e-05,6.901e-05,9.897e-05,3,0.3809523809523809,0.441
SOLUSDT,2025-05-22,9.202333333333332e-05,7.607e-05,0.0001,3,0.3333333333333333,0.4299
SOLUSDT,2025-05-23,0.0001,0.0001,0.0001,3,0.238095238095238,0.4076
SOLUSDT,2025-05-24,3.0663333333333335e-05,-2.064e-05,0.0001,3,0.238095238095238,0.4354
SOLUSDT,2025-05-25,-3.7333333333333337e-06,-3.821e-05,6.352e-05,3,0.3333333333333333,0.4682
SOLUSDT,2025-05-26,3.1536666666666666e-05,-9.9e-06,8.686e-05,3,0.238095238095238,0.435
SOLUSDT,2025-05-27,-5.953333333333332e-06,-8.877e-05,0.0001,3,0.2857142857142857,0.4595
SOLUSDT,2025-05-28,-2.2176666666666667e-05,-0.00013891,0.0001,3,0.3809523809523809,0.4851
SOLUSDT,2025-05-29,-1.2283333333333331e-05,-8.565e-05,7.947e-05,3,0.4761904761904761,0.5002
SOLUSDT,2025-05-30,-1.1046666666666664e-05,-5.322e-05,3.101e-05,3,0.5714285714285714,0.5187
SOLUSDT,2025-05-31,-1.6959999999999997e-05,-0.00010143,3.422e-05,3,0.5714285714285714,0.5211
SOLUSDT,2025-06-01,-6.187666666666667e-05,-8.005e-05,-4.325e-05,3,0.6190476190476191,0.5486
SOLUSDT,2025-06-02,2.871e-05,-3.75e-06,4.587e-05,3,0.6190476190476191,0.5123
SOLUSDT,2025-06-03,3.897666666666666e-05,5.76e-06,6.746e-05,3,0.5238095238095238,0.4892
SOLUSDT,2025-06-04,7.596666666666667e-06,-4.581e-05,5.065e-05,3,0.4761904761904761,0.4922
SOLUSDT,2025-06-05,1.4266666666666663e-05,-6.04e-06,3.552e-05,3,0.4285714285714285,0.48
SOLUSDT,2025-06-06,-6.415666666666667e-05,-0.00011387,-1.384e-05,3,0.4761904761904761,0.5209
SOLUSDT,2025-06-07,1.706e-05,-2.393e-05,6.211e-05,3,0.4761904761904761,0.4884
SOLUSDT,2025-06-08,4.909999999999999e-06,-2.649e-05,4.196e-05,3,0.4285714285714285,0.4838
SOLUSDT,2025-06-09,5.891333333333333e-05,2.864e-05,0.0001,3,0.3809523809523809,0.4526
SOLUSDT,2025-06-10,6.321333333333334e-05,-1.13e-06,0.0001,3,0.4285714285714285,0.4604
SOLUSDT,2025-06-11,0.0001,0.0001,0.0001,3,0.3809523809523809,0.4362
SOLUSDT,2025-06-12,2.996e-05,-2.02e-06,5.193e-05,3,0.3809523809523809,0.4642
SOLUSDT,2025-06-13,-3.3043333333333336e-05,-9.27e-05,1.064e-05,3,0.3333333333333333,0.4799
SOLUSDT,2025-06-14,3.5356666666666666e-05,-4.8e-06,8.928e-05,3,0.3333333333333333,0.4525
SOLUSDT,2025-06-15,4.094333333333333e-05,-3.76e-05,8.709e-05,3,0.2857142857142857,0.4408
SOLUSDT,2025-06-16,6.458666666666668e-05,-6.24e-06,0.0001,3,0.3333333333333333,0.4408
SOLUSDT,2025-06-17,5.439333333333333e-05,9.96e-06,0.0001,3,0.2857142857142857,0.4354
SOLUSDT,2025-06-18,9.226666666666666e-06,-2.074e-05,5.552e-05,3,0.3809523809523809,0.4725
SOLUSDT,2025-06-19,2.1643333333333333e-05,1.075e-05,2.853e-05,3,0.3333333333333333,0.458
SOLUSDT,2025-06-20,3.6903333333333336e-05,1.443e-05,5.538e-05,3,0.238095238095238,0.4329
SOLUSDT,2025-06-21,-3.333e-05,-7.613e-05,2.732e-05,3,0.2857142857142857,0.4705
SOLUSDT,2025-06-22,4.52e-06,-3.464e-05,3.965e-05,3,0.2857142857142857,0.4553
SOLUSDT,2025-06-23,2.296e-05,4.69e-06,4.979e-05,3,0.238095238095238,0.4384
SOLUSDT,2025-06-24,2.8886666666666666e-05,-2.013e-05,8.638e-05,3,0.2857142857142857,0.4456
SOLUSDT,2025-06-25,4.464666666666667e-05,-1.345e-05,0.0001,3,0.238095238095238,0.4298
SOLUSDT,2025-06-26,-2.086666666666668e-06,-6.184e-05,3.413e-05,3,0.2857142857142857,0.458
SOLUSDT,2025-06-27,-1.0543333333333331e-05,-6.442e-05,1.738e-05,3,0.3333333333333333,0.4709
SOLUSDT,2025-06-28,8.977666666666667e-05,6.933e-05,0.0001,3,0.238095238095238,0.4117
SOLUSDT,2025-06-29,7.82e-05,3.46e-05,0.0001,3,0.1904761904761904,0.4068
SOLUSDT,2025-06-30,3.915333333333333e-05,8.33e-06,6.987e-05,3,0.1904761904761904,0.4224
SOLUSDT,2025-07-01,2.3126666666666673e-05,-7.235e-05,9.123e-05,3,0.1904761904761904,0.4288
SOLUSDT,2025-07-02,-3.533e-05,-5.826e-05,-4.92e-06,3,0.2857142857142857,0.4713
SOLUSDT,2025-07-03,5.163333333333333e-05,-8.08e-06,8.784e-05,3,0.2857142857142857,0.4365
SOLUSDT,2025-07-04,8.243333333333335e-06,-6.162e-05,9.974e-05,3,0.3333333333333333,0.4634
SOLUSDT,2025-07-05,-9.835333333333332e-05,-0.00015145,-6.498e-05,3,0.4761904761904761,0.5346
SOLUSDT,2025-07-06,-2.4873333333333335e-05,-7.54e-05,3.442e-05,3,0.5714285714285714,0.5242
SOLUSDT,2025-07-07,6.816666666666667e-05,3.57e-05,0.0001,3,0.5714285714285714,0.487
SOLUSDT,2025-07-08,-1.926666666666666e-06,-3.311e-05,3.474e-05,3,0.6190476190476191,0.5246
SOLUSDT,2025-07-09,8.740000000000001e-06,1.7e-07,2.053e-05,3,0.4761904761904761,0.4917
SOLUSDT,2025-07-10,4.605666666666667e-05,1.69e-05,0.0001,3,0.4285714285714285,0.4673
SOLUSDT,2025-07-11,8.021333333333333e-05,4.064e-05,0.0001,3,0.3333333333333333,0.4346
SOLUSDT,2025-07-12,0.0001,0.0001,0.0001,3,0.1904761904761904,0.3981
SOLUSDT,2025-07-13,9.239666666666668e-05,7.719e-05,0.0001,3,0.0952380952380952,0.3821
SOLUSDT,2025-07-14,7.863333333333334e-05,3.59e-05,0.0001,3,0.0952380952380952,0.3876
SOLUSDT,2025-07-15,3.213666666666667e-05,-3.61e-06,7.758e-05,3,0.0476190476190476,0.3967
SOLUSDT,2025-07-16,0.0001,0.0001,0.0001,3,0.0476190476190476,0.3695
SOLUSDT,2025-07-17,0.0001,0.0001,0.0001,3,0.0476190476190476,0.3695
SOLUSDT,2025-07-18,0.0001,0.0001,0.0001,3,0.0476190476190476,0.3695
SOLUSDT,2025-07-19,0.0001,0.0001,0.0001,3,0.0476190476190476,0.3695
SOLUSDT,2025-07-20,0.0001,0.0001,0.0001,3,0.0476190476190476,0.3695
SOLUSDT,2025-07-21,0.0001096666666666,0.0001,0.000129,3,0.0476190476190476,0.3657
SOLUSDT,2025-07-22,0.0001,0.0001,0.0001,3,0.0,0.36
SOLUSDT,2025-07-23,0.0001,0.0001,0.0001,3,0.0,0.36
SOLUSDT,2025-07-24,0.0001,0.0001,0.0001,3,0.0,0.36
SOLUSDT,2025-07-25,8.700666666666668e-05,6.102e-05,0.0001,3,0.0,0.3652
SOLUSDT,2025-07-26,0.0001,0.0001,0.0001,3,0.0,0.36
SOLUSDT,2025-07-27,0.0001,0.0001,0.0001,3,0.0,0.36
SOLUSDT,2025-07-28,0.0001,0.0001,0.0001,3,0.0,0.36
SOLUSDT,2025-07-29,1.5626666666666667e-05,-3.47e-06,4.218e-05,3,0.0476190476190476,0.4033
SOLUSDT,2025-07-30,2.4956666666666668e-05,-1.266e-05,7.655e-05,3,0.0952380952380952,0.4091
SOLUSDT,2025-07-31,1.57e-05,-8.14e-06,4.662e-05,3,0.1428571428571428,0.4223
SOLUSDT,2025-08-01,2.1486666666666665e-05,-1.44e-05,4.034e-05,3,0.1904761904761904,0.4295
SOLUSDT,2025-08-02,1.2613333333333332e-05,-3.851e-05,3.981e-05,3,0.238095238095238,0.4426
SOLUSDT,2025-08-03,-7.851e-05,-0.00010062,-5.92e-05,3,0.3809523809523809,0.5076
SOLUSDT,2025-08-04,-9.096333333333332e-05,-0.00014534,-6.297e-05,3,0.5238095238095238,0.5411
SOLUSDT,2025-08-05,-3.503333333333333e-05,-4.816e-05,-2.117e-05,3,0.6190476190476191,0.5378
SOLUSDT,2025-08-06,-2.8613333333333336e-05,-6.84e-05,1.84e-05,3,0.6666666666666666,0.5448
SOLUSDT,2025-08-07,5.225666666666667e-05,1.246e-05,0.0001,3,0.6190476190476191,0.5029
SOLUSDT,2025-08-08,3.554e-05,1.197e-05,6.422e-05,3,0.5714285714285714,0.5001
SOLUSDT,2025-08-09,8.685666666666666e-05,7.712e-05,0.0001,3,0.5238095238095238,0.47
SOLUSDT,2025-08-10,9.151333333333332e-05,7.842e-05,0.0001,3,0.3809523809523809,0.4396
SOLUSDT,2025-08-11,6.609e-05,3.19e-06,0.0001,3,0.238095238095238,0.4212
SOLUSDT,2025-08-12,-1.9513333333333332e-05,-2.394e-05,-1.203e-05,3,0.238095238095238,0.4554
SOLUSDT,2025-08-13,0.0001,0.0001,0.0001,3,0.1428571428571428,0.3886
SOLUSDT,2025-08-14,0.00015292,0.0001,0.00025876,3,0.1428571428571428,0.3674
SOLUSDT,2025-08-15,8.008e-05,4.024e-05,0.0001,3,0.1428571428571428,0.3965
SOLUSDT,2025-08-16,3.0646666666666666e-05,-4.219e-05,7.134e-05,3,0.1904761904761904,0.4258
SOLUSDT,2025-08-17,8.245000000000001e-05,5.105e-05,0.0001,3,0.1904761904761904,0.4051
SOLUSDT,2025-08-18,-7.933333333333334e-06,-6.163e-05,8.86e-05,3,0.2857142857142857,0.4603
SOLUSDT,2025-08-19,2.785e-05,-1.986e-05,6.293e-05,3,0.1904761904761904,0.427
SOLUSDT,2025-08-20,7.130333333333333e-05,2.581e-05,0.0001,3,0.1904761904761904,0.4096
SOLUSDT,2025-08-21,7.122e-05,1.366e-05,0.0001,3,0.1904761904761904,0.4096
SOLUSDT,2025-08-22,7.767000000000001e-05,3.301e-05,0.0001,3,0.1904761904761904,0.407
SOLUSDT,2025-08-23,0.0001,0.0001,0.0001,3,0.1428571428571428,0.3886
SOLUSDT,2025-08-24,0.0001,0.0001,0.0001,3,0.1428571428571428,0.3886
SOLUSDT,2025-08-25,0.0001,0.0001,0.0001,3,0.0476190476190476,0.3695
SOLUSDT,2025-08-26,2.4096666666666662e-05,-8.98e-06,5.27e-05,3,0.0476190476190476,0.3999
SOLUSDT,2025-08-27,0.0001,0.0001,0.0001,3,0.0476190476190476,0.3695
SOLUSDT,2025-08-28,0.0001,0.0001,0.0001,3,0.0476190476190476,0.3695
SOLUSDT,2025-08-29,7.800666666666667e-05,7.047e-05,8.562e-05,3,0.0476190476190476,0.3783
SOLUSDT,2025-08-30,2.9033333333333345e-06,-3.14e-05,5.373e-05,3,0.1428571428571428,0.4274
SOLUSDT,2025-08-31,6.769e-05,1.753e-05,9.518e-05,3,0.1428571428571428,0.4015
SOLUSDT,2025-09-01,4.037666666666667e-05,7.92e-06,9.019e-05,3,0.1428571428571428,0.4124
SOLUSDT,2025-09-02,8.149333333333333e-05,4.576e-05,0.0001,3,0.0952380952380952,0.3865
SOLUSDT,2025-09-03,6.482e-05,7.61e-06,0.0001,3,0.0952380952380952,0.3931
SOLUSDT,2025-09-04,5.489333333333333e-05,3.074e-05,6.703e-05,3,0.0952380952380952,0.3971
SOLUSDT,2025-09-05,7.193333333333334e-06,-4.57e-06,1.493e-05,3,0.1428571428571428,0.4257
SOLUSDT,2025-09-06,6.884666666666667e-05,1.754e-05,0.0001,3,0.0476190476190476,0.382
SOLUSDT,2025-09-07,3.2083333333333325e-05,6e-08,6.542e-05,3,0.0476190476190476,0.3967
SOLUSDT,2025-09-08,0.0001,0.0001,0.0001,3,0.0476190476190476,0.3695
SOLUSDT,2025-09-09,9.638666666666666e-05,8.916e-05,0.0001,3,0.0476190476190476,0.371
SOLUSDT,2025-09-10,7.872333333333333e-05,3.617e-05,0.0001,3,0.0476190476190476,0.378
SOLUSDT,2025-09-11,4.1496666666666665e-05,-1.99e-05,9.486e-05,3,0.0952380952380952,0.4024
SOLUSDT,2025-09-12,4.746666666666666e-06,2.36e-06,7.19e-06,3,0.0476190476190476,0.4076
SOLUSDT,2025-09-13,4.553e-05,1.709e-05,6.327e-05,3,0.0476190476190476,0.3913
SOLUSDT,2025-09-14,2.7856666666666667e-05,-3.76e-06,5.813e-05,3,0.0952380952380952,0.4079
SOLUSDT,2025-09-15,1.6513333333333333e-05,-7.17e-06,4.813e-05,3,0.1428571428571428,0.422
SOLUSDT,2025-09-16,7.274666666666667e-05,6.405e-05,7.783e-05,3,0.1428571428571428,0.3995
SOLUSDT,2025-09-17,1.7506666666666666e-05,-1.958e-05,3.782e-05,3,0.1904761904761904,0.4311
SOLUSDT,2025-09-18,6.729e-05,1.468e-05,0.0001,3,0.1428571428571428,0.4017
SOLUSDT,2025-09-19,6.823333333333333e-05,8.03e-06,0.0001,3,0.1428571428571428,0.4013
SOLUSDT,2025-09-20,-4.404333333333333e-05,-6.98e-05,-2.909e-05,3,0.2857142857142857,0.4748
SOLUSDT,2025-09-21,1.6383333333333333e-05,-4.39e-06,4.391e-05,3,0.2857142857142857,0.4506
SOLUSDT,2025-09-22,-3.766666666666666e-05,-0.00010344,4.06e-06,3,0.3333333333333333,0.4817
SOLUSDT,2025-09-23,3.362666666666667e-05,5.93e-06,4.873e-05,3,0.3333333333333333,0.4532
SOLUSDT,2025-09-24,1.8616666666666664e-05,-3.4e-06,3.094e-05,3,0.3333333333333333,0.4592
SOLUSDT,2025-09-25,-4.230333333333333e-05,-0.0001284,3.595e-05,3,0.4285714285714285,0.5026
SOLUSDT,2025-09-26,-1.6686666666666667e-05,-4.772e-05,3.743e-05,3,0.5238095238095238,0.5114
SOLUSDT,2025-09-27,-1.7333333333333336e-05,-9.862e-05,6.955e-05,3,0.4761904761904761,0.5022
SOLUSDT,2025-09-28,1.1999999999999995e-06,-3.715e-05,2.105e-05,3,0.4761904761904761,0.4948
SOLUSDT,2025-09-29,2.4500000000000003e-05,-7.412e-05,0.0001,3,0.4285714285714285,0.4759
SOLUSDT,2025-09-30,-8.336333333333334e-05,-0.00016084,-3.859e-05,3,0.5714285714285714,0.5476
SOLUSDT,2025-10-01,5.456e-05,-7.02e-06,0.0001,3,0.5714285714285714,0.4925
SOLUSDT,2025-10-02,-1.32e-05,-9.812e-05,7.943e-05,3,0.5714285714285714,0.5196
SOLUSDT,2025-10-03,1.2333333333333333e-05,-9.937e-05,7.389e-05,3,0.5238095238095238,0.4998
SOLUSDT,2025-10-04,3.094e-05,5.17e-06,7.725e-05,3,0.4285714285714285,0.4733
SOLUSDT,2025-10-05,1.7003333333333334e-05,-4.722e-05,8.81e-05,3,0.4285714285714285,0.4789
SOLUSDT,2025-10-06,3.72333333333333e-06,-7.241e-05,5.395e-05,3,0.4285714285714285,0.4842
SOLUSDT,2025-10-07,-2.345e-05,-6.695e-05,1.768e-05,3,0.3809523809523809,0.4856
SOLUSDT,2025-10-08,-3.655666666666667e-05,-6.781e-05,-6.05e-06,3,0.4761904761904761,0.5099
SOLUSDT,2025-10-09,6.588e-05,-2.36e-06,0.0001,3,0.4285714285714285,0.4594
SOLUSDT,2025-10-10,2.4100000000000006e-06,-2.367e-05,2.784e-05,3,0.4285714285714285,0.4848
SOLUSDT,2025-10-11,-0.00221781,-0.00302761,-0.00158704,3,0.5714285714285714,0.9143
SOLUSDT,2025-10-12,-0.0010186166666666,-0.00124994,-0.00057183,3,0.6666666666666666,0.9333
SOLUSDT,2025-10-13,-0.0002971933333333,-0.00060725,-5.122e-05,3,0.7619047619047619,0.6713
SOLUSDT,2025-10-14,-8.003333333333332e-06,-7.11e-05,4.088e-05,3,0.7142857142857143,0.5461
SOLUSDT,2025-10-15,1.2506666666666668e-05,-6.096e-05,5.749e-05,3,0.6190476190476191,0.5188
SOLUSDT,2025-10-16,-6.170333333333334e-05,-7.614e-05,-4.113e-05,3,0.7142857142857143,0.5675
SOLUSDT,2025-10-17,4.5990000000000005e-05,-2.994e-05,9.462e-05,3,0.7142857142857143,0.5245
SOLUSDT,2025-10-18,-4.067e-05,-8.545e-05,-1.55e-06,3,0.7142857142857143,0.5591
SOLUSDT,2025-10-19,4.749e-05,1.997e-05,0.0001,3,0.5714285714285714,0.4953
SOLUSDT,2025-10-20,-3.681e-05,-8.569e-05,5.3e-06,3,0.5238095238095238,0.5195
SOLUSDT,2025-10-21,-1.717e-05,-8.944e-05,4.135e-05,3,0.5714285714285714,0.5212
SOLUSDT,2025-10-22,-7.006666666666666e-06,-9.872e-05,0.0001,3,0.6190476190476191,0.5266
SOLUSDT,2025-10-23,2.4893333333333334e-05,-3.216e-05,0.0001,3,0.5238095238095238,0.4948
SOLUSDT,2025-10-24,7.198333333333334e-05,1.595e-05,0.0001,3,0.4761904761904761,0.4664
SOLUSDT,2025-10-25,8.512e-05,5.536e-05,0.0001,3,0.3333333333333333,0.4326
SOLUSDT,2025-10-26,5.6983333333333334e-05,4.492e-05,6.721e-05,3,0.3333333333333333,0.4439
SOLUSDT,2025-10-27,7.994333333333334e-05,3.983e-05,0.0001,3,0.238095238095238,0.4156
SOLUSDT,2025-10-28,3.4553333333333333e-05,6.17e-06,7.929e-05,3,0.1428571428571428,0.4148
SOLUSDT,2025-10-29,-3.598333333333334e-05,-0.0001386,8.873e-05,3,0.1428571428571428,0.443
SOLUSDT,2025-10-30,-4.9e-05,-0.00016797,2.026e-05,3,0.1428571428571428,0.4482
SOLUSDT,2025-10-31,-9.91e-05,-0.00022069,-1.38e-06,3,0.2857142857142857,0.4968
SOLUSDT,2025-11-01,-6.536666666666665e-06,-5.041e-05,2.93e-05,3,0.3333333333333333,0.4693
SOLUSDT,2025-11-02,2.3333333333333315e-06,-7.385e-05,5.263e-05,3,0.3809523809523809,0.4753
SOLUSDT,2025-11-03,-9.771e-05,-0.00017049,2.882e-05,3,0.4761904761904761,0.5343
SOLUSDT,2025-11-04,-5.689e-05,-0.00013832,1.759e-05,3,0.5714285714285714,0.537
SOLUSDT,2025-11-05,-1.0026666666666663e-05,-0.00011308,5.027e-05,3,0.5238095238095238,0.5088
SOLUSDT,2025-11-06,-2.38e-05,-0.0001041,7.661e-05,3,0.5714285714285714,0.5238
SOLUSDT,2025-11-07,-1.473333333333334e-06,-1.927e-05,1.958e-05,3,0.5238095238095238,0.5054
SOLUSDT,2025-11-08,2.719333333333333e-05,-1.277e-05,8.95e-05,3,0.5238095238095238,0.4939
SOLUSDT,2025-11-09,-2.6596666666666666e-05,-9.501e-05,4.444e-05,3,0.5714285714285714,0.5249
SOLUSDT,2025-11-10,-3.0676666666666664e-05,-0.00011243,0.0001,3,0.5714285714285714,0.5266
SOLUSDT,2025-11-11,-8.917333333333333e-05,-0.00020845,-1.407e-05,3,0.6190476190476191,0.5595
SOLUSDT,2025-11-12,-7.158333333333333e-05,-0.00015825,-2e-05,3,0.7142857142857143,0.5715
SOLUSDT,2025-11-13,-1.8716666666666663e-05,-8.205e-05,3.785e-05,3,0.7142857142857143,0.5503
SOLUSDT,2025-11-14,-3.362e-05,-0.00019091,0.0001,3,0.7142857142857143,0.5563
SOLUSDT,2025-11-15,4.8423333333333334e-05,-1.324e-05,0.0001,3,0.7142857142857143,0.5235
SOLUSDT,2025-11-16,3.566666666666667e-05,-5.32e-06,7.161e-05,3,0.6666666666666666,0.5191
SOLUSDT,2025-11-17,9.998e-05,9.994e-05,0.0001,3,0.5714285714285714,0.4743
SOLUSDT,2025-11-18,7.005666666666666e-05,2.095e-05,0.0001,3,0.4285714285714285,0.4577
SOLUSDT,2025-11-19,3.662e-05,-6.86e-06,8.916e-05,3,0.3333333333333333,0.452
SOLUSDT,2025-11-20,3.262666666666667e-05,-0.00010212,0.0001,3,0.2857142857142857,0.4441
SOLUSDT,2025-11-21,-5.489333333333333e-05,-0.00012104,5.033e-05,3,0.2857142857142857,0.4791
SOLUSDT,2025-11-22,-4.752666666666667e-05,-5.419e-05,-3.816e-05,3,0.3809523809523809,0.4952
SOLUSDT,2025-11-23,7.673333333333332e-06,-4.937e-05,4.294e-05,3,0.3809523809523809,0.4731
SOLUSDT,2025-11-24,1.805e-05,4.57e-06,3.449e-05,3,0.3809523809523809,0.469
SOLUSDT,2025-11-25,-4.8030000000000006e-05,-0.00018105,8.543e-05,3,0.4761904761904761,0.5145
SOLUSDT,2025-11-26,2.403333333333336e-06,-8.604e-05,0.0001,3,0.5238095238095238,0.5038
SOLUSDT,2025-11-27,3.4026666666666664e-05,-1.255e-05,8.82e-05,3,0.5238095238095238,0.4912
SOLUSDT,2025-11-28,-6.446666666666666e-05,-0.00015136,2.204e-05,3,0.5238095238095238,0.5305
SOLUSDT,2025-11-29,-3.796666666666667e-06,-8.328e-05,6.1e-05,3,0.4285714285714285,0.4872
SOLUSDT,2025-11-30,7.413e-05,6.664e-05,8.402e-05,3,0.3809523809523809,0.4465
SOLUSDT,2025-12-01,5.1533333333333345e-06,-9.161e-05,0.0001,3,0.4285714285714285,0.4837
SOLUSDT,2025-12-02,-7.033333333333336e-06,-6.147e-05,2.488e-05,3,0.3809523809523809,0.479
SOLUSDT,2025-12-03,8.424333333333333e-05,6.438e-05,0.0001,3,0.2857142857142857,0.4234
SOLUSDT,2025-12-04,9.070666666666666e-05,7.212e-05,0.0001,3,0.238095238095238,0.4113
SOLUSDT,2025-12-05,4.511666666666667e-05,2.583e-05,6.353e-05,3,0.1428571428571428,0.4105
SOLUSDT,2025-12-06,-1.9603333333333333e-05,-2.519e-05,-1.154e-05,3,0.238095238095238,0.4555
SOLUSDT,2025-12-07,1.006333333333333e-05,-4.449e-05,4.977e-05,3,0.2857142857142857,0.4531
SOLUSDT,2025-12-08,3.308666666666666e-05,-4.676e-05,7.621e-05,3,0.2857142857142857,0.4439
SOLUSDT,2025-12-09,-8.613333333333333e-06,-4.393e-05,3.189e-05,3,0.3333333333333333,0.4701
SOLUSDT,2025-12-10,4.7923333333333336e-05,2.067e-05,0.0001,3,0.3333333333333333,0.4475
SOLUSDT,2025-12-11,-7.318333333333333e-05,-0.00016369,9.45e-06,3,0.4285714285714285,0.515
SOLUSDT,2025-12-12,9.804000000000002e-05,9.412e-05,0.0001,3,0.4285714285714285,0.4465
SOLUSDT,2025-12-13,-3.932333333333333e-05,-7.703e-05,-2.011e-05,3,0.4285714285714285,0.5014
SOLUSDT,2025-12-14,-4.38e-05,-9.436e-05,-1.51e-05,3,0.5238095238095238,0.5223
SOLUSDT,2025-12-15,-1.709333333333333e-05,-9.823e-05,2.482e-05,3,0.5238095238095238,0.5116
SOLUSDT,2025-12-16,-4.308e-05,-0.00012962,6.541e-05,3,0.5238095238095238,0.522
SOLUSDT,2025-12-17,4.277666666666667e-05,3.39e-05,5.848e-05,3,0.5238095238095238,0.4877
SOLUSDT,2025-12-18,-5.228e-05,-0.00017374,4.877e-05,3,0.5238095238095238,0.5257
SOLUSDT,2025-12-19,4.688333333333333e-05,-3.298e-05,0.0001,3,0.5714285714285714,0.4955
SOLUSDT,2025-12-20,7.949333333333334e-05,6.912e-05,0.0001,3,0.4285714285714285,0.4539
SOLUSDT,2025-12-21,5.526666666666667e-05,-1.358e-05,9.929e-05,3,0.3333333333333333,0.4446
SOLUSDT,2025-12-22,4.4286666666666664e-05,3.525e-05,5.393e-05,3,0.2857142857142857,0.4394
SOLUSDT,2025-12-23,-3.873333333333334e-05,-7.533e-05,2.113e-05,3,0.2857142857142857,0.4726
SOLUSDT,2025-12-24,3.233333333333333e-05,-3.47e-06,7.105e-05,3,0.3333333333333333,0.4537
SOLUSDT,2025-12-25,7.66e-05,2.98e-05,0.0001,3,0.238095238095238,0.417
SOLUSDT,2025-12-26,7.622666666666667e-05,4.708e-05,0.0001,3,0.1904761904761904,0.4076
SOLUSDT,2025-12-27,6.829666666666667e-05,4.89e-06,0.0001,3,0.1904761904761904,0.4108
SOLUSDT,2025-12-28,0.0001,0.0001,0.0001,3,0.1428571428571428,0.3886
SOLUSDT,2025-12-29,4.029666666666667e-05,-3.375e-05,0.0001,3,0.1904761904761904,0.422
SOLUSDT,2025-12-30,1.454e-05,-3.541e-05,0.0001,3,0.1904761904761904,0.4323
SOLUSDT,2025-12-31,7.359333333333333e-05,2.078e-05,0.0001,3,0.1428571428571428,0.3991
SOLUSDT,2026-01-01,2.2546666666666665e-05,1.759e-05,2.778e-05,3,0.1428571428571428,0.4196
SOLUSDT,2026-01-02,0.0001,0.0001,0.0001,3,0.1428571428571428,0.3886
SOLUSDT,2026-01-03,8.237666666666668e-05,6.427e-05,0.0001,3,0.1428571428571428,0.3956
SOLUSDT,2026-01-04,6.388666666666667e-05,4.499e-05,0.0001,3,0.1428571428571428,0.403
SOLUSDT,2026-01-05,2.5093333333333333e-05,1.007e-05,5.164e-05,3,0.0952380952380952,0.409
SOLUSDT,2026-01-06,7.824333333333334e-05,3.473e-05,0.0001,3,0.0,0.3687
SOLUSDT,2026-01-07,1.7940000000000004e-05,-4.471e-05,0.0001,3,0.0952380952380952,0.4119
SOLUSDT,2026-01-08,3.550666666666667e-05,8.5e-07,7.768e-05,3,0.0952380952380952,0.4048
SOLUSDT,2026-01-09,9.856333333333336e-05,9.569e-05,0.0001,3,0.0952380952380952,0.3796
SOLUSDT,2026-01-10,-5.4986666666666666e-05,-9.725e-05,-1.82e-06,3,0.238095238095238,0.4696
SOLUSDT,2026-01-11,7.696666666666666e-05,4.403e-05,0.0001,3,0.238095238095238,0.4168
SOLUSDT,2026-01-12,7.896666666666667e-05,3.69e-05,0.0001,3,0.238095238095238,0.416
SOLUSDT,2026-01-13,5.306666666666667e-05,2.223e-05,0.0001,3,0.238095238095238,0.4264
SOLUSDT,2026-01-14,9.935333333333332e-05,9.806e-05,0.0001,3,0.1428571428571428,0.3888
SOLUSDT,2026-01-15,3.2273333333333335e-05,-1.293e-05,0.0001,3,0.1904761904761904,0.4252
SOLUSDT,2026-01-16,-1.5396666666666668e-05,-4.172e-05,1.27e-05,3,0.2857142857142857,0.4633
SOLUSDT,2026-01-17,5.378e-05,-1.012e-05,0.0001,3,0.1904761904761904,0.4166
SOLUSDT,2026-01-18,-3.649e-05,-9.483e-05,1.596e-05,3,0.2857142857142857,0.4717
SOLUSDT,2026-01-19,3.681666666666667e-05,-1.163e-05,9.979e-05,3,0.3333333333333333,0.4519
SOLUSDT,2026-01-20,1.3396666666666663e-05,-6.674e-05,8.389e-05,3,0.3809523809523809,0.4708
SOLUSDT,2026-01-21,-7.12e-06,-2.73e-05,3.81e-06,3,0.4285714285714285,0.4886
SOLUSDT,2026-01-22,-2.115e-05,-6.749e-05,6.571e-05,3,0.4761904761904761,0.5037
SOLUSDT,2026-01-23,-2.1606666666666664e-05,-6.703e-05,1.237e-05,3,0.4761904761904761,0.5039
SOLUSDT,2026-01-24,-7.456666666666666e-06,-1.852e-05,5.43e-06,3,0.5238095238095238,0.5077
SOLUSDT,2026-01-25,-1.9653333333333337e-05,-7.297e-05,5.353e-05,3,0.5238095238095238,0.5126
SOLUSDT,2026-01-26,-5.945e-05,-0.00020746,2.194e-05,3,0.5238095238095238,0.5285
SOLUSDT,2026-01-27,6.113333333333333e-05,2.427e-05,8.056e-05,3,0.4761904761904761,0.4708
SOLUSDT,2026-01-28,5.9743333333333334e-05,3.305e-05,8.604e-05,3,0.4285714285714285,0.4618
SOLUSDT,2026-01-29,-3.770333333333333e-05,-7.62e-05,1.45e-05,3,0.4285714285714285,0.5008
SOLUSDT,2026-01-30,-0.00010596,-0.000182,-4.603e-05,3,0.4761904761904761,0.5376
SOLUSDT,2026-01-31,-0.0001171066666666,-0.00019176,-4.73e-06,3,0.5238095238095238,0.5516
SOLUSDT,2026-02-01,-0.0003246166666666,-0.00069212,-8.954e-05,3,0.5714285714285714,0.6441
SOLUSDT,2026-02-02,-9.109e-05,-0.00014659,-5.479e-05,3,0.6666666666666666,0.5698
SOLUSDT,2026-02-03,-0.0001287833333333,-0.00016414,-9.347e-05,3,0.8095238095238095,0.6134
SOLUSDT,2026-02-04,-0.0003274,-0.00047041,-0.00017777,3,0.9523809523809524,0.7214
SOLUSDT,2026-02-05,-1.39e-05,-2.794e-05,9.48e-06,3,0.9523809523809524,0.596
SOLUSDT,2026-02-06,-0.0003829533333333,-0.00055144,-0.00016041,3,0.9523809523809524,0.7437
SOLUSDT,2026-02-07,-0.0003088733333333,-0.00053126,-0.00015393,3,0.9523809523809524,0.714
SOLUSDT,2026-02-08,-0.00032942,-0.00039857,-0.00028211,3,0.9523809523809524,0.7222
SOLUSDT,2026-02-09,-0.0001208366666666,-0.00018599,-1.919e-05,3,0.9523809523809524,0.6388
SOLUSDT,2026-02-10,-0.0001238066666666,-0.00015079,-9.266e-05,3,0.9523809523809524,0.64
SOLUSDT,2026-02-11,-4.749666666666667e-05,-9.212e-05,3.598e-05,3,0.9047619047619048,0.6
SOLUSDT,2026-02-12,-0.0001444033333333,-0.0001924,-7.372e-05,3,0.9523809523809524,0.6482
SOLUSDT,2026-02-13,-1.3079999999999998e-05,-4.022e-05,7.1e-06,3,0.9047619047619048,0.5862
SOLUSDT,2026-02-14,-3.486666666666666e-05,-7.743e-05,2.902e-05,3,0.8571428571428571,0.5854
SOLUSDT,2026-02-15,-4.506e-05,-0.00017847,5.339e-05,3,0.8095238095238095,0.5799
SOLUSDT,2026-02-16,-7.121666666666666e-05,-0.00015888,-6.6e-06,3,0.8095238095238095,0.5904
SOLUSDT,2026-02-17,-7.372333333333333e-05,-0.00012454,-3.812e-05,3,0.8095238095238095,0.5914
SOLUSDT,2026-02-18,-0.0001218333333333,-0.0002287,-3.984e-05,3,0.8571428571428571,0.6202
SOLUSDT,2026-02-19,-7.228333333333333e-05,-0.00012426,3.106e-05,3,0.8095238095238095,0.5908
SOLUSDT,2026-02-20,-2.319333333333333e-05,-9.514e-05,2.253e-05,3,0.7619047619047619,0.5617
SOLUSDT,2026-02-21,-1.315e-05,-9.185e-05,5.856e-05,3,0.7619047619047619,0.5576
SOLUSDT,2026-02-22,-7.405333333333334e-05,-0.00010584,-5.057e-05,3,0.8095238095238095,0.5915
SOLUSDT,2026-02-23,-0.0002525666666666,-0.00053535,-7.447e-05,3,0.8095238095238095,0.6629
SOLUSDT,2026-02-24,-5.800666666666666e-05,-7.491e-05,-4.143e-05,3,0.8095238095238095,0.5851
SOLUSDT,2026-02-25,-1.3970000000000003e-05,-0.00017258,6.827e-05,3,0.7142857142857143,0.5484
SOLUSDT,2026-02-26,1.6233333333333336e-05,-6.714e-05,0.0001,3,0.6666666666666666,0.5268
SOLUSDT,2026-02-27,-9.175666666666666e-05,-0.00018881,-2.35e-06,3,0.7619047619047619,0.5891
SOLUSDT,2026-02-28,-0.0001397566666666,-0.00022315,5.04e-06,3,0.7619047619047619,0.6083
SOLUSDT,2026-03-01,3.597333333333334e-05,-4.585e-05,0.0001,3,0.6666666666666666,0.5189
SOLUSDT,2026-03-02,-2.5303333333333332e-05,-8.58e-05,2.413e-05,3,0.6190476190476191,0.5339
SOLUSDT,2026-03-03,-8.223333333333333e-05,-0.00014862,-3.622e-05,3,0.6190476190476191,0.5567
SOLUSDT,2026-03-04,1.284e-05,3.07e-06,2.4e-05,3,0.5714285714285714,0.5091
SOLUSDT,2026-03-05,-4.2810000000000005e-05,-0.00011105,5.985e-05,3,0.6190476190476191,0.5409
SOLUSDT,2026-03-06,-4.877333333333334e-05,-0.00013058,6.362e-05,3,0.5714285714285714,0.5338
SOLUSDT,2026-03-07,-6.0169999999999995e-05,-0.00012228,2.98e-06,3,0.5714285714285714,0.5384
SOLUSDT,2026-03-08,-0.0001580333333333,-0.00019962,-0.00010523,3,0.6666666666666666,0.5965
SOLUSDT,2026-03-09,-6.723666666666667e-05,-0.00010144,-1.812e-05,3,0.7142857142857143,0.5698
SOLUSDT,2026-03-10,2.4646666666666672e-05,-1.909e-05,6.257e-05,3,0.6190476190476191,0.514
SOLUSDT,2026-03-11,-6.398333333333333e-05,-0.00010183,6.61e-06,3,0.7142857142857143,0.5685
SOLUSDT,2026-03-12,-4.082666666666666e-05,-0.00016439,4.554e-05,3,0.7142857142857143,0.5592
SOLUSDT,2026-03-13,7.856666666666667e-05,7.234e-05,9.095e-05,3,0.6190476190476191,0.4924
SOLUSDT,2026-03-14,-6.434333333333332e-05,-9.915e-05,-2.65e-05,3,0.6666666666666666,0.5591
SOLUSDT,2026-03-15,-4.869e-05,-0.00010764,1.663e-05,3,0.6190476190476191,0.5433
SOLUSDT,2026-03-16,8.274666666666666e-05,5.241e-05,0.0001,3,0.4761904761904761,0.4621
SOLUSDT,2026-03-17,2.5806666666666668e-05,-1.43e-05,8.675e-05,3,0.4761904761904761,0.4849
SOLUSDT,2026-03-18,-4.099666666666667e-05,-6.465e-05,-8.83e-06,3,0.5238095238095238,0.5212
SOLUSDT,2026-03-19,-3.5363333333333334e-05,-0.00010064,-1.65e-06,3,0.5714285714285714,0.5284
SOLUSDT,2026-03-20,-3.535333333333333e-05,-6.064e-05,3.87e-06,3,0.6666666666666666,0.5475
SOLUSDT,2026-03-21,-3.621666666666667e-05,-0.00012136,2.431e-05,3,0.6190476190476191,0.5383
SOLUSDT,2026-03-22,-0.0001310933333333,-0.00013452,-0.00012882,3,0.6666666666666666,0.5858
SOLUSDT,2026-03-23,-1.084e-05,-6.305e-05,4.974e-05,3,0.7619047619047619,0.5567
SOLUSDT,2026-03-24,5.770000000000003e-06,-0.00011027,0.0001,3,0.7619047619047619,0.5501
SOLUSDT,2026-03-25,3.9080000000000005e-05,-4.578e-05,9.615e-05,3,0.6666666666666666,0.5177
SOLUSDT,2026-03-26,-0.0001130899999999,-0.00022349,8.033e-05,3,0.6190476190476191,0.569
SOLUSDT,2026-03-27,-0.0002712666666666,-0.0003981,-0.00019053,3,0.6666666666666666,0.6418
SOLUSDT,2026-03-28,-0.00022161,-0.00028259,-0.00016926,3,0.7142857142857143,0.6315
SOLUSDT,2026-03-29,-0.0002275666666666,-0.00030226,-0.00014871,3,0.7142857142857143,0.6339
SOLUSDT,2026-03-30,-9.998666666666668e-05,-0.00027324,-7.1e-06,3,0.7619047619047619,0.5924
SOLUSDT,2026-03-31,-6.163e-05,-0.0001383,3.994e-05,3,0.8095238095238095,0.5866
SOLUSDT,2026-04-01,-3.0366666666666675e-06,-1.877e-05,1.608e-05,3,0.8571428571428571,0.5726
SOLUSDT,2026-04-02,-9.579333333333332e-05,-0.00023581,1.042e-05,3,0.8571428571428571,0.6097
SOLUSDT,2026-04-03,3.556666666666666e-06,-2.576e-05,4.323e-05,3,0.8095238095238095,0.5605
SOLUSDT,2026-04-04,-5.0700000000000006e-05,-7.014e-05,-3.973e-05,3,0.8095238095238095,0.5822
SOLUSDT,2026-04-05,-7.128e-05,-9.381e-05,-4.086e-05,3,0.8095238095238095,0.5904
SOLUSDT,2026-04-06,1.593e-05,-1.845e-05,7.896e-05,3,0.7619047619047619,0.546
SOLUSDT,2026-04-07,-0.0001277366666666,-0.00021212,-6.822e-05,3,0.8095238095238095,0.613
SOLUSDT,2026-04-08,0.0001,0.0001,0.0001,3,0.7142857142857143,0.5029
SOLUSDT,2026-04-09,1.8093333333333335e-05,-1.292e-05,4.258e-05,3,0.6666666666666666,0.5261
SOLUSDT,2026-04-10,6.146e-05,1e-06,0.0001,3,0.5714285714285714,0.4897
SOLUSDT,2026-04-11,4.126666666666667e-06,-1.872e-05,4.33e-05,3,0.5238095238095238,0.5031
SOLUSDT,2026-04-12,-2.7566666666666665e-05,-0.00011509,0.0001,3,0.4761904761904761,0.5063
SOLUSDT,2026-04-13,4.297e-05,-9.36e-06,0.0001,3,0.4285714285714285,0.4685
SOLUSDT,2026-04-14,0.0001,0.0001,0.0001,3,0.2857142857142857,0.4171
SOLUSDT,2026-04-15,-3.7476666666666666e-05,-9.128e-05,1.64e-06,3,0.3809523809523809,0.4912
SOLUSDT,2026-04-16,9.101666666666668e-05,7.305e-05,0.0001,3,0.3333333333333333,0.4303
SOLUSDT,2026-04-17,4.700333333333334e-05,1.016e-05,0.0001,3,0.3333333333333333,0.4479
SOLUSDT,2026-04-18,-5.307333333333334e-05,-8.193e-05,2.64e-06,3,0.3333333333333333,0.4879
SOLUSDT,2026-04-19,-7.730333333333334e-05,-9.117e-05,-6.547e-05,3,0.3809523809523809,0.5071
SOLUSDT,2026-04-20,-1.656666666666667e-05,-8.585e-05,4.88e-05,3,0.4285714285714285,0.4923
SOLUSDT,2026-04-21,3.8576666666666666e-05,-7.3e-07,8.917e-05,3,0.4761904761904761,0.4798
SOLUSDT,2026-04-22,8.790333333333334e-05,6.371e-05,0.0001,3,0.3809523809523809,0.441
SOLUSDT,2026-04-23,2.0836666666666667e-05,-4.21e-05,8.553e-05,3,0.4285714285714285,0.4774
SOLUSDT,2026-04-24,-5.338e-05,-7.719e-05,-2.981e-05,3,0.5714285714285714,0.5356
SOLUSDT,2026-04-25,5.2899999999999985e-06,-5.575e-05,5.235e-05,3,0.5238095238095238,0.5026
SOLUSDT,2026-04-26,1.4876666666666668e-05,-4.604e-05,9.411e-05,3,0.4761904761904761,0.4893
SOLUSDT,2026-04-27,-4.916333333333334e-05,-0.00011407,-1.262e-05,3,0.5238095238095238,0.5244
SOLUSDT,2026-04-28,-5.0213333333333336e-05,-0.00011394,8.41e-06,3,0.5714285714285714,0.5344
SOLUSDT,2026-04-29,-1.646666666666668e-06,-6.745e-05,7.892e-05,3,0.6666666666666666,0.534
SOLUSDT,2026-04-30,3.743e-05,-3.778e-05,7.585e-05,3,0.6666666666666666,0.5184
SOLUSDT,2026-05-01,4.220666666666666e-05,1.697e-05,6.01e-05,3,0.5238095238095238,0.4879
SOLUSDT,2026-05-02,6.303333333333332e-06,-3.588e-05,7.261e-05,3,0.5714285714285714,0.5118
SOLUSDT,2026-05-03,-1.5500000000000004e-06,-2.973e-05,4.38e-05,3,0.5714285714285714,0.5149
SOLUSDT,2026-05-04,6.544666666666666e-05,2.423e-05,0.0001,3,0.4285714285714285,0.4595
SOLUSDT,2026-05-05,8.134666666666667e-05,6.511e-05,0.0001,3,0.3333333333333333,0.4341
SOLUSDT,2026-05-06,8.559000000000001e-05,5.677e-05,0.0001,3,0.238095238095238,0.4134
SOLUSDT,2026-05-07,3.7556666666666666e-05,-5.96e-05,8.995e-05,3,0.238095238095238,0.4326
SOLUSDT,2026-05-08,6.150333333333333e-05,-9.97e-06,0.0001,3,0.2857142857142857,0.4325
SOLUSDT,2026-05-09,5.276e-05,1.497e-05,0.0001,3,0.1904761904761904,0.417
SOLUSDT,2026-05-10,-1.4593333333333336e-05,-5.236e-05,1.717e-05,3,0.1904761904761904,0.4439
SOLUSDT,2026-05-11,6.324666666666667e-05,3.592e-05,8.884e-05,3,0.1904761904761904,0.4128
SOLUSDT,2026-05-12,1.8616666666666667e-05,-6.049e-05,8.095e-05,3,0.238095238095238,0.4402
SOLUSDT,2026-05-13,-1.205333333333333e-05,-0.00012043,0.0001,3,0.3333333333333333,0.4715
SOLUSDT,2026-05-14,-7.826333333333334e-05,-0.0001508,-3.038e-05,3,0.4285714285714285,0.517
SOLUSDT,2026-05-15,1.5069999999999998e-05,-1.584e-05,4.052e-05,3,0.4285714285714285,0.4797
SOLUSDT,2026-05-16,-5.066666666666573e-07,-0.00015361,0.0001,3,0.4761904761904761,0.4954
SOLUSDT,2026-05-17,-7.714666666666666e-05,-0.00012569,-5.139e-05,3,0.5238095238095238,0.5356
SOLUSDT,2026-05-18,-3.314333333333333e-05,-0.00010788,5.09e-06,3,0.5714285714285714,0.5275
SOLUSDT,2026-05-19,-4.483666666666667e-05,-0.00010936,3.87e-06,3,0.6190476190476191,0.5417
SOLUSDT,2026-05-20,2.466666666666666e-06,-1.433e-05,2.839e-05,3,0.6190476190476191,0.5228
SOLUSDT,2026-05-21,2.97e-05,-2.74e-06,6.241e-05,3,0.5238095238095238,0.4929
SOLUSDT,2026-05-22,2.7503333333333335e-05,-1.571e-05,0.0001,3,0.5714285714285714,0.5033
SOLUSDT,2026-05-23,-0.0001279033333333,-0.00028322,2.621e-05,3,0.6190476190476191,0.575
SOLUSDT,2026-05-24,7.866666666666665e-06,-4.389e-05,5.791e-05,3,0.5238095238095238,0.5016
SOLUSDT,2026-05-25,-1.6826666666666666e-05,-4.636e-05,3.864e-05,3,0.5714285714285714,0.521
SOLUSDT,2026-05-26,-3.496666666666668e-06,-0.00010038,4.692e-05,3,0.5238095238095238,0.5062
SOLUSDT,2026-05-27,-7.302333333333333e-05,-0.00014384,1.025e-05,3,0.5238095238095238,0.534
SOLUSDT,2026-05-28,-7.581000000000001e-05,-0.00014123,-3.559e-05,3,0.6190476190476191,0.5541
SOLUSDT,2026-05-29,4.3513333333333336e-05,2.5e-05,6.335e-05,3,0.5238095238095238,0.4874
SOLUSDT,2026-05-30,5.158e-05,3.702e-05,7.48e-05,3,0.4285714285714285,0.4651
SOLUSDT,2026-05-31,6.840999999999999e-05,5.934e-05,8.245e-05,3,0.0,0.3726
SOLUSDT,2026-06-01,1.552333333333333e-05,-4.463e-05,8.337e-05,3,0.16666666666666666,0.4271
SOLUSDT,2026-06-02,-7.793333333333332e-06,-5.567e-05,8.725e-05,3,0.3333333333333333,0.4698
SOLUSDT,2026-06-03,-6.487333333333333e-05,-0.00013766,-2.727e-05,3,0.5,0.5259
SOLUSDT,2026-06-04,-0.00012602333333333333,-0.00014101,-0.00010354,3,0.6,0.5704
SOLUSDT,2026-06-05,-0.00016087333333333334,-0.0002538,-9.36e-05,3,0.6666666666666666,0.5977
SOLUSDT,2026-06-06,-0.00016690666666666665,-0.00022283,-9.646e-05,3,0.7142857142857143,0.6096
SOLUSDT,2026-06-07,-0.00020487,-0.00032804,-8.223e-05,3,0.8571428571428571,0.6534
SOLUSDT,2026-06-08,-0.00016224333333333333,-0.00030592,2.953e-05,3,0.9047619047619048,0.6458
SOLUSDT,2026-06-09,-2.2533333333333333e-05,-9.835e-05,5.148e-05,3,0.9047619047619048,0.59
SOLUSDT,2026-06-10,-7.99e-06,-3.401e-05,7.94e-06,3,0.8095238095238095,0.5651
SOLUSDT,2026-06-11,2.4896666666666668e-05,-0.00012531,0.0001,3,0.7142857142857143,0.5329
SOLUSDT,2026-06-12,5.161666666666666e-05,-7.55e-06,9.888e-05,3,0.6190476190476191,0.5032
SOLUSDT,2026-06-13,-8.074333333333334e-05,-0.00012027,-3.952e-05,3,0.6190476190476191,0.5561
SOLUSDT,2026-06-14,-6.173333333333333e-05,-9.909e-05,-1.719e-05,3,0.6190476190476191,0.5485
SOLUSDT,2026-06-15,1.2906666666666668e-05,-5.5e-05,7.438e-05,3,0.5714285714285714,0.5091
SOLUSDT,2026-06-16,1.84e-05,-4.574e-05,7.087e-05,3,0.5238095238095238,0.4974
SOLUSDT,2026-06-17,-3.861666666666667e-05,-9.547e-05,-3.46e-06,3,0.6190476190476191,0.5393
SOLUSDT,2026-06-18,-4.5076666666666675e-05,-8.589e-05,-5.64e-06,3,0.7142857142857143,0.5609
SOLUSDT,2026-06-19,3.051666666666667e-05,-5.056e-05,0.0001,3,0.7142857142857143,0.5307
SOLUSDT,2026-06-20,4.769333333333334e-05,-4.52e-05,0.0001,3,0.6190476190476191,0.5047
SOLUSDT,2026-06-21,7.592e-05,2.776e-05,0.0001,3,0.47619047619047616,0.4649
SOLUSDT,2026-06-22,5.054666666666667e-05,1.597e-05,7.759e-05,3,0.42857142857142855,0.4655
SOLUSDT,2026-06-23,-0.00014595666666666665,-0.00016282,-0.00012606,3,0.5238095238095238,0.5631
SOLUSDT,2026-06-24,-0.00010255333333333333,-0.00016512,1.409e-05,3,0.47619047619047616,0.5363
SOLUSDT,2026-06-25,-3.341666666666667e-05,-5.42e-05,2.41e-06,3,0.42857142857142855,0.4991
SOLUSDT,2026-06-26,7.633000000000001e-05,2.899e-05,0.0001,3,0.38095238095238093,0.4457
SOLUSDT,2026-06-27,6.956666666666667e-06,-4.361e-05,7.431e-05,3,0.42857142857142855,0.4829
SOLUSDT,2026-06-28,2.2843333333333332e-05,-2.114e-05,9.849e-05,3,0.5238095238095238,0.4956
SOLUSDT,2026-06-29,5.042666666666667e-05,-2.864e-05,0.0001,3,0.5714285714285714,0.4941
SOLUSDT,2026-06-30,1.787e-05,-7.645e-05,9.993e-05,3,0.47619047619047616,0.4881
SOLUSDT,2026-07-01,9.363666666666666e-05,8.091e-05,0.0001,3,0.38095238095238093,0.4387
SOLUSDT,2026-07-02,2.5503333333333334e-05,1.75e-06,5.005e-05,3,0.2857142857142857,0.4469
SOLUSDT,2026-07-03,-1.5230000000000002e-05,-3.042e-05,1.452e-05,3,0.38095238095238093,0.4823
SOLUSDT,2026-07-04,6.0043333333333335e-05,2.683e-05,0.0001,3,0.2857142857142857,0.4331
SOLUSDT,2026-07-05,-6.0916666666666666e-05,-0.00013202,3.16e-05,3,0.2857142857142857,0.4815
SOLUSDT,2026-07-06,3.574666666666667e-05,1.57e-06,6.79e-05,3,0.23809523809523808,0.4333
SOLUSDT,2026-07-07,4.145333333333334e-05,4.5e-06,0.0001,3,0.19047619047619047,0.4215
SOLUSDT,2026-07-08,-3.628e-05,-9.879e-05,2.674e-05,3,0.2857142857142857,0.4717
SOLUSDT,2026-07-09,4.313333333333332e-06,-2.616e-05,2.984e-05,3,0.3333333333333333,0.4649
SOLUSDT,2026-07-10,3.514333333333333e-05,-2.353e-05,0.0001,3,0.2857142857142857,0.4431
SOLUSDT,2026-07-11,4.4666666666666665e-06,-6.8e-06,1.918e-05,3,0.3333333333333333,0.4649
SOLUSDT,2026-07-12,1.2796666666666666e-05,-3.198e-05,3.574e-05,3,0.2857142857142857,0.452
SOLUSDT,2026-07-13,3.8786666666666666e-05,1.49e-05,6.794e-05,3,0.2857142857142857,0.4416
SOLUSDT,2026-07-14,-9.236666666666664e-06,-8.278e-05,0.0001,3,0.38095238095238093,0.4799
SOLUSDT,2026-07-15,-6.759999999999999e-06,-3.352e-05,1.284e-05,3,0.3333333333333333,0.4694
SOLUSDT,2026-07-16,-4.486666666666666e-06,-1.431e-05,4.48e-06,3,0.38095238095238093,0.478
SOLUSDT,2026-07-17,-1.4050000000000001e-05,-4.804e-05,1.861e-05,3,0.42857142857142855,0.4913
SOLUSDT,2026-07-18,-1.7253333333333333e-05,-7.136e-05,3.137e-05,3,0.47619047619047616,0.5021
SOLUSDT,2026-07-19,3.044333333333333e-05,2.13e-06,8.549e-05,3,0.42857142857142855,0.4735
SOLUSDT,2026-07-20,3.98e-05,-2.232e-05,8.056e-05,3,0.47619047619047616,0.4793
SOLUSDT,2026-07-21,7.746000000000001e-05,3.238e-05,0.0001,3,0.38095238095238093,0.4452
SOLUSDT,2026-07-22,5.029e-05,-3.07e-06,0.0001,3,0.38095238095238093,0.4561
SOLUSDT,2026-07-23,-5.224e-05,-0.00012066,-5.41e-06,3,0.42857142857142855,0.5066
SOLUSDT,2026-07-24,-3.319e-05,-8.493e-05,6.248e-05,3,0.42857142857142855,0.499
SOLUSDT,2026-07-25,-7.268e-05,-9.682e-05,-5.232e-05,3,0.47619047619047616,0.5243
SOLUSDT,2026-07-26,-2.167333333333333e-05,-7.052e-05,2.379e-05,3,0.5714285714285714,0.523
SOLUSDT,2026-07-27,2.9806666666666664e-05,-3.32e-06,6.554e-05,3,0.5714285714285714,0.5024
SOLUSDT,2026-07-28,-9.769333333333332e-05,-0.0001785,-5.131e-05,3,0.7142857142857143,0.5819
SOLUSDT,2026-07-29,3.151e-05,4.14e-06,6.357e-05,3,0.6666666666666666,0.5207
SOLUSDT,2026-07-30,5.456333333333333e-05,1.99e-05,8.438e-05,3,0.5238095238095238,0.4829
SOLUSDT,2026-07-31,3.846e-05,3.14e-06,6.52e-05,3,0.42857142857142855,0.4703
SOLUSDT,2026-08-01,3.34e-05,2.097e-05,5.598e-05,3,0.2857142857142857,0.4438
SOLUSDT,2026-08-02,4.695e-05,-5.915e-05,0.0001,3,0.23809523809523808,0.4288
SOLUSDT,2026-08-03,3.194333333333333e-05,-3.419e-05,7.852e-05,3,0.23809523809523808,0.4348
SOLUSDT,2026-08-04,4.364e-05,2.705e-05,5.307e-05,3,0.09523809523809523,0.4016
