symbol,date,bull_prob,side_prob,bear_prob,f6_cont
BTCUSDT,2014-10-08,0.0,0.0,1.0,0.0
BTCUSDT,2014-10-09,0.0,0.0017,0.9983,0.0
BTCUSDT,2014-10-10,0.9985,0.0,0.0014,0.9985
BTCUSDT,2014-10-11,1.0,0.0,0.0,1.0
BTCUSDT,2014-10-12,1.0,0.0,0.0,1.0
BTCUSDT,2014-10-13,1.0,0.0,0.0,1.0
BTCUSDT,2014-10-14,1.0,0.0,0.0,1.0
BTCUSDT,2014-10-15,1.0,0.0,0.0,1.0
BTCUSDT,2014-10-16,1.0,0.0,0.0,1.0
BTCUSDT,2014-10-17,1.0,0.0,0.0,1.0
BTCUSDT,2014-10-18,1.0,0.0,0.0,1.0
BTCUSDT,2014-10-19,1.0,0.0,0.0,1.0
BTCUSDT,2014-10-20,0.0,0.4707,0.5293,0.0
BTCUSDT,2014-10-21,0.0,0.4211,0.5789,0.0
BTCUSDT,2014-10-22,0.0,0.3134,0.6866,0.0
BTCUSDT,2014-10-23,0.0,0.0801,0.9199,0.0
BTCUSDT,2014-10-24,0.0,0.0198,0.9802,0.0
BTCUSDT,2014-10-25,0.0,0.0001,0.9999,0.0
BTCUSDT,2014-10-26,0.0,0.0004,0.9996,0.0
BTCUSDT,2014-10-27,0.0,0.0017,0.9983,0.0
BTCUSDT,2014-10-28,0.0,0.002,0.998,0.0
BTCUSDT,2014-10-29,0.0,0.0005,0.9995,0.0
BTCUSDT,2014-10-30,0.0,0.3664,0.6336,0.0
BTCUSDT,2014-10-31,0.0,0.4219,0.5781,0.0
BTCUSDT,2014-11-01,0.0,0.4305,0.5695,0.0
BTCUSDT,2014-11-02,0.0,0.4252,0.5748,0.0
BTCUSDT,2014-11-03,0.0,0.4494,0.5506,0.0
BTCUSDT,2014-11-04,0.0,0.4612,0.5388,0.0
BTCUSDT,2014-11-05,1.0,0.0,0.0,1.0
BTCUSDT,2014-11-06,1.0,0.0,0.0,1.0
BTCUSDT,2014-11-07,1.0,0.0,0.0,1.0
BTCUSDT,2014-11-08,1.0,0.0,0.0,1.0
BTCUSDT,2014-11-09,1.0,0.0,0.0,1.0
BTCUSDT,2014-11-10,1.0,0.0,0.0,1.0
BTCUSDT,2014-11-11,1.0,0.0,0.0,1.0
BTCUSDT,2014-11-12,1.0,0.0,0.0,1.0
BTCUSDT,2014-11-13,1.0,0.0,0.0,1.0
BTCUSDT,2014-11-14,1.0,0.0,0.0,1.0
BTCUSDT,2014-11-15,1.0,0.0,0.0,1.0
BTCUSDT,2014-11-16,1.0,0.0,0.0,1.0
BTCUSDT,2014-11-17,1.0,0.0,0.0,1.0
BTCUSDT,2014-11-18,1.0,0.0,0.0,1.0
BTCUSDT,2014-11-19,0.0,0.0,1.0,0.0
BTCUSDT,2014-11-20,0.0,0.0,1.0,0.0
BTCUSDT,2014-11-21,0.0,0.0,1.0,0.0
BTCUSDT,2014-11-22,0.0,0.0,1.0,0.0
BTCUSDT,2014-11-23,0.0,0.0,1.0,0.0
BTCUSDT,2014-11-24,0.0,0.0001,0.9999,0.0
BTCUSDT,2014-11-25,0.4811,0.0,0.5189,0.4811
BTCUSDT,2014-11-26,0.0,0.004,0.996,0.0
BTCUSDT,2014-11-27,1.0,0.0,0.0,1.0
BTCUSDT,2014-11-28,1.0,0.0,0.0,1.0
BTCUSDT,2014-11-29,1.0,0.0,0.0,1.0
BTCUSDT,2014-11-30,1.0,0.0,0.0,1.0
BTCUSDT,2014-12-01,1.0,0.0,0.0,1.0
BTCUSDT,2014-12-02,1.0,0.0,0.0,1.0
BTCUSDT,2014-12-03,1.0,0.0,0.0,1.0
BTCUSDT,2014-12-04,0.0,0.9476,0.0524,0.0
BTCUSDT,2014-12-05,0.5527,0.447,0.0003,0.5527
BTCUSDT,2014-12-06,0.0,0.9991,0.0009,0.0
BTCUSDT,2014-12-07,0.0,0.9999,0.0001,0.0
BTCUSDT,2014-12-08,0.0,0.9998,0.0002,0.0
BTCUSDT,2014-12-09,0.0,0.9984,0.0016,0.0
BTCUSDT,2014-12-10,0.0,0.9984,0.0016,0.0
BTCUSDT,2014-12-11,0.0,0.9997,0.0003,0.0
BTCUSDT,2014-12-12,0.0,0.9995,0.0005,0.0
BTCUSDT,2014-12-13,0.0,0.9987,0.0013,0.0
BTCUSDT,2014-12-14,0.0,0.9982,0.0018,0.0
BTCUSDT,2014-12-15,0.0,0.9928,0.0072,0.0
BTCUSDT,2014-12-16,0.0,0.9016,0.0984,0.0
BTCUSDT,2014-12-17,0.0,0.6505,0.3495,0.0
BTCUSDT,2014-12-18,0.0,0.2467,0.7533,0.0
BTCUSDT,2014-12-19,0.0,0.2868,0.7132,0.0
BTCUSDT,2014-12-20,0.0,0.7286,0.2714,0.0
BTCUSDT,2014-12-21,0.0,0.7602,0.2398,0.0
BTCUSDT,2014-12-22,0.0,0.8488,0.1512,0.0
BTCUSDT,2014-12-23,1.0,0.0,0.0,1.0
BTCUSDT,2014-12-24,1.0,0.0,0.0,1.0
BTCUSDT,2014-12-25,1.0,0.0,0.0,1.0
BTCUSDT,2014-12-26,1.0,0.0,0.0,1.0
BTCUSDT,2014-12-27,0.0,0.9977,0.0023,0.0
BTCUSDT,2014-12-28,0.0,0.9996,0.0004,0.0
BTCUSDT,2014-12-29,0.0,0.9994,0.0006,0.0
BTCUSDT,2014-12-30,0.0,0.9985,0.0015,0.0
BTCUSDT,2014-12-31,0.0,0.9983,0.0017,0.0
BTCUSDT,2015-01-01,0.0,0.9908,0.0092,0.0
BTCUSDT,2015-01-02,0.0,0.9046,0.0954,0.0
BTCUSDT,2015-01-03,0.0,0.0016,0.9984,0.0
BTCUSDT,2015-01-04,0.0,0.0,1.0,0.0
BTCUSDT,2015-01-05,0.0,0.0,1.0,0.0
BTCUSDT,2015-01-06,0.0,0.0,1.0,0.0
BTCUSDT,2015-01-07,0.0,0.0,1.0,0.0
BTCUSDT,2015-01-08,0.0,0.0,1.0,0.0
BTCUSDT,2015-01-09,0.0,0.0001,0.9999,0.0
BTCUSDT,2015-01-10,0.0,0.0053,0.9947,0.0
BTCUSDT,2015-01-11,0.8827,0.0001,0.1172,0.8827
BTCUSDT,2015-01-12,0.0,0.0128,0.9872,0.0
BTCUSDT,2015-01-13,0.0,0.0,1.0,0.0
BTCUSDT,2015-01-14,0.0,0.0,1.0,0.0
BTCUSDT,2015-01-15,0.0,0.0,1.0,0.0
BTCUSDT,2015-01-16,0.0,0.0,1.0,0.0
BTCUSDT,2015-01-17,0.0,0.0,1.0,0.0
BTCUSDT,2015-01-18,0.0,0.0,1.0,0.0
BTCUSDT,2015-01-19,0.0,0.0,1.0,0.0
BTCUSDT,2015-01-20,0.0,0.0,1.0,0.0
BTCUSDT,2015-01-21,1.0,0.0,0.0,1.0
BTCUSDT,2015-01-22,1.0,0.0,0.0,1.0
BTCUSDT,2015-01-23,1.0,0.0,0.0,1.0
BTCUSDT,2015-01-24,1.0,0.0,0.0,1.0
BTCUSDT,2015-01-25,1.0,0.0,0.0,1.0
BTCUSDT,2015-01-26,1.0,0.0,0.0,1.0
BTCUSDT,2015-01-27,1.0,0.0,0.0,1.0
BTCUSDT,2015-01-28,1.0,0.0,0.0,1.0
BTCUSDT,2015-01-29,0.7241,0.0,0.2759,0.7241
BTCUSDT,2015-01-30,0.0,0.0,1.0,0.0
BTCUSDT,2015-01-31,0.0,0.0,1.0,0.0
BTCUSDT,2015-02-01,0.0,0.0,1.0,0.0
BTCUSDT,2015-02-02,0.0,0.0,1.0,0.0
BTCUSDT,2015-02-03,0.0,0.0,1.0,0.0
BTCUSDT,2015-02-04,0.0,0.0,1.0,0.0
BTCUSDT,2015-02-05,0.0,0.0,1.0,0.0
BTCUSDT,2015-02-06,0.0,0.0,1.0,0.0
BTCUSDT,2015-02-07,1.0,0.0,0.0,1.0
BTCUSDT,2015-02-08,0.0,0.0001,0.9999,0.0
BTCUSDT,2015-02-09,0.0,0.0,1.0,0.0
BTCUSDT,2015-02-10,0.0,0.0,1.0,0.0
BTCUSDT,2015-02-11,0.0,0.0005,0.9995,0.0
BTCUSDT,2015-02-12,1.0,0.0,0.0,1.0
BTCUSDT,2015-02-13,1.0,0.0,0.0,1.0
BTCUSDT,2015-02-14,1.0,0.0,0.0,1.0
BTCUSDT,2015-02-15,1.0,0.0,0.0,1.0
BTCUSDT,2015-02-16,1.0,0.0,0.0,1.0
BTCUSDT,2015-02-17,1.0,0.0,0.0,1.0
BTCUSDT,2015-02-18,1.0,0.0,0.0,1.0
BTCUSDT,2015-02-19,1.0,0.0,0.0,1.0
BTCUSDT,2015-02-20,1.0,0.0,0.0,1.0
BTCUSDT,2015-02-21,0.0,0.1005,0.8995,0.0
BTCUSDT,2015-02-22,0.9976,0.0001,0.0023,0.9976
BTCUSDT,2015-02-23,1.0,0.0,0.0,1.0
BTCUSDT,2015-02-24,0.0,0.3408,0.6592,0.0
BTCUSDT,2015-02-25,0.9323,0.0117,0.056,0.9323
BTCUSDT,2015-02-26,0.0,0.4606,0.5394,0.0
BTCUSDT,2015-02-27,1.0,0.0,0.0,1.0
BTCUSDT,2015-02-28,1.0,0.0,0.0,1.0
BTCUSDT,2015-03-01,1.0,0.0,0.0,1.0
BTCUSDT,2015-03-02,1.0,0.0,0.0,1.0
BTCUSDT,2015-03-03,1.0,0.0,0.0,1.0
BTCUSDT,2015-03-04,1.0,0.0,0.0,1.0
BTCUSDT,2015-03-05,1.0,0.0,0.0,1.0
BTCUSDT,2015-03-06,1.0,0.0,0.0,1.0
BTCUSDT,2015-03-07,1.0,0.0,0.0,1.0
BTCUSDT,2015-03-08,1.0,0.0,0.0,1.0
BTCUSDT,2015-03-09,1.0,0.0,0.0,1.0
BTCUSDT,2015-03-10,1.0,0.0,0.0,1.0
BTCUSDT,2015-03-11,1.0,0.0,0.0,1.0
BTCUSDT,2015-03-12,1.0,0.0,0.0,1.0
BTCUSDT,2015-03-13,1.0,0.0,0.0,1.0
BTCUSDT,2015-03-14,1.0,0.0,0.0,1.0
BTCUSDT,2015-03-15,1.0,0.0,0.0,1.0
BTCUSDT,2015-03-16,0.9928,0.0063,0.001,0.9928
BTCUSDT,2015-03-17,0.0,0.356,0.644,0.0
BTCUSDT,2015-03-18,0.0,0.0,1.0,0.0
BTCUSDT,2015-03-19,0.0,0.0,1.0,0.0
BTCUSDT,2015-03-20,0.0,0.0001,0.9999,0.0
BTCUSDT,2015-03-21,0.0,0.0003,0.9997,0.0
BTCUSDT,2015-03-22,0.0,0.0007,0.9993,0.0
BTCUSDT,2015-03-23,0.0,0.0003,0.9997,0.0
BTCUSDT,2015-03-24,0.0,0.0,1.0,0.0
BTCUSDT,2015-03-25,0.0,0.0029,0.9971,0.0
BTCUSDT,2015-03-26,0.0,0.0037,0.9963,0.0
BTCUSDT,2015-03-27,0.0,0.0032,0.9968,0.0
BTCUSDT,2015-03-28,0.0,0.0029,0.9971,0.0
BTCUSDT,2015-03-29,0.0,0.0004,0.9996,0.0
BTCUSDT,2015-03-30,0.0,0.0105,0.9895,0.0
BTCUSDT,2015-03-31,0.0,0.0496,0.9504,0.0
BTCUSDT,2015-04-01,0.9979,0.0005,0.0016,0.9979
BTCUSDT,2015-04-02,1.0,0.0,0.0,1.0
BTCUSDT,2015-04-03,1.0,0.0,0.0,1.0
BTCUSDT,2015-04-04,0.9998,0.0002,0.0,0.9998
BTCUSDT,2015-04-05,1.0,0.0,0.0,1.0
BTCUSDT,2015-04-06,1.0,0.0,0.0,1.0
BTCUSDT,2015-04-07,1.0,0.0,0.0,1.0
BTCUSDT,2015-04-08,0.0,0.9738,0.0262,0.0
BTCUSDT,2015-04-09,0.0,0.9607,0.0393,0.0
BTCUSDT,2015-04-10,0.0,0.7904,0.2096,0.0
BTCUSDT,2015-04-11,0.0,0.551,0.449,0.0
BTCUSDT,2015-04-12,0.0,0.0679,0.9321,0.0
BTCUSDT,2015-04-13,0.0,0.0001,0.9999,0.0
BTCUSDT,2015-04-14,0.0,0.0,1.0,0.0
BTCUSDT,2015-04-15,0.0,0.2733,0.7267,0.0
BTCUSDT,2015-04-16,0.0,0.858,0.142,0.0
BTCUSDT,2015-04-17,0.0,0.9752,0.0248,0.0
BTCUSDT,2015-04-18,0.0,0.9911,0.0089,0.0
BTCUSDT,2015-04-19,0.0,0.9898,0.0102,0.0
BTCUSDT,2015-04-20,0.9671,0.0328,0.0001,0.9671
BTCUSDT,2015-04-21,1.0,0.0,0.0,1.0
BTCUSDT,2015-04-22,1.0,0.0,0.0,1.0
BTCUSDT,2015-04-23,1.0,0.0,0.0,1.0
BTCUSDT,2015-04-24,1.0,0.0,0.0,1.0
BTCUSDT,2015-04-25,1.0,0.0,0.0,1.0
BTCUSDT,2015-04-26,0.0,0.9773,0.0227,0.0
BTCUSDT,2015-04-27,1.0,0.0,0.0,1.0
BTCUSDT,2015-04-28,0.0,0.9978,0.0022,0.0
BTCUSDT,2015-04-29,0.0,0.999,0.001,0.0
BTCUSDT,2015-04-30,0.0,0.9942,0.0058,0.0
BTCUSDT,2015-05-01,0.9836,0.0164,0.0,0.9836
BTCUSDT,2015-05-02,1.0,0.0,0.0,1.0
BTCUSDT,2015-05-03,1.0,0.0,0.0,1.0
BTCUSDT,2015-05-04,1.0,0.0,0.0,1.0
BTCUSDT,2015-05-05,1.0,0.0,0.0,1.0
BTCUSDT,2015-05-06,1.0,0.0,0.0,1.0
BTCUSDT,2015-05-07,0.9997,0.0003,0.0,0.9997
BTCUSDT,2015-05-08,1.0,0.0,0.0,1.0
BTCUSDT,2015-05-09,1.0,0.0,0.0,1.0
BTCUSDT,2015-05-10,0.0,0.9492,0.0508,0.0
BTCUSDT,2015-05-11,1.0,0.0,0.0,1.0
BTCUSDT,2015-05-12,1.0,0.0,0.0,1.0
BTCUSDT,2015-05-13,1.0,0.0,0.0,1.0
BTCUSDT,2015-05-14,0.0,0.9984,0.0016,0.0
BTCUSDT,2015-05-15,0.0,0.9999,0.0001,0.0
BTCUSDT,2015-05-16,0.0,0.9999,0.0001,0.0
BTCUSDT,2015-05-17,0.0,0.9999,0.0001,0.0
BTCUSDT,2015-05-18,0.0,0.9999,0.0001,0.0
BTCUSDT,2015-05-19,0.0,0.9999,0.0001,0.0
BTCUSDT,2015-05-20,0.0,0.9999,0.0001,0.0
BTCUSDT,2015-05-21,0.0,0.9988,0.0012,0.0
BTCUSDT,2015-05-22,1.0,0.0,0.0,1.0
BTCUSDT,2015-05-23,1.0,0.0,0.0,1.0
BTCUSDT,2015-05-24,1.0,0.0,0.0,1.0
BTCUSDT,2015-05-25,1.0,0.0,0.0,1.0
BTCUSDT,2015-05-26,1.0,0.0,0.0,1.0
BTCUSDT,2015-05-27,1.0,0.0,0.0,1.0
BTCUSDT,2015-05-28,1.0,0.0,0.0,1.0
BTCUSDT,2015-05-29,0.0,0.9989,0.0011,0.0
BTCUSDT,2015-05-30,0.0,0.9999,0.0001,0.0
BTCUSDT,2015-05-31,0.0,0.9998,0.0002,0.0
BTCUSDT,2015-06-01,0.0,0.9997,0.0003,0.0
BTCUSDT,2015-06-02,0.0,0.9999,0.0001,0.0
BTCUSDT,2015-06-03,0.0,0.9999,0.0001,0.0
BTCUSDT,2015-06-04,0.0,0.9998,0.0002,0.0
BTCUSDT,2015-06-05,0.0,0.9998,0.0002,0.0
BTCUSDT,2015-06-06,0.0,0.9999,0.0001,0.0
BTCUSDT,2015-06-07,0.0,0.9985,0.0015,0.0
BTCUSDT,2015-06-08,1.0,0.0,0.0,1.0
BTCUSDT,2015-06-09,1.0,0.0,0.0,1.0
BTCUSDT,2015-06-10,1.0,0.0,0.0,1.0
BTCUSDT,2015-06-11,1.0,0.0,0.0,1.0
BTCUSDT,2015-06-12,1.0,0.0,0.0,1.0
BTCUSDT,2015-06-13,1.0,0.0,0.0,1.0
BTCUSDT,2015-06-14,1.0,0.0,0.0,1.0
BTCUSDT,2015-06-15,1.0,0.0,0.0,1.0
BTCUSDT,2015-06-16,1.0,0.0,0.0,1.0
BTCUSDT,2015-06-17,1.0,0.0,0.0,1.0
BTCUSDT,2015-06-18,1.0,0.0,0.0,1.0
BTCUSDT,2015-06-19,1.0,0.0,0.0,1.0
BTCUSDT,2015-06-20,1.0,0.0,0.0,1.0
BTCUSDT,2015-06-21,1.0,0.0,0.0,1.0
BTCUSDT,2015-06-22,1.0,0.0,0.0,1.0
BTCUSDT,2015-06-23,0.0,0.9994,0.0006,0.0
BTCUSDT,2015-06-24,0.0,0.9999,0.0001,0.0
BTCUSDT,2015-06-25,0.0,0.9999,0.0001,0.0
BTCUSDT,2015-06-26,0.0,0.9987,0.0013,0.0
BTCUSDT,2015-06-27,1.0,0.0,0.0,1.0
BTCUSDT,2015-06-28,1.0,0.0,0.0,1.0
BTCUSDT,2015-06-29,1.0,0.0,0.0,1.0
BTCUSDT,2015-06-30,1.0,0.0,0.0,1.0
BTCUSDT,2015-07-01,1.0,0.0,0.0,1.0
BTCUSDT,2015-07-02,1.0,0.0,0.0,1.0
BTCUSDT,2015-07-03,1.0,0.0,0.0,1.0
BTCUSDT,2015-07-04,1.0,0.0,0.0,1.0
BTCUSDT,2015-07-05,1.0,0.0,0.0,1.0
BTCUSDT,2015-07-06,1.0,0.0,0.0,1.0
BTCUSDT,2015-07-07,1.0,0.0,0.0,1.0
BTCUSDT,2015-07-08,1.0,0.0,0.0,1.0
BTCUSDT,2015-07-09,1.0,0.0,0.0,1.0
BTCUSDT,2015-07-10,1.0,0.0,0.0,1.0
BTCUSDT,2015-07-11,1.0,0.0,0.0,1.0
BTCUSDT,2015-07-12,1.0,0.0,0.0,1.0
BTCUSDT,2015-07-13,1.0,0.0,0.0,1.0
BTCUSDT,2015-07-14,1.0,0.0,0.0,1.0
BTCUSDT,2015-07-15,1.0,0.0,0.0,1.0
BTCUSDT,2015-07-16,1.0,0.0,0.0,1.0
BTCUSDT,2015-07-17,0.0,0.5501,0.4499,0.0
BTCUSDT,2015-07-18,0.0,0.4062,0.5938,0.0
BTCUSDT,2015-07-19,0.0,0.1744,0.8256,0.0
BTCUSDT,2015-07-20,0.0,0.8107,0.1893,0.0
BTCUSDT,2015-07-21,0.0,0.9518,0.0482,0.0
BTCUSDT,2015-07-22,0.0,0.9774,0.0226,0.0
BTCUSDT,2015-07-23,0.0,0.9759,0.0241,0.0
BTCUSDT,2015-07-24,1.0,0.0,0.0,1.0
BTCUSDT,2015-07-25,1.0,0.0,0.0,1.0
BTCUSDT,2015-07-26,1.0,0.0,0.0,1.0
BTCUSDT,2015-07-27,1.0,0.0,0.0,1.0
BTCUSDT,2015-07-28,1.0,0.0,0.0,1.0
BTCUSDT,2015-07-29,1.0,0.0,0.0,1.0
BTCUSDT,2015-07-30,1.0,0.0,0.0,1.0
BTCUSDT,2015-07-31,0.0,0.9984,0.0016,0.0
BTCUSDT,2015-08-01,0.0,0.9998,0.0002,0.0
BTCUSDT,2015-08-02,0.0,0.9999,0.0001,0.0
BTCUSDT,2015-08-03,0.0,0.9999,0.0001,0.0
BTCUSDT,2015-08-04,0.0,1.0,0.0,0.0
BTCUSDT,2015-08-05,0.0,1.0,0.0,0.0
BTCUSDT,2015-08-06,0.0,0.9999,0.0001,0.0
BTCUSDT,2015-08-07,0.0,0.9999,0.0001,0.0
BTCUSDT,2015-08-08,0.0,0.9993,0.0007,0.0
BTCUSDT,2015-08-09,0.0,0.9997,0.0003,0.0
BTCUSDT,2015-08-10,0.0,0.9998,0.0002,0.0
BTCUSDT,2015-08-11,0.0,0.9999,0.0001,0.0
BTCUSDT,2015-08-12,0.0,0.9998,0.0002,0.0
BTCUSDT,2015-08-13,0.0,0.9998,0.0002,0.0
BTCUSDT,2015-08-14,0.0,0.9988,0.0012,0.0
BTCUSDT,2015-08-15,0.5171,0.4829,0.0001,0.5171
BTCUSDT,2015-08-16,0.0,0.9909,0.0091,0.0
BTCUSDT,2015-08-17,0.0,0.9594,0.0406,0.0
BTCUSDT,2015-08-18,0.0,0.0,1.0,0.0
BTCUSDT,2015-08-19,0.0,0.0,1.0,0.0
BTCUSDT,2015-08-20,0.0,0.0,1.0,0.0
BTCUSDT,2015-08-21,0.0,0.0,1.0,0.0
BTCUSDT,2015-08-22,0.0,0.0,1.0,0.0
BTCUSDT,2015-08-23,0.0,0.0,1.0,0.0
BTCUSDT,2015-08-24,0.0,0.0,1.0,0.0
BTCUSDT,2015-08-25,1.0,0.0,0.0,1.0
BTCUSDT,2015-08-26,0.0,0.0,1.0,0.0
BTCUSDT,2015-08-27,0.0,0.0,1.0,0.0
BTCUSDT,2015-08-28,0.0,0.0,1.0,0.0
BTCUSDT,2015-08-29,0.0,0.0,1.0,0.0
BTCUSDT,2015-08-30,0.9851,0.0,0.0149,0.9851
BTCUSDT,2015-08-31,1.0,0.0,0.0,1.0
BTCUSDT,2015-09-01,1.0,0.0,0.0,1.0
BTCUSDT,2015-09-02,1.0,0.0,0.0,1.0
BTCUSDT,2015-09-03,0.9999,0.0,0.0001,0.9999
BTCUSDT,2015-09-04,0.0,0.0001,0.9999,0.0
BTCUSDT,2015-09-05,1.0,0.0,0.0,1.0
BTCUSDT,2015-09-06,1.0,0.0,0.0,1.0
BTCUSDT,2015-09-07,1.0,0.0,0.0,1.0
BTCUSDT,2015-09-08,1.0,0.0,0.0,1.0
BTCUSDT,2015-09-09,1.0,0.0,0.0,1.0
BTCUSDT,2015-09-10,1.0,0.0,0.0,1.0
BTCUSDT,2015-09-11,1.0,0.0,0.0,1.0
BTCUSDT,2015-09-12,0.9761,0.0239,0.0001,0.9761
BTCUSDT,2015-09-13,0.0,0.9983,0.0017,0.0
BTCUSDT,2015-09-14,0.0,0.9999,0.0001,0.0
BTCUSDT,2015-09-15,0.0,0.9999,0.0001,0.0
BTCUSDT,2015-09-16,0.0,0.9999,0.0001,0.0
BTCUSDT,2015-09-17,0.0,0.9999,0.0001,0.0
BTCUSDT,2015-09-18,0.0,0.9999,0.0001,0.0
BTCUSDT,2015-09-19,0.0,0.9991,0.0009,0.0
BTCUSDT,2015-09-20,0.7718,0.2282,0.0,0.7718
BTCUSDT,2015-09-21,0.0,0.9871,0.0129,0.0
BTCUSDT,2015-09-22,0.9814,0.0186,0.0,0.9814
BTCUSDT,2015-09-23,0.9999,0.0001,0.0,0.9999
BTCUSDT,2015-09-24,1.0,0.0,0.0,1.0
BTCUSDT,2015-09-25,1.0,0.0,0.0,1.0
BTCUSDT,2015-09-26,1.0,0.0,0.0,1.0
BTCUSDT,2015-09-27,1.0,0.0,0.0,1.0
BTCUSDT,2015-09-28,1.0,0.0,0.0,1.0
BTCUSDT,2015-09-29,1.0,0.0,0.0,1.0
BTCUSDT,2015-09-30,1.0,0.0,0.0,1.0
BTCUSDT,2015-10-01,1.0,0.0,0.0,1.0
BTCUSDT,2015-10-02,1.0,0.0,0.0,1.0
BTCUSDT,2015-10-03,1.0,0.0,0.0,1.0
BTCUSDT,2015-10-04,1.0,0.0,0.0,1.0
BTCUSDT,2015-10-05,1.0,0.0,0.0,1.0
BTCUSDT,2015-10-06,1.0,0.0,0.0,1.0
BTCUSDT,2015-10-07,1.0,0.0,0.0,1.0
BTCUSDT,2015-10-08,1.0,0.0,0.0,1.0
BTCUSDT,2015-10-09,1.0,0.0,0.0,1.0
BTCUSDT,2015-10-10,1.0,0.0,0.0,1.0
BTCUSDT,2015-10-11,1.0,0.0,0.0,1.0
BTCUSDT,2015-10-12,1.0,0.0,0.0,1.0
BTCUSDT,2015-10-13,1.0,0.0,0.0,1.0
BTCUSDT,2015-10-14,1.0,0.0,0.0,1.0
BTCUSDT,2015-10-15,1.0,0.0,0.0,1.0
BTCUSDT,2015-10-16,1.0,0.0,0.0,1.0
BTCUSDT,2015-10-17,1.0,0.0,0.0,1.0
BTCUSDT,2015-10-18,1.0,0.0,0.0,1.0
BTCUSDT,2015-10-19,1.0,0.0,0.0,1.0
BTCUSDT,2015-10-20,1.0,0.0,0.0,1.0
BTCUSDT,2015-10-21,1.0,0.0,0.0,1.0
BTCUSDT,2015-10-22,1.0,0.0,0.0,1.0
BTCUSDT,2015-10-23,1.0,0.0,0.0,1.0
BTCUSDT,2015-10-24,1.0,0.0,0.0,1.0
BTCUSDT,2015-10-25,1.0,0.0,0.0,1.0
BTCUSDT,2015-10-26,1.0,0.0,0.0,1.0
BTCUSDT,2015-10-27,1.0,0.0,0.0,1.0
BTCUSDT,2015-10-28,1.0,0.0,0.0,1.0
BTCUSDT,2015-10-29,1.0,0.0,0.0,1.0
BTCUSDT,2015-10-30,1.0,0.0,0.0,1.0
BTCUSDT,2015-10-31,1.0,0.0,0.0,1.0
BTCUSDT,2015-11-01,1.0,0.0,0.0,1.0
BTCUSDT,2015-11-02,1.0,0.0,0.0,1.0
BTCUSDT,2015-11-03,1.0,0.0,0.0,1.0
BTCUSDT,2015-11-04,1.0,0.0,0.0,1.0
BTCUSDT,2015-11-05,1.0,0.0,0.0,1.0
BTCUSDT,2015-11-06,1.0,0.0,0.0,1.0
BTCUSDT,2015-11-07,1.0,0.0,0.0,1.0
BTCUSDT,2015-11-08,1.0,0.0,0.0,1.0
BTCUSDT,2015-11-09,1.0,0.0,0.0,1.0
BTCUSDT,2015-11-10,0.0,0.0,1.0,0.0
BTCUSDT,2015-11-11,0.0,0.0,1.0,0.0
BTCUSDT,2015-11-12,0.0,0.0,1.0,0.0
BTCUSDT,2015-11-13,0.0,0.0,1.0,0.0
BTCUSDT,2015-11-14,0.0,0.0,1.0,0.0
BTCUSDT,2015-11-15,0.0,0.0,1.0,0.0
BTCUSDT,2015-11-16,0.0,0.0,1.0,0.0
BTCUSDT,2015-11-17,0.0,0.0,1.0,0.0
BTCUSDT,2015-11-18,1.0,0.0,0.0,1.0
BTCUSDT,2015-11-19,0.0,0.0,1.0,0.0
BTCUSDT,2015-11-20,0.0,0.0,1.0,0.0
BTCUSDT,2015-11-21,0.0,0.0,1.0,0.0
BTCUSDT,2015-11-22,0.9994,0.0,0.0006,0.9994
BTCUSDT,2015-11-23,0.0,0.0,1.0,0.0
BTCUSDT,2015-11-24,0.0,0.0,1.0,0.0
BTCUSDT,2015-11-25,0.0,0.0007,0.9993,0.0
BTCUSDT,2015-11-26,1.0,0.0,0.0,1.0
BTCUSDT,2015-11-27,1.0,0.0,0.0,1.0
BTCUSDT,2015-11-28,1.0,0.0,0.0,1.0
BTCUSDT,2015-11-29,1.0,0.0,0.0,1.0
BTCUSDT,2015-11-30,1.0,0.0,0.0,1.0
BTCUSDT,2015-12-01,1.0,0.0,0.0,1.0
BTCUSDT,2015-12-02,1.0,0.0,0.0,1.0
BTCUSDT,2015-12-03,1.0,0.0,0.0,1.0
BTCUSDT,2015-12-04,1.0,0.0,0.0,1.0
BTCUSDT,2015-12-05,1.0,0.0,0.0,1.0
BTCUSDT,2015-12-06,1.0,0.0,0.0,1.0
BTCUSDT,2015-12-07,1.0,0.0,0.0,1.0
BTCUSDT,2015-12-08,1.0,0.0,0.0,1.0
BTCUSDT,2015-12-09,1.0,0.0,0.0,1.0
BTCUSDT,2015-12-10,1.0,0.0,0.0,1.0
BTCUSDT,2015-12-11,1.0,0.0,0.0,1.0
BTCUSDT,2015-12-12,1.0,0.0,0.0,1.0
BTCUSDT,2015-12-13,1.0,0.0,0.0,1.0
BTCUSDT,2015-12-14,1.0,0.0,0.0,1.0
BTCUSDT,2015-12-15,1.0,0.0,0.0,1.0
BTCUSDT,2015-12-16,1.0,0.0,0.0,1.0
BTCUSDT,2015-12-17,1.0,0.0,0.0,1.0
BTCUSDT,2015-12-18,1.0,0.0,0.0,1.0
BTCUSDT,2015-12-19,1.0,0.0,0.0,1.0
BTCUSDT,2015-12-20,1.0,0.0,0.0,1.0
BTCUSDT,2015-12-21,0.0,0.3491,0.6509,0.0
BTCUSDT,2015-12-22,0.0,0.316,0.684,0.0
BTCUSDT,2015-12-23,0.0,0.2967,0.7033,0.0
BTCUSDT,2015-12-24,0.0,0.2334,0.7666,0.0
BTCUSDT,2015-12-25,0.0,0.1592,0.8408,0.0
BTCUSDT,2015-12-26,0.0,0.0133,0.9867,0.0
BTCUSDT,2015-12-27,0.0,0.0265,0.9735,0.0
BTCUSDT,2015-12-28,0.0,0.0531,0.9469,0.0
BTCUSDT,2015-12-29,0.0,0.0961,0.9039,0.0
BTCUSDT,2015-12-30,0.0,0.1572,0.8428,0.0
BTCUSDT,2015-12-31,0.0,0.2206,0.7794,0.0
BTCUSDT,2016-01-01,0.0,0.3394,0.6606,0.0
BTCUSDT,2016-01-02,1.0,0.0,0.0,1.0
BTCUSDT,2016-01-03,1.0,0.0,0.0,1.0
BTCUSDT,2016-01-04,1.0,0.0,0.0,1.0
BTCUSDT,2016-01-05,0.0,0.9562,0.0438,0.0
BTCUSDT,2016-01-06,0.9939,0.006,0.0,0.9939
BTCUSDT,2016-01-07,1.0,0.0,0.0,1.0
BTCUSDT,2016-01-08,1.0,0.0,0.0,1.0
BTCUSDT,2016-01-09,1.0,0.0,0.0,1.0
BTCUSDT,2016-01-10,1.0,0.0,0.0,1.0
BTCUSDT,2016-01-11,1.0,0.0,0.0,1.0
BTCUSDT,2016-01-12,1.0,0.0,0.0,1.0
BTCUSDT,2016-01-13,0.9994,0.0005,0.0001,0.9994
BTCUSDT,2016-01-14,0.0,0.1738,0.8262,0.0
BTCUSDT,2016-01-15,0.0,0.0,1.0,0.0
BTCUSDT,2016-01-16,0.0,0.0,1.0,0.0
BTCUSDT,2016-01-17,0.0,0.0,1.0,0.0
BTCUSDT,2016-01-18,0.0,0.0,1.0,0.0
BTCUSDT,2016-01-19,0.0,0.0,1.0,0.0
BTCUSDT,2016-01-20,0.0,0.0,1.0,0.0
BTCUSDT,2016-01-21,0.0,0.0,1.0,0.0
BTCUSDT,2016-01-22,1.0,0.0,0.0,1.0
BTCUSDT,2016-01-23,0.0016,0.0001,0.9983,0.0016
BTCUSDT,2016-01-24,1.0,0.0,0.0,1.0
BTCUSDT,2016-01-25,1.0,0.0,0.0,1.0
BTCUSDT,2016-01-26,1.0,0.0,0.0,1.0
BTCUSDT,2016-01-27,0.0,0.0,1.0,0.0
BTCUSDT,2016-01-28,0.0,0.0,1.0,0.0
BTCUSDT,2016-01-29,0.0,0.0,1.0,0.0
BTCUSDT,2016-01-30,0.0,0.0,1.0,0.0
BTCUSDT,2016-01-31,0.0,0.0,1.0,0.0
BTCUSDT,2016-02-01,0.0,0.0,1.0,0.0
BTCUSDT,2016-02-02,0.0,0.0,1.0,0.0
BTCUSDT,2016-02-03,0.0,0.0,1.0,0.0
BTCUSDT,2016-02-04,1.0,0.0,0.0,1.0
BTCUSDT,2016-02-05,1.0,0.0,0.0,1.0
BTCUSDT,2016-02-06,0.0,0.4274,0.5726,0.0
BTCUSDT,2016-02-07,1.0,0.0,0.0,1.0
BTCUSDT,2016-02-08,0.9999,0.0001,0.0001,0.9999
BTCUSDT,2016-02-09,0.9999,0.0001,0.0,0.9999
BTCUSDT,2016-02-10,1.0,0.0,0.0,1.0
BTCUSDT,2016-02-11,0.0,0.9966,0.0034,0.0
BTCUSDT,2016-02-12,0.0,0.9964,0.0036,0.0
BTCUSDT,2016-02-13,1.0,0.0,0.0,1.0
BTCUSDT,2016-02-14,1.0,0.0,0.0,1.0
BTCUSDT,2016-02-15,1.0,0.0,0.0,1.0
BTCUSDT,2016-02-16,1.0,0.0,0.0,1.0
BTCUSDT,2016-02-17,1.0,0.0,0.0,1.0
BTCUSDT,2016-02-18,1.0,0.0,0.0,1.0
BTCUSDT,2016-02-19,1.0,0.0,0.0,1.0
BTCUSDT,2016-02-20,1.0,0.0,0.0,1.0
BTCUSDT,2016-02-21,1.0,0.0,0.0,1.0
BTCUSDT,2016-02-22,1.0,0.0,0.0,1.0
BTCUSDT,2016-02-23,1.0,0.0,0.0,1.0
BTCUSDT,2016-02-24,1.0,0.0,0.0,1.0
BTCUSDT,2016-02-25,0.9998,0.0002,0.0,0.9998
BTCUSDT,2016-02-26,1.0,0.0,0.0,1.0
BTCUSDT,2016-02-27,0.0,0.9993,0.0007,0.0
BTCUSDT,2016-02-28,0.0,0.9998,0.0002,0.0
BTCUSDT,2016-02-29,0.0,0.9984,0.0016,0.0
BTCUSDT,2016-03-01,1.0,0.0,0.0,1.0
BTCUSDT,2016-03-02,0.0,0.999,0.001,0.0
BTCUSDT,2016-03-03,0.0,0.9999,0.0001,0.0
BTCUSDT,2016-03-04,0.0,0.9999,0.0001,0.0
BTCUSDT,2016-03-05,0.0,0.9993,0.0007,0.0
BTCUSDT,2016-03-06,0.0,0.9997,0.0003,0.0
BTCUSDT,2016-03-07,0.0,0.9999,0.0001,0.0
BTCUSDT,2016-03-08,0.0,0.9999,0.0001,0.0
BTCUSDT,2016-03-09,0.0,0.9999,0.0001,0.0
BTCUSDT,2016-03-10,0.0,0.9989,0.0011,0.0
BTCUSDT,2016-03-11,1.0,0.0,0.0,1.0
BTCUSDT,2016-03-12,1.0,0.0,0.0,1.0
BTCUSDT,2016-03-13,1.0,0.0,0.0,1.0
BTCUSDT,2016-03-14,0.9999,0.0001,0.0,0.9999
BTCUSDT,2016-03-15,1.0,0.0,0.0,1.0
BTCUSDT,2016-03-16,0.9999,0.0001,0.0,0.9999
BTCUSDT,2016-03-17,0.9999,0.0001,0.0,0.9999
BTCUSDT,2016-03-18,0.0,0.9993,0.0007,0.0
BTCUSDT,2016-03-19,0.0,0.9999,0.0001,0.0
BTCUSDT,2016-03-20,0.0,0.9999,0.0001,0.0
BTCUSDT,2016-03-21,0.0,0.9988,0.0012,0.0
BTCUSDT,2016-03-22,0.9831,0.0168,0.0,0.9831
BTCUSDT,2016-03-23,0.9823,0.0177,0.0,0.9823
BTCUSDT,2016-03-24,0.0,0.9829,0.0171,0.0
BTCUSDT,2016-03-25,1.0,0.0,0.0,1.0
BTCUSDT,2016-03-26,1.0,0.0,0.0,1.0
BTCUSDT,2016-03-27,1.0,0.0,0.0,1.0
BTCUSDT,2016-03-28,1.0,0.0,0.0,1.0
BTCUSDT,2016-03-29,0.0,0.9979,0.0021,0.0
BTCUSDT,2016-03-30,0.0,0.9974,0.0026,0.0
BTCUSDT,2016-03-31,0.9835,0.0165,0.0,0.9835
BTCUSDT,2016-04-01,0.9995,0.0005,0.0,0.9995
BTCUSDT,2016-04-02,0.9999,0.0001,0.0,0.9999
BTCUSDT,2016-04-03,0.0,0.9976,0.0024,0.0
BTCUSDT,2016-04-04,0.0,0.9968,0.0032,0.0
BTCUSDT,2016-04-05,1.0,0.0,0.0,1.0
BTCUSDT,2016-04-06,1.0,0.0,0.0,1.0
BTCUSDT,2016-04-07,1.0,0.0,0.0,1.0
BTCUSDT,2016-04-08,0.9998,0.0002,0.0,0.9998
BTCUSDT,2016-04-09,0.0,0.9613,0.0387,0.0
BTCUSDT,2016-04-10,0.9949,0.005,0.0,0.9949
BTCUSDT,2016-04-11,0.9999,0.0001,0.0,0.9999
BTCUSDT,2016-04-12,0.9999,0.0001,0.0,0.9999
BTCUSDT,2016-04-13,0.9998,0.0002,0.0,0.9998
BTCUSDT,2016-04-14,1.0,0.0,0.0,1.0
BTCUSDT,2016-04-15,1.0,0.0,0.0,1.0
BTCUSDT,2016-04-16,1.0,0.0,0.0,1.0
BTCUSDT,2016-04-17,1.0,0.0,0.0,1.0
BTCUSDT,2016-04-18,1.0,0.0,0.0,1.0
BTCUSDT,2016-04-19,1.0,0.0,0.0,1.0
BTCUSDT,2016-04-20,1.0,0.0,0.0,1.0
BTCUSDT,2016-04-21,1.0,0.0,0.0,1.0
BTCUSDT,2016-04-22,1.0,0.0,0.0,1.0
BTCUSDT,2016-04-23,1.0,0.0,0.0,1.0
BTCUSDT,2016-04-24,1.0,0.0,0.0,1.0
BTCUSDT,2016-04-25,1.0,0.0,0.0,1.0
BTCUSDT,2016-04-26,1.0,0.0,0.0,1.0
BTCUSDT,2016-04-27,0.9997,0.0003,0.0,0.9997
BTCUSDT,2016-04-28,0.0,0.9779,0.0221,0.0
BTCUSDT,2016-04-29,1.0,0.0,0.0,1.0
BTCUSDT,2016-04-30,0.0,0.9992,0.0008,0.0
BTCUSDT,2016-05-01,0.0,0.9999,0.0001,0.0
BTCUSDT,2016-05-02,0.0,0.9999,0.0001,0.0
BTCUSDT,2016-05-03,0.0,0.999,0.001,0.0
BTCUSDT,2016-05-04,0.8333,0.1667,0.0,0.8333
BTCUSDT,2016-05-05,0.0,0.9829,0.0171,0.0
BTCUSDT,2016-05-06,1.0,0.0,0.0,1.0
BTCUSDT,2016-05-07,1.0,0.0,0.0,1.0
BTCUSDT,2016-05-08,1.0,0.0,0.0,1.0
BTCUSDT,2016-05-09,1.0,0.0,0.0,1.0
BTCUSDT,2016-05-10,0.9993,0.0007,0.0,0.9993
BTCUSDT,2016-05-11,1.0,0.0,0.0,1.0
BTCUSDT,2016-05-12,1.0,0.0,0.0,1.0
BTCUSDT,2016-05-13,0.0,0.9993,0.0007,0.0
BTCUSDT,2016-05-14,0.0,0.9999,0.0001,0.0
BTCUSDT,2016-05-15,0.0,0.9999,0.0001,0.0
BTCUSDT,2016-05-16,0.0,0.9989,0.0011,0.0
BTCUSDT,2016-05-17,0.9987,0.0013,0.0,0.9987
BTCUSDT,2016-05-18,0.9974,0.0026,0.0,0.9974
BTCUSDT,2016-05-19,0.0,0.9991,0.0009,0.0
BTCUSDT,2016-05-20,0.0,0.9999,0.0001,0.0
BTCUSDT,2016-05-21,0.0,0.9999,0.0001,0.0
BTCUSDT,2016-05-22,0.0,0.9999,0.0001,0.0
BTCUSDT,2016-05-23,0.0,0.9999,0.0001,0.0
BTCUSDT,2016-05-24,0.0,0.9999,0.0001,0.0
BTCUSDT,2016-05-25,0.0,0.9987,0.0013,0.0
BTCUSDT,2016-05-26,1.0,0.0,0.0,1.0
BTCUSDT,2016-05-27,1.0,0.0,0.0,1.0
BTCUSDT,2016-05-28,1.0,0.0,0.0,1.0
BTCUSDT,2016-05-29,1.0,0.0,0.0,1.0
BTCUSDT,2016-05-30,1.0,0.0,0.0,1.0
BTCUSDT,2016-05-31,1.0,0.0,0.0,1.0
BTCUSDT,2016-06-01,1.0,0.0,0.0,1.0
BTCUSDT,2016-06-02,1.0,0.0,0.0,1.0
BTCUSDT,2016-06-03,1.0,0.0,0.0,1.0
BTCUSDT,2016-06-04,1.0,0.0,0.0,1.0
BTCUSDT,2016-06-05,1.0,0.0,0.0,1.0
BTCUSDT,2016-06-06,1.0,0.0,0.0,1.0
BTCUSDT,2016-06-07,1.0,0.0,0.0,1.0
BTCUSDT,2016-06-08,1.0,0.0,0.0,1.0
BTCUSDT,2016-06-09,1.0,0.0,0.0,1.0
BTCUSDT,2016-06-10,1.0,0.0,0.0,1.0
BTCUSDT,2016-06-11,1.0,0.0,0.0,1.0
BTCUSDT,2016-06-12,1.0,0.0,0.0,1.0
BTCUSDT,2016-06-13,1.0,0.0,0.0,1.0
BTCUSDT,2016-06-14,1.0,0.0,0.0,1.0
BTCUSDT,2016-06-15,1.0,0.0,0.0,1.0
BTCUSDT,2016-06-16,1.0,0.0,0.0,1.0
BTCUSDT,2016-06-17,1.0,0.0,0.0,1.0
BTCUSDT,2016-06-18,1.0,0.0,0.0,1.0
BTCUSDT,2016-06-19,1.0,0.0,0.0,1.0
BTCUSDT,2016-06-20,1.0,0.0,0.0,1.0
BTCUSDT,2016-06-21,0.0,0.0003,0.9997,0.0
BTCUSDT,2016-06-22,0.0,0.0,1.0,0.0
BTCUSDT,2016-06-23,0.0,0.0,1.0,0.0
BTCUSDT,2016-06-24,0.0,0.0,1.0,0.0
BTCUSDT,2016-06-25,0.0,0.0,1.0,0.0
BTCUSDT,2016-06-26,0.0,0.0,1.0,0.0
BTCUSDT,2016-06-27,0.0,0.0,1.0,0.0
BTCUSDT,2016-06-28,0.0,0.0,1.0,0.0
BTCUSDT,2016-06-29,1.0,0.0,0.0,1.0
BTCUSDT,2016-06-30,1.0,0.0,0.0,1.0
BTCUSDT,2016-07-01,1.0,0.0,0.0,1.0
BTCUSDT,2016-07-02,1.0,0.0,0.0,1.0
BTCUSDT,2016-07-03,1.0,0.0,0.0,1.0
BTCUSDT,2016-07-04,1.0,0.0,0.0,1.0
BTCUSDT,2016-07-05,1.0,0.0,0.0,1.0
BTCUSDT,2016-07-06,1.0,0.0,0.0,1.0
BTCUSDT,2016-07-07,0.0,0.0,1.0,0.0
BTCUSDT,2016-07-08,0.0,0.0,1.0,0.0
BTCUSDT,2016-07-09,0.0,0.0,1.0,0.0
BTCUSDT,2016-07-10,0.0,0.0,1.0,0.0
BTCUSDT,2016-07-11,0.0,0.0,1.0,0.0
BTCUSDT,2016-07-12,0.0,0.0001,0.9999,0.0
BTCUSDT,2016-07-13,0.0,0.014,0.986,0.0
BTCUSDT,2016-07-14,1.0,0.0,0.0,1.0
BTCUSDT,2016-07-15,0.0,0.7075,0.2925,0.0
BTCUSDT,2016-07-16,1.0,0.0,0.0,1.0
BTCUSDT,2016-07-17,1.0,0.0,0.0,1.0
BTCUSDT,2016-07-18,1.0,0.0,0.0,1.0
BTCUSDT,2016-07-19,1.0,0.0,0.0,1.0
BTCUSDT,2016-07-20,1.0,0.0,0.0,1.0
BTCUSDT,2016-07-21,0.9999,0.0001,0.0,0.9999
BTCUSDT,2016-07-22,0.0,0.9974,0.0026,0.0
BTCUSDT,2016-07-23,0.0,0.9996,0.0004,0.0
BTCUSDT,2016-07-24,0.0,0.9999,0.0001,0.0
BTCUSDT,2016-07-25,0.0,0.9999,0.0001,0.0
BTCUSDT,2016-07-26,0.0,0.9999,0.0001,0.0
BTCUSDT,2016-07-27,0.0,0.9999,0.0001,0.0
BTCUSDT,2016-07-28,0.0,0.999,0.001,0.0
BTCUSDT,2016-07-29,0.9995,0.0005,0.0,0.9995
BTCUSDT,2016-07-30,0.0,0.9727,0.0273,0.0
BTCUSDT,2016-07-31,0.0,0.9436,0.0564,0.0
BTCUSDT,2016-08-01,0.0,0.6548,0.3452,0.0
BTCUSDT,2016-08-02,0.0,0.0,1.0,0.0
BTCUSDT,2016-08-03,0.0,0.0,1.0,0.0
BTCUSDT,2016-08-04,0.0,0.0,1.0,0.0
BTCUSDT,2016-08-05,0.0,0.0,1.0,0.0
BTCUSDT,2016-08-06,0.0,0.0137,0.9863,0.0
BTCUSDT,2016-08-07,0.0,0.5705,0.4295,0.0
BTCUSDT,2016-08-08,0.0,0.6838,0.3162,0.0
BTCUSDT,2016-08-09,1.0,0.0,0.0,1.0
BTCUSDT,2016-08-10,1.0,0.0,0.0,1.0
BTCUSDT,2016-08-11,1.0,0.0,0.0,1.0
BTCUSDT,2016-08-12,1.0,0.0,0.0,1.0
BTCUSDT,2016-08-13,0.0,0.9965,0.0035,0.0
BTCUSDT,2016-08-14,0.0,0.9994,0.0006,0.0
BTCUSDT,2016-08-15,0.0,0.9997,0.0003,0.0
BTCUSDT,2016-08-16,0.0,0.9998,0.0002,0.0
BTCUSDT,2016-08-17,0.0,0.9998,0.0002,0.0
BTCUSDT,2016-08-18,0.0,0.9997,0.0003,0.0
BTCUSDT,2016-08-19,0.0,0.9991,0.0009,0.0
BTCUSDT,2016-08-20,0.0,0.9939,0.0061,0.0
BTCUSDT,2016-08-21,1.0,0.0,0.0,1.0
BTCUSDT,2016-08-22,1.0,0.0,0.0,1.0
BTCUSDT,2016-08-23,1.0,0.0,0.0,1.0
BTCUSDT,2016-08-24,1.0,0.0,0.0,1.0
BTCUSDT,2016-08-25,1.0,0.0,0.0,1.0
BTCUSDT,2016-08-26,0.9998,0.0002,0.0,0.9998
BTCUSDT,2016-08-27,0.0,0.9989,0.0011,0.0
BTCUSDT,2016-08-28,0.0,0.9999,0.0001,0.0
BTCUSDT,2016-08-29,0.0,0.9999,0.0001,0.0
BTCUSDT,2016-08-30,0.0,0.9999,0.0001,0.0
BTCUSDT,2016-08-31,0.0,0.9999,0.0001,0.0
BTCUSDT,2016-09-01,0.0,0.9998,0.0002,0.0
BTCUSDT,2016-09-02,0.0,0.9981,0.0019,0.0
BTCUSDT,2016-09-03,1.0,0.0,0.0,1.0
BTCUSDT,2016-09-04,1.0,0.0,0.0,1.0
BTCUSDT,2016-09-05,1.0,0.0,0.0,1.0
BTCUSDT,2016-09-06,1.0,0.0,0.0,1.0
BTCUSDT,2016-09-07,1.0,0.0,0.0,1.0
BTCUSDT,2016-09-08,1.0,0.0,0.0,1.0
BTCUSDT,2016-09-09,1.0,0.0,0.0,1.0
BTCUSDT,2016-09-10,1.0,0.0,0.0,1.0
BTCUSDT,2016-09-11,0.0,0.9849,0.0151,0.0
BTCUSDT,2016-09-12,0.7108,0.2892,0.0,0.7108
BTCUSDT,2016-09-13,0.0,0.9993,0.0007,0.0
BTCUSDT,2016-09-14,0.0,0.9999,0.0001,0.0
BTCUSDT,2016-09-15,0.0,0.9999,0.0001,0.0
BTCUSDT,2016-09-16,0.0,0.9999,0.0001,0.0
BTCUSDT,2016-09-17,0.0,0.9987,0.0013,0.0
BTCUSDT,2016-09-18,0.9972,0.0028,0.0,0.9972
BTCUSDT,2016-09-19,0.9841,0.0159,0.0,0.9841
BTCUSDT,2016-09-20,0.0,0.999,0.001,0.0
BTCUSDT,2016-09-21,0.0,0.9999,0.0001,0.0
BTCUSDT,2016-09-22,0.0,1.0,0.0,0.0
BTCUSDT,2016-09-23,0.0,0.9999,0.0001,0.0
BTCUSDT,2016-09-24,0.0,0.9999,0.0001,0.0
BTCUSDT,2016-09-25,0.0,0.9999,0.0001,0.0
BTCUSDT,2016-09-26,0.0,0.9998,0.0002,0.0
BTCUSDT,2016-09-27,0.0,0.9979,0.0021,0.0
BTCUSDT,2016-09-28,1.0,0.0,0.0,1.0
BTCUSDT,2016-09-29,1.0,0.0,0.0,1.0
BTCUSDT,2016-09-30,1.0,0.0,0.0,1.0
BTCUSDT,2016-10-01,1.0,0.0,0.0,1.0
BTCUSDT,2016-10-02,1.0,0.0,0.0,1.0
BTCUSDT,2016-10-03,1.0,0.0,0.0,1.0
BTCUSDT,2016-10-04,1.0,0.0,0.0,1.0
BTCUSDT,2016-10-05,1.0,0.0,0.0,1.0
BTCUSDT,2016-10-06,1.0,0.0,0.0,1.0
BTCUSDT,2016-10-07,1.0,0.0,0.0,1.0
BTCUSDT,2016-10-08,1.0,0.0,0.0,1.0
BTCUSDT,2016-10-09,1.0,0.0,0.0,1.0
BTCUSDT,2016-10-10,1.0,0.0,0.0,1.0
BTCUSDT,2016-10-11,1.0,0.0,0.0,1.0
BTCUSDT,2016-10-12,1.0,0.0,0.0,1.0
BTCUSDT,2016-10-13,1.0,0.0,0.0,1.0
BTCUSDT,2016-10-14,1.0,0.0,0.0,1.0
BTCUSDT,2016-10-15,1.0,0.0,0.0,1.0
BTCUSDT,2016-10-16,1.0,0.0,0.0,1.0
BTCUSDT,2016-10-17,1.0,0.0,0.0,1.0
BTCUSDT,2016-10-18,0.0,0.9986,0.0014,0.0
BTCUSDT,2016-10-19,0.0,0.9998,0.0002,0.0
BTCUSDT,2016-10-20,0.0,0.9998,0.0002,0.0
BTCUSDT,2016-10-21,0.0,0.9981,0.0019,0.0
BTCUSDT,2016-10-22,1.0,0.0,0.0,1.0
BTCUSDT,2016-10-23,1.0,0.0,0.0,1.0
BTCUSDT,2016-10-24,1.0,0.0,0.0,1.0
BTCUSDT,2016-10-25,1.0,0.0,0.0,1.0
BTCUSDT,2016-10-26,1.0,0.0,0.0,1.0
BTCUSDT,2016-10-27,1.0,0.0,0.0,1.0
BTCUSDT,2016-10-28,1.0,0.0,0.0,1.0
BTCUSDT,2016-10-29,1.0,0.0,0.0,1.0
BTCUSDT,2016-10-30,1.0,0.0,0.0,1.0
BTCUSDT,2016-10-31,1.0,0.0,0.0,1.0
BTCUSDT,2016-11-01,1.0,0.0,0.0,1.0
BTCUSDT,2016-11-02,1.0,0.0,0.0,1.0
BTCUSDT,2016-11-03,0.9992,0.0007,0.0,0.9992
BTCUSDT,2016-11-04,1.0,0.0,0.0,1.0
BTCUSDT,2016-11-05,0.0,0.9726,0.0274,0.0
BTCUSDT,2016-11-06,1.0,0.0,0.0,1.0
BTCUSDT,2016-11-07,0.9798,0.0202,0.0,0.9798
BTCUSDT,2016-11-08,0.0,0.9974,0.0026,0.0
BTCUSDT,2016-11-09,0.0,0.9967,0.0033,0.0
BTCUSDT,2016-11-10,1.0,0.0,0.0,1.0
BTCUSDT,2016-11-11,1.0,0.0,0.0,1.0
BTCUSDT,2016-11-12,0.976,0.0239,0.0001,0.976
BTCUSDT,2016-11-13,0.0,0.9741,0.0259,0.0
BTCUSDT,2016-11-14,0.9772,0.0227,0.0001,0.9772
BTCUSDT,2016-11-15,0.9988,0.0012,0.0,0.9988
BTCUSDT,2016-11-16,1.0,0.0,0.0,1.0
BTCUSDT,2016-11-17,1.0,0.0,0.0,1.0
BTCUSDT,2016-11-18,1.0,0.0,0.0,1.0
BTCUSDT,2016-11-19,1.0,0.0,0.0,1.0
BTCUSDT,2016-11-20,1.0,0.0,0.0,1.0
BTCUSDT,2016-11-21,1.0,0.0,0.0,1.0
BTCUSDT,2016-11-22,1.0,0.0,0.0,1.0
BTCUSDT,2016-11-23,0.9701,0.0299,0.0,0.9701
BTCUSDT,2016-11-24,0.0,0.9991,0.0009,0.0
BTCUSDT,2016-11-25,0.0,0.9999,0.0001,0.0
BTCUSDT,2016-11-26,0.0,0.9994,0.0006,0.0
BTCUSDT,2016-11-27,0.5197,0.4802,0.0,0.5197
BTCUSDT,2016-11-28,0.0,0.9992,0.0008,0.0
BTCUSDT,2016-11-29,0.0,0.9987,0.0013,0.0
BTCUSDT,2016-11-30,0.9783,0.0216,0.0,0.9783
BTCUSDT,2016-12-01,1.0,0.0,0.0,1.0
BTCUSDT,2016-12-02,1.0,0.0,0.0,1.0
BTCUSDT,2016-12-03,1.0,0.0,0.0,1.0
BTCUSDT,2016-12-04,1.0,0.0,0.0,1.0
BTCUSDT,2016-12-05,1.0,0.0,0.0,1.0
BTCUSDT,2016-12-06,1.0,0.0,0.0,1.0
BTCUSDT,2016-12-07,1.0,0.0,0.0,1.0
BTCUSDT,2016-12-08,1.0,0.0,0.0,1.0
BTCUSDT,2016-12-09,0.0,0.9818,0.0182,0.0
BTCUSDT,2016-12-10,0.9009,0.099,0.0,0.9009
BTCUSDT,2016-12-11,0.0,0.978,0.022,0.0
BTCUSDT,2016-12-12,1.0,0.0,0.0,1.0
BTCUSDT,2016-12-13,1.0,0.0,0.0,1.0
BTCUSDT,2016-12-14,1.0,0.0,0.0,1.0
BTCUSDT,2016-12-15,1.0,0.0,0.0,1.0
BTCUSDT,2016-12-16,1.0,0.0,0.0,1.0
BTCUSDT,2016-12-17,1.0,0.0,0.0,1.0
BTCUSDT,2016-12-18,1.0,0.0,0.0,1.0
BTCUSDT,2016-12-19,1.0,0.0,0.0,1.0
BTCUSDT,2016-12-20,1.0,0.0,0.0,1.0
BTCUSDT,2016-12-21,1.0,0.0,0.0,1.0
BTCUSDT,2016-12-22,1.0,0.0,0.0,1.0
BTCUSDT,2016-12-23,1.0,0.0,0.0,1.0
BTCUSDT,2016-12-24,1.0,0.0,0.0,1.0
BTCUSDT,2016-12-25,1.0,0.0,0.0,1.0
BTCUSDT,2016-12-26,1.0,0.0,0.0,1.0
BTCUSDT,2016-12-27,1.0,0.0,0.0,1.0
BTCUSDT,2016-12-28,1.0,0.0,0.0,1.0
BTCUSDT,2016-12-29,1.0,0.0,0.0,1.0
BTCUSDT,2016-12-30,1.0,0.0,0.0,1.0
BTCUSDT,2016-12-31,1.0,0.0,0.0,1.0
BTCUSDT,2017-01-01,1.0,0.0,0.0,1.0
BTCUSDT,2017-01-02,1.0,0.0,0.0,1.0
BTCUSDT,2017-01-03,1.0,0.0,0.0,1.0
BTCUSDT,2017-01-04,1.0,0.0,0.0,1.0
BTCUSDT,2017-01-05,1.0,0.0,0.0,1.0
BTCUSDT,2017-01-06,0.0,0.0,1.0,0.0
BTCUSDT,2017-01-07,0.0,0.0,1.0,0.0
BTCUSDT,2017-01-08,0.0,0.0,1.0,0.0
BTCUSDT,2017-01-09,0.0,0.0,1.0,0.0
BTCUSDT,2017-01-10,0.0,0.0,1.0,0.0
BTCUSDT,2017-01-11,0.0,0.0,1.0,0.0
BTCUSDT,2017-01-12,0.0,0.0,1.0,0.0
BTCUSDT,2017-01-13,0.0,0.0,1.0,0.0
BTCUSDT,2017-01-14,0.0,0.0,1.0,0.0
BTCUSDT,2017-01-15,0.0,0.0,1.0,0.0
BTCUSDT,2017-01-16,0.0,0.0,1.0,0.0
BTCUSDT,2017-01-17,0.957,0.0,0.043,0.957
BTCUSDT,2017-01-18,1.0,0.0,0.0,1.0
BTCUSDT,2017-01-19,1.0,0.0,0.0,1.0
BTCUSDT,2017-01-20,1.0,0.0,0.0,1.0
BTCUSDT,2017-01-21,1.0,0.0,0.0,1.0
BTCUSDT,2017-01-22,1.0,0.0,0.0,1.0
BTCUSDT,2017-01-23,1.0,0.0,0.0,1.0
BTCUSDT,2017-01-24,0.0,0.0,1.0,0.0
BTCUSDT,2017-01-25,1.0,0.0,0.0,1.0
BTCUSDT,2017-01-26,1.0,0.0,0.0,1.0
BTCUSDT,2017-01-27,1.0,0.0,0.0,1.0
BTCUSDT,2017-01-28,0.0,0.0011,0.9989,0.0
BTCUSDT,2017-01-29,0.0,0.0001,0.9999,0.0
BTCUSDT,2017-01-30,0.0,0.0007,0.9993,0.0
BTCUSDT,2017-01-31,1.0,0.0,0.0,1.0
BTCUSDT,2017-02-01,1.0,0.0,0.0,1.0
BTCUSDT,2017-02-02,1.0,0.0,0.0,1.0
BTCUSDT,2017-02-03,1.0,0.0,0.0,1.0
BTCUSDT,2017-02-04,1.0,0.0,0.0,1.0
BTCUSDT,2017-02-05,1.0,0.0,0.0,1.0
BTCUSDT,2017-02-06,1.0,0.0,0.0,1.0
BTCUSDT,2017-02-07,1.0,0.0,0.0,1.0
BTCUSDT,2017-02-08,1.0,0.0,0.0,1.0
BTCUSDT,2017-02-09,0.0,0.9989,0.0011,0.0
BTCUSDT,2017-02-10,0.0,0.9998,0.0002,0.0
BTCUSDT,2017-02-11,0.0,0.9999,0.0001,0.0
BTCUSDT,2017-02-12,0.0,0.9999,0.0001,0.0
BTCUSDT,2017-02-13,0.0,0.9999,0.0001,0.0
BTCUSDT,2017-02-14,0.0,0.9995,0.0005,0.0
BTCUSDT,2017-02-15,0.0,0.9968,0.0032,0.0
BTCUSDT,2017-02-16,1.0,0.0,0.0,1.0
BTCUSDT,2017-02-17,1.0,0.0,0.0,1.0
BTCUSDT,2017-02-18,1.0,0.0,0.0,1.0
BTCUSDT,2017-02-19,1.0,0.0,0.0,1.0
BTCUSDT,2017-02-20,1.0,0.0,0.0,1.0
BTCUSDT,2017-02-21,1.0,0.0,0.0,1.0
BTCUSDT,2017-02-22,1.0,0.0,0.0,1.0
BTCUSDT,2017-02-23,1.0,0.0,0.0,1.0
BTCUSDT,2017-02-24,1.0,0.0,0.0,1.0
BTCUSDT,2017-02-25,1.0,0.0,0.0,1.0
BTCUSDT,2017-02-26,1.0,0.0,0.0,1.0
BTCUSDT,2017-02-27,1.0,0.0,0.0,1.0
BTCUSDT,2017-02-28,1.0,0.0,0.0,1.0
BTCUSDT,2017-03-01,1.0,0.0,0.0,1.0
BTCUSDT,2017-03-02,1.0,0.0,0.0,1.0
BTCUSDT,2017-03-03,1.0,0.0,0.0,1.0
BTCUSDT,2017-03-04,1.0,0.0,0.0,1.0
BTCUSDT,2017-03-05,1.0,0.0,0.0,1.0
BTCUSDT,2017-03-06,1.0,0.0,0.0,1.0
BTCUSDT,2017-03-07,1.0,0.0,0.0,1.0
BTCUSDT,2017-03-08,0.0,0.6974,0.3026,0.0
BTCUSDT,2017-03-09,0.0,0.6146,0.3854,0.0
BTCUSDT,2017-03-10,0.0,0.0305,0.9695,0.0
BTCUSDT,2017-03-11,0.0,0.1524,0.8476,0.0
BTCUSDT,2017-03-12,0.0,0.2969,0.7031,0.0
BTCUSDT,2017-03-13,0.0,0.3606,0.6394,0.0
BTCUSDT,2017-03-14,1.0,0.0,0.0,1.0
BTCUSDT,2017-03-15,1.0,0.0,0.0,1.0
BTCUSDT,2017-03-16,0.0,0.0956,0.9044,0.0
BTCUSDT,2017-03-17,0.0,0.0296,0.9704,0.0
BTCUSDT,2017-03-18,0.0,0.0,1.0,0.0
BTCUSDT,2017-03-19,0.0,0.0,1.0,0.0
BTCUSDT,2017-03-20,0.0,0.0,1.0,0.0
BTCUSDT,2017-03-21,0.0,0.0,1.0,0.0
BTCUSDT,2017-03-22,0.0,0.0,1.0,0.0
BTCUSDT,2017-03-23,0.0,0.0,1.0,0.0
BTCUSDT,2017-03-24,0.0,0.0,1.0,0.0
BTCUSDT,2017-03-25,0.0,0.0,1.0,0.0
BTCUSDT,2017-03-26,0.0,0.0,1.0,0.0
BTCUSDT,2017-03-27,0.0,0.0,1.0,0.0
BTCUSDT,2017-03-28,0.0,0.0,1.0,0.0
BTCUSDT,2017-03-29,0.0,0.0,1.0,0.0
BTCUSDT,2017-03-30,0.0,0.0,1.0,0.0
BTCUSDT,2017-03-31,1.0,0.0,0.0,1.0
BTCUSDT,2017-04-01,1.0,0.0,0.0,1.0
BTCUSDT,2017-04-02,1.0,0.0,0.0,1.0
BTCUSDT,2017-04-03,1.0,0.0,0.0,1.0
BTCUSDT,2017-04-04,1.0,0.0,0.0,1.0
BTCUSDT,2017-04-05,1.0,0.0,0.0,1.0
BTCUSDT,2017-04-06,1.0,0.0,0.0,1.0
BTCUSDT,2017-04-07,1.0,0.0,0.0,1.0
BTCUSDT,2017-04-08,1.0,0.0,0.0,1.0
BTCUSDT,2017-04-09,1.0,0.0,0.0,1.0
BTCUSDT,2017-04-10,1.0,0.0,0.0,1.0
BTCUSDT,2017-04-11,1.0,0.0,0.0,1.0
BTCUSDT,2017-04-12,1.0,0.0,0.0,1.0
BTCUSDT,2017-04-13,0.0,0.9626,0.0374,0.0
BTCUSDT,2017-04-14,0.0,0.9944,0.0056,0.0
BTCUSDT,2017-04-15,0.0,0.9978,0.0022,0.0
BTCUSDT,2017-04-16,0.0,0.9952,0.0048,0.0
BTCUSDT,2017-04-17,0.9955,0.0044,0.0,0.9955
BTCUSDT,2017-04-18,0.9998,0.0002,0.0,0.9998
BTCUSDT,2017-04-19,1.0,0.0,0.0,1.0
BTCUSDT,2017-04-20,1.0,0.0,0.0,1.0
BTCUSDT,2017-04-21,1.0,0.0,0.0,1.0
BTCUSDT,2017-04-22,1.0,0.0,0.0,1.0
BTCUSDT,2017-04-23,1.0,0.0,0.0,1.0
BTCUSDT,2017-04-24,1.0,0.0,0.0,1.0
BTCUSDT,2017-04-25,1.0,0.0,0.0,1.0
BTCUSDT,2017-04-26,1.0,0.0,0.0,1.0
BTCUSDT,2017-04-27,1.0,0.0,0.0,1.0
BTCUSDT,2017-04-28,1.0,0.0,0.0,1.0
BTCUSDT,2017-04-29,1.0,0.0,0.0,1.0
BTCUSDT,2017-04-30,1.0,0.0,0.0,1.0
BTCUSDT,2017-05-01,1.0,0.0,0.0,1.0
BTCUSDT,2017-05-02,1.0,0.0,0.0,1.0
BTCUSDT,2017-05-03,1.0,0.0,0.0,1.0
BTCUSDT,2017-05-04,1.0,0.0,0.0,1.0
BTCUSDT,2017-05-05,1.0,0.0,0.0,1.0
BTCUSDT,2017-05-06,1.0,0.0,0.0,1.0
BTCUSDT,2017-05-07,1.0,0.0,0.0,1.0
BTCUSDT,2017-05-08,1.0,0.0,0.0,1.0
BTCUSDT,2017-05-09,1.0,0.0,0.0,1.0
BTCUSDT,2017-05-10,1.0,0.0,0.0,1.0
BTCUSDT,2017-05-11,1.0,0.0,0.0,1.0
BTCUSDT,2017-05-12,1.0,0.0,0.0,1.0
BTCUSDT,2017-05-13,1.0,0.0,0.0,1.0
BTCUSDT,2017-05-14,1.0,0.0,0.0,1.0
BTCUSDT,2017-05-15,0.9993,0.0007,0.0,0.9993
BTCUSDT,2017-05-16,0.0,0.8781,0.1219,0.0
BTCUSDT,2017-05-17,1.0,0.0,0.0,1.0
BTCUSDT,2017-05-18,1.0,0.0,0.0,1.0
BTCUSDT,2017-05-19,1.0,0.0,0.0,1.0
BTCUSDT,2017-05-20,1.0,0.0,0.0,1.0
BTCUSDT,2017-05-21,1.0,0.0,0.0,1.0
BTCUSDT,2017-05-22,1.0,0.0,0.0,1.0
BTCUSDT,2017-05-23,1.0,0.0,0.0,1.0
BTCUSDT,2017-05-24,1.0,0.0,0.0,1.0
BTCUSDT,2017-05-25,1.0,0.0,0.0,1.0
BTCUSDT,2017-05-26,1.0,0.0,0.0,1.0
BTCUSDT,2017-05-27,0.0,0.0021,0.9979,0.0
BTCUSDT,2017-05-28,1.0,0.0,0.0,1.0
BTCUSDT,2017-05-29,1.0,0.0,0.0,1.0
BTCUSDT,2017-05-30,0.0,0.0,1.0,0.0
BTCUSDT,2017-05-31,0.0,0.0,1.0,0.0
BTCUSDT,2017-06-01,1.0,0.0,0.0,1.0
BTCUSDT,2017-06-02,1.0,0.0,0.0,1.0
BTCUSDT,2017-06-03,1.0,0.0,0.0,1.0
BTCUSDT,2017-06-04,1.0,0.0,0.0,1.0
BTCUSDT,2017-06-05,1.0,0.0,0.0,1.0
BTCUSDT,2017-06-06,1.0,0.0,0.0,1.0
BTCUSDT,2017-06-07,1.0,0.0,0.0,1.0
BTCUSDT,2017-06-08,1.0,0.0,0.0,1.0
BTCUSDT,2017-06-09,1.0,0.0,0.0,1.0
BTCUSDT,2017-06-10,1.0,0.0,0.0,1.0
BTCUSDT,2017-06-11,1.0,0.0,0.0,1.0
BTCUSDT,2017-06-12,0.0,0.0,1.0,0.0
BTCUSDT,2017-06-13,0.0,0.0,1.0,0.0
BTCUSDT,2017-06-14,0.0,0.0,1.0,0.0
BTCUSDT,2017-06-15,0.0,0.0,1.0,0.0
BTCUSDT,2017-06-16,0.0,0.0,1.0,0.0
BTCUSDT,2017-06-17,0.0,0.0,1.0,0.0
BTCUSDT,2017-06-18,0.0,0.0,1.0,0.0
BTCUSDT,2017-06-19,0.0,0.0001,0.9999,0.0
BTCUSDT,2017-06-20,0.988,0.0,0.012,0.988
BTCUSDT,2017-06-21,1.0,0.0,0.0,1.0
BTCUSDT,2017-06-22,1.0,0.0,0.0,1.0
BTCUSDT,2017-06-23,1.0,0.0,0.0,1.0
BTCUSDT,2017-06-24,0.0,0.0063,0.9937,0.0
BTCUSDT,2017-06-25,1.0,0.0,0.0,1.0
BTCUSDT,2017-06-26,0.0,0.0006,0.9994,0.0
BTCUSDT,2017-06-27,0.0,0.0,1.0,0.0
BTCUSDT,2017-06-28,0.0,0.0001,0.9999,0.0
BTCUSDT,2017-06-29,0.0,0.0,1.0,0.0
BTCUSDT,2017-06-30,0.0,0.0,1.0,0.0
BTCUSDT,2017-07-01,0.0,0.0002,0.9998,0.0
BTCUSDT,2017-07-02,0.0,0.0042,0.9958,0.0
BTCUSDT,2017-07-03,1.0,0.0,0.0,1.0
BTCUSDT,2017-07-04,1.0,0.0,0.0,1.0
BTCUSDT,2017-07-05,1.0,0.0,0.0,1.0
BTCUSDT,2017-07-06,1.0,0.0,0.0,1.0
BTCUSDT,2017-07-07,1.0,0.0,0.0,1.0
BTCUSDT,2017-07-08,1.0,0.0,0.0,1.0
BTCUSDT,2017-07-09,0.9981,0.0012,0.0007,0.9981
BTCUSDT,2017-07-10,0.0,0.0476,0.9524,0.0
BTCUSDT,2017-07-11,0.0,0.0036,0.9964,0.0
BTCUSDT,2017-07-12,0.0,0.0025,0.9975,0.0
BTCUSDT,2017-07-13,0.0,0.0003,0.9997,0.0
BTCUSDT,2017-07-14,0.0,0.0,1.0,0.0
BTCUSDT,2017-07-15,0.0,0.0,1.0,0.0
BTCUSDT,2017-07-16,0.0,0.0,1.0,0.0
BTCUSDT,2017-07-17,0.0,0.0,1.0,0.0
BTCUSDT,2017-07-18,0.0,0.0,1.0,0.0
BTCUSDT,2017-07-19,0.0,0.0,1.0,0.0
BTCUSDT,2017-07-20,1.0,0.0,0.0,1.0
BTCUSDT,2017-07-21,1.0,0.0,0.0,1.0
BTCUSDT,2017-07-22,1.0,0.0,0.0,1.0
BTCUSDT,2017-07-23,1.0,0.0,0.0,1.0
BTCUSDT,2017-07-24,1.0,0.0,0.0,1.0
BTCUSDT,2017-07-25,1.0,0.0,0.0,1.0
BTCUSDT,2017-07-26,1.0,0.0,0.0,1.0
BTCUSDT,2017-07-27,0.0,0.0,1.0,0.0
BTCUSDT,2017-07-28,1.0,0.0,0.0,1.0
BTCUSDT,2017-07-29,0.0,0.0,1.0,0.0
BTCUSDT,2017-07-30,0.9929,0.0,0.0071,0.9929
BTCUSDT,2017-07-31,1.0,0.0,0.0,1.0
BTCUSDT,2017-08-01,1.0,0.0,0.0,1.0
BTCUSDT,2017-08-02,1.0,0.0,0.0,1.0
BTCUSDT,2017-08-03,1.0,0.0,0.0,1.0
BTCUSDT,2017-08-04,1.0,0.0,0.0,1.0
BTCUSDT,2017-08-05,1.0,0.0,0.0,1.0
BTCUSDT,2017-08-06,1.0,0.0,0.0,1.0
BTCUSDT,2017-08-07,1.0,0.0,0.0,1.0
BTCUSDT,2017-08-08,1.0,0.0,0.0,1.0
BTCUSDT,2017-08-09,1.0,0.0,0.0,1.0
BTCUSDT,2017-08-10,1.0,0.0,0.0,1.0
BTCUSDT,2017-08-11,1.0,0.0,0.0,1.0
BTCUSDT,2017-08-12,1.0,0.0,0.0,1.0
BTCUSDT,2017-08-13,1.0,0.0,0.0,1.0
BTCUSDT,2017-08-14,1.0,0.0,0.0,1.0
BTCUSDT,2017-08-15,1.0,0.0,0.0,1.0
BTCUSDT,2017-08-16,1.0,0.0,0.0,1.0
BTCUSDT,2017-08-17,1.0,0.0,0.0,1.0
BTCUSDT,2017-08-18,1.0,0.0,0.0,1.0
BTCUSDT,2017-08-19,1.0,0.0,0.0,1.0
BTCUSDT,2017-08-20,0.9932,0.0,0.0068,0.9932
BTCUSDT,2017-08-21,0.0,0.0001,0.9999,0.0
BTCUSDT,2017-08-22,0.0,0.0001,0.9999,0.0
BTCUSDT,2017-08-23,0.0,0.0009,0.9991,0.0
BTCUSDT,2017-08-24,0.9904,0.0,0.0096,0.9904
BTCUSDT,2017-08-25,1.0,0.0,0.0,1.0
BTCUSDT,2017-08-26,1.0,0.0,0.0,1.0
BTCUSDT,2017-08-27,1.0,0.0,0.0,1.0
BTCUSDT,2017-08-28,1.0,0.0,0.0,1.0
BTCUSDT,2017-08-29,1.0,0.0,0.0,1.0
BTCUSDT,2017-08-30,1.0,0.0,0.0,1.0
BTCUSDT,2017-08-31,1.0,0.0,0.0,1.0
BTCUSDT,2017-09-01,1.0,0.0,0.0,1.0
BTCUSDT,2017-09-02,1.0,0.0,0.0,1.0
BTCUSDT,2017-09-03,1.0,0.0,0.0,1.0
BTCUSDT,2017-09-04,0.0,0.6875,0.3125,0.0
BTCUSDT,2017-09-05,0.0,0.677,0.323,0.0
BTCUSDT,2017-09-06,0.9836,0.0059,0.0105,0.9836
BTCUSDT,2017-09-07,0.0,0.0669,0.9331,0.0
BTCUSDT,2017-09-08,0.0,0.0,1.0,0.0
BTCUSDT,2017-09-09,0.0,0.0,1.0,0.0
BTCUSDT,2017-09-10,0.0,0.0,1.0,0.0
BTCUSDT,2017-09-11,0.0,0.0004,0.9996,0.0
BTCUSDT,2017-09-12,0.0,0.0003,0.9997,0.0
BTCUSDT,2017-09-13,0.0,0.0,1.0,0.0
BTCUSDT,2017-09-14,0.0,0.0,1.0,0.0
BTCUSDT,2017-09-15,0.0,0.0,1.0,0.0
BTCUSDT,2017-09-16,0.0,0.0,1.0,0.0
BTCUSDT,2017-09-17,0.0,0.0,1.0,0.0
BTCUSDT,2017-09-18,0.0,0.0,1.0,0.0
BTCUSDT,2017-09-19,0.0,0.0,1.0,0.0
BTCUSDT,2017-09-20,0.9581,0.0,0.0419,0.9581
BTCUSDT,2017-09-21,1.0,0.0,0.0,1.0
BTCUSDT,2017-09-22,0.0,0.0,1.0,0.0
BTCUSDT,2017-09-23,1.0,0.0,0.0,1.0
BTCUSDT,2017-09-24,1.0,0.0,0.0,1.0
BTCUSDT,2017-09-25,0.0,0.0,1.0,0.0
BTCUSDT,2017-09-26,0.0,0.0,1.0,0.0
BTCUSDT,2017-09-27,1.0,0.0,0.0,1.0
BTCUSDT,2017-09-28,1.0,0.0,0.0,1.0
BTCUSDT,2017-09-29,1.0,0.0,0.0,1.0
BTCUSDT,2017-09-30,1.0,0.0,0.0,1.0
BTCUSDT,2017-10-01,1.0,0.0,0.0,1.0
BTCUSDT,2017-10-02,1.0,0.0,0.0,1.0
BTCUSDT,2017-10-03,1.0,0.0,0.0,1.0
BTCUSDT,2017-10-04,0.9997,0.0,0.0003,0.9997
BTCUSDT,2017-10-05,1.0,0.0,0.0,1.0
BTCUSDT,2017-10-06,1.0,0.0,0.0,1.0
BTCUSDT,2017-10-07,1.0,0.0,0.0,1.0
BTCUSDT,2017-10-08,1.0,0.0,0.0,1.0
BTCUSDT,2017-10-09,1.0,0.0,0.0,1.0
BTCUSDT,2017-10-10,1.0,0.0,0.0,1.0
BTCUSDT,2017-10-11,1.0,0.0,0.0,1.0
BTCUSDT,2017-10-12,1.0,0.0,0.0,1.0
BTCUSDT,2017-10-13,1.0,0.0,0.0,1.0
BTCUSDT,2017-10-14,1.0,0.0,0.0,1.0
BTCUSDT,2017-10-15,1.0,0.0,0.0,1.0
BTCUSDT,2017-10-16,1.0,0.0,0.0,1.0
BTCUSDT,2017-10-17,1.0,0.0,0.0,1.0
BTCUSDT,2017-10-18,1.0,0.0,0.0,1.0
BTCUSDT,2017-10-19,1.0,0.0,0.0,1.0
BTCUSDT,2017-10-20,1.0,0.0,0.0,1.0
BTCUSDT,2017-10-21,1.0,0.0,0.0,1.0
BTCUSDT,2017-10-22,1.0,0.0,0.0,1.0
BTCUSDT,2017-10-23,1.0,0.0,0.0,1.0
BTCUSDT,2017-10-24,0.0,0.2526,0.7474,0.0
BTCUSDT,2017-10-25,1.0,0.0,0.0,1.0
BTCUSDT,2017-10-26,1.0,0.0,0.0,1.0
BTCUSDT,2017-10-27,0.0,0.0431,0.9569,0.0
BTCUSDT,2017-10-28,0.0,0.0383,0.9617,0.0
BTCUSDT,2017-10-29,1.0,0.0,0.0,1.0
BTCUSDT,2017-10-30,1.0,0.0,0.0,1.0
BTCUSDT,2017-10-31,1.0,0.0,0.0,1.0
BTCUSDT,2017-11-01,1.0,0.0,0.0,1.0
BTCUSDT,2017-11-02,1.0,0.0,0.0,1.0
BTCUSDT,2017-11-03,1.0,0.0,0.0,1.0
BTCUSDT,2017-11-04,1.0,0.0,0.0,1.0
BTCUSDT,2017-11-05,1.0,0.0,0.0,1.0
BTCUSDT,2017-11-06,1.0,0.0,0.0,1.0
BTCUSDT,2017-11-07,1.0,0.0,0.0,1.0
BTCUSDT,2017-11-08,1.0,0.0,0.0,1.0
BTCUSDT,2017-11-09,0.9999,0.0,0.0001,0.9999
BTCUSDT,2017-11-10,0.0,0.0004,0.9996,0.0
BTCUSDT,2017-11-11,0.0,0.0,1.0,0.0
BTCUSDT,2017-11-12,0.0,0.0,1.0,0.0
BTCUSDT,2017-11-13,0.0,0.0,1.0,0.0
BTCUSDT,2017-11-14,0.0,0.0,1.0,0.0
BTCUSDT,2017-11-15,0.0,0.0,1.0,0.0
BTCUSDT,2017-11-16,1.0,0.0,0.0,1.0
BTCUSDT,2017-11-17,1.0,0.0,0.0,1.0
BTCUSDT,2017-11-18,1.0,0.0,0.0,1.0
BTCUSDT,2017-11-19,1.0,0.0,0.0,1.0
BTCUSDT,2017-11-20,1.0,0.0,0.0,1.0
BTCUSDT,2017-11-21,1.0,0.0,0.0,1.0
BTCUSDT,2017-11-22,1.0,0.0,0.0,1.0
BTCUSDT,2017-11-23,1.0,0.0,0.0,1.0
BTCUSDT,2017-11-24,1.0,0.0,0.0,1.0
BTCUSDT,2017-11-25,1.0,0.0,0.0,1.0
BTCUSDT,2017-11-26,1.0,0.0,0.0,1.0
BTCUSDT,2017-11-27,1.0,0.0,0.0,1.0
BTCUSDT,2017-11-28,1.0,0.0,0.0,1.0
BTCUSDT,2017-11-29,1.0,0.0,0.0,1.0
BTCUSDT,2017-11-30,1.0,0.0,0.0,1.0
BTCUSDT,2017-12-01,1.0,0.0,0.0,1.0
BTCUSDT,2017-12-02,1.0,0.0,0.0,1.0
BTCUSDT,2017-12-03,1.0,0.0,0.0,1.0
BTCUSDT,2017-12-04,1.0,0.0,0.0,1.0
BTCUSDT,2017-12-05,1.0,0.0,0.0,1.0
BTCUSDT,2017-12-06,1.0,0.0,0.0,1.0
BTCUSDT,2017-12-07,1.0,0.0,0.0,1.0
BTCUSDT,2017-12-08,1.0,0.0,0.0,1.0
BTCUSDT,2017-12-09,1.0,0.0,0.0,1.0
BTCUSDT,2017-12-10,1.0,0.0,0.0,1.0
BTCUSDT,2017-12-11,1.0,0.0,0.0,1.0
BTCUSDT,2017-12-12,1.0,0.0,0.0,1.0
BTCUSDT,2017-12-13,1.0,0.0,0.0,1.0
BTCUSDT,2017-12-14,0.0,0.0,1.0,0.0
BTCUSDT,2017-12-15,1.0,0.0,0.0,1.0
BTCUSDT,2017-12-16,1.0,0.0,0.0,1.0
BTCUSDT,2017-12-17,1.0,0.0,0.0,1.0
BTCUSDT,2017-12-18,1.0,0.0,0.0,1.0
BTCUSDT,2017-12-19,1.0,0.0,0.0,1.0
BTCUSDT,2017-12-20,0.9992,0.0,0.0008,0.9992
BTCUSDT,2017-12-21,0.0,0.0,1.0,0.0
BTCUSDT,2017-12-22,0.0,0.0,1.0,0.0
BTCUSDT,2017-12-23,0.0,0.0,1.0,0.0
BTCUSDT,2017-12-24,0.0,0.0,1.0,0.0
BTCUSDT,2017-12-25,0.0,0.0,1.0,0.0
BTCUSDT,2017-12-26,0.0,0.0,1.0,0.0
BTCUSDT,2017-12-27,0.0,0.0,1.0,0.0
BTCUSDT,2017-12-28,0.0,0.0,1.0,0.0
BTCUSDT,2017-12-29,1.0,0.0,0.0,1.0
BTCUSDT,2017-12-30,0.0,0.0,1.0,0.0
BTCUSDT,2017-12-31,0.9998,0.0,0.0002,0.9998
BTCUSDT,2018-01-01,0.0,0.0,1.0,0.0
BTCUSDT,2018-01-02,0.0,0.0,1.0,0.0
BTCUSDT,2018-01-03,0.0,0.0,1.0,0.0
BTCUSDT,2018-01-04,1.0,0.0,0.0,1.0
BTCUSDT,2018-01-05,1.0,0.0,0.0,1.0
BTCUSDT,2018-01-06,1.0,0.0,0.0,1.0
BTCUSDT,2018-01-07,1.0,0.0,0.0,1.0
BTCUSDT,2018-01-08,1.0,0.0,0.0,1.0
BTCUSDT,2018-01-09,0.0,0.0,1.0,0.0
BTCUSDT,2018-01-10,0.0,0.0,1.0,0.0
BTCUSDT,2018-01-11,0.0,0.0,1.0,0.0
BTCUSDT,2018-01-12,0.0,0.0,1.0,0.0
BTCUSDT,2018-01-13,0.0,0.0,1.0,0.0
BTCUSDT,2018-01-14,0.0,0.0,1.0,0.0
BTCUSDT,2018-01-15,0.0,0.0,1.0,0.0
BTCUSDT,2018-01-16,0.0,0.0,1.0,0.0
BTCUSDT,2018-01-17,0.0,0.0,1.0,0.0
BTCUSDT,2018-01-18,0.0,0.0,1.0,0.0
BTCUSDT,2018-01-19,0.0,0.0,1.0,0.0
BTCUSDT,2018-01-20,0.0,0.0,1.0,0.0
BTCUSDT,2018-01-21,0.0,0.0,1.0,0.0
BTCUSDT,2018-01-22,0.0,0.0,1.0,0.0
BTCUSDT,2018-01-23,0.0,0.0,1.0,0.0
BTCUSDT,2018-01-24,0.9996,0.0,0.0004,0.9996
BTCUSDT,2018-01-25,0.0,0.0,1.0,0.0
BTCUSDT,2018-01-26,0.0,0.0,1.0,0.0
BTCUSDT,2018-01-27,0.0,0.0,1.0,0.0
BTCUSDT,2018-01-28,1.0,0.0,0.0,1.0
BTCUSDT,2018-01-29,1.0,0.0,0.0,1.0
BTCUSDT,2018-01-30,0.0,0.0,1.0,0.0
BTCUSDT,2018-01-31,0.0,0.0,1.0,0.0
BTCUSDT,2018-02-01,0.0,0.0,1.0,0.0
BTCUSDT,2018-02-02,0.0,0.0,1.0,0.0
BTCUSDT,2018-02-03,0.0,0.0,1.0,0.0
BTCUSDT,2018-02-04,0.0,0.0,1.0,0.0
BTCUSDT,2018-02-05,0.0,0.0,1.0,0.0
BTCUSDT,2018-02-06,0.0,0.0,1.0,0.0
BTCUSDT,2018-02-07,0.0,0.0,1.0,0.0
BTCUSDT,2018-02-08,0.0,0.0,1.0,0.0
BTCUSDT,2018-02-09,0.0,0.0,1.0,0.0
BTCUSDT,2018-02-10,0.0,0.0,1.0,0.0
BTCUSDT,2018-02-11,0.0,0.0,1.0,0.0
BTCUSDT,2018-02-12,1.0,0.0,0.0,1.0
BTCUSDT,2018-02-13,1.0,0.0,0.0,1.0
BTCUSDT,2018-02-14,1.0,0.0,0.0,1.0
BTCUSDT,2018-02-15,1.0,0.0,0.0,1.0
BTCUSDT,2018-02-16,1.0,0.0,0.0,1.0
BTCUSDT,2018-02-17,1.0,0.0,0.0,1.0
BTCUSDT,2018-02-18,1.0,0.0,0.0,1.0
BTCUSDT,2018-02-19,1.0,0.0,0.0,1.0
BTCUSDT,2018-02-20,1.0,0.0,0.0,1.0
BTCUSDT,2018-02-21,1.0,0.0,0.0,1.0
BTCUSDT,2018-02-22,0.0,0.0,1.0,0.0
BTCUSDT,2018-02-23,0.2088,0.0,0.7912,0.2088
BTCUSDT,2018-02-24,0.0,0.0,1.0,0.0
BTCUSDT,2018-02-25,0.0,0.0,1.0,0.0
BTCUSDT,2018-02-26,0.0,0.0,1.0,0.0
BTCUSDT,2018-02-27,0.0,0.0,1.0,0.0
BTCUSDT,2018-02-28,0.0,0.0,1.0,0.0
BTCUSDT,2018-03-01,1.0,0.0,0.0,1.0
BTCUSDT,2018-03-02,1.0,0.0,0.0,1.0
BTCUSDT,2018-03-03,1.0,0.0,0.0,1.0
BTCUSDT,2018-03-04,1.0,0.0,0.0,1.0
BTCUSDT,2018-03-05,1.0,0.0,0.0,1.0
BTCUSDT,2018-03-06,0.9922,0.0,0.0078,0.9922
BTCUSDT,2018-03-07,0.0,0.0,1.0,0.0
BTCUSDT,2018-03-08,0.0,0.0,1.0,0.0
BTCUSDT,2018-03-09,0.0,0.0,1.0,0.0
BTCUSDT,2018-03-10,0.0,0.0,1.0,0.0
BTCUSDT,2018-03-11,0.0,0.0,1.0,0.0
BTCUSDT,2018-03-12,0.0,0.0,1.0,0.0
BTCUSDT,2018-03-13,0.0,0.0,1.0,0.0
BTCUSDT,2018-03-14,0.0,0.0,1.0,0.0
BTCUSDT,2018-03-15,0.0,0.0,1.0,0.0
BTCUSDT,2018-03-16,0.0,0.0,1.0,0.0
BTCUSDT,2018-03-17,0.0,0.0,1.0,0.0
BTCUSDT,2018-03-18,0.0,0.0,1.0,0.0
BTCUSDT,2018-03-19,0.0,0.0,1.0,0.0
BTCUSDT,2018-03-20,0.0,0.0,1.0,0.0
BTCUSDT,2018-03-21,1.0,0.0,0.0,1.0
BTCUSDT,2018-03-22,1.0,0.0,0.0,1.0
BTCUSDT,2018-03-23,1.0,0.0,0.0,1.0
BTCUSDT,2018-03-24,1.0,0.0,0.0,1.0
BTCUSDT,2018-03-25,1.0,0.0,0.0,1.0
BTCUSDT,2018-03-26,0.0,0.0003,0.9997,0.0
BTCUSDT,2018-03-27,0.0,0.0,1.0,0.0
BTCUSDT,2018-03-28,0.0,0.0,1.0,0.0
BTCUSDT,2018-03-29,0.0,0.0,1.0,0.0
BTCUSDT,2018-03-30,0.0,0.0,1.0,0.0
BTCUSDT,2018-03-31,0.0,0.0,1.0,0.0
BTCUSDT,2018-04-01,0.0,0.0,1.0,0.0
BTCUSDT,2018-04-02,0.0,0.0,1.0,0.0
BTCUSDT,2018-04-03,0.0,0.0,1.0,0.0
BTCUSDT,2018-04-04,0.0,0.0,1.0,0.0
BTCUSDT,2018-04-05,0.0,0.0,1.0,0.0
BTCUSDT,2018-04-06,0.0,0.0001,0.9999,0.0
BTCUSDT,2018-04-07,0.0,0.001,0.999,0.0
BTCUSDT,2018-04-08,1.0,0.0,0.0,1.0
BTCUSDT,2018-04-09,0.0,0.0124,0.9876,0.0
BTCUSDT,2018-04-10,0.0,0.0049,0.9951,0.0
BTCUSDT,2018-04-11,1.0,0.0,0.0,1.0
BTCUSDT,2018-04-12,1.0,0.0,0.0,1.0
BTCUSDT,2018-04-13,1.0,0.0,0.0,1.0
BTCUSDT,2018-04-14,1.0,0.0,0.0,1.0
BTCUSDT,2018-04-15,1.0,0.0,0.0,1.0
BTCUSDT,2018-04-16,1.0,0.0,0.0,1.0
BTCUSDT,2018-04-17,1.0,0.0,0.0,1.0
BTCUSDT,2018-04-18,1.0,0.0,0.0,1.0
BTCUSDT,2018-04-19,1.0,0.0,0.0,1.0
BTCUSDT,2018-04-20,1.0,0.0,0.0,1.0
BTCUSDT,2018-04-21,1.0,0.0,0.0,1.0
BTCUSDT,2018-04-22,1.0,0.0,0.0,1.0
BTCUSDT,2018-04-23,1.0,0.0,0.0,1.0
BTCUSDT,2018-04-24,1.0,0.0,0.0,1.0
BTCUSDT,2018-04-25,1.0,0.0,0.0,1.0
BTCUSDT,2018-04-26,1.0,0.0,0.0,1.0
BTCUSDT,2018-04-27,1.0,0.0,0.0,1.0
BTCUSDT,2018-04-28,1.0,0.0,0.0,1.0
BTCUSDT,2018-04-29,1.0,0.0,0.0,1.0
BTCUSDT,2018-04-30,1.0,0.0,0.0,1.0
BTCUSDT,2018-05-01,0.0,0.0022,0.9978,0.0
BTCUSDT,2018-05-02,1.0,0.0,0.0,1.0
BTCUSDT,2018-05-03,1.0,0.0,0.0,1.0
BTCUSDT,2018-05-04,1.0,0.0,0.0,1.0
BTCUSDT,2018-05-05,1.0,0.0,0.0,1.0
BTCUSDT,2018-05-06,1.0,0.0,0.0,1.0
BTCUSDT,2018-05-07,1.0,0.0,0.0,1.0
BTCUSDT,2018-05-08,1.0,0.0,0.0,1.0
BTCUSDT,2018-05-09,0.9999,0.0,0.0001,0.9999
BTCUSDT,2018-05-10,0.0,0.0015,0.9985,0.0
BTCUSDT,2018-05-11,0.0,0.0,1.0,0.0
BTCUSDT,2018-05-12,0.0,0.0,1.0,0.0
BTCUSDT,2018-05-13,0.0,0.0,1.0,0.0
BTCUSDT,2018-05-14,0.0,0.0,1.0,0.0
BTCUSDT,2018-05-15,0.0,0.0001,0.9999,0.0
BTCUSDT,2018-05-16,0.0,0.0003,0.9997,0.0
BTCUSDT,2018-05-17,0.0,0.0158,0.9842,0.0
BTCUSDT,2018-05-18,0.0,0.8656,0.1344,0.0
BTCUSDT,2018-05-19,0.0,0.9717,0.0283,0.0
BTCUSDT,2018-05-20,0.0,0.9783,0.0217,0.0
BTCUSDT,2018-05-21,0.0,0.9567,0.0433,0.0
BTCUSDT,2018-05-22,0.0,0.7499,0.2501,0.0
BTCUSDT,2018-05-23,0.0,0.0929,0.9071,0.0
BTCUSDT,2018-05-24,0.0,0.0728,0.9272,0.0
BTCUSDT,2018-05-25,0.0,0.0078,0.9922,0.0
BTCUSDT,2018-05-26,0.0,0.0001,0.9999,0.0
BTCUSDT,2018-05-27,0.0,0.0,1.0,0.0
BTCUSDT,2018-05-28,0.0,0.0,1.0,0.0
BTCUSDT,2018-05-29,0.0,0.2936,0.7064,0.0
BTCUSDT,2018-05-30,0.0,0.6434,0.3566,0.0
BTCUSDT,2018-05-31,0.0,0.6994,0.3006,0.0
BTCUSDT,2018-06-01,0.9991,0.0009,0.0,0.9991
BTCUSDT,2018-06-02,1.0,0.0,0.0,1.0
BTCUSDT,2018-06-03,1.0,0.0,0.0,1.0
BTCUSDT,2018-06-04,1.0,0.0,0.0,1.0
BTCUSDT,2018-06-05,1.0,0.0,0.0,1.0
BTCUSDT,2018-06-06,1.0,0.0,0.0,1.0
BTCUSDT,2018-06-07,1.0,0.0,0.0,1.0
BTCUSDT,2018-06-08,1.0,0.0,0.0,1.0
BTCUSDT,2018-06-09,0.0,0.4851,0.5149,0.0
BTCUSDT,2018-06-10,0.0,0.0004,0.9996,0.0
BTCUSDT,2018-06-11,0.0,0.0003,0.9997,0.0
BTCUSDT,2018-06-12,0.0,0.0,1.0,0.0
BTCUSDT,2018-06-13,0.0,0.0,1.0,0.0
BTCUSDT,2018-06-14,0.0,0.0,1.0,0.0
BTCUSDT,2018-06-15,0.0,0.0,1.0,0.0
BTCUSDT,2018-06-16,0.0,0.0,1.0,0.0
BTCUSDT,2018-06-17,0.0,0.0651,0.9349,0.0
BTCUSDT,2018-06-18,0.0,0.1104,0.8896,0.0
BTCUSDT,2018-06-19,1.0,0.0,0.0,1.0
BTCUSDT,2018-06-20,1.0,0.0,0.0,1.0
BTCUSDT,2018-06-21,0.9998,0.0001,0.0001,0.9998
BTCUSDT,2018-06-22,0.0,0.0113,0.9887,0.0
BTCUSDT,2018-06-23,0.0,0.0019,0.9981,0.0
BTCUSDT,2018-06-24,0.0,0.0007,0.9993,0.0
BTCUSDT,2018-06-25,0.0,0.0001,0.9999,0.0
BTCUSDT,2018-06-26,0.0,0.0,1.0,0.0
BTCUSDT,2018-06-27,0.0,0.0,1.0,0.0
BTCUSDT,2018-06-28,0.0,0.0,1.0,0.0
BTCUSDT,2018-06-29,1.0,0.0,0.0,1.0
BTCUSDT,2018-06-30,1.0,0.0,0.0,1.0
BTCUSDT,2018-07-01,1.0,0.0,0.0,1.0
BTCUSDT,2018-07-02,1.0,0.0,0.0,1.0
BTCUSDT,2018-07-03,1.0,0.0,0.0,1.0
BTCUSDT,2018-07-04,1.0,0.0,0.0,1.0
BTCUSDT,2018-07-05,1.0,0.0,0.0,1.0
BTCUSDT,2018-07-06,1.0,0.0,0.0,1.0
BTCUSDT,2018-07-07,1.0,0.0,0.0,1.0
BTCUSDT,2018-07-08,1.0,0.0,0.0,1.0
BTCUSDT,2018-07-09,1.0,0.0,0.0,1.0
BTCUSDT,2018-07-10,0.0,0.8632,0.1368,0.0
BTCUSDT,2018-07-11,0.0,0.8591,0.1409,0.0
BTCUSDT,2018-07-12,0.0,0.8452,0.1548,0.0
BTCUSDT,2018-07-13,0.0,0.8526,0.1474,0.0
BTCUSDT,2018-07-14,0.0,0.8382,0.1618,0.0
BTCUSDT,2018-07-15,0.0,0.8506,0.1494,0.0
BTCUSDT,2018-07-16,0.9896,0.0097,0.0007,0.9896
BTCUSDT,2018-07-17,1.0,0.0,0.0,1.0
BTCUSDT,2018-07-18,1.0,0.0,0.0,1.0
BTCUSDT,2018-07-19,1.0,0.0,0.0,1.0
BTCUSDT,2018-07-20,1.0,0.0,0.0,1.0
BTCUSDT,2018-07-21,1.0,0.0,0.0,1.0
BTCUSDT,2018-07-22,1.0,0.0,0.0,1.0
BTCUSDT,2018-07-23,1.0,0.0,0.0,1.0
BTCUSDT,2018-07-24,1.0,0.0,0.0,1.0
BTCUSDT,2018-07-25,1.0,0.0,0.0,1.0
BTCUSDT,2018-07-26,1.0,0.0,0.0,1.0
BTCUSDT,2018-07-27,1.0,0.0,0.0,1.0
BTCUSDT,2018-07-28,1.0,0.0,0.0,1.0
BTCUSDT,2018-07-29,1.0,0.0,0.0,1.0
BTCUSDT,2018-07-30,1.0,0.0,0.0,1.0
BTCUSDT,2018-07-31,0.0,0.006,0.994,0.0
BTCUSDT,2018-08-01,0.0,0.0012,0.9988,0.0
BTCUSDT,2018-08-02,0.0,0.001,0.999,0.0
BTCUSDT,2018-08-03,0.0,0.0,1.0,0.0
BTCUSDT,2018-08-04,0.0,0.0,1.0,0.0
BTCUSDT,2018-08-05,0.0,0.0,1.0,0.0
BTCUSDT,2018-08-06,0.0,0.0,1.0,0.0
BTCUSDT,2018-08-07,0.0,0.0,1.0,0.0
BTCUSDT,2018-08-08,0.0,0.0,1.0,0.0
BTCUSDT,2018-08-09,0.0,0.0,1.0,0.0
BTCUSDT,2018-08-10,0.0,0.0,1.0,0.0
BTCUSDT,2018-08-11,0.0,0.0,1.0,0.0
BTCUSDT,2018-08-12,0.0,0.0,1.0,0.0
BTCUSDT,2018-08-13,0.0,0.0002,0.9998,0.0
BTCUSDT,2018-08-14,0.0,0.0214,0.9786,0.0
BTCUSDT,2018-08-15,0.9501,0.0258,0.0241,0.9501
BTCUSDT,2018-08-16,0.0,0.9168,0.0832,0.0
BTCUSDT,2018-08-17,1.0,0.0,0.0,1.0
BTCUSDT,2018-08-18,1.0,0.0,0.0,1.0
BTCUSDT,2018-08-19,1.0,0.0,0.0,1.0
BTCUSDT,2018-08-20,0.9996,0.0003,0.0,0.9996
BTCUSDT,2018-08-21,1.0,0.0,0.0,1.0
BTCUSDT,2018-08-22,1.0,0.0,0.0,1.0
BTCUSDT,2018-08-23,1.0,0.0,0.0,1.0
BTCUSDT,2018-08-24,1.0,0.0,0.0,1.0
BTCUSDT,2018-08-25,1.0,0.0,0.0,1.0
BTCUSDT,2018-08-26,1.0,0.0,0.0,1.0
BTCUSDT,2018-08-27,1.0,0.0,0.0,1.0
BTCUSDT,2018-08-28,1.0,0.0,0.0,1.0
BTCUSDT,2018-08-29,1.0,0.0,0.0,1.0
BTCUSDT,2018-08-30,1.0,0.0,0.0,1.0
BTCUSDT,2018-08-31,1.0,0.0,0.0,1.0
BTCUSDT,2018-09-01,1.0,0.0,0.0,1.0
BTCUSDT,2018-09-02,1.0,0.0,0.0,1.0
BTCUSDT,2018-09-03,1.0,0.0,0.0,1.0
BTCUSDT,2018-09-04,1.0,0.0,0.0,1.0
BTCUSDT,2018-09-05,0.0,0.6868,0.3132,0.0
BTCUSDT,2018-09-06,0.0,0.4971,0.5029,0.0
BTCUSDT,2018-09-07,0.0,0.1629,0.8371,0.0
BTCUSDT,2018-09-08,0.0,0.0,1.0,0.0
BTCUSDT,2018-09-09,0.0,0.0,1.0,0.0
BTCUSDT,2018-09-10,0.0,0.0,1.0,0.0
BTCUSDT,2018-09-11,0.0,0.0,1.0,0.0
BTCUSDT,2018-09-12,0.0,0.3696,0.6304,0.0
BTCUSDT,2018-09-13,0.0,0.508,0.492,0.0
BTCUSDT,2018-09-14,0.9984,0.0015,0.0001,0.9984
BTCUSDT,2018-09-15,1.0,0.0,0.0,1.0
BTCUSDT,2018-09-16,1.0,0.0,0.0,1.0
BTCUSDT,2018-09-17,0.0,0.957,0.043,0.0
BTCUSDT,2018-09-18,0.9986,0.0014,0.0,0.9986
BTCUSDT,2018-09-19,0.9999,0.0001,0.0,0.9999
BTCUSDT,2018-09-20,0.9993,0.0006,0.0,0.9993
BTCUSDT,2018-09-21,1.0,0.0,0.0,1.0
BTCUSDT,2018-09-22,1.0,0.0,0.0,1.0
BTCUSDT,2018-09-23,1.0,0.0,0.0,1.0
BTCUSDT,2018-09-24,1.0,0.0,0.0,1.0
BTCUSDT,2018-09-25,1.0,0.0,0.0,1.0
BTCUSDT,2018-09-26,1.0,0.0,0.0,1.0
BTCUSDT,2018-09-27,1.0,0.0,0.0,1.0
BTCUSDT,2018-09-28,0.0,0.9993,0.0007,0.0
BTCUSDT,2018-09-29,0.0,0.9999,0.0001,0.0
BTCUSDT,2018-09-30,0.0,0.9999,0.0001,0.0
BTCUSDT,2018-10-01,0.0,0.9985,0.0015,0.0
BTCUSDT,2018-10-02,1.0,0.0,0.0,1.0
BTCUSDT,2018-10-03,0.9721,0.0279,0.0,0.9721
BTCUSDT,2018-10-04,0.0,0.9994,0.0006,0.0
BTCUSDT,2018-10-05,0.0,0.9999,0.0001,0.0
BTCUSDT,2018-10-06,0.0,0.9999,0.0001,0.0
BTCUSDT,2018-10-07,0.0,0.9986,0.0014,0.0
BTCUSDT,2018-10-08,1.0,0.0,0.0,1.0
BTCUSDT,2018-10-09,1.0,0.0,0.0,1.0
BTCUSDT,2018-10-10,1.0,0.0,0.0,1.0
BTCUSDT,2018-10-11,0.0,0.9987,0.0013,0.0
BTCUSDT,2018-10-12,0.0,0.9998,0.0002,0.0
BTCUSDT,2018-10-13,0.0,0.9999,0.0001,0.0
BTCUSDT,2018-10-14,0.0,0.9999,0.0001,0.0
BTCUSDT,2018-10-15,0.0,0.9999,0.0001,0.0
BTCUSDT,2018-10-16,0.0,0.9999,0.0001,0.0
BTCUSDT,2018-10-17,0.0,0.9987,0.0013,0.0
BTCUSDT,2018-10-18,1.0,0.0,0.0,1.0
BTCUSDT,2018-10-19,1.0,0.0,0.0,1.0
BTCUSDT,2018-10-20,1.0,0.0,0.0,1.0
BTCUSDT,2018-10-21,1.0,0.0,0.0,1.0
BTCUSDT,2018-10-22,0.0,0.9994,0.0006,0.0
BTCUSDT,2018-10-23,0.0,0.9999,0.0001,0.0
BTCUSDT,2018-10-24,0.0,0.9998,0.0002,0.0
BTCUSDT,2018-10-25,0.1444,0.8549,0.0007,0.1444
BTCUSDT,2018-10-26,0.5741,0.4259,0.0,0.5741
BTCUSDT,2018-10-27,0.0,0.9938,0.0062,0.0
BTCUSDT,2018-10-28,0.4648,0.5352,0.0,0.4648
BTCUSDT,2018-10-29,0.0,0.9997,0.0003,0.0
BTCUSDT,2018-10-30,0.0,0.9999,0.0001,0.0
BTCUSDT,2018-10-31,0.0,1.0,0.0,0.0
BTCUSDT,2018-11-01,0.0,1.0,0.0,0.0
BTCUSDT,2018-11-02,0.0,0.9999,0.0001,0.0
BTCUSDT,2018-11-03,0.0,0.9999,0.0001,0.0
BTCUSDT,2018-11-04,0.0,0.9988,0.0012,0.0
BTCUSDT,2018-11-05,1.0,0.0,0.0,1.0
BTCUSDT,2018-11-06,1.0,0.0,0.0,1.0
BTCUSDT,2018-11-07,1.0,0.0,0.0,1.0
BTCUSDT,2018-11-08,1.0,0.0,0.0,1.0
BTCUSDT,2018-11-09,0.0,0.9572,0.0428,0.0
BTCUSDT,2018-11-10,1.0,0.0,0.0,1.0
BTCUSDT,2018-11-11,0.9997,0.0003,0.0,0.9997
BTCUSDT,2018-11-12,0.0,0.9206,0.0794,0.0
BTCUSDT,2018-11-13,0.0,0.8588,0.1412,0.0
BTCUSDT,2018-11-14,0.0,0.0017,0.9983,0.0
BTCUSDT,2018-11-15,0.0,0.0,1.0,0.0
BTCUSDT,2018-11-16,0.0,0.0,1.0,0.0
BTCUSDT,2018-11-17,0.0,0.0,1.0,0.0
BTCUSDT,2018-11-18,0.0,0.0,1.0,0.0
BTCUSDT,2018-11-19,0.0,0.0,1.0,0.0
BTCUSDT,2018-11-20,0.0,0.0,1.0,0.0
BTCUSDT,2018-11-21,0.0,0.0,1.0,0.0
BTCUSDT,2018-11-22,0.0,0.0,1.0,0.0
BTCUSDT,2018-11-23,0.0,0.0,1.0,0.0
BTCUSDT,2018-11-24,0.0,0.0,1.0,0.0
BTCUSDT,2018-11-25,0.0,0.0,1.0,0.0
BTCUSDT,2018-11-26,0.0,0.0,1.0,0.0
BTCUSDT,2018-11-27,0.0,0.0,1.0,0.0
BTCUSDT,2018-11-28,0.0,0.0,1.0,0.0
BTCUSDT,2018-11-29,0.0,0.0,1.0,0.0
BTCUSDT,2018-11-30,0.0,0.0,1.0,0.0
BTCUSDT,2018-12-01,1.0,0.0,0.0,1.0
BTCUSDT,2018-12-02,1.0,0.0,0.0,1.0
BTCUSDT,2018-12-03,1.0,0.0,0.0,1.0
BTCUSDT,2018-12-04,1.0,0.0,0.0,1.0
BTCUSDT,2018-12-05,0.0,0.0,1.0,0.0
BTCUSDT,2018-12-06,0.0,0.0,1.0,0.0
BTCUSDT,2018-12-07,0.0,0.0,1.0,0.0
BTCUSDT,2018-12-08,0.0,0.0,1.0,0.0
BTCUSDT,2018-12-09,0.0,0.0,1.0,0.0
BTCUSDT,2018-12-10,0.0,0.0,1.0,0.0
BTCUSDT,2018-12-11,0.0,0.0,1.0,0.0
BTCUSDT,2018-12-12,0.0,0.0,1.0,0.0
BTCUSDT,2018-12-13,0.0,0.0,1.0,0.0
BTCUSDT,2018-12-14,0.0,0.0,1.0,0.0
BTCUSDT,2018-12-15,0.0,0.0,1.0,0.0
BTCUSDT,2018-12-16,0.0,0.0,1.0,0.0
BTCUSDT,2018-12-17,1.0,0.0,0.0,1.0
BTCUSDT,2018-12-18,1.0,0.0,0.0,1.0
BTCUSDT,2018-12-19,1.0,0.0,0.0,1.0
BTCUSDT,2018-12-20,1.0,0.0,0.0,1.0
BTCUSDT,2018-12-21,1.0,0.0,0.0,1.0
BTCUSDT,2018-12-22,1.0,0.0,0.0,1.0
BTCUSDT,2018-12-23,1.0,0.0,0.0,1.0
BTCUSDT,2018-12-24,1.0,0.0,0.0,1.0
BTCUSDT,2018-12-25,1.0,0.0,0.0,1.0
BTCUSDT,2018-12-26,1.0,0.0,0.0,1.0
BTCUSDT,2018-12-27,0.0,0.0,1.0,0.0
BTCUSDT,2018-12-28,0.8948,0.0,0.1052,0.8948
BTCUSDT,2018-12-29,0.0,0.0001,0.9999,0.0
BTCUSDT,2018-12-30,0.0,0.0,1.0,0.0
BTCUSDT,2018-12-31,0.0,0.0,1.0,0.0
BTCUSDT,2019-01-01,0.9989,0.0,0.0011,0.9989
BTCUSDT,2019-01-02,1.0,0.0,0.0,1.0
BTCUSDT,2019-01-03,1.0,0.0,0.0,1.0
BTCUSDT,2019-01-04,0.0,0.0098,0.9902,0.0
BTCUSDT,2019-01-05,0.9984,0.0,0.0016,0.9984
BTCUSDT,2019-01-06,1.0,0.0,0.0,1.0
BTCUSDT,2019-01-07,1.0,0.0,0.0,1.0
BTCUSDT,2019-01-08,1.0,0.0,0.0,1.0
BTCUSDT,2019-01-09,1.0,0.0,0.0,1.0
BTCUSDT,2019-01-10,0.0,0.0056,0.9944,0.0
BTCUSDT,2019-01-11,0.0,0.0011,0.9989,0.0
BTCUSDT,2019-01-12,0.0,0.0004,0.9996,0.0
BTCUSDT,2019-01-13,0.0,0.0,1.0,0.0
BTCUSDT,2019-01-14,0.0,0.0,1.0,0.0
BTCUSDT,2019-01-15,0.0,0.0,1.0,0.0
BTCUSDT,2019-01-16,0.0,0.0002,0.9998,0.0
BTCUSDT,2019-01-17,0.0003,0.0338,0.9658,0.0003
BTCUSDT,2019-01-18,0.0,0.1241,0.8759,0.0
BTCUSDT,2019-01-19,1.0,0.0,0.0,1.0
BTCUSDT,2019-01-20,1.0,0.0,0.0,1.0
BTCUSDT,2019-01-21,0.0,0.9929,0.0071,0.0
BTCUSDT,2019-01-22,0.0,0.9975,0.0025,0.0
BTCUSDT,2019-01-23,0.0,0.9993,0.0007,0.0
BTCUSDT,2019-01-24,0.0,0.9996,0.0004,0.0
BTCUSDT,2019-01-25,0.0,0.9997,0.0003,0.0
BTCUSDT,2019-01-26,0.0,0.9997,0.0003,0.0
BTCUSDT,2019-01-27,0.0,0.9998,0.0002,0.0
BTCUSDT,2019-01-28,0.0,0.9999,0.0001,0.0
BTCUSDT,2019-01-29,0.0,0.9999,0.0001,0.0
BTCUSDT,2019-01-30,0.0,0.9999,0.0001,0.0
BTCUSDT,2019-01-31,0.0,0.9999,0.0001,0.0
BTCUSDT,2019-02-01,0.0,1.0,0.0,0.0
BTCUSDT,2019-02-02,0.0,1.0,0.0,0.0
BTCUSDT,2019-02-03,0.0,0.9999,0.0001,0.0
BTCUSDT,2019-02-04,0.0,0.9987,0.0013,0.0
BTCUSDT,2019-02-05,0.9307,0.0693,0.0,0.9307
BTCUSDT,2019-02-06,0.0,0.9988,0.0012,0.0
BTCUSDT,2019-02-07,0.0,0.9983,0.0017,0.0
BTCUSDT,2019-02-08,1.0,0.0,0.0,1.0
BTCUSDT,2019-02-09,1.0,0.0,0.0,1.0
BTCUSDT,2019-02-10,1.0,0.0,0.0,1.0
BTCUSDT,2019-02-11,1.0,0.0,0.0,1.0
BTCUSDT,2019-02-12,1.0,0.0,0.0,1.0
BTCUSDT,2019-02-13,1.0,0.0,0.0,1.0
BTCUSDT,2019-02-14,1.0,0.0,0.0,1.0
BTCUSDT,2019-02-15,0.0,0.9991,0.0009,0.0
BTCUSDT,2019-02-16,0.0,0.9998,0.0002,0.0
BTCUSDT,2019-02-17,0.0,0.9983,0.0017,0.0
BTCUSDT,2019-02-18,1.0,0.0,0.0,1.0
BTCUSDT,2019-02-19,1.0,0.0,0.0,1.0
BTCUSDT,2019-02-20,1.0,0.0,0.0,1.0
BTCUSDT,2019-02-21,1.0,0.0,0.0,1.0
BTCUSDT,2019-02-22,1.0,0.0,0.0,1.0
BTCUSDT,2019-02-23,1.0,0.0,0.0,1.0
BTCUSDT,2019-02-24,1.0,0.0,0.0,1.0
BTCUSDT,2019-02-25,0.0,0.9896,0.0104,0.0
BTCUSDT,2019-02-26,0.0,0.9964,0.0036,0.0
BTCUSDT,2019-02-27,0.0,0.9983,0.0017,0.0
BTCUSDT,2019-02-28,0.0,0.9988,0.0012,0.0
BTCUSDT,2019-03-01,0.0,0.9982,0.0018,0.0
BTCUSDT,2019-03-02,0.0,0.9858,0.0142,0.0
BTCUSDT,2019-03-03,0.9889,0.0111,0.0,0.9889
BTCUSDT,2019-03-04,0.0,0.9621,0.0379,0.0
BTCUSDT,2019-03-05,0.9999,0.0001,0.0,0.9999
BTCUSDT,2019-03-06,1.0,0.0,0.0,1.0
BTCUSDT,2019-03-07,1.0,0.0,0.0,1.0
BTCUSDT,2019-03-08,1.0,0.0,0.0,1.0
BTCUSDT,2019-03-09,1.0,0.0,0.0,1.0
BTCUSDT,2019-03-10,1.0,0.0,0.0,1.0
BTCUSDT,2019-03-11,1.0,0.0,0.0,1.0
BTCUSDT,2019-03-12,0.9994,0.0005,0.0,0.9994
BTCUSDT,2019-03-13,0.9992,0.0008,0.0,0.9992
BTCUSDT,2019-03-14,0.9994,0.0005,0.0,0.9994
BTCUSDT,2019-03-15,1.0,0.0,0.0,1.0
BTCUSDT,2019-03-16,1.0,0.0,0.0,1.0
BTCUSDT,2019-03-17,1.0,0.0,0.0,1.0
BTCUSDT,2019-03-18,1.0,0.0,0.0,1.0
BTCUSDT,2019-03-19,1.0,0.0,0.0,1.0
BTCUSDT,2019-03-20,1.0,0.0,0.0,1.0
BTCUSDT,2019-03-21,1.0,0.0,0.0,1.0
BTCUSDT,2019-03-22,1.0,0.0,0.0,1.0
BTCUSDT,2019-03-23,0.0,0.999,0.001,0.0
BTCUSDT,2019-03-24,0.0,0.9999,0.0001,0.0
BTCUSDT,2019-03-25,0.0,0.9999,0.0001,0.0
BTCUSDT,2019-03-26,0.0,0.9998,0.0002,0.0
BTCUSDT,2019-03-27,0.0008,0.9971,0.0021,0.0008
BTCUSDT,2019-03-28,1.0,0.0,0.0,1.0
BTCUSDT,2019-03-29,1.0,0.0,0.0,1.0
BTCUSDT,2019-03-30,1.0,0.0,0.0,1.0
BTCUSDT,2019-03-31,1.0,0.0,0.0,1.0
BTCUSDT,2019-04-01,1.0,0.0,0.0,1.0
BTCUSDT,2019-04-02,1.0,0.0,0.0,1.0
BTCUSDT,2019-04-03,1.0,0.0,0.0,1.0
BTCUSDT,2019-04-04,1.0,0.0,0.0,1.0
BTCUSDT,2019-04-05,1.0,0.0,0.0,1.0
BTCUSDT,2019-04-06,1.0,0.0,0.0,1.0
BTCUSDT,2019-04-07,1.0,0.0,0.0,1.0
BTCUSDT,2019-04-08,1.0,0.0,0.0,1.0
BTCUSDT,2019-04-09,1.0,0.0,0.0,1.0
BTCUSDT,2019-04-10,1.0,0.0,0.0,1.0
BTCUSDT,2019-04-11,1.0,0.0,0.0,1.0
BTCUSDT,2019-04-12,1.0,0.0,0.0,1.0
BTCUSDT,2019-04-13,0.9993,0.0,0.0006,0.9993
BTCUSDT,2019-04-14,0.0,0.0045,0.9955,0.0
BTCUSDT,2019-04-15,0.0,0.0043,0.9957,0.0
BTCUSDT,2019-04-16,0.8849,0.0001,0.115,0.8849
BTCUSDT,2019-04-17,0.0,0.061,0.939,0.0
BTCUSDT,2019-04-18,1.0,0.0,0.0,1.0
BTCUSDT,2019-04-19,1.0,0.0,0.0,1.0
BTCUSDT,2019-04-20,1.0,0.0,0.0,1.0
BTCUSDT,2019-04-21,1.0,0.0,0.0,1.0
BTCUSDT,2019-04-22,1.0,0.0,0.0,1.0
BTCUSDT,2019-04-23,1.0,0.0,0.0,1.0
BTCUSDT,2019-04-24,1.0,0.0,0.0,1.0
BTCUSDT,2019-04-25,0.0,0.999,0.001,0.0
BTCUSDT,2019-04-26,0.0,0.9998,0.0002,0.0
BTCUSDT,2019-04-27,0.0,0.9999,0.0001,0.0
BTCUSDT,2019-04-28,0.0,0.9999,0.0001,0.0
BTCUSDT,2019-04-29,0.0,0.9999,0.0001,0.0
BTCUSDT,2019-04-30,0.0,0.9999,0.0001,0.0
BTCUSDT,2019-05-01,0.0,0.9986,0.0014,0.0
BTCUSDT,2019-05-02,1.0,0.0,0.0,1.0
BTCUSDT,2019-05-03,1.0,0.0,0.0,1.0
BTCUSDT,2019-05-04,1.0,0.0,0.0,1.0
BTCUSDT,2019-05-05,1.0,0.0,0.0,1.0
BTCUSDT,2019-05-06,1.0,0.0,0.0,1.0
BTCUSDT,2019-05-07,1.0,0.0,0.0,1.0
BTCUSDT,2019-05-08,1.0,0.0,0.0,1.0
BTCUSDT,2019-05-09,1.0,0.0,0.0,1.0
BTCUSDT,2019-05-10,1.0,0.0,0.0,1.0
BTCUSDT,2019-05-11,1.0,0.0,0.0,1.0
BTCUSDT,2019-05-12,1.0,0.0,0.0,1.0
BTCUSDT,2019-05-13,1.0,0.0,0.0,1.0
BTCUSDT,2019-05-14,1.0,0.0,0.0,1.0
BTCUSDT,2019-05-15,1.0,0.0,0.0,1.0
BTCUSDT,2019-05-16,1.0,0.0,0.0,1.0
BTCUSDT,2019-05-17,1.0,0.0,0.0,1.0
BTCUSDT,2019-05-18,1.0,0.0,0.0,1.0
BTCUSDT,2019-05-19,1.0,0.0,0.0,1.0
BTCUSDT,2019-05-20,1.0,0.0,0.0,1.0
BTCUSDT,2019-05-21,0.0,0.0,1.0,0.0
BTCUSDT,2019-05-22,0.0,0.0,1.0,0.0
BTCUSDT,2019-05-23,0.0,0.0,1.0,0.0
BTCUSDT,2019-05-24,1.0,0.0,0.0,1.0
BTCUSDT,2019-05-25,1.0,0.0,0.0,1.0
BTCUSDT,2019-05-26,1.0,0.0,0.0,1.0
BTCUSDT,2019-05-27,1.0,0.0,0.0,1.0
BTCUSDT,2019-05-28,1.0,0.0,0.0,1.0
BTCUSDT,2019-05-29,1.0,0.0,0.0,1.0
BTCUSDT,2019-05-30,1.0,0.0,0.0,1.0
BTCUSDT,2019-05-31,1.0,0.0,0.0,1.0
BTCUSDT,2019-06-01,1.0,0.0,0.0,1.0
BTCUSDT,2019-06-02,0.9991,0.0,0.0008,0.9991
BTCUSDT,2019-06-03,0.0,0.0002,0.9998,0.0
BTCUSDT,2019-06-04,0.0,0.0,1.0,0.0
BTCUSDT,2019-06-05,0.0,0.0,1.0,0.0
BTCUSDT,2019-06-06,0.0,0.0,1.0,0.0
BTCUSDT,2019-06-07,0.0,0.0,1.0,0.0
BTCUSDT,2019-06-08,0.0,0.0,1.0,0.0
BTCUSDT,2019-06-09,0.0,0.0,1.0,0.0
BTCUSDT,2019-06-10,0.0,0.0487,0.9513,0.0
BTCUSDT,2019-06-11,1.0,0.0,0.0,1.0
BTCUSDT,2019-06-12,1.0,0.0,0.0,1.0
BTCUSDT,2019-06-13,1.0,0.0,0.0,1.0
BTCUSDT,2019-06-14,1.0,0.0,0.0,1.0
BTCUSDT,2019-06-15,1.0,0.0,0.0,1.0
BTCUSDT,2019-06-16,1.0,0.0,0.0,1.0
BTCUSDT,2019-06-17,1.0,0.0,0.0,1.0
BTCUSDT,2019-06-18,1.0,0.0,0.0,1.0
BTCUSDT,2019-06-19,1.0,0.0,0.0,1.0
BTCUSDT,2019-06-20,1.0,0.0,0.0,1.0
BTCUSDT,2019-06-21,1.0,0.0,0.0,1.0
BTCUSDT,2019-06-22,1.0,0.0,0.0,1.0
BTCUSDT,2019-06-23,1.0,0.0,0.0,1.0
BTCUSDT,2019-06-24,1.0,0.0,0.0,1.0
BTCUSDT,2019-06-25,1.0,0.0,0.0,1.0
BTCUSDT,2019-06-26,1.0,0.0,0.0,1.0
BTCUSDT,2019-06-27,1.0,0.0,0.0,1.0
BTCUSDT,2019-06-28,1.0,0.0,0.0,1.0
BTCUSDT,2019-06-29,1.0,0.0,0.0,1.0
BTCUSDT,2019-06-30,0.0,0.0,1.0,0.0
BTCUSDT,2019-07-01,0.0,0.0,1.0,0.0
BTCUSDT,2019-07-02,0.0,0.0,1.0,0.0
BTCUSDT,2019-07-03,0.0,0.0,1.0,0.0
BTCUSDT,2019-07-04,0.1839,0.0,0.8161,0.1839
BTCUSDT,2019-07-05,0.0,0.0,1.0,0.0
BTCUSDT,2019-07-06,0.0,0.0,1.0,0.0
BTCUSDT,2019-07-07,1.0,0.0,0.0,1.0
BTCUSDT,2019-07-08,1.0,0.0,0.0,1.0
BTCUSDT,2019-07-09,1.0,0.0,0.0,1.0
BTCUSDT,2019-07-10,1.0,0.0,0.0,1.0
BTCUSDT,2019-07-11,1.0,0.0,0.0,1.0
BTCUSDT,2019-07-12,1.0,0.0,0.0,1.0
BTCUSDT,2019-07-13,1.0,0.0,0.0,1.0
BTCUSDT,2019-07-14,0.0,0.0,1.0,0.0
BTCUSDT,2019-07-15,0.0,0.0,1.0,0.0
BTCUSDT,2019-07-16,0.0,0.0,1.0,0.0
BTCUSDT,2019-07-17,0.0,0.0,1.0,0.0
BTCUSDT,2019-07-18,0.0,0.0,1.0,0.0
BTCUSDT,2019-07-19,0.0,0.0,1.0,0.0
BTCUSDT,2019-07-20,0.0,0.0,1.0,0.0
BTCUSDT,2019-07-21,1.0,0.0,0.0,1.0
BTCUSDT,2019-07-22,0.0,0.0,1.0,0.0
BTCUSDT,2019-07-23,1.0,0.0,0.0,1.0
BTCUSDT,2019-07-24,1.0,0.0,0.0,1.0
BTCUSDT,2019-07-25,0.0,0.0,1.0,0.0
BTCUSDT,2019-07-26,0.0,0.0,1.0,0.0
BTCUSDT,2019-07-27,0.0,0.0,1.0,0.0
BTCUSDT,2019-07-28,0.0,0.0,1.0,0.0
BTCUSDT,2019-07-29,0.0,0.0,1.0,0.0
BTCUSDT,2019-07-30,0.0,0.0,1.0,0.0
BTCUSDT,2019-07-31,1.0,0.0,0.0,1.0
BTCUSDT,2019-08-01,1.0,0.0,0.0,1.0
BTCUSDT,2019-08-02,1.0,0.0,0.0,1.0
BTCUSDT,2019-08-03,1.0,0.0,0.0,1.0
BTCUSDT,2019-08-04,1.0,0.0,0.0,1.0
BTCUSDT,2019-08-05,1.0,0.0,0.0,1.0
BTCUSDT,2019-08-06,1.0,0.0,0.0,1.0
BTCUSDT,2019-08-07,1.0,0.0,0.0,1.0
BTCUSDT,2019-08-08,1.0,0.0,0.0,1.0
BTCUSDT,2019-08-09,1.0,0.0,0.0,1.0
BTCUSDT,2019-08-10,1.0,0.0,0.0,1.0
BTCUSDT,2019-08-11,1.0,0.0,0.0,1.0
BTCUSDT,2019-08-12,0.0,0.4529,0.5471,0.0
BTCUSDT,2019-08-13,0.0,0.3198,0.6802,0.0
BTCUSDT,2019-08-14,0.0,0.0,1.0,0.0
BTCUSDT,2019-08-15,0.0,0.0,1.0,0.0
BTCUSDT,2019-08-16,0.0,0.0,1.0,0.0
BTCUSDT,2019-08-17,0.0,0.0,1.0,0.0
BTCUSDT,2019-08-18,0.0,0.0,1.0,0.0
BTCUSDT,2019-08-19,0.0,0.0068,0.9932,0.0
BTCUSDT,2019-08-20,0.0,0.0198,0.9802,0.0
BTCUSDT,2019-08-21,0.9916,0.0004,0.008,0.9916
BTCUSDT,2019-08-22,0.0,0.3645,0.6355,0.0
BTCUSDT,2019-08-23,0.8559,0.0069,0.1371,0.8559
BTCUSDT,2019-08-24,0.0,0.1683,0.8317,0.0
BTCUSDT,2019-08-25,0.0,0.1749,0.8251,0.0
BTCUSDT,2019-08-26,0.0,0.218,0.782,0.0
BTCUSDT,2019-08-27,0.0,0.2512,0.7488,0.0
BTCUSDT,2019-08-28,0.0,0.2792,0.7208,0.0
BTCUSDT,2019-08-29,0.0,0.2755,0.7245,0.0
BTCUSDT,2019-08-30,0.0,0.2744,0.7256,0.0
BTCUSDT,2019-08-31,0.0,0.3398,0.6602,0.0
BTCUSDT,2019-09-01,0.0,0.372,0.628,0.0
BTCUSDT,2019-09-02,0.0,0.3643,0.6357,0.0
BTCUSDT,2019-09-03,1.0,0.0,0.0,1.0
BTCUSDT,2019-09-04,1.0,0.0,0.0,1.0
BTCUSDT,2019-09-05,1.0,0.0,0.0,1.0
BTCUSDT,2019-09-06,1.0,0.0,0.0,1.0
BTCUSDT,2019-09-07,1.0,0.0,0.0,1.0
BTCUSDT,2019-09-08,1.0,0.0,0.0,1.0
BTCUSDT,2019-09-09,0.0,0.9968,0.0032,0.0
BTCUSDT,2019-09-10,0.0,0.9994,0.0006,0.0
BTCUSDT,2019-09-11,0.0,0.9998,0.0002,0.0
BTCUSDT,2019-09-12,0.0,0.9991,0.0009,0.0
BTCUSDT,2019-09-13,0.465,0.5349,0.0001,0.465
BTCUSDT,2019-09-14,0.0,0.9995,0.0005,0.0
BTCUSDT,2019-09-15,0.0,0.9998,0.0002,0.0
BTCUSDT,2019-09-16,0.0,0.9982,0.0018,0.0
BTCUSDT,2019-09-17,1.0,0.0,0.0,1.0
BTCUSDT,2019-09-18,0.9735,0.0265,0.0,0.9735
BTCUSDT,2019-09-19,0.0,0.9993,0.0007,0.0
BTCUSDT,2019-09-20,0.0,0.9999,0.0001,0.0
BTCUSDT,2019-09-21,0.0,0.9998,0.0002,0.0
BTCUSDT,2019-09-22,0.0,0.9968,0.0032,0.0
BTCUSDT,2019-09-23,0.0,0.9072,0.0928,0.0
BTCUSDT,2019-09-24,0.0,0.0,1.0,0.0
BTCUSDT,2019-09-25,0.0,0.0,1.0,0.0
BTCUSDT,2019-09-26,0.0,0.0,1.0,0.0
BTCUSDT,2019-09-27,0.0,0.0,1.0,0.0
BTCUSDT,2019-09-28,0.0,0.0,1.0,0.0
BTCUSDT,2019-09-29,0.0,0.0,1.0,0.0
BTCUSDT,2019-09-30,0.0,0.0,1.0,0.0
BTCUSDT,2019-10-01,0.0,0.4676,0.5324,0.0
BTCUSDT,2019-10-02,0.0,0.5477,0.4523,0.0
BTCUSDT,2019-10-03,1.0,0.0,0.0,1.0
BTCUSDT,2019-10-04,0.0,0.9952,0.0048,0.0
BTCUSDT,2019-10-05,0.0,0.9988,0.0012,0.0
BTCUSDT,2019-10-06,0.0,0.999,0.001,0.0
BTCUSDT,2019-10-07,0.0,0.9967,0.0033,0.0
BTCUSDT,2019-10-08,0.0,0.9901,0.0099,0.0
BTCUSDT,2019-10-09,1.0,0.0,0.0,1.0
BTCUSDT,2019-10-10,1.0,0.0,0.0,1.0
BTCUSDT,2019-10-11,1.0,0.0,0.0,1.0
BTCUSDT,2019-10-12,1.0,0.0,0.0,1.0
BTCUSDT,2019-10-13,1.0,0.0,0.0,1.0
BTCUSDT,2019-10-14,1.0,0.0,0.0,1.0
BTCUSDT,2019-10-15,0.0,0.9987,0.0013,0.0
BTCUSDT,2019-10-16,0.0,0.9995,0.0005,0.0
BTCUSDT,2019-10-17,0.0,0.9998,0.0002,0.0
BTCUSDT,2019-10-18,0.0,0.9999,0.0001,0.0
BTCUSDT,2019-10-19,0.0,0.9999,0.0001,0.0
BTCUSDT,2019-10-20,0.0,0.9999,0.0001,0.0
BTCUSDT,2019-10-21,0.0,0.9999,0.0001,0.0
BTCUSDT,2019-10-22,0.0,0.9997,0.0003,0.0
BTCUSDT,2019-10-23,0.0,0.9928,0.0072,0.0
BTCUSDT,2019-10-24,0.0,0.9725,0.0275,0.0
BTCUSDT,2019-10-25,1.0,0.0,0.0,1.0
BTCUSDT,2019-10-26,1.0,0.0,0.0,1.0
BTCUSDT,2019-10-27,1.0,0.0,0.0,1.0
BTCUSDT,2019-10-28,1.0,0.0,0.0,1.0
BTCUSDT,2019-10-29,1.0,0.0,0.0,1.0
BTCUSDT,2019-10-30,1.0,0.0,0.0,1.0
BTCUSDT,2019-10-31,1.0,0.0,0.0,1.0
BTCUSDT,2019-11-01,1.0,0.0,0.0,1.0
BTCUSDT,2019-11-02,0.9997,0.0,0.0003,0.9997
BTCUSDT,2019-11-03,0.0,0.0223,0.9777,0.0
BTCUSDT,2019-11-04,1.0,0.0,0.0,1.0
BTCUSDT,2019-11-05,0.0,0.0144,0.9856,0.0
BTCUSDT,2019-11-06,1.0,0.0,0.0,1.0
BTCUSDT,2019-11-07,0.9992,0.0,0.0008,0.9992
BTCUSDT,2019-11-08,0.0,0.0003,0.9997,0.0
BTCUSDT,2019-11-09,0.0,0.0,1.0,0.0
BTCUSDT,2019-11-10,0.0,0.0,1.0,0.0
BTCUSDT,2019-11-11,0.0,0.0,1.0,0.0
BTCUSDT,2019-11-12,0.0,0.0,1.0,0.0
BTCUSDT,2019-11-13,0.0,0.0002,0.9998,0.0
BTCUSDT,2019-11-14,0.0,0.0112,0.9888,0.0
BTCUSDT,2019-11-15,0.0,0.9115,0.0885,0.0
BTCUSDT,2019-11-16,0.0,0.9931,0.0069,0.0
BTCUSDT,2019-11-17,0.0,0.9952,0.0048,0.0
BTCUSDT,2019-11-18,0.0,0.9822,0.0178,0.0
BTCUSDT,2019-11-19,0.0,0.8121,0.1879,0.0
BTCUSDT,2019-11-20,0.0,0.229,0.771,0.0
BTCUSDT,2019-11-21,0.0,0.0004,0.9996,0.0
BTCUSDT,2019-11-22,0.0,0.0,1.0,0.0
BTCUSDT,2019-11-23,0.0,0.0,1.0,0.0
BTCUSDT,2019-11-24,0.0,0.0,1.0,0.0
BTCUSDT,2019-11-25,0.0,0.0,1.0,0.0
BTCUSDT,2019-11-26,0.0,0.0011,0.9989,0.0
BTCUSDT,2019-11-27,0.0,0.4946,0.5054,0.0
BTCUSDT,2019-11-28,0.0,0.6514,0.3486,0.0
BTCUSDT,2019-11-29,1.0,0.0,0.0,1.0
BTCUSDT,2019-11-30,1.0,0.0,0.0,1.0
BTCUSDT,2019-12-01,1.0,0.0,0.0,1.0
BTCUSDT,2019-12-02,1.0,0.0,0.0,1.0
BTCUSDT,2019-12-03,1.0,0.0,0.0,1.0
BTCUSDT,2019-12-04,0.0,0.9981,0.0019,0.0
BTCUSDT,2019-12-05,0.0,0.9994,0.0006,0.0
BTCUSDT,2019-12-06,0.0,0.9993,0.0007,0.0
BTCUSDT,2019-12-07,0.0,0.9949,0.0051,0.0
BTCUSDT,2019-12-08,1.0,0.0,0.0,1.0
BTCUSDT,2019-12-09,0.9999,0.0001,0.0,0.9999
BTCUSDT,2019-12-10,0.0,0.9975,0.0025,0.0
BTCUSDT,2019-12-11,0.0,0.9996,0.0004,0.0
BTCUSDT,2019-12-12,0.0,0.9999,0.0001,0.0
BTCUSDT,2019-12-13,0.0,0.9999,0.0001,0.0
BTCUSDT,2019-12-14,0.0,0.9997,0.0003,0.0
BTCUSDT,2019-12-15,0.0,0.9986,0.0014,0.0
BTCUSDT,2019-12-16,0.0,0.9872,0.0128,0.0
BTCUSDT,2019-12-17,0.0,0.9253,0.0747,0.0
BTCUSDT,2019-12-18,0.9581,0.0418,0.0,0.9581
BTCUSDT,2019-12-19,0.0,0.9753,0.0247,0.0
BTCUSDT,2019-12-20,0.0,0.9751,0.0249,0.0
BTCUSDT,2019-12-21,0.9995,0.0005,0.0,0.9995
BTCUSDT,2019-12-22,1.0,0.0,0.0,1.0
BTCUSDT,2019-12-23,1.0,0.0,0.0,1.0
BTCUSDT,2019-12-24,1.0,0.0,0.0,1.0
BTCUSDT,2019-12-25,0.0,0.8723,0.1277,0.0
BTCUSDT,2019-12-26,0.9924,0.0075,0.0001,0.9924
BTCUSDT,2019-12-27,1.0,0.0,0.0,1.0
BTCUSDT,2019-12-28,1.0,0.0,0.0,1.0
BTCUSDT,2019-12-29,0.0,0.996,0.004,0.0
BTCUSDT,2019-12-30,0.0,0.9989,0.0011,0.0
BTCUSDT,2019-12-31,0.0,0.9994,0.0006,0.0
BTCUSDT,2020-01-01,0.0,0.9986,0.0014,0.0
BTCUSDT,2020-01-02,0.0,0.9938,0.0062,0.0
BTCUSDT,2020-01-03,0.9981,0.0019,0.0,0.9981
BTCUSDT,2020-01-04,1.0,0.0,0.0,1.0
BTCUSDT,2020-01-05,0.0,0.8066,0.1934,0.0
BTCUSDT,2020-01-06,1.0,0.0,0.0,1.0
BTCUSDT,2020-01-07,1.0,0.0,0.0,1.0
BTCUSDT,2020-01-08,1.0,0.0,0.0,1.0
BTCUSDT,2020-01-09,1.0,0.0,0.0,1.0
BTCUSDT,2020-01-10,1.0,0.0,0.0,1.0
BTCUSDT,2020-01-11,1.0,0.0,0.0,1.0
BTCUSDT,2020-01-12,1.0,0.0,0.0,1.0
BTCUSDT,2020-01-13,1.0,0.0,0.0,1.0
BTCUSDT,2020-01-14,1.0,0.0,0.0,1.0
BTCUSDT,2020-01-15,1.0,0.0,0.0,1.0
BTCUSDT,2020-01-16,1.0,0.0,0.0,1.0
BTCUSDT,2020-01-17,1.0,0.0,0.0,1.0
BTCUSDT,2020-01-18,1.0,0.0,0.0,1.0
BTCUSDT,2020-01-19,1.0,0.0,0.0,1.0
BTCUSDT,2020-01-20,1.0,0.0,0.0,1.0
BTCUSDT,2020-01-21,0.0,0.9923,0.0077,0.0
BTCUSDT,2020-01-22,0.0,0.9971,0.0029,0.0
BTCUSDT,2020-01-23,0.0,0.9981,0.0019,0.0
BTCUSDT,2020-01-24,0.0,0.9969,0.0031,0.0
BTCUSDT,2020-01-25,0.0,0.9928,0.0072,0.0
BTCUSDT,2020-01-26,0.0,0.9878,0.0122,0.0
BTCUSDT,2020-01-27,1.0,0.0,0.0,1.0
BTCUSDT,2020-01-28,1.0,0.0,0.0,1.0
BTCUSDT,2020-01-29,1.0,0.0,0.0,1.0
BTCUSDT,2020-01-30,1.0,0.0,0.0,1.0
BTCUSDT,2020-01-31,1.0,0.0,0.0,1.0
BTCUSDT,2020-02-01,1.0,0.0,0.0,1.0
BTCUSDT,2020-02-02,1.0,0.0,0.0,1.0
BTCUSDT,2020-02-03,1.0,0.0,0.0,1.0
BTCUSDT,2020-02-04,0.0,0.9832,0.0168,0.0
BTCUSDT,2020-02-05,1.0,0.0,0.0,1.0
BTCUSDT,2020-02-06,1.0,0.0,0.0,1.0
BTCUSDT,2020-02-07,1.0,0.0,0.0,1.0
BTCUSDT,2020-02-08,1.0,0.0,0.0,1.0
BTCUSDT,2020-02-09,1.0,0.0,0.0,1.0
BTCUSDT,2020-02-10,1.0,0.0,0.0,1.0
BTCUSDT,2020-02-11,1.0,0.0,0.0,1.0
BTCUSDT,2020-02-12,1.0,0.0,0.0,1.0
BTCUSDT,2020-02-13,1.0,0.0,0.0,1.0
BTCUSDT,2020-02-14,1.0,0.0,0.0,1.0
BTCUSDT,2020-02-15,0.9763,0.0236,0.0,0.9763
BTCUSDT,2020-02-16,0.0,0.999,0.001,0.0
BTCUSDT,2020-02-17,0.0,0.9999,0.0001,0.0
BTCUSDT,2020-02-18,0.0,0.9999,0.0001,0.0
BTCUSDT,2020-02-19,0.0,0.9992,0.0008,0.0
BTCUSDT,2020-02-20,0.0,0.9994,0.0006,0.0
BTCUSDT,2020-02-21,0.0,0.9993,0.0007,0.0
BTCUSDT,2020-02-22,0.0,0.9988,0.0012,0.0
BTCUSDT,2020-02-23,0.0,0.9881,0.0119,0.0
BTCUSDT,2020-02-24,0.0,0.9125,0.0875,0.0
BTCUSDT,2020-02-25,0.0,0.3973,0.6027,0.0
BTCUSDT,2020-02-26,0.0,0.1042,0.8958,0.0
BTCUSDT,2020-02-27,0.0,0.0216,0.9784,0.0
BTCUSDT,2020-02-28,0.0,0.0004,0.9996,0.0
BTCUSDT,2020-02-29,0.0,0.0,1.0,0.0
BTCUSDT,2020-03-01,0.0,0.0,1.0,0.0
BTCUSDT,2020-03-02,0.0,0.1745,0.8255,0.0
BTCUSDT,2020-03-03,0.0,0.5829,0.4171,0.0
BTCUSDT,2020-03-04,0.0,0.6911,0.3089,0.0
BTCUSDT,2020-03-05,1.0,0.0,0.0,1.0
BTCUSDT,2020-03-06,1.0,0.0,0.0,1.0
BTCUSDT,2020-03-07,1.0,0.0,0.0,1.0
BTCUSDT,2020-03-08,0.0,0.0701,0.9299,0.0
BTCUSDT,2020-03-09,0.0,0.0004,0.9996,0.0
BTCUSDT,2020-03-10,0.0,0.0,1.0,0.0
BTCUSDT,2020-03-11,0.0,0.0001,0.9999,0.0
BTCUSDT,2020-03-12,0.0,0.0,1.0,0.0
BTCUSDT,2020-03-13,0.0,0.0,1.0,0.0
BTCUSDT,2020-03-14,0.0,0.0,1.0,0.0
BTCUSDT,2020-03-15,0.0,0.0,1.0,0.0
BTCUSDT,2020-03-16,0.0,0.0,1.0,0.0
BTCUSDT,2020-03-17,0.0,0.0,1.0,0.0
BTCUSDT,2020-03-18,0.0,0.0,1.0,0.0
BTCUSDT,2020-03-19,1.0,0.0,0.0,1.0
BTCUSDT,2020-03-20,1.0,0.0,0.0,1.0
BTCUSDT,2020-03-21,1.0,0.0,0.0,1.0
BTCUSDT,2020-03-22,1.0,0.0,0.0,1.0
BTCUSDT,2020-03-23,1.0,0.0,0.0,1.0
BTCUSDT,2020-03-24,1.0,0.0,0.0,1.0
BTCUSDT,2020-03-25,1.0,0.0,0.0,1.0
BTCUSDT,2020-03-26,1.0,0.0,0.0,1.0
BTCUSDT,2020-03-27,1.0,0.0,0.0,1.0
BTCUSDT,2020-03-28,0.9932,0.0,0.0068,0.9932
BTCUSDT,2020-03-29,0.999,0.0,0.001,0.999
BTCUSDT,2020-03-30,0.175,0.0,0.825,0.175
BTCUSDT,2020-03-31,0.0,0.0,1.0,0.0
BTCUSDT,2020-04-01,0.0,0.0,1.0,0.0
BTCUSDT,2020-04-02,0.9997,0.0,0.0003,0.9997
BTCUSDT,2020-04-03,1.0,0.0,0.0,1.0
BTCUSDT,2020-04-04,1.0,0.0,0.0,1.0
BTCUSDT,2020-04-05,1.0,0.0,0.0,1.0
BTCUSDT,2020-04-06,1.0,0.0,0.0,1.0
BTCUSDT,2020-04-07,1.0,0.0,0.0,1.0
BTCUSDT,2020-04-08,1.0,0.0,0.0,1.0
BTCUSDT,2020-04-09,1.0,0.0,0.0,1.0
BTCUSDT,2020-04-10,1.0,0.0,0.0,1.0
BTCUSDT,2020-04-11,0.0,0.0067,0.9933,0.0
BTCUSDT,2020-04-12,1.0,0.0,0.0,1.0
BTCUSDT,2020-04-13,0.0,0.0192,0.9808,0.0
BTCUSDT,2020-04-14,0.0,0.0081,0.9919,0.0
BTCUSDT,2020-04-15,0.0,0.0005,0.9995,0.0
BTCUSDT,2020-04-16,0.0,0.0062,0.9938,0.0
BTCUSDT,2020-04-17,1.0,0.0,0.0,1.0
BTCUSDT,2020-04-18,1.0,0.0,0.0,1.0
BTCUSDT,2020-04-19,1.0,0.0,0.0,1.0
BTCUSDT,2020-04-20,0.9999,0.0001,0.0,0.9999
BTCUSDT,2020-04-21,0.9999,0.0001,0.0,0.9999
BTCUSDT,2020-04-22,1.0,0.0,0.0,1.0
BTCUSDT,2020-04-23,1.0,0.0,0.0,1.0
BTCUSDT,2020-04-24,1.0,0.0,0.0,1.0
BTCUSDT,2020-04-25,1.0,0.0,0.0,1.0
BTCUSDT,2020-04-26,1.0,0.0,0.0,1.0
BTCUSDT,2020-04-27,1.0,0.0,0.0,1.0
BTCUSDT,2020-04-28,1.0,0.0,0.0,1.0
BTCUSDT,2020-04-29,1.0,0.0,0.0,1.0
BTCUSDT,2020-04-30,1.0,0.0,0.0,1.0
BTCUSDT,2020-05-01,1.0,0.0,0.0,1.0
BTCUSDT,2020-05-02,1.0,0.0,0.0,1.0
BTCUSDT,2020-05-03,1.0,0.0,0.0,1.0
BTCUSDT,2020-05-04,1.0,0.0,0.0,1.0
BTCUSDT,2020-05-05,1.0,0.0,0.0,1.0
BTCUSDT,2020-05-06,1.0,0.0,0.0,1.0
BTCUSDT,2020-05-07,1.0,0.0,0.0,1.0
BTCUSDT,2020-05-08,1.0,0.0,0.0,1.0
BTCUSDT,2020-05-09,1.0,0.0,0.0,1.0
BTCUSDT,2020-05-10,0.0,0.0015,0.9985,0.0
BTCUSDT,2020-05-11,0.0,0.0003,0.9997,0.0
BTCUSDT,2020-05-12,0.0,0.0012,0.9988,0.0
BTCUSDT,2020-05-13,0.5534,0.0,0.4466,0.5534
BTCUSDT,2020-05-14,0.0,0.0011,0.9989,0.0
BTCUSDT,2020-05-15,0.0,0.0,1.0,0.0
BTCUSDT,2020-05-16,0.0,0.0005,0.9995,0.0
BTCUSDT,2020-05-17,1.0,0.0,0.0,1.0
BTCUSDT,2020-05-18,1.0,0.0,0.0,1.0
BTCUSDT,2020-05-19,1.0,0.0,0.0,1.0
BTCUSDT,2020-05-20,1.0,0.0,0.0,1.0
BTCUSDT,2020-05-21,0.0,0.0099,0.9901,0.0
BTCUSDT,2020-05-22,0.0,0.0038,0.9962,0.0
BTCUSDT,2020-05-23,0.0,0.0016,0.9984,0.0
BTCUSDT,2020-05-24,0.0,0.0,1.0,0.0
BTCUSDT,2020-05-25,0.0,0.0,1.0,0.0
BTCUSDT,2020-05-26,0.0,0.0001,0.9999,0.0
BTCUSDT,2020-05-27,0.0,0.0077,0.9923,0.0
BTCUSDT,2020-05-28,1.0,0.0,0.0,1.0
BTCUSDT,2020-05-29,1.0,0.0,0.0,1.0
BTCUSDT,2020-05-30,1.0,0.0,0.0,1.0
BTCUSDT,2020-05-31,1.0,0.0,0.0,1.0
BTCUSDT,2020-06-01,1.0,0.0,0.0,1.0
BTCUSDT,2020-06-02,1.0,0.0,0.0,1.0
BTCUSDT,2020-06-03,1.0,0.0,0.0,1.0
BTCUSDT,2020-06-04,1.0,0.0,0.0,1.0
BTCUSDT,2020-06-05,1.0,0.0,0.0,1.0
BTCUSDT,2020-06-06,0.0,0.7573,0.2427,0.0
BTCUSDT,2020-06-07,1.0,0.0,0.0,1.0
BTCUSDT,2020-06-08,0.0,0.8521,0.1479,0.0
BTCUSDT,2020-06-09,1.0,0.0,0.0,1.0
BTCUSDT,2020-06-10,1.0,0.0,0.0,1.0
BTCUSDT,2020-06-11,0.0,0.9818,0.0182,0.0
BTCUSDT,2020-06-12,0.0,0.9917,0.0083,0.0
BTCUSDT,2020-06-13,0.0,0.9961,0.0039,0.0
BTCUSDT,2020-06-14,0.0,0.9984,0.0016,0.0
BTCUSDT,2020-06-15,0.0,0.9988,0.0012,0.0
BTCUSDT,2020-06-16,0.0,0.9978,0.0022,0.0
BTCUSDT,2020-06-17,0.0,0.9925,0.0075,0.0
BTCUSDT,2020-06-18,0.9868,0.0132,0.0,0.9868
BTCUSDT,2020-06-19,0.0,0.9964,0.0036,0.0
BTCUSDT,2020-06-20,0.0,0.9982,0.0018,0.0
BTCUSDT,2020-06-21,0.0,0.9949,0.0051,0.0
BTCUSDT,2020-06-22,1.0,0.0,0.0,1.0
BTCUSDT,2020-06-23,0.9999,0.0001,0.0,0.9999
BTCUSDT,2020-06-24,0.0,0.9993,0.0007,0.0
BTCUSDT,2020-06-25,0.0,0.9999,0.0001,0.0
BTCUSDT,2020-06-26,0.0,1.0,0.0,0.0
BTCUSDT,2020-06-27,0.0,1.0,0.0,0.0
BTCUSDT,2020-06-28,0.0,1.0,0.0,0.0
BTCUSDT,2020-06-29,0.0,0.9999,0.0001,0.0
BTCUSDT,2020-06-30,0.0,0.9999,0.0001,0.0
BTCUSDT,2020-07-01,0.0,0.9999,0.0001,0.0
BTCUSDT,2020-07-02,0.0,0.9999,0.0001,0.0
BTCUSDT,2020-07-03,0.0,0.9988,0.0012,0.0
BTCUSDT,2020-07-04,0.9992,0.0008,0.0,0.9992
BTCUSDT,2020-07-05,0.0,0.9817,0.0183,0.0
BTCUSDT,2020-07-06,1.0,0.0,0.0,1.0
BTCUSDT,2020-07-07,1.0,0.0,0.0,1.0
BTCUSDT,2020-07-08,1.0,0.0,0.0,1.0
BTCUSDT,2020-07-09,1.0,0.0,0.0,1.0
BTCUSDT,2020-07-10,1.0,0.0,0.0,1.0
BTCUSDT,2020-07-11,1.0,0.0,0.0,1.0
BTCUSDT,2020-07-12,1.0,0.0,0.0,1.0
BTCUSDT,2020-07-13,0.0,0.9993,0.0007,0.0
BTCUSDT,2020-07-14,0.0,0.9999,0.0001,0.0
BTCUSDT,2020-07-15,0.0,0.9999,0.0001,0.0
BTCUSDT,2020-07-16,0.0,0.9999,0.0001,0.0
BTCUSDT,2020-07-17,0.0,0.9999,0.0001,0.0
BTCUSDT,2020-07-18,0.0,0.9999,0.0001,0.0
BTCUSDT,2020-07-19,0.0,0.9999,0.0001,0.0
BTCUSDT,2020-07-20,0.0,0.9984,0.0016,0.0
BTCUSDT,2020-07-21,1.0,0.0,0.0,1.0
BTCUSDT,2020-07-22,1.0,0.0,0.0,1.0
BTCUSDT,2020-07-23,1.0,0.0,0.0,1.0
BTCUSDT,2020-07-24,1.0,0.0,0.0,1.0
BTCUSDT,2020-07-25,1.0,0.0,0.0,1.0
BTCUSDT,2020-07-26,1.0,0.0,0.0,1.0
BTCUSDT,2020-07-27,1.0,0.0,0.0,1.0
BTCUSDT,2020-07-28,1.0,0.0,0.0,1.0
BTCUSDT,2020-07-29,1.0,0.0,0.0,1.0
BTCUSDT,2020-07-30,1.0,0.0,0.0,1.0
BTCUSDT,2020-07-31,1.0,0.0,0.0,1.0
BTCUSDT,2020-08-01,1.0,0.0,0.0,1.0
BTCUSDT,2020-08-02,1.0,0.0,0.0,1.0
BTCUSDT,2020-08-03,1.0,0.0,0.0,1.0
BTCUSDT,2020-08-04,1.0,0.0,0.0,1.0
BTCUSDT,2020-08-05,1.0,0.0,0.0,1.0
BTCUSDT,2020-08-06,1.0,0.0,0.0,1.0
BTCUSDT,2020-08-07,1.0,0.0,0.0,1.0
BTCUSDT,2020-08-08,0.0,0.7773,0.2227,0.0
BTCUSDT,2020-08-09,1.0,0.0,0.0,1.0
BTCUSDT,2020-08-10,1.0,0.0,0.0,1.0
BTCUSDT,2020-08-11,1.0,0.0,0.0,1.0
BTCUSDT,2020-08-12,0.0,0.7519,0.2481,0.0
BTCUSDT,2020-08-13,0.9953,0.0033,0.0014,0.9953
BTCUSDT,2020-08-14,1.0,0.0,0.0,1.0
BTCUSDT,2020-08-15,1.0,0.0,0.0,1.0
BTCUSDT,2020-08-16,1.0,0.0,0.0,1.0
BTCUSDT,2020-08-17,1.0,0.0,0.0,1.0
BTCUSDT,2020-08-18,1.0,0.0,0.0,1.0
BTCUSDT,2020-08-19,1.0,0.0,0.0,1.0
BTCUSDT,2020-08-20,0.9986,0.0014,0.0,0.9986
BTCUSDT,2020-08-21,0.0,0.9983,0.0017,0.0
BTCUSDT,2020-08-22,0.0,0.9998,0.0002,0.0
BTCUSDT,2020-08-23,0.0,0.9999,0.0001,0.0
BTCUSDT,2020-08-24,0.0,0.9999,0.0001,0.0
BTCUSDT,2020-08-25,0.0,0.9999,0.0001,0.0
BTCUSDT,2020-08-26,0.0,1.0,0.0,0.0
BTCUSDT,2020-08-27,0.0,0.9999,0.0001,0.0
BTCUSDT,2020-08-28,0.0,0.9999,0.0001,0.0
BTCUSDT,2020-08-29,0.0,0.9992,0.0008,0.0
BTCUSDT,2020-08-30,0.6775,0.3225,0.0,0.6775
BTCUSDT,2020-08-31,0.0,0.9871,0.0129,0.0
BTCUSDT,2020-09-01,1.0,0.0,0.0,1.0
BTCUSDT,2020-09-02,0.0,0.5916,0.4084,0.0
BTCUSDT,2020-09-03,0.0,0.0329,0.9671,0.0
BTCUSDT,2020-09-04,0.0,0.003,0.997,0.0
BTCUSDT,2020-09-05,0.0,0.0,1.0,0.0
BTCUSDT,2020-09-06,0.0,0.0,1.0,0.0
BTCUSDT,2020-09-07,0.0,0.0,1.0,0.0
BTCUSDT,2020-09-08,0.0,0.0,1.0,0.0
BTCUSDT,2020-09-09,0.0,0.0007,0.9993,0.0
BTCUSDT,2020-09-10,0.9999,0.0001,0.0,0.9999
BTCUSDT,2020-09-11,0.0,0.8844,0.1156,0.0
BTCUSDT,2020-09-12,1.0,0.0,0.0,1.0
BTCUSDT,2020-09-13,0.9997,0.0002,0.0,0.9997
BTCUSDT,2020-09-14,1.0,0.0,0.0,1.0
BTCUSDT,2020-09-15,1.0,0.0,0.0,1.0
BTCUSDT,2020-09-16,1.0,0.0,0.0,1.0
BTCUSDT,2020-09-17,1.0,0.0,0.0,1.0
BTCUSDT,2020-09-18,1.0,0.0,0.0,1.0
BTCUSDT,2020-09-19,1.0,0.0,0.0,1.0
BTCUSDT,2020-09-20,1.0,0.0,0.0,1.0
BTCUSDT,2020-09-21,0.0,0.9902,0.0098,0.0
BTCUSDT,2020-09-22,0.0,0.9958,0.0042,0.0
BTCUSDT,2020-09-23,0.0,0.9968,0.0032,0.0
BTCUSDT,2020-09-24,0.0,0.9998,0.0002,0.0
BTCUSDT,2020-09-25,0.0,0.9999,0.0001,0.0
BTCUSDT,2020-09-26,0.0,0.9999,0.0001,0.0
BTCUSDT,2020-09-27,0.0,0.9988,0.0012,0.0
BTCUSDT,2020-09-28,1.0,0.0,0.0,1.0
BTCUSDT,2020-09-29,1.0,0.0,0.0,1.0
BTCUSDT,2020-09-30,1.0,0.0,0.0,1.0
BTCUSDT,2020-10-01,0.0,0.9992,0.0008,0.0
BTCUSDT,2020-10-02,0.0,0.9999,0.0001,0.0
BTCUSDT,2020-10-03,0.0,0.9999,0.0001,0.0
BTCUSDT,2020-10-04,0.0,0.9987,0.0013,0.0
BTCUSDT,2020-10-05,0.9747,0.0253,0.0,0.9747
BTCUSDT,2020-10-06,0.0,0.9988,0.0012,0.0
BTCUSDT,2020-10-07,0.0,0.9983,0.0017,0.0
BTCUSDT,2020-10-08,1.0,0.0,0.0,1.0
BTCUSDT,2020-10-09,1.0,0.0,0.0,1.0
BTCUSDT,2020-10-10,1.0,0.0,0.0,1.0
BTCUSDT,2020-10-11,1.0,0.0,0.0,1.0
BTCUSDT,2020-10-12,1.0,0.0,0.0,1.0
BTCUSDT,2020-10-13,1.0,0.0,0.0,1.0
BTCUSDT,2020-10-14,1.0,0.0,0.0,1.0
BTCUSDT,2020-10-15,1.0,0.0,0.0,1.0
BTCUSDT,2020-10-16,1.0,0.0,0.0,1.0
BTCUSDT,2020-10-17,1.0,0.0,0.0,1.0
BTCUSDT,2020-10-18,1.0,0.0,0.0,1.0
BTCUSDT,2020-10-19,1.0,0.0,0.0,1.0
BTCUSDT,2020-10-20,1.0,0.0,0.0,1.0
BTCUSDT,2020-10-21,1.0,0.0,0.0,1.0
BTCUSDT,2020-10-22,1.0,0.0,0.0,1.0
BTCUSDT,2020-10-23,1.0,0.0,0.0,1.0
BTCUSDT,2020-10-24,1.0,0.0,0.0,1.0
BTCUSDT,2020-10-25,1.0,0.0,0.0,1.0
BTCUSDT,2020-10-26,1.0,0.0,0.0,1.0
BTCUSDT,2020-10-27,1.0,0.0,0.0,1.0
BTCUSDT,2020-10-28,1.0,0.0,0.0,1.0
BTCUSDT,2020-10-29,1.0,0.0,0.0,1.0
BTCUSDT,2020-10-30,1.0,0.0,0.0,1.0
BTCUSDT,2020-10-31,1.0,0.0,0.0,1.0
BTCUSDT,2020-11-01,1.0,0.0,0.0,1.0
BTCUSDT,2020-11-02,1.0,0.0,0.0,1.0
BTCUSDT,2020-11-03,1.0,0.0,0.0,1.0
BTCUSDT,2020-11-04,1.0,0.0,0.0,1.0
BTCUSDT,2020-11-05,1.0,0.0,0.0,1.0
BTCUSDT,2020-11-06,1.0,0.0,0.0,1.0
BTCUSDT,2020-11-07,1.0,0.0,0.0,1.0
BTCUSDT,2020-11-08,1.0,0.0,0.0,1.0
BTCUSDT,2020-11-09,1.0,0.0,0.0,1.0
BTCUSDT,2020-11-10,1.0,0.0,0.0,1.0
BTCUSDT,2020-11-11,1.0,0.0,0.0,1.0
BTCUSDT,2020-11-12,1.0,0.0,0.0,1.0
BTCUSDT,2020-11-13,1.0,0.0,0.0,1.0
BTCUSDT,2020-11-14,1.0,0.0,0.0,1.0
BTCUSDT,2020-11-15,1.0,0.0,0.0,1.0
BTCUSDT,2020-11-16,1.0,0.0,0.0,1.0
BTCUSDT,2020-11-17,1.0,0.0,0.0,1.0
BTCUSDT,2020-11-18,1.0,0.0,0.0,1.0
BTCUSDT,2020-11-19,1.0,0.0,0.0,1.0
BTCUSDT,2020-11-20,1.0,0.0,0.0,1.0
BTCUSDT,2020-11-21,1.0,0.0,0.0,1.0
BTCUSDT,2020-11-22,1.0,0.0,0.0,1.0
BTCUSDT,2020-11-23,1.0,0.0,0.0,1.0
BTCUSDT,2020-11-24,1.0,0.0,0.0,1.0
BTCUSDT,2020-11-25,1.0,0.0,0.0,1.0
BTCUSDT,2020-11-26,0.0,0.3821,0.6179,0.0
BTCUSDT,2020-11-27,0.0,0.3404,0.6596,0.0
BTCUSDT,2020-11-28,0.0,0.4025,0.5975,0.0
BTCUSDT,2020-11-29,0.0,0.4435,0.5565,0.0
BTCUSDT,2020-11-30,1.0,0.0,0.0,1.0
BTCUSDT,2020-12-01,0.0,0.4206,0.5794,0.0
BTCUSDT,2020-12-02,1.0,0.0,0.0,1.0
BTCUSDT,2020-12-03,1.0,0.0,0.0,1.0
BTCUSDT,2020-12-04,1.0,0.0,0.0,1.0
BTCUSDT,2020-12-05,1.0,0.0,0.0,1.0
BTCUSDT,2020-12-06,1.0,0.0,0.0,1.0
BTCUSDT,2020-12-07,0.0,0.0506,0.9494,0.0
BTCUSDT,2020-12-08,0.0,0.0243,0.9757,0.0
BTCUSDT,2020-12-09,0.0,0.012,0.988,0.0
BTCUSDT,2020-12-10,0.0,0.0063,0.9937,0.0
BTCUSDT,2020-12-11,0.0,0.0096,0.9904,0.0
BTCUSDT,2020-12-12,0.0,0.0131,0.9869,0.0
BTCUSDT,2020-12-13,0.0,0.0242,0.9758,0.0
BTCUSDT,2020-12-14,0.9958,0.0002,0.004,0.9958
BTCUSDT,2020-12-15,1.0,0.0,0.0,1.0
BTCUSDT,2020-12-16,1.0,0.0,0.0,1.0
BTCUSDT,2020-12-17,1.0,0.0,0.0,1.0
BTCUSDT,2020-12-18,1.0,0.0,0.0,1.0
BTCUSDT,2020-12-19,1.0,0.0,0.0,1.0
BTCUSDT,2020-12-20,1.0,0.0,0.0,1.0
BTCUSDT,2020-12-21,1.0,0.0,0.0,1.0
BTCUSDT,2020-12-22,1.0,0.0,0.0,1.0
BTCUSDT,2020-12-23,1.0,0.0,0.0,1.0
BTCUSDT,2020-12-24,1.0,0.0,0.0,1.0
BTCUSDT,2020-12-25,1.0,0.0,0.0,1.0
BTCUSDT,2020-12-26,1.0,0.0,0.0,1.0
BTCUSDT,2020-12-27,1.0,0.0,0.0,1.0
BTCUSDT,2020-12-28,1.0,0.0,0.0,1.0
BTCUSDT,2020-12-29,1.0,0.0,0.0,1.0
BTCUSDT,2020-12-30,1.0,0.0,0.0,1.0
BTCUSDT,2020-12-31,1.0,0.0,0.0,1.0
BTCUSDT,2021-01-01,1.0,0.0,0.0,1.0
BTCUSDT,2021-01-02,1.0,0.0,0.0,1.0
BTCUSDT,2021-01-03,1.0,0.0,0.0,1.0
BTCUSDT,2021-01-04,1.0,0.0,0.0,1.0
BTCUSDT,2021-01-05,1.0,0.0,0.0,1.0
BTCUSDT,2021-01-06,1.0,0.0,0.0,1.0
BTCUSDT,2021-01-07,1.0,0.0,0.0,1.0
BTCUSDT,2021-01-08,1.0,0.0,0.0,1.0
BTCUSDT,2021-01-09,1.0,0.0,0.0,1.0
BTCUSDT,2021-01-10,1.0,0.0,0.0,1.0
BTCUSDT,2021-01-11,1.0,0.0,0.0,1.0
BTCUSDT,2021-01-12,0.0,0.0029,0.9971,0.0
BTCUSDT,2021-01-13,0.9997,0.0,0.0003,0.9997
BTCUSDT,2021-01-14,0.0,0.0,1.0,0.0
BTCUSDT,2021-01-15,0.0,0.0,1.0,0.0
BTCUSDT,2021-01-16,0.0,0.0,1.0,0.0
BTCUSDT,2021-01-17,0.0,0.0,1.0,0.0
BTCUSDT,2021-01-18,1.0,0.0,0.0,1.0
BTCUSDT,2021-01-19,1.0,0.0,0.0,1.0
BTCUSDT,2021-01-20,0.0,0.0,1.0,0.0
BTCUSDT,2021-01-21,0.0,0.0,1.0,0.0
BTCUSDT,2021-01-22,0.0,0.0,1.0,0.0
BTCUSDT,2021-01-23,0.0,0.0,1.0,0.0
BTCUSDT,2021-01-24,0.0,0.0,1.0,0.0
BTCUSDT,2021-01-25,0.0,0.0,1.0,0.0
BTCUSDT,2021-01-26,0.0,0.0,1.0,0.0
BTCUSDT,2021-01-27,0.0,0.0,1.0,0.0
BTCUSDT,2021-01-28,1.0,0.0,0.0,1.0
BTCUSDT,2021-01-29,1.0,0.0,0.0,1.0
BTCUSDT,2021-01-30,1.0,0.0,0.0,1.0
BTCUSDT,2021-01-31,1.0,0.0,0.0,1.0
BTCUSDT,2021-02-01,1.0,0.0,0.0,1.0
BTCUSDT,2021-02-02,1.0,0.0,0.0,1.0
BTCUSDT,2021-02-03,1.0,0.0,0.0,1.0
BTCUSDT,2021-02-04,1.0,0.0,0.0,1.0
BTCUSDT,2021-02-05,1.0,0.0,0.0,1.0
BTCUSDT,2021-02-06,1.0,0.0,0.0,1.0
BTCUSDT,2021-02-07,1.0,0.0,0.0,1.0
BTCUSDT,2021-02-08,1.0,0.0,0.0,1.0
BTCUSDT,2021-02-09,1.0,0.0,0.0,1.0
BTCUSDT,2021-02-10,1.0,0.0,0.0,1.0
BTCUSDT,2021-02-11,1.0,0.0,0.0,1.0
BTCUSDT,2021-02-12,1.0,0.0,0.0,1.0
BTCUSDT,2021-02-13,1.0,0.0,0.0,1.0
BTCUSDT,2021-02-14,1.0,0.0,0.0,1.0
BTCUSDT,2021-02-15,1.0,0.0,0.0,1.0
BTCUSDT,2021-02-16,1.0,0.0,0.0,1.0
BTCUSDT,2021-02-17,1.0,0.0,0.0,1.0
BTCUSDT,2021-02-18,1.0,0.0,0.0,1.0
BTCUSDT,2021-02-19,1.0,0.0,0.0,1.0
BTCUSDT,2021-02-20,1.0,0.0,0.0,1.0
BTCUSDT,2021-02-21,1.0,0.0,0.0,1.0
BTCUSDT,2021-02-22,1.0,0.0,0.0,1.0
BTCUSDT,2021-02-23,0.0,0.0,1.0,0.0
BTCUSDT,2021-02-24,0.0,0.0,1.0,0.0
BTCUSDT,2021-02-25,0.0,0.0,1.0,0.0
BTCUSDT,2021-02-26,0.0,0.0,1.0,0.0
BTCUSDT,2021-02-27,0.0,0.0,1.0,0.0
BTCUSDT,2021-02-28,0.0,0.0,1.0,0.0
BTCUSDT,2021-03-01,0.0,0.0,1.0,0.0
BTCUSDT,2021-03-02,0.0,0.0,1.0,0.0
BTCUSDT,2021-03-03,1.0,0.0,0.0,1.0
BTCUSDT,2021-03-04,1.0,0.0,0.0,1.0
BTCUSDT,2021-03-05,1.0,0.0,0.0,1.0
BTCUSDT,2021-03-06,1.0,0.0,0.0,1.0
BTCUSDT,2021-03-07,1.0,0.0,0.0,1.0
BTCUSDT,2021-03-08,1.0,0.0,0.0,1.0
BTCUSDT,2021-03-09,1.0,0.0,0.0,1.0
BTCUSDT,2021-03-10,1.0,0.0,0.0,1.0
BTCUSDT,2021-03-11,1.0,0.0,0.0,1.0
BTCUSDT,2021-03-12,1.0,0.0,0.0,1.0
BTCUSDT,2021-03-13,1.0,0.0,0.0,1.0
BTCUSDT,2021-03-14,1.0,0.0,0.0,1.0
BTCUSDT,2021-03-15,1.0,0.0,0.0,1.0
BTCUSDT,2021-03-16,1.0,0.0,0.0,1.0
BTCUSDT,2021-03-17,1.0,0.0,0.0,1.0
BTCUSDT,2021-03-18,0.9999,0.0,0.0001,0.9999
BTCUSDT,2021-03-19,1.0,0.0,0.0,1.0
BTCUSDT,2021-03-20,0.0,0.0163,0.9837,0.0
BTCUSDT,2021-03-21,0.0,0.0074,0.9926,0.0
BTCUSDT,2021-03-22,0.0,0.0071,0.9929,0.0
BTCUSDT,2021-03-23,0.0,0.005,0.995,0.0
BTCUSDT,2021-03-24,0.0,0.0,1.0,0.0
BTCUSDT,2021-03-25,0.0,0.0,1.0,0.0
BTCUSDT,2021-03-26,0.0,0.0059,0.9941,0.0
BTCUSDT,2021-03-27,0.0,0.0237,0.9763,0.0
BTCUSDT,2021-03-28,0.0,0.0574,0.9426,0.0
BTCUSDT,2021-03-29,1.0,0.0,0.0,1.0
BTCUSDT,2021-03-30,1.0,0.0,0.0,1.0
BTCUSDT,2021-03-31,1.0,0.0,0.0,1.0
BTCUSDT,2021-04-01,1.0,0.0,0.0,1.0
BTCUSDT,2021-04-02,1.0,0.0,0.0,1.0
BTCUSDT,2021-04-03,1.0,0.0,0.0,1.0
BTCUSDT,2021-04-04,1.0,0.0,0.0,1.0
BTCUSDT,2021-04-05,1.0,0.0,0.0,1.0
BTCUSDT,2021-04-06,0.0,0.9975,0.0025,0.0
BTCUSDT,2021-04-07,0.0,0.9992,0.0008,0.0
BTCUSDT,2021-04-08,0.0,0.999,0.001,0.0
BTCUSDT,2021-04-09,0.0,0.9955,0.0045,0.0
BTCUSDT,2021-04-10,1.0,0.0,0.0,1.0
BTCUSDT,2021-04-11,1.0,0.0,0.0,1.0
BTCUSDT,2021-04-12,1.0,0.0,0.0,1.0
BTCUSDT,2021-04-13,1.0,0.0,0.0,1.0
BTCUSDT,2021-04-14,1.0,0.0,0.0,1.0
BTCUSDT,2021-04-15,1.0,0.0,0.0,1.0
BTCUSDT,2021-04-16,1.0,0.0,0.0,1.0
BTCUSDT,2021-04-17,1.0,0.0,0.0,1.0
BTCUSDT,2021-04-18,0.0,0.15,0.85,0.0
BTCUSDT,2021-04-19,0.0,0.0818,0.9182,0.0
BTCUSDT,2021-04-20,0.0,0.0006,0.9994,0.0
BTCUSDT,2021-04-21,0.0,0.0,1.0,0.0
BTCUSDT,2021-04-22,0.0,0.0,1.0,0.0
BTCUSDT,2021-04-23,0.0,0.0,1.0,0.0
BTCUSDT,2021-04-24,0.0,0.0,1.0,0.0
BTCUSDT,2021-04-25,0.0,0.0,1.0,0.0
BTCUSDT,2021-04-26,0.0,0.0017,0.9983,0.0
BTCUSDT,2021-04-27,0.0,0.0086,0.9914,0.0
BTCUSDT,2021-04-28,1.0,0.0,0.0,1.0
BTCUSDT,2021-04-29,1.0,0.0,0.0,1.0
BTCUSDT,2021-04-30,1.0,0.0,0.0,1.0
BTCUSDT,2021-05-01,1.0,0.0,0.0,1.0
BTCUSDT,2021-05-02,1.0,0.0,0.0,1.0
BTCUSDT,2021-05-03,1.0,0.0,0.0,1.0
BTCUSDT,2021-05-04,0.0,0.1275,0.8725,0.0
BTCUSDT,2021-05-05,1.0,0.0,0.0,1.0
BTCUSDT,2021-05-06,1.0,0.0,0.0,1.0
BTCUSDT,2021-05-07,0.0,0.0081,0.9919,0.0
BTCUSDT,2021-05-08,1.0,0.0,0.0,1.0
BTCUSDT,2021-05-09,1.0,0.0,0.0,1.0
BTCUSDT,2021-05-10,0.0,0.0414,0.9586,0.0
BTCUSDT,2021-05-11,1.0,0.0,0.0,1.0
BTCUSDT,2021-05-12,0.0,0.0,1.0,0.0
BTCUSDT,2021-05-13,0.0,0.0,1.0,0.0
BTCUSDT,2021-05-14,0.0,0.0,1.0,0.0
BTCUSDT,2021-05-15,0.0,0.0,1.0,0.0
BTCUSDT,2021-05-16,0.0,0.0,1.0,0.0
BTCUSDT,2021-05-17,0.0,0.0,1.0,0.0
BTCUSDT,2021-05-18,0.0,0.0,1.0,0.0
BTCUSDT,2021-05-19,0.0,0.0,1.0,0.0
BTCUSDT,2021-05-20,0.0,0.0,1.0,0.0
BTCUSDT,2021-05-21,0.0,0.0,1.0,0.0
BTCUSDT,2021-05-22,0.0,0.0,1.0,0.0
BTCUSDT,2021-05-23,0.0,0.0,1.0,0.0
BTCUSDT,2021-05-24,0.0,0.0,1.0,0.0
BTCUSDT,2021-05-25,0.0,0.0,1.0,0.0
BTCUSDT,2021-05-26,1.0,0.0,0.0,1.0
BTCUSDT,2021-05-27,0.0,0.0,1.0,0.0
BTCUSDT,2021-05-28,0.0,0.0,1.0,0.0
BTCUSDT,2021-05-29,0.0,0.0,1.0,0.0
BTCUSDT,2021-05-30,1.0,0.0,0.0,1.0
BTCUSDT,2021-05-31,0.0,0.0,1.0,0.0
BTCUSDT,2021-06-01,0.0,0.0,1.0,0.0
BTCUSDT,2021-06-02,0.0,0.0,1.0,0.0
BTCUSDT,2021-06-03,1.0,0.0,0.0,1.0
BTCUSDT,2021-06-04,1.0,0.0,0.0,1.0
BTCUSDT,2021-06-05,1.0,0.0,0.0,1.0
BTCUSDT,2021-06-06,0.9817,0.0,0.0183,0.9817
BTCUSDT,2021-06-07,0.0,0.0,1.0,0.0
BTCUSDT,2021-06-08,0.0,0.0,1.0,0.0
BTCUSDT,2021-06-09,0.0,0.0,1.0,0.0
BTCUSDT,2021-06-10,0.0,0.0,1.0,0.0
BTCUSDT,2021-06-11,1.0,0.0,0.0,1.0
BTCUSDT,2021-06-12,0.9997,0.0,0.0003,0.9997
BTCUSDT,2021-06-13,1.0,0.0,0.0,1.0
BTCUSDT,2021-06-14,1.0,0.0,0.0,1.0
BTCUSDT,2021-06-15,1.0,0.0,0.0,1.0
BTCUSDT,2021-06-16,1.0,0.0,0.0,1.0
BTCUSDT,2021-06-17,1.0,0.0,0.0,1.0
BTCUSDT,2021-06-18,0.0,0.0003,0.9997,0.0
BTCUSDT,2021-06-19,0.4352,0.0,0.5648,0.4352
BTCUSDT,2021-06-20,0.0,0.0,1.0,0.0
BTCUSDT,2021-06-21,0.0,0.0,1.0,0.0
BTCUSDT,2021-06-22,0.0,0.0,1.0,0.0
BTCUSDT,2021-06-23,0.0,0.0,1.0,0.0
BTCUSDT,2021-06-24,0.0,0.0,1.0,0.0
BTCUSDT,2021-06-25,0.0,0.0,1.0,0.0
BTCUSDT,2021-06-26,0.0,0.0,1.0,0.0
BTCUSDT,2021-06-27,0.0,0.0,1.0,0.0
BTCUSDT,2021-06-28,1.0,0.0,0.0,1.0
BTCUSDT,2021-06-29,1.0,0.0,0.0,1.0
BTCUSDT,2021-06-30,1.0,0.0,0.0,1.0
BTCUSDT,2021-07-01,0.0,0.0002,0.9998,0.0
BTCUSDT,2021-07-02,1.0,0.0,0.0,1.0
BTCUSDT,2021-07-03,1.0,0.0,0.0,1.0
BTCUSDT,2021-07-04,1.0,0.0,0.0,1.0
BTCUSDT,2021-07-05,0.0,0.0002,0.9998,0.0
BTCUSDT,2021-07-06,0.0,0.0,1.0,0.0
BTCUSDT,2021-07-07,0.0,0.0,1.0,0.0
BTCUSDT,2021-07-08,0.0,0.0,1.0,0.0
BTCUSDT,2021-07-09,0.0,0.0,1.0,0.0
BTCUSDT,2021-07-10,0.0,0.0,1.0,0.0
BTCUSDT,2021-07-11,0.0,0.0001,0.9999,0.0
BTCUSDT,2021-07-12,0.0,0.0074,0.9926,0.0
BTCUSDT,2021-07-13,0.0,0.0271,0.9729,0.0
BTCUSDT,2021-07-14,0.0,0.0811,0.9189,0.0
BTCUSDT,2021-07-15,0.0,0.161,0.839,0.0
BTCUSDT,2021-07-16,0.0,0.2813,0.7187,0.0
BTCUSDT,2021-07-17,0.0,0.4462,0.5538,0.0
BTCUSDT,2021-07-18,0.0,0.5379,0.4621,0.0
BTCUSDT,2021-07-19,0.0,0.5794,0.4206,0.0
BTCUSDT,2021-07-20,0.0,0.5919,0.4081,0.0
BTCUSDT,2021-07-21,0.0,0.6597,0.3403,0.0
BTCUSDT,2021-07-22,1.0,0.0,0.0,1.0
BTCUSDT,2021-07-23,1.0,0.0,0.0,1.0
BTCUSDT,2021-07-24,1.0,0.0,0.0,1.0
BTCUSDT,2021-07-25,1.0,0.0,0.0,1.0
BTCUSDT,2021-07-26,1.0,0.0,0.0,1.0
BTCUSDT,2021-07-27,1.0,0.0,0.0,1.0
BTCUSDT,2021-07-28,1.0,0.0,0.0,1.0
BTCUSDT,2021-07-29,1.0,0.0,0.0,1.0
BTCUSDT,2021-07-30,1.0,0.0,0.0,1.0
BTCUSDT,2021-07-31,1.0,0.0,0.0,1.0
BTCUSDT,2021-08-01,1.0,0.0,0.0,1.0
BTCUSDT,2021-08-02,1.0,0.0,0.0,1.0
BTCUSDT,2021-08-03,0.0,0.5549,0.4451,0.0
BTCUSDT,2021-08-04,0.0,0.5322,0.4678,0.0
BTCUSDT,2021-08-05,1.0,0.0,0.0,1.0
BTCUSDT,2021-08-06,1.0,0.0,0.0,1.0
BTCUSDT,2021-08-07,1.0,0.0,0.0,1.0
BTCUSDT,2021-08-08,1.0,0.0,0.0,1.0
BTCUSDT,2021-08-09,1.0,0.0,0.0,1.0
BTCUSDT,2021-08-10,1.0,0.0,0.0,1.0
BTCUSDT,2021-08-11,1.0,0.0,0.0,1.0
BTCUSDT,2021-08-12,1.0,0.0,0.0,1.0
BTCUSDT,2021-08-13,1.0,0.0,0.0,1.0
BTCUSDT,2021-08-14,1.0,0.0,0.0,1.0
BTCUSDT,2021-08-15,1.0,0.0,0.0,1.0
BTCUSDT,2021-08-16,0.0,0.4829,0.5171,0.0
BTCUSDT,2021-08-17,0.0,0.483,0.517,0.0
BTCUSDT,2021-08-18,0.0,0.4859,0.5141,0.0
BTCUSDT,2021-08-19,1.0,0.0,0.0,1.0
BTCUSDT,2021-08-20,1.0,0.0,0.0,1.0
BTCUSDT,2021-08-21,1.0,0.0,0.0,1.0
BTCUSDT,2021-08-22,1.0,0.0,0.0,1.0
BTCUSDT,2021-08-23,1.0,0.0,0.0,1.0
BTCUSDT,2021-08-24,1.0,0.0,0.0,1.0
BTCUSDT,2021-08-25,1.0,0.0,0.0,1.0
BTCUSDT,2021-08-26,0.9969,0.0026,0.0005,0.9969
BTCUSDT,2021-08-27,0.0,0.68,0.32,0.0
BTCUSDT,2021-08-28,0.1288,0.6123,0.2589,0.1288
BTCUSDT,2021-08-29,0.0,0.7456,0.2544,0.0
BTCUSDT,2021-08-30,0.0,0.7636,0.2364,0.0
BTCUSDT,2021-08-31,0.0,0.7707,0.2293,0.0
BTCUSDT,2021-09-01,0.0,0.7584,0.2416,0.0
BTCUSDT,2021-09-02,1.0,0.0,0.0,1.0
BTCUSDT,2021-09-03,1.0,0.0,0.0,1.0
BTCUSDT,2021-09-04,1.0,0.0,0.0,1.0
BTCUSDT,2021-09-05,1.0,0.0,0.0,1.0
BTCUSDT,2021-09-06,1.0,0.0,0.0,1.0
BTCUSDT,2021-09-07,0.0,0.0154,0.9846,0.0
BTCUSDT,2021-09-08,0.0,0.0026,0.9974,0.0
BTCUSDT,2021-09-09,0.0,0.0007,0.9993,0.0
BTCUSDT,2021-09-10,0.0,0.0,1.0,0.0
BTCUSDT,2021-09-11,0.0,0.0,1.0,0.0
BTCUSDT,2021-09-12,0.0,0.0,1.0,0.0
BTCUSDT,2021-09-13,0.0,0.0,1.0,0.0
BTCUSDT,2021-09-14,0.999,0.0001,0.0009,0.999
BTCUSDT,2021-09-15,1.0,0.0,0.0,1.0
BTCUSDT,2021-09-16,1.0,0.0,0.0,1.0
BTCUSDT,2021-09-17,1.0,0.0,0.0,1.0
BTCUSDT,2021-09-18,1.0,0.0,0.0,1.0
BTCUSDT,2021-09-19,1.0,0.0,0.0,1.0
BTCUSDT,2021-09-20,0.0,0.0078,0.9922,0.0
BTCUSDT,2021-09-21,0.0,0.0,1.0,0.0
BTCUSDT,2021-09-22,0.0,0.0,1.0,0.0
BTCUSDT,2021-09-23,0.0,0.0,1.0,0.0
BTCUSDT,2021-09-24,0.0,0.0,1.0,0.0
BTCUSDT,2021-09-25,0.0,0.0,1.0,0.0
BTCUSDT,2021-09-26,0.0,0.0,1.0,0.0
BTCUSDT,2021-09-27,0.0,0.0006,0.9994,0.0
BTCUSDT,2021-09-28,0.9882,0.0002,0.0116,0.9882
BTCUSDT,2021-09-29,0.0,0.1336,0.8664,0.0
BTCUSDT,2021-09-30,0.0,0.1201,0.8799,0.0
BTCUSDT,2021-10-01,1.0,0.0,0.0,1.0
BTCUSDT,2021-10-02,1.0,0.0,0.0,1.0
BTCUSDT,2021-10-03,1.0,0.0,0.0,1.0
BTCUSDT,2021-10-04,1.0,0.0,0.0,1.0
BTCUSDT,2021-10-05,1.0,0.0,0.0,1.0
BTCUSDT,2021-10-06,1.0,0.0,0.0,1.0
BTCUSDT,2021-10-07,1.0,0.0,0.0,1.0
BTCUSDT,2021-10-08,1.0,0.0,0.0,1.0
BTCUSDT,2021-10-09,1.0,0.0,0.0,1.0
BTCUSDT,2021-10-10,1.0,0.0,0.0,1.0
BTCUSDT,2021-10-11,1.0,0.0,0.0,1.0
BTCUSDT,2021-10-12,1.0,0.0,0.0,1.0
BTCUSDT,2021-10-13,1.0,0.0,0.0,1.0
BTCUSDT,2021-10-14,1.0,0.0,0.0,1.0
BTCUSDT,2021-10-15,1.0,0.0,0.0,1.0
BTCUSDT,2021-10-16,1.0,0.0,0.0,1.0
BTCUSDT,2021-10-17,1.0,0.0,0.0,1.0
BTCUSDT,2021-10-18,1.0,0.0,0.0,1.0
BTCUSDT,2021-10-19,1.0,0.0,0.0,1.0
BTCUSDT,2021-10-20,1.0,0.0,0.0,1.0
BTCUSDT,2021-10-21,1.0,0.0,0.0,1.0
BTCUSDT,2021-10-22,0.0,0.7358,0.2642,0.0
BTCUSDT,2021-10-23,0.9789,0.0202,0.001,0.9789
BTCUSDT,2021-10-24,0.0,0.7093,0.2907,0.0
BTCUSDT,2021-10-25,1.0,0.0,0.0,1.0
BTCUSDT,2021-10-26,0.0,0.0252,0.9748,0.0
BTCUSDT,2021-10-27,0.0,0.003,0.997,0.0
BTCUSDT,2021-10-28,0.0,0.0896,0.9104,0.0
BTCUSDT,2021-10-29,1.0,0.0,0.0,1.0
BTCUSDT,2021-10-30,1.0,0.0,0.0,1.0
BTCUSDT,2021-10-31,0.9972,0.0028,0.0001,0.9972
BTCUSDT,2021-11-01,0.0,0.8797,0.1203,0.0
BTCUSDT,2021-11-02,1.0,0.0,0.0,1.0
BTCUSDT,2021-11-03,1.0,0.0,0.0,1.0
BTCUSDT,2021-11-04,1.0,0.0,0.0,1.0
BTCUSDT,2021-11-05,0.0,0.9906,0.0094,0.0
BTCUSDT,2021-11-06,0.0,0.9883,0.0117,0.0
BTCUSDT,2021-11-07,1.0,0.0,0.0,1.0
BTCUSDT,2021-11-08,1.0,0.0,0.0,1.0
BTCUSDT,2021-11-09,1.0,0.0,0.0,1.0
BTCUSDT,2021-11-10,1.0,0.0,0.0,1.0
BTCUSDT,2021-11-11,1.0,0.0,0.0,1.0
BTCUSDT,2021-11-12,1.0,0.0,0.0,1.0
BTCUSDT,2021-11-13,1.0,0.0,0.0,1.0
BTCUSDT,2021-11-14,1.0,0.0,0.0,1.0
BTCUSDT,2021-11-15,0.0,0.1839,0.8161,0.0
BTCUSDT,2021-11-16,0.0,0.0117,0.9883,0.0
BTCUSDT,2021-11-17,0.0,0.0081,0.9919,0.0
BTCUSDT,2021-11-18,0.0,0.0,1.0,0.0
BTCUSDT,2021-11-19,0.0,0.0002,0.9998,0.0
BTCUSDT,2021-11-20,0.0,0.0009,0.9991,0.0
BTCUSDT,2021-11-21,0.0,0.0,1.0,0.0
BTCUSDT,2021-11-22,0.0,0.0003,0.9997,0.0
BTCUSDT,2021-11-23,0.0,0.1163,0.8837,0.0
BTCUSDT,2021-11-24,0.0,0.1426,0.8574,0.0
BTCUSDT,2021-11-25,0.9585,0.0035,0.038,0.9585
BTCUSDT,2021-11-26,0.0,0.0391,0.9609,0.0
BTCUSDT,2021-11-27,0.0,0.0332,0.9668,0.0
BTCUSDT,2021-11-28,0.0,0.0706,0.9294,0.0
BTCUSDT,2021-11-29,1.0,0.0,0.0,1.0
BTCUSDT,2021-11-30,0.0,0.8621,0.1379,0.0
BTCUSDT,2021-12-01,1.0,0.0,0.0,1.0
BTCUSDT,2021-12-02,0.0,0.8535,0.1465,0.0
BTCUSDT,2021-12-03,0.9363,0.0138,0.0498,0.9363
BTCUSDT,2021-12-04,0.0,0.0003,0.9997,0.0
BTCUSDT,2021-12-05,0.0,0.0,1.0,0.0
BTCUSDT,2021-12-06,0.0,0.0,1.0,0.0
BTCUSDT,2021-12-07,0.0,0.0,1.0,0.0
BTCUSDT,2021-12-08,0.0,0.0,1.0,0.0
BTCUSDT,2021-12-09,0.0,0.0,1.0,0.0
BTCUSDT,2021-12-10,0.0,0.0,1.0,0.0
BTCUSDT,2021-12-11,0.9967,0.0002,0.0031,0.9967
BTCUSDT,2021-12-12,1.0,0.0,0.0,1.0
BTCUSDT,2021-12-13,0.0,0.0033,0.9967,0.0
BTCUSDT,2021-12-14,0.0,0.0002,0.9998,0.0
BTCUSDT,2021-12-15,0.0,0.0004,0.9996,0.0
BTCUSDT,2021-12-16,0.0,0.0005,0.9995,0.0
BTCUSDT,2021-12-17,0.0,0.0032,0.9968,0.0
BTCUSDT,2021-12-18,0.0,0.0073,0.9927,0.0
BTCUSDT,2021-12-19,0.0,0.0181,0.9819,0.0
BTCUSDT,2021-12-20,0.9967,0.0003,0.003,0.9967
BTCUSDT,2021-12-21,1.0,0.0,0.0,1.0
BTCUSDT,2021-12-22,0.0,0.4519,0.5481,0.0
BTCUSDT,2021-12-23,1.0,0.0,0.0,1.0
BTCUSDT,2021-12-24,1.0,0.0,0.0,1.0
BTCUSDT,2021-12-25,1.0,0.0,0.0,1.0
BTCUSDT,2021-12-26,1.0,0.0,0.0,1.0
BTCUSDT,2021-12-27,1.0,0.0,0.0,1.0
BTCUSDT,2021-12-28,0.0,0.3,0.7,0.0
BTCUSDT,2021-12-29,0.0,0.2248,0.7752,0.0
BTCUSDT,2021-12-30,0.0,0.135,0.865,0.0
BTCUSDT,2021-12-31,0.0,0.093,0.907,0.0
BTCUSDT,2022-01-01,0.0,0.1192,0.8808,0.0
BTCUSDT,2022-01-02,0.0,0.1264,0.8736,0.0
BTCUSDT,2022-01-03,0.0,0.138,0.862,0.0
BTCUSDT,2022-01-04,0.0,0.1775,0.8225,0.0
BTCUSDT,2022-01-05,0.0,0.1454,0.8546,0.0
BTCUSDT,2022-01-06,0.0,0.0389,0.9611,0.0
BTCUSDT,2022-01-07,0.0,0.0013,0.9987,0.0
BTCUSDT,2022-01-08,0.0,0.0,1.0,0.0
BTCUSDT,2022-01-09,0.0,0.0,1.0,0.0
BTCUSDT,2022-01-10,0.0,0.0045,0.9955,0.0
BTCUSDT,2022-01-11,0.0,0.091,0.909,0.0
BTCUSDT,2022-01-12,0.9963,0.0036,0.0001,0.9963
BTCUSDT,2022-01-13,0.0,0.9717,0.0283,0.0
BTCUSDT,2022-01-14,1.0,0.0,0.0,1.0
BTCUSDT,2022-01-15,1.0,0.0,0.0,1.0
BTCUSDT,2022-01-16,1.0,0.0,0.0,1.0
BTCUSDT,2022-01-17,0.9999,0.0001,0.0,0.9999
BTCUSDT,2022-01-18,0.0,0.9954,0.0046,0.0
BTCUSDT,2022-01-19,0.0,0.9916,0.0084,0.0
BTCUSDT,2022-01-20,0.0,0.9338,0.0662,0.0
BTCUSDT,2022-01-21,0.0,0.0,1.0,0.0
BTCUSDT,2022-01-22,0.0,0.0,1.0,0.0
BTCUSDT,2022-01-23,0.0,0.0,1.0,0.0
BTCUSDT,2022-01-24,0.0,0.0,1.0,0.0
BTCUSDT,2022-01-25,0.0,0.0,1.0,0.0
BTCUSDT,2022-01-26,0.0,0.0,1.0,0.0
BTCUSDT,2022-01-27,0.0,0.0054,0.9946,0.0
BTCUSDT,2022-01-28,1.0,0.0,0.0,1.0
BTCUSDT,2022-01-29,1.0,0.0,0.0,1.0
BTCUSDT,2022-01-30,1.0,0.0,0.0,1.0
BTCUSDT,2022-01-31,1.0,0.0,0.0,1.0
BTCUSDT,2022-02-01,1.0,0.0,0.0,1.0
BTCUSDT,2022-02-02,0.9996,0.0003,0.0,0.9996
BTCUSDT,2022-02-03,0.9997,0.0003,0.0,0.9997
BTCUSDT,2022-02-04,1.0,0.0,0.0,1.0
BTCUSDT,2022-02-05,1.0,0.0,0.0,1.0
BTCUSDT,2022-02-06,1.0,0.0,0.0,1.0
BTCUSDT,2022-02-07,1.0,0.0,0.0,1.0
BTCUSDT,2022-02-08,1.0,0.0,0.0,1.0
BTCUSDT,2022-02-09,1.0,0.0,0.0,1.0
BTCUSDT,2022-02-10,1.0,0.0,0.0,1.0
BTCUSDT,2022-02-11,1.0,0.0,0.0,1.0
BTCUSDT,2022-02-12,1.0,0.0,0.0,1.0
BTCUSDT,2022-02-13,0.0,0.9514,0.0486,0.0
BTCUSDT,2022-02-14,0.0,0.9514,0.0486,0.0
BTCUSDT,2022-02-15,0.9987,0.0012,0.0001,0.9987
BTCUSDT,2022-02-16,0.0,0.1135,0.8865,0.0
BTCUSDT,2022-02-17,0.0,0.0098,0.9902,0.0
BTCUSDT,2022-02-18,0.0,0.002,0.998,0.0
BTCUSDT,2022-02-19,0.0,0.0007,0.9993,0.0
BTCUSDT,2022-02-20,0.0,0.0,1.0,0.0
BTCUSDT,2022-02-21,0.0,0.0,1.0,0.0
BTCUSDT,2022-02-22,0.0,0.0,1.0,0.0
BTCUSDT,2022-02-23,0.0,0.0,1.0,0.0
BTCUSDT,2022-02-24,0.0,0.0502,0.9498,0.0
BTCUSDT,2022-02-25,0.0,0.6968,0.3032,0.0
BTCUSDT,2022-02-26,0.0,0.8285,0.1715,0.0
BTCUSDT,2022-02-27,0.0,0.8493,0.1507,0.0
BTCUSDT,2022-02-28,1.0,0.0,0.0,1.0
BTCUSDT,2022-03-01,1.0,0.0,0.0,1.0
BTCUSDT,2022-03-02,1.0,0.0,0.0,1.0
BTCUSDT,2022-03-03,1.0,0.0,0.0,1.0
BTCUSDT,2022-03-04,0.0,0.0009,0.9991,0.0
BTCUSDT,2022-03-05,0.9989,0.0,0.0011,0.9989
BTCUSDT,2022-03-06,1.0,0.0,0.0,1.0
BTCUSDT,2022-03-07,0.0,0.0,1.0,0.0
BTCUSDT,2022-03-08,0.0,0.0,1.0,0.0
BTCUSDT,2022-03-09,0.0,0.0,1.0,0.0
BTCUSDT,2022-03-10,0.0,0.0,1.0,0.0
BTCUSDT,2022-03-11,0.0,0.0,1.0,0.0
BTCUSDT,2022-03-12,0.0,0.0,1.0,0.0
BTCUSDT,2022-03-13,0.0,0.0,1.0,0.0
BTCUSDT,2022-03-14,1.0,0.0,0.0,1.0
BTCUSDT,2022-03-15,1.0,0.0,0.0,1.0
BTCUSDT,2022-03-16,0.0,0.0006,0.9994,0.0
BTCUSDT,2022-03-17,1.0,0.0,0.0,1.0
BTCUSDT,2022-03-18,1.0,0.0,0.0,1.0
BTCUSDT,2022-03-19,1.0,0.0,0.0,1.0
BTCUSDT,2022-03-20,1.0,0.0,0.0,1.0
BTCUSDT,2022-03-21,1.0,0.0,0.0,1.0
BTCUSDT,2022-03-22,1.0,0.0,0.0,1.0
BTCUSDT,2022-03-23,1.0,0.0,0.0,1.0
BTCUSDT,2022-03-24,1.0,0.0,0.0,1.0
BTCUSDT,2022-03-25,1.0,0.0,0.0,1.0
BTCUSDT,2022-03-26,1.0,0.0,0.0,1.0
BTCUSDT,2022-03-27,1.0,0.0,0.0,1.0
BTCUSDT,2022-03-28,1.0,0.0,0.0,1.0
BTCUSDT,2022-03-29,1.0,0.0,0.0,1.0
BTCUSDT,2022-03-30,1.0,0.0,0.0,1.0
BTCUSDT,2022-03-31,1.0,0.0,0.0,1.0
BTCUSDT,2022-04-01,1.0,0.0,0.0,1.0
BTCUSDT,2022-04-02,1.0,0.0,0.0,1.0
BTCUSDT,2022-04-03,0.0,0.9988,0.0012,0.0
BTCUSDT,2022-04-04,0.0,0.9998,0.0002,0.0
BTCUSDT,2022-04-05,0.0,0.9981,0.0019,0.0
BTCUSDT,2022-04-06,0.0,0.9664,0.0336,0.0
BTCUSDT,2022-04-07,0.0,0.9449,0.0551,0.0
BTCUSDT,2022-04-08,0.0,0.6367,0.3633,0.0
BTCUSDT,2022-04-09,0.0,0.5046,0.4954,0.0
BTCUSDT,2022-04-10,0.0,0.0962,0.9038,0.0
BTCUSDT,2022-04-11,0.0,0.0,1.0,0.0
BTCUSDT,2022-04-12,0.0,0.0013,0.9987,0.0
BTCUSDT,2022-04-13,0.0,0.6195,0.3805,0.0
BTCUSDT,2022-04-14,0.0,0.7153,0.2847,0.0
BTCUSDT,2022-04-15,0.0,0.9335,0.0665,0.0
BTCUSDT,2022-04-16,0.0,0.9608,0.0392,0.0
BTCUSDT,2022-04-17,0.0,0.9628,0.0372,0.0
BTCUSDT,2022-04-18,1.0,0.0,0.0,1.0
BTCUSDT,2022-04-19,1.0,0.0,0.0,1.0
BTCUSDT,2022-04-20,0.9997,0.0003,0.0,0.9997
BTCUSDT,2022-04-21,1.0,0.0,0.0,1.0
BTCUSDT,2022-04-22,0.0,0.9988,0.0012,0.0
BTCUSDT,2022-04-23,0.0,0.9998,0.0002,0.0
BTCUSDT,2022-04-24,0.0,0.9999,0.0001,0.0
BTCUSDT,2022-04-25,0.0,0.9996,0.0004,0.0
BTCUSDT,2022-04-26,0.0,0.9965,0.0035,0.0
BTCUSDT,2022-04-27,0.0,0.9992,0.0008,0.0
BTCUSDT,2022-04-28,0.0,0.9998,0.0002,0.0
BTCUSDT,2022-04-29,0.0,0.9998,0.0002,0.0
BTCUSDT,2022-04-30,0.0,0.9998,0.0002,0.0
BTCUSDT,2022-05-01,0.0,0.9998,0.0002,0.0
BTCUSDT,2022-05-02,0.0,0.9997,0.0003,0.0
BTCUSDT,2022-05-03,0.0,0.9978,0.0022,0.0
BTCUSDT,2022-05-04,0.9999,0.0001,0.0,0.9999
BTCUSDT,2022-05-05,0.0,0.0575,0.9425,0.0
BTCUSDT,2022-05-06,0.0,0.0443,0.9557,0.0
BTCUSDT,2022-05-07,0.0,0.0295,0.9705,0.0
BTCUSDT,2022-05-08,0.0,0.0001,0.9999,0.0
BTCUSDT,2022-05-09,0.0,0.0,1.0,0.0
BTCUSDT,2022-05-10,0.0,0.0,1.0,0.0
BTCUSDT,2022-05-11,0.0,0.0,1.0,0.0
BTCUSDT,2022-05-12,0.0,0.0,1.0,0.0
BTCUSDT,2022-05-13,0.0,0.0,1.0,0.0
BTCUSDT,2022-05-14,0.0,0.0,1.0,0.0
BTCUSDT,2022-05-15,0.0,0.0,1.0,0.0
BTCUSDT,2022-05-16,0.0,0.0,1.0,0.0
BTCUSDT,2022-05-17,0.0,0.0001,0.9999,0.0
BTCUSDT,2022-05-18,0.0,0.0008,0.9992,0.0
BTCUSDT,2022-05-19,1.0,0.0,0.0,1.0
BTCUSDT,2022-05-20,0.0,0.0002,0.9998,0.0
BTCUSDT,2022-05-21,0.0,0.0,1.0,0.0
BTCUSDT,2022-05-22,0.0,0.0,1.0,0.0
BTCUSDT,2022-05-23,0.0,0.0,1.0,0.0
BTCUSDT,2022-05-24,0.0,0.0001,0.9999,0.0
BTCUSDT,2022-05-25,1.0,0.0,0.0,1.0
BTCUSDT,2022-05-26,0.0,0.0042,0.9958,0.0
BTCUSDT,2022-05-27,0.0,0.0003,0.9997,0.0
BTCUSDT,2022-05-28,0.0,0.0002,0.9998,0.0
BTCUSDT,2022-05-29,0.0,0.0025,0.9975,0.0
BTCUSDT,2022-05-30,1.0,0.0,0.0,1.0
BTCUSDT,2022-05-31,1.0,0.0,0.0,1.0
BTCUSDT,2022-06-01,1.0,0.0,0.0,1.0
BTCUSDT,2022-06-02,1.0,0.0,0.0,1.0
BTCUSDT,2022-06-03,1.0,0.0,0.0,1.0
BTCUSDT,2022-06-04,1.0,0.0,0.0,1.0
BTCUSDT,2022-06-05,1.0,0.0,0.0,1.0
BTCUSDT,2022-06-06,0.0,0.3871,0.6129,0.0
BTCUSDT,2022-06-07,0.0,0.3842,0.6158,0.0
BTCUSDT,2022-06-08,1.0,0.0,0.0,1.0
BTCUSDT,2022-06-09,0.0,0.5324,0.4676,0.0
BTCUSDT,2022-06-10,0.0,0.4716,0.5284,0.0
BTCUSDT,2022-06-11,0.0,0.2927,0.7073,0.0
BTCUSDT,2022-06-12,0.0,0.0015,0.9985,0.0
BTCUSDT,2022-06-13,0.0,0.0,1.0,0.0
BTCUSDT,2022-06-14,0.0,0.0,1.0,0.0
BTCUSDT,2022-06-15,0.0,0.0,1.0,0.0
BTCUSDT,2022-06-16,0.0,0.0,1.0,0.0
BTCUSDT,2022-06-17,0.0,0.0,1.0,0.0
BTCUSDT,2022-06-18,0.0,0.0,1.0,0.0
BTCUSDT,2022-06-19,0.0,0.0,1.0,0.0
BTCUSDT,2022-06-20,0.0,0.0,1.0,0.0
BTCUSDT,2022-06-21,0.0,0.0,1.0,0.0
BTCUSDT,2022-06-22,0.0,0.0,1.0,0.0
BTCUSDT,2022-06-23,1.0,0.0,0.0,1.0
BTCUSDT,2022-06-24,1.0,0.0,0.0,1.0
BTCUSDT,2022-06-25,1.0,0.0,0.0,1.0
BTCUSDT,2022-06-26,1.0,0.0,0.0,1.0
BTCUSDT,2022-06-27,0.9972,0.0,0.0028,0.9972
BTCUSDT,2022-06-28,0.0,0.0002,0.9998,0.0
BTCUSDT,2022-06-29,0.7323,0.0,0.2677,0.7323
BTCUSDT,2022-06-30,0.0,0.0,1.0,0.0
BTCUSDT,2022-07-01,0.0,0.0,1.0,0.0
BTCUSDT,2022-07-02,0.0,0.0,1.0,0.0
BTCUSDT,2022-07-03,0.0,0.0,1.0,0.0
BTCUSDT,2022-07-04,0.0,0.0007,0.9993,0.0
BTCUSDT,2022-07-05,0.0,0.0037,0.9963,0.0
BTCUSDT,2022-07-06,1.0,0.0,0.0,1.0
BTCUSDT,2022-07-07,1.0,0.0,0.0,1.0
BTCUSDT,2022-07-08,1.0,0.0,0.0,1.0
BTCUSDT,2022-07-09,1.0,0.0,0.0,1.0
BTCUSDT,2022-07-10,1.0,0.0,0.0,1.0
BTCUSDT,2022-07-11,0.0,0.9968,0.0032,0.0
BTCUSDT,2022-07-12,0.0,0.9991,0.0009,0.0
BTCUSDT,2022-07-13,0.0,0.9995,0.0005,0.0
BTCUSDT,2022-07-14,0.0,0.9997,0.0003,0.0
BTCUSDT,2022-07-15,0.0,0.9997,0.0003,0.0
BTCUSDT,2022-07-16,0.0,0.9992,0.0008,0.0
BTCUSDT,2022-07-17,0.0,0.9945,0.0055,0.0
BTCUSDT,2022-07-18,1.0,0.0,0.0,1.0
BTCUSDT,2022-07-19,1.0,0.0,0.0,1.0
BTCUSDT,2022-07-20,1.0,0.0,0.0,1.0
BTCUSDT,2022-07-21,1.0,0.0,0.0,1.0
BTCUSDT,2022-07-22,1.0,0.0,0.0,1.0
BTCUSDT,2022-07-23,1.0,0.0,0.0,1.0
BTCUSDT,2022-07-24,1.0,0.0,0.0,1.0
BTCUSDT,2022-07-25,0.0,0.072,0.928,0.0
BTCUSDT,2022-07-26,0.0,0.0148,0.9852,0.0
BTCUSDT,2022-07-27,0.0,0.0223,0.9777,0.0
BTCUSDT,2022-07-28,1.0,0.0,0.0,1.0
BTCUSDT,2022-07-29,1.0,0.0,0.0,1.0
BTCUSDT,2022-07-30,1.0,0.0,0.0,1.0
BTCUSDT,2022-07-31,1.0,0.0,0.0,1.0
BTCUSDT,2022-08-01,1.0,0.0,0.0,1.0
BTCUSDT,2022-08-02,1.0,0.0,0.0,1.0
BTCUSDT,2022-08-03,0.0,0.9136,0.0864,0.0
BTCUSDT,2022-08-04,0.0,0.921,0.079,0.0
BTCUSDT,2022-08-05,0.0,0.9252,0.0748,0.0
BTCUSDT,2022-08-06,0.0,0.9202,0.0798,0.0
BTCUSDT,2022-08-07,0.0,0.9046,0.0954,0.0
BTCUSDT,2022-08-08,1.0,0.0,0.0,1.0
BTCUSDT,2022-08-09,1.0,0.0,0.0,1.0
BTCUSDT,2022-08-10,1.0,0.0,0.0,1.0
BTCUSDT,2022-08-11,1.0,0.0,0.0,1.0
BTCUSDT,2022-08-12,1.0,0.0,0.0,1.0
BTCUSDT,2022-08-13,1.0,0.0,0.0,1.0
BTCUSDT,2022-08-14,1.0,0.0,0.0,1.0
BTCUSDT,2022-08-15,1.0,0.0,0.0,1.0
BTCUSDT,2022-08-16,1.0,0.0,0.0,1.0
BTCUSDT,2022-08-17,0.0,0.9817,0.0183,0.0
BTCUSDT,2022-08-18,0.0,0.9485,0.0515,0.0
BTCUSDT,2022-08-19,0.0,0.0,1.0,0.0
BTCUSDT,2022-08-20,0.0,0.0,1.0,0.0
BTCUSDT,2022-08-21,0.0,0.0,1.0,0.0
BTCUSDT,2022-08-22,0.0,0.0,1.0,0.0
BTCUSDT,2022-08-23,0.0,0.0025,0.9975,0.0
BTCUSDT,2022-08-24,0.0,0.055,0.945,0.0
BTCUSDT,2022-08-25,0.0,0.2141,0.7859,0.0
BTCUSDT,2022-08-26,0.0,0.3412,0.6588,0.0
BTCUSDT,2022-08-27,0.0,0.3599,0.6401,0.0
BTCUSDT,2022-08-28,0.0,0.3483,0.6517,0.0
BTCUSDT,2022-08-29,0.0,0.4518,0.5482,0.0
BTCUSDT,2022-08-30,0.0,0.4918,0.5082,0.0
BTCUSDT,2022-08-31,0.0,0.6682,0.3318,0.0
BTCUSDT,2022-09-01,0.0,0.7796,0.2204,0.0
BTCUSDT,2022-09-02,0.0,0.8887,0.1113,0.0
BTCUSDT,2022-09-03,0.0,0.9032,0.0968,0.0
BTCUSDT,2022-09-04,1.0,0.0,0.0,1.0
BTCUSDT,2022-09-05,0.0,0.993,0.007,0.0
BTCUSDT,2022-09-06,0.0,0.9943,0.0057,0.0
BTCUSDT,2022-09-07,0.0,0.9922,0.0078,0.0
BTCUSDT,2022-09-08,0.0,0.9832,0.0168,0.0
BTCUSDT,2022-09-09,1.0,0.0,0.0,1.0
BTCUSDT,2022-09-10,1.0,0.0,0.0,1.0
BTCUSDT,2022-09-11,1.0,0.0,0.0,1.0
BTCUSDT,2022-09-12,1.0,0.0,0.0,1.0
BTCUSDT,2022-09-13,1.0,0.0,0.0,1.0
BTCUSDT,2022-09-14,1.0,0.0,0.0,1.0
BTCUSDT,2022-09-15,1.0,0.0,0.0,1.0
BTCUSDT,2022-09-16,0.0,0.0033,0.9967,0.0
BTCUSDT,2022-09-17,0.0,0.0003,0.9997,0.0
BTCUSDT,2022-09-18,0.0,0.0,1.0,0.0
BTCUSDT,2022-09-19,0.0,0.0,1.0,0.0
BTCUSDT,2022-09-20,0.0,0.0001,0.9999,0.0
BTCUSDT,2022-09-21,0.0,0.0,1.0,0.0
BTCUSDT,2022-09-22,0.0,0.0002,0.9998,0.0
BTCUSDT,2022-09-23,0.0,0.0002,0.9998,0.0
BTCUSDT,2022-09-24,0.0,0.0002,0.9998,0.0
BTCUSDT,2022-09-25,0.0,0.0008,0.9992,0.0
BTCUSDT,2022-09-26,0.0,0.0048,0.9952,0.0
BTCUSDT,2022-09-27,1.0,0.0,0.0,1.0
BTCUSDT,2022-09-28,1.0,0.0,0.0,1.0
BTCUSDT,2022-09-29,1.0,0.0,0.0,1.0
BTCUSDT,2022-09-30,0.9999,0.0001,0.0,0.9999
BTCUSDT,2022-10-01,1.0,0.0,0.0,1.0
BTCUSDT,2022-10-02,1.0,0.0,0.0,1.0
BTCUSDT,2022-10-03,1.0,0.0,0.0,1.0
BTCUSDT,2022-10-04,1.0,0.0,0.0,1.0
BTCUSDT,2022-10-05,1.0,0.0,0.0,1.0
BTCUSDT,2022-10-06,1.0,0.0,0.0,1.0
BTCUSDT,2022-10-07,0.9999,0.0001,0.0,0.9999
BTCUSDT,2022-10-08,0.9998,0.0002,0.0,0.9998
BTCUSDT,2022-10-09,1.0,0.0,0.0,1.0
BTCUSDT,2022-10-10,0.0,0.9992,0.0008,0.0
BTCUSDT,2022-10-11,0.0,0.9996,0.0004,0.0
BTCUSDT,2022-10-12,0.0,0.9999,0.0001,0.0
BTCUSDT,2022-10-13,0.0,1.0,0.0,0.0
BTCUSDT,2022-10-14,0.0,1.0,0.0,0.0
BTCUSDT,2022-10-15,0.0,0.9999,0.0001,0.0
BTCUSDT,2022-10-16,0.0,0.9989,0.0011,0.0
BTCUSDT,2022-10-17,1.0,0.0,0.0,1.0
BTCUSDT,2022-10-18,1.0,0.0,0.0,1.0
BTCUSDT,2022-10-19,0.0,0.999,0.001,0.0
BTCUSDT,2022-10-20,0.0,0.9998,0.0002,0.0
BTCUSDT,2022-10-21,0.0,0.9985,0.0015,0.0
BTCUSDT,2022-10-22,0.9996,0.0004,0.0,0.9996
BTCUSDT,2022-10-23,1.0,0.0,0.0,1.0
BTCUSDT,2022-10-24,0.0,0.9827,0.0173,0.0
BTCUSDT,2022-10-25,1.0,0.0,0.0,1.0
BTCUSDT,2022-10-26,1.0,0.0,0.0,1.0
BTCUSDT,2022-10-27,1.0,0.0,0.0,1.0
BTCUSDT,2022-10-28,1.0,0.0,0.0,1.0
BTCUSDT,2022-10-29,1.0,0.0,0.0,1.0
BTCUSDT,2022-10-30,1.0,0.0,0.0,1.0
BTCUSDT,2022-10-31,1.0,0.0,0.0,1.0
BTCUSDT,2022-11-01,1.0,0.0,0.0,1.0
BTCUSDT,2022-11-02,0.0,0.9987,0.0013,0.0
BTCUSDT,2022-11-03,0.0,0.998,0.002,0.0
BTCUSDT,2022-11-04,1.0,0.0,0.0,1.0
BTCUSDT,2022-11-05,1.0,0.0,0.0,1.0
BTCUSDT,2022-11-06,1.0,0.0,0.0,1.0
BTCUSDT,2022-11-07,0.9993,0.0004,0.0003,0.9993
BTCUSDT,2022-11-08,0.0,0.0038,0.9962,0.0
BTCUSDT,2022-11-09,0.0,0.0,1.0,0.0
BTCUSDT,2022-11-10,0.0,0.0,1.0,0.0
BTCUSDT,2022-11-11,0.0,0.0,1.0,0.0
BTCUSDT,2022-11-12,0.0,0.0,1.0,0.0
BTCUSDT,2022-11-13,0.0,0.0,1.0,0.0
BTCUSDT,2022-11-14,0.0,0.0,1.0,0.0
BTCUSDT,2022-11-15,0.0,0.0,1.0,0.0
BTCUSDT,2022-11-16,1.0,0.0,0.0,1.0
BTCUSDT,2022-11-17,0.0,0.0,1.0,0.0
BTCUSDT,2022-11-18,0.0,0.0,1.0,0.0
BTCUSDT,2022-11-19,0.0,0.0,1.0,0.0
BTCUSDT,2022-11-20,0.0,0.0,1.0,0.0
BTCUSDT,2022-11-21,0.0,0.0,1.0,0.0
BTCUSDT,2022-11-22,0.0,0.0,1.0,0.0
BTCUSDT,2022-11-23,0.0,0.0,1.0,0.0
BTCUSDT,2022-11-24,0.0,0.0,1.0,0.0
BTCUSDT,2022-11-25,0.0,0.0,1.0,0.0
BTCUSDT,2022-11-26,0.0,0.0,1.0,0.0
BTCUSDT,2022-11-27,0.9998,0.0,0.0002,0.9998
BTCUSDT,2022-11-28,1.0,0.0,0.0,1.0
BTCUSDT,2022-11-29,1.0,0.0,0.0,1.0
BTCUSDT,2022-11-30,1.0,0.0,0.0,1.0
BTCUSDT,2022-12-01,1.0,0.0,0.0,1.0
BTCUSDT,2022-12-02,1.0,0.0,0.0,1.0
BTCUSDT,2022-12-03,1.0,0.0,0.0,1.0
BTCUSDT,2022-12-04,1.0,0.0,0.0,1.0
BTCUSDT,2022-12-05,1.0,0.0,0.0,1.0
BTCUSDT,2022-12-06,1.0,0.0,0.0,1.0
BTCUSDT,2022-12-07,0.0,0.9854,0.0146,0.0
BTCUSDT,2022-12-08,1.0,0.0,0.0,1.0
BTCUSDT,2022-12-09,0.9994,0.0006,0.0,0.9994
BTCUSDT,2022-12-10,1.0,0.0,0.0,1.0
BTCUSDT,2022-12-11,0.0,0.9787,0.0213,0.0
BTCUSDT,2022-12-12,1.0,0.0,0.0,1.0
BTCUSDT,2022-12-13,1.0,0.0,0.0,1.0
BTCUSDT,2022-12-14,1.0,0.0,0.0,1.0
BTCUSDT,2022-12-15,0.9995,0.0005,0.0,0.9995
BTCUSDT,2022-12-16,0.0,0.9993,0.0007,0.0
BTCUSDT,2022-12-17,0.0,0.9999,0.0001,0.0
BTCUSDT,2022-12-18,0.0,1.0,0.0,0.0
BTCUSDT,2022-12-19,0.0,0.9999,0.0001,0.0
BTCUSDT,2022-12-20,0.0,0.9999,0.0001,0.0
BTCUSDT,2022-12-21,0.0,0.9998,0.0002,0.0
BTCUSDT,2022-12-22,0.0,0.9988,0.0012,0.0
BTCUSDT,2022-12-23,0.9998,0.0002,0.0,0.9998
BTCUSDT,2022-12-24,0.9996,0.0004,0.0,0.9996
BTCUSDT,2022-12-25,0.9999,0.0001,0.0,0.9999
BTCUSDT,2022-12-26,1.0,0.0,0.0,1.0
BTCUSDT,2022-12-27,0.0,0.9993,0.0007,0.0
BTCUSDT,2022-12-28,0.0,0.9999,0.0001,0.0
BTCUSDT,2022-12-29,0.0,1.0,0.0,0.0
BTCUSDT,2022-12-30,0.0,1.0,0.0,0.0
BTCUSDT,2022-12-31,0.0,1.0,0.0,0.0
BTCUSDT,2023-01-01,0.0,1.0,0.0,0.0
BTCUSDT,2023-01-02,0.0,0.9999,0.0001,0.0
BTCUSDT,2023-01-03,0.0,0.9985,0.0015,0.0
BTCUSDT,2023-01-04,1.0,0.0,0.0,1.0
BTCUSDT,2023-01-05,1.0,0.0,0.0,1.0
BTCUSDT,2023-01-06,1.0,0.0,0.0,1.0
BTCUSDT,2023-01-07,1.0,0.0,0.0,1.0
BTCUSDT,2023-01-08,1.0,0.0,0.0,1.0
BTCUSDT,2023-01-09,1.0,0.0,0.0,1.0
BTCUSDT,2023-01-10,1.0,0.0,0.0,1.0
BTCUSDT,2023-01-11,1.0,0.0,0.0,1.0
BTCUSDT,2023-01-12,1.0,0.0,0.0,1.0
BTCUSDT,2023-01-13,1.0,0.0,0.0,1.0
BTCUSDT,2023-01-14,1.0,0.0,0.0,1.0
BTCUSDT,2023-01-15,1.0,0.0,0.0,1.0
BTCUSDT,2023-01-16,1.0,0.0,0.0,1.0
BTCUSDT,2023-01-17,1.0,0.0,0.0,1.0
BTCUSDT,2023-01-18,1.0,0.0,0.0,1.0
BTCUSDT,2023-01-19,1.0,0.0,0.0,1.0
BTCUSDT,2023-01-20,1.0,0.0,0.0,1.0
BTCUSDT,2023-01-21,1.0,0.0,0.0,1.0
BTCUSDT,2023-01-22,1.0,0.0,0.0,1.0
BTCUSDT,2023-01-23,1.0,0.0,0.0,1.0
BTCUSDT,2023-01-24,1.0,0.0,0.0,1.0
BTCUSDT,2023-01-25,1.0,0.0,0.0,1.0
BTCUSDT,2023-01-26,1.0,0.0,0.0,1.0
BTCUSDT,2023-01-27,1.0,0.0,0.0,1.0
BTCUSDT,2023-01-28,1.0,0.0,0.0,1.0
BTCUSDT,2023-01-29,1.0,0.0,0.0,1.0
BTCUSDT,2023-01-30,0.0,0.9126,0.0874,0.0
BTCUSDT,2023-01-31,1.0,0.0,0.0,1.0
BTCUSDT,2023-02-01,1.0,0.0,0.0,1.0
BTCUSDT,2023-02-02,1.0,0.0,0.0,1.0
BTCUSDT,2023-02-03,1.0,0.0,0.0,1.0
BTCUSDT,2023-02-04,1.0,0.0,0.0,1.0
BTCUSDT,2023-02-05,0.0,0.9973,0.0027,0.0
BTCUSDT,2023-02-06,0.0,0.9965,0.0035,0.0
BTCUSDT,2023-02-07,0.768,0.232,0.0,0.768
BTCUSDT,2023-02-08,0.0,0.9983,0.0017,0.0
BTCUSDT,2023-02-09,0.0,0.9979,0.0021,0.0
BTCUSDT,2023-02-10,0.0,0.9982,0.0018,0.0
BTCUSDT,2023-02-11,0.0,0.9995,0.0005,0.0
BTCUSDT,2023-02-12,0.0,0.9999,0.0001,0.0
BTCUSDT,2023-02-13,0.0,0.9998,0.0002,0.0
BTCUSDT,2023-02-14,0.0,0.9982,0.0018,0.0
BTCUSDT,2023-02-15,1.0,0.0,0.0,1.0
BTCUSDT,2023-02-16,1.0,0.0,0.0,1.0
BTCUSDT,2023-02-17,1.0,0.0,0.0,1.0
BTCUSDT,2023-02-18,1.0,0.0,0.0,1.0
BTCUSDT,2023-02-19,1.0,0.0,0.0,1.0
BTCUSDT,2023-02-20,1.0,0.0,0.0,1.0
BTCUSDT,2023-02-21,1.0,0.0,0.0,1.0
BTCUSDT,2023-02-22,0.0,0.9042,0.0958,0.0
BTCUSDT,2023-02-23,0.9999,0.0001,0.0,0.9999
BTCUSDT,2023-02-24,0.0,0.9872,0.0128,0.0
BTCUSDT,2023-02-25,0.0,0.994,0.006,0.0
BTCUSDT,2023-02-26,0.0,0.9983,0.0017,0.0
BTCUSDT,2023-02-27,0.0,0.9989,0.0011,0.0
BTCUSDT,2023-02-28,0.0,0.9992,0.0008,0.0
BTCUSDT,2023-03-01,0.0,0.9996,0.0004,0.0
BTCUSDT,2023-03-02,0.0,0.9998,0.0002,0.0
BTCUSDT,2023-03-03,0.0,0.9994,0.0006,0.0
BTCUSDT,2023-03-04,0.0,0.9983,0.0017,0.0
BTCUSDT,2023-03-05,0.0,0.9921,0.0079,0.0
BTCUSDT,2023-03-06,0.0,0.9696,0.0304,0.0
BTCUSDT,2023-03-07,0.0,0.8806,0.1194,0.0
BTCUSDT,2023-03-08,0.0,0.4271,0.5729,0.0
BTCUSDT,2023-03-09,0.0,0.0021,0.9979,0.0
BTCUSDT,2023-03-10,0.0,0.0297,0.9703,0.0
BTCUSDT,2023-03-11,0.0,0.2602,0.7398,0.0
BTCUSDT,2023-03-12,0.0,0.4157,0.5843,0.0
BTCUSDT,2023-03-13,1.0,0.0,0.0,1.0
BTCUSDT,2023-03-14,1.0,0.0,0.0,1.0
BTCUSDT,2023-03-15,1.0,0.0,0.0,1.0
BTCUSDT,2023-03-16,1.0,0.0,0.0,1.0
BTCUSDT,2023-03-17,1.0,0.0,0.0,1.0
BTCUSDT,2023-03-18,1.0,0.0,0.0,1.0
BTCUSDT,2023-03-19,1.0,0.0,0.0,1.0
BTCUSDT,2023-03-20,1.0,0.0,0.0,1.0
BTCUSDT,2023-03-21,1.0,0.0,0.0,1.0
BTCUSDT,2023-03-22,1.0,0.0,0.0,1.0
BTCUSDT,2023-03-23,1.0,0.0,0.0,1.0
BTCUSDT,2023-03-24,0.9999,0.0,0.0001,0.9999
BTCUSDT,2023-03-25,1.0,0.0,0.0,1.0
BTCUSDT,2023-03-26,0.0,0.0022,0.9978,0.0
BTCUSDT,2023-03-27,0.0,0.0003,0.9997,0.0
BTCUSDT,2023-03-28,0.0,0.0022,0.9978,0.0
BTCUSDT,2023-03-29,1.0,0.0,0.0,1.0
BTCUSDT,2023-03-30,0.0,0.3056,0.6944,0.0
BTCUSDT,2023-03-31,1.0,0.0,0.0,1.0
BTCUSDT,2023-04-01,1.0,0.0,0.0,1.0
BTCUSDT,2023-04-02,1.0,0.0,0.0,1.0
BTCUSDT,2023-04-03,1.0,0.0,0.0,1.0
BTCUSDT,2023-04-04,1.0,0.0,0.0,1.0
BTCUSDT,2023-04-05,0.0,0.9044,0.0956,0.0
BTCUSDT,2023-04-06,0.7311,0.2682,0.0007,0.7311
BTCUSDT,2023-04-07,0.0,0.9988,0.0012,0.0
BTCUSDT,2023-04-08,0.0,0.9982,0.0018,0.0
BTCUSDT,2023-04-09,0.9913,0.0086,0.0,0.9913
BTCUSDT,2023-04-10,1.0,0.0,0.0,1.0
BTCUSDT,2023-04-11,1.0,0.0,0.0,1.0
BTCUSDT,2023-04-12,1.0,0.0,0.0,1.0
BTCUSDT,2023-04-13,1.0,0.0,0.0,1.0
BTCUSDT,2023-04-14,1.0,0.0,0.0,1.0
BTCUSDT,2023-04-15,1.0,0.0,0.0,1.0
BTCUSDT,2023-04-16,1.0,0.0,0.0,1.0
BTCUSDT,2023-04-17,0.0,0.9848,0.0152,0.0
BTCUSDT,2023-04-18,0.8499,0.15,0.0001,0.8499
BTCUSDT,2023-04-19,0.0,0.9443,0.0557,0.0
BTCUSDT,2023-04-20,0.0,0.8722,0.1278,0.0
BTCUSDT,2023-04-21,0.0,0.6716,0.3284,0.0
BTCUSDT,2023-04-22,0.0,0.7039,0.2961,0.0
BTCUSDT,2023-04-23,0.0,0.7518,0.2482,0.0
BTCUSDT,2023-04-24,0.0,0.9243,0.0757,0.0
BTCUSDT,2023-04-25,0.0,0.9653,0.0347,0.0
BTCUSDT,2023-04-26,0.0,0.9786,0.0214,0.0
BTCUSDT,2023-04-27,1.0,0.0,0.0,1.0
BTCUSDT,2023-04-28,1.0,0.0,0.0,1.0
BTCUSDT,2023-04-29,1.0,0.0,0.0,1.0
BTCUSDT,2023-04-30,1.0,0.0,0.0,1.0
BTCUSDT,2023-05-01,1.0,0.0,0.0,1.0
BTCUSDT,2023-05-02,1.0,0.0,0.0,1.0
BTCUSDT,2023-05-03,1.0,0.0,0.0,1.0
BTCUSDT,2023-05-04,0.0,0.9788,0.0212,0.0
BTCUSDT,2023-05-05,0.8766,0.1234,0.0,0.8766
BTCUSDT,2023-05-06,0.0,0.9987,0.0013,0.0
BTCUSDT,2023-05-07,0.0,0.9998,0.0002,0.0
BTCUSDT,2023-05-08,0.0,0.9999,0.0001,0.0
BTCUSDT,2023-05-09,0.0,0.9999,0.0001,0.0
BTCUSDT,2023-05-10,0.0,0.9998,0.0002,0.0
BTCUSDT,2023-05-11,0.0,0.9982,0.0018,0.0
BTCUSDT,2023-05-12,0.0,0.9911,0.0089,0.0
BTCUSDT,2023-05-13,0.0,0.9966,0.0034,0.0
BTCUSDT,2023-05-14,0.0,0.9996,0.0004,0.0
BTCUSDT,2023-05-15,0.0,0.9999,0.0001,0.0
BTCUSDT,2023-05-16,0.0,1.0,0.0,0.0
BTCUSDT,2023-05-17,0.0,0.9999,0.0001,0.0
BTCUSDT,2023-05-18,0.0,0.9988,0.0012,0.0
BTCUSDT,2023-05-19,0.9865,0.0135,0.0,0.9865
BTCUSDT,2023-05-20,1.0,0.0,0.0,1.0
BTCUSDT,2023-05-21,0.0,0.9986,0.0014,0.0
BTCUSDT,2023-05-22,0.0,0.9983,0.0017,0.0
BTCUSDT,2023-05-23,0.981,0.019,0.0,0.981
BTCUSDT,2023-05-24,0.0,0.9991,0.0009,0.0
BTCUSDT,2023-05-25,0.0,0.9999,0.0001,0.0
BTCUSDT,2023-05-26,0.0,0.9999,0.0001,0.0
BTCUSDT,2023-05-27,0.0,0.9988,0.0012,0.0
BTCUSDT,2023-05-28,1.0,0.0,0.0,1.0
BTCUSDT,2023-05-29,1.0,0.0,0.0,1.0
BTCUSDT,2023-05-30,1.0,0.0,0.0,1.0
BTCUSDT,2023-05-31,1.0,0.0,0.0,1.0
BTCUSDT,2023-06-01,1.0,0.0,0.0,1.0
BTCUSDT,2023-06-02,1.0,0.0,0.0,1.0
BTCUSDT,2023-06-03,0.9995,0.0005,0.0,0.9995
BTCUSDT,2023-06-04,0.0,0.999,0.001,0.0
BTCUSDT,2023-06-05,0.0,0.9992,0.0008,0.0
BTCUSDT,2023-06-06,0.0,0.9999,0.0001,0.0
BTCUSDT,2023-06-07,0.0,0.9999,0.0001,0.0
BTCUSDT,2023-06-08,0.0,0.9999,0.0001,0.0
BTCUSDT,2023-06-09,0.0,0.9999,0.0001,0.0
BTCUSDT,2023-06-10,0.0,0.9997,0.0003,0.0
BTCUSDT,2023-06-11,0.0,0.9977,0.0023,0.0
BTCUSDT,2023-06-12,0.7771,0.2229,0.0,0.7771
BTCUSDT,2023-06-13,0.0,0.9983,0.0017,0.0
BTCUSDT,2023-06-14,0.0,0.9997,0.0003,0.0
BTCUSDT,2023-06-15,0.0,0.9996,0.0004,0.0
BTCUSDT,2023-06-16,0.0,0.9967,0.0033,0.0
BTCUSDT,2023-06-17,1.0,0.0,0.0,1.0
BTCUSDT,2023-06-18,1.0,0.0,0.0,1.0
BTCUSDT,2023-06-19,1.0,0.0,0.0,1.0
BTCUSDT,2023-06-20,1.0,0.0,0.0,1.0
BTCUSDT,2023-06-21,1.0,0.0,0.0,1.0
BTCUSDT,2023-06-22,1.0,0.0,0.0,1.0
BTCUSDT,2023-06-23,1.0,0.0,0.0,1.0
BTCUSDT,2023-06-24,1.0,0.0,0.0,1.0
BTCUSDT,2023-06-25,1.0,0.0,0.0,1.0
BTCUSDT,2023-06-26,1.0,0.0,0.0,1.0
BTCUSDT,2023-06-27,1.0,0.0,0.0,1.0
BTCUSDT,2023-06-28,0.9993,0.0007,0.0,0.9993
BTCUSDT,2023-06-29,1.0,0.0,0.0,1.0
BTCUSDT,2023-06-30,0.0,0.9726,0.0274,0.0
BTCUSDT,2023-07-01,0.9703,0.0296,0.0001,0.9703
BTCUSDT,2023-07-02,0.9994,0.0006,0.0,0.9994
BTCUSDT,2023-07-03,1.0,0.0,0.0,1.0
BTCUSDT,2023-07-04,0.9994,0.0006,0.0,0.9994
BTCUSDT,2023-07-05,1.0,0.0,0.0,1.0
BTCUSDT,2023-07-06,0.0,0.9992,0.0008,0.0
BTCUSDT,2023-07-07,0.0,0.9999,0.0001,0.0
BTCUSDT,2023-07-08,0.0,0.9999,0.0001,0.0
BTCUSDT,2023-07-09,0.0,0.9999,0.0001,0.0
BTCUSDT,2023-07-10,0.0,0.9999,0.0001,0.0
BTCUSDT,2023-07-11,0.0,0.9999,0.0001,0.0
BTCUSDT,2023-07-12,0.0,0.9984,0.0016,0.0
BTCUSDT,2023-07-13,1.0,0.0,0.0,1.0
BTCUSDT,2023-07-14,0.0,0.9791,0.0209,0.0
BTCUSDT,2023-07-15,0.9539,0.046,0.0001,0.9539
BTCUSDT,2023-07-16,0.9676,0.0324,0.0,0.9676
BTCUSDT,2023-07-17,0.0,0.9993,0.0007,0.0
BTCUSDT,2023-07-18,0.0,0.9999,0.0001,0.0
BTCUSDT,2023-07-19,0.0,1.0,0.0,0.0
BTCUSDT,2023-07-20,0.0,0.9999,0.0001,0.0
BTCUSDT,2023-07-21,0.0,1.0,0.0,0.0
BTCUSDT,2023-07-22,0.0,1.0,0.0,0.0
BTCUSDT,2023-07-23,0.0,0.9999,0.0001,0.0
BTCUSDT,2023-07-24,0.0,1.0,0.0,0.0
BTCUSDT,2023-07-25,0.0,1.0,0.0,0.0
BTCUSDT,2023-07-26,0.0,1.0,0.0,0.0
BTCUSDT,2023-07-27,0.0,1.0,0.0,0.0
BTCUSDT,2023-07-28,0.0,1.0,0.0,0.0
BTCUSDT,2023-07-29,0.0,0.9999,0.0001,0.0
BTCUSDT,2023-07-30,0.0,0.9989,0.0011,0.0
BTCUSDT,2023-07-31,0.9825,0.0174,0.0,0.9825
BTCUSDT,2023-08-01,1.0,0.0,0.0,1.0
BTCUSDT,2023-08-02,0.0,0.9992,0.0008,0.0
BTCUSDT,2023-08-03,0.0,0.9999,0.0001,0.0
BTCUSDT,2023-08-04,0.0,0.9999,0.0001,0.0
BTCUSDT,2023-08-05,0.0,0.9999,0.0001,0.0
BTCUSDT,2023-08-06,0.0,0.9998,0.0002,0.0
BTCUSDT,2023-08-07,0.0,0.9977,0.0023,0.0
BTCUSDT,2023-08-08,0.9952,0.0048,0.0,0.9952
BTCUSDT,2023-08-09,1.0,0.0,0.0,1.0
BTCUSDT,2023-08-10,1.0,0.0,0.0,1.0
BTCUSDT,2023-08-11,1.0,0.0,0.0,1.0
BTCUSDT,2023-08-12,1.0,0.0,0.0,1.0
BTCUSDT,2023-08-13,1.0,0.0,0.0,1.0
BTCUSDT,2023-08-14,1.0,0.0,0.0,1.0
BTCUSDT,2023-08-15,0.0,0.9387,0.0613,0.0
BTCUSDT,2023-08-16,0.0,0.8857,0.1143,0.0
BTCUSDT,2023-08-17,0.0,0.1405,0.8595,0.0
BTCUSDT,2023-08-18,0.0,0.0011,0.9989,0.0
BTCUSDT,2023-08-19,0.0,0.0,1.0,0.0
BTCUSDT,2023-08-20,0.0,0.0,1.0,0.0
BTCUSDT,2023-08-21,0.0,0.0002,0.9998,0.0
BTCUSDT,2023-08-22,0.0,0.0123,0.9877,0.0
BTCUSDT,2023-08-23,0.0,0.5491,0.4509,0.0
BTCUSDT,2023-08-24,0.0,0.9839,0.0161,0.0
BTCUSDT,2023-08-25,0.0034,0.9958,0.0009,0.0034
BTCUSDT,2023-08-26,0.0,0.9999,0.0001,0.0
BTCUSDT,2023-08-27,0.0,0.9999,0.0001,0.0
BTCUSDT,2023-08-28,0.0,0.9984,0.0016,0.0
BTCUSDT,2023-08-29,1.0,0.0,0.0,1.0
BTCUSDT,2023-08-30,1.0,0.0,0.0,1.0
BTCUSDT,2023-08-31,0.0,0.9983,0.0017,0.0
BTCUSDT,2023-09-01,0.0,0.9997,0.0003,0.0
BTCUSDT,2023-09-02,0.0,0.9998,0.0002,0.0
BTCUSDT,2023-09-03,0.0,0.9998,0.0002,0.0
BTCUSDT,2023-09-04,0.0,0.9996,0.0004,0.0
BTCUSDT,2023-09-05,0.0,0.9965,0.0035,0.0
BTCUSDT,2023-09-06,0.0,0.992,0.008,0.0
BTCUSDT,2023-09-07,1.0,0.0,0.0,1.0
BTCUSDT,2023-09-08,0.9993,0.0007,0.0,0.9993
BTCUSDT,2023-09-09,0.9677,0.0322,0.0,0.9677
BTCUSDT,2023-09-10,0.0,0.9984,0.0016,0.0
BTCUSDT,2023-09-11,0.0,0.9981,0.0019,0.0
BTCUSDT,2023-09-12,0.9729,0.027,0.0,0.9729
BTCUSDT,2023-09-13,1.0,0.0,0.0,1.0
BTCUSDT,2023-09-14,1.0,0.0,0.0,1.0
BTCUSDT,2023-09-15,1.0,0.0,0.0,1.0
BTCUSDT,2023-09-16,1.0,0.0,0.0,1.0
BTCUSDT,2023-09-17,1.0,0.0,0.0,1.0
BTCUSDT,2023-09-18,1.0,0.0,0.0,1.0
BTCUSDT,2023-09-19,1.0,0.0,0.0,1.0
BTCUSDT,2023-09-20,1.0,0.0,0.0,1.0
BTCUSDT,2023-09-21,0.9819,0.0181,0.0,0.9819
BTCUSDT,2023-09-22,0.0,0.9867,0.0133,0.0
BTCUSDT,2023-09-23,0.5532,0.4467,0.0001,0.5532
BTCUSDT,2023-09-24,0.0,0.9995,0.0005,0.0
BTCUSDT,2023-09-25,0.0,0.9999,0.0001,0.0
BTCUSDT,2023-09-26,0.0,0.9999,0.0001,0.0
BTCUSDT,2023-09-27,0.0,0.9987,0.0013,0.0
BTCUSDT,2023-09-28,1.0,0.0,0.0,1.0
BTCUSDT,2023-09-29,1.0,0.0,0.0,1.0
BTCUSDT,2023-09-30,1.0,0.0,0.0,1.0
BTCUSDT,2023-10-01,1.0,0.0,0.0,1.0
BTCUSDT,2023-10-02,1.0,0.0,0.0,1.0
BTCUSDT,2023-10-03,1.0,0.0,0.0,1.0
BTCUSDT,2023-10-04,1.0,0.0,0.0,1.0
BTCUSDT,2023-10-05,1.0,0.0,0.0,1.0
BTCUSDT,2023-10-06,1.0,0.0,0.0,1.0
BTCUSDT,2023-10-07,1.0,0.0,0.0,1.0
BTCUSDT,2023-10-08,0.0,0.987,0.013,0.0
BTCUSDT,2023-10-09,0.5956,0.4044,0.0,0.5956
BTCUSDT,2023-10-10,0.0,0.9994,0.0006,0.0
BTCUSDT,2023-10-11,0.0,0.9999,0.0001,0.0
BTCUSDT,2023-10-12,0.0,1.0,0.0,0.0
BTCUSDT,2023-10-13,0.0,0.9999,0.0001,0.0
BTCUSDT,2023-10-14,0.0,0.9999,0.0001,0.0
BTCUSDT,2023-10-15,0.0,0.9989,0.0011,0.0
BTCUSDT,2023-10-16,1.0,0.0,0.0,1.0
BTCUSDT,2023-10-17,1.0,0.0,0.0,1.0
BTCUSDT,2023-10-18,1.0,0.0,0.0,1.0
BTCUSDT,2023-10-19,1.0,0.0,0.0,1.0
BTCUSDT,2023-10-20,1.0,0.0,0.0,1.0
BTCUSDT,2023-10-21,1.0,0.0,0.0,1.0
BTCUSDT,2023-10-22,1.0,0.0,0.0,1.0
BTCUSDT,2023-10-23,1.0,0.0,0.0,1.0
BTCUSDT,2023-10-24,1.0,0.0,0.0,1.0
BTCUSDT,2023-10-25,1.0,0.0,0.0,1.0
BTCUSDT,2023-10-26,1.0,0.0,0.0,1.0
BTCUSDT,2023-10-27,1.0,0.0,0.0,1.0
BTCUSDT,2023-10-28,1.0,0.0,0.0,1.0
BTCUSDT,2023-10-29,1.0,0.0,0.0,1.0
BTCUSDT,2023-10-30,1.0,0.0,0.0,1.0
BTCUSDT,2023-10-31,1.0,0.0,0.0,1.0
BTCUSDT,2023-11-01,1.0,0.0,0.0,1.0
BTCUSDT,2023-11-02,1.0,0.0,0.0,1.0
BTCUSDT,2023-11-03,1.0,0.0,0.0,1.0
BTCUSDT,2023-11-04,1.0,0.0,0.0,1.0
BTCUSDT,2023-11-05,1.0,0.0,0.0,1.0
BTCUSDT,2023-11-06,1.0,0.0,0.0,1.0
BTCUSDT,2023-11-07,1.0,0.0,0.0,1.0
BTCUSDT,2023-11-08,0.9999,0.0001,0.0,0.9999
BTCUSDT,2023-11-09,1.0,0.0,0.0,1.0
BTCUSDT,2023-11-10,1.0,0.0,0.0,1.0
BTCUSDT,2023-11-11,1.0,0.0,0.0,1.0
BTCUSDT,2023-11-12,1.0,0.0,0.0,1.0
BTCUSDT,2023-11-13,1.0,0.0,0.0,1.0
BTCUSDT,2023-11-14,0.9997,0.0003,0.0,0.9997
BTCUSDT,2023-11-15,1.0,0.0,0.0,1.0
BTCUSDT,2023-11-16,0.0,0.999,0.001,0.0
BTCUSDT,2023-11-17,0.0,0.9998,0.0002,0.0
BTCUSDT,2023-11-18,0.0,0.9985,0.0015,0.0
BTCUSDT,2023-11-19,0.9996,0.0004,0.0,0.9996
BTCUSDT,2023-11-20,1.0,0.0,0.0,1.0
BTCUSDT,2023-11-21,0.9984,0.0015,0.0,0.9984
BTCUSDT,2023-11-22,0.0,0.9566,0.0434,0.0
BTCUSDT,2023-11-23,1.0,0.0,0.0,1.0
BTCUSDT,2023-11-24,1.0,0.0,0.0,1.0
BTCUSDT,2023-11-25,1.0,0.0,0.0,1.0
BTCUSDT,2023-11-26,0.9803,0.0196,0.0001,0.9803
BTCUSDT,2023-11-27,0.0,0.95,0.05,0.0
BTCUSDT,2023-11-28,1.0,0.0,0.0,1.0
BTCUSDT,2023-11-29,1.0,0.0,0.0,1.0
BTCUSDT,2023-11-30,1.0,0.0,0.0,1.0
BTCUSDT,2023-12-01,1.0,0.0,0.0,1.0
BTCUSDT,2023-12-02,1.0,0.0,0.0,1.0
BTCUSDT,2023-12-03,1.0,0.0,0.0,1.0
BTCUSDT,2023-12-04,1.0,0.0,0.0,1.0
BTCUSDT,2023-12-05,1.0,0.0,0.0,1.0
BTCUSDT,2023-12-06,1.0,0.0,0.0,1.0
BTCUSDT,2023-12-07,1.0,0.0,0.0,1.0
BTCUSDT,2023-12-08,1.0,0.0,0.0,1.0
BTCUSDT,2023-12-09,1.0,0.0,0.0,1.0
BTCUSDT,2023-12-10,1.0,0.0,0.0,1.0
BTCUSDT,2023-12-11,0.0,0.9976,0.0024,0.0
BTCUSDT,2023-12-12,0.0,0.9993,0.0007,0.0
BTCUSDT,2023-12-13,0.0,0.9999,0.0001,0.0
BTCUSDT,2023-12-14,0.0,0.9999,0.0001,0.0
BTCUSDT,2023-12-15,0.0,0.9998,0.0002,0.0
BTCUSDT,2023-12-16,0.0,0.9995,0.0005,0.0
BTCUSDT,2023-12-17,0.0,0.9947,0.0053,0.0
BTCUSDT,2023-12-18,1.0,0.0,0.0,1.0
BTCUSDT,2023-12-19,1.0,0.0,0.0,1.0
BTCUSDT,2023-12-20,1.0,0.0,0.0,1.0
BTCUSDT,2023-12-21,1.0,0.0,0.0,1.0
BTCUSDT,2023-12-22,1.0,0.0,0.0,1.0
BTCUSDT,2023-12-23,1.0,0.0,0.0,1.0
BTCUSDT,2023-12-24,1.0,0.0,0.0,1.0
BTCUSDT,2023-12-25,1.0,0.0,0.0,1.0
BTCUSDT,2023-12-26,0.9947,0.0053,0.0,0.9947
BTCUSDT,2023-12-27,0.0,0.9987,0.0013,0.0
BTCUSDT,2023-12-28,0.0,0.9999,0.0001,0.0
BTCUSDT,2023-12-29,0.0,0.9999,0.0001,0.0
BTCUSDT,2023-12-30,0.0,0.9998,0.0002,0.0
BTCUSDT,2023-12-31,0.0,0.9985,0.0015,0.0
BTCUSDT,2024-01-01,1.0,0.0,0.0,1.0
BTCUSDT,2024-01-02,1.0,0.0,0.0,1.0
BTCUSDT,2024-01-03,0.0,0.9776,0.0224,0.0
BTCUSDT,2024-01-04,1.0,0.0,0.0,1.0
BTCUSDT,2024-01-05,1.0,0.0,0.0,1.0
BTCUSDT,2024-01-06,1.0,0.0,0.0,1.0
BTCUSDT,2024-01-07,1.0,0.0,0.0,1.0
BTCUSDT,2024-01-08,1.0,0.0,0.0,1.0
BTCUSDT,2024-01-09,1.0,0.0,0.0,1.0
BTCUSDT,2024-01-10,1.0,0.0,0.0,1.0
BTCUSDT,2024-01-11,1.0,0.0,0.0,1.0
BTCUSDT,2024-01-12,0.0,0.7795,0.2205,0.0
BTCUSDT,2024-01-13,0.0,0.729,0.271,0.0
BTCUSDT,2024-01-14,0.0,0.522,0.478,0.0
BTCUSDT,2024-01-15,0.0,0.0483,0.9517,0.0
BTCUSDT,2024-01-16,0.0,0.0307,0.9693,0.0
BTCUSDT,2024-01-17,0.0,0.0112,0.9888,0.0
BTCUSDT,2024-01-18,0.0,0.0092,0.9908,0.0
BTCUSDT,2024-01-19,0.0,0.4849,0.5151,0.0
BTCUSDT,2024-01-20,0.0,0.6202,0.3798,0.0
BTCUSDT,2024-01-21,0.0,0.653,0.347,0.0
BTCUSDT,2024-01-22,0.0,0.6564,0.3436,0.0
BTCUSDT,2024-01-23,0.0,0.6806,0.3194,0.0
BTCUSDT,2024-01-24,0.0,0.769,0.231,0.0
BTCUSDT,2024-01-25,0.0,0.8198,0.1802,0.0
BTCUSDT,2024-01-26,0.9934,0.0064,0.0002,0.9934
BTCUSDT,2024-01-27,1.0,0.0,0.0,1.0
BTCUSDT,2024-01-28,1.0,0.0,0.0,1.0
BTCUSDT,2024-01-29,1.0,0.0,0.0,1.0
BTCUSDT,2024-01-30,1.0,0.0,0.0,1.0
BTCUSDT,2024-01-31,1.0,0.0,0.0,1.0
BTCUSDT,2024-02-01,1.0,0.0,0.0,1.0
BTCUSDT,2024-02-02,1.0,0.0,0.0,1.0
BTCUSDT,2024-02-03,1.0,0.0,0.0,1.0
BTCUSDT,2024-02-04,1.0,0.0,0.0,1.0
BTCUSDT,2024-02-05,0.0,0.9833,0.0167,0.0
BTCUSDT,2024-02-06,0.9809,0.019,0.0,0.9809
BTCUSDT,2024-02-07,1.0,0.0,0.0,1.0
BTCUSDT,2024-02-08,1.0,0.0,0.0,1.0
BTCUSDT,2024-02-09,1.0,0.0,0.0,1.0
BTCUSDT,2024-02-10,1.0,0.0,0.0,1.0
BTCUSDT,2024-02-11,1.0,0.0,0.0,1.0
BTCUSDT,2024-02-12,1.0,0.0,0.0,1.0
BTCUSDT,2024-02-13,1.0,0.0,0.0,1.0
BTCUSDT,2024-02-14,1.0,0.0,0.0,1.0
BTCUSDT,2024-02-15,1.0,0.0,0.0,1.0
BTCUSDT,2024-02-16,1.0,0.0,0.0,1.0
BTCUSDT,2024-02-17,1.0,0.0,0.0,1.0
BTCUSDT,2024-02-18,1.0,0.0,0.0,1.0
BTCUSDT,2024-02-19,1.0,0.0,0.0,1.0
BTCUSDT,2024-02-20,1.0,0.0,0.0,1.0
BTCUSDT,2024-02-21,0.969,0.031,0.0,0.969
BTCUSDT,2024-02-22,0.0,0.9994,0.0006,0.0
BTCUSDT,2024-02-23,0.0,0.9999,0.0001,0.0
BTCUSDT,2024-02-24,0.0,0.9999,0.0001,0.0
BTCUSDT,2024-02-25,0.0,0.9988,0.0012,0.0
BTCUSDT,2024-02-26,1.0,0.0,0.0,1.0
BTCUSDT,2024-02-27,1.0,0.0,0.0,1.0
BTCUSDT,2024-02-28,1.0,0.0,0.0,1.0
BTCUSDT,2024-02-29,1.0,0.0,0.0,1.0
BTCUSDT,2024-03-01,1.0,0.0,0.0,1.0
BTCUSDT,2024-03-02,1.0,0.0,0.0,1.0
BTCUSDT,2024-03-03,1.0,0.0,0.0,1.0
BTCUSDT,2024-03-04,1.0,0.0,0.0,1.0
BTCUSDT,2024-03-05,1.0,0.0,0.0,1.0
BTCUSDT,2024-03-06,1.0,0.0,0.0,1.0
BTCUSDT,2024-03-07,1.0,0.0,0.0,1.0
BTCUSDT,2024-03-08,1.0,0.0,0.0,1.0
BTCUSDT,2024-03-09,1.0,0.0,0.0,1.0
BTCUSDT,2024-03-10,1.0,0.0,0.0,1.0
BTCUSDT,2024-03-11,1.0,0.0,0.0,1.0
BTCUSDT,2024-03-12,1.0,0.0,0.0,1.0
BTCUSDT,2024-03-13,1.0,0.0,0.0,1.0
BTCUSDT,2024-03-14,1.0,0.0,0.0,1.0
BTCUSDT,2024-03-15,1.0,0.0,0.0,1.0
BTCUSDT,2024-03-16,0.0,0.0037,0.9963,0.0
BTCUSDT,2024-03-17,0.0,0.0001,0.9999,0.0
BTCUSDT,2024-03-18,0.0,0.0,1.0,0.0
BTCUSDT,2024-03-19,0.0,0.0,1.0,0.0
BTCUSDT,2024-03-20,0.0,0.0,1.0,0.0
BTCUSDT,2024-03-21,0.0,0.0,1.0,0.0
BTCUSDT,2024-03-22,0.0,0.0,1.0,0.0
BTCUSDT,2024-03-23,0.0,0.0,1.0,0.0
BTCUSDT,2024-03-24,0.0,0.0001,0.9999,0.0
BTCUSDT,2024-03-25,1.0,0.0,0.0,1.0
BTCUSDT,2024-03-26,1.0,0.0,0.0,1.0
BTCUSDT,2024-03-27,1.0,0.0,0.0,1.0
BTCUSDT,2024-03-28,1.0,0.0,0.0,1.0
BTCUSDT,2024-03-29,1.0,0.0,0.0,1.0
BTCUSDT,2024-03-30,1.0,0.0,0.0,1.0
BTCUSDT,2024-03-31,1.0,0.0,0.0,1.0
BTCUSDT,2024-04-01,0.0,0.0028,0.9972,0.0
BTCUSDT,2024-04-02,0.0,0.0,1.0,0.0
BTCUSDT,2024-04-03,0.0,0.0,1.0,0.0
BTCUSDT,2024-04-04,0.0,0.0,1.0,0.0
BTCUSDT,2024-04-05,0.0,0.0,1.0,0.0
BTCUSDT,2024-04-06,0.0,0.0005,0.9995,0.0
BTCUSDT,2024-04-07,0.0,0.007,0.993,0.0
BTCUSDT,2024-04-08,1.0,0.0,0.0,1.0
BTCUSDT,2024-04-09,1.0,0.0,0.0,1.0
BTCUSDT,2024-04-10,1.0,0.0,0.0,1.0
BTCUSDT,2024-04-11,1.0,0.0,0.0,1.0
BTCUSDT,2024-04-12,0.0,0.5254,0.4746,0.0
BTCUSDT,2024-04-13,0.0,0.3512,0.6488,0.0
BTCUSDT,2024-04-14,0.0,0.2676,0.7324,0.0
BTCUSDT,2024-04-15,0.0,0.0015,0.9985,0.0
BTCUSDT,2024-04-16,0.0,0.0012,0.9988,0.0
BTCUSDT,2024-04-17,0.0,0.0,1.0,0.0
BTCUSDT,2024-04-18,0.0,0.0048,0.9952,0.0
BTCUSDT,2024-04-19,0.0,0.0915,0.9085,0.0
BTCUSDT,2024-04-20,1.0,0.0,0.0,1.0
BTCUSDT,2024-04-21,0.0,0.8815,0.1185,0.0
BTCUSDT,2024-04-22,1.0,0.0,0.0,1.0
BTCUSDT,2024-04-23,1.0,0.0,0.0,1.0
BTCUSDT,2024-04-24,1.0,0.0,0.0,1.0
BTCUSDT,2024-04-25,1.0,0.0,0.0,1.0
BTCUSDT,2024-04-26,0.0,0.9948,0.0052,0.0
BTCUSDT,2024-04-27,0.0,0.9977,0.0023,0.0
BTCUSDT,2024-04-28,0.0,0.9935,0.0065,0.0
BTCUSDT,2024-04-29,0.0,0.9469,0.0531,0.0
BTCUSDT,2024-04-30,0.0,0.5336,0.4664,0.0
BTCUSDT,2024-05-01,0.0,0.4268,0.5732,0.0
BTCUSDT,2024-05-02,0.0,0.4394,0.5606,0.0
BTCUSDT,2024-05-03,0.0,0.5023,0.4977,0.0
BTCUSDT,2024-05-04,0.9987,0.0012,0.0001,0.9987
BTCUSDT,2024-05-05,1.0,0.0,0.0,1.0
BTCUSDT,2024-05-06,0.0,0.9466,0.0534,0.0
BTCUSDT,2024-05-07,1.0,0.0,0.0,1.0
BTCUSDT,2024-05-08,1.0,0.0,0.0,1.0
BTCUSDT,2024-05-09,1.0,0.0,0.0,1.0
BTCUSDT,2024-05-10,0.0,0.9979,0.0021,0.0
BTCUSDT,2024-05-11,0.0,0.9995,0.0005,0.0
BTCUSDT,2024-05-12,0.0,0.9997,0.0003,0.0
BTCUSDT,2024-05-13,0.0,0.9994,0.0006,0.0
BTCUSDT,2024-05-14,0.0,0.9965,0.0035,0.0
BTCUSDT,2024-05-15,1.0,0.0,0.0,1.0
BTCUSDT,2024-05-16,1.0,0.0,0.0,1.0
BTCUSDT,2024-05-17,1.0,0.0,0.0,1.0
BTCUSDT,2024-05-18,1.0,0.0,0.0,1.0
BTCUSDT,2024-05-19,1.0,0.0,0.0,1.0
BTCUSDT,2024-05-20,1.0,0.0,0.0,1.0
BTCUSDT,2024-05-21,1.0,0.0,0.0,1.0
BTCUSDT,2024-05-22,1.0,0.0,0.0,1.0
BTCUSDT,2024-05-23,1.0,0.0,0.0,1.0
BTCUSDT,2024-05-24,1.0,0.0,0.0,1.0
BTCUSDT,2024-05-25,1.0,0.0,0.0,1.0
BTCUSDT,2024-05-26,1.0,0.0,0.0,1.0
BTCUSDT,2024-05-27,0.0,0.9915,0.0085,0.0
BTCUSDT,2024-05-28,0.0,0.994,0.006,0.0
BTCUSDT,2024-05-29,0.0,0.9898,0.0102,0.0
BTCUSDT,2024-05-30,0.8639,0.1361,0.0,0.8639
BTCUSDT,2024-05-31,0.0,0.9971,0.0029,0.0
BTCUSDT,2024-06-01,0.0,0.9992,0.0008,0.0
BTCUSDT,2024-06-02,0.0,0.9986,0.0014,0.0
BTCUSDT,2024-06-03,0.0,0.994,0.006,0.0
BTCUSDT,2024-06-04,1.0,0.0,0.0,1.0
BTCUSDT,2024-06-05,1.0,0.0,0.0,1.0
BTCUSDT,2024-06-06,1.0,0.0,0.0,1.0
BTCUSDT,2024-06-07,1.0,0.0,0.0,1.0
BTCUSDT,2024-06-08,1.0,0.0,0.0,1.0
BTCUSDT,2024-06-09,1.0,0.0,0.0,1.0
BTCUSDT,2024-06-10,1.0,0.0,0.0,1.0
BTCUSDT,2024-06-11,0.0,0.9987,0.0013,0.0
BTCUSDT,2024-06-12,0.0,0.9999,0.0001,0.0
BTCUSDT,2024-06-13,0.0,0.9998,0.0002,0.0
BTCUSDT,2024-06-14,0.0,0.9999,0.0001,0.0
BTCUSDT,2024-06-15,0.0,0.9999,0.0001,0.0
BTCUSDT,2024-06-16,0.0,0.9999,0.0001,0.0
BTCUSDT,2024-06-17,0.0,0.9999,0.0001,0.0
BTCUSDT,2024-06-18,0.0,0.9999,0.0001,0.0
BTCUSDT,2024-06-19,0.0,0.9999,0.0001,0.0
BTCUSDT,2024-06-20,0.0,0.9999,0.0001,0.0
BTCUSDT,2024-06-21,0.0,0.9999,0.0001,0.0
BTCUSDT,2024-06-22,0.0,0.9999,0.0001,0.0
BTCUSDT,2024-06-23,0.0,0.9992,0.0008,0.0
BTCUSDT,2024-06-24,0.0,0.9923,0.0077,0.0
BTCUSDT,2024-06-25,0.0,0.9992,0.0008,0.0
BTCUSDT,2024-06-26,0.0,0.9996,0.0004,0.0
BTCUSDT,2024-06-27,0.0,0.9999,0.0001,0.0
BTCUSDT,2024-06-28,0.0,0.9998,0.0002,0.0
BTCUSDT,2024-06-29,0.0,0.9998,0.0002,0.0
BTCUSDT,2024-06-30,0.0,0.9987,0.0013,0.0
BTCUSDT,2024-07-01,1.0,0.0,0.0,1.0
BTCUSDT,2024-07-02,0.9871,0.0129,0.0,0.9871
BTCUSDT,2024-07-03,0.0,0.9973,0.0027,0.0
BTCUSDT,2024-07-04,0.0,0.9943,0.0057,0.0
BTCUSDT,2024-07-05,0.0,0.9899,0.0101,0.0
BTCUSDT,2024-07-06,0.0,0.9555,0.0445,0.0
BTCUSDT,2024-07-07,0.0,0.3969,0.6031,0.0
BTCUSDT,2024-07-08,0.0,0.4165,0.5835,0.0
BTCUSDT,2024-07-09,0.0,0.73,0.27,0.0
BTCUSDT,2024-07-10,0.0,0.8212,0.1788,0.0
BTCUSDT,2024-07-11,0.9964,0.0035,0.0,0.9964
BTCUSDT,2024-07-12,1.0,0.0,0.0,1.0
BTCUSDT,2024-07-13,1.0,0.0,0.0,1.0
BTCUSDT,2024-07-14,1.0,0.0,0.0,1.0
BTCUSDT,2024-07-15,1.0,0.0,0.0,1.0
BTCUSDT,2024-07-16,1.0,0.0,0.0,1.0
BTCUSDT,2024-07-17,1.0,0.0,0.0,1.0
BTCUSDT,2024-07-18,1.0,0.0,0.0,1.0
BTCUSDT,2024-07-19,1.0,0.0,0.0,1.0
BTCUSDT,2024-07-20,1.0,0.0,0.0,1.0
BTCUSDT,2024-07-21,1.0,0.0,0.0,1.0
BTCUSDT,2024-07-22,1.0,0.0,0.0,1.0
BTCUSDT,2024-07-23,1.0,0.0,0.0,1.0
BTCUSDT,2024-07-24,1.0,0.0,0.0,1.0
BTCUSDT,2024-07-25,1.0,0.0,0.0,1.0
BTCUSDT,2024-07-26,1.0,0.0,0.0,1.0
BTCUSDT,2024-07-27,1.0,0.0,0.0,1.0
BTCUSDT,2024-07-28,0.9704,0.0295,0.0001,0.9704
BTCUSDT,2024-07-29,0.0,0.9848,0.0152,0.0
BTCUSDT,2024-07-30,0.6636,0.3362,0.0001,0.6636
BTCUSDT,2024-07-31,0.0,0.965,0.035,0.0
BTCUSDT,2024-08-01,0.0,0.9094,0.0906,0.0
BTCUSDT,2024-08-02,0.0,0.0692,0.9308,0.0
BTCUSDT,2024-08-03,0.0,0.0014,0.9986,0.0
BTCUSDT,2024-08-04,0.0,0.0,1.0,0.0
BTCUSDT,2024-08-05,0.0,0.0,1.0,0.0
BTCUSDT,2024-08-06,0.0,0.0,1.0,0.0
BTCUSDT,2024-08-07,0.0,0.0,1.0,0.0
BTCUSDT,2024-08-08,0.0,0.0002,0.9998,0.0
BTCUSDT,2024-08-09,0.0,0.0036,0.9964,0.0
BTCUSDT,2024-08-10,0.9971,0.0001,0.0029,0.9971
BTCUSDT,2024-08-11,1.0,0.0,0.0,1.0
BTCUSDT,2024-08-12,1.0,0.0,0.0,1.0
BTCUSDT,2024-08-13,1.0,0.0,0.0,1.0
BTCUSDT,2024-08-14,1.0,0.0,0.0,1.0
BTCUSDT,2024-08-15,0.0,0.0016,0.9984,0.0
BTCUSDT,2024-08-16,0.0,0.0003,0.9997,0.0
BTCUSDT,2024-08-17,0.0,0.0003,0.9997,0.0
BTCUSDT,2024-08-18,0.0,0.0014,0.9986,0.0
BTCUSDT,2024-08-19,0.6839,0.0001,0.316,0.6839
BTCUSDT,2024-08-20,0.0,0.1054,0.8946,0.0
BTCUSDT,2024-08-21,1.0,0.0,0.0,1.0
BTCUSDT,2024-08-22,1.0,0.0,0.0,1.0
BTCUSDT,2024-08-23,1.0,0.0,0.0,1.0
BTCUSDT,2024-08-24,1.0,0.0,0.0,1.0
BTCUSDT,2024-08-25,1.0,0.0,0.0,1.0
BTCUSDT,2024-08-26,1.0,0.0,0.0,1.0
BTCUSDT,2024-08-27,0.9996,0.0003,0.0001,0.9996
BTCUSDT,2024-08-28,0.0,0.5629,0.4371,0.0
BTCUSDT,2024-08-29,0.0,0.5902,0.4098,0.0
BTCUSDT,2024-08-30,0.0,0.5038,0.4962,0.0
BTCUSDT,2024-08-31,0.0,0.4321,0.5679,0.0
BTCUSDT,2024-09-01,0.0,0.3946,0.6054,0.0
BTCUSDT,2024-09-02,0.0,0.8541,0.1459,0.0
BTCUSDT,2024-09-03,0.0,0.9821,0.0179,0.0
BTCUSDT,2024-09-04,0.0,0.9946,0.0054,0.0
BTCUSDT,2024-09-05,0.0,0.9914,0.0086,0.0
BTCUSDT,2024-09-06,0.0,0.9714,0.0286,0.0
BTCUSDT,2024-09-07,0.0,0.9744,0.0256,0.0
BTCUSDT,2024-09-08,0.0,0.9911,0.0089,0.0
BTCUSDT,2024-09-09,0.0,0.9906,0.0094,0.0
BTCUSDT,2024-09-10,0.6862,0.3136,0.0003,0.6862
BTCUSDT,2024-09-11,0.0,0.9618,0.0382,0.0
BTCUSDT,2024-09-12,1.0,0.0,0.0,1.0
BTCUSDT,2024-09-13,1.0,0.0,0.0,1.0
BTCUSDT,2024-09-14,1.0,0.0,0.0,1.0
BTCUSDT,2024-09-15,1.0,0.0,0.0,1.0
BTCUSDT,2024-09-16,1.0,0.0,0.0,1.0
BTCUSDT,2024-09-17,1.0,0.0,0.0,1.0
BTCUSDT,2024-09-18,1.0,0.0,0.0,1.0
BTCUSDT,2024-09-19,1.0,0.0,0.0,1.0
BTCUSDT,2024-09-20,1.0,0.0,0.0,1.0
BTCUSDT,2024-09-21,1.0,0.0,0.0,1.0
BTCUSDT,2024-09-22,1.0,0.0,0.0,1.0
BTCUSDT,2024-09-23,1.0,0.0,0.0,1.0
BTCUSDT,2024-09-24,1.0,0.0,0.0,1.0
BTCUSDT,2024-09-25,1.0,0.0,0.0,1.0
BTCUSDT,2024-09-26,1.0,0.0,0.0,1.0
BTCUSDT,2024-09-27,1.0,0.0,0.0,1.0
BTCUSDT,2024-09-28,1.0,0.0,0.0,1.0
BTCUSDT,2024-09-29,1.0,0.0,0.0,1.0
BTCUSDT,2024-09-30,0.966,0.0339,0.0,0.966
BTCUSDT,2024-10-01,0.0,0.998,0.002,0.0
BTCUSDT,2024-10-02,0.0,0.9998,0.0002,0.0
BTCUSDT,2024-10-03,0.0,0.9996,0.0004,0.0
BTCUSDT,2024-10-04,0.0,0.9998,0.0002,0.0
BTCUSDT,2024-10-05,0.0,0.9998,0.0002,0.0
BTCUSDT,2024-10-06,0.0,0.9999,0.0001,0.0
BTCUSDT,2024-10-07,0.0,0.9989,0.0011,0.0
BTCUSDT,2024-10-08,1.0,0.0,0.0,1.0
BTCUSDT,2024-10-09,0.0,0.9982,0.0018,0.0
BTCUSDT,2024-10-10,0.0,0.998,0.002,0.0
BTCUSDT,2024-10-11,0.9966,0.0034,0.0,0.9966
BTCUSDT,2024-10-12,1.0,0.0,0.0,1.0
BTCUSDT,2024-10-13,0.9991,0.0009,0.0,0.9991
BTCUSDT,2024-10-14,1.0,0.0,0.0,1.0
BTCUSDT,2024-10-15,1.0,0.0,0.0,1.0
BTCUSDT,2024-10-16,1.0,0.0,0.0,1.0
BTCUSDT,2024-10-17,1.0,0.0,0.0,1.0
BTCUSDT,2024-10-18,1.0,0.0,0.0,1.0
BTCUSDT,2024-10-19,1.0,0.0,0.0,1.0
BTCUSDT,2024-10-20,1.0,0.0,0.0,1.0
BTCUSDT,2024-10-21,1.0,0.0,0.0,1.0
BTCUSDT,2024-10-22,0.9934,0.0066,0.0,0.9934
BTCUSDT,2024-10-23,0.0,0.9852,0.0148,0.0
BTCUSDT,2024-10-24,0.9996,0.0004,0.0,0.9996
BTCUSDT,2024-10-25,0.0,0.9993,0.0007,0.0
BTCUSDT,2024-10-26,0.0,0.9999,0.0001,0.0
BTCUSDT,2024-10-27,0.0,0.9989,0.0011,0.0
BTCUSDT,2024-10-28,1.0,0.0,0.0,1.0
BTCUSDT,2024-10-29,1.0,0.0,0.0,1.0
BTCUSDT,2024-10-30,1.0,0.0,0.0,1.0
BTCUSDT,2024-10-31,1.0,0.0,0.0,1.0
BTCUSDT,2024-11-01,1.0,0.0,0.0,1.0
BTCUSDT,2024-11-02,1.0,0.0,0.0,1.0
BTCUSDT,2024-11-03,1.0,0.0,0.0,1.0
BTCUSDT,2024-11-04,0.0,0.9984,0.0016,0.0
BTCUSDT,2024-11-05,0.0,0.9973,0.0027,0.0
BTCUSDT,2024-11-06,1.0,0.0,0.0,1.0
BTCUSDT,2024-11-07,1.0,0.0,0.0,1.0
BTCUSDT,2024-11-08,1.0,0.0,0.0,1.0
BTCUSDT,2024-11-09,1.0,0.0,0.0,1.0
BTCUSDT,2024-11-10,1.0,0.0,0.0,1.0
BTCUSDT,2024-11-11,1.0,0.0,0.0,1.0
BTCUSDT,2024-11-12,1.0,0.0,0.0,1.0
BTCUSDT,2024-11-13,1.0,0.0,0.0,1.0
BTCUSDT,2024-11-14,1.0,0.0,0.0,1.0
BTCUSDT,2024-11-15,1.0,0.0,0.0,1.0
BTCUSDT,2024-11-16,1.0,0.0,0.0,1.0
BTCUSDT,2024-11-17,1.0,0.0,0.0,1.0
BTCUSDT,2024-11-18,1.0,0.0,0.0,1.0
BTCUSDT,2024-11-19,1.0,0.0,0.0,1.0
BTCUSDT,2024-11-20,1.0,0.0,0.0,1.0
BTCUSDT,2024-11-21,1.0,0.0,0.0,1.0
BTCUSDT,2024-11-22,1.0,0.0,0.0,1.0
BTCUSDT,2024-11-23,1.0,0.0,0.0,1.0
BTCUSDT,2024-11-24,1.0,0.0,0.0,1.0
BTCUSDT,2024-11-25,1.0,0.0,0.0,1.0
BTCUSDT,2024-11-26,0.0,0.3139,0.6861,0.0
BTCUSDT,2024-11-27,1.0,0.0,0.0,1.0
BTCUSDT,2024-11-28,0.0,0.8683,0.1317,0.0
BTCUSDT,2024-11-29,0.0,0.8652,0.1348,0.0
BTCUSDT,2024-11-30,0.0,0.8564,0.1436,0.0
BTCUSDT,2024-12-01,0.0,0.846,0.154,0.0
BTCUSDT,2024-12-02,1.0,0.0,0.0,1.0
BTCUSDT,2024-12-03,1.0,0.0,0.0,1.0
BTCUSDT,2024-12-04,1.0,0.0,0.0,1.0
BTCUSDT,2024-12-05,1.0,0.0,0.0,1.0
BTCUSDT,2024-12-06,1.0,0.0,0.0,1.0
BTCUSDT,2024-12-07,1.0,0.0,0.0,1.0
BTCUSDT,2024-12-08,1.0,0.0,0.0,1.0
BTCUSDT,2024-12-09,1.0,0.0,0.0,1.0
BTCUSDT,2024-12-10,0.9999,0.0001,0.0,0.9999
BTCUSDT,2024-12-11,1.0,0.0,0.0,1.0
BTCUSDT,2024-12-12,1.0,0.0,0.0,1.0
BTCUSDT,2024-12-13,1.0,0.0,0.0,1.0
BTCUSDT,2024-12-14,1.0,0.0,0.0,1.0
BTCUSDT,2024-12-15,1.0,0.0,0.0,1.0
BTCUSDT,2024-12-16,1.0,0.0,0.0,1.0
BTCUSDT,2024-12-17,1.0,0.0,0.0,1.0
BTCUSDT,2024-12-18,0.0,0.9985,0.0015,0.0
BTCUSDT,2024-12-19,0.0,0.9996,0.0004,0.0
BTCUSDT,2024-12-20,0.0,0.9982,0.0018,0.0
BTCUSDT,2024-12-21,0.0,0.9786,0.0214,0.0
BTCUSDT,2024-12-22,0.0,0.7427,0.2573,0.0
BTCUSDT,2024-12-23,0.0,0.6776,0.3224,0.0
BTCUSDT,2024-12-24,0.0,0.863,0.137,0.0
BTCUSDT,2024-12-25,0.0,0.9851,0.0149,0.0
BTCUSDT,2024-12-26,0.0,0.9984,0.0016,0.0
BTCUSDT,2024-12-27,0.0,0.9997,0.0003,0.0
BTCUSDT,2024-12-28,0.0,0.9999,0.0001,0.0
BTCUSDT,2024-12-29,0.0,0.9999,0.0001,0.0
BTCUSDT,2024-12-30,0.0,0.9999,0.0001,0.0
BTCUSDT,2024-12-31,0.0,0.9994,0.0006,0.0
BTCUSDT,2025-01-01,0.0,0.9971,0.0029,0.0
BTCUSDT,2025-01-02,1.0,0.0,0.0,1.0
BTCUSDT,2025-01-03,1.0,0.0,0.0,1.0
BTCUSDT,2025-01-04,1.0,0.0,0.0,1.0
BTCUSDT,2025-01-05,1.0,0.0,0.0,1.0
BTCUSDT,2025-01-06,1.0,0.0,0.0,1.0
BTCUSDT,2025-01-07,1.0,0.0,0.0,1.0
BTCUSDT,2025-01-08,0.9965,0.0035,0.0,0.9965
BTCUSDT,2025-01-09,0.0,0.9985,0.0015,0.0
BTCUSDT,2025-01-10,0.0,0.9998,0.0002,0.0
BTCUSDT,2025-01-11,0.0,0.9999,0.0001,0.0
BTCUSDT,2025-01-12,0.0,0.9998,0.0002,0.0
BTCUSDT,2025-01-13,0.0,0.9981,0.0019,0.0
BTCUSDT,2025-01-14,0.0,0.9971,0.0029,0.0
BTCUSDT,2025-01-15,1.0,0.0,0.0,1.0
BTCUSDT,2025-01-16,1.0,0.0,0.0,1.0
BTCUSDT,2025-01-17,1.0,0.0,0.0,1.0
BTCUSDT,2025-01-18,1.0,0.0,0.0,1.0
BTCUSDT,2025-01-19,1.0,0.0,0.0,1.0
BTCUSDT,2025-01-20,1.0,0.0,0.0,1.0
BTCUSDT,2025-01-21,1.0,0.0,0.0,1.0
BTCUSDT,2025-01-22,1.0,0.0,0.0,1.0
BTCUSDT,2025-01-23,1.0,0.0,0.0,1.0
BTCUSDT,2025-01-24,0.9995,0.0005,0.0,0.9995
BTCUSDT,2025-01-25,0.9995,0.0005,0.0,0.9995
BTCUSDT,2025-01-26,1.0,0.0,0.0,1.0
BTCUSDT,2025-01-27,0.9764,0.0235,0.0001,0.9764
BTCUSDT,2025-01-28,0.0,0.9701,0.0299,0.0
BTCUSDT,2025-01-29,0.9684,0.0315,0.0001,0.9684
BTCUSDT,2025-01-30,0.997,0.003,0.0,0.997
BTCUSDT,2025-01-31,0.0,0.9992,0.0008,0.0
BTCUSDT,2025-02-01,0.0,0.9999,0.0001,0.0
BTCUSDT,2025-02-02,0.0,0.9999,0.0001,0.0
BTCUSDT,2025-02-03,0.0,0.9999,0.0001,0.0
BTCUSDT,2025-02-04,0.0,0.9998,0.0002,0.0
BTCUSDT,2025-02-05,0.0,0.999,0.001,0.0
BTCUSDT,2025-02-06,0.0,0.9983,0.0017,0.0
BTCUSDT,2025-02-07,0.0,0.9996,0.0004,0.0
BTCUSDT,2025-02-08,0.0,0.9999,0.0001,0.0
BTCUSDT,2025-02-09,0.0,0.9999,0.0001,0.0
BTCUSDT,2025-02-10,0.0,0.9999,0.0001,0.0
BTCUSDT,2025-02-11,0.0,0.999,0.001,0.0
BTCUSDT,2025-02-12,1.0,0.0,0.0,1.0
BTCUSDT,2025-02-13,0.9991,0.0009,0.0,0.9991
BTCUSDT,2025-02-14,1.0,0.0,0.0,1.0
BTCUSDT,2025-02-15,1.0,0.0,0.0,1.0
BTCUSDT,2025-02-16,0.0,0.9991,0.0009,0.0
BTCUSDT,2025-02-17,0.0,0.9999,0.0001,0.0
BTCUSDT,2025-02-18,0.0,0.9999,0.0001,0.0
BTCUSDT,2025-02-19,0.0,0.9989,0.0011,0.0
BTCUSDT,2025-02-20,1.0,0.0,0.0,1.0
BTCUSDT,2025-02-21,0.0,0.999,0.001,0.0
BTCUSDT,2025-02-22,0.0,0.9991,0.0009,0.0
BTCUSDT,2025-02-23,0.53,0.4696,0.0004,0.53
BTCUSDT,2025-02-24,0.0,0.8918,0.1082,0.0
BTCUSDT,2025-02-25,0.0,0.6524,0.3476,0.0
BTCUSDT,2025-02-26,0.0,0.0004,0.9996,0.0
BTCUSDT,2025-02-27,0.0,0.0,1.0,0.0
BTCUSDT,2025-02-28,0.0,0.0,1.0,0.0
BTCUSDT,2025-03-01,0.0,0.0008,0.9992,0.0
BTCUSDT,2025-03-02,0.0,0.0442,0.9558,0.0
BTCUSDT,2025-03-03,0.0,0.0474,0.9526,0.0
BTCUSDT,2025-03-04,0.0,0.0695,0.9305,0.0
BTCUSDT,2025-03-05,1.0,0.0,0.0,1.0
BTCUSDT,2025-03-06,1.0,0.0,0.0,1.0
BTCUSDT,2025-03-07,1.0,0.0,0.0,1.0
BTCUSDT,2025-03-08,0.9941,0.0001,0.0058,0.9941
BTCUSDT,2025-03-09,0.0,0.0,1.0,0.0
BTCUSDT,2025-03-10,0.0,0.0,1.0,0.0
BTCUSDT,2025-03-11,0.0,0.0,1.0,0.0
BTCUSDT,2025-03-12,0.0,0.0,1.0,0.0
BTCUSDT,2025-03-13,0.0,0.0,1.0,0.0
BTCUSDT,2025-03-14,0.0,0.0001,0.9999,0.0
BTCUSDT,2025-03-15,0.0,0.001,0.999,0.0
BTCUSDT,2025-03-16,1.0,0.0,0.0,1.0
BTCUSDT,2025-03-17,1.0,0.0,0.0,1.0
BTCUSDT,2025-03-18,0.0,0.0423,0.9577,0.0
BTCUSDT,2025-03-19,1.0,0.0,0.0,1.0
BTCUSDT,2025-03-20,1.0,0.0,0.0,1.0
BTCUSDT,2025-03-21,0.9911,0.0,0.0089,0.9911
BTCUSDT,2025-03-22,0.0,0.0416,0.9584,0.0
BTCUSDT,2025-03-23,1.0,0.0,0.0,1.0
BTCUSDT,2025-03-24,1.0,0.0,0.0,1.0
BTCUSDT,2025-03-25,1.0,0.0,0.0,1.0
BTCUSDT,2025-03-26,0.9996,0.0003,0.0,0.9996
BTCUSDT,2025-03-27,1.0,0.0,0.0,1.0
BTCUSDT,2025-03-28,0.9883,0.0117,0.0,0.9883
BTCUSDT,2025-03-29,0.0,0.9955,0.0045,0.0
BTCUSDT,2025-03-30,0.0,0.9993,0.0007,0.0
BTCUSDT,2025-03-31,0.0,0.9997,0.0003,0.0
BTCUSDT,2025-04-01,0.0,0.9999,0.0001,0.0
BTCUSDT,2025-04-02,0.0,0.9998,0.0002,0.0
BTCUSDT,2025-04-03,0.0,0.9997,0.0003,0.0
BTCUSDT,2025-04-04,0.0,0.9982,0.0018,0.0
BTCUSDT,2025-04-05,0.9988,0.0012,0.0,0.9988
BTCUSDT,2025-04-06,0.0,0.9255,0.0745,0.0
BTCUSDT,2025-04-07,0.0,0.892,0.108,0.0
BTCUSDT,2025-04-08,0.0,0.4834,0.5166,0.0
BTCUSDT,2025-04-09,0.8406,0.1422,0.0172,0.8406
BTCUSDT,2025-04-10,0.0,0.9069,0.0931,0.0
BTCUSDT,2025-04-11,0.0,0.8927,0.1073,0.0
BTCUSDT,2025-04-12,1.0,0.0,0.0,1.0
BTCUSDT,2025-04-13,1.0,0.0,0.0,1.0
BTCUSDT,2025-04-14,1.0,0.0,0.0,1.0
BTCUSDT,2025-04-15,1.0,0.0,0.0,1.0
BTCUSDT,2025-04-16,1.0,0.0,0.0,1.0
BTCUSDT,2025-04-17,1.0,0.0,0.0,1.0
BTCUSDT,2025-04-18,1.0,0.0,0.0,1.0
BTCUSDT,2025-04-19,0.0,0.794,0.206,0.0
BTCUSDT,2025-04-20,1.0,0.0,0.0,1.0
BTCUSDT,2025-04-21,1.0,0.0,0.0,1.0
BTCUSDT,2025-04-22,1.0,0.0,0.0,1.0
BTCUSDT,2025-04-23,1.0,0.0,0.0,1.0
BTCUSDT,2025-04-24,1.0,0.0,0.0,1.0
BTCUSDT,2025-04-25,1.0,0.0,0.0,1.0
BTCUSDT,2025-04-26,1.0,0.0,0.0,1.0
BTCUSDT,2025-04-27,1.0,0.0,0.0,1.0
BTCUSDT,2025-04-28,1.0,0.0,0.0,1.0
BTCUSDT,2025-04-29,1.0,0.0,0.0,1.0
BTCUSDT,2025-04-30,0.9998,0.0002,0.0,0.9998
BTCUSDT,2025-05-01,1.0,0.0,0.0,1.0
BTCUSDT,2025-05-02,1.0,0.0,0.0,1.0
BTCUSDT,2025-05-03,1.0,0.0,0.0,1.0
BTCUSDT,2025-05-04,0.997,0.003,0.0,0.997
BTCUSDT,2025-05-05,0.0,0.9789,0.0211,0.0
BTCUSDT,2025-05-06,1.0,0.0,0.0,1.0
BTCUSDT,2025-05-07,1.0,0.0,0.0,1.0
BTCUSDT,2025-05-08,1.0,0.0,0.0,1.0
BTCUSDT,2025-05-09,1.0,0.0,0.0,1.0
BTCUSDT,2025-05-10,1.0,0.0,0.0,1.0
BTCUSDT,2025-05-11,1.0,0.0,0.0,1.0
BTCUSDT,2025-05-12,1.0,0.0,0.0,1.0
BTCUSDT,2025-05-13,1.0,0.0,0.0,1.0
BTCUSDT,2025-05-14,1.0,0.0,0.0,1.0
BTCUSDT,2025-05-15,0.9998,0.0002,0.0,0.9998
BTCUSDT,2025-05-16,0.9942,0.0058,0.0,0.9942
BTCUSDT,2025-05-17,0.0,0.9847,0.0153,0.0
BTCUSDT,2025-05-18,1.0,0.0,0.0,1.0
BTCUSDT,2025-05-19,1.0,0.0,0.0,1.0
BTCUSDT,2025-05-20,1.0,0.0,0.0,1.0
BTCUSDT,2025-05-21,1.0,0.0,0.0,1.0
BTCUSDT,2025-05-22,1.0,0.0,0.0,1.0
BTCUSDT,2025-05-23,1.0,0.0,0.0,1.0
BTCUSDT,2025-05-24,1.0,0.0,0.0,1.0
BTCUSDT,2025-05-25,1.0,0.0,0.0,1.0
BTCUSDT,2025-05-26,1.0,0.0,0.0,1.0
BTCUSDT,2025-05-27,1.0,0.0,0.0,1.0
BTCUSDT,2025-05-28,0.0,0.9992,0.0008,0.0
BTCUSDT,2025-05-29,0.0,0.9998,0.0002,0.0
BTCUSDT,2025-05-30,0.0,0.9999,0.0001,0.0
BTCUSDT,2025-05-31,0.0,1.0,0.0,0.0
BTCUSDT,2025-06-01,0.0,1.0,0.0,0.0
BTCUSDT,2025-06-02,0.0,1.0,0.0,0.0
BTCUSDT,2025-06-03,0.0,1.0,0.0,0.0
BTCUSDT,2025-06-04,0.0,0.9999,0.0001,0.0
BTCUSDT,2025-06-05,0.0,0.9987,0.0013,0.0
BTCUSDT,2025-06-06,0.987,0.013,0.0,0.987
BTCUSDT,2025-06-07,1.0,0.0,0.0,1.0
BTCUSDT,2025-06-08,0.9992,0.0007,0.0,0.9992
BTCUSDT,2025-06-09,1.0,0.0,0.0,1.0
BTCUSDT,2025-06-10,1.0,0.0,0.0,1.0
BTCUSDT,2025-06-11,1.0,0.0,0.0,1.0
BTCUSDT,2025-06-12,1.0,0.0,0.0,1.0
BTCUSDT,2025-06-13,1.0,0.0,0.0,1.0
BTCUSDT,2025-06-14,0.0,0.9991,0.0009,0.0
BTCUSDT,2025-06-15,0.0,0.9999,0.0001,0.0
BTCUSDT,2025-06-16,0.0,0.9999,0.0001,0.0
BTCUSDT,2025-06-17,0.0,0.9999,0.0001,0.0
BTCUSDT,2025-06-18,0.0,0.9999,0.0001,0.0
BTCUSDT,2025-06-19,0.0,1.0,0.0,0.0
BTCUSDT,2025-06-20,0.0,1.0,0.0,0.0
BTCUSDT,2025-06-21,0.0,1.0,0.0,0.0
BTCUSDT,2025-06-22,0.0,0.9999,0.0001,0.0
BTCUSDT,2025-06-23,0.0,0.9987,0.0013,0.0
BTCUSDT,2025-06-24,1.0,0.0,0.0,1.0
BTCUSDT,2025-06-25,1.0,0.0,0.0,1.0
BTCUSDT,2025-06-26,1.0,0.0,0.0,1.0
BTCUSDT,2025-06-27,1.0,0.0,0.0,1.0
BTCUSDT,2025-06-28,1.0,0.0,0.0,1.0
BTCUSDT,2025-06-29,1.0,0.0,0.0,1.0
BTCUSDT,2025-06-30,1.0,0.0,0.0,1.0
BTCUSDT,2025-07-01,0.0,0.9803,0.0197,0.0
BTCUSDT,2025-07-02,1.0,0.0,0.0,1.0
BTCUSDT,2025-07-03,1.0,0.0,0.0,1.0
BTCUSDT,2025-07-04,1.0,0.0,0.0,1.0
BTCUSDT,2025-07-05,1.0,0.0,0.0,1.0
BTCUSDT,2025-07-06,1.0,0.0,0.0,1.0
BTCUSDT,2025-07-07,1.0,0.0,0.0,1.0
BTCUSDT,2025-07-08,1.0,0.0,0.0,1.0
BTCUSDT,2025-07-09,1.0,0.0,0.0,1.0
BTCUSDT,2025-07-10,1.0,0.0,0.0,1.0
BTCUSDT,2025-07-11,1.0,0.0,0.0,1.0
BTCUSDT,2025-07-12,1.0,0.0,0.0,1.0
BTCUSDT,2025-07-13,1.0,0.0,0.0,1.0
BTCUSDT,2025-07-14,1.0,0.0,0.0,1.0
BTCUSDT,2025-07-15,1.0,0.0,0.0,1.0
BTCUSDT,2025-07-16,1.0,0.0,0.0,1.0
BTCUSDT,2025-07-17,1.0,0.0,0.0,1.0
BTCUSDT,2025-07-18,0.9998,0.0002,0.0,0.9998
BTCUSDT,2025-07-19,0.9939,0.0061,0.0,0.9939
BTCUSDT,2025-07-20,0.0,0.9989,0.0011,0.0
BTCUSDT,2025-07-21,0.0,0.9985,0.0015,0.0
BTCUSDT,2025-07-22,1.0,0.0,0.0,1.0
BTCUSDT,2025-07-23,0.9735,0.0265,0.0,0.9735
BTCUSDT,2025-07-24,0.0,0.9985,0.0015,0.0
BTCUSDT,2025-07-25,0.0,0.9978,0.0022,0.0
BTCUSDT,2025-07-26,0.9742,0.0258,0.0,0.9742
BTCUSDT,2025-07-27,1.0,0.0,0.0,1.0
BTCUSDT,2025-07-28,0.9946,0.0054,0.0,0.9946
BTCUSDT,2025-07-29,0.0,0.9993,0.0007,0.0
BTCUSDT,2025-07-30,0.0,0.9999,0.0001,0.0
BTCUSDT,2025-07-31,0.0,0.9999,0.0001,0.0
BTCUSDT,2025-08-01,0.0,0.9999,0.0001,0.0
BTCUSDT,2025-08-02,0.0,0.9999,0.0001,0.0
BTCUSDT,2025-08-03,0.0,0.9999,0.0001,0.0
BTCUSDT,2025-08-04,0.0,0.9999,0.0001,0.0
BTCUSDT,2025-08-05,0.0,0.9999,0.0001,0.0
BTCUSDT,2025-08-06,0.0,0.9985,0.0015,0.0
BTCUSDT,2025-08-07,1.0,0.0,0.0,1.0
BTCUSDT,2025-08-08,1.0,0.0,0.0,1.0
BTCUSDT,2025-08-09,1.0,0.0,0.0,1.0
BTCUSDT,2025-08-10,1.0,0.0,0.0,1.0
BTCUSDT,2025-08-11,1.0,0.0,0.0,1.0
BTCUSDT,2025-08-12,1.0,0.0,0.0,1.0
BTCUSDT,2025-08-13,1.0,0.0,0.0,1.0
BTCUSDT,2025-08-14,1.0,0.0,0.0,1.0
BTCUSDT,2025-08-15,0.9999,0.0001,0.0,0.9999
BTCUSDT,2025-08-16,0.9998,0.0002,0.0,0.9998
BTCUSDT,2025-08-17,0.0,0.9994,0.0006,0.0
BTCUSDT,2025-08-18,0.0,0.9999,0.0001,0.0
BTCUSDT,2025-08-19,0.0,0.9997,0.0003,0.0
BTCUSDT,2025-08-20,0.0,0.9993,0.0007,0.0
BTCUSDT,2025-08-21,0.0,0.9999,0.0001,0.0
BTCUSDT,2025-08-22,0.0,0.9999,0.0001,0.0
BTCUSDT,2025-08-23,0.0,1.0,0.0,0.0
BTCUSDT,2025-08-24,0.0,0.9999,0.0001,0.0
BTCUSDT,2025-08-25,0.0,0.9999,0.0001,0.0
BTCUSDT,2025-08-26,0.0,0.9999,0.0001,0.0
BTCUSDT,2025-08-27,0.0,0.9994,0.0006,0.0
BTCUSDT,2025-08-28,0.4488,0.5511,0.0001,0.4488
BTCUSDT,2025-08-29,0.0,0.9957,0.0043,0.0
BTCUSDT,2025-08-30,0.0,0.9993,0.0007,0.0
BTCUSDT,2025-08-31,0.0,0.9999,0.0001,0.0
BTCUSDT,2025-09-01,0.0,0.9999,0.0001,0.0
BTCUSDT,2025-09-02,0.0,0.9988,0.0012,0.0
BTCUSDT,2025-09-03,0.7206,0.2794,0.0,0.7206
BTCUSDT,2025-09-04,0.0,0.9888,0.0112,0.0
BTCUSDT,2025-09-05,1.0,0.0,0.0,1.0
BTCUSDT,2025-09-06,1.0,0.0,0.0,1.0
BTCUSDT,2025-09-07,1.0,0.0,0.0,1.0
BTCUSDT,2025-09-08,1.0,0.0,0.0,1.0
BTCUSDT,2025-09-09,0.9995,0.0004,0.0,0.9995
BTCUSDT,2025-09-10,1.0,0.0,0.0,1.0
BTCUSDT,2025-09-11,1.0,0.0,0.0,1.0
BTCUSDT,2025-09-12,1.0,0.0,0.0,1.0
BTCUSDT,2025-09-13,1.0,0.0,0.0,1.0
BTCUSDT,2025-09-14,1.0,0.0,0.0,1.0
BTCUSDT,2025-09-15,1.0,0.0,0.0,1.0
BTCUSDT,2025-09-16,1.0,0.0,0.0,1.0
BTCUSDT,2025-09-17,1.0,0.0,0.0,1.0
BTCUSDT,2025-09-18,1.0,0.0,0.0,1.0
BTCUSDT,2025-09-19,0.0,0.9985,0.0015,0.0
BTCUSDT,2025-09-20,0.0,0.9998,0.0002,0.0
BTCUSDT,2025-09-21,0.0,0.9999,0.0001,0.0
BTCUSDT,2025-09-22,0.0,0.9999,0.0001,0.0
BTCUSDT,2025-09-23,0.0,0.9999,0.0001,0.0
BTCUSDT,2025-09-24,0.0,0.9999,0.0001,0.0
BTCUSDT,2025-09-25,0.0,0.9994,0.0006,0.0
BTCUSDT,2025-09-26,0.0,0.9998,0.0002,0.0
BTCUSDT,2025-09-27,0.0,0.9997,0.0003,0.0
BTCUSDT,2025-09-28,0.0,0.9988,0.0012,0.0
BTCUSDT,2025-09-29,1.0,0.0,0.0,1.0
BTCUSDT,2025-09-30,1.0,0.0,0.0,1.0
BTCUSDT,2025-10-01,1.0,0.0,0.0,1.0
BTCUSDT,2025-10-02,1.0,0.0,0.0,1.0
BTCUSDT,2025-10-03,1.0,0.0,0.0,1.0
BTCUSDT,2025-10-04,1.0,0.0,0.0,1.0
BTCUSDT,2025-10-05,1.0,0.0,0.0,1.0
BTCUSDT,2025-10-06,1.0,0.0,0.0,1.0
BTCUSDT,2025-10-07,1.0,0.0,0.0,1.0
BTCUSDT,2025-10-08,1.0,0.0,0.0,1.0
BTCUSDT,2025-10-09,0.9999,0.0001,0.0,0.9999
BTCUSDT,2025-10-10,0.0,0.2046,0.7954,0.0
BTCUSDT,2025-10-11,0.0,0.1237,0.8763,0.0
BTCUSDT,2025-10-12,0.0,0.1237,0.8763,0.0
BTCUSDT,2025-10-13,0.0,0.1025,0.8975,0.0
BTCUSDT,2025-10-14,0.0,0.0771,0.9229,0.0
BTCUSDT,2025-10-15,0.0,0.0182,0.9818,0.0
BTCUSDT,2025-10-16,0.0,0.0237,0.9763,0.0
BTCUSDT,2025-10-17,0.0,0.8007,0.1993,0.0
BTCUSDT,2025-10-18,0.0,0.9828,0.0172,0.0
BTCUSDT,2025-10-19,0.0,0.9968,0.0032,0.0
BTCUSDT,2025-10-20,0.0,0.9996,0.0004,0.0
BTCUSDT,2025-10-21,0.0,0.9997,0.0003,0.0
BTCUSDT,2025-10-22,0.0,0.9982,0.0018,0.0
BTCUSDT,2025-10-23,1.0,0.0,0.0,1.0
BTCUSDT,2025-10-24,1.0,0.0,0.0,1.0
BTCUSDT,2025-10-25,1.0,0.0,0.0,1.0
BTCUSDT,2025-10-26,1.0,0.0,0.0,1.0
BTCUSDT,2025-10-27,1.0,0.0,0.0,1.0
BTCUSDT,2025-10-28,1.0,0.0,0.0,1.0
BTCUSDT,2025-10-29,1.0,0.0,0.0,1.0
BTCUSDT,2025-10-30,0.0,0.9989,0.0011,0.0
BTCUSDT,2025-10-31,0.0,0.9999,0.0001,0.0
BTCUSDT,2025-11-01,0.0,0.9999,0.0001,0.0
BTCUSDT,2025-11-02,0.0,0.9998,0.0002,0.0
BTCUSDT,2025-11-03,0.0,0.9954,0.0046,0.0
BTCUSDT,2025-11-04,0.0,0.9775,0.0225,0.0
BTCUSDT,2025-11-05,0.0,0.9972,0.0028,0.0
BTCUSDT,2025-11-06,0.0,0.9992,0.0008,0.0
BTCUSDT,2025-11-07,0.0,0.9997,0.0003,0.0
BTCUSDT,2025-11-08,0.0,0.9994,0.0006,0.0
BTCUSDT,2025-11-09,0.0,0.9996,0.0004,0.0
BTCUSDT,2025-11-10,0.0,0.9982,0.0018,0.0
BTCUSDT,2025-11-11,1.0,0.0,0.0,1.0
BTCUSDT,2025-11-12,0.0,0.99,0.01,0.0
BTCUSDT,2025-11-13,0.0,0.9765,0.0235,0.0
BTCUSDT,2025-11-14,0.0,0.6404,0.3596,0.0
BTCUSDT,2025-11-15,0.0,0.5039,0.4961,0.0
BTCUSDT,2025-11-16,0.0,0.0317,0.9683,0.0
BTCUSDT,2025-11-17,0.0,0.0,1.0,0.0
BTCUSDT,2025-11-18,0.0,0.0001,0.9999,0.0
BTCUSDT,2025-11-19,0.0,0.0001,0.9999,0.0
BTCUSDT,2025-11-20,0.0,0.0,1.0,0.0
BTCUSDT,2025-11-21,0.0,0.0003,0.9997,0.0
BTCUSDT,2025-11-22,0.0,0.0032,0.9968,0.0
BTCUSDT,2025-11-23,0.0,0.4422,0.5578,0.0
BTCUSDT,2025-11-24,0.0,0.9314,0.0686,0.0
BTCUSDT,2025-11-25,0.0,0.975,0.025,0.0
BTCUSDT,2025-11-26,0.0,0.9814,0.0186,0.0
BTCUSDT,2025-11-27,1.0,0.0,0.0,1.0
BTCUSDT,2025-11-28,1.0,0.0,0.0,1.0
BTCUSDT,2025-11-29,1.0,0.0,0.0,1.0
BTCUSDT,2025-11-30,1.0,0.0,0.0,1.0
BTCUSDT,2025-12-01,0.0,0.9755,0.0245,0.0
BTCUSDT,2025-12-02,1.0,0.0,0.0,1.0
BTCUSDT,2025-12-03,1.0,0.0,0.0,1.0
BTCUSDT,2025-12-04,0.9995,0.0005,0.0,0.9995
BTCUSDT,2025-12-05,0.0,0.9943,0.0057,0.0
BTCUSDT,2025-12-06,0.0,0.9935,0.0065,0.0
BTCUSDT,2025-12-07,0.9806,0.0193,0.0001,0.9806
BTCUSDT,2025-12-08,1.0,0.0,0.0,1.0
BTCUSDT,2025-12-09,1.0,0.0,0.0,1.0
BTCUSDT,2025-12-10,0.0,0.9611,0.0389,0.0
BTCUSDT,2025-12-11,0.9853,0.0146,0.0001,0.9853
BTCUSDT,2025-12-12,1.0,0.0,0.0,1.0
BTCUSDT,2025-12-13,1.0,0.0,0.0,1.0
BTCUSDT,2025-12-14,0.0,0.9989,0.0011,0.0
BTCUSDT,2025-12-15,0.0,0.9998,0.0002,0.0
BTCUSDT,2025-12-16,0.0,0.9998,0.0002,0.0
BTCUSDT,2025-12-17,0.0,0.9995,0.0005,0.0
BTCUSDT,2025-12-18,0.0,0.9988,0.0012,0.0
BTCUSDT,2025-12-19,0.0,0.9997,0.0003,0.0
BTCUSDT,2025-12-20,0.0,0.9982,0.0018,0.0
BTCUSDT,2025-12-21,0.9905,0.0095,0.0,0.9905
BTCUSDT,2025-12-22,1.0,0.0,0.0,1.0
BTCUSDT,2025-12-23,0.0,0.9812,0.0188,0.0
BTCUSDT,2025-12-24,1.0,0.0,0.0,1.0
BTCUSDT,2025-12-25,1.0,0.0,0.0,1.0
BTCUSDT,2025-12-26,0.0,0.9993,0.0007,0.0
BTCUSDT,2025-12-27,0.0,0.9999,0.0001,0.0
BTCUSDT,2025-12-28,0.0,0.9999,0.0001,0.0
BTCUSDT,2025-12-29,0.0,0.9989,0.0011,0.0
BTCUSDT,2025-12-30,1.0,0.0,0.0,1.0
BTCUSDT,2025-12-31,0.0,0.9779,0.0221,0.0
BTCUSDT,2026-01-01,1.0,0.0,0.0,1.0
BTCUSDT,2026-01-02,1.0,0.0,0.0,1.0
BTCUSDT,2026-01-03,1.0,0.0,0.0,1.0
BTCUSDT,2026-01-04,1.0,0.0,0.0,1.0
BTCUSDT,2026-01-05,1.0,0.0,0.0,1.0
BTCUSDT,2026-01-06,1.0,0.0,0.0,1.0
BTCUSDT,2026-01-07,1.0,0.0,0.0,1.0
BTCUSDT,2026-01-08,1.0,0.0,0.0,1.0
BTCUSDT,2026-01-09,0.9995,0.0005,0.0,0.9995
BTCUSDT,2026-01-10,0.0,0.9988,0.0012,0.0
BTCUSDT,2026-01-11,0.0,0.9998,0.0002,0.0
BTCUSDT,2026-01-12,0.0,0.9985,0.0015,0.0
BTCUSDT,2026-01-13,1.0,0.0,0.0,1.0
BTCUSDT,2026-01-14,1.0,0.0,0.0,1.0
BTCUSDT,2026-01-15,1.0,0.0,0.0,1.0
BTCUSDT,2026-01-16,1.0,0.0,0.0,1.0
BTCUSDT,2026-01-17,1.0,0.0,0.0,1.0
BTCUSDT,2026-01-18,1.0,0.0,0.0,1.0
BTCUSDT,2026-01-19,1.0,0.0,0.0,1.0
BTCUSDT,2026-01-20,0.0,0.985,0.015,0.0
BTCUSDT,2026-01-21,0.0,0.992,0.008,0.0
BTCUSDT,2026-01-22,0.0,0.9983,0.0017,0.0
BTCUSDT,2026-01-23,0.0,0.9994,0.0006,0.0
BTCUSDT,2026-01-24,0.0,0.9993,0.0007,0.0
BTCUSDT,2026-01-25,0.0,0.998,0.002,0.0
BTCUSDT,2026-01-26,0.0,0.9971,0.0029,0.0
BTCUSDT,2026-01-27,0.9917,0.0083,0.0,0.9917
BTCUSDT,2026-01-28,0.0,0.9887,0.0113,0.0
BTCUSDT,2026-01-29,0.0,0.9754,0.0246,0.0
BTCUSDT,2026-01-30,0.0,0.8461,0.1539,0.0
BTCUSDT,2026-01-31,0.0,0.0027,0.9973,0.0
BTCUSDT,2026-02-01,0.0,0.0,1.0,0.0
BTCUSDT,2026-02-02,0.0,0.0,1.0,0.0
BTCUSDT,2026-02-03,0.0,0.0,1.0,0.0
BTCUSDT,2026-02-04,0.0,0.0,1.0,0.0
BTCUSDT,2026-02-05,0.0,0.0,1.0,0.0
BTCUSDT,2026-02-06,0.0,0.0,1.0,0.0
BTCUSDT,2026-02-07,0.0,0.0,1.0,0.0
BTCUSDT,2026-02-08,0.0,0.0,1.0,0.0
BTCUSDT,2026-02-09,0.0,0.0,1.0,0.0
BTCUSDT,2026-02-10,0.0,0.0,1.0,0.0
BTCUSDT,2026-02-11,0.0,0.0,1.0,0.0
BTCUSDT,2026-02-12,1.0,0.0,0.0,1.0
BTCUSDT,2026-02-13,0.0,0.0006,0.9994,0.0
BTCUSDT,2026-02-14,0.8609,0.0,0.1391,0.8609
BTCUSDT,2026-02-15,0.0,0.0,1.0,0.0
BTCUSDT,2026-02-16,0.0,0.0,1.0,0.0
BTCUSDT,2026-02-17,0.0,0.0,1.0,0.0
BTCUSDT,2026-02-18,0.0,0.0,1.0,0.0
BTCUSDT,2026-02-19,0.9963,0.0,0.0037,0.9963
BTCUSDT,2026-02-20,0.0,0.0,1.0,0.0
BTCUSDT,2026-02-21,0.0,0.0,1.0,0.0
BTCUSDT,2026-02-22,0.0,0.0,1.0,0.0
BTCUSDT,2026-02-23,0.0,0.0,1.0,0.0
BTCUSDT,2026-02-24,0.0,0.0001,0.9999,0.0
BTCUSDT,2026-02-25,1.0,0.0,0.0,1.0
BTCUSDT,2026-02-26,0.9989,0.0011,0.0,0.9989
BTCUSDT,2026-02-27,0.0,0.9989,0.0011,0.0
BTCUSDT,2026-02-28,0.0,0.9997,0.0003,0.0
BTCUSDT,2026-03-01,0.0,0.9982,0.0018,0.0
BTCUSDT,2026-03-02,1.0,0.0,0.0,1.0
BTCUSDT,2026-03-03,1.0,0.0,0.0,1.0
BTCUSDT,2026-03-04,1.0,0.0,0.0,1.0
BTCUSDT,2026-03-05,1.0,0.0,0.0,1.0
BTCUSDT,2026-03-06,1.0,0.0,0.0,1.0
BTCUSDT,2026-03-07,0.9996,0.0004,0.0,0.9996
BTCUSDT,2026-03-08,0.9893,0.0104,0.0003,0.9893
BTCUSDT,2026-03-09,0.0,0.8508,0.1492,0.0
BTCUSDT,2026-03-10,1.0,0.0,0.0,1.0
BTCUSDT,2026-03-11,0.0,0.9579,0.0421,0.0
BTCUSDT,2026-03-12,0.0,0.9518,0.0482,0.0
BTCUSDT,2026-03-13,1.0,0.0,0.0,1.0
BTCUSDT,2026-03-14,1.0,0.0,0.0,1.0
BTCUSDT,2026-03-15,1.0,0.0,0.0,1.0
BTCUSDT,2026-03-16,1.0,0.0,0.0,1.0
BTCUSDT,2026-03-17,1.0,0.0,0.0,1.0
BTCUSDT,2026-03-18,1.0,0.0,0.0,1.0
BTCUSDT,2026-03-19,0.0,0.9965,0.0035,0.0
BTCUSDT,2026-03-20,0.0,0.9992,0.0008,0.0
BTCUSDT,2026-03-21,0.0,0.9995,0.0005,0.0
BTCUSDT,2026-03-22,0.0,0.9985,0.0015,0.0
BTCUSDT,2026-03-23,0.0,0.9986,0.0014,0.0
BTCUSDT,2026-03-24,0.0,0.9967,0.0033,0.0
BTCUSDT,2026-03-25,0.4756,0.5243,0.0001,0.4756
BTCUSDT,2026-03-26,0.0,0.9993,0.0007,0.0
BTCUSDT,2026-03-27,0.0,0.9996,0.0004,0.0
BTCUSDT,2026-03-28,0.0,0.9999,0.0001,0.0
BTCUSDT,2026-03-29,0.0,0.9999,0.0001,0.0
BTCUSDT,2026-03-30,0.0,0.9998,0.0002,0.0
BTCUSDT,2026-03-31,0.0,0.9999,0.0001,0.0
BTCUSDT,2026-04-01,0.0,0.9998,0.0002,0.0
BTCUSDT,2026-04-02,0.0,0.9986,0.0014,0.0
BTCUSDT,2026-04-03,0.9996,0.0004,0.0,0.9996
BTCUSDT,2026-04-04,1.0,0.0,0.0,1.0
BTCUSDT,2026-04-05,1.0,0.0,0.0,1.0
BTCUSDT,2026-04-06,1.0,0.0,0.0,1.0
BTCUSDT,2026-04-07,1.0,0.0,0.0,1.0
BTCUSDT,2026-04-08,1.0,0.0,0.0,1.0
BTCUSDT,2026-04-09,1.0,0.0,0.0,1.0
BTCUSDT,2026-04-10,1.0,0.0,0.0,1.0
BTCUSDT,2026-04-11,1.0,0.0,0.0,1.0
BTCUSDT,2026-04-12,1.0,0.0,0.0,1.0
BTCUSDT,2026-04-13,1.0,0.0,0.0,1.0
BTCUSDT,2026-04-14,1.0,0.0,0.0,1.0
BTCUSDT,2026-04-15,1.0,0.0,0.0,1.0
BTCUSDT,2026-04-16,1.0,0.0,0.0,1.0
BTCUSDT,2026-04-17,1.0,0.0,0.0,1.0
BTCUSDT,2026-04-18,1.0,0.0,0.0,1.0
BTCUSDT,2026-04-19,1.0,0.0,0.0,1.0
BTCUSDT,2026-04-20,1.0,0.0,0.0,1.0
BTCUSDT,2026-04-21,1.0,0.0,0.0,1.0
BTCUSDT,2026-04-22,1.0,0.0,0.0,1.0
BTCUSDT,2026-04-23,1.0,0.0,0.0,1.0
BTCUSDT,2026-04-24,0.9996,0.0003,0.0,0.9996
BTCUSDT,2026-04-25,1.0,0.0,0.0,1.0
BTCUSDT,2026-04-26,1.0,0.0,0.0,1.0
BTCUSDT,2026-04-27,1.0,0.0,0.0,1.0
BTCUSDT,2026-04-28,0.9332,0.0667,0.0001,0.9332
BTCUSDT,2026-04-29,0.0,0.9987,0.0013,0.0
BTCUSDT,2026-04-30,0.0,0.9983,0.0017,0.0
BTCUSDT,2026-05-01,0.9998,0.0002,0.0,0.9998
BTCUSDT,2026-05-02,1.0,0.0,0.0,1.0
BTCUSDT,2026-05-03,0.0,0.9775,0.0225,0.0
BTCUSDT,2026-05-04,1.0,0.0,0.0,1.0
BTCUSDT,2026-05-05,1.0,0.0,0.0,1.0
BTCUSDT,2026-05-06,1.0,0.0,0.0,1.0
BTCUSDT,2026-05-07,1.0,0.0,0.0,1.0
BTCUSDT,2026-05-08,1.0,0.0,0.0,1.0
BTCUSDT,2026-05-09,1.0,0.0,0.0,1.0
BTCUSDT,2026-05-10,1.0,0.0,0.0,1.0
BTCUSDT,2026-05-11,1.0,0.0,0.0,1.0
BTCUSDT,2026-05-12,0.0,0.9984,0.0016,0.0
BTCUSDT,2026-05-13,0.0,0.998,0.002,0.0
BTCUSDT,2026-05-14,1.0,0.0,0.0,1.0
BTCUSDT,2026-05-15,0.0,0.9993,0.0007,0.0
BTCUSDT,2026-05-16,0.0,0.9999,0.0001,0.0
BTCUSDT,2026-05-17,0.0,0.9998,0.0002,0.0
BTCUSDT,2026-05-18,0.0,0.9998,0.0002,0.0
BTCUSDT,2026-05-19,0.0,0.9999,0.0001,0.0
BTCUSDT,2026-05-20,0.0,1.0,0.0,0.0
BTCUSDT,2026-05-21,0.0,0.9999,0.0001,0.0
BTCUSDT,2026-05-22,0.0,0.9999,0.0001,0.0
BTCUSDT,2026-05-23,0.0,0.9999,0.0001,0.0
BTCUSDT,2026-05-24,0.0,0.9989,0.0011,0.0
BTCUSDT,2026-05-25,0.8411,0.1588,0.0,0.8411
BTCUSDT,2026-05-26,0.0,0.9994,0.0006,0.0
BTCUSDT,2026-05-27,0.0,0.9999,0.0001,0.0
BTCUSDT,2026-05-28,0.0,0.9999,0.0001,0.0
BTCUSDT,2026-05-29,0.0,0.9999,0.0001,0.0
BTCUSDT,2026-05-30,0.0,0.9985,0.0015,0.0
BTCUSDT,2026-05-31,0.0,0.9688,0.0312,0.0
BTCUSDT,2026-06-01,0.0,0.5313,0.4687,0.0
BTCUSDT,2026-06-02,0.0,0.0013,0.9987,0.0
BTCUSDT,2026-06-03,0.0,0.0,1.0,0.0
BTCUSDT,2026-06-04,0.0,0.0,1.0,0.0
BTCUSDT,2026-06-05,0.0,0.0,1.0,0.0
BTCUSDT,2026-06-06,0.0,0.0,1.0,0.0
BTCUSDT,2026-06-07,0.0,0.0,1.0,0.0
BTCUSDT,2026-06-08,0.0,0.0031,0.9969,0.0
BTCUSDT,2026-06-09,0.0,0.54,0.46,0.0
BTCUSDT,2026-06-10,0.0,0.9167,0.0833,0.0
BTCUSDT,2026-06-11,0.0,0.9377,0.0623,0.0
BTCUSDT,2026-06-12,1.0,0.0,0.0,1.0
BTCUSDT,2026-06-13,1.0,0.0,0.0,1.0
BTCUSDT,2026-06-14,1.0,0.0,0.0,1.0
BTCUSDT,2026-06-15,1.0,0.0,0.0,1.0
BTCUSDT,2026-06-16,1.0,0.0,0.0,1.0
BTCUSDT,2026-06-17,1.0,0.0,0.0,1.0
BTCUSDT,2026-06-18,0.0,0.9892,0.0108,0.0
BTCUSDT,2026-06-19,0.2413,0.7583,0.0003,0.2413
BTCUSDT,2026-06-20,0.0,0.9992,0.0008,0.0
BTCUSDT,2026-06-21,0.0,0.9998,0.0002,0.0
BTCUSDT,2026-06-22,0.0,0.9999,0.0001,0.0
BTCUSDT,2026-06-23,0.0,0.9999,0.0001,0.0
BTCUSDT,2026-06-24,0.0,0.9999,0.0001,0.0
BTCUSDT,2026-06-25,0.0,0.9999,0.0001,0.0
BTCUSDT,2026-06-26,0.0,0.9998,0.0002,0.0
BTCUSDT,2026-06-27,0.0,0.9996,0.0004,0.0
BTCUSDT,2026-06-28,0.0,0.9998,0.0002,0.0
BTCUSDT,2026-06-29,0.0,0.9997,0.0003,0.0
BTCUSDT,2026-06-30,0.0,0.9994,0.0006,0.0
BTCUSDT,2026-07-01,0.0,0.9987,0.0013,0.0
BTCUSDT,2026-07-02,1.0,0.0,0.0,1.0
BTCUSDT,2026-07-03,1.0,0.0,0.0,1.0
BTCUSDT,2026-07-04,1.0,0.0,0.0,1.0
BTCUSDT,2026-07-05,1.0,0.0,0.0,1.0
BTCUSDT,2026-07-06,1.0,0.0,0.0,1.0
BTCUSDT,2026-07-07,1.0,0.0,0.0,1.0
BTCUSDT,2026-07-08,1.0,0.0,0.0,1.0
BTCUSDT,2026-07-09,1.0,0.0,0.0,1.0
BTCUSDT,2026-07-10,1.0,0.0,0.0,1.0
BTCUSDT,2026-07-11,1.0,0.0,0.0,1.0
BTCUSDT,2026-07-12,0.9877,0.0122,0.0,0.9877
BTCUSDT,2026-07-13,0.0,0.9853,0.0147,0.0
BTCUSDT,2026-07-14,1.0,0.0,0.0,1.0
BTCUSDT,2026-07-15,1.0,0.0,0.0,1.0
BTCUSDT,2026-07-16,0.9999,0.0001,0.0,0.9999
BTCUSDT,2026-07-17,0.0,0.9802,0.0198,0.0
BTCUSDT,2026-07-18,1.0,0.0,0.0,1.0
BTCUSDT,2026-07-19,1.0,0.0,0.0,1.0
BTCUSDT,2026-07-20,1.0,0.0,0.0,1.0
BTCUSDT,2026-07-21,1.0,0.0,0.0,1.0
BTCUSDT,2026-07-22,1.0,0.0,0.0,1.0
BTCUSDT,2026-07-23,1.0,0.0,0.0,1.0
BTCUSDT,2026-07-24,0.9873,0.0127,0.0,0.9873
BTCUSDT,2026-07-25,0.0,0.9829,0.0171,0.0
BTCUSDT,2026-07-26,0.999,0.001,0.0,0.999
BTCUSDT,2026-07-27,0.0,0.9994,0.0006,0.0
BTCUSDT,2026-07-28,0.0,0.9999,0.0001,0.0
BTCUSDT,2026-07-29,0.0,1.0,0.0,0.0
BTCUSDT,2026-07-30,0.0,0.9999,0.0001,0.0
BTCUSDT,2026-07-31,0.0,1.0,0.0,0.0
BTCUSDT,2026-08-01,0.0,1.0,0.0,0.0
BTCUSDT,2026-08-02,0.0,0.9999,0.0001,0.0
BTCUSDT,2026-08-03,0.0,0.9987,0.0013,0.0
BTCUSDT,2026-08-04,0.9901,0.0098,0.0,0.9901
BTCUSDT,2026-08-05,1.0,0.0,0.0,1.0
BTCUSDT,2026-08-06,0.0,0.981,0.019,0.0
BTCUSDT,2026-08-07,1.0,0.0,0.0,1.0
BTCUSDT,2026-08-08,1.0,0.0,0.0,1.0
BTCUSDT,2026-08-09,1.0,0.0,0.0,1.0
BTCUSDT,2026-08-10,0.9996,0.0004,0.0,0.9996
BTCUSDT,2026-08-11,0.0,0.9991,0.0009,0.0
BTCUSDT,2026-08-12,0.0,0.9998,0.0002,0.0
BTCUSDT,2026-08-13,0.0,0.9982,0.0018,0.0
ETHUSDT,2017-11-30,0.0092,0.9908,0.0,0.0092
ETHUSDT,2017-12-01,0.0,0.0,1.0,0.0
ETHUSDT,2017-12-02,0.0,0.0,1.0,0.0
ETHUSDT,2017-12-03,0.0,0.0,1.0,0.0
ETHUSDT,2017-12-04,0.0,0.0,1.0,0.0
ETHUSDT,2017-12-05,0.0,0.0,1.0,0.0
ETHUSDT,2017-12-06,0.0112,0.9861,0.0026,0.0112
ETHUSDT,2017-12-07,0.0,0.0,1.0,0.0
ETHUSDT,2017-12-08,0.0,0.0,1.0,0.0
ETHUSDT,2017-12-09,0.0135,0.9865,0.0,0.0135
ETHUSDT,2017-12-10,0.0,0.0,1.0,0.0
ETHUSDT,2017-12-11,0.3171,0.6829,0.0,0.3171
ETHUSDT,2017-12-12,1.0,0.0,0.0,1.0
ETHUSDT,2017-12-13,1.0,0.0,0.0,1.0
ETHUSDT,2017-12-14,1.0,0.0,0.0,1.0
ETHUSDT,2017-12-15,1.0,0.0,0.0,1.0
ETHUSDT,2017-12-16,1.0,0.0,0.0,1.0
ETHUSDT,2017-12-17,1.0,0.0,0.0,1.0
ETHUSDT,2017-12-18,1.0,0.0,0.0,1.0
ETHUSDT,2017-12-19,0.6916,0.3084,0.0,0.6916
ETHUSDT,2017-12-20,0.0168,0.9832,0.0,0.0168
ETHUSDT,2017-12-21,0.0071,0.9929,0.0,0.0071
ETHUSDT,2017-12-22,0.0,0.0,1.0,0.0
ETHUSDT,2017-12-23,0.0,1.0,0.0,0.0
ETHUSDT,2017-12-24,0.0,0.0,1.0,0.0
ETHUSDT,2017-12-25,0.0,0.0,1.0,0.0
ETHUSDT,2017-12-26,0.0,0.0,1.0,0.0
ETHUSDT,2017-12-27,0.0,0.0,1.0,0.0
ETHUSDT,2017-12-28,0.0,0.0,1.0,0.0
ETHUSDT,2017-12-29,0.0001,0.9999,0.0,0.0001
ETHUSDT,2017-12-30,0.0,0.0,1.0,0.0
ETHUSDT,2017-12-31,0.0,1.0,0.0,0.0
ETHUSDT,2018-01-01,0.0,1.0,0.0,0.0
ETHUSDT,2018-01-02,0.0248,0.9752,0.0,0.0248
ETHUSDT,2018-01-03,0.9515,0.0485,0.0,0.9515
ETHUSDT,2018-01-04,1.0,0.0,0.0,1.0
ETHUSDT,2018-01-05,1.0,0.0,0.0,1.0
ETHUSDT,2018-01-06,1.0,0.0,0.0,1.0
ETHUSDT,2018-01-07,1.0,0.0,0.0,1.0
ETHUSDT,2018-01-08,1.0,0.0,0.0,1.0
ETHUSDT,2018-01-09,1.0,0.0,0.0,1.0
ETHUSDT,2018-01-10,0.9997,0.0003,0.0,0.9997
ETHUSDT,2018-01-11,0.9499,0.0501,0.0,0.9499
ETHUSDT,2018-01-12,0.9996,0.0004,0.0,0.9996
ETHUSDT,2018-01-13,1.0,0.0,0.0,1.0
ETHUSDT,2018-01-14,0.364,0.636,0.0,0.364
ETHUSDT,2018-01-15,0.1191,0.8809,0.0,0.1191
ETHUSDT,2018-01-16,0.0,0.0,1.0,0.0
ETHUSDT,2018-01-17,0.0,0.0,1.0,0.0
ETHUSDT,2018-01-18,0.0,0.0,1.0,0.0
ETHUSDT,2018-01-19,0.0,0.0,1.0,0.0
ETHUSDT,2018-01-20,0.0,0.0,1.0,0.0
ETHUSDT,2018-01-21,0.0,0.0,1.0,0.0
ETHUSDT,2018-01-22,0.0,0.0,1.0,0.0
ETHUSDT,2018-01-23,0.0,0.0,1.0,0.0
ETHUSDT,2018-01-24,0.0,1.0,0.0,0.0
ETHUSDT,2018-01-25,0.0,1.0,0.0,0.0
ETHUSDT,2018-01-26,0.0,1.0,0.0,0.0
ETHUSDT,2018-01-27,0.0,0.0,1.0,0.0
ETHUSDT,2018-01-28,0.0008,0.9992,0.0,0.0008
ETHUSDT,2018-01-29,0.0,1.0,0.0,0.0
ETHUSDT,2018-01-30,0.0,1.0,0.0,0.0
ETHUSDT,2018-01-31,0.0,1.0,0.0,0.0
ETHUSDT,2018-02-01,0.0,0.0,1.0,0.0
ETHUSDT,2018-02-02,0.0,0.0,1.0,0.0
ETHUSDT,2018-02-03,0.0,0.0,1.0,0.0
ETHUSDT,2018-02-04,0.0,0.0,1.0,0.0
ETHUSDT,2018-02-05,0.0,0.0,1.0,0.0
ETHUSDT,2018-02-06,0.0,0.0,1.0,0.0
ETHUSDT,2018-02-07,0.0,0.0,1.0,0.0
ETHUSDT,2018-02-08,0.0,0.0,1.0,0.0
ETHUSDT,2018-02-09,0.0,0.0,1.0,0.0
ETHUSDT,2018-02-10,0.0,0.0,1.0,0.0
ETHUSDT,2018-02-11,0.0,0.0,1.0,0.0
ETHUSDT,2018-02-12,0.0063,0.9937,0.0,0.0063
ETHUSDT,2018-02-13,0.0,1.0,0.0,0.0
ETHUSDT,2018-02-14,0.0,1.0,0.0,0.0
ETHUSDT,2018-02-15,0.0,1.0,0.0,0.0
ETHUSDT,2018-02-16,0.0,1.0,0.0,0.0
ETHUSDT,2018-02-17,0.0,1.0,0.0,0.0
ETHUSDT,2018-02-18,0.0,1.0,0.0,0.0
ETHUSDT,2018-02-19,0.0,1.0,0.0,0.0
ETHUSDT,2018-02-20,0.0,1.0,0.0,0.0
ETHUSDT,2018-02-21,0.0,0.0,1.0,0.0
ETHUSDT,2018-02-22,0.0,0.0,1.0,0.0
ETHUSDT,2018-02-23,0.0,0.0,1.0,0.0
ETHUSDT,2018-02-24,0.0,0.0,1.0,0.0
ETHUSDT,2018-02-25,0.0,0.0,1.0,0.0
ETHUSDT,2018-02-26,0.0,0.0,1.0,0.0
ETHUSDT,2018-02-27,0.0,0.0,1.0,0.0
ETHUSDT,2018-02-28,0.0018,0.9982,0.0,0.0018
ETHUSDT,2018-03-01,0.0023,0.9977,0.0,0.0023
ETHUSDT,2018-03-02,0.0,0.0,1.0,0.0
ETHUSDT,2018-03-03,0.0029,0.9971,0.0,0.0029
ETHUSDT,2018-03-04,0.002,0.998,0.0,0.002
ETHUSDT,2018-03-05,0.0,0.0,1.0,0.0
ETHUSDT,2018-03-06,0.0,0.0,1.0,0.0
ETHUSDT,2018-03-07,0.0,0.0,1.0,0.0
ETHUSDT,2018-03-08,0.0,0.0,1.0,0.0
ETHUSDT,2018-03-09,0.0,0.0,1.0,0.0
ETHUSDT,2018-03-10,0.0,0.0,1.0,0.0
ETHUSDT,2018-03-11,0.0,0.0,1.0,0.0
ETHUSDT,2018-03-12,0.0,0.0,1.0,0.0
ETHUSDT,2018-03-13,0.0,0.0,1.0,0.0
ETHUSDT,2018-03-14,0.0,0.0,1.0,0.0
ETHUSDT,2018-03-15,0.0,0.0,1.0,0.0
ETHUSDT,2018-03-16,0.0,0.0,1.0,0.0
ETHUSDT,2018-03-17,0.0,0.0,1.0,0.0
ETHUSDT,2018-03-18,0.0,0.0,1.0,0.0
ETHUSDT,2018-03-19,0.0,0.0,1.0,0.0
ETHUSDT,2018-03-20,0.0,0.0,1.0,0.0
ETHUSDT,2018-03-21,0.0,0.0,1.0,0.0
ETHUSDT,2018-03-22,0.0,0.0,1.0,0.0
ETHUSDT,2018-03-23,0.0,0.0,1.0,0.0
ETHUSDT,2018-03-24,0.0,0.0,1.0,0.0
ETHUSDT,2018-03-25,0.0,0.0,1.0,0.0
ETHUSDT,2018-03-26,0.0,0.0,1.0,0.0
ETHUSDT,2018-03-27,0.0,0.0,1.0,0.0
ETHUSDT,2018-03-28,0.0,0.0,1.0,0.0
ETHUSDT,2018-03-29,0.0,0.0,1.0,0.0
ETHUSDT,2018-03-30,0.0,0.0,1.0,0.0
ETHUSDT,2018-03-31,0.0,0.0,1.0,0.0
ETHUSDT,2018-04-01,0.0,0.0,1.0,0.0
ETHUSDT,2018-04-02,0.0,0.0,1.0,0.0
ETHUSDT,2018-04-03,0.0,0.0,1.0,0.0
ETHUSDT,2018-04-04,0.0,0.0,1.0,0.0
ETHUSDT,2018-04-05,0.0,0.0,1.0,0.0
ETHUSDT,2018-04-06,0.0,0.0,1.0,0.0
ETHUSDT,2018-04-07,0.0,0.0,1.0,0.0
ETHUSDT,2018-04-08,0.002,0.998,0.0,0.002
ETHUSDT,2018-04-09,0.0009,0.9991,0.0,0.0009
ETHUSDT,2018-04-10,0.0,0.0,1.0,0.0
ETHUSDT,2018-04-11,0.9223,0.0777,0.0,0.9223
ETHUSDT,2018-04-12,0.9998,0.0002,0.0,0.9998
ETHUSDT,2018-04-13,1.0,0.0,0.0,1.0
ETHUSDT,2018-04-14,1.0,0.0,0.0,1.0
ETHUSDT,2018-04-15,1.0,0.0,0.0,1.0
ETHUSDT,2018-04-16,1.0,0.0,0.0,1.0
ETHUSDT,2018-04-17,0.9997,0.0003,0.0,0.9997
ETHUSDT,2018-04-18,0.9994,0.0006,0.0,0.9994
ETHUSDT,2018-04-19,0.9976,0.0024,0.0,0.9976
ETHUSDT,2018-04-20,1.0,0.0,0.0,1.0
ETHUSDT,2018-04-21,0.9997,0.0003,0.0,0.9997
ETHUSDT,2018-04-22,0.999,0.001,0.0,0.999
ETHUSDT,2018-04-23,1.0,0.0,0.0,1.0
ETHUSDT,2018-04-24,1.0,0.0,0.0,1.0
ETHUSDT,2018-04-25,0.4279,0.5721,0.0,0.4279
ETHUSDT,2018-04-26,0.1145,0.8855,0.0,0.1145
ETHUSDT,2018-04-27,0.0009,0.9991,0.0,0.0009
ETHUSDT,2018-04-28,0.0001,0.9999,0.0,0.0001
ETHUSDT,2018-04-29,0.0,1.0,0.0,0.0
ETHUSDT,2018-04-30,0.0001,0.9999,0.0,0.0001
ETHUSDT,2018-05-01,0.0,0.0,1.0,0.0
ETHUSDT,2018-05-02,0.0219,0.9781,0.0,0.0219
ETHUSDT,2018-05-03,0.0286,0.9714,0.0,0.0286
ETHUSDT,2018-05-04,0.0409,0.9591,0.0,0.0409
ETHUSDT,2018-05-05,0.0279,0.9721,0.0,0.0279
ETHUSDT,2018-05-06,0.0042,0.9958,0.0,0.0042
ETHUSDT,2018-05-07,0.0003,0.9997,0.0,0.0003
ETHUSDT,2018-05-08,0.0001,0.9999,0.0,0.0001
ETHUSDT,2018-05-09,0.0005,0.9995,0.0,0.0005
ETHUSDT,2018-05-10,0.0,0.0,1.0,0.0
ETHUSDT,2018-05-11,0.0,0.0,1.0,0.0
ETHUSDT,2018-05-12,0.0,0.0,1.0,0.0
ETHUSDT,2018-05-13,0.0,0.0,1.0,0.0
ETHUSDT,2018-05-14,0.0,0.0,1.0,0.0
ETHUSDT,2018-05-15,0.0,0.0,1.0,0.0
ETHUSDT,2018-05-16,0.0,0.0,1.0,0.0
ETHUSDT,2018-05-17,0.0,0.0,1.0,0.0
ETHUSDT,2018-05-18,0.0019,0.9981,0.0,0.0019
ETHUSDT,2018-05-19,0.0011,0.9989,0.0,0.0011
ETHUSDT,2018-05-20,0.0,0.0,1.0,0.0
ETHUSDT,2018-05-21,0.0,0.0,1.0,0.0
ETHUSDT,2018-05-22,0.0,0.0,1.0,0.0
ETHUSDT,2018-05-23,0.0,0.0,1.0,0.0
ETHUSDT,2018-05-24,0.0,0.0,1.0,0.0
ETHUSDT,2018-05-25,0.0,0.0,1.0,0.0
ETHUSDT,2018-05-26,0.0,0.0,1.0,0.0
ETHUSDT,2018-05-27,0.0,0.0,1.0,0.0
ETHUSDT,2018-05-28,0.0,0.0,1.0,0.0
ETHUSDT,2018-05-29,0.0,0.0,1.0,0.0
ETHUSDT,2018-05-30,0.0,0.0,1.0,0.0
ETHUSDT,2018-05-31,0.0,0.0,1.0,0.0
ETHUSDT,2018-06-01,0.0,0.0,1.0,0.0
ETHUSDT,2018-06-02,0.0009,0.9991,0.0,0.0009
ETHUSDT,2018-06-03,0.0002,0.9998,0.0,0.0002
ETHUSDT,2018-06-04,0.0009,0.9991,0.0,0.0009
ETHUSDT,2018-06-05,0.0001,0.9999,0.0,0.0001
ETHUSDT,2018-06-06,0.0001,0.9999,0.0,0.0001
ETHUSDT,2018-06-07,0.0,1.0,0.0,0.0
ETHUSDT,2018-06-08,0.0,1.0,0.0,0.0
ETHUSDT,2018-06-09,0.0004,0.9996,0.0,0.0004
ETHUSDT,2018-06-10,0.0,0.0,1.0,0.0
ETHUSDT,2018-06-11,0.0,0.0,1.0,0.0
ETHUSDT,2018-06-12,0.0,0.0,1.0,0.0
ETHUSDT,2018-06-13,0.0,0.0,1.0,0.0
ETHUSDT,2018-06-14,0.0,0.0,1.0,0.0
ETHUSDT,2018-06-15,0.0,0.0,1.0,0.0
ETHUSDT,2018-06-16,0.0,0.0,1.0,0.0
ETHUSDT,2018-06-17,0.0,0.0,1.0,0.0
ETHUSDT,2018-06-18,0.0,0.0,1.0,0.0
ETHUSDT,2018-06-19,0.0071,0.9929,0.0,0.0071
ETHUSDT,2018-06-20,0.0027,0.9973,0.0,0.0027
ETHUSDT,2018-06-21,0.0013,0.9987,0.0,0.0013
ETHUSDT,2018-06-22,0.0,0.0,1.0,0.0
ETHUSDT,2018-06-23,0.0,0.0,1.0,0.0
ETHUSDT,2018-06-24,0.0,0.0,1.0,0.0
ETHUSDT,2018-06-25,0.0,0.0,1.0,0.0
ETHUSDT,2018-06-26,0.0,0.0,1.0,0.0
ETHUSDT,2018-06-27,0.0,0.0,1.0,0.0
ETHUSDT,2018-06-28,0.0,0.0,1.0,0.0
ETHUSDT,2018-06-29,0.0,0.0,1.0,0.0
ETHUSDT,2018-06-30,0.0,0.0,1.0,0.0
ETHUSDT,2018-07-01,0.0,0.0,1.0,0.0
ETHUSDT,2018-07-02,0.0012,0.9988,0.0,0.0012
ETHUSDT,2018-07-03,0.0001,0.9999,0.0,0.0001
ETHUSDT,2018-07-04,0.0001,0.9999,0.0,0.0001
ETHUSDT,2018-07-05,0.0006,0.9994,0.0,0.0006
ETHUSDT,2018-07-06,0.0003,0.9997,0.0,0.0003
ETHUSDT,2018-07-07,0.0002,0.9998,0.0,0.0002
ETHUSDT,2018-07-08,0.0002,0.9998,0.0,0.0002
ETHUSDT,2018-07-09,0.0007,0.9992,0.0001,0.0007
ETHUSDT,2018-07-10,0.0,0.0,1.0,0.0
ETHUSDT,2018-07-11,0.0,0.0,1.0,0.0
ETHUSDT,2018-07-12,0.0,0.0,1.0,0.0
ETHUSDT,2018-07-13,0.0,0.0,1.0,0.0
ETHUSDT,2018-07-14,0.0,0.0,1.0,0.0
ETHUSDT,2018-07-15,0.0,0.0,1.0,0.0
ETHUSDT,2018-07-16,0.0065,0.9935,0.0,0.0065
ETHUSDT,2018-07-17,0.0075,0.9925,0.0,0.0075
ETHUSDT,2018-07-18,0.0011,0.9989,0.0,0.0011
ETHUSDT,2018-07-19,0.0004,0.9996,0.0,0.0004
ETHUSDT,2018-07-20,0.0001,0.9999,0.0,0.0001
ETHUSDT,2018-07-21,0.0002,0.9998,0.0,0.0002
ETHUSDT,2018-07-22,0.001,0.999,0.0,0.001
ETHUSDT,2018-07-23,0.0,0.0,1.0,0.0
ETHUSDT,2018-07-24,0.0,0.0,1.0,0.0
ETHUSDT,2018-07-25,0.0,0.0,1.0,0.0
ETHUSDT,2018-07-26,0.0,0.0,1.0,0.0
ETHUSDT,2018-07-27,0.0033,0.9967,0.0,0.0033
ETHUSDT,2018-07-28,0.0001,0.9999,0.0,0.0001
ETHUSDT,2018-07-29,0.0001,0.9999,0.0,0.0001
ETHUSDT,2018-07-30,0.0008,0.9992,0.0,0.0008
ETHUSDT,2018-07-31,0.0,0.0,1.0,0.0
ETHUSDT,2018-08-01,0.0,0.0,1.0,0.0
ETHUSDT,2018-08-02,0.0,0.0,1.0,0.0
ETHUSDT,2018-08-03,0.0,0.0,1.0,0.0
ETHUSDT,2018-08-04,0.0,0.0,1.0,0.0
ETHUSDT,2018-08-05,0.0,0.0,1.0,0.0
ETHUSDT,2018-08-06,0.0,0.0,1.0,0.0
ETHUSDT,2018-08-07,0.0,0.0,1.0,0.0
ETHUSDT,2018-08-08,0.0,0.0,1.0,0.0
ETHUSDT,2018-08-09,0.0,0.0,1.0,0.0
ETHUSDT,2018-08-10,0.0,0.0,1.0,0.0
ETHUSDT,2018-08-11,0.0,0.0,1.0,0.0
ETHUSDT,2018-08-12,0.0,0.0,1.0,0.0
ETHUSDT,2018-08-13,0.0,0.0,1.0,0.0
ETHUSDT,2018-08-14,0.0,0.0,1.0,0.0
ETHUSDT,2018-08-15,0.0,0.0,1.0,0.0
ETHUSDT,2018-08-16,0.0,0.0,1.0,0.0
ETHUSDT,2018-08-17,0.0,0.0,1.0,0.0
ETHUSDT,2018-08-18,0.0,0.0,1.0,0.0
ETHUSDT,2018-08-19,0.0,0.0,1.0,0.0
ETHUSDT,2018-08-20,0.0,0.0,1.0,0.0
ETHUSDT,2018-08-21,0.019,0.981,0.0,0.019
ETHUSDT,2018-08-22,0.0,0.0,1.0,0.0
ETHUSDT,2018-08-23,0.0,0.0,1.0,0.0
ETHUSDT,2018-08-24,0.0,0.0,1.0,0.0
ETHUSDT,2018-08-25,0.0,0.0,1.0,0.0
ETHUSDT,2018-08-26,0.0,0.0,1.0,0.0
ETHUSDT,2018-08-27,0.0011,0.9989,0.0,0.0011
ETHUSDT,2018-08-28,0.0,1.0,0.0,0.0
ETHUSDT,2018-08-29,0.0,1.0,0.0,0.0
ETHUSDT,2018-08-30,0.0,1.0,0.0,0.0
ETHUSDT,2018-08-31,0.0,1.0,0.0,0.0
ETHUSDT,2018-09-01,0.0,1.0,0.0,0.0
ETHUSDT,2018-09-02,0.0001,0.9999,0.0,0.0001
ETHUSDT,2018-09-03,0.0007,0.9993,0.0,0.0007
ETHUSDT,2018-09-04,0.0,0.0,1.0,0.0
ETHUSDT,2018-09-05,0.0,0.0,1.0,0.0
ETHUSDT,2018-09-06,0.0,0.0,1.0,0.0
ETHUSDT,2018-09-07,0.0,0.0,1.0,0.0
ETHUSDT,2018-09-08,0.0,0.0,1.0,0.0
ETHUSDT,2018-09-09,0.0,0.0,1.0,0.0
ETHUSDT,2018-09-10,0.0,0.0,1.0,0.0
ETHUSDT,2018-09-11,0.0,0.0,1.0,0.0
ETHUSDT,2018-09-12,0.0,0.0,1.0,0.0
ETHUSDT,2018-09-13,0.0,0.0,1.0,0.0
ETHUSDT,2018-09-14,0.0,0.0,1.0,0.0
ETHUSDT,2018-09-15,0.0018,0.9982,0.0,0.0018
ETHUSDT,2018-09-16,0.0001,0.9999,0.0,0.0001
ETHUSDT,2018-09-17,0.0,1.0,0.0,0.0
ETHUSDT,2018-09-18,0.0,1.0,0.0,0.0
ETHUSDT,2018-09-19,0.0,1.0,0.0,0.0
ETHUSDT,2018-09-20,0.0,1.0,0.0,0.0
ETHUSDT,2018-09-21,0.0,1.0,0.0,0.0
ETHUSDT,2018-09-22,0.0,1.0,0.0,0.0
ETHUSDT,2018-09-23,0.0,1.0,0.0,0.0
ETHUSDT,2018-09-24,0.0,1.0,0.0,0.0
ETHUSDT,2018-09-25,0.0,1.0,0.0,0.0
ETHUSDT,2018-09-26,0.0,1.0,0.0,0.0
ETHUSDT,2018-09-27,0.0001,0.9999,0.0,0.0001
ETHUSDT,2018-09-28,0.0,0.0,1.0,0.0
ETHUSDT,2018-09-29,0.0,0.0,1.0,0.0
ETHUSDT,2018-09-30,0.0,0.0,1.0,0.0
ETHUSDT,2018-10-01,0.0002,0.9998,0.0,0.0002
ETHUSDT,2018-10-02,0.0,1.0,0.0,0.0
ETHUSDT,2018-10-03,0.0001,0.9999,0.0,0.0001
ETHUSDT,2018-10-04,0.0,0.0,1.0,0.0
ETHUSDT,2018-10-05,0.0219,0.9781,0.0,0.0219
ETHUSDT,2018-10-06,0.0,0.0,1.0,0.0
ETHUSDT,2018-10-07,0.0,0.0,1.0,0.0
ETHUSDT,2018-10-08,0.0,0.0,1.0,0.0
ETHUSDT,2018-10-09,0.0032,0.9967,0.0001,0.0032
ETHUSDT,2018-10-10,0.0023,0.9977,0.0,0.0023
ETHUSDT,2018-10-11,0.0,0.0,1.0,0.0
ETHUSDT,2018-10-12,0.0,0.0,1.0,0.0
ETHUSDT,2018-10-13,0.0,0.0,1.0,0.0
ETHUSDT,2018-10-14,0.0,0.0,1.0,0.0
ETHUSDT,2018-10-15,0.0,0.0,1.0,0.0
ETHUSDT,2018-10-16,0.0,0.0,1.0,0.0
ETHUSDT,2018-10-17,0.0,0.0,1.0,0.0
ETHUSDT,2018-10-18,0.0044,0.9956,0.0,0.0044
ETHUSDT,2018-10-19,0.0002,0.9998,0.0,0.0002
ETHUSDT,2018-10-20,0.0001,0.9999,0.0,0.0001
ETHUSDT,2018-10-21,0.0011,0.9989,0.0,0.0011
ETHUSDT,2018-10-22,0.0,0.0,1.0,0.0
ETHUSDT,2018-10-23,0.0,0.0,1.0,0.0
ETHUSDT,2018-10-24,0.0,0.0,1.0,0.0
ETHUSDT,2018-10-25,0.0,0.0,1.0,0.0
ETHUSDT,2018-10-26,0.0,0.0,1.0,0.0
ETHUSDT,2018-10-27,0.0,0.0,1.0,0.0
ETHUSDT,2018-10-28,0.03,0.9629,0.0071,0.03
ETHUSDT,2018-10-29,0.0,0.0,1.0,0.0
ETHUSDT,2018-10-30,0.0,0.0,1.0,0.0
ETHUSDT,2018-10-31,0.0,0.0,1.0,0.0
ETHUSDT,2018-11-01,0.0,0.0,1.0,0.0
ETHUSDT,2018-11-02,0.0,0.0,1.0,0.0
ETHUSDT,2018-11-03,0.0,0.0,1.0,0.0
ETHUSDT,2018-11-04,0.0035,0.9965,0.0,0.0035
ETHUSDT,2018-11-05,0.0008,0.9992,0.0,0.0008
ETHUSDT,2018-11-06,0.0012,0.9988,0.0,0.0012
ETHUSDT,2018-11-07,0.0009,0.9991,0.0,0.0009
ETHUSDT,2018-11-08,0.0003,0.9997,0.0,0.0003
ETHUSDT,2018-11-09,0.0001,0.9999,0.0,0.0001
ETHUSDT,2018-11-10,0.0002,0.9998,0.0,0.0002
ETHUSDT,2018-11-11,0.0001,0.9999,0.0,0.0001
ETHUSDT,2018-11-12,0.0011,0.9989,0.0,0.0011
ETHUSDT,2018-11-13,0.0,0.0,1.0,0.0
ETHUSDT,2018-11-14,0.0,0.0,1.0,0.0
ETHUSDT,2018-11-15,0.0,0.0,1.0,0.0
ETHUSDT,2018-11-16,0.0,0.0,1.0,0.0
ETHUSDT,2018-11-17,0.0,0.0,1.0,0.0
ETHUSDT,2018-11-18,0.0,0.0,1.0,0.0
ETHUSDT,2018-11-19,0.0,0.0,1.0,0.0
ETHUSDT,2018-11-20,0.0,0.0,1.0,0.0
ETHUSDT,2018-11-21,0.0,0.0,1.0,0.0
ETHUSDT,2018-11-22,0.0,0.0,1.0,0.0
ETHUSDT,2018-11-23,0.0,0.0,1.0,0.0
ETHUSDT,2018-11-24,0.0,0.0,1.0,0.0
ETHUSDT,2018-11-25,0.0,0.0,1.0,0.0
ETHUSDT,2018-11-26,0.0,0.0,1.0,0.0
ETHUSDT,2018-11-27,0.0,0.0,1.0,0.0
ETHUSDT,2018-11-28,0.0,0.0,1.0,0.0
ETHUSDT,2018-11-29,0.0,0.0,1.0,0.0
ETHUSDT,2018-11-30,0.0,0.0,1.0,0.0
ETHUSDT,2018-12-01,0.0037,0.9963,0.0,0.0037
ETHUSDT,2018-12-02,0.0,0.0,1.0,0.0
ETHUSDT,2018-12-03,0.0001,0.9999,0.0,0.0001
ETHUSDT,2018-12-04,0.0,0.9999,0.0,0.0
ETHUSDT,2018-12-05,0.0,0.0,1.0,0.0
ETHUSDT,2018-12-06,0.0,0.0,1.0,0.0
ETHUSDT,2018-12-07,0.0,0.0,1.0,0.0
ETHUSDT,2018-12-08,0.0,0.0,1.0,0.0
ETHUSDT,2018-12-09,0.0,0.0,1.0,0.0
ETHUSDT,2018-12-10,0.0,0.0,1.0,0.0
ETHUSDT,2018-12-11,0.0,0.0,1.0,0.0
ETHUSDT,2018-12-12,0.0,0.0,1.0,0.0
ETHUSDT,2018-12-13,0.0,0.0,1.0,0.0
ETHUSDT,2018-12-14,0.0,0.0,1.0,0.0
ETHUSDT,2018-12-15,0.0,0.0,1.0,0.0
ETHUSDT,2018-12-16,0.0,0.0,1.0,0.0
ETHUSDT,2018-12-17,0.012,0.988,0.0,0.012
ETHUSDT,2018-12-18,0.0304,0.9696,0.0,0.0304
ETHUSDT,2018-12-19,0.1633,0.8367,0.0,0.1633
ETHUSDT,2018-12-20,1.0,0.0,0.0,1.0
ETHUSDT,2018-12-21,1.0,0.0,0.0,1.0
ETHUSDT,2018-12-22,1.0,0.0,0.0,1.0
ETHUSDT,2018-12-23,1.0,0.0,0.0,1.0
ETHUSDT,2018-12-24,1.0,0.0,0.0,1.0
ETHUSDT,2018-12-25,1.0,0.0,0.0,1.0
ETHUSDT,2018-12-26,0.9985,0.0015,0.0,0.9985
ETHUSDT,2018-12-27,0.0039,0.9961,0.0,0.0039
ETHUSDT,2018-12-28,0.0054,0.9946,0.0,0.0054
ETHUSDT,2018-12-29,0.0002,0.9998,0.0,0.0002
ETHUSDT,2018-12-30,0.0,1.0,0.0,0.0
ETHUSDT,2018-12-31,0.0,0.0,1.0,0.0
ETHUSDT,2019-01-01,0.0001,0.9999,0.0,0.0001
ETHUSDT,2019-01-02,0.0002,0.9998,0.0,0.0002
ETHUSDT,2019-01-03,0.01,0.99,0.0,0.01
ETHUSDT,2019-01-04,0.0,1.0,0.0,0.0
ETHUSDT,2019-01-05,0.0,1.0,0.0,0.0
ETHUSDT,2019-01-06,0.0,1.0,0.0,0.0
ETHUSDT,2019-01-07,0.0,1.0,0.0,0.0
ETHUSDT,2019-01-08,0.0,1.0,0.0,0.0
ETHUSDT,2019-01-09,0.0,0.0,1.0,0.0
ETHUSDT,2019-01-10,0.0,0.0,1.0,0.0
ETHUSDT,2019-01-11,0.0,0.0,1.0,0.0
ETHUSDT,2019-01-12,0.0,0.0,1.0,0.0
ETHUSDT,2019-01-13,0.0,0.0,1.0,0.0
ETHUSDT,2019-01-14,0.0,0.0,1.0,0.0
ETHUSDT,2019-01-15,0.0,0.0,1.0,0.0
ETHUSDT,2019-01-16,0.0,0.0,1.0,0.0
ETHUSDT,2019-01-17,0.0,0.0,1.0,0.0
ETHUSDT,2019-01-18,0.0,0.0,1.0,0.0
ETHUSDT,2019-01-19,0.0,0.0,1.0,0.0
ETHUSDT,2019-01-20,0.0085,0.9915,0.0,0.0085
ETHUSDT,2019-01-21,0.0,0.0,1.0,0.0
ETHUSDT,2019-01-22,0.0,0.0,1.0,0.0
ETHUSDT,2019-01-23,0.0,0.0,1.0,0.0
ETHUSDT,2019-01-24,0.0,0.0,1.0,0.0
ETHUSDT,2019-01-25,0.0,0.0,1.0,0.0
ETHUSDT,2019-01-26,0.0,0.0,1.0,0.0
ETHUSDT,2019-01-27,0.0,0.0,1.0,0.0
ETHUSDT,2019-01-28,0.0,0.0,1.0,0.0
ETHUSDT,2019-01-29,0.0,0.0,1.0,0.0
ETHUSDT,2019-01-30,0.0,0.0,1.0,0.0
ETHUSDT,2019-01-31,0.0,0.0,1.0,0.0
ETHUSDT,2019-02-01,0.0,0.0,1.0,0.0
ETHUSDT,2019-02-02,0.0,0.0,1.0,0.0
ETHUSDT,2019-02-03,0.0,0.0,1.0,0.0
ETHUSDT,2019-02-04,0.0064,0.9936,0.0,0.0064
ETHUSDT,2019-02-05,0.0047,0.9953,0.0,0.0047
ETHUSDT,2019-02-06,0.0,0.0,1.0,0.0
ETHUSDT,2019-02-07,0.0,0.0,1.0,0.0
ETHUSDT,2019-02-08,0.0825,0.9175,0.0,0.0825
ETHUSDT,2019-02-09,0.0698,0.9302,0.0,0.0698
ETHUSDT,2019-02-10,0.0986,0.9014,0.0,0.0986
ETHUSDT,2019-02-11,0.0999,0.9001,0.0,0.0999
ETHUSDT,2019-02-12,0.1122,0.8878,0.0,0.1122
ETHUSDT,2019-02-13,0.1211,0.8789,0.0,0.1211
ETHUSDT,2019-02-14,0.0945,0.9055,0.0,0.0945
ETHUSDT,2019-02-15,0.01,0.99,0.0,0.01
ETHUSDT,2019-02-16,0.0096,0.9904,0.0,0.0096
ETHUSDT,2019-02-17,0.073,0.927,0.0,0.073
ETHUSDT,2019-02-18,0.9507,0.0493,0.0,0.9507
ETHUSDT,2019-02-19,0.9937,0.0063,0.0,0.9937
ETHUSDT,2019-02-20,0.9999,0.0001,0.0,0.9999
ETHUSDT,2019-02-21,0.9999,0.0001,0.0,0.9999
ETHUSDT,2019-02-22,1.0,0.0,0.0,1.0
ETHUSDT,2019-02-23,0.9999,0.0001,0.0,0.9999
ETHUSDT,2019-02-24,0.1161,0.8839,0.0,0.1161
ETHUSDT,2019-02-25,0.0,0.0,1.0,0.0
ETHUSDT,2019-02-26,0.0,0.0,1.0,0.0
ETHUSDT,2019-02-27,0.0,0.0,1.0,0.0
ETHUSDT,2019-02-28,0.0,0.0,1.0,0.0
ETHUSDT,2019-03-01,0.0,0.0,1.0,0.0
ETHUSDT,2019-03-02,0.0,0.0,1.0,0.0
ETHUSDT,2019-03-03,0.0,0.0,1.0,0.0
ETHUSDT,2019-03-04,0.0,0.0,1.0,0.0
ETHUSDT,2019-03-05,0.0,0.0,1.0,0.0
ETHUSDT,2019-03-06,0.001,0.999,0.0,0.001
ETHUSDT,2019-03-07,0.0004,0.9996,0.0,0.0004
ETHUSDT,2019-03-08,0.0,0.0,1.0,0.0
ETHUSDT,2019-03-09,0.0009,0.9991,0.0,0.0009
ETHUSDT,2019-03-10,0.0001,0.9999,0.0,0.0001
ETHUSDT,2019-03-11,0.001,0.999,0.0,0.001
ETHUSDT,2019-03-12,0.0,0.0,1.0,0.0
ETHUSDT,2019-03-13,0.0,0.0,1.0,0.0
ETHUSDT,2019-03-14,0.0,0.0,1.0,0.0
ETHUSDT,2019-03-15,0.0016,0.9984,0.0,0.0016
ETHUSDT,2019-03-16,0.0001,0.9999,0.0,0.0001
ETHUSDT,2019-03-17,0.0001,0.9999,0.0,0.0001
ETHUSDT,2019-03-18,0.0001,0.9999,0.0,0.0001
ETHUSDT,2019-03-19,0.0001,0.9999,0.0,0.0001
ETHUSDT,2019-03-20,0.0003,0.9997,0.0,0.0003
ETHUSDT,2019-03-21,0.0015,0.9985,0.0,0.0015
ETHUSDT,2019-03-22,0.0,0.0,1.0,0.0
ETHUSDT,2019-03-23,0.0,0.0,1.0,0.0
ETHUSDT,2019-03-24,0.0,0.0,1.0,0.0
ETHUSDT,2019-03-25,0.0,0.0,1.0,0.0
ETHUSDT,2019-03-26,0.0,0.0,1.0,0.0
ETHUSDT,2019-03-27,0.0027,0.997,0.0002,0.0027
ETHUSDT,2019-03-28,0.0002,0.9998,0.0,0.0002
ETHUSDT,2019-03-29,0.0001,0.9999,0.0,0.0001
ETHUSDT,2019-03-30,0.0004,0.9996,0.0,0.0004
ETHUSDT,2019-03-31,0.0058,0.9942,0.0,0.0058
ETHUSDT,2019-04-01,0.0871,0.9129,0.0,0.0871
ETHUSDT,2019-04-02,0.947,0.053,0.0,0.947
ETHUSDT,2019-04-03,0.9633,0.0367,0.0,0.9633
ETHUSDT,2019-04-04,0.9749,0.0251,0.0,0.9749
ETHUSDT,2019-04-05,0.9918,0.0082,0.0,0.9918
ETHUSDT,2019-04-06,0.9981,0.0019,0.0,0.9981
ETHUSDT,2019-04-07,1.0,0.0,0.0,1.0
ETHUSDT,2019-04-08,0.9996,0.0004,0.0,0.9996
ETHUSDT,2019-04-09,0.1118,0.8882,0.0,0.1118
ETHUSDT,2019-04-10,0.0298,0.9702,0.0,0.0298
ETHUSDT,2019-04-11,0.0147,0.9853,0.0,0.0147
ETHUSDT,2019-04-12,0.0,0.0,1.0,0.0
ETHUSDT,2019-04-13,0.0,0.0,1.0,0.0
ETHUSDT,2019-04-14,0.0,0.0,1.0,0.0
ETHUSDT,2019-04-15,0.0,0.0,1.0,0.0
ETHUSDT,2019-04-16,0.0,0.0,1.0,0.0
ETHUSDT,2019-04-17,0.0,0.0,1.0,0.0
ETHUSDT,2019-04-18,0.0025,0.9975,0.0,0.0025
ETHUSDT,2019-04-19,0.0002,0.9998,0.0,0.0002
ETHUSDT,2019-04-20,0.0001,0.9999,0.0,0.0001
ETHUSDT,2019-04-21,0.0,1.0,0.0,0.0
ETHUSDT,2019-04-22,0.0001,0.9999,0.0,0.0001
ETHUSDT,2019-04-23,0.0013,0.9987,0.0,0.0013
ETHUSDT,2019-04-24,0.0,0.0,1.0,0.0
ETHUSDT,2019-04-25,0.0,0.0,1.0,0.0
ETHUSDT,2019-04-26,0.0,0.0,1.0,0.0
ETHUSDT,2019-04-27,0.0,0.0,1.0,0.0
ETHUSDT,2019-04-28,0.0,0.0,1.0,0.0
ETHUSDT,2019-04-29,0.0,0.0,1.0,0.0
ETHUSDT,2019-04-30,0.0,0.0,1.0,0.0
ETHUSDT,2019-05-01,0.0,0.0,1.0,0.0
ETHUSDT,2019-05-02,0.0069,0.9931,0.0,0.0069
ETHUSDT,2019-05-03,0.0013,0.9987,0.0,0.0013
ETHUSDT,2019-05-04,0.0002,0.9998,0.0,0.0002
ETHUSDT,2019-05-05,0.0002,0.9998,0.0,0.0002
ETHUSDT,2019-05-06,0.0008,0.9992,0.0,0.0008
ETHUSDT,2019-05-07,0.0003,0.9997,0.0,0.0003
ETHUSDT,2019-05-08,0.0008,0.9992,0.0,0.0008
ETHUSDT,2019-05-09,0.0054,0.9946,0.0,0.0054
ETHUSDT,2019-05-10,0.0538,0.9462,0.0,0.0538
ETHUSDT,2019-05-11,0.8161,0.1839,0.0,0.8161
ETHUSDT,2019-05-12,0.8901,0.1099,0.0,0.8901
ETHUSDT,2019-05-13,0.9434,0.0566,0.0,0.9434
ETHUSDT,2019-05-14,1.0,0.0,0.0,1.0
ETHUSDT,2019-05-15,1.0,0.0,0.0,1.0
ETHUSDT,2019-05-16,1.0,0.0,0.0,1.0
ETHUSDT,2019-05-17,1.0,0.0,0.0,1.0
ETHUSDT,2019-05-18,0.9998,0.0002,0.0,0.9998
ETHUSDT,2019-05-19,1.0,0.0,0.0,1.0
ETHUSDT,2019-05-20,0.9998,0.0002,0.0,0.9998
ETHUSDT,2019-05-21,0.9192,0.0808,0.0,0.9192
ETHUSDT,2019-05-22,0.0,0.0,1.0,0.0
ETHUSDT,2019-05-23,0.0,0.0,1.0,0.0
ETHUSDT,2019-05-24,0.0002,0.9998,0.0,0.0002
ETHUSDT,2019-05-25,0.0,1.0,0.0,0.0
ETHUSDT,2019-05-26,0.0,1.0,0.0,0.0
ETHUSDT,2019-05-27,0.0,1.0,0.0,0.0
ETHUSDT,2019-05-28,0.0,1.0,0.0,0.0
ETHUSDT,2019-05-29,0.0,1.0,0.0,0.0
ETHUSDT,2019-05-30,0.0,1.0,0.0,0.0
ETHUSDT,2019-05-31,0.0,1.0,0.0,0.0
ETHUSDT,2019-06-01,0.0,1.0,0.0,0.0
ETHUSDT,2019-06-02,0.0001,0.9999,0.0,0.0001
ETHUSDT,2019-06-03,0.0,0.0,1.0,0.0
ETHUSDT,2019-06-04,0.0,0.0,1.0,0.0
ETHUSDT,2019-06-05,0.0,0.0,1.0,0.0
ETHUSDT,2019-06-06,0.0,0.0,1.0,0.0
ETHUSDT,2019-06-07,0.0,0.0,1.0,0.0
ETHUSDT,2019-06-08,0.0,0.0,1.0,0.0
ETHUSDT,2019-06-09,0.0,0.0,1.0,0.0
ETHUSDT,2019-06-10,0.0,0.0,1.0,0.0
ETHUSDT,2019-06-11,0.0026,0.9974,0.0,0.0026
ETHUSDT,2019-06-12,0.0003,0.9997,0.0,0.0003
ETHUSDT,2019-06-13,0.0001,0.9999,0.0,0.0001
ETHUSDT,2019-06-14,0.0001,0.9999,0.0,0.0001
ETHUSDT,2019-06-15,0.0012,0.9988,0.0,0.0012
ETHUSDT,2019-06-16,0.0052,0.9948,0.0,0.0052
ETHUSDT,2019-06-17,0.0022,0.9978,0.0,0.0022
ETHUSDT,2019-06-18,0.0006,0.9994,0.0,0.0006
ETHUSDT,2019-06-19,0.0009,0.9991,0.0,0.0009
ETHUSDT,2019-06-20,0.0144,0.9856,0.0,0.0144
ETHUSDT,2019-06-21,0.1584,0.8416,0.0,0.1584
ETHUSDT,2019-06-22,0.4817,0.5183,0.0,0.4817
ETHUSDT,2019-06-23,0.673,0.327,0.0,0.673
ETHUSDT,2019-06-24,0.8273,0.1727,0.0,0.8273
ETHUSDT,2019-06-25,0.9907,0.0093,0.0,0.9907
ETHUSDT,2019-06-26,0.9942,0.0058,0.0,0.9942
ETHUSDT,2019-06-27,0.0698,0.9302,0.0,0.0698
ETHUSDT,2019-06-28,0.0032,0.9968,0.0,0.0032
ETHUSDT,2019-06-29,0.0016,0.9984,0.0,0.0016
ETHUSDT,2019-06-30,0.0,0.0,1.0,0.0
ETHUSDT,2019-07-01,0.0,0.0,1.0,0.0
ETHUSDT,2019-07-02,0.0,0.0,1.0,0.0
ETHUSDT,2019-07-03,0.0,0.0,1.0,0.0
ETHUSDT,2019-07-04,0.0,0.0,1.0,0.0
ETHUSDT,2019-07-05,0.0,0.0,1.0,0.0
ETHUSDT,2019-07-06,0.0,0.0,1.0,0.0
ETHUSDT,2019-07-07,0.0012,0.9988,0.0,0.0012
ETHUSDT,2019-07-08,0.0001,0.9999,0.0,0.0001
ETHUSDT,2019-07-09,0.0006,0.9994,0.0,0.0006
ETHUSDT,2019-07-10,0.0,0.0,1.0,0.0
ETHUSDT,2019-07-11,0.0,0.0,1.0,0.0
ETHUSDT,2019-07-12,0.0,0.0,1.0,0.0
ETHUSDT,2019-07-13,0.0,0.0,1.0,0.0
ETHUSDT,2019-07-14,0.0,0.0,1.0,0.0
ETHUSDT,2019-07-15,0.0,0.0,1.0,0.0
ETHUSDT,2019-07-16,0.0,0.0,1.0,0.0
ETHUSDT,2019-07-17,0.0,0.0,1.0,0.0
ETHUSDT,2019-07-18,0.0,0.0,1.0,0.0
ETHUSDT,2019-07-19,0.0,0.0,1.0,0.0
ETHUSDT,2019-07-20,0.0,0.0,1.0,0.0
ETHUSDT,2019-07-21,0.0,0.0,1.0,0.0
ETHUSDT,2019-07-22,0.0,0.0,1.0,0.0
ETHUSDT,2019-07-23,0.0006,0.9994,0.0,0.0006
ETHUSDT,2019-07-24,0.0002,0.9998,0.0,0.0002
ETHUSDT,2019-07-25,0.0,0.0,1.0,0.0
ETHUSDT,2019-07-26,0.0,0.0,1.0,0.0
ETHUSDT,2019-07-27,0.0,0.0,1.0,0.0
ETHUSDT,2019-07-28,0.0,0.0,1.0,0.0
ETHUSDT,2019-07-29,0.0,0.0,1.0,0.0
ETHUSDT,2019-07-30,0.0,0.0,1.0,0.0
ETHUSDT,2019-07-31,0.007,0.993,0.0001,0.007
ETHUSDT,2019-08-01,0.0,0.0,1.0,0.0
ETHUSDT,2019-08-02,0.0,0.0,1.0,0.0
ETHUSDT,2019-08-03,0.0014,0.9986,0.0,0.0014
ETHUSDT,2019-08-04,0.0001,0.9999,0.0,0.0001
ETHUSDT,2019-08-05,0.0003,0.9997,0.0,0.0003
ETHUSDT,2019-08-06,0.0002,0.9998,0.0,0.0002
ETHUSDT,2019-08-07,0.0002,0.9998,0.0,0.0002
ETHUSDT,2019-08-08,0.0013,0.9987,0.0,0.0013
ETHUSDT,2019-08-09,0.0,0.0,1.0,0.0
ETHUSDT,2019-08-10,0.0,0.0,1.0,0.0
ETHUSDT,2019-08-11,0.0,0.0,1.0,0.0
ETHUSDT,2019-08-12,0.0,0.0,1.0,0.0
ETHUSDT,2019-08-13,0.0,0.0,1.0,0.0
ETHUSDT,2019-08-14,0.0,0.0,1.0,0.0
ETHUSDT,2019-08-15,0.0,0.0,1.0,0.0
ETHUSDT,2019-08-16,0.0,0.0,1.0,0.0
ETHUSDT,2019-08-17,0.0,0.0,1.0,0.0
ETHUSDT,2019-08-18,0.0,0.0,1.0,0.0
ETHUSDT,2019-08-19,0.0,0.0,1.0,0.0
ETHUSDT,2019-08-20,0.0,0.0,1.0,0.0
ETHUSDT,2019-08-21,0.0019,0.9979,0.0002,0.0019
ETHUSDT,2019-08-22,0.0001,0.9999,0.0,0.0001
ETHUSDT,2019-08-23,0.0001,0.9999,0.0,0.0001
ETHUSDT,2019-08-24,0.001,0.999,0.0,0.001
ETHUSDT,2019-08-25,0.0,0.0,1.0,0.0
ETHUSDT,2019-08-26,0.0,0.0,1.0,0.0
ETHUSDT,2019-08-27,0.0,0.0,1.0,0.0
ETHUSDT,2019-08-28,0.0,0.0,1.0,0.0
ETHUSDT,2019-08-29,0.0,0.0,1.0,0.0
ETHUSDT,2019-08-30,0.0,0.0,1.0,0.0
ETHUSDT,2019-08-31,0.0,0.0,1.0,0.0
ETHUSDT,2019-09-01,0.0,0.0,1.0,0.0
ETHUSDT,2019-09-02,0.0,0.0,1.0,0.0
ETHUSDT,2019-09-03,0.0,0.0,1.0,0.0
ETHUSDT,2019-09-04,0.003,0.997,0.0,0.003
ETHUSDT,2019-09-05,0.0002,0.9998,0.0,0.0002
ETHUSDT,2019-09-06,0.0001,0.9999,0.0,0.0001
ETHUSDT,2019-09-07,0.0001,0.9999,0.0,0.0001
ETHUSDT,2019-09-08,0.0001,0.9999,0.0,0.0001
ETHUSDT,2019-09-09,0.0001,0.9999,0.0,0.0001
ETHUSDT,2019-09-10,0.0001,0.9999,0.0,0.0001
ETHUSDT,2019-09-11,0.0001,0.9999,0.0,0.0001
ETHUSDT,2019-09-12,0.0001,0.9999,0.0,0.0001
ETHUSDT,2019-09-13,0.0004,0.9996,0.0,0.0004
ETHUSDT,2019-09-14,0.002,0.998,0.0,0.002
ETHUSDT,2019-09-15,0.0173,0.9827,0.0,0.0173
ETHUSDT,2019-09-16,0.1911,0.8089,0.0,0.1911
ETHUSDT,2019-09-17,0.85,0.15,0.0,0.85
ETHUSDT,2019-09-18,0.9921,0.0079,0.0,0.9921
ETHUSDT,2019-09-19,0.9999,0.0001,0.0,0.9999
ETHUSDT,2019-09-20,0.9979,0.0021,0.0,0.9979
ETHUSDT,2019-09-21,0.8719,0.1281,0.0,0.8719
ETHUSDT,2019-09-22,0.5321,0.4679,0.0,0.5321
ETHUSDT,2019-09-23,0.2926,0.7074,0.0,0.2926
ETHUSDT,2019-09-24,0.0,0.0,1.0,0.0
ETHUSDT,2019-09-25,0.0,0.0,1.0,0.0
ETHUSDT,2019-09-26,0.0,0.0,1.0,0.0
ETHUSDT,2019-09-27,0.0,0.0,1.0,0.0
ETHUSDT,2019-09-28,0.0,0.0,1.0,0.0
ETHUSDT,2019-09-29,0.0,0.0,1.0,0.0
ETHUSDT,2019-09-30,0.0,0.0,1.0,0.0
ETHUSDT,2019-10-01,0.0018,0.9982,0.0,0.0018
ETHUSDT,2019-10-02,0.0001,0.9999,0.0,0.0001
ETHUSDT,2019-10-03,0.0,1.0,0.0,0.0
ETHUSDT,2019-10-04,0.0,1.0,0.0,0.0
ETHUSDT,2019-10-05,0.0,1.0,0.0,0.0
ETHUSDT,2019-10-06,0.0,1.0,0.0,0.0
ETHUSDT,2019-10-07,0.0,1.0,0.0,0.0
ETHUSDT,2019-10-08,0.0,1.0,0.0,0.0
ETHUSDT,2019-10-09,0.0,1.0,0.0,0.0
ETHUSDT,2019-10-10,0.0001,0.9999,0.0,0.0001
ETHUSDT,2019-10-11,0.0,1.0,0.0,0.0
ETHUSDT,2019-10-12,0.0,1.0,0.0,0.0
ETHUSDT,2019-10-13,0.0,1.0,0.0,0.0
ETHUSDT,2019-10-14,0.0005,0.9995,0.0,0.0005
ETHUSDT,2019-10-15,0.0,0.0,1.0,0.0
ETHUSDT,2019-10-16,0.0,0.0,1.0,0.0
ETHUSDT,2019-10-17,0.0,0.0,1.0,0.0
ETHUSDT,2019-10-18,0.0,0.0,1.0,0.0
ETHUSDT,2019-10-19,0.0,0.0,1.0,0.0
ETHUSDT,2019-10-20,0.0,0.0,1.0,0.0
ETHUSDT,2019-10-21,0.0,0.0,1.0,0.0
ETHUSDT,2019-10-22,0.0,0.0,1.0,0.0
ETHUSDT,2019-10-23,0.0,0.0,1.0,0.0
ETHUSDT,2019-10-24,0.0,0.0,1.0,0.0
ETHUSDT,2019-10-25,0.0034,0.9966,0.0,0.0034
ETHUSDT,2019-10-26,0.0002,0.9998,0.0,0.0002
ETHUSDT,2019-10-27,0.0001,0.9999,0.0,0.0001
ETHUSDT,2019-10-28,0.0001,0.9999,0.0,0.0001
ETHUSDT,2019-10-29,0.001,0.999,0.0,0.001
ETHUSDT,2019-10-30,0.0031,0.9969,0.0,0.0031
ETHUSDT,2019-10-31,0.0027,0.9973,0.0,0.0027
ETHUSDT,2019-11-01,0.0003,0.9997,0.0,0.0003
ETHUSDT,2019-11-02,0.0011,0.9989,0.0,0.0011
ETHUSDT,2019-11-03,0.0,0.0,1.0,0.0
ETHUSDT,2019-11-04,0.0527,0.9473,0.0,0.0527
ETHUSDT,2019-11-05,0.0,0.0,1.0,0.0
ETHUSDT,2019-11-06,0.0038,0.9962,0.0,0.0038
ETHUSDT,2019-11-07,0.0002,0.9998,0.0,0.0002
ETHUSDT,2019-11-08,0.0,0.9999,0.0,0.0
ETHUSDT,2019-11-09,0.0001,0.9999,0.0,0.0001
ETHUSDT,2019-11-10,0.0015,0.9985,0.0,0.0015
ETHUSDT,2019-11-11,0.0,0.0,1.0,0.0
ETHUSDT,2019-11-12,0.0,0.0,1.0,0.0
ETHUSDT,2019-11-13,0.0,0.0,1.0,0.0
ETHUSDT,2019-11-14,0.0,0.0,1.0,0.0
ETHUSDT,2019-11-15,0.0,0.0,1.0,0.0
ETHUSDT,2019-11-16,0.0,0.0,1.0,0.0
ETHUSDT,2019-11-17,0.0,0.0,1.0,0.0
ETHUSDT,2019-11-18,0.0,0.0,1.0,0.0
ETHUSDT,2019-11-19,0.0,0.0,1.0,0.0
ETHUSDT,2019-11-20,0.0,0.0,1.0,0.0
ETHUSDT,2019-11-21,0.0,0.0,1.0,0.0
ETHUSDT,2019-11-22,0.0,0.0,1.0,0.0
ETHUSDT,2019-11-23,0.0,0.0,1.0,0.0
ETHUSDT,2019-11-24,0.0,0.0,1.0,0.0
ETHUSDT,2019-11-25,0.0,0.0,1.0,0.0
ETHUSDT,2019-11-26,0.0,0.0,1.0,0.0
ETHUSDT,2019-11-27,0.0,0.0,1.0,0.0
ETHUSDT,2019-11-28,0.0,0.0,1.0,0.0
ETHUSDT,2019-11-29,0.0713,0.9287,0.0,0.0713
ETHUSDT,2019-11-30,0.0,0.0,1.0,0.0
ETHUSDT,2019-12-01,0.0123,0.9877,0.0,0.0123
ETHUSDT,2019-12-02,0.0072,0.9928,0.0,0.0072
ETHUSDT,2019-12-03,0.0,0.0,1.0,0.0
ETHUSDT,2019-12-04,0.0,0.0,1.0,0.0
ETHUSDT,2019-12-05,0.0,0.0,1.0,0.0
ETHUSDT,2019-12-06,0.0,0.0,1.0,0.0
ETHUSDT,2019-12-07,0.0,0.0,1.0,0.0
ETHUSDT,2019-12-08,0.0479,0.9412,0.0109,0.0479
ETHUSDT,2019-12-09,0.0,0.0,1.0,0.0
ETHUSDT,2019-12-10,0.0,0.0,1.0,0.0
ETHUSDT,2019-12-11,0.0,0.0,1.0,0.0
ETHUSDT,2019-12-12,0.0,0.0,1.0,0.0
ETHUSDT,2019-12-13,0.0,0.0,1.0,0.0
ETHUSDT,2019-12-14,0.0,0.0,1.0,0.0
ETHUSDT,2019-12-15,0.0,0.0,1.0,0.0
ETHUSDT,2019-12-16,0.0,0.0,1.0,0.0
ETHUSDT,2019-12-17,0.0,0.0,1.0,0.0
ETHUSDT,2019-12-18,0.0,0.0,1.0,0.0
ETHUSDT,2019-12-19,0.0,0.0,1.0,0.0
ETHUSDT,2019-12-20,0.0,0.0,1.0,0.0
ETHUSDT,2019-12-21,0.0,0.0,1.0,0.0
ETHUSDT,2019-12-22,0.0,0.0,1.0,0.0
ETHUSDT,2019-12-23,0.0,0.0,1.0,0.0
ETHUSDT,2019-12-24,0.0977,0.9023,0.0,0.0977
ETHUSDT,2019-12-25,0.0,0.0,1.0,0.0
ETHUSDT,2019-12-26,0.0,0.0,1.0,0.0
ETHUSDT,2019-12-27,0.0,0.0,1.0,0.0
ETHUSDT,2019-12-28,0.0023,0.9975,0.0002,0.0023
ETHUSDT,2019-12-29,0.0001,0.9999,0.0,0.0001
ETHUSDT,2019-12-30,0.0001,0.9999,0.0,0.0001
ETHUSDT,2019-12-31,0.0,1.0,0.0,0.0
ETHUSDT,2020-01-01,0.0001,0.9999,0.0,0.0001
ETHUSDT,2020-01-02,0.0,1.0,0.0,0.0
ETHUSDT,2020-01-03,0.0001,0.9999,0.0,0.0001
ETHUSDT,2020-01-04,0.0001,0.9999,0.0,0.0001
ETHUSDT,2020-01-05,0.0,1.0,0.0,0.0
ETHUSDT,2020-01-06,0.0003,0.9997,0.0,0.0003
ETHUSDT,2020-01-07,0.0008,0.9992,0.0,0.0008
ETHUSDT,2020-01-08,0.0005,0.9995,0.0,0.0005
ETHUSDT,2020-01-09,0.0006,0.9994,0.0,0.0006
ETHUSDT,2020-01-10,0.0004,0.9996,0.0,0.0004
ETHUSDT,2020-01-11,0.0007,0.9993,0.0,0.0007
ETHUSDT,2020-01-12,0.0043,0.9957,0.0,0.0043
ETHUSDT,2020-01-13,0.0,0.0,1.0,0.0
ETHUSDT,2020-01-14,0.9891,0.0109,0.0,0.9891
ETHUSDT,2020-01-15,0.9979,0.0021,0.0,0.9979
ETHUSDT,2020-01-16,0.9995,0.0005,0.0,0.9995
ETHUSDT,2020-01-17,0.9995,0.0005,0.0,0.9995
ETHUSDT,2020-01-18,0.9973,0.0027,0.0,0.9973
ETHUSDT,2020-01-19,0.7535,0.2465,0.0,0.7535
ETHUSDT,2020-01-20,0.51,0.49,0.0,0.51
ETHUSDT,2020-01-21,0.0232,0.9768,0.0,0.0232
ETHUSDT,2020-01-22,0.009,0.991,0.0,0.009
ETHUSDT,2020-01-23,0.0,0.0,1.0,0.0
ETHUSDT,2020-01-24,0.0,0.0,1.0,0.0
ETHUSDT,2020-01-25,0.0,0.0,1.0,0.0
ETHUSDT,2020-01-26,0.0016,0.9984,0.0,0.0016
ETHUSDT,2020-01-27,0.0001,0.9999,0.0,0.0001
ETHUSDT,2020-01-28,0.0001,0.9999,0.0,0.0001
ETHUSDT,2020-01-29,0.0002,0.9998,0.0,0.0002
ETHUSDT,2020-01-30,0.0034,0.9966,0.0,0.0034
ETHUSDT,2020-01-31,0.0061,0.9939,0.0,0.0061
ETHUSDT,2020-02-01,0.0198,0.9802,0.0,0.0198
ETHUSDT,2020-02-02,0.0338,0.9662,0.0,0.0338
ETHUSDT,2020-02-03,0.067,0.933,0.0,0.067
ETHUSDT,2020-02-04,0.183,0.817,0.0,0.183
ETHUSDT,2020-02-05,0.8552,0.1448,0.0,0.8552
ETHUSDT,2020-02-06,0.9607,0.0393,0.0,0.9607
ETHUSDT,2020-02-07,0.9999,0.0001,0.0,0.9999
ETHUSDT,2020-02-08,1.0,0.0,0.0,1.0
ETHUSDT,2020-02-09,1.0,0.0,0.0,1.0
ETHUSDT,2020-02-10,0.9999,0.0001,0.0,0.9999
ETHUSDT,2020-02-11,1.0,0.0,0.0,1.0
ETHUSDT,2020-02-12,1.0,0.0,0.0,1.0
ETHUSDT,2020-02-13,1.0,0.0,0.0,1.0
ETHUSDT,2020-02-14,1.0,0.0,0.0,1.0
ETHUSDT,2020-02-15,0.9996,0.0004,0.0,0.9996
ETHUSDT,2020-02-16,0.9976,0.0024,0.0,0.9976
ETHUSDT,2020-02-17,0.9989,0.0011,0.0,0.9989
ETHUSDT,2020-02-18,0.9954,0.0046,0.0,0.9954
ETHUSDT,2020-02-19,0.0,0.0,1.0,0.0
ETHUSDT,2020-02-20,0.0,0.0,1.0,0.0
ETHUSDT,2020-02-21,0.0,0.0,1.0,0.0
ETHUSDT,2020-02-22,0.0,0.0,1.0,0.0
ETHUSDT,2020-02-23,0.0394,0.9606,0.0,0.0394
ETHUSDT,2020-02-24,0.0,0.0,1.0,0.0
ETHUSDT,2020-02-25,0.0,0.0,1.0,0.0
ETHUSDT,2020-02-26,0.0,0.0,1.0,0.0
ETHUSDT,2020-02-27,0.0,0.0,1.0,0.0
ETHUSDT,2020-02-28,0.0,0.0,1.0,0.0
ETHUSDT,2020-02-29,0.0,0.0,1.0,0.0
ETHUSDT,2020-03-01,0.0,0.0,1.0,0.0
ETHUSDT,2020-03-02,0.0,0.0,1.0,0.0
ETHUSDT,2020-03-03,0.0,0.0,1.0,0.0
ETHUSDT,2020-03-04,0.0,0.0,1.0,0.0
ETHUSDT,2020-03-05,0.0015,0.9985,0.0,0.0015
ETHUSDT,2020-03-06,0.0005,0.9995,0.0,0.0005
ETHUSDT,2020-03-07,0.0026,0.9974,0.0,0.0026
ETHUSDT,2020-03-08,0.0,0.0,1.0,0.0
ETHUSDT,2020-03-09,0.0,0.0,1.0,0.0
ETHUSDT,2020-03-10,0.0,0.0,1.0,0.0
ETHUSDT,2020-03-11,0.0,0.0,1.0,0.0
ETHUSDT,2020-03-12,0.0,0.0,1.0,0.0
ETHUSDT,2020-03-13,0.0,0.0,1.0,0.0
ETHUSDT,2020-03-14,0.0,0.0,1.0,0.0
ETHUSDT,2020-03-15,0.0,0.0,1.0,0.0
ETHUSDT,2020-03-16,0.0,0.0,1.0,0.0
ETHUSDT,2020-03-17,0.0,0.0,1.0,0.0
ETHUSDT,2020-03-18,0.0,0.0,1.0,0.0
ETHUSDT,2020-03-19,0.0,1.0,0.0,0.0
ETHUSDT,2020-03-20,0.0,0.0,1.0,0.0
ETHUSDT,2020-03-21,0.0,1.0,0.0,0.0
ETHUSDT,2020-03-22,0.0,0.0,1.0,0.0
ETHUSDT,2020-03-23,0.0,1.0,0.0,0.0
ETHUSDT,2020-03-24,0.0,1.0,0.0,0.0
ETHUSDT,2020-03-25,0.0,1.0,0.0,0.0
ETHUSDT,2020-03-26,0.0,1.0,0.0,0.0
ETHUSDT,2020-03-27,0.0,1.0,0.0,0.0
ETHUSDT,2020-03-28,0.0,0.0,1.0,0.0
ETHUSDT,2020-03-29,0.0,1.0,0.0,0.0
ETHUSDT,2020-03-30,0.0,0.0,1.0,0.0
ETHUSDT,2020-03-31,0.0,0.0,1.0,0.0
ETHUSDT,2020-04-01,0.0,0.0,1.0,0.0
ETHUSDT,2020-04-02,0.0,1.0,0.0,0.0
ETHUSDT,2020-04-03,0.0,1.0,0.0,0.0
ETHUSDT,2020-04-04,0.0018,0.9982,0.0,0.0018
ETHUSDT,2020-04-05,0.0762,0.9238,0.0,0.0762
ETHUSDT,2020-04-06,0.9813,0.0187,0.0,0.9813
ETHUSDT,2020-04-07,0.9924,0.0076,0.0,0.9924
ETHUSDT,2020-04-08,0.9924,0.0076,0.0,0.9924
ETHUSDT,2020-04-09,0.8381,0.1619,0.0,0.8381
ETHUSDT,2020-04-10,0.0522,0.9478,0.0,0.0522
ETHUSDT,2020-04-11,0.0047,0.9953,0.0,0.0047
ETHUSDT,2020-04-12,0.0063,0.9937,0.0,0.0063
ETHUSDT,2020-04-13,0.0,0.0,1.0,0.0
ETHUSDT,2020-04-14,0.0,0.0,1.0,0.0
ETHUSDT,2020-04-15,0.0,0.0,1.0,0.0
ETHUSDT,2020-04-16,0.0004,0.9996,0.0,0.0004
ETHUSDT,2020-04-17,0.0001,0.9999,0.0,0.0001
ETHUSDT,2020-04-18,0.0011,0.9989,0.0,0.0011
ETHUSDT,2020-04-19,0.0002,0.9998,0.0,0.0002
ETHUSDT,2020-04-20,0.0,1.0,0.0,0.0
ETHUSDT,2020-04-21,0.0001,0.9999,0.0,0.0001
ETHUSDT,2020-04-22,0.0014,0.9986,0.0,0.0014
ETHUSDT,2020-04-23,0.0,1.0,0.0,0.0
ETHUSDT,2020-04-24,0.0,1.0,0.0,0.0
ETHUSDT,2020-04-25,0.0,1.0,0.0,0.0
ETHUSDT,2020-04-26,0.0001,0.9999,0.0,0.0001
ETHUSDT,2020-04-27,0.0069,0.9931,0.0,0.0069
ETHUSDT,2020-04-28,0.0139,0.9861,0.0,0.0139
ETHUSDT,2020-04-29,0.0192,0.9808,0.0,0.0192
ETHUSDT,2020-04-30,0.0048,0.9952,0.0,0.0048
ETHUSDT,2020-05-01,0.0022,0.9978,0.0,0.0022
ETHUSDT,2020-05-02,0.0004,0.9996,0.0,0.0004
ETHUSDT,2020-05-03,0.0001,0.9999,0.0,0.0001
ETHUSDT,2020-05-04,0.0001,0.9999,0.0,0.0001
ETHUSDT,2020-05-05,0.0007,0.9993,0.0,0.0007
ETHUSDT,2020-05-06,0.0,0.0,1.0,0.0
ETHUSDT,2020-05-07,0.0479,0.9521,0.0,0.0479
ETHUSDT,2020-05-08,0.0,0.0,1.0,0.0
ETHUSDT,2020-05-09,0.0,0.0,1.0,0.0
ETHUSDT,2020-05-10,0.0,0.0,1.0,0.0
ETHUSDT,2020-05-11,0.0,0.0,1.0,0.0
ETHUSDT,2020-05-12,0.0,0.0,1.0,0.0
ETHUSDT,2020-05-13,0.0,0.0,1.0,0.0
ETHUSDT,2020-05-14,0.0,0.0,1.0,0.0
ETHUSDT,2020-05-15,0.0,0.0,1.0,0.0
ETHUSDT,2020-05-16,0.0,0.0,1.0,0.0
ETHUSDT,2020-05-17,0.0566,0.9434,0.0,0.0566
ETHUSDT,2020-05-18,0.0495,0.9505,0.0,0.0495
ETHUSDT,2020-05-19,0.0303,0.9697,0.0,0.0303
ETHUSDT,2020-05-20,0.0205,0.9795,0.0,0.0205
ETHUSDT,2020-05-21,0.0,0.0,1.0,0.0
ETHUSDT,2020-05-22,0.011,0.989,0.0,0.011
ETHUSDT,2020-05-23,0.0072,0.9928,0.0,0.0072
ETHUSDT,2020-05-24,0.0,0.0,1.0,0.0
ETHUSDT,2020-05-25,0.0,0.0,1.0,0.0
ETHUSDT,2020-05-26,0.0,0.0,1.0,0.0
ETHUSDT,2020-05-27,0.0,0.0,1.0,0.0
ETHUSDT,2020-05-28,0.3407,0.6593,0.0,0.3407
ETHUSDT,2020-05-29,0.3563,0.6437,0.0,0.3563
ETHUSDT,2020-05-30,0.6543,0.3457,0.0,0.6543
ETHUSDT,2020-05-31,0.8104,0.1896,0.0,0.8104
ETHUSDT,2020-06-01,0.9303,0.0697,0.0,0.9303
ETHUSDT,2020-06-02,0.9189,0.0811,0.0,0.9189
ETHUSDT,2020-06-03,0.841,0.159,0.0,0.841
ETHUSDT,2020-06-04,0.523,0.477,0.0,0.523
ETHUSDT,2020-06-05,0.4204,0.5796,0.0,0.4204
ETHUSDT,2020-06-06,0.0,0.0,1.0,0.0
ETHUSDT,2020-06-07,0.0958,0.9042,0.0,0.0958
ETHUSDT,2020-06-08,0.0,0.0,1.0,0.0
ETHUSDT,2020-06-09,0.0048,0.9952,0.0,0.0048
ETHUSDT,2020-06-10,0.0029,0.9971,0.0,0.0029
ETHUSDT,2020-06-11,0.0,0.0,1.0,0.0
ETHUSDT,2020-06-12,0.0,0.0,1.0,0.0
ETHUSDT,2020-06-13,0.0,0.0,1.0,0.0
ETHUSDT,2020-06-14,0.0,0.0,1.0,0.0
ETHUSDT,2020-06-15,0.0,0.0,1.0,0.0
ETHUSDT,2020-06-16,0.0,0.0,1.0,0.0
ETHUSDT,2020-06-17,0.0,0.0,1.0,0.0
ETHUSDT,2020-06-18,0.0413,0.9509,0.0078,0.0413
ETHUSDT,2020-06-19,0.0,0.0,1.0,0.0
ETHUSDT,2020-06-20,0.0,0.0,1.0,0.0
ETHUSDT,2020-06-21,0.0,0.0,1.0,0.0
ETHUSDT,2020-06-22,0.0073,0.9927,0.0,0.0073
ETHUSDT,2020-06-23,0.0007,0.9993,0.0,0.0007
ETHUSDT,2020-06-24,0.0001,0.9999,0.0,0.0001
ETHUSDT,2020-06-25,0.0001,0.9999,0.0,0.0001
ETHUSDT,2020-06-26,0.0012,0.9988,0.0,0.0012
ETHUSDT,2020-06-27,0.0,0.0,1.0,0.0
ETHUSDT,2020-06-28,0.0,0.0,1.0,0.0
ETHUSDT,2020-06-29,0.0,0.0,1.0,0.0
ETHUSDT,2020-06-30,0.0,0.0,1.0,0.0
ETHUSDT,2020-07-01,0.0,0.0,1.0,0.0
ETHUSDT,2020-07-02,0.0,0.0,1.0,0.0
ETHUSDT,2020-07-03,0.0,0.0,1.0,0.0
ETHUSDT,2020-07-04,0.0041,0.9959,0.0,0.0041
ETHUSDT,2020-07-05,0.0003,0.9997,0.0,0.0003
ETHUSDT,2020-07-06,0.0002,0.9998,0.0,0.0002
ETHUSDT,2020-07-07,0.0002,0.9998,0.0,0.0002
ETHUSDT,2020-07-08,0.0002,0.9998,0.0,0.0002
ETHUSDT,2020-07-09,0.0002,0.9998,0.0,0.0002
ETHUSDT,2020-07-10,0.0003,0.9997,0.0,0.0003
ETHUSDT,2020-07-11,0.0004,0.9996,0.0,0.0004
ETHUSDT,2020-07-12,0.0035,0.9965,0.0,0.0035
ETHUSDT,2020-07-13,0.0,0.0,1.0,0.0
ETHUSDT,2020-07-14,0.0561,0.9421,0.0018,0.0561
ETHUSDT,2020-07-15,0.0,0.0,1.0,0.0
ETHUSDT,2020-07-16,0.0,0.0,1.0,0.0
ETHUSDT,2020-07-17,0.0,0.0,1.0,0.0
ETHUSDT,2020-07-18,0.0,0.0,1.0,0.0
ETHUSDT,2020-07-19,0.0,0.0,1.0,0.0
ETHUSDT,2020-07-20,0.0,0.0,1.0,0.0
ETHUSDT,2020-07-21,0.4577,0.5423,0.0,0.4577
ETHUSDT,2020-07-22,0.6049,0.3951,0.0,0.6049
ETHUSDT,2020-07-23,0.9683,0.0317,0.0,0.9683
ETHUSDT,2020-07-24,0.9993,0.0007,0.0,0.9993
ETHUSDT,2020-07-25,1.0,0.0,0.0,1.0
ETHUSDT,2020-07-26,1.0,0.0,0.0,1.0
ETHUSDT,2020-07-27,1.0,0.0,0.0,1.0
ETHUSDT,2020-07-28,1.0,0.0,0.0,1.0
ETHUSDT,2020-07-29,1.0,0.0,0.0,1.0
ETHUSDT,2020-07-30,1.0,0.0,0.0,1.0
ETHUSDT,2020-07-31,1.0,0.0,0.0,1.0
ETHUSDT,2020-08-01,1.0,0.0,0.0,1.0
ETHUSDT,2020-08-02,0.9999,0.0001,0.0,0.9999
ETHUSDT,2020-08-03,1.0,0.0,0.0,1.0
ETHUSDT,2020-08-04,1.0,0.0,0.0,1.0
ETHUSDT,2020-08-05,1.0,0.0,0.0,1.0
ETHUSDT,2020-08-06,0.9175,0.0825,0.0,0.9175
ETHUSDT,2020-08-07,0.168,0.832,0.0,0.168
ETHUSDT,2020-08-08,0.0064,0.9936,0.0,0.0064
ETHUSDT,2020-08-09,0.0008,0.9992,0.0,0.0008
ETHUSDT,2020-08-10,0.0012,0.9988,0.0,0.0012
ETHUSDT,2020-08-11,0.0,0.0,1.0,0.0
ETHUSDT,2020-08-12,0.0,0.0,1.0,0.0
ETHUSDT,2020-08-13,0.0182,0.9818,0.0,0.0182
ETHUSDT,2020-08-14,0.0135,0.9865,0.0,0.0135
ETHUSDT,2020-08-15,0.0032,0.9968,0.0,0.0032
ETHUSDT,2020-08-16,0.0012,0.9988,0.0,0.0012
ETHUSDT,2020-08-17,0.0004,0.9996,0.0,0.0004
ETHUSDT,2020-08-18,0.0008,0.9992,0.0,0.0008
ETHUSDT,2020-08-19,0.0012,0.9988,0.0,0.0012
ETHUSDT,2020-08-20,0.0,0.0,1.0,0.0
ETHUSDT,2020-08-21,0.0,0.0,1.0,0.0
ETHUSDT,2020-08-22,0.0,0.0,1.0,0.0
ETHUSDT,2020-08-23,0.0,0.0,1.0,0.0
ETHUSDT,2020-08-24,0.0,0.0,1.0,0.0
ETHUSDT,2020-08-25,0.0,0.0,1.0,0.0
ETHUSDT,2020-08-26,0.0,0.0,1.0,0.0
ETHUSDT,2020-08-27,0.0,0.0,1.0,0.0
ETHUSDT,2020-08-28,0.0026,0.9974,0.0,0.0026
ETHUSDT,2020-08-29,0.0006,0.9994,0.0,0.0006
ETHUSDT,2020-08-30,0.0048,0.9952,0.0,0.0048
ETHUSDT,2020-08-31,0.0276,0.9724,0.0,0.0276
ETHUSDT,2020-09-01,0.3151,0.6849,0.0,0.3151
ETHUSDT,2020-09-02,0.1193,0.8807,0.0,0.1193
ETHUSDT,2020-09-03,0.0235,0.9765,0.0,0.0235
ETHUSDT,2020-09-04,0.0,0.0,1.0,0.0
ETHUSDT,2020-09-05,0.0,0.0,1.0,0.0
ETHUSDT,2020-09-06,0.0,0.0,1.0,0.0
ETHUSDT,2020-09-07,0.0,0.0,1.0,0.0
ETHUSDT,2020-09-08,0.0,0.0,1.0,0.0
ETHUSDT,2020-09-09,0.0,0.0,1.0,0.0
ETHUSDT,2020-09-10,0.0,0.0,1.0,0.0
ETHUSDT,2020-09-11,0.0,0.0,1.0,0.0
ETHUSDT,2020-09-12,0.0107,0.9893,0.0,0.0107
ETHUSDT,2020-09-13,0.0,1.0,0.0,0.0
ETHUSDT,2020-09-14,0.0,1.0,0.0,0.0
ETHUSDT,2020-09-15,0.0,1.0,0.0,0.0
ETHUSDT,2020-09-16,0.0,1.0,0.0,0.0
ETHUSDT,2020-09-17,0.0,1.0,0.0,0.0
ETHUSDT,2020-09-18,0.0001,0.9999,0.0,0.0001
ETHUSDT,2020-09-19,0.0,0.0,1.0,0.0
ETHUSDT,2020-09-20,0.0053,0.9947,0.0,0.0053
ETHUSDT,2020-09-21,0.0,0.0,1.0,0.0
ETHUSDT,2020-09-22,0.0,0.0,1.0,0.0
ETHUSDT,2020-09-23,0.0,0.0,1.0,0.0
ETHUSDT,2020-09-24,0.0,0.0,1.0,0.0
ETHUSDT,2020-09-25,0.0,0.0,1.0,0.0
ETHUSDT,2020-09-26,0.0,0.0,1.0,0.0
ETHUSDT,2020-09-27,0.0,0.0,1.0,0.0
ETHUSDT,2020-09-28,0.0023,0.9977,0.0,0.0023
ETHUSDT,2020-09-29,0.0002,0.9998,0.0,0.0002
ETHUSDT,2020-09-30,0.0008,0.9992,0.0,0.0008
ETHUSDT,2020-10-01,0.001,0.999,0.0,0.001
ETHUSDT,2020-10-02,0.0,0.0,1.0,0.0
ETHUSDT,2020-10-03,0.0,0.0,1.0,0.0
ETHUSDT,2020-10-04,0.0,0.0,1.0,0.0
ETHUSDT,2020-10-05,0.0,0.0,1.0,0.0
ETHUSDT,2020-10-06,0.0,0.0,1.0,0.0
ETHUSDT,2020-10-07,0.0,0.0,1.0,0.0
ETHUSDT,2020-10-08,0.0,0.0,1.0,0.0
ETHUSDT,2020-10-09,0.0056,0.9944,0.0,0.0056
ETHUSDT,2020-10-10,0.0008,0.9992,0.0,0.0008
ETHUSDT,2020-10-11,0.0003,0.9997,0.0,0.0003
ETHUSDT,2020-10-12,0.0009,0.9991,0.0,0.0009
ETHUSDT,2020-10-13,0.0019,0.9981,0.0,0.0019
ETHUSDT,2020-10-14,0.0017,0.9983,0.0,0.0017
ETHUSDT,2020-10-15,0.0009,0.9991,0.0,0.0009
ETHUSDT,2020-10-16,0.0014,0.9983,0.0003,0.0014
ETHUSDT,2020-10-17,0.0,0.0,1.0,0.0
ETHUSDT,2020-10-18,0.0579,0.942,0.0,0.0579
ETHUSDT,2020-10-19,0.0,0.0,1.0,0.0
ETHUSDT,2020-10-20,0.0,0.0,1.0,0.0
ETHUSDT,2020-10-21,0.0082,0.9918,0.0,0.0082
ETHUSDT,2020-10-22,0.005,0.995,0.0,0.005
ETHUSDT,2020-10-23,0.0049,0.9951,0.0,0.0049
ETHUSDT,2020-10-24,0.0036,0.9964,0.0,0.0036
ETHUSDT,2020-10-25,0.0011,0.9989,0.0,0.0011
ETHUSDT,2020-10-26,0.001,0.999,0.0,0.001
ETHUSDT,2020-10-27,0.0087,0.9913,0.0,0.0087
ETHUSDT,2020-10-28,0.0,0.0,1.0,0.0
ETHUSDT,2020-10-29,0.0,0.0,1.0,0.0
ETHUSDT,2020-10-30,0.0,0.0,1.0,0.0
ETHUSDT,2020-10-31,0.0,0.0,1.0,0.0
ETHUSDT,2020-11-01,0.0,0.0,1.0,0.0
ETHUSDT,2020-11-02,0.0,0.0,1.0,0.0
ETHUSDT,2020-11-03,0.0,0.0,1.0,0.0
ETHUSDT,2020-11-04,0.1953,0.8047,0.0,0.1953
ETHUSDT,2020-11-05,0.2433,0.7567,0.0,0.2433
ETHUSDT,2020-11-06,0.5825,0.4175,0.0,0.5825
ETHUSDT,2020-11-07,0.5916,0.4084,0.0,0.5916
ETHUSDT,2020-11-08,0.6119,0.3881,0.0,0.6119
ETHUSDT,2020-11-09,0.6185,0.3815,0.0,0.6185
ETHUSDT,2020-11-10,0.5874,0.4126,0.0,0.5874
ETHUSDT,2020-11-11,0.467,0.533,0.0,0.467
ETHUSDT,2020-11-12,0.1785,0.8215,0.0,0.1785
ETHUSDT,2020-11-13,0.0288,0.9712,0.0,0.0288
ETHUSDT,2020-11-14,0.0206,0.9794,0.0,0.0206
ETHUSDT,2020-11-15,0.0,0.0,1.0,0.0
ETHUSDT,2020-11-16,0.004,0.996,0.0,0.004
ETHUSDT,2020-11-17,0.0007,0.9993,0.0,0.0007
ETHUSDT,2020-11-18,0.0005,0.9995,0.0,0.0005
ETHUSDT,2020-11-19,0.0051,0.9949,0.0,0.0051
ETHUSDT,2020-11-20,0.1047,0.8953,0.0,0.1047
ETHUSDT,2020-11-21,0.9471,0.0529,0.0,0.9471
ETHUSDT,2020-11-22,0.9999,0.0001,0.0,0.9999
ETHUSDT,2020-11-23,1.0,0.0,0.0,1.0
ETHUSDT,2020-11-24,0.9999,0.0001,0.0,0.9999
ETHUSDT,2020-11-25,0.9008,0.0992,0.0,0.9008
ETHUSDT,2020-11-26,0.0927,0.9073,0.0,0.0927
ETHUSDT,2020-11-27,0.0269,0.9731,0.0,0.0269
ETHUSDT,2020-11-28,0.0,0.0,1.0,0.0
ETHUSDT,2020-11-29,0.0019,0.9981,0.0,0.0019
ETHUSDT,2020-11-30,0.0009,0.9991,0.0,0.0009
ETHUSDT,2020-12-01,0.0,0.0,1.0,0.0
ETHUSDT,2020-12-02,0.0083,0.9917,0.0,0.0083
ETHUSDT,2020-12-03,0.0119,0.9881,0.0,0.0119
ETHUSDT,2020-12-04,0.0008,0.9992,0.0,0.0008
ETHUSDT,2020-12-05,0.0002,0.9998,0.0,0.0002
ETHUSDT,2020-12-06,0.0004,0.9996,0.0,0.0004
ETHUSDT,2020-12-07,0.0,0.0,1.0,0.0
ETHUSDT,2020-12-08,0.0,0.0,1.0,0.0
ETHUSDT,2020-12-09,0.0,0.0,1.0,0.0
ETHUSDT,2020-12-10,0.0,0.0,1.0,0.0
ETHUSDT,2020-12-11,0.0,0.0,1.0,0.0
ETHUSDT,2020-12-12,0.0,0.0,1.0,0.0
ETHUSDT,2020-12-13,0.0,0.0,1.0,0.0
ETHUSDT,2020-12-14,0.0,0.0,1.0,0.0
ETHUSDT,2020-12-15,0.0202,0.9798,0.0,0.0202
ETHUSDT,2020-12-16,0.0259,0.9741,0.0,0.0259
ETHUSDT,2020-12-17,0.0841,0.9159,0.0,0.0841
ETHUSDT,2020-12-18,0.133,0.867,0.0,0.133
ETHUSDT,2020-12-19,0.0944,0.9056,0.0,0.0944
ETHUSDT,2020-12-20,0.011,0.989,0.0,0.011
ETHUSDT,2020-12-21,0.0016,0.9984,0.0,0.0016
ETHUSDT,2020-12-22,0.0037,0.9963,0.0,0.0037
ETHUSDT,2020-12-23,0.0,0.0,1.0,0.0
ETHUSDT,2020-12-24,0.0,0.0,1.0,0.0
ETHUSDT,2020-12-25,0.0,0.0,1.0,0.0
ETHUSDT,2020-12-26,0.0,0.0,1.0,0.0
ETHUSDT,2020-12-27,0.7812,0.2188,0.0,0.7812
ETHUSDT,2020-12-28,0.975,0.025,0.0,0.975
ETHUSDT,2020-12-29,0.9897,0.0103,0.0,0.9897
ETHUSDT,2020-12-30,1.0,0.0,0.0,1.0
ETHUSDT,2020-12-31,1.0,0.0,0.0,1.0
ETHUSDT,2021-01-01,0.9997,0.0003,0.0,0.9997
ETHUSDT,2021-01-02,1.0,0.0,0.0,1.0
ETHUSDT,2021-01-03,1.0,0.0,0.0,1.0
ETHUSDT,2021-01-04,1.0,0.0,0.0,1.0
ETHUSDT,2021-01-05,1.0,0.0,0.0,1.0
ETHUSDT,2021-01-06,1.0,0.0,0.0,1.0
ETHUSDT,2021-01-07,1.0,0.0,0.0,1.0
ETHUSDT,2021-01-08,1.0,0.0,0.0,1.0
ETHUSDT,2021-01-09,1.0,0.0,0.0,1.0
ETHUSDT,2021-01-10,0.9961,0.0039,0.0,0.9961
ETHUSDT,2021-01-11,0.0082,0.9918,0.0,0.0082
ETHUSDT,2021-01-12,0.0,0.0,1.0,0.0
ETHUSDT,2021-01-13,0.0,0.0,1.0,0.0
ETHUSDT,2021-01-14,0.0,0.0,1.0,0.0
ETHUSDT,2021-01-15,0.0,0.0,1.0,0.0
ETHUSDT,2021-01-16,0.0,0.0,1.0,0.0
ETHUSDT,2021-01-17,0.0,0.0,1.0,0.0
ETHUSDT,2021-01-18,0.2408,0.7592,0.0,0.2408
ETHUSDT,2021-01-19,0.725,0.275,0.0,0.725
ETHUSDT,2021-01-20,0.6024,0.3976,0.0,0.6024
ETHUSDT,2021-01-21,0.0,0.0,1.0,0.0
ETHUSDT,2021-01-22,0.0,1.0,0.0,0.0
ETHUSDT,2021-01-23,0.0,0.0,1.0,0.0
ETHUSDT,2021-01-24,0.0001,0.9999,0.0,0.0001
ETHUSDT,2021-01-25,0.0,1.0,0.0,0.0
ETHUSDT,2021-01-26,0.0,0.0,1.0,0.0
ETHUSDT,2021-01-27,0.0,0.0,1.0,0.0
ETHUSDT,2021-01-28,0.0012,0.9988,0.0,0.0012
ETHUSDT,2021-01-29,0.0,1.0,0.0,0.0
ETHUSDT,2021-01-30,0.0,1.0,0.0,0.0
ETHUSDT,2021-01-31,0.0,0.0,1.0,0.0
ETHUSDT,2021-02-01,0.0001,0.9999,0.0,0.0001
ETHUSDT,2021-02-02,0.0012,0.9988,0.0,0.0012
ETHUSDT,2021-02-03,0.4522,0.5478,0.0,0.4522
ETHUSDT,2021-02-04,0.0897,0.9103,0.0,0.0897
ETHUSDT,2021-02-05,0.0641,0.9359,0.0,0.0641
ETHUSDT,2021-02-06,0.031,0.969,0.0,0.031
ETHUSDT,2021-02-07,0.0249,0.9751,0.0,0.0249
ETHUSDT,2021-02-08,0.0284,0.9716,0.0,0.0284
ETHUSDT,2021-02-09,0.0004,0.9996,0.0,0.0004
ETHUSDT,2021-02-10,0.0,1.0,0.0,0.0
ETHUSDT,2021-02-11,0.0,1.0,0.0,0.0
ETHUSDT,2021-02-12,0.0,1.0,0.0,0.0
ETHUSDT,2021-02-13,0.0,1.0,0.0,0.0
ETHUSDT,2021-02-14,0.0001,0.9999,0.0,0.0001
ETHUSDT,2021-02-15,0.0,1.0,0.0,0.0
ETHUSDT,2021-02-16,0.0,1.0,0.0,0.0
ETHUSDT,2021-02-17,0.0,1.0,0.0,0.0
ETHUSDT,2021-02-18,0.0001,0.9999,0.0,0.0001
ETHUSDT,2021-02-19,0.0001,0.9999,0.0,0.0001
ETHUSDT,2021-02-20,0.0001,0.9999,0.0,0.0001
ETHUSDT,2021-02-21,0.0001,0.9999,0.0,0.0001
ETHUSDT,2021-02-22,0.0003,0.9995,0.0001,0.0003
ETHUSDT,2021-02-23,0.0,0.0,1.0,0.0
ETHUSDT,2021-02-24,0.0,0.0,1.0,0.0
ETHUSDT,2021-02-25,0.0,0.0,1.0,0.0
ETHUSDT,2021-02-26,0.0,0.0,1.0,0.0
ETHUSDT,2021-02-27,0.0,0.0,1.0,0.0
ETHUSDT,2021-02-28,0.0,0.0,1.0,0.0
ETHUSDT,2021-03-01,0.0,0.0,1.0,0.0
ETHUSDT,2021-03-02,0.0,0.0,1.0,0.0
ETHUSDT,2021-03-03,0.0,0.0,1.0,0.0
ETHUSDT,2021-03-04,0.0021,0.9979,0.0,0.0021
ETHUSDT,2021-03-05,0.0023,0.9977,0.0,0.0023
ETHUSDT,2021-03-06,0.0531,0.9469,0.0,0.0531
ETHUSDT,2021-03-07,0.383,0.617,0.0,0.383
ETHUSDT,2021-03-08,0.4108,0.5892,0.0,0.4108
ETHUSDT,2021-03-09,0.4627,0.5373,0.0,0.4627
ETHUSDT,2021-03-10,0.1338,0.8662,0.0,0.1338
ETHUSDT,2021-03-11,0.0873,0.9127,0.0,0.0873
ETHUSDT,2021-03-12,0.0252,0.9748,0.0,0.0252
ETHUSDT,2021-03-13,0.0065,0.9935,0.0,0.0065
ETHUSDT,2021-03-14,0.0014,0.9986,0.0,0.0014
ETHUSDT,2021-03-15,0.0,0.0,1.0,0.0
ETHUSDT,2021-03-16,0.0,0.0,1.0,0.0
ETHUSDT,2021-03-17,0.0153,0.9847,0.0,0.0153
ETHUSDT,2021-03-18,0.0,0.0,1.0,0.0
ETHUSDT,2021-03-19,0.0296,0.9704,0.0,0.0296
ETHUSDT,2021-03-20,0.0,0.0,1.0,0.0
ETHUSDT,2021-03-21,0.0,0.0,1.0,0.0
ETHUSDT,2021-03-22,0.0,0.0,1.0,0.0
ETHUSDT,2021-03-23,0.0,0.0,1.0,0.0
ETHUSDT,2021-03-24,0.0,0.0,1.0,0.0
ETHUSDT,2021-03-25,0.0,0.0,1.0,0.0
ETHUSDT,2021-03-26,0.0,0.0,1.0,0.0
ETHUSDT,2021-03-27,0.0,0.0,1.0,0.0
ETHUSDT,2021-03-28,0.0,0.0,1.0,0.0
ETHUSDT,2021-03-29,0.5213,0.4787,0.0,0.5213
ETHUSDT,2021-03-30,0.6041,0.3959,0.0,0.6041
ETHUSDT,2021-03-31,0.9868,0.0132,0.0,0.9868
ETHUSDT,2021-04-01,0.9999,0.0001,0.0,0.9999
ETHUSDT,2021-04-02,1.0,0.0,0.0,1.0
ETHUSDT,2021-04-03,0.9998,0.0002,0.0,0.9998
ETHUSDT,2021-04-04,0.9993,0.0007,0.0,0.9993
ETHUSDT,2021-04-05,0.868,0.132,0.0,0.868
ETHUSDT,2021-04-06,0.5361,0.4639,0.0,0.5361
ETHUSDT,2021-04-07,0.0304,0.9696,0.0,0.0304
ETHUSDT,2021-04-08,0.0163,0.9837,0.0,0.0163
ETHUSDT,2021-04-09,0.0,0.0,1.0,0.0
ETHUSDT,2021-04-10,0.0029,0.9971,0.0,0.0029
ETHUSDT,2021-04-11,0.0004,0.9996,0.0,0.0004
ETHUSDT,2021-04-12,0.0027,0.9973,0.0,0.0027
ETHUSDT,2021-04-13,0.0931,0.9069,0.0,0.0931
ETHUSDT,2021-04-14,0.9677,0.0323,0.0,0.9677
ETHUSDT,2021-04-15,0.9668,0.0332,0.0,0.9668
ETHUSDT,2021-04-16,0.8054,0.1946,0.0,0.8054
ETHUSDT,2021-04-17,0.109,0.891,0.0,0.109
ETHUSDT,2021-04-18,0.0032,0.9968,0.0,0.0032
ETHUSDT,2021-04-19,0.0001,0.9999,0.0,0.0001
ETHUSDT,2021-04-20,0.0005,0.9995,0.0,0.0005
ETHUSDT,2021-04-21,0.0,0.0,1.0,0.0
ETHUSDT,2021-04-22,0.0,0.0,1.0,0.0
ETHUSDT,2021-04-23,0.0,0.0,1.0,0.0
ETHUSDT,2021-04-24,0.0,0.0,1.0,0.0
ETHUSDT,2021-04-25,0.2954,0.7046,0.0,0.2954
ETHUSDT,2021-04-26,0.4653,0.5347,0.0,0.4653
ETHUSDT,2021-04-27,0.5527,0.4473,0.0,0.5527
ETHUSDT,2021-04-28,0.7382,0.2618,0.0,0.7382
ETHUSDT,2021-04-29,0.8482,0.1518,0.0,0.8482
ETHUSDT,2021-04-30,0.9656,0.0344,0.0,0.9656
ETHUSDT,2021-05-01,1.0,0.0,0.0,1.0
ETHUSDT,2021-05-02,1.0,0.0,0.0,1.0
ETHUSDT,2021-05-03,1.0,0.0,0.0,1.0
ETHUSDT,2021-05-04,0.9999,0.0001,0.0,0.9999
ETHUSDT,2021-05-05,1.0,0.0,0.0,1.0
ETHUSDT,2021-05-06,1.0,0.0,0.0,1.0
ETHUSDT,2021-05-07,1.0,0.0,0.0,1.0
ETHUSDT,2021-05-08,1.0,0.0,0.0,1.0
ETHUSDT,2021-05-09,1.0,0.0,0.0,1.0
ETHUSDT,2021-05-10,0.9931,0.0069,0.0,0.9931
ETHUSDT,2021-05-11,0.9956,0.0044,0.0,0.9956
ETHUSDT,2021-05-12,0.0099,0.9901,0.0,0.0099
ETHUSDT,2021-05-13,0.0004,0.9996,0.0,0.0004
ETHUSDT,2021-05-14,0.0059,0.9941,0.0,0.0059
ETHUSDT,2021-05-15,0.0,0.0,1.0,0.0
ETHUSDT,2021-05-16,0.0,0.0,1.0,0.0
ETHUSDT,2021-05-17,0.0,0.0,1.0,0.0
ETHUSDT,2021-05-18,0.0,0.0,1.0,0.0
ETHUSDT,2021-05-19,0.0,0.0,1.0,0.0
ETHUSDT,2021-05-20,0.0,0.0,1.0,0.0
ETHUSDT,2021-05-21,0.0,0.0,1.0,0.0
ETHUSDT,2021-05-22,0.0,0.0,1.0,0.0
ETHUSDT,2021-05-23,0.0,0.0,1.0,0.0
ETHUSDT,2021-05-24,0.0,0.0,1.0,0.0
ETHUSDT,2021-05-25,0.0,0.0,1.0,0.0
ETHUSDT,2021-05-26,0.0,1.0,0.0,0.0
ETHUSDT,2021-05-27,0.0,0.0,1.0,0.0
ETHUSDT,2021-05-28,0.0,0.0,1.0,0.0
ETHUSDT,2021-05-29,0.0,0.0,1.0,0.0
ETHUSDT,2021-05-30,0.0,1.0,0.0,0.0
ETHUSDT,2021-05-31,0.0,1.0,0.0,0.0
ETHUSDT,2021-06-01,0.0,0.0,1.0,0.0
ETHUSDT,2021-06-02,0.0,0.0,1.0,0.0
ETHUSDT,2021-06-03,0.0,1.0,0.0,0.0
ETHUSDT,2021-06-04,0.0,1.0,0.0,0.0
ETHUSDT,2021-06-05,0.0,1.0,0.0,0.0
ETHUSDT,2021-06-06,0.0,1.0,0.0,0.0
ETHUSDT,2021-06-07,0.0,0.0,1.0,0.0
ETHUSDT,2021-06-08,0.0,0.0,1.0,0.0
ETHUSDT,2021-06-09,0.0,0.0,1.0,0.0
ETHUSDT,2021-06-10,0.0,0.0,1.0,0.0
ETHUSDT,2021-06-11,0.0,0.0,1.0,0.0
ETHUSDT,2021-06-12,0.0,0.0,1.0,0.0
ETHUSDT,2021-06-13,0.0,0.0,1.0,0.0
ETHUSDT,2021-06-14,0.0,0.0,1.0,0.0
ETHUSDT,2021-06-15,0.008,0.992,0.0,0.008
ETHUSDT,2021-06-16,0.0,0.0,1.0,0.0
ETHUSDT,2021-06-17,0.0,0.0,1.0,0.0
ETHUSDT,2021-06-18,0.0,0.0,1.0,0.0
ETHUSDT,2021-06-19,0.0,0.0,1.0,0.0
ETHUSDT,2021-06-20,0.0,0.0,1.0,0.0
ETHUSDT,2021-06-21,0.0,0.0,1.0,0.0
ETHUSDT,2021-06-22,0.0,0.0,1.0,0.0
ETHUSDT,2021-06-23,0.0,0.0,1.0,0.0
ETHUSDT,2021-06-24,0.0,0.0,1.0,0.0
ETHUSDT,2021-06-25,0.0,0.0,1.0,0.0
ETHUSDT,2021-06-26,0.0,0.0,1.0,0.0
ETHUSDT,2021-06-27,0.0,0.0,1.0,0.0
ETHUSDT,2021-06-28,0.0018,0.9982,0.0,0.0018
ETHUSDT,2021-06-29,0.0004,0.9996,0.0,0.0004
ETHUSDT,2021-06-30,0.0001,0.9999,0.0,0.0001
ETHUSDT,2021-07-01,0.0,1.0,0.0,0.0
ETHUSDT,2021-07-02,0.0043,0.9957,0.0,0.0043
ETHUSDT,2021-07-03,0.0088,0.9912,0.0,0.0088
ETHUSDT,2021-07-04,0.0027,0.9973,0.0,0.0027
ETHUSDT,2021-07-05,0.0,1.0,0.0,0.0
ETHUSDT,2021-07-06,0.0,1.0,0.0,0.0
ETHUSDT,2021-07-07,0.0,1.0,0.0,0.0
ETHUSDT,2021-07-08,0.0001,0.9999,0.0,0.0001
ETHUSDT,2021-07-09,0.0,0.0,1.0,0.0
ETHUSDT,2021-07-10,0.0,0.0,1.0,0.0
ETHUSDT,2021-07-11,0.0,0.0,1.0,0.0
ETHUSDT,2021-07-12,0.0,0.0,1.0,0.0
ETHUSDT,2021-07-13,0.0,0.0,1.0,0.0
ETHUSDT,2021-07-14,0.0,0.0,1.0,0.0
ETHUSDT,2021-07-15,0.0,0.0,1.0,0.0
ETHUSDT,2021-07-16,0.0,0.0,1.0,0.0
ETHUSDT,2021-07-17,0.0,0.0,1.0,0.0
ETHUSDT,2021-07-18,0.0,0.0,1.0,0.0
ETHUSDT,2021-07-19,0.0,0.0,1.0,0.0
ETHUSDT,2021-07-20,0.0,0.0,1.0,0.0
ETHUSDT,2021-07-21,0.0,0.0,1.0,0.0
ETHUSDT,2021-07-22,0.2338,0.7662,0.0,0.2338
ETHUSDT,2021-07-23,0.3238,0.6762,0.0,0.3238
ETHUSDT,2021-07-24,0.5708,0.4292,0.0,0.5708
ETHUSDT,2021-07-25,0.813,0.187,0.0,0.813
ETHUSDT,2021-07-26,0.9979,0.0021,0.0,0.9979
ETHUSDT,2021-07-27,1.0,0.0,0.0,1.0
ETHUSDT,2021-07-28,0.9991,0.0009,0.0,0.9991
ETHUSDT,2021-07-29,0.9996,0.0004,0.0,0.9996
ETHUSDT,2021-07-30,0.9992,0.0008,0.0,0.9992
ETHUSDT,2021-07-31,0.9991,0.0009,0.0,0.9991
ETHUSDT,2021-08-01,0.9991,0.0009,0.0,0.9991
ETHUSDT,2021-08-02,0.9981,0.0019,0.0,0.9981
ETHUSDT,2021-08-03,0.9921,0.0079,0.0,0.9921
ETHUSDT,2021-08-04,0.9991,0.0009,0.0,0.9991
ETHUSDT,2021-08-05,0.9998,0.0002,0.0,0.9998
ETHUSDT,2021-08-06,0.9998,0.0002,0.0,0.9998
ETHUSDT,2021-08-07,1.0,0.0,0.0,1.0
ETHUSDT,2021-08-08,0.9998,0.0002,0.0,0.9998
ETHUSDT,2021-08-09,1.0,0.0,0.0,1.0
ETHUSDT,2021-08-10,0.9998,0.0002,0.0,0.9998
ETHUSDT,2021-08-11,0.8472,0.1528,0.0,0.8472
ETHUSDT,2021-08-12,0.2304,0.7696,0.0,0.2304
ETHUSDT,2021-08-13,0.1527,0.8473,0.0,0.1527
ETHUSDT,2021-08-14,0.0264,0.9736,0.0,0.0264
ETHUSDT,2021-08-15,0.0261,0.9739,0.0,0.0261
ETHUSDT,2021-08-16,0.0,0.0,1.0,0.0
ETHUSDT,2021-08-17,0.0,0.0,1.0,0.0
ETHUSDT,2021-08-18,0.0,0.0,1.0,0.0
ETHUSDT,2021-08-19,0.0422,0.9578,0.0,0.0422
ETHUSDT,2021-08-20,0.0,0.0,1.0,0.0
ETHUSDT,2021-08-21,0.0,0.0,1.0,0.0
ETHUSDT,2021-08-22,0.0,0.0,1.0,0.0
ETHUSDT,2021-08-23,0.0024,0.9976,0.0,0.0024
ETHUSDT,2021-08-24,0.0003,0.9997,0.0,0.0003
ETHUSDT,2021-08-25,0.0018,0.9982,0.0,0.0018
ETHUSDT,2021-08-26,0.0,0.0,1.0,0.0
ETHUSDT,2021-08-27,0.0,0.0,1.0,0.0
ETHUSDT,2021-08-28,0.0354,0.9639,0.0007,0.0354
ETHUSDT,2021-08-29,0.0,0.0,1.0,0.0
ETHUSDT,2021-08-30,0.0,0.0,1.0,0.0
ETHUSDT,2021-08-31,0.8629,0.1371,0.0,0.8629
ETHUSDT,2021-09-01,0.9807,0.0193,0.0,0.9807
ETHUSDT,2021-09-02,0.9996,0.0004,0.0,0.9996
ETHUSDT,2021-09-03,0.9999,0.0001,0.0,0.9999
ETHUSDT,2021-09-04,0.9999,0.0001,0.0,0.9999
ETHUSDT,2021-09-05,1.0,0.0,0.0,1.0
ETHUSDT,2021-09-06,0.9993,0.0007,0.0,0.9993
ETHUSDT,2021-09-07,0.0,0.0,1.0,0.0
ETHUSDT,2021-09-08,0.0,0.0,1.0,0.0
ETHUSDT,2021-09-09,0.0,0.0,1.0,0.0
ETHUSDT,2021-09-10,0.0,0.0,1.0,0.0
ETHUSDT,2021-09-11,0.0,0.0,1.0,0.0
ETHUSDT,2021-09-12,0.0,0.0,1.0,0.0
ETHUSDT,2021-09-13,0.0,0.0,1.0,0.0
ETHUSDT,2021-09-14,0.0007,0.9992,0.0001,0.0007
ETHUSDT,2021-09-15,0.0,1.0,0.0,0.0
ETHUSDT,2021-09-16,0.0,1.0,0.0,0.0
ETHUSDT,2021-09-17,0.0,1.0,0.0,0.0
ETHUSDT,2021-09-18,0.0005,0.9995,0.0,0.0005
ETHUSDT,2021-09-19,0.0,0.0,1.0,0.0
ETHUSDT,2021-09-20,0.0,0.0,1.0,0.0
ETHUSDT,2021-09-21,0.0,0.0,1.0,0.0
ETHUSDT,2021-09-22,0.0,0.0,1.0,0.0
ETHUSDT,2021-09-23,0.0,0.0,1.0,0.0
ETHUSDT,2021-09-24,0.0,0.0,1.0,0.0
ETHUSDT,2021-09-25,0.0,0.0,1.0,0.0
ETHUSDT,2021-09-26,0.0,0.0,1.0,0.0
ETHUSDT,2021-09-27,0.0,0.0,1.0,0.0
ETHUSDT,2021-09-28,0.0117,0.9883,0.0,0.0117
ETHUSDT,2021-09-29,0.0,0.0,1.0,0.0
ETHUSDT,2021-09-30,0.0,0.0,1.0,0.0
ETHUSDT,2021-10-01,0.0213,0.9787,0.0,0.0213
ETHUSDT,2021-10-02,0.02,0.98,0.0,0.02
ETHUSDT,2021-10-03,0.0292,0.9708,0.0,0.0292
ETHUSDT,2021-10-04,0.2232,0.7768,0.0,0.2232
ETHUSDT,2021-10-05,0.9739,0.0261,0.0,0.9739
ETHUSDT,2021-10-06,0.9803,0.0197,0.0,0.9803
ETHUSDT,2021-10-07,0.7235,0.2765,0.0,0.7235
ETHUSDT,2021-10-08,0.0183,0.9817,0.0,0.0183
ETHUSDT,2021-10-09,0.0003,0.9997,0.0,0.0003
ETHUSDT,2021-10-10,0.0,1.0,0.0,0.0
ETHUSDT,2021-10-11,0.0006,0.9994,0.0,0.0006
ETHUSDT,2021-10-12,0.0,0.0,1.0,0.0
ETHUSDT,2021-10-13,0.0019,0.9981,0.0,0.0019
ETHUSDT,2021-10-14,0.0002,0.9998,0.0,0.0002
ETHUSDT,2021-10-15,0.0003,0.9997,0.0,0.0003
ETHUSDT,2021-10-16,0.0003,0.9997,0.0,0.0003
ETHUSDT,2021-10-17,0.0011,0.9989,0.0,0.0011
ETHUSDT,2021-10-18,0.0005,0.9995,0.0,0.0005
ETHUSDT,2021-10-19,0.0025,0.9975,0.0,0.0025
ETHUSDT,2021-10-20,0.0051,0.9949,0.0,0.0051
ETHUSDT,2021-10-21,0.0007,0.9993,0.0,0.0007
ETHUSDT,2021-10-22,0.0001,0.9999,0.0,0.0001
ETHUSDT,2021-10-23,0.0005,0.9995,0.0,0.0005
ETHUSDT,2021-10-24,0.0007,0.9993,0.0,0.0007
ETHUSDT,2021-10-25,0.0042,0.9958,0.0,0.0042
ETHUSDT,2021-10-26,0.006,0.994,0.0,0.006
ETHUSDT,2021-10-27,0.0,0.0,1.0,0.0
ETHUSDT,2021-10-28,0.0062,0.9938,0.0,0.0062
ETHUSDT,2021-10-29,0.0021,0.9979,0.0,0.0021
ETHUSDT,2021-10-30,0.0002,0.9998,0.0,0.0002
ETHUSDT,2021-10-31,0.0001,0.9999,0.0,0.0001
ETHUSDT,2021-11-01,0.0002,0.9998,0.0,0.0002
ETHUSDT,2021-11-02,0.0028,0.9972,0.0,0.0028
ETHUSDT,2021-11-03,0.0089,0.9911,0.0,0.0089
ETHUSDT,2021-11-04,0.0008,0.9992,0.0,0.0008
ETHUSDT,2021-11-05,0.0001,0.9999,0.0,0.0001
ETHUSDT,2021-11-06,0.0001,0.9999,0.0,0.0001
ETHUSDT,2021-11-07,0.0002,0.9998,0.0,0.0002
ETHUSDT,2021-11-08,0.0005,0.9995,0.0,0.0005
ETHUSDT,2021-11-09,0.0001,0.9999,0.0,0.0001
ETHUSDT,2021-11-10,0.0,1.0,0.0,0.0
ETHUSDT,2021-11-11,0.0001,0.9999,0.0,0.0001
ETHUSDT,2021-11-12,0.0001,0.9999,0.0,0.0001
ETHUSDT,2021-11-13,0.0001,0.9999,0.0,0.0001
ETHUSDT,2021-11-14,0.0009,0.9988,0.0003,0.0009
ETHUSDT,2021-11-15,0.0,0.0,1.0,0.0
ETHUSDT,2021-11-16,0.0,0.0,1.0,0.0
ETHUSDT,2021-11-17,0.0,0.0,1.0,0.0
ETHUSDT,2021-11-18,0.0,0.0,1.0,0.0
ETHUSDT,2021-11-19,0.0,0.0,1.0,0.0
ETHUSDT,2021-11-20,0.0,0.0,1.0,0.0
ETHUSDT,2021-11-21,0.0,0.0,1.0,0.0
ETHUSDT,2021-11-22,0.0,0.0,1.0,0.0
ETHUSDT,2021-11-23,0.0549,0.9451,0.0,0.0549
ETHUSDT,2021-11-24,0.0,0.0,1.0,0.0
ETHUSDT,2021-11-25,0.116,0.884,0.0,0.116
ETHUSDT,2021-11-26,0.0,0.0,1.0,0.0
ETHUSDT,2021-11-27,0.0,0.0,1.0,0.0
ETHUSDT,2021-11-28,0.0018,0.9982,0.0,0.0018
ETHUSDT,2021-11-29,0.0004,0.9996,0.0,0.0004
ETHUSDT,2021-11-30,0.0001,0.9999,0.0,0.0001
ETHUSDT,2021-12-01,0.0001,0.9999,0.0,0.0001
ETHUSDT,2021-12-02,0.0001,0.9999,0.0,0.0001
ETHUSDT,2021-12-03,0.0001,0.9999,0.0,0.0001
ETHUSDT,2021-12-04,0.0005,0.9995,0.0,0.0005
ETHUSDT,2021-12-05,0.0,0.0,1.0,0.0
ETHUSDT,2021-12-06,0.0,0.0,1.0,0.0
ETHUSDT,2021-12-07,0.0,0.0,1.0,0.0
ETHUSDT,2021-12-08,0.0,0.0,1.0,0.0
ETHUSDT,2021-12-09,0.0,0.0,1.0,0.0
ETHUSDT,2021-12-10,0.0,0.0,1.0,0.0
ETHUSDT,2021-12-11,0.0,0.0,1.0,0.0
ETHUSDT,2021-12-12,0.0,0.0,1.0,0.0
ETHUSDT,2021-12-13,0.0,0.0,1.0,0.0
ETHUSDT,2021-12-14,0.0,0.0,1.0,0.0
ETHUSDT,2021-12-15,0.0,0.0,1.0,0.0
ETHUSDT,2021-12-16,0.0,0.0,1.0,0.0
ETHUSDT,2021-12-17,0.0,0.0,1.0,0.0
ETHUSDT,2021-12-18,0.0,0.0,1.0,0.0
ETHUSDT,2021-12-19,0.0,0.0,1.0,0.0
ETHUSDT,2021-12-20,0.0077,0.9923,0.0,0.0077
ETHUSDT,2021-12-21,0.0074,0.9926,0.0,0.0074
ETHUSDT,2021-12-22,0.0,0.0,1.0,0.0
ETHUSDT,2021-12-23,0.0026,0.9974,0.0,0.0026
ETHUSDT,2021-12-24,0.0002,0.9998,0.0,0.0002
ETHUSDT,2021-12-25,0.0001,0.9999,0.0,0.0001
ETHUSDT,2021-12-26,0.0001,0.9999,0.0,0.0001
ETHUSDT,2021-12-27,0.0011,0.9989,0.0,0.0011
ETHUSDT,2021-12-28,0.0,0.0,1.0,0.0
ETHUSDT,2021-12-29,0.0,0.0,1.0,0.0
ETHUSDT,2021-12-30,0.0,0.0,1.0,0.0
ETHUSDT,2021-12-31,0.0,0.0,1.0,0.0
ETHUSDT,2022-01-01,0.0,0.0,1.0,0.0
ETHUSDT,2022-01-02,0.0,0.0,1.0,0.0
ETHUSDT,2022-01-03,0.0,0.0,1.0,0.0
ETHUSDT,2022-01-04,0.0,0.0,1.0,0.0
ETHUSDT,2022-01-05,0.0,0.0,1.0,0.0
ETHUSDT,2022-01-06,0.0,0.0,1.0,0.0
ETHUSDT,2022-01-07,0.0,0.0,1.0,0.0
ETHUSDT,2022-01-08,0.0,0.0,1.0,0.0
ETHUSDT,2022-01-09,0.0,0.0,1.0,0.0
ETHUSDT,2022-01-10,0.0,0.0,1.0,0.0
ETHUSDT,2022-01-11,0.0,0.0,1.0,0.0
ETHUSDT,2022-01-12,0.0,0.0,1.0,0.0
ETHUSDT,2022-01-13,0.0,0.0,1.0,0.0
ETHUSDT,2022-01-14,0.0041,0.9959,0.0,0.0041
ETHUSDT,2022-01-15,0.0008,0.9992,0.0,0.0008
ETHUSDT,2022-01-16,0.0004,0.9996,0.0,0.0004
ETHUSDT,2022-01-17,0.0016,0.9984,0.0,0.0016
ETHUSDT,2022-01-18,0.0,0.0,1.0,0.0
ETHUSDT,2022-01-19,0.0,0.0,1.0,0.0
ETHUSDT,2022-01-20,0.0,0.0,1.0,0.0
ETHUSDT,2022-01-21,0.0,0.0,1.0,0.0
ETHUSDT,2022-01-22,0.0,0.0,1.0,0.0
ETHUSDT,2022-01-23,0.0,0.0,1.0,0.0
ETHUSDT,2022-01-24,0.0,0.0,1.0,0.0
ETHUSDT,2022-01-25,0.0,0.0,1.0,0.0
ETHUSDT,2022-01-26,0.0,0.0,1.0,0.0
ETHUSDT,2022-01-27,0.0,0.0,1.0,0.0
ETHUSDT,2022-01-28,0.0,0.0,1.0,0.0
ETHUSDT,2022-01-29,0.0042,0.9958,0.0,0.0042
ETHUSDT,2022-01-30,0.0001,0.9999,0.0,0.0001
ETHUSDT,2022-01-31,0.0003,0.9997,0.0,0.0003
ETHUSDT,2022-02-01,0.0009,0.9991,0.0,0.0009
ETHUSDT,2022-02-02,0.0007,0.9993,0.0,0.0007
ETHUSDT,2022-02-03,0.004,0.996,0.0,0.004
ETHUSDT,2022-02-04,0.023,0.977,0.0,0.023
ETHUSDT,2022-02-05,0.0359,0.9641,0.0,0.0359
ETHUSDT,2022-02-06,0.0527,0.9473,0.0,0.0527
ETHUSDT,2022-02-07,0.0608,0.9392,0.0,0.0608
ETHUSDT,2022-02-08,0.0649,0.9351,0.0,0.0649
ETHUSDT,2022-02-09,0.1404,0.8596,0.0,0.1404
ETHUSDT,2022-02-10,0.1327,0.8673,0.0,0.1327
ETHUSDT,2022-02-11,0.0,0.0,1.0,0.0
ETHUSDT,2022-02-12,0.0,0.0,1.0,0.0
ETHUSDT,2022-02-13,0.0,0.0,1.0,0.0
ETHUSDT,2022-02-14,0.0,0.0,1.0,0.0
ETHUSDT,2022-02-15,0.0397,0.9603,0.0,0.0397
ETHUSDT,2022-02-16,0.0,0.0,1.0,0.0
ETHUSDT,2022-02-17,0.0,0.0,1.0,0.0
ETHUSDT,2022-02-18,0.0,0.0,1.0,0.0
ETHUSDT,2022-02-19,0.0,0.0,1.0,0.0
ETHUSDT,2022-02-20,0.0,0.0,1.0,0.0
ETHUSDT,2022-02-21,0.0,0.0,1.0,0.0
ETHUSDT,2022-02-22,0.0,0.0,1.0,0.0
ETHUSDT,2022-02-23,0.0,0.0,1.0,0.0
ETHUSDT,2022-02-24,0.0,0.0,1.0,0.0
ETHUSDT,2022-02-25,0.0,0.0,1.0,0.0
ETHUSDT,2022-02-26,0.0366,0.963,0.0004,0.0366
ETHUSDT,2022-02-27,0.0,0.0,1.0,0.0
ETHUSDT,2022-02-28,0.0352,0.9648,0.0,0.0352
ETHUSDT,2022-03-01,0.0139,0.9861,0.0,0.0139
ETHUSDT,2022-03-02,0.0094,0.9906,0.0,0.0094
ETHUSDT,2022-03-03,0.0081,0.9919,0.0,0.0081
ETHUSDT,2022-03-04,0.0,0.0,1.0,0.0
ETHUSDT,2022-03-05,0.0,0.0,1.0,0.0
ETHUSDT,2022-03-06,0.0,0.0,1.0,0.0
ETHUSDT,2022-03-07,0.0,0.0,1.0,0.0
ETHUSDT,2022-03-08,0.0,0.0,1.0,0.0
ETHUSDT,2022-03-09,0.0,0.0,1.0,0.0
ETHUSDT,2022-03-10,0.0,0.0,1.0,0.0
ETHUSDT,2022-03-11,0.0,0.0,1.0,0.0
ETHUSDT,2022-03-12,0.0,0.0,1.0,0.0
ETHUSDT,2022-03-13,0.0,0.0,1.0,0.0
ETHUSDT,2022-03-14,0.0018,0.9982,0.0,0.0018
ETHUSDT,2022-03-15,0.0001,0.9999,0.0,0.0001
ETHUSDT,2022-03-16,0.0,1.0,0.0,0.0
ETHUSDT,2022-03-17,0.0003,0.9997,0.0,0.0003
ETHUSDT,2022-03-18,0.0033,0.9967,0.0,0.0033
ETHUSDT,2022-03-19,0.0041,0.9959,0.0,0.0041
ETHUSDT,2022-03-20,0.0039,0.9961,0.0,0.0039
ETHUSDT,2022-03-21,0.0036,0.9964,0.0,0.0036
ETHUSDT,2022-03-22,0.0036,0.9964,0.0,0.0036
ETHUSDT,2022-03-23,0.0013,0.9987,0.0,0.0013
ETHUSDT,2022-03-24,0.0012,0.9988,0.0,0.0012
ETHUSDT,2022-03-25,0.0014,0.9986,0.0,0.0014
ETHUSDT,2022-03-26,0.0093,0.9907,0.0,0.0093
ETHUSDT,2022-03-27,0.0689,0.9311,0.0,0.0689
ETHUSDT,2022-03-28,0.0838,0.9162,0.0,0.0838
ETHUSDT,2022-03-29,0.0735,0.9265,0.0,0.0735
ETHUSDT,2022-03-30,0.0364,0.9636,0.0,0.0364
ETHUSDT,2022-03-31,0.0066,0.9934,0.0,0.0066
ETHUSDT,2022-04-01,0.004,0.996,0.0,0.004
ETHUSDT,2022-04-02,0.0017,0.9983,0.0,0.0017
ETHUSDT,2022-04-03,0.0005,0.9995,0.0,0.0005
ETHUSDT,2022-04-04,0.0003,0.9997,0.0,0.0003
ETHUSDT,2022-04-05,0.0012,0.9986,0.0002,0.0012
ETHUSDT,2022-04-06,0.0,0.0,1.0,0.0
ETHUSDT,2022-04-07,0.0,0.0,1.0,0.0
ETHUSDT,2022-04-08,0.0,0.0,1.0,0.0
ETHUSDT,2022-04-09,0.0,0.0,1.0,0.0
ETHUSDT,2022-04-10,0.0,0.0,1.0,0.0
ETHUSDT,2022-04-11,0.0,0.0,1.0,0.0
ETHUSDT,2022-04-12,0.0,0.0,1.0,0.0
ETHUSDT,2022-04-13,0.0,0.0,1.0,0.0
ETHUSDT,2022-04-14,0.0,0.0,1.0,0.0
ETHUSDT,2022-04-15,0.0,0.0,1.0,0.0
ETHUSDT,2022-04-16,0.0,0.0,1.0,0.0
ETHUSDT,2022-04-17,0.0,0.0,1.0,0.0
ETHUSDT,2022-04-18,0.0068,0.9932,0.0,0.0068
ETHUSDT,2022-04-19,0.0048,0.9952,0.0,0.0048
ETHUSDT,2022-04-20,0.0,0.0,1.0,0.0
ETHUSDT,2022-04-21,0.0,0.0,1.0,0.0
ETHUSDT,2022-04-22,0.0,0.0,1.0,0.0
ETHUSDT,2022-04-23,0.0,0.0,1.0,0.0
ETHUSDT,2022-04-24,0.0,0.0,1.0,0.0
ETHUSDT,2022-04-25,0.0,0.0,1.0,0.0
ETHUSDT,2022-04-26,0.0,0.0,1.0,0.0
ETHUSDT,2022-04-27,0.0,0.0,1.0,0.0
ETHUSDT,2022-04-28,0.0,0.0,1.0,0.0
ETHUSDT,2022-04-29,0.0,0.0,1.0,0.0
ETHUSDT,2022-04-30,0.0,0.0,1.0,0.0
ETHUSDT,2022-05-01,0.0,0.0,1.0,0.0
ETHUSDT,2022-05-02,0.0,0.0,1.0,0.0
ETHUSDT,2022-05-03,0.0,0.0,1.0,0.0
ETHUSDT,2022-05-04,0.0615,0.9385,0.0,0.0615
ETHUSDT,2022-05-05,0.0,0.0,1.0,0.0
ETHUSDT,2022-05-06,0.0,0.0,1.0,0.0
ETHUSDT,2022-05-07,0.0,0.0,1.0,0.0
ETHUSDT,2022-05-08,0.0,0.0,1.0,0.0
ETHUSDT,2022-05-09,0.0,0.0,1.0,0.0
ETHUSDT,2022-05-10,0.0,0.0,1.0,0.0
ETHUSDT,2022-05-11,0.0,0.0,1.0,0.0
ETHUSDT,2022-05-12,0.0,0.0,1.0,0.0
ETHUSDT,2022-05-13,0.0,0.0,1.0,0.0
ETHUSDT,2022-05-14,0.0,0.0,1.0,0.0
ETHUSDT,2022-05-15,0.0,0.0,1.0,0.0
ETHUSDT,2022-05-16,0.0,0.0,1.0,0.0
ETHUSDT,2022-05-17,0.0,0.0,1.0,0.0
ETHUSDT,2022-05-18,0.0,0.0,1.0,0.0
ETHUSDT,2022-05-19,0.0137,0.9863,0.0,0.0137
ETHUSDT,2022-05-20,0.0,0.0,1.0,0.0
ETHUSDT,2022-05-21,0.0,0.0,1.0,0.0
ETHUSDT,2022-05-22,0.0,0.0,1.0,0.0
ETHUSDT,2022-05-23,0.0,0.0,1.0,0.0
ETHUSDT,2022-05-24,0.0,0.0,1.0,0.0
ETHUSDT,2022-05-25,0.0156,0.9844,0.0,0.0156
ETHUSDT,2022-05-26,0.0,0.0,1.0,0.0
ETHUSDT,2022-05-27,0.0,0.0,1.0,0.0
ETHUSDT,2022-05-28,0.0,0.0,1.0,0.0
ETHUSDT,2022-05-29,0.0,0.0,1.0,0.0
ETHUSDT,2022-05-30,0.0106,0.9894,0.0,0.0106
ETHUSDT,2022-05-31,0.0,0.0,1.0,0.0
ETHUSDT,2022-06-01,0.0,0.0,1.0,0.0
ETHUSDT,2022-06-02,0.0011,0.9989,0.0,0.0011
ETHUSDT,2022-06-03,0.0001,0.9999,0.0,0.0001
ETHUSDT,2022-06-04,0.0005,0.9995,0.0,0.0005
ETHUSDT,2022-06-05,0.0,0.0,1.0,0.0
ETHUSDT,2022-06-06,0.0,0.0,1.0,0.0
ETHUSDT,2022-06-07,0.0,0.0,1.0,0.0
ETHUSDT,2022-06-08,0.0,0.0,1.0,0.0
ETHUSDT,2022-06-09,0.0,0.0,1.0,0.0
ETHUSDT,2022-06-10,0.0,0.0,1.0,0.0
ETHUSDT,2022-06-11,0.0,0.0,1.0,0.0
ETHUSDT,2022-06-12,0.0,0.0,1.0,0.0
ETHUSDT,2022-06-13,0.0,0.0,1.0,0.0
ETHUSDT,2022-06-14,0.0,0.0,1.0,0.0
ETHUSDT,2022-06-15,0.0,0.0,1.0,0.0
ETHUSDT,2022-06-16,0.0,0.0,1.0,0.0
ETHUSDT,2022-06-17,0.0,0.0,1.0,0.0
ETHUSDT,2022-06-18,0.0,0.0,1.0,0.0
ETHUSDT,2022-06-19,0.0,0.0,1.0,0.0
ETHUSDT,2022-06-20,0.0,0.0,1.0,0.0
ETHUSDT,2022-06-21,0.0,0.0,1.0,0.0
ETHUSDT,2022-06-22,0.0,0.0,1.0,0.0
ETHUSDT,2022-06-23,0.0002,0.9998,0.0,0.0002
ETHUSDT,2022-06-24,0.0001,0.9999,0.0,0.0001
ETHUSDT,2022-06-25,0.0055,0.9945,0.0,0.0055
ETHUSDT,2022-06-26,0.0,1.0,0.0,0.0
ETHUSDT,2022-06-27,0.0,1.0,0.0,0.0
ETHUSDT,2022-06-28,0.0,1.0,0.0,0.0
ETHUSDT,2022-06-29,0.0,1.0,0.0,0.0
ETHUSDT,2022-06-30,0.0,0.0,1.0,0.0
ETHUSDT,2022-07-01,0.0,0.0,1.0,0.0
ETHUSDT,2022-07-02,0.0,0.0,1.0,0.0
ETHUSDT,2022-07-03,0.0,0.0,1.0,0.0
ETHUSDT,2022-07-04,0.0,0.0,1.0,0.0
ETHUSDT,2022-07-05,0.0,0.0,1.0,0.0
ETHUSDT,2022-07-06,0.0014,0.9986,0.0,0.0014
ETHUSDT,2022-07-07,0.002,0.998,0.0,0.002
ETHUSDT,2022-07-08,0.0022,0.9978,0.0,0.0022
ETHUSDT,2022-07-09,0.0031,0.9969,0.0,0.0031
ETHUSDT,2022-07-10,0.0053,0.9947,0.0,0.0053
ETHUSDT,2022-07-11,0.0,0.0,1.0,0.0
ETHUSDT,2022-07-12,0.0,0.0,1.0,0.0
ETHUSDT,2022-07-13,0.0,0.0,1.0,0.0
ETHUSDT,2022-07-14,0.0,0.0,1.0,0.0
ETHUSDT,2022-07-15,0.0838,0.9162,0.0,0.0838
ETHUSDT,2022-07-16,0.1433,0.8567,0.0,0.1433
ETHUSDT,2022-07-17,0.5018,0.4982,0.0,0.5018
ETHUSDT,2022-07-18,1.0,0.0,0.0,1.0
ETHUSDT,2022-07-19,1.0,0.0,0.0,1.0
ETHUSDT,2022-07-20,1.0,0.0,0.0,1.0
ETHUSDT,2022-07-21,1.0,0.0,0.0,1.0
ETHUSDT,2022-07-22,0.9972,0.0028,0.0,0.9972
ETHUSDT,2022-07-23,0.8665,0.1335,0.0,0.8665
ETHUSDT,2022-07-24,0.8514,0.1486,0.0,0.8514
ETHUSDT,2022-07-25,0.0,0.0,1.0,0.0
ETHUSDT,2022-07-26,0.0,0.0,1.0,0.0
ETHUSDT,2022-07-27,0.0002,0.9998,0.0,0.0002
ETHUSDT,2022-07-28,0.0,1.0,0.0,0.0
ETHUSDT,2022-07-29,0.0,1.0,0.0,0.0
ETHUSDT,2022-07-30,0.0,1.0,0.0,0.0
ETHUSDT,2022-07-31,0.0,1.0,0.0,0.0
ETHUSDT,2022-08-01,0.0001,0.9999,0.0,0.0001
ETHUSDT,2022-08-02,0.0012,0.9988,0.0,0.0012
ETHUSDT,2022-08-03,0.0,0.0,1.0,0.0
ETHUSDT,2022-08-04,0.0,0.0,1.0,0.0
ETHUSDT,2022-08-05,0.0032,0.9957,0.0011,0.0032
ETHUSDT,2022-08-06,0.0,0.0,1.0,0.0
ETHUSDT,2022-08-07,0.0002,0.9998,0.0,0.0002
ETHUSDT,2022-08-08,0.0001,0.9999,0.0,0.0001
ETHUSDT,2022-08-09,0.0001,0.9999,0.0,0.0001
ETHUSDT,2022-08-10,0.0017,0.9983,0.0,0.0017
ETHUSDT,2022-08-11,0.0041,0.9959,0.0,0.0041
ETHUSDT,2022-08-12,0.0027,0.9973,0.0,0.0027
ETHUSDT,2022-08-13,0.0044,0.9956,0.0,0.0044
ETHUSDT,2022-08-14,0.0019,0.9981,0.0,0.0019
ETHUSDT,2022-08-15,0.0007,0.9993,0.0,0.0007
ETHUSDT,2022-08-16,0.0042,0.9958,0.0,0.0042
ETHUSDT,2022-08-17,0.0,0.0,1.0,0.0
ETHUSDT,2022-08-18,0.0,0.0,1.0,0.0
ETHUSDT,2022-08-19,0.0,0.0,1.0,0.0
ETHUSDT,2022-08-20,0.0,0.0,1.0,0.0
ETHUSDT,2022-08-21,0.0,0.0,1.0,0.0
ETHUSDT,2022-08-22,0.0,0.0,1.0,0.0
ETHUSDT,2022-08-23,0.0,0.0,1.0,0.0
ETHUSDT,2022-08-24,0.0,0.0,1.0,0.0
ETHUSDT,2022-08-25,0.0,0.0,1.0,0.0
ETHUSDT,2022-08-26,0.0,0.0,1.0,0.0
ETHUSDT,2022-08-27,0.0,0.0,1.0,0.0
ETHUSDT,2022-08-28,0.0,0.0,1.0,0.0
ETHUSDT,2022-08-29,0.0,0.0,1.0,0.0
ETHUSDT,2022-08-30,0.0,0.0,1.0,0.0
ETHUSDT,2022-08-31,0.0,0.0,1.0,0.0
ETHUSDT,2022-09-01,0.0,0.0,1.0,0.0
ETHUSDT,2022-09-02,0.002,0.998,0.0,0.002
ETHUSDT,2022-09-03,0.0001,0.9999,0.0,0.0001
ETHUSDT,2022-09-04,0.0002,0.9998,0.0,0.0002
ETHUSDT,2022-09-05,0.0,1.0,0.0,0.0
ETHUSDT,2022-09-06,0.0,1.0,0.0,0.0
ETHUSDT,2022-09-07,0.0,1.0,0.0,0.0
ETHUSDT,2022-09-08,0.0,1.0,0.0,0.0
ETHUSDT,2022-09-09,0.0004,0.9996,0.0,0.0004
ETHUSDT,2022-09-10,0.0019,0.9981,0.0,0.0019
ETHUSDT,2022-09-11,0.001,0.999,0.0,0.001
ETHUSDT,2022-09-12,0.0001,0.9999,0.0,0.0001
ETHUSDT,2022-09-13,0.0,1.0,0.0,0.0
ETHUSDT,2022-09-14,0.0005,0.9994,0.0001,0.0005
ETHUSDT,2022-09-15,0.0,0.0,1.0,0.0
ETHUSDT,2022-09-16,0.0,0.0,1.0,0.0
ETHUSDT,2022-09-17,0.0,0.0,1.0,0.0
ETHUSDT,2022-09-18,0.0,0.0,1.0,0.0
ETHUSDT,2022-09-19,0.0,0.0,1.0,0.0
ETHUSDT,2022-09-20,0.0,0.0,1.0,0.0
ETHUSDT,2022-09-21,0.0,0.0,1.0,0.0
ETHUSDT,2022-09-22,0.0,0.0,1.0,0.0
ETHUSDT,2022-09-23,0.0,0.0,1.0,0.0
ETHUSDT,2022-09-24,0.0,0.0,1.0,0.0
ETHUSDT,2022-09-25,0.0,0.0,1.0,0.0
ETHUSDT,2022-09-26,0.0,0.0,1.0,0.0
ETHUSDT,2022-09-27,0.0011,0.9989,0.0,0.0011
ETHUSDT,2022-09-28,0.0002,0.9998,0.0,0.0002
ETHUSDT,2022-09-29,0.0005,0.9995,0.0,0.0005
ETHUSDT,2022-09-30,0.0,0.0,1.0,0.0
ETHUSDT,2022-10-01,0.0,0.0,1.0,0.0
ETHUSDT,2022-10-02,0.0,0.0,1.0,0.0
ETHUSDT,2022-10-03,0.0,0.0,1.0,0.0
ETHUSDT,2022-10-04,0.002,0.998,0.0,0.002
ETHUSDT,2022-10-05,0.0001,0.9999,0.0,0.0001
ETHUSDT,2022-10-06,0.0,1.0,0.0,0.0
ETHUSDT,2022-10-07,0.0,1.0,0.0,0.0
ETHUSDT,2022-10-08,0.0001,0.9999,0.0,0.0001
ETHUSDT,2022-10-09,0.0018,0.9982,0.0,0.0018
ETHUSDT,2022-10-10,0.0,0.0,1.0,0.0
ETHUSDT,2022-10-11,0.0,0.0,1.0,0.0
ETHUSDT,2022-10-12,0.0,0.0,1.0,0.0
ETHUSDT,2022-10-13,0.0,0.0,1.0,0.0
ETHUSDT,2022-10-14,0.0,0.0,1.0,0.0
ETHUSDT,2022-10-15,0.0,0.0,1.0,0.0
ETHUSDT,2022-10-16,0.0,0.0,1.0,0.0
ETHUSDT,2022-10-17,0.0085,0.9915,0.0,0.0085
ETHUSDT,2022-10-18,0.0059,0.9941,0.0,0.0059
ETHUSDT,2022-10-19,0.0,0.0,1.0,0.0
ETHUSDT,2022-10-20,0.0,0.0,1.0,0.0
ETHUSDT,2022-10-21,0.003,0.9968,0.0003,0.003
ETHUSDT,2022-10-22,0.0006,0.9994,0.0,0.0006
ETHUSDT,2022-10-23,0.002,0.998,0.0,0.002
ETHUSDT,2022-10-24,0.0202,0.9798,0.0,0.0202
ETHUSDT,2022-10-25,0.4337,0.5663,0.0,0.4337
ETHUSDT,2022-10-26,0.9954,0.0046,0.0,0.9954
ETHUSDT,2022-10-27,0.9996,0.0004,0.0,0.9996
ETHUSDT,2022-10-28,1.0,0.0,0.0,1.0
ETHUSDT,2022-10-29,1.0,0.0,0.0,1.0
ETHUSDT,2022-10-30,0.9954,0.0046,0.0,0.9954
ETHUSDT,2022-10-31,0.9687,0.0313,0.0,0.9687
ETHUSDT,2022-11-01,0.7792,0.2208,0.0,0.7792
ETHUSDT,2022-11-02,0.0,0.0,1.0,0.0
ETHUSDT,2022-11-03,0.003,0.997,0.0,0.003
ETHUSDT,2022-11-04,0.0005,0.9995,0.0,0.0005
ETHUSDT,2022-11-05,0.0011,0.9989,0.0,0.0011
ETHUSDT,2022-11-06,0.0,0.0,1.0,0.0
ETHUSDT,2022-11-07,0.0,0.0,1.0,0.0
ETHUSDT,2022-11-08,0.0,0.0,1.0,0.0
ETHUSDT,2022-11-09,0.0,0.0,1.0,0.0
ETHUSDT,2022-11-10,0.0,0.0,1.0,0.0
ETHUSDT,2022-11-11,0.0,0.0,1.0,0.0
ETHUSDT,2022-11-12,0.0,0.0,1.0,0.0
ETHUSDT,2022-11-13,0.0,0.0,1.0,0.0
ETHUSDT,2022-11-14,0.0,0.0,1.0,0.0
ETHUSDT,2022-11-15,0.0,0.0,1.0,0.0
ETHUSDT,2022-11-16,0.0053,0.9947,0.0,0.0053
ETHUSDT,2022-11-17,0.0,0.0,1.0,0.0
ETHUSDT,2022-11-18,0.0,0.0,1.0,0.0
ETHUSDT,2022-11-19,0.0,0.0,1.0,0.0
ETHUSDT,2022-11-20,0.0,0.0,1.0,0.0
ETHUSDT,2022-11-21,0.0,0.0,1.0,0.0
ETHUSDT,2022-11-22,0.0,0.0,1.0,0.0
ETHUSDT,2022-11-23,0.0,0.0,1.0,0.0
ETHUSDT,2022-11-24,0.0007,0.9989,0.0004,0.0007
ETHUSDT,2022-11-25,0.0,0.0,1.0,0.0
ETHUSDT,2022-11-26,0.0,0.0,1.0,0.0
ETHUSDT,2022-11-27,0.0001,0.9999,0.0,0.0001
ETHUSDT,2022-11-28,0.0,1.0,0.0,0.0
ETHUSDT,2022-11-29,0.0,1.0,0.0,0.0
ETHUSDT,2022-11-30,0.0001,0.9999,0.0,0.0001
ETHUSDT,2022-12-01,0.0002,0.9998,0.0,0.0002
ETHUSDT,2022-12-02,0.0003,0.9997,0.0,0.0003
ETHUSDT,2022-12-03,0.0001,0.9999,0.0,0.0001
ETHUSDT,2022-12-04,0.0003,0.9997,0.0,0.0003
ETHUSDT,2022-12-05,0.0006,0.9994,0.0,0.0006
ETHUSDT,2022-12-06,0.0022,0.9978,0.0,0.0022
ETHUSDT,2022-12-07,0.0,0.0,1.0,0.0
ETHUSDT,2022-12-08,0.0499,0.9466,0.0035,0.0499
ETHUSDT,2022-12-09,0.0,0.0,1.0,0.0
ETHUSDT,2022-12-10,0.0593,0.9407,0.0,0.0593
ETHUSDT,2022-12-11,0.0,0.0,1.0,0.0
ETHUSDT,2022-12-12,0.0038,0.9962,0.0,0.0038
ETHUSDT,2022-12-13,0.0011,0.9989,0.0,0.0011
ETHUSDT,2022-12-14,0.0039,0.9961,0.0,0.0039
ETHUSDT,2022-12-15,0.0,0.0,1.0,0.0
ETHUSDT,2022-12-16,0.0,0.0,1.0,0.0
ETHUSDT,2022-12-17,0.0,0.0,1.0,0.0
ETHUSDT,2022-12-18,0.0,0.0,1.0,0.0
ETHUSDT,2022-12-19,0.0,0.0,1.0,0.0
ETHUSDT,2022-12-20,0.0,0.0,1.0,0.0
ETHUSDT,2022-12-21,0.0,0.0,1.0,0.0
ETHUSDT,2022-12-22,0.0,0.0,1.0,0.0
ETHUSDT,2022-12-23,0.0054,0.9946,0.0,0.0054
ETHUSDT,2022-12-24,0.0004,0.9996,0.0,0.0004
ETHUSDT,2022-12-25,0.0003,0.9997,0.0,0.0003
ETHUSDT,2022-12-26,0.0025,0.9975,0.0,0.0025
ETHUSDT,2022-12-27,0.0,0.0,1.0,0.0
ETHUSDT,2022-12-28,0.0,0.0,1.0,0.0
ETHUSDT,2022-12-29,0.0,0.0,1.0,0.0
ETHUSDT,2022-12-30,0.0,0.0,1.0,0.0
ETHUSDT,2022-12-31,0.0,0.0,1.0,0.0
ETHUSDT,2023-01-01,0.0,0.0,1.0,0.0
ETHUSDT,2023-01-02,0.0,0.0,1.0,0.0
ETHUSDT,2023-01-03,0.003,0.9967,0.0003,0.003
ETHUSDT,2023-01-04,0.0005,0.9995,0.0,0.0005
ETHUSDT,2023-01-05,0.0001,0.9999,0.0,0.0001
ETHUSDT,2023-01-06,0.0002,0.9998,0.0,0.0002
ETHUSDT,2023-01-07,0.0005,0.9995,0.0,0.0005
ETHUSDT,2023-01-08,0.0034,0.9966,0.0,0.0034
ETHUSDT,2023-01-09,0.0216,0.9784,0.0,0.0216
ETHUSDT,2023-01-10,0.09,0.91,0.0,0.09
ETHUSDT,2023-01-11,0.2708,0.7292,0.0,0.2708
ETHUSDT,2023-01-12,0.6574,0.3426,0.0,0.6574
ETHUSDT,2023-01-13,0.9011,0.0989,0.0,0.9011
ETHUSDT,2023-01-14,0.9997,0.0003,0.0,0.9997
ETHUSDT,2023-01-15,1.0,0.0,0.0,1.0
ETHUSDT,2023-01-16,0.9986,0.0014,0.0,0.9986
ETHUSDT,2023-01-17,0.9513,0.0487,0.0,0.9513
ETHUSDT,2023-01-18,0.4109,0.5891,0.0,0.4109
ETHUSDT,2023-01-19,0.2367,0.7633,0.0,0.2367
ETHUSDT,2023-01-20,0.1761,0.8239,0.0,0.1761
ETHUSDT,2023-01-21,0.0186,0.9814,0.0,0.0186
ETHUSDT,2023-01-22,0.0037,0.9963,0.0,0.0037
ETHUSDT,2023-01-23,0.0038,0.9962,0.0,0.0038
ETHUSDT,2023-01-24,0.0,0.0,1.0,0.0
ETHUSDT,2023-01-25,0.0186,0.9814,0.0,0.0186
ETHUSDT,2023-01-26,0.0123,0.9877,0.0,0.0123
ETHUSDT,2023-01-27,0.0,0.0,1.0,0.0
ETHUSDT,2023-01-28,0.0,0.0,1.0,0.0
ETHUSDT,2023-01-29,0.0562,0.9438,0.0,0.0562
ETHUSDT,2023-01-30,0.0,0.0,1.0,0.0
ETHUSDT,2023-01-31,0.003,0.997,0.0,0.003
ETHUSDT,2023-02-01,0.0002,0.9998,0.0,0.0002
ETHUSDT,2023-02-02,0.0001,0.9999,0.0,0.0001
ETHUSDT,2023-02-03,0.0003,0.9997,0.0,0.0003
ETHUSDT,2023-02-04,0.0029,0.9971,0.0,0.0029
ETHUSDT,2023-02-05,0.0,0.0,1.0,0.0
ETHUSDT,2023-02-06,0.0045,0.9955,0.0,0.0045
ETHUSDT,2023-02-07,0.0009,0.9991,0.0,0.0009
ETHUSDT,2023-02-08,0.0014,0.9985,0.0,0.0014
ETHUSDT,2023-02-09,0.0,0.0,1.0,0.0
ETHUSDT,2023-02-10,0.0,0.0,1.0,0.0
ETHUSDT,2023-02-11,0.0,0.0,1.0,0.0
ETHUSDT,2023-02-12,0.0,0.0,1.0,0.0
ETHUSDT,2023-02-13,0.0,0.0,1.0,0.0
ETHUSDT,2023-02-14,0.0,0.0,1.0,0.0
ETHUSDT,2023-02-15,0.0034,0.9966,0.0,0.0034
ETHUSDT,2023-02-16,0.001,0.999,0.0,0.001
ETHUSDT,2023-02-17,0.0021,0.9979,0.0,0.0021
ETHUSDT,2023-02-18,0.0024,0.9976,0.0,0.0024
ETHUSDT,2023-02-19,0.0048,0.9952,0.0,0.0048
ETHUSDT,2023-02-20,0.0087,0.9913,0.0,0.0087
ETHUSDT,2023-02-21,0.0094,0.9906,0.0,0.0094
ETHUSDT,2023-02-22,0.0,0.0,1.0,0.0
ETHUSDT,2023-02-23,0.055,0.9447,0.0003,0.055
ETHUSDT,2023-02-24,0.0,0.0,1.0,0.0
ETHUSDT,2023-02-25,0.0,0.0,1.0,0.0
ETHUSDT,2023-02-26,0.0,0.0,1.0,0.0
ETHUSDT,2023-02-27,0.0,0.0,1.0,0.0
ETHUSDT,2023-02-28,0.0,0.0,1.0,0.0
ETHUSDT,2023-03-01,0.0575,0.9425,0.0,0.0575
ETHUSDT,2023-03-02,0.0,0.0,1.0,0.0
ETHUSDT,2023-03-03,0.0,0.0,1.0,0.0
ETHUSDT,2023-03-04,0.0,0.0,1.0,0.0
ETHUSDT,2023-03-05,0.0,0.0,1.0,0.0
ETHUSDT,2023-03-06,0.0,0.0,1.0,0.0
ETHUSDT,2023-03-07,0.0,0.0,1.0,0.0
ETHUSDT,2023-03-08,0.0,0.0,1.0,0.0
ETHUSDT,2023-03-09,0.0,0.0,1.0,0.0
ETHUSDT,2023-03-10,0.0,0.0,1.0,0.0
ETHUSDT,2023-03-11,0.0,0.0,1.0,0.0
ETHUSDT,2023-03-12,0.015,0.985,0.0,0.015
ETHUSDT,2023-03-13,0.0164,0.9836,0.0,0.0164
ETHUSDT,2023-03-14,0.0463,0.9537,0.0,0.0463
ETHUSDT,2023-03-15,0.1672,0.8328,0.0,0.1672
ETHUSDT,2023-03-16,0.8679,0.1321,0.0,0.8679
ETHUSDT,2023-03-17,0.996,0.004,0.0,0.996
ETHUSDT,2023-03-18,0.9597,0.0403,0.0,0.9597
ETHUSDT,2023-03-19,0.4015,0.5985,0.0,0.4015
ETHUSDT,2023-03-20,0.0211,0.9789,0.0,0.0211
ETHUSDT,2023-03-21,0.0022,0.9978,0.0,0.0022
ETHUSDT,2023-03-22,0.0007,0.9993,0.0,0.0007
ETHUSDT,2023-03-23,0.004,0.996,0.0,0.004
ETHUSDT,2023-03-24,0.0,0.0,1.0,0.0
ETHUSDT,2023-03-25,0.0,0.0,1.0,0.0
ETHUSDT,2023-03-26,0.0,0.0,1.0,0.0
ETHUSDT,2023-03-27,0.0,0.0,1.0,0.0
ETHUSDT,2023-03-28,0.0,0.0,1.0,0.0
ETHUSDT,2023-03-29,0.054,0.946,0.0,0.054
ETHUSDT,2023-03-30,0.0,0.0,1.0,0.0
ETHUSDT,2023-03-31,0.004,0.996,0.0,0.004
ETHUSDT,2023-04-01,0.0003,0.9997,0.0,0.0003
ETHUSDT,2023-04-02,0.0001,0.9999,0.0,0.0001
ETHUSDT,2023-04-03,0.0001,0.9999,0.0,0.0001
ETHUSDT,2023-04-04,0.0001,0.9999,0.0,0.0001
ETHUSDT,2023-04-05,0.0002,0.9998,0.0,0.0002
ETHUSDT,2023-04-06,0.0001,0.9999,0.0,0.0001
ETHUSDT,2023-04-07,0.0001,0.9999,0.0,0.0001
ETHUSDT,2023-04-08,0.0001,0.9999,0.0,0.0001
ETHUSDT,2023-04-09,0.0001,0.9999,0.0,0.0001
ETHUSDT,2023-04-10,0.0001,0.9999,0.0,0.0001
ETHUSDT,2023-04-11,0.0001,0.9999,0.0,0.0001
ETHUSDT,2023-04-12,0.0002,0.9998,0.0,0.0002
ETHUSDT,2023-04-13,0.0022,0.9978,0.0,0.0022
ETHUSDT,2023-04-14,0.0122,0.9878,0.0,0.0122
ETHUSDT,2023-04-15,0.0181,0.9819,0.0,0.0181
ETHUSDT,2023-04-16,0.018,0.982,0.0,0.018
ETHUSDT,2023-04-17,0.0076,0.9924,0.0,0.0076
ETHUSDT,2023-04-18,0.0058,0.9942,0.0,0.0058
ETHUSDT,2023-04-19,0.0039,0.9961,0.0,0.0039
ETHUSDT,2023-04-20,0.0,0.0,1.0,0.0
ETHUSDT,2023-04-21,0.0,0.0,1.0,0.0
ETHUSDT,2023-04-22,0.0,0.0,1.0,0.0
ETHUSDT,2023-04-23,0.0,0.0,1.0,0.0
ETHUSDT,2023-04-24,0.0,0.0,1.0,0.0
ETHUSDT,2023-04-25,0.0,0.0,1.0,0.0
ETHUSDT,2023-04-26,0.0,0.0,1.0,0.0
ETHUSDT,2023-04-27,0.0,0.0,1.0,0.0
ETHUSDT,2023-04-28,0.0037,0.9963,0.0,0.0037
ETHUSDT,2023-04-29,0.0004,0.9996,0.0,0.0004
ETHUSDT,2023-04-30,0.0013,0.9987,0.0,0.0013
ETHUSDT,2023-05-01,0.0,0.0,1.0,0.0
ETHUSDT,2023-05-02,0.0054,0.9944,0.0002,0.0054
ETHUSDT,2023-05-03,0.0041,0.9959,0.0,0.0041
ETHUSDT,2023-05-04,0.0,0.0,1.0,0.0
ETHUSDT,2023-05-05,0.1182,0.8818,0.0,0.1182
ETHUSDT,2023-05-06,0.0,0.0,1.0,0.0
ETHUSDT,2023-05-07,0.0,0.0,1.0,0.0
ETHUSDT,2023-05-08,0.055,0.945,0.0,0.055
ETHUSDT,2023-05-09,0.0,0.0,1.0,0.0
ETHUSDT,2023-05-10,0.0,0.0,1.0,0.0
ETHUSDT,2023-05-11,0.0,0.0,1.0,0.0
ETHUSDT,2023-05-12,0.0,0.0,1.0,0.0
ETHUSDT,2023-05-13,0.0,0.0,1.0,0.0
ETHUSDT,2023-05-14,0.0,0.0,1.0,0.0
ETHUSDT,2023-05-15,0.0,0.0,1.0,0.0
ETHUSDT,2023-05-16,0.0,0.0,1.0,0.0
ETHUSDT,2023-05-17,0.0,0.0,1.0,0.0
ETHUSDT,2023-05-18,0.003,0.9968,0.0002,0.003
ETHUSDT,2023-05-19,0.0005,0.9995,0.0,0.0005
ETHUSDT,2023-05-20,0.0022,0.9978,0.0,0.0022
ETHUSDT,2023-05-21,0.0394,0.9603,0.0003,0.0394
ETHUSDT,2023-05-22,0.9036,0.0,0.0964,0.9036
ETHUSDT,2023-05-23,0.4808,0.5192,0.0,0.4808
ETHUSDT,2023-05-24,0.0,0.0,1.0,0.0
ETHUSDT,2023-05-25,0.0028,0.997,0.0002,0.0028
ETHUSDT,2023-05-26,0.0002,0.9998,0.0,0.0002
ETHUSDT,2023-05-27,0.0001,0.9999,0.0,0.0001
ETHUSDT,2023-05-28,0.0001,0.9999,0.0,0.0001
ETHUSDT,2023-05-29,0.0001,0.9999,0.0,0.0001
ETHUSDT,2023-05-30,0.0001,0.9999,0.0,0.0001
ETHUSDT,2023-05-31,0.0001,0.9999,0.0,0.0001
ETHUSDT,2023-06-01,0.0001,0.9999,0.0,0.0001
ETHUSDT,2023-06-02,0.0002,0.9998,0.0,0.0002
ETHUSDT,2023-06-03,0.0016,0.9984,0.0,0.0016
ETHUSDT,2023-06-04,0.0,0.0,1.0,0.0
ETHUSDT,2023-06-05,0.0,0.0,1.0,0.0
ETHUSDT,2023-06-06,0.0,0.0,1.0,0.0
ETHUSDT,2023-06-07,0.0,0.0,1.0,0.0
ETHUSDT,2023-06-08,0.0,0.0,1.0,0.0
ETHUSDT,2023-06-09,0.0,0.0,1.0,0.0
ETHUSDT,2023-06-10,0.0,0.0,1.0,0.0
ETHUSDT,2023-06-11,0.0,0.0,1.0,0.0
ETHUSDT,2023-06-12,0.0,0.0,1.0,0.0
ETHUSDT,2023-06-13,0.0,0.0,1.0,0.0
ETHUSDT,2023-06-14,0.0,0.0,1.0,0.0
ETHUSDT,2023-06-15,0.0,0.0,1.0,0.0
ETHUSDT,2023-06-16,0.0,0.0,1.0,0.0
ETHUSDT,2023-06-17,0.0,0.0,1.0,0.0
ETHUSDT,2023-06-18,0.0,0.0,1.0,0.0
ETHUSDT,2023-06-19,0.0,0.0,1.0,0.0
ETHUSDT,2023-06-20,0.03,0.97,0.0,0.03
ETHUSDT,2023-06-21,0.0331,0.9669,0.0,0.0331
ETHUSDT,2023-06-22,0.0222,0.9778,0.0,0.0222
ETHUSDT,2023-06-23,0.0092,0.9908,0.0,0.0092
ETHUSDT,2023-06-24,0.0032,0.9968,0.0,0.0032
ETHUSDT,2023-06-25,0.0021,0.9979,0.0,0.0021
ETHUSDT,2023-06-26,0.0013,0.9987,0.0,0.0013
ETHUSDT,2023-06-27,0.0035,0.9965,0.0,0.0035
ETHUSDT,2023-06-28,0.0,0.0,1.0,0.0
ETHUSDT,2023-06-29,0.0,0.0,1.0,0.0
ETHUSDT,2023-06-30,0.0036,0.9964,0.0,0.0036
ETHUSDT,2023-07-01,0.0003,0.9997,0.0,0.0003
ETHUSDT,2023-07-02,0.0001,0.9999,0.0,0.0001
ETHUSDT,2023-07-03,0.0001,0.9999,0.0,0.0001
ETHUSDT,2023-07-04,0.0002,0.9998,0.0,0.0002
ETHUSDT,2023-07-05,0.0022,0.9978,0.0,0.0022
ETHUSDT,2023-07-06,0.0,0.0,1.0,0.0
ETHUSDT,2023-07-07,0.0,0.0,1.0,0.0
ETHUSDT,2023-07-08,0.0,0.0,1.0,0.0
ETHUSDT,2023-07-09,0.0,0.0,1.0,0.0
ETHUSDT,2023-07-10,0.0,0.0,1.0,0.0
ETHUSDT,2023-07-11,0.0,0.0,1.0,0.0
ETHUSDT,2023-07-12,0.0,0.0,1.0,0.0
ETHUSDT,2023-07-13,0.0173,0.9827,0.0,0.0173
ETHUSDT,2023-07-14,0.0014,0.9986,0.0,0.0014
ETHUSDT,2023-07-15,0.0002,0.9998,0.0,0.0002
ETHUSDT,2023-07-16,0.0001,0.9999,0.0,0.0001
ETHUSDT,2023-07-17,0.0001,0.9999,0.0,0.0001
ETHUSDT,2023-07-18,0.0001,0.9999,0.0,0.0001
ETHUSDT,2023-07-19,0.0012,0.9988,0.0,0.0012
ETHUSDT,2023-07-20,0.0,0.0,1.0,0.0
ETHUSDT,2023-07-21,0.0,0.0,1.0,0.0
ETHUSDT,2023-07-22,0.0,0.0,1.0,0.0
ETHUSDT,2023-07-23,0.0,0.0,1.0,0.0
ETHUSDT,2023-07-24,0.0,0.0,1.0,0.0
ETHUSDT,2023-07-25,0.0,0.0,1.0,0.0
ETHUSDT,2023-07-26,0.0,0.0,1.0,0.0
ETHUSDT,2023-07-27,0.0,0.0,1.0,0.0
ETHUSDT,2023-07-28,0.0,0.0,1.0,0.0
ETHUSDT,2023-07-29,0.0575,0.9424,0.0,0.0575
ETHUSDT,2023-07-30,0.0,0.0,1.0,0.0
ETHUSDT,2023-07-31,0.0052,0.9947,0.0001,0.0052
ETHUSDT,2023-08-01,0.0036,0.9964,0.0,0.0036
ETHUSDT,2023-08-02,0.0,0.0,1.0,0.0
ETHUSDT,2023-08-03,0.0,0.0,1.0,0.0
ETHUSDT,2023-08-04,0.0,0.0,1.0,0.0
ETHUSDT,2023-08-05,0.0,0.0,1.0,0.0
ETHUSDT,2023-08-06,0.0,0.0,1.0,0.0
ETHUSDT,2023-08-07,0.0,0.0,1.0,0.0
ETHUSDT,2023-08-08,0.0,0.0,1.0,0.0
ETHUSDT,2023-08-09,0.0021,0.9979,0.0,0.0021
ETHUSDT,2023-08-10,0.0001,0.9999,0.0,0.0001
ETHUSDT,2023-08-11,0.0,1.0,0.0,0.0
ETHUSDT,2023-08-12,0.0,1.0,0.0,0.0
ETHUSDT,2023-08-13,0.0001,0.9999,0.0,0.0001
ETHUSDT,2023-08-14,0.0007,0.9993,0.0,0.0007
ETHUSDT,2023-08-15,0.0,0.0,1.0,0.0
ETHUSDT,2023-08-16,0.0,0.0,1.0,0.0
ETHUSDT,2023-08-17,0.0,0.0,1.0,0.0
ETHUSDT,2023-08-18,0.0,0.0,1.0,0.0
ETHUSDT,2023-08-19,0.0,0.0,1.0,0.0
ETHUSDT,2023-08-20,0.0,0.0,1.0,0.0
ETHUSDT,2023-08-21,0.0,0.0,1.0,0.0
ETHUSDT,2023-08-22,0.0,0.0,1.0,0.0
ETHUSDT,2023-08-23,0.0,0.0,1.0,0.0
ETHUSDT,2023-08-24,0.0,0.0,1.0,0.0
ETHUSDT,2023-08-25,0.0,0.0,1.0,0.0
ETHUSDT,2023-08-26,0.0,0.0,1.0,0.0
ETHUSDT,2023-08-27,0.0,0.0,1.0,0.0
ETHUSDT,2023-08-28,0.0,0.0,1.0,0.0
ETHUSDT,2023-08-29,0.0156,0.9844,0.0,0.0156
ETHUSDT,2023-08-30,0.0093,0.9907,0.0,0.0093
ETHUSDT,2023-08-31,0.0,0.0,1.0,0.0
ETHUSDT,2023-09-01,0.0,0.0,1.0,0.0
ETHUSDT,2023-09-02,0.0,0.0,1.0,0.0
ETHUSDT,2023-09-03,0.0,0.0,1.0,0.0
ETHUSDT,2023-09-04,0.0,0.0,1.0,0.0
ETHUSDT,2023-09-05,0.0,0.0,1.0,0.0
ETHUSDT,2023-09-06,0.0,0.0,1.0,0.0
ETHUSDT,2023-09-07,0.0046,0.9951,0.0003,0.0046
ETHUSDT,2023-09-08,0.0031,0.9968,0.0001,0.0031
ETHUSDT,2023-09-09,0.0,0.0,1.0,0.0
ETHUSDT,2023-09-10,0.0,0.0,1.0,0.0
ETHUSDT,2023-09-11,0.0,0.0,1.0,0.0
ETHUSDT,2023-09-12,0.0,0.0,1.0,0.0
ETHUSDT,2023-09-13,0.0,0.0,1.0,0.0
ETHUSDT,2023-09-14,0.0,0.0,1.0,0.0
ETHUSDT,2023-09-15,0.0027,0.9971,0.0001,0.0027
ETHUSDT,2023-09-16,0.0002,0.9998,0.0,0.0002
ETHUSDT,2023-09-17,0.0001,0.9999,0.0,0.0001
ETHUSDT,2023-09-18,0.0001,0.9999,0.0,0.0001
ETHUSDT,2023-09-19,0.0001,0.9999,0.0,0.0001
ETHUSDT,2023-09-20,0.001,0.999,0.0,0.001
ETHUSDT,2023-09-21,0.0,0.0,1.0,0.0
ETHUSDT,2023-09-22,0.0,0.0,1.0,0.0
ETHUSDT,2023-09-23,0.0,0.0,1.0,0.0
ETHUSDT,2023-09-24,0.0,0.0,1.0,0.0
ETHUSDT,2023-09-25,0.0,0.0,1.0,0.0
ETHUSDT,2023-09-26,0.0,0.0,1.0,0.0
ETHUSDT,2023-09-27,0.0,0.0,1.0,0.0
ETHUSDT,2023-09-28,0.0053,0.9947,0.0,0.0053
ETHUSDT,2023-09-29,0.0006,0.9994,0.0,0.0006
ETHUSDT,2023-09-30,0.0002,0.9998,0.0,0.0002
ETHUSDT,2023-10-01,0.0005,0.9995,0.0,0.0005
ETHUSDT,2023-10-02,0.0002,0.9998,0.0,0.0002
ETHUSDT,2023-10-03,0.0002,0.9998,0.0,0.0002
ETHUSDT,2023-10-04,0.0016,0.9984,0.0,0.0016
ETHUSDT,2023-10-05,0.0,0.0,1.0,0.0
ETHUSDT,2023-10-06,0.0,0.0,1.0,0.0
ETHUSDT,2023-10-07,0.0,0.0,1.0,0.0
ETHUSDT,2023-10-08,0.0,0.0,1.0,0.0
ETHUSDT,2023-10-09,0.0,0.0,1.0,0.0
ETHUSDT,2023-10-10,0.0,0.0,1.0,0.0
ETHUSDT,2023-10-11,0.0,0.0,1.0,0.0
ETHUSDT,2023-10-12,0.0,0.0,1.0,0.0
ETHUSDT,2023-10-13,0.0,0.0,1.0,0.0
ETHUSDT,2023-10-14,0.0,0.0,1.0,0.0
ETHUSDT,2023-10-15,0.0,0.0,1.0,0.0
ETHUSDT,2023-10-16,0.0611,0.9389,0.0,0.0611
ETHUSDT,2023-10-17,0.0,0.0,1.0,0.0
ETHUSDT,2023-10-18,0.0,0.0,1.0,0.0
ETHUSDT,2023-10-19,0.0035,0.9965,0.0,0.0035
ETHUSDT,2023-10-20,0.0004,0.9996,0.0,0.0004
ETHUSDT,2023-10-21,0.0005,0.9995,0.0,0.0005
ETHUSDT,2023-10-22,0.0039,0.9961,0.0,0.0039
ETHUSDT,2023-10-23,0.0256,0.9744,0.0,0.0256
ETHUSDT,2023-10-24,0.0698,0.9302,0.0,0.0698
ETHUSDT,2023-10-25,0.086,0.914,0.0,0.086
ETHUSDT,2023-10-26,0.0816,0.9184,0.0,0.0816
ETHUSDT,2023-10-27,0.038,0.962,0.0,0.038
ETHUSDT,2023-10-28,0.0108,0.9892,0.0,0.0108
ETHUSDT,2023-10-29,0.0023,0.9977,0.0,0.0023
ETHUSDT,2023-10-30,0.0002,0.9998,0.0,0.0002
ETHUSDT,2023-10-31,0.0002,0.9998,0.0,0.0002
ETHUSDT,2023-11-01,0.0017,0.9983,0.0,0.0017
ETHUSDT,2023-11-02,0.0,0.0,1.0,0.0
ETHUSDT,2023-11-03,0.0043,0.9957,0.0,0.0043
ETHUSDT,2023-11-04,0.0005,0.9995,0.0,0.0005
ETHUSDT,2023-11-05,0.0002,0.9998,0.0,0.0002
ETHUSDT,2023-11-06,0.0001,0.9999,0.0,0.0001
ETHUSDT,2023-11-07,0.0003,0.9997,0.0,0.0003
ETHUSDT,2023-11-08,0.0022,0.9978,0.0,0.0022
ETHUSDT,2023-11-09,0.0387,0.9613,0.0,0.0387
ETHUSDT,2023-11-10,0.0279,0.9721,0.0,0.0279
ETHUSDT,2023-11-11,0.01,0.99,0.0,0.01
ETHUSDT,2023-11-12,0.0022,0.9978,0.0,0.0022
ETHUSDT,2023-11-13,0.0009,0.9991,0.0,0.0009
ETHUSDT,2023-11-14,0.0009,0.9991,0.0,0.0009
ETHUSDT,2023-11-15,0.0066,0.9934,0.0,0.0066
ETHUSDT,2023-11-16,0.0,0.0,1.0,0.0
ETHUSDT,2023-11-17,0.0,0.0,1.0,0.0
ETHUSDT,2023-11-18,0.0,0.0,1.0,0.0
ETHUSDT,2023-11-19,0.0,0.0,1.0,0.0
ETHUSDT,2023-11-20,0.0,0.0,1.0,0.0
ETHUSDT,2023-11-21,0.0,0.0,1.0,0.0
ETHUSDT,2023-11-22,0.0019,0.9979,0.0002,0.0019
ETHUSDT,2023-11-23,0.0002,0.9998,0.0,0.0002
ETHUSDT,2023-11-24,0.0001,0.9999,0.0,0.0001
ETHUSDT,2023-11-25,0.0001,0.9999,0.0,0.0001
ETHUSDT,2023-11-26,0.0001,0.9999,0.0,0.0001
ETHUSDT,2023-11-27,0.0001,0.9999,0.0,0.0001
ETHUSDT,2023-11-28,0.0018,0.9982,0.0,0.0018
ETHUSDT,2023-11-29,0.0,0.0,1.0,0.0
ETHUSDT,2023-11-30,0.0,0.0,1.0,0.0
ETHUSDT,2023-12-01,0.003,0.9968,0.0002,0.003
ETHUSDT,2023-12-02,0.0004,0.9996,0.0,0.0004
ETHUSDT,2023-12-03,0.0007,0.9993,0.0,0.0007
ETHUSDT,2023-12-04,0.0038,0.9962,0.0,0.0038
ETHUSDT,2023-12-05,0.0085,0.9915,0.0,0.0085
ETHUSDT,2023-12-06,0.0124,0.9876,0.0,0.0124
ETHUSDT,2023-12-07,0.0237,0.9763,0.0,0.0237
ETHUSDT,2023-12-08,0.0203,0.9797,0.0,0.0203
ETHUSDT,2023-12-09,0.0114,0.9886,0.0,0.0114
ETHUSDT,2023-12-10,0.013,0.987,0.0,0.013
ETHUSDT,2023-12-11,0.0,0.0,1.0,0.0
ETHUSDT,2023-12-12,0.0,0.0,1.0,0.0
ETHUSDT,2023-12-13,0.0624,0.9376,0.0,0.0624
ETHUSDT,2023-12-14,0.0,0.0,1.0,0.0
ETHUSDT,2023-12-15,0.0,0.0,1.0,0.0
ETHUSDT,2023-12-16,0.0,0.0,1.0,0.0
ETHUSDT,2023-12-17,0.0,0.0,1.0,0.0
ETHUSDT,2023-12-18,0.0,0.0,1.0,0.0
ETHUSDT,2023-12-19,0.0,0.0,1.0,0.0
ETHUSDT,2023-12-20,0.0,0.0,1.0,0.0
ETHUSDT,2023-12-21,0.0,0.0,1.0,0.0
ETHUSDT,2023-12-22,0.0061,0.9939,0.0,0.0061
ETHUSDT,2023-12-23,0.0005,0.9995,0.0,0.0005
ETHUSDT,2023-12-24,0.0001,0.9999,0.0,0.0001
ETHUSDT,2023-12-25,0.0001,0.9999,0.0,0.0001
ETHUSDT,2023-12-26,0.0001,0.9999,0.0,0.0001
ETHUSDT,2023-12-27,0.0007,0.9993,0.0,0.0007
ETHUSDT,2023-12-28,0.0026,0.9974,0.0,0.0026
ETHUSDT,2023-12-29,0.0,0.0,1.0,0.0
ETHUSDT,2023-12-30,0.0,0.0,1.0,0.0
ETHUSDT,2023-12-31,0.0035,0.9965,0.0,0.0035
ETHUSDT,2024-01-01,0.0009,0.9991,0.0,0.0009
ETHUSDT,2024-01-02,0.0033,0.9967,0.0,0.0033
ETHUSDT,2024-01-03,0.0,0.0,1.0,0.0
ETHUSDT,2024-01-04,0.0,0.0,1.0,0.0
ETHUSDT,2024-01-05,0.0,0.0,1.0,0.0
ETHUSDT,2024-01-06,0.0,0.0,1.0,0.0
ETHUSDT,2024-01-07,0.0,0.0,1.0,0.0
ETHUSDT,2024-01-08,0.0,0.0,1.0,0.0
ETHUSDT,2024-01-09,0.0,0.0,1.0,0.0
ETHUSDT,2024-01-10,0.7441,0.2559,0.0,0.7441
ETHUSDT,2024-01-11,0.6638,0.3362,0.0,0.6638
ETHUSDT,2024-01-12,0.4435,0.5565,0.0,0.4435
ETHUSDT,2024-01-13,0.3488,0.6512,0.0,0.3488
ETHUSDT,2024-01-14,0.1516,0.8484,0.0,0.1516
ETHUSDT,2024-01-15,0.0728,0.9272,0.0,0.0728
ETHUSDT,2024-01-16,0.0692,0.9308,0.0,0.0692
ETHUSDT,2024-01-17,0.0,0.0,1.0,0.0
ETHUSDT,2024-01-18,0.0,0.0,1.0,0.0
ETHUSDT,2024-01-19,0.0,0.0,1.0,0.0
ETHUSDT,2024-01-20,0.0,0.0,1.0,0.0
ETHUSDT,2024-01-21,0.0,0.0,1.0,0.0
ETHUSDT,2024-01-22,0.0,0.0,1.0,0.0
ETHUSDT,2024-01-23,0.0,0.0,1.0,0.0
ETHUSDT,2024-01-24,0.0,0.0,1.0,0.0
ETHUSDT,2024-01-25,0.0,0.0,1.0,0.0
ETHUSDT,2024-01-26,0.0,0.0,1.0,0.0
ETHUSDT,2024-01-27,0.0,0.0,1.0,0.0
ETHUSDT,2024-01-28,0.0,0.0,1.0,0.0
ETHUSDT,2024-01-29,0.0024,0.9974,0.0002,0.0024
ETHUSDT,2024-01-30,0.0003,0.9997,0.0,0.0003
ETHUSDT,2024-01-31,0.0001,0.9999,0.0,0.0001
ETHUSDT,2024-02-01,0.0001,0.9999,0.0,0.0001
ETHUSDT,2024-02-02,0.0001,0.9999,0.0,0.0001
ETHUSDT,2024-02-03,0.0001,0.9999,0.0,0.0001
ETHUSDT,2024-02-04,0.0013,0.9987,0.0,0.0013
ETHUSDT,2024-02-05,0.0,0.0,1.0,0.0
ETHUSDT,2024-02-06,0.0037,0.9963,0.0,0.0037
ETHUSDT,2024-02-07,0.001,0.999,0.0,0.001
ETHUSDT,2024-02-08,0.0013,0.9987,0.0,0.0013
ETHUSDT,2024-02-09,0.0088,0.9912,0.0,0.0088
ETHUSDT,2024-02-10,0.0448,0.9552,0.0,0.0448
ETHUSDT,2024-02-11,0.1652,0.8348,0.0,0.1652
ETHUSDT,2024-02-12,0.497,0.503,0.0,0.497
ETHUSDT,2024-02-13,0.5627,0.4373,0.0,0.5627
ETHUSDT,2024-02-14,0.6574,0.3426,0.0,0.6574
ETHUSDT,2024-02-15,0.6839,0.3161,0.0,0.6839
ETHUSDT,2024-02-16,0.6293,0.3707,0.0,0.6293
ETHUSDT,2024-02-17,0.5603,0.4397,0.0,0.5603
ETHUSDT,2024-02-18,0.5126,0.4874,0.0,0.5126
ETHUSDT,2024-02-19,0.3453,0.6547,0.0,0.3453
ETHUSDT,2024-02-20,0.2524,0.7476,0.0,0.2524
ETHUSDT,2024-02-21,0.0386,0.9614,0.0,0.0386
ETHUSDT,2024-02-22,0.0042,0.9958,0.0,0.0042
ETHUSDT,2024-02-23,0.0008,0.9992,0.0,0.0008
ETHUSDT,2024-02-24,0.0014,0.9986,0.0,0.0014
ETHUSDT,2024-02-25,0.0057,0.9943,0.0,0.0057
ETHUSDT,2024-02-26,0.0243,0.9757,0.0,0.0243
ETHUSDT,2024-02-27,0.1087,0.8913,0.0,0.1087
ETHUSDT,2024-02-28,0.5324,0.4676,0.0,0.5324
ETHUSDT,2024-02-29,0.7279,0.2721,0.0,0.7279
ETHUSDT,2024-03-01,0.904,0.096,0.0,0.904
ETHUSDT,2024-03-02,0.9118,0.0882,0.0,0.9118
ETHUSDT,2024-03-03,0.903,0.097,0.0,0.903
ETHUSDT,2024-03-04,0.8967,0.1033,0.0,0.8967
ETHUSDT,2024-03-05,0.8692,0.1308,0.0,0.8692
ETHUSDT,2024-03-06,0.8698,0.1302,0.0,0.8698
ETHUSDT,2024-03-07,0.8672,0.1328,0.0,0.8672
ETHUSDT,2024-03-08,0.8054,0.1946,0.0,0.8054
ETHUSDT,2024-03-09,0.7088,0.2912,0.0,0.7088
ETHUSDT,2024-03-10,0.4563,0.5437,0.0,0.4563
ETHUSDT,2024-03-11,0.2929,0.7071,0.0,0.2929
ETHUSDT,2024-03-12,0.1474,0.8526,0.0,0.1474
ETHUSDT,2024-03-13,0.0227,0.9773,0.0,0.0227
ETHUSDT,2024-03-14,0.0117,0.988,0.0003,0.0117
ETHUSDT,2024-03-15,0.0,0.0,1.0,0.0
ETHUSDT,2024-03-16,0.0,0.0,1.0,0.0
ETHUSDT,2024-03-17,0.0,0.0,1.0,0.0
ETHUSDT,2024-03-18,0.0,0.0,1.0,0.0
ETHUSDT,2024-03-19,0.0,0.0,1.0,0.0
ETHUSDT,2024-03-20,0.0,0.0,1.0,0.0
ETHUSDT,2024-03-21,0.0,0.0,1.0,0.0
ETHUSDT,2024-03-22,0.0,0.0,1.0,0.0
ETHUSDT,2024-03-23,0.0,0.0,1.0,0.0
ETHUSDT,2024-03-24,0.0,0.0,1.0,0.0
ETHUSDT,2024-03-25,0.0103,0.9897,0.0,0.0103
ETHUSDT,2024-03-26,0.0188,0.9812,0.0,0.0188
ETHUSDT,2024-03-27,0.0,0.0,1.0,0.0
ETHUSDT,2024-03-28,0.0014,0.9986,0.0,0.0014
ETHUSDT,2024-03-29,0.0001,0.9999,0.0,0.0001
ETHUSDT,2024-03-30,0.0001,0.9999,0.0,0.0001
ETHUSDT,2024-03-31,0.0009,0.9991,0.0,0.0009
ETHUSDT,2024-04-01,0.0,0.0,1.0,0.0
ETHUSDT,2024-04-02,0.0,0.0,1.0,0.0
ETHUSDT,2024-04-03,0.0,0.0,1.0,0.0
ETHUSDT,2024-04-04,0.0,0.0,1.0,0.0
ETHUSDT,2024-04-05,0.0,0.0,1.0,0.0
ETHUSDT,2024-04-06,0.0,0.0,1.0,0.0
ETHUSDT,2024-04-07,0.0,0.0,1.0,0.0
ETHUSDT,2024-04-08,0.0024,0.9976,0.0,0.0024
ETHUSDT,2024-04-09,0.0003,0.9997,0.0,0.0003
ETHUSDT,2024-04-10,0.0005,0.9995,0.0,0.0005
ETHUSDT,2024-04-11,0.0022,0.9978,0.0,0.0022
ETHUSDT,2024-04-12,0.0,0.0,1.0,0.0
ETHUSDT,2024-04-13,0.0,0.0,1.0,0.0
ETHUSDT,2024-04-14,0.0,0.0,1.0,0.0
ETHUSDT,2024-04-15,0.0,0.0,1.0,0.0
ETHUSDT,2024-04-16,0.0,0.0,1.0,0.0
ETHUSDT,2024-04-17,0.0,0.0,1.0,0.0
ETHUSDT,2024-04-18,0.0,0.0,1.0,0.0
ETHUSDT,2024-04-19,0.0,0.0,1.0,0.0
ETHUSDT,2024-04-20,0.0651,0.9349,0.0,0.0651
ETHUSDT,2024-04-21,0.0,0.0,1.0,0.0
ETHUSDT,2024-04-22,0.0027,0.9973,0.0,0.0027
ETHUSDT,2024-04-23,0.0002,0.9998,0.0,0.0002
ETHUSDT,2024-04-24,0.0001,0.9999,0.0,0.0001
ETHUSDT,2024-04-25,0.0001,0.9999,0.0,0.0001
ETHUSDT,2024-04-26,0.0,1.0,0.0,0.0
ETHUSDT,2024-04-27,0.0001,0.9999,0.0,0.0001
ETHUSDT,2024-04-28,0.0001,0.9999,0.0,0.0001
ETHUSDT,2024-04-29,0.0009,0.999,0.0001,0.0009
ETHUSDT,2024-04-30,0.0,0.0,1.0,0.0
ETHUSDT,2024-05-01,0.0,0.0,1.0,0.0
ETHUSDT,2024-05-02,0.0,0.0,1.0,0.0
ETHUSDT,2024-05-03,0.0,0.0,1.0,0.0
ETHUSDT,2024-05-04,0.0,0.0,1.0,0.0
ETHUSDT,2024-05-05,0.0,0.0,1.0,0.0
ETHUSDT,2024-05-06,0.0,0.0,1.0,0.0
ETHUSDT,2024-05-07,0.0,0.0,1.0,0.0
ETHUSDT,2024-05-08,0.0056,0.994,0.0003,0.0056
ETHUSDT,2024-05-09,0.0042,0.9958,0.0,0.0042
ETHUSDT,2024-05-10,0.0,0.0,1.0,0.0
ETHUSDT,2024-05-11,0.0,0.0,1.0,0.0
ETHUSDT,2024-05-12,0.0,0.0,1.0,0.0
ETHUSDT,2024-05-13,0.0,0.0,1.0,0.0
ETHUSDT,2024-05-14,0.0,0.0,1.0,0.0
ETHUSDT,2024-05-15,0.0682,0.9318,0.0,0.0682
ETHUSDT,2024-05-16,0.0,0.0,1.0,0.0
ETHUSDT,2024-05-17,0.087,0.913,0.0,0.087
ETHUSDT,2024-05-18,0.0919,0.9081,0.0,0.0919
ETHUSDT,2024-05-19,0.1636,0.8364,0.0,0.1636
ETHUSDT,2024-05-20,0.9903,0.0097,0.0,0.9903
ETHUSDT,2024-05-21,1.0,0.0,0.0,1.0
ETHUSDT,2024-05-22,1.0,0.0,0.0,1.0
ETHUSDT,2024-05-23,1.0,0.0,0.0,1.0
ETHUSDT,2024-05-24,0.9998,0.0002,0.0,0.9998
ETHUSDT,2024-05-25,0.999,0.001,0.0,0.999
ETHUSDT,2024-05-26,0.9926,0.0074,0.0,0.9926
ETHUSDT,2024-05-27,0.0333,0.9667,0.0,0.0333
ETHUSDT,2024-05-28,0.0006,0.9994,0.0,0.0006
ETHUSDT,2024-05-29,0.0005,0.9995,0.0,0.0005
ETHUSDT,2024-05-30,0.0,0.0,1.0,0.0
ETHUSDT,2024-05-31,0.0014,0.9986,0.0,0.0014
ETHUSDT,2024-06-01,0.0008,0.9992,0.0,0.0008
ETHUSDT,2024-06-02,0.0,0.0,1.0,0.0
ETHUSDT,2024-06-03,0.0,0.0,1.0,0.0
ETHUSDT,2024-06-04,0.0,0.0,1.0,0.0
ETHUSDT,2024-06-05,0.002,0.998,0.0,0.002
ETHUSDT,2024-06-06,0.0011,0.9989,0.0,0.0011
ETHUSDT,2024-06-07,0.0,0.0,1.0,0.0
ETHUSDT,2024-06-08,0.0,0.0,1.0,0.0
ETHUSDT,2024-06-09,0.0,0.0,1.0,0.0
ETHUSDT,2024-06-10,0.0,0.0,1.0,0.0
ETHUSDT,2024-06-11,0.0,0.0,1.0,0.0
ETHUSDT,2024-06-12,0.0,0.0,1.0,0.0
ETHUSDT,2024-06-13,0.0,0.0,1.0,0.0
ETHUSDT,2024-06-14,0.0,0.0,1.0,0.0
ETHUSDT,2024-06-15,0.0,0.0,1.0,0.0
ETHUSDT,2024-06-16,0.0,0.0,1.0,0.0
ETHUSDT,2024-06-17,0.0,0.0,1.0,0.0
ETHUSDT,2024-06-18,0.0,0.0,1.0,0.0
ETHUSDT,2024-06-19,0.0122,0.0,0.9878,0.0122
ETHUSDT,2024-06-20,0.0069,0.9931,0.0,0.0069
ETHUSDT,2024-06-21,0.0045,0.9955,0.0,0.0045
ETHUSDT,2024-06-22,0.0,0.0,1.0,0.0
ETHUSDT,2024-06-23,0.0,0.0,1.0,0.0
ETHUSDT,2024-06-24,0.0,0.0,1.0,0.0
ETHUSDT,2024-06-25,0.0,0.0,1.0,0.0
ETHUSDT,2024-06-26,0.0,0.0,1.0,0.0
ETHUSDT,2024-06-27,0.0,0.0,1.0,0.0
ETHUSDT,2024-06-28,0.0,0.0,1.0,0.0
ETHUSDT,2024-06-29,0.0,0.0,1.0,0.0
ETHUSDT,2024-06-30,0.003,0.9969,0.0001,0.003
ETHUSDT,2024-07-01,0.0004,0.9996,0.0,0.0004
ETHUSDT,2024-07-02,0.0012,0.9988,0.0,0.0012
ETHUSDT,2024-07-03,0.0,0.0,1.0,0.0
ETHUSDT,2024-07-04,0.0,0.0,1.0,0.0
ETHUSDT,2024-07-05,0.0,0.0,1.0,0.0
ETHUSDT,2024-07-06,0.0,0.0,1.0,0.0
ETHUSDT,2024-07-07,0.0,0.0,1.0,0.0
ETHUSDT,2024-07-08,0.0,0.0,1.0,0.0
ETHUSDT,2024-07-09,0.0,0.0,1.0,0.0
ETHUSDT,2024-07-10,0.0,0.0,1.0,0.0
ETHUSDT,2024-07-11,0.0036,0.9964,0.0,0.0036
ETHUSDT,2024-07-12,0.0006,0.9994,0.0,0.0006
ETHUSDT,2024-07-13,0.0006,0.9994,0.0,0.0006
ETHUSDT,2024-07-14,0.0061,0.9939,0.0,0.0061
ETHUSDT,2024-07-15,0.0148,0.9852,0.0,0.0148
ETHUSDT,2024-07-16,0.0103,0.9897,0.0,0.0103
ETHUSDT,2024-07-17,0.0049,0.9951,0.0,0.0049
ETHUSDT,2024-07-18,0.0047,0.9953,0.0,0.0047
ETHUSDT,2024-07-19,0.0064,0.9936,0.0,0.0064
ETHUSDT,2024-07-20,0.008,0.992,0.0,0.008
ETHUSDT,2024-07-21,0.0126,0.9874,0.0,0.0126
ETHUSDT,2024-07-22,0.0,0.0,1.0,0.0
ETHUSDT,2024-07-23,0.0537,0.9463,0.0,0.0537
ETHUSDT,2024-07-24,0.0,0.0,1.0,0.0
ETHUSDT,2024-07-25,0.0,0.0,1.0,0.0
ETHUSDT,2024-07-26,0.0,0.0,1.0,0.0
ETHUSDT,2024-07-27,0.0,0.0,1.0,0.0
ETHUSDT,2024-07-28,0.0,0.0,1.0,0.0
ETHUSDT,2024-07-29,0.0,0.0,1.0,0.0
ETHUSDT,2024-07-30,0.0,0.0,1.0,0.0
ETHUSDT,2024-07-31,0.0,0.0,1.0,0.0
ETHUSDT,2024-08-01,0.0577,0.9422,0.0,0.0577
ETHUSDT,2024-08-02,0.0,0.0,1.0,0.0
ETHUSDT,2024-08-03,0.0,0.0,1.0,0.0
ETHUSDT,2024-08-04,0.0,0.0,1.0,0.0
ETHUSDT,2024-08-05,0.0,0.0,1.0,0.0
ETHUSDT,2024-08-06,0.0,0.0,1.0,0.0
ETHUSDT,2024-08-07,0.0,0.0,1.0,0.0
ETHUSDT,2024-08-08,0.0,0.0,1.0,0.0
ETHUSDT,2024-08-09,0.0,0.0,1.0,0.0
ETHUSDT,2024-08-10,0.0,0.0,1.0,0.0
ETHUSDT,2024-08-11,0.0,0.0,1.0,0.0
ETHUSDT,2024-08-12,0.0127,0.9873,0.0,0.0127
ETHUSDT,2024-08-13,0.004,0.996,0.0,0.004
ETHUSDT,2024-08-14,0.0097,0.9903,0.0,0.0097
ETHUSDT,2024-08-15,0.0,0.0,1.0,0.0
ETHUSDT,2024-08-16,0.0,0.0,1.0,0.0
ETHUSDT,2024-08-17,0.0008,0.9991,0.0001,0.0008
ETHUSDT,2024-08-18,0.0004,0.9996,0.0,0.0004
ETHUSDT,2024-08-19,0.0,0.0,1.0,0.0
ETHUSDT,2024-08-20,0.0,0.0,1.0,0.0
ETHUSDT,2024-08-21,0.0,0.0,1.0,0.0
ETHUSDT,2024-08-22,0.0007,0.9993,0.0,0.0007
ETHUSDT,2024-08-23,0.0,1.0,0.0,0.0
ETHUSDT,2024-08-24,0.0,1.0,0.0,0.0
ETHUSDT,2024-08-25,0.0,1.0,0.0,0.0
ETHUSDT,2024-08-26,0.0006,0.9994,0.0,0.0006
ETHUSDT,2024-08-27,0.0,0.0,1.0,0.0
ETHUSDT,2024-08-28,0.0,0.0,1.0,0.0
ETHUSDT,2024-08-29,0.0,0.0,1.0,0.0
ETHUSDT,2024-08-30,0.0,0.0,1.0,0.0
ETHUSDT,2024-08-31,0.0,0.0,1.0,0.0
ETHUSDT,2024-09-01,0.0,0.0,1.0,0.0
ETHUSDT,2024-09-02,0.0,0.0,1.0,0.0
ETHUSDT,2024-09-03,0.0,0.0,1.0,0.0
ETHUSDT,2024-09-04,0.0,0.0,1.0,0.0
ETHUSDT,2024-09-05,0.0,0.0,1.0,0.0
ETHUSDT,2024-09-06,0.0,0.0,1.0,0.0
ETHUSDT,2024-09-07,0.0,0.0,1.0,0.0
ETHUSDT,2024-09-08,0.0,0.0,1.0,0.0
ETHUSDT,2024-09-09,0.0,0.0,1.0,0.0
ETHUSDT,2024-09-10,0.0,0.0,1.0,0.0
ETHUSDT,2024-09-11,0.0,0.0,1.0,0.0
ETHUSDT,2024-09-12,0.0,0.0,1.0,0.0
ETHUSDT,2024-09-13,0.0223,0.9777,0.0,0.0223
ETHUSDT,2024-09-14,0.0039,0.9961,0.0,0.0039
ETHUSDT,2024-09-15,0.0027,0.9973,0.0,0.0027
ETHUSDT,2024-09-16,0.0,0.0,1.0,0.0
ETHUSDT,2024-09-17,0.0,0.0,1.0,0.0
ETHUSDT,2024-09-18,0.0032,0.9968,0.0,0.0032
ETHUSDT,2024-09-19,0.0004,0.9996,0.0,0.0004
ETHUSDT,2024-09-20,0.0003,0.9997,0.0,0.0003
ETHUSDT,2024-09-21,0.0017,0.9983,0.0,0.0017
ETHUSDT,2024-09-22,0.0085,0.9915,0.0,0.0085
ETHUSDT,2024-09-23,0.019,0.981,0.0,0.019
ETHUSDT,2024-09-24,0.0146,0.9854,0.0,0.0146
ETHUSDT,2024-09-25,0.0038,0.9962,0.0,0.0038
ETHUSDT,2024-09-26,0.0007,0.9993,0.0,0.0007
ETHUSDT,2024-09-27,0.0002,0.9998,0.0,0.0002
ETHUSDT,2024-09-28,0.0002,0.9998,0.0,0.0002
ETHUSDT,2024-09-29,0.0016,0.9984,0.0,0.0016
ETHUSDT,2024-09-30,0.0,0.0,1.0,0.0
ETHUSDT,2024-10-01,0.0,0.0,1.0,0.0
ETHUSDT,2024-10-02,0.0,0.0,1.0,0.0
ETHUSDT,2024-10-03,0.0,0.0,1.0,0.0
ETHUSDT,2024-10-04,0.0,0.0,1.0,0.0
ETHUSDT,2024-10-05,0.0,0.0,1.0,0.0
ETHUSDT,2024-10-06,0.0,0.0,1.0,0.0
ETHUSDT,2024-10-07,0.0,0.0,1.0,0.0
ETHUSDT,2024-10-08,0.0,0.0,1.0,0.0
ETHUSDT,2024-10-09,0.0028,0.9969,0.0003,0.0028
ETHUSDT,2024-10-10,0.0002,0.9998,0.0,0.0002
ETHUSDT,2024-10-11,0.0001,0.9999,0.0,0.0001
ETHUSDT,2024-10-12,0.0001,0.9999,0.0,0.0001
ETHUSDT,2024-10-13,0.0001,0.9999,0.0,0.0001
ETHUSDT,2024-10-14,0.0004,0.9996,0.0,0.0004
ETHUSDT,2024-10-15,0.0003,0.9997,0.0,0.0003
ETHUSDT,2024-10-16,0.0008,0.9992,0.0,0.0008
ETHUSDT,2024-10-17,0.0007,0.9993,0.0,0.0007
ETHUSDT,2024-10-18,0.0005,0.9995,0.0,0.0005
ETHUSDT,2024-10-19,0.0004,0.9996,0.0,0.0004
ETHUSDT,2024-10-20,0.001,0.999,0.0,0.001
ETHUSDT,2024-10-21,0.0002,0.9998,0.0,0.0002
ETHUSDT,2024-10-22,0.0012,0.9988,0.0,0.0012
ETHUSDT,2024-10-23,0.0,0.0,1.0,0.0
ETHUSDT,2024-10-24,0.0,0.0,1.0,0.0
ETHUSDT,2024-10-25,0.0,0.0,1.0,0.0
ETHUSDT,2024-10-26,0.0,0.0,1.0,0.0
ETHUSDT,2024-10-27,0.0,0.0,1.0,0.0
ETHUSDT,2024-10-28,0.0,0.0,1.0,0.0
ETHUSDT,2024-10-29,0.01,0.99,0.0,0.01
ETHUSDT,2024-10-30,0.01,0.99,0.0,0.01
ETHUSDT,2024-10-31,0.0,0.0,1.0,0.0
ETHUSDT,2024-11-01,0.0076,0.9924,0.0,0.0076
ETHUSDT,2024-11-02,0.0046,0.9953,0.0001,0.0046
ETHUSDT,2024-11-03,0.0,0.0,1.0,0.0
ETHUSDT,2024-11-04,0.0,0.0,1.0,0.0
ETHUSDT,2024-11-05,0.0,0.0,1.0,0.0
ETHUSDT,2024-11-06,0.5779,0.4221,0.0,0.5779
ETHUSDT,2024-11-07,0.8294,0.1706,0.0,0.8294
ETHUSDT,2024-11-08,0.9782,0.0218,0.0,0.9782
ETHUSDT,2024-11-09,1.0,0.0,0.0,1.0
ETHUSDT,2024-11-10,1.0,0.0,0.0,1.0
ETHUSDT,2024-11-11,1.0,0.0,0.0,1.0
ETHUSDT,2024-11-12,1.0,0.0,0.0,1.0
ETHUSDT,2024-11-13,0.8169,0.1831,0.0,0.8169
ETHUSDT,2024-11-14,0.0427,0.9573,0.0,0.0427
ETHUSDT,2024-11-15,0.0029,0.9971,0.0,0.0029
ETHUSDT,2024-11-16,0.0016,0.9982,0.0002,0.0016
ETHUSDT,2024-11-17,0.0,0.0,1.0,0.0
ETHUSDT,2024-11-18,0.0,0.0,1.0,0.0
ETHUSDT,2024-11-19,0.0,0.0,1.0,0.0
ETHUSDT,2024-11-20,0.0,0.0,1.0,0.0
ETHUSDT,2024-11-21,0.0092,0.9908,0.0,0.0092
ETHUSDT,2024-11-22,0.0007,0.9993,0.0,0.0007
ETHUSDT,2024-11-23,0.0002,0.9998,0.0,0.0002
ETHUSDT,2024-11-24,0.0002,0.9998,0.0,0.0002
ETHUSDT,2024-11-25,0.0001,0.9999,0.0,0.0001
ETHUSDT,2024-11-26,0.0009,0.9991,0.0,0.0009
ETHUSDT,2024-11-27,0.0135,0.9865,0.0,0.0135
ETHUSDT,2024-11-28,0.0011,0.9989,0.0,0.0011
ETHUSDT,2024-11-29,0.0003,0.9997,0.0,0.0003
ETHUSDT,2024-11-30,0.0003,0.9997,0.0,0.0003
ETHUSDT,2024-12-01,0.0004,0.9996,0.0,0.0004
ETHUSDT,2024-12-02,0.0002,0.9998,0.0,0.0002
ETHUSDT,2024-12-03,0.0002,0.9998,0.0,0.0002
ETHUSDT,2024-12-04,0.0001,0.9999,0.0,0.0001
ETHUSDT,2024-12-05,0.0002,0.9998,0.0,0.0002
ETHUSDT,2024-12-06,0.0006,0.9994,0.0,0.0006
ETHUSDT,2024-12-07,0.0002,0.9998,0.0,0.0002
ETHUSDT,2024-12-08,0.0002,0.9998,0.0,0.0002
ETHUSDT,2024-12-09,0.0001,0.9999,0.0,0.0001
ETHUSDT,2024-12-10,0.0006,0.9993,0.0001,0.0006
ETHUSDT,2024-12-11,0.0,0.0,1.0,0.0
ETHUSDT,2024-12-12,0.0473,0.9527,0.0,0.0473
ETHUSDT,2024-12-13,0.0,0.0,1.0,0.0
ETHUSDT,2024-12-14,0.0,0.0,1.0,0.0
ETHUSDT,2024-12-15,0.0,0.0,1.0,0.0
ETHUSDT,2024-12-16,0.022,0.978,0.0,0.022
ETHUSDT,2024-12-17,0.0177,0.9823,0.0,0.0177
ETHUSDT,2024-12-18,0.0,0.0,1.0,0.0
ETHUSDT,2024-12-19,0.0,0.0,1.0,0.0
ETHUSDT,2024-12-20,0.0,0.0,1.0,0.0
ETHUSDT,2024-12-21,0.0,0.0,1.0,0.0
ETHUSDT,2024-12-22,0.0,0.0,1.0,0.0
ETHUSDT,2024-12-23,0.0,0.0,1.0,0.0
ETHUSDT,2024-12-24,0.0,0.0,1.0,0.0
ETHUSDT,2024-12-25,0.0,0.0,1.0,0.0
ETHUSDT,2024-12-26,0.0,0.0,1.0,0.0
ETHUSDT,2024-12-27,0.0,0.0,1.0,0.0
ETHUSDT,2024-12-28,0.0049,0.9951,0.0,0.0049
ETHUSDT,2024-12-29,0.0034,0.9966,0.0,0.0034
ETHUSDT,2024-12-30,0.0,0.0,1.0,0.0
ETHUSDT,2024-12-31,0.0,0.0,1.0,0.0
ETHUSDT,2025-01-01,0.0,0.0,1.0,0.0
ETHUSDT,2025-01-02,0.0052,0.9948,0.0,0.0052
ETHUSDT,2025-01-03,0.0013,0.9987,0.0,0.0013
ETHUSDT,2025-01-04,0.0005,0.9995,0.0,0.0005
ETHUSDT,2025-01-05,0.0005,0.9995,0.0,0.0005
ETHUSDT,2025-01-06,0.0009,0.9991,0.0,0.0009
ETHUSDT,2025-01-07,0.0013,0.9987,0.0,0.0013
ETHUSDT,2025-01-08,0.0,0.0,1.0,0.0
ETHUSDT,2025-01-09,0.0,0.0,1.0,0.0
ETHUSDT,2025-01-10,0.0,0.0,1.0,0.0
ETHUSDT,2025-01-11,0.0,0.0,1.0,0.0
ETHUSDT,2025-01-12,0.0,0.0,1.0,0.0
ETHUSDT,2025-01-13,0.0,0.0,1.0,0.0
ETHUSDT,2025-01-14,0.0,0.0,1.0,0.0
ETHUSDT,2025-01-15,0.004,0.996,0.0,0.004
ETHUSDT,2025-01-16,0.0003,0.9997,0.0,0.0003
ETHUSDT,2025-01-17,0.0002,0.9998,0.0,0.0002
ETHUSDT,2025-01-18,0.0009,0.9991,0.0,0.0009
ETHUSDT,2025-01-19,0.0,0.0,1.0,0.0
ETHUSDT,2025-01-20,0.0072,0.9928,0.0,0.0072
ETHUSDT,2025-01-21,0.0046,0.9954,0.0,0.0046
ETHUSDT,2025-01-22,0.0,0.0,1.0,0.0
ETHUSDT,2025-01-23,0.0405,0.9594,0.0001,0.0405
ETHUSDT,2025-01-24,0.0,0.0,1.0,0.0
ETHUSDT,2025-01-25,0.0035,0.9964,0.0001,0.0035
ETHUSDT,2025-01-26,0.0023,0.9977,0.0,0.0023
ETHUSDT,2025-01-27,0.0,0.0,1.0,0.0
ETHUSDT,2025-01-28,0.0,0.0,1.0,0.0
ETHUSDT,2025-01-29,0.0,0.0,1.0,0.0
ETHUSDT,2025-01-30,0.0,0.0,1.0,0.0
ETHUSDT,2025-01-31,0.0,0.0,1.0,0.0
ETHUSDT,2025-02-01,0.0,0.0,1.0,0.0
ETHUSDT,2025-02-02,0.0,0.0,1.0,0.0
ETHUSDT,2025-02-03,0.0,0.0,1.0,0.0
ETHUSDT,2025-02-04,0.0,0.0,1.0,0.0
ETHUSDT,2025-02-05,0.0,0.0,1.0,0.0
ETHUSDT,2025-02-06,0.0,0.0,1.0,0.0
ETHUSDT,2025-02-07,0.0,0.0,1.0,0.0
ETHUSDT,2025-02-08,0.0,0.0,1.0,0.0
ETHUSDT,2025-02-09,0.0,0.0,1.0,0.0
ETHUSDT,2025-02-10,0.0,0.0,1.0,0.0
ETHUSDT,2025-02-11,0.0,0.0,1.0,0.0
ETHUSDT,2025-02-12,0.0,0.0,1.0,0.0
ETHUSDT,2025-02-13,0.0,0.0,1.0,0.0
ETHUSDT,2025-02-14,0.0042,0.9958,0.0,0.0042
ETHUSDT,2025-02-15,0.0003,0.9997,0.0,0.0003
ETHUSDT,2025-02-16,0.0001,0.9999,0.0,0.0001
ETHUSDT,2025-02-17,0.0001,0.9999,0.0,0.0001
ETHUSDT,2025-02-18,0.0012,0.9988,0.0,0.0012
ETHUSDT,2025-02-19,0.0,0.0,1.0,0.0
ETHUSDT,2025-02-20,0.0638,0.9362,0.0,0.0638
ETHUSDT,2025-02-21,0.0,0.0,1.0,0.0
ETHUSDT,2025-02-22,0.0115,0.9885,0.0,0.0115
ETHUSDT,2025-02-23,0.011,0.989,0.0,0.011
ETHUSDT,2025-02-24,0.0,0.0,1.0,0.0
ETHUSDT,2025-02-25,0.0,0.0,1.0,0.0
ETHUSDT,2025-02-26,0.0,0.0,1.0,0.0
ETHUSDT,2025-02-27,0.0,0.0,1.0,0.0
ETHUSDT,2025-02-28,0.0,0.0,1.0,0.0
ETHUSDT,2025-03-01,0.0,0.0,1.0,0.0
ETHUSDT,2025-03-02,0.0,0.0,1.0,0.0
ETHUSDT,2025-03-03,0.0,0.0,1.0,0.0
ETHUSDT,2025-03-04,0.0,0.0,1.0,0.0
ETHUSDT,2025-03-05,0.0,0.0,1.0,0.0
ETHUSDT,2025-03-06,0.0,0.0,1.0,0.0
ETHUSDT,2025-03-07,0.0,0.0,1.0,0.0
ETHUSDT,2025-03-08,0.0,0.0,1.0,0.0
ETHUSDT,2025-03-09,0.0,0.0,1.0,0.0
ETHUSDT,2025-03-10,0.0,0.0,1.0,0.0
ETHUSDT,2025-03-11,0.0,0.0,1.0,0.0
ETHUSDT,2025-03-12,0.0,0.0,1.0,0.0
ETHUSDT,2025-03-13,0.0,0.0,1.0,0.0
ETHUSDT,2025-03-14,0.0,0.0,1.0,0.0
ETHUSDT,2025-03-15,0.0,0.0,1.0,0.0
ETHUSDT,2025-03-16,0.0,0.0,1.0,0.0
ETHUSDT,2025-03-17,0.0005,0.9995,0.0,0.0005
ETHUSDT,2025-03-18,0.0,1.0,0.0,0.0
ETHUSDT,2025-03-19,0.0,1.0,0.0,0.0
ETHUSDT,2025-03-20,0.0,1.0,0.0,0.0
ETHUSDT,2025-03-21,0.0,1.0,0.0,0.0
ETHUSDT,2025-03-22,0.0,1.0,0.0,0.0
ETHUSDT,2025-03-23,0.0001,0.9999,0.0,0.0001
ETHUSDT,2025-03-24,0.0005,0.9995,0.0,0.0005
ETHUSDT,2025-03-25,0.0028,0.9972,0.0,0.0028
ETHUSDT,2025-03-26,0.0,0.0,1.0,0.0
ETHUSDT,2025-03-27,0.0445,0.9555,0.0,0.0445
ETHUSDT,2025-03-28,0.0,0.0,1.0,0.0
ETHUSDT,2025-03-29,0.0,0.0,1.0,0.0
ETHUSDT,2025-03-30,0.0,0.0,1.0,0.0
ETHUSDT,2025-03-31,0.0,0.0,1.0,0.0
ETHUSDT,2025-04-01,0.0,0.0,1.0,0.0
ETHUSDT,2025-04-02,0.0,0.0,1.0,0.0
ETHUSDT,2025-04-03,0.0,0.0,1.0,0.0
ETHUSDT,2025-04-04,0.0,0.0,1.0,0.0
ETHUSDT,2025-04-05,0.0,0.0,1.0,0.0
ETHUSDT,2025-04-06,0.0,0.0,1.0,0.0
ETHUSDT,2025-04-07,0.0,0.0,1.0,0.0
ETHUSDT,2025-04-08,0.0,0.0,1.0,0.0
ETHUSDT,2025-04-09,0.0,0.0,1.0,0.0
ETHUSDT,2025-04-10,0.0,0.0,1.0,0.0
ETHUSDT,2025-04-11,0.0,0.0,1.0,0.0
ETHUSDT,2025-04-12,0.0,0.0,1.0,0.0
ETHUSDT,2025-04-13,0.0005,0.9995,0.0,0.0005
ETHUSDT,2025-04-14,0.0,1.0,0.0,0.0
ETHUSDT,2025-04-15,0.0007,0.9993,0.0,0.0007
ETHUSDT,2025-04-16,0.0,0.0,1.0,0.0
ETHUSDT,2025-04-17,0.0009,0.9991,0.0,0.0009
ETHUSDT,2025-04-18,0.0004,0.9996,0.0,0.0004
ETHUSDT,2025-04-19,0.0,0.0,1.0,0.0
ETHUSDT,2025-04-20,0.0,0.0,1.0,0.0
ETHUSDT,2025-04-21,0.0,0.0,1.0,0.0
ETHUSDT,2025-04-22,0.0027,0.9973,0.0,0.0027
ETHUSDT,2025-04-23,0.0005,0.9995,0.0,0.0005
ETHUSDT,2025-04-24,0.0001,0.9999,0.0,0.0001
ETHUSDT,2025-04-25,0.0001,0.9999,0.0,0.0001
ETHUSDT,2025-04-26,0.0002,0.9998,0.0,0.0002
ETHUSDT,2025-04-27,0.0006,0.9994,0.0,0.0006
ETHUSDT,2025-04-28,0.0009,0.9991,0.0,0.0009
ETHUSDT,2025-04-29,0.0008,0.9992,0.0,0.0008
ETHUSDT,2025-04-30,0.0,0.0,1.0,0.0
ETHUSDT,2025-05-01,0.0046,0.9954,0.0,0.0046
ETHUSDT,2025-05-02,0.0003,0.9997,0.0,0.0003
ETHUSDT,2025-05-03,0.0001,0.9999,0.0,0.0001
ETHUSDT,2025-05-04,0.0001,0.9999,0.0,0.0001
ETHUSDT,2025-05-05,0.0001,0.9999,0.0,0.0001
ETHUSDT,2025-05-06,0.0018,0.9982,0.0,0.0018
ETHUSDT,2025-05-07,0.0382,0.9618,0.0,0.0382
ETHUSDT,2025-05-08,0.8237,0.1763,0.0,0.8237
ETHUSDT,2025-05-09,0.9996,0.0004,0.0,0.9996
ETHUSDT,2025-05-10,1.0,0.0,0.0,1.0
ETHUSDT,2025-05-11,1.0,0.0,0.0,1.0
ETHUSDT,2025-05-12,1.0,0.0,0.0,1.0
ETHUSDT,2025-05-13,1.0,0.0,0.0,1.0
ETHUSDT,2025-05-14,1.0,0.0,0.0,1.0
ETHUSDT,2025-05-15,0.2899,0.7101,0.0,0.2899
ETHUSDT,2025-05-16,0.087,0.913,0.0,0.087
ETHUSDT,2025-05-17,0.0,0.0,1.0,0.0
ETHUSDT,2025-05-18,0.0,0.0,1.0,0.0
ETHUSDT,2025-05-19,0.0072,0.9928,0.0,0.0072
ETHUSDT,2025-05-20,0.0,0.0,1.0,0.0
ETHUSDT,2025-05-21,0.0,0.0,1.0,0.0
ETHUSDT,2025-05-22,0.0113,0.9887,0.0,0.0113
ETHUSDT,2025-05-23,0.0,0.0,1.0,0.0
ETHUSDT,2025-05-24,0.0003,0.9997,0.0,0.0003
ETHUSDT,2025-05-25,0.0,1.0,0.0,0.0
ETHUSDT,2025-05-26,0.0,1.0,0.0,0.0
ETHUSDT,2025-05-27,0.0,1.0,0.0,0.0
ETHUSDT,2025-05-28,0.0002,0.9998,0.0,0.0002
ETHUSDT,2025-05-29,0.0,0.0,1.0,0.0
ETHUSDT,2025-05-30,0.0397,0.9521,0.0082,0.0397
ETHUSDT,2025-05-31,0.0,0.0,1.0,0.0
ETHUSDT,2025-06-01,0.0,0.0,1.0,0.0
ETHUSDT,2025-06-02,0.062,0.938,0.0,0.062
ETHUSDT,2025-06-03,0.0,0.0,1.0,0.0
ETHUSDT,2025-06-04,0.0,0.0,1.0,0.0
ETHUSDT,2025-06-05,0.0,0.0,1.0,0.0
ETHUSDT,2025-06-06,0.0,0.0,1.0,0.0
ETHUSDT,2025-06-07,0.0,0.0,1.0,0.0
ETHUSDT,2025-06-08,0.0,0.0,1.0,0.0
ETHUSDT,2025-06-09,0.0041,0.9959,0.0,0.0041
ETHUSDT,2025-06-10,0.001,0.999,0.0,0.001
ETHUSDT,2025-06-11,0.0003,0.9997,0.0,0.0003
ETHUSDT,2025-06-12,0.0004,0.9996,0.0,0.0004
ETHUSDT,2025-06-13,0.0001,0.9999,0.0,0.0001
ETHUSDT,2025-06-14,0.0001,0.9999,0.0,0.0001
ETHUSDT,2025-06-15,0.0011,0.9989,0.0,0.0011
ETHUSDT,2025-06-16,0.0,0.0,1.0,0.0
ETHUSDT,2025-06-17,0.0,0.0,1.0,0.0
ETHUSDT,2025-06-18,0.0,0.0,1.0,0.0
ETHUSDT,2025-06-19,0.0,0.0,1.0,0.0
ETHUSDT,2025-06-20,0.0,0.0,1.0,0.0
ETHUSDT,2025-06-21,0.0,0.0,1.0,0.0
ETHUSDT,2025-06-22,0.0,0.0,1.0,0.0
ETHUSDT,2025-06-23,0.0,0.0,1.0,0.0
ETHUSDT,2025-06-24,0.0,0.0,1.0,0.0
ETHUSDT,2025-06-25,0.0,0.0,1.0,0.0
ETHUSDT,2025-06-26,0.0,0.0,1.0,0.0
ETHUSDT,2025-06-27,0.0028,0.9972,0.0,0.0028
ETHUSDT,2025-06-28,0.0008,0.9992,0.0,0.0008
ETHUSDT,2025-06-29,0.002,0.998,0.0,0.002
ETHUSDT,2025-06-30,0.0024,0.9976,0.0,0.0024
ETHUSDT,2025-07-01,0.0,0.0,1.0,0.0
ETHUSDT,2025-07-02,0.0074,0.9926,0.0,0.0074
ETHUSDT,2025-07-03,0.0011,0.9989,0.0,0.0011
ETHUSDT,2025-07-04,0.0001,0.9999,0.0,0.0001
ETHUSDT,2025-07-05,0.0001,0.9999,0.0,0.0001
ETHUSDT,2025-07-06,0.0001,0.9999,0.0,0.0001
ETHUSDT,2025-07-07,0.0008,0.9992,0.0,0.0008
ETHUSDT,2025-07-08,0.0146,0.9854,0.0,0.0146
ETHUSDT,2025-07-09,0.0799,0.9201,0.0,0.0799
ETHUSDT,2025-07-10,0.547,0.453,0.0,0.547
ETHUSDT,2025-07-11,0.9454,0.0546,0.0,0.9454
ETHUSDT,2025-07-12,0.99,0.01,0.0,0.99
ETHUSDT,2025-07-13,0.9973,0.0027,0.0,0.9973
ETHUSDT,2025-07-14,0.9998,0.0002,0.0,0.9998
ETHUSDT,2025-07-15,1.0,0.0,0.0,1.0
ETHUSDT,2025-07-16,1.0,0.0,0.0,1.0
ETHUSDT,2025-07-17,0.9999,0.0001,0.0,0.9999
ETHUSDT,2025-07-18,1.0,0.0,0.0,1.0
ETHUSDT,2025-07-19,1.0,0.0,0.0,1.0
ETHUSDT,2025-07-20,1.0,0.0,0.0,1.0
ETHUSDT,2025-07-21,1.0,0.0,0.0,1.0
ETHUSDT,2025-07-22,0.9732,0.0268,0.0,0.9732
ETHUSDT,2025-07-23,0.1656,0.8344,0.0,0.1656
ETHUSDT,2025-07-24,0.0216,0.9784,0.0,0.0216
ETHUSDT,2025-07-25,0.0021,0.9979,0.0,0.0021
ETHUSDT,2025-07-26,0.0003,0.9997,0.0,0.0003
ETHUSDT,2025-07-27,0.0001,0.9999,0.0,0.0001
ETHUSDT,2025-07-28,0.0001,0.9999,0.0,0.0001
ETHUSDT,2025-07-29,0.0002,0.9998,0.0,0.0002
ETHUSDT,2025-07-30,0.0023,0.9977,0.0,0.0023
ETHUSDT,2025-07-31,0.0,0.0,1.0,0.0
ETHUSDT,2025-08-01,0.0,0.0,1.0,0.0
ETHUSDT,2025-08-02,0.0,0.0,1.0,0.0
ETHUSDT,2025-08-03,0.0,0.0,1.0,0.0
ETHUSDT,2025-08-04,0.0,0.0,1.0,0.0
ETHUSDT,2025-08-05,0.0,0.0,1.0,0.0
ETHUSDT,2025-08-06,0.0,0.0,1.0,0.0
ETHUSDT,2025-08-07,0.8027,0.1973,0.0,0.8027
ETHUSDT,2025-08-08,0.9435,0.0565,0.0,0.9435
ETHUSDT,2025-08-09,1.0,0.0,0.0,1.0
ETHUSDT,2025-08-10,1.0,0.0,0.0,1.0
ETHUSDT,2025-08-11,0.9991,0.0009,0.0,0.9991
ETHUSDT,2025-08-12,1.0,0.0,0.0,1.0
ETHUSDT,2025-08-13,1.0,0.0,0.0,1.0
ETHUSDT,2025-08-14,0.7942,0.2058,0.0,0.7942
ETHUSDT,2025-08-15,0.1802,0.8198,0.0,0.1802
ETHUSDT,2025-08-16,0.0083,0.9917,0.0,0.0083
ETHUSDT,2025-08-17,0.0009,0.9991,0.0,0.0009
ETHUSDT,2025-08-18,0.0011,0.9989,0.0,0.0011
ETHUSDT,2025-08-19,0.0,0.0,1.0,0.0
ETHUSDT,2025-08-20,0.0,0.0,1.0,0.0
ETHUSDT,2025-08-21,0.0,0.0,1.0,0.0
ETHUSDT,2025-08-22,0.0034,0.9966,0.0,0.0034
ETHUSDT,2025-08-23,0.0002,0.9998,0.0,0.0002
ETHUSDT,2025-08-24,0.0,1.0,0.0,0.0
ETHUSDT,2025-08-25,0.0,1.0,0.0,0.0
ETHUSDT,2025-08-26,0.0002,0.9998,0.0,0.0002
ETHUSDT,2025-08-27,0.0,1.0,0.0,0.0
ETHUSDT,2025-08-28,0.0006,0.9994,0.0,0.0006
ETHUSDT,2025-08-29,0.0,0.0,1.0,0.0
ETHUSDT,2025-08-30,0.0,0.0,1.0,0.0
ETHUSDT,2025-08-31,0.0,0.0,1.0,0.0
ETHUSDT,2025-09-01,0.0,0.0,1.0,0.0
ETHUSDT,2025-09-02,0.0,0.0,1.0,0.0
ETHUSDT,2025-09-03,0.0,0.0,1.0,0.0
ETHUSDT,2025-09-04,0.0,0.0,1.0,0.0
ETHUSDT,2025-09-05,0.0,0.0,1.0,0.0
ETHUSDT,2025-09-06,0.0,0.0,1.0,0.0
ETHUSDT,2025-09-07,0.0,0.0,1.0,0.0
ETHUSDT,2025-09-08,0.0,0.0,1.0,0.0
ETHUSDT,2025-09-09,0.0,0.0,1.0,0.0
ETHUSDT,2025-09-10,0.0,0.0,1.0,0.0
ETHUSDT,2025-09-11,0.0031,0.9969,0.0,0.0031
ETHUSDT,2025-09-12,0.0013,0.9987,0.0,0.0013
ETHUSDT,2025-09-13,0.0007,0.9993,0.0,0.0007
ETHUSDT,2025-09-14,0.0003,0.9997,0.0,0.0003
ETHUSDT,2025-09-15,0.0002,0.9998,0.0,0.0002
ETHUSDT,2025-09-16,0.0001,0.9999,0.0,0.0001
ETHUSDT,2025-09-17,0.0003,0.9997,0.0,0.0003
ETHUSDT,2025-09-18,0.0017,0.9983,0.0,0.0017
ETHUSDT,2025-09-19,0.0,0.0,1.0,0.0
ETHUSDT,2025-09-20,0.0,0.0,1.0,0.0
ETHUSDT,2025-09-21,0.0,0.0,1.0,0.0
ETHUSDT,2025-09-22,0.0,0.0,1.0,0.0
ETHUSDT,2025-09-23,0.0,0.0,1.0,0.0
ETHUSDT,2025-09-24,0.0,0.0,1.0,0.0
ETHUSDT,2025-09-25,0.0,0.0,1.0,0.0
ETHUSDT,2025-09-26,0.0,0.0,1.0,0.0
ETHUSDT,2025-09-27,0.0,0.0,1.0,0.0
ETHUSDT,2025-09-28,0.0,0.0,1.0,0.0
ETHUSDT,2025-09-29,0.0524,0.9432,0.0044,0.0524
ETHUSDT,2025-09-30,0.0,0.0,1.0,0.0
ETHUSDT,2025-10-01,0.0555,0.9445,0.0,0.0555
ETHUSDT,2025-10-02,0.0622,0.9378,0.0,0.0622
ETHUSDT,2025-10-03,0.0394,0.9606,0.0,0.0394
ETHUSDT,2025-10-04,0.0214,0.9786,0.0,0.0214
ETHUSDT,2025-10-05,0.0075,0.9925,0.0,0.0075
ETHUSDT,2025-10-06,0.0041,0.9959,0.0,0.0041
ETHUSDT,2025-10-07,0.0015,0.9985,0.0,0.0015
ETHUSDT,2025-10-08,0.0025,0.9975,0.0,0.0025
ETHUSDT,2025-10-09,0.0,0.0,1.0,0.0
ETHUSDT,2025-10-10,0.0,0.0,1.0,0.0
ETHUSDT,2025-10-11,0.0,0.0,1.0,0.0
ETHUSDT,2025-10-12,0.0,0.0,1.0,0.0
ETHUSDT,2025-10-13,0.0,0.0,1.0,0.0
ETHUSDT,2025-10-14,0.0,0.0,1.0,0.0
ETHUSDT,2025-10-15,0.0,0.0,1.0,0.0
ETHUSDT,2025-10-16,0.0,0.0,1.0,0.0
ETHUSDT,2025-10-17,0.0,0.0,1.0,0.0
ETHUSDT,2025-10-18,0.0345,0.9655,0.0,0.0345
ETHUSDT,2025-10-19,0.0,0.0,1.0,0.0
ETHUSDT,2025-10-20,0.0,0.0,1.0,0.0
ETHUSDT,2025-10-21,0.0,0.0,1.0,0.0
ETHUSDT,2025-10-22,0.0,0.0,1.0,0.0
ETHUSDT,2025-10-23,0.0,0.0,1.0,0.0
ETHUSDT,2025-10-24,0.0017,0.9983,0.0,0.0017
ETHUSDT,2025-10-25,0.0001,0.9999,0.0,0.0001
ETHUSDT,2025-10-26,0.0,1.0,0.0,0.0
ETHUSDT,2025-10-27,0.0,1.0,0.0,0.0
ETHUSDT,2025-10-28,0.0,1.0,0.0,0.0
ETHUSDT,2025-10-29,0.0006,0.9994,0.0,0.0006
ETHUSDT,2025-10-30,0.0,0.0,1.0,0.0
ETHUSDT,2025-10-31,0.0,0.0,1.0,0.0
ETHUSDT,2025-11-01,0.0,0.0,1.0,0.0
ETHUSDT,2025-11-02,0.0,0.0,1.0,0.0
ETHUSDT,2025-11-03,0.0,0.0,1.0,0.0
ETHUSDT,2025-11-04,0.0,0.0,1.0,0.0
ETHUSDT,2025-11-05,0.0,0.0,1.0,0.0
ETHUSDT,2025-11-06,0.0,0.0,1.0,0.0
ETHUSDT,2025-11-07,0.0,0.0,1.0,0.0
ETHUSDT,2025-11-08,0.0,0.0,1.0,0.0
ETHUSDT,2025-11-09,0.0,0.0,1.0,0.0
ETHUSDT,2025-11-10,0.0,0.0,1.0,0.0
ETHUSDT,2025-11-11,0.0606,0.9394,0.0,0.0606
ETHUSDT,2025-11-12,0.0,0.0,1.0,0.0
ETHUSDT,2025-11-13,0.0,0.0,1.0,0.0
ETHUSDT,2025-11-14,0.0,0.0,1.0,0.0
ETHUSDT,2025-11-15,0.0,0.0,1.0,0.0
ETHUSDT,2025-11-16,0.0,0.0,1.0,0.0
ETHUSDT,2025-11-17,0.0,0.0,1.0,0.0
ETHUSDT,2025-11-18,0.0,0.0,1.0,0.0
ETHUSDT,2025-11-19,0.0,0.0,1.0,0.0
ETHUSDT,2025-11-20,0.0,0.0,1.0,0.0
ETHUSDT,2025-11-21,0.0,0.0,1.0,0.0
ETHUSDT,2025-11-22,0.0,0.0,1.0,0.0
ETHUSDT,2025-11-23,0.0,0.0,1.0,0.0
ETHUSDT,2025-11-24,0.0,0.0,1.0,0.0
ETHUSDT,2025-11-25,0.0,0.0,1.0,0.0
ETHUSDT,2025-11-26,0.0026,0.9972,0.0002,0.0026
ETHUSDT,2025-11-27,0.0005,0.9995,0.0,0.0005
ETHUSDT,2025-11-28,0.0008,0.9992,0.0,0.0008
ETHUSDT,2025-11-29,0.0011,0.9989,0.0,0.0011
ETHUSDT,2025-11-30,0.0041,0.9959,0.0,0.0041
ETHUSDT,2025-12-01,0.0,0.0,1.0,0.0
ETHUSDT,2025-12-02,0.0027,0.9973,0.0,0.0027
ETHUSDT,2025-12-03,0.0005,0.9995,0.0,0.0005
ETHUSDT,2025-12-04,0.0015,0.9985,0.0,0.0015
ETHUSDT,2025-12-05,0.0,0.0,1.0,0.0
ETHUSDT,2025-12-06,0.0025,0.9975,0.0,0.0025
ETHUSDT,2025-12-07,0.0002,0.9998,0.0,0.0002
ETHUSDT,2025-12-08,0.0008,0.9992,0.0,0.0008
ETHUSDT,2025-12-09,0.0006,0.9994,0.0,0.0006
ETHUSDT,2025-12-10,0.0001,0.9999,0.0,0.0001
ETHUSDT,2025-12-11,0.0001,0.9999,0.0,0.0001
ETHUSDT,2025-12-12,0.0001,0.9999,0.0,0.0001
ETHUSDT,2025-12-13,0.0011,0.9989,0.0,0.0011
ETHUSDT,2025-12-14,0.0,0.0,1.0,0.0
ETHUSDT,2025-12-15,0.0,0.0,1.0,0.0
ETHUSDT,2025-12-16,0.0,0.0,1.0,0.0
ETHUSDT,2025-12-17,0.0,0.0,1.0,0.0
ETHUSDT,2025-12-18,0.0,0.0,1.0,0.0
ETHUSDT,2025-12-19,0.0,0.0,1.0,0.0
ETHUSDT,2025-12-20,0.0,0.0,1.0,0.0
ETHUSDT,2025-12-21,0.0,0.0,1.0,0.0
ETHUSDT,2025-12-22,0.0494,0.9506,0.0,0.0494
ETHUSDT,2025-12-23,0.0,0.0,1.0,0.0
ETHUSDT,2025-12-24,0.0106,0.9894,0.0,0.0106
ETHUSDT,2025-12-25,0.0073,0.9927,0.0,0.0073
ETHUSDT,2025-12-26,0.0,0.0,1.0,0.0
ETHUSDT,2025-12-27,0.0,0.0,1.0,0.0
ETHUSDT,2025-12-28,0.0,0.0,1.0,0.0
ETHUSDT,2025-12-29,0.0,0.0,1.0,0.0
ETHUSDT,2025-12-30,0.0029,0.997,0.0002,0.0029
ETHUSDT,2025-12-31,0.0002,0.9998,0.0,0.0002
ETHUSDT,2026-01-01,0.0001,0.9999,0.0,0.0001
ETHUSDT,2026-01-02,0.0002,0.9998,0.0,0.0002
ETHUSDT,2026-01-03,0.0002,0.9998,0.0,0.0002
ETHUSDT,2026-01-04,0.0003,0.9997,0.0,0.0003
ETHUSDT,2026-01-05,0.001,0.999,0.0,0.001
ETHUSDT,2026-01-06,0.0014,0.9986,0.0,0.0014
ETHUSDT,2026-01-07,0.0008,0.9992,0.0,0.0008
ETHUSDT,2026-01-08,0.0021,0.9979,0.0,0.0021
ETHUSDT,2026-01-09,0.0,0.0,1.0,0.0
ETHUSDT,2026-01-10,0.0,0.0,1.0,0.0
ETHUSDT,2026-01-11,0.0,0.0,1.0,0.0
ETHUSDT,2026-01-12,0.0,0.0,1.0,0.0
ETHUSDT,2026-01-13,0.0033,0.9967,0.0,0.0033
ETHUSDT,2026-01-14,0.0006,0.9994,0.0,0.0006
ETHUSDT,2026-01-15,0.0003,0.9997,0.0,0.0003
ETHUSDT,2026-01-16,0.0003,0.9997,0.0,0.0003
ETHUSDT,2026-01-17,0.0003,0.9997,0.0,0.0003
ETHUSDT,2026-01-18,0.0003,0.9997,0.0,0.0003
ETHUSDT,2026-01-19,0.0017,0.9983,0.0,0.0017
ETHUSDT,2026-01-20,0.0,0.0,1.0,0.0
ETHUSDT,2026-01-21,0.0,0.0,1.0,0.0
ETHUSDT,2026-01-22,0.0,0.0,1.0,0.0
ETHUSDT,2026-01-23,0.0,0.0,1.0,0.0
ETHUSDT,2026-01-24,0.0,0.0,1.0,0.0
ETHUSDT,2026-01-25,0.0,0.0,1.0,0.0
ETHUSDT,2026-01-26,0.0,0.0,1.0,0.0
ETHUSDT,2026-01-27,0.0066,0.9934,0.0,0.0066
ETHUSDT,2026-01-28,0.0042,0.9958,0.0,0.0042
ETHUSDT,2026-01-29,0.0,0.0,1.0,0.0
ETHUSDT,2026-01-30,0.0,0.0,1.0,0.0
ETHUSDT,2026-01-31,0.0,0.0,1.0,0.0
ETHUSDT,2026-02-01,0.0,0.0,1.0,0.0
ETHUSDT,2026-02-02,0.0,0.0,1.0,0.0
ETHUSDT,2026-02-03,0.0,0.0,1.0,0.0
ETHUSDT,2026-02-04,0.0,0.0,1.0,0.0
ETHUSDT,2026-02-05,0.0,0.0,1.0,0.0
ETHUSDT,2026-02-06,0.0,0.0,1.0,0.0
ETHUSDT,2026-02-07,0.0,0.0,1.0,0.0
ETHUSDT,2026-02-08,0.0,0.0,1.0,0.0
ETHUSDT,2026-02-09,0.0,0.0,1.0,0.0
ETHUSDT,2026-02-10,0.0,0.0,1.0,0.0
ETHUSDT,2026-02-11,0.0,0.0,1.0,0.0
ETHUSDT,2026-02-12,0.0163,0.9837,0.0,0.0163
ETHUSDT,2026-02-13,0.0,0.0,1.0,0.0
ETHUSDT,2026-02-14,0.0,0.0,1.0,0.0
ETHUSDT,2026-02-15,0.0,0.0,1.0,0.0
ETHUSDT,2026-02-16,0.0,0.0,1.0,0.0
ETHUSDT,2026-02-17,0.0,0.0,1.0,0.0
ETHUSDT,2026-02-18,0.0003,0.9997,0.0,0.0003
ETHUSDT,2026-02-19,0.0001,0.9998,0.0001,0.0001
ETHUSDT,2026-02-20,0.0,0.0,1.0,0.0
ETHUSDT,2026-02-21,0.0,0.0,1.0,0.0
ETHUSDT,2026-02-22,0.0,0.0,1.0,0.0
ETHUSDT,2026-02-23,0.0,0.0,1.0,0.0
ETHUSDT,2026-02-24,0.0,0.0,1.0,0.0
ETHUSDT,2026-02-25,0.0009,0.9991,0.0,0.0009
ETHUSDT,2026-02-26,0.001,0.999,0.0,0.001
ETHUSDT,2026-02-27,0.0,0.0,1.0,0.0
ETHUSDT,2026-02-28,0.0,0.0,1.0,0.0
ETHUSDT,2026-03-01,0.0,0.0,1.0,0.0
ETHUSDT,2026-03-02,0.0122,0.9878,0.0,0.0122
ETHUSDT,2026-03-03,0.0012,0.9988,0.0,0.0012
ETHUSDT,2026-03-04,0.0001,0.9999,0.0,0.0001
ETHUSDT,2026-03-05,0.0,1.0,0.0,0.0
ETHUSDT,2026-03-06,0.0001,0.9999,0.0,0.0001
ETHUSDT,2026-03-07,0.0006,0.9992,0.0002,0.0006
ETHUSDT,2026-03-08,0.0,0.0,1.0,0.0
ETHUSDT,2026-03-09,0.0,0.0,1.0,0.0
ETHUSDT,2026-03-10,0.0479,0.9521,0.0,0.0479
ETHUSDT,2026-03-11,0.0,0.0,1.0,0.0
ETHUSDT,2026-03-12,0.0019,0.9979,0.0002,0.0019
ETHUSDT,2026-03-13,0.0003,0.9997,0.0,0.0003
ETHUSDT,2026-03-14,0.0009,0.9991,0.0,0.0009
ETHUSDT,2026-03-15,0.0091,0.9909,0.0,0.0091
ETHUSDT,2026-03-16,0.0227,0.9773,0.0,0.0227
ETHUSDT,2026-03-17,0.0123,0.9877,0.0,0.0123
ETHUSDT,2026-03-18,0.0016,0.9984,0.0,0.0016
ETHUSDT,2026-03-19,0.0002,0.9998,0.0,0.0002
ETHUSDT,2026-03-20,0.0012,0.9988,0.0,0.0012
ETHUSDT,2026-03-21,0.0,0.0,1.0,0.0
ETHUSDT,2026-03-22,0.0,0.0,1.0,0.0
ETHUSDT,2026-03-23,0.0,0.0,1.0,0.0
ETHUSDT,2026-03-24,0.0,0.0,1.0,0.0
ETHUSDT,2026-03-25,0.0,0.0,1.0,0.0
ETHUSDT,2026-03-26,0.0,0.0,1.0,0.0
ETHUSDT,2026-03-27,0.0,0.0,1.0,0.0
ETHUSDT,2026-03-28,0.0,0.0,1.0,0.0
ETHUSDT,2026-03-29,0.0,0.0,1.0,0.0
ETHUSDT,2026-03-30,0.0,0.0,1.0,0.0
ETHUSDT,2026-03-31,0.0,0.0,1.0,0.0
ETHUSDT,2026-04-01,0.0,0.0,1.0,0.0
ETHUSDT,2026-04-02,0.0,0.0,1.0,0.0
ETHUSDT,2026-04-03,0.0035,0.9965,0.0,0.0035
ETHUSDT,2026-04-04,0.0003,0.9997,0.0,0.0003
ETHUSDT,2026-04-05,0.0002,0.9998,0.0,0.0002
ETHUSDT,2026-04-06,0.0001,0.9999,0.0,0.0001
ETHUSDT,2026-04-07,0.0002,0.9998,0.0,0.0002
ETHUSDT,2026-04-08,0.0001,0.9999,0.0,0.0001
ETHUSDT,2026-04-09,0.0002,0.9998,0.0,0.0002
ETHUSDT,2026-04-10,0.0006,0.9994,0.0,0.0006
ETHUSDT,2026-04-11,0.0008,0.9992,0.0,0.0008
ETHUSDT,2026-04-12,0.0002,0.9998,0.0,0.0002
ETHUSDT,2026-04-13,0.0011,0.9989,0.0,0.0011
ETHUSDT,2026-04-14,0.0001,0.9999,0.0,0.0001
ETHUSDT,2026-04-15,0.0002,0.9998,0.0,0.0002
ETHUSDT,2026-04-16,0.0002,0.9998,0.0,0.0002
ETHUSDT,2026-04-17,0.0003,0.9997,0.0,0.0003
ETHUSDT,2026-04-18,0.0002,0.9998,0.0,0.0002
ETHUSDT,2026-04-19,0.0015,0.9985,0.0,0.0015
ETHUSDT,2026-04-20,0.0,0.0,1.0,0.0
ETHUSDT,2026-04-21,0.0044,0.9953,0.0002,0.0044
ETHUSDT,2026-04-22,0.003,0.997,0.0,0.003
ETHUSDT,2026-04-23,0.0,0.0,1.0,0.0
ETHUSDT,2026-04-24,0.0,0.0,1.0,0.0
ETHUSDT,2026-04-25,0.0,0.0,1.0,0.0
ETHUSDT,2026-04-26,0.0956,0.9044,0.0,0.0956
ETHUSDT,2026-04-27,0.0,0.0,1.0,0.0
ETHUSDT,2026-04-28,0.0,0.0,1.0,0.0
ETHUSDT,2026-04-29,0.0,0.0,1.0,0.0
ETHUSDT,2026-04-30,0.0,0.0,1.0,0.0
ETHUSDT,2026-05-01,0.0,0.0,1.0,0.0
ETHUSDT,2026-05-02,0.0,0.0,1.0,0.0
ETHUSDT,2026-05-03,0.0,0.0,1.0,0.0
ETHUSDT,2026-05-04,0.0035,0.9965,0.0,0.0035
ETHUSDT,2026-05-05,0.0003,0.9997,0.0,0.0003
ETHUSDT,2026-05-06,0.0001,0.9999,0.0,0.0001
ETHUSDT,2026-05-07,0.0001,0.9999,0.0,0.0001
ETHUSDT,2026-05-08,0.0001,0.9999,0.0,0.0001
ETHUSDT,2026-05-09,0.0001,0.9999,0.0,0.0001
ETHUSDT,2026-05-10,0.0012,0.9988,0.0,0.0012
ETHUSDT,2026-05-11,0.0,0.0,1.0,0.0
ETHUSDT,2026-05-12,0.0,0.0,1.0,0.0
ETHUSDT,2026-05-13,0.0,0.0,1.0,0.0
ETHUSDT,2026-05-14,0.0,0.0,1.0,0.0
ETHUSDT,2026-05-15,0.0,0.0,1.0,0.0
ETHUSDT,2026-05-16,0.0,0.0,1.0,0.0
ETHUSDT,2026-05-17,0.0,0.0,1.0,0.0
ETHUSDT,2026-05-18,0.0,0.0,1.0,0.0
ETHUSDT,2026-05-19,0.0,0.0,1.0,0.0
ETHUSDT,2026-05-20,0.0,0.0,1.0,0.0
ETHUSDT,2026-05-21,0.0,0.0,1.0,0.0
ETHUSDT,2026-05-22,0.0,0.0,1.0,0.0
ETHUSDT,2026-05-23,0.0,0.0,1.0,0.0
ETHUSDT,2026-05-24,0.0,0.0,1.0,0.0
ETHUSDT,2026-05-25,0.0,0.0,1.0,0.0
ETHUSDT,2026-05-26,0.0,0.0,1.0,0.0
ETHUSDT,2026-05-27,0.0,0.0,1.0,0.0
ETHUSDT,2026-05-28,0.0,0.0,1.0,0.0
ETHUSDT,2026-05-29,0.0,0.0,1.0,0.0
ETHUSDT,2026-05-30,0.0,0.0,1.0,0.0
ETHUSDT,2026-05-31,0.0,0.0,1.0,0.0
ETHUSDT,2026-06-01,0.0,0.0,1.0,0.0
ETHUSDT,2026-06-02,0.0,0.0,1.0,0.0
ETHUSDT,2026-06-03,0.0,0.0,1.0,0.0
ETHUSDT,2026-06-04,0.0,0.0,1.0,0.0
ETHUSDT,2026-06-05,0.0,0.0,1.0,0.0
ETHUSDT,2026-06-06,0.0,0.0,1.0,0.0
ETHUSDT,2026-06-07,0.0,0.0,1.0,0.0
ETHUSDT,2026-06-08,0.0,0.0,1.0,0.0
ETHUSDT,2026-06-09,0.0,0.0,1.0,0.0
ETHUSDT,2026-06-10,0.0,0.0,1.0,0.0
ETHUSDT,2026-06-11,0.0,0.0,1.0,0.0
ETHUSDT,2026-06-12,0.0052,0.9948,0.0,0.0052
ETHUSDT,2026-06-13,0.0007,0.9993,0.0,0.0007
ETHUSDT,2026-06-14,0.0001,0.9999,0.0,0.0001
ETHUSDT,2026-06-15,0.0001,0.9999,0.0,0.0001
ETHUSDT,2026-06-16,0.0003,0.9997,0.0,0.0003
ETHUSDT,2026-06-17,0.0002,0.9998,0.0,0.0002
ETHUSDT,2026-06-18,0.0001,0.9999,0.0,0.0001
ETHUSDT,2026-06-19,0.0001,0.9999,0.0,0.0001
ETHUSDT,2026-06-20,0.0011,0.9989,0.0,0.0011
ETHUSDT,2026-06-21,0.0,0.0,1.0,0.0
ETHUSDT,2026-06-22,0.0,0.0,1.0,0.0
ETHUSDT,2026-06-23,0.0,0.0,1.0,0.0
ETHUSDT,2026-06-24,0.0,0.0,1.0,0.0
ETHUSDT,2026-06-25,0.0,0.0,1.0,0.0
ETHUSDT,2026-06-26,0.0,0.0,1.0,0.0
ETHUSDT,2026-06-27,0.0,0.0,1.0,0.0
ETHUSDT,2026-06-28,0.0,0.0,1.0,0.0
ETHUSDT,2026-06-29,0.0,0.0,1.0,0.0
ETHUSDT,2026-06-30,0.0,0.0,1.0,0.0
ETHUSDT,2026-07-01,0.0,0.0,1.0,0.0
ETHUSDT,2026-07-02,0.1025,0.8975,0.0,0.1025
ETHUSDT,2026-07-03,0.0946,0.9054,0.0,0.0946
ETHUSDT,2026-07-04,0.0926,0.9074,0.0,0.0926
ETHUSDT,2026-07-05,0.0817,0.9183,0.0,0.0817
ETHUSDT,2026-07-06,0.0556,0.9444,0.0,0.0556
ETHUSDT,2026-07-07,0.0347,0.9653,0.0,0.0347
ETHUSDT,2026-07-08,0.0073,0.9927,0.0,0.0073
ETHUSDT,2026-07-09,0.0005,0.9995,0.0,0.0005
ETHUSDT,2026-07-10,0.0001,0.9999,0.0,0.0001
ETHUSDT,2026-07-11,0.0001,0.9999,0.0,0.0001
ETHUSDT,2026-07-12,0.0012,0.9988,0.0,0.0012
ETHUSDT,2026-07-13,0.0,0.0,1.0,0.0
ETHUSDT,2026-07-14,0.0139,0.9861,0.0,0.0139
ETHUSDT,2026-07-15,0.005,0.995,0.0,0.005
ETHUSDT,2026-07-16,0.0009,0.9991,0.0,0.0009
ETHUSDT,2026-07-17,0.0001,0.9999,0.0,0.0001
ETHUSDT,2026-07-18,0.0001,0.9999,0.0,0.0001
ETHUSDT,2026-07-19,0.0001,0.9999,0.0,0.0001
ETHUSDT,2026-07-20,0.0002,0.9998,0.0,0.0002
ETHUSDT,2026-07-21,0.0001,0.9999,0.0,0.0001
ETHUSDT,2026-07-22,0.0001,0.9999,0.0,0.0001
ETHUSDT,2026-07-23,0.0001,0.9999,0.0,0.0001
ETHUSDT,2026-07-24,0.0001,0.9999,0.0,0.0001
ETHUSDT,2026-07-25,0.0001,0.9999,0.0,0.0001
ETHUSDT,2026-07-26,0.0021,0.9979,0.0,0.0021
ETHUSDT,2026-07-27,0.0,0.0,1.0,0.0
ETHUSDT,2026-07-28,0.0,0.0,1.0,0.0
ETHUSDT,2026-07-29,0.0,0.0,1.0,0.0
ETHUSDT,2026-07-30,0.0067,0.9933,0.0,0.0067
ETHUSDT,2026-07-31,0.0042,0.9954,0.0004,0.0042
ETHUSDT,2026-08-01,0.0,0.0,1.0,0.0
ETHUSDT,2026-08-02,0.0,0.0,1.0,0.0
ETHUSDT,2026-08-03,0.0,0.0,1.0,0.0
ETHUSDT,2026-08-04,0.0,0.0,1.0,0.0
ETHUSDT,2026-08-05,0.0,0.0,1.0,0.0
ETHUSDT,2026-08-06,0.0,0.0,1.0,0.0
ETHUSDT,2026-08-07,0.0041,0.9959,0.0,0.0041
ETHUSDT,2026-08-08,0.0004,0.9996,0.0,0.0004
ETHUSDT,2026-08-09,0.0001,0.9999,0.0,0.0001
ETHUSDT,2026-08-10,0.0001,0.9999,0.0,0.0001
ETHUSDT,2026-08-11,0.0011,0.9989,0.0,0.0011
ETHUSDT,2026-08-12,0.0,0.0,1.0,0.0
ETHUSDT,2026-08-13,0.0,0.0,1.0,0.0
SOLUSDT,2020-09-30,1.0,0.0,0.0,1.0
SOLUSDT,2020-10-01,0.0,0.0,1.0,0.0
SOLUSDT,2020-10-02,0.0,0.0,1.0,0.0
SOLUSDT,2020-10-03,0.0,0.0,1.0,0.0
SOLUSDT,2020-10-04,0.0,0.0,1.0,0.0
SOLUSDT,2020-10-05,0.0,0.0,1.0,0.0
SOLUSDT,2020-10-06,0.0,0.0,1.0,0.0
SOLUSDT,2020-10-07,0.0,0.0,1.0,0.0
SOLUSDT,2020-10-08,0.0,0.0,1.0,0.0
SOLUSDT,2020-10-09,0.0,0.0,1.0,0.0
SOLUSDT,2020-10-10,0.0,0.0,1.0,0.0
SOLUSDT,2020-10-11,0.0,0.0,1.0,0.0
SOLUSDT,2020-10-12,0.0,0.0,1.0,0.0
SOLUSDT,2020-10-13,1.0,0.0,0.0,1.0
SOLUSDT,2020-10-14,0.9998,0.0,0.0002,0.9998
SOLUSDT,2020-10-15,0.0,0.0002,0.9998,0.0
SOLUSDT,2020-10-16,0.0,0.0,1.0,0.0
SOLUSDT,2020-10-17,0.0,0.0,1.0,0.0
SOLUSDT,2020-10-18,0.0,0.0,1.0,0.0
SOLUSDT,2020-10-19,0.0,0.0,1.0,0.0
SOLUSDT,2020-10-20,0.0,0.0,1.0,0.0
SOLUSDT,2020-10-21,0.0,0.0,1.0,0.0
SOLUSDT,2020-10-22,0.0,0.0,1.0,0.0
SOLUSDT,2020-10-23,0.0,0.0,1.0,0.0
SOLUSDT,2020-10-24,0.0,0.0,1.0,0.0
SOLUSDT,2020-10-25,0.0,0.0,1.0,0.0
SOLUSDT,2020-10-26,0.0,0.0,1.0,0.0
SOLUSDT,2020-10-27,0.0,0.0002,0.9998,0.0
SOLUSDT,2020-10-28,0.0,0.0,1.0,0.0
SOLUSDT,2020-10-29,0.0,0.0,1.0,0.0
SOLUSDT,2020-10-30,0.0,0.0,1.0,0.0
SOLUSDT,2020-10-31,0.0,0.0,1.0,0.0
SOLUSDT,2020-11-01,0.0,0.0,1.0,0.0
SOLUSDT,2020-11-02,0.0,0.0,1.0,0.0
SOLUSDT,2020-11-03,0.0,0.0,1.0,0.0
SOLUSDT,2020-11-04,0.0,0.0043,0.9957,0.0
SOLUSDT,2020-11-05,0.0,0.0111,0.9889,0.0
SOLUSDT,2020-11-06,1.0,0.0,0.0,1.0
SOLUSDT,2020-11-07,1.0,0.0,0.0,1.0
SOLUSDT,2020-11-08,1.0,0.0,0.0,1.0
SOLUSDT,2020-11-09,1.0,0.0,0.0,1.0
SOLUSDT,2020-11-10,1.0,0.0,0.0,1.0
SOLUSDT,2020-11-11,1.0,0.0,0.0,1.0
SOLUSDT,2020-11-12,1.0,0.0,0.0,1.0
SOLUSDT,2020-11-13,1.0,0.0,0.0,1.0
SOLUSDT,2020-11-14,0.0,0.0,1.0,0.0
SOLUSDT,2020-11-15,0.0,0.0,1.0,0.0
SOLUSDT,2020-11-16,1.0,0.0,0.0,1.0
SOLUSDT,2020-11-17,0.0,0.0,1.0,0.0
SOLUSDT,2020-11-18,1.0,0.0,0.0,1.0
SOLUSDT,2020-11-19,1.0,0.0,0.0,1.0
SOLUSDT,2020-11-20,1.0,0.0,0.0,1.0
SOLUSDT,2020-11-21,1.0,0.0,0.0,1.0
SOLUSDT,2020-11-22,1.0,0.0,0.0,1.0
SOLUSDT,2020-11-23,1.0,0.0,0.0,1.0
SOLUSDT,2020-11-24,1.0,0.0,0.0,1.0
SOLUSDT,2020-11-25,1.0,0.0,0.0,1.0
SOLUSDT,2020-11-26,0.0,0.0,1.0,0.0
SOLUSDT,2020-11-27,0.0,0.0,1.0,0.0
SOLUSDT,2020-11-28,0.0,0.0,1.0,0.0
SOLUSDT,2020-11-29,0.0,0.0,1.0,0.0
SOLUSDT,2020-11-30,0.0,0.0,1.0,0.0
SOLUSDT,2020-12-01,0.0,0.0,1.0,0.0
SOLUSDT,2020-12-02,0.0,0.0,1.0,0.0
SOLUSDT,2020-12-03,1.0,0.0,0.0,1.0
SOLUSDT,2020-12-04,0.0,0.0,1.0,0.0
SOLUSDT,2020-12-05,1.0,0.0,0.0,1.0
SOLUSDT,2020-12-06,0.0,0.0,1.0,0.0
SOLUSDT,2020-12-07,0.0,0.0,1.0,0.0
SOLUSDT,2020-12-08,0.0,0.0,1.0,0.0
SOLUSDT,2020-12-09,0.0,0.0,1.0,0.0
SOLUSDT,2020-12-10,0.0,0.0,1.0,0.0
SOLUSDT,2020-12-11,0.0,0.0,1.0,0.0
SOLUSDT,2020-12-12,0.0,0.0,1.0,0.0
SOLUSDT,2020-12-13,0.0,0.0,1.0,0.0
SOLUSDT,2020-12-14,0.0,0.0,1.0,0.0
SOLUSDT,2020-12-15,1.0,0.0,0.0,1.0
SOLUSDT,2020-12-16,1.0,0.0,0.0,1.0
SOLUSDT,2020-12-17,1.0,0.0,0.0,1.0
SOLUSDT,2020-12-18,1.0,0.0,0.0,1.0
SOLUSDT,2020-12-19,1.0,0.0,0.0,1.0
SOLUSDT,2020-12-20,0.0,0.0002,0.9998,0.0
SOLUSDT,2020-12-21,0.0,0.0,1.0,0.0
SOLUSDT,2020-12-22,0.0,0.0,1.0,0.0
SOLUSDT,2020-12-23,0.0,0.0,1.0,0.0
SOLUSDT,2020-12-24,0.0,0.0,1.0,0.0
SOLUSDT,2020-12-25,0.0,0.0,1.0,0.0
SOLUSDT,2020-12-26,0.0,0.0,1.0,0.0
SOLUSDT,2020-12-27,0.0,0.0,1.0,0.0
SOLUSDT,2020-12-28,0.0,0.0,1.0,0.0
SOLUSDT,2020-12-29,1.0,0.0,0.0,1.0
SOLUSDT,2020-12-30,1.0,0.0,0.0,1.0
SOLUSDT,2020-12-31,1.0,0.0,0.0,1.0
SOLUSDT,2021-01-01,1.0,0.0,0.0,1.0
SOLUSDT,2021-01-02,1.0,0.0,0.0,1.0
SOLUSDT,2021-01-03,1.0,0.0,0.0,1.0
SOLUSDT,2021-01-04,1.0,0.0,0.0,1.0
SOLUSDT,2021-01-05,1.0,0.0,0.0,1.0
SOLUSDT,2021-01-06,1.0,0.0,0.0,1.0
SOLUSDT,2021-01-07,1.0,0.0,0.0,1.0
SOLUSDT,2021-01-08,1.0,0.0,0.0,1.0
SOLUSDT,2021-01-09,1.0,0.0,0.0,1.0
SOLUSDT,2021-01-10,1.0,0.0,0.0,1.0
SOLUSDT,2021-01-11,1.0,0.0,0.0,1.0
SOLUSDT,2021-01-12,1.0,0.0,0.0,1.0
SOLUSDT,2021-01-13,1.0,0.0,0.0,1.0
SOLUSDT,2021-01-14,1.0,0.0,0.0,1.0
SOLUSDT,2021-01-15,1.0,0.0,0.0,1.0
SOLUSDT,2021-01-16,1.0,0.0,0.0,1.0
SOLUSDT,2021-01-17,1.0,0.0,0.0,1.0
SOLUSDT,2021-01-18,1.0,0.0,0.0,1.0
SOLUSDT,2021-01-19,0.9999,0.0,0.0001,0.9999
SOLUSDT,2021-01-20,1.0,0.0,0.0,1.0
SOLUSDT,2021-01-21,0.0,0.0,1.0,0.0
SOLUSDT,2021-01-22,1.0,0.0,0.0,1.0
SOLUSDT,2021-01-23,1.0,0.0,0.0,1.0
SOLUSDT,2021-01-24,0.0,0.0,1.0,0.0
SOLUSDT,2021-01-25,0.0,0.0,1.0,0.0
SOLUSDT,2021-01-26,1.0,0.0,0.0,1.0
SOLUSDT,2021-01-27,0.0,0.0,1.0,0.0
SOLUSDT,2021-01-28,1.0,0.0,0.0,1.0
SOLUSDT,2021-01-29,1.0,0.0,0.0,1.0
SOLUSDT,2021-01-30,1.0,0.0,0.0,1.0
SOLUSDT,2021-01-31,1.0,0.0,0.0,1.0
SOLUSDT,2021-02-01,1.0,0.0,0.0,1.0
SOLUSDT,2021-02-02,1.0,0.0,0.0,1.0
SOLUSDT,2021-02-03,1.0,0.0,0.0,1.0
SOLUSDT,2021-02-04,1.0,0.0,0.0,1.0
SOLUSDT,2021-02-05,1.0,0.0,0.0,1.0
SOLUSDT,2021-02-06,1.0,0.0,0.0,1.0
SOLUSDT,2021-02-07,1.0,0.0,0.0,1.0
SOLUSDT,2021-02-08,1.0,0.0,0.0,1.0
SOLUSDT,2021-02-09,1.0,0.0,0.0,1.0
SOLUSDT,2021-02-10,1.0,0.0,0.0,1.0
SOLUSDT,2021-02-11,1.0,0.0,0.0,1.0
SOLUSDT,2021-02-12,1.0,0.0,0.0,1.0
SOLUSDT,2021-02-13,1.0,0.0,0.0,1.0
SOLUSDT,2021-02-14,1.0,0.0,0.0,1.0
SOLUSDT,2021-02-15,1.0,0.0,0.0,1.0
SOLUSDT,2021-02-16,1.0,0.0,0.0,1.0
SOLUSDT,2021-02-17,0.0,0.0,1.0,0.0
SOLUSDT,2021-02-18,0.0,0.0,1.0,0.0
SOLUSDT,2021-02-19,1.0,0.0,0.0,1.0
SOLUSDT,2021-02-20,1.0,0.0,0.0,1.0
SOLUSDT,2021-02-21,1.0,0.0,0.0,1.0
SOLUSDT,2021-02-22,1.0,0.0,0.0,1.0
SOLUSDT,2021-02-23,1.0,0.0,0.0,1.0
SOLUSDT,2021-02-24,1.0,0.0,0.0,1.0
SOLUSDT,2021-02-25,1.0,0.0,0.0,1.0
SOLUSDT,2021-02-26,1.0,0.0,0.0,1.0
SOLUSDT,2021-02-27,1.0,0.0,0.0,1.0
SOLUSDT,2021-02-28,1.0,0.0,0.0,1.0
SOLUSDT,2021-03-01,1.0,0.0,0.0,1.0
SOLUSDT,2021-03-02,0.0,0.0,1.0,0.0
SOLUSDT,2021-03-03,0.0,0.0,1.0,0.0
SOLUSDT,2021-03-04,0.0,0.0,1.0,0.0
SOLUSDT,2021-03-05,0.0,0.0,1.0,0.0
SOLUSDT,2021-03-06,0.0,0.0,1.0,0.0
SOLUSDT,2021-03-07,1.0,0.0,0.0,1.0
SOLUSDT,2021-03-08,0.0,0.0,1.0,0.0
SOLUSDT,2021-03-09,1.0,0.0,0.0,1.0
SOLUSDT,2021-03-10,1.0,0.0,0.0,1.0
SOLUSDT,2021-03-11,1.0,0.0,0.0,1.0
SOLUSDT,2021-03-12,1.0,0.0,0.0,1.0
SOLUSDT,2021-03-13,1.0,0.0,0.0,1.0
SOLUSDT,2021-03-14,1.0,0.0,0.0,1.0
SOLUSDT,2021-03-15,1.0,0.0,0.0,1.0
SOLUSDT,2021-03-16,0.0,0.0,1.0,0.0
SOLUSDT,2021-03-17,0.0,0.0,1.0,0.0
SOLUSDT,2021-03-18,0.0,0.0,1.0,0.0
SOLUSDT,2021-03-19,0.0,0.0,1.0,0.0
SOLUSDT,2021-03-20,0.0,0.0,1.0,0.0
SOLUSDT,2021-03-21,0.0,0.0,1.0,0.0
SOLUSDT,2021-03-22,1.0,0.0,0.0,1.0
SOLUSDT,2021-03-23,1.0,0.0,0.0,1.0
SOLUSDT,2021-03-24,0.0,0.0021,0.9979,0.0
SOLUSDT,2021-03-25,0.0,0.0017,0.9983,0.0
SOLUSDT,2021-03-26,1.0,0.0,0.0,1.0
SOLUSDT,2021-03-27,1.0,0.0,0.0,1.0
SOLUSDT,2021-03-28,1.0,0.0,0.0,1.0
SOLUSDT,2021-03-29,1.0,0.0,0.0,1.0
SOLUSDT,2021-03-30,1.0,0.0,0.0,1.0
SOLUSDT,2021-03-31,1.0,0.0,0.0,1.0
SOLUSDT,2021-04-01,1.0,0.0,0.0,1.0
SOLUSDT,2021-04-02,1.0,0.0,0.0,1.0
SOLUSDT,2021-04-03,1.0,0.0,0.0,1.0
SOLUSDT,2021-04-04,1.0,0.0,0.0,1.0
SOLUSDT,2021-04-05,1.0,0.0,0.0,1.0
SOLUSDT,2021-04-06,1.0,0.0,0.0,1.0
SOLUSDT,2021-04-07,1.0,0.0,0.0,1.0
SOLUSDT,2021-04-08,1.0,0.0,0.0,1.0
SOLUSDT,2021-04-09,1.0,0.0,0.0,1.0
SOLUSDT,2021-04-10,1.0,0.0,0.0,1.0
SOLUSDT,2021-04-11,1.0,0.0,0.0,1.0
SOLUSDT,2021-04-12,1.0,0.0,0.0,1.0
SOLUSDT,2021-04-13,1.0,0.0,0.0,1.0
SOLUSDT,2021-04-14,0.0,0.0052,0.9948,0.0
SOLUSDT,2021-04-15,1.0,0.0,0.0,1.0
SOLUSDT,2021-04-16,0.0,0.0006,0.9994,0.0
SOLUSDT,2021-04-17,0.0,0.0013,0.9987,0.0
SOLUSDT,2021-04-18,1.0,0.0,0.0,1.0
SOLUSDT,2021-04-19,1.0,0.0,0.0,1.0
SOLUSDT,2021-04-20,1.0,0.0,0.0,1.0
SOLUSDT,2021-04-21,1.0,0.0,0.0,1.0
SOLUSDT,2021-04-22,1.0,0.0,0.0,1.0
SOLUSDT,2021-04-23,1.0,0.0,0.0,1.0
SOLUSDT,2021-04-24,1.0,0.0,0.0,1.0
SOLUSDT,2021-04-25,1.0,0.0,0.0,1.0
SOLUSDT,2021-04-26,1.0,0.0,0.0,1.0
SOLUSDT,2021-04-27,1.0,0.0,0.0,1.0
SOLUSDT,2021-04-28,1.0,0.0,0.0,1.0
SOLUSDT,2021-04-29,1.0,0.0,0.0,1.0
SOLUSDT,2021-04-30,1.0,0.0,0.0,1.0
SOLUSDT,2021-05-01,1.0,0.0,0.0,1.0
SOLUSDT,2021-05-02,0.0,0.0,1.0,0.0
SOLUSDT,2021-05-03,1.0,0.0,0.0,1.0
SOLUSDT,2021-05-04,0.0,0.0,1.0,0.0
SOLUSDT,2021-05-05,0.9933,0.0,0.0067,0.9933
SOLUSDT,2021-05-06,1.0,0.0,0.0,1.0
SOLUSDT,2021-05-07,0.9955,0.0,0.0045,0.9955
SOLUSDT,2021-05-08,0.0,0.0,1.0,0.0
SOLUSDT,2021-05-09,0.0,0.0,1.0,0.0
SOLUSDT,2021-05-10,0.0,0.0,1.0,0.0
SOLUSDT,2021-05-11,1.0,0.0,0.0,1.0
SOLUSDT,2021-05-12,0.0,0.0,1.0,0.0
SOLUSDT,2021-05-13,0.0,0.0,1.0,0.0
SOLUSDT,2021-05-14,0.0,0.0,1.0,0.0
SOLUSDT,2021-05-15,0.0,0.0,1.0,0.0
SOLUSDT,2021-05-16,1.0,0.0,0.0,1.0
SOLUSDT,2021-05-17,1.0,0.0,0.0,1.0
SOLUSDT,2021-05-18,1.0,0.0,0.0,1.0
SOLUSDT,2021-05-19,0.0,0.0,1.0,0.0
SOLUSDT,2021-05-20,1.0,0.0,0.0,1.0
SOLUSDT,2021-05-21,0.0,0.0,1.0,0.0
SOLUSDT,2021-05-22,0.0,0.0,1.0,0.0
SOLUSDT,2021-05-23,0.0,0.0,1.0,0.0
SOLUSDT,2021-05-24,0.0,0.0,1.0,0.0
SOLUSDT,2021-05-25,0.0,0.0,1.0,0.0
SOLUSDT,2021-05-26,0.9876,0.0,0.0124,0.9876
SOLUSDT,2021-05-27,0.0,0.0,1.0,0.0
SOLUSDT,2021-05-28,0.0,0.0,1.0,0.0
SOLUSDT,2021-05-29,0.0,0.0,1.0,0.0
SOLUSDT,2021-05-30,1.0,0.0,0.0,1.0
SOLUSDT,2021-05-31,1.0,0.0,0.0,1.0
SOLUSDT,2021-06-01,1.0,0.0,0.0,1.0
SOLUSDT,2021-06-02,0.0,0.0,1.0,0.0
SOLUSDT,2021-06-03,1.0,0.0,0.0,1.0
SOLUSDT,2021-06-04,1.0,0.0,0.0,1.0
SOLUSDT,2021-06-05,1.0,0.0,0.0,1.0
SOLUSDT,2021-06-06,1.0,0.0,0.0,1.0
SOLUSDT,2021-06-07,1.0,0.0,0.0,1.0
SOLUSDT,2021-06-08,1.0,0.0,0.0,1.0
SOLUSDT,2021-06-09,1.0,0.0,0.0,1.0
SOLUSDT,2021-06-10,1.0,0.0,0.0,1.0
SOLUSDT,2021-06-11,0.0,0.0,1.0,0.0
SOLUSDT,2021-06-12,0.0,0.0,1.0,0.0
SOLUSDT,2021-06-13,0.0,0.0,1.0,0.0
SOLUSDT,2021-06-14,0.9944,0.0,0.0056,0.9944
SOLUSDT,2021-06-15,0.0,0.0,1.0,0.0
SOLUSDT,2021-06-16,0.0,0.0,1.0,0.0
SOLUSDT,2021-06-17,0.0,0.0,1.0,0.0
SOLUSDT,2021-06-18,1.0,0.0,0.0,1.0
SOLUSDT,2021-06-19,0.0,0.0,1.0,0.0
SOLUSDT,2021-06-20,0.0,0.0,1.0,0.0
SOLUSDT,2021-06-21,0.0,0.0,1.0,0.0
SOLUSDT,2021-06-22,0.0,0.0,1.0,0.0
SOLUSDT,2021-06-23,0.0,0.0,1.0,0.0
SOLUSDT,2021-06-24,0.0,0.0,1.0,0.0
SOLUSDT,2021-06-25,0.0,0.0,1.0,0.0
SOLUSDT,2021-06-26,0.0,0.0,1.0,0.0
SOLUSDT,2021-06-27,0.0,0.0,1.0,0.0
SOLUSDT,2021-06-28,1.0,0.0,0.0,1.0
SOLUSDT,2021-06-29,1.0,0.0,0.0,1.0
SOLUSDT,2021-06-30,1.0,0.0,0.0,1.0
SOLUSDT,2021-07-01,1.0,0.0,0.0,1.0
SOLUSDT,2021-07-02,1.0,0.0,0.0,1.0
SOLUSDT,2021-07-03,1.0,0.0,0.0,1.0
SOLUSDT,2021-07-04,1.0,0.0,0.0,1.0
SOLUSDT,2021-07-05,0.9999,0.0,0.0001,0.9999
SOLUSDT,2021-07-06,1.0,0.0,0.0,1.0
SOLUSDT,2021-07-07,1.0,0.0,0.0,1.0
SOLUSDT,2021-07-08,0.0,0.0,1.0,0.0
SOLUSDT,2021-07-09,0.0,0.0,1.0,0.0
SOLUSDT,2021-07-10,0.0,0.0,1.0,0.0
SOLUSDT,2021-07-11,0.0,0.0,1.0,0.0
SOLUSDT,2021-07-12,0.0,0.0,1.0,0.0
SOLUSDT,2021-07-13,0.0,0.0,1.0,0.0
SOLUSDT,2021-07-14,0.0,0.0,1.0,0.0
SOLUSDT,2021-07-15,0.0,0.0,1.0,0.0
SOLUSDT,2021-07-16,0.0,0.0,1.0,0.0
SOLUSDT,2021-07-17,0.0,0.0,1.0,0.0
SOLUSDT,2021-07-18,0.0,0.0,1.0,0.0
SOLUSDT,2021-07-19,0.0,0.0,1.0,0.0
SOLUSDT,2021-07-20,0.0,0.0,1.0,0.0
SOLUSDT,2021-07-21,0.0,0.0,1.0,0.0
SOLUSDT,2021-07-22,0.0,0.0001,0.9999,0.0
SOLUSDT,2021-07-23,1.0,0.0,0.0,1.0
SOLUSDT,2021-07-24,1.0,0.0,0.0,1.0
SOLUSDT,2021-07-25,1.0,0.0,0.0,1.0
SOLUSDT,2021-07-26,1.0,0.0,0.0,1.0
SOLUSDT,2021-07-27,1.0,0.0,0.0,1.0
SOLUSDT,2021-07-28,1.0,0.0,0.0,1.0
SOLUSDT,2021-07-29,1.0,0.0,0.0,1.0
SOLUSDT,2021-07-30,1.0,0.0,0.0,1.0
SOLUSDT,2021-07-31,1.0,0.0,0.0,1.0
SOLUSDT,2021-08-01,1.0,0.0,0.0,1.0
SOLUSDT,2021-08-02,1.0,0.0,0.0,1.0
SOLUSDT,2021-08-03,1.0,0.0,0.0,1.0
SOLUSDT,2021-08-04,1.0,0.0,0.0,1.0
SOLUSDT,2021-08-05,1.0,0.0,0.0,1.0
SOLUSDT,2021-08-06,1.0,0.0,0.0,1.0
SOLUSDT,2021-08-07,1.0,0.0,0.0,1.0
SOLUSDT,2021-08-08,1.0,0.0,0.0,1.0
SOLUSDT,2021-08-09,1.0,0.0,0.0,1.0
SOLUSDT,2021-08-10,1.0,0.0,0.0,1.0
SOLUSDT,2021-08-11,1.0,0.0,0.0,1.0
SOLUSDT,2021-08-12,1.0,0.0,0.0,1.0
SOLUSDT,2021-08-13,1.0,0.0,0.0,1.0
SOLUSDT,2021-08-14,1.0,0.0,0.0,1.0
SOLUSDT,2021-08-15,1.0,0.0,0.0,1.0
SOLUSDT,2021-08-16,1.0,0.0,0.0,1.0
SOLUSDT,2021-08-17,1.0,0.0,0.0,1.0
SOLUSDT,2021-08-18,1.0,0.0,0.0,1.0
SOLUSDT,2021-08-19,1.0,0.0,0.0,1.0
SOLUSDT,2021-08-20,1.0,0.0,0.0,1.0
SOLUSDT,2021-08-21,1.0,0.0,0.0,1.0
SOLUSDT,2021-08-22,1.0,0.0,0.0,1.0
SOLUSDT,2021-08-23,1.0,0.0,0.0,1.0
SOLUSDT,2021-08-24,1.0,0.0,0.0,1.0
SOLUSDT,2021-08-25,0.0,0.0,1.0,0.0
SOLUSDT,2021-08-26,1.0,0.0,0.0,1.0
SOLUSDT,2021-08-27,1.0,0.0,0.0,1.0
SOLUSDT,2021-08-28,1.0,0.0,0.0,1.0
SOLUSDT,2021-08-29,1.0,0.0,0.0,1.0
SOLUSDT,2021-08-30,1.0,0.0,0.0,1.0
SOLUSDT,2021-08-31,1.0,0.0,0.0,1.0
SOLUSDT,2021-09-01,1.0,0.0,0.0,1.0
SOLUSDT,2021-09-02,1.0,0.0,0.0,1.0
SOLUSDT,2021-09-03,1.0,0.0,0.0,1.0
SOLUSDT,2021-09-04,1.0,0.0,0.0,1.0
SOLUSDT,2021-09-05,1.0,0.0,0.0,1.0
SOLUSDT,2021-09-06,1.0,0.0,0.0,1.0
SOLUSDT,2021-09-07,1.0,0.0,0.0,1.0
SOLUSDT,2021-09-08,1.0,0.0,0.0,1.0
SOLUSDT,2021-09-09,1.0,0.0,0.0,1.0
SOLUSDT,2021-09-10,1.0,0.0,0.0,1.0
SOLUSDT,2021-09-11,1.0,0.0,0.0,1.0
SOLUSDT,2021-09-12,1.0,0.0,0.0,1.0
SOLUSDT,2021-09-13,1.0,0.0,0.0,1.0
SOLUSDT,2021-09-14,0.0,0.0,1.0,0.0
SOLUSDT,2021-09-15,0.0,0.0,1.0,0.0
SOLUSDT,2021-09-16,0.0,0.0,1.0,0.0
SOLUSDT,2021-09-17,0.0,0.0,1.0,0.0
SOLUSDT,2021-09-18,0.0,0.0,1.0,0.0
SOLUSDT,2021-09-19,0.0,0.0,1.0,0.0
SOLUSDT,2021-09-20,0.0,0.0,1.0,0.0
SOLUSDT,2021-09-21,0.0,0.0,1.0,0.0
SOLUSDT,2021-09-22,0.0,0.0,1.0,0.0
SOLUSDT,2021-09-23,0.0,0.0,1.0,0.0
SOLUSDT,2021-09-24,0.0,0.0,1.0,0.0
SOLUSDT,2021-09-25,0.0,0.0,1.0,0.0
SOLUSDT,2021-09-26,0.0,0.0,1.0,0.0
SOLUSDT,2021-09-27,1.0,0.0,0.0,1.0
SOLUSDT,2021-09-28,1.0,0.0,0.0,1.0
SOLUSDT,2021-09-29,0.0,0.0,1.0,0.0
SOLUSDT,2021-09-30,0.0,0.0,1.0,0.0
SOLUSDT,2021-10-01,1.0,0.0,0.0,1.0
SOLUSDT,2021-10-02,1.0,0.0,0.0,1.0
SOLUSDT,2021-10-03,1.0,0.0,0.0,1.0
SOLUSDT,2021-10-04,1.0,0.0,0.0,1.0
SOLUSDT,2021-10-05,1.0,0.0,0.0,1.0
SOLUSDT,2021-10-06,1.0,0.0,0.0,1.0
SOLUSDT,2021-10-07,1.0,0.0,0.0,1.0
SOLUSDT,2021-10-08,0.0,0.0,1.0,0.0
SOLUSDT,2021-10-09,0.0,0.0,1.0,0.0
SOLUSDT,2021-10-10,0.0,0.0,1.0,0.0
SOLUSDT,2021-10-11,0.0,0.0,1.0,0.0
SOLUSDT,2021-10-12,0.0,0.0,1.0,0.0
SOLUSDT,2021-10-13,0.0,0.0063,0.9937,0.0
SOLUSDT,2021-10-14,0.0,0.0148,0.9852,0.0
SOLUSDT,2021-10-15,1.0,0.0,0.0,1.0
SOLUSDT,2021-10-16,0.9999,0.0,0.0,0.9999
SOLUSDT,2021-10-17,1.0,0.0,0.0,1.0
SOLUSDT,2021-10-18,1.0,0.0,0.0,1.0
SOLUSDT,2021-10-19,1.0,0.0,0.0,1.0
SOLUSDT,2021-10-20,1.0,0.0,0.0,1.0
SOLUSDT,2021-10-21,1.0,0.0,0.0,1.0
SOLUSDT,2021-10-22,1.0,0.0,0.0,1.0
SOLUSDT,2021-10-23,1.0,0.0,0.0,1.0
SOLUSDT,2021-10-24,1.0,0.0,0.0,1.0
SOLUSDT,2021-10-25,1.0,0.0,0.0,1.0
SOLUSDT,2021-10-26,1.0,0.0,0.0,1.0
SOLUSDT,2021-10-27,1.0,0.0,0.0,1.0
SOLUSDT,2021-10-28,1.0,0.0,0.0,1.0
SOLUSDT,2021-10-29,1.0,0.0,0.0,1.0
SOLUSDT,2021-10-30,0.0,0.0995,0.9005,0.0
SOLUSDT,2021-10-31,0.9054,0.0029,0.0916,0.9054
SOLUSDT,2021-11-01,0.0,0.2723,0.7277,0.0
SOLUSDT,2021-11-02,1.0,0.0,0.0,1.0
SOLUSDT,2021-11-03,1.0,0.0,0.0,1.0
SOLUSDT,2021-11-04,1.0,0.0,0.0,1.0
SOLUSDT,2021-11-05,1.0,0.0,0.0,1.0
SOLUSDT,2021-11-06,1.0,0.0,0.0,1.0
SOLUSDT,2021-11-07,1.0,0.0,0.0,1.0
SOLUSDT,2021-11-08,1.0,0.0,0.0,1.0
SOLUSDT,2021-11-09,1.0,0.0,0.0,1.0
SOLUSDT,2021-11-10,0.0,0.0125,0.9875,0.0
SOLUSDT,2021-11-11,0.0,0.0069,0.9931,0.0
SOLUSDT,2021-11-12,0.0,0.0034,0.9966,0.0
SOLUSDT,2021-11-13,0.0,0.0012,0.9988,0.0
SOLUSDT,2021-11-14,0.0,0.0006,0.9994,0.0
SOLUSDT,2021-11-15,0.0,0.0004,0.9996,0.0
SOLUSDT,2021-11-16,0.0,0.0001,0.9999,0.0
SOLUSDT,2021-11-17,0.0,0.0003,0.9997,0.0
SOLUSDT,2021-11-18,0.0,0.0,1.0,0.0
SOLUSDT,2021-11-19,0.0,0.0,1.0,0.0
SOLUSDT,2021-11-20,0.0,0.0,1.0,0.0
SOLUSDT,2021-11-21,0.0,0.0,1.0,0.0
SOLUSDT,2021-11-22,0.0,0.0,1.0,0.0
SOLUSDT,2021-11-23,0.9985,0.0,0.0015,0.9985
SOLUSDT,2021-11-24,0.0,0.0703,0.9297,0.0
SOLUSDT,2021-11-25,1.0,0.0,0.0,1.0
SOLUSDT,2021-11-26,0.0,0.0003,0.9997,0.0
SOLUSDT,2021-11-27,0.0,0.0001,0.9999,0.0
SOLUSDT,2021-11-28,0.0,0.0,1.0,0.0
SOLUSDT,2021-11-29,0.0,0.0013,0.9987,0.0
SOLUSDT,2021-11-30,0.0,0.0048,0.9952,0.0
SOLUSDT,2021-12-01,1.0,0.0,0.0,1.0
SOLUSDT,2021-12-02,1.0,0.0,0.0,1.0
SOLUSDT,2021-12-03,1.0,0.0,0.0,1.0
SOLUSDT,2021-12-04,1.0,0.0,0.0,1.0
SOLUSDT,2021-12-05,0.0,0.0002,0.9998,0.0
SOLUSDT,2021-12-06,0.0,0.0,1.0,0.0
SOLUSDT,2021-12-07,0.0,0.0,1.0,0.0
SOLUSDT,2021-12-08,0.0,0.0,1.0,0.0
SOLUSDT,2021-12-09,0.0,0.0,1.0,0.0
SOLUSDT,2021-12-10,0.0,0.0,1.0,0.0
SOLUSDT,2021-12-11,0.0,0.0,1.0,0.0
SOLUSDT,2021-12-12,0.0,0.0001,0.9999,0.0
SOLUSDT,2021-12-13,0.0,0.0,1.0,0.0
SOLUSDT,2021-12-14,0.0,0.0,1.0,0.0
SOLUSDT,2021-12-15,0.0,0.0,1.0,0.0
SOLUSDT,2021-12-16,0.0,0.0,1.0,0.0
SOLUSDT,2021-12-17,1.0,0.0,0.0,1.0
SOLUSDT,2021-12-18,1.0,0.0,0.0,1.0
SOLUSDT,2021-12-19,1.0,0.0,0.0,1.0
SOLUSDT,2021-12-20,1.0,0.0,0.0,1.0
SOLUSDT,2021-12-21,1.0,0.0,0.0,1.0
SOLUSDT,2021-12-22,0.9999,0.0,0.0001,0.9999
SOLUSDT,2021-12-23,1.0,0.0,0.0,1.0
SOLUSDT,2021-12-24,1.0,0.0,0.0,1.0
SOLUSDT,2021-12-25,1.0,0.0,0.0,1.0
SOLUSDT,2021-12-26,1.0,0.0,0.0,1.0
SOLUSDT,2021-12-27,1.0,0.0,0.0,1.0
SOLUSDT,2021-12-28,0.0,0.0002,0.9998,0.0
SOLUSDT,2021-12-29,0.0,0.0,1.0,0.0
SOLUSDT,2021-12-30,0.0,0.0,1.0,0.0
SOLUSDT,2021-12-31,0.0,0.0,1.0,0.0
SOLUSDT,2022-01-01,0.0,0.0,1.0,0.0
SOLUSDT,2022-01-02,0.0,0.0,1.0,0.0
SOLUSDT,2022-01-03,0.0,0.0001,0.9999,0.0
SOLUSDT,2022-01-04,0.0,0.0017,0.9983,0.0
SOLUSDT,2022-01-05,0.0,0.0055,0.9945,0.0
SOLUSDT,2022-01-06,0.0,0.0031,0.9969,0.0
SOLUSDT,2022-01-07,0.0,0.0,1.0,0.0
SOLUSDT,2022-01-08,0.0,0.0,1.0,0.0
SOLUSDT,2022-01-09,0.0,0.0,1.0,0.0
SOLUSDT,2022-01-10,0.0,0.0,1.0,0.0
SOLUSDT,2022-01-11,0.0,0.0011,0.9989,0.0
SOLUSDT,2022-01-12,0.0,0.0272,0.9728,0.0
SOLUSDT,2022-01-13,0.0,0.0535,0.9465,0.0
SOLUSDT,2022-01-14,1.0,0.0,0.0,1.0
SOLUSDT,2022-01-15,1.0,0.0,0.0,1.0
SOLUSDT,2022-01-16,1.0,0.0,0.0,1.0
SOLUSDT,2022-01-17,1.0,0.0,0.0,1.0
SOLUSDT,2022-01-18,0.9998,0.0002,0.0001,0.9998
SOLUSDT,2022-01-19,0.0,0.0428,0.9572,0.0
SOLUSDT,2022-01-20,0.0,0.0115,0.9885,0.0
SOLUSDT,2022-01-21,0.0,0.0,1.0,0.0
SOLUSDT,2022-01-22,0.0,0.0,1.0,0.0
SOLUSDT,2022-01-23,0.0,0.0,1.0,0.0
SOLUSDT,2022-01-24,0.0,0.0,1.0,0.0
SOLUSDT,2022-01-25,0.0,0.0,1.0,0.0
SOLUSDT,2022-01-26,0.0,0.0,1.0,0.0
SOLUSDT,2022-01-27,0.0,0.0,1.0,0.0
SOLUSDT,2022-01-28,0.0,0.0,1.0,0.0
SOLUSDT,2022-01-29,1.0,0.0,0.0,1.0
SOLUSDT,2022-01-30,0.0,0.0036,0.9964,0.0
SOLUSDT,2022-01-31,1.0,0.0,0.0,1.0
SOLUSDT,2022-02-01,1.0,0.0,0.0,1.0
SOLUSDT,2022-02-02,1.0,0.0,0.0,1.0
SOLUSDT,2022-02-03,1.0,0.0,0.0,1.0
SOLUSDT,2022-02-04,1.0,0.0,0.0,1.0
SOLUSDT,2022-02-05,1.0,0.0,0.0,1.0
SOLUSDT,2022-02-06,1.0,0.0,0.0,1.0
SOLUSDT,2022-02-07,1.0,0.0,0.0,1.0
SOLUSDT,2022-02-08,1.0,0.0,0.0,1.0
SOLUSDT,2022-02-09,1.0,0.0,0.0,1.0
SOLUSDT,2022-02-10,1.0,0.0,0.0,1.0
SOLUSDT,2022-02-11,0.0,0.0,1.0,0.0
SOLUSDT,2022-02-12,0.0,0.0,1.0,0.0
SOLUSDT,2022-02-13,0.0,0.0,1.0,0.0
SOLUSDT,2022-02-14,0.0,0.0,1.0,0.0
SOLUSDT,2022-02-15,0.0,0.0,1.0,0.0
SOLUSDT,2022-02-16,0.0,0.0,1.0,0.0
SOLUSDT,2022-02-17,0.0,0.0,1.0,0.0
SOLUSDT,2022-02-18,0.0,0.0,1.0,0.0
SOLUSDT,2022-02-19,0.0,0.0,1.0,0.0
SOLUSDT,2022-02-20,0.0,0.0,1.0,0.0
SOLUSDT,2022-02-21,0.0,0.0,1.0,0.0
SOLUSDT,2022-02-22,0.0,0.0,1.0,0.0
SOLUSDT,2022-02-23,0.0,0.0,1.0,0.0
SOLUSDT,2022-02-24,0.0,0.0014,0.9986,0.0
SOLUSDT,2022-02-25,1.0,0.0,0.0,1.0
SOLUSDT,2022-02-26,0.0,0.2614,0.7386,0.0
SOLUSDT,2022-02-27,0.0,0.2544,0.7456,0.0
SOLUSDT,2022-02-28,1.0,0.0,0.0,1.0
SOLUSDT,2022-03-01,1.0,0.0,0.0,1.0
SOLUSDT,2022-03-02,1.0,0.0,0.0,1.0
SOLUSDT,2022-03-03,1.0,0.0,0.0,1.0
SOLUSDT,2022-03-04,0.0,0.0001,0.9999,0.0
SOLUSDT,2022-03-05,0.0,0.0,1.0,0.0
SOLUSDT,2022-03-06,0.0,0.0,1.0,0.0
SOLUSDT,2022-03-07,0.0,0.0,1.0,0.0
SOLUSDT,2022-03-08,0.0,0.0,1.0,0.0
SOLUSDT,2022-03-09,0.0,0.0,1.0,0.0
SOLUSDT,2022-03-10,0.0,0.0,1.0,0.0
SOLUSDT,2022-03-11,0.0,0.0,1.0,0.0
SOLUSDT,2022-03-12,0.0,0.0,1.0,0.0
SOLUSDT,2022-03-13,0.0,0.0,1.0,0.0
SOLUSDT,2022-03-14,0.0,0.0005,0.9995,0.0
SOLUSDT,2022-03-15,0.9859,0.0,0.0141,0.9859
SOLUSDT,2022-03-16,0.0,0.0145,0.9855,0.0
SOLUSDT,2022-03-17,1.0,0.0,0.0,1.0
SOLUSDT,2022-03-18,1.0,0.0,0.0,1.0
SOLUSDT,2022-03-19,1.0,0.0,0.0,1.0
SOLUSDT,2022-03-20,1.0,0.0,0.0,1.0
SOLUSDT,2022-03-21,1.0,0.0,0.0,1.0
SOLUSDT,2022-03-22,1.0,0.0,0.0,1.0
SOLUSDT,2022-03-23,1.0,0.0,0.0,1.0
SOLUSDT,2022-03-24,1.0,0.0,0.0,1.0
SOLUSDT,2022-03-25,1.0,0.0,0.0,1.0
SOLUSDT,2022-03-26,1.0,0.0,0.0,1.0
SOLUSDT,2022-03-27,1.0,0.0,0.0,1.0
SOLUSDT,2022-03-28,1.0,0.0,0.0,1.0
SOLUSDT,2022-03-29,1.0,0.0,0.0,1.0
SOLUSDT,2022-03-30,1.0,0.0,0.0,1.0
SOLUSDT,2022-03-31,1.0,0.0,0.0,1.0
SOLUSDT,2022-04-01,1.0,0.0,0.0,1.0
SOLUSDT,2022-04-02,1.0,0.0,0.0,1.0
SOLUSDT,2022-04-03,1.0,0.0,0.0,1.0
SOLUSDT,2022-04-04,1.0,0.0,0.0,1.0
SOLUSDT,2022-04-05,1.0,0.0,0.0,1.0
SOLUSDT,2022-04-06,0.0,0.0162,0.9838,0.0
SOLUSDT,2022-04-07,0.0,0.0055,0.9945,0.0
SOLUSDT,2022-04-08,0.0,0.0,1.0,0.0
SOLUSDT,2022-04-09,0.0,0.0,1.0,0.0
SOLUSDT,2022-04-10,0.0,0.0,1.0,0.0
SOLUSDT,2022-04-11,0.0,0.0,1.0,0.0
SOLUSDT,2022-04-12,0.0,0.0,1.0,0.0
SOLUSDT,2022-04-13,0.0,0.0,1.0,0.0
SOLUSDT,2022-04-14,0.0,0.0,1.0,0.0
SOLUSDT,2022-04-15,0.0,0.0,1.0,0.0
SOLUSDT,2022-04-16,0.0,0.0,1.0,0.0
SOLUSDT,2022-04-17,0.0,0.0002,0.9998,0.0
SOLUSDT,2022-04-18,1.0,0.0,0.0,1.0
SOLUSDT,2022-04-19,1.0,0.0,0.0,1.0
SOLUSDT,2022-04-20,0.9999,0.0,0.0,0.9999
SOLUSDT,2022-04-21,0.9995,0.0004,0.0,0.9995
SOLUSDT,2022-04-22,0.0,0.5482,0.4518,0.0
SOLUSDT,2022-04-23,0.0,0.5548,0.4452,0.0
SOLUSDT,2022-04-24,0.0,0.5662,0.4338,0.0
SOLUSDT,2022-04-25,0.0,0.5746,0.4254,0.0
SOLUSDT,2022-04-26,0.0,0.5838,0.4162,0.0
SOLUSDT,2022-04-27,0.0,0.6839,0.3161,0.0
SOLUSDT,2022-04-28,0.0,0.7104,0.2896,0.0
SOLUSDT,2022-04-29,0.0,0.6944,0.3056,0.0
SOLUSDT,2022-04-30,0.0,0.5258,0.4742,0.0
SOLUSDT,2022-05-01,0.0,0.5139,0.4861,0.0
SOLUSDT,2022-05-02,0.0,0.501,0.499,0.0
SOLUSDT,2022-05-03,0.0,0.4924,0.5076,0.0
SOLUSDT,2022-05-04,0.0,0.4302,0.5698,0.0
SOLUSDT,2022-05-05,0.0,0.0857,0.9143,0.0
SOLUSDT,2022-05-06,0.0,0.0333,0.9667,0.0
SOLUSDT,2022-05-07,0.0,0.0223,0.9777,0.0
SOLUSDT,2022-05-08,0.0,0.0006,0.9994,0.0
SOLUSDT,2022-05-09,0.0,0.0,1.0,0.0
SOLUSDT,2022-05-10,0.0,0.0,1.0,0.0
SOLUSDT,2022-05-11,0.0,0.0,1.0,0.0
SOLUSDT,2022-05-12,0.0,0.0,1.0,0.0
SOLUSDT,2022-05-13,0.0,0.0,1.0,0.0
SOLUSDT,2022-05-14,0.0,0.0,1.0,0.0
SOLUSDT,2022-05-15,0.0,0.0,1.0,0.0
SOLUSDT,2022-05-16,0.0,0.0,1.0,0.0
SOLUSDT,2022-05-17,0.0,0.0,1.0,0.0
SOLUSDT,2022-05-18,0.0,0.0,1.0,0.0
SOLUSDT,2022-05-19,1.0,0.0,0.0,1.0
SOLUSDT,2022-05-20,1.0,0.0,0.0,1.0
SOLUSDT,2022-05-21,0.0,0.0,1.0,0.0
SOLUSDT,2022-05-22,0.0,0.0,1.0,0.0
SOLUSDT,2022-05-23,0.0,0.0,1.0,0.0
SOLUSDT,2022-05-24,0.0,0.0,1.0,0.0
SOLUSDT,2022-05-25,0.0,0.0,1.0,0.0
SOLUSDT,2022-05-26,0.0,0.0,1.0,0.0
SOLUSDT,2022-05-27,0.0,0.0,1.0,0.0
SOLUSDT,2022-05-28,0.0,0.0,1.0,0.0
SOLUSDT,2022-05-29,0.0,0.0,1.0,0.0
SOLUSDT,2022-05-30,0.0,0.0,1.0,0.0
SOLUSDT,2022-05-31,0.0,0.0,1.0,0.0
SOLUSDT,2022-06-01,0.0,0.0,1.0,0.0
SOLUSDT,2022-06-02,0.0,0.0,1.0,0.0
SOLUSDT,2022-06-03,0.0,0.0,1.0,0.0
SOLUSDT,2022-06-04,0.0,0.0,1.0,0.0
SOLUSDT,2022-06-05,0.0,0.0,1.0,0.0
SOLUSDT,2022-06-06,0.0,0.0,1.0,0.0
SOLUSDT,2022-06-07,0.0,0.0,1.0,0.0
SOLUSDT,2022-06-08,0.0,0.0,1.0,0.0
SOLUSDT,2022-06-09,0.0,0.0,1.0,0.0
SOLUSDT,2022-06-10,0.0,0.0,1.0,0.0
SOLUSDT,2022-06-11,0.0,0.0,1.0,0.0
SOLUSDT,2022-06-12,0.0,0.0,1.0,0.0
SOLUSDT,2022-06-13,0.0,0.0,1.0,0.0
SOLUSDT,2022-06-14,0.0,0.0,1.0,0.0
SOLUSDT,2022-06-15,0.0,0.0,1.0,0.0
SOLUSDT,2022-06-16,0.0,0.0,1.0,0.0
SOLUSDT,2022-06-17,0.0,0.0,1.0,0.0
SOLUSDT,2022-06-18,0.0,0.0,1.0,0.0
SOLUSDT,2022-06-19,1.0,0.0,0.0,1.0
SOLUSDT,2022-06-20,1.0,0.0,0.0,1.0
SOLUSDT,2022-06-21,1.0,0.0,0.0,1.0
SOLUSDT,2022-06-22,0.0,0.0,1.0,0.0
SOLUSDT,2022-06-23,1.0,0.0,0.0,1.0
SOLUSDT,2022-06-24,1.0,0.0,0.0,1.0
SOLUSDT,2022-06-25,1.0,0.0,0.0,1.0
SOLUSDT,2022-06-26,1.0,0.0,0.0,1.0
SOLUSDT,2022-06-27,1.0,0.0,0.0,1.0
SOLUSDT,2022-06-28,0.0,0.0,1.0,0.0
SOLUSDT,2022-06-29,0.0,0.0,1.0,0.0
SOLUSDT,2022-06-30,0.0,0.0,1.0,0.0
SOLUSDT,2022-07-01,0.0,0.0,1.0,0.0
SOLUSDT,2022-07-02,0.0,0.0,1.0,0.0
SOLUSDT,2022-07-03,0.0,0.0,1.0,0.0
SOLUSDT,2022-07-04,0.0,0.0,1.0,0.0
SOLUSDT,2022-07-05,0.9951,0.0,0.0049,0.9951
SOLUSDT,2022-07-06,1.0,0.0,0.0,1.0
SOLUSDT,2022-07-07,1.0,0.0,0.0,1.0
SOLUSDT,2022-07-08,1.0,0.0,0.0,1.0
SOLUSDT,2022-07-09,1.0,0.0,0.0,1.0
SOLUSDT,2022-07-10,1.0,0.0,0.0,1.0
SOLUSDT,2022-07-11,0.0,0.0001,0.9999,0.0
SOLUSDT,2022-07-12,0.0,0.0,1.0,0.0
SOLUSDT,2022-07-13,0.0,0.0,1.0,0.0
SOLUSDT,2022-07-14,0.0,0.0005,0.9995,0.0
SOLUSDT,2022-07-15,0.0,0.0082,0.9918,0.0
SOLUSDT,2022-07-16,1.0,0.0,0.0,1.0
SOLUSDT,2022-07-17,1.0,0.0,0.0,1.0
SOLUSDT,2022-07-18,1.0,0.0,0.0,1.0
SOLUSDT,2022-07-19,1.0,0.0,0.0,1.0
SOLUSDT,2022-07-20,1.0,0.0,0.0,1.0
SOLUSDT,2022-07-21,1.0,0.0,0.0,1.0
SOLUSDT,2022-07-22,1.0,0.0,0.0,1.0
SOLUSDT,2022-07-23,1.0,0.0,0.0,1.0
SOLUSDT,2022-07-24,1.0,0.0,0.0,1.0
SOLUSDT,2022-07-25,0.0,0.0,1.0,0.0
SOLUSDT,2022-07-26,0.0,0.0,1.0,0.0
SOLUSDT,2022-07-27,0.0,0.0,1.0,0.0
SOLUSDT,2022-07-28,0.0,0.0,1.0,0.0
SOLUSDT,2022-07-29,1.0,0.0,0.0,1.0
SOLUSDT,2022-07-30,1.0,0.0,0.0,1.0
SOLUSDT,2022-07-31,1.0,0.0,0.0,1.0
SOLUSDT,2022-08-01,1.0,0.0,0.0,1.0
SOLUSDT,2022-08-02,1.0,0.0,0.0,1.0
SOLUSDT,2022-08-03,0.0,0.0001,0.9999,0.0
SOLUSDT,2022-08-04,0.0,0.0,1.0,0.0
SOLUSDT,2022-08-05,0.0,0.0,1.0,0.0
SOLUSDT,2022-08-06,0.0,0.0,1.0,0.0
SOLUSDT,2022-08-07,0.0,0.0003,0.9997,0.0
SOLUSDT,2022-08-08,0.9998,0.0,0.0002,0.9998
SOLUSDT,2022-08-09,1.0,0.0,0.0,1.0
SOLUSDT,2022-08-10,1.0,0.0,0.0,1.0
SOLUSDT,2022-08-11,1.0,0.0,0.0,1.0
SOLUSDT,2022-08-12,1.0,0.0,0.0,1.0
SOLUSDT,2022-08-13,1.0,0.0,0.0,1.0
SOLUSDT,2022-08-14,1.0,0.0,0.0,1.0
SOLUSDT,2022-08-15,1.0,0.0,0.0,1.0
SOLUSDT,2022-08-16,1.0,0.0,0.0,1.0
SOLUSDT,2022-08-17,0.0,0.6929,0.3071,0.0
SOLUSDT,2022-08-18,0.0,0.6276,0.3724,0.0
SOLUSDT,2022-08-19,0.0,0.0012,0.9988,0.0
SOLUSDT,2022-08-20,0.0,0.0,1.0,0.0
SOLUSDT,2022-08-21,0.0,0.0,1.0,0.0
SOLUSDT,2022-08-22,0.0,0.0,1.0,0.0
SOLUSDT,2022-08-23,0.0,0.0005,0.9995,0.0
SOLUSDT,2022-08-24,0.0,0.0089,0.9911,0.0
SOLUSDT,2022-08-25,0.0,0.0202,0.9798,0.0
SOLUSDT,2022-08-26,0.0,0.0225,0.9775,0.0
SOLUSDT,2022-08-27,0.0,0.0259,0.9741,0.0
SOLUSDT,2022-08-28,0.0,0.0276,0.9724,0.0
SOLUSDT,2022-08-29,0.0,0.147,0.853,0.0
SOLUSDT,2022-08-30,0.0,0.2438,0.7562,0.0
SOLUSDT,2022-08-31,0.0,0.4953,0.5047,0.0
SOLUSDT,2022-09-01,0.0,0.6655,0.3345,0.0
SOLUSDT,2022-09-02,0.0,0.8029,0.1971,0.0
SOLUSDT,2022-09-03,0.0,0.8188,0.1812,0.0
SOLUSDT,2022-09-04,1.0,0.0,0.0,1.0
SOLUSDT,2022-09-05,0.0,0.9596,0.0404,0.0
SOLUSDT,2022-09-06,0.0,0.9576,0.0424,0.0
SOLUSDT,2022-09-07,1.0,0.0,0.0,1.0
SOLUSDT,2022-09-08,1.0,0.0,0.0,1.0
SOLUSDT,2022-09-09,1.0,0.0,0.0,1.0
SOLUSDT,2022-09-10,1.0,0.0,0.0,1.0
SOLUSDT,2022-09-11,1.0,0.0,0.0,1.0
SOLUSDT,2022-09-12,1.0,0.0,0.0,1.0
SOLUSDT,2022-09-13,1.0,0.0,0.0,1.0
SOLUSDT,2022-09-14,1.0,0.0,0.0,1.0
SOLUSDT,2022-09-15,0.0,0.8377,0.1623,0.0
SOLUSDT,2022-09-16,0.0,0.8471,0.1529,0.0
SOLUSDT,2022-09-17,0.0,0.8335,0.1665,0.0
SOLUSDT,2022-09-18,0.0,0.7596,0.2404,0.0
SOLUSDT,2022-09-19,0.0,0.7314,0.2686,0.0
SOLUSDT,2022-09-20,0.0,0.7327,0.2673,0.0
SOLUSDT,2022-09-21,0.0,0.7187,0.2813,0.0
SOLUSDT,2022-09-22,0.0,0.7073,0.2927,0.0
SOLUSDT,2022-09-23,1.0,0.0,0.0,1.0
SOLUSDT,2022-09-24,0.0,0.4121,0.5879,0.0
SOLUSDT,2022-09-25,1.0,0.0,0.0,1.0
SOLUSDT,2022-09-26,1.0,0.0,0.0,1.0
SOLUSDT,2022-09-27,1.0,0.0,0.0,1.0
SOLUSDT,2022-09-28,1.0,0.0,0.0,1.0
SOLUSDT,2022-09-29,1.0,0.0,0.0,1.0
SOLUSDT,2022-09-30,0.0,0.8692,0.1308,0.0
SOLUSDT,2022-10-01,0.0,0.8759,0.1241,0.0
SOLUSDT,2022-10-02,0.0,0.8757,0.1243,0.0
SOLUSDT,2022-10-03,0.0,0.8719,0.1281,0.0
SOLUSDT,2022-10-04,1.0,0.0,0.0,1.0
SOLUSDT,2022-10-05,1.0,0.0,0.0,1.0
SOLUSDT,2022-10-06,0.0,0.9815,0.0185,0.0
SOLUSDT,2022-10-07,0.0,0.9796,0.0204,0.0
SOLUSDT,2022-10-08,0.9839,0.016,0.0001,0.9839
SOLUSDT,2022-10-09,1.0,0.0,0.0,1.0
SOLUSDT,2022-10-10,0.0,0.9986,0.0014,0.0
SOLUSDT,2022-10-11,0.0,0.9997,0.0003,0.0
SOLUSDT,2022-10-12,0.0,0.9999,0.0001,0.0
SOLUSDT,2022-10-13,0.0,0.9999,0.0001,0.0
SOLUSDT,2022-10-14,0.0,0.9999,0.0001,0.0
SOLUSDT,2022-10-15,0.0,0.9999,0.0001,0.0
SOLUSDT,2022-10-16,0.0,0.9999,0.0001,0.0
SOLUSDT,2022-10-17,0.0,0.9999,0.0001,0.0
SOLUSDT,2022-10-18,0.0,0.9999,0.0001,0.0
SOLUSDT,2022-10-19,0.0,0.9999,0.0001,0.0
SOLUSDT,2022-10-20,0.0,0.9999,0.0001,0.0
SOLUSDT,2022-10-21,0.0,0.9999,0.0001,0.0
SOLUSDT,2022-10-22,0.0,0.9999,0.0001,0.0
SOLUSDT,2022-10-23,0.0,0.9995,0.0005,0.0
SOLUSDT,2022-10-24,0.0,0.9948,0.0052,0.0
SOLUSDT,2022-10-25,1.0,0.0,0.0,1.0
SOLUSDT,2022-10-26,1.0,0.0,0.0,1.0
SOLUSDT,2022-10-27,1.0,0.0,0.0,1.0
SOLUSDT,2022-10-28,1.0,0.0,0.0,1.0
SOLUSDT,2022-10-29,1.0,0.0,0.0,1.0
SOLUSDT,2022-10-30,1.0,0.0,0.0,1.0
SOLUSDT,2022-10-31,1.0,0.0,0.0,1.0
SOLUSDT,2022-11-01,1.0,0.0,0.0,1.0
SOLUSDT,2022-11-02,0.0,0.8908,0.1092,0.0
SOLUSDT,2022-11-03,0.9951,0.0049,0.0,0.9951
SOLUSDT,2022-11-04,1.0,0.0,0.0,1.0
SOLUSDT,2022-11-05,1.0,0.0,0.0,1.0
SOLUSDT,2022-11-06,0.0,0.0061,0.9939,0.0
SOLUSDT,2022-11-07,0.0,0.0001,0.9999,0.0
SOLUSDT,2022-11-08,0.0,0.0,1.0,0.0
SOLUSDT,2022-11-09,0.0,0.0,1.0,0.0
SOLUSDT,2022-11-10,0.0,0.0,1.0,0.0
SOLUSDT,2022-11-11,0.0,0.0,1.0,0.0
SOLUSDT,2022-11-12,0.0,0.0,1.0,0.0
SOLUSDT,2022-11-13,0.0,0.0,1.0,0.0
SOLUSDT,2022-11-14,0.0,0.0,1.0,0.0
SOLUSDT,2022-11-15,0.0,0.0,1.0,0.0
SOLUSDT,2022-11-16,1.0,0.0,0.0,1.0
SOLUSDT,2022-11-17,0.0,0.0,1.0,0.0
SOLUSDT,2022-11-18,0.0,0.0,1.0,0.0
SOLUSDT,2022-11-19,0.0,0.0,1.0,0.0
SOLUSDT,2022-11-20,0.0,0.0,1.0,0.0
SOLUSDT,2022-11-21,0.0,0.0,1.0,0.0
SOLUSDT,2022-11-22,0.0,0.0,1.0,0.0
SOLUSDT,2022-11-23,0.9942,0.0,0.0058,0.9942
SOLUSDT,2022-11-24,1.0,0.0,0.0,1.0
SOLUSDT,2022-11-25,1.0,0.0,0.0,1.0
SOLUSDT,2022-11-26,1.0,0.0,0.0,1.0
SOLUSDT,2022-11-27,1.0,0.0,0.0,1.0
SOLUSDT,2022-11-28,1.0,0.0,0.0,1.0
SOLUSDT,2022-11-29,1.0,0.0,0.0,1.0
SOLUSDT,2022-11-30,0.0,0.0,1.0,0.0
SOLUSDT,2022-12-01,0.0,0.0,1.0,0.0
SOLUSDT,2022-12-02,0.0,0.0,1.0,0.0
SOLUSDT,2022-12-03,0.0,0.0005,0.9995,0.0
SOLUSDT,2022-12-04,0.0,0.0067,0.9933,0.0
SOLUSDT,2022-12-05,1.0,0.0,0.0,1.0
SOLUSDT,2022-12-06,1.0,0.0,0.0,1.0
SOLUSDT,2022-12-07,0.0,0.2548,0.7452,0.0
SOLUSDT,2022-12-08,0.9992,0.0008,0.0,0.9992
SOLUSDT,2022-12-09,0.0,0.3176,0.6824,0.0
SOLUSDT,2022-12-10,1.0,0.0,0.0,1.0
SOLUSDT,2022-12-11,0.0,0.7869,0.2131,0.0
SOLUSDT,2022-12-12,0.0,0.7911,0.2089,0.0
SOLUSDT,2022-12-13,0.0,0.7846,0.2154,0.0
SOLUSDT,2022-12-14,1.0,0.0,0.0,1.0
SOLUSDT,2022-12-15,1.0,0.0,0.0,1.0
SOLUSDT,2022-12-16,0.0,0.9909,0.0091,0.0
SOLUSDT,2022-12-17,0.0,0.9971,0.0029,0.0
SOLUSDT,2022-12-18,0.0,0.9982,0.0018,0.0
SOLUSDT,2022-12-19,0.0,0.997,0.003,0.0
SOLUSDT,2022-12-20,0.0,0.9939,0.0061,0.0
SOLUSDT,2022-12-21,0.0,0.9894,0.0106,0.0
SOLUSDT,2022-12-22,0.0,0.9888,0.0112,0.0
SOLUSDT,2022-12-23,0.0,0.9986,0.0014,0.0
SOLUSDT,2022-12-24,0.0,0.9993,0.0007,0.0
SOLUSDT,2022-12-25,0.0,0.9982,0.0018,0.0
SOLUSDT,2022-12-26,0.0,0.9881,0.0119,0.0
SOLUSDT,2022-12-27,0.0,0.856,0.144,0.0
SOLUSDT,2022-12-28,0.0,0.0051,0.9949,0.0
SOLUSDT,2022-12-29,0.0,0.0001,0.9999,0.0
SOLUSDT,2022-12-30,0.0,0.0002,0.9998,0.0
SOLUSDT,2022-12-31,0.0,0.0012,0.9988,0.0
SOLUSDT,2023-01-01,0.0,0.0026,0.9974,0.0
SOLUSDT,2023-01-02,0.0,0.004,0.996,0.0
SOLUSDT,2023-01-03,1.0,0.0,0.0,1.0
SOLUSDT,2023-01-04,1.0,0.0,0.0,1.0
SOLUSDT,2023-01-05,1.0,0.0,0.0,1.0
SOLUSDT,2023-01-06,1.0,0.0,0.0,1.0
SOLUSDT,2023-01-07,1.0,0.0,0.0,1.0
SOLUSDT,2023-01-08,1.0,0.0,0.0,1.0
SOLUSDT,2023-01-09,1.0,0.0,0.0,1.0
SOLUSDT,2023-01-10,1.0,0.0,0.0,1.0
SOLUSDT,2023-01-11,1.0,0.0,0.0,1.0
SOLUSDT,2023-01-12,1.0,0.0,0.0,1.0
SOLUSDT,2023-01-13,1.0,0.0,0.0,1.0
SOLUSDT,2023-01-14,1.0,0.0,0.0,1.0
SOLUSDT,2023-01-15,1.0,0.0,0.0,1.0
SOLUSDT,2023-01-16,1.0,0.0,0.0,1.0
SOLUSDT,2023-01-17,1.0,0.0,0.0,1.0
SOLUSDT,2023-01-18,1.0,0.0,0.0,1.0
SOLUSDT,2023-01-19,1.0,0.0,0.0,1.0
SOLUSDT,2023-01-20,1.0,0.0,0.0,1.0
SOLUSDT,2023-01-21,1.0,0.0,0.0,1.0
SOLUSDT,2023-01-22,1.0,0.0,0.0,1.0
SOLUSDT,2023-01-23,1.0,0.0,0.0,1.0
SOLUSDT,2023-01-24,0.0,0.0,1.0,0.0
SOLUSDT,2023-01-25,1.0,0.0,0.0,1.0
SOLUSDT,2023-01-26,1.0,0.0,0.0,1.0
SOLUSDT,2023-01-27,0.0,0.0,1.0,0.0
SOLUSDT,2023-01-28,0.0,0.0,1.0,0.0
SOLUSDT,2023-01-29,1.0,0.0,0.0,1.0
SOLUSDT,2023-01-30,0.0,0.0,1.0,0.0
SOLUSDT,2023-01-31,1.0,0.0,0.0,1.0
SOLUSDT,2023-02-01,1.0,0.0,0.0,1.0
SOLUSDT,2023-02-02,0.0,0.0,1.0,0.0
SOLUSDT,2023-02-03,0.9998,0.0,0.0002,0.9998
SOLUSDT,2023-02-04,1.0,0.0,0.0,1.0
SOLUSDT,2023-02-05,0.0,0.0,1.0,0.0
SOLUSDT,2023-02-06,0.0,0.0,1.0,0.0
SOLUSDT,2023-02-07,0.0,0.0,1.0,0.0
SOLUSDT,2023-02-08,0.0,0.0,1.0,0.0
SOLUSDT,2023-02-09,0.0,0.0,1.0,0.0
SOLUSDT,2023-02-10,0.0,0.0,1.0,0.0
SOLUSDT,2023-02-11,0.0,0.0,1.0,0.0
SOLUSDT,2023-02-12,0.0,0.0002,0.9998,0.0
SOLUSDT,2023-02-13,0.0,0.0005,0.9995,0.0
SOLUSDT,2023-02-14,0.0,0.0028,0.9972,0.0
SOLUSDT,2023-02-15,1.0,0.0,0.0,1.0
SOLUSDT,2023-02-16,1.0,0.0,0.0,1.0
SOLUSDT,2023-02-17,1.0,0.0,0.0,1.0
SOLUSDT,2023-02-18,1.0,0.0,0.0,1.0
SOLUSDT,2023-02-19,1.0,0.0,0.0,1.0
SOLUSDT,2023-02-20,1.0,0.0,0.0,1.0
SOLUSDT,2023-02-21,1.0,0.0,0.0,1.0
SOLUSDT,2023-02-22,1.0,0.0,0.0,1.0
SOLUSDT,2023-02-23,1.0,0.0,0.0,1.0
SOLUSDT,2023-02-24,0.0,0.0067,0.9933,0.0
SOLUSDT,2023-02-25,0.0,0.0018,0.9982,0.0
SOLUSDT,2023-02-26,0.0,0.0005,0.9995,0.0
SOLUSDT,2023-02-27,0.0,0.0001,0.9999,0.0
SOLUSDT,2023-02-28,0.0,0.0026,0.9974,0.0
SOLUSDT,2023-03-01,0.0,0.0545,0.9455,0.0
SOLUSDT,2023-03-02,0.0,0.2348,0.7652,0.0
SOLUSDT,2023-03-03,0.0,0.3053,0.6947,0.0
SOLUSDT,2023-03-04,0.0,0.3273,0.6727,0.0
SOLUSDT,2023-03-05,0.0,0.3233,0.6767,0.0
SOLUSDT,2023-03-06,0.0,0.3067,0.6933,0.0
SOLUSDT,2023-03-07,0.0,0.2564,0.7436,0.0
SOLUSDT,2023-03-08,0.0,0.0098,0.9902,0.0
SOLUSDT,2023-03-09,0.0,0.0012,0.9988,0.0
SOLUSDT,2023-03-10,0.0,0.0264,0.9736,0.0
SOLUSDT,2023-03-11,0.0,0.0984,0.9016,0.0
SOLUSDT,2023-03-12,0.0,0.1741,0.8259,0.0
SOLUSDT,2023-03-13,0.0,0.2054,0.7946,0.0
SOLUSDT,2023-03-14,1.0,0.0,0.0,1.0
SOLUSDT,2023-03-15,1.0,0.0,0.0,1.0
SOLUSDT,2023-03-16,1.0,0.0,0.0,1.0
SOLUSDT,2023-03-17,1.0,0.0,0.0,1.0
SOLUSDT,2023-03-18,1.0,0.0,0.0,1.0
SOLUSDT,2023-03-19,1.0,0.0,0.0,1.0
SOLUSDT,2023-03-20,1.0,0.0,0.0,1.0
SOLUSDT,2023-03-21,1.0,0.0,0.0,1.0
SOLUSDT,2023-03-22,1.0,0.0,0.0,1.0
SOLUSDT,2023-03-23,1.0,0.0,0.0,1.0
SOLUSDT,2023-03-24,0.0,0.0031,0.9969,0.0
SOLUSDT,2023-03-25,0.0,0.0005,0.9995,0.0
SOLUSDT,2023-03-26,0.0,0.0001,0.9999,0.0
SOLUSDT,2023-03-27,0.0,0.0,1.0,0.0
SOLUSDT,2023-03-28,0.0,0.0001,0.9999,0.0
SOLUSDT,2023-03-29,0.0,0.0021,0.9979,0.0
SOLUSDT,2023-03-30,0.0,0.0079,0.9921,0.0
SOLUSDT,2023-03-31,1.0,0.0,0.0,1.0
SOLUSDT,2023-04-01,1.0,0.0,0.0,1.0
SOLUSDT,2023-04-02,0.0,0.7652,0.2348,0.0
SOLUSDT,2023-04-03,1.0,0.0,0.0,1.0
SOLUSDT,2023-04-04,1.0,0.0,0.0,1.0
SOLUSDT,2023-04-05,0.0,0.9186,0.0814,0.0
SOLUSDT,2023-04-06,0.504,0.4959,0.0002,0.504
SOLUSDT,2023-04-07,0.0,0.9991,0.0009,0.0
SOLUSDT,2023-04-08,0.0,0.9996,0.0004,0.0
SOLUSDT,2023-04-09,0.0,0.9969,0.0031,0.0
SOLUSDT,2023-04-10,1.0,0.0,0.0,1.0
SOLUSDT,2023-04-11,1.0,0.0,0.0,1.0
SOLUSDT,2023-04-12,1.0,0.0,0.0,1.0
SOLUSDT,2023-04-13,1.0,0.0,0.0,1.0
SOLUSDT,2023-04-14,1.0,0.0,0.0,1.0
SOLUSDT,2023-04-15,1.0,0.0,0.0,1.0
SOLUSDT,2023-04-16,1.0,0.0,0.0,1.0
SOLUSDT,2023-04-17,1.0,0.0,0.0,1.0
SOLUSDT,2023-04-18,1.0,0.0,0.0,1.0
SOLUSDT,2023-04-19,0.0,0.9851,0.0149,0.0
SOLUSDT,2023-04-20,0.0,0.9844,0.0156,0.0
SOLUSDT,2023-04-21,0.0,0.9727,0.0273,0.0
SOLUSDT,2023-04-22,0.0,0.9691,0.0309,0.0
SOLUSDT,2023-04-23,0.0,0.9498,0.0502,0.0
SOLUSDT,2023-04-24,0.0,0.9503,0.0497,0.0
SOLUSDT,2023-04-25,0.0,0.9524,0.0476,0.0
SOLUSDT,2023-04-26,0.0,0.9513,0.0487,0.0
SOLUSDT,2023-04-27,0.9933,0.0067,0.0,0.9933
SOLUSDT,2023-04-28,1.0,0.0,0.0,1.0
SOLUSDT,2023-04-29,1.0,0.0,0.0,1.0
SOLUSDT,2023-04-30,1.0,0.0,0.0,1.0
SOLUSDT,2023-05-01,1.0,0.0,0.0,1.0
SOLUSDT,2023-05-02,1.0,0.0,0.0,1.0
SOLUSDT,2023-05-03,1.0,0.0,0.0,1.0
SOLUSDT,2023-05-04,0.0,0.9985,0.0015,0.0
SOLUSDT,2023-05-05,0.0,0.9998,0.0002,0.0
SOLUSDT,2023-05-06,0.0,0.9999,0.0001,0.0
SOLUSDT,2023-05-07,0.0,1.0,0.0,0.0
SOLUSDT,2023-05-08,0.0,1.0,0.0,0.0
SOLUSDT,2023-05-09,0.0,1.0,0.0,0.0
SOLUSDT,2023-05-10,0.0,1.0,0.0,0.0
SOLUSDT,2023-05-11,0.0,1.0,0.0,0.0
SOLUSDT,2023-05-12,0.0,0.9999,0.0001,0.0
SOLUSDT,2023-05-13,0.0,0.9998,0.0002,0.0
SOLUSDT,2023-05-14,0.0,0.9979,0.0021,0.0
SOLUSDT,2023-05-15,1.0,0.0,0.0,1.0
SOLUSDT,2023-05-16,0.0,0.8668,0.1332,0.0
SOLUSDT,2023-05-17,0.9948,0.0051,0.0001,0.9948
SOLUSDT,2023-05-18,0.9957,0.0043,0.0,0.9957
SOLUSDT,2023-05-19,0.0,0.9982,0.0018,0.0
SOLUSDT,2023-05-20,0.0,0.9998,0.0002,0.0
SOLUSDT,2023-05-21,0.0,0.9999,0.0001,0.0
SOLUSDT,2023-05-22,0.0,1.0,0.0,0.0
SOLUSDT,2023-05-23,0.0,1.0,0.0,0.0
SOLUSDT,2023-05-24,0.0,0.9999,0.0001,0.0
SOLUSDT,2023-05-25,0.0,0.9997,0.0003,0.0
SOLUSDT,2023-05-26,0.0,0.9965,0.0035,0.0
SOLUSDT,2023-05-27,0.9988,0.0012,0.0,0.9988
SOLUSDT,2023-05-28,1.0,0.0,0.0,1.0
SOLUSDT,2023-05-29,1.0,0.0,0.0,1.0
SOLUSDT,2023-05-30,1.0,0.0,0.0,1.0
SOLUSDT,2023-05-31,1.0,0.0,0.0,1.0
SOLUSDT,2023-06-01,1.0,0.0,0.0,1.0
SOLUSDT,2023-06-02,1.0,0.0,0.0,1.0
SOLUSDT,2023-06-03,1.0,0.0,0.0,1.0
SOLUSDT,2023-06-04,1.0,0.0,0.0,1.0
SOLUSDT,2023-06-05,0.0,0.995,0.005,0.0
SOLUSDT,2023-06-06,0.0,0.9949,0.0051,0.0
SOLUSDT,2023-06-07,0.0,0.9726,0.0274,0.0
SOLUSDT,2023-06-08,0.0,0.8808,0.1192,0.0
SOLUSDT,2023-06-09,0.0,0.0211,0.9789,0.0
SOLUSDT,2023-06-10,0.0,0.0,1.0,0.0
SOLUSDT,2023-06-11,0.0,0.0,1.0,0.0
SOLUSDT,2023-06-12,0.0,0.0,1.0,0.0
SOLUSDT,2023-06-13,0.0,0.0,1.0,0.0
SOLUSDT,2023-06-14,0.0,0.0,1.0,0.0
SOLUSDT,2023-06-15,0.0,0.0,1.0,0.0
SOLUSDT,2023-06-16,0.0,0.0341,0.9659,0.0
SOLUSDT,2023-06-17,0.0,0.1273,0.8727,0.0
SOLUSDT,2023-06-18,0.0,0.1627,0.8373,0.0
SOLUSDT,2023-06-19,1.0,0.0,0.0,1.0
SOLUSDT,2023-06-20,1.0,0.0,0.0,1.0
SOLUSDT,2023-06-21,1.0,0.0,0.0,1.0
SOLUSDT,2023-06-22,1.0,0.0,0.0,1.0
SOLUSDT,2023-06-23,1.0,0.0,0.0,1.0
SOLUSDT,2023-06-24,1.0,0.0,0.0,1.0
SOLUSDT,2023-06-25,1.0,0.0,0.0,1.0
SOLUSDT,2023-06-26,0.9993,0.0007,0.0,0.9993
SOLUSDT,2023-06-27,0.0,0.8967,0.1033,0.0
SOLUSDT,2023-06-28,0.0,0.8981,0.1019,0.0
SOLUSDT,2023-06-29,1.0,0.0,0.0,1.0
SOLUSDT,2023-06-30,1.0,0.0,0.0,1.0
SOLUSDT,2023-07-01,1.0,0.0,0.0,1.0
SOLUSDT,2023-07-02,1.0,0.0,0.0,1.0
SOLUSDT,2023-07-03,1.0,0.0,0.0,1.0
SOLUSDT,2023-07-04,1.0,0.0,0.0,1.0
SOLUSDT,2023-07-05,1.0,0.0,0.0,1.0
SOLUSDT,2023-07-06,1.0,0.0,0.0,1.0
SOLUSDT,2023-07-07,1.0,0.0,0.0,1.0
SOLUSDT,2023-07-08,1.0,0.0,0.0,1.0
SOLUSDT,2023-07-09,1.0,0.0,0.0,1.0
SOLUSDT,2023-07-10,1.0,0.0,0.0,1.0
SOLUSDT,2023-07-11,1.0,0.0,0.0,1.0
SOLUSDT,2023-07-12,1.0,0.0,0.0,1.0
SOLUSDT,2023-07-13,1.0,0.0,0.0,1.0
SOLUSDT,2023-07-14,1.0,0.0,0.0,1.0
SOLUSDT,2023-07-15,1.0,0.0,0.0,1.0
SOLUSDT,2023-07-16,1.0,0.0,0.0,1.0
SOLUSDT,2023-07-17,1.0,0.0,0.0,1.0
SOLUSDT,2023-07-18,1.0,0.0,0.0,1.0
SOLUSDT,2023-07-19,1.0,0.0,0.0,1.0
SOLUSDT,2023-07-20,0.0,0.0123,0.9877,0.0
SOLUSDT,2023-07-21,0.0,0.0043,0.9957,0.0
SOLUSDT,2023-07-22,0.0,0.0004,0.9996,0.0
SOLUSDT,2023-07-23,0.0,0.0001,0.9999,0.0
SOLUSDT,2023-07-24,0.0,0.0,1.0,0.0
SOLUSDT,2023-07-25,0.0,0.0,1.0,0.0
SOLUSDT,2023-07-26,0.0,0.0,1.0,0.0
SOLUSDT,2023-07-27,0.0,0.0002,0.9998,0.0
SOLUSDT,2023-07-28,0.0,0.003,0.997,0.0
SOLUSDT,2023-07-29,1.0,0.0,0.0,1.0
SOLUSDT,2023-07-30,0.0,0.1058,0.8942,0.0
SOLUSDT,2023-07-31,1.0,0.0,0.0,1.0
SOLUSDT,2023-08-01,1.0,0.0,0.0,1.0
SOLUSDT,2023-08-02,0.0,0.7701,0.2299,0.0
SOLUSDT,2023-08-03,0.0,0.9684,0.0316,0.0
SOLUSDT,2023-08-04,0.0,0.9968,0.0032,0.0
SOLUSDT,2023-08-05,0.0,0.9994,0.0006,0.0
SOLUSDT,2023-08-06,0.0,0.9997,0.0003,0.0
SOLUSDT,2023-08-07,0.0,0.9976,0.0024,0.0
SOLUSDT,2023-08-08,0.9984,0.0016,0.0,0.9984
SOLUSDT,2023-08-09,1.0,0.0,0.0,1.0
SOLUSDT,2023-08-10,1.0,0.0,0.0,1.0
SOLUSDT,2023-08-11,1.0,0.0,0.0,1.0
SOLUSDT,2023-08-12,1.0,0.0,0.0,1.0
SOLUSDT,2023-08-13,1.0,0.0,0.0,1.0
SOLUSDT,2023-08-14,1.0,0.0,0.0,1.0
SOLUSDT,2023-08-15,0.0,0.9983,0.0017,0.0
SOLUSDT,2023-08-16,0.0,0.9998,0.0002,0.0
SOLUSDT,2023-08-17,0.0,0.9997,0.0003,0.0
SOLUSDT,2023-08-18,0.0,0.9995,0.0005,0.0
SOLUSDT,2023-08-19,0.0,0.9996,0.0004,0.0
SOLUSDT,2023-08-20,0.0,0.9995,0.0005,0.0
SOLUSDT,2023-08-21,0.0,0.9979,0.0021,0.0
SOLUSDT,2023-08-22,0.0,0.9986,0.0014,0.0
SOLUSDT,2023-08-23,0.0,0.9999,0.0001,0.0
SOLUSDT,2023-08-24,0.0,1.0,0.0,0.0
SOLUSDT,2023-08-25,0.0,1.0,0.0,0.0
SOLUSDT,2023-08-26,0.0,1.0,0.0,0.0
SOLUSDT,2023-08-27,0.0,0.9998,0.0002,0.0
SOLUSDT,2023-08-28,0.0,0.9978,0.0022,0.0
SOLUSDT,2023-08-29,1.0,0.0,0.0,1.0
SOLUSDT,2023-08-30,0.0,0.9987,0.0013,0.0
SOLUSDT,2023-08-31,0.0,0.9999,0.0001,0.0
SOLUSDT,2023-09-01,0.0,1.0,0.0,0.0
SOLUSDT,2023-09-02,0.0,1.0,0.0,0.0
SOLUSDT,2023-09-03,0.0,1.0,0.0,0.0
SOLUSDT,2023-09-04,0.0,1.0,0.0,0.0
SOLUSDT,2023-09-05,0.0,0.9998,0.0002,0.0
SOLUSDT,2023-09-06,0.0,0.9976,0.0024,0.0
SOLUSDT,2023-09-07,0.9977,0.0023,0.0,0.9977
SOLUSDT,2023-09-08,1.0,0.0,0.0,1.0
SOLUSDT,2023-09-09,0.0,0.998,0.002,0.0
SOLUSDT,2023-09-10,0.0,0.9998,0.0002,0.0
SOLUSDT,2023-09-11,0.0,0.9999,0.0001,0.0
SOLUSDT,2023-09-12,0.0,0.9998,0.0002,0.0
SOLUSDT,2023-09-13,0.0,1.0,0.0,0.0
SOLUSDT,2023-09-14,0.0,1.0,0.0,0.0
SOLUSDT,2023-09-15,0.0,0.9998,0.0002,0.0
SOLUSDT,2023-09-16,0.0,0.9973,0.0027,0.0
SOLUSDT,2023-09-17,1.0,0.0,0.0,1.0
SOLUSDT,2023-09-18,1.0,0.0,0.0,1.0
SOLUSDT,2023-09-19,1.0,0.0,0.0,1.0
SOLUSDT,2023-09-20,1.0,0.0,0.0,1.0
SOLUSDT,2023-09-21,1.0,0.0,0.0,1.0
SOLUSDT,2023-09-22,1.0,0.0,0.0,1.0
SOLUSDT,2023-09-23,1.0,0.0,0.0,1.0
SOLUSDT,2023-09-24,1.0,0.0,0.0,1.0
SOLUSDT,2023-09-25,0.0,0.997,0.003,0.0
SOLUSDT,2023-09-26,0.0,0.9986,0.0014,0.0
SOLUSDT,2023-09-27,0.0,0.9957,0.0043,0.0
SOLUSDT,2023-09-28,1.0,0.0,0.0,1.0
SOLUSDT,2023-09-29,1.0,0.0,0.0,1.0
SOLUSDT,2023-09-30,1.0,0.0,0.0,1.0
SOLUSDT,2023-10-01,1.0,0.0,0.0,1.0
SOLUSDT,2023-10-02,1.0,0.0,0.0,1.0
SOLUSDT,2023-10-03,1.0,0.0,0.0,1.0
SOLUSDT,2023-10-04,1.0,0.0,0.0,1.0
SOLUSDT,2023-10-05,1.0,0.0,0.0,1.0
SOLUSDT,2023-10-06,1.0,0.0,0.0,1.0
SOLUSDT,2023-10-07,1.0,0.0,0.0,1.0
SOLUSDT,2023-10-08,0.0,0.9985,0.0015,0.0
SOLUSDT,2023-10-09,0.0,0.9999,0.0001,0.0
SOLUSDT,2023-10-10,0.0,1.0,0.0,0.0
SOLUSDT,2023-10-11,0.0,1.0,0.0,0.0
SOLUSDT,2023-10-12,0.0,1.0,0.0,0.0
SOLUSDT,2023-10-13,0.0,0.9999,0.0001,0.0
SOLUSDT,2023-10-14,0.0,0.9998,0.0002,0.0
SOLUSDT,2023-10-15,0.0,0.9973,0.0027,0.0
SOLUSDT,2023-10-16,1.0,0.0,0.0,1.0
SOLUSDT,2023-10-17,1.0,0.0,0.0,1.0
SOLUSDT,2023-10-18,1.0,0.0,0.0,1.0
SOLUSDT,2023-10-19,1.0,0.0,0.0,1.0
SOLUSDT,2023-10-20,1.0,0.0,0.0,1.0
SOLUSDT,2023-10-21,1.0,0.0,0.0,1.0
SOLUSDT,2023-10-22,1.0,0.0,0.0,1.0
SOLUSDT,2023-10-23,1.0,0.0,0.0,1.0
SOLUSDT,2023-10-24,1.0,0.0,0.0,1.0
SOLUSDT,2023-10-25,1.0,0.0,0.0,1.0
SOLUSDT,2023-10-26,1.0,0.0,0.0,1.0
SOLUSDT,2023-10-27,1.0,0.0,0.0,1.0
SOLUSDT,2023-10-28,1.0,0.0,0.0,1.0
SOLUSDT,2023-10-29,1.0,0.0,0.0,1.0
SOLUSDT,2023-10-30,1.0,0.0,0.0,1.0
SOLUSDT,2023-10-31,1.0,0.0,0.0,1.0
SOLUSDT,2023-11-01,1.0,0.0,0.0,1.0
SOLUSDT,2023-11-02,1.0,0.0,0.0,1.0
SOLUSDT,2023-11-03,1.0,0.0,0.0,1.0
SOLUSDT,2023-11-04,1.0,0.0,0.0,1.0
SOLUSDT,2023-11-05,1.0,0.0,0.0,1.0
SOLUSDT,2023-11-06,1.0,0.0,0.0,1.0
SOLUSDT,2023-11-07,1.0,0.0,0.0,1.0
SOLUSDT,2023-11-08,1.0,0.0,0.0,1.0
SOLUSDT,2023-11-09,1.0,0.0,0.0,1.0
SOLUSDT,2023-11-10,1.0,0.0,0.0,1.0
SOLUSDT,2023-11-11,1.0,0.0,0.0,1.0
SOLUSDT,2023-11-12,1.0,0.0,0.0,1.0
SOLUSDT,2023-11-13,1.0,0.0,0.0,1.0
SOLUSDT,2023-11-14,1.0,0.0,0.0,1.0
SOLUSDT,2023-11-15,1.0,0.0,0.0,1.0
SOLUSDT,2023-11-16,1.0,0.0,0.0,1.0
SOLUSDT,2023-11-17,1.0,0.0,0.0,1.0
SOLUSDT,2023-11-18,1.0,0.0,0.0,1.0
SOLUSDT,2023-11-19,1.0,0.0,0.0,1.0
SOLUSDT,2023-11-20,1.0,0.0,0.0,1.0
SOLUSDT,2023-11-21,0.0,0.0,1.0,0.0
SOLUSDT,2023-11-22,0.0,0.0,1.0,0.0
SOLUSDT,2023-11-23,0.0,0.0,1.0,0.0
SOLUSDT,2023-11-24,0.0,0.0,1.0,0.0
SOLUSDT,2023-11-25,0.8934,0.0,0.1066,0.8934
SOLUSDT,2023-11-26,0.0,0.0,1.0,0.0
SOLUSDT,2023-11-27,0.0,0.0,1.0,0.0
SOLUSDT,2023-11-28,1.0,0.0,0.0,1.0
SOLUSDT,2023-11-29,1.0,0.0,0.0,1.0
SOLUSDT,2023-11-30,1.0,0.0,0.0,1.0
SOLUSDT,2023-12-01,1.0,0.0,0.0,1.0
SOLUSDT,2023-12-02,1.0,0.0,0.0,1.0
SOLUSDT,2023-12-03,1.0,0.0,0.0,1.0
SOLUSDT,2023-12-04,1.0,0.0,0.0,1.0
SOLUSDT,2023-12-05,1.0,0.0,0.0,1.0
SOLUSDT,2023-12-06,1.0,0.0,0.0,1.0
SOLUSDT,2023-12-07,1.0,0.0,0.0,1.0
SOLUSDT,2023-12-08,1.0,0.0,0.0,1.0
SOLUSDT,2023-12-09,1.0,0.0,0.0,1.0
SOLUSDT,2023-12-10,1.0,0.0,0.0,1.0
SOLUSDT,2023-12-11,1.0,0.0,0.0,1.0
SOLUSDT,2023-12-12,1.0,0.0,0.0,1.0
SOLUSDT,2023-12-13,1.0,0.0,0.0,1.0
SOLUSDT,2023-12-14,1.0,0.0,0.0,1.0
SOLUSDT,2023-12-15,0.0,0.4467,0.5533,0.0
SOLUSDT,2023-12-16,0.9994,0.0006,0.0,0.9994
SOLUSDT,2023-12-17,0.0,0.4138,0.5862,0.0
SOLUSDT,2023-12-18,1.0,0.0,0.0,1.0
SOLUSDT,2023-12-19,1.0,0.0,0.0,1.0
SOLUSDT,2023-12-20,1.0,0.0,0.0,1.0
SOLUSDT,2023-12-21,1.0,0.0,0.0,1.0
SOLUSDT,2023-12-22,1.0,0.0,0.0,1.0
SOLUSDT,2023-12-23,1.0,0.0,0.0,1.0
SOLUSDT,2023-12-24,1.0,0.0,0.0,1.0
SOLUSDT,2023-12-25,1.0,0.0,0.0,1.0
SOLUSDT,2023-12-26,1.0,0.0,0.0,1.0
SOLUSDT,2023-12-27,1.0,0.0,0.0,1.0
SOLUSDT,2023-12-28,1.0,0.0,0.0,1.0
SOLUSDT,2023-12-29,1.0,0.0,0.0,1.0
SOLUSDT,2023-12-30,0.0,0.0,1.0,0.0
SOLUSDT,2023-12-31,0.0,0.0,1.0,0.0
SOLUSDT,2024-01-01,0.0,0.0,1.0,0.0
SOLUSDT,2024-01-02,0.0,0.0,1.0,0.0
SOLUSDT,2024-01-03,0.0,0.0,1.0,0.0
SOLUSDT,2024-01-04,1.0,0.0,0.0,1.0
SOLUSDT,2024-01-05,0.0,0.0,1.0,0.0
SOLUSDT,2024-01-06,0.0,0.0,1.0,0.0
SOLUSDT,2024-01-07,0.0,0.0,1.0,0.0
SOLUSDT,2024-01-08,0.0,0.0,1.0,0.0
SOLUSDT,2024-01-09,0.0,0.0,1.0,0.0
SOLUSDT,2024-01-10,1.0,0.0,0.0,1.0
SOLUSDT,2024-01-11,0.0,0.0002,0.9998,0.0
SOLUSDT,2024-01-12,0.0,0.0,1.0,0.0
SOLUSDT,2024-01-13,1.0,0.0,0.0,1.0
SOLUSDT,2024-01-14,1.0,0.0,0.0,1.0
SOLUSDT,2024-01-15,0.0,0.0173,0.9827,0.0
SOLUSDT,2024-01-16,0.0,0.0165,0.9835,0.0
SOLUSDT,2024-01-17,0.865,0.0001,0.1349,0.865
SOLUSDT,2024-01-18,0.0,0.0447,0.9553,0.0
SOLUSDT,2024-01-19,1.0,0.0,0.0,1.0
SOLUSDT,2024-01-20,0.0,0.0051,0.9949,0.0
SOLUSDT,2024-01-21,0.0,0.0009,0.9991,0.0
SOLUSDT,2024-01-22,0.0,0.0001,0.9999,0.0
SOLUSDT,2024-01-23,0.0,0.0,1.0,0.0
SOLUSDT,2024-01-24,0.0,0.0001,0.9999,0.0
SOLUSDT,2024-01-25,0.0,0.0033,0.9967,0.0
SOLUSDT,2024-01-26,0.0,0.0086,0.9914,0.0
SOLUSDT,2024-01-27,1.0,0.0,0.0,1.0
SOLUSDT,2024-01-28,1.0,0.0,0.0,1.0
SOLUSDT,2024-01-29,1.0,0.0,0.0,1.0
SOLUSDT,2024-01-30,1.0,0.0,0.0,1.0
SOLUSDT,2024-01-31,1.0,0.0,0.0,1.0
SOLUSDT,2024-02-01,1.0,0.0,0.0,1.0
SOLUSDT,2024-02-02,1.0,0.0,0.0,1.0
SOLUSDT,2024-02-03,1.0,0.0,0.0,1.0
SOLUSDT,2024-02-04,0.0,0.991,0.009,0.0
SOLUSDT,2024-02-05,0.0,0.994,0.006,0.0
SOLUSDT,2024-02-06,0.0,0.9906,0.0094,0.0
SOLUSDT,2024-02-07,1.0,0.0,0.0,1.0
SOLUSDT,2024-02-08,1.0,0.0,0.0,1.0
SOLUSDT,2024-02-09,1.0,0.0,0.0,1.0
SOLUSDT,2024-02-10,1.0,0.0,0.0,1.0
SOLUSDT,2024-02-11,1.0,0.0,0.0,1.0
SOLUSDT,2024-02-12,1.0,0.0,0.0,1.0
SOLUSDT,2024-02-13,1.0,0.0,0.0,1.0
SOLUSDT,2024-02-14,1.0,0.0,0.0,1.0
SOLUSDT,2024-02-15,1.0,0.0,0.0,1.0
SOLUSDT,2024-02-16,1.0,0.0,0.0,1.0
SOLUSDT,2024-02-17,0.0,0.8654,0.1346,0.0
SOLUSDT,2024-02-18,1.0,0.0,0.0,1.0
SOLUSDT,2024-02-19,0.0,0.9976,0.0024,0.0
SOLUSDT,2024-02-20,0.0,0.9998,0.0002,0.0
SOLUSDT,2024-02-21,0.0,0.9999,0.0001,0.0
SOLUSDT,2024-02-22,0.0,0.9999,0.0001,0.0
SOLUSDT,2024-02-23,0.0,0.9999,0.0001,0.0
SOLUSDT,2024-02-24,0.0,1.0,0.0,0.0
SOLUSDT,2024-02-25,0.0,0.9999,0.0001,0.0
SOLUSDT,2024-02-26,0.0,0.9997,0.0003,0.0
SOLUSDT,2024-02-27,0.0,0.9963,0.0037,0.0
SOLUSDT,2024-02-28,1.0,0.0,0.0,1.0
SOLUSDT,2024-02-29,1.0,0.0,0.0,1.0
SOLUSDT,2024-03-01,1.0,0.0,0.0,1.0
SOLUSDT,2024-03-02,1.0,0.0,0.0,1.0
SOLUSDT,2024-03-03,1.0,0.0,0.0,1.0
SOLUSDT,2024-03-04,1.0,0.0,0.0,1.0
SOLUSDT,2024-03-05,1.0,0.0,0.0,1.0
SOLUSDT,2024-03-06,1.0,0.0,0.0,1.0
SOLUSDT,2024-03-07,1.0,0.0,0.0,1.0
SOLUSDT,2024-03-08,1.0,0.0,0.0,1.0
SOLUSDT,2024-03-09,1.0,0.0,0.0,1.0
SOLUSDT,2024-03-10,1.0,0.0,0.0,1.0
SOLUSDT,2024-03-11,1.0,0.0,0.0,1.0
SOLUSDT,2024-03-12,1.0,0.0,0.0,1.0
SOLUSDT,2024-03-13,1.0,0.0,0.0,1.0
SOLUSDT,2024-03-14,1.0,0.0,0.0,1.0
SOLUSDT,2024-03-15,1.0,0.0,0.0,1.0
SOLUSDT,2024-03-16,1.0,0.0,0.0,1.0
SOLUSDT,2024-03-17,1.0,0.0,0.0,1.0
SOLUSDT,2024-03-18,1.0,0.0,0.0,1.0
SOLUSDT,2024-03-19,1.0,0.0,0.0,1.0
SOLUSDT,2024-03-20,1.0,0.0,0.0,1.0
SOLUSDT,2024-03-21,1.0,0.0,0.0,1.0
SOLUSDT,2024-03-22,0.0,0.0,1.0,0.0
SOLUSDT,2024-03-23,0.0,0.0,1.0,0.0
SOLUSDT,2024-03-24,0.0,0.0,1.0,0.0
SOLUSDT,2024-03-25,0.0,0.0,1.0,0.0
SOLUSDT,2024-03-26,1.0,0.0,0.0,1.0
SOLUSDT,2024-03-27,0.0,0.0008,0.9992,0.0
SOLUSDT,2024-03-28,1.0,0.0,0.0,1.0
SOLUSDT,2024-03-29,1.0,0.0,0.0,1.0
SOLUSDT,2024-03-30,1.0,0.0,0.0,1.0
SOLUSDT,2024-03-31,1.0,0.0,0.0,1.0
SOLUSDT,2024-04-01,1.0,0.0,0.0,1.0
SOLUSDT,2024-04-02,0.0,0.0,1.0,0.0
SOLUSDT,2024-04-03,0.0,0.0,1.0,0.0
SOLUSDT,2024-04-04,0.0,0.0,1.0,0.0
SOLUSDT,2024-04-05,0.0,0.0,1.0,0.0
SOLUSDT,2024-04-06,0.0,0.0,1.0,0.0
SOLUSDT,2024-04-07,0.0,0.0003,0.9997,0.0
SOLUSDT,2024-04-08,0.0,0.0213,0.9787,0.0
SOLUSDT,2024-04-09,0.0,0.2503,0.7497,0.0
SOLUSDT,2024-04-10,0.0,0.3673,0.6327,0.0
SOLUSDT,2024-04-11,0.0,0.366,0.634,0.0
SOLUSDT,2024-04-12,0.0,0.2012,0.7988,0.0
SOLUSDT,2024-04-13,0.0,0.0,1.0,0.0
SOLUSDT,2024-04-14,0.0,0.0,1.0,0.0
SOLUSDT,2024-04-15,0.0,0.0,1.0,0.0
SOLUSDT,2024-04-16,0.0,0.0,1.0,0.0
SOLUSDT,2024-04-17,0.0,0.0,1.0,0.0
SOLUSDT,2024-04-18,0.0,0.0,1.0,0.0
SOLUSDT,2024-04-19,0.0,0.0019,0.9981,0.0
SOLUSDT,2024-04-20,1.0,0.0,0.0,1.0
SOLUSDT,2024-04-21,0.0,0.0885,0.9115,0.0
SOLUSDT,2024-04-22,1.0,0.0,0.0,1.0
SOLUSDT,2024-04-23,1.0,0.0,0.0,1.0
SOLUSDT,2024-04-24,1.0,0.0,0.0,1.0
SOLUSDT,2024-04-25,1.0,0.0,0.0,1.0
SOLUSDT,2024-04-26,0.0,0.0039,0.9961,0.0
SOLUSDT,2024-04-27,0.0,0.0006,0.9994,0.0
SOLUSDT,2024-04-28,0.0,0.0001,0.9999,0.0
SOLUSDT,2024-04-29,0.0,0.0,1.0,0.0
SOLUSDT,2024-04-30,0.0,0.0,1.0,0.0
SOLUSDT,2024-05-01,0.0,0.0,1.0,0.0
SOLUSDT,2024-05-02,0.0,0.0003,0.9997,0.0
SOLUSDT,2024-05-03,1.0,0.0,0.0,1.0
SOLUSDT,2024-05-04,1.0,0.0,0.0,1.0
SOLUSDT,2024-05-05,1.0,0.0,0.0,1.0
SOLUSDT,2024-05-06,1.0,0.0,0.0,1.0
SOLUSDT,2024-05-07,1.0,0.0,0.0,1.0
SOLUSDT,2024-05-08,1.0,0.0,0.0,1.0
SOLUSDT,2024-05-09,1.0,0.0,0.0,1.0
SOLUSDT,2024-05-10,1.0,0.0,0.0,1.0
SOLUSDT,2024-05-11,0.0,0.9934,0.0066,0.0
SOLUSDT,2024-05-12,0.0,0.9977,0.0023,0.0
SOLUSDT,2024-05-13,0.0,0.9981,0.0019,0.0
SOLUSDT,2024-05-14,0.0,0.9937,0.0063,0.0
SOLUSDT,2024-05-15,1.0,0.0,0.0,1.0
SOLUSDT,2024-05-16,1.0,0.0,0.0,1.0
SOLUSDT,2024-05-17,1.0,0.0,0.0,1.0
SOLUSDT,2024-05-18,1.0,0.0,0.0,1.0
SOLUSDT,2024-05-19,1.0,0.0,0.0,1.0
SOLUSDT,2024-05-20,1.0,0.0,0.0,1.0
SOLUSDT,2024-05-21,1.0,0.0,0.0,1.0
SOLUSDT,2024-05-22,1.0,0.0,0.0,1.0
SOLUSDT,2024-05-23,1.0,0.0,0.0,1.0
SOLUSDT,2024-05-24,0.0,0.8222,0.1778,0.0
SOLUSDT,2024-05-25,0.0,0.8369,0.1631,0.0
SOLUSDT,2024-05-26,0.0,0.8515,0.1485,0.0
SOLUSDT,2024-05-27,0.0,0.8698,0.1302,0.0
SOLUSDT,2024-05-28,0.0,0.9163,0.0837,0.0
SOLUSDT,2024-05-29,0.0,0.959,0.041,0.0
SOLUSDT,2024-05-30,0.0,0.9854,0.0146,0.0
SOLUSDT,2024-05-31,0.0,0.9936,0.0064,0.0
SOLUSDT,2024-06-01,0.0,0.9952,0.0048,0.0
SOLUSDT,2024-06-02,0.0,0.9934,0.0066,0.0
SOLUSDT,2024-06-03,0.0,0.9866,0.0134,0.0
SOLUSDT,2024-06-04,1.0,0.0,0.0,1.0
SOLUSDT,2024-06-05,1.0,0.0,0.0,1.0
SOLUSDT,2024-06-06,1.0,0.0,0.0,1.0
SOLUSDT,2024-06-07,0.0,0.9985,0.0015,0.0
SOLUSDT,2024-06-08,0.0,0.9999,0.0001,0.0
SOLUSDT,2024-06-09,0.0,0.9999,0.0001,0.0
SOLUSDT,2024-06-10,0.0,0.9999,0.0001,0.0
SOLUSDT,2024-06-11,0.0,0.9997,0.0003,0.0
SOLUSDT,2024-06-12,0.0,0.9998,0.0002,0.0
SOLUSDT,2024-06-13,0.0,0.9996,0.0004,0.0
SOLUSDT,2024-06-14,0.0,0.9998,0.0002,0.0
SOLUSDT,2024-06-15,0.0,0.9999,0.0001,0.0
SOLUSDT,2024-06-16,0.0,1.0,0.0,0.0
SOLUSDT,2024-06-17,0.0,0.9999,0.0001,0.0
SOLUSDT,2024-06-18,0.0,0.9999,0.0001,0.0
SOLUSDT,2024-06-19,0.0,0.9998,0.0002,0.0
SOLUSDT,2024-06-20,0.0,0.9999,0.0001,0.0
SOLUSDT,2024-06-21,0.0,1.0,0.0,0.0
SOLUSDT,2024-06-22,0.0,0.9999,0.0001,0.0
SOLUSDT,2024-06-23,0.0,0.9989,0.0011,0.0
SOLUSDT,2024-06-24,0.0,0.9993,0.0007,0.0
SOLUSDT,2024-06-25,0.0,0.9964,0.0036,0.0
SOLUSDT,2024-06-26,0.9968,0.0032,0.0,0.9968
SOLUSDT,2024-06-27,1.0,0.0,0.0,1.0
SOLUSDT,2024-06-28,1.0,0.0,0.0,1.0
SOLUSDT,2024-06-29,1.0,0.0,0.0,1.0
SOLUSDT,2024-06-30,1.0,0.0,0.0,1.0
SOLUSDT,2024-07-01,1.0,0.0,0.0,1.0
SOLUSDT,2024-07-02,1.0,0.0,0.0,1.0
SOLUSDT,2024-07-03,1.0,0.0,0.0,1.0
SOLUSDT,2024-07-04,0.0,0.0226,0.9774,0.0
SOLUSDT,2024-07-05,0.0,0.0319,0.9681,0.0
SOLUSDT,2024-07-06,1.0,0.0,0.0,1.0
SOLUSDT,2024-07-07,0.0,0.0014,0.9986,0.0
SOLUSDT,2024-07-08,0.0,0.0006,0.9994,0.0
SOLUSDT,2024-07-09,0.0,0.0016,0.9984,0.0
SOLUSDT,2024-07-10,0.9997,0.0,0.0002,0.9997
SOLUSDT,2024-07-11,1.0,0.0,0.0,1.0
SOLUSDT,2024-07-12,1.0,0.0,0.0,1.0
SOLUSDT,2024-07-13,0.0,0.0572,0.9428,0.0
SOLUSDT,2024-07-14,1.0,0.0,0.0,1.0
SOLUSDT,2024-07-15,1.0,0.0,0.0,1.0
SOLUSDT,2024-07-16,1.0,0.0,0.0,1.0
SOLUSDT,2024-07-17,1.0,0.0,0.0,1.0
SOLUSDT,2024-07-18,1.0,0.0,0.0,1.0
SOLUSDT,2024-07-19,1.0,0.0,0.0,1.0
SOLUSDT,2024-07-20,1.0,0.0,0.0,1.0
SOLUSDT,2024-07-21,1.0,0.0,0.0,1.0
SOLUSDT,2024-07-22,1.0,0.0,0.0,1.0
SOLUSDT,2024-07-23,1.0,0.0,0.0,1.0
SOLUSDT,2024-07-24,1.0,0.0,0.0,1.0
SOLUSDT,2024-07-25,1.0,0.0,0.0,1.0
SOLUSDT,2024-07-26,1.0,0.0,0.0,1.0
SOLUSDT,2024-07-27,1.0,0.0,0.0,1.0
SOLUSDT,2024-07-28,0.9997,0.0003,0.0,0.9997
SOLUSDT,2024-07-29,1.0,0.0,0.0,1.0
SOLUSDT,2024-07-30,1.0,0.0,0.0,1.0
SOLUSDT,2024-07-31,0.0,0.6784,0.3216,0.0
SOLUSDT,2024-08-01,0.0,0.6167,0.3833,0.0
SOLUSDT,2024-08-02,0.0,0.0182,0.9818,0.0
SOLUSDT,2024-08-03,0.0,0.0,1.0,0.0
SOLUSDT,2024-08-04,0.0,0.0,1.0,0.0
SOLUSDT,2024-08-05,0.0,0.0,1.0,0.0
SOLUSDT,2024-08-06,0.0,0.0,1.0,0.0
SOLUSDT,2024-08-07,0.0,0.0,1.0,0.0
SOLUSDT,2024-08-08,0.0,0.0002,0.9998,0.0
SOLUSDT,2024-08-09,1.0,0.0,0.0,1.0
SOLUSDT,2024-08-10,1.0,0.0,0.0,1.0
SOLUSDT,2024-08-11,1.0,0.0,0.0,1.0
SOLUSDT,2024-08-12,1.0,0.0,0.0,1.0
SOLUSDT,2024-08-13,1.0,0.0,0.0,1.0
SOLUSDT,2024-08-14,0.0,0.0007,0.9993,0.0
SOLUSDT,2024-08-15,0.0,0.0,1.0,0.0
SOLUSDT,2024-08-16,0.0,0.0,1.0,0.0
SOLUSDT,2024-08-17,0.0,0.0009,0.9991,0.0
SOLUSDT,2024-08-18,0.9766,0.0,0.0233,0.9766
SOLUSDT,2024-08-19,0.0,0.0032,0.9968,0.0
SOLUSDT,2024-08-20,0.0,0.0012,0.9988,0.0
SOLUSDT,2024-08-21,0.0,0.0024,0.9976,0.0
SOLUSDT,2024-08-22,0.9977,0.0,0.0023,0.9977
SOLUSDT,2024-08-23,1.0,0.0,0.0,1.0
SOLUSDT,2024-08-24,1.0,0.0,0.0,1.0
SOLUSDT,2024-08-25,1.0,0.0,0.0,1.0
SOLUSDT,2024-08-26,1.0,0.0,0.0,1.0
SOLUSDT,2024-08-27,1.0,0.0,0.0,1.0
SOLUSDT,2024-08-28,0.9957,0.0043,0.0,0.9957
SOLUSDT,2024-08-29,0.0,0.9669,0.0331,0.0
SOLUSDT,2024-08-30,0.0,0.9585,0.0415,0.0
SOLUSDT,2024-08-31,0.0,0.8927,0.1073,0.0
SOLUSDT,2024-09-01,0.0,0.8703,0.1297,0.0
SOLUSDT,2024-09-02,0.0,0.9224,0.0776,0.0
SOLUSDT,2024-09-03,0.0,0.969,0.031,0.0
SOLUSDT,2024-09-04,0.0,0.9968,0.0032,0.0
SOLUSDT,2024-09-05,0.0,0.9993,0.0007,0.0
SOLUSDT,2024-09-06,0.0,0.999,0.001,0.0
SOLUSDT,2024-09-07,0.0,0.9963,0.0037,0.0
SOLUSDT,2024-09-08,0.9984,0.0016,0.0,0.9984
SOLUSDT,2024-09-09,0.9997,0.0003,0.0001,0.9997
SOLUSDT,2024-09-10,1.0,0.0,0.0,1.0
SOLUSDT,2024-09-11,0.0,0.8359,0.1641,0.0
SOLUSDT,2024-09-12,1.0,0.0,0.0,1.0
SOLUSDT,2024-09-13,1.0,0.0,0.0,1.0
SOLUSDT,2024-09-14,1.0,0.0,0.0,1.0
SOLUSDT,2024-09-15,0.9996,0.0004,0.0,0.9996
SOLUSDT,2024-09-16,0.0,0.9923,0.0077,0.0
SOLUSDT,2024-09-17,0.0,0.9915,0.0085,0.0
SOLUSDT,2024-09-18,0.9997,0.0003,0.0,0.9997
SOLUSDT,2024-09-19,1.0,0.0,0.0,1.0
SOLUSDT,2024-09-20,1.0,0.0,0.0,1.0
SOLUSDT,2024-09-21,1.0,0.0,0.0,1.0
SOLUSDT,2024-09-22,1.0,0.0,0.0,1.0
SOLUSDT,2024-09-23,1.0,0.0,0.0,1.0
SOLUSDT,2024-09-24,1.0,0.0,0.0,1.0
SOLUSDT,2024-09-25,1.0,0.0,0.0,1.0
SOLUSDT,2024-09-26,1.0,0.0,0.0,1.0
SOLUSDT,2024-09-27,1.0,0.0,0.0,1.0
SOLUSDT,2024-09-28,1.0,0.0,0.0,1.0
SOLUSDT,2024-09-29,1.0,0.0,0.0,1.0
SOLUSDT,2024-09-30,1.0,0.0,0.0,1.0
SOLUSDT,2024-10-01,0.0,0.9987,0.0013,0.0
SOLUSDT,2024-10-02,0.0,0.9999,0.0001,0.0
SOLUSDT,2024-10-03,0.0,0.9998,0.0002,0.0
SOLUSDT,2024-10-04,0.0,0.9999,0.0001,0.0
SOLUSDT,2024-10-05,0.0,0.9999,0.0001,0.0
SOLUSDT,2024-10-06,0.0,1.0,0.0,0.0
SOLUSDT,2024-10-07,0.0,0.9999,0.0001,0.0
SOLUSDT,2024-10-08,0.0,0.9997,0.0003,0.0
SOLUSDT,2024-10-09,0.0,0.9966,0.0034,0.0
SOLUSDT,2024-10-10,1.0,0.0,0.0,1.0
SOLUSDT,2024-10-11,1.0,0.0,0.0,1.0
SOLUSDT,2024-10-12,1.0,0.0,0.0,1.0
SOLUSDT,2024-10-13,1.0,0.0,0.0,1.0
SOLUSDT,2024-10-14,1.0,0.0,0.0,1.0
SOLUSDT,2024-10-15,1.0,0.0,0.0,1.0
SOLUSDT,2024-10-16,1.0,0.0,0.0,1.0
SOLUSDT,2024-10-17,1.0,0.0,0.0,1.0
SOLUSDT,2024-10-18,1.0,0.0,0.0,1.0
SOLUSDT,2024-10-19,1.0,0.0,0.0,1.0
SOLUSDT,2024-10-20,1.0,0.0,0.0,1.0
SOLUSDT,2024-10-21,1.0,0.0,0.0,1.0
SOLUSDT,2024-10-22,1.0,0.0,0.0,1.0
SOLUSDT,2024-10-23,1.0,0.0,0.0,1.0
SOLUSDT,2024-10-24,1.0,0.0,0.0,1.0
SOLUSDT,2024-10-25,1.0,0.0,0.0,1.0
SOLUSDT,2024-10-26,1.0,0.0,0.0,1.0
SOLUSDT,2024-10-27,1.0,0.0,0.0,1.0
SOLUSDT,2024-10-28,1.0,0.0,0.0,1.0
SOLUSDT,2024-10-29,1.0,0.0,0.0,1.0
SOLUSDT,2024-10-30,1.0,0.0,0.0,1.0
SOLUSDT,2024-10-31,0.0,0.9231,0.0769,0.0
SOLUSDT,2024-11-01,0.9308,0.0692,0.0,0.9308
SOLUSDT,2024-11-02,0.0,0.9986,0.0014,0.0
SOLUSDT,2024-11-03,0.0,0.9997,0.0003,0.0
SOLUSDT,2024-11-04,0.0,0.9991,0.0009,0.0
SOLUSDT,2024-11-05,0.0,0.9968,0.0032,0.0
SOLUSDT,2024-11-06,1.0,0.0,0.0,1.0
SOLUSDT,2024-11-07,1.0,0.0,0.0,1.0
SOLUSDT,2024-11-08,1.0,0.0,0.0,1.0
SOLUSDT,2024-11-09,1.0,0.0,0.0,1.0
SOLUSDT,2024-11-10,1.0,0.0,0.0,1.0
SOLUSDT,2024-11-11,1.0,0.0,0.0,1.0
SOLUSDT,2024-11-12,1.0,0.0,0.0,1.0
SOLUSDT,2024-11-13,1.0,0.0,0.0,1.0
SOLUSDT,2024-11-14,1.0,0.0,0.0,1.0
SOLUSDT,2024-11-15,1.0,0.0,0.0,1.0
SOLUSDT,2024-11-16,1.0,0.0,0.0,1.0
SOLUSDT,2024-11-17,1.0,0.0,0.0,1.0
SOLUSDT,2024-11-18,1.0,0.0,0.0,1.0
SOLUSDT,2024-11-19,1.0,0.0,0.0,1.0
SOLUSDT,2024-11-20,1.0,0.0,0.0,1.0
SOLUSDT,2024-11-21,1.0,0.0,0.0,1.0
SOLUSDT,2024-11-22,1.0,0.0,0.0,1.0
SOLUSDT,2024-11-23,1.0,0.0,0.0,1.0
SOLUSDT,2024-11-24,1.0,0.0,0.0,1.0
SOLUSDT,2024-11-25,0.0,0.2166,0.7834,0.0
SOLUSDT,2024-11-26,0.0,0.2128,0.7872,0.0
SOLUSDT,2024-11-27,1.0,0.0,0.0,1.0
SOLUSDT,2024-11-28,0.0,0.9863,0.0137,0.0
SOLUSDT,2024-11-29,0.0,0.9931,0.0069,0.0
SOLUSDT,2024-11-30,0.0,0.9941,0.0059,0.0
SOLUSDT,2024-12-01,0.0,0.9929,0.0071,0.0
SOLUSDT,2024-12-02,0.0,0.9857,0.0143,0.0
SOLUSDT,2024-12-03,0.9836,0.0164,0.0,0.9836
SOLUSDT,2024-12-04,0.0,0.9889,0.0111,0.0
SOLUSDT,2024-12-05,0.0,0.9923,0.0077,0.0
SOLUSDT,2024-12-06,0.0,0.9904,0.0096,0.0
SOLUSDT,2024-12-07,0.524,0.476,0.0,0.524
SOLUSDT,2024-12-08,0.0,0.9987,0.0013,0.0
SOLUSDT,2024-12-09,0.0,0.9998,0.0002,0.0
SOLUSDT,2024-12-10,0.0,0.9998,0.0002,0.0
SOLUSDT,2024-12-11,0.0,0.9998,0.0002,0.0
SOLUSDT,2024-12-12,0.0,1.0,0.0,0.0
SOLUSDT,2024-12-13,0.0,1.0,0.0,0.0
SOLUSDT,2024-12-14,0.0,0.9999,0.0001,0.0
SOLUSDT,2024-12-15,0.0,0.9997,0.0003,0.0
SOLUSDT,2024-12-16,0.0,0.9965,0.0035,0.0
SOLUSDT,2024-12-17,1.0,0.0,0.0,1.0
SOLUSDT,2024-12-18,0.0,0.2733,0.7267,0.0
SOLUSDT,2024-12-19,0.0,0.1613,0.8387,0.0
SOLUSDT,2024-12-20,0.0,0.0982,0.9018,0.0
SOLUSDT,2024-12-21,0.0,0.0355,0.9645,0.0
SOLUSDT,2024-12-22,0.0,0.0359,0.9641,0.0
SOLUSDT,2024-12-23,0.0,0.3753,0.6247,0.0
SOLUSDT,2024-12-24,0.0,0.6957,0.3043,0.0
SOLUSDT,2024-12-25,0.0,0.9185,0.0815,0.0
SOLUSDT,2024-12-26,0.0,0.9475,0.0525,0.0
SOLUSDT,2024-12-27,0.0,0.9473,0.0527,0.0
SOLUSDT,2024-12-28,1.0,0.0,0.0,1.0
SOLUSDT,2024-12-29,1.0,0.0,0.0,1.0
SOLUSDT,2024-12-30,0.9921,0.0079,0.0,0.9921
SOLUSDT,2024-12-31,0.0,0.978,0.022,0.0
SOLUSDT,2025-01-01,0.0,0.9771,0.0229,0.0
SOLUSDT,2025-01-02,1.0,0.0,0.0,1.0
SOLUSDT,2025-01-03,1.0,0.0,0.0,1.0
SOLUSDT,2025-01-04,1.0,0.0,0.0,1.0
SOLUSDT,2025-01-05,1.0,0.0,0.0,1.0
SOLUSDT,2025-01-06,1.0,0.0,0.0,1.0
SOLUSDT,2025-01-07,1.0,0.0,0.0,1.0
SOLUSDT,2025-01-08,1.0,0.0,0.0,1.0
SOLUSDT,2025-01-09,0.0,0.196,0.804,0.0
SOLUSDT,2025-01-10,0.0,0.178,0.822,0.0
SOLUSDT,2025-01-11,0.0,0.1833,0.8167,0.0
SOLUSDT,2025-01-12,0.0,0.1942,0.8058,0.0
SOLUSDT,2025-01-13,0.0,0.1966,0.8034,0.0
SOLUSDT,2025-01-14,0.0,0.2713,0.7287,0.0
SOLUSDT,2025-01-15,1.0,0.0,0.0,1.0
SOLUSDT,2025-01-16,1.0,0.0,0.0,1.0
SOLUSDT,2025-01-17,1.0,0.0,0.0,1.0
SOLUSDT,2025-01-18,1.0,0.0,0.0,1.0
SOLUSDT,2025-01-19,1.0,0.0,0.0,1.0
SOLUSDT,2025-01-20,1.0,0.0,0.0,1.0
SOLUSDT,2025-01-21,1.0,0.0,0.0,1.0
SOLUSDT,2025-01-22,1.0,0.0,0.0,1.0
SOLUSDT,2025-01-23,1.0,0.0,0.0,1.0
SOLUSDT,2025-01-24,1.0,0.0,0.0,1.0
SOLUSDT,2025-01-25,0.0,0.0004,0.9996,0.0
SOLUSDT,2025-01-26,0.0,0.0,1.0,0.0
SOLUSDT,2025-01-27,0.0,0.0,1.0,0.0
SOLUSDT,2025-01-28,0.0,0.0,1.0,0.0
SOLUSDT,2025-01-29,0.0,0.0,1.0,0.0
SOLUSDT,2025-01-30,0.0,0.0,1.0,0.0
SOLUSDT,2025-01-31,0.0,0.0,1.0,0.0
SOLUSDT,2025-02-01,0.0,0.0,1.0,0.0
SOLUSDT,2025-02-02,0.0,0.0,1.0,0.0
SOLUSDT,2025-02-03,0.0,0.0,1.0,0.0
SOLUSDT,2025-02-04,0.0,0.0,1.0,0.0
SOLUSDT,2025-02-05,0.0,0.0,1.0,0.0
SOLUSDT,2025-02-06,0.0,0.0,1.0,0.0
SOLUSDT,2025-02-07,0.0,0.0,1.0,0.0
SOLUSDT,2025-02-08,0.0,0.8426,0.1574,0.0
SOLUSDT,2025-02-09,0.0,0.9649,0.0351,0.0
SOLUSDT,2025-02-10,0.0,0.9814,0.0186,0.0
SOLUSDT,2025-02-11,0.0,0.981,0.019,0.0
SOLUSDT,2025-02-12,0.9854,0.0145,0.0001,0.9854
SOLUSDT,2025-02-13,1.0,0.0,0.0,1.0
SOLUSDT,2025-02-14,1.0,0.0,0.0,1.0
SOLUSDT,2025-02-15,0.0,0.9874,0.0126,0.0
SOLUSDT,2025-02-16,0.0,0.9865,0.0135,0.0
SOLUSDT,2025-02-17,0.0,0.9541,0.0459,0.0
SOLUSDT,2025-02-18,0.0,0.8676,0.1324,0.0
SOLUSDT,2025-02-19,0.0,0.8286,0.1714,0.0
SOLUSDT,2025-02-20,0.0,0.806,0.194,0.0
SOLUSDT,2025-02-21,0.0,0.6757,0.3243,0.0
SOLUSDT,2025-02-22,0.0,0.6425,0.3575,0.0
SOLUSDT,2025-02-23,0.0,0.5276,0.4724,0.0
SOLUSDT,2025-02-24,0.0,0.0012,0.9988,0.0
SOLUSDT,2025-02-25,0.0,0.0002,0.9998,0.0
SOLUSDT,2025-02-26,0.0,0.0,1.0,0.0
SOLUSDT,2025-02-27,0.0,0.0,1.0,0.0
SOLUSDT,2025-02-28,0.0,0.0001,0.9999,0.0
SOLUSDT,2025-03-01,0.0,0.0002,0.9998,0.0
SOLUSDT,2025-03-02,1.0,0.0,0.0,1.0
SOLUSDT,2025-03-03,0.9999,0.0,0.0001,0.9999
SOLUSDT,2025-03-04,0.9999,0.0,0.0001,0.9999
SOLUSDT,2025-03-05,1.0,0.0,0.0,1.0
SOLUSDT,2025-03-06,1.0,0.0,0.0,1.0
SOLUSDT,2025-03-07,0.0,0.0,1.0,0.0
SOLUSDT,2025-03-08,0.0,0.0,1.0,0.0
SOLUSDT,2025-03-09,0.0,0.0,1.0,0.0
SOLUSDT,2025-03-10,0.0,0.0,1.0,0.0
SOLUSDT,2025-03-11,0.0,0.0,1.0,0.0
SOLUSDT,2025-03-12,0.0,0.0,1.0,0.0
SOLUSDT,2025-03-13,0.0,0.0,1.0,0.0
SOLUSDT,2025-03-14,0.0,0.0,1.0,0.0
SOLUSDT,2025-03-15,0.0,0.0,1.0,0.0
SOLUSDT,2025-03-16,0.0,0.0,1.0,0.0
SOLUSDT,2025-03-17,1.0,0.0,0.0,1.0
SOLUSDT,2025-03-18,0.9999,0.0,0.0001,0.9999
SOLUSDT,2025-03-19,1.0,0.0,0.0,1.0
SOLUSDT,2025-03-20,1.0,0.0,0.0,1.0
SOLUSDT,2025-03-21,0.0,0.0,1.0,0.0
SOLUSDT,2025-03-22,0.0,0.0,1.0,0.0
SOLUSDT,2025-03-23,1.0,0.0,0.0,1.0
SOLUSDT,2025-03-24,1.0,0.0,0.0,1.0
SOLUSDT,2025-03-25,1.0,0.0,0.0,1.0
SOLUSDT,2025-03-26,1.0,0.0,0.0,1.0
SOLUSDT,2025-03-27,1.0,0.0,0.0,1.0
SOLUSDT,2025-03-28,0.9995,0.0001,0.0004,0.9995
SOLUSDT,2025-03-29,0.0,0.0195,0.9805,0.0
SOLUSDT,2025-03-30,0.0,0.012,0.988,0.0
SOLUSDT,2025-03-31,0.0,0.0049,0.9951,0.0
SOLUSDT,2025-04-01,0.0,0.0021,0.9979,0.0
SOLUSDT,2025-04-02,0.0,0.0003,0.9997,0.0
SOLUSDT,2025-04-03,0.0,0.0004,0.9996,0.0
SOLUSDT,2025-04-04,0.0,0.0072,0.9928,0.0
SOLUSDT,2025-04-05,0.0,0.0073,0.9927,0.0
SOLUSDT,2025-04-06,0.0,0.0002,0.9998,0.0
SOLUSDT,2025-04-07,0.0,0.0,1.0,0.0
SOLUSDT,2025-04-08,0.0,0.0001,0.9999,0.0
SOLUSDT,2025-04-09,0.9975,0.0,0.0025,0.9975
SOLUSDT,2025-04-10,0.0,0.0067,0.9933,0.0
SOLUSDT,2025-04-11,0.0,0.0038,0.9962,0.0
SOLUSDT,2025-04-12,1.0,0.0,0.0,1.0
SOLUSDT,2025-04-13,1.0,0.0,0.0,1.0
SOLUSDT,2025-04-14,1.0,0.0,0.0,1.0
SOLUSDT,2025-04-15,1.0,0.0,0.0,1.0
SOLUSDT,2025-04-16,1.0,0.0,0.0,1.0
SOLUSDT,2025-04-17,1.0,0.0,0.0,1.0
SOLUSDT,2025-04-18,1.0,0.0,0.0,1.0
SOLUSDT,2025-04-19,1.0,0.0,0.0,1.0
SOLUSDT,2025-04-20,1.0,0.0,0.0,1.0
SOLUSDT,2025-04-21,1.0,0.0,0.0,1.0
SOLUSDT,2025-04-22,1.0,0.0,0.0,1.0
SOLUSDT,2025-04-23,1.0,0.0,0.0,1.0
SOLUSDT,2025-04-24,1.0,0.0,0.0,1.0
SOLUSDT,2025-04-25,1.0,0.0,0.0,1.0
SOLUSDT,2025-04-26,1.0,0.0,0.0,1.0
SOLUSDT,2025-04-27,1.0,0.0,0.0,1.0
SOLUSDT,2025-04-28,1.0,0.0,0.0,1.0
SOLUSDT,2025-04-29,0.0,0.9868,0.0132,0.0
SOLUSDT,2025-04-30,0.0,0.9986,0.0014,0.0
SOLUSDT,2025-05-01,0.0,0.9998,0.0002,0.0
SOLUSDT,2025-05-02,0.0,1.0,0.0,0.0
SOLUSDT,2025-05-03,0.0,0.9999,0.0001,0.0
SOLUSDT,2025-05-04,0.0,0.9998,0.0002,0.0
SOLUSDT,2025-05-05,0.0,0.9974,0.0026,0.0
SOLUSDT,2025-05-06,0.6855,0.3142,0.0003,0.6855
SOLUSDT,2025-05-07,0.0,0.8784,0.1216,0.0
SOLUSDT,2025-05-08,1.0,0.0,0.0,1.0
SOLUSDT,2025-05-09,1.0,0.0,0.0,1.0
SOLUSDT,2025-05-10,1.0,0.0,0.0,1.0
SOLUSDT,2025-05-11,1.0,0.0,0.0,1.0
SOLUSDT,2025-05-12,1.0,0.0,0.0,1.0
SOLUSDT,2025-05-13,1.0,0.0,0.0,1.0
SOLUSDT,2025-05-14,1.0,0.0,0.0,1.0
SOLUSDT,2025-05-15,1.0,0.0,0.0,1.0
SOLUSDT,2025-05-16,0.0,0.9929,0.0071,0.0
SOLUSDT,2025-05-17,0.0,0.9927,0.0073,0.0
SOLUSDT,2025-05-18,0.5547,0.4453,0.0,0.5547
SOLUSDT,2025-05-19,0.0,0.9969,0.0031,0.0
SOLUSDT,2025-05-20,0.0,0.9972,0.0028,0.0
SOLUSDT,2025-05-21,0.0,0.9933,0.0067,0.0
SOLUSDT,2025-05-22,1.0,0.0,0.0,1.0
SOLUSDT,2025-05-23,1.0,0.0,0.0,1.0
SOLUSDT,2025-05-24,1.0,0.0,0.0,1.0
SOLUSDT,2025-05-25,1.0,0.0,0.0,1.0
SOLUSDT,2025-05-26,1.0,0.0,0.0,1.0
SOLUSDT,2025-05-27,1.0,0.0,0.0,1.0
SOLUSDT,2025-05-28,0.0,0.9964,0.0036,0.0
SOLUSDT,2025-05-29,0.0,0.9997,0.0003,0.0
SOLUSDT,2025-05-30,0.0,0.9999,0.0001,0.0
SOLUSDT,2025-05-31,0.0,0.9999,0.0001,0.0
SOLUSDT,2025-06-01,0.0,0.9999,0.0001,0.0
SOLUSDT,2025-06-02,0.0,0.9999,0.0001,0.0
SOLUSDT,2025-06-03,0.0,0.9998,0.0002,0.0
SOLUSDT,2025-06-04,0.0,0.9998,0.0002,0.0
SOLUSDT,2025-06-05,0.0,0.9997,0.0003,0.0
SOLUSDT,2025-06-06,0.0,0.9999,0.0001,0.0
SOLUSDT,2025-06-07,0.0,0.9998,0.0002,0.0
SOLUSDT,2025-06-08,0.0,0.9976,0.0024,0.0
SOLUSDT,2025-06-09,1.0,0.0,0.0,1.0
SOLUSDT,2025-06-10,1.0,0.0,0.0,1.0
SOLUSDT,2025-06-11,1.0,0.0,0.0,1.0
SOLUSDT,2025-06-12,1.0,0.0,0.0,1.0
SOLUSDT,2025-06-13,0.9936,0.0063,0.0,0.9936
SOLUSDT,2025-06-14,0.0,0.9602,0.0398,0.0
SOLUSDT,2025-06-15,0.4807,0.5193,0.0001,0.4807
SOLUSDT,2025-06-16,0.0,0.9992,0.0008,0.0
SOLUSDT,2025-06-17,0.0,0.9998,0.0002,0.0
SOLUSDT,2025-06-18,0.0,0.9999,0.0001,0.0
SOLUSDT,2025-06-19,0.0,1.0,0.0,0.0
SOLUSDT,2025-06-20,0.0,1.0,0.0,0.0
SOLUSDT,2025-06-21,0.0,0.9999,0.0001,0.0
SOLUSDT,2025-06-22,0.0,0.9996,0.0004,0.0
SOLUSDT,2025-06-23,0.0,0.9999,0.0001,0.0
SOLUSDT,2025-06-24,0.0,0.9998,0.0002,0.0
SOLUSDT,2025-06-25,0.0,0.9993,0.0007,0.0
SOLUSDT,2025-06-26,0.0,0.9958,0.0042,0.0
SOLUSDT,2025-06-27,0.9999,0.0001,0.0,0.9999
SOLUSDT,2025-06-28,1.0,0.0,0.0,1.0
SOLUSDT,2025-06-29,1.0,0.0,0.0,1.0
SOLUSDT,2025-06-30,1.0,0.0,0.0,1.0
SOLUSDT,2025-07-01,0.9999,0.0001,0.0,0.9999
SOLUSDT,2025-07-02,1.0,0.0,0.0,1.0
SOLUSDT,2025-07-03,1.0,0.0,0.0,1.0
SOLUSDT,2025-07-04,1.0,0.0,0.0,1.0
SOLUSDT,2025-07-05,0.0,0.9961,0.0039,0.0
SOLUSDT,2025-07-06,0.0,0.9979,0.0021,0.0
SOLUSDT,2025-07-07,0.0,0.9953,0.0047,0.0
SOLUSDT,2025-07-08,1.0,0.0,0.0,1.0
SOLUSDT,2025-07-09,1.0,0.0,0.0,1.0
SOLUSDT,2025-07-10,1.0,0.0,0.0,1.0
SOLUSDT,2025-07-11,1.0,0.0,0.0,1.0
SOLUSDT,2025-07-12,1.0,0.0,0.0,1.0
SOLUSDT,2025-07-13,1.0,0.0,0.0,1.0
SOLUSDT,2025-07-14,1.0,0.0,0.0,1.0
SOLUSDT,2025-07-15,1.0,0.0,0.0,1.0
SOLUSDT,2025-07-16,1.0,0.0,0.0,1.0
SOLUSDT,2025-07-17,1.0,0.0,0.0,1.0
SOLUSDT,2025-07-18,1.0,0.0,0.0,1.0
SOLUSDT,2025-07-19,1.0,0.0,0.0,1.0
SOLUSDT,2025-07-20,1.0,0.0,0.0,1.0
SOLUSDT,2025-07-21,1.0,0.0,0.0,1.0
SOLUSDT,2025-07-22,1.0,0.0,0.0,1.0
SOLUSDT,2025-07-23,1.0,0.0,0.0,1.0
SOLUSDT,2025-07-24,1.0,0.0,0.0,1.0
SOLUSDT,2025-07-25,1.0,0.0,0.0,1.0
SOLUSDT,2025-07-26,1.0,0.0,0.0,1.0
SOLUSDT,2025-07-27,1.0,0.0,0.0,1.0
SOLUSDT,2025-07-28,0.0,0.9976,0.0024,0.0
SOLUSDT,2025-07-29,0.0,0.9991,0.0009,0.0
SOLUSDT,2025-07-30,0.0,0.9998,0.0002,0.0
SOLUSDT,2025-07-31,0.0,0.9997,0.0003,0.0
SOLUSDT,2025-08-01,0.0,0.997,0.003,0.0
SOLUSDT,2025-08-02,0.0,0.9941,0.0059,0.0
SOLUSDT,2025-08-03,0.0,0.9943,0.0057,0.0
SOLUSDT,2025-08-04,0.0,0.9976,0.0024,0.0
SOLUSDT,2025-08-05,0.0,0.997,0.003,0.0
SOLUSDT,2025-08-06,0.0,0.9938,0.0062,0.0
SOLUSDT,2025-08-07,1.0,0.0,0.0,1.0
SOLUSDT,2025-08-08,1.0,0.0,0.0,1.0
SOLUSDT,2025-08-09,1.0,0.0,0.0,1.0
SOLUSDT,2025-08-10,1.0,0.0,0.0,1.0
SOLUSDT,2025-08-11,1.0,0.0,0.0,1.0
SOLUSDT,2025-08-12,1.0,0.0,0.0,1.0
SOLUSDT,2025-08-13,1.0,0.0,0.0,1.0
SOLUSDT,2025-08-14,1.0,0.0,0.0,1.0
SOLUSDT,2025-08-15,1.0,0.0,0.0,1.0
SOLUSDT,2025-08-16,1.0,0.0,0.0,1.0
SOLUSDT,2025-08-17,1.0,0.0,0.0,1.0
SOLUSDT,2025-08-18,1.0,0.0,0.0,1.0
SOLUSDT,2025-08-19,0.0,0.9567,0.0433,0.0
SOLUSDT,2025-08-20,0.0,0.9579,0.0421,0.0
SOLUSDT,2025-08-21,0.0,0.9491,0.0509,0.0
SOLUSDT,2025-08-22,1.0,0.0,0.0,1.0
SOLUSDT,2025-08-23,1.0,0.0,0.0,1.0
SOLUSDT,2025-08-24,1.0,0.0,0.0,1.0
SOLUSDT,2025-08-25,1.0,0.0,0.0,1.0
SOLUSDT,2025-08-26,1.0,0.0,0.0,1.0
SOLUSDT,2025-08-27,1.0,0.0,0.0,1.0
SOLUSDT,2025-08-28,1.0,0.0,0.0,1.0
SOLUSDT,2025-08-29,1.0,0.0,0.0,1.0
SOLUSDT,2025-08-30,0.0,0.0106,0.9894,0.0
SOLUSDT,2025-08-31,0.0,0.0098,0.9902,0.0
SOLUSDT,2025-09-01,1.0,0.0,0.0,1.0
SOLUSDT,2025-09-02,1.0,0.0,0.0,1.0
SOLUSDT,2025-09-03,1.0,0.0,0.0,1.0
SOLUSDT,2025-09-04,0.0,0.2751,0.7249,0.0
SOLUSDT,2025-09-05,0.0,0.2704,0.7296,0.0
SOLUSDT,2025-09-06,0.0,0.2687,0.7313,0.0
SOLUSDT,2025-09-07,1.0,0.0,0.0,1.0
SOLUSDT,2025-09-08,1.0,0.0,0.0,1.0
SOLUSDT,2025-09-09,1.0,0.0,0.0,1.0
SOLUSDT,2025-09-10,1.0,0.0,0.0,1.0
SOLUSDT,2025-09-11,1.0,0.0,0.0,1.0
SOLUSDT,2025-09-12,1.0,0.0,0.0,1.0
SOLUSDT,2025-09-13,1.0,0.0,0.0,1.0
SOLUSDT,2025-09-14,1.0,0.0,0.0,1.0
SOLUSDT,2025-09-15,1.0,0.0,0.0,1.0
SOLUSDT,2025-09-16,1.0,0.0,0.0,1.0
SOLUSDT,2025-09-17,1.0,0.0,0.0,1.0
SOLUSDT,2025-09-18,1.0,0.0,0.0,1.0
SOLUSDT,2025-09-19,0.0,0.9983,0.0017,0.0
SOLUSDT,2025-09-20,0.0,0.9997,0.0003,0.0
SOLUSDT,2025-09-21,0.0,0.9996,0.0004,0.0
SOLUSDT,2025-09-22,0.0,0.9969,0.0031,0.0
SOLUSDT,2025-09-23,0.0,0.9535,0.0465,0.0
SOLUSDT,2025-09-24,0.0,0.6265,0.3735,0.0
SOLUSDT,2025-09-25,0.0,0.0929,0.9071,0.0
SOLUSDT,2025-09-26,0.0,0.1555,0.8445,0.0
SOLUSDT,2025-09-27,0.0,0.2693,0.7307,0.0
SOLUSDT,2025-09-28,0.0,0.6625,0.3375,0.0
SOLUSDT,2025-09-29,0.0,0.8337,0.1663,0.0
SOLUSDT,2025-09-30,0.0,0.8481,0.1519,0.0
SOLUSDT,2025-10-01,1.0,0.0,0.0,1.0
SOLUSDT,2025-10-02,1.0,0.0,0.0,1.0
SOLUSDT,2025-10-03,1.0,0.0,0.0,1.0
SOLUSDT,2025-10-04,1.0,0.0,0.0,1.0
SOLUSDT,2025-10-05,1.0,0.0,0.0,1.0
SOLUSDT,2025-10-06,1.0,0.0,0.0,1.0
SOLUSDT,2025-10-07,1.0,0.0,0.0,1.0
SOLUSDT,2025-10-08,1.0,0.0,0.0,1.0
SOLUSDT,2025-10-09,0.0,0.0881,0.9119,0.0
SOLUSDT,2025-10-10,0.0,0.0,1.0,0.0
SOLUSDT,2025-10-11,0.0,0.0,1.0,0.0
SOLUSDT,2025-10-12,0.0,0.0,1.0,0.0
SOLUSDT,2025-10-13,0.0,0.0,1.0,0.0
SOLUSDT,2025-10-14,0.0,0.0,1.0,0.0
SOLUSDT,2025-10-15,0.0,0.0,1.0,0.0
SOLUSDT,2025-10-16,0.0,0.0,1.0,0.0
SOLUSDT,2025-10-17,0.0,0.0007,0.9993,0.0
SOLUSDT,2025-10-18,1.0,0.0,0.0,1.0
SOLUSDT,2025-10-19,0.0,0.0013,0.9987,0.0
SOLUSDT,2025-10-20,0.0,0.0,1.0,0.0
SOLUSDT,2025-10-21,0.0,0.0001,0.9999,0.0
SOLUSDT,2025-10-22,0.0,0.0013,0.9987,0.0
SOLUSDT,2025-10-23,1.0,0.0,0.0,1.0
SOLUSDT,2025-10-24,1.0,0.0,0.0,1.0
SOLUSDT,2025-10-25,1.0,0.0,0.0,1.0
SOLUSDT,2025-10-26,1.0,0.0,0.0,1.0
SOLUSDT,2025-10-27,1.0,0.0,0.0,1.0
SOLUSDT,2025-10-28,1.0,0.0,0.0,1.0
SOLUSDT,2025-10-29,1.0,0.0,0.0,1.0
SOLUSDT,2025-10-30,0.0,0.7169,0.2831,0.0
SOLUSDT,2025-10-31,0.0,0.7924,0.2076,0.0
SOLUSDT,2025-11-01,0.0,0.8012,0.1988,0.0
SOLUSDT,2025-11-02,0.0,0.7614,0.2386,0.0
SOLUSDT,2025-11-03,0.0,0.1032,0.8968,0.0
SOLUSDT,2025-11-04,0.0,0.0007,0.9993,0.0
SOLUSDT,2025-11-05,0.0,0.0001,0.9999,0.0
SOLUSDT,2025-11-06,0.0,0.0002,0.9998,0.0
SOLUSDT,2025-11-07,0.0,0.0009,0.9991,0.0
SOLUSDT,2025-11-08,0.0,0.0024,0.9976,0.0
SOLUSDT,2025-11-09,0.0,0.0114,0.9886,0.0
SOLUSDT,2025-11-10,0.9875,0.0033,0.0092,0.9875
SOLUSDT,2025-11-11,0.0,0.3535,0.6465,0.0
SOLUSDT,2025-11-12,0.0,0.3314,0.6686,0.0
SOLUSDT,2025-11-13,0.0,0.2727,0.7273,0.0
SOLUSDT,2025-11-14,0.0,0.0648,0.9352,0.0
SOLUSDT,2025-11-15,0.0,0.0269,0.9731,0.0
SOLUSDT,2025-11-16,0.0,0.0014,0.9986,0.0
SOLUSDT,2025-11-17,0.0,0.0,1.0,0.0
SOLUSDT,2025-11-18,0.0,0.0037,0.9963,0.0
SOLUSDT,2025-11-19,0.0,0.0092,0.9908,0.0
SOLUSDT,2025-11-20,0.0,0.0268,0.9732,0.0
SOLUSDT,2025-11-21,0.0,0.0445,0.9555,0.0
SOLUSDT,2025-11-22,0.0,0.0585,0.9415,0.0
SOLUSDT,2025-11-23,0.0,0.074,0.926,0.0
SOLUSDT,2025-11-24,1.0,0.0,0.0,1.0
SOLUSDT,2025-11-25,0.0,0.7552,0.2448,0.0
SOLUSDT,2025-11-26,1.0,0.0,0.0,1.0
SOLUSDT,2025-11-27,1.0,0.0,0.0,1.0
SOLUSDT,2025-11-28,1.0,0.0,0.0,1.0
SOLUSDT,2025-11-29,1.0,0.0,0.0,1.0
SOLUSDT,2025-11-30,1.0,0.0,0.0,1.0
SOLUSDT,2025-12-01,0.0,0.9471,0.0529,0.0
SOLUSDT,2025-12-02,0.0,0.9421,0.0579,0.0
SOLUSDT,2025-12-03,0.9723,0.0277,0.0,0.9723
SOLUSDT,2025-12-04,0.0,0.9919,0.0081,0.0
SOLUSDT,2025-12-05,0.0,0.9959,0.0041,0.0
SOLUSDT,2025-12-06,0.0,0.9953,0.0047,0.0
SOLUSDT,2025-12-07,0.0,0.988,0.012,0.0
SOLUSDT,2025-12-08,1.0,0.0,0.0,1.0
SOLUSDT,2025-12-09,0.0,0.9972,0.0028,0.0
SOLUSDT,2025-12-10,0.0,0.9996,0.0004,0.0
SOLUSDT,2025-12-11,0.0,0.9996,0.0004,0.0
SOLUSDT,2025-12-12,0.0,0.9971,0.0029,0.0
SOLUSDT,2025-12-13,0.6897,0.3103,0.0,0.6897
SOLUSDT,2025-12-14,0.0,0.9987,0.0013,0.0
SOLUSDT,2025-12-15,0.0,0.9999,0.0001,0.0
SOLUSDT,2025-12-16,0.0,1.0,0.0,0.0
SOLUSDT,2025-12-17,0.0,0.9999,0.0001,0.0
SOLUSDT,2025-12-18,0.0,0.9998,0.0002,0.0
SOLUSDT,2025-12-19,0.0,0.9999,0.0001,0.0
SOLUSDT,2025-12-20,0.0,1.0,0.0,0.0
SOLUSDT,2025-12-21,0.0,1.0,0.0,0.0
SOLUSDT,2025-12-22,0.0,0.9999,0.0001,0.0
SOLUSDT,2025-12-23,0.0,0.9997,0.0003,0.0
SOLUSDT,2025-12-24,0.0,0.9961,0.0039,0.0
SOLUSDT,2025-12-25,0.7943,0.2056,0.0,0.7943
SOLUSDT,2025-12-26,0.0,0.9977,0.0023,0.0
SOLUSDT,2025-12-27,0.0,0.9992,0.0008,0.0
SOLUSDT,2025-12-28,0.0,0.9989,0.0011,0.0
SOLUSDT,2025-12-29,0.0,0.9951,0.0049,0.0
SOLUSDT,2025-12-30,0.9999,0.0001,0.0,0.9999
SOLUSDT,2025-12-31,1.0,0.0,0.0,1.0
SOLUSDT,2026-01-01,1.0,0.0,0.0,1.0
SOLUSDT,2026-01-02,1.0,0.0,0.0,1.0
SOLUSDT,2026-01-03,1.0,0.0,0.0,1.0
SOLUSDT,2026-01-04,1.0,0.0,0.0,1.0
SOLUSDT,2026-01-05,1.0,0.0,0.0,1.0
SOLUSDT,2026-01-06,1.0,0.0,0.0,1.0
SOLUSDT,2026-01-07,1.0,0.0,0.0,1.0
SOLUSDT,2026-01-08,1.0,0.0,0.0,1.0
SOLUSDT,2026-01-09,1.0,0.0,0.0,1.0
SOLUSDT,2026-01-10,1.0,0.0,0.0,1.0
SOLUSDT,2026-01-11,1.0,0.0,0.0,1.0
SOLUSDT,2026-01-12,1.0,0.0,0.0,1.0
SOLUSDT,2026-01-13,1.0,0.0,0.0,1.0
SOLUSDT,2026-01-14,1.0,0.0,0.0,1.0
SOLUSDT,2026-01-15,1.0,0.0,0.0,1.0
SOLUSDT,2026-01-16,1.0,0.0,0.0,1.0
SOLUSDT,2026-01-17,1.0,0.0,0.0,1.0
SOLUSDT,2026-01-18,0.0,0.9969,0.0031,0.0
SOLUSDT,2026-01-19,0.0,0.9995,0.0005,0.0
SOLUSDT,2026-01-20,0.0,0.9994,0.0006,0.0
SOLUSDT,2026-01-21,0.0,0.9997,0.0003,0.0
SOLUSDT,2026-01-22,0.0,0.9998,0.0002,0.0
SOLUSDT,2026-01-23,0.0,0.9996,0.0004,0.0
SOLUSDT,2026-01-24,0.0,0.9991,0.0009,0.0
SOLUSDT,2026-01-25,0.0,0.9972,0.0028,0.0
SOLUSDT,2026-01-26,0.0,0.9953,0.0047,0.0
SOLUSDT,2026-01-27,0.9767,0.0233,0.0,0.9767
SOLUSDT,2026-01-28,0.0,0.9817,0.0183,0.0
SOLUSDT,2026-01-29,0.0,0.9761,0.0239,0.0
SOLUSDT,2026-01-30,0.0,0.9061,0.0939,0.0
SOLUSDT,2026-01-31,0.0,0.0856,0.9144,0.0
SOLUSDT,2026-02-01,0.0,0.0227,0.9773,0.0
SOLUSDT,2026-02-02,0.0,0.0029,0.9971,0.0
SOLUSDT,2026-02-03,0.0,0.0,1.0,0.0
SOLUSDT,2026-02-04,0.0,0.0,1.0,0.0
SOLUSDT,2026-02-05,0.0,0.0,1.0,0.0
SOLUSDT,2026-02-06,0.0,0.0,1.0,0.0
SOLUSDT,2026-02-07,0.0,0.0,1.0,0.0
SOLUSDT,2026-02-08,0.0,0.0,1.0,0.0
SOLUSDT,2026-02-09,0.0,0.0,1.0,0.0
SOLUSDT,2026-02-10,0.0,0.0,1.0,0.0
SOLUSDT,2026-02-11,0.0,0.0,1.0,0.0
SOLUSDT,2026-02-12,0.864,0.0,0.136,0.864
SOLUSDT,2026-02-13,0.0,0.0018,0.9982,0.0
SOLUSDT,2026-02-14,0.9402,0.0,0.0598,0.9402
SOLUSDT,2026-02-15,0.0,0.0001,0.9999,0.0
SOLUSDT,2026-02-16,0.0,0.0001,0.9999,0.0
SOLUSDT,2026-02-17,1.0,0.0,0.0,1.0
SOLUSDT,2026-02-18,1.0,0.0,0.0,1.0
SOLUSDT,2026-02-19,1.0,0.0,0.0,1.0
SOLUSDT,2026-02-20,0.9973,0.0,0.0027,0.9973
SOLUSDT,2026-02-21,0.0,0.0009,0.9991,0.0
SOLUSDT,2026-02-22,0.0,0.0001,0.9999,0.0
SOLUSDT,2026-02-23,0.0,0.0,1.0,0.0
SOLUSDT,2026-02-24,0.0,0.0006,0.9994,0.0
SOLUSDT,2026-02-25,1.0,0.0,0.0,1.0
SOLUSDT,2026-02-26,1.0,0.0,0.0,1.0
SOLUSDT,2026-02-27,0.0,0.9022,0.0978,0.0
SOLUSDT,2026-02-28,0.0,0.8964,0.1036,0.0
SOLUSDT,2026-03-01,0.9972,0.0028,0.0,0.9972
SOLUSDT,2026-03-02,1.0,0.0,0.0,1.0
SOLUSDT,2026-03-03,1.0,0.0,0.0,1.0
SOLUSDT,2026-03-04,1.0,0.0,0.0,1.0
SOLUSDT,2026-03-05,1.0,0.0,0.0,1.0
SOLUSDT,2026-03-06,1.0,0.0,0.0,1.0
SOLUSDT,2026-03-07,0.0,0.9966,0.0034,0.0
SOLUSDT,2026-03-08,0.0,0.9995,0.0005,0.0
SOLUSDT,2026-03-09,0.0,0.9998,0.0002,0.0
SOLUSDT,2026-03-10,0.0,0.9998,0.0002,0.0
SOLUSDT,2026-03-11,0.0,0.9993,0.0007,0.0
SOLUSDT,2026-03-12,0.0,0.9951,0.0049,0.0
SOLUSDT,2026-03-13,1.0,0.0,0.0,1.0
SOLUSDT,2026-03-14,1.0,0.0,0.0,1.0
SOLUSDT,2026-03-15,1.0,0.0,0.0,1.0
SOLUSDT,2026-03-16,1.0,0.0,0.0,1.0
SOLUSDT,2026-03-17,1.0,0.0,0.0,1.0
SOLUSDT,2026-03-18,1.0,0.0,0.0,1.0
SOLUSDT,2026-03-19,1.0,0.0,0.0,1.0
SOLUSDT,2026-03-20,1.0,0.0,0.0,1.0
SOLUSDT,2026-03-21,0.0,0.998,0.002,0.0
SOLUSDT,2026-03-22,0.0,0.9998,0.0002,0.0
SOLUSDT,2026-03-23,0.0,0.9998,0.0002,0.0
SOLUSDT,2026-03-24,0.0,0.9979,0.0021,0.0
SOLUSDT,2026-03-25,1.0,0.0,0.0,1.0
SOLUSDT,2026-03-26,0.0,0.9987,0.0013,0.0
SOLUSDT,2026-03-27,0.0,0.9999,0.0001,0.0
SOLUSDT,2026-03-28,0.0,1.0,0.0,0.0
SOLUSDT,2026-03-29,0.0,1.0,0.0,0.0
SOLUSDT,2026-03-30,0.0,0.9999,0.0001,0.0
SOLUSDT,2026-03-31,0.0,0.9999,0.0001,0.0
SOLUSDT,2026-04-01,0.0,0.9999,0.0001,0.0
SOLUSDT,2026-04-02,0.0,0.9999,0.0001,0.0
SOLUSDT,2026-04-03,0.0,0.9998,0.0002,0.0
SOLUSDT,2026-04-04,0.0,0.9979,0.0021,0.0
SOLUSDT,2026-04-05,0.784,0.2159,0.0001,0.784
SOLUSDT,2026-04-06,0.0,0.9202,0.0798,0.0
SOLUSDT,2026-04-07,1.0,0.0,0.0,1.0
SOLUSDT,2026-04-08,1.0,0.0,0.0,1.0
SOLUSDT,2026-04-09,1.0,0.0,0.0,1.0
SOLUSDT,2026-04-10,1.0,0.0,0.0,1.0
SOLUSDT,2026-04-11,1.0,0.0,0.0,1.0
SOLUSDT,2026-04-12,0.0,0.8792,0.1208,0.0
SOLUSDT,2026-04-13,1.0,0.0,0.0,1.0
SOLUSDT,2026-04-14,0.0,0.9084,0.0916,0.0
SOLUSDT,2026-04-15,1.0,0.0,0.0,1.0
SOLUSDT,2026-04-16,1.0,0.0,0.0,1.0
SOLUSDT,2026-04-17,1.0,0.0,0.0,1.0
SOLUSDT,2026-04-18,1.0,0.0,0.0,1.0
SOLUSDT,2026-04-19,1.0,0.0,0.0,1.0
SOLUSDT,2026-04-20,0.0,0.9007,0.0993,0.0
SOLUSDT,2026-04-21,1.0,0.0,0.0,1.0
SOLUSDT,2026-04-22,1.0,0.0,0.0,1.0
SOLUSDT,2026-04-23,0.0,0.9982,0.0018,0.0
SOLUSDT,2026-04-24,0.0,0.9991,0.0009,0.0
SOLUSDT,2026-04-25,0.0,0.9958,0.0042,0.0
SOLUSDT,2026-04-26,1.0,0.0,0.0,1.0
SOLUSDT,2026-04-27,0.0,0.9981,0.0019,0.0
SOLUSDT,2026-04-28,0.0,0.9998,0.0002,0.0
SOLUSDT,2026-04-29,0.0,1.0,0.0,0.0
SOLUSDT,2026-04-30,0.0,1.0,0.0,0.0
SOLUSDT,2026-05-01,0.0,0.9999,0.0001,0.0
SOLUSDT,2026-05-02,0.0,0.9998,0.0002,0.0
SOLUSDT,2026-05-03,0.0,0.9987,0.0013,0.0
SOLUSDT,2026-05-04,0.0,0.9869,0.0131,0.0
SOLUSDT,2026-05-05,1.0,0.0,0.0,1.0
SOLUSDT,2026-05-06,1.0,0.0,0.0,1.0
SOLUSDT,2026-05-07,1.0,0.0,0.0,1.0
SOLUSDT,2026-05-08,1.0,0.0,0.0,1.0
SOLUSDT,2026-05-09,1.0,0.0,0.0,1.0
SOLUSDT,2026-05-10,1.0,0.0,0.0,1.0
SOLUSDT,2026-05-11,1.0,0.0,0.0,1.0
SOLUSDT,2026-05-12,1.0,0.0,0.0,1.0
SOLUSDT,2026-05-13,1.0,0.0,0.0,1.0
SOLUSDT,2026-05-14,1.0,0.0,0.0,1.0
SOLUSDT,2026-05-15,0.0,0.9967,0.0033,0.0
SOLUSDT,2026-05-16,0.0,0.9993,0.0007,0.0
SOLUSDT,2026-05-17,0.0,0.9994,0.0006,0.0
SOLUSDT,2026-05-18,0.0,0.9994,0.0006,0.0
SOLUSDT,2026-05-19,0.0,0.9997,0.0003,0.0
SOLUSDT,2026-05-20,0.0,0.9999,0.0001,0.0
SOLUSDT,2026-05-21,0.0,0.9999,0.0001,0.0
SOLUSDT,2026-05-22,0.0,0.9997,0.0003,0.0
SOLUSDT,2026-05-23,0.0,0.9969,0.0031,0.0
SOLUSDT,2026-05-24,0.6323,0.3677,0.0,0.6323
SOLUSDT,2026-05-25,0.0,0.9978,0.0022,0.0
SOLUSDT,2026-05-26,0.0,0.9996,0.0004,0.0
SOLUSDT,2026-05-27,0.0,0.9999,0.0001,0.0
SOLUSDT,2026-05-28,0.0,0.9999,0.0001,0.0
SOLUSDT,2026-05-29,0.0,0.9995,0.0005,0.0
SOLUSDT,2026-05-30,0.0,0.9975,0.0025,0.0
SOLUSDT,2026-05-31,0.0,0.9872,0.0128,0.0
SOLUSDT,2026-06-01,0.0,0.9559,0.0441,0.0
SOLUSDT,2026-06-02,0.0,0.8632,0.1368,0.0
SOLUSDT,2026-06-03,0.0,0.5673,0.4327,0.0
SOLUSDT,2026-06-04,0.0,0.1192,0.8808,0.0
SOLUSDT,2026-06-05,0.0,0.0002,0.9998,0.0
SOLUSDT,2026-06-06,0.0,0.0,1.0,0.0
SOLUSDT,2026-06-07,0.0,0.0012,0.9988,0.0
SOLUSDT,2026-06-08,0.0,0.048,0.952,0.0
SOLUSDT,2026-06-09,0.0,0.4891,0.5109,0.0
SOLUSDT,2026-06-10,0.0,0.6602,0.3398,0.0
SOLUSDT,2026-06-11,0.0,0.7079,0.2921,0.0
SOLUSDT,2026-06-12,1.0,0.0,0.0,1.0
SOLUSDT,2026-06-13,1.0,0.0,0.0,1.0
SOLUSDT,2026-06-14,1.0,0.0,0.0,1.0
SOLUSDT,2026-06-15,1.0,0.0,0.0,1.0
SOLUSDT,2026-06-16,1.0,0.0,0.0,1.0
SOLUSDT,2026-06-17,1.0,0.0,0.0,1.0
SOLUSDT,2026-06-18,1.0,0.0,0.0,1.0
SOLUSDT,2026-06-19,1.0,0.0,0.0,1.0
SOLUSDT,2026-06-20,1.0,0.0,0.0,1.0
SOLUSDT,2026-06-21,1.0,0.0,0.0,1.0
SOLUSDT,2026-06-22,0.0,0.9963,0.0037,0.0
SOLUSDT,2026-06-23,0.0,0.9995,0.0005,0.0
SOLUSDT,2026-06-24,0.0,0.9995,0.0005,0.0
SOLUSDT,2026-06-25,0.0,0.997,0.003,0.0
SOLUSDT,2026-06-26,1.0,0.0,0.0,1.0
SOLUSDT,2026-06-27,0.0,0.9919,0.0081,0.0
SOLUSDT,2026-06-28,0.0,0.9906,0.0094,0.0
SOLUSDT,2026-06-29,1.0,0.0,0.0,1.0
SOLUSDT,2026-06-30,1.0,0.0,0.0,1.0
SOLUSDT,2026-07-01,1.0,0.0,0.0,1.0
SOLUSDT,2026-07-02,1.0,0.0,0.0,1.0
SOLUSDT,2026-07-03,1.0,0.0,0.0,1.0
SOLUSDT,2026-07-04,1.0,0.0,0.0,1.0
SOLUSDT,2026-07-05,1.0,0.0,0.0,1.0
SOLUSDT,2026-07-06,1.0,0.0,0.0,1.0
SOLUSDT,2026-07-07,1.0,0.0,0.0,1.0
SOLUSDT,2026-07-08,0.993,0.007,0.0,0.993
SOLUSDT,2026-07-09,0.0,0.9987,0.0013,0.0
SOLUSDT,2026-07-10,0.0,0.9999,0.0001,0.0
SOLUSDT,2026-07-11,0.0,1.0,0.0,0.0
SOLUSDT,2026-07-12,0.0,1.0,0.0,0.0
SOLUSDT,2026-07-13,0.0,1.0,0.0,0.0
SOLUSDT,2026-07-14,0.0,1.0,0.0,0.0
SOLUSDT,2026-07-15,0.0,1.0,0.0,0.0
SOLUSDT,2026-07-16,0.0,1.0,0.0,0.0
SOLUSDT,2026-07-17,0.0,0.9999,0.0001,0.0
SOLUSDT,2026-07-18,0.0,0.9995,0.0005,0.0
SOLUSDT,2026-07-19,0.0,0.9954,0.0046,0.0
SOLUSDT,2026-07-20,1.0,0.0,0.0,1.0
SOLUSDT,2026-07-21,1.0,0.0,0.0,1.0
SOLUSDT,2026-07-22,1.0,0.0,0.0,1.0
SOLUSDT,2026-07-23,1.0,0.0,0.0,1.0
SOLUSDT,2026-07-24,0.0,0.7967,0.2033,0.0
SOLUSDT,2026-07-25,0.0,0.7928,0.2072,0.0
SOLUSDT,2026-07-26,0.9483,0.0515,0.0002,0.9483
SOLUSDT,2026-07-27,0.0,0.9962,0.0038,0.0
SOLUSDT,2026-07-28,0.0,0.9992,0.0008,0.0
SOLUSDT,2026-07-29,0.0,0.9996,0.0004,0.0
SOLUSDT,2026-07-30,0.0,0.9997,0.0003,0.0
SOLUSDT,2026-07-31,0.0,0.9996,0.0004,0.0
SOLUSDT,2026-08-01,0.0,0.9993,0.0007,0.0
SOLUSDT,2026-08-02,0.0,0.9974,0.0026,0.0
SOLUSDT,2026-08-03,0.0,0.9867,0.0133,0.0
SOLUSDT,2026-08-04,0.9981,0.0018,0.0001,0.9981
SOLUSDT,2026-08-05,0.9997,0.0001,0.0002,0.9997
SOLUSDT,2026-08-06,0.0,0.5932,0.4068,0.0
SOLUSDT,2026-08-07,1.0,0.0,0.0,1.0
SOLUSDT,2026-08-08,1.0,0.0,0.0,1.0
SOLUSDT,2026-08-09,1.0,0.0,0.0,1.0
SOLUSDT,2026-08-10,1.0,0.0,0.0,1.0
SOLUSDT,2026-08-11,1.0,0.0,0.0,1.0
SOLUSDT,2026-08-12,1.0,0.0,0.0,1.0
SOLUSDT,2026-08-13,1.0,0.0,0.0,1.0
