symbol,date,close,rsi14,regime
BTCUSDT,2014-09-17,457.33,,unknown
BTCUSDT,2014-09-18,424.44,0.0,unknown
BTCUSDT,2014-09-19,394.8,0.0,unknown
BTCUSDT,2014-09-20,408.9,3.22,unknown
BTCUSDT,2014-09-21,398.82,3.14,unknown
BTCUSDT,2014-09-22,402.15,3.96,unknown
BTCUSDT,2014-09-23,435.79,12.11,unknown
BTCUSDT,2014-09-24,423.2,11.71,unknown
BTCUSDT,2014-09-25,411.57,11.33,unknown
BTCUSDT,2014-09-26,404.42,11.1,unknown
BTCUSDT,2014-09-27,399.52,10.93,unknown
BTCUSDT,2014-09-28,377.18,10.18,unknown
BTCUSDT,2014-09-29,375.47,10.13,unknown
BTCUSDT,2014-09-30,386.94,13.64,unknown
BTCUSDT,2014-10-01,383.61,13.47,unknown
BTCUSDT,2014-10-02,375.07,13.04,unknown
BTCUSDT,2014-10-03,359.51,12.26,unknown
BTCUSDT,2014-10-04,328.87,10.89,unknown
BTCUSDT,2014-10-05,320.51,10.54,unknown
BTCUSDT,2014-10-06,330.08,13.92,unknown
BTCUSDT,2014-10-07,336.19,16.1,unknown
BTCUSDT,2014-10-08,352.94,21.94,bear
BTCUSDT,2014-10-09,365.03,25.94,bear
BTCUSDT,2014-10-10,361.56,25.54,bull
BTCUSDT,2014-10-11,362.3,25.81,bull
BTCUSDT,2014-10-12,378.55,31.59,bull
BTCUSDT,2014-10-13,390.41,35.53,bull
BTCUSDT,2014-10-14,400.87,38.88,bull
BTCUSDT,2014-10-15,394.77,37.65,bull
BTCUSDT,2014-10-16,382.56,35.25,bull
BTCUSDT,2014-10-17,383.76,35.69,bull
BTCUSDT,2014-10-18,391.44,38.53,bull
BTCUSDT,2014-10-19,389.55,38.08,bull
BTCUSDT,2014-10-20,382.85,36.47,bear
BTCUSDT,2014-10-21,386.48,38.0,bear
BTCUSDT,2014-10-22,383.16,37.12,bear
BTCUSDT,2014-10-23,358.42,31.3,bear
BTCUSDT,2014-10-24,358.35,31.28,bear
BTCUSDT,2014-10-25,347.27,28.93,bear
BTCUSDT,2014-10-26,354.7,32.6,bear
BTCUSDT,2014-10-27,352.99,32.18,bear
BTCUSDT,2014-10-28,357.62,34.59,bear
BTCUSDT,2014-10-29,335.59,29.27,bear
BTCUSDT,2014-10-30,345.3,34.08,bear
BTCUSDT,2014-10-31,338.32,32.38,bear
BTCUSDT,2014-11-01,325.75,29.51,bear
BTCUSDT,2014-11-02,325.89,29.59,bear
BTCUSDT,2014-11-03,327.55,30.53,bear
BTCUSDT,2014-11-04,330.49,32.25,bear
BTCUSDT,2014-11-05,339.49,37.38,bull
BTCUSDT,2014-11-06,349.29,42.49,bull
BTCUSDT,2014-11-07,342.42,40.02,bull
BTCUSDT,2014-11-08,345.49,41.65,bull
BTCUSDT,2014-11-09,363.26,50.1,bull
BTCUSDT,2014-11-10,366.92,51.65,bull
BTCUSDT,2014-11-11,367.7,51.99,bull
BTCUSDT,2014-11-12,423.56,68.96,bull
BTCUSDT,2014-11-13,420.73,67.66,bull
BTCUSDT,2014-11-14,397.82,58.07,bull
BTCUSDT,2014-11-15,376.13,50.75,bull
BTCUSDT,2014-11-16,387.88,54.13,bull
BTCUSDT,2014-11-17,387.41,53.97,bull
BTCUSDT,2014-11-18,375.2,49.86,bull
BTCUSDT,2014-11-19,380.55,51.6,bear
BTCUSDT,2014-11-20,357.84,44.54,bear
BTCUSDT,2014-11-21,350.85,42.61,bear
BTCUSDT,2014-11-22,352.92,43.39,bear
BTCUSDT,2014-11-23,367.57,48.72,bear
BTCUSDT,2014-11-24,376.9,51.83,bear
BTCUSDT,2014-11-25,375.35,51.28,bear
BTCUSDT,2014-11-26,368.37,48.74,bear
BTCUSDT,2014-11-27,369.67,49.24,bull
BTCUSDT,2014-11-28,376.45,51.9,bull
BTCUSDT,2014-11-29,375.49,51.49,bull
BTCUSDT,2014-11-30,378.05,52.57,bull
BTCUSDT,2014-12-01,379.24,53.09,bull
BTCUSDT,2014-12-02,381.32,54.04,bull
BTCUSDT,2014-12-03,375.01,50.68,bull
BTCUSDT,2014-12-04,369.6,47.93,sideways
BTCUSDT,2014-12-05,376.85,51.72,bull
BTCUSDT,2014-12-06,374.79,50.59,sideways
BTCUSDT,2014-12-07,375.1,50.76,sideways
BTCUSDT,2014-12-08,361.91,43.72,sideways
BTCUSDT,2014-12-09,352.22,39.4,sideways
BTCUSDT,2014-12-10,346.36,37.02,sideways
BTCUSDT,2014-12-11,350.51,39.79,sideways
BTCUSDT,2014-12-12,352.54,41.16,sideways
BTCUSDT,2014-12-13,347.38,38.75,sideways
BTCUSDT,2014-12-14,351.63,41.78,sideways
BTCUSDT,2014-12-15,345.35,38.73,sideways
BTCUSDT,2014-12-16,327.06,31.54,sideways
BTCUSDT,2014-12-17,319.78,29.21,sideways
BTCUSDT,2014-12-18,311.4,26.76,sideways
BTCUSDT,2014-12-19,317.84,31.51,sideways
BTCUSDT,2014-12-20,329.96,39.47,sideways
BTCUSDT,2014-12-21,320.84,36.07,sideways
BTCUSDT,2014-12-22,331.89,42.52,sideways
BTCUSDT,2014-12-23,334.57,44.0,bull
BTCUSDT,2014-12-24,322.53,39.14,bull
BTCUSDT,2014-12-25,319.01,37.82,bull
BTCUSDT,2014-12-26,327.92,43.05,bull
BTCUSDT,2014-12-27,315.86,38.35,sideways
BTCUSDT,2014-12-28,317.24,39.17,sideways
BTCUSDT,2014-12-29,312.67,37.4,sideways
BTCUSDT,2014-12-30,310.74,36.64,sideways
BTCUSDT,2014-12-31,320.19,42.73,sideways
BTCUSDT,2015-01-01,314.25,40.12,sideways
BTCUSDT,2015-01-02,315.03,40.63,sideways
BTCUSDT,2015-01-03,281.08,29.01,bear
BTCUSDT,2015-01-04,264.2,25.15,bear
BTCUSDT,2015-01-05,274.47,31.15,bear
BTCUSDT,2015-01-06,286.19,37.32,bear
BTCUSDT,2015-01-07,294.34,41.26,bear
BTCUSDT,2015-01-08,283.35,37.8,bear
BTCUSDT,2015-01-09,290.41,41.21,bear
BTCUSDT,2015-01-10,274.8,36.46,bear
BTCUSDT,2015-01-11,265.66,33.99,bull
BTCUSDT,2015-01-12,267.8,35.09,bear
BTCUSDT,2015-01-13,225.86,25.91,bear
BTCUSDT,2015-01-14,178.1,19.61,bear
BTCUSDT,2015-01-15,209.84,31.52,bear
BTCUSDT,2015-01-16,208.1,31.25,bear
BTCUSDT,2015-01-17,199.26,29.83,bear
BTCUSDT,2015-01-18,210.34,33.88,bear
BTCUSDT,2015-01-19,214.86,35.51,bear
BTCUSDT,2015-01-20,211.32,34.78,bear
BTCUSDT,2015-01-21,226.9,40.53,bull
BTCUSDT,2015-01-22,233.41,42.8,bull
BTCUSDT,2015-01-23,232.88,42.66,bull
BTCUSDT,2015-01-24,247.85,47.94,bull
BTCUSDT,2015-01-25,253.72,49.89,bull
BTCUSDT,2015-01-26,273.47,55.87,bull
BTCUSDT,2015-01-27,263.48,52.46,bull
BTCUSDT,2015-01-28,233.91,43.91,bull
BTCUSDT,2015-01-29,233.51,43.81,bull
BTCUSDT,2015-01-30,226.43,41.91,bear
BTCUSDT,2015-01-31,217.46,39.58,bear
BTCUSDT,2015-02-01,226.97,43.19,bear
BTCUSDT,2015-02-02,238.23,47.21,bear
BTCUSDT,2015-02-03,227.27,43.95,bear
BTCUSDT,2015-02-04,226.85,43.83,bear
BTCUSDT,2015-02-05,217.11,40.92,bear
BTCUSDT,2015-02-06,222.27,43.07,bear
BTCUSDT,2015-02-07,227.75,45.35,bull
BTCUSDT,2015-02-08,223.41,43.86,bear
BTCUSDT,2015-02-09,220.11,42.7,bear
BTCUSDT,2015-02-10,219.84,42.6,bear
BTCUSDT,2015-02-11,219.18,42.35,bear
BTCUSDT,2015-02-12,221.76,43.78,bull
BTCUSDT,2015-02-13,235.43,50.76,bull
BTCUSDT,2015-02-14,257.32,59.44,bull
BTCUSDT,2015-02-15,234.82,49.73,bull
BTCUSDT,2015-02-16,233.84,49.36,bull
BTCUSDT,2015-02-17,243.61,53.18,bull
BTCUSDT,2015-02-18,236.33,50.14,bull
BTCUSDT,2015-02-19,240.28,51.75,bull
BTCUSDT,2015-02-20,243.78,53.19,bull
BTCUSDT,2015-02-21,244.53,53.51,bear
BTCUSDT,2015-02-22,235.98,49.36,bull
BTCUSDT,2015-02-23,238.89,50.76,bull
BTCUSDT,2015-02-24,238.74,50.68,bear
BTCUSDT,2015-02-25,237.47,49.99,bull
BTCUSDT,2015-02-26,236.43,49.38,bear
BTCUSDT,2015-02-27,253.83,58.38,bull
BTCUSDT,2015-02-28,254.26,58.58,bull
BTCUSDT,2015-03-01,260.2,61.29,bull
BTCUSDT,2015-03-02,275.67,67.3,bull
BTCUSDT,2015-03-03,281.7,69.3,bull
BTCUSDT,2015-03-04,273.09,63.34,bull
BTCUSDT,2015-03-05,276.18,64.52,bull
BTCUSDT,2015-03-06,272.72,62.12,bull
BTCUSDT,2015-03-07,276.26,63.61,bull
BTCUSDT,2015-03-08,274.35,62.19,bull
BTCUSDT,2015-03-09,289.61,68.3,bull
BTCUSDT,2015-03-10,291.76,69.06,bull
BTCUSDT,2015-03-11,296.38,70.69,bull
BTCUSDT,2015-03-12,294.35,68.98,bull
BTCUSDT,2015-03-13,285.34,61.81,bull
BTCUSDT,2015-03-14,281.89,59.26,bull
BTCUSDT,2015-03-15,286.39,61.49,bull
BTCUSDT,2015-03-16,290.59,63.49,bull
BTCUSDT,2015-03-17,285.51,59.46,bear
BTCUSDT,2015-03-18,256.3,42.7,bear
BTCUSDT,2015-03-19,260.93,45.33,bear
BTCUSDT,2015-03-20,261.75,45.8,bear
BTCUSDT,2015-03-21,260.02,44.92,bear
BTCUSDT,2015-03-22,267.96,49.72,bear
BTCUSDT,2015-03-23,266.74,49.02,bear
BTCUSDT,2015-03-24,245.6,38.72,bear
BTCUSDT,2015-03-25,246.2,39.12,bear
BTCUSDT,2015-03-26,248.53,40.7,bear
BTCUSDT,2015-03-27,247.03,39.98,bear
BTCUSDT,2015-03-28,252.8,44.08,bear
BTCUSDT,2015-03-29,242.71,39.06,bear
BTCUSDT,2015-03-30,247.53,42.43,bear
BTCUSDT,2015-03-31,244.22,40.76,bear
BTCUSDT,2015-04-01,247.27,42.99,bull
BTCUSDT,2015-04-02,253.01,47.01,bull
BTCUSDT,2015-04-03,254.32,47.93,bull
BTCUSDT,2015-04-04,253.7,47.51,bull
BTCUSDT,2015-04-05,260.6,52.43,bull
BTCUSDT,2015-04-06,255.49,48.79,bull
BTCUSDT,2015-04-07,253.18,47.19,bull
BTCUSDT,2015-04-08,245.02,41.96,sideways
BTCUSDT,2015-04-09,243.68,41.15,sideways
BTCUSDT,2015-04-10,236.07,36.82,sideways
BTCUSDT,2015-04-11,236.55,37.27,sideways
BTCUSDT,2015-04-12,236.15,37.03,bear
BTCUSDT,2015-04-13,224.59,30.94,bear
BTCUSDT,2015-04-14,219.16,28.56,bear
BTCUSDT,2015-04-15,223.83,33.31,bear
BTCUSDT,2015-04-16,228.57,37.83,sideways
BTCUSDT,2015-04-17,222.88,34.78,sideways
BTCUSDT,2015-04-18,223.36,35.25,sideways
BTCUSDT,2015-04-19,222.6,34.82,sideways
BTCUSDT,2015-04-20,224.63,37.03,bull
BTCUSDT,2015-04-21,235.27,47.17,bull
BTCUSDT,2015-04-22,234.18,46.34,bull
BTCUSDT,2015-04-23,236.46,48.37,bull
BTCUSDT,2015-04-24,231.27,44.27,bull
BTCUSDT,2015-04-25,226.39,40.77,bull
BTCUSDT,2015-04-26,219.43,36.35,sideways
BTCUSDT,2015-04-27,229.29,45.38,bull
BTCUSDT,2015-04-28,225.85,43.09,sideways
BTCUSDT,2015-04-29,225.81,43.05,sideways
BTCUSDT,2015-04-30,236.15,51.59,sideways
BTCUSDT,2015-05-01,232.08,48.51,bull
BTCUSDT,2015-05-02,234.93,50.73,bull
BTCUSDT,2015-05-03,240.36,54.73,bull
BTCUSDT,2015-05-04,239.02,53.57,bull
BTCUSDT,2015-05-05,236.12,51.06,bull
BTCUSDT,2015-05-06,229.78,45.98,bull
BTCUSDT,2015-05-07,237.33,52.09,bull
BTCUSDT,2015-05-08,243.86,56.66,bull
BTCUSDT,2015-05-09,241.83,54.91,bull
BTCUSDT,2015-05-10,240.3,53.56,sideways
BTCUSDT,2015-05-11,242.16,55.0,bull
BTCUSDT,2015-05-12,241.11,53.99,bull
BTCUSDT,2015-05-13,236.38,49.53,bull
BTCUSDT,2015-05-14,236.93,50.05,sideways
BTCUSDT,2015-05-15,237.6,50.71,sideways
BTCUSDT,2015-05-16,236.15,49.19,sideways
BTCUSDT,2015-05-17,236.8,49.92,sideways
BTCUSDT,2015-05-18,233.13,45.93,sideways
BTCUSDT,2015-05-19,231.95,44.7,sideways
BTCUSDT,2015-05-20,234.02,47.37,sideways
BTCUSDT,2015-05-21,235.34,49.07,sideways
BTCUSDT,2015-05-22,240.35,54.97,bull
BTCUSDT,2015-05-23,238.87,53.02,bull
BTCUSDT,2015-05-24,240.95,55.42,bull
BTCUSDT,2015-05-25,237.11,50.3,bull
BTCUSDT,2015-05-26,237.12,50.31,bull
BTCUSDT,2015-05-27,237.28,50.54,bull
BTCUSDT,2015-05-28,237.41,50.72,bull
BTCUSDT,2015-05-29,237.1,50.22,sideways
BTCUSDT,2015-05-30,233.35,44.52,sideways
BTCUSDT,2015-05-31,230.19,40.37,sideways
BTCUSDT,2015-06-01,222.93,32.79,sideways
BTCUSDT,2015-06-02,225.8,37.77,sideways
BTCUSDT,2015-06-03,225.87,37.89,sideways
BTCUSDT,2015-06-04,224.32,36.22,sideways
BTCUSDT,2015-06-05,224.95,37.42,sideways
BTCUSDT,2015-06-06,225.62,38.75,sideways
BTCUSDT,2015-06-07,222.88,35.43,sideways
BTCUSDT,2015-06-08,228.49,45.69,bull
BTCUSDT,2015-06-09,229.05,46.6,bull
BTCUSDT,2015-06-10,228.8,46.24,bull
BTCUSDT,2015-06-11,229.71,47.86,bull
BTCUSDT,2015-06-12,229.98,48.37,bull
BTCUSDT,2015-06-13,232.4,52.77,bull
BTCUSDT,2015-06-14,233.54,54.73,bull
BTCUSDT,2015-06-15,236.82,59.87,bull
BTCUSDT,2015-06-16,250.9,73.69,bull
BTCUSDT,2015-06-17,249.28,70.69,bull
BTCUSDT,2015-06-18,249.01,70.16,bull
BTCUSDT,2015-06-19,244.61,62.19,bull
BTCUSDT,2015-06-20,245.21,62.82,bull
BTCUSDT,2015-06-21,243.94,60.56,bull
BTCUSDT,2015-06-22,246.99,63.92,bull
BTCUSDT,2015-06-23,244.3,59.12,sideways
BTCUSDT,2015-06-24,240.51,53.11,sideways
BTCUSDT,2015-06-25,242.8,56.02,sideways
BTCUSDT,2015-06-26,243.59,57.02,sideways
BTCUSDT,2015-06-27,250.99,65.0,bull
BTCUSDT,2015-06-28,249.01,61.7,bull
BTCUSDT,2015-06-29,257.06,68.67,bull
BTCUSDT,2015-06-30,263.07,72.67,bull
BTCUSDT,2015-07-01,258.62,65.95,bull
BTCUSDT,2015-07-02,255.41,61.54,bull
BTCUSDT,2015-07-03,256.34,62.32,bull
BTCUSDT,2015-07-04,260.89,65.99,bull
BTCUSDT,2015-07-05,271.91,72.88,bull
BTCUSDT,2015-07-06,269.03,68.95,bull
BTCUSDT,2015-07-07,266.21,65.23,bull
BTCUSDT,2015-07-08,270.79,68.22,bull
BTCUSDT,2015-07-09,269.23,66.14,bull
BTCUSDT,2015-07-10,284.89,74.55,bull
BTCUSDT,2015-07-11,293.11,77.69,bull
BTCUSDT,2015-07-12,310.87,82.65,bull
BTCUSDT,2015-07-13,292.05,65.91,bull
BTCUSDT,2015-07-14,287.46,62.58,bull
BTCUSDT,2015-07-15,285.83,61.39,bull
BTCUSDT,2015-07-16,278.09,55.96,bull
BTCUSDT,2015-07-17,279.47,56.7,bear
BTCUSDT,2015-07-18,274.9,53.51,bear
BTCUSDT,2015-07-19,273.61,52.62,bear
BTCUSDT,2015-07-20,278.98,55.93,sideways
BTCUSDT,2015-07-21,275.83,53.56,sideways
BTCUSDT,2015-07-22,277.22,54.48,sideways
BTCUSDT,2015-07-23,276.05,53.52,sideways
BTCUSDT,2015-07-24,288.28,61.19,bull
BTCUSDT,2015-07-25,288.7,61.43,bull
BTCUSDT,2015-07-26,292.69,63.68,bull
BTCUSDT,2015-07-27,293.62,64.21,bull
BTCUSDT,2015-07-28,294.43,64.69,bull
BTCUSDT,2015-07-29,289.59,59.56,bull
BTCUSDT,2015-07-30,287.72,57.66,bull
BTCUSDT,2015-07-31,284.65,54.58,sideways
BTCUSDT,2015-08-01,281.6,51.62,sideways
BTCUSDT,2015-08-02,282.61,52.54,sideways
BTCUSDT,2015-08-03,281.23,51.11,sideways
BTCUSDT,2015-08-04,285.22,54.92,sideways
BTCUSDT,2015-08-05,281.88,51.32,sideways
BTCUSDT,2015-08-06,278.58,47.97,sideways
BTCUSDT,2015-08-07,279.58,49.06,sideways
BTCUSDT,2015-08-08,261.0,34.63,sideways
BTCUSDT,2015-08-09,265.08,38.88,sideways
BTCUSDT,2015-08-10,264.47,38.48,sideways
BTCUSDT,2015-08-11,270.39,44.49,sideways
BTCUSDT,2015-08-12,266.38,41.53,sideways
BTCUSDT,2015-08-13,264.08,39.89,sideways
BTCUSDT,2015-08-14,265.68,41.62,sideways
BTCUSDT,2015-08-15,261.55,38.54,bull
BTCUSDT,2015-08-16,258.51,36.4,sideways
BTCUSDT,2015-08-17,257.98,36.03,sideways
BTCUSDT,2015-08-18,211.08,18.19,bear
BTCUSDT,2015-08-19,226.68,30.52,bear
BTCUSDT,2015-08-20,235.35,36.26,bear
BTCUSDT,2015-08-21,232.57,35.25,bear
BTCUSDT,2015-08-22,230.39,34.45,bear
BTCUSDT,2015-08-23,228.17,33.6,bear
BTCUSDT,2015-08-24,210.49,27.77,bear
BTCUSDT,2015-08-25,221.61,35.37,bull
BTCUSDT,2015-08-26,225.83,38.04,bear
BTCUSDT,2015-08-27,224.77,37.61,bear
BTCUSDT,2015-08-28,231.4,41.93,bear
BTCUSDT,2015-08-29,229.78,41.18,bear
BTCUSDT,2015-08-30,228.76,40.69,bull
BTCUSDT,2015-08-31,230.06,41.64,bull
BTCUSDT,2015-09-01,228.12,40.59,bull
BTCUSDT,2015-09-02,229.28,41.55,bull
BTCUSDT,2015-09-03,227.18,40.29,bull
BTCUSDT,2015-09-04,230.3,43.05,bear
BTCUSDT,2015-09-05,235.02,47.04,bull
BTCUSDT,2015-09-06,239.84,50.84,bull
BTCUSDT,2015-09-07,239.85,50.84,bull
BTCUSDT,2015-09-08,243.61,53.84,bull
BTCUSDT,2015-09-09,238.17,49.17,bull
BTCUSDT,2015-09-10,238.48,49.44,bull
BTCUSDT,2015-09-11,240.11,50.91,bull
BTCUSDT,2015-09-12,235.23,46.55,bull
BTCUSDT,2015-09-13,230.51,42.74,sideways
BTCUSDT,2015-09-14,230.64,42.88,sideways
BTCUSDT,2015-09-15,230.3,42.59,sideways
BTCUSDT,2015-09-16,229.09,41.51,sideways
BTCUSDT,2015-09-17,229.81,42.44,sideways
BTCUSDT,2015-09-18,232.98,46.49,sideways
BTCUSDT,2015-09-19,231.49,44.9,sideways
BTCUSDT,2015-09-20,231.21,44.58,bull
BTCUSDT,2015-09-21,227.09,40.17,sideways
BTCUSDT,2015-09-22,230.62,45.17,bull
BTCUSDT,2015-09-23,230.28,44.79,bull
BTCUSDT,2015-09-24,234.53,50.51,bull
BTCUSDT,2015-09-25,235.14,51.3,bull
BTCUSDT,2015-09-26,234.34,50.17,bull
BTCUSDT,2015-09-27,232.76,47.95,bull
BTCUSDT,2015-09-28,239.14,56.36,bull
BTCUSDT,2015-09-29,236.69,52.82,bull
BTCUSDT,2015-09-30,236.06,51.93,bull
BTCUSDT,2015-10-01,237.55,53.93,bull
BTCUSDT,2015-10-02,237.29,53.51,bull
BTCUSDT,2015-10-03,238.73,55.56,bull
BTCUSDT,2015-10-04,238.26,54.71,bull
BTCUSDT,2015-10-05,240.38,57.85,bull
BTCUSDT,2015-10-06,246.06,64.87,bull
BTCUSDT,2015-10-07,242.97,59.1,bull
BTCUSDT,2015-10-08,242.3,57.9,bull
BTCUSDT,2015-10-09,243.93,60.03,bull
BTCUSDT,2015-10-10,244.94,61.33,bull
BTCUSDT,2015-10-11,247.05,63.98,bull
BTCUSDT,2015-10-12,245.31,60.31,bull
BTCUSDT,2015-10-13,249.51,65.45,bull
BTCUSDT,2015-10-14,251.99,68.08,bull
BTCUSDT,2015-10-15,254.32,70.37,bull
BTCUSDT,2015-10-16,262.87,76.89,bull
BTCUSDT,2015-10-17,270.64,80.99,bull
BTCUSDT,2015-10-18,261.64,66.32,bull
BTCUSDT,2015-10-19,263.44,67.58,bull
BTCUSDT,2015-10-20,269.46,71.45,bull
BTCUSDT,2015-10-21,266.27,66.9,bull
BTCUSDT,2015-10-22,274.02,71.63,bull
BTCUSDT,2015-10-23,276.5,72.95,bull
BTCUSDT,2015-10-24,281.65,75.53,bull
BTCUSDT,2015-10-25,283.68,76.47,bull
BTCUSDT,2015-10-26,285.3,77.23,bull
BTCUSDT,2015-10-27,293.79,80.73,bull
BTCUSDT,2015-10-28,304.62,84.09,bull
BTCUSDT,2015-10-29,313.86,86.29,bull
BTCUSDT,2015-10-30,328.02,88.84,bull
BTCUSDT,2015-10-31,314.17,74.3,bull
BTCUSDT,2015-11-01,325.43,77.52,bull
BTCUSDT,2015-11-02,361.19,84.27,bull
BTCUSDT,2015-11-03,403.42,88.61,bull
BTCUSDT,2015-11-04,411.56,89.23,bull
BTCUSDT,2015-11-05,386.35,75.57,bull
BTCUSDT,2015-11-06,374.47,70.12,bull
BTCUSDT,2015-11-07,386.48,72.29,bull
BTCUSDT,2015-11-08,373.37,66.59,bull
BTCUSDT,2015-11-09,380.26,68.02,bull
BTCUSDT,2015-11-10,336.82,52.73,bear
BTCUSDT,2015-11-11,311.08,46.12,bear
BTCUSDT,2015-11-12,338.15,52.82,bear
BTCUSDT,2015-11-13,336.75,52.46,bear
BTCUSDT,2015-11-14,332.91,51.41,bear
BTCUSDT,2015-11-15,320.17,47.99,bear
BTCUSDT,2015-11-16,330.75,50.91,bear
BTCUSDT,2015-11-17,335.09,52.1,bear
BTCUSDT,2015-11-18,334.59,51.94,bull
BTCUSDT,2015-11-19,326.15,49.26,bear
BTCUSDT,2015-11-20,322.02,47.96,bear
BTCUSDT,2015-11-21,326.93,49.66,bear
BTCUSDT,2015-11-22,324.54,48.83,bull
BTCUSDT,2015-11-23,323.05,48.28,bear
BTCUSDT,2015-11-24,320.05,47.13,bear
BTCUSDT,2015-11-25,328.21,50.57,bear
BTCUSDT,2015-11-26,352.68,59.14,bull
BTCUSDT,2015-11-27,358.04,60.75,bull
BTCUSDT,2015-11-28,357.38,60.43,bull
BTCUSDT,2015-11-29,371.29,64.6,bull
BTCUSDT,2015-11-30,377.32,66.26,bull
BTCUSDT,2015-12-01,362.49,58.94,bull
BTCUSDT,2015-12-02,359.19,57.42,bull
BTCUSDT,2015-12-03,361.05,58.08,bull
BTCUSDT,2015-12-04,363.18,58.86,bull
BTCUSDT,2015-12-05,388.95,66.9,bull
BTCUSDT,2015-12-06,388.78,66.81,bull
BTCUSDT,2015-12-07,395.54,68.67,bull
BTCUSDT,2015-12-08,415.56,73.42,bull
BTCUSDT,2015-12-09,417.56,73.85,bull
BTCUSDT,2015-12-10,415.48,72.54,bull
BTCUSDT,2015-12-11,451.94,79.41,bull
BTCUSDT,2015-12-12,435.0,70.58,bull
BTCUSDT,2015-12-13,433.76,69.96,bull
BTCUSDT,2015-12-14,444.18,72.15,bull
BTCUSDT,2015-12-15,465.32,75.98,bull
BTCUSDT,2015-12-16,454.93,70.83,bull
BTCUSDT,2015-12-17,456.08,71.06,bull
BTCUSDT,2015-12-18,463.62,72.61,bull
BTCUSDT,2015-12-19,462.32,71.9,bull
BTCUSDT,2015-12-20,442.68,61.97,bull
BTCUSDT,2015-12-21,438.64,60.13,bear
BTCUSDT,2015-12-22,436.57,59.16,bear
BTCUSDT,2015-12-23,442.4,61.06,bear
BTCUSDT,2015-12-24,454.98,64.87,bear
BTCUSDT,2015-12-25,455.65,65.07,bear
BTCUSDT,2015-12-26,417.27,48.42,bear
BTCUSDT,2015-12-27,422.82,50.39,bear
BTCUSDT,2015-12-28,422.28,50.19,bear
BTCUSDT,2015-12-29,432.98,54.11,bear
BTCUSDT,2015-12-30,426.62,51.52,bear
BTCUSDT,2015-12-31,430.57,53.02,bear
BTCUSDT,2016-01-01,434.33,54.47,bear
BTCUSDT,2016-01-02,433.44,54.04,bull
BTCUSDT,2016-01-03,430.01,52.35,bull
BTCUSDT,2016-01-04,433.09,53.75,bull
BTCUSDT,2016-01-05,431.96,53.13,sideways
BTCUSDT,2016-01-06,429.11,51.52,bull
BTCUSDT,2016-01-07,458.05,63.58,bull
BTCUSDT,2016-01-08,453.23,60.87,bull
BTCUSDT,2016-01-09,447.61,57.77,bull
BTCUSDT,2016-01-10,447.99,57.93,bull
BTCUSDT,2016-01-11,448.43,58.12,bull
BTCUSDT,2016-01-12,435.69,50.85,bull
BTCUSDT,2016-01-13,432.37,49.13,bull
BTCUSDT,2016-01-14,430.31,48.04,bear
BTCUSDT,2016-01-15,364.33,27.23,bear
BTCUSDT,2016-01-16,387.54,37.49,bear
BTCUSDT,2016-01-17,382.3,36.24,bear
BTCUSDT,2016-01-18,387.17,38.29,bear
BTCUSDT,2016-01-19,380.15,36.47,bear
BTCUSDT,2016-01-20,420.23,50.83,bear
BTCUSDT,2016-01-21,410.26,47.93,bear
BTCUSDT,2016-01-22,382.49,40.92,bull
BTCUSDT,2016-01-23,387.49,42.55,bear
BTCUSDT,2016-01-24,402.97,47.38,bull
BTCUSDT,2016-01-25,391.73,44.46,bull
BTCUSDT,2016-01-26,392.15,44.6,bull
BTCUSDT,2016-01-27,394.97,45.57,bear
BTCUSDT,2016-01-28,380.29,41.48,bear
BTCUSDT,2016-01-29,379.47,41.26,bear
BTCUSDT,2016-01-30,378.26,40.9,bear
BTCUSDT,2016-01-31,368.77,38.17,bear
BTCUSDT,2016-02-01,373.06,40.12,bear
BTCUSDT,2016-02-02,374.45,40.77,bear
BTCUSDT,2016-02-03,369.95,39.28,bear
BTCUSDT,2016-02-04,389.59,48.17,bull
BTCUSDT,2016-02-05,386.55,47.03,bull
BTCUSDT,2016-02-06,376.52,43.36,bear
BTCUSDT,2016-02-07,376.62,43.4,bull
BTCUSDT,2016-02-08,373.45,42.2,bull
BTCUSDT,2016-02-09,376.03,43.57,bull
BTCUSDT,2016-02-10,381.65,46.55,bull
BTCUSDT,2016-02-11,379.65,45.63,sideways
BTCUSDT,2016-02-12,384.26,48.18,sideways
BTCUSDT,2016-02-13,391.86,52.17,bull
BTCUSDT,2016-02-14,407.23,59.03,bull
BTCUSDT,2016-02-15,400.18,55.13,bull
BTCUSDT,2016-02-16,407.49,58.21,bull
BTCUSDT,2016-02-17,416.32,61.65,bull
BTCUSDT,2016-02-18,422.37,63.84,bull
BTCUSDT,2016-02-19,420.79,62.83,bull
BTCUSDT,2016-02-20,437.16,68.41,bull
BTCUSDT,2016-02-21,438.8,68.91,bull
BTCUSDT,2016-02-22,437.75,68.16,bull
BTCUSDT,2016-02-23,420.74,57.3,bull
BTCUSDT,2016-02-24,424.95,59.04,bull
BTCUSDT,2016-02-25,424.54,58.79,bull
BTCUSDT,2016-02-26,432.15,62.02,bull
BTCUSDT,2016-02-27,432.52,62.17,sideways
BTCUSDT,2016-02-28,433.5,62.61,sideways
BTCUSDT,2016-02-29,437.7,64.5,sideways
BTCUSDT,2016-03-01,435.12,62.42,bull
BTCUSDT,2016-03-02,423.99,54.26,sideways
BTCUSDT,2016-03-03,421.65,52.7,sideways
BTCUSDT,2016-03-04,410.94,46.17,sideways
BTCUSDT,2016-03-05,400.57,40.88,sideways
BTCUSDT,2016-03-06,407.71,45.51,sideways
BTCUSDT,2016-03-07,414.32,49.45,sideways
BTCUSDT,2016-03-08,413.97,49.25,sideways
BTCUSDT,2016-03-09,414.86,49.81,sideways
BTCUSDT,2016-03-10,417.13,51.3,sideways
BTCUSDT,2016-03-11,421.69,54.24,bull
BTCUSDT,2016-03-12,411.62,47.44,bull
BTCUSDT,2016-03-13,414.07,49.1,bull
BTCUSDT,2016-03-14,416.44,50.74,bull
BTCUSDT,2016-03-15,416.83,51.02,bull
BTCUSDT,2016-03-16,417.01,51.16,bull
BTCUSDT,2016-03-17,420.62,53.95,bull
BTCUSDT,2016-03-18,409.55,45.39,sideways
BTCUSDT,2016-03-19,410.44,46.13,sideways
BTCUSDT,2016-03-20,413.76,48.91,sideways
BTCUSDT,2016-03-21,413.31,48.54,sideways
BTCUSDT,2016-03-22,418.09,52.6,bull
BTCUSDT,2016-03-23,418.04,52.55,bull
BTCUSDT,2016-03-24,416.39,50.95,sideways
BTCUSDT,2016-03-25,417.18,51.7,bull
BTCUSDT,2016-03-26,417.95,52.48,bull
BTCUSDT,2016-03-27,426.77,60.32,bull
BTCUSDT,2016-03-28,424.23,57.39,bull
BTCUSDT,2016-03-29,416.52,49.5,sideways
BTCUSDT,2016-03-30,414.82,47.94,sideways
BTCUSDT,2016-03-31,416.73,49.86,bull
BTCUSDT,2016-04-01,417.96,51.11,bull
BTCUSDT,2016-04-02,420.87,54.03,bull
BTCUSDT,2016-04-03,420.9,54.06,sideways
BTCUSDT,2016-04-04,421.44,54.64,sideways
BTCUSDT,2016-04-05,424.03,57.42,bull
BTCUSDT,2016-04-06,423.41,56.53,bull
BTCUSDT,2016-04-07,422.74,55.52,bull
BTCUSDT,2016-04-08,420.35,51.96,bull
BTCUSDT,2016-04-09,419.41,50.59,sideways
BTCUSDT,2016-04-10,421.56,53.61,bull
BTCUSDT,2016-04-11,422.48,54.88,bull
BTCUSDT,2016-04-12,425.19,58.48,bull
BTCUSDT,2016-04-13,423.73,55.9,bull
BTCUSDT,2016-04-14,424.28,56.67,bull
BTCUSDT,2016-04-15,429.71,63.52,bull
BTCUSDT,2016-04-16,430.57,64.48,bull
BTCUSDT,2016-04-17,427.4,58.39,bull
BTCUSDT,2016-04-18,428.59,59.92,bull
BTCUSDT,2016-04-19,435.51,67.42,bull
BTCUSDT,2016-04-20,441.39,72.18,bull
BTCUSDT,2016-04-21,449.42,77.1,bull
BTCUSDT,2016-04-22,445.74,70.9,bull
BTCUSDT,2016-04-23,450.28,73.71,bull
BTCUSDT,2016-04-24,458.55,77.89,bull
BTCUSDT,2016-04-25,461.43,79.13,bull
BTCUSDT,2016-04-26,466.09,80.99,bull
BTCUSDT,2016-04-27,444.69,56.18,bull
BTCUSDT,2016-04-28,449.01,58.92,sideways
BTCUSDT,2016-04-29,455.1,62.47,bull
BTCUSDT,2016-04-30,448.32,56.6,sideways
BTCUSDT,2016-05-01,451.88,58.79,sideways
BTCUSDT,2016-05-02,444.67,52.96,sideways
BTCUSDT,2016-05-03,450.3,56.58,sideways
BTCUSDT,2016-05-04,446.72,53.75,bull
BTCUSDT,2016-05-05,447.98,54.61,sideways
BTCUSDT,2016-05-06,459.6,61.7,bull
BTCUSDT,2016-05-07,458.54,60.76,bull
BTCUSDT,2016-05-08,458.55,60.77,bull
BTCUSDT,2016-05-09,460.48,61.98,bull
BTCUSDT,2016-05-10,450.89,53.19,bull
BTCUSDT,2016-05-11,452.73,54.52,bull
BTCUSDT,2016-05-12,454.77,56.01,bull
BTCUSDT,2016-05-13,455.67,56.69,sideways
BTCUSDT,2016-05-14,455.67,56.69,sideways
BTCUSDT,2016-05-15,457.57,58.26,sideways
BTCUSDT,2016-05-16,454.16,54.45,sideways
BTCUSDT,2016-05-17,453.78,54.02,bull
BTCUSDT,2016-05-18,454.62,54.86,bull
BTCUSDT,2016-05-19,438.71,39.98,sideways
BTCUSDT,2016-05-20,442.68,44.05,sideways
BTCUSDT,2016-05-21,443.19,44.57,sideways
BTCUSDT,2016-05-22,439.32,41.42,sideways
BTCUSDT,2016-05-23,444.15,46.51,sideways
BTCUSDT,2016-05-24,445.98,48.34,sideways
BTCUSDT,2016-05-25,449.6,51.85,sideways
BTCUSDT,2016-05-26,453.38,55.27,bull
BTCUSDT,2016-05-27,473.46,68.19,bull
BTCUSDT,2016-05-28,530.04,83.04,bull
BTCUSDT,2016-05-29,526.23,80.33,bull
BTCUSDT,2016-05-30,533.86,81.62,bull
BTCUSDT,2016-05-31,531.39,79.78,bull
BTCUSDT,2016-06-01,536.92,80.82,bull
BTCUSDT,2016-06-02,537.97,81.02,bull
BTCUSDT,2016-06-03,569.19,85.77,bull
BTCUSDT,2016-06-04,572.73,86.19,bull
BTCUSDT,2016-06-05,574.98,86.46,bull
BTCUSDT,2016-06-06,585.54,87.7,bull
BTCUSDT,2016-06-07,576.6,80.96,bull
BTCUSDT,2016-06-08,581.65,81.81,bull
BTCUSDT,2016-06-09,574.63,76.69,bull
BTCUSDT,2016-06-10,577.47,77.31,bull
BTCUSDT,2016-06-11,606.73,82.47,bull
BTCUSDT,2016-06-12,672.78,88.72,bull
BTCUSDT,2016-06-13,704.38,90.47,bull
BTCUSDT,2016-06-14,685.56,82.28,bull
BTCUSDT,2016-06-15,694.47,83.07,bull
BTCUSDT,2016-06-16,766.31,87.75,bull
BTCUSDT,2016-06-17,748.91,81.84,bull
BTCUSDT,2016-06-18,756.23,82.38,bull
BTCUSDT,2016-06-19,763.78,82.94,bull
BTCUSDT,2016-06-20,737.23,74.01,bull
BTCUSDT,2016-06-21,666.65,56.58,bear
BTCUSDT,2016-06-22,596.12,45.14,bear
BTCUSDT,2016-06-23,623.98,49.49,bear
BTCUSDT,2016-06-24,665.3,55.16,bear
BTCUSDT,2016-06-25,665.12,55.13,bear
BTCUSDT,2016-06-26,629.37,49.55,bear
BTCUSDT,2016-06-27,655.28,53.24,bear
BTCUSDT,2016-06-28,647.0,51.94,bear
BTCUSDT,2016-06-29,639.89,50.78,bull
BTCUSDT,2016-06-30,673.34,55.76,bull
BTCUSDT,2016-07-01,676.3,56.18,bull
BTCUSDT,2016-07-02,703.7,59.99,bull
BTCUSDT,2016-07-03,658.66,51.99,bull
BTCUSDT,2016-07-04,683.66,55.54,bull
BTCUSDT,2016-07-05,670.63,53.33,bull
BTCUSDT,2016-07-06,677.33,54.33,bull
BTCUSDT,2016-07-07,640.56,48.19,bear
BTCUSDT,2016-07-08,666.52,52.29,bear
BTCUSDT,2016-07-09,650.96,49.75,bear
BTCUSDT,2016-07-10,649.36,49.48,bear
BTCUSDT,2016-07-11,647.66,49.18,bear
BTCUSDT,2016-07-12,664.55,52.29,bear
BTCUSDT,2016-07-13,654.47,50.31,bear
BTCUSDT,2016-07-14,658.08,51.03,bull
BTCUSDT,2016-07-15,663.26,52.09,sideways
BTCUSDT,2016-07-16,660.77,51.51,bull
BTCUSDT,2016-07-17,679.46,55.51,bull
BTCUSDT,2016-07-18,673.11,53.89,bull
BTCUSDT,2016-07-19,672.86,53.82,bull
BTCUSDT,2016-07-20,665.68,51.83,bull
BTCUSDT,2016-07-21,665.01,51.64,bull
BTCUSDT,2016-07-22,650.62,47.57,sideways
BTCUSDT,2016-07-23,655.56,49.05,sideways
BTCUSDT,2016-07-24,661.28,50.79,sideways
BTCUSDT,2016-07-25,654.1,48.55,sideways
BTCUSDT,2016-07-26,651.78,47.82,sideways
BTCUSDT,2016-07-27,654.35,48.74,sideways
BTCUSDT,2016-07-28,655.03,49.0,sideways
BTCUSDT,2016-07-29,656.99,49.78,bull
BTCUSDT,2016-07-30,655.05,48.98,sideways
BTCUSDT,2016-07-31,624.68,38.53,sideways
BTCUSDT,2016-08-01,606.27,33.82,sideways
BTCUSDT,2016-08-02,547.47,23.81,bear
BTCUSDT,2016-08-03,566.35,30.88,bear
BTCUSDT,2016-08-04,578.29,34.99,bear
BTCUSDT,2016-08-05,575.04,34.39,bear
BTCUSDT,2016-08-06,587.78,38.82,bear
BTCUSDT,2016-08-07,592.69,40.49,sideways
BTCUSDT,2016-08-08,591.05,40.09,sideways
BTCUSDT,2016-08-09,587.8,39.28,bull
BTCUSDT,2016-08-10,592.1,40.99,bull
BTCUSDT,2016-08-11,589.12,40.14,bull
BTCUSDT,2016-08-12,587.56,39.68,bull
BTCUSDT,2016-08-13,585.59,39.08,sideways
BTCUSDT,2016-08-14,570.47,34.68,sideways
BTCUSDT,2016-08-15,567.24,33.81,sideways
BTCUSDT,2016-08-16,577.44,39.04,sideways
BTCUSDT,2016-08-17,573.22,37.71,sideways
BTCUSDT,2016-08-18,574.32,38.3,sideways
BTCUSDT,2016-08-19,575.63,39.04,sideways
BTCUSDT,2016-08-20,581.7,42.47,sideways
BTCUSDT,2016-08-21,581.31,42.31,bull
BTCUSDT,2016-08-22,586.75,45.49,bull
BTCUSDT,2016-08-23,583.41,43.89,bull
BTCUSDT,2016-08-24,580.18,42.34,bull
BTCUSDT,2016-08-25,577.76,41.17,bull
BTCUSDT,2016-08-26,579.65,42.51,bull
BTCUSDT,2016-08-27,569.95,37.75,sideways
BTCUSDT,2016-08-28,573.91,40.67,sideways
BTCUSDT,2016-08-29,574.11,40.82,sideways
BTCUSDT,2016-08-30,577.5,43.45,sideways
BTCUSDT,2016-08-31,575.47,42.24,sideways
BTCUSDT,2016-09-01,572.3,40.35,sideways
BTCUSDT,2016-09-02,575.54,43.14,sideways
BTCUSDT,2016-09-03,598.21,57.99,bull
BTCUSDT,2016-09-04,608.63,62.8,bull
BTCUSDT,2016-09-05,606.59,61.32,bull
BTCUSDT,2016-09-06,610.44,63.08,bull
BTCUSDT,2016-09-07,614.54,64.92,bull
BTCUSDT,2016-09-08,626.32,69.6,bull
BTCUSDT,2016-09-09,622.86,66.79,bull
BTCUSDT,2016-09-10,623.51,67.06,bull
BTCUSDT,2016-09-11,606.72,54.69,sideways
BTCUSDT,2016-09-12,608.24,55.49,bull
BTCUSDT,2016-09-13,609.24,56.04,sideways
BTCUSDT,2016-09-14,610.68,56.87,sideways
BTCUSDT,2016-09-15,607.16,54.18,sideways
BTCUSDT,2016-09-16,606.97,54.04,sideways
BTCUSDT,2016-09-17,605.98,53.22,sideways
BTCUSDT,2016-09-18,609.87,56.03,bull
BTCUSDT,2016-09-19,609.23,55.43,bull
BTCUSDT,2016-09-20,608.31,54.55,sideways
BTCUSDT,2016-09-21,597.15,45.09,sideways
BTCUSDT,2016-09-22,596.3,44.46,sideways
BTCUSDT,2016-09-23,602.84,50.24,sideways
BTCUSDT,2016-09-24,602.62,50.06,sideways
BTCUSDT,2016-09-25,600.83,48.45,sideways
BTCUSDT,2016-09-26,608.04,54.72,sideways
BTCUSDT,2016-09-27,606.17,52.92,sideways
BTCUSDT,2016-09-28,604.73,51.52,bull
BTCUSDT,2016-09-29,605.69,52.43,bull
BTCUSDT,2016-09-30,609.73,56.14,bull
BTCUSDT,2016-10-01,613.98,59.69,bull
BTCUSDT,2016-10-02,610.89,56.13,bull
BTCUSDT,2016-10-03,612.13,57.23,bull
BTCUSDT,2016-10-04,610.2,54.92,bull
BTCUSDT,2016-10-05,612.51,57.15,bull
BTCUSDT,2016-10-06,613.02,57.65,bull
BTCUSDT,2016-10-07,617.12,61.53,bull
BTCUSDT,2016-10-08,619.11,63.28,bull
BTCUSDT,2016-10-09,616.75,59.8,bull
BTCUSDT,2016-10-10,618.99,61.95,bull
BTCUSDT,2016-10-11,641.07,75.71,bull
BTCUSDT,2016-10-12,636.19,69.71,bull
BTCUSDT,2016-10-13,636.79,70.02,bull
BTCUSDT,2016-10-14,640.38,71.9,bull
BTCUSDT,2016-10-15,638.65,69.63,bull
BTCUSDT,2016-10-16,641.63,71.31,bull
BTCUSDT,2016-10-17,639.19,68.0,bull
BTCUSDT,2016-10-18,637.96,66.33,sideways
BTCUSDT,2016-10-19,630.52,57.17,sideways
BTCUSDT,2016-10-20,630.86,57.45,sideways
BTCUSDT,2016-10-21,632.83,59.17,sideways
BTCUSDT,2016-10-22,657.29,73.5,bull
BTCUSDT,2016-10-23,657.07,73.25,bull
BTCUSDT,2016-10-24,653.76,69.44,bull
BTCUSDT,2016-10-25,657.59,71.3,bull
BTCUSDT,2016-10-26,678.3,78.81,bull
BTCUSDT,2016-10-27,688.31,81.35,bull
BTCUSDT,2016-10-28,689.65,81.67,bull
BTCUSDT,2016-10-29,714.48,86.31,bull
BTCUSDT,2016-10-30,701.86,75.81,bull
BTCUSDT,2016-10-31,700.97,75.11,bull
BTCUSDT,2016-11-01,729.79,81.14,bull
BTCUSDT,2016-11-02,740.83,82.85,bull
BTCUSDT,2016-11-03,688.7,56.68,bull
BTCUSDT,2016-11-04,703.23,60.43,bull
BTCUSDT,2016-11-05,703.42,60.48,sideways
BTCUSDT,2016-11-06,711.52,62.57,bull
BTCUSDT,2016-11-07,703.13,59.08,bull
BTCUSDT,2016-11-08,709.85,60.96,sideways
BTCUSDT,2016-11-09,723.27,64.47,sideways
BTCUSDT,2016-11-10,715.53,61.06,bull
BTCUSDT,2016-11-11,716.41,61.31,bull
BTCUSDT,2016-11-12,705.05,56.28,bull
BTCUSDT,2016-11-13,702.03,54.99,sideways
BTCUSDT,2016-11-14,705.02,56.06,bull
BTCUSDT,2016-11-15,711.62,58.42,bull
BTCUSDT,2016-11-16,744.2,67.66,bull
BTCUSDT,2016-11-17,740.98,66.1,bull
BTCUSDT,2016-11-18,751.59,68.67,bull
BTCUSDT,2016-11-19,751.62,68.67,bull
BTCUSDT,2016-11-20,731.03,58.67,bull
BTCUSDT,2016-11-21,739.25,61.11,bull
BTCUSDT,2016-11-22,751.35,64.43,bull
BTCUSDT,2016-11-23,744.59,61.28,bull
BTCUSDT,2016-11-24,740.29,59.29,sideways
BTCUSDT,2016-11-25,741.65,59.74,sideways
BTCUSDT,2016-11-26,735.38,56.67,sideways
BTCUSDT,2016-11-27,732.03,55.04,bull
BTCUSDT,2016-11-28,735.81,56.56,sideways
BTCUSDT,2016-11-29,735.6,56.44,sideways
BTCUSDT,2016-11-30,745.69,60.55,bull
BTCUSDT,2016-12-01,756.77,64.52,bull
BTCUSDT,2016-12-02,777.94,70.59,bull
BTCUSDT,2016-12-03,771.16,66.65,bull
BTCUSDT,2016-12-04,773.87,67.44,bull
BTCUSDT,2016-12-05,758.7,59.08,bull
BTCUSDT,2016-12-06,764.22,60.98,bull
BTCUSDT,2016-12-07,768.13,62.31,bull
BTCUSDT,2016-12-08,770.81,63.23,bull
BTCUSDT,2016-12-09,772.79,63.94,sideways
BTCUSDT,2016-12-10,774.65,64.62,bull
BTCUSDT,2016-12-11,769.73,61.3,sideways
BTCUSDT,2016-12-12,780.09,65.34,bull
BTCUSDT,2016-12-13,780.56,65.52,bull
BTCUSDT,2016-12-14,781.48,65.88,bull
BTCUSDT,2016-12-15,778.09,63.23,bull
BTCUSDT,2016-12-16,784.91,66.18,bull
BTCUSDT,2016-12-17,790.83,68.54,bull
BTCUSDT,2016-12-18,790.53,68.28,bull
BTCUSDT,2016-12-19,792.71,69.2,bull
BTCUSDT,2016-12-20,800.88,72.41,bull
BTCUSDT,2016-12-21,834.28,81.09,bull
BTCUSDT,2016-12-22,864.54,85.53,bull
BTCUSDT,2016-12-23,921.98,90.23,bull
BTCUSDT,2016-12-24,898.82,79.08,bull
BTCUSDT,2016-12-25,896.18,77.9,bull
BTCUSDT,2016-12-26,907.61,79.34,bull
BTCUSDT,2016-12-27,933.2,82.14,bull
BTCUSDT,2016-12-28,975.92,85.64,bull
BTCUSDT,2016-12-29,973.5,84.63,bull
BTCUSDT,2016-12-30,961.24,79.5,bull
BTCUSDT,2016-12-31,963.74,79.77,bull
BTCUSDT,2017-01-01,998.33,83.08,bull
BTCUSDT,2017-01-02,1021.75,84.89,bull
BTCUSDT,2017-01-03,1043.84,86.36,bull
BTCUSDT,2017-01-04,1154.73,91.08,bull
BTCUSDT,2017-01-05,1013.38,61.77,bull
BTCUSDT,2017-01-06,902.2,48.54,bear
BTCUSDT,2017-01-07,908.59,49.21,bear
BTCUSDT,2017-01-08,911.2,49.51,bear
BTCUSDT,2017-01-09,902.83,48.55,bear
BTCUSDT,2017-01-10,907.68,49.16,bear
BTCUSDT,2017-01-11,777.76,36.56,bear
BTCUSDT,2017-01-12,804.83,40.01,bear
BTCUSDT,2017-01-13,823.98,42.4,bear
BTCUSDT,2017-01-14,818.41,41.88,bear
BTCUSDT,2017-01-15,821.8,42.34,bear
BTCUSDT,2017-01-16,831.53,43.73,bear
BTCUSDT,2017-01-17,907.94,53.27,bull
BTCUSDT,2017-01-18,886.62,50.69,bull
BTCUSDT,2017-01-19,899.07,52.15,bull
BTCUSDT,2017-01-20,895.03,51.61,bull
BTCUSDT,2017-01-21,921.79,54.91,bull
BTCUSDT,2017-01-22,924.67,55.26,bull
BTCUSDT,2017-01-23,921.01,54.67,bull
BTCUSDT,2017-01-24,892.69,50.24,bear
BTCUSDT,2017-01-25,901.54,51.56,bull
BTCUSDT,2017-01-26,917.59,53.95,bull
BTCUSDT,2017-01-27,919.75,54.28,bull
BTCUSDT,2017-01-28,921.59,54.57,bear
BTCUSDT,2017-01-29,919.5,54.14,bear
BTCUSDT,2017-01-30,920.38,54.31,bear
BTCUSDT,2017-01-31,970.4,62.46,bull
BTCUSDT,2017-02-01,989.02,64.97,bull
BTCUSDT,2017-02-02,1011.8,67.8,bull
BTCUSDT,2017-02-03,1029.91,69.88,bull
BTCUSDT,2017-02-04,1042.9,71.32,bull
BTCUSDT,2017-02-05,1027.34,67.19,bull
BTCUSDT,2017-02-06,1038.15,68.55,bull
BTCUSDT,2017-02-07,1061.35,71.3,bull
BTCUSDT,2017-02-08,1063.07,71.5,bull
BTCUSDT,2017-02-09,994.38,55.07,sideways
BTCUSDT,2017-02-10,988.67,53.96,sideways
BTCUSDT,2017-02-11,1004.45,56.56,sideways
BTCUSDT,2017-02-12,999.18,55.44,sideways
BTCUSDT,2017-02-13,990.64,53.57,sideways
BTCUSDT,2017-02-14,1004.55,56.16,sideways
BTCUSDT,2017-02-15,1007.48,56.7,sideways
BTCUSDT,2017-02-16,1027.44,60.34,bull
BTCUSDT,2017-02-17,1046.21,63.44,bull
BTCUSDT,2017-02-18,1054.42,64.75,bull
BTCUSDT,2017-02-19,1047.87,62.82,bull
BTCUSDT,2017-02-20,1079.98,67.86,bull
BTCUSDT,2017-02-21,1115.3,72.3,bull
BTCUSDT,2017-02-22,1117.44,72.55,bull
BTCUSDT,2017-02-23,1166.72,77.53,bull
BTCUSDT,2017-02-24,1173.68,78.13,bull
BTCUSDT,2017-02-25,1143.84,69.51,bull
BTCUSDT,2017-02-26,1165.2,71.9,bull
BTCUSDT,2017-02-27,1179.97,73.45,bull
BTCUSDT,2017-02-28,1179.97,73.45,bull
BTCUSDT,2017-03-01,1222.5,77.58,bull
BTCUSDT,2017-03-02,1251.01,79.84,bull
BTCUSDT,2017-03-03,1274.99,81.53,bull
BTCUSDT,2017-03-04,1255.15,75.87,bull
BTCUSDT,2017-03-05,1267.12,76.91,bull
BTCUSDT,2017-03-06,1272.83,77.41,bull
BTCUSDT,2017-03-07,1223.54,64.42,bull
BTCUSDT,2017-03-08,1150.0,50.73,sideways
BTCUSDT,2017-03-09,1188.49,56.0,sideways
BTCUSDT,2017-03-10,1116.72,46.1,bear
BTCUSDT,2017-03-11,1175.83,53.41,bear
BTCUSDT,2017-03-12,1221.38,58.12,bear
BTCUSDT,2017-03-13,1231.92,59.15,bear
BTCUSDT,2017-03-14,1240.0,59.96,bull
BTCUSDT,2017-03-15,1249.61,60.95,bull
BTCUSDT,2017-03-16,1187.81,52.01,bear
BTCUSDT,2017-03-17,1100.23,42.49,bear
BTCUSDT,2017-03-18,973.82,33.08,bear
BTCUSDT,2017-03-19,1036.74,40.18,bear
BTCUSDT,2017-03-20,1054.23,42.02,bear
BTCUSDT,2017-03-21,1120.54,48.5,bear
BTCUSDT,2017-03-22,1049.14,42.94,bear
BTCUSDT,2017-03-23,1038.59,42.17,bear
BTCUSDT,2017-03-24,937.52,35.59,bear
BTCUSDT,2017-03-25,972.78,39.16,bear
BTCUSDT,2017-03-26,966.72,38.76,bear
BTCUSDT,2017-03-27,1045.77,46.4,bear
BTCUSDT,2017-03-28,1047.15,46.52,bear
BTCUSDT,2017-03-29,1039.97,45.92,bear
BTCUSDT,2017-03-30,1026.43,44.74,bear
BTCUSDT,2017-03-31,1071.79,49.42,bull
BTCUSDT,2017-04-01,1080.5,50.29,bull
BTCUSDT,2017-04-02,1102.17,52.47,bull
BTCUSDT,2017-04-03,1143.81,56.44,bull
BTCUSDT,2017-04-04,1133.25,55.18,bull
BTCUSDT,2017-04-05,1124.78,54.14,bull
BTCUSDT,2017-04-06,1182.68,59.74,bull
BTCUSDT,2017-04-07,1176.9,58.97,bull
BTCUSDT,2017-04-08,1175.95,58.83,bull
BTCUSDT,2017-04-09,1187.87,60.07,bull
BTCUSDT,2017-04-10,1187.13,59.95,bull
BTCUSDT,2017-04-11,1205.01,61.93,bull
BTCUSDT,2017-04-12,1200.37,61.08,bull
BTCUSDT,2017-04-13,1169.28,55.61,sideways
BTCUSDT,2017-04-14,1167.54,55.31,sideways
BTCUSDT,2017-04-15,1172.52,56.04,sideways
BTCUSDT,2017-04-16,1182.94,57.6,sideways
BTCUSDT,2017-04-17,1193.91,59.23,bull
BTCUSDT,2017-04-18,1211.67,61.8,bull
BTCUSDT,2017-04-19,1210.29,61.48,bull
BTCUSDT,2017-04-20,1229.08,64.23,bull
BTCUSDT,2017-04-21,1222.05,62.43,bull
BTCUSDT,2017-04-22,1231.71,63.93,bull
BTCUSDT,2017-04-23,1207.21,57.66,bull
BTCUSDT,2017-04-24,1250.15,64.27,bull
BTCUSDT,2017-04-25,1265.49,66.29,bull
BTCUSDT,2017-04-26,1281.08,68.26,bull
BTCUSDT,2017-04-27,1317.73,72.35,bull
BTCUSDT,2017-04-28,1316.48,72.01,bull
BTCUSDT,2017-04-29,1321.79,72.6,bull
BTCUSDT,2017-04-30,1347.89,75.35,bull
BTCUSDT,2017-05-01,1421.6,81.11,bull
BTCUSDT,2017-05-02,1452.82,82.93,bull
BTCUSDT,2017-05-03,1490.09,84.82,bull
BTCUSDT,2017-05-04,1537.67,86.81,bull
BTCUSDT,2017-05-05,1555.45,87.48,bull
BTCUSDT,2017-05-06,1578.8,88.31,bull
BTCUSDT,2017-05-07,1596.71,88.92,bull
BTCUSDT,2017-05-08,1723.35,92.06,bull
BTCUSDT,2017-05-09,1755.36,92.63,bull
BTCUSDT,2017-05-10,1787.13,93.16,bull
BTCUSDT,2017-05-11,1848.57,94.04,bull
BTCUSDT,2017-05-12,1724.24,73.39,bull
BTCUSDT,2017-05-13,1804.91,76.93,bull
BTCUSDT,2017-05-14,1808.91,77.09,bull
BTCUSDT,2017-05-15,1738.43,67.99,bull
BTCUSDT,2017-05-16,1734.45,67.51,sideways
BTCUSDT,2017-05-17,1839.09,72.96,bull
BTCUSDT,2017-05-18,1888.65,75.1,bull
BTCUSDT,2017-05-19,1987.71,78.71,bull
BTCUSDT,2017-05-20,2084.73,81.54,bull
BTCUSDT,2017-05-21,2041.2,76.62,bull
BTCUSDT,2017-05-22,2173.4,80.47,bull
BTCUSDT,2017-05-23,2320.42,83.69,bull
BTCUSDT,2017-05-24,2443.64,85.8,bull
BTCUSDT,2017-05-25,2304.98,74.17,bull
BTCUSDT,2017-05-26,2202.42,66.94,bull
BTCUSDT,2017-05-27,2038.87,57.34,bear
BTCUSDT,2017-05-28,2155.8,61.58,bull
BTCUSDT,2017-05-29,2255.61,64.8,bull
BTCUSDT,2017-05-30,2175.47,60.42,bear
BTCUSDT,2017-05-31,2286.41,64.04,bear
BTCUSDT,2017-06-01,2407.88,67.54,bull
BTCUSDT,2017-06-02,2488.55,69.65,bull
BTCUSDT,2017-06-03,2515.35,70.35,bull
BTCUSDT,2017-06-04,2511.81,70.12,bull
BTCUSDT,2017-06-05,2686.81,74.5,bull
BTCUSDT,2017-06-06,2863.2,78.0,bull
BTCUSDT,2017-06-07,2732.16,70.28,bull
BTCUSDT,2017-06-08,2805.62,71.96,bull
BTCUSDT,2017-06-09,2823.81,72.37,bull
BTCUSDT,2017-06-10,2947.71,75.08,bull
BTCUSDT,2017-06-11,2958.11,75.3,bull
BTCUSDT,2017-06-12,2659.63,59.22,bear
BTCUSDT,2017-06-13,2717.02,60.95,bear
BTCUSDT,2017-06-14,2506.37,52.21,bear
BTCUSDT,2017-06-15,2464.58,50.66,bear
BTCUSDT,2017-06-16,2518.56,52.62,bear
BTCUSDT,2017-06-17,2655.88,57.27,bear
BTCUSDT,2017-06-18,2548.29,52.89,bear
BTCUSDT,2017-06-19,2589.6,54.33,bear
BTCUSDT,2017-06-20,2721.79,58.69,bull
BTCUSDT,2017-06-21,2689.1,57.24,bull
BTCUSDT,2017-06-22,2705.41,57.8,bull
BTCUSDT,2017-06-23,2744.91,59.2,bull
BTCUSDT,2017-06-24,2608.72,52.71,bear
BTCUSDT,2017-06-25,2589.41,51.84,bull
BTCUSDT,2017-06-26,2478.45,47.05,bear
BTCUSDT,2017-06-27,2552.45,50.35,bear
BTCUSDT,2017-06-28,2574.79,51.33,bear
BTCUSDT,2017-06-29,2539.32,49.65,bear
BTCUSDT,2017-06-30,2480.84,46.91,bear
BTCUSDT,2017-07-01,2434.55,44.81,bear
BTCUSDT,2017-07-02,2506.47,48.66,bear
BTCUSDT,2017-07-03,2564.06,51.58,bull
BTCUSDT,2017-07-04,2601.64,53.43,bull
BTCUSDT,2017-07-05,2601.99,53.45,bull
BTCUSDT,2017-07-06,2608.56,53.81,bull
BTCUSDT,2017-07-07,2518.66,48.32,bull
BTCUSDT,2017-07-08,2571.34,51.44,bull
BTCUSDT,2017-07-09,2518.44,48.28,bull
BTCUSDT,2017-07-10,2372.56,40.84,bear
BTCUSDT,2017-07-11,2337.79,39.28,bear
BTCUSDT,2017-07-12,2398.84,43.36,bear
BTCUSDT,2017-07-13,2357.9,41.35,bear
BTCUSDT,2017-07-14,2233.34,35.91,bear
BTCUSDT,2017-07-15,1998.86,28.34,bear
BTCUSDT,2017-07-16,1929.82,26.57,bear
BTCUSDT,2017-07-17,2228.41,43.15,bear
BTCUSDT,2017-07-18,2318.88,47.05,bear
BTCUSDT,2017-07-19,2273.43,45.37,bear
BTCUSDT,2017-07-20,2817.6,62.62,bull
BTCUSDT,2017-07-21,2667.76,57.26,bull
BTCUSDT,2017-07-22,2810.12,60.7,bull
BTCUSDT,2017-07-23,2730.4,57.89,bull
BTCUSDT,2017-07-24,2754.86,58.52,bull
BTCUSDT,2017-07-25,2576.48,52.33,bull
BTCUSDT,2017-07-26,2529.45,50.8,bull
BTCUSDT,2017-07-27,2671.78,55.07,bear
BTCUSDT,2017-07-28,2809.01,58.79,bull
BTCUSDT,2017-07-29,2726.45,55.8,bear
BTCUSDT,2017-07-30,2757.18,56.68,bull
BTCUSDT,2017-07-31,2875.34,59.99,bull
BTCUSDT,2017-08-01,2718.26,54.08,bull
BTCUSDT,2017-08-02,2710.67,53.8,bull
BTCUSDT,2017-08-03,2804.73,56.75,bull
BTCUSDT,2017-08-04,2895.89,59.45,bull
BTCUSDT,2017-08-05,3252.91,67.9,bull
BTCUSDT,2017-08-06,3213.94,66.28,bull
BTCUSDT,2017-08-07,3378.94,69.59,bull
BTCUSDT,2017-08-08,3419.94,70.37,bull
BTCUSDT,2017-08-09,3342.47,66.88,bull
BTCUSDT,2017-08-10,3381.28,67.74,bull
BTCUSDT,2017-08-11,3650.62,73.0,bull
BTCUSDT,2017-08-12,3884.71,76.57,bull
BTCUSDT,2017-08-13,4073.26,78.99,bull
BTCUSDT,2017-08-14,4325.13,81.7,bull
BTCUSDT,2017-08-15,4181.93,75.72,bull
BTCUSDT,2017-08-16,4376.63,78.07,bull
BTCUSDT,2017-08-17,4331.69,76.23,bull
BTCUSDT,2017-08-18,4160.62,69.53,bull
BTCUSDT,2017-08-19,4193.7,70.08,bull
BTCUSDT,2017-08-20,4087.66,65.99,bull
BTCUSDT,2017-08-21,4001.74,62.79,bear
BTCUSDT,2017-08-22,4100.52,64.89,bear
BTCUSDT,2017-08-23,4151.52,65.97,bear
BTCUSDT,2017-08-24,4334.68,69.56,bull
BTCUSDT,2017-08-25,4371.6,70.24,bull
BTCUSDT,2017-08-26,4352.4,69.37,bull
BTCUSDT,2017-08-27,4382.88,70.01,bull
BTCUSDT,2017-08-28,4382.66,70.0,bull
BTCUSDT,2017-08-29,4579.02,74.02,bull
BTCUSDT,2017-08-30,4565.3,73.28,bull
BTCUSDT,2017-08-31,4703.39,75.9,bull
BTCUSDT,2017-09-01,4892.01,78.93,bull
BTCUSDT,2017-09-02,4578.77,64.44,bull
BTCUSDT,2017-09-03,4582.96,64.53,bull
BTCUSDT,2017-09-04,4236.31,52.25,sideways
BTCUSDT,2017-09-05,4376.53,55.9,sideways
BTCUSDT,2017-09-06,4597.12,60.97,bull
BTCUSDT,2017-09-07,4599.88,61.03,bear
BTCUSDT,2017-09-08,4228.75,49.87,bear
BTCUSDT,2017-09-09,4226.06,49.8,bear
BTCUSDT,2017-09-10,4122.94,47.03,bear
BTCUSDT,2017-09-11,4161.27,48.19,bear
BTCUSDT,2017-09-12,4130.81,47.31,bear
BTCUSDT,2017-09-13,3882.59,40.77,bear
BTCUSDT,2017-09-14,3154.95,28.38,bear
BTCUSDT,2017-09-15,3637.52,41.15,bear
BTCUSDT,2017-09-16,3625.04,40.95,bear
BTCUSDT,2017-09-17,3582.88,40.22,bear
BTCUSDT,2017-09-18,4065.2,50.91,bear
BTCUSDT,2017-09-19,3924.97,48.21,bear
BTCUSDT,2017-09-20,3905.95,47.84,bull
BTCUSDT,2017-09-21,3631.04,42.73,bull
BTCUSDT,2017-09-22,3630.7,42.72,bear
BTCUSDT,2017-09-23,3792.4,46.61,bull
BTCUSDT,2017-09-24,3682.84,44.41,bull
BTCUSDT,2017-09-25,3926.07,50.05,bear
BTCUSDT,2017-09-26,3892.35,49.3,bear
BTCUSDT,2017-09-27,4200.67,55.79,bull
BTCUSDT,2017-09-28,4174.73,55.15,bull
BTCUSDT,2017-09-29,4163.07,54.85,bull
BTCUSDT,2017-09-30,4338.71,58.56,bull
BTCUSDT,2017-10-01,4403.74,59.88,bull
BTCUSDT,2017-10-02,4409.32,59.99,bull
BTCUSDT,2017-10-03,4317.48,57.04,bull
BTCUSDT,2017-10-04,4229.36,54.27,bull
BTCUSDT,2017-10-05,4328.41,56.81,bull
BTCUSDT,2017-10-06,4370.81,57.88,bull
BTCUSDT,2017-10-07,4426.89,59.32,bull
BTCUSDT,2017-10-08,4610.48,63.71,bull
BTCUSDT,2017-10-09,4772.02,67.07,bull
BTCUSDT,2017-10-10,4781.99,67.27,bull
BTCUSDT,2017-10-11,4826.48,68.21,bull
BTCUSDT,2017-10-12,5446.91,77.75,bull
BTCUSDT,2017-10-13,5647.21,79.85,bull
BTCUSDT,2017-10-14,5831.79,81.58,bull
BTCUSDT,2017-10-15,5678.19,75.76,bull
BTCUSDT,2017-10-16,5725.59,76.32,bull
BTCUSDT,2017-10-17,5605.51,71.78,bull
BTCUSDT,2017-10-18,5590.69,71.22,bull
BTCUSDT,2017-10-19,5708.52,73.03,bull
BTCUSDT,2017-10-20,6011.45,77.03,bull
BTCUSDT,2017-10-21,6031.6,77.27,bull
BTCUSDT,2017-10-22,6008.42,76.28,bull
BTCUSDT,2017-10-23,5930.32,72.88,bull
BTCUSDT,2017-10-24,5526.64,58.39,bear
BTCUSDT,2017-10-25,5750.8,62.81,bull
BTCUSDT,2017-10-26,5904.83,65.52,bull
BTCUSDT,2017-10-27,5780.9,61.63,bear
BTCUSDT,2017-10-28,5753.09,60.76,bear
BTCUSDT,2017-10-29,6153.85,67.83,bull
BTCUSDT,2017-10-30,6130.53,67.07,bull
BTCUSDT,2017-10-31,6468.4,71.95,bull
BTCUSDT,2017-11-01,6767.31,75.42,bull
BTCUSDT,2017-11-02,7078.5,78.42,bull
BTCUSDT,2017-11-03,7207.76,79.54,bull
BTCUSDT,2017-11-04,7379.95,80.95,bull
BTCUSDT,2017-11-05,7407.41,81.17,bull
BTCUSDT,2017-11-06,7022.76,68.98,bull
BTCUSDT,2017-11-07,7144.38,70.49,bull
BTCUSDT,2017-11-08,7459.69,74.02,bull
BTCUSDT,2017-11-09,7143.58,65.55,bull
BTCUSDT,2017-11-10,6618.14,54.41,bear
BTCUSDT,2017-11-11,6357.6,49.88,bear
BTCUSDT,2017-11-12,5950.07,43.75,bear
BTCUSDT,2017-11-13,6559.49,53.05,bear
BTCUSDT,2017-11-14,6635.75,54.07,bear
BTCUSDT,2017-11-15,7315.54,62.01,bear
BTCUSDT,2017-11-16,7871.69,67.04,bull
BTCUSDT,2017-11-17,7708.99,64.36,bull
BTCUSDT,2017-11-18,7790.15,65.11,bull
BTCUSDT,2017-11-19,8036.49,67.35,bull
BTCUSDT,2017-11-20,8200.64,68.79,bull
BTCUSDT,2017-11-21,8071.26,66.31,bull
BTCUSDT,2017-11-22,8253.55,68.06,bull
BTCUSDT,2017-11-23,8038.77,63.85,bull
BTCUSDT,2017-11-24,8253.69,66.11,bull
BTCUSDT,2017-11-25,8790.92,70.99,bull
BTCUSDT,2017-11-26,9330.55,74.89,bull
BTCUSDT,2017-11-27,9818.35,77.81,bull
BTCUSDT,2017-11-28,10058.8,79.09,bull
BTCUSDT,2017-11-29,9888.61,75.74,bull
BTCUSDT,2017-11-30,10233.6,77.8,bull
BTCUSDT,2017-12-01,10975.6,81.43,bull
BTCUSDT,2017-12-02,11074.6,81.86,bull
BTCUSDT,2017-12-03,11323.2,82.92,bull
BTCUSDT,2017-12-04,11657.2,84.26,bull
BTCUSDT,2017-12-05,11916.7,85.22,bull
BTCUSDT,2017-12-06,14291.5,90.79,bull
BTCUSDT,2017-12-07,17899.7,94.3,bull
BTCUSDT,2017-12-08,16569.4,81.9,bull
BTCUSDT,2017-12-09,15178.2,71.34,bull
BTCUSDT,2017-12-10,15455.4,72.11,bull
BTCUSDT,2017-12-11,16936.8,75.85,bull
BTCUSDT,2017-12-12,17415.4,76.93,bull
BTCUSDT,2017-12-13,16408.2,69.86,bull
BTCUSDT,2017-12-14,16564.0,70.32,bear
BTCUSDT,2017-12-15,17706.9,73.48,bull
BTCUSDT,2017-12-16,19497.4,77.51,bull
BTCUSDT,2017-12-17,19140.8,75.06,bull
BTCUSDT,2017-12-18,19114.2,74.87,bull
BTCUSDT,2017-12-19,17776.7,65.84,bull
BTCUSDT,2017-12-20,16624.6,59.22,bull
BTCUSDT,2017-12-21,15802.9,54.97,bear
BTCUSDT,2017-12-22,13831.8,46.38,bear
BTCUSDT,2017-12-23,14699.2,50.08,bear
BTCUSDT,2017-12-24,13925.8,46.97,bear
BTCUSDT,2017-12-25,14026.6,47.42,bear
BTCUSDT,2017-12-26,16099.8,55.87,bear
BTCUSDT,2017-12-27,15838.5,54.68,bear
BTCUSDT,2017-12-28,14606.5,49.33,bear
BTCUSDT,2017-12-29,14656.2,49.55,bull
BTCUSDT,2017-12-30,12952.2,42.85,bear
BTCUSDT,2017-12-31,14156.4,48.18,bull
BTCUSDT,2018-01-01,13657.2,46.26,bear
BTCUSDT,2018-01-02,14982.1,51.77,bear
BTCUSDT,2018-01-03,15201.0,52.63,bear
BTCUSDT,2018-01-04,15599.2,54.23,bull
BTCUSDT,2018-01-05,17429.5,60.81,bull
BTCUSDT,2018-01-06,17527.0,61.13,bull
BTCUSDT,2018-01-07,16477.6,55.84,bull
BTCUSDT,2018-01-08,15170.1,50.03,bull
BTCUSDT,2018-01-09,14595.4,47.68,bear
BTCUSDT,2018-01-10,14973.3,49.36,bear
BTCUSDT,2018-01-11,13405.8,43.16,bear
BTCUSDT,2018-01-12,13980.6,45.85,bear
BTCUSDT,2018-01-13,14360.2,47.61,bear
BTCUSDT,2018-01-14,13772.0,45.16,bear
BTCUSDT,2018-01-15,13819.8,45.4,bear
BTCUSDT,2018-01-16,11490.5,36.75,bear
BTCUSDT,2018-01-17,11188.6,35.8,bear
BTCUSDT,2018-01-18,11474.9,37.45,bear
BTCUSDT,2018-01-19,11607.4,38.25,bear
BTCUSDT,2018-01-20,12899.2,45.51,bear
BTCUSDT,2018-01-21,11600.1,40.37,bear
BTCUSDT,2018-01-22,10931.4,37.99,bear
BTCUSDT,2018-01-23,10868.4,37.76,bear
BTCUSDT,2018-01-24,11359.4,40.72,bull
BTCUSDT,2018-01-25,11259.4,40.3,bear
BTCUSDT,2018-01-26,11171.4,39.91,bear
BTCUSDT,2018-01-27,11440.7,41.77,bear
BTCUSDT,2018-01-28,11786.3,44.15,bull
BTCUSDT,2018-01-29,11296.4,41.55,bull
BTCUSDT,2018-01-30,10106.3,36.01,bear
BTCUSDT,2018-01-31,10221.1,36.88,bear
BTCUSDT,2018-02-01,9170.54,32.51,bear
BTCUSDT,2018-02-02,8830.75,31.21,bear
BTCUSDT,2018-02-03,9174.91,34.07,bear
BTCUSDT,2018-02-04,8277.01,30.51,bear
BTCUSDT,2018-02-05,6955.27,26.18,bear
BTCUSDT,2018-02-06,7754.0,32.42,bear
BTCUSDT,2018-02-07,7621.3,31.94,bear
BTCUSDT,2018-02-08,8265.59,36.87,bear
BTCUSDT,2018-02-09,8736.98,40.27,bear
BTCUSDT,2018-02-10,8621.9,39.71,bear
BTCUSDT,2018-02-11,8129.97,37.31,bear
BTCUSDT,2018-02-12,8926.57,43.29,bull
BTCUSDT,2018-02-13,8598.31,41.53,bull
BTCUSDT,2018-02-14,9494.63,47.77,bull
BTCUSDT,2018-02-15,10166.4,51.91,bull
BTCUSDT,2018-02-16,10233.9,52.32,bull
BTCUSDT,2018-02-17,11112.7,57.4,bull
BTCUSDT,2018-02-18,10551.8,53.48,bull
BTCUSDT,2018-02-19,11225.3,57.25,bull
BTCUSDT,2018-02-20,11403.7,58.22,bull
BTCUSDT,2018-02-21,10690.4,53.06,bull
BTCUSDT,2018-02-22,10005.0,48.59,bear
BTCUSDT,2018-02-23,10301.1,50.53,bear
BTCUSDT,2018-02-24,9813.07,47.36,bear
BTCUSDT,2018-02-25,9664.73,46.41,bear
BTCUSDT,2018-02-26,10366.7,51.39,bear
BTCUSDT,2018-02-27,10725.6,53.75,bear
BTCUSDT,2018-02-28,10397.9,51.3,bear
BTCUSDT,2018-03-01,10951.0,55.03,bull
BTCUSDT,2018-03-02,11086.4,55.92,bull
BTCUSDT,2018-03-03,11489.7,58.56,bull
BTCUSDT,2018-03-04,11512.6,58.71,bull
BTCUSDT,2018-03-05,11573.3,59.13,bull
BTCUSDT,2018-03-06,10779.9,51.66,bull
BTCUSDT,2018-03-07,9965.57,45.32,bear
BTCUSDT,2018-03-08,9395.01,41.48,bear
BTCUSDT,2018-03-09,9337.55,41.11,bear
BTCUSDT,2018-03-10,8866.0,38.05,bear
BTCUSDT,2018-03-11,9578.63,44.74,bear
BTCUSDT,2018-03-12,9205.12,42.17,bear
BTCUSDT,2018-03-13,9194.85,42.1,bear
BTCUSDT,2018-03-14,8269.81,36.14,bear
BTCUSDT,2018-03-15,8300.86,36.47,bear
BTCUSDT,2018-03-16,8338.35,36.88,bear
BTCUSDT,2018-03-17,7916.88,34.16,bear
BTCUSDT,2018-03-18,8223.68,37.76,bear
BTCUSDT,2018-03-19,8630.65,42.27,bear
BTCUSDT,2018-03-20,8913.47,45.23,bear
BTCUSDT,2018-03-21,8929.28,45.4,bull
BTCUSDT,2018-03-22,8728.47,43.57,bull
BTCUSDT,2018-03-23,8879.62,45.36,bull
BTCUSDT,2018-03-24,8668.12,43.29,bull
BTCUSDT,2018-03-25,8495.78,41.62,bull
BTCUSDT,2018-03-26,8209.4,38.93,bear
BTCUSDT,2018-03-27,7833.04,35.67,bear
BTCUSDT,2018-03-28,7954.48,37.49,bear
BTCUSDT,2018-03-29,7165.7,31.3,bear
BTCUSDT,2018-03-30,6890.52,29.48,bear
BTCUSDT,2018-03-31,6973.53,30.79,bear
BTCUSDT,2018-04-01,6844.23,29.86,bear
BTCUSDT,2018-04-02,7083.8,33.85,bear
BTCUSDT,2018-04-03,7456.11,39.61,bear
BTCUSDT,2018-04-04,6853.84,34.39,bear
BTCUSDT,2018-04-05,6811.47,34.06,bear
BTCUSDT,2018-04-06,6636.32,32.62,bear
BTCUSDT,2018-04-07,6911.09,37.1,bear
BTCUSDT,2018-04-08,7023.52,38.89,bull
BTCUSDT,2018-04-09,6770.73,36.38,bear
BTCUSDT,2018-04-10,6834.76,37.48,bear
BTCUSDT,2018-04-11,6968.32,39.81,bull
BTCUSDT,2018-04-12,7889.25,52.88,bull
BTCUSDT,2018-04-13,7895.96,52.96,bull
BTCUSDT,2018-04-14,7986.24,54.09,bull
BTCUSDT,2018-04-15,8329.11,58.21,bull
BTCUSDT,2018-04-16,8058.67,54.09,bull
BTCUSDT,2018-04-17,7902.09,51.81,bull
BTCUSDT,2018-04-18,8163.42,55.21,bull
BTCUSDT,2018-04-19,8294.31,56.85,bull
BTCUSDT,2018-04-20,8845.83,63.0,bull
BTCUSDT,2018-04-21,8895.58,63.51,bull
BTCUSDT,2018-04-22,8802.46,61.8,bull
BTCUSDT,2018-04-23,8930.88,63.27,bull
BTCUSDT,2018-04-24,9697.5,70.52,bull
BTCUSDT,2018-04-25,8845.74,57.04,bull
BTCUSDT,2018-04-26,9281.51,61.14,bull
BTCUSDT,2018-04-27,8987.05,57.17,bull
BTCUSDT,2018-04-28,9348.48,60.55,bull
BTCUSDT,2018-04-29,9419.08,61.2,bull
BTCUSDT,2018-04-30,9240.55,58.59,bull
BTCUSDT,2018-05-01,9119.01,56.82,bear
BTCUSDT,2018-05-02,9235.92,58.13,bull
BTCUSDT,2018-05-03,9743.86,63.35,bull
BTCUSDT,2018-05-04,9700.76,62.63,bull
BTCUSDT,2018-05-05,9858.15,64.22,bull
BTCUSDT,2018-05-06,9654.8,60.64,bull
BTCUSDT,2018-05-07,9373.01,55.99,bull
BTCUSDT,2018-05-08,9234.82,53.81,bull
BTCUSDT,2018-05-09,9325.18,55.04,bull
BTCUSDT,2018-05-10,9043.94,50.52,bear
BTCUSDT,2018-05-11,8441.49,42.47,bear
BTCUSDT,2018-05-12,8504.89,43.49,bear
BTCUSDT,2018-05-13,8723.94,46.99,bear
BTCUSDT,2018-05-14,8716.79,46.89,bear
BTCUSDT,2018-05-15,8510.38,43.92,bear
BTCUSDT,2018-05-16,8368.83,41.96,bear
BTCUSDT,2018-05-17,8094.32,38.39,bear
BTCUSDT,2018-05-18,8250.97,41.45,sideways
BTCUSDT,2018-05-19,8247.18,41.4,sideways
BTCUSDT,2018-05-20,8513.25,46.63,sideways
BTCUSDT,2018-05-21,8418.99,45.09,sideways
BTCUSDT,2018-05-22,8041.78,39.49,sideways
BTCUSDT,2018-05-23,7557.82,33.71,bear
BTCUSDT,2018-05-24,7587.34,34.34,bear
BTCUSDT,2018-05-25,7480.14,33.11,bear
BTCUSDT,2018-05-26,7355.88,31.68,bear
BTCUSDT,2018-05-27,7368.22,32.0,bear
BTCUSDT,2018-05-28,7135.99,29.28,bear
BTCUSDT,2018-05-29,7472.59,37.55,bear
BTCUSDT,2018-05-30,7406.52,36.64,sideways
BTCUSDT,2018-05-31,7494.17,38.75,sideways
BTCUSDT,2018-06-01,7541.45,39.91,bull
BTCUSDT,2018-06-02,7643.45,42.45,bull
BTCUSDT,2018-06-03,7720.25,44.36,bull
BTCUSDT,2018-06-04,7514.47,40.49,bull
BTCUSDT,2018-06-05,7633.76,43.56,bull
BTCUSDT,2018-06-06,7653.98,44.09,bull
BTCUSDT,2018-06-07,7678.24,44.75,bull
BTCUSDT,2018-06-08,7624.92,43.53,bull
BTCUSDT,2018-06-09,7531.98,41.39,bear
BTCUSDT,2018-06-10,6786.02,29.08,bear
BTCUSDT,2018-06-11,6906.92,32.58,bear
BTCUSDT,2018-06-12,6582.36,28.51,bear
BTCUSDT,2018-06-13,6349.9,26.01,bear
BTCUSDT,2018-06-14,6675.35,34.66,bear
BTCUSDT,2018-06-15,6456.58,31.96,bear
BTCUSDT,2018-06-16,6550.16,34.32,bear
BTCUSDT,2018-06-17,6499.27,33.64,bear
BTCUSDT,2018-06-18,6734.82,39.63,bear
BTCUSDT,2018-06-19,6769.94,40.49,bull
BTCUSDT,2018-06-20,6776.55,40.67,bull
BTCUSDT,2018-06-21,6729.74,39.79,bull
BTCUSDT,2018-06-22,6083.69,30.13,bear
BTCUSDT,2018-06-23,6162.48,32.29,bear
BTCUSDT,2018-06-24,6173.23,32.6,bear
BTCUSDT,2018-06-25,6249.18,34.84,bear
BTCUSDT,2018-06-26,6093.67,32.46,bear
BTCUSDT,2018-06-27,6157.13,34.43,bear
BTCUSDT,2018-06-28,5903.44,30.59,bear
BTCUSDT,2018-06-29,6218.3,39.59,bull
BTCUSDT,2018-06-30,6404.0,44.18,bull
BTCUSDT,2018-07-01,6385.82,43.83,bull
BTCUSDT,2018-07-02,6614.18,49.29,bull
BTCUSDT,2018-07-03,6529.59,47.45,bull
BTCUSDT,2018-07-04,6597.55,49.1,bull
BTCUSDT,2018-07-05,6639.14,50.12,bull
BTCUSDT,2018-07-06,6673.5,51.0,bull
BTCUSDT,2018-07-07,6856.93,55.52,bull
BTCUSDT,2018-07-08,6773.88,53.13,bull
BTCUSDT,2018-07-09,6741.75,52.2,bull
BTCUSDT,2018-07-10,6329.95,42.0,sideways
BTCUSDT,2018-07-11,6394.71,43.85,sideways
BTCUSDT,2018-07-12,6228.81,40.29,sideways
BTCUSDT,2018-07-13,6238.05,40.58,sideways
BTCUSDT,2018-07-14,6276.12,41.83,sideways
BTCUSDT,2018-07-15,6359.64,44.59,sideways
BTCUSDT,2018-07-16,6741.75,55.08,bull
BTCUSDT,2018-07-17,7321.04,65.68,bull
BTCUSDT,2018-07-18,7370.78,66.42,bull
BTCUSDT,2018-07-19,7466.86,67.85,bull
BTCUSDT,2018-07-20,7354.13,64.38,bull
BTCUSDT,2018-07-21,7419.29,65.48,bull
BTCUSDT,2018-07-22,7418.49,65.45,bull
BTCUSDT,2018-07-23,7711.11,70.22,bull
BTCUSDT,2018-07-24,8424.27,78.15,bull
BTCUSDT,2018-07-25,8181.39,71.2,bull
BTCUSDT,2018-07-26,7951.58,65.28,bull
BTCUSDT,2018-07-27,8165.01,67.95,bull
BTCUSDT,2018-07-28,8192.15,68.28,bull
BTCUSDT,2018-07-29,8218.46,68.62,bull
BTCUSDT,2018-07-30,8180.48,67.49,bull
BTCUSDT,2018-07-31,7780.44,56.9,bear
BTCUSDT,2018-08-01,7624.91,53.39,bear
BTCUSDT,2018-08-02,7567.15,52.1,bear
BTCUSDT,2018-08-03,7434.39,49.17,bear
BTCUSDT,2018-08-04,7032.85,41.56,bear
BTCUSDT,2018-08-05,7068.48,42.41,bear
BTCUSDT,2018-08-06,6951.8,40.34,bear
BTCUSDT,2018-08-07,6753.12,37.02,bear
BTCUSDT,2018-08-08,6305.8,30.86,bear
BTCUSDT,2018-08-09,6568.23,37.44,bear
BTCUSDT,2018-08-10,6184.71,32.56,bear
BTCUSDT,2018-08-11,6295.73,35.19,bear
BTCUSDT,2018-08-12,6322.69,35.85,bear
BTCUSDT,2018-08-13,6297.57,35.49,bear
BTCUSDT,2018-08-14,6199.71,34.06,bear
BTCUSDT,2018-08-15,6308.52,37.1,bull
BTCUSDT,2018-08-16,6334.73,37.84,sideways
BTCUSDT,2018-08-17,6580.63,44.47,bull
BTCUSDT,2018-08-18,6423.76,41.44,bull
BTCUSDT,2018-08-19,6506.07,43.61,bull
BTCUSDT,2018-08-20,6308.53,39.79,bull
BTCUSDT,2018-08-21,6488.76,44.56,bull
BTCUSDT,2018-08-22,6376.71,42.32,bull
BTCUSDT,2018-08-23,6534.88,46.42,bull
BTCUSDT,2018-08-24,6719.96,50.83,bull
BTCUSDT,2018-08-25,6763.19,51.83,bull
BTCUSDT,2018-08-26,6707.26,50.4,bull
BTCUSDT,2018-08-27,6884.64,54.66,bull
BTCUSDT,2018-08-28,7096.28,59.16,bull
BTCUSDT,2018-08-29,7047.16,57.73,bull
BTCUSDT,2018-08-30,6978.23,55.69,bull
BTCUSDT,2018-08-31,7037.58,57.1,bull
BTCUSDT,2018-09-01,7193.25,60.62,bull
BTCUSDT,2018-09-02,7272.72,62.32,bull
BTCUSDT,2018-09-03,7260.06,61.87,bull
BTCUSDT,2018-09-04,7361.66,64.15,bull
BTCUSDT,2018-09-05,6792.83,47.14,sideways
BTCUSDT,2018-09-06,6529.17,41.63,sideways
BTCUSDT,2018-09-07,6467.07,40.44,bear
BTCUSDT,2018-09-08,6225.98,36.09,bear
BTCUSDT,2018-09-09,6300.86,38.31,bear
BTCUSDT,2018-09-10,6329.7,39.18,bear
BTCUSDT,2018-09-11,6321.2,39.01,bear
BTCUSDT,2018-09-12,6351.8,40.05,bear
BTCUSDT,2018-09-13,6517.31,45.47,bear
BTCUSDT,2018-09-14,6512.71,45.35,bull
BTCUSDT,2018-09-15,6543.2,46.38,bull
BTCUSDT,2018-09-16,6517.18,45.59,bull
BTCUSDT,2018-09-17,6281.2,39.07,sideways
BTCUSDT,2018-09-18,6371.3,42.46,bull
BTCUSDT,2018-09-19,6398.54,43.48,bull
BTCUSDT,2018-09-20,6519.67,47.91,bull
BTCUSDT,2018-09-21,6734.95,54.7,bull
BTCUSDT,2018-09-22,6721.98,54.24,bull
BTCUSDT,2018-09-23,6710.63,53.82,bull
BTCUSDT,2018-09-24,6595.41,49.57,bull
BTCUSDT,2018-09-25,6446.47,44.65,bull
BTCUSDT,2018-09-26,6495.0,46.51,bull
BTCUSDT,2018-09-27,6676.75,52.9,bull
BTCUSDT,2018-09-28,6644.13,51.71,sideways
BTCUSDT,2018-09-29,6601.96,50.13,sideways
BTCUSDT,2018-09-30,6625.56,51.03,sideways
BTCUSDT,2018-10-01,6589.62,49.57,sideways
BTCUSDT,2018-10-02,6556.1,48.18,bull
BTCUSDT,2018-10-03,6502.59,45.96,bull
BTCUSDT,2018-10-04,6576.69,49.43,sideways
BTCUSDT,2018-10-05,6622.48,51.5,sideways
BTCUSDT,2018-10-06,6588.31,49.86,sideways
BTCUSDT,2018-10-07,6602.95,50.58,sideways
BTCUSDT,2018-10-08,6652.23,53.05,bull
BTCUSDT,2018-10-09,6642.64,52.5,bull
BTCUSDT,2018-10-10,6585.53,49.23,bull
BTCUSDT,2018-10-11,6256.24,35.51,sideways
BTCUSDT,2018-10-12,6274.58,36.57,sideways
BTCUSDT,2018-10-13,6285.99,37.27,sideways
BTCUSDT,2018-10-14,6290.93,37.58,sideways
BTCUSDT,2018-10-15,6596.54,53.31,sideways
BTCUSDT,2018-10-16,6596.11,53.28,sideways
BTCUSDT,2018-10-17,6544.43,50.78,sideways
BTCUSDT,2018-10-18,6476.71,47.62,bull
BTCUSDT,2018-10-19,6465.41,47.09,bull
BTCUSDT,2018-10-20,6489.19,48.38,bull
BTCUSDT,2018-10-21,6482.35,48.02,bull
BTCUSDT,2018-10-22,6487.16,48.31,sideways
BTCUSDT,2018-10-23,6475.74,47.62,sideways
BTCUSDT,2018-10-24,6495.84,49.0,sideways
BTCUSDT,2018-10-25,6476.29,47.69,sideways
BTCUSDT,2018-10-26,6474.75,47.58,bull
BTCUSDT,2018-10-27,6480.38,48.04,sideways
BTCUSDT,2018-10-28,6486.39,48.57,sideways
BTCUSDT,2018-10-29,6332.63,38.0,sideways
BTCUSDT,2018-10-30,6334.27,38.16,sideways
BTCUSDT,2018-10-31,6317.61,37.14,sideways
BTCUSDT,2018-11-01,6377.78,43.03,sideways
BTCUSDT,2018-11-02,6388.44,44.03,sideways
BTCUSDT,2018-11-03,6361.26,42.0,sideways
BTCUSDT,2018-11-04,6376.13,43.53,sideways
BTCUSDT,2018-11-05,6419.66,47.86,bull
BTCUSDT,2018-11-06,6461.01,51.66,bull
BTCUSDT,2018-11-07,6530.14,57.26,bull
BTCUSDT,2018-11-08,6453.72,50.32,bull
BTCUSDT,2018-11-09,6385.62,45.08,sideways
BTCUSDT,2018-11-10,6409.22,47.13,bull
BTCUSDT,2018-11-11,6411.27,47.32,bull
BTCUSDT,2018-11-12,6371.27,44.08,sideways
BTCUSDT,2018-11-13,6359.49,43.15,sideways
BTCUSDT,2018-11-14,5738.35,19.57,bear
BTCUSDT,2018-11-15,5648.03,18.03,bear
BTCUSDT,2018-11-16,5575.55,16.88,bear
BTCUSDT,2018-11-17,5554.33,16.55,bear
BTCUSDT,2018-11-18,5623.54,21.95,bear
BTCUSDT,2018-11-19,4871.49,12.49,bear
BTCUSDT,2018-11-20,4451.87,9.92,bear
BTCUSDT,2018-11-21,4602.17,16.54,bear
BTCUSDT,2018-11-22,4365.94,14.71,bear
BTCUSDT,2018-11-23,4347.11,14.57,bear
BTCUSDT,2018-11-24,3880.76,11.65,bear
BTCUSDT,2018-11-25,4009.97,16.64,bear
BTCUSDT,2018-11-26,3779.13,15.01,bear
BTCUSDT,2018-11-27,3820.72,16.6,bear
BTCUSDT,2018-11-28,4257.42,31.13,bear
BTCUSDT,2018-11-29,4278.85,31.76,bear
BTCUSDT,2018-11-30,4017.27,28.36,bear
BTCUSDT,2018-12-01,4214.67,34.09,bull
BTCUSDT,2018-12-02,4139.88,33.02,bull
BTCUSDT,2018-12-03,3894.13,29.69,bull
BTCUSDT,2018-12-04,3956.89,31.59,bull
BTCUSDT,2018-12-05,3753.99,28.88,bear
BTCUSDT,2018-12-06,3521.1,26.11,bear
BTCUSDT,2018-12-07,3419.94,24.99,bear
BTCUSDT,2018-12-08,3476.11,26.87,bear
BTCUSDT,2018-12-09,3614.23,31.41,bear
BTCUSDT,2018-12-10,3502.66,29.8,bear
BTCUSDT,2018-12-11,3424.59,28.69,bear
BTCUSDT,2018-12-12,3486.95,30.9,bear
BTCUSDT,2018-12-13,3313.68,28.28,bear
BTCUSDT,2018-12-14,3242.48,27.25,bear
BTCUSDT,2018-12-15,3236.76,27.17,bear
BTCUSDT,2018-12-16,3252.84,27.85,bear
BTCUSDT,2018-12-17,3545.86,39.06,bull
BTCUSDT,2018-12-18,3696.06,43.87,bull
BTCUSDT,2018-12-19,3745.95,45.41,bull
BTCUSDT,2018-12-20,4134.44,55.63,bull
BTCUSDT,2018-12-21,3896.54,49.52,bull
BTCUSDT,2018-12-22,4014.18,52.31,bull
BTCUSDT,2018-12-23,3998.98,51.91,bull
BTCUSDT,2018-12-24,4078.6,53.89,bull
BTCUSDT,2018-12-25,3815.49,46.99,bull
BTCUSDT,2018-12-26,3857.3,48.13,bull
BTCUSDT,2018-12-27,3654.83,43.28,bear
BTCUSDT,2018-12-28,3923.92,50.42,bull
BTCUSDT,2018-12-29,3820.41,47.92,bear
BTCUSDT,2018-12-30,3865.95,49.12,bear
BTCUSDT,2018-12-31,3742.7,46.04,bear
BTCUSDT,2019-01-01,3843.52,48.86,bull
BTCUSDT,2019-01-02,3943.41,51.57,bull
BTCUSDT,2019-01-03,3836.74,48.61,bull
BTCUSDT,2019-01-04,3857.72,49.23,bear
BTCUSDT,2019-01-05,3845.19,48.85,bull
BTCUSDT,2019-01-06,4076.63,55.61,bull
BTCUSDT,2019-01-07,4025.25,53.91,bull
BTCUSDT,2019-01-08,4030.85,54.07,bull
BTCUSDT,2019-01-09,4035.3,54.21,bull
BTCUSDT,2019-01-10,3678.92,42.9,bear
BTCUSDT,2019-01-11,3687.37,43.21,bear
BTCUSDT,2019-01-12,3661.3,42.46,bear
BTCUSDT,2019-01-13,3552.95,39.41,bear
BTCUSDT,2019-01-14,3706.05,45.38,bear
BTCUSDT,2019-01-15,3630.68,43.13,bear
BTCUSDT,2019-01-16,3655.01,44.09,bear
BTCUSDT,2019-01-17,3678.56,45.06,bear
BTCUSDT,2019-01-18,3657.84,44.33,bear
BTCUSDT,2019-01-19,3728.57,47.46,bull
BTCUSDT,2019-01-20,3601.01,42.79,bull
BTCUSDT,2019-01-21,3576.03,41.92,sideways
BTCUSDT,2019-01-22,3604.58,43.34,sideways
BTCUSDT,2019-01-23,3585.12,42.58,sideways
BTCUSDT,2019-01-24,3600.87,43.44,sideways
BTCUSDT,2019-01-25,3599.77,43.39,sideways
BTCUSDT,2019-01-26,3602.46,43.56,sideways
BTCUSDT,2019-01-27,3583.97,42.62,sideways
BTCUSDT,2019-01-28,3470.45,37.3,sideways
BTCUSDT,2019-01-29,3448.12,36.33,sideways
BTCUSDT,2019-01-30,3486.18,39.21,sideways
BTCUSDT,2019-01-31,3457.79,37.84,sideways
BTCUSDT,2019-02-01,3487.95,40.23,sideways
BTCUSDT,2019-02-02,3521.06,42.84,sideways
BTCUSDT,2019-02-03,3464.01,39.63,sideways
BTCUSDT,2019-02-04,3459.15,39.36,sideways
BTCUSDT,2019-02-05,3466.36,40.02,bull
BTCUSDT,2019-02-06,3413.77,36.89,sideways
BTCUSDT,2019-02-07,3399.47,36.07,sideways
BTCUSDT,2019-02-08,3666.78,55.9,bull
BTCUSDT,2019-02-09,3671.2,56.14,bull
BTCUSDT,2019-02-10,3690.19,57.23,bull
BTCUSDT,2019-02-11,3648.43,54.06,bull
BTCUSDT,2019-02-12,3653.53,54.39,bull
BTCUSDT,2019-02-13,3632.07,52.66,bull
BTCUSDT,2019-02-14,3616.88,51.42,bull
BTCUSDT,2019-02-15,3620.81,51.73,sideways
BTCUSDT,2019-02-16,3629.79,52.5,sideways
BTCUSDT,2019-02-17,3673.84,56.17,sideways
BTCUSDT,2019-02-18,3915.71,69.91,bull
BTCUSDT,2019-02-19,3947.09,71.18,bull
BTCUSDT,2019-02-20,3999.82,73.21,bull
BTCUSDT,2019-02-21,3954.12,68.68,bull
BTCUSDT,2019-02-22,4005.53,70.87,bull
BTCUSDT,2019-02-23,4142.53,75.72,bull
BTCUSDT,2019-02-24,3810.43,52.77,bull
BTCUSDT,2019-02-25,3882.7,55.9,sideways
BTCUSDT,2019-02-26,3854.36,54.38,sideways
BTCUSDT,2019-02-27,3851.05,54.19,sideways
BTCUSDT,2019-02-28,3854.79,54.38,sideways
BTCUSDT,2019-03-01,3859.58,54.64,sideways
BTCUSDT,2019-03-02,3864.42,54.92,sideways
BTCUSDT,2019-03-03,3847.18,53.66,bull
BTCUSDT,2019-03-04,3761.56,47.78,sideways
BTCUSDT,2019-03-05,3896.38,55.96,bull
BTCUSDT,2019-03-06,3903.94,56.37,bull
BTCUSDT,2019-03-07,3911.48,56.81,bull
BTCUSDT,2019-03-08,3901.13,55.98,bull
BTCUSDT,2019-03-09,3963.31,59.76,bull
BTCUSDT,2019-03-10,3951.6,58.74,bull
BTCUSDT,2019-03-11,3905.23,54.74,bull
BTCUSDT,2019-03-12,3909.16,55.02,bull
BTCUSDT,2019-03-13,3906.72,54.8,bull
BTCUSDT,2019-03-14,3924.37,56.2,bull
BTCUSDT,2019-03-15,3960.91,59.03,bull
BTCUSDT,2019-03-16,4048.73,64.91,bull
BTCUSDT,2019-03-17,4025.23,62.33,bull
BTCUSDT,2019-03-18,4032.51,62.82,bull
BTCUSDT,2019-03-19,4071.19,65.41,bull
BTCUSDT,2019-03-20,4087.48,66.47,bull
BTCUSDT,2019-03-21,4029.33,59.47,bull
BTCUSDT,2019-03-22,4023.97,58.86,bull
BTCUSDT,2019-03-23,4035.83,59.85,sideways
BTCUSDT,2019-03-24,4022.17,58.12,sideways
BTCUSDT,2019-03-25,3963.07,51.21,sideways
BTCUSDT,2019-03-26,3985.08,53.43,sideways
BTCUSDT,2019-03-27,4087.07,62.05,sideways
BTCUSDT,2019-03-28,4069.11,59.94,bull
BTCUSDT,2019-03-29,4098.37,62.19,bull
BTCUSDT,2019-03-30,4106.66,62.83,bull
BTCUSDT,2019-03-31,4105.4,62.66,bull
BTCUSDT,2019-04-01,4158.18,66.78,bull
BTCUSDT,2019-04-02,4879.88,87.34,bull
BTCUSDT,2019-04-03,4973.02,88.35,bull
BTCUSDT,2019-04-04,4922.8,84.46,bull
BTCUSDT,2019-04-05,5036.68,85.97,bull
BTCUSDT,2019-04-06,5059.82,86.26,bull
BTCUSDT,2019-04-07,5198.9,87.89,bull
BTCUSDT,2019-04-08,5289.77,88.82,bull
BTCUSDT,2019-04-09,5204.96,82.44,bull
BTCUSDT,2019-04-10,5324.55,84.17,bull
BTCUSDT,2019-04-11,5064.49,68.41,bull
BTCUSDT,2019-04-12,5089.54,69.01,bull
BTCUSDT,2019-04-13,5096.59,69.19,bull
BTCUSDT,2019-04-14,5167.72,71.0,bear
BTCUSDT,2019-04-15,5067.11,65.17,bear
BTCUSDT,2019-04-16,5235.56,69.66,bull
BTCUSDT,2019-04-17,5251.94,70.07,bear
BTCUSDT,2019-04-18,5298.39,71.24,bull
BTCUSDT,2019-04-19,5303.81,71.38,bull
BTCUSDT,2019-04-20,5337.89,72.29,bull
BTCUSDT,2019-04-21,5314.53,70.62,bull
BTCUSDT,2019-04-22,5399.37,73.06,bull
BTCUSDT,2019-04-23,5572.36,77.21,bull
BTCUSDT,2019-04-24,5464.87,69.99,bull
BTCUSDT,2019-04-25,5210.52,56.54,sideways
BTCUSDT,2019-04-26,5279.35,58.84,sideways
BTCUSDT,2019-04-27,5268.29,58.31,sideways
BTCUSDT,2019-04-28,5285.14,58.92,sideways
BTCUSDT,2019-04-29,5247.35,56.9,sideways
BTCUSDT,2019-04-30,5350.73,60.86,sideways
BTCUSDT,2019-05-01,5402.7,62.71,sideways
BTCUSDT,2019-05-02,5505.28,66.12,bull
BTCUSDT,2019-05-03,5768.29,72.95,bull
BTCUSDT,2019-05-04,5831.17,74.28,bull
BTCUSDT,2019-05-05,5795.71,72.12,bull
BTCUSDT,2019-05-06,5746.81,69.13,bull
BTCUSDT,2019-05-07,5829.5,71.3,bull
BTCUSDT,2019-05-08,5982.46,74.82,bull
BTCUSDT,2019-05-09,6174.53,78.4,bull
BTCUSDT,2019-05-10,6378.85,81.42,bull
BTCUSDT,2019-05-11,7204.77,88.46,bull
BTCUSDT,2019-05-12,6972.37,79.35,bull
BTCUSDT,2019-05-13,7814.92,85.27,bull
BTCUSDT,2019-05-14,7994.42,86.18,bull
BTCUSDT,2019-05-15,8205.17,87.18,bull
BTCUSDT,2019-05-16,7884.91,77.95,bull
BTCUSDT,2019-05-17,7343.9,65.35,bull
BTCUSDT,2019-05-18,7271.21,63.86,bull
BTCUSDT,2019-05-19,8197.69,72.49,bull
BTCUSDT,2019-05-20,7978.31,68.33,bull
BTCUSDT,2019-05-21,7963.33,68.04,bear
BTCUSDT,2019-05-22,7680.07,62.68,bear
BTCUSDT,2019-05-23,7881.85,64.81,bear
BTCUSDT,2019-05-24,7987.37,65.9,bull
BTCUSDT,2019-05-25,8052.54,66.59,bull
BTCUSDT,2019-05-26,8673.22,72.34,bull
BTCUSDT,2019-05-27,8805.78,73.4,bull
BTCUSDT,2019-05-28,8719.96,71.5,bull
BTCUSDT,2019-05-29,8659.49,70.12,bull
BTCUSDT,2019-05-30,8319.47,62.8,bull
BTCUSDT,2019-05-31,8574.5,65.69,bull
BTCUSDT,2019-06-01,8564.02,65.47,bull
BTCUSDT,2019-06-02,8742.96,67.52,bull
BTCUSDT,2019-06-03,8209.0,56.71,bear
BTCUSDT,2019-06-04,7707.77,48.81,bear
BTCUSDT,2019-06-05,7824.23,50.53,bear
BTCUSDT,2019-06-06,7822.02,50.5,bear
BTCUSDT,2019-06-07,8043.95,53.92,bear
BTCUSDT,2019-06-08,7954.13,52.34,bear
BTCUSDT,2019-06-09,7688.08,47.87,bear
BTCUSDT,2019-06-10,8000.33,52.95,bear
BTCUSDT,2019-06-11,7927.71,51.69,bull
BTCUSDT,2019-06-12,8145.86,55.15,bull
BTCUSDT,2019-06-13,8230.92,56.46,bull
BTCUSDT,2019-06-14,8693.83,62.82,bull
BTCUSDT,2019-06-15,8838.38,64.56,bull
BTCUSDT,2019-06-16,8994.49,66.39,bull
BTCUSDT,2019-06-17,9320.35,69.88,bull
BTCUSDT,2019-06-18,9081.76,64.59,bull
BTCUSDT,2019-06-19,9273.52,66.77,bull
BTCUSDT,2019-06-20,9527.16,69.45,bull
BTCUSDT,2019-06-21,10144.56,74.78,bull
BTCUSDT,2019-06-22,10701.69,78.43,bull
BTCUSDT,2019-06-23,10855.37,79.32,bull
BTCUSDT,2019-06-24,11011.1,80.22,bull
BTCUSDT,2019-06-25,11790.92,83.95,bull
BTCUSDT,2019-06-26,13016.23,87.83,bull
BTCUSDT,2019-06-27,11182.81,63.19,bull
BTCUSDT,2019-06-28,12407.33,69.37,bull
BTCUSDT,2019-06-29,11959.37,65.07,bull
BTCUSDT,2019-06-30,10817.16,55.6,bear
BTCUSDT,2019-07-01,10583.13,53.87,bear
BTCUSDT,2019-07-02,10801.68,55.27,bear
BTCUSDT,2019-07-03,11961.27,61.88,bear
BTCUSDT,2019-07-04,11215.44,56.13,bear
BTCUSDT,2019-07-05,10978.46,54.4,bear
BTCUSDT,2019-07-06,11208.55,55.83,bear
BTCUSDT,2019-07-07,11450.85,57.33,bull
BTCUSDT,2019-07-08,12285.96,62.14,bull
BTCUSDT,2019-07-09,12573.81,63.66,bull
BTCUSDT,2019-07-10,12156.51,59.9,bull
BTCUSDT,2019-07-11,11358.66,53.42,bull
BTCUSDT,2019-07-12,11815.99,56.34,bull
BTCUSDT,2019-07-13,11392.38,53.03,bull
BTCUSDT,2019-07-14,10256.06,45.33,bear
BTCUSDT,2019-07-15,10895.09,49.75,bear
BTCUSDT,2019-07-16,9477.64,41.7,bear
BTCUSDT,2019-07-17,9693.8,43.21,bear
BTCUSDT,2019-07-18,10666.48,49.54,bear
BTCUSDT,2019-07-19,10530.73,48.72,bear
BTCUSDT,2019-07-20,10767.14,50.26,bear
BTCUSDT,2019-07-21,10599.11,49.13,bull
BTCUSDT,2019-07-22,10343.11,47.39,bear
BTCUSDT,2019-07-23,9900.77,44.45,bull
BTCUSDT,2019-07-24,9811.93,43.86,bull
BTCUSDT,2019-07-25,9911.84,44.75,bear
BTCUSDT,2019-07-26,9870.3,44.44,bear
BTCUSDT,2019-07-27,9477.68,41.48,bear
BTCUSDT,2019-07-28,9552.86,42.27,bear
BTCUSDT,2019-07-29,9519.15,41.99,bear
BTCUSDT,2019-07-30,9607.42,43.04,bear
BTCUSDT,2019-07-31,10085.63,48.45,bull
BTCUSDT,2019-08-01,10399.67,51.7,bull
BTCUSDT,2019-08-02,10518.17,52.9,bull
BTCUSDT,2019-08-03,10821.73,55.93,bull
BTCUSDT,2019-08-04,10970.18,57.38,bull
BTCUSDT,2019-08-05,11805.65,64.45,bull
BTCUSDT,2019-08-06,11478.17,60.23,bull
BTCUSDT,2019-08-07,11941.97,63.84,bull
BTCUSDT,2019-08-08,11966.41,64.02,bull
BTCUSDT,2019-08-09,11862.94,62.56,bull
BTCUSDT,2019-08-10,11354.02,55.82,bull
BTCUSDT,2019-08-11,11523.58,57.46,bull
BTCUSDT,2019-08-12,11382.62,55.61,bear
BTCUSDT,2019-08-13,10895.83,49.65,bear
BTCUSDT,2019-08-14,10051.7,41.37,bear
BTCUSDT,2019-08-15,10311.55,44.44,bear
BTCUSDT,2019-08-16,10374.34,45.19,bear
BTCUSDT,2019-08-17,10231.74,43.75,bear
BTCUSDT,2019-08-18,10345.81,45.25,bear
BTCUSDT,2019-08-19,10916.05,52.13,bear
BTCUSDT,2019-08-20,10763.23,50.31,bear
BTCUSDT,2019-08-21,10138.05,43.59,bull
BTCUSDT,2019-08-22,10131.06,43.52,bear
BTCUSDT,2019-08-23,10407.96,47.14,bull
BTCUSDT,2019-08-24,10159.96,44.39,bear
BTCUSDT,2019-08-25,10138.52,44.15,bear
BTCUSDT,2019-08-26,10370.82,47.46,bear
BTCUSDT,2019-08-27,10185.5,45.16,bear
BTCUSDT,2019-08-28,9754.42,40.28,bear
BTCUSDT,2019-08-29,9510.2,37.78,bear
BTCUSDT,2019-08-30,9598.17,39.24,bear
BTCUSDT,2019-08-31,9630.66,39.8,bear
BTCUSDT,2019-09-01,9757.97,42.06,bear
BTCUSDT,2019-09-02,10346.76,51.19,bear
BTCUSDT,2019-09-03,10623.54,54.79,bull
BTCUSDT,2019-09-04,10594.49,54.34,bull
BTCUSDT,2019-09-05,10575.53,54.02,bull
BTCUSDT,2019-09-06,10353.3,50.35,bull
BTCUSDT,2019-09-07,10517.25,52.89,bull
BTCUSDT,2019-09-08,10441.28,51.57,bull
BTCUSDT,2019-09-09,10334.97,49.71,sideways
BTCUSDT,2019-09-10,10115.98,46.01,sideways
BTCUSDT,2019-09-11,10178.37,47.21,sideways
BTCUSDT,2019-09-12,10410.13,51.54,sideways
BTCUSDT,2019-09-13,10360.55,50.58,sideways
BTCUSDT,2019-09-14,10358.05,50.53,sideways
BTCUSDT,2019-09-15,10347.71,50.31,sideways
BTCUSDT,2019-09-16,10276.79,48.7,sideways
BTCUSDT,2019-09-17,10241.27,47.88,bull
BTCUSDT,2019-09-18,10198.25,46.85,bull
BTCUSDT,2019-09-19,10266.42,48.73,sideways
BTCUSDT,2019-09-20,10181.64,46.52,sideways
BTCUSDT,2019-09-21,10019.72,42.55,sideways
BTCUSDT,2019-09-22,10070.39,44.16,sideways
BTCUSDT,2019-09-23,9729.32,36.71,sideways
BTCUSDT,2019-09-24,8620.57,23.08,bear
BTCUSDT,2019-09-25,8486.99,22.02,bear
BTCUSDT,2019-09-26,8118.97,19.38,bear
BTCUSDT,2019-09-27,8251.85,22.97,bear
BTCUSDT,2019-09-28,8245.92,22.93,bear
BTCUSDT,2019-09-29,8104.19,21.73,bear
BTCUSDT,2019-09-30,8293.87,27.2,bear
BTCUSDT,2019-10-01,8343.28,28.6,sideways
BTCUSDT,2019-10-02,8393.04,30.06,sideways
BTCUSDT,2019-10-03,8259.99,28.39,bull
BTCUSDT,2019-10-04,8205.94,27.72,sideways
BTCUSDT,2019-10-05,8151.5,27.02,sideways
BTCUSDT,2019-10-06,7988.16,24.99,sideways
BTCUSDT,2019-10-07,8245.62,33.47,sideways
BTCUSDT,2019-10-08,8228.78,33.2,sideways
BTCUSDT,2019-10-09,8595.74,43.64,bull
BTCUSDT,2019-10-10,8586.47,43.46,bull
BTCUSDT,2019-10-11,8321.76,38.45,bull
BTCUSDT,2019-10-12,8336.56,38.87,bull
BTCUSDT,2019-10-13,8321.01,38.57,bull
BTCUSDT,2019-10-14,8374.69,40.29,bull
BTCUSDT,2019-10-15,8205.37,36.8,sideways
BTCUSDT,2019-10-16,8047.53,33.85,sideways
BTCUSDT,2019-10-17,8103.91,35.83,sideways
BTCUSDT,2019-10-18,7973.21,33.34,sideways
BTCUSDT,2019-10-19,7988.56,33.92,sideways
BTCUSDT,2019-10-20,8222.08,42.17,sideways
BTCUSDT,2019-10-21,8243.72,42.88,sideways
BTCUSDT,2019-10-22,8078.2,38.93,sideways
BTCUSDT,2019-10-23,7514.67,29.11,sideways
BTCUSDT,2019-10-24,7493.49,28.82,sideways
BTCUSDT,2019-10-25,8660.7,55.51,bull
BTCUSDT,2019-10-26,9244.97,62.99,bull
BTCUSDT,2019-10-27,9551.71,66.2,bull
BTCUSDT,2019-10-28,9256.15,60.73,bull
BTCUSDT,2019-10-29,9427.69,62.66,bull
BTCUSDT,2019-10-30,9205.73,58.64,bull
BTCUSDT,2019-10-31,9199.58,58.53,bull
BTCUSDT,2019-11-01,9261.1,59.37,bull
BTCUSDT,2019-11-02,9324.72,60.26,bull
BTCUSDT,2019-11-03,9235.35,58.32,bear
BTCUSDT,2019-11-04,9412.61,61.0,bull
BTCUSDT,2019-11-05,9342.53,59.38,bear
BTCUSDT,2019-11-06,9360.88,59.68,bull
BTCUSDT,2019-11-07,9267.56,57.34,bull
BTCUSDT,2019-11-08,8804.88,47.42,bear
BTCUSDT,2019-11-09,8813.58,47.6,bear
BTCUSDT,2019-11-10,9055.53,52.56,bear
BTCUSDT,2019-11-11,8757.79,46.7,bear
BTCUSDT,2019-11-12,8815.66,47.92,bear
BTCUSDT,2019-11-13,8808.26,47.77,bear
BTCUSDT,2019-11-14,8708.09,45.68,bear
BTCUSDT,2019-11-15,8491.99,41.48,sideways
BTCUSDT,2019-11-16,8550.76,43.02,sideways
BTCUSDT,2019-11-17,8577.98,43.75,sideways
BTCUSDT,2019-11-18,8309.29,38.47,sideways
BTCUSDT,2019-11-19,8206.15,36.64,sideways
BTCUSDT,2019-11-20,8027.27,33.65,bear
BTCUSDT,2019-11-21,7642.75,28.3,bear
BTCUSDT,2019-11-22,7296.58,24.53,bear
BTCUSDT,2019-11-23,7397.8,27.57,bear
BTCUSDT,2019-11-24,7047.92,23.97,bear
BTCUSDT,2019-11-25,7146.13,26.86,bear
BTCUSDT,2019-11-26,7218.37,28.99,bear
BTCUSDT,2019-11-27,7531.66,37.51,sideways
BTCUSDT,2019-11-28,7463.11,36.48,sideways
BTCUSDT,2019-11-29,7761.24,43.73,bull
BTCUSDT,2019-11-30,7569.63,40.53,bull
BTCUSDT,2019-12-01,7424.29,38.24,bull
BTCUSDT,2019-12-02,7321.99,36.67,bull
BTCUSDT,2019-12-03,7320.15,36.64,bull
BTCUSDT,2019-12-04,7252.03,35.52,sideways
BTCUSDT,2019-12-05,7448.31,41.12,sideways
BTCUSDT,2019-12-06,7547.0,43.77,sideways
BTCUSDT,2019-12-07,7556.24,44.02,sideways
BTCUSDT,2019-12-08,7564.35,44.26,bull
BTCUSDT,2019-12-09,7400.9,40.53,bull
BTCUSDT,2019-12-10,7278.12,37.94,sideways
BTCUSDT,2019-12-11,7217.43,36.69,sideways
BTCUSDT,2019-12-12,7243.13,37.62,sideways
BTCUSDT,2019-12-13,7269.68,38.63,sideways
BTCUSDT,2019-12-14,7124.67,35.28,sideways
BTCUSDT,2019-12-15,7152.3,36.41,sideways
BTCUSDT,2019-12-16,6932.48,31.66,sideways
BTCUSDT,2019-12-17,6640.52,26.68,sideways
BTCUSDT,2019-12-18,7276.8,46.45,bull
BTCUSDT,2019-12-19,7202.84,44.93,sideways
BTCUSDT,2019-12-20,7218.82,45.35,sideways
BTCUSDT,2019-12-21,7191.16,44.72,bull
BTCUSDT,2019-12-22,7511.59,52.87,bull
BTCUSDT,2019-12-23,7355.63,49.08,bull
BTCUSDT,2019-12-24,7322.53,48.28,bull
BTCUSDT,2019-12-25,7275.16,47.11,sideways
BTCUSDT,2019-12-26,7238.97,46.19,bull
BTCUSDT,2019-12-27,7290.09,47.75,bull
BTCUSDT,2019-12-28,7317.99,48.62,bull
BTCUSDT,2019-12-29,7422.65,51.87,sideways
BTCUSDT,2019-12-30,7293.0,47.83,sideways
BTCUSDT,2019-12-31,7193.6,44.95,sideways
BTCUSDT,2020-01-01,7200.17,45.18,sideways
BTCUSDT,2020-01-02,6985.47,39.27,sideways
BTCUSDT,2020-01-03,7344.88,50.86,bull
BTCUSDT,2020-01-04,7410.66,52.64,bull
BTCUSDT,2020-01-05,7411.32,52.66,sideways
BTCUSDT,2020-01-06,7769.22,61.47,bull
BTCUSDT,2020-01-07,8163.69,68.44,bull
BTCUSDT,2020-01-08,8079.86,65.72,bull
BTCUSDT,2020-01-09,7879.07,59.61,bull
BTCUSDT,2020-01-10,8166.55,64.67,bull
BTCUSDT,2020-01-11,8037.54,60.98,bull
BTCUSDT,2020-01-12,8192.49,63.66,bull
BTCUSDT,2020-01-13,8144.19,62.23,bull
BTCUSDT,2020-01-14,8827.76,71.9,bull
BTCUSDT,2020-01-15,8807.01,71.3,bull
BTCUSDT,2020-01-16,8723.79,68.83,bull
BTCUSDT,2020-01-17,8929.04,71.46,bull
BTCUSDT,2020-01-18,8942.81,71.63,bull
BTCUSDT,2020-01-19,8706.25,64.42,bull
BTCUSDT,2020-01-20,8657.64,63.02,bull
BTCUSDT,2020-01-21,8745.89,64.53,sideways
BTCUSDT,2020-01-22,8680.88,62.51,sideways
BTCUSDT,2020-01-23,8406.52,54.7,sideways
BTCUSDT,2020-01-24,8445.43,55.55,sideways
BTCUSDT,2020-01-25,8367.85,53.4,sideways
BTCUSDT,2020-01-26,8596.83,58.5,sideways
BTCUSDT,2020-01-27,8909.82,64.25,bull
BTCUSDT,2020-01-28,9358.59,70.56,bull
BTCUSDT,2020-01-29,9316.63,69.33,bull
BTCUSDT,2020-01-30,9508.99,71.76,bull
BTCUSDT,2020-01-31,9350.53,67.04,bull
BTCUSDT,2020-02-01,9392.88,67.65,bull
BTCUSDT,2020-02-02,9344.37,66.14,bull
BTCUSDT,2020-02-03,9293.52,64.51,bull
BTCUSDT,2020-02-04,9180.96,60.93,sideways
BTCUSDT,2020-02-05,9613.42,68.22,bull
BTCUSDT,2020-02-06,9729.8,69.86,bull
BTCUSDT,2020-02-07,9795.94,70.77,bull
BTCUSDT,2020-02-08,9865.12,71.74,bull
BTCUSDT,2020-02-09,10116.67,74.99,bull
BTCUSDT,2020-02-10,9856.61,66.48,bull
BTCUSDT,2020-02-11,10208.24,71.24,bull
BTCUSDT,2020-02-12,10326.05,72.64,bull
BTCUSDT,2020-02-13,10214.38,69.2,bull
BTCUSDT,2020-02-14,10312.12,70.51,bull
BTCUSDT,2020-02-15,9889.42,58.81,bull
BTCUSDT,2020-02-16,9934.43,59.58,sideways
BTCUSDT,2020-02-17,9690.14,53.72,sideways
BTCUSDT,2020-02-18,10142.0,61.3,sideways
BTCUSDT,2020-02-19,9633.39,51.14,sideways
BTCUSDT,2020-02-20,9608.48,50.7,sideways
BTCUSDT,2020-02-21,9686.44,52.1,sideways
BTCUSDT,2020-02-22,9663.18,51.63,sideways
BTCUSDT,2020-02-23,9924.52,56.4,sideways
BTCUSDT,2020-02-24,9650.17,50.74,sideways
BTCUSDT,2020-02-25,9341.71,45.25,bear
BTCUSDT,2020-02-26,8820.52,37.8,bear
BTCUSDT,2020-02-27,8784.49,37.35,bear
BTCUSDT,2020-02-28,8672.46,35.89,bear
BTCUSDT,2020-02-29,8599.51,34.94,bear
BTCUSDT,2020-03-01,8562.45,34.44,bear
BTCUSDT,2020-03-02,8869.67,41.88,bear
BTCUSDT,2020-03-03,8787.79,40.55,sideways
BTCUSDT,2020-03-04,8755.25,40.01,sideways
BTCUSDT,2020-03-05,9078.76,47.5,bull
BTCUSDT,2020-03-06,9122.55,48.44,bull
BTCUSDT,2020-03-07,8909.95,44.3,bull
BTCUSDT,2020-03-08,8108.12,32.89,bear
BTCUSDT,2020-03-09,7923.64,30.91,bear
BTCUSDT,2020-03-10,7909.73,30.76,bear
BTCUSDT,2020-03-11,7911.43,30.81,bear
BTCUSDT,2020-03-12,4970.79,14.08,bear
BTCUSDT,2020-03-13,5563.71,23.14,bear
BTCUSDT,2020-03-14,5200.37,21.64,bear
BTCUSDT,2020-03-15,5392.31,24.43,bear
BTCUSDT,2020-03-16,5014.48,22.71,bear
BTCUSDT,2020-03-17,5225.63,25.85,bear
BTCUSDT,2020-03-18,5238.44,26.05,bear
BTCUSDT,2020-03-19,6191.19,38.99,bull
BTCUSDT,2020-03-20,6198.78,39.08,bull
BTCUSDT,2020-03-21,6185.07,38.96,bull
BTCUSDT,2020-03-22,5830.25,36.04,bull
BTCUSDT,2020-03-23,6416.31,43.57,bull
BTCUSDT,2020-03-24,6734.8,47.2,bull
BTCUSDT,2020-03-25,6681.06,46.65,bull
BTCUSDT,2020-03-26,6716.44,47.09,bull
BTCUSDT,2020-03-27,6469.8,44.38,bull
BTCUSDT,2020-03-28,6242.19,41.98,bull
BTCUSDT,2020-03-29,5922.04,38.8,bull
BTCUSDT,2020-03-30,6429.84,45.81,bear
BTCUSDT,2020-03-31,6438.64,45.92,bear
BTCUSDT,2020-04-01,6606.78,48.2,bear
BTCUSDT,2020-04-02,6793.62,50.68,bull
BTCUSDT,2020-04-03,6733.39,49.85,bull
BTCUSDT,2020-04-04,6867.53,51.75,bull
BTCUSDT,2020-04-05,6791.13,50.57,bull
BTCUSDT,2020-04-06,7271.78,57.15,bull
BTCUSDT,2020-04-07,7176.41,55.57,bull
BTCUSDT,2020-04-08,7334.1,57.65,bull
BTCUSDT,2020-04-09,7302.09,57.07,bull
BTCUSDT,2020-04-10,6865.49,49.66,bull
BTCUSDT,2020-04-11,6859.08,49.56,bear
BTCUSDT,2020-04-12,6971.09,51.43,bull
BTCUSDT,2020-04-13,6845.04,49.22,bear
BTCUSDT,2020-04-14,6842.43,49.17,bear
BTCUSDT,2020-04-15,6642.11,45.56,bear
BTCUSDT,2020-04-16,7116.8,54.15,bear
BTCUSDT,2020-04-17,7096.18,53.75,bull
BTCUSDT,2020-04-18,7257.67,56.45,bull
BTCUSDT,2020-04-19,7189.42,54.99,bull
BTCUSDT,2020-04-20,6881.96,48.87,bull
BTCUSDT,2020-04-21,6880.32,48.84,bull
BTCUSDT,2020-04-22,7117.21,53.46,bull
BTCUSDT,2020-04-23,7429.72,58.76,bull
BTCUSDT,2020-04-24,7550.9,60.63,bull
BTCUSDT,2020-04-25,7569.94,60.93,bull
BTCUSDT,2020-04-26,7679.87,62.7,bull
BTCUSDT,2020-04-27,7795.6,64.51,bull
BTCUSDT,2020-04-28,7807.06,64.7,bull
BTCUSDT,2020-04-29,8801.04,76.2,bull
BTCUSDT,2020-04-30,8658.55,72.55,bull
BTCUSDT,2020-05-01,8864.77,74.46,bull
BTCUSDT,2020-05-02,8988.6,75.55,bull
BTCUSDT,2020-05-03,8897.47,73.07,bull
BTCUSDT,2020-05-04,8912.65,73.22,bull
BTCUSDT,2020-05-05,9003.07,74.2,bull
BTCUSDT,2020-05-06,9268.76,76.86,bull
BTCUSDT,2020-05-07,9951.52,81.99,bull
BTCUSDT,2020-05-08,9842.67,78.98,bull
BTCUSDT,2020-05-09,9593.9,72.44,bull
BTCUSDT,2020-05-10,8756.43,55.7,bear
BTCUSDT,2020-05-11,8601.8,53.26,bear
BTCUSDT,2020-05-12,8804.48,55.99,bear
BTCUSDT,2020-05-13,9269.99,61.54,bull
BTCUSDT,2020-05-14,9733.72,66.12,bear
BTCUSDT,2020-05-15,9328.2,59.45,bear
BTCUSDT,2020-05-16,9377.01,59.97,bear
BTCUSDT,2020-05-17,9670.74,63.07,bull
BTCUSDT,2020-05-18,9726.58,63.64,bull
BTCUSDT,2020-05-19,9729.04,63.67,bull
BTCUSDT,2020-05-20,9522.98,59.69,bull
BTCUSDT,2020-05-21,9081.76,52.18,bear
BTCUSDT,2020-05-22,9182.58,53.62,bear
BTCUSDT,2020-05-23,9209.29,54.01,bear
BTCUSDT,2020-05-24,8790.37,47.24,bear
BTCUSDT,2020-05-25,8906.93,49.15,bear
BTCUSDT,2020-05-26,8835.05,47.99,bear
BTCUSDT,2020-05-27,9181.02,53.64,bear
BTCUSDT,2020-05-28,9525.75,58.48,bull
BTCUSDT,2020-05-29,9439.12,56.87,bull
BTCUSDT,2020-05-30,9700.41,60.4,bull
BTCUSDT,2020-05-31,9461.06,55.89,bull
BTCUSDT,2020-06-01,10167.27,64.36,bull
BTCUSDT,2020-06-02,9529.8,54.24,bull
BTCUSDT,2020-06-03,9656.72,55.73,bull
BTCUSDT,2020-06-04,9800.64,57.42,bull
BTCUSDT,2020-06-05,9665.53,55.28,bull
BTCUSDT,2020-06-06,9653.68,55.09,sideways
BTCUSDT,2020-06-07,9758.85,56.55,bull
BTCUSDT,2020-06-08,9771.49,56.73,sideways
BTCUSDT,2020-06-09,9795.7,57.1,bull
BTCUSDT,2020-06-10,9870.09,58.28,bull
BTCUSDT,2020-06-11,9321.78,47.83,sideways
BTCUSDT,2020-06-12,9480.84,50.6,sideways
BTCUSDT,2020-06-13,9475.28,50.5,sideways
BTCUSDT,2020-06-14,9386.79,48.83,sideways
BTCUSDT,2020-06-15,9450.7,50.11,sideways
BTCUSDT,2020-06-16,9538.02,51.88,sideways
BTCUSDT,2020-06-17,9480.25,50.6,sideways
BTCUSDT,2020-06-18,9411.84,49.06,bull
BTCUSDT,2020-06-19,9288.02,46.3,sideways
BTCUSDT,2020-06-20,9332.34,47.44,sideways
BTCUSDT,2020-06-21,9303.63,46.75,sideways
BTCUSDT,2020-06-22,9648.72,55.2,bull
BTCUSDT,2020-06-23,9629.66,54.68,bull
BTCUSDT,2020-06-24,9313.61,46.86,sideways
BTCUSDT,2020-06-25,9264.81,45.77,sideways
BTCUSDT,2020-06-26,9162.92,43.5,sideways
BTCUSDT,2020-06-27,9045.39,40.97,sideways
BTCUSDT,2020-06-28,9143.58,43.9,sideways
BTCUSDT,2020-06-29,9190.85,45.31,sideways
BTCUSDT,2020-06-30,9137.99,43.98,sideways
BTCUSDT,2020-07-01,9228.33,46.85,sideways
BTCUSDT,2020-07-02,9123.41,44.03,sideways
BTCUSDT,2020-07-03,9087.3,43.07,sideways
BTCUSDT,2020-07-04,9132.49,44.69,bull
BTCUSDT,2020-07-05,9073.94,42.98,sideways
BTCUSDT,2020-07-06,9375.47,52.98,bull
BTCUSDT,2020-07-07,9252.28,49.19,bull
BTCUSDT,2020-07-08,9428.33,54.23,bull
BTCUSDT,2020-07-09,9277.97,49.69,bull
BTCUSDT,2020-07-10,9278.81,49.72,bull
BTCUSDT,2020-07-11,9240.35,48.52,bull
BTCUSDT,2020-07-12,9276.5,49.75,bull
BTCUSDT,2020-07-13,9243.61,48.61,sideways
BTCUSDT,2020-07-14,9243.21,48.59,sideways
BTCUSDT,2020-07-15,9192.84,46.69,sideways
BTCUSDT,2020-07-16,9132.23,44.44,sideways
BTCUSDT,2020-07-17,9151.39,45.34,sideways
BTCUSDT,2020-07-18,9159.04,45.72,sideways
BTCUSDT,2020-07-19,9185.82,47.09,sideways
BTCUSDT,2020-07-20,9164.23,46.08,sideways
BTCUSDT,2020-07-21,9374.89,56.02,bull
BTCUSDT,2020-07-22,9525.36,61.49,bull
BTCUSDT,2020-07-23,9581.07,63.31,bull
BTCUSDT,2020-07-24,9536.89,60.85,bull
BTCUSDT,2020-07-25,9677.11,65.43,bull
BTCUSDT,2020-07-26,9905.17,71.31,bull
BTCUSDT,2020-07-27,10990.87,84.67,bull
BTCUSDT,2020-07-28,10912.82,81.72,bull
BTCUSDT,2020-07-29,11100.47,83.24,bull
BTCUSDT,2020-07-30,11111.21,83.32,bull
BTCUSDT,2020-07-31,11323.47,84.94,bull
BTCUSDT,2020-08-01,11759.59,87.61,bull
BTCUSDT,2020-08-02,11053.61,66.93,bull
BTCUSDT,2020-08-03,11246.35,69.08,bull
BTCUSDT,2020-08-04,11205.89,68.08,bull
BTCUSDT,2020-08-05,11747.02,73.58,bull
BTCUSDT,2020-08-06,11779.77,73.87,bull
BTCUSDT,2020-08-07,11601.47,69.36,bull
BTCUSDT,2020-08-08,11754.05,70.99,sideways
BTCUSDT,2020-08-09,11675.74,68.96,bull
BTCUSDT,2020-08-10,11878.11,71.25,bull
BTCUSDT,2020-08-11,11410.53,60.19,bull
BTCUSDT,2020-08-12,11584.93,62.53,sideways
BTCUSDT,2020-08-13,11784.14,65.05,bull
BTCUSDT,2020-08-14,11768.87,64.69,bull
BTCUSDT,2020-08-15,11865.7,65.97,bull
BTCUSDT,2020-08-16,11892.8,66.34,bull
BTCUSDT,2020-08-17,12254.4,70.88,bull
BTCUSDT,2020-08-18,11991.23,64.11,bull
BTCUSDT,2020-08-19,11758.28,58.75,bull
BTCUSDT,2020-08-20,11878.37,60.58,bull
BTCUSDT,2020-08-21,11592.49,54.4,sideways
BTCUSDT,2020-08-22,11681.83,55.92,sideways
BTCUSDT,2020-08-23,11664.85,55.54,sideways
BTCUSDT,2020-08-24,11774.6,57.53,sideways
BTCUSDT,2020-08-25,11366.13,48.77,sideways
BTCUSDT,2020-08-26,11488.36,51.16,sideways
BTCUSDT,2020-08-27,11323.4,47.91,sideways
BTCUSDT,2020-08-28,11542.5,52.26,sideways
BTCUSDT,2020-08-29,11506.87,51.5,sideways
BTCUSDT,2020-08-30,11711.51,55.47,bull
BTCUSDT,2020-08-31,11680.82,54.75,sideways
BTCUSDT,2020-09-01,11970.48,60.05,bull
BTCUSDT,2020-09-02,11414.03,48.34,sideways
BTCUSDT,2020-09-03,10245.3,33.54,bear
BTCUSDT,2020-09-04,10511.81,38.19,bear
BTCUSDT,2020-09-05,10169.57,34.82,bear
BTCUSDT,2020-09-06,10280.35,36.77,bear
BTCUSDT,2020-09-07,10369.56,38.36,bear
BTCUSDT,2020-09-08,10131.52,35.77,bear
BTCUSDT,2020-09-09,10242.35,37.87,bear
BTCUSDT,2020-09-10,10363.14,40.17,bull
BTCUSDT,2020-09-11,10400.92,40.91,sideways
BTCUSDT,2020-09-12,10442.17,41.75,bull
BTCUSDT,2020-09-13,10323.76,39.99,bull
BTCUSDT,2020-09-14,10680.84,47.23,bull
BTCUSDT,2020-09-15,10796.95,49.37,bull
BTCUSDT,2020-09-16,10974.91,52.55,bull
BTCUSDT,2020-09-17,10948.99,52.03,bull
BTCUSDT,2020-09-18,10944.59,51.94,bull
BTCUSDT,2020-09-19,11094.35,54.88,bull
BTCUSDT,2020-09-20,10938.27,51.36,bull
BTCUSDT,2020-09-21,10462.26,42.41,sideways
BTCUSDT,2020-09-22,10538.46,44.09,sideways
BTCUSDT,2020-09-23,10246.19,39.35,sideways
BTCUSDT,2020-09-24,10760.07,49.61,sideways
BTCUSDT,2020-09-25,10692.72,48.45,sideways
BTCUSDT,2020-09-26,10750.72,49.54,sideways
BTCUSDT,2020-09-27,10775.27,50.02,sideways
BTCUSDT,2020-09-28,10709.65,48.68,bull
BTCUSDT,2020-09-29,10844.64,51.56,bull
BTCUSDT,2020-09-30,10784.49,50.21,bull
BTCUSDT,2020-10-01,10619.45,46.6,sideways
BTCUSDT,2020-10-02,10575.97,45.67,sideways
BTCUSDT,2020-10-03,10549.33,45.08,sideways
BTCUSDT,2020-10-04,10669.58,48.34,sideways
BTCUSDT,2020-10-05,10793.34,51.54,bull
BTCUSDT,2020-10-06,10604.41,46.78,sideways
BTCUSDT,2020-10-07,10668.97,48.53,sideways
BTCUSDT,2020-10-08,10915.69,54.66,bull
BTCUSDT,2020-10-09,11064.46,57.91,bull
BTCUSDT,2020-10-10,11296.36,62.43,bull
BTCUSDT,2020-10-11,11384.18,64.01,bull
BTCUSDT,2020-10-12,11555.36,66.93,bull
BTCUSDT,2020-10-13,11425.9,62.78,bull
BTCUSDT,2020-10-14,11429.51,62.85,bull
BTCUSDT,2020-10-15,11495.35,64.16,bull
BTCUSDT,2020-10-16,11322.12,58.35,bull
BTCUSDT,2020-10-17,11358.1,59.17,bull
BTCUSDT,2020-10-18,11483.36,62.0,bull
BTCUSDT,2020-10-19,11742.04,67.08,bull
BTCUSDT,2020-10-20,11916.33,69.99,bull
BTCUSDT,2020-10-21,12823.69,79.93,bull
BTCUSDT,2020-10-22,12965.89,80.99,bull
BTCUSDT,2020-10-23,12931.54,79.89,bull
BTCUSDT,2020-10-24,13108.06,81.3,bull
BTCUSDT,2020-10-25,13031.17,78.71,bull
BTCUSDT,2020-10-26,13075.25,79.12,bull
BTCUSDT,2020-10-27,13654.22,83.59,bull
BTCUSDT,2020-10-28,13271.29,72.54,bull
BTCUSDT,2020-10-29,13437.88,74.14,bull
BTCUSDT,2020-10-30,13546.52,75.16,bull
BTCUSDT,2020-10-31,13781.0,77.24,bull
BTCUSDT,2020-11-01,13737.11,75.96,bull
BTCUSDT,2020-11-02,13550.49,70.59,bull
BTCUSDT,2020-11-03,13950.3,74.71,bull
BTCUSDT,2020-11-04,14133.71,76.35,bull
BTCUSDT,2020-11-05,15579.85,84.74,bull
BTCUSDT,2020-11-06,15565.88,84.43,bull
BTCUSDT,2020-11-07,14833.75,69.92,bull
BTCUSDT,2020-11-08,15479.57,74.14,bull
BTCUSDT,2020-11-09,15332.32,71.67,bull
BTCUSDT,2020-11-10,15290.9,70.95,bull
BTCUSDT,2020-11-11,15701.34,73.75,bull
BTCUSDT,2020-11-12,16276.34,77.08,bull
BTCUSDT,2020-11-13,16317.81,77.31,bull
BTCUSDT,2020-11-14,16068.14,72.71,bull
BTCUSDT,2020-11-15,15955.59,70.66,bull
BTCUSDT,2020-11-16,16716.11,75.64,bull
BTCUSDT,2020-11-17,17645.41,80.09,bull
BTCUSDT,2020-11-18,17804.01,80.73,bull
BTCUSDT,2020-11-19,17817.09,80.79,bull
BTCUSDT,2020-11-20,18621.31,83.86,bull
BTCUSDT,2020-11-21,18642.23,83.93,bull
BTCUSDT,2020-11-22,18370.0,79.0,bull
BTCUSDT,2020-11-23,18364.12,78.89,bull
BTCUSDT,2020-11-24,19107.46,82.2,bull
BTCUSDT,2020-11-25,18732.12,75.74,bull
BTCUSDT,2020-11-26,17150.62,55.83,bear
BTCUSDT,2020-11-27,17108.4,55.41,bear
BTCUSDT,2020-11-28,17717.41,60.06,bear
BTCUSDT,2020-11-29,18177.48,63.19,bear
BTCUSDT,2020-11-30,19625.84,70.91,bull
BTCUSDT,2020-12-01,18803.0,62.85,bear
BTCUSDT,2020-12-02,19201.09,64.92,bull
BTCUSDT,2020-12-03,19445.4,66.17,bull
BTCUSDT,2020-12-04,18699.77,59.23,bull
BTCUSDT,2020-12-05,19154.23,61.86,bull
BTCUSDT,2020-12-06,19345.12,62.94,bull
BTCUSDT,2020-12-07,19191.63,61.43,bear
BTCUSDT,2020-12-08,18321.14,53.6,bear
BTCUSDT,2020-12-09,18553.92,55.24,bear
BTCUSDT,2020-12-10,18264.99,52.75,bear
BTCUSDT,2020-12-11,18058.9,50.98,bear
BTCUSDT,2020-12-12,18803.66,56.64,bear
BTCUSDT,2020-12-13,19142.38,58.96,bear
BTCUSDT,2020-12-14,19246.64,59.68,bull
BTCUSDT,2020-12-15,19417.08,60.88,bull
BTCUSDT,2020-12-16,21310.6,71.16,bull
BTCUSDT,2020-12-17,22805.16,76.42,bull
BTCUSDT,2020-12-18,23137.96,77.41,bull
BTCUSDT,2020-12-19,23869.83,79.45,bull
BTCUSDT,2020-12-20,23477.29,75.51,bull
BTCUSDT,2020-12-21,22803.08,69.17,bull
BTCUSDT,2020-12-22,23783.03,72.75,bull
BTCUSDT,2020-12-23,23241.35,68.04,bull
BTCUSDT,2020-12-24,23735.95,69.95,bull
BTCUSDT,2020-12-25,24664.79,73.2,bull
BTCUSDT,2020-12-26,26437.04,78.06,bull
BTCUSDT,2020-12-27,26272.29,76.67,bull
BTCUSDT,2020-12-28,27084.81,78.69,bull
BTCUSDT,2020-12-29,27362.44,79.35,bull
BTCUSDT,2020-12-30,28840.95,82.46,bull
BTCUSDT,2020-12-31,29001.72,82.76,bull
BTCUSDT,2021-01-01,29374.15,83.47,bull
BTCUSDT,2021-01-02,32127.27,87.57,bull
BTCUSDT,2021-01-03,32782.02,88.31,bull
BTCUSDT,2021-01-04,31971.91,81.8,bull
BTCUSDT,2021-01-05,33992.43,84.81,bull
BTCUSDT,2021-01-06,36824.36,87.84,bull
BTCUSDT,2021-01-07,39371.04,89.81,bull
BTCUSDT,2021-01-08,40797.61,90.72,bull
BTCUSDT,2021-01-09,40254.55,87.53,bull
BTCUSDT,2021-01-10,38356.44,77.28,bull
BTCUSDT,2021-01-11,35566.66,65.2,bull
BTCUSDT,2021-01-12,33922.96,59.32,bear
BTCUSDT,2021-01-13,37316.36,66.12,bull
BTCUSDT,2021-01-14,39187.33,69.18,bear
BTCUSDT,2021-01-15,36825.37,61.62,bear
BTCUSDT,2021-01-16,36178.14,59.69,bear
BTCUSDT,2021-01-17,35791.28,58.51,bear
BTCUSDT,2021-01-18,36630.07,60.34,bull
BTCUSDT,2021-01-19,36069.8,58.49,bull
BTCUSDT,2021-01-20,35547.75,56.74,bear
BTCUSDT,2021-01-21,30825.7,43.95,bear
BTCUSDT,2021-01-22,33005.76,49.6,bear
BTCUSDT,2021-01-23,32067.64,47.39,bear
BTCUSDT,2021-01-24,32289.38,47.98,bear
BTCUSDT,2021-01-25,32366.39,48.2,bear
BTCUSDT,2021-01-26,32569.85,48.8,bear
BTCUSDT,2021-01-27,30432.55,43.07,bear
BTCUSDT,2021-01-28,33466.1,51.74,bull
BTCUSDT,2021-01-29,34316.39,53.86,bull
BTCUSDT,2021-01-30,34269.52,53.72,bull
BTCUSDT,2021-01-31,33114.36,50.25,bull
BTCUSDT,2021-02-01,33537.18,51.48,bull
BTCUSDT,2021-02-02,35510.29,56.86,bull
BTCUSDT,2021-02-03,37472.09,61.44,bull
BTCUSDT,2021-02-04,36926.07,59.55,bull
BTCUSDT,2021-02-05,38144.31,62.34,bull
BTCUSDT,2021-02-06,39266.01,64.75,bull
BTCUSDT,2021-02-07,38903.44,63.34,bull
BTCUSDT,2021-02-08,46196.46,75.09,bull
BTCUSDT,2021-02-09,46481.11,75.43,bull
BTCUSDT,2021-02-10,44918.18,69.93,bull
BTCUSDT,2021-02-11,47909.33,73.86,bull
BTCUSDT,2021-02-12,47504.85,72.48,bull
BTCUSDT,2021-02-13,47105.52,71.07,bull
BTCUSDT,2021-02-14,48717.29,73.32,bull
BTCUSDT,2021-02-15,47945.06,70.49,bull
BTCUSDT,2021-02-16,49199.87,72.36,bull
BTCUSDT,2021-02-17,52149.01,76.18,bull
BTCUSDT,2021-02-18,51679.8,74.42,bull
BTCUSDT,2021-02-19,55888.13,79.09,bull
BTCUSDT,2021-02-20,56099.52,79.3,bull
BTCUSDT,2021-02-21,57539.95,80.68,bull
BTCUSDT,2021-02-22,54207.32,69.14,bull
BTCUSDT,2021-02-23,48824.43,55.36,bear
BTCUSDT,2021-02-24,49705.33,56.88,bear
BTCUSDT,2021-02-25,47093.85,51.32,bear
BTCUSDT,2021-02-26,46339.76,49.8,bear
BTCUSDT,2021-02-27,46188.45,49.49,bear
BTCUSDT,2021-02-28,45137.77,47.25,bear
BTCUSDT,2021-03-01,49631.24,56.34,bear
BTCUSDT,2021-03-02,48378.99,53.57,bear
BTCUSDT,2021-03-03,50538.24,57.46,bull
BTCUSDT,2021-03-04,48561.17,53.08,bull
BTCUSDT,2021-03-05,48927.3,53.78,bull
BTCUSDT,2021-03-06,48912.38,53.74,bull
BTCUSDT,2021-03-07,51206.69,58.28,bull
BTCUSDT,2021-03-08,52246.52,60.19,bull
BTCUSDT,2021-03-09,54824.12,64.52,bull
BTCUSDT,2021-03-10,56008.55,66.33,bull
BTCUSDT,2021-03-11,57805.12,68.92,bull
BTCUSDT,2021-03-12,57332.09,67.45,bull
BTCUSDT,2021-03-13,61243.09,72.65,bull
BTCUSDT,2021-03-14,59302.32,66.93,bull
BTCUSDT,2021-03-15,55907.2,58.29,bull
BTCUSDT,2021-03-16,56804.9,59.77,bull
BTCUSDT,2021-03-17,58870.89,63.02,bull
BTCUSDT,2021-03-18,57858.92,60.45,bull
BTCUSDT,2021-03-19,58346.65,61.27,bull
BTCUSDT,2021-03-20,58313.64,61.17,bear
BTCUSDT,2021-03-21,57523.42,58.88,bear
BTCUSDT,2021-03-22,54529.14,51.06,bear
BTCUSDT,2021-03-23,54738.95,51.55,bear
BTCUSDT,2021-03-24,52774.27,46.86,bear
BTCUSDT,2021-03-25,51704.16,44.49,bear
BTCUSDT,2021-03-26,55137.31,52.75,bear
BTCUSDT,2021-03-27,55973.51,54.53,bear
BTCUSDT,2021-03-28,55950.75,54.47,bear
BTCUSDT,2021-03-29,57750.2,58.37,bull
BTCUSDT,2021-03-30,58917.69,60.72,bull
BTCUSDT,2021-03-31,58918.83,60.72,bull
BTCUSDT,2021-04-01,59095.81,61.11,bull
BTCUSDT,2021-04-02,59384.31,61.77,bull
BTCUSDT,2021-04-03,57603.89,55.51,bull
BTCUSDT,2021-04-04,58758.55,58.45,bull
BTCUSDT,2021-04-05,59057.88,59.2,bull
BTCUSDT,2021-04-06,58192.36,56.04,sideways
BTCUSDT,2021-04-07,56048.94,49.06,sideways
BTCUSDT,2021-04-08,58323.95,55.41,sideways
BTCUSDT,2021-04-09,58245.0,55.15,sideways
BTCUSDT,2021-04-10,59793.23,59.16,bull
BTCUSDT,2021-04-11,60204.96,60.17,bull
BTCUSDT,2021-04-12,59893.45,58.98,bull
BTCUSDT,2021-04-13,63503.46,67.14,bull
BTCUSDT,2021-04-14,63109.7,65.6,bull
BTCUSDT,2021-04-15,63314.01,66.04,bull
BTCUSDT,2021-04-16,61572.79,59.19,bull
BTCUSDT,2021-04-17,60683.82,56.0,bull
BTCUSDT,2021-04-18,56216.18,43.35,bear
BTCUSDT,2021-04-19,55724.27,42.22,bear
BTCUSDT,2021-04-20,56473.03,44.59,bear
BTCUSDT,2021-04-21,53906.09,38.73,bear
BTCUSDT,2021-04-22,51762.27,34.63,bear
BTCUSDT,2021-04-23,51093.65,33.44,bear
BTCUSDT,2021-04-24,50050.87,31.62,bear
BTCUSDT,2021-04-25,49004.25,29.86,bear
BTCUSDT,2021-04-26,54021.75,45.51,bear
BTCUSDT,2021-04-27,55033.12,48.02,bear
BTCUSDT,2021-04-28,54824.7,47.54,bull
BTCUSDT,2021-04-29,53555.11,44.57,bull
BTCUSDT,2021-04-30,57750.18,54.64,bull
BTCUSDT,2021-05-01,57828.05,54.81,bull
BTCUSDT,2021-05-02,56631.08,51.71,bull
BTCUSDT,2021-05-03,57200.29,53.07,bull
BTCUSDT,2021-05-04,53333.54,44.01,bear
BTCUSDT,2021-05-05,57424.01,53.12,bull
BTCUSDT,2021-05-06,56396.52,50.88,bull
BTCUSDT,2021-05-07,57356.4,52.88,bear
BTCUSDT,2021-05-08,58803.78,55.8,bull
BTCUSDT,2021-05-09,58232.32,54.37,bull
BTCUSDT,2021-05-10,55859.8,48.77,bear
BTCUSDT,2021-05-11,56704.57,50.72,bull
BTCUSDT,2021-05-12,49150.54,37.13,bear
BTCUSDT,2021-05-13,49716.19,38.46,bear
BTCUSDT,2021-05-14,49880.54,38.86,bear
BTCUSDT,2021-05-15,46760.19,34.26,bear
BTCUSDT,2021-05-16,46456.06,33.84,bear
BTCUSDT,2021-05-17,43537.51,30.03,bear
BTCUSDT,2021-05-18,42909.4,29.26,bear
BTCUSDT,2021-05-19,37002.44,23.27,bear
BTCUSDT,2021-05-20,40782.74,32.76,bear
BTCUSDT,2021-05-21,37304.69,29.18,bear
BTCUSDT,2021-05-22,37536.63,29.73,bear
BTCUSDT,2021-05-23,34770.58,27.03,bear
BTCUSDT,2021-05-24,38705.98,35.95,bear
BTCUSDT,2021-05-25,38402.22,35.59,bear
BTCUSDT,2021-05-26,39294.2,37.57,bull
BTCUSDT,2021-05-27,38436.97,36.41,bear
BTCUSDT,2021-05-28,35697.61,32.91,bear
BTCUSDT,2021-05-29,34616.07,31.62,bear
BTCUSDT,2021-05-30,35678.13,34.35,bull
BTCUSDT,2021-05-31,37332.86,38.46,bear
BTCUSDT,2021-06-01,36684.93,37.47,bear
BTCUSDT,2021-06-02,37575.18,39.77,bear
BTCUSDT,2021-06-03,39208.77,43.84,bull
BTCUSDT,2021-06-04,36894.41,39.74,bull
BTCUSDT,2021-06-05,35551.96,37.55,bull
BTCUSDT,2021-06-06,35862.38,38.39,bull
BTCUSDT,2021-06-07,33560.71,34.64,bear
BTCUSDT,2021-06-08,33472.63,34.5,bear
BTCUSDT,2021-06-09,37345.12,44.96,bear
BTCUSDT,2021-06-10,36702.6,43.71,bear
BTCUSDT,2021-06-11,37334.4,45.32,bull
BTCUSDT,2021-06-12,35552.52,41.7,bull
BTCUSDT,2021-06-13,39097.86,50.21,bull
BTCUSDT,2021-06-14,40218.48,52.57,bull
BTCUSDT,2021-06-15,40406.27,52.97,bull
BTCUSDT,2021-06-16,38347.06,48.15,bull
BTCUSDT,2021-06-17,38053.5,47.49,bull
BTCUSDT,2021-06-18,35787.25,42.61,bear
BTCUSDT,2021-06-19,35615.87,42.26,bear
BTCUSDT,2021-06-20,35698.3,42.51,bear
BTCUSDT,2021-06-21,31676.69,34.71,bear
BTCUSDT,2021-06-22,32505.66,37.26,bear
BTCUSDT,2021-06-23,33723.03,40.92,bear
BTCUSDT,2021-06-24,34662.44,43.65,bear
BTCUSDT,2021-06-25,31637.78,37.62,bear
BTCUSDT,2021-06-26,32186.28,39.26,bear
BTCUSDT,2021-06-27,34649.64,46.1,bear
BTCUSDT,2021-06-28,34434.34,45.62,bull
BTCUSDT,2021-06-29,35867.78,49.43,bull
BTCUSDT,2021-06-30,35040.84,47.37,bull
BTCUSDT,2021-07-01,33572.12,43.87,bear
BTCUSDT,2021-07-02,33897.05,44.84,bull
BTCUSDT,2021-07-03,34668.55,47.18,bull
BTCUSDT,2021-07-04,35287.78,49.04,bull
BTCUSDT,2021-07-05,33746.0,44.8,bear
BTCUSDT,2021-07-06,34235.2,46.38,bear
BTCUSDT,2021-07-07,33855.33,45.3,bear
BTCUSDT,2021-07-08,32877.37,42.53,bear
BTCUSDT,2021-07-09,33798.01,45.88,bear
BTCUSDT,2021-07-10,33520.52,45.03,bear
BTCUSDT,2021-07-11,34240.19,47.74,bear
BTCUSDT,2021-07-12,33155.85,44.2,bear
BTCUSDT,2021-07-13,32702.03,42.78,bear
BTCUSDT,2021-07-14,32822.35,43.3,bear
BTCUSDT,2021-07-15,31780.73,39.9,bear
BTCUSDT,2021-07-16,31421.54,38.77,bear
BTCUSDT,2021-07-17,31533.07,39.35,bear
BTCUSDT,2021-07-18,31796.81,40.76,bear
BTCUSDT,2021-07-19,30817.83,37.28,bear
BTCUSDT,2021-07-20,29807.35,34.05,bear
BTCUSDT,2021-07-21,32110.69,45.62,bear
BTCUSDT,2021-07-22,32313.11,46.51,bull
BTCUSDT,2021-07-23,33581.55,51.81,bull
BTCUSDT,2021-07-24,34292.45,54.54,bull
BTCUSDT,2021-07-25,35350.19,58.31,bull
BTCUSDT,2021-07-26,37337.54,64.31,bull
BTCUSDT,2021-07-27,39406.94,69.26,bull
BTCUSDT,2021-07-28,39995.91,70.52,bull
BTCUSDT,2021-07-29,40008.42,70.55,bull
BTCUSDT,2021-07-30,42235.55,75.02,bull
BTCUSDT,2021-07-31,41626.2,71.81,bull
BTCUSDT,2021-08-01,39974.89,63.83,bull
BTCUSDT,2021-08-02,39201.95,60.45,bull
BTCUSDT,2021-08-03,38152.98,56.1,sideways
BTCUSDT,2021-08-04,39747.5,60.73,sideways
BTCUSDT,2021-08-05,40869.55,63.63,bull
BTCUSDT,2021-08-06,42816.5,68.04,bull
BTCUSDT,2021-08-07,44555.8,71.38,bull
BTCUSDT,2021-08-08,43798.12,68.05,bull
BTCUSDT,2021-08-09,46365.4,72.7,bull
BTCUSDT,2021-08-10,45585.03,69.39,bull
BTCUSDT,2021-08-11,45593.64,69.41,bull
BTCUSDT,2021-08-12,44428.29,64.34,bull
BTCUSDT,2021-08-13,47793.32,70.94,bull
BTCUSDT,2021-08-14,47096.95,68.13,bull
BTCUSDT,2021-08-15,47047.0,67.92,bull
BTCUSDT,2021-08-16,46004.48,63.56,sideways
BTCUSDT,2021-08-17,44695.36,58.49,sideways
BTCUSDT,2021-08-18,44801.19,58.77,sideways
BTCUSDT,2021-08-19,46717.58,63.66,bull
BTCUSDT,2021-08-20,49339.18,69.07,bull
BTCUSDT,2021-08-21,48905.49,67.29,bull
BTCUSDT,2021-08-22,49321.65,68.14,bull
BTCUSDT,2021-08-23,49546.15,68.61,bull
BTCUSDT,2021-08-24,47706.12,60.65,bull
BTCUSDT,2021-08-25,48960.79,63.74,bull
BTCUSDT,2021-08-26,46942.22,56.1,bull
BTCUSDT,2021-08-27,49058.67,61.33,sideways
BTCUSDT,2021-08-28,48902.4,60.76,sideways
BTCUSDT,2021-08-29,48829.83,60.47,sideways
BTCUSDT,2021-08-30,47054.98,53.85,sideways
BTCUSDT,2021-08-31,47166.69,54.19,sideways
BTCUSDT,2021-09-01,48847.03,59.08,sideways
BTCUSDT,2021-09-02,49327.72,60.38,bull
BTCUSDT,2021-09-03,50025.38,62.25,bull
BTCUSDT,2021-09-04,49944.62,61.89,bull
BTCUSDT,2021-09-05,51753.41,66.62,bull
BTCUSDT,2021-09-06,52633.54,68.65,bull
BTCUSDT,2021-09-07,46811.13,47.85,bear
BTCUSDT,2021-09-08,46091.39,45.99,bear
BTCUSDT,2021-09-09,46391.42,46.92,bear
BTCUSDT,2021-09-10,44883.91,42.94,bear
BTCUSDT,2021-09-11,45201.46,44.02,bear
BTCUSDT,2021-09-12,46063.27,46.94,bear
BTCUSDT,2021-09-13,44963.07,43.8,bear
BTCUSDT,2021-09-14,47092.49,50.68,bull
BTCUSDT,2021-09-15,48176.35,53.79,bull
BTCUSDT,2021-09-16,47783.36,52.5,bull
BTCUSDT,2021-09-17,47267.52,50.78,bull
BTCUSDT,2021-09-18,48278.36,53.96,bull
BTCUSDT,2021-09-19,47260.22,50.42,bull
BTCUSDT,2021-09-20,42843.8,38.59,bear
BTCUSDT,2021-09-21,40693.68,34.37,bear
BTCUSDT,2021-09-22,43574.51,43.32,bear
BTCUSDT,2021-09-23,44895.1,46.9,bear
BTCUSDT,2021-09-24,42839.75,42.41,bear
BTCUSDT,2021-09-25,42716.59,42.15,bear
BTCUSDT,2021-09-26,43208.54,43.64,bear
BTCUSDT,2021-09-27,42235.73,41.38,bear
BTCUSDT,2021-09-28,41034.54,38.7,bull
BTCUSDT,2021-09-29,41564.36,40.53,bear
BTCUSDT,2021-09-30,43790.89,47.59,bear
BTCUSDT,2021-10-01,48116.94,58.02,bull
BTCUSDT,2021-10-02,47711.49,56.87,bull
BTCUSDT,2021-10-03,48199.95,57.95,bull
BTCUSDT,2021-10-04,49112.9,59.96,bull
BTCUSDT,2021-10-05,51514.81,64.73,bull
BTCUSDT,2021-10-06,55361.45,70.74,bull
BTCUSDT,2021-10-07,53805.98,65.85,bull
BTCUSDT,2021-10-08,53967.85,66.11,bull
BTCUSDT,2021-10-09,54968.22,67.76,bull
BTCUSDT,2021-10-10,54771.58,67.07,bull
BTCUSDT,2021-10-11,57484.79,71.4,bull
BTCUSDT,2021-10-12,56041.06,66.4,bull
BTCUSDT,2021-10-13,57401.1,68.63,bull
BTCUSDT,2021-10-14,57321.52,68.34,bull
BTCUSDT,2021-10-15,61593.95,74.49,bull
BTCUSDT,2021-10-16,60892.18,72.02,bull
BTCUSDT,2021-10-17,61553.62,72.93,bull
BTCUSDT,2021-10-18,62026.08,73.59,bull
BTCUSDT,2021-10-19,64261.99,76.52,bull
BTCUSDT,2021-10-20,65992.84,78.5,bull
BTCUSDT,2021-10-21,62210.17,65.47,bull
BTCUSDT,2021-10-22,60692.27,61.09,sideways
BTCUSDT,2021-10-23,61393.62,62.34,bull
BTCUSDT,2021-10-24,60930.84,60.94,sideways
BTCUSDT,2021-10-25,63039.82,64.81,bull
BTCUSDT,2021-10-26,60363.79,57.09,bear
BTCUSDT,2021-10-27,58482.39,52.36,bear
BTCUSDT,2021-10-28,60622.14,56.75,bear
BTCUSDT,2021-10-29,62227.96,59.74,bull
BTCUSDT,2021-10-30,61888.83,58.82,bull
BTCUSDT,2021-10-31,61318.96,57.21,bull
BTCUSDT,2021-11-01,61004.41,56.3,sideways
BTCUSDT,2021-11-02,63226.4,61.03,bull
BTCUSDT,2021-11-03,62970.05,60.22,bull
BTCUSDT,2021-11-04,61452.23,55.52,bull
BTCUSDT,2021-11-05,61125.68,54.53,sideways
BTCUSDT,2021-11-06,61527.48,55.58,sideways
BTCUSDT,2021-11-07,63326.99,60.01,bull
BTCUSDT,2021-11-08,67566.83,68.1,bull
BTCUSDT,2021-11-09,66971.83,66.08,bull
BTCUSDT,2021-11-10,64995.23,59.74,bull
BTCUSDT,2021-11-11,64949.96,59.6,bull
BTCUSDT,2021-11-12,64155.94,57.06,bull
BTCUSDT,2021-11-13,64469.53,57.82,bull
BTCUSDT,2021-11-14,65466.84,60.25,bull
BTCUSDT,2021-11-15,63557.87,53.86,bear
BTCUSDT,2021-11-16,60161.25,44.77,bear
BTCUSDT,2021-11-17,60368.01,45.37,bear
BTCUSDT,2021-11-18,56942.14,37.96,bear
BTCUSDT,2021-11-19,58119.58,41.5,bear
BTCUSDT,2021-11-20,59697.2,45.95,bear
BTCUSDT,2021-11-21,58730.48,43.75,bear
BTCUSDT,2021-11-22,56289.29,38.72,bear
BTCUSDT,2021-11-23,57569.07,42.46,bear
BTCUSDT,2021-11-24,56280.43,39.82,bear
BTCUSDT,2021-11-25,57274.68,42.77,bull
BTCUSDT,2021-11-26,53569.77,35.74,bear
BTCUSDT,2021-11-27,54815.08,39.35,bear
BTCUSDT,2021-11-28,57248.46,45.76,bear
BTCUSDT,2021-11-29,57806.57,47.14,bull
BTCUSDT,2021-11-30,57005.43,45.36,sideways
BTCUSDT,2021-12-01,57229.83,45.97,bull
BTCUSDT,2021-12-02,56477.82,44.17,sideways
BTCUSDT,2021-12-03,53598.25,38.04,bull
BTCUSDT,2021-12-04,49200.7,30.96,bear
BTCUSDT,2021-12-05,49368.85,31.49,bear
BTCUSDT,2021-12-06,50582.62,35.31,bear
BTCUSDT,2021-12-07,50700.09,35.68,bear
BTCUSDT,2021-12-08,50504.8,35.32,bear
BTCUSDT,2021-12-09,47672.12,30.45,bear
BTCUSDT,2021-12-10,47243.3,29.78,bear
BTCUSDT,2021-12-11,49362.51,37.13,bull
BTCUSDT,2021-12-12,50098.34,39.5,bull
BTCUSDT,2021-12-13,46737.48,33.32,bear
BTCUSDT,2021-12-14,46612.63,33.12,bear
BTCUSDT,2021-12-15,48896.72,40.42,bear
BTCUSDT,2021-12-16,47665.43,38.01,bear
BTCUSDT,2021-12-17,46202.14,35.32,bear
BTCUSDT,2021-12-18,46848.78,37.43,bear
BTCUSDT,2021-12-19,46707.02,37.14,bear
BTCUSDT,2021-12-20,46880.28,37.77,bull
BTCUSDT,2021-12-21,48936.61,44.79,bull
BTCUSDT,2021-12-22,48628.51,43.99,bear
BTCUSDT,2021-12-23,50784.54,50.65,bull
BTCUSDT,2021-12-24,50822.2,50.76,bull
BTCUSDT,2021-12-25,50429.86,49.52,bull
BTCUSDT,2021-12-26,50809.52,50.77,bull
BTCUSDT,2021-12-27,50640.42,50.18,bull
BTCUSDT,2021-12-28,47588.86,40.84,bear
BTCUSDT,2021-12-29,46444.71,37.99,bear
BTCUSDT,2021-12-30,47178.12,40.84,bear
BTCUSDT,2021-12-31,46306.45,38.57,bear
BTCUSDT,2022-01-01,47686.81,43.89,bear
BTCUSDT,2022-01-02,47345.22,42.9,bear
BTCUSDT,2022-01-03,46458.12,40.35,bear
BTCUSDT,2022-01-04,45897.57,38.79,bear
BTCUSDT,2022-01-05,43569.0,33.05,bear
BTCUSDT,2022-01-06,43160.93,32.15,bear
BTCUSDT,2022-01-07,41557.9,28.83,bear
BTCUSDT,2022-01-08,41733.94,29.69,bear
BTCUSDT,2022-01-09,41911.6,30.6,bear
BTCUSDT,2022-01-10,41821.26,30.38,bear
BTCUSDT,2022-01-11,42735.86,35.34,bear
BTCUSDT,2022-01-12,43949.1,41.31,bull
BTCUSDT,2022-01-13,42591.57,37.17,sideways
BTCUSDT,2022-01-14,43099.7,39.61,bull
BTCUSDT,2022-01-15,43177.4,39.99,bull
BTCUSDT,2022-01-16,43113.88,39.77,bull
BTCUSDT,2022-01-17,42250.55,36.78,bull
BTCUSDT,2022-01-18,42375.63,37.51,sideways
BTCUSDT,2022-01-19,41744.33,35.29,sideways
BTCUSDT,2022-01-20,40680.42,31.86,sideways
BTCUSDT,2022-01-21,36457.32,22.51,bear
BTCUSDT,2022-01-22,35030.25,20.34,bear
BTCUSDT,2022-01-23,36276.8,26.97,bear
BTCUSDT,2022-01-24,36654.33,28.9,bear
BTCUSDT,2022-01-25,36954.0,30.47,bear
BTCUSDT,2022-01-26,36852.12,30.22,bear
BTCUSDT,2022-01-27,37138.23,31.88,bear
BTCUSDT,2022-01-28,37784.33,35.59,bull
BTCUSDT,2022-01-29,38138.18,37.59,bull
BTCUSDT,2022-01-30,37917.6,36.82,bull
BTCUSDT,2022-01-31,38483.12,40.2,bull
BTCUSDT,2022-02-01,38743.27,41.74,bull
BTCUSDT,2022-02-02,36952.98,35.04,bull
BTCUSDT,2022-02-03,37154.6,36.28,bull
BTCUSDT,2022-02-04,41500.88,55.86,bull
BTCUSDT,2022-02-05,41441.16,55.61,bull
BTCUSDT,2022-02-06,42412.43,58.87,bull
BTCUSDT,2022-02-07,43840.29,63.15,bull
BTCUSDT,2022-02-08,44118.45,63.94,bull
BTCUSDT,2022-02-09,44338.8,64.59,bull
BTCUSDT,2022-02-10,43565.11,60.49,bull
BTCUSDT,2022-02-11,42407.94,54.88,bull
BTCUSDT,2022-02-12,42244.47,54.12,bull
BTCUSDT,2022-02-13,42197.52,53.88,sideways
BTCUSDT,2022-02-14,42586.92,55.58,sideways
BTCUSDT,2022-02-15,44575.2,63.07,bull
BTCUSDT,2022-02-16,43961.86,59.72,bear
BTCUSDT,2022-02-17,40538.01,45.29,bear
BTCUSDT,2022-02-18,40030.98,43.61,bear
BTCUSDT,2022-02-19,40122.16,44.01,bear
BTCUSDT,2022-02-20,38431.38,38.52,bear
BTCUSDT,2022-02-21,37075.28,34.78,bear
BTCUSDT,2022-02-22,38286.03,40.35,bear
BTCUSDT,2022-02-23,37296.57,37.53,bear
BTCUSDT,2022-02-24,38332.61,42.1,bear
BTCUSDT,2022-02-25,39214.22,45.74,sideways
BTCUSDT,2022-02-26,39105.15,45.36,sideways
BTCUSDT,2022-02-27,37709.79,40.7,sideways
BTCUSDT,2022-02-28,43193.23,58.66,bull
BTCUSDT,2022-03-01,44354.64,61.33,bull
BTCUSDT,2022-03-02,43924.12,59.79,bull
BTCUSDT,2022-03-03,42451.79,54.72,bull
BTCUSDT,2022-03-04,39137.61,45.39,bear
BTCUSDT,2022-03-05,39400.59,46.18,bull
BTCUSDT,2022-03-06,38419.98,43.66,bull
BTCUSDT,2022-03-07,38062.04,42.75,bear
BTCUSDT,2022-03-08,38737.27,45.09,bear
BTCUSDT,2022-03-09,41982.93,54.67,bear
BTCUSDT,2022-03-10,39437.46,47.65,bear
BTCUSDT,2022-03-11,38794.97,46.04,bear
BTCUSDT,2022-03-12,38904.01,46.37,bear
BTCUSDT,2022-03-13,37849.66,43.59,bear
BTCUSDT,2022-03-14,39666.75,49.24,bull
BTCUSDT,2022-03-15,39338.79,48.3,bull
BTCUSDT,2022-03-16,41143.93,53.56,bear
BTCUSDT,2022-03-17,40951.38,52.94,bull
BTCUSDT,2022-03-18,41801.16,55.39,bull
BTCUSDT,2022-03-19,42190.65,56.51,bull
BTCUSDT,2022-03-20,41247.82,53.04,bull
BTCUSDT,2022-03-21,41078.0,52.42,bull
BTCUSDT,2022-03-22,42358.81,56.57,bull
BTCUSDT,2022-03-23,42892.96,58.2,bull
BTCUSDT,2022-03-24,43960.93,61.34,bull
BTCUSDT,2022-03-25,44348.73,62.44,bull
BTCUSDT,2022-03-26,44500.83,62.89,bull
BTCUSDT,2022-03-27,46820.49,68.95,bull
BTCUSDT,2022-03-28,47128.0,69.66,bull
BTCUSDT,2022-03-29,47465.73,70.45,bull
BTCUSDT,2022-03-30,47062.66,68.15,bull
BTCUSDT,2022-03-31,45538.68,60.16,bull
BTCUSDT,2022-04-01,46281.64,62.47,bull
BTCUSDT,2022-04-02,45868.95,60.37,bull
BTCUSDT,2022-04-03,46453.57,62.3,sideways
BTCUSDT,2022-04-04,46622.68,62.87,sideways
BTCUSDT,2022-04-05,45555.99,57.08,sideways
BTCUSDT,2022-04-06,43206.74,46.84,sideways
BTCUSDT,2022-04-07,43503.85,48.11,sideways
BTCUSDT,2022-04-08,42287.66,43.53,sideways
BTCUSDT,2022-04-09,42782.14,45.79,sideways
BTCUSDT,2022-04-10,42207.67,43.61,bear
BTCUSDT,2022-04-11,39521.9,35.17,bear
BTCUSDT,2022-04-12,40127.18,38.08,bear
BTCUSDT,2022-04-13,41166.73,42.82,sideways
BTCUSDT,2022-04-14,39935.52,39.01,sideways
BTCUSDT,2022-04-15,40553.46,41.81,sideways
BTCUSDT,2022-04-16,40424.48,41.38,sideways
BTCUSDT,2022-04-17,39716.95,39.03,sideways
BTCUSDT,2022-04-18,40826.21,44.37,bull
BTCUSDT,2022-04-19,41502.75,47.4,bull
BTCUSDT,2022-04-20,41374.38,46.88,bull
BTCUSDT,2022-04-21,40527.36,43.48,bull
BTCUSDT,2022-04-22,39740.32,40.54,sideways
BTCUSDT,2022-04-23,39486.73,39.61,sideways
BTCUSDT,2022-04-24,39469.29,39.54,sideways
BTCUSDT,2022-04-25,40458.31,45.22,sideways
BTCUSDT,2022-04-26,38117.46,36.49,sideways
BTCUSDT,2022-04-27,39241.12,42.25,sideways
BTCUSDT,2022-04-28,39773.83,44.81,sideways
BTCUSDT,2022-04-29,38609.82,40.58,sideways
BTCUSDT,2022-04-30,37714.88,37.64,sideways
BTCUSDT,2022-05-01,38469.09,41.49,sideways
BTCUSDT,2022-05-02,38529.33,41.8,sideways
BTCUSDT,2022-05-03,37750.45,38.93,sideways
BTCUSDT,2022-05-04,39698.37,48.44,bull
BTCUSDT,2022-05-05,36575.14,38.18,bear
BTCUSDT,2022-05-06,36040.92,36.74,bear
BTCUSDT,2022-05-07,35501.95,35.3,bear
BTCUSDT,2022-05-08,34059.27,31.72,bear
BTCUSDT,2022-05-09,30296.95,24.68,bear
BTCUSDT,2022-05-10,31022.91,28.0,bear
BTCUSDT,2022-05-11,28936.36,24.64,bear
BTCUSDT,2022-05-12,29047.75,25.15,bear
BTCUSDT,2022-05-13,29283.1,26.3,bear
BTCUSDT,2022-05-14,30101.27,30.31,bear
BTCUSDT,2022-05-15,31305.11,35.84,bear
BTCUSDT,2022-05-16,29862.92,32.51,bear
BTCUSDT,2022-05-17,30425.86,35.05,bear
BTCUSDT,2022-05-18,28720.27,31.22,bear
BTCUSDT,2022-05-19,30314.33,38.03,bull
BTCUSDT,2022-05-20,29200.74,35.39,bear
BTCUSDT,2022-05-21,29432.23,36.38,bear
BTCUSDT,2022-05-22,30323.72,40.17,bear
BTCUSDT,2022-05-23,29098.91,36.92,bear
BTCUSDT,2022-05-24,29655.59,39.32,bear
BTCUSDT,2022-05-25,29562.36,39.06,bull
BTCUSDT,2022-05-26,29267.22,38.17,bear
BTCUSDT,2022-05-27,28627.57,36.24,bear
BTCUSDT,2022-05-28,28814.9,37.24,bear
BTCUSDT,2022-05-29,29445.96,40.61,bear
BTCUSDT,2022-05-30,31726.39,50.89,bull
BTCUSDT,2022-05-31,31792.31,51.15,bull
BTCUSDT,2022-06-01,29799.08,43.55,bull
BTCUSDT,2022-06-02,30467.49,46.43,bull
BTCUSDT,2022-06-03,29704.39,43.69,bull
BTCUSDT,2022-06-04,29832.91,44.29,bull
BTCUSDT,2022-06-05,29906.66,44.65,bull
BTCUSDT,2022-06-06,31370.67,51.4,bear
BTCUSDT,2022-06-07,31155.48,50.42,bear
BTCUSDT,2022-06-08,30214.36,46.3,bull
BTCUSDT,2022-06-09,30112.0,45.86,bear
BTCUSDT,2022-06-10,29083.8,41.59,bear
BTCUSDT,2022-06-11,28360.81,38.85,bear
BTCUSDT,2022-06-12,26762.65,33.58,bear
BTCUSDT,2022-06-13,22487.39,24.15,bear
BTCUSDT,2022-06-14,22206.79,23.68,bear
BTCUSDT,2022-06-15,22572.84,25.71,bear
BTCUSDT,2022-06-16,20381.65,21.94,bear
BTCUSDT,2022-06-17,20471.48,22.44,bear
BTCUSDT,2022-06-18,19017.64,20.18,bear
BTCUSDT,2022-06-19,20553.27,28.39,bear
BTCUSDT,2022-06-20,20599.54,28.63,bear
BTCUSDT,2022-06-21,20710.6,29.23,bear
BTCUSDT,2022-06-22,19987.03,27.59,bear
BTCUSDT,2022-06-23,21085.88,33.7,bull
BTCUSDT,2022-06-24,21231.66,34.49,bull
BTCUSDT,2022-06-25,21502.34,36.02,bull
BTCUSDT,2022-06-26,21027.29,34.5,bull
BTCUSDT,2022-06-27,20735.48,33.56,bull
BTCUSDT,2022-06-28,20280.63,32.1,bear
BTCUSDT,2022-06-29,20104.02,31.53,bull
BTCUSDT,2022-06-30,19784.73,30.47,bear
BTCUSDT,2022-07-01,19269.37,28.78,bear
BTCUSDT,2022-07-02,19242.26,28.69,bear
BTCUSDT,2022-07-03,19297.08,29.17,bear
BTCUSDT,2022-07-04,20231.26,36.98,bear
BTCUSDT,2022-07-05,20190.12,36.79,bear
BTCUSDT,2022-07-06,20548.25,39.73,bull
BTCUSDT,2022-07-07,21637.59,47.69,bull
BTCUSDT,2022-07-08,21731.12,48.32,bull
BTCUSDT,2022-07-09,21592.21,47.41,bull
BTCUSDT,2022-07-10,20860.45,42.81,bull
BTCUSDT,2022-07-11,19970.56,37.98,sideways
BTCUSDT,2022-07-12,19323.91,34.9,sideways
BTCUSDT,2022-07-13,20212.07,41.87,sideways
BTCUSDT,2022-07-14,20569.92,44.45,sideways
BTCUSDT,2022-07-15,20836.33,46.36,sideways
BTCUSDT,2022-07-16,21190.32,48.88,sideways
BTCUSDT,2022-07-17,20779.34,46.17,sideways
BTCUSDT,2022-07-18,22485.69,56.85,bull
BTCUSDT,2022-07-19,23389.43,61.24,bull
BTCUSDT,2022-07-20,23231.73,60.09,bull
BTCUSDT,2022-07-21,23164.63,59.58,bull
BTCUSDT,2022-07-22,22714.98,56.13,bull
BTCUSDT,2022-07-23,22465.48,54.25,bull
BTCUSDT,2022-07-24,22609.16,55.18,bull
BTCUSDT,2022-07-25,21361.7,46.37,bear
BTCUSDT,2022-07-26,21239.75,45.6,bear
BTCUSDT,2022-07-27,22930.55,56.37,bear
BTCUSDT,2022-07-28,23843.89,60.88,bull
BTCUSDT,2022-07-29,23804.63,60.59,bull
BTCUSDT,2022-07-30,23656.21,59.44,bull
BTCUSDT,2022-07-31,23336.9,56.93,bull
BTCUSDT,2022-08-01,23314.2,56.75,bull
BTCUSDT,2022-08-02,22978.12,53.98,bull
BTCUSDT,2022-08-03,22846.51,52.89,sideways
BTCUSDT,2022-08-04,22630.96,51.07,sideways
BTCUSDT,2022-08-05,23289.31,56.04,sideways
BTCUSDT,2022-08-06,22961.28,53.15,sideways
BTCUSDT,2022-08-07,23175.89,54.79,sideways
BTCUSDT,2022-08-08,23809.49,59.33,bull
BTCUSDT,2022-08-09,23164.32,53.44,bull
BTCUSDT,2022-08-10,23947.64,58.79,bull
BTCUSDT,2022-08-11,23957.53,58.86,bull
BTCUSDT,2022-08-12,24402.82,61.75,bull
BTCUSDT,2022-08-13,24424.07,61.88,bull
BTCUSDT,2022-08-14,24319.33,60.72,bull
BTCUSDT,2022-08-15,24136.97,58.66,bull
BTCUSDT,2022-08-16,23883.29,55.82,bull
BTCUSDT,2022-08-17,23336.0,50.18,sideways
BTCUSDT,2022-08-18,23212.74,48.98,sideways
BTCUSDT,2022-08-19,20877.55,32.91,bear
BTCUSDT,2022-08-20,21166.06,35.72,bear
BTCUSDT,2022-08-21,21534.12,39.21,bear
BTCUSDT,2022-08-22,21398.91,38.38,bear
BTCUSDT,2022-08-23,21528.09,39.69,bear
BTCUSDT,2022-08-24,21395.02,38.78,bear
BTCUSDT,2022-08-25,21600.9,41.04,sideways
BTCUSDT,2022-08-26,20260.02,32.61,sideways
BTCUSDT,2022-08-27,20041.74,31.47,sideways
BTCUSDT,2022-08-28,19616.81,29.33,sideways
BTCUSDT,2022-08-29,20297.99,36.75,sideways
BTCUSDT,2022-08-30,19796.81,33.93,sideways
BTCUSDT,2022-08-31,20049.76,36.58,sideways
BTCUSDT,2022-09-01,20127.14,37.4,sideways
BTCUSDT,2022-09-02,19969.77,36.36,sideways
BTCUSDT,2022-09-03,19832.09,35.44,sideways
BTCUSDT,2022-09-04,19986.71,37.37,bull
BTCUSDT,2022-09-05,19812.37,36.06,sideways
BTCUSDT,2022-09-06,18837.67,29.78,sideways
BTCUSDT,2022-09-07,19290.32,35.41,sideways
BTCUSDT,2022-09-08,19329.83,35.89,sideways
BTCUSDT,2022-09-09,21381.15,54.78,bull
BTCUSDT,2022-09-10,21680.54,56.78,bull
BTCUSDT,2022-09-11,21769.26,57.39,bull
BTCUSDT,2022-09-12,22370.45,61.32,bull
BTCUSDT,2022-09-13,20296.71,45.66,bull
BTCUSDT,2022-09-14,20241.09,45.33,bull
BTCUSDT,2022-09-15,19701.21,42.11,bull
BTCUSDT,2022-09-16,19772.58,42.69,bear
BTCUSDT,2022-09-17,20127.58,45.61,bear
BTCUSDT,2022-09-18,19419.51,41.11,bear
BTCUSDT,2022-09-19,19544.13,42.19,bear
BTCUSDT,2022-09-20,18890.79,38.23,bear
BTCUSDT,2022-09-21,18547.4,36.3,bear
BTCUSDT,2022-09-22,19413.55,43.98,bear
BTCUSDT,2022-09-23,19297.64,43.23,bear
BTCUSDT,2022-09-24,18937.01,40.89,bear
BTCUSDT,2022-09-25,18802.1,40.02,bear
BTCUSDT,2022-09-26,19222.67,44.03,bear
BTCUSDT,2022-09-27,19110.55,43.2,bull
BTCUSDT,2022-09-28,19426.72,46.27,bull
BTCUSDT,2022-09-29,19573.05,47.68,bull
BTCUSDT,2022-09-30,19431.79,46.41,bull
BTCUSDT,2022-10-01,19312.1,45.31,bull
BTCUSDT,2022-10-02,19044.11,42.87,bull
BTCUSDT,2022-10-03,19623.58,49.25,bull
BTCUSDT,2022-10-04,20336.84,55.79,bull
BTCUSDT,2022-10-05,20160.72,53.94,bull
BTCUSDT,2022-10-06,19955.44,51.79,bull
BTCUSDT,2022-10-07,19546.85,47.7,bull
BTCUSDT,2022-10-08,19416.57,46.44,bull
BTCUSDT,2022-10-09,19446.43,46.79,bull
BTCUSDT,2022-10-10,19141.48,43.68,sideways
BTCUSDT,2022-10-11,19051.42,42.78,sideways
BTCUSDT,2022-10-12,19157.45,44.24,sideways
BTCUSDT,2022-10-13,19382.9,47.32,sideways
BTCUSDT,2022-10-14,19185.66,44.98,sideways
BTCUSDT,2022-10-15,19067.63,43.59,sideways
BTCUSDT,2022-10-16,19268.09,46.61,sideways
BTCUSDT,2022-10-17,19550.76,50.62,bull
BTCUSDT,2022-10-18,19334.42,47.67,bull
BTCUSDT,2022-10-19,19139.54,45.12,sideways
BTCUSDT,2022-10-20,19053.74,44.0,sideways
BTCUSDT,2022-10-21,19172.47,45.99,sideways
BTCUSDT,2022-10-22,19208.19,46.61,bull
BTCUSDT,2022-10-23,19567.01,52.47,bull
BTCUSDT,2022-10-24,19345.57,48.9,sideways
BTCUSDT,2022-10-25,20095.86,59.06,bull
BTCUSDT,2022-10-26,20770.44,65.67,bull
BTCUSDT,2022-10-27,20285.84,58.38,bull
BTCUSDT,2022-10-28,20595.35,61.33,bull
BTCUSDT,2022-10-29,20818.48,63.35,bull
BTCUSDT,2022-10-30,20635.6,60.56,bull
BTCUSDT,2022-10-31,20495.77,58.44,bull
BTCUSDT,2022-11-01,20485.27,58.28,bull
BTCUSDT,2022-11-02,20159.5,53.25,sideways
BTCUSDT,2022-11-03,20209.99,53.92,sideways
BTCUSDT,2022-11-04,21147.23,64.09,bull
BTCUSDT,2022-11-05,21282.69,65.29,bull
BTCUSDT,2022-11-06,20926.49,59.67,bull
BTCUSDT,2022-11-07,20602.82,55.04,bull
BTCUSDT,2022-11-08,18541.27,35.91,bear
BTCUSDT,2022-11-09,15880.78,24.22,bear
BTCUSDT,2022-11-10,17586.77,38.13,bear
BTCUSDT,2022-11-11,17034.29,35.84,bear
BTCUSDT,2022-11-12,16799.19,34.87,bear
BTCUSDT,2022-11-13,16353.37,33.06,bear
BTCUSDT,2022-11-14,16618.2,35.22,bear
BTCUSDT,2022-11-15,16884.61,37.4,bear
BTCUSDT,2022-11-16,16669.44,36.33,bull
BTCUSDT,2022-11-17,16687.52,36.5,bear
BTCUSDT,2022-11-18,16697.78,36.6,bear
BTCUSDT,2022-11-19,16711.55,36.74,bear
BTCUSDT,2022-11-20,16291.83,34.2,bear
BTCUSDT,2022-11-21,15787.28,31.4,bear
BTCUSDT,2022-11-22,16189.77,35.91,bear
BTCUSDT,2022-11-23,16610.71,40.34,bear
BTCUSDT,2022-11-24,16604.46,40.3,bear
BTCUSDT,2022-11-25,16521.84,39.67,bear
BTCUSDT,2022-11-26,16464.28,39.22,bear
BTCUSDT,2022-11-27,16444.63,39.05,bull
BTCUSDT,2022-11-28,16217.32,37.11,bull
BTCUSDT,2022-11-29,16444.98,40.31,bull
BTCUSDT,2022-11-30,17168.57,49.16,bull
BTCUSDT,2022-12-01,16967.13,47.07,bull
BTCUSDT,2022-12-02,17088.66,48.5,bull
BTCUSDT,2022-12-03,16908.24,46.49,bull
BTCUSDT,2022-12-04,17130.49,49.27,bull
BTCUSDT,2022-12-05,16974.83,47.42,bull
BTCUSDT,2022-12-06,17089.5,48.94,bull
BTCUSDT,2022-12-07,16848.13,45.92,sideways
BTCUSDT,2022-12-08,17233.47,51.11,bull
BTCUSDT,2022-12-09,17133.15,49.77,bull
BTCUSDT,2022-12-10,17128.72,49.71,bull
BTCUSDT,2022-12-11,17104.19,49.34,sideways
BTCUSDT,2022-12-12,17206.44,50.96,bull
BTCUSDT,2022-12-13,17781.32,58.92,bull
BTCUSDT,2022-12-14,17815.65,59.34,bull
BTCUSDT,2022-12-15,17364.87,51.78,bull
BTCUSDT,2022-12-16,16647.48,42.5,sideways
BTCUSDT,2022-12-17,16795.09,44.7,sideways
BTCUSDT,2022-12-18,16757.98,44.24,sideways
BTCUSDT,2022-12-19,16439.68,40.42,sideways
BTCUSDT,2022-12-20,16906.3,47.57,sideways
BTCUSDT,2022-12-21,16817.54,46.43,sideways
BTCUSDT,2022-12-22,16830.34,46.63,sideways
BTCUSDT,2022-12-23,16796.95,46.14,bull
BTCUSDT,2022-12-24,16847.76,47.04,bull
BTCUSDT,2022-12-25,16841.99,46.94,bull
BTCUSDT,2022-12-26,16919.8,48.46,bull
BTCUSDT,2022-12-27,16717.17,44.86,sideways
BTCUSDT,2022-12-28,16552.57,42.12,sideways
BTCUSDT,2022-12-29,16642.34,44.13,sideways
BTCUSDT,2022-12-30,16602.59,43.41,sideways
BTCUSDT,2022-12-31,16547.5,42.38,sideways
BTCUSDT,2023-01-01,16625.08,44.38,sideways
BTCUSDT,2023-01-02,16688.47,46.02,sideways
BTCUSDT,2023-01-03,16679.86,45.83,sideways
BTCUSDT,2023-01-04,16863.24,50.7,bull
BTCUSDT,2023-01-05,16836.74,50.0,bull
BTCUSDT,2023-01-06,16951.97,53.04,bull
BTCUSDT,2023-01-07,16955.08,53.12,bull
BTCUSDT,2023-01-08,17091.14,56.71,bull
BTCUSDT,2023-01-09,17196.55,59.31,bull
BTCUSDT,2023-01-10,17446.29,64.72,bull
BTCUSDT,2023-01-11,17934.9,72.44,bull
BTCUSDT,2023-01-12,18869.59,81.01,bull
BTCUSDT,2023-01-13,19909.57,86.16,bull
BTCUSDT,2023-01-14,20976.3,89.35,bull
BTCUSDT,2023-01-15,20880.8,87.41,bull
BTCUSDT,2023-01-16,21169.63,88.24,bull
BTCUSDT,2023-01-17,21161.52,88.07,bull
BTCUSDT,2023-01-18,20688.78,78.26,bull
BTCUSDT,2023-01-19,21086.79,80.25,bull
BTCUSDT,2023-01-20,22676.55,85.84,bull
BTCUSDT,2023-01-21,22777.62,86.11,bull
BTCUSDT,2023-01-22,22720.42,85.12,bull
BTCUSDT,2023-01-23,22934.43,85.78,bull
BTCUSDT,2023-01-24,22636.47,80.46,bull
BTCUSDT,2023-01-25,23117.86,82.36,bull
BTCUSDT,2023-01-26,23032.78,80.86,bull
BTCUSDT,2023-01-27,23078.73,81.06,bull
BTCUSDT,2023-01-28,23031.09,80.13,bull
BTCUSDT,2023-01-29,23774.57,83.36,bull
BTCUSDT,2023-01-30,22840.14,68.32,sideways
BTCUSDT,2023-01-31,23139.28,70.17,bull
BTCUSDT,2023-02-01,23723.77,73.45,bull
BTCUSDT,2023-02-02,23471.87,69.89,bull
BTCUSDT,2023-02-03,23449.32,69.56,bull
BTCUSDT,2023-02-04,23331.85,67.79,bull
BTCUSDT,2023-02-05,22955.67,62.33,sideways
BTCUSDT,2023-02-06,22760.11,59.64,sideways
BTCUSDT,2023-02-07,23264.29,63.96,bull
BTCUSDT,2023-02-08,22939.4,59.54,sideways
BTCUSDT,2023-02-09,21819.04,47.37,sideways
BTCUSDT,2023-02-10,21651.18,45.86,sideways
BTCUSDT,2023-02-11,21870.88,48.19,sideways
BTCUSDT,2023-02-12,21788.2,47.36,sideways
BTCUSDT,2023-02-13,21808.1,47.6,sideways
BTCUSDT,2023-02-14,22220.8,52.31,sideways
BTCUSDT,2023-02-15,24307.84,67.99,bull
BTCUSDT,2023-02-16,23623.47,60.92,bull
BTCUSDT,2023-02-17,24565.6,66.14,bull
BTCUSDT,2023-02-18,24641.28,66.53,bull
BTCUSDT,2023-02-19,24327.64,63.3,bull
BTCUSDT,2023-02-20,24829.15,66.13,bull
BTCUSDT,2023-02-21,24436.35,62.09,bull
BTCUSDT,2023-02-22,24188.84,59.62,sideways
BTCUSDT,2023-02-23,23947.49,57.23,bull
BTCUSDT,2023-02-24,23198.13,50.46,sideways
BTCUSDT,2023-02-25,23175.38,50.26,sideways
BTCUSDT,2023-02-26,23561.21,53.53,sideways
BTCUSDT,2023-02-27,23522.87,53.16,sideways
BTCUSDT,2023-02-28,23147.35,49.51,sideways
BTCUSDT,2023-03-01,23646.55,54.03,sideways
BTCUSDT,2023-03-02,23475.47,52.3,sideways
BTCUSDT,2023-03-03,22362.68,42.74,sideways
BTCUSDT,2023-03-04,22353.35,42.66,sideways
BTCUSDT,2023-03-05,22435.51,43.55,sideways
BTCUSDT,2023-03-06,22429.76,43.5,sideways
BTCUSDT,2023-03-07,22219.77,41.6,sideways
BTCUSDT,2023-03-08,21718.08,37.41,bear
BTCUSDT,2023-03-09,20363.02,28.92,bear
BTCUSDT,2023-03-10,20187.24,28.03,bear
BTCUSDT,2023-03-11,20632.41,33.6,bear
BTCUSDT,2023-03-12,22163.95,48.38,bear
BTCUSDT,2023-03-13,24197.53,60.84,bull
BTCUSDT,2023-03-14,24746.07,63.41,bull
BTCUSDT,2023-03-15,24375.96,60.53,bull
BTCUSDT,2023-03-16,25052.79,63.77,bull
BTCUSDT,2023-03-17,27423.93,72.34,bull
BTCUSDT,2023-03-18,26965.88,68.95,bull
BTCUSDT,2023-03-19,28038.68,72.24,bull
BTCUSDT,2023-03-20,27767.24,70.21,bull
BTCUSDT,2023-03-21,28175.82,71.51,bull
BTCUSDT,2023-03-22,27307.44,65.04,bull
BTCUSDT,2023-03-23,28333.97,68.65,bull
BTCUSDT,2023-03-24,27493.29,62.92,bull
BTCUSDT,2023-03-25,27494.71,62.92,bull
BTCUSDT,2023-03-26,27994.33,64.94,bear
BTCUSDT,2023-03-27,27139.89,59.03,bear
BTCUSDT,2023-03-28,27268.13,59.62,bear
BTCUSDT,2023-03-29,28348.44,64.32,bull
BTCUSDT,2023-03-30,28033.56,62.05,bear
BTCUSDT,2023-03-31,28478.48,63.98,bull
BTCUSDT,2023-04-01,28411.04,63.45,bull
BTCUSDT,2023-04-02,28199.31,61.74,bull
BTCUSDT,2023-04-03,27790.22,58.44,bull
BTCUSDT,2023-04-04,28168.09,60.54,bull
BTCUSDT,2023-04-05,28177.98,60.59,sideways
BTCUSDT,2023-04-06,28044.14,59.36,bull
BTCUSDT,2023-04-07,27925.86,58.24,sideways
BTCUSDT,2023-04-08,27947.79,58.4,sideways
BTCUSDT,2023-04-09,28333.05,61.16,bull
BTCUSDT,2023-04-10,29652.98,68.81,bull
BTCUSDT,2023-04-11,30235.06,71.48,bull
BTCUSDT,2023-04-12,30139.05,70.41,bull
BTCUSDT,2023-04-13,30399.07,71.64,bull
BTCUSDT,2023-04-14,30485.7,72.06,bull
BTCUSDT,2023-04-15,30318.5,69.92,bull
BTCUSDT,2023-04-16,30315.36,69.87,bull
BTCUSDT,2023-04-17,29445.04,59.22,sideways
BTCUSDT,2023-04-18,30397.55,65.43,bull
BTCUSDT,2023-04-19,28822.68,51.48,sideways
BTCUSDT,2023-04-20,28245.99,47.48,sideways
BTCUSDT,2023-04-21,27276.91,41.63,sideways
BTCUSDT,2023-04-22,27817.5,45.65,sideways
BTCUSDT,2023-04-23,27591.38,44.28,sideways
BTCUSDT,2023-04-24,27525.34,43.87,sideways
BTCUSDT,2023-04-25,28307.6,49.86,sideways
BTCUSDT,2023-04-26,28422.7,50.7,sideways
BTCUSDT,2023-04-27,29473.79,57.63,bull
BTCUSDT,2023-04-28,29340.26,56.54,bull
BTCUSDT,2023-04-29,29248.49,55.76,bull
BTCUSDT,2023-04-30,29268.81,55.91,bull
BTCUSDT,2023-05-01,28091.57,46.42,bull
BTCUSDT,2023-05-02,28680.54,50.91,bull
BTCUSDT,2023-05-03,29006.31,53.24,bull
BTCUSDT,2023-05-04,28847.71,51.95,sideways
BTCUSDT,2023-05-05,29534.38,56.84,bull
BTCUSDT,2023-05-06,28904.62,51.65,sideways
BTCUSDT,2023-05-07,28454.98,48.26,sideways
BTCUSDT,2023-05-08,27694.27,43.1,sideways
BTCUSDT,2023-05-09,27658.78,42.87,sideways
BTCUSDT,2023-05-10,27621.76,42.62,sideways
BTCUSDT,2023-05-11,27000.79,38.47,sideways
BTCUSDT,2023-05-12,26804.99,37.24,sideways
BTCUSDT,2023-05-13,26784.08,37.11,sideways
BTCUSDT,2023-05-14,26930.64,38.8,sideways
BTCUSDT,2023-05-15,27192.69,41.81,sideways
BTCUSDT,2023-05-16,27036.65,40.53,sideways
BTCUSDT,2023-05-17,27398.8,44.76,sideways
BTCUSDT,2023-05-18,26832.21,39.97,sideways
BTCUSDT,2023-05-19,26890.13,40.67,bull
BTCUSDT,2023-05-20,27129.59,43.59,bull
BTCUSDT,2023-05-21,26753.83,40.24,sideways
BTCUSDT,2023-05-22,26851.28,41.5,sideways
BTCUSDT,2023-05-23,27225.73,46.18,bull
BTCUSDT,2023-05-24,26334.82,38.32,sideways
BTCUSDT,2023-05-25,26476.21,40.07,sideways
BTCUSDT,2023-05-26,26719.29,43.05,sideways
BTCUSDT,2023-05-27,26868.35,44.86,sideways
BTCUSDT,2023-05-28,28085.65,56.9,bull
BTCUSDT,2023-05-29,27745.88,53.39,bull
BTCUSDT,2023-05-30,27702.35,52.94,bull
BTCUSDT,2023-05-31,27219.66,48.1,bull
BTCUSDT,2023-06-01,26819.97,44.48,bull
BTCUSDT,2023-06-02,27249.59,48.93,bull
BTCUSDT,2023-06-03,27075.13,47.27,bull
BTCUSDT,2023-06-04,27119.07,47.75,sideways
BTCUSDT,2023-06-05,25760.1,36.63,sideways
BTCUSDT,2023-06-06,27238.78,50.22,sideways
BTCUSDT,2023-06-07,26346.0,44.07,sideways
BTCUSDT,2023-06-08,26508.22,45.38,sideways
BTCUSDT,2023-06-09,26480.38,45.19,sideways
BTCUSDT,2023-06-10,25851.24,40.9,sideways
BTCUSDT,2023-06-11,25940.17,41.74,sideways
BTCUSDT,2023-06-12,25902.5,41.47,bull
BTCUSDT,2023-06-13,25918.73,41.65,sideways
BTCUSDT,2023-06-14,25124.68,35.99,sideways
BTCUSDT,2023-06-15,25576.39,40.91,sideways
BTCUSDT,2023-06-16,26327.46,48.05,sideways
BTCUSDT,2023-06-17,26510.68,49.65,bull
BTCUSDT,2023-06-18,26336.21,48.13,bull
BTCUSDT,2023-06-19,26851.03,52.73,bull
BTCUSDT,2023-06-20,28327.49,62.89,bull
BTCUSDT,2023-06-21,30027.3,70.7,bull
BTCUSDT,2023-06-22,29912.28,69.63,bull
BTCUSDT,2023-06-23,30695.47,72.66,bull
BTCUSDT,2023-06-24,30548.7,71.22,bull
BTCUSDT,2023-06-25,30480.26,70.52,bull
BTCUSDT,2023-06-26,30271.13,68.32,bull
BTCUSDT,2023-06-27,30688.16,70.31,bull
BTCUSDT,2023-06-28,30086.25,64.05,bull
BTCUSDT,2023-06-29,30445.35,66.0,bull
BTCUSDT,2023-06-30,30477.25,66.17,sideways
BTCUSDT,2023-07-01,30590.08,66.82,bull
BTCUSDT,2023-07-02,30620.77,67.01,bull
BTCUSDT,2023-07-03,31156.44,70.15,bull
BTCUSDT,2023-07-04,30777.58,65.4,bull
BTCUSDT,2023-07-05,30514.17,62.25,bull
BTCUSDT,2023-07-06,29909.34,55.61,sideways
BTCUSDT,2023-07-07,30342.27,58.98,sideways
BTCUSDT,2023-07-08,30292.54,58.44,sideways
BTCUSDT,2023-07-09,30171.23,57.04,sideways
BTCUSDT,2023-07-10,30414.47,59.15,sideways
BTCUSDT,2023-07-11,30620.95,60.9,sideways
BTCUSDT,2023-07-12,30391.65,57.93,sideways
BTCUSDT,2023-07-13,31476.05,66.3,bull
BTCUSDT,2023-07-14,30334.07,54.09,sideways
BTCUSDT,2023-07-15,30295.81,53.74,bull
BTCUSDT,2023-07-16,30249.13,53.27,bull
BTCUSDT,2023-07-17,30145.89,52.2,sideways
BTCUSDT,2023-07-18,29856.56,49.22,sideways
BTCUSDT,2023-07-19,29913.92,49.84,sideways
BTCUSDT,2023-07-20,29792.02,48.5,sideways
BTCUSDT,2023-07-21,29908.74,49.89,sideways
BTCUSDT,2023-07-22,29771.8,48.24,sideways
BTCUSDT,2023-07-23,30084.54,52.12,sideways
BTCUSDT,2023-07-24,29176.92,42.24,sideways
BTCUSDT,2023-07-25,29227.39,42.89,sideways
BTCUSDT,2023-07-26,29354.97,44.58,sideways
BTCUSDT,2023-07-27,29210.69,43.03,sideways
BTCUSDT,2023-07-28,29319.25,44.59,sideways
BTCUSDT,2023-07-29,29356.92,45.15,sideways
BTCUSDT,2023-07-30,29275.31,44.11,sideways
BTCUSDT,2023-07-31,29230.11,43.51,bull
BTCUSDT,2023-08-01,29675.73,50.65,bull
BTCUSDT,2023-08-02,29151.96,43.66,sideways
BTCUSDT,2023-08-03,29178.68,44.09,sideways
BTCUSDT,2023-08-04,29074.09,42.73,sideways
BTCUSDT,2023-08-05,29042.13,42.3,sideways
BTCUSDT,2023-08-06,29041.86,42.3,sideways
BTCUSDT,2023-08-07,29180.58,45.07,sideways
BTCUSDT,2023-08-08,29765.49,54.89,bull
BTCUSDT,2023-08-09,29561.49,51.44,bull
BTCUSDT,2023-08-10,29429.59,49.28,bull
BTCUSDT,2023-08-11,29397.71,48.74,bull
BTCUSDT,2023-08-12,29415.96,49.08,bull
BTCUSDT,2023-08-13,29282.91,46.66,bull
BTCUSDT,2023-08-14,29408.44,49.21,bull
BTCUSDT,2023-08-15,29170.35,44.83,sideways
BTCUSDT,2023-08-16,28701.78,37.72,sideways
BTCUSDT,2023-08-17,26664.55,21.64,bear
BTCUSDT,2023-08-18,26049.56,19.01,bear
BTCUSDT,2023-08-19,26096.21,19.81,bear
BTCUSDT,2023-08-20,26189.58,21.47,bear
BTCUSDT,2023-08-21,26124.14,21.14,bear
BTCUSDT,2023-08-22,26031.66,20.66,bear
BTCUSDT,2023-08-23,26431.64,28.32,sideways
BTCUSDT,2023-08-24,26162.37,26.47,sideways
BTCUSDT,2023-08-25,26047.67,25.7,sideways
BTCUSDT,2023-08-26,26008.46,25.42,sideways
BTCUSDT,2023-08-27,26089.69,27.15,sideways
BTCUSDT,2023-08-28,26106.15,27.51,sideways
BTCUSDT,2023-08-29,27727.39,52.71,bull
BTCUSDT,2023-08-30,27297.27,47.95,bull
BTCUSDT,2023-08-31,25931.47,36.63,sideways
BTCUSDT,2023-09-01,25800.72,35.76,sideways
BTCUSDT,2023-09-02,25868.8,36.61,sideways
BTCUSDT,2023-09-03,25969.57,37.91,sideways
BTCUSDT,2023-09-04,25812.42,36.64,sideways
BTCUSDT,2023-09-05,25779.98,36.38,sideways
BTCUSDT,2023-09-06,25753.24,36.14,sideways
BTCUSDT,2023-09-07,26240.2,43.35,bull
BTCUSDT,2023-09-08,25905.65,40.01,bull
BTCUSDT,2023-09-09,25895.68,39.91,bull
BTCUSDT,2023-09-10,25832.23,39.24,sideways
BTCUSDT,2023-09-11,25162.65,33.01,sideways
BTCUSDT,2023-09-12,25833.34,42.81,bull
BTCUSDT,2023-09-13,26228.32,47.67,bull
BTCUSDT,2023-09-14,26539.67,51.19,bull
BTCUSDT,2023-09-15,26608.69,51.96,bull
BTCUSDT,2023-09-16,26568.28,51.45,bull
BTCUSDT,2023-09-17,26534.19,50.99,bull
BTCUSDT,2023-09-18,26754.28,53.84,bull
BTCUSDT,2023-09-19,27211.12,59.15,bull
BTCUSDT,2023-09-20,27132.01,57.91,bull
BTCUSDT,2023-09-21,26567.63,49.86,bull
BTCUSDT,2023-09-22,26579.57,50.02,sideways
BTCUSDT,2023-09-23,26579.39,50.02,bull
BTCUSDT,2023-09-24,26256.83,45.52,sideways
BTCUSDT,2023-09-25,26298.48,46.19,sideways
BTCUSDT,2023-09-26,26217.25,45.02,sideways
BTCUSDT,2023-09-27,26352.72,47.41,sideways
BTCUSDT,2023-09-28,27021.55,57.28,bull
BTCUSDT,2023-09-29,26911.72,55.44,bull
BTCUSDT,2023-09-30,26967.92,56.22,bull
BTCUSDT,2023-10-01,27983.75,67.29,bull
BTCUSDT,2023-10-02,27530.79,60.0,bull
BTCUSDT,2023-10-03,27429.98,58.48,bull
BTCUSDT,2023-10-04,27799.39,62.25,bull
BTCUSDT,2023-10-05,27415.91,56.52,bull
BTCUSDT,2023-10-06,27946.6,61.77,bull
BTCUSDT,2023-10-07,27968.84,61.98,bull
BTCUSDT,2023-10-08,27935.09,61.43,sideways
BTCUSDT,2023-10-09,27583.68,55.93,bull
BTCUSDT,2023-10-10,27391.02,53.11,sideways
BTCUSDT,2023-10-11,26873.32,46.37,sideways
BTCUSDT,2023-10-12,26756.8,44.99,sideways
BTCUSDT,2023-10-13,26862.38,46.54,sideways
BTCUSDT,2023-10-14,26861.71,46.53,sideways
BTCUSDT,2023-10-15,27159.65,51.07,sideways
BTCUSDT,2023-10-16,28519.47,65.46,bull
BTCUSDT,2023-10-17,28415.75,63.92,bull
BTCUSDT,2023-10-18,28328.34,62.58,bull
BTCUSDT,2023-10-19,28719.81,66.01,bull
BTCUSDT,2023-10-20,29682.95,72.66,bull
BTCUSDT,2023-10-21,29918.41,74.0,bull
BTCUSDT,2023-10-22,29993.9,74.43,bull
BTCUSDT,2023-10-23,33086.23,85.25,bull
BTCUSDT,2023-10-24,33901.53,86.84,bull
BTCUSDT,2023-10-25,34502.82,87.87,bull
BTCUSDT,2023-10-26,34156.65,83.79,bull
BTCUSDT,2023-10-27,33909.8,80.91,bull
BTCUSDT,2023-10-28,34089.57,81.41,bull
BTCUSDT,2023-10-29,34538.48,82.64,bull
BTCUSDT,2023-10-30,34502.36,82.17,bull
BTCUSDT,2023-10-31,34667.78,82.65,bull
BTCUSDT,2023-11-01,35437.25,84.74,bull
BTCUSDT,2023-11-02,34938.24,78.17,bull
BTCUSDT,2023-11-03,34732.32,75.57,bull
BTCUSDT,2023-11-04,35082.2,76.97,bull
BTCUSDT,2023-11-05,35049.36,76.53,bull
BTCUSDT,2023-11-06,35037.37,76.36,bull
BTCUSDT,2023-11-07,35443.56,78.16,bull
BTCUSDT,2023-11-08,35655.28,79.06,bull
BTCUSDT,2023-11-09,36693.12,82.79,bull
BTCUSDT,2023-11-10,37313.97,84.56,bull
BTCUSDT,2023-11-11,37138.05,81.98,bull
BTCUSDT,2023-11-12,37054.52,80.73,bull
BTCUSDT,2023-11-13,36502.36,72.78,bull
BTCUSDT,2023-11-14,35537.64,61.41,bull
BTCUSDT,2023-11-15,37880.58,72.6,bull
BTCUSDT,2023-11-16,36154.77,59.02,sideways
BTCUSDT,2023-11-17,36596.68,61.03,sideways
BTCUSDT,2023-11-18,36585.7,60.95,sideways
BTCUSDT,2023-11-19,37386.55,64.6,bull
BTCUSDT,2023-11-20,37476.96,64.99,bull
BTCUSDT,2023-11-21,35813.81,53.17,bull
BTCUSDT,2023-11-22,37432.34,60.67,sideways
BTCUSDT,2023-11-23,37289.62,59.76,bull
BTCUSDT,2023-11-24,37720.28,61.63,bull
BTCUSDT,2023-11-25,37796.79,61.97,bull
BTCUSDT,2023-11-26,37479.12,59.62,bull
BTCUSDT,2023-11-27,37254.17,57.95,sideways
BTCUSDT,2023-11-28,37831.09,60.97,bull
BTCUSDT,2023-11-29,37858.49,61.12,bull
BTCUSDT,2023-11-30,37712.75,59.86,bull
BTCUSDT,2023-12-01,38688.75,65.04,bull
BTCUSDT,2023-12-02,39476.33,68.57,bull
BTCUSDT,2023-12-03,39978.39,70.61,bull
BTCUSDT,2023-12-04,41980.1,77.0,bull
BTCUSDT,2023-12-05,44080.65,81.54,bull
BTCUSDT,2023-12-06,43746.45,78.88,bull
BTCUSDT,2023-12-07,43292.66,75.28,bull
BTCUSDT,2023-12-08,44166.6,77.41,bull
BTCUSDT,2023-12-09,43725.98,73.94,bull
BTCUSDT,2023-12-10,43779.7,74.09,bull
BTCUSDT,2023-12-11,41243.83,57.1,sideways
BTCUSDT,2023-12-12,41450.22,57.94,sideways
BTCUSDT,2023-12-13,42890.74,63.37,sideways
BTCUSDT,2023-12-14,43023.97,63.83,sideways
BTCUSDT,2023-12-15,41929.76,57.39,sideways
BTCUSDT,2023-12-16,42240.12,58.67,sideways
BTCUSDT,2023-12-17,41364.66,53.78,sideways
BTCUSDT,2023-12-18,42623.54,59.06,bull
BTCUSDT,2023-12-19,42270.53,57.09,bull
BTCUSDT,2023-12-20,43652.25,62.38,bull
BTCUSDT,2023-12-21,43869.15,63.15,bull
BTCUSDT,2023-12-22,43997.9,63.62,bull
BTCUSDT,2023-12-23,43739.54,61.9,bull
BTCUSDT,2023-12-24,43016.12,57.23,bull
BTCUSDT,2023-12-25,43613.14,59.92,bull
BTCUSDT,2023-12-26,42520.4,53.31,bull
BTCUSDT,2023-12-27,43442.86,57.56,sideways
BTCUSDT,2023-12-28,42627.86,52.97,sideways
BTCUSDT,2023-12-29,42099.4,50.18,sideways
BTCUSDT,2023-12-30,42156.9,50.48,sideways
BTCUSDT,2023-12-31,42265.19,51.09,sideways
BTCUSDT,2024-01-01,44167.33,60.33,bull
BTCUSDT,2024-01-02,44957.97,63.42,bull
BTCUSDT,2024-01-03,42848.18,51.81,sideways
BTCUSDT,2024-01-04,44179.92,57.15,bull
BTCUSDT,2024-01-05,44162.69,57.06,bull
BTCUSDT,2024-01-06,43989.2,56.12,bull
BTCUSDT,2024-01-07,43943.1,55.86,bull
BTCUSDT,2024-01-08,46970.5,66.83,bull
BTCUSDT,2024-01-09,46139.73,62.26,bull
BTCUSDT,2024-01-10,46627.78,63.82,bull
BTCUSDT,2024-01-11,46368.59,62.34,bull
BTCUSDT,2024-01-12,42853.17,46.57,sideways
BTCUSDT,2024-01-13,42842.38,46.54,sideways
BTCUSDT,2024-01-14,41796.27,42.8,sideways
BTCUSDT,2024-01-15,42511.97,45.99,bear
BTCUSDT,2024-01-16,43154.95,48.76,bear
BTCUSDT,2024-01-17,42742.65,47.1,bear
BTCUSDT,2024-01-18,41262.06,41.6,bear
BTCUSDT,2024-01-19,41618.41,43.31,sideways
BTCUSDT,2024-01-20,41665.59,43.55,sideways
BTCUSDT,2024-01-21,41545.79,43.06,sideways
BTCUSDT,2024-01-22,39507.37,35.69,sideways
BTCUSDT,2024-01-23,39845.55,37.6,sideways
BTCUSDT,2024-01-24,40077.07,38.93,sideways
BTCUSDT,2024-01-25,39933.81,38.39,sideways
BTCUSDT,2024-01-26,41816.87,48.62,bull
BTCUSDT,2024-01-27,42120.05,50.06,bull
BTCUSDT,2024-01-28,42035.59,49.64,bull
BTCUSDT,2024-01-29,43288.25,55.55,bull
BTCUSDT,2024-01-30,42952.61,53.73,bull
BTCUSDT,2024-01-31,42582.61,51.72,bull
BTCUSDT,2024-02-01,43075.77,54.18,bull
BTCUSDT,2024-02-02,43185.86,54.74,bull
BTCUSDT,2024-02-03,42992.25,53.51,bull
BTCUSDT,2024-02-04,42583.58,50.91,bull
BTCUSDT,2024-02-05,42658.67,51.38,sideways
BTCUSDT,2024-02-06,43084.67,54.05,bull
BTCUSDT,2024-02-07,44318.22,60.76,bull
BTCUSDT,2024-02-08,45301.57,65.14,bull
BTCUSDT,2024-02-09,47147.2,71.55,bull
BTCUSDT,2024-02-10,47771.28,73.34,bull
BTCUSDT,2024-02-11,48293.92,74.76,bull
BTCUSDT,2024-02-12,49958.22,78.68,bull
BTCUSDT,2024-02-13,49742.44,77.01,bull
BTCUSDT,2024-02-14,51826.7,81.17,bull
BTCUSDT,2024-02-15,51938.55,81.36,bull
BTCUSDT,2024-02-16,52160.2,81.76,bull
BTCUSDT,2024-02-17,51663.0,77.71,bull
BTCUSDT,2024-02-18,52122.55,78.76,bull
BTCUSDT,2024-02-19,51779.14,75.89,bull
BTCUSDT,2024-02-20,52284.88,77.21,bull
BTCUSDT,2024-02-21,51839.18,73.4,bull
BTCUSDT,2024-02-22,51304.97,69.01,sideways
BTCUSDT,2024-02-23,50731.95,64.54,sideways
BTCUSDT,2024-02-24,51571.1,67.82,sideways
BTCUSDT,2024-02-25,51733.24,68.43,sideways
BTCUSDT,2024-02-26,54522.4,76.62,bull
BTCUSDT,2024-02-27,57085.37,81.39,bull
BTCUSDT,2024-02-28,62504.79,87.3,bull
BTCUSDT,2024-02-29,61198.38,80.65,bull
BTCUSDT,2024-03-01,62440.63,82.05,bull
BTCUSDT,2024-03-02,62029.85,79.99,bull
BTCUSDT,2024-03-03,63167.37,81.38,bull
BTCUSDT,2024-03-04,68330.41,86.11,bull
BTCUSDT,2024-03-05,63801.2,69.45,bull
BTCUSDT,2024-03-06,66106.8,72.38,bull
BTCUSDT,2024-03-07,66925.48,73.36,bull
BTCUSDT,2024-03-08,68300.09,74.96,bull
BTCUSDT,2024-03-09,68498.88,75.19,bull
BTCUSDT,2024-03-10,69019.79,75.82,bull
BTCUSDT,2024-03-11,72123.91,79.22,bull
BTCUSDT,2024-03-12,71481.29,76.82,bull
BTCUSDT,2024-03-13,73083.5,78.57,bull
BTCUSDT,2024-03-14,71396.59,72.37,bull
BTCUSDT,2024-03-15,69403.77,65.77,bull
BTCUSDT,2024-03-16,65315.12,54.75,bear
BTCUSDT,2024-03-17,68390.62,60.16,bear
BTCUSDT,2024-03-18,67548.59,58.11,bear
BTCUSDT,2024-03-19,61912.77,46.66,bear
BTCUSDT,2024-03-20,67913.67,56.49,bear
BTCUSDT,2024-03-21,65491.39,52.3,bear
BTCUSDT,2024-03-22,63778.76,49.5,bear
BTCUSDT,2024-03-23,64062.2,49.98,bear
BTCUSDT,2024-03-24,67234.17,55.09,bear
BTCUSDT,2024-03-25,69958.81,58.97,bull
BTCUSDT,2024-03-26,69987.84,59.01,bull
BTCUSDT,2024-03-27,69455.34,57.87,bull
BTCUSDT,2024-03-28,70744.95,59.88,bull
BTCUSDT,2024-03-29,69892.83,57.92,bull
BTCUSDT,2024-03-30,69645.3,57.33,bull
BTCUSDT,2024-03-31,71333.65,60.29,bull
BTCUSDT,2024-04-01,69702.15,56.23,bear
BTCUSDT,2024-04-02,65446.97,47.29,bear
BTCUSDT,2024-04-03,65980.81,48.4,bear
BTCUSDT,2024-04-04,68508.84,53.4,bear
BTCUSDT,2024-04-05,67837.64,51.96,bear
BTCUSDT,2024-04-06,68896.11,54.06,bear
BTCUSDT,2024-04-07,69362.55,54.99,bear
BTCUSDT,2024-04-08,71631.36,59.33,bull
BTCUSDT,2024-04-09,69139.02,53.26,bull
BTCUSDT,2024-04-10,70587.88,56.07,bull
BTCUSDT,2024-04-11,70060.61,54.78,bull
BTCUSDT,2024-04-12,67195.87,48.27,bear
BTCUSDT,2024-04-13,63821.47,41.95,bear
BTCUSDT,2024-04-14,65738.73,46.26,bear
BTCUSDT,2024-04-15,63426.21,42.19,bear
BTCUSDT,2024-04-16,63811.86,43.09,bear
BTCUSDT,2024-04-17,61276.69,38.82,bear
BTCUSDT,2024-04-18,63512.75,44.08,bear
BTCUSDT,2024-04-19,63843.57,44.84,bear
BTCUSDT,2024-04-20,64994.44,47.5,bull
BTCUSDT,2024-04-21,64926.64,47.35,sideways
BTCUSDT,2024-04-22,66837.68,51.82,bull
BTCUSDT,2024-04-23,66407.27,50.77,bull
BTCUSDT,2024-04-24,64276.9,45.85,bull
BTCUSDT,2024-04-25,64481.71,46.39,bull
BTCUSDT,2024-04-26,63755.32,44.69,sideways
BTCUSDT,2024-04-27,63419.14,43.89,sideways
BTCUSDT,2024-04-28,63113.23,43.13,sideways
BTCUSDT,2024-04-29,63841.12,45.54,sideways
BTCUSDT,2024-04-30,60636.86,37.93,sideways
BTCUSDT,2024-05-01,58254.01,33.46,sideways
BTCUSDT,2024-05-02,59123.43,36.4,sideways
BTCUSDT,2024-05-03,62889.84,47.3,sideways
BTCUSDT,2024-05-04,63891.47,49.76,bull
BTCUSDT,2024-05-05,64031.13,50.11,bull
BTCUSDT,2024-05-06,63161.95,47.88,sideways
BTCUSDT,2024-05-07,62334.82,45.78,bull
BTCUSDT,2024-05-08,61187.94,42.97,bull
BTCUSDT,2024-05-09,63049.96,48.5,bull
BTCUSDT,2024-05-10,60792.78,43.05,sideways
BTCUSDT,2024-05-11,60793.71,43.06,sideways
BTCUSDT,2024-05-12,61448.39,45.13,sideways
BTCUSDT,2024-05-13,62901.45,49.52,sideways
BTCUSDT,2024-05-14,61552.79,45.85,sideways
BTCUSDT,2024-05-15,66267.49,57.66,bull
BTCUSDT,2024-05-16,65231.58,54.83,bull
BTCUSDT,2024-05-17,67051.88,58.66,bull
BTCUSDT,2024-05-18,66940.8,58.34,bull
BTCUSDT,2024-05-19,66278.37,56.33,bull
BTCUSDT,2024-05-20,71448.2,66.13,bull
BTCUSDT,2024-05-21,70136.53,62.31,bull
BTCUSDT,2024-05-22,69122.34,59.45,bull
BTCUSDT,2024-05-23,67929.56,56.18,bull
BTCUSDT,2024-05-24,68526.1,57.44,bull
BTCUSDT,2024-05-25,69265.95,59.02,bull
BTCUSDT,2024-05-26,68518.09,56.73,bull
BTCUSDT,2024-05-27,69394.55,58.75,sideways
BTCUSDT,2024-05-28,68296.22,55.27,sideways
BTCUSDT,2024-05-29,67578.09,53.07,sideways
BTCUSDT,2024-05-30,68364.99,55.18,bull
BTCUSDT,2024-05-31,67491.41,52.36,sideways
BTCUSDT,2024-06-01,67706.94,53.0,sideways
BTCUSDT,2024-06-02,67751.6,53.14,sideways
BTCUSDT,2024-06-03,68804.78,56.44,sideways
BTCUSDT,2024-06-04,70567.77,61.34,bull
BTCUSDT,2024-06-05,71082.82,62.66,bull
BTCUSDT,2024-06-06,70757.16,61.23,bull
BTCUSDT,2024-06-07,69342.59,55.34,bull
BTCUSDT,2024-06-08,69305.77,55.19,bull
BTCUSDT,2024-06-09,69647.99,56.37,bull
BTCUSDT,2024-06-10,69512.28,55.74,bull
BTCUSDT,2024-06-11,67332.03,46.78,sideways
BTCUSDT,2024-06-12,68241.19,50.37,sideways
BTCUSDT,2024-06-13,66756.4,45.03,sideways
BTCUSDT,2024-06-14,66011.09,42.6,sideways
BTCUSDT,2024-06-15,66191.0,43.39,sideways
BTCUSDT,2024-06-16,66639.05,45.42,sideways
BTCUSDT,2024-06-17,66490.3,44.85,sideways
BTCUSDT,2024-06-18,65140.75,39.91,sideways
BTCUSDT,2024-06-19,64960.3,39.29,sideways
BTCUSDT,2024-06-20,64828.66,38.81,sideways
BTCUSDT,2024-06-21,64096.2,36.18,sideways
BTCUSDT,2024-06-22,64252.58,37.16,sideways
BTCUSDT,2024-06-23,63180.8,33.38,sideways
BTCUSDT,2024-06-24,60277.41,25.75,sideways
BTCUSDT,2024-06-25,61804.64,34.27,sideways
BTCUSDT,2024-06-26,60811.28,31.72,sideways
BTCUSDT,2024-06-27,61604.8,35.82,sideways
BTCUSDT,2024-06-28,60320.14,32.42,sideways
BTCUSDT,2024-06-29,60887.38,35.34,sideways
BTCUSDT,2024-06-30,62678.29,43.62,sideways
BTCUSDT,2024-07-01,62851.98,44.36,bull
BTCUSDT,2024-07-02,62029.02,41.56,bull
BTCUSDT,2024-07-03,60173.92,36.04,sideways
BTCUSDT,2024-07-04,56977.7,28.92,sideways
BTCUSDT,2024-07-05,56662.38,28.33,sideways
BTCUSDT,2024-07-06,58303.54,35.73,sideways
BTCUSDT,2024-07-07,55849.11,30.63,sideways
BTCUSDT,2024-07-08,56705.1,34.16,sideways
BTCUSDT,2024-07-09,58009.23,39.24,sideways
BTCUSDT,2024-07-10,57742.5,38.58,sideways
BTCUSDT,2024-07-11,57344.91,37.57,bull
BTCUSDT,2024-07-12,57899.46,39.93,bull
BTCUSDT,2024-07-13,59231.95,45.27,bull
BTCUSDT,2024-07-14,60787.79,50.77,bull
BTCUSDT,2024-07-15,64870.15,61.66,bull
BTCUSDT,2024-07-16,65097.15,62.16,bull
BTCUSDT,2024-07-17,64118.79,58.61,bull
BTCUSDT,2024-07-18,63974.07,58.08,bull
BTCUSDT,2024-07-19,66710.16,64.59,bull
BTCUSDT,2024-07-20,67163.65,65.55,bull
BTCUSDT,2024-07-21,68154.52,67.6,bull
BTCUSDT,2024-07-22,67585.25,65.19,bull
BTCUSDT,2024-07-23,65927.67,58.64,bull
BTCUSDT,2024-07-24,65372.13,56.59,bull
BTCUSDT,2024-07-25,65777.23,57.75,bull
BTCUSDT,2024-07-26,67912.06,63.32,bull
BTCUSDT,2024-07-27,67813.34,62.91,bull
BTCUSDT,2024-07-28,68255.87,64.04,bull
BTCUSDT,2024-07-29,66819.91,57.87,sideways
BTCUSDT,2024-07-30,66201.02,55.39,bull
BTCUSDT,2024-07-31,64619.25,49.55,sideways
BTCUSDT,2024-08-01,65357.5,52.09,sideways
BTCUSDT,2024-08-02,61415.07,40.4,bear
BTCUSDT,2024-08-03,60680.09,38.66,bear
BTCUSDT,2024-08-04,58116.98,33.27,bear
BTCUSDT,2024-08-05,53991.46,26.8,bear
BTCUSDT,2024-08-06,56034.32,33.68,bear
BTCUSDT,2024-08-07,55027.46,32.08,bear
BTCUSDT,2024-08-08,61710.14,49.3,bear
BTCUSDT,2024-08-09,60880.11,47.68,bear
BTCUSDT,2024-08-10,60945.81,47.83,bull
BTCUSDT,2024-08-11,58719.48,43.41,bull
BTCUSDT,2024-08-12,59354.52,44.97,bull
BTCUSDT,2024-08-13,60609.57,48.02,bull
BTCUSDT,2024-08-14,58737.27,44.1,bull
BTCUSDT,2024-08-15,57560.1,41.78,bear
BTCUSDT,2024-08-16,58894.11,45.29,bear
BTCUSDT,2024-08-17,59478.97,46.8,bear
BTCUSDT,2024-08-18,58483.96,44.54,bear
BTCUSDT,2024-08-19,59493.45,47.32,bull
BTCUSDT,2024-08-20,59012.79,46.13,bear
BTCUSDT,2024-08-21,61175.19,51.95,bull
BTCUSDT,2024-08-22,60381.91,49.83,bull
BTCUSDT,2024-08-23,64094.36,58.41,bull
BTCUSDT,2024-08-24,64178.99,58.58,bull
BTCUSDT,2024-08-25,64333.54,58.92,bull
BTCUSDT,2024-08-26,62880.66,54.43,bull
BTCUSDT,2024-08-27,59504.13,45.7,bull
BTCUSDT,2024-08-28,59027.62,44.61,sideways
BTCUSDT,2024-08-29,59388.18,45.67,sideways
BTCUSDT,2024-08-30,59119.48,44.98,sideways
BTCUSDT,2024-08-31,58969.9,44.58,sideways
BTCUSDT,2024-09-01,57325.49,40.32,sideways
BTCUSDT,2024-09-02,59112.48,46.32,sideways
BTCUSDT,2024-09-03,57431.02,42.04,sideways
BTCUSDT,2024-09-04,57971.54,43.84,sideways
BTCUSDT,2024-09-05,56160.49,39.42,sideways
BTCUSDT,2024-09-06,53948.75,34.81,sideways
BTCUSDT,2024-09-07,54139.69,35.51,sideways
BTCUSDT,2024-09-08,54841.57,38.14,sideways
BTCUSDT,2024-09-09,57019.54,45.57,sideways
BTCUSDT,2024-09-10,57648.71,47.53,bull
BTCUSDT,2024-09-11,57343.17,46.66,sideways
BTCUSDT,2024-09-12,58127.01,49.25,bull
BTCUSDT,2024-09-13,60571.3,56.37,bull
BTCUSDT,2024-09-14,60005.12,54.46,bull
BTCUSDT,2024-09-15,59182.84,51.73,bull
BTCUSDT,2024-09-16,58192.51,48.56,bull
BTCUSDT,2024-09-17,60308.54,54.91,bull
BTCUSDT,2024-09-18,61649.68,58.41,bull
BTCUSDT,2024-09-19,62940.46,61.51,bull
BTCUSDT,2024-09-20,63192.98,62.11,bull
BTCUSDT,2024-09-21,63394.84,62.6,bull
BTCUSDT,2024-09-22,63648.71,63.26,bull
BTCUSDT,2024-09-23,63329.8,61.8,bull
BTCUSDT,2024-09-24,64301.97,64.49,bull
BTCUSDT,2024-09-25,63143.14,59.14,bull
BTCUSDT,2024-09-26,65181.02,64.69,bull
BTCUSDT,2024-09-27,65790.66,66.17,bull
BTCUSDT,2024-09-28,65887.65,66.41,bull
BTCUSDT,2024-09-29,65635.3,65.11,bull
BTCUSDT,2024-09-30,63329.5,54.59,bull
BTCUSDT,2024-10-01,60837.01,45.95,sideways
BTCUSDT,2024-10-02,60632.79,45.31,sideways
BTCUSDT,2024-10-03,60759.4,45.81,sideways
BTCUSDT,2024-10-04,62067.48,50.8,sideways
BTCUSDT,2024-10-05,62089.95,50.88,sideways
BTCUSDT,2024-10-06,62818.95,53.64,sideways
BTCUSDT,2024-10-07,62236.66,51.17,sideways
BTCUSDT,2024-10-08,62131.97,50.72,bull
BTCUSDT,2024-10-09,60582.1,44.46,sideways
BTCUSDT,2024-10-10,60274.5,43.32,sideways
BTCUSDT,2024-10-11,62445.09,52.58,bull
BTCUSDT,2024-10-12,63193.02,55.29,bull
BTCUSDT,2024-10-13,62851.38,53.78,bull
BTCUSDT,2024-10-14,66046.12,63.76,bull
BTCUSDT,2024-10-15,67041.11,66.21,bull
BTCUSDT,2024-10-16,67612.72,67.56,bull
BTCUSDT,2024-10-17,67399.84,66.49,bull
BTCUSDT,2024-10-18,68418.79,69.02,bull
BTCUSDT,2024-10-19,68362.73,68.71,bull
BTCUSDT,2024-10-20,69001.7,70.33,bull
BTCUSDT,2024-10-21,67367.85,61.55,bull
BTCUSDT,2024-10-22,67361.41,61.52,bull
BTCUSDT,2024-10-23,66432.2,56.84,sideways
BTCUSDT,2024-10-24,68161.05,62.55,bull
BTCUSDT,2024-10-25,66642.41,55.6,sideways
BTCUSDT,2024-10-26,67014.7,56.86,sideways
BTCUSDT,2024-10-27,67929.3,59.89,sideways
BTCUSDT,2024-10-28,69907.76,65.52,bull
BTCUSDT,2024-10-29,72720.49,71.62,bull
BTCUSDT,2024-10-30,72339.54,69.82,bull
BTCUSDT,2024-10-31,70215.19,60.66,bull
BTCUSDT,2024-11-01,69482.47,57.83,bull
BTCUSDT,2024-11-02,69289.27,57.08,bull
BTCUSDT,2024-11-03,68741.12,54.9,bull
BTCUSDT,2024-11-04,67811.51,51.31,sideways
BTCUSDT,2024-11-05,69359.56,56.42,sideways
BTCUSDT,2024-11-06,75639.08,70.11,bull
BTCUSDT,2024-11-07,75904.86,70.54,bull
BTCUSDT,2024-11-08,76545.48,71.58,bull
BTCUSDT,2024-11-09,76778.87,71.97,bull
BTCUSDT,2024-11-10,80474.19,77.27,bull
BTCUSDT,2024-11-11,88701.48,84.36,bull
BTCUSDT,2024-11-12,87955.81,81.87,bull
BTCUSDT,2024-11-13,90584.16,83.7,bull
BTCUSDT,2024-11-14,87250.43,73.56,bull
BTCUSDT,2024-11-15,91066.01,77.0,bull
BTCUSDT,2024-11-16,90558.48,75.59,bull
BTCUSDT,2024-11-17,89845.85,73.56,bull
BTCUSDT,2024-11-18,90542.64,74.29,bull
BTCUSDT,2024-11-19,92343.79,76.12,bull
BTCUSDT,2024-11-20,94339.49,77.99,bull
BTCUSDT,2024-11-21,98504.73,81.28,bull
BTCUSDT,2024-11-22,98997.66,81.63,bull
BTCUSDT,2024-11-23,97777.28,77.75,bull
BTCUSDT,2024-11-24,98013.82,77.97,bull
BTCUSDT,2024-11-25,93102.3,63.93,bull
BTCUSDT,2024-11-26,91985.32,61.23,bear
BTCUSDT,2024-11-27,95962.53,66.63,bull
BTCUSDT,2024-11-28,95652.47,65.86,sideways
BTCUSDT,2024-11-29,97461.52,68.18,sideways
BTCUSDT,2024-11-30,96449.05,65.5,sideways
BTCUSDT,2024-12-01,97279.79,66.66,sideways
BTCUSDT,2024-12-02,95865.3,62.8,bull
BTCUSDT,2024-12-03,96002.16,63.02,bull
BTCUSDT,2024-12-04,98768.53,67.29,bull
BTCUSDT,2024-12-05,96593.57,61.3,bull
BTCUSDT,2024-12-06,99920.71,66.25,bull
BTCUSDT,2024-12-07,99923.34,66.25,bull
BTCUSDT,2024-12-08,101236.02,68.12,bull
BTCUSDT,2024-12-09,97432.72,58.1,bull
BTCUSDT,2024-12-10,96675.43,56.32,bull
BTCUSDT,2024-12-11,101173.03,63.47,bull
BTCUSDT,2024-12-12,100043.0,60.78,bull
BTCUSDT,2024-12-13,101459.26,62.9,bull
BTCUSDT,2024-12-14,101372.97,62.68,bull
BTCUSDT,2024-12-15,104298.7,66.95,bull
BTCUSDT,2024-12-16,106029.72,69.19,bull
BTCUSDT,2024-12-17,106140.6,69.34,bull
BTCUSDT,2024-12-18,100041.54,54.32,sideways
BTCUSDT,2024-12-19,97490.95,49.5,sideways
BTCUSDT,2024-12-20,97755.93,49.99,sideways
BTCUSDT,2024-12-21,97224.73,48.95,sideways
BTCUSDT,2024-12-22,95104.94,44.93,sideways
BTCUSDT,2024-12-23,94686.24,44.16,sideways
BTCUSDT,2024-12-24,98676.09,52.52,sideways
BTCUSDT,2024-12-25,99299.2,53.69,sideways
BTCUSDT,2024-12-26,95795.52,46.74,sideways
BTCUSDT,2024-12-27,94164.86,43.89,sideways
BTCUSDT,2024-12-28,95163.93,46.06,sideways
BTCUSDT,2024-12-29,93530.23,43.12,sideways
BTCUSDT,2024-12-30,92643.21,41.57,sideways
BTCUSDT,2024-12-31,93429.2,43.51,sideways
BTCUSDT,2025-01-01,94419.76,45.94,sideways
BTCUSDT,2025-01-02,96886.88,51.54,bull
BTCUSDT,2025-01-03,98107.43,54.07,bull
BTCUSDT,2025-01-04,98236.23,54.34,bull
BTCUSDT,2025-01-05,98314.96,54.52,bull
BTCUSDT,2025-01-06,102078.09,62.08,bull
BTCUSDT,2025-01-07,96922.7,49.85,bull
BTCUSDT,2025-01-08,95043.52,46.28,bull
BTCUSDT,2025-01-09,92484.04,41.87,sideways
BTCUSDT,2025-01-10,94701.45,46.61,sideways
BTCUSDT,2025-01-11,94566.59,46.37,sideways
BTCUSDT,2025-01-12,94488.44,46.21,sideways
BTCUSDT,2025-01-13,94516.52,46.28,sideways
BTCUSDT,2025-01-14,96534.05,51.11,sideways
BTCUSDT,2025-01-15,100504.49,58.94,bull
BTCUSDT,2025-01-16,99756.91,57.09,bull
BTCUSDT,2025-01-17,104462.04,64.63,bull
BTCUSDT,2025-01-18,104408.07,64.49,bull
BTCUSDT,2025-01-19,101089.61,56.4,bull
BTCUSDT,2025-01-20,102016.66,57.99,bull
BTCUSDT,2025-01-21,106146.27,64.23,bull
BTCUSDT,2025-01-22,103653.07,58.57,bull
BTCUSDT,2025-01-23,103960.17,59.05,bull
BTCUSDT,2025-01-24,104819.48,60.43,bull
BTCUSDT,2025-01-25,104714.65,60.16,bull
BTCUSDT,2025-01-26,102682.5,55.1,bull
BTCUSDT,2025-01-27,102087.69,53.68,bull
BTCUSDT,2025-01-28,101332.48,51.85,sideways
BTCUSDT,2025-01-29,103703.21,56.83,bull
BTCUSDT,2025-01-30,104735.3,58.82,bull
BTCUSDT,2025-01-31,102405.02,52.88,sideways
BTCUSDT,2025-02-01,100655.91,48.88,sideways
BTCUSDT,2025-02-02,97688.98,42.96,sideways
BTCUSDT,2025-02-03,101405.42,50.98,sideways
BTCUSDT,2025-02-04,97871.82,44.56,sideways
BTCUSDT,2025-02-05,96615.45,42.51,sideways
BTCUSDT,2025-02-06,96593.3,42.48,sideways
BTCUSDT,2025-02-07,96529.09,42.36,sideways
BTCUSDT,2025-02-08,96482.45,42.27,sideways
BTCUSDT,2025-02-09,96500.09,42.32,sideways
BTCUSDT,2025-02-10,97437.55,45.03,sideways
BTCUSDT,2025-02-11,95747.43,41.27,sideways
BTCUSDT,2025-02-12,97885.86,47.28,bull
BTCUSDT,2025-02-13,96623.87,44.39,bull
BTCUSDT,2025-02-14,97508.97,46.84,bull
BTCUSDT,2025-02-15,97580.35,47.04,bull
BTCUSDT,2025-02-16,96175.03,43.52,sideways
BTCUSDT,2025-02-17,95773.38,42.54,sideways
BTCUSDT,2025-02-18,95539.55,41.95,sideways
BTCUSDT,2025-02-19,96635.61,45.76,sideways
BTCUSDT,2025-02-20,98333.94,51.12,bull
BTCUSDT,2025-02-21,96125.55,44.91,sideways
BTCUSDT,2025-02-22,96577.76,46.35,sideways
BTCUSDT,2025-02-23,96273.92,45.49,sideways
BTCUSDT,2025-02-24,91418.17,34.49,sideways
BTCUSDT,2025-02-25,88736.17,30.15,sideways
BTCUSDT,2025-02-26,84347.02,24.68,bear
BTCUSDT,2025-02-27,84704.23,25.86,bear
BTCUSDT,2025-02-28,84373.01,25.47,bear
BTCUSDT,2025-03-01,86031.91,31.18,bear
BTCUSDT,2025-03-02,94248.35,51.15,bear
BTCUSDT,2025-03-03,86065.67,39.01,bear
BTCUSDT,2025-03-04,87222.2,41.13,bear
BTCUSDT,2025-03-05,90623.56,46.99,bull
BTCUSDT,2025-03-06,89961.73,46.03,bull
BTCUSDT,2025-03-07,86742.67,41.58,bull
BTCUSDT,2025-03-08,86154.59,40.81,bull
BTCUSDT,2025-03-09,80601.04,34.3,bear
BTCUSDT,2025-03-10,78532.0,32.24,bear
BTCUSDT,2025-03-11,82862.21,40.32,bear
BTCUSDT,2025-03-12,83722.36,41.81,bear
BTCUSDT,2025-03-13,81066.7,38.61,bear
BTCUSDT,2025-03-14,83969.1,43.68,bear
BTCUSDT,2025-03-15,84343.11,44.32,bear
BTCUSDT,2025-03-16,82579.69,41.91,bull
BTCUSDT,2025-03-17,84075.69,44.66,bull
BTCUSDT,2025-03-18,82718.5,42.68,bear
BTCUSDT,2025-03-19,86854.23,49.94,bull
BTCUSDT,2025-03-20,84167.2,45.88,bull
BTCUSDT,2025-03-21,84043.24,45.69,bull
BTCUSDT,2025-03-22,83832.48,45.36,bear
BTCUSDT,2025-03-23,86054.38,49.55,bull
BTCUSDT,2025-03-24,87498.91,52.13,bull
BTCUSDT,2025-03-25,87471.7,52.07,bull
BTCUSDT,2025-03-26,86900.88,50.88,bull
BTCUSDT,2025-03-27,87177.1,51.46,bull
BTCUSDT,2025-03-28,84353.15,45.57,bull
BTCUSDT,2025-03-29,82597.59,42.32,sideways
BTCUSDT,2025-03-30,82334.52,41.84,sideways
BTCUSDT,2025-03-31,82548.91,42.41,sideways
BTCUSDT,2025-04-01,85169.17,49.04,sideways
BTCUSDT,2025-04-02,82485.71,43.52,sideways
BTCUSDT,2025-04-03,83102.83,45.05,sideways
BTCUSDT,2025-04-04,83843.8,46.91,sideways
BTCUSDT,2025-04-05,83504.8,46.14,bull
BTCUSDT,2025-04-06,78214.48,36.16,sideways
BTCUSDT,2025-04-07,79235.34,38.91,sideways
BTCUSDT,2025-04-08,76271.95,34.3,bear
BTCUSDT,2025-04-09,82573.95,48.32,bull
BTCUSDT,2025-04-10,79626.14,43.63,sideways
BTCUSDT,2025-04-11,83404.84,50.29,sideways
BTCUSDT,2025-04-12,85287.11,53.26,bull
BTCUSDT,2025-04-13,83684.98,50.5,bull
BTCUSDT,2025-04-14,84542.39,51.93,bull
BTCUSDT,2025-04-15,83668.99,50.33,bull
BTCUSDT,2025-04-16,84033.87,51.01,bull
BTCUSDT,2025-04-17,84895.75,52.66,bull
BTCUSDT,2025-04-18,84450.8,51.69,bull
BTCUSDT,2025-04-19,85063.41,52.97,sideways
BTCUSDT,2025-04-20,85174.3,53.21,bull
BTCUSDT,2025-04-21,87518.91,58.12,bull
BTCUSDT,2025-04-22,93441.89,67.4,bull
BTCUSDT,2025-04-23,93699.11,67.74,bull
BTCUSDT,2025-04-24,93943.8,68.07,bull
BTCUSDT,2025-04-25,94720.5,69.17,bull
BTCUSDT,2025-04-26,94646.93,68.93,bull
BTCUSDT,2025-04-27,93754.84,65.92,bull
BTCUSDT,2025-04-28,94978.75,67.99,bull
BTCUSDT,2025-04-29,94284.79,65.56,bull
BTCUSDT,2025-04-30,94207.31,65.28,bull
BTCUSDT,2025-05-01,96492.34,69.43,bull
BTCUSDT,2025-05-02,96910.07,70.13,bull
BTCUSDT,2025-05-03,95891.8,66.14,bull
BTCUSDT,2025-05-04,94315.98,60.42,bull
BTCUSDT,2025-05-05,94748.05,61.4,sideways
BTCUSDT,2025-05-06,96802.48,65.77,bull
BTCUSDT,2025-05-07,97032.32,66.23,bull
BTCUSDT,2025-05-08,103241.46,75.73,bull
BTCUSDT,2025-05-09,102970.85,74.74,bull
BTCUSDT,2025-05-10,104696.33,76.82,bull
BTCUSDT,2025-05-11,104106.36,74.56,bull
BTCUSDT,2025-05-12,102812.95,69.73,bull
BTCUSDT,2025-05-13,104169.81,71.8,bull
BTCUSDT,2025-05-14,103539.41,69.43,bull
BTCUSDT,2025-05-15,103744.64,69.78,bull
BTCUSDT,2025-05-16,103489.29,68.72,bull
BTCUSDT,2025-05-17,103191.09,67.44,sideways
BTCUSDT,2025-05-18,106446.01,73.29,bull
BTCUSDT,2025-05-19,105606.18,69.81,bull
BTCUSDT,2025-05-20,106791.09,71.84,bull
BTCUSDT,2025-05-21,109678.08,76.07,bull
BTCUSDT,2025-05-22,111673.28,78.48,bull
BTCUSDT,2025-05-23,107287.8,63.39,bull
BTCUSDT,2025-05-24,107791.16,64.24,bull
BTCUSDT,2025-05-25,109035.39,66.32,bull
BTCUSDT,2025-05-26,109440.37,66.99,bull
BTCUSDT,2025-05-27,108994.64,65.44,bull
BTCUSDT,2025-05-28,107802.33,61.35,sideways
BTCUSDT,2025-05-29,105641.76,54.68,sideways
BTCUSDT,2025-05-30,103998.57,50.21,sideways
BTCUSDT,2025-05-31,104638.09,51.86,sideways
BTCUSDT,2025-06-01,105652.1,54.44,sideways
BTCUSDT,2025-06-02,105881.53,55.02,sideways
BTCUSDT,2025-06-03,105432.47,53.57,sideways
BTCUSDT,2025-06-04,104731.98,51.29,sideways
BTCUSDT,2025-06-05,101575.95,42.52,sideways
BTCUSDT,2025-06-06,104390.34,50.63,bull
BTCUSDT,2025-06-07,105615.62,53.69,bull
BTCUSDT,2025-06-08,105793.65,54.14,bull
BTCUSDT,2025-06-09,110294.1,63.65,bull
BTCUSDT,2025-06-10,110257.23,63.53,bull
BTCUSDT,2025-06-11,108686.62,58.62,bull
BTCUSDT,2025-06-12,105929.05,51.14,bull
BTCUSDT,2025-06-13,106090.97,51.53,bull
BTCUSDT,2025-06-14,105472.41,49.89,sideways
BTCUSDT,2025-06-15,105552.02,50.11,sideways
BTCUSDT,2025-06-16,106796.76,53.55,sideways
BTCUSDT,2025-06-17,104601.12,47.35,sideways
BTCUSDT,2025-06-18,104883.33,48.18,sideways
BTCUSDT,2025-06-19,104684.29,47.61,sideways
BTCUSDT,2025-06-20,103309.6,43.76,sideways
BTCUSDT,2025-06-21,102257.41,41.02,sideways
BTCUSDT,2025-06-22,100987.14,37.94,sideways
BTCUSDT,2025-06-23,105577.77,51.99,sideways
BTCUSDT,2025-06-24,106045.63,53.15,bull
BTCUSDT,2025-06-25,107361.26,56.36,bull
BTCUSDT,2025-06-26,106960.0,55.12,bull
BTCUSDT,2025-06-27,107088.43,55.46,bull
BTCUSDT,2025-06-28,107327.7,56.12,bull
BTCUSDT,2025-06-29,108385.57,59.02,bull
BTCUSDT,2025-06-30,107135.34,54.44,bull
BTCUSDT,2025-07-01,105698.28,49.67,sideways
BTCUSDT,2025-07-02,108859.32,58.32,bull
BTCUSDT,2025-07-03,109647.98,60.16,bull
BTCUSDT,2025-07-04,108034.34,54.83,bull
BTCUSDT,2025-07-05,108231.18,55.35,bull
BTCUSDT,2025-07-06,109232.07,57.99,bull
BTCUSDT,2025-07-07,108299.85,54.74,bull
BTCUSDT,2025-07-08,108950.27,56.57,bull
BTCUSDT,2025-07-09,111326.55,62.54,bull
BTCUSDT,2025-07-10,115987.2,70.96,bull
BTCUSDT,2025-07-11,117516.99,73.1,bull
BTCUSDT,2025-07-12,117435.23,72.79,bull
BTCUSDT,2025-07-13,119116.12,75.12,bull
BTCUSDT,2025-07-14,119849.7,76.08,bull
BTCUSDT,2025-07-15,117777.19,68.08,bull
BTCUSDT,2025-07-16,118738.51,69.67,bull
BTCUSDT,2025-07-17,119289.84,70.58,bull
BTCUSDT,2025-07-18,118003.23,65.65,bull
BTCUSDT,2025-07-19,117939.98,65.4,bull
BTCUSDT,2025-07-20,117300.79,62.88,sideways
BTCUSDT,2025-07-21,117439.54,63.21,sideways
BTCUSDT,2025-07-22,119995.41,68.75,bull
BTCUSDT,2025-07-23,118754.96,63.74,bull
BTCUSDT,2025-07-24,118368.0,62.21,sideways
BTCUSDT,2025-07-25,117635.88,59.32,sideways
BTCUSDT,2025-07-26,117947.37,60.17,bull
BTCUSDT,2025-07-27,119448.49,64.06,bull
BTCUSDT,2025-07-28,117924.48,57.88,bull
BTCUSDT,2025-07-29,117922.15,57.87,sideways
BTCUSDT,2025-07-30,117831.19,57.49,sideways
BTCUSDT,2025-07-31,115758.2,49.44,sideways
BTCUSDT,2025-08-01,113320.09,41.99,sideways
BTCUSDT,2025-08-02,112526.91,39.89,sideways
BTCUSDT,2025-08-03,114217.67,46.09,sideways
BTCUSDT,2025-08-04,115071.88,48.96,sideways
BTCUSDT,2025-08-05,114141.45,46.08,sideways
BTCUSDT,2025-08-06,115028.0,49.15,sideways
BTCUSDT,2025-08-07,117496.9,56.55,bull
BTCUSDT,2025-08-08,116688.73,53.79,bull
BTCUSDT,2025-08-09,116500.36,53.14,bull
BTCUSDT,2025-08-10,119306.76,60.76,bull
BTCUSDT,2025-08-11,118731.45,58.65,bull
BTCUSDT,2025-08-12,120172.91,62.19,bull
BTCUSDT,2025-08-13,123344.06,68.56,bull
BTCUSDT,2025-08-14,118359.58,53.35,bull
BTCUSDT,2025-08-15,117398.35,51.0,bull
BTCUSDT,2025-08-16,117491.35,51.22,bull
BTCUSDT,2025-08-17,117453.06,51.12,sideways
BTCUSDT,2025-08-18,116252.31,47.85,sideways
BTCUSDT,2025-08-19,112831.18,40.0,sideways
BTCUSDT,2025-08-20,114274.74,44.16,sideways
BTCUSDT,2025-08-21,112419.03,40.3,sideways
BTCUSDT,2025-08-22,116874.09,51.32,sideways
BTCUSDT,2025-08-23,115374.33,48.1,sideways
BTCUSDT,2025-08-24,113458.43,44.28,sideways
BTCUSDT,2025-08-25,110124.35,38.54,sideways
BTCUSDT,2025-08-26,111802.66,42.57,sideways
BTCUSDT,2025-08-27,111222.06,41.56,sideways
BTCUSDT,2025-08-28,112544.8,44.79,sideways
BTCUSDT,2025-08-29,108410.84,37.76,sideways
BTCUSDT,2025-08-30,108808.07,38.75,sideways
BTCUSDT,2025-08-31,108236.71,37.82,sideways
BTCUSDT,2025-09-01,109250.59,40.56,sideways
BTCUSDT,2025-09-02,111200.59,45.54,sideways
BTCUSDT,2025-09-03,111723.21,46.83,bull
BTCUSDT,2025-09-04,110723.6,44.66,sideways
BTCUSDT,2025-09-05,110650.98,44.49,bull
BTCUSDT,2025-09-06,110224.7,43.5,bull
BTCUSDT,2025-09-07,111167.62,46.35,bull
BTCUSDT,2025-09-08,112071.43,49.01,bull
BTCUSDT,2025-09-09,111530.55,47.5,bull
BTCUSDT,2025-09-10,113955.36,54.32,bull
BTCUSDT,2025-09-11,115507.54,58.08,bull
BTCUSDT,2025-09-12,116101.58,59.46,bull
BTCUSDT,2025-09-13,115950.51,58.93,bull
BTCUSDT,2025-09-14,115407.66,56.96,bull
BTCUSDT,2025-09-15,115444.88,57.07,bull
BTCUSDT,2025-09-16,116843.19,60.95,bull
BTCUSDT,2025-09-17,116468.51,59.4,bull
BTCUSDT,2025-09-18,117137.2,61.29,bull
BTCUSDT,2025-09-19,115688.86,55.29,sideways
BTCUSDT,2025-09-20,115721.96,55.39,sideways
BTCUSDT,2025-09-21,115306.09,53.65,sideways
BTCUSDT,2025-09-22,112748.51,44.39,sideways
BTCUSDT,2025-09-23,112014.5,42.14,sideways
BTCUSDT,2025-09-24,113328.63,47.29,sideways
BTCUSDT,2025-09-25,109049.29,36.04,sideways
BTCUSDT,2025-09-26,109712.83,38.49,sideways
BTCUSDT,2025-09-27,109681.95,38.41,sideways
BTCUSDT,2025-09-28,112122.64,47.03,sideways
BTCUSDT,2025-09-29,114400.38,53.56,bull
BTCUSDT,2025-09-30,114056.09,52.5,bull
BTCUSDT,2025-10-01,118648.93,62.97,bull
BTCUSDT,2025-10-02,120681.26,66.48,bull
BTCUSDT,2025-10-03,122266.53,68.96,bull
BTCUSDT,2025-10-04,122425.43,69.21,bull
BTCUSDT,2025-10-05,123513.48,70.91,bull
BTCUSDT,2025-10-06,124752.53,72.75,bull
BTCUSDT,2025-10-07,121451.38,61.56,bull
BTCUSDT,2025-10-08,123354.87,64.91,bull
BTCUSDT,2025-10-09,121705.59,60.03,bull
BTCUSDT,2025-10-10,113214.37,42.36,bear
BTCUSDT,2025-10-11,110807.88,38.87,bear
BTCUSDT,2025-10-12,115169.77,47.34,bear
BTCUSDT,2025-10-13,115271.08,47.52,bear
BTCUSDT,2025-10-14,113118.66,44.04,bear
BTCUSDT,2025-10-15,110783.16,40.57,bear
BTCUSDT,2025-10-16,108186.04,37.07,bear
BTCUSDT,2025-10-17,106467.79,34.92,sideways
BTCUSDT,2025-10-18,107198.27,36.6,sideways
BTCUSDT,2025-10-19,108666.71,39.96,sideways
BTCUSDT,2025-10-20,110588.93,44.13,sideways
BTCUSDT,2025-10-21,108476.89,40.78,sideways
BTCUSDT,2025-10-22,107688.59,39.57,sideways
BTCUSDT,2025-10-23,110069.73,44.88,bull
BTCUSDT,2025-10-24,111033.92,46.92,bull
BTCUSDT,2025-10-25,111641.73,48.22,bull
BTCUSDT,2025-10-26,114472.45,53.87,bull
BTCUSDT,2025-10-27,114119.33,53.09,bull
BTCUSDT,2025-10-28,112956.16,50.5,bull
BTCUSDT,2025-10-29,110055.3,44.65,bull
BTCUSDT,2025-10-30,108305.55,41.52,sideways
BTCUSDT,2025-10-31,109556.16,44.51,sideways
BTCUSDT,2025-11-01,110064.02,45.73,sideways
BTCUSDT,2025-11-02,110639.62,47.14,sideways
BTCUSDT,2025-11-03,106547.52,39.31,sideways
BTCUSDT,2025-11-04,101590.52,32.31,sideways
BTCUSDT,2025-11-05,103891.84,37.85,sideways
BTCUSDT,2025-11-06,101301.29,34.43,sideways
BTCUSDT,2025-11-07,103372.41,39.16,sideways
BTCUSDT,2025-11-08,102282.12,37.62,sideways
BTCUSDT,2025-11-09,104719.64,43.0,sideways
BTCUSDT,2025-11-10,105996.59,45.65,sideways
BTCUSDT,2025-11-11,102997.47,40.85,bull
BTCUSDT,2025-11-12,101663.19,38.89,sideways
BTCUSDT,2025-11-13,99697.49,36.15,sideways
BTCUSDT,2025-11-14,94397.79,29.99,sideways
BTCUSDT,2025-11-15,95549.15,32.67,sideways
BTCUSDT,2025-11-16,94177.08,31.14,bear
BTCUSDT,2025-11-17,92093.88,28.93,bear
BTCUSDT,2025-11-18,92948.88,31.09,bear
BTCUSDT,2025-11-19,91465.99,29.42,bear
BTCUSDT,2025-11-20,86631.9,24.74,bear
BTCUSDT,2025-11-21,85090.69,23.46,bear
BTCUSDT,2025-11-22,84648.36,23.09,bear
BTCUSDT,2025-11-23,86805.01,28.96,bear
BTCUSDT,2025-11-24,88270.56,32.73,sideways
BTCUSDT,2025-11-25,87341.89,31.58,sideways
BTCUSDT,2025-11-26,90518.37,39.37,sideways
BTCUSDT,2025-11-27,91285.38,41.12,bull
BTCUSDT,2025-11-28,90919.27,40.52,bull
BTCUSDT,2025-11-29,90851.76,40.4,bull
BTCUSDT,2025-11-30,90394.31,39.57,bull
BTCUSDT,2025-12-01,86321.57,33.04,sideways
BTCUSDT,2025-12-02,91350.2,45.09,bull
BTCUSDT,2025-12-03,93527.8,49.34,bull
BTCUSDT,2025-12-04,92141.62,46.85,bull
BTCUSDT,2025-12-05,89387.76,42.29,sideways
BTCUSDT,2025-12-06,89272.38,42.11,sideways
BTCUSDT,2025-12-07,90405.64,44.67,bull
BTCUSDT,2025-12-08,90640.2,45.21,bull
BTCUSDT,2025-12-09,92691.71,49.82,bull
BTCUSDT,2025-12-10,92020.95,48.38,sideways
BTCUSDT,2025-12-11,92511.34,49.53,bull
BTCUSDT,2025-12-12,90270.41,44.66,bull
BTCUSDT,2025-12-13,90298.71,44.73,bull
BTCUSDT,2025-12-14,88175.18,40.37,sideways
BTCUSDT,2025-12-15,86419.78,37.15,sideways
BTCUSDT,2025-12-16,87843.98,41.25,sideways
BTCUSDT,2025-12-17,86143.76,38.06,sideways
BTCUSDT,2025-12-18,85462.51,36.83,sideways
BTCUSDT,2025-12-19,88103.38,44.33,sideways
BTCUSDT,2025-12-20,88344.0,44.98,sideways
BTCUSDT,2025-12-21,88621.75,45.75,bull
BTCUSDT,2025-12-22,88490.02,45.42,bull
BTCUSDT,2025-12-23,87414.0,42.73,sideways
BTCUSDT,2025-12-24,87611.96,43.4,bull
BTCUSDT,2025-12-25,87234.74,42.39,bull
BTCUSDT,2025-12-26,87301.43,42.64,sideways
BTCUSDT,2025-12-27,87802.16,44.62,sideways
BTCUSDT,2025-12-28,87835.84,44.75,sideways
BTCUSDT,2025-12-29,87138.14,42.4,sideways
BTCUSDT,2025-12-30,88430.13,47.87,bull
BTCUSDT,2025-12-31,87508.83,44.62,sideways
BTCUSDT,2026-01-01,88731.98,49.52,bull
BTCUSDT,2026-01-02,89944.7,53.88,bull
BTCUSDT,2026-01-03,90603.19,56.09,bull
BTCUSDT,2026-01-04,91413.49,58.72,bull
BTCUSDT,2026-01-05,93882.55,65.5,bull
BTCUSDT,2026-01-06,93729.03,64.79,bull
BTCUSDT,2026-01-07,91308.05,54.69,bull
BTCUSDT,2026-01-08,91027.12,53.64,bull
BTCUSDT,2026-01-09,90513.1,51.69,bull
BTCUSDT,2026-01-10,90386.65,51.2,sideways
BTCUSDT,2026-01-11,90827.46,52.89,sideways
BTCUSDT,2026-01-12,91192.99,54.3,sideways
BTCUSDT,2026-01-13,95321.78,66.49,bull
BTCUSDT,2026-01-14,96929.33,69.86,bull
BTCUSDT,2026-01-15,95551.19,63.92,bull
BTCUSDT,2026-01-16,95525.12,63.81,bull
BTCUSDT,2026-01-17,95099.92,61.93,bull
BTCUSDT,2026-01-18,93634.43,55.83,bull
BTCUSDT,2026-01-19,92553.59,51.77,bull
BTCUSDT,2026-01-20,88310.91,39.61,sideways
BTCUSDT,2026-01-21,89376.96,43.22,sideways
BTCUSDT,2026-01-22,89462.45,43.51,sideways
BTCUSDT,2026-01-23,89503.88,43.67,sideways
BTCUSDT,2026-01-24,89110.73,42.5,sideways
BTCUSDT,2026-01-25,86572.22,35.87,sideways
BTCUSDT,2026-01-26,88267.14,42.34,sideways
BTCUSDT,2026-01-27,89102.57,45.27,bull
BTCUSDT,2026-01-28,89184.57,45.56,sideways
BTCUSDT,2026-01-29,84561.59,34.4,sideways
BTCUSDT,2026-01-30,84128.66,33.57,sideways
BTCUSDT,2026-01-31,78621.12,25.24,bear
BTCUSDT,2026-02-01,76974.45,23.37,bear
BTCUSDT,2026-02-02,78688.77,29.24,bear
BTCUSDT,2026-02-03,75633.55,25.49,bear
BTCUSDT,2026-02-04,73019.7,22.8,bear
BTCUSDT,2026-02-05,62702.1,15.73,bear
BTCUSDT,2026-02-06,70555.39,32.8,bear
BTCUSDT,2026-02-07,69281.97,31.68,bear
BTCUSDT,2026-02-08,70264.73,33.57,bear
BTCUSDT,2026-02-09,70120.78,33.42,bear
BTCUSDT,2026-02-10,68793.96,32.05,bear
BTCUSDT,2026-02-11,66991.97,30.22,bear
BTCUSDT,2026-02-12,66221.84,29.45,bull
BTCUSDT,2026-02-13,68857.84,35.52,bear
BTCUSDT,2026-02-14,69767.62,37.52,bull
BTCUSDT,2026-02-15,68788.19,36.21,bear
BTCUSDT,2026-02-16,68843.16,36.35,bear
BTCUSDT,2026-02-17,67494.22,34.44,bear
BTCUSDT,2026-02-18,66425.32,32.97,bear
BTCUSDT,2026-02-19,66957.52,34.47,bull
BTCUSDT,2026-02-20,68005.42,37.45,bear
BTCUSDT,2026-02-21,68003.77,37.45,bear
BTCUSDT,2026-02-22,67659.39,36.81,bear
BTCUSDT,2026-02-23,64616.74,31.68,bear
BTCUSDT,2026-02-24,64080.04,30.87,bear
BTCUSDT,2026-02-25,67960.12,42.42,bull
BTCUSDT,2026-02-26,67453.77,41.45,bull
BTCUSDT,2026-02-27,65881.8,38.49,sideways
BTCUSDT,2026-02-28,66995.86,41.67,sideways
BTCUSDT,2026-03-01,65738.1,39.21,sideways
BTCUSDT,2026-03-02,68775.85,47.3,bull
BTCUSDT,2026-03-03,68293.65,46.24,bull
BTCUSDT,2026-03-04,72710.58,55.92,bull
BTCUSDT,2026-03-05,70841.12,51.68,bull
BTCUSDT,2026-03-06,68136.49,46.22,bull
BTCUSDT,2026-03-07,67272.59,44.6,bull
BTCUSDT,2026-03-08,65969.78,42.2,bull
BTCUSDT,2026-03-09,68402.38,47.85,sideways
BTCUSDT,2026-03-10,69926.92,51.07,bull
BTCUSDT,2026-03-11,70204.88,51.66,sideways
BTCUSDT,2026-03-12,70493.46,52.3,sideways
BTCUSDT,2026-03-13,70968.27,53.39,bull
BTCUSDT,2026-03-14,71214.62,53.98,bull
BTCUSDT,2026-03-15,72789.91,57.67,bull
BTCUSDT,2026-03-16,74861.09,61.98,bull
BTCUSDT,2026-03-17,73922.48,59.05,bull
BTCUSDT,2026-03-18,71245.58,51.55,bull
BTCUSDT,2026-03-19,69912.79,48.26,sideways
BTCUSDT,2026-03-20,70522.59,49.84,sideways
BTCUSDT,2026-03-21,68711.52,45.41,sideways
BTCUSDT,2026-03-22,67845.21,43.43,sideways
BTCUSDT,2026-03-23,70914.86,51.52,sideways
BTCUSDT,2026-03-24,70517.86,50.51,sideways
BTCUSDT,2026-03-25,71309.88,52.5,sideways
BTCUSDT,2026-03-26,68791.62,46.14,sideways
BTCUSDT,2026-03-27,66338.38,40.94,sideways
BTCUSDT,2026-03-28,66319.7,40.9,sideways
BTCUSDT,2026-03-29,65954.92,40.12,sideways
BTCUSDT,2026-03-30,66691.45,42.5,sideways
BTCUSDT,2026-03-31,68233.31,47.24,sideways
BTCUSDT,2026-04-01,68078.55,46.82,sideways
BTCUSDT,2026-04-02,66888.57,43.63,sideways
BTCUSDT,2026-04-03,66931.1,43.78,bull
BTCUSDT,2026-04-04,67290.52,45.09,bull
BTCUSDT,2026-04-05,68981.9,50.87,bull
BTCUSDT,2026-04-06,68859.83,50.46,bull
BTCUSDT,2026-04-07,71940.7,59.42,bull
BTCUSDT,2026-04-08,71123.36,56.5,bull
BTCUSDT,2026-04-09,71767.83,58.24,bull
BTCUSDT,2026-04-10,72979.05,61.37,bull
BTCUSDT,2026-04-11,73054.27,61.56,bull
BTCUSDT,2026-04-12,70753.41,52.87,bull
BTCUSDT,2026-04-13,74484.64,62.19,bull
BTCUSDT,2026-04-14,74181.61,61.14,bull
BTCUSDT,2026-04-15,74805.08,62.55,bull
BTCUSDT,2026-04-16,75152.13,63.34,bull
BTCUSDT,2026-04-17,77126.88,67.58,bull
BTCUSDT,2026-04-18,75726.21,62.1,bull
BTCUSDT,2026-04-19,73856.35,55.62,bull
BTCUSDT,2026-04-20,75872.52,60.42,bull
BTCUSDT,2026-04-21,76352.77,61.48,bull
BTCUSDT,2026-04-22,78203.1,65.36,bull
BTCUSDT,2026-04-23,78268.95,65.49,bull
BTCUSDT,2026-04-24,77455.31,62.31,bull
BTCUSDT,2026-04-25,77612.02,62.68,bull
BTCUSDT,2026-04-26,78657.54,65.18,bull
BTCUSDT,2026-04-27,77366.62,59.85,bull
BTCUSDT,2026-04-28,76350.67,55.97,bull
BTCUSDT,2026-04-29,75776.13,53.85,sideways
BTCUSDT,2026-04-30,76304.32,55.52,sideways
BTCUSDT,2026-05-01,78179.0,60.93,bull
BTCUSDT,2026-05-02,78657.25,62.19,bull
BTCUSDT,2026-05-03,78538.23,61.66,sideways
BTCUSDT,2026-05-04,79827.91,65.15,bull
BTCUSDT,2026-05-05,80927.05,67.84,bull
BTCUSDT,2026-05-06,81427.53,69.02,bull
BTCUSDT,2026-05-07,80009.99,62.11,bull
BTCUSDT,2026-05-08,80186.77,62.61,bull
BTCUSDT,2026-05-09,80664.37,64.0,bull
BTCUSDT,2026-05-10,82138.93,67.96,bull
BTCUSDT,2026-05-11,81728.3,65.79,bull
BTCUSDT,2026-05-12,80477.49,59.55,sideways
BTCUSDT,2026-05-13,79277.12,54.24,sideways
BTCUSDT,2026-05-14,81051.25,59.93,bull
BTCUSDT,2026-05-15,79065.68,52.12,sideways
BTCUSDT,2026-05-16,78131.44,48.89,sideways
BTCUSDT,2026-05-17,77429.35,46.55,sideways
BTCUSDT,2026-05-18,76954.17,44.99,sideways
BTCUSDT,2026-05-19,76750.91,44.3,sideways
BTCUSDT,2026-05-20,77457.77,47.31,sideways
BTCUSDT,2026-05-21,77539.17,47.66,sideways
BTCUSDT,2026-05-22,75488.24,40.37,sideways
BTCUSDT,2026-05-23,76673.37,45.55,sideways
BTCUSDT,2026-05-24,76981.12,46.85,sideways
BTCUSDT,2026-05-25,77279.93,48.13,bull
BTCUSDT,2026-05-26,75825.73,42.71,sideways
BTCUSDT,2026-05-27,74344.7,38.02,sideways
BTCUSDT,2026-05-28,73536.55,35.71,sideways
BTCUSDT,2026-05-29,73372.52,35.24,sideways
BTCUSDT,2026-05-30,73754.84,37.3,sideways
BTCUSDT,2026-05-31,73579.69,36.72,sideways
BTCUSDT,2026-06-01,71319.77,30.23,sideways
BTCUSDT,2026-06-02,66703.66,21.77,bear
BTCUSDT,2026-06-03,64014.37,18.51,bear
BTCUSDT,2026-06-04,63801.57,18.28,bear
BTCUSDT,2026-06-05,60922.67,15.45,bear
BTCUSDT,2026-06-06,60867.41,15.4,bear
BTCUSDT,2026-06-07,63239.52,26.27,bear
BTCUSDT,2026-06-08,63090.59,26.05,bear
BTCUSDT,2026-06-09,61643.78,23.89,sideways
BTCUSDT,2026-06-10,61449.29,23.61,sideways
BTCUSDT,2026-06-11,63561.05,32.89,sideways
BTCUSDT,2026-06-12,63543.2,32.86,bull
BTCUSDT,2026-06-13,64421.32,36.57,bull
BTCUSDT,2026-06-14,65710.4,41.67,bull
BTCUSDT,2026-06-15,66289.5,43.85,bull
BTCUSDT,2026-06-16,65600.64,41.85,bull
BTCUSDT,2026-06-17,64418.45,38.58,bull
BTCUSDT,2026-06-18,62896.47,34.82,sideways
BTCUSDT,2026-06-19,63540.84,37.59,sideways
BTCUSDT,2026-06-20,64239.68,40.55,sideways
BTCUSDT,2026-06-21,63237.54,37.79,sideways
BTCUSDT,2026-06-22,63952.11,40.88,sideways
BTCUSDT,2026-06-23,62668.02,37.29,sideways
BTCUSDT,2026-06-24,60995.13,33.2,sideways
BTCUSDT,2026-06-25,59721.68,30.46,sideways
BTCUSDT,2026-06-26,60016.43,31.86,sideways
BTCUSDT,2026-06-27,59940.1,31.68,sideways
BTCUSDT,2026-06-28,59532.34,30.7,sideways
BTCUSDT,2026-06-29,60138.38,33.99,sideways
BTCUSDT,2026-06-30,58558.86,29.99,sideways
BTCUSDT,2026-07-01,60003.76,37.26,sideways
BTCUSDT,2026-07-02,61485.3,43.71,bull
BTCUSDT,2026-07-03,62544.2,47.84,bull
BTCUSDT,2026-07-04,63088.3,49.88,bull
BTCUSDT,2026-07-05,63547.88,51.6,bull
BTCUSDT,2026-07-06,63995.02,53.28,bull
BTCUSDT,2026-07-07,63297.39,50.34,bull
BTCUSDT,2026-07-08,62257.57,46.26,bull
BTCUSDT,2026-07-09,63193.15,50.18,bull
BTCUSDT,2026-07-10,64127.14,53.8,bull
BTCUSDT,2026-07-11,63802.03,52.37,bull
BTCUSDT,2026-07-12,63758.22,52.17,bull
BTCUSDT,2026-07-13,62239.12,45.63,sideways
BTCUSDT,2026-07-14,64956.11,56.2,bull
BTCUSDT,2026-07-15,64712.38,55.17,bull
BTCUSDT,2026-07-16,63789.28,51.31,bull
BTCUSDT,2026-07-17,63899.46,51.74,sideways
BTCUSDT,2026-07-18,64796.6,55.24,bull
BTCUSDT,2026-07-19,64690.8,54.74,bull
BTCUSDT,2026-07-20,65230.03,56.89,bull
BTCUSDT,2026-07-21,66505.12,61.56,bull
BTCUSDT,2026-07-22,66100.8,59.36,bull
BTCUSDT,2026-07-23,65044.81,53.96,bull
BTCUSDT,2026-07-24,64098.5,49.59,bull
BTCUSDT,2026-07-25,64311.81,50.56,sideways
BTCUSDT,2026-07-26,65340.3,55.05,bull
BTCUSDT,2026-07-27,63724.9,47.72,sideways
BTCUSDT,2026-07-28,63871.36,48.39,sideways
BTCUSDT,2026-07-29,63908.17,48.57,sideways
BTCUSDT,2026-07-30,64725.31,52.5,sideways
BTCUSDT,2026-07-31,62813.75,44.02,sideways
BTCUSDT,2026-08-01,62763.32,43.82,sideways
BTCUSDT,2026-08-02,63482.0,47.5,sideways
BTCUSDT,2026-08-03,63460.9,47.4,sideways
BTCUSDT,2026-08-04,64055.95,50.51,bull
BTCUSDT,2026-08-05,64597.5,53.22,bull
ETHUSDT,2017-11-09,320.88,,unknown
ETHUSDT,2017-11-10,299.25,0.0,unknown
ETHUSDT,2017-11-11,314.68,5.2,unknown
ETHUSDT,2017-11-12,307.91,5.08,unknown
ETHUSDT,2017-11-13,316.72,8.16,unknown
ETHUSDT,2017-11-14,337.63,15.21,unknown
ETHUSDT,2017-11-15,333.36,14.96,unknown
ETHUSDT,2017-11-16,330.92,14.81,unknown
ETHUSDT,2017-11-17,332.39,15.37,unknown
ETHUSDT,2017-11-18,347.61,21.1,unknown
ETHUSDT,2017-11-19,354.39,23.58,unknown
ETHUSDT,2017-11-20,366.73,28.02,unknown
ETHUSDT,2017-11-21,360.4,27.15,unknown
ETHUSDT,2017-11-22,380.65,34.2,unknown
ETHUSDT,2017-11-23,410.17,42.88,unknown
ETHUSDT,2017-11-24,474.91,56.45,unknown
ETHUSDT,2017-11-25,466.28,54.59,unknown
ETHUSDT,2017-11-26,471.33,55.51,unknown
ETHUSDT,2017-11-27,480.36,57.19,unknown
ETHUSDT,2017-11-28,472.9,55.33,unknown
ETHUSDT,2017-11-29,427.52,45.63,unknown
ETHUSDT,2017-11-30,447.11,49.73,bull
ETHUSDT,2017-12-01,466.54,53.47,bear
ETHUSDT,2017-12-02,463.45,52.8,bear
ETHUSDT,2017-12-03,465.85,53.29,bear
ETHUSDT,2017-12-04,470.2,54.23,bear
ETHUSDT,2017-12-05,463.28,52.43,bear
ETHUSDT,2017-12-06,428.59,44.49,sideways
ETHUSDT,2017-12-07,434.41,45.97,bear
ETHUSDT,2017-12-08,456.03,51.17,bear
ETHUSDT,2017-12-09,473.5,54.95,sideways
ETHUSDT,2017-12-10,441.72,47.72,bear
ETHUSDT,2017-12-11,515.14,60.61,bull
ETHUSDT,2017-12-12,651.43,73.62,bull
ETHUSDT,2017-12-13,702.77,76.73,bull
ETHUSDT,2017-12-14,695.82,75.43,bull
ETHUSDT,2017-12-15,684.45,73.25,bull
ETHUSDT,2017-12-16,696.21,74.08,bull
ETHUSDT,2017-12-17,719.97,75.73,bull
ETHUSDT,2017-12-18,794.65,80.04,bull
ETHUSDT,2017-12-19,826.82,81.55,bull
ETHUSDT,2017-12-20,819.09,79.98,bull
ETHUSDT,2017-12-21,821.06,80.09,bull
ETHUSDT,2017-12-22,674.86,56.37,bear
ETHUSDT,2017-12-23,719.39,60.23,sideways
ETHUSDT,2017-12-24,694.15,57.14,bear
ETHUSDT,2017-12-25,765.83,62.95,bear
ETHUSDT,2017-12-26,773.84,63.55,bear
ETHUSDT,2017-12-27,762.84,62.07,bear
ETHUSDT,2017-12-28,737.02,58.64,bear
ETHUSDT,2017-12-29,753.59,60.16,bull
ETHUSDT,2017-12-30,717.26,55.34,bear
ETHUSDT,2017-12-31,756.73,59.17,sideways
ETHUSDT,2018-01-01,772.64,60.63,sideways
ETHUSDT,2018-01-02,884.44,69.03,bull
ETHUSDT,2018-01-03,962.72,73.33,bull
ETHUSDT,2018-01-04,980.92,74.22,bull
ETHUSDT,2018-01-05,997.72,75.05,bull
ETHUSDT,2018-01-06,1041.68,77.13,bull
ETHUSDT,2018-01-07,1153.17,81.37,bull
ETHUSDT,2018-01-08,1148.53,80.7,bull
ETHUSDT,2018-01-09,1299.74,85.03,bull
ETHUSDT,2018-01-10,1255.82,79.45,bull
ETHUSDT,2018-01-11,1154.93,68.36,bull
ETHUSDT,2018-01-12,1273.2,73.1,bull
ETHUSDT,2018-01-13,1396.42,76.97,bull
ETHUSDT,2018-01-14,1366.77,74.21,bull
ETHUSDT,2018-01-15,1291.92,67.6,bull
ETHUSDT,2018-01-16,1053.69,51.79,bear
ETHUSDT,2018-01-17,1014.25,49.72,bear
ETHUSDT,2018-01-18,1036.28,50.9,bear
ETHUSDT,2018-01-19,1039.1,51.06,bear
ETHUSDT,2018-01-20,1155.15,57.19,bear
ETHUSDT,2018-01-21,1049.58,50.94,bear
ETHUSDT,2018-01-22,1003.26,48.44,bear
ETHUSDT,2018-01-23,986.23,47.52,bear
ETHUSDT,2018-01-24,1058.78,51.74,sideways
ETHUSDT,2018-01-25,1056.03,51.57,sideways
ETHUSDT,2018-01-26,1055.17,51.51,sideways
ETHUSDT,2018-01-27,1107.07,54.75,bear
ETHUSDT,2018-01-28,1246.01,62.06,bull
ETHUSDT,2018-01-29,1182.36,57.48,bull
ETHUSDT,2018-01-30,1071.13,50.47,sideways
ETHUSDT,2018-01-31,1118.31,53.08,sideways
ETHUSDT,2018-02-01,1036.79,48.34,bear
ETHUSDT,2018-02-02,915.78,42.29,bear
ETHUSDT,2018-02-03,964.02,45.23,bear
ETHUSDT,2018-02-04,834.68,39.43,bear
ETHUSDT,2018-02-05,697.95,34.41,bear
ETHUSDT,2018-02-06,793.12,40.13,bear
ETHUSDT,2018-02-07,757.07,38.75,bear
ETHUSDT,2018-02-08,817.81,42.34,bear
ETHUSDT,2018-02-09,883.86,46.05,bear
ETHUSDT,2018-02-10,860.41,44.94,bear
ETHUSDT,2018-02-11,814.66,42.79,bear
ETHUSDT,2018-02-12,868.71,46.08,bull
ETHUSDT,2018-02-13,845.26,44.87,sideways
ETHUSDT,2018-02-14,923.56,49.61,bull
ETHUSDT,2018-02-15,936.98,50.4,bull
ETHUSDT,2018-02-16,944.21,50.85,sideways
ETHUSDT,2018-02-17,974.11,52.74,bull
ETHUSDT,2018-02-18,923.92,49.31,bull
ETHUSDT,2018-02-19,943.86,50.68,sideways
ETHUSDT,2018-02-20,895.37,47.33,sideways
ETHUSDT,2018-02-21,849.97,44.36,bear
ETHUSDT,2018-02-22,812.84,42.05,bear
ETHUSDT,2018-02-23,864.19,46.23,bear
ETHUSDT,2018-02-24,840.52,44.63,bear
ETHUSDT,2018-02-25,844.81,45.0,bear
ETHUSDT,2018-02-26,869.32,47.18,bear
ETHUSDT,2018-02-27,878.27,47.99,bear
ETHUSDT,2018-02-28,855.2,46.03,sideways
ETHUSDT,2018-03-01,872.2,47.73,sideways
ETHUSDT,2018-03-02,856.85,46.31,bear
ETHUSDT,2018-03-03,857.22,46.35,sideways
ETHUSDT,2018-03-04,866.68,47.46,sideways
ETHUSDT,2018-03-05,853.68,46.05,bear
ETHUSDT,2018-03-06,816.95,42.23,bear
ETHUSDT,2018-03-07,752.83,36.53,bear
ETHUSDT,2018-03-08,704.6,32.93,bear
ETHUSDT,2018-03-09,728.92,36.33,bear
ETHUSDT,2018-03-10,686.89,33.19,bear
ETHUSDT,2018-03-11,723.34,38.18,bear
ETHUSDT,2018-03-12,699.83,36.3,bear
ETHUSDT,2018-03-13,690.83,35.58,bear
ETHUSDT,2018-03-14,614.29,30.09,bear
ETHUSDT,2018-03-15,611.3,29.89,bear
ETHUSDT,2018-03-16,601.67,29.24,bear
ETHUSDT,2018-03-17,552.78,26.11,bear
ETHUSDT,2018-03-18,538.64,25.27,bear
ETHUSDT,2018-03-19,556.73,28.45,bear
ETHUSDT,2018-03-20,557.17,28.53,bear
ETHUSDT,2018-03-21,561.73,29.4,bear
ETHUSDT,2018-03-22,539.7,27.64,bear
ETHUSDT,2018-03-23,539.62,27.63,bear
ETHUSDT,2018-03-24,526.44,26.53,bear
ETHUSDT,2018-03-25,524.29,26.35,bear
ETHUSDT,2018-03-26,489.95,23.53,bear
ETHUSDT,2018-03-27,450.12,20.75,bear
ETHUSDT,2018-03-28,446.28,20.5,bear
ETHUSDT,2018-03-29,385.97,17.02,bear
ETHUSDT,2018-03-30,394.64,19.15,bear
ETHUSDT,2018-03-31,396.46,19.61,bear
ETHUSDT,2018-04-01,379.61,18.55,bear
ETHUSDT,2018-04-02,386.42,20.43,bear
ETHUSDT,2018-04-03,416.89,28.39,bear
ETHUSDT,2018-04-04,380.54,25.16,bear
ETHUSDT,2018-04-05,383.23,25.83,bear
ETHUSDT,2018-04-06,370.29,24.68,bear
ETHUSDT,2018-04-07,385.31,28.65,bear
ETHUSDT,2018-04-08,400.51,32.53,sideways
ETHUSDT,2018-04-09,398.53,32.28,sideways
ETHUSDT,2018-04-10,414.24,36.4,bear
ETHUSDT,2018-04-11,430.54,40.44,bull
ETHUSDT,2018-04-12,492.94,52.8,bull
ETHUSDT,2018-04-13,492.73,52.76,bull
ETHUSDT,2018-04-14,501.48,54.3,bull
ETHUSDT,2018-04-15,531.7,59.25,bull
ETHUSDT,2018-04-16,511.15,54.9,bull
ETHUSDT,2018-04-17,502.89,53.21,bull
ETHUSDT,2018-04-18,524.79,56.99,bull
ETHUSDT,2018-04-19,567.89,63.28,bull
ETHUSDT,2018-04-20,615.72,68.75,bull
ETHUSDT,2018-04-21,605.4,66.45,bull
ETHUSDT,2018-04-22,621.86,68.27,bull
ETHUSDT,2018-04-23,642.55,70.44,bull
ETHUSDT,2018-04-24,708.16,76.05,bull
ETHUSDT,2018-04-25,615.42,59.02,bull
ETHUSDT,2018-04-26,662.81,63.51,bull
ETHUSDT,2018-04-27,647.03,61.11,bull
ETHUSDT,2018-04-28,683.68,64.47,bull
ETHUSDT,2018-04-29,688.88,64.94,bull
ETHUSDT,2018-04-30,669.92,61.77,sideways
ETHUSDT,2018-05-01,673.61,62.16,bear
ETHUSDT,2018-05-02,687.15,63.61,bull
ETHUSDT,2018-05-03,779.54,71.62,bull
ETHUSDT,2018-05-04,785.62,72.06,bull
ETHUSDT,2018-05-05,816.12,74.2,bull
ETHUSDT,2018-05-06,792.31,69.71,bull
ETHUSDT,2018-05-07,753.72,63.05,bull
ETHUSDT,2018-05-08,752.86,62.9,bull
ETHUSDT,2018-05-09,752.28,62.8,bull
ETHUSDT,2018-05-10,727.28,58.31,bear
ETHUSDT,2018-05-11,679.59,50.84,bear
ETHUSDT,2018-05-12,686.05,51.75,bear
ETHUSDT,2018-05-13,733.5,57.86,bear
ETHUSDT,2018-05-14,730.55,57.37,bear
ETHUSDT,2018-05-15,708.87,53.79,bear
ETHUSDT,2018-05-16,707.05,53.49,bear
ETHUSDT,2018-05-17,672.66,48.01,bear
ETHUSDT,2018-05-18,694.37,51.39,sideways
ETHUSDT,2018-05-19,696.53,51.73,sideways
ETHUSDT,2018-05-20,715.37,54.68,bear
ETHUSDT,2018-05-21,699.22,51.76,bear
ETHUSDT,2018-05-22,647.74,43.74,bear
ETHUSDT,2018-05-23,583.59,36.21,bear
ETHUSDT,2018-05-24,601.76,39.39,bear
ETHUSDT,2018-05-25,586.73,37.72,bear
ETHUSDT,2018-05-26,587.28,37.82,bear
ETHUSDT,2018-05-27,572.67,36.09,bear
ETHUSDT,2018-05-28,516.04,30.31,bear
ETHUSDT,2018-05-29,565.39,39.42,bear
ETHUSDT,2018-05-30,559.59,38.78,bear
ETHUSDT,2018-05-31,577.65,41.95,bear
ETHUSDT,2018-06-01,580.04,42.37,bear
ETHUSDT,2018-06-02,591.81,44.52,sideways
ETHUSDT,2018-06-03,618.33,49.14,bull
ETHUSDT,2018-06-04,592.98,45.26,bull
ETHUSDT,2018-06-05,609.3,48.1,bull
ETHUSDT,2018-06-06,607.12,47.74,bull
ETHUSDT,2018-06-07,605.19,47.41,sideways
ETHUSDT,2018-06-08,601.08,46.66,sideways
ETHUSDT,2018-06-09,597.56,45.99,sideways
ETHUSDT,2018-06-10,526.48,35.04,bear
ETHUSDT,2018-06-11,533.28,36.59,bear
ETHUSDT,2018-06-12,496.84,32.15,bear
ETHUSDT,2018-06-13,477.49,30.06,bear
ETHUSDT,2018-06-14,519.74,39.33,bear
ETHUSDT,2018-06-15,491.0,35.85,bear
ETHUSDT,2018-06-16,499.64,37.63,bear
ETHUSDT,2018-06-17,500.45,37.81,bear
ETHUSDT,2018-06-18,518.89,41.81,bear
ETHUSDT,2018-06-19,537.96,45.69,bull
ETHUSDT,2018-06-20,536.27,45.4,bull
ETHUSDT,2018-06-21,527.37,43.83,sideways
ETHUSDT,2018-06-22,465.82,34.83,bear
ETHUSDT,2018-06-23,474.52,36.81,bear
ETHUSDT,2018-06-24,457.67,34.62,bear
ETHUSDT,2018-06-25,460.31,35.27,bear
ETHUSDT,2018-06-26,432.77,31.73,bear
ETHUSDT,2018-06-27,442.36,34.2,bear
ETHUSDT,2018-06-28,422.36,31.63,bear
ETHUSDT,2018-06-29,436.01,35.21,bear
ETHUSDT,2018-06-30,455.18,39.98,bear
ETHUSDT,2018-07-01,453.92,39.77,bear
ETHUSDT,2018-07-02,475.35,44.99,bull
ETHUSDT,2018-07-03,464.2,42.9,bull
ETHUSDT,2018-07-04,467.32,43.69,bull
ETHUSDT,2018-07-05,474.41,45.52,bull
ETHUSDT,2018-07-06,474.01,45.43,bull
ETHUSDT,2018-07-07,491.66,50.12,bull
ETHUSDT,2018-07-08,489.12,49.46,bull
ETHUSDT,2018-07-09,476.68,46.26,sideways
ETHUSDT,2018-07-10,434.42,37.4,bear
ETHUSDT,2018-07-11,446.52,40.89,bear
ETHUSDT,2018-07-12,430.07,37.8,bear
ETHUSDT,2018-07-13,434.03,39.0,bear
ETHUSDT,2018-07-14,436.09,39.64,bear
ETHUSDT,2018-07-15,449.85,43.93,bear
ETHUSDT,2018-07-16,480.66,52.14,bull
ETHUSDT,2018-07-17,501.0,56.65,bull
ETHUSDT,2018-07-18,480.51,51.39,bull
ETHUSDT,2018-07-19,469.62,48.8,bull
ETHUSDT,2018-07-20,450.7,44.6,bull
ETHUSDT,2018-07-21,462.44,47.61,bull
ETHUSDT,2018-07-22,459.66,46.96,bull
ETHUSDT,2018-07-23,450.85,44.87,bear
ETHUSDT,2018-07-24,479.37,52.29,bear
ETHUSDT,2018-07-25,472.49,50.52,bear
ETHUSDT,2018-07-26,464.04,48.36,bear
ETHUSDT,2018-07-27,469.67,49.9,sideways
ETHUSDT,2018-07-28,466.9,49.12,sideways
ETHUSDT,2018-07-29,466.67,49.05,sideways
ETHUSDT,2018-07-30,457.08,46.18,sideways
ETHUSDT,2018-07-31,433.87,40.05,bear
ETHUSDT,2018-08-01,420.75,37.06,bear
ETHUSDT,2018-08-02,412.62,35.3,bear
ETHUSDT,2018-08-03,418.26,37.52,bear
ETHUSDT,2018-08-04,407.25,35.0,bear
ETHUSDT,2018-08-05,410.52,36.36,bear
ETHUSDT,2018-08-06,406.66,35.42,bear
ETHUSDT,2018-08-07,380.21,29.71,bear
ETHUSDT,2018-08-08,356.61,25.72,bear
ETHUSDT,2018-08-09,365.59,29.59,bear
ETHUSDT,2018-08-10,334.18,24.73,bear
ETHUSDT,2018-08-11,322.11,23.16,bear
ETHUSDT,2018-08-12,319.57,22.83,bear
ETHUSDT,2018-08-13,286.49,19.04,bear
ETHUSDT,2018-08-14,278.93,18.29,bear
ETHUSDT,2018-08-15,282.36,19.83,bear
ETHUSDT,2018-08-16,288.05,22.44,bear
ETHUSDT,2018-08-17,315.73,33.74,bear
ETHUSDT,2018-08-18,295.81,30.32,bear
ETHUSDT,2018-08-19,300.83,32.18,bear
ETHUSDT,2018-08-20,274.32,27.93,bear
ETHUSDT,2018-08-21,281.94,30.76,sideways
ETHUSDT,2018-08-22,271.34,29.05,bear
ETHUSDT,2018-08-23,277.1,31.29,bear
ETHUSDT,2018-08-24,282.97,33.59,bear
ETHUSDT,2018-08-25,279.65,32.91,bear
ETHUSDT,2018-08-26,275.2,31.99,bear
ETHUSDT,2018-08-27,285.6,36.47,sideways
ETHUSDT,2018-08-28,296.5,40.87,sideways
ETHUSDT,2018-08-29,289.31,38.95,sideways
ETHUSDT,2018-08-30,284.11,37.58,sideways
ETHUSDT,2018-08-31,283.0,37.28,sideways
ETHUSDT,2018-09-01,295.34,42.78,sideways
ETHUSDT,2018-09-02,294.37,42.46,sideways
ETHUSDT,2018-09-03,289.26,40.76,sideways
ETHUSDT,2018-09-04,285.72,39.58,bear
ETHUSDT,2018-09-05,232.33,26.88,bear
ETHUSDT,2018-09-06,230.21,26.52,bear
ETHUSDT,2018-09-07,217.2,24.34,bear
ETHUSDT,2018-09-08,197.95,21.53,bear
ETHUSDT,2018-09-09,196.92,21.39,bear
ETHUSDT,2018-09-10,197.08,21.47,bear
ETHUSDT,2018-09-11,185.07,19.71,bear
ETHUSDT,2018-09-12,183.33,19.46,bear
ETHUSDT,2018-09-13,211.35,33.95,bear
ETHUSDT,2018-09-14,211.75,34.13,bear
ETHUSDT,2018-09-15,223.07,39.24,bull
ETHUSDT,2018-09-16,220.59,38.53,bull
ETHUSDT,2018-09-17,197.88,32.73,sideways
ETHUSDT,2018-09-18,209.98,38.08,bull
ETHUSDT,2018-09-19,209.97,38.08,bull
ETHUSDT,2018-09-20,224.59,44.28,bull
ETHUSDT,2018-09-21,246.58,52.06,bull
ETHUSDT,2018-09-22,240.48,49.98,bull
ETHUSDT,2018-09-23,244.33,51.3,bull
ETHUSDT,2018-09-24,228.73,45.99,bull
ETHUSDT,2018-09-25,218.51,42.85,sideways
ETHUSDT,2018-09-26,215.85,42.05,sideways
ETHUSDT,2018-09-27,228.49,47.12,sideways
ETHUSDT,2018-09-28,222.4,45.07,bear
ETHUSDT,2018-09-29,231.63,48.71,bear
ETHUSDT,2018-09-30,232.85,49.19,bear
ETHUSDT,2018-10-01,230.77,48.36,sideways
ETHUSDT,2018-10-02,227.18,46.89,sideways
ETHUSDT,2018-10-03,220.49,44.2,sideways
ETHUSDT,2018-10-04,222.22,45.07,bear
ETHUSDT,2018-10-05,227.6,47.83,sideways
ETHUSDT,2018-10-06,225.12,46.67,bear
ETHUSDT,2018-10-07,226.12,47.22,bear
ETHUSDT,2018-10-08,229.26,49.02,bear
ETHUSDT,2018-10-09,227.98,48.3,sideways
ETHUSDT,2018-10-10,225.77,47.01,sideways
ETHUSDT,2018-10-11,189.5,31.95,bear
ETHUSDT,2018-10-12,196.73,36.33,bear
ETHUSDT,2018-10-13,199.84,38.17,bear
ETHUSDT,2018-10-14,195.71,36.66,bear
ETHUSDT,2018-10-15,209.7,44.68,bear
ETHUSDT,2018-10-16,210.12,44.9,bear
ETHUSDT,2018-10-17,207.08,43.52,bear
ETHUSDT,2018-10-18,203.35,41.82,bull
ETHUSDT,2018-10-19,203.73,42.06,sideways
ETHUSDT,2018-10-20,205.43,43.23,sideways
ETHUSDT,2018-10-21,205.14,43.08,sideways
ETHUSDT,2018-10-22,204.04,42.44,bear
ETHUSDT,2018-10-23,204.34,42.68,bear
ETHUSDT,2018-10-24,203.85,42.36,bear
ETHUSDT,2018-10-25,202.72,41.57,bear
ETHUSDT,2018-10-26,203.33,42.2,bear
ETHUSDT,2018-10-27,204.21,43.14,bear
ETHUSDT,2018-10-28,205.37,44.41,sideways
ETHUSDT,2018-10-29,197.25,37.96,bear
ETHUSDT,2018-10-30,197.56,38.33,bear
ETHUSDT,2018-10-31,197.38,38.19,bear
ETHUSDT,2018-11-01,198.87,40.17,bear
ETHUSDT,2018-11-02,200.63,42.51,bear
ETHUSDT,2018-11-03,200.19,42.05,bear
ETHUSDT,2018-11-04,207.49,51.13,bull
ETHUSDT,2018-11-05,209.09,52.88,bull
ETHUSDT,2018-11-06,218.45,61.53,bull
ETHUSDT,2018-11-07,217.18,59.92,bull
ETHUSDT,2018-11-08,212.23,54.0,bull
ETHUSDT,2018-11-09,210.07,51.61,bull
ETHUSDT,2018-11-10,212.53,54.1,bull
ETHUSDT,2018-11-11,211.34,52.69,sideways
ETHUSDT,2018-11-12,210.42,51.56,sideways
ETHUSDT,2018-11-13,206.83,47.32,bear
ETHUSDT,2018-11-14,181.4,29.08,bear
ETHUSDT,2018-11-15,180.81,28.8,bear
ETHUSDT,2018-11-16,175.18,26.23,bear
ETHUSDT,2018-11-17,174.0,25.71,bear
ETHUSDT,2018-11-18,177.07,29.6,bear
ETHUSDT,2018-11-19,149.18,19.56,bear
ETHUSDT,2018-11-20,130.34,15.69,bear
ETHUSDT,2018-11-21,136.7,21.35,bear
ETHUSDT,2018-11-22,126.71,19.17,bear
ETHUSDT,2018-11-23,123.3,18.48,bear
ETHUSDT,2018-11-24,113.49,16.62,bear
ETHUSDT,2018-11-25,116.45,19.26,bear
ETHUSDT,2018-11-26,108.33,17.61,bear
ETHUSDT,2018-11-27,110.01,19.15,bear
ETHUSDT,2018-11-28,122.44,29.64,bear
ETHUSDT,2018-11-29,117.54,28.09,bear
ETHUSDT,2018-11-30,113.17,26.75,bear
ETHUSDT,2018-12-01,118.64,31.18,sideways
ETHUSDT,2018-12-02,116.39,30.36,bear
ETHUSDT,2018-12-03,108.93,27.77,sideways
ETHUSDT,2018-12-04,110.21,28.9,sideways
ETHUSDT,2018-12-05,102.48,26.25,bear
ETHUSDT,2018-12-06,91.76,23.1,bear
ETHUSDT,2018-12-07,93.29,24.5,bear
ETHUSDT,2018-12-08,92.16,24.15,bear
ETHUSDT,2018-12-09,95.14,27.09,bear
ETHUSDT,2018-12-10,91.69,25.84,bear
ETHUSDT,2018-12-11,88.95,24.86,bear
ETHUSDT,2018-12-12,90.59,26.66,bear
ETHUSDT,2018-12-13,86.54,25.07,bear
ETHUSDT,2018-12-14,84.31,24.21,bear
ETHUSDT,2018-12-15,84.44,24.38,bear
ETHUSDT,2018-12-16,85.26,25.46,bear
ETHUSDT,2018-12-17,95.13,37.16,bull
ETHUSDT,2018-12-18,101.11,43.0,bull
ETHUSDT,2018-12-19,101.27,43.15,bull
ETHUSDT,2018-12-20,116.22,55.18,bull
ETHUSDT,2018-12-21,109.5,50.05,bull
ETHUSDT,2018-12-22,116.76,54.93,bull
ETHUSDT,2018-12-23,130.77,62.53,bull
ETHUSDT,2018-12-24,140.24,66.63,bull
ETHUSDT,2018-12-25,129.84,59.0,bull
ETHUSDT,2018-12-26,131.87,59.96,bull
ETHUSDT,2018-12-27,116.58,50.36,sideways
ETHUSDT,2018-12-28,137.65,59.89,bull
ETHUSDT,2018-12-29,138.02,60.04,bull
ETHUSDT,2018-12-30,139.86,60.8,sideways
ETHUSDT,2018-12-31,133.37,56.7,bear
ETHUSDT,2019-01-01,140.82,60.03,bull
ETHUSDT,2019-01-02,155.05,65.49,bull
ETHUSDT,2019-01-03,149.14,61.72,bull
ETHUSDT,2019-01-04,154.58,63.78,bull
ETHUSDT,2019-01-05,155.64,64.19,bull
ETHUSDT,2019-01-06,157.75,65.03,bull
ETHUSDT,2019-01-07,151.7,60.64,bull
ETHUSDT,2019-01-08,150.36,59.68,sideways
ETHUSDT,2019-01-09,150.8,59.91,bear
ETHUSDT,2019-01-10,128.63,46.0,bear
ETHUSDT,2019-01-11,127.55,45.44,bear
ETHUSDT,2019-01-12,125.97,44.6,bear
ETHUSDT,2019-01-13,116.9,40.0,bear
ETHUSDT,2019-01-14,129.07,47.78,bear
ETHUSDT,2019-01-15,122.03,44.21,bear
ETHUSDT,2019-01-16,123.55,45.16,bear
ETHUSDT,2019-01-17,123.74,45.29,bear
ETHUSDT,2019-01-18,121.01,43.74,bear
ETHUSDT,2019-01-19,124.52,46.29,bear
ETHUSDT,2019-01-20,119.47,43.25,sideways
ETHUSDT,2019-01-21,117.16,41.89,bear
ETHUSDT,2019-01-22,118.75,43.21,bear
ETHUSDT,2019-01-23,117.45,42.37,bear
ETHUSDT,2019-01-24,117.36,42.31,bear
ETHUSDT,2019-01-25,116.38,41.59,bear
ETHUSDT,2019-01-26,116.49,41.71,bear
ETHUSDT,2019-01-27,113.41,39.31,bear
ETHUSDT,2019-01-28,106.59,34.56,bear
ETHUSDT,2019-01-29,105.6,33.92,bear
ETHUSDT,2019-01-30,108.91,38.05,bear
ETHUSDT,2019-01-31,107.06,36.67,bear
ETHUSDT,2019-02-01,107.61,37.4,bear
ETHUSDT,2019-02-02,110.43,41.13,bear
ETHUSDT,2019-02-03,107.49,38.55,bear
ETHUSDT,2019-02-04,107.82,39.01,sideways
ETHUSDT,2019-02-05,107.44,38.66,sideways
ETHUSDT,2019-02-06,104.92,36.26,bear
ETHUSDT,2019-02-07,104.54,35.89,bear
ETHUSDT,2019-02-08,119.27,54.72,bull
ETHUSDT,2019-02-09,119.43,54.88,bull
ETHUSDT,2019-02-10,124.81,59.86,bull
ETHUSDT,2019-02-11,121.3,55.55,bull
ETHUSDT,2019-02-12,122.57,56.77,bull
ETHUSDT,2019-02-13,122.55,56.74,bull
ETHUSDT,2019-02-14,121.39,55.15,bull
ETHUSDT,2019-02-15,122.1,55.96,bull
ETHUSDT,2019-02-16,123.26,57.32,bull
ETHUSDT,2019-02-17,133.6,67.1,bull
ETHUSDT,2019-02-18,146.1,74.66,bull
ETHUSDT,2019-02-19,145.35,73.56,bull
ETHUSDT,2019-02-20,149.55,75.71,bull
ETHUSDT,2019-02-21,146.13,70.68,bull
ETHUSDT,2019-02-22,149.09,72.39,bull
ETHUSDT,2019-02-23,158.8,77.1,bull
ETHUSDT,2019-02-24,135.85,53.75,sideways
ETHUSDT,2019-02-25,139.82,56.22,bear
ETHUSDT,2019-02-26,138.09,54.85,bear
ETHUSDT,2019-02-27,136.13,53.26,bear
ETHUSDT,2019-02-28,136.75,53.71,bear
ETHUSDT,2019-03-01,136.44,53.44,bear
ETHUSDT,2019-03-02,134.21,51.35,bear
ETHUSDT,2019-03-03,132.25,49.53,bear
ETHUSDT,2019-03-04,127.77,45.54,bear
ETHUSDT,2019-03-05,137.82,54.41,bear
ETHUSDT,2019-03-06,138.79,55.17,sideways
ETHUSDT,2019-03-07,138.03,54.41,sideways
ETHUSDT,2019-03-08,135.13,51.47,bear
ETHUSDT,2019-03-09,137.97,54.08,sideways
ETHUSDT,2019-03-10,136.76,52.78,sideways
ETHUSDT,2019-03-11,133.83,49.67,sideways
ETHUSDT,2019-03-12,134.44,50.32,bear
ETHUSDT,2019-03-13,133.26,48.99,bear
ETHUSDT,2019-03-14,133.71,49.54,bear
ETHUSDT,2019-03-15,137.69,54.23,sideways
ETHUSDT,2019-03-16,142.4,59.08,sideways
ETHUSDT,2019-03-17,140.0,55.83,sideways
ETHUSDT,2019-03-18,139.37,54.99,bull
ETHUSDT,2019-03-19,140.52,56.29,bull
ETHUSDT,2019-03-20,140.69,56.49,bull
ETHUSDT,2019-03-21,136.64,50.5,bull
ETHUSDT,2019-03-22,137.18,51.25,bear
ETHUSDT,2019-03-23,138.24,52.74,bear
ETHUSDT,2019-03-24,136.99,50.76,bear
ETHUSDT,2019-03-25,135.03,47.73,bear
ETHUSDT,2019-03-26,135.46,48.46,bear
ETHUSDT,2019-03-27,140.99,56.78,bull
ETHUSDT,2019-03-28,139.42,54.11,bull
ETHUSDT,2019-03-29,142.5,58.26,bull
ETHUSDT,2019-03-30,142.09,57.52,bull
ETHUSDT,2019-03-31,141.51,56.42,bull
ETHUSDT,2019-04-01,141.83,56.91,bull
ETHUSDT,2019-04-02,163.96,76.54,bull
ETHUSDT,2019-04-03,161.46,72.52,bull
ETHUSDT,2019-04-04,158.05,67.33,bull
ETHUSDT,2019-04-05,165.51,72.05,bull
ETHUSDT,2019-04-06,165.95,72.3,bull
ETHUSDT,2019-04-07,174.53,76.74,bull
ETHUSDT,2019-04-08,180.26,79.14,bull
ETHUSDT,2019-04-09,176.11,73.25,bull
ETHUSDT,2019-04-10,177.34,73.86,bull
ETHUSDT,2019-04-11,165.5,59.51,bull
ETHUSDT,2019-04-12,164.74,58.72,bear
ETHUSDT,2019-04-13,164.51,58.48,bear
ETHUSDT,2019-04-14,167.84,61.08,bear
ETHUSDT,2019-04-15,161.57,54.19,bear
ETHUSDT,2019-04-16,167.62,59.0,bear
ETHUSDT,2019-04-17,166.95,58.27,bear
ETHUSDT,2019-04-18,173.81,63.28,sideways
ETHUSDT,2019-04-19,173.71,63.16,sideways
ETHUSDT,2019-04-20,173.75,63.19,sideways
ETHUSDT,2019-04-21,170.05,58.47,sideways
ETHUSDT,2019-04-22,171.87,60.05,sideways
ETHUSDT,2019-04-23,171.45,59.48,sideways
ETHUSDT,2019-04-24,165.83,52.41,bear
ETHUSDT,2019-04-25,154.46,41.63,bear
ETHUSDT,2019-04-26,156.35,43.7,bear
ETHUSDT,2019-04-27,158.43,45.98,bear
ETHUSDT,2019-04-28,157.3,44.91,bear
ETHUSDT,2019-04-29,155.2,42.93,bear
ETHUSDT,2019-04-30,162.17,50.71,bear
ETHUSDT,2019-05-01,160.82,49.31,bear
ETHUSDT,2019-05-02,162.12,50.73,bull
ETHUSDT,2019-05-03,167.95,56.57,bull
ETHUSDT,2019-05-04,164.03,52.09,bull
ETHUSDT,2019-05-05,163.45,51.45,bull
ETHUSDT,2019-05-06,172.65,59.96,bull
ETHUSDT,2019-05-07,169.8,56.64,bull
ETHUSDT,2019-05-08,170.95,57.66,bull
ETHUSDT,2019-05-09,170.29,56.84,bull
ETHUSDT,2019-05-10,173.14,59.53,bull
ETHUSDT,2019-05-11,194.3,72.99,bull
ETHUSDT,2019-05-12,187.33,65.28,bull
ETHUSDT,2019-05-13,196.85,69.94,bull
ETHUSDT,2019-05-14,217.15,77.03,bull
ETHUSDT,2019-05-15,247.15,83.3,bull
ETHUSDT,2019-05-16,264.01,85.66,bull
ETHUSDT,2019-05-17,243.76,72.4,bull
ETHUSDT,2019-05-18,234.6,67.31,bull
ETHUSDT,2019-05-19,261.29,73.21,bull
ETHUSDT,2019-05-20,251.86,68.51,bull
ETHUSDT,2019-05-21,255.22,69.26,bull
ETHUSDT,2019-05-22,244.7,64.07,bear
ETHUSDT,2019-05-23,245.97,64.41,bear
ETHUSDT,2019-05-24,249.48,65.41,sideways
ETHUSDT,2019-05-25,251.76,66.07,sideways
ETHUSDT,2019-05-26,267.07,70.21,sideways
ETHUSDT,2019-05-27,272.86,71.61,sideways
ETHUSDT,2019-05-28,271.77,70.93,sideways
ETHUSDT,2019-05-29,269.46,69.43,sideways
ETHUSDT,2019-05-30,255.86,61.2,sideways
ETHUSDT,2019-05-31,268.11,65.2,sideways
ETHUSDT,2019-06-01,265.39,63.63,sideways
ETHUSDT,2019-06-02,270.23,65.23,sideways
ETHUSDT,2019-06-03,252.61,55.62,bear
ETHUSDT,2019-06-04,241.34,50.5,bear
ETHUSDT,2019-06-05,247.05,52.87,bear
ETHUSDT,2019-06-06,249.47,53.88,bear
ETHUSDT,2019-06-07,250.93,54.51,bear
ETHUSDT,2019-06-08,245.74,51.79,bear
ETHUSDT,2019-06-09,233.09,45.8,bear
ETHUSDT,2019-06-10,247.52,52.55,bear
ETHUSDT,2019-06-11,245.78,51.71,bull
ETHUSDT,2019-06-12,260.9,57.97,bull
ETHUSDT,2019-06-13,256.17,55.54,bull
ETHUSDT,2019-06-14,264.09,58.66,bull
ETHUSDT,2019-06-15,269.02,60.51,bull
ETHUSDT,2019-06-16,269.22,60.59,bull
ETHUSDT,2019-06-17,274.35,62.61,bull
ETHUSDT,2019-06-18,265.05,56.91,bull
ETHUSDT,2019-06-19,269.43,58.81,bull
ETHUSDT,2019-06-20,271.7,59.8,bull
ETHUSDT,2019-06-21,294.91,68.22,bull
ETHUSDT,2019-06-22,309.38,72.13,bull
ETHUSDT,2019-06-23,307.83,71.12,bull
ETHUSDT,2019-06-24,310.42,71.83,bull
ETHUSDT,2019-06-25,318.13,73.89,bull
ETHUSDT,2019-06-26,336.75,78.06,bull
ETHUSDT,2019-06-27,294.27,56.06,bull
ETHUSDT,2019-06-28,311.23,60.81,bull
ETHUSDT,2019-06-29,320.06,63.05,bull
ETHUSDT,2019-06-30,290.7,52.34,bear
ETHUSDT,2019-07-01,293.64,53.2,bear
ETHUSDT,2019-07-02,291.6,52.49,bear
ETHUSDT,2019-07-03,303.1,56.03,bear
ETHUSDT,2019-07-04,284.52,49.6,bear
ETHUSDT,2019-07-05,288.0,50.74,bear
ETHUSDT,2019-07-06,287.55,50.58,bear
ETHUSDT,2019-07-07,305.7,56.51,bull
ETHUSDT,2019-07-08,313.25,58.73,bull
ETHUSDT,2019-07-09,308.88,56.92,bull
ETHUSDT,2019-07-10,290.0,49.78,bear
ETHUSDT,2019-07-11,268.7,43.2,bear
ETHUSDT,2019-07-12,276.28,45.94,bear
ETHUSDT,2019-07-13,269.46,43.89,bear
ETHUSDT,2019-07-14,227.58,33.88,bear
ETHUSDT,2019-07-15,229.78,34.72,bear
ETHUSDT,2019-07-16,199.19,29.16,bear
ETHUSDT,2019-07-17,211.48,33.75,bear
ETHUSDT,2019-07-18,226.57,38.98,bear
ETHUSDT,2019-07-19,221.33,37.86,bear
ETHUSDT,2019-07-20,229.12,40.59,bear
ETHUSDT,2019-07-21,225.63,39.75,bear
ETHUSDT,2019-07-22,217.56,37.8,bear
ETHUSDT,2019-07-23,212.73,36.64,sideways
ETHUSDT,2019-07-24,217.05,38.45,sideways
ETHUSDT,2019-07-25,219.62,39.57,bear
ETHUSDT,2019-07-26,219.63,39.57,bear
ETHUSDT,2019-07-27,207.41,35.99,bear
ETHUSDT,2019-07-28,211.19,37.86,bear
ETHUSDT,2019-07-29,211.27,37.9,bear
ETHUSDT,2019-07-30,210.52,37.65,bear
ETHUSDT,2019-07-31,218.65,42.17,sideways
ETHUSDT,2019-08-01,217.81,41.83,bear
ETHUSDT,2019-08-02,217.87,41.87,bear
ETHUSDT,2019-08-03,222.49,44.68,bull
ETHUSDT,2019-08-04,222.67,44.8,bull
ETHUSDT,2019-08-05,234.22,51.58,bull
ETHUSDT,2019-08-06,226.02,47.15,bull
ETHUSDT,2019-08-07,226.39,47.37,bull
ETHUSDT,2019-08-08,220.94,44.44,bull
ETHUSDT,2019-08-09,210.49,39.4,bear
ETHUSDT,2019-08-10,206.73,37.74,bear
ETHUSDT,2019-08-11,216.09,44.06,bear
ETHUSDT,2019-08-12,211.29,41.72,bear
ETHUSDT,2019-08-13,208.71,40.48,bear
ETHUSDT,2019-08-14,186.61,31.75,bear
ETHUSDT,2019-08-15,188.5,33.08,bear
ETHUSDT,2019-08-16,185.44,32.0,bear
ETHUSDT,2019-08-17,185.69,32.19,bear
ETHUSDT,2019-08-18,194.49,38.87,bear
ETHUSDT,2019-08-19,203.09,44.6,bear
ETHUSDT,2019-08-20,196.57,41.43,bear
ETHUSDT,2019-08-21,186.89,37.2,sideways
ETHUSDT,2019-08-22,191.33,40.21,sideways
ETHUSDT,2019-08-23,194.71,42.48,sideways
ETHUSDT,2019-08-24,191.29,40.79,sideways
ETHUSDT,2019-08-25,186.84,38.65,bear
ETHUSDT,2019-08-26,188.93,40.24,bear
ETHUSDT,2019-08-27,187.52,39.49,bear
ETHUSDT,2019-08-28,173.89,33.12,bear
ETHUSDT,2019-08-29,169.52,31.37,bear
ETHUSDT,2019-08-30,168.83,31.09,bear
ETHUSDT,2019-08-31,172.47,34.4,bear
ETHUSDT,2019-09-01,171.63,34.0,bear
ETHUSDT,2019-09-02,178.35,40.09,bear
ETHUSDT,2019-09-03,179.5,41.1,bear
ETHUSDT,2019-09-04,175.99,38.96,sideways
ETHUSDT,2019-09-05,174.22,37.88,sideways
ETHUSDT,2019-09-06,169.96,35.35,sideways
ETHUSDT,2019-09-07,178.26,43.29,sideways
ETHUSDT,2019-09-08,181.36,45.95,sideways
ETHUSDT,2019-09-09,181.15,45.8,sideways
ETHUSDT,2019-09-10,179.79,44.73,sideways
ETHUSDT,2019-09-11,178.73,43.87,sideways
ETHUSDT,2019-09-12,181.02,46.27,bull
ETHUSDT,2019-09-13,181.11,46.37,bull
ETHUSDT,2019-09-14,188.11,53.41,bull
ETHUSDT,2019-09-15,189.79,54.94,bull
ETHUSDT,2019-09-16,197.11,60.95,bull
ETHUSDT,2019-09-17,208.61,68.14,bull
ETHUSDT,2019-09-18,211.39,69.6,bull
ETHUSDT,2019-09-19,221.28,74.14,bull
ETHUSDT,2019-09-20,218.05,70.44,bull
ETHUSDT,2019-09-21,215.52,67.59,bull
ETHUSDT,2019-09-22,211.55,63.28,bull
ETHUSDT,2019-09-23,201.92,54.24,bull
ETHUSDT,2019-09-24,168.11,35.21,bear
ETHUSDT,2019-09-25,170.89,37.17,bear
ETHUSDT,2019-09-26,166.73,35.44,bear
ETHUSDT,2019-09-27,174.71,41.08,bear
ETHUSDT,2019-09-28,174.57,41.01,bear
ETHUSDT,2019-09-29,170.5,39.0,bear
ETHUSDT,2019-09-30,179.87,45.61,bear
ETHUSDT,2019-10-01,177.34,44.22,sideways
ETHUSDT,2019-10-02,180.71,46.56,sideways
ETHUSDT,2019-10-03,175.2,43.35,sideways
ETHUSDT,2019-10-04,176.99,44.68,sideways
ETHUSDT,2019-10-05,176.35,44.29,sideways
ETHUSDT,2019-10-06,173.06,42.19,sideways
ETHUSDT,2019-10-07,181.19,48.65,sideways
ETHUSDT,2019-10-08,182.02,49.28,sideways
ETHUSDT,2019-10-09,193.29,56.93,bull
ETHUSDT,2019-10-10,191.66,55.62,bull
ETHUSDT,2019-10-11,182.57,48.88,sideways
ETHUSDT,2019-10-12,180.83,47.69,sideways
ETHUSDT,2019-10-13,182.08,48.66,sideways
ETHUSDT,2019-10-14,186.96,52.37,sideways
ETHUSDT,2019-10-15,181.41,48.11,bear
ETHUSDT,2019-10-16,176.01,44.34,bear
ETHUSDT,2019-10-17,178.03,46.04,bear
ETHUSDT,2019-10-18,173.62,42.95,bear
ETHUSDT,2019-10-19,172.91,42.46,bear
ETHUSDT,2019-10-20,175.53,44.98,bear
ETHUSDT,2019-10-21,174.92,44.49,bear
ETHUSDT,2019-10-22,172.3,42.36,bear
ETHUSDT,2019-10-23,162.4,35.47,bear
ETHUSDT,2019-10-24,162.17,35.32,bear
ETHUSDT,2019-10-25,181.52,52.71,bull
ETHUSDT,2019-10-26,179.84,51.41,bull
ETHUSDT,2019-10-27,184.24,54.55,bull
ETHUSDT,2019-10-28,182.66,53.22,bull
ETHUSDT,2019-10-29,190.34,58.52,bull
ETHUSDT,2019-10-30,184.69,53.7,bull
ETHUSDT,2019-10-31,183.97,53.1,bull
ETHUSDT,2019-11-01,183.97,53.1,sideways
ETHUSDT,2019-11-02,183.93,53.06,sideways
ETHUSDT,2019-11-03,182.43,51.56,bear
ETHUSDT,2019-11-04,186.36,55.13,sideways
ETHUSDT,2019-11-05,189.3,57.66,bear
ETHUSDT,2019-11-06,191.59,59.56,sideways
ETHUSDT,2019-11-07,187.98,55.33,sideways
ETHUSDT,2019-11-08,184.21,51.25,sideways
ETHUSDT,2019-11-09,185.03,52.08,sideways
ETHUSDT,2019-11-10,189.48,56.41,sideways
ETHUSDT,2019-11-11,185.49,51.88,bear
ETHUSDT,2019-11-12,186.84,53.25,bear
ETHUSDT,2019-11-13,188.26,54.71,bear
ETHUSDT,2019-11-14,186.0,51.93,bear
ETHUSDT,2019-11-15,180.52,45.86,bear
ETHUSDT,2019-11-16,183.35,49.16,bear
ETHUSDT,2019-11-17,185.12,51.17,bear
ETHUSDT,2019-11-18,180.56,46.12,bear
ETHUSDT,2019-11-19,177.46,43.0,bear
ETHUSDT,2019-11-20,175.7,41.3,bear
ETHUSDT,2019-11-21,161.46,30.71,bear
ETHUSDT,2019-11-22,150.27,25.23,bear
ETHUSDT,2019-11-23,153.42,29.06,bear
ETHUSDT,2019-11-24,142.83,24.51,bear
ETHUSDT,2019-11-25,146.48,28.65,bear
ETHUSDT,2019-11-26,148.97,31.42,bear
ETHUSDT,2019-11-27,153.01,35.78,bear
ETHUSDT,2019-11-28,151.72,35.01,bear
ETHUSDT,2019-11-29,155.3,38.92,bull
ETHUSDT,2019-11-30,152.54,37.07,bear
ETHUSDT,2019-12-01,151.19,36.16,bull
ETHUSDT,2019-12-02,149.06,34.73,bull
ETHUSDT,2019-12-03,147.96,33.97,bear
ETHUSDT,2019-12-04,146.75,33.12,bear
ETHUSDT,2019-12-05,149.25,36.65,bear
ETHUSDT,2019-12-06,149.19,36.61,bear
ETHUSDT,2019-12-07,148.77,36.23,bear
ETHUSDT,2019-12-08,151.26,40.12,sideways
ETHUSDT,2019-12-09,148.23,37.15,bear
ETHUSDT,2019-12-10,146.27,35.33,bear
ETHUSDT,2019-12-11,143.61,32.98,bear
ETHUSDT,2019-12-12,145.6,36.41,bear
ETHUSDT,2019-12-13,144.94,35.75,bear
ETHUSDT,2019-12-14,142.87,33.71,bear
ETHUSDT,2019-12-15,143.11,34.19,bear
ETHUSDT,2019-12-16,133.61,26.28,bear
ETHUSDT,2019-12-17,122.6,20.39,bear
ETHUSDT,2019-12-18,133.09,35.27,bear
ETHUSDT,2019-12-19,129.32,32.89,bear
ETHUSDT,2019-12-20,129.07,32.73,bear
ETHUSDT,2019-12-21,128.13,32.11,bear
ETHUSDT,2019-12-22,132.37,37.86,bear
ETHUSDT,2019-12-23,128.61,35.03,bear
ETHUSDT,2019-12-24,129.06,35.65,bull
ETHUSDT,2019-12-25,126.45,33.64,bear
ETHUSDT,2019-12-26,126.36,33.57,bear
ETHUSDT,2019-12-27,127.21,34.96,bear
ETHUSDT,2019-12-28,128.32,36.8,sideways
ETHUSDT,2019-12-29,134.76,46.32,sideways
ETHUSDT,2019-12-30,132.63,43.96,sideways
ETHUSDT,2019-12-31,129.61,40.79,sideways
ETHUSDT,2020-01-01,130.8,42.55,sideways
ETHUSDT,2020-01-02,127.41,38.99,sideways
ETHUSDT,2020-01-03,134.17,48.27,sideways
ETHUSDT,2020-01-04,135.07,49.38,sideways
ETHUSDT,2020-01-05,136.28,50.89,sideways
ETHUSDT,2020-01-06,144.3,59.55,bull
ETHUSDT,2020-01-07,143.54,58.5,bull
ETHUSDT,2020-01-08,141.26,55.33,bull
ETHUSDT,2020-01-09,138.98,52.3,bull
ETHUSDT,2020-01-10,143.96,57.76,bull
ETHUSDT,2020-01-11,142.93,56.32,bull
ETHUSDT,2020-01-12,145.87,59.42,bull
ETHUSDT,2020-01-13,144.23,56.98,bear
ETHUSDT,2020-01-14,165.96,72.83,bull
ETHUSDT,2020-01-15,166.23,72.97,bull
ETHUSDT,2020-01-16,164.39,70.43,bull
ETHUSDT,2020-01-17,170.78,73.83,bull
ETHUSDT,2020-01-18,175.37,75.97,bull
ETHUSDT,2020-01-19,166.97,65.44,bull
ETHUSDT,2020-01-20,167.12,65.53,bull
ETHUSDT,2020-01-21,169.7,67.15,sideways
ETHUSDT,2020-01-22,168.29,65.35,sideways
ETHUSDT,2020-01-23,162.93,58.86,bear
ETHUSDT,2020-01-24,163.05,58.96,bear
ETHUSDT,2020-01-25,161.28,56.81,bear
ETHUSDT,2020-01-26,168.08,62.47,sideways
ETHUSDT,2020-01-27,170.93,64.57,sideways
ETHUSDT,2020-01-28,176.37,68.23,sideways
ETHUSDT,2020-01-29,175.05,66.44,sideways
ETHUSDT,2020-01-30,184.69,72.18,bull
ETHUSDT,2020-01-31,180.16,66.43,bull
ETHUSDT,2020-02-01,183.67,68.52,bull
ETHUSDT,2020-02-02,188.62,71.24,bull
ETHUSDT,2020-02-03,189.87,71.9,bull
ETHUSDT,2020-02-04,189.25,71.04,bull
ETHUSDT,2020-02-05,204.23,77.98,bull
ETHUSDT,2020-02-06,212.34,80.69,bull
ETHUSDT,2020-02-07,222.73,83.48,bull
ETHUSDT,2020-02-08,223.15,83.58,bull
ETHUSDT,2020-02-09,228.58,84.9,bull
ETHUSDT,2020-02-10,223.52,78.58,bull
ETHUSDT,2020-02-11,235.85,82.08,bull
ETHUSDT,2020-02-12,265.41,87.4,bull
ETHUSDT,2020-02-13,268.1,87.76,bull
ETHUSDT,2020-02-14,284.22,89.65,bull
ETHUSDT,2020-02-15,264.73,74.65,bull
ETHUSDT,2020-02-16,259.89,71.46,bull
ETHUSDT,2020-02-17,266.36,73.11,bull
ETHUSDT,2020-02-18,281.94,76.63,bull
ETHUSDT,2020-02-19,259.76,63.83,bear
ETHUSDT,2020-02-20,257.95,62.9,bear
ETHUSDT,2020-02-21,265.6,65.19,bear
ETHUSDT,2020-02-22,262.33,63.39,bear
ETHUSDT,2020-02-23,273.75,66.84,bull
ETHUSDT,2020-02-24,265.22,62.13,bear
ETHUSDT,2020-02-25,247.82,53.8,bear
ETHUSDT,2020-02-26,225.68,45.45,bear
ETHUSDT,2020-02-27,226.75,45.89,bear
ETHUSDT,2020-02-28,226.76,45.89,bear
ETHUSDT,2020-02-29,219.85,43.29,bear
ETHUSDT,2020-03-01,218.97,42.96,bear
ETHUSDT,2020-03-02,230.57,48.58,bear
ETHUSDT,2020-03-03,224.48,46.02,bear
ETHUSDT,2020-03-04,224.52,46.04,bear
ETHUSDT,2020-03-05,229.27,48.5,sideways
ETHUSDT,2020-03-06,243.53,55.11,bull
ETHUSDT,2020-03-07,237.85,52.24,bull
ETHUSDT,2020-03-08,200.69,38.19,bear
ETHUSDT,2020-03-09,201.99,38.81,bear
ETHUSDT,2020-03-10,200.77,38.42,bear
ETHUSDT,2020-03-11,194.87,36.51,bear
ETHUSDT,2020-03-12,112.35,20.89,bear
ETHUSDT,2020-03-13,133.2,29.14,bear
ETHUSDT,2020-03-14,123.31,27.66,bear
ETHUSDT,2020-03-15,125.21,28.42,bear
ETHUSDT,2020-03-16,110.61,26.17,bear
ETHUSDT,2020-03-17,113.94,27.58,bear
ETHUSDT,2020-03-18,114.84,27.98,bear
ETHUSDT,2020-03-19,136.59,37.0,bull
ETHUSDT,2020-03-20,132.74,36.14,bear
ETHUSDT,2020-03-21,132.82,36.17,sideways
ETHUSDT,2020-03-22,123.32,33.91,bear
ETHUSDT,2020-03-23,134.91,38.93,bull
ETHUSDT,2020-03-24,138.76,40.55,bull
ETHUSDT,2020-03-25,136.2,39.79,sideways
ETHUSDT,2020-03-26,138.36,40.79,sideways
ETHUSDT,2020-03-27,133.94,39.35,sideways
ETHUSDT,2020-03-28,130.99,38.38,bear
ETHUSDT,2020-03-29,125.58,36.59,sideways
ETHUSDT,2020-03-30,132.9,40.62,bear
ETHUSDT,2020-03-31,133.59,41.0,bear
ETHUSDT,2020-04-01,135.63,42.18,bear
ETHUSDT,2020-04-02,142.03,45.84,sideways
ETHUSDT,2020-04-03,142.09,45.88,sideways
ETHUSDT,2020-04-04,145.22,47.75,bull
ETHUSDT,2020-04-05,143.55,46.82,bull
ETHUSDT,2020-04-06,169.14,59.78,bull
ETHUSDT,2020-04-07,165.1,57.4,bull
ETHUSDT,2020-04-08,172.64,60.56,bull
ETHUSDT,2020-04-09,170.81,59.4,bull
ETHUSDT,2020-04-10,158.41,52.18,bull
ETHUSDT,2020-04-11,158.22,52.07,bull
ETHUSDT,2020-04-12,161.14,53.61,bull
ETHUSDT,2020-04-13,156.28,50.69,bear
ETHUSDT,2020-04-14,157.6,51.47,bear
ETHUSDT,2020-04-15,153.29,48.78,bear
ETHUSDT,2020-04-16,172.16,58.9,sideways
ETHUSDT,2020-04-17,171.64,58.55,bull
ETHUSDT,2020-04-18,186.91,65.0,bull
ETHUSDT,2020-04-19,181.61,61.43,bull
ETHUSDT,2020-04-20,172.3,55.64,bull
ETHUSDT,2020-04-21,172.74,55.85,bull
ETHUSDT,2020-04-22,182.6,60.41,bull
ETHUSDT,2020-04-23,185.03,61.47,bull
ETHUSDT,2020-04-24,189.24,63.29,bull
ETHUSDT,2020-04-25,195.52,65.89,bull
ETHUSDT,2020-04-26,197.32,66.62,bull
ETHUSDT,2020-04-27,197.22,66.54,bull
ETHUSDT,2020-04-28,198.42,67.08,bull
ETHUSDT,2020-04-29,216.97,74.09,bull
ETHUSDT,2020-04-30,207.6,66.4,bull
ETHUSDT,2020-05-01,214.22,68.86,bull
ETHUSDT,2020-05-02,215.33,69.27,bull
ETHUSDT,2020-05-03,210.93,65.62,bull
ETHUSDT,2020-05-04,208.17,63.36,bull
ETHUSDT,2020-05-05,206.77,62.19,bull
ETHUSDT,2020-05-06,204.06,59.88,bear
ETHUSDT,2020-05-07,212.29,64.22,sideways
ETHUSDT,2020-05-08,212.99,64.57,bear
ETHUSDT,2020-05-09,211.6,63.24,bear
ETHUSDT,2020-05-10,188.6,46.31,bear
ETHUSDT,2020-05-11,185.91,44.8,bear
ETHUSDT,2020-05-12,189.31,47.15,bear
ETHUSDT,2020-05-13,199.19,53.36,bear
ETHUSDT,2020-05-14,202.95,55.49,bear
ETHUSDT,2020-05-15,195.62,50.62,bear
ETHUSDT,2020-05-16,200.68,53.64,bear
ETHUSDT,2020-05-17,207.16,57.26,bull
ETHUSDT,2020-05-18,214.53,60.99,bull
ETHUSDT,2020-05-19,213.45,60.16,bull
ETHUSDT,2020-05-20,210.1,57.55,bull
ETHUSDT,2020-05-21,199.88,50.37,bear
ETHUSDT,2020-05-22,207.17,54.71,bull
ETHUSDT,2020-05-23,208.69,55.59,bull
ETHUSDT,2020-05-24,202.37,51.17,bear
ETHUSDT,2020-05-25,205.32,53.04,bear
ETHUSDT,2020-05-26,201.9,50.62,bear
ETHUSDT,2020-05-27,208.86,55.12,bear
ETHUSDT,2020-05-28,219.84,61.13,bull
ETHUSDT,2020-05-29,220.68,61.56,bull
ETHUSDT,2020-05-30,242.35,70.51,bull
ETHUSDT,2020-05-31,230.98,62.31,bull
ETHUSDT,2020-06-01,246.99,67.96,bull
ETHUSDT,2020-06-02,237.22,61.86,bull
ETHUSDT,2020-06-03,244.18,64.32,bull
ETHUSDT,2020-06-04,244.43,64.41,bull
ETHUSDT,2020-06-05,241.22,62.27,bull
ETHUSDT,2020-06-06,241.93,62.57,bear
ETHUSDT,2020-06-07,245.17,63.96,bull
ETHUSDT,2020-06-08,246.31,64.46,bear
ETHUSDT,2020-06-09,244.91,63.3,sideways
ETHUSDT,2020-06-10,247.44,64.54,sideways
ETHUSDT,2020-06-11,231.7,52.6,bear
ETHUSDT,2020-06-12,237.49,55.84,bear
ETHUSDT,2020-06-13,238.91,56.62,bear
ETHUSDT,2020-06-14,234.11,53.19,bear
ETHUSDT,2020-06-15,229.93,50.33,bear
ETHUSDT,2020-06-16,234.42,53.24,bear
ETHUSDT,2020-06-17,233.03,52.22,bear
ETHUSDT,2020-06-18,232.1,51.51,sideways
ETHUSDT,2020-06-19,227.14,47.77,bear
ETHUSDT,2020-06-20,229.27,49.47,bear
ETHUSDT,2020-06-21,228.99,49.24,bear
ETHUSDT,2020-06-22,242.53,59.0,bull
ETHUSDT,2020-06-23,244.14,59.99,bull
ETHUSDT,2020-06-24,235.77,52.87,sideways
ETHUSDT,2020-06-25,232.94,50.69,sideways
ETHUSDT,2020-06-26,229.67,48.2,sideways
ETHUSDT,2020-06-27,222.96,43.49,bear
ETHUSDT,2020-06-28,225.35,45.53,bear
ETHUSDT,2020-06-29,228.19,47.94,bear
ETHUSDT,2020-06-30,226.32,46.48,bear
ETHUSDT,2020-07-01,231.11,50.62,bear
ETHUSDT,2020-07-02,229.39,49.15,bear
ETHUSDT,2020-07-03,225.39,45.82,bear
ETHUSDT,2020-07-04,229.07,49.23,bull
ETHUSDT,2020-07-05,227.66,47.99,bull
ETHUSDT,2020-07-06,241.51,58.96,bull
ETHUSDT,2020-07-07,239.08,56.7,bull
ETHUSDT,2020-07-08,246.67,61.65,bull
ETHUSDT,2020-07-09,243.02,58.2,bull
ETHUSDT,2020-07-10,240.98,56.32,bull
ETHUSDT,2020-07-11,239.46,54.88,bull
ETHUSDT,2020-07-12,242.13,56.95,bull
ETHUSDT,2020-07-13,239.6,54.41,bear
ETHUSDT,2020-07-14,240.21,54.93,sideways
ETHUSDT,2020-07-15,238.42,53.0,bear
ETHUSDT,2020-07-16,233.64,48.15,bear
ETHUSDT,2020-07-17,232.77,47.3,bear
ETHUSDT,2020-07-18,235.48,50.25,bear
ETHUSDT,2020-07-19,238.49,53.35,bear
ETHUSDT,2020-07-20,236.15,50.7,bear
ETHUSDT,2020-07-21,245.02,59.03,bull
ETHUSDT,2020-07-22,262.19,69.7,bull
ETHUSDT,2020-07-23,274.69,74.84,bull
ETHUSDT,2020-07-24,279.22,76.4,bull
ETHUSDT,2020-07-25,304.06,82.73,bull
ETHUSDT,2020-07-26,309.64,83.78,bull
ETHUSDT,2020-07-27,321.51,85.77,bull
ETHUSDT,2020-07-28,316.66,81.38,bull
ETHUSDT,2020-07-29,318.19,81.7,bull
ETHUSDT,2020-07-30,334.59,84.71,bull
ETHUSDT,2020-07-31,345.55,86.33,bull
ETHUSDT,2020-08-01,385.2,90.32,bull
ETHUSDT,2020-08-02,370.67,80.99,bull
ETHUSDT,2020-08-03,386.3,83.02,bull
ETHUSDT,2020-08-04,389.88,83.46,bull
ETHUSDT,2020-08-05,401.59,84.83,bull
ETHUSDT,2020-08-06,394.96,80.74,bull
ETHUSDT,2020-08-07,379.51,72.03,bull
ETHUSDT,2020-08-08,393.99,74.78,sideways
ETHUSDT,2020-08-09,391.12,73.25,sideways
ETHUSDT,2020-08-10,395.89,74.19,sideways
ETHUSDT,2020-08-11,380.38,66.0,bear
ETHUSDT,2020-08-12,391.02,68.57,bear
ETHUSDT,2020-08-13,428.74,75.6,bull
ETHUSDT,2020-08-14,437.4,76.87,bull
ETHUSDT,2020-08-15,433.35,74.9,bull
ETHUSDT,2020-08-16,433.79,74.97,bull
ETHUSDT,2020-08-17,429.53,72.7,bull
ETHUSDT,2020-08-18,423.67,69.58,bull
ETHUSDT,2020-08-19,406.46,61.25,bull
ETHUSDT,2020-08-20,416.44,63.95,bear
ETHUSDT,2020-08-21,389.13,53.07,bear
ETHUSDT,2020-08-22,395.84,55.09,bear
ETHUSDT,2020-08-23,391.38,53.44,bear
ETHUSDT,2020-08-24,408.14,58.47,bear
ETHUSDT,2020-08-25,384.0,50.08,bear
ETHUSDT,2020-08-26,386.47,50.86,bear
ETHUSDT,2020-08-27,382.63,49.57,bear
ETHUSDT,2020-08-28,395.87,53.91,sideways
ETHUSDT,2020-08-29,399.92,55.19,sideways
ETHUSDT,2020-08-30,428.4,62.93,bull
ETHUSDT,2020-08-31,435.08,64.48,bull
ETHUSDT,2020-09-01,477.05,72.32,bull
ETHUSDT,2020-09-02,440.04,59.79,bull
ETHUSDT,2020-09-03,385.67,46.93,sideways
ETHUSDT,2020-09-04,388.24,47.5,bear
ETHUSDT,2020-09-05,335.26,38.3,bear
ETHUSDT,2020-09-06,353.36,42.4,bear
ETHUSDT,2020-09-07,352.67,42.29,bear
ETHUSDT,2020-09-08,337.6,39.74,bear
ETHUSDT,2020-09-09,351.11,43.05,bear
ETHUSDT,2020-09-10,368.1,47.0,bear
ETHUSDT,2020-09-11,374.7,48.49,bear
ETHUSDT,2020-09-12,387.18,51.29,bull
ETHUSDT,2020-09-13,365.57,46.57,sideways
ETHUSDT,2020-09-14,377.27,49.29,sideways
ETHUSDT,2020-09-15,364.84,46.58,sideways
ETHUSDT,2020-09-16,365.81,46.83,sideways
ETHUSDT,2020-09-17,389.02,52.46,sideways
ETHUSDT,2020-09-18,384.36,51.29,sideways
ETHUSDT,2020-09-19,385.54,51.58,bear
ETHUSDT,2020-09-20,371.05,47.75,sideways
ETHUSDT,2020-09-21,341.79,41.1,bear
ETHUSDT,2020-09-22,344.5,41.91,bear
ETHUSDT,2020-09-23,321.12,37.18,bear
ETHUSDT,2020-09-24,349.36,45.22,bear
ETHUSDT,2020-09-25,352.18,45.97,bear
ETHUSDT,2020-09-26,355.49,46.88,bear
ETHUSDT,2020-09-27,357.44,47.44,bear
ETHUSDT,2020-09-28,355.16,46.82,bull
ETHUSDT,2020-09-29,359.76,48.29,bull
ETHUSDT,2020-09-30,359.94,48.35,bull
ETHUSDT,2020-10-01,353.21,46.18,sideways
ETHUSDT,2020-10-02,346.24,43.97,bear
ETHUSDT,2020-10-03,346.52,44.09,bear
ETHUSDT,2020-10-04,352.58,46.65,bear
ETHUSDT,2020-10-05,353.96,47.25,bear
ETHUSDT,2020-10-06,340.82,42.41,bear
ETHUSDT,2020-10-07,341.81,42.88,bear
ETHUSDT,2020-10-08,350.77,47.13,bear
ETHUSDT,2020-10-09,365.59,53.31,bull
ETHUSDT,2020-10-10,370.97,55.35,bull
ETHUSDT,2020-10-11,375.14,56.92,bull
ETHUSDT,2020-10-12,387.73,61.35,bull
ETHUSDT,2020-10-13,381.19,58.01,bull
ETHUSDT,2020-10-14,379.48,57.14,bull
ETHUSDT,2020-10-15,377.44,56.06,bull
ETHUSDT,2020-10-16,366.23,50.39,bull
ETHUSDT,2020-10-17,368.86,51.62,bear
ETHUSDT,2020-10-18,378.21,55.84,sideways
ETHUSDT,2020-10-19,379.94,56.59,bear
ETHUSDT,2020-10-20,369.14,50.77,bear
ETHUSDT,2020-10-21,392.19,60.18,bull
ETHUSDT,2020-10-22,413.77,66.61,bull
ETHUSDT,2020-10-23,409.77,64.53,bull
ETHUSDT,2020-10-24,412.46,65.31,bull
ETHUSDT,2020-10-25,406.22,61.89,bull
ETHUSDT,2020-10-26,393.89,55.69,bull
ETHUSDT,2020-10-27,404.0,59.29,bull
ETHUSDT,2020-10-28,388.65,52.33,bear
ETHUSDT,2020-10-29,386.73,51.52,bear
ETHUSDT,2020-10-30,382.82,49.82,bear
ETHUSDT,2020-10-31,386.59,51.48,bear
ETHUSDT,2020-11-01,396.36,55.59,bear
ETHUSDT,2020-11-02,383.16,49.49,bear
ETHUSDT,2020-11-03,387.6,51.42,bear
ETHUSDT,2020-11-04,402.14,57.19,bull
ETHUSDT,2020-11-05,414.07,61.26,bull
ETHUSDT,2020-11-06,454.72,71.27,bull
ETHUSDT,2020-11-07,435.71,63.06,bull
ETHUSDT,2020-11-08,453.55,66.91,bull
ETHUSDT,2020-11-09,444.16,63.18,bull
ETHUSDT,2020-11-10,449.68,64.43,bull
ETHUSDT,2020-11-11,462.96,67.32,bull
ETHUSDT,2020-11-12,461.01,66.47,bull
ETHUSDT,2020-11-13,474.63,69.39,bull
ETHUSDT,2020-11-14,460.15,63.1,bull
ETHUSDT,2020-11-15,447.56,58.16,bear
ETHUSDT,2020-11-16,459.94,61.36,bull
ETHUSDT,2020-11-17,480.36,65.99,bull
ETHUSDT,2020-11-18,479.48,65.62,bull
ETHUSDT,2020-11-19,471.63,62.32,bull
ETHUSDT,2020-11-20,509.74,70.17,bull
ETHUSDT,2020-11-21,549.49,75.83,bull
ETHUSDT,2020-11-22,558.07,76.85,bull
ETHUSDT,2020-11-23,608.45,81.73,bull
ETHUSDT,2020-11-24,603.9,80.09,bull
ETHUSDT,2020-11-25,570.69,69.17,bull
ETHUSDT,2020-11-26,518.8,56.26,bull
ETHUSDT,2020-11-27,517.49,55.97,sideways
ETHUSDT,2020-11-28,538.23,59.46,bear
ETHUSDT,2020-11-29,575.76,64.89,sideways
ETHUSDT,2020-11-30,614.84,69.47,sideways
ETHUSDT,2020-12-01,587.32,63.21,bear
ETHUSDT,2020-12-02,598.35,64.59,bull
ETHUSDT,2020-12-03,616.71,66.81,bull
ETHUSDT,2020-12-04,569.35,56.88,bull
ETHUSDT,2020-12-05,596.6,60.52,bull
ETHUSDT,2020-12-06,601.91,61.21,bull
ETHUSDT,2020-12-07,591.84,59.11,bear
ETHUSDT,2020-12-08,554.83,52.04,bear
ETHUSDT,2020-12-09,573.48,54.96,bear
ETHUSDT,2020-12-10,559.68,52.42,bear
ETHUSDT,2020-12-11,545.8,49.92,bear
ETHUSDT,2020-12-12,568.57,53.81,bear
ETHUSDT,2020-12-13,589.66,57.14,bear
ETHUSDT,2020-12-14,586.01,56.38,bear
ETHUSDT,2020-12-15,589.36,56.94,bull
ETHUSDT,2020-12-16,636.18,63.96,bull
ETHUSDT,2020-12-17,642.87,64.84,bull
ETHUSDT,2020-12-18,654.81,66.41,bull
ETHUSDT,2020-12-19,659.3,67.01,bull
ETHUSDT,2020-12-20,638.29,61.48,bull
ETHUSDT,2020-12-21,609.82,54.88,bull
ETHUSDT,2020-12-22,634.85,59.04,bull
ETHUSDT,2020-12-23,583.71,49.07,bear
ETHUSDT,2020-12-24,611.61,53.67,bear
ETHUSDT,2020-12-25,626.41,55.94,bear
ETHUSDT,2020-12-26,635.84,57.37,bear
ETHUSDT,2020-12-27,682.64,63.69,bull
ETHUSDT,2020-12-28,730.4,68.78,bull
ETHUSDT,2020-12-29,731.52,68.89,bull
ETHUSDT,2020-12-30,751.62,70.87,bull
ETHUSDT,2020-12-31,737.8,67.68,bull
ETHUSDT,2021-01-01,730.37,65.95,bull
ETHUSDT,2021-01-02,774.53,70.72,bull
ETHUSDT,2021-01-03,975.51,82.64,bull
ETHUSDT,2021-01-04,1040.23,84.79,bull
ETHUSDT,2021-01-05,1100.01,86.45,bull
ETHUSDT,2021-01-06,1207.11,88.82,bull
ETHUSDT,2021-01-07,1225.68,89.17,bull
ETHUSDT,2021-01-08,1224.2,88.93,bull
ETHUSDT,2021-01-09,1281.08,90.04,bull
ETHUSDT,2021-01-10,1262.25,86.93,bull
ETHUSDT,2021-01-11,1090.15,64.84,sideways
ETHUSDT,2021-01-12,1043.43,60.36,bear
ETHUSDT,2021-01-13,1130.74,65.2,bear
ETHUSDT,2021-01-14,1218.45,69.26,bear
ETHUSDT,2021-01-15,1171.83,64.92,bear
ETHUSDT,2021-01-16,1233.54,67.8,bear
ETHUSDT,2021-01-17,1230.17,67.47,bear
ETHUSDT,2021-01-18,1257.28,68.77,bull
ETHUSDT,2021-01-19,1377.3,73.76,bull
ETHUSDT,2021-01-20,1382.27,73.95,bull
ETHUSDT,2021-01-21,1121.57,52.83,bear
ETHUSDT,2021-01-22,1236.51,58.46,sideways
ETHUSDT,2021-01-23,1230.99,58.1,bear
ETHUSDT,2021-01-24,1391.61,64.86,bull
ETHUSDT,2021-01-25,1324.41,60.47,sideways
ETHUSDT,2021-01-26,1357.06,61.82,bear
ETHUSDT,2021-01-27,1253.19,55.33,bear
ETHUSDT,2021-01-28,1332.49,58.88,bull
ETHUSDT,2021-01-29,1382.52,60.99,bull
ETHUSDT,2021-01-30,1376.12,60.56,bull
ETHUSDT,2021-01-31,1314.99,56.49,bear
ETHUSDT,2021-02-01,1369.04,59.1,sideways
ETHUSDT,2021-02-02,1515.19,65.2,bull
ETHUSDT,2021-02-03,1660.91,70.0,bull
ETHUSDT,2021-02-04,1594.76,65.58,bull
ETHUSDT,2021-02-05,1718.65,69.47,bull
ETHUSDT,2021-02-06,1677.85,66.79,bull
ETHUSDT,2021-02-07,1614.23,62.73,bull
ETHUSDT,2021-02-08,1746.62,67.2,bull
ETHUSDT,2021-02-09,1768.04,67.87,bull
ETHUSDT,2021-02-10,1744.24,66.25,sideways
ETHUSDT,2021-02-11,1783.8,67.63,bull
ETHUSDT,2021-02-12,1843.53,69.66,bull
ETHUSDT,2021-02-13,1814.11,67.42,bull
ETHUSDT,2021-02-14,1805.08,66.71,bull
ETHUSDT,2021-02-15,1779.79,64.67,sideways
ETHUSDT,2021-02-16,1781.07,64.72,sideways
ETHUSDT,2021-02-17,1848.46,67.78,bull
ETHUSDT,2021-02-18,1937.45,71.31,bull
ETHUSDT,2021-02-19,1960.16,72.15,bull
ETHUSDT,2021-02-20,1919.53,68.3,bull
ETHUSDT,2021-02-21,1935.6,69.0,bull
ETHUSDT,2021-02-22,1781.99,56.16,sideways
ETHUSDT,2021-02-23,1570.2,44.01,bear
ETHUSDT,2021-02-24,1626.58,47.28,bear
ETHUSDT,2021-02-25,1475.7,40.46,bear
ETHUSDT,2021-02-26,1446.03,39.26,bear
ETHUSDT,2021-02-27,1459.97,40.16,bear
ETHUSDT,2021-02-28,1416.05,38.25,bear
ETHUSDT,2021-03-01,1564.71,47.39,bear
ETHUSDT,2021-03-02,1492.61,43.99,bear
ETHUSDT,2021-03-03,1575.85,48.58,bear
ETHUSDT,2021-03-04,1541.91,46.89,bull
ETHUSDT,2021-03-05,1533.28,46.45,bull
ETHUSDT,2021-03-06,1654.74,53.14,bull
ETHUSDT,2021-03-07,1723.15,56.45,bull
ETHUSDT,2021-03-08,1834.73,61.24,bull
ETHUSDT,2021-03-09,1868.05,62.57,bull
ETHUSDT,2021-03-10,1799.17,58.14,bull
ETHUSDT,2021-03-11,1826.19,59.36,bull
ETHUSDT,2021-03-12,1772.1,55.86,bull
ETHUSDT,2021-03-13,1924.69,62.56,bull
ETHUSDT,2021-03-14,1854.56,58.19,bull
ETHUSDT,2021-03-15,1791.7,54.51,bear
ETHUSDT,2021-03-16,1806.97,55.25,bear
ETHUSDT,2021-03-17,1823.45,56.08,sideways
ETHUSDT,2021-03-18,1782.86,53.45,bear
ETHUSDT,2021-03-19,1817.62,55.38,sideways
ETHUSDT,2021-03-20,1812.63,55.03,bear
ETHUSDT,2021-03-21,1788.22,53.24,bear
ETHUSDT,2021-03-22,1691.33,46.76,bear
ETHUSDT,2021-03-23,1678.65,45.97,bear
ETHUSDT,2021-03-24,1593.41,40.96,bear
ETHUSDT,2021-03-25,1595.36,41.12,bear
ETHUSDT,2021-03-26,1702.84,49.19,bear
ETHUSDT,2021-03-27,1716.49,50.12,bear
ETHUSDT,2021-03-28,1691.36,48.36,bear
ETHUSDT,2021-03-29,1819.68,56.73,bull
ETHUSDT,2021-03-30,1846.03,58.23,bull
ETHUSDT,2021-03-31,1918.36,62.11,bull
ETHUSDT,2021-04-01,1977.28,64.96,bull
ETHUSDT,2021-04-02,2143.23,71.48,bull
ETHUSDT,2021-04-03,2028.42,62.78,bull
ETHUSDT,2021-04-04,2093.12,65.34,bull
ETHUSDT,2021-04-05,2107.89,65.92,bull
ETHUSDT,2021-04-06,2118.38,66.34,bull
ETHUSDT,2021-04-07,1971.08,55.76,bull
ETHUSDT,2021-04-08,2088.57,61.09,bull
ETHUSDT,2021-04-09,2072.11,60.0,bear
ETHUSDT,2021-04-10,2135.94,62.78,sideways
ETHUSDT,2021-04-11,2157.66,63.7,sideways
ETHUSDT,2021-04-12,2139.35,62.3,sideways
ETHUSDT,2021-04-13,2299.19,68.76,bull
ETHUSDT,2021-04-14,2435.1,73.01,bull
ETHUSDT,2021-04-15,2519.12,75.24,bull
ETHUSDT,2021-04-16,2431.95,68.86,bull
ETHUSDT,2021-04-17,2344.9,63.11,bull
ETHUSDT,2021-04-18,2237.14,56.79,sideways
ETHUSDT,2021-04-19,2166.19,53.02,sideways
ETHUSDT,2021-04-20,2330.21,59.68,sideways
ETHUSDT,2021-04-21,2364.75,60.94,bear
ETHUSDT,2021-04-22,2403.54,62.35,bear
ETHUSDT,2021-04-23,2363.59,59.94,bear
ETHUSDT,2021-04-24,2211.63,51.74,bear
ETHUSDT,2021-04-25,2316.06,56.18,bull
ETHUSDT,2021-04-26,2534.48,63.7,bull
ETHUSDT,2021-04-27,2662.87,67.25,bull
ETHUSDT,2021-04-28,2746.38,69.36,bull
ETHUSDT,2021-04-29,2756.88,69.62,bull
ETHUSDT,2021-04-30,2773.21,70.05,bull
ETHUSDT,2021-05-01,2945.89,74.23,bull
ETHUSDT,2021-05-02,2952.06,74.37,bull
ETHUSDT,2021-05-03,3431.09,82.28,bull
ETHUSDT,2021-05-04,3253.63,73.26,bull
ETHUSDT,2021-05-05,3522.78,77.32,bull
ETHUSDT,2021-05-06,3490.88,75.85,bull
ETHUSDT,2021-05-07,3484.73,75.55,bull
ETHUSDT,2021-05-08,3902.65,81.01,bull
ETHUSDT,2021-05-09,3928.84,81.3,bull
ETHUSDT,2021-05-10,3952.29,81.56,bull
ETHUSDT,2021-05-11,4168.7,83.83,bull
ETHUSDT,2021-05-12,3785.85,67.91,bull
ETHUSDT,2021-05-13,3715.15,65.43,bull
ETHUSDT,2021-05-14,4079.06,71.24,bull
ETHUSDT,2021-05-15,3638.12,58.43,bear
ETHUSDT,2021-05-16,3587.51,57.16,bear
ETHUSDT,2021-05-17,3282.4,50.1,bear
ETHUSDT,2021-05-18,3380.07,52.14,bear
ETHUSDT,2021-05-19,2460.68,36.86,bear
ETHUSDT,2021-05-20,2784.29,43.17,bear
ETHUSDT,2021-05-21,2430.62,38.63,bear
ETHUSDT,2021-05-22,2295.71,37.03,bear
ETHUSDT,2021-05-23,2109.58,34.88,bear
ETHUSDT,2021-05-24,2643.59,44.78,bear
ETHUSDT,2021-05-25,2706.63,45.82,bear
ETHUSDT,2021-05-26,2888.7,48.84,bull
ETHUSDT,2021-05-27,2736.49,46.51,bear
ETHUSDT,2021-05-28,2419.91,42.02,bear
ETHUSDT,2021-05-29,2279.51,40.16,bear
ETHUSDT,2021-05-30,2390.31,42.32,sideways
ETHUSDT,2021-05-31,2714.95,48.23,sideways
ETHUSDT,2021-06-01,2633.52,46.93,bear
ETHUSDT,2021-06-02,2706.12,48.27,bear
ETHUSDT,2021-06-03,2855.13,50.99,sideways
ETHUSDT,2021-06-04,2688.2,47.94,sideways
ETHUSDT,2021-06-05,2630.58,46.9,sideways
ETHUSDT,2021-06-06,2715.09,48.66,sideways
ETHUSDT,2021-06-07,2590.26,46.22,bear
ETHUSDT,2021-06-08,2517.44,44.81,bear
ETHUSDT,2021-06-09,2608.27,46.99,bear
ETHUSDT,2021-06-10,2471.52,44.16,bear
ETHUSDT,2021-06-11,2353.77,41.83,bear
ETHUSDT,2021-06-12,2372.48,42.35,bear
ETHUSDT,2021-06-13,2508.39,46.13,bear
ETHUSDT,2021-06-14,2537.89,46.94,bear
ETHUSDT,2021-06-15,2610.94,48.99,sideways
ETHUSDT,2021-06-16,2367.66,43.03,bear
ETHUSDT,2021-06-17,2372.0,43.16,bear
ETHUSDT,2021-06-18,2231.73,39.92,bear
ETHUSDT,2021-06-19,2178.5,38.73,bear
ETHUSDT,2021-06-20,2246.36,41.14,bear
ETHUSDT,2021-06-21,1888.45,33.64,bear
ETHUSDT,2021-06-22,1874.95,33.39,bear
ETHUSDT,2021-06-23,1989.74,37.59,bear
ETHUSDT,2021-06-24,1988.46,37.56,bear
ETHUSDT,2021-06-25,1813.22,33.79,bear
ETHUSDT,2021-06-26,1829.24,34.44,bear
ETHUSDT,2021-06-27,1978.89,40.32,bear
ETHUSDT,2021-06-28,2079.66,43.96,bull
ETHUSDT,2021-06-29,2160.77,46.77,bull
ETHUSDT,2021-06-30,2274.55,50.53,bull
ETHUSDT,2021-07-01,2113.61,45.63,bull
ETHUSDT,2021-07-02,2150.04,46.88,bull
ETHUSDT,2021-07-03,2226.11,49.51,bull
ETHUSDT,2021-07-04,2321.72,52.67,bull
ETHUSDT,2021-07-05,2198.58,48.46,sideways
ETHUSDT,2021-07-06,2324.68,52.64,sideways
ETHUSDT,2021-07-07,2315.16,52.29,sideways
ETHUSDT,2021-07-08,2120.03,45.69,sideways
ETHUSDT,2021-07-09,2146.69,46.68,bear
ETHUSDT,2021-07-10,2111.4,45.5,bear
ETHUSDT,2021-07-11,2139.66,46.66,bear
ETHUSDT,2021-07-12,2036.72,43.05,bear
ETHUSDT,2021-07-13,1940.08,39.93,bear
ETHUSDT,2021-07-14,1994.33,42.45,bear
ETHUSDT,2021-07-15,1911.18,39.7,bear
ETHUSDT,2021-07-16,1880.38,38.7,bear
ETHUSDT,2021-07-17,1898.83,39.68,bear
ETHUSDT,2021-07-18,1895.55,39.56,bear
ETHUSDT,2021-07-19,1817.3,36.68,bear
ETHUSDT,2021-07-20,1787.51,35.61,bear
ETHUSDT,2021-07-21,1990.97,46.93,bear
ETHUSDT,2021-07-22,2025.2,48.57,bull
ETHUSDT,2021-07-23,2124.78,53.1,bull
ETHUSDT,2021-07-24,2189.22,55.81,bull
ETHUSDT,2021-07-25,2191.37,55.91,bull
ETHUSDT,2021-07-26,2233.37,57.75,bull
ETHUSDT,2021-07-27,2298.33,60.5,bull
ETHUSDT,2021-07-28,2296.55,60.39,bull
ETHUSDT,2021-07-29,2380.96,63.92,bull
ETHUSDT,2021-07-30,2466.96,67.14,bull
ETHUSDT,2021-07-31,2536.21,69.5,bull
ETHUSDT,2021-08-01,2561.85,70.35,bull
ETHUSDT,2021-08-02,2610.15,71.93,bull
ETHUSDT,2021-08-03,2502.35,63.74,bull
ETHUSDT,2021-08-04,2724.62,71.06,bull
ETHUSDT,2021-08-05,2827.33,73.7,bull
ETHUSDT,2021-08-06,2890.94,75.21,bull
ETHUSDT,2021-08-07,3157.24,80.3,bull
ETHUSDT,2021-08-08,3013.73,71.75,bull
ETHUSDT,2021-08-09,3167.86,74.85,bull
ETHUSDT,2021-08-10,3141.69,73.37,bull
ETHUSDT,2021-08-11,3164.25,73.85,bull
ETHUSDT,2021-08-12,3043.41,66.93,bull
ETHUSDT,2021-08-13,3322.21,73.18,bull
ETHUSDT,2021-08-14,3265.44,70.27,bull
ETHUSDT,2021-08-15,3310.5,71.24,bull
ETHUSDT,2021-08-16,3156.51,63.55,bear
ETHUSDT,2021-08-17,3014.85,57.41,bear
ETHUSDT,2021-08-18,3020.09,57.58,bear
ETHUSDT,2021-08-19,3182.7,62.39,bull
ETHUSDT,2021-08-20,3286.94,65.13,bear
ETHUSDT,2021-08-21,3226.08,62.28,bear
ETHUSDT,2021-08-22,3242.12,62.74,bear
ETHUSDT,2021-08-23,3319.26,64.97,bull
ETHUSDT,2021-08-24,3172.46,57.89,bull
ETHUSDT,2021-08-25,3224.92,59.58,bull
ETHUSDT,2021-08-26,3100.33,54.02,bear
ETHUSDT,2021-08-27,3270.6,59.57,bear
ETHUSDT,2021-08-28,3244.4,58.4,sideways
ETHUSDT,2021-08-29,3227.0,57.6,bear
ETHUSDT,2021-08-30,3224.37,57.47,bear
ETHUSDT,2021-08-31,3433.73,64.34,bull
ETHUSDT,2021-09-01,3834.83,73.25,bull
ETHUSDT,2021-09-02,3790.99,71.16,bull
ETHUSDT,2021-09-03,3940.61,73.9,bull
ETHUSDT,2021-09-04,3887.83,71.33,bull
ETHUSDT,2021-09-05,3952.13,72.58,bull
ETHUSDT,2021-09-06,3928.38,71.34,bull
ETHUSDT,2021-09-07,3426.39,51.35,bear
ETHUSDT,2021-09-08,3497.32,53.34,bear
ETHUSDT,2021-09-09,3427.34,51.12,bear
ETHUSDT,2021-09-10,3211.51,44.91,bear
ETHUSDT,2021-09-11,3270.28,46.8,bear
ETHUSDT,2021-09-12,3410.13,51.11,bear
ETHUSDT,2021-09-13,3285.51,47.43,bear
ETHUSDT,2021-09-14,3429.17,51.75,sideways
ETHUSDT,2021-09-15,3615.28,56.71,sideways
ETHUSDT,2021-09-16,3571.29,55.27,sideways
ETHUSDT,2021-09-17,3398.54,49.88,sideways
ETHUSDT,2021-09-18,3432.02,50.88,sideways
ETHUSDT,2021-09-19,3329.45,47.74,bear
ETHUSDT,2021-09-20,2958.99,38.5,bear
ETHUSDT,2021-09-21,2764.43,34.71,bear
ETHUSDT,2021-09-22,3077.87,44.25,bear
ETHUSDT,2021-09-23,3155.52,46.34,bear
ETHUSDT,2021-09-24,2931.67,41.5,bear
ETHUSDT,2021-09-25,2925.57,41.38,bear
ETHUSDT,2021-09-26,3062.27,45.4,bear
ETHUSDT,2021-09-27,2934.14,42.46,bear
ETHUSDT,2021-09-28,2807.3,39.72,sideways
ETHUSDT,2021-09-29,2853.14,41.2,bear
ETHUSDT,2021-09-30,3001.68,45.83,bear
ETHUSDT,2021-10-01,3307.52,53.89,bull
ETHUSDT,2021-10-02,3391.69,55.84,bull
ETHUSDT,2021-10-03,3418.36,56.47,bull
ETHUSDT,2021-10-04,3380.09,55.25,bull
ETHUSDT,2021-10-05,3518.52,58.71,bull
ETHUSDT,2021-10-06,3580.56,60.19,bull
ETHUSDT,2021-10-07,3587.97,60.38,bull
ETHUSDT,2021-10-08,3563.76,59.41,bull
ETHUSDT,2021-10-09,3575.72,59.75,sideways
ETHUSDT,2021-10-10,3425.85,53.67,sideways
ETHUSDT,2021-10-11,3545.35,57.39,sideways
ETHUSDT,2021-10-12,3492.57,55.28,bear
ETHUSDT,2021-10-13,3606.2,58.8,bull
ETHUSDT,2021-10-14,3786.01,63.67,bull
ETHUSDT,2021-10-15,3862.63,65.54,bull
ETHUSDT,2021-10-16,3830.38,64.05,bull
ETHUSDT,2021-10-17,3847.1,64.5,bull
ETHUSDT,2021-10-18,3748.76,59.74,bull
ETHUSDT,2021-10-19,3877.65,63.54,bull
ETHUSDT,2021-10-20,4155.99,70.1,bull
ETHUSDT,2021-10-21,4054.32,65.46,bull
ETHUSDT,2021-10-22,3970.18,61.82,bull
ETHUSDT,2021-10-23,4171.66,66.61,bull
ETHUSDT,2021-10-24,4087.9,63.07,bull
ETHUSDT,2021-10-25,4217.88,66.08,bull
ETHUSDT,2021-10-26,4131.1,62.42,bull
ETHUSDT,2021-10-27,3930.26,54.85,bear
ETHUSDT,2021-10-28,4287.32,63.36,bull
ETHUSDT,2021-10-29,4414.75,65.84,bull
ETHUSDT,2021-10-30,4325.65,62.65,bull
ETHUSDT,2021-10-31,4288.07,61.3,bull
ETHUSDT,2021-11-01,4324.63,62.15,bull
ETHUSDT,2021-11-02,4584.8,67.62,bull
ETHUSDT,2021-11-03,4607.19,68.05,bull
ETHUSDT,2021-11-04,4537.32,65.16,bull
ETHUSDT,2021-11-05,4486.24,63.05,bull
ETHUSDT,2021-11-06,4521.58,63.92,bull
ETHUSDT,2021-11-07,4620.55,66.31,bull
ETHUSDT,2021-11-08,4812.09,70.41,bull
ETHUSDT,2021-11-09,4735.07,66.89,sideways
ETHUSDT,2021-11-10,4636.17,62.56,sideways
ETHUSDT,2021-11-11,4730.38,64.89,sideways
ETHUSDT,2021-11-12,4667.12,62.1,sideways
ETHUSDT,2021-11-13,4651.46,61.39,sideways
ETHUSDT,2021-11-14,4626.36,60.21,sideways
ETHUSDT,2021-11-15,4557.5,56.98,bear
ETHUSDT,2021-11-16,4216.37,44.29,bear
ETHUSDT,2021-11-17,4287.59,46.95,bear
ETHUSDT,2021-11-18,4000.65,38.9,bear
ETHUSDT,2021-11-19,4298.31,48.72,bear
ETHUSDT,2021-11-20,4409.93,51.84,bear
ETHUSDT,2021-11-21,4269.73,47.9,bear
ETHUSDT,2021-11-22,4088.46,43.3,bear
ETHUSDT,2021-11-23,4340.76,50.43,sideways
ETHUSDT,2021-11-24,4239.98,47.84,bear
ETHUSDT,2021-11-25,4274.74,48.82,bull
ETHUSDT,2021-11-26,4030.91,42.78,bear
ETHUSDT,2021-11-27,4096.91,44.77,bear
ETHUSDT,2021-11-28,4294.45,50.34,sideways
ETHUSDT,2021-11-29,4445.1,54.14,bull
ETHUSDT,2021-11-30,4631.48,58.38,bull
ETHUSDT,2021-12-01,4586.99,57.03,bull
ETHUSDT,2021-12-02,4511.3,54.7,bull
ETHUSDT,2021-12-03,4220.71,46.8,sideways
ETHUSDT,2021-12-04,4119.59,44.4,sideways
ETHUSDT,2021-12-05,4198.32,46.69,bear
ETHUSDT,2021-12-06,4358.74,51.12,bear
ETHUSDT,2021-12-07,4315.06,49.9,bear
ETHUSDT,2021-12-08,4439.36,53.31,bear
ETHUSDT,2021-12-09,4119.82,44.87,bear
ETHUSDT,2021-12-10,3908.5,40.33,bear
ETHUSDT,2021-12-11,4084.45,45.29,bear
ETHUSDT,2021-12-12,4134.45,46.65,bear
ETHUSDT,2021-12-13,3784.23,39.29,bear
ETHUSDT,2021-12-14,3745.44,38.56,bear
ETHUSDT,2021-12-15,4018.39,46.11,bear
ETHUSDT,2021-12-16,3962.47,44.89,bear
ETHUSDT,2021-12-17,3879.49,43.08,bear
ETHUSDT,2021-12-18,3960.86,45.41,bear
ETHUSDT,2021-12-19,3922.59,44.49,bear
ETHUSDT,2021-12-20,3933.84,44.84,bull
ETHUSDT,2021-12-21,4020.26,47.61,bull
ETHUSDT,2021-12-22,3982.1,46.5,bear
ETHUSDT,2021-12-23,4108.02,50.6,sideways
ETHUSDT,2021-12-24,4047.98,48.68,sideways
ETHUSDT,2021-12-25,4093.28,50.21,sideways
ETHUSDT,2021-12-26,4067.33,49.31,sideways
ETHUSDT,2021-12-27,4037.55,48.23,sideways
ETHUSDT,2021-12-28,3800.89,40.63,bear
ETHUSDT,2021-12-29,3628.53,36.17,bear
ETHUSDT,2021-12-30,3713.85,39.7,bear
ETHUSDT,2021-12-31,3682.63,38.85,bear
ETHUSDT,2022-01-01,3769.7,42.54,bear
ETHUSDT,2022-01-02,3829.56,44.99,bear
ETHUSDT,2022-01-03,3761.38,42.75,bear
ETHUSDT,2022-01-04,3794.06,44.19,bear
ETHUSDT,2022-01-05,3550.39,36.79,bear
ETHUSDT,2022-01-06,3418.41,33.51,bear
ETHUSDT,2022-01-07,3193.21,28.8,bear
ETHUSDT,2022-01-08,3091.97,26.97,bear
ETHUSDT,2022-01-09,3157.75,30.08,bear
ETHUSDT,2022-01-10,3083.1,28.59,bear
ETHUSDT,2022-01-11,3238.11,35.72,bear
ETHUSDT,2022-01-12,3372.26,41.19,bear
ETHUSDT,2022-01-13,3248.29,37.97,bear
ETHUSDT,2022-01-14,3310.0,40.46,bull
ETHUSDT,2022-01-15,3330.53,41.31,bull
ETHUSDT,2022-01-16,3350.92,42.19,bull
ETHUSDT,2022-01-17,3212.3,38.03,bull
ETHUSDT,2022-01-18,3164.03,36.67,bear
ETHUSDT,2022-01-19,3095.83,34.78,bear
ETHUSDT,2022-01-20,3001.12,32.29,bear
ETHUSDT,2022-01-21,2557.93,23.74,bear
ETHUSDT,2022-01-22,2405.18,21.62,bear
ETHUSDT,2022-01-23,2535.04,27.55,bear
ETHUSDT,2022-01-24,2440.35,26.01,bear
ETHUSDT,2022-01-25,2455.94,26.73,bear
ETHUSDT,2022-01-26,2468.03,27.33,bear
ETHUSDT,2022-01-27,2423.0,26.47,bear
ETHUSDT,2022-01-28,2547.09,32.79,bear
ETHUSDT,2022-01-29,2597.08,35.21,bull
ETHUSDT,2022-01-30,2603.47,35.53,bull
ETHUSDT,2022-01-31,2688.28,39.77,bull
ETHUSDT,2022-02-01,2792.12,44.58,bull
ETHUSDT,2022-02-02,2682.85,40.88,bull
ETHUSDT,2022-02-03,2679.16,40.76,bull
ETHUSDT,2022-02-04,2983.59,53.25,bull
ETHUSDT,2022-02-05,3014.65,54.31,bull
ETHUSDT,2022-02-06,3057.48,55.8,bull
ETHUSDT,2022-02-07,3142.47,58.67,bull
ETHUSDT,2022-02-08,3122.61,57.72,bull
ETHUSDT,2022-02-09,3239.46,61.64,bull
ETHUSDT,2022-02-10,3077.48,54.16,bull
ETHUSDT,2022-02-11,2927.38,48.3,bear
ETHUSDT,2022-02-12,2917.36,47.93,bear
ETHUSDT,2022-02-13,2883.46,46.62,bear
ETHUSDT,2022-02-14,2933.48,48.84,bear
ETHUSDT,2022-02-15,3179.88,58.09,sideways
ETHUSDT,2022-02-16,3127.83,55.8,bear
ETHUSDT,2022-02-17,2881.48,46.44,bear
ETHUSDT,2022-02-18,2785.73,43.4,bear
ETHUSDT,2022-02-19,2763.7,42.71,bear
ETHUSDT,2022-02-20,2628.65,38.63,bear
ETHUSDT,2022-02-21,2573.82,37.08,bear
ETHUSDT,2022-02-22,2639.3,40.17,bear
ETHUSDT,2022-02-23,2590.36,38.64,bear
ETHUSDT,2022-02-24,2598.07,39.03,bear
ETHUSDT,2022-02-25,2764.54,46.93,bear
ETHUSDT,2022-02-26,2781.11,47.65,sideways
ETHUSDT,2022-02-27,2621.8,41.74,bear
ETHUSDT,2022-02-28,2919.2,53.37,bull
ETHUSDT,2022-03-01,2972.49,55.1,bull
ETHUSDT,2022-03-02,2950.12,54.2,bull
ETHUSDT,2022-03-03,2834.47,49.64,bull
ETHUSDT,2022-03-04,2617.16,42.41,bear
ETHUSDT,2022-03-05,2664.83,44.33,bear
ETHUSDT,2022-03-06,2555.04,40.95,bear
ETHUSDT,2022-03-07,2497.77,39.27,bear
ETHUSDT,2022-03-08,2576.75,42.76,bear
ETHUSDT,2022-03-09,2729.78,48.88,bear
ETHUSDT,2022-03-10,2608.05,44.78,bear
ETHUSDT,2022-03-11,2559.56,43.22,bear
ETHUSDT,2022-03-12,2574.75,43.88,bear
ETHUSDT,2022-03-13,2518.94,41.96,bear
ETHUSDT,2022-03-14,2590.7,45.28,sideways
ETHUSDT,2022-03-15,2620.15,46.63,sideways
ETHUSDT,2022-03-16,2772.06,53.06,sideways
ETHUSDT,2022-03-17,2814.85,54.72,bull
ETHUSDT,2022-03-18,2945.34,59.42,bull
ETHUSDT,2022-03-19,2946.26,59.45,bull
ETHUSDT,2022-03-20,2860.46,55.09,bull
ETHUSDT,2022-03-21,2897.98,56.59,bull
ETHUSDT,2022-03-22,2973.13,59.51,bull
ETHUSDT,2022-03-23,3031.07,61.65,bull
ETHUSDT,2022-03-24,3108.06,64.34,bull
ETHUSDT,2022-03-25,3106.67,64.25,bull
ETHUSDT,2022-03-26,3143.18,65.58,bull
ETHUSDT,2022-03-27,3291.58,70.4,bull
ETHUSDT,2022-03-28,3336.63,71.69,bull
ETHUSDT,2022-03-29,3401.99,73.5,bull
ETHUSDT,2022-03-30,3385.16,72.22,bull
ETHUSDT,2022-03-31,3281.64,64.75,bull
ETHUSDT,2022-04-01,3449.55,70.15,bull
ETHUSDT,2022-04-02,3445.06,69.84,bull
ETHUSDT,2022-04-03,3522.83,72.12,bull
ETHUSDT,2022-04-04,3521.24,72.0,bull
ETHUSDT,2022-04-05,3411.79,64.1,sideways
ETHUSDT,2022-04-06,3171.69,50.89,bear
ETHUSDT,2022-04-07,3233.27,53.54,bear
ETHUSDT,2022-04-08,3192.07,51.54,bear
ETHUSDT,2022-04-09,3261.92,54.63,bear
ETHUSDT,2022-04-10,3211.87,52.07,bear
ETHUSDT,2022-04-11,2981.05,42.23,bear
ETHUSDT,2022-04-12,3030.38,44.63,bear
ETHUSDT,2022-04-13,3118.34,48.74,bear
ETHUSDT,2022-04-14,3019.91,44.74,bear
ETHUSDT,2022-04-15,3040.92,45.76,bear
ETHUSDT,2022-04-16,3062.31,46.84,bear
ETHUSDT,2022-04-17,2993.4,43.82,bear
ETHUSDT,2022-04-18,3057.61,47.24,sideways
ETHUSDT,2022-04-19,3104.11,49.62,sideways
ETHUSDT,2022-04-20,3077.75,48.29,bear
ETHUSDT,2022-04-21,2987.48,43.93,bear
ETHUSDT,2022-04-22,2964.84,42.89,bear
ETHUSDT,2022-04-23,2938.11,41.63,bear
ETHUSDT,2022-04-24,2922.73,40.88,bear
ETHUSDT,2022-04-25,3009.39,46.67,bear
ETHUSDT,2022-04-26,2808.3,37.5,bear
ETHUSDT,2022-04-27,2888.93,42.39,bear
ETHUSDT,2022-04-28,2936.94,45.14,bear
ETHUSDT,2022-04-29,2815.6,39.95,bear
ETHUSDT,2022-04-30,2730.19,36.74,bear
ETHUSDT,2022-05-01,2827.76,42.42,bear
ETHUSDT,2022-05-02,2857.41,44.07,bear
ETHUSDT,2022-05-03,2783.48,40.93,bear
ETHUSDT,2022-05-04,2940.64,49.21,sideways
ETHUSDT,2022-05-05,2749.21,41.57,bear
ETHUSDT,2022-05-06,2694.98,39.69,bear
ETHUSDT,2022-05-07,2636.09,37.69,bear
ETHUSDT,2022-05-08,2517.46,33.99,bear
ETHUSDT,2022-05-09,2245.43,27.35,bear
ETHUSDT,2022-05-10,2343.51,32.47,bear
ETHUSDT,2022-05-11,2072.11,26.83,bear
ETHUSDT,2022-05-12,1961.7,24.94,bear
ETHUSDT,2022-05-13,2014.42,27.57,bear
ETHUSDT,2022-05-14,2056.27,29.68,bear
ETHUSDT,2022-05-15,2145.71,34.09,bear
ETHUSDT,2022-05-16,2022.73,31.19,bear
ETHUSDT,2022-05-17,2090.41,34.5,bear
ETHUSDT,2022-05-18,1916.66,30.45,bear
ETHUSDT,2022-05-19,2018.34,35.24,sideways
ETHUSDT,2022-05-20,1961.32,33.83,bear
ETHUSDT,2022-05-21,1974.52,34.48,bear
ETHUSDT,2022-05-22,2043.17,37.91,bear
ETHUSDT,2022-05-23,1972.18,35.82,bear
ETHUSDT,2022-05-24,1978.98,36.18,bear
ETHUSDT,2022-05-25,1944.83,35.11,sideways
ETHUSDT,2022-05-26,1803.91,31.03,bear
ETHUSDT,2022-05-27,1724.92,29.0,bear
ETHUSDT,2022-05-28,1757.94,31.03,bear
ETHUSDT,2022-05-29,1812.03,34.35,bear
ETHUSDT,2022-05-30,1996.44,44.21,sideways
ETHUSDT,2022-05-31,1942.33,42.21,bear
ETHUSDT,2022-06-01,1823.57,38.13,bear
ETHUSDT,2022-06-02,1834.15,38.7,sideways
ETHUSDT,2022-06-03,1775.08,36.67,sideways
ETHUSDT,2022-06-04,1801.61,38.23,sideways
ETHUSDT,2022-06-05,1805.2,38.46,bear
ETHUSDT,2022-06-06,1859.29,41.84,bear
ETHUSDT,2022-06-07,1814.05,39.87,bear
ETHUSDT,2022-06-08,1793.57,38.97,bear
ETHUSDT,2022-06-09,1789.83,38.8,bear
ETHUSDT,2022-06-10,1665.04,33.49,bear
ETHUSDT,2022-06-11,1529.66,28.88,bear
ETHUSDT,2022-06-12,1445.22,26.44,bear
ETHUSDT,2022-06-13,1204.58,20.98,bear
ETHUSDT,2022-06-14,1211.66,21.5,bear
ETHUSDT,2022-06-15,1233.21,23.13,bear
ETHUSDT,2022-06-16,1067.73,19.73,bear
ETHUSDT,2022-06-17,1086.52,21.15,bear
ETHUSDT,2022-06-18,993.64,19.33,bear
ETHUSDT,2022-06-19,1127.66,28.83,bear
ETHUSDT,2022-06-20,1127.64,28.83,bear
ETHUSDT,2022-06-21,1124.82,28.75,bear
ETHUSDT,2022-06-22,1051.42,26.61,bear
ETHUSDT,2022-06-23,1143.39,33.3,bull
ETHUSDT,2022-06-24,1226.84,38.76,bull
ETHUSDT,2022-06-25,1243.45,39.82,bull
ETHUSDT,2022-06-26,1199.83,37.97,sideways
ETHUSDT,2022-06-27,1193.68,37.7,sideways
ETHUSDT,2022-06-28,1144.58,35.56,sideways
ETHUSDT,2022-06-29,1098.94,33.64,sideways
ETHUSDT,2022-06-30,1067.3,32.34,bear
ETHUSDT,2022-07-01,1059.77,32.03,bear
ETHUSDT,2022-07-02,1066.51,32.66,bear
ETHUSDT,2022-07-03,1073.77,33.39,bear
ETHUSDT,2022-07-04,1151.06,40.69,bear
ETHUSDT,2022-07-05,1134.54,39.69,bear
ETHUSDT,2022-07-06,1186.97,44.37,bull
ETHUSDT,2022-07-07,1237.59,48.53,bull
ETHUSDT,2022-07-08,1222.51,47.39,bull
ETHUSDT,2022-07-09,1216.98,46.96,bull
ETHUSDT,2022-07-10,1168.4,43.21,bull
ETHUSDT,2022-07-11,1097.24,38.39,bear
ETHUSDT,2022-07-12,1038.19,34.9,bear
ETHUSDT,2022-07-13,1113.59,42.13,bear
ETHUSDT,2022-07-14,1191.53,48.49,bear
ETHUSDT,2022-07-15,1233.13,51.55,bull
ETHUSDT,2022-07-16,1352.63,59.08,bull
ETHUSDT,2022-07-17,1338.64,57.94,bull
ETHUSDT,2022-07-18,1578.72,68.96,bull
ETHUSDT,2022-07-19,1542.98,66.18,bull
ETHUSDT,2022-07-20,1520.2,64.4,bull
ETHUSDT,2022-07-21,1576.75,66.79,bull
ETHUSDT,2022-07-22,1537.41,63.59,bull
ETHUSDT,2022-07-23,1549.3,64.15,bull
ETHUSDT,2022-07-24,1599.48,66.49,bull
ETHUSDT,2022-07-25,1445.38,54.69,bear
ETHUSDT,2022-07-26,1441.81,54.45,bear
ETHUSDT,2022-07-27,1636.23,63.8,bull
ETHUSDT,2022-07-28,1725.47,67.14,bull
ETHUSDT,2022-07-29,1727.41,67.21,bull
ETHUSDT,2022-07-30,1695.97,64.78,bull
ETHUSDT,2022-07-31,1681.52,63.64,bull
ETHUSDT,2022-08-01,1635.2,59.99,bull
ETHUSDT,2022-08-02,1632.95,59.81,bull
ETHUSDT,2022-08-03,1618.87,58.63,bear
ETHUSDT,2022-08-04,1608.21,57.7,bear
ETHUSDT,2022-08-05,1732.25,64.71,sideways
ETHUSDT,2022-08-06,1691.66,61.14,bear
ETHUSDT,2022-08-07,1699.35,61.57,sideways
ETHUSDT,2022-08-08,1775.52,65.65,bull
ETHUSDT,2022-08-09,1703.03,59.21,bull
ETHUSDT,2022-08-10,1851.74,66.47,bull
ETHUSDT,2022-08-11,1881.22,67.7,bull
ETHUSDT,2022-08-12,1957.25,70.68,bull
ETHUSDT,2022-08-13,1981.34,71.58,bull
ETHUSDT,2022-08-14,1936.8,67.48,bull
ETHUSDT,2022-08-15,1904.23,64.56,bull
ETHUSDT,2022-08-16,1878.14,62.24,bull
ETHUSDT,2022-08-17,1833.0,58.34,bear
ETHUSDT,2022-08-18,1847.01,59.19,bear
ETHUSDT,2022-08-19,1612.99,43.22,bear
ETHUSDT,2022-08-20,1577.0,41.37,bear
ETHUSDT,2022-08-21,1619.32,44.39,bear
ETHUSDT,2022-08-22,1622.51,44.62,bear
ETHUSDT,2022-08-23,1662.77,47.58,bear
ETHUSDT,2022-08-24,1657.06,47.19,bear
ETHUSDT,2022-08-25,1696.46,50.19,bear
ETHUSDT,2022-08-26,1507.78,38.83,bear
ETHUSDT,2022-08-27,1491.4,38.02,bear
ETHUSDT,2022-08-28,1430.55,35.11,bear
ETHUSDT,2022-08-29,1553.04,44.35,bear
ETHUSDT,2022-08-30,1523.84,42.78,bear
ETHUSDT,2022-08-31,1553.68,44.92,bear
ETHUSDT,2022-09-01,1586.18,47.23,bear
ETHUSDT,2022-09-02,1577.22,46.65,bull
ETHUSDT,2022-09-03,1556.87,45.29,bull
ETHUSDT,2022-09-04,1577.64,46.99,bull
ETHUSDT,2022-09-05,1617.18,50.17,sideways
ETHUSDT,2022-09-06,1561.75,46.0,sideways
ETHUSDT,2022-09-07,1629.91,51.35,sideways
ETHUSDT,2022-09-08,1635.35,51.76,sideways
ETHUSDT,2022-09-09,1719.09,57.69,bull
ETHUSDT,2022-09-10,1776.2,61.19,bull
ETHUSDT,2022-09-11,1761.8,59.84,bull
ETHUSDT,2022-09-12,1713.77,55.47,bull
ETHUSDT,2022-09-13,1580.79,45.54,sideways
ETHUSDT,2022-09-14,1634.76,49.49,sideways
ETHUSDT,2022-09-15,1471.69,40.04,bear
ETHUSDT,2022-09-16,1432.45,38.15,bear
ETHUSDT,2022-09-17,1469.74,41.0,bear
ETHUSDT,2022-09-18,1335.33,34.78,bear
ETHUSDT,2022-09-19,1377.54,37.96,bear
ETHUSDT,2022-09-20,1324.39,35.6,bear
ETHUSDT,2022-09-21,1252.61,32.66,bear
ETHUSDT,2022-09-22,1327.68,38.4,bear
ETHUSDT,2022-09-23,1328.26,38.44,bear
ETHUSDT,2022-09-24,1317.99,37.93,bear
ETHUSDT,2022-09-25,1294.22,36.71,bear
ETHUSDT,2022-09-26,1335.32,40.29,bear
ETHUSDT,2022-09-27,1330.13,39.98,sideways
ETHUSDT,2022-09-28,1337.41,40.67,sideways
ETHUSDT,2022-09-29,1335.65,40.55,sideways
ETHUSDT,2022-09-30,1327.98,39.99,bear
ETHUSDT,2022-10-01,1311.64,38.77,bear
ETHUSDT,2022-10-02,1276.09,36.19,bear
ETHUSDT,2022-10-03,1323.44,41.75,bear
ETHUSDT,2022-10-04,1362.13,45.9,sideways
ETHUSDT,2022-10-05,1352.84,45.07,sideways
ETHUSDT,2022-10-06,1351.71,44.97,sideways
ETHUSDT,2022-10-07,1332.52,43.1,sideways
ETHUSDT,2022-10-08,1315.5,41.46,sideways
ETHUSDT,2022-10-09,1322.6,42.45,sideways
ETHUSDT,2022-10-10,1291.34,39.31,bear
ETHUSDT,2022-10-11,1279.58,38.17,bear
ETHUSDT,2022-10-12,1294.91,40.59,bear
ETHUSDT,2022-10-13,1288.12,39.85,bear
ETHUSDT,2022-10-14,1297.42,41.43,bear
ETHUSDT,2022-10-15,1274.87,38.76,bear
ETHUSDT,2022-10-16,1306.3,44.16,bear
ETHUSDT,2022-10-17,1331.71,48.14,bull
ETHUSDT,2022-10-18,1310.45,45.24,bull
ETHUSDT,2022-10-19,1285.74,42.06,bear
ETHUSDT,2022-10-20,1283.2,41.74,bear
ETHUSDT,2022-10-21,1299.95,44.76,bull
ETHUSDT,2022-10-22,1314.3,47.29,bull
ETHUSDT,2022-10-23,1363.45,54.89,bull
ETHUSDT,2022-10-24,1345.0,51.87,bull
ETHUSDT,2022-10-25,1461.67,65.01,bull
ETHUSDT,2022-10-26,1566.57,72.32,bull
ETHUSDT,2022-10-27,1514.37,65.04,bull
ETHUSDT,2022-10-28,1555.48,67.79,bull
ETHUSDT,2022-10-29,1619.7,71.55,bull
ETHUSDT,2022-10-30,1590.78,67.72,bull
ETHUSDT,2022-10-31,1572.71,65.36,bull
ETHUSDT,2022-11-01,1579.7,65.85,bull
ETHUSDT,2022-11-02,1519.71,58.16,bear
ETHUSDT,2022-11-03,1531.54,59.17,sideways
ETHUSDT,2022-11-04,1645.09,67.34,sideways
ETHUSDT,2022-11-05,1627.97,65.22,sideways
ETHUSDT,2022-11-06,1572.23,58.74,bear
ETHUSDT,2022-11-07,1568.59,58.33,bear
ETHUSDT,2022-11-08,1332.84,39.3,bear
ETHUSDT,2022-11-09,1100.17,29.18,bear
ETHUSDT,2022-11-10,1299.46,42.77,bear
ETHUSDT,2022-11-11,1287.22,42.24,bear
ETHUSDT,2022-11-12,1255.27,40.8,bear
ETHUSDT,2022-11-13,1221.82,39.29,bear
ETHUSDT,2022-11-14,1241.6,40.69,bear
ETHUSDT,2022-11-15,1251.74,41.43,bear
ETHUSDT,2022-11-16,1215.6,39.53,bull
ETHUSDT,2022-11-17,1200.81,38.75,bear
ETHUSDT,2022-11-18,1212.3,39.75,bear
ETHUSDT,2022-11-19,1218.43,40.31,bear
ETHUSDT,2022-11-20,1142.47,35.86,bear
ETHUSDT,2022-11-21,1108.35,34.04,bear
ETHUSDT,2022-11-22,1135.17,36.76,bear
ETHUSDT,2022-11-23,1183.2,41.4,bear
ETHUSDT,2022-11-24,1203.98,43.34,sideways
ETHUSDT,2022-11-25,1198.93,42.97,bear
ETHUSDT,2022-11-26,1205.9,43.69,bear
ETHUSDT,2022-11-27,1195.13,42.79,sideways
ETHUSDT,2022-11-28,1170.09,40.7,sideways
ETHUSDT,2022-11-29,1216.9,46.01,sideways
ETHUSDT,2022-11-30,1295.69,53.56,bull
ETHUSDT,2022-12-01,1276.27,51.64,bull
ETHUSDT,2022-12-02,1294.3,53.31,bull
ETHUSDT,2022-12-03,1243.33,48.24,bull
ETHUSDT,2022-12-04,1280.26,51.82,bull
ETHUSDT,2022-12-05,1259.68,49.75,bull
ETHUSDT,2022-12-06,1271.65,50.98,bull
ETHUSDT,2022-12-07,1232.44,46.95,bear
ETHUSDT,2022-12-08,1281.12,52.02,sideways
ETHUSDT,2022-12-09,1264.28,50.23,bear
ETHUSDT,2022-12-10,1266.38,50.46,sideways
ETHUSDT,2022-12-11,1263.87,50.16,bear
ETHUSDT,2022-12-12,1274.62,51.48,bull
ETHUSDT,2022-12-13,1320.55,56.74,bull
ETHUSDT,2022-12-14,1309.33,55.16,bull
ETHUSDT,2022-12-15,1266.35,49.5,bear
ETHUSDT,2022-12-16,1168.26,39.53,bear
ETHUSDT,2022-12-17,1188.15,42.08,bear
ETHUSDT,2022-12-18,1184.72,41.75,bear
ETHUSDT,2022-12-19,1167.61,40.08,bear
ETHUSDT,2022-12-20,1217.7,46.8,bear
ETHUSDT,2022-12-21,1213.6,46.34,bear
ETHUSDT,2022-12-22,1218.18,46.96,bear
ETHUSDT,2022-12-23,1220.16,47.25,bull
ETHUSDT,2022-12-24,1221.15,47.4,bull
ETHUSDT,2022-12-25,1218.96,47.08,bull
ETHUSDT,2022-12-26,1226.97,48.47,bull
ETHUSDT,2022-12-27,1212.79,46.16,bear
ETHUSDT,2022-12-28,1189.99,42.64,bear
ETHUSDT,2022-12-29,1201.6,44.94,bear
ETHUSDT,2022-12-30,1199.23,44.55,bear
ETHUSDT,2022-12-31,1196.77,44.12,bear
ETHUSDT,2023-01-01,1200.96,45.09,bear
ETHUSDT,2023-01-02,1214.66,48.27,bear
ETHUSDT,2023-01-03,1214.78,48.3,bull
ETHUSDT,2023-01-04,1256.53,57.07,bull
ETHUSDT,2023-01-05,1250.44,55.59,bull
ETHUSDT,2023-01-06,1269.38,59.14,bull
ETHUSDT,2023-01-07,1264.27,57.8,bull
ETHUSDT,2023-01-08,1287.36,62.0,bull
ETHUSDT,2023-01-09,1321.54,67.21,bull
ETHUSDT,2023-01-10,1336.59,69.2,bull
ETHUSDT,2023-01-11,1387.93,74.84,bull
ETHUSDT,2023-01-12,1417.94,77.44,bull
ETHUSDT,2023-01-13,1451.61,79.95,bull
ETHUSDT,2023-01-14,1550.71,85.16,bull
ETHUSDT,2023-01-15,1552.48,85.24,bull
ETHUSDT,2023-01-16,1576.83,86.25,bull
ETHUSDT,2023-01-17,1567.85,83.96,bull
ETHUSDT,2023-01-18,1515.51,71.96,bull
ETHUSDT,2023-01-19,1552.56,74.71,bull
ETHUSDT,2023-01-20,1659.75,80.64,bull
ETHUSDT,2023-01-21,1627.12,74.89,bull
ETHUSDT,2023-01-22,1628.38,74.96,bull
ETHUSDT,2023-01-23,1628.25,74.94,bull
ETHUSDT,2023-01-24,1556.6,62.71,bear
ETHUSDT,2023-01-25,1611.71,67.15,bull
ETHUSDT,2023-01-26,1603.11,65.83,bull
ETHUSDT,2023-01-27,1598.16,65.04,bear
ETHUSDT,2023-01-28,1572.44,60.94,bear
ETHUSDT,2023-01-29,1646.16,67.3,sideways
ETHUSDT,2023-01-30,1567.33,56.67,bear
ETHUSDT,2023-01-31,1586.54,58.4,sideways
ETHUSDT,2023-02-01,1641.79,62.96,sideways
ETHUSDT,2023-02-02,1643.24,63.08,sideways
ETHUSDT,2023-02-03,1664.75,64.81,bull
ETHUSDT,2023-02-04,1667.06,65.01,bull
ETHUSDT,2023-02-05,1631.65,59.67,bear
ETHUSDT,2023-02-06,1616.25,57.46,bull
ETHUSDT,2023-02-07,1672.0,62.83,bull
ETHUSDT,2023-02-08,1650.72,59.73,sideways
ETHUSDT,2023-02-09,1546.44,47.41,bear
ETHUSDT,2023-02-10,1514.87,44.42,bear
ETHUSDT,2023-02-11,1539.93,47.26,bear
ETHUSDT,2023-02-12,1515.03,44.81,bear
ETHUSDT,2023-02-13,1507.17,44.03,bear
ETHUSDT,2023-02-14,1556.88,49.94,bear
ETHUSDT,2023-02-15,1673.75,60.5,bull
ETHUSDT,2023-02-16,1640.07,56.78,bull
ETHUSDT,2023-02-17,1694.78,60.98,bull
ETHUSDT,2023-02-18,1691.82,60.63,bull
ETHUSDT,2023-02-19,1681.44,59.37,bull
ETHUSDT,2023-02-20,1702.68,61.15,bull
ETHUSDT,2023-02-21,1658.04,55.64,bull
ETHUSDT,2023-02-22,1643.23,53.9,bear
ETHUSDT,2023-02-23,1651.07,54.71,sideways
ETHUSDT,2023-02-24,1608.37,49.62,bear
ETHUSDT,2023-02-25,1594.91,48.1,bear
ETHUSDT,2023-02-26,1640.82,53.34,bear
ETHUSDT,2023-02-27,1634.33,52.53,bear
ETHUSDT,2023-02-28,1605.9,49.03,bear
ETHUSDT,2023-03-01,1663.43,55.5,sideways
ETHUSDT,2023-03-02,1647.32,53.45,bear
ETHUSDT,2023-03-03,1569.17,44.82,bear
ETHUSDT,2023-03-04,1566.92,44.6,bear
ETHUSDT,2023-03-05,1564.47,44.34,bear
ETHUSDT,2023-03-06,1567.4,44.75,bear
ETHUSDT,2023-03-07,1561.93,44.09,bear
ETHUSDT,2023-03-08,1534.09,40.8,bear
ETHUSDT,2023-03-09,1438.66,31.99,bear
ETHUSDT,2023-03-10,1429.16,31.27,bear
ETHUSDT,2023-03-11,1482.62,39.56,bear
ETHUSDT,2023-03-12,1590.29,52.09,bull
ETHUSDT,2023-03-13,1680.31,59.63,bull
ETHUSDT,2023-03-14,1703.51,61.31,bull
ETHUSDT,2023-03-15,1656.18,56.15,bull
ETHUSDT,2023-03-16,1677.22,57.85,bull
ETHUSDT,2023-03-17,1792.49,65.69,bull
ETHUSDT,2023-03-18,1761.66,62.35,bull
ETHUSDT,2023-03-19,1785.58,63.89,bull
ETHUSDT,2023-03-20,1735.32,58.49,bull
ETHUSDT,2023-03-21,1806.76,63.24,bull
ETHUSDT,2023-03-22,1737.72,56.51,bull
ETHUSDT,2023-03-23,1816.41,61.54,bull
ETHUSDT,2023-03-24,1752.04,55.85,bear
ETHUSDT,2023-03-25,1743.76,55.15,bear
ETHUSDT,2023-03-26,1775.68,57.38,bear
ETHUSDT,2023-03-27,1715.46,52.1,bear
ETHUSDT,2023-03-28,1772.79,56.23,bear
ETHUSDT,2023-03-29,1793.0,57.62,sideways
ETHUSDT,2023-03-30,1792.74,57.59,bear
ETHUSDT,2023-03-31,1822.02,59.73,bull
ETHUSDT,2023-04-01,1813.86,58.84,bull
ETHUSDT,2023-04-02,1795.71,56.81,bull
ETHUSDT,2023-04-03,1810.3,58.06,bull
ETHUSDT,2023-04-04,1871.01,62.89,bull
ETHUSDT,2023-04-05,1909.11,65.57,bull
ETHUSDT,2023-04-06,1872.92,61.06,bull
ETHUSDT,2023-04-07,1865.64,60.16,bull
ETHUSDT,2023-04-08,1849.5,58.13,bull
ETHUSDT,2023-04-09,1859.39,59.04,bull
ETHUSDT,2023-04-10,1911.21,63.54,bull
ETHUSDT,2023-04-11,1892.19,60.9,bull
ETHUSDT,2023-04-12,1920.68,63.36,bull
ETHUSDT,2023-04-13,2012.63,69.93,bull
ETHUSDT,2023-04-14,2101.64,74.66,bull
ETHUSDT,2023-04-15,2092.47,73.38,bull
ETHUSDT,2023-04-16,2120.01,74.78,bull
ETHUSDT,2023-04-17,2076.24,68.6,bull
ETHUSDT,2023-04-18,2104.54,70.31,bull
ETHUSDT,2023-04-19,1936.4,52.16,bull
ETHUSDT,2023-04-20,1943.1,52.68,bear
ETHUSDT,2023-04-21,1850.0,45.26,bear
ETHUSDT,2023-04-22,1874.23,47.34,bear
ETHUSDT,2023-04-23,1862.06,46.38,bear
ETHUSDT,2023-04-24,1842.76,44.84,bear
ETHUSDT,2023-04-25,1866.75,47.19,bear
ETHUSDT,2023-04-26,1866.56,47.18,bear
ETHUSDT,2023-04-27,1908.79,51.4,bear
ETHUSDT,2023-04-28,1892.51,49.75,sideways
ETHUSDT,2023-04-29,1908.92,51.44,sideways
ETHUSDT,2023-04-30,1876.92,48.04,sideways
ETHUSDT,2023-05-01,1831.95,43.67,bear
ETHUSDT,2023-05-02,1870.79,48.07,sideways
ETHUSDT,2023-05-03,1904.65,51.61,sideways
ETHUSDT,2023-05-04,1877.7,48.76,bear
ETHUSDT,2023-05-05,1995.06,59.3,bull
ETHUSDT,2023-05-06,1900.22,50.3,bear
ETHUSDT,2023-05-07,1873.08,48.05,bear
ETHUSDT,2023-05-08,1849.04,46.08,sideways
ETHUSDT,2023-05-09,1848.6,46.04,bear
ETHUSDT,2023-05-10,1842.4,45.49,bear
ETHUSDT,2023-05-11,1796.49,41.49,bear
ETHUSDT,2023-05-12,1808.02,42.85,bear
ETHUSDT,2023-05-13,1796.11,41.77,bear
ETHUSDT,2023-05-14,1800.5,42.35,bear
ETHUSDT,2023-05-15,1817.55,44.64,bear
ETHUSDT,2023-05-16,1824.12,45.53,bear
ETHUSDT,2023-05-17,1821.86,45.26,bear
ETHUSDT,2023-05-18,1801.73,42.81,sideways
ETHUSDT,2023-05-19,1812.59,44.56,sideways
ETHUSDT,2023-05-20,1820.48,45.85,sideways
ETHUSDT,2023-05-21,1804.53,43.63,sideways
ETHUSDT,2023-05-22,1817.53,45.93,bull
ETHUSDT,2023-05-23,1854.38,51.9,bull
ETHUSDT,2023-05-24,1800.1,44.16,bear
ETHUSDT,2023-05-25,1805.95,45.11,sideways
ETHUSDT,2023-05-26,1828.69,48.76,sideways
ETHUSDT,2023-05-27,1831.12,49.15,sideways
ETHUSDT,2023-05-28,1910.91,59.92,bull
ETHUSDT,2023-05-29,1893.08,57.01,bull
ETHUSDT,2023-05-30,1901.03,57.99,bull
ETHUSDT,2023-05-31,1874.13,53.55,bull
ETHUSDT,2023-06-01,1862.2,51.66,bull
ETHUSDT,2023-06-02,1907.26,57.73,bull
ETHUSDT,2023-06-03,1892.41,55.27,bull
ETHUSDT,2023-06-04,1890.51,54.94,bear
ETHUSDT,2023-06-05,1811.83,43.59,bear
ETHUSDT,2023-06-06,1884.49,53.21,bear
ETHUSDT,2023-06-07,1832.4,47.02,bear
ETHUSDT,2023-06-08,1846.3,48.73,bear
ETHUSDT,2023-06-09,1840.23,48.0,bear
ETHUSDT,2023-06-10,1752.38,38.92,bear
ETHUSDT,2023-06-11,1753.42,39.06,bear
ETHUSDT,2023-06-12,1742.53,38.03,bear
ETHUSDT,2023-06-13,1739.04,37.69,bear
ETHUSDT,2023-06-14,1650.52,30.22,bear
ETHUSDT,2023-06-15,1665.52,32.66,bear
ETHUSDT,2023-06-16,1716.67,40.3,bear
ETHUSDT,2023-06-17,1727.2,41.77,bear
ETHUSDT,2023-06-18,1720.58,41.09,bear
ETHUSDT,2023-06-19,1737.66,43.65,bear
ETHUSDT,2023-06-20,1792.12,50.96,bull
ETHUSDT,2023-06-21,1891.01,60.89,bull
ETHUSDT,2023-06-22,1872.94,58.56,bull
ETHUSDT,2023-06-23,1892.86,60.36,bull
ETHUSDT,2023-06-24,1876.06,58.07,bull
ETHUSDT,2023-06-25,1900.51,60.43,bull
ETHUSDT,2023-06-26,1859.43,54.85,bull
ETHUSDT,2023-06-27,1889.7,57.93,bull
ETHUSDT,2023-06-28,1827.97,50.37,bear
ETHUSDT,2023-06-29,1852.23,52.97,bear
ETHUSDT,2023-06-30,1933.19,60.41,bull
ETHUSDT,2023-07-01,1924.57,59.34,bull
ETHUSDT,2023-07-02,1937.44,60.47,bull
ETHUSDT,2023-07-03,1955.39,62.06,bull
ETHUSDT,2023-07-04,1936.63,59.37,bull
ETHUSDT,2023-07-05,1910.59,55.77,bull
ETHUSDT,2023-07-06,1848.64,48.26,bear
ETHUSDT,2023-07-07,1870.6,50.79,bear
ETHUSDT,2023-07-08,1865.54,50.18,bear
ETHUSDT,2023-07-09,1863.01,49.86,bear
ETHUSDT,2023-07-10,1880.56,52.15,bear
ETHUSDT,2023-07-11,1878.34,51.83,bear
ETHUSDT,2023-07-12,1872.11,50.88,bear
ETHUSDT,2023-07-13,2006.51,65.56,bull
ETHUSDT,2023-07-14,1939.35,56.48,bull
ETHUSDT,2023-07-15,1931.47,55.5,bull
ETHUSDT,2023-07-16,1923.68,54.51,bull
ETHUSDT,2023-07-17,1911.65,52.92,sideways
ETHUSDT,2023-07-18,1897.6,51.06,sideways
ETHUSDT,2023-07-19,1889.01,49.9,sideways
ETHUSDT,2023-07-20,1890.97,50.18,bear
ETHUSDT,2023-07-21,1892.08,50.34,bear
ETHUSDT,2023-07-22,1864.91,46.24,bear
ETHUSDT,2023-07-23,1889.19,50.15,bear
ETHUSDT,2023-07-24,1850.0,44.52,bear
ETHUSDT,2023-07-25,1857.74,45.81,bear
ETHUSDT,2023-07-26,1872.16,48.24,bear
ETHUSDT,2023-07-27,1860.36,46.41,bear
ETHUSDT,2023-07-28,1874.74,48.95,bear
ETHUSDT,2023-07-29,1881.07,50.07,sideways
ETHUSDT,2023-07-30,1861.64,46.68,bear
ETHUSDT,2023-07-31,1856.16,45.74,sideways
ETHUSDT,2023-08-01,1871.79,48.9,sideways
ETHUSDT,2023-08-02,1839.09,43.22,bear
ETHUSDT,2023-08-03,1835.14,42.58,bear
ETHUSDT,2023-08-04,1827.71,41.33,bear
ETHUSDT,2023-08-05,1834.99,43.09,bear
ETHUSDT,2023-08-06,1827.46,41.7,bear
ETHUSDT,2023-08-07,1826.94,41.6,bear
ETHUSDT,2023-08-08,1855.81,48.91,bear
ETHUSDT,2023-08-09,1854.3,48.57,sideways
ETHUSDT,2023-08-10,1850.75,47.73,sideways
ETHUSDT,2023-08-11,1847.12,46.83,sideways
ETHUSDT,2023-08-12,1848.89,47.35,sideways
ETHUSDT,2023-08-13,1839.28,44.78,sideways
ETHUSDT,2023-08-14,1844.19,46.38,sideways
ETHUSDT,2023-08-15,1826.93,41.8,bear
ETHUSDT,2023-08-16,1805.66,36.96,bear
ETHUSDT,2023-08-17,1684.93,21.64,bear
ETHUSDT,2023-08-18,1660.95,19.87,bear
ETHUSDT,2023-08-19,1669.47,22.3,bear
ETHUSDT,2023-08-20,1684.85,26.61,bear
ETHUSDT,2023-08-21,1667.27,24.91,bear
ETHUSDT,2023-08-22,1633.89,22.03,bear
ETHUSDT,2023-08-23,1679.27,33.32,bear
ETHUSDT,2023-08-24,1659.94,31.24,bear
ETHUSDT,2023-08-25,1652.94,30.5,bear
ETHUSDT,2023-08-26,1646.31,29.78,bear
ETHUSDT,2023-08-27,1657.51,32.67,bear
ETHUSDT,2023-08-28,1652.46,32.03,bear
ETHUSDT,2023-08-29,1729.73,48.63,bull
ETHUSDT,2023-08-30,1705.11,44.87,bull
ETHUSDT,2023-08-31,1645.64,37.36,bear
ETHUSDT,2023-09-01,1628.49,35.51,bear
ETHUSDT,2023-09-02,1637.03,37.18,bear
ETHUSDT,2023-09-03,1636.12,37.07,bear
ETHUSDT,2023-09-04,1629.66,36.25,bear
ETHUSDT,2023-09-05,1633.63,37.17,bear
ETHUSDT,2023-09-06,1632.25,36.97,bear
ETHUSDT,2023-09-07,1647.6,40.77,sideways
ETHUSDT,2023-09-08,1636.14,38.88,sideways
ETHUSDT,2023-09-09,1635.16,38.72,bear
ETHUSDT,2023-09-10,1616.83,35.67,bear
ETHUSDT,2023-09-11,1551.64,27.4,bear
ETHUSDT,2023-09-12,1592.43,37.21,bear
ETHUSDT,2023-09-13,1607.99,40.51,bear
ETHUSDT,2023-09-14,1626.97,44.36,bear
ETHUSDT,2023-09-15,1641.64,47.19,sideways
ETHUSDT,2023-09-16,1635.22,46.09,sideways
ETHUSDT,2023-09-17,1622.9,43.95,sideways
ETHUSDT,2023-09-18,1637.35,47.05,bull
ETHUSDT,2023-09-19,1643.54,48.37,bull
ETHUSDT,2023-09-20,1622.89,44.4,bull
ETHUSDT,2023-09-21,1584.31,38.11,bear
ETHUSDT,2023-09-22,1593.27,40.23,bear
ETHUSDT,2023-09-23,1593.86,40.38,bear
ETHUSDT,2023-09-24,1580.85,38.18,bear
ETHUSDT,2023-09-25,1588.32,40.19,bear
ETHUSDT,2023-09-26,1593.42,41.59,bear
ETHUSDT,2023-09-27,1597.49,42.74,bear
ETHUSDT,2023-09-28,1652.88,55.55,bull
ETHUSDT,2023-09-29,1667.94,58.28,bull
ETHUSDT,2023-09-30,1671.16,58.86,bull
ETHUSDT,2023-10-01,1733.81,68.17,bull
ETHUSDT,2023-10-02,1663.63,53.55,bull
ETHUSDT,2023-10-03,1656.69,52.36,bull
ETHUSDT,2023-10-04,1647.84,50.8,bull
ETHUSDT,2023-10-05,1611.48,44.89,bear
ETHUSDT,2023-10-06,1645.83,50.72,bear
ETHUSDT,2023-10-07,1634.51,48.89,bear
ETHUSDT,2023-10-08,1633.55,48.72,bear
ETHUSDT,2023-10-09,1579.81,40.65,bear
ETHUSDT,2023-10-10,1567.71,39.08,bear
ETHUSDT,2023-10-11,1566.25,38.89,bear
ETHUSDT,2023-10-12,1539.61,35.41,bear
ETHUSDT,2023-10-13,1552.09,38.2,bear
ETHUSDT,2023-10-14,1555.26,38.92,bear
ETHUSDT,2023-10-15,1558.07,39.59,bear
ETHUSDT,2023-10-16,1600.53,48.77,sideways
ETHUSDT,2023-10-17,1565.44,42.96,bear
ETHUSDT,2023-10-18,1563.75,42.7,bear
ETHUSDT,2023-10-19,1567.46,43.52,bull
ETHUSDT,2023-10-20,1604.67,51.08,bull
ETHUSDT,2023-10-21,1629.3,55.34,bull
ETHUSDT,2023-10-22,1663.43,60.48,bull
ETHUSDT,2023-10-23,1765.38,71.15,bull
ETHUSDT,2023-10-24,1784.44,72.64,bull
ETHUSDT,2023-10-25,1787.4,72.88,bull
ETHUSDT,2023-10-26,1804.04,74.21,bull
ETHUSDT,2023-10-27,1780.05,68.94,bull
ETHUSDT,2023-10-28,1776.62,68.2,bull
ETHUSDT,2023-10-29,1795.55,70.12,bull
ETHUSDT,2023-10-30,1810.09,71.54,bull
ETHUSDT,2023-10-31,1816.46,72.16,bull
ETHUSDT,2023-11-01,1847.09,75.01,bull
ETHUSDT,2023-11-02,1800.62,64.28,bear
ETHUSDT,2023-11-03,1832.8,67.72,bull
ETHUSDT,2023-11-04,1857.7,70.12,bull
ETHUSDT,2023-11-05,1894.16,73.26,bull
ETHUSDT,2023-11-06,1899.84,73.72,bull
ETHUSDT,2023-11-07,1888.12,70.99,bull
ETHUSDT,2023-11-08,1889.32,71.11,bull
ETHUSDT,2023-11-09,2120.56,84.33,bull
ETHUSDT,2023-11-10,2078.29,77.36,bull
ETHUSDT,2023-11-11,2052.71,73.41,bull
ETHUSDT,2023-11-12,2045.19,72.24,bull
ETHUSDT,2023-11-13,2055.27,72.86,bull
ETHUSDT,2023-11-14,1979.05,61.6,bull
ETHUSDT,2023-11-15,2060.41,67.39,bull
ETHUSDT,2023-11-16,1960.88,56.21,bear
ETHUSDT,2023-11-17,1961.28,56.25,bear
ETHUSDT,2023-11-18,1963.29,56.41,bear
ETHUSDT,2023-11-19,2013.2,60.5,bear
ETHUSDT,2023-11-20,2022.24,61.21,bear
ETHUSDT,2023-11-21,1937.07,51.78,bear
ETHUSDT,2023-11-22,2064.43,61.36,sideways
ETHUSDT,2023-11-23,2062.21,61.14,bull
ETHUSDT,2023-11-24,2081.15,62.42,bull
ETHUSDT,2023-11-25,2084.41,62.65,bull
ETHUSDT,2023-11-26,2063.29,60.1,sideways
ETHUSDT,2023-11-27,2027.42,55.93,sideways
ETHUSDT,2023-11-28,2049.34,57.85,sideways
ETHUSDT,2023-11-29,2029.93,55.54,bear
ETHUSDT,2023-11-30,2052.56,57.67,bear
ETHUSDT,2023-12-01,2087.14,60.75,bull
ETHUSDT,2023-12-02,2165.7,66.69,bull
ETHUSDT,2023-12-03,2193.69,68.52,bull
ETHUSDT,2023-12-04,2243.22,71.5,bull
ETHUSDT,2023-12-05,2293.84,74.19,bull
ETHUSDT,2023-12-06,2231.66,65.95,bull
ETHUSDT,2023-12-07,2357.58,72.59,bull
ETHUSDT,2023-12-08,2358.73,72.64,bull
ETHUSDT,2023-12-09,2341.18,70.43,bull
ETHUSDT,2023-12-10,2352.46,71.04,bull
ETHUSDT,2023-12-11,2224.58,56.73,bear
ETHUSDT,2023-12-12,2202.04,54.64,bear
ETHUSDT,2023-12-13,2260.65,58.88,sideways
ETHUSDT,2023-12-14,2316.58,62.48,bear
ETHUSDT,2023-12-15,2219.34,53.67,bear
ETHUSDT,2023-12-16,2226.93,54.22,bear
ETHUSDT,2023-12-17,2196.48,51.61,bear
ETHUSDT,2023-12-18,2217.27,53.26,bear
ETHUSDT,2023-12-19,2177.87,49.79,bear
ETHUSDT,2023-12-20,2201.91,51.85,bear
ETHUSDT,2023-12-21,2239.54,54.97,bear
ETHUSDT,2023-12-22,2326.52,61.23,bull
ETHUSDT,2023-12-23,2309.05,59.44,bull
ETHUSDT,2023-12-24,2265.69,55.14,bull
ETHUSDT,2023-12-25,2272.56,55.69,bull
ETHUSDT,2023-12-26,2231.47,51.63,bull
ETHUSDT,2023-12-27,2378.74,62.24,bull
ETHUSDT,2023-12-28,2347.57,59.28,bull
ETHUSDT,2023-12-29,2300.69,55.03,bear
ETHUSDT,2023-12-30,2292.07,54.26,bear
ETHUSDT,2023-12-31,2281.47,53.28,bull
ETHUSDT,2024-01-01,2352.33,58.69,bull
ETHUSDT,2024-01-02,2355.84,58.94,bull
ETHUSDT,2024-01-03,2210.76,46.3,bear
ETHUSDT,2024-01-04,2269.04,50.86,bear
ETHUSDT,2024-01-05,2268.65,50.82,bear
ETHUSDT,2024-01-06,2241.62,48.61,bear
ETHUSDT,2024-01-07,2222.87,47.07,bear
ETHUSDT,2024-01-08,2333.03,55.89,bear
ETHUSDT,2024-01-09,2344.83,56.72,bear
ETHUSDT,2024-01-10,2582.1,69.26,bull
ETHUSDT,2024-01-11,2619.62,70.71,bull
ETHUSDT,2024-01-12,2524.46,62.66,bull
ETHUSDT,2024-01-13,2576.6,65.01,bull
ETHUSDT,2024-01-14,2472.24,57.24,bull
ETHUSDT,2024-01-15,2511.36,59.21,bull
ETHUSDT,2024-01-16,2587.69,62.81,bull
ETHUSDT,2024-01-17,2528.37,58.49,bear
ETHUSDT,2024-01-18,2467.02,54.33,bear
ETHUSDT,2024-01-19,2489.5,55.58,bear
ETHUSDT,2024-01-20,2469.59,54.17,bear
ETHUSDT,2024-01-21,2453.91,53.03,bear
ETHUSDT,2024-01-22,2310.83,43.93,bear
ETHUSDT,2024-01-23,2240.69,40.29,bear
ETHUSDT,2024-01-24,2233.56,39.92,bear
ETHUSDT,2024-01-25,2217.71,39.08,bear
ETHUSDT,2024-01-26,2267.2,43.12,bear
ETHUSDT,2024-01-27,2267.89,43.17,bear
ETHUSDT,2024-01-28,2257.21,42.47,bear
ETHUSDT,2024-01-29,2317.06,47.62,sideways
ETHUSDT,2024-01-30,2344.49,49.84,sideways
ETHUSDT,2024-01-31,2282.54,45.19,sideways
ETHUSDT,2024-02-01,2303.82,47.02,sideways
ETHUSDT,2024-02-02,2308.04,47.39,sideways
ETHUSDT,2024-02-03,2296.04,46.39,sideways
ETHUSDT,2024-02-04,2289.55,45.82,sideways
ETHUSDT,2024-02-05,2298.89,46.83,bear
ETHUSDT,2024-02-06,2372.2,54.04,bull
ETHUSDT,2024-02-07,2423.75,58.32,bull
ETHUSDT,2024-02-08,2419.91,57.89,bull
ETHUSDT,2024-02-09,2487.52,63.08,bull
ETHUSDT,2024-02-10,2501.23,64.05,bull
ETHUSDT,2024-02-11,2507.57,64.51,bull
ETHUSDT,2024-02-12,2658.12,73.31,bull
ETHUSDT,2024-02-13,2642.19,71.3,bull
ETHUSDT,2024-02-14,2777.9,77.07,bull
ETHUSDT,2024-02-15,2824.38,78.66,bull
ETHUSDT,2024-02-16,2803.69,76.14,bull
ETHUSDT,2024-02-17,2786.67,74.03,bull
ETHUSDT,2024-02-18,2879.0,77.64,bull
ETHUSDT,2024-02-19,2943.57,79.76,bull
ETHUSDT,2024-02-20,3013.5,81.77,bull
ETHUSDT,2024-02-21,2970.36,76.7,bull
ETHUSDT,2024-02-22,2971.01,76.73,bull
ETHUSDT,2024-02-23,2921.66,70.9,bull
ETHUSDT,2024-02-24,2992.39,73.95,bull
ETHUSDT,2024-02-25,3112.7,78.15,bull
ETHUSDT,2024-02-26,3178.99,80.06,bull
ETHUSDT,2024-02-27,3244.52,81.75,bull
ETHUSDT,2024-02-28,3385.7,84.76,bull
ETHUSDT,2024-02-29,3341.92,80.34,bull
ETHUSDT,2024-03-01,3435.05,82.44,bull
ETHUSDT,2024-03-02,3422.05,81.14,bull
ETHUSDT,2024-03-03,3490.99,82.7,bull
ETHUSDT,2024-03-04,3630.43,85.34,bull
ETHUSDT,2024-03-05,3554.96,78.36,bull
ETHUSDT,2024-03-06,3819.23,83.46,bull
ETHUSDT,2024-03-07,3874.35,84.29,bull
ETHUSDT,2024-03-08,3892.06,84.56,bull
ETHUSDT,2024-03-09,3915.42,84.93,bull
ETHUSDT,2024-03-10,3881.19,81.87,bull
ETHUSDT,2024-03-11,4066.45,85.01,bull
ETHUSDT,2024-03-12,3980.27,78.21,bull
ETHUSDT,2024-03-13,4006.46,78.77,bull
ETHUSDT,2024-03-14,3883.14,69.74,sideways
ETHUSDT,2024-03-15,3735.22,60.75,bear
ETHUSDT,2024-03-16,3522.86,50.65,bear
ETHUSDT,2024-03-17,3642.41,55.17,bear
ETHUSDT,2024-03-18,3517.99,50.03,bear
ETHUSDT,2024-03-19,3157.62,38.78,bear
ETHUSDT,2024-03-20,3513.39,50.59,bear
ETHUSDT,2024-03-21,3492.99,50.0,bear
ETHUSDT,2024-03-22,3333.69,45.49,bear
ETHUSDT,2024-03-23,3336.59,45.59,bear
ETHUSDT,2024-03-24,3454.64,49.49,bear
ETHUSDT,2024-03-25,3590.88,53.63,bull
ETHUSDT,2024-03-26,3587.5,53.51,bull
ETHUSDT,2024-03-27,3500.12,50.45,bear
ETHUSDT,2024-03-28,3561.29,52.5,sideways
ETHUSDT,2024-03-29,3511.81,50.67,sideways
ETHUSDT,2024-03-30,3507.94,50.52,sideways
ETHUSDT,2024-03-31,3647.86,55.58,sideways
ETHUSDT,2024-04-01,3505.03,49.97,bear
ETHUSDT,2024-04-02,3277.23,42.58,bear
ETHUSDT,2024-04-03,3311.44,43.92,bear
ETHUSDT,2024-04-04,3330.04,44.68,bear
ETHUSDT,2024-04-05,3318.89,44.29,bear
ETHUSDT,2024-04-06,3354.18,45.88,bear
ETHUSDT,2024-04-07,3453.49,50.2,bear
ETHUSDT,2024-04-08,3695.29,58.81,bull
ETHUSDT,2024-04-09,3505.16,51.3,bull
ETHUSDT,2024-04-10,3543.74,52.62,bull
ETHUSDT,2024-04-11,3505.25,51.13,bull
ETHUSDT,2024-04-12,3243.03,42.33,bear
ETHUSDT,2024-04-13,3004.9,36.23,bear
ETHUSDT,2024-04-14,3156.94,41.98,bear
ETHUSDT,2024-04-15,3101.6,40.54,bear
ETHUSDT,2024-04-16,3084.92,40.1,bear
ETHUSDT,2024-04-17,2984.73,37.45,bear
ETHUSDT,2024-04-18,3066.03,40.87,bear
ETHUSDT,2024-04-19,3059.28,40.67,bear
ETHUSDT,2024-04-20,3157.63,44.87,bull
ETHUSDT,2024-04-21,3147.29,44.52,bear
ETHUSDT,2024-04-22,3201.65,46.91,sideways
ETHUSDT,2024-04-23,3219.91,47.73,sideways
ETHUSDT,2024-04-24,3139.81,44.5,sideways
ETHUSDT,2024-04-25,3156.51,45.33,sideways
ETHUSDT,2024-04-26,3130.16,44.2,sideways
ETHUSDT,2024-04-27,3252.17,50.35,sideways
ETHUSDT,2024-04-28,3262.77,50.85,sideways
ETHUSDT,2024-04-29,3215.43,48.48,sideways
ETHUSDT,2024-04-30,3012.29,39.86,bear
ETHUSDT,2024-05-01,2969.78,38.33,bear
ETHUSDT,2024-05-02,2988.17,39.42,bear
ETHUSDT,2024-05-03,3103.54,45.86,bear
ETHUSDT,2024-05-04,3117.58,46.6,bear
ETHUSDT,2024-05-05,3137.25,47.69,bear
ETHUSDT,2024-05-06,3062.73,44.04,bear
ETHUSDT,2024-05-07,3006.58,41.46,bear
ETHUSDT,2024-05-08,2973.66,39.99,sideways
ETHUSDT,2024-05-09,3036.02,44.05,sideways
ETHUSDT,2024-05-10,2909.79,38.38,bear
ETHUSDT,2024-05-11,2911.6,38.51,bear
ETHUSDT,2024-05-12,2928.7,39.72,bear
ETHUSDT,2024-05-13,2949.36,41.23,bear
ETHUSDT,2024-05-14,2881.16,37.86,bear
ETHUSDT,2024-05-15,3037.06,48.28,sideways
ETHUSDT,2024-05-16,2945.13,43.63,bear
ETHUSDT,2024-05-17,3094.12,51.74,bull
ETHUSDT,2024-05-18,3122.95,53.15,bull
ETHUSDT,2024-05-19,3071.84,50.35,bull
ETHUSDT,2024-05-20,3663.86,70.03,bull
ETHUSDT,2024-05-21,3789.31,72.52,bull
ETHUSDT,2024-05-22,3737.22,69.92,bull
ETHUSDT,2024-05-23,3776.93,70.78,bull
ETHUSDT,2024-05-24,3726.93,68.14,bull
ETHUSDT,2024-05-25,3749.24,68.7,bull
ETHUSDT,2024-05-26,3825.9,70.62,bull
ETHUSDT,2024-05-27,3892.01,72.19,bull
ETHUSDT,2024-05-28,3840.26,69.07,sideways
ETHUSDT,2024-05-29,3763.2,64.58,sideways
ETHUSDT,2024-05-30,3746.85,63.64,bear
ETHUSDT,2024-05-31,3760.03,64.1,sideways
ETHUSDT,2024-06-01,3813.2,65.95,sideways
ETHUSDT,2024-06-02,3780.9,63.79,bear
ETHUSDT,2024-06-03,3766.39,62.8,bear
ETHUSDT,2024-06-04,3812.52,64.68,bear
ETHUSDT,2024-06-05,3864.26,66.72,sideways
ETHUSDT,2024-06-06,3811.61,62.76,sideways
ETHUSDT,2024-06-07,3678.63,54.03,bear
ETHUSDT,2024-06-08,3680.95,54.15,bear
ETHUSDT,2024-06-09,3705.9,55.5,bear
ETHUSDT,2024-06-10,3666.72,52.88,bear
ETHUSDT,2024-06-11,3498.33,43.4,bear
ETHUSDT,2024-06-12,3559.62,47.11,bear
ETHUSDT,2024-06-13,3469.28,42.67,bear
ETHUSDT,2024-06-14,3480.27,43.37,bear
ETHUSDT,2024-06-15,3565.55,48.61,bear
ETHUSDT,2024-06-16,3620.56,51.72,bear
ETHUSDT,2024-06-17,3511.38,45.8,bear
ETHUSDT,2024-06-18,3483.68,44.41,bear
ETHUSDT,2024-06-19,3559.35,48.96,bear
ETHUSDT,2024-06-20,3511.09,46.36,sideways
ETHUSDT,2024-06-21,3516.08,46.67,sideways
ETHUSDT,2024-06-22,3494.81,45.44,bear
ETHUSDT,2024-06-23,3418.61,41.25,bear
ETHUSDT,2024-06-24,3350.26,37.88,bear
ETHUSDT,2024-06-25,3395.03,41.27,bear
ETHUSDT,2024-06-26,3369.48,39.93,bear
ETHUSDT,2024-06-27,3444.8,45.54,bear
ETHUSDT,2024-06-28,3373.64,41.59,bear
ETHUSDT,2024-06-29,3372.97,41.55,bear
ETHUSDT,2024-06-30,3432.89,46.11,sideways
ETHUSDT,2024-07-01,3440.34,46.67,sideways
ETHUSDT,2024-07-02,3416.35,45.05,sideways
ETHUSDT,2024-07-03,3292.92,37.8,bear
ETHUSDT,2024-07-04,3054.52,28.32,bear
ETHUSDT,2024-07-05,2981.6,26.16,bear
ETHUSDT,2024-07-06,3069.38,32.81,bear
ETHUSDT,2024-07-07,2929.39,28.41,bear
ETHUSDT,2024-07-08,3018.73,34.45,bear
ETHUSDT,2024-07-09,3064.03,37.33,bear
ETHUSDT,2024-07-10,3102.22,39.74,bear
ETHUSDT,2024-07-11,3100.33,39.66,bull
ETHUSDT,2024-07-12,3134.16,41.94,bull
ETHUSDT,2024-07-13,3177.2,44.81,bull
ETHUSDT,2024-07-14,3244.08,49.02,bull
ETHUSDT,2024-07-15,3489.55,60.83,bull
ETHUSDT,2024-07-16,3443.51,58.11,bull
ETHUSDT,2024-07-17,3388.75,54.96,bull
ETHUSDT,2024-07-18,3426.26,56.69,bull
ETHUSDT,2024-07-19,3505.73,60.18,bull
ETHUSDT,2024-07-20,3519.3,60.76,bull
ETHUSDT,2024-07-21,3536.61,61.54,bull
ETHUSDT,2024-07-22,3440.42,55.06,bear
ETHUSDT,2024-07-23,3482.0,57.16,sideways
ETHUSDT,2024-07-24,3336.34,48.59,bear
ETHUSDT,2024-07-25,3174.43,41.2,bear
ETHUSDT,2024-07-26,3275.95,46.68,bear
ETHUSDT,2024-07-27,3247.61,45.41,bear
ETHUSDT,2024-07-28,3271.46,46.72,bear
ETHUSDT,2024-07-29,3320.54,49.42,bear
ETHUSDT,2024-07-30,3278.67,47.22,bear
ETHUSDT,2024-07-31,3231.3,44.79,bear
ETHUSDT,2024-08-01,3201.56,43.29,sideways
ETHUSDT,2024-08-02,2986.01,34.29,bear
ETHUSDT,2024-08-03,2903.39,31.59,bear
ETHUSDT,2024-08-04,2686.4,25.82,bear
ETHUSDT,2024-08-05,2417.21,20.75,bear
ETHUSDT,2024-08-06,2458.72,23.25,bear
ETHUSDT,2024-08-07,2336.59,21.14,bear
ETHUSDT,2024-08-08,2683.35,38.29,bear
ETHUSDT,2024-08-09,2599.6,36.24,bear
ETHUSDT,2024-08-10,2610.02,36.69,bear
ETHUSDT,2024-08-11,2553.25,35.22,bear
ETHUSDT,2024-08-12,2724.43,42.68,bull
ETHUSDT,2024-08-13,2703.67,42.05,bull
ETHUSDT,2024-08-14,2662.91,40.77,bull
ETHUSDT,2024-08-15,2570.09,37.94,bear
ETHUSDT,2024-08-16,2593.19,39.08,bear
ETHUSDT,2024-08-17,2614.55,40.16,sideways
ETHUSDT,2024-08-18,2613.36,40.12,sideways
ETHUSDT,2024-08-19,2637.31,41.48,bear
ETHUSDT,2024-08-20,2573.11,38.93,bear
ETHUSDT,2024-08-21,2631.4,42.39,bear
ETHUSDT,2024-08-22,2622.95,42.02,sideways
ETHUSDT,2024-08-23,2764.45,49.93,sideways
ETHUSDT,2024-08-24,2769.39,50.19,sideways
ETHUSDT,2024-08-25,2749.16,49.08,sideways
ETHUSDT,2024-08-26,2681.34,45.47,sideways
ETHUSDT,2024-08-27,2458.73,36.08,bear
ETHUSDT,2024-08-28,2528.42,40.24,bear
ETHUSDT,2024-08-29,2528.79,40.26,bear
ETHUSDT,2024-08-30,2525.82,40.13,bear
ETHUSDT,2024-08-31,2513.39,39.56,bear
ETHUSDT,2024-09-01,2427.9,35.78,bear
ETHUSDT,2024-09-02,2538.19,43.3,bear
ETHUSDT,2024-09-03,2420.6,38.17,bear
ETHUSDT,2024-09-04,2448.98,40.02,bear
ETHUSDT,2024-09-05,2367.74,36.64,bear
ETHUSDT,2024-09-06,2223.88,31.57,bear
ETHUSDT,2024-09-07,2274.11,34.95,bear
ETHUSDT,2024-09-08,2297.29,36.52,bear
ETHUSDT,2024-09-09,2358.48,40.58,bear
ETHUSDT,2024-09-10,2389.58,42.58,bear
ETHUSDT,2024-09-11,2339.84,40.24,bear
ETHUSDT,2024-09-12,2361.78,41.76,bear
ETHUSDT,2024-09-13,2441.61,47.05,bull
ETHUSDT,2024-09-14,2418.6,45.76,bull
ETHUSDT,2024-09-15,2320.9,40.66,sideways
ETHUSDT,2024-09-16,2295.28,39.43,bear
ETHUSDT,2024-09-17,2341.71,42.83,bear
ETHUSDT,2024-09-18,2369.73,44.84,bull
ETHUSDT,2024-09-19,2464.75,51.12,bull
ETHUSDT,2024-09-20,2561.07,56.53,bull
ETHUSDT,2024-09-21,2615.86,59.29,bull
ETHUSDT,2024-09-22,2582.86,56.94,bull
ETHUSDT,2024-09-23,2648.55,60.31,bull
ETHUSDT,2024-09-24,2654.35,60.6,bull
ETHUSDT,2024-09-25,2579.39,54.96,bull
ETHUSDT,2024-09-26,2632.2,57.93,bull
ETHUSDT,2024-09-27,2695.9,61.25,bull
ETHUSDT,2024-09-28,2677.54,59.79,bull
ETHUSDT,2024-09-29,2659.35,58.3,bull
ETHUSDT,2024-09-30,2603.06,53.84,bear
ETHUSDT,2024-10-01,2448.92,43.92,bear
ETHUSDT,2024-10-02,2365.23,39.65,bear
ETHUSDT,2024-10-03,2349.79,38.9,bear
ETHUSDT,2024-10-04,2414.79,43.73,bear
ETHUSDT,2024-10-05,2415.63,43.79,bear
ETHUSDT,2024-10-06,2439.96,45.66,bear
ETHUSDT,2024-10-07,2421.8,44.47,bear
ETHUSDT,2024-10-08,2439.84,45.97,bear
ETHUSDT,2024-10-09,2368.28,41.21,sideways
ETHUSDT,2024-10-10,2383.86,42.61,sideways
ETHUSDT,2024-10-11,2436.51,47.16,sideways
ETHUSDT,2024-10-12,2476.52,50.39,sideways
ETHUSDT,2024-10-13,2467.68,49.67,sideways
ETHUSDT,2024-10-14,2628.9,60.71,bull
ETHUSDT,2024-10-15,2606.02,58.74,bull
ETHUSDT,2024-10-16,2611.1,59.06,bull
ETHUSDT,2024-10-17,2604.27,58.41,bull
ETHUSDT,2024-10-18,2641.55,60.94,bull
ETHUSDT,2024-10-19,2648.66,61.42,bull
ETHUSDT,2024-10-20,2746.36,67.38,bull
ETHUSDT,2024-10-21,2665.71,59.24,sideways
ETHUSDT,2024-10-22,2620.2,55.19,sideways
ETHUSDT,2024-10-23,2509.1,46.79,bear
ETHUSDT,2024-10-24,2534.5,48.71,bear
ETHUSDT,2024-10-25,2435.93,42.32,bear
ETHUSDT,2024-10-26,2479.6,45.72,bear
ETHUSDT,2024-10-27,2505.94,47.72,bear
ETHUSDT,2024-10-28,2565.35,52.01,bear
ETHUSDT,2024-10-29,2637.96,56.7,bull
ETHUSDT,2024-10-30,2657.37,57.88,bull
ETHUSDT,2024-10-31,2515.8,47.65,bear
ETHUSDT,2024-11-01,2511.89,47.4,sideways
ETHUSDT,2024-11-02,2491.07,46.02,sideways
ETHUSDT,2024-11-03,2456.43,43.74,bear
ETHUSDT,2024-11-04,2397.03,40.07,bear
ETHUSDT,2024-11-05,2422.65,42.32,bear
ETHUSDT,2024-11-06,2724.17,60.9,bull
ETHUSDT,2024-11-07,2895.59,67.34,bull
ETHUSDT,2024-11-08,2962.3,69.45,bull
ETHUSDT,2024-11-09,3131.14,74.03,bull
ETHUSDT,2024-11-10,3191.33,75.44,bull
ETHUSDT,2024-11-11,3374.81,79.16,bull
ETHUSDT,2024-11-12,3246.26,71.04,bull
ETHUSDT,2024-11-13,3192.6,67.91,bull
ETHUSDT,2024-11-14,3058.95,60.73,bull
ETHUSDT,2024-11-15,3103.04,62.15,sideways
ETHUSDT,2024-11-16,3133.27,63.14,sideways
ETHUSDT,2024-11-17,3075.66,59.94,bear
ETHUSDT,2024-11-18,3207.86,64.4,bear
ETHUSDT,2024-11-19,3111.38,59.22,bear
ETHUSDT,2024-11-20,3072.19,57.2,bear
ETHUSDT,2024-11-21,3361.05,66.3,bull
ETHUSDT,2024-11-22,3331.6,64.79,bull
ETHUSDT,2024-11-23,3396.22,66.59,bull
ETHUSDT,2024-11-24,3363.66,64.79,bull
ETHUSDT,2024-11-25,3413.54,66.29,bull
ETHUSDT,2024-11-26,3326.52,61.37,bull
ETHUSDT,2024-11-27,3657.25,70.37,bull
ETHUSDT,2024-11-28,3579.81,66.47,bull
ETHUSDT,2024-11-29,3593.49,66.82,bull
ETHUSDT,2024-11-30,3705.71,69.62,bull
ETHUSDT,2024-12-01,3711.17,69.75,bull
ETHUSDT,2024-12-02,3644.2,65.92,bull
ETHUSDT,2024-12-03,3620.71,64.58,bull
ETHUSDT,2024-12-04,3841.33,70.62,bull
ETHUSDT,2024-12-05,3811.01,68.88,bull
ETHUSDT,2024-12-06,4005.81,73.41,bull
ETHUSDT,2024-12-07,4002.69,73.23,bull
ETHUSDT,2024-12-08,4005.7,73.3,bull
ETHUSDT,2024-12-09,3718.69,57.87,sideways
ETHUSDT,2024-12-10,3631.83,54.15,sideways
ETHUSDT,2024-12-11,3832.82,60.48,bear
ETHUSDT,2024-12-12,3883.1,61.89,sideways
ETHUSDT,2024-12-13,3911.21,62.7,bear
ETHUSDT,2024-12-14,3868.41,60.6,bear
ETHUSDT,2024-12-15,3951.94,63.19,bear
ETHUSDT,2024-12-16,3987.48,64.26,bull
ETHUSDT,2024-12-17,3886.77,59.0,bull
ETHUSDT,2024-12-18,3618.79,47.79,bear
ETHUSDT,2024-12-19,3417.93,41.43,bear
ETHUSDT,2024-12-20,3472.55,43.63,bear
ETHUSDT,2024-12-21,3337.22,39.66,bear
ETHUSDT,2024-12-22,3277.54,38.02,bear
ETHUSDT,2024-12-23,3415.79,43.82,bear
ETHUSDT,2024-12-24,3492.05,46.78,bear
ETHUSDT,2024-12-25,3493.24,46.83,bear
ETHUSDT,2024-12-26,3331.23,41.45,bear
ETHUSDT,2024-12-27,3328.92,41.38,bear
ETHUSDT,2024-12-28,3397.9,44.52,sideways
ETHUSDT,2024-12-29,3349.51,42.79,sideways
ETHUSDT,2024-12-30,3356.39,43.12,bear
ETHUSDT,2024-12-31,3332.53,42.19,bear
ETHUSDT,2025-01-01,3353.5,43.35,bear
ETHUSDT,2025-01-02,3451.39,48.54,bull
ETHUSDT,2025-01-03,3605.01,55.44,bull
ETHUSDT,2025-01-04,3657.71,57.54,bull
ETHUSDT,2025-01-05,3634.1,56.26,bull
ETHUSDT,2025-01-06,3688.61,58.56,bull
ETHUSDT,2025-01-07,3381.58,44.42,sideways
ETHUSDT,2025-01-08,3326.33,42.44,bear
ETHUSDT,2025-01-09,3219.43,38.82,bear
ETHUSDT,2025-01-10,3267.49,41.25,bear
ETHUSDT,2025-01-11,3282.22,42.0,bear
ETHUSDT,2025-01-12,3265.95,41.37,bear
ETHUSDT,2025-01-13,3135.5,36.59,bear
ETHUSDT,2025-01-14,3223.68,41.51,bear
ETHUSDT,2025-01-15,3450.54,51.85,sideways
ETHUSDT,2025-01-16,3308.35,46.32,sideways
ETHUSDT,2025-01-17,3474.11,52.66,sideways
ETHUSDT,2025-01-18,3305.79,46.64,sideways
ETHUSDT,2025-01-19,3208.96,43.55,bear
ETHUSDT,2025-01-20,3278.04,46.28,bull
ETHUSDT,2025-01-21,3327.41,48.21,bull
ETHUSDT,2025-01-22,3240.22,45.13,bear
ETHUSDT,2025-01-23,3334.71,48.94,sideways
ETHUSDT,2025-01-24,3309.55,47.98,bear
ETHUSDT,2025-01-25,3317.27,48.32,sideways
ETHUSDT,2025-01-26,3236.13,45.05,sideways
ETHUSDT,2025-01-27,3178.92,42.85,bear
ETHUSDT,2025-01-28,3077.11,39.18,bear
ETHUSDT,2025-01-29,3113.0,41.1,bear
ETHUSDT,2025-01-30,3247.78,47.75,bear
ETHUSDT,2025-01-31,3298.27,50.02,bear
ETHUSDT,2025-02-01,3118.33,42.86,bear
ETHUSDT,2025-02-02,2868.69,35.3,bear
ETHUSDT,2025-02-03,2884.57,36.07,bear
ETHUSDT,2025-02-04,2735.05,32.18,bear
ETHUSDT,2025-02-05,2787.78,34.85,bear
ETHUSDT,2025-02-06,2688.4,32.27,bear
ETHUSDT,2025-02-07,2622.21,30.65,bear
ETHUSDT,2025-02-08,2632.31,31.22,bear
ETHUSDT,2025-02-09,2628.72,31.12,bear
ETHUSDT,2025-02-10,2661.17,33.16,bear
ETHUSDT,2025-02-11,2602.78,31.36,bear
ETHUSDT,2025-02-12,2736.9,39.48,bear
ETHUSDT,2025-02-13,2675.9,37.32,bear
ETHUSDT,2025-02-14,2726.09,40.22,sideways
ETHUSDT,2025-02-15,2693.56,38.96,sideways
ETHUSDT,2025-02-16,2663.32,37.78,sideways
ETHUSDT,2025-02-17,2743.2,42.73,sideways
ETHUSDT,2025-02-18,2669.34,39.59,sideways
ETHUSDT,2025-02-19,2715.77,42.45,bear
ETHUSDT,2025-02-20,2740.39,43.97,sideways
ETHUSDT,2025-02-21,2659.66,40.23,bear
ETHUSDT,2025-02-22,2764.03,46.56,bull
ETHUSDT,2025-02-23,2821.31,49.7,bull
ETHUSDT,2025-02-24,2513.82,37.08,bear
ETHUSDT,2025-02-25,2493.59,36.42,bear
ETHUSDT,2025-02-26,2331.45,31.6,bear
ETHUSDT,2025-02-27,2305.48,30.9,bear
ETHUSDT,2025-02-28,2237.91,29.08,bear
ETHUSDT,2025-03-01,2216.64,28.51,bear
ETHUSDT,2025-03-02,2519.69,45.02,bear
ETHUSDT,2025-03-03,2145.57,34.44,bear
ETHUSDT,2025-03-04,2170.02,35.51,bear
ETHUSDT,2025-03-05,2241.98,38.67,bear
ETHUSDT,2025-03-06,2202.48,37.58,bear
ETHUSDT,2025-03-07,2138.99,35.83,bear
ETHUSDT,2025-03-08,2201.51,38.85,bear
ETHUSDT,2025-03-09,2015.51,33.77,bear
ETHUSDT,2025-03-10,1861.15,30.23,bear
ETHUSDT,2025-03-11,1919.84,33.1,bear
ETHUSDT,2025-03-12,1908.98,32.83,bear
ETHUSDT,2025-03-13,1862.97,31.66,bear
ETHUSDT,2025-03-14,1909.47,34.22,bear
ETHUSDT,2025-03-15,1937.39,35.77,bear
ETHUSDT,2025-03-16,1887.44,34.21,bear
ETHUSDT,2025-03-17,1927.0,36.57,sideways
ETHUSDT,2025-03-18,1932.54,36.91,sideways
ETHUSDT,2025-03-19,2057.75,44.21,sideways
ETHUSDT,2025-03-20,1982.1,41.11,sideways
ETHUSDT,2025-03-21,1964.85,40.42,sideways
ETHUSDT,2025-03-22,1980.04,41.36,sideways
ETHUSDT,2025-03-23,2005.3,42.97,bull
ETHUSDT,2025-03-24,2077.48,47.41,bull
ETHUSDT,2025-03-25,2067.76,46.88,bull
ETHUSDT,2025-03-26,2009.19,43.71,bear
ETHUSDT,2025-03-27,2002.36,43.35,sideways
ETHUSDT,2025-03-28,1895.5,37.96,bear
ETHUSDT,2025-03-29,1827.32,34.97,bear
ETHUSDT,2025-03-30,1806.22,34.08,bear
ETHUSDT,2025-03-31,1823.48,35.53,bear
ETHUSDT,2025-04-01,1905.49,42.06,bear
ETHUSDT,2025-04-02,1795.31,36.68,bear
ETHUSDT,2025-04-03,1815.64,38.25,bear
ETHUSDT,2025-04-04,1815.34,38.24,bear
ETHUSDT,2025-04-05,1805.97,37.74,bear
ETHUSDT,2025-04-06,1576.73,28.08,bear
ETHUSDT,2025-04-07,1555.24,27.37,bear
ETHUSDT,2025-04-08,1472.55,24.79,bear
ETHUSDT,2025-04-09,1668.04,39.37,bear
ETHUSDT,2025-04-10,1522.52,34.08,bear
ETHUSDT,2025-04-11,1567.15,36.88,bear
ETHUSDT,2025-04-12,1643.53,41.47,bear
ETHUSDT,2025-04-13,1596.69,39.57,sideways
ETHUSDT,2025-04-14,1622.77,41.19,sideways
ETHUSDT,2025-04-15,1588.63,39.69,sideways
ETHUSDT,2025-04-16,1578.11,39.22,bear
ETHUSDT,2025-04-17,1582.55,39.54,sideways
ETHUSDT,2025-04-18,1588.92,40.04,sideways
ETHUSDT,2025-04-19,1612.92,41.99,bear
ETHUSDT,2025-04-20,1587.51,40.49,bear
ETHUSDT,2025-04-21,1579.73,40.02,bear
ETHUSDT,2025-04-22,1757.33,53.34,bull
ETHUSDT,2025-04-23,1796.1,55.65,bull
ETHUSDT,2025-04-24,1769.83,53.71,bull
ETHUSDT,2025-04-25,1786.63,54.8,bull
ETHUSDT,2025-04-26,1821.88,57.07,bull
ETHUSDT,2025-04-27,1792.86,54.63,bull
ETHUSDT,2025-04-28,1798.85,55.06,bull
ETHUSDT,2025-04-29,1799.18,55.08,sideways
ETHUSDT,2025-04-30,1793.78,54.55,bear
ETHUSDT,2025-05-01,1839.22,58.24,sideways
ETHUSDT,2025-05-02,1842.71,58.52,sideways
ETHUSDT,2025-05-03,1833.84,57.47,sideways
ETHUSDT,2025-05-04,1808.59,54.47,sideways
ETHUSDT,2025-05-05,1819.7,55.57,sideways
ETHUSDT,2025-05-06,1815.09,54.98,sideways
ETHUSDT,2025-05-07,1811.61,54.51,sideways
ETHUSDT,2025-05-08,2206.51,77.8,bull
ETHUSDT,2025-05-09,2345.51,81.41,bull
ETHUSDT,2025-05-10,2582.42,85.68,bull
ETHUSDT,2025-05-11,2510.24,79.67,bull
ETHUSDT,2025-05-12,2496.4,78.53,bull
ETHUSDT,2025-05-13,2680.13,82.17,bull
ETHUSDT,2025-05-14,2610.06,76.83,bull
ETHUSDT,2025-05-15,2546.86,72.26,bull
ETHUSDT,2025-05-16,2536.3,71.49,bull
ETHUSDT,2025-05-17,2475.75,67.11,bear
ETHUSDT,2025-05-18,2498.23,67.9,bear
ETHUSDT,2025-05-19,2529.17,69.0,sideways
ETHUSDT,2025-05-20,2524.17,68.59,bear
ETHUSDT,2025-05-21,2552.35,69.68,bear
ETHUSDT,2025-05-22,2664.16,73.6,sideways
ETHUSDT,2025-05-23,2526.44,62.83,bear
ETHUSDT,2025-05-24,2530.65,63.01,sideways
ETHUSDT,2025-05-25,2551.76,63.94,sideways
ETHUSDT,2025-05-26,2564.14,64.5,sideways
ETHUSDT,2025-05-27,2663.07,68.73,sideways
ETHUSDT,2025-05-28,2682.21,69.48,sideways
ETHUSDT,2025-05-29,2632.65,65.09,bear
ETHUSDT,2025-05-30,2529.94,57.05,sideways
ETHUSDT,2025-05-31,2529.09,56.99,bear
ETHUSDT,2025-06-01,2536.27,57.41,bear
ETHUSDT,2025-06-02,2607.1,61.47,sideways
ETHUSDT,2025-06-03,2593.28,60.26,bear
ETHUSDT,2025-06-04,2608.64,61.17,bear
ETHUSDT,2025-06-05,2416.29,46.72,bear
ETHUSDT,2025-06-06,2477.19,50.69,bear
ETHUSDT,2025-06-07,2526.51,53.7,bear
ETHUSDT,2025-06-08,2510.79,52.6,bear
ETHUSDT,2025-06-09,2681.52,61.78,bull
ETHUSDT,2025-06-10,2813.52,67.08,bull
ETHUSDT,2025-06-11,2773.53,64.18,bull
ETHUSDT,2025-06-12,2651.8,56.19,bull
ETHUSDT,2025-06-13,2579.49,52.05,bull
ETHUSDT,2025-06-14,2533.44,49.55,sideways
ETHUSDT,2025-06-15,2546.84,50.3,sideways
ETHUSDT,2025-06-16,2540.6,49.93,bear
ETHUSDT,2025-06-17,2510.76,48.09,bear
ETHUSDT,2025-06-18,2524.3,49.01,bear
ETHUSDT,2025-06-19,2521.65,48.83,bear
ETHUSDT,2025-06-20,2407.3,41.67,bear
ETHUSDT,2025-06-21,2300.5,36.31,bear
ETHUSDT,2025-06-22,2228.21,33.2,bear
ETHUSDT,2025-06-23,2421.82,46.44,bear
ETHUSDT,2025-06-24,2448.01,47.94,bear
ETHUSDT,2025-06-25,2419.31,46.4,bear
ETHUSDT,2025-06-26,2416.15,46.23,bear
ETHUSDT,2025-06-27,2423.87,46.76,bull
ETHUSDT,2025-06-28,2437.11,47.71,bull
ETHUSDT,2025-06-29,2500.96,52.15,bull
ETHUSDT,2025-06-30,2486.46,51.09,bull
ETHUSDT,2025-07-01,2405.79,45.54,bear
ETHUSDT,2025-07-02,2571.34,56.09,bull
ETHUSDT,2025-07-03,2591.01,57.15,bull
ETHUSDT,2025-07-04,2508.52,51.52,bull
ETHUSDT,2025-07-05,2517.28,52.06,bull
ETHUSDT,2025-07-06,2571.24,55.36,bull
ETHUSDT,2025-07-07,2543.01,53.29,bull
ETHUSDT,2025-07-08,2615.51,57.66,bull
ETHUSDT,2025-07-09,2770.78,65.18,bull
ETHUSDT,2025-07-10,2954.85,71.61,bull
ETHUSDT,2025-07-11,2957.89,71.7,bull
ETHUSDT,2025-07-12,2942.91,70.48,bull
ETHUSDT,2025-07-13,2973.36,71.54,bull
ETHUSDT,2025-07-14,3013.35,72.92,bull
ETHUSDT,2025-07-15,3139.89,76.77,bull
ETHUSDT,2025-07-16,3371.51,81.84,bull
ETHUSDT,2025-07-17,3476.78,83.6,bull
ETHUSDT,2025-07-18,3549.02,84.69,bull
ETHUSDT,2025-07-19,3595.27,85.36,bull
ETHUSDT,2025-07-20,3759.47,87.47,bull
ETHUSDT,2025-07-21,3763.37,87.51,bull
ETHUSDT,2025-07-22,3749.15,86.27,bull
ETHUSDT,2025-07-23,3629.7,76.46,bull
ETHUSDT,2025-07-24,3708.01,78.21,bull
ETHUSDT,2025-07-25,3727.27,78.63,bull
ETHUSDT,2025-07-26,3741.4,78.95,bull
ETHUSDT,2025-07-27,3875.25,81.75,sideways
ETHUSDT,2025-07-28,3787.43,74.73,sideways
ETHUSDT,2025-07-29,3793.45,74.89,sideways
ETHUSDT,2025-07-30,3808.2,75.3,sideways
ETHUSDT,2025-07-31,3696.71,66.46,bear
ETHUSDT,2025-08-01,3488.37,53.75,bear
ETHUSDT,2025-08-02,3392.74,49.11,bear
ETHUSDT,2025-08-03,3497.38,53.81,bear
ETHUSDT,2025-08-04,3718.99,61.85,bear
ETHUSDT,2025-08-05,3611.9,56.71,bear
ETHUSDT,2025-08-06,3683.92,59.17,bear
ETHUSDT,2025-08-07,3914.33,65.84,bull
ETHUSDT,2025-08-08,4009.85,68.17,bull
ETHUSDT,2025-08-09,4263.6,73.35,bull
ETHUSDT,2025-08-10,4254.22,72.88,bull
ETHUSDT,2025-08-11,4226.97,71.44,bull
ETHUSDT,2025-08-12,4590.92,77.76,bull
ETHUSDT,2025-08-13,4756.28,79.93,bull
ETHUSDT,2025-08-14,4548.17,70.59,bull
ETHUSDT,2025-08-15,4439.99,66.25,bull
ETHUSDT,2025-08-16,4426.18,65.69,sideways
ETHUSDT,2025-08-17,4473.27,66.72,sideways
ETHUSDT,2025-08-18,4312.5,60.12,sideways
ETHUSDT,2025-08-19,4073.46,51.91,bear
ETHUSDT,2025-08-20,4334.5,58.56,bear
ETHUSDT,2025-08-21,4223.21,55.06,bear
ETHUSDT,2025-08-22,4831.35,66.76,bull
ETHUSDT,2025-08-23,4776.09,65.1,bull
ETHUSDT,2025-08-24,4779.65,65.16,bull
ETHUSDT,2025-08-25,4372.99,53.78,bull
ETHUSDT,2025-08-26,4600.43,58.18,bull
ETHUSDT,2025-08-27,4503.39,55.74,bull
ETHUSDT,2025-08-28,4507.18,55.82,bull
ETHUSDT,2025-08-29,4360.15,52.0,bear
ETHUSDT,2025-08-30,4374.15,52.33,bear
ETHUSDT,2025-08-31,4390.02,52.74,bear
ETHUSDT,2025-09-01,4314.47,50.55,bear
ETHUSDT,2025-09-02,4325.37,50.86,bear
ETHUSDT,2025-09-03,4450.39,54.47,bear
ETHUSDT,2025-09-04,4298.74,49.71,bear
ETHUSDT,2025-09-05,4306.99,49.96,bear
ETHUSDT,2025-09-06,4274.24,48.9,bear
ETHUSDT,2025-09-07,4305.35,49.99,bear
ETHUSDT,2025-09-08,4308.07,50.09,bear
ETHUSDT,2025-09-09,4309.04,50.13,bear
ETHUSDT,2025-09-10,4349.15,51.78,bear
ETHUSDT,2025-09-11,4461.23,56.15,bull
ETHUSDT,2025-09-12,4715.25,64.09,bull
ETHUSDT,2025-09-13,4668.18,61.86,bull
ETHUSDT,2025-09-14,4609.6,59.09,bull
ETHUSDT,2025-09-15,4526.82,55.33,bull
ETHUSDT,2025-09-16,4503.56,54.29,bull
ETHUSDT,2025-09-17,4592.73,57.6,bull
ETHUSDT,2025-09-18,4589.92,57.45,bull
ETHUSDT,2025-09-19,4470.92,51.68,bear
ETHUSDT,2025-09-20,4482.27,52.17,bear
ETHUSDT,2025-09-21,4451.33,50.65,bear
ETHUSDT,2025-09-22,4202.88,40.46,bear
ETHUSDT,2025-09-23,4165.5,39.19,bear
ETHUSDT,2025-09-24,4153.47,38.76,bear
ETHUSDT,2025-09-25,3868.33,30.37,bear
ETHUSDT,2025-09-26,4035.89,38.76,bear
ETHUSDT,2025-09-27,4018.66,38.25,bear
ETHUSDT,2025-09-28,4141.48,43.92,bear
ETHUSDT,2025-09-29,4217.34,47.15,sideways
ETHUSDT,2025-09-30,4145.96,44.55,bear
ETHUSDT,2025-10-01,4351.11,52.63,bull
ETHUSDT,2025-10-02,4487.92,57.11,bull
ETHUSDT,2025-10-03,4514.87,57.96,bull
ETHUSDT,2025-10-04,4489.2,56.81,bull
ETHUSDT,2025-10-05,4515.42,57.73,bull
ETHUSDT,2025-10-06,4687.77,63.27,bull
ETHUSDT,2025-10-07,4451.15,53.0,bull
ETHUSDT,2025-10-08,4527.65,55.51,bull
ETHUSDT,2025-10-09,4369.14,49.59,bear
ETHUSDT,2025-10-10,3843.01,35.9,bear
ETHUSDT,2025-10-11,3750.61,34.12,bear
ETHUSDT,2025-10-12,4164.43,46.84,bear
ETHUSDT,2025-10-13,4245.47,48.92,bear
ETHUSDT,2025-10-14,4125.41,46.05,bear
ETHUSDT,2025-10-15,3987.46,42.93,bear
ETHUSDT,2025-10-16,3894.75,40.92,bear
ETHUSDT,2025-10-17,3832.56,39.58,bear
ETHUSDT,2025-10-18,3890.35,41.49,sideways
ETHUSDT,2025-10-19,3984.65,44.58,bear
ETHUSDT,2025-10-20,3980.76,44.47,bear
ETHUSDT,2025-10-21,3876.76,41.67,bear
ETHUSDT,2025-10-22,3808.12,39.88,bear
ETHUSDT,2025-10-23,3856.03,41.76,bear
ETHUSDT,2025-10-24,3934.57,44.8,sideways
ETHUSDT,2025-10-25,3953.47,45.54,sideways
ETHUSDT,2025-10-26,4157.99,52.88,sideways
ETHUSDT,2025-10-27,4120.12,51.49,sideways
ETHUSDT,2025-10-28,3982.26,46.7,sideways
ETHUSDT,2025-10-29,3903.35,44.17,sideways
ETHUSDT,2025-10-30,3804.38,41.16,bear
ETHUSDT,2025-10-31,3847.08,42.97,bear
ETHUSDT,2025-11-01,3874.19,44.14,bear
ETHUSDT,2025-11-02,3911.06,45.77,bear
ETHUSDT,2025-11-03,3602.31,36.22,bear
ETHUSDT,2025-11-04,3292.57,29.55,bear
ETHUSDT,2025-11-05,3425.17,35.06,bear
ETHUSDT,2025-11-06,3312.26,32.71,bear
ETHUSDT,2025-11-07,3435.3,37.61,bear
ETHUSDT,2025-11-08,3400.38,36.8,bear
ETHUSDT,2025-11-09,3582.62,43.69,bear
ETHUSDT,2025-11-10,3568.46,43.29,bear
ETHUSDT,2025-11-11,3415.28,39.17,bull
ETHUSDT,2025-11-12,3413.09,39.11,bear
ETHUSDT,2025-11-13,3232.76,34.61,bear
ETHUSDT,2025-11-14,3103.79,31.8,bear
ETHUSDT,2025-11-15,3166.63,34.59,bear
ETHUSDT,2025-11-16,3092.85,32.89,bear
ETHUSDT,2025-11-17,3024.54,31.35,bear
ETHUSDT,2025-11-18,3122.98,36.0,bear
ETHUSDT,2025-11-19,3023.07,33.52,bear
ETHUSDT,2025-11-20,2831.78,29.35,bear
ETHUSDT,2025-11-21,2765.7,28.05,bear
ETHUSDT,2025-11-22,2767.61,28.15,bear
ETHUSDT,2025-11-23,2801.68,30.0,bear
ETHUSDT,2025-11-24,2952.71,37.65,bear
ETHUSDT,2025-11-25,2957.94,37.91,bear
ETHUSDT,2025-11-26,3027.81,41.34,bull
ETHUSDT,2025-11-27,3014.54,40.87,bull
ETHUSDT,2025-11-28,3032.3,41.81,bull
ETHUSDT,2025-11-29,2991.69,40.24,bull
ETHUSDT,2025-11-30,2992.11,40.27,bull
ETHUSDT,2025-12-01,2800.19,33.4,bear
ETHUSDT,2025-12-02,2997.94,44.0,sideways
ETHUSDT,2025-12-03,3191.57,52.05,sideways
ETHUSDT,2025-12-04,3134.32,49.77,sideways
ETHUSDT,2025-12-05,3024.43,45.64,bear
ETHUSDT,2025-12-06,3040.21,46.33,sideways
ETHUSDT,2025-12-07,3061.3,47.29,sideways
ETHUSDT,2025-12-08,3125.2,50.2,bull
ETHUSDT,2025-12-09,3321.11,57.88,bull
ETHUSDT,2025-12-10,3325.39,58.03,sideways
ETHUSDT,2025-12-11,3237.06,53.71,sideways
ETHUSDT,2025-12-12,3084.17,47.18,sideways
ETHUSDT,2025-12-13,3116.7,48.61,sideways
ETHUSDT,2025-12-14,3060.59,46.28,bear
ETHUSDT,2025-12-15,2964.18,42.5,bear
ETHUSDT,2025-12-16,2964.18,42.5,bear
ETHUSDT,2025-12-17,2831.4,37.61,bear
ETHUSDT,2025-12-18,2827.07,37.45,bear
ETHUSDT,2025-12-19,2977.97,45.67,bear
ETHUSDT,2025-12-20,2977.58,45.66,bear
ETHUSDT,2025-12-21,3001.61,46.94,bear
ETHUSDT,2025-12-22,3006.07,47.19,sideways
ETHUSDT,2025-12-23,2963.37,45.01,bear
ETHUSDT,2025-12-24,2945.59,44.09,bull
ETHUSDT,2025-12-25,2903.58,41.92,bull
ETHUSDT,2025-12-26,2925.75,43.5,bear
ETHUSDT,2025-12-27,2948.0,45.12,bear
ETHUSDT,2025-12-28,2948.57,45.16,bear
ETHUSDT,2025-12-29,2934.54,44.23,bear
ETHUSDT,2025-12-30,2971.42,47.29,sideways
ETHUSDT,2025-12-31,2967.04,46.96,sideways
ETHUSDT,2026-01-01,3000.39,49.82,bull
ETHUSDT,2026-01-02,3124.42,58.73,bull
ETHUSDT,2026-01-03,3125.92,58.83,bull
ETHUSDT,2026-01-04,3140.71,59.81,bull
ETHUSDT,2026-01-05,3226.13,65.02,bull
ETHUSDT,2026-01-06,3295.95,68.6,bull
ETHUSDT,2026-01-07,3166.84,56.99,bull
ETHUSDT,2026-01-08,3104.38,52.37,bull
ETHUSDT,2026-01-09,3083.05,50.85,bear
ETHUSDT,2026-01-10,3082.4,50.8,bear
ETHUSDT,2026-01-11,3118.89,53.47,bear
ETHUSDT,2026-01-12,3092.33,51.29,bear
ETHUSDT,2026-01-13,3322.1,64.71,bull
ETHUSDT,2026-01-14,3354.72,66.13,bull
ETHUSDT,2026-01-15,3317.1,62.97,bull
ETHUSDT,2026-01-16,3295.48,61.16,bull
ETHUSDT,2026-01-17,3308.86,61.89,bull
ETHUSDT,2026-01-18,3281.16,59.4,bull
ETHUSDT,2026-01-19,3186.62,51.76,bull
ETHUSDT,2026-01-20,2935.61,37.83,bear
ETHUSDT,2026-01-21,2978.9,40.79,bear
ETHUSDT,2026-01-22,2949.63,39.42,bear
ETHUSDT,2026-01-23,2953.26,39.69,bear
ETHUSDT,2026-01-24,2948.74,39.46,bear
ETHUSDT,2026-01-25,2815.9,33.22,bear
ETHUSDT,2026-01-26,2926.46,41.51,bear
ETHUSDT,2026-01-27,3022.21,47.58,sideways
ETHUSDT,2026-01-28,3006.61,46.73,sideways
ETHUSDT,2026-01-29,2818.23,37.91,bear
ETHUSDT,2026-01-30,2702.38,33.7,bear
ETHUSDT,2026-01-31,2445.09,26.63,bear
ETHUSDT,2026-02-01,2267.96,23.04,bear
ETHUSDT,2026-02-02,2344.36,27.57,bear
ETHUSDT,2026-02-03,2227.56,25.13,bear
ETHUSDT,2026-02-04,2143.5,23.52,bear
ETHUSDT,2026-02-05,1821.68,18.61,bear
ETHUSDT,2026-02-06,2063.39,30.38,bear
ETHUSDT,2026-02-07,2090.55,31.57,bear
ETHUSDT,2026-02-08,2088.76,31.54,bear
ETHUSDT,2026-02-09,2103.57,32.27,bear
ETHUSDT,2026-02-10,2019.5,30.28,bear
ETHUSDT,2026-02-11,1940.62,28.51,bear
ETHUSDT,2026-02-12,1946.94,28.87,bull
ETHUSDT,2026-02-13,2048.53,34.57,bear
ETHUSDT,2026-02-14,2086.01,36.59,bear
ETHUSDT,2026-02-15,1966.04,33.07,bear
ETHUSDT,2026-02-16,1997.92,34.86,bear
ETHUSDT,2026-02-17,1992.19,34.68,bear
ETHUSDT,2026-02-18,1953.97,33.44,sideways
ETHUSDT,2026-02-19,1948.2,33.25,sideways
ETHUSDT,2026-02-20,1969.02,34.72,bear
ETHUSDT,2026-02-21,1973.74,35.06,bear
ETHUSDT,2026-02-22,1957.81,34.4,bear
ETHUSDT,2026-02-23,1855.5,30.4,bear
ETHUSDT,2026-02-24,1852.97,30.31,bear
ETHUSDT,2026-02-25,2054.63,44.9,sideways
ETHUSDT,2026-02-26,2026.79,43.54,sideways
ETHUSDT,2026-02-27,1930.76,39.15,bear
ETHUSDT,2026-02-28,1965.05,41.42,bear
ETHUSDT,2026-03-01,1939.07,40.2,bear
ETHUSDT,2026-03-02,2027.27,46.03,bull
ETHUSDT,2026-03-03,1982.77,43.71,bull
ETHUSDT,2026-03-04,2126.51,52.1,sideways
ETHUSDT,2026-03-05,2071.61,49.09,sideways
ETHUSDT,2026-03-06,1978.75,44.42,sideways
ETHUSDT,2026-03-07,1969.46,43.97,sideways
ETHUSDT,2026-03-08,1936.6,42.33,bear
ETHUSDT,2026-03-09,1992.94,46.04,bear
ETHUSDT,2026-03-10,2037.12,48.82,sideways
ETHUSDT,2026-03-11,2051.57,49.73,bear
ETHUSDT,2026-03-12,2073.14,51.13,sideways
ETHUSDT,2026-03-13,2092.56,52.42,bull
ETHUSDT,2026-03-14,2097.09,52.73,bull
ETHUSDT,2026-03-15,2177.48,57.99,bull
ETHUSDT,2026-03-16,2351.18,66.64,bull
ETHUSDT,2026-03-17,2318.05,63.94,bull
ETHUSDT,2026-03-18,2203.67,55.56,bull
ETHUSDT,2026-03-19,2137.42,51.36,sideways
ETHUSDT,2026-03-20,2146.5,51.89,sideways
ETHUSDT,2026-03-21,2076.69,47.55,bear
ETHUSDT,2026-03-22,2053.05,46.14,bear
ETHUSDT,2026-03-23,2152.15,52.5,bear
ETHUSDT,2026-03-24,2155.7,52.71,bear
ETHUSDT,2026-03-25,2168.02,53.5,bear
ETHUSDT,2026-03-26,2059.58,46.21,bear
ETHUSDT,2026-03-27,1991.27,42.3,bear
ETHUSDT,2026-03-28,1992.69,42.41,bear
ETHUSDT,2026-03-29,1982.56,41.8,bear
ETHUSDT,2026-03-30,2023.51,45.21,bear
ETHUSDT,2026-03-31,2104.71,51.31,bear
ETHUSDT,2026-04-01,2138.74,53.64,bear
ETHUSDT,2026-04-02,2056.85,47.73,bear
ETHUSDT,2026-04-03,2053.39,47.49,bull
ETHUSDT,2026-04-04,2065.35,48.45,bull
ETHUSDT,2026-04-05,2109.0,51.9,bull
ETHUSDT,2026-04-06,2107.76,51.79,bull
ETHUSDT,2026-04-07,2241.81,61.06,bull
ETHUSDT,2026-04-08,2190.34,56.56,bull
ETHUSDT,2026-04-09,2189.14,56.46,bull
ETHUSDT,2026-04-10,2245.15,60.15,bull
ETHUSDT,2026-04-11,2285.39,62.61,bull
ETHUSDT,2026-04-12,2192.2,54.27,bull
ETHUSDT,2026-04-13,2370.71,64.13,bull
ETHUSDT,2026-04-14,2323.31,60.4,bull
ETHUSDT,2026-04-15,2359.44,62.2,bull
ETHUSDT,2026-04-16,2348.65,61.31,bull
ETHUSDT,2026-04-17,2421.07,64.96,bull
ETHUSDT,2026-04-18,2351.1,59.15,bull
ETHUSDT,2026-04-19,2264.92,52.88,bull
ETHUSDT,2026-04-20,2315.21,55.82,bear
ETHUSDT,2026-04-21,2327.97,56.56,sideways
ETHUSDT,2026-04-22,2376.09,59.34,sideways
ETHUSDT,2026-04-23,2331.51,55.78,bear
ETHUSDT,2026-04-24,2315.69,54.54,bear
ETHUSDT,2026-04-25,2318.83,54.75,bear
ETHUSDT,2026-04-26,2369.73,58.22,bull
ETHUSDT,2026-04-27,2303.06,52.54,bear
ETHUSDT,2026-04-28,2289.42,51.43,bear
ETHUSDT,2026-04-29,2253.42,48.53,bear
ETHUSDT,2026-04-30,2256.25,48.77,bear
ETHUSDT,2026-05-01,2295.09,52.14,bear
ETHUSDT,2026-05-02,2316.23,53.91,bear
ETHUSDT,2026-05-03,2321.64,54.38,bear
ETHUSDT,2026-05-04,2346.4,56.55,sideways
ETHUSDT,2026-05-05,2361.18,57.83,sideways
ETHUSDT,2026-05-06,2350.8,56.57,sideways
ETHUSDT,2026-05-07,2291.11,49.81,sideways
ETHUSDT,2026-05-08,2306.97,51.47,sideways
ETHUSDT,2026-05-09,2326.73,53.53,sideways
ETHUSDT,2026-05-10,2369.04,57.67,sideways
ETHUSDT,2026-05-11,2339.36,54.03,bear
ETHUSDT,2026-05-12,2274.64,47.06,bear
ETHUSDT,2026-05-13,2257.58,45.39,bear
ETHUSDT,2026-05-14,2280.93,48.1,bear
ETHUSDT,2026-05-15,2223.33,42.5,bear
ETHUSDT,2026-05-16,2179.75,38.82,bear
ETHUSDT,2026-05-17,2127.65,34.93,bear
ETHUSDT,2026-05-18,2128.52,35.05,bear
ETHUSDT,2026-05-19,2109.96,33.66,bear
ETHUSDT,2026-05-20,2126.98,36.16,bear
ETHUSDT,2026-05-21,2131.41,36.83,bear
ETHUSDT,2026-05-22,2064.64,31.48,bear
ETHUSDT,2026-05-23,2115.95,38.83,bear
ETHUSDT,2026-05-24,2097.99,37.32,bear
ETHUSDT,2026-05-25,2111.37,39.22,bear
ETHUSDT,2026-05-26,2070.86,35.7,bear
ETHUSDT,2026-05-27,2022.2,31.98,bear
ETHUSDT,2026-05-28,2007.55,30.94,bear
ETHUSDT,2026-05-29,2011.98,31.67,bear
ETHUSDT,2026-05-30,2019.46,32.95,bear
ETHUSDT,2026-05-31,2004.34,31.66,bear
ETHUSDT,2026-06-01,2003.22,31.56,bear
ETHUSDT,2026-06-02,1857.72,21.97,bear
ETHUSDT,2026-06-03,1811.73,19.91,bear
ETHUSDT,2026-06-04,1769.58,18.22,bear
ETHUSDT,2026-06-05,1580.86,12.94,bear
ETHUSDT,2026-06-06,1568.77,12.69,bear
ETHUSDT,2026-06-07,1686.4,27.57,bear
ETHUSDT,2026-06-08,1690.15,27.99,bear
ETHUSDT,2026-06-09,1637.71,25.74,bear
ETHUSDT,2026-06-10,1620.14,25.01,bear
ETHUSDT,2026-06-11,1672.28,31.22,bear
ETHUSDT,2026-06-12,1665.13,30.84,bull
ETHUSDT,2026-06-13,1680.21,32.69,bull
ETHUSDT,2026-06-14,1724.61,37.94,bull
ETHUSDT,2026-06-15,1794.96,45.24,bull
ETHUSDT,2026-06-16,1790.4,44.87,bull
ETHUSDT,2026-06-17,1747.89,41.48,bull
ETHUSDT,2026-06-18,1709.53,38.64,sideways
ETHUSDT,2026-06-19,1710.98,38.81,sideways
ETHUSDT,2026-06-20,1739.3,42.19,sideways
ETHUSDT,2026-06-21,1704.58,39.32,bear
ETHUSDT,2026-06-22,1726.51,42.0,bear
ETHUSDT,2026-06-23,1665.44,37.09,bear
ETHUSDT,2026-06-24,1619.92,33.91,bear
ETHUSDT,2026-06-25,1564.82,30.5,bear
ETHUSDT,2026-06-26,1576.62,32.07,bear
ETHUSDT,2026-06-27,1571.59,31.74,bear
ETHUSDT,2026-06-28,1570.36,31.66,bear
ETHUSDT,2026-06-29,1610.21,37.55,bear
ETHUSDT,2026-06-30,1569.58,34.3,bear
ETHUSDT,2026-07-01,1608.96,39.74,bear
ETHUSDT,2026-07-02,1698.17,49.87,bull
ETHUSDT,2026-07-03,1756.52,55.18,bull
ETHUSDT,2026-07-04,1779.03,57.07,bull
ETHUSDT,2026-07-05,1783.01,57.41,bull
ETHUSDT,2026-07-06,1797.57,58.7,bull
ETHUSDT,2026-07-07,1768.51,55.1,bull
ETHUSDT,2026-07-08,1742.68,52.05,bull
ETHUSDT,2026-07-09,1744.48,52.25,sideways
ETHUSDT,2026-07-10,1795.69,57.63,sideways
ETHUSDT,2026-07-11,1788.1,56.61,sideways
ETHUSDT,2026-07-12,1805.79,58.45,sideways
ETHUSDT,2026-07-13,1773.5,53.95,bear
ETHUSDT,2026-07-14,1889.48,64.52,bull
ETHUSDT,2026-07-15,1916.94,66.48,bull
ETHUSDT,2026-07-16,1863.19,59.54,bull
ETHUSDT,2026-07-17,1840.99,56.9,bull
ETHUSDT,2026-07-18,1861.39,58.71,bull
ETHUSDT,2026-07-19,1871.51,59.62,bull
ETHUSDT,2026-07-20,1903.76,62.45,bull
ETHUSDT,2026-07-21,1928.38,64.5,sideways
ETHUSDT,2026-07-22,1933.49,64.93,sideways
ETHUSDT,2026-07-23,1877.1,56.8,sideways
ETHUSDT,2026-07-24,1860.18,54.59,sideways
ETHUSDT,2026-07-25,1873.22,56.01,sideways
ETHUSDT,2026-07-26,1953.41,63.55,sideways
ETHUSDT,2026-07-27,1890.61,55.52,bear
ETHUSDT,2026-07-28,1919.95,58.18,bear
ETHUSDT,2026-07-29,1908.52,56.76,bear
ETHUSDT,2026-07-30,1917.37,57.62,sideways
ETHUSDT,2026-07-31,1860.35,50.6,sideways
ETHUSDT,2026-08-01,1843.42,48.71,bear
ETHUSDT,2026-08-02,1882.52,53.08,bear
ETHUSDT,2026-08-03,1858.26,50.22,bear
ETHUSDT,2026-08-04,1868.39,51.4,bear
ETHUSDT,2026-08-05,1906.53,55.65,bear
SOLUSDT,2020-09-09,3.64,,unknown
SOLUSDT,2020-09-10,3.47,0.0,unknown
SOLUSDT,2020-09-11,3.43,0.0,unknown
SOLUSDT,2020-09-12,3.33,0.0,unknown
SOLUSDT,2020-09-13,3.23,0.0,unknown
SOLUSDT,2020-09-14,3.27,2.17,unknown
SOLUSDT,2020-09-15,2.94,1.84,unknown
SOLUSDT,2020-09-16,2.55,1.54,unknown
SOLUSDT,2020-09-17,2.89,14.71,unknown
SOLUSDT,2020-09-18,3.11,21.74,unknown
SOLUSDT,2020-09-19,3.03,21.05,unknown
SOLUSDT,2020-09-20,2.87,19.72,unknown
SOLUSDT,2020-09-21,2.78,18.99,unknown
SOLUSDT,2020-09-22,2.92,23.55,unknown
SOLUSDT,2020-09-23,2.84,22.74,unknown
SOLUSDT,2020-09-24,3.13,32.23,unknown
SOLUSDT,2020-09-25,3.19,33.89,unknown
SOLUSDT,2020-09-26,3.13,33.05,unknown
SOLUSDT,2020-09-27,3.15,33.65,unknown
SOLUSDT,2020-09-28,2.96,30.49,unknown
SOLUSDT,2020-09-29,2.95,30.33,unknown
SOLUSDT,2020-09-30,2.9,29.54,bull
SOLUSDT,2020-10-01,2.86,28.93,sideways
SOLUSDT,2020-10-02,2.63,25.31,sideways
SOLUSDT,2020-10-03,2.55,24.21,sideways
SOLUSDT,2020-10-04,2.52,23.77,sideways
SOLUSDT,2020-10-05,2.66,29.97,sideways
SOLUSDT,2020-10-06,2.18,23.1,sideways
SOLUSDT,2020-10-07,2.29,27.4,sideways
SOLUSDT,2020-10-08,2.37,30.08,sideways
SOLUSDT,2020-10-09,2.54,36.12,sideways
SOLUSDT,2020-10-10,2.41,33.72,sideways
SOLUSDT,2020-10-11,2.43,34.44,sideways
SOLUSDT,2020-10-12,2.59,39.93,sideways
SOLUSDT,2020-10-13,2.4,36.22,bull
SOLUSDT,2020-10-14,2.31,34.51,bull
SOLUSDT,2020-10-15,2.27,33.6,sideways
SOLUSDT,2020-10-16,2.15,31.42,sideways
SOLUSDT,2020-10-17,2.2,33.5,sideways
SOLUSDT,2020-10-18,2.21,34.01,sideways
SOLUSDT,2020-10-19,2.06,30.81,sideways
SOLUSDT,2020-10-20,1.89,27.76,sideways
SOLUSDT,2020-10-21,1.89,27.84,sideways
SOLUSDT,2020-10-22,1.96,30.89,sideways
SOLUSDT,2020-10-23,1.96,31.1,sideways
SOLUSDT,2020-10-24,1.91,30.02,sideways
SOLUSDT,2020-10-25,1.79,27.37,sideways
SOLUSDT,2020-10-26,1.69,25.39,sideways
SOLUSDT,2020-10-27,1.71,26.77,sideways
SOLUSDT,2020-10-28,1.49,22.73,sideways
SOLUSDT,2020-10-29,1.43,21.75,sideways
SOLUSDT,2020-10-30,1.44,22.48,sideways
SOLUSDT,2020-10-31,1.54,28.27,sideways
SOLUSDT,2020-11-01,1.6,31.54,sideways
SOLUSDT,2020-11-02,1.47,28.56,sideways
SOLUSDT,2020-11-03,1.41,27.19,sideways
SOLUSDT,2020-11-04,1.39,26.75,sideways
SOLUSDT,2020-11-05,1.41,27.57,sideways
SOLUSDT,2020-11-06,1.91,50.96,bull
SOLUSDT,2020-11-07,2.03,54.63,bull
SOLUSDT,2020-11-08,2.16,58.18,bull
SOLUSDT,2020-11-09,2.03,53.54,bull
SOLUSDT,2020-11-10,2.25,59.5,bull
SOLUSDT,2020-11-11,2.0,51.53,bull
SOLUSDT,2020-11-12,1.9,48.59,bull
SOLUSDT,2020-11-13,2.02,52.06,bull
SOLUSDT,2020-11-14,1.92,49.02,bear
SOLUSDT,2020-11-15,2.04,52.65,bear
SOLUSDT,2020-11-16,2.26,58.05,bull
SOLUSDT,2020-11-17,2.2,56.31,bear
SOLUSDT,2020-11-18,2.12,53.49,bull
SOLUSDT,2020-11-19,2.08,52.26,bull
SOLUSDT,2020-11-20,2.1,52.83,bull
SOLUSDT,2020-11-21,2.38,60.65,bull
SOLUSDT,2020-11-22,2.14,52.84,bull
SOLUSDT,2020-11-23,2.28,56.21,bull
SOLUSDT,2020-11-24,2.27,55.93,bull
SOLUSDT,2020-11-25,2.27,55.99,bull
SOLUSDT,2020-11-26,1.9,44.9,bear
SOLUSDT,2020-11-27,1.86,43.75,bear
SOLUSDT,2020-11-28,1.89,44.79,bear
SOLUSDT,2020-11-29,1.92,45.71,bear
SOLUSDT,2020-11-30,1.97,47.56,bear
SOLUSDT,2020-12-01,1.98,47.91,bear
SOLUSDT,2020-12-02,2.12,52.89,bear
SOLUSDT,2020-12-03,2.1,52.31,bull
SOLUSDT,2020-12-04,1.86,43.86,bear
SOLUSDT,2020-12-05,1.98,48.37,bull
SOLUSDT,2020-12-06,1.85,44.47,bear
SOLUSDT,2020-12-07,1.83,43.76,bear
SOLUSDT,2020-12-08,1.67,38.98,bear
SOLUSDT,2020-12-09,1.66,38.9,bear
SOLUSDT,2020-12-10,1.57,36.45,bear
SOLUSDT,2020-12-11,1.44,33.14,bear
SOLUSDT,2020-12-12,1.49,35.4,bear
SOLUSDT,2020-12-13,1.57,38.97,bear
SOLUSDT,2020-12-14,1.59,40.22,bear
SOLUSDT,2020-12-15,1.76,47.66,bull
SOLUSDT,2020-12-16,1.78,48.6,bull
SOLUSDT,2020-12-17,1.68,44.66,bull
SOLUSDT,2020-12-18,1.7,45.57,bull
SOLUSDT,2020-12-19,1.67,44.4,bull
SOLUSDT,2020-12-20,1.56,40.47,sideways
SOLUSDT,2020-12-21,1.54,39.69,sideways
SOLUSDT,2020-12-22,1.49,37.82,sideways
SOLUSDT,2020-12-23,1.21,29.56,bear
SOLUSDT,2020-12-24,1.36,37.64,bear
SOLUSDT,2020-12-25,1.45,41.47,bear
SOLUSDT,2020-12-26,1.32,37.82,bear
SOLUSDT,2020-12-27,1.3,37.2,bear
SOLUSDT,2020-12-28,1.52,46.61,bear
SOLUSDT,2020-12-29,1.67,52.35,bull
SOLUSDT,2020-12-30,1.54,47.53,bull
SOLUSDT,2020-12-31,1.51,46.71,bull
SOLUSDT,2021-01-01,1.84,57.37,bull
SOLUSDT,2021-01-02,1.8,55.82,bull
SOLUSDT,2021-01-03,2.16,64.57,bull
SOLUSDT,2021-01-04,2.49,70.23,bull
SOLUSDT,2021-01-05,2.16,59.79,bull
SOLUSDT,2021-01-06,1.93,53.81,bull
SOLUSDT,2021-01-07,2.37,61.82,bull
SOLUSDT,2021-01-08,3.22,71.86,bull
SOLUSDT,2021-01-09,3.39,73.33,bull
SOLUSDT,2021-01-10,3.47,74.05,bull
SOLUSDT,2021-01-11,3.11,65.64,bull
SOLUSDT,2021-01-12,3.61,70.7,bull
SOLUSDT,2021-01-13,3.51,68.56,bull
SOLUSDT,2021-01-14,3.28,63.65,bull
SOLUSDT,2021-01-15,3.25,63.07,bull
SOLUSDT,2021-01-16,3.45,65.45,bull
SOLUSDT,2021-01-17,3.82,69.44,bull
SOLUSDT,2021-01-18,3.8,68.91,bull
SOLUSDT,2021-01-19,3.64,65.32,bull
SOLUSDT,2021-01-20,3.72,66.33,bull
SOLUSDT,2021-01-21,2.99,51.8,bear
SOLUSDT,2021-01-22,3.35,56.75,bull
SOLUSDT,2021-01-23,3.5,58.77,bull
SOLUSDT,2021-01-24,3.63,60.42,bear
SOLUSDT,2021-01-25,3.7,61.26,bear
SOLUSDT,2021-01-26,4.05,65.43,bull
SOLUSDT,2021-01-27,3.69,58.46,bear
SOLUSDT,2021-01-28,3.82,60.15,bull
SOLUSDT,2021-01-29,3.83,60.31,bull
SOLUSDT,2021-01-30,4.22,65.15,bull
SOLUSDT,2021-01-31,4.26,65.61,bull
SOLUSDT,2021-02-01,4.61,69.42,bull
SOLUSDT,2021-02-02,5.27,75.03,bull
SOLUSDT,2021-02-03,5.72,78.01,bull
SOLUSDT,2021-02-04,6.43,81.72,bull
SOLUSDT,2021-02-05,6.68,82.84,bull
SOLUSDT,2021-02-06,6.11,72.18,bull
SOLUSDT,2021-02-07,6.7,75.66,bull
SOLUSDT,2021-02-08,7.88,80.85,bull
SOLUSDT,2021-02-09,7.82,79.82,bull
SOLUSDT,2021-02-10,9.07,83.97,bull
SOLUSDT,2021-02-11,9.22,84.36,bull
SOLUSDT,2021-02-12,9.25,84.45,bull
SOLUSDT,2021-02-13,8.73,76.63,bull
SOLUSDT,2021-02-14,8.74,76.66,bull
SOLUSDT,2021-02-15,8.86,77.24,bull
SOLUSDT,2021-02-16,8.3,68.76,bull
SOLUSDT,2021-02-17,8.22,67.69,bear
SOLUSDT,2021-02-18,8.98,72.35,bear
SOLUSDT,2021-02-19,11.47,81.68,bull
SOLUSDT,2021-02-20,10.0,67.29,bull
SOLUSDT,2021-02-21,11.09,71.32,bull
SOLUSDT,2021-02-22,14.45,79.7,bull
SOLUSDT,2021-02-23,15.2,81.02,bull
SOLUSDT,2021-02-24,17.3,84.15,bull
SOLUSDT,2021-02-25,13.82,64.99,bull
SOLUSDT,2021-02-26,13.59,63.97,bull
SOLUSDT,2021-02-27,13.2,62.17,bull
SOLUSDT,2021-02-28,13.09,61.64,bull
SOLUSDT,2021-03-01,14.96,66.8,bull
SOLUSDT,2021-03-02,13.96,62.0,bear
SOLUSDT,2021-03-03,14.12,62.46,bear
SOLUSDT,2021-03-04,13.1,57.62,bear
SOLUSDT,2021-03-05,12.61,55.4,bear
SOLUSDT,2021-03-06,13.04,56.96,bear
SOLUSDT,2021-03-07,13.88,59.93,bull
SOLUSDT,2021-03-08,13.6,58.51,bear
SOLUSDT,2021-03-09,14.85,62.81,bull
SOLUSDT,2021-03-10,14.23,59.52,bull
SOLUSDT,2021-03-11,15.99,65.15,bull
SOLUSDT,2021-03-12,14.55,58.04,bull
SOLUSDT,2021-03-13,15.31,60.48,bull
SOLUSDT,2021-03-14,14.51,56.73,bull
SOLUSDT,2021-03-15,14.19,55.24,bull
SOLUSDT,2021-03-16,13.62,52.64,bear
SOLUSDT,2021-03-17,14.22,55.06,bear
SOLUSDT,2021-03-18,14.23,55.1,bear
SOLUSDT,2021-03-19,14.2,54.96,bear
SOLUSDT,2021-03-20,14.21,54.99,bear
SOLUSDT,2021-03-21,14.33,55.6,bear
SOLUSDT,2021-03-22,14.92,58.56,bull
SOLUSDT,2021-03-23,14.2,53.86,bull
SOLUSDT,2021-03-24,13.66,50.54,sideways
SOLUSDT,2021-03-25,13.03,46.9,sideways
SOLUSDT,2021-03-26,14.78,56.26,bull
SOLUSDT,2021-03-27,16.51,63.16,bull
SOLUSDT,2021-03-28,18.02,67.91,bull
SOLUSDT,2021-03-29,18.85,70.21,bull
SOLUSDT,2021-03-30,19.23,71.22,bull
SOLUSDT,2021-03-31,19.47,71.84,bull
SOLUSDT,2021-04-01,19.08,69.19,bull
SOLUSDT,2021-04-02,19.81,71.36,bull
SOLUSDT,2021-04-03,22.55,77.75,bull
SOLUSDT,2021-04-04,24.06,80.35,bull
SOLUSDT,2021-04-05,22.98,73.73,bull
SOLUSDT,2021-04-06,24.96,77.4,bull
SOLUSDT,2021-04-07,26.48,79.76,bull
SOLUSDT,2021-04-08,27.03,80.55,bull
SOLUSDT,2021-04-09,27.78,81.6,bull
SOLUSDT,2021-04-10,26.84,76.06,bull
SOLUSDT,2021-04-11,27.93,77.94,bull
SOLUSDT,2021-04-12,28.51,78.89,bull
SOLUSDT,2021-04-13,27.44,72.65,bull
SOLUSDT,2021-04-14,26.48,67.52,sideways
SOLUSDT,2021-04-15,27.82,70.64,bull
SOLUSDT,2021-04-16,25.4,59.53,sideways
SOLUSDT,2021-04-17,25.1,58.32,sideways
SOLUSDT,2021-04-18,32.3,72.78,bull
SOLUSDT,2021-04-19,31.68,70.49,bull
SOLUSDT,2021-04-20,31.77,70.64,bull
SOLUSDT,2021-04-21,32.51,71.85,bull
SOLUSDT,2021-04-22,38.88,79.62,bull
SOLUSDT,2021-04-23,36.98,73.13,bull
SOLUSDT,2021-04-24,40.74,77.1,bull
SOLUSDT,2021-04-25,47.37,82.13,bull
SOLUSDT,2021-04-26,43.98,73.27,bull
SOLUSDT,2021-04-27,43.24,71.47,bull
SOLUSDT,2021-04-28,44.83,73.01,bull
SOLUSDT,2021-04-29,42.46,67.19,bull
SOLUSDT,2021-04-30,42.96,67.77,bull
SOLUSDT,2021-05-01,49.51,74.25,bull
SOLUSDT,2021-05-02,46.89,68.34,bear
SOLUSDT,2021-05-03,45.93,66.26,bull
SOLUSDT,2021-05-04,42.73,59.72,bear
SOLUSDT,2021-05-05,44.92,62.45,bull
SOLUSDT,2021-05-06,43.46,59.54,bull
SOLUSDT,2021-05-07,43.16,58.93,bull
SOLUSDT,2021-05-08,45.56,62.25,bear
SOLUSDT,2021-05-09,44.33,59.6,bear
SOLUSDT,2021-05-10,42.91,56.6,bear
SOLUSDT,2021-05-11,44.58,59.2,bull
SOLUSDT,2021-05-12,42.46,54.72,bear
SOLUSDT,2021-05-13,41.0,51.82,bear
SOLUSDT,2021-05-14,42.72,54.86,bear
SOLUSDT,2021-05-15,43.46,56.15,bear
SOLUSDT,2021-05-16,47.2,62.02,bull
SOLUSDT,2021-05-17,46.86,61.22,bull
SOLUSDT,2021-05-18,55.91,71.71,bull
SOLUSDT,2021-05-19,35.11,42.95,bear
SOLUSDT,2021-05-20,44.74,52.46,bull
SOLUSDT,2021-05-21,38.81,47.24,bear
SOLUSDT,2021-05-22,31.32,41.6,bear
SOLUSDT,2021-05-23,24.69,37.36,bear
SOLUSDT,2021-05-24,31.28,43.53,bear
SOLUSDT,2021-05-25,30.0,42.65,bear
SOLUSDT,2021-05-26,35.54,47.58,bear
SOLUSDT,2021-05-27,33.58,46.08,bear
SOLUSDT,2021-05-28,29.04,42.69,bear
SOLUSDT,2021-05-29,27.38,41.49,bear
SOLUSDT,2021-05-30,28.6,42.77,bull
SOLUSDT,2021-05-31,32.82,47.05,bull
SOLUSDT,2021-06-01,30.99,45.46,bull
SOLUSDT,2021-06-02,33.96,48.5,bear
SOLUSDT,2021-06-03,39.47,53.67,bull
SOLUSDT,2021-06-04,37.42,51.59,bull
SOLUSDT,2021-06-05,39.59,53.63,bull
SOLUSDT,2021-06-06,42.31,56.13,bull
SOLUSDT,2021-06-07,38.26,51.67,bull
SOLUSDT,2021-06-08,41.52,54.78,bull
SOLUSDT,2021-06-09,42.03,55.27,bull
SOLUSDT,2021-06-10,41.1,54.13,bull
SOLUSDT,2021-06-11,36.05,48.29,bear
SOLUSDT,2021-06-12,36.44,48.76,bear
SOLUSDT,2021-06-13,38.77,51.53,bear
SOLUSDT,2021-06-14,38.71,51.45,bull
SOLUSDT,2021-06-15,41.15,54.44,bear
SOLUSDT,2021-06-16,39.7,52.38,bear
SOLUSDT,2021-06-17,39.26,51.74,bear
SOLUSDT,2021-06-18,36.65,47.98,bull
SOLUSDT,2021-06-19,35.35,46.19,bear
SOLUSDT,2021-06-20,35.32,46.15,bear
SOLUSDT,2021-06-21,26.66,35.8,bear
SOLUSDT,2021-06-22,26.77,36.01,bear
SOLUSDT,2021-06-23,30.05,41.72,bear
SOLUSDT,2021-06-24,31.18,43.59,bear
SOLUSDT,2021-06-25,28.7,40.52,bear
SOLUSDT,2021-06-26,29.71,42.31,bear
SOLUSDT,2021-06-27,31.93,46.13,bear
SOLUSDT,2021-06-28,32.93,47.8,bull
SOLUSDT,2021-06-29,33.87,49.39,bull
SOLUSDT,2021-06-30,35.56,52.22,bull
SOLUSDT,2021-07-01,33.4,48.5,bull
SOLUSDT,2021-07-02,34.02,49.61,bull
SOLUSDT,2021-07-03,34.48,50.46,bull
SOLUSDT,2021-07-04,34.31,50.13,bull
SOLUSDT,2021-07-05,32.98,47.45,bull
SOLUSDT,2021-07-06,34.27,50.22,bull
SOLUSDT,2021-07-07,36.59,54.86,bull
SOLUSDT,2021-07-08,33.2,47.86,bear
SOLUSDT,2021-07-09,33.26,47.99,bear
SOLUSDT,2021-07-10,31.79,45.09,bear
SOLUSDT,2021-07-11,32.18,46.01,bear
SOLUSDT,2021-07-12,30.85,43.32,sideways
SOLUSDT,2021-07-13,29.12,40.05,sideways
SOLUSDT,2021-07-14,31.28,45.59,sideways
SOLUSDT,2021-07-15,28.45,40.33,sideways
SOLUSDT,2021-07-16,26.37,36.96,sideways
SOLUSDT,2021-07-17,26.72,37.9,sideways
SOLUSDT,2021-07-18,26.75,37.99,sideways
SOLUSDT,2021-07-19,24.45,34.11,sideways
SOLUSDT,2021-07-20,23.49,32.61,sideways
SOLUSDT,2021-07-21,26.62,41.61,sideways
SOLUSDT,2021-07-22,27.7,44.37,sideways
SOLUSDT,2021-07-23,28.51,46.42,bull
SOLUSDT,2021-07-24,28.7,46.91,bull
SOLUSDT,2021-07-25,28.17,45.64,bull
SOLUSDT,2021-07-26,28.31,46.04,bull
SOLUSDT,2021-07-27,28.07,45.4,bull
SOLUSDT,2021-07-28,27.82,44.71,bull
SOLUSDT,2021-07-29,31.28,54.97,bull
SOLUSDT,2021-07-30,32.39,57.69,bull
SOLUSDT,2021-07-31,36.83,66.38,bull
SOLUSDT,2021-08-01,34.25,58.83,bull
SOLUSDT,2021-08-02,33.22,56.07,bull
SOLUSDT,2021-08-03,34.0,57.67,bull
SOLUSDT,2021-08-04,35.76,61.15,bull
SOLUSDT,2021-08-05,37.36,64.03,bull
SOLUSDT,2021-08-06,39.45,67.43,bull
SOLUSDT,2021-08-07,39.4,67.29,bull
SOLUSDT,2021-08-08,37.67,61.7,bull
SOLUSDT,2021-08-09,38.77,63.75,bull
SOLUSDT,2021-08-10,40.64,67.01,bull
SOLUSDT,2021-08-11,41.74,68.79,bull
SOLUSDT,2021-08-12,41.1,66.53,bull
SOLUSDT,2021-08-13,44.89,72.3,bull
SOLUSDT,2021-08-14,44.11,69.64,bull
SOLUSDT,2021-08-15,53.75,79.6,bull
SOLUSDT,2021-08-16,62.43,84.53,bull
SOLUSDT,2021-08-17,64.21,85.32,bull
SOLUSDT,2021-08-18,72.54,88.3,bull
SOLUSDT,2021-08-19,72.76,88.37,bull
SOLUSDT,2021-08-20,78.72,90.04,bull
SOLUSDT,2021-08-21,73.76,79.76,bull
SOLUSDT,2021-08-22,72.8,77.92,bull
SOLUSDT,2021-08-23,75.71,79.47,bull
SOLUSDT,2021-08-24,70.67,70.24,bull
SOLUSDT,2021-08-25,71.95,71.16,bear
SOLUSDT,2021-08-26,75.32,73.47,bull
SOLUSDT,2021-08-27,88.09,80.02,bull
SOLUSDT,2021-08-28,96.7,83.06,bull
SOLUSDT,2021-08-29,94.47,79.68,bull
SOLUSDT,2021-08-30,110.54,84.55,bull
SOLUSDT,2021-08-31,108.48,81.84,bull
SOLUSDT,2021-09-01,111.03,82.59,bull
SOLUSDT,2021-09-02,128.1,86.56,bull
SOLUSDT,2021-09-03,146.58,89.38,bull
SOLUSDT,2021-09-04,139.11,81.89,bull
SOLUSDT,2021-09-05,142.07,82.52,bull
SOLUSDT,2021-09-06,164.38,86.34,bull
SOLUSDT,2021-09-07,173.15,87.5,bull
SOLUSDT,2021-09-08,191.04,89.46,bull
SOLUSDT,2021-09-09,188.2,87.12,bull
SOLUSDT,2021-09-10,179.87,80.48,bull
SOLUSDT,2021-09-11,178.87,79.69,bull
SOLUSDT,2021-09-12,174.54,76.22,bull
SOLUSDT,2021-09-13,169.27,72.11,bull
SOLUSDT,2021-09-14,158.09,64.19,bear
SOLUSDT,2021-09-15,159.12,64.57,bear
SOLUSDT,2021-09-16,152.47,60.08,bear
SOLUSDT,2021-09-17,147.59,56.94,bear
SOLUSDT,2021-09-18,169.18,65.52,bear
SOLUSDT,2021-09-19,152.52,56.21,bear
SOLUSDT,2021-09-20,132.13,47.35,bear
SOLUSDT,2021-09-21,123.95,44.32,bear
SOLUSDT,2021-09-22,147.92,53.66,bear
SOLUSDT,2021-09-23,149.75,54.28,bear
SOLUSDT,2021-09-24,139.4,50.13,bear
SOLUSDT,2021-09-25,136.18,48.88,bear
SOLUSDT,2021-09-26,135.7,48.69,bear
SOLUSDT,2021-09-27,136.73,49.16,bull
SOLUSDT,2021-09-28,131.54,46.83,bull
SOLUSDT,2021-09-29,135.35,48.75,bear
SOLUSDT,2021-09-30,141.07,51.57,bear
SOLUSDT,2021-10-01,161.68,60.09,bull
SOLUSDT,2021-10-02,169.09,62.64,bull
SOLUSDT,2021-10-03,172.59,63.81,bull
SOLUSDT,2021-10-04,166.73,60.39,bull
SOLUSDT,2021-10-05,164.12,58.87,bull
SOLUSDT,2021-10-06,154.11,53.35,bull
SOLUSDT,2021-10-07,154.28,53.43,bull
SOLUSDT,2021-10-08,158.95,55.68,bear
SOLUSDT,2021-10-09,156.83,54.39,bear
SOLUSDT,2021-10-10,148.05,49.32,bear
SOLUSDT,2021-10-11,144.86,47.59,sideways
SOLUSDT,2021-10-12,152.74,52.07,sideways
SOLUSDT,2021-10-13,148.18,49.44,sideways
SOLUSDT,2021-10-14,149.76,50.37,sideways
SOLUSDT,2021-10-15,162.6,57.3,bull
SOLUSDT,2021-10-16,157.54,54.1,bull
SOLUSDT,2021-10-17,159.74,55.27,bull
SOLUSDT,2021-10-18,157.23,53.59,bull
SOLUSDT,2021-10-19,156.02,52.75,bull
SOLUSDT,2021-10-20,175.95,62.96,bull
SOLUSDT,2021-10-21,190.32,68.29,bull
SOLUSDT,2021-10-22,196.43,70.24,bull
SOLUSDT,2021-10-23,197.7,70.65,bull
SOLUSDT,2021-10-24,202.36,72.15,bull
SOLUSDT,2021-10-25,210.1,74.48,bull
SOLUSDT,2021-10-26,199.81,66.5,bull
SOLUSDT,2021-10-27,183.77,56.38,bull
SOLUSDT,2021-10-28,194.86,60.82,bull
SOLUSDT,2021-10-29,200.18,62.78,bull
SOLUSDT,2021-10-30,195.42,59.89,sideways
SOLUSDT,2021-10-31,202.42,62.61,bull
SOLUSDT,2021-11-01,203.55,63.05,sideways
SOLUSDT,2021-11-02,220.24,68.83,bull
SOLUSDT,2021-11-03,242.9,74.63,bull
SOLUSDT,2021-11-04,247.39,75.6,bull
SOLUSDT,2021-11-05,236.47,68.73,bull
SOLUSDT,2021-11-06,258.93,73.97,bull
SOLUSDT,2021-11-07,249.82,68.92,bull
SOLUSDT,2021-11-08,248.47,68.18,bull
SOLUSDT,2021-11-09,239.21,63.15,bull
SOLUSDT,2021-11-10,233.78,60.34,sideways
SOLUSDT,2021-11-11,234.24,60.5,sideways
SOLUSDT,2021-11-12,228.5,57.39,sideways
SOLUSDT,2021-11-13,241.83,62.25,sideways
SOLUSDT,2021-11-14,238.43,60.36,sideways
SOLUSDT,2021-11-15,237.55,59.85,sideways
SOLUSDT,2021-11-16,219.24,50.37,sideways
SOLUSDT,2021-11-17,218.72,50.12,sideways
SOLUSDT,2021-11-18,195.49,40.68,sideways
SOLUSDT,2021-11-19,215.28,49.42,sideways
SOLUSDT,2021-11-20,218.02,50.51,sideways
SOLUSDT,2021-11-21,231.28,55.5,sideways
SOLUSDT,2021-11-22,215.74,49.24,sideways
SOLUSDT,2021-11-23,221.84,51.55,bull
SOLUSDT,2021-11-24,214.92,48.83,sideways
SOLUSDT,2021-11-25,206.25,45.59,bull
SOLUSDT,2021-11-26,191.51,40.65,sideways
SOLUSDT,2021-11-27,193.1,41.39,sideways
SOLUSDT,2021-11-28,200.68,44.9,sideways
SOLUSDT,2021-11-29,204.32,46.56,sideways
SOLUSDT,2021-11-30,208.67,48.56,sideways
SOLUSDT,2021-12-01,229.8,56.95,bull
SOLUSDT,2021-12-02,233.99,58.4,bull
SOLUSDT,2021-12-03,211.22,48.79,bull
SOLUSDT,2021-12-04,201.12,45.23,bull
SOLUSDT,2021-12-05,196.17,43.55,sideways
SOLUSDT,2021-12-06,194.2,42.87,sideways
SOLUSDT,2021-12-07,190.6,41.59,sideways
SOLUSDT,2021-12-08,194.62,43.62,sideways
SOLUSDT,2021-12-09,181.18,38.78,sideways
SOLUSDT,2021-12-10,167.95,34.7,sideways
SOLUSDT,2021-12-11,171.95,36.86,sideways
SOLUSDT,2021-12-12,173.43,37.68,sideways
SOLUSDT,2021-12-13,155.21,32.14,sideways
SOLUSDT,2021-12-14,153.34,31.62,sideways
SOLUSDT,2021-12-15,178.34,44.43,sideways
SOLUSDT,2021-12-16,176.95,43.94,sideways
SOLUSDT,2021-12-17,175.5,43.4,bull
SOLUSDT,2021-12-18,182.84,46.96,bull
SOLUSDT,2021-12-19,180.1,45.8,bull
SOLUSDT,2021-12-20,173.67,43.11,bull
SOLUSDT,2021-12-21,180.09,46.49,bull
SOLUSDT,2021-12-22,178.6,45.81,bull
SOLUSDT,2021-12-23,190.04,51.65,bull
SOLUSDT,2021-12-24,190.27,51.77,bull
SOLUSDT,2021-12-25,193.12,53.22,bull
SOLUSDT,2021-12-26,198.0,55.68,bull
SOLUSDT,2021-12-27,195.43,54.07,bull
SOLUSDT,2021-12-28,177.43,44.36,sideways
SOLUSDT,2021-12-29,170.66,41.36,sideways
SOLUSDT,2021-12-30,172.75,42.65,sideways
SOLUSDT,2021-12-31,170.3,41.5,sideways
SOLUSDT,2022-01-01,178.52,46.71,sideways
SOLUSDT,2022-01-02,176.38,45.57,sideways
SOLUSDT,2022-01-03,170.3,42.41,sideways
SOLUSDT,2022-01-04,167.94,41.21,sideways
SOLUSDT,2022-01-05,155.1,35.37,sideways
SOLUSDT,2022-01-06,150.43,33.51,sideways
SOLUSDT,2022-01-07,136.4,28.64,sideways
SOLUSDT,2022-01-08,142.51,33.2,sideways
SOLUSDT,2022-01-09,140.84,32.58,sideways
SOLUSDT,2022-01-10,135.95,30.79,sideways
SOLUSDT,2022-01-11,140.18,34.16,sideways
SOLUSDT,2022-01-12,151.7,42.39,sideways
SOLUSDT,2022-01-13,146.01,39.75,sideways
SOLUSDT,2022-01-14,146.16,39.85,bull
SOLUSDT,2022-01-15,147.8,41.08,bull
SOLUSDT,2022-01-16,147.86,41.13,bull
SOLUSDT,2022-01-17,139.93,36.91,bull
SOLUSDT,2022-01-18,141.59,38.34,bull
SOLUSDT,2022-01-19,135.79,35.34,sideways
SOLUSDT,2022-01-20,127.21,31.41,sideways
SOLUSDT,2022-01-21,111.97,25.91,sideways
SOLUSDT,2022-01-22,94.18,21.24,bear
SOLUSDT,2022-01-23,99.58,25.63,bear
SOLUSDT,2022-01-24,91.65,23.55,bear
SOLUSDT,2022-01-25,94.72,26.05,bear
SOLUSDT,2022-01-26,92.24,25.33,bear
SOLUSDT,2022-01-27,89.63,24.56,bear
SOLUSDT,2022-01-28,91.31,26.12,bear
SOLUSDT,2022-01-29,96.22,30.61,bull
SOLUSDT,2022-01-30,93.3,29.46,sideways
SOLUSDT,2022-01-31,99.74,35.24,bull
SOLUSDT,2022-02-01,109.98,43.2,bull
SOLUSDT,2022-02-02,101.84,39.09,bull
SOLUSDT,2022-02-03,101.46,38.9,bull
SOLUSDT,2022-02-04,112.17,46.62,bull
SOLUSDT,2022-02-05,113.89,47.76,bull
SOLUSDT,2022-02-06,115.3,48.73,bull
SOLUSDT,2022-02-07,117.36,50.18,bull
SOLUSDT,2022-02-08,113.6,47.53,bull
SOLUSDT,2022-02-09,114.02,47.86,bull
SOLUSDT,2022-02-10,106.2,42.5,bull
SOLUSDT,2022-02-11,96.38,36.89,sideways
SOLUSDT,2022-02-12,95.92,36.65,sideways
SOLUSDT,2022-02-13,93.24,35.19,sideways
SOLUSDT,2022-02-14,96.43,38.34,sideways
SOLUSDT,2022-02-15,104.87,45.83,sideways
SOLUSDT,2022-02-16,101.93,43.83,sideways
SOLUSDT,2022-02-17,93.41,38.58,sideways
SOLUSDT,2022-02-18,90.07,36.72,sideways
SOLUSDT,2022-02-19,91.5,38.1,sideways
SOLUSDT,2022-02-20,90.9,37.73,sideways
SOLUSDT,2022-02-21,83.12,33.23,sideways
SOLUSDT,2022-02-22,86.47,36.72,sideways
SOLUSDT,2022-02-23,84.9,35.78,sideways
SOLUSDT,2022-02-24,89.19,40.31,sideways
SOLUSDT,2022-02-25,92.6,43.71,bull
SOLUSDT,2022-02-26,90.14,41.86,sideways
SOLUSDT,2022-02-27,85.52,38.55,sideways
SOLUSDT,2022-02-28,99.52,51.14,bull
SOLUSDT,2022-03-01,98.65,50.45,bull
SOLUSDT,2022-03-02,100.65,52.05,bull
SOLUSDT,2022-03-03,95.54,47.79,bull
SOLUSDT,2022-03-04,88.25,42.45,sideways
SOLUSDT,2022-03-05,89.65,43.75,sideways
SOLUSDT,2022-03-06,84.54,40.19,sideways
SOLUSDT,2022-03-07,82.13,38.59,sideways
SOLUSDT,2022-03-08,82.25,38.72,sideways
SOLUSDT,2022-03-09,88.2,44.97,sideways
SOLUSDT,2022-03-10,82.94,40.99,sideways
SOLUSDT,2022-03-11,80.74,39.42,sideways
SOLUSDT,2022-03-12,81.55,40.33,sideways
SOLUSDT,2022-03-13,78.94,38.33,sideways
SOLUSDT,2022-03-14,81.17,41.02,sideways
SOLUSDT,2022-03-15,82.96,43.15,bull
SOLUSDT,2022-03-16,87.9,48.68,sideways
SOLUSDT,2022-03-17,87.88,48.65,bull
SOLUSDT,2022-03-18,89.82,50.83,bull
SOLUSDT,2022-03-19,92.42,53.66,bull
SOLUSDT,2022-03-20,88.61,49.2,bull
SOLUSDT,2022-03-21,88.76,49.37,bull
SOLUSDT,2022-03-22,90.51,51.52,bull
SOLUSDT,2022-03-23,95.1,56.7,bull
SOLUSDT,2022-03-24,102.22,63.26,bull
SOLUSDT,2022-03-25,98.66,58.48,bull
SOLUSDT,2022-03-26,101.76,61.23,bull
SOLUSDT,2022-03-27,107.08,65.45,bull
SOLUSDT,2022-03-28,106.47,64.57,bull
SOLUSDT,2022-03-29,111.71,68.44,bull
SOLUSDT,2022-03-30,120.7,73.74,bull
SOLUSDT,2022-03-31,122.66,74.74,bull
SOLUSDT,2022-04-01,134.43,79.71,bull
SOLUSDT,2022-04-02,132.2,76.63,bull
SOLUSDT,2022-04-03,136.78,78.47,bull
SOLUSDT,2022-04-04,132.41,72.6,bull
SOLUSDT,2022-04-05,126.86,65.86,bull
SOLUSDT,2022-04-06,112.88,52.61,sideways
SOLUSDT,2022-04-07,118.8,56.59,sideways
SOLUSDT,2022-04-08,109.8,49.75,sideways
SOLUSDT,2022-04-09,112.97,51.95,sideways
SOLUSDT,2022-04-10,111.74,51.02,sideways
SOLUSDT,2022-04-11,99.34,42.67,sideways
SOLUSDT,2022-04-12,103.31,45.73,sideways
SOLUSDT,2022-04-13,105.0,47.03,sideways
SOLUSDT,2022-04-14,100.71,44.15,sideways
SOLUSDT,2022-04-15,101.31,44.66,sideways
SOLUSDT,2022-04-16,102.26,45.51,sideways
SOLUSDT,2022-04-17,100.41,44.09,sideways
SOLUSDT,2022-04-18,102.16,45.81,bull
SOLUSDT,2022-04-19,108.58,51.69,bull
SOLUSDT,2022-04-20,105.5,48.94,bull
SOLUSDT,2022-04-21,101.78,45.78,bull
SOLUSDT,2022-04-22,100.61,44.81,sideways
SOLUSDT,2022-04-23,100.74,44.95,sideways
SOLUSDT,2022-04-24,99.24,43.56,sideways
SOLUSDT,2022-04-25,101.25,45.96,sideways
SOLUSDT,2022-04-26,95.78,40.87,sideways
SOLUSDT,2022-04-27,98.38,44.04,sideways
SOLUSDT,2022-04-28,98.19,43.86,sideways
SOLUSDT,2022-04-29,94.01,39.89,sideways
SOLUSDT,2022-04-30,85.1,33.01,sideways
SOLUSDT,2022-05-01,89.67,38.84,sideways
SOLUSDT,2022-05-02,87.58,37.25,sideways
SOLUSDT,2022-05-03,85.84,35.93,sideways
SOLUSDT,2022-05-04,92.77,44.38,sideways
SOLUSDT,2022-05-05,84.6,38.01,sideways
SOLUSDT,2022-05-06,81.76,36.08,sideways
SOLUSDT,2022-05-07,78.98,34.23,sideways
SOLUSDT,2022-05-08,75.22,31.86,sideways
SOLUSDT,2022-05-09,63.27,25.76,bear
SOLUSDT,2022-05-10,66.77,29.99,bear
SOLUSDT,2022-05-11,50.21,23.24,bear
SOLUSDT,2022-05-12,44.68,21.51,bear
SOLUSDT,2022-05-13,48.59,25.74,bear
SOLUSDT,2022-05-14,52.42,29.73,bear
SOLUSDT,2022-05-15,58.81,35.93,bear
SOLUSDT,2022-05-16,53.65,33.37,bear
SOLUSDT,2022-05-17,57.13,36.64,bear
SOLUSDT,2022-05-18,49.76,32.95,bear
SOLUSDT,2022-05-19,52.21,35.29,bull
SOLUSDT,2022-05-20,49.54,33.9,bull
SOLUSDT,2022-05-21,50.32,34.71,bear
SOLUSDT,2022-05-22,52.76,37.28,bear
SOLUSDT,2022-05-23,49.06,35.03,bear
SOLUSDT,2022-05-24,49.65,35.7,bear
SOLUSDT,2022-05-25,47.98,34.61,bear
SOLUSDT,2022-05-26,43.49,31.81,bear
SOLUSDT,2022-05-27,40.98,30.33,bear
SOLUSDT,2022-05-28,44.34,34.71,bear
SOLUSDT,2022-05-29,44.91,35.45,bear
SOLUSDT,2022-05-30,47.18,38.44,bear
SOLUSDT,2022-05-31,45.77,37.28,bear
SOLUSDT,2022-06-01,40.27,33.1,bear
SOLUSDT,2022-06-02,40.89,34.0,bear
SOLUSDT,2022-06-03,38.26,32.03,bear
SOLUSDT,2022-06-04,38.93,33.1,bear
SOLUSDT,2022-06-05,38.48,32.73,sideways
SOLUSDT,2022-06-06,42.43,39.16,sideways
SOLUSDT,2022-06-07,39.44,36.32,sideways
SOLUSDT,2022-06-08,38.84,35.77,sideways
SOLUSDT,2022-06-09,39.97,37.71,sideways
SOLUSDT,2022-06-10,37.09,34.82,sideways
SOLUSDT,2022-06-11,33.82,31.84,sideways
SOLUSDT,2022-06-12,30.74,29.29,sideways
SOLUSDT,2022-06-13,28.19,27.34,bear
SOLUSDT,2022-06-14,29.71,30.32,bear
SOLUSDT,2022-06-15,34.49,38.8,bear
SOLUSDT,2022-06-16,29.99,34.54,bear
SOLUSDT,2022-06-17,30.74,35.81,bear
SOLUSDT,2022-06-18,31.81,37.65,bear
SOLUSDT,2022-06-19,34.24,41.78,bull
SOLUSDT,2022-06-20,35.42,43.71,bull
SOLUSDT,2022-06-21,36.12,44.89,bull
SOLUSDT,2022-06-22,34.12,42.18,bear
SOLUSDT,2022-06-23,38.18,48.91,bull
SOLUSDT,2022-06-24,42.21,54.58,bull
SOLUSDT,2022-06-25,42.33,54.74,bull
SOLUSDT,2022-06-26,39.41,50.09,bull
SOLUSDT,2022-06-27,38.45,48.63,bull
SOLUSDT,2022-06-28,35.33,44.12,bear
SOLUSDT,2022-06-29,33.87,42.16,bear
SOLUSDT,2022-06-30,33.59,41.77,bear
SOLUSDT,2022-07-01,32.8,40.65,bear
SOLUSDT,2022-07-02,33.36,41.84,bear
SOLUSDT,2022-07-03,33.39,41.9,bear
SOLUSDT,2022-07-04,36.79,49.12,bear
SOLUSDT,2022-07-05,35.4,46.57,bull
SOLUSDT,2022-07-06,37.07,49.95,bull
SOLUSDT,2022-07-07,38.52,52.72,bull
SOLUSDT,2022-07-08,38.29,52.22,bull
SOLUSDT,2022-07-09,38.07,51.73,bull
SOLUSDT,2022-07-10,36.7,48.6,bull
SOLUSDT,2022-07-11,33.46,42.12,sideways
SOLUSDT,2022-07-12,32.76,40.84,sideways
SOLUSDT,2022-07-13,34.91,46.21,sideways
SOLUSDT,2022-07-14,37.11,51.08,sideways
SOLUSDT,2022-07-15,37.42,51.74,sideways
SOLUSDT,2022-07-16,39.57,56.2,bull
SOLUSDT,2022-07-17,38.64,53.89,bull
SOLUSDT,2022-07-18,43.75,62.91,bull
SOLUSDT,2022-07-19,44.9,64.59,bull
SOLUSDT,2022-07-20,42.09,57.72,bull
SOLUSDT,2022-07-21,43.19,59.53,bull
SOLUSDT,2022-07-22,40.62,53.72,bull
SOLUSDT,2022-07-23,40.04,52.48,bull
SOLUSDT,2022-07-24,41.01,54.37,bull
SOLUSDT,2022-07-25,36.71,45.65,sideways
SOLUSDT,2022-07-26,36.19,44.72,sideways
SOLUSDT,2022-07-27,40.31,52.94,sideways
SOLUSDT,2022-07-28,42.85,57.16,sideways
SOLUSDT,2022-07-29,41.93,55.23,bull
SOLUSDT,2022-07-30,43.76,58.26,bull
SOLUSDT,2022-07-31,42.4,55.27,bull
SOLUSDT,2022-08-01,41.79,53.93,bull
SOLUSDT,2022-08-02,39.75,49.62,bull
SOLUSDT,2022-08-03,38.54,47.2,sideways
SOLUSDT,2022-08-04,38.83,47.84,sideways
SOLUSDT,2022-08-05,40.56,51.7,sideways
SOLUSDT,2022-08-06,40.06,50.53,sideways
SOLUSDT,2022-08-07,40.61,51.81,sideways
SOLUSDT,2022-08-08,42.17,55.36,bull
SOLUSDT,2022-08-09,40.37,50.74,bull
SOLUSDT,2022-08-10,42.37,55.21,bull
SOLUSDT,2022-08-11,42.82,56.18,bull
SOLUSDT,2022-08-12,45.33,61.22,bull
SOLUSDT,2022-08-13,46.49,63.29,bull
SOLUSDT,2022-08-14,44.92,58.68,bull
SOLUSDT,2022-08-15,43.82,55.63,bull
SOLUSDT,2022-08-16,43.16,53.8,bull
SOLUSDT,2022-08-17,40.4,46.92,sideways
SOLUSDT,2022-08-18,39.55,44.99,sideways
SOLUSDT,2022-08-19,35.89,37.85,sideways
SOLUSDT,2022-08-20,35.27,36.78,sideways
SOLUSDT,2022-08-21,36.53,40.46,sideways
SOLUSDT,2022-08-22,35.47,38.44,sideways
SOLUSDT,2022-08-23,35.65,38.97,sideways
SOLUSDT,2022-08-24,34.96,37.57,sideways
SOLUSDT,2022-08-25,35.32,38.81,sideways
SOLUSDT,2022-08-26,31.73,31.98,sideways
SOLUSDT,2022-08-27,31.54,31.67,sideways
SOLUSDT,2022-08-28,30.39,29.75,sideways
SOLUSDT,2022-08-29,32.47,37.16,sideways
SOLUSDT,2022-08-30,31.41,35.13,sideways
SOLUSDT,2022-08-31,31.47,35.35,sideways
SOLUSDT,2022-09-01,31.59,35.79,sideways
SOLUSDT,2022-09-02,31.23,34.98,sideways
SOLUSDT,2022-09-03,31.11,34.71,sideways
SOLUSDT,2022-09-04,32.11,39.09,bull
SOLUSDT,2022-09-05,32.19,39.47,sideways
SOLUSDT,2022-09-06,30.89,35.85,sideways
SOLUSDT,2022-09-07,32.71,43.63,bull
SOLUSDT,2022-09-08,33.61,47.04,bull
SOLUSDT,2022-09-09,34.74,51.05,bull
SOLUSDT,2022-09-10,35.13,52.39,bull
SOLUSDT,2022-09-11,34.97,51.76,bull
SOLUSDT,2022-09-12,37.42,59.73,bull
SOLUSDT,2022-09-13,33.43,46.33,bull
SOLUSDT,2022-09-14,34.09,48.4,bull
SOLUSDT,2022-09-15,33.05,45.43,sideways
SOLUSDT,2022-09-16,32.21,43.14,sideways
SOLUSDT,2022-09-17,33.75,48.3,sideways
SOLUSDT,2022-09-18,31.06,41.26,sideways
SOLUSDT,2022-09-19,32.69,46.34,sideways
SOLUSDT,2022-09-20,31.43,43.24,sideways
SOLUSDT,2022-09-21,30.83,41.78,sideways
SOLUSDT,2022-09-22,32.41,46.82,sideways
SOLUSDT,2022-09-23,33.68,50.52,bull
SOLUSDT,2022-09-24,33.46,49.89,sideways
SOLUSDT,2022-09-25,32.34,46.59,bull
SOLUSDT,2022-09-26,33.88,51.34,bull
SOLUSDT,2022-09-27,32.75,47.98,bull
SOLUSDT,2022-09-28,33.24,49.51,bull
SOLUSDT,2022-09-29,33.95,51.77,bull
SOLUSDT,2022-09-30,33.21,49.32,sideways
SOLUSDT,2022-10-01,32.47,46.92,sideways
SOLUSDT,2022-10-02,32.06,45.59,sideways
SOLUSDT,2022-10-03,32.97,49.02,sideways
SOLUSDT,2022-10-04,34.12,53.06,bull
SOLUSDT,2022-10-05,34.07,52.87,bull
SOLUSDT,2022-10-06,33.34,49.97,sideways
SOLUSDT,2022-10-07,33.0,48.63,sideways
SOLUSDT,2022-10-08,32.58,46.95,bull
SOLUSDT,2022-10-09,32.91,48.47,bull
SOLUSDT,2022-10-10,31.97,44.6,sideways
SOLUSDT,2022-10-11,30.78,40.23,sideways
SOLUSDT,2022-10-12,31.17,42.21,sideways
SOLUSDT,2022-10-13,30.54,39.93,sideways
SOLUSDT,2022-10-14,30.01,38.01,sideways
SOLUSDT,2022-10-15,29.58,36.5,sideways
SOLUSDT,2022-10-16,30.17,40.04,sideways
SOLUSDT,2022-10-17,31.22,45.83,sideways
SOLUSDT,2022-10-18,30.16,41.49,sideways
SOLUSDT,2022-10-19,28.9,37.0,sideways
SOLUSDT,2022-10-20,28.09,34.42,sideways
SOLUSDT,2022-10-21,28.11,34.56,sideways
SOLUSDT,2022-10-22,28.01,34.24,sideways
SOLUSDT,2022-10-23,29.27,41.96,sideways
SOLUSDT,2022-10-24,28.31,38.26,sideways
SOLUSDT,2022-10-25,30.94,51.0,bull
SOLUSDT,2022-10-26,31.28,52.38,bull
SOLUSDT,2022-10-27,30.63,49.52,bull
SOLUSDT,2022-10-28,32.11,55.45,bull
SOLUSDT,2022-10-29,32.86,58.13,bull
SOLUSDT,2022-10-30,32.97,58.52,bull
SOLUSDT,2022-10-31,32.61,56.66,bull
SOLUSDT,2022-11-01,32.25,54.75,bull
SOLUSDT,2022-11-02,30.79,47.76,sideways
SOLUSDT,2022-11-03,30.84,48.03,bull
SOLUSDT,2022-11-04,33.78,59.91,bull
SOLUSDT,2022-11-05,36.77,67.93,bull
SOLUSDT,2022-11-06,32.68,52.47,sideways
SOLUSDT,2022-11-07,29.6,44.27,sideways
SOLUSDT,2022-11-08,24.15,34.13,bear
SOLUSDT,2022-11-09,13.94,23.33,bear
SOLUSDT,2022-11-10,17.68,31.84,bear
SOLUSDT,2022-11-11,16.33,30.52,bear
SOLUSDT,2022-11-12,14.54,28.82,bear
SOLUSDT,2022-11-13,13.16,27.55,bear
SOLUSDT,2022-11-14,14.0,29.58,bear
SOLUSDT,2022-11-15,14.3,30.34,bear
SOLUSDT,2022-11-16,14.29,30.32,bull
SOLUSDT,2022-11-17,13.64,29.53,bear
SOLUSDT,2022-11-18,13.25,29.04,bear
SOLUSDT,2022-11-19,12.85,28.52,bear
SOLUSDT,2022-11-20,12.25,27.71,bear
SOLUSDT,2022-11-21,11.85,27.15,bear
SOLUSDT,2022-11-22,12.44,29.38,bear
SOLUSDT,2022-11-23,14.35,36.23,bull
SOLUSDT,2022-11-24,14.58,37.03,bull
SOLUSDT,2022-11-25,14.06,35.94,bull
SOLUSDT,2022-11-26,14.16,36.31,bull
SOLUSDT,2022-11-27,14.12,36.21,bull
SOLUSDT,2022-11-28,13.4,34.5,bull
SOLUSDT,2022-11-29,13.37,34.42,bull
SOLUSDT,2022-11-30,14.12,37.97,bear
SOLUSDT,2022-12-01,13.48,36.17,sideways
SOLUSDT,2022-12-02,13.72,37.35,sideways
SOLUSDT,2022-12-03,13.3,36.09,sideways
SOLUSDT,2022-12-04,13.72,38.35,sideways
SOLUSDT,2022-12-05,13.83,38.98,bull
SOLUSDT,2022-12-06,14.29,41.6,bull
SOLUSDT,2022-12-07,13.52,38.61,sideways
SOLUSDT,2022-12-08,13.69,39.64,bull
SOLUSDT,2022-12-09,13.58,39.18,sideways
SOLUSDT,2022-12-10,13.58,39.17,bull
SOLUSDT,2022-12-11,13.43,38.47,sideways
SOLUSDT,2022-12-12,13.32,37.93,sideways
SOLUSDT,2022-12-13,13.83,42.03,sideways
SOLUSDT,2022-12-14,14.14,44.39,bull
SOLUSDT,2022-12-15,14.02,43.64,bull
SOLUSDT,2022-12-16,12.27,34.5,sideways
SOLUSDT,2022-12-17,12.5,36.44,sideways
SOLUSDT,2022-12-18,12.41,36.0,sideways
SOLUSDT,2022-12-19,11.93,33.69,sideways
SOLUSDT,2022-12-20,12.28,36.85,sideways
SOLUSDT,2022-12-21,12.13,36.04,sideways
SOLUSDT,2022-12-22,11.79,34.26,sideways
SOLUSDT,2022-12-23,11.79,34.22,sideways
SOLUSDT,2022-12-24,11.44,32.32,sideways
SOLUSDT,2022-12-25,11.39,32.01,sideways
SOLUSDT,2022-12-26,11.31,31.53,sideways
SOLUSDT,2022-12-27,11.09,30.21,sideways
SOLUSDT,2022-12-28,9.76,23.78,sideways
SOLUSDT,2022-12-29,9.65,23.36,sideways
SOLUSDT,2022-12-30,9.88,26.43,sideways
SOLUSDT,2022-12-31,9.96,27.53,sideways
SOLUSDT,2023-01-01,9.98,27.84,sideways
SOLUSDT,2023-01-02,11.27,43.49,sideways
SOLUSDT,2023-01-03,13.34,58.9,bull
SOLUSDT,2023-01-04,13.44,59.42,bull
SOLUSDT,2023-01-05,13.42,59.28,bull
SOLUSDT,2023-01-06,13.53,59.97,bull
SOLUSDT,2023-01-07,13.09,55.82,bull
SOLUSDT,2023-01-08,14.32,63.52,bull
SOLUSDT,2023-01-09,16.3,72.0,bull
SOLUSDT,2023-01-10,16.2,71.05,bull
SOLUSDT,2023-01-11,16.36,71.67,bull
SOLUSDT,2023-01-12,16.62,72.67,bull
SOLUSDT,2023-01-13,18.29,78.06,bull
SOLUSDT,2023-01-14,24.25,87.51,bull
SOLUSDT,2023-01-15,22.87,79.04,bull
SOLUSDT,2023-01-16,23.58,80.11,bull
SOLUSDT,2023-01-17,22.88,76.02,bull
SOLUSDT,2023-01-18,20.85,65.48,bull
SOLUSDT,2023-01-19,21.43,66.88,bull
SOLUSDT,2023-01-20,25.55,74.77,bull
SOLUSDT,2023-01-21,24.63,70.72,bull
SOLUSDT,2023-01-22,24.23,68.99,bull
SOLUSDT,2023-01-23,24.36,69.25,bull
SOLUSDT,2023-01-24,22.8,62.32,bear
SOLUSDT,2023-01-25,24.57,66.43,bull
SOLUSDT,2023-01-26,24.35,65.48,bull
SOLUSDT,2023-01-27,24.41,65.62,bear
SOLUSDT,2023-01-28,23.98,63.58,bear
SOLUSDT,2023-01-29,26.13,68.84,bull
SOLUSDT,2023-01-30,23.95,59.44,bear
SOLUSDT,2023-01-31,23.95,59.45,bull
SOLUSDT,2023-02-01,24.99,62.3,bull
SOLUSDT,2023-02-02,24.27,59.17,bear
SOLUSDT,2023-02-03,24.68,60.39,bull
SOLUSDT,2023-02-04,24.32,58.74,bull
SOLUSDT,2023-02-05,23.49,55.05,sideways
SOLUSDT,2023-02-06,22.71,51.72,sideways
SOLUSDT,2023-02-07,23.86,55.94,sideways
SOLUSDT,2023-02-08,23.19,53.05,sideways
SOLUSDT,2023-02-09,20.45,43.19,sideways
SOLUSDT,2023-02-10,20.13,42.2,sideways
SOLUSDT,2023-02-11,20.83,45.15,sideways
SOLUSDT,2023-02-12,21.49,47.85,sideways
SOLUSDT,2023-02-13,20.79,45.3,sideways
SOLUSDT,2023-02-14,21.82,49.58,sideways
SOLUSDT,2023-02-15,23.88,56.81,bull
SOLUSDT,2023-02-16,22.29,50.73,bull
SOLUSDT,2023-02-17,23.17,53.67,bull
SOLUSDT,2023-02-18,23.48,54.7,bull
SOLUSDT,2023-02-19,24.84,59.0,bull
SOLUSDT,2023-02-20,26.18,62.75,bull
SOLUSDT,2023-02-21,24.95,57.54,bull
SOLUSDT,2023-02-22,24.18,54.51,bull
SOLUSDT,2023-02-23,23.9,53.4,bull
SOLUSDT,2023-02-24,23.05,50.09,sideways
SOLUSDT,2023-02-25,22.52,48.08,sideways
SOLUSDT,2023-02-26,23.26,51.01,sideways
SOLUSDT,2023-02-27,22.69,48.73,sideways
SOLUSDT,2023-02-28,21.92,45.71,sideways
SOLUSDT,2023-03-01,22.51,48.34,sideways
SOLUSDT,2023-03-02,21.98,46.21,sideways
SOLUSDT,2023-03-03,21.4,43.88,sideways
SOLUSDT,2023-03-04,20.97,42.18,sideways
SOLUSDT,2023-03-05,20.98,42.25,sideways
SOLUSDT,2023-03-06,20.64,40.8,sideways
SOLUSDT,2023-03-07,20.24,39.16,sideways
SOLUSDT,2023-03-08,18.42,32.56,sideways
SOLUSDT,2023-03-09,17.31,29.31,sideways
SOLUSDT,2023-03-10,18.24,35.16,sideways
SOLUSDT,2023-03-11,18.23,35.1,sideways
SOLUSDT,2023-03-12,20.31,46.53,sideways
SOLUSDT,2023-03-13,20.43,47.12,sideways
SOLUSDT,2023-03-14,20.93,49.53,bull
SOLUSDT,2023-03-15,19.29,42.59,bull
SOLUSDT,2023-03-16,19.73,44.83,bull
SOLUSDT,2023-03-17,21.63,53.29,bull
SOLUSDT,2023-03-18,21.2,51.35,bull
SOLUSDT,2023-03-19,21.9,54.27,bull
SOLUSDT,2023-03-20,22.18,55.39,bull
SOLUSDT,2023-03-21,22.62,57.2,bull
SOLUSDT,2023-03-22,21.48,51.4,bull
SOLUSDT,2023-03-23,22.22,54.61,bull
SOLUSDT,2023-03-24,20.68,47.55,sideways
SOLUSDT,2023-03-25,20.45,46.57,sideways
SOLUSDT,2023-03-26,20.98,49.14,sideways
SOLUSDT,2023-03-27,19.92,44.54,sideways
SOLUSDT,2023-03-28,20.47,47.31,sideways
SOLUSDT,2023-03-29,21.11,50.42,sideways
SOLUSDT,2023-03-30,20.55,47.76,sideways
SOLUSDT,2023-03-31,21.17,50.84,bull
SOLUSDT,2023-04-01,20.98,49.85,bull
SOLUSDT,2023-04-02,20.54,47.59,sideways
SOLUSDT,2023-04-03,20.44,47.1,bull
SOLUSDT,2023-04-04,20.92,49.95,bull
SOLUSDT,2023-04-05,20.97,50.2,sideways
SOLUSDT,2023-04-06,20.61,47.99,bull
SOLUSDT,2023-04-07,20.47,47.11,sideways
SOLUSDT,2023-04-08,20.04,44.4,sideways
SOLUSDT,2023-04-09,20.3,46.42,sideways
SOLUSDT,2023-04-10,20.88,50.68,bull
SOLUSDT,2023-04-11,23.02,62.47,bull
SOLUSDT,2023-04-12,23.99,66.39,bull
SOLUSDT,2023-04-13,24.43,68.05,bull
SOLUSDT,2023-04-14,24.77,69.29,bull
SOLUSDT,2023-04-15,24.08,63.84,bull
SOLUSDT,2023-04-16,25.36,68.74,bull
SOLUSDT,2023-04-17,24.56,62.98,bull
SOLUSDT,2023-04-18,24.85,64.17,bull
SOLUSDT,2023-04-19,22.71,51.31,sideways
SOLUSDT,2023-04-20,22.18,48.71,sideways
SOLUSDT,2023-04-21,21.28,44.56,sideways
SOLUSDT,2023-04-22,21.82,47.43,sideways
SOLUSDT,2023-04-23,21.48,45.83,sideways
SOLUSDT,2023-04-24,21.39,45.4,sideways
SOLUSDT,2023-04-25,21.93,48.57,sideways
SOLUSDT,2023-04-26,21.28,45.17,sideways
SOLUSDT,2023-04-27,22.34,51.2,bull
SOLUSDT,2023-04-28,23.37,56.24,bull
SOLUSDT,2023-04-29,23.18,55.14,bull
SOLUSDT,2023-04-30,22.83,53.02,bull
SOLUSDT,2023-05-01,21.99,48.19,bull
SOLUSDT,2023-05-02,22.26,49.81,bull
SOLUSDT,2023-05-03,22.22,49.53,bull
SOLUSDT,2023-05-04,21.73,46.59,sideways
SOLUSDT,2023-05-05,22.83,53.3,sideways
SOLUSDT,2023-05-06,21.97,48.23,sideways
SOLUSDT,2023-05-07,21.84,47.49,sideways
SOLUSDT,2023-05-08,20.66,41.24,sideways
SOLUSDT,2023-05-09,20.68,41.43,sideways
SOLUSDT,2023-05-10,20.95,43.38,sideways
SOLUSDT,2023-05-11,20.23,39.59,sideways
SOLUSDT,2023-05-12,20.91,44.51,sideways
SOLUSDT,2023-05-13,20.87,44.26,sideways
SOLUSDT,2023-05-14,20.95,44.91,sideways
SOLUSDT,2023-05-15,21.01,45.35,bull
SOLUSDT,2023-05-16,20.68,43.11,sideways
SOLUSDT,2023-05-17,21.07,46.48,bull
SOLUSDT,2023-05-18,20.35,41.58,bull
SOLUSDT,2023-05-19,20.35,41.59,sideways
SOLUSDT,2023-05-20,20.29,41.14,sideways
SOLUSDT,2023-05-21,19.61,36.66,sideways
SOLUSDT,2023-05-22,19.54,36.23,sideways
SOLUSDT,2023-05-23,20.04,41.64,sideways
SOLUSDT,2023-05-24,19.22,36.23,sideways
SOLUSDT,2023-05-25,19.26,36.63,sideways
SOLUSDT,2023-05-26,19.37,37.84,sideways
SOLUSDT,2023-05-27,20.43,48.38,bull
SOLUSDT,2023-05-28,20.8,51.5,bull
SOLUSDT,2023-05-29,20.59,49.66,bull
SOLUSDT,2023-05-30,21.25,55.1,bull
SOLUSDT,2023-05-31,20.82,51.26,bull
SOLUSDT,2023-06-01,20.5,48.53,bull
SOLUSDT,2023-06-02,21.26,54.63,bull
SOLUSDT,2023-06-03,21.16,53.71,bull
SOLUSDT,2023-06-04,21.82,58.62,bull
SOLUSDT,2023-06-05,20.08,45.08,sideways
SOLUSDT,2023-06-06,20.4,47.5,sideways
SOLUSDT,2023-06-07,18.63,37.73,sideways
SOLUSDT,2023-06-08,18.91,39.81,sideways
SOLUSDT,2023-06-09,17.38,33.18,sideways
SOLUSDT,2023-06-10,15.66,27.6,sideways
SOLUSDT,2023-06-11,15.56,27.32,sideways
SOLUSDT,2023-06-12,15.2,26.25,sideways
SOLUSDT,2023-06-13,15.02,25.72,sideways
SOLUSDT,2023-06-14,14.49,24.15,sideways
SOLUSDT,2023-06-15,14.76,26.63,sideways
SOLUSDT,2023-06-16,15.31,31.47,sideways
SOLUSDT,2023-06-17,15.65,34.38,sideways
SOLUSDT,2023-06-18,15.44,33.43,sideways
SOLUSDT,2023-06-19,16.07,38.87,bull
SOLUSDT,2023-06-20,16.64,43.28,bull
SOLUSDT,2023-06-21,17.26,47.77,bull
SOLUSDT,2023-06-22,16.64,44.06,bull
SOLUSDT,2023-06-23,17.15,47.67,bull
SOLUSDT,2023-06-24,16.65,44.63,bull
SOLUSDT,2023-06-25,16.97,46.97,bull
SOLUSDT,2023-06-26,16.27,42.69,bull
SOLUSDT,2023-06-27,16.62,45.36,sideways
SOLUSDT,2023-06-28,15.99,41.59,sideways
SOLUSDT,2023-06-29,17.97,54.4,bull
SOLUSDT,2023-06-30,18.9,58.93,bull
SOLUSDT,2023-07-01,18.68,57.51,bull
SOLUSDT,2023-07-02,19.45,61.14,bull
SOLUSDT,2023-07-03,19.24,59.62,bull
SOLUSDT,2023-07-04,19.14,58.9,bull
SOLUSDT,2023-07-05,18.99,57.75,bull
SOLUSDT,2023-07-06,19.73,61.72,bull
SOLUSDT,2023-07-07,21.48,69.17,bull
SOLUSDT,2023-07-08,21.86,70.49,bull
SOLUSDT,2023-07-09,21.35,66.32,bull
SOLUSDT,2023-07-10,21.31,66.03,bull
SOLUSDT,2023-07-11,22.09,69.24,bull
SOLUSDT,2023-07-12,21.98,68.21,bull
SOLUSDT,2023-07-13,26.03,79.62,bull
SOLUSDT,2023-07-14,26.74,80.91,bull
SOLUSDT,2023-07-15,27.39,82.05,bull
SOLUSDT,2023-07-16,27.38,81.99,bull
SOLUSDT,2023-07-17,26.87,77.81,bull
SOLUSDT,2023-07-18,25.54,68.11,bull
SOLUSDT,2023-07-19,26.37,70.57,bull
SOLUSDT,2023-07-20,25.38,64.14,sideways
SOLUSDT,2023-07-21,25.54,64.73,sideways
SOLUSDT,2023-07-22,24.54,58.57,sideways
SOLUSDT,2023-07-23,24.77,59.52,sideways
SOLUSDT,2023-07-24,23.38,51.85,sideways
SOLUSDT,2023-07-25,23.28,51.32,sideways
SOLUSDT,2023-07-26,25.18,59.53,sideways
SOLUSDT,2023-07-27,25.1,59.09,sideways
SOLUSDT,2023-07-28,24.85,57.6,sideways
SOLUSDT,2023-07-29,25.17,59.02,bull
SOLUSDT,2023-07-30,24.26,53.58,sideways
SOLUSDT,2023-07-31,23.72,50.6,bull
SOLUSDT,2023-08-01,24.0,52.08,bull
SOLUSDT,2023-08-02,23.15,47.38,sideways
SOLUSDT,2023-08-03,22.64,44.79,sideways
SOLUSDT,2023-08-04,22.79,45.78,sideways
SOLUSDT,2023-08-05,22.63,44.89,sideways
SOLUSDT,2023-08-06,23.19,48.57,sideways
SOLUSDT,2023-08-07,23.07,47.84,sideways
SOLUSDT,2023-08-08,24.21,54.94,bull
SOLUSDT,2023-08-09,24.38,55.89,bull
SOLUSDT,2023-08-10,24.61,57.24,bull
SOLUSDT,2023-08-11,24.58,57.0,bull
SOLUSDT,2023-08-12,24.91,59.01,bull
SOLUSDT,2023-08-13,24.24,53.49,bull
SOLUSDT,2023-08-14,25.14,59.08,bull
SOLUSDT,2023-08-15,23.9,50.1,sideways
SOLUSDT,2023-08-16,22.81,43.86,sideways
SOLUSDT,2023-08-17,21.71,38.59,sideways
SOLUSDT,2023-08-18,21.34,36.97,sideways
SOLUSDT,2023-08-19,21.88,40.86,sideways
SOLUSDT,2023-08-20,21.77,40.34,sideways
SOLUSDT,2023-08-21,21.21,37.58,sideways
SOLUSDT,2023-08-22,20.55,34.59,sideways
SOLUSDT,2023-08-23,21.7,43.1,sideways
SOLUSDT,2023-08-24,21.03,39.87,sideways
SOLUSDT,2023-08-25,20.39,37.01,sideways
SOLUSDT,2023-08-26,20.28,36.51,sideways
SOLUSDT,2023-08-27,20.79,40.38,sideways
SOLUSDT,2023-08-28,20.56,39.21,sideways
SOLUSDT,2023-08-29,21.78,47.86,bull
SOLUSDT,2023-08-30,20.83,42.79,sideways
SOLUSDT,2023-08-31,19.74,37.78,sideways
SOLUSDT,2023-09-01,19.33,36.1,sideways
SOLUSDT,2023-09-02,19.49,37.33,sideways
SOLUSDT,2023-09-03,19.58,37.98,sideways
SOLUSDT,2023-09-04,19.5,37.59,sideways
SOLUSDT,2023-09-05,20.27,43.74,sideways
SOLUSDT,2023-09-06,19.62,40.14,sideways
SOLUSDT,2023-09-07,19.89,42.26,bull
SOLUSDT,2023-09-08,19.6,40.59,bull
SOLUSDT,2023-09-09,19.45,39.71,sideways
SOLUSDT,2023-09-10,18.25,33.54,sideways
SOLUSDT,2023-09-11,17.74,31.31,sideways
SOLUSDT,2023-09-12,17.93,33.1,sideways
SOLUSDT,2023-09-13,18.4,37.46,sideways
SOLUSDT,2023-09-14,18.84,41.25,sideways
SOLUSDT,2023-09-15,19.17,44.03,sideways
SOLUSDT,2023-09-16,19.14,43.84,sideways
SOLUSDT,2023-09-17,18.83,41.71,bull
SOLUSDT,2023-09-18,19.66,48.86,bull
SOLUSDT,2023-09-19,20.04,51.78,bull
SOLUSDT,2023-09-20,20.3,53.79,bull
SOLUSDT,2023-09-21,19.48,47.26,bull
SOLUSDT,2023-09-22,19.44,46.95,bull
SOLUSDT,2023-09-23,19.47,47.27,bull
SOLUSDT,2023-09-24,19.37,46.43,bull
SOLUSDT,2023-09-25,19.4,46.74,sideways
SOLUSDT,2023-09-26,19.02,43.34,sideways
SOLUSDT,2023-09-27,19.13,44.56,sideways
SOLUSDT,2023-09-28,19.96,52.98,bull
SOLUSDT,2023-09-29,20.3,55.96,bull
SOLUSDT,2023-09-30,21.4,63.85,bull
SOLUSDT,2023-10-01,23.84,74.72,bull
SOLUSDT,2023-10-02,23.37,70.38,bull
SOLUSDT,2023-10-03,23.55,71.09,bull
SOLUSDT,2023-10-04,23.14,67.21,bull
SOLUSDT,2023-10-05,22.69,63.11,bull
SOLUSDT,2023-10-06,23.42,66.66,bull
SOLUSDT,2023-10-07,23.29,65.39,bull
SOLUSDT,2023-10-08,23.25,64.99,sideways
SOLUSDT,2023-10-09,22.12,55.03,sideways
SOLUSDT,2023-10-10,22.11,54.93,sideways
SOLUSDT,2023-10-11,22.01,54.1,sideways
SOLUSDT,2023-10-12,21.3,48.39,sideways
SOLUSDT,2023-10-13,21.83,52.47,sideways
SOLUSDT,2023-10-14,22.01,53.77,sideways
SOLUSDT,2023-10-15,21.92,52.98,sideways
SOLUSDT,2023-10-16,23.98,65.55,bull
SOLUSDT,2023-10-17,23.96,65.33,bull
SOLUSDT,2023-10-18,23.43,60.55,bull
SOLUSDT,2023-10-19,24.94,67.8,bull
SOLUSDT,2023-10-20,27.03,74.76,bull
SOLUSDT,2023-10-21,29.39,79.99,bull
SOLUSDT,2023-10-22,29.04,77.42,bull
SOLUSDT,2023-10-23,31.85,82.33,bull
SOLUSDT,2023-10-24,30.15,72.13,bull
SOLUSDT,2023-10-25,32.46,76.41,bull
SOLUSDT,2023-10-26,32.78,76.93,bull
SOLUSDT,2023-10-27,31.74,71.35,bull
SOLUSDT,2023-10-28,31.65,70.89,bull
SOLUSDT,2023-10-29,32.82,73.4,bull
SOLUSDT,2023-10-30,34.96,77.26,bull
SOLUSDT,2023-10-31,38.52,81.95,bull
SOLUSDT,2023-11-01,41.46,84.75,bull
SOLUSDT,2023-11-02,40.21,79.11,bull
SOLUSDT,2023-11-03,39.52,76.12,bull
SOLUSDT,2023-11-04,42.35,79.55,bull
SOLUSDT,2023-11-05,41.24,75.01,bull
SOLUSDT,2023-11-06,42.13,76.18,bull
SOLUSDT,2023-11-07,43.09,77.42,bull
SOLUSDT,2023-11-08,43.19,77.55,bull
SOLUSDT,2023-11-09,45.44,80.31,bull
SOLUSDT,2023-11-10,56.64,88.12,bull
SOLUSDT,2023-11-11,56.1,86.34,bull
SOLUSDT,2023-11-12,56.15,86.37,bull
SOLUSDT,2023-11-13,51.91,72.96,bull
SOLUSDT,2023-11-14,56.84,77.36,bull
SOLUSDT,2023-11-15,65.53,82.7,bull
SOLUSDT,2023-11-16,57.87,67.57,bull
SOLUSDT,2023-11-17,58.42,68.02,bull
SOLUSDT,2023-11-18,58.51,68.1,bull
SOLUSDT,2023-11-19,61.39,70.59,bull
SOLUSDT,2023-11-20,56.53,61.84,bull
SOLUSDT,2023-11-21,52.0,54.99,bear
SOLUSDT,2023-11-22,57.59,60.76,bear
SOLUSDT,2023-11-23,56.6,59.31,bear
SOLUSDT,2023-11-24,56.87,59.59,bear
SOLUSDT,2023-11-25,58.85,61.7,bull
SOLUSDT,2023-11-26,57.64,59.66,bear
SOLUSDT,2023-11-27,55.06,55.44,bear
SOLUSDT,2023-11-28,58.19,59.21,bull
SOLUSDT,2023-11-29,59.25,60.43,bull
SOLUSDT,2023-11-30,59.24,60.41,bull
SOLUSDT,2023-12-01,59.8,61.13,bull
SOLUSDT,2023-12-02,63.83,65.89,bull
SOLUSDT,2023-12-03,63.04,64.22,bull
SOLUSDT,2023-12-04,61.53,61.05,bull
SOLUSDT,2023-12-05,60.99,59.93,bull
SOLUSDT,2023-12-06,61.9,61.24,bull
SOLUSDT,2023-12-07,67.84,68.48,bull
SOLUSDT,2023-12-08,75.0,74.64,bull
SOLUSDT,2023-12-09,72.26,69.07,bull
SOLUSDT,2023-12-10,74.71,71.14,bull
SOLUSDT,2023-12-11,70.37,63.09,bull
SOLUSDT,2023-12-12,68.54,60.01,bull
SOLUSDT,2023-12-13,70.77,62.42,bull
SOLUSDT,2023-12-14,75.62,67.07,bull
SOLUSDT,2023-12-15,72.37,61.57,sideways
SOLUSDT,2023-12-16,73.47,62.69,bull
SOLUSDT,2023-12-17,71.0,58.57,sideways
SOLUSDT,2023-12-18,74.35,62.19,bull
SOLUSDT,2023-12-19,72.99,59.91,bull
SOLUSDT,2023-12-20,82.19,68.39,bull
SOLUSDT,2023-12-21,93.85,75.47,bull
SOLUSDT,2023-12-22,98.0,77.41,bull
SOLUSDT,2023-12-23,107.59,81.12,bull
SOLUSDT,2023-12-24,112.49,82.68,bull
SOLUSDT,2023-12-25,121.15,85.05,bull
SOLUSDT,2023-12-26,112.68,74.36,bull
SOLUSDT,2023-12-27,107.02,68.21,bull
SOLUSDT,2023-12-28,102.1,63.3,bull
SOLUSDT,2023-12-29,106.31,65.58,bull
SOLUSDT,2023-12-30,101.85,61.22,sideways
SOLUSDT,2023-12-31,101.51,60.89,sideways
SOLUSDT,2024-01-01,109.51,65.61,sideways
SOLUSDT,2024-01-02,106.61,62.66,sideways
SOLUSDT,2024-01-03,98.59,55.27,sideways
SOLUSDT,2024-01-04,105.08,59.44,bull
SOLUSDT,2024-01-05,99.98,55.09,sideways
SOLUSDT,2024-01-06,93.86,50.32,sideways
SOLUSDT,2024-01-07,89.28,47.05,sideways
SOLUSDT,2024-01-08,97.79,53.15,sideways
SOLUSDT,2024-01-09,99.41,54.23,sideways
SOLUSDT,2024-01-10,102.03,56.01,bull
SOLUSDT,2024-01-11,99.91,54.18,sideways
SOLUSDT,2024-01-12,91.72,47.71,sideways
SOLUSDT,2024-01-13,95.73,50.81,bull
SOLUSDT,2024-01-14,94.13,49.55,bull
SOLUSDT,2024-01-15,94.49,49.85,sideways
SOLUSDT,2024-01-16,97.63,52.51,sideways
SOLUSDT,2024-01-17,102.06,56.07,bull
SOLUSDT,2024-01-18,94.25,49.1,sideways
SOLUSDT,2024-01-19,93.39,48.38,bull
SOLUSDT,2024-01-20,92.57,47.67,sideways
SOLUSDT,2024-01-21,90.85,46.14,sideways
SOLUSDT,2024-01-22,83.62,40.29,sideways
SOLUSDT,2024-01-23,84.27,41.01,sideways
SOLUSDT,2024-01-24,88.73,45.87,sideways
SOLUSDT,2024-01-25,86.89,44.25,sideways
SOLUSDT,2024-01-26,92.44,49.98,sideways
SOLUSDT,2024-01-27,94.16,51.64,bull
SOLUSDT,2024-01-28,95.94,53.36,bull
SOLUSDT,2024-01-29,101.57,58.41,bull
SOLUSDT,2024-01-30,101.47,58.3,bull
SOLUSDT,2024-01-31,97.03,53.05,bull
SOLUSDT,2024-02-01,97.85,53.87,bull
SOLUSDT,2024-02-02,100.44,56.48,bull
SOLUSDT,2024-02-03,97.88,53.28,bull
SOLUSDT,2024-02-04,95.48,50.39,sideways
SOLUSDT,2024-02-05,95.55,50.48,sideways
SOLUSDT,2024-02-06,96.86,52.12,sideways
SOLUSDT,2024-02-07,100.98,56.94,bull
SOLUSDT,2024-02-08,102.79,58.89,bull
SOLUSDT,2024-02-09,106.93,63.04,bull
SOLUSDT,2024-02-10,109.13,65.05,bull
SOLUSDT,2024-02-11,107.5,62.33,bull
SOLUSDT,2024-02-12,111.99,66.48,bull
SOLUSDT,2024-02-13,112.58,66.99,bull
SOLUSDT,2024-02-14,116.98,70.61,bull
SOLUSDT,2024-02-15,113.7,64.9,bull
SOLUSDT,2024-02-16,110.45,59.74,bull
SOLUSDT,2024-02-17,108.98,57.53,sideways
SOLUSDT,2024-02-18,112.17,60.93,bull
SOLUSDT,2024-02-19,111.49,59.81,sideways
SOLUSDT,2024-02-20,108.46,55.05,sideways
SOLUSDT,2024-02-21,105.13,50.3,sideways
SOLUSDT,2024-02-22,101.67,45.88,sideways
SOLUSDT,2024-02-23,99.95,43.82,sideways
SOLUSDT,2024-02-24,104.13,49.74,sideways
SOLUSDT,2024-02-25,103.45,48.84,sideways
SOLUSDT,2024-02-26,109.92,56.84,sideways
SOLUSDT,2024-02-27,108.39,54.66,sideways
SOLUSDT,2024-02-28,118.05,64.05,bull
SOLUSDT,2024-02-29,125.71,69.44,bull
SOLUSDT,2024-03-01,129.99,71.97,bull
SOLUSDT,2024-03-02,129.7,71.54,bull
SOLUSDT,2024-03-03,130.45,72.01,bull
SOLUSDT,2024-03-04,133.19,73.71,bull
SOLUSDT,2024-03-05,125.71,62.52,bull
SOLUSDT,2024-03-06,130.74,66.24,bull
SOLUSDT,2024-03-07,143.98,73.63,bull
SOLUSDT,2024-03-08,145.24,74.21,bull
SOLUSDT,2024-03-09,144.61,73.34,bull
SOLUSDT,2024-03-10,144.52,73.2,bull
SOLUSDT,2024-03-11,148.75,75.44,bull
SOLUSDT,2024-03-12,151.02,76.56,bull
SOLUSDT,2024-03-13,163.84,81.68,bull
SOLUSDT,2024-03-14,176.68,85.17,bull
SOLUSDT,2024-03-15,182.96,86.52,bull
SOLUSDT,2024-03-16,181.88,85.08,bull
SOLUSDT,2024-03-17,202.12,88.83,bull
SOLUSDT,2024-03-18,195.99,82.1,bull
SOLUSDT,2024-03-19,170.02,61.03,bull
SOLUSDT,2024-03-20,191.55,68.29,bull
SOLUSDT,2024-03-21,179.22,61.25,bull
SOLUSDT,2024-03-22,174.36,58.68,sideways
SOLUSDT,2024-03-23,172.9,57.9,sideways
SOLUSDT,2024-03-24,183.57,61.91,sideways
SOLUSDT,2024-03-25,189.08,63.83,sideways
SOLUSDT,2024-03-26,190.7,64.39,bull
SOLUSDT,2024-03-27,186.36,61.61,sideways
SOLUSDT,2024-03-28,189.62,62.91,bull
SOLUSDT,2024-03-29,192.23,63.96,bull
SOLUSDT,2024-03-30,194.39,64.84,bull
SOLUSDT,2024-03-31,202.87,68.16,bull
SOLUSDT,2024-04-01,192.57,60.67,bull
SOLUSDT,2024-04-02,181.17,53.65,sideways
SOLUSDT,2024-04-03,185.25,55.63,sideways
SOLUSDT,2024-04-04,183.96,54.83,sideways
SOLUSDT,2024-04-05,174.5,49.25,sideways
SOLUSDT,2024-04-06,178.92,51.72,sideways
SOLUSDT,2024-04-07,179.65,52.14,sideways
SOLUSDT,2024-04-08,180.78,52.82,sideways
SOLUSDT,2024-04-09,172.41,47.47,sideways
SOLUSDT,2024-04-10,173.44,48.16,sideways
SOLUSDT,2024-04-11,172.58,47.6,sideways
SOLUSDT,2024-04-12,153.64,37.22,sideways
SOLUSDT,2024-04-13,139.34,31.61,sideways
SOLUSDT,2024-04-14,151.28,39.77,sideways
SOLUSDT,2024-04-15,138.51,34.97,sideways
SOLUSDT,2024-04-16,136.28,34.19,sideways
SOLUSDT,2024-04-17,131.87,32.65,sideways
SOLUSDT,2024-04-18,142.08,39.47,sideways
SOLUSDT,2024-04-19,142.68,39.85,sideways
SOLUSDT,2024-04-20,151.13,45.15,bull
SOLUSDT,2024-04-21,148.61,43.9,sideways
SOLUSDT,2024-04-22,157.03,48.95,bull
SOLUSDT,2024-04-23,154.7,47.67,bull
SOLUSDT,2024-04-24,147.75,43.98,bull
SOLUSDT,2024-04-25,144.89,42.53,bull
SOLUSDT,2024-04-26,139.1,39.66,sideways
SOLUSDT,2024-04-27,141.29,41.27,sideways
SOLUSDT,2024-04-28,137.86,39.49,sideways
SOLUSDT,2024-04-29,137.78,39.44,sideways
SOLUSDT,2024-04-30,126.96,34.07,sideways
SOLUSDT,2024-05-01,134.63,40.28,sideways
SOLUSDT,2024-05-02,137.81,42.7,sideways
SOLUSDT,2024-05-03,143.77,47.01,bull
SOLUSDT,2024-05-04,146.14,48.66,bull
SOLUSDT,2024-05-05,145.71,48.37,bull
SOLUSDT,2024-05-06,152.8,53.39,bull
SOLUSDT,2024-05-07,148.13,49.95,bull
SOLUSDT,2024-05-08,142.29,45.95,bull
SOLUSDT,2024-05-09,152.85,53.24,bull
SOLUSDT,2024-05-10,146.22,48.79,bull
SOLUSDT,2024-05-11,145.31,48.2,sideways
SOLUSDT,2024-05-12,143.52,46.98,sideways
SOLUSDT,2024-05-13,147.28,49.84,sideways
SOLUSDT,2024-05-14,142.03,46.1,sideways
SOLUSDT,2024-05-15,158.19,56.83,bull
SOLUSDT,2024-05-16,159.12,57.35,bull
SOLUSDT,2024-05-17,169.53,62.82,bull
SOLUSDT,2024-05-18,172.54,64.24,bull
SOLUSDT,2024-05-19,170.09,62.16,bull
SOLUSDT,2024-05-20,186.52,69.35,bull
SOLUSDT,2024-05-21,178.12,62.78,bull
SOLUSDT,2024-05-22,176.86,61.83,bull
SOLUSDT,2024-05-23,175.99,61.14,bull
SOLUSDT,2024-05-24,167.8,54.96,sideways
SOLUSDT,2024-05-25,168.44,55.34,sideways
SOLUSDT,2024-05-26,163.35,51.62,sideways
SOLUSDT,2024-05-27,170.0,55.8,sideways
SOLUSDT,2024-05-28,168.65,54.77,sideways
SOLUSDT,2024-05-29,168.07,54.31,sideways
SOLUSDT,2024-05-30,166.98,53.38,sideways
SOLUSDT,2024-05-31,165.64,52.21,sideways
SOLUSDT,2024-06-01,166.03,52.54,sideways
SOLUSDT,2024-06-02,163.25,49.92,sideways
SOLUSDT,2024-06-03,164.92,51.49,sideways
SOLUSDT,2024-06-04,171.8,57.39,bull
SOLUSDT,2024-06-05,173.48,58.71,bull
SOLUSDT,2024-06-06,170.02,54.93,bull
SOLUSDT,2024-06-07,162.51,47.74,sideways
SOLUSDT,2024-06-08,157.97,44.0,sideways
SOLUSDT,2024-06-09,162.08,47.98,sideways
SOLUSDT,2024-06-10,158.93,45.32,sideways
SOLUSDT,2024-06-11,149.43,38.41,sideways
SOLUSDT,2024-06-12,155.18,43.98,sideways
SOLUSDT,2024-06-13,147.31,38.81,sideways
SOLUSDT,2024-06-14,143.09,36.34,sideways
SOLUSDT,2024-06-15,145.41,38.65,sideways
SOLUSDT,2024-06-16,151.13,44.04,sideways
SOLUSDT,2024-06-17,143.33,39.01,sideways
SOLUSDT,2024-06-18,137.5,35.72,sideways
SOLUSDT,2024-06-19,135.61,34.7,sideways
SOLUSDT,2024-06-20,133.47,33.53,sideways
SOLUSDT,2024-06-21,134.59,34.76,sideways
SOLUSDT,2024-06-22,133.67,34.2,sideways
SOLUSDT,2024-06-23,128.59,31.19,sideways
SOLUSDT,2024-06-24,132.24,35.58,sideways
SOLUSDT,2024-06-25,136.56,40.41,sideways
SOLUSDT,2024-06-26,136.61,40.47,bull
SOLUSDT,2024-06-27,149.45,52.7,bull
SOLUSDT,2024-06-28,139.7,45.12,bull
SOLUSDT,2024-06-29,140.01,45.39,bull
SOLUSDT,2024-06-30,146.49,50.82,bull
SOLUSDT,2024-07-01,146.6,50.9,bull
SOLUSDT,2024-07-02,153.7,56.4,bull
SOLUSDT,2024-07-03,140.73,46.22,bull
SOLUSDT,2024-07-04,127.55,38.6,sideways
SOLUSDT,2024-07-05,134.37,43.77,sideways
SOLUSDT,2024-07-06,143.24,49.7,bull
SOLUSDT,2024-07-07,131.77,43.33,sideways
SOLUSDT,2024-07-08,139.46,48.13,sideways
SOLUSDT,2024-07-09,141.35,49.26,sideways
SOLUSDT,2024-07-10,141.97,49.66,bull
SOLUSDT,2024-07-11,135.88,45.93,bull
SOLUSDT,2024-07-12,139.53,48.42,bull
SOLUSDT,2024-07-13,141.92,50.06,sideways
SOLUSDT,2024-07-14,147.62,53.8,bull
SOLUSDT,2024-07-15,159.93,60.67,bull
SOLUSDT,2024-07-16,160.55,60.98,bull
SOLUSDT,2024-07-17,155.58,57.05,bull
SOLUSDT,2024-07-18,159.07,59.05,bull
SOLUSDT,2024-07-19,169.19,64.24,bull
SOLUSDT,2024-07-20,173.89,66.38,bull
SOLUSDT,2024-07-21,184.54,70.65,bull
SOLUSDT,2024-07-22,178.98,65.94,bull
SOLUSDT,2024-07-23,172.76,61.03,bull
SOLUSDT,2024-07-24,178.03,63.51,bull
SOLUSDT,2024-07-25,171.96,58.87,bull
SOLUSDT,2024-07-26,183.14,64.07,bull
SOLUSDT,2024-07-27,184.09,64.49,bull
SOLUSDT,2024-07-28,184.89,64.85,bull
SOLUSDT,2024-07-29,182.78,63.01,bull
SOLUSDT,2024-07-30,179.11,59.83,bull
SOLUSDT,2024-07-31,171.83,54.01,sideways
SOLUSDT,2024-08-01,167.67,50.96,sideways
SOLUSDT,2024-08-02,152.64,41.77,sideways
SOLUSDT,2024-08-03,142.92,37.12,sideways
SOLUSDT,2024-08-04,138.06,35.01,sideways
SOLUSDT,2024-08-05,129.86,31.75,sideways
SOLUSDT,2024-08-06,144.09,41.88,sideways
SOLUSDT,2024-08-07,144.63,42.23,sideways
SOLUSDT,2024-08-08,162.93,52.66,sideways
SOLUSDT,2024-08-09,156.46,49.27,bull
SOLUSDT,2024-08-10,153.96,47.99,bull
SOLUSDT,2024-08-11,141.53,42.11,bull
SOLUSDT,2024-08-12,146.45,44.99,bull
SOLUSDT,2024-08-13,146.71,45.14,bull
SOLUSDT,2024-08-14,143.92,43.72,sideways
SOLUSDT,2024-08-15,142.75,43.1,sideways
SOLUSDT,2024-08-16,139.33,41.28,sideways
SOLUSDT,2024-08-17,141.8,43.15,sideways
SOLUSDT,2024-08-18,142.59,43.77,bull
SOLUSDT,2024-08-19,144.34,45.19,sideways
SOLUSDT,2024-08-20,143.17,44.38,sideways
SOLUSDT,2024-08-21,142.71,44.05,sideways
SOLUSDT,2024-08-22,143.26,44.58,bull
SOLUSDT,2024-08-23,153.11,53.21,bull
SOLUSDT,2024-08-24,160.73,58.58,bull
SOLUSDT,2024-08-25,158.91,56.9,bull
SOLUSDT,2024-08-26,157.24,55.33,bull
SOLUSDT,2024-08-27,146.9,46.74,bull
SOLUSDT,2024-08-28,143.89,44.58,bull
SOLUSDT,2024-08-29,140.05,41.9,sideways
SOLUSDT,2024-08-30,138.1,40.57,sideways
SOLUSDT,2024-08-31,135.37,38.72,sideways
SOLUSDT,2024-09-01,128.69,34.56,sideways
SOLUSDT,2024-09-02,135.0,41.01,sideways
SOLUSDT,2024-09-03,127.58,36.46,sideways
SOLUSDT,2024-09-04,133.6,42.08,sideways
SOLUSDT,2024-09-05,129.33,39.41,sideways
SOLUSDT,2024-09-06,124.99,36.86,sideways
SOLUSDT,2024-09-07,127.72,39.52,sideways
SOLUSDT,2024-09-08,129.99,41.71,bull
SOLUSDT,2024-09-09,135.03,46.35,bull
SOLUSDT,2024-09-10,135.64,46.9,bull
SOLUSDT,2024-09-11,132.5,44.37,sideways
SOLUSDT,2024-09-12,136.14,47.89,bull
SOLUSDT,2024-09-13,139.1,50.62,bull
SOLUSDT,2024-09-14,137.18,48.83,bull
SOLUSDT,2024-09-15,131.5,43.89,bull
SOLUSDT,2024-09-16,131.47,43.87,sideways
SOLUSDT,2024-09-17,131.54,43.95,sideways
SOLUSDT,2024-09-18,133.99,46.84,bull
SOLUSDT,2024-09-19,142.84,55.71,bull
SOLUSDT,2024-09-20,146.57,58.84,bull
SOLUSDT,2024-09-21,149.53,61.17,bull
SOLUSDT,2024-09-22,144.8,55.73,bull
SOLUSDT,2024-09-23,144.81,55.74,bull
SOLUSDT,2024-09-24,152.89,62.38,bull
SOLUSDT,2024-09-25,148.02,56.85,bull
SOLUSDT,2024-09-26,155.58,62.41,bull
SOLUSDT,2024-09-27,157.75,63.86,bull
SOLUSDT,2024-09-28,156.91,62.86,bull
SOLUSDT,2024-09-29,158.63,64.1,bull
SOLUSDT,2024-09-30,152.62,56.91,bull
SOLUSDT,2024-10-01,145.29,49.61,sideways
SOLUSDT,2024-10-02,140.39,45.4,sideways
SOLUSDT,2024-10-03,136.79,42.56,sideways
SOLUSDT,2024-10-04,143.17,48.7,sideways
SOLUSDT,2024-10-05,142.71,48.3,sideways
SOLUSDT,2024-10-06,146.44,51.77,sideways
SOLUSDT,2024-10-07,143.99,49.43,sideways
SOLUSDT,2024-10-08,143.39,48.84,sideways
SOLUSDT,2024-10-09,139.32,44.96,sideways
SOLUSDT,2024-10-10,138.89,44.56,bull
SOLUSDT,2024-10-11,145.38,51.6,bull
SOLUSDT,2024-10-12,146.5,52.72,bull
SOLUSDT,2024-10-13,147.57,53.82,bull
SOLUSDT,2024-10-14,157.45,62.46,bull
SOLUSDT,2024-10-15,154.72,59.17,bull
SOLUSDT,2024-10-16,154.23,58.58,bull
SOLUSDT,2024-10-17,150.32,53.89,bull
SOLUSDT,2024-10-18,154.98,58.18,bull
SOLUSDT,2024-10-19,159.64,61.99,bull
SOLUSDT,2024-10-20,166.94,67.05,bull
SOLUSDT,2024-10-21,166.22,66.11,bull
SOLUSDT,2024-10-22,167.26,66.83,bull
SOLUSDT,2024-10-23,170.93,69.31,bull
SOLUSDT,2024-10-24,177.16,72.99,bull
SOLUSDT,2024-10-25,164.76,58.05,bull
SOLUSDT,2024-10-26,170.71,62.06,bull
SOLUSDT,2024-10-27,176.55,65.55,bull
SOLUSDT,2024-10-28,178.1,66.43,bull
SOLUSDT,2024-10-29,179.36,67.16,bull
SOLUSDT,2024-10-30,174.92,62.01,bull
SOLUSDT,2024-10-31,168.43,55.33,sideways
SOLUSDT,2024-11-01,166.26,53.26,bull
SOLUSDT,2024-11-02,166.01,53.02,sideways
SOLUSDT,2024-11-03,162.55,49.61,sideways
SOLUSDT,2024-11-04,157.75,45.25,sideways
SOLUSDT,2024-11-05,166.72,53.47,sideways
SOLUSDT,2024-11-06,186.95,65.89,bull
SOLUSDT,2024-11-07,196.33,69.9,bull
SOLUSDT,2024-11-08,199.94,71.3,bull
SOLUSDT,2024-11-09,200.19,71.4,bull
SOLUSDT,2024-11-10,210.61,75.24,bull
SOLUSDT,2024-11-11,222.64,78.78,bull
SOLUSDT,2024-11-12,212.23,69.52,bull
SOLUSDT,2024-11-13,215.18,70.57,bull
SOLUSDT,2024-11-14,209.22,65.62,bull
SOLUSDT,2024-11-15,218.09,69.1,bull
SOLUSDT,2024-11-16,215.85,67.24,bull
SOLUSDT,2024-11-17,237.58,74.39,bull
SOLUSDT,2024-11-18,239.79,74.99,bull
SOLUSDT,2024-11-19,238.1,73.57,bull
SOLUSDT,2024-11-20,235.42,71.28,bull
SOLUSDT,2024-11-21,257.07,77.41,bull
SOLUSDT,2024-11-22,256.52,76.97,bull
SOLUSDT,2024-11-23,255.18,75.81,bull
SOLUSDT,2024-11-24,252.92,73.8,bull
SOLUSDT,2024-11-25,234.45,59.82,sideways
SOLUSDT,2024-11-26,230.98,57.61,sideways
SOLUSDT,2024-11-27,242.3,62.48,bull
SOLUSDT,2024-11-28,237.76,59.53,sideways
SOLUSDT,2024-11-29,243.55,61.99,sideways
SOLUSDT,2024-11-30,237.74,58.17,sideways
SOLUSDT,2024-12-01,237.07,57.72,sideways
SOLUSDT,2024-12-02,225.76,50.7,sideways
SOLUSDT,2024-12-03,234.2,55.09,bull
SOLUSDT,2024-12-04,229.12,52.09,sideways
SOLUSDT,2024-12-05,234.0,54.65,sideways
SOLUSDT,2024-12-06,237.05,56.22,sideways
SOLUSDT,2024-12-07,238.55,57.01,bull
SOLUSDT,2024-12-08,236.67,55.66,sideways
SOLUSDT,2024-12-09,217.34,44.06,sideways
SOLUSDT,2024-12-10,213.82,42.33,sideways
SOLUSDT,2024-12-11,227.45,50.44,sideways
SOLUSDT,2024-12-12,227.03,50.2,sideways
SOLUSDT,2024-12-13,224.84,48.93,sideways
SOLUSDT,2024-12-14,219.84,46.05,sideways
SOLUSDT,2024-12-15,223.66,48.54,sideways
SOLUSDT,2024-12-16,216.33,44.31,sideways
SOLUSDT,2024-12-17,222.82,48.58,bull
SOLUSDT,2024-12-18,206.38,40.17,sideways
SOLUSDT,2024-12-19,194.28,35.33,sideways
SOLUSDT,2024-12-20,194.21,35.3,sideways
SOLUSDT,2024-12-21,181.3,30.72,sideways
SOLUSDT,2024-12-22,180.17,30.35,sideways
SOLUSDT,2024-12-23,189.75,37.27,sideways
SOLUSDT,2024-12-24,196.99,41.96,sideways
SOLUSDT,2024-12-25,197.48,42.28,sideways
SOLUSDT,2024-12-26,188.22,38.07,sideways
SOLUSDT,2024-12-27,183.83,36.23,sideways
SOLUSDT,2024-12-28,195.01,43.7,bull
SOLUSDT,2024-12-29,189.74,41.25,bull
SOLUSDT,2024-12-30,191.03,42.1,bull
SOLUSDT,2024-12-31,189.26,41.22,sideways
SOLUSDT,2025-01-01,193.87,44.5,sideways
SOLUSDT,2025-01-02,207.77,53.01,bull
SOLUSDT,2025-01-03,217.75,57.99,bull
SOLUSDT,2025-01-04,216.62,57.25,bull
SOLUSDT,2025-01-05,213.39,55.09,bull
SOLUSDT,2025-01-06,218.72,57.92,bull
SOLUSDT,2025-01-07,202.23,47.87,bull
SOLUSDT,2025-01-08,197.56,45.47,bull
SOLUSDT,2025-01-09,185.03,39.7,sideways
SOLUSDT,2025-01-10,187.58,41.34,sideways
SOLUSDT,2025-01-11,188.0,41.61,sideways
SOLUSDT,2025-01-12,188.56,42.01,sideways
SOLUSDT,2025-01-13,182.84,39.09,sideways
SOLUSDT,2025-01-14,187.5,42.59,sideways
SOLUSDT,2025-01-15,205.91,53.89,bull
SOLUSDT,2025-01-16,211.23,56.55,bull
SOLUSDT,2025-01-17,219.62,60.43,bull
SOLUSDT,2025-01-18,261.87,73.33,bull
SOLUSDT,2025-01-19,250.59,67.04,bull
SOLUSDT,2025-01-20,242.25,62.76,bull
SOLUSDT,2025-01-21,250.41,65.11,bull
SOLUSDT,2025-01-22,257.24,66.99,bull
SOLUSDT,2025-01-23,253.46,64.9,bull
SOLUSDT,2025-01-24,253.36,64.85,bull
SOLUSDT,2025-01-25,256.07,65.74,sideways
SOLUSDT,2025-01-26,240.88,57.07,sideways
SOLUSDT,2025-01-27,235.07,54.13,sideways
SOLUSDT,2025-01-28,227.2,50.34,sideways
SOLUSDT,2025-01-29,227.94,50.69,sideways
SOLUSDT,2025-01-30,239.02,55.71,sideways
SOLUSDT,2025-01-31,231.64,51.92,sideways
SOLUSDT,2025-02-01,213.79,44.1,sideways
SOLUSDT,2025-02-02,203.12,40.21,sideways
SOLUSDT,2025-02-03,216.15,46.43,sideways
SOLUSDT,2025-02-04,207.09,43.07,sideways
SOLUSDT,2025-02-05,195.99,39.32,sideways
SOLUSDT,2025-02-06,189.77,37.36,sideways
SOLUSDT,2025-02-07,192.2,38.65,sideways
SOLUSDT,2025-02-08,199.6,42.53,sideways
SOLUSDT,2025-02-09,200.5,43.0,sideways
SOLUSDT,2025-02-10,200.36,42.94,sideways
SOLUSDT,2025-02-11,197.98,41.89,sideways
SOLUSDT,2025-02-12,196.77,41.33,bull
SOLUSDT,2025-02-13,194.46,40.23,bull
SOLUSDT,2025-02-14,199.94,44.02,bull
SOLUSDT,2025-02-15,194.48,41.22,sideways
SOLUSDT,2025-02-16,188.49,38.33,sideways
SOLUSDT,2025-02-17,177.69,33.74,sideways
SOLUSDT,2025-02-18,169.08,30.6,sideways
SOLUSDT,2025-02-19,169.01,30.57,sideways
SOLUSDT,2025-02-20,176.05,36.2,sideways
SOLUSDT,2025-02-21,168.89,33.25,sideways
SOLUSDT,2025-02-22,172.16,35.83,sideways
SOLUSDT,2025-02-23,168.04,34.04,sideways
SOLUSDT,2025-02-24,141.99,25.42,sideways
SOLUSDT,2025-02-25,144.11,27.04,sideways
SOLUSDT,2025-02-26,134.83,24.53,sideways
SOLUSDT,2025-02-27,137.62,26.73,sideways
SOLUSDT,2025-02-28,148.03,34.42,sideways
SOLUSDT,2025-03-01,143.68,32.87,sideways
SOLUSDT,2025-03-02,178.5,51.66,bull
SOLUSDT,2025-03-03,142.02,39.26,bull
SOLUSDT,2025-03-04,144.92,40.48,bull
SOLUSDT,2025-03-05,146.27,41.08,bull
SOLUSDT,2025-03-06,143.36,40.15,bull
SOLUSDT,2025-03-07,139.21,38.8,bear
SOLUSDT,2025-03-08,136.94,38.04,bear
SOLUSDT,2025-03-09,126.44,34.68,bear
SOLUSDT,2025-03-10,118.29,32.3,bear
SOLUSDT,2025-03-11,125.26,36.33,bear
SOLUSDT,2025-03-12,126.58,37.1,bear
SOLUSDT,2025-03-13,123.29,35.94,bear
SOLUSDT,2025-03-14,133.31,41.89,bear
SOLUSDT,2025-03-15,135.91,43.35,bear
SOLUSDT,2025-03-16,125.99,39.27,bear
SOLUSDT,2025-03-17,128.16,40.59,bull
SOLUSDT,2025-03-18,125.31,39.38,bull
SOLUSDT,2025-03-19,135.57,45.65,bull
SOLUSDT,2025-03-20,127.5,41.97,bull
SOLUSDT,2025-03-21,128.43,42.55,bear
SOLUSDT,2025-03-22,128.48,42.59,bear
SOLUSDT,2025-03-23,132.6,45.36,bull
SOLUSDT,2025-03-24,140.87,50.53,bull
SOLUSDT,2025-03-25,143.82,52.26,bull
SOLUSDT,2025-03-26,137.29,48.23,bull
SOLUSDT,2025-03-27,138.35,48.92,bull
SOLUSDT,2025-03-28,129.42,43.65,bull
SOLUSDT,2025-03-29,124.59,41.07,sideways
SOLUSDT,2025-03-30,124.64,41.11,sideways
SOLUSDT,2025-03-31,124.69,41.16,sideways
SOLUSDT,2025-04-01,126.68,42.89,sideways
SOLUSDT,2025-04-02,117.76,37.55,sideways
SOLUSDT,2025-04-03,117.06,37.16,sideways
SOLUSDT,2025-04-04,122.79,42.44,sideways
SOLUSDT,2025-04-05,120.26,40.81,sideways
SOLUSDT,2025-04-06,105.71,32.96,sideways
SOLUSDT,2025-04-07,106.9,34.08,sideways
SOLUSDT,2025-04-08,105.51,33.38,sideways
SOLUSDT,2025-04-09,119.06,45.18,bull
SOLUSDT,2025-04-10,112.8,41.53,sideways
SOLUSDT,2025-04-11,121.53,47.87,sideways
SOLUSDT,2025-04-12,132.26,54.42,bull
SOLUSDT,2025-04-13,128.58,52.0,bull
SOLUSDT,2025-04-14,129.31,52.45,bull
SOLUSDT,2025-04-15,126.26,50.33,bull
SOLUSDT,2025-04-16,131.45,53.76,bull
SOLUSDT,2025-04-17,134.7,55.82,bull
SOLUSDT,2025-04-18,134.07,55.31,bull
SOLUSDT,2025-04-19,139.75,58.98,bull
SOLUSDT,2025-04-20,137.77,57.22,bull
SOLUSDT,2025-04-21,136.7,56.24,bull
SOLUSDT,2025-04-22,148.74,63.75,bull
SOLUSDT,2025-04-23,151.15,65.04,bull
SOLUSDT,2025-04-24,152.3,65.67,bull
SOLUSDT,2025-04-25,150.92,64.17,bull
SOLUSDT,2025-04-26,149.29,62.37,bull
SOLUSDT,2025-04-27,148.25,61.18,bull
SOLUSDT,2025-04-28,147.81,60.67,bull
SOLUSDT,2025-04-29,146.43,58.96,sideways
SOLUSDT,2025-04-30,147.64,60.02,sideways
SOLUSDT,2025-05-01,150.85,62.77,sideways
SOLUSDT,2025-05-02,148.05,58.96,sideways
SOLUSDT,2025-05-03,146.8,57.29,sideways
SOLUSDT,2025-05-04,143.98,53.6,sideways
SOLUSDT,2025-05-05,146.7,56.51,sideways
SOLUSDT,2025-05-06,146.77,56.58,bull
SOLUSDT,2025-05-07,147.21,57.1,sideways
SOLUSDT,2025-05-08,163.96,70.93,bull
SOLUSDT,2025-05-09,172.83,75.45,bull
SOLUSDT,2025-05-10,177.62,77.48,bull
SOLUSDT,2025-05-11,173.03,71.37,bull
SOLUSDT,2025-05-12,174.25,72.01,bull
SOLUSDT,2025-05-13,184.01,76.47,bull
SOLUSDT,2025-05-14,176.71,67.76,bull
SOLUSDT,2025-05-15,169.01,60.0,bull
SOLUSDT,2025-05-16,167.33,58.43,sideways
SOLUSDT,2025-05-17,165.93,57.08,sideways
SOLUSDT,2025-05-18,173.9,62.38,bull
SOLUSDT,2025-05-19,166.86,55.83,sideways
SOLUSDT,2025-05-20,168.48,56.95,sideways
SOLUSDT,2025-05-21,173.68,60.42,sideways
SOLUSDT,2025-05-22,179.69,64.04,bull
SOLUSDT,2025-05-23,173.83,58.43,bull
SOLUSDT,2025-05-24,176.04,59.86,bull
SOLUSDT,2025-05-25,175.73,59.54,bull
SOLUSDT,2025-05-26,174.91,58.68,bull
SOLUSDT,2025-05-27,176.82,60.13,bull
SOLUSDT,2025-05-28,172.19,55.1,sideways
SOLUSDT,2025-05-29,166.59,49.67,sideways
SOLUSDT,2025-05-30,156.23,41.53,sideways
SOLUSDT,2025-05-31,156.64,41.93,sideways
SOLUSDT,2025-06-01,157.78,43.12,sideways
SOLUSDT,2025-06-02,157.0,42.48,sideways
SOLUSDT,2025-06-03,155.34,41.09,sideways
SOLUSDT,2025-06-04,153.36,39.43,sideways
SOLUSDT,2025-06-05,144.54,33.04,sideways
SOLUSDT,2025-06-06,147.91,37.23,sideways
SOLUSDT,2025-06-07,150.13,39.9,sideways
SOLUSDT,2025-06-08,152.43,42.61,sideways
SOLUSDT,2025-06-09,161.09,51.52,bull
SOLUSDT,2025-06-10,165.03,54.94,bull
SOLUSDT,2025-06-11,161.06,51.03,bull
SOLUSDT,2025-06-12,152.79,44.0,bull
SOLUSDT,2025-06-13,148.63,40.95,bull
SOLUSDT,2025-06-14,144.76,38.29,sideways
SOLUSDT,2025-06-15,152.81,46.13,bull
SOLUSDT,2025-06-16,150.87,44.66,sideways
SOLUSDT,2025-06-17,147.75,42.32,sideways
SOLUSDT,2025-06-18,146.35,41.27,sideways
SOLUSDT,2025-06-19,147.07,42.06,sideways
SOLUSDT,2025-06-20,140.17,36.92,sideways
SOLUSDT,2025-06-21,135.16,33.7,sideways
SOLUSDT,2025-06-22,131.62,31.59,sideways
SOLUSDT,2025-06-23,144.85,45.31,sideways
SOLUSDT,2025-06-24,145.95,46.28,sideways
SOLUSDT,2025-06-25,143.51,44.4,sideways
SOLUSDT,2025-06-26,139.06,41.14,sideways
SOLUSDT,2025-06-27,142.19,44.25,bull
SOLUSDT,2025-06-28,150.83,51.8,bull
SOLUSDT,2025-06-29,153.35,53.77,bull
SOLUSDT,2025-06-30,154.74,54.86,bull
SOLUSDT,2025-07-01,146.93,47.99,bull
SOLUSDT,2025-07-02,152.23,52.35,bull
SOLUSDT,2025-07-03,152.4,52.49,bull
SOLUSDT,2025-07-04,147.76,48.38,bull
SOLUSDT,2025-07-05,147.64,48.28,sideways
SOLUSDT,2025-07-06,151.87,52.22,sideways
SOLUSDT,2025-07-07,148.87,49.35,sideways
SOLUSDT,2025-07-08,151.81,52.13,bull
SOLUSDT,2025-07-09,157.28,56.88,bull
SOLUSDT,2025-07-10,164.06,61.92,bull
SOLUSDT,2025-07-11,162.88,60.59,bull
SOLUSDT,2025-07-12,160.68,58.09,bull
SOLUSDT,2025-07-13,161.19,58.52,bull
SOLUSDT,2025-07-14,162.28,59.46,bull
SOLUSDT,2025-07-15,163.95,60.94,bull
SOLUSDT,2025-07-16,173.71,68.23,bull
SOLUSDT,2025-07-17,175.79,69.54,bull
SOLUSDT,2025-07-18,177.38,70.54,bull
SOLUSDT,2025-07-19,177.07,70.05,bull
SOLUSDT,2025-07-20,181.55,72.92,bull
SOLUSDT,2025-07-21,195.99,79.69,bull
SOLUSDT,2025-07-22,205.7,82.8,bull
SOLUSDT,2025-07-23,189.54,64.97,bull
SOLUSDT,2025-07-24,182.61,59.08,bull
SOLUSDT,2025-07-25,186.78,61.35,bull
SOLUSDT,2025-07-26,184.91,59.75,bull
SOLUSDT,2025-07-27,188.73,61.94,bull
SOLUSDT,2025-07-28,182.54,56.58,sideways
SOLUSDT,2025-07-29,181.34,55.57,sideways
SOLUSDT,2025-07-30,177.69,52.53,sideways
SOLUSDT,2025-07-31,172.42,48.4,sideways
SOLUSDT,2025-08-01,162.88,41.97,sideways
SOLUSDT,2025-08-02,158.48,39.37,sideways
SOLUSDT,2025-08-03,161.95,42.4,sideways
SOLUSDT,2025-08-04,169.43,48.38,sideways
SOLUSDT,2025-08-05,164.1,44.81,sideways
SOLUSDT,2025-08-06,168.18,47.97,sideways
SOLUSDT,2025-08-07,175.49,53.16,bull
SOLUSDT,2025-08-08,176.76,54.02,bull
SOLUSDT,2025-08-09,180.18,56.34,bull
SOLUSDT,2025-08-10,182.9,58.15,bull
SOLUSDT,2025-08-11,174.98,51.46,bull
SOLUSDT,2025-08-12,191.86,61.59,bull
SOLUSDT,2025-08-13,201.59,66.0,bull
SOLUSDT,2025-08-14,192.59,59.23,bull
SOLUSDT,2025-08-15,185.74,54.64,bull
SOLUSDT,2025-08-16,189.77,56.76,bull
SOLUSDT,2025-08-17,191.16,57.51,bull
SOLUSDT,2025-08-18,183.07,51.94,bull
SOLUSDT,2025-08-19,176.11,47.67,sideways
SOLUSDT,2025-08-20,187.59,54.34,sideways
SOLUSDT,2025-08-21,180.28,49.97,sideways
SOLUSDT,2025-08-22,200.65,59.69,bull
SOLUSDT,2025-08-23,203.94,61.01,bull
SOLUSDT,2025-08-24,205.85,61.8,bull
SOLUSDT,2025-08-25,187.28,51.08,bull
SOLUSDT,2025-08-26,195.91,54.98,bull
SOLUSDT,2025-08-27,202.92,57.93,bull
SOLUSDT,2025-08-28,214.41,62.27,bull
SOLUSDT,2025-08-29,205.22,57.18,bull
SOLUSDT,2025-08-30,202.86,55.92,sideways
SOLUSDT,2025-08-31,200.86,54.81,sideways
SOLUSDT,2025-09-01,197.11,52.71,bull
SOLUSDT,2025-09-02,209.48,58.39,bull
SOLUSDT,2025-09-03,210.75,58.93,bull
SOLUSDT,2025-09-04,202.56,54.02,sideways
SOLUSDT,2025-09-05,203.5,54.48,sideways
SOLUSDT,2025-09-06,200.25,52.49,sideways
SOLUSDT,2025-09-07,206.47,55.82,bull
SOLUSDT,2025-09-08,214.19,59.61,bull
SOLUSDT,2025-09-09,217.25,61.04,bull
SOLUSDT,2025-09-10,223.99,64.04,bull
SOLUSDT,2025-09-11,228.76,66.04,bull
SOLUSDT,2025-09-12,242.3,70.98,bull
SOLUSDT,2025-09-13,242.6,71.08,bull
SOLUSDT,2025-09-14,240.56,69.32,bull
SOLUSDT,2025-09-15,234.36,64.14,bull
SOLUSDT,2025-09-16,236.99,65.33,bull
SOLUSDT,2025-09-17,244.86,68.66,bull
SOLUSDT,2025-09-18,247.64,69.77,bull
SOLUSDT,2025-09-19,238.55,62.06,sideways
SOLUSDT,2025-09-20,239.59,62.57,sideways
SOLUSDT,2025-09-21,236.58,60.05,sideways
SOLUSDT,2025-09-22,220.5,48.77,sideways
SOLUSDT,2025-09-23,213.72,44.94,sideways
SOLUSDT,2025-09-24,211.76,43.87,sideways
SOLUSDT,2025-09-25,192.38,34.98,sideways
SOLUSDT,2025-09-26,205.35,43.27,sideways
SOLUSDT,2025-09-27,203.58,42.47,sideways
SOLUSDT,2025-09-28,210.74,46.74,sideways
SOLUSDT,2025-09-29,213.05,48.08,sideways
SOLUSDT,2025-09-30,208.74,45.77,sideways
SOLUSDT,2025-10-01,221.68,53.06,bull
SOLUSDT,2025-10-02,234.86,59.09,bull
SOLUSDT,2025-10-03,233.0,57.96,bull
SOLUSDT,2025-10-04,228.0,54.92,bull
SOLUSDT,2025-10-05,228.6,55.22,bull
SOLUSDT,2025-10-06,232.52,57.25,bull
SOLUSDT,2025-10-07,220.48,49.79,bull
SOLUSDT,2025-10-08,229.1,54.37,bull
SOLUSDT,2025-10-09,220.99,49.77,sideways
SOLUSDT,2025-10-10,188.66,36.5,sideways
SOLUSDT,2025-10-11,178.05,33.35,sideways
SOLUSDT,2025-10-12,197.51,43.04,sideways
SOLUSDT,2025-10-13,208.37,47.62,sideways
SOLUSDT,2025-10-14,202.46,45.48,sideways
SOLUSDT,2025-10-15,194.02,42.53,sideways
SOLUSDT,2025-10-16,184.69,39.49,sideways
SOLUSDT,2025-10-17,182.03,38.64,sideways
SOLUSDT,2025-10-18,187.66,41.51,bull
SOLUSDT,2025-10-19,187.8,41.58,sideways
SOLUSDT,2025-10-20,189.75,42.65,sideways
SOLUSDT,2025-10-21,185.67,40.96,sideways
SOLUSDT,2025-10-22,180.15,38.71,sideways
SOLUSDT,2025-10-23,191.39,45.29,bull
SOLUSDT,2025-10-24,193.56,46.48,bull
SOLUSDT,2025-10-25,194.04,46.76,bull
SOLUSDT,2025-10-26,200.03,50.22,bull
SOLUSDT,2025-10-27,198.74,49.47,bull
SOLUSDT,2025-10-28,194.44,46.97,bull
SOLUSDT,2025-10-29,194.41,46.95,bull
SOLUSDT,2025-10-30,184.62,41.42,sideways
SOLUSDT,2025-10-31,187.21,43.32,sideways
SOLUSDT,2025-11-01,186.38,42.84,sideways
SOLUSDT,2025-11-02,187.83,44.01,sideways
SOLUSDT,2025-11-03,166.09,33.09,sideways
SOLUSDT,2025-11-04,155.4,29.25,sideways
SOLUSDT,2025-11-05,162.57,34.72,sideways
SOLUSDT,2025-11-06,155.07,31.94,sideways
SOLUSDT,2025-11-07,161.71,36.77,sideways
SOLUSDT,2025-11-08,158.1,35.31,sideways
SOLUSDT,2025-11-09,164.45,39.85,sideways
SOLUSDT,2025-11-10,167.37,41.87,bull
SOLUSDT,2025-11-11,154.57,36.13,sideways
SOLUSDT,2025-11-12,153.26,35.6,sideways
SOLUSDT,2025-11-13,145.11,32.37,sideways
SOLUSDT,2025-11-14,138.68,30.05,sideways
SOLUSDT,2025-11-15,139.54,30.77,sideways
SOLUSDT,2025-11-16,137.27,29.9,sideways
SOLUSDT,2025-11-17,130.85,27.54,sideways
SOLUSDT,2025-11-18,140.71,35.92,sideways
SOLUSDT,2025-11-19,136.77,34.21,sideways
SOLUSDT,2025-11-20,133.52,32.83,sideways
SOLUSDT,2025-11-21,128.5,30.77,sideways
SOLUSDT,2025-11-22,127.55,30.38,sideways
SOLUSDT,2025-11-23,130.71,33.39,sideways
SOLUSDT,2025-11-24,138.37,40.18,bull
SOLUSDT,2025-11-25,138.89,40.62,sideways
SOLUSDT,2025-11-26,143.01,44.14,bull
SOLUSDT,2025-11-27,140.85,42.71,bull
SOLUSDT,2025-11-28,137.39,40.45,bull
SOLUSDT,2025-11-29,136.08,39.6,bull
SOLUSDT,2025-11-30,133.56,37.94,bull
SOLUSDT,2025-12-01,126.71,33.79,sideways
SOLUSDT,2025-12-02,138.67,45.08,sideways
SOLUSDT,2025-12-03,144.9,49.87,bull
SOLUSDT,2025-12-04,139.01,45.8,sideways
SOLUSDT,2025-12-05,133.32,42.22,sideways
SOLUSDT,2025-12-06,132.35,41.62,sideways
SOLUSDT,2025-12-07,132.09,41.45,sideways
SOLUSDT,2025-12-08,133.28,42.6,bull
SOLUSDT,2025-12-09,137.9,46.96,sideways
SOLUSDT,2025-12-10,136.47,45.8,sideways
SOLUSDT,2025-12-11,136.37,45.72,sideways
SOLUSDT,2025-12-12,132.32,42.29,sideways
SOLUSDT,2025-12-13,133.25,43.34,bull
SOLUSDT,2025-12-14,129.48,40.15,sideways
SOLUSDT,2025-12-15,127.76,38.74,sideways
SOLUSDT,2025-12-16,129.25,40.68,sideways
SOLUSDT,2025-12-17,123.12,35.69,sideways
SOLUSDT,2025-12-18,119.57,33.16,sideways
SOLUSDT,2025-12-19,126.19,41.51,sideways
SOLUSDT,2025-12-20,125.81,41.18,sideways
SOLUSDT,2025-12-21,125.99,41.42,sideways
SOLUSDT,2025-12-22,125.8,41.23,sideways
SOLUSDT,2025-12-23,123.86,39.33,sideways
SOLUSDT,2025-12-24,122.46,37.96,sideways
SOLUSDT,2025-12-25,119.95,35.58,bull
SOLUSDT,2025-12-26,122.2,39.26,sideways
SOLUSDT,2025-12-27,124.65,43.07,sideways
SOLUSDT,2025-12-28,125.2,43.92,sideways
SOLUSDT,2025-12-29,123.13,41.41,sideways
SOLUSDT,2025-12-30,124.93,44.39,bull
SOLUSDT,2025-12-31,124.48,43.8,bull
SOLUSDT,2026-01-01,126.76,47.64,bull
SOLUSDT,2026-01-02,132.13,55.4,bull
SOLUSDT,2026-01-03,133.3,56.89,bull
SOLUSDT,2026-01-04,133.9,57.67,bull
SOLUSDT,2026-01-05,137.99,62.66,bull
SOLUSDT,2026-01-06,141.1,65.95,bull
SOLUSDT,2026-01-07,136.31,57.55,bull
SOLUSDT,2026-01-08,138.29,59.83,bull
SOLUSDT,2026-01-09,135.76,55.71,bull
SOLUSDT,2026-01-10,135.73,55.66,bull
SOLUSDT,2026-01-11,139.49,60.36,bull
SOLUSDT,2026-01-12,139.14,59.71,bull
SOLUSDT,2026-01-13,145.36,66.46,bull
SOLUSDT,2026-01-14,146.75,67.76,bull
SOLUSDT,2026-01-15,142.33,59.83,bull
SOLUSDT,2026-01-16,144.86,62.53,bull
SOLUSDT,2026-01-17,143.73,60.56,bull
SOLUSDT,2026-01-18,138.0,51.71,sideways
SOLUSDT,2026-01-19,133.34,45.84,sideways
SOLUSDT,2026-01-20,125.71,38.2,sideways
SOLUSDT,2026-01-21,129.38,43.12,sideways
SOLUSDT,2026-01-22,128.29,42.05,sideways
SOLUSDT,2026-01-23,127.36,41.11,sideways
SOLUSDT,2026-01-24,127.05,40.79,sideways
SOLUSDT,2026-01-25,118.77,33.21,sideways
SOLUSDT,2026-01-26,124.14,40.88,sideways
SOLUSDT,2026-01-27,127.05,44.6,bull
SOLUSDT,2026-01-28,125.12,42.68,sideways
SOLUSDT,2026-01-29,117.61,36.17,sideways
SOLUSDT,2026-01-30,117.36,35.98,sideways
SOLUSDT,2026-01-31,105.44,28.12,sideways
SOLUSDT,2026-02-01,100.85,25.79,sideways
SOLUSDT,2026-02-02,104.47,30.68,sideways
SOLUSDT,2026-02-03,97.56,27.02,sideways
SOLUSDT,2026-02-04,92.03,24.5,sideways
SOLUSDT,2026-02-05,78.19,19.58,sideways
SOLUSDT,2026-02-06,87.46,29.76,sideways
SOLUSDT,2026-02-07,87.64,29.94,sideways
SOLUSDT,2026-02-08,87.04,29.66,sideways
SOLUSDT,2026-02-09,86.7,29.49,sideways
SOLUSDT,2026-02-10,82.92,27.61,sideways
SOLUSDT,2026-02-11,79.25,25.88,sideways
SOLUSDT,2026-02-12,78.35,25.46,bull
SOLUSDT,2026-02-13,84.32,33.22,sideways
SOLUSDT,2026-02-14,88.16,37.7,bull
SOLUSDT,2026-02-15,86.01,36.23,sideways
SOLUSDT,2026-02-16,86.43,36.75,sideways
SOLUSDT,2026-02-17,85.2,35.83,bull
SOLUSDT,2026-02-18,81.57,33.2,bull
SOLUSDT,2026-02-19,82.39,34.38,bull
SOLUSDT,2026-02-20,84.64,37.61,bull
SOLUSDT,2026-02-21,85.21,38.45,sideways
SOLUSDT,2026-02-22,82.79,36.24,sideways
SOLUSDT,2026-02-23,77.75,32.12,sideways
SOLUSDT,2026-02-24,79.04,34.17,sideways
SOLUSDT,2026-02-25,87.92,46.29,bull
SOLUSDT,2026-02-26,85.91,44.31,bull
SOLUSDT,2026-02-27,81.95,40.61,sideways
SOLUSDT,2026-02-28,84.37,43.7,sideways
SOLUSDT,2026-03-01,83.58,42.91,bull
SOLUSDT,2026-03-02,86.63,46.89,bull
SOLUSDT,2026-03-03,87.02,47.39,bull
SOLUSDT,2026-03-04,90.83,52.17,bull
SOLUSDT,2026-03-05,88.69,49.45,bull
SOLUSDT,2026-03-06,84.68,44.75,bull
SOLUSDT,2026-03-07,83.18,43.1,sideways
SOLUSDT,2026-03-08,81.62,41.4,sideways
SOLUSDT,2026-03-09,84.94,46.27,sideways
SOLUSDT,2026-03-10,85.84,47.55,sideways
SOLUSDT,2026-03-11,86.56,48.61,sideways
SOLUSDT,2026-03-12,86.87,49.07,sideways
SOLUSDT,2026-03-13,88.15,51.08,bull
SOLUSDT,2026-03-14,88.07,50.95,bull
SOLUSDT,2026-03-15,92.25,57.3,bull
SOLUSDT,2026-03-16,96.22,62.29,bull
SOLUSDT,2026-03-17,94.71,59.43,bull
SOLUSDT,2026-03-18,90.07,51.63,bull
SOLUSDT,2026-03-19,88.92,49.88,bull
SOLUSDT,2026-03-20,89.85,51.32,bull
SOLUSDT,2026-03-21,87.47,47.56,sideways
SOLUSDT,2026-03-22,86.13,45.54,sideways
SOLUSDT,2026-03-23,91.42,53.88,sideways
SOLUSDT,2026-03-24,90.82,52.89,sideways
SOLUSDT,2026-03-25,91.71,54.22,bull
SOLUSDT,2026-03-26,86.44,45.9,sideways
SOLUSDT,2026-03-27,83.02,41.45,sideways
SOLUSDT,2026-03-28,82.02,40.21,sideways
SOLUSDT,2026-03-29,81.42,39.47,sideways
SOLUSDT,2026-03-30,82.44,41.48,sideways
SOLUSDT,2026-03-31,83.11,42.81,sideways
SOLUSDT,2026-04-01,81.2,39.99,sideways
SOLUSDT,2026-04-02,78.95,36.91,sideways
SOLUSDT,2026-04-03,80.37,40.05,sideways
SOLUSDT,2026-04-04,80.81,41.03,sideways
SOLUSDT,2026-04-05,81.85,43.4,bull
SOLUSDT,2026-04-06,80.15,40.54,sideways
SOLUSDT,2026-04-07,85.65,51.62,bull
SOLUSDT,2026-04-08,82.58,46.42,bull
SOLUSDT,2026-04-09,83.3,47.74,bull
SOLUSDT,2026-04-10,84.83,50.55,bull
SOLUSDT,2026-04-11,84.95,50.78,bull
SOLUSDT,2026-04-12,81.54,44.6,sideways
SOLUSDT,2026-04-13,86.66,53.7,bull
SOLUSDT,2026-04-14,83.77,48.84,sideways
SOLUSDT,2026-04-15,84.92,50.75,bull
SOLUSDT,2026-04-16,88.99,56.9,bull
SOLUSDT,2026-04-17,88.87,56.68,bull
SOLUSDT,2026-04-18,86.2,51.78,bull
SOLUSDT,2026-04-19,83.58,47.44,bull
SOLUSDT,2026-04-20,85.33,50.43,sideways
SOLUSDT,2026-04-21,86.03,51.61,bull
SOLUSDT,2026-04-22,86.92,53.13,bull
SOLUSDT,2026-04-23,86.14,51.6,sideways
SOLUSDT,2026-04-24,86.23,51.78,sideways
SOLUSDT,2026-04-25,86.15,51.6,sideways
SOLUSDT,2026-04-26,86.97,53.36,bull
SOLUSDT,2026-04-27,84.82,48.37,sideways
SOLUSDT,2026-04-28,84.04,46.67,sideways
SOLUSDT,2026-04-29,83.03,44.49,sideways
SOLUSDT,2026-04-30,83.02,44.48,sideways
SOLUSDT,2026-05-01,83.72,46.49,sideways
SOLUSDT,2026-05-02,84.28,48.09,sideways
SOLUSDT,2026-05-03,83.9,47.06,sideways
SOLUSDT,2026-05-04,84.09,47.67,sideways
SOLUSDT,2026-05-05,86.32,54.32,bull
SOLUSDT,2026-05-06,89.15,61.07,bull
SOLUSDT,2026-05-07,88.4,58.63,bull
SOLUSDT,2026-05-08,91.95,65.71,bull
SOLUSDT,2026-05-09,93.15,67.72,bull
SOLUSDT,2026-05-10,96.43,72.48,bull
SOLUSDT,2026-05-11,97.35,73.65,bull
SOLUSDT,2026-05-12,94.28,63.88,bull
SOLUSDT,2026-05-13,91.09,55.59,bull
SOLUSDT,2026-05-14,92.15,57.57,bull
SOLUSDT,2026-05-15,89.2,50.83,sideways
SOLUSDT,2026-05-16,86.54,45.63,sideways
SOLUSDT,2026-05-17,85.17,43.2,sideways
SOLUSDT,2026-05-18,85.3,43.49,sideways
SOLUSDT,2026-05-19,84.21,41.46,sideways
SOLUSDT,2026-05-20,86.04,46.04,sideways
SOLUSDT,2026-05-21,87.16,48.67,sideways
SOLUSDT,2026-05-22,84.31,42.91,sideways
SOLUSDT,2026-05-23,85.66,46.17,sideways
SOLUSDT,2026-05-24,85.25,45.32,bull
SOLUSDT,2026-05-25,85.01,44.81,sideways
SOLUSDT,2026-05-26,83.59,41.77,sideways
SOLUSDT,2026-05-27,82.37,39.31,sideways
SOLUSDT,2026-05-28,81.99,38.54,sideways
SOLUSDT,2026-05-29,81.93,38.43,sideways
SOLUSDT,2026-05-30,82.55,40.59,sideways
SOLUSDT,2026-05-31,82.3,39.98,sideways
SOLUSDT,2026-06-01,81.09,37.06,sideways
SOLUSDT,2026-06-02,74.14,25.54,sideways
SOLUSDT,2026-06-03,71.61,22.77,sideways
SOLUSDT,2026-06-04,68.72,20.08,sideways
SOLUSDT,2026-06-05,63.49,16.33,sideways
SOLUSDT,2026-06-06,62.19,15.55,sideways
SOLUSDT,2026-06-07,66.31,27.36,sideways
SOLUSDT,2026-06-08,66.79,28.63,sideways
SOLUSDT,2026-06-09,64.96,26.73,sideways
SOLUSDT,2026-06-10,63.16,24.98,sideways
SOLUSDT,2026-06-11,66.82,34.38,sideways
SOLUSDT,2026-06-12,66.75,34.29,bull
SOLUSDT,2026-06-13,68.87,39.39,bull
SOLUSDT,2026-06-14,71.17,44.41,bull
SOLUSDT,2026-06-15,73.98,49.88,bull
SOLUSDT,2026-06-16,73.41,48.84,bull
SOLUSDT,2026-06-17,71.93,46.12,bull
SOLUSDT,2026-06-18,69.63,42.19,bull
SOLUSDT,2026-06-19,69.72,42.4,bull
SOLUSDT,2026-06-20,73.17,49.81,bull
SOLUSDT,2026-06-21,72.42,48.35,bull
SOLUSDT,2026-06-22,71.91,47.34,sideways
SOLUSDT,2026-06-23,69.64,43.03,sideways
SOLUSDT,2026-06-24,67.98,40.14,sideways
SOLUSDT,2026-06-25,67.57,39.44,sideways
SOLUSDT,2026-06-26,71.84,49.37,bull
SOLUSDT,2026-06-27,70.41,46.62,sideways
SOLUSDT,2026-06-28,71.31,48.57,sideways
SOLUSDT,2026-06-29,74.95,55.62,bull
SOLUSDT,2026-06-30,73.52,52.58,bull
SOLUSDT,2026-07-01,77.38,59.11,bull
SOLUSDT,2026-07-02,80.64,63.66,bull
SOLUSDT,2026-07-03,82.28,65.72,bull
SOLUSDT,2026-07-04,81.65,64.21,bull
SOLUSDT,2026-07-05,81.42,63.64,bull
SOLUSDT,2026-07-06,81.92,64.38,bull
SOLUSDT,2026-07-07,80.65,60.96,bull
SOLUSDT,2026-07-08,77.79,53.99,bull
SOLUSDT,2026-07-09,78.05,54.5,sideways
SOLUSDT,2026-07-10,78.07,54.54,sideways
SOLUSDT,2026-07-11,76.82,51.39,sideways
SOLUSDT,2026-07-12,76.87,51.51,sideways
SOLUSDT,2026-07-13,74.86,46.48,sideways
SOLUSDT,2026-07-14,77.76,53.53,sideways
SOLUSDT,2026-07-15,77.26,52.25,sideways
SOLUSDT,2026-07-16,75.27,47.4,sideways
SOLUSDT,2026-07-17,75.01,46.79,sideways
SOLUSDT,2026-07-18,75.46,48.04,sideways
SOLUSDT,2026-07-19,76.36,50.52,sideways
SOLUSDT,2026-07-20,77.79,54.3,bull
SOLUSDT,2026-07-21,78.11,55.11,bull
SOLUSDT,2026-07-22,77.91,54.44,bull
SOLUSDT,2026-07-23,75.86,48.1,bull
SOLUSDT,2026-07-24,73.88,42.9,sideways
SOLUSDT,2026-07-25,74.43,44.69,sideways
SOLUSDT,2026-07-26,76.6,51.2,bull
SOLUSDT,2026-07-27,74.14,44.77,sideways
SOLUSDT,2026-07-28,73.7,43.71,sideways
SOLUSDT,2026-07-29,73.6,43.45,sideways
SOLUSDT,2026-07-30,74.47,46.34,sideways
SOLUSDT,2026-07-31,72.79,41.9,sideways
SOLUSDT,2026-08-01,71.87,39.65,sideways
SOLUSDT,2026-08-02,73.45,45.09,sideways
SOLUSDT,2026-08-03,73.47,45.18,sideways
SOLUSDT,2026-08-04,73.72,46.05,bull
SOLUSDT,2026-08-05,73.96,46.95,bull
