date,turbulence_raw,turbulence_norm,turbulence_level
2021-05-20,11.597744306694047,0.497404828599185,moderate
2021-05-21,7.207556751916744,0.30903283939277243,moderate
2021-05-22,6.171048676994034,0.26455886522526,moderate
2021-05-23,7.852636865122125,0.3367116168039483,moderate
2021-05-24,20.479702236177456,0.8785074722445155,extreme
2021-05-25,1.2359996486268368,0.05280823026819407,low
2021-05-26,3.3846489013946015,0.14500140625455962,low
2021-05-27,1.2629471007569444,0.0539644781729719,low
2021-05-28,5.317862112284978,0.2279507594545754,low
2021-05-29,1.3749477209528616,0.058770145210066634,low
2021-05-30,0.4865524985795038,0.02065132382672106,low
2021-05-31,5.5702214308046,0.23877886787390407,low
2021-06-01,0.6935801522514886,0.02953436366416287,low
2021-06-02,0.8666249589725441,0.03695928436679056,low
2021-06-03,2.6737067608792087,0.1144966536560473,low
2021-06-04,2.41876804672419,0.10355786980868115,low
2021-06-05,1.6227490933942452,0.0694026835407053,low
2021-06-06,0.4056226555258198,0.017178826278046615,low
2021-06-07,3.5406699147664242,0.1516958784792984,low
2021-06-08,1.964180509485623,0.08405265332541481,low
2021-06-09,10.715837063762434,0.45956439021841566,moderate
2021-06-10,1.2237205280812848,0.05228136385667734,low
2021-06-11,3.8717191345226056,0.1659003741352627,low
2021-06-12,3.030738173065619,0.12981598033254513,low
2021-06-13,5.77856952357596,0.24771856445702514,low
2021-06-14,0.5124856977413355,0.021764052668404477,low
2021-06-15,0.38033765036245903,0.01609390982281825,low
2021-06-16,3.1433547704352387,0.13464807741256363,low
2021-06-17,0.18425971097781396,0.007680694892812013,low
2021-06-18,2.3940265729872228,0.10249627493019829,low
2021-06-19,0.43728266670994664,0.018537278328360846,low
2021-06-20,0.5447452329344976,0.023148228797416914,low
2021-06-21,11.431678554839786,0.4902793617198019,moderate
2021-06-22,0.955453163845179,0.04077068090525616,low
2021-06-23,1.4062667716243775,0.060113967495889035,low
2021-06-24,0.9441507430757742,0.040285722243099724,low
2021-06-25,4.355080533653711,0.18664020520713584,low
2021-06-26,0.20568019602594406,0.008599794436495896,low
2021-06-27,2.4986426001550917,0.10698508751385184,low
2021-06-28,1.7541834650227799,0.075042204341319,low
2021-06-29,0.6627049856919789,0.028209587337564866,low
2021-06-30,3.264769686265738,0.13985768837541016,low
2021-07-01,1.7490510768228702,0.07482198637510831,low
2021-07-02,0.02382232187263178,0.0007967270094946826,low
2021-07-03,0.28206273400605364,0.01187717847542848,low
2021-07-04,0.6716176655682085,0.02859200818325707,low
2021-07-05,1.2718819819145342,0.05434785162022852,low
2021-07-06,0.9418546394107756,0.04018720216635966,low
2021-07-07,0.6362123832918622,0.027072855899306827,low
2021-07-08,2.7739185643176585,0.1187964919932776,low
2021-07-09,0.505371778364784,0.021458812145694502,low
2021-07-10,0.41331640995369734,0.017508946075426992,low
2021-07-11,0.22246165873361345,0.009319845111460116,low
2021-07-12,0.9122597856761476,0.03891736086716544,low
2021-07-13,1.0786012661233029,0.04605465857219702,low
2021-07-14,0.4707539910394981,0.019973449304352426,low
2021-07-15,1.4162418522493367,0.06054197330574861,low
2021-07-16,0.8653967870497227,0.03690658657534026,low
2021-07-17,0.005253844593317568,0.0,low
2021-07-18,0.12470250642317392,0.005125243911834537,low
2021-07-19,1.2943637013290252,0.05531248608152386,low
2021-07-20,0.9302718616229382,0.039690214084368375,low
2021-07-21,3.4884669323069106,0.14945597881084227,low
2021-07-22,0.0819406541329625,0.0032904395720307635,low
2021-07-23,0.6819963301585469,0.029037330773646352,low
2021-07-24,0.2594075425646478,0.010905100762478427,low
2021-07-25,1.1464091980374382,0.04896412766873693,low
2021-07-26,2.3517843525315842,0.10068376669531308,low
2021-07-27,2.0364069219228886,0.08715170839180834,low
2021-07-28,0.31880471676121686,0.013453685240258232,low
2021-07-29,1.7806928212793443,0.0761796546457363,low
2021-07-30,1.6012451221972968,0.06848000181477343,low
2021-07-31,2.7119571864681316,0.11613788393750456,low
2021-08-01,3.25409336513515,0.13939959408588787,low
2021-08-02,1.366262160355601,0.05839746948570074,low
2021-08-03,0.9778388934591001,0.04173119668381841,low
2021-08-04,1.903731726020213,0.08145894691893199,low
2021-08-05,0.3047624789363771,0.012851167867373744,low
2021-08-06,1.530912365174375,0.06546219877527411,low
2021-08-07,2.9554160503716314,0.12658409606653553,low
2021-08-08,0.9079964973718108,0.03873443380803002,low
2021-08-09,1.5548752821727687,0.06649038772753506,low
2021-08-10,0.5361641025321064,0.02278003391203461,low
2021-08-11,0.03538603860563737,0.0012928972292032656,low
2021-08-12,0.6082647619060542,0.025873693228385494,low
2021-08-13,2.6066063484417112,0.11161754245414257,low
2021-08-14,0.2406872044458658,0.010101857783436616,low
2021-08-15,5.993700975681502,0.2569493180565808,moderate
2021-08-16,5.939357655296229,0.2546175818304335,moderate
2021-08-17,1.1396632707340864,0.04867467676730757,low
2021-08-18,1.9658289411386343,0.08412338341283684,low
2021-08-19,1.1100131760748924,0.047402465217932406,low
2021-08-20,1.9982107032373533,0.0855128039932644,low
2021-08-21,0.781979958993277,0.0333273787081996,low
2021-08-22,0.1704238208257836,0.007087031383483519,low
2021-08-23,0.14946750278302706,0.006187848087348342,low
2021-08-24,1.2486536707832172,0.053351182772003514,low
2021-08-25,0.34263639345429286,0.014476242998619548,low
2021-08-26,1.5983684732857646,0.06835657199065939,low
2021-08-27,2.7598389199694,0.11819236959984723,low
2021-08-28,1.2343088715004624,0.05273568324221262,low
2021-08-29,0.21727341499376462,0.009097230523457026,low
2021-08-30,4.96998312877246,0.21302414064621752,low
2021-08-31,2.919548181545272,0.12504509534843097,low
2021-09-01,4.752431425398628,0.2036895401061613,low
2021-09-02,3.441812299701701,0.14745414498486498,low
2021-09-03,1.7207860609179413,0.07360920509765047,low
2021-09-04,0.6641155747932678,0.02827011219479415,low
2021-09-05,0.936252509257353,0.039946828745491776,low
2021-09-06,3.4667702075877775,0.14852502651242402,low
2021-09-07,9.250587003393996,0.3966941676795019,moderate
2021-09-08,1.5180668808512485,0.0649110311078167,low
2021-09-09,0.6655172940206255,0.028330256467873995,low
2021-09-10,1.3887345633207793,0.05936170420141174,low
2021-09-11,0.2141375008916435,0.008962676277191581,low
2021-09-12,1.0794131276917798,0.04608949352553468,low
2021-09-13,0.594584039883867,0.025286687596178487,low
2021-09-14,3.0436194183930256,0.13036868241542973,low
2021-09-15,1.0508227266054215,0.04486275078216692,low
2021-09-16,0.47882501951544526,0.02031975698938546,low
2021-09-17,1.326662615215063,0.05669835185195064,low
2021-09-18,2.9157686927157793,0.12488292691710275,low
2021-09-19,1.7578843514561786,0.07520100014003783,low
2021-09-20,5.54800044707126,0.23782542092983952,low
2021-09-21,1.7134904001600109,0.07329616650592766,low
2021-09-22,4.816128065316241,0.20642260392572154,low
2021-09-23,0.6000559419017915,0.025521473252827116,low
2021-09-24,1.8086714267142485,0.07738014676486209,low
2021-09-25,0.23803825389696334,0.009988197927683259,low
2021-09-26,1.2262241643703256,0.05238878864027292,low
2021-09-27,0.7588993823887392,0.03233704877974434,low
2021-09-28,0.7219240305896966,0.03075052873177662,low
2021-09-29,0.06755302724218946,0.0026731024164859205,low
2021-09-30,1.4846208182643121,0.06347594405014247,low
2021-10-01,5.351740545853874,0.22940439847180277,low
2021-10-02,0.8270977148015226,0.03526326898716503,low
2021-10-03,0.05805811571568829,0.00226569946404494,low
2021-10-04,1.340146593981508,0.05727691572216351,low
2021-10-05,1.9921683623330415,0.08525354222792823,low
2021-10-06,7.332757857899086,0.3144049063239614,moderate
2021-10-07,1.1893834698999428,0.050808046402146895,low
2021-10-08,0.20017904973974265,0.008363753981294936,low
2021-10-09,0.5682508152911624,0.024156794661798237,low
2021-10-10,1.5711188992954477,0.0671873607910154,low
2021-10-11,2.1534628018202207,0.09217428400377121,low
2021-10-12,0.9763556933332149,0.04166755626877506,low
2021-10-13,1.0980948519025162,0.04689107967817014,low
2021-10-14,2.221157242834746,0.09507888348910438,low
2021-10-15,5.978152409471168,0.25628216789276576,moderate
2021-10-16,0.3462570034919729,0.01463159433758372,low
2021-10-17,0.09851618541623328,0.004001654243619258,low
2021-10-18,1.0317714381981493,0.04404530755236282,low
2021-10-19,1.084439299368672,0.04630515400587995,low
2021-10-20,2.3397890546254416,0.10016907840477643,low
2021-10-21,4.42294247471418,0.18955199170132753,low
2021-10-22,0.6408335138047603,0.027271137074367287,low
2021-10-23,1.5106594316698727,0.06459319595388967,low
2021-10-24,0.36993277618351994,0.01564746264440639,low
2021-10-25,0.6786200878918371,0.028892464645744638,low
2021-10-26,1.9079708616097224,0.08164083764536409,low
2021-10-27,1.4332136307659507,0.061270189957009065,low
2021-10-28,2.7875170801723534,0.11937997036404023,low
2021-10-29,0.3769312781442927,0.015947750893909804,low
2021-10-30,0.35533000103964535,0.01502089401437319,low
2021-10-31,0.24901028718859763,0.010458980487880503,low
2021-11-01,0.15326029366432917,0.006350587276515184,low
2021-11-02,1.0786521836255805,0.04605684331511968,low
2021-11-03,1.7678712959900698,0.07562951500061504,low
2021-11-04,0.546736703776221,0.023233677840133502,low
2021-11-05,0.5432417583263238,0.023083718454947638,low
2021-11-06,1.3890727126542508,0.05937621334522396,low
2021-11-07,1.463180839830088,0.0625560080939206,low
2021-11-08,4.057472657495472,0.1738705941288076,low
2021-11-09,0.4089474333829426,0.017321484196598215,low
2021-11-10,0.718095873587236,0.030586272070631644,low
2021-11-11,0.3991420603345008,0.016900760115223602,low
2021-11-12,0.2624621965855328,0.011036168341499128,low
2021-11-13,0.7305666059895691,0.031121360068622088,low
2021-11-14,0.758461974859494,0.0323182807145194,low
2021-11-15,0.745463513058658,0.03176054916535526,low
2021-11-16,2.4181388376115063,0.10353087201628522,low
2021-11-17,0.2494348906572737,0.010477199162827867,low
2021-11-18,3.026664409377614,0.1296411853016059,low
2021-11-19,2.4785313363808084,0.10612216338695568,low
2021-11-20,0.5409932602447174,0.022987241014958065,low
2021-11-21,1.8398457274634943,0.07871775819284406,low
2021-11-22,1.556711825237441,0.0665691892060685,low
2021-11-23,1.5399894348156293,0.06585167317543443,low
2021-11-24,0.4631221985689822,0.01964598813989324,low
2021-11-25,1.070969368401686,0.04572719289167582,low
2021-11-26,3.088371437196808,0.1322888798324849,low
2021-11-27,0.5156774072137394,0.02190100095473257,low
2021-11-28,1.222035764273469,0.05220907484718481,low
2021-11-29,0.5222187577213561,0.02218167397652073,low
2021-11-30,2.793835102377628,0.11965106092584614,low
2021-12-01,2.59587024353458,0.11115688299200084,low
2021-12-02,0.27394554225892853,0.011528890039661777,low
2021-12-03,2.5207186785986275,0.10793231693364291,low
2021-12-04,8.078457002041521,0.346400995187813,moderate
2021-12-05,0.6716436558357118,0.028593123360758838,low
2021-12-06,0.9621523353356647,0.04105812563146711,low
2021-12-07,0.3295540542813738,0.0139149124807937,low
2021-12-08,0.7530346544998225,0.03208540794554185,low
2021-12-09,2.257686002951971,0.09664624140278574,low
2021-12-10,2.194412005948261,0.0939313121356615,low
2021-12-11,1.3740237257618866,0.058730498882895096,low
2021-12-12,0.20274386392426388,0.00847380375567356,low
2021-12-13,3.414691879578868,0.14629047545528134,low
2021-12-14,0.14121418037011507,0.005833718624521563,low
2021-12-15,3.754710009452709,0.1608798046562359,low
2021-12-16,0.472440554508962,0.020045815532833956,low
2021-12-17,0.6296821388256824,0.026792659410033857,low
2021-12-18,0.18790504168574534,0.007837106934029028,low
2021-12-19,0.14477159719574378,0.005986358500499261,low
2021-12-20,0.5098452483726096,0.021650757577071883,low
2021-12-21,1.9981768724352513,0.08551135239799453,low
2021-12-22,0.07405682413716791,0.002952164106496958,low
2021-12-23,1.7988877987462533,0.07696035571060945,low
2021-12-24,0.34058332855852225,0.01438815110879463,low
2021-12-25,0.2741497847819423,0.011537653576494908,low
2021-12-26,0.4772142337960772,0.020250642195004418,low
2021-12-27,0.09953276916672289,0.004045273314760367,low
2021-12-28,2.8233541418568064,0.12091764922458627,low
2021-12-29,0.8348500358354295,0.03559590173141639,low
2021-12-30,0.23036911954202854,0.009659134516176324,low
2021-12-31,0.33701716495128514,0.014235135930251799,low
2022-01-01,0.7655590262569414,0.0326227974743518,low
2022-01-02,0.7512407602610193,0.03200843642166661,low
2022-01-03,0.3786710837391391,0.01602240160908871,low
2022-01-04,0.6529678492807852,0.027791791119962547,low
2022-01-05,1.861720380418685,0.07965634494772776,low
2022-01-06,0.9004104081527343,0.03840893365600582,low
2022-01-07,1.9794074236385333,0.08470600220235236,low
2022-01-08,2.9237646575845906,0.12522601381012705,low
2022-01-09,0.6343425808094376,0.02699262734217966,low
2022-01-10,0.6622427677274688,0.02818975471849442,low
2022-01-11,1.1798627255345455,0.050399535027072714,low
2022-01-12,0.9713999104324511,0.04145491599510927,low
2022-01-13,0.6391247162753222,0.027197816837872837,low
2022-01-14,0.3089473860901488,0.013030731786993145,low
2022-01-15,0.01101049599842453,0.0002470035420623152,low
2022-01-16,0.10185241037590251,0.00414480332876691,low
2022-01-17,0.8268123848178073,0.0352510261898034,low
2022-01-18,0.575959662565112,0.024487562055528864,low
2022-01-19,0.39615119508500524,0.01677242955315394,low
2022-01-20,0.9440840575002097,0.040282860931512524,low
2022-01-21,8.557536013395582,0.36695707968985286,moderate
2022-01-22,4.7986547580046395,0.20567286792578238,low
2022-01-23,1.0836074643481932,0.04626946204157455,low
2022-01-24,3.7075823081507107,0.15885767263335165,low
2022-01-25,0.20756752617693003,0.00868077506212853,low
2022-01-26,0.5440526191990755,0.02311851047092966,low
2022-01-27,1.0862316684357136,0.04638206008844202,low
2022-01-28,2.052082621984576,0.08782431355183389,low
2022-01-29,0.46815573754203005,0.019861964732526334,low
2022-01-30,0.63611626481636,0.02706873169545359,low
2022-01-31,0.8500129009218416,0.03624650242278954,low
2022-02-01,2.8016605776631778,0.11998683253642814,low
2022-02-02,2.5284045486359306,0.10826209843150472,low
2022-02-03,0.12570669503313608,0.005168331138436315,low
2022-02-04,10.686582783134028,0.4583091620610722,moderate
2022-02-05,0.2004380139253196,0.00837486548807265,low
2022-02-06,0.5543836699185566,0.02356179006897401,low
2022-02-07,0.9479457075696518,0.040448554696556414,low
2022-02-08,0.6739834052545628,0.02869351616784834,low
2022-02-09,2.1798951000109112,0.09330842793893392,low
2022-02-10,2.288279867807742,0.09795894777546052,low
2022-02-11,2.4479973506288784,0.10481202627715672,low
2022-02-12,0.035369766187647755,0.0012921990203664778,low
2022-02-13,0.36003725147162957,0.015222870380189431,low
2022-02-14,0.23195981256482792,0.009727387183102915,low
2022-02-15,3.7926913258826427,0.16250948813543015,low
2022-02-16,0.3140015159576299,0.01324759188350746,low
2022-02-17,5.22908127090477,0.2241413951653413,low
2022-02-18,0.892830953755176,0.038083718187611144,low
2022-02-19,0.3496811871391676,0.014778517510450956,low
2022-02-20,2.0363173001995207,0.08714786294737203,low
2022-02-21,3.511907776044544,0.15046176690268123,low
2022-02-22,1.1171273483932336,0.047707716593743184,low
2022-02-23,0.7085472808570703,0.03017656579174023,low
2022-02-24,2.6991163105644262,0.115586914005821,low
2022-02-25,3.3845015881431406,0.14499508541066222,low
2022-02-26,0.6368498470152956,0.027100207876444887,low
2022-02-27,1.855134509525088,0.07937376166730879,low
2022-02-28,21.727113383016516,0.9320307707725316,extreme
2022-03-01,1.0998693314642074,0.046967218166713336,low
2022-03-02,0.3231429971033073,0.013639830020538833,low
2022-03-03,1.2189107783952493,0.05207498950372799,low
2022-03-04,5.216893229366622,0.22361843672668122,low
2022-03-05,0.22642560881364554,0.009489928314597537,low
2022-03-06,1.298550712738482,0.05549214028950207,low
2022-03-07,0.4956004867186472,0.021039550412218937,low
2022-03-08,0.9120771951492577,0.038909526363438356,low
2022-03-09,7.323518567422198,0.31400847143267907,moderate
2022-03-10,3.9633250549630663,0.16983095551502095,low
2022-03-11,0.33171881720693486,0.014007797054256739,low
2022-03-12,0.015841588104422443,0.00045429364497738,low
2022-03-13,0.8090462447498321,0.03448872546725625,low
2022-03-14,2.697645113142312,0.11552378859683535,low
2022-03-15,0.8514704910431201,0.03630904397646282,low
2022-03-16,1.8653079486128288,0.07981027854366471,low
2022-03-17,0.9356099047325263,0.03991925618939837,low
2022-03-18,1.741871430782363,0.07451392568531465,low
2022-03-19,0.4746369451475407,0.020140057172513607,low
2022-03-20,0.7023741314194624,0.029911691358764064,low
2022-03-21,0.6475027174322566,0.027557295954383026,low
2022-03-22,0.8454359964784196,0.03605011887797336,low
2022-03-23,0.5104742465380745,0.02167774631824921,low
2022-03-24,1.3435229250094824,0.05742178565858952,low
2022-03-25,0.9148174548530881,0.039027104067104114,low
2022-03-26,0.23183830755740933,0.009722173706534911,low
2022-03-27,2.1436256215268004,0.09175219515291169,low
2022-03-28,0.29770951071742124,0.012548542606690156,low
2022-03-29,0.6012920803899346,0.025574512869709257,low
2022-03-30,2.7922973578655705,0.11958508014734562,low
2022-03-31,1.6258791605237675,0.06953698690797172,low
2022-04-01,3.4672363778505604,0.14854502871474765,low
2022-04-02,0.3565726201639531,0.015074211699176214,low
2022-04-03,0.2949230290043347,0.012428981631986417,low
2022-04-04,0.637311135762186,0.02712000062510678,low
2022-04-05,0.8245241807831675,0.03515284506648301,low
2022-04-06,4.227962573299129,0.18118589083967845,low
2022-04-07,0.6595680171990378,0.028074987850021303,low
2022-04-08,2.9823824041093028,0.1277411549921118,low
2022-04-09,0.2680773117040683,0.011277098914806988,low
2022-04-10,0.1843724151933553,0.007685530749369067,low
2022-04-11,4.643570761008506,0.1990186007347478,low
2022-04-12,0.3375755437928776,0.014259094572521438,low
2022-04-13,0.6423193985739715,0.027334892680754362,low
2022-04-14,0.8979722780986437,0.038304319581435535,low
2022-04-15,0.42219503230027694,0.017889905597536192,low
2022-04-16,0.22368995944924108,0.009372548429088233,low
2022-04-17,0.32596129666668977,0.013760756219775178,low
2022-04-18,0.8444165345372808,0.03600637631085602,low
2022-04-19,1.0328906190639293,0.04409332880961852,low
2022-04-20,0.379736131356205,0.01606810014376929,low
2022-04-21,0.6141085698461595,0.026124436439804784,low
2022-04-22,0.6877449629964851,0.029283990259007374,low
2022-04-23,0.06597877191308878,0.002605555049964233,low
2022-04-24,0.16759275024657916,0.006965557211837213,low
2022-04-25,0.6555881699962307,0.027904222541027944,low
2022-04-26,3.1393527594946917,0.1344763611129089,low
2022-04-27,0.7834900080642744,0.033392171144457486,low
2022-04-28,0.39106862265520614,0.01655434905728877,low
2022-04-29,1.091837493351165,0.04662259204232571,low
2022-04-30,2.96892267981548,0.12716363182077525,low
2022-05-01,1.027933732797638,0.04388064119329216,low
2022-05-02,0.8080974020156129,0.03444801299402844,low
2022-05-03,0.4269093107351663,0.018092183517413818,low
2022-05-04,2.655205933561559,0.11370282933754008,low
2022-05-05,6.230186422138681,0.2670963182500076,moderate
2022-05-06,0.3787333259263259,0.01602507226597219,low
2022-05-07,0.4122187677855378,0.017461848989921373,low
2022-05-08,1.427200924633526,0.06101219974576036,low
2022-05-09,11.813193092579628,0.5066491981991148,elevated
2022-05-10,1.4515985741751356,0.06205904198627303,low
2022-05-11,20.267780148758597,0.8694144244724619,extreme
2022-05-12,10.540736682423265,0.4520512699400421,moderate
2022-05-13,3.1713306204896536,0.13584845130519058,low
2022-05-14,2.919739295068623,0.12505329555266115,low
2022-05-15,5.020563974833536,0.21519443849098727,low
2022-05-16,2.283623037351437,0.09775913480494254,low
2022-05-17,1.4205926035037735,0.06072865318174815,low
2022-05-18,4.983808967820085,0.2136173728877455,low
2022-05-19,2.8502216493950865,0.12207046690648615,low
2022-05-20,1.5071484698942175,0.06444254934814542,low
2022-05-21,0.14617783790379707,0.006046696779029247,low
2022-05-22,0.9227882196710866,0.03936910968885233,low
2022-05-23,1.9901859074139987,0.08516848003594835,low
2022-05-24,1.0969234770201253,0.04684081890594816,low
2022-05-25,0.652013360566883,0.02775083639184001,low
2022-05-26,10.33009481502923,0.4430131532135734,moderate
2022-05-27,1.476640408523718,0.06313352458884129,low
2022-05-28,3.4868727523253207,0.1493875765272181,low
2022-05-29,1.0690403974696934,0.04564442556407375,low
2022-05-30,10.494193594210339,0.450054222205501,moderate
2022-05-31,2.194326024077036,0.09392762286819487,low
2022-06-01,5.171697671612802,0.2216792081604401,low
2022-06-02,1.2754599862835367,0.05450137485630184,low
2022-06-03,1.13605112016662,0.048519688403093765,low
2022-06-04,0.3354610760104677,0.014168368038104477,low
2022-06-05,0.1330072708841347,0.00548158062453365,low
2022-06-06,7.173868536095615,0.3075873621442809,moderate
2022-06-07,2.224969087507539,0.09524244022890212,low
2022-06-08,1.7687908200936777,0.07566896948458837,low
2022-06-09,0.9853049299056817,0.04205154567105012,low
2022-06-10,4.262342301343656,0.18266103915152582,low
2022-06-11,8.56282867004753,0.367184174375279,moderate
2022-06-12,3.148783468971874,0.1348810093156745,low
2022-06-13,33.68609837582766,0.9999999999957093,extreme
2022-06-14,3.0306148842850216,0.12981069031872267,low
2022-06-15,16.878256991085124,0.7239784466912025,elevated
2022-06-16,10.730488134794367,0.4601930311044494,moderate
2022-06-17,0.5588739611256697,0.023754457256023806,low
2022-06-18,18.183550615716953,0.7799853378552906,extreme
2022-06-19,16.39510632233706,0.7032476575340414,elevated
2022-06-20,0.9057128762408329,0.03863644932566593,low
2022-06-21,0.5842955585223023,0.024845234543020865,low
2022-06-22,2.9929430224831415,0.12819428476515876,low
2022-06-23,5.25224583268214,0.22513532868791936,low
2022-06-24,12.272895193641014,0.526373867849064,elevated
2022-06-25,0.3439769326203911,0.014533762187988176,low
2022-06-26,1.3437089555040753,0.0574297677627439,low
2022-06-27,0.6005787724920835,0.02554390660836886,low
2022-06-28,2.0955728177603676,0.08969036929251574,low
2022-06-29,2.543030639609269,0.10888966748557934,low
2022-06-30,0.8936583361325643,0.03811921910011621,low
2022-07-01,1.7942261967060378,0.07676033800333666,low
2022-07-02,0.27556482634465224,0.011598369477729551,low
2022-07-03,0.11199599102324184,0.004580039053977722,low
2022-07-04,3.5690531154375402,0.152913730770061,low
2022-07-05,0.8294559347559176,0.035364454318828654,low
2022-07-06,2.3507571798081464,0.10063969327777492,low
2022-07-07,3.3902671727904248,0.14524247225584722,low
2022-07-08,0.874459273790734,0.03729543525965294,low
2022-07-09,0.02784666017458356,0.0009694013204938326,low
2022-07-10,0.8387466755648613,0.03576309681542939,low
2022-07-11,2.0733559428946955,0.08873709864970629,low
2022-07-12,2.8997610111845917,0.1241960772609118,low
2022-07-13,3.673312345965223,0.15738723410051855,low
2022-07-14,7.784721085363715,0.3337975202256199,moderate
2022-07-15,2.1327693502734992,0.09128637965281458,low
2022-07-16,18.661740440205403,0.8005032695685118,extreme
2022-07-17,0.5730535877705278,0.024362869640225843,low
2022-07-18,28.69298425810045,0.9999999999957093,extreme
2022-07-19,14.34827738240008,0.6154233370077763,elevated
2022-07-20,2.109657744337001,0.09029471833318019,low
2022-07-21,3.697657686430471,0.15843183188913826,low
2022-07-22,1.0748508187944348,0.04589373623916731,low
2022-07-23,1.1752400461038743,0.05020118739181701,low
2022-07-24,1.4616374957787064,0.062489787053165234,low
2022-07-25,4.811698079765452,0.20623252430384983,low
2022-07-26,0.10108610219399547,0.0041119229575367795,low
2022-07-27,10.414480766430223,0.4466339437443066,moderate
2022-07-28,1.5754803842756209,0.0673745012243928,low
2022-07-29,0.395296075131395,0.016735738490491623,low
2022-07-30,3.9185152402440435,0.1679082782195127,low
2022-07-31,0.46738426363086727,0.019828862712748516,low
2022-08-01,1.8117061873102016,0.07751036076667685,low
2022-08-02,2.1609110225119674,0.09249386856143457,low
2022-08-03,0.3752276194384795,0.015874651151509586,low
2022-08-04,0.35394909078907166,0.014961642602543864,low
2022-08-05,5.913496867632795,0.253507959985393,moderate
2022-08-06,0.422734230757859,0.017913041257405945,low
2022-08-07,0.28834772338974063,0.01214685168131646,low
2022-08-08,1.134845065140243,0.048467939592461796,low
2022-08-09,0.7114957311601434,0.03030307643433493,low
2022-08-10,7.535822077069526,0.3231178850804517,moderate
2022-08-11,0.5013206404037367,0.02128498792822077,low
2022-08-12,1.4797925844325477,0.06326877658863996,low
2022-08-13,0.5117791679392282,0.021733737238232992,low
2022-08-14,0.9077428792913762,0.03872355168927903,low
2022-08-15,0.22877861767106572,0.009590890051097888,low
2022-08-16,0.06464457085841605,0.0025483078131357043,low
2022-08-17,1.5209292973647448,0.06503385025525787,low
2022-08-18,1.04071277368485,0.044428957938770317,low
2022-08-19,10.719288851438263,0.4597124978112465,moderate
2022-08-20,3.974723512442132,0.17032003487266245,low
2022-08-21,0.4739080987213333,0.02010878419170866,low
2022-08-22,0.9292735698357635,0.039647379875712783,low
2022-08-23,1.0386453697293854,0.044340250795687035,low
2022-08-24,0.19893915259183145,0.008310553089704499,low
2022-08-25,0.5773883952117537,0.02454886540699939,low
2022-08-26,6.682552522279476,0.2865062184125512,moderate
2022-08-27,0.1360963442567063,0.005614125052017773,low
2022-08-28,0.9324578568074252,0.03978400968106204,low
2022-08-29,5.862718832771324,0.2513292012614202,moderate
2022-08-30,0.6685910416061442,0.028462143304091844,low
2022-08-31,0.5107028738289227,0.02168755614460095,low
2022-09-01,0.7660182418220294,0.03264250126795762,low
2022-09-02,0.04006816161155377,0.0014937954398899205,low
2022-09-03,0.21857713344866908,0.009153169828020046,low
2022-09-04,0.547572059131537,0.023269520853219323,low
2022-09-05,3.0172811766695844,0.1292385742084933,low
2022-09-06,3.093322805381432,0.13250133068170114,low
2022-09-07,1.3224901650853123,0.05651932243213681,low
2022-09-08,0.7125089840994119,0.030346552588680898,low
2022-09-09,25.59659300784226,0.9999999999957093,extreme
2022-09-10,1.1373426305422334,0.04857510388944817,low
2022-09-11,0.4815641277149577,0.020437285284875317,low
2022-09-12,16.810282995463552,0.7210618522155041,elevated
2022-09-13,8.554471197974294,0.3668255761105057,moderate
2022-09-14,2.9224587605266357,0.12516998102714536,low
2022-09-15,14.445131902017811,0.6195791226766983,elevated
2022-09-16,2.09451237859229,0.08964486849487764,low
2022-09-17,0.8455557189667926,0.03605525587109863,low
2022-09-18,6.332495897681133,0.2714861624610197,moderate
2022-09-19,1.875655766339603,0.08025427757213827,low
2022-09-20,0.7773858439416639,0.03313025669914699,low
2022-09-21,3.4900516905016405,0.1495239768291109,low
2022-09-22,2.0669787659522862,0.08846346990579176,low
2022-09-23,1.8746435232976917,0.080210844749967,low
2022-09-24,0.6337387910237987,0.02696672022965561,low
2022-09-25,0.4672034273804668,0.019821103480646574,low
2022-09-26,0.784070560100047,0.03341708118314076,low
2022-09-27,0.7409294391508752,0.03156600337190994,low
2022-09-28,0.7429091562906689,0.031650948092616274,low
2022-09-29,0.7523161221822698,0.03205457751739323,low
2022-09-30,0.21194640595905254,0.008868661863036743,low
2022-10-01,0.1652338142177999,0.006864341155209226,low
2022-10-02,0.6139223134576871,0.026116444643107906,low
2022-10-03,0.9610092321765262,0.041009077928318136,low
2022-10-04,1.556772127604921,0.06657177663013053,low
2022-10-05,0.11461801933063717,0.004692543743551203,low
2022-10-06,0.5530007062279596,0.023502450549159074,low
2022-10-07,0.5176252390603278,0.021984577557099406,low
2022-10-08,0.0899935967125479,0.003635971236396859,low
2022-10-09,0.06793137863055226,0.0026893365301213054,low
2022-10-10,0.24792551443751482,0.010412435596937056,low
2022-10-11,0.8699672332317419,0.03710269301228074,low
2022-10-12,0.1088357650420026,0.004444441645666536,low
2022-10-13,1.3606127385609301,0.05815506689855609,low
2022-10-14,1.142882460210789,0.048812804152024644,low
2022-10-15,0.2655993264737839,0.01117077475411257,low
2022-10-16,0.44572989347279274,0.018899727742820015,low
2022-10-17,0.5140794992599874,0.021832438713128684,low
2022-10-18,0.39145052037417494,0.016570735335118124,low
2022-10-19,0.7463654384558109,0.03179924853276443,low
2022-10-20,0.6518360938827246,0.02774323032091518,low
2022-10-21,0.24731988770553578,0.010386449665630926,low
2022-10-22,0.3076413281562433,0.012974692101225987,low
2022-10-23,0.9704719955196531,0.041415101482458694,low
2022-10-24,0.4059794033877674,0.017194133438290165,low
2022-10-25,5.229068612055256,0.22414085200570763,low
2022-10-26,6.6061988511059955,0.28323007297623387,moderate
2022-10-27,0.6914165960076617,0.02944153086640093,low
2022-10-28,0.9760557208226048,0.04165468519713499,low
2022-10-29,1.8801377498255425,0.0804465882956102,low
2022-10-30,0.6746571180448829,0.028722423501961733,low
2022-10-31,0.06880555834199467,0.002726845399415307,low
2022-11-01,0.2318589945959583,0.00972306133572014,low
2022-11-02,1.1788592047213935,0.050356476453965106,low
2022-11-03,0.06391990636078047,0.0025172142684468596,low
2022-11-04,3.298920439570691,0.14132301195274827,low
2022-11-05,10.76804224882219,0.46180438439495014,moderate
2022-11-06,7.2869478665359,0.3124393139452892,moderate
2022-11-07,8.271419821784923,0.35468054810996297,moderate
2022-11-08,11.93210098693503,0.5117512391284821,elevated
2022-11-09,72.34016925645066,0.9999999999957093,extreme
2022-11-10,20.697841951556427,0.887867302911919,extreme
2022-11-11,4.606088757298368,0.19741034151797748,low
2022-11-12,5.7500899271959565,0.24649657606701678,low
2022-11-13,3.2077634865882576,0.13741169464590317,low
2022-11-14,1.9538959220333387,0.08361136735018444,low
2022-11-15,0.7439039657397886,0.031693632882838524,low
2022-11-16,1.268497577556434,0.05420263527735942,low
2022-11-17,1.5144234138720416,0.06475469903454702,low
2022-11-18,1.0683593087123728,0.04561520174562823,low
2022-11-19,0.8475163707235649,0.03613938254381045,low
2022-11-20,2.98388290563126,0.12780553776687295,low
2022-11-21,0.8886269235031076,0.037903333743578835,low
2022-11-22,1.2010094520201702,0.051306888274194544,low
2022-11-23,10.24648746332404,0.43942577045224945,moderate
2022-11-24,0.6257457709884735,0.026623759692085296,low
2022-11-25,0.6061650874061276,0.025783601436792956,low
2022-11-26,0.19711477212102033,0.008232273477713421,low
2022-11-27,0.21259384504394527,0.008896441858034567,low
2022-11-28,0.6320127881137414,0.02689266175322679,low
2022-11-29,2.4139479550103697,0.10335105170513528,low
2022-11-30,2.2889063530943217,0.09798582869527753,low
2022-12-01,0.5456067174615608,0.02318519294803887,low
2022-12-02,0.133892857148469,0.0055195789205392505,low
2022-12-03,1.8133317642509348,0.07758011021544488,low
2022-12-04,0.5257409246357245,0.022332801366796943,low
2022-12-05,0.6936576004440321,0.02953768677277904,low
2022-12-06,0.521180403058556,0.022137120769876846,low
2022-12-07,0.898940698962821,0.038345872103349,low
2022-12-08,1.4080794421239702,0.060191744662245514,low
2022-12-09,0.17249378554229922,0.007175848402431338,low
2022-12-10,0.010536989458876104,0.00022668655841547275,low
2022-12-11,0.038272269632276305,0.001416738197957691,low
2022-12-12,0.2666955790405178,0.011217812215289733,low
2022-12-13,1.3756467762473972,0.05880013992777605,low
2022-12-14,1.072831141056763,0.045807076908955524,low
2022-12-15,1.350452520636151,0.057719117309300245,low
2022-12-16,4.193194450382112,0.17969407747336233,low
2022-12-17,0.18392582054052897,0.0076663684876041235,low
2022-12-18,0.005707159111080853,1.9450594395288223e-05,low
2022-12-19,0.5547231798424459,0.02357635759232475,low
2022-12-20,1.1673503088514554,0.04986265846064712,low
2022-12-21,0.028729770588123975,0.0010072933839220758,low
2022-12-22,0.6552573547233563,0.0278900280834487,low
2022-12-23,0.023521085543886884,0.0007838017105731901,low
2022-12-24,0.7396449976328657,0.031510891192590075,low
2022-12-25,0.021422498101833123,0.0006937565619204655,low
2022-12-26,0.16347006473709094,0.006788663067656592,low
2022-12-27,0.08975792542642749,0.0036258591697911793,low
2022-12-28,7.775665158608144,0.33340895301390744,moderate
2022-12-29,0.31506242782312827,0.013293112963411928,low
2022-12-30,0.7048798775772984,0.030019206671563006,low
2022-12-31,0.17964650222269504,0.007482753620603593,low
2023-01-01,0.08588430529781145,0.0034596517993877485,low
2023-01-02,11.712678351874448,0.5023363615799599,elevated
2023-01-03,26.02899797033519,0.9999999999957093,extreme
2023-01-04,1.3329160325999232,0.05696667038217887,low
2023-01-05,0.06352923894990015,0.0025004517050284548,low
2023-01-06,0.15784743777897026,0.0065474101800631545,low
2023-01-07,0.5806122772563524,0.024687194138091312,low
2023-01-08,4.302405151880838,0.18438003606334477,low
2023-01-09,9.946565663819467,0.4265568746991364,moderate
2023-01-10,0.782460399998344,0.03334799323245206,low
2023-01-11,1.6196574009332945,0.0692700267346766,low
2023-01-12,8.477820565590033,0.3635366888099072,moderate
2023-01-13,10.249378332599724,0.4395498104366924,moderate
2023-01-14,41.107076353376854,0.9999999999957093,extreme
2023-01-15,1.7251574080074332,0.07379676868952098,low
2023-01-16,0.2988570276747285,0.012597779694900849,low
2023-01-17,0.41208450583347606,0.017456088144702567,low
2023-01-18,1.8124574017585369,0.07754259350347634,low
2023-01-19,0.4031365178566656,0.01707215231655038,low
2023-01-20,12.53126124993499,0.5374597103922947,elevated
2023-01-21,2.0414087242707746,0.0873663232450766,low
2023-01-22,0.14321098192882353,0.0059193963949974665,low
2023-01-23,0.49855566110636523,0.021166349568501115,low
2023-01-24,2.331898258709042,0.09983050404897777,low
2023-01-25,1.4910410426658447,0.06375141985307307,low
2023-01-26,0.018562319508427377,0.0005710334380440939,low
2023-01-27,0.11060375930026291,0.0045203018660281025,low
2023-01-28,0.4805357297929058,0.02039315929712296,low
2023-01-29,1.8336402352766934,0.07845149601323388,low
2023-01-30,1.8152735602936376,0.07766342783653353,low
2023-01-31,0.42961752274092413,0.018208386134352623,low
2023-02-01,0.673293687990116,0.02866392212170048,low
2023-02-02,0.8079336086809589,0.03444098503089873,low
2023-02-03,0.4697015265394032,0.019928290679811143,low
2023-02-04,0.20322558965790447,0.008494473404422177,low
2023-02-05,0.29019992576985476,0.012226325061986787,low
2023-02-06,0.31160080280404934,0.013144583274738145,low
2023-02-07,0.6697392427739689,0.028511409750067915,low
2023-02-08,0.26147404490289383,0.010993769219417472,low
2023-02-09,3.346231476320942,0.1433530104420758,low
2023-02-10,0.3950475479984508,0.01672507481158945,low
2023-02-11,0.28469823028102464,0.011990261041871945,low
2023-02-12,1.5743202458667735,0.06732472258120215,low
2023-02-13,0.697971143627691,0.029722770143340137,low
2023-02-14,0.6379645671269485,0.02714803773387591,low
2023-02-15,15.969116177268313,0.684969483764083,elevated
2023-02-16,1.9409481315201378,0.08305580997948726,low
2023-02-17,2.6701997397162227,0.11434617613215614,low
2023-02-18,0.2188388571737871,0.009164399739751116,low
2023-02-19,3.4385385392386905,0.14731367609534532,low
2023-02-20,1.5175515899485126,0.06488892126144745,low
2023-02-21,0.6009192093582696,0.025558513904499727,low
2023-02-22,0.30663066032242325,0.012931326867301881,low
2023-02-23,0.8429612825690767,0.035943935081494675,low
2023-02-24,1.8243105312490775,0.07805118170217974,low
2023-02-25,0.35000361574552896,0.01479235211710489,low
2023-02-26,0.37724094375260464,0.01596103787217638,low
2023-02-27,0.27625401594431814,0.01162794088309882,low
2023-02-28,0.3892517228678296,0.01647639042275062,low
2023-03-01,0.8128644995277352,0.03465255724866336,low
2023-03-02,0.1355081102555788,0.005588885399376815,low
2023-03-03,5.464514493021005,0.23424324703885652,low
2023-03-04,0.21392057662728836,0.008953368598493607,low
2023-03-05,0.1556721213480167,0.006454072782027343,low
2023-03-06,0.16706144308894882,0.006942760147950154,low
2023-03-07,0.29483210902498874,0.012425080482626779,low
2023-03-08,3.047151498616335,0.13052023516104702,low
2023-03-09,7.210261641104217,0.309148899435873,moderate
2023-03-10,3.5756920540599575,0.15319859105425618,low
2023-03-11,2.080915527799174,0.08906146156775106,low
2023-03-12,8.252627247792013,0.35387420566987726,moderate
2023-03-13,30.573734260384086,0.9999999999957093,extreme
2023-03-14,1.1580864228975942,0.04946516823884299,low
2023-03-15,1.929506756633299,0.08256488914300845,low
2023-03-16,2.2017715289522015,0.09424709089694792,low
2023-03-17,17.601861426230343,0.7550265067447102,extreme
2023-03-18,0.4435879438717506,0.018807822032165553,low
2023-03-19,4.993173653364309,0.21401918816835655,low
2023-03-20,2.065740814650676,0.0884103525056089,low
2023-03-21,1.679124772546572,0.07182162320838084,low
2023-03-22,1.2632824876289173,0.05397886878645685,low
2023-03-23,1.9624877599843575,0.08398002166975023,low
2023-03-24,1.3230804300378893,0.056544649227834816,low
2023-03-25,0.09018231242484076,0.0036440685565399195,low
2023-03-26,0.35594074743614373,0.015047099617704158,low
2023-03-27,1.2142267382370346,0.051874009032821806,low
2023-03-28,2.3827389496494313,0.1020119511888951,low
2023-03-29,5.7563617069005755,0.2467656824785499,low
2023-03-30,0.8334005181119235,0.03553370654418125,low
2023-03-31,0.31244850632682397,0.013180956116866172,low
2023-04-01,0.025164137746611068,0.0008543009792115735,low
2023-04-02,0.11178395098757216,0.004570940945340647,low
2023-04-03,2.3786906951607416,0.10183825069402251,low
2023-04-04,1.2405427020942168,0.053003161352126966,low
2023-04-05,1.3400743741708627,0.05727381695036352,low
2023-04-06,0.6328448205628369,0.02692836218870132,low
2023-04-07,0.04178391091637304,0.0015674139597129809,low
2023-04-08,0.4032863562354436,0.017078581507357766,low
2023-04-09,0.5447202668804435,0.02314715756635762,low
2023-04-10,5.205532609675522,0.22313098089407077,low
2023-04-11,10.293598089765657,0.4414471698354969,moderate
2023-04-12,2.0987954869414254,0.08982864598266066,low
2023-04-13,5.069147751375372,0.2172790470677636,low
2023-04-14,5.52746984535173,0.23694450405846257,low
2023-04-15,0.29320901777116937,0.012355437688479458,low
2023-04-16,2.037058951085172,0.08717968533556927,low
2023-04-17,1.6531491205123423,0.07070707281991352,low
2023-04-18,3.2087625701902978,0.1374545628293581,low
2023-04-19,5.173716017513204,0.22176581034483916,low
2023-04-20,2.8208166709964684,0.12080877268399404,low
2023-04-21,2.245387846056166,0.0961185581889981,low
2023-04-22,0.6778366845287387,0.028858850762962508,low
2023-04-23,0.13470826882542133,0.005554566200169822,low
2023-04-24,0.2190597790231146,0.009173878944841498,low
2023-04-25,2.0224361015516363,0.08655225536358532,low
2023-04-26,0.7046470362498963,0.030009216031421797,low
2023-04-27,2.6236679603352577,0.11234961363136546,low
2023-04-28,2.3682018774444193,0.10138820170796106,low
2023-04-29,0.6196665015674536,0.026362913416277993,low
2023-04-30,0.9491487935173231,0.04050017611143253,low
2023-05-01,3.9038349067511997,0.16727838175432608,low
2023-05-02,0.7426250526588916,0.03163875791495509,low
2023-05-03,0.6287493792854751,0.0267526370265143,low
2023-05-04,0.26019438156292735,0.010938862059790158,low
2023-05-05,5.205515368921455,0.22313024113635005,low
2023-05-06,2.826235824385072,0.12104129502862943,low
2023-05-07,0.7096226458635455,0.03022270701984614,low
2023-05-08,2.2500501196168576,0.09631860470953828,low
2023-05-09,0.03462029398450827,0.001260041038959358,low
2023-05-10,0.26959686532089355,0.011342299167401138,low
2023-05-11,0.7772563796112274,0.03312470170789631,low
2023-05-12,1.7487599207239741,0.07480949359368741,low
2023-05-13,0.12013917809835206,0.004929442884378829,low
2023-05-14,0.04905993426465229,0.00187960995920649,low
2023-05-15,0.17146930819472778,0.007131890636743413,low
2023-05-16,0.55216721841881,0.02346668766781749,low
2023-05-17,1.0389229996571931,0.04435216320287052,low
2023-05-18,1.2095922129523249,0.05167515312153888,low
2023-05-19,0.08352143540948015,0.003358266950666068,low
2023-05-20,0.29383581039635964,0.012382331795429063,low
2023-05-21,0.6182770142840179,0.026303293985378513,low
2023-05-22,0.13410322788302542,0.005528605403632458,low
2023-05-23,0.3214622660126135,0.013567714044871568,low
2023-05-24,2.1559104626012298,0.092279307018043,low
2023-05-25,0.05092256718425026,0.001959530888289397,low
2023-05-26,0.19075268435896792,0.007959292172862455,low
2023-05-27,2.0801829004733037,0.08903002635797944,low
2023-05-28,5.225276438711283,0.2239781393135261,low
2023-05-29,0.4461993271358913,0.018919869969505093,low
2023-05-30,0.9815003415933342,0.04188830028356582,low
2023-05-31,0.7425384035203153,0.031635040016712024,low
2023-06-01,0.8835195616822005,0.037684189596820405,low
2023-06-02,0.5122533379561311,0.02175408269003695,low
2023-06-03,0.17865233618285004,0.0074400964374672415,low
2023-06-04,0.8956322733990101,0.03820391582088488,low
2023-06-05,4.9294333232363785,0.21128424971093093,low
2023-06-06,10.14593525463118,0.43511132617527065,moderate
2023-06-07,2.8518133807356483,0.12213876412503608,low
2023-06-08,0.06135592210738857,0.0024072001043413237,low
2023-06-09,4.021428447229579,0.17232402703971544,low
2023-06-10,3.9246154188641094,0.16817002165685763,low
2023-06-11,0.07753539318242567,0.0031014208210384613,low
2023-06-12,0.22862278752667262,0.00958420376858458,low
2023-06-13,0.06705873838316403,0.002651893715387065,low
2023-06-14,3.9398595712398494,0.1688241101829068,low
2023-06-15,0.9445970399831034,0.040304871729348615,low
2023-06-16,1.2117013983019522,0.05176565299995113,low
2023-06-17,0.21340298080798406,0.008931159853907928,low
2023-06-18,0.1566051509339137,0.006494106752533363,low
2023-06-19,1.392373217307668,0.05951782976119522,low
2023-06-20,8.828738612420974,0.3785937062391606,moderate
2023-06-21,7.444994029018164,0.3192206802631877,moderate
2023-06-22,0.44992412420212774,0.019079691713793364,low
2023-06-23,2.2741439058093165,0.0973524089322414,low
2023-06-24,0.24307687083481683,0.010204392403110569,low
2023-06-25,1.2890119783378946,0.055082857006924536,low
2023-06-26,1.085422709664957,0.04634734968690859,low
2023-06-27,0.20016079589147787,0.008362970754231078,low
2023-06-28,1.275598311842426,0.05450731006074605,low
2023-06-29,8.221174935958228,0.3525246654802279,moderate
2023-06-30,8.563561764531425,0.36721562962963533,moderate
2023-07-01,0.3315753162137981,0.01400163978484786,low
2023-07-02,1.1102573743650412,0.047412943156995874,low
2023-07-03,1.3063496229592844,0.055826772059467365,low
2023-07-04,0.5302383343972684,0.022525773993248056,low
2023-07-05,0.35342492050057495,0.014939151763896303,low
2023-07-06,6.520998665391511,0.2795743456835972,moderate
2023-07-07,3.597316201811993,0.1541264292561826,low
2023-07-08,0.38645235850370263,0.016356276685648357,low
2023-07-09,0.32607637701680303,0.013765694030335415,low
2023-07-10,0.20840383969330714,0.008716659187513728,low
2023-07-11,1.1733835140491347,0.05012152823561621,low
2023-07-12,0.29253196630379463,0.012326387100067645,low
2023-07-13,12.644471084418235,0.5423172617960227,elevated
2023-07-14,7.244792825012964,0.3106305463407905,moderate
2023-07-15,0.6518902077706857,0.02774555221276872,low
2023-07-16,0.05751715012856141,0.002242487981057518,low
2023-07-17,0.1077119121743915,0.004396219924474497,low
2023-07-18,1.1007500577092495,0.04700500793142267,low
2023-07-19,1.1723064201896038,0.05007531282674125,low
2023-07-20,1.2399400238822376,0.05297730193445395,low
2023-07-21,0.06251162681731702,0.0024567885085787565,low
2023-07-22,0.9621668336929232,0.041058747719786334,low
2023-07-23,0.2473631312236439,0.010388305137048644,low
2023-07-24,2.832338338360341,0.12130313867023661,low
2023-07-25,0.1252513250997755,0.005148792351288467,low
2023-07-26,3.9378879624811285,0.16873951337259221,low
2023-07-27,0.13265994040108983,0.005466677540511195,low
2023-07-28,0.4291309107251433,0.018187506827434488,low
2023-07-29,0.09093652525048969,0.003676429946225396,low
2023-07-30,0.8174560755641583,0.03484957031491206,low
2023-07-31,0.3094988367794738,0.013054393159543017,low
2023-08-01,0.5240277304773738,0.022259292481930704,low
2023-08-02,0.8466990037776059,0.036104311368467534,low
2023-08-03,0.3598653186755621,0.015215493173088153,low
2023-08-04,0.20036319620610082,0.008371655246500673,low
2023-08-05,0.29872396013388364,0.012592070098885874,low
2023-08-06,0.7453633682090177,0.03175625219983839,low
2023-08-07,0.16751761139264382,0.006962333191176163,low
2023-08-08,1.0906266408189909,0.0465706373826955,low
2023-08-09,0.49228857556179445,0.02089744457165812,low
2023-08-10,0.27300207536362825,0.011488408230262833,low
2023-08-11,0.025281812245754473,0.0008593500982311904,low
2023-08-12,0.1096308195209951,0.004478555448748209,low
2023-08-13,0.4027395117194397,0.017055117774207193,low
2023-08-14,0.8104433683419605,0.03454867255310001,low
2023-08-15,1.2743174601717295,0.054452351912813425,low
2023-08-16,1.3095012438615843,0.05596200024532123,low
2023-08-17,12.536675379172403,0.5376920171631437,elevated
2023-08-18,1.5919852064274476,0.0680826819436549,low
2023-08-19,0.35878533028778514,0.015169153567231452,low
2023-08-20,0.5085387640830875,0.021594699597449488,low
2023-08-21,0.5898501243770745,0.02508356709856348,low
2023-08-22,1.8883491586200019,0.0807989193496938,low
2023-08-23,1.9045540222508364,0.08149422959757541,low
2023-08-24,0.45905645856609356,0.019471537385253652,low
2023-08-25,0.5487837755407785,0.023321512579658095,low
2023-08-26,0.06539717562496956,0.002580600205019428,low
2023-08-27,0.3102942692499155,0.013088523181294233,low
2023-08-28,0.13923260223939526,0.005748694053339991,low
2023-08-29,7.6949285248302814,0.32994474559297027,moderate
2023-08-30,0.9825083700610322,0.04193155226887801,low
2023-08-31,5.891420449343436,0.25256071598366603,moderate
2023-09-01,0.34898001788803146,0.014748432088140659,low
2023-09-02,0.07259732374497986,0.0028895405878673654,low
2023-09-03,0.11161651377668338,0.004563756632577524,low
2023-09-04,0.14328797683312747,0.005922700054146767,low
2023-09-05,1.1484671576285765,0.049052429577721955,low
2023-09-06,0.8263047145957931,0.03522924332782121,low
2023-09-07,0.9201214759681021,0.039254686373272514,low
2023-09-08,0.5797275173104691,0.024649231297347793,low
2023-09-09,0.06835480913770421,0.0027075048762176123,low
2023-09-10,2.5065561866157102,0.10732463975501327,low
2023-09-11,3.880073263284404,0.1662588289468878,low
2023-09-12,1.8522671969464397,0.0792507324419335,low
2023-09-13,0.5036755114708447,0.021386029567490382,low
2023-09-14,0.22476992161576526,0.009418886909856431,low
2023-09-15,0.4001940587873869,0.016945898742842504,low
2023-09-16,0.06079079094219625,0.0023829517367211354,low
2023-09-17,0.31102366105558255,0.013119819562970422,low
2023-09-18,1.0113008062357556,0.04316696383356831,low
2023-09-19,1.3456741379273243,0.0575140888350448,low
2023-09-20,1.4499295073983849,0.06198742649720065,low
2023-09-21,1.1005591215933268,0.04699681533930242,low
2023-09-22,0.3386334334334556,0.01430448597629864,low
2023-09-23,0.013410462545768567,0.00034998011582169637,low
2023-09-24,0.5320654228065059,0.022604169796117464,low
2023-09-25,0.13282754527847412,0.005473869047425113,low
2023-09-26,0.9612126813938464,0.0410178074263842,low
2023-09-27,0.05216019122054835,0.0020126342463346472,low
2023-09-28,2.2354184417317575,0.095690795935026,low
2023-09-29,1.5633964710258974,0.06685601067066438,low
2023-09-30,3.8959664583482954,0.16694076627454774,low
2023-10-01,8.916602566882565,0.38236372919944644,moderate
2023-10-02,6.314270503745409,0.2707041563013952,moderate
2023-10-03,0.27939086108992994,0.011762535078116382,low
2023-10-04,3.032819939309556,0.12990530372557568,low
2023-10-05,1.1067651924366138,0.04726310234761798,low
2023-10-06,0.8475379428300571,0.03614030814905182,low
2023-10-07,0.3853229428742478,0.016307816280231348,low
2023-10-08,0.018167317047383485,0.0005540848684443059,low
2023-10-09,4.060984435861743,0.17402127577241677,low
2023-10-10,0.2491321861079307,0.010464210866225477,low
2023-10-11,2.980800424618016,0.12767327620107174,low
2023-10-12,1.5866436582905992,0.06785348944665438,low
2023-10-13,0.6076332633877547,0.025846597203309406,low
2023-10-14,0.11687696784141287,0.004789469585370111,low
2023-10-15,0.7817398200083508,0.033317074943790416,low
2023-10-16,10.67632117962103,0.4578688622693042,moderate
2023-10-17,3.0287884919453307,0.12973232438246,low
2023-10-18,0.644005064427738,0.027407220394786942,low
2023-10-19,5.287279577865593,0.226638539242643,low
2023-10-20,5.547711894081212,0.23781303984132143,low
2023-10-21,7.394021802119234,0.3170335892436289,moderate
2023-10-22,4.281864232711089,0.1834986764959333,low
2023-10-23,27.018709821107315,0.9999999999957093,extreme
2023-10-24,9.091840885128777,0.38988276800618366,moderate
2023-10-25,7.515434690067632,0.3222431131951165,moderate
2023-10-26,2.9817379134537925,0.12771350150685892,low
2023-10-27,0.8854886213481672,0.03776867703192797,low
2023-10-28,0.2889273590056434,0.01217172239871068,low
2023-10-29,0.8491585357220883,0.03620984374473121,low
2023-10-30,5.218869660472558,0.2237032404518773,low
2023-10-31,11.91734544034429,0.5111181154570115,elevated
2023-11-01,4.082651858083121,0.17495097077380115,low
2023-11-02,1.664034803626424,0.07117415030953897,low
2023-11-03,5.543332612155446,0.2376251357854333,low
2023-11-04,3.973658936821332,0.17027435659016346,low
2023-11-05,5.610701913394187,0.2405157843346002,low
2023-11-06,0.5102323515396416,0.021667367207683808,low
2023-11-07,2.4153811245908785,0.1034125454343626,low
2023-11-08,0.1439767517809269,0.005952253667839498,low
2023-11-09,77.25698254801623,0.9999999999957093,extreme
2023-11-10,79.52013348322926,0.9999999999957093,extreme
2023-11-11,0.4320463506794579,0.018312601078364264,low
2023-11-12,0.052850054179654216,0.0020422345438766473,low
2023-11-13,6.823258926710648,0.2925435789959139,moderate
2023-11-14,18.55036137418551,0.7957242718695892,extreme
2023-11-15,14.867747416277599,0.6377124994623845,elevated
2023-11-16,8.18302477858894,0.35088773745778606,moderate
2023-11-17,0.71712958401212,0.03054481099701169,low
2023-11-18,0.03972895190780757,0.0014792407982361128,low
2023-11-19,1.2948075684232563,0.055331531310558,low
2023-11-20,6.424795925857958,0.2754465262711163,moderate
2023-11-21,5.3201024196989914,0.2280468854534641,low
2023-11-22,9.375493806130732,0.40205360679306057,moderate
2023-11-23,0.33310905024502696,0.014067448483626973,low
2023-11-24,0.37261598857465317,0.01576259259028559,low
2023-11-25,0.750960567980579,0.0319964140703278,low
2023-11-26,0.36657722018494127,0.015503484112633198,low
2023-11-27,1.9811830523676748,0.08478218999880231,low
2023-11-28,1.5017994764229208,0.06421303739042876,low
2023-11-29,0.8160344736042563,0.034788572923409936,low
2023-11-30,1.3834364417174183,0.05913437502856204,low
2023-12-01,2.3716194744458243,0.10153484226429903,low
2023-12-02,3.922067614436394,0.16806070172868384,low
2023-12-03,1.3555502167706344,0.05793784672558168,low
2023-12-04,15.421984105392461,0.6614934123088377,elevated
2023-12-05,12.358967533602526,0.5300670171033726,elevated
2023-12-06,3.3321225836020307,0.1427476330740704,low
2023-12-07,30.573399096321,0.9999999999957093,extreme
2023-12-08,8.158219842283724,0.34982341955891466,moderate
2023-12-09,0.9675201782011675,0.041288446369637376,low
2023-12-10,0.6643436814137518,0.02827989968048026,low
2023-12-11,9.022894016075075,0.38692442995999543,moderate
2023-12-12,1.7244081422148665,0.0737646195646763,low
2023-12-13,2.7930747209712656,0.11961843485776023,low
2023-12-14,4.68400203794358,0.20075340590363577,low
2023-12-15,3.749681327119475,0.16066403644989408,low
2023-12-16,0.10947272238289452,0.004471771895193774,low
2023-12-17,1.4387771019386375,0.061508904617513974,low
2023-12-18,3.4307002075515727,0.14697735284866414,low
2023-12-19,0.7790173866436977,0.03320026212384072,low
2023-12-20,10.237866844103246,0.4390558812002413,moderate
2023-12-21,13.258445954191913,0.5686613908563317,elevated
2023-12-22,7.702658759961378,0.3302764306862628,moderate
2023-12-23,8.117447724318298,0.34807398975222037,moderate
2023-12-24,3.9642754127536204,0.1698717329955342,low
2023-12-25,3.218666238734831,0.13787950452510517,low
2023-12-26,3.201572942731159,0.13714607386180655,low
2023-12-27,22.85636089710901,0.9804839627789924,extreme
2023-12-28,1.6071616619524696,0.06873386576682439,low
2023-12-29,3.160886036052582,0.13540030025872685,low
2023-12-30,1.61560096856066,0.06909597534721755,low
2023-12-31,0.27009417877135156,0.011363637646168392,low
2024-01-01,5.001713289726339,0.21438560264804424,low
2024-01-02,3.2331454064446636,0.13850076946869203,low
2024-01-03,8.115227906292214,0.3479787429018222,moderate
2024-01-04,2.2547990731560423,0.09652237045158535,low
2024-01-05,1.9482544760096538,0.08336930698346373,low
2024-01-06,2.6041850609392623,0.11151365105142091,low
2024-01-07,1.8501466965069968,0.07915974706126194,low
2024-01-08,11.117430963271723,0.47679578198923084,moderate
2024-01-09,3.8723507976604945,0.16592747722375445,low
2024-01-10,48.139626655171334,0.9999999999957093,extreme
2024-01-11,2.3959527597149126,0.10257892279454366,low
2024-01-12,18.063563421042854,0.7748369868433932,extreme
2024-01-13,2.718071531420856,0.11640023521682188,low
2024-01-14,3.6679871079267063,0.15715874142912425,low
2024-01-15,0.9260912756145222,0.03951083557430976,low
2024-01-16,1.8597442203364445,0.07957155285148192,low
2024-01-17,3.7148555878569205,0.15916975091001262,low
2024-01-18,3.994371163947557,0.17116306655436905,low
2024-01-19,0.5700528561349254,0.02423411573615677,low
2024-01-20,0.4451279903017168,0.018873901580217498,low
2024-01-21,0.32234843164425425,0.013605737200082072,low
2024-01-22,7.024413487138898,0.3011746190626595,moderate
2024-01-23,6.613522534500056,0.28354431394932306,moderate
2024-01-24,1.577157332259862,0.06744645487640556,low
2024-01-25,0.3575566029268185,0.015116431943316829,low
2024-01-26,5.796323013927361,0.24848032241181023,low
2024-01-27,0.21381910040378965,0.00894901450704783,low
2024-01-28,0.2734626417836322,0.0115081699856811,low
2024-01-29,1.7515841975409612,0.07493067626195553,low
2024-01-30,1.83464048745614,0.07849441433742833,low
2024-01-31,2.3590061949078938,0.1009936379245457,low
2024-02-01,0.2827504393702029,0.011906686195956672,low
2024-02-02,0.219144834946094,0.00917752848218028,low
2024-02-03,0.4717063845306053,0.02001431413169491,low
2024-02-04,0.6678136672661699,0.028428788111642345,low
2024-02-05,0.08454616735977018,0.0034022356407211085,low
2024-02-06,2.860991137290559,0.12253255874932713,low
2024-02-07,1.5416991797929107,0.06592503406455082,low
2024-02-08,2.6446115572702755,0.11324825109652195,low
2024-02-09,3.5069492136594222,0.15024900736827979,low
2024-02-10,0.35444618574604314,0.014982971706301014,low
2024-02-11,0.9726144239508148,0.04150702773851833,low
2024-02-12,6.93539233102396,0.2973549434680308,moderate
2024-02-13,0.1615700872956991,0.00670713977836276,low
2024-02-14,5.123545879395979,0.2196131349527325,low
2024-02-15,2.1888141690532352,0.09369112292779462,low
2024-02-16,1.2793129577485132,0.05466669624409161,low
2024-02-17,0.3945849290060861,0.016705224985414806,low
2024-02-18,3.003254121873976,0.12863670830149332,low
2024-02-19,3.753662658544018,0.16083486544313721,low
2024-02-20,2.9054241421778033,0.12443906807554497,low
2024-02-21,0.8259318112129486,0.03521324297450332,low
2024-02-22,1.2376648699879829,0.05287968076008177,low
2024-02-23,0.6791704080276986,0.02891607750906747,low
2024-02-24,0.951953776600924,0.04062053093376199,low
2024-02-25,6.513891192479886,0.2792693817626056,moderate
2024-02-26,8.319916209962479,0.35676140707016657,moderate
2024-02-27,9.530374228587766,0.40869913910878436,moderate
2024-02-28,24.447545037021712,0.9999999999957093,extreme
2024-02-29,6.309816143707561,0.2705130308311273,moderate
2024-03-01,1.1500490111194102,0.0491203029623971,low
2024-03-02,0.20268002860005072,0.008471064741257061,low
2024-03-03,1.0198693570030832,0.04353461895821128,low
2024-03-04,20.052360442531647,0.8601713026080954,extreme
2024-03-05,13.7286071964237,0.5888348361458354,elevated
2024-03-06,10.946154871767638,0.4694467524415033,moderate
2024-03-07,4.331838676742198,0.18564295514329554,low
2024-03-08,1.3162500168800773,0.05625157324928383,low
2024-03-09,0.17713250993798066,0.007374884487084252,low
2024-03-10,0.9924803678838876,0.042359425803394586,low
2024-03-11,4.671378705198251,0.2002117702058477,low
2024-03-12,1.5765948915572223,0.06742232194981758,low
2024-03-13,3.3007047085405055,0.14139957048035776,low
2024-03-14,9.330547208191621,0.4001250604710161,moderate
2024-03-15,6.037605458560202,0.2588331498227066,moderate
2024-03-16,10.20457701903337,0.4376274979044246,moderate
2024-03-17,5.269041358214453,0.22585598276358546,low
2024-03-18,2.940583208270515,0.12594765583765932,low
2024-03-19,19.14969402967206,0.8214401400646758,extreme
2024-03-20,19.314812217638774,0.8285249493429496,extreme
2024-03-21,5.388228990274193,0.23097002653956578,low
2024-03-22,3.581583855030561,0.15345139352681414,low
2024-03-23,0.24104827843820842,0.010117350567136545,low
2024-03-24,3.5471018807526384,0.15197185808431843,low
2024-03-25,2.728657614731968,0.11685445762676176,low
2024-03-26,0.030486066727031236,0.0010826516671830024,low
2024-03-27,1.55032592176701,0.06629518602861968,low
2024-03-28,0.43479809589771473,0.01843067159678396,low
2024-03-29,0.838359536546694,0.035746485646534744,low
2024-03-30,0.1674174110076696,0.00695803384277673,low
2024-03-31,2.19253941068136,0.0938509637471238,low
2024-04-01,3.0143261219350324,0.1291117801862298,low
2024-04-02,7.4091422096268476,0.31768236818627826,moderate
2024-04-03,0.12158654507133186,0.00499154578827759,low
2024-04-04,6.185360369173193,0.2651729442118774,moderate
2024-04-05,1.818743149793468,0.07781229926119546,low
2024-04-06,0.23608093264355973,0.009904214158557401,low
2024-04-07,2.3352872098521567,0.09997591548304217,low
2024-04-08,9.505196954302289,0.40761884511660856,moderate
2024-04-09,4.0109366718374355,0.17187385114716744,low
2024-04-10,0.9181202973140725,0.03916882079256247,low
2024-04-11,0.2568354623647246,0.010794739221516303,low
2024-04-12,10.975163032225844,0.47069142019670773,moderate
2024-04-13,8.059321731690654,0.3455799485024446,moderate
2024-04-14,4.236715069210515,0.18156143859128981,low
2024-04-15,4.494953119516062,0.19264178871708507,low
2024-04-16,0.7768814525052212,0.03310861452166917,low
2024-04-17,2.7770159510894796,0.11892939312797166,low
2024-04-18,2.2453959172098448,0.09611890450205528,low
2024-04-19,0.146732118622386,0.006070479581070526,low
2024-04-20,1.8425710151820165,0.07883469348599326,low
2024-04-21,0.2833309105518172,0.011931592765389838,low
2024-04-22,1.3866738141872312,0.05927328260012516,low
2024-04-23,0.7426539515046304,0.03163999789228856,low
2024-04-24,1.9218480417857124,0.0822362728065527,low
2024-04-25,0.5668148053781732,0.024095179060994225,low
2024-04-26,0.9719737000768472,0.04147953587645883,low
2024-04-27,6.605903142984685,0.28321738487889386,moderate
2024-04-28,0.6964082535537292,0.029655710431546554,low
2024-04-29,2.0865603151149443,0.08930366530097464,low
2024-04-30,5.68167510711133,0.24356106691399299,low
2024-05-01,10.592096460910135,0.45425498983083457,moderate
2024-05-02,0.3191693201936845,0.01346932946342375,low
2024-05-03,6.643036483576807,0.28481068383160163,moderate
2024-05-04,0.45685359883584825,0.01937701817299871,low
2024-05-05,0.16322788080601133,0.006778271559712551,low
2024-05-06,3.5327427935710665,0.1513557454964547,low
2024-05-07,0.7515592119619383,0.032022100389235156,low
2024-05-08,1.1283042309261235,0.04818728872353883,low
2024-05-09,1.8588165195802626,0.07953174752775717,low
2024-05-10,2.601331763475335,0.11139122317963382,low
2024-05-11,0.10654718742066929,0.004346244492673672,low
2024-05-12,0.6480035956525201,0.027578787388524265,low
2024-05-13,1.0834793389240454,0.04626396449945055,low
2024-05-14,1.0815290472153358,0.04618028235054039,low
2024-05-15,8.11302676995405,0.3478842976360195,moderate
2024-05-16,1.7671009537032725,0.07559646153601399,low
2024-05-17,3.4264913124281167,0.14679675966514424,low
2024-05-18,0.5414521706706743,0.023006931715805458,low
2024-05-19,0.4546578539824988,0.019282804242351237,low
2024-05-20,58.43282771864039,0.9999999999957093,extreme
2024-05-21,8.597949812623522,0.36869113493395544,moderate
2024-05-22,0.49054897547458165,0.020822802674298785,low
2024-05-23,2.386584875490907,0.1021769702665677,low
2024-05-24,3.378261171326616,0.14472732470236932,low
2024-05-25,0.20926210839964632,0.008753485355295739,low
2024-05-26,3.1241766805689295,0.13382519344867355,low
2024-05-27,0.4171170480557747,0.0176720219692491,low
2024-05-28,0.5543163675361564,0.023558902291745166,low
2024-05-29,0.6086100485990912,0.025888508618480414,low
2024-05-30,0.9695232819559468,0.041374394551615165,low
2024-05-31,0.9245489649330604,0.03944465887287815,low
2024-06-01,0.3556513646235649,0.015034682923572651,low
2024-06-02,0.5076683851164459,0.021557353808627482,low
2024-06-03,1.0411106457190806,0.04444602963459253,low
2024-06-04,0.9434897045971111,0.04025735873206197,low
2024-06-05,0.15113596963952836,0.006259437835340342,low
2024-06-06,0.5336972144132075,0.022674185900689172,low
2024-06-07,1.805438623959911,0.0772414352683831,low
2024-06-08,0.6962705805945512,0.029649803228526932,low
2024-06-09,0.1664467807414211,0.006916386520935498,low
2024-06-10,0.4857628104359044,0.020617440279695677,low
2024-06-11,2.8193257992034693,0.1207448030968648,low
2024-06-12,0.3888512640604481,0.016459207734949594,low
2024-06-13,1.450450687782268,0.06200978904650463,low
2024-06-14,1.0454164467721951,0.04463078080965785,low
2024-06-15,1.2276264443931844,0.052448956975687855,low
2024-06-16,0.6352066165365817,0.0270297009584288,low
2024-06-17,3.495336843547748,0.1497507495535409,low
2024-06-18,1.3455005790442027,0.05750664185660707,low
2024-06-19,1.7265466870308022,0.07385637918450086,low
2024-06-20,0.5441409658215074,0.02312230120396772,low
2024-06-21,0.7766671498712329,0.03309941933058613,low
2024-06-22,0.27522766872848126,0.011583902886031183,low
2024-06-23,0.9490157969397428,0.0404944695602741,low
2024-06-24,8.036514488042224,0.3446013466088433,moderate
2024-06-25,0.8655202340530882,0.03691188337810675,low
2024-06-26,0.7203436053911542,0.030682716631558395,low
2024-06-27,3.689686524481948,0.15808980922751056,low
2024-06-28,2.033522859211379,0.08702796046004359,low
2024-06-29,0.3318519406438681,0.014013509048633337,low
2024-06-30,1.1644003699818555,0.04973608394737851,low
2024-07-01,0.026561038771745697,0.0009142385152612002,low
2024-07-02,2.6598030905627508,0.1139000818690558,low
2024-07-03,3.3726073933094054,0.14448473520058946,low
2024-07-04,6.291006423798461,0.2697059527025774,moderate
2024-07-05,3.4419582649599074,0.1474604079897367,low
2024-07-06,1.4109195616422132,0.06031360710127804,low
2024-07-07,3.4470553893140696,0.14767911287235183,low
2024-07-08,1.5168647360225718,0.06485945007400742,low
2024-07-09,0.8667529102518634,0.03696477443679466,low
2024-07-10,0.7366496273287111,0.031382367329870486,low
2024-07-11,1.201573054253355,0.0513310710391588,low
2024-07-12,0.16310935794163578,0.006773186039458509,low
2024-07-13,0.8245486785474834,0.03515389620439858,low
2024-07-14,0.8093971143253085,0.03450378040490067,low
2024-07-15,6.028267751030893,0.2584324921013731,moderate
2024-07-16,0.7047942118441701,0.03001553096879294,low
2024-07-17,0.581777564675036,0.02473719371244111,low
2024-07-18,0.6845632566867956,0.029147471183421498,low
2024-07-19,2.9011615357391247,0.12425617027356287,low
2024-07-20,0.2976878872730776,0.012547614798669728,low
2024-07-21,1.921757043800673,0.08223236831016348,low
2024-07-22,1.4396523309629823,0.06154645851020533,low
2024-07-23,4.625267778530205,0.19823326544443748,low
2024-07-24,5.627372087780064,0.2412310599054738,low
2024-07-25,8.52877008792336,0.365722805633231,moderate
2024-07-26,1.672179486860975,0.07152361833640695,low
2024-07-27,0.21045497145614925,0.008804668131430162,low
2024-07-28,0.05740123674864883,0.002237514427267997,low
2024-07-29,3.8772240284900636,0.16613657539411145,low
2024-07-30,0.32750526407051883,0.01382700400702806,low
2024-07-31,1.3839152126740637,0.059154917895205494,low
2024-08-01,2.0487439688988918,0.08768106028186001,low
2024-08-02,6.059466211116736,0.259771140146182,moderate
2024-08-03,2.832418263281135,0.1213065680490796,low
2024-08-04,6.704485091539276,0.28744729021149523,moderate
2024-08-05,11.186872408286524,0.4797753410553513,moderate
2024-08-06,6.647231479934434,0.2849906806537738,moderate
2024-08-07,4.162652119433643,0.17838358229201112,low
2024-08-08,22.217653285967813,0.9530786135243758,extreme
2024-08-09,1.4601636938110554,0.06242654988963206,low
2024-08-10,0.40635320875183834,0.017210172493370954,low
2024-08-11,3.984721328754116,0.17074901621409955,low
2024-08-12,8.327376933169989,0.3570815280795726,moderate
2024-08-13,2.5379122473081206,0.10867005004844799,low
2024-08-14,1.9163123841875185,0.08199875155710114,low
2024-08-15,1.4233811575878155,0.06084830307671655,low
2024-08-16,3.3336765757043088,0.1428143109961101,low
2024-08-17,0.10270231993823328,0.004181270826545583,low
2024-08-18,1.4120463289556167,0.060361953874064,low
2024-08-19,0.4748816355301916,0.020150556226037977,low
2024-08-20,0.7854978325297548,0.03347832188034763,low
2024-08-21,3.7624814256033092,0.1612132567242794,low
2024-08-22,0.7100403259581438,0.030240628630093927,low
2024-08-23,4.3739502634382745,0.18744985820964546,low
2024-08-24,2.0170999514655477,0.08632329448346833,low
2024-08-25,0.38304856145177457,0.016210228250695072,low
2024-08-26,0.953252759391776,0.04067626704280167,low
2024-08-27,6.176858383042579,0.26480814520963747,moderate
2024-08-28,3.976262439379198,0.17038606638606854,low
2024-08-29,1.1891002876513963,0.05079589575874019,low
2024-08-30,0.18943468162420482,0.007902739965507066,low
2024-08-31,0.3232473368164193,0.013644306977176085,low
2024-09-01,1.395286381776274,0.059642826376713295,low
2024-09-02,1.7719600161092304,0.07580495177468098,low
2024-09-03,2.22121760110686,0.09508147331189473,low
2024-09-04,1.5296349746443962,0.06540738913624998,low
2024-09-05,1.310837750093503,0.056019346391551206,low
2024-09-06,3.5934464113900444,0.15396038620893257,low
2024-09-07,1.2015969900127268,0.0513320980628451,low
2024-09-08,0.1711847724003359,0.007119681916063199,low
2024-09-09,2.0547682286652402,0.08793954623070026,low
2024-09-10,0.2411610856904581,0.010122190844741554,low
2024-09-11,0.8225636608687201,0.03506872405079625,low
2024-09-12,0.37586353154263646,0.015901936552537643,low
2024-09-13,2.832277999205807,0.1213005496677339,low
2024-09-14,0.1580883176451282,0.006557745733836608,low
2024-09-15,2.4839695634538623,0.10635550413577918,low
2024-09-16,0.832488129306861,0.0354945582180574,low
2024-09-17,3.7736350685309366,0.16169183170062384,low
2024-09-18,0.743171277993588,0.03166219508058136,low
2024-09-19,3.220691152306497,0.137966388511884,low
2024-09-20,3.838392497447596,0.16447041132819576,low
2024-09-21,1.1864246887503007,0.05068109248871373,low
2024-09-22,1.906922952777136,0.08159587449314376,low
2024-09-23,2.9232113992388604,0.1252022748755531,low
2024-09-24,2.7445251672940776,0.11753529469867896,low
2024-09-25,0.817906650276337,0.034868903351088804,low
2024-09-26,1.7643533480484017,0.07547856863592602,low
2024-09-27,0.8184521013203753,0.03489230729383571,low
2024-09-28,0.16883711005576732,0.007018949585083366,low
2024-09-29,0.3533700171586409,0.014936795998543423,low
2024-09-30,2.337718203547332,0.10008022335426515,low
2024-10-01,3.203210027157937,0.13721631706807583,low
2024-10-02,3.061333699325309,0.1311287579919149,low
2024-10-03,1.0055810094371729,0.04292154163067562,low
2024-10-04,1.085537766159988,0.046352286473906795,low
2024-10-05,0.0318851583305137,0.0011426831954814217,low
2024-10-06,0.3177283051980715,0.013407499107018018,low
2024-10-07,0.2507345815447594,0.010532965654526546,low
2024-10-08,0.3546139705889577,0.014990170935086606,low
2024-10-09,0.9273098254620838,0.03956312050652925,low
2024-10-10,0.5188939703063358,0.022039015647863612,low
2024-10-11,2.027912340933727,0.08678722712570343,low
2024-10-12,0.3016417567459936,0.012717265468118969,low
2024-10-13,0.2800644769634739,0.011791438253772834,low
2024-10-14,3.673548744941261,0.15739737739048212,low
2024-10-15,2.590862820271878,0.11094202695930874,low
2024-10-16,0.2927444752313904,0.012335505327686822,low
2024-10-17,0.7014768992516044,0.029873193366108722,low
2024-10-18,0.44233130742790827,0.018753902899171275,low
2024-10-19,1.1528498574752066,0.049240480288062556,low
2024-10-20,3.1353151651665305,0.13430311801891473,low
2024-10-21,1.5962807740855474,0.06826699402928468,low
2024-10-22,0.8948160680779058,0.03816889448796484,low
2024-10-23,5.2598353058219915,0.22546097403553705,low
2024-10-24,1.5030900711685584,0.06426841358938648,low
2024-10-25,3.3923778291870996,0.14533303525321625,low
2024-10-26,1.2611324746539738,0.053886617096556046,low
2024-10-27,0.6035047221025953,0.0256694518024119,low
2024-10-28,1.7335202361977506,0.07415559677190833,low
2024-10-29,3.7872267544161717,0.1622750170144459,low
2024-10-30,1.4303038203110718,0.06114533725384774,low
2024-10-31,2.639186214376252,0.1130154631756592,low
2024-11-01,0.5409631563423101,0.02298594933165101,low
2024-11-02,0.07076004484581946,0.0028107075365128276,low
2024-11-03,0.3216457314042641,0.013575586086861699,low
2024-11-04,0.6752546338549734,0.028748061413856076,low
2024-11-05,2.3585418320119587,0.10097371327182197,low
2024-11-06,13.503984915491941,0.5791968547723166,elevated
2024-11-07,11.617955412697437,0.49827203670690634,moderate
2024-11-08,0.7495034705035426,0.03193389365478922,low
2024-11-09,9.4168860331317,0.4038296439305562,moderate
2024-11-10,5.321097751136958,0.2280895926409248,low
2024-11-11,22.010254202243726,0.9441796365505606,extreme
2024-11-12,3.3395530616070754,0.14306645633733658,low
2024-11-13,7.046714259105213,0.30213148952063396,moderate
2024-11-14,2.1849648188705104,0.09352595692018684,low
2024-11-15,4.588198612805583,0.19664272007510114,low
2024-11-16,1.0531649397529343,0.04496324930170336,low
2024-11-17,17.73667043747706,0.7608108249075778,extreme
2024-11-18,3.986498481301396,0.17082526939378206,low
2024-11-19,7.183887300487083,0.30801724231551814,moderate
2024-11-20,4.259847260120616,0.18255398316075738,low
2024-11-21,9.432370922281674,0.40449406187066156,moderate
2024-11-22,0.41529363130014385,0.017593783707870788,low
2024-11-23,3.1885889090134403,0.13658896138567364,low
2024-11-24,0.3605834141873317,0.015246304858990966,low
2024-11-25,17.657063531545788,0.7573950912885156,extreme
2024-11-26,0.6135322665869286,0.02609970870551714,low
2024-11-27,10.779440759130669,0.4622934660193699,moderate
2024-11-28,0.8087077633031994,0.03447420207329731,low
2024-11-29,0.9708985295880703,0.041433402994621796,low
2024-11-30,5.713140877894601,0.24491118459356861,low
2024-12-01,0.3209520184150951,0.013545820594140117,low
2024-12-02,1.6859139497265943,0.07211292985405796,low
2024-12-03,2.340247261509451,0.10018873891839504,low
2024-12-04,10.24432880793427,0.43933314793790157,moderate
2024-12-05,3.969225766905288,0.1700841403351275,low
2024-12-06,3.6919943732961706,0.15818883325928562,low
2024-12-07,0.06866837168278479,0.002720959062313416,low
2024-12-08,1.0193807436687183,0.04351365377970838,low
2024-12-09,5.503446550420268,0.2359137244398088,low
2024-12-10,0.5997861447601047,0.025509896930943913,low
2024-12-11,3.024418680025398,0.12954482666088318,low
2024-12-12,1.7546246955811184,0.0750611364431793,low
2024-12-13,1.135024556720094,0.04847564112810702,low
2024-12-14,0.6603786613177554,0.02810977056562878,low
2024-12-15,1.4334121704295952,0.06127870879838212,low
2024-12-16,3.9591985968981223,0.16965389949990275,low
2024-12-17,3.6337301997139893,0.15568886300967746,low
2024-12-18,5.194574982420065,0.22266081646092556,low
2024-12-19,3.311366343324746,0.14185703461541826,low
2024-12-20,0.5724720456921393,0.024337917121285264,low
2024-12-21,5.94285207067681,0.2547675184716682,moderate
2024-12-22,1.338346953185884,0.057199697627879624,low
2024-12-23,7.968808507652776,0.34169625199773673,moderate
2024-12-24,3.2189308837334143,0.13789085978138857,low
2024-12-25,0.09473658162952868,0.003839480879764021,low
2024-12-26,2.2261601061211085,0.09529354386459435,low
2024-12-27,1.3925910137699535,0.059527174863729215,low
2024-12-28,3.3743652734644356,0.14456016145002823,low
2024-12-29,0.6715893528816677,0.02859079335655162,low
2024-12-30,0.8067605364174125,0.03439065142828837,low
2024-12-31,0.820454576609821,0.0349782285099348,low
2025-01-01,0.42808605942961364,0.018142674866497045,low
2025-01-02,3.3395205178470118,0.14306505996582786,low
2025-01-03,3.23764930663715,0.1386940205833335,low
2025-01-04,0.6817220518466279,0.029025562175934362,low
2025-01-05,0.36110840296162244,0.015268830816820848,low
2025-01-06,3.26633112393083,0.13992468576796466,low
2025-01-07,6.115387143517913,0.2621705677659028,moderate
2025-01-08,0.7349910878826511,0.03131120354227976,low
2025-01-09,2.713167456245012,0.11618981359255978,low
2025-01-10,1.032292698676294,0.04406767353831163,low
2025-01-11,0.14268239968558039,0.00589671625038484,low
2025-01-12,0.07594540517085788,0.0030331984043839716,low
2025-01-13,3.91038538656668,0.16755944649192614,low
2025-01-14,0.6711770245854117,0.02857310137861157,low
2025-01-15,6.583568478961478,0.28225906019735947,moderate
2025-01-16,6.029715479959866,0.2584946105359,moderate
2025-01-17,3.3877629033977983,0.14513502030735714,low
2025-01-18,75.12532278626111,0.9999999999957093,extreme
2025-01-19,1.8597207835877971,0.07957054723910019,low
2025-01-20,3.355407515061069,0.14374673135922247,low
2025-01-21,3.7214319468313874,0.15945192605772532,low
2025-01-22,4.652979292513023,0.1994222973360669,low
2025-01-23,2.4955845040267537,0.10685387224259252,low
2025-01-24,0.5946636881462091,0.025290105104297904,low
2025-01-25,0.1988637945999523,0.008307319666381291,low
2025-01-26,2.3120244360006237,0.0989777679255184,low
2025-01-27,0.568946716681642,0.024186654053357376,low
2025-01-28,1.7816056372031617,0.07621882129845975,low
2025-01-29,1.4756904705661587,0.06309276512231386,low
2025-01-30,4.04402344742277,0.17329352209645377,low
2025-01-31,5.461477900882092,0.23411295445010524,low
2025-02-01,6.209429710134277,0.2662056995507223,moderate
2025-02-02,7.128475968610563,0.3056396803822476,moderate
2025-02-03,5.602835189014662,0.24017824282836156,low
2025-02-04,2.503764195869449,0.10720484240144763,low
2025-02-05,6.369528577075912,0.27307514229301955,moderate
2025-02-06,3.080389426808751,0.13194639169139663,low
2025-02-07,1.6383788414979923,0.07007331701692072,low
2025-02-08,1.8110011672936213,0.0774801101176336,low
2025-02-09,0.02928341749980252,0.001031048990890937,low
2025-02-10,0.37290513541509235,0.01577499915944162,low
2025-02-11,0.6613637719545031,0.028152039204022292,low
2025-02-12,5.065118734964518,0.2171061720307889,low
2025-02-13,0.4565840605246574,0.019365452956885992,low
2025-02-14,0.6484763061015419,0.027599070213913814,low
2025-02-15,0.9750567511663636,0.04161182190280985,low
2025-02-16,0.7736473067795402,0.03296984540164217,low
2025-02-17,8.050715285457047,0.3452106673779381,moderate
2025-02-18,2.9032956638635894,0.12434774038418132,low
2025-02-19,0.5687046923448413,0.024176269393205465,low
2025-02-20,1.16282221568833,0.04966836928602594,low
2025-02-21,1.1296346928495231,0.048244375523578034,low
2025-02-22,3.1499013047758395,0.13492897285968528,low
2025-02-23,2.5182170470454337,0.10782497816825831,low
2025-02-24,18.401432293016835,0.789334096752834,extreme
2025-02-25,4.959263626911206,0.21256419357932987,low
2025-02-26,4.151978234579471,0.17792559253702842,low
2025-02-27,0.888309469626284,0.03788971259015147,low
2025-02-28,10.108667621551975,0.43351226506716256,moderate
2025-03-01,4.2835811701454745,0.18357234599543024,low
2025-03-02,31.6167924585053,0.9999999999957093,extreme
2025-03-03,23.36741676753207,0.9999999999957093,extreme
2025-03-04,0.20008892677095727,0.008359887029668958,low
2025-03-05,3.5161700555127475,0.15064465067517643,low
2025-03-06,0.25444005270767567,0.010691958172544593,low
2025-03-07,2.5410439149450172,0.10880442208949066,low
2025-03-08,4.0032861523489665,0.1715455864531142,low
2025-03-09,6.285375922311027,0.2694643619385875,moderate
2025-03-10,5.543773025979389,0.2376440328432594,low
2025-03-11,5.316514105639635,0.22789291985431268,low
2025-03-12,0.519436669943883,0.022062301534626044,low
2025-03-13,2.0151286193993743,0.08623870954534026,low
2025-03-14,3.6122479056067016,0.15476711139355268,low
2025-03-15,0.4779911055262116,0.0202839758217203,low
2025-03-16,2.904663744285088,0.12440644130007081,low
2025-03-17,0.42356295104688907,0.01794859957635987,low
2025-03-18,1.696610226074807,0.0725718803721564,low
2025-03-19,3.676550406825431,0.15752617120919515,low
2025-03-20,1.7880795088463064,0.0764965989706139,low
2025-03-21,0.213176893632337,0.00892145901755884,low
2025-03-22,0.41581919685107765,0.017616334413746673,low
2025-03-23,1.1887614054528028,0.050781355169514965,low
2025-03-24,2.534199261083178,0.10851073507787745,low
2025-03-25,0.6031581965119118,0.0256545832543115,low
2025-03-26,1.6935630820400314,0.07244113502789325,low
2025-03-27,0.07895369433085034,0.003162276582959559,low
2025-03-28,2.252164492247239,0.09640932716121921,low
2025-03-29,0.8803879211749507,0.03754981871984316,low
2025-03-30,0.14632194855317454,0.006052880207265593,low
2025-03-31,0.23128109253340604,0.009698265000772902,low
2025-04-01,2.468722956756111,0.10570131030089894,low
2025-04-02,2.711559651908551,0.11612082672187717,low
2025-04-03,0.4121202945274968,0.0174576237482274,low
2025-04-04,2.201069395136779,0.09421696408759184,low
2025-04-05,0.27567222178378775,0.01160297754794278,low
2025-04-06,11.95648646136841,0.5127975589654922,elevated
2025-04-07,1.593967543514133,0.06816773907974244,low
2025-04-08,3.9128553360382945,0.16766542585827487,low
2025-04-09,12.464888533142862,0.5346118227940617,elevated
2025-04-10,5.699992421212296,0.2443470171384573,low
2025-04-11,4.508781223648196,0.19323511814773525,low
2025-04-12,4.821273644955106,0.20664338790364936,low
2025-04-13,0.5504217848339815,0.023391795469637017,low
2025-04-14,0.31477198906912446,0.013280650961469711,low
2025-04-15,0.309263751912238,0.013044306254707858,low
2025-04-16,2.0635105779303995,0.08831465861505004,low
2025-04-17,0.4396249670358732,0.018637780588505404,low
2025-04-18,0.44281181153231464,0.01877452013085888,low
2025-04-19,1.3014737834465797,0.05561756195702882,low
2025-04-20,0.5010581248949261,0.021273724043027895,low
2025-04-21,4.2758464568502985,0.18324046875529545,low
2025-04-22,9.662008306907287,0.4143472288250012,moderate
2025-04-23,1.083989443734781,0.04628585182355757,low
2025-04-24,0.599323777312456,0.025490057897925127,low
2025-04-25,0.5307943961212053,0.022549633213783078,low
2025-04-26,1.6392494477951745,0.07011067255992877,low
2025-04-27,0.2715105427696742,0.011424410289814118,low
2025-04-28,0.5962259493199381,0.02535713783155236,low
2025-04-29,0.4536635229324815,0.019240139979040293,low
2025-04-30,0.14952331332975757,0.006190242778594479,low
2025-05-01,0.8139993061734998,0.034701248969133194,low
2025-05-02,0.6167337632828391,0.02623707693717507,low
2025-05-03,0.493361221274883,0.0209434691216727,low
2025-05-04,0.6631779104838733,0.02822987935987203,low
2025-05-05,0.23986757321084962,0.01006668945310237,low
2025-05-06,2.264392506024869,0.09693400070889693,low
2025-05-07,0.012298596691426134,0.00030227272744707927,low
2025-05-08,53.308276896129705,0.9999999999957093,extreme
2025-05-09,10.13896994565717,0.434812462153973,moderate
2025-05-10,13.469293944792042,0.5777083518150501,elevated
2025-05-11,0.7983589071494481,0.03403015848851428,low
2025-05-12,1.1027604600361331,0.047091269276910784,low
2025-05-13,6.517957222358857,0.27944384495510427,moderate
2025-05-14,1.2292385704127453,0.05251812927900452,low
2025-05-15,2.458968579913584,0.10528277433942361,low
2025-05-16,0.0770985522111338,0.0030826770654010594,low
2025-05-17,0.6114810887625028,0.02601169778521313,low
2025-05-18,2.8246269326633304,0.12097226150095874,low
2025-05-19,2.834814504015381,0.12140938475749931,low
2025-05-20,0.4060659273518467,0.017197845965608024,low
2025-05-21,1.529893370767838,0.06541847626889946,low
2025-05-22,1.2840674514260664,0.054870699699646815,low
2025-05-23,3.328357494050074,0.14258608247979782,low
2025-05-24,0.09912208215809593,0.004027651760375496,low
2025-05-25,0.39729446416395087,0.016821484375507675,low
2025-05-26,0.11092283302030523,0.004533992522884541,low
2025-05-27,3.521488218390203,0.15087283976907057,low
2025-05-28,1.5040142024842362,0.06430806575732922,low
2025-05-29,0.9210724968209856,0.03929549230413519,low
2025-05-30,2.238549766973548,0.09582515328474936,low
2025-05-31,0.08233775889800324,0.003307478346247293,low
2025-06-01,0.16367715845214847,0.006797548942023185,low
2025-06-02,1.547070602793474,0.0661555084173798,low
2025-06-03,0.08774519468787634,0.0035394979179705823,low
2025-06-04,0.6233100781465292,0.026519250192204455,low
2025-06-05,3.5274100169860385,0.15112692936484728,low
2025-06-06,1.2054804284785292,0.051498726713588704,low
2025-06-07,0.233940351519631,0.009812367165839888,low
2025-06-08,0.42574951462049193,0.01804241956121169,low
2025-06-09,2.9700546185189722,0.12721220048500112,low
2025-06-10,4.492572479525709,0.19253964139764332,low
2025-06-11,0.5043638425991888,0.021415564137998146,low
2025-06-12,1.4744981610341563,0.06304160609653404,low
2025-06-13,1.5645894484740681,0.06690719835505972,low
2025-06-14,0.40807096948635957,0.0172838773186216,low
2025-06-15,3.640157609099293,0.15596464710232658,low
2025-06-16,1.0510295858258643,0.04487162659495494,low
2025-06-17,1.234962792061964,0.052763741341192695,low
2025-06-18,0.216537362815307,0.009065648361809992,low
2025-06-19,0.1331252621068063,0.005486643333369259,low
2025-06-20,1.8348622391271356,0.07850392914809509,low
2025-06-21,1.6965509033376747,0.07256933498158723,low
2025-06-22,0.6168192326890922,0.026240744216048995,low
2025-06-23,5.313480391279169,0.2277627507438511,low
2025-06-24,0.09642616250678628,0.003911976577681937,low
2025-06-25,1.7789938953116708,0.07610675797331581,low
2025-06-26,0.8825014879427742,0.037640506593973326,low
2025-06-27,0.5753169433602947,0.02445998457880333,low
2025-06-28,3.9970919202842468,0.17127980741723506,low
2025-06-29,0.4913139262689327,0.020855624803417194,low
2025-06-30,1.1129889861112492,0.04753014979838705,low
2025-07-01,1.3304360055893463,0.05686025861378878,low
2025-07-02,3.2356788664262734,0.13860947391248996,low
2025-07-03,0.09124088825114735,0.003689489402833879,low
2025-07-04,0.6406726205366208,0.02726423354585257,low
2025-07-05,0.020648264750618612,0.0006605361414581277,low
2025-07-06,0.5107444638769483,0.021689340669744813,low
2025-07-07,0.22119075239154434,0.009265313692753394,low
2025-07-08,0.8674545525405556,0.0369948801559657,low
2025-07-09,2.37945448623474,0.10187102306243548,low
2025-07-10,3.2504607417861173,0.13924372728572115,low
2025-07-11,0.9124251975577014,0.03892445827810242,low
2025-07-12,0.12502728331269666,0.005139179277457152,low
2025-07-13,0.46752212097693946,0.019834777827349503,low
2025-07-14,0.10763296658895344,0.004392832566467012,low
2025-07-15,7.62634559068623,0.32700202308530224,moderate
2025-07-16,7.2000560435781065,0.3087110027212004,moderate
2025-07-17,1.059986512995529,0.04525594598155853,low
2025-07-18,2.410319186204043,0.10319535029377438,low
2025-07-19,0.36740310998419273,0.015538920982336175,low
2025-07-20,4.770176022739328,0.20445091648405594,low
2025-07-21,7.73555155094033,0.33168777824031287,moderate
2025-07-22,3.5393337496538053,0.1516385469696461,low
2025-07-23,4.3912776388589165,0.18819333263641813,low
2025-07-24,3.0764259624006174,0.13177632932722805,low
2025-07-25,1.3847497810505889,0.05919072714099586,low
2025-07-26,0.19113198224060782,0.007975566898161727,low
2025-07-27,0.8260391438773864,0.035217848351210966,low
2025-07-28,0.5169663810879703,0.021956307606144254,low
2025-07-29,0.04452718329406518,0.001685120929693922,low
2025-07-30,0.4957853297207368,0.02104748156403422,low
2025-07-31,0.6819430017055732,0.029035042582847528,low
2025-08-01,2.3398709628222463,0.1001725928810424,low
2025-08-02,0.7210936606882966,0.030714899632073665,low
2025-08-03,0.567949378837185,0.02414386077600257,low
2025-08-04,5.322213813541355,0.22813748009278684,low
2025-08-05,0.8064187899125577,0.03437598793883134,low
2025-08-06,0.3992745406165683,0.016906444513430357,low
2025-08-07,2.7399816657405704,0.11734034438848885,low
2025-08-08,2.257721814589857,0.09664777799077455,low
2025-08-09,7.611776583931814,0.32637690337256814,moderate
2025-08-10,3.2851443930787796,0.14073191618549397,low
2025-08-11,1.5702035485824055,0.06714808537681365,low
2025-08-12,11.806098375541442,0.5063447816008112,elevated
2025-08-13,1.3771438209117086,0.05886437437740459,low
2025-08-14,3.759189930299523,0.1610720268770117,low
2025-08-15,0.7524198279033955,0.03205902727101692,low
2025-08-16,0.7572107321377143,0.03226459301267504,low
2025-08-17,0.2346865644907904,0.009844385301738425,low
2025-08-18,1.3390536694993211,0.0572300210607867,low
2025-08-19,2.410908211071507,0.10322062388051567,low
2025-08-20,4.718378318624944,0.20222840629773506,low
2025-08-21,0.72838779595376,0.03102787276872265,low
2025-08-22,15.923445234824918,0.6830098576274656,elevated
2025-08-23,1.9885513116485123,0.08509834361192292,low
2025-08-24,2.3341215805849247,0.09992590124082448,low
2025-08-25,5.42853467783965,0.23269944298209919,low
2025-08-26,1.8495056927001823,0.07913224318798273,low
2025-08-27,3.821134680026222,0.16372992146154125,low
2025-08-28,3.377668983936348,0.14470191541966876,low
2025-08-29,3.4385353235170593,0.1473135381167572,low
2025-08-30,0.37767327750757324,0.015979588234412246,low
2025-08-31,0.28796767821908575,0.012130544891710934,low
2025-09-01,2.2592996477594047,0.09671547887349884,low
2025-09-02,4.044707079268424,0.1733228550324716,low
2025-09-03,0.9133134893256583,0.038962572660515,low
2025-09-04,1.2430350103627779,0.053110100078640726,low
2025-09-05,0.04136945121993019,0.0015496305287112985,low
2025-09-06,0.1523134907577194,0.006309962327198289,low
2025-09-07,0.680279490085625,0.02896366545168678,low
2025-09-08,1.4344623730135462,0.06132377036974785,low
2025-09-09,0.6381449528318721,0.027155777634196087,low
2025-09-10,1.7353253628032885,0.07423305024860197,low
2025-09-11,0.37435061983530443,0.01583702128770034,low
2025-09-12,5.0794219645985095,0.2177198879107174,low
2025-09-13,0.19069953002969256,0.007957011453276878,low
2025-09-14,0.12580482851772334,0.005172541801299533,low
2025-09-15,1.0117860652141328,0.04318778508502891,low
2025-09-16,1.14934081460756,0.04908991601787099,low
2025-09-17,2.004257980136059,0.08577227754979881,low
2025-09-18,0.2361403217568391,0.009906762397161347,low
2025-09-19,0.7136221594707284,0.03039431616516006,low
2025-09-20,0.016081056703041042,0.0004645686447835206,low
2025-09-21,0.1004607893330035,0.0040850923435751425,low
2025-09-22,2.6113415542021423,0.11182071831332048,low
2025-09-23,0.6563952639937072,0.027938852929794766,low
2025-09-24,1.4694090643988462,0.0628232456632961,low
2025-09-25,4.117555211752302,0.17644858655413015,low
2025-09-26,4.328590402518688,0.1855035798046942,low
2025-09-27,0.0861057558949266,0.003469153691725841,low
2025-09-28,1.022510490613384,0.043647943408641844,low
2025-09-29,1.5240337012949774,0.06516705247870315,low
2025-09-30,0.41983472920885684,0.01778863088366274,low
2025-10-01,3.621707573532436,0.1551730021310597,low
2025-10-02,2.122931283017089,0.0908642527445872,low
2025-10-03,1.5714534265920426,0.06720171452226655,low
2025-10-04,0.7503108466883971,0.03196853615151204,low
2025-10-05,0.3488516617600827,0.014742924647092443,low
2025-10-06,1.2026045559076208,0.05137533020031294,low
2025-10-07,1.8113769921397813,0.07749623582364981,low
2025-10-08,1.0721517315104347,0.04577792514126204,low
2025-10-09,0.868760709839189,0.03705092410522529,low
2025-10-10,11.557894484638544,0.495694972207754,moderate
2025-10-11,2.050143574770815,0.08774111387613352,low
2025-10-12,7.767430803704033,0.3330556373995367,moderate
2025-10-13,4.278235887628349,0.1833429932654938,low
2025-10-14,0.8109443528578504,0.03457016854812125,low
2025-10-15,0.9890902287685832,0.04221396339640894,low
2025-10-16,1.8108145019291486,0.07747210077279744,low
2025-10-17,0.8232550672693805,0.03509839057356262,low
2025-10-18,0.6768411903667484,0.028816136593420156,low
2025-10-19,1.407389669776678,0.06016214825263025,low
2025-10-20,2.1642318329611063,0.09263635624841302,low
2025-10-21,1.0291556042695889,0.04393306864812276,low
2025-10-22,0.5294188989795595,0.022490614064945666,low
2025-10-23,4.4602970561243165,0.1911547835452758,low
2025-10-24,0.2749113502988658,0.011570330451809217,low
2025-10-25,0.11709709157705736,0.004798914545394604,low
2025-10-26,2.174870274608743,0.09309282522387649,low
2025-10-27,0.09535194100177782,0.0038658844143695625,low
2025-10-28,0.9527327866037792,0.04065395630842278,low
2025-10-29,4.379862399549983,0.1877035332123477,low
2025-10-30,1.5361643196376127,0.06568754703138335,low
2025-10-31,0.35374475918921555,0.014952875243645782,low
2025-11-01,0.316311799210373,0.013346720370962606,low
2025-11-02,0.045727291026919775,0.0017366145568064623,low
2025-11-03,6.858062494205184,0.29403691320057473,moderate
2025-11-04,6.164875787614185,0.2642940019507131,moderate
2025-11-05,1.042524677242609,0.04450670219756715,low
2025-11-06,1.501389874262078,0.0641954623841543,low
2025-11-07,0.8630367147417304,0.03680532176380762,low
2025-11-08,0.4203508969274249,0.017810778352010646,low
2025-11-09,1.7112856332919923,0.07320156546315146,low
2025-11-10,1.6885684648546992,0.07222682847201461,low
2025-11-11,4.2429272542877605,0.1818279879461222,low
2025-11-12,1.087573426917147,0.04643963159558803,low
2025-11-13,2.1325106807470586,0.09127528078912488,low
2025-11-14,11.253985998339399,0.48265501767583796,moderate
2025-11-15,0.7946464643062883,0.033870866833099665,low
2025-11-16,0.7204363276592824,0.030686695112630814,low
2025-11-17,2.1577776080988986,0.09235942157058664,low
2025-11-18,7.168786609600104,0.30736930936384366,moderate
2025-11-19,0.8357812874399096,0.035635859413178005,low
2025-11-20,15.111991797341654,0.64819241617197,elevated
2025-11-21,1.0800021062728093,0.04611476512624062,low
2025-11-22,0.19782869409537254,0.008262906087543622,low
2025-11-23,3.354137653519714,0.14369224477030637,low
2025-11-24,2.489326353403027,0.10658535062089962,low
2025-11-25,1.1257634959583644,0.04807827212824502,low
2025-11-26,5.977968885584371,0.2562742933408949,moderate
2025-11-27,1.6918693145635588,0.07236845969345358,low
2025-11-28,1.7711294870252325,0.0757693158448501,low
2025-11-29,0.36629981710173876,0.015491581438785474,low
2025-11-30,0.6680521871928151,0.02843902240630218,low
2025-12-01,6.137697154805603,0.26312783466009426,moderate
2025-12-02,10.0321516139858,0.4302291541814582,moderate
2025-12-03,2.6682087427489427,0.11426074742220904,low
2025-12-04,1.489378121215147,0.06368006804460169,low
2025-12-05,2.417552595386009,0.1035057178257647,low
2025-12-06,0.24362871487978408,0.010228070653569158,low
2025-12-07,1.2732229891198028,0.054405390891989626,low
2025-12-08,0.4613321806039086,0.019569182937247808,low
2025-12-09,2.981755548012778,0.12771425816176568,low
2025-12-10,0.4278693437728149,0.018133376138628587,low
2025-12-11,3.0075115031353854,0.12881938190416187,low
2025-12-12,2.3030291089775226,0.09859180089705744,low
2025-12-13,0.1233543567863215,0.005067398176163075,low
2025-12-14,1.9654256852194787,0.08410608070795174,low
2025-12-15,2.0443189841470155,0.08749119523178671,low
2025-12-16,2.170936616771461,0.09292404178526009,low
2025-12-17,1.646948885246392,0.07044103620165472,low
2025-12-18,1.5104504695991876,0.06458422991304688,low
2025-12-19,2.5625955989931843,0.1097291510547677,low
2025-12-20,0.14434982469102753,0.005968261295148771,low
2025-12-21,0.06524855622798446,0.0025742233176779573,low
2025-12-22,0.013263629459258686,0.0003436798746037362,low
2025-12-23,0.47046039474711465,0.019960851820320175,low
2025-12-24,0.45962655000621944,0.01949599858588942,low
2025-12-25,0.40307682501917863,0.017069591045898842,low
2025-12-26,0.6799940327386951,0.028951417189487533,low
2025-12-27,0.6078165237448043,0.025854460447776617,low
2025-12-28,0.11139658010352783,0.004554319827659998,low
2025-12-29,0.36803751021956616,0.015566141512848653,low
2025-12-30,1.0091429272201848,0.043074374631499365,low
2025-12-31,0.7281652550968772,0.031018324096059428,low
2026-01-01,1.0076287004611362,0.04300940294107553,low
2026-01-02,1.3652014996094008,0.05835195918069851,low
2026-01-03,0.6268849808226774,0.026672640342379834,low
2026-01-04,0.5693788560949475,0.024205196076877596,low
2026-01-05,2.8727214724370636,0.12303587814924671,low
2026-01-06,1.3306491620164205,0.05686940462399429,low
2026-01-07,2.196372017393446,0.09401541133420147,low
2026-01-08,3.153274203504908,0.13507369552473295,low
2026-01-09,0.32358218886225243,0.01365867464260641,low
2026-01-10,0.018072997312285535,0.0005500378440518083,low
2026-01-11,1.0274652097503103,0.043860538038856735,low
2026-01-12,0.6716431852923446,0.028593103170917514,low
2026-01-13,8.559385476046632,0.36703643551558796,moderate
2026-01-14,1.765413495594858,0.07552405692080827,low
2026-01-15,1.1790558908323394,0.05036491576401869,low
2026-01-16,1.7472166834726333,0.07474327713545519,low
2026-01-17,0.3456720811341857,0.014606496779291982,low
2026-01-18,2.754278702933111,0.1179537945662122,low
2026-01-19,0.920268679457915,0.039261002507571606,low
2026-01-20,8.56475340186411,0.36726675981302037,moderate
2026-01-21,1.0212085616123638,0.043592080885078176,low
2026-01-22,0.4315315958969445,0.018290514235575497,low
2026-01-23,0.17153002081610247,0.007134495663775992,low
2026-01-24,0.09028128485723154,0.0036483152165592073,low
2026-01-25,3.142378754980041,0.13460619902570706,low
2026-01-26,1.523943713848555,0.06516319134200348,low
2026-01-27,1.0033647389426545,0.04282644699600162,low
2026-01-28,0.5948657556281907,0.025298775315549672,low
2026-01-29,9.048062437781606,0.3880043441101064,moderate
2026-01-30,6.045585207034358,0.25917554091071554,moderate
2026-01-31,12.365620348157961,0.5303524727692165,elevated
2026-02-01,6.774534174008639,0.29045292148400864,moderate
2026-02-02,1.5614842221926235,0.06677396084657669,low
2026-02-03,4.317678394281741,0.18503537276975932,low
2026-02-04,3.7853204924786548,0.16219322407311068,low
2026-02-05,68.79850255070947,0.9999999999957093,extreme
2026-02-06,47.88394097749564,0.9999999999957093,extreme
2026-02-07,3.873008388387619,0.16595569280037997,low
2026-02-08,2.1532230557251824,0.09216399709728638,low
2026-02-09,0.31014708000399827,0.013082207658165148,low
2026-02-10,1.2524868119784536,0.05351565329241898,low
2026-02-11,1.2692677723749206,0.054235682414463374,low
2026-02-12,1.1285381281834999,0.04819732467099942,low
2026-02-13,4.755918586345258,0.20383916547774364,low
2026-02-14,2.590299690393377,0.11091786446190488,low
2026-02-15,5.842712003905733,0.25047075817576603,moderate
2026-02-16,0.55448663355626,0.023566207981650433,low
2026-02-17,1.890783034103432,0.08090335087125727,low
2026-02-18,1.6840161617436527,0.0720315005089609,low
2026-02-19,1.0281165812275772,0.04388848676299531,low
2026-02-20,1.441894191632224,0.06164265115539862,low
2026-02-21,0.09563540078026037,0.003878046965893053,low
2026-02-22,1.2126451407421972,0.05180614663229584,low
2026-02-23,3.90438199864681,0.16730185610191806,low
2026-02-24,1.756458439121424,0.07513981780111033,low
2026-02-25,8.90384736805938,0.3818164354574212,moderate
2026-02-26,0.3863887265160809,0.01635354639589743,low
2026-02-27,1.5729300413175609,0.06726507237421861,low
2026-02-28,1.0373057008269175,0.044282768947158435,low
2026-03-01,1.1603081251137806,0.049560495935135125,low
2026-03-02,6.41077027510328,0.27484472060800785,moderate
2026-03-03,2.2809666425020194,0.09764515553283651,low
2026-03-04,13.553383869704952,0.5813164405881198,elevated
2026-03-05,1.3893488703861483,0.05938806258415582,low
2026-03-06,2.6063639343172764,0.11160714106917625,low
2026-03-07,0.7072962633230928,0.030122887752142353,low
2026-03-08,0.7484904460532651,0.0318904273043355,low
2026-03-09,4.09139954229585,0.17532631206743404,low
2026-03-10,1.9432576000774848,0.0831549035103966,low
2026-03-11,0.06761494118676349,0.0026757589892982448,low
2026-03-12,0.16694853934904533,0.006937915730300771,low
2026-03-13,0.2268566015709353,0.009508421137970397,low
2026-03-14,0.13058754254898722,0.005377756121788922,low
2026-03-15,1.4477764040275691,0.061895042206127196,low
2026-03-16,7.59071122551498,0.32547304142616745,moderate
2026-03-17,0.23174726911622007,0.009718267474273281,low
2026-03-18,2.1996561175303233,0.09415632387331689,low
2026-03-19,1.6126286639252232,0.0689684411747662,low
2026-03-20,0.4590231934552357,0.019470110062382983,low
2026-03-21,1.266366636069686,0.0541112018974109,low
2026-03-22,0.24757756163556796,0.010397505810763947,low
2026-03-23,4.652874542640037,0.1994178027804933,low
2026-03-24,0.238510256932883,0.01000845039974243,low
2026-03-25,0.622863630258229,0.026500094227738975,low
2026-03-26,2.0922453981891858,0.0895475980246081,low
2026-03-27,2.5198341679861405,0.10789436479117304,low
2026-03-28,0.49101383505835017,0.020842748638657607,low
2026-03-29,0.028589523397947982,0.001001275727076114,low
2026-03-30,0.5255236934386662,0.02232348051838284,low
2026-03-31,4.523951256811753,0.19388602640340574,low
2026-04-01,4.736107386714158,0.20298911635421252,low
2026-04-02,1.3544804360376936,0.057891945104713696,low
2026-04-03,1.435627009924121,0.0613737420324185,low
2026-04-04,0.11152951562022724,0.00456002375884845,low
2026-04-05,2.465096795568371,0.10554572077594247,low
2026-04-06,1.3649800280194713,0.058342456387611145,low
2026-04-07,3.78160611913524,0.162033849584749,low
2026-04-08,1.0787168992704905,0.04605962010189983,low
2026-04-09,0.8541644823876069,0.03642463642032404,low
2026-04-10,0.7704212566685391,0.03283142364423284,low
2026-04-11,1.2094065123698043,0.05166718517308799,low
2026-04-12,1.5728699640253336,0.06726249460757384,low
2026-04-13,6.45373393938432,0.2766881841965758,moderate
2026-04-14,1.7620534670313097,0.07537988648243664,low
2026-04-15,0.19317858077502154,0.008063381332562127,low
2026-04-16,9.58437382942911,0.411016127187293,moderate
2026-04-17,5.643874118690756,0.24193912085954627,low
2026-04-18,0.5459819416895971,0.023201292883030654,low
2026-04-19,1.101090321219485,0.04701960778928242,low
2026-04-20,2.2714178792090594,0.09723544193552135,low
2026-04-21,0.1487933472659099,0.006158921756933222,low
2026-04-22,2.36420522198731,0.1012167151987323,low
2026-04-23,1.479271442579608,0.06324641569260257,low
2026-04-24,0.7486818838753091,0.03189864142341306,low
2026-04-25,0.04625232640491307,0.0017591425142848883,low
2026-04-26,0.8956297565289841,0.03820380782827467,low
2026-04-27,0.5298148671147447,0.022507604069212345,low
2026-04-28,0.7296601303852492,0.031082465463181597,low
2026-04-29,0.21050638984223957,0.008806874366026923,low
2026-04-30,0.3895166435900819,0.01648775750964839,low
2026-05-01,2.704937002548274,0.11583666536925924,low
2026-05-02,0.12074947124052324,0.004955629039698029,low
2026-05-03,0.19024678931806033,0.00793758547947034,low
2026-05-04,1.4716427053422367,0.06291908562057116,low
2026-05-05,1.953794695144486,0.08360702395706594,low
2026-05-06,4.9379066780755325,0.21164782021592368,low
2026-05-07,1.7096905549476056,0.07313312463302217,low
2026-05-08,5.074240051145015,0.21749754493950013,low
2026-05-09,0.19439314162803825,0.008115495106983001,low
2026-05-10,1.6447492775649217,0.07034665652669496,low
2026-05-11,1.9064976858818152,0.08157762735221512,low
2026-05-12,0.6750082664652326,0.02873749040414362,low
2026-05-13,3.0144304018802375,0.12911625457837536,low
2026-05-14,2.5273001702613813,0.10821471231219781,low
2026-05-15,1.225924168482528,0.05237591656557609,low
2026-05-16,0.6858847811337737,0.02920417449865715,low
2026-05-17,0.8580805659648302,0.03659266579131011,low
2026-05-18,0.5039835698008215,0.021399247581455685,low
2026-05-19,0.18865038310874804,0.007869087673971716,low
2026-05-20,0.9685492150167205,0.041332599770715066,low
2026-05-21,0.6255862171964044,0.026616913637145165,low
2026-05-22,1.1451368529419732,0.0489095345167134,low
2026-05-23,0.84329758961387,0.035958365177298425,low
2026-05-24,0.8662058557488995,0.036941301693627804,low
2026-05-25,0.3299917001050418,0.013933690770637493,low
2026-05-26,0.832547249478907,0.03549709491706435,low
2026-05-27,1.1188436569460574,0.047781359109502125,low
2026-05-28,0.5989707134356075,0.025474908808286234,low
2026-05-29,0.1667356790662347,0.006928782426906376,low
2026-05-30,0.16863069812536868,0.007010092964394618,low
2026-05-31,0.15371858395100851,0.006370251368734166,low
2026-06-01,9.44017752782786,0.40482902382783004,moderate
2026-06-02,7.476884466579904,0.32058901933417583,moderate
2026-06-03,6.109351959961672,0.26191161310450617,moderate
2026-06-04,3.843652034288572,0.16469608492520665,low
2026-06-05,16.025375004028916,0.6873834095873161,elevated
2026-06-06,1.0560231798698825,0.04508588925039375,low
2026-06-07,5.75364377621553,0.24664906285734262,low
2026-06-08,0.439062903181585,0.0186136638315395,low
2026-06-09,0.7965991233309491,0.033954650557628,low
2026-06-10,1.6936279531543614,0.07244391848547813,low
2026-06-11,4.9846195318575175,0.2136521521672649,low
2026-06-12,0.10121635911505333,0.0041175119568725525,low
2026-06-13,2.601254984419947,0.1113879287820227,low
2026-06-14,1.050645794522715,0.04485515906815516,low
2026-06-15,4.855110818924728,0.2080952565744639,low
2026-06-16,0.7007148767263177,0.029840496881706334,low
2026-06-17,0.49936155641337643,0.02120092852445224,low
2026-06-18,1.241188574861248,0.05303087414033519,low
2026-06-19,1.013957452472815,0.04328095389209054,low
2026-06-20,5.825578672285474,0.2497356096840964,low
2026-06-21,0.7975942470815186,0.03399734883374091,low
2026-06-22,2.1829713092802194,0.09344042039985832,low
2026-06-23,1.037069576071251,0.044272637423306484,low
2026-06-24,1.4909011213491996,0.06374541617864689,low
2026-06-25,4.002634898401123,0.17151764277186982,low
2026-06-26,15.405364197719623,0.6607802935571451,elevated
2026-06-27,1.3105493478619135,0.05600697177170223,low
2026-06-28,1.759626454024784,0.07527574941262703,low
2026-06-29,5.528273976647493,0.23697900732509436,low
2026-06-30,1.7566282470292294,0.07514710383456041,low
2026-07-01,4.1399750635205255,0.17741056642915792,low
2026-07-02,4.443813643232457,0.1904475214439172,low
2026-07-03,1.8098351547140372,0.07743007942843971,low
2026-07-04,1.9441836546750346,0.08319463820156359,low
2026-07-05,0.645799123619377,0.0274841989963766,low
2026-07-06,0.1593913835381036,0.006613657038596173,low
2026-07-07,0.15802467033622447,0.006555014786687714,low
2026-07-08,2.0466742917488183,0.0875922556016704,low
2026-07-09,2.253052388068289,0.09644742455453836,low
2026-07-10,3.8385878719196564,0.16447879435909887,low
2026-07-11,0.5327563877779956,0.022633817378260014,low
2026-07-12,0.7125813802935679,0.030349658928657035,low
2026-07-13,1.6249281366540442,0.06949618084766399,low
2026-07-14,6.2338977163615406,0.2672555606209923,moderate
2026-07-15,2.641793374177821,0.11312732989476239,low
2026-07-16,0.8878177096140283,0.03786861239555501,low
2026-07-17,1.1412389080398913,0.04874228343099995,low
2026-07-18,0.8945443627712608,0.03815723629148643,low
2026-07-19,0.8087233819390871,0.03447487222997608,low
2026-07-20,0.5651971256241882,0.024025768460796633,low
2026-07-21,2.3063666851875144,0.09873500796098345,low
2026-07-22,0.5955095594033669,0.02532639932848201,low
2026-07-23,0.8567531903826932,0.036535711418470375,low
2026-07-24,1.5445280298948312,0.0660464129610596,low
2026-07-25,0.10669472393476899,0.0043525749162136185,low
2026-07-26,3.4994946915180156,0.14992915243114116,low
2026-07-27,0.9778851601195802,0.041733181870728955,low
2026-07-28,2.0455822614753423,0.08754539930855727,low
2026-07-29,0.28192293772774346,0.011871180166085116,low
2026-07-30,1.1000723265589534,0.04697592817951332,low
2026-07-31,2.383811973777236,0.10205799197574053,low
2026-08-01,0.6441280097198272,0.02741249567037493,low
2026-08-02,0.6815228964354502,0.029017016914371686,low
2026-08-03,1.2246043285664894,0.052319285529358134,low
2026-08-04,0.517938747480493,0.021998029420830196,low
2026-08-05,1.417326001477608,0.06058849144288465,low
2026-08-06,1.1386808868304765,0.048632525126226546,low
2026-08-07,0.6668057533045308,0.02838554103949932,low
2026-08-08,5.525515693062111,0.23686065626166236,low
2026-08-09,0.23074839931998709,0.00967540846469182,low
2026-08-10,1.6341697152646049,0.0698927139170506,low
2026-08-11,1.0585968055982775,0.04519631710612466,low
2026-08-12,0.2094953072136383,0.008763491334294164,low
2026-08-13,0.3853317773598224,0.016308195345954745,low
