symbol,date,bull_prob,side_prob,bear_prob,f6_cont
BTCUSDT,2014-10-08,0.0,0.0,1.0,0.0
BTCUSDT,2014-10-09,0.0,0.0003,0.9997,0.0
BTCUSDT,2014-10-10,1.0,0.0,0.0,1.0
BTCUSDT,2014-10-11,1.0,0.0,0.0,1.0
BTCUSDT,2014-10-12,1.0,0.0,0.0,1.0
BTCUSDT,2014-10-13,1.0,0.0,0.0,1.0
BTCUSDT,2014-10-14,1.0,0.0,0.0,1.0
BTCUSDT,2014-10-15,1.0,0.0,0.0,1.0
BTCUSDT,2014-10-16,1.0,0.0,0.0,1.0
BTCUSDT,2014-10-17,1.0,0.0,0.0,1.0
BTCUSDT,2014-10-18,1.0,0.0,0.0,1.0
BTCUSDT,2014-10-19,1.0,0.0,0.0,1.0
BTCUSDT,2014-10-20,0.0,0.1282,0.8718,0.0
BTCUSDT,2014-10-21,0.0,0.0924,0.9076,0.0
BTCUSDT,2014-10-22,0.0,0.0526,0.9474,0.0
BTCUSDT,2014-10-23,0.0,0.0054,0.9946,0.0
BTCUSDT,2014-10-24,0.0,0.0007,0.9993,0.0
BTCUSDT,2014-10-25,0.0,0.0,1.0,0.0
BTCUSDT,2014-10-26,0.0,0.0001,0.9999,0.0
BTCUSDT,2014-10-27,0.0,0.0003,0.9997,0.0
BTCUSDT,2014-10-28,0.0,0.0004,0.9996,0.0
BTCUSDT,2014-10-29,0.0,0.0,1.0,0.0
BTCUSDT,2014-10-30,0.0,0.0229,0.9771,0.0
BTCUSDT,2014-10-31,0.0,0.0256,0.9744,0.0
BTCUSDT,2014-11-01,0.0,0.0231,0.9769,0.0
BTCUSDT,2014-11-02,0.0,0.0212,0.9788,0.0
BTCUSDT,2014-11-03,0.0,0.0313,0.9687,0.0
BTCUSDT,2014-11-04,0.0,0.0435,0.9565,0.0
BTCUSDT,2014-11-05,1.0,0.0,0.0,1.0
BTCUSDT,2014-11-06,1.0,0.0,0.0,1.0
BTCUSDT,2014-11-07,1.0,0.0,0.0,1.0
BTCUSDT,2014-11-08,1.0,0.0,0.0,1.0
BTCUSDT,2014-11-09,1.0,0.0,0.0,1.0
BTCUSDT,2014-11-10,1.0,0.0,0.0,1.0
BTCUSDT,2014-11-11,1.0,0.0,0.0,1.0
BTCUSDT,2014-11-12,1.0,0.0,0.0,1.0
BTCUSDT,2014-11-13,1.0,0.0,0.0,1.0
BTCUSDT,2014-11-14,1.0,0.0,0.0,1.0
BTCUSDT,2014-11-15,1.0,0.0,0.0,1.0
BTCUSDT,2014-11-16,1.0,0.0,0.0,1.0
BTCUSDT,2014-11-17,1.0,0.0,0.0,1.0
BTCUSDT,2014-11-18,1.0,0.0,0.0,1.0
BTCUSDT,2014-11-19,0.0,0.0,1.0,0.0
BTCUSDT,2014-11-20,0.0,0.0,1.0,0.0
BTCUSDT,2014-11-21,0.0,0.0,1.0,0.0
BTCUSDT,2014-11-22,0.0,0.0,1.0,0.0
BTCUSDT,2014-11-23,0.0,0.0,1.0,0.0
BTCUSDT,2014-11-24,0.0,0.0,1.0,0.0
BTCUSDT,2014-11-25,1.0,0.0,0.0,1.0
BTCUSDT,2014-11-26,0.0,0.0012,0.9988,0.0
BTCUSDT,2014-11-27,1.0,0.0,0.0,1.0
BTCUSDT,2014-11-28,1.0,0.0,0.0,1.0
BTCUSDT,2014-11-29,1.0,0.0,0.0,1.0
BTCUSDT,2014-11-30,1.0,0.0,0.0,1.0
BTCUSDT,2014-12-01,1.0,0.0,0.0,1.0
BTCUSDT,2014-12-02,1.0,0.0,0.0,1.0
BTCUSDT,2014-12-03,1.0,0.0,0.0,1.0
BTCUSDT,2014-12-04,0.0,0.8384,0.1616,0.0
BTCUSDT,2014-12-05,1.0,0.0,0.0,1.0
BTCUSDT,2014-12-06,0.0,0.9986,0.0014,0.0
BTCUSDT,2014-12-07,0.0,0.9998,0.0002,0.0
BTCUSDT,2014-12-08,0.0,0.9997,0.0003,0.0
BTCUSDT,2014-12-09,0.0,0.9982,0.0018,0.0
BTCUSDT,2014-12-10,0.0,0.9982,0.0018,0.0
BTCUSDT,2014-12-11,0.0,0.9996,0.0004,0.0
BTCUSDT,2014-12-12,0.0,0.9991,0.0009,0.0
BTCUSDT,2014-12-13,0.0,0.9971,0.0029,0.0
BTCUSDT,2014-12-14,0.0,0.9947,0.0053,0.0
BTCUSDT,2014-12-15,0.0,0.9821,0.0179,0.0
BTCUSDT,2014-12-16,0.0,0.8037,0.1963,0.0
BTCUSDT,2014-12-17,0.0,0.4462,0.5538,0.0
BTCUSDT,2014-12-18,0.0,0.0513,0.9487,0.0
BTCUSDT,2014-12-19,0.0,0.0644,0.9356,0.0
BTCUSDT,2014-12-20,0.0,0.3522,0.6478,0.0
BTCUSDT,2014-12-21,0.0,0.3779,0.6221,0.0
BTCUSDT,2014-12-22,0.0,0.5048,0.4952,0.0
BTCUSDT,2014-12-23,1.0,0.0,0.0,1.0
BTCUSDT,2014-12-24,1.0,0.0,0.0,1.0
BTCUSDT,2014-12-25,1.0,0.0,0.0,1.0
BTCUSDT,2014-12-26,1.0,0.0,0.0,1.0
BTCUSDT,2014-12-27,0.0,0.9975,0.0025,0.0
BTCUSDT,2014-12-28,0.0,0.9992,0.0008,0.0
BTCUSDT,2014-12-29,0.0,0.9986,0.0014,0.0
BTCUSDT,2014-12-30,0.0,0.9963,0.0037,0.0
BTCUSDT,2014-12-31,0.0,0.9949,0.0051,0.0
BTCUSDT,2015-01-01,0.0,0.9814,0.0186,0.0
BTCUSDT,2015-01-02,0.0,0.8684,0.1316,0.0
BTCUSDT,2015-01-03,0.0,0.0003,0.9997,0.0
BTCUSDT,2015-01-04,0.0,0.0,1.0,0.0
BTCUSDT,2015-01-05,0.0,0.0,1.0,0.0
BTCUSDT,2015-01-06,0.0,0.0,1.0,0.0
BTCUSDT,2015-01-07,0.0,0.0,1.0,0.0
BTCUSDT,2015-01-08,0.0,0.0,1.0,0.0
BTCUSDT,2015-01-09,0.0,0.0,1.0,0.0
BTCUSDT,2015-01-10,0.0,0.0011,0.9989,0.0
BTCUSDT,2015-01-11,1.0,0.0,0.0,1.0
BTCUSDT,2015-01-12,0.0,0.0043,0.9957,0.0
BTCUSDT,2015-01-13,0.0,0.0,1.0,0.0
BTCUSDT,2015-01-14,0.0,0.0,1.0,0.0
BTCUSDT,2015-01-15,0.0,0.0,1.0,0.0
BTCUSDT,2015-01-16,0.0,0.0,1.0,0.0
BTCUSDT,2015-01-17,0.0,0.0,1.0,0.0
BTCUSDT,2015-01-18,0.0,0.0,1.0,0.0
BTCUSDT,2015-01-19,0.0,0.0,1.0,0.0
BTCUSDT,2015-01-20,0.0,0.0,1.0,0.0
BTCUSDT,2015-01-21,1.0,0.0,0.0,1.0
BTCUSDT,2015-01-22,1.0,0.0,0.0,1.0
BTCUSDT,2015-01-23,1.0,0.0,0.0,1.0
BTCUSDT,2015-01-24,1.0,0.0,0.0,1.0
BTCUSDT,2015-01-25,1.0,0.0,0.0,1.0
BTCUSDT,2015-01-26,1.0,0.0,0.0,1.0
BTCUSDT,2015-01-27,1.0,0.0,0.0,1.0
BTCUSDT,2015-01-28,1.0,0.0,0.0,1.0
BTCUSDT,2015-01-29,1.0,0.0,0.0,1.0
BTCUSDT,2015-01-30,0.0,0.0,1.0,0.0
BTCUSDT,2015-01-31,0.0,0.0,1.0,0.0
BTCUSDT,2015-02-01,0.0,0.0,1.0,0.0
BTCUSDT,2015-02-02,0.0,0.0,1.0,0.0
BTCUSDT,2015-02-03,0.0,0.0,1.0,0.0
BTCUSDT,2015-02-04,0.0,0.0,1.0,0.0
BTCUSDT,2015-02-05,0.0,0.0,1.0,0.0
BTCUSDT,2015-02-06,0.0,0.0,1.0,0.0
BTCUSDT,2015-02-07,1.0,0.0,0.0,1.0
BTCUSDT,2015-02-08,0.0,0.0,1.0,0.0
BTCUSDT,2015-02-09,0.0,0.0,1.0,0.0
BTCUSDT,2015-02-10,0.0,0.0,1.0,0.0
BTCUSDT,2015-02-11,0.0,0.0001,0.9999,0.0
BTCUSDT,2015-02-12,1.0,0.0,0.0,1.0
BTCUSDT,2015-02-13,1.0,0.0,0.0,1.0
BTCUSDT,2015-02-14,1.0,0.0,0.0,1.0
BTCUSDT,2015-02-15,1.0,0.0,0.0,1.0
BTCUSDT,2015-02-16,1.0,0.0,0.0,1.0
BTCUSDT,2015-02-17,1.0,0.0,0.0,1.0
BTCUSDT,2015-02-18,1.0,0.0,0.0,1.0
BTCUSDT,2015-02-19,1.0,0.0,0.0,1.0
BTCUSDT,2015-02-20,1.0,0.0,0.0,1.0
BTCUSDT,2015-02-21,0.0,0.0243,0.9757,0.0
BTCUSDT,2015-02-22,1.0,0.0,0.0,1.0
BTCUSDT,2015-02-23,1.0,0.0,0.0,1.0
BTCUSDT,2015-02-24,0.0,0.1449,0.8551,0.0
BTCUSDT,2015-02-25,1.0,0.0,0.0,1.0
BTCUSDT,2015-02-26,0.0,0.2417,0.7583,0.0
BTCUSDT,2015-02-27,1.0,0.0,0.0,1.0
BTCUSDT,2015-02-28,1.0,0.0,0.0,1.0
BTCUSDT,2015-03-01,1.0,0.0,0.0,1.0
BTCUSDT,2015-03-02,1.0,0.0,0.0,1.0
BTCUSDT,2015-03-03,1.0,0.0,0.0,1.0
BTCUSDT,2015-03-04,1.0,0.0,0.0,1.0
BTCUSDT,2015-03-05,1.0,0.0,0.0,1.0
BTCUSDT,2015-03-06,1.0,0.0,0.0,1.0
BTCUSDT,2015-03-07,1.0,0.0,0.0,1.0
BTCUSDT,2015-03-08,1.0,0.0,0.0,1.0
BTCUSDT,2015-03-09,1.0,0.0,0.0,1.0
BTCUSDT,2015-03-10,1.0,0.0,0.0,1.0
BTCUSDT,2015-03-11,1.0,0.0,0.0,1.0
BTCUSDT,2015-03-12,1.0,0.0,0.0,1.0
BTCUSDT,2015-03-13,1.0,0.0,0.0,1.0
BTCUSDT,2015-03-14,1.0,0.0,0.0,1.0
BTCUSDT,2015-03-15,1.0,0.0,0.0,1.0
BTCUSDT,2015-03-16,1.0,0.0,0.0,1.0
BTCUSDT,2015-03-17,0.0,0.2286,0.7714,0.0
BTCUSDT,2015-03-18,0.0,0.0,1.0,0.0
BTCUSDT,2015-03-19,0.0,0.0,1.0,0.0
BTCUSDT,2015-03-20,0.0,0.0,1.0,0.0
BTCUSDT,2015-03-21,0.0,0.0,1.0,0.0
BTCUSDT,2015-03-22,0.0,0.0001,0.9999,0.0
BTCUSDT,2015-03-23,0.0,0.0001,0.9999,0.0
BTCUSDT,2015-03-24,0.0,0.0,1.0,0.0
BTCUSDT,2015-03-25,0.0,0.0004,0.9996,0.0
BTCUSDT,2015-03-26,0.0,0.0004,0.9996,0.0
BTCUSDT,2015-03-27,0.0,0.0003,0.9997,0.0
BTCUSDT,2015-03-28,0.0,0.0004,0.9996,0.0
BTCUSDT,2015-03-29,0.0,0.0,1.0,0.0
BTCUSDT,2015-03-30,0.0,0.0012,0.9988,0.0
BTCUSDT,2015-03-31,0.0,0.0124,0.9876,0.0
BTCUSDT,2015-04-01,1.0,0.0,0.0,1.0
BTCUSDT,2015-04-02,1.0,0.0,0.0,1.0
BTCUSDT,2015-04-03,1.0,0.0,0.0,1.0
BTCUSDT,2015-04-04,1.0,0.0,0.0,1.0
BTCUSDT,2015-04-05,1.0,0.0,0.0,1.0
BTCUSDT,2015-04-06,1.0,0.0,0.0,1.0
BTCUSDT,2015-04-07,1.0,0.0,0.0,1.0
BTCUSDT,2015-04-08,0.0,0.8963,0.1037,0.0
BTCUSDT,2015-04-09,0.0,0.8629,0.1371,0.0
BTCUSDT,2015-04-10,0.0,0.5649,0.4351,0.0
BTCUSDT,2015-04-11,0.0,0.3198,0.6802,0.0
BTCUSDT,2015-04-12,0.0,0.0196,0.9804,0.0
BTCUSDT,2015-04-13,0.0,0.0,1.0,0.0
BTCUSDT,2015-04-14,0.0,0.0,1.0,0.0
BTCUSDT,2015-04-15,0.0,0.1582,0.8418,0.0
BTCUSDT,2015-04-16,0.0,0.7572,0.2428,0.0
BTCUSDT,2015-04-17,0.0,0.9246,0.0754,0.0
BTCUSDT,2015-04-18,0.0,0.9555,0.0445,0.0
BTCUSDT,2015-04-19,0.0,0.9565,0.0435,0.0
BTCUSDT,2015-04-20,1.0,0.0,0.0,1.0
BTCUSDT,2015-04-21,1.0,0.0,0.0,1.0
BTCUSDT,2015-04-22,1.0,0.0,0.0,1.0
BTCUSDT,2015-04-23,1.0,0.0,0.0,1.0
BTCUSDT,2015-04-24,1.0,0.0,0.0,1.0
BTCUSDT,2015-04-25,1.0,0.0,0.0,1.0
BTCUSDT,2015-04-26,0.0,0.9653,0.0347,0.0
BTCUSDT,2015-04-27,1.0,0.0,0.0,1.0
BTCUSDT,2015-04-28,0.0,0.9969,0.0031,0.0
BTCUSDT,2015-04-29,0.0,0.9976,0.0024,0.0
BTCUSDT,2015-04-30,0.0,0.9906,0.0094,0.0
BTCUSDT,2015-05-01,1.0,0.0,0.0,1.0
BTCUSDT,2015-05-02,1.0,0.0,0.0,1.0
BTCUSDT,2015-05-03,1.0,0.0,0.0,1.0
BTCUSDT,2015-05-04,1.0,0.0,0.0,1.0
BTCUSDT,2015-05-05,1.0,0.0,0.0,1.0
BTCUSDT,2015-05-06,1.0,0.0,0.0,1.0
BTCUSDT,2015-05-07,1.0,0.0,0.0,1.0
BTCUSDT,2015-05-08,1.0,0.0,0.0,1.0
BTCUSDT,2015-05-09,1.0,0.0,0.0,1.0
BTCUSDT,2015-05-10,0.0,0.9141,0.0859,0.0
BTCUSDT,2015-05-11,1.0,0.0,0.0,1.0
BTCUSDT,2015-05-12,1.0,0.0,0.0,1.0
BTCUSDT,2015-05-13,1.0,0.0,0.0,1.0
BTCUSDT,2015-05-14,0.0,0.9986,0.0014,0.0
BTCUSDT,2015-05-15,0.0,0.9999,0.0001,0.0
BTCUSDT,2015-05-16,0.0,1.0,0.0,0.0
BTCUSDT,2015-05-17,0.0,1.0,0.0,0.0
BTCUSDT,2015-05-18,0.0,1.0,0.0,0.0
BTCUSDT,2015-05-19,0.0,1.0,0.0,0.0
BTCUSDT,2015-05-20,0.0,0.9999,0.0001,0.0
BTCUSDT,2015-05-21,0.0,0.9985,0.0015,0.0
BTCUSDT,2015-05-22,1.0,0.0,0.0,1.0
BTCUSDT,2015-05-23,1.0,0.0,0.0,1.0
BTCUSDT,2015-05-24,1.0,0.0,0.0,1.0
BTCUSDT,2015-05-25,1.0,0.0,0.0,1.0
BTCUSDT,2015-05-26,1.0,0.0,0.0,1.0
BTCUSDT,2015-05-27,1.0,0.0,0.0,1.0
BTCUSDT,2015-05-28,1.0,0.0,0.0,1.0
BTCUSDT,2015-05-29,0.0,0.999,0.001,0.0
BTCUSDT,2015-05-30,0.0,0.9999,0.0001,0.0
BTCUSDT,2015-05-31,0.0,0.9999,0.0001,0.0
BTCUSDT,2015-06-01,0.0,0.9998,0.0002,0.0
BTCUSDT,2015-06-02,0.0,0.9999,0.0001,0.0
BTCUSDT,2015-06-03,0.0,0.9999,0.0001,0.0
BTCUSDT,2015-06-04,0.0,0.9999,0.0001,0.0
BTCUSDT,2015-06-05,0.0,0.9999,0.0001,0.0
BTCUSDT,2015-06-06,0.0,0.9999,0.0001,0.0
BTCUSDT,2015-06-07,0.0,0.9983,0.0017,0.0
BTCUSDT,2015-06-08,1.0,0.0,0.0,1.0
BTCUSDT,2015-06-09,1.0,0.0,0.0,1.0
BTCUSDT,2015-06-10,1.0,0.0,0.0,1.0
BTCUSDT,2015-06-11,1.0,0.0,0.0,1.0
BTCUSDT,2015-06-12,1.0,0.0,0.0,1.0
BTCUSDT,2015-06-13,1.0,0.0,0.0,1.0
BTCUSDT,2015-06-14,1.0,0.0,0.0,1.0
BTCUSDT,2015-06-15,1.0,0.0,0.0,1.0
BTCUSDT,2015-06-16,1.0,0.0,0.0,1.0
BTCUSDT,2015-06-17,1.0,0.0,0.0,1.0
BTCUSDT,2015-06-18,1.0,0.0,0.0,1.0
BTCUSDT,2015-06-19,1.0,0.0,0.0,1.0
BTCUSDT,2015-06-20,1.0,0.0,0.0,1.0
BTCUSDT,2015-06-21,1.0,0.0,0.0,1.0
BTCUSDT,2015-06-22,1.0,0.0,0.0,1.0
BTCUSDT,2015-06-23,0.0,0.9995,0.0005,0.0
BTCUSDT,2015-06-24,0.0,0.9999,0.0001,0.0
BTCUSDT,2015-06-25,0.0,0.9999,0.0001,0.0
BTCUSDT,2015-06-26,0.0,0.9984,0.0016,0.0
BTCUSDT,2015-06-27,1.0,0.0,0.0,1.0
BTCUSDT,2015-06-28,1.0,0.0,0.0,1.0
BTCUSDT,2015-06-29,1.0,0.0,0.0,1.0
BTCUSDT,2015-06-30,1.0,0.0,0.0,1.0
BTCUSDT,2015-07-01,1.0,0.0,0.0,1.0
BTCUSDT,2015-07-02,1.0,0.0,0.0,1.0
BTCUSDT,2015-07-03,1.0,0.0,0.0,1.0
BTCUSDT,2015-07-04,1.0,0.0,0.0,1.0
BTCUSDT,2015-07-05,1.0,0.0,0.0,1.0
BTCUSDT,2015-07-06,1.0,0.0,0.0,1.0
BTCUSDT,2015-07-07,1.0,0.0,0.0,1.0
BTCUSDT,2015-07-08,1.0,0.0,0.0,1.0
BTCUSDT,2015-07-09,1.0,0.0,0.0,1.0
BTCUSDT,2015-07-10,1.0,0.0,0.0,1.0
BTCUSDT,2015-07-11,1.0,0.0,0.0,1.0
BTCUSDT,2015-07-12,1.0,0.0,0.0,1.0
BTCUSDT,2015-07-13,1.0,0.0,0.0,1.0
BTCUSDT,2015-07-14,1.0,0.0,0.0,1.0
BTCUSDT,2015-07-15,1.0,0.0,0.0,1.0
BTCUSDT,2015-07-16,1.0,0.0,0.0,1.0
BTCUSDT,2015-07-17,0.0,0.2526,0.7474,0.0
BTCUSDT,2015-07-18,0.0,0.1324,0.8676,0.0
BTCUSDT,2015-07-19,0.0,0.026,0.974,0.0
BTCUSDT,2015-07-20,0.0,0.5798,0.4202,0.0
BTCUSDT,2015-07-21,0.0,0.774,0.226,0.0
BTCUSDT,2015-07-22,0.0,0.8288,0.1712,0.0
BTCUSDT,2015-07-23,0.0,0.8338,0.1662,0.0
BTCUSDT,2015-07-24,1.0,0.0,0.0,1.0
BTCUSDT,2015-07-25,1.0,0.0,0.0,1.0
BTCUSDT,2015-07-26,1.0,0.0,0.0,1.0
BTCUSDT,2015-07-27,1.0,0.0,0.0,1.0
BTCUSDT,2015-07-28,1.0,0.0,0.0,1.0
BTCUSDT,2015-07-29,1.0,0.0,0.0,1.0
BTCUSDT,2015-07-30,1.0,0.0,0.0,1.0
BTCUSDT,2015-07-31,0.0,0.9985,0.0015,0.0
BTCUSDT,2015-08-01,0.0,0.9998,0.0002,0.0
BTCUSDT,2015-08-02,0.0,1.0,0.0,0.0
BTCUSDT,2015-08-03,0.0,1.0,0.0,0.0
BTCUSDT,2015-08-04,0.0,1.0,0.0,0.0
BTCUSDT,2015-08-05,0.0,1.0,0.0,0.0
BTCUSDT,2015-08-06,0.0,1.0,0.0,0.0
BTCUSDT,2015-08-07,0.0,1.0,0.0,0.0
BTCUSDT,2015-08-08,0.0,0.9995,0.0005,0.0
BTCUSDT,2015-08-09,0.0,0.9997,0.0003,0.0
BTCUSDT,2015-08-10,0.0,0.9998,0.0002,0.0
BTCUSDT,2015-08-11,0.0,0.9999,0.0001,0.0
BTCUSDT,2015-08-12,0.0,0.9999,0.0001,0.0
BTCUSDT,2015-08-13,0.0,0.9996,0.0004,0.0
BTCUSDT,2015-08-14,0.0,0.9973,0.0027,0.0
BTCUSDT,2015-08-15,1.0,0.0,0.0,1.0
BTCUSDT,2015-08-16,0.0,0.9731,0.0269,0.0
BTCUSDT,2015-08-17,0.0,0.938,0.062,0.0
BTCUSDT,2015-08-18,0.0,0.0,1.0,0.0
BTCUSDT,2015-08-19,0.0,0.0,1.0,0.0
BTCUSDT,2015-08-20,0.0,0.0,1.0,0.0
BTCUSDT,2015-08-21,0.0,0.0,1.0,0.0
BTCUSDT,2015-08-22,0.0,0.0,1.0,0.0
BTCUSDT,2015-08-23,0.0,0.0,1.0,0.0
BTCUSDT,2015-08-24,0.0,0.0,1.0,0.0
BTCUSDT,2015-08-25,1.0,0.0,0.0,1.0
BTCUSDT,2015-08-26,0.0,0.0,1.0,0.0
BTCUSDT,2015-08-27,0.0,0.0,1.0,0.0
BTCUSDT,2015-08-28,0.0,0.0,1.0,0.0
BTCUSDT,2015-08-29,0.0,0.0,1.0,0.0
BTCUSDT,2015-08-30,1.0,0.0,0.0,1.0
BTCUSDT,2015-08-31,1.0,0.0,0.0,1.0
BTCUSDT,2015-09-01,1.0,0.0,0.0,1.0
BTCUSDT,2015-09-02,1.0,0.0,0.0,1.0
BTCUSDT,2015-09-03,1.0,0.0,0.0,1.0
BTCUSDT,2015-09-04,0.0,0.0,1.0,0.0
BTCUSDT,2015-09-05,1.0,0.0,0.0,1.0
BTCUSDT,2015-09-06,1.0,0.0,0.0,1.0
BTCUSDT,2015-09-07,1.0,0.0,0.0,1.0
BTCUSDT,2015-09-08,1.0,0.0,0.0,1.0
BTCUSDT,2015-09-09,1.0,0.0,0.0,1.0
BTCUSDT,2015-09-10,1.0,0.0,0.0,1.0
BTCUSDT,2015-09-11,1.0,0.0,0.0,1.0
BTCUSDT,2015-09-12,1.0,0.0,0.0,1.0
BTCUSDT,2015-09-13,0.0,0.9984,0.0016,0.0
BTCUSDT,2015-09-14,0.0,0.9999,0.0001,0.0
BTCUSDT,2015-09-15,0.0,0.9999,0.0001,0.0
BTCUSDT,2015-09-16,0.0,1.0,0.0,0.0
BTCUSDT,2015-09-17,0.0,1.0,0.0,0.0
BTCUSDT,2015-09-18,0.0,0.9999,0.0001,0.0
BTCUSDT,2015-09-19,0.0,0.9986,0.0014,0.0
BTCUSDT,2015-09-20,1.0,0.0,0.0,1.0
BTCUSDT,2015-09-21,0.0,0.9756,0.0244,0.0
BTCUSDT,2015-09-22,1.0,0.0,0.0,1.0
BTCUSDT,2015-09-23,1.0,0.0,0.0,1.0
BTCUSDT,2015-09-24,1.0,0.0,0.0,1.0
BTCUSDT,2015-09-25,1.0,0.0,0.0,1.0
BTCUSDT,2015-09-26,1.0,0.0,0.0,1.0
BTCUSDT,2015-09-27,1.0,0.0,0.0,1.0
BTCUSDT,2015-09-28,1.0,0.0,0.0,1.0
BTCUSDT,2015-09-29,1.0,0.0,0.0,1.0
BTCUSDT,2015-09-30,1.0,0.0,0.0,1.0
BTCUSDT,2015-10-01,1.0,0.0,0.0,1.0
BTCUSDT,2015-10-02,1.0,0.0,0.0,1.0
BTCUSDT,2015-10-03,1.0,0.0,0.0,1.0
BTCUSDT,2015-10-04,1.0,0.0,0.0,1.0
BTCUSDT,2015-10-05,1.0,0.0,0.0,1.0
BTCUSDT,2015-10-06,1.0,0.0,0.0,1.0
BTCUSDT,2015-10-07,1.0,0.0,0.0,1.0
BTCUSDT,2015-10-08,1.0,0.0,0.0,1.0
BTCUSDT,2015-10-09,1.0,0.0,0.0,1.0
BTCUSDT,2015-10-10,1.0,0.0,0.0,1.0
BTCUSDT,2015-10-11,1.0,0.0,0.0,1.0
BTCUSDT,2015-10-12,1.0,0.0,0.0,1.0
BTCUSDT,2015-10-13,1.0,0.0,0.0,1.0
BTCUSDT,2015-10-14,1.0,0.0,0.0,1.0
BTCUSDT,2015-10-15,1.0,0.0,0.0,1.0
BTCUSDT,2015-10-16,1.0,0.0,0.0,1.0
BTCUSDT,2015-10-17,1.0,0.0,0.0,1.0
BTCUSDT,2015-10-18,1.0,0.0,0.0,1.0
BTCUSDT,2015-10-19,1.0,0.0,0.0,1.0
BTCUSDT,2015-10-20,1.0,0.0,0.0,1.0
BTCUSDT,2015-10-21,1.0,0.0,0.0,1.0
BTCUSDT,2015-10-22,1.0,0.0,0.0,1.0
BTCUSDT,2015-10-23,1.0,0.0,0.0,1.0
BTCUSDT,2015-10-24,1.0,0.0,0.0,1.0
BTCUSDT,2015-10-25,1.0,0.0,0.0,1.0
BTCUSDT,2015-10-26,1.0,0.0,0.0,1.0
BTCUSDT,2015-10-27,1.0,0.0,0.0,1.0
BTCUSDT,2015-10-28,1.0,0.0,0.0,1.0
BTCUSDT,2015-10-29,1.0,0.0,0.0,1.0
BTCUSDT,2015-10-30,1.0,0.0,0.0,1.0
BTCUSDT,2015-10-31,1.0,0.0,0.0,1.0
BTCUSDT,2015-11-01,1.0,0.0,0.0,1.0
BTCUSDT,2015-11-02,1.0,0.0,0.0,1.0
BTCUSDT,2015-11-03,1.0,0.0,0.0,1.0
BTCUSDT,2015-11-04,1.0,0.0,0.0,1.0
BTCUSDT,2015-11-05,1.0,0.0,0.0,1.0
BTCUSDT,2015-11-06,1.0,0.0,0.0,1.0
BTCUSDT,2015-11-07,1.0,0.0,0.0,1.0
BTCUSDT,2015-11-08,1.0,0.0,0.0,1.0
BTCUSDT,2015-11-09,1.0,0.0,0.0,1.0
BTCUSDT,2015-11-10,0.0,0.0,1.0,0.0
BTCUSDT,2015-11-11,0.0,0.0,1.0,0.0
BTCUSDT,2015-11-12,0.0,0.0,1.0,0.0
BTCUSDT,2015-11-13,0.0,0.0,1.0,0.0
BTCUSDT,2015-11-14,0.0,0.0,1.0,0.0
BTCUSDT,2015-11-15,0.0,0.0,1.0,0.0
BTCUSDT,2015-11-16,0.0,0.0,1.0,0.0
BTCUSDT,2015-11-17,0.0,0.0,1.0,0.0
BTCUSDT,2015-11-18,1.0,0.0,0.0,1.0
BTCUSDT,2015-11-19,0.0,0.0,1.0,0.0
BTCUSDT,2015-11-20,0.0,0.0,1.0,0.0
BTCUSDT,2015-11-21,0.0,0.0,1.0,0.0
BTCUSDT,2015-11-22,1.0,0.0,0.0,1.0
BTCUSDT,2015-11-23,0.0,0.0,1.0,0.0
BTCUSDT,2015-11-24,0.0,0.0,1.0,0.0
BTCUSDT,2015-11-25,0.0,0.0001,0.9999,0.0
BTCUSDT,2015-11-26,1.0,0.0,0.0,1.0
BTCUSDT,2015-11-27,1.0,0.0,0.0,1.0
BTCUSDT,2015-11-28,1.0,0.0,0.0,1.0
BTCUSDT,2015-11-29,1.0,0.0,0.0,1.0
BTCUSDT,2015-11-30,1.0,0.0,0.0,1.0
BTCUSDT,2015-12-01,1.0,0.0,0.0,1.0
BTCUSDT,2015-12-02,1.0,0.0,0.0,1.0
BTCUSDT,2015-12-03,1.0,0.0,0.0,1.0
BTCUSDT,2015-12-04,1.0,0.0,0.0,1.0
BTCUSDT,2015-12-05,1.0,0.0,0.0,1.0
BTCUSDT,2015-12-06,1.0,0.0,0.0,1.0
BTCUSDT,2015-12-07,1.0,0.0,0.0,1.0
BTCUSDT,2015-12-08,1.0,0.0,0.0,1.0
BTCUSDT,2015-12-09,1.0,0.0,0.0,1.0
BTCUSDT,2015-12-10,1.0,0.0,0.0,1.0
BTCUSDT,2015-12-11,1.0,0.0,0.0,1.0
BTCUSDT,2015-12-12,1.0,0.0,0.0,1.0
BTCUSDT,2015-12-13,1.0,0.0,0.0,1.0
BTCUSDT,2015-12-14,1.0,0.0,0.0,1.0
BTCUSDT,2015-12-15,1.0,0.0,0.0,1.0
BTCUSDT,2015-12-16,1.0,0.0,0.0,1.0
BTCUSDT,2015-12-17,1.0,0.0,0.0,1.0
BTCUSDT,2015-12-18,1.0,0.0,0.0,1.0
BTCUSDT,2015-12-19,1.0,0.0,0.0,1.0
BTCUSDT,2015-12-20,1.0,0.0,0.0,1.0
BTCUSDT,2015-12-21,0.0,0.0497,0.9503,0.0
BTCUSDT,2015-12-22,0.0,0.0284,0.9716,0.0
BTCUSDT,2015-12-23,0.0,0.0227,0.9773,0.0
BTCUSDT,2015-12-24,0.0,0.0131,0.9869,0.0
BTCUSDT,2015-12-25,0.0,0.0073,0.9927,0.0
BTCUSDT,2015-12-26,0.0,0.0,1.0,0.0
BTCUSDT,2015-12-27,0.0,0.0003,0.9997,0.0
BTCUSDT,2015-12-28,0.0,0.0009,0.9991,0.0
BTCUSDT,2015-12-29,0.0,0.003,0.997,0.0
BTCUSDT,2015-12-30,0.0,0.0091,0.9909,0.0
BTCUSDT,2015-12-31,0.0,0.0224,0.9776,0.0
BTCUSDT,2016-01-01,0.0,0.0804,0.9196,0.0
BTCUSDT,2016-01-02,1.0,0.0,0.0,1.0
BTCUSDT,2016-01-03,1.0,0.0,0.0,1.0
BTCUSDT,2016-01-04,1.0,0.0,0.0,1.0
BTCUSDT,2016-01-05,0.0,0.9266,0.0734,0.0
BTCUSDT,2016-01-06,1.0,0.0,0.0,1.0
BTCUSDT,2016-01-07,1.0,0.0,0.0,1.0
BTCUSDT,2016-01-08,1.0,0.0,0.0,1.0
BTCUSDT,2016-01-09,1.0,0.0,0.0,1.0
BTCUSDT,2016-01-10,1.0,0.0,0.0,1.0
BTCUSDT,2016-01-11,1.0,0.0,0.0,1.0
BTCUSDT,2016-01-12,1.0,0.0,0.0,1.0
BTCUSDT,2016-01-13,1.0,0.0,0.0,1.0
BTCUSDT,2016-01-14,0.0,0.0947,0.9053,0.0
BTCUSDT,2016-01-15,0.0,0.0,1.0,0.0
BTCUSDT,2016-01-16,0.0,0.0,1.0,0.0
BTCUSDT,2016-01-17,0.0,0.0,1.0,0.0
BTCUSDT,2016-01-18,0.0,0.0,1.0,0.0
BTCUSDT,2016-01-19,0.0,0.0,1.0,0.0
BTCUSDT,2016-01-20,0.0,0.0,1.0,0.0
BTCUSDT,2016-01-21,0.0,0.0,1.0,0.0
BTCUSDT,2016-01-22,1.0,0.0,0.0,1.0
BTCUSDT,2016-01-23,0.0,0.0,1.0,0.0
BTCUSDT,2016-01-24,1.0,0.0,0.0,1.0
BTCUSDT,2016-01-25,1.0,0.0,0.0,1.0
BTCUSDT,2016-01-26,1.0,0.0,0.0,1.0
BTCUSDT,2016-01-27,0.0,0.0,1.0,0.0
BTCUSDT,2016-01-28,0.0,0.0,1.0,0.0
BTCUSDT,2016-01-29,0.0,0.0,1.0,0.0
BTCUSDT,2016-01-30,0.0,0.0,1.0,0.0
BTCUSDT,2016-01-31,0.0,0.0,1.0,0.0
BTCUSDT,2016-02-01,0.0,0.0,1.0,0.0
BTCUSDT,2016-02-02,0.0,0.0,1.0,0.0
BTCUSDT,2016-02-03,0.0,0.0,1.0,0.0
BTCUSDT,2016-02-04,1.0,0.0,0.0,1.0
BTCUSDT,2016-02-05,1.0,0.0,0.0,1.0
BTCUSDT,2016-02-06,0.0,0.2045,0.7955,0.0
BTCUSDT,2016-02-07,1.0,0.0,0.0,1.0
BTCUSDT,2016-02-08,1.0,0.0,0.0,1.0
BTCUSDT,2016-02-09,1.0,0.0,0.0,1.0
BTCUSDT,2016-02-10,1.0,0.0,0.0,1.0
BTCUSDT,2016-02-11,0.0,0.9945,0.0055,0.0
BTCUSDT,2016-02-12,0.0,0.9939,0.0061,0.0
BTCUSDT,2016-02-13,1.0,0.0,0.0,1.0
BTCUSDT,2016-02-14,1.0,0.0,0.0,1.0
BTCUSDT,2016-02-15,1.0,0.0,0.0,1.0
BTCUSDT,2016-02-16,1.0,0.0,0.0,1.0
BTCUSDT,2016-02-17,1.0,0.0,0.0,1.0
BTCUSDT,2016-02-18,1.0,0.0,0.0,1.0
BTCUSDT,2016-02-19,1.0,0.0,0.0,1.0
BTCUSDT,2016-02-20,1.0,0.0,0.0,1.0
BTCUSDT,2016-02-21,1.0,0.0,0.0,1.0
BTCUSDT,2016-02-22,1.0,0.0,0.0,1.0
BTCUSDT,2016-02-23,1.0,0.0,0.0,1.0
BTCUSDT,2016-02-24,1.0,0.0,0.0,1.0
BTCUSDT,2016-02-25,1.0,0.0,0.0,1.0
BTCUSDT,2016-02-26,1.0,0.0,0.0,1.0
BTCUSDT,2016-02-27,0.0,0.9994,0.0006,0.0
BTCUSDT,2016-02-28,0.0,0.9998,0.0002,0.0
BTCUSDT,2016-02-29,0.0,0.998,0.002,0.0
BTCUSDT,2016-03-01,1.0,0.0,0.0,1.0
BTCUSDT,2016-03-02,0.0,0.9992,0.0008,0.0
BTCUSDT,2016-03-03,0.0,0.9999,0.0001,0.0
BTCUSDT,2016-03-04,0.0,0.9999,0.0001,0.0
BTCUSDT,2016-03-05,0.0,0.9994,0.0006,0.0
BTCUSDT,2016-03-06,0.0,0.9998,0.0002,0.0
BTCUSDT,2016-03-07,0.0,0.9999,0.0001,0.0
BTCUSDT,2016-03-08,0.0,0.9999,0.0001,0.0
BTCUSDT,2016-03-09,0.0,0.9999,0.0001,0.0
BTCUSDT,2016-03-10,0.0,0.9987,0.0013,0.0
BTCUSDT,2016-03-11,1.0,0.0,0.0,1.0
BTCUSDT,2016-03-12,1.0,0.0,0.0,1.0
BTCUSDT,2016-03-13,1.0,0.0,0.0,1.0
BTCUSDT,2016-03-14,1.0,0.0,0.0,1.0
BTCUSDT,2016-03-15,1.0,0.0,0.0,1.0
BTCUSDT,2016-03-16,1.0,0.0,0.0,1.0
BTCUSDT,2016-03-17,1.0,0.0,0.0,1.0
BTCUSDT,2016-03-18,0.0,0.9994,0.0006,0.0
BTCUSDT,2016-03-19,0.0,0.9999,0.0001,0.0
BTCUSDT,2016-03-20,0.0,0.9999,0.0001,0.0
BTCUSDT,2016-03-21,0.0,0.9985,0.0015,0.0
BTCUSDT,2016-03-22,1.0,0.0,0.0,1.0
BTCUSDT,2016-03-23,1.0,0.0,0.0,1.0
BTCUSDT,2016-03-24,0.0,0.974,0.026,0.0
BTCUSDT,2016-03-25,1.0,0.0,0.0,1.0
BTCUSDT,2016-03-26,1.0,0.0,0.0,1.0
BTCUSDT,2016-03-27,1.0,0.0,0.0,1.0
BTCUSDT,2016-03-28,1.0,0.0,0.0,1.0
BTCUSDT,2016-03-29,0.0,0.9967,0.0033,0.0
BTCUSDT,2016-03-30,0.0,0.9958,0.0042,0.0
BTCUSDT,2016-03-31,1.0,0.0,0.0,1.0
BTCUSDT,2016-04-01,1.0,0.0,0.0,1.0
BTCUSDT,2016-04-02,1.0,0.0,0.0,1.0
BTCUSDT,2016-04-03,0.0,0.9961,0.0039,0.0
BTCUSDT,2016-04-04,0.0,0.9946,0.0054,0.0
BTCUSDT,2016-04-05,1.0,0.0,0.0,1.0
BTCUSDT,2016-04-06,1.0,0.0,0.0,1.0
BTCUSDT,2016-04-07,1.0,0.0,0.0,1.0
BTCUSDT,2016-04-08,1.0,0.0,0.0,1.0
BTCUSDT,2016-04-09,0.0,0.9324,0.0676,0.0
BTCUSDT,2016-04-10,1.0,0.0,0.0,1.0
BTCUSDT,2016-04-11,1.0,0.0,0.0,1.0
BTCUSDT,2016-04-12,1.0,0.0,0.0,1.0
BTCUSDT,2016-04-13,1.0,0.0,0.0,1.0
BTCUSDT,2016-04-14,1.0,0.0,0.0,1.0
BTCUSDT,2016-04-15,1.0,0.0,0.0,1.0
BTCUSDT,2016-04-16,1.0,0.0,0.0,1.0
BTCUSDT,2016-04-17,1.0,0.0,0.0,1.0
BTCUSDT,2016-04-18,1.0,0.0,0.0,1.0
BTCUSDT,2016-04-19,1.0,0.0,0.0,1.0
BTCUSDT,2016-04-20,1.0,0.0,0.0,1.0
BTCUSDT,2016-04-21,1.0,0.0,0.0,1.0
BTCUSDT,2016-04-22,1.0,0.0,0.0,1.0
BTCUSDT,2016-04-23,1.0,0.0,0.0,1.0
BTCUSDT,2016-04-24,1.0,0.0,0.0,1.0
BTCUSDT,2016-04-25,1.0,0.0,0.0,1.0
BTCUSDT,2016-04-26,1.0,0.0,0.0,1.0
BTCUSDT,2016-04-27,1.0,0.0,0.0,1.0
BTCUSDT,2016-04-28,0.0,0.9651,0.0349,0.0
BTCUSDT,2016-04-29,1.0,0.0,0.0,1.0
BTCUSDT,2016-04-30,0.0,0.9993,0.0007,0.0
BTCUSDT,2016-05-01,0.0,0.9999,0.0001,0.0
BTCUSDT,2016-05-02,0.0,0.9999,0.0001,0.0
BTCUSDT,2016-05-03,0.0,0.9987,0.0013,0.0
BTCUSDT,2016-05-04,1.0,0.0,0.0,1.0
BTCUSDT,2016-05-05,0.0,0.9687,0.0313,0.0
BTCUSDT,2016-05-06,1.0,0.0,0.0,1.0
BTCUSDT,2016-05-07,1.0,0.0,0.0,1.0
BTCUSDT,2016-05-08,1.0,0.0,0.0,1.0
BTCUSDT,2016-05-09,1.0,0.0,0.0,1.0
BTCUSDT,2016-05-10,1.0,0.0,0.0,1.0
BTCUSDT,2016-05-11,1.0,0.0,0.0,1.0
BTCUSDT,2016-05-12,1.0,0.0,0.0,1.0
BTCUSDT,2016-05-13,0.0,0.9994,0.0006,0.0
BTCUSDT,2016-05-14,0.0,0.9999,0.0001,0.0
BTCUSDT,2016-05-15,0.0,0.9999,0.0001,0.0
BTCUSDT,2016-05-16,0.0,0.9987,0.0013,0.0
BTCUSDT,2016-05-17,1.0,0.0,0.0,1.0
BTCUSDT,2016-05-18,1.0,0.0,0.0,1.0
BTCUSDT,2016-05-19,0.0,0.9993,0.0007,0.0
BTCUSDT,2016-05-20,0.0,0.9999,0.0001,0.0
BTCUSDT,2016-05-21,0.0,1.0,0.0,0.0
BTCUSDT,2016-05-22,0.0,1.0,0.0,0.0
BTCUSDT,2016-05-23,0.0,1.0,0.0,0.0
BTCUSDT,2016-05-24,0.0,0.9999,0.0001,0.0
BTCUSDT,2016-05-25,0.0,0.9984,0.0016,0.0
BTCUSDT,2016-05-26,1.0,0.0,0.0,1.0
BTCUSDT,2016-05-27,1.0,0.0,0.0,1.0
BTCUSDT,2016-05-28,1.0,0.0,0.0,1.0
BTCUSDT,2016-05-29,1.0,0.0,0.0,1.0
BTCUSDT,2016-05-30,1.0,0.0,0.0,1.0
BTCUSDT,2016-05-31,1.0,0.0,0.0,1.0
BTCUSDT,2016-06-01,1.0,0.0,0.0,1.0
BTCUSDT,2016-06-02,1.0,0.0,0.0,1.0
BTCUSDT,2016-06-03,1.0,0.0,0.0,1.0
BTCUSDT,2016-06-04,1.0,0.0,0.0,1.0
BTCUSDT,2016-06-05,1.0,0.0,0.0,1.0
BTCUSDT,2016-06-06,1.0,0.0,0.0,1.0
BTCUSDT,2016-06-07,1.0,0.0,0.0,1.0
BTCUSDT,2016-06-08,1.0,0.0,0.0,1.0
BTCUSDT,2016-06-09,1.0,0.0,0.0,1.0
BTCUSDT,2016-06-10,1.0,0.0,0.0,1.0
BTCUSDT,2016-06-11,1.0,0.0,0.0,1.0
BTCUSDT,2016-06-12,1.0,0.0,0.0,1.0
BTCUSDT,2016-06-13,1.0,0.0,0.0,1.0
BTCUSDT,2016-06-14,1.0,0.0,0.0,1.0
BTCUSDT,2016-06-15,1.0,0.0,0.0,1.0
BTCUSDT,2016-06-16,1.0,0.0,0.0,1.0
BTCUSDT,2016-06-17,1.0,0.0,0.0,1.0
BTCUSDT,2016-06-18,1.0,0.0,0.0,1.0
BTCUSDT,2016-06-19,1.0,0.0,0.0,1.0
BTCUSDT,2016-06-20,1.0,0.0,0.0,1.0
BTCUSDT,2016-06-21,0.0,0.0,1.0,0.0
BTCUSDT,2016-06-22,0.0,0.0,1.0,0.0
BTCUSDT,2016-06-23,0.0,0.0,1.0,0.0
BTCUSDT,2016-06-24,0.0,0.0,1.0,0.0
BTCUSDT,2016-06-25,0.0,0.0,1.0,0.0
BTCUSDT,2016-06-26,0.0,0.0,1.0,0.0
BTCUSDT,2016-06-27,0.0,0.0,1.0,0.0
BTCUSDT,2016-06-28,0.0,0.0,1.0,0.0
BTCUSDT,2016-06-29,1.0,0.0,0.0,1.0
BTCUSDT,2016-06-30,1.0,0.0,0.0,1.0
BTCUSDT,2016-07-01,1.0,0.0,0.0,1.0
BTCUSDT,2016-07-02,1.0,0.0,0.0,1.0
BTCUSDT,2016-07-03,1.0,0.0,0.0,1.0
BTCUSDT,2016-07-04,1.0,0.0,0.0,1.0
BTCUSDT,2016-07-05,1.0,0.0,0.0,1.0
BTCUSDT,2016-07-06,1.0,0.0,0.0,1.0
BTCUSDT,2016-07-07,0.0,0.0,1.0,0.0
BTCUSDT,2016-07-08,0.0,0.0,1.0,0.0
BTCUSDT,2016-07-09,0.0,0.0,1.0,0.0
BTCUSDT,2016-07-10,0.0,0.0,1.0,0.0
BTCUSDT,2016-07-11,0.0,0.0,1.0,0.0
BTCUSDT,2016-07-12,0.0,0.0,1.0,0.0
BTCUSDT,2016-07-13,0.0,0.003,0.997,0.0
BTCUSDT,2016-07-14,1.0,0.0,0.0,1.0
BTCUSDT,2016-07-15,0.0,0.5005,0.4995,0.0
BTCUSDT,2016-07-16,1.0,0.0,0.0,1.0
BTCUSDT,2016-07-17,1.0,0.0,0.0,1.0
BTCUSDT,2016-07-18,1.0,0.0,0.0,1.0
BTCUSDT,2016-07-19,1.0,0.0,0.0,1.0
BTCUSDT,2016-07-20,1.0,0.0,0.0,1.0
BTCUSDT,2016-07-21,1.0,0.0,0.0,1.0
BTCUSDT,2016-07-22,0.0,0.9973,0.0027,0.0
BTCUSDT,2016-07-23,0.0,0.9995,0.0005,0.0
BTCUSDT,2016-07-24,0.0,0.9999,0.0001,0.0
BTCUSDT,2016-07-25,0.0,1.0,0.0,0.0
BTCUSDT,2016-07-26,0.0,1.0,0.0,0.0
BTCUSDT,2016-07-27,0.0,0.9999,0.0001,0.0
BTCUSDT,2016-07-28,0.0,0.9988,0.0012,0.0
BTCUSDT,2016-07-29,1.0,0.0,0.0,1.0
BTCUSDT,2016-07-30,0.0,0.9362,0.0638,0.0
BTCUSDT,2016-07-31,0.0,0.8947,0.1053,0.0
BTCUSDT,2016-08-01,0.0,0.5565,0.4435,0.0
BTCUSDT,2016-08-02,0.0,0.0,1.0,0.0
BTCUSDT,2016-08-03,0.0,0.0,1.0,0.0
BTCUSDT,2016-08-04,0.0,0.0,1.0,0.0
BTCUSDT,2016-08-05,0.0,0.0,1.0,0.0
BTCUSDT,2016-08-06,0.0,0.0024,0.9976,0.0
BTCUSDT,2016-08-07,0.0,0.2828,0.7172,0.0
BTCUSDT,2016-08-08,0.0,0.3698,0.6302,0.0
BTCUSDT,2016-08-09,1.0,0.0,0.0,1.0
BTCUSDT,2016-08-10,1.0,0.0,0.0,1.0
BTCUSDT,2016-08-11,1.0,0.0,0.0,1.0
BTCUSDT,2016-08-12,1.0,0.0,0.0,1.0
BTCUSDT,2016-08-13,0.0,0.9962,0.0038,0.0
BTCUSDT,2016-08-14,0.0,0.9992,0.0008,0.0
BTCUSDT,2016-08-15,0.0,0.9997,0.0003,0.0
BTCUSDT,2016-08-16,0.0,0.9998,0.0002,0.0
BTCUSDT,2016-08-17,0.0,0.9998,0.0002,0.0
BTCUSDT,2016-08-18,0.0,0.9996,0.0004,0.0
BTCUSDT,2016-08-19,0.0,0.9982,0.0018,0.0
BTCUSDT,2016-08-20,0.0,0.9905,0.0095,0.0
BTCUSDT,2016-08-21,1.0,0.0,0.0,1.0
BTCUSDT,2016-08-22,1.0,0.0,0.0,1.0
BTCUSDT,2016-08-23,1.0,0.0,0.0,1.0
BTCUSDT,2016-08-24,1.0,0.0,0.0,1.0
BTCUSDT,2016-08-25,1.0,0.0,0.0,1.0
BTCUSDT,2016-08-26,1.0,0.0,0.0,1.0
BTCUSDT,2016-08-27,0.0,0.9991,0.0009,0.0
BTCUSDT,2016-08-28,0.0,0.9999,0.0001,0.0
BTCUSDT,2016-08-29,0.0,0.9999,0.0001,0.0
BTCUSDT,2016-08-30,0.0,0.9999,0.0001,0.0
BTCUSDT,2016-08-31,0.0,0.9999,0.0001,0.0
BTCUSDT,2016-09-01,0.0,0.9997,0.0003,0.0
BTCUSDT,2016-09-02,0.0,0.9974,0.0026,0.0
BTCUSDT,2016-09-03,1.0,0.0,0.0,1.0
BTCUSDT,2016-09-04,1.0,0.0,0.0,1.0
BTCUSDT,2016-09-05,1.0,0.0,0.0,1.0
BTCUSDT,2016-09-06,1.0,0.0,0.0,1.0
BTCUSDT,2016-09-07,1.0,0.0,0.0,1.0
BTCUSDT,2016-09-08,1.0,0.0,0.0,1.0
BTCUSDT,2016-09-09,1.0,0.0,0.0,1.0
BTCUSDT,2016-09-10,1.0,0.0,0.0,1.0
BTCUSDT,2016-09-11,0.0,0.9675,0.0325,0.0
BTCUSDT,2016-09-12,1.0,0.0,0.0,1.0
BTCUSDT,2016-09-13,0.0,0.9992,0.0008,0.0
BTCUSDT,2016-09-14,0.0,0.9999,0.0001,0.0
BTCUSDT,2016-09-15,0.0,1.0,0.0,0.0
BTCUSDT,2016-09-16,0.0,0.9999,0.0001,0.0
BTCUSDT,2016-09-17,0.0,0.9986,0.0014,0.0
BTCUSDT,2016-09-18,1.0,0.0,0.0,1.0
BTCUSDT,2016-09-19,1.0,0.0,0.0,1.0
BTCUSDT,2016-09-20,0.0,0.9991,0.0009,0.0
BTCUSDT,2016-09-21,0.0,0.9999,0.0001,0.0
BTCUSDT,2016-09-22,0.0,1.0,0.0,0.0
BTCUSDT,2016-09-23,0.0,1.0,0.0,0.0
BTCUSDT,2016-09-24,0.0,0.9999,0.0001,0.0
BTCUSDT,2016-09-25,0.0,0.9999,0.0001,0.0
BTCUSDT,2016-09-26,0.0,0.9997,0.0003,0.0
BTCUSDT,2016-09-27,0.0,0.9972,0.0028,0.0
BTCUSDT,2016-09-28,1.0,0.0,0.0,1.0
BTCUSDT,2016-09-29,1.0,0.0,0.0,1.0
BTCUSDT,2016-09-30,1.0,0.0,0.0,1.0
BTCUSDT,2016-10-01,1.0,0.0,0.0,1.0
BTCUSDT,2016-10-02,1.0,0.0,0.0,1.0
BTCUSDT,2016-10-03,1.0,0.0,0.0,1.0
BTCUSDT,2016-10-04,1.0,0.0,0.0,1.0
BTCUSDT,2016-10-05,1.0,0.0,0.0,1.0
BTCUSDT,2016-10-06,1.0,0.0,0.0,1.0
BTCUSDT,2016-10-07,1.0,0.0,0.0,1.0
BTCUSDT,2016-10-08,1.0,0.0,0.0,1.0
BTCUSDT,2016-10-09,1.0,0.0,0.0,1.0
BTCUSDT,2016-10-10,1.0,0.0,0.0,1.0
BTCUSDT,2016-10-11,1.0,0.0,0.0,1.0
BTCUSDT,2016-10-12,1.0,0.0,0.0,1.0
BTCUSDT,2016-10-13,1.0,0.0,0.0,1.0
BTCUSDT,2016-10-14,1.0,0.0,0.0,1.0
BTCUSDT,2016-10-15,1.0,0.0,0.0,1.0
BTCUSDT,2016-10-16,1.0,0.0,0.0,1.0
BTCUSDT,2016-10-17,1.0,0.0,0.0,1.0
BTCUSDT,2016-10-18,0.0,0.9986,0.0014,0.0
BTCUSDT,2016-10-19,0.0,0.9998,0.0002,0.0
BTCUSDT,2016-10-20,0.0,0.9997,0.0003,0.0
BTCUSDT,2016-10-21,0.0,0.9975,0.0025,0.0
BTCUSDT,2016-10-22,1.0,0.0,0.0,1.0
BTCUSDT,2016-10-23,1.0,0.0,0.0,1.0
BTCUSDT,2016-10-24,1.0,0.0,0.0,1.0
BTCUSDT,2016-10-25,1.0,0.0,0.0,1.0
BTCUSDT,2016-10-26,1.0,0.0,0.0,1.0
BTCUSDT,2016-10-27,1.0,0.0,0.0,1.0
BTCUSDT,2016-10-28,1.0,0.0,0.0,1.0
BTCUSDT,2016-10-29,1.0,0.0,0.0,1.0
BTCUSDT,2016-10-30,1.0,0.0,0.0,1.0
BTCUSDT,2016-10-31,1.0,0.0,0.0,1.0
BTCUSDT,2016-11-01,1.0,0.0,0.0,1.0
BTCUSDT,2016-11-02,1.0,0.0,0.0,1.0
BTCUSDT,2016-11-03,1.0,0.0,0.0,1.0
BTCUSDT,2016-11-04,1.0,0.0,0.0,1.0
BTCUSDT,2016-11-05,0.0,0.957,0.043,0.0
BTCUSDT,2016-11-06,1.0,0.0,0.0,1.0
BTCUSDT,2016-11-07,1.0,0.0,0.0,1.0
BTCUSDT,2016-11-08,0.0,0.9959,0.0041,0.0
BTCUSDT,2016-11-09,0.0,0.9947,0.0053,0.0
BTCUSDT,2016-11-10,1.0,0.0,0.0,1.0
BTCUSDT,2016-11-11,1.0,0.0,0.0,1.0
BTCUSDT,2016-11-12,1.0,0.0,0.0,1.0
BTCUSDT,2016-11-13,0.0,0.9576,0.0424,0.0
BTCUSDT,2016-11-14,1.0,0.0,0.0,1.0
BTCUSDT,2016-11-15,1.0,0.0,0.0,1.0
BTCUSDT,2016-11-16,1.0,0.0,0.0,1.0
BTCUSDT,2016-11-17,1.0,0.0,0.0,1.0
BTCUSDT,2016-11-18,1.0,0.0,0.0,1.0
BTCUSDT,2016-11-19,1.0,0.0,0.0,1.0
BTCUSDT,2016-11-20,1.0,0.0,0.0,1.0
BTCUSDT,2016-11-21,1.0,0.0,0.0,1.0
BTCUSDT,2016-11-22,1.0,0.0,0.0,1.0
BTCUSDT,2016-11-23,1.0,0.0,0.0,1.0
BTCUSDT,2016-11-24,0.0,0.9992,0.0008,0.0
BTCUSDT,2016-11-25,0.0,0.9998,0.0002,0.0
BTCUSDT,2016-11-26,0.0,0.9988,0.0012,0.0
BTCUSDT,2016-11-27,1.0,0.0,0.0,1.0
BTCUSDT,2016-11-28,0.0,0.9982,0.0018,0.0
BTCUSDT,2016-11-29,0.0,0.9978,0.0022,0.0
BTCUSDT,2016-11-30,1.0,0.0,0.0,1.0
BTCUSDT,2016-12-01,1.0,0.0,0.0,1.0
BTCUSDT,2016-12-02,1.0,0.0,0.0,1.0
BTCUSDT,2016-12-03,1.0,0.0,0.0,1.0
BTCUSDT,2016-12-04,1.0,0.0,0.0,1.0
BTCUSDT,2016-12-05,1.0,0.0,0.0,1.0
BTCUSDT,2016-12-06,1.0,0.0,0.0,1.0
BTCUSDT,2016-12-07,1.0,0.0,0.0,1.0
BTCUSDT,2016-12-08,1.0,0.0,0.0,1.0
BTCUSDT,2016-12-09,0.0,0.969,0.031,0.0
BTCUSDT,2016-12-10,1.0,0.0,0.0,1.0
BTCUSDT,2016-12-11,0.0,0.9612,0.0388,0.0
BTCUSDT,2016-12-12,1.0,0.0,0.0,1.0
BTCUSDT,2016-12-13,1.0,0.0,0.0,1.0
BTCUSDT,2016-12-14,1.0,0.0,0.0,1.0
BTCUSDT,2016-12-15,1.0,0.0,0.0,1.0
BTCUSDT,2016-12-16,1.0,0.0,0.0,1.0
BTCUSDT,2016-12-17,1.0,0.0,0.0,1.0
BTCUSDT,2016-12-18,1.0,0.0,0.0,1.0
BTCUSDT,2016-12-19,1.0,0.0,0.0,1.0
BTCUSDT,2016-12-20,1.0,0.0,0.0,1.0
BTCUSDT,2016-12-21,1.0,0.0,0.0,1.0
BTCUSDT,2016-12-22,1.0,0.0,0.0,1.0
BTCUSDT,2016-12-23,1.0,0.0,0.0,1.0
BTCUSDT,2016-12-24,1.0,0.0,0.0,1.0
BTCUSDT,2016-12-25,1.0,0.0,0.0,1.0
BTCUSDT,2016-12-26,1.0,0.0,0.0,1.0
BTCUSDT,2016-12-27,1.0,0.0,0.0,1.0
BTCUSDT,2016-12-28,1.0,0.0,0.0,1.0
BTCUSDT,2016-12-29,1.0,0.0,0.0,1.0
BTCUSDT,2016-12-30,1.0,0.0,0.0,1.0
BTCUSDT,2016-12-31,1.0,0.0,0.0,1.0
BTCUSDT,2017-01-01,1.0,0.0,0.0,1.0
BTCUSDT,2017-01-02,1.0,0.0,0.0,1.0
BTCUSDT,2017-01-03,1.0,0.0,0.0,1.0
BTCUSDT,2017-01-04,1.0,0.0,0.0,1.0
BTCUSDT,2017-01-05,1.0,0.0,0.0,1.0
BTCUSDT,2017-01-06,0.0,0.0,1.0,0.0
BTCUSDT,2017-01-07,0.0,0.0,1.0,0.0
BTCUSDT,2017-01-08,0.0,0.0,1.0,0.0
BTCUSDT,2017-01-09,0.0,0.0,1.0,0.0
BTCUSDT,2017-01-10,0.0,0.0,1.0,0.0
BTCUSDT,2017-01-11,0.0,0.0,1.0,0.0
BTCUSDT,2017-01-12,0.0,0.0,1.0,0.0
BTCUSDT,2017-01-13,0.0,0.0,1.0,0.0
BTCUSDT,2017-01-14,0.0,0.0,1.0,0.0
BTCUSDT,2017-01-15,0.0,0.0,1.0,0.0
BTCUSDT,2017-01-16,0.0,0.0,1.0,0.0
BTCUSDT,2017-01-17,1.0,0.0,0.0,1.0
BTCUSDT,2017-01-18,1.0,0.0,0.0,1.0
BTCUSDT,2017-01-19,1.0,0.0,0.0,1.0
BTCUSDT,2017-01-20,1.0,0.0,0.0,1.0
BTCUSDT,2017-01-21,1.0,0.0,0.0,1.0
BTCUSDT,2017-01-22,1.0,0.0,0.0,1.0
BTCUSDT,2017-01-23,1.0,0.0,0.0,1.0
BTCUSDT,2017-01-24,0.0,0.0,1.0,0.0
BTCUSDT,2017-01-25,1.0,0.0,0.0,1.0
BTCUSDT,2017-01-26,1.0,0.0,0.0,1.0
BTCUSDT,2017-01-27,1.0,0.0,0.0,1.0
BTCUSDT,2017-01-28,0.0,0.0002,0.9998,0.0
BTCUSDT,2017-01-29,0.0,0.0,1.0,0.0
BTCUSDT,2017-01-30,0.0,0.0001,0.9999,0.0
BTCUSDT,2017-01-31,1.0,0.0,0.0,1.0
BTCUSDT,2017-02-01,1.0,0.0,0.0,1.0
BTCUSDT,2017-02-02,1.0,0.0,0.0,1.0
BTCUSDT,2017-02-03,1.0,0.0,0.0,1.0
BTCUSDT,2017-02-04,1.0,0.0,0.0,1.0
BTCUSDT,2017-02-05,1.0,0.0,0.0,1.0
BTCUSDT,2017-02-06,1.0,0.0,0.0,1.0
BTCUSDT,2017-02-07,1.0,0.0,0.0,1.0
BTCUSDT,2017-02-08,1.0,0.0,0.0,1.0
BTCUSDT,2017-02-09,0.0,0.999,0.001,0.0
BTCUSDT,2017-02-10,0.0,0.9998,0.0002,0.0
BTCUSDT,2017-02-11,0.0,0.9999,0.0001,0.0
BTCUSDT,2017-02-12,0.0,0.9999,0.0001,0.0
BTCUSDT,2017-02-13,0.0,0.9999,0.0001,0.0
BTCUSDT,2017-02-14,0.0,0.9993,0.0007,0.0
BTCUSDT,2017-02-15,0.0,0.9958,0.0042,0.0
BTCUSDT,2017-02-16,1.0,0.0,0.0,1.0
BTCUSDT,2017-02-17,1.0,0.0,0.0,1.0
BTCUSDT,2017-02-18,1.0,0.0,0.0,1.0
BTCUSDT,2017-02-19,1.0,0.0,0.0,1.0
BTCUSDT,2017-02-20,1.0,0.0,0.0,1.0
BTCUSDT,2017-02-21,1.0,0.0,0.0,1.0
BTCUSDT,2017-02-22,1.0,0.0,0.0,1.0
BTCUSDT,2017-02-23,1.0,0.0,0.0,1.0
BTCUSDT,2017-02-24,1.0,0.0,0.0,1.0
BTCUSDT,2017-02-25,1.0,0.0,0.0,1.0
BTCUSDT,2017-02-26,1.0,0.0,0.0,1.0
BTCUSDT,2017-02-27,1.0,0.0,0.0,1.0
BTCUSDT,2017-02-28,1.0,0.0,0.0,1.0
BTCUSDT,2017-03-01,1.0,0.0,0.0,1.0
BTCUSDT,2017-03-02,1.0,0.0,0.0,1.0
BTCUSDT,2017-03-03,1.0,0.0,0.0,1.0
BTCUSDT,2017-03-04,1.0,0.0,0.0,1.0
BTCUSDT,2017-03-05,1.0,0.0,0.0,1.0
BTCUSDT,2017-03-06,1.0,0.0,0.0,1.0
BTCUSDT,2017-03-07,1.0,0.0,0.0,1.0
BTCUSDT,2017-03-08,0.0,0.4648,0.5352,0.0
BTCUSDT,2017-03-09,0.0,0.386,0.614,0.0
BTCUSDT,2017-03-10,0.0,0.001,0.999,0.0
BTCUSDT,2017-03-11,0.0,0.0155,0.9845,0.0
BTCUSDT,2017-03-12,0.0,0.0508,0.9492,0.0
BTCUSDT,2017-03-13,0.0,0.0796,0.9204,0.0
BTCUSDT,2017-03-14,1.0,0.0,0.0,1.0
BTCUSDT,2017-03-15,1.0,0.0,0.0,1.0
BTCUSDT,2017-03-16,0.0,0.0344,0.9656,0.0
BTCUSDT,2017-03-17,0.0,0.0055,0.9945,0.0
BTCUSDT,2017-03-18,0.0,0.0,1.0,0.0
BTCUSDT,2017-03-19,0.0,0.0,1.0,0.0
BTCUSDT,2017-03-20,0.0,0.0,1.0,0.0
BTCUSDT,2017-03-21,0.0,0.0,1.0,0.0
BTCUSDT,2017-03-22,0.0,0.0,1.0,0.0
BTCUSDT,2017-03-23,0.0,0.0,1.0,0.0
BTCUSDT,2017-03-24,0.0,0.0,1.0,0.0
BTCUSDT,2017-03-25,0.0,0.0,1.0,0.0
BTCUSDT,2017-03-26,0.0,0.0,1.0,0.0
BTCUSDT,2017-03-27,0.0,0.0,1.0,0.0
BTCUSDT,2017-03-28,0.0,0.0,1.0,0.0
BTCUSDT,2017-03-29,0.0,0.0,1.0,0.0
BTCUSDT,2017-03-30,0.0,0.0,1.0,0.0
BTCUSDT,2017-03-31,1.0,0.0,0.0,1.0
BTCUSDT,2017-04-01,1.0,0.0,0.0,1.0
BTCUSDT,2017-04-02,1.0,0.0,0.0,1.0
BTCUSDT,2017-04-03,1.0,0.0,0.0,1.0
BTCUSDT,2017-04-04,1.0,0.0,0.0,1.0
BTCUSDT,2017-04-05,1.0,0.0,0.0,1.0
BTCUSDT,2017-04-06,1.0,0.0,0.0,1.0
BTCUSDT,2017-04-07,1.0,0.0,0.0,1.0
BTCUSDT,2017-04-08,1.0,0.0,0.0,1.0
BTCUSDT,2017-04-09,1.0,0.0,0.0,1.0
BTCUSDT,2017-04-10,1.0,0.0,0.0,1.0
BTCUSDT,2017-04-11,1.0,0.0,0.0,1.0
BTCUSDT,2017-04-12,1.0,0.0,0.0,1.0
BTCUSDT,2017-04-13,0.0,0.9351,0.0649,0.0
BTCUSDT,2017-04-14,0.0,0.9816,0.0184,0.0
BTCUSDT,2017-04-15,0.0,0.9885,0.0115,0.0
BTCUSDT,2017-04-16,0.0,0.9856,0.0144,0.0
BTCUSDT,2017-04-17,1.0,0.0,0.0,1.0
BTCUSDT,2017-04-18,1.0,0.0,0.0,1.0
BTCUSDT,2017-04-19,1.0,0.0,0.0,1.0
BTCUSDT,2017-04-20,1.0,0.0,0.0,1.0
BTCUSDT,2017-04-21,1.0,0.0,0.0,1.0
BTCUSDT,2017-04-22,1.0,0.0,0.0,1.0
BTCUSDT,2017-04-23,1.0,0.0,0.0,1.0
BTCUSDT,2017-04-24,1.0,0.0,0.0,1.0
BTCUSDT,2017-04-25,1.0,0.0,0.0,1.0
BTCUSDT,2017-04-26,1.0,0.0,0.0,1.0
BTCUSDT,2017-04-27,1.0,0.0,0.0,1.0
BTCUSDT,2017-04-28,1.0,0.0,0.0,1.0
BTCUSDT,2017-04-29,1.0,0.0,0.0,1.0
BTCUSDT,2017-04-30,1.0,0.0,0.0,1.0
BTCUSDT,2017-05-01,1.0,0.0,0.0,1.0
BTCUSDT,2017-05-02,1.0,0.0,0.0,1.0
BTCUSDT,2017-05-03,1.0,0.0,0.0,1.0
BTCUSDT,2017-05-04,1.0,0.0,0.0,1.0
BTCUSDT,2017-05-05,1.0,0.0,0.0,1.0
BTCUSDT,2017-05-06,1.0,0.0,0.0,1.0
BTCUSDT,2017-05-07,1.0,0.0,0.0,1.0
BTCUSDT,2017-05-08,1.0,0.0,0.0,1.0
BTCUSDT,2017-05-09,1.0,0.0,0.0,1.0
BTCUSDT,2017-05-10,1.0,0.0,0.0,1.0
BTCUSDT,2017-05-11,1.0,0.0,0.0,1.0
BTCUSDT,2017-05-12,1.0,0.0,0.0,1.0
BTCUSDT,2017-05-13,1.0,0.0,0.0,1.0
BTCUSDT,2017-05-14,1.0,0.0,0.0,1.0
BTCUSDT,2017-05-15,1.0,0.0,0.0,1.0
BTCUSDT,2017-05-16,0.0,0.7773,0.2227,0.0
BTCUSDT,2017-05-17,1.0,0.0,0.0,1.0
BTCUSDT,2017-05-18,1.0,0.0,0.0,1.0
BTCUSDT,2017-05-19,1.0,0.0,0.0,1.0
BTCUSDT,2017-05-20,1.0,0.0,0.0,1.0
BTCUSDT,2017-05-21,1.0,0.0,0.0,1.0
BTCUSDT,2017-05-22,1.0,0.0,0.0,1.0
BTCUSDT,2017-05-23,1.0,0.0,0.0,1.0
BTCUSDT,2017-05-24,1.0,0.0,0.0,1.0
BTCUSDT,2017-05-25,1.0,0.0,0.0,1.0
BTCUSDT,2017-05-26,1.0,0.0,0.0,1.0
BTCUSDT,2017-05-27,0.0,0.0003,0.9997,0.0
BTCUSDT,2017-05-28,1.0,0.0,0.0,1.0
BTCUSDT,2017-05-29,1.0,0.0,0.0,1.0
BTCUSDT,2017-05-30,0.0,0.0,1.0,0.0
BTCUSDT,2017-05-31,0.0,0.0,1.0,0.0
BTCUSDT,2017-06-01,1.0,0.0,0.0,1.0
BTCUSDT,2017-06-02,1.0,0.0,0.0,1.0
BTCUSDT,2017-06-03,1.0,0.0,0.0,1.0
BTCUSDT,2017-06-04,1.0,0.0,0.0,1.0
BTCUSDT,2017-06-05,1.0,0.0,0.0,1.0
BTCUSDT,2017-06-06,1.0,0.0,0.0,1.0
BTCUSDT,2017-06-07,1.0,0.0,0.0,1.0
BTCUSDT,2017-06-08,1.0,0.0,0.0,1.0
BTCUSDT,2017-06-09,1.0,0.0,0.0,1.0
BTCUSDT,2017-06-10,1.0,0.0,0.0,1.0
BTCUSDT,2017-06-11,1.0,0.0,0.0,1.0
BTCUSDT,2017-06-12,0.0,0.0,1.0,0.0
BTCUSDT,2017-06-13,0.0,0.0,1.0,0.0
BTCUSDT,2017-06-14,0.0,0.0,1.0,0.0
BTCUSDT,2017-06-15,0.0,0.0,1.0,0.0
BTCUSDT,2017-06-16,0.0,0.0,1.0,0.0
BTCUSDT,2017-06-17,0.0,0.0,1.0,0.0
BTCUSDT,2017-06-18,0.0,0.0,1.0,0.0
BTCUSDT,2017-06-19,0.0,0.0,1.0,0.0
BTCUSDT,2017-06-20,1.0,0.0,0.0,1.0
BTCUSDT,2017-06-21,1.0,0.0,0.0,1.0
BTCUSDT,2017-06-22,1.0,0.0,0.0,1.0
BTCUSDT,2017-06-23,1.0,0.0,0.0,1.0
BTCUSDT,2017-06-24,0.0,0.0009,0.9991,0.0
BTCUSDT,2017-06-25,1.0,0.0,0.0,1.0
BTCUSDT,2017-06-26,0.0,0.0001,0.9999,0.0
BTCUSDT,2017-06-27,0.0,0.0,1.0,0.0
BTCUSDT,2017-06-28,0.0,0.0,1.0,0.0
BTCUSDT,2017-06-29,0.0,0.0,1.0,0.0
BTCUSDT,2017-06-30,0.0,0.0,1.0,0.0
BTCUSDT,2017-07-01,0.0,0.0,1.0,0.0
BTCUSDT,2017-07-02,0.0,0.0007,0.9993,0.0
BTCUSDT,2017-07-03,1.0,0.0,0.0,1.0
BTCUSDT,2017-07-04,1.0,0.0,0.0,1.0
BTCUSDT,2017-07-05,1.0,0.0,0.0,1.0
BTCUSDT,2017-07-06,1.0,0.0,0.0,1.0
BTCUSDT,2017-07-07,1.0,0.0,0.0,1.0
BTCUSDT,2017-07-08,1.0,0.0,0.0,1.0
BTCUSDT,2017-07-09,1.0,0.0,0.0,1.0
BTCUSDT,2017-07-10,0.0,0.0185,0.9815,0.0
BTCUSDT,2017-07-11,0.0,0.0005,0.9995,0.0
BTCUSDT,2017-07-12,0.0,0.0004,0.9996,0.0
BTCUSDT,2017-07-13,0.0,0.0,1.0,0.0
BTCUSDT,2017-07-14,0.0,0.0,1.0,0.0
BTCUSDT,2017-07-15,0.0,0.0,1.0,0.0
BTCUSDT,2017-07-16,0.0,0.0,1.0,0.0
BTCUSDT,2017-07-17,0.0,0.0,1.0,0.0
BTCUSDT,2017-07-18,0.0,0.0,1.0,0.0
BTCUSDT,2017-07-19,0.0,0.0,1.0,0.0
BTCUSDT,2017-07-20,1.0,0.0,0.0,1.0
BTCUSDT,2017-07-21,1.0,0.0,0.0,1.0
BTCUSDT,2017-07-22,1.0,0.0,0.0,1.0
BTCUSDT,2017-07-23,1.0,0.0,0.0,1.0
BTCUSDT,2017-07-24,1.0,0.0,0.0,1.0
BTCUSDT,2017-07-25,1.0,0.0,0.0,1.0
BTCUSDT,2017-07-26,1.0,0.0,0.0,1.0
BTCUSDT,2017-07-27,0.0,0.0,1.0,0.0
BTCUSDT,2017-07-28,1.0,0.0,0.0,1.0
BTCUSDT,2017-07-29,0.0,0.0,1.0,0.0
BTCUSDT,2017-07-30,1.0,0.0,0.0,1.0
BTCUSDT,2017-07-31,1.0,0.0,0.0,1.0
BTCUSDT,2017-08-01,1.0,0.0,0.0,1.0
BTCUSDT,2017-08-02,1.0,0.0,0.0,1.0
BTCUSDT,2017-08-03,1.0,0.0,0.0,1.0
BTCUSDT,2017-08-04,1.0,0.0,0.0,1.0
BTCUSDT,2017-08-05,1.0,0.0,0.0,1.0
BTCUSDT,2017-08-06,1.0,0.0,0.0,1.0
BTCUSDT,2017-08-07,1.0,0.0,0.0,1.0
BTCUSDT,2017-08-08,1.0,0.0,0.0,1.0
BTCUSDT,2017-08-09,1.0,0.0,0.0,1.0
BTCUSDT,2017-08-10,1.0,0.0,0.0,1.0
BTCUSDT,2017-08-11,1.0,0.0,0.0,1.0
BTCUSDT,2017-08-12,1.0,0.0,0.0,1.0
BTCUSDT,2017-08-13,1.0,0.0,0.0,1.0
BTCUSDT,2017-08-14,1.0,0.0,0.0,1.0
BTCUSDT,2017-08-15,1.0,0.0,0.0,1.0
BTCUSDT,2017-08-16,1.0,0.0,0.0,1.0
BTCUSDT,2017-08-17,1.0,0.0,0.0,1.0
BTCUSDT,2017-08-18,1.0,0.0,0.0,1.0
BTCUSDT,2017-08-19,1.0,0.0,0.0,1.0
BTCUSDT,2017-08-20,1.0,0.0,0.0,1.0
BTCUSDT,2017-08-21,0.0,0.0,1.0,0.0
BTCUSDT,2017-08-22,0.0,0.0,1.0,0.0
BTCUSDT,2017-08-23,0.0,0.0001,0.9999,0.0
BTCUSDT,2017-08-24,1.0,0.0,0.0,1.0
BTCUSDT,2017-08-25,1.0,0.0,0.0,1.0
BTCUSDT,2017-08-26,1.0,0.0,0.0,1.0
BTCUSDT,2017-08-27,1.0,0.0,0.0,1.0
BTCUSDT,2017-08-28,1.0,0.0,0.0,1.0
BTCUSDT,2017-08-29,1.0,0.0,0.0,1.0
BTCUSDT,2017-08-30,1.0,0.0,0.0,1.0
BTCUSDT,2017-08-31,1.0,0.0,0.0,1.0
BTCUSDT,2017-09-01,1.0,0.0,0.0,1.0
BTCUSDT,2017-09-02,1.0,0.0,0.0,1.0
BTCUSDT,2017-09-03,1.0,0.0,0.0,1.0
BTCUSDT,2017-09-04,0.0,0.3042,0.6958,0.0
BTCUSDT,2017-09-05,0.0,0.2921,0.7079,0.0
BTCUSDT,2017-09-06,1.0,0.0,0.0,1.0
BTCUSDT,2017-09-07,0.0,0.0259,0.9741,0.0
BTCUSDT,2017-09-08,0.0,0.0,1.0,0.0
BTCUSDT,2017-09-09,0.0,0.0,1.0,0.0
BTCUSDT,2017-09-10,0.0,0.0,1.0,0.0
BTCUSDT,2017-09-11,0.0,0.0001,0.9999,0.0
BTCUSDT,2017-09-12,0.0,0.0,1.0,0.0
BTCUSDT,2017-09-13,0.0,0.0,1.0,0.0
BTCUSDT,2017-09-14,0.0,0.0,1.0,0.0
BTCUSDT,2017-09-15,0.0,0.0,1.0,0.0
BTCUSDT,2017-09-16,0.0,0.0,1.0,0.0
BTCUSDT,2017-09-17,0.0,0.0,1.0,0.0
BTCUSDT,2017-09-18,0.0,0.0,1.0,0.0
BTCUSDT,2017-09-19,0.0,0.0,1.0,0.0
BTCUSDT,2017-09-20,1.0,0.0,0.0,1.0
BTCUSDT,2017-09-21,1.0,0.0,0.0,1.0
BTCUSDT,2017-09-22,0.0,0.0,1.0,0.0
BTCUSDT,2017-09-23,1.0,0.0,0.0,1.0
BTCUSDT,2017-09-24,1.0,0.0,0.0,1.0
BTCUSDT,2017-09-25,0.0,0.0,1.0,0.0
BTCUSDT,2017-09-26,0.0,0.0,1.0,0.0
BTCUSDT,2017-09-27,1.0,0.0,0.0,1.0
BTCUSDT,2017-09-28,1.0,0.0,0.0,1.0
BTCUSDT,2017-09-29,1.0,0.0,0.0,1.0
BTCUSDT,2017-09-30,1.0,0.0,0.0,1.0
BTCUSDT,2017-10-01,1.0,0.0,0.0,1.0
BTCUSDT,2017-10-02,1.0,0.0,0.0,1.0
BTCUSDT,2017-10-03,1.0,0.0,0.0,1.0
BTCUSDT,2017-10-04,1.0,0.0,0.0,1.0
BTCUSDT,2017-10-05,1.0,0.0,0.0,1.0
BTCUSDT,2017-10-06,1.0,0.0,0.0,1.0
BTCUSDT,2017-10-07,1.0,0.0,0.0,1.0
BTCUSDT,2017-10-08,1.0,0.0,0.0,1.0
BTCUSDT,2017-10-09,1.0,0.0,0.0,1.0
BTCUSDT,2017-10-10,1.0,0.0,0.0,1.0
BTCUSDT,2017-10-11,1.0,0.0,0.0,1.0
BTCUSDT,2017-10-12,1.0,0.0,0.0,1.0
BTCUSDT,2017-10-13,1.0,0.0,0.0,1.0
BTCUSDT,2017-10-14,1.0,0.0,0.0,1.0
BTCUSDT,2017-10-15,1.0,0.0,0.0,1.0
BTCUSDT,2017-10-16,1.0,0.0,0.0,1.0
BTCUSDT,2017-10-17,1.0,0.0,0.0,1.0
BTCUSDT,2017-10-18,1.0,0.0,0.0,1.0
BTCUSDT,2017-10-19,1.0,0.0,0.0,1.0
BTCUSDT,2017-10-20,1.0,0.0,0.0,1.0
BTCUSDT,2017-10-21,1.0,0.0,0.0,1.0
BTCUSDT,2017-10-22,1.0,0.0,0.0,1.0
BTCUSDT,2017-10-23,1.0,0.0,0.0,1.0
BTCUSDT,2017-10-24,0.0,0.09,0.91,0.0
BTCUSDT,2017-10-25,1.0,0.0,0.0,1.0
BTCUSDT,2017-10-26,1.0,0.0,0.0,1.0
BTCUSDT,2017-10-27,0.0,0.0056,0.9944,0.0
BTCUSDT,2017-10-28,0.0,0.0038,0.9962,0.0
BTCUSDT,2017-10-29,1.0,0.0,0.0,1.0
BTCUSDT,2017-10-30,1.0,0.0,0.0,1.0
BTCUSDT,2017-10-31,1.0,0.0,0.0,1.0
BTCUSDT,2017-11-01,1.0,0.0,0.0,1.0
BTCUSDT,2017-11-02,1.0,0.0,0.0,1.0
BTCUSDT,2017-11-03,1.0,0.0,0.0,1.0
BTCUSDT,2017-11-04,1.0,0.0,0.0,1.0
BTCUSDT,2017-11-05,1.0,0.0,0.0,1.0
BTCUSDT,2017-11-06,1.0,0.0,0.0,1.0
BTCUSDT,2017-11-07,1.0,0.0,0.0,1.0
BTCUSDT,2017-11-08,1.0,0.0,0.0,1.0
BTCUSDT,2017-11-09,1.0,0.0,0.0,1.0
BTCUSDT,2017-11-10,0.0,0.0001,0.9999,0.0
BTCUSDT,2017-11-11,0.0,0.0,1.0,0.0
BTCUSDT,2017-11-12,0.0,0.0,1.0,0.0
BTCUSDT,2017-11-13,0.0,0.0,1.0,0.0
BTCUSDT,2017-11-14,0.0,0.0,1.0,0.0
BTCUSDT,2017-11-15,0.0,0.0,1.0,0.0
BTCUSDT,2017-11-16,1.0,0.0,0.0,1.0
BTCUSDT,2017-11-17,1.0,0.0,0.0,1.0
BTCUSDT,2017-11-18,1.0,0.0,0.0,1.0
BTCUSDT,2017-11-19,1.0,0.0,0.0,1.0
BTCUSDT,2017-11-20,1.0,0.0,0.0,1.0
BTCUSDT,2017-11-21,1.0,0.0,0.0,1.0
BTCUSDT,2017-11-22,1.0,0.0,0.0,1.0
BTCUSDT,2017-11-23,1.0,0.0,0.0,1.0
BTCUSDT,2017-11-24,1.0,0.0,0.0,1.0
BTCUSDT,2017-11-25,1.0,0.0,0.0,1.0
BTCUSDT,2017-11-26,1.0,0.0,0.0,1.0
BTCUSDT,2017-11-27,1.0,0.0,0.0,1.0
BTCUSDT,2017-11-28,1.0,0.0,0.0,1.0
BTCUSDT,2017-11-29,1.0,0.0,0.0,1.0
BTCUSDT,2017-11-30,1.0,0.0,0.0,1.0
BTCUSDT,2017-12-01,1.0,0.0,0.0,1.0
BTCUSDT,2017-12-02,1.0,0.0,0.0,1.0
BTCUSDT,2017-12-03,1.0,0.0,0.0,1.0
BTCUSDT,2017-12-04,1.0,0.0,0.0,1.0
BTCUSDT,2017-12-05,1.0,0.0,0.0,1.0
BTCUSDT,2017-12-06,1.0,0.0,0.0,1.0
BTCUSDT,2017-12-07,1.0,0.0,0.0,1.0
BTCUSDT,2017-12-08,1.0,0.0,0.0,1.0
BTCUSDT,2017-12-09,1.0,0.0,0.0,1.0
BTCUSDT,2017-12-10,1.0,0.0,0.0,1.0
BTCUSDT,2017-12-11,1.0,0.0,0.0,1.0
BTCUSDT,2017-12-12,1.0,0.0,0.0,1.0
BTCUSDT,2017-12-13,1.0,0.0,0.0,1.0
BTCUSDT,2017-12-14,0.0,0.0,1.0,0.0
BTCUSDT,2017-12-15,1.0,0.0,0.0,1.0
BTCUSDT,2017-12-16,1.0,0.0,0.0,1.0
BTCUSDT,2017-12-17,1.0,0.0,0.0,1.0
BTCUSDT,2017-12-18,1.0,0.0,0.0,1.0
BTCUSDT,2017-12-19,1.0,0.0,0.0,1.0
BTCUSDT,2017-12-20,1.0,0.0,0.0,1.0
BTCUSDT,2017-12-21,0.0,0.0,1.0,0.0
BTCUSDT,2017-12-22,0.0,0.0,1.0,0.0
BTCUSDT,2017-12-23,0.0,0.0,1.0,0.0
BTCUSDT,2017-12-24,0.0,0.0,1.0,0.0
BTCUSDT,2017-12-25,0.0,0.0,1.0,0.0
BTCUSDT,2017-12-26,0.0,0.0,1.0,0.0
BTCUSDT,2017-12-27,0.0,0.0,1.0,0.0
BTCUSDT,2017-12-28,0.0,0.0,1.0,0.0
BTCUSDT,2017-12-29,1.0,0.0,0.0,1.0
BTCUSDT,2017-12-30,0.0,0.0,1.0,0.0
BTCUSDT,2017-12-31,1.0,0.0,0.0,1.0
BTCUSDT,2018-01-01,0.0,0.0,1.0,0.0
BTCUSDT,2018-01-02,0.0,0.0,1.0,0.0
BTCUSDT,2018-01-03,0.0,0.0,1.0,0.0
BTCUSDT,2018-01-04,1.0,0.0,0.0,1.0
BTCUSDT,2018-01-05,1.0,0.0,0.0,1.0
BTCUSDT,2018-01-06,1.0,0.0,0.0,1.0
BTCUSDT,2018-01-07,1.0,0.0,0.0,1.0
BTCUSDT,2018-01-08,1.0,0.0,0.0,1.0
BTCUSDT,2018-01-09,0.0,0.0,1.0,0.0
BTCUSDT,2018-01-10,0.0,0.0,1.0,0.0
BTCUSDT,2018-01-11,0.0,0.0,1.0,0.0
BTCUSDT,2018-01-12,0.0,0.0,1.0,0.0
BTCUSDT,2018-01-13,0.0,0.0,1.0,0.0
BTCUSDT,2018-01-14,0.0,0.0,1.0,0.0
BTCUSDT,2018-01-15,0.0,0.0,1.0,0.0
BTCUSDT,2018-01-16,0.0,0.0,1.0,0.0
BTCUSDT,2018-01-17,0.0,0.0,1.0,0.0
BTCUSDT,2018-01-18,0.0,0.0,1.0,0.0
BTCUSDT,2018-01-19,0.0,0.0,1.0,0.0
BTCUSDT,2018-01-20,0.0,0.0,1.0,0.0
BTCUSDT,2018-01-21,0.0,0.0,1.0,0.0
BTCUSDT,2018-01-22,0.0,0.0,1.0,0.0
BTCUSDT,2018-01-23,0.0,0.0,1.0,0.0
BTCUSDT,2018-01-24,1.0,0.0,0.0,1.0
BTCUSDT,2018-01-25,0.0,0.0,1.0,0.0
BTCUSDT,2018-01-26,0.0,0.0,1.0,0.0
BTCUSDT,2018-01-27,0.0,0.0,1.0,0.0
BTCUSDT,2018-01-28,1.0,0.0,0.0,1.0
BTCUSDT,2018-01-29,1.0,0.0,0.0,1.0
BTCUSDT,2018-01-30,0.0,0.0,1.0,0.0
BTCUSDT,2018-01-31,0.0,0.0,1.0,0.0
BTCUSDT,2018-02-01,0.0,0.0,1.0,0.0
BTCUSDT,2018-02-02,0.0,0.0,1.0,0.0
BTCUSDT,2018-02-03,0.0,0.0,1.0,0.0
BTCUSDT,2018-02-04,0.0,0.0,1.0,0.0
BTCUSDT,2018-02-05,0.0,0.0,1.0,0.0
BTCUSDT,2018-02-06,0.0,0.0,1.0,0.0
BTCUSDT,2018-02-07,0.0,0.0,1.0,0.0
BTCUSDT,2018-02-08,0.0,0.0,1.0,0.0
BTCUSDT,2018-02-09,0.0,0.0,1.0,0.0
BTCUSDT,2018-02-10,0.0,0.0,1.0,0.0
BTCUSDT,2018-02-11,0.0,0.0,1.0,0.0
BTCUSDT,2018-02-12,1.0,0.0,0.0,1.0
BTCUSDT,2018-02-13,1.0,0.0,0.0,1.0
BTCUSDT,2018-02-14,1.0,0.0,0.0,1.0
BTCUSDT,2018-02-15,1.0,0.0,0.0,1.0
BTCUSDT,2018-02-16,1.0,0.0,0.0,1.0
BTCUSDT,2018-02-17,1.0,0.0,0.0,1.0
BTCUSDT,2018-02-18,1.0,0.0,0.0,1.0
BTCUSDT,2018-02-19,1.0,0.0,0.0,1.0
BTCUSDT,2018-02-20,1.0,0.0,0.0,1.0
BTCUSDT,2018-02-21,1.0,0.0,0.0,1.0
BTCUSDT,2018-02-22,0.0,0.0,1.0,0.0
BTCUSDT,2018-02-23,1.0,0.0,0.0,1.0
BTCUSDT,2018-02-24,0.0,0.0,1.0,0.0
BTCUSDT,2018-02-25,0.0,0.0,1.0,0.0
BTCUSDT,2018-02-26,0.0,0.0,1.0,0.0
BTCUSDT,2018-02-27,0.0,0.0,1.0,0.0
BTCUSDT,2018-02-28,0.0,0.0,1.0,0.0
BTCUSDT,2018-03-01,1.0,0.0,0.0,1.0
BTCUSDT,2018-03-02,1.0,0.0,0.0,1.0
BTCUSDT,2018-03-03,1.0,0.0,0.0,1.0
BTCUSDT,2018-03-04,1.0,0.0,0.0,1.0
BTCUSDT,2018-03-05,1.0,0.0,0.0,1.0
BTCUSDT,2018-03-06,1.0,0.0,0.0,1.0
BTCUSDT,2018-03-07,0.0,0.0,1.0,0.0
BTCUSDT,2018-03-08,0.0,0.0,1.0,0.0
BTCUSDT,2018-03-09,0.0,0.0,1.0,0.0
BTCUSDT,2018-03-10,0.0,0.0,1.0,0.0
BTCUSDT,2018-03-11,0.0,0.0,1.0,0.0
BTCUSDT,2018-03-12,0.0,0.0,1.0,0.0
BTCUSDT,2018-03-13,0.0,0.0,1.0,0.0
BTCUSDT,2018-03-14,0.0,0.0,1.0,0.0
BTCUSDT,2018-03-15,0.0,0.0,1.0,0.0
BTCUSDT,2018-03-16,0.0,0.0,1.0,0.0
BTCUSDT,2018-03-17,0.0,0.0,1.0,0.0
BTCUSDT,2018-03-18,0.0,0.0,1.0,0.0
BTCUSDT,2018-03-19,0.0,0.0,1.0,0.0
BTCUSDT,2018-03-20,0.0,0.0,1.0,0.0
BTCUSDT,2018-03-21,1.0,0.0,0.0,1.0
BTCUSDT,2018-03-22,1.0,0.0,0.0,1.0
BTCUSDT,2018-03-23,1.0,0.0,0.0,1.0
BTCUSDT,2018-03-24,1.0,0.0,0.0,1.0
BTCUSDT,2018-03-25,1.0,0.0,0.0,1.0
BTCUSDT,2018-03-26,0.0,0.0,1.0,0.0
BTCUSDT,2018-03-27,0.0,0.0,1.0,0.0
BTCUSDT,2018-03-28,0.0,0.0,1.0,0.0
BTCUSDT,2018-03-29,0.0,0.0,1.0,0.0
BTCUSDT,2018-03-30,0.0,0.0,1.0,0.0
BTCUSDT,2018-03-31,0.0,0.0,1.0,0.0
BTCUSDT,2018-04-01,0.0,0.0,1.0,0.0
BTCUSDT,2018-04-02,0.0,0.0,1.0,0.0
BTCUSDT,2018-04-03,0.0,0.0,1.0,0.0
BTCUSDT,2018-04-04,0.0,0.0,1.0,0.0
BTCUSDT,2018-04-05,0.0,0.0,1.0,0.0
BTCUSDT,2018-04-06,0.0,0.0,1.0,0.0
BTCUSDT,2018-04-07,0.0,0.0001,0.9999,0.0
BTCUSDT,2018-04-08,1.0,0.0,0.0,1.0
BTCUSDT,2018-04-09,0.0,0.0024,0.9976,0.0
BTCUSDT,2018-04-10,0.0,0.0004,0.9996,0.0
BTCUSDT,2018-04-11,1.0,0.0,0.0,1.0
BTCUSDT,2018-04-12,1.0,0.0,0.0,1.0
BTCUSDT,2018-04-13,1.0,0.0,0.0,1.0
BTCUSDT,2018-04-14,1.0,0.0,0.0,1.0
BTCUSDT,2018-04-15,1.0,0.0,0.0,1.0
BTCUSDT,2018-04-16,1.0,0.0,0.0,1.0
BTCUSDT,2018-04-17,1.0,0.0,0.0,1.0
BTCUSDT,2018-04-18,1.0,0.0,0.0,1.0
BTCUSDT,2018-04-19,1.0,0.0,0.0,1.0
BTCUSDT,2018-04-20,1.0,0.0,0.0,1.0
BTCUSDT,2018-04-21,1.0,0.0,0.0,1.0
BTCUSDT,2018-04-22,1.0,0.0,0.0,1.0
BTCUSDT,2018-04-23,1.0,0.0,0.0,1.0
BTCUSDT,2018-04-24,1.0,0.0,0.0,1.0
BTCUSDT,2018-04-25,1.0,0.0,0.0,1.0
BTCUSDT,2018-04-26,1.0,0.0,0.0,1.0
BTCUSDT,2018-04-27,1.0,0.0,0.0,1.0
BTCUSDT,2018-04-28,1.0,0.0,0.0,1.0
BTCUSDT,2018-04-29,1.0,0.0,0.0,1.0
BTCUSDT,2018-04-30,1.0,0.0,0.0,1.0
BTCUSDT,2018-05-01,0.0,0.0002,0.9998,0.0
BTCUSDT,2018-05-02,1.0,0.0,0.0,1.0
BTCUSDT,2018-05-03,1.0,0.0,0.0,1.0
BTCUSDT,2018-05-04,1.0,0.0,0.0,1.0
BTCUSDT,2018-05-05,1.0,0.0,0.0,1.0
BTCUSDT,2018-05-06,1.0,0.0,0.0,1.0
BTCUSDT,2018-05-07,1.0,0.0,0.0,1.0
BTCUSDT,2018-05-08,1.0,0.0,0.0,1.0
BTCUSDT,2018-05-09,1.0,0.0,0.0,1.0
BTCUSDT,2018-05-10,0.0,0.0003,0.9997,0.0
BTCUSDT,2018-05-11,0.0,0.0,1.0,0.0
BTCUSDT,2018-05-12,0.0,0.0,1.0,0.0
BTCUSDT,2018-05-13,0.0,0.0,1.0,0.0
BTCUSDT,2018-05-14,0.0,0.0,1.0,0.0
BTCUSDT,2018-05-15,0.0,0.0,1.0,0.0
BTCUSDT,2018-05-16,0.0,0.0,1.0,0.0
BTCUSDT,2018-05-17,0.0,0.0043,0.9957,0.0
BTCUSDT,2018-05-18,0.0,0.6957,0.3043,0.0
BTCUSDT,2018-05-19,0.0,0.8209,0.1791,0.0
BTCUSDT,2018-05-20,0.0,0.8292,0.1708,0.0
BTCUSDT,2018-05-21,0.0,0.791,0.209,0.0
BTCUSDT,2018-05-22,0.0,0.5283,0.4717,0.0
BTCUSDT,2018-05-23,0.0,0.0169,0.9831,0.0
BTCUSDT,2018-05-24,0.0,0.0118,0.9882,0.0
BTCUSDT,2018-05-25,0.0,0.0006,0.9994,0.0
BTCUSDT,2018-05-26,0.0,0.0,1.0,0.0
BTCUSDT,2018-05-27,0.0,0.0,1.0,0.0
BTCUSDT,2018-05-28,0.0,0.0,1.0,0.0
BTCUSDT,2018-05-29,0.0,0.0797,0.9203,0.0
BTCUSDT,2018-05-30,0.0,0.265,0.735,0.0
BTCUSDT,2018-05-31,0.0,0.311,0.689,0.0
BTCUSDT,2018-06-01,1.0,0.0,0.0,1.0
BTCUSDT,2018-06-02,1.0,0.0,0.0,1.0
BTCUSDT,2018-06-03,1.0,0.0,0.0,1.0
BTCUSDT,2018-06-04,1.0,0.0,0.0,1.0
BTCUSDT,2018-06-05,1.0,0.0,0.0,1.0
BTCUSDT,2018-06-06,1.0,0.0,0.0,1.0
BTCUSDT,2018-06-07,1.0,0.0,0.0,1.0
BTCUSDT,2018-06-08,1.0,0.0,0.0,1.0
BTCUSDT,2018-06-09,0.0,0.3593,0.6407,0.0
BTCUSDT,2018-06-10,0.0,0.0001,0.9999,0.0
BTCUSDT,2018-06-11,0.0,0.0001,0.9999,0.0
BTCUSDT,2018-06-12,0.0,0.0,1.0,0.0
BTCUSDT,2018-06-13,0.0,0.0,1.0,0.0
BTCUSDT,2018-06-14,0.0,0.0,1.0,0.0
BTCUSDT,2018-06-15,0.0,0.0,1.0,0.0
BTCUSDT,2018-06-16,0.0,0.0,1.0,0.0
BTCUSDT,2018-06-17,0.0,0.0101,0.9899,0.0
BTCUSDT,2018-06-18,0.0,0.0237,0.9763,0.0
BTCUSDT,2018-06-19,1.0,0.0,0.0,1.0
BTCUSDT,2018-06-20,1.0,0.0,0.0,1.0
BTCUSDT,2018-06-21,1.0,0.0,0.0,1.0
BTCUSDT,2018-06-22,0.0,0.0027,0.9973,0.0
BTCUSDT,2018-06-23,0.0,0.0002,0.9998,0.0
BTCUSDT,2018-06-24,0.0,0.0001,0.9999,0.0
BTCUSDT,2018-06-25,0.0,0.0,1.0,0.0
BTCUSDT,2018-06-26,0.0,0.0,1.0,0.0
BTCUSDT,2018-06-27,0.0,0.0,1.0,0.0
BTCUSDT,2018-06-28,0.0,0.0,1.0,0.0
BTCUSDT,2018-06-29,1.0,0.0,0.0,1.0
BTCUSDT,2018-06-30,1.0,0.0,0.0,1.0
BTCUSDT,2018-07-01,1.0,0.0,0.0,1.0
BTCUSDT,2018-07-02,1.0,0.0,0.0,1.0
BTCUSDT,2018-07-03,1.0,0.0,0.0,1.0
BTCUSDT,2018-07-04,1.0,0.0,0.0,1.0
BTCUSDT,2018-07-05,1.0,0.0,0.0,1.0
BTCUSDT,2018-07-06,1.0,0.0,0.0,1.0
BTCUSDT,2018-07-07,1.0,0.0,0.0,1.0
BTCUSDT,2018-07-08,1.0,0.0,0.0,1.0
BTCUSDT,2018-07-09,1.0,0.0,0.0,1.0
BTCUSDT,2018-07-10,0.0,0.1998,0.8002,0.0
BTCUSDT,2018-07-11,0.0,0.1676,0.8324,0.0
BTCUSDT,2018-07-12,0.0,0.1419,0.8581,0.0
BTCUSDT,2018-07-13,0.0,0.149,0.851,0.0
BTCUSDT,2018-07-14,0.0,0.1471,0.8529,0.0
BTCUSDT,2018-07-15,0.0,0.1846,0.8154,0.0
BTCUSDT,2018-07-16,1.0,0.0,0.0,1.0
BTCUSDT,2018-07-17,1.0,0.0,0.0,1.0
BTCUSDT,2018-07-18,1.0,0.0,0.0,1.0
BTCUSDT,2018-07-19,1.0,0.0,0.0,1.0
BTCUSDT,2018-07-20,1.0,0.0,0.0,1.0
BTCUSDT,2018-07-21,1.0,0.0,0.0,1.0
BTCUSDT,2018-07-22,1.0,0.0,0.0,1.0
BTCUSDT,2018-07-23,1.0,0.0,0.0,1.0
BTCUSDT,2018-07-24,1.0,0.0,0.0,1.0
BTCUSDT,2018-07-25,1.0,0.0,0.0,1.0
BTCUSDT,2018-07-26,1.0,0.0,0.0,1.0
BTCUSDT,2018-07-27,1.0,0.0,0.0,1.0
BTCUSDT,2018-07-28,1.0,0.0,0.0,1.0
BTCUSDT,2018-07-29,1.0,0.0,0.0,1.0
BTCUSDT,2018-07-30,1.0,0.0,0.0,1.0
BTCUSDT,2018-07-31,0.0,0.0013,0.9987,0.0
BTCUSDT,2018-08-01,0.0,0.0001,0.9999,0.0
BTCUSDT,2018-08-02,0.0,0.0001,0.9999,0.0
BTCUSDT,2018-08-03,0.0,0.0,1.0,0.0
BTCUSDT,2018-08-04,0.0,0.0,1.0,0.0
BTCUSDT,2018-08-05,0.0,0.0,1.0,0.0
BTCUSDT,2018-08-06,0.0,0.0,1.0,0.0
BTCUSDT,2018-08-07,0.0,0.0,1.0,0.0
BTCUSDT,2018-08-08,0.0,0.0,1.0,0.0
BTCUSDT,2018-08-09,0.0,0.0,1.0,0.0
BTCUSDT,2018-08-10,0.0,0.0,1.0,0.0
BTCUSDT,2018-08-11,0.0,0.0,1.0,0.0
BTCUSDT,2018-08-12,0.0,0.0,1.0,0.0
BTCUSDT,2018-08-13,0.0,0.0,1.0,0.0
BTCUSDT,2018-08-14,0.0,0.004,0.996,0.0
BTCUSDT,2018-08-15,1.0,0.0,0.0,1.0
BTCUSDT,2018-08-16,0.0,0.8814,0.1186,0.0
BTCUSDT,2018-08-17,1.0,0.0,0.0,1.0
BTCUSDT,2018-08-18,1.0,0.0,0.0,1.0
BTCUSDT,2018-08-19,1.0,0.0,0.0,1.0
BTCUSDT,2018-08-20,1.0,0.0,0.0,1.0
BTCUSDT,2018-08-21,1.0,0.0,0.0,1.0
BTCUSDT,2018-08-22,1.0,0.0,0.0,1.0
BTCUSDT,2018-08-23,1.0,0.0,0.0,1.0
BTCUSDT,2018-08-24,1.0,0.0,0.0,1.0
BTCUSDT,2018-08-25,1.0,0.0,0.0,1.0
BTCUSDT,2018-08-26,1.0,0.0,0.0,1.0
BTCUSDT,2018-08-27,1.0,0.0,0.0,1.0
BTCUSDT,2018-08-28,1.0,0.0,0.0,1.0
BTCUSDT,2018-08-29,1.0,0.0,0.0,1.0
BTCUSDT,2018-08-30,1.0,0.0,0.0,1.0
BTCUSDT,2018-08-31,1.0,0.0,0.0,1.0
BTCUSDT,2018-09-01,1.0,0.0,0.0,1.0
BTCUSDT,2018-09-02,1.0,0.0,0.0,1.0
BTCUSDT,2018-09-03,1.0,0.0,0.0,1.0
BTCUSDT,2018-09-04,1.0,0.0,0.0,1.0
BTCUSDT,2018-09-05,0.0,0.4342,0.5658,0.0
BTCUSDT,2018-09-06,0.0,0.2415,0.7585,0.0
BTCUSDT,2018-09-07,0.0,0.0479,0.9521,0.0
BTCUSDT,2018-09-08,0.0,0.0,1.0,0.0
BTCUSDT,2018-09-09,0.0,0.0,1.0,0.0
BTCUSDT,2018-09-10,0.0,0.0,1.0,0.0
BTCUSDT,2018-09-11,0.0,0.0,1.0,0.0
BTCUSDT,2018-09-12,0.0,0.1382,0.8618,0.0
BTCUSDT,2018-09-13,0.0,0.2203,0.7797,0.0
BTCUSDT,2018-09-14,1.0,0.0,0.0,1.0
BTCUSDT,2018-09-15,1.0,0.0,0.0,1.0
BTCUSDT,2018-09-16,1.0,0.0,0.0,1.0
BTCUSDT,2018-09-17,0.0,0.9284,0.0716,0.0
BTCUSDT,2018-09-18,1.0,0.0,0.0,1.0
BTCUSDT,2018-09-19,1.0,0.0,0.0,1.0
BTCUSDT,2018-09-20,1.0,0.0,0.0,1.0
BTCUSDT,2018-09-21,1.0,0.0,0.0,1.0
BTCUSDT,2018-09-22,1.0,0.0,0.0,1.0
BTCUSDT,2018-09-23,1.0,0.0,0.0,1.0
BTCUSDT,2018-09-24,1.0,0.0,0.0,1.0
BTCUSDT,2018-09-25,1.0,0.0,0.0,1.0
BTCUSDT,2018-09-26,1.0,0.0,0.0,1.0
BTCUSDT,2018-09-27,1.0,0.0,0.0,1.0
BTCUSDT,2018-09-28,0.0,0.9994,0.0006,0.0
BTCUSDT,2018-09-29,0.0,0.9999,0.0001,0.0
BTCUSDT,2018-09-30,0.0,0.9999,0.0001,0.0
BTCUSDT,2018-10-01,0.0,0.9982,0.0018,0.0
BTCUSDT,2018-10-02,1.0,0.0,0.0,1.0
BTCUSDT,2018-10-03,1.0,0.0,0.0,1.0
BTCUSDT,2018-10-04,0.0,0.9995,0.0005,0.0
BTCUSDT,2018-10-05,0.0,0.9999,0.0001,0.0
BTCUSDT,2018-10-06,0.0,0.9999,0.0001,0.0
BTCUSDT,2018-10-07,0.0,0.9983,0.0017,0.0
BTCUSDT,2018-10-08,1.0,0.0,0.0,1.0
BTCUSDT,2018-10-09,1.0,0.0,0.0,1.0
BTCUSDT,2018-10-10,1.0,0.0,0.0,1.0
BTCUSDT,2018-10-11,0.0,0.9989,0.0011,0.0
BTCUSDT,2018-10-12,0.0,0.9998,0.0002,0.0
BTCUSDT,2018-10-13,0.0,0.9999,0.0001,0.0
BTCUSDT,2018-10-14,0.0,0.9999,0.0001,0.0
BTCUSDT,2018-10-15,0.0,1.0,0.0,0.0
BTCUSDT,2018-10-16,0.0,0.9999,0.0001,0.0
BTCUSDT,2018-10-17,0.0,0.9985,0.0015,0.0
BTCUSDT,2018-10-18,1.0,0.0,0.0,1.0
BTCUSDT,2018-10-19,1.0,0.0,0.0,1.0
BTCUSDT,2018-10-20,1.0,0.0,0.0,1.0
BTCUSDT,2018-10-21,1.0,0.0,0.0,1.0
BTCUSDT,2018-10-22,0.0,0.9995,0.0005,0.0
BTCUSDT,2018-10-23,0.0,0.9999,0.0001,0.0
BTCUSDT,2018-10-24,0.0,0.9999,0.0001,0.0
BTCUSDT,2018-10-25,0.0,0.9981,0.0019,0.0
BTCUSDT,2018-10-26,1.0,0.0,0.0,1.0
BTCUSDT,2018-10-27,0.0,0.9675,0.0325,0.0
BTCUSDT,2018-10-28,1.0,0.0,0.0,1.0
BTCUSDT,2018-10-29,0.0,0.9995,0.0005,0.0
BTCUSDT,2018-10-30,0.0,1.0,0.0,0.0
BTCUSDT,2018-10-31,0.0,1.0,0.0,0.0
BTCUSDT,2018-11-01,0.0,1.0,0.0,0.0
BTCUSDT,2018-11-02,0.0,1.0,0.0,0.0
BTCUSDT,2018-11-03,0.0,0.9999,0.0001,0.0
BTCUSDT,2018-11-04,0.0,0.9986,0.0014,0.0
BTCUSDT,2018-11-05,1.0,0.0,0.0,1.0
BTCUSDT,2018-11-06,1.0,0.0,0.0,1.0
BTCUSDT,2018-11-07,1.0,0.0,0.0,1.0
BTCUSDT,2018-11-08,1.0,0.0,0.0,1.0
BTCUSDT,2018-11-09,0.0,0.9239,0.0761,0.0
BTCUSDT,2018-11-10,1.0,0.0,0.0,1.0
BTCUSDT,2018-11-11,1.0,0.0,0.0,1.0
BTCUSDT,2018-11-12,0.0,0.8321,0.1679,0.0
BTCUSDT,2018-11-13,0.0,0.7581,0.2419,0.0
BTCUSDT,2018-11-14,0.0,0.0005,0.9995,0.0
BTCUSDT,2018-11-15,0.0,0.0,1.0,0.0
BTCUSDT,2018-11-16,0.0,0.0,1.0,0.0
BTCUSDT,2018-11-17,0.0,0.0,1.0,0.0
BTCUSDT,2018-11-18,0.0,0.0,1.0,0.0
BTCUSDT,2018-11-19,0.0,0.0,1.0,0.0
BTCUSDT,2018-11-20,0.0,0.0,1.0,0.0
BTCUSDT,2018-11-21,0.0,0.0,1.0,0.0
BTCUSDT,2018-11-22,0.0,0.0,1.0,0.0
BTCUSDT,2018-11-23,0.0,0.0,1.0,0.0
BTCUSDT,2018-11-24,0.0,0.0,1.0,0.0
BTCUSDT,2018-11-25,0.0,0.0,1.0,0.0
BTCUSDT,2018-11-26,0.0,0.0,1.0,0.0
BTCUSDT,2018-11-27,0.0,0.0,1.0,0.0
BTCUSDT,2018-11-28,0.0,0.0,1.0,0.0
BTCUSDT,2018-11-29,0.0,0.0,1.0,0.0
BTCUSDT,2018-11-30,0.0,0.0,1.0,0.0
BTCUSDT,2018-12-01,1.0,0.0,0.0,1.0
BTCUSDT,2018-12-02,1.0,0.0,0.0,1.0
BTCUSDT,2018-12-03,1.0,0.0,0.0,1.0
BTCUSDT,2018-12-04,1.0,0.0,0.0,1.0
BTCUSDT,2018-12-05,0.0,0.0,1.0,0.0
BTCUSDT,2018-12-06,0.0,0.0,1.0,0.0
BTCUSDT,2018-12-07,0.0,0.0,1.0,0.0
BTCUSDT,2018-12-08,0.0,0.0,1.0,0.0
BTCUSDT,2018-12-09,0.0,0.0,1.0,0.0
BTCUSDT,2018-12-10,0.0,0.0,1.0,0.0
BTCUSDT,2018-12-11,0.0,0.0,1.0,0.0
BTCUSDT,2018-12-12,0.0,0.0,1.0,0.0
BTCUSDT,2018-12-13,0.0,0.0,1.0,0.0
BTCUSDT,2018-12-14,0.0,0.0,1.0,0.0
BTCUSDT,2018-12-15,0.0,0.0,1.0,0.0
BTCUSDT,2018-12-16,0.0,0.0,1.0,0.0
BTCUSDT,2018-12-17,1.0,0.0,0.0,1.0
BTCUSDT,2018-12-18,1.0,0.0,0.0,1.0
BTCUSDT,2018-12-19,1.0,0.0,0.0,1.0
BTCUSDT,2018-12-20,1.0,0.0,0.0,1.0
BTCUSDT,2018-12-21,1.0,0.0,0.0,1.0
BTCUSDT,2018-12-22,1.0,0.0,0.0,1.0
BTCUSDT,2018-12-23,1.0,0.0,0.0,1.0
BTCUSDT,2018-12-24,1.0,0.0,0.0,1.0
BTCUSDT,2018-12-25,1.0,0.0,0.0,1.0
BTCUSDT,2018-12-26,1.0,0.0,0.0,1.0
BTCUSDT,2018-12-27,0.0,0.0,1.0,0.0
BTCUSDT,2018-12-28,1.0,0.0,0.0,1.0
BTCUSDT,2018-12-29,0.0,0.0,1.0,0.0
BTCUSDT,2018-12-30,0.0,0.0,1.0,0.0
BTCUSDT,2018-12-31,0.0,0.0,1.0,0.0
BTCUSDT,2019-01-01,1.0,0.0,0.0,1.0
BTCUSDT,2019-01-02,1.0,0.0,0.0,1.0
BTCUSDT,2019-01-03,1.0,0.0,0.0,1.0
BTCUSDT,2019-01-04,0.0,0.0016,0.9984,0.0
BTCUSDT,2019-01-05,1.0,0.0,0.0,1.0
BTCUSDT,2019-01-06,1.0,0.0,0.0,1.0
BTCUSDT,2019-01-07,1.0,0.0,0.0,1.0
BTCUSDT,2019-01-08,1.0,0.0,0.0,1.0
BTCUSDT,2019-01-09,1.0,0.0,0.0,1.0
BTCUSDT,2019-01-10,0.0,0.0012,0.9988,0.0
BTCUSDT,2019-01-11,0.0,0.0001,0.9999,0.0
BTCUSDT,2019-01-12,0.0,0.0001,0.9999,0.0
BTCUSDT,2019-01-13,0.0,0.0,1.0,0.0
BTCUSDT,2019-01-14,0.0,0.0,1.0,0.0
BTCUSDT,2019-01-15,0.0,0.0,1.0,0.0
BTCUSDT,2019-01-16,0.0,0.0,1.0,0.0
BTCUSDT,2019-01-17,0.0,0.0052,0.9948,0.0
BTCUSDT,2019-01-18,0.0,0.0366,0.9634,0.0
BTCUSDT,2019-01-19,1.0,0.0,0.0,1.0
BTCUSDT,2019-01-20,1.0,0.0,0.0,1.0
BTCUSDT,2019-01-21,0.0,0.99,0.01,0.0
BTCUSDT,2019-01-22,0.0,0.9952,0.0048,0.0
BTCUSDT,2019-01-23,0.0,0.9984,0.0016,0.0
BTCUSDT,2019-01-24,0.0,0.9994,0.0006,0.0
BTCUSDT,2019-01-25,0.0,0.9996,0.0004,0.0
BTCUSDT,2019-01-26,0.0,0.9997,0.0003,0.0
BTCUSDT,2019-01-27,0.0,0.9999,0.0001,0.0
BTCUSDT,2019-01-28,0.0,0.9999,0.0001,0.0
BTCUSDT,2019-01-29,0.0,0.9999,0.0001,0.0
BTCUSDT,2019-01-30,0.0,0.9999,0.0001,0.0
BTCUSDT,2019-01-31,0.0,1.0,0.0,0.0
BTCUSDT,2019-02-01,0.0,1.0,0.0,0.0
BTCUSDT,2019-02-02,0.0,1.0,0.0,0.0
BTCUSDT,2019-02-03,0.0,0.9999,0.0001,0.0
BTCUSDT,2019-02-04,0.0,0.9982,0.0018,0.0
BTCUSDT,2019-02-05,1.0,0.0,0.0,1.0
BTCUSDT,2019-02-06,0.0,0.9984,0.0016,0.0
BTCUSDT,2019-02-07,0.0,0.9977,0.0023,0.0
BTCUSDT,2019-02-08,1.0,0.0,0.0,1.0
BTCUSDT,2019-02-09,1.0,0.0,0.0,1.0
BTCUSDT,2019-02-10,1.0,0.0,0.0,1.0
BTCUSDT,2019-02-11,1.0,0.0,0.0,1.0
BTCUSDT,2019-02-12,1.0,0.0,0.0,1.0
BTCUSDT,2019-02-13,1.0,0.0,0.0,1.0
BTCUSDT,2019-02-14,1.0,0.0,0.0,1.0
BTCUSDT,2019-02-15,0.0,0.9992,0.0008,0.0
BTCUSDT,2019-02-16,0.0,0.9997,0.0003,0.0
BTCUSDT,2019-02-17,0.0,0.9978,0.0022,0.0
BTCUSDT,2019-02-18,1.0,0.0,0.0,1.0
BTCUSDT,2019-02-19,1.0,0.0,0.0,1.0
BTCUSDT,2019-02-20,1.0,0.0,0.0,1.0
BTCUSDT,2019-02-21,1.0,0.0,0.0,1.0
BTCUSDT,2019-02-22,1.0,0.0,0.0,1.0
BTCUSDT,2019-02-23,1.0,0.0,0.0,1.0
BTCUSDT,2019-02-24,1.0,0.0,0.0,1.0
BTCUSDT,2019-02-25,0.0,0.9809,0.0191,0.0
BTCUSDT,2019-02-26,0.0,0.9886,0.0114,0.0
BTCUSDT,2019-02-27,0.0,0.9922,0.0078,0.0
BTCUSDT,2019-02-28,0.0,0.9934,0.0066,0.0
BTCUSDT,2019-03-01,0.0,0.9924,0.0076,0.0
BTCUSDT,2019-03-02,0.0,0.9732,0.0268,0.0
BTCUSDT,2019-03-03,1.0,0.0,0.0,1.0
BTCUSDT,2019-03-04,0.0,0.9373,0.0627,0.0
BTCUSDT,2019-03-05,1.0,0.0,0.0,1.0
BTCUSDT,2019-03-06,1.0,0.0,0.0,1.0
BTCUSDT,2019-03-07,1.0,0.0,0.0,1.0
BTCUSDT,2019-03-08,1.0,0.0,0.0,1.0
BTCUSDT,2019-03-09,1.0,0.0,0.0,1.0
BTCUSDT,2019-03-10,1.0,0.0,0.0,1.0
BTCUSDT,2019-03-11,1.0,0.0,0.0,1.0
BTCUSDT,2019-03-12,1.0,0.0,0.0,1.0
BTCUSDT,2019-03-13,1.0,0.0,0.0,1.0
BTCUSDT,2019-03-14,1.0,0.0,0.0,1.0
BTCUSDT,2019-03-15,1.0,0.0,0.0,1.0
BTCUSDT,2019-03-16,1.0,0.0,0.0,1.0
BTCUSDT,2019-03-17,1.0,0.0,0.0,1.0
BTCUSDT,2019-03-18,1.0,0.0,0.0,1.0
BTCUSDT,2019-03-19,1.0,0.0,0.0,1.0
BTCUSDT,2019-03-20,1.0,0.0,0.0,1.0
BTCUSDT,2019-03-21,1.0,0.0,0.0,1.0
BTCUSDT,2019-03-22,1.0,0.0,0.0,1.0
BTCUSDT,2019-03-23,0.0,0.9991,0.0009,0.0
BTCUSDT,2019-03-24,0.0,0.9999,0.0001,0.0
BTCUSDT,2019-03-25,0.0,0.9999,0.0001,0.0
BTCUSDT,2019-03-26,0.0,0.9997,0.0003,0.0
BTCUSDT,2019-03-27,0.0,0.9971,0.0029,0.0
BTCUSDT,2019-03-28,1.0,0.0,0.0,1.0
BTCUSDT,2019-03-29,1.0,0.0,0.0,1.0
BTCUSDT,2019-03-30,1.0,0.0,0.0,1.0
BTCUSDT,2019-03-31,1.0,0.0,0.0,1.0
BTCUSDT,2019-04-01,1.0,0.0,0.0,1.0
BTCUSDT,2019-04-02,1.0,0.0,0.0,1.0
BTCUSDT,2019-04-03,1.0,0.0,0.0,1.0
BTCUSDT,2019-04-04,1.0,0.0,0.0,1.0
BTCUSDT,2019-04-05,1.0,0.0,0.0,1.0
BTCUSDT,2019-04-06,1.0,0.0,0.0,1.0
BTCUSDT,2019-04-07,1.0,0.0,0.0,1.0
BTCUSDT,2019-04-08,1.0,0.0,0.0,1.0
BTCUSDT,2019-04-09,1.0,0.0,0.0,1.0
BTCUSDT,2019-04-10,1.0,0.0,0.0,1.0
BTCUSDT,2019-04-11,1.0,0.0,0.0,1.0
BTCUSDT,2019-04-12,1.0,0.0,0.0,1.0
BTCUSDT,2019-04-13,1.0,0.0,0.0,1.0
BTCUSDT,2019-04-14,0.0,0.0006,0.9994,0.0
BTCUSDT,2019-04-15,0.0,0.0005,0.9995,0.0
BTCUSDT,2019-04-16,1.0,0.0,0.0,1.0
BTCUSDT,2019-04-17,0.0,0.0166,0.9834,0.0
BTCUSDT,2019-04-18,1.0,0.0,0.0,1.0
BTCUSDT,2019-04-19,1.0,0.0,0.0,1.0
BTCUSDT,2019-04-20,1.0,0.0,0.0,1.0
BTCUSDT,2019-04-21,1.0,0.0,0.0,1.0
BTCUSDT,2019-04-22,1.0,0.0,0.0,1.0
BTCUSDT,2019-04-23,1.0,0.0,0.0,1.0
BTCUSDT,2019-04-24,1.0,0.0,0.0,1.0
BTCUSDT,2019-04-25,0.0,0.9991,0.0009,0.0
BTCUSDT,2019-04-26,0.0,0.9999,0.0001,0.0
BTCUSDT,2019-04-27,0.0,0.9999,0.0001,0.0
BTCUSDT,2019-04-28,0.0,0.9999,0.0001,0.0
BTCUSDT,2019-04-29,0.0,1.0,0.0,0.0
BTCUSDT,2019-04-30,0.0,0.9998,0.0002,0.0
BTCUSDT,2019-05-01,0.0,0.9983,0.0017,0.0
BTCUSDT,2019-05-02,1.0,0.0,0.0,1.0
BTCUSDT,2019-05-03,1.0,0.0,0.0,1.0
BTCUSDT,2019-05-04,1.0,0.0,0.0,1.0
BTCUSDT,2019-05-05,1.0,0.0,0.0,1.0
BTCUSDT,2019-05-06,1.0,0.0,0.0,1.0
BTCUSDT,2019-05-07,1.0,0.0,0.0,1.0
BTCUSDT,2019-05-08,1.0,0.0,0.0,1.0
BTCUSDT,2019-05-09,1.0,0.0,0.0,1.0
BTCUSDT,2019-05-10,1.0,0.0,0.0,1.0
BTCUSDT,2019-05-11,1.0,0.0,0.0,1.0
BTCUSDT,2019-05-12,1.0,0.0,0.0,1.0
BTCUSDT,2019-05-13,1.0,0.0,0.0,1.0
BTCUSDT,2019-05-14,1.0,0.0,0.0,1.0
BTCUSDT,2019-05-15,1.0,0.0,0.0,1.0
BTCUSDT,2019-05-16,1.0,0.0,0.0,1.0
BTCUSDT,2019-05-17,1.0,0.0,0.0,1.0
BTCUSDT,2019-05-18,1.0,0.0,0.0,1.0
BTCUSDT,2019-05-19,1.0,0.0,0.0,1.0
BTCUSDT,2019-05-20,1.0,0.0,0.0,1.0
BTCUSDT,2019-05-21,0.0,0.0,1.0,0.0
BTCUSDT,2019-05-22,0.0,0.0,1.0,0.0
BTCUSDT,2019-05-23,0.0,0.0,1.0,0.0
BTCUSDT,2019-05-24,1.0,0.0,0.0,1.0
BTCUSDT,2019-05-25,1.0,0.0,0.0,1.0
BTCUSDT,2019-05-26,1.0,0.0,0.0,1.0
BTCUSDT,2019-05-27,1.0,0.0,0.0,1.0
BTCUSDT,2019-05-28,1.0,0.0,0.0,1.0
BTCUSDT,2019-05-29,1.0,0.0,0.0,1.0
BTCUSDT,2019-05-30,1.0,0.0,0.0,1.0
BTCUSDT,2019-05-31,1.0,0.0,0.0,1.0
BTCUSDT,2019-06-01,1.0,0.0,0.0,1.0
BTCUSDT,2019-06-02,1.0,0.0,0.0,1.0
BTCUSDT,2019-06-03,0.0,0.0,1.0,0.0
BTCUSDT,2019-06-04,0.0,0.0,1.0,0.0
BTCUSDT,2019-06-05,0.0,0.0,1.0,0.0
BTCUSDT,2019-06-06,0.0,0.0,1.0,0.0
BTCUSDT,2019-06-07,0.0,0.0,1.0,0.0
BTCUSDT,2019-06-08,0.0,0.0,1.0,0.0
BTCUSDT,2019-06-09,0.0,0.0,1.0,0.0
BTCUSDT,2019-06-10,0.0,0.0138,0.9862,0.0
BTCUSDT,2019-06-11,1.0,0.0,0.0,1.0
BTCUSDT,2019-06-12,1.0,0.0,0.0,1.0
BTCUSDT,2019-06-13,1.0,0.0,0.0,1.0
BTCUSDT,2019-06-14,1.0,0.0,0.0,1.0
BTCUSDT,2019-06-15,1.0,0.0,0.0,1.0
BTCUSDT,2019-06-16,1.0,0.0,0.0,1.0
BTCUSDT,2019-06-17,1.0,0.0,0.0,1.0
BTCUSDT,2019-06-18,1.0,0.0,0.0,1.0
BTCUSDT,2019-06-19,1.0,0.0,0.0,1.0
BTCUSDT,2019-06-20,1.0,0.0,0.0,1.0
BTCUSDT,2019-06-21,1.0,0.0,0.0,1.0
BTCUSDT,2019-06-22,1.0,0.0,0.0,1.0
BTCUSDT,2019-06-23,1.0,0.0,0.0,1.0
BTCUSDT,2019-06-24,1.0,0.0,0.0,1.0
BTCUSDT,2019-06-25,1.0,0.0,0.0,1.0
BTCUSDT,2019-06-26,1.0,0.0,0.0,1.0
BTCUSDT,2019-06-27,1.0,0.0,0.0,1.0
BTCUSDT,2019-06-28,1.0,0.0,0.0,1.0
BTCUSDT,2019-06-29,1.0,0.0,0.0,1.0
BTCUSDT,2019-06-30,0.0,0.0,1.0,0.0
BTCUSDT,2019-07-01,0.0,0.0,1.0,0.0
BTCUSDT,2019-07-02,0.0,0.0,1.0,0.0
BTCUSDT,2019-07-03,0.0,0.0,1.0,0.0
BTCUSDT,2019-07-04,0.9999,0.0,0.0001,0.9999
BTCUSDT,2019-07-05,0.0,0.0,1.0,0.0
BTCUSDT,2019-07-06,0.0,0.0,1.0,0.0
BTCUSDT,2019-07-07,1.0,0.0,0.0,1.0
BTCUSDT,2019-07-08,1.0,0.0,0.0,1.0
BTCUSDT,2019-07-09,1.0,0.0,0.0,1.0
BTCUSDT,2019-07-10,1.0,0.0,0.0,1.0
BTCUSDT,2019-07-11,1.0,0.0,0.0,1.0
BTCUSDT,2019-07-12,1.0,0.0,0.0,1.0
BTCUSDT,2019-07-13,1.0,0.0,0.0,1.0
BTCUSDT,2019-07-14,0.0,0.0,1.0,0.0
BTCUSDT,2019-07-15,0.0,0.0,1.0,0.0
BTCUSDT,2019-07-16,0.0,0.0,1.0,0.0
BTCUSDT,2019-07-17,0.0,0.0,1.0,0.0
BTCUSDT,2019-07-18,0.0,0.0,1.0,0.0
BTCUSDT,2019-07-19,0.0,0.0,1.0,0.0
BTCUSDT,2019-07-20,0.0,0.0,1.0,0.0
BTCUSDT,2019-07-21,1.0,0.0,0.0,1.0
BTCUSDT,2019-07-22,0.0,0.0,1.0,0.0
BTCUSDT,2019-07-23,1.0,0.0,0.0,1.0
BTCUSDT,2019-07-24,1.0,0.0,0.0,1.0
BTCUSDT,2019-07-25,0.0,0.0,1.0,0.0
BTCUSDT,2019-07-26,0.0,0.0,1.0,0.0
BTCUSDT,2019-07-27,0.0,0.0,1.0,0.0
BTCUSDT,2019-07-28,0.0,0.0,1.0,0.0
BTCUSDT,2019-07-29,0.0,0.0,1.0,0.0
BTCUSDT,2019-07-30,0.0,0.0,1.0,0.0
BTCUSDT,2019-07-31,1.0,0.0,0.0,1.0
BTCUSDT,2019-08-01,1.0,0.0,0.0,1.0
BTCUSDT,2019-08-02,1.0,0.0,0.0,1.0
BTCUSDT,2019-08-03,1.0,0.0,0.0,1.0
BTCUSDT,2019-08-04,1.0,0.0,0.0,1.0
BTCUSDT,2019-08-05,1.0,0.0,0.0,1.0
BTCUSDT,2019-08-06,1.0,0.0,0.0,1.0
BTCUSDT,2019-08-07,1.0,0.0,0.0,1.0
BTCUSDT,2019-08-08,1.0,0.0,0.0,1.0
BTCUSDT,2019-08-09,1.0,0.0,0.0,1.0
BTCUSDT,2019-08-10,1.0,0.0,0.0,1.0
BTCUSDT,2019-08-11,1.0,0.0,0.0,1.0
BTCUSDT,2019-08-12,0.0,0.2144,0.7856,0.0
BTCUSDT,2019-08-13,0.0,0.1234,0.8766,0.0
BTCUSDT,2019-08-14,0.0,0.0,1.0,0.0
BTCUSDT,2019-08-15,0.0,0.0,1.0,0.0
BTCUSDT,2019-08-16,0.0,0.0,1.0,0.0
BTCUSDT,2019-08-17,0.0,0.0,1.0,0.0
BTCUSDT,2019-08-18,0.0,0.0,1.0,0.0
BTCUSDT,2019-08-19,0.0,0.0007,0.9993,0.0
BTCUSDT,2019-08-20,0.0,0.0037,0.9963,0.0
BTCUSDT,2019-08-21,1.0,0.0,0.0,1.0
BTCUSDT,2019-08-22,0.0,0.1903,0.8097,0.0
BTCUSDT,2019-08-23,1.0,0.0,0.0,1.0
BTCUSDT,2019-08-24,0.0,0.0058,0.9942,0.0
BTCUSDT,2019-08-25,0.0,0.0019,0.9981,0.0
BTCUSDT,2019-08-26,0.0,0.0023,0.9977,0.0
BTCUSDT,2019-08-27,0.0,0.0028,0.9972,0.0
BTCUSDT,2019-08-28,0.0,0.0038,0.9962,0.0
BTCUSDT,2019-08-29,0.0,0.0026,0.9974,0.0
BTCUSDT,2019-08-30,0.0,0.0023,0.9977,0.0
BTCUSDT,2019-08-31,0.0,0.0116,0.9884,0.0
BTCUSDT,2019-09-01,0.0,0.0203,0.9797,0.0
BTCUSDT,2019-09-02,0.0,0.0231,0.9769,0.0
BTCUSDT,2019-09-03,1.0,0.0,0.0,1.0
BTCUSDT,2019-09-04,1.0,0.0,0.0,1.0
BTCUSDT,2019-09-05,1.0,0.0,0.0,1.0
BTCUSDT,2019-09-06,1.0,0.0,0.0,1.0
BTCUSDT,2019-09-07,1.0,0.0,0.0,1.0
BTCUSDT,2019-09-08,1.0,0.0,0.0,1.0
BTCUSDT,2019-09-09,0.0,0.9965,0.0035,0.0
BTCUSDT,2019-09-10,0.0,0.9991,0.0009,0.0
BTCUSDT,2019-09-11,0.0,0.9995,0.0005,0.0
BTCUSDT,2019-09-12,0.0,0.9975,0.0025,0.0
BTCUSDT,2019-09-13,1.0,0.0,0.0,1.0
BTCUSDT,2019-09-14,0.0,0.999,0.001,0.0
BTCUSDT,2019-09-15,0.0,0.9996,0.0004,0.0
BTCUSDT,2019-09-16,0.0,0.9975,0.0025,0.0
BTCUSDT,2019-09-17,1.0,0.0,0.0,1.0
BTCUSDT,2019-09-18,1.0,0.0,0.0,1.0
BTCUSDT,2019-09-19,0.0,0.9995,0.0005,0.0
BTCUSDT,2019-09-20,0.0,0.9999,0.0001,0.0
BTCUSDT,2019-09-21,0.0,0.9998,0.0002,0.0
BTCUSDT,2019-09-22,0.0,0.9957,0.0043,0.0
BTCUSDT,2019-09-23,0.0,0.8907,0.1093,0.0
BTCUSDT,2019-09-24,0.0,0.0,1.0,0.0
BTCUSDT,2019-09-25,0.0,0.0,1.0,0.0
BTCUSDT,2019-09-26,0.0,0.0,1.0,0.0
BTCUSDT,2019-09-27,0.0,0.0,1.0,0.0
BTCUSDT,2019-09-28,0.0,0.0,1.0,0.0
BTCUSDT,2019-09-29,0.0,0.0,1.0,0.0
BTCUSDT,2019-09-30,0.0,0.0,1.0,0.0
BTCUSDT,2019-10-01,0.0,0.1799,0.8201,0.0
BTCUSDT,2019-10-02,0.0,0.2274,0.7726,0.0
BTCUSDT,2019-10-03,1.0,0.0,0.0,1.0
BTCUSDT,2019-10-04,0.0,0.9926,0.0074,0.0
BTCUSDT,2019-10-05,0.0,0.996,0.004,0.0
BTCUSDT,2019-10-06,0.0,0.9956,0.0044,0.0
BTCUSDT,2019-10-07,0.0,0.99,0.01,0.0
BTCUSDT,2019-10-08,0.0,0.9796,0.0204,0.0
BTCUSDT,2019-10-09,1.0,0.0,0.0,1.0
BTCUSDT,2019-10-10,1.0,0.0,0.0,1.0
BTCUSDT,2019-10-11,1.0,0.0,0.0,1.0
BTCUSDT,2019-10-12,1.0,0.0,0.0,1.0
BTCUSDT,2019-10-13,1.0,0.0,0.0,1.0
BTCUSDT,2019-10-14,1.0,0.0,0.0,1.0
BTCUSDT,2019-10-15,0.0,0.9988,0.0012,0.0
BTCUSDT,2019-10-16,0.0,0.9995,0.0005,0.0
BTCUSDT,2019-10-17,0.0,0.9999,0.0001,0.0
BTCUSDT,2019-10-18,0.0,1.0,0.0,0.0
BTCUSDT,2019-10-19,0.0,1.0,0.0,0.0
BTCUSDT,2019-10-20,0.0,1.0,0.0,0.0
BTCUSDT,2019-10-21,0.0,0.9999,0.0001,0.0
BTCUSDT,2019-10-22,0.0,0.9993,0.0007,0.0
BTCUSDT,2019-10-23,0.0,0.9837,0.0163,0.0
BTCUSDT,2019-10-24,0.0,0.9522,0.0478,0.0
BTCUSDT,2019-10-25,1.0,0.0,0.0,1.0
BTCUSDT,2019-10-26,1.0,0.0,0.0,1.0
BTCUSDT,2019-10-27,1.0,0.0,0.0,1.0
BTCUSDT,2019-10-28,1.0,0.0,0.0,1.0
BTCUSDT,2019-10-29,1.0,0.0,0.0,1.0
BTCUSDT,2019-10-30,1.0,0.0,0.0,1.0
BTCUSDT,2019-10-31,1.0,0.0,0.0,1.0
BTCUSDT,2019-11-01,1.0,0.0,0.0,1.0
BTCUSDT,2019-11-02,1.0,0.0,0.0,1.0
BTCUSDT,2019-11-03,0.0,0.0039,0.9961,0.0
BTCUSDT,2019-11-04,1.0,0.0,0.0,1.0
BTCUSDT,2019-11-05,0.0,0.0026,0.9974,0.0
BTCUSDT,2019-11-06,1.0,0.0,0.0,1.0
BTCUSDT,2019-11-07,1.0,0.0,0.0,1.0
BTCUSDT,2019-11-08,0.0,0.0,1.0,0.0
BTCUSDT,2019-11-09,0.0,0.0,1.0,0.0
BTCUSDT,2019-11-10,0.0,0.0,1.0,0.0
BTCUSDT,2019-11-11,0.0,0.0,1.0,0.0
BTCUSDT,2019-11-12,0.0,0.0,1.0,0.0
BTCUSDT,2019-11-13,0.0,0.0,1.0,0.0
BTCUSDT,2019-11-14,0.0,0.0023,0.9977,0.0
BTCUSDT,2019-11-15,0.0,0.8685,0.1315,0.0
BTCUSDT,2019-11-16,0.0,0.9753,0.0247,0.0
BTCUSDT,2019-11-17,0.0,0.9781,0.0219,0.0
BTCUSDT,2019-11-18,0.0,0.9568,0.0432,0.0
BTCUSDT,2019-11-19,0.0,0.7254,0.2746,0.0
BTCUSDT,2019-11-20,0.0,0.138,0.862,0.0
BTCUSDT,2019-11-21,0.0,0.0001,0.9999,0.0
BTCUSDT,2019-11-22,0.0,0.0,1.0,0.0
BTCUSDT,2019-11-23,0.0,0.0,1.0,0.0
BTCUSDT,2019-11-24,0.0,0.0,1.0,0.0
BTCUSDT,2019-11-25,0.0,0.0,1.0,0.0
BTCUSDT,2019-11-26,0.0,0.0002,0.9998,0.0
BTCUSDT,2019-11-27,0.0,0.234,0.766,0.0
BTCUSDT,2019-11-28,0.0,0.3507,0.6493,0.0
BTCUSDT,2019-11-29,1.0,0.0,0.0,1.0
BTCUSDT,2019-11-30,1.0,0.0,0.0,1.0
BTCUSDT,2019-12-01,1.0,0.0,0.0,1.0
BTCUSDT,2019-12-02,1.0,0.0,0.0,1.0
BTCUSDT,2019-12-03,1.0,0.0,0.0,1.0
BTCUSDT,2019-12-04,0.0,0.9979,0.0021,0.0
BTCUSDT,2019-12-05,0.0,0.9989,0.0011,0.0
BTCUSDT,2019-12-06,0.0,0.9984,0.0016,0.0
BTCUSDT,2019-12-07,0.0,0.9921,0.0079,0.0
BTCUSDT,2019-12-08,1.0,0.0,0.0,1.0
BTCUSDT,2019-12-09,1.0,0.0,0.0,1.0
BTCUSDT,2019-12-10,0.0,0.9975,0.0025,0.0
BTCUSDT,2019-12-11,0.0,0.9995,0.0005,0.0
BTCUSDT,2019-12-12,0.0,0.9999,0.0001,0.0
BTCUSDT,2019-12-13,0.0,0.9999,0.0001,0.0
BTCUSDT,2019-12-14,0.0,0.9993,0.0007,0.0
BTCUSDT,2019-12-15,0.0,0.9964,0.0036,0.0
BTCUSDT,2019-12-16,0.0,0.9712,0.0288,0.0
BTCUSDT,2019-12-17,0.0,0.8671,0.1329,0.0
BTCUSDT,2019-12-18,1.0,0.0,0.0,1.0
BTCUSDT,2019-12-19,0.0,0.9345,0.0655,0.0
BTCUSDT,2019-12-20,0.0,0.9328,0.0672,0.0
BTCUSDT,2019-12-21,1.0,0.0,0.0,1.0
BTCUSDT,2019-12-22,1.0,0.0,0.0,1.0
BTCUSDT,2019-12-23,1.0,0.0,0.0,1.0
BTCUSDT,2019-12-24,1.0,0.0,0.0,1.0
BTCUSDT,2019-12-25,0.0,0.7689,0.2311,0.0
BTCUSDT,2019-12-26,1.0,0.0,0.0,1.0
BTCUSDT,2019-12-27,1.0,0.0,0.0,1.0
BTCUSDT,2019-12-28,1.0,0.0,0.0,1.0
BTCUSDT,2019-12-29,0.0,0.9948,0.0052,0.0
BTCUSDT,2019-12-30,0.0,0.9977,0.0023,0.0
BTCUSDT,2019-12-31,0.0,0.9983,0.0017,0.0
BTCUSDT,2020-01-01,0.0,0.9965,0.0035,0.0
BTCUSDT,2020-01-02,0.0,0.9893,0.0107,0.0
BTCUSDT,2020-01-03,1.0,0.0,0.0,1.0
BTCUSDT,2020-01-04,1.0,0.0,0.0,1.0
BTCUSDT,2020-01-05,0.0,0.6548,0.3452,0.0
BTCUSDT,2020-01-06,1.0,0.0,0.0,1.0
BTCUSDT,2020-01-07,1.0,0.0,0.0,1.0
BTCUSDT,2020-01-08,1.0,0.0,0.0,1.0
BTCUSDT,2020-01-09,1.0,0.0,0.0,1.0
BTCUSDT,2020-01-10,1.0,0.0,0.0,1.0
BTCUSDT,2020-01-11,1.0,0.0,0.0,1.0
BTCUSDT,2020-01-12,1.0,0.0,0.0,1.0
BTCUSDT,2020-01-13,1.0,0.0,0.0,1.0
BTCUSDT,2020-01-14,1.0,0.0,0.0,1.0
BTCUSDT,2020-01-15,1.0,0.0,0.0,1.0
BTCUSDT,2020-01-16,1.0,0.0,0.0,1.0
BTCUSDT,2020-01-17,1.0,0.0,0.0,1.0
BTCUSDT,2020-01-18,1.0,0.0,0.0,1.0
BTCUSDT,2020-01-19,1.0,0.0,0.0,1.0
BTCUSDT,2020-01-20,1.0,0.0,0.0,1.0
BTCUSDT,2020-01-21,0.0,0.98,0.02,0.0
BTCUSDT,2020-01-22,0.0,0.9843,0.0157,0.0
BTCUSDT,2020-01-23,0.0,0.9842,0.0158,0.0
BTCUSDT,2020-01-24,0.0,0.9794,0.0206,0.0
BTCUSDT,2020-01-25,0.0,0.9692,0.0308,0.0
BTCUSDT,2020-01-26,0.0,0.9619,0.0381,0.0
BTCUSDT,2020-01-27,1.0,0.0,0.0,1.0
BTCUSDT,2020-01-28,1.0,0.0,0.0,1.0
BTCUSDT,2020-01-29,1.0,0.0,0.0,1.0
BTCUSDT,2020-01-30,1.0,0.0,0.0,1.0
BTCUSDT,2020-01-31,1.0,0.0,0.0,1.0
BTCUSDT,2020-02-01,1.0,0.0,0.0,1.0
BTCUSDT,2020-02-02,1.0,0.0,0.0,1.0
BTCUSDT,2020-02-03,1.0,0.0,0.0,1.0
BTCUSDT,2020-02-04,0.0,0.9756,0.0244,0.0
BTCUSDT,2020-02-05,1.0,0.0,0.0,1.0
BTCUSDT,2020-02-06,1.0,0.0,0.0,1.0
BTCUSDT,2020-02-07,1.0,0.0,0.0,1.0
BTCUSDT,2020-02-08,1.0,0.0,0.0,1.0
BTCUSDT,2020-02-09,1.0,0.0,0.0,1.0
BTCUSDT,2020-02-10,1.0,0.0,0.0,1.0
BTCUSDT,2020-02-11,1.0,0.0,0.0,1.0
BTCUSDT,2020-02-12,1.0,0.0,0.0,1.0
BTCUSDT,2020-02-13,1.0,0.0,0.0,1.0
BTCUSDT,2020-02-14,1.0,0.0,0.0,1.0
BTCUSDT,2020-02-15,1.0,0.0,0.0,1.0
BTCUSDT,2020-02-16,0.0,0.9991,0.0009,0.0
BTCUSDT,2020-02-17,0.0,0.9999,0.0001,0.0
BTCUSDT,2020-02-18,0.0,0.9998,0.0002,0.0
BTCUSDT,2020-02-19,0.0,0.999,0.001,0.0
BTCUSDT,2020-02-20,0.0,0.9988,0.0012,0.0
BTCUSDT,2020-02-21,0.0,0.998,0.002,0.0
BTCUSDT,2020-02-22,0.0,0.9957,0.0043,0.0
BTCUSDT,2020-02-23,0.0,0.968,0.032,0.0
BTCUSDT,2020-02-24,0.0,0.8331,0.1669,0.0
BTCUSDT,2020-02-25,0.0,0.2086,0.7914,0.0
BTCUSDT,2020-02-26,0.0,0.0267,0.9733,0.0
BTCUSDT,2020-02-27,0.0,0.0029,0.9971,0.0
BTCUSDT,2020-02-28,0.0,0.0,1.0,0.0
BTCUSDT,2020-02-29,0.0,0.0,1.0,0.0
BTCUSDT,2020-03-01,0.0,0.0,1.0,0.0
BTCUSDT,2020-03-02,0.0,0.0453,0.9547,0.0
BTCUSDT,2020-03-03,0.0,0.2619,0.7381,0.0
BTCUSDT,2020-03-04,0.0,0.3504,0.6496,0.0
BTCUSDT,2020-03-05,1.0,0.0,0.0,1.0
BTCUSDT,2020-03-06,1.0,0.0,0.0,1.0
BTCUSDT,2020-03-07,1.0,0.0,0.0,1.0
BTCUSDT,2020-03-08,0.0,0.0283,0.9717,0.0
BTCUSDT,2020-03-09,0.0,0.0,1.0,0.0
BTCUSDT,2020-03-10,0.0,0.0,1.0,0.0
BTCUSDT,2020-03-11,0.0,0.0,1.0,0.0
BTCUSDT,2020-03-12,0.0,0.0,1.0,0.0
BTCUSDT,2020-03-13,0.0,0.0,1.0,0.0
BTCUSDT,2020-03-14,0.0,0.0,1.0,0.0
BTCUSDT,2020-03-15,0.0,0.0,1.0,0.0
BTCUSDT,2020-03-16,0.0,0.0,1.0,0.0
BTCUSDT,2020-03-17,0.0,0.0,1.0,0.0
BTCUSDT,2020-03-18,0.0,0.0,1.0,0.0
BTCUSDT,2020-03-19,1.0,0.0,0.0,1.0
BTCUSDT,2020-03-20,1.0,0.0,0.0,1.0
BTCUSDT,2020-03-21,1.0,0.0,0.0,1.0
BTCUSDT,2020-03-22,1.0,0.0,0.0,1.0
BTCUSDT,2020-03-23,1.0,0.0,0.0,1.0
BTCUSDT,2020-03-24,1.0,0.0,0.0,1.0
BTCUSDT,2020-03-25,1.0,0.0,0.0,1.0
BTCUSDT,2020-03-26,1.0,0.0,0.0,1.0
BTCUSDT,2020-03-27,1.0,0.0,0.0,1.0
BTCUSDT,2020-03-28,1.0,0.0,0.0,1.0
BTCUSDT,2020-03-29,1.0,0.0,0.0,1.0
BTCUSDT,2020-03-30,1.0,0.0,0.0,1.0
BTCUSDT,2020-03-31,0.0,0.0,1.0,0.0
BTCUSDT,2020-04-01,0.0,0.0,1.0,0.0
BTCUSDT,2020-04-02,1.0,0.0,0.0,1.0
BTCUSDT,2020-04-03,1.0,0.0,0.0,1.0
BTCUSDT,2020-04-04,1.0,0.0,0.0,1.0
BTCUSDT,2020-04-05,1.0,0.0,0.0,1.0
BTCUSDT,2020-04-06,1.0,0.0,0.0,1.0
BTCUSDT,2020-04-07,1.0,0.0,0.0,1.0
BTCUSDT,2020-04-08,1.0,0.0,0.0,1.0
BTCUSDT,2020-04-09,1.0,0.0,0.0,1.0
BTCUSDT,2020-04-10,1.0,0.0,0.0,1.0
BTCUSDT,2020-04-11,0.0,0.0011,0.9989,0.0
BTCUSDT,2020-04-12,1.0,0.0,0.0,1.0
BTCUSDT,2020-04-13,0.0,0.0042,0.9958,0.0
BTCUSDT,2020-04-14,0.0,0.001,0.999,0.0
BTCUSDT,2020-04-15,0.0,0.0,1.0,0.0
BTCUSDT,2020-04-16,0.0,0.0011,0.9989,0.0
BTCUSDT,2020-04-17,1.0,0.0,0.0,1.0
BTCUSDT,2020-04-18,1.0,0.0,0.0,1.0
BTCUSDT,2020-04-19,1.0,0.0,0.0,1.0
BTCUSDT,2020-04-20,1.0,0.0,0.0,1.0
BTCUSDT,2020-04-21,1.0,0.0,0.0,1.0
BTCUSDT,2020-04-22,1.0,0.0,0.0,1.0
BTCUSDT,2020-04-23,1.0,0.0,0.0,1.0
BTCUSDT,2020-04-24,1.0,0.0,0.0,1.0
BTCUSDT,2020-04-25,1.0,0.0,0.0,1.0
BTCUSDT,2020-04-26,1.0,0.0,0.0,1.0
BTCUSDT,2020-04-27,1.0,0.0,0.0,1.0
BTCUSDT,2020-04-28,1.0,0.0,0.0,1.0
BTCUSDT,2020-04-29,1.0,0.0,0.0,1.0
BTCUSDT,2020-04-30,1.0,0.0,0.0,1.0
BTCUSDT,2020-05-01,1.0,0.0,0.0,1.0
BTCUSDT,2020-05-02,1.0,0.0,0.0,1.0
BTCUSDT,2020-05-03,1.0,0.0,0.0,1.0
BTCUSDT,2020-05-04,1.0,0.0,0.0,1.0
BTCUSDT,2020-05-05,1.0,0.0,0.0,1.0
BTCUSDT,2020-05-06,1.0,0.0,0.0,1.0
BTCUSDT,2020-05-07,1.0,0.0,0.0,1.0
BTCUSDT,2020-05-08,1.0,0.0,0.0,1.0
BTCUSDT,2020-05-09,1.0,0.0,0.0,1.0
BTCUSDT,2020-05-10,0.0,0.0003,0.9997,0.0
BTCUSDT,2020-05-11,0.0,0.0,1.0,0.0
BTCUSDT,2020-05-12,0.0,0.0003,0.9997,0.0
BTCUSDT,2020-05-13,1.0,0.0,0.0,1.0
BTCUSDT,2020-05-14,0.0,0.0004,0.9996,0.0
BTCUSDT,2020-05-15,0.0,0.0,1.0,0.0
BTCUSDT,2020-05-16,0.0,0.0001,0.9999,0.0
BTCUSDT,2020-05-17,1.0,0.0,0.0,1.0
BTCUSDT,2020-05-18,1.0,0.0,0.0,1.0
BTCUSDT,2020-05-19,1.0,0.0,0.0,1.0
BTCUSDT,2020-05-20,1.0,0.0,0.0,1.0
BTCUSDT,2020-05-21,0.0,0.002,0.998,0.0
BTCUSDT,2020-05-22,0.0,0.0004,0.9996,0.0
BTCUSDT,2020-05-23,0.0,0.0002,0.9998,0.0
BTCUSDT,2020-05-24,0.0,0.0,1.0,0.0
BTCUSDT,2020-05-25,0.0,0.0,1.0,0.0
BTCUSDT,2020-05-26,0.0,0.0,1.0,0.0
BTCUSDT,2020-05-27,0.0,0.0015,0.9985,0.0
BTCUSDT,2020-05-28,1.0,0.0,0.0,1.0
BTCUSDT,2020-05-29,1.0,0.0,0.0,1.0
BTCUSDT,2020-05-30,1.0,0.0,0.0,1.0
BTCUSDT,2020-05-31,1.0,0.0,0.0,1.0
BTCUSDT,2020-06-01,1.0,0.0,0.0,1.0
BTCUSDT,2020-06-02,1.0,0.0,0.0,1.0
BTCUSDT,2020-06-03,1.0,0.0,0.0,1.0
BTCUSDT,2020-06-04,1.0,0.0,0.0,1.0
BTCUSDT,2020-06-05,1.0,0.0,0.0,1.0
BTCUSDT,2020-06-06,0.0,0.5736,0.4264,0.0
BTCUSDT,2020-06-07,1.0,0.0,0.0,1.0
BTCUSDT,2020-06-08,0.0,0.7248,0.2752,0.0
BTCUSDT,2020-06-09,1.0,0.0,0.0,1.0
BTCUSDT,2020-06-10,1.0,0.0,0.0,1.0
BTCUSDT,2020-06-11,0.0,0.9562,0.0438,0.0
BTCUSDT,2020-06-12,0.0,0.9682,0.0318,0.0
BTCUSDT,2020-06-13,0.0,0.9778,0.0222,0.0
BTCUSDT,2020-06-14,0.0,0.9858,0.0142,0.0
BTCUSDT,2020-06-15,0.0,0.9885,0.0115,0.0
BTCUSDT,2020-06-16,0.0,0.987,0.013,0.0
BTCUSDT,2020-06-17,0.0,0.9793,0.0207,0.0
BTCUSDT,2020-06-18,1.0,0.0,0.0,1.0
BTCUSDT,2020-06-19,0.0,0.9937,0.0063,0.0
BTCUSDT,2020-06-20,0.0,0.9951,0.0049,0.0
BTCUSDT,2020-06-21,0.0,0.9904,0.0096,0.0
BTCUSDT,2020-06-22,1.0,0.0,0.0,1.0
BTCUSDT,2020-06-23,1.0,0.0,0.0,1.0
BTCUSDT,2020-06-24,0.0,0.9995,0.0005,0.0
BTCUSDT,2020-06-25,0.0,1.0,0.0,0.0
BTCUSDT,2020-06-26,0.0,1.0,0.0,0.0
BTCUSDT,2020-06-27,0.0,1.0,0.0,0.0
BTCUSDT,2020-06-28,0.0,1.0,0.0,0.0
BTCUSDT,2020-06-29,0.0,0.9999,0.0001,0.0
BTCUSDT,2020-06-30,0.0,0.9999,0.0001,0.0
BTCUSDT,2020-07-01,0.0,1.0,0.0,0.0
BTCUSDT,2020-07-02,0.0,0.9999,0.0001,0.0
BTCUSDT,2020-07-03,0.0,0.9985,0.0015,0.0
BTCUSDT,2020-07-04,1.0,0.0,0.0,1.0
BTCUSDT,2020-07-05,0.0,0.9722,0.0278,0.0
BTCUSDT,2020-07-06,1.0,0.0,0.0,1.0
BTCUSDT,2020-07-07,1.0,0.0,0.0,1.0
BTCUSDT,2020-07-08,1.0,0.0,0.0,1.0
BTCUSDT,2020-07-09,1.0,0.0,0.0,1.0
BTCUSDT,2020-07-10,1.0,0.0,0.0,1.0
BTCUSDT,2020-07-11,1.0,0.0,0.0,1.0
BTCUSDT,2020-07-12,1.0,0.0,0.0,1.0
BTCUSDT,2020-07-13,0.0,0.9994,0.0006,0.0
BTCUSDT,2020-07-14,0.0,0.9999,0.0001,0.0
BTCUSDT,2020-07-15,0.0,1.0,0.0,0.0
BTCUSDT,2020-07-16,0.0,1.0,0.0,0.0
BTCUSDT,2020-07-17,0.0,1.0,0.0,0.0
BTCUSDT,2020-07-18,0.0,0.9999,0.0001,0.0
BTCUSDT,2020-07-19,0.0,0.9998,0.0002,0.0
BTCUSDT,2020-07-20,0.0,0.998,0.002,0.0
BTCUSDT,2020-07-21,1.0,0.0,0.0,1.0
BTCUSDT,2020-07-22,1.0,0.0,0.0,1.0
BTCUSDT,2020-07-23,1.0,0.0,0.0,1.0
BTCUSDT,2020-07-24,1.0,0.0,0.0,1.0
BTCUSDT,2020-07-25,1.0,0.0,0.0,1.0
BTCUSDT,2020-07-26,1.0,0.0,0.0,1.0
BTCUSDT,2020-07-27,1.0,0.0,0.0,1.0
BTCUSDT,2020-07-28,1.0,0.0,0.0,1.0
BTCUSDT,2020-07-29,1.0,0.0,0.0,1.0
BTCUSDT,2020-07-30,1.0,0.0,0.0,1.0
BTCUSDT,2020-07-31,1.0,0.0,0.0,1.0
BTCUSDT,2020-08-01,1.0,0.0,0.0,1.0
BTCUSDT,2020-08-02,1.0,0.0,0.0,1.0
BTCUSDT,2020-08-03,1.0,0.0,0.0,1.0
BTCUSDT,2020-08-04,1.0,0.0,0.0,1.0
BTCUSDT,2020-08-05,1.0,0.0,0.0,1.0
BTCUSDT,2020-08-06,1.0,0.0,0.0,1.0
BTCUSDT,2020-08-07,1.0,0.0,0.0,1.0
BTCUSDT,2020-08-08,0.0,0.6075,0.3925,0.0
BTCUSDT,2020-08-09,1.0,0.0,0.0,1.0
BTCUSDT,2020-08-10,1.0,0.0,0.0,1.0
BTCUSDT,2020-08-11,1.0,0.0,0.0,1.0
BTCUSDT,2020-08-12,0.0,0.56,0.44,0.0
BTCUSDT,2020-08-13,1.0,0.0,0.0,1.0
BTCUSDT,2020-08-14,1.0,0.0,0.0,1.0
BTCUSDT,2020-08-15,1.0,0.0,0.0,1.0
BTCUSDT,2020-08-16,1.0,0.0,0.0,1.0
BTCUSDT,2020-08-17,1.0,0.0,0.0,1.0
BTCUSDT,2020-08-18,1.0,0.0,0.0,1.0
BTCUSDT,2020-08-19,1.0,0.0,0.0,1.0
BTCUSDT,2020-08-20,1.0,0.0,0.0,1.0
BTCUSDT,2020-08-21,0.0,0.9984,0.0016,0.0
BTCUSDT,2020-08-22,0.0,0.9998,0.0002,0.0
BTCUSDT,2020-08-23,0.0,1.0,0.0,0.0
BTCUSDT,2020-08-24,0.0,1.0,0.0,0.0
BTCUSDT,2020-08-25,0.0,0.9999,0.0001,0.0
BTCUSDT,2020-08-26,0.0,1.0,0.0,0.0
BTCUSDT,2020-08-27,0.0,0.9999,0.0001,0.0
BTCUSDT,2020-08-28,0.0,0.9999,0.0001,0.0
BTCUSDT,2020-08-29,0.0,0.9987,0.0013,0.0
BTCUSDT,2020-08-30,1.0,0.0,0.0,1.0
BTCUSDT,2020-08-31,0.0,0.9725,0.0275,0.0
BTCUSDT,2020-09-01,1.0,0.0,0.0,1.0
BTCUSDT,2020-09-02,0.0,0.4673,0.5327,0.0
BTCUSDT,2020-09-03,0.0,0.0093,0.9907,0.0
BTCUSDT,2020-09-04,0.0,0.0003,0.9997,0.0
BTCUSDT,2020-09-05,0.0,0.0,1.0,0.0
BTCUSDT,2020-09-06,0.0,0.0,1.0,0.0
BTCUSDT,2020-09-07,0.0,0.0,1.0,0.0
BTCUSDT,2020-09-08,0.0,0.0,1.0,0.0
BTCUSDT,2020-09-09,0.0,0.0001,0.9999,0.0
BTCUSDT,2020-09-10,1.0,0.0,0.0,1.0
BTCUSDT,2020-09-11,0.0,0.7897,0.2103,0.0
BTCUSDT,2020-09-12,1.0,0.0,0.0,1.0
BTCUSDT,2020-09-13,1.0,0.0,0.0,1.0
BTCUSDT,2020-09-14,1.0,0.0,0.0,1.0
BTCUSDT,2020-09-15,1.0,0.0,0.0,1.0
BTCUSDT,2020-09-16,1.0,0.0,0.0,1.0
BTCUSDT,2020-09-17,1.0,0.0,0.0,1.0
BTCUSDT,2020-09-18,1.0,0.0,0.0,1.0
BTCUSDT,2020-09-19,1.0,0.0,0.0,1.0
BTCUSDT,2020-09-20,1.0,0.0,0.0,1.0
BTCUSDT,2020-09-21,0.0,0.9828,0.0172,0.0
BTCUSDT,2020-09-22,0.0,0.9892,0.0108,0.0
BTCUSDT,2020-09-23,0.0,0.9917,0.0083,0.0
BTCUSDT,2020-09-24,0.0,0.9995,0.0005,0.0
BTCUSDT,2020-09-25,0.0,0.9999,0.0001,0.0
BTCUSDT,2020-09-26,0.0,0.9999,0.0001,0.0
BTCUSDT,2020-09-27,0.0,0.9986,0.0014,0.0
BTCUSDT,2020-09-28,1.0,0.0,0.0,1.0
BTCUSDT,2020-09-29,1.0,0.0,0.0,1.0
BTCUSDT,2020-09-30,1.0,0.0,0.0,1.0
BTCUSDT,2020-10-01,0.0,0.9994,0.0006,0.0
BTCUSDT,2020-10-02,0.0,0.9999,0.0001,0.0
BTCUSDT,2020-10-03,0.0,0.9999,0.0001,0.0
BTCUSDT,2020-10-04,0.0,0.9984,0.0016,0.0
BTCUSDT,2020-10-05,1.0,0.0,0.0,1.0
BTCUSDT,2020-10-06,0.0,0.9985,0.0015,0.0
BTCUSDT,2020-10-07,0.0,0.9977,0.0023,0.0
BTCUSDT,2020-10-08,1.0,0.0,0.0,1.0
BTCUSDT,2020-10-09,1.0,0.0,0.0,1.0
BTCUSDT,2020-10-10,1.0,0.0,0.0,1.0
BTCUSDT,2020-10-11,1.0,0.0,0.0,1.0
BTCUSDT,2020-10-12,1.0,0.0,0.0,1.0
BTCUSDT,2020-10-13,1.0,0.0,0.0,1.0
BTCUSDT,2020-10-14,1.0,0.0,0.0,1.0
BTCUSDT,2020-10-15,1.0,0.0,0.0,1.0
BTCUSDT,2020-10-16,1.0,0.0,0.0,1.0
BTCUSDT,2020-10-17,1.0,0.0,0.0,1.0
BTCUSDT,2020-10-18,1.0,0.0,0.0,1.0
BTCUSDT,2020-10-19,1.0,0.0,0.0,1.0
BTCUSDT,2020-10-20,1.0,0.0,0.0,1.0
BTCUSDT,2020-10-21,1.0,0.0,0.0,1.0
BTCUSDT,2020-10-22,1.0,0.0,0.0,1.0
BTCUSDT,2020-10-23,1.0,0.0,0.0,1.0
BTCUSDT,2020-10-24,1.0,0.0,0.0,1.0
BTCUSDT,2020-10-25,1.0,0.0,0.0,1.0
BTCUSDT,2020-10-26,1.0,0.0,0.0,1.0
BTCUSDT,2020-10-27,1.0,0.0,0.0,1.0
BTCUSDT,2020-10-28,1.0,0.0,0.0,1.0
BTCUSDT,2020-10-29,1.0,0.0,0.0,1.0
BTCUSDT,2020-10-30,1.0,0.0,0.0,1.0
BTCUSDT,2020-10-31,1.0,0.0,0.0,1.0
BTCUSDT,2020-11-01,1.0,0.0,0.0,1.0
BTCUSDT,2020-11-02,1.0,0.0,0.0,1.0
BTCUSDT,2020-11-03,1.0,0.0,0.0,1.0
BTCUSDT,2020-11-04,1.0,0.0,0.0,1.0
BTCUSDT,2020-11-05,1.0,0.0,0.0,1.0
BTCUSDT,2020-11-06,1.0,0.0,0.0,1.0
BTCUSDT,2020-11-07,1.0,0.0,0.0,1.0
BTCUSDT,2020-11-08,1.0,0.0,0.0,1.0
BTCUSDT,2020-11-09,1.0,0.0,0.0,1.0
BTCUSDT,2020-11-10,1.0,0.0,0.0,1.0
BTCUSDT,2020-11-11,1.0,0.0,0.0,1.0
BTCUSDT,2020-11-12,1.0,0.0,0.0,1.0
BTCUSDT,2020-11-13,1.0,0.0,0.0,1.0
BTCUSDT,2020-11-14,1.0,0.0,0.0,1.0
BTCUSDT,2020-11-15,1.0,0.0,0.0,1.0
BTCUSDT,2020-11-16,1.0,0.0,0.0,1.0
BTCUSDT,2020-11-17,1.0,0.0,0.0,1.0
BTCUSDT,2020-11-18,1.0,0.0,0.0,1.0
BTCUSDT,2020-11-19,1.0,0.0,0.0,1.0
BTCUSDT,2020-11-20,1.0,0.0,0.0,1.0
BTCUSDT,2020-11-21,1.0,0.0,0.0,1.0
BTCUSDT,2020-11-22,1.0,0.0,0.0,1.0
BTCUSDT,2020-11-23,1.0,0.0,0.0,1.0
BTCUSDT,2020-11-24,1.0,0.0,0.0,1.0
BTCUSDT,2020-11-25,1.0,0.0,0.0,1.0
BTCUSDT,2020-11-26,0.0,0.0515,0.9485,0.0
BTCUSDT,2020-11-27,0.0,0.0242,0.9758,0.0
BTCUSDT,2020-11-28,0.0,0.0411,0.9589,0.0
BTCUSDT,2020-11-29,0.0,0.0642,0.9358,0.0
BTCUSDT,2020-11-30,1.0,0.0,0.0,1.0
BTCUSDT,2020-12-01,0.0,0.1931,0.8069,0.0
BTCUSDT,2020-12-02,1.0,0.0,0.0,1.0
BTCUSDT,2020-12-03,1.0,0.0,0.0,1.0
BTCUSDT,2020-12-04,1.0,0.0,0.0,1.0
BTCUSDT,2020-12-05,1.0,0.0,0.0,1.0
BTCUSDT,2020-12-06,1.0,0.0,0.0,1.0
BTCUSDT,2020-12-07,0.0,0.0116,0.9884,0.0
BTCUSDT,2020-12-08,0.0,0.0024,0.9976,0.0
BTCUSDT,2020-12-09,0.0,0.0005,0.9995,0.0
BTCUSDT,2020-12-10,0.0,0.0001,0.9999,0.0
BTCUSDT,2020-12-11,0.0,0.0004,0.9996,0.0
BTCUSDT,2020-12-12,0.0,0.0008,0.9992,0.0
BTCUSDT,2020-12-13,0.0,0.0034,0.9966,0.0
BTCUSDT,2020-12-14,1.0,0.0,0.0,1.0
BTCUSDT,2020-12-15,1.0,0.0,0.0,1.0
BTCUSDT,2020-12-16,1.0,0.0,0.0,1.0
BTCUSDT,2020-12-17,1.0,0.0,0.0,1.0
BTCUSDT,2020-12-18,1.0,0.0,0.0,1.0
BTCUSDT,2020-12-19,1.0,0.0,0.0,1.0
BTCUSDT,2020-12-20,1.0,0.0,0.0,1.0
BTCUSDT,2020-12-21,1.0,0.0,0.0,1.0
BTCUSDT,2020-12-22,1.0,0.0,0.0,1.0
BTCUSDT,2020-12-23,1.0,0.0,0.0,1.0
BTCUSDT,2020-12-24,1.0,0.0,0.0,1.0
BTCUSDT,2020-12-25,1.0,0.0,0.0,1.0
BTCUSDT,2020-12-26,1.0,0.0,0.0,1.0
BTCUSDT,2020-12-27,1.0,0.0,0.0,1.0
BTCUSDT,2020-12-28,1.0,0.0,0.0,1.0
BTCUSDT,2020-12-29,1.0,0.0,0.0,1.0
BTCUSDT,2020-12-30,1.0,0.0,0.0,1.0
BTCUSDT,2020-12-31,1.0,0.0,0.0,1.0
BTCUSDT,2021-01-01,1.0,0.0,0.0,1.0
BTCUSDT,2021-01-02,1.0,0.0,0.0,1.0
BTCUSDT,2021-01-03,1.0,0.0,0.0,1.0
BTCUSDT,2021-01-04,1.0,0.0,0.0,1.0
BTCUSDT,2021-01-05,1.0,0.0,0.0,1.0
BTCUSDT,2021-01-06,1.0,0.0,0.0,1.0
BTCUSDT,2021-01-07,1.0,0.0,0.0,1.0
BTCUSDT,2021-01-08,1.0,0.0,0.0,1.0
BTCUSDT,2021-01-09,1.0,0.0,0.0,1.0
BTCUSDT,2021-01-10,1.0,0.0,0.0,1.0
BTCUSDT,2021-01-11,1.0,0.0,0.0,1.0
BTCUSDT,2021-01-12,0.0,0.0004,0.9996,0.0
BTCUSDT,2021-01-13,1.0,0.0,0.0,1.0
BTCUSDT,2021-01-14,0.0,0.0,1.0,0.0
BTCUSDT,2021-01-15,0.0,0.0,1.0,0.0
BTCUSDT,2021-01-16,0.0,0.0,1.0,0.0
BTCUSDT,2021-01-17,0.0,0.0,1.0,0.0
BTCUSDT,2021-01-18,1.0,0.0,0.0,1.0
BTCUSDT,2021-01-19,1.0,0.0,0.0,1.0
BTCUSDT,2021-01-20,0.0,0.0,1.0,0.0
BTCUSDT,2021-01-21,0.0,0.0,1.0,0.0
BTCUSDT,2021-01-22,0.0,0.0,1.0,0.0
BTCUSDT,2021-01-23,0.0,0.0,1.0,0.0
BTCUSDT,2021-01-24,0.0,0.0,1.0,0.0
BTCUSDT,2021-01-25,0.0,0.0,1.0,0.0
BTCUSDT,2021-01-26,0.0,0.0,1.0,0.0
BTCUSDT,2021-01-27,0.0,0.0,1.0,0.0
BTCUSDT,2021-01-28,1.0,0.0,0.0,1.0
BTCUSDT,2021-01-29,1.0,0.0,0.0,1.0
BTCUSDT,2021-01-30,1.0,0.0,0.0,1.0
BTCUSDT,2021-01-31,1.0,0.0,0.0,1.0
BTCUSDT,2021-02-01,1.0,0.0,0.0,1.0
BTCUSDT,2021-02-02,1.0,0.0,0.0,1.0
BTCUSDT,2021-02-03,1.0,0.0,0.0,1.0
BTCUSDT,2021-02-04,1.0,0.0,0.0,1.0
BTCUSDT,2021-02-05,1.0,0.0,0.0,1.0
BTCUSDT,2021-02-06,1.0,0.0,0.0,1.0
BTCUSDT,2021-02-07,1.0,0.0,0.0,1.0
BTCUSDT,2021-02-08,1.0,0.0,0.0,1.0
BTCUSDT,2021-02-09,1.0,0.0,0.0,1.0
BTCUSDT,2021-02-10,1.0,0.0,0.0,1.0
BTCUSDT,2021-02-11,1.0,0.0,0.0,1.0
BTCUSDT,2021-02-12,1.0,0.0,0.0,1.0
BTCUSDT,2021-02-13,1.0,0.0,0.0,1.0
BTCUSDT,2021-02-14,1.0,0.0,0.0,1.0
BTCUSDT,2021-02-15,1.0,0.0,0.0,1.0
BTCUSDT,2021-02-16,1.0,0.0,0.0,1.0
BTCUSDT,2021-02-17,1.0,0.0,0.0,1.0
BTCUSDT,2021-02-18,1.0,0.0,0.0,1.0
BTCUSDT,2021-02-19,1.0,0.0,0.0,1.0
BTCUSDT,2021-02-20,1.0,0.0,0.0,1.0
BTCUSDT,2021-02-21,1.0,0.0,0.0,1.0
BTCUSDT,2021-02-22,1.0,0.0,0.0,1.0
BTCUSDT,2021-02-23,0.0,0.0,1.0,0.0
BTCUSDT,2021-02-24,0.0,0.0,1.0,0.0
BTCUSDT,2021-02-25,0.0,0.0,1.0,0.0
BTCUSDT,2021-02-26,0.0,0.0,1.0,0.0
BTCUSDT,2021-02-27,0.0,0.0,1.0,0.0
BTCUSDT,2021-02-28,0.0,0.0,1.0,0.0
BTCUSDT,2021-03-01,0.0,0.0,1.0,0.0
BTCUSDT,2021-03-02,0.0,0.0,1.0,0.0
BTCUSDT,2021-03-03,1.0,0.0,0.0,1.0
BTCUSDT,2021-03-04,1.0,0.0,0.0,1.0
BTCUSDT,2021-03-05,1.0,0.0,0.0,1.0
BTCUSDT,2021-03-06,1.0,0.0,0.0,1.0
BTCUSDT,2021-03-07,1.0,0.0,0.0,1.0
BTCUSDT,2021-03-08,1.0,0.0,0.0,1.0
BTCUSDT,2021-03-09,1.0,0.0,0.0,1.0
BTCUSDT,2021-03-10,1.0,0.0,0.0,1.0
BTCUSDT,2021-03-11,1.0,0.0,0.0,1.0
BTCUSDT,2021-03-12,1.0,0.0,0.0,1.0
BTCUSDT,2021-03-13,1.0,0.0,0.0,1.0
BTCUSDT,2021-03-14,1.0,0.0,0.0,1.0
BTCUSDT,2021-03-15,1.0,0.0,0.0,1.0
BTCUSDT,2021-03-16,1.0,0.0,0.0,1.0
BTCUSDT,2021-03-17,1.0,0.0,0.0,1.0
BTCUSDT,2021-03-18,1.0,0.0,0.0,1.0
BTCUSDT,2021-03-19,1.0,0.0,0.0,1.0
BTCUSDT,2021-03-20,0.0,0.003,0.997,0.0
BTCUSDT,2021-03-21,0.0,0.0005,0.9995,0.0
BTCUSDT,2021-03-22,0.0,0.0006,0.9994,0.0
BTCUSDT,2021-03-23,0.0,0.0005,0.9995,0.0
BTCUSDT,2021-03-24,0.0,0.0,1.0,0.0
BTCUSDT,2021-03-25,0.0,0.0,1.0,0.0
BTCUSDT,2021-03-26,0.0,0.0003,0.9997,0.0
BTCUSDT,2021-03-27,0.0,0.0024,0.9976,0.0
BTCUSDT,2021-03-28,0.0,0.0115,0.9885,0.0
BTCUSDT,2021-03-29,1.0,0.0,0.0,1.0
BTCUSDT,2021-03-30,1.0,0.0,0.0,1.0
BTCUSDT,2021-03-31,1.0,0.0,0.0,1.0
BTCUSDT,2021-04-01,1.0,0.0,0.0,1.0
BTCUSDT,2021-04-02,1.0,0.0,0.0,1.0
BTCUSDT,2021-04-03,1.0,0.0,0.0,1.0
BTCUSDT,2021-04-04,1.0,0.0,0.0,1.0
BTCUSDT,2021-04-05,1.0,0.0,0.0,1.0
BTCUSDT,2021-04-06,0.0,0.9968,0.0032,0.0
BTCUSDT,2021-04-07,0.0,0.9983,0.0017,0.0
BTCUSDT,2021-04-08,0.0,0.9976,0.0024,0.0
BTCUSDT,2021-04-09,0.0,0.9926,0.0074,0.0
BTCUSDT,2021-04-10,1.0,0.0,0.0,1.0
BTCUSDT,2021-04-11,1.0,0.0,0.0,1.0
BTCUSDT,2021-04-12,1.0,0.0,0.0,1.0
BTCUSDT,2021-04-13,1.0,0.0,0.0,1.0
BTCUSDT,2021-04-14,1.0,0.0,0.0,1.0
BTCUSDT,2021-04-15,1.0,0.0,0.0,1.0
BTCUSDT,2021-04-16,1.0,0.0,0.0,1.0
BTCUSDT,2021-04-17,1.0,0.0,0.0,1.0
BTCUSDT,2021-04-18,0.0,0.0532,0.9468,0.0
BTCUSDT,2021-04-19,0.0,0.0209,0.9791,0.0
BTCUSDT,2021-04-20,0.0,0.0,1.0,0.0
BTCUSDT,2021-04-21,0.0,0.0,1.0,0.0
BTCUSDT,2021-04-22,0.0,0.0,1.0,0.0
BTCUSDT,2021-04-23,0.0,0.0,1.0,0.0
BTCUSDT,2021-04-24,0.0,0.0,1.0,0.0
BTCUSDT,2021-04-25,0.0,0.0,1.0,0.0
BTCUSDT,2021-04-26,0.0,0.0001,0.9999,0.0
BTCUSDT,2021-04-27,0.0,0.0015,0.9985,0.0
BTCUSDT,2021-04-28,1.0,0.0,0.0,1.0
BTCUSDT,2021-04-29,1.0,0.0,0.0,1.0
BTCUSDT,2021-04-30,1.0,0.0,0.0,1.0
BTCUSDT,2021-05-01,1.0,0.0,0.0,1.0
BTCUSDT,2021-05-02,1.0,0.0,0.0,1.0
BTCUSDT,2021-05-03,1.0,0.0,0.0,1.0
BTCUSDT,2021-05-04,0.0,0.0339,0.9661,0.0
BTCUSDT,2021-05-05,1.0,0.0,0.0,1.0
BTCUSDT,2021-05-06,1.0,0.0,0.0,1.0
BTCUSDT,2021-05-07,0.0,0.0013,0.9987,0.0
BTCUSDT,2021-05-08,1.0,0.0,0.0,1.0
BTCUSDT,2021-05-09,1.0,0.0,0.0,1.0
BTCUSDT,2021-05-10,0.0,0.0086,0.9914,0.0
BTCUSDT,2021-05-11,1.0,0.0,0.0,1.0
BTCUSDT,2021-05-12,0.0,0.0,1.0,0.0
BTCUSDT,2021-05-13,0.0,0.0,1.0,0.0
BTCUSDT,2021-05-14,0.0,0.0,1.0,0.0
BTCUSDT,2021-05-15,0.0,0.0,1.0,0.0
BTCUSDT,2021-05-16,0.0,0.0,1.0,0.0
BTCUSDT,2021-05-17,0.0,0.0,1.0,0.0
BTCUSDT,2021-05-18,0.0,0.0,1.0,0.0
BTCUSDT,2021-05-19,0.0,0.0,1.0,0.0
BTCUSDT,2021-05-20,0.0,0.0,1.0,0.0
BTCUSDT,2021-05-21,0.0,0.0,1.0,0.0
BTCUSDT,2021-05-22,0.0,0.0,1.0,0.0
BTCUSDT,2021-05-23,0.0,0.0,1.0,0.0
BTCUSDT,2021-05-24,0.0,0.0,1.0,0.0
BTCUSDT,2021-05-25,0.0,0.0,1.0,0.0
BTCUSDT,2021-05-26,1.0,0.0,0.0,1.0
BTCUSDT,2021-05-27,0.0,0.0,1.0,0.0
BTCUSDT,2021-05-28,0.0,0.0,1.0,0.0
BTCUSDT,2021-05-29,0.0,0.0,1.0,0.0
BTCUSDT,2021-05-30,1.0,0.0,0.0,1.0
BTCUSDT,2021-05-31,0.0,0.0,1.0,0.0
BTCUSDT,2021-06-01,0.0,0.0,1.0,0.0
BTCUSDT,2021-06-02,0.0,0.0,1.0,0.0
BTCUSDT,2021-06-03,1.0,0.0,0.0,1.0
BTCUSDT,2021-06-04,1.0,0.0,0.0,1.0
BTCUSDT,2021-06-05,1.0,0.0,0.0,1.0
BTCUSDT,2021-06-06,1.0,0.0,0.0,1.0
BTCUSDT,2021-06-07,0.0,0.0,1.0,0.0
BTCUSDT,2021-06-08,0.0,0.0,1.0,0.0
BTCUSDT,2021-06-09,0.0,0.0,1.0,0.0
BTCUSDT,2021-06-10,0.0,0.0,1.0,0.0
BTCUSDT,2021-06-11,1.0,0.0,0.0,1.0
BTCUSDT,2021-06-12,1.0,0.0,0.0,1.0
BTCUSDT,2021-06-13,1.0,0.0,0.0,1.0
BTCUSDT,2021-06-14,1.0,0.0,0.0,1.0
BTCUSDT,2021-06-15,1.0,0.0,0.0,1.0
BTCUSDT,2021-06-16,1.0,0.0,0.0,1.0
BTCUSDT,2021-06-17,1.0,0.0,0.0,1.0
BTCUSDT,2021-06-18,0.0,0.0001,0.9999,0.0
BTCUSDT,2021-06-19,1.0,0.0,0.0,1.0
BTCUSDT,2021-06-20,0.0,0.0,1.0,0.0
BTCUSDT,2021-06-21,0.0,0.0,1.0,0.0
BTCUSDT,2021-06-22,0.0,0.0,1.0,0.0
BTCUSDT,2021-06-23,0.0,0.0,1.0,0.0
BTCUSDT,2021-06-24,0.0,0.0,1.0,0.0
BTCUSDT,2021-06-25,0.0,0.0,1.0,0.0
BTCUSDT,2021-06-26,0.0,0.0,1.0,0.0
BTCUSDT,2021-06-27,0.0,0.0,1.0,0.0
BTCUSDT,2021-06-28,1.0,0.0,0.0,1.0
BTCUSDT,2021-06-29,1.0,0.0,0.0,1.0
BTCUSDT,2021-06-30,1.0,0.0,0.0,1.0
BTCUSDT,2021-07-01,0.0,0.0,1.0,0.0
BTCUSDT,2021-07-02,1.0,0.0,0.0,1.0
BTCUSDT,2021-07-03,1.0,0.0,0.0,1.0
BTCUSDT,2021-07-04,1.0,0.0,0.0,1.0
BTCUSDT,2021-07-05,0.0,0.0,1.0,0.0
BTCUSDT,2021-07-06,0.0,0.0,1.0,0.0
BTCUSDT,2021-07-07,0.0,0.0,1.0,0.0
BTCUSDT,2021-07-08,0.0,0.0,1.0,0.0
BTCUSDT,2021-07-09,0.0,0.0,1.0,0.0
BTCUSDT,2021-07-10,0.0,0.0,1.0,0.0
BTCUSDT,2021-07-11,0.0,0.0,1.0,0.0
BTCUSDT,2021-07-12,0.0,0.0001,0.9999,0.0
BTCUSDT,2021-07-13,0.0,0.0002,0.9998,0.0
BTCUSDT,2021-07-14,0.0,0.001,0.999,0.0
BTCUSDT,2021-07-15,0.0,0.0032,0.9968,0.0
BTCUSDT,2021-07-16,0.0,0.0103,0.9897,0.0
BTCUSDT,2021-07-17,0.0,0.03,0.97,0.0
BTCUSDT,2021-07-18,0.0,0.0491,0.9509,0.0
BTCUSDT,2021-07-19,0.0,0.0625,0.9375,0.0
BTCUSDT,2021-07-20,0.0,0.0713,0.9287,0.0
BTCUSDT,2021-07-21,0.0,0.1345,0.8655,0.0
BTCUSDT,2021-07-22,1.0,0.0,0.0,1.0
BTCUSDT,2021-07-23,1.0,0.0,0.0,1.0
BTCUSDT,2021-07-24,1.0,0.0,0.0,1.0
BTCUSDT,2021-07-25,1.0,0.0,0.0,1.0
BTCUSDT,2021-07-26,1.0,0.0,0.0,1.0
BTCUSDT,2021-07-27,1.0,0.0,0.0,1.0
BTCUSDT,2021-07-28,1.0,0.0,0.0,1.0
BTCUSDT,2021-07-29,1.0,0.0,0.0,1.0
BTCUSDT,2021-07-30,1.0,0.0,0.0,1.0
BTCUSDT,2021-07-31,1.0,0.0,0.0,1.0
BTCUSDT,2021-08-01,1.0,0.0,0.0,1.0
BTCUSDT,2021-08-02,1.0,0.0,0.0,1.0
BTCUSDT,2021-08-03,0.0,0.1918,0.8082,0.0
BTCUSDT,2021-08-04,0.0,0.1738,0.8262,0.0
BTCUSDT,2021-08-05,1.0,0.0,0.0,1.0
BTCUSDT,2021-08-06,1.0,0.0,0.0,1.0
BTCUSDT,2021-08-07,1.0,0.0,0.0,1.0
BTCUSDT,2021-08-08,1.0,0.0,0.0,1.0
BTCUSDT,2021-08-09,1.0,0.0,0.0,1.0
BTCUSDT,2021-08-10,1.0,0.0,0.0,1.0
BTCUSDT,2021-08-11,1.0,0.0,0.0,1.0
BTCUSDT,2021-08-12,1.0,0.0,0.0,1.0
BTCUSDT,2021-08-13,1.0,0.0,0.0,1.0
BTCUSDT,2021-08-14,1.0,0.0,0.0,1.0
BTCUSDT,2021-08-15,1.0,0.0,0.0,1.0
BTCUSDT,2021-08-16,0.0,0.0858,0.9142,0.0
BTCUSDT,2021-08-17,0.0,0.0792,0.9208,0.0
BTCUSDT,2021-08-18,0.0,0.083,0.917,0.0
BTCUSDT,2021-08-19,1.0,0.0,0.0,1.0
BTCUSDT,2021-08-20,1.0,0.0,0.0,1.0
BTCUSDT,2021-08-21,1.0,0.0,0.0,1.0
BTCUSDT,2021-08-22,1.0,0.0,0.0,1.0
BTCUSDT,2021-08-23,1.0,0.0,0.0,1.0
BTCUSDT,2021-08-24,1.0,0.0,0.0,1.0
BTCUSDT,2021-08-25,1.0,0.0,0.0,1.0
BTCUSDT,2021-08-26,1.0,0.0,0.0,1.0
BTCUSDT,2021-08-27,0.0,0.0629,0.9371,0.0
BTCUSDT,2021-08-28,0.0,0.0509,0.9491,0.0
BTCUSDT,2021-08-29,0.0,0.0526,0.9474,0.0
BTCUSDT,2021-08-30,0.0,0.0595,0.9405,0.0
BTCUSDT,2021-08-31,0.0,0.0692,0.9308,0.0
BTCUSDT,2021-09-01,0.0,0.0764,0.9236,0.0
BTCUSDT,2021-09-02,1.0,0.0,0.0,1.0
BTCUSDT,2021-09-03,1.0,0.0,0.0,1.0
BTCUSDT,2021-09-04,1.0,0.0,0.0,1.0
BTCUSDT,2021-09-05,1.0,0.0,0.0,1.0
BTCUSDT,2021-09-06,1.0,0.0,0.0,1.0
BTCUSDT,2021-09-07,0.0,0.0042,0.9958,0.0
BTCUSDT,2021-09-08,0.0,0.0003,0.9997,0.0
BTCUSDT,2021-09-09,0.0,0.0001,0.9999,0.0
BTCUSDT,2021-09-10,0.0,0.0,1.0,0.0
BTCUSDT,2021-09-11,0.0,0.0,1.0,0.0
BTCUSDT,2021-09-12,0.0,0.0,1.0,0.0
BTCUSDT,2021-09-13,0.0,0.0,1.0,0.0
BTCUSDT,2021-09-14,1.0,0.0,0.0,1.0
BTCUSDT,2021-09-15,1.0,0.0,0.0,1.0
BTCUSDT,2021-09-16,1.0,0.0,0.0,1.0
BTCUSDT,2021-09-17,1.0,0.0,0.0,1.0
BTCUSDT,2021-09-18,1.0,0.0,0.0,1.0
BTCUSDT,2021-09-19,1.0,0.0,0.0,1.0
BTCUSDT,2021-09-20,0.0,0.002,0.998,0.0
BTCUSDT,2021-09-21,0.0,0.0,1.0,0.0
BTCUSDT,2021-09-22,0.0,0.0,1.0,0.0
BTCUSDT,2021-09-23,0.0,0.0,1.0,0.0
BTCUSDT,2021-09-24,0.0,0.0,1.0,0.0
BTCUSDT,2021-09-25,0.0,0.0,1.0,0.0
BTCUSDT,2021-09-26,0.0,0.0,1.0,0.0
BTCUSDT,2021-09-27,0.0,0.0001,0.9999,0.0
BTCUSDT,2021-09-28,1.0,0.0,0.0,1.0
BTCUSDT,2021-09-29,0.0,0.0217,0.9783,0.0
BTCUSDT,2021-09-30,0.0,0.0162,0.9838,0.0
BTCUSDT,2021-10-01,1.0,0.0,0.0,1.0
BTCUSDT,2021-10-02,1.0,0.0,0.0,1.0
BTCUSDT,2021-10-03,1.0,0.0,0.0,1.0
BTCUSDT,2021-10-04,1.0,0.0,0.0,1.0
BTCUSDT,2021-10-05,1.0,0.0,0.0,1.0
BTCUSDT,2021-10-06,1.0,0.0,0.0,1.0
BTCUSDT,2021-10-07,1.0,0.0,0.0,1.0
BTCUSDT,2021-10-08,1.0,0.0,0.0,1.0
BTCUSDT,2021-10-09,1.0,0.0,0.0,1.0
BTCUSDT,2021-10-10,1.0,0.0,0.0,1.0
BTCUSDT,2021-10-11,1.0,0.0,0.0,1.0
BTCUSDT,2021-10-12,1.0,0.0,0.0,1.0
BTCUSDT,2021-10-13,1.0,0.0,0.0,1.0
BTCUSDT,2021-10-14,1.0,0.0,0.0,1.0
BTCUSDT,2021-10-15,1.0,0.0,0.0,1.0
BTCUSDT,2021-10-16,1.0,0.0,0.0,1.0
BTCUSDT,2021-10-17,1.0,0.0,0.0,1.0
BTCUSDT,2021-10-18,1.0,0.0,0.0,1.0
BTCUSDT,2021-10-19,1.0,0.0,0.0,1.0
BTCUSDT,2021-10-20,1.0,0.0,0.0,1.0
BTCUSDT,2021-10-21,1.0,0.0,0.0,1.0
BTCUSDT,2021-10-22,0.0,0.5284,0.4716,0.0
BTCUSDT,2021-10-23,1.0,0.0,0.0,1.0
BTCUSDT,2021-10-24,0.0,0.4927,0.5073,0.0
BTCUSDT,2021-10-25,1.0,0.0,0.0,1.0
BTCUSDT,2021-10-26,0.0,0.0073,0.9927,0.0
BTCUSDT,2021-10-27,0.0,0.0001,0.9999,0.0
BTCUSDT,2021-10-28,0.0,0.0282,0.9718,0.0
BTCUSDT,2021-10-29,1.0,0.0,0.0,1.0
BTCUSDT,2021-10-30,1.0,0.0,0.0,1.0
BTCUSDT,2021-10-31,1.0,0.0,0.0,1.0
BTCUSDT,2021-11-01,0.0,0.7763,0.2237,0.0
BTCUSDT,2021-11-02,1.0,0.0,0.0,1.0
BTCUSDT,2021-11-03,1.0,0.0,0.0,1.0
BTCUSDT,2021-11-04,1.0,0.0,0.0,1.0
BTCUSDT,2021-11-05,0.0,0.9793,0.0207,0.0
BTCUSDT,2021-11-06,0.0,0.975,0.025,0.0
BTCUSDT,2021-11-07,1.0,0.0,0.0,1.0
BTCUSDT,2021-11-08,1.0,0.0,0.0,1.0
BTCUSDT,2021-11-09,1.0,0.0,0.0,1.0
BTCUSDT,2021-11-10,1.0,0.0,0.0,1.0
BTCUSDT,2021-11-11,1.0,0.0,0.0,1.0
BTCUSDT,2021-11-12,1.0,0.0,0.0,1.0
BTCUSDT,2021-11-13,1.0,0.0,0.0,1.0
BTCUSDT,2021-11-14,1.0,0.0,0.0,1.0
BTCUSDT,2021-11-15,0.0,0.0961,0.9039,0.0
BTCUSDT,2021-11-16,0.0,0.0017,0.9983,0.0
BTCUSDT,2021-11-17,0.0,0.0012,0.9988,0.0
BTCUSDT,2021-11-18,0.0,0.0,1.0,0.0
BTCUSDT,2021-11-19,0.0,0.0,1.0,0.0
BTCUSDT,2021-11-20,0.0,0.0002,0.9998,0.0
BTCUSDT,2021-11-21,0.0,0.0,1.0,0.0
BTCUSDT,2021-11-22,0.0,0.0,1.0,0.0
BTCUSDT,2021-11-23,0.0,0.0233,0.9767,0.0
BTCUSDT,2021-11-24,0.0,0.0315,0.9685,0.0
BTCUSDT,2021-11-25,1.0,0.0,0.0,1.0
BTCUSDT,2021-11-26,0.0,0.0046,0.9954,0.0
BTCUSDT,2021-11-27,0.0,0.002,0.998,0.0
BTCUSDT,2021-11-28,0.0,0.0126,0.9874,0.0
BTCUSDT,2021-11-29,1.0,0.0,0.0,1.0
BTCUSDT,2021-11-30,0.0,0.7484,0.2516,0.0
BTCUSDT,2021-12-01,1.0,0.0,0.0,1.0
BTCUSDT,2021-12-02,0.0,0.7934,0.2066,0.0
BTCUSDT,2021-12-03,1.0,0.0,0.0,1.0
BTCUSDT,2021-12-04,0.0,0.0,1.0,0.0
BTCUSDT,2021-12-05,0.0,0.0,1.0,0.0
BTCUSDT,2021-12-06,0.0,0.0,1.0,0.0
BTCUSDT,2021-12-07,0.0,0.0,1.0,0.0
BTCUSDT,2021-12-08,0.0,0.0,1.0,0.0
BTCUSDT,2021-12-09,0.0,0.0,1.0,0.0
BTCUSDT,2021-12-10,0.0,0.0,1.0,0.0
BTCUSDT,2021-12-11,1.0,0.0,0.0,1.0
BTCUSDT,2021-12-12,1.0,0.0,0.0,1.0
BTCUSDT,2021-12-13,0.0,0.0007,0.9993,0.0
BTCUSDT,2021-12-14,0.0,0.0,1.0,0.0
BTCUSDT,2021-12-15,0.0,0.0001,0.9999,0.0
BTCUSDT,2021-12-16,0.0,0.0,1.0,0.0
BTCUSDT,2021-12-17,0.0,0.0002,0.9998,0.0
BTCUSDT,2021-12-18,0.0,0.0006,0.9994,0.0
BTCUSDT,2021-12-19,0.0,0.003,0.997,0.0
BTCUSDT,2021-12-20,1.0,0.0,0.0,1.0
BTCUSDT,2021-12-21,1.0,0.0,0.0,1.0
BTCUSDT,2021-12-22,0.0,0.2233,0.7767,0.0
BTCUSDT,2021-12-23,1.0,0.0,0.0,1.0
BTCUSDT,2021-12-24,1.0,0.0,0.0,1.0
BTCUSDT,2021-12-25,1.0,0.0,0.0,1.0
BTCUSDT,2021-12-26,1.0,0.0,0.0,1.0
BTCUSDT,2021-12-27,1.0,0.0,0.0,1.0
BTCUSDT,2021-12-28,0.0,0.0724,0.9276,0.0
BTCUSDT,2021-12-29,0.0,0.0304,0.9696,0.0
BTCUSDT,2021-12-30,0.0,0.0061,0.9939,0.0
BTCUSDT,2021-12-31,0.0,0.0007,0.9993,0.0
BTCUSDT,2022-01-01,0.0,0.0024,0.9976,0.0
BTCUSDT,2022-01-02,0.0,0.0029,0.9971,0.0
BTCUSDT,2022-01-03,0.0,0.0051,0.9949,0.0
BTCUSDT,2022-01-04,0.0,0.017,0.983,0.0
BTCUSDT,2022-01-05,0.0,0.0129,0.9871,0.0
BTCUSDT,2022-01-06,0.0,0.002,0.998,0.0
BTCUSDT,2022-01-07,0.0,0.0,1.0,0.0
BTCUSDT,2022-01-08,0.0,0.0,1.0,0.0
BTCUSDT,2022-01-09,0.0,0.0,1.0,0.0
BTCUSDT,2022-01-10,0.0,0.0006,0.9994,0.0
BTCUSDT,2022-01-11,0.0,0.0319,0.9681,0.0
BTCUSDT,2022-01-12,1.0,0.0,0.0,1.0
BTCUSDT,2022-01-13,0.0,0.9553,0.0447,0.0
BTCUSDT,2022-01-14,1.0,0.0,0.0,1.0
BTCUSDT,2022-01-15,1.0,0.0,0.0,1.0
BTCUSDT,2022-01-16,1.0,0.0,0.0,1.0
BTCUSDT,2022-01-17,1.0,0.0,0.0,1.0
BTCUSDT,2022-01-18,0.0,0.9907,0.0093,0.0
BTCUSDT,2022-01-19,0.0,0.9846,0.0154,0.0
BTCUSDT,2022-01-20,0.0,0.9159,0.0841,0.0
BTCUSDT,2022-01-21,0.0,0.0,1.0,0.0
BTCUSDT,2022-01-22,0.0,0.0,1.0,0.0
BTCUSDT,2022-01-23,0.0,0.0,1.0,0.0
BTCUSDT,2022-01-24,0.0,0.0,1.0,0.0
BTCUSDT,2022-01-25,0.0,0.0,1.0,0.0
BTCUSDT,2022-01-26,0.0,0.0,1.0,0.0
BTCUSDT,2022-01-27,0.0,0.0012,0.9988,0.0
BTCUSDT,2022-01-28,1.0,0.0,0.0,1.0
BTCUSDT,2022-01-29,1.0,0.0,0.0,1.0
BTCUSDT,2022-01-30,1.0,0.0,0.0,1.0
BTCUSDT,2022-01-31,1.0,0.0,0.0,1.0
BTCUSDT,2022-02-01,1.0,0.0,0.0,1.0
BTCUSDT,2022-02-02,1.0,0.0,0.0,1.0
BTCUSDT,2022-02-03,1.0,0.0,0.0,1.0
BTCUSDT,2022-02-04,1.0,0.0,0.0,1.0
BTCUSDT,2022-02-05,1.0,0.0,0.0,1.0
BTCUSDT,2022-02-06,1.0,0.0,0.0,1.0
BTCUSDT,2022-02-07,1.0,0.0,0.0,1.0
BTCUSDT,2022-02-08,1.0,0.0,0.0,1.0
BTCUSDT,2022-02-09,1.0,0.0,0.0,1.0
BTCUSDT,2022-02-10,1.0,0.0,0.0,1.0
BTCUSDT,2022-02-11,1.0,0.0,0.0,1.0
BTCUSDT,2022-02-12,1.0,0.0,0.0,1.0
BTCUSDT,2022-02-13,0.0,0.862,0.138,0.0
BTCUSDT,2022-02-14,0.0,0.8594,0.1406,0.0
BTCUSDT,2022-02-15,1.0,0.0,0.0,1.0
BTCUSDT,2022-02-16,0.0,0.0487,0.9513,0.0
BTCUSDT,2022-02-17,0.0,0.0012,0.9988,0.0
BTCUSDT,2022-02-18,0.0,0.0001,0.9999,0.0
BTCUSDT,2022-02-19,0.0,0.0001,0.9999,0.0
BTCUSDT,2022-02-20,0.0,0.0,1.0,0.0
BTCUSDT,2022-02-21,0.0,0.0,1.0,0.0
BTCUSDT,2022-02-22,0.0,0.0,1.0,0.0
BTCUSDT,2022-02-23,0.0,0.0,1.0,0.0
BTCUSDT,2022-02-24,0.0,0.0075,0.9925,0.0
BTCUSDT,2022-02-25,0.0,0.3336,0.6664,0.0
BTCUSDT,2022-02-26,0.0,0.4381,0.5619,0.0
BTCUSDT,2022-02-27,0.0,0.4663,0.5337,0.0
BTCUSDT,2022-02-28,1.0,0.0,0.0,1.0
BTCUSDT,2022-03-01,1.0,0.0,0.0,1.0
BTCUSDT,2022-03-02,1.0,0.0,0.0,1.0
BTCUSDT,2022-03-03,1.0,0.0,0.0,1.0
BTCUSDT,2022-03-04,0.0,0.0001,0.9999,0.0
BTCUSDT,2022-03-05,1.0,0.0,0.0,1.0
BTCUSDT,2022-03-06,1.0,0.0,0.0,1.0
BTCUSDT,2022-03-07,0.0,0.0,1.0,0.0
BTCUSDT,2022-03-08,0.0,0.0,1.0,0.0
BTCUSDT,2022-03-09,0.0,0.0,1.0,0.0
BTCUSDT,2022-03-10,0.0,0.0,1.0,0.0
BTCUSDT,2022-03-11,0.0,0.0,1.0,0.0
BTCUSDT,2022-03-12,0.0,0.0,1.0,0.0
BTCUSDT,2022-03-13,0.0,0.0,1.0,0.0
BTCUSDT,2022-03-14,1.0,0.0,0.0,1.0
BTCUSDT,2022-03-15,1.0,0.0,0.0,1.0
BTCUSDT,2022-03-16,0.0,0.0001,0.9999,0.0
BTCUSDT,2022-03-17,1.0,0.0,0.0,1.0
BTCUSDT,2022-03-18,1.0,0.0,0.0,1.0
BTCUSDT,2022-03-19,1.0,0.0,0.0,1.0
BTCUSDT,2022-03-20,1.0,0.0,0.0,1.0
BTCUSDT,2022-03-21,1.0,0.0,0.0,1.0
BTCUSDT,2022-03-22,1.0,0.0,0.0,1.0
BTCUSDT,2022-03-23,1.0,0.0,0.0,1.0
BTCUSDT,2022-03-24,1.0,0.0,0.0,1.0
BTCUSDT,2022-03-25,1.0,0.0,0.0,1.0
BTCUSDT,2022-03-26,1.0,0.0,0.0,1.0
BTCUSDT,2022-03-27,1.0,0.0,0.0,1.0
BTCUSDT,2022-03-28,1.0,0.0,0.0,1.0
BTCUSDT,2022-03-29,1.0,0.0,0.0,1.0
BTCUSDT,2022-03-30,1.0,0.0,0.0,1.0
BTCUSDT,2022-03-31,1.0,0.0,0.0,1.0
BTCUSDT,2022-04-01,1.0,0.0,0.0,1.0
BTCUSDT,2022-04-02,1.0,0.0,0.0,1.0
BTCUSDT,2022-04-03,0.0,0.9985,0.0015,0.0
BTCUSDT,2022-04-04,0.0,0.9991,0.0009,0.0
BTCUSDT,2022-04-05,0.0,0.9925,0.0075,0.0
BTCUSDT,2022-04-06,0.0,0.8912,0.1088,0.0
BTCUSDT,2022-04-07,0.0,0.8475,0.1525,0.0
BTCUSDT,2022-04-08,0.0,0.3726,0.6274,0.0
BTCUSDT,2022-04-09,0.0,0.2606,0.7394,0.0
BTCUSDT,2022-04-10,0.0,0.0282,0.9718,0.0
BTCUSDT,2022-04-11,0.0,0.0,1.0,0.0
BTCUSDT,2022-04-12,0.0,0.0002,0.9998,0.0
BTCUSDT,2022-04-13,0.0,0.3005,0.6995,0.0
BTCUSDT,2022-04-14,0.0,0.3685,0.6315,0.0
BTCUSDT,2022-04-15,0.0,0.6746,0.3254,0.0
BTCUSDT,2022-04-16,0.0,0.7306,0.2694,0.0
BTCUSDT,2022-04-17,0.0,0.7467,0.2533,0.0
BTCUSDT,2022-04-18,1.0,0.0,0.0,1.0
BTCUSDT,2022-04-19,1.0,0.0,0.0,1.0
BTCUSDT,2022-04-20,1.0,0.0,0.0,1.0
BTCUSDT,2022-04-21,1.0,0.0,0.0,1.0
BTCUSDT,2022-04-22,0.0,0.9989,0.0011,0.0
BTCUSDT,2022-04-23,0.0,0.9998,0.0002,0.0
BTCUSDT,2022-04-24,0.0,0.9998,0.0002,0.0
BTCUSDT,2022-04-25,0.0,0.9994,0.0006,0.0
BTCUSDT,2022-04-26,0.0,0.9958,0.0042,0.0
BTCUSDT,2022-04-27,0.0,0.9988,0.0012,0.0
BTCUSDT,2022-04-28,0.0,0.9997,0.0003,0.0
BTCUSDT,2022-04-29,0.0,0.9999,0.0001,0.0
BTCUSDT,2022-04-30,0.0,0.9998,0.0002,0.0
BTCUSDT,2022-05-01,0.0,0.9998,0.0002,0.0
BTCUSDT,2022-05-02,0.0,0.9995,0.0005,0.0
BTCUSDT,2022-05-03,0.0,0.9971,0.0029,0.0
BTCUSDT,2022-05-04,1.0,0.0,0.0,1.0
BTCUSDT,2022-05-05,0.0,0.0111,0.9889,0.0
BTCUSDT,2022-05-06,0.0,0.006,0.994,0.0
BTCUSDT,2022-05-07,0.0,0.0034,0.9966,0.0
BTCUSDT,2022-05-08,0.0,0.0,1.0,0.0
BTCUSDT,2022-05-09,0.0,0.0,1.0,0.0
BTCUSDT,2022-05-10,0.0,0.0,1.0,0.0
BTCUSDT,2022-05-11,0.0,0.0,1.0,0.0
BTCUSDT,2022-05-12,0.0,0.0,1.0,0.0
BTCUSDT,2022-05-13,0.0,0.0,1.0,0.0
BTCUSDT,2022-05-14,0.0,0.0,1.0,0.0
BTCUSDT,2022-05-15,0.0,0.0,1.0,0.0
BTCUSDT,2022-05-16,0.0,0.0,1.0,0.0
BTCUSDT,2022-05-17,0.0,0.0,1.0,0.0
BTCUSDT,2022-05-18,0.0,0.0001,0.9999,0.0
BTCUSDT,2022-05-19,1.0,0.0,0.0,1.0
BTCUSDT,2022-05-20,0.0,0.0,1.0,0.0
BTCUSDT,2022-05-21,0.0,0.0,1.0,0.0
BTCUSDT,2022-05-22,0.0,0.0,1.0,0.0
BTCUSDT,2022-05-23,0.0,0.0,1.0,0.0
BTCUSDT,2022-05-24,0.0,0.0,1.0,0.0
BTCUSDT,2022-05-25,1.0,0.0,0.0,1.0
BTCUSDT,2022-05-26,0.0,0.0009,0.9991,0.0
BTCUSDT,2022-05-27,0.0,0.0,1.0,0.0
BTCUSDT,2022-05-28,0.0,0.0,1.0,0.0
BTCUSDT,2022-05-29,0.0,0.0004,0.9996,0.0
BTCUSDT,2022-05-30,1.0,0.0,0.0,1.0
BTCUSDT,2022-05-31,1.0,0.0,0.0,1.0
BTCUSDT,2022-06-01,1.0,0.0,0.0,1.0
BTCUSDT,2022-06-02,1.0,0.0,0.0,1.0
BTCUSDT,2022-06-03,1.0,0.0,0.0,1.0
BTCUSDT,2022-06-04,1.0,0.0,0.0,1.0
BTCUSDT,2022-06-05,1.0,0.0,0.0,1.0
BTCUSDT,2022-06-06,0.0,0.0967,0.9033,0.0
BTCUSDT,2022-06-07,0.0,0.093,0.907,0.0
BTCUSDT,2022-06-08,1.0,0.0,0.0,1.0
BTCUSDT,2022-06-09,0.0,0.1939,0.8061,0.0
BTCUSDT,2022-06-10,0.0,0.146,0.854,0.0
BTCUSDT,2022-06-11,0.0,0.0674,0.9326,0.0
BTCUSDT,2022-06-12,0.0,0.0001,0.9999,0.0
BTCUSDT,2022-06-13,0.0,0.0,1.0,0.0
BTCUSDT,2022-06-14,0.0,0.0,1.0,0.0
BTCUSDT,2022-06-15,0.0,0.0,1.0,0.0
BTCUSDT,2022-06-16,0.0,0.0,1.0,0.0
BTCUSDT,2022-06-17,0.0,0.0,1.0,0.0
BTCUSDT,2022-06-18,0.0,0.0,1.0,0.0
BTCUSDT,2022-06-19,0.0,0.0,1.0,0.0
BTCUSDT,2022-06-20,0.0,0.0,1.0,0.0
BTCUSDT,2022-06-21,0.0,0.0,1.0,0.0
BTCUSDT,2022-06-22,0.0,0.0,1.0,0.0
BTCUSDT,2022-06-23,1.0,0.0,0.0,1.0
BTCUSDT,2022-06-24,1.0,0.0,0.0,1.0
BTCUSDT,2022-06-25,1.0,0.0,0.0,1.0
BTCUSDT,2022-06-26,1.0,0.0,0.0,1.0
BTCUSDT,2022-06-27,1.0,0.0,0.0,1.0
BTCUSDT,2022-06-28,0.0,0.0,1.0,0.0
BTCUSDT,2022-06-29,1.0,0.0,0.0,1.0
BTCUSDT,2022-06-30,0.0,0.0,1.0,0.0
BTCUSDT,2022-07-01,0.0,0.0,1.0,0.0
BTCUSDT,2022-07-02,0.0,0.0,1.0,0.0
BTCUSDT,2022-07-03,0.0,0.0,1.0,0.0
BTCUSDT,2022-07-04,0.0,0.0001,0.9999,0.0
BTCUSDT,2022-07-05,0.0,0.0006,0.9994,0.0
BTCUSDT,2022-07-06,1.0,0.0,0.0,1.0
BTCUSDT,2022-07-07,1.0,0.0,0.0,1.0
BTCUSDT,2022-07-08,1.0,0.0,0.0,1.0
BTCUSDT,2022-07-09,1.0,0.0,0.0,1.0
BTCUSDT,2022-07-10,1.0,0.0,0.0,1.0
BTCUSDT,2022-07-11,0.0,0.9964,0.0036,0.0
BTCUSDT,2022-07-12,0.0,0.9987,0.0013,0.0
BTCUSDT,2022-07-13,0.0,0.9993,0.0007,0.0
BTCUSDT,2022-07-14,0.0,0.9996,0.0004,0.0
BTCUSDT,2022-07-15,0.0,0.9995,0.0005,0.0
BTCUSDT,2022-07-16,0.0,0.9985,0.0015,0.0
BTCUSDT,2022-07-17,0.0,0.9916,0.0084,0.0
BTCUSDT,2022-07-18,1.0,0.0,0.0,1.0
BTCUSDT,2022-07-19,1.0,0.0,0.0,1.0
BTCUSDT,2022-07-20,1.0,0.0,0.0,1.0
BTCUSDT,2022-07-21,1.0,0.0,0.0,1.0
BTCUSDT,2022-07-22,1.0,0.0,0.0,1.0
BTCUSDT,2022-07-23,1.0,0.0,0.0,1.0
BTCUSDT,2022-07-24,1.0,0.0,0.0,1.0
BTCUSDT,2022-07-25,0.0,0.0233,0.9767,0.0
BTCUSDT,2022-07-26,0.0,0.0008,0.9992,0.0
BTCUSDT,2022-07-27,0.0,0.0026,0.9974,0.0
BTCUSDT,2022-07-28,1.0,0.0,0.0,1.0
BTCUSDT,2022-07-29,1.0,0.0,0.0,1.0
BTCUSDT,2022-07-30,1.0,0.0,0.0,1.0
BTCUSDT,2022-07-31,1.0,0.0,0.0,1.0
BTCUSDT,2022-08-01,1.0,0.0,0.0,1.0
BTCUSDT,2022-08-02,1.0,0.0,0.0,1.0
BTCUSDT,2022-08-03,0.0,0.3662,0.6338,0.0
BTCUSDT,2022-08-04,0.0,0.3518,0.6482,0.0
BTCUSDT,2022-08-05,0.0,0.3477,0.6523,0.0
BTCUSDT,2022-08-06,0.0,0.3437,0.6563,0.0
BTCUSDT,2022-08-07,0.0,0.3405,0.6595,0.0
BTCUSDT,2022-08-08,1.0,0.0,0.0,1.0
BTCUSDT,2022-08-09,1.0,0.0,0.0,1.0
BTCUSDT,2022-08-10,1.0,0.0,0.0,1.0
BTCUSDT,2022-08-11,1.0,0.0,0.0,1.0
BTCUSDT,2022-08-12,1.0,0.0,0.0,1.0
BTCUSDT,2022-08-13,1.0,0.0,0.0,1.0
BTCUSDT,2022-08-14,1.0,0.0,0.0,1.0
BTCUSDT,2022-08-15,1.0,0.0,0.0,1.0
BTCUSDT,2022-08-16,1.0,0.0,0.0,1.0
BTCUSDT,2022-08-17,0.0,0.9704,0.0296,0.0
BTCUSDT,2022-08-18,0.0,0.9331,0.0669,0.0
BTCUSDT,2022-08-19,0.0,0.0,1.0,0.0
BTCUSDT,2022-08-20,0.0,0.0,1.0,0.0
BTCUSDT,2022-08-21,0.0,0.0,1.0,0.0
BTCUSDT,2022-08-22,0.0,0.0,1.0,0.0
BTCUSDT,2022-08-23,0.0,0.0,1.0,0.0
BTCUSDT,2022-08-24,0.0,0.0008,0.9992,0.0
BTCUSDT,2022-08-25,0.0,0.0054,0.9946,0.0
BTCUSDT,2022-08-26,0.0,0.0111,0.9889,0.0
BTCUSDT,2022-08-27,0.0,0.0096,0.9904,0.0
BTCUSDT,2022-08-28,0.0,0.005,0.995,0.0
BTCUSDT,2022-08-29,0.0,0.0171,0.9829,0.0
BTCUSDT,2022-08-30,0.0,0.025,0.975,0.0
BTCUSDT,2022-08-31,0.0,0.1038,0.8962,0.0
BTCUSDT,2022-09-01,0.0,0.1937,0.8063,0.0
BTCUSDT,2022-09-02,0.0,0.3598,0.6402,0.0
BTCUSDT,2022-09-03,0.0,0.4015,0.5985,0.0
BTCUSDT,2022-09-04,1.0,0.0,0.0,1.0
BTCUSDT,2022-09-05,0.0,0.9696,0.0304,0.0
BTCUSDT,2022-09-06,0.0,0.9666,0.0334,0.0
BTCUSDT,2022-09-07,0.0,0.9597,0.0403,0.0
BTCUSDT,2022-09-08,0.0,0.9453,0.0547,0.0
BTCUSDT,2022-09-09,1.0,0.0,0.0,1.0
BTCUSDT,2022-09-10,1.0,0.0,0.0,1.0
BTCUSDT,2022-09-11,1.0,0.0,0.0,1.0
BTCUSDT,2022-09-12,1.0,0.0,0.0,1.0
BTCUSDT,2022-09-13,1.0,0.0,0.0,1.0
BTCUSDT,2022-09-14,1.0,0.0,0.0,1.0
BTCUSDT,2022-09-15,1.0,0.0,0.0,1.0
BTCUSDT,2022-09-16,0.0,0.0007,0.9993,0.0
BTCUSDT,2022-09-17,0.0,0.0,1.0,0.0
BTCUSDT,2022-09-18,0.0,0.0,1.0,0.0
BTCUSDT,2022-09-19,0.0,0.0,1.0,0.0
BTCUSDT,2022-09-20,0.0,0.0,1.0,0.0
BTCUSDT,2022-09-21,0.0,0.0,1.0,0.0
BTCUSDT,2022-09-22,0.0,0.0,1.0,0.0
BTCUSDT,2022-09-23,0.0,0.0,1.0,0.0
BTCUSDT,2022-09-24,0.0,0.0,1.0,0.0
BTCUSDT,2022-09-25,0.0,0.0001,0.9999,0.0
BTCUSDT,2022-09-26,0.0,0.0008,0.9992,0.0
BTCUSDT,2022-09-27,1.0,0.0,0.0,1.0
BTCUSDT,2022-09-28,1.0,0.0,0.0,1.0
BTCUSDT,2022-09-29,1.0,0.0,0.0,1.0
BTCUSDT,2022-09-30,1.0,0.0,0.0,1.0
BTCUSDT,2022-10-01,1.0,0.0,0.0,1.0
BTCUSDT,2022-10-02,1.0,0.0,0.0,1.0
BTCUSDT,2022-10-03,1.0,0.0,0.0,1.0
BTCUSDT,2022-10-04,1.0,0.0,0.0,1.0
BTCUSDT,2022-10-05,1.0,0.0,0.0,1.0
BTCUSDT,2022-10-06,1.0,0.0,0.0,1.0
BTCUSDT,2022-10-07,1.0,0.0,0.0,1.0
BTCUSDT,2022-10-08,1.0,0.0,0.0,1.0
BTCUSDT,2022-10-09,1.0,0.0,0.0,1.0
BTCUSDT,2022-10-10,0.0,0.9993,0.0007,0.0
BTCUSDT,2022-10-11,0.0,0.9997,0.0003,0.0
BTCUSDT,2022-10-12,0.0,0.9999,0.0001,0.0
BTCUSDT,2022-10-13,0.0,1.0,0.0,0.0
BTCUSDT,2022-10-14,0.0,1.0,0.0,0.0
BTCUSDT,2022-10-15,0.0,0.9999,0.0001,0.0
BTCUSDT,2022-10-16,0.0,0.9987,0.0013,0.0
BTCUSDT,2022-10-17,1.0,0.0,0.0,1.0
BTCUSDT,2022-10-18,1.0,0.0,0.0,1.0
BTCUSDT,2022-10-19,0.0,0.9991,0.0009,0.0
BTCUSDT,2022-10-20,0.0,0.9998,0.0002,0.0
BTCUSDT,2022-10-21,0.0,0.998,0.002,0.0
BTCUSDT,2022-10-22,1.0,0.0,0.0,1.0
BTCUSDT,2022-10-23,1.0,0.0,0.0,1.0
BTCUSDT,2022-10-24,0.0,0.9742,0.0258,0.0
BTCUSDT,2022-10-25,1.0,0.0,0.0,1.0
BTCUSDT,2022-10-26,1.0,0.0,0.0,1.0
BTCUSDT,2022-10-27,1.0,0.0,0.0,1.0
BTCUSDT,2022-10-28,1.0,0.0,0.0,1.0
BTCUSDT,2022-10-29,1.0,0.0,0.0,1.0
BTCUSDT,2022-10-30,1.0,0.0,0.0,1.0
BTCUSDT,2022-10-31,1.0,0.0,0.0,1.0
BTCUSDT,2022-11-01,1.0,0.0,0.0,1.0
BTCUSDT,2022-11-02,0.0,0.9983,0.0017,0.0
BTCUSDT,2022-11-03,0.0,0.9973,0.0027,0.0
BTCUSDT,2022-11-04,1.0,0.0,0.0,1.0
BTCUSDT,2022-11-05,1.0,0.0,0.0,1.0
BTCUSDT,2022-11-06,1.0,0.0,0.0,1.0
BTCUSDT,2022-11-07,1.0,0.0,0.0,1.0
BTCUSDT,2022-11-08,0.0,0.0011,0.9989,0.0
BTCUSDT,2022-11-09,0.0,0.0,1.0,0.0
BTCUSDT,2022-11-10,0.0,0.0,1.0,0.0
BTCUSDT,2022-11-11,0.0,0.0,1.0,0.0
BTCUSDT,2022-11-12,0.0,0.0,1.0,0.0
BTCUSDT,2022-11-13,0.0,0.0,1.0,0.0
BTCUSDT,2022-11-14,0.0,0.0,1.0,0.0
BTCUSDT,2022-11-15,0.0,0.0,1.0,0.0
BTCUSDT,2022-11-16,1.0,0.0,0.0,1.0
BTCUSDT,2022-11-17,0.0,0.0,1.0,0.0
BTCUSDT,2022-11-18,0.0,0.0,1.0,0.0
BTCUSDT,2022-11-19,0.0,0.0,1.0,0.0
BTCUSDT,2022-11-20,0.0,0.0,1.0,0.0
BTCUSDT,2022-11-21,0.0,0.0,1.0,0.0
BTCUSDT,2022-11-22,0.0,0.0,1.0,0.0
BTCUSDT,2022-11-23,0.0,0.0,1.0,0.0
BTCUSDT,2022-11-24,0.0,0.0,1.0,0.0
BTCUSDT,2022-11-25,0.0,0.0,1.0,0.0
BTCUSDT,2022-11-26,0.0,0.0,1.0,0.0
BTCUSDT,2022-11-27,1.0,0.0,0.0,1.0
BTCUSDT,2022-11-28,1.0,0.0,0.0,1.0
BTCUSDT,2022-11-29,1.0,0.0,0.0,1.0
BTCUSDT,2022-11-30,1.0,0.0,0.0,1.0
BTCUSDT,2022-12-01,1.0,0.0,0.0,1.0
BTCUSDT,2022-12-02,1.0,0.0,0.0,1.0
BTCUSDT,2022-12-03,1.0,0.0,0.0,1.0
BTCUSDT,2022-12-04,1.0,0.0,0.0,1.0
BTCUSDT,2022-12-05,1.0,0.0,0.0,1.0
BTCUSDT,2022-12-06,1.0,0.0,0.0,1.0
BTCUSDT,2022-12-07,0.0,0.9791,0.0209,0.0
BTCUSDT,2022-12-08,1.0,0.0,0.0,1.0
BTCUSDT,2022-12-09,1.0,0.0,0.0,1.0
BTCUSDT,2022-12-10,1.0,0.0,0.0,1.0
BTCUSDT,2022-12-11,0.0,0.9672,0.0328,0.0
BTCUSDT,2022-12-12,1.0,0.0,0.0,1.0
BTCUSDT,2022-12-13,1.0,0.0,0.0,1.0
BTCUSDT,2022-12-14,1.0,0.0,0.0,1.0
BTCUSDT,2022-12-15,1.0,0.0,0.0,1.0
BTCUSDT,2022-12-16,0.0,0.9995,0.0005,0.0
BTCUSDT,2022-12-17,0.0,1.0,0.0,0.0
BTCUSDT,2022-12-18,0.0,1.0,0.0,0.0
BTCUSDT,2022-12-19,0.0,1.0,0.0,0.0
BTCUSDT,2022-12-20,0.0,0.9999,0.0001,0.0
BTCUSDT,2022-12-21,0.0,0.9998,0.0002,0.0
BTCUSDT,2022-12-22,0.0,0.9987,0.0013,0.0
BTCUSDT,2022-12-23,1.0,0.0,0.0,1.0
BTCUSDT,2022-12-24,1.0,0.0,0.0,1.0
BTCUSDT,2022-12-25,1.0,0.0,0.0,1.0
BTCUSDT,2022-12-26,1.0,0.0,0.0,1.0
BTCUSDT,2022-12-27,0.0,0.9994,0.0006,0.0
BTCUSDT,2022-12-28,0.0,1.0,0.0,0.0
BTCUSDT,2022-12-29,0.0,1.0,0.0,0.0
BTCUSDT,2022-12-30,0.0,1.0,0.0,0.0
BTCUSDT,2022-12-31,0.0,1.0,0.0,0.0
BTCUSDT,2023-01-01,0.0,1.0,0.0,0.0
BTCUSDT,2023-01-02,0.0,0.9999,0.0001,0.0
BTCUSDT,2023-01-03,0.0,0.9982,0.0018,0.0
BTCUSDT,2023-01-04,1.0,0.0,0.0,1.0
BTCUSDT,2023-01-05,1.0,0.0,0.0,1.0
BTCUSDT,2023-01-06,1.0,0.0,0.0,1.0
BTCUSDT,2023-01-07,1.0,0.0,0.0,1.0
BTCUSDT,2023-01-08,1.0,0.0,0.0,1.0
BTCUSDT,2023-01-09,1.0,0.0,0.0,1.0
BTCUSDT,2023-01-10,1.0,0.0,0.0,1.0
BTCUSDT,2023-01-11,1.0,0.0,0.0,1.0
BTCUSDT,2023-01-12,1.0,0.0,0.0,1.0
BTCUSDT,2023-01-13,1.0,0.0,0.0,1.0
BTCUSDT,2023-01-14,1.0,0.0,0.0,1.0
BTCUSDT,2023-01-15,1.0,0.0,0.0,1.0
BTCUSDT,2023-01-16,1.0,0.0,0.0,1.0
BTCUSDT,2023-01-17,1.0,0.0,0.0,1.0
BTCUSDT,2023-01-18,1.0,0.0,0.0,1.0
BTCUSDT,2023-01-19,1.0,0.0,0.0,1.0
BTCUSDT,2023-01-20,1.0,0.0,0.0,1.0
BTCUSDT,2023-01-21,1.0,0.0,0.0,1.0
BTCUSDT,2023-01-22,1.0,0.0,0.0,1.0
BTCUSDT,2023-01-23,1.0,0.0,0.0,1.0
BTCUSDT,2023-01-24,1.0,0.0,0.0,1.0
BTCUSDT,2023-01-25,1.0,0.0,0.0,1.0
BTCUSDT,2023-01-26,1.0,0.0,0.0,1.0
BTCUSDT,2023-01-27,1.0,0.0,0.0,1.0
BTCUSDT,2023-01-28,1.0,0.0,0.0,1.0
BTCUSDT,2023-01-29,1.0,0.0,0.0,1.0
BTCUSDT,2023-01-30,0.0,0.8447,0.1553,0.0
BTCUSDT,2023-01-31,1.0,0.0,0.0,1.0
BTCUSDT,2023-02-01,1.0,0.0,0.0,1.0
BTCUSDT,2023-02-02,1.0,0.0,0.0,1.0
BTCUSDT,2023-02-03,1.0,0.0,0.0,1.0
BTCUSDT,2023-02-04,1.0,0.0,0.0,1.0
BTCUSDT,2023-02-05,0.0,0.9947,0.0053,0.0
BTCUSDT,2023-02-06,0.0,0.9925,0.0075,0.0
BTCUSDT,2023-02-07,1.0,0.0,0.0,1.0
BTCUSDT,2023-02-08,0.0,0.9973,0.0027,0.0
BTCUSDT,2023-02-09,0.0,0.9968,0.0032,0.0
BTCUSDT,2023-02-10,0.0,0.9975,0.0025,0.0
BTCUSDT,2023-02-11,0.0,0.9993,0.0007,0.0
BTCUSDT,2023-02-12,0.0,0.9999,0.0001,0.0
BTCUSDT,2023-02-13,0.0,0.9998,0.0002,0.0
BTCUSDT,2023-02-14,0.0,0.9978,0.0022,0.0
BTCUSDT,2023-02-15,1.0,0.0,0.0,1.0
BTCUSDT,2023-02-16,1.0,0.0,0.0,1.0
BTCUSDT,2023-02-17,1.0,0.0,0.0,1.0
BTCUSDT,2023-02-18,1.0,0.0,0.0,1.0
BTCUSDT,2023-02-19,1.0,0.0,0.0,1.0
BTCUSDT,2023-02-20,1.0,0.0,0.0,1.0
BTCUSDT,2023-02-21,1.0,0.0,0.0,1.0
BTCUSDT,2023-02-22,0.0,0.8286,0.1714,0.0
BTCUSDT,2023-02-23,1.0,0.0,0.0,1.0
BTCUSDT,2023-02-24,0.0,0.9777,0.0223,0.0
BTCUSDT,2023-02-25,0.0,0.9856,0.0144,0.0
BTCUSDT,2023-02-26,0.0,0.9941,0.0059,0.0
BTCUSDT,2023-02-27,0.0,0.9963,0.0037,0.0
BTCUSDT,2023-02-28,0.0,0.9977,0.0023,0.0
BTCUSDT,2023-03-01,0.0,0.9989,0.0011,0.0
BTCUSDT,2023-03-02,0.0,0.999,0.001,0.0
BTCUSDT,2023-03-03,0.0,0.9967,0.0033,0.0
BTCUSDT,2023-03-04,0.0,0.9891,0.0109,0.0
BTCUSDT,2023-03-05,0.0,0.9632,0.0368,0.0
BTCUSDT,2023-03-06,0.0,0.9036,0.0964,0.0
BTCUSDT,2023-03-07,0.0,0.7582,0.2418,0.0
BTCUSDT,2023-03-08,0.0,0.2838,0.7162,0.0
BTCUSDT,2023-03-09,0.0,0.0001,0.9999,0.0
BTCUSDT,2023-03-10,0.0,0.005,0.995,0.0
BTCUSDT,2023-03-11,0.0,0.0838,0.9162,0.0
BTCUSDT,2023-03-12,0.0,0.1654,0.8346,0.0
BTCUSDT,2023-03-13,1.0,0.0,0.0,1.0
BTCUSDT,2023-03-14,1.0,0.0,0.0,1.0
BTCUSDT,2023-03-15,1.0,0.0,0.0,1.0
BTCUSDT,2023-03-16,1.0,0.0,0.0,1.0
BTCUSDT,2023-03-17,1.0,0.0,0.0,1.0
BTCUSDT,2023-03-18,1.0,0.0,0.0,1.0
BTCUSDT,2023-03-19,1.0,0.0,0.0,1.0
BTCUSDT,2023-03-20,1.0,0.0,0.0,1.0
BTCUSDT,2023-03-21,1.0,0.0,0.0,1.0
BTCUSDT,2023-03-22,1.0,0.0,0.0,1.0
BTCUSDT,2023-03-23,1.0,0.0,0.0,1.0
BTCUSDT,2023-03-24,1.0,0.0,0.0,1.0
BTCUSDT,2023-03-25,1.0,0.0,0.0,1.0
BTCUSDT,2023-03-26,0.0,0.0005,0.9995,0.0
BTCUSDT,2023-03-27,0.0,0.0,1.0,0.0
BTCUSDT,2023-03-28,0.0,0.0003,0.9997,0.0
BTCUSDT,2023-03-29,1.0,0.0,0.0,1.0
BTCUSDT,2023-03-30,0.0,0.1199,0.8801,0.0
BTCUSDT,2023-03-31,1.0,0.0,0.0,1.0
BTCUSDT,2023-04-01,1.0,0.0,0.0,1.0
BTCUSDT,2023-04-02,1.0,0.0,0.0,1.0
BTCUSDT,2023-04-03,1.0,0.0,0.0,1.0
BTCUSDT,2023-04-04,1.0,0.0,0.0,1.0
BTCUSDT,2023-04-05,0.0,0.7684,0.2316,0.0
BTCUSDT,2023-04-06,1.0,0.0,0.0,1.0
BTCUSDT,2023-04-07,0.0,0.9979,0.0021,0.0
BTCUSDT,2023-04-08,0.0,0.9971,0.0029,0.0
BTCUSDT,2023-04-09,1.0,0.0,0.0,1.0
BTCUSDT,2023-04-10,1.0,0.0,0.0,1.0
BTCUSDT,2023-04-11,1.0,0.0,0.0,1.0
BTCUSDT,2023-04-12,1.0,0.0,0.0,1.0
BTCUSDT,2023-04-13,1.0,0.0,0.0,1.0
BTCUSDT,2023-04-14,1.0,0.0,0.0,1.0
BTCUSDT,2023-04-15,1.0,0.0,0.0,1.0
BTCUSDT,2023-04-16,1.0,0.0,0.0,1.0
BTCUSDT,2023-04-17,0.0,0.9736,0.0264,0.0
BTCUSDT,2023-04-18,1.0,0.0,0.0,1.0
BTCUSDT,2023-04-19,0.0,0.7654,0.2346,0.0
BTCUSDT,2023-04-20,0.0,0.5922,0.4078,0.0
BTCUSDT,2023-04-21,0.0,0.2561,0.7439,0.0
BTCUSDT,2023-04-22,0.0,0.2754,0.7246,0.0
BTCUSDT,2023-04-23,0.0,0.3274,0.6726,0.0
BTCUSDT,2023-04-24,0.0,0.6564,0.3436,0.0
BTCUSDT,2023-04-25,0.0,0.7671,0.2329,0.0
BTCUSDT,2023-04-26,0.0,0.8227,0.1773,0.0
BTCUSDT,2023-04-27,1.0,0.0,0.0,1.0
BTCUSDT,2023-04-28,1.0,0.0,0.0,1.0
BTCUSDT,2023-04-29,1.0,0.0,0.0,1.0
BTCUSDT,2023-04-30,1.0,0.0,0.0,1.0
BTCUSDT,2023-05-01,1.0,0.0,0.0,1.0
BTCUSDT,2023-05-02,1.0,0.0,0.0,1.0
BTCUSDT,2023-05-03,1.0,0.0,0.0,1.0
BTCUSDT,2023-05-04,0.0,0.9631,0.0369,0.0
BTCUSDT,2023-05-05,1.0,0.0,0.0,1.0
BTCUSDT,2023-05-06,0.0,0.9986,0.0014,0.0
BTCUSDT,2023-05-07,0.0,0.9998,0.0002,0.0
BTCUSDT,2023-05-08,0.0,0.9999,0.0001,0.0
BTCUSDT,2023-05-09,0.0,0.9999,0.0001,0.0
BTCUSDT,2023-05-10,0.0,0.9997,0.0003,0.0
BTCUSDT,2023-05-11,0.0,0.9975,0.0025,0.0
BTCUSDT,2023-05-12,0.0,0.9898,0.0102,0.0
BTCUSDT,2023-05-13,0.0,0.9954,0.0046,0.0
BTCUSDT,2023-05-14,0.0,0.9995,0.0005,0.0
BTCUSDT,2023-05-15,0.0,1.0,0.0,0.0
BTCUSDT,2023-05-16,0.0,1.0,0.0,0.0
BTCUSDT,2023-05-17,0.0,0.9999,0.0001,0.0
BTCUSDT,2023-05-18,0.0,0.9985,0.0015,0.0
BTCUSDT,2023-05-19,1.0,0.0,0.0,1.0
BTCUSDT,2023-05-20,1.0,0.0,0.0,1.0
BTCUSDT,2023-05-21,0.0,0.9982,0.0018,0.0
BTCUSDT,2023-05-22,0.0,0.9976,0.0024,0.0
BTCUSDT,2023-05-23,1.0,0.0,0.0,1.0
BTCUSDT,2023-05-24,0.0,0.9993,0.0007,0.0
BTCUSDT,2023-05-25,0.0,0.9999,0.0001,0.0
BTCUSDT,2023-05-26,0.0,0.9999,0.0001,0.0
BTCUSDT,2023-05-27,0.0,0.9986,0.0014,0.0
BTCUSDT,2023-05-28,1.0,0.0,0.0,1.0
BTCUSDT,2023-05-29,1.0,0.0,0.0,1.0
BTCUSDT,2023-05-30,1.0,0.0,0.0,1.0
BTCUSDT,2023-05-31,1.0,0.0,0.0,1.0
BTCUSDT,2023-06-01,1.0,0.0,0.0,1.0
BTCUSDT,2023-06-02,1.0,0.0,0.0,1.0
BTCUSDT,2023-06-03,1.0,0.0,0.0,1.0
BTCUSDT,2023-06-04,0.0,0.9992,0.0008,0.0
BTCUSDT,2023-06-05,0.0,0.9993,0.0007,0.0
BTCUSDT,2023-06-06,0.0,0.9999,0.0001,0.0
BTCUSDT,2023-06-07,0.0,0.9999,0.0001,0.0
BTCUSDT,2023-06-08,0.0,0.9999,0.0001,0.0
BTCUSDT,2023-06-09,0.0,0.9999,0.0001,0.0
BTCUSDT,2023-06-10,0.0,0.9994,0.0006,0.0
BTCUSDT,2023-06-11,0.0,0.9962,0.0038,0.0
BTCUSDT,2023-06-12,1.0,0.0,0.0,1.0
BTCUSDT,2023-06-13,0.0,0.9979,0.0021,0.0
BTCUSDT,2023-06-14,0.0,0.9995,0.0005,0.0
BTCUSDT,2023-06-15,0.0,0.9994,0.0006,0.0
BTCUSDT,2023-06-16,0.0,0.9953,0.0047,0.0
BTCUSDT,2023-06-17,1.0,0.0,0.0,1.0
BTCUSDT,2023-06-18,1.0,0.0,0.0,1.0
BTCUSDT,2023-06-19,1.0,0.0,0.0,1.0
BTCUSDT,2023-06-20,1.0,0.0,0.0,1.0
BTCUSDT,2023-06-21,1.0,0.0,0.0,1.0
BTCUSDT,2023-06-22,1.0,0.0,0.0,1.0
BTCUSDT,2023-06-23,1.0,0.0,0.0,1.0
BTCUSDT,2023-06-24,1.0,0.0,0.0,1.0
BTCUSDT,2023-06-25,1.0,0.0,0.0,1.0
BTCUSDT,2023-06-26,1.0,0.0,0.0,1.0
BTCUSDT,2023-06-27,1.0,0.0,0.0,1.0
BTCUSDT,2023-06-28,1.0,0.0,0.0,1.0
BTCUSDT,2023-06-29,1.0,0.0,0.0,1.0
BTCUSDT,2023-06-30,0.0,0.9556,0.0444,0.0
BTCUSDT,2023-07-01,1.0,0.0,0.0,1.0
BTCUSDT,2023-07-02,1.0,0.0,0.0,1.0
BTCUSDT,2023-07-03,1.0,0.0,0.0,1.0
BTCUSDT,2023-07-04,1.0,0.0,0.0,1.0
BTCUSDT,2023-07-05,1.0,0.0,0.0,1.0
BTCUSDT,2023-07-06,0.0,0.9993,0.0007,0.0
BTCUSDT,2023-07-07,0.0,0.9999,0.0001,0.0
BTCUSDT,2023-07-08,0.0,1.0,0.0,0.0
BTCUSDT,2023-07-09,0.0,1.0,0.0,0.0
BTCUSDT,2023-07-10,0.0,1.0,0.0,0.0
BTCUSDT,2023-07-11,0.0,0.9999,0.0001,0.0
BTCUSDT,2023-07-12,0.0,0.998,0.002,0.0
BTCUSDT,2023-07-13,1.0,0.0,0.0,1.0
BTCUSDT,2023-07-14,0.0,0.9658,0.0342,0.0
BTCUSDT,2023-07-15,1.0,0.0,0.0,1.0
BTCUSDT,2023-07-16,1.0,0.0,0.0,1.0
BTCUSDT,2023-07-17,0.0,0.9994,0.0006,0.0
BTCUSDT,2023-07-18,0.0,1.0,0.0,0.0
BTCUSDT,2023-07-19,0.0,1.0,0.0,0.0
BTCUSDT,2023-07-20,0.0,0.9999,0.0001,0.0
BTCUSDT,2023-07-21,0.0,1.0,0.0,0.0
BTCUSDT,2023-07-22,0.0,1.0,0.0,0.0
BTCUSDT,2023-07-23,0.0,1.0,0.0,0.0
BTCUSDT,2023-07-24,0.0,1.0,0.0,0.0
BTCUSDT,2023-07-25,0.0,1.0,0.0,0.0
BTCUSDT,2023-07-26,0.0,1.0,0.0,0.0
BTCUSDT,2023-07-27,0.0,1.0,0.0,0.0
BTCUSDT,2023-07-28,0.0,1.0,0.0,0.0
BTCUSDT,2023-07-29,0.0,0.9999,0.0001,0.0
BTCUSDT,2023-07-30,0.0,0.9988,0.0012,0.0
BTCUSDT,2023-07-31,1.0,0.0,0.0,1.0
BTCUSDT,2023-08-01,1.0,0.0,0.0,1.0
BTCUSDT,2023-08-02,0.0,0.9993,0.0007,0.0
BTCUSDT,2023-08-03,0.0,0.9999,0.0001,0.0
BTCUSDT,2023-08-04,0.0,0.9999,0.0001,0.0
BTCUSDT,2023-08-05,0.0,0.9999,0.0001,0.0
BTCUSDT,2023-08-06,0.0,0.9997,0.0003,0.0
BTCUSDT,2023-08-07,0.0,0.9969,0.0031,0.0
BTCUSDT,2023-08-08,1.0,0.0,0.0,1.0
BTCUSDT,2023-08-09,1.0,0.0,0.0,1.0
BTCUSDT,2023-08-10,1.0,0.0,0.0,1.0
BTCUSDT,2023-08-11,1.0,0.0,0.0,1.0
BTCUSDT,2023-08-12,1.0,0.0,0.0,1.0
BTCUSDT,2023-08-13,1.0,0.0,0.0,1.0
BTCUSDT,2023-08-14,1.0,0.0,0.0,1.0
BTCUSDT,2023-08-15,0.0,0.8743,0.1257,0.0
BTCUSDT,2023-08-16,0.0,0.8084,0.1916,0.0
BTCUSDT,2023-08-17,0.0,0.0772,0.9228,0.0
BTCUSDT,2023-08-18,0.0,0.0002,0.9998,0.0
BTCUSDT,2023-08-19,0.0,0.0,1.0,0.0
BTCUSDT,2023-08-20,0.0,0.0,1.0,0.0
BTCUSDT,2023-08-21,0.0,0.0,1.0,0.0
BTCUSDT,2023-08-22,0.0,0.0046,0.9954,0.0
BTCUSDT,2023-08-23,0.0,0.4476,0.5524,0.0
BTCUSDT,2023-08-24,0.0,0.978,0.022,0.0
BTCUSDT,2023-08-25,0.0,0.9985,0.0015,0.0
BTCUSDT,2023-08-26,0.0,0.9999,0.0001,0.0
BTCUSDT,2023-08-27,0.0,0.9998,0.0002,0.0
BTCUSDT,2023-08-28,0.0,0.998,0.002,0.0
BTCUSDT,2023-08-29,1.0,0.0,0.0,1.0
BTCUSDT,2023-08-30,1.0,0.0,0.0,1.0
BTCUSDT,2023-08-31,0.0,0.9984,0.0016,0.0
BTCUSDT,2023-09-01,0.0,0.9997,0.0003,0.0
BTCUSDT,2023-09-02,0.0,0.9998,0.0002,0.0
BTCUSDT,2023-09-03,0.0,0.9998,0.0002,0.0
BTCUSDT,2023-09-04,0.0,0.9991,0.0009,0.0
BTCUSDT,2023-09-05,0.0,0.993,0.007,0.0
BTCUSDT,2023-09-06,0.0,0.9865,0.0135,0.0
BTCUSDT,2023-09-07,1.0,0.0,0.0,1.0
BTCUSDT,2023-09-08,1.0,0.0,0.0,1.0
BTCUSDT,2023-09-09,1.0,0.0,0.0,1.0
BTCUSDT,2023-09-10,0.0,0.9978,0.0022,0.0
BTCUSDT,2023-09-11,0.0,0.9973,0.0027,0.0
BTCUSDT,2023-09-12,1.0,0.0,0.0,1.0
BTCUSDT,2023-09-13,1.0,0.0,0.0,1.0
BTCUSDT,2023-09-14,1.0,0.0,0.0,1.0
BTCUSDT,2023-09-15,1.0,0.0,0.0,1.0
BTCUSDT,2023-09-16,1.0,0.0,0.0,1.0
BTCUSDT,2023-09-17,1.0,0.0,0.0,1.0
BTCUSDT,2023-09-18,1.0,0.0,0.0,1.0
BTCUSDT,2023-09-19,1.0,0.0,0.0,1.0
BTCUSDT,2023-09-20,1.0,0.0,0.0,1.0
BTCUSDT,2023-09-21,1.0,0.0,0.0,1.0
BTCUSDT,2023-09-22,0.0,0.9622,0.0378,0.0
BTCUSDT,2023-09-23,1.0,0.0,0.0,1.0
BTCUSDT,2023-09-24,0.0,0.9993,0.0007,0.0
BTCUSDT,2023-09-25,0.0,0.9999,0.0001,0.0
BTCUSDT,2023-09-26,0.0,0.9999,0.0001,0.0
BTCUSDT,2023-09-27,0.0,0.9986,0.0014,0.0
BTCUSDT,2023-09-28,1.0,0.0,0.0,1.0
BTCUSDT,2023-09-29,1.0,0.0,0.0,1.0
BTCUSDT,2023-09-30,1.0,0.0,0.0,1.0
BTCUSDT,2023-10-01,1.0,0.0,0.0,1.0
BTCUSDT,2023-10-02,1.0,0.0,0.0,1.0
BTCUSDT,2023-10-03,1.0,0.0,0.0,1.0
BTCUSDT,2023-10-04,1.0,0.0,0.0,1.0
BTCUSDT,2023-10-05,1.0,0.0,0.0,1.0
BTCUSDT,2023-10-06,1.0,0.0,0.0,1.0
BTCUSDT,2023-10-07,1.0,0.0,0.0,1.0
BTCUSDT,2023-10-08,0.0,0.9668,0.0332,0.0
BTCUSDT,2023-10-09,1.0,0.0,0.0,1.0
BTCUSDT,2023-10-10,0.0,0.9992,0.0008,0.0
BTCUSDT,2023-10-11,0.0,0.9999,0.0001,0.0
BTCUSDT,2023-10-12,0.0,1.0,0.0,0.0
BTCUSDT,2023-10-13,0.0,1.0,0.0,0.0
BTCUSDT,2023-10-14,0.0,0.9999,0.0001,0.0
BTCUSDT,2023-10-15,0.0,0.9987,0.0013,0.0
BTCUSDT,2023-10-16,1.0,0.0,0.0,1.0
BTCUSDT,2023-10-17,1.0,0.0,0.0,1.0
BTCUSDT,2023-10-18,1.0,0.0,0.0,1.0
BTCUSDT,2023-10-19,1.0,0.0,0.0,1.0
BTCUSDT,2023-10-20,1.0,0.0,0.0,1.0
BTCUSDT,2023-10-21,1.0,0.0,0.0,1.0
BTCUSDT,2023-10-22,1.0,0.0,0.0,1.0
BTCUSDT,2023-10-23,1.0,0.0,0.0,1.0
BTCUSDT,2023-10-24,1.0,0.0,0.0,1.0
BTCUSDT,2023-10-25,1.0,0.0,0.0,1.0
BTCUSDT,2023-10-26,1.0,0.0,0.0,1.0
BTCUSDT,2023-10-27,1.0,0.0,0.0,1.0
BTCUSDT,2023-10-28,1.0,0.0,0.0,1.0
BTCUSDT,2023-10-29,1.0,0.0,0.0,1.0
BTCUSDT,2023-10-30,1.0,0.0,0.0,1.0
BTCUSDT,2023-10-31,1.0,0.0,0.0,1.0
BTCUSDT,2023-11-01,1.0,0.0,0.0,1.0
BTCUSDT,2023-11-02,1.0,0.0,0.0,1.0
BTCUSDT,2023-11-03,1.0,0.0,0.0,1.0
BTCUSDT,2023-11-04,1.0,0.0,0.0,1.0
BTCUSDT,2023-11-05,1.0,0.0,0.0,1.0
BTCUSDT,2023-11-06,1.0,0.0,0.0,1.0
BTCUSDT,2023-11-07,1.0,0.0,0.0,1.0
BTCUSDT,2023-11-08,1.0,0.0,0.0,1.0
BTCUSDT,2023-11-09,1.0,0.0,0.0,1.0
BTCUSDT,2023-11-10,1.0,0.0,0.0,1.0
BTCUSDT,2023-11-11,1.0,0.0,0.0,1.0
BTCUSDT,2023-11-12,1.0,0.0,0.0,1.0
BTCUSDT,2023-11-13,1.0,0.0,0.0,1.0
BTCUSDT,2023-11-14,1.0,0.0,0.0,1.0
BTCUSDT,2023-11-15,1.0,0.0,0.0,1.0
BTCUSDT,2023-11-16,0.0,0.9991,0.0009,0.0
BTCUSDT,2023-11-17,0.0,0.9997,0.0003,0.0
BTCUSDT,2023-11-18,0.0,0.9981,0.0019,0.0
BTCUSDT,2023-11-19,1.0,0.0,0.0,1.0
BTCUSDT,2023-11-20,1.0,0.0,0.0,1.0
BTCUSDT,2023-11-21,1.0,0.0,0.0,1.0
BTCUSDT,2023-11-22,0.0,0.9274,0.0726,0.0
BTCUSDT,2023-11-23,1.0,0.0,0.0,1.0
BTCUSDT,2023-11-24,1.0,0.0,0.0,1.0
BTCUSDT,2023-11-25,1.0,0.0,0.0,1.0
BTCUSDT,2023-11-26,1.0,0.0,0.0,1.0
BTCUSDT,2023-11-27,0.0,0.9138,0.0862,0.0
BTCUSDT,2023-11-28,1.0,0.0,0.0,1.0
BTCUSDT,2023-11-29,1.0,0.0,0.0,1.0
BTCUSDT,2023-11-30,1.0,0.0,0.0,1.0
BTCUSDT,2023-12-01,1.0,0.0,0.0,1.0
BTCUSDT,2023-12-02,1.0,0.0,0.0,1.0
BTCUSDT,2023-12-03,1.0,0.0,0.0,1.0
BTCUSDT,2023-12-04,1.0,0.0,0.0,1.0
BTCUSDT,2023-12-05,1.0,0.0,0.0,1.0
BTCUSDT,2023-12-06,1.0,0.0,0.0,1.0
BTCUSDT,2023-12-07,1.0,0.0,0.0,1.0
BTCUSDT,2023-12-08,1.0,0.0,0.0,1.0
BTCUSDT,2023-12-09,1.0,0.0,0.0,1.0
BTCUSDT,2023-12-10,1.0,0.0,0.0,1.0
BTCUSDT,2023-12-11,0.0,0.9976,0.0024,0.0
BTCUSDT,2023-12-12,0.0,0.9992,0.0008,0.0
BTCUSDT,2023-12-13,0.0,0.9999,0.0001,0.0
BTCUSDT,2023-12-14,0.0,0.9999,0.0001,0.0
BTCUSDT,2023-12-15,0.0,0.9998,0.0002,0.0
BTCUSDT,2023-12-16,0.0,0.9992,0.0008,0.0
BTCUSDT,2023-12-17,0.0,0.9925,0.0075,0.0
BTCUSDT,2023-12-18,1.0,0.0,0.0,1.0
BTCUSDT,2023-12-19,1.0,0.0,0.0,1.0
BTCUSDT,2023-12-20,1.0,0.0,0.0,1.0
BTCUSDT,2023-12-21,1.0,0.0,0.0,1.0
BTCUSDT,2023-12-22,1.0,0.0,0.0,1.0
BTCUSDT,2023-12-23,1.0,0.0,0.0,1.0
BTCUSDT,2023-12-24,1.0,0.0,0.0,1.0
BTCUSDT,2023-12-25,1.0,0.0,0.0,1.0
BTCUSDT,2023-12-26,1.0,0.0,0.0,1.0
BTCUSDT,2023-12-27,0.0,0.9988,0.0012,0.0
BTCUSDT,2023-12-28,0.0,0.9999,0.0001,0.0
BTCUSDT,2023-12-29,0.0,0.9999,0.0001,0.0
BTCUSDT,2023-12-30,0.0,0.9998,0.0002,0.0
BTCUSDT,2023-12-31,0.0,0.9982,0.0018,0.0
BTCUSDT,2024-01-01,1.0,0.0,0.0,1.0
BTCUSDT,2024-01-02,1.0,0.0,0.0,1.0
BTCUSDT,2024-01-03,0.0,0.9657,0.0343,0.0
BTCUSDT,2024-01-04,1.0,0.0,0.0,1.0
BTCUSDT,2024-01-05,1.0,0.0,0.0,1.0
BTCUSDT,2024-01-06,1.0,0.0,0.0,1.0
BTCUSDT,2024-01-07,1.0,0.0,0.0,1.0
BTCUSDT,2024-01-08,1.0,0.0,0.0,1.0
BTCUSDT,2024-01-09,1.0,0.0,0.0,1.0
BTCUSDT,2024-01-10,1.0,0.0,0.0,1.0
BTCUSDT,2024-01-11,1.0,0.0,0.0,1.0
BTCUSDT,2024-01-12,0.0,0.4267,0.5733,0.0
BTCUSDT,2024-01-13,0.0,0.3614,0.6386,0.0
BTCUSDT,2024-01-14,0.0,0.2048,0.7952,0.0
BTCUSDT,2024-01-15,0.0,0.0043,0.9957,0.0
BTCUSDT,2024-01-16,0.0,0.0018,0.9982,0.0
BTCUSDT,2024-01-17,0.0,0.0002,0.9998,0.0
BTCUSDT,2024-01-18,0.0,0.0,1.0,0.0
BTCUSDT,2024-01-19,0.0,0.027,0.973,0.0
BTCUSDT,2024-01-20,0.0,0.0383,0.9617,0.0
BTCUSDT,2024-01-21,0.0,0.0399,0.9601,0.0
BTCUSDT,2024-01-22,0.0,0.0381,0.9619,0.0
BTCUSDT,2024-01-23,0.0,0.0499,0.9501,0.0
BTCUSDT,2024-01-24,0.0,0.1327,0.8673,0.0
BTCUSDT,2024-01-25,0.0,0.2195,0.7805,0.0
BTCUSDT,2024-01-26,1.0,0.0,0.0,1.0
BTCUSDT,2024-01-27,1.0,0.0,0.0,1.0
BTCUSDT,2024-01-28,1.0,0.0,0.0,1.0
BTCUSDT,2024-01-29,1.0,0.0,0.0,1.0
BTCUSDT,2024-01-30,1.0,0.0,0.0,1.0
BTCUSDT,2024-01-31,1.0,0.0,0.0,1.0
BTCUSDT,2024-02-01,1.0,0.0,0.0,1.0
BTCUSDT,2024-02-02,1.0,0.0,0.0,1.0
BTCUSDT,2024-02-03,1.0,0.0,0.0,1.0
BTCUSDT,2024-02-04,1.0,0.0,0.0,1.0
BTCUSDT,2024-02-05,0.0,0.9751,0.0249,0.0
BTCUSDT,2024-02-06,1.0,0.0,0.0,1.0
BTCUSDT,2024-02-07,1.0,0.0,0.0,1.0
BTCUSDT,2024-02-08,1.0,0.0,0.0,1.0
BTCUSDT,2024-02-09,1.0,0.0,0.0,1.0
BTCUSDT,2024-02-10,1.0,0.0,0.0,1.0
BTCUSDT,2024-02-11,1.0,0.0,0.0,1.0
BTCUSDT,2024-02-12,1.0,0.0,0.0,1.0
BTCUSDT,2024-02-13,1.0,0.0,0.0,1.0
BTCUSDT,2024-02-14,1.0,0.0,0.0,1.0
BTCUSDT,2024-02-15,1.0,0.0,0.0,1.0
BTCUSDT,2024-02-16,1.0,0.0,0.0,1.0
BTCUSDT,2024-02-17,1.0,0.0,0.0,1.0
BTCUSDT,2024-02-18,1.0,0.0,0.0,1.0
BTCUSDT,2024-02-19,1.0,0.0,0.0,1.0
BTCUSDT,2024-02-20,1.0,0.0,0.0,1.0
BTCUSDT,2024-02-21,1.0,0.0,0.0,1.0
BTCUSDT,2024-02-22,0.0,0.9995,0.0005,0.0
BTCUSDT,2024-02-23,0.0,0.9999,0.0001,0.0
BTCUSDT,2024-02-24,0.0,0.9999,0.0001,0.0
BTCUSDT,2024-02-25,0.0,0.9986,0.0014,0.0
BTCUSDT,2024-02-26,1.0,0.0,0.0,1.0
BTCUSDT,2024-02-27,1.0,0.0,0.0,1.0
BTCUSDT,2024-02-28,1.0,0.0,0.0,1.0
BTCUSDT,2024-02-29,1.0,0.0,0.0,1.0
BTCUSDT,2024-03-01,1.0,0.0,0.0,1.0
BTCUSDT,2024-03-02,1.0,0.0,0.0,1.0
BTCUSDT,2024-03-03,1.0,0.0,0.0,1.0
BTCUSDT,2024-03-04,1.0,0.0,0.0,1.0
BTCUSDT,2024-03-05,1.0,0.0,0.0,1.0
BTCUSDT,2024-03-06,1.0,0.0,0.0,1.0
BTCUSDT,2024-03-07,1.0,0.0,0.0,1.0
BTCUSDT,2024-03-08,1.0,0.0,0.0,1.0
BTCUSDT,2024-03-09,1.0,0.0,0.0,1.0
BTCUSDT,2024-03-10,1.0,0.0,0.0,1.0
BTCUSDT,2024-03-11,1.0,0.0,0.0,1.0
BTCUSDT,2024-03-12,1.0,0.0,0.0,1.0
BTCUSDT,2024-03-13,1.0,0.0,0.0,1.0
BTCUSDT,2024-03-14,1.0,0.0,0.0,1.0
BTCUSDT,2024-03-15,1.0,0.0,0.0,1.0
BTCUSDT,2024-03-16,0.0,0.0008,0.9992,0.0
BTCUSDT,2024-03-17,0.0,0.0,1.0,0.0
BTCUSDT,2024-03-18,0.0,0.0,1.0,0.0
BTCUSDT,2024-03-19,0.0,0.0,1.0,0.0
BTCUSDT,2024-03-20,0.0,0.0,1.0,0.0
BTCUSDT,2024-03-21,0.0,0.0,1.0,0.0
BTCUSDT,2024-03-22,0.0,0.0,1.0,0.0
BTCUSDT,2024-03-23,0.0,0.0,1.0,0.0
BTCUSDT,2024-03-24,0.0,0.0,1.0,0.0
BTCUSDT,2024-03-25,1.0,0.0,0.0,1.0
BTCUSDT,2024-03-26,1.0,0.0,0.0,1.0
BTCUSDT,2024-03-27,1.0,0.0,0.0,1.0
BTCUSDT,2024-03-28,1.0,0.0,0.0,1.0
BTCUSDT,2024-03-29,1.0,0.0,0.0,1.0
BTCUSDT,2024-03-30,1.0,0.0,0.0,1.0
BTCUSDT,2024-03-31,1.0,0.0,0.0,1.0
BTCUSDT,2024-04-01,0.0,0.0007,0.9993,0.0
BTCUSDT,2024-04-02,0.0,0.0,1.0,0.0
BTCUSDT,2024-04-03,0.0,0.0,1.0,0.0
BTCUSDT,2024-04-04,0.0,0.0,1.0,0.0
BTCUSDT,2024-04-05,0.0,0.0,1.0,0.0
BTCUSDT,2024-04-06,0.0,0.0,1.0,0.0
BTCUSDT,2024-04-07,0.0,0.0013,0.9987,0.0
BTCUSDT,2024-04-08,1.0,0.0,0.0,1.0
BTCUSDT,2024-04-09,1.0,0.0,0.0,1.0
BTCUSDT,2024-04-10,1.0,0.0,0.0,1.0
BTCUSDT,2024-04-11,1.0,0.0,0.0,1.0
BTCUSDT,2024-04-12,0.0,0.2394,0.7606,0.0
BTCUSDT,2024-04-13,0.0,0.0945,0.9055,0.0
BTCUSDT,2024-04-14,0.0,0.0624,0.9376,0.0
BTCUSDT,2024-04-15,0.0,0.0001,0.9999,0.0
BTCUSDT,2024-04-16,0.0,0.0002,0.9998,0.0
BTCUSDT,2024-04-17,0.0,0.0,1.0,0.0
BTCUSDT,2024-04-18,0.0,0.0006,0.9994,0.0
BTCUSDT,2024-04-19,0.0,0.0292,0.9708,0.0
BTCUSDT,2024-04-20,1.0,0.0,0.0,1.0
BTCUSDT,2024-04-21,0.0,0.7838,0.2162,0.0
BTCUSDT,2024-04-22,1.0,0.0,0.0,1.0
BTCUSDT,2024-04-23,1.0,0.0,0.0,1.0
BTCUSDT,2024-04-24,1.0,0.0,0.0,1.0
BTCUSDT,2024-04-25,1.0,0.0,0.0,1.0
BTCUSDT,2024-04-26,0.0,0.984,0.016,0.0
BTCUSDT,2024-04-27,0.0,0.9854,0.0146,0.0
BTCUSDT,2024-04-28,0.0,0.9708,0.0292,0.0
BTCUSDT,2024-04-29,0.0,0.8592,0.1408,0.0
BTCUSDT,2024-04-30,0.0,0.1443,0.8557,0.0
BTCUSDT,2024-05-01,0.0,0.0543,0.9457,0.0
BTCUSDT,2024-05-02,0.0,0.0572,0.9428,0.0
BTCUSDT,2024-05-03,0.0,0.0963,0.9037,0.0
BTCUSDT,2024-05-04,1.0,0.0,0.0,1.0
BTCUSDT,2024-05-05,1.0,0.0,0.0,1.0
BTCUSDT,2024-05-06,0.0,0.9086,0.0914,0.0
BTCUSDT,2024-05-07,1.0,0.0,0.0,1.0
BTCUSDT,2024-05-08,1.0,0.0,0.0,1.0
BTCUSDT,2024-05-09,1.0,0.0,0.0,1.0
BTCUSDT,2024-05-10,0.0,0.9978,0.0022,0.0
BTCUSDT,2024-05-11,0.0,0.9993,0.0007,0.0
BTCUSDT,2024-05-12,0.0,0.9996,0.0004,0.0
BTCUSDT,2024-05-13,0.0,0.9988,0.0012,0.0
BTCUSDT,2024-05-14,0.0,0.9948,0.0052,0.0
BTCUSDT,2024-05-15,1.0,0.0,0.0,1.0
BTCUSDT,2024-05-16,1.0,0.0,0.0,1.0
BTCUSDT,2024-05-17,1.0,0.0,0.0,1.0
BTCUSDT,2024-05-18,1.0,0.0,0.0,1.0
BTCUSDT,2024-05-19,1.0,0.0,0.0,1.0
BTCUSDT,2024-05-20,1.0,0.0,0.0,1.0
BTCUSDT,2024-05-21,1.0,0.0,0.0,1.0
BTCUSDT,2024-05-22,1.0,0.0,0.0,1.0
BTCUSDT,2024-05-23,1.0,0.0,0.0,1.0
BTCUSDT,2024-05-24,1.0,0.0,0.0,1.0
BTCUSDT,2024-05-25,1.0,0.0,0.0,1.0
BTCUSDT,2024-05-26,1.0,0.0,0.0,1.0
BTCUSDT,2024-05-27,0.0,0.9732,0.0268,0.0
BTCUSDT,2024-05-28,0.0,0.974,0.026,0.0
BTCUSDT,2024-05-29,0.0,0.9665,0.0335,0.0
BTCUSDT,2024-05-30,1.0,0.0,0.0,1.0
BTCUSDT,2024-05-31,0.0,0.9952,0.0048,0.0
BTCUSDT,2024-06-01,0.0,0.9975,0.0025,0.0
BTCUSDT,2024-06-02,0.0,0.9962,0.0038,0.0
BTCUSDT,2024-06-03,0.0,0.9894,0.0106,0.0
BTCUSDT,2024-06-04,1.0,0.0,0.0,1.0
BTCUSDT,2024-06-05,1.0,0.0,0.0,1.0
BTCUSDT,2024-06-06,1.0,0.0,0.0,1.0
BTCUSDT,2024-06-07,1.0,0.0,0.0,1.0
BTCUSDT,2024-06-08,1.0,0.0,0.0,1.0
BTCUSDT,2024-06-09,1.0,0.0,0.0,1.0
BTCUSDT,2024-06-10,1.0,0.0,0.0,1.0
BTCUSDT,2024-06-11,0.0,0.999,0.001,0.0
BTCUSDT,2024-06-12,0.0,0.9999,0.0001,0.0
BTCUSDT,2024-06-13,0.0,0.9999,0.0001,0.0
BTCUSDT,2024-06-14,0.0,0.9999,0.0001,0.0
BTCUSDT,2024-06-15,0.0,0.9999,0.0001,0.0
BTCUSDT,2024-06-16,0.0,1.0,0.0,0.0
BTCUSDT,2024-06-17,0.0,1.0,0.0,0.0
BTCUSDT,2024-06-18,0.0,1.0,0.0,0.0
BTCUSDT,2024-06-19,0.0,0.9999,0.0001,0.0
BTCUSDT,2024-06-20,0.0,1.0,0.0,0.0
BTCUSDT,2024-06-21,0.0,1.0,0.0,0.0
BTCUSDT,2024-06-22,0.0,0.9999,0.0001,0.0
BTCUSDT,2024-06-23,0.0,0.9992,0.0008,0.0
BTCUSDT,2024-06-24,0.0,0.9926,0.0074,0.0
BTCUSDT,2024-06-25,0.0,0.9991,0.0009,0.0
BTCUSDT,2024-06-26,0.0,0.9996,0.0004,0.0
BTCUSDT,2024-06-27,0.0,0.9999,0.0001,0.0
BTCUSDT,2024-06-28,0.0,0.9999,0.0001,0.0
BTCUSDT,2024-06-29,0.0,0.9998,0.0002,0.0
BTCUSDT,2024-06-30,0.0,0.9984,0.0016,0.0
BTCUSDT,2024-07-01,1.0,0.0,0.0,1.0
BTCUSDT,2024-07-02,1.0,0.0,0.0,1.0
BTCUSDT,2024-07-03,0.0,0.9903,0.0097,0.0
BTCUSDT,2024-07-04,0.0,0.9805,0.0195,0.0
BTCUSDT,2024-07-05,0.0,0.9692,0.0308,0.0
BTCUSDT,2024-07-06,0.0,0.9085,0.0915,0.0
BTCUSDT,2024-07-07,0.0,0.1094,0.8906,0.0
BTCUSDT,2024-07-08,0.0,0.1151,0.8849,0.0
BTCUSDT,2024-07-09,0.0,0.3711,0.6289,0.0
BTCUSDT,2024-07-10,0.0,0.483,0.517,0.0
BTCUSDT,2024-07-11,1.0,0.0,0.0,1.0
BTCUSDT,2024-07-12,1.0,0.0,0.0,1.0
BTCUSDT,2024-07-13,1.0,0.0,0.0,1.0
BTCUSDT,2024-07-14,1.0,0.0,0.0,1.0
BTCUSDT,2024-07-15,1.0,0.0,0.0,1.0
BTCUSDT,2024-07-16,1.0,0.0,0.0,1.0
BTCUSDT,2024-07-17,1.0,0.0,0.0,1.0
BTCUSDT,2024-07-18,1.0,0.0,0.0,1.0
BTCUSDT,2024-07-19,1.0,0.0,0.0,1.0
BTCUSDT,2024-07-20,1.0,0.0,0.0,1.0
BTCUSDT,2024-07-21,1.0,0.0,0.0,1.0
BTCUSDT,2024-07-22,1.0,0.0,0.0,1.0
BTCUSDT,2024-07-23,1.0,0.0,0.0,1.0
BTCUSDT,2024-07-24,1.0,0.0,0.0,1.0
BTCUSDT,2024-07-25,1.0,0.0,0.0,1.0
BTCUSDT,2024-07-26,1.0,0.0,0.0,1.0
BTCUSDT,2024-07-27,1.0,0.0,0.0,1.0
BTCUSDT,2024-07-28,1.0,0.0,0.0,1.0
BTCUSDT,2024-07-29,0.0,0.9647,0.0353,0.0
BTCUSDT,2024-07-30,1.0,0.0,0.0,1.0
BTCUSDT,2024-07-31,0.0,0.896,0.104,0.0
BTCUSDT,2024-08-01,0.0,0.8266,0.1734,0.0
BTCUSDT,2024-08-02,0.0,0.0268,0.9732,0.0
BTCUSDT,2024-08-03,0.0,0.0002,0.9998,0.0
BTCUSDT,2024-08-04,0.0,0.0,1.0,0.0
BTCUSDT,2024-08-05,0.0,0.0,1.0,0.0
BTCUSDT,2024-08-06,0.0,0.0,1.0,0.0
BTCUSDT,2024-08-07,0.0,0.0,1.0,0.0
BTCUSDT,2024-08-08,0.0,0.0,1.0,0.0
BTCUSDT,2024-08-09,0.0,0.0007,0.9993,0.0
BTCUSDT,2024-08-10,1.0,0.0,0.0,1.0
BTCUSDT,2024-08-11,1.0,0.0,0.0,1.0
BTCUSDT,2024-08-12,1.0,0.0,0.0,1.0
BTCUSDT,2024-08-13,1.0,0.0,0.0,1.0
BTCUSDT,2024-08-14,1.0,0.0,0.0,1.0
BTCUSDT,2024-08-15,0.0,0.0003,0.9997,0.0
BTCUSDT,2024-08-16,0.0,0.0,1.0,0.0
BTCUSDT,2024-08-17,0.0,0.0,1.0,0.0
BTCUSDT,2024-08-18,0.0,0.0003,0.9997,0.0
BTCUSDT,2024-08-19,1.0,0.0,0.0,1.0
BTCUSDT,2024-08-20,0.0,0.0434,0.9566,0.0
BTCUSDT,2024-08-21,1.0,0.0,0.0,1.0
BTCUSDT,2024-08-22,1.0,0.0,0.0,1.0
BTCUSDT,2024-08-23,1.0,0.0,0.0,1.0
BTCUSDT,2024-08-24,1.0,0.0,0.0,1.0
BTCUSDT,2024-08-25,1.0,0.0,0.0,1.0
BTCUSDT,2024-08-26,1.0,0.0,0.0,1.0
BTCUSDT,2024-08-27,1.0,0.0,0.0,1.0
BTCUSDT,2024-08-28,0.0,0.0975,0.9025,0.0
BTCUSDT,2024-08-29,0.0,0.1027,0.8973,0.0
BTCUSDT,2024-08-30,0.0,0.0582,0.9418,0.0
BTCUSDT,2024-08-31,0.0,0.0378,0.9622,0.0
BTCUSDT,2024-09-01,0.0,0.0338,0.9662,0.0
BTCUSDT,2024-09-02,0.0,0.5932,0.4068,0.0
BTCUSDT,2024-09-03,0.0,0.8331,0.1669,0.0
BTCUSDT,2024-09-04,0.0,0.8643,0.1357,0.0
BTCUSDT,2024-09-05,0.0,0.8491,0.1509,0.0
BTCUSDT,2024-09-06,0.0,0.7865,0.2135,0.0
BTCUSDT,2024-09-07,0.0,0.7948,0.2052,0.0
BTCUSDT,2024-09-08,0.0,0.8593,0.1407,0.0
BTCUSDT,2024-09-09,0.0,0.8669,0.1331,0.0
BTCUSDT,2024-09-10,1.0,0.0,0.0,1.0
BTCUSDT,2024-09-11,0.0,0.908,0.092,0.0
BTCUSDT,2024-09-12,1.0,0.0,0.0,1.0
BTCUSDT,2024-09-13,1.0,0.0,0.0,1.0
BTCUSDT,2024-09-14,1.0,0.0,0.0,1.0
BTCUSDT,2024-09-15,1.0,0.0,0.0,1.0
BTCUSDT,2024-09-16,1.0,0.0,0.0,1.0
BTCUSDT,2024-09-17,1.0,0.0,0.0,1.0
BTCUSDT,2024-09-18,1.0,0.0,0.0,1.0
BTCUSDT,2024-09-19,1.0,0.0,0.0,1.0
BTCUSDT,2024-09-20,1.0,0.0,0.0,1.0
BTCUSDT,2024-09-21,1.0,0.0,0.0,1.0
BTCUSDT,2024-09-22,1.0,0.0,0.0,1.0
BTCUSDT,2024-09-23,1.0,0.0,0.0,1.0
BTCUSDT,2024-09-24,1.0,0.0,0.0,1.0
BTCUSDT,2024-09-25,1.0,0.0,0.0,1.0
BTCUSDT,2024-09-26,1.0,0.0,0.0,1.0
BTCUSDT,2024-09-27,1.0,0.0,0.0,1.0
BTCUSDT,2024-09-28,1.0,0.0,0.0,1.0
BTCUSDT,2024-09-29,1.0,0.0,0.0,1.0
BTCUSDT,2024-09-30,0.0,0.999,0.001,0.0
BTCUSDT,2024-10-01,0.0,0.9998,0.0002,0.0
BTCUSDT,2024-10-02,0.0,0.9999,0.0001,0.0
BTCUSDT,2024-10-03,0.0,0.9997,0.0003,0.0
BTCUSDT,2024-10-04,0.0,0.9998,0.0002,0.0
BTCUSDT,2024-10-05,0.0,0.9999,0.0001,0.0
BTCUSDT,2024-10-06,0.0,0.9999,0.0001,0.0
BTCUSDT,2024-10-07,0.0,0.9987,0.0013,0.0
BTCUSDT,2024-10-08,1.0,0.0,0.0,1.0
BTCUSDT,2024-10-09,0.0,0.9975,0.0025,0.0
BTCUSDT,2024-10-10,0.0,0.997,0.003,0.0
BTCUSDT,2024-10-11,1.0,0.0,0.0,1.0
BTCUSDT,2024-10-12,1.0,0.0,0.0,1.0
BTCUSDT,2024-10-13,1.0,0.0,0.0,1.0
BTCUSDT,2024-10-14,1.0,0.0,0.0,1.0
BTCUSDT,2024-10-15,1.0,0.0,0.0,1.0
BTCUSDT,2024-10-16,1.0,0.0,0.0,1.0
BTCUSDT,2024-10-17,1.0,0.0,0.0,1.0
BTCUSDT,2024-10-18,1.0,0.0,0.0,1.0
BTCUSDT,2024-10-19,1.0,0.0,0.0,1.0
BTCUSDT,2024-10-20,1.0,0.0,0.0,1.0
BTCUSDT,2024-10-21,1.0,0.0,0.0,1.0
BTCUSDT,2024-10-22,1.0,0.0,0.0,1.0
BTCUSDT,2024-10-23,0.0,0.9786,0.0214,0.0
BTCUSDT,2024-10-24,1.0,0.0,0.0,1.0
BTCUSDT,2024-10-25,0.0,0.9994,0.0006,0.0
BTCUSDT,2024-10-26,0.0,0.9999,0.0001,0.0
BTCUSDT,2024-10-27,0.0,0.9987,0.0013,0.0
BTCUSDT,2024-10-28,1.0,0.0,0.0,1.0
BTCUSDT,2024-10-29,1.0,0.0,0.0,1.0
BTCUSDT,2024-10-30,1.0,0.0,0.0,1.0
BTCUSDT,2024-10-31,1.0,0.0,0.0,1.0
BTCUSDT,2024-11-01,1.0,0.0,0.0,1.0
BTCUSDT,2024-11-02,1.0,0.0,0.0,1.0
BTCUSDT,2024-11-03,1.0,0.0,0.0,1.0
BTCUSDT,2024-11-04,0.0,0.9979,0.0021,0.0
BTCUSDT,2024-11-05,0.0,0.9965,0.0035,0.0
BTCUSDT,2024-11-06,1.0,0.0,0.0,1.0
BTCUSDT,2024-11-07,1.0,0.0,0.0,1.0
BTCUSDT,2024-11-08,1.0,0.0,0.0,1.0
BTCUSDT,2024-11-09,1.0,0.0,0.0,1.0
BTCUSDT,2024-11-10,1.0,0.0,0.0,1.0
BTCUSDT,2024-11-11,1.0,0.0,0.0,1.0
BTCUSDT,2024-11-12,1.0,0.0,0.0,1.0
BTCUSDT,2024-11-13,1.0,0.0,0.0,1.0
BTCUSDT,2024-11-14,1.0,0.0,0.0,1.0
BTCUSDT,2024-11-15,1.0,0.0,0.0,1.0
BTCUSDT,2024-11-16,1.0,0.0,0.0,1.0
BTCUSDT,2024-11-17,1.0,0.0,0.0,1.0
BTCUSDT,2024-11-18,1.0,0.0,0.0,1.0
BTCUSDT,2024-11-19,1.0,0.0,0.0,1.0
BTCUSDT,2024-11-20,1.0,0.0,0.0,1.0
BTCUSDT,2024-11-21,1.0,0.0,0.0,1.0
BTCUSDT,2024-11-22,1.0,0.0,0.0,1.0
BTCUSDT,2024-11-23,1.0,0.0,0.0,1.0
BTCUSDT,2024-11-24,1.0,0.0,0.0,1.0
BTCUSDT,2024-11-25,1.0,0.0,0.0,1.0
BTCUSDT,2024-11-26,0.0,0.1275,0.8725,0.0
BTCUSDT,2024-11-27,1.0,0.0,0.0,1.0
BTCUSDT,2024-11-28,0.0,0.3369,0.6631,0.0
BTCUSDT,2024-11-29,0.0,0.3133,0.6867,0.0
BTCUSDT,2024-11-30,0.0,0.2999,0.7001,0.0
BTCUSDT,2024-12-01,0.0,0.2995,0.7005,0.0
BTCUSDT,2024-12-02,1.0,0.0,0.0,1.0
BTCUSDT,2024-12-03,1.0,0.0,0.0,1.0
BTCUSDT,2024-12-04,1.0,0.0,0.0,1.0
BTCUSDT,2024-12-05,1.0,0.0,0.0,1.0
BTCUSDT,2024-12-06,1.0,0.0,0.0,1.0
BTCUSDT,2024-12-07,1.0,0.0,0.0,1.0
BTCUSDT,2024-12-08,1.0,0.0,0.0,1.0
BTCUSDT,2024-12-09,1.0,0.0,0.0,1.0
BTCUSDT,2024-12-10,1.0,0.0,0.0,1.0
BTCUSDT,2024-12-11,1.0,0.0,0.0,1.0
BTCUSDT,2024-12-12,1.0,0.0,0.0,1.0
BTCUSDT,2024-12-13,1.0,0.0,0.0,1.0
BTCUSDT,2024-12-14,1.0,0.0,0.0,1.0
BTCUSDT,2024-12-15,1.0,0.0,0.0,1.0
BTCUSDT,2024-12-16,1.0,0.0,0.0,1.0
BTCUSDT,2024-12-17,1.0,0.0,0.0,1.0
BTCUSDT,2024-12-18,0.0,0.9978,0.0022,0.0
BTCUSDT,2024-12-19,0.0,0.9985,0.0015,0.0
BTCUSDT,2024-12-20,0.0,0.9933,0.0067,0.0
BTCUSDT,2024-12-21,0.0,0.9398,0.0602,0.0
BTCUSDT,2024-12-22,0.0,0.4499,0.5501,0.0
BTCUSDT,2024-12-23,0.0,0.3799,0.6201,0.0
BTCUSDT,2024-12-24,0.0,0.6472,0.3528,0.0
BTCUSDT,2024-12-25,0.0,0.9465,0.0535,0.0
BTCUSDT,2024-12-26,0.0,0.9927,0.0073,0.0
BTCUSDT,2024-12-27,0.0,0.9991,0.0009,0.0
BTCUSDT,2024-12-28,0.0,0.9998,0.0002,0.0
BTCUSDT,2024-12-29,0.0,0.9999,0.0001,0.0
BTCUSDT,2024-12-30,0.0,0.9999,0.0001,0.0
BTCUSDT,2024-12-31,0.0,0.9992,0.0008,0.0
BTCUSDT,2025-01-01,0.0,0.9963,0.0037,0.0
BTCUSDT,2025-01-02,1.0,0.0,0.0,1.0
BTCUSDT,2025-01-03,1.0,0.0,0.0,1.0
BTCUSDT,2025-01-04,1.0,0.0,0.0,1.0
BTCUSDT,2025-01-05,1.0,0.0,0.0,1.0
BTCUSDT,2025-01-06,1.0,0.0,0.0,1.0
BTCUSDT,2025-01-07,1.0,0.0,0.0,1.0
BTCUSDT,2025-01-08,1.0,0.0,0.0,1.0
BTCUSDT,2025-01-09,0.0,0.9987,0.0013,0.0
BTCUSDT,2025-01-10,0.0,0.9998,0.0002,0.0
BTCUSDT,2025-01-11,0.0,0.9999,0.0001,0.0
BTCUSDT,2025-01-12,0.0,0.9997,0.0003,0.0
BTCUSDT,2025-01-13,0.0,0.9971,0.0029,0.0
BTCUSDT,2025-01-14,0.0,0.9955,0.0045,0.0
BTCUSDT,2025-01-15,1.0,0.0,0.0,1.0
BTCUSDT,2025-01-16,1.0,0.0,0.0,1.0
BTCUSDT,2025-01-17,1.0,0.0,0.0,1.0
BTCUSDT,2025-01-18,1.0,0.0,0.0,1.0
BTCUSDT,2025-01-19,1.0,0.0,0.0,1.0
BTCUSDT,2025-01-20,1.0,0.0,0.0,1.0
BTCUSDT,2025-01-21,1.0,0.0,0.0,1.0
BTCUSDT,2025-01-22,1.0,0.0,0.0,1.0
BTCUSDT,2025-01-23,1.0,0.0,0.0,1.0
BTCUSDT,2025-01-24,1.0,0.0,0.0,1.0
BTCUSDT,2025-01-25,1.0,0.0,0.0,1.0
BTCUSDT,2025-01-26,1.0,0.0,0.0,1.0
BTCUSDT,2025-01-27,1.0,0.0,0.0,1.0
BTCUSDT,2025-01-28,0.0,0.9523,0.0477,0.0
BTCUSDT,2025-01-29,1.0,0.0,0.0,1.0
BTCUSDT,2025-01-30,1.0,0.0,0.0,1.0
BTCUSDT,2025-01-31,0.0,0.9993,0.0007,0.0
BTCUSDT,2025-02-01,0.0,0.9999,0.0001,0.0
BTCUSDT,2025-02-02,0.0,0.9999,0.0001,0.0
BTCUSDT,2025-02-03,0.0,0.9999,0.0001,0.0
BTCUSDT,2025-02-04,0.0,0.9998,0.0002,0.0
BTCUSDT,2025-02-05,0.0,0.9989,0.0011,0.0
BTCUSDT,2025-02-06,0.0,0.9982,0.0018,0.0
BTCUSDT,2025-02-07,0.0,0.9996,0.0004,0.0
BTCUSDT,2025-02-08,0.0,0.9999,0.0001,0.0
BTCUSDT,2025-02-09,0.0,1.0,0.0,0.0
BTCUSDT,2025-02-10,0.0,0.9999,0.0001,0.0
BTCUSDT,2025-02-11,0.0,0.9989,0.0011,0.0
BTCUSDT,2025-02-12,1.0,0.0,0.0,1.0
BTCUSDT,2025-02-13,1.0,0.0,0.0,1.0
BTCUSDT,2025-02-14,1.0,0.0,0.0,1.0
BTCUSDT,2025-02-15,1.0,0.0,0.0,1.0
BTCUSDT,2025-02-16,0.0,0.9993,0.0007,0.0
BTCUSDT,2025-02-17,0.0,0.9999,0.0001,0.0
BTCUSDT,2025-02-18,0.0,0.9999,0.0001,0.0
BTCUSDT,2025-02-19,0.0,0.9987,0.0013,0.0
BTCUSDT,2025-02-20,1.0,0.0,0.0,1.0
BTCUSDT,2025-02-21,0.0,0.9985,0.0015,0.0
BTCUSDT,2025-02-22,0.0,0.9977,0.0023,0.0
BTCUSDT,2025-02-23,1.0,0.0,0.0,1.0
BTCUSDT,2025-02-24,0.0,0.7003,0.2997,0.0
BTCUSDT,2025-02-25,0.0,0.4681,0.5319,0.0
BTCUSDT,2025-02-26,0.0,0.0001,0.9999,0.0
BTCUSDT,2025-02-27,0.0,0.0,1.0,0.0
BTCUSDT,2025-02-28,0.0,0.0,1.0,0.0
BTCUSDT,2025-03-01,0.0,0.0,1.0,0.0
BTCUSDT,2025-03-02,0.0,0.0045,0.9955,0.0
BTCUSDT,2025-03-03,0.0,0.0036,0.9964,0.0
BTCUSDT,2025-03-04,0.0,0.0097,0.9903,0.0
BTCUSDT,2025-03-05,1.0,0.0,0.0,1.0
BTCUSDT,2025-03-06,1.0,0.0,0.0,1.0
BTCUSDT,2025-03-07,1.0,0.0,0.0,1.0
BTCUSDT,2025-03-08,1.0,0.0,0.0,1.0
BTCUSDT,2025-03-09,0.0,0.0,1.0,0.0
BTCUSDT,2025-03-10,0.0,0.0,1.0,0.0
BTCUSDT,2025-03-11,0.0,0.0,1.0,0.0
BTCUSDT,2025-03-12,0.0,0.0,1.0,0.0
BTCUSDT,2025-03-13,0.0,0.0,1.0,0.0
BTCUSDT,2025-03-14,0.0,0.0,1.0,0.0
BTCUSDT,2025-03-15,0.0,0.0001,0.9999,0.0
BTCUSDT,2025-03-16,1.0,0.0,0.0,1.0
BTCUSDT,2025-03-17,1.0,0.0,0.0,1.0
BTCUSDT,2025-03-18,0.0,0.0097,0.9903,0.0
BTCUSDT,2025-03-19,1.0,0.0,0.0,1.0
BTCUSDT,2025-03-20,1.0,0.0,0.0,1.0
BTCUSDT,2025-03-21,1.0,0.0,0.0,1.0
BTCUSDT,2025-03-22,0.0,0.0094,0.9906,0.0
BTCUSDT,2025-03-23,1.0,0.0,0.0,1.0
BTCUSDT,2025-03-24,1.0,0.0,0.0,1.0
BTCUSDT,2025-03-25,1.0,0.0,0.0,1.0
BTCUSDT,2025-03-26,1.0,0.0,0.0,1.0
BTCUSDT,2025-03-27,1.0,0.0,0.0,1.0
BTCUSDT,2025-03-28,1.0,0.0,0.0,1.0
BTCUSDT,2025-03-29,0.0,0.9949,0.0051,0.0
BTCUSDT,2025-03-30,0.0,0.9991,0.0009,0.0
BTCUSDT,2025-03-31,0.0,0.9996,0.0004,0.0
BTCUSDT,2025-04-01,0.0,0.9999,0.0001,0.0
BTCUSDT,2025-04-02,0.0,0.9998,0.0002,0.0
BTCUSDT,2025-04-03,0.0,0.9997,0.0003,0.0
BTCUSDT,2025-04-04,0.0,0.9977,0.0023,0.0
BTCUSDT,2025-04-05,1.0,0.0,0.0,1.0
BTCUSDT,2025-04-06,0.0,0.775,0.225,0.0
BTCUSDT,2025-04-07,0.0,0.7148,0.2852,0.0
BTCUSDT,2025-04-08,0.0,0.1833,0.8167,0.0
BTCUSDT,2025-04-09,1.0,0.0,0.0,1.0
BTCUSDT,2025-04-10,0.0,0.7258,0.2742,0.0
BTCUSDT,2025-04-11,0.0,0.7027,0.2973,0.0
BTCUSDT,2025-04-12,1.0,0.0,0.0,1.0
BTCUSDT,2025-04-13,1.0,0.0,0.0,1.0
BTCUSDT,2025-04-14,1.0,0.0,0.0,1.0
BTCUSDT,2025-04-15,1.0,0.0,0.0,1.0
BTCUSDT,2025-04-16,1.0,0.0,0.0,1.0
BTCUSDT,2025-04-17,1.0,0.0,0.0,1.0
BTCUSDT,2025-04-18,1.0,0.0,0.0,1.0
BTCUSDT,2025-04-19,0.0,0.6333,0.3667,0.0
BTCUSDT,2025-04-20,1.0,0.0,0.0,1.0
BTCUSDT,2025-04-21,1.0,0.0,0.0,1.0
BTCUSDT,2025-04-22,1.0,0.0,0.0,1.0
BTCUSDT,2025-04-23,1.0,0.0,0.0,1.0
BTCUSDT,2025-04-24,1.0,0.0,0.0,1.0
BTCUSDT,2025-04-25,1.0,0.0,0.0,1.0
BTCUSDT,2025-04-26,1.0,0.0,0.0,1.0
BTCUSDT,2025-04-27,1.0,0.0,0.0,1.0
BTCUSDT,2025-04-28,1.0,0.0,0.0,1.0
BTCUSDT,2025-04-29,1.0,0.0,0.0,1.0
BTCUSDT,2025-04-30,1.0,0.0,0.0,1.0
BTCUSDT,2025-05-01,1.0,0.0,0.0,1.0
BTCUSDT,2025-05-02,1.0,0.0,0.0,1.0
BTCUSDT,2025-05-03,1.0,0.0,0.0,1.0
BTCUSDT,2025-05-04,1.0,0.0,0.0,1.0
BTCUSDT,2025-05-05,0.0,0.9675,0.0325,0.0
BTCUSDT,2025-05-06,1.0,0.0,0.0,1.0
BTCUSDT,2025-05-07,1.0,0.0,0.0,1.0
BTCUSDT,2025-05-08,1.0,0.0,0.0,1.0
BTCUSDT,2025-05-09,1.0,0.0,0.0,1.0
BTCUSDT,2025-05-10,1.0,0.0,0.0,1.0
BTCUSDT,2025-05-11,1.0,0.0,0.0,1.0
BTCUSDT,2025-05-12,1.0,0.0,0.0,1.0
BTCUSDT,2025-05-13,1.0,0.0,0.0,1.0
BTCUSDT,2025-05-14,1.0,0.0,0.0,1.0
BTCUSDT,2025-05-15,1.0,0.0,0.0,1.0
BTCUSDT,2025-05-16,1.0,0.0,0.0,1.0
BTCUSDT,2025-05-17,0.0,0.9778,0.0222,0.0
BTCUSDT,2025-05-18,1.0,0.0,0.0,1.0
BTCUSDT,2025-05-19,1.0,0.0,0.0,1.0
BTCUSDT,2025-05-20,1.0,0.0,0.0,1.0
BTCUSDT,2025-05-21,1.0,0.0,0.0,1.0
BTCUSDT,2025-05-22,1.0,0.0,0.0,1.0
BTCUSDT,2025-05-23,1.0,0.0,0.0,1.0
BTCUSDT,2025-05-24,1.0,0.0,0.0,1.0
BTCUSDT,2025-05-25,1.0,0.0,0.0,1.0
BTCUSDT,2025-05-26,1.0,0.0,0.0,1.0
BTCUSDT,2025-05-27,1.0,0.0,0.0,1.0
BTCUSDT,2025-05-28,0.0,0.9993,0.0007,0.0
BTCUSDT,2025-05-29,0.0,0.9999,0.0001,0.0
BTCUSDT,2025-05-30,0.0,1.0,0.0,0.0
BTCUSDT,2025-05-31,0.0,1.0,0.0,0.0
BTCUSDT,2025-06-01,0.0,1.0,0.0,0.0
BTCUSDT,2025-06-02,0.0,1.0,0.0,0.0
BTCUSDT,2025-06-03,0.0,1.0,0.0,0.0
BTCUSDT,2025-06-04,0.0,0.9999,0.0001,0.0
BTCUSDT,2025-06-05,0.0,0.9985,0.0015,0.0
BTCUSDT,2025-06-06,1.0,0.0,0.0,1.0
BTCUSDT,2025-06-07,1.0,0.0,0.0,1.0
BTCUSDT,2025-06-08,1.0,0.0,0.0,1.0
BTCUSDT,2025-06-09,1.0,0.0,0.0,1.0
BTCUSDT,2025-06-10,1.0,0.0,0.0,1.0
BTCUSDT,2025-06-11,1.0,0.0,0.0,1.0
BTCUSDT,2025-06-12,1.0,0.0,0.0,1.0
BTCUSDT,2025-06-13,1.0,0.0,0.0,1.0
BTCUSDT,2025-06-14,0.0,0.9992,0.0008,0.0
BTCUSDT,2025-06-15,0.0,0.9999,0.0001,0.0
BTCUSDT,2025-06-16,0.0,1.0,0.0,0.0
BTCUSDT,2025-06-17,0.0,0.9999,0.0001,0.0
BTCUSDT,2025-06-18,0.0,1.0,0.0,0.0
BTCUSDT,2025-06-19,0.0,1.0,0.0,0.0
BTCUSDT,2025-06-20,0.0,1.0,0.0,0.0
BTCUSDT,2025-06-21,0.0,1.0,0.0,0.0
BTCUSDT,2025-06-22,0.0,0.9999,0.0001,0.0
BTCUSDT,2025-06-23,0.0,0.9985,0.0015,0.0
BTCUSDT,2025-06-24,1.0,0.0,0.0,1.0
BTCUSDT,2025-06-25,1.0,0.0,0.0,1.0
BTCUSDT,2025-06-26,1.0,0.0,0.0,1.0
BTCUSDT,2025-06-27,1.0,0.0,0.0,1.0
BTCUSDT,2025-06-28,1.0,0.0,0.0,1.0
BTCUSDT,2025-06-29,1.0,0.0,0.0,1.0
BTCUSDT,2025-06-30,1.0,0.0,0.0,1.0
BTCUSDT,2025-07-01,0.0,0.9697,0.0303,0.0
BTCUSDT,2025-07-02,1.0,0.0,0.0,1.0
BTCUSDT,2025-07-03,1.0,0.0,0.0,1.0
BTCUSDT,2025-07-04,1.0,0.0,0.0,1.0
BTCUSDT,2025-07-05,1.0,0.0,0.0,1.0
BTCUSDT,2025-07-06,1.0,0.0,0.0,1.0
BTCUSDT,2025-07-07,1.0,0.0,0.0,1.0
BTCUSDT,2025-07-08,1.0,0.0,0.0,1.0
BTCUSDT,2025-07-09,1.0,0.0,0.0,1.0
BTCUSDT,2025-07-10,1.0,0.0,0.0,1.0
BTCUSDT,2025-07-11,1.0,0.0,0.0,1.0
BTCUSDT,2025-07-12,1.0,0.0,0.0,1.0
BTCUSDT,2025-07-13,1.0,0.0,0.0,1.0
BTCUSDT,2025-07-14,1.0,0.0,0.0,1.0
BTCUSDT,2025-07-15,1.0,0.0,0.0,1.0
BTCUSDT,2025-07-16,1.0,0.0,0.0,1.0
BTCUSDT,2025-07-17,1.0,0.0,0.0,1.0
BTCUSDT,2025-07-18,1.0,0.0,0.0,1.0
BTCUSDT,2025-07-19,1.0,0.0,0.0,1.0
BTCUSDT,2025-07-20,0.0,0.9986,0.0014,0.0
BTCUSDT,2025-07-21,0.0,0.998,0.002,0.0
BTCUSDT,2025-07-22,1.0,0.0,0.0,1.0
BTCUSDT,2025-07-23,1.0,0.0,0.0,1.0
BTCUSDT,2025-07-24,0.0,0.9977,0.0023,0.0
BTCUSDT,2025-07-25,0.0,0.9966,0.0034,0.0
BTCUSDT,2025-07-26,1.0,0.0,0.0,1.0
BTCUSDT,2025-07-27,1.0,0.0,0.0,1.0
BTCUSDT,2025-07-28,1.0,0.0,0.0,1.0
BTCUSDT,2025-07-29,0.0,0.9995,0.0005,0.0
BTCUSDT,2025-07-30,0.0,0.9999,0.0001,0.0
BTCUSDT,2025-07-31,0.0,1.0,0.0,0.0
BTCUSDT,2025-08-01,0.0,0.9999,0.0001,0.0
BTCUSDT,2025-08-02,0.0,0.9999,0.0001,0.0
BTCUSDT,2025-08-03,0.0,0.9999,0.0001,0.0
BTCUSDT,2025-08-04,0.0,1.0,0.0,0.0
BTCUSDT,2025-08-05,0.0,0.9998,0.0002,0.0
BTCUSDT,2025-08-06,0.0,0.9983,0.0017,0.0
BTCUSDT,2025-08-07,1.0,0.0,0.0,1.0
BTCUSDT,2025-08-08,1.0,0.0,0.0,1.0
BTCUSDT,2025-08-09,1.0,0.0,0.0,1.0
BTCUSDT,2025-08-10,1.0,0.0,0.0,1.0
BTCUSDT,2025-08-11,1.0,0.0,0.0,1.0
BTCUSDT,2025-08-12,1.0,0.0,0.0,1.0
BTCUSDT,2025-08-13,1.0,0.0,0.0,1.0
BTCUSDT,2025-08-14,1.0,0.0,0.0,1.0
BTCUSDT,2025-08-15,1.0,0.0,0.0,1.0
BTCUSDT,2025-08-16,1.0,0.0,0.0,1.0
BTCUSDT,2025-08-17,0.0,0.9995,0.0005,0.0
BTCUSDT,2025-08-18,0.0,0.9999,0.0001,0.0
BTCUSDT,2025-08-19,0.0,0.9998,0.0002,0.0
BTCUSDT,2025-08-20,0.0,0.9995,0.0005,0.0
BTCUSDT,2025-08-21,0.0,0.9999,0.0001,0.0
BTCUSDT,2025-08-22,0.0,1.0,0.0,0.0
BTCUSDT,2025-08-23,0.0,1.0,0.0,0.0
BTCUSDT,2025-08-24,0.0,1.0,0.0,0.0
BTCUSDT,2025-08-25,0.0,0.9999,0.0001,0.0
BTCUSDT,2025-08-26,0.0,0.9999,0.0001,0.0
BTCUSDT,2025-08-27,0.0,0.9986,0.0014,0.0
BTCUSDT,2025-08-28,1.0,0.0,0.0,1.0
BTCUSDT,2025-08-29,0.0,0.9909,0.0091,0.0
BTCUSDT,2025-08-30,0.0,0.9985,0.0015,0.0
BTCUSDT,2025-08-31,0.0,0.9998,0.0002,0.0
BTCUSDT,2025-09-01,0.0,0.9998,0.0002,0.0
BTCUSDT,2025-09-02,0.0,0.9979,0.0021,0.0
BTCUSDT,2025-09-03,1.0,0.0,0.0,1.0
BTCUSDT,2025-09-04,0.0,0.9781,0.0219,0.0
BTCUSDT,2025-09-05,1.0,0.0,0.0,1.0
BTCUSDT,2025-09-06,1.0,0.0,0.0,1.0
BTCUSDT,2025-09-07,1.0,0.0,0.0,1.0
BTCUSDT,2025-09-08,1.0,0.0,0.0,1.0
BTCUSDT,2025-09-09,1.0,0.0,0.0,1.0
BTCUSDT,2025-09-10,1.0,0.0,0.0,1.0
BTCUSDT,2025-09-11,1.0,0.0,0.0,1.0
BTCUSDT,2025-09-12,1.0,0.0,0.0,1.0
BTCUSDT,2025-09-13,1.0,0.0,0.0,1.0
BTCUSDT,2025-09-14,1.0,0.0,0.0,1.0
BTCUSDT,2025-09-15,1.0,0.0,0.0,1.0
BTCUSDT,2025-09-16,1.0,0.0,0.0,1.0
BTCUSDT,2025-09-17,1.0,0.0,0.0,1.0
BTCUSDT,2025-09-18,1.0,0.0,0.0,1.0
BTCUSDT,2025-09-19,0.0,0.9986,0.0014,0.0
BTCUSDT,2025-09-20,0.0,0.9998,0.0002,0.0
BTCUSDT,2025-09-21,0.0,0.9999,0.0001,0.0
BTCUSDT,2025-09-22,0.0,0.9999,0.0001,0.0
BTCUSDT,2025-09-23,0.0,0.9999,0.0001,0.0
BTCUSDT,2025-09-24,0.0,0.9999,0.0001,0.0
BTCUSDT,2025-09-25,0.0,0.9996,0.0004,0.0
BTCUSDT,2025-09-26,0.0,0.9998,0.0002,0.0
BTCUSDT,2025-09-27,0.0,0.9997,0.0003,0.0
BTCUSDT,2025-09-28,0.0,0.9986,0.0014,0.0
BTCUSDT,2025-09-29,1.0,0.0,0.0,1.0
BTCUSDT,2025-09-30,1.0,0.0,0.0,1.0
BTCUSDT,2025-10-01,1.0,0.0,0.0,1.0
BTCUSDT,2025-10-02,1.0,0.0,0.0,1.0
BTCUSDT,2025-10-03,1.0,0.0,0.0,1.0
BTCUSDT,2025-10-04,1.0,0.0,0.0,1.0
BTCUSDT,2025-10-05,1.0,0.0,0.0,1.0
BTCUSDT,2025-10-06,1.0,0.0,0.0,1.0
BTCUSDT,2025-10-07,1.0,0.0,0.0,1.0
BTCUSDT,2025-10-08,1.0,0.0,0.0,1.0
BTCUSDT,2025-10-09,1.0,0.0,0.0,1.0
BTCUSDT,2025-10-10,0.0,0.06,0.94,0.0
BTCUSDT,2025-10-11,0.0,0.0126,0.9874,0.0
BTCUSDT,2025-10-12,0.0,0.0116,0.9884,0.0
BTCUSDT,2025-10-13,0.0,0.0078,0.9922,0.0
BTCUSDT,2025-10-14,0.0,0.0053,0.9947,0.0
BTCUSDT,2025-10-15,0.0,0.0004,0.9996,0.0
BTCUSDT,2025-10-16,0.0,0.0028,0.9972,0.0
BTCUSDT,2025-10-17,0.0,0.7172,0.2828,0.0
BTCUSDT,2025-10-18,0.0,0.966,0.034,0.0
BTCUSDT,2025-10-19,0.0,0.9918,0.0082,0.0
BTCUSDT,2025-10-20,0.0,0.9987,0.0013,0.0
BTCUSDT,2025-10-21,0.0,0.9992,0.0008,0.0
BTCUSDT,2025-10-22,0.0,0.9975,0.0025,0.0
BTCUSDT,2025-10-23,1.0,0.0,0.0,1.0
BTCUSDT,2025-10-24,1.0,0.0,0.0,1.0
BTCUSDT,2025-10-25,1.0,0.0,0.0,1.0
BTCUSDT,2025-10-26,1.0,0.0,0.0,1.0
BTCUSDT,2025-10-27,1.0,0.0,0.0,1.0
BTCUSDT,2025-10-28,1.0,0.0,0.0,1.0
BTCUSDT,2025-10-29,1.0,0.0,0.0,1.0
BTCUSDT,2025-10-30,0.0,0.999,0.001,0.0
BTCUSDT,2025-10-31,0.0,0.9999,0.0001,0.0
BTCUSDT,2025-11-01,0.0,1.0,0.0,0.0
BTCUSDT,2025-11-02,0.0,0.9997,0.0003,0.0
BTCUSDT,2025-11-03,0.0,0.9934,0.0066,0.0
BTCUSDT,2025-11-04,0.0,0.9733,0.0267,0.0
BTCUSDT,2025-11-05,0.0,0.9957,0.0043,0.0
BTCUSDT,2025-11-06,0.0,0.9987,0.0013,0.0
BTCUSDT,2025-11-07,0.0,0.9996,0.0004,0.0
BTCUSDT,2025-11-08,0.0,0.9993,0.0007,0.0
BTCUSDT,2025-11-09,0.0,0.9994,0.0006,0.0
BTCUSDT,2025-11-10,0.0,0.9976,0.0024,0.0
BTCUSDT,2025-11-11,1.0,0.0,0.0,1.0
BTCUSDT,2025-11-12,0.0,0.972,0.028,0.0
BTCUSDT,2025-11-13,0.0,0.945,0.055,0.0
BTCUSDT,2025-11-14,0.0,0.4084,0.5916,0.0
BTCUSDT,2025-11-15,0.0,0.2888,0.7112,0.0
BTCUSDT,2025-11-16,0.0,0.0086,0.9914,0.0
BTCUSDT,2025-11-17,0.0,0.0,1.0,0.0
BTCUSDT,2025-11-18,0.0,0.0,1.0,0.0
BTCUSDT,2025-11-19,0.0,0.0,1.0,0.0
BTCUSDT,2025-11-20,0.0,0.0,1.0,0.0
BTCUSDT,2025-11-21,0.0,0.0,1.0,0.0
BTCUSDT,2025-11-22,0.0,0.0007,0.9993,0.0
BTCUSDT,2025-11-23,0.0,0.2827,0.7173,0.0
BTCUSDT,2025-11-24,0.0,0.8334,0.1666,0.0
BTCUSDT,2025-11-25,0.0,0.899,0.101,0.0
BTCUSDT,2025-11-26,0.0,0.9143,0.0857,0.0
BTCUSDT,2025-11-27,1.0,0.0,0.0,1.0
BTCUSDT,2025-11-28,1.0,0.0,0.0,1.0
BTCUSDT,2025-11-29,1.0,0.0,0.0,1.0
BTCUSDT,2025-11-30,1.0,0.0,0.0,1.0
BTCUSDT,2025-12-01,0.0,0.9623,0.0377,0.0
BTCUSDT,2025-12-02,1.0,0.0,0.0,1.0
BTCUSDT,2025-12-03,1.0,0.0,0.0,1.0
BTCUSDT,2025-12-04,1.0,0.0,0.0,1.0
BTCUSDT,2025-12-05,0.0,0.989,0.011,0.0
BTCUSDT,2025-12-06,0.0,0.9871,0.0129,0.0
BTCUSDT,2025-12-07,1.0,0.0,0.0,1.0
BTCUSDT,2025-12-08,1.0,0.0,0.0,1.0
BTCUSDT,2025-12-09,1.0,0.0,0.0,1.0
BTCUSDT,2025-12-10,0.0,0.9348,0.0652,0.0
BTCUSDT,2025-12-11,1.0,0.0,0.0,1.0
BTCUSDT,2025-12-12,1.0,0.0,0.0,1.0
BTCUSDT,2025-12-13,1.0,0.0,0.0,1.0
BTCUSDT,2025-12-14,0.0,0.9991,0.0009,0.0
BTCUSDT,2025-12-15,0.0,0.9998,0.0002,0.0
BTCUSDT,2025-12-16,0.0,0.9998,0.0002,0.0
BTCUSDT,2025-12-17,0.0,0.9994,0.0006,0.0
BTCUSDT,2025-12-18,0.0,0.9988,0.0012,0.0
BTCUSDT,2025-12-19,0.0,0.9996,0.0004,0.0
BTCUSDT,2025-12-20,0.0,0.9977,0.0023,0.0
BTCUSDT,2025-12-21,1.0,0.0,0.0,1.0
BTCUSDT,2025-12-22,1.0,0.0,0.0,1.0
BTCUSDT,2025-12-23,0.0,0.9716,0.0284,0.0
BTCUSDT,2025-12-24,1.0,0.0,0.0,1.0
BTCUSDT,2025-12-25,1.0,0.0,0.0,1.0
BTCUSDT,2025-12-26,0.0,0.9994,0.0006,0.0
BTCUSDT,2025-12-27,0.0,0.9999,0.0001,0.0
BTCUSDT,2025-12-28,0.0,0.9999,0.0001,0.0
BTCUSDT,2025-12-29,0.0,0.9987,0.0013,0.0
BTCUSDT,2025-12-30,1.0,0.0,0.0,1.0
BTCUSDT,2025-12-31,0.0,0.9653,0.0347,0.0
BTCUSDT,2026-01-01,1.0,0.0,0.0,1.0
BTCUSDT,2026-01-02,1.0,0.0,0.0,1.0
BTCUSDT,2026-01-03,1.0,0.0,0.0,1.0
BTCUSDT,2026-01-04,1.0,0.0,0.0,1.0
BTCUSDT,2026-01-05,1.0,0.0,0.0,1.0
BTCUSDT,2026-01-06,1.0,0.0,0.0,1.0
BTCUSDT,2026-01-07,1.0,0.0,0.0,1.0
BTCUSDT,2026-01-08,1.0,0.0,0.0,1.0
BTCUSDT,2026-01-09,1.0,0.0,0.0,1.0
BTCUSDT,2026-01-10,0.0,0.9988,0.0012,0.0
BTCUSDT,2026-01-11,0.0,0.9996,0.0004,0.0
BTCUSDT,2026-01-12,0.0,0.9981,0.0019,0.0
BTCUSDT,2026-01-13,1.0,0.0,0.0,1.0
BTCUSDT,2026-01-14,1.0,0.0,0.0,1.0
BTCUSDT,2026-01-15,1.0,0.0,0.0,1.0
BTCUSDT,2026-01-16,1.0,0.0,0.0,1.0
BTCUSDT,2026-01-17,1.0,0.0,0.0,1.0
BTCUSDT,2026-01-18,1.0,0.0,0.0,1.0
BTCUSDT,2026-01-19,1.0,0.0,0.0,1.0
BTCUSDT,2026-01-20,0.0,0.9816,0.0184,0.0
BTCUSDT,2026-01-21,0.0,0.9884,0.0116,0.0
BTCUSDT,2026-01-22,0.0,0.9968,0.0032,0.0
BTCUSDT,2026-01-23,0.0,0.9988,0.0012,0.0
BTCUSDT,2026-01-24,0.0,0.9988,0.0012,0.0
BTCUSDT,2026-01-25,0.0,0.997,0.003,0.0
BTCUSDT,2026-01-26,0.0,0.9957,0.0043,0.0
BTCUSDT,2026-01-27,1.0,0.0,0.0,1.0
BTCUSDT,2026-01-28,0.0,0.9724,0.0276,0.0
BTCUSDT,2026-01-29,0.0,0.9509,0.0491,0.0
BTCUSDT,2026-01-30,0.0,0.7905,0.2095,0.0
BTCUSDT,2026-01-31,0.0,0.0007,0.9993,0.0
BTCUSDT,2026-02-01,0.0,0.0,1.0,0.0
BTCUSDT,2026-02-02,0.0,0.0,1.0,0.0
BTCUSDT,2026-02-03,0.0,0.0,1.0,0.0
BTCUSDT,2026-02-04,0.0,0.0,1.0,0.0
BTCUSDT,2026-02-05,0.0,0.0,1.0,0.0
BTCUSDT,2026-02-06,0.0,0.0,1.0,0.0
BTCUSDT,2026-02-07,0.0,0.0,1.0,0.0
BTCUSDT,2026-02-08,0.0,0.0,1.0,0.0
BTCUSDT,2026-02-09,0.0,0.0,1.0,0.0
BTCUSDT,2026-02-10,0.0,0.0,1.0,0.0
BTCUSDT,2026-02-11,0.0,0.0,1.0,0.0
BTCUSDT,2026-02-12,1.0,0.0,0.0,1.0
BTCUSDT,2026-02-13,0.0,0.0001,0.9999,0.0
BTCUSDT,2026-02-14,1.0,0.0,0.0,1.0
BTCUSDT,2026-02-15,0.0,0.0,1.0,0.0
BTCUSDT,2026-02-16,0.0,0.0,1.0,0.0
BTCUSDT,2026-02-17,0.0,0.0,1.0,0.0
BTCUSDT,2026-02-18,0.0,0.0,1.0,0.0
BTCUSDT,2026-02-19,1.0,0.0,0.0,1.0
BTCUSDT,2026-02-20,0.0,0.0,1.0,0.0
BTCUSDT,2026-02-21,0.0,0.0,1.0,0.0
BTCUSDT,2026-02-22,0.0,0.0,1.0,0.0
BTCUSDT,2026-02-23,0.0,0.0,1.0,0.0
BTCUSDT,2026-02-24,0.0,0.0,1.0,0.0
BTCUSDT,2026-02-25,1.0,0.0,0.0,1.0
BTCUSDT,2026-02-26,1.0,0.0,0.0,1.0
BTCUSDT,2026-02-27,0.0,0.9989,0.0011,0.0
BTCUSDT,2026-02-28,0.0,0.9995,0.0005,0.0
BTCUSDT,2026-03-01,0.0,0.9977,0.0023,0.0
BTCUSDT,2026-03-02,1.0,0.0,0.0,1.0
BTCUSDT,2026-03-03,1.0,0.0,0.0,1.0
BTCUSDT,2026-03-04,1.0,0.0,0.0,1.0
BTCUSDT,2026-03-05,1.0,0.0,0.0,1.0
BTCUSDT,2026-03-06,1.0,0.0,0.0,1.0
BTCUSDT,2026-03-07,1.0,0.0,0.0,1.0
BTCUSDT,2026-03-08,1.0,0.0,0.0,1.0
BTCUSDT,2026-03-09,0.0,0.7274,0.2726,0.0
BTCUSDT,2026-03-10,1.0,0.0,0.0,1.0
BTCUSDT,2026-03-11,0.0,0.8781,0.1219,0.0
BTCUSDT,2026-03-12,0.0,0.8669,0.1331,0.0
BTCUSDT,2026-03-13,1.0,0.0,0.0,1.0
BTCUSDT,2026-03-14,1.0,0.0,0.0,1.0
BTCUSDT,2026-03-15,1.0,0.0,0.0,1.0
BTCUSDT,2026-03-16,1.0,0.0,0.0,1.0
BTCUSDT,2026-03-17,1.0,0.0,0.0,1.0
BTCUSDT,2026-03-18,1.0,0.0,0.0,1.0
BTCUSDT,2026-03-19,0.0,0.9955,0.0045,0.0
BTCUSDT,2026-03-20,0.0,0.9982,0.0018,0.0
BTCUSDT,2026-03-21,0.0,0.9982,0.0018,0.0
BTCUSDT,2026-03-22,0.0,0.995,0.005,0.0
BTCUSDT,2026-03-23,0.0,0.9934,0.0066,0.0
BTCUSDT,2026-03-24,0.0,0.9871,0.0129,0.0
BTCUSDT,2026-03-25,1.0,0.0,0.0,1.0
BTCUSDT,2026-03-26,0.0,0.9987,0.0013,0.0
BTCUSDT,2026-03-27,0.0,0.9995,0.0005,0.0
BTCUSDT,2026-03-28,0.0,0.9999,0.0001,0.0
BTCUSDT,2026-03-29,0.0,0.9999,0.0001,0.0
BTCUSDT,2026-03-30,0.0,0.9998,0.0002,0.0
BTCUSDT,2026-03-31,0.0,0.9999,0.0001,0.0
BTCUSDT,2026-04-01,0.0,0.9998,0.0002,0.0
BTCUSDT,2026-04-02,0.0,0.9983,0.0017,0.0
BTCUSDT,2026-04-03,1.0,0.0,0.0,1.0
BTCUSDT,2026-04-04,1.0,0.0,0.0,1.0
BTCUSDT,2026-04-05,1.0,0.0,0.0,1.0
BTCUSDT,2026-04-06,1.0,0.0,0.0,1.0
BTCUSDT,2026-04-07,1.0,0.0,0.0,1.0
BTCUSDT,2026-04-08,1.0,0.0,0.0,1.0
BTCUSDT,2026-04-09,1.0,0.0,0.0,1.0
BTCUSDT,2026-04-10,1.0,0.0,0.0,1.0
BTCUSDT,2026-04-11,1.0,0.0,0.0,1.0
BTCUSDT,2026-04-12,1.0,0.0,0.0,1.0
BTCUSDT,2026-04-13,1.0,0.0,0.0,1.0
BTCUSDT,2026-04-14,1.0,0.0,0.0,1.0
BTCUSDT,2026-04-15,1.0,0.0,0.0,1.0
BTCUSDT,2026-04-16,1.0,0.0,0.0,1.0
BTCUSDT,2026-04-17,1.0,0.0,0.0,1.0
BTCUSDT,2026-04-18,1.0,0.0,0.0,1.0
BTCUSDT,2026-04-19,1.0,0.0,0.0,1.0
BTCUSDT,2026-04-20,1.0,0.0,0.0,1.0
BTCUSDT,2026-04-21,1.0,0.0,0.0,1.0
BTCUSDT,2026-04-22,1.0,0.0,0.0,1.0
BTCUSDT,2026-04-23,1.0,0.0,0.0,1.0
BTCUSDT,2026-04-24,1.0,0.0,0.0,1.0
BTCUSDT,2026-04-25,1.0,0.0,0.0,1.0
BTCUSDT,2026-04-26,1.0,0.0,0.0,1.0
BTCUSDT,2026-04-27,1.0,0.0,0.0,1.0
BTCUSDT,2026-04-28,0.0,0.9989,0.0011,0.0
BTCUSDT,2026-04-29,0.0,0.9998,0.0002,0.0
BTCUSDT,2026-04-30,0.0,0.9986,0.0014,0.0
BTCUSDT,2026-05-01,1.0,0.0,0.0,1.0
BTCUSDT,2026-05-02,1.0,0.0,0.0,1.0
BTCUSDT,2026-05-03,0.0,0.9651,0.0349,0.0
BTCUSDT,2026-05-04,1.0,0.0,0.0,1.0
BTCUSDT,2026-05-05,1.0,0.0,0.0,1.0
BTCUSDT,2026-05-06,1.0,0.0,0.0,1.0
BTCUSDT,2026-05-07,1.0,0.0,0.0,1.0
BTCUSDT,2026-05-08,1.0,0.0,0.0,1.0
BTCUSDT,2026-05-09,1.0,0.0,0.0,1.0
BTCUSDT,2026-05-10,1.0,0.0,0.0,1.0
BTCUSDT,2026-05-11,1.0,0.0,0.0,1.0
BTCUSDT,2026-05-12,0.0,0.9978,0.0022,0.0
BTCUSDT,2026-05-13,0.0,0.9972,0.0028,0.0
BTCUSDT,2026-05-14,1.0,0.0,0.0,1.0
BTCUSDT,2026-05-15,0.0,0.9995,0.0005,0.0
BTCUSDT,2026-05-16,0.0,0.9999,0.0001,0.0
BTCUSDT,2026-05-17,0.0,0.9999,0.0001,0.0
BTCUSDT,2026-05-18,0.0,0.9999,0.0001,0.0
BTCUSDT,2026-05-19,0.0,0.9999,0.0001,0.0
BTCUSDT,2026-05-20,0.0,1.0,0.0,0.0
BTCUSDT,2026-05-21,0.0,1.0,0.0,0.0
BTCUSDT,2026-05-22,0.0,0.9999,0.0001,0.0
BTCUSDT,2026-05-23,0.0,0.9999,0.0001,0.0
BTCUSDT,2026-05-24,0.0,0.9984,0.0016,0.0
BTCUSDT,2026-05-25,1.0,0.0,0.0,1.0
BTCUSDT,2026-05-26,0.0,0.9994,0.0006,0.0
BTCUSDT,2026-05-27,0.0,0.9999,0.0001,0.0
BTCUSDT,2026-05-28,0.0,0.9999,0.0001,0.0
BTCUSDT,2026-05-29,0.0,0.9999,0.0001,0.0
BTCUSDT,2026-05-30,0.0,0.9976,0.0024,0.0
BTCUSDT,2026-05-31,0.0,0.9567,0.0433,0.0
BTCUSDT,2026-06-01,0.0,0.4404,0.5596,0.0
BTCUSDT,2026-06-02,0.0,0.0004,0.9996,0.0
BTCUSDT,2026-06-03,0.0,0.0,1.0,0.0
BTCUSDT,2026-06-04,0.0,0.0,1.0,0.0
BTCUSDT,2026-06-05,0.0,0.0,1.0,0.0
BTCUSDT,2026-06-06,0.0,0.0,1.0,0.0
BTCUSDT,2026-06-07,0.0,0.0,1.0,0.0
BTCUSDT,2026-06-08,0.0,0.0007,0.9993,0.0
BTCUSDT,2026-06-09,0.0,0.3609,0.6391,0.0
BTCUSDT,2026-06-10,0.0,0.7654,0.2346,0.0
BTCUSDT,2026-06-11,0.0,0.7941,0.2059,0.0
BTCUSDT,2026-06-12,1.0,0.0,0.0,1.0
BTCUSDT,2026-06-13,1.0,0.0,0.0,1.0
BTCUSDT,2026-06-14,1.0,0.0,0.0,1.0
BTCUSDT,2026-06-15,1.0,0.0,0.0,1.0
BTCUSDT,2026-06-16,1.0,0.0,0.0,1.0
BTCUSDT,2026-06-17,1.0,0.0,0.0,1.0
BTCUSDT,2026-06-18,0.0,0.9981,0.0019,0.0
BTCUSDT,2026-06-19,0.0,0.9995,0.0005,0.0
BTCUSDT,2026-06-20,0.0,0.9998,0.0002,0.0
BTCUSDT,2026-06-21,0.0,0.9999,0.0001,0.0
BTCUSDT,2026-06-22,0.0,0.9999,0.0001,0.0
BTCUSDT,2026-06-23,0.0,0.9999,0.0001,0.0
BTCUSDT,2026-06-24,0.0,0.9999,0.0001,0.0
BTCUSDT,2026-06-25,0.0,0.9999,0.0001,0.0
BTCUSDT,2026-06-26,0.0,0.9999,0.0001,0.0
BTCUSDT,2026-06-27,0.0,0.9997,0.0003,0.0
BTCUSDT,2026-06-28,0.0,0.9998,0.0002,0.0
BTCUSDT,2026-06-29,0.0,0.9998,0.0002,0.0
BTCUSDT,2026-06-30,0.0,0.9994,0.0006,0.0
BTCUSDT,2026-07-01,0.0,0.9985,0.0015,0.0
BTCUSDT,2026-07-02,1.0,0.0,0.0,1.0
BTCUSDT,2026-07-03,1.0,0.0,0.0,1.0
BTCUSDT,2026-07-04,1.0,0.0,0.0,1.0
BTCUSDT,2026-07-05,1.0,0.0,0.0,1.0
BTCUSDT,2026-07-06,1.0,0.0,0.0,1.0
BTCUSDT,2026-07-07,1.0,0.0,0.0,1.0
BTCUSDT,2026-07-08,1.0,0.0,0.0,1.0
BTCUSDT,2026-07-09,1.0,0.0,0.0,1.0
BTCUSDT,2026-07-10,1.0,0.0,0.0,1.0
BTCUSDT,2026-07-11,1.0,0.0,0.0,1.0
BTCUSDT,2026-07-12,1.0,0.0,0.0,1.0
BTCUSDT,2026-07-13,0.0,0.9792,0.0208,0.0
BTCUSDT,2026-07-14,1.0,0.0,0.0,1.0
BTCUSDT,2026-07-15,1.0,0.0,0.0,1.0
BTCUSDT,2026-07-16,1.0,0.0,0.0,1.0
BTCUSDT,2026-07-17,0.0,0.9699,0.0301,0.0
BTCUSDT,2026-07-18,1.0,0.0,0.0,1.0
BTCUSDT,2026-07-19,1.0,0.0,0.0,1.0
BTCUSDT,2026-07-20,1.0,0.0,0.0,1.0
BTCUSDT,2026-07-21,1.0,0.0,0.0,1.0
BTCUSDT,2026-07-22,1.0,0.0,0.0,1.0
BTCUSDT,2026-07-23,1.0,0.0,0.0,1.0
BTCUSDT,2026-07-24,1.0,0.0,0.0,1.0
BTCUSDT,2026-07-25,0.0,0.9742,0.0258,0.0
BTCUSDT,2026-07-26,1.0,0.0,0.0,1.0
BTCUSDT,2026-07-27,0.0,0.9995,0.0005,0.0
BTCUSDT,2026-07-28,0.0,0.9999,0.0001,0.0
BTCUSDT,2026-07-29,0.0,1.0,0.0,0.0
BTCUSDT,2026-07-30,0.0,1.0,0.0,0.0
BTCUSDT,2026-07-31,0.0,1.0,0.0,0.0
BTCUSDT,2026-08-01,0.0,1.0,0.0,0.0
BTCUSDT,2026-08-02,0.0,0.9999,0.0001,0.0
BTCUSDT,2026-08-03,0.0,0.9984,0.0016,0.0
BTCUSDT,2026-08-04,1.0,0.0,0.0,1.0
BTCUSDT,2026-08-05,1.0,0.0,0.0,1.0
BTCUSDT,2026-08-06,0.0,0.9709,0.0291,0.0
BTCUSDT,2026-08-07,1.0,0.0,0.0,1.0
BTCUSDT,2026-08-08,1.0,0.0,0.0,1.0
BTCUSDT,2026-08-09,1.0,0.0,0.0,1.0
BTCUSDT,2026-08-10,1.0,0.0,0.0,1.0
BTCUSDT,2026-08-11,0.0,0.9993,0.0007,0.0
BTCUSDT,2026-08-12,0.0,0.9999,0.0001,0.0
BTCUSDT,2026-08-13,0.0,1.0,0.0,0.0
BTCUSDT,2026-08-14,0.0,1.0,0.0,0.0
BTCUSDT,2026-08-15,0.0,0.9999,0.0001,0.0
BTCUSDT,2026-08-16,0.0,0.9981,0.0019,0.0
BTCUSDT,2026-08-17,1.0,0.0,0.0,1.0
BTCUSDT,2026-08-18,1.0,0.0,0.0,1.0
BTCUSDT,2026-08-19,1.0,0.0,0.0,1.0
BTCUSDT,2026-08-20,1.0,0.0,0.0,1.0
ETHUSDT,2017-11-30,0.0,1.0,0.0,0.0
ETHUSDT,2017-12-01,0.0,0.0,1.0,0.0
ETHUSDT,2017-12-02,0.0,0.0,1.0,0.0
ETHUSDT,2017-12-03,0.0,0.0,1.0,0.0
ETHUSDT,2017-12-04,0.0,0.0,1.0,0.0
ETHUSDT,2017-12-05,0.0,0.0,1.0,0.0
ETHUSDT,2017-12-06,0.0243,0.9686,0.0071,0.0243
ETHUSDT,2017-12-07,0.0,0.0,1.0,0.0
ETHUSDT,2017-12-08,0.0,0.0,1.0,0.0
ETHUSDT,2017-12-09,0.0242,0.9758,0.0,0.0242
ETHUSDT,2017-12-10,0.0,0.0,1.0,0.0
ETHUSDT,2017-12-11,0.5427,0.4573,0.0,0.5427
ETHUSDT,2017-12-12,1.0,0.0,0.0,1.0
ETHUSDT,2017-12-13,1.0,0.0,0.0,1.0
ETHUSDT,2017-12-14,1.0,0.0,0.0,1.0
ETHUSDT,2017-12-15,1.0,0.0,0.0,1.0
ETHUSDT,2017-12-16,1.0,0.0,0.0,1.0
ETHUSDT,2017-12-17,1.0,0.0,0.0,1.0
ETHUSDT,2017-12-18,1.0,0.0,0.0,1.0
ETHUSDT,2017-12-19,1.0,0.0,0.0,1.0
ETHUSDT,2017-12-20,0.8946,0.1054,0.0,0.8946
ETHUSDT,2017-12-21,0.7368,0.2632,0.0,0.7368
ETHUSDT,2017-12-22,0.0,0.0,1.0,0.0
ETHUSDT,2017-12-23,0.0001,0.9999,0.0,0.0001
ETHUSDT,2017-12-24,0.0,0.0,1.0,0.0
ETHUSDT,2017-12-25,0.0,0.0,1.0,0.0
ETHUSDT,2017-12-26,0.0,0.0,1.0,0.0
ETHUSDT,2017-12-27,0.0,0.0,1.0,0.0
ETHUSDT,2017-12-28,0.0,0.0,1.0,0.0
ETHUSDT,2017-12-29,0.0005,0.9995,0.0,0.0005
ETHUSDT,2017-12-30,0.0,0.0,1.0,0.0
ETHUSDT,2017-12-31,0.0003,0.9997,0.0,0.0003
ETHUSDT,2018-01-01,0.0016,0.9984,0.0,0.0016
ETHUSDT,2018-01-02,0.6288,0.3712,0.0,0.6288
ETHUSDT,2018-01-03,1.0,0.0,0.0,1.0
ETHUSDT,2018-01-04,1.0,0.0,0.0,1.0
ETHUSDT,2018-01-05,1.0,0.0,0.0,1.0
ETHUSDT,2018-01-06,1.0,0.0,0.0,1.0
ETHUSDT,2018-01-07,1.0,0.0,0.0,1.0
ETHUSDT,2018-01-08,1.0,0.0,0.0,1.0
ETHUSDT,2018-01-09,1.0,0.0,0.0,1.0
ETHUSDT,2018-01-10,1.0,0.0,0.0,1.0
ETHUSDT,2018-01-11,0.992,0.008,0.0,0.992
ETHUSDT,2018-01-12,1.0,0.0,0.0,1.0
ETHUSDT,2018-01-13,1.0,0.0,0.0,1.0
ETHUSDT,2018-01-14,0.9932,0.0068,0.0,0.9932
ETHUSDT,2018-01-15,0.4308,0.5692,0.0,0.4308
ETHUSDT,2018-01-16,0.0,0.0,1.0,0.0
ETHUSDT,2018-01-17,0.0,0.0,1.0,0.0
ETHUSDT,2018-01-18,0.0,0.0,1.0,0.0
ETHUSDT,2018-01-19,0.0,0.0,1.0,0.0
ETHUSDT,2018-01-20,0.0,0.0,1.0,0.0
ETHUSDT,2018-01-21,0.0,0.0,1.0,0.0
ETHUSDT,2018-01-22,0.0,0.0,1.0,0.0
ETHUSDT,2018-01-23,0.0,0.0,1.0,0.0
ETHUSDT,2018-01-24,0.0007,0.9993,0.0,0.0007
ETHUSDT,2018-01-25,0.0001,0.9999,0.0,0.0001
ETHUSDT,2018-01-26,0.0001,0.9999,0.0,0.0001
ETHUSDT,2018-01-27,0.0,0.0,1.0,0.0
ETHUSDT,2018-01-28,0.4717,0.5283,0.0,0.4717
ETHUSDT,2018-01-29,0.2651,0.7349,0.0,0.2651
ETHUSDT,2018-01-30,0.0034,0.9966,0.0,0.0034
ETHUSDT,2018-01-31,0.0001,0.9999,0.0,0.0001
ETHUSDT,2018-02-01,0.0,0.0,1.0,0.0
ETHUSDT,2018-02-02,0.0,0.0,1.0,0.0
ETHUSDT,2018-02-03,0.0,0.0,1.0,0.0
ETHUSDT,2018-02-04,0.0,0.0,1.0,0.0
ETHUSDT,2018-02-05,0.0,0.0,1.0,0.0
ETHUSDT,2018-02-06,0.0,0.0,1.0,0.0
ETHUSDT,2018-02-07,0.0,0.0,1.0,0.0
ETHUSDT,2018-02-08,0.0,0.0,1.0,0.0
ETHUSDT,2018-02-09,0.0,0.0,1.0,0.0
ETHUSDT,2018-02-10,0.0,0.0,1.0,0.0
ETHUSDT,2018-02-11,0.0,0.0,1.0,0.0
ETHUSDT,2018-02-12,0.9753,0.0247,0.0,0.9753
ETHUSDT,2018-02-13,0.0171,0.9829,0.0,0.0171
ETHUSDT,2018-02-14,0.2972,0.7028,0.0,0.2972
ETHUSDT,2018-02-15,0.0101,0.9899,0.0,0.0101
ETHUSDT,2018-02-16,0.0001,0.9999,0.0,0.0001
ETHUSDT,2018-02-17,0.0005,0.9995,0.0,0.0005
ETHUSDT,2018-02-18,0.0017,0.9983,0.0,0.0017
ETHUSDT,2018-02-19,0.0002,0.9998,0.0,0.0002
ETHUSDT,2018-02-20,0.0001,0.9999,0.0,0.0001
ETHUSDT,2018-02-21,0.0,0.0,1.0,0.0
ETHUSDT,2018-02-22,0.0,0.0,1.0,0.0
ETHUSDT,2018-02-23,0.0,0.0,1.0,0.0
ETHUSDT,2018-02-24,0.0,0.0,1.0,0.0
ETHUSDT,2018-02-25,0.0,0.0,1.0,0.0
ETHUSDT,2018-02-26,0.0,0.0,1.0,0.0
ETHUSDT,2018-02-27,0.0,0.0,1.0,0.0
ETHUSDT,2018-02-28,0.0681,0.9317,0.0002,0.0681
ETHUSDT,2018-03-01,0.0509,0.9491,0.0,0.0509
ETHUSDT,2018-03-02,0.0,0.0,1.0,0.0
ETHUSDT,2018-03-03,0.084,0.916,0.0,0.084
ETHUSDT,2018-03-04,0.0345,0.9655,0.0,0.0345
ETHUSDT,2018-03-05,0.0,0.0,1.0,0.0
ETHUSDT,2018-03-06,0.0,0.0,1.0,0.0
ETHUSDT,2018-03-07,0.0,0.0,1.0,0.0
ETHUSDT,2018-03-08,0.0,0.0,1.0,0.0
ETHUSDT,2018-03-09,0.0,0.0,1.0,0.0
ETHUSDT,2018-03-10,0.0,0.0,1.0,0.0
ETHUSDT,2018-03-11,0.0,0.0,1.0,0.0
ETHUSDT,2018-03-12,0.0,0.0,1.0,0.0
ETHUSDT,2018-03-13,0.0,0.0,1.0,0.0
ETHUSDT,2018-03-14,0.0,0.0,1.0,0.0
ETHUSDT,2018-03-15,0.0,0.0,1.0,0.0
ETHUSDT,2018-03-16,0.0,0.0,1.0,0.0
ETHUSDT,2018-03-17,0.0,0.0,1.0,0.0
ETHUSDT,2018-03-18,0.0,0.0,1.0,0.0
ETHUSDT,2018-03-19,0.0,0.0,1.0,0.0
ETHUSDT,2018-03-20,0.0,0.0,1.0,0.0
ETHUSDT,2018-03-21,0.0,0.0,1.0,0.0
ETHUSDT,2018-03-22,0.0,0.0,1.0,0.0
ETHUSDT,2018-03-23,0.0,0.0,1.0,0.0
ETHUSDT,2018-03-24,0.0,0.0,1.0,0.0
ETHUSDT,2018-03-25,0.0,0.0,1.0,0.0
ETHUSDT,2018-03-26,0.0,0.0,1.0,0.0
ETHUSDT,2018-03-27,0.0,0.0,1.0,0.0
ETHUSDT,2018-03-28,0.0,0.0,1.0,0.0
ETHUSDT,2018-03-29,0.0,0.0,1.0,0.0
ETHUSDT,2018-03-30,0.0,0.0,1.0,0.0
ETHUSDT,2018-03-31,0.0,0.0,1.0,0.0
ETHUSDT,2018-04-01,0.0,0.0,1.0,0.0
ETHUSDT,2018-04-02,0.0,0.0,1.0,0.0
ETHUSDT,2018-04-03,0.0,0.0,1.0,0.0
ETHUSDT,2018-04-04,0.0,0.0,1.0,0.0
ETHUSDT,2018-04-05,0.0,0.0,1.0,0.0
ETHUSDT,2018-04-06,0.0,0.0,1.0,0.0
ETHUSDT,2018-04-07,0.0,0.0,1.0,0.0
ETHUSDT,2018-04-08,0.0705,0.9295,0.0,0.0705
ETHUSDT,2018-04-09,0.0198,0.9802,0.0,0.0198
ETHUSDT,2018-04-10,0.0,0.0,1.0,0.0
ETHUSDT,2018-04-11,0.9802,0.0198,0.0,0.9802
ETHUSDT,2018-04-12,1.0,0.0,0.0,1.0
ETHUSDT,2018-04-13,1.0,0.0,0.0,1.0
ETHUSDT,2018-04-14,1.0,0.0,0.0,1.0
ETHUSDT,2018-04-15,1.0,0.0,0.0,1.0
ETHUSDT,2018-04-16,1.0,0.0,0.0,1.0
ETHUSDT,2018-04-17,1.0,0.0,0.0,1.0
ETHUSDT,2018-04-18,1.0,0.0,0.0,1.0
ETHUSDT,2018-04-19,0.9993,0.0007,0.0,0.9993
ETHUSDT,2018-04-20,1.0,0.0,0.0,1.0
ETHUSDT,2018-04-21,1.0,0.0,0.0,1.0
ETHUSDT,2018-04-22,0.9998,0.0002,0.0,0.9998
ETHUSDT,2018-04-23,1.0,0.0,0.0,1.0
ETHUSDT,2018-04-24,1.0,0.0,0.0,1.0
ETHUSDT,2018-04-25,0.9995,0.0005,0.0,0.9995
ETHUSDT,2018-04-26,0.9877,0.0123,0.0,0.9877
ETHUSDT,2018-04-27,0.4753,0.5247,0.0,0.4753
ETHUSDT,2018-04-28,0.4917,0.5083,0.0,0.4917
ETHUSDT,2018-04-29,0.267,0.733,0.0,0.267
ETHUSDT,2018-04-30,0.024,0.976,0.0,0.024
ETHUSDT,2018-05-01,0.0,0.0,1.0,0.0
ETHUSDT,2018-05-02,0.8753,0.1247,0.0,0.8753
ETHUSDT,2018-05-03,0.9984,0.0016,0.0,0.9984
ETHUSDT,2018-05-04,1.0,0.0,0.0,1.0
ETHUSDT,2018-05-05,0.9999,0.0001,0.0,0.9999
ETHUSDT,2018-05-06,0.9861,0.0139,0.0,0.9861
ETHUSDT,2018-05-07,0.8516,0.1484,0.0,0.8516
ETHUSDT,2018-05-08,0.5835,0.4165,0.0,0.5835
ETHUSDT,2018-05-09,0.1736,0.8264,0.0,0.1736
ETHUSDT,2018-05-10,0.0,0.0,1.0,0.0
ETHUSDT,2018-05-11,0.0,0.0,1.0,0.0
ETHUSDT,2018-05-12,0.0,0.0,1.0,0.0
ETHUSDT,2018-05-13,0.0,0.0,1.0,0.0
ETHUSDT,2018-05-14,0.0,0.0,1.0,0.0
ETHUSDT,2018-05-15,0.0,0.0,1.0,0.0
ETHUSDT,2018-05-16,0.0,0.0,1.0,0.0
ETHUSDT,2018-05-17,0.0,0.0,1.0,0.0
ETHUSDT,2018-05-18,0.0647,0.9353,0.0,0.0647
ETHUSDT,2018-05-19,0.023,0.977,0.0,0.023
ETHUSDT,2018-05-20,0.0,0.0,1.0,0.0
ETHUSDT,2018-05-21,0.0,0.0,1.0,0.0
ETHUSDT,2018-05-22,0.0,0.0,1.0,0.0
ETHUSDT,2018-05-23,0.0,0.0,1.0,0.0
ETHUSDT,2018-05-24,0.0,0.0,1.0,0.0
ETHUSDT,2018-05-25,0.0,0.0,1.0,0.0
ETHUSDT,2018-05-26,0.0,0.0,1.0,0.0
ETHUSDT,2018-05-27,0.0,0.0,1.0,0.0
ETHUSDT,2018-05-28,0.0,0.0,1.0,0.0
ETHUSDT,2018-05-29,0.0,0.0,1.0,0.0
ETHUSDT,2018-05-30,0.0,0.0,1.0,0.0
ETHUSDT,2018-05-31,0.0,0.0,1.0,0.0
ETHUSDT,2018-06-01,0.0,0.0,1.0,0.0
ETHUSDT,2018-06-02,0.4089,0.5911,0.0001,0.4089
ETHUSDT,2018-06-03,0.6772,0.3228,0.0,0.6772
ETHUSDT,2018-06-04,0.9385,0.0615,0.0,0.9385
ETHUSDT,2018-06-05,0.6837,0.3163,0.0,0.6837
ETHUSDT,2018-06-06,0.471,0.529,0.0,0.471
ETHUSDT,2018-06-07,0.1939,0.8061,0.0,0.1939
ETHUSDT,2018-06-08,0.0738,0.9262,0.0,0.0738
ETHUSDT,2018-06-09,0.0218,0.9782,0.0,0.0218
ETHUSDT,2018-06-10,0.0,0.0,1.0,0.0
ETHUSDT,2018-06-11,0.0,0.0,1.0,0.0
ETHUSDT,2018-06-12,0.0,0.0,1.0,0.0
ETHUSDT,2018-06-13,0.0,0.0,1.0,0.0
ETHUSDT,2018-06-14,0.0,0.0,1.0,0.0
ETHUSDT,2018-06-15,0.0,0.0,1.0,0.0
ETHUSDT,2018-06-16,0.0,0.0,1.0,0.0
ETHUSDT,2018-06-17,0.0,0.0,1.0,0.0
ETHUSDT,2018-06-18,0.0,0.0,1.0,0.0
ETHUSDT,2018-06-19,0.7098,0.2902,0.0,0.7098
ETHUSDT,2018-06-20,0.7475,0.2525,0.0,0.7475
ETHUSDT,2018-06-21,0.1709,0.8291,0.0,0.1709
ETHUSDT,2018-06-22,0.0,0.0,1.0,0.0
ETHUSDT,2018-06-23,0.0,0.0,1.0,0.0
ETHUSDT,2018-06-24,0.0,0.0,1.0,0.0
ETHUSDT,2018-06-25,0.0,0.0,1.0,0.0
ETHUSDT,2018-06-26,0.0,0.0,1.0,0.0
ETHUSDT,2018-06-27,0.0,0.0,1.0,0.0
ETHUSDT,2018-06-28,0.0,0.0,1.0,0.0
ETHUSDT,2018-06-29,0.0,0.0,1.0,0.0
ETHUSDT,2018-06-30,0.0,0.0,1.0,0.0
ETHUSDT,2018-07-01,0.0,0.0,1.0,0.0
ETHUSDT,2018-07-02,0.3123,0.6877,0.0,0.3123
ETHUSDT,2018-07-03,0.4589,0.5411,0.0,0.4589
ETHUSDT,2018-07-04,0.619,0.381,0.0,0.619
ETHUSDT,2018-07-05,0.9368,0.0632,0.0,0.9368
ETHUSDT,2018-07-06,0.9031,0.0969,0.0,0.9031
ETHUSDT,2018-07-07,0.7911,0.2089,0.0,0.7911
ETHUSDT,2018-07-08,0.5705,0.4295,0.0,0.5705
ETHUSDT,2018-07-09,0.1596,0.8387,0.0017,0.1596
ETHUSDT,2018-07-10,0.0,0.0,1.0,0.0
ETHUSDT,2018-07-11,0.0,0.0,1.0,0.0
ETHUSDT,2018-07-12,0.0,0.0,1.0,0.0
ETHUSDT,2018-07-13,0.0,0.0,1.0,0.0
ETHUSDT,2018-07-14,0.0,0.0,1.0,0.0
ETHUSDT,2018-07-15,0.0,0.0,1.0,0.0
ETHUSDT,2018-07-16,0.7134,0.2865,0.0,0.7134
ETHUSDT,2018-07-17,0.9948,0.0052,0.0,0.9948
ETHUSDT,2018-07-18,0.9364,0.0636,0.0,0.9364
ETHUSDT,2018-07-19,0.8638,0.1362,0.0,0.8638
ETHUSDT,2018-07-20,0.5485,0.4515,0.0,0.5485
ETHUSDT,2018-07-21,0.3624,0.6376,0.0,0.3624
ETHUSDT,2018-07-22,0.119,0.881,0.0,0.119
ETHUSDT,2018-07-23,0.0,0.0,1.0,0.0
ETHUSDT,2018-07-24,0.0,0.0,1.0,0.0
ETHUSDT,2018-07-25,0.0,0.0,1.0,0.0
ETHUSDT,2018-07-26,0.0,0.0,1.0,0.0
ETHUSDT,2018-07-27,0.1617,0.8383,0.0,0.1617
ETHUSDT,2018-07-28,0.0943,0.9057,0.0,0.0943
ETHUSDT,2018-07-29,0.058,0.942,0.0,0.058
ETHUSDT,2018-07-30,0.0281,0.9719,0.0,0.0281
ETHUSDT,2018-07-31,0.0,0.0,1.0,0.0
ETHUSDT,2018-08-01,0.0,0.0,1.0,0.0
ETHUSDT,2018-08-02,0.0,0.0,1.0,0.0
ETHUSDT,2018-08-03,0.0,0.0,1.0,0.0
ETHUSDT,2018-08-04,0.0,0.0,1.0,0.0
ETHUSDT,2018-08-05,0.0,0.0,1.0,0.0
ETHUSDT,2018-08-06,0.0,0.0,1.0,0.0
ETHUSDT,2018-08-07,0.0,0.0,1.0,0.0
ETHUSDT,2018-08-08,0.0,0.0,1.0,0.0
ETHUSDT,2018-08-09,0.0,0.0,1.0,0.0
ETHUSDT,2018-08-10,0.0,0.0,1.0,0.0
ETHUSDT,2018-08-11,0.0,0.0,1.0,0.0
ETHUSDT,2018-08-12,0.0,0.0,1.0,0.0
ETHUSDT,2018-08-13,0.0,0.0,1.0,0.0
ETHUSDT,2018-08-14,0.0,0.0,1.0,0.0
ETHUSDT,2018-08-15,0.0,0.0,1.0,0.0
ETHUSDT,2018-08-16,0.0,0.0,1.0,0.0
ETHUSDT,2018-08-17,0.0,0.0,1.0,0.0
ETHUSDT,2018-08-18,0.0,0.0,1.0,0.0
ETHUSDT,2018-08-19,0.0,0.0,1.0,0.0
ETHUSDT,2018-08-20,0.0,0.0,1.0,0.0
ETHUSDT,2018-08-21,0.0337,0.9663,0.0,0.0337
ETHUSDT,2018-08-22,0.0,0.0,1.0,0.0
ETHUSDT,2018-08-23,0.0,0.0,1.0,0.0
ETHUSDT,2018-08-24,0.0,0.0,1.0,0.0
ETHUSDT,2018-08-25,0.0,0.0,1.0,0.0
ETHUSDT,2018-08-26,0.0,0.0,1.0,0.0
ETHUSDT,2018-08-27,0.0696,0.9304,0.0,0.0696
ETHUSDT,2018-08-28,0.0454,0.9546,0.0,0.0454
ETHUSDT,2018-08-29,0.0448,0.9552,0.0,0.0448
ETHUSDT,2018-08-30,0.0284,0.9716,0.0,0.0284
ETHUSDT,2018-08-31,0.0326,0.9665,0.0009,0.0326
ETHUSDT,2018-09-01,0.0511,0.9489,0.0,0.0511
ETHUSDT,2018-09-02,0.0584,0.9416,0.0,0.0584
ETHUSDT,2018-09-03,0.0256,0.9744,0.0,0.0256
ETHUSDT,2018-09-04,0.0,0.0,1.0,0.0
ETHUSDT,2018-09-05,0.0,0.0,1.0,0.0
ETHUSDT,2018-09-06,0.0,0.0,1.0,0.0
ETHUSDT,2018-09-07,0.0,0.0,1.0,0.0
ETHUSDT,2018-09-08,0.0,0.0,1.0,0.0
ETHUSDT,2018-09-09,0.0,0.0,1.0,0.0
ETHUSDT,2018-09-10,0.0,0.0,1.0,0.0
ETHUSDT,2018-09-11,0.0,0.0,1.0,0.0
ETHUSDT,2018-09-12,0.0,0.0,1.0,0.0
ETHUSDT,2018-09-13,0.0,0.0,1.0,0.0
ETHUSDT,2018-09-14,0.0,0.0,1.0,0.0
ETHUSDT,2018-09-15,0.2734,0.7266,0.0,0.2734
ETHUSDT,2018-09-16,0.1581,0.8419,0.0,0.1581
ETHUSDT,2018-09-17,0.028,0.9719,0.0001,0.028
ETHUSDT,2018-09-18,0.1129,0.8871,0.0,0.1129
ETHUSDT,2018-09-19,0.1387,0.8613,0.0,0.1387
ETHUSDT,2018-09-20,0.0187,0.9813,0.0,0.0187
ETHUSDT,2018-09-21,0.0824,0.9176,0.0,0.0824
ETHUSDT,2018-09-22,0.0041,0.9959,0.0,0.0041
ETHUSDT,2018-09-23,0.0064,0.9936,0.0,0.0064
ETHUSDT,2018-09-24,0.0376,0.9624,0.0,0.0376
ETHUSDT,2018-09-25,0.0008,0.9992,0.0,0.0008
ETHUSDT,2018-09-26,0.0021,0.9979,0.0,0.0021
ETHUSDT,2018-09-27,0.0014,0.9986,0.0,0.0014
ETHUSDT,2018-09-28,0.0,0.0,1.0,0.0
ETHUSDT,2018-09-29,0.0,0.0,1.0,0.0
ETHUSDT,2018-09-30,0.0,0.0,1.0,0.0
ETHUSDT,2018-10-01,0.0167,0.9833,0.0,0.0167
ETHUSDT,2018-10-02,0.0065,0.9935,0.0,0.0065
ETHUSDT,2018-10-03,0.0032,0.9968,0.0,0.0032
ETHUSDT,2018-10-04,0.0,0.0,1.0,0.0
ETHUSDT,2018-10-05,0.0351,0.9649,0.0,0.0351
ETHUSDT,2018-10-06,0.0,0.0,1.0,0.0
ETHUSDT,2018-10-07,0.0,0.0,1.0,0.0
ETHUSDT,2018-10-08,0.0,0.0,1.0,0.0
ETHUSDT,2018-10-09,0.0949,0.9036,0.0015,0.0949
ETHUSDT,2018-10-10,0.0395,0.9605,0.0,0.0395
ETHUSDT,2018-10-11,0.0,0.0,1.0,0.0
ETHUSDT,2018-10-12,0.0,0.0,1.0,0.0
ETHUSDT,2018-10-13,0.0,0.0,1.0,0.0
ETHUSDT,2018-10-14,0.0,0.0,1.0,0.0
ETHUSDT,2018-10-15,0.0,0.0,1.0,0.0
ETHUSDT,2018-10-16,0.0,0.0,1.0,0.0
ETHUSDT,2018-10-17,0.0,0.0,1.0,0.0
ETHUSDT,2018-10-18,0.2376,0.7624,0.0,0.2376
ETHUSDT,2018-10-19,0.1208,0.8792,0.0,0.1208
ETHUSDT,2018-10-20,0.066,0.934,0.0,0.066
ETHUSDT,2018-10-21,0.0361,0.9639,0.0,0.0361
ETHUSDT,2018-10-22,0.0,0.0,1.0,0.0
ETHUSDT,2018-10-23,0.0,0.0,1.0,0.0
ETHUSDT,2018-10-24,0.0,0.0,1.0,0.0
ETHUSDT,2018-10-25,0.0,0.0,1.0,0.0
ETHUSDT,2018-10-26,0.0,0.0,1.0,0.0
ETHUSDT,2018-10-27,0.0,0.0,1.0,0.0
ETHUSDT,2018-10-28,0.0499,0.9354,0.0146,0.0499
ETHUSDT,2018-10-29,0.0,0.0,1.0,0.0
ETHUSDT,2018-10-30,0.0,0.0,1.0,0.0
ETHUSDT,2018-10-31,0.0,0.0,1.0,0.0
ETHUSDT,2018-11-01,0.0,0.0,1.0,0.0
ETHUSDT,2018-11-02,0.0,0.0,1.0,0.0
ETHUSDT,2018-11-03,0.0,0.0,1.0,0.0
ETHUSDT,2018-11-04,0.6014,0.3986,0.0,0.6014
ETHUSDT,2018-11-05,0.7927,0.2073,0.0,0.7927
ETHUSDT,2018-11-06,0.9713,0.0287,0.0,0.9713
ETHUSDT,2018-11-07,0.9706,0.0294,0.0,0.9706
ETHUSDT,2018-11-08,0.8445,0.1555,0.0,0.8445
ETHUSDT,2018-11-09,0.6421,0.3579,0.0,0.6421
ETHUSDT,2018-11-10,0.4785,0.5215,0.0,0.4785
ETHUSDT,2018-11-11,0.2074,0.7926,0.0,0.2074
ETHUSDT,2018-11-12,0.0644,0.9355,0.0001,0.0644
ETHUSDT,2018-11-13,0.0,0.0,1.0,0.0
ETHUSDT,2018-11-14,0.0,0.0,1.0,0.0
ETHUSDT,2018-11-15,0.0,0.0,1.0,0.0
ETHUSDT,2018-11-16,0.0,0.0,1.0,0.0
ETHUSDT,2018-11-17,0.0,0.0,1.0,0.0
ETHUSDT,2018-11-18,0.0,0.0,1.0,0.0
ETHUSDT,2018-11-19,0.0,0.0,1.0,0.0
ETHUSDT,2018-11-20,0.0,0.0,1.0,0.0
ETHUSDT,2018-11-21,0.0,0.0,1.0,0.0
ETHUSDT,2018-11-22,0.0,0.0,1.0,0.0
ETHUSDT,2018-11-23,0.0,0.0,1.0,0.0
ETHUSDT,2018-11-24,0.0,0.0,1.0,0.0
ETHUSDT,2018-11-25,0.0,0.0,1.0,0.0
ETHUSDT,2018-11-26,0.0,0.0,1.0,0.0
ETHUSDT,2018-11-27,0.0,0.0,1.0,0.0
ETHUSDT,2018-11-28,0.0,0.0,1.0,0.0
ETHUSDT,2018-11-29,0.0,0.0,1.0,0.0
ETHUSDT,2018-11-30,0.0,0.0,1.0,0.0
ETHUSDT,2018-12-01,0.0075,0.9925,0.0,0.0075
ETHUSDT,2018-12-02,0.0,0.0,1.0,0.0
ETHUSDT,2018-12-03,0.0081,0.9918,0.0002,0.0081
ETHUSDT,2018-12-04,0.0014,0.9977,0.0009,0.0014
ETHUSDT,2018-12-05,0.0,0.0,1.0,0.0
ETHUSDT,2018-12-06,0.0,0.0,1.0,0.0
ETHUSDT,2018-12-07,0.0,0.0,1.0,0.0
ETHUSDT,2018-12-08,0.0,0.0,1.0,0.0
ETHUSDT,2018-12-09,0.0,0.0,1.0,0.0
ETHUSDT,2018-12-10,0.0,0.0,1.0,0.0
ETHUSDT,2018-12-11,0.0,0.0,1.0,0.0
ETHUSDT,2018-12-12,0.0,0.0,1.0,0.0
ETHUSDT,2018-12-13,0.0,0.0,1.0,0.0
ETHUSDT,2018-12-14,0.0,0.0,1.0,0.0
ETHUSDT,2018-12-15,0.0,0.0,1.0,0.0
ETHUSDT,2018-12-16,0.0,0.0,1.0,0.0
ETHUSDT,2018-12-17,0.4723,0.5277,0.0,0.4723
ETHUSDT,2018-12-18,0.9242,0.0758,0.0,0.9242
ETHUSDT,2018-12-19,0.9828,0.0172,0.0,0.9828
ETHUSDT,2018-12-20,1.0,0.0,0.0,1.0
ETHUSDT,2018-12-21,1.0,0.0,0.0,1.0
ETHUSDT,2018-12-22,1.0,0.0,0.0,1.0
ETHUSDT,2018-12-23,1.0,0.0,0.0,1.0
ETHUSDT,2018-12-24,1.0,0.0,0.0,1.0
ETHUSDT,2018-12-25,1.0,0.0,0.0,1.0
ETHUSDT,2018-12-26,1.0,0.0,0.0,1.0
ETHUSDT,2018-12-27,0.5718,0.428,0.0002,0.5718
ETHUSDT,2018-12-28,0.9998,0.0002,0.0,0.9998
ETHUSDT,2018-12-29,0.8542,0.1458,0.0,0.8542
ETHUSDT,2018-12-30,0.0096,0.9904,0.0,0.0096
ETHUSDT,2018-12-31,0.0,0.0,1.0,0.0
ETHUSDT,2019-01-01,0.0767,0.9233,0.0,0.0767
ETHUSDT,2019-01-02,0.7281,0.2719,0.0,0.7281
ETHUSDT,2019-01-03,0.9999,0.0001,0.0,0.9999
ETHUSDT,2019-01-04,0.1033,0.8967,0.0,0.1033
ETHUSDT,2019-01-05,0.0177,0.9823,0.0,0.0177
ETHUSDT,2019-01-06,0.0075,0.9925,0.0,0.0075
ETHUSDT,2019-01-07,0.01,0.99,0.0,0.01
ETHUSDT,2019-01-08,0.0005,0.9995,0.0,0.0005
ETHUSDT,2019-01-09,0.0,0.0,1.0,0.0
ETHUSDT,2019-01-10,0.0,0.0,1.0,0.0
ETHUSDT,2019-01-11,0.0,0.0,1.0,0.0
ETHUSDT,2019-01-12,0.0,0.0,1.0,0.0
ETHUSDT,2019-01-13,0.0,0.0,1.0,0.0
ETHUSDT,2019-01-14,0.0,0.0,1.0,0.0
ETHUSDT,2019-01-15,0.0,0.0,1.0,0.0
ETHUSDT,2019-01-16,0.0,0.0,1.0,0.0
ETHUSDT,2019-01-17,0.0,0.0,1.0,0.0
ETHUSDT,2019-01-18,0.0,0.0,1.0,0.0
ETHUSDT,2019-01-19,0.0,0.0,1.0,0.0
ETHUSDT,2019-01-20,0.0165,0.9835,0.0,0.0165
ETHUSDT,2019-01-21,0.0,0.0,1.0,0.0
ETHUSDT,2019-01-22,0.0,0.0,1.0,0.0
ETHUSDT,2019-01-23,0.0,0.0,1.0,0.0
ETHUSDT,2019-01-24,0.0,0.0,1.0,0.0
ETHUSDT,2019-01-25,0.0,0.0,1.0,0.0
ETHUSDT,2019-01-26,0.0,0.0,1.0,0.0
ETHUSDT,2019-01-27,0.0,0.0,1.0,0.0
ETHUSDT,2019-01-28,0.0,0.0,1.0,0.0
ETHUSDT,2019-01-29,0.0,0.0,1.0,0.0
ETHUSDT,2019-01-30,0.0,0.0,1.0,0.0
ETHUSDT,2019-01-31,0.0,0.0,1.0,0.0
ETHUSDT,2019-02-01,0.0,0.0,1.0,0.0
ETHUSDT,2019-02-02,0.0,0.0,1.0,0.0
ETHUSDT,2019-02-03,0.0,0.0,1.0,0.0
ETHUSDT,2019-02-04,0.1158,0.8842,0.0,0.1158
ETHUSDT,2019-02-05,0.0495,0.9505,0.0,0.0495
ETHUSDT,2019-02-06,0.0,0.0,1.0,0.0
ETHUSDT,2019-02-07,0.0,0.0,1.0,0.0
ETHUSDT,2019-02-08,0.9653,0.0347,0.0,0.9653
ETHUSDT,2019-02-09,0.9765,0.0235,0.0,0.9765
ETHUSDT,2019-02-10,0.9998,0.0002,0.0,0.9998
ETHUSDT,2019-02-11,0.9985,0.0015,0.0,0.9985
ETHUSDT,2019-02-12,0.9995,0.0005,0.0,0.9995
ETHUSDT,2019-02-13,0.9999,0.0001,0.0,0.9999
ETHUSDT,2019-02-14,0.9993,0.0007,0.0,0.9993
ETHUSDT,2019-02-15,0.8213,0.1787,0.0,0.8213
ETHUSDT,2019-02-16,0.7944,0.2056,0.0,0.7944
ETHUSDT,2019-02-17,0.8865,0.1135,0.0,0.8865
ETHUSDT,2019-02-18,1.0,0.0,0.0,1.0
ETHUSDT,2019-02-19,1.0,0.0,0.0,1.0
ETHUSDT,2019-02-20,1.0,0.0,0.0,1.0
ETHUSDT,2019-02-21,1.0,0.0,0.0,1.0
ETHUSDT,2019-02-22,1.0,0.0,0.0,1.0
ETHUSDT,2019-02-23,1.0,0.0,0.0,1.0
ETHUSDT,2019-02-24,0.0988,0.9012,0.0,0.0988
ETHUSDT,2019-02-25,0.0,0.0,1.0,0.0
ETHUSDT,2019-02-26,0.0,0.0,1.0,0.0
ETHUSDT,2019-02-27,0.0,0.0,1.0,0.0
ETHUSDT,2019-02-28,0.0,0.0,1.0,0.0
ETHUSDT,2019-03-01,0.0,0.0,1.0,0.0
ETHUSDT,2019-03-02,0.0,0.0,1.0,0.0
ETHUSDT,2019-03-03,0.0,0.0,1.0,0.0
ETHUSDT,2019-03-04,0.0,0.0,1.0,0.0
ETHUSDT,2019-03-05,0.0,0.0,1.0,0.0
ETHUSDT,2019-03-06,0.0411,0.9589,0.0,0.0411
ETHUSDT,2019-03-07,0.0117,0.9883,0.0,0.0117
ETHUSDT,2019-03-08,0.0,0.0,1.0,0.0
ETHUSDT,2019-03-09,0.0514,0.9486,0.0,0.0514
ETHUSDT,2019-03-10,0.03,0.97,0.0,0.03
ETHUSDT,2019-03-11,0.0227,0.9773,0.0,0.0227
ETHUSDT,2019-03-12,0.0,0.0,1.0,0.0
ETHUSDT,2019-03-13,0.0,0.0,1.0,0.0
ETHUSDT,2019-03-14,0.0,0.0,1.0,0.0
ETHUSDT,2019-03-15,0.1402,0.8598,0.0,0.1402
ETHUSDT,2019-03-16,0.1294,0.8706,0.0,0.1294
ETHUSDT,2019-03-17,0.1528,0.8472,0.0,0.1528
ETHUSDT,2019-03-18,0.1883,0.8117,0.0,0.1883
ETHUSDT,2019-03-19,0.2,0.8,0.0,0.2
ETHUSDT,2019-03-20,0.1767,0.8233,0.0,0.1767
ETHUSDT,2019-03-21,0.0726,0.9274,0.0,0.0726
ETHUSDT,2019-03-22,0.0,0.0,1.0,0.0
ETHUSDT,2019-03-23,0.0,0.0,1.0,0.0
ETHUSDT,2019-03-24,0.0,0.0,1.0,0.0
ETHUSDT,2019-03-25,0.0,0.0,1.0,0.0
ETHUSDT,2019-03-26,0.0,0.0,1.0,0.0
ETHUSDT,2019-03-27,0.1988,0.7984,0.0027,0.1988
ETHUSDT,2019-03-28,0.204,0.796,0.0,0.204
ETHUSDT,2019-03-29,0.2593,0.7407,0.0,0.2593
ETHUSDT,2019-03-30,0.329,0.671,0.0,0.329
ETHUSDT,2019-03-31,0.4759,0.5241,0.0,0.4759
ETHUSDT,2019-04-01,0.7253,0.2747,0.0,0.7253
ETHUSDT,2019-04-02,1.0,0.0,0.0,1.0
ETHUSDT,2019-04-03,0.9997,0.0003,0.0,0.9997
ETHUSDT,2019-04-04,0.9992,0.0008,0.0,0.9992
ETHUSDT,2019-04-05,0.9999,0.0001,0.0,0.9999
ETHUSDT,2019-04-06,0.9999,0.0001,0.0,0.9999
ETHUSDT,2019-04-07,1.0,0.0,0.0,1.0
ETHUSDT,2019-04-08,1.0,0.0,0.0,1.0
ETHUSDT,2019-04-09,0.9025,0.0975,0.0,0.9025
ETHUSDT,2019-04-10,0.7919,0.2081,0.0,0.7919
ETHUSDT,2019-04-11,0.2595,0.7405,0.0,0.2595
ETHUSDT,2019-04-12,0.0,0.0,1.0,0.0
ETHUSDT,2019-04-13,0.0,0.0,1.0,0.0
ETHUSDT,2019-04-14,0.0,0.0,1.0,0.0
ETHUSDT,2019-04-15,0.0,0.0,1.0,0.0
ETHUSDT,2019-04-16,0.0,0.0,1.0,0.0
ETHUSDT,2019-04-17,0.0,0.0,1.0,0.0
ETHUSDT,2019-04-18,0.1707,0.8293,0.0,0.1707
ETHUSDT,2019-04-19,0.1301,0.8699,0.0,0.1301
ETHUSDT,2019-04-20,0.0991,0.9009,0.0,0.0991
ETHUSDT,2019-04-21,0.0629,0.9371,0.0,0.0629
ETHUSDT,2019-04-22,0.0666,0.9334,0.0,0.0666
ETHUSDT,2019-04-23,0.037,0.963,0.0,0.037
ETHUSDT,2019-04-24,0.0,0.0,1.0,0.0
ETHUSDT,2019-04-25,0.0,0.0,1.0,0.0
ETHUSDT,2019-04-26,0.0,0.0,1.0,0.0
ETHUSDT,2019-04-27,0.0,0.0,1.0,0.0
ETHUSDT,2019-04-28,0.0,0.0,1.0,0.0
ETHUSDT,2019-04-29,0.0,0.0,1.0,0.0
ETHUSDT,2019-04-30,0.0,0.0,1.0,0.0
ETHUSDT,2019-05-01,0.0,0.0,1.0,0.0
ETHUSDT,2019-05-02,0.7154,0.2846,0.0,0.7154
ETHUSDT,2019-05-03,0.8029,0.1971,0.0,0.8029
ETHUSDT,2019-05-04,0.7915,0.2085,0.0,0.7915
ETHUSDT,2019-05-05,0.8477,0.1523,0.0,0.8477
ETHUSDT,2019-05-06,0.9685,0.0315,0.0,0.9685
ETHUSDT,2019-05-07,0.911,0.089,0.0,0.911
ETHUSDT,2019-05-08,0.8999,0.1001,0.0,0.8999
ETHUSDT,2019-05-09,0.884,0.116,0.0,0.884
ETHUSDT,2019-05-10,0.9,0.1,0.0,0.9
ETHUSDT,2019-05-11,0.9999,0.0001,0.0,0.9999
ETHUSDT,2019-05-12,0.9997,0.0003,0.0,0.9997
ETHUSDT,2019-05-13,0.9994,0.0006,0.0,0.9994
ETHUSDT,2019-05-14,1.0,0.0,0.0,1.0
ETHUSDT,2019-05-15,1.0,0.0,0.0,1.0
ETHUSDT,2019-05-16,1.0,0.0,0.0,1.0
ETHUSDT,2019-05-17,1.0,0.0,0.0,1.0
ETHUSDT,2019-05-18,1.0,0.0,0.0,1.0
ETHUSDT,2019-05-19,1.0,0.0,0.0,1.0
ETHUSDT,2019-05-20,1.0,0.0,0.0,1.0
ETHUSDT,2019-05-21,0.9853,0.0147,0.0,0.9853
ETHUSDT,2019-05-22,0.0,0.0,1.0,0.0
ETHUSDT,2019-05-23,0.0,0.0,1.0,0.0
ETHUSDT,2019-05-24,0.0165,0.9835,0.0,0.0165
ETHUSDT,2019-05-25,0.0106,0.9894,0.0,0.0106
ETHUSDT,2019-05-26,0.005,0.995,0.0,0.005
ETHUSDT,2019-05-27,0.0136,0.9864,0.0,0.0136
ETHUSDT,2019-05-28,0.0126,0.9874,0.0,0.0126
ETHUSDT,2019-05-29,0.026,0.974,0.0,0.026
ETHUSDT,2019-05-30,0.0055,0.9945,0.0,0.0055
ETHUSDT,2019-05-31,0.0071,0.9929,0.0,0.0071
ETHUSDT,2019-06-01,0.0069,0.9931,0.0,0.0069
ETHUSDT,2019-06-02,0.0039,0.9961,0.0,0.0039
ETHUSDT,2019-06-03,0.0,0.0,1.0,0.0
ETHUSDT,2019-06-04,0.0,0.0,1.0,0.0
ETHUSDT,2019-06-05,0.0,0.0,1.0,0.0
ETHUSDT,2019-06-06,0.0,0.0,1.0,0.0
ETHUSDT,2019-06-07,0.0,0.0,1.0,0.0
ETHUSDT,2019-06-08,0.0,0.0,1.0,0.0
ETHUSDT,2019-06-09,0.0,0.0,1.0,0.0
ETHUSDT,2019-06-10,0.0,0.0,1.0,0.0
ETHUSDT,2019-06-11,0.3817,0.6183,0.0,0.3817
ETHUSDT,2019-06-12,0.4538,0.5462,0.0,0.4538
ETHUSDT,2019-06-13,0.516,0.484,0.0,0.516
ETHUSDT,2019-06-14,0.7003,0.2997,0.0,0.7003
ETHUSDT,2019-06-15,0.9365,0.0635,0.0,0.9365
ETHUSDT,2019-06-16,0.9995,0.0005,0.0,0.9995
ETHUSDT,2019-06-17,0.9925,0.0075,0.0,0.9925
ETHUSDT,2019-06-18,0.9519,0.0481,0.0,0.9519
ETHUSDT,2019-06-19,0.8931,0.1069,0.0,0.8931
ETHUSDT,2019-06-20,0.9305,0.0695,0.0,0.9305
ETHUSDT,2019-06-21,0.9931,0.0069,0.0,0.9931
ETHUSDT,2019-06-22,0.9997,0.0003,0.0,0.9997
ETHUSDT,2019-06-23,0.9996,0.0004,0.0,0.9996
ETHUSDT,2019-06-24,0.9993,0.0007,0.0,0.9993
ETHUSDT,2019-06-25,1.0,0.0,0.0,1.0
ETHUSDT,2019-06-26,1.0,0.0,0.0,1.0
ETHUSDT,2019-06-27,0.6915,0.3085,0.0,0.6915
ETHUSDT,2019-06-28,0.2814,0.7186,0.0,0.2814
ETHUSDT,2019-06-29,0.0697,0.9303,0.0,0.0697
ETHUSDT,2019-06-30,0.0,0.0,1.0,0.0
ETHUSDT,2019-07-01,0.0,0.0,1.0,0.0
ETHUSDT,2019-07-02,0.0,0.0,1.0,0.0
ETHUSDT,2019-07-03,0.0,0.0,1.0,0.0
ETHUSDT,2019-07-04,0.0,0.0,1.0,0.0
ETHUSDT,2019-07-05,0.0,0.0,1.0,0.0
ETHUSDT,2019-07-06,0.0,0.0,1.0,0.0
ETHUSDT,2019-07-07,0.0748,0.9252,0.0,0.0748
ETHUSDT,2019-07-08,0.0455,0.9545,0.0,0.0455
ETHUSDT,2019-07-09,0.0205,0.9795,0.0,0.0205
ETHUSDT,2019-07-10,0.0,0.0,1.0,0.0
ETHUSDT,2019-07-11,0.0,0.0,1.0,0.0
ETHUSDT,2019-07-12,0.0,0.0,1.0,0.0
ETHUSDT,2019-07-13,0.0,0.0,1.0,0.0
ETHUSDT,2019-07-14,0.0,0.0,1.0,0.0
ETHUSDT,2019-07-15,0.0,0.0,1.0,0.0
ETHUSDT,2019-07-16,0.0,0.0,1.0,0.0
ETHUSDT,2019-07-17,0.0,0.0,1.0,0.0
ETHUSDT,2019-07-18,0.0,0.0,1.0,0.0
ETHUSDT,2019-07-19,0.0,0.0,1.0,0.0
ETHUSDT,2019-07-20,0.0,0.0,1.0,0.0
ETHUSDT,2019-07-21,0.0,0.0,1.0,0.0
ETHUSDT,2019-07-22,0.0,0.0,1.0,0.0
ETHUSDT,2019-07-23,0.0288,0.9712,0.0,0.0288
ETHUSDT,2019-07-24,0.0043,0.9957,0.0,0.0043
ETHUSDT,2019-07-25,0.0,0.0,1.0,0.0
ETHUSDT,2019-07-26,0.0,0.0,1.0,0.0
ETHUSDT,2019-07-27,0.0,0.0,1.0,0.0
ETHUSDT,2019-07-28,0.0,0.0,1.0,0.0
ETHUSDT,2019-07-29,0.0,0.0,1.0,0.0
ETHUSDT,2019-07-30,0.0,0.0,1.0,0.0
ETHUSDT,2019-07-31,0.0159,0.9839,0.0002,0.0159
ETHUSDT,2019-08-01,0.0,0.0,1.0,0.0
ETHUSDT,2019-08-02,0.0,0.0,1.0,0.0
ETHUSDT,2019-08-03,0.3581,0.6419,0.0,0.3581
ETHUSDT,2019-08-04,0.4798,0.5202,0.0,0.4798
ETHUSDT,2019-08-05,0.6805,0.3195,0.0,0.6805
ETHUSDT,2019-08-06,0.5907,0.4093,0.0,0.5907
ETHUSDT,2019-08-07,0.328,0.672,0.0,0.328
ETHUSDT,2019-08-08,0.1166,0.8834,0.0,0.1166
ETHUSDT,2019-08-09,0.0,0.0,1.0,0.0
ETHUSDT,2019-08-10,0.0,0.0,1.0,0.0
ETHUSDT,2019-08-11,0.0,0.0,1.0,0.0
ETHUSDT,2019-08-12,0.0,0.0,1.0,0.0
ETHUSDT,2019-08-13,0.0,0.0,1.0,0.0
ETHUSDT,2019-08-14,0.0,0.0,1.0,0.0
ETHUSDT,2019-08-15,0.0,0.0,1.0,0.0
ETHUSDT,2019-08-16,0.0,0.0,1.0,0.0
ETHUSDT,2019-08-17,0.0,0.0,1.0,0.0
ETHUSDT,2019-08-18,0.0,0.0,1.0,0.0
ETHUSDT,2019-08-19,0.0,0.0,1.0,0.0
ETHUSDT,2019-08-20,0.0,0.0,1.0,0.0
ETHUSDT,2019-08-21,0.1299,0.8666,0.0035,0.1299
ETHUSDT,2019-08-22,0.0918,0.9082,0.0,0.0918
ETHUSDT,2019-08-23,0.0789,0.9211,0.0,0.0789
ETHUSDT,2019-08-24,0.0369,0.9631,0.0,0.0369
ETHUSDT,2019-08-25,0.0,0.0,1.0,0.0
ETHUSDT,2019-08-26,0.0,0.0,1.0,0.0
ETHUSDT,2019-08-27,0.0,0.0,1.0,0.0
ETHUSDT,2019-08-28,0.0,0.0,1.0,0.0
ETHUSDT,2019-08-29,0.0,0.0,1.0,0.0
ETHUSDT,2019-08-30,0.0,0.0,1.0,0.0
ETHUSDT,2019-08-31,0.0,0.0,1.0,0.0
ETHUSDT,2019-09-01,0.0,0.0,1.0,0.0
ETHUSDT,2019-09-02,0.0,0.0,1.0,0.0
ETHUSDT,2019-09-03,0.0,0.0,1.0,0.0
ETHUSDT,2019-09-04,0.2114,0.7886,0.0,0.2114
ETHUSDT,2019-09-05,0.1898,0.8102,0.0,0.1898
ETHUSDT,2019-09-06,0.1825,0.8175,0.0,0.1825
ETHUSDT,2019-09-07,0.2132,0.7868,0.0,0.2132
ETHUSDT,2019-09-08,0.257,0.743,0.0,0.257
ETHUSDT,2019-09-09,0.2336,0.7664,0.0,0.2336
ETHUSDT,2019-09-10,0.2523,0.7467,0.0011,0.2523
ETHUSDT,2019-09-11,0.3319,0.6681,0.0,0.3319
ETHUSDT,2019-09-12,0.4925,0.5075,0.0,0.4925
ETHUSDT,2019-09-13,0.6887,0.3113,0.0,0.6887
ETHUSDT,2019-09-14,0.7765,0.2235,0.0,0.7765
ETHUSDT,2019-09-15,0.8532,0.1468,0.0,0.8532
ETHUSDT,2019-09-16,0.9679,0.0321,0.0,0.9679
ETHUSDT,2019-09-17,0.9999,0.0001,0.0,0.9999
ETHUSDT,2019-09-18,1.0,0.0,0.0,1.0
ETHUSDT,2019-09-19,1.0,0.0,0.0,1.0
ETHUSDT,2019-09-20,1.0,0.0,0.0,1.0
ETHUSDT,2019-09-21,0.9996,0.0004,0.0,0.9996
ETHUSDT,2019-09-22,0.9672,0.0328,0.0,0.9672
ETHUSDT,2019-09-23,0.3399,0.6601,0.0,0.3399
ETHUSDT,2019-09-24,0.0,0.0,1.0,0.0
ETHUSDT,2019-09-25,0.0,0.0,1.0,0.0
ETHUSDT,2019-09-26,0.0,0.0,1.0,0.0
ETHUSDT,2019-09-27,0.0,0.0,1.0,0.0
ETHUSDT,2019-09-28,0.0,0.0,1.0,0.0
ETHUSDT,2019-09-29,0.0,0.0,1.0,0.0
ETHUSDT,2019-09-30,0.0,0.0,1.0,0.0
ETHUSDT,2019-10-01,0.1088,0.8912,0.0,0.1088
ETHUSDT,2019-10-02,0.0652,0.9348,0.0,0.0652
ETHUSDT,2019-10-03,0.0375,0.9625,0.0,0.0375
ETHUSDT,2019-10-04,0.0199,0.9801,0.0,0.0199
ETHUSDT,2019-10-05,0.0166,0.9834,0.0,0.0166
ETHUSDT,2019-10-06,0.0168,0.9832,0.0,0.0168
ETHUSDT,2019-10-07,0.0208,0.9791,0.0,0.0208
ETHUSDT,2019-10-08,0.0394,0.9606,0.0,0.0394
ETHUSDT,2019-10-09,0.0881,0.9119,0.0,0.0881
ETHUSDT,2019-10-10,0.1314,0.8686,0.0,0.1314
ETHUSDT,2019-10-11,0.0517,0.9483,0.0,0.0517
ETHUSDT,2019-10-12,0.0282,0.9718,0.0,0.0282
ETHUSDT,2019-10-13,0.0253,0.9747,0.0,0.0253
ETHUSDT,2019-10-14,0.0125,0.9875,0.0,0.0125
ETHUSDT,2019-10-15,0.0,0.0,1.0,0.0
ETHUSDT,2019-10-16,0.0,0.0,1.0,0.0
ETHUSDT,2019-10-17,0.0,0.0,1.0,0.0
ETHUSDT,2019-10-18,0.0,0.0,1.0,0.0
ETHUSDT,2019-10-19,0.0,0.0,1.0,0.0
ETHUSDT,2019-10-20,0.0,0.0,1.0,0.0
ETHUSDT,2019-10-21,0.0,0.0,1.0,0.0
ETHUSDT,2019-10-22,0.0,0.0,1.0,0.0
ETHUSDT,2019-10-23,0.0,0.0,1.0,0.0
ETHUSDT,2019-10-24,0.0,0.0,1.0,0.0
ETHUSDT,2019-10-25,0.399,0.601,0.0,0.399
ETHUSDT,2019-10-26,0.4306,0.5694,0.0,0.4306
ETHUSDT,2019-10-27,0.5349,0.4651,0.0,0.5349
ETHUSDT,2019-10-28,0.6945,0.3055,0.0,0.6945
ETHUSDT,2019-10-29,0.9548,0.0452,0.0,0.9548
ETHUSDT,2019-10-30,0.9981,0.0019,0.0,0.9981
ETHUSDT,2019-10-31,0.9866,0.0134,0.0,0.9866
ETHUSDT,2019-11-01,0.4356,0.5644,0.0,0.4356
ETHUSDT,2019-11-02,0.1471,0.8529,0.0,0.1471
ETHUSDT,2019-11-03,0.0,0.0,1.0,0.0
ETHUSDT,2019-11-04,0.0664,0.9336,0.0,0.0664
ETHUSDT,2019-11-05,0.0,0.0,1.0,0.0
ETHUSDT,2019-11-06,0.1949,0.8051,0.0,0.1949
ETHUSDT,2019-11-07,0.1309,0.8691,0.0,0.1309
ETHUSDT,2019-11-08,0.0897,0.9094,0.0009,0.0897
ETHUSDT,2019-11-09,0.0642,0.9357,0.0001,0.0642
ETHUSDT,2019-11-10,0.0408,0.9592,0.0,0.0408
ETHUSDT,2019-11-11,0.0,0.0,1.0,0.0
ETHUSDT,2019-11-12,0.0,0.0,1.0,0.0
ETHUSDT,2019-11-13,0.0,0.0,1.0,0.0
ETHUSDT,2019-11-14,0.0,0.0,1.0,0.0
ETHUSDT,2019-11-15,0.0,0.0,1.0,0.0
ETHUSDT,2019-11-16,0.0,0.0,1.0,0.0
ETHUSDT,2019-11-17,0.0,0.0,1.0,0.0
ETHUSDT,2019-11-18,0.0,0.0,1.0,0.0
ETHUSDT,2019-11-19,0.0,0.0,1.0,0.0
ETHUSDT,2019-11-20,0.0,0.0,1.0,0.0
ETHUSDT,2019-11-21,0.0,0.0,1.0,0.0
ETHUSDT,2019-11-22,0.0,0.0,1.0,0.0
ETHUSDT,2019-11-23,0.0,0.0,1.0,0.0
ETHUSDT,2019-11-24,0.0,0.0,1.0,0.0
ETHUSDT,2019-11-25,0.0,0.0,1.0,0.0
ETHUSDT,2019-11-26,0.0,0.0,1.0,0.0
ETHUSDT,2019-11-27,0.0,0.0,1.0,0.0
ETHUSDT,2019-11-28,0.0,0.0,1.0,0.0
ETHUSDT,2019-11-29,0.0823,0.9177,0.0,0.0823
ETHUSDT,2019-11-30,0.0,0.0,1.0,0.0
ETHUSDT,2019-12-01,0.2299,0.7701,0.0,0.2299
ETHUSDT,2019-12-02,0.086,0.914,0.0,0.086
ETHUSDT,2019-12-03,0.0,0.0,1.0,0.0
ETHUSDT,2019-12-04,0.0,0.0,1.0,0.0
ETHUSDT,2019-12-05,0.0,0.0,1.0,0.0
ETHUSDT,2019-12-06,0.0,0.0,1.0,0.0
ETHUSDT,2019-12-07,0.0,0.0,1.0,0.0
ETHUSDT,2019-12-08,0.0644,0.9176,0.018,0.0644
ETHUSDT,2019-12-09,0.0,0.0,1.0,0.0
ETHUSDT,2019-12-10,0.0,0.0,1.0,0.0
ETHUSDT,2019-12-11,0.0,0.0,1.0,0.0
ETHUSDT,2019-12-12,0.0,0.0,1.0,0.0
ETHUSDT,2019-12-13,0.0,0.0,1.0,0.0
ETHUSDT,2019-12-14,0.0,0.0,1.0,0.0
ETHUSDT,2019-12-15,0.0,0.0,1.0,0.0
ETHUSDT,2019-12-16,0.0,0.0,1.0,0.0
ETHUSDT,2019-12-17,0.0,0.0,1.0,0.0
ETHUSDT,2019-12-18,0.0,0.0,1.0,0.0
ETHUSDT,2019-12-19,0.0,0.0,1.0,0.0
ETHUSDT,2019-12-20,0.0,0.0,1.0,0.0
ETHUSDT,2019-12-21,0.0,0.0,1.0,0.0
ETHUSDT,2019-12-22,0.0,0.0,1.0,0.0
ETHUSDT,2019-12-23,0.0,0.0,1.0,0.0
ETHUSDT,2019-12-24,0.1163,0.8837,0.0,0.1163
ETHUSDT,2019-12-25,0.0,0.0,1.0,0.0
ETHUSDT,2019-12-26,0.0,0.0,1.0,0.0
ETHUSDT,2019-12-27,0.0,0.0,1.0,0.0
ETHUSDT,2019-12-28,0.1655,0.8307,0.0037,0.1655
ETHUSDT,2019-12-29,0.1326,0.8674,0.0,0.1326
ETHUSDT,2019-12-30,0.1265,0.8735,0.0,0.1265
ETHUSDT,2019-12-31,0.127,0.8727,0.0003,0.127
ETHUSDT,2020-01-01,0.1604,0.8396,0.0,0.1604
ETHUSDT,2020-01-02,0.2066,0.7934,0.0,0.2066
ETHUSDT,2020-01-03,0.3229,0.6771,0.0,0.3229
ETHUSDT,2020-01-04,0.4298,0.5702,0.0,0.4298
ETHUSDT,2020-01-05,0.5517,0.4483,0.0,0.5517
ETHUSDT,2020-01-06,0.8761,0.1239,0.0,0.8761
ETHUSDT,2020-01-07,0.9813,0.0187,0.0,0.9813
ETHUSDT,2020-01-08,0.9783,0.0217,0.0,0.9783
ETHUSDT,2020-01-09,0.9697,0.0303,0.0,0.9697
ETHUSDT,2020-01-10,0.8901,0.1099,0.0,0.8901
ETHUSDT,2020-01-11,0.7127,0.2873,0.0,0.7127
ETHUSDT,2020-01-12,0.4677,0.5323,0.0,0.4677
ETHUSDT,2020-01-13,0.0,0.0,1.0,0.0
ETHUSDT,2020-01-14,0.9989,0.0011,0.0,0.9989
ETHUSDT,2020-01-15,1.0,0.0,0.0,1.0
ETHUSDT,2020-01-16,1.0,0.0,0.0,1.0
ETHUSDT,2020-01-17,1.0,0.0,0.0,1.0
ETHUSDT,2020-01-18,1.0,0.0,0.0,1.0
ETHUSDT,2020-01-19,0.9995,0.0005,0.0,0.9995
ETHUSDT,2020-01-20,0.9966,0.0034,0.0,0.9966
ETHUSDT,2020-01-21,0.3824,0.6176,0.0,0.3824
ETHUSDT,2020-01-22,0.105,0.895,0.0,0.105
ETHUSDT,2020-01-23,0.0,0.0,1.0,0.0
ETHUSDT,2020-01-24,0.0,0.0,1.0,0.0
ETHUSDT,2020-01-25,0.0,0.0,1.0,0.0
ETHUSDT,2020-01-26,0.216,0.7838,0.0001,0.216
ETHUSDT,2020-01-27,0.2448,0.7552,0.0,0.2448
ETHUSDT,2020-01-28,0.3638,0.6362,0.0,0.3638
ETHUSDT,2020-01-29,0.586,0.414,0.0,0.586
ETHUSDT,2020-01-30,0.9847,0.0153,0.0,0.9847
ETHUSDT,2020-01-31,0.9924,0.0076,0.0,0.9924
ETHUSDT,2020-02-01,0.9991,0.0009,0.0,0.9991
ETHUSDT,2020-02-02,0.9977,0.0023,0.0,0.9977
ETHUSDT,2020-02-03,0.9946,0.0054,0.0,0.9946
ETHUSDT,2020-02-04,0.9866,0.0134,0.0,0.9866
ETHUSDT,2020-02-05,0.9999,0.0001,0.0,0.9999
ETHUSDT,2020-02-06,0.9998,0.0002,0.0,0.9998
ETHUSDT,2020-02-07,1.0,0.0,0.0,1.0
ETHUSDT,2020-02-08,1.0,0.0,0.0,1.0
ETHUSDT,2020-02-09,1.0,0.0,0.0,1.0
ETHUSDT,2020-02-10,1.0,0.0,0.0,1.0
ETHUSDT,2020-02-11,1.0,0.0,0.0,1.0
ETHUSDT,2020-02-12,1.0,0.0,0.0,1.0
ETHUSDT,2020-02-13,1.0,0.0,0.0,1.0
ETHUSDT,2020-02-14,1.0,0.0,0.0,1.0
ETHUSDT,2020-02-15,1.0,0.0,0.0,1.0
ETHUSDT,2020-02-16,0.9992,0.0008,0.0,0.9992
ETHUSDT,2020-02-17,1.0,0.0,0.0,1.0
ETHUSDT,2020-02-18,0.9997,0.0003,0.0,0.9997
ETHUSDT,2020-02-19,0.0,0.0,1.0,0.0
ETHUSDT,2020-02-20,0.0,0.0,1.0,0.0
ETHUSDT,2020-02-21,0.0,0.0,1.0,0.0
ETHUSDT,2020-02-22,0.0,0.0,1.0,0.0
ETHUSDT,2020-02-23,0.0577,0.9423,0.0,0.0577
ETHUSDT,2020-02-24,0.0,0.0,1.0,0.0
ETHUSDT,2020-02-25,0.0,0.0,1.0,0.0
ETHUSDT,2020-02-26,0.0,0.0,1.0,0.0
ETHUSDT,2020-02-27,0.0,0.0,1.0,0.0
ETHUSDT,2020-02-28,0.0,0.0,1.0,0.0
ETHUSDT,2020-02-29,0.0,0.0,1.0,0.0
ETHUSDT,2020-03-01,0.0,0.0,1.0,0.0
ETHUSDT,2020-03-02,0.0,0.0,1.0,0.0
ETHUSDT,2020-03-03,0.0,0.0,1.0,0.0
ETHUSDT,2020-03-04,0.0,0.0,1.0,0.0
ETHUSDT,2020-03-05,0.1577,0.8423,0.0,0.1577
ETHUSDT,2020-03-06,0.1732,0.8268,0.0,0.1732
ETHUSDT,2020-03-07,0.1344,0.8656,0.0,0.1344
ETHUSDT,2020-03-08,0.0,0.0,1.0,0.0
ETHUSDT,2020-03-09,0.0,0.0,1.0,0.0
ETHUSDT,2020-03-10,0.0,0.0,1.0,0.0
ETHUSDT,2020-03-11,0.0,0.0,1.0,0.0
ETHUSDT,2020-03-12,0.0,0.0,1.0,0.0
ETHUSDT,2020-03-13,0.0,0.0,1.0,0.0
ETHUSDT,2020-03-14,0.0,0.0,1.0,0.0
ETHUSDT,2020-03-15,0.0,0.0,1.0,0.0
ETHUSDT,2020-03-16,0.0,0.0,1.0,0.0
ETHUSDT,2020-03-17,0.0,0.0,1.0,0.0
ETHUSDT,2020-03-18,0.0,0.0,1.0,0.0
ETHUSDT,2020-03-19,0.0,1.0,0.0,0.0
ETHUSDT,2020-03-20,0.0,0.0,1.0,0.0
ETHUSDT,2020-03-21,0.0,1.0,0.0,0.0
ETHUSDT,2020-03-22,0.0,0.0,1.0,0.0
ETHUSDT,2020-03-23,0.0,1.0,0.0,0.0
ETHUSDT,2020-03-24,0.0,1.0,0.0,0.0
ETHUSDT,2020-03-25,0.0,1.0,0.0,0.0
ETHUSDT,2020-03-26,0.0,1.0,0.0,0.0
ETHUSDT,2020-03-27,0.0,1.0,0.0,0.0
ETHUSDT,2020-03-28,0.0,0.0,1.0,0.0
ETHUSDT,2020-03-29,0.0,1.0,0.0,0.0
ETHUSDT,2020-03-30,0.0,0.0,1.0,0.0
ETHUSDT,2020-03-31,0.0,0.0,1.0,0.0
ETHUSDT,2020-04-01,0.0,0.0,1.0,0.0
ETHUSDT,2020-04-02,0.0031,0.9969,0.0,0.0031
ETHUSDT,2020-04-03,0.0355,0.9645,0.0,0.0355
ETHUSDT,2020-04-04,0.3952,0.6048,0.0,0.3952
ETHUSDT,2020-04-05,0.8975,0.1025,0.0,0.8975
ETHUSDT,2020-04-06,1.0,0.0,0.0,1.0
ETHUSDT,2020-04-07,1.0,0.0,0.0,1.0
ETHUSDT,2020-04-08,1.0,0.0,0.0,1.0
ETHUSDT,2020-04-09,0.9999,0.0001,0.0,0.9999
ETHUSDT,2020-04-10,0.8678,0.1322,0.0,0.8678
ETHUSDT,2020-04-11,0.6335,0.3665,0.0,0.6335
ETHUSDT,2020-04-12,0.5326,0.4674,0.0,0.5326
ETHUSDT,2020-04-13,0.0,0.0,1.0,0.0
ETHUSDT,2020-04-14,0.0,0.0,1.0,0.0
ETHUSDT,2020-04-15,0.0,0.0,1.0,0.0
ETHUSDT,2020-04-16,0.1981,0.8019,0.0,0.1981
ETHUSDT,2020-04-17,0.4551,0.5449,0.0,0.4551
ETHUSDT,2020-04-18,0.9937,0.0063,0.0,0.9937
ETHUSDT,2020-04-19,0.9665,0.0335,0.0,0.9665
ETHUSDT,2020-04-20,0.893,0.107,0.0,0.893
ETHUSDT,2020-04-21,0.8897,0.1103,0.0,0.8897
ETHUSDT,2020-04-22,0.9922,0.0078,0.0,0.9922
ETHUSDT,2020-04-23,0.4153,0.5847,0.0,0.4153
ETHUSDT,2020-04-24,0.2984,0.7016,0.0,0.2984
ETHUSDT,2020-04-25,0.2033,0.7967,0.0,0.2033
ETHUSDT,2020-04-26,0.4193,0.5807,0.0,0.4193
ETHUSDT,2020-04-27,0.9872,0.0128,0.0,0.9872
ETHUSDT,2020-04-28,0.9994,0.0006,0.0,0.9994
ETHUSDT,2020-04-29,1.0,0.0,0.0,1.0
ETHUSDT,2020-04-30,0.995,0.005,0.0,0.995
ETHUSDT,2020-05-01,0.9923,0.0077,0.0,0.9923
ETHUSDT,2020-05-02,0.8875,0.1125,0.0,0.8875
ETHUSDT,2020-05-03,0.5473,0.4527,0.0,0.5473
ETHUSDT,2020-05-04,0.2625,0.7375,0.0,0.2625
ETHUSDT,2020-05-05,0.0791,0.9209,0.0,0.0791
ETHUSDT,2020-05-06,0.0,0.0,1.0,0.0
ETHUSDT,2020-05-07,0.0625,0.9375,0.0,0.0625
ETHUSDT,2020-05-08,0.0,0.0,1.0,0.0
ETHUSDT,2020-05-09,0.0,0.0,1.0,0.0
ETHUSDT,2020-05-10,0.0,0.0,1.0,0.0
ETHUSDT,2020-05-11,0.0,0.0,1.0,0.0
ETHUSDT,2020-05-12,0.0,0.0,1.0,0.0
ETHUSDT,2020-05-13,0.0,0.0,1.0,0.0
ETHUSDT,2020-05-14,0.0,0.0,1.0,0.0
ETHUSDT,2020-05-15,0.0,0.0,1.0,0.0
ETHUSDT,2020-05-16,0.0,0.0,1.0,0.0
ETHUSDT,2020-05-17,0.9566,0.0434,0.0,0.9566
ETHUSDT,2020-05-18,0.999,0.001,0.0,0.999
ETHUSDT,2020-05-19,0.9732,0.0268,0.0,0.9732
ETHUSDT,2020-05-20,0.4446,0.5554,0.0,0.4446
ETHUSDT,2020-05-21,0.0,0.0,1.0,0.0
ETHUSDT,2020-05-22,0.216,0.784,0.0,0.216
ETHUSDT,2020-05-23,0.0927,0.9073,0.0,0.0927
ETHUSDT,2020-05-24,0.0,0.0,1.0,0.0
ETHUSDT,2020-05-25,0.0,0.0,1.0,0.0
ETHUSDT,2020-05-26,0.0,0.0,1.0,0.0
ETHUSDT,2020-05-27,0.0,0.0,1.0,0.0
ETHUSDT,2020-05-28,0.9402,0.0598,0.0,0.9402
ETHUSDT,2020-05-29,0.9523,0.0477,0.0,0.9523
ETHUSDT,2020-05-30,0.9996,0.0004,0.0,0.9996
ETHUSDT,2020-05-31,0.9996,0.0004,0.0,0.9996
ETHUSDT,2020-06-01,1.0,0.0,0.0,1.0
ETHUSDT,2020-06-02,1.0,0.0,0.0,1.0
ETHUSDT,2020-06-03,0.9999,0.0001,0.0,0.9999
ETHUSDT,2020-06-04,0.971,0.029,0.0,0.971
ETHUSDT,2020-06-05,0.7309,0.2691,0.0,0.7309
ETHUSDT,2020-06-06,0.0,0.0,1.0,0.0
ETHUSDT,2020-06-07,0.1243,0.8757,0.0,0.1243
ETHUSDT,2020-06-08,0.0,0.0,1.0,0.0
ETHUSDT,2020-06-09,0.1167,0.8833,0.0,0.1167
ETHUSDT,2020-06-10,0.0448,0.9552,0.0,0.0448
ETHUSDT,2020-06-11,0.0,0.0,1.0,0.0
ETHUSDT,2020-06-12,0.0,0.0,1.0,0.0
ETHUSDT,2020-06-13,0.0,0.0,1.0,0.0
ETHUSDT,2020-06-14,0.0,0.0,1.0,0.0
ETHUSDT,2020-06-15,0.0,0.0,1.0,0.0
ETHUSDT,2020-06-16,0.0,0.0,1.0,0.0
ETHUSDT,2020-06-17,0.0,0.0,1.0,0.0
ETHUSDT,2020-06-18,0.0603,0.9257,0.014,0.0603
ETHUSDT,2020-06-19,0.0,0.0,1.0,0.0
ETHUSDT,2020-06-20,0.0,0.0,1.0,0.0
ETHUSDT,2020-06-21,0.0,0.0,1.0,0.0
ETHUSDT,2020-06-22,0.3441,0.6559,0.0,0.3441
ETHUSDT,2020-06-23,0.252,0.748,0.0,0.252
ETHUSDT,2020-06-24,0.1484,0.8516,0.0,0.1484
ETHUSDT,2020-06-25,0.0853,0.9144,0.0003,0.0853
ETHUSDT,2020-06-26,0.0391,0.9609,0.0,0.0391
ETHUSDT,2020-06-27,0.0,0.0,1.0,0.0
ETHUSDT,2020-06-28,0.0,0.0,1.0,0.0
ETHUSDT,2020-06-29,0.0,0.0,1.0,0.0
ETHUSDT,2020-06-30,0.0,0.0,1.0,0.0
ETHUSDT,2020-07-01,0.0,0.0,1.0,0.0
ETHUSDT,2020-07-02,0.0,0.0,1.0,0.0
ETHUSDT,2020-07-03,0.0,0.0,1.0,0.0
ETHUSDT,2020-07-04,0.3853,0.6147,0.0,0.3853
ETHUSDT,2020-07-05,0.4277,0.5723,0.0,0.4277
ETHUSDT,2020-07-06,0.5888,0.4112,0.0,0.5888
ETHUSDT,2020-07-07,0.6821,0.3179,0.0,0.6821
ETHUSDT,2020-07-08,0.7422,0.2578,0.0,0.7422
ETHUSDT,2020-07-09,0.7255,0.2745,0.0,0.7255
ETHUSDT,2020-07-10,0.6715,0.3285,0.0,0.6715
ETHUSDT,2020-07-11,0.4872,0.5128,0.0,0.4872
ETHUSDT,2020-07-12,0.3018,0.6982,0.0,0.3018
ETHUSDT,2020-07-13,0.0,0.0,1.0,0.0
ETHUSDT,2020-07-14,0.0608,0.9367,0.0024,0.0608
ETHUSDT,2020-07-15,0.0,0.0,1.0,0.0
ETHUSDT,2020-07-16,0.0,0.0,1.0,0.0
ETHUSDT,2020-07-17,0.0,0.0,1.0,0.0
ETHUSDT,2020-07-18,0.0,0.0,1.0,0.0
ETHUSDT,2020-07-19,0.0,0.0,1.0,0.0
ETHUSDT,2020-07-20,0.0,0.0,1.0,0.0
ETHUSDT,2020-07-21,0.7349,0.2651,0.0,0.7349
ETHUSDT,2020-07-22,0.9691,0.0309,0.0,0.9691
ETHUSDT,2020-07-23,1.0,0.0,0.0,1.0
ETHUSDT,2020-07-24,1.0,0.0,0.0,1.0
ETHUSDT,2020-07-25,1.0,0.0,0.0,1.0
ETHUSDT,2020-07-26,1.0,0.0,0.0,1.0
ETHUSDT,2020-07-27,1.0,0.0,0.0,1.0
ETHUSDT,2020-07-28,1.0,0.0,0.0,1.0
ETHUSDT,2020-07-29,1.0,0.0,0.0,1.0
ETHUSDT,2020-07-30,1.0,0.0,0.0,1.0
ETHUSDT,2020-07-31,1.0,0.0,0.0,1.0
ETHUSDT,2020-08-01,1.0,0.0,0.0,1.0
ETHUSDT,2020-08-02,1.0,0.0,0.0,1.0
ETHUSDT,2020-08-03,1.0,0.0,0.0,1.0
ETHUSDT,2020-08-04,1.0,0.0,0.0,1.0
ETHUSDT,2020-08-05,1.0,0.0,0.0,1.0
ETHUSDT,2020-08-06,0.9999,0.0001,0.0,0.9999
ETHUSDT,2020-08-07,0.9059,0.0941,0.0,0.9059
ETHUSDT,2020-08-08,0.4833,0.5167,0.0,0.4833
ETHUSDT,2020-08-09,0.2876,0.7124,0.0,0.2876
ETHUSDT,2020-08-10,0.0947,0.9053,0.0,0.0947
ETHUSDT,2020-08-11,0.0,0.0,1.0,0.0
ETHUSDT,2020-08-12,0.0,0.0,1.0,0.0
ETHUSDT,2020-08-13,0.9138,0.0862,0.0,0.9138
ETHUSDT,2020-08-14,0.9986,0.0014,0.0,0.9986
ETHUSDT,2020-08-15,0.9915,0.0085,0.0,0.9915
ETHUSDT,2020-08-16,0.9888,0.0112,0.0,0.9888
ETHUSDT,2020-08-17,0.9535,0.0465,0.0,0.9535
ETHUSDT,2020-08-18,0.9005,0.0995,0.0,0.9005
ETHUSDT,2020-08-19,0.2746,0.7254,0.0,0.2746
ETHUSDT,2020-08-20,0.0,0.0,1.0,0.0
ETHUSDT,2020-08-21,0.0,0.0,1.0,0.0
ETHUSDT,2020-08-22,0.0,0.0,1.0,0.0
ETHUSDT,2020-08-23,0.0,0.0,1.0,0.0
ETHUSDT,2020-08-24,0.0,0.0,1.0,0.0
ETHUSDT,2020-08-25,0.0,0.0,1.0,0.0
ETHUSDT,2020-08-26,0.0,0.0,1.0,0.0
ETHUSDT,2020-08-27,0.0,0.0,1.0,0.0
ETHUSDT,2020-08-28,0.4421,0.5579,0.0,0.4421
ETHUSDT,2020-08-29,0.5559,0.4441,0.0,0.5559
ETHUSDT,2020-08-30,0.8494,0.1506,0.0,0.8494
ETHUSDT,2020-08-31,0.9122,0.0878,0.0,0.9122
ETHUSDT,2020-09-01,1.0,0.0,0.0,1.0
ETHUSDT,2020-09-02,0.9678,0.0322,0.0,0.9678
ETHUSDT,2020-09-03,0.1567,0.8432,0.0,0.1567
ETHUSDT,2020-09-04,0.0,0.0,1.0,0.0
ETHUSDT,2020-09-05,0.0,0.0,1.0,0.0
ETHUSDT,2020-09-06,0.0,0.0,1.0,0.0
ETHUSDT,2020-09-07,0.0,0.0,1.0,0.0
ETHUSDT,2020-09-08,0.0,0.0,1.0,0.0
ETHUSDT,2020-09-09,0.0,0.0,1.0,0.0
ETHUSDT,2020-09-10,0.0,0.0,1.0,0.0
ETHUSDT,2020-09-11,0.0,0.0,1.0,0.0
ETHUSDT,2020-09-12,0.707,0.293,0.0,0.707
ETHUSDT,2020-09-13,0.0657,0.9343,0.0,0.0657
ETHUSDT,2020-09-14,0.0177,0.9823,0.0,0.0177
ETHUSDT,2020-09-15,0.0127,0.9873,0.0,0.0127
ETHUSDT,2020-09-16,0.0048,0.9952,0.0,0.0048
ETHUSDT,2020-09-17,0.004,0.996,0.0,0.004
ETHUSDT,2020-09-18,0.0021,0.9979,0.0,0.0021
ETHUSDT,2020-09-19,0.0,0.0,1.0,0.0
ETHUSDT,2020-09-20,0.0119,0.9881,0.0,0.0119
ETHUSDT,2020-09-21,0.0,0.0,1.0,0.0
ETHUSDT,2020-09-22,0.0,0.0,1.0,0.0
ETHUSDT,2020-09-23,0.0,0.0,1.0,0.0
ETHUSDT,2020-09-24,0.0,0.0,1.0,0.0
ETHUSDT,2020-09-25,0.0,0.0,1.0,0.0
ETHUSDT,2020-09-26,0.0,0.0,1.0,0.0
ETHUSDT,2020-09-27,0.0,0.0,1.0,0.0
ETHUSDT,2020-09-28,0.3559,0.6441,0.0,0.3559
ETHUSDT,2020-09-29,0.4311,0.5689,0.0,0.4311
ETHUSDT,2020-09-30,0.6075,0.3925,0.0,0.6075
ETHUSDT,2020-10-01,0.1678,0.8321,0.0,0.1678
ETHUSDT,2020-10-02,0.0,0.0,1.0,0.0
ETHUSDT,2020-10-03,0.0,0.0,1.0,0.0
ETHUSDT,2020-10-04,0.0,0.0,1.0,0.0
ETHUSDT,2020-10-05,0.0,0.0,1.0,0.0
ETHUSDT,2020-10-06,0.0,0.0,1.0,0.0
ETHUSDT,2020-10-07,0.0,0.0,1.0,0.0
ETHUSDT,2020-10-08,0.0,0.0,1.0,0.0
ETHUSDT,2020-10-09,0.7415,0.2585,0.0,0.7415
ETHUSDT,2020-10-10,0.8453,0.1547,0.0,0.8453
ETHUSDT,2020-10-11,0.91,0.09,0.0,0.91
ETHUSDT,2020-10-12,0.9817,0.0183,0.0,0.9817
ETHUSDT,2020-10-13,0.9967,0.0033,0.0,0.9967
ETHUSDT,2020-10-14,0.9831,0.0169,0.0,0.9831
ETHUSDT,2020-10-15,0.7721,0.2279,0.0,0.7721
ETHUSDT,2020-10-16,0.2216,0.7763,0.0021,0.2216
ETHUSDT,2020-10-17,0.0,0.0,1.0,0.0
ETHUSDT,2020-10-18,0.0604,0.9396,0.0001,0.0604
ETHUSDT,2020-10-19,0.0,0.0,1.0,0.0
ETHUSDT,2020-10-20,0.0,0.0,1.0,0.0
ETHUSDT,2020-10-21,0.781,0.219,0.0,0.781
ETHUSDT,2020-10-22,0.9674,0.0326,0.0,0.9674
ETHUSDT,2020-10-23,0.9973,0.0027,0.0,0.9973
ETHUSDT,2020-10-24,0.9953,0.0047,0.0,0.9953
ETHUSDT,2020-10-25,0.9183,0.0817,0.0,0.9183
ETHUSDT,2020-10-26,0.7542,0.2458,0.0,0.7542
ETHUSDT,2020-10-27,0.66,0.34,0.0,0.66
ETHUSDT,2020-10-28,0.0,0.0,1.0,0.0
ETHUSDT,2020-10-29,0.0,0.0,1.0,0.0
ETHUSDT,2020-10-30,0.0,0.0,1.0,0.0
ETHUSDT,2020-10-31,0.0,0.0,1.0,0.0
ETHUSDT,2020-11-01,0.0,0.0,1.0,0.0
ETHUSDT,2020-11-02,0.0,0.0,1.0,0.0
ETHUSDT,2020-11-03,0.0,0.0,1.0,0.0
ETHUSDT,2020-11-04,0.742,0.258,0.0,0.742
ETHUSDT,2020-11-05,0.9073,0.0927,0.0,0.9073
ETHUSDT,2020-11-06,1.0,0.0,0.0,1.0
ETHUSDT,2020-11-07,0.999,0.001,0.0,0.999
ETHUSDT,2020-11-08,0.9997,0.0003,0.0,0.9997
ETHUSDT,2020-11-09,0.9999,0.0001,0.0,0.9999
ETHUSDT,2020-11-10,0.9999,0.0001,0.0,0.9999
ETHUSDT,2020-11-11,0.9997,0.0003,0.0,0.9997
ETHUSDT,2020-11-12,0.9727,0.0273,0.0,0.9727
ETHUSDT,2020-11-13,0.6035,0.3965,0.0,0.6035
ETHUSDT,2020-11-14,0.2995,0.7005,0.0,0.2995
ETHUSDT,2020-11-15,0.0,0.0,1.0,0.0
ETHUSDT,2020-11-16,0.5156,0.4844,0.0,0.5156
ETHUSDT,2020-11-17,0.5995,0.4005,0.0,0.5995
ETHUSDT,2020-11-18,0.6069,0.3931,0.0,0.6069
ETHUSDT,2020-11-19,0.6798,0.3202,0.0,0.6798
ETHUSDT,2020-11-20,0.8774,0.1226,0.0,0.8774
ETHUSDT,2020-11-21,1.0,0.0,0.0,1.0
ETHUSDT,2020-11-22,1.0,0.0,0.0,1.0
ETHUSDT,2020-11-23,1.0,0.0,0.0,1.0
ETHUSDT,2020-11-24,1.0,0.0,0.0,1.0
ETHUSDT,2020-11-25,0.9999,0.0001,0.0,0.9999
ETHUSDT,2020-11-26,0.7154,0.2846,0.0,0.7154
ETHUSDT,2020-11-27,0.1538,0.8462,0.0,0.1538
ETHUSDT,2020-11-28,0.0,0.0,1.0,0.0
ETHUSDT,2020-11-29,0.0652,0.9348,0.0,0.0652
ETHUSDT,2020-11-30,0.0193,0.9807,0.0,0.0193
ETHUSDT,2020-12-01,0.0,0.0,1.0,0.0
ETHUSDT,2020-12-02,0.6722,0.3278,0.0,0.6722
ETHUSDT,2020-12-03,0.9981,0.0019,0.0,0.9981
ETHUSDT,2020-12-04,0.8361,0.1639,0.0,0.8361
ETHUSDT,2020-12-05,0.6264,0.3736,0.0,0.6264
ETHUSDT,2020-12-06,0.1198,0.8802,0.0,0.1198
ETHUSDT,2020-12-07,0.0,0.0,1.0,0.0
ETHUSDT,2020-12-08,0.0,0.0,1.0,0.0
ETHUSDT,2020-12-09,0.0,0.0,1.0,0.0
ETHUSDT,2020-12-10,0.0,0.0,1.0,0.0
ETHUSDT,2020-12-11,0.0,0.0,1.0,0.0
ETHUSDT,2020-12-12,0.0,0.0,1.0,0.0
ETHUSDT,2020-12-13,0.0,0.0,1.0,0.0
ETHUSDT,2020-12-14,0.0,0.0,1.0,0.0
ETHUSDT,2020-12-15,0.7312,0.2688,0.0,0.7312
ETHUSDT,2020-12-16,0.9376,0.0624,0.0,0.9376
ETHUSDT,2020-12-17,0.9989,0.0011,0.0,0.9989
ETHUSDT,2020-12-18,1.0,0.0,0.0,1.0
ETHUSDT,2020-12-19,0.999,0.001,0.0,0.999
ETHUSDT,2020-12-20,0.8289,0.1711,0.0,0.8289
ETHUSDT,2020-12-21,0.506,0.494,0.0,0.506
ETHUSDT,2020-12-22,0.3215,0.6785,0.0,0.3215
ETHUSDT,2020-12-23,0.0,0.0,1.0,0.0
ETHUSDT,2020-12-24,0.0,0.0,1.0,0.0
ETHUSDT,2020-12-25,0.0,0.0,1.0,0.0
ETHUSDT,2020-12-26,0.0,0.0,1.0,0.0
ETHUSDT,2020-12-27,0.8592,0.1408,0.0,0.8592
ETHUSDT,2020-12-28,1.0,0.0,0.0,1.0
ETHUSDT,2020-12-29,0.9998,0.0002,0.0,0.9998
ETHUSDT,2020-12-30,1.0,0.0,0.0,1.0
ETHUSDT,2020-12-31,1.0,0.0,0.0,1.0
ETHUSDT,2021-01-01,0.9999,0.0001,0.0,0.9999
ETHUSDT,2021-01-02,1.0,0.0,0.0,1.0
ETHUSDT,2021-01-03,1.0,0.0,0.0,1.0
ETHUSDT,2021-01-04,1.0,0.0,0.0,1.0
ETHUSDT,2021-01-05,1.0,0.0,0.0,1.0
ETHUSDT,2021-01-06,1.0,0.0,0.0,1.0
ETHUSDT,2021-01-07,1.0,0.0,0.0,1.0
ETHUSDT,2021-01-08,1.0,0.0,0.0,1.0
ETHUSDT,2021-01-09,1.0,0.0,0.0,1.0
ETHUSDT,2021-01-10,1.0,0.0,0.0,1.0
ETHUSDT,2021-01-11,0.0086,0.9914,0.0,0.0086
ETHUSDT,2021-01-12,0.0,0.0,1.0,0.0
ETHUSDT,2021-01-13,0.0,0.0,1.0,0.0
ETHUSDT,2021-01-14,0.0,0.0,1.0,0.0
ETHUSDT,2021-01-15,0.0,0.0,1.0,0.0
ETHUSDT,2021-01-16,0.0,0.0,1.0,0.0
ETHUSDT,2021-01-17,0.0,0.0,1.0,0.0
ETHUSDT,2021-01-18,0.7983,0.2017,0.0,0.7983
ETHUSDT,2021-01-19,1.0,0.0,0.0,1.0
ETHUSDT,2021-01-20,0.9942,0.0058,0.0,0.9942
ETHUSDT,2021-01-21,0.0,0.0,1.0,0.0
ETHUSDT,2021-01-22,0.0,1.0,0.0,0.0
ETHUSDT,2021-01-23,0.0,0.0,1.0,0.0
ETHUSDT,2021-01-24,0.0154,0.9846,0.0,0.0154
ETHUSDT,2021-01-25,0.0002,0.9998,0.0,0.0002
ETHUSDT,2021-01-26,0.0,0.0,1.0,0.0
ETHUSDT,2021-01-27,0.0,0.0,1.0,0.0
ETHUSDT,2021-01-28,0.4214,0.5786,0.0,0.4214
ETHUSDT,2021-01-29,0.0172,0.9828,0.0,0.0172
ETHUSDT,2021-01-30,0.0016,0.9984,0.0,0.0016
ETHUSDT,2021-01-31,0.0,0.0,1.0,0.0
ETHUSDT,2021-02-01,0.0088,0.9912,0.0,0.0088
ETHUSDT,2021-02-02,0.0991,0.9009,0.0,0.0991
ETHUSDT,2021-02-03,1.0,0.0,0.0,1.0
ETHUSDT,2021-02-04,0.9989,0.0011,0.0,0.9989
ETHUSDT,2021-02-05,1.0,0.0,0.0,1.0
ETHUSDT,2021-02-06,0.9999,0.0001,0.0,0.9999
ETHUSDT,2021-02-07,0.9999,0.0001,0.0,0.9999
ETHUSDT,2021-02-08,1.0,0.0,0.0,1.0
ETHUSDT,2021-02-09,0.6582,0.3418,0.0,0.6582
ETHUSDT,2021-02-10,0.0221,0.9779,0.0,0.0221
ETHUSDT,2021-02-11,0.0878,0.9122,0.0,0.0878
ETHUSDT,2021-02-12,0.0661,0.9339,0.0,0.0661
ETHUSDT,2021-02-13,0.1039,0.8961,0.0,0.1039
ETHUSDT,2021-02-14,0.2214,0.7786,0.0,0.2214
ETHUSDT,2021-02-15,0.0794,0.9206,0.0,0.0794
ETHUSDT,2021-02-16,0.0617,0.9383,0.0,0.0617
ETHUSDT,2021-02-17,0.1257,0.8743,0.0,0.1257
ETHUSDT,2021-02-18,0.2033,0.7967,0.0,0.2033
ETHUSDT,2021-02-19,0.1708,0.8292,0.0,0.1708
ETHUSDT,2021-02-20,0.1357,0.8643,0.0,0.1357
ETHUSDT,2021-02-21,0.113,0.887,0.0,0.113
ETHUSDT,2021-02-22,0.027,0.9703,0.0027,0.027
ETHUSDT,2021-02-23,0.0,0.0,1.0,0.0
ETHUSDT,2021-02-24,0.0,0.0,1.0,0.0
ETHUSDT,2021-02-25,0.0,0.0,1.0,0.0
ETHUSDT,2021-02-26,0.0,0.0,1.0,0.0
ETHUSDT,2021-02-27,0.0,0.0,1.0,0.0
ETHUSDT,2021-02-28,0.0,0.0,1.0,0.0
ETHUSDT,2021-03-01,0.0,0.0,1.0,0.0
ETHUSDT,2021-03-02,0.0,0.0,1.0,0.0
ETHUSDT,2021-03-03,0.0,0.0,1.0,0.0
ETHUSDT,2021-03-04,0.2944,0.7056,0.0,0.2944
ETHUSDT,2021-03-05,0.4607,0.5393,0.0,0.4607
ETHUSDT,2021-03-06,0.9327,0.0673,0.0,0.9327
ETHUSDT,2021-03-07,1.0,0.0,0.0,1.0
ETHUSDT,2021-03-08,0.9997,0.0003,0.0,0.9997
ETHUSDT,2021-03-09,1.0,0.0,0.0,1.0
ETHUSDT,2021-03-10,0.9966,0.0034,0.0,0.9966
ETHUSDT,2021-03-11,0.9999,0.0001,0.0,0.9999
ETHUSDT,2021-03-12,0.9977,0.0023,0.0,0.9977
ETHUSDT,2021-03-13,0.9693,0.0307,0.0,0.9693
ETHUSDT,2021-03-14,0.1481,0.8519,0.0,0.1481
ETHUSDT,2021-03-15,0.0,0.0,1.0,0.0
ETHUSDT,2021-03-16,0.0,0.0,1.0,0.0
ETHUSDT,2021-03-17,0.028,0.972,0.0,0.028
ETHUSDT,2021-03-18,0.0,0.0,1.0,0.0
ETHUSDT,2021-03-19,0.044,0.956,0.0,0.044
ETHUSDT,2021-03-20,0.0,0.0,1.0,0.0
ETHUSDT,2021-03-21,0.0,0.0,1.0,0.0
ETHUSDT,2021-03-22,0.0,0.0,1.0,0.0
ETHUSDT,2021-03-23,0.0,0.0,1.0,0.0
ETHUSDT,2021-03-24,0.0,0.0,1.0,0.0
ETHUSDT,2021-03-25,0.0,0.0,1.0,0.0
ETHUSDT,2021-03-26,0.0,0.0,1.0,0.0
ETHUSDT,2021-03-27,0.0,0.0,1.0,0.0
ETHUSDT,2021-03-28,0.0,0.0,1.0,0.0
ETHUSDT,2021-03-29,0.8867,0.1133,0.0,0.8867
ETHUSDT,2021-03-30,0.9759,0.0241,0.0,0.9759
ETHUSDT,2021-03-31,1.0,0.0,0.0,1.0
ETHUSDT,2021-04-01,1.0,0.0,0.0,1.0
ETHUSDT,2021-04-02,1.0,0.0,0.0,1.0
ETHUSDT,2021-04-03,1.0,0.0,0.0,1.0
ETHUSDT,2021-04-04,1.0,0.0,0.0,1.0
ETHUSDT,2021-04-05,0.9999,0.0001,0.0,0.9999
ETHUSDT,2021-04-06,0.994,0.006,0.0,0.994
ETHUSDT,2021-04-07,0.4132,0.5868,0.0,0.4132
ETHUSDT,2021-04-08,0.1612,0.8388,0.0,0.1612
ETHUSDT,2021-04-09,0.0,0.0,1.0,0.0
ETHUSDT,2021-04-10,0.3035,0.6965,0.0,0.3035
ETHUSDT,2021-04-11,0.3106,0.6894,0.0,0.3106
ETHUSDT,2021-04-12,0.4403,0.5597,0.0,0.4403
ETHUSDT,2021-04-13,0.8039,0.1961,0.0,0.8039
ETHUSDT,2021-04-14,1.0,0.0,0.0,1.0
ETHUSDT,2021-04-15,1.0,0.0,0.0,1.0
ETHUSDT,2021-04-16,0.9997,0.0003,0.0,0.9997
ETHUSDT,2021-04-17,0.8455,0.1545,0.0,0.8455
ETHUSDT,2021-04-18,0.3359,0.6641,0.0,0.3359
ETHUSDT,2021-04-19,0.1193,0.8807,0.0,0.1193
ETHUSDT,2021-04-20,0.0321,0.9679,0.0,0.0321
ETHUSDT,2021-04-21,0.0,0.0,1.0,0.0
ETHUSDT,2021-04-22,0.0,0.0,1.0,0.0
ETHUSDT,2021-04-23,0.0,0.0,1.0,0.0
ETHUSDT,2021-04-24,0.0,0.0,1.0,0.0
ETHUSDT,2021-04-25,0.7105,0.2895,0.0,0.7105
ETHUSDT,2021-04-26,0.9987,0.0013,0.0,0.9987
ETHUSDT,2021-04-27,0.9989,0.0011,0.0,0.9989
ETHUSDT,2021-04-28,0.9998,0.0002,0.0,0.9998
ETHUSDT,2021-04-29,0.9995,0.0005,0.0,0.9995
ETHUSDT,2021-04-30,0.9999,0.0001,0.0,0.9999
ETHUSDT,2021-05-01,1.0,0.0,0.0,1.0
ETHUSDT,2021-05-02,1.0,0.0,0.0,1.0
ETHUSDT,2021-05-03,1.0,0.0,0.0,1.0
ETHUSDT,2021-05-04,1.0,0.0,0.0,1.0
ETHUSDT,2021-05-05,1.0,0.0,0.0,1.0
ETHUSDT,2021-05-06,1.0,0.0,0.0,1.0
ETHUSDT,2021-05-07,1.0,0.0,0.0,1.0
ETHUSDT,2021-05-08,1.0,0.0,0.0,1.0
ETHUSDT,2021-05-09,1.0,0.0,0.0,1.0
ETHUSDT,2021-05-10,0.9988,0.0012,0.0,0.9988
ETHUSDT,2021-05-11,1.0,0.0,0.0,1.0
ETHUSDT,2021-05-12,0.3784,0.6216,0.0,0.3784
ETHUSDT,2021-05-13,0.293,0.707,0.0,0.293
ETHUSDT,2021-05-14,0.5795,0.4205,0.0,0.5795
ETHUSDT,2021-05-15,0.0,0.0,1.0,0.0
ETHUSDT,2021-05-16,0.0,0.0,1.0,0.0
ETHUSDT,2021-05-17,0.0,0.0,1.0,0.0
ETHUSDT,2021-05-18,0.0,0.0,1.0,0.0
ETHUSDT,2021-05-19,0.0,0.0,1.0,0.0
ETHUSDT,2021-05-20,0.0,0.0,1.0,0.0
ETHUSDT,2021-05-21,0.0,0.0,1.0,0.0
ETHUSDT,2021-05-22,0.0,0.0,1.0,0.0
ETHUSDT,2021-05-23,0.0,0.0,1.0,0.0
ETHUSDT,2021-05-24,0.0,0.0,1.0,0.0
ETHUSDT,2021-05-25,0.0,0.0,1.0,0.0
ETHUSDT,2021-05-26,0.0,1.0,0.0,0.0
ETHUSDT,2021-05-27,0.0,0.0,1.0,0.0
ETHUSDT,2021-05-28,0.0,0.0,1.0,0.0
ETHUSDT,2021-05-29,0.0,0.0,1.0,0.0
ETHUSDT,2021-05-30,0.0,1.0,0.0,0.0
ETHUSDT,2021-05-31,0.0,1.0,0.0,0.0
ETHUSDT,2021-06-01,0.0,0.0,1.0,0.0
ETHUSDT,2021-06-02,0.0,0.0,1.0,0.0
ETHUSDT,2021-06-03,0.0,1.0,0.0,0.0
ETHUSDT,2021-06-04,0.0,1.0,0.0,0.0
ETHUSDT,2021-06-05,0.0,1.0,0.0,0.0
ETHUSDT,2021-06-06,0.0,1.0,0.0,0.0
ETHUSDT,2021-06-07,0.0,0.0,1.0,0.0
ETHUSDT,2021-06-08,0.0,0.0,1.0,0.0
ETHUSDT,2021-06-09,0.0,0.0,1.0,0.0
ETHUSDT,2021-06-10,0.0,0.0,1.0,0.0
ETHUSDT,2021-06-11,0.0,0.0,1.0,0.0
ETHUSDT,2021-06-12,0.0,0.0,1.0,0.0
ETHUSDT,2021-06-13,0.0,0.0,1.0,0.0
ETHUSDT,2021-06-14,0.0,0.0,1.0,0.0
ETHUSDT,2021-06-15,0.0147,0.9853,0.0,0.0147
ETHUSDT,2021-06-16,0.0,0.0,1.0,0.0
ETHUSDT,2021-06-17,0.0,0.0,1.0,0.0
ETHUSDT,2021-06-18,0.0,0.0,1.0,0.0
ETHUSDT,2021-06-19,0.0,0.0,1.0,0.0
ETHUSDT,2021-06-20,0.0,0.0,1.0,0.0
ETHUSDT,2021-06-21,0.0,0.0,1.0,0.0
ETHUSDT,2021-06-22,0.0,0.0,1.0,0.0
ETHUSDT,2021-06-23,0.0,0.0,1.0,0.0
ETHUSDT,2021-06-24,0.0,0.0,1.0,0.0
ETHUSDT,2021-06-25,0.0,0.0,1.0,0.0
ETHUSDT,2021-06-26,0.0,0.0,1.0,0.0
ETHUSDT,2021-06-27,0.0,0.0,1.0,0.0
ETHUSDT,2021-06-28,0.7507,0.2493,0.0,0.7507
ETHUSDT,2021-06-29,0.9576,0.0424,0.0,0.9576
ETHUSDT,2021-06-30,0.9423,0.0577,0.0,0.9423
ETHUSDT,2021-07-01,0.7753,0.2247,0.0,0.7753
ETHUSDT,2021-07-02,0.9984,0.0016,0.0,0.9984
ETHUSDT,2021-07-03,1.0,0.0,0.0,1.0
ETHUSDT,2021-07-04,0.9832,0.0168,0.0,0.9832
ETHUSDT,2021-07-05,0.1113,0.8887,0.0,0.1113
ETHUSDT,2021-07-06,0.0203,0.9797,0.0,0.0203
ETHUSDT,2021-07-07,0.0047,0.9953,0.0,0.0047
ETHUSDT,2021-07-08,0.0019,0.9973,0.0008,0.0019
ETHUSDT,2021-07-09,0.0,0.0,1.0,0.0
ETHUSDT,2021-07-10,0.0,0.0,1.0,0.0
ETHUSDT,2021-07-11,0.0,0.0,1.0,0.0
ETHUSDT,2021-07-12,0.0,0.0,1.0,0.0
ETHUSDT,2021-07-13,0.0,0.0,1.0,0.0
ETHUSDT,2021-07-14,0.0,0.0,1.0,0.0
ETHUSDT,2021-07-15,0.0,0.0,1.0,0.0
ETHUSDT,2021-07-16,0.0,0.0,1.0,0.0
ETHUSDT,2021-07-17,0.0,0.0,1.0,0.0
ETHUSDT,2021-07-18,0.0,0.0,1.0,0.0
ETHUSDT,2021-07-19,0.0,0.0,1.0,0.0
ETHUSDT,2021-07-20,0.0,0.0,1.0,0.0
ETHUSDT,2021-07-21,0.0,0.0,1.0,0.0
ETHUSDT,2021-07-22,0.7794,0.2206,0.0,0.7794
ETHUSDT,2021-07-23,0.9851,0.0149,0.0,0.9851
ETHUSDT,2021-07-24,0.9994,0.0006,0.0,0.9994
ETHUSDT,2021-07-25,0.9997,0.0003,0.0,0.9997
ETHUSDT,2021-07-26,1.0,0.0,0.0,1.0
ETHUSDT,2021-07-27,1.0,0.0,0.0,1.0
ETHUSDT,2021-07-28,0.9998,0.0002,0.0,0.9998
ETHUSDT,2021-07-29,1.0,0.0,0.0,1.0
ETHUSDT,2021-07-30,0.9999,0.0001,0.0,0.9999
ETHUSDT,2021-07-31,0.9999,0.0001,0.0,0.9999
ETHUSDT,2021-08-01,1.0,0.0,0.0,1.0
ETHUSDT,2021-08-02,0.9999,0.0001,0.0,0.9999
ETHUSDT,2021-08-03,0.992,0.008,0.0,0.992
ETHUSDT,2021-08-04,1.0,0.0,0.0,1.0
ETHUSDT,2021-08-05,1.0,0.0,0.0,1.0
ETHUSDT,2021-08-06,1.0,0.0,0.0,1.0
ETHUSDT,2021-08-07,1.0,0.0,0.0,1.0
ETHUSDT,2021-08-08,1.0,0.0,0.0,1.0
ETHUSDT,2021-08-09,1.0,0.0,0.0,1.0
ETHUSDT,2021-08-10,1.0,0.0,0.0,1.0
ETHUSDT,2021-08-11,0.9999,0.0001,0.0,0.9999
ETHUSDT,2021-08-12,0.9847,0.0153,0.0,0.9847
ETHUSDT,2021-08-13,0.9957,0.0043,0.0,0.9957
ETHUSDT,2021-08-14,0.6961,0.3039,0.0,0.6961
ETHUSDT,2021-08-15,0.5716,0.4284,0.0,0.5716
ETHUSDT,2021-08-16,0.0,0.0,1.0,0.0
ETHUSDT,2021-08-17,0.0,0.0,1.0,0.0
ETHUSDT,2021-08-18,0.0,0.0,1.0,0.0
ETHUSDT,2021-08-19,0.059,0.941,0.0,0.059
ETHUSDT,2021-08-20,0.0,0.0,1.0,0.0
ETHUSDT,2021-08-21,0.0,0.0,1.0,0.0
ETHUSDT,2021-08-22,0.0,0.0,1.0,0.0
ETHUSDT,2021-08-23,0.143,0.857,0.0,0.143
ETHUSDT,2021-08-24,0.0966,0.9034,0.0,0.0966
ETHUSDT,2021-08-25,0.0677,0.9323,0.0,0.0677
ETHUSDT,2021-08-26,0.0,0.0,1.0,0.0
ETHUSDT,2021-08-27,0.0,0.0,1.0,0.0
ETHUSDT,2021-08-28,0.0542,0.9445,0.0014,0.0542
ETHUSDT,2021-08-29,0.0,0.0,1.0,0.0
ETHUSDT,2021-08-30,0.0,0.0,1.0,0.0
ETHUSDT,2021-08-31,0.9232,0.0768,0.0,0.9232
ETHUSDT,2021-09-01,0.9999,0.0001,0.0,0.9999
ETHUSDT,2021-09-02,1.0,0.0,0.0,1.0
ETHUSDT,2021-09-03,1.0,0.0,0.0,1.0
ETHUSDT,2021-09-04,1.0,0.0,0.0,1.0
ETHUSDT,2021-09-05,1.0,0.0,0.0,1.0
ETHUSDT,2021-09-06,1.0,0.0,0.0,1.0
ETHUSDT,2021-09-07,0.0,0.0,1.0,0.0
ETHUSDT,2021-09-08,0.0,0.0,1.0,0.0
ETHUSDT,2021-09-09,0.0,0.0,1.0,0.0
ETHUSDT,2021-09-10,0.0,0.0,1.0,0.0
ETHUSDT,2021-09-11,0.0,0.0,1.0,0.0
ETHUSDT,2021-09-12,0.0,0.0,1.0,0.0
ETHUSDT,2021-09-13,0.0,0.0,1.0,0.0
ETHUSDT,2021-09-14,0.0462,0.9511,0.0027,0.0462
ETHUSDT,2021-09-15,0.021,0.979,0.0,0.021
ETHUSDT,2021-09-16,0.0183,0.9817,0.0,0.0183
ETHUSDT,2021-09-17,0.02,0.98,0.0,0.02
ETHUSDT,2021-09-18,0.0116,0.9884,0.0,0.0116
ETHUSDT,2021-09-19,0.0,0.0,1.0,0.0
ETHUSDT,2021-09-20,0.0,0.0,1.0,0.0
ETHUSDT,2021-09-21,0.0,0.0,1.0,0.0
ETHUSDT,2021-09-22,0.0,0.0,1.0,0.0
ETHUSDT,2021-09-23,0.0,0.0,1.0,0.0
ETHUSDT,2021-09-24,0.0,0.0,1.0,0.0
ETHUSDT,2021-09-25,0.0,0.0,1.0,0.0
ETHUSDT,2021-09-26,0.0,0.0,1.0,0.0
ETHUSDT,2021-09-27,0.0,0.0,1.0,0.0
ETHUSDT,2021-09-28,0.0223,0.9777,0.0,0.0223
ETHUSDT,2021-09-29,0.0,0.0,1.0,0.0
ETHUSDT,2021-09-30,0.0,0.0,1.0,0.0
ETHUSDT,2021-10-01,0.9457,0.0543,0.0,0.9457
ETHUSDT,2021-10-02,0.9957,0.0043,0.0,0.9957
ETHUSDT,2021-10-03,0.9828,0.0172,0.0,0.9828
ETHUSDT,2021-10-04,0.9977,0.0023,0.0,0.9977
ETHUSDT,2021-10-05,1.0,0.0,0.0,1.0
ETHUSDT,2021-10-06,1.0,0.0,0.0,1.0
ETHUSDT,2021-10-07,0.9993,0.0007,0.0,0.9993
ETHUSDT,2021-10-08,0.4013,0.5987,0.0,0.4013
ETHUSDT,2021-10-09,0.1043,0.8957,0.0,0.1043
ETHUSDT,2021-10-10,0.0249,0.9747,0.0004,0.0249
ETHUSDT,2021-10-11,0.0159,0.9841,0.0,0.0159
ETHUSDT,2021-10-12,0.0,0.0,1.0,0.0
ETHUSDT,2021-10-13,0.4839,0.516,0.0001,0.4839
ETHUSDT,2021-10-14,0.6453,0.3547,0.0,0.6453
ETHUSDT,2021-10-15,0.8633,0.1367,0.0,0.8633
ETHUSDT,2021-10-16,0.9325,0.0675,0.0,0.9325
ETHUSDT,2021-10-17,0.9929,0.0071,0.0,0.9929
ETHUSDT,2021-10-18,0.9714,0.0286,0.0,0.9714
ETHUSDT,2021-10-19,0.9956,0.0044,0.0,0.9956
ETHUSDT,2021-10-20,0.9996,0.0004,0.0,0.9996
ETHUSDT,2021-10-21,0.9567,0.0433,0.0,0.9567
ETHUSDT,2021-10-22,0.9186,0.0814,0.0,0.9186
ETHUSDT,2021-10-23,0.9647,0.0353,0.0,0.9647
ETHUSDT,2021-10-24,0.9574,0.0426,0.0,0.9574
ETHUSDT,2021-10-25,0.9738,0.0262,0.0,0.9738
ETHUSDT,2021-10-26,0.5623,0.4377,0.0,0.5623
ETHUSDT,2021-10-27,0.0,0.0,1.0,0.0
ETHUSDT,2021-10-28,0.7742,0.2258,0.0,0.7742
ETHUSDT,2021-10-29,0.9016,0.0984,0.0,0.9016
ETHUSDT,2021-10-30,0.7782,0.2218,0.0,0.7782
ETHUSDT,2021-10-31,0.7639,0.2361,0.0,0.7639
ETHUSDT,2021-11-01,0.8044,0.1956,0.0,0.8044
ETHUSDT,2021-11-02,0.978,0.022,0.0,0.978
ETHUSDT,2021-11-03,0.9997,0.0003,0.0,0.9997
ETHUSDT,2021-11-04,0.86,0.14,0.0,0.86
ETHUSDT,2021-11-05,0.7474,0.2526,0.0,0.7474
ETHUSDT,2021-11-06,0.7686,0.2314,0.0,0.7686
ETHUSDT,2021-11-07,0.8591,0.1409,0.0,0.8591
ETHUSDT,2021-11-08,0.8916,0.1084,0.0,0.8916
ETHUSDT,2021-11-09,0.5436,0.4564,0.0,0.5436
ETHUSDT,2021-11-10,0.3487,0.6513,0.0,0.3487
ETHUSDT,2021-11-11,0.2685,0.7315,0.0,0.2685
ETHUSDT,2021-11-12,0.1934,0.8066,0.0,0.1934
ETHUSDT,2021-11-13,0.1173,0.8827,0.0,0.1173
ETHUSDT,2021-11-14,0.0479,0.9483,0.0038,0.0479
ETHUSDT,2021-11-15,0.0,0.0,1.0,0.0
ETHUSDT,2021-11-16,0.0,0.0,1.0,0.0
ETHUSDT,2021-11-17,0.0,0.0,1.0,0.0
ETHUSDT,2021-11-18,0.0,0.0,1.0,0.0
ETHUSDT,2021-11-19,0.0,0.0,1.0,0.0
ETHUSDT,2021-11-20,0.0,0.0,1.0,0.0
ETHUSDT,2021-11-21,0.0,0.0,1.0,0.0
ETHUSDT,2021-11-22,0.0,0.0,1.0,0.0
ETHUSDT,2021-11-23,0.0688,0.9312,0.0,0.0688
ETHUSDT,2021-11-24,0.0,0.0,1.0,0.0
ETHUSDT,2021-11-25,0.1545,0.8455,0.0,0.1545
ETHUSDT,2021-11-26,0.0,0.0,1.0,0.0
ETHUSDT,2021-11-27,0.0,0.0,1.0,0.0
ETHUSDT,2021-11-28,0.4208,0.5788,0.0004,0.4208
ETHUSDT,2021-11-29,0.5613,0.4387,0.0,0.5613
ETHUSDT,2021-11-30,0.533,0.467,0.0,0.533
ETHUSDT,2021-12-01,0.4889,0.5111,0.0,0.4889
ETHUSDT,2021-12-02,0.3055,0.6945,0.0,0.3055
ETHUSDT,2021-12-03,0.1468,0.8532,0.0,0.1468
ETHUSDT,2021-12-04,0.0421,0.9575,0.0003,0.0421
ETHUSDT,2021-12-05,0.0,0.0,1.0,0.0
ETHUSDT,2021-12-06,0.0,0.0,1.0,0.0
ETHUSDT,2021-12-07,0.0,0.0,1.0,0.0
ETHUSDT,2021-12-08,0.0,0.0,1.0,0.0
ETHUSDT,2021-12-09,0.0,0.0,1.0,0.0
ETHUSDT,2021-12-10,0.0,0.0,1.0,0.0
ETHUSDT,2021-12-11,0.0,0.0,1.0,0.0
ETHUSDT,2021-12-12,0.0,0.0,1.0,0.0
ETHUSDT,2021-12-13,0.0,0.0,1.0,0.0
ETHUSDT,2021-12-14,0.0,0.0,1.0,0.0
ETHUSDT,2021-12-15,0.0,0.0,1.0,0.0
ETHUSDT,2021-12-16,0.0,0.0,1.0,0.0
ETHUSDT,2021-12-17,0.0,0.0,1.0,0.0
ETHUSDT,2021-12-18,0.0,0.0,1.0,0.0
ETHUSDT,2021-12-19,0.0,0.0,1.0,0.0
ETHUSDT,2021-12-20,0.1638,0.8362,0.0,0.1638
ETHUSDT,2021-12-21,0.1193,0.8807,0.0,0.1193
ETHUSDT,2021-12-22,0.0,0.0,1.0,0.0
ETHUSDT,2021-12-23,0.1739,0.8261,0.0,0.1739
ETHUSDT,2021-12-24,0.1393,0.8607,0.0,0.1393
ETHUSDT,2021-12-25,0.1029,0.8971,0.0,0.1029
ETHUSDT,2021-12-26,0.0741,0.9259,0.0,0.0741
ETHUSDT,2021-12-27,0.0362,0.9638,0.0,0.0362
ETHUSDT,2021-12-28,0.0,0.0,1.0,0.0
ETHUSDT,2021-12-29,0.0,0.0,1.0,0.0
ETHUSDT,2021-12-30,0.0,0.0,1.0,0.0
ETHUSDT,2021-12-31,0.0,0.0,1.0,0.0
ETHUSDT,2022-01-01,0.0,0.0,1.0,0.0
ETHUSDT,2022-01-02,0.0,0.0,1.0,0.0
ETHUSDT,2022-01-03,0.0,0.0,1.0,0.0
ETHUSDT,2022-01-04,0.0,0.0,1.0,0.0
ETHUSDT,2022-01-05,0.0,0.0,1.0,0.0
ETHUSDT,2022-01-06,0.0,0.0,1.0,0.0
ETHUSDT,2022-01-07,0.0,0.0,1.0,0.0
ETHUSDT,2022-01-08,0.0,0.0,1.0,0.0
ETHUSDT,2022-01-09,0.0,0.0,1.0,0.0
ETHUSDT,2022-01-10,0.0,0.0,1.0,0.0
ETHUSDT,2022-01-11,0.0,0.0,1.0,0.0
ETHUSDT,2022-01-12,0.0,0.0,1.0,0.0
ETHUSDT,2022-01-13,0.0,0.0,1.0,0.0
ETHUSDT,2022-01-14,0.4199,0.5801,0.0,0.4199
ETHUSDT,2022-01-15,0.4607,0.5393,0.0,0.4607
ETHUSDT,2022-01-16,0.3432,0.6568,0.0,0.3432
ETHUSDT,2022-01-17,0.1445,0.8555,0.0,0.1445
ETHUSDT,2022-01-18,0.0,0.0,1.0,0.0
ETHUSDT,2022-01-19,0.0,0.0,1.0,0.0
ETHUSDT,2022-01-20,0.0,0.0,1.0,0.0
ETHUSDT,2022-01-21,0.0,0.0,1.0,0.0
ETHUSDT,2022-01-22,0.0,0.0,1.0,0.0
ETHUSDT,2022-01-23,0.0,0.0,1.0,0.0
ETHUSDT,2022-01-24,0.0,0.0,1.0,0.0
ETHUSDT,2022-01-25,0.0,0.0,1.0,0.0
ETHUSDT,2022-01-26,0.0,0.0,1.0,0.0
ETHUSDT,2022-01-27,0.0,0.0,1.0,0.0
ETHUSDT,2022-01-28,0.0,0.0,1.0,0.0
ETHUSDT,2022-01-29,0.6022,0.3978,0.0,0.6022
ETHUSDT,2022-01-30,0.6285,0.3715,0.0,0.6285
ETHUSDT,2022-01-31,0.8967,0.1033,0.0,0.8967
ETHUSDT,2022-02-01,0.9918,0.0082,0.0,0.9918
ETHUSDT,2022-02-02,0.9772,0.0228,0.0,0.9772
ETHUSDT,2022-02-03,0.9893,0.0107,0.0,0.9893
ETHUSDT,2022-02-04,0.9998,0.0002,0.0,0.9998
ETHUSDT,2022-02-05,0.9996,0.0004,0.0,0.9996
ETHUSDT,2022-02-06,0.9999,0.0001,0.0,0.9999
ETHUSDT,2022-02-07,0.9998,0.0002,0.0,0.9998
ETHUSDT,2022-02-08,0.9933,0.0067,0.0,0.9933
ETHUSDT,2022-02-09,1.0,0.0,0.0,1.0
ETHUSDT,2022-02-10,0.9547,0.0453,0.0,0.9547
ETHUSDT,2022-02-11,0.0,0.0,1.0,0.0
ETHUSDT,2022-02-12,0.0,0.0,1.0,0.0
ETHUSDT,2022-02-13,0.0,0.0,1.0,0.0
ETHUSDT,2022-02-14,0.0,0.0,1.0,0.0
ETHUSDT,2022-02-15,0.0554,0.9446,0.0,0.0554
ETHUSDT,2022-02-16,0.0,0.0,1.0,0.0
ETHUSDT,2022-02-17,0.0,0.0,1.0,0.0
ETHUSDT,2022-02-18,0.0,0.0,1.0,0.0
ETHUSDT,2022-02-19,0.0,0.0,1.0,0.0
ETHUSDT,2022-02-20,0.0,0.0,1.0,0.0
ETHUSDT,2022-02-21,0.0,0.0,1.0,0.0
ETHUSDT,2022-02-22,0.0,0.0,1.0,0.0
ETHUSDT,2022-02-23,0.0,0.0,1.0,0.0
ETHUSDT,2022-02-24,0.0,0.0,1.0,0.0
ETHUSDT,2022-02-25,0.0,0.0,1.0,0.0
ETHUSDT,2022-02-26,0.0552,0.944,0.0008,0.0552
ETHUSDT,2022-02-27,0.0,0.0,1.0,0.0
ETHUSDT,2022-02-28,0.9873,0.0127,0.0,0.9873
ETHUSDT,2022-03-01,0.9938,0.0062,0.0,0.9938
ETHUSDT,2022-03-02,0.9809,0.0191,0.0,0.9809
ETHUSDT,2022-03-03,0.5823,0.4177,0.0,0.5823
ETHUSDT,2022-03-04,0.0,0.0,1.0,0.0
ETHUSDT,2022-03-05,0.0,0.0,1.0,0.0
ETHUSDT,2022-03-06,0.0,0.0,1.0,0.0
ETHUSDT,2022-03-07,0.0,0.0,1.0,0.0
ETHUSDT,2022-03-08,0.0,0.0,1.0,0.0
ETHUSDT,2022-03-09,0.0,0.0,1.0,0.0
ETHUSDT,2022-03-10,0.0,0.0,1.0,0.0
ETHUSDT,2022-03-11,0.0,0.0,1.0,0.0
ETHUSDT,2022-03-12,0.0,0.0,1.0,0.0
ETHUSDT,2022-03-13,0.0,0.0,1.0,0.0
ETHUSDT,2022-03-14,0.1735,0.8265,0.0,0.1735
ETHUSDT,2022-03-15,0.1723,0.8277,0.0,0.1723
ETHUSDT,2022-03-16,0.2782,0.7218,0.0,0.2782
ETHUSDT,2022-03-17,0.664,0.336,0.0,0.664
ETHUSDT,2022-03-18,0.995,0.005,0.0,0.995
ETHUSDT,2022-03-19,0.9992,0.0008,0.0,0.9992
ETHUSDT,2022-03-20,0.9989,0.0011,0.0,0.9989
ETHUSDT,2022-03-21,0.9982,0.0018,0.0,0.9982
ETHUSDT,2022-03-22,0.9992,0.0008,0.0,0.9992
ETHUSDT,2022-03-23,0.9913,0.0087,0.0,0.9913
ETHUSDT,2022-03-24,0.9901,0.0099,0.0,0.9901
ETHUSDT,2022-03-25,0.9602,0.0398,0.0,0.9602
ETHUSDT,2022-03-26,0.9706,0.0294,0.0,0.9706
ETHUSDT,2022-03-27,0.9997,0.0003,0.0,0.9997
ETHUSDT,2022-03-28,0.9999,0.0001,0.0,0.9999
ETHUSDT,2022-03-29,0.9998,0.0002,0.0,0.9998
ETHUSDT,2022-03-30,0.9977,0.0023,0.0,0.9977
ETHUSDT,2022-03-31,0.9753,0.0247,0.0,0.9753
ETHUSDT,2022-04-01,0.9941,0.0059,0.0,0.9941
ETHUSDT,2022-04-02,0.9737,0.0263,0.0,0.9737
ETHUSDT,2022-04-03,0.8375,0.1625,0.0,0.8375
ETHUSDT,2022-04-04,0.5544,0.4456,0.0,0.5544
ETHUSDT,2022-04-05,0.1783,0.82,0.0016,0.1783
ETHUSDT,2022-04-06,0.0,0.0,1.0,0.0
ETHUSDT,2022-04-07,0.0,0.0,1.0,0.0
ETHUSDT,2022-04-08,0.0,0.0,1.0,0.0
ETHUSDT,2022-04-09,0.0,0.0,1.0,0.0
ETHUSDT,2022-04-10,0.0,0.0,1.0,0.0
ETHUSDT,2022-04-11,0.0,0.0,1.0,0.0
ETHUSDT,2022-04-12,0.0,0.0,1.0,0.0
ETHUSDT,2022-04-13,0.0,0.0,1.0,0.0
ETHUSDT,2022-04-14,0.0,0.0,1.0,0.0
ETHUSDT,2022-04-15,0.0,0.0,1.0,0.0
ETHUSDT,2022-04-16,0.0,0.0,1.0,0.0
ETHUSDT,2022-04-17,0.0,0.0,1.0,0.0
ETHUSDT,2022-04-18,0.1324,0.8676,0.0,0.1324
ETHUSDT,2022-04-19,0.0585,0.9415,0.0,0.0585
ETHUSDT,2022-04-20,0.0,0.0,1.0,0.0
ETHUSDT,2022-04-21,0.0,0.0,1.0,0.0
ETHUSDT,2022-04-22,0.0,0.0,1.0,0.0
ETHUSDT,2022-04-23,0.0,0.0,1.0,0.0
ETHUSDT,2022-04-24,0.0,0.0,1.0,0.0
ETHUSDT,2022-04-25,0.0,0.0,1.0,0.0
ETHUSDT,2022-04-26,0.0,0.0,1.0,0.0
ETHUSDT,2022-04-27,0.0,0.0,1.0,0.0
ETHUSDT,2022-04-28,0.0,0.0,1.0,0.0
ETHUSDT,2022-04-29,0.0,0.0,1.0,0.0
ETHUSDT,2022-04-30,0.0,0.0,1.0,0.0
ETHUSDT,2022-05-01,0.0,0.0,1.0,0.0
ETHUSDT,2022-05-02,0.0,0.0,1.0,0.0
ETHUSDT,2022-05-03,0.0,0.0,1.0,0.0
ETHUSDT,2022-05-04,0.0712,0.9288,0.0,0.0712
ETHUSDT,2022-05-05,0.0,0.0,1.0,0.0
ETHUSDT,2022-05-06,0.0,0.0,1.0,0.0
ETHUSDT,2022-05-07,0.0,0.0,1.0,0.0
ETHUSDT,2022-05-08,0.0,0.0,1.0,0.0
ETHUSDT,2022-05-09,0.0,0.0,1.0,0.0
ETHUSDT,2022-05-10,0.0,0.0,1.0,0.0
ETHUSDT,2022-05-11,0.0,0.0,1.0,0.0
ETHUSDT,2022-05-12,0.0,0.0,1.0,0.0
ETHUSDT,2022-05-13,0.0,0.0,1.0,0.0
ETHUSDT,2022-05-14,0.0,0.0,1.0,0.0
ETHUSDT,2022-05-15,0.0,0.0,1.0,0.0
ETHUSDT,2022-05-16,0.0,0.0,1.0,0.0
ETHUSDT,2022-05-17,0.0,0.0,1.0,0.0
ETHUSDT,2022-05-18,0.0,0.0,1.0,0.0
ETHUSDT,2022-05-19,0.0237,0.9763,0.0,0.0237
ETHUSDT,2022-05-20,0.0,0.0,1.0,0.0
ETHUSDT,2022-05-21,0.0,0.0,1.0,0.0
ETHUSDT,2022-05-22,0.0,0.0,1.0,0.0
ETHUSDT,2022-05-23,0.0,0.0,1.0,0.0
ETHUSDT,2022-05-24,0.0,0.0,1.0,0.0
ETHUSDT,2022-05-25,0.0282,0.9718,0.0,0.0282
ETHUSDT,2022-05-26,0.0,0.0,1.0,0.0
ETHUSDT,2022-05-27,0.0,0.0,1.0,0.0
ETHUSDT,2022-05-28,0.0,0.0,1.0,0.0
ETHUSDT,2022-05-29,0.0,0.0,1.0,0.0
ETHUSDT,2022-05-30,0.0212,0.9788,0.0,0.0212
ETHUSDT,2022-05-31,0.0,0.0,1.0,0.0
ETHUSDT,2022-06-01,0.0,0.0,1.0,0.0
ETHUSDT,2022-06-02,0.0628,0.9372,0.0,0.0628
ETHUSDT,2022-06-03,0.0302,0.9698,0.0,0.0302
ETHUSDT,2022-06-04,0.0137,0.9863,0.0,0.0137
ETHUSDT,2022-06-05,0.0,0.0,1.0,0.0
ETHUSDT,2022-06-06,0.0,0.0,1.0,0.0
ETHUSDT,2022-06-07,0.0,0.0,1.0,0.0
ETHUSDT,2022-06-08,0.0,0.0,1.0,0.0
ETHUSDT,2022-06-09,0.0,0.0,1.0,0.0
ETHUSDT,2022-06-10,0.0,0.0,1.0,0.0
ETHUSDT,2022-06-11,0.0,0.0,1.0,0.0
ETHUSDT,2022-06-12,0.0,0.0,1.0,0.0
ETHUSDT,2022-06-13,0.0,0.0,1.0,0.0
ETHUSDT,2022-06-14,0.0,0.0,1.0,0.0
ETHUSDT,2022-06-15,0.0,0.0,1.0,0.0
ETHUSDT,2022-06-16,0.0,0.0,1.0,0.0
ETHUSDT,2022-06-17,0.0,0.0,1.0,0.0
ETHUSDT,2022-06-18,0.0,0.0,1.0,0.0
ETHUSDT,2022-06-19,0.0,0.0,1.0,0.0
ETHUSDT,2022-06-20,0.0,0.0,1.0,0.0
ETHUSDT,2022-06-21,0.0,0.0,1.0,0.0
ETHUSDT,2022-06-22,0.0,0.0,1.0,0.0
ETHUSDT,2022-06-23,0.0816,0.9184,0.0,0.0816
ETHUSDT,2022-06-24,0.3293,0.6707,0.0,0.3293
ETHUSDT,2022-06-25,0.9989,0.0011,0.0,0.9989
ETHUSDT,2022-06-26,0.0293,0.9707,0.0,0.0293
ETHUSDT,2022-06-27,0.0017,0.9983,0.0,0.0017
ETHUSDT,2022-06-28,0.0006,0.9994,0.0,0.0006
ETHUSDT,2022-06-29,0.0005,0.9995,0.0,0.0005
ETHUSDT,2022-06-30,0.0,0.0,1.0,0.0
ETHUSDT,2022-07-01,0.0,0.0,1.0,0.0
ETHUSDT,2022-07-02,0.0,0.0,1.0,0.0
ETHUSDT,2022-07-03,0.0,0.0,1.0,0.0
ETHUSDT,2022-07-04,0.0,0.0,1.0,0.0
ETHUSDT,2022-07-05,0.0,0.0,1.0,0.0
ETHUSDT,2022-07-06,0.5394,0.4606,0.0,0.5394
ETHUSDT,2022-07-07,0.9908,0.0092,0.0,0.9908
ETHUSDT,2022-07-08,0.9983,0.0017,0.0,0.9983
ETHUSDT,2022-07-09,0.9843,0.0157,0.0,0.9843
ETHUSDT,2022-07-10,0.6555,0.3445,0.0,0.6555
ETHUSDT,2022-07-11,0.0,0.0,1.0,0.0
ETHUSDT,2022-07-12,0.0,0.0,1.0,0.0
ETHUSDT,2022-07-13,0.0,0.0,1.0,0.0
ETHUSDT,2022-07-14,0.0,0.0,1.0,0.0
ETHUSDT,2022-07-15,0.6474,0.3526,0.0,0.6474
ETHUSDT,2022-07-16,0.9348,0.0652,0.0,0.9348
ETHUSDT,2022-07-17,0.998,0.002,0.0,0.998
ETHUSDT,2022-07-18,1.0,0.0,0.0,1.0
ETHUSDT,2022-07-19,1.0,0.0,0.0,1.0
ETHUSDT,2022-07-20,1.0,0.0,0.0,1.0
ETHUSDT,2022-07-21,1.0,0.0,0.0,1.0
ETHUSDT,2022-07-22,1.0,0.0,0.0,1.0
ETHUSDT,2022-07-23,0.9971,0.0029,0.0,0.9971
ETHUSDT,2022-07-24,0.9978,0.0022,0.0,0.9978
ETHUSDT,2022-07-25,0.0,0.0,1.0,0.0
ETHUSDT,2022-07-26,0.0,0.0,1.0,0.0
ETHUSDT,2022-07-27,0.0166,0.9834,0.0,0.0166
ETHUSDT,2022-07-28,0.0111,0.9889,0.0,0.0111
ETHUSDT,2022-07-29,0.0263,0.9737,0.0,0.0263
ETHUSDT,2022-07-30,0.0097,0.9903,0.0,0.0097
ETHUSDT,2022-07-31,0.0088,0.9912,0.0,0.0088
ETHUSDT,2022-08-01,0.1111,0.8889,0.0,0.1111
ETHUSDT,2022-08-02,0.1166,0.8834,0.0,0.1166
ETHUSDT,2022-08-03,0.0,0.0,1.0,0.0
ETHUSDT,2022-08-04,0.0,0.0,1.0,0.0
ETHUSDT,2022-08-05,0.009,0.9872,0.0038,0.009
ETHUSDT,2022-08-06,0.0,0.0,1.0,0.0
ETHUSDT,2022-08-07,0.1393,0.8607,0.0,0.1393
ETHUSDT,2022-08-08,0.3937,0.6063,0.0,0.3937
ETHUSDT,2022-08-09,0.5345,0.4655,0.0,0.5345
ETHUSDT,2022-08-10,0.9811,0.0189,0.0,0.9811
ETHUSDT,2022-08-11,0.9997,0.0003,0.0,0.9997
ETHUSDT,2022-08-12,0.9972,0.0028,0.0,0.9972
ETHUSDT,2022-08-13,0.9998,0.0002,0.0,0.9998
ETHUSDT,2022-08-14,0.9885,0.0115,0.0,0.9885
ETHUSDT,2022-08-15,0.7946,0.2054,0.0,0.7946
ETHUSDT,2022-08-16,0.6155,0.3845,0.0,0.6155
ETHUSDT,2022-08-17,0.0,0.0,1.0,0.0
ETHUSDT,2022-08-18,0.0,0.0,1.0,0.0
ETHUSDT,2022-08-19,0.0,0.0,1.0,0.0
ETHUSDT,2022-08-20,0.0,0.0,1.0,0.0
ETHUSDT,2022-08-21,0.0,0.0,1.0,0.0
ETHUSDT,2022-08-22,0.0,0.0,1.0,0.0
ETHUSDT,2022-08-23,0.0,0.0,1.0,0.0
ETHUSDT,2022-08-24,0.0,0.0,1.0,0.0
ETHUSDT,2022-08-25,0.0,0.0,1.0,0.0
ETHUSDT,2022-08-26,0.0,0.0,1.0,0.0
ETHUSDT,2022-08-27,0.0,0.0,1.0,0.0
ETHUSDT,2022-08-28,0.0,0.0,1.0,0.0
ETHUSDT,2022-08-29,0.0,0.0,1.0,0.0
ETHUSDT,2022-08-30,0.0,0.0,1.0,0.0
ETHUSDT,2022-08-31,0.0,0.0,1.0,0.0
ETHUSDT,2022-09-01,0.0,0.0,1.0,0.0
ETHUSDT,2022-09-02,0.221,0.779,0.0,0.221
ETHUSDT,2022-09-03,0.2318,0.7682,0.0,0.2318
ETHUSDT,2022-09-04,0.3286,0.6714,0.0,0.3286
ETHUSDT,2022-09-05,0.1818,0.8182,0.0,0.1818
ETHUSDT,2022-09-06,0.1364,0.8636,0.0,0.1364
ETHUSDT,2022-09-07,0.1833,0.8167,0.0,0.1833
ETHUSDT,2022-09-08,0.3274,0.6726,0.0,0.3274
ETHUSDT,2022-09-09,0.8219,0.1781,0.0,0.8219
ETHUSDT,2022-09-10,0.9924,0.0076,0.0,0.9924
ETHUSDT,2022-09-11,0.9607,0.0393,0.0,0.9607
ETHUSDT,2022-09-12,0.5628,0.4372,0.0,0.5628
ETHUSDT,2022-09-13,0.1905,0.8095,0.0,0.1905
ETHUSDT,2022-09-14,0.0501,0.9482,0.0018,0.0501
ETHUSDT,2022-09-15,0.0,0.0,1.0,0.0
ETHUSDT,2022-09-16,0.0,0.0,1.0,0.0
ETHUSDT,2022-09-17,0.0,0.0,1.0,0.0
ETHUSDT,2022-09-18,0.0,0.0,1.0,0.0
ETHUSDT,2022-09-19,0.0,0.0,1.0,0.0
ETHUSDT,2022-09-20,0.0,0.0,1.0,0.0
ETHUSDT,2022-09-21,0.0,0.0,1.0,0.0
ETHUSDT,2022-09-22,0.0,0.0,1.0,0.0
ETHUSDT,2022-09-23,0.0,0.0,1.0,0.0
ETHUSDT,2022-09-24,0.0,0.0,1.0,0.0
ETHUSDT,2022-09-25,0.0,0.0,1.0,0.0
ETHUSDT,2022-09-26,0.0,0.0,1.0,0.0
ETHUSDT,2022-09-27,0.0913,0.9078,0.0009,0.0913
ETHUSDT,2022-09-28,0.0765,0.9235,0.0,0.0765
ETHUSDT,2022-09-29,0.0242,0.9756,0.0002,0.0242
ETHUSDT,2022-09-30,0.0,0.0,1.0,0.0
ETHUSDT,2022-10-01,0.0,0.0,1.0,0.0
ETHUSDT,2022-10-02,0.0,0.0,1.0,0.0
ETHUSDT,2022-10-03,0.0,0.0,1.0,0.0
ETHUSDT,2022-10-04,0.1185,0.8815,0.0,0.1185
ETHUSDT,2022-10-05,0.0798,0.9202,0.0,0.0798
ETHUSDT,2022-10-06,0.0698,0.9302,0.0,0.0698
ETHUSDT,2022-10-07,0.0617,0.9378,0.0004,0.0617
ETHUSDT,2022-10-08,0.0532,0.9462,0.0005,0.0532
ETHUSDT,2022-10-09,0.039,0.961,0.0,0.039
ETHUSDT,2022-10-10,0.0,0.0,1.0,0.0
ETHUSDT,2022-10-11,0.0,0.0,1.0,0.0
ETHUSDT,2022-10-12,0.0,0.0,1.0,0.0
ETHUSDT,2022-10-13,0.0,0.0,1.0,0.0
ETHUSDT,2022-10-14,0.0,0.0,1.0,0.0
ETHUSDT,2022-10-15,0.0,0.0,1.0,0.0
ETHUSDT,2022-10-16,0.0,0.0,1.0,0.0
ETHUSDT,2022-10-17,0.1214,0.8786,0.0,0.1214
ETHUSDT,2022-10-18,0.049,0.951,0.0,0.049
ETHUSDT,2022-10-19,0.0,0.0,1.0,0.0
ETHUSDT,2022-10-20,0.0,0.0,1.0,0.0
ETHUSDT,2022-10-21,0.2831,0.7138,0.0032,0.2831
ETHUSDT,2022-10-22,0.3383,0.6617,0.0,0.3383
ETHUSDT,2022-10-23,0.4553,0.5447,0.0,0.4553
ETHUSDT,2022-10-24,0.5963,0.4037,0.0,0.5963
ETHUSDT,2022-10-25,0.9806,0.0194,0.0,0.9806
ETHUSDT,2022-10-26,1.0,0.0,0.0,1.0
ETHUSDT,2022-10-27,1.0,0.0,0.0,1.0
ETHUSDT,2022-10-28,1.0,0.0,0.0,1.0
ETHUSDT,2022-10-29,1.0,0.0,0.0,1.0
ETHUSDT,2022-10-30,1.0,0.0,0.0,1.0
ETHUSDT,2022-10-31,0.9997,0.0003,0.0,0.9997
ETHUSDT,2022-11-01,0.7103,0.2897,0.0,0.7103
ETHUSDT,2022-11-02,0.0,0.0,1.0,0.0
ETHUSDT,2022-11-03,0.1825,0.8175,0.0,0.1825
ETHUSDT,2022-11-04,0.1504,0.8496,0.0,0.1504
ETHUSDT,2022-11-05,0.0558,0.9437,0.0005,0.0558
ETHUSDT,2022-11-06,0.0,0.0,1.0,0.0
ETHUSDT,2022-11-07,0.0,0.0,1.0,0.0
ETHUSDT,2022-11-08,0.0,0.0,1.0,0.0
ETHUSDT,2022-11-09,0.0,0.0,1.0,0.0
ETHUSDT,2022-11-10,0.0,0.0,1.0,0.0
ETHUSDT,2022-11-11,0.0,0.0,1.0,0.0
ETHUSDT,2022-11-12,0.0,0.0,1.0,0.0
ETHUSDT,2022-11-13,0.0,0.0,1.0,0.0
ETHUSDT,2022-11-14,0.0,0.0,1.0,0.0
ETHUSDT,2022-11-15,0.0,0.0,1.0,0.0
ETHUSDT,2022-11-16,0.0157,0.9843,0.0,0.0157
ETHUSDT,2022-11-17,0.0,0.0,1.0,0.0
ETHUSDT,2022-11-18,0.0,0.0,1.0,0.0
ETHUSDT,2022-11-19,0.0,0.0,1.0,0.0
ETHUSDT,2022-11-20,0.0,0.0,1.0,0.0
ETHUSDT,2022-11-21,0.0,0.0,1.0,0.0
ETHUSDT,2022-11-22,0.0,0.0,1.0,0.0
ETHUSDT,2022-11-23,0.0,0.0,1.0,0.0
ETHUSDT,2022-11-24,0.0024,0.9957,0.0019,0.0024
ETHUSDT,2022-11-25,0.0,0.0,1.0,0.0
ETHUSDT,2022-11-26,0.0,0.0,1.0,0.0
ETHUSDT,2022-11-27,0.0055,0.9945,0.0,0.0055
ETHUSDT,2022-11-28,0.0039,0.9961,0.0,0.0039
ETHUSDT,2022-11-29,0.0642,0.9358,0.0,0.0642
ETHUSDT,2022-11-30,0.4266,0.5734,0.0,0.4266
ETHUSDT,2022-12-01,0.6057,0.3943,0.0,0.6057
ETHUSDT,2022-12-02,0.7121,0.2879,0.0,0.7121
ETHUSDT,2022-12-03,0.6592,0.3408,0.0,0.6592
ETHUSDT,2022-12-04,0.6786,0.3214,0.0,0.6786
ETHUSDT,2022-12-05,0.5917,0.4083,0.0,0.5917
ETHUSDT,2022-12-06,0.2659,0.7341,0.0,0.2659
ETHUSDT,2022-12-07,0.0,0.0,1.0,0.0
ETHUSDT,2022-12-08,0.0653,0.929,0.0056,0.0653
ETHUSDT,2022-12-09,0.0,0.0,1.0,0.0
ETHUSDT,2022-12-10,0.0704,0.9296,0.0,0.0704
ETHUSDT,2022-12-11,0.0,0.0,1.0,0.0
ETHUSDT,2022-12-12,0.2005,0.7995,0.0,0.2005
ETHUSDT,2022-12-13,0.1734,0.8266,0.0,0.1734
ETHUSDT,2022-12-14,0.1291,0.8709,0.0,0.1291
ETHUSDT,2022-12-15,0.0,0.0,1.0,0.0
ETHUSDT,2022-12-16,0.0,0.0,1.0,0.0
ETHUSDT,2022-12-17,0.0,0.0,1.0,0.0
ETHUSDT,2022-12-18,0.0,0.0,1.0,0.0
ETHUSDT,2022-12-19,0.0,0.0,1.0,0.0
ETHUSDT,2022-12-20,0.0,0.0,1.0,0.0
ETHUSDT,2022-12-21,0.0,0.0,1.0,0.0
ETHUSDT,2022-12-22,0.0,0.0,1.0,0.0
ETHUSDT,2022-12-23,0.2686,0.7314,0.0,0.2686
ETHUSDT,2022-12-24,0.1973,0.8027,0.0,0.1973
ETHUSDT,2022-12-25,0.1433,0.8567,0.0,0.1433
ETHUSDT,2022-12-26,0.0914,0.9086,0.0,0.0914
ETHUSDT,2022-12-27,0.0,0.0,1.0,0.0
ETHUSDT,2022-12-28,0.0,0.0,1.0,0.0
ETHUSDT,2022-12-29,0.0,0.0,1.0,0.0
ETHUSDT,2022-12-30,0.0,0.0,1.0,0.0
ETHUSDT,2022-12-31,0.0,0.0,1.0,0.0
ETHUSDT,2023-01-01,0.0,0.0,1.0,0.0
ETHUSDT,2023-01-02,0.0,0.0,1.0,0.0
ETHUSDT,2023-01-03,0.4386,0.5573,0.004,0.4386
ETHUSDT,2023-01-04,0.5511,0.4489,0.0,0.5511
ETHUSDT,2023-01-05,0.6113,0.3887,0.0,0.6113
ETHUSDT,2023-01-06,0.7093,0.2907,0.0,0.7093
ETHUSDT,2023-01-07,0.7992,0.2008,0.0,0.7992
ETHUSDT,2023-01-08,0.9079,0.0921,0.0,0.9079
ETHUSDT,2023-01-09,0.9731,0.0269,0.0,0.9731
ETHUSDT,2023-01-10,0.9924,0.0076,0.0,0.9924
ETHUSDT,2023-01-11,0.9964,0.0036,0.0,0.9964
ETHUSDT,2023-01-12,0.9995,0.0005,0.0,0.9995
ETHUSDT,2023-01-13,0.9998,0.0002,0.0,0.9998
ETHUSDT,2023-01-14,1.0,0.0,0.0,1.0
ETHUSDT,2023-01-15,1.0,0.0,0.0,1.0
ETHUSDT,2023-01-16,1.0,0.0,0.0,1.0
ETHUSDT,2023-01-17,1.0,0.0,0.0,1.0
ETHUSDT,2023-01-18,0.9941,0.0059,0.0,0.9941
ETHUSDT,2023-01-19,0.9946,0.0054,0.0,0.9946
ETHUSDT,2023-01-20,0.9978,0.0022,0.0,0.9978
ETHUSDT,2023-01-21,0.7404,0.2596,0.0,0.7404
ETHUSDT,2023-01-22,0.4818,0.5182,0.0,0.4818
ETHUSDT,2023-01-23,0.1919,0.8081,0.0,0.1919
ETHUSDT,2023-01-24,0.0,0.0,1.0,0.0
ETHUSDT,2023-01-25,0.2885,0.7115,0.0,0.2885
ETHUSDT,2023-01-26,0.1218,0.8782,0.0,0.1218
ETHUSDT,2023-01-27,0.0,0.0,1.0,0.0
ETHUSDT,2023-01-28,0.0,0.0,1.0,0.0
ETHUSDT,2023-01-29,0.0679,0.9321,0.0,0.0679
ETHUSDT,2023-01-30,0.0,0.0,1.0,0.0
ETHUSDT,2023-01-31,0.1867,0.8133,0.0,0.1867
ETHUSDT,2023-02-01,0.1497,0.8503,0.0,0.1497
ETHUSDT,2023-02-02,0.1357,0.8643,0.0,0.1357
ETHUSDT,2023-02-03,0.1308,0.8692,0.0,0.1308
ETHUSDT,2023-02-04,0.1003,0.8997,0.0,0.1003
ETHUSDT,2023-02-05,0.0,0.0,1.0,0.0
ETHUSDT,2023-02-06,0.2282,0.7718,0.0,0.2282
ETHUSDT,2023-02-07,0.1819,0.8181,0.0,0.1819
ETHUSDT,2023-02-08,0.0685,0.9311,0.0004,0.0685
ETHUSDT,2023-02-09,0.0,0.0,1.0,0.0
ETHUSDT,2023-02-10,0.0,0.0,1.0,0.0
ETHUSDT,2023-02-11,0.0,0.0,1.0,0.0
ETHUSDT,2023-02-12,0.0,0.0,1.0,0.0
ETHUSDT,2023-02-13,0.0,0.0,1.0,0.0
ETHUSDT,2023-02-14,0.0,0.0,1.0,0.0
ETHUSDT,2023-02-15,0.6454,0.3546,0.0,0.6454
ETHUSDT,2023-02-16,0.8338,0.1662,0.0,0.8338
ETHUSDT,2023-02-17,0.9895,0.0105,0.0,0.9895
ETHUSDT,2023-02-18,0.9937,0.0063,0.0,0.9937
ETHUSDT,2023-02-19,0.9965,0.0035,0.0,0.9965
ETHUSDT,2023-02-20,0.9901,0.0099,0.0,0.9901
ETHUSDT,2023-02-21,0.5741,0.4259,0.0,0.5741
ETHUSDT,2023-02-22,0.0,0.0,1.0,0.0
ETHUSDT,2023-02-23,0.0669,0.9326,0.0005,0.0669
ETHUSDT,2023-02-24,0.0,0.0,1.0,0.0
ETHUSDT,2023-02-25,0.0,0.0,1.0,0.0
ETHUSDT,2023-02-26,0.0,0.0,1.0,0.0
ETHUSDT,2023-02-27,0.0,0.0,1.0,0.0
ETHUSDT,2023-02-28,0.0,0.0,1.0,0.0
ETHUSDT,2023-03-01,0.0685,0.9315,0.0,0.0685
ETHUSDT,2023-03-02,0.0,0.0,1.0,0.0
ETHUSDT,2023-03-03,0.0,0.0,1.0,0.0
ETHUSDT,2023-03-04,0.0,0.0,1.0,0.0
ETHUSDT,2023-03-05,0.0,0.0,1.0,0.0
ETHUSDT,2023-03-06,0.0,0.0,1.0,0.0
ETHUSDT,2023-03-07,0.0,0.0,1.0,0.0
ETHUSDT,2023-03-08,0.0,0.0,1.0,0.0
ETHUSDT,2023-03-09,0.0,0.0,1.0,0.0
ETHUSDT,2023-03-10,0.0,0.0,1.0,0.0
ETHUSDT,2023-03-11,0.0,0.0,1.0,0.0
ETHUSDT,2023-03-12,0.6709,0.3291,0.0,0.6709
ETHUSDT,2023-03-13,0.8617,0.1383,0.0,0.8617
ETHUSDT,2023-03-14,0.9611,0.0389,0.0,0.9611
ETHUSDT,2023-03-15,0.9796,0.0204,0.0,0.9796
ETHUSDT,2023-03-16,0.9999,0.0001,0.0,0.9999
ETHUSDT,2023-03-17,1.0,0.0,0.0,1.0
ETHUSDT,2023-03-18,1.0,0.0,0.0,1.0
ETHUSDT,2023-03-19,0.9883,0.0117,0.0,0.9883
ETHUSDT,2023-03-20,0.7391,0.2609,0.0,0.7391
ETHUSDT,2023-03-21,0.6173,0.3827,0.0,0.6173
ETHUSDT,2023-03-22,0.4663,0.5337,0.0,0.4663
ETHUSDT,2023-03-23,0.3408,0.6592,0.0,0.3408
ETHUSDT,2023-03-24,0.0,0.0,1.0,0.0
ETHUSDT,2023-03-25,0.0,0.0,1.0,0.0
ETHUSDT,2023-03-26,0.0,0.0,1.0,0.0
ETHUSDT,2023-03-27,0.0,0.0,1.0,0.0
ETHUSDT,2023-03-28,0.0,0.0,1.0,0.0
ETHUSDT,2023-03-29,0.0683,0.9317,0.0,0.0683
ETHUSDT,2023-03-30,0.0,0.0,1.0,0.0
ETHUSDT,2023-03-31,0.3509,0.6491,0.0,0.3509
ETHUSDT,2023-04-01,0.3494,0.6506,0.0,0.3494
ETHUSDT,2023-04-02,0.3696,0.6304,0.0,0.3696
ETHUSDT,2023-04-03,0.4719,0.5281,0.0,0.4719
ETHUSDT,2023-04-04,0.524,0.476,0.0,0.524
ETHUSDT,2023-04-05,0.5365,0.4635,0.0,0.5365
ETHUSDT,2023-04-06,0.4548,0.5452,0.0,0.4548
ETHUSDT,2023-04-07,0.3749,0.6251,0.0,0.3749
ETHUSDT,2023-04-08,0.3532,0.6468,0.0,0.3532
ETHUSDT,2023-04-09,0.3926,0.6074,0.0,0.3926
ETHUSDT,2023-04-10,0.459,0.541,0.0,0.459
ETHUSDT,2023-04-11,0.4694,0.5306,0.0,0.4694
ETHUSDT,2023-04-12,0.5826,0.4173,0.0001,0.5826
ETHUSDT,2023-04-13,0.8748,0.1252,0.0,0.8748
ETHUSDT,2023-04-14,0.9966,0.0034,0.0,0.9966
ETHUSDT,2023-04-15,0.9995,0.0005,0.0,0.9995
ETHUSDT,2023-04-16,0.9996,0.0004,0.0,0.9996
ETHUSDT,2023-04-17,0.9847,0.0153,0.0,0.9847
ETHUSDT,2023-04-18,0.9537,0.0463,0.0,0.9537
ETHUSDT,2023-04-19,0.3045,0.6955,0.0,0.3045
ETHUSDT,2023-04-20,0.0,0.0,1.0,0.0
ETHUSDT,2023-04-21,0.0,0.0,1.0,0.0
ETHUSDT,2023-04-22,0.0,0.0,1.0,0.0
ETHUSDT,2023-04-23,0.0,0.0,1.0,0.0
ETHUSDT,2023-04-24,0.0,0.0,1.0,0.0
ETHUSDT,2023-04-25,0.0,0.0,1.0,0.0
ETHUSDT,2023-04-26,0.0,0.0,1.0,0.0
ETHUSDT,2023-04-27,0.0,0.0,1.0,0.0
ETHUSDT,2023-04-28,0.1587,0.8413,0.0,0.1587
ETHUSDT,2023-04-29,0.0972,0.9028,0.0,0.0972
ETHUSDT,2023-04-30,0.0431,0.9568,0.0,0.0431
ETHUSDT,2023-05-01,0.0,0.0,1.0,0.0
ETHUSDT,2023-05-02,0.116,0.881,0.0029,0.116
ETHUSDT,2023-05-03,0.0525,0.9475,0.0,0.0525
ETHUSDT,2023-05-04,0.0,0.0,1.0,0.0
ETHUSDT,2023-05-05,0.133,0.867,0.0,0.133
ETHUSDT,2023-05-06,0.0,0.0,1.0,0.0
ETHUSDT,2023-05-07,0.0,0.0,1.0,0.0
ETHUSDT,2023-05-08,0.0673,0.9326,0.0,0.0673
ETHUSDT,2023-05-09,0.0,0.0,1.0,0.0
ETHUSDT,2023-05-10,0.0,0.0,1.0,0.0
ETHUSDT,2023-05-11,0.0,0.0,1.0,0.0
ETHUSDT,2023-05-12,0.0,0.0,1.0,0.0
ETHUSDT,2023-05-13,0.0,0.0,1.0,0.0
ETHUSDT,2023-05-14,0.0,0.0,1.0,0.0
ETHUSDT,2023-05-15,0.0,0.0,1.0,0.0
ETHUSDT,2023-05-16,0.0,0.0,1.0,0.0
ETHUSDT,2023-05-17,0.0,0.0,1.0,0.0
ETHUSDT,2023-05-18,0.2419,0.756,0.0021,0.2419
ETHUSDT,2023-05-19,0.2545,0.7448,0.0007,0.2545
ETHUSDT,2023-05-20,0.343,0.657,0.0,0.343
ETHUSDT,2023-05-21,0.54,0.4585,0.0015,0.54
ETHUSDT,2023-05-22,0.9755,0.0,0.0245,0.9755
ETHUSDT,2023-05-23,0.3057,0.6943,0.0,0.3057
ETHUSDT,2023-05-24,0.0,0.0,1.0,0.0
ETHUSDT,2023-05-25,0.131,0.8665,0.0025,0.131
ETHUSDT,2023-05-26,0.0881,0.9119,0.0,0.0881
ETHUSDT,2023-05-27,0.0832,0.9168,0.0,0.0832
ETHUSDT,2023-05-28,0.1381,0.8619,0.0,0.1381
ETHUSDT,2023-05-29,0.1231,0.8769,0.0,0.1231
ETHUSDT,2023-05-30,0.0994,0.9006,0.0,0.0994
ETHUSDT,2023-05-31,0.0984,0.9016,0.0,0.0984
ETHUSDT,2023-06-01,0.0819,0.9181,0.0,0.0819
ETHUSDT,2023-06-02,0.0722,0.9278,0.0,0.0722
ETHUSDT,2023-06-03,0.0368,0.9632,0.0,0.0368
ETHUSDT,2023-06-04,0.0,0.0,1.0,0.0
ETHUSDT,2023-06-05,0.0,0.0,1.0,0.0
ETHUSDT,2023-06-06,0.0,0.0,1.0,0.0
ETHUSDT,2023-06-07,0.0,0.0,1.0,0.0
ETHUSDT,2023-06-08,0.0,0.0,1.0,0.0
ETHUSDT,2023-06-09,0.0,0.0,1.0,0.0
ETHUSDT,2023-06-10,0.0,0.0,1.0,0.0
ETHUSDT,2023-06-11,0.0,0.0,1.0,0.0
ETHUSDT,2023-06-12,0.0,0.0,1.0,0.0
ETHUSDT,2023-06-13,0.0,0.0,1.0,0.0
ETHUSDT,2023-06-14,0.0,0.0,1.0,0.0
ETHUSDT,2023-06-15,0.0,0.0,1.0,0.0
ETHUSDT,2023-06-16,0.0,0.0,1.0,0.0
ETHUSDT,2023-06-17,0.0,0.0,1.0,0.0
ETHUSDT,2023-06-18,0.0,0.0,1.0,0.0
ETHUSDT,2023-06-19,0.0,0.0,1.0,0.0
ETHUSDT,2023-06-20,0.7936,0.2064,0.0,0.7936
ETHUSDT,2023-06-21,0.9985,0.0015,0.0,0.9985
ETHUSDT,2023-06-22,0.999,0.001,0.0,0.999
ETHUSDT,2023-06-23,0.9957,0.0043,0.0,0.9957
ETHUSDT,2023-06-24,0.9873,0.0127,0.0,0.9873
ETHUSDT,2023-06-25,0.9751,0.0249,0.0,0.9751
ETHUSDT,2023-06-26,0.7918,0.2082,0.0,0.7918
ETHUSDT,2023-06-27,0.4075,0.5925,0.0,0.4075
ETHUSDT,2023-06-28,0.0,0.0,1.0,0.0
ETHUSDT,2023-06-29,0.0,0.0,1.0,0.0
ETHUSDT,2023-06-30,0.2157,0.7843,0.0,0.2157
ETHUSDT,2023-07-01,0.1831,0.8169,0.0,0.1831
ETHUSDT,2023-07-02,0.167,0.833,0.0,0.167
ETHUSDT,2023-07-03,0.1739,0.8261,0.0,0.1739
ETHUSDT,2023-07-04,0.1199,0.8801,0.0,0.1199
ETHUSDT,2023-07-05,0.0714,0.9286,0.0,0.0714
ETHUSDT,2023-07-06,0.0,0.0,1.0,0.0
ETHUSDT,2023-07-07,0.0,0.0,1.0,0.0
ETHUSDT,2023-07-08,0.0,0.0,1.0,0.0
ETHUSDT,2023-07-09,0.0,0.0,1.0,0.0
ETHUSDT,2023-07-10,0.0,0.0,1.0,0.0
ETHUSDT,2023-07-11,0.0,0.0,1.0,0.0
ETHUSDT,2023-07-12,0.0,0.0,1.0,0.0
ETHUSDT,2023-07-13,0.6621,0.3379,0.0,0.6621
ETHUSDT,2023-07-14,0.4806,0.5194,0.0,0.4806
ETHUSDT,2023-07-15,0.3434,0.6566,0.0,0.3434
ETHUSDT,2023-07-16,0.2343,0.7657,0.0,0.2343
ETHUSDT,2023-07-17,0.1435,0.8565,0.0,0.1435
ETHUSDT,2023-07-18,0.0839,0.9161,0.0,0.0839
ETHUSDT,2023-07-19,0.0374,0.9626,0.0,0.0374
ETHUSDT,2023-07-20,0.0,0.0,1.0,0.0
ETHUSDT,2023-07-21,0.0,0.0,1.0,0.0
ETHUSDT,2023-07-22,0.0,0.0,1.0,0.0
ETHUSDT,2023-07-23,0.0,0.0,1.0,0.0
ETHUSDT,2023-07-24,0.0,0.0,1.0,0.0
ETHUSDT,2023-07-25,0.0,0.0,1.0,0.0
ETHUSDT,2023-07-26,0.0,0.0,1.0,0.0
ETHUSDT,2023-07-27,0.0,0.0,1.0,0.0
ETHUSDT,2023-07-28,0.0,0.0,1.0,0.0
ETHUSDT,2023-07-29,0.0588,0.9412,0.0,0.0588
ETHUSDT,2023-07-30,0.0,0.0,1.0,0.0
ETHUSDT,2023-07-31,0.0946,0.9039,0.0014,0.0946
ETHUSDT,2023-08-01,0.0378,0.9622,0.0,0.0378
ETHUSDT,2023-08-02,0.0,0.0,1.0,0.0
ETHUSDT,2023-08-03,0.0,0.0,1.0,0.0
ETHUSDT,2023-08-04,0.0,0.0,1.0,0.0
ETHUSDT,2023-08-05,0.0,0.0,1.0,0.0
ETHUSDT,2023-08-06,0.0,0.0,1.0,0.0
ETHUSDT,2023-08-07,0.0,0.0,1.0,0.0
ETHUSDT,2023-08-08,0.0,0.0,1.0,0.0
ETHUSDT,2023-08-09,0.0608,0.9392,0.0,0.0608
ETHUSDT,2023-08-10,0.0293,0.9707,0.0,0.0293
ETHUSDT,2023-08-11,0.0203,0.9797,0.0,0.0203
ETHUSDT,2023-08-12,0.0162,0.9838,0.0,0.0162
ETHUSDT,2023-08-13,0.0133,0.9867,0.0,0.0133
ETHUSDT,2023-08-14,0.0081,0.9919,0.0,0.0081
ETHUSDT,2023-08-15,0.0,0.0,1.0,0.0
ETHUSDT,2023-08-16,0.0,0.0,1.0,0.0
ETHUSDT,2023-08-17,0.0,0.0,1.0,0.0
ETHUSDT,2023-08-18,0.0,0.0,1.0,0.0
ETHUSDT,2023-08-19,0.0,0.0,1.0,0.0
ETHUSDT,2023-08-20,0.0,0.0,1.0,0.0
ETHUSDT,2023-08-21,0.0,0.0,1.0,0.0
ETHUSDT,2023-08-22,0.0,0.0,1.0,0.0
ETHUSDT,2023-08-23,0.0,0.0,1.0,0.0
ETHUSDT,2023-08-24,0.0,0.0,1.0,0.0
ETHUSDT,2023-08-25,0.0,0.0,1.0,0.0
ETHUSDT,2023-08-26,0.0,0.0,1.0,0.0
ETHUSDT,2023-08-27,0.0,0.0,1.0,0.0
ETHUSDT,2023-08-28,0.0,0.0,1.0,0.0
ETHUSDT,2023-08-29,0.2371,0.7629,0.0,0.2371
ETHUSDT,2023-08-30,0.0831,0.9169,0.0,0.0831
ETHUSDT,2023-08-31,0.0,0.0,1.0,0.0
ETHUSDT,2023-09-01,0.0,0.0,1.0,0.0
ETHUSDT,2023-09-02,0.0,0.0,1.0,0.0
ETHUSDT,2023-09-03,0.0,0.0,1.0,0.0
ETHUSDT,2023-09-04,0.0,0.0,1.0,0.0
ETHUSDT,2023-09-05,0.0,0.0,1.0,0.0
ETHUSDT,2023-09-06,0.0,0.0,1.0,0.0
ETHUSDT,2023-09-07,0.0827,0.9141,0.0032,0.0827
ETHUSDT,2023-09-08,0.0311,0.9684,0.0005,0.0311
ETHUSDT,2023-09-09,0.0,0.0,1.0,0.0
ETHUSDT,2023-09-10,0.0,0.0,1.0,0.0
ETHUSDT,2023-09-11,0.0,0.0,1.0,0.0
ETHUSDT,2023-09-12,0.0,0.0,1.0,0.0
ETHUSDT,2023-09-13,0.0,0.0,1.0,0.0
ETHUSDT,2023-09-14,0.0,0.0,1.0,0.0
ETHUSDT,2023-09-15,0.1267,0.8719,0.0014,0.1267
ETHUSDT,2023-09-16,0.0917,0.9072,0.001,0.0917
ETHUSDT,2023-09-17,0.0885,0.9113,0.0003,0.0885
ETHUSDT,2023-09-18,0.1127,0.8873,0.0,0.1127
ETHUSDT,2023-09-19,0.0692,0.9308,0.0,0.0692
ETHUSDT,2023-09-20,0.0266,0.9734,0.0,0.0266
ETHUSDT,2023-09-21,0.0,0.0,1.0,0.0
ETHUSDT,2023-09-22,0.0,0.0,1.0,0.0
ETHUSDT,2023-09-23,0.0,0.0,1.0,0.0
ETHUSDT,2023-09-24,0.0,0.0,1.0,0.0
ETHUSDT,2023-09-25,0.0,0.0,1.0,0.0
ETHUSDT,2023-09-26,0.0,0.0,1.0,0.0
ETHUSDT,2023-09-27,0.0,0.0,1.0,0.0
ETHUSDT,2023-09-28,0.4786,0.5214,0.0,0.4786
ETHUSDT,2023-09-29,0.5294,0.4706,0.0,0.5294
ETHUSDT,2023-09-30,0.6092,0.3908,0.0,0.6092
ETHUSDT,2023-10-01,0.7197,0.2803,0.0,0.7197
ETHUSDT,2023-10-02,0.4866,0.5134,0.0,0.4866
ETHUSDT,2023-10-03,0.2713,0.7287,0.0,0.2713
ETHUSDT,2023-10-04,0.101,0.899,0.0,0.101
ETHUSDT,2023-10-05,0.0,0.0,1.0,0.0
ETHUSDT,2023-10-06,0.0,0.0,1.0,0.0
ETHUSDT,2023-10-07,0.0,0.0,1.0,0.0
ETHUSDT,2023-10-08,0.0,0.0,1.0,0.0
ETHUSDT,2023-10-09,0.0,0.0,1.0,0.0
ETHUSDT,2023-10-10,0.0,0.0,1.0,0.0
ETHUSDT,2023-10-11,0.0,0.0,1.0,0.0
ETHUSDT,2023-10-12,0.0,0.0,1.0,0.0
ETHUSDT,2023-10-13,0.0,0.0,1.0,0.0
ETHUSDT,2023-10-14,0.0,0.0,1.0,0.0
ETHUSDT,2023-10-15,0.0,0.0,1.0,0.0
ETHUSDT,2023-10-16,0.0611,0.9389,0.0,0.0611
ETHUSDT,2023-10-17,0.0,0.0,1.0,0.0
ETHUSDT,2023-10-18,0.0,0.0,1.0,0.0
ETHUSDT,2023-10-19,0.4099,0.5901,0.0,0.4099
ETHUSDT,2023-10-20,0.5035,0.4965,0.0,0.5035
ETHUSDT,2023-10-21,0.6738,0.3262,0.0,0.6738
ETHUSDT,2023-10-22,0.8676,0.1324,0.0,0.8676
ETHUSDT,2023-10-23,0.9856,0.0144,0.0,0.9856
ETHUSDT,2023-10-24,0.9996,0.0004,0.0,0.9996
ETHUSDT,2023-10-25,0.9998,0.0002,0.0,0.9998
ETHUSDT,2023-10-26,0.9999,0.0001,0.0,0.9999
ETHUSDT,2023-10-27,0.996,0.004,0.0,0.996
ETHUSDT,2023-10-28,0.967,0.033,0.0,0.967
ETHUSDT,2023-10-29,0.8347,0.1653,0.0,0.8347
ETHUSDT,2023-10-30,0.4232,0.5768,0.0,0.4232
ETHUSDT,2023-10-31,0.1979,0.8021,0.0,0.1979
ETHUSDT,2023-11-01,0.0812,0.9188,0.0,0.0812
ETHUSDT,2023-11-02,0.0,0.0,1.0,0.0
ETHUSDT,2023-11-03,0.3975,0.6025,0.0,0.3975
ETHUSDT,2023-11-04,0.4525,0.5475,0.0,0.4525
ETHUSDT,2023-11-05,0.5195,0.4805,0.0,0.5195
ETHUSDT,2023-11-06,0.5562,0.4438,0.0,0.5562
ETHUSDT,2023-11-07,0.5987,0.4013,0.0,0.5987
ETHUSDT,2023-11-08,0.7084,0.2916,0.0,0.7084
ETHUSDT,2023-11-09,0.9999,0.0001,0.0,0.9999
ETHUSDT,2023-11-10,0.9994,0.0006,0.0,0.9994
ETHUSDT,2023-11-11,0.9939,0.0061,0.0,0.9939
ETHUSDT,2023-11-12,0.9672,0.0328,0.0,0.9672
ETHUSDT,2023-11-13,0.919,0.081,0.0,0.919
ETHUSDT,2023-11-14,0.7547,0.2453,0.0,0.7547
ETHUSDT,2023-11-15,0.6163,0.3837,0.0,0.6163
ETHUSDT,2023-11-16,0.0,0.0,1.0,0.0
ETHUSDT,2023-11-17,0.0,0.0,1.0,0.0
ETHUSDT,2023-11-18,0.0,0.0,1.0,0.0
ETHUSDT,2023-11-19,0.0,0.0,1.0,0.0
ETHUSDT,2023-11-20,0.0,0.0,1.0,0.0
ETHUSDT,2023-11-21,0.0,0.0,1.0,0.0
ETHUSDT,2023-11-22,0.2467,0.7499,0.0034,0.2467
ETHUSDT,2023-11-23,0.2718,0.7282,0.0,0.2718
ETHUSDT,2023-11-24,0.2844,0.7156,0.0,0.2844
ETHUSDT,2023-11-25,0.2458,0.7542,0.0,0.2458
ETHUSDT,2023-11-26,0.1473,0.8527,0.0,0.1473
ETHUSDT,2023-11-27,0.0914,0.908,0.0006,0.0914
ETHUSDT,2023-11-28,0.0639,0.9361,0.0,0.0639
ETHUSDT,2023-11-29,0.0,0.0,1.0,0.0
ETHUSDT,2023-11-30,0.0,0.0,1.0,0.0
ETHUSDT,2023-12-01,0.5224,0.4749,0.0026,0.5224
ETHUSDT,2023-12-02,0.6624,0.3376,0.0,0.6624
ETHUSDT,2023-12-03,0.8546,0.1454,0.0,0.8546
ETHUSDT,2023-12-04,0.9858,0.0142,0.0,0.9858
ETHUSDT,2023-12-05,0.9982,0.0018,0.0,0.9982
ETHUSDT,2023-12-06,0.9962,0.0038,0.0,0.9962
ETHUSDT,2023-12-07,0.9998,0.0002,0.0,0.9998
ETHUSDT,2023-12-08,0.9977,0.0023,0.0,0.9977
ETHUSDT,2023-12-09,0.9011,0.0989,0.0,0.9011
ETHUSDT,2023-12-10,0.5957,0.4043,0.0,0.5957
ETHUSDT,2023-12-11,0.0,0.0,1.0,0.0
ETHUSDT,2023-12-12,0.0,0.0,1.0,0.0
ETHUSDT,2023-12-13,0.0667,0.9333,0.0,0.0667
ETHUSDT,2023-12-14,0.0,0.0,1.0,0.0
ETHUSDT,2023-12-15,0.0,0.0,1.0,0.0
ETHUSDT,2023-12-16,0.0,0.0,1.0,0.0
ETHUSDT,2023-12-17,0.0,0.0,1.0,0.0
ETHUSDT,2023-12-18,0.0,0.0,1.0,0.0
ETHUSDT,2023-12-19,0.0,0.0,1.0,0.0
ETHUSDT,2023-12-20,0.0,0.0,1.0,0.0
ETHUSDT,2023-12-21,0.0,0.0,1.0,0.0
ETHUSDT,2023-12-22,0.3698,0.6302,0.0,0.3698
ETHUSDT,2023-12-23,0.3219,0.6781,0.0,0.3219
ETHUSDT,2023-12-24,0.2849,0.7151,0.0,0.2849
ETHUSDT,2023-12-25,0.2687,0.7313,0.0,0.2687
ETHUSDT,2023-12-26,0.2863,0.7137,0.0,0.2863
ETHUSDT,2023-12-27,0.3433,0.6567,0.0,0.3433
ETHUSDT,2023-12-28,0.1751,0.8249,0.0,0.1751
ETHUSDT,2023-12-29,0.0,0.0,1.0,0.0
ETHUSDT,2023-12-30,0.0,0.0,1.0,0.0
ETHUSDT,2023-12-31,0.1807,0.8193,0.0001,0.1807
ETHUSDT,2024-01-01,0.1473,0.8527,0.0,0.1473
ETHUSDT,2024-01-02,0.1018,0.8982,0.0,0.1018
ETHUSDT,2024-01-03,0.0,0.0,1.0,0.0
ETHUSDT,2024-01-04,0.0,0.0,1.0,0.0
ETHUSDT,2024-01-05,0.0,0.0,1.0,0.0
ETHUSDT,2024-01-06,0.0,0.0,1.0,0.0
ETHUSDT,2024-01-07,0.0,0.0,1.0,0.0
ETHUSDT,2024-01-08,0.0,0.0,1.0,0.0
ETHUSDT,2024-01-09,0.0,0.0,1.0,0.0
ETHUSDT,2024-01-10,0.9997,0.0003,0.0,0.9997
ETHUSDT,2024-01-11,0.9999,0.0001,0.0,0.9999
ETHUSDT,2024-01-12,0.9976,0.0024,0.0,0.9976
ETHUSDT,2024-01-13,0.9997,0.0003,0.0,0.9997
ETHUSDT,2024-01-14,0.9902,0.0098,0.0,0.9902
ETHUSDT,2024-01-15,0.9121,0.0879,0.0,0.9121
ETHUSDT,2024-01-16,0.7843,0.2157,0.0,0.7843
ETHUSDT,2024-01-17,0.0,0.0,1.0,0.0
ETHUSDT,2024-01-18,0.0,0.0,1.0,0.0
ETHUSDT,2024-01-19,0.0,0.0,1.0,0.0
ETHUSDT,2024-01-20,0.0,0.0,1.0,0.0
ETHUSDT,2024-01-21,0.0,0.0,1.0,0.0
ETHUSDT,2024-01-22,0.0,0.0,1.0,0.0
ETHUSDT,2024-01-23,0.0,0.0,1.0,0.0
ETHUSDT,2024-01-24,0.0,0.0,1.0,0.0
ETHUSDT,2024-01-25,0.0,0.0,1.0,0.0
ETHUSDT,2024-01-26,0.0,0.0,1.0,0.0
ETHUSDT,2024-01-27,0.0,0.0,1.0,0.0
ETHUSDT,2024-01-28,0.0,0.0,1.0,0.0
ETHUSDT,2024-01-29,0.2092,0.7883,0.0025,0.2092
ETHUSDT,2024-01-30,0.1969,0.8031,0.0,0.1969
ETHUSDT,2024-01-31,0.1596,0.8404,0.0,0.1596
ETHUSDT,2024-02-01,0.1405,0.8595,0.0,0.1405
ETHUSDT,2024-02-02,0.0981,0.9019,0.0,0.0981
ETHUSDT,2024-02-03,0.0643,0.9357,0.0,0.0643
ETHUSDT,2024-02-04,0.0318,0.9682,0.0,0.0318
ETHUSDT,2024-02-05,0.0,0.0,1.0,0.0
ETHUSDT,2024-02-06,0.5534,0.4466,0.0,0.5534
ETHUSDT,2024-02-07,0.7184,0.2816,0.0,0.7184
ETHUSDT,2024-02-08,0.8157,0.1843,0.0,0.8157
ETHUSDT,2024-02-09,0.9361,0.0639,0.0,0.9361
ETHUSDT,2024-02-10,0.9819,0.0181,0.0,0.9819
ETHUSDT,2024-02-11,0.9934,0.0066,0.0,0.9934
ETHUSDT,2024-02-12,0.9999,0.0001,0.0,0.9999
ETHUSDT,2024-02-13,0.9985,0.0015,0.0,0.9985
ETHUSDT,2024-02-14,0.9998,0.0002,0.0,0.9998
ETHUSDT,2024-02-15,1.0,0.0,0.0,1.0
ETHUSDT,2024-02-16,0.9993,0.0007,0.0,0.9993
ETHUSDT,2024-02-17,0.9985,0.0015,0.0,0.9985
ETHUSDT,2024-02-18,0.9999,0.0001,0.0,0.9999
ETHUSDT,2024-02-19,0.9977,0.0023,0.0,0.9977
ETHUSDT,2024-02-20,0.9994,0.0006,0.0,0.9994
ETHUSDT,2024-02-21,0.9577,0.0423,0.0,0.9577
ETHUSDT,2024-02-22,0.9108,0.0892,0.0,0.9108
ETHUSDT,2024-02-23,0.8997,0.1003,0.0,0.8997
ETHUSDT,2024-02-24,0.9495,0.0505,0.0,0.9495
ETHUSDT,2024-02-25,0.9741,0.0259,0.0,0.9741
ETHUSDT,2024-02-26,0.9807,0.0193,0.0,0.9807
ETHUSDT,2024-02-27,0.9847,0.0153,0.0,0.9847
ETHUSDT,2024-02-28,0.9996,0.0004,0.0,0.9996
ETHUSDT,2024-02-29,0.9993,0.0007,0.0,0.9993
ETHUSDT,2024-03-01,1.0,0.0,0.0,1.0
ETHUSDT,2024-03-02,0.9998,0.0002,0.0,0.9998
ETHUSDT,2024-03-03,0.9991,0.0009,0.0,0.9991
ETHUSDT,2024-03-04,0.9997,0.0003,0.0,0.9997
ETHUSDT,2024-03-05,0.9957,0.0043,0.0,0.9957
ETHUSDT,2024-03-06,0.9993,0.0007,0.0,0.9993
ETHUSDT,2024-03-07,0.9999,0.0001,0.0,0.9999
ETHUSDT,2024-03-08,0.9996,0.0004,0.0,0.9996
ETHUSDT,2024-03-09,0.9998,0.0002,0.0,0.9998
ETHUSDT,2024-03-10,0.9982,0.0018,0.0,0.9982
ETHUSDT,2024-03-11,0.9983,0.0017,0.0,0.9983
ETHUSDT,2024-03-12,0.9843,0.0157,0.0,0.9843
ETHUSDT,2024-03-13,0.6033,0.3967,0.0,0.6033
ETHUSDT,2024-03-14,0.1947,0.8032,0.0021,0.1947
ETHUSDT,2024-03-15,0.0,0.0,1.0,0.0
ETHUSDT,2024-03-16,0.0,0.0,1.0,0.0
ETHUSDT,2024-03-17,0.0,0.0,1.0,0.0
ETHUSDT,2024-03-18,0.0,0.0,1.0,0.0
ETHUSDT,2024-03-19,0.0,0.0,1.0,0.0
ETHUSDT,2024-03-20,0.0,0.0,1.0,0.0
ETHUSDT,2024-03-21,0.0,0.0,1.0,0.0
ETHUSDT,2024-03-22,0.0,0.0,1.0,0.0
ETHUSDT,2024-03-23,0.0,0.0,1.0,0.0
ETHUSDT,2024-03-24,0.0,0.0,1.0,0.0
ETHUSDT,2024-03-25,0.3518,0.6482,0.0,0.3518
ETHUSDT,2024-03-26,0.5387,0.4613,0.0,0.5387
ETHUSDT,2024-03-27,0.0,0.0,1.0,0.0
ETHUSDT,2024-03-28,0.1034,0.8966,0.0,0.1034
ETHUSDT,2024-03-29,0.0819,0.9181,0.0,0.0819
ETHUSDT,2024-03-30,0.0598,0.9402,0.0,0.0598
ETHUSDT,2024-03-31,0.0325,0.9675,0.0,0.0325
ETHUSDT,2024-04-01,0.0,0.0,1.0,0.0
ETHUSDT,2024-04-02,0.0,0.0,1.0,0.0
ETHUSDT,2024-04-03,0.0,0.0,1.0,0.0
ETHUSDT,2024-04-04,0.0,0.0,1.0,0.0
ETHUSDT,2024-04-05,0.0,0.0,1.0,0.0
ETHUSDT,2024-04-06,0.0,0.0,1.0,0.0
ETHUSDT,2024-04-07,0.0,0.0,1.0,0.0
ETHUSDT,2024-04-08,0.3031,0.6969,0.0,0.3031
ETHUSDT,2024-04-09,0.3358,0.6642,0.0,0.3358
ETHUSDT,2024-04-10,0.3172,0.6828,0.0,0.3172
ETHUSDT,2024-04-11,0.1631,0.8369,0.0,0.1631
ETHUSDT,2024-04-12,0.0,0.0,1.0,0.0
ETHUSDT,2024-04-13,0.0,0.0,1.0,0.0
ETHUSDT,2024-04-14,0.0,0.0,1.0,0.0
ETHUSDT,2024-04-15,0.0,0.0,1.0,0.0
ETHUSDT,2024-04-16,0.0,0.0,1.0,0.0
ETHUSDT,2024-04-17,0.0,0.0,1.0,0.0
ETHUSDT,2024-04-18,0.0,0.0,1.0,0.0
ETHUSDT,2024-04-19,0.0,0.0,1.0,0.0
ETHUSDT,2024-04-20,0.085,0.915,0.0,0.085
ETHUSDT,2024-04-21,0.0,0.0,1.0,0.0
ETHUSDT,2024-04-22,0.2145,0.7855,0.0,0.2145
ETHUSDT,2024-04-23,0.1979,0.8021,0.0,0.1979
ETHUSDT,2024-04-24,0.1787,0.8213,0.0,0.1787
ETHUSDT,2024-04-25,0.1296,0.8704,0.0,0.1296
ETHUSDT,2024-04-26,0.0981,0.9019,0.0,0.0981
ETHUSDT,2024-04-27,0.0804,0.9196,0.0,0.0804
ETHUSDT,2024-04-28,0.0642,0.9358,0.0,0.0642
ETHUSDT,2024-04-29,0.0318,0.9672,0.001,0.0318
ETHUSDT,2024-04-30,0.0,0.0,1.0,0.0
ETHUSDT,2024-05-01,0.0,0.0,1.0,0.0
ETHUSDT,2024-05-02,0.0,0.0,1.0,0.0
ETHUSDT,2024-05-03,0.0,0.0,1.0,0.0
ETHUSDT,2024-05-04,0.0,0.0,1.0,0.0
ETHUSDT,2024-05-05,0.0,0.0,1.0,0.0
ETHUSDT,2024-05-06,0.0,0.0,1.0,0.0
ETHUSDT,2024-05-07,0.0,0.0,1.0,0.0
ETHUSDT,2024-05-08,0.109,0.8873,0.0036,0.109
ETHUSDT,2024-05-09,0.0476,0.9524,0.0,0.0476
ETHUSDT,2024-05-10,0.0,0.0,1.0,0.0
ETHUSDT,2024-05-11,0.0,0.0,1.0,0.0
ETHUSDT,2024-05-12,0.0,0.0,1.0,0.0
ETHUSDT,2024-05-13,0.0,0.0,1.0,0.0
ETHUSDT,2024-05-14,0.0,0.0,1.0,0.0
ETHUSDT,2024-05-15,0.0741,0.9259,0.0,0.0741
ETHUSDT,2024-05-16,0.0,0.0,1.0,0.0
ETHUSDT,2024-05-17,0.8275,0.1725,0.0,0.8275
ETHUSDT,2024-05-18,0.9029,0.0971,0.0,0.9029
ETHUSDT,2024-05-19,0.9293,0.0707,0.0,0.9293
ETHUSDT,2024-05-20,1.0,0.0,0.0,1.0
ETHUSDT,2024-05-21,1.0,0.0,0.0,1.0
ETHUSDT,2024-05-22,1.0,0.0,0.0,1.0
ETHUSDT,2024-05-23,1.0,0.0,0.0,1.0
ETHUSDT,2024-05-24,1.0,0.0,0.0,1.0
ETHUSDT,2024-05-25,1.0,0.0,0.0,1.0
ETHUSDT,2024-05-26,1.0,0.0,0.0,1.0
ETHUSDT,2024-05-27,0.4329,0.5671,0.0,0.4329
ETHUSDT,2024-05-28,0.1165,0.8835,0.0,0.1165
ETHUSDT,2024-05-29,0.027,0.973,0.0001,0.027
ETHUSDT,2024-05-30,0.0,0.0,1.0,0.0
ETHUSDT,2024-05-31,0.0554,0.9446,0.0,0.0554
ETHUSDT,2024-06-01,0.018,0.982,0.0,0.018
ETHUSDT,2024-06-02,0.0,0.0,1.0,0.0
ETHUSDT,2024-06-03,0.0,0.0,1.0,0.0
ETHUSDT,2024-06-04,0.0,0.0,1.0,0.0
ETHUSDT,2024-06-05,0.0671,0.9329,0.0,0.0671
ETHUSDT,2024-06-06,0.0227,0.9773,0.0,0.0227
ETHUSDT,2024-06-07,0.0,0.0,1.0,0.0
ETHUSDT,2024-06-08,0.0,0.0,1.0,0.0
ETHUSDT,2024-06-09,0.0,0.0,1.0,0.0
ETHUSDT,2024-06-10,0.0,0.0,1.0,0.0
ETHUSDT,2024-06-11,0.0,0.0,1.0,0.0
ETHUSDT,2024-06-12,0.0,0.0,1.0,0.0
ETHUSDT,2024-06-13,0.0,0.0,1.0,0.0
ETHUSDT,2024-06-14,0.0,0.0,1.0,0.0
ETHUSDT,2024-06-15,0.0,0.0,1.0,0.0
ETHUSDT,2024-06-16,0.0,0.0,1.0,0.0
ETHUSDT,2024-06-17,0.0,0.0,1.0,0.0
ETHUSDT,2024-06-18,0.0,0.0,1.0,0.0
ETHUSDT,2024-06-19,0.0378,0.0,0.9622,0.0378
ETHUSDT,2024-06-20,0.1122,0.8878,0.0,0.1122
ETHUSDT,2024-06-21,0.0431,0.9569,0.0,0.0431
ETHUSDT,2024-06-22,0.0,0.0,1.0,0.0
ETHUSDT,2024-06-23,0.0,0.0,1.0,0.0
ETHUSDT,2024-06-24,0.0,0.0,1.0,0.0
ETHUSDT,2024-06-25,0.0,0.0,1.0,0.0
ETHUSDT,2024-06-26,0.0,0.0,1.0,0.0
ETHUSDT,2024-06-27,0.0,0.0,1.0,0.0
ETHUSDT,2024-06-28,0.0,0.0,1.0,0.0
ETHUSDT,2024-06-29,0.0,0.0,1.0,0.0
ETHUSDT,2024-06-30,0.1214,0.8777,0.0009,0.1214
ETHUSDT,2024-07-01,0.0772,0.9228,0.0,0.0772
ETHUSDT,2024-07-02,0.0304,0.9695,0.0001,0.0304
ETHUSDT,2024-07-03,0.0,0.0,1.0,0.0
ETHUSDT,2024-07-04,0.0,0.0,1.0,0.0
ETHUSDT,2024-07-05,0.0,0.0,1.0,0.0
ETHUSDT,2024-07-06,0.0,0.0,1.0,0.0
ETHUSDT,2024-07-07,0.0,0.0,1.0,0.0
ETHUSDT,2024-07-08,0.0,0.0,1.0,0.0
ETHUSDT,2024-07-09,0.0,0.0,1.0,0.0
ETHUSDT,2024-07-10,0.0,0.0,1.0,0.0
ETHUSDT,2024-07-11,0.5344,0.4656,0.0,0.5344
ETHUSDT,2024-07-12,0.6641,0.3359,0.0,0.6641
ETHUSDT,2024-07-13,0.7822,0.2178,0.0,0.7822
ETHUSDT,2024-07-14,0.982,0.018,0.0,0.982
ETHUSDT,2024-07-15,0.9998,0.0002,0.0,0.9998
ETHUSDT,2024-07-16,0.9988,0.0012,0.0,0.9988
ETHUSDT,2024-07-17,0.9934,0.0066,0.0,0.9934
ETHUSDT,2024-07-18,0.9961,0.0039,0.0,0.9961
ETHUSDT,2024-07-19,0.9974,0.0026,0.0,0.9974
ETHUSDT,2024-07-20,0.9782,0.0218,0.0,0.9782
ETHUSDT,2024-07-21,0.7712,0.2288,0.0,0.7712
ETHUSDT,2024-07-22,0.0,0.0,1.0,0.0
ETHUSDT,2024-07-23,0.0669,0.9331,0.0,0.0669
ETHUSDT,2024-07-24,0.0,0.0,1.0,0.0
ETHUSDT,2024-07-25,0.0,0.0,1.0,0.0
ETHUSDT,2024-07-26,0.0,0.0,1.0,0.0
ETHUSDT,2024-07-27,0.0,0.0,1.0,0.0
ETHUSDT,2024-07-28,0.0,0.0,1.0,0.0
ETHUSDT,2024-07-29,0.0,0.0,1.0,0.0
ETHUSDT,2024-07-30,0.0,0.0,1.0,0.0
ETHUSDT,2024-07-31,0.0,0.0,1.0,0.0
ETHUSDT,2024-08-01,0.0672,0.9328,0.0,0.0672
ETHUSDT,2024-08-02,0.0,0.0,1.0,0.0
ETHUSDT,2024-08-03,0.0,0.0,1.0,0.0
ETHUSDT,2024-08-04,0.0,0.0,1.0,0.0
ETHUSDT,2024-08-05,0.0,0.0,1.0,0.0
ETHUSDT,2024-08-06,0.0,0.0,1.0,0.0
ETHUSDT,2024-08-07,0.0,0.0,1.0,0.0
ETHUSDT,2024-08-08,0.0,0.0,1.0,0.0
ETHUSDT,2024-08-09,0.0,0.0,1.0,0.0
ETHUSDT,2024-08-10,0.0,0.0,1.0,0.0
ETHUSDT,2024-08-11,0.0,0.0,1.0,0.0
ETHUSDT,2024-08-12,0.9065,0.0935,0.0,0.9065
ETHUSDT,2024-08-13,0.871,0.129,0.0,0.871
ETHUSDT,2024-08-14,0.8355,0.1645,0.0,0.8355
ETHUSDT,2024-08-15,0.0,0.0,1.0,0.0
ETHUSDT,2024-08-16,0.0,0.0,1.0,0.0
ETHUSDT,2024-08-17,0.0389,0.9589,0.0022,0.0389
ETHUSDT,2024-08-18,0.0112,0.9888,0.0,0.0112
ETHUSDT,2024-08-19,0.0,0.0,1.0,0.0
ETHUSDT,2024-08-20,0.0,0.0,1.0,0.0
ETHUSDT,2024-08-21,0.0,0.0,1.0,0.0
ETHUSDT,2024-08-22,0.0536,0.9464,0.0,0.0536
ETHUSDT,2024-08-23,0.0429,0.9571,0.0,0.0429
ETHUSDT,2024-08-24,0.0335,0.9665,0.0,0.0335
ETHUSDT,2024-08-25,0.0282,0.9718,0.0,0.0282
ETHUSDT,2024-08-26,0.016,0.984,0.0,0.016
ETHUSDT,2024-08-27,0.0,0.0,1.0,0.0
ETHUSDT,2024-08-28,0.0,0.0,1.0,0.0
ETHUSDT,2024-08-29,0.0,0.0,1.0,0.0
ETHUSDT,2024-08-30,0.0,0.0,1.0,0.0
ETHUSDT,2024-08-31,0.0,0.0,1.0,0.0
ETHUSDT,2024-09-01,0.0,0.0,1.0,0.0
ETHUSDT,2024-09-02,0.0,0.0,1.0,0.0
ETHUSDT,2024-09-03,0.0,0.0,1.0,0.0
ETHUSDT,2024-09-04,0.0,0.0,1.0,0.0
ETHUSDT,2024-09-05,0.0,0.0,1.0,0.0
ETHUSDT,2024-09-06,0.0,0.0,1.0,0.0
ETHUSDT,2024-09-07,0.0,0.0,1.0,0.0
ETHUSDT,2024-09-08,0.0,0.0,1.0,0.0
ETHUSDT,2024-09-09,0.0,0.0,1.0,0.0
ETHUSDT,2024-09-10,0.0,0.0,1.0,0.0
ETHUSDT,2024-09-11,0.0,0.0,1.0,0.0
ETHUSDT,2024-09-12,0.0,0.0,1.0,0.0
ETHUSDT,2024-09-13,0.7408,0.2592,0.0,0.7408
ETHUSDT,2024-09-14,0.5215,0.4785,0.0,0.5215
ETHUSDT,2024-09-15,0.168,0.832,0.0,0.168
ETHUSDT,2024-09-16,0.0,0.0,1.0,0.0
ETHUSDT,2024-09-17,0.0,0.0,1.0,0.0
ETHUSDT,2024-09-18,0.5021,0.4979,0.0,0.5021
ETHUSDT,2024-09-19,0.618,0.382,0.0,0.618
ETHUSDT,2024-09-20,0.763,0.237,0.0,0.763
ETHUSDT,2024-09-21,0.9318,0.0682,0.0,0.9318
ETHUSDT,2024-09-22,0.9941,0.0059,0.0,0.9941
ETHUSDT,2024-09-23,0.9999,0.0001,0.0,0.9999
ETHUSDT,2024-09-24,0.999,0.001,0.0,0.999
ETHUSDT,2024-09-25,0.9645,0.0355,0.0,0.9645
ETHUSDT,2024-09-26,0.8343,0.1657,0.0,0.8343
ETHUSDT,2024-09-27,0.5918,0.4082,0.0,0.5918
ETHUSDT,2024-09-28,0.3041,0.6959,0.0,0.3041
ETHUSDT,2024-09-29,0.1209,0.8791,0.0,0.1209
ETHUSDT,2024-09-30,0.0,0.0,1.0,0.0
ETHUSDT,2024-10-01,0.0,0.0,1.0,0.0
ETHUSDT,2024-10-02,0.0,0.0,1.0,0.0
ETHUSDT,2024-10-03,0.0,0.0,1.0,0.0
ETHUSDT,2024-10-04,0.0,0.0,1.0,0.0
ETHUSDT,2024-10-05,0.0,0.0,1.0,0.0
ETHUSDT,2024-10-06,0.0,0.0,1.0,0.0
ETHUSDT,2024-10-07,0.0,0.0,1.0,0.0
ETHUSDT,2024-10-08,0.0,0.0,1.0,0.0
ETHUSDT,2024-10-09,0.2207,0.7754,0.004,0.2207
ETHUSDT,2024-10-10,0.2119,0.7881,0.0,0.2119
ETHUSDT,2024-10-11,0.2439,0.7561,0.0,0.2439
ETHUSDT,2024-10-12,0.3424,0.6576,0.0,0.3424
ETHUSDT,2024-10-13,0.5117,0.4883,0.0,0.5117
ETHUSDT,2024-10-14,0.8604,0.1396,0.0,0.8604
ETHUSDT,2024-10-15,0.9358,0.0642,0.0,0.9358
ETHUSDT,2024-10-16,0.9892,0.0108,0.0,0.9892
ETHUSDT,2024-10-17,0.9905,0.0095,0.0,0.9905
ETHUSDT,2024-10-18,0.983,0.017,0.0,0.983
ETHUSDT,2024-10-19,0.9651,0.0349,0.0,0.9651
ETHUSDT,2024-10-20,0.9521,0.0479,0.0,0.9521
ETHUSDT,2024-10-21,0.4401,0.5599,0.0,0.4401
ETHUSDT,2024-10-22,0.1415,0.8582,0.0003,0.1415
ETHUSDT,2024-10-23,0.0,0.0,1.0,0.0
ETHUSDT,2024-10-24,0.0,0.0,1.0,0.0
ETHUSDT,2024-10-25,0.0,0.0,1.0,0.0
ETHUSDT,2024-10-26,0.0,0.0,1.0,0.0
ETHUSDT,2024-10-27,0.0,0.0,1.0,0.0
ETHUSDT,2024-10-28,0.0,0.0,1.0,0.0
ETHUSDT,2024-10-29,0.1574,0.8425,0.0001,0.1574
ETHUSDT,2024-10-30,0.1135,0.8865,0.0,0.1135
ETHUSDT,2024-10-31,0.0,0.0,1.0,0.0
ETHUSDT,2024-11-01,0.1416,0.8584,0.0,0.1416
ETHUSDT,2024-11-02,0.0561,0.9431,0.0007,0.0561
ETHUSDT,2024-11-03,0.0,0.0,1.0,0.0
ETHUSDT,2024-11-04,0.0,0.0,1.0,0.0
ETHUSDT,2024-11-05,0.0,0.0,1.0,0.0
ETHUSDT,2024-11-06,0.7492,0.2508,0.0,0.7492
ETHUSDT,2024-11-07,0.9978,0.0022,0.0,0.9978
ETHUSDT,2024-11-08,1.0,0.0,0.0,1.0
ETHUSDT,2024-11-09,1.0,0.0,0.0,1.0
ETHUSDT,2024-11-10,1.0,0.0,0.0,1.0
ETHUSDT,2024-11-11,1.0,0.0,0.0,1.0
ETHUSDT,2024-11-12,1.0,0.0,0.0,1.0
ETHUSDT,2024-11-13,0.9993,0.0007,0.0,0.9993
ETHUSDT,2024-11-14,0.591,0.409,0.0,0.591
ETHUSDT,2024-11-15,0.2936,0.7064,0.0,0.2936
ETHUSDT,2024-11-16,0.0839,0.9127,0.0034,0.0839
ETHUSDT,2024-11-17,0.0,0.0,1.0,0.0
ETHUSDT,2024-11-18,0.0,0.0,1.0,0.0
ETHUSDT,2024-11-19,0.0,0.0,1.0,0.0
ETHUSDT,2024-11-20,0.0,0.0,1.0,0.0
ETHUSDT,2024-11-21,0.8567,0.1433,0.0,0.8567
ETHUSDT,2024-11-22,0.8589,0.1411,0.0,0.8589
ETHUSDT,2024-11-23,0.8911,0.1089,0.0,0.8911
ETHUSDT,2024-11-24,0.9121,0.0879,0.0,0.9121
ETHUSDT,2024-11-25,0.886,0.114,0.0,0.886
ETHUSDT,2024-11-26,0.9171,0.0829,0.0,0.9171
ETHUSDT,2024-11-27,0.9999,0.0001,0.0,0.9999
ETHUSDT,2024-11-28,0.9561,0.0439,0.0,0.9561
ETHUSDT,2024-11-29,0.9591,0.0409,0.0,0.9591
ETHUSDT,2024-11-30,0.976,0.024,0.0,0.976
ETHUSDT,2024-12-01,0.9823,0.0177,0.0,0.9823
ETHUSDT,2024-12-02,0.9524,0.0476,0.0,0.9524
ETHUSDT,2024-12-03,0.9515,0.0485,0.0,0.9515
ETHUSDT,2024-12-04,0.9057,0.0943,0.0,0.9057
ETHUSDT,2024-12-05,0.927,0.073,0.0,0.927
ETHUSDT,2024-12-06,0.9711,0.0289,0.0,0.9711
ETHUSDT,2024-12-07,0.8801,0.1199,0.0,0.8801
ETHUSDT,2024-12-08,0.6954,0.3046,0.0,0.6954
ETHUSDT,2024-12-09,0.2702,0.7298,0.0,0.2702
ETHUSDT,2024-12-10,0.0782,0.9201,0.0017,0.0782
ETHUSDT,2024-12-11,0.0,0.0,1.0,0.0
ETHUSDT,2024-12-12,0.0621,0.9379,0.0,0.0621
ETHUSDT,2024-12-13,0.0,0.0,1.0,0.0
ETHUSDT,2024-12-14,0.0,0.0,1.0,0.0
ETHUSDT,2024-12-15,0.0,0.0,1.0,0.0
ETHUSDT,2024-12-16,0.3684,0.6316,0.0,0.3684
ETHUSDT,2024-12-17,0.2299,0.7701,0.0,0.2299
ETHUSDT,2024-12-18,0.0,0.0,1.0,0.0
ETHUSDT,2024-12-19,0.0,0.0,1.0,0.0
ETHUSDT,2024-12-20,0.0,0.0,1.0,0.0
ETHUSDT,2024-12-21,0.0,0.0,1.0,0.0
ETHUSDT,2024-12-22,0.0,0.0,1.0,0.0
ETHUSDT,2024-12-23,0.0,0.0,1.0,0.0
ETHUSDT,2024-12-24,0.0,0.0,1.0,0.0
ETHUSDT,2024-12-25,0.0,0.0,1.0,0.0
ETHUSDT,2024-12-26,0.0,0.0,1.0,0.0
ETHUSDT,2024-12-27,0.0,0.0,1.0,0.0
ETHUSDT,2024-12-28,0.1133,0.8867,0.0,0.1133
ETHUSDT,2024-12-29,0.0485,0.9515,0.0,0.0485
ETHUSDT,2024-12-30,0.0,0.0,1.0,0.0
ETHUSDT,2024-12-31,0.0,0.0,1.0,0.0
ETHUSDT,2025-01-01,0.0,0.0,1.0,0.0
ETHUSDT,2025-01-02,0.738,0.262,0.0,0.738
ETHUSDT,2025-01-03,0.8973,0.1027,0.0,0.8973
ETHUSDT,2025-01-04,0.9334,0.0666,0.0,0.9334
ETHUSDT,2025-01-05,0.936,0.064,0.0,0.936
ETHUSDT,2025-01-06,0.8661,0.1339,0.0,0.8661
ETHUSDT,2025-01-07,0.2674,0.7326,0.0,0.2674
ETHUSDT,2025-01-08,0.0,0.0,1.0,0.0
ETHUSDT,2025-01-09,0.0,0.0,1.0,0.0
ETHUSDT,2025-01-10,0.0,0.0,1.0,0.0
ETHUSDT,2025-01-11,0.0,0.0,1.0,0.0
ETHUSDT,2025-01-12,0.0,0.0,1.0,0.0
ETHUSDT,2025-01-13,0.0,0.0,1.0,0.0
ETHUSDT,2025-01-14,0.0,0.0,1.0,0.0
ETHUSDT,2025-01-15,0.2402,0.7598,0.0,0.2402
ETHUSDT,2025-01-16,0.1941,0.8059,0.0,0.1941
ETHUSDT,2025-01-17,0.1715,0.8285,0.0,0.1715
ETHUSDT,2025-01-18,0.0605,0.9394,0.0001,0.0605
ETHUSDT,2025-01-19,0.0,0.0,1.0,0.0
ETHUSDT,2025-01-20,0.1526,0.8474,0.0,0.1526
ETHUSDT,2025-01-21,0.0628,0.9372,0.0,0.0628
ETHUSDT,2025-01-22,0.0,0.0,1.0,0.0
ETHUSDT,2025-01-23,0.0582,0.9416,0.0001,0.0582
ETHUSDT,2025-01-24,0.0,0.0,1.0,0.0
ETHUSDT,2025-01-25,0.1015,0.8969,0.0016,0.1015
ETHUSDT,2025-01-26,0.0409,0.9591,0.0,0.0409
ETHUSDT,2025-01-27,0.0,0.0,1.0,0.0
ETHUSDT,2025-01-28,0.0,0.0,1.0,0.0
ETHUSDT,2025-01-29,0.0,0.0,1.0,0.0
ETHUSDT,2025-01-30,0.0,0.0,1.0,0.0
ETHUSDT,2025-01-31,0.0,0.0,1.0,0.0
ETHUSDT,2025-02-01,0.0,0.0,1.0,0.0
ETHUSDT,2025-02-02,0.0,0.0,1.0,0.0
ETHUSDT,2025-02-03,0.0,0.0,1.0,0.0
ETHUSDT,2025-02-04,0.0,0.0,1.0,0.0
ETHUSDT,2025-02-05,0.0,0.0,1.0,0.0
ETHUSDT,2025-02-06,0.0,0.0,1.0,0.0
ETHUSDT,2025-02-07,0.0,0.0,1.0,0.0
ETHUSDT,2025-02-08,0.0,0.0,1.0,0.0
ETHUSDT,2025-02-09,0.0,0.0,1.0,0.0
ETHUSDT,2025-02-10,0.0,0.0,1.0,0.0
ETHUSDT,2025-02-11,0.0,0.0,1.0,0.0
ETHUSDT,2025-02-12,0.0,0.0,1.0,0.0
ETHUSDT,2025-02-13,0.0,0.0,1.0,0.0
ETHUSDT,2025-02-14,0.2167,0.7833,0.0,0.2167
ETHUSDT,2025-02-15,0.1512,0.8488,0.0,0.1512
ETHUSDT,2025-02-16,0.1076,0.8924,0.0,0.1076
ETHUSDT,2025-02-17,0.0799,0.9201,0.0,0.0799
ETHUSDT,2025-02-18,0.0406,0.9594,0.0,0.0406
ETHUSDT,2025-02-19,0.0,0.0,1.0,0.0
ETHUSDT,2025-02-20,0.0741,0.9259,0.0,0.0741
ETHUSDT,2025-02-21,0.0,0.0,1.0,0.0
ETHUSDT,2025-02-22,0.1779,0.8221,0.0,0.1779
ETHUSDT,2025-02-23,0.1239,0.8761,0.0,0.1239
ETHUSDT,2025-02-24,0.0,0.0,1.0,0.0
ETHUSDT,2025-02-25,0.0,0.0,1.0,0.0
ETHUSDT,2025-02-26,0.0,0.0,1.0,0.0
ETHUSDT,2025-02-27,0.0,0.0,1.0,0.0
ETHUSDT,2025-02-28,0.0,0.0,1.0,0.0
ETHUSDT,2025-03-01,0.0,0.0,1.0,0.0
ETHUSDT,2025-03-02,0.0,0.0,1.0,0.0
ETHUSDT,2025-03-03,0.0,0.0,1.0,0.0
ETHUSDT,2025-03-04,0.0,0.0,1.0,0.0
ETHUSDT,2025-03-05,0.0,0.0,1.0,0.0
ETHUSDT,2025-03-06,0.0,0.0,1.0,0.0
ETHUSDT,2025-03-07,0.0,0.0,1.0,0.0
ETHUSDT,2025-03-08,0.0,0.0,1.0,0.0
ETHUSDT,2025-03-09,0.0,0.0,1.0,0.0
ETHUSDT,2025-03-10,0.0,0.0,1.0,0.0
ETHUSDT,2025-03-11,0.0,0.0,1.0,0.0
ETHUSDT,2025-03-12,0.0,0.0,1.0,0.0
ETHUSDT,2025-03-13,0.0,0.0,1.0,0.0
ETHUSDT,2025-03-14,0.0,0.0,1.0,0.0
ETHUSDT,2025-03-15,0.0,0.0,1.0,0.0
ETHUSDT,2025-03-16,0.0,0.0,1.0,0.0
ETHUSDT,2025-03-17,0.0266,0.9734,0.0,0.0266
ETHUSDT,2025-03-18,0.0096,0.9904,0.0,0.0096
ETHUSDT,2025-03-19,0.0152,0.9848,0.0,0.0152
ETHUSDT,2025-03-20,0.0103,0.9897,0.0,0.0103
ETHUSDT,2025-03-21,0.0066,0.9934,0.0,0.0066
ETHUSDT,2025-03-22,0.0145,0.9855,0.0,0.0145
ETHUSDT,2025-03-23,0.0891,0.9109,0.0,0.0891
ETHUSDT,2025-03-24,0.1833,0.8167,0.0,0.1833
ETHUSDT,2025-03-25,0.1325,0.8675,0.0,0.1325
ETHUSDT,2025-03-26,0.0,0.0,1.0,0.0
ETHUSDT,2025-03-27,0.061,0.939,0.0,0.061
ETHUSDT,2025-03-28,0.0,0.0,1.0,0.0
ETHUSDT,2025-03-29,0.0,0.0,1.0,0.0
ETHUSDT,2025-03-30,0.0,0.0,1.0,0.0
ETHUSDT,2025-03-31,0.0,0.0,1.0,0.0
ETHUSDT,2025-04-01,0.0,0.0,1.0,0.0
ETHUSDT,2025-04-02,0.0,0.0,1.0,0.0
ETHUSDT,2025-04-03,0.0,0.0,1.0,0.0
ETHUSDT,2025-04-04,0.0,0.0,1.0,0.0
ETHUSDT,2025-04-05,0.0,0.0,1.0,0.0
ETHUSDT,2025-04-06,0.0,0.0,1.0,0.0
ETHUSDT,2025-04-07,0.0,0.0,1.0,0.0
ETHUSDT,2025-04-08,0.0,0.0,1.0,0.0
ETHUSDT,2025-04-09,0.0,0.0,1.0,0.0
ETHUSDT,2025-04-10,0.0,0.0,1.0,0.0
ETHUSDT,2025-04-11,0.0,0.0,1.0,0.0
ETHUSDT,2025-04-12,0.0,0.0,1.0,0.0
ETHUSDT,2025-04-13,0.0325,0.9675,0.0,0.0325
ETHUSDT,2025-04-14,0.017,0.983,0.0,0.017
ETHUSDT,2025-04-15,0.0179,0.9821,0.0,0.0179
ETHUSDT,2025-04-16,0.0,0.0,1.0,0.0
ETHUSDT,2025-04-17,0.0366,0.9634,0.0,0.0366
ETHUSDT,2025-04-18,0.0093,0.9907,0.0,0.0093
ETHUSDT,2025-04-19,0.0,0.0,1.0,0.0
ETHUSDT,2025-04-20,0.0,0.0,1.0,0.0
ETHUSDT,2025-04-21,0.0,0.0,1.0,0.0
ETHUSDT,2025-04-22,0.8272,0.1728,0.0,0.8272
ETHUSDT,2025-04-23,0.9666,0.0334,0.0,0.9666
ETHUSDT,2025-04-24,0.9717,0.0283,0.0,0.9717
ETHUSDT,2025-04-25,0.9816,0.0184,0.0,0.9816
ETHUSDT,2025-04-26,0.9885,0.0115,0.0,0.9885
ETHUSDT,2025-04-27,0.9929,0.0071,0.0,0.9929
ETHUSDT,2025-04-28,0.9617,0.0383,0.0,0.9617
ETHUSDT,2025-04-29,0.2085,0.7915,0.0,0.2085
ETHUSDT,2025-04-30,0.0,0.0,1.0,0.0
ETHUSDT,2025-05-01,0.2734,0.7266,0.0,0.2734
ETHUSDT,2025-05-02,0.2261,0.7739,0.0,0.2261
ETHUSDT,2025-05-03,0.1934,0.8066,0.0,0.1934
ETHUSDT,2025-05-04,0.2009,0.7991,0.0,0.2009
ETHUSDT,2025-05-05,0.2506,0.7494,0.0,0.2506
ETHUSDT,2025-05-06,0.3604,0.6396,0.0,0.3604
ETHUSDT,2025-05-07,0.5797,0.4203,0.0,0.5797
ETHUSDT,2025-05-08,0.9998,0.0002,0.0,0.9998
ETHUSDT,2025-05-09,1.0,0.0,0.0,1.0
ETHUSDT,2025-05-10,1.0,0.0,0.0,1.0
ETHUSDT,2025-05-11,1.0,0.0,0.0,1.0
ETHUSDT,2025-05-12,1.0,0.0,0.0,1.0
ETHUSDT,2025-05-13,1.0,0.0,0.0,1.0
ETHUSDT,2025-05-14,1.0,0.0,0.0,1.0
ETHUSDT,2025-05-15,0.9686,0.0314,0.0,0.9686
ETHUSDT,2025-05-16,0.2472,0.7528,0.0,0.2472
ETHUSDT,2025-05-17,0.0,0.0,1.0,0.0
ETHUSDT,2025-05-18,0.0,0.0,1.0,0.0
ETHUSDT,2025-05-19,0.0155,0.9845,0.0,0.0155
ETHUSDT,2025-05-20,0.0,0.0,1.0,0.0
ETHUSDT,2025-05-21,0.0,0.0,1.0,0.0
ETHUSDT,2025-05-22,0.0198,0.9802,0.0,0.0198
ETHUSDT,2025-05-23,0.0,0.0,1.0,0.0
ETHUSDT,2025-05-24,0.0174,0.9826,0.0,0.0174
ETHUSDT,2025-05-25,0.0053,0.9947,0.0,0.0053
ETHUSDT,2025-05-26,0.0042,0.9958,0.0,0.0042
ETHUSDT,2025-05-27,0.0058,0.9942,0.0,0.0058
ETHUSDT,2025-05-28,0.0041,0.9959,0.0,0.0041
ETHUSDT,2025-05-29,0.0,0.0,1.0,0.0
ETHUSDT,2025-05-30,0.0591,0.9259,0.0151,0.0591
ETHUSDT,2025-05-31,0.0,0.0,1.0,0.0
ETHUSDT,2025-06-01,0.0,0.0,1.0,0.0
ETHUSDT,2025-06-02,0.0709,0.9291,0.0,0.0709
ETHUSDT,2025-06-03,0.0,0.0,1.0,0.0
ETHUSDT,2025-06-04,0.0,0.0,1.0,0.0
ETHUSDT,2025-06-05,0.0,0.0,1.0,0.0
ETHUSDT,2025-06-06,0.0,0.0,1.0,0.0
ETHUSDT,2025-06-07,0.0,0.0,1.0,0.0
ETHUSDT,2025-06-08,0.0,0.0,1.0,0.0
ETHUSDT,2025-06-09,0.6606,0.3394,0.0,0.6606
ETHUSDT,2025-06-10,0.8211,0.1789,0.0,0.8211
ETHUSDT,2025-06-11,0.8266,0.1734,0.0,0.8266
ETHUSDT,2025-06-12,0.8212,0.1788,0.0,0.8212
ETHUSDT,2025-06-13,0.499,0.501,0.0,0.499
ETHUSDT,2025-06-14,0.2346,0.7649,0.0004,0.2346
ETHUSDT,2025-06-15,0.0851,0.9149,0.0,0.0851
ETHUSDT,2025-06-16,0.0,0.0,1.0,0.0
ETHUSDT,2025-06-17,0.0,0.0,1.0,0.0
ETHUSDT,2025-06-18,0.0,0.0,1.0,0.0
ETHUSDT,2025-06-19,0.0,0.0,1.0,0.0
ETHUSDT,2025-06-20,0.0,0.0,1.0,0.0
ETHUSDT,2025-06-21,0.0,0.0,1.0,0.0
ETHUSDT,2025-06-22,0.0,0.0,1.0,0.0
ETHUSDT,2025-06-23,0.0,0.0,1.0,0.0
ETHUSDT,2025-06-24,0.0,0.0,1.0,0.0
ETHUSDT,2025-06-25,0.0,0.0,1.0,0.0
ETHUSDT,2025-06-26,0.0,0.0,1.0,0.0
ETHUSDT,2025-06-27,0.5411,0.4588,0.0001,0.5411
ETHUSDT,2025-06-28,0.6982,0.3018,0.0,0.6982
ETHUSDT,2025-06-29,0.8295,0.1705,0.0,0.8295
ETHUSDT,2025-06-30,0.294,0.706,0.0,0.294
ETHUSDT,2025-07-01,0.0,0.0,1.0,0.0
ETHUSDT,2025-07-02,0.6406,0.3594,0.0,0.6406
ETHUSDT,2025-07-03,0.6542,0.3458,0.0,0.6542
ETHUSDT,2025-07-04,0.5582,0.4418,0.0,0.5582
ETHUSDT,2025-07-05,0.5243,0.4757,0.0,0.5243
ETHUSDT,2025-07-06,0.5503,0.4497,0.0,0.5503
ETHUSDT,2025-07-07,0.6579,0.3421,0.0,0.6579
ETHUSDT,2025-07-08,0.897,0.103,0.0,0.897
ETHUSDT,2025-07-09,0.9563,0.0437,0.0,0.9563
ETHUSDT,2025-07-10,0.9989,0.0011,0.0,0.9989
ETHUSDT,2025-07-11,1.0,0.0,0.0,1.0
ETHUSDT,2025-07-12,1.0,0.0,0.0,1.0
ETHUSDT,2025-07-13,0.9999,0.0001,0.0,0.9999
ETHUSDT,2025-07-14,1.0,0.0,0.0,1.0
ETHUSDT,2025-07-15,1.0,0.0,0.0,1.0
ETHUSDT,2025-07-16,1.0,0.0,0.0,1.0
ETHUSDT,2025-07-17,1.0,0.0,0.0,1.0
ETHUSDT,2025-07-18,1.0,0.0,0.0,1.0
ETHUSDT,2025-07-19,1.0,0.0,0.0,1.0
ETHUSDT,2025-07-20,1.0,0.0,0.0,1.0
ETHUSDT,2025-07-21,1.0,0.0,0.0,1.0
ETHUSDT,2025-07-22,1.0,0.0,0.0,1.0
ETHUSDT,2025-07-23,0.948,0.052,0.0,0.948
ETHUSDT,2025-07-24,0.8429,0.1571,0.0,0.8429
ETHUSDT,2025-07-25,0.6649,0.3351,0.0,0.6649
ETHUSDT,2025-07-26,0.4763,0.5237,0.0,0.4763
ETHUSDT,2025-07-27,0.3125,0.6875,0.0,0.3125
ETHUSDT,2025-07-28,0.1914,0.8086,0.0,0.1914
ETHUSDT,2025-07-29,0.1248,0.8752,0.0,0.1248
ETHUSDT,2025-07-30,0.0805,0.9195,0.0,0.0805
ETHUSDT,2025-07-31,0.0,0.0,1.0,0.0
ETHUSDT,2025-08-01,0.0,0.0,1.0,0.0
ETHUSDT,2025-08-02,0.0,0.0,1.0,0.0
ETHUSDT,2025-08-03,0.0,0.0,1.0,0.0
ETHUSDT,2025-08-04,0.0,0.0,1.0,0.0
ETHUSDT,2025-08-05,0.0,0.0,1.0,0.0
ETHUSDT,2025-08-06,0.0,0.0,1.0,0.0
ETHUSDT,2025-08-07,0.8756,0.1244,0.0,0.8756
ETHUSDT,2025-08-08,0.9992,0.0008,0.0,0.9992
ETHUSDT,2025-08-09,1.0,0.0,0.0,1.0
ETHUSDT,2025-08-10,1.0,0.0,0.0,1.0
ETHUSDT,2025-08-11,0.9995,0.0005,0.0,0.9995
ETHUSDT,2025-08-12,1.0,0.0,0.0,1.0
ETHUSDT,2025-08-13,1.0,0.0,0.0,1.0
ETHUSDT,2025-08-14,0.9997,0.0003,0.0,0.9997
ETHUSDT,2025-08-15,0.9393,0.0607,0.0,0.9393
ETHUSDT,2025-08-16,0.5276,0.4724,0.0,0.5276
ETHUSDT,2025-08-17,0.2962,0.7038,0.0,0.2962
ETHUSDT,2025-08-18,0.0913,0.9087,0.0,0.0913
ETHUSDT,2025-08-19,0.0,0.0,1.0,0.0
ETHUSDT,2025-08-20,0.0,0.0,1.0,0.0
ETHUSDT,2025-08-21,0.0,0.0,1.0,0.0
ETHUSDT,2025-08-22,0.3169,0.6831,0.0,0.3169
ETHUSDT,2025-08-23,0.2413,0.7587,0.0,0.2413
ETHUSDT,2025-08-24,0.1656,0.8344,0.0,0.1656
ETHUSDT,2025-08-25,0.1268,0.8732,0.0,0.1268
ETHUSDT,2025-08-26,0.2818,0.7182,0.0,0.2818
ETHUSDT,2025-08-27,0.0665,0.9335,0.0,0.0665
ETHUSDT,2025-08-28,0.0265,0.9735,0.0,0.0265
ETHUSDT,2025-08-29,0.0,0.0,1.0,0.0
ETHUSDT,2025-08-30,0.0,0.0,1.0,0.0
ETHUSDT,2025-08-31,0.0,0.0,1.0,0.0
ETHUSDT,2025-09-01,0.0,0.0,1.0,0.0
ETHUSDT,2025-09-02,0.0,0.0,1.0,0.0
ETHUSDT,2025-09-03,0.0,0.0,1.0,0.0
ETHUSDT,2025-09-04,0.0,0.0,1.0,0.0
ETHUSDT,2025-09-05,0.0,0.0,1.0,0.0
ETHUSDT,2025-09-06,0.0,0.0,1.0,0.0
ETHUSDT,2025-09-07,0.0,0.0,1.0,0.0
ETHUSDT,2025-09-08,0.0,0.0,1.0,0.0
ETHUSDT,2025-09-09,0.0,0.0,1.0,0.0
ETHUSDT,2025-09-10,0.0,0.0,1.0,0.0
ETHUSDT,2025-09-11,0.6834,0.3166,0.0,0.6834
ETHUSDT,2025-09-12,0.9196,0.0804,0.0,0.9196
ETHUSDT,2025-09-13,0.9415,0.0585,0.0,0.9415
ETHUSDT,2025-09-14,0.8601,0.1399,0.0,0.8601
ETHUSDT,2025-09-15,0.6985,0.3015,0.0,0.6985
ETHUSDT,2025-09-16,0.5291,0.4709,0.0,0.5291
ETHUSDT,2025-09-17,0.3756,0.6244,0.0,0.3756
ETHUSDT,2025-09-18,0.1406,0.8594,0.0,0.1406
ETHUSDT,2025-09-19,0.0,0.0,1.0,0.0
ETHUSDT,2025-09-20,0.0,0.0,1.0,0.0
ETHUSDT,2025-09-21,0.0,0.0,1.0,0.0
ETHUSDT,2025-09-22,0.0,0.0,1.0,0.0
ETHUSDT,2025-09-23,0.0,0.0,1.0,0.0
ETHUSDT,2025-09-24,0.0,0.0,1.0,0.0
ETHUSDT,2025-09-25,0.0,0.0,1.0,0.0
ETHUSDT,2025-09-26,0.0,0.0,1.0,0.0
ETHUSDT,2025-09-27,0.0,0.0,1.0,0.0
ETHUSDT,2025-09-28,0.0,0.0,1.0,0.0
ETHUSDT,2025-09-29,0.066,0.9272,0.0068,0.066
ETHUSDT,2025-09-30,0.0,0.0,1.0,0.0
ETHUSDT,2025-10-01,0.8403,0.1597,0.0,0.8403
ETHUSDT,2025-10-02,0.9995,0.0005,0.0,0.9995
ETHUSDT,2025-10-03,0.9987,0.0013,0.0,0.9987
ETHUSDT,2025-10-04,0.9981,0.0019,0.0,0.9981
ETHUSDT,2025-10-05,0.9905,0.0095,0.0,0.9905
ETHUSDT,2025-10-06,0.9808,0.0192,0.0,0.9808
ETHUSDT,2025-10-07,0.771,0.229,0.0,0.771
ETHUSDT,2025-10-08,0.3159,0.6841,0.0,0.3159
ETHUSDT,2025-10-09,0.0,0.0,1.0,0.0
ETHUSDT,2025-10-10,0.0,0.0,1.0,0.0
ETHUSDT,2025-10-11,0.0,0.0,1.0,0.0
ETHUSDT,2025-10-12,0.0,0.0,1.0,0.0
ETHUSDT,2025-10-13,0.0,0.0,1.0,0.0
ETHUSDT,2025-10-14,0.0,0.0,1.0,0.0
ETHUSDT,2025-10-15,0.0,0.0,1.0,0.0
ETHUSDT,2025-10-16,0.0,0.0,1.0,0.0
ETHUSDT,2025-10-17,0.0,0.0,1.0,0.0
ETHUSDT,2025-10-18,0.0493,0.9507,0.0,0.0493
ETHUSDT,2025-10-19,0.0,0.0,1.0,0.0
ETHUSDT,2025-10-20,0.0,0.0,1.0,0.0
ETHUSDT,2025-10-21,0.0,0.0,1.0,0.0
ETHUSDT,2025-10-22,0.0,0.0,1.0,0.0
ETHUSDT,2025-10-23,0.0,0.0,1.0,0.0
ETHUSDT,2025-10-24,0.0955,0.9045,0.0,0.0955
ETHUSDT,2025-10-25,0.0557,0.9443,0.0,0.0557
ETHUSDT,2025-10-26,0.0451,0.9549,0.0,0.0451
ETHUSDT,2025-10-27,0.0365,0.9635,0.0,0.0365
ETHUSDT,2025-10-28,0.0283,0.9717,0.0,0.0283
ETHUSDT,2025-10-29,0.0164,0.9836,0.0,0.0164
ETHUSDT,2025-10-30,0.0,0.0,1.0,0.0
ETHUSDT,2025-10-31,0.0,0.0,1.0,0.0
ETHUSDT,2025-11-01,0.0,0.0,1.0,0.0
ETHUSDT,2025-11-02,0.0,0.0,1.0,0.0
ETHUSDT,2025-11-03,0.0,0.0,1.0,0.0
ETHUSDT,2025-11-04,0.0,0.0,1.0,0.0
ETHUSDT,2025-11-05,0.0,0.0,1.0,0.0
ETHUSDT,2025-11-06,0.0,0.0,1.0,0.0
ETHUSDT,2025-11-07,0.0,0.0,1.0,0.0
ETHUSDT,2025-11-08,0.0,0.0,1.0,0.0
ETHUSDT,2025-11-09,0.0,0.0,1.0,0.0
ETHUSDT,2025-11-10,0.0,0.0,1.0,0.0
ETHUSDT,2025-11-11,0.0753,0.9247,0.0,0.0753
ETHUSDT,2025-11-12,0.0,0.0,1.0,0.0
ETHUSDT,2025-11-13,0.0,0.0,1.0,0.0
ETHUSDT,2025-11-14,0.0,0.0,1.0,0.0
ETHUSDT,2025-11-15,0.0,0.0,1.0,0.0
ETHUSDT,2025-11-16,0.0,0.0,1.0,0.0
ETHUSDT,2025-11-17,0.0,0.0,1.0,0.0
ETHUSDT,2025-11-18,0.0,0.0,1.0,0.0
ETHUSDT,2025-11-19,0.0,0.0,1.0,0.0
ETHUSDT,2025-11-20,0.0,0.0,1.0,0.0
ETHUSDT,2025-11-21,0.0,0.0,1.0,0.0
ETHUSDT,2025-11-22,0.0,0.0,1.0,0.0
ETHUSDT,2025-11-23,0.0,0.0,1.0,0.0
ETHUSDT,2025-11-24,0.0,0.0,1.0,0.0
ETHUSDT,2025-11-25,0.0,0.0,1.0,0.0
ETHUSDT,2025-11-26,0.5758,0.4195,0.0047,0.5758
ETHUSDT,2025-11-27,0.7523,0.2477,0.0,0.7523
ETHUSDT,2025-11-28,0.8673,0.1327,0.0,0.8673
ETHUSDT,2025-11-29,0.7834,0.2166,0.0,0.7834
ETHUSDT,2025-11-30,0.4844,0.5156,0.0,0.4844
ETHUSDT,2025-12-01,0.0,0.0,1.0,0.0
ETHUSDT,2025-12-02,0.1619,0.8381,0.0,0.1619
ETHUSDT,2025-12-03,0.127,0.873,0.0,0.127
ETHUSDT,2025-12-04,0.0602,0.9398,0.0,0.0602
ETHUSDT,2025-12-05,0.0,0.0,1.0,0.0
ETHUSDT,2025-12-06,0.4967,0.5033,0.0,0.4967
ETHUSDT,2025-12-07,0.6339,0.3661,0.0,0.6339
ETHUSDT,2025-12-08,0.9407,0.0593,0.0,0.9407
ETHUSDT,2025-12-09,0.9175,0.0825,0.0,0.9175
ETHUSDT,2025-12-10,0.5653,0.4347,0.0,0.5653
ETHUSDT,2025-12-11,0.3254,0.6746,0.0,0.3254
ETHUSDT,2025-12-12,0.1621,0.8379,0.0,0.1621
ETHUSDT,2025-12-13,0.0638,0.9362,0.0,0.0638
ETHUSDT,2025-12-14,0.0,0.0,1.0,0.0
ETHUSDT,2025-12-15,0.0,0.0,1.0,0.0
ETHUSDT,2025-12-16,0.0,0.0,1.0,0.0
ETHUSDT,2025-12-17,0.0,0.0,1.0,0.0
ETHUSDT,2025-12-18,0.0,0.0,1.0,0.0
ETHUSDT,2025-12-19,0.0,0.0,1.0,0.0
ETHUSDT,2025-12-20,0.0,0.0,1.0,0.0
ETHUSDT,2025-12-21,0.0,0.0,1.0,0.0
ETHUSDT,2025-12-22,0.0641,0.9359,0.0,0.0641
ETHUSDT,2025-12-23,0.0,0.0,1.0,0.0
ETHUSDT,2025-12-24,0.173,0.827,0.0,0.173
ETHUSDT,2025-12-25,0.0754,0.9246,0.0,0.0754
ETHUSDT,2025-12-26,0.0,0.0,1.0,0.0
ETHUSDT,2025-12-27,0.0,0.0,1.0,0.0
ETHUSDT,2025-12-28,0.0,0.0,1.0,0.0
ETHUSDT,2025-12-29,0.0,0.0,1.0,0.0
ETHUSDT,2025-12-30,0.3086,0.6889,0.0024,0.3086
ETHUSDT,2025-12-31,0.3552,0.6448,0.0,0.3552
ETHUSDT,2026-01-01,0.5053,0.4947,0.0,0.5053
ETHUSDT,2026-01-02,0.7344,0.2656,0.0,0.7344
ETHUSDT,2026-01-03,0.8388,0.1612,0.0,0.8388
ETHUSDT,2026-01-04,0.9192,0.0808,0.0,0.9192
ETHUSDT,2026-01-05,0.9817,0.0183,0.0,0.9817
ETHUSDT,2026-01-06,0.9748,0.0252,0.0,0.9748
ETHUSDT,2026-01-07,0.7303,0.2697,0.0,0.7303
ETHUSDT,2026-01-08,0.2765,0.7235,0.0,0.2765
ETHUSDT,2026-01-09,0.0,0.0,1.0,0.0
ETHUSDT,2026-01-10,0.0,0.0,1.0,0.0
ETHUSDT,2026-01-11,0.0,0.0,1.0,0.0
ETHUSDT,2026-01-12,0.0,0.0,1.0,0.0
ETHUSDT,2026-01-13,0.5328,0.4672,0.0,0.5328
ETHUSDT,2026-01-14,0.6809,0.3191,0.0,0.6809
ETHUSDT,2026-01-15,0.7714,0.2286,0.0,0.7714
ETHUSDT,2026-01-16,0.7815,0.2185,0.0,0.7815
ETHUSDT,2026-01-17,0.7154,0.2846,0.0,0.7154
ETHUSDT,2026-01-18,0.4784,0.5216,0.0,0.4784
ETHUSDT,2026-01-19,0.1853,0.8147,0.0,0.1853
ETHUSDT,2026-01-20,0.0,0.0,1.0,0.0
ETHUSDT,2026-01-21,0.0,0.0,1.0,0.0
ETHUSDT,2026-01-22,0.0,0.0,1.0,0.0
ETHUSDT,2026-01-23,0.0,0.0,1.0,0.0
ETHUSDT,2026-01-24,0.0,0.0,1.0,0.0
ETHUSDT,2026-01-25,0.0,0.0,1.0,0.0
ETHUSDT,2026-01-26,0.0,0.0,1.0,0.0
ETHUSDT,2026-01-27,0.1342,0.8658,0.0,0.1342
ETHUSDT,2026-01-28,0.0543,0.9457,0.0,0.0543
ETHUSDT,2026-01-29,0.0,0.0,1.0,0.0
ETHUSDT,2026-01-30,0.0,0.0,1.0,0.0
ETHUSDT,2026-01-31,0.0,0.0,1.0,0.0
ETHUSDT,2026-02-01,0.0,0.0,1.0,0.0
ETHUSDT,2026-02-02,0.0,0.0,1.0,0.0
ETHUSDT,2026-02-03,0.0,0.0,1.0,0.0
ETHUSDT,2026-02-04,0.0,0.0,1.0,0.0
ETHUSDT,2026-02-05,0.0,0.0,1.0,0.0
ETHUSDT,2026-02-06,0.0,0.0,1.0,0.0
ETHUSDT,2026-02-07,0.0,0.0,1.0,0.0
ETHUSDT,2026-02-08,0.0,0.0,1.0,0.0
ETHUSDT,2026-02-09,0.0,0.0,1.0,0.0
ETHUSDT,2026-02-10,0.0,0.0,1.0,0.0
ETHUSDT,2026-02-11,0.0,0.0,1.0,0.0
ETHUSDT,2026-02-12,0.0298,0.9702,0.0,0.0298
ETHUSDT,2026-02-13,0.0,0.0,1.0,0.0
ETHUSDT,2026-02-14,0.0,0.0,1.0,0.0
ETHUSDT,2026-02-15,0.0,0.0,1.0,0.0
ETHUSDT,2026-02-16,0.0,0.0,1.0,0.0
ETHUSDT,2026-02-17,0.0,0.0,1.0,0.0
ETHUSDT,2026-02-18,0.0178,0.9821,0.0001,0.0178
ETHUSDT,2026-02-19,0.0044,0.9938,0.0018,0.0044
ETHUSDT,2026-02-20,0.0,0.0,1.0,0.0
ETHUSDT,2026-02-21,0.0,0.0,1.0,0.0
ETHUSDT,2026-02-22,0.0,0.0,1.0,0.0
ETHUSDT,2026-02-23,0.0,0.0,1.0,0.0
ETHUSDT,2026-02-24,0.0,0.0,1.0,0.0
ETHUSDT,2026-02-25,0.0343,0.9657,0.0,0.0343
ETHUSDT,2026-02-26,0.0182,0.9818,0.0,0.0182
ETHUSDT,2026-02-27,0.0,0.0,1.0,0.0
ETHUSDT,2026-02-28,0.0,0.0,1.0,0.0
ETHUSDT,2026-03-01,0.0,0.0,1.0,0.0
ETHUSDT,2026-03-02,0.6614,0.3386,0.0,0.6614
ETHUSDT,2026-03-03,0.5167,0.4833,0.0,0.5167
ETHUSDT,2026-03-04,0.2681,0.7319,0.0,0.2681
ETHUSDT,2026-03-05,0.1321,0.8679,0.0,0.1321
ETHUSDT,2026-03-06,0.0687,0.9313,0.0,0.0687
ETHUSDT,2026-03-07,0.028,0.9693,0.0027,0.028
ETHUSDT,2026-03-08,0.0,0.0,1.0,0.0
ETHUSDT,2026-03-09,0.0,0.0,1.0,0.0
ETHUSDT,2026-03-10,0.0625,0.9375,0.0,0.0625
ETHUSDT,2026-03-11,0.0,0.0,1.0,0.0
ETHUSDT,2026-03-12,0.4831,0.5116,0.0052,0.4831
ETHUSDT,2026-03-13,0.6426,0.3574,0.0,0.6426
ETHUSDT,2026-03-14,0.8191,0.1809,0.0,0.8191
ETHUSDT,2026-03-15,0.9899,0.0101,0.0,0.9899
ETHUSDT,2026-03-16,1.0,0.0,0.0,1.0
ETHUSDT,2026-03-17,0.9945,0.0055,0.0,0.9945
ETHUSDT,2026-03-18,0.7801,0.2199,0.0,0.7801
ETHUSDT,2026-03-19,0.3802,0.6198,0.0,0.3802
ETHUSDT,2026-03-20,0.1353,0.8647,0.0,0.1353
ETHUSDT,2026-03-21,0.0,0.0,1.0,0.0
ETHUSDT,2026-03-22,0.0,0.0,1.0,0.0
ETHUSDT,2026-03-23,0.0,0.0,1.0,0.0
ETHUSDT,2026-03-24,0.0,0.0,1.0,0.0
ETHUSDT,2026-03-25,0.0,0.0,1.0,0.0
ETHUSDT,2026-03-26,0.0,0.0,1.0,0.0
ETHUSDT,2026-03-27,0.0,0.0,1.0,0.0
ETHUSDT,2026-03-28,0.0,0.0,1.0,0.0
ETHUSDT,2026-03-29,0.0,0.0,1.0,0.0
ETHUSDT,2026-03-30,0.0,0.0,1.0,0.0
ETHUSDT,2026-03-31,0.0,0.0,1.0,0.0
ETHUSDT,2026-04-01,0.0,0.0,1.0,0.0
ETHUSDT,2026-04-02,0.0,0.0,1.0,0.0
ETHUSDT,2026-04-03,0.4333,0.5667,0.0,0.4333
ETHUSDT,2026-04-04,0.4911,0.5089,0.0,0.4911
ETHUSDT,2026-04-05,0.6054,0.3946,0.0,0.6054
ETHUSDT,2026-04-06,0.6532,0.3468,0.0,0.6532
ETHUSDT,2026-04-07,0.7356,0.2644,0.0,0.7356
ETHUSDT,2026-04-08,0.7609,0.2391,0.0,0.7609
ETHUSDT,2026-04-09,0.886,0.114,0.0,0.886
ETHUSDT,2026-04-10,0.9749,0.0251,0.0,0.9749
ETHUSDT,2026-04-11,0.9905,0.0095,0.0,0.9905
ETHUSDT,2026-04-12,0.9582,0.0418,0.0,0.9582
ETHUSDT,2026-04-13,0.9917,0.0083,0.0,0.9917
ETHUSDT,2026-04-14,0.9116,0.0884,0.0,0.9116
ETHUSDT,2026-04-15,0.9115,0.0885,0.0,0.9115
ETHUSDT,2026-04-16,0.868,0.132,0.0,0.868
ETHUSDT,2026-04-17,0.7561,0.2439,0.0,0.7561
ETHUSDT,2026-04-18,0.3999,0.6001,0.0,0.3999
ETHUSDT,2026-04-19,0.1571,0.8429,0.0,0.1571
ETHUSDT,2026-04-20,0.0,0.0,1.0,0.0
ETHUSDT,2026-04-21,0.111,0.8859,0.0031,0.111
ETHUSDT,2026-04-22,0.0467,0.9532,0.0001,0.0467
ETHUSDT,2026-04-23,0.0,0.0,1.0,0.0
ETHUSDT,2026-04-24,0.0,0.0,1.0,0.0
ETHUSDT,2026-04-25,0.0,0.0,1.0,0.0
ETHUSDT,2026-04-26,0.1077,0.8923,0.0,0.1077
ETHUSDT,2026-04-27,0.0,0.0,1.0,0.0
ETHUSDT,2026-04-28,0.0,0.0,1.0,0.0
ETHUSDT,2026-04-29,0.0,0.0,1.0,0.0
ETHUSDT,2026-04-30,0.0,0.0,1.0,0.0
ETHUSDT,2026-05-01,0.0,0.0,1.0,0.0
ETHUSDT,2026-05-02,0.0,0.0,1.0,0.0
ETHUSDT,2026-05-03,0.0,0.0,1.0,0.0
ETHUSDT,2026-05-04,0.1748,0.8252,0.0,0.1748
ETHUSDT,2026-05-05,0.1453,0.8547,0.0,0.1453
ETHUSDT,2026-05-06,0.1263,0.8737,0.0,0.1263
ETHUSDT,2026-05-07,0.0818,0.9182,0.0,0.0818
ETHUSDT,2026-05-08,0.0536,0.9463,0.0001,0.0536
ETHUSDT,2026-05-09,0.0366,0.9632,0.0001,0.0366
ETHUSDT,2026-05-10,0.0208,0.9792,0.0,0.0208
ETHUSDT,2026-05-11,0.0,0.0,1.0,0.0
ETHUSDT,2026-05-12,0.0,0.0,1.0,0.0
ETHUSDT,2026-05-13,0.0,0.0,1.0,0.0
ETHUSDT,2026-05-14,0.0,0.0,1.0,0.0
ETHUSDT,2026-05-15,0.0,0.0,1.0,0.0
ETHUSDT,2026-05-16,0.0,0.0,1.0,0.0
ETHUSDT,2026-05-17,0.0,0.0,1.0,0.0
ETHUSDT,2026-05-18,0.0,0.0,1.0,0.0
ETHUSDT,2026-05-19,0.0,0.0,1.0,0.0
ETHUSDT,2026-05-20,0.0,0.0,1.0,0.0
ETHUSDT,2026-05-21,0.0,0.0,1.0,0.0
ETHUSDT,2026-05-22,0.0,0.0,1.0,0.0
ETHUSDT,2026-05-23,0.0,0.0,1.0,0.0
ETHUSDT,2026-05-24,0.0,0.0,1.0,0.0
ETHUSDT,2026-05-25,0.0,0.0,1.0,0.0
ETHUSDT,2026-05-26,0.0,0.0,1.0,0.0
ETHUSDT,2026-05-27,0.0,0.0,1.0,0.0
ETHUSDT,2026-05-28,0.0,0.0,1.0,0.0
ETHUSDT,2026-05-29,0.0,0.0,1.0,0.0
ETHUSDT,2026-05-30,0.0,0.0,1.0,0.0
ETHUSDT,2026-05-31,0.0,0.0,1.0,0.0
ETHUSDT,2026-06-01,0.0,0.0,1.0,0.0
ETHUSDT,2026-06-02,0.0,0.0,1.0,0.0
ETHUSDT,2026-06-03,0.0,0.0,1.0,0.0
ETHUSDT,2026-06-04,0.0,0.0,1.0,0.0
ETHUSDT,2026-06-05,0.0,0.0,1.0,0.0
ETHUSDT,2026-06-06,0.0,0.0,1.0,0.0
ETHUSDT,2026-06-07,0.0,0.0,1.0,0.0
ETHUSDT,2026-06-08,0.0,0.0,1.0,0.0
ETHUSDT,2026-06-09,0.0,0.0,1.0,0.0
ETHUSDT,2026-06-10,0.0,0.0,1.0,0.0
ETHUSDT,2026-06-11,0.0,0.0,1.0,0.0
ETHUSDT,2026-06-12,0.5823,0.4177,0.0,0.5823
ETHUSDT,2026-06-13,0.6339,0.3661,0.0,0.6339
ETHUSDT,2026-06-14,0.6032,0.3968,0.0,0.6032
ETHUSDT,2026-06-15,0.6835,0.3165,0.0,0.6835
ETHUSDT,2026-06-16,0.7557,0.2443,0.0,0.7557
ETHUSDT,2026-06-17,0.6326,0.3674,0.0,0.6326
ETHUSDT,2026-06-18,0.321,0.679,0.0,0.321
ETHUSDT,2026-06-19,0.1631,0.8369,0.0,0.1631
ETHUSDT,2026-06-20,0.0666,0.9334,0.0,0.0666
ETHUSDT,2026-06-21,0.0,0.0,1.0,0.0
ETHUSDT,2026-06-22,0.0,0.0,1.0,0.0
ETHUSDT,2026-06-23,0.0,0.0,1.0,0.0
ETHUSDT,2026-06-24,0.0,0.0,1.0,0.0
ETHUSDT,2026-06-25,0.0,0.0,1.0,0.0
ETHUSDT,2026-06-26,0.0,0.0,1.0,0.0
ETHUSDT,2026-06-27,0.0,0.0,1.0,0.0
ETHUSDT,2026-06-28,0.0,0.0,1.0,0.0
ETHUSDT,2026-06-29,0.0,0.0,1.0,0.0
ETHUSDT,2026-06-30,0.0,0.0,1.0,0.0
ETHUSDT,2026-07-01,0.0,0.0,1.0,0.0
ETHUSDT,2026-07-02,0.9536,0.0464,0.0,0.9536
ETHUSDT,2026-07-03,0.9961,0.0039,0.0,0.9961
ETHUSDT,2026-07-04,0.9994,0.0006,0.0,0.9994
ETHUSDT,2026-07-05,0.9996,0.0004,0.0,0.9996
ETHUSDT,2026-07-06,0.9985,0.0015,0.0,0.9985
ETHUSDT,2026-07-07,0.9969,0.0031,0.0,0.9969
ETHUSDT,2026-07-08,0.8941,0.1059,0.0,0.8941
ETHUSDT,2026-07-09,0.5274,0.4726,0.0,0.5274
ETHUSDT,2026-07-10,0.295,0.705,0.0,0.295
ETHUSDT,2026-07-11,0.1473,0.8526,0.0001,0.1473
ETHUSDT,2026-07-12,0.058,0.942,0.0,0.058
ETHUSDT,2026-07-13,0.0,0.0,1.0,0.0
ETHUSDT,2026-07-14,0.8743,0.1257,0.0,0.8743
ETHUSDT,2026-07-15,0.9404,0.0596,0.0,0.9404
ETHUSDT,2026-07-16,0.844,0.156,0.0,0.844
ETHUSDT,2026-07-17,0.6573,0.3427,0.0,0.6573
ETHUSDT,2026-07-18,0.5739,0.4261,0.0,0.5739
ETHUSDT,2026-07-19,0.5192,0.4808,0.0,0.5192
ETHUSDT,2026-07-20,0.5032,0.4968,0.0,0.5032
ETHUSDT,2026-07-21,0.2985,0.7015,0.0,0.2985
ETHUSDT,2026-07-22,0.178,0.822,0.0,0.178
ETHUSDT,2026-07-23,0.1148,0.8852,0.0,0.1148
ETHUSDT,2026-07-24,0.0819,0.9181,0.0,0.0819
ETHUSDT,2026-07-25,0.062,0.938,0.0,0.062
ETHUSDT,2026-07-26,0.047,0.953,0.0,0.047
ETHUSDT,2026-07-27,0.0,0.0,1.0,0.0
ETHUSDT,2026-07-28,0.0,0.0,1.0,0.0
ETHUSDT,2026-07-29,0.0,0.0,1.0,0.0
ETHUSDT,2026-07-30,0.121,0.879,0.0,0.121
ETHUSDT,2026-07-31,0.0479,0.9478,0.0043,0.0479
ETHUSDT,2026-08-01,0.0,0.0,1.0,0.0
ETHUSDT,2026-08-02,0.0,0.0,1.0,0.0
ETHUSDT,2026-08-03,0.0,0.0,1.0,0.0
ETHUSDT,2026-08-04,0.0,0.0,1.0,0.0
ETHUSDT,2026-08-05,0.0,0.0,1.0,0.0
ETHUSDT,2026-08-06,0.0,0.0,1.0,0.0
ETHUSDT,2026-08-07,0.1799,0.8201,0.0,0.1799
ETHUSDT,2026-08-08,0.1358,0.8642,0.0,0.1358
ETHUSDT,2026-08-09,0.0817,0.9183,0.0,0.0817
ETHUSDT,2026-08-10,0.0497,0.9502,0.0,0.0497
ETHUSDT,2026-08-11,0.0243,0.9756,0.0001,0.0243
ETHUSDT,2026-08-12,0.0,0.0,1.0,0.0
ETHUSDT,2026-08-13,0.0,0.0,1.0,0.0
ETHUSDT,2026-08-14,0.0,0.0,1.0,0.0
ETHUSDT,2026-08-15,0.0,0.0,1.0,0.0
ETHUSDT,2026-08-16,0.0,0.0,1.0,0.0
ETHUSDT,2026-08-17,0.4176,0.5824,0.0,0.4176
ETHUSDT,2026-08-18,0.5579,0.4421,0.0,0.5579
ETHUSDT,2026-08-19,0.9999,0.0001,0.0,0.9999
ETHUSDT,2026-08-20,1.0,0.0,0.0,1.0
SOLUSDT,2020-09-30,0.0,1.0,0.0,0.0
SOLUSDT,2020-10-01,0.0,0.0,1.0,0.0
SOLUSDT,2020-10-02,0.0,0.0,1.0,0.0
SOLUSDT,2020-10-03,0.0,0.0,1.0,0.0
SOLUSDT,2020-10-04,0.0,0.0,1.0,0.0
SOLUSDT,2020-10-05,0.0,0.0,1.0,0.0
SOLUSDT,2020-10-06,0.0,0.0,1.0,0.0
SOLUSDT,2020-10-07,0.0,0.0,1.0,0.0
SOLUSDT,2020-10-08,0.0,0.0,1.0,0.0
SOLUSDT,2020-10-09,0.0,0.0,1.0,0.0
SOLUSDT,2020-10-10,0.0,0.0,1.0,0.0
SOLUSDT,2020-10-11,0.0,0.0,1.0,0.0
SOLUSDT,2020-10-12,0.0,0.0,1.0,0.0
SOLUSDT,2020-10-13,0.801,0.199,0.0,0.801
SOLUSDT,2020-10-14,0.1562,0.8438,0.0,0.1562
SOLUSDT,2020-10-15,0.0,0.0,1.0,0.0
SOLUSDT,2020-10-16,0.0,0.0,1.0,0.0
SOLUSDT,2020-10-17,0.0,0.0,1.0,0.0
SOLUSDT,2020-10-18,0.0,0.0,1.0,0.0
SOLUSDT,2020-10-19,0.0,0.0,1.0,0.0
SOLUSDT,2020-10-20,0.0,0.0,1.0,0.0
SOLUSDT,2020-10-21,0.0,0.0,1.0,0.0
SOLUSDT,2020-10-22,0.0,0.0,1.0,0.0
SOLUSDT,2020-10-23,0.0,0.0,1.0,0.0
SOLUSDT,2020-10-24,0.0,0.0,1.0,0.0
SOLUSDT,2020-10-25,0.0,0.0,1.0,0.0
SOLUSDT,2020-10-26,0.0,0.0,1.0,0.0
SOLUSDT,2020-10-27,0.0,0.0,1.0,0.0
SOLUSDT,2020-10-28,0.0,0.0,1.0,0.0
SOLUSDT,2020-10-29,0.0,0.0,1.0,0.0
SOLUSDT,2020-10-30,0.0,0.0,1.0,0.0
SOLUSDT,2020-10-31,0.0,0.0,1.0,0.0
SOLUSDT,2020-11-01,0.0,0.0,1.0,0.0
SOLUSDT,2020-11-02,0.0,0.0,1.0,0.0
SOLUSDT,2020-11-03,0.0,0.0,1.0,0.0
SOLUSDT,2020-11-04,0.0,0.0,1.0,0.0
SOLUSDT,2020-11-05,0.0,0.0,1.0,0.0
SOLUSDT,2020-11-06,1.0,0.0,0.0,1.0
SOLUSDT,2020-11-07,1.0,0.0,0.0,1.0
SOLUSDT,2020-11-08,1.0,0.0,0.0,1.0
SOLUSDT,2020-11-09,1.0,0.0,0.0,1.0
SOLUSDT,2020-11-10,1.0,0.0,0.0,1.0
SOLUSDT,2020-11-11,1.0,0.0,0.0,1.0
SOLUSDT,2020-11-12,1.0,0.0,0.0,1.0
SOLUSDT,2020-11-13,0.0124,0.9876,0.0,0.0124
SOLUSDT,2020-11-14,0.0,0.0,1.0,0.0
SOLUSDT,2020-11-15,0.0,0.0,1.0,0.0
SOLUSDT,2020-11-16,0.0527,0.9473,0.0,0.0527
SOLUSDT,2020-11-17,0.0,0.0,1.0,0.0
SOLUSDT,2020-11-18,0.0051,0.9949,0.0,0.0051
SOLUSDT,2020-11-19,0.0164,0.9836,0.0,0.0164
SOLUSDT,2020-11-20,0.0243,0.9757,0.0,0.0243
SOLUSDT,2020-11-21,1.0,0.0,0.0,1.0
SOLUSDT,2020-11-22,0.0121,0.9879,0.0,0.0121
SOLUSDT,2020-11-23,0.0008,0.9992,0.0,0.0008
SOLUSDT,2020-11-24,0.0006,0.9994,0.0,0.0006
SOLUSDT,2020-11-25,0.0013,0.9987,0.0,0.0013
SOLUSDT,2020-11-26,0.0,0.0,1.0,0.0
SOLUSDT,2020-11-27,0.0,0.0,1.0,0.0
SOLUSDT,2020-11-28,0.0,0.0,1.0,0.0
SOLUSDT,2020-11-29,0.0,0.0,1.0,0.0
SOLUSDT,2020-11-30,0.0,0.0,1.0,0.0
SOLUSDT,2020-12-01,0.0,0.0,1.0,0.0
SOLUSDT,2020-12-02,0.0,0.0,1.0,0.0
SOLUSDT,2020-12-03,0.5973,0.4027,0.0,0.5973
SOLUSDT,2020-12-04,0.0,0.0,1.0,0.0
SOLUSDT,2020-12-05,0.0286,0.9714,0.0,0.0286
SOLUSDT,2020-12-06,0.0,0.0,1.0,0.0
SOLUSDT,2020-12-07,0.0,0.0,1.0,0.0
SOLUSDT,2020-12-08,0.0,0.0,1.0,0.0
SOLUSDT,2020-12-09,0.0,0.0,1.0,0.0
SOLUSDT,2020-12-10,0.0,0.0,1.0,0.0
SOLUSDT,2020-12-11,0.0,0.0,1.0,0.0
SOLUSDT,2020-12-12,0.0,0.0,1.0,0.0
SOLUSDT,2020-12-13,0.0,0.0,1.0,0.0
SOLUSDT,2020-12-14,0.0,0.0,1.0,0.0
SOLUSDT,2020-12-15,0.533,0.467,0.0,0.533
SOLUSDT,2020-12-16,0.7537,0.2463,0.0,0.7537
SOLUSDT,2020-12-17,0.8974,0.1026,0.0,0.8974
SOLUSDT,2020-12-18,1.0,0.0,0.0,1.0
SOLUSDT,2020-12-19,0.992,0.008,0.0,0.992
SOLUSDT,2020-12-20,0.0,0.0,1.0,0.0
SOLUSDT,2020-12-21,0.0,0.0,1.0,0.0
SOLUSDT,2020-12-22,0.0,0.0,1.0,0.0
SOLUSDT,2020-12-23,0.0,0.0,1.0,0.0
SOLUSDT,2020-12-24,0.0,0.0,1.0,0.0
SOLUSDT,2020-12-25,0.0,0.0,1.0,0.0
SOLUSDT,2020-12-26,0.0,0.0,1.0,0.0
SOLUSDT,2020-12-27,0.0,0.0,1.0,0.0
SOLUSDT,2020-12-28,0.0,0.0,1.0,0.0
SOLUSDT,2020-12-29,0.9896,0.0104,0.0,0.9896
SOLUSDT,2020-12-30,1.0,0.0,0.0,1.0
SOLUSDT,2020-12-31,0.9924,0.0076,0.0,0.9924
SOLUSDT,2021-01-01,1.0,0.0,0.0,1.0
SOLUSDT,2021-01-02,1.0,0.0,0.0,1.0
SOLUSDT,2021-01-03,1.0,0.0,0.0,1.0
SOLUSDT,2021-01-04,1.0,0.0,0.0,1.0
SOLUSDT,2021-01-05,1.0,0.0,0.0,1.0
SOLUSDT,2021-01-06,1.0,0.0,0.0,1.0
SOLUSDT,2021-01-07,1.0,0.0,0.0,1.0
SOLUSDT,2021-01-08,1.0,0.0,0.0,1.0
SOLUSDT,2021-01-09,1.0,0.0,0.0,1.0
SOLUSDT,2021-01-10,1.0,0.0,0.0,1.0
SOLUSDT,2021-01-11,1.0,0.0,0.0,1.0
SOLUSDT,2021-01-12,1.0,0.0,0.0,1.0
SOLUSDT,2021-01-13,1.0,0.0,0.0,1.0
SOLUSDT,2021-01-14,1.0,0.0,0.0,1.0
SOLUSDT,2021-01-15,0.0002,0.9998,0.0,0.0002
SOLUSDT,2021-01-16,0.0,1.0,0.0,0.0
SOLUSDT,2021-01-17,0.003,0.997,0.0,0.003
SOLUSDT,2021-01-18,0.9999,0.0001,0.0,0.9999
SOLUSDT,2021-01-19,0.0004,0.9996,0.0,0.0004
SOLUSDT,2021-01-20,0.0,1.0,0.0,0.0
SOLUSDT,2021-01-21,0.0,0.0,1.0,0.0
SOLUSDT,2021-01-22,0.0,1.0,0.0,0.0
SOLUSDT,2021-01-23,0.0,1.0,0.0,0.0
SOLUSDT,2021-01-24,0.0,0.0,1.0,0.0
SOLUSDT,2021-01-25,0.0,0.0,1.0,0.0
SOLUSDT,2021-01-26,0.0042,0.9958,0.0,0.0042
SOLUSDT,2021-01-27,0.0,0.0,1.0,0.0
SOLUSDT,2021-01-28,1.0,0.0,0.0,1.0
SOLUSDT,2021-01-29,0.9999,0.0001,0.0,0.9999
SOLUSDT,2021-01-30,1.0,0.0,0.0,1.0
SOLUSDT,2021-01-31,1.0,0.0,0.0,1.0
SOLUSDT,2021-02-01,1.0,0.0,0.0,1.0
SOLUSDT,2021-02-02,1.0,0.0,0.0,1.0
SOLUSDT,2021-02-03,1.0,0.0,0.0,1.0
SOLUSDT,2021-02-04,1.0,0.0,0.0,1.0
SOLUSDT,2021-02-05,1.0,0.0,0.0,1.0
SOLUSDT,2021-02-06,1.0,0.0,0.0,1.0
SOLUSDT,2021-02-07,1.0,0.0,0.0,1.0
SOLUSDT,2021-02-08,1.0,0.0,0.0,1.0
SOLUSDT,2021-02-09,1.0,0.0,0.0,1.0
SOLUSDT,2021-02-10,1.0,0.0,0.0,1.0
SOLUSDT,2021-02-11,1.0,0.0,0.0,1.0
SOLUSDT,2021-02-12,1.0,0.0,0.0,1.0
SOLUSDT,2021-02-13,1.0,0.0,0.0,1.0
SOLUSDT,2021-02-14,1.0,0.0,0.0,1.0
SOLUSDT,2021-02-15,0.9883,0.0117,0.0,0.9883
SOLUSDT,2021-02-16,0.1738,0.8262,0.0,0.1738
SOLUSDT,2021-02-17,0.0,0.0,1.0,0.0
SOLUSDT,2021-02-18,0.0,0.0,1.0,0.0
SOLUSDT,2021-02-19,1.0,0.0,0.0,1.0
SOLUSDT,2021-02-20,0.9995,0.0005,0.0,0.9995
SOLUSDT,2021-02-21,1.0,0.0,0.0,1.0
SOLUSDT,2021-02-22,1.0,0.0,0.0,1.0
SOLUSDT,2021-02-23,1.0,0.0,0.0,1.0
SOLUSDT,2021-02-24,1.0,0.0,0.0,1.0
SOLUSDT,2021-02-25,1.0,0.0,0.0,1.0
SOLUSDT,2021-02-26,0.9999,0.0001,0.0,0.9999
SOLUSDT,2021-02-27,1.0,0.0,0.0,1.0
SOLUSDT,2021-02-28,0.997,0.003,0.0,0.997
SOLUSDT,2021-03-01,0.0008,0.9992,0.0,0.0008
SOLUSDT,2021-03-02,0.0,0.0,1.0,0.0
SOLUSDT,2021-03-03,0.0,0.0,1.0,0.0
SOLUSDT,2021-03-04,0.0,0.0,1.0,0.0
SOLUSDT,2021-03-05,0.0,0.0,1.0,0.0
SOLUSDT,2021-03-06,0.0,0.0,1.0,0.0
SOLUSDT,2021-03-07,0.0002,0.9998,0.0,0.0002
SOLUSDT,2021-03-08,0.0,0.0,1.0,0.0
SOLUSDT,2021-03-09,0.0003,0.9997,0.0,0.0003
SOLUSDT,2021-03-10,0.0016,0.9984,0.0,0.0016
SOLUSDT,2021-03-11,1.0,0.0,0.0,1.0
SOLUSDT,2021-03-12,0.9987,0.0013,0.0,0.9987
SOLUSDT,2021-03-13,0.9994,0.0006,0.0,0.9994
SOLUSDT,2021-03-14,0.0106,0.9894,0.0,0.0106
SOLUSDT,2021-03-15,0.0037,0.9963,0.0,0.0037
SOLUSDT,2021-03-16,0.0,0.0,1.0,0.0
SOLUSDT,2021-03-17,0.0,0.0,1.0,0.0
SOLUSDT,2021-03-18,0.0,0.0,1.0,0.0
SOLUSDT,2021-03-19,0.0,0.0,1.0,0.0
SOLUSDT,2021-03-20,0.0,0.0,1.0,0.0
SOLUSDT,2021-03-21,0.0,0.0,1.0,0.0
SOLUSDT,2021-03-22,0.1648,0.8352,0.0,0.1648
SOLUSDT,2021-03-23,0.0743,0.9257,0.0,0.0743
SOLUSDT,2021-03-24,0.0,0.0,1.0,0.0
SOLUSDT,2021-03-25,0.0,0.0,1.0,0.0
SOLUSDT,2021-03-26,0.6198,0.3802,0.0,0.6198
SOLUSDT,2021-03-27,1.0,0.0,0.0,1.0
SOLUSDT,2021-03-28,1.0,0.0,0.0,1.0
SOLUSDT,2021-03-29,1.0,0.0,0.0,1.0
SOLUSDT,2021-03-30,1.0,0.0,0.0,1.0
SOLUSDT,2021-03-31,1.0,0.0,0.0,1.0
SOLUSDT,2021-04-01,1.0,0.0,0.0,1.0
SOLUSDT,2021-04-02,1.0,0.0,0.0,1.0
SOLUSDT,2021-04-03,1.0,0.0,0.0,1.0
SOLUSDT,2021-04-04,1.0,0.0,0.0,1.0
SOLUSDT,2021-04-05,1.0,0.0,0.0,1.0
SOLUSDT,2021-04-06,1.0,0.0,0.0,1.0
SOLUSDT,2021-04-07,1.0,0.0,0.0,1.0
SOLUSDT,2021-04-08,1.0,0.0,0.0,1.0
SOLUSDT,2021-04-09,1.0,0.0,0.0,1.0
SOLUSDT,2021-04-10,1.0,0.0,0.0,1.0
SOLUSDT,2021-04-11,1.0,0.0,0.0,1.0
SOLUSDT,2021-04-12,1.0,0.0,0.0,1.0
SOLUSDT,2021-04-13,0.9322,0.0678,0.0,0.9322
SOLUSDT,2021-04-14,0.0,0.0,1.0,0.0
SOLUSDT,2021-04-15,0.0468,0.9532,0.0,0.0468
SOLUSDT,2021-04-16,0.0,0.0,1.0,0.0
SOLUSDT,2021-04-17,0.0,0.0,1.0,0.0
SOLUSDT,2021-04-18,0.9999,0.0001,0.0,0.9999
SOLUSDT,2021-04-19,0.9964,0.0036,0.0,0.9964
SOLUSDT,2021-04-20,1.0,0.0,0.0,1.0
SOLUSDT,2021-04-21,1.0,0.0,0.0,1.0
SOLUSDT,2021-04-22,1.0,0.0,0.0,1.0
SOLUSDT,2021-04-23,1.0,0.0,0.0,1.0
SOLUSDT,2021-04-24,1.0,0.0,0.0,1.0
SOLUSDT,2021-04-25,1.0,0.0,0.0,1.0
SOLUSDT,2021-04-26,1.0,0.0,0.0,1.0
SOLUSDT,2021-04-27,1.0,0.0,0.0,1.0
SOLUSDT,2021-04-28,1.0,0.0,0.0,1.0
SOLUSDT,2021-04-29,0.9115,0.0885,0.0,0.9115
SOLUSDT,2021-04-30,0.9999,0.0001,0.0,0.9999
SOLUSDT,2021-05-01,1.0,0.0,0.0,1.0
SOLUSDT,2021-05-02,0.0,0.0,1.0,0.0
SOLUSDT,2021-05-03,0.0021,0.9979,0.0,0.0021
SOLUSDT,2021-05-04,0.0,0.0,1.0,0.0
SOLUSDT,2021-05-05,0.0037,0.9961,0.0002,0.0037
SOLUSDT,2021-05-06,0.0009,0.9991,0.0,0.0009
SOLUSDT,2021-05-07,0.001,0.9989,0.0001,0.001
SOLUSDT,2021-05-08,0.0,0.0,1.0,0.0
SOLUSDT,2021-05-09,0.0,0.0,1.0,0.0
SOLUSDT,2021-05-10,0.0,0.0,1.0,0.0
SOLUSDT,2021-05-11,0.0149,0.9851,0.0,0.0149
SOLUSDT,2021-05-12,0.0,0.0,1.0,0.0
SOLUSDT,2021-05-13,0.0,0.0,1.0,0.0
SOLUSDT,2021-05-14,0.0,0.0,1.0,0.0
SOLUSDT,2021-05-15,0.0,0.0,1.0,0.0
SOLUSDT,2021-05-16,0.8315,0.1685,0.0,0.8315
SOLUSDT,2021-05-17,0.9862,0.0138,0.0,0.9862
SOLUSDT,2021-05-18,1.0,0.0,0.0,1.0
SOLUSDT,2021-05-19,0.0,0.0,1.0,0.0
SOLUSDT,2021-05-20,0.0006,0.9994,0.0,0.0006
SOLUSDT,2021-05-21,0.0,0.0,1.0,0.0
SOLUSDT,2021-05-22,0.0,0.0,1.0,0.0
SOLUSDT,2021-05-23,0.0,0.0,1.0,0.0
SOLUSDT,2021-05-24,0.0,0.0,1.0,0.0
SOLUSDT,2021-05-25,0.0,0.0,1.0,0.0
SOLUSDT,2021-05-26,0.0,1.0,0.0,0.0
SOLUSDT,2021-05-27,0.0,0.0,1.0,0.0
SOLUSDT,2021-05-28,0.0,0.0,1.0,0.0
SOLUSDT,2021-05-29,0.0,0.0,1.0,0.0
SOLUSDT,2021-05-30,0.001,0.999,0.0,0.001
SOLUSDT,2021-05-31,0.0,1.0,0.0,0.0
SOLUSDT,2021-06-01,0.0,1.0,0.0,0.0
SOLUSDT,2021-06-02,0.0,0.0,1.0,0.0
SOLUSDT,2021-06-03,0.0355,0.9645,0.0,0.0355
SOLUSDT,2021-06-04,1.0,0.0,0.0,1.0
SOLUSDT,2021-06-05,1.0,0.0,0.0,1.0
SOLUSDT,2021-06-06,1.0,0.0,0.0,1.0
SOLUSDT,2021-06-07,0.041,0.959,0.0,0.041
SOLUSDT,2021-06-08,1.0,0.0,0.0,1.0
SOLUSDT,2021-06-09,1.0,0.0,0.0,1.0
SOLUSDT,2021-06-10,0.0003,0.9997,0.0,0.0003
SOLUSDT,2021-06-11,0.0,0.0,1.0,0.0
SOLUSDT,2021-06-12,0.0,0.0,1.0,0.0
SOLUSDT,2021-06-13,0.0,0.0,1.0,0.0
SOLUSDT,2021-06-14,0.0042,0.9958,0.0,0.0042
SOLUSDT,2021-06-15,0.0,0.0,1.0,0.0
SOLUSDT,2021-06-16,0.0,0.0,1.0,0.0
SOLUSDT,2021-06-17,0.0,0.0,1.0,0.0
SOLUSDT,2021-06-18,0.0128,0.9872,0.0,0.0128
SOLUSDT,2021-06-19,0.0,0.0,1.0,0.0
SOLUSDT,2021-06-20,0.0,0.0,1.0,0.0
SOLUSDT,2021-06-21,0.0,0.0,1.0,0.0
SOLUSDT,2021-06-22,0.0,0.0,1.0,0.0
SOLUSDT,2021-06-23,0.0,0.0,1.0,0.0
SOLUSDT,2021-06-24,0.0,0.0,1.0,0.0
SOLUSDT,2021-06-25,0.0,0.0,1.0,0.0
SOLUSDT,2021-06-26,0.0,0.0,1.0,0.0
SOLUSDT,2021-06-27,0.0,0.0,1.0,0.0
SOLUSDT,2021-06-28,1.0,0.0,0.0,1.0
SOLUSDT,2021-06-29,1.0,0.0,0.0,1.0
SOLUSDT,2021-06-30,1.0,0.0,0.0,1.0
SOLUSDT,2021-07-01,0.9129,0.0871,0.0,0.9129
SOLUSDT,2021-07-02,1.0,0.0,0.0,1.0
SOLUSDT,2021-07-03,1.0,0.0,0.0,1.0
SOLUSDT,2021-07-04,0.5417,0.4583,0.0,0.5417
SOLUSDT,2021-07-05,0.1213,0.8784,0.0003,0.1213
SOLUSDT,2021-07-06,0.0307,0.9693,0.0,0.0307
SOLUSDT,2021-07-07,0.0082,0.9918,0.0,0.0082
SOLUSDT,2021-07-08,0.0,0.0,1.0,0.0
SOLUSDT,2021-07-09,0.0,0.0,1.0,0.0
SOLUSDT,2021-07-10,0.0,0.0,1.0,0.0
SOLUSDT,2021-07-11,0.0,0.0,1.0,0.0
SOLUSDT,2021-07-12,0.0,0.0,1.0,0.0
SOLUSDT,2021-07-13,0.0,0.0,1.0,0.0
SOLUSDT,2021-07-14,0.0,0.0,1.0,0.0
SOLUSDT,2021-07-15,0.0,0.0,1.0,0.0
SOLUSDT,2021-07-16,0.0,0.0,1.0,0.0
SOLUSDT,2021-07-17,0.0,0.0,1.0,0.0
SOLUSDT,2021-07-18,0.0,0.0,1.0,0.0
SOLUSDT,2021-07-19,0.0,0.0,1.0,0.0
SOLUSDT,2021-07-20,0.0,0.0,1.0,0.0
SOLUSDT,2021-07-21,0.0,0.0,1.0,0.0
SOLUSDT,2021-07-22,0.0,0.0,1.0,0.0
SOLUSDT,2021-07-23,0.8801,0.1199,0.0,0.8801
SOLUSDT,2021-07-24,0.9175,0.0825,0.0,0.9175
SOLUSDT,2021-07-25,0.9107,0.0893,0.0,0.9107
SOLUSDT,2021-07-26,1.0,0.0,0.0,1.0
SOLUSDT,2021-07-27,1.0,0.0,0.0,1.0
SOLUSDT,2021-07-28,0.9467,0.0533,0.0,0.9467
SOLUSDT,2021-07-29,0.9998,0.0002,0.0,0.9998
SOLUSDT,2021-07-30,1.0,0.0,0.0,1.0
SOLUSDT,2021-07-31,1.0,0.0,0.0,1.0
SOLUSDT,2021-08-01,1.0,0.0,0.0,1.0
SOLUSDT,2021-08-02,1.0,0.0,0.0,1.0
SOLUSDT,2021-08-03,1.0,0.0,0.0,1.0
SOLUSDT,2021-08-04,1.0,0.0,0.0,1.0
SOLUSDT,2021-08-05,1.0,0.0,0.0,1.0
SOLUSDT,2021-08-06,1.0,0.0,0.0,1.0
SOLUSDT,2021-08-07,0.9773,0.0227,0.0,0.9773
SOLUSDT,2021-08-08,0.9964,0.0036,0.0,0.9964
SOLUSDT,2021-08-09,1.0,0.0,0.0,1.0
SOLUSDT,2021-08-10,1.0,0.0,0.0,1.0
SOLUSDT,2021-08-11,1.0,0.0,0.0,1.0
SOLUSDT,2021-08-12,0.9989,0.0011,0.0,0.9989
SOLUSDT,2021-08-13,1.0,0.0,0.0,1.0
SOLUSDT,2021-08-14,0.9998,0.0002,0.0,0.9998
SOLUSDT,2021-08-15,1.0,0.0,0.0,1.0
SOLUSDT,2021-08-16,1.0,0.0,0.0,1.0
SOLUSDT,2021-08-17,1.0,0.0,0.0,1.0
SOLUSDT,2021-08-18,1.0,0.0,0.0,1.0
SOLUSDT,2021-08-19,1.0,0.0,0.0,1.0
SOLUSDT,2021-08-20,1.0,0.0,0.0,1.0
SOLUSDT,2021-08-21,1.0,0.0,0.0,1.0
SOLUSDT,2021-08-22,1.0,0.0,0.0,1.0
SOLUSDT,2021-08-23,1.0,0.0,0.0,1.0
SOLUSDT,2021-08-24,0.8519,0.1481,0.0,0.8519
SOLUSDT,2021-08-25,0.0,0.0,1.0,0.0
SOLUSDT,2021-08-26,0.4186,0.5814,0.0,0.4186
SOLUSDT,2021-08-27,0.9826,0.0174,0.0,0.9826
SOLUSDT,2021-08-28,1.0,0.0,0.0,1.0
SOLUSDT,2021-08-29,1.0,0.0,0.0,1.0
SOLUSDT,2021-08-30,1.0,0.0,0.0,1.0
SOLUSDT,2021-08-31,1.0,0.0,0.0,1.0
SOLUSDT,2021-09-01,1.0,0.0,0.0,1.0
SOLUSDT,2021-09-02,1.0,0.0,0.0,1.0
SOLUSDT,2021-09-03,1.0,0.0,0.0,1.0
SOLUSDT,2021-09-04,1.0,0.0,0.0,1.0
SOLUSDT,2021-09-05,1.0,0.0,0.0,1.0
SOLUSDT,2021-09-06,1.0,0.0,0.0,1.0
SOLUSDT,2021-09-07,1.0,0.0,0.0,1.0
SOLUSDT,2021-09-08,1.0,0.0,0.0,1.0
SOLUSDT,2021-09-09,1.0,0.0,0.0,1.0
SOLUSDT,2021-09-10,1.0,0.0,0.0,1.0
SOLUSDT,2021-09-11,1.0,0.0,0.0,1.0
SOLUSDT,2021-09-12,1.0,0.0,0.0,1.0
SOLUSDT,2021-09-13,0.0724,0.9276,0.0,0.0724
SOLUSDT,2021-09-14,0.0,0.0,1.0,0.0
SOLUSDT,2021-09-15,0.0,0.0,1.0,0.0
SOLUSDT,2021-09-16,0.0,0.0,1.0,0.0
SOLUSDT,2021-09-17,0.0,0.0,1.0,0.0
SOLUSDT,2021-09-18,0.0,0.0,1.0,0.0
SOLUSDT,2021-09-19,0.0,0.0,1.0,0.0
SOLUSDT,2021-09-20,0.0,0.0,1.0,0.0
SOLUSDT,2021-09-21,0.0,0.0,1.0,0.0
SOLUSDT,2021-09-22,0.0,0.0,1.0,0.0
SOLUSDT,2021-09-23,0.0,0.0,1.0,0.0
SOLUSDT,2021-09-24,0.0,0.0,1.0,0.0
SOLUSDT,2021-09-25,0.0,0.0,1.0,0.0
SOLUSDT,2021-09-26,0.0,0.0,1.0,0.0
SOLUSDT,2021-09-27,0.0249,0.9751,0.0,0.0249
SOLUSDT,2021-09-28,0.0154,0.9846,0.0,0.0154
SOLUSDT,2021-09-29,0.0,0.0,1.0,0.0
SOLUSDT,2021-09-30,0.0,0.0,1.0,0.0
SOLUSDT,2021-10-01,0.9999,0.0001,0.0,0.9999
SOLUSDT,2021-10-02,1.0,0.0,0.0,1.0
SOLUSDT,2021-10-03,1.0,0.0,0.0,1.0
SOLUSDT,2021-10-04,1.0,0.0,0.0,1.0
SOLUSDT,2021-10-05,1.0,0.0,0.0,1.0
SOLUSDT,2021-10-06,0.9981,0.0019,0.0,0.9981
SOLUSDT,2021-10-07,0.5691,0.4309,0.0,0.5691
SOLUSDT,2021-10-08,0.0,0.0,1.0,0.0
SOLUSDT,2021-10-09,0.0,0.0,1.0,0.0
SOLUSDT,2021-10-10,0.0,0.0,1.0,0.0
SOLUSDT,2021-10-11,0.0,0.0,1.0,0.0
SOLUSDT,2021-10-12,0.0,0.0,1.0,0.0
SOLUSDT,2021-10-13,0.0,0.0,1.0,0.0
SOLUSDT,2021-10-14,0.0,0.0,1.0,0.0
SOLUSDT,2021-10-15,0.4427,0.5573,0.0,0.4427
SOLUSDT,2021-10-16,0.6182,0.3814,0.0005,0.6182
SOLUSDT,2021-10-17,0.9335,0.0665,0.0,0.9335
SOLUSDT,2021-10-18,0.9783,0.0217,0.0,0.9783
SOLUSDT,2021-10-19,0.9264,0.0736,0.0,0.9264
SOLUSDT,2021-10-20,1.0,0.0,0.0,1.0
SOLUSDT,2021-10-21,1.0,0.0,0.0,1.0
SOLUSDT,2021-10-22,1.0,0.0,0.0,1.0
SOLUSDT,2021-10-23,1.0,0.0,0.0,1.0
SOLUSDT,2021-10-24,1.0,0.0,0.0,1.0
SOLUSDT,2021-10-25,1.0,0.0,0.0,1.0
SOLUSDT,2021-10-26,1.0,0.0,0.0,1.0
SOLUSDT,2021-10-27,0.6383,0.3617,0.0,0.6383
SOLUSDT,2021-10-28,0.3066,0.6934,0.0,0.3066
SOLUSDT,2021-10-29,0.099,0.901,0.0,0.099
SOLUSDT,2021-10-30,0.0,0.0,1.0,0.0
SOLUSDT,2021-10-31,0.0595,0.9245,0.016,0.0595
SOLUSDT,2021-11-01,0.0,0.0,1.0,0.0
SOLUSDT,2021-11-02,0.9926,0.0074,0.0,0.9926
SOLUSDT,2021-11-03,1.0,0.0,0.0,1.0
SOLUSDT,2021-11-04,1.0,0.0,0.0,1.0
SOLUSDT,2021-11-05,1.0,0.0,0.0,1.0
SOLUSDT,2021-11-06,1.0,0.0,0.0,1.0
SOLUSDT,2021-11-07,1.0,0.0,0.0,1.0
SOLUSDT,2021-11-08,1.0,0.0,0.0,1.0
SOLUSDT,2021-11-09,0.8352,0.1648,0.0,0.8352
SOLUSDT,2021-11-10,0.0,0.0,1.0,0.0
SOLUSDT,2021-11-11,0.0,0.0,1.0,0.0
SOLUSDT,2021-11-12,0.0,0.0,1.0,0.0
SOLUSDT,2021-11-13,0.0,0.0,1.0,0.0
SOLUSDT,2021-11-14,0.0,0.0,1.0,0.0
SOLUSDT,2021-11-15,0.0,0.0,1.0,0.0
SOLUSDT,2021-11-16,0.0,0.0,1.0,0.0
SOLUSDT,2021-11-17,0.0,0.0,1.0,0.0
SOLUSDT,2021-11-18,0.0,0.0,1.0,0.0
SOLUSDT,2021-11-19,0.0,0.0,1.0,0.0
SOLUSDT,2021-11-20,0.0,0.0,1.0,0.0
SOLUSDT,2021-11-21,0.0,0.0,1.0,0.0
SOLUSDT,2021-11-22,0.0,0.0,1.0,0.0
SOLUSDT,2021-11-23,0.0402,0.9598,0.0,0.0402
SOLUSDT,2021-11-24,0.0,0.0,1.0,0.0
SOLUSDT,2021-11-25,0.1017,0.8983,0.0,0.1017
SOLUSDT,2021-11-26,0.0,0.0,1.0,0.0
SOLUSDT,2021-11-27,0.0,0.0,1.0,0.0
SOLUSDT,2021-11-28,0.0,0.0,1.0,0.0
SOLUSDT,2021-11-29,0.0,0.0,1.0,0.0
SOLUSDT,2021-11-30,0.0,0.0,1.0,0.0
SOLUSDT,2021-12-01,0.8793,0.1207,0.0,0.8793
SOLUSDT,2021-12-02,0.9998,0.0002,0.0,0.9998
SOLUSDT,2021-12-03,0.9742,0.0258,0.0,0.9742
SOLUSDT,2021-12-04,0.2822,0.7178,0.0,0.2822
SOLUSDT,2021-12-05,0.0,0.0,1.0,0.0
SOLUSDT,2021-12-06,0.0,0.0,1.0,0.0
SOLUSDT,2021-12-07,0.0,0.0,1.0,0.0
SOLUSDT,2021-12-08,0.0,0.0,1.0,0.0
SOLUSDT,2021-12-09,0.0,0.0,1.0,0.0
SOLUSDT,2021-12-10,0.0,0.0,1.0,0.0
SOLUSDT,2021-12-11,0.0,0.0,1.0,0.0
SOLUSDT,2021-12-12,0.0,0.0,1.0,0.0
SOLUSDT,2021-12-13,0.0,0.0,1.0,0.0
SOLUSDT,2021-12-14,0.0,0.0,1.0,0.0
SOLUSDT,2021-12-15,0.0,0.0,1.0,0.0
SOLUSDT,2021-12-16,0.0,0.0,1.0,0.0
SOLUSDT,2021-12-17,0.3685,0.6315,0.0,0.3685
SOLUSDT,2021-12-18,0.5236,0.4764,0.0,0.5236
SOLUSDT,2021-12-19,0.6369,0.3631,0.0,0.6369
SOLUSDT,2021-12-20,0.997,0.003,0.0,0.997
SOLUSDT,2021-12-21,1.0,0.0,0.0,1.0
SOLUSDT,2021-12-22,0.899,0.1008,0.0002,0.899
SOLUSDT,2021-12-23,0.9499,0.0501,0.0,0.9499
SOLUSDT,2021-12-24,0.9793,0.0207,0.0,0.9793
SOLUSDT,2021-12-25,0.9573,0.0427,0.0,0.9573
SOLUSDT,2021-12-26,0.9967,0.0033,0.0,0.9967
SOLUSDT,2021-12-27,0.9965,0.0035,0.0,0.9965
SOLUSDT,2021-12-28,0.0,0.0,1.0,0.0
SOLUSDT,2021-12-29,0.0,0.0,1.0,0.0
SOLUSDT,2021-12-30,0.0,0.0,1.0,0.0
SOLUSDT,2021-12-31,0.0,0.0,1.0,0.0
SOLUSDT,2022-01-01,0.0,0.0,1.0,0.0
SOLUSDT,2022-01-02,0.0,0.0,1.0,0.0
SOLUSDT,2022-01-03,0.0,0.0,1.0,0.0
SOLUSDT,2022-01-04,0.0,0.0,1.0,0.0
SOLUSDT,2022-01-05,0.0,0.0,1.0,0.0
SOLUSDT,2022-01-06,0.0,0.0,1.0,0.0
SOLUSDT,2022-01-07,0.0,0.0,1.0,0.0
SOLUSDT,2022-01-08,0.0,0.0,1.0,0.0
SOLUSDT,2022-01-09,0.0,0.0,1.0,0.0
SOLUSDT,2022-01-10,0.0,0.0,1.0,0.0
SOLUSDT,2022-01-11,0.0,0.0,1.0,0.0
SOLUSDT,2022-01-12,0.0,0.0,1.0,0.0
SOLUSDT,2022-01-13,0.0,0.0,1.0,0.0
SOLUSDT,2022-01-14,0.7047,0.2953,0.0,0.7047
SOLUSDT,2022-01-15,0.5895,0.4105,0.0,0.5895
SOLUSDT,2022-01-16,0.4985,0.5015,0.0,0.4985
SOLUSDT,2022-01-17,0.2993,0.7007,0.0,0.2993
SOLUSDT,2022-01-18,0.1186,0.8814,0.0,0.1186
SOLUSDT,2022-01-19,0.0,0.0,1.0,0.0
SOLUSDT,2022-01-20,0.0,0.0,1.0,0.0
SOLUSDT,2022-01-21,0.0,0.0,1.0,0.0
SOLUSDT,2022-01-22,0.0,0.0,1.0,0.0
SOLUSDT,2022-01-23,0.0,0.0,1.0,0.0
SOLUSDT,2022-01-24,0.0,0.0,1.0,0.0
SOLUSDT,2022-01-25,0.0,0.0,1.0,0.0
SOLUSDT,2022-01-26,0.0,0.0,1.0,0.0
SOLUSDT,2022-01-27,0.0,0.0,1.0,0.0
SOLUSDT,2022-01-28,0.0,0.0,1.0,0.0
SOLUSDT,2022-01-29,0.0378,0.9622,0.0,0.0378
SOLUSDT,2022-01-30,0.0,0.0,1.0,0.0
SOLUSDT,2022-01-31,0.9504,0.0496,0.0,0.9504
SOLUSDT,2022-02-01,1.0,0.0,0.0,1.0
SOLUSDT,2022-02-02,0.998,0.002,0.0,0.998
SOLUSDT,2022-02-03,0.9999,0.0001,0.0,0.9999
SOLUSDT,2022-02-04,1.0,0.0,0.0,1.0
SOLUSDT,2022-02-05,1.0,0.0,0.0,1.0
SOLUSDT,2022-02-06,1.0,0.0,0.0,1.0
SOLUSDT,2022-02-07,1.0,0.0,0.0,1.0
SOLUSDT,2022-02-08,0.8423,0.1577,0.0,0.8423
SOLUSDT,2022-02-09,0.963,0.037,0.0,0.963
SOLUSDT,2022-02-10,0.1987,0.8013,0.0,0.1987
SOLUSDT,2022-02-11,0.0,0.0,1.0,0.0
SOLUSDT,2022-02-12,0.0,0.0,1.0,0.0
SOLUSDT,2022-02-13,0.0,0.0,1.0,0.0
SOLUSDT,2022-02-14,0.0,0.0,1.0,0.0
SOLUSDT,2022-02-15,0.0,0.0,1.0,0.0
SOLUSDT,2022-02-16,0.0,0.0,1.0,0.0
SOLUSDT,2022-02-17,0.0,0.0,1.0,0.0
SOLUSDT,2022-02-18,0.0,0.0,1.0,0.0
SOLUSDT,2022-02-19,0.0,0.0,1.0,0.0
SOLUSDT,2022-02-20,0.0,0.0,1.0,0.0
SOLUSDT,2022-02-21,0.0,0.0,1.0,0.0
SOLUSDT,2022-02-22,0.0,0.0,1.0,0.0
SOLUSDT,2022-02-23,0.0,0.0,1.0,0.0
SOLUSDT,2022-02-24,0.0,0.0,1.0,0.0
SOLUSDT,2022-02-25,0.0599,0.9401,0.0,0.0599
SOLUSDT,2022-02-26,0.0,0.0,1.0,0.0
SOLUSDT,2022-02-27,0.0,0.0,1.0,0.0
SOLUSDT,2022-02-28,1.0,0.0,0.0,1.0
SOLUSDT,2022-03-01,1.0,0.0,0.0,1.0
SOLUSDT,2022-03-02,1.0,0.0,0.0,1.0
SOLUSDT,2022-03-03,0.5665,0.4335,0.0,0.5665
SOLUSDT,2022-03-04,0.0,0.0,1.0,0.0
SOLUSDT,2022-03-05,0.0,0.0,1.0,0.0
SOLUSDT,2022-03-06,0.0,0.0,1.0,0.0
SOLUSDT,2022-03-07,0.0,0.0,1.0,0.0
SOLUSDT,2022-03-08,0.0,0.0,1.0,0.0
SOLUSDT,2022-03-09,0.0,0.0,1.0,0.0
SOLUSDT,2022-03-10,0.0,0.0,1.0,0.0
SOLUSDT,2022-03-11,0.0,0.0,1.0,0.0
SOLUSDT,2022-03-12,0.0,0.0,1.0,0.0
SOLUSDT,2022-03-13,0.0,0.0,1.0,0.0
SOLUSDT,2022-03-14,0.0,0.0,1.0,0.0
SOLUSDT,2022-03-15,0.0461,0.9536,0.0003,0.0461
SOLUSDT,2022-03-16,0.0,0.0,1.0,0.0
SOLUSDT,2022-03-17,0.8135,0.1865,0.0,0.8135
SOLUSDT,2022-03-18,0.9978,0.0022,0.0,0.9978
SOLUSDT,2022-03-19,1.0,0.0,0.0,1.0
SOLUSDT,2022-03-20,0.9999,0.0001,0.0,0.9999
SOLUSDT,2022-03-21,0.9985,0.0015,0.0,0.9985
SOLUSDT,2022-03-22,0.998,0.002,0.0,0.998
SOLUSDT,2022-03-23,0.9959,0.0041,0.0,0.9959
SOLUSDT,2022-03-24,1.0,0.0,0.0,1.0
SOLUSDT,2022-03-25,0.9991,0.0009,0.0,0.9991
SOLUSDT,2022-03-26,0.9993,0.0007,0.0,0.9993
SOLUSDT,2022-03-27,1.0,0.0,0.0,1.0
SOLUSDT,2022-03-28,1.0,0.0,0.0,1.0
SOLUSDT,2022-03-29,1.0,0.0,0.0,1.0
SOLUSDT,2022-03-30,1.0,0.0,0.0,1.0
SOLUSDT,2022-03-31,1.0,0.0,0.0,1.0
SOLUSDT,2022-04-01,1.0,0.0,0.0,1.0
SOLUSDT,2022-04-02,1.0,0.0,0.0,1.0
SOLUSDT,2022-04-03,1.0,0.0,0.0,1.0
SOLUSDT,2022-04-04,1.0,0.0,0.0,1.0
SOLUSDT,2022-04-05,0.9996,0.0004,0.0,0.9996
SOLUSDT,2022-04-06,0.0,0.0,1.0,0.0
SOLUSDT,2022-04-07,0.0,0.0,1.0,0.0
SOLUSDT,2022-04-08,0.0,0.0,1.0,0.0
SOLUSDT,2022-04-09,0.0,0.0,1.0,0.0
SOLUSDT,2022-04-10,0.0,0.0,1.0,0.0
SOLUSDT,2022-04-11,0.0,0.0,1.0,0.0
SOLUSDT,2022-04-12,0.0,0.0,1.0,0.0
SOLUSDT,2022-04-13,0.0,0.0,1.0,0.0
SOLUSDT,2022-04-14,0.0,0.0,1.0,0.0
SOLUSDT,2022-04-15,0.0,0.0,1.0,0.0
SOLUSDT,2022-04-16,0.0,0.0,1.0,0.0
SOLUSDT,2022-04-17,0.0,0.0,1.0,0.0
SOLUSDT,2022-04-18,0.1572,0.8428,0.0,0.1572
SOLUSDT,2022-04-19,0.1589,0.8411,0.0,0.1589
SOLUSDT,2022-04-20,0.1026,0.8971,0.0003,0.1026
SOLUSDT,2022-04-21,0.043,0.957,0.0,0.043
SOLUSDT,2022-04-22,0.0,0.0,1.0,0.0
SOLUSDT,2022-04-23,0.0,0.0,1.0,0.0
SOLUSDT,2022-04-24,0.0,0.0,1.0,0.0
SOLUSDT,2022-04-25,0.0,0.0,1.0,0.0
SOLUSDT,2022-04-26,0.0,0.0,1.0,0.0
SOLUSDT,2022-04-27,0.0,0.0,1.0,0.0
SOLUSDT,2022-04-28,0.0,0.0,1.0,0.0
SOLUSDT,2022-04-29,0.0,0.0,1.0,0.0
SOLUSDT,2022-04-30,0.0,0.0,1.0,0.0
SOLUSDT,2022-05-01,0.0,0.0,1.0,0.0
SOLUSDT,2022-05-02,0.0,0.0,1.0,0.0
SOLUSDT,2022-05-03,0.0,0.0,1.0,0.0
SOLUSDT,2022-05-04,0.0,0.0,1.0,0.0
SOLUSDT,2022-05-05,0.0,0.0,1.0,0.0
SOLUSDT,2022-05-06,0.0,0.0,1.0,0.0
SOLUSDT,2022-05-07,0.0,0.0,1.0,0.0
SOLUSDT,2022-05-08,0.0,0.0,1.0,0.0
SOLUSDT,2022-05-09,0.0,0.0,1.0,0.0
SOLUSDT,2022-05-10,0.0,0.0,1.0,0.0
SOLUSDT,2022-05-11,0.0,0.0,1.0,0.0
SOLUSDT,2022-05-12,0.0,0.0,1.0,0.0
SOLUSDT,2022-05-13,0.0,0.0,1.0,0.0
SOLUSDT,2022-05-14,0.0,0.0,1.0,0.0
SOLUSDT,2022-05-15,0.0,0.0,1.0,0.0
SOLUSDT,2022-05-16,0.0,0.0,1.0,0.0
SOLUSDT,2022-05-17,0.0,0.0,1.0,0.0
SOLUSDT,2022-05-18,0.0,0.0,1.0,0.0
SOLUSDT,2022-05-19,0.9979,0.0021,0.0,0.9979
SOLUSDT,2022-05-20,0.0185,0.9815,0.0,0.0185
SOLUSDT,2022-05-21,0.0,0.0,1.0,0.0
SOLUSDT,2022-05-22,0.0,0.0,1.0,0.0
SOLUSDT,2022-05-23,0.0,0.0,1.0,0.0
SOLUSDT,2022-05-24,0.0,0.0,1.0,0.0
SOLUSDT,2022-05-25,0.0,0.0,1.0,0.0
SOLUSDT,2022-05-26,0.0,0.0,1.0,0.0
SOLUSDT,2022-05-27,0.0,0.0,1.0,0.0
SOLUSDT,2022-05-28,0.0,0.0,1.0,0.0
SOLUSDT,2022-05-29,0.0,0.0,1.0,0.0
SOLUSDT,2022-05-30,0.0,0.0,1.0,0.0
SOLUSDT,2022-05-31,0.0,0.0,1.0,0.0
SOLUSDT,2022-06-01,0.0,0.0,1.0,0.0
SOLUSDT,2022-06-02,0.0,0.0,1.0,0.0
SOLUSDT,2022-06-03,0.0,0.0,1.0,0.0
SOLUSDT,2022-06-04,0.0,0.0,1.0,0.0
SOLUSDT,2022-06-05,0.0,0.0,1.0,0.0
SOLUSDT,2022-06-06,0.0,0.0,1.0,0.0
SOLUSDT,2022-06-07,0.0,0.0,1.0,0.0
SOLUSDT,2022-06-08,0.0,0.0,1.0,0.0
SOLUSDT,2022-06-09,0.0,0.0,1.0,0.0
SOLUSDT,2022-06-10,0.0,0.0,1.0,0.0
SOLUSDT,2022-06-11,0.0,0.0,1.0,0.0
SOLUSDT,2022-06-12,0.0,0.0,1.0,0.0
SOLUSDT,2022-06-13,0.0,0.0,1.0,0.0
SOLUSDT,2022-06-14,0.0,0.0,1.0,0.0
SOLUSDT,2022-06-15,0.0,0.0,1.0,0.0
SOLUSDT,2022-06-16,0.0,0.0,1.0,0.0
SOLUSDT,2022-06-17,0.0,0.0,1.0,0.0
SOLUSDT,2022-06-18,0.0,0.0,1.0,0.0
SOLUSDT,2022-06-19,0.9826,0.0174,0.0,0.9826
SOLUSDT,2022-06-20,1.0,0.0,0.0,1.0
SOLUSDT,2022-06-21,1.0,0.0,0.0,1.0
SOLUSDT,2022-06-22,0.0,0.0,1.0,0.0
SOLUSDT,2022-06-23,1.0,0.0,0.0,1.0
SOLUSDT,2022-06-24,1.0,0.0,0.0,1.0
SOLUSDT,2022-06-25,1.0,0.0,0.0,1.0
SOLUSDT,2022-06-26,0.9996,0.0004,0.0,0.9996
SOLUSDT,2022-06-27,0.4661,0.5339,0.0,0.4661
SOLUSDT,2022-06-28,0.0,0.0,1.0,0.0
SOLUSDT,2022-06-29,0.0,0.0,1.0,0.0
SOLUSDT,2022-06-30,0.0,0.0,1.0,0.0
SOLUSDT,2022-07-01,0.0,0.0,1.0,0.0
SOLUSDT,2022-07-02,0.0,0.0,1.0,0.0
SOLUSDT,2022-07-03,0.0,0.0,1.0,0.0
SOLUSDT,2022-07-04,0.0,0.0,1.0,0.0
SOLUSDT,2022-07-05,0.4057,0.5916,0.0026,0.4057
SOLUSDT,2022-07-06,0.9372,0.0628,0.0,0.9372
SOLUSDT,2022-07-07,1.0,0.0,0.0,1.0
SOLUSDT,2022-07-08,1.0,0.0,0.0,1.0
SOLUSDT,2022-07-09,1.0,0.0,0.0,1.0
SOLUSDT,2022-07-10,0.9424,0.0576,0.0,0.9424
SOLUSDT,2022-07-11,0.0,0.0,1.0,0.0
SOLUSDT,2022-07-12,0.0,0.0,1.0,0.0
SOLUSDT,2022-07-13,0.0,0.0,1.0,0.0
SOLUSDT,2022-07-14,0.0,0.0,1.0,0.0
SOLUSDT,2022-07-15,0.0,0.0,1.0,0.0
SOLUSDT,2022-07-16,0.6052,0.3948,0.0,0.6052
SOLUSDT,2022-07-17,0.822,0.178,0.0,0.822
SOLUSDT,2022-07-18,1.0,0.0,0.0,1.0
SOLUSDT,2022-07-19,1.0,0.0,0.0,1.0
SOLUSDT,2022-07-20,1.0,0.0,0.0,1.0
SOLUSDT,2022-07-21,1.0,0.0,0.0,1.0
SOLUSDT,2022-07-22,0.9362,0.0638,0.0,0.9362
SOLUSDT,2022-07-23,0.4721,0.5279,0.0,0.4721
SOLUSDT,2022-07-24,0.2599,0.7401,0.0,0.2599
SOLUSDT,2022-07-25,0.0,0.0,1.0,0.0
SOLUSDT,2022-07-26,0.0,0.0,1.0,0.0
SOLUSDT,2022-07-27,0.0,0.0,1.0,0.0
SOLUSDT,2022-07-28,0.0,0.0,1.0,0.0
SOLUSDT,2022-07-29,0.4877,0.5123,0.0,0.4877
SOLUSDT,2022-07-30,0.8607,0.1393,0.0,0.8607
SOLUSDT,2022-07-31,0.8217,0.1783,0.0,0.8217
SOLUSDT,2022-08-01,0.9997,0.0003,0.0,0.9997
SOLUSDT,2022-08-02,0.9204,0.0796,0.0,0.9204
SOLUSDT,2022-08-03,0.0,0.0,1.0,0.0
SOLUSDT,2022-08-04,0.0,0.0,1.0,0.0
SOLUSDT,2022-08-05,0.0,0.0,1.0,0.0
SOLUSDT,2022-08-06,0.0,0.0,1.0,0.0
SOLUSDT,2022-08-07,0.0,0.0,1.0,0.0
SOLUSDT,2022-08-08,0.4497,0.5503,0.0,0.4497
SOLUSDT,2022-08-09,0.6309,0.3691,0.0,0.6309
SOLUSDT,2022-08-10,0.9889,0.0111,0.0,0.9889
SOLUSDT,2022-08-11,0.9989,0.0011,0.0,0.9989
SOLUSDT,2022-08-12,0.9998,0.0002,0.0,0.9998
SOLUSDT,2022-08-13,1.0,0.0,0.0,1.0
SOLUSDT,2022-08-14,0.9966,0.0034,0.0,0.9966
SOLUSDT,2022-08-15,0.7853,0.2147,0.0,0.7853
SOLUSDT,2022-08-16,0.6025,0.3975,0.0,0.6025
SOLUSDT,2022-08-17,0.0,0.0,1.0,0.0
SOLUSDT,2022-08-18,0.0,0.0,1.0,0.0
SOLUSDT,2022-08-19,0.0,0.0,1.0,0.0
SOLUSDT,2022-08-20,0.0,0.0,1.0,0.0
SOLUSDT,2022-08-21,0.0,0.0,1.0,0.0
SOLUSDT,2022-08-22,0.0,0.0,1.0,0.0
SOLUSDT,2022-08-23,0.0,0.0,1.0,0.0
SOLUSDT,2022-08-24,0.0,0.0,1.0,0.0
SOLUSDT,2022-08-25,0.0,0.0,1.0,0.0
SOLUSDT,2022-08-26,0.0,0.0,1.0,0.0
SOLUSDT,2022-08-27,0.0,0.0,1.0,0.0
SOLUSDT,2022-08-28,0.0,0.0,1.0,0.0
SOLUSDT,2022-08-29,0.0,0.0,1.0,0.0
SOLUSDT,2022-08-30,0.0,0.0,1.0,0.0
SOLUSDT,2022-08-31,0.0,0.0,1.0,0.0
SOLUSDT,2022-09-01,0.0,0.0,1.0,0.0
SOLUSDT,2022-09-02,0.0,0.0,1.0,0.0
SOLUSDT,2022-09-03,0.0,0.0,1.0,0.0
SOLUSDT,2022-09-04,0.169,0.831,0.0,0.169
SOLUSDT,2022-09-05,0.0,0.0,1.0,0.0
SOLUSDT,2022-09-06,0.0,0.0,1.0,0.0
SOLUSDT,2022-09-07,0.7254,0.2746,0.0,0.7254
SOLUSDT,2022-09-08,0.9255,0.0745,0.0,0.9255
SOLUSDT,2022-09-09,0.9995,0.0005,0.0,0.9995
SOLUSDT,2022-09-10,1.0,0.0,0.0,1.0
SOLUSDT,2022-09-11,0.9981,0.0019,0.0,0.9981
SOLUSDT,2022-09-12,1.0,0.0,0.0,1.0
SOLUSDT,2022-09-13,0.9393,0.0607,0.0,0.9393
SOLUSDT,2022-09-14,0.3897,0.6103,0.0,0.3897
SOLUSDT,2022-09-15,0.0,0.0,1.0,0.0
SOLUSDT,2022-09-16,0.0,0.0,1.0,0.0
SOLUSDT,2022-09-17,0.0,0.0,1.0,0.0
SOLUSDT,2022-09-18,0.0,0.0,1.0,0.0
SOLUSDT,2022-09-19,0.0,0.0,1.0,0.0
SOLUSDT,2022-09-20,0.0,0.0,1.0,0.0
SOLUSDT,2022-09-21,0.0,0.0,1.0,0.0
SOLUSDT,2022-09-22,0.0,0.0,1.0,0.0
SOLUSDT,2022-09-23,0.0927,0.9073,0.0,0.0927
SOLUSDT,2022-09-24,0.0,0.0,1.0,0.0
SOLUSDT,2022-09-25,0.4253,0.5747,0.0,0.4253
SOLUSDT,2022-09-26,0.4858,0.5142,0.0,0.4858
SOLUSDT,2022-09-27,0.5784,0.4216,0.0,0.5784
SOLUSDT,2022-09-28,0.684,0.316,0.0,0.684
SOLUSDT,2022-09-29,0.3263,0.6737,0.0,0.3263
SOLUSDT,2022-09-30,0.0,0.0,1.0,0.0
SOLUSDT,2022-10-01,0.0,0.0,1.0,0.0
SOLUSDT,2022-10-02,0.0,0.0,1.0,0.0
SOLUSDT,2022-10-03,0.0,0.0,1.0,0.0
SOLUSDT,2022-10-04,0.2183,0.7817,0.0,0.2183
SOLUSDT,2022-10-05,0.1026,0.8974,0.0,0.1026
SOLUSDT,2022-10-06,0.0,0.0,1.0,0.0
SOLUSDT,2022-10-07,0.0,0.0,1.0,0.0
SOLUSDT,2022-10-08,0.1642,0.833,0.0027,0.1642
SOLUSDT,2022-10-09,0.09,0.91,0.0,0.09
SOLUSDT,2022-10-10,0.0,0.0,1.0,0.0
SOLUSDT,2022-10-11,0.0,0.0,1.0,0.0
SOLUSDT,2022-10-12,0.0,0.0,1.0,0.0
SOLUSDT,2022-10-13,0.0,0.0,1.0,0.0
SOLUSDT,2022-10-14,0.0,0.0,1.0,0.0
SOLUSDT,2022-10-15,0.0,0.0,1.0,0.0
SOLUSDT,2022-10-16,0.0,0.0,1.0,0.0
SOLUSDT,2022-10-17,0.0,0.0,1.0,0.0
SOLUSDT,2022-10-18,0.0,0.0,1.0,0.0
SOLUSDT,2022-10-19,0.0,0.0,1.0,0.0
SOLUSDT,2022-10-20,0.0,0.0,1.0,0.0
SOLUSDT,2022-10-21,0.0,0.0,1.0,0.0
SOLUSDT,2022-10-22,0.0,0.0,1.0,0.0
SOLUSDT,2022-10-23,0.0,0.0,1.0,0.0
SOLUSDT,2022-10-24,0.0,0.0,1.0,0.0
SOLUSDT,2022-10-25,0.7342,0.2658,0.0,0.7342
SOLUSDT,2022-10-26,0.9809,0.0191,0.0,0.9809
SOLUSDT,2022-10-27,0.998,0.002,0.0,0.998
SOLUSDT,2022-10-28,1.0,0.0,0.0,1.0
SOLUSDT,2022-10-29,1.0,0.0,0.0,1.0
SOLUSDT,2022-10-30,1.0,0.0,0.0,1.0
SOLUSDT,2022-10-31,1.0,0.0,0.0,1.0
SOLUSDT,2022-11-01,0.492,0.508,0.0,0.492
SOLUSDT,2022-11-02,0.0,0.0,1.0,0.0
SOLUSDT,2022-11-03,0.6355,0.3642,0.0003,0.6355
SOLUSDT,2022-11-04,0.8518,0.1482,0.0,0.8518
SOLUSDT,2022-11-05,0.9854,0.0146,0.0,0.9854
SOLUSDT,2022-11-06,0.0,0.0,1.0,0.0
SOLUSDT,2022-11-07,0.0,0.0,1.0,0.0
SOLUSDT,2022-11-08,0.0,0.0,1.0,0.0
SOLUSDT,2022-11-09,0.0,0.0,1.0,0.0
SOLUSDT,2022-11-10,0.0,0.0,1.0,0.0
SOLUSDT,2022-11-11,0.0,0.0,1.0,0.0
SOLUSDT,2022-11-12,0.0,0.0,1.0,0.0
SOLUSDT,2022-11-13,0.0,0.0,1.0,0.0
SOLUSDT,2022-11-14,0.0,0.0,1.0,0.0
SOLUSDT,2022-11-15,0.0,0.0,1.0,0.0
SOLUSDT,2022-11-16,0.0,1.0,0.0,0.0
SOLUSDT,2022-11-17,0.0,0.0,1.0,0.0
SOLUSDT,2022-11-18,0.0,0.0,1.0,0.0
SOLUSDT,2022-11-19,0.0,0.0,1.0,0.0
SOLUSDT,2022-11-20,0.0,0.0,1.0,0.0
SOLUSDT,2022-11-21,0.0,0.0,1.0,0.0
SOLUSDT,2022-11-22,0.0,0.0,1.0,0.0
SOLUSDT,2022-11-23,0.0,1.0,0.0,0.0
SOLUSDT,2022-11-24,0.0,1.0,0.0,0.0
SOLUSDT,2022-11-25,0.0,1.0,0.0,0.0
SOLUSDT,2022-11-26,0.0003,0.9997,0.0,0.0003
SOLUSDT,2022-11-27,0.0424,0.9576,0.0,0.0424
SOLUSDT,2022-11-28,0.0066,0.9934,0.0,0.0066
SOLUSDT,2022-11-29,0.0001,0.9999,0.0,0.0001
SOLUSDT,2022-11-30,0.0,0.0,1.0,0.0
SOLUSDT,2022-12-01,0.0,0.0,1.0,0.0
SOLUSDT,2022-12-02,0.0,0.0,1.0,0.0
SOLUSDT,2022-12-03,0.0,0.0,1.0,0.0
SOLUSDT,2022-12-04,0.0,0.0,1.0,0.0
SOLUSDT,2022-12-05,0.2353,0.7647,0.0,0.2353
SOLUSDT,2022-12-06,0.2315,0.7685,0.0,0.2315
SOLUSDT,2022-12-07,0.0,0.0,1.0,0.0
SOLUSDT,2022-12-08,0.0544,0.9456,0.0,0.0544
SOLUSDT,2022-12-09,0.0,0.0,1.0,0.0
SOLUSDT,2022-12-10,0.0567,0.9433,0.0,0.0567
SOLUSDT,2022-12-11,0.0,0.0,1.0,0.0
SOLUSDT,2022-12-12,0.0,0.0,1.0,0.0
SOLUSDT,2022-12-13,0.0,0.0,1.0,0.0
SOLUSDT,2022-12-14,0.27,0.73,0.0,0.27
SOLUSDT,2022-12-15,0.1259,0.8741,0.0,0.1259
SOLUSDT,2022-12-16,0.0,0.0,1.0,0.0
SOLUSDT,2022-12-17,0.0,0.0,1.0,0.0
SOLUSDT,2022-12-18,0.0,0.0,1.0,0.0
SOLUSDT,2022-12-19,0.0,0.0,1.0,0.0
SOLUSDT,2022-12-20,0.0,0.0,1.0,0.0
SOLUSDT,2022-12-21,0.0,0.0,1.0,0.0
SOLUSDT,2022-12-22,0.0,0.0,1.0,0.0
SOLUSDT,2022-12-23,0.0,0.0,1.0,0.0
SOLUSDT,2022-12-24,0.0,0.0,1.0,0.0
SOLUSDT,2022-12-25,0.0,0.0,1.0,0.0
SOLUSDT,2022-12-26,0.0,0.0,1.0,0.0
SOLUSDT,2022-12-27,0.0,0.0,1.0,0.0
SOLUSDT,2022-12-28,0.0,0.0,1.0,0.0
SOLUSDT,2022-12-29,0.0,0.0,1.0,0.0
SOLUSDT,2022-12-30,0.0,0.0,1.0,0.0
SOLUSDT,2022-12-31,0.0,0.0,1.0,0.0
SOLUSDT,2023-01-01,0.0,0.0,1.0,0.0
SOLUSDT,2023-01-02,0.0,0.0,1.0,0.0
SOLUSDT,2023-01-03,1.0,0.0,0.0,1.0
SOLUSDT,2023-01-04,1.0,0.0,0.0,1.0
SOLUSDT,2023-01-05,1.0,0.0,0.0,1.0
SOLUSDT,2023-01-06,1.0,0.0,0.0,1.0
SOLUSDT,2023-01-07,1.0,0.0,0.0,1.0
SOLUSDT,2023-01-08,1.0,0.0,0.0,1.0
SOLUSDT,2023-01-09,1.0,0.0,0.0,1.0
SOLUSDT,2023-01-10,1.0,0.0,0.0,1.0
SOLUSDT,2023-01-11,1.0,0.0,0.0,1.0
SOLUSDT,2023-01-12,1.0,0.0,0.0,1.0
SOLUSDT,2023-01-13,1.0,0.0,0.0,1.0
SOLUSDT,2023-01-14,1.0,0.0,0.0,1.0
SOLUSDT,2023-01-15,1.0,0.0,0.0,1.0
SOLUSDT,2023-01-16,1.0,0.0,0.0,1.0
SOLUSDT,2023-01-17,1.0,0.0,0.0,1.0
SOLUSDT,2023-01-18,1.0,0.0,0.0,1.0
SOLUSDT,2023-01-19,1.0,0.0,0.0,1.0
SOLUSDT,2023-01-20,1.0,0.0,0.0,1.0
SOLUSDT,2023-01-21,0.0192,0.9808,0.0,0.0192
SOLUSDT,2023-01-22,0.0019,0.9981,0.0,0.0019
SOLUSDT,2023-01-23,0.0006,0.9994,0.0,0.0006
SOLUSDT,2023-01-24,0.0,0.0,1.0,0.0
SOLUSDT,2023-01-25,1.0,0.0,0.0,1.0
SOLUSDT,2023-01-26,0.9492,0.0508,0.0,0.9492
SOLUSDT,2023-01-27,0.0,0.0,1.0,0.0
SOLUSDT,2023-01-28,0.0,0.0,1.0,0.0
SOLUSDT,2023-01-29,0.0111,0.9889,0.0,0.0111
SOLUSDT,2023-01-30,0.0,0.0,1.0,0.0
SOLUSDT,2023-01-31,0.0051,0.9949,0.0,0.0051
SOLUSDT,2023-02-01,0.0009,0.9991,0.0,0.0009
SOLUSDT,2023-02-02,0.0,0.0,1.0,0.0
SOLUSDT,2023-02-03,0.0054,0.9946,0.0,0.0054
SOLUSDT,2023-02-04,0.0111,0.9889,0.0,0.0111
SOLUSDT,2023-02-05,0.0,0.0,1.0,0.0
SOLUSDT,2023-02-06,0.0,0.0,1.0,0.0
SOLUSDT,2023-02-07,0.0,0.0,1.0,0.0
SOLUSDT,2023-02-08,0.0,0.0,1.0,0.0
SOLUSDT,2023-02-09,0.0,0.0,1.0,0.0
SOLUSDT,2023-02-10,0.0,0.0,1.0,0.0
SOLUSDT,2023-02-11,0.0,0.0,1.0,0.0
SOLUSDT,2023-02-12,0.0,0.0,1.0,0.0
SOLUSDT,2023-02-13,0.0,0.0,1.0,0.0
SOLUSDT,2023-02-14,0.0,0.0,1.0,0.0
SOLUSDT,2023-02-15,0.646,0.354,0.0,0.646
SOLUSDT,2023-02-16,0.9697,0.0303,0.0,0.9697
SOLUSDT,2023-02-17,1.0,0.0,0.0,1.0
SOLUSDT,2023-02-18,0.9999,0.0001,0.0,0.9999
SOLUSDT,2023-02-19,1.0,0.0,0.0,1.0
SOLUSDT,2023-02-20,1.0,0.0,0.0,1.0
SOLUSDT,2023-02-21,0.9999,0.0001,0.0,0.9999
SOLUSDT,2023-02-22,0.6627,0.3373,0.0,0.6627
SOLUSDT,2023-02-23,0.5084,0.4916,0.0,0.5084
SOLUSDT,2023-02-24,0.0,0.0,1.0,0.0
SOLUSDT,2023-02-25,0.0,0.0,1.0,0.0
SOLUSDT,2023-02-26,0.0,0.0,1.0,0.0
SOLUSDT,2023-02-27,0.0,0.0,1.0,0.0
SOLUSDT,2023-02-28,0.0,0.0,1.0,0.0
SOLUSDT,2023-03-01,0.0,0.0,1.0,0.0
SOLUSDT,2023-03-02,0.0,0.0,1.0,0.0
SOLUSDT,2023-03-03,0.0,0.0,1.0,0.0
SOLUSDT,2023-03-04,0.0,0.0,1.0,0.0
SOLUSDT,2023-03-05,0.0,0.0,1.0,0.0
SOLUSDT,2023-03-06,0.0,0.0,1.0,0.0
SOLUSDT,2023-03-07,0.0,0.0,1.0,0.0
SOLUSDT,2023-03-08,0.0,0.0,1.0,0.0
SOLUSDT,2023-03-09,0.0,0.0,1.0,0.0
SOLUSDT,2023-03-10,0.0,0.0,1.0,0.0
SOLUSDT,2023-03-11,0.0,0.0,1.0,0.0
SOLUSDT,2023-03-12,0.0,0.0,1.0,0.0
SOLUSDT,2023-03-13,0.0,0.0,1.0,0.0
SOLUSDT,2023-03-14,0.6279,0.3721,0.0,0.6279
SOLUSDT,2023-03-15,0.8198,0.1802,0.0,0.8198
SOLUSDT,2023-03-16,1.0,0.0,0.0,1.0
SOLUSDT,2023-03-17,1.0,0.0,0.0,1.0
SOLUSDT,2023-03-18,1.0,0.0,0.0,1.0
SOLUSDT,2023-03-19,0.9916,0.0084,0.0,0.9916
SOLUSDT,2023-03-20,0.9941,0.0059,0.0,0.9941
SOLUSDT,2023-03-21,0.9931,0.0069,0.0,0.9931
SOLUSDT,2023-03-22,0.9996,0.0004,0.0,0.9996
SOLUSDT,2023-03-23,0.9976,0.0024,0.0,0.9976
SOLUSDT,2023-03-24,0.0,0.0,1.0,0.0
SOLUSDT,2023-03-25,0.0,0.0,1.0,0.0
SOLUSDT,2023-03-26,0.0,0.0,1.0,0.0
SOLUSDT,2023-03-27,0.0,0.0,1.0,0.0
SOLUSDT,2023-03-28,0.0,0.0,1.0,0.0
SOLUSDT,2023-03-29,0.0,0.0,1.0,0.0
SOLUSDT,2023-03-30,0.0,0.0,1.0,0.0
SOLUSDT,2023-03-31,0.1181,0.8819,0.0,0.1181
SOLUSDT,2023-04-01,0.0558,0.9442,0.0,0.0558
SOLUSDT,2023-04-02,0.0,0.0,1.0,0.0
SOLUSDT,2023-04-03,0.1455,0.8545,0.0,0.1455
SOLUSDT,2023-04-04,0.0708,0.9292,0.0,0.0708
SOLUSDT,2023-04-05,0.0,0.0,1.0,0.0
SOLUSDT,2023-04-06,0.072,0.9163,0.0117,0.072
SOLUSDT,2023-04-07,0.0,0.0,1.0,0.0
SOLUSDT,2023-04-08,0.0,0.0,1.0,0.0
SOLUSDT,2023-04-09,0.0,0.0,1.0,0.0
SOLUSDT,2023-04-10,0.7354,0.2646,0.0,0.7354
SOLUSDT,2023-04-11,0.9954,0.0046,0.0,0.9954
SOLUSDT,2023-04-12,1.0,0.0,0.0,1.0
SOLUSDT,2023-04-13,1.0,0.0,0.0,1.0
SOLUSDT,2023-04-14,1.0,0.0,0.0,1.0
SOLUSDT,2023-04-15,1.0,0.0,0.0,1.0
SOLUSDT,2023-04-16,1.0,0.0,0.0,1.0
SOLUSDT,2023-04-17,1.0,0.0,0.0,1.0
SOLUSDT,2023-04-18,0.8885,0.1115,0.0,0.8885
SOLUSDT,2023-04-19,0.0,0.0,1.0,0.0
SOLUSDT,2023-04-20,0.0,0.0,1.0,0.0
SOLUSDT,2023-04-21,0.0,0.0,1.0,0.0
SOLUSDT,2023-04-22,0.0,0.0,1.0,0.0
SOLUSDT,2023-04-23,0.0,0.0,1.0,0.0
SOLUSDT,2023-04-24,0.0,0.0,1.0,0.0
SOLUSDT,2023-04-25,0.0,0.0,1.0,0.0
SOLUSDT,2023-04-26,0.0,0.0,1.0,0.0
SOLUSDT,2023-04-27,0.7034,0.2963,0.0003,0.7034
SOLUSDT,2023-04-28,0.9865,0.0135,0.0,0.9865
SOLUSDT,2023-04-29,0.9497,0.0503,0.0,0.9497
SOLUSDT,2023-04-30,0.8675,0.1325,0.0,0.8675
SOLUSDT,2023-05-01,0.6028,0.3972,0.0,0.6028
SOLUSDT,2023-05-02,0.4037,0.5963,0.0,0.4037
SOLUSDT,2023-05-03,0.2277,0.7723,0.0,0.2277
SOLUSDT,2023-05-04,0.0,0.0,1.0,0.0
SOLUSDT,2023-05-05,0.0,0.0,1.0,0.0
SOLUSDT,2023-05-06,0.0,0.0,1.0,0.0
SOLUSDT,2023-05-07,0.0,0.0,1.0,0.0
SOLUSDT,2023-05-08,0.0,0.0,1.0,0.0
SOLUSDT,2023-05-09,0.0,0.0,1.0,0.0
SOLUSDT,2023-05-10,0.0,0.0,1.0,0.0
SOLUSDT,2023-05-11,0.0,0.0,1.0,0.0
SOLUSDT,2023-05-12,0.0,0.0,1.0,0.0
SOLUSDT,2023-05-13,0.0,0.0,1.0,0.0
SOLUSDT,2023-05-14,0.0,0.0,1.0,0.0
SOLUSDT,2023-05-15,0.0732,0.9268,0.0,0.0732
SOLUSDT,2023-05-16,0.0,0.0,1.0,0.0
SOLUSDT,2023-05-17,0.159,0.8402,0.0009,0.159
SOLUSDT,2023-05-18,0.0814,0.9178,0.0008,0.0814
SOLUSDT,2023-05-19,0.0,0.0,1.0,0.0
SOLUSDT,2023-05-20,0.0,0.0,1.0,0.0
SOLUSDT,2023-05-21,0.0,0.0,1.0,0.0
SOLUSDT,2023-05-22,0.0,0.0,1.0,0.0
SOLUSDT,2023-05-23,0.0,0.0,1.0,0.0
SOLUSDT,2023-05-24,0.0,0.0,1.0,0.0
SOLUSDT,2023-05-25,0.0,0.0,1.0,0.0
SOLUSDT,2023-05-26,0.0,0.0,1.0,0.0
SOLUSDT,2023-05-27,0.6625,0.3372,0.0003,0.6625
SOLUSDT,2023-05-28,0.8927,0.1073,0.0,0.8927
SOLUSDT,2023-05-29,0.9451,0.0549,0.0,0.9451
SOLUSDT,2023-05-30,0.9759,0.0241,0.0,0.9759
SOLUSDT,2023-05-31,0.9957,0.0043,0.0,0.9957
SOLUSDT,2023-06-01,0.9891,0.0109,0.0,0.9891
SOLUSDT,2023-06-02,0.995,0.005,0.0,0.995
SOLUSDT,2023-06-03,0.7358,0.2642,0.0,0.7358
SOLUSDT,2023-06-04,0.4386,0.5614,0.0,0.4386
SOLUSDT,2023-06-05,0.0,0.0,1.0,0.0
SOLUSDT,2023-06-06,0.0,0.0,1.0,0.0
SOLUSDT,2023-06-07,0.0,0.0,1.0,0.0
SOLUSDT,2023-06-08,0.0,0.0,1.0,0.0
SOLUSDT,2023-06-09,0.0,0.0,1.0,0.0
SOLUSDT,2023-06-10,0.0,0.0,1.0,0.0
SOLUSDT,2023-06-11,0.0,0.0,1.0,0.0
SOLUSDT,2023-06-12,0.0,0.0,1.0,0.0
SOLUSDT,2023-06-13,0.0,0.0,1.0,0.0
SOLUSDT,2023-06-14,0.0,0.0,1.0,0.0
SOLUSDT,2023-06-15,0.0,0.0,1.0,0.0
SOLUSDT,2023-06-16,0.0,0.0,1.0,0.0
SOLUSDT,2023-06-17,0.0,0.0,1.0,0.0
SOLUSDT,2023-06-18,0.0,0.0,1.0,0.0
SOLUSDT,2023-06-19,0.8648,0.1352,0.0,0.8648
SOLUSDT,2023-06-20,0.9984,0.0016,0.0,0.9984
SOLUSDT,2023-06-21,1.0,0.0,0.0,1.0
SOLUSDT,2023-06-22,1.0,0.0,0.0,1.0
SOLUSDT,2023-06-23,0.9999,0.0001,0.0,0.9999
SOLUSDT,2023-06-24,0.9798,0.0202,0.0,0.9798
SOLUSDT,2023-06-25,0.9799,0.0201,0.0,0.9799
SOLUSDT,2023-06-26,0.3304,0.6696,0.0,0.3304
SOLUSDT,2023-06-27,0.0,0.0,1.0,0.0
SOLUSDT,2023-06-28,0.0,0.0,1.0,0.0
SOLUSDT,2023-06-29,0.9531,0.0469,0.0,0.9531
SOLUSDT,2023-06-30,0.9983,0.0017,0.0,0.9983
SOLUSDT,2023-07-01,0.9999,0.0001,0.0,0.9999
SOLUSDT,2023-07-02,1.0,0.0,0.0,1.0
SOLUSDT,2023-07-03,1.0,0.0,0.0,1.0
SOLUSDT,2023-07-04,1.0,0.0,0.0,1.0
SOLUSDT,2023-07-05,1.0,0.0,0.0,1.0
SOLUSDT,2023-07-06,0.9991,0.0009,0.0,0.9991
SOLUSDT,2023-07-07,1.0,0.0,0.0,1.0
SOLUSDT,2023-07-08,1.0,0.0,0.0,1.0
SOLUSDT,2023-07-09,0.9989,0.0011,0.0,0.9989
SOLUSDT,2023-07-10,0.9996,0.0004,0.0,0.9996
SOLUSDT,2023-07-11,1.0,0.0,0.0,1.0
SOLUSDT,2023-07-12,1.0,0.0,0.0,1.0
SOLUSDT,2023-07-13,1.0,0.0,0.0,1.0
SOLUSDT,2023-07-14,1.0,0.0,0.0,1.0
SOLUSDT,2023-07-15,1.0,0.0,0.0,1.0
SOLUSDT,2023-07-16,1.0,0.0,0.0,1.0
SOLUSDT,2023-07-17,1.0,0.0,0.0,1.0
SOLUSDT,2023-07-18,1.0,0.0,0.0,1.0
SOLUSDT,2023-07-19,1.0,0.0,0.0,1.0
SOLUSDT,2023-07-20,0.0,0.0,1.0,0.0
SOLUSDT,2023-07-21,0.0,0.0,1.0,0.0
SOLUSDT,2023-07-22,0.0,0.0,1.0,0.0
SOLUSDT,2023-07-23,0.0,0.0,1.0,0.0
SOLUSDT,2023-07-24,0.0,0.0,1.0,0.0
SOLUSDT,2023-07-25,0.0,0.0,1.0,0.0
SOLUSDT,2023-07-26,0.0,0.0,1.0,0.0
SOLUSDT,2023-07-27,0.0,0.0,1.0,0.0
SOLUSDT,2023-07-28,0.0,0.0,1.0,0.0
SOLUSDT,2023-07-29,0.0518,0.9482,0.0,0.0518
SOLUSDT,2023-07-30,0.0,0.0,1.0,0.0
SOLUSDT,2023-07-31,0.0981,0.9019,0.0,0.0981
SOLUSDT,2023-08-01,0.0469,0.9531,0.0,0.0469
SOLUSDT,2023-08-02,0.0,0.0,1.0,0.0
SOLUSDT,2023-08-03,0.0,0.0,1.0,0.0
SOLUSDT,2023-08-04,0.0,0.0,1.0,0.0
SOLUSDT,2023-08-05,0.0,0.0,1.0,0.0
SOLUSDT,2023-08-06,0.0,0.0,1.0,0.0
SOLUSDT,2023-08-07,0.0,0.0,1.0,0.0
SOLUSDT,2023-08-08,0.654,0.3459,0.0001,0.654
SOLUSDT,2023-08-09,0.8814,0.1186,0.0,0.8814
SOLUSDT,2023-08-10,0.9931,0.0069,0.0,0.9931
SOLUSDT,2023-08-11,0.9956,0.0044,0.0,0.9956
SOLUSDT,2023-08-12,0.9988,0.0012,0.0,0.9988
SOLUSDT,2023-08-13,0.9508,0.0492,0.0,0.9508
SOLUSDT,2023-08-14,0.9303,0.0697,0.0,0.9303
SOLUSDT,2023-08-15,0.0,0.0,1.0,0.0
SOLUSDT,2023-08-16,0.0,0.0,1.0,0.0
SOLUSDT,2023-08-17,0.0,0.0,1.0,0.0
SOLUSDT,2023-08-18,0.0,0.0,1.0,0.0
SOLUSDT,2023-08-19,0.0,0.0,1.0,0.0
SOLUSDT,2023-08-20,0.0,0.0,1.0,0.0
SOLUSDT,2023-08-21,0.0,0.0,1.0,0.0
SOLUSDT,2023-08-22,0.0,0.0,1.0,0.0
SOLUSDT,2023-08-23,0.0,0.0,1.0,0.0
SOLUSDT,2023-08-24,0.0,0.0,1.0,0.0
SOLUSDT,2023-08-25,0.0,0.0,1.0,0.0
SOLUSDT,2023-08-26,0.0,0.0,1.0,0.0
SOLUSDT,2023-08-27,0.0,0.0,1.0,0.0
SOLUSDT,2023-08-28,0.0,0.0,1.0,0.0
SOLUSDT,2023-08-29,0.2229,0.7771,0.0,0.2229
SOLUSDT,2023-08-30,0.0,0.0,1.0,0.0
SOLUSDT,2023-08-31,0.0,0.0,1.0,0.0
SOLUSDT,2023-09-01,0.0,0.0,1.0,0.0
SOLUSDT,2023-09-02,0.0,0.0,1.0,0.0
SOLUSDT,2023-09-03,0.0,0.0,1.0,0.0
SOLUSDT,2023-09-04,0.0,0.0,1.0,0.0
SOLUSDT,2023-09-05,0.0,0.0,1.0,0.0
SOLUSDT,2023-09-06,0.0,0.0,1.0,0.0
SOLUSDT,2023-09-07,0.1558,0.8441,0.0001,0.1558
SOLUSDT,2023-09-08,0.079,0.921,0.0,0.079
SOLUSDT,2023-09-09,0.0,0.0,1.0,0.0
SOLUSDT,2023-09-10,0.0,0.0,1.0,0.0
SOLUSDT,2023-09-11,0.0,0.0,1.0,0.0
SOLUSDT,2023-09-12,0.0,0.0,1.0,0.0
SOLUSDT,2023-09-13,0.0,0.0,1.0,0.0
SOLUSDT,2023-09-14,0.0,0.0,1.0,0.0
SOLUSDT,2023-09-15,0.0,0.0,1.0,0.0
SOLUSDT,2023-09-16,0.0,0.0,1.0,0.0
SOLUSDT,2023-09-17,0.7705,0.2295,0.0,0.7705
SOLUSDT,2023-09-18,0.9986,0.0014,0.0,0.9986
SOLUSDT,2023-09-19,0.9999,0.0001,0.0,0.9999
SOLUSDT,2023-09-20,0.9978,0.0022,0.0,0.9978
SOLUSDT,2023-09-21,0.7737,0.2263,0.0,0.7737
SOLUSDT,2023-09-22,0.5448,0.4552,0.0,0.5448
SOLUSDT,2023-09-23,0.3564,0.6436,0.0,0.3564
SOLUSDT,2023-09-24,0.1666,0.8334,0.0,0.1666
SOLUSDT,2023-09-25,0.0,0.0,1.0,0.0
SOLUSDT,2023-09-26,0.0,0.0,1.0,0.0
SOLUSDT,2023-09-27,0.0,0.0,1.0,0.0
SOLUSDT,2023-09-28,0.656,0.344,0.0,0.656
SOLUSDT,2023-09-29,0.8547,0.1453,0.0,0.8547
SOLUSDT,2023-09-30,0.9975,0.0025,0.0,0.9975
SOLUSDT,2023-10-01,1.0,0.0,0.0,1.0
SOLUSDT,2023-10-02,1.0,0.0,0.0,1.0
SOLUSDT,2023-10-03,1.0,0.0,0.0,1.0
SOLUSDT,2023-10-04,1.0,0.0,0.0,1.0
SOLUSDT,2023-10-05,1.0,0.0,0.0,1.0
SOLUSDT,2023-10-06,1.0,0.0,0.0,1.0
SOLUSDT,2023-10-07,0.9406,0.0594,0.0,0.9406
SOLUSDT,2023-10-08,0.0,0.0,1.0,0.0
SOLUSDT,2023-10-09,0.0,0.0,1.0,0.0
SOLUSDT,2023-10-10,0.0,0.0,1.0,0.0
SOLUSDT,2023-10-11,0.0,0.0,1.0,0.0
SOLUSDT,2023-10-12,0.0,0.0,1.0,0.0
SOLUSDT,2023-10-13,0.0,0.0,1.0,0.0
SOLUSDT,2023-10-14,0.0,0.0,1.0,0.0
SOLUSDT,2023-10-15,0.0,0.0,1.0,0.0
SOLUSDT,2023-10-16,0.9753,0.0247,0.0,0.9753
SOLUSDT,2023-10-17,0.9941,0.0059,0.0,0.9941
SOLUSDT,2023-10-18,0.9867,0.0133,0.0,0.9867
SOLUSDT,2023-10-19,1.0,0.0,0.0,1.0
SOLUSDT,2023-10-20,1.0,0.0,0.0,1.0
SOLUSDT,2023-10-21,1.0,0.0,0.0,1.0
SOLUSDT,2023-10-22,1.0,0.0,0.0,1.0
SOLUSDT,2023-10-23,1.0,0.0,0.0,1.0
SOLUSDT,2023-10-24,1.0,0.0,0.0,1.0
SOLUSDT,2023-10-25,1.0,0.0,0.0,1.0
SOLUSDT,2023-10-26,1.0,0.0,0.0,1.0
SOLUSDT,2023-10-27,1.0,0.0,0.0,1.0
SOLUSDT,2023-10-28,0.9925,0.0075,0.0,0.9925
SOLUSDT,2023-10-29,1.0,0.0,0.0,1.0
SOLUSDT,2023-10-30,0.9987,0.0013,0.0,0.9987
SOLUSDT,2023-10-31,1.0,0.0,0.0,1.0
SOLUSDT,2023-11-01,1.0,0.0,0.0,1.0
SOLUSDT,2023-11-02,1.0,0.0,0.0,1.0
SOLUSDT,2023-11-03,1.0,0.0,0.0,1.0
SOLUSDT,2023-11-04,1.0,0.0,0.0,1.0
SOLUSDT,2023-11-05,1.0,0.0,0.0,1.0
SOLUSDT,2023-11-06,1.0,0.0,0.0,1.0
SOLUSDT,2023-11-07,0.9997,0.0003,0.0,0.9997
SOLUSDT,2023-11-08,0.9553,0.0447,0.0,0.9553
SOLUSDT,2023-11-09,0.9999,0.0001,0.0,0.9999
SOLUSDT,2023-11-10,1.0,0.0,0.0,1.0
SOLUSDT,2023-11-11,1.0,0.0,0.0,1.0
SOLUSDT,2023-11-12,1.0,0.0,0.0,1.0
SOLUSDT,2023-11-13,1.0,0.0,0.0,1.0
SOLUSDT,2023-11-14,1.0,0.0,0.0,1.0
SOLUSDT,2023-11-15,1.0,0.0,0.0,1.0
SOLUSDT,2023-11-16,1.0,0.0,0.0,1.0
SOLUSDT,2023-11-17,0.185,0.815,0.0,0.185
SOLUSDT,2023-11-18,0.103,0.897,0.0,0.103
SOLUSDT,2023-11-19,0.2219,0.7781,0.0,0.2219
SOLUSDT,2023-11-20,0.1263,0.8737,0.0,0.1263
SOLUSDT,2023-11-21,0.0,0.0,1.0,0.0
SOLUSDT,2023-11-22,0.0,0.0,1.0,0.0
SOLUSDT,2023-11-23,0.0,0.0,1.0,0.0
SOLUSDT,2023-11-24,0.0,0.0,1.0,0.0
SOLUSDT,2023-11-25,0.0093,0.99,0.0007,0.0093
SOLUSDT,2023-11-26,0.0,0.0,1.0,0.0
SOLUSDT,2023-11-27,0.0,0.0,1.0,0.0
SOLUSDT,2023-11-28,0.6979,0.3021,0.0,0.6979
SOLUSDT,2023-11-29,0.0898,0.9102,0.0,0.0898
SOLUSDT,2023-11-30,0.0731,0.9269,0.0,0.0731
SOLUSDT,2023-12-01,0.3431,0.6569,0.0,0.3431
SOLUSDT,2023-12-02,0.8249,0.1751,0.0,0.8249
SOLUSDT,2023-12-03,0.9706,0.0294,0.0,0.9706
SOLUSDT,2023-12-04,0.9969,0.0031,0.0,0.9969
SOLUSDT,2023-12-05,0.8765,0.1235,0.0,0.8765
SOLUSDT,2023-12-06,0.8967,0.1033,0.0,0.8967
SOLUSDT,2023-12-07,1.0,0.0,0.0,1.0
SOLUSDT,2023-12-08,1.0,0.0,0.0,1.0
SOLUSDT,2023-12-09,1.0,0.0,0.0,1.0
SOLUSDT,2023-12-10,1.0,0.0,0.0,1.0
SOLUSDT,2023-12-11,1.0,0.0,0.0,1.0
SOLUSDT,2023-12-12,0.9999,0.0001,0.0,0.9999
SOLUSDT,2023-12-13,1.0,0.0,0.0,1.0
SOLUSDT,2023-12-14,0.9932,0.0068,0.0,0.9932
SOLUSDT,2023-12-15,0.0,0.0,1.0,0.0
SOLUSDT,2023-12-16,0.0572,0.9428,0.0,0.0572
SOLUSDT,2023-12-17,0.0,0.0,1.0,0.0
SOLUSDT,2023-12-18,0.8114,0.1886,0.0,0.8114
SOLUSDT,2023-12-19,0.9409,0.0591,0.0,0.9409
SOLUSDT,2023-12-20,1.0,0.0,0.0,1.0
SOLUSDT,2023-12-21,1.0,0.0,0.0,1.0
SOLUSDT,2023-12-22,1.0,0.0,0.0,1.0
SOLUSDT,2023-12-23,1.0,0.0,0.0,1.0
SOLUSDT,2023-12-24,1.0,0.0,0.0,1.0
SOLUSDT,2023-12-25,1.0,0.0,0.0,1.0
SOLUSDT,2023-12-26,1.0,0.0,0.0,1.0
SOLUSDT,2023-12-27,1.0,0.0,0.0,1.0
SOLUSDT,2023-12-28,0.9445,0.0555,0.0,0.9445
SOLUSDT,2023-12-29,0.7151,0.2849,0.0,0.7151
SOLUSDT,2023-12-30,0.0,0.0,1.0,0.0
SOLUSDT,2023-12-31,0.0,0.0,1.0,0.0
SOLUSDT,2024-01-01,0.0,0.0,1.0,0.0
SOLUSDT,2024-01-02,0.0,0.0,1.0,0.0
SOLUSDT,2024-01-03,0.0,0.0,1.0,0.0
SOLUSDT,2024-01-04,0.0285,0.9715,0.0,0.0285
SOLUSDT,2024-01-05,0.0,0.0,1.0,0.0
SOLUSDT,2024-01-06,0.0,0.0,1.0,0.0
SOLUSDT,2024-01-07,0.0,0.0,1.0,0.0
SOLUSDT,2024-01-08,0.0,0.0,1.0,0.0
SOLUSDT,2024-01-09,0.0,0.0,1.0,0.0
SOLUSDT,2024-01-10,0.0307,0.9693,0.0,0.0307
SOLUSDT,2024-01-11,0.0,0.0,1.0,0.0
SOLUSDT,2024-01-12,0.0,0.0,1.0,0.0
SOLUSDT,2024-01-13,0.0959,0.9041,0.0,0.0959
SOLUSDT,2024-01-14,0.0682,0.9318,0.0,0.0682
SOLUSDT,2024-01-15,0.0,0.0,1.0,0.0
SOLUSDT,2024-01-16,0.0,0.0,1.0,0.0
SOLUSDT,2024-01-17,0.0559,0.929,0.0151,0.0559
SOLUSDT,2024-01-18,0.0,0.0,1.0,0.0
SOLUSDT,2024-01-19,0.0477,0.9523,0.0,0.0477
SOLUSDT,2024-01-20,0.0,0.0,1.0,0.0
SOLUSDT,2024-01-21,0.0,0.0,1.0,0.0
SOLUSDT,2024-01-22,0.0,0.0,1.0,0.0
SOLUSDT,2024-01-23,0.0,0.0,1.0,0.0
SOLUSDT,2024-01-24,0.0,0.0,1.0,0.0
SOLUSDT,2024-01-25,0.0,0.0,1.0,0.0
SOLUSDT,2024-01-26,0.0,0.0,1.0,0.0
SOLUSDT,2024-01-27,0.5734,0.4266,0.0,0.5734
SOLUSDT,2024-01-28,0.8353,0.1647,0.0,0.8353
SOLUSDT,2024-01-29,1.0,0.0,0.0,1.0
SOLUSDT,2024-01-30,1.0,0.0,0.0,1.0
SOLUSDT,2024-01-31,0.9983,0.0017,0.0,0.9983
SOLUSDT,2024-02-01,0.9999,0.0001,0.0,0.9999
SOLUSDT,2024-02-02,0.967,0.033,0.0,0.967
SOLUSDT,2024-02-03,0.4266,0.5734,0.0,0.4266
SOLUSDT,2024-02-04,0.0,0.0,1.0,0.0
SOLUSDT,2024-02-05,0.0,0.0,1.0,0.0
SOLUSDT,2024-02-06,0.0,0.0,1.0,0.0
SOLUSDT,2024-02-07,0.7036,0.2964,0.0,0.7036
SOLUSDT,2024-02-08,0.8668,0.1332,0.0,0.8668
SOLUSDT,2024-02-09,0.964,0.036,0.0,0.964
SOLUSDT,2024-02-10,0.9998,0.0002,0.0,0.9998
SOLUSDT,2024-02-11,1.0,0.0,0.0,1.0
SOLUSDT,2024-02-12,1.0,0.0,0.0,1.0
SOLUSDT,2024-02-13,1.0,0.0,0.0,1.0
SOLUSDT,2024-02-14,1.0,0.0,0.0,1.0
SOLUSDT,2024-02-15,0.9963,0.0037,0.0,0.9963
SOLUSDT,2024-02-16,0.4323,0.5677,0.0,0.4323
SOLUSDT,2024-02-17,0.0,0.0,1.0,0.0
SOLUSDT,2024-02-18,0.1229,0.8771,0.0,0.1229
SOLUSDT,2024-02-19,0.0,0.0,1.0,0.0
SOLUSDT,2024-02-20,0.0,0.0,1.0,0.0
SOLUSDT,2024-02-21,0.0,0.0,1.0,0.0
SOLUSDT,2024-02-22,0.0,0.0,1.0,0.0
SOLUSDT,2024-02-23,0.0,0.0,1.0,0.0
SOLUSDT,2024-02-24,0.0,0.0,1.0,0.0
SOLUSDT,2024-02-25,0.0,0.0,1.0,0.0
SOLUSDT,2024-02-26,0.0,0.0,1.0,0.0
SOLUSDT,2024-02-27,0.0,0.0,1.0,0.0
SOLUSDT,2024-02-28,0.9997,0.0003,0.0,0.9997
SOLUSDT,2024-02-29,1.0,0.0,0.0,1.0
SOLUSDT,2024-03-01,1.0,0.0,0.0,1.0
SOLUSDT,2024-03-02,1.0,0.0,0.0,1.0
SOLUSDT,2024-03-03,1.0,0.0,0.0,1.0
SOLUSDT,2024-03-04,1.0,0.0,0.0,1.0
SOLUSDT,2024-03-05,1.0,0.0,0.0,1.0
SOLUSDT,2024-03-06,0.9997,0.0003,0.0,0.9997
SOLUSDT,2024-03-07,1.0,0.0,0.0,1.0
SOLUSDT,2024-03-08,0.9999,0.0001,0.0,0.9999
SOLUSDT,2024-03-09,0.9998,0.0002,0.0,0.9998
SOLUSDT,2024-03-10,0.9996,0.0004,0.0,0.9996
SOLUSDT,2024-03-11,0.9999,0.0001,0.0,0.9999
SOLUSDT,2024-03-12,1.0,0.0,0.0,1.0
SOLUSDT,2024-03-13,1.0,0.0,0.0,1.0
SOLUSDT,2024-03-14,1.0,0.0,0.0,1.0
SOLUSDT,2024-03-15,1.0,0.0,0.0,1.0
SOLUSDT,2024-03-16,1.0,0.0,0.0,1.0
SOLUSDT,2024-03-17,1.0,0.0,0.0,1.0
SOLUSDT,2024-03-18,1.0,0.0,0.0,1.0
SOLUSDT,2024-03-19,0.9999,0.0001,0.0,0.9999
SOLUSDT,2024-03-20,1.0,0.0,0.0,1.0
SOLUSDT,2024-03-21,0.2035,0.7965,0.0,0.2035
SOLUSDT,2024-03-22,0.0,0.0,1.0,0.0
SOLUSDT,2024-03-23,0.0,0.0,1.0,0.0
SOLUSDT,2024-03-24,0.0,0.0,1.0,0.0
SOLUSDT,2024-03-25,0.0,0.0,1.0,0.0
SOLUSDT,2024-03-26,0.9414,0.0586,0.0,0.9414
SOLUSDT,2024-03-27,0.0,0.0,1.0,0.0
SOLUSDT,2024-03-28,0.7643,0.2357,0.0,0.7643
SOLUSDT,2024-03-29,0.9904,0.0096,0.0,0.9904
SOLUSDT,2024-03-30,0.9997,0.0003,0.0,0.9997
SOLUSDT,2024-03-31,0.9781,0.0219,0.0,0.9781
SOLUSDT,2024-04-01,0.2078,0.7922,0.0,0.2078
SOLUSDT,2024-04-02,0.0,0.0,1.0,0.0
SOLUSDT,2024-04-03,0.0,0.0,1.0,0.0
SOLUSDT,2024-04-04,0.0,0.0,1.0,0.0
SOLUSDT,2024-04-05,0.0,0.0,1.0,0.0
SOLUSDT,2024-04-06,0.0,0.0,1.0,0.0
SOLUSDT,2024-04-07,0.0,0.0,1.0,0.0
SOLUSDT,2024-04-08,0.0,0.0,1.0,0.0
SOLUSDT,2024-04-09,0.0,0.0,1.0,0.0
SOLUSDT,2024-04-10,0.0,0.0,1.0,0.0
SOLUSDT,2024-04-11,0.0,0.0,1.0,0.0
SOLUSDT,2024-04-12,0.0,0.0,1.0,0.0
SOLUSDT,2024-04-13,0.0,0.0,1.0,0.0
SOLUSDT,2024-04-14,0.0,0.0,1.0,0.0
SOLUSDT,2024-04-15,0.0,0.0,1.0,0.0
SOLUSDT,2024-04-16,0.0,0.0,1.0,0.0
SOLUSDT,2024-04-17,0.0,0.0,1.0,0.0
SOLUSDT,2024-04-18,0.0,0.0,1.0,0.0
SOLUSDT,2024-04-19,0.0,0.0,1.0,0.0
SOLUSDT,2024-04-20,0.4008,0.5992,0.0,0.4008
SOLUSDT,2024-04-21,0.0,0.0,1.0,0.0
SOLUSDT,2024-04-22,0.9998,0.0002,0.0,0.9998
SOLUSDT,2024-04-23,1.0,0.0,0.0,1.0
SOLUSDT,2024-04-24,0.9974,0.0026,0.0,0.9974
SOLUSDT,2024-04-25,0.2735,0.7265,0.0,0.2735
SOLUSDT,2024-04-26,0.0,0.0,1.0,0.0
SOLUSDT,2024-04-27,0.0,0.0,1.0,0.0
SOLUSDT,2024-04-28,0.0,0.0,1.0,0.0
SOLUSDT,2024-04-29,0.0,0.0,1.0,0.0
SOLUSDT,2024-04-30,0.0,0.0,1.0,0.0
SOLUSDT,2024-05-01,0.0,0.0,1.0,0.0
SOLUSDT,2024-05-02,0.0,0.0,1.0,0.0
SOLUSDT,2024-05-03,0.4424,0.5576,0.0,0.4424
SOLUSDT,2024-05-04,0.6105,0.3895,0.0,0.6105
SOLUSDT,2024-05-05,0.8595,0.1405,0.0,0.8595
SOLUSDT,2024-05-06,0.9988,0.0012,0.0,0.9988
SOLUSDT,2024-05-07,1.0,0.0,0.0,1.0
SOLUSDT,2024-05-08,0.9785,0.0215,0.0,0.9785
SOLUSDT,2024-05-09,0.9932,0.0068,0.0,0.9932
SOLUSDT,2024-05-10,0.3336,0.6664,0.0,0.3336
SOLUSDT,2024-05-11,0.0,0.0,1.0,0.0
SOLUSDT,2024-05-12,0.0,0.0,1.0,0.0
SOLUSDT,2024-05-13,0.0,0.0,1.0,0.0
SOLUSDT,2024-05-14,0.0,0.0,1.0,0.0
SOLUSDT,2024-05-15,0.9959,0.0041,0.0,0.9959
SOLUSDT,2024-05-16,0.9577,0.0423,0.0,0.9577
SOLUSDT,2024-05-17,1.0,0.0,0.0,1.0
SOLUSDT,2024-05-18,1.0,0.0,0.0,1.0
SOLUSDT,2024-05-19,1.0,0.0,0.0,1.0
SOLUSDT,2024-05-20,1.0,0.0,0.0,1.0
SOLUSDT,2024-05-21,1.0,0.0,0.0,1.0
SOLUSDT,2024-05-22,0.9998,0.0002,0.0,0.9998
SOLUSDT,2024-05-23,0.9818,0.0182,0.0,0.9818
SOLUSDT,2024-05-24,0.0,0.0,1.0,0.0
SOLUSDT,2024-05-25,0.0,0.0,1.0,0.0
SOLUSDT,2024-05-26,0.0,0.0,1.0,0.0
SOLUSDT,2024-05-27,0.0,0.0,1.0,0.0
SOLUSDT,2024-05-28,0.0,0.0,1.0,0.0
SOLUSDT,2024-05-29,0.0,0.0,1.0,0.0
SOLUSDT,2024-05-30,0.0,0.0,1.0,0.0
SOLUSDT,2024-05-31,0.0,0.0,1.0,0.0
SOLUSDT,2024-06-01,0.0,0.0,1.0,0.0
SOLUSDT,2024-06-02,0.0,0.0,1.0,0.0
SOLUSDT,2024-06-03,0.0,0.0,1.0,0.0
SOLUSDT,2024-06-04,0.2093,0.7907,0.0,0.2093
SOLUSDT,2024-06-05,0.1865,0.8135,0.0,0.1865
SOLUSDT,2024-06-06,0.0893,0.9107,0.0,0.0893
SOLUSDT,2024-06-07,0.0,0.0,1.0,0.0
SOLUSDT,2024-06-08,0.0,0.0,1.0,0.0
SOLUSDT,2024-06-09,0.0,0.0,1.0,0.0
SOLUSDT,2024-06-10,0.0,0.0,1.0,0.0
SOLUSDT,2024-06-11,0.0,0.0,1.0,0.0
SOLUSDT,2024-06-12,0.0,0.0,1.0,0.0
SOLUSDT,2024-06-13,0.0,0.0,1.0,0.0
SOLUSDT,2024-06-14,0.0,0.0,1.0,0.0
SOLUSDT,2024-06-15,0.0,0.0,1.0,0.0
SOLUSDT,2024-06-16,0.0,0.0,1.0,0.0
SOLUSDT,2024-06-17,0.0,0.0,1.0,0.0
SOLUSDT,2024-06-18,0.0,0.0,1.0,0.0
SOLUSDT,2024-06-19,0.0,0.0,1.0,0.0
SOLUSDT,2024-06-20,0.0,0.0,1.0,0.0
SOLUSDT,2024-06-21,0.0,0.0,1.0,0.0
SOLUSDT,2024-06-22,0.0,0.0,1.0,0.0
SOLUSDT,2024-06-23,0.0,0.0,1.0,0.0
SOLUSDT,2024-06-24,0.0,0.0,1.0,0.0
SOLUSDT,2024-06-25,0.0,0.0,1.0,0.0
SOLUSDT,2024-06-26,0.7289,0.2709,0.0002,0.7289
SOLUSDT,2024-06-27,0.9987,0.0013,0.0,0.9987
SOLUSDT,2024-06-28,0.9399,0.0601,0.0,0.9399
SOLUSDT,2024-06-29,0.9502,0.0498,0.0,0.9502
SOLUSDT,2024-06-30,1.0,0.0,0.0,1.0
SOLUSDT,2024-07-01,0.9997,0.0003,0.0,0.9997
SOLUSDT,2024-07-02,0.9994,0.0006,0.0,0.9994
SOLUSDT,2024-07-03,0.3625,0.6375,0.0,0.3625
SOLUSDT,2024-07-04,0.0,0.0,1.0,0.0
SOLUSDT,2024-07-05,0.0,0.0,1.0,0.0
SOLUSDT,2024-07-06,0.0528,0.9472,0.0,0.0528
SOLUSDT,2024-07-07,0.0,0.0,1.0,0.0
SOLUSDT,2024-07-08,0.0,0.0,1.0,0.0
SOLUSDT,2024-07-09,0.0,0.0,1.0,0.0
SOLUSDT,2024-07-10,0.229,0.7709,0.0001,0.229
SOLUSDT,2024-07-11,0.2706,0.7294,0.0,0.2706
SOLUSDT,2024-07-12,0.1034,0.8966,0.0,0.1034
SOLUSDT,2024-07-13,0.0,0.0,1.0,0.0
SOLUSDT,2024-07-14,0.9988,0.0012,0.0,0.9988
SOLUSDT,2024-07-15,1.0,0.0,0.0,1.0
SOLUSDT,2024-07-16,1.0,0.0,0.0,1.0
SOLUSDT,2024-07-17,0.9975,0.0025,0.0,0.9975
SOLUSDT,2024-07-18,1.0,0.0,0.0,1.0
SOLUSDT,2024-07-19,1.0,0.0,0.0,1.0
SOLUSDT,2024-07-20,1.0,0.0,0.0,1.0
SOLUSDT,2024-07-21,1.0,0.0,0.0,1.0
SOLUSDT,2024-07-22,0.9998,0.0002,0.0,0.9998
SOLUSDT,2024-07-23,0.9898,0.0102,0.0,0.9898
SOLUSDT,2024-07-24,1.0,0.0,0.0,1.0
SOLUSDT,2024-07-25,0.9938,0.0062,0.0,0.9938
SOLUSDT,2024-07-26,0.9826,0.0174,0.0,0.9826
SOLUSDT,2024-07-27,0.8606,0.1394,0.0,0.8606
SOLUSDT,2024-07-28,0.6009,0.3986,0.0005,0.6009
SOLUSDT,2024-07-29,0.3873,0.6127,0.0,0.3873
SOLUSDT,2024-07-30,0.1876,0.8124,0.0,0.1876
SOLUSDT,2024-07-31,0.0,0.0,1.0,0.0
SOLUSDT,2024-08-01,0.0,0.0,1.0,0.0
SOLUSDT,2024-08-02,0.0,0.0,1.0,0.0
SOLUSDT,2024-08-03,0.0,0.0,1.0,0.0
SOLUSDT,2024-08-04,0.0,0.0,1.0,0.0
SOLUSDT,2024-08-05,0.0,0.0,1.0,0.0
SOLUSDT,2024-08-06,0.0,0.0,1.0,0.0
SOLUSDT,2024-08-07,0.0,0.0,1.0,0.0
SOLUSDT,2024-08-08,0.0,0.0,1.0,0.0
SOLUSDT,2024-08-09,0.4929,0.5071,0.0,0.4929
SOLUSDT,2024-08-10,0.7837,0.2163,0.0,0.7837
SOLUSDT,2024-08-11,0.795,0.205,0.0,0.795
SOLUSDT,2024-08-12,0.9927,0.0073,0.0,0.9927
SOLUSDT,2024-08-13,0.2465,0.7535,0.0,0.2465
SOLUSDT,2024-08-14,0.0,0.0,1.0,0.0
SOLUSDT,2024-08-15,0.0,0.0,1.0,0.0
SOLUSDT,2024-08-16,0.0,0.0,1.0,0.0
SOLUSDT,2024-08-17,0.0,0.0,1.0,0.0
SOLUSDT,2024-08-18,0.0494,0.9499,0.0007,0.0494
SOLUSDT,2024-08-19,0.0,0.0,1.0,0.0
SOLUSDT,2024-08-20,0.0,0.0,1.0,0.0
SOLUSDT,2024-08-21,0.0,0.0,1.0,0.0
SOLUSDT,2024-08-22,0.6478,0.3499,0.0023,0.6478
SOLUSDT,2024-08-23,0.9879,0.0121,0.0,0.9879
SOLUSDT,2024-08-24,1.0,0.0,0.0,1.0
SOLUSDT,2024-08-25,0.9996,0.0004,0.0,0.9996
SOLUSDT,2024-08-26,0.9704,0.0296,0.0,0.9704
SOLUSDT,2024-08-27,0.5257,0.4743,0.0,0.5257
SOLUSDT,2024-08-28,0.1854,0.8145,0.0001,0.1854
SOLUSDT,2024-08-29,0.0,0.0,1.0,0.0
SOLUSDT,2024-08-30,0.0,0.0,1.0,0.0
SOLUSDT,2024-08-31,0.0,0.0,1.0,0.0
SOLUSDT,2024-09-01,0.0,0.0,1.0,0.0
SOLUSDT,2024-09-02,0.0,0.0,1.0,0.0
SOLUSDT,2024-09-03,0.0,0.0,1.0,0.0
SOLUSDT,2024-09-04,0.0,0.0,1.0,0.0
SOLUSDT,2024-09-05,0.0,0.0,1.0,0.0
SOLUSDT,2024-09-06,0.0,0.0,1.0,0.0
SOLUSDT,2024-09-07,0.0,0.0,1.0,0.0
SOLUSDT,2024-09-08,0.2787,0.7213,0.0,0.2787
SOLUSDT,2024-09-09,0.2854,0.7131,0.0014,0.2854
SOLUSDT,2024-09-10,0.2655,0.7345,0.0,0.2655
SOLUSDT,2024-09-11,0.0,0.0,1.0,0.0
SOLUSDT,2024-09-12,0.8562,0.1438,0.0,0.8562
SOLUSDT,2024-09-13,0.9983,0.0017,0.0,0.9983
SOLUSDT,2024-09-14,0.9229,0.0771,0.0,0.9229
SOLUSDT,2024-09-15,0.3398,0.6602,0.0,0.3398
SOLUSDT,2024-09-16,0.0,0.0,1.0,0.0
SOLUSDT,2024-09-17,0.0,0.0,1.0,0.0
SOLUSDT,2024-09-18,0.6109,0.3891,0.0,0.6109
SOLUSDT,2024-09-19,0.8125,0.1875,0.0,0.8125
SOLUSDT,2024-09-20,0.9257,0.0743,0.0,0.9257
SOLUSDT,2024-09-21,0.9959,0.0041,0.0,0.9959
SOLUSDT,2024-09-22,0.9994,0.0006,0.0,0.9994
SOLUSDT,2024-09-23,0.9995,0.0005,0.0,0.9995
SOLUSDT,2024-09-24,1.0,0.0,0.0,1.0
SOLUSDT,2024-09-25,0.9996,0.0004,0.0,0.9996
SOLUSDT,2024-09-26,0.9982,0.0018,0.0,0.9982
SOLUSDT,2024-09-27,0.9931,0.0069,0.0,0.9931
SOLUSDT,2024-09-28,0.9729,0.0271,0.0,0.9729
SOLUSDT,2024-09-29,0.9883,0.0117,0.0,0.9883
SOLUSDT,2024-09-30,0.6129,0.3871,0.0,0.6129
SOLUSDT,2024-10-01,0.0,0.0,1.0,0.0
SOLUSDT,2024-10-02,0.0,0.0,1.0,0.0
SOLUSDT,2024-10-03,0.0,0.0,1.0,0.0
SOLUSDT,2024-10-04,0.0,0.0,1.0,0.0
SOLUSDT,2024-10-05,0.0,0.0,1.0,0.0
SOLUSDT,2024-10-06,0.0,0.0,1.0,0.0
SOLUSDT,2024-10-07,0.0,0.0,1.0,0.0
SOLUSDT,2024-10-08,0.0,0.0,1.0,0.0
SOLUSDT,2024-10-09,0.0,0.0,1.0,0.0
SOLUSDT,2024-10-10,0.4277,0.5723,0.0,0.4277
SOLUSDT,2024-10-11,0.5159,0.4841,0.0,0.5159
SOLUSDT,2024-10-12,0.6336,0.3664,0.0,0.6336
SOLUSDT,2024-10-13,0.7749,0.225,0.0,0.7749
SOLUSDT,2024-10-14,0.9928,0.0072,0.0,0.9928
SOLUSDT,2024-10-15,0.9956,0.0044,0.0,0.9956
SOLUSDT,2024-10-16,0.9997,0.0003,0.0,0.9997
SOLUSDT,2024-10-17,0.9966,0.0034,0.0,0.9966
SOLUSDT,2024-10-18,0.9901,0.0099,0.0,0.9901
SOLUSDT,2024-10-19,0.9982,0.0018,0.0,0.9982
SOLUSDT,2024-10-20,1.0,0.0,0.0,1.0
SOLUSDT,2024-10-21,0.9827,0.0173,0.0,0.9827
SOLUSDT,2024-10-22,0.9959,0.0041,0.0,0.9959
SOLUSDT,2024-10-23,0.9998,0.0002,0.0,0.9998
SOLUSDT,2024-10-24,1.0,0.0,0.0,1.0
SOLUSDT,2024-10-25,0.9866,0.0134,0.0,0.9866
SOLUSDT,2024-10-26,0.9868,0.0132,0.0,0.9868
SOLUSDT,2024-10-27,0.9756,0.0244,0.0,0.9756
SOLUSDT,2024-10-28,0.9763,0.0237,0.0,0.9763
SOLUSDT,2024-10-29,0.9066,0.0934,0.0,0.9066
SOLUSDT,2024-10-30,0.3535,0.6465,0.0,0.3535
SOLUSDT,2024-10-31,0.0,0.0,1.0,0.0
SOLUSDT,2024-11-01,0.0722,0.9277,0.0002,0.0722
SOLUSDT,2024-11-02,0.0,0.0,1.0,0.0
SOLUSDT,2024-11-03,0.0,0.0,1.0,0.0
SOLUSDT,2024-11-04,0.0,0.0,1.0,0.0
SOLUSDT,2024-11-05,0.0,0.0,1.0,0.0
SOLUSDT,2024-11-06,0.9303,0.0697,0.0,0.9303
SOLUSDT,2024-11-07,1.0,0.0,0.0,1.0
SOLUSDT,2024-11-08,1.0,0.0,0.0,1.0
SOLUSDT,2024-11-09,1.0,0.0,0.0,1.0
SOLUSDT,2024-11-10,1.0,0.0,0.0,1.0
SOLUSDT,2024-11-11,1.0,0.0,0.0,1.0
SOLUSDT,2024-11-12,1.0,0.0,0.0,1.0
SOLUSDT,2024-11-13,1.0,0.0,0.0,1.0
SOLUSDT,2024-11-14,0.986,0.014,0.0,0.986
SOLUSDT,2024-11-15,0.9973,0.0027,0.0,0.9973
SOLUSDT,2024-11-16,0.9945,0.0055,0.0,0.9945
SOLUSDT,2024-11-17,1.0,0.0,0.0,1.0
SOLUSDT,2024-11-18,0.9934,0.0066,0.0,0.9934
SOLUSDT,2024-11-19,0.9999,0.0001,0.0,0.9999
SOLUSDT,2024-11-20,0.9984,0.0016,0.0,0.9984
SOLUSDT,2024-11-21,1.0,0.0,0.0,1.0
SOLUSDT,2024-11-22,1.0,0.0,0.0,1.0
SOLUSDT,2024-11-23,1.0,0.0,0.0,1.0
SOLUSDT,2024-11-24,0.6589,0.3411,0.0,0.6589
SOLUSDT,2024-11-25,0.0,0.0,1.0,0.0
SOLUSDT,2024-11-26,0.0,0.0,1.0,0.0
SOLUSDT,2024-11-27,0.0696,0.9304,0.0,0.0696
SOLUSDT,2024-11-28,0.0,0.0,1.0,0.0
SOLUSDT,2024-11-29,0.0,0.0,1.0,0.0
SOLUSDT,2024-11-30,0.0,0.0,1.0,0.0
SOLUSDT,2024-12-01,0.0,0.0,1.0,0.0
SOLUSDT,2024-12-02,0.0,0.0,1.0,0.0
SOLUSDT,2024-12-03,0.0642,0.9358,0.0,0.0642
SOLUSDT,2024-12-04,0.0,0.0,1.0,0.0
SOLUSDT,2024-12-05,0.0,0.0,1.0,0.0
SOLUSDT,2024-12-06,0.0,0.0,1.0,0.0
SOLUSDT,2024-12-07,0.069,0.9214,0.0096,0.069
SOLUSDT,2024-12-08,0.0,0.0,1.0,0.0
SOLUSDT,2024-12-09,0.0,0.0,1.0,0.0
SOLUSDT,2024-12-10,0.0,0.0,1.0,0.0
SOLUSDT,2024-12-11,0.0,0.0,1.0,0.0
SOLUSDT,2024-12-12,0.0,0.0,1.0,0.0
SOLUSDT,2024-12-13,0.0,0.0,1.0,0.0
SOLUSDT,2024-12-14,0.0,0.0,1.0,0.0
SOLUSDT,2024-12-15,0.0,0.0,1.0,0.0
SOLUSDT,2024-12-16,0.0,0.0,1.0,0.0
SOLUSDT,2024-12-17,0.1116,0.8884,0.0,0.1116
SOLUSDT,2024-12-18,0.0,0.0,1.0,0.0
SOLUSDT,2024-12-19,0.0,0.0,1.0,0.0
SOLUSDT,2024-12-20,0.0,0.0,1.0,0.0
SOLUSDT,2024-12-21,0.0,0.0,1.0,0.0
SOLUSDT,2024-12-22,0.0,0.0,1.0,0.0
SOLUSDT,2024-12-23,0.0,0.0,1.0,0.0
SOLUSDT,2024-12-24,0.0,0.0,1.0,0.0
SOLUSDT,2024-12-25,0.0,0.0,1.0,0.0
SOLUSDT,2024-12-26,0.0,0.0,1.0,0.0
SOLUSDT,2024-12-27,0.0,0.0,1.0,0.0
SOLUSDT,2024-12-28,0.7446,0.2554,0.0,0.7446
SOLUSDT,2024-12-29,0.5728,0.4272,0.0,0.5728
SOLUSDT,2024-12-30,0.2143,0.7854,0.0003,0.2143
SOLUSDT,2024-12-31,0.0,0.0,1.0,0.0
SOLUSDT,2025-01-01,0.0,0.0,1.0,0.0
SOLUSDT,2025-01-02,0.996,0.004,0.0,0.996
SOLUSDT,2025-01-03,1.0,0.0,0.0,1.0
SOLUSDT,2025-01-04,0.9997,0.0003,0.0,0.9997
SOLUSDT,2025-01-05,0.9999,0.0001,0.0,0.9999
SOLUSDT,2025-01-06,1.0,0.0,0.0,1.0
SOLUSDT,2025-01-07,0.8526,0.1474,0.0,0.8526
SOLUSDT,2025-01-08,0.2964,0.7036,0.0,0.2964
SOLUSDT,2025-01-09,0.0,0.0,1.0,0.0
SOLUSDT,2025-01-10,0.0,0.0,1.0,0.0
SOLUSDT,2025-01-11,0.0,0.0,1.0,0.0
SOLUSDT,2025-01-12,0.0,0.0,1.0,0.0
SOLUSDT,2025-01-13,0.0,0.0,1.0,0.0
SOLUSDT,2025-01-14,0.0,0.0,1.0,0.0
SOLUSDT,2025-01-15,0.7777,0.2223,0.0,0.7777
SOLUSDT,2025-01-16,1.0,0.0,0.0,1.0
SOLUSDT,2025-01-17,1.0,0.0,0.0,1.0
SOLUSDT,2025-01-18,1.0,0.0,0.0,1.0
SOLUSDT,2025-01-19,1.0,0.0,0.0,1.0
SOLUSDT,2025-01-20,1.0,0.0,0.0,1.0
SOLUSDT,2025-01-21,1.0,0.0,0.0,1.0
SOLUSDT,2025-01-22,1.0,0.0,0.0,1.0
SOLUSDT,2025-01-23,1.0,0.0,0.0,1.0
SOLUSDT,2025-01-24,0.9999,0.0001,0.0,0.9999
SOLUSDT,2025-01-25,0.0,0.0,1.0,0.0
SOLUSDT,2025-01-26,0.0,0.0,1.0,0.0
SOLUSDT,2025-01-27,0.0,0.0,1.0,0.0
SOLUSDT,2025-01-28,0.0,0.0,1.0,0.0
SOLUSDT,2025-01-29,0.0,0.0,1.0,0.0
SOLUSDT,2025-01-30,0.0,0.0,1.0,0.0
SOLUSDT,2025-01-31,0.0,0.0,1.0,0.0
SOLUSDT,2025-02-01,0.0,0.0,1.0,0.0
SOLUSDT,2025-02-02,0.0,0.0,1.0,0.0
SOLUSDT,2025-02-03,0.0,0.0,1.0,0.0
SOLUSDT,2025-02-04,0.0,0.0,1.0,0.0
SOLUSDT,2025-02-05,0.0,0.0,1.0,0.0
SOLUSDT,2025-02-06,0.0,0.0,1.0,0.0
SOLUSDT,2025-02-07,0.0,0.0,1.0,0.0
SOLUSDT,2025-02-08,0.0,0.0,1.0,0.0
SOLUSDT,2025-02-09,0.0,0.0,1.0,0.0
SOLUSDT,2025-02-10,0.0,0.0,1.0,0.0
SOLUSDT,2025-02-11,0.0,0.0,1.0,0.0
SOLUSDT,2025-02-12,0.2279,0.77,0.002,0.2279
SOLUSDT,2025-02-13,0.1949,0.8051,0.0,0.1949
SOLUSDT,2025-02-14,0.1184,0.8816,0.0,0.1184
SOLUSDT,2025-02-15,0.0,0.0,1.0,0.0
SOLUSDT,2025-02-16,0.0,0.0,1.0,0.0
SOLUSDT,2025-02-17,0.0,0.0,1.0,0.0
SOLUSDT,2025-02-18,0.0,0.0,1.0,0.0
SOLUSDT,2025-02-19,0.0,0.0,1.0,0.0
SOLUSDT,2025-02-20,0.0,0.0,1.0,0.0
SOLUSDT,2025-02-21,0.0,0.0,1.0,0.0
SOLUSDT,2025-02-22,0.0,0.0,1.0,0.0
SOLUSDT,2025-02-23,0.0,0.0,1.0,0.0
SOLUSDT,2025-02-24,0.0,0.0,1.0,0.0
SOLUSDT,2025-02-25,0.0,0.0,1.0,0.0
SOLUSDT,2025-02-26,0.0,0.0,1.0,0.0
SOLUSDT,2025-02-27,0.0,0.0,1.0,0.0
SOLUSDT,2025-02-28,0.0,0.0,1.0,0.0
SOLUSDT,2025-03-01,0.0,0.0,1.0,0.0
SOLUSDT,2025-03-02,0.0701,0.9299,0.0,0.0701
SOLUSDT,2025-03-03,0.0122,0.9876,0.0002,0.0122
SOLUSDT,2025-03-04,0.0077,0.9922,0.0001,0.0077
SOLUSDT,2025-03-05,0.0306,0.9694,0.0,0.0306
SOLUSDT,2025-03-06,0.0041,0.9959,0.0,0.0041
SOLUSDT,2025-03-07,0.0,0.0,1.0,0.0
SOLUSDT,2025-03-08,0.0,0.0,1.0,0.0
SOLUSDT,2025-03-09,0.0,0.0,1.0,0.0
SOLUSDT,2025-03-10,0.0,0.0,1.0,0.0
SOLUSDT,2025-03-11,0.0,0.0,1.0,0.0
SOLUSDT,2025-03-12,0.0,0.0,1.0,0.0
SOLUSDT,2025-03-13,0.0,0.0,1.0,0.0
SOLUSDT,2025-03-14,0.0,0.0,1.0,0.0
SOLUSDT,2025-03-15,0.0,0.0,1.0,0.0
SOLUSDT,2025-03-16,0.0,0.0,1.0,0.0
SOLUSDT,2025-03-17,0.0912,0.9088,0.0,0.0912
SOLUSDT,2025-03-18,0.0176,0.9822,0.0002,0.0176
SOLUSDT,2025-03-19,0.0169,0.9831,0.0,0.0169
SOLUSDT,2025-03-20,0.003,0.997,0.0,0.003
SOLUSDT,2025-03-21,0.0,0.0,1.0,0.0
SOLUSDT,2025-03-22,0.0,0.0,1.0,0.0
SOLUSDT,2025-03-23,0.6656,0.3344,0.0,0.6656
SOLUSDT,2025-03-24,0.9908,0.0092,0.0,0.9908
SOLUSDT,2025-03-25,1.0,0.0,0.0,1.0
SOLUSDT,2025-03-26,0.8662,0.1338,0.0,0.8662
SOLUSDT,2025-03-27,0.866,0.134,0.0,0.866
SOLUSDT,2025-03-28,0.265,0.7349,0.0001,0.265
SOLUSDT,2025-03-29,0.0,0.0,1.0,0.0
SOLUSDT,2025-03-30,0.0,0.0,1.0,0.0
SOLUSDT,2025-03-31,0.0,0.0,1.0,0.0
SOLUSDT,2025-04-01,0.0,0.0,1.0,0.0
SOLUSDT,2025-04-02,0.0,0.0,1.0,0.0
SOLUSDT,2025-04-03,0.0,0.0,1.0,0.0
SOLUSDT,2025-04-04,0.0,0.0,1.0,0.0
SOLUSDT,2025-04-05,0.0,0.0,1.0,0.0
SOLUSDT,2025-04-06,0.0,0.0,1.0,0.0
SOLUSDT,2025-04-07,0.0,0.0,1.0,0.0
SOLUSDT,2025-04-08,0.0,0.0,1.0,0.0
SOLUSDT,2025-04-09,0.0482,0.9518,0.0,0.0482
SOLUSDT,2025-04-10,0.0,0.0,1.0,0.0
SOLUSDT,2025-04-11,0.0,0.0,1.0,0.0
SOLUSDT,2025-04-12,0.9844,0.0156,0.0,0.9844
SOLUSDT,2025-04-13,1.0,0.0,0.0,1.0
SOLUSDT,2025-04-14,1.0,0.0,0.0,1.0
SOLUSDT,2025-04-15,1.0,0.0,0.0,1.0
SOLUSDT,2025-04-16,0.9988,0.0012,0.0,0.9988
SOLUSDT,2025-04-17,1.0,0.0,0.0,1.0
SOLUSDT,2025-04-18,0.9975,0.0025,0.0,0.9975
SOLUSDT,2025-04-19,0.9474,0.0526,0.0,0.9474
SOLUSDT,2025-04-20,0.9554,0.0446,0.0,0.9554
SOLUSDT,2025-04-21,0.949,0.051,0.0,0.949
SOLUSDT,2025-04-22,1.0,0.0,0.0,1.0
SOLUSDT,2025-04-23,1.0,0.0,0.0,1.0
SOLUSDT,2025-04-24,1.0,0.0,0.0,1.0
SOLUSDT,2025-04-25,0.9998,0.0002,0.0,0.9998
SOLUSDT,2025-04-26,0.9711,0.0289,0.0,0.9711
SOLUSDT,2025-04-27,0.9599,0.0401,0.0,0.9599
SOLUSDT,2025-04-28,0.8277,0.1723,0.0,0.8277
SOLUSDT,2025-04-29,0.0,0.0,1.0,0.0
SOLUSDT,2025-04-30,0.0,0.0,1.0,0.0
SOLUSDT,2025-05-01,0.0,0.0,1.0,0.0
SOLUSDT,2025-05-02,0.0,0.0,1.0,0.0
SOLUSDT,2025-05-03,0.0,0.0,1.0,0.0
SOLUSDT,2025-05-04,0.0,0.0,1.0,0.0
SOLUSDT,2025-05-05,0.0,0.0,1.0,0.0
SOLUSDT,2025-05-06,0.0738,0.9128,0.0134,0.0738
SOLUSDT,2025-05-07,0.0,0.0,1.0,0.0
SOLUSDT,2025-05-08,0.9844,0.0156,0.0,0.9844
SOLUSDT,2025-05-09,1.0,0.0,0.0,1.0
SOLUSDT,2025-05-10,1.0,0.0,0.0,1.0
SOLUSDT,2025-05-11,1.0,0.0,0.0,1.0
SOLUSDT,2025-05-12,1.0,0.0,0.0,1.0
SOLUSDT,2025-05-13,1.0,0.0,0.0,1.0
SOLUSDT,2025-05-14,1.0,0.0,0.0,1.0
SOLUSDT,2025-05-15,0.4046,0.5954,0.0,0.4046
SOLUSDT,2025-05-16,0.0,0.0,1.0,0.0
SOLUSDT,2025-05-17,0.0,0.0,1.0,0.0
SOLUSDT,2025-05-18,0.0714,0.9243,0.0044,0.0714
SOLUSDT,2025-05-19,0.0,0.0,1.0,0.0
SOLUSDT,2025-05-20,0.0,0.0,1.0,0.0
SOLUSDT,2025-05-21,0.0,0.0,1.0,0.0
SOLUSDT,2025-05-22,0.769,0.231,0.0,0.769
SOLUSDT,2025-05-23,0.7636,0.2364,0.0,0.7636
SOLUSDT,2025-05-24,0.7763,0.2237,0.0,0.7763
SOLUSDT,2025-05-25,0.6181,0.3819,0.0,0.6181
SOLUSDT,2025-05-26,0.5256,0.4744,0.0,0.5256
SOLUSDT,2025-05-27,0.3026,0.6974,0.0,0.3026
SOLUSDT,2025-05-28,0.0,0.0,1.0,0.0
SOLUSDT,2025-05-29,0.0,0.0,1.0,0.0
SOLUSDT,2025-05-30,0.0,0.0,1.0,0.0
SOLUSDT,2025-05-31,0.0,0.0,1.0,0.0
SOLUSDT,2025-06-01,0.0,0.0,1.0,0.0
SOLUSDT,2025-06-02,0.0,0.0,1.0,0.0
SOLUSDT,2025-06-03,0.0,0.0,1.0,0.0
SOLUSDT,2025-06-04,0.0,0.0,1.0,0.0
SOLUSDT,2025-06-05,0.0,0.0,1.0,0.0
SOLUSDT,2025-06-06,0.0,0.0,1.0,0.0
SOLUSDT,2025-06-07,0.0,0.0,1.0,0.0
SOLUSDT,2025-06-08,0.0,0.0,1.0,0.0
SOLUSDT,2025-06-09,0.6387,0.3613,0.0,0.6387
SOLUSDT,2025-06-10,0.8224,0.1776,0.0,0.8224
SOLUSDT,2025-06-11,0.7998,0.2002,0.0,0.7998
SOLUSDT,2025-06-12,0.6901,0.3099,0.0,0.6901
SOLUSDT,2025-06-13,0.2683,0.7308,0.0009,0.2683
SOLUSDT,2025-06-14,0.0,0.0,1.0,0.0
SOLUSDT,2025-06-15,0.0744,0.9124,0.0132,0.0744
SOLUSDT,2025-06-16,0.0,0.0,1.0,0.0
SOLUSDT,2025-06-17,0.0,0.0,1.0,0.0
SOLUSDT,2025-06-18,0.0,0.0,1.0,0.0
SOLUSDT,2025-06-19,0.0,0.0,1.0,0.0
SOLUSDT,2025-06-20,0.0,0.0,1.0,0.0
SOLUSDT,2025-06-21,0.0,0.0,1.0,0.0
SOLUSDT,2025-06-22,0.0,0.0,1.0,0.0
SOLUSDT,2025-06-23,0.0,0.0,1.0,0.0
SOLUSDT,2025-06-24,0.0,0.0,1.0,0.0
SOLUSDT,2025-06-25,0.0,0.0,1.0,0.0
SOLUSDT,2025-06-26,0.0,0.0,1.0,0.0
SOLUSDT,2025-06-27,0.7146,0.2854,0.0,0.7146
SOLUSDT,2025-06-28,0.999,0.001,0.0,0.999
SOLUSDT,2025-06-29,1.0,0.0,0.0,1.0
SOLUSDT,2025-06-30,0.9771,0.0229,0.0,0.9771
SOLUSDT,2025-07-01,0.9184,0.0816,0.0,0.9184
SOLUSDT,2025-07-02,0.9569,0.0431,0.0,0.9569
SOLUSDT,2025-07-03,0.9768,0.0232,0.0,0.9768
SOLUSDT,2025-07-04,0.434,0.566,0.0,0.434
SOLUSDT,2025-07-05,0.0,0.0,1.0,0.0
SOLUSDT,2025-07-06,0.0,0.0,1.0,0.0
SOLUSDT,2025-07-07,0.0,0.0,1.0,0.0
SOLUSDT,2025-07-08,0.6218,0.3782,0.0,0.6218
SOLUSDT,2025-07-09,0.7788,0.2212,0.0,0.7788
SOLUSDT,2025-07-10,0.9716,0.0284,0.0,0.9716
SOLUSDT,2025-07-11,0.9991,0.0009,0.0,0.9991
SOLUSDT,2025-07-12,0.9975,0.0025,0.0,0.9975
SOLUSDT,2025-07-13,0.9863,0.0137,0.0,0.9863
SOLUSDT,2025-07-14,0.9981,0.0019,0.0,0.9981
SOLUSDT,2025-07-15,0.9966,0.0034,0.0,0.9966
SOLUSDT,2025-07-16,0.9996,0.0004,0.0,0.9996
SOLUSDT,2025-07-17,0.9937,0.0063,0.0,0.9937
SOLUSDT,2025-07-18,0.9983,0.0017,0.0,0.9983
SOLUSDT,2025-07-19,0.9996,0.0004,0.0,0.9996
SOLUSDT,2025-07-20,1.0,0.0,0.0,1.0
SOLUSDT,2025-07-21,1.0,0.0,0.0,1.0
SOLUSDT,2025-07-22,1.0,0.0,0.0,1.0
SOLUSDT,2025-07-23,0.9952,0.0048,0.0,0.9952
SOLUSDT,2025-07-24,0.8871,0.1129,0.0,0.8871
SOLUSDT,2025-07-25,0.8108,0.1892,0.0,0.8108
SOLUSDT,2025-07-26,0.6172,0.3828,0.0,0.6172
SOLUSDT,2025-07-27,0.3011,0.6989,0.0,0.3011
SOLUSDT,2025-07-28,0.0,0.0,1.0,0.0
SOLUSDT,2025-07-29,0.0,0.0,1.0,0.0
SOLUSDT,2025-07-30,0.0,0.0,1.0,0.0
SOLUSDT,2025-07-31,0.0,0.0,1.0,0.0
SOLUSDT,2025-08-01,0.0,0.0,1.0,0.0
SOLUSDT,2025-08-02,0.0,0.0,1.0,0.0
SOLUSDT,2025-08-03,0.0,0.0,1.0,0.0
SOLUSDT,2025-08-04,0.0,0.0,1.0,0.0
SOLUSDT,2025-08-05,0.0,0.0,1.0,0.0
SOLUSDT,2025-08-06,0.0,0.0,1.0,0.0
SOLUSDT,2025-08-07,0.7015,0.2985,0.0,0.7015
SOLUSDT,2025-08-08,0.9803,0.0197,0.0,0.9803
SOLUSDT,2025-08-09,1.0,0.0,0.0,1.0
SOLUSDT,2025-08-10,1.0,0.0,0.0,1.0
SOLUSDT,2025-08-11,0.9607,0.0393,0.0,0.9607
SOLUSDT,2025-08-12,1.0,0.0,0.0,1.0
SOLUSDT,2025-08-13,1.0,0.0,0.0,1.0
SOLUSDT,2025-08-14,0.9974,0.0026,0.0,0.9974
SOLUSDT,2025-08-15,0.9138,0.0862,0.0,0.9138
SOLUSDT,2025-08-16,0.8154,0.1846,0.0,0.8154
SOLUSDT,2025-08-17,0.6188,0.3812,0.0,0.6188
SOLUSDT,2025-08-18,0.3224,0.6776,0.0,0.3224
SOLUSDT,2025-08-19,0.0,0.0,1.0,0.0
SOLUSDT,2025-08-20,0.0,0.0,1.0,0.0
SOLUSDT,2025-08-21,0.0,0.0,1.0,0.0
SOLUSDT,2025-08-22,0.9491,0.0509,0.0,0.9491
SOLUSDT,2025-08-23,0.9792,0.0208,0.0,0.9792
SOLUSDT,2025-08-24,0.9777,0.0223,0.0,0.9777
SOLUSDT,2025-08-25,0.922,0.078,0.0,0.922
SOLUSDT,2025-08-26,0.999,0.001,0.0,0.999
SOLUSDT,2025-08-27,0.9938,0.0062,0.0,0.9938
SOLUSDT,2025-08-28,1.0,0.0,0.0,1.0
SOLUSDT,2025-08-29,0.2781,0.7219,0.0,0.2781
SOLUSDT,2025-08-30,0.0,0.0,1.0,0.0
SOLUSDT,2025-08-31,0.0,0.0,1.0,0.0
SOLUSDT,2025-09-01,0.4479,0.5521,0.0,0.4479
SOLUSDT,2025-09-02,0.4754,0.5246,0.0,0.4754
SOLUSDT,2025-09-03,0.1888,0.8112,0.0,0.1888
SOLUSDT,2025-09-04,0.0,0.0,1.0,0.0
SOLUSDT,2025-09-05,0.0,0.0,1.0,0.0
SOLUSDT,2025-09-06,0.0,0.0,1.0,0.0
SOLUSDT,2025-09-07,0.6534,0.3466,0.0,0.6534
SOLUSDT,2025-09-08,0.9427,0.0573,0.0,0.9427
SOLUSDT,2025-09-09,0.9106,0.0894,0.0,0.9106
SOLUSDT,2025-09-10,0.9621,0.0379,0.0,0.9621
SOLUSDT,2025-09-11,0.9999,0.0001,0.0,0.9999
SOLUSDT,2025-09-12,1.0,0.0,0.0,1.0
SOLUSDT,2025-09-13,1.0,0.0,0.0,1.0
SOLUSDT,2025-09-14,1.0,0.0,0.0,1.0
SOLUSDT,2025-09-15,0.9989,0.0011,0.0,0.9989
SOLUSDT,2025-09-16,0.9985,0.0015,0.0,0.9985
SOLUSDT,2025-09-17,0.9968,0.0032,0.0,0.9968
SOLUSDT,2025-09-18,0.9132,0.0868,0.0,0.9132
SOLUSDT,2025-09-19,0.0,0.0,1.0,0.0
SOLUSDT,2025-09-20,0.0,0.0,1.0,0.0
SOLUSDT,2025-09-21,0.0,0.0,1.0,0.0
SOLUSDT,2025-09-22,0.0,0.0,1.0,0.0
SOLUSDT,2025-09-23,0.0,0.0,1.0,0.0
SOLUSDT,2025-09-24,0.0,0.0,1.0,0.0
SOLUSDT,2025-09-25,0.0,0.0,1.0,0.0
SOLUSDT,2025-09-26,0.0,0.0,1.0,0.0
SOLUSDT,2025-09-27,0.0,0.0,1.0,0.0
SOLUSDT,2025-09-28,0.0,0.0,1.0,0.0
SOLUSDT,2025-09-29,0.0,0.0,1.0,0.0
SOLUSDT,2025-09-30,0.0,0.0,1.0,0.0
SOLUSDT,2025-10-01,0.819,0.181,0.0,0.819
SOLUSDT,2025-10-02,1.0,0.0,0.0,1.0
SOLUSDT,2025-10-03,1.0,0.0,0.0,1.0
SOLUSDT,2025-10-04,0.9999,0.0001,0.0,0.9999
SOLUSDT,2025-10-05,0.9964,0.0036,0.0,0.9964
SOLUSDT,2025-10-06,0.9896,0.0104,0.0,0.9896
SOLUSDT,2025-10-07,0.7711,0.2289,0.0,0.7711
SOLUSDT,2025-10-08,0.3074,0.6926,0.0,0.3074
SOLUSDT,2025-10-09,0.0,0.0,1.0,0.0
SOLUSDT,2025-10-10,0.0,0.0,1.0,0.0
SOLUSDT,2025-10-11,0.0,0.0,1.0,0.0
SOLUSDT,2025-10-12,0.0,0.0,1.0,0.0
SOLUSDT,2025-10-13,0.0,0.0,1.0,0.0
SOLUSDT,2025-10-14,0.0,0.0,1.0,0.0
SOLUSDT,2025-10-15,0.0,0.0,1.0,0.0
SOLUSDT,2025-10-16,0.0,0.0,1.0,0.0
SOLUSDT,2025-10-17,0.0,0.0,1.0,0.0
SOLUSDT,2025-10-18,0.089,0.911,0.0,0.089
SOLUSDT,2025-10-19,0.0,0.0,1.0,0.0
SOLUSDT,2025-10-20,0.0,0.0,1.0,0.0
SOLUSDT,2025-10-21,0.0,0.0,1.0,0.0
SOLUSDT,2025-10-22,0.0,0.0,1.0,0.0
SOLUSDT,2025-10-23,0.4103,0.5897,0.0,0.4103
SOLUSDT,2025-10-24,0.5465,0.4535,0.0,0.5465
SOLUSDT,2025-10-25,0.5341,0.4659,0.0,0.5341
SOLUSDT,2025-10-26,0.6164,0.3836,0.0,0.6164
SOLUSDT,2025-10-27,0.5555,0.4445,0.0,0.5555
SOLUSDT,2025-10-28,0.5143,0.4857,0.0,0.5143
SOLUSDT,2025-10-29,0.4772,0.5228,0.0,0.4772
SOLUSDT,2025-10-30,0.0,0.0,1.0,0.0
SOLUSDT,2025-10-31,0.0,0.0,1.0,0.0
SOLUSDT,2025-11-01,0.0,0.0,1.0,0.0
SOLUSDT,2025-11-02,0.0,0.0,1.0,0.0
SOLUSDT,2025-11-03,0.0,0.0,1.0,0.0
SOLUSDT,2025-11-04,0.0,0.0,1.0,0.0
SOLUSDT,2025-11-05,0.0,0.0,1.0,0.0
SOLUSDT,2025-11-06,0.0,0.0,1.0,0.0
SOLUSDT,2025-11-07,0.0,0.0,1.0,0.0
SOLUSDT,2025-11-08,0.0,0.0,1.0,0.0
SOLUSDT,2025-11-09,0.0,0.0,1.0,0.0
SOLUSDT,2025-11-10,0.0652,0.9341,0.0007,0.0652
SOLUSDT,2025-11-11,0.0,0.0,1.0,0.0
SOLUSDT,2025-11-12,0.0,0.0,1.0,0.0
SOLUSDT,2025-11-13,0.0,0.0,1.0,0.0
SOLUSDT,2025-11-14,0.0,0.0,1.0,0.0
SOLUSDT,2025-11-15,0.0,0.0,1.0,0.0
SOLUSDT,2025-11-16,0.0,0.0,1.0,0.0
SOLUSDT,2025-11-17,0.0,0.0,1.0,0.0
SOLUSDT,2025-11-18,0.0,0.0,1.0,0.0
SOLUSDT,2025-11-19,0.0,0.0,1.0,0.0
SOLUSDT,2025-11-20,0.0,0.0,1.0,0.0
SOLUSDT,2025-11-21,0.0,0.0,1.0,0.0
SOLUSDT,2025-11-22,0.0,0.0,1.0,0.0
SOLUSDT,2025-11-23,0.0,0.0,1.0,0.0
SOLUSDT,2025-11-24,0.1599,0.8401,0.0,0.1599
SOLUSDT,2025-11-25,0.0,0.0,1.0,0.0
SOLUSDT,2025-11-26,0.7131,0.2869,0.0,0.7131
SOLUSDT,2025-11-27,0.85,0.15,0.0,0.85
SOLUSDT,2025-11-28,0.9075,0.0925,0.0,0.9075
SOLUSDT,2025-11-29,0.811,0.189,0.0,0.811
SOLUSDT,2025-11-30,0.3048,0.6952,0.0,0.3048
SOLUSDT,2025-12-01,0.0,0.0,1.0,0.0
SOLUSDT,2025-12-02,0.0,0.0,1.0,0.0
SOLUSDT,2025-12-03,0.0634,0.9366,0.0,0.0634
SOLUSDT,2025-12-04,0.0,0.0,1.0,0.0
SOLUSDT,2025-12-05,0.0,0.0,1.0,0.0
SOLUSDT,2025-12-06,0.0,0.0,1.0,0.0
SOLUSDT,2025-12-07,0.0,0.0,1.0,0.0
SOLUSDT,2025-12-08,0.139,0.861,0.0,0.139
SOLUSDT,2025-12-09,0.0,0.0,1.0,0.0
SOLUSDT,2025-12-10,0.0,0.0,1.0,0.0
SOLUSDT,2025-12-11,0.0,0.0,1.0,0.0
SOLUSDT,2025-12-12,0.0,0.0,1.0,0.0
SOLUSDT,2025-12-13,0.0712,0.9274,0.0013,0.0712
SOLUSDT,2025-12-14,0.0,0.0,1.0,0.0
SOLUSDT,2025-12-15,0.0,0.0,1.0,0.0
SOLUSDT,2025-12-16,0.0,0.0,1.0,0.0
SOLUSDT,2025-12-17,0.0,0.0,1.0,0.0
SOLUSDT,2025-12-18,0.0,0.0,1.0,0.0
SOLUSDT,2025-12-19,0.0,0.0,1.0,0.0
SOLUSDT,2025-12-20,0.0,0.0,1.0,0.0
SOLUSDT,2025-12-21,0.0,0.0,1.0,0.0
SOLUSDT,2025-12-22,0.0,0.0,1.0,0.0
SOLUSDT,2025-12-23,0.0,0.0,1.0,0.0
SOLUSDT,2025-12-24,0.0,0.0,1.0,0.0
SOLUSDT,2025-12-25,0.0724,0.9179,0.0098,0.0724
SOLUSDT,2025-12-26,0.0,0.0,1.0,0.0
SOLUSDT,2025-12-27,0.0,0.0,1.0,0.0
SOLUSDT,2025-12-28,0.0,0.0,1.0,0.0
SOLUSDT,2025-12-29,0.0,0.0,1.0,0.0
SOLUSDT,2025-12-30,0.5268,0.4731,0.0001,0.5268
SOLUSDT,2025-12-31,0.6839,0.3161,0.0,0.6839
SOLUSDT,2026-01-01,0.9074,0.0926,0.0,0.9074
SOLUSDT,2026-01-02,0.9908,0.0092,0.0,0.9908
SOLUSDT,2026-01-03,0.991,0.009,0.0,0.991
SOLUSDT,2026-01-04,0.9922,0.0078,0.0,0.9922
SOLUSDT,2026-01-05,0.9999,0.0001,0.0,0.9999
SOLUSDT,2026-01-06,1.0,0.0,0.0,1.0
SOLUSDT,2026-01-07,0.9991,0.0009,0.0,0.9991
SOLUSDT,2026-01-08,0.9953,0.0047,0.0,0.9953
SOLUSDT,2026-01-09,0.8581,0.1419,0.0,0.8581
SOLUSDT,2026-01-10,0.7863,0.2137,0.0,0.7863
SOLUSDT,2026-01-11,0.7928,0.2072,0.0,0.7928
SOLUSDT,2026-01-12,0.777,0.223,0.0,0.777
SOLUSDT,2026-01-13,0.844,0.156,0.0,0.844
SOLUSDT,2026-01-14,0.9594,0.0406,0.0,0.9594
SOLUSDT,2026-01-15,0.8916,0.1084,0.0,0.8916
SOLUSDT,2026-01-16,0.8875,0.1125,0.0,0.8875
SOLUSDT,2026-01-17,0.6251,0.3749,0.0,0.6251
SOLUSDT,2026-01-18,0.0,0.0,1.0,0.0
SOLUSDT,2026-01-19,0.0,0.0,1.0,0.0
SOLUSDT,2026-01-20,0.0,0.0,1.0,0.0
SOLUSDT,2026-01-21,0.0,0.0,1.0,0.0
SOLUSDT,2026-01-22,0.0,0.0,1.0,0.0
SOLUSDT,2026-01-23,0.0,0.0,1.0,0.0
SOLUSDT,2026-01-24,0.0,0.0,1.0,0.0
SOLUSDT,2026-01-25,0.0,0.0,1.0,0.0
SOLUSDT,2026-01-26,0.0,0.0,1.0,0.0
SOLUSDT,2026-01-27,0.072,0.9279,0.0,0.072
SOLUSDT,2026-01-28,0.0,0.0,1.0,0.0
SOLUSDT,2026-01-29,0.0,0.0,1.0,0.0
SOLUSDT,2026-01-30,0.0,0.0,1.0,0.0
SOLUSDT,2026-01-31,0.0,0.0,1.0,0.0
SOLUSDT,2026-02-01,0.0,0.0,1.0,0.0
SOLUSDT,2026-02-02,0.0,0.0,1.0,0.0
SOLUSDT,2026-02-03,0.0,0.0,1.0,0.0
SOLUSDT,2026-02-04,0.0,0.0,1.0,0.0
SOLUSDT,2026-02-05,0.0,0.0,1.0,0.0
SOLUSDT,2026-02-06,0.0,0.0,1.0,0.0
SOLUSDT,2026-02-07,0.0,0.0,1.0,0.0
SOLUSDT,2026-02-08,0.0,0.0,1.0,0.0
SOLUSDT,2026-02-09,0.0,0.0,1.0,0.0
SOLUSDT,2026-02-10,0.0,0.0,1.0,0.0
SOLUSDT,2026-02-11,0.0,0.0,1.0,0.0
SOLUSDT,2026-02-12,0.0472,0.9421,0.0107,0.0472
SOLUSDT,2026-02-13,0.0,0.0,1.0,0.0
SOLUSDT,2026-02-14,0.0358,0.9624,0.0017,0.0358
SOLUSDT,2026-02-15,0.0,0.0,1.0,0.0
SOLUSDT,2026-02-16,0.0,0.0,1.0,0.0
SOLUSDT,2026-02-17,0.1065,0.8935,0.0,0.1065
SOLUSDT,2026-02-18,0.0898,0.9102,0.0,0.0898
SOLUSDT,2026-02-19,0.0919,0.9081,0.0,0.0919
SOLUSDT,2026-02-20,0.0357,0.9627,0.0017,0.0357
SOLUSDT,2026-02-21,0.0,0.0,1.0,0.0
SOLUSDT,2026-02-22,0.0,0.0,1.0,0.0
SOLUSDT,2026-02-23,0.0,0.0,1.0,0.0
SOLUSDT,2026-02-24,0.0,0.0,1.0,0.0
SOLUSDT,2026-02-25,0.4226,0.5774,0.0,0.4226
SOLUSDT,2026-02-26,0.1841,0.8159,0.0,0.1841
SOLUSDT,2026-02-27,0.0,0.0,1.0,0.0
SOLUSDT,2026-02-28,0.0,0.0,1.0,0.0
SOLUSDT,2026-03-01,0.6996,0.3003,0.0,0.6996
SOLUSDT,2026-03-02,0.9984,0.0016,0.0,0.9984
SOLUSDT,2026-03-03,0.9941,0.0059,0.0,0.9941
SOLUSDT,2026-03-04,0.6908,0.3092,0.0,0.6908
SOLUSDT,2026-03-05,0.4352,0.5648,0.0,0.4352
SOLUSDT,2026-03-06,0.1883,0.8117,0.0,0.1883
SOLUSDT,2026-03-07,0.0,0.0,1.0,0.0
SOLUSDT,2026-03-08,0.0,0.0,1.0,0.0
SOLUSDT,2026-03-09,0.0,0.0,1.0,0.0
SOLUSDT,2026-03-10,0.0,0.0,1.0,0.0
SOLUSDT,2026-03-11,0.0,0.0,1.0,0.0
SOLUSDT,2026-03-12,0.0,0.0,1.0,0.0
SOLUSDT,2026-03-13,0.7394,0.2606,0.0,0.7394
SOLUSDT,2026-03-14,0.9176,0.0824,0.0,0.9176
SOLUSDT,2026-03-15,0.9999,0.0001,0.0,0.9999
SOLUSDT,2026-03-16,1.0,0.0,0.0,1.0
SOLUSDT,2026-03-17,0.9971,0.0029,0.0,0.9971
SOLUSDT,2026-03-18,0.7689,0.2311,0.0,0.7689
SOLUSDT,2026-03-19,0.478,0.522,0.0,0.478
SOLUSDT,2026-03-20,0.1948,0.8052,0.0,0.1948
SOLUSDT,2026-03-21,0.0,0.0,1.0,0.0
SOLUSDT,2026-03-22,0.0,0.0,1.0,0.0
SOLUSDT,2026-03-23,0.0,0.0,1.0,0.0
SOLUSDT,2026-03-24,0.0,0.0,1.0,0.0
SOLUSDT,2026-03-25,0.0739,0.9261,0.0,0.0739
SOLUSDT,2026-03-26,0.0,0.0,1.0,0.0
SOLUSDT,2026-03-27,0.0,0.0,1.0,0.0
SOLUSDT,2026-03-28,0.0,0.0,1.0,0.0
SOLUSDT,2026-03-29,0.0,0.0,1.0,0.0
SOLUSDT,2026-03-30,0.0,0.0,1.0,0.0
SOLUSDT,2026-03-31,0.0,0.0,1.0,0.0
SOLUSDT,2026-04-01,0.0,0.0,1.0,0.0
SOLUSDT,2026-04-02,0.0,0.0,1.0,0.0
SOLUSDT,2026-04-03,0.0,0.0,1.0,0.0
SOLUSDT,2026-04-04,0.0,0.0,1.0,0.0
SOLUSDT,2026-04-05,0.0735,0.9229,0.0035,0.0735
SOLUSDT,2026-04-06,0.0,0.0,1.0,0.0
SOLUSDT,2026-04-07,0.5006,0.4994,0.0,0.5006
SOLUSDT,2026-04-08,0.5869,0.4131,0.0,0.5869
SOLUSDT,2026-04-09,0.712,0.288,0.0,0.712
SOLUSDT,2026-04-10,0.6733,0.3267,0.0,0.6733
SOLUSDT,2026-04-11,0.4167,0.5833,0.0,0.4167
SOLUSDT,2026-04-12,0.0,0.0,1.0,0.0
SOLUSDT,2026-04-13,0.5485,0.4515,0.0,0.5485
SOLUSDT,2026-04-14,0.0,0.0,1.0,0.0
SOLUSDT,2026-04-15,0.6258,0.3742,0.0,0.6258
SOLUSDT,2026-04-16,0.7968,0.2032,0.0,0.7968
SOLUSDT,2026-04-17,0.6793,0.3207,0.0,0.6793
SOLUSDT,2026-04-18,0.4198,0.5802,0.0,0.4198
SOLUSDT,2026-04-19,0.1806,0.8194,0.0,0.1806
SOLUSDT,2026-04-20,0.0,0.0,1.0,0.0
SOLUSDT,2026-04-21,0.1747,0.8253,0.0,0.1747
SOLUSDT,2026-04-22,0.09,0.91,0.0,0.09
SOLUSDT,2026-04-23,0.0,0.0,1.0,0.0
SOLUSDT,2026-04-24,0.0,0.0,1.0,0.0
SOLUSDT,2026-04-25,0.0,0.0,1.0,0.0
SOLUSDT,2026-04-26,0.1107,0.8893,0.0,0.1107
SOLUSDT,2026-04-27,0.0,0.0,1.0,0.0
SOLUSDT,2026-04-28,0.0,0.0,1.0,0.0
SOLUSDT,2026-04-29,0.0,0.0,1.0,0.0
SOLUSDT,2026-04-30,0.0,0.0,1.0,0.0
SOLUSDT,2026-05-01,0.0,0.0,1.0,0.0
SOLUSDT,2026-05-02,0.0,0.0,1.0,0.0
SOLUSDT,2026-05-03,0.0,0.0,1.0,0.0
SOLUSDT,2026-05-04,0.0,0.0,1.0,0.0
SOLUSDT,2026-05-05,0.7248,0.2752,0.0,0.7248
SOLUSDT,2026-05-06,0.9636,0.0364,0.0,0.9636
SOLUSDT,2026-05-07,0.9849,0.0151,0.0,0.9849
SOLUSDT,2026-05-08,0.9993,0.0007,0.0,0.9993
SOLUSDT,2026-05-09,0.9997,0.0003,0.0,0.9997
SOLUSDT,2026-05-10,1.0,0.0,0.0,1.0
SOLUSDT,2026-05-11,1.0,0.0,0.0,1.0
SOLUSDT,2026-05-12,0.9913,0.0087,0.0,0.9913
SOLUSDT,2026-05-13,0.6367,0.3633,0.0,0.6367
SOLUSDT,2026-05-14,0.3387,0.6613,0.0,0.3387
SOLUSDT,2026-05-15,0.0,0.0,1.0,0.0
SOLUSDT,2026-05-16,0.0,0.0,1.0,0.0
SOLUSDT,2026-05-17,0.0,0.0,1.0,0.0
SOLUSDT,2026-05-18,0.0,0.0,1.0,0.0
SOLUSDT,2026-05-19,0.0,0.0,1.0,0.0
SOLUSDT,2026-05-20,0.0,0.0,1.0,0.0
SOLUSDT,2026-05-21,0.0,0.0,1.0,0.0
SOLUSDT,2026-05-22,0.0,0.0,1.0,0.0
SOLUSDT,2026-05-23,0.0,0.0,1.0,0.0
SOLUSDT,2026-05-24,0.0735,0.9086,0.0179,0.0735
SOLUSDT,2026-05-25,0.0,0.0,1.0,0.0
SOLUSDT,2026-05-26,0.0,0.0,1.0,0.0
SOLUSDT,2026-05-27,0.0,0.0,1.0,0.0
SOLUSDT,2026-05-28,0.0,0.0,1.0,0.0
SOLUSDT,2026-05-29,0.0,0.0,1.0,0.0
SOLUSDT,2026-05-30,0.0,0.0,1.0,0.0
SOLUSDT,2026-05-31,0.0,0.0,1.0,0.0
SOLUSDT,2026-06-01,0.0,0.0,1.0,0.0
SOLUSDT,2026-06-02,0.0,0.0,1.0,0.0
SOLUSDT,2026-06-03,0.0,0.0,1.0,0.0
SOLUSDT,2026-06-04,0.0,0.0,1.0,0.0
SOLUSDT,2026-06-05,0.0,0.0,1.0,0.0
SOLUSDT,2026-06-06,0.0,0.0,1.0,0.0
SOLUSDT,2026-06-07,0.0,0.0,1.0,0.0
SOLUSDT,2026-06-08,0.0,0.0,1.0,0.0
SOLUSDT,2026-06-09,0.0,0.0,1.0,0.0
SOLUSDT,2026-06-10,0.0,0.0,1.0,0.0
SOLUSDT,2026-06-11,0.0,0.0,1.0,0.0
SOLUSDT,2026-06-12,0.8582,0.1418,0.0,0.8582
SOLUSDT,2026-06-13,0.9986,0.0014,0.0,0.9986
SOLUSDT,2026-06-14,0.9933,0.0067,0.0,0.9933
SOLUSDT,2026-06-15,0.9996,0.0004,0.0,0.9996
SOLUSDT,2026-06-16,1.0,0.0,0.0,1.0
SOLUSDT,2026-06-17,1.0,0.0,0.0,1.0
SOLUSDT,2026-06-18,0.8857,0.1143,0.0,0.8857
SOLUSDT,2026-06-19,0.7959,0.2041,0.0,0.7959
SOLUSDT,2026-06-20,0.6885,0.3115,0.0,0.6885
SOLUSDT,2026-06-21,0.2457,0.7543,0.0,0.2457
SOLUSDT,2026-06-22,0.0,0.0,1.0,0.0
SOLUSDT,2026-06-23,0.0,0.0,1.0,0.0
SOLUSDT,2026-06-24,0.0,0.0,1.0,0.0
SOLUSDT,2026-06-25,0.0,0.0,1.0,0.0
SOLUSDT,2026-06-26,0.084,0.916,0.0,0.084
SOLUSDT,2026-06-27,0.0,0.0,1.0,0.0
SOLUSDT,2026-06-28,0.0,0.0,1.0,0.0
SOLUSDT,2026-06-29,0.7667,0.2333,0.0,0.7667
SOLUSDT,2026-06-30,0.9235,0.0765,0.0,0.9235
SOLUSDT,2026-07-01,1.0,0.0,0.0,1.0
SOLUSDT,2026-07-02,1.0,0.0,0.0,1.0
SOLUSDT,2026-07-03,1.0,0.0,0.0,1.0
SOLUSDT,2026-07-04,1.0,0.0,0.0,1.0
SOLUSDT,2026-07-05,1.0,0.0,0.0,1.0
SOLUSDT,2026-07-06,0.9987,0.0013,0.0,0.9987
SOLUSDT,2026-07-07,0.989,0.011,0.0,0.989
SOLUSDT,2026-07-08,0.3724,0.6271,0.0005,0.3724
SOLUSDT,2026-07-09,0.0,0.0,1.0,0.0
SOLUSDT,2026-07-10,0.0,0.0,1.0,0.0
SOLUSDT,2026-07-11,0.0,0.0,1.0,0.0
SOLUSDT,2026-07-12,0.0,0.0,1.0,0.0
SOLUSDT,2026-07-13,0.0,0.0,1.0,0.0
SOLUSDT,2026-07-14,0.0,0.0,1.0,0.0
SOLUSDT,2026-07-15,0.0,0.0,1.0,0.0
SOLUSDT,2026-07-16,0.0,0.0,1.0,0.0
SOLUSDT,2026-07-17,0.0,0.0,1.0,0.0
SOLUSDT,2026-07-18,0.0,0.0,1.0,0.0
SOLUSDT,2026-07-19,0.0,0.0,1.0,0.0
SOLUSDT,2026-07-20,0.3334,0.6666,0.0,0.3334
SOLUSDT,2026-07-21,0.2705,0.7292,0.0004,0.2705
SOLUSDT,2026-07-22,0.1896,0.8104,0.0,0.1896
SOLUSDT,2026-07-23,0.0851,0.9148,0.0001,0.0851
SOLUSDT,2026-07-24,0.0,0.0,1.0,0.0
SOLUSDT,2026-07-25,0.0,0.0,1.0,0.0
SOLUSDT,2026-07-26,0.0687,0.9226,0.0087,0.0687
SOLUSDT,2026-07-27,0.0,0.0,1.0,0.0
SOLUSDT,2026-07-28,0.0,0.0,1.0,0.0
SOLUSDT,2026-07-29,0.0,0.0,1.0,0.0
SOLUSDT,2026-07-30,0.0,0.0,1.0,0.0
SOLUSDT,2026-07-31,0.0,0.0,1.0,0.0
SOLUSDT,2026-08-01,0.0,0.0,1.0,0.0
SOLUSDT,2026-08-02,0.0,0.0,1.0,0.0
SOLUSDT,2026-08-03,0.0,0.0,1.0,0.0
SOLUSDT,2026-08-04,0.143,0.8521,0.0049,0.143
SOLUSDT,2026-08-05,0.07,0.929,0.001,0.07
SOLUSDT,2026-08-06,0.0,0.0,1.0,0.0
SOLUSDT,2026-08-07,0.5325,0.4675,0.0,0.5325
SOLUSDT,2026-08-08,0.7128,0.2872,0.0,0.7128
SOLUSDT,2026-08-09,0.6831,0.3169,0.0,0.6831
SOLUSDT,2026-08-10,0.6309,0.3691,0.0,0.6309
SOLUSDT,2026-08-11,0.5714,0.4286,0.0,0.5714
SOLUSDT,2026-08-12,0.4925,0.5075,0.0,0.4925
SOLUSDT,2026-08-13,0.4392,0.5608,0.0,0.4392
SOLUSDT,2026-08-14,0.1759,0.8241,0.0,0.1759
SOLUSDT,2026-08-15,0.0,0.0,1.0,0.0
SOLUSDT,2026-08-16,0.0,0.0,1.0,0.0
SOLUSDT,2026-08-17,0.9844,0.0,0.0156,0.9844
SOLUSDT,2026-08-18,0.9409,0.0591,0.0,0.9409
SOLUSDT,2026-08-19,1.0,0.0,0.0,1.0
SOLUSDT,2026-08-20,1.0,0.0,0.0,1.0
