symbol,date,score,score_bucket,f1_norm,f2_norm,f3_norm,f4_norm,f5_norm,f6_norm,f7_norm,f8_norm,outcome_7d,win,percentile_rank,pct_bucket
BTCUSDT,2014-10-07,26.6,20–40,0.6779,0.0,0.0,0.0,1.0,0.0,0.0,0.0,0.192402,1,99.6,top 10%
BTCUSDT,2014-10-08,24.2,20–40,0.5612,0.0,0.0,0.0,1.0,0.0,0.0,0.0,0.118527,1,99.1,top 10%
BTCUSDT,2014-10-09,22.6,20–40,0.4811,0.0,0.0,0.0,1.0,0.0,0.0,0.0,0.048024,1,98.4,top 10%
BTCUSDT,2014-10-10,22.8,20–40,0.4892,0.0,0.0,0.0,1.0,0.0,0.0,0.0,0.061389,1,98.5,top 10%
BTCUSDT,2014-10-11,22.7,20–40,0.4839,0.0,0.0,0.0,1.0,0.0,0.0,0.0,0.080439,1,98.4,top 10%
BTCUSDT,2014-10-12,20.4,20–40,0.3683,0.0,0.0,0.0,1.0,0.0,0.0,0.0,0.02905,1,97.4,top 10%
BTCUSDT,2014-10-13,18.8,0–20,0.2893,0.0,0.0,0.0,1.0,0.0,0.0,0.0,-0.019387,0,94.4,top 10%
BTCUSDT,2014-10-14,17.4,0–20,0.2223,0.0,0.0,0.0,1.0,0.0,0.0,0.0,-0.035909,0,90.3,top 10%
BTCUSDT,2014-10-15,17.9,0–20,0.2469,0.0,0.0,0.0,1.0,0.0,0.0,0.0,-0.029422,0,91.5,top 10%
BTCUSDT,2014-10-16,18.9,0–20,0.295,0.0,0.0,0.0,1.0,0.0,0.0,0.0,-0.063099,0,94.6,top 10%
BTCUSDT,2014-10-17,18.7,0–20,0.2863,0.0,0.0,0.0,1.0,0.0,0.0,0.0,-0.066221,0,94.0,top 10%
BTCUSDT,2014-10-18,18.8,0–20,0.2294,0.0,0.0,0.0,1.0,0.0,0.0,0.1759,-0.112842,0,94.4,top 10%
BTCUSDT,2014-10-19,20.1,20–40,0.2384,0.0,0.0,0.0,1.0,0.0,0.0,0.3287,-0.089443,0,97.2,top 10%
BTCUSDT,2014-10-20,19.1,0–20,0.2706,0.0,0.0,0.0,1.0,0.0,0.0,0.0981,-0.077985,0,94.9,top 10%
BTCUSDT,2014-10-21,17.8,0–20,0.24,0.0,0.0,0.0,1.0,0.0,0.0,0.0,-0.074667,0,91.3,top 10%
BTCUSDT,2014-10-22,19.0,0–20,0.2576,0.0,0.0,0.0,1.0,0.0,0.0,0.1156,-0.124145,0,94.8,top 10%
BTCUSDT,2014-10-23,23.3,20–40,0.374,0.0,0.0,0.0,1.0,0.0,0.0,0.4066,-0.036583,0,98.8,top 10%
BTCUSDT,2014-10-24,26.4,20–40,0.3743,0.0,0.0,0.0,1.0,0.0,0.0,0.8487,-0.055879,0,99.6,top 10%
BTCUSDT,2014-10-25,27.6,20–40,0.4214,0.0,0.0,0.0,1.0,0.0,0.0,0.8821,-0.061975,0,99.7,top 10%
BTCUSDT,2014-10-26,25.4,20–40,0.3481,0.0,0.0,0.0,1.0,0.0,0.0,0.7841,-0.081228,0,99.4,top 10%
BTCUSDT,2014-10-27,24.6,20–40,0.3563,0.0,0.0,0.0,1.0,0.0,0.0,0.6436,-0.072056,0,99.2,top 10%
BTCUSDT,2014-10-28,19.7,0–20,0.3082,0.0,0.0,0.0,1.0,0.0,0.0,0.0774,-0.075852,0,95.9,top 10%
BTCUSDT,2014-10-29,21.3,20–40,0.4146,0.0018,0.0,0.0,1.0,0.0,0.0,0.0,0.011606,1,97.9,top 10%
BTCUSDT,2014-10-30,22.0,20–40,0.3183,0.0,0.0,0.0,1.0,0.0,0.3793,0.0,0.011541,1,98.1,top 10%
BTCUSDT,2014-10-31,20.0,20–40,0.3524,0.0,0.0,0.0,1.0,0.0,0.0,0.0,0.012101,1,96.6,top 10%
BTCUSDT,2014-11-01,16.9,0–20,0.4097,0.0,0.0,0.0,0.6693,0.0,0.0,0.0,0.060596,1,88.9,top 25%
BTCUSDT,2014-11-02,16.9,0–20,0.4082,0.0,0.0,0.0,0.6693,0.0,0.0,0.0,0.114676,1,88.9,top 25%
BTCUSDT,2014-11-03,16.5,0–20,0.3894,0.0,0.0,0.0,0.6693,0.0,0.0,0.0,0.120194,1,87.7,top 25%
BTCUSDT,2014-11-04,15.8,0–20,0.3549,0.0,0.0,0.0,0.6693,0.0,0.0,0.0,0.112569,1,85.3,top 25%
BTCUSDT,2014-11-05,13.7,0–20,0.2524,0.0,0.0,0.0,0.6693,0.0,0.0,0.0,0.247654,1,71.5,top 50%
BTCUSDT,2014-11-06,11.7,0–20,0.1503,0.0,0.0,0.0,0.6693,0.0,0.0,0.0,0.204543,1,58.4,top 50%
BTCUSDT,2014-11-07,12.7,0–20,0.1996,0.0,0.0,0.0,0.6693,0.0,0.0,0.0,0.161801,1,64.5,top 50%
BTCUSDT,2014-11-08,12.0,0–20,0.167,0.0,0.0,0.0,0.6693,0.0,0.0,0.0,0.088701,1,60.0,top 50%
BTCUSDT,2014-11-09,8.7,0–20,0.0,0.0,0.0,0.0,0.6693,0.0,0.0,0.0,0.067769,1,48.8,bottom 50%
BTCUSDT,2014-11-10,8.7,0–20,0.0,0.0,0.0,0.0,0.6693,0.0,0.0,0.0,0.055826,1,48.8,bottom 50%
BTCUSDT,2014-11-11,8.7,0–20,0.0,0.0,0.0,0.0,0.6693,0.0,0.0,0.0,0.020405,1,48.8,bottom 50%
BTCUSDT,2014-11-12,8.7,0–20,0.0,0.0,0.0,0.0,0.6693,0.0,0.0,0.0,-0.101534,0,48.8,bottom 50%
BTCUSDT,2014-11-13,8.7,0–20,0.0,0.0,0.0,0.0,0.6693,0.0,0.0,0.0,-0.149488,0,48.8,bottom 50%
BTCUSDT,2014-11-14,10.5,0–20,0.0,0.0,0.0,0.0,0.6693,0.0,0.0,0.2522,-0.118069,0,53.1,top 50%
BTCUSDT,2014-11-15,9.9,0–20,0.0,0.0,0.0,0.0,0.6693,0.0,0.0,0.1766,-0.061715,0,51.9,top 50%
BTCUSDT,2014-11-16,10.2,0–20,0.0,0.0,0.0,0.0,0.6693,0.0,0.0,0.2197,-0.052359,0,52.5,top 50%
BTCUSDT,2014-11-17,18.1,0–20,0.0,0.0,0.0,0.0,0.6693,0.0,0.4955,0.8433,-0.027121,0,92.6,top 10%
BTCUSDT,2014-11-18,15.8,0–20,0.0028,0.0,0.0,0.0,0.6693,0.0,0.0,1.0,0.0004,1,85.3,top 25%
BTCUSDT,2014-11-19,13.8,0–20,0.0,0.0,0.0,0.0,0.6693,0.0,0.0,0.7274,-0.032019,0,72.1,top 50%
BTCUSDT,2014-11-20,14.6,0–20,0.1092,0.0,0.0,0.0,0.6693,0.0,0.0,0.5316,0.03306,1,77.8,top 25%
BTCUSDT,2014-11-21,17.7,0–20,0.1478,0.0,0.0,0.0,0.6693,0.0,0.0,0.8626,0.072963,1,91.0,top 10%
BTCUSDT,2014-11-22,17.4,0–20,0.1322,0.0,0.0,0.0,0.6693,0.0,0.0,0.8598,0.063955,1,90.3,top 10%
BTCUSDT,2014-11-23,14.2,0–20,0.0255,0.0,0.0,0.0,0.6693,0.0,0.0,0.7125,0.028495,1,74.2,top 50%
BTCUSDT,2014-11-24,14.0,0–20,0.0,0.0,0.0,0.0,0.6693,0.0,0.0,0.7501,0.006219,1,73.1,top 50%
BTCUSDT,2014-11-25,10.7,0–20,0.0,0.0,0.0,0.0,0.6693,0.0,0.0,0.2835,0.015897,1,53.6,top 50%
BTCUSDT,2014-11-26,9.4,0–20,0.0252,0.0,0.0,0.0,0.6693,0.0,0.0,0.0234,0.018025,1,50.6,top 50%
BTCUSDT,2014-11-27,10.1,0–20,0.0151,0.0,0.0,0.0,0.6693,0.0,0.0,0.1607,-0.000179,0,52.4,top 50%
BTCUSDT,2014-11-28,11.0,0–20,0.0,0.0,0.0,0.0,0.6693,0.0,0.0,0.3273,0.001081,1,54.9,top 50%
BTCUSDT,2014-11-29,10.0,0–20,0.0,0.0,0.0,0.0,0.6693,0.0,0.0,0.187,-0.00188,0,52.1,top 50%
BTCUSDT,2014-11-30,9.5,0–20,0.0,0.0,0.0,0.0,0.6693,0.0,0.0,0.1156,-0.007809,0,50.8,top 50%
BTCUSDT,2014-12-01,0.1,0–20,0.0,0.0,0.0,0.0,0.0,0.0,0.0,0.0094,-0.045712,0,7.0,bottom 50%
BTCUSDT,2014-12-02,0.0,0–20,0.0,0.0,0.0,0.0,0.0,0.0,0.0,0.0,-0.076304,0,3.4,bottom 50%
BTCUSDT,2014-12-03,0.0,0–20,0.0,0.0,0.0,0.0,0.0,0.0,0.0,0.0,-0.076385,0,3.4,bottom 50%
BTCUSDT,2014-12-04,0.8,0–20,0.0414,0.0,0.0,0.0,0.0,0.0,0.0,0.0,-0.051671,0,10.5,bottom 50%
BTCUSDT,2014-12-05,0.2,0–20,0.0,0.0,0.0,0.0,0.0,0.0,0.0,0.0254,-0.064513,0,7.4,bottom 50%
BTCUSDT,2014-12-06,0.0,0–20,0.0,0.0,0.0,0.0,0.0,0.0,0.0,0.0,-0.073133,0,3.4,bottom 50%
BTCUSDT,2014-12-07,0.0,0–20,0.0,0.0,0.0,0.0,0.0,0.0,0.0,0.0,-0.062552,0,3.4,bottom 50%
BTCUSDT,2014-12-08,2.5,0–20,0.1255,0.0,0.0,0.0,0.0,0.0,0.0,0.0,-0.045768,0,20.9,bottom 50%
BTCUSDT,2014-12-09,8.6,0–20,0.212,0.0,0.0,0.0,0.0,0.0,0.6231,0.0,-0.071424,0,48.3,bottom 50%
BTCUSDT,2014-12-10,7.7,0–20,0.2596,0.0503,0.0,0.0,0.0,0.0,0.0,0.2442,-0.076766,0,46.4,bottom 50%
BTCUSDT,2014-12-11,10.1,0–20,0.2042,0.0,0.0,0.0,0.0,0.0,0.54,0.319,-0.111582,0,52.4,top 50%
BTCUSDT,2014-12-12,5.6,0–20,0.1768,0.0,0.0,0.0,0.0,0.0,0.0,0.2953,-0.098425,0,35.7,bottom 50%
BTCUSDT,2014-12-13,4.5,0–20,0.225,0.0,0.0,0.0,0.0,0.0,0.0,0.0,-0.050147,0,31.0,bottom 50%
BTCUSDT,2014-12-14,3.3,0–20,0.1645,0.0,0.0,0.0,0.0,0.0,0.0,0.0,-0.08756,0,25.2,bottom 50%
BTCUSDT,2014-12-15,4.5,0–20,0.2253,0.0,0.0,0.0,0.0,0.0,0.0,0.0,-0.038973,0,31.0,bottom 50%
BTCUSDT,2014-12-16,13.5,0–20,0.3693,0.1183,0.0,0.0,0.0,0.0,0.6198,0.0,0.022962,1,70.3,top 50%
BTCUSDT,2014-12-17,15.4,0–20,0.4159,0.0886,0.0,0.0,0.0,0.0,0.8281,0.0,0.008625,1,82.1,top 25%
BTCUSDT,2014-12-18,16.3,0–20,0.4648,0.0732,0.0,0.0,0.0,0.0,0.8483,0.0,0.024445,1,87.1,top 25%
BTCUSDT,2014-12-19,7.4,0–20,0.3697,0.0,0.0,0.0,0.0,0.0,0.0,0.0,0.031717,1,45.9,bottom 50%
BTCUSDT,2014-12-20,4.2,0–20,0.2107,0.0,0.0,0.0,0.0,0.0,0.0,0.0,-0.042712,0,29.6,bottom 50%
BTCUSDT,2014-12-21,5.6,0–20,0.2785,0.0,0.0,0.0,0.0,0.0,0.0,0.0,-0.011233,0,35.7,bottom 50%
BTCUSDT,2014-12-22,3.0,0–20,0.1495,0.0,0.0,0.0,0.0,0.0,0.0,0.0,-0.057899,0,23.4,bottom 50%
BTCUSDT,2014-12-23,2.4,0–20,0.1199,0.0,0.0,0.0,0.0,0.0,0.0,0.0,-0.07124,0,20.3,bottom 50%
BTCUSDT,2014-12-24,4.3,0–20,0.2172,0.0,0.0,0.0,0.0,0.0,0.0,0.0,-0.007258,0,30.0,bottom 50%
BTCUSDT,2014-12-25,4.9,0–20,0.2436,0.0,0.0,0.0,0.0,0.0,0.0,0.0,-0.014918,0,32.8,bottom 50%
BTCUSDT,2014-12-26,2.8,0–20,0.1391,0.0,0.0,0.0,0.0,0.0,0.0,0.0,-0.039314,0,22.5,bottom 50%
BTCUSDT,2014-12-27,4.7,0–20,0.233,0.0,0.0,0.0,0.0,0.0,0.0,0.0,-0.110114,0,31.9,bottom 50%
BTCUSDT,2014-12-28,4.3,0–20,0.2167,0.0,0.0,0.0,0.0,0.0,0.0,0.0,-0.167205,0,30.0,bottom 50%
BTCUSDT,2014-12-29,5.0,0–20,0.252,0.0,0.0,0.0,0.0,0.0,0.0,0.0,-0.122161,0,33.4,bottom 50%
BTCUSDT,2014-12-30,5.3,0–20,0.2671,0.0,0.0,0.0,0.0,0.0,0.0,0.0,-0.078999,0,34.6,bottom 50%
BTCUSDT,2014-12-31,2.9,0–20,0.1455,0.0,0.0,0.0,0.0,0.0,0.0,0.0,-0.080751,0,22.9,bottom 50%
BTCUSDT,2015-01-01,4.0,0–20,0.1976,0.0,0.0,0.0,0.0,0.0,0.0,0.0,-0.09833,0,28.9,bottom 50%
BTCUSDT,2015-01-02,3.7,0–20,0.1873,0.0,0.0,0.0,0.0,0.0,0.0,0.0,-0.078164,0,27.3,bottom 50%
BTCUSDT,2015-01-03,18.9,0–20,0.4198,0.3543,0.0,0.0,0.0,0.0,0.7372,0.0,-0.022364,0,94.6,top 10%
BTCUSDT,2015-01-04,22.6,20–40,0.4969,0.3778,0.0,0.0,0.0,0.0,1.0,0.0,0.005545,1,98.4,top 10%
BTCUSDT,2015-01-05,14.3,0–20,0.377,0.0254,0.0,0.0,0.0,0.0,0.906,0.0,-0.02433,0,75.4,top 25%
BTCUSDT,2015-01-06,5.1,0–20,0.2537,0.0,0.0,0.0,0.0,0.0,0.0,0.0,-0.210798,0,33.9,bottom 50%
BTCUSDT,2015-01-07,3.9,0–20,0.1749,0.0,0.0,0.0,0.0,0.0,0.0,0.0545,-0.394901,0,28.3,bottom 50%
BTCUSDT,2015-01-08,4.9,0–20,0.2439,0.0,0.0,0.0,0.0,0.0,0.0,0.0,-0.259415,0,32.8,bottom 50%
BTCUSDT,2015-01-09,3.5,0–20,0.1759,0.0,0.0,0.0,0.0,0.0,0.0,0.0,-0.283432,0,26.1,bottom 50%
BTCUSDT,2015-01-10,5.4,0–20,0.2709,0.0,0.0,0.0,0.0,0.0,0.0,0.0,-0.27488,0,35.0,bottom 50%
BTCUSDT,2015-01-11,6.4,0–20,0.3202,0.0,0.0,0.0,0.0,0.0,0.0,0.0,-0.20824,0,38.0,bottom 50%
BTCUSDT,2015-01-12,6.0,0–20,0.2981,0.0,0.0,0.0,0.0,0.0,0.0,0.0,-0.197669,0,37.0,bottom 50%
BTCUSDT,2015-01-13,19.4,0–20,0.4818,0.1873,0.0,0.0,0.0,0.0,1.0,0.0,-0.064402,0,95.6,top 10%
BTCUSDT,2015-01-14,24.1,20–40,0.6077,0.3326,0.0,0.0,0.0,0.0,1.0,0.0,0.273965,1,99.0,top 10%
BTCUSDT,2015-01-15,14.4,0–20,0.3695,0.0,0.0,0.0,0.0,0.0,1.0,0.0,0.112283,1,76.7,top 25%
BTCUSDT,2015-01-16,7.5,0–20,0.375,0.0,0.0,0.0,0.0,0.0,0.0,0.0,0.119089,1,46.0,bottom 50%
BTCUSDT,2015-01-17,8.1,0–20,0.4033,0.0,0.0,0.0,0.0,0.0,0.0,0.0,0.243837,1,47.5,bottom 50%
BTCUSDT,2015-01-18,6.4,0–20,0.3225,0.0,0.0,0.0,0.0,0.0,0.0,0.0,0.206234,1,38.0,bottom 50%
BTCUSDT,2015-01-19,5.8,0–20,0.2898,0.0,0.0,0.0,0.0,0.0,0.0,0.0,0.27279,1,36.4,bottom 50%
BTCUSDT,2015-01-20,6.1,0–20,0.3043,0.0,0.0,0.0,0.0,0.0,0.0,0.0,0.246835,1,37.2,bottom 50%
BTCUSDT,2015-01-21,3.8,0–20,0.1893,0.0,0.0,0.0,0.0,0.0,0.0,0.0,0.03093,1,27.8,bottom 50%
BTCUSDT,2015-01-22,2.9,0–20,0.144,0.0,0.0,0.0,0.0,0.0,0.0,0.0,0.000458,1,22.9,bottom 50%
BTCUSDT,2015-01-23,2.9,0–20,0.1468,0.0,0.0,0.0,0.0,0.0,0.0,0.0,-0.027714,0,22.9,bottom 50%
BTCUSDT,2015-01-24,0.8,0–20,0.0412,0.0,0.0,0.0,0.0,0.0,0.0,0.0,-0.122588,0,10.5,bottom 50%
BTCUSDT,2015-01-25,0.0,0–20,0.0023,0.0,0.0,0.0,0.0,0.0,0.0,0.0,-0.105416,0,3.4,bottom 50%
BTCUSDT,2015-01-26,0.0,0–20,0.0,0.0,0.0,0.0,0.0,0.0,0.0,0.0,-0.128876,0,3.4,bottom 50%
BTCUSDT,2015-01-27,0.0,0–20,0.0,0.0,0.0,0.0,0.0,0.0,0.0,0.0,-0.137421,0,3.4,bottom 50%
BTCUSDT,2015-01-28,2.4,0–20,0.1218,0.0,0.0,0.0,0.0,0.0,0.0,0.0,-0.03019,0,20.3,bottom 50%
BTCUSDT,2015-01-29,2.5,0–20,0.1239,0.0,0.0,0.0,0.0,0.0,0.0,0.0,-0.07024,0,20.9,bottom 50%
BTCUSDT,2015-01-30,3.2,0–20,0.1617,0.0,0.0,0.0,0.0,0.0,0.0,0.0,-0.018368,0,24.6,bottom 50%
BTCUSDT,2015-01-31,5.0,0–20,0.2083,0.0,0.0,0.0,0.0,0.0,0.0,0.1169,0.047318,1,33.4,bottom 50%
BTCUSDT,2015-02-01,14.4,0–20,0.1362,0.0,0.0,0.0,0.9018,0.0,0.0,0.0,-0.015685,0,76.7,top 25%
BTCUSDT,2015-02-02,14.1,0–20,0.0558,0.0,0.0,0.0,0.9018,0.0,0.0,0.1816,-0.076057,0,73.6,top 50%
BTCUSDT,2015-02-03,21.1,20–40,0.121,0.0,0.0,0.0,0.9018,0.0,0.0,1.0,-0.032688,0,97.8,top 10%
BTCUSDT,2015-02-04,17.0,0–20,0.1235,0.0,0.0,0.0,0.9018,0.0,0.0,0.3958,-0.033802,0,89.3,top 25%
BTCUSDT,2015-02-05,16.9,0–20,0.1816,0.0,0.0,0.0,0.9018,0.0,0.0,0.2247,0.021432,1,88.9,top 25%
BTCUSDT,2015-02-06,19.3,0–20,0.1386,0.0,0.0,0.0,0.9018,0.0,0.0,0.681,0.059213,1,95.3,top 10%
BTCUSDT,2015-02-07,18.0,0–20,0.0929,0.0,0.0,0.0,0.9018,0.0,0.0,0.6338,0.12982,1,92.0,top 10%
BTCUSDT,2015-02-08,16.2,0–20,0.1229,0.0,0.0,0.0,0.9018,0.0,0.0,0.2838,0.051085,1,86.7,top 25%
BTCUSDT,2015-02-09,17.1,0–20,0.146,0.0,0.0,0.0,0.9018,0.0,0.0,0.3567,0.062392,1,89.6,top 25%
BTCUSDT,2015-02-10,14.7,0–20,0.148,0.0,0.0,0.0,0.9018,0.0,0.0,0.0,0.108129,1,78.4,top 25%
BTCUSDT,2015-02-11,14.8,0–20,0.1531,0.0,0.0,0.0,0.9018,0.0,0.0,0.0,0.078203,1,78.8,top 25%
BTCUSDT,2015-02-12,14.2,0–20,0.1244,0.0,0.0,0.0,0.9018,0.0,0.0,0.0,0.083508,1,74.2,top 50%
BTCUSDT,2015-02-13,11.7,0–20,0.0,0.0,0.0,0.0,0.9018,0.0,0.0,0.0,0.035476,1,58.4,top 50%
BTCUSDT,2015-02-14,11.7,0–20,0.0,0.0,0.0,0.0,0.9018,0.0,0.0,0.0,-0.049693,0,58.4,top 50%
BTCUSDT,2015-02-15,11.8,0–20,0.0053,0.0,0.0,0.0,0.9018,0.0,0.0,0.0,0.004906,1,59.2,top 50%
BTCUSDT,2015-02-16,12.0,0–20,0.0129,0.0,0.0,0.0,0.9018,0.0,0.0,0.0,0.021591,1,60.0,top 50%
BTCUSDT,2015-02-17,11.7,0–20,0.0,0.0,0.0,0.0,0.9018,0.0,0.0,0.0,-0.020011,0,58.4,top 50%
BTCUSDT,2015-02-18,12.0,0–20,0.0,0.0,0.0,0.0,0.9018,0.0,0.0,0.0411,0.004841,1,60.0,top 50%
BTCUSDT,2015-02-19,16.2,0–20,0.0,0.0,0.0,0.0,0.9018,0.0,0.0,0.6371,-0.016052,0,86.7,top 25%
BTCUSDT,2015-02-20,14.6,0–20,0.0,0.0,0.0,0.0,0.9018,0.0,0.0,0.4144,0.041222,1,77.8,top 25%
BTCUSDT,2015-02-21,12.8,0–20,0.0,0.0,0.0,0.0,0.9018,0.0,0.0,0.1583,0.039786,1,65.0,top 50%
BTCUSDT,2015-02-22,12.7,0–20,0.0128,0.0,0.0,0.0,0.9018,0.0,0.0,0.1094,0.102658,1,64.5,top 50%
BTCUSDT,2015-02-23,13.1,0–20,0.0,0.0,0.0,0.0,0.9018,0.0,0.0,0.2014,0.153952,1,67.8,top 50%
BTCUSDT,2015-02-24,13.8,0–20,0.0,0.0,0.0,0.0,0.9018,0.0,0.0,0.2941,0.179978,1,72.1,top 50%
BTCUSDT,2015-02-25,15.9,0–20,0.0003,0.0,0.0,0.0,0.9018,0.0,0.0,0.5983,0.150006,1,85.6,top 25%
BTCUSDT,2015-02-26,15.4,0–20,0.0123,0.0,0.0,0.0,0.9018,0.0,0.0,0.4843,0.168137,1,82.1,top 25%
BTCUSDT,2015-02-27,13.1,0–20,0.0,0.0,0.0,0.0,0.9018,0.0,0.0,0.1942,0.07444,1,67.8,top 50%
BTCUSDT,2015-02-28,14.3,0–20,0.0,0.0,0.0,0.0,0.9018,0.0,0.0,0.3687,0.086517,1,75.4,top 25%
BTCUSDT,2015-03-01,3.2,0–20,0.0,0.0,0.0,0.0,0.0,0.0,0.0,0.4611,0.054389,1,24.6,bottom 50%
BTCUSDT,2015-03-02,3.3,0–20,0.0,0.0,0.0,0.0,0.0,0.0,0.0,0.4655,0.050557,1,25.2,bottom 50%
BTCUSDT,2015-03-03,3.3,0–20,0.0,0.0,0.0,0.0,0.0,0.0,0.0,0.4686,0.035704,1,25.2,bottom 50%
BTCUSDT,2015-03-04,5.4,0–20,0.0,0.0,0.0,0.0,0.0,0.0,0.0,0.7778,0.085272,1,35.0,bottom 50%
BTCUSDT,2015-03-05,3.0,0–20,0.0,0.0,0.0,0.0,0.0,0.0,0.0,0.4345,0.065813,1,23.4,bottom 50%
BTCUSDT,2015-03-06,0.4,0–20,0.0,0.0,0.0,0.0,0.0,0.0,0.0,0.0587,0.046252,1,8.4,bottom 50%
BTCUSDT,2015-03-07,6.1,0–20,0.0,0.0,0.0,0.0,0.0,0.0,0.0,0.8716,0.020358,1,37.2,bottom 50%
BTCUSDT,2015-03-08,7.0,0–20,0.0,0.0,0.0,0.0,0.0,0.0,0.0,0.9966,0.043881,1,41.8,bottom 50%
BTCUSDT,2015-03-09,4.5,0–20,0.0,0.0,0.0,0.0,0.0,0.0,0.0,0.6417,0.003405,1,31.0,bottom 50%
BTCUSDT,2015-03-10,6.2,0–20,0.0,0.0,0.0,0.0,0.0,0.0,0.0,0.8907,-0.021439,0,37.5,bottom 50%
BTCUSDT,2015-03-11,5.1,0–20,0.0,0.0,0.0,0.0,0.0,0.0,0.0,0.7336,-0.135232,0,33.9,bottom 50%
BTCUSDT,2015-03-12,5.0,0–20,0.0,0.0,0.0,0.0,0.0,0.0,0.0,0.7098,-0.113557,0,33.4,bottom 50%
BTCUSDT,2015-03-13,4.4,0–20,0.0,0.0,0.0,0.0,0.0,0.0,0.0,0.6341,-0.082667,0,30.5,bottom 50%
BTCUSDT,2015-03-14,7.0,0–20,0.0,0.0,0.0,0.0,0.0,0.0,0.0,1.0,-0.077549,0,41.8,bottom 50%
BTCUSDT,2015-03-15,7.0,0–20,0.0,0.0,0.0,0.0,0.0,0.0,0.0,1.0,-0.064363,0,41.8,bottom 50%
BTCUSDT,2015-03-16,7.0,0–20,0.0,0.0,0.0,0.0,0.0,0.0,0.0,1.0,-0.082084,0,41.8,bottom 50%
BTCUSDT,2015-03-17,7.0,0–20,0.0,0.0,0.0,0.0,0.0,0.0,0.0,1.0,-0.139787,0,41.8,bottom 50%
BTCUSDT,2015-03-18,14.0,0–20,0.1461,0.0,0.0,0.0,0.0,0.0,0.6473,0.9291,-0.039415,0,73.1,top 50%
BTCUSDT,2015-03-19,9.4,0–20,0.0935,0.0,0.0,0.0,0.0,0.0,0.5663,0.5116,-0.047507,0,50.6,top 50%
BTCUSDT,2015-03-20,5.7,0–20,0.084,0.0,0.0,0.0,0.0,0.0,0.0,0.5775,-0.056237,0,36.1,bottom 50%
BTCUSDT,2015-03-21,5.7,0–20,0.1016,0.0,0.0,0.0,0.0,0.0,0.0,0.5226,-0.027793,0,36.1,bottom 50%
BTCUSDT,2015-03-22,1.3,0–20,0.0055,0.0,0.0,0.0,0.0,0.0,0.0,0.1674,-0.094219,0,13.4,bottom 50%
BTCUSDT,2015-03-23,0.4,0–20,0.0197,0.0,0.0,0.0,0.0,0.0,0.0,0.0,-0.072033,0,8.4,bottom 50%
BTCUSDT,2015-03-24,5.2,0–20,0.2255,0.0432,0.0,0.0,0.0,0.0,0.0,0.0,-0.005582,0,34.2,bottom 50%
BTCUSDT,2015-03-25,4.4,0–20,0.2177,0.0,0.0,0.0,0.0,0.0,0.0,0.0,0.004366,1,30.5,bottom 50%
BTCUSDT,2015-03-26,3.7,0–20,0.186,0.0,0.0,0.0,0.0,0.0,0.0,0.0,0.017998,1,27.3,bottom 50%
BTCUSDT,2015-03-27,4.0,0–20,0.2004,0.0,0.0,0.0,0.0,0.0,0.0,0.0,0.029523,1,28.9,bottom 50%
BTCUSDT,2015-03-28,2.4,0–20,0.1185,0.0,0.0,0.0,0.0,0.0,0.0,0.0,0.003556,1,20.3,bottom 50%
BTCUSDT,2015-03-29,4.4,0–20,0.2188,0.0,0.0,0.0,0.0,0.0,0.0,0.0,0.073688,1,30.5,bottom 50%
BTCUSDT,2015-03-30,3.0,0–20,0.1515,0.0,0.0,0.0,0.0,0.0,0.0,0.0,0.032182,1,23.4,bottom 50%
BTCUSDT,2015-03-31,3.7,0–20,0.1848,0.0,0.0,0.0,0.0,0.0,0.0,0.0,0.036671,1,27.3,bottom 50%
BTCUSDT,2015-04-01,13.8,0–20,0.1403,0.0,0.0,0.0,0.8454,0.0,0.0,0.0,-0.009099,0,72.1,top 50%
BTCUSDT,2015-04-02,12.2,0–20,0.0597,0.0,0.0,0.0,0.8454,0.0,0.0,0.0,-0.036873,0,60.9,top 50%
BTCUSDT,2015-04-03,11.8,0–20,0.0415,0.0,0.0,0.0,0.8454,0.0,0.0,0.0,-0.071759,0,59.2,top 50%
BTCUSDT,2015-04-04,12.0,0–20,0.0498,0.0,0.0,0.0,0.8454,0.0,0.0,0.0,-0.067581,0,60.0,top 50%
BTCUSDT,2015-04-05,11.0,0–20,0.0,0.0,0.0,0.0,0.8454,0.0,0.0,0.0,-0.093803,0,54.9,top 50%
BTCUSDT,2015-04-06,11.5,0–20,0.0243,0.0,0.0,0.0,0.8454,0.0,0.0,0.0,-0.120963,0,57.1,top 50%
BTCUSDT,2015-04-07,12.1,0–20,0.0563,0.0,0.0,0.0,0.8454,0.0,0.0,0.0,-0.134375,0,60.5,top 50%
BTCUSDT,2015-04-08,16.6,0–20,0.1609,0.0,0.0,0.0,0.8454,0.0,0.3446,0.0,-0.086478,0,88.0,top 25%
BTCUSDT,2015-04-09,14.5,0–20,0.1771,0.0,0.0,0.0,0.8454,0.0,0.0,0.0,-0.06198,0,77.3,top 25%
BTCUSDT,2015-04-10,16.3,0–20,0.2636,0.0,0.0,0.0,0.8454,0.0,0.0,0.01,-0.055873,0,87.1,top 25%
BTCUSDT,2015-04-11,16.1,0–20,0.2546,0.0,0.0,0.0,0.8454,0.0,0.0,0.0,-0.055785,0,86.3,top 25%
BTCUSDT,2015-04-12,16.2,0–20,0.2593,0.0,0.0,0.0,0.8454,0.0,0.0,0.0,-0.057391,0,86.7,top 25%
BTCUSDT,2015-04-13,24.0,20–40,0.3813,0.1972,0.0,0.0,0.8454,0.0,0.3454,0.0,0.000174,1,99.0,top 10%
BTCUSDT,2015-04-14,25.1,20–40,0.4288,0.1637,0.0,0.0,0.8454,0.0,0.4388,0.0,0.073508,1,99.3,top 10%
BTCUSDT,2015-04-15,17.7,0–20,0.3338,0.0,0.0,0.0,0.8454,0.0,0.0,0.0,0.046209,1,91.0,top 10%
BTCUSDT,2015-04-16,15.9,0–20,0.2435,0.0,0.0,0.0,0.8454,0.0,0.0,0.0,0.034514,1,85.6,top 25%
BTCUSDT,2015-04-17,17.1,0–20,0.3044,0.0,0.0,0.0,0.8454,0.0,0.0,0.0,0.037625,1,89.6,top 25%
BTCUSDT,2015-04-18,16.9,0–20,0.295,0.0,0.0,0.0,0.8454,0.0,0.0,0.0,0.013584,1,88.9,top 25%
BTCUSDT,2015-04-19,17.1,0–20,0.3036,0.0,0.0,0.0,0.8454,0.0,0.0,0.0,-0.014241,0,89.6,top 25%
BTCUSDT,2015-04-20,16.2,0–20,0.2594,0.0,0.0,0.0,0.8454,0.0,0.0,0.0,0.020746,1,86.7,top 25%
BTCUSDT,2015-04-21,12.1,0–20,0.0567,0.0,0.0,0.0,0.8454,0.0,0.0,0.0,-0.040014,0,60.5,top 50%
BTCUSDT,2015-04-22,12.5,0–20,0.0732,0.0,0.0,0.0,0.8454,0.0,0.0,0.0,-0.035734,0,63.4,top 50%
BTCUSDT,2015-04-23,11.6,0–20,0.0325,0.0,0.0,0.0,0.8454,0.0,0.0,0.0,-0.001341,0,57.5,top 50%
BTCUSDT,2015-04-24,13.3,0–20,0.1146,0.0,0.0,0.0,0.8454,0.0,0.0,0.0,0.003507,1,69.0,top 50%
BTCUSDT,2015-04-25,14.7,0–20,0.1846,0.0,0.0,0.0,0.8454,0.0,0.0,0.0,0.037722,1,78.4,top 25%
BTCUSDT,2015-04-26,19.1,0–20,0.2729,0.0,0.0,0.0,0.8454,0.0,0.3814,0.0,0.095374,1,94.9,top 10%
BTCUSDT,2015-04-27,12.8,0–20,0.0925,0.0,0.0,0.0,0.8454,0.0,0.0,0.0,0.042445,1,65.0,top 50%
BTCUSDT,2015-04-28,13.8,0–20,0.1383,0.0,0.0,0.0,0.8454,0.0,0.0,0.0,0.045454,1,72.1,top 50%
BTCUSDT,2015-04-29,13.8,0–20,0.1389,0.0,0.0,0.0,0.8454,0.0,0.0,0.0,0.017599,1,72.1,top 50%
BTCUSDT,2015-04-30,11.0,0–20,0.0,0.0,0.0,0.0,0.8454,0.0,0.0,0.0,0.005035,1,54.9,top 50%
BTCUSDT,2015-05-01,7.9,0–20,0.0299,0.0,0.0,0.0,0.5591,0.0,0.0,0.0,0.050776,1,46.9,bottom 50%
BTCUSDT,2015-05-02,7.3,0–20,0.0,0.0,0.0,0.0,0.5591,0.0,0.0,0.0,0.029379,1,45.2,bottom 50%
BTCUSDT,2015-05-03,7.5,0–20,0.0,0.0,0.0,0.0,0.5591,0.0,0.0,0.03,-0.000258,0,46.0,bottom 50%
BTCUSDT,2015-05-04,8.4,0–20,0.0,0.0,0.0,0.0,0.5591,0.0,0.0,0.1606,0.013137,1,48.0,bottom 50%
BTCUSDT,2015-05-05,9.2,0–20,0.0,0.0,0.0,0.0,0.5591,0.0,0.0,0.275,0.021137,1,50.2,top 50%
BTCUSDT,2015-05-06,11.6,0–20,0.0804,0.0,0.0,0.0,0.5591,0.0,0.3132,0.0759,0.028701,1,57.5,top 50%
BTCUSDT,2015-05-07,9.2,0–20,0.0,0.0,0.0,0.0,0.5591,0.0,0.0,0.273,-0.001706,0,50.2,top 50%
BTCUSDT,2015-05-08,10.0,0–20,0.0,0.0,0.0,0.0,0.5591,0.0,0.0,0.3862,-0.025662,0,52.1,top 50%
BTCUSDT,2015-05-09,9.9,0–20,0.0,0.0,0.0,0.0,0.5591,0.0,0.0,0.3731,-0.023483,0,51.9,top 50%
BTCUSDT,2015-05-10,9.1,0–20,0.0,0.0,0.0,0.0,0.5591,0.0,0.0,0.2604,-0.01454,0,49.9,bottom 50%
BTCUSDT,2015-05-11,7.3,0–20,0.0,0.0,0.0,0.0,0.5591,0.0,0.0,0.0,-0.03729,0,45.2,bottom 50%
BTCUSDT,2015-05-12,7.7,0–20,0.0,0.0,0.0,0.0,0.5591,0.0,0.0,0.0685,-0.038011,0,46.4,bottom 50%
BTCUSDT,2015-05-13,8.5,0–20,0.0095,0.0,0.0,0.0,0.5591,0.0,0.0,0.1517,-0.00998,0,48.1,bottom 50%
BTCUSDT,2015-05-14,8.8,0–20,0.0,0.0,0.0,0.0,0.5591,0.0,0.0,0.2238,-0.00669,0,49.2,bottom 50%
BTCUSDT,2015-05-15,9.4,0–20,0.0,0.0,0.0,0.0,0.5591,0.0,0.0,0.3037,0.011544,1,50.6,top 50%
BTCUSDT,2015-05-16,11.1,0–20,0.0161,0.0,0.0,0.0,0.5591,0.0,0.0,0.505,0.011514,1,55.9,top 50%
BTCUSDT,2015-05-17,9.1,0–20,0.0017,0.0,0.0,0.0,0.5591,0.0,0.0,0.2533,0.017529,1,49.9,bottom 50%
BTCUSDT,2015-05-18,10.5,0–20,0.0813,0.0,0.0,0.0,0.5591,0.0,0.0,0.2297,0.017081,1,53.1,top 50%
BTCUSDT,2015-05-19,11.1,0–20,0.106,0.0,0.0,0.0,0.5591,0.0,0.0,0.2411,0.022285,1,55.9,top 50%
BTCUSDT,2015-05-20,8.5,0–20,0.0526,0.0,0.0,0.0,0.5591,0.0,0.0,0.0304,0.013952,1,48.1,bottom 50%
BTCUSDT,2015-05-21,8.3,0–20,0.0187,0.0,0.0,0.0,0.5591,0.0,0.0,0.0875,0.00877,1,47.9,bottom 50%
BTCUSDT,2015-05-22,7.6,0–20,0.0,0.0,0.0,0.0,0.5591,0.0,0.0,0.0404,-0.01353,0,46.1,bottom 50%
BTCUSDT,2015-05-23,7.3,0–20,0.0,0.0,0.0,0.0,0.5591,0.0,0.0,0.0,-0.023138,0,45.2,bottom 50%
BTCUSDT,2015-05-24,7.3,0–20,0.0,0.0,0.0,0.0,0.5591,0.0,0.0,0.0,-0.044668,0,45.2,bottom 50%
BTCUSDT,2015-05-25,7.3,0–20,0.0,0.0,0.0,0.0,0.5591,0.0,0.0,0.0,-0.05982,0,45.2,bottom 50%
BTCUSDT,2015-05-26,8.1,0–20,0.0,0.0,0.0,0.0,0.5591,0.0,0.0,0.1219,-0.047711,0,47.5,bottom 50%
BTCUSDT,2015-05-27,7.7,0–20,0.0,0.0,0.0,0.0,0.5591,0.0,0.0,0.0627,-0.048082,0,46.4,bottom 50%
BTCUSDT,2015-05-28,7.3,0–20,0.0,0.0,0.0,0.0,0.5591,0.0,0.0,0.0,-0.055112,0,45.2,bottom 50%
BTCUSDT,2015-05-29,7.3,0–20,0.0,0.0,0.0,0.0,0.5591,0.0,0.0,0.0,-0.05122,0,45.2,bottom 50%
BTCUSDT,2015-05-30,9.5,0–20,0.1096,0.0,0.0,0.0,0.5591,0.0,0.0,0.0,-0.03311,0,50.8,top 50%
BTCUSDT,2015-05-31,12.1,0–20,0.1927,0.0646,0.0,0.0,0.5591,0.0,0.0,0.0,-0.031752,0,60.5,top 50%
BTCUSDT,2015-06-01,15.9,0–20,0.3443,0.3923,0.0,0.0,0.0,0.0,0.4509,0.0,0.024954,1,85.6,top 25%
BTCUSDT,2015-06-02,5.2,0–20,0.2446,0.0126,0.0,0.0,0.0,0.0,0.0,0.0207,0.014371,1,34.2,bottom 50%
BTCUSDT,2015-06-03,4.9,0–20,0.2421,0.0,0.0,0.0,0.0,0.0,0.0,0.0034,0.012967,1,32.8,bottom 50%
BTCUSDT,2015-06-04,5.5,0–20,0.2756,0.0,0.0,0.0,0.0,0.0,0.0,0.0,0.023988,1,35.4,bottom 50%
BTCUSDT,2015-06-05,5.0,0–20,0.2515,0.0,0.0,0.0,0.0,0.0,0.0,0.0,0.02236,1,33.4,bottom 50%
BTCUSDT,2015-06-06,4.5,0–20,0.225,0.0,0.0,0.0,0.0,0.0,0.0,0.0,0.030064,1,31.0,bottom 50%
BTCUSDT,2015-06-07,5.8,0–20,0.2914,0.0,0.0,0.0,0.0,0.0,0.0,0.0,0.047837,1,36.4,bottom 50%
BTCUSDT,2015-06-08,1.7,0–20,0.0862,0.0,0.0,0.0,0.0,0.0,0.0,0.0,0.036474,1,16.0,bottom 50%
BTCUSDT,2015-06-09,1.4,0–20,0.068,0.0,0.0,0.0,0.0,0.0,0.0,0.0,0.095382,1,14.1,bottom 50%
BTCUSDT,2015-06-10,1.5,0–20,0.0753,0.0,0.0,0.0,0.0,0.0,0.0,0.0,0.089514,1,14.8,bottom 50%
BTCUSDT,2015-06-11,0.9,0–20,0.0428,0.0,0.0,0.0,0.0,0.0,0.0,0.0,0.08403,1,11.0,bottom 50%
BTCUSDT,2015-06-12,0.7,0–20,0.0325,0.0,0.0,0.0,0.0,0.0,0.0,0.0,0.063588,1,9.9,bottom 50%
BTCUSDT,2015-06-13,0.0,0–20,0.0,0.0,0.0,0.0,0.0,0.0,0.0,0.0,0.05512,1,3.4,bottom 50%
BTCUSDT,2015-06-14,0.0,0–20,0.0,0.0,0.0,0.0,0.0,0.0,0.0,0.0,0.044536,1,3.4,bottom 50%
BTCUSDT,2015-06-15,0.0,0–20,0.0,0.0,0.0,0.0,0.0,0.0,0.0,0.0,0.042931,1,3.4,bottom 50%
BTCUSDT,2015-06-16,0.0,0–20,0.0,0.0,0.0,0.0,0.0,0.0,0.0,0.0,-0.026302,0,3.4,bottom 50%
BTCUSDT,2015-06-17,0.0,0–20,0.0,0.0,0.0,0.0,0.0,0.0,0.0,0.0,-0.035177,0,3.4,bottom 50%
BTCUSDT,2015-06-18,0.0,0–20,0.0,0.0,0.0,0.0,0.0,0.0,0.0,0.0,-0.024931,0,3.4,bottom 50%
BTCUSDT,2015-06-19,0.0,0–20,0.0,0.0,0.0,0.0,0.0,0.0,0.0,0.0044,-0.004137,0,3.4,bottom 50%
BTCUSDT,2015-06-20,1.0,0–20,0.0,0.0,0.0,0.0,0.0,0.0,0.0,0.1492,0.023563,1,11.6,bottom 50%
BTCUSDT,2015-06-21,4.3,0–20,0.0,0.0,0.0,0.0,0.0,0.0,0.0,0.6099,0.020771,1,30.0,bottom 50%
BTCUSDT,2015-06-22,3.6,0–20,0.0,0.0,0.0,0.0,0.0,0.0,0.0,0.5152,0.040787,1,26.7,bottom 50%
BTCUSDT,2015-06-23,3.5,0–20,0.0,0.0,0.0,0.0,0.0,0.0,0.0,0.5024,0.076858,1,26.1,bottom 50%
BTCUSDT,2015-06-24,3.1,0–20,0.0,0.0,0.0,0.0,0.0,0.0,0.0,0.4445,0.07528,1,24.0,bottom 50%
BTCUSDT,2015-06-25,3.1,0–20,0.0,0.0,0.0,0.0,0.0,0.0,0.0,0.4459,0.051948,1,24.0,bottom 50%
BTCUSDT,2015-06-26,2.8,0–20,0.0,0.0,0.0,0.0,0.0,0.0,0.0,0.4055,0.052308,1,22.5,bottom 50%
BTCUSDT,2015-06-27,3.8,0–20,0.0,0.0,0.0,0.0,0.0,0.0,0.0,0.5496,0.039428,1,27.8,bottom 50%
BTCUSDT,2015-06-28,2.5,0–20,0.0,0.0,0.0,0.0,0.0,0.0,0.0,0.3526,0.091972,1,20.9,bottom 50%
BTCUSDT,2015-06-29,1.9,0–20,0.0,0.0,0.0,0.0,0.0,0.0,0.0,0.2675,0.046549,1,17.1,bottom 50%
BTCUSDT,2015-06-30,2.3,0–20,0.0,0.0,0.0,0.0,0.0,0.0,0.0,0.3314,0.011917,1,19.6,bottom 50%
BTCUSDT,2015-07-01,14.5,0–20,0.0,0.0,0.0,0.0,0.9458,0.0,0.0,0.321,0.047034,1,77.3,top 25%
BTCUSDT,2015-07-02,15.5,0–20,0.0,0.0,0.0,0.0,0.9458,0.0,0.0,0.4648,0.054093,1,82.6,top 25%
BTCUSDT,2015-07-03,14.9,0–20,0.0,0.0,0.0,0.0,0.9458,0.0,0.0,0.3678,0.111409,1,79.4,top 25%
BTCUSDT,2015-07-04,15.9,0–20,0.0,0.0,0.0,0.0,0.9458,0.0,0.0,0.5111,0.123537,1,85.6,top 25%
BTCUSDT,2015-07-05,16.3,0–20,0.0,0.0,0.0,0.0,0.9458,0.0,0.0,0.5728,0.143259,1,87.1,top 25%
BTCUSDT,2015-07-06,13.4,0–20,0.0,0.0,0.0,0.0,0.9458,0.0,0.0,0.1602,0.085581,1,69.6,top 50%
BTCUSDT,2015-07-07,13.2,0–20,0.0,0.0,0.0,0.0,0.9458,0.0,0.0,0.1281,0.079851,1,68.4,top 50%
BTCUSDT,2015-07-08,13.4,0–20,0.0,0.0,0.0,0.0,0.9458,0.0,0.0,0.1555,0.055557,1,69.6,top 50%
BTCUSDT,2015-07-09,14.7,0–20,0.0,0.0,0.0,0.0,0.9458,0.0,0.0,0.3434,0.032913,1,78.4,top 25%
BTCUSDT,2015-07-10,16.3,0–20,0.0,0.0,0.0,0.0,0.9458,0.0,0.0,0.5704,-0.019032,0,87.1,top 25%
BTCUSDT,2015-07-11,16.2,0–20,0.0,0.0,0.0,0.0,0.9458,0.0,0.0,0.5602,-0.062139,0,86.7,top 25%
BTCUSDT,2015-07-12,15.5,0–20,0.0,0.0,0.0,0.0,0.9458,0.0,0.0,0.4543,-0.119836,0,82.6,top 25%
BTCUSDT,2015-07-13,16.4,0–20,0.0,0.0,0.0,0.0,0.9458,0.0,0.0,0.5847,-0.044762,0,87.5,top 25%
BTCUSDT,2015-07-14,16.8,0–20,0.0,0.0,0.0,0.0,0.9458,0.0,0.0,0.6373,-0.040461,0,88.5,top 25%
BTCUSDT,2015-07-15,18.4,0–20,0.0,0.0,0.0,0.0,0.9458,0.0,0.0,0.8697,-0.030112,0,93.2,top 10%
BTCUSDT,2015-07-16,19.0,0–20,0.0,0.0,0.0,0.0,0.9458,0.0,0.0,0.9644,-0.007336,0,94.8,top 10%
BTCUSDT,2015-07-17,19.3,0–20,0.0,0.0,0.0,0.0,0.9458,0.0,0.0,1.0,0.03151,1,95.3,top 10%
BTCUSDT,2015-07-18,18.0,0–20,0.0,0.0,0.0,0.0,0.9458,0.0,0.0,0.8135,0.050185,1,92.0,top 10%
BTCUSDT,2015-07-19,16.2,0–20,0.0,0.0,0.0,0.0,0.9458,0.0,0.0,0.5628,0.069704,1,86.7,top 25%
BTCUSDT,2015-07-20,15.3,0–20,0.0,0.0,0.0,0.0,0.9458,0.0,0.0,0.4222,0.052487,1,81.7,top 25%
BTCUSDT,2015-07-21,14.9,0–20,0.0,0.0,0.0,0.0,0.9458,0.0,0.0,0.3733,0.06741,1,79.4,top 25%
BTCUSDT,2015-07-22,15.6,0–20,0.0,0.0,0.0,0.0,0.9458,0.0,0.0,0.4672,0.044614,1,83.1,top 25%
BTCUSDT,2015-07-23,14.8,0–20,0.0,0.0,0.0,0.0,0.9458,0.0,0.0,0.3636,0.042286,1,78.8,top 25%
BTCUSDT,2015-07-24,14.1,0–20,0.0,0.0,0.0,0.0,0.9458,0.0,0.0,0.257,-0.012585,0,73.6,top 50%
BTCUSDT,2015-07-25,13.2,0–20,0.0,0.0,0.0,0.0,0.9458,0.0,0.0,0.1345,-0.024579,0,68.4,top 50%
BTCUSDT,2015-07-26,13.2,0–20,0.0,0.0,0.0,0.0,0.9458,0.0,0.0,0.1342,-0.034412,0,68.4,top 50%
BTCUSDT,2015-07-27,13.8,0–20,0.0,0.0,0.0,0.0,0.9458,0.0,0.0,0.2191,-0.042221,0,72.1,top 50%
BTCUSDT,2015-07-28,13.0,0–20,0.0,0.0,0.0,0.0,0.9458,0.0,0.0,0.1037,-0.031278,0,66.6,top 50%
BTCUSDT,2015-07-29,14.8,0–20,0.0,0.0,0.0,0.0,0.9458,0.0,0.0,0.3554,-0.026617,0,78.8,top 25%
BTCUSDT,2015-07-30,12.8,0–20,0.0,0.0,0.0,0.0,0.9458,0.0,0.0,0.0665,-0.031784,0,65.0,top 50%
BTCUSDT,2015-07-31,12.3,0–20,0.0,0.0,0.0,0.0,0.9458,0.0,0.0,0.0,-0.017794,0,61.9,top 50%
BTCUSDT,2015-08-01,0.0,0–20,0.0,0.0,0.0,0.0,0.0,0.0,0.0,0.0,-0.073167,0,3.4,bottom 50%
BTCUSDT,2015-08-02,0.3,0–20,0.0,0.0,0.0,0.0,0.0,0.0,0.0,0.039,-0.062032,0,7.9,bottom 50%
BTCUSDT,2015-08-03,0.3,0–20,0.0,0.0,0.0,0.0,0.0,0.0,0.0,0.0359,-0.059585,0,7.9,bottom 50%
BTCUSDT,2015-08-04,0.2,0–20,0.0,0.0,0.0,0.0,0.0,0.0,0.0,0.0328,-0.052002,0,7.4,bottom 50%
BTCUSDT,2015-08-05,0.8,0–20,0.0,0.0,0.0,0.0,0.0,0.0,0.0,0.1168,-0.055009,0,10.5,bottom 50%
BTCUSDT,2015-08-06,1.1,0–20,0.0406,0.0,0.0,0.0,0.0,0.0,0.0,0.0377,-0.05204,0,12.2,bottom 50%
BTCUSDT,2015-08-07,1.3,0–20,0.0187,0.0,0.0,0.0,0.0,0.0,0.0,0.1388,-0.049734,0,13.4,bottom 50%
BTCUSDT,2015-08-08,17.4,0–20,0.3074,0.2782,0.0,0.0,0.0,0.0,0.8848,0.1291,0.002123,1,90.3,top 10%
BTCUSDT,2015-08-09,5.2,0–20,0.2223,0.0,0.0,0.0,0.0,0.0,0.0,0.1039,-0.024807,0,34.2,bottom 50%
BTCUSDT,2015-08-10,5.3,0–20,0.2304,0.0,0.0,0.0,0.0,0.0,0.0,0.1029,-0.024555,0,34.6,bottom 50%
BTCUSDT,2015-08-11,2.4,0–20,0.1103,0.0,0.0,0.0,0.0,0.0,0.0,0.0237,-0.219342,0,20.3,bottom 50%
BTCUSDT,2015-08-12,3.8,0–20,0.1695,0.0,0.0,0.0,0.0,0.0,0.0,0.061,-0.149007,0,27.8,bottom 50%
BTCUSDT,2015-08-13,4.0,0–20,0.2022,0.0,0.0,0.0,0.0,0.0,0.0,0.0,-0.108793,0,28.9,bottom 50%
BTCUSDT,2015-08-14,3.4,0–20,0.1677,0.0,0.0,0.0,0.0,0.0,0.0,0.0,-0.124627,0,25.6,bottom 50%
BTCUSDT,2015-08-15,4.6,0–20,0.2292,0.0,0.0,0.0,0.0,0.0,0.0,0.0,-0.119139,0,31.5,bottom 50%
BTCUSDT,2015-08-16,5.4,0–20,0.2719,0.0,0.0,0.0,0.0,0.0,0.0,0.0,-0.117358,0,35.0,bottom 50%
BTCUSDT,2015-08-17,5.6,0–20,0.2794,0.0,0.0,0.0,0.0,0.0,0.0,0.0,-0.184052,0,35.7,bottom 50%
BTCUSDT,2015-08-18,26.0,20–40,0.6361,0.4768,0.0,0.0,0.0,0.0,0.8743,0.0,0.049887,1,99.5,top 10%
BTCUSDT,2015-08-19,14.9,0–20,0.3896,0.0326,0.0,0.0,0.0,0.0,0.9388,0.0,-0.003763,0,79.4,top 25%
BTCUSDT,2015-08-20,5.5,0–20,0.2748,0.0,0.0,0.0,0.0,0.0,0.0,0.0,-0.044959,0,35.4,bottom 50%
BTCUSDT,2015-08-21,5.9,0–20,0.2949,0.0,0.0,0.0,0.0,0.0,0.0,0.0,-0.005044,0,36.7,bottom 50%
BTCUSDT,2015-08-22,6.2,0–20,0.311,0.0,0.0,0.0,0.0,0.0,0.0,0.0,-0.002648,0,37.5,bottom 50%
BTCUSDT,2015-08-23,6.6,0–20,0.3279,0.0,0.0,0.0,0.0,0.0,0.0,0.0,0.002595,1,38.5,bottom 50%
BTCUSDT,2015-08-24,14.1,0–20,0.4446,0.0,0.0,0.0,0.0,0.0,0.7373,0.0,0.092929,1,73.6,top 50%
BTCUSDT,2015-08-25,9.6,0–20,0.2926,0.0,0.0,0.0,0.0,0.0,0.5362,0.0,0.029385,1,51.1,top 50%
BTCUSDT,2015-08-26,4.8,0–20,0.2393,0.0,0.0,0.0,0.0,0.0,0.0,0.0,0.01529,1,32.4,bottom 50%
BTCUSDT,2015-08-27,5.0,0–20,0.2477,0.0,0.0,0.0,0.0,0.0,0.0,0.0,0.01074,1,33.4,bottom 50%
BTCUSDT,2015-08-28,3.2,0–20,0.1614,0.0,0.0,0.0,0.0,0.0,0.0,0.0,-0.004745,0,24.6,bottom 50%
BTCUSDT,2015-08-29,3.5,0–20,0.1764,0.0,0.0,0.0,0.0,0.0,0.0,0.0,0.0228,1,26.1,bottom 50%
BTCUSDT,2015-08-30,3.7,0–20,0.1862,0.0,0.0,0.0,0.0,0.0,0.0,0.0,0.04843,1,27.3,bottom 50%
BTCUSDT,2015-08-31,3.3,0–20,0.1671,0.0,0.0,0.0,0.0,0.0,0.0,0.0,0.042559,1,25.2,bottom 50%
BTCUSDT,2015-09-01,3.8,0–20,0.1882,0.0,0.0,0.0,0.0,0.0,0.0,0.0,0.067885,1,27.8,bottom 50%
BTCUSDT,2015-09-02,3.4,0–20,0.169,0.0,0.0,0.0,0.0,0.0,0.0,0.0,0.038747,1,25.6,bottom 50%
BTCUSDT,2015-09-03,3.9,0–20,0.1943,0.0,0.0,0.0,0.0,0.0,0.0,0.0,0.049713,1,28.3,bottom 50%
BTCUSDT,2015-09-04,2.8,0–20,0.139,0.0,0.0,0.0,0.0,0.0,0.0,0.0,0.042593,1,22.5,bottom 50%
BTCUSDT,2015-09-05,1.2,0–20,0.0591,0.0,0.0,0.0,0.0,0.0,0.0,0.0,0.000894,1,12.8,bottom 50%
BTCUSDT,2015-09-06,0.0,0–20,0.0,0.0,0.0,0.0,0.0,0.0,0.0,0.0,-0.038893,0,3.4,bottom 50%
BTCUSDT,2015-09-07,3.2,0–20,0.0,0.0,0.0,0.0,0.0,0.0,0.0,0.4511,-0.03837,0,24.6,bottom 50%
BTCUSDT,2015-09-08,0.1,0–20,0.0,0.0,0.0,0.0,0.0,0.0,0.0,0.0118,-0.054608,0,7.0,bottom 50%
BTCUSDT,2015-09-09,0.3,0–20,0.0165,0.0,0.0,0.0,0.0,0.0,0.0,0.0,-0.038112,0,7.9,bottom 50%
BTCUSDT,2015-09-10,0.6,0–20,0.0112,0.0,0.0,0.0,0.0,0.0,0.0,0.0534,-0.036343,0,9.4,bottom 50%
BTCUSDT,2015-09-11,1.4,0–20,0.0,0.0,0.0,0.0,0.0,0.0,0.0,0.2053,-0.029703,0,14.1,bottom 50%
BTCUSDT,2015-09-12,3.1,0–20,0.069,0.0,0.0,0.0,0.0,0.0,0.0,0.251,-0.015882,0,24.0,bottom 50%
BTCUSDT,2015-09-13,8.1,0–20,0.1452,0.0,0.0,0.0,0.0,0.0,0.0,0.7442,0.003037,1,47.5,bottom 50%
BTCUSDT,2015-09-14,5.4,0–20,0.1424,0.0,0.0,0.0,0.0,0.0,0.0,0.3618,-0.015431,0,35.0,bottom 50%
BTCUSDT,2015-09-15,4.9,0–20,0.1482,0.0,0.0,0.0,0.0,0.0,0.0,0.2704,0.001363,1,32.8,bottom 50%
BTCUSDT,2015-09-16,5.7,0–20,0.1699,0.0,0.0,0.0,0.0,0.0,0.0,0.3255,0.005203,1,36.1,bottom 50%
BTCUSDT,2015-09-17,3.6,0–20,0.1512,0.0,0.0,0.0,0.0,0.0,0.0,0.0809,0.020534,1,26.7,bottom 50%
BTCUSDT,2015-09-18,1.5,0–20,0.0703,0.0,0.0,0.0,0.0,0.0,0.0,0.0161,0.00931,1,14.8,bottom 50%
BTCUSDT,2015-09-19,2.3,0–20,0.1021,0.0,0.0,0.0,0.0,0.0,0.0,0.0413,0.012298,1,19.6,bottom 50%
BTCUSDT,2015-09-20,2.2,0–20,0.1083,0.0,0.0,0.0,0.0,0.0,0.0,0.0054,0.006682,1,18.8,bottom 50%
BTCUSDT,2015-09-21,4.1,0–20,0.1966,0.0,0.0,0.0,0.0,0.0,0.0,0.0211,0.053095,1,29.3,bottom 50%
BTCUSDT,2015-09-22,2.0,0–20,0.0965,0.0,0.0,0.0,0.0,0.0,0.0,0.0115,0.026316,1,17.5,bottom 50%
BTCUSDT,2015-09-23,3.0,0–20,0.1042,0.0,0.0,0.0,0.0,0.0,0.0,0.126,0.025086,1,23.4,bottom 50%
BTCUSDT,2015-09-24,0.2,0–20,0.0,0.0,0.0,0.0,0.0,0.0,0.0,0.0263,0.012877,1,7.4,bottom 50%
BTCUSDT,2015-09-25,0.0,0–20,0.0,0.0,0.0,0.0,0.0,0.0,0.0,0.0,0.009139,1,3.4,bottom 50%
BTCUSDT,2015-09-26,0.0,0–20,0.0,0.0,0.0,0.0,0.0,0.0,0.0,0.0,0.018733,1,3.4,bottom 50%
BTCUSDT,2015-09-27,0.8,0–20,0.0411,0.0,0.0,0.0,0.0,0.0,0.0,0.0,0.023638,1,10.5,bottom 50%
BTCUSDT,2015-09-28,0.0,0–20,0.0,0.0,0.0,0.0,0.0,0.0,0.0,0.0,0.005189,1,3.4,bottom 50%
BTCUSDT,2015-09-29,0.0,0–20,0.0,0.0,0.0,0.0,0.0,0.0,0.0,0.0,0.039614,1,3.4,bottom 50%
BTCUSDT,2015-09-30,0.0,0–20,0.0,0.0,0.0,0.0,0.0,0.0,0.0,0.0,0.029268,1,3.4,bottom 50%
BTCUSDT,2015-10-01,13.0,0–20,0.0,0.0,0.0,0.0,1.0,0.0,0.0,0.0,0.020017,1,66.6,top 50%
BTCUSDT,2015-10-02,13.0,0–20,0.0,0.0,0.0,0.0,1.0,0.0,0.0,0.0,0.027974,1,66.6,top 50%
BTCUSDT,2015-10-03,14.3,0–20,0.0,0.0,0.0,0.0,1.0,0.0,0.0,0.1869,0.026017,1,75.4,top 25%
BTCUSDT,2015-10-04,13.9,0–20,0.0,0.0,0.0,0.0,1.0,0.0,0.0,0.1319,0.036897,1,72.6,top 50%
BTCUSDT,2015-10-05,13.9,0–20,0.0,0.0,0.0,0.0,1.0,0.0,0.0,0.1273,0.020488,1,72.6,top 50%
BTCUSDT,2015-10-06,14.3,0–20,0.0,0.0,0.0,0.0,1.0,0.0,0.0,0.1912,0.014,1,75.4,top 25%
BTCUSDT,2015-10-07,14.2,0–20,0.0,0.0,0.0,0.0,1.0,0.0,0.0,0.1667,0.037124,1,74.2,top 50%
BTCUSDT,2015-10-08,13.9,0–20,0.0,0.0,0.0,0.0,1.0,0.0,0.0,0.1254,0.049591,1,72.6,top 50%
BTCUSDT,2015-10-09,14.0,0–20,0.0,0.0,0.0,0.0,1.0,0.0,0.0,0.1496,0.077637,1,73.1,top 50%
BTCUSDT,2015-10-10,14.4,0–20,0.0,0.0,0.0,0.0,1.0,0.0,0.0,0.2021,0.104919,1,76.7,top 25%
BTCUSDT,2015-10-11,15.9,0–20,0.0,0.0,0.0,0.0,1.0,0.0,0.0,0.4195,0.059069,1,85.6,top 25%
BTCUSDT,2015-10-12,14.9,0–20,0.0,0.0,0.0,0.0,1.0,0.0,0.0,0.2704,0.073903,1,79.4,top 25%
BTCUSDT,2015-10-13,14.9,0–20,0.0,0.0,0.0,0.0,1.0,0.0,0.0,0.2688,0.079977,1,79.4,top 25%
BTCUSDT,2015-10-14,14.4,0–20,0.0,0.0,0.0,0.0,1.0,0.0,0.0,0.2071,0.056681,1,76.7,top 25%
BTCUSDT,2015-10-15,14.5,0–20,0.0,0.0,0.0,0.0,1.0,0.0,0.0,0.2163,0.077473,1,77.3,top 25%
BTCUSDT,2015-10-16,15.0,0–20,0.0,0.0,0.0,0.0,1.0,0.0,0.0,0.2886,0.05184,1,80.0,top 25%
BTCUSDT,2015-10-17,15.1,0–20,0.0,0.0,0.0,0.0,1.0,0.0,0.0,0.2975,0.040696,1,80.7,top 25%
BTCUSDT,2015-10-18,14.6,0–20,0.0,0.0,0.0,0.0,1.0,0.0,0.0,0.2273,0.084225,1,77.8,top 25%
BTCUSDT,2015-10-19,15.4,0–20,0.0,0.0,0.0,0.0,1.0,0.0,0.0,0.3379,0.082991,1,82.1,top 25%
BTCUSDT,2015-10-20,15.9,0–20,0.0,0.0,0.0,0.0,1.0,0.0,0.0,0.4098,0.090272,1,85.6,top 25%
BTCUSDT,2015-10-21,16.8,0–20,0.0,0.0,0.0,0.0,1.0,0.0,0.0,0.5398,0.144011,1,88.5,top 25%
BTCUSDT,2015-10-22,18.0,0–20,0.0,0.0,0.0,0.0,1.0,0.0,0.0,0.7114,0.14536,1,92.0,top 10%
BTCUSDT,2015-10-23,16.5,0–20,0.0,0.0,0.0,0.0,1.0,0.0,0.0,0.5071,0.186328,1,87.7,top 25%
BTCUSDT,2015-10-24,17.0,0–20,0.0,0.0,0.0,0.0,1.0,0.0,0.0,0.5649,0.115432,1,89.3,top 25%
BTCUSDT,2015-10-25,17.5,0–20,0.0,0.0,0.0,0.0,1.0,0.0,0.0,0.6368,0.147176,1,90.5,top 10%
BTCUSDT,2015-10-26,16.1,0–20,0.0,0.0,0.0,0.0,1.0,0.0,0.0,0.44,0.265997,1,86.3,top 25%
BTCUSDT,2015-10-27,17.8,0–20,0.0,0.0,0.0,0.0,1.0,0.0,0.0,0.6851,0.373157,1,91.3,top 10%
BTCUSDT,2015-10-28,18.4,0–20,0.0,0.0,0.0,0.0,1.0,0.0,0.0,0.7773,0.351079,1,93.2,top 10%
BTCUSDT,2015-10-29,19.0,0–20,0.0,0.0,0.0,0.0,1.0,0.0,0.0,0.8616,0.230995,1,94.8,top 10%
BTCUSDT,2015-10-30,19.4,0–20,0.0,0.0,0.0,0.0,1.0,0.0,0.0,0.9144,0.141625,1,95.6,top 10%
BTCUSDT,2015-10-31,19.0,0–20,0.0,0.0,0.0,0.0,1.0,0.0,0.0,0.8525,0.230184,1,94.8,top 10%
BTCUSDT,2015-11-01,15.7,0–20,0.0,0.0,0.0,0.0,0.6693,0.0,0.0,1.0,0.147303,1,84.2,top 25%
BTCUSDT,2015-11-02,15.7,0–20,0.0,0.0,0.0,0.0,0.6693,0.0,0.0,1.0,0.052792,1,84.2,top 25%
BTCUSDT,2015-11-03,15.7,0–20,0.0,0.0,0.0,0.0,0.6693,0.0,0.0,1.0,-0.165085,0,84.2,top 25%
BTCUSDT,2015-11-04,15.7,0–20,0.0,0.0,0.0,0.0,0.6693,0.0,0.0,1.0,-0.24414,0,84.2,top 25%
BTCUSDT,2015-11-05,15.7,0–20,0.0,0.0,0.0,0.0,0.6693,0.0,0.0,1.0,-0.124761,0,84.2,top 25%
BTCUSDT,2015-11-06,19.6,0–20,0.0,0.0,0.0,0.0,0.6693,0.0,0.563,1.0,-0.100721,0,95.8,top 10%
BTCUSDT,2015-11-07,15.7,0–20,0.0,0.0,0.0,0.0,0.6693,0.0,0.0,1.0,-0.138625,0,84.2,top 25%
BTCUSDT,2015-11-08,15.7,0–20,0.0,0.0,0.0,0.0,0.6693,0.0,0.0,1.0,-0.142492,0,84.2,top 25%
BTCUSDT,2015-11-09,15.7,0–20,0.0,0.0,0.0,0.0,0.6693,0.0,0.0,1.0,-0.130191,0,84.2,top 25%
BTCUSDT,2015-11-10,15.7,0–20,0.0,0.0,0.0,0.0,0.6693,0.0,0.0,1.0,-0.005121,0,84.2,top 25%
BTCUSDT,2015-11-11,17.3,0–20,0.0777,0.0,0.0,0.0,0.6693,0.0,0.0,1.0,0.075562,1,90.1,top 10%
BTCUSDT,2015-11-12,15.7,0–20,0.0,0.0,0.0,0.0,0.6693,0.0,0.0,1.0,-0.035496,0,84.2,top 25%
BTCUSDT,2015-11-13,15.7,0–20,0.0,0.0,0.0,0.0,0.6693,0.0,0.0,1.0,-0.043744,0,84.2,top 25%
BTCUSDT,2015-11-14,15.7,0–20,0.0,0.0,0.0,0.0,0.6693,0.0,0.0,1.0,-0.01796,0,84.2,top 25%
BTCUSDT,2015-11-15,15.5,0–20,0.0401,0.0,0.0,0.0,0.6693,0.0,0.0,0.8583,0.013649,1,82.6,top 25%
BTCUSDT,2015-11-16,10.9,0–20,0.0,0.0,0.0,0.0,0.6693,0.0,0.0,0.313,-0.023296,0,54.1,top 50%
BTCUSDT,2015-11-17,12.5,0–20,0.0,0.0,0.0,0.0,0.6693,0.0,0.0,0.5454,-0.044907,0,63.4,top 50%
BTCUSDT,2015-11-18,11.2,0–20,0.0,0.0,0.0,0.0,0.6693,0.0,0.0,0.3624,-0.01908,0,56.2,top 50%
BTCUSDT,2015-11-19,9.5,0–20,0.0147,0.0,0.0,0.0,0.6693,0.0,0.0,0.073,0.081359,1,50.8,top 50%
BTCUSDT,2015-11-20,10.2,0–20,0.0408,0.0,0.0,0.0,0.6693,0.0,0.0,0.096,0.111856,1,52.5,top 50%
BTCUSDT,2015-11-21,9.4,0–20,0.0067,0.0,0.0,0.0,0.6693,0.0,0.0,0.0808,0.093152,1,50.6,top 50%
BTCUSDT,2015-11-22,9.2,0–20,0.0235,0.0,0.0,0.0,0.6693,0.0,0.0,0.0,0.144076,1,50.2,top 50%
BTCUSDT,2015-11-23,9.4,0–20,0.0344,0.0,0.0,0.0,0.6693,0.0,0.0,0.0,0.16801,1,50.6,top 50%
BTCUSDT,2015-11-24,9.8,0–20,0.0574,0.0,0.0,0.0,0.6693,0.0,0.0,0.0,0.132612,1,51.7,top 50%
BTCUSDT,2015-11-25,8.7,0–20,0.0,0.0,0.0,0.0,0.6693,0.0,0.0,0.0,0.094395,1,48.8,bottom 50%
BTCUSDT,2015-11-26,8.7,0–20,0.0,0.0,0.0,0.0,0.6693,0.0,0.0,0.0,0.02371,1,48.8,bottom 50%
BTCUSDT,2015-11-27,8.7,0–20,0.0,0.0,0.0,0.0,0.6693,0.0,0.0,0.0,0.014359,1,48.8,bottom 50%
BTCUSDT,2015-11-28,8.7,0–20,0.0,0.0,0.0,0.0,0.6693,0.0,0.0,0.0,0.088331,1,48.8,bottom 50%
BTCUSDT,2015-11-29,8.7,0–20,0.0,0.0,0.0,0.0,0.6693,0.0,0.0,0.0,0.047103,1,48.8,bottom 50%
BTCUSDT,2015-11-30,8.7,0–20,0.0,0.0,0.0,0.0,0.6693,0.0,0.0,0.0,0.048275,1,48.8,bottom 50%
BTCUSDT,2015-12-01,4.8,0–20,0.0,0.0,0.0,0.0,0.0,0.0,0.0,0.6872,0.146419,1,32.4,bottom 50%
BTCUSDT,2015-12-02,2.1,0–20,0.0,0.0,0.0,0.0,0.0,0.0,0.0,0.295,0.162523,1,18.2,bottom 50%
BTCUSDT,2015-12-03,2.2,0–20,0.0,0.0,0.0,0.0,0.0,0.0,0.0,0.3094,0.150765,1,18.8,bottom 50%
BTCUSDT,2015-12-04,3.9,0–20,0.0,0.0,0.0,0.0,0.0,0.0,0.0,0.564,0.244381,1,28.3,bottom 50%
BTCUSDT,2015-12-05,6.4,0–20,0.0,0.0,0.0,0.0,0.0,0.0,0.0,0.9201,0.118391,1,38.0,bottom 50%
BTCUSDT,2015-12-06,3.6,0–20,0.0,0.0,0.0,0.0,0.0,0.0,0.0,0.5146,0.115674,1,26.7,bottom 50%
BTCUSDT,2015-12-07,2.8,0–20,0.0,0.0,0.0,0.0,0.0,0.0,0.0,0.3959,0.122988,1,22.5,bottom 50%
BTCUSDT,2015-12-08,3.2,0–20,0.0,0.0,0.0,0.0,0.0,0.0,0.0,0.455,0.119736,1,24.6,bottom 50%
BTCUSDT,2015-12-09,4.6,0–20,0.0,0.0,0.0,0.0,0.0,0.0,0.0,0.6528,0.089498,1,31.5,bottom 50%
BTCUSDT,2015-12-10,7.0,0–20,0.0,0.0,0.0,0.0,0.0,0.0,0.0,1.0,0.097716,1,41.8,bottom 50%
BTCUSDT,2015-12-11,7.0,0–20,0.0,0.0,0.0,0.0,0.0,0.0,0.0,1.0,0.02584,1,41.8,bottom 50%
BTCUSDT,2015-12-12,7.0,0–20,0.0,0.0,0.0,0.0,0.0,0.0,0.0,1.0,0.062816,1,41.8,bottom 50%
BTCUSDT,2015-12-13,7.0,0–20,0.0,0.0,0.0,0.0,0.0,0.0,0.0,1.0,0.020588,1,41.8,bottom 50%
BTCUSDT,2015-12-14,7.0,0–20,0.0,0.0,0.0,0.0,0.0,0.0,0.0,1.0,-0.012479,0,41.8,bottom 50%
BTCUSDT,2015-12-15,7.0,0–20,0.0,0.0,0.0,0.0,0.0,0.0,0.0,1.0,-0.061783,0,41.8,bottom 50%
BTCUSDT,2015-12-16,7.0,0–20,0.0,0.0,0.0,0.0,0.0,0.0,0.0,1.0,-0.027549,0,41.8,bottom 50%
BTCUSDT,2015-12-17,7.0,0–20,0.0,0.0,0.0,0.0,0.0,0.0,0.0,1.0,-0.002397,0,41.8,bottom 50%
BTCUSDT,2015-12-18,7.0,0–20,0.0,0.0,0.0,0.0,0.0,0.0,0.0,1.0,-0.017176,0,41.8,bottom 50%
BTCUSDT,2015-12-19,7.0,0–20,0.0,0.0,0.0,0.0,0.0,0.0,0.0,1.0,-0.097439,0,41.8,bottom 50%
BTCUSDT,2015-12-20,7.0,0–20,0.0,0.0,0.0,0.0,0.0,0.0,0.0,1.0,-0.044867,0,41.8,bottom 50%
BTCUSDT,2015-12-21,7.0,0–20,0.0,0.0,0.0,0.0,0.0,0.0,0.0,1.0,-0.037297,0,41.8,bottom 50%
BTCUSDT,2015-12-22,7.0,0–20,0.0,0.0,0.0,0.0,0.0,0.0,0.0,1.0,-0.008221,0,41.8,bottom 50%
BTCUSDT,2015-12-23,7.0,0–20,0.0,0.0,0.0,0.0,0.0,0.0,0.0,1.0,-0.035671,0,41.8,bottom 50%
BTCUSDT,2015-12-24,7.0,0–20,0.0,0.0,0.0,0.0,0.0,0.0,0.0,1.0,-0.053668,0,41.8,bottom 50%
BTCUSDT,2015-12-25,5.0,0–20,0.0,0.0,0.0,0.0,0.0,0.0,0.0,0.711,-0.046788,0,33.4,bottom 50%
BTCUSDT,2015-12-26,8.0,0–20,0.0316,0.0,0.0,0.0,0.0,0.0,0.4431,0.61,0.038737,1,47.2,bottom 50%
BTCUSDT,2015-12-27,3.5,0–20,0.0,0.0,0.0,0.0,0.0,0.0,0.0,0.5024,0.017,1,26.1,bottom 50%
BTCUSDT,2015-12-28,2.2,0–20,0.0,0.0,0.0,0.0,0.0,0.0,0.0,0.3082,0.025604,1,18.8,bottom 50%
BTCUSDT,2015-12-29,3.0,0–20,0.0,0.0,0.0,0.0,0.0,0.0,0.0,0.4264,-0.002363,0,23.4,bottom 50%
BTCUSDT,2015-12-30,3.2,0–20,0.0,0.0,0.0,0.0,0.0,0.0,0.0,0.4527,0.005825,1,24.6,bottom 50%
BTCUSDT,2015-12-31,0.0,0–20,0.0,0.0,0.0,0.0,0.0,0.0,0.0,0.0,0.063825,1,3.4,bottom 50%
BTCUSDT,2016-01-01,0.0,0–20,0.0,0.0,0.0,0.0,0.0,0.0,0.0,0.0,0.043506,1,3.4,bottom 50%
BTCUSDT,2016-01-02,0.0,0–20,0.0,0.0,0.0,0.0,0.0,0.0,0.0,0.0,0.032699,1,3.4,bottom 50%
BTCUSDT,2016-01-03,0.0,0–20,0.0,0.0,0.0,0.0,0.0,0.0,0.0,0.0,0.041813,1,3.4,bottom 50%
BTCUSDT,2016-01-04,0.0,0–20,0.0,0.0,0.0,0.0,0.0,0.0,0.0,0.0,0.035413,1,3.4,bottom 50%
BTCUSDT,2016-01-05,0.0,0–20,0.0,0.0,0.0,0.0,0.0,0.0,0.0,0.0,0.008635,1,3.4,bottom 50%
BTCUSDT,2016-01-06,0.0,0–20,0.0,0.0,0.0,0.0,0.0,0.0,0.0,0.0,0.007611,1,3.4,bottom 50%
BTCUSDT,2016-01-07,0.0,0–20,0.0,0.0,0.0,0.0,0.0,0.0,0.0,0.0,-0.060566,0,3.4,bottom 50%
BTCUSDT,2016-01-08,0.0,0–20,0.0,0.0,0.0,0.0,0.0,0.0,0.0,0.0,-0.196145,0,3.4,bottom 50%
BTCUSDT,2016-01-09,0.0,0–20,0.0,0.0,0.0,0.0,0.0,0.0,0.0,0.0,-0.134212,0,3.4,bottom 50%
BTCUSDT,2016-01-10,0.0,0–20,0.0,0.0,0.0,0.0,0.0,0.0,0.0,0.0,-0.146637,0,3.4,bottom 50%
BTCUSDT,2016-01-11,0.0,0–20,0.0,0.0,0.0,0.0,0.0,0.0,0.0,0.0,-0.136611,0,3.4,bottom 50%
BTCUSDT,2016-01-12,6.0,0–20,0.0,0.0,0.0,0.0,0.0,0.0,0.6893,0.1682,-0.127478,0,37.0,bottom 50%
BTCUSDT,2016-01-13,7.3,0–20,0.0175,0.0,0.0,0.0,0.0,0.0,1.0,0.0,-0.02808,0,45.2,bottom 50%
BTCUSDT,2016-01-14,0.8,0–20,0.0393,0.0,0.0,0.0,0.0,0.0,0.0,0.0,-0.046581,0,10.5,bottom 50%
BTCUSDT,2016-01-15,26.3,20–40,0.4554,0.5369,0.0,0.0,0.0,0.0,1.0,0.2993,0.049848,1,99.5,top 10%
BTCUSDT,2016-01-16,12.3,0–20,0.2503,0.0075,0.0,0.0,0.0,0.0,0.7605,0.2617,-0.000116,0,61.9,top 50%
BTCUSDT,2016-01-17,6.5,0–20,0.2751,0.0,0.0,0.0,0.0,0.0,0.0,0.1393,0.054073,1,38.3,bottom 50%
BTCUSDT,2016-01-18,4.7,0–20,0.2342,0.0,0.0,0.0,0.0,0.0,0.0,0.0,0.011773,1,31.9,bottom 50%
BTCUSDT,2016-01-19,5.7,0–20,0.2705,0.0,0.0,0.0,0.0,0.0,0.0,0.0382,0.031577,1,36.1,bottom 50%
BTCUSDT,2016-01-20,0.0,0–20,0.0,0.0,0.0,0.0,0.0,0.0,0.0,0.0,-0.060105,0,3.4,bottom 50%
BTCUSDT,2016-01-21,0.8,0–20,0.0415,0.0,0.0,0.0,0.0,0.0,0.0,0.0,-0.073058,0,10.5,bottom 50%
BTCUSDT,2016-01-22,3.6,0–20,0.1816,0.0,0.0,0.0,0.0,0.0,0.0,0.0,-0.00789,0,26.7,bottom 50%
BTCUSDT,2016-01-23,3.0,0–20,0.149,0.0,0.0,0.0,0.0,0.0,0.0,0.0,-0.023835,0,23.4,bottom 50%
BTCUSDT,2016-01-24,1.0,0–20,0.0523,0.0,0.0,0.0,0.0,0.0,0.0,0.0,-0.08488,0,11.6,bottom 50%
BTCUSDT,2016-01-25,2.2,0–20,0.1109,0.0,0.0,0.0,0.0,0.0,0.0,0.0,-0.047661,0,18.8,bottom 50%
BTCUSDT,2016-01-26,2.2,0–20,0.1081,0.0,0.0,0.0,0.0,0.0,0.0,0.0,-0.045148,0,18.8,bottom 50%
BTCUSDT,2016-01-27,1.8,0–20,0.0886,0.0,0.0,0.0,0.0,0.0,0.0,0.0,-0.063354,0,16.5,bottom 50%
BTCUSDT,2016-01-28,3.4,0–20,0.1705,0.0,0.0,0.0,0.0,0.0,0.0,0.0,0.024468,1,25.6,bottom 50%
BTCUSDT,2016-01-29,3.5,0–20,0.1749,0.0,0.0,0.0,0.0,0.0,0.0,0.0,0.018644,1,26.1,bottom 50%
BTCUSDT,2016-01-30,3.6,0–20,0.1819,0.0,0.0,0.0,0.0,0.0,0.0,0.0,-0.004582,0,26.7,bottom 50%
BTCUSDT,2016-01-31,4.7,0–20,0.2365,0.0,0.0,0.0,0.0,0.0,0.0,0.0,0.021295,1,31.9,bottom 50%
BTCUSDT,2016-02-01,15.7,0–20,0.1976,0.0,0.0,0.0,0.9018,0.0,0.0,0.0,0.001048,1,84.2,top 25%
BTCUSDT,2016-02-02,15.4,0–20,0.1846,0.0,0.0,0.0,0.9018,0.0,0.0,0.0,0.004222,1,82.1,top 25%
BTCUSDT,2016-02-03,16.0,0–20,0.2143,0.0,0.0,0.0,0.9018,0.0,0.0,0.0,0.031626,1,85.9,top 25%
BTCUSDT,2016-02-04,13.8,0–20,0.0365,0.0,0.0,0.0,0.9018,0.0,0.0,0.1968,-0.025514,0,72.1,top 50%
BTCUSDT,2016-02-05,12.9,0–20,0.0595,0.0,0.0,0.0,0.9018,0.0,0.0,0.0,-0.005914,0,65.5,top 50%
BTCUSDT,2016-02-06,14.4,0–20,0.1329,0.0,0.0,0.0,0.9018,0.0,0.0,0.0,0.040736,1,76.7,top 25%
BTCUSDT,2016-02-07,14.4,0–20,0.1319,0.0,0.0,0.0,0.9018,0.0,0.0,0.0,0.081276,1,76.7,top 25%
BTCUSDT,2016-02-08,14.8,0–20,0.1561,0.0,0.0,0.0,0.9018,0.0,0.0,0.0,0.071598,1,78.8,top 25%
BTCUSDT,2016-02-09,14.3,0–20,0.1286,0.0,0.0,0.0,0.9018,0.0,0.0,0.0,0.083661,1,75.4,top 25%
BTCUSDT,2016-02-10,13.1,0–20,0.069,0.0,0.0,0.0,0.9018,0.0,0.0,0.0,0.090851,1,67.8,top 50%
BTCUSDT,2016-02-11,13.5,0–20,0.0874,0.0,0.0,0.0,0.9018,0.0,0.0,0.0,0.112521,1,70.3,top 50%
BTCUSDT,2016-02-12,12.4,0–20,0.0363,0.0,0.0,0.0,0.9018,0.0,0.0,0.0,0.095044,1,62.9,top 50%
BTCUSDT,2016-02-13,11.7,0–20,0.0,0.0,0.0,0.0,0.9018,0.0,0.0,0.0,0.115613,1,58.4,top 50%
BTCUSDT,2016-02-14,11.7,0–20,0.0,0.0,0.0,0.0,0.9018,0.0,0.0,0.0,0.077519,1,58.4,top 50%
BTCUSDT,2016-02-15,11.7,0–20,0.0,0.0,0.0,0.0,0.9018,0.0,0.0,0.0,0.093864,1,58.4,top 50%
BTCUSDT,2016-02-16,11.7,0–20,0.0,0.0,0.0,0.0,0.9018,0.0,0.0,0.0,0.032511,1,58.4,top 50%
BTCUSDT,2016-02-17,12.1,0–20,0.0,0.0,0.0,0.0,0.9018,0.0,0.0,0.0566,0.020736,1,60.5,top 50%
BTCUSDT,2016-02-18,13.0,0–20,0.0,0.0,0.0,0.0,0.9018,0.0,0.0,0.1759,0.00514,1,66.6,top 50%
BTCUSDT,2016-02-19,14.5,0–20,0.0,0.0,0.0,0.0,0.9018,0.0,0.0,0.3958,0.027014,1,77.3,top 25%
BTCUSDT,2016-02-20,15.0,0–20,0.0,0.0,0.0,0.0,0.9018,0.0,0.0,0.4654,-0.010625,0,80.0,top 25%
BTCUSDT,2016-02-21,15.2,0–20,0.0,0.0,0.0,0.0,0.9018,0.0,0.0,0.4969,-0.012065,0,81.3,top 25%
BTCUSDT,2016-02-22,15.8,0–20,0.0,0.0,0.0,0.0,0.9018,0.0,0.0,0.5879,-0.000116,0,85.3,top 25%
BTCUSDT,2016-02-23,16.7,0–20,0.0,0.0,0.0,0.0,0.9018,0.0,0.0,0.7058,0.034195,1,88.2,top 25%
BTCUSDT,2016-02-24,14.6,0–20,0.0,0.0,0.0,0.0,0.9018,0.0,0.0,0.4043,-0.002273,0,77.8,top 25%
BTCUSDT,2016-02-25,16.2,0–20,0.0,0.0,0.0,0.0,0.9018,0.0,0.0,0.6358,-0.006814,0,86.7,top 25%
BTCUSDT,2016-02-26,17.4,0–20,0.0,0.0,0.0,0.0,0.9018,0.0,0.0,0.8145,-0.049087,0,90.3,top 10%
BTCUSDT,2016-02-27,17.3,0–20,0.0,0.0,0.0,0.0,0.9018,0.0,0.0,0.8018,-0.073867,0,90.1,top 10%
BTCUSDT,2016-02-28,16.3,0–20,0.0,0.0,0.0,0.0,0.9018,0.0,0.0,0.6524,-0.059508,0,87.1,top 25%
BTCUSDT,2016-02-29,16.4,0–20,0.0,0.0,0.0,0.0,0.9018,0.0,0.0,0.6701,-0.053407,0,87.5,top 25%
BTCUSDT,2016-03-01,4.0,0–20,0.0,0.0,0.0,0.0,0.0,0.0,0.0,0.576,-0.048609,0,28.9,bottom 50%
BTCUSDT,2016-03-02,4.7,0–20,0.0,0.0,0.0,0.0,0.0,0.0,0.0,0.6783,-0.021531,0,31.9,bottom 50%
BTCUSDT,2016-03-03,6.4,0–20,0.0,0.0,0.0,0.0,0.0,0.0,0.2984,0.6121,-0.01072,0,38.0,bottom 50%
BTCUSDT,2016-03-04,5.1,0–20,0.0766,0.0,0.0,0.0,0.0,0.0,0.0,0.5037,0.026162,1,33.9,bottom 50%
BTCUSDT,2016-03-05,9.8,0–20,0.1824,0.0,0.0,0.0,0.0,0.0,0.5394,0.3423,0.027596,1,51.7,top 50%
BTCUSDT,2016-03-06,4.7,0–20,0.0899,0.0,0.0,0.0,0.0,0.0,0.0,0.409,0.015595,1,31.9,bottom 50%
BTCUSDT,2016-03-07,1.6,0–20,0.0109,0.0,0.0,0.0,0.0,0.0,0.0,0.1979,0.00511,1,15.4,bottom 50%
BTCUSDT,2016-03-08,0.7,0–20,0.015,0.0,0.0,0.0,0.0,0.0,0.0,0.0628,0.006904,1,9.9,bottom 50%
BTCUSDT,2016-03-09,0.1,0–20,0.0037,0.0,0.0,0.0,0.0,0.0,0.0,0.0,0.005185,1,7.0,bottom 50%
BTCUSDT,2016-03-10,0.0,0–20,0.0,0.0,0.0,0.0,0.0,0.0,0.0,0.0,0.008367,1,3.4,bottom 50%
BTCUSDT,2016-03-11,0.0,0–20,0.0,0.0,0.0,0.0,0.0,0.0,0.0,0.0,-0.028794,0,3.4,bottom 50%
BTCUSDT,2016-03-12,1.0,0–20,0.0512,0.0,0.0,0.0,0.0,0.0,0.0,0.0,-0.002867,0,11.6,bottom 50%
BTCUSDT,2016-03-13,0.4,0–20,0.0179,0.0,0.0,0.0,0.0,0.0,0.0,0.0,-0.000749,0,8.4,bottom 50%
BTCUSDT,2016-03-14,0.0,0–20,0.0,0.0,0.0,0.0,0.0,0.0,0.0,0.0,-0.007518,0,3.4,bottom 50%
BTCUSDT,2016-03-15,0.0,0–20,0.0,0.0,0.0,0.0,0.0,0.0,0.0,0.0,0.00302,1,3.4,bottom 50%
BTCUSDT,2016-03-16,0.0,0–20,0.0,0.0,0.0,0.0,0.0,0.0,0.0,0.0,0.00247,1,3.4,bottom 50%
BTCUSDT,2016-03-17,0.0,0–20,0.0,0.0,0.0,0.0,0.0,0.0,0.0,0.0,-0.010049,0,3.4,bottom 50%
BTCUSDT,2016-03-18,1.8,0–20,0.0922,0.0,0.0,0.0,0.0,0.0,0.0,0.0,0.018628,1,16.5,bottom 50%
BTCUSDT,2016-03-19,1.5,0–20,0.0773,0.0,0.0,0.0,0.0,0.0,0.0,0.0,0.018275,1,14.8,bottom 50%
BTCUSDT,2016-03-20,0.4,0–20,0.0219,0.0,0.0,0.0,0.0,0.0,0.0,0.0,0.031444,1,8.4,bottom 50%
BTCUSDT,2016-03-21,0.6,0–20,0.0292,0.0,0.0,0.0,0.0,0.0,0.0,0.0,0.026431,1,9.4,bottom 50%
BTCUSDT,2016-03-22,0.0,0–20,0.0,0.0,0.0,0.0,0.0,0.0,0.0,0.0,-0.003762,0,3.4,bottom 50%
BTCUSDT,2016-03-23,0.0,0–20,0.0,0.0,0.0,0.0,0.0,0.0,0.0,0.0,-0.007714,0,3.4,bottom 50%
BTCUSDT,2016-03-24,0.0,0–20,0.0,0.0,0.0,0.0,0.0,0.0,0.0,0.0,0.000805,1,3.4,bottom 50%
BTCUSDT,2016-03-25,1.2,0–20,0.0,0.0,0.0,0.0,0.0,0.0,0.0,0.1659,0.001877,1,12.8,bottom 50%
BTCUSDT,2016-03-26,0.5,0–20,0.0,0.0,0.0,0.0,0.0,0.0,0.0,0.0694,0.007006,1,8.9,bottom 50%
BTCUSDT,2016-03-27,0.3,0–20,0.0,0.0,0.0,0.0,0.0,0.0,0.0,0.0464,-0.013734,0,7.9,bottom 50%
BTCUSDT,2016-03-28,0.3,0–20,0.0,0.0,0.0,0.0,0.0,0.0,0.0,0.0499,-0.00657,0,7.9,bottom 50%
BTCUSDT,2016-03-29,0.3,0–20,0.0099,0.0,0.0,0.0,0.0,0.0,0.0,0.0185,0.01804,1,7.9,bottom 50%
BTCUSDT,2016-03-30,0.8,0–20,0.0412,0.0,0.0,0.0,0.0,0.0,0.0,0.0005,0.020725,1,10.5,bottom 50%
BTCUSDT,2016-03-31,0.1,0–20,0.0028,0.0,0.0,0.0,0.0,0.0,0.0,0.0,0.014436,1,7.0,bottom 50%
BTCUSDT,2016-04-01,12.3,0–20,0.0,0.0,0.0,0.0,0.8454,0.0,0.0,0.1801,0.005716,1,61.9,top 50%
BTCUSDT,2016-04-02,11.8,0–20,0.0,0.0,0.0,0.0,0.8454,0.0,0.0,0.1218,-0.003474,0,59.2,top 50%
BTCUSDT,2016-04-03,11.0,0–20,0.0,0.0,0.0,0.0,0.8454,0.0,0.0,0.0009,0.001568,1,54.9,top 50%
BTCUSDT,2016-04-04,11.0,0–20,0.0,0.0,0.0,0.0,0.8454,0.0,0.0,0.0,0.002465,1,54.9,top 50%
BTCUSDT,2016-04-05,11.0,0–20,0.0,0.0,0.0,0.0,0.8454,0.0,0.0,0.0,0.002736,1,54.9,top 50%
BTCUSDT,2016-04-06,11.0,0–20,0.0,0.0,0.0,0.0,0.8454,0.0,0.0,0.0,0.000758,1,54.9,top 50%
BTCUSDT,2016-04-07,12.0,0–20,0.0,0.0,0.0,0.0,0.8454,0.0,0.0,0.1389,0.003636,1,60.0,top 50%
BTCUSDT,2016-04-08,11.9,0–20,0.0,0.0,0.0,0.0,0.8454,0.0,0.0,0.1273,0.022277,1,59.5,top 50%
BTCUSDT,2016-04-09,11.6,0–20,0.0,0.0,0.0,0.0,0.8454,0.0,0.0,0.0925,0.026611,1,57.5,top 50%
BTCUSDT,2016-04-10,11.9,0–20,0.0,0.0,0.0,0.0,0.8454,0.0,0.0,0.129,0.013841,1,59.5,top 50%
BTCUSDT,2016-04-11,11.4,0–20,0.0,0.0,0.0,0.0,0.8454,0.0,0.0,0.0635,0.014457,1,56.8,top 50%
BTCUSDT,2016-04-12,11.4,0–20,0.0,0.0,0.0,0.0,0.8454,0.0,0.0,0.0566,0.024269,1,56.8,top 50%
BTCUSDT,2016-04-13,11.3,0–20,0.0,0.0,0.0,0.0,0.8454,0.0,0.0,0.0479,0.041665,1,56.5,top 50%
BTCUSDT,2016-04-14,11.2,0–20,0.0,0.0,0.0,0.0,0.8454,0.0,0.0,0.0271,0.05926,1,56.2,top 50%
BTCUSDT,2016-04-15,11.3,0–20,0.0,0.0,0.0,0.0,0.8454,0.0,0.0,0.0441,0.03729,1,56.5,top 50%
BTCUSDT,2016-04-16,11.0,0–20,0.0,0.0,0.0,0.0,0.8454,0.0,0.0,0.0,0.045776,1,54.9,top 50%
BTCUSDT,2016-04-17,11.1,0–20,0.0,0.0,0.0,0.0,0.8454,0.0,0.0,0.0114,0.072897,1,55.9,top 50%
BTCUSDT,2016-04-18,11.6,0–20,0.0,0.0,0.0,0.0,0.8454,0.0,0.0,0.0876,0.076611,1,57.5,top 50%
BTCUSDT,2016-04-19,11.8,0–20,0.0,0.0,0.0,0.0,0.8454,0.0,0.0,0.1171,0.070217,1,59.2,top 50%
BTCUSDT,2016-04-20,12.1,0–20,0.0,0.0,0.0,0.0,0.8454,0.0,0.0,0.16,0.007472,1,60.5,top 50%
BTCUSDT,2016-04-21,12.1,0–20,0.0,0.0,0.0,0.0,0.8454,0.0,0.0,0.1575,-0.000921,0,60.5,top 50%
BTCUSDT,2016-04-22,11.6,0–20,0.0,0.0,0.0,0.0,0.8454,0.0,0.0,0.0809,0.020999,1,57.5,top 50%
BTCUSDT,2016-04-23,11.7,0–20,0.0,0.0,0.0,0.0,0.8454,0.0,0.0,0.0959,-0.004362,0,58.4,top 50%
BTCUSDT,2016-04-24,12.2,0–20,0.0,0.0,0.0,0.0,0.8454,0.0,0.0,0.1757,-0.014567,0,60.9,top 50%
BTCUSDT,2016-04-25,12.5,0–20,0.0,0.0,0.0,0.0,0.8454,0.0,0.0,0.214,-0.036316,0,63.4,top 50%
BTCUSDT,2016-04-26,13.2,0–20,0.0,0.0,0.0,0.0,0.8454,0.0,0.0,0.3186,-0.033867,0,68.4,top 50%
BTCUSDT,2016-04-27,15.2,0–20,0.0,0.0,0.0,0.0,0.8454,0.0,0.3359,0.2713,0.004576,1,81.3,top 25%
BTCUSDT,2016-04-28,13.5,0–20,0.0,0.0,0.0,0.0,0.8454,0.0,0.0,0.355,-0.002305,0,70.3,top 50%
BTCUSDT,2016-04-29,14.2,0–20,0.0,0.0,0.0,0.0,0.8454,0.0,0.0,0.4631,0.009901,1,74.2,top 50%
BTCUSDT,2016-04-30,14.2,0–20,0.0,0.0,0.0,0.0,0.8454,0.0,0.0,0.4594,0.022792,1,74.2,top 50%
BTCUSDT,2016-05-01,10.8,0–20,0.0,0.0,0.0,0.0,0.5591,0.0,0.0,0.5003,0.014767,1,53.9,top 50%
BTCUSDT,2016-05-02,10.9,0–20,0.0,0.0,0.0,0.0,0.5591,0.0,0.2926,0.2293,0.035564,1,54.1,top 50%
BTCUSDT,2016-05-03,9.4,0–20,0.0,0.0,0.0,0.0,0.5591,0.0,0.0,0.2991,0.001312,1,50.6,top 50%
BTCUSDT,2016-05-04,9.8,0–20,0.0,0.0,0.0,0.0,0.5591,0.0,0.0,0.3565,0.013445,1,51.7,top 50%
BTCUSDT,2016-05-05,8.8,0–20,0.0,0.0,0.0,0.0,0.5591,0.0,0.0,0.2163,0.015157,1,49.2,bottom 50%
BTCUSDT,2016-05-06,9.0,0–20,0.0,0.0,0.0,0.0,0.5591,0.0,0.0,0.2516,-0.008557,0,49.7,bottom 50%
BTCUSDT,2016-05-07,8.7,0–20,0.0,0.0,0.0,0.0,0.5591,0.0,0.0,0.2083,-0.006248,0,48.8,bottom 50%
BTCUSDT,2016-05-08,9.1,0–20,0.0,0.0,0.0,0.0,0.5591,0.0,0.0,0.2579,-0.002137,0,49.9,bottom 50%
BTCUSDT,2016-05-09,8.2,0–20,0.0,0.0,0.0,0.0,0.5591,0.0,0.0,0.1327,-0.013725,0,47.7,bottom 50%
BTCUSDT,2016-05-10,7.8,0–20,0.0,0.0,0.0,0.0,0.5591,0.0,0.0,0.0751,0.006405,1,46.6,bottom 50%
BTCUSDT,2016-05-11,8.0,0–20,0.0,0.0,0.0,0.0,0.5591,0.0,0.0,0.1115,0.004177,1,47.2,bottom 50%
BTCUSDT,2016-05-12,8.3,0–20,0.0,0.0,0.0,0.0,0.5591,0.0,0.0,0.1424,-0.035295,0,47.9,bottom 50%
BTCUSDT,2016-05-13,7.9,0–20,0.0,0.0,0.0,0.0,0.5591,0.0,0.0,0.0912,-0.028516,0,46.9,bottom 50%
BTCUSDT,2016-05-14,7.4,0–20,0.0,0.0,0.0,0.0,0.5591,0.0,0.0,0.0208,-0.027395,0,45.9,bottom 50%
BTCUSDT,2016-05-15,7.3,0–20,0.0,0.0,0.0,0.0,0.5591,0.0,0.0,0.0,-0.039874,0,45.2,bottom 50%
BTCUSDT,2016-05-16,7.3,0–20,0.0,0.0,0.0,0.0,0.5591,0.0,0.0,0.0,-0.022036,0,45.2,bottom 50%
BTCUSDT,2016-05-17,8.1,0–20,0.0,0.0,0.0,0.0,0.5591,0.0,0.0,0.1131,-0.017193,0,47.5,bottom 50%
BTCUSDT,2016-05-18,7.8,0–20,0.0,0.0,0.0,0.0,0.5591,0.0,0.0,0.074,-0.011042,0,46.6,bottom 50%
BTCUSDT,2016-05-19,17.0,0–20,0.2004,0.1849,0.0,0.0,0.5591,0.0,0.4218,0.0061,0.033436,1,89.3,top 25%
BTCUSDT,2016-05-20,12.2,0–20,0.119,0.0,0.0,0.0,0.5591,0.0,0.2658,0.0998,0.06955,1,60.9,top 50%
BTCUSDT,2016-05-21,9.6,0–20,0.1086,0.0,0.0,0.0,0.5591,0.0,0.0,0.0247,0.195971,1,51.1,top 50%
BTCUSDT,2016-05-22,11.4,0–20,0.1715,0.0,0.0,0.0,0.5591,0.0,0.0,0.0992,0.197827,1,56.8,top 50%
BTCUSDT,2016-05-23,9.0,0–20,0.0698,0.0,0.0,0.0,0.5591,0.0,0.0,0.0468,0.201977,1,49.7,bottom 50%
BTCUSDT,2016-05-24,7.9,0–20,0.0333,0.0,0.0,0.0,0.5591,0.0,0.0,0.0,0.191499,1,46.9,bottom 50%
BTCUSDT,2016-05-25,7.3,0–20,0.0,0.0,0.0,0.0,0.5591,0.0,0.0,0.0,0.19422,1,45.2,bottom 50%
BTCUSDT,2016-05-26,7.3,0–20,0.0,0.0,0.0,0.0,0.5591,0.0,0.0,0.0,0.18657,1,45.2,bottom 50%
BTCUSDT,2016-05-27,7.3,0–20,0.0,0.0,0.0,0.0,0.5591,0.0,0.0,0.0,0.202191,1,45.2,bottom 50%
BTCUSDT,2016-05-28,7.3,0–20,0.0,0.0,0.0,0.0,0.5591,0.0,0.0,0.0,0.080535,1,45.2,bottom 50%
BTCUSDT,2016-05-29,7.3,0–20,0.0,0.0,0.0,0.0,0.5591,0.0,0.0,0.0,0.092628,1,45.2,bottom 50%
BTCUSDT,2016-05-30,7.3,0–20,0.0,0.0,0.0,0.0,0.5591,0.0,0.0,0.0,0.096791,1,45.2,bottom 50%
BTCUSDT,2016-05-31,7.3,0–20,0.0,0.0,0.0,0.0,0.5591,0.0,0.0,0.0085,0.085081,1,45.2,bottom 50%
BTCUSDT,2016-06-01,1.6,0–20,0.0,0.0,0.0,0.0,0.0,0.0,0.0,0.2331,0.083299,1,15.4,bottom 50%
BTCUSDT,2016-06-02,5.8,0–20,0.0,0.0,0.0,0.0,0.0,0.0,0.0,0.8283,0.068141,1,36.4,bottom 50%
BTCUSDT,2016-06-03,5.9,0–20,0.0,0.0,0.0,0.0,0.0,0.0,0.0,0.8375,0.01454,1,36.7,bottom 50%
BTCUSDT,2016-06-04,6.3,0–20,0.0,0.0,0.0,0.0,0.0,0.0,0.0,0.8944,0.059365,1,37.7,bottom 50%
BTCUSDT,2016-06-05,6.4,0–20,0.0,0.0,0.0,0.0,0.0,0.0,0.0,0.9199,0.170106,1,38.0,bottom 50%
BTCUSDT,2016-06-06,7.0,0–20,0.0,0.0,0.0,0.0,0.0,0.0,0.0,0.999,0.202957,1,41.8,bottom 50%
BTCUSDT,2016-06-07,6.9,0–20,0.0,0.0,0.0,0.0,0.0,0.0,0.0,0.9826,0.188974,1,39.1,bottom 50%
BTCUSDT,2016-06-08,7.0,0–20,0.0,0.0,0.0,0.0,0.0,0.0,0.0,1.0,0.193974,1,41.8,bottom 50%
BTCUSDT,2016-06-09,7.0,0–20,0.0,0.0,0.0,0.0,0.0,0.0,0.0,1.0,0.333568,1,41.8,bottom 50%
BTCUSDT,2016-06-10,7.0,0–20,0.0,0.0,0.0,0.0,0.0,0.0,0.0,1.0,0.29688,1,41.8,bottom 50%
BTCUSDT,2016-06-11,7.0,0–20,0.0,0.0,0.0,0.0,0.0,0.0,0.0,1.0,0.246404,1,41.8,bottom 50%
BTCUSDT,2016-06-12,7.0,0–20,0.0,0.0,0.0,0.0,0.0,0.0,0.0,1.0,0.135254,1,41.8,bottom 50%
BTCUSDT,2016-06-13,7.0,0–20,0.0,0.0,0.0,0.0,0.0,0.0,0.0,1.0,0.046637,1,41.8,bottom 50%
BTCUSDT,2016-06-14,7.0,0–20,0.0,0.0,0.0,0.0,0.0,0.0,0.0,1.0,-0.027579,0,41.8,bottom 50%
BTCUSDT,2016-06-15,7.0,0–20,0.0,0.0,0.0,0.0,0.0,0.0,0.0,1.0,-0.141623,0,41.8,bottom 50%
BTCUSDT,2016-06-16,7.0,0–20,0.0,0.0,0.0,0.0,0.0,0.0,0.0,1.0,-0.185736,0,41.8,bottom 50%
BTCUSDT,2016-06-17,7.0,0–20,0.0,0.0,0.0,0.0,0.0,0.0,0.0,1.0,-0.111642,0,41.8,bottom 50%
BTCUSDT,2016-06-18,7.0,0–20,0.0,0.0,0.0,0.0,0.0,0.0,0.0,1.0,-0.120472,0,41.8,bottom 50%
BTCUSDT,2016-06-19,7.0,0–20,0.0,0.0,0.0,0.0,0.0,0.0,0.0,1.0,-0.175985,0,41.8,bottom 50%
BTCUSDT,2016-06-20,7.0,0–20,0.0,0.0,0.0,0.0,0.0,0.0,0.0,1.0,-0.111161,0,41.8,bottom 50%
BTCUSDT,2016-06-21,12.9,0–20,0.0,0.0,0.0,0.0,0.0,0.0,0.8419,1.0,-0.029477,0,65.5,top 50%
BTCUSDT,2016-06-22,15.6,0–20,0.0972,0.0,0.0,0.0,0.0,0.0,0.9543,1.0,0.073432,1,83.1,top 25%
BTCUSDT,2016-06-23,12.0,0–20,0.0103,0.0,0.0,0.0,0.0,0.0,0.6894,1.0,0.079105,1,60.0,top 50%
BTCUSDT,2016-06-24,7.0,0–20,0.0,0.0,0.0,0.0,0.0,0.0,0.0,1.0,0.016529,1,41.8,bottom 50%
BTCUSDT,2016-06-25,7.0,0–20,0.0,0.0,0.0,0.0,0.0,0.0,0.0,1.0,0.058003,1,41.8,bottom 50%
BTCUSDT,2016-06-26,4.8,0–20,0.009,0.0,0.0,0.0,0.0,0.0,0.0,0.6539,0.04655,1,32.4,bottom 50%
BTCUSDT,2016-06-27,1.3,0–20,0.0,0.0,0.0,0.0,0.0,0.0,0.0,0.1861,0.043321,1,13.4,bottom 50%
BTCUSDT,2016-06-28,2.6,0–20,0.0,0.0,0.0,0.0,0.0,0.0,0.0,0.3773,0.036516,1,21.5,bottom 50%
BTCUSDT,2016-06-29,5.3,0–20,0.0,0.0,0.0,0.0,0.0,0.0,0.0,0.7588,0.058512,1,34.6,bottom 50%
BTCUSDT,2016-06-30,5.4,0–20,0.0,0.0,0.0,0.0,0.0,0.0,0.0,0.7683,-0.048675,0,35.0,bottom 50%
BTCUSDT,2016-07-01,13.7,0–20,0.0,0.0,0.0,0.0,0.9458,0.0,0.0,0.2005,-0.014451,0,71.5,top 50%
BTCUSDT,2016-07-02,12.3,0–20,0.0,0.0,0.0,0.0,0.9458,0.0,0.0,0.0,-0.074949,0,61.9,top 50%
BTCUSDT,2016-07-03,12.3,0–20,0.0,0.0,0.0,0.0,0.9458,0.0,0.0,0.0,-0.014126,0,61.9,top 50%
BTCUSDT,2016-07-04,12.3,0–20,0.0,0.0,0.0,0.0,0.9458,0.0,0.0,0.0,-0.052662,0,61.9,top 50%
BTCUSDT,2016-07-05,12.3,0–20,0.0,0.0,0.0,0.0,0.9458,0.0,0.0,0.0,-0.00906,0,61.9,top 50%
BTCUSDT,2016-07-06,12.3,0–20,0.0,0.0,0.0,0.0,0.9458,0.0,0.0,0.0,-0.033755,0,61.9,top 50%
BTCUSDT,2016-07-07,16.2,0–20,0.0362,0.0,0.0,0.0,0.9458,0.0,0.4511,0.0,0.027345,1,86.7,top 25%
BTCUSDT,2016-07-08,12.3,0–20,0.0,0.0,0.0,0.0,0.9458,0.0,0.0,0.0,-0.004903,0,61.9,top 50%
BTCUSDT,2016-07-09,12.4,0–20,0.005,0.0,0.0,0.0,0.9458,0.0,0.0,0.0,0.015065,1,62.9,top 50%
BTCUSDT,2016-07-10,12.5,0–20,0.0103,0.0,0.0,0.0,0.9458,0.0,0.0,0.0,0.046352,1,63.4,top 50%
BTCUSDT,2016-07-11,13.2,0–20,0.0164,0.0,0.0,0.0,0.9458,0.0,0.0,0.0766,0.039291,1,68.4,top 50%
BTCUSDT,2016-07-12,15.0,0–20,0.0,0.0,0.0,0.0,0.9458,0.0,0.0,0.3868,0.012509,1,80.0,top 25%
BTCUSDT,2016-07-13,14.6,0–20,0.0,0.0,0.0,0.0,0.9458,0.0,0.0,0.3348,0.017139,1,77.8,top 25%
BTCUSDT,2016-07-14,12.3,0–20,0.0,0.0,0.0,0.0,0.9458,0.0,0.0,0.0,0.010537,1,61.9,top 50%
BTCUSDT,2016-07-15,12.3,0–20,0.0,0.0,0.0,0.0,0.9458,0.0,0.0,0.0,-0.019051,0,61.9,top 50%
BTCUSDT,2016-07-16,13.3,0–20,0.0,0.0,0.0,0.0,0.9458,0.0,0.0,0.1483,-0.007886,0,69.0,top 50%
BTCUSDT,2016-07-17,12.8,0–20,0.0,0.0,0.0,0.0,0.9458,0.0,0.0,0.0724,-0.026748,0,65.0,top 50%
BTCUSDT,2016-07-18,12.7,0–20,0.0,0.0,0.0,0.0,0.9458,0.0,0.0,0.0593,-0.028241,0,64.5,top 50%
BTCUSDT,2016-07-19,13.3,0–20,0.0,0.0,0.0,0.0,0.9458,0.0,0.0,0.1453,-0.031329,0,69.0,top 50%
BTCUSDT,2016-07-20,12.3,0–20,0.0,0.0,0.0,0.0,0.9458,0.0,0.0,0.0,-0.017025,0,61.9,top 50%
BTCUSDT,2016-07-21,12.3,0–20,0.0,0.0,0.0,0.0,0.9458,0.0,0.0,0.0,-0.015003,0,61.9,top 50%
BTCUSDT,2016-07-22,13.3,0–20,0.0487,0.0,0.0,0.0,0.9458,0.0,0.0,0.0,0.009795,1,69.0,top 50%
BTCUSDT,2016-07-23,13.4,0–20,0.019,0.0,0.0,0.0,0.9458,0.0,0.0,0.1068,-0.000776,0,69.6,top 50%
BTCUSDT,2016-07-24,12.3,0–20,0.0,0.0,0.0,0.0,0.9458,0.0,0.0,0.0,-0.055353,0,61.9,top 50%
BTCUSDT,2016-07-25,12.9,0–20,0.029,0.0,0.0,0.0,0.9458,0.0,0.0,0.0,-0.073116,0,65.5,top 50%
BTCUSDT,2016-07-26,13.2,0–20,0.0436,0.0,0.0,0.0,0.9458,0.0,0.0,0.0,-0.160051,0,68.4,top 50%
BTCUSDT,2016-07-27,13.4,0–20,0.0252,0.0,0.0,0.0,0.9458,0.0,0.0,0.079,-0.13448,0,69.6,top 50%
BTCUSDT,2016-07-28,12.7,0–20,0.02,0.0,0.0,0.0,0.9458,0.0,0.0,0.0,-0.117163,0,64.5,top 50%
BTCUSDT,2016-07-29,12.9,0–20,0.0044,0.0,0.0,0.0,0.9458,0.0,0.0,0.0788,-0.124734,0,65.5,top 50%
BTCUSDT,2016-07-30,13.0,0–20,0.0204,0.0,0.0,0.0,0.9458,0.0,0.0,0.0365,-0.102693,0,66.6,top 50%
BTCUSDT,2016-07-31,22.4,20–40,0.2294,0.3545,0.0,0.0,0.9458,0.0,0.0,0.0305,-0.051212,0,98.3,top 10%
BTCUSDT,2016-08-01,11.9,0–20,0.3236,0.3616,0.0,0.0,0.0,0.0,0.0,0.0,-0.025101,0,59.5,top 50%
BTCUSDT,2016-08-02,25.2,20–40,0.5239,0.5136,0.0,0.0,0.0,0.0,1.0,0.0036,0.073678,1,99.4,top 10%
BTCUSDT,2016-08-03,14.2,0–20,0.3823,0.1008,0.0,0.0,0.0,0.0,0.7161,0.0,0.045463,1,74.2,top 50%
BTCUSDT,2016-08-04,6.0,0–20,0.3001,0.0,0.0,0.0,0.0,0.0,0.0,0.0,0.018729,1,37.0,bottom 50%
BTCUSDT,2016-08-05,6.2,0–20,0.3121,0.0,0.0,0.0,0.0,0.0,0.0,0.0,0.021765,1,37.5,bottom 50%
BTCUSDT,2016-08-06,4.5,0–20,0.2236,0.0,0.0,0.0,0.0,0.0,0.0,0.0,-0.003726,0,31.0,bottom 50%
BTCUSDT,2016-08-07,3.8,0–20,0.1903,0.0,0.0,0.0,0.0,0.0,0.0,0.0,-0.037485,0,27.8,bottom 50%
BTCUSDT,2016-08-08,4.0,0–20,0.1981,0.0,0.0,0.0,0.0,0.0,0.0,0.0,-0.040291,0,28.9,bottom 50%
BTCUSDT,2016-08-09,4.3,0–20,0.2144,0.0,0.0,0.0,0.0,0.0,0.0,0.0,-0.017628,0,30.0,bottom 50%
BTCUSDT,2016-08-10,3.6,0–20,0.1803,0.0,0.0,0.0,0.0,0.0,0.0,0.0,-0.031898,0,26.7,bottom 50%
BTCUSDT,2016-08-11,3.9,0–20,0.1971,0.0,0.0,0.0,0.0,0.0,0.0,0.0,-0.025126,0,28.3,bottom 50%
BTCUSDT,2016-08-12,4.1,0–20,0.2063,0.0,0.0,0.0,0.0,0.0,0.0,0.0,-0.020303,0,29.3,bottom 50%
BTCUSDT,2016-08-13,4.4,0–20,0.2185,0.0,0.0,0.0,0.0,0.0,0.0,0.0,-0.006645,0,30.5,bottom 50%
BTCUSDT,2016-08-14,6.1,0–20,0.3063,0.0,0.0,0.0,0.0,0.0,0.0,0.0,0.018993,1,37.2,bottom 50%
BTCUSDT,2016-08-15,6.5,0–20,0.3238,0.0,0.0,0.0,0.0,0.0,0.0,0.0,0.0344,1,38.3,bottom 50%
BTCUSDT,2016-08-16,4.4,0–20,0.2193,0.0,0.0,0.0,0.0,0.0,0.0,0.0,0.010349,1,30.5,bottom 50%
BTCUSDT,2016-08-17,4.9,0–20,0.2458,0.0,0.0,0.0,0.0,0.0,0.0,0.0,0.012152,1,32.8,bottom 50%
BTCUSDT,2016-08-18,4.7,0–20,0.234,0.0,0.0,0.0,0.0,0.0,0.0,0.0,0.005995,1,31.9,bottom 50%
BTCUSDT,2016-08-19,4.4,0–20,0.2192,0.0,0.0,0.0,0.0,0.0,0.0,0.0,0.006985,1,30.5,bottom 50%
BTCUSDT,2016-08-20,3.0,0–20,0.1505,0.0,0.0,0.0,0.0,0.0,0.0,0.0,-0.0202,0,23.4,bottom 50%
BTCUSDT,2016-08-21,3.1,0–20,0.1538,0.0,0.0,0.0,0.0,0.0,0.0,0.0,-0.012723,0,24.0,bottom 50%
BTCUSDT,2016-08-22,3.5,0–20,0.0901,0.0,0.0,0.0,0.0,0.0,0.0,0.2407,-0.021553,0,26.1,bottom 50%
BTCUSDT,2016-08-23,2.9,0–20,0.1221,0.0,0.0,0.0,0.0,0.0,0.0,0.0714,-0.010133,0,22.9,bottom 50%
BTCUSDT,2016-08-24,3.1,0–20,0.1532,0.0,0.0,0.0,0.0,0.0,0.0,0.0,-0.008118,0,24.0,bottom 50%
BTCUSDT,2016-08-25,3.9,0–20,0.1767,0.0,0.0,0.0,0.0,0.0,0.0,0.0575,-0.009447,0,28.3,bottom 50%
BTCUSDT,2016-08-26,3.0,0–20,0.1498,0.0,0.0,0.0,0.0,0.0,0.0,0.0,-0.007097,0,23.4,bottom 50%
BTCUSDT,2016-08-27,4.9,0–20,0.245,0.0,0.0,0.0,0.0,0.0,0.0,0.0,0.049592,1,32.8,bottom 50%
BTCUSDT,2016-08-28,3.7,0–20,0.1866,0.0,0.0,0.0,0.0,0.0,0.0,0.0,0.060501,1,27.3,bottom 50%
BTCUSDT,2016-08-29,3.7,0–20,0.1836,0.0,0.0,0.0,0.0,0.0,0.0,0.0,0.05658,1,27.3,bottom 50%
BTCUSDT,2016-08-30,2.6,0–20,0.131,0.0,0.0,0.0,0.0,0.0,0.0,0.0,0.057027,1,21.5,bottom 50%
BTCUSDT,2016-08-31,3.1,0–20,0.1552,0.0,0.0,0.0,0.0,0.0,0.0,0.0,0.067896,1,24.0,bottom 50%
BTCUSDT,2016-09-01,3.9,0–20,0.1929,0.0,0.0,0.0,0.0,0.0,0.0,0.0,0.094378,1,28.3,bottom 50%
BTCUSDT,2016-09-02,2.7,0–20,0.1371,0.0,0.0,0.0,0.0,0.0,0.0,0.0,0.082226,1,22.0,bottom 50%
BTCUSDT,2016-09-03,0.2,0–20,0.0,0.0,0.0,0.0,0.0,0.0,0.0,0.0332,0.042288,1,7.4,bottom 50%
BTCUSDT,2016-09-04,0.7,0–20,0.0,0.0,0.0,0.0,0.0,0.0,0.0,0.0953,-0.003146,0,9.9,bottom 50%
BTCUSDT,2016-09-05,0.0,0–20,0.0,0.0,0.0,0.0,0.0,0.0,0.0,0.0,0.002725,1,3.4,bottom 50%
BTCUSDT,2016-09-06,0.0,0–20,0.0,0.0,0.0,0.0,0.0,0.0,0.0,0.0,-0.001958,0,3.4,bottom 50%
BTCUSDT,2016-09-07,0.1,0–20,0.0,0.0,0.0,0.0,0.0,0.0,0.0,0.0113,-0.006281,0,7.0,bottom 50%
BTCUSDT,2016-09-08,1.4,0–20,0.0,0.0,0.0,0.0,0.0,0.0,0.0,0.2054,-0.030593,0,14.1,bottom 50%
BTCUSDT,2016-09-09,1.7,0–20,0.0,0.0,0.0,0.0,0.0,0.0,0.0,0.2369,-0.025508,0,16.0,bottom 50%
BTCUSDT,2016-09-10,1.6,0–20,0.0,0.0,0.0,0.0,0.0,0.0,0.0,0.2235,-0.028107,0,15.4,bottom 50%
BTCUSDT,2016-09-11,1.4,0–20,0.0,0.0,0.0,0.0,0.0,0.0,0.0,0.2006,0.0052,1,14.1,bottom 50%
BTCUSDT,2016-09-12,1.8,0–20,0.0,0.0,0.0,0.0,0.0,0.0,0.0,0.264,0.001618,1,16.5,bottom 50%
BTCUSDT,2016-09-13,2.7,0–20,0.0,0.0,0.0,0.0,0.0,0.0,0.0,0.3867,-0.001525,0,22.0,bottom 50%
BTCUSDT,2016-09-14,2.7,0–20,0.0,0.0,0.0,0.0,0.0,0.0,0.0,0.3827,-0.022164,0,22.0,bottom 50%
BTCUSDT,2016-09-15,2.6,0–20,0.0,0.0,0.0,0.0,0.0,0.0,0.0,0.3684,-0.017882,0,21.5,bottom 50%
BTCUSDT,2016-09-16,2.3,0–20,0.0,0.0,0.0,0.0,0.0,0.0,0.0,0.3227,-0.006806,0,19.6,bottom 50%
BTCUSDT,2016-09-17,2.1,0–20,0.0,0.0,0.0,0.0,0.0,0.0,0.0,0.298,-0.005543,0,18.2,bottom 50%
BTCUSDT,2016-09-18,2.1,0–20,0.0,0.0,0.0,0.0,0.0,0.0,0.0,0.3063,-0.014836,0,18.2,bottom 50%
BTCUSDT,2016-09-19,2.0,0–20,0.0,0.0,0.0,0.0,0.0,0.0,0.0,0.2866,-0.001943,0,17.5,bottom 50%
BTCUSDT,2016-09-20,1.9,0–20,0.0,0.0,0.0,0.0,0.0,0.0,0.0,0.2758,-0.003528,0,17.1,bottom 50%
BTCUSDT,2016-09-21,4.0,0–20,0.0982,0.0,0.0,0.0,0.0,0.0,0.0,0.298,0.012692,1,28.9,bottom 50%
BTCUSDT,2016-09-22,4.0,0–20,0.1108,0.0,0.0,0.0,0.0,0.0,0.0,0.2603,0.015756,1,28.9,bottom 50%
BTCUSDT,2016-09-23,0.7,0–20,0.0,0.0,0.0,0.0,0.0,0.0,0.0,0.0964,0.011434,1,9.9,bottom 50%
BTCUSDT,2016-09-24,0.0,0–20,0.0,0.0,0.0,0.0,0.0,0.0,0.0,0.0048,0.018847,1,3.4,bottom 50%
BTCUSDT,2016-09-25,0.7,0–20,0.0309,0.0,0.0,0.0,0.0,0.0,0.0,0.014,0.016754,1,9.9,bottom 50%
BTCUSDT,2016-09-26,0.0,0–20,0.0,0.0,0.0,0.0,0.0,0.0,0.0,0.0,0.006726,1,3.4,bottom 50%
BTCUSDT,2016-09-27,0.0,0–20,0.0,0.0,0.0,0.0,0.0,0.0,0.0,0.0,0.006661,1,3.4,bottom 50%
BTCUSDT,2016-09-28,0.0,0–20,0.0,0.0,0.0,0.0,0.0,0.0,0.0,0.0,0.01287,1,3.4,bottom 50%
BTCUSDT,2016-09-29,0.0,0–20,0.0,0.0,0.0,0.0,0.0,0.0,0.0,0.0,0.012099,1,3.4,bottom 50%
BTCUSDT,2016-09-30,0.0,0–20,0.0,0.0,0.0,0.0,0.0,0.0,0.0,0.0,0.012113,1,3.4,bottom 50%
BTCUSDT,2016-10-01,13.1,0–20,0.0,0.0,0.0,0.0,1.0,0.0,0.0,0.011,0.008347,1,67.8,top 50%
BTCUSDT,2016-10-02,13.0,0–20,0.0,0.0,0.0,0.0,1.0,0.0,0.0,0.0,0.009593,1,66.6,top 50%
BTCUSDT,2016-10-03,13.0,0–20,0.0,0.0,0.0,0.0,1.0,0.0,0.0,0.0,0.011208,1,66.6,top 50%
BTCUSDT,2016-10-04,13.0,0–20,0.0,0.0,0.0,0.0,1.0,0.0,0.0,0.0,0.050586,1,66.6,top 50%
BTCUSDT,2016-10-05,13.1,0–20,0.0,0.0,0.0,0.0,1.0,0.0,0.0,0.0213,0.038662,1,67.8,top 50%
BTCUSDT,2016-10-06,13.4,0–20,0.0,0.0,0.0,0.0,1.0,0.0,0.0,0.0577,0.038767,1,69.6,top 50%
BTCUSDT,2016-10-07,13.3,0–20,0.0,0.0,0.0,0.0,1.0,0.0,0.0,0.0409,0.037686,1,69.0,top 50%
BTCUSDT,2016-10-08,13.1,0–20,0.0,0.0,0.0,0.0,1.0,0.0,0.0,0.0187,0.031558,1,67.8,top 50%
BTCUSDT,2016-10-09,13.1,0–20,0.0,0.0,0.0,0.0,1.0,0.0,0.0,0.0081,0.040339,1,67.8,top 50%
BTCUSDT,2016-10-10,13.2,0–20,0.0,0.0,0.0,0.0,1.0,0.0,0.0,0.0349,0.032632,1,68.4,top 50%
BTCUSDT,2016-10-11,14.0,0–20,0.0,0.0,0.0,0.0,1.0,0.0,0.0,0.139,-0.004854,0,73.1,top 50%
BTCUSDT,2016-10-12,14.3,0–20,0.0,0.0,0.0,0.0,1.0,0.0,0.0,0.18,-0.008916,0,75.4,top 25%
BTCUSDT,2016-10-13,14.0,0–20,0.0,0.0,0.0,0.0,1.0,0.0,0.0,0.1388,-0.009311,0,73.1,top 50%
BTCUSDT,2016-10-14,13.9,0–20,0.0,0.0,0.0,0.0,1.0,0.0,0.0,0.1217,-0.01179,0,72.6,top 50%
BTCUSDT,2016-10-15,14.1,0–20,0.0,0.0,0.0,0.0,1.0,0.0,0.0,0.156,0.029199,1,73.6,top 50%
BTCUSDT,2016-10-16,14.9,0–20,0.0,0.0,0.0,0.0,1.0,0.0,0.0,0.2718,0.024064,1,79.4,top 25%
BTCUSDT,2016-10-17,14.7,0–20,0.0,0.0,0.0,0.0,1.0,0.0,0.0,0.2488,0.022791,1,78.4,top 25%
BTCUSDT,2016-10-18,14.9,0–20,0.0,0.0,0.0,0.0,1.0,0.0,0.0,0.2655,0.030767,1,79.4,top 25%
BTCUSDT,2016-10-19,15.0,0–20,0.0,0.0,0.0,0.0,1.0,0.0,0.0,0.2819,0.075785,1,80.0,top 25%
BTCUSDT,2016-10-20,14.6,0–20,0.0,0.0,0.0,0.0,1.0,0.0,0.0,0.2342,0.091076,1,77.8,top 25%
BTCUSDT,2016-10-21,14.6,0–20,0.0,0.0,0.0,0.0,1.0,0.0,0.0,0.2221,0.089792,1,77.8,top 25%
BTCUSDT,2016-10-22,14.7,0–20,0.0,0.0,0.0,0.0,1.0,0.0,0.0,0.2382,0.087001,1,78.4,top 25%
BTCUSDT,2016-10-23,14.5,0–20,0.0,0.0,0.0,0.0,1.0,0.0,0.0,0.2173,0.068171,1,77.3,top 25%
BTCUSDT,2016-10-24,14.2,0–20,0.0,0.0,0.0,0.0,1.0,0.0,0.0,0.1726,0.072214,1,74.2,top 50%
BTCUSDT,2016-10-25,14.1,0–20,0.0,0.0,0.0,0.0,1.0,0.0,0.0,0.1561,0.109803,1,73.6,top 50%
BTCUSDT,2016-10-26,14.2,0–20,0.0,0.0,0.0,0.0,1.0,0.0,0.0,0.1732,0.092178,1,74.2,top 50%
BTCUSDT,2016-10-27,15.4,0–20,0.0,0.0,0.0,0.0,1.0,0.0,0.0,0.3408,0.000562,1,82.1,top 25%
BTCUSDT,2016-10-28,15.3,0–20,0.0,0.0,0.0,0.0,1.0,0.0,0.0,0.3218,0.019697,1,81.7,top 25%
BTCUSDT,2016-10-29,15.3,0–20,0.0,0.0,0.0,0.0,1.0,0.0,0.0,0.3279,-0.015481,0,81.7,top 25%
BTCUSDT,2016-10-30,15.3,0–20,0.0,0.0,0.0,0.0,1.0,0.0,0.0,0.3327,0.01376,1,81.7,top 25%
BTCUSDT,2016-10-31,15.1,0–20,0.0,0.0,0.0,0.0,1.0,0.0,0.0,0.3001,0.00308,1,80.7,top 25%
BTCUSDT,2016-11-01,11.7,0–20,0.0,0.0,0.0,0.0,0.6693,0.0,0.0,0.4343,-0.02733,0,58.4,top 50%
BTCUSDT,2016-11-02,11.8,0–20,0.0,0.0,0.0,0.0,0.6693,0.0,0.0,0.4459,-0.023698,0,59.2,top 50%
BTCUSDT,2016-11-03,12.6,0–20,0.0,0.0,0.0,0.0,0.6693,0.0,0.0,0.5577,0.038963,1,63.9,top 50%
BTCUSDT,2016-11-04,12.2,0–20,0.0,0.0,0.0,0.0,0.6693,0.0,0.0,0.4959,0.018736,1,60.9,top 50%
BTCUSDT,2016-11-05,11.9,0–20,0.0,0.0,0.0,0.0,0.6693,0.0,0.0,0.464,0.002326,1,59.5,top 50%
BTCUSDT,2016-11-06,13.5,0–20,0.0,0.0,0.0,0.0,0.6693,0.0,0.0,0.691,-0.013339,0,70.3,top 50%
BTCUSDT,2016-11-07,14.1,0–20,0.0,0.0,0.0,0.0,0.6693,0.0,0.0,0.7652,0.002688,1,73.6,top 50%
BTCUSDT,2016-11-08,12.0,0–20,0.0,0.0,0.0,0.0,0.6693,0.0,0.0,0.4755,0.002495,1,60.0,top 50%
BTCUSDT,2016-11-09,12.8,0–20,0.0,0.0,0.0,0.0,0.6693,0.0,0.0,0.59,0.028931,1,65.0,top 50%
BTCUSDT,2016-11-10,12.7,0–20,0.0,0.0,0.0,0.0,0.6693,0.0,0.0,0.5673,0.035558,1,64.5,top 50%
BTCUSDT,2016-11-11,11.6,0–20,0.0,0.0,0.0,0.0,0.6693,0.0,0.0,0.4153,0.049098,1,57.5,top 50%
BTCUSDT,2016-11-12,11.2,0–20,0.0,0.0,0.0,0.0,0.6693,0.0,0.0,0.3515,0.06604,1,56.2,top 50%
BTCUSDT,2016-11-13,11.7,0–20,0.0,0.0,0.0,0.0,0.6693,0.0,0.0,0.4242,0.041302,1,58.4,top 50%
BTCUSDT,2016-11-14,12.1,0–20,0.0,0.0,0.0,0.0,0.6693,0.0,0.0,0.4868,0.048547,1,60.5,top 50%
BTCUSDT,2016-11-15,10.6,0–20,0.0,0.0,0.0,0.0,0.6693,0.0,0.0,0.2729,0.055828,1,53.3,top 50%
BTCUSDT,2016-11-16,10.2,0–20,0.0,0.0,0.0,0.0,0.6693,0.0,0.0,0.212,0.000532,1,52.5,top 50%
BTCUSDT,2016-11-17,9.5,0–20,0.0,0.0,0.0,0.0,0.6693,0.0,0.0,0.1174,-0.000928,0,50.8,top 50%
BTCUSDT,2016-11-18,8.7,0–20,0.0,0.0,0.0,0.0,0.6693,0.0,0.0,0.0,-0.01322,0,48.8,bottom 50%
BTCUSDT,2016-11-19,8.9,0–20,0.0,0.0,0.0,0.0,0.6693,0.0,0.0,0.024,-0.021599,0,49.4,bottom 50%
BTCUSDT,2016-11-20,9.2,0–20,0.0,0.0,0.0,0.0,0.6693,0.0,0.0,0.078,0.00138,1,50.2,top 50%
BTCUSDT,2016-11-21,9.4,0–20,0.0,0.0,0.0,0.0,0.6693,0.0,0.0,0.098,-0.004647,0,50.6,top 50%
BTCUSDT,2016-11-22,8.7,0–20,0.0,0.0,0.0,0.0,0.6693,0.0,0.0,0.001,-0.020953,0,48.8,bottom 50%
BTCUSDT,2016-11-23,11.9,0–20,0.0,0.0,0.0,0.0,0.6693,0.0,0.0,0.4523,0.001473,1,59.5,top 50%
BTCUSDT,2016-11-24,11.1,0–20,0.0,0.0,0.0,0.0,0.6693,0.0,0.0,0.3388,0.022268,1,55.9,top 50%
BTCUSDT,2016-11-25,10.1,0–20,0.0,0.0,0.0,0.0,0.6693,0.0,0.0,0.1991,0.048938,1,52.4,top 50%
BTCUSDT,2016-11-26,10.1,0–20,0.0,0.0,0.0,0.0,0.6693,0.0,0.0,0.1938,0.048645,1,52.4,top 50%
BTCUSDT,2016-11-27,11.0,0–20,0.0,0.0,0.0,0.0,0.6693,0.0,0.0,0.3341,0.057152,1,54.9,top 50%
BTCUSDT,2016-11-28,10.4,0–20,0.0,0.0,0.0,0.0,0.6693,0.0,0.0,0.2419,0.031104,1,52.9,top 50%
BTCUSDT,2016-11-29,9.5,0–20,0.0,0.0,0.0,0.0,0.6693,0.0,0.0,0.1169,0.038907,1,50.8,top 50%
BTCUSDT,2016-11-30,10.0,0–20,0.0,0.0,0.0,0.0,0.6693,0.0,0.0,0.1835,0.030094,1,52.1,top 50%
BTCUSDT,2016-12-01,1.0,0–20,0.0,0.0,0.0,0.0,0.0,0.0,0.0,0.1363,0.018547,1,11.6,bottom 50%
BTCUSDT,2016-12-02,1.4,0–20,0.0,0.0,0.0,0.0,0.0,0.0,0.0,0.2033,-0.00662,0,14.1,bottom 50%
BTCUSDT,2016-12-03,1.8,0–20,0.0,0.0,0.0,0.0,0.0,0.0,0.0,0.2522,0.004532,1,16.5,bottom 50%
BTCUSDT,2016-12-04,1.6,0–20,0.0,0.0,0.0,0.0,0.0,0.0,0.0,0.2282,-0.005351,0,15.4,bottom 50%
BTCUSDT,2016-12-05,1.7,0–20,0.0,0.0,0.0,0.0,0.0,0.0,0.0,0.2436,0.028189,1,16.0,bottom 50%
BTCUSDT,2016-12-06,0.6,0–20,0.0,0.0,0.0,0.0,0.0,0.0,0.0,0.0853,0.021371,1,9.4,bottom 50%
BTCUSDT,2016-12-07,1.7,0–20,0.0,0.0,0.0,0.0,0.0,0.0,0.0,0.2463,0.017379,1,16.0,bottom 50%
BTCUSDT,2016-12-08,0.9,0–20,0.0,0.0,0.0,0.0,0.0,0.0,0.0,0.1301,0.009442,1,11.0,bottom 50%
BTCUSDT,2016-12-09,1.0,0–20,0.0,0.0,0.0,0.0,0.0,0.0,0.0,0.1478,0.015674,1,11.6,bottom 50%
BTCUSDT,2016-12-10,1.4,0–20,0.0,0.0,0.0,0.0,0.0,0.0,0.0,0.1933,0.020886,1,14.1,bottom 50%
BTCUSDT,2016-12-11,1.2,0–20,0.0,0.0,0.0,0.0,0.0,0.0,0.0,0.1701,0.027021,1,12.8,bottom 50%
BTCUSDT,2016-12-12,0.8,0–20,0.0,0.0,0.0,0.0,0.0,0.0,0.0,0.1134,0.016187,1,10.5,bottom 50%
BTCUSDT,2016-12-13,1.2,0–20,0.0,0.0,0.0,0.0,0.0,0.0,0.0,0.1783,0.026033,1,12.8,bottom 50%
BTCUSDT,2016-12-14,1.6,0–20,0.0,0.0,0.0,0.0,0.0,0.0,0.0,0.222,0.067564,1,15.4,bottom 50%
BTCUSDT,2016-12-15,1.6,0–20,0.0,0.0,0.0,0.0,0.0,0.0,0.0,0.2235,0.111108,1,15.4,bottom 50%
BTCUSDT,2016-12-16,1.7,0–20,0.0,0.0,0.0,0.0,0.0,0.0,0.0,0.2381,0.174641,1,16.0,bottom 50%
BTCUSDT,2016-12-17,2.3,0–20,0.0,0.0,0.0,0.0,0.0,0.0,0.0,0.3327,0.136557,1,19.6,bottom 50%
BTCUSDT,2016-12-18,2.2,0–20,0.0,0.0,0.0,0.0,0.0,0.0,0.0,0.3079,0.133648,1,18.8,bottom 50%
BTCUSDT,2016-12-19,2.2,0–20,0.0,0.0,0.0,0.0,0.0,0.0,0.0,0.3163,0.14494,1,18.8,bottom 50%
BTCUSDT,2016-12-20,1.6,0–20,0.0,0.0,0.0,0.0,0.0,0.0,0.0,0.2236,0.165222,1,15.4,bottom 50%
BTCUSDT,2016-12-21,1.4,0–20,0.0,0.0,0.0,0.0,0.0,0.0,0.0,0.1976,0.169775,1,14.1,bottom 50%
BTCUSDT,2016-12-22,0.6,0–20,0.0,0.0,0.0,0.0,0.0,0.0,0.0,0.0905,0.126029,1,9.4,bottom 50%
BTCUSDT,2016-12-23,1.0,0–20,0.0,0.0,0.0,0.0,0.0,0.0,0.0,0.1465,0.042576,1,11.6,bottom 50%
BTCUSDT,2016-12-24,1.0,0–20,0.0,0.0,0.0,0.0,0.0,0.0,0.0,0.138,0.072229,1,11.6,bottom 50%
BTCUSDT,2016-12-25,2.2,0–20,0.0,0.0,0.0,0.0,0.0,0.0,0.0,0.311,0.113975,1,18.8,bottom 50%
BTCUSDT,2016-12-26,3.5,0–20,0.0,0.0,0.0,0.0,0.0,0.0,0.0,0.4986,0.125759,1,26.1,bottom 50%
BTCUSDT,2016-12-27,4.7,0–20,0.0,0.0,0.0,0.0,0.0,0.0,0.0,0.6774,0.118562,1,31.9,bottom 50%
BTCUSDT,2016-12-28,7.0,0–20,0.0,0.0,0.0,0.0,0.0,0.0,0.0,1.0,0.183221,1,41.8,bottom 50%
BTCUSDT,2016-12-29,6.2,0–20,0.0,0.0,0.0,0.0,0.0,0.0,0.0,0.8831,0.040969,1,37.5,bottom 50%
BTCUSDT,2016-12-30,5.9,0–20,0.0,0.0,0.0,0.0,0.0,0.0,0.0,0.8414,-0.061418,0,36.7,bottom 50%
BTCUSDT,2016-12-31,6.7,0–20,0.0,0.0,0.0,0.0,0.0,0.0,0.0,0.951,-0.057233,0,38.7,bottom 50%
BTCUSDT,2017-01-01,7.0,0–20,0.0,0.0,0.0,0.0,0.0,0.0,0.0,1.0,-0.087272,0,41.8,bottom 50%
BTCUSDT,2017-01-02,7.0,0–20,0.0,0.0,0.0,0.0,0.0,0.0,0.0,1.0,-0.116391,0,41.8,bottom 50%
BTCUSDT,2017-01-03,7.0,0–20,0.0,0.0,0.0,0.0,0.0,0.0,0.0,1.0,-0.130442,0,41.8,bottom 50%
BTCUSDT,2017-01-04,7.0,0–20,0.0,0.0,0.0,0.0,0.0,0.0,0.0,1.0,-0.32646,0,41.8,bottom 50%
BTCUSDT,2017-01-05,7.0,0–20,0.0,0.0,0.0,0.0,0.0,0.0,0.0,1.0,-0.205793,0,41.8,bottom 50%
BTCUSDT,2017-01-06,13.2,0–20,0.0292,0.0,0.0,0.0,0.0,0.0,0.8039,1.0,-0.086696,0,68.4,top 50%
BTCUSDT,2017-01-07,13.0,0–20,0.0157,0.0,0.0,0.0,0.0,0.0,0.8143,1.0,-0.099246,0,66.6,top 50%
BTCUSDT,2017-01-08,7.2,0–20,0.0099,0.0,0.0,0.0,0.0,0.0,0.0,1.0,-0.098114,0,44.6,bottom 50%
BTCUSDT,2017-01-09,7.6,0–20,0.0291,0.0,0.0,0.0,0.0,0.0,0.0,1.0,-0.078967,0,46.1,bottom 50%
BTCUSDT,2017-01-10,7.1,0–20,0.0168,0.0,0.0,0.0,0.0,0.0,0.0,0.9614,0.000285,1,44.5,bottom 50%
BTCUSDT,2017-01-11,12.5,0–20,0.2688,0.0779,0.0,0.0,0.0,0.0,0.6558,0.1878,0.139968,1,63.4,top 50%
BTCUSDT,2017-01-12,4.0,0–20,0.1998,0.0,0.0,0.0,0.0,0.0,0.0,0.0,0.117091,1,28.9,bottom 50%
BTCUSDT,2017-01-13,3.5,0–20,0.152,0.0,0.0,0.0,0.0,0.0,0.0,0.0623,0.086218,1,26.1,bottom 50%
BTCUSDT,2017-01-14,3.5,0–20,0.1625,0.0,0.0,0.0,0.0,0.0,0.0,0.0336,0.126314,1,26.1,bottom 50%
BTCUSDT,2017-01-15,3.1,0–20,0.1532,0.0,0.0,0.0,0.0,0.0,0.0,0.0003,0.125183,1,24.0,bottom 50%
BTCUSDT,2017-01-16,2.5,0–20,0.1253,0.0,0.0,0.0,0.0,0.0,0.0,0.0,0.107606,1,20.9,bottom 50%
BTCUSDT,2017-01-17,0.0,0–20,0.0,0.0,0.0,0.0,0.0,0.0,0.0,0.0,-0.016797,0,3.4,bottom 50%
BTCUSDT,2017-01-18,0.0,0–20,0.0,0.0,0.0,0.0,0.0,0.0,0.0,0.0,0.016833,1,3.4,bottom 50%
BTCUSDT,2017-01-19,0.0,0–20,0.0,0.0,0.0,0.0,0.0,0.0,0.0,0.0,0.020591,1,3.4,bottom 50%
BTCUSDT,2017-01-20,0.0,0–20,0.0,0.0,0.0,0.0,0.0,0.0,0.0,0.0,0.027624,1,3.4,bottom 50%
BTCUSDT,2017-01-21,0.0,0–20,0.0,0.0,0.0,0.0,0.0,0.0,0.0,0.0,-0.000216,0,3.4,bottom 50%
BTCUSDT,2017-01-22,0.0,0–20,0.0,0.0,0.0,0.0,0.0,0.0,0.0,0.0,-0.005599,0,3.4,bottom 50%
BTCUSDT,2017-01-23,0.0,0–20,0.0,0.0,0.0,0.0,0.0,0.0,0.0,0.0,-0.000684,0,3.4,bottom 50%
BTCUSDT,2017-01-24,0.0,0–20,0.0,0.0,0.0,0.0,0.0,0.0,0.0,0.0,0.087059,1,3.4,bottom 50%
BTCUSDT,2017-01-25,0.0,0–20,0.0,0.0,0.0,0.0,0.0,0.0,0.0,0.0,0.097035,1,3.4,bottom 50%
BTCUSDT,2017-01-26,0.8,0–20,0.0,0.0,0.0,0.0,0.0,0.0,0.0,0.1081,0.102676,1,10.5,bottom 50%
BTCUSDT,2017-01-27,0.6,0–20,0.0,0.0,0.0,0.0,0.0,0.0,0.0,0.0881,0.119772,1,9.4,bottom 50%
BTCUSDT,2017-01-28,0.4,0–20,0.0,0.0,0.0,0.0,0.0,0.0,0.0,0.0539,0.131631,1,8.4,bottom 50%
BTCUSDT,2017-01-29,0.0,0–20,0.0,0.0,0.0,0.0,0.0,0.0,0.0,0.0,0.117286,1,3.4,bottom 50%
BTCUSDT,2017-01-30,0.0,0–20,0.0,0.0,0.0,0.0,0.0,0.0,0.0,0.0,0.127956,1,3.4,bottom 50%
BTCUSDT,2017-01-31,6.7,0–20,0.0,0.0,0.0,0.0,0.0,0.0,0.0,0.9507,0.093721,1,38.7,bottom 50%
BTCUSDT,2017-02-01,17.1,0–20,0.0,0.0,0.0,0.0,0.9018,0.0,0.0,0.7677,0.074869,1,89.6,top 25%
BTCUSDT,2017-02-02,16.3,0–20,0.0,0.0,0.0,0.0,0.9018,0.0,0.0,0.6503,-0.017214,0,87.1,top 25%
BTCUSDT,2017-02-03,16.6,0–20,0.0,0.0,0.0,0.0,0.9018,0.0,0.0,0.6917,-0.040038,0,88.0,top 25%
BTCUSDT,2017-02-04,16.5,0–20,0.0,0.0,0.0,0.0,0.9018,0.0,0.0,0.6797,-0.036868,0,87.7,top 25%
BTCUSDT,2017-02-05,17.9,0–20,0.0,0.0,0.0,0.0,0.9018,0.0,0.0,0.884,-0.02741,0,91.5,top 10%
BTCUSDT,2017-02-06,15.0,0–20,0.0,0.0,0.0,0.0,0.9018,0.0,0.0,0.4687,-0.045762,0,80.0,top 25%
BTCUSDT,2017-02-07,16.9,0–20,0.0,0.0,0.0,0.0,0.9018,0.0,0.0,0.7405,-0.053517,0,88.9,top 25%
BTCUSDT,2017-02-08,17.0,0–20,0.0,0.0,0.0,0.0,0.9018,0.0,0.0,0.751,-0.052292,0,89.3,top 25%
BTCUSDT,2017-02-09,24.2,20–40,0.0,0.0,0.0,0.0,0.9018,0.0,1.0,0.7877,0.033244,1,99.1,top 10%
BTCUSDT,2017-02-10,18.2,0–20,0.0,0.0,0.0,0.0,0.9018,0.0,0.3676,0.551,0.058195,1,92.8,top 10%
BTCUSDT,2017-02-11,15.9,0–20,0.0,0.0,0.0,0.0,0.9018,0.0,0.0,0.5937,0.049749,1,85.6,top 25%
BTCUSDT,2017-02-12,16.7,0–20,0.0,0.0,0.0,0.0,0.9018,0.0,0.0,0.7172,0.048729,1,88.2,top 25%
BTCUSDT,2017-02-13,17.9,0–20,0.0,0.0,0.0,0.0,0.9018,0.0,0.0,0.8893,0.090182,1,91.5,top 10%
BTCUSDT,2017-02-14,15.4,0–20,0.0,0.0,0.0,0.0,0.9018,0.0,0.0,0.5202,0.110248,1,82.1,top 25%
BTCUSDT,2017-02-15,14.5,0–20,0.0,0.0,0.0,0.0,0.9018,0.0,0.0,0.3947,0.109144,1,77.3,top 25%
BTCUSDT,2017-02-16,15.0,0–20,0.0,0.0,0.0,0.0,0.9018,0.0,0.0,0.471,0.13556,1,80.0,top 25%
BTCUSDT,2017-02-17,14.8,0–20,0.0,0.0,0.0,0.0,0.9018,0.0,0.0,0.4408,0.12184,1,78.8,top 25%
BTCUSDT,2017-02-18,14.6,0–20,0.0,0.0,0.0,0.0,0.9018,0.0,0.0,0.4118,0.084805,1,77.8,top 25%
BTCUSDT,2017-02-19,15.1,0–20,0.0,0.0,0.0,0.0,0.9018,0.0,0.0,0.477,0.11197,1,80.7,top 25%
BTCUSDT,2017-02-20,13.2,0–20,0.0,0.0,0.0,0.0,0.9018,0.0,0.0,0.2048,0.092585,1,68.4,top 50%
BTCUSDT,2017-02-21,13.2,0–20,0.0,0.0,0.0,0.0,0.9018,0.0,0.0,0.2108,0.057984,1,68.4,top 50%
BTCUSDT,2017-02-22,13.0,0–20,0.0,0.0,0.0,0.0,0.9018,0.0,0.0,0.1816,0.094019,1,66.6,top 50%
BTCUSDT,2017-02-23,12.6,0–20,0.0,0.0,0.0,0.0,0.9018,0.0,0.0,0.1317,0.072245,1,63.9,top 50%
BTCUSDT,2017-02-24,11.9,0–20,0.0,0.0,0.0,0.0,0.9018,0.0,0.0,0.0267,0.086318,1,59.5,top 50%
BTCUSDT,2017-02-25,13.6,0–20,0.0,0.0,0.0,0.0,0.9018,0.0,0.0,0.2713,0.097313,1,70.9,top 50%
BTCUSDT,2017-02-26,14.4,0–20,0.0,0.0,0.0,0.0,0.9018,0.0,0.0,0.3882,0.08747,1,76.7,top 25%
BTCUSDT,2017-02-27,13.7,0–20,0.0,0.0,0.0,0.0,0.9018,0.0,0.0,0.279,0.078697,1,71.5,top 50%
BTCUSDT,2017-02-28,15.2,0–20,0.0,0.0,0.0,0.0,0.9018,0.0,0.0,0.493,0.036925,1,81.3,top 25%
BTCUSDT,2017-03-01,6.6,0–20,0.0,0.0,0.0,0.0,0.0,0.0,0.0,0.939,-0.059305,0,38.5,bottom 50%
BTCUSDT,2017-03-02,6.0,0–20,0.0,0.0,0.0,0.0,0.0,0.0,0.0,0.8582,-0.049976,0,37.0,bottom 50%
BTCUSDT,2017-03-03,6.1,0–20,0.0,0.0,0.0,0.0,0.0,0.0,0.0,0.8756,-0.124134,0,37.2,bottom 50%
BTCUSDT,2017-03-04,6.7,0–20,0.0,0.0,0.0,0.0,0.0,0.0,0.0,0.9623,-0.063196,0,38.7,bottom 50%
BTCUSDT,2017-03-05,7.0,0–20,0.0,0.0,0.0,0.0,0.0,0.0,0.0,1.0,-0.036098,0,41.8,bottom 50%
BTCUSDT,2017-03-06,7.0,0–20,0.0,0.0,0.0,0.0,0.0,0.0,0.0,1.0,-0.032141,0,41.8,bottom 50%
BTCUSDT,2017-03-07,9.6,0–20,0.0,0.0,0.0,0.0,0.0,0.0,0.3765,1.0,0.013453,1,51.1,top 50%
BTCUSDT,2017-03-08,11.5,0–20,0.0,0.0,0.0,0.0,0.0,0.0,0.642,1.0,0.086617,1,57.1,top 50%
BTCUSDT,2017-03-09,6.6,0–20,0.0,0.0,0.0,0.0,0.0,0.0,0.0,0.9455,-0.000572,0,38.5,bottom 50%
BTCUSDT,2017-03-10,14.8,0–20,0.078,0.0,0.0,0.0,0.0,0.0,1.0,0.8889,-0.014766,0,78.8,top 25%
BTCUSDT,2017-03-11,6.9,0–20,0.0,0.0,0.0,0.0,0.0,0.0,0.0,0.9916,-0.171804,0,39.1,bottom 50%
BTCUSDT,2017-03-12,4.6,0–20,0.0,0.0,0.0,0.0,0.0,0.0,0.0,0.6635,-0.151173,0,31.5,bottom 50%
BTCUSDT,2017-03-13,1.2,0–20,0.0,0.0,0.0,0.0,0.0,0.0,0.0,0.1666,-0.144238,0,12.8,bottom 50%
BTCUSDT,2017-03-14,2.3,0–20,0.0,0.0,0.0,0.0,0.0,0.0,0.0,0.3317,-0.096339,0,19.6,bottom 50%
BTCUSDT,2017-03-15,0.0,0–20,0.0,0.0,0.0,0.0,0.0,0.0,0.0,0.0,-0.160426,0,3.4,bottom 50%
BTCUSDT,2017-03-16,5.5,0–20,0.0,0.0,0.0,0.0,0.0,0.0,0.7835,0.0093,-0.125626,0,35.4,bottom 50%
BTCUSDT,2017-03-17,12.8,0–20,0.1502,0.0406,0.0,0.0,0.0,0.0,1.0,0.3053,-0.147887,0,65.0,top 50%
BTCUSDT,2017-03-18,20.8,20–40,0.3384,0.365,0.0,0.0,0.0,0.0,1.0,0.2263,-0.001067,0,97.6,top 10%
BTCUSDT,2017-03-19,5.4,0–20,0.1964,0.0,0.0,0.0,0.0,0.0,0.0,0.2127,-0.067534,0,35.0,bottom 50%
BTCUSDT,2017-03-20,4.9,0–20,0.1595,0.0,0.0,0.0,0.0,0.0,0.0,0.249,-0.008025,0,32.8,bottom 50%
BTCUSDT,2017-03-21,0.6,0–20,0.0301,0.0,0.0,0.0,0.0,0.0,0.0,0.0,-0.065495,0,9.4,bottom 50%
BTCUSDT,2017-03-22,2.8,0–20,0.1413,0.0,0.0,0.0,0.0,0.0,0.0,0.0,-0.008741,0,22.5,bottom 50%
BTCUSDT,2017-03-23,3.1,0–20,0.1566,0.0,0.0,0.0,0.0,0.0,0.0,0.0,-0.011708,0,24.0,bottom 50%
BTCUSDT,2017-03-24,10.6,0–20,0.2882,0.0116,0.0,0.0,0.0,0.0,0.6683,0.0,0.143218,1,53.3,top 50%
BTCUSDT,2017-03-25,4.3,0–20,0.2169,0.0,0.0,0.0,0.0,0.0,0.0,0.0,0.110735,1,30.0,bottom 50%
BTCUSDT,2017-03-26,4.5,0–20,0.2248,0.0,0.0,0.0,0.0,0.0,0.0,0.0,0.140107,1,31.0,bottom 50%
BTCUSDT,2017-03-27,1.4,0–20,0.0721,0.0,0.0,0.0,0.0,0.0,0.0,0.0,0.093749,1,14.1,bottom 50%
BTCUSDT,2017-03-28,1.4,0–20,0.0696,0.0,0.0,0.0,0.0,0.0,0.0,0.0,0.082223,1,14.1,bottom 50%
BTCUSDT,2017-03-29,1.6,0–20,0.0816,0.0,0.0,0.0,0.0,0.0,0.0,0.0,0.08155,1,15.4,bottom 50%
BTCUSDT,2017-03-30,2.1,0–20,0.1051,0.0,0.0,0.0,0.0,0.0,0.0,0.0,0.152227,1,18.2,bottom 50%
BTCUSDT,2017-03-31,0.2,0–20,0.0117,0.0,0.0,0.0,0.0,0.0,0.0,0.0,0.09807,1,7.4,bottom 50%
BTCUSDT,2017-04-01,11.0,0–20,0.0,0.0,0.0,0.0,0.8454,0.0,0.0,0.0,0.088339,1,54.9,top 50%
BTCUSDT,2017-04-02,11.0,0–20,0.0,0.0,0.0,0.0,0.8454,0.0,0.0,0.0,0.077756,1,54.9,top 50%
BTCUSDT,2017-04-03,11.0,0–20,0.0,0.0,0.0,0.0,0.8454,0.0,0.0,0.0,0.037873,1,54.9,top 50%
BTCUSDT,2017-04-04,11.0,0–20,0.0,0.0,0.0,0.0,0.8454,0.0,0.0,0.0,0.063322,1,54.9,top 50%
BTCUSDT,2017-04-05,11.0,0–20,0.0,0.0,0.0,0.0,0.8454,0.0,0.0,0.0,0.067204,1,54.9,top 50%
BTCUSDT,2017-04-06,11.0,0–20,0.0,0.0,0.0,0.0,0.8454,0.0,0.0,0.0,-0.01133,0,54.9,top 50%
BTCUSDT,2017-04-07,15.9,0–20,0.0,0.0,0.0,0.0,0.8454,0.0,0.0,0.7037,-0.007953,0,85.6,top 25%
BTCUSDT,2017-04-08,14.7,0–20,0.0,0.0,0.0,0.0,0.8454,0.0,0.0,0.5309,-0.002917,0,78.4,top 25%
BTCUSDT,2017-04-09,13.7,0–20,0.0,0.0,0.0,0.0,0.8454,0.0,0.0,0.3928,-0.00415,0,71.5,top 50%
BTCUSDT,2017-04-10,11.1,0–20,0.0,0.0,0.0,0.0,0.8454,0.0,0.0,0.02,0.005711,1,55.9,top 50%
BTCUSDT,2017-04-11,15.5,0–20,0.0,0.0,0.0,0.0,0.8454,0.0,0.0,0.6484,0.005527,1,82.6,top 25%
BTCUSDT,2017-04-12,15.7,0–20,0.0,0.0,0.0,0.0,0.8454,0.0,0.0,0.6791,0.008264,1,84.2,top 25%
BTCUSDT,2017-04-13,18.0,0–20,0.0,0.0,0.0,0.0,0.8454,0.0,0.0,1.0,0.051143,1,92.0,top 10%
BTCUSDT,2017-04-14,18.0,0–20,0.0,0.0,0.0,0.0,0.8454,0.0,0.0,1.0,0.046688,1,92.0,top 10%
BTCUSDT,2017-04-15,18.0,0–20,0.0,0.0,0.0,0.0,0.8454,0.0,0.0,1.0,0.050481,1,92.0,top 10%
BTCUSDT,2017-04-16,16.2,0–20,0.0,0.0,0.0,0.0,0.8454,0.0,0.0,0.7474,0.020517,1,86.7,top 25%
BTCUSDT,2017-04-17,16.1,0–20,0.0,0.0,0.0,0.0,0.8454,0.0,0.0,0.7277,0.047106,1,86.3,top 25%
BTCUSDT,2017-04-18,15.5,0–20,0.0,0.0,0.0,0.0,0.8454,0.0,0.0,0.6442,0.044418,1,82.6,top 25%
BTCUSDT,2017-04-19,16.0,0–20,0.0,0.0,0.0,0.0,0.8454,0.0,0.0,0.7126,0.05849,1,85.9,top 25%
BTCUSDT,2017-04-20,14.4,0–20,0.0,0.0,0.0,0.0,0.8454,0.0,0.0,0.4926,0.072127,1,76.7,top 25%
BTCUSDT,2017-04-21,14.4,0–20,0.0,0.0,0.0,0.0,0.8454,0.0,0.0,0.4897,0.077272,1,76.7,top 25%
BTCUSDT,2017-04-22,14.0,0–20,0.0,0.0,0.0,0.0,0.8454,0.0,0.0,0.4294,0.073134,1,73.1,top 50%
BTCUSDT,2017-04-23,13.1,0–20,0.0,0.0,0.0,0.0,0.8454,0.0,0.0,0.2955,0.116533,1,67.8,top 50%
BTCUSDT,2017-04-24,13.4,0–20,0.0,0.0,0.0,0.0,0.8454,0.0,0.0,0.3511,0.137144,1,69.6,top 50%
BTCUSDT,2017-04-25,14.3,0–20,0.0,0.0,0.0,0.0,0.8454,0.0,0.0,0.4774,0.14803,1,75.4,top 25%
BTCUSDT,2017-04-26,12.2,0–20,0.0,0.0,0.0,0.0,0.8454,0.0,0.0,0.1745,0.163151,1,60.9,top 50%
BTCUSDT,2017-04-27,12.7,0–20,0.0,0.0,0.0,0.0,0.8454,0.0,0.0,0.2491,0.166908,1,64.5,top 50%
BTCUSDT,2017-04-28,12.0,0–20,0.0,0.0,0.0,0.0,0.8454,0.0,0.0,0.1449,0.181522,1,60.0,top 50%
BTCUSDT,2017-04-29,12.9,0–20,0.0,0.0,0.0,0.0,0.8454,0.0,0.0,0.2772,0.194441,1,65.5,top 50%
BTCUSDT,2017-04-30,13.5,0–20,0.0,0.0,0.0,0.0,0.8454,0.0,0.0,0.3515,0.1846,1,70.3,top 50%
BTCUSDT,2017-05-01,9.7,0–20,0.0,0.0,0.0,0.0,0.5591,0.0,0.0,0.3503,0.212261,1,51.4,top 50%
BTCUSDT,2017-05-02,11.0,0–20,0.0,0.0,0.0,0.0,0.5591,0.0,0.0,0.539,0.208243,1,54.9,top 50%
BTCUSDT,2017-05-03,12.3,0–20,0.0,0.0,0.0,0.0,0.5591,0.0,0.0,0.7125,0.199344,1,61.9,top 50%
BTCUSDT,2017-05-04,12.6,0–20,0.0,0.0,0.0,0.0,0.5591,0.0,0.0,0.7685,0.202189,1,63.9,top 50%
BTCUSDT,2017-05-05,13.3,0–20,0.0,0.0,0.0,0.0,0.5591,0.0,0.0,0.863,0.108515,1,69.0,top 50%
BTCUSDT,2017-05-06,14.3,0–20,0.0,0.0,0.0,0.0,0.5591,0.0,0.0,1.0,0.143216,1,75.4,top 25%
BTCUSDT,2017-05-07,14.3,0–20,0.0,0.0,0.0,0.0,0.5591,0.0,0.0,1.0,0.132898,1,75.4,top 25%
BTCUSDT,2017-05-08,14.3,0–20,0.0,0.0,0.0,0.0,0.5591,0.0,0.0,1.0,0.00875,1,75.4,top 25%
BTCUSDT,2017-05-09,14.3,0–20,0.0,0.0,0.0,0.0,0.5591,0.0,0.0,1.0,-0.011912,0,75.4,top 25%
BTCUSDT,2017-05-10,14.3,0–20,0.0,0.0,0.0,0.0,0.5591,0.0,0.0,1.0,0.029075,1,75.4,top 25%
BTCUSDT,2017-05-11,14.3,0–20,0.0,0.0,0.0,0.0,0.5591,0.0,0.0,1.0,0.021682,1,75.4,top 25%
BTCUSDT,2017-05-12,14.3,0–20,0.0,0.0,0.0,0.0,0.5591,0.0,0.0,1.0,0.152804,1,75.4,top 25%
BTCUSDT,2017-05-13,14.3,0–20,0.0,0.0,0.0,0.0,0.5591,0.0,0.0,1.0,0.155033,1,75.4,top 25%
BTCUSDT,2017-05-14,14.3,0–20,0.0,0.0,0.0,0.0,0.5591,0.0,0.0,1.0,0.128414,1,75.4,top 25%
BTCUSDT,2017-05-15,14.3,0–20,0.0,0.0,0.0,0.0,0.5591,0.0,0.0,1.0,0.250208,1,75.4,top 25%
BTCUSDT,2017-05-16,14.3,0–20,0.0,0.0,0.0,0.0,0.5591,0.0,0.0,1.0,0.337842,1,75.4,top 25%
BTCUSDT,2017-05-17,14.3,0–20,0.0,0.0,0.0,0.0,0.5591,0.0,0.0,1.0,0.328722,1,75.4,top 25%
BTCUSDT,2017-05-18,14.3,0–20,0.0,0.0,0.0,0.0,0.5591,0.0,0.0,1.0,0.220438,1,75.4,top 25%
BTCUSDT,2017-05-19,14.3,0–20,0.0,0.0,0.0,0.0,0.5591,0.0,0.0,1.0,0.108019,1,75.4,top 25%
BTCUSDT,2017-05-20,14.3,0–20,0.0,0.0,0.0,0.0,0.5591,0.0,0.0,1.0,-0.021998,0,75.4,top 25%
BTCUSDT,2017-05-21,14.3,0–20,0.0,0.0,0.0,0.0,0.5591,0.0,0.0,1.0,0.056143,1,75.4,top 25%
BTCUSDT,2017-05-22,14.3,0–20,0.0,0.0,0.0,0.0,0.5591,0.0,0.0,1.0,0.037826,1,75.4,top 25%
BTCUSDT,2017-05-23,14.3,0–20,0.0,0.0,0.0,0.0,0.5591,0.0,0.0,1.0,-0.062467,0,75.4,top 25%
BTCUSDT,2017-05-24,14.3,0–20,0.0,0.0,0.0,0.0,0.5591,0.0,0.0,1.0,-0.064343,0,75.4,top 25%
BTCUSDT,2017-05-25,14.3,0–20,0.0,0.0,0.0,0.0,0.5591,0.0,0.0,1.0,0.044642,1,75.4,top 25%
BTCUSDT,2017-05-26,17.2,0–20,0.0,0.0,0.0,0.0,0.5591,0.0,0.4129,1.0,0.129916,1,89.8,top 25%
BTCUSDT,2017-05-27,19.2,0–20,0.0,0.0,0.0,0.0,0.5591,0.0,0.711,1.0,0.233698,1,95.0,top 10%
BTCUSDT,2017-05-28,14.3,0–20,0.0,0.0,0.0,0.0,0.5591,0.0,0.0,1.0,0.165141,1,75.4,top 25%
BTCUSDT,2017-05-29,14.3,0–20,0.0,0.0,0.0,0.0,0.5591,0.0,0.0,1.0,0.191168,1,75.4,top 25%
BTCUSDT,2017-05-30,14.3,0–20,0.0,0.0,0.0,0.0,0.5591,0.0,0.0,1.0,0.316129,1,75.4,top 25%
BTCUSDT,2017-05-31,14.2,0–20,0.0,0.0,0.0,0.0,0.5591,0.0,0.0,0.9936,0.194956,1,74.2,top 50%
BTCUSDT,2017-06-01,7.0,0–20,0.0,0.0,0.0,0.0,0.0,0.0,0.0,1.0,0.165183,1,41.8,bottom 50%
BTCUSDT,2017-06-02,7.0,0–20,0.0,0.0,0.0,0.0,0.0,0.0,0.0,1.0,0.134721,1,41.8,bottom 50%
BTCUSDT,2017-06-03,7.0,0–20,0.0,0.0,0.0,0.0,0.0,0.0,0.0,1.0,0.171889,1,41.8,bottom 50%
BTCUSDT,2017-06-04,7.0,0–20,0.0,0.0,0.0,0.0,0.0,0.0,0.0,1.0,0.177681,1,41.8,bottom 50%
BTCUSDT,2017-06-05,7.0,0–20,0.0,0.0,0.0,0.0,0.0,0.0,0.0,1.0,-0.010116,0,41.8,bottom 50%
BTCUSDT,2017-06-06,7.0,0–20,0.0,0.0,0.0,0.0,0.0,0.0,0.0,1.0,-0.051055,0,41.8,bottom 50%
BTCUSDT,2017-06-07,7.0,0–20,0.0,0.0,0.0,0.0,0.0,0.0,0.0,1.0,-0.082642,0,41.8,bottom 50%
BTCUSDT,2017-06-08,7.0,0–20,0.0,0.0,0.0,0.0,0.0,0.0,0.0,1.0,-0.121556,0,41.8,bottom 50%
BTCUSDT,2017-06-09,7.0,0–20,0.0,0.0,0.0,0.0,0.0,0.0,0.0,1.0,-0.108099,0,41.8,bottom 50%
BTCUSDT,2017-06-10,7.0,0–20,0.0,0.0,0.0,0.0,0.0,0.0,0.0,1.0,-0.099002,0,41.8,bottom 50%
BTCUSDT,2017-06-11,7.0,0–20,0.0,0.0,0.0,0.0,0.0,0.0,0.0,1.0,-0.138541,0,41.8,bottom 50%
BTCUSDT,2017-06-12,9.3,0–20,0.0,0.0,0.0,0.0,0.0,0.0,0.4647,0.8637,-0.026331,0,50.4,top 50%
BTCUSDT,2017-06-13,5.0,0–20,0.0,0.0,0.0,0.0,0.0,0.0,0.0,0.7173,0.001756,1,33.4,bottom 50%
BTCUSDT,2017-06-14,7.0,0–20,0.0,0.0,0.0,0.0,0.0,0.0,0.0,0.9989,0.072906,1,41.8,bottom 50%
BTCUSDT,2017-06-15,7.0,0–20,0.0,0.0,0.0,0.0,0.0,0.0,0.0,1.0,0.097716,1,41.8,bottom 50%
BTCUSDT,2017-06-16,7.0,0–20,0.0,0.0,0.0,0.0,0.0,0.0,0.0,1.0,0.089873,1,41.8,bottom 50%
BTCUSDT,2017-06-17,7.0,0–20,0.0,0.0,0.0,0.0,0.0,0.0,0.0,1.0,-0.017757,0,41.8,bottom 50%
BTCUSDT,2017-06-18,6.7,0–20,0.0,0.0,0.0,0.0,0.0,0.0,0.0,0.9593,0.016136,1,38.7,bottom 50%
BTCUSDT,2017-06-19,5.5,0–20,0.0,0.0,0.0,0.0,0.0,0.0,0.0,0.7858,-0.042922,0,35.4,bottom 50%
BTCUSDT,2017-06-20,3.0,0–20,0.0,0.0,0.0,0.0,0.0,0.0,0.0,0.4303,-0.062216,0,23.4,bottom 50%
BTCUSDT,2017-06-21,1.7,0–20,0.0,0.0,0.0,0.0,0.0,0.0,0.0,0.2454,-0.042509,0,16.0,bottom 50%
BTCUSDT,2017-06-22,2.4,0–20,0.0,0.0,0.0,0.0,0.0,0.0,0.0,0.3425,-0.061392,0,20.3,bottom 50%
BTCUSDT,2017-06-23,0.5,0–20,0.0,0.0,0.0,0.0,0.0,0.0,0.0,0.0705,-0.096203,0,8.9,bottom 50%
BTCUSDT,2017-06-24,1.1,0–20,0.0,0.0,0.0,0.0,0.0,0.0,0.0,0.156,-0.066765,0,12.2,bottom 50%
BTCUSDT,2017-06-25,0.4,0–20,0.0,0.0,0.0,0.0,0.0,0.0,0.0,0.0619,-0.03203,0,8.4,bottom 50%
BTCUSDT,2017-06-26,1.2,0–20,0.059,0.0,0.0,0.0,0.0,0.0,0.0,0.0,0.034542,1,12.8,bottom 50%
BTCUSDT,2017-06-27,0.0,0–20,0.0,0.0,0.0,0.0,0.0,0.0,0.0,0.0,0.019272,1,3.4,bottom 50%
BTCUSDT,2017-06-28,0.0,0–20,0.0,0.0,0.0,0.0,0.0,0.0,0.0,0.0,0.010564,1,3.4,bottom 50%
BTCUSDT,2017-06-29,0.1,0–20,0.0071,0.0,0.0,0.0,0.0,0.0,0.0,0.0,0.027267,1,7.0,bottom 50%
BTCUSDT,2017-06-30,1.2,0–20,0.0617,0.0,0.0,0.0,0.0,0.0,0.0,0.0,0.015245,1,12.8,bottom 50%
BTCUSDT,2017-07-01,14.4,0–20,0.1038,0.0,0.0,0.0,0.9458,0.0,0.0,0.0,0.056187,1,76.7,top 25%
BTCUSDT,2017-07-02,12.8,0–20,0.0268,0.0,0.0,0.0,0.9458,0.0,0.0,0.0,0.004776,1,65.0,top 50%
BTCUSDT,2017-07-03,12.3,0–20,0.0,0.0,0.0,0.0,0.9458,0.0,0.0,0.0,-0.074686,0,61.9,top 50%
BTCUSDT,2017-07-04,12.8,0–20,0.0,0.0,0.0,0.0,0.9458,0.0,0.0,0.0673,-0.101417,0,65.0,top 50%
BTCUSDT,2017-07-05,12.5,0–20,0.0,0.0,0.0,0.0,0.9458,0.0,0.0,0.0346,-0.078075,0,63.4,top 50%
BTCUSDT,2017-07-06,12.3,0–20,0.0,0.0,0.0,0.0,0.9458,0.0,0.0,0.0,-0.096091,0,61.9,top 50%
BTCUSDT,2017-07-07,13.0,0–20,0.0337,0.0,0.0,0.0,0.9458,0.0,0.0,0.0,-0.113282,0,66.6,top 50%
BTCUSDT,2017-07-08,12.5,0–20,0.0,0.0,0.0,0.0,0.9458,0.0,0.0,0.031,-0.222639,0,63.4,top 50%
BTCUSDT,2017-07-09,13.1,0–20,0.0343,0.0,0.0,0.0,0.9458,0.0,0.0,0.0225,-0.233724,0,67.8,top 50%
BTCUSDT,2017-07-10,16.6,0–20,0.1833,0.0437,0.0,0.0,0.9458,0.0,0.0,0.0,-0.060757,0,88.0,top 25%
BTCUSDT,2017-07-11,20.3,20–40,0.2144,0.0436,0.0,0.0,0.9458,0.0,0.4306,0.0,-0.008089,0,97.3,top 10%
BTCUSDT,2017-07-12,15.0,0–20,0.1328,0.0,0.0,0.0,0.9458,0.0,0.0,0.0,-0.052279,0,80.0,top 25%
BTCUSDT,2017-07-13,15.8,0–20,0.1729,0.0,0.0,0.0,0.9458,0.0,0.0,0.0,0.194962,1,85.3,top 25%
BTCUSDT,2017-07-14,20.3,20–40,0.2818,0.1571,0.0,0.0,0.9458,0.0,0.0,0.0,0.194516,1,97.3,top 10%
BTCUSDT,2017-07-15,26.5,20–40,0.4331,0.3672,0.0,0.0,0.9458,0.0,0.0,0.0,0.405861,1,99.6,top 10%
BTCUSDT,2017-07-16,24.9,20–40,0.4686,0.2152,0.0,0.0,0.9458,0.0,0.0,0.0,0.414847,1,99.3,top 10%
BTCUSDT,2017-07-17,15.0,0–20,0.137,0.0,0.0,0.0,0.9458,0.0,0.0,0.0,0.236245,1,80.0,top 25%
BTCUSDT,2017-07-18,13.5,0–20,0.059,0.0,0.0,0.0,0.9458,0.0,0.0,0.0,0.111088,1,70.3,top 50%
BTCUSDT,2017-07-19,14.1,0–20,0.0927,0.0,0.0,0.0,0.9458,0.0,0.0,0.0,0.112614,1,73.6,top 50%
BTCUSDT,2017-07-20,12.3,0–20,0.0,0.0,0.0,0.0,0.9458,0.0,0.0,0.0,-0.051753,0,61.9,top 50%
BTCUSDT,2017-07-21,12.3,0–20,0.0,0.0,0.0,0.0,0.9458,0.0,0.0,0.0,0.052947,1,61.9,top 50%
BTCUSDT,2017-07-22,12.3,0–20,0.0,0.0,0.0,0.0,0.9458,0.0,0.0,0.0,-0.029775,0,61.9,top 50%
BTCUSDT,2017-07-23,12.3,0–20,0.0,0.0,0.0,0.0,0.9458,0.0,0.0,0.0,0.009808,1,61.9,top 50%
BTCUSDT,2017-07-24,12.3,0–20,0.0,0.0,0.0,0.0,0.9458,0.0,0.0,0.0,0.043734,1,61.9,top 50%
BTCUSDT,2017-07-25,14.9,0–20,0.0,0.0,0.0,0.0,0.9458,0.0,0.0,0.3789,0.055029,1,79.4,top 25%
BTCUSDT,2017-07-26,13.0,0–20,0.0,0.0,0.0,0.0,0.9458,0.0,0.0,0.1076,0.071644,1,66.6,top 50%
BTCUSDT,2017-07-27,16.1,0–20,0.0,0.0,0.0,0.0,0.9458,0.0,0.0,0.5501,0.049761,1,86.3,top 25%
BTCUSDT,2017-07-28,14.5,0–20,0.0,0.0,0.0,0.0,0.9458,0.0,0.0,0.3182,0.030929,1,77.3,top 25%
BTCUSDT,2017-07-29,15.5,0–20,0.0,0.0,0.0,0.0,0.9458,0.0,0.0,0.4645,0.193094,1,82.6,top 25%
BTCUSDT,2017-07-30,15.5,0–20,0.0,0.0,0.0,0.0,0.9458,0.0,0.0,0.4599,0.165662,1,82.6,top 25%
BTCUSDT,2017-07-31,15.6,0–20,0.0,0.0,0.0,0.0,0.9458,0.0,0.0,0.466,0.175144,1,83.1,top 25%
BTCUSDT,2017-08-01,4.1,0–20,0.0,0.0,0.0,0.0,0.0,0.0,0.0,0.5788,0.258136,1,29.3,bottom 50%
BTCUSDT,2017-08-02,6.5,0–20,0.0,0.0,0.0,0.0,0.0,0.0,0.0,0.9231,0.233079,1,38.3,bottom 50%
BTCUSDT,2017-08-03,7.0,0–20,0.0,0.0,0.0,0.0,0.0,0.0,0.0,1.0,0.205563,1,41.8,bottom 50%
BTCUSDT,2017-08-04,7.0,0–20,0.0,0.0,0.0,0.0,0.0,0.0,0.0,1.0,0.260621,1,41.8,bottom 50%
BTCUSDT,2017-08-05,7.0,0–20,0.0,0.0,0.0,0.0,0.0,0.0,0.0,1.0,0.194226,1,41.8,bottom 50%
BTCUSDT,2017-08-06,7.0,0–20,0.0,0.0,0.0,0.0,0.0,0.0,0.0,1.0,0.267373,1,41.8,bottom 50%
BTCUSDT,2017-08-07,7.0,0–20,0.0,0.0,0.0,0.0,0.0,0.0,0.0,1.0,0.280026,1,41.8,bottom 50%
BTCUSDT,2017-08-08,7.0,0–20,0.0,0.0,0.0,0.0,0.0,0.0,0.0,1.0,0.222808,1,41.8,bottom 50%
BTCUSDT,2017-08-09,1.1,0–20,0.0,0.0,0.0,0.0,0.0,0.0,0.0,0.1604,0.3094,1,12.2,bottom 50%
BTCUSDT,2017-08-10,7.0,0–20,0.0,0.0,0.0,0.0,0.0,0.0,0.0,1.0,0.28108,1,41.8,bottom 50%
BTCUSDT,2017-08-11,5.7,0–20,0.0,0.0,0.0,0.0,0.0,0.0,0.0,0.8161,0.139702,1,36.1,bottom 50%
BTCUSDT,2017-08-12,7.0,0–20,0.0,0.0,0.0,0.0,0.0,0.0,0.0,1.0,0.07954,1,41.8,bottom 50%
BTCUSDT,2017-08-13,7.0,0–20,0.0,0.0,0.0,0.0,0.0,0.0,0.0,1.0,0.003535,1,41.8,bottom 50%
BTCUSDT,2017-08-14,7.0,0–20,0.0,0.0,0.0,0.0,0.0,0.0,0.0,1.0,-0.07477,0,41.8,bottom 50%
BTCUSDT,2017-08-15,7.0,0–20,0.0,0.0,0.0,0.0,0.0,0.0,0.0,1.0,-0.019467,0,41.8,bottom 50%
BTCUSDT,2017-08-16,7.0,0–20,0.0,0.0,0.0,0.0,0.0,0.0,0.0,1.0,-0.051435,0,41.8,bottom 50%
BTCUSDT,2017-08-17,7.0,0–20,0.0,0.0,0.0,0.0,0.0,0.0,0.0,1.0,0.00069,1,41.8,bottom 50%
BTCUSDT,2017-08-18,7.0,0–20,0.0,0.0,0.0,0.0,0.0,0.0,0.0,1.0,0.050709,1,41.8,bottom 50%
BTCUSDT,2017-08-19,9.8,0–20,0.0,0.0,0.0,0.0,0.0,0.0,0.404,1.0,0.037842,1,51.7,top 50%
BTCUSDT,2017-08-20,7.0,0–20,0.0,0.0,0.0,0.0,0.0,0.0,0.0,1.0,0.072222,1,41.8,bottom 50%
BTCUSDT,2017-08-21,9.1,0–20,0.0,0.0,0.0,0.0,0.0,0.0,0.2986,1.0,0.095189,1,49.9,bottom 50%
BTCUSDT,2017-08-22,10.0,0–20,0.0,0.0,0.0,0.0,0.0,0.0,0.4297,1.0,0.116693,1,52.1,top 50%
BTCUSDT,2017-08-23,7.0,0–20,0.0,0.0,0.0,0.0,0.0,0.0,0.0,1.0,0.099669,1,41.8,bottom 50%
BTCUSDT,2017-08-24,7.0,0–20,0.0,0.0,0.0,0.0,0.0,0.0,0.0,1.0,0.08506,1,41.8,bottom 50%
BTCUSDT,2017-08-25,7.0,0–20,0.0,0.0,0.0,0.0,0.0,0.0,0.0,1.0,0.119043,1,41.8,bottom 50%
BTCUSDT,2017-08-26,7.0,0–20,0.0,0.0,0.0,0.0,0.0,0.0,0.0,1.0,0.05201,1,41.8,bottom 50%
BTCUSDT,2017-08-27,7.0,0–20,0.0,0.0,0.0,0.0,0.0,0.0,0.0,1.0,0.04565,1,41.8,bottom 50%
BTCUSDT,2017-08-28,7.0,0–20,0.0,0.0,0.0,0.0,0.0,0.0,0.0,1.0,-0.033393,0,41.8,bottom 50%
BTCUSDT,2017-08-29,7.0,0–20,0.0,0.0,0.0,0.0,0.0,0.0,0.0,1.0,-0.044221,0,41.8,bottom 50%
BTCUSDT,2017-08-30,7.0,0–20,0.0,0.0,0.0,0.0,0.0,0.0,0.0,1.0,0.00697,1,41.8,bottom 50%
BTCUSDT,2017-08-31,7.0,0–20,0.0,0.0,0.0,0.0,0.0,0.0,0.0,1.0,-0.022008,0,41.8,bottom 50%
BTCUSDT,2017-09-01,5.0,0–20,0.0,0.0,0.0,0.0,0.0,0.0,0.0,0.7157,-0.13558,0,33.4,bottom 50%
BTCUSDT,2017-09-02,2.8,0–20,0.0,0.0,0.0,0.0,0.0,0.0,0.0,0.3968,-0.077032,0,22.5,bottom 50%
BTCUSDT,2017-09-03,2.1,0–20,0.0,0.0,0.0,0.0,0.0,0.0,0.0,0.2938,-0.100376,0,18.2,bottom 50%
BTCUSDT,2017-09-04,3.0,0–20,0.0,0.0,0.0,0.0,0.0,0.0,0.0,0.4253,-0.017714,0,23.4,bottom 50%
BTCUSDT,2017-09-05,2.4,0–20,0.0,0.0,0.0,0.0,0.0,0.0,0.0,0.3474,-0.056145,0,20.3,bottom 50%
BTCUSDT,2017-09-06,4.3,0–20,0.0,0.0,0.0,0.0,0.0,0.0,0.0,0.6078,-0.15543,0,30.0,bottom 50%
BTCUSDT,2017-09-07,3.5,0–20,0.0,0.0,0.0,0.0,0.0,0.0,0.0,0.5048,-0.314123,0,26.1,bottom 50%
BTCUSDT,2017-09-08,3.0,0–20,0.0026,0.0,0.0,0.0,0.0,0.0,0.0,0.4282,-0.139812,0,23.4,bottom 50%
BTCUSDT,2017-09-09,1.3,0–20,0.004,0.0,0.0,0.0,0.0,0.0,0.0,0.1814,-0.142218,0,13.4,bottom 50%
BTCUSDT,2017-09-10,4.3,0–20,0.0593,0.0,0.0,0.0,0.0,0.0,0.0,0.4411,-0.130989,0,30.0,bottom 50%
BTCUSDT,2017-09-11,4.6,0–20,0.0363,0.0,0.0,0.0,0.0,0.0,0.0,0.5481,-0.023087,0,31.5,bottom 50%
BTCUSDT,2017-09-12,4.5,0–20,0.0539,0.0,0.0,0.0,0.0,0.0,0.0,0.4849,-0.04983,0,31.0,bottom 50%
BTCUSDT,2017-09-13,4.4,0–20,0.1846,0.0462,0.0,0.0,0.0,0.0,0.0,0.0,0.006017,1,30.5,bottom 50%
BTCUSDT,2017-09-14,14.7,0–20,0.4323,0.4041,0.0,0.0,0.0,0.0,0.0,0.0,0.150903,1,78.4,top 25%
BTCUSDT,2017-09-15,9.0,0–20,0.177,0.0,0.0,0.0,0.0,0.0,0.7781,0.0,-0.001875,0,49.7,bottom 50%
BTCUSDT,2017-09-16,3.6,0–20,0.181,0.0,0.0,0.0,0.0,0.0,0.0,0.0,0.046168,1,26.7,bottom 50%
BTCUSDT,2017-09-17,3.9,0–20,0.1955,0.0,0.0,0.0,0.0,0.0,0.0,0.0,0.027899,1,28.3,bottom 50%
BTCUSDT,2017-09-18,0.0,0–20,0.0,0.0,0.0,0.0,0.0,0.0,0.0,0.0,-0.034225,0,3.4,bottom 50%
BTCUSDT,2017-09-19,0.7,0–20,0.0358,0.0,0.0,0.0,0.0,0.0,0.0,0.0,-0.008311,0,9.9,bottom 50%
BTCUSDT,2017-09-20,0.9,0–20,0.0432,0.0,0.0,0.0,0.0,0.0,0.0,0.0,0.075454,1,11.0,bottom 50%
BTCUSDT,2017-09-21,2.9,0–20,0.1454,0.0,0.0,0.0,0.0,0.0,0.0,0.0,0.149734,1,22.9,bottom 50%
BTCUSDT,2017-09-22,2.9,0–20,0.1455,0.0,0.0,0.0,0.0,0.0,0.0,0.0,0.14663,1,22.9,bottom 50%
BTCUSDT,2017-09-23,1.4,0–20,0.0678,0.0,0.0,0.0,0.0,0.0,0.0,0.0,0.144054,1,14.1,bottom 50%
BTCUSDT,2017-09-24,2.2,0–20,0.1117,0.0,0.0,0.0,0.0,0.0,0.0,0.0,0.195746,1,18.8,bottom 50%
BTCUSDT,2017-09-25,0.0,0–20,0.0,0.0,0.0,0.0,0.0,0.0,0.0,0.0,0.123087,1,3.4,bottom 50%
BTCUSDT,2017-09-26,0.3,0–20,0.014,0.0,0.0,0.0,0.0,0.0,0.0,0.0,0.109222,1,7.9,bottom 50%
BTCUSDT,2017-09-27,0.0,0–20,0.0,0.0,0.0,0.0,0.0,0.0,0.0,0.0,0.00683,1,3.4,bottom 50%
BTCUSDT,2017-09-28,0.0,0–20,0.0,0.0,0.0,0.0,0.0,0.0,0.0,0.0,0.036812,1,3.4,bottom 50%
BTCUSDT,2017-09-29,0.0,0–20,0.0,0.0,0.0,0.0,0.0,0.0,0.0,0.0,0.049901,1,3.4,bottom 50%
BTCUSDT,2017-09-30,0.0,0–20,0.0,0.0,0.0,0.0,0.0,0.0,0.0,0.0,0.020324,1,3.4,bottom 50%
BTCUSDT,2017-10-01,13.0,0–20,0.0,0.0,0.0,0.0,1.0,0.0,0.0,0.0,0.046946,1,66.6,top 50%
BTCUSDT,2017-10-02,13.6,0–20,0.0,0.0,0.0,0.0,1.0,0.0,0.0,0.0888,0.082258,1,70.9,top 50%
BTCUSDT,2017-10-03,15.7,0–20,0.0,0.0,0.0,0.0,1.0,0.0,0.0,0.3891,0.107588,1,84.2,top 25%
BTCUSDT,2017-10-04,20.0,20–40,0.0,0.0,0.0,0.0,1.0,0.0,0.0,1.0,0.141185,1,96.6,top 10%
BTCUSDT,2017-10-05,19.7,0–20,0.0,0.0,0.0,0.0,1.0,0.0,0.0,0.9615,0.258409,1,95.9,top 10%
BTCUSDT,2017-10-06,20.0,20–40,0.0,0.0,0.0,0.0,1.0,0.0,0.0,1.0,0.292028,1,96.6,top 10%
BTCUSDT,2017-10-07,20.0,20–40,0.0,0.0,0.0,0.0,1.0,0.0,0.0,1.0,0.317356,1,96.6,top 10%
BTCUSDT,2017-10-08,15.3,0–20,0.0,0.0,0.0,0.0,1.0,0.0,0.0,0.3313,0.231583,1,81.7,top 25%
BTCUSDT,2017-10-09,16.1,0–20,0.0,0.0,0.0,0.0,1.0,0.0,0.0,0.4375,0.199825,1,86.3,top 25%
BTCUSDT,2017-10-10,17.2,0–20,0.0,0.0,0.0,0.0,1.0,0.0,0.0,0.5975,0.172213,1,89.8,top 25%
BTCUSDT,2017-10-11,20.0,20–40,0.0,0.0,0.0,0.0,1.0,0.0,0.0,1.0,0.158337,1,96.6,top 10%
BTCUSDT,2017-10-12,20.0,20–40,0.0,0.0,0.0,0.0,1.0,0.0,0.0,1.0,0.048029,1,96.6,top 10%
BTCUSDT,2017-10-13,20.0,20–40,0.0,0.0,0.0,0.0,1.0,0.0,0.0,1.0,0.064499,1,96.6,top 10%
BTCUSDT,2017-10-14,20.0,20–40,0.0,0.0,0.0,0.0,1.0,0.0,0.0,1.0,0.034262,1,96.6,top 10%
BTCUSDT,2017-10-15,20.0,20–40,0.0,0.0,0.0,0.0,1.0,0.0,0.0,1.0,0.058158,1,96.6,top 10%
BTCUSDT,2017-10-16,20.0,20–40,0.0,0.0,0.0,0.0,1.0,0.0,0.0,1.0,0.035757,1,96.6,top 10%
BTCUSDT,2017-10-17,20.0,20–40,0.0,0.0,0.0,0.0,1.0,0.0,0.0,1.0,-0.01407,0,96.6,top 10%
BTCUSDT,2017-10-18,20.0,20–40,0.0,0.0,0.0,0.0,1.0,0.0,0.0,1.0,0.028639,1,96.6,top 10%
BTCUSDT,2017-10-19,20.0,20–40,0.0,0.0,0.0,0.0,1.0,0.0,0.0,1.0,0.034389,1,96.6,top 10%
BTCUSDT,2017-10-20,20.0,20–40,0.0,0.0,0.0,0.0,1.0,0.0,0.0,1.0,-0.038352,0,96.6,top 10%
BTCUSDT,2017-10-21,20.0,20–40,0.0,0.0,0.0,0.0,1.0,0.0,0.0,1.0,-0.046175,0,96.6,top 10%
BTCUSDT,2017-10-22,20.0,20–40,0.0,0.0,0.0,0.0,1.0,0.0,0.0,1.0,0.024204,1,96.6,top 10%
BTCUSDT,2017-10-23,20.0,20–40,0.0,0.0,0.0,0.0,1.0,0.0,0.0,1.0,0.03376,1,96.6,top 10%
BTCUSDT,2017-10-24,23.2,20–40,0.0,0.0,0.0,0.0,1.0,0.0,0.452,1.0,0.170404,1,98.7,top 10%
BTCUSDT,2017-10-25,20.0,20–40,0.0,0.0,0.0,0.0,1.0,0.0,0.0,1.0,0.17676,1,96.6,top 10%
BTCUSDT,2017-10-26,20.0,20–40,0.0,0.0,0.0,0.0,1.0,0.0,0.0,1.0,0.198764,1,96.6,top 10%
BTCUSDT,2017-10-27,20.0,20–40,0.0,0.0,0.0,0.0,1.0,0.0,0.0,1.0,0.246823,1,96.6,top 10%
BTCUSDT,2017-10-28,20.0,20–40,0.0,0.0,0.0,0.0,1.0,0.0,0.0,1.0,0.28278,1,96.6,top 10%
BTCUSDT,2017-10-29,19.2,0–20,0.0,0.0,0.0,0.0,1.0,0.0,0.0,0.8804,0.203703,1,95.0,top 10%
BTCUSDT,2017-10-30,20.0,20–40,0.0,0.0,0.0,0.0,1.0,0.0,0.0,1.0,0.145539,1,96.6,top 10%
BTCUSDT,2017-10-31,20.0,20–40,0.0,0.0,0.0,0.0,1.0,0.0,0.0,1.0,0.104505,1,96.6,top 10%
BTCUSDT,2017-11-01,11.2,0–20,0.0,0.0,0.0,0.0,0.6693,0.0,0.0,0.3589,0.102312,1,56.2,top 50%
BTCUSDT,2017-11-02,9.5,0–20,0.0,0.0,0.0,0.0,0.6693,0.0,0.0,0.1153,0.009194,1,50.8,top 50%
BTCUSDT,2017-11-03,11.0,0–20,0.0,0.0,0.0,0.0,0.6693,0.0,0.0,0.3234,-0.081803,0,54.9,top 50%
BTCUSDT,2017-11-04,12.1,0–20,0.0,0.0,0.0,0.0,0.6693,0.0,0.0,0.4795,-0.138531,0,60.5,top 50%
BTCUSDT,2017-11-05,13.9,0–20,0.0,0.0,0.0,0.0,0.6693,0.0,0.0,0.7428,-0.196741,0,72.6,top 50%
BTCUSDT,2017-11-06,15.7,0–20,0.0,0.0,0.0,0.0,0.6693,0.0,0.0,1.0,-0.065967,0,84.2,top 25%
BTCUSDT,2017-11-07,15.7,0–20,0.0,0.0,0.0,0.0,0.6693,0.0,0.0,1.0,-0.071193,0,84.2,top 25%
BTCUSDT,2017-11-08,15.7,0–20,0.0,0.0,0.0,0.0,0.6693,0.0,0.0,1.0,-0.019324,0,84.2,top 25%
BTCUSDT,2017-11-09,15.7,0–20,0.0,0.0,0.0,0.0,0.6693,0.0,0.0,1.0,0.101925,1,84.2,top 25%
BTCUSDT,2017-11-10,20.3,20–40,0.0,0.0,0.0,0.0,0.6693,0.0,0.6622,1.0,0.164827,1,97.3,top 10%
BTCUSDT,2017-11-11,19.6,0–20,0.0023,0.0,0.0,0.0,0.6693,0.0,0.7865,0.7641,0.225329,1,95.8,top 10%
BTCUSDT,2017-11-12,24.2,20–40,0.125,0.0,0.0,0.0,0.6693,0.0,1.0,0.8525,0.350655,1,99.1,top 10%
BTCUSDT,2017-11-13,15.7,0–20,0.0,0.0,0.0,0.0,0.6693,0.0,0.0,1.0,0.250195,1,84.2,top 25%
BTCUSDT,2017-11-14,15.7,0–20,0.0,0.0,0.0,0.0,0.6693,0.0,0.0,1.0,0.21633,1,84.2,top 25%
BTCUSDT,2017-11-15,13.4,0–20,0.0,0.0,0.0,0.0,0.6693,0.0,0.0,0.6677,0.128222,1,69.6,top 50%
BTCUSDT,2017-11-16,13.0,0–20,0.0,0.0,0.0,0.0,0.6693,0.0,0.0,0.6176,0.021225,1,66.6,top 50%
BTCUSDT,2017-11-17,10.3,0–20,0.0,0.0,0.0,0.0,0.6693,0.0,0.0,0.2218,0.070658,1,52.7,top 50%
BTCUSDT,2017-11-18,11.4,0–20,0.0,0.0,0.0,0.0,0.6693,0.0,0.0,0.3914,0.128466,1,56.8,top 50%
BTCUSDT,2017-11-19,12.2,0–20,0.0,0.0,0.0,0.0,0.6693,0.0,0.0,0.499,0.161023,1,60.9,top 50%
BTCUSDT,2017-11-20,13.8,0–20,0.0,0.0,0.0,0.0,0.6693,0.0,0.0,0.7341,0.197266,1,72.1,top 50%
BTCUSDT,2017-11-21,14.6,0–20,0.0,0.0,0.0,0.0,0.6693,0.0,0.0,0.8367,0.246249,1,77.8,top 25%
BTCUSDT,2017-11-22,12.0,0–20,0.0,0.0,0.0,0.0,0.6693,0.0,0.0,0.4768,0.198104,1,60.0,top 50%
BTCUSDT,2017-11-23,11.6,0–20,0.0,0.0,0.0,0.0,0.6693,0.0,0.0,0.4169,0.273031,1,57.5,top 50%
BTCUSDT,2017-11-24,11.9,0–20,0.0,0.0,0.0,0.0,0.6693,0.0,0.0,0.4568,0.329781,1,59.5,top 50%
BTCUSDT,2017-11-25,12.7,0–20,0.0,0.0,0.0,0.0,0.6693,0.0,0.0,0.574,0.259777,1,64.5,top 50%
BTCUSDT,2017-11-26,14.7,0–20,0.0,0.0,0.0,0.0,0.6693,0.0,0.0,0.863,0.213562,1,78.4,top 25%
BTCUSDT,2017-11-27,15.2,0–20,0.0,0.0,0.0,0.0,0.6693,0.0,0.0,0.9234,0.187287,1,81.3,top 25%
BTCUSDT,2017-11-28,12.1,0–20,0.0,0.0,0.0,0.0,0.6693,0.0,0.0,0.4857,0.184704,1,60.5,top 50%
BTCUSDT,2017-11-29,15.2,0–20,0.0,0.0,0.0,0.0,0.6693,0.0,0.0,0.9309,0.445249,1,81.3,top 25%
BTCUSDT,2017-11-30,15.7,0–20,0.0,0.0,0.0,0.0,0.6693,0.0,0.0,1.0,0.749111,1,84.2,top 25%
BTCUSDT,2017-12-01,7.0,0–20,0.0,0.0,0.0,0.0,0.0,0.0,0.0,1.0,0.509658,1,41.8,bottom 50%
BTCUSDT,2017-12-02,7.0,0–20,0.0,0.0,0.0,0.0,0.0,0.0,0.0,1.0,0.370542,1,41.8,bottom 50%
BTCUSDT,2017-12-03,7.0,0–20,0.0,0.0,0.0,0.0,0.0,0.0,0.0,1.0,0.364932,1,41.8,bottom 50%
BTCUSDT,2017-12-04,7.0,0–20,0.0,0.0,0.0,0.0,0.0,0.0,0.0,1.0,0.452905,1,41.8,bottom 50%
BTCUSDT,2017-12-05,7.0,0–20,0.0,0.0,0.0,0.0,0.0,0.0,0.0,1.0,0.461428,1,41.8,bottom 50%
BTCUSDT,2017-12-06,7.0,0–20,0.0,0.0,0.0,0.0,0.0,0.0,0.0,1.0,0.148109,1,41.8,bottom 50%
BTCUSDT,2017-12-07,7.0,0–20,0.0,0.0,0.0,0.0,0.0,0.0,0.0,1.0,-0.074621,0,41.8,bottom 50%
BTCUSDT,2017-12-08,7.0,0–20,0.0,0.0,0.0,0.0,0.0,0.0,0.0,1.0,0.068651,1,41.8,bottom 50%
BTCUSDT,2017-12-09,7.0,0–20,0.0,0.0,0.0,0.0,0.0,0.0,0.0,1.0,0.284566,1,41.8,bottom 50%
BTCUSDT,2017-12-10,11.9,0–20,0.0,0.0,0.0,0.0,0.0,0.0,0.702,1.0,0.238454,1,59.5,top 50%
BTCUSDT,2017-12-11,7.0,0–20,0.0,0.0,0.0,0.0,0.0,0.0,0.0,1.0,0.12856,1,41.8,bottom 50%
BTCUSDT,2017-12-12,7.0,0–20,0.0,0.0,0.0,0.0,0.0,0.0,0.0,1.0,0.020746,1,41.8,bottom 50%
BTCUSDT,2017-12-13,7.0,0–20,0.0,0.0,0.0,0.0,0.0,0.0,0.0,1.0,0.013189,1,41.8,bottom 50%
BTCUSDT,2017-12-14,8.6,0–20,0.0,0.0,0.0,0.0,0.0,0.0,0.2353,1.0,-0.045949,0,48.3,bottom 50%
BTCUSDT,2017-12-15,7.0,0–20,0.0,0.0,0.0,0.0,0.0,0.0,0.0,1.0,-0.218847,0,41.8,bottom 50%
BTCUSDT,2017-12-16,7.0,0–20,0.0,0.0,0.0,0.0,0.0,0.0,0.0,1.0,-0.246094,0,41.8,bottom 50%
BTCUSDT,2017-12-17,7.0,0–20,0.0,0.0,0.0,0.0,0.0,0.0,0.0,1.0,-0.272455,0,41.8,bottom 50%
BTCUSDT,2017-12-18,7.0,0–20,0.0,0.0,0.0,0.0,0.0,0.0,0.0,1.0,-0.266169,0,41.8,bottom 50%
BTCUSDT,2017-12-19,10.2,0–20,0.0,0.0,0.0,0.0,0.0,0.0,0.4556,1.0,-0.094331,0,52.5,top 50%
BTCUSDT,2017-12-20,12.3,0–20,0.0,0.0,0.0,0.0,0.0,0.0,0.7515,1.0,-0.047285,0,61.9,top 50%
BTCUSDT,2017-12-21,7.0,0–20,0.0,0.0,0.0,0.0,0.0,0.0,0.0,1.0,-0.075708,0,41.8,bottom 50%
BTCUSDT,2017-12-22,15.1,0–20,0.0724,0.0,0.0,0.0,0.0,0.0,0.9441,1.0,0.059602,1,80.7,top 25%
BTCUSDT,2017-12-23,7.0,0–20,0.0,0.0,0.0,0.0,0.0,0.0,0.0,1.0,-0.11885,0,41.8,bottom 50%
BTCUSDT,2017-12-24,8.2,0–20,0.0607,0.0,0.0,0.0,0.0,0.0,0.0,1.0,0.016559,1,47.7,bottom 50%
BTCUSDT,2017-12-25,8.0,0–20,0.0515,0.0,0.0,0.0,0.0,0.0,0.0,1.0,-0.026336,0,47.2,bottom 50%
BTCUSDT,2017-12-26,3.8,0–20,0.0,0.0,0.0,0.0,0.0,0.0,0.0,0.5387,-0.069423,0,27.8,bottom 50%
BTCUSDT,2017-12-27,0.0,0–20,0.0,0.0,0.0,0.0,0.0,0.0,0.0,0.0,-0.04025,0,3.4,bottom 50%
BTCUSDT,2017-12-28,0.3,0–20,0.0133,0.0,0.0,0.0,0.0,0.0,0.0,0.0,0.067963,1,7.9,bottom 50%
BTCUSDT,2017-12-29,0.2,0–20,0.0091,0.0,0.0,0.0,0.0,0.0,0.0,0.0,0.189224,1,7.4,bottom 50%
BTCUSDT,2017-12-30,2.9,0–20,0.1429,0.0,0.0,0.0,0.0,0.0,0.0,0.0,0.353206,1,22.9,bottom 50%
BTCUSDT,2017-12-31,0.7,0–20,0.0364,0.0,0.0,0.0,0.0,0.0,0.0,0.0,0.163968,1,9.9,bottom 50%
BTCUSDT,2018-01-01,1.5,0–20,0.0749,0.0,0.0,0.0,0.0,0.0,0.0,0.0,0.110777,1,14.8,bottom 50%
BTCUSDT,2018-01-02,0.0,0–20,0.0,0.0,0.0,0.0,0.0,0.0,0.0,0.0,-0.025811,0,3.4,bottom 50%
BTCUSDT,2018-01-03,0.0,0–20,0.0,0.0,0.0,0.0,0.0,0.0,0.0,0.0,-0.014979,0,3.4,bottom 50%
BTCUSDT,2018-01-04,0.0,0–20,0.0,0.0,0.0,0.0,0.0,0.0,0.0,0.0,-0.14061,0,3.4,bottom 50%
BTCUSDT,2018-01-05,0.0,0–20,0.0,0.0,0.0,0.0,0.0,0.0,0.0,0.0,-0.197877,0,3.4,bottom 50%
BTCUSDT,2018-01-06,0.0,0–20,0.0,0.0,0.0,0.0,0.0,0.0,0.0,0.0,-0.180681,0,3.4,bottom 50%
BTCUSDT,2018-01-07,0.0,0–20,0.0,0.0,0.0,0.0,0.0,0.0,0.0,0.0,-0.164199,0,3.4,bottom 50%
BTCUSDT,2018-01-08,0.0,0–20,0.0,0.0,0.0,0.0,0.0,0.0,0.0,0.0,-0.089011,0,3.4,bottom 50%
BTCUSDT,2018-01-09,0.9,0–20,0.0464,0.0,0.0,0.0,0.0,0.0,0.0,0.0,-0.212731,0,11.0,bottom 50%
BTCUSDT,2018-01-10,3.3,0–20,0.0127,0.0,0.0,0.0,0.0,0.0,0.0,0.4421,-0.252763,0,25.2,bottom 50%
BTCUSDT,2018-01-11,9.7,0–20,0.1368,0.0,0.0,0.0,0.0,0.0,0.0,1.0,-0.144035,0,51.4,top 50%
BTCUSDT,2018-01-12,5.3,0–20,0.083,0.0,0.0,0.0,0.0,0.0,0.0,0.5133,-0.169749,0,34.6,bottom 50%
BTCUSDT,2018-01-13,3.9,0–20,0.0478,0.0,0.0,0.0,0.0,0.0,0.0,0.4229,-0.10174,0,28.3,bottom 50%
BTCUSDT,2018-01-14,3.3,0–20,0.0968,0.0,0.0,0.0,0.0,0.0,0.0,0.1913,-0.157704,0,25.2,bottom 50%
BTCUSDT,2018-01-15,1.8,0–20,0.0919,0.0,0.0,0.0,0.0,0.0,0.0,0.0,-0.209004,0,16.5,bottom 50%
BTCUSDT,2018-01-16,6.3,0–20,0.265,0.0694,0.0,0.0,0.0,0.0,0.0,0.0,-0.05414,0,37.7,bottom 50%
BTCUSDT,2018-01-17,5.8,0–20,0.284,0.0075,0.0,0.0,0.0,0.0,0.0,0.0,0.015266,1,36.4,bottom 50%
BTCUSDT,2018-01-18,5.0,0–20,0.2509,0.0,0.0,0.0,0.0,0.0,0.0,0.0,-0.01878,0,33.4,bottom 50%
BTCUSDT,2018-01-19,6.6,0–20,0.235,0.0,0.0,0.0,0.0,0.0,0.0,0.2667,-0.037562,0,38.5,bottom 50%
BTCUSDT,2018-01-20,1.8,0–20,0.0899,0.0,0.0,0.0,0.0,0.0,0.0,0.0,-0.113069,0,16.5,bottom 50%
BTCUSDT,2018-01-21,3.9,0–20,0.1926,0.0,0.0,0.0,0.0,0.0,0.0,0.0,0.016052,1,28.3,bottom 50%
BTCUSDT,2018-01-22,4.8,0–20,0.2402,0.0,0.0,0.0,0.0,0.0,0.0,0.0,0.03339,1,32.4,bottom 50%
BTCUSDT,2018-01-23,4.9,0–20,0.2447,0.0,0.0,0.0,0.0,0.0,0.0,0.0,-0.070121,0,32.8,bottom 50%
BTCUSDT,2018-01-24,3.7,0–20,0.1856,0.0,0.0,0.0,0.0,0.0,0.0,0.0,-0.100208,0,27.3,bottom 50%
BTCUSDT,2018-01-25,3.9,0–20,0.194,0.0,0.0,0.0,0.0,0.0,0.0,0.0,-0.185521,0,28.3,bottom 50%
BTCUSDT,2018-01-26,4.0,0–20,0.2018,0.0,0.0,0.0,0.0,0.0,0.0,0.0,-0.209522,0,28.9,bottom 50%
BTCUSDT,2018-01-27,3.3,0–20,0.1647,0.0,0.0,0.0,0.0,0.0,0.0,0.0,-0.198046,0,25.2,bottom 50%
BTCUSDT,2018-01-28,2.3,0–20,0.117,0.0,0.0,0.0,0.0,0.0,0.0,0.0,-0.297743,0,19.6,bottom 50%
BTCUSDT,2018-01-29,3.4,0–20,0.1689,0.0,0.0,0.0,0.0,0.0,0.0,0.0,-0.384293,0,25.6,bottom 50%
BTCUSDT,2018-01-30,5.6,0–20,0.2798,0.0,0.0,0.0,0.0,0.0,0.0,0.0,-0.232756,0,35.7,bottom 50%
BTCUSDT,2018-01-31,5.2,0–20,0.2623,0.0,0.0,0.0,0.0,0.0,0.0,0.0,-0.254356,0,34.2,bottom 50%
BTCUSDT,2018-02-01,18.7,0–20,0.3499,0.0,0.0,0.0,0.9018,0.0,0.0,0.0,-0.09868,0,94.0,top 10%
BTCUSDT,2018-02-02,19.3,0–20,0.3757,0.0024,0.0,0.0,0.9018,0.0,0.0,0.0,-0.010619,0,95.3,top 10%
BTCUSDT,2018-02-03,18.1,0–20,0.3186,0.0,0.0,0.0,0.9018,0.0,0.0,0.0,-0.060274,0,92.6,top 10%
BTCUSDT,2018-02-04,20.5,20–40,0.3898,0.0622,0.0,0.0,0.9018,0.0,0.0,0.0,-0.017765,0,97.4,top 10%
BTCUSDT,2018-02-05,23.9,20–40,0.4765,0.1791,0.0,0.0,0.9018,0.0,0.0,0.0,0.283425,1,99.0,top 10%
BTCUSDT,2018-02-06,23.5,20–40,0.3515,0.0,0.0,0.0,0.9018,0.0,0.6778,0.0,0.108887,1,98.8,top 10%
BTCUSDT,2018-02-07,18.9,0–20,0.3612,0.0,0.0,0.0,0.9018,0.0,0.0,0.0,0.245802,1,94.6,top 10%
BTCUSDT,2018-02-08,17.0,0–20,0.2627,0.0,0.0,0.0,0.9018,0.0,0.0,0.0,0.229967,1,89.3,top 25%
BTCUSDT,2018-02-09,15.6,0–20,0.1946,0.0,0.0,0.0,0.9018,0.0,0.0,0.0,0.171331,1,83.1,top 25%
BTCUSDT,2018-02-10,15.8,0–20,0.2059,0.0,0.0,0.0,0.9018,0.0,0.0,0.0,0.288892,1,85.3,top 25%
BTCUSDT,2018-02-11,16.8,0–20,0.2539,0.0,0.0,0.0,0.9018,0.0,0.0,0.0,0.297889,1,88.5,top 25%
BTCUSDT,2018-02-12,14.4,0–20,0.1343,0.0,0.0,0.0,0.9018,0.0,0.0,0.0,0.257515,1,76.7,top 25%
BTCUSDT,2018-02-13,15.1,0–20,0.1694,0.0,0.0,0.0,0.9018,0.0,0.0,0.0,0.326272,1,80.7,top 25%
BTCUSDT,2018-02-14,12.6,0–20,0.0447,0.0,0.0,0.0,0.9018,0.0,0.0,0.0,0.125942,1,63.9,top 50%
BTCUSDT,2018-02-15,11.7,0–20,0.0,0.0,0.0,0.0,0.9018,0.0,0.0,0.0,-0.015876,0,58.4,top 50%
BTCUSDT,2018-02-16,11.7,0–20,0.0,0.0,0.0,0.0,0.9018,0.0,0.0,0.0,0.006566,1,58.4,top 50%
BTCUSDT,2018-02-17,11.7,0–20,0.0,0.0,0.0,0.0,0.9018,0.0,0.0,0.0,-0.11695,0,58.4,top 50%
BTCUSDT,2018-02-18,11.7,0–20,0.0,0.0,0.0,0.0,0.9018,0.0,0.0,0.0,-0.084068,0,58.4,top 50%
BTCUSDT,2018-02-19,11.7,0–20,0.0,0.0,0.0,0.0,0.9018,0.0,0.0,0.0,-0.076488,0,58.4,top 50%
BTCUSDT,2018-02-20,11.7,0–20,0.0,0.0,0.0,0.0,0.9018,0.0,0.0,0.0,-0.059463,0,58.4,top 50%
BTCUSDT,2018-02-21,16.0,0–20,0.0,0.0,0.0,0.0,0.9018,0.0,0.0,0.6056,-0.027361,0,85.9,top 25%
BTCUSDT,2018-02-22,19.3,0–20,0.0281,0.0,0.0,0.0,0.9018,0.0,0.0,1.0,0.094553,1,95.3,top 10%
BTCUSDT,2018-02-23,16.9,0–20,0.0,0.0,0.0,0.0,0.9018,0.0,0.0,0.7325,0.076235,1,88.9,top 25%
BTCUSDT,2018-02-24,19.8,0–20,0.0527,0.0,0.0,0.0,0.9018,0.0,0.0,1.0,0.170857,1,96.0,top 10%
BTCUSDT,2018-02-25,20.2,20–40,0.0717,0.0,0.0,0.0,0.9018,0.0,0.0,1.0,0.191197,1,97.2,top 10%
BTCUSDT,2018-02-26,18.7,0–20,0.0,0.0,0.0,0.0,0.9018,0.0,0.0,1.0,0.116392,1,94.0,top 10%
BTCUSDT,2018-02-27,18.7,0–20,0.0,0.0,0.0,0.0,0.9018,0.0,0.0,1.0,0.005063,1,94.0,top 10%
BTCUSDT,2018-02-28,18.7,0–20,0.0,0.0,0.0,0.0,0.9018,0.0,0.0,1.0,-0.041579,0,94.0,top 10%
BTCUSDT,2018-03-01,4.8,0–20,0.0,0.0,0.0,0.0,0.0,0.0,0.0,0.6872,-0.142087,0,32.4,bottom 50%
BTCUSDT,2018-03-02,4.9,0–20,0.0,0.0,0.0,0.0,0.0,0.0,0.0,0.6937,-0.157747,0,32.8,bottom 50%
BTCUSDT,2018-03-03,7.0,0–20,0.0,0.0,0.0,0.0,0.0,0.0,0.0,1.0,-0.228352,0,41.8,bottom 50%
BTCUSDT,2018-03-04,7.0,0–20,0.0,0.0,0.0,0.0,0.0,0.0,0.0,1.0,-0.167987,0,41.8,bottom 50%
BTCUSDT,2018-03-05,7.0,0–20,0.0,0.0,0.0,0.0,0.0,0.0,0.0,1.0,-0.204624,0,41.8,bottom 50%
BTCUSDT,2018-03-06,5.3,0–20,0.0,0.0,0.0,0.0,0.0,0.0,0.0,0.755,-0.147038,0,34.6,bottom 50%
BTCUSDT,2018-03-07,4.7,0–20,0.0935,0.0,0.0,0.0,0.0,0.0,0.0,0.4067,-0.170162,0,31.9,bottom 50%
BTCUSDT,2018-03-08,6.9,0–20,0.1703,0.0,0.0,0.0,0.0,0.0,0.0,0.5017,-0.116461,0,39.1,bottom 50%
BTCUSDT,2018-03-09,4.6,0–20,0.1779,0.0,0.0,0.0,0.0,0.0,0.0,0.1459,-0.107009,0,31.5,bottom 50%
BTCUSDT,2018-03-10,7.4,0–20,0.239,0.0034,0.0,0.0,0.0,0.0,0.0,0.3708,-0.107052,0,45.9,bottom 50%
BTCUSDT,2018-03-11,2.1,0–20,0.1052,0.0,0.0,0.0,0.0,0.0,0.0,0.0,-0.141456,0,18.2,bottom 50%
BTCUSDT,2018-03-12,3.1,0–20,0.1566,0.0,0.0,0.0,0.0,0.0,0.0,0.0,-0.062408,0,24.0,bottom 50%
BTCUSDT,2018-03-13,3.2,0–20,0.158,0.0,0.0,0.0,0.0,0.0,0.0,0.0,-0.030602,0,24.6,bottom 50%
BTCUSDT,2018-03-14,5.5,0–20,0.2772,0.0,0.0,0.0,0.0,0.0,0.0,0.0,0.079744,1,35.4,bottom 50%
BTCUSDT,2018-03-15,5.4,0–20,0.2707,0.0,0.0,0.0,0.0,0.0,0.0,0.0,0.051514,1,35.0,bottom 50%
BTCUSDT,2018-03-16,5.2,0–20,0.2623,0.0,0.0,0.0,0.0,0.0,0.0,0.0,0.064913,1,34.2,bottom 50%
BTCUSDT,2018-03-17,6.3,0–20,0.3167,0.0,0.0,0.0,0.0,0.0,0.0,0.0,0.094891,1,37.7,bottom 50%
BTCUSDT,2018-03-18,4.9,0–20,0.2448,0.0,0.0,0.0,0.0,0.0,0.0,0.0,0.033087,1,32.8,bottom 50%
BTCUSDT,2018-03-19,3.1,0–20,0.1547,0.0,0.0,0.0,0.0,0.0,0.0,0.0,-0.048809,0,24.0,bottom 50%
BTCUSDT,2018-03-20,1.9,0–20,0.0953,0.0,0.0,0.0,0.0,0.0,0.0,0.0,-0.121213,0,17.1,bottom 50%
BTCUSDT,2018-03-21,1.8,0–20,0.0919,0.0,0.0,0.0,0.0,0.0,0.0,0.0,-0.109169,0,16.5,bottom 50%
BTCUSDT,2018-03-22,2.6,0–20,0.1287,0.0,0.0,0.0,0.0,0.0,0.0,0.0,-0.179043,0,21.5,bottom 50%
BTCUSDT,2018-03-23,1.9,0–20,0.0928,0.0,0.0,0.0,0.0,0.0,0.0,0.0,-0.224007,0,17.1,bottom 50%
BTCUSDT,2018-03-24,2.7,0–20,0.1343,0.0,0.0,0.0,0.0,0.0,0.0,0.0,-0.195497,0,22.0,bottom 50%
BTCUSDT,2018-03-25,3.4,0–20,0.1677,0.0,0.0,0.0,0.0,0.0,0.0,0.0,-0.194397,0,25.6,bottom 50%
BTCUSDT,2018-03-26,4.4,0–20,0.2214,0.0,0.0,0.0,0.0,0.0,0.0,0.0,-0.137111,0,30.5,bottom 50%
BTCUSDT,2018-03-27,5.7,0–20,0.2865,0.0,0.0,0.0,0.0,0.0,0.0,0.0,-0.048121,0,36.1,bottom 50%
BTCUSDT,2018-03-28,5.0,0–20,0.2502,0.0,0.0,0.0,0.0,0.0,0.0,0.0,-0.138367,0,33.4,bottom 50%
BTCUSDT,2018-03-29,9.5,0–20,0.3739,0.133,0.0,0.0,0.0,0.0,0.0,0.0,-0.049434,0,50.8,top 50%
BTCUSDT,2018-03-30,9.7,0–20,0.4105,0.1013,0.0,0.0,0.0,0.0,0.0,0.0,-0.036891,0,51.4,top 50%
BTCUSDT,2018-03-31,7.7,0–20,0.3842,0.0,0.0,0.0,0.0,0.0,0.0,0.0,-0.008954,0,46.4,bottom 50%
BTCUSDT,2018-04-01,19.0,0–20,0.4029,0.0,0.0,0.0,0.8454,0.0,0.0,0.0,0.026196,1,94.8,top 10%
BTCUSDT,2018-04-02,17.4,0–20,0.3229,0.0,0.0,0.0,0.8454,0.0,0.0,0.0,-0.044195,0,90.3,top 10%
BTCUSDT,2018-04-03,15.1,0–20,0.2078,0.0,0.0,0.0,0.8454,0.0,0.0,0.0,-0.083334,0,80.7,top 25%
BTCUSDT,2018-04-04,17.2,0–20,0.3121,0.0,0.0,0.0,0.8454,0.0,0.0,0.0,0.016703,1,89.8,top 25%
BTCUSDT,2018-04-05,17.4,0–20,0.3189,0.0,0.0,0.0,0.8454,0.0,0.0,0.0,0.15823,1,90.3,top 10%
BTCUSDT,2018-04-06,17.9,0–20,0.3476,0.0,0.0,0.0,0.8454,0.0,0.0,0.0,0.18981,1,91.5,top 10%
BTCUSDT,2018-04-07,16.2,0–20,0.2581,0.0,0.0,0.0,0.8454,0.0,0.0,0.0,0.155569,1,86.7,top 25%
BTCUSDT,2018-04-08,15.4,0–20,0.2223,0.0,0.0,0.0,0.8454,0.0,0.0,0.0,0.185888,1,82.1,top 25%
BTCUSDT,2018-04-09,16.4,0–20,0.2724,0.0,0.0,0.0,0.8454,0.0,0.0,0.0,0.190222,1,87.5,top 25%
BTCUSDT,2018-04-10,16.0,0–20,0.2504,0.0,0.0,0.0,0.8454,0.0,0.0,0.0,0.156162,1,85.9,top 25%
BTCUSDT,2018-04-11,15.1,0–20,0.2037,0.0,0.0,0.0,0.8454,0.0,0.0,0.0,0.171505,1,80.7,top 25%
BTCUSDT,2018-04-12,11.0,0–20,0.0,0.0,0.0,0.0,0.8454,0.0,0.0,0.0,0.051343,1,54.9,top 50%
BTCUSDT,2018-04-13,11.0,0–20,0.0,0.0,0.0,0.0,0.8454,0.0,0.0,0.0,0.120298,1,54.9,top 50%
BTCUSDT,2018-04-14,11.0,0–20,0.0,0.0,0.0,0.0,0.8454,0.0,0.0,0.0,0.113863,1,54.9,top 50%
BTCUSDT,2018-04-15,11.0,0–20,0.0,0.0,0.0,0.0,0.8454,0.0,0.0,0.0,0.056831,1,54.9,top 50%
BTCUSDT,2018-04-16,11.0,0–20,0.0,0.0,0.0,0.0,0.8454,0.0,0.0,0.0,0.108232,1,54.9,top 50%
BTCUSDT,2018-04-17,11.0,0–20,0.0,0.0,0.0,0.0,0.8454,0.0,0.0,0.0,0.227207,1,54.9,top 50%
BTCUSDT,2018-04-18,14.7,0–20,0.0,0.0,0.0,0.0,0.8454,0.0,0.0,0.5268,0.083583,1,78.4,top 25%
BTCUSDT,2018-04-19,16.8,0–20,0.0,0.0,0.0,0.0,0.8454,0.0,0.0,0.8258,0.119021,1,88.5,top 25%
BTCUSDT,2018-04-20,18.0,0–20,0.0,0.0,0.0,0.0,0.8454,0.0,0.0,1.0,0.015965,1,92.0,top 10%
BTCUSDT,2018-04-21,17.8,0–20,0.0,0.0,0.0,0.0,0.8454,0.0,0.0,0.9793,0.050913,1,91.3,top 10%
BTCUSDT,2018-04-22,15.5,0–20,0.0,0.0,0.0,0.0,0.8454,0.0,0.0,0.6434,0.070051,1,82.6,top 25%
BTCUSDT,2018-04-23,14.6,0–20,0.0,0.0,0.0,0.0,0.8454,0.0,0.0,0.5189,0.034674,1,77.8,top 25%
BTCUSDT,2018-04-24,18.0,0–20,0.0,0.0,0.0,0.0,0.8454,0.0,0.0,1.0,-0.059654,0,92.0,top 10%
BTCUSDT,2018-04-25,18.0,0–20,0.0,0.0,0.0,0.0,0.8454,0.0,0.0,1.0,0.044109,1,92.0,top 10%
BTCUSDT,2018-04-26,18.0,0–20,0.0,0.0,0.0,0.0,0.8454,0.0,0.0,1.0,0.049814,1,92.0,top 10%
BTCUSDT,2018-04-27,18.0,0–20,0.0,0.0,0.0,0.0,0.8454,0.0,0.0,1.0,0.079415,1,92.0,top 10%
BTCUSDT,2018-04-28,18.0,0–20,0.0,0.0,0.0,0.0,0.8454,0.0,0.0,1.0,0.054519,1,92.0,top 10%
BTCUSDT,2018-04-29,18.0,0–20,0.0,0.0,0.0,0.0,0.8454,0.0,0.0,1.0,0.025026,1,92.0,top 10%
BTCUSDT,2018-04-30,18.0,0–20,0.0,0.0,0.0,0.0,0.8454,0.0,0.0,1.0,0.014335,1,92.0,top 10%
BTCUSDT,2018-05-01,14.3,0–20,0.0,0.0,0.0,0.0,0.5591,0.0,0.0,1.0,0.0127,1,75.4,top 25%
BTCUSDT,2018-05-02,12.3,0–20,0.0,0.0,0.0,0.0,0.5591,0.0,0.0,0.715,0.009664,1,61.9,top 50%
BTCUSDT,2018-05-03,14.0,0–20,0.0,0.0,0.0,0.0,0.5591,0.0,0.0,0.9587,-0.071832,0,73.1,top 50%
BTCUSDT,2018-05-04,13.7,0–20,0.0,0.0,0.0,0.0,0.5591,0.0,0.0,0.9239,-0.129811,0,71.5,top 50%
BTCUSDT,2018-05-05,11.4,0–20,0.0,0.0,0.0,0.0,0.5591,0.0,0.0,0.5837,-0.137273,0,56.8,top 50%
BTCUSDT,2018-05-06,12.1,0–20,0.0,0.0,0.0,0.0,0.5591,0.0,0.0,0.6965,-0.096414,0,60.5,top 50%
BTCUSDT,2018-05-07,13.3,0–20,0.0,0.0,0.0,0.0,0.5591,0.0,0.0,0.8565,-0.070012,0,69.0,top 50%
BTCUSDT,2018-05-08,13.7,0–20,0.0,0.0,0.0,0.0,0.5591,0.0,0.0,0.9174,-0.078447,0,71.5,top 50%
BTCUSDT,2018-05-09,13.0,0–20,0.0,0.0,0.0,0.0,0.5591,0.0,0.0,0.815,-0.102556,0,66.6,top 50%
BTCUSDT,2018-05-10,10.9,0–20,0.0,0.0,0.0,0.0,0.5591,0.0,0.0,0.5249,-0.105001,0,54.1,top 50%
BTCUSDT,2018-05-11,14.3,0–20,0.1506,0.0915,0.0,0.0,0.5591,0.0,0.0,0.3731,-0.02257,0,75.4,top 25%
BTCUSDT,2018-05-12,11.9,0–20,0.1302,0.0,0.0,0.0,0.5591,0.0,0.0,0.2941,-0.030301,0,59.5,top 50%
BTCUSDT,2018-05-13,9.6,0–20,0.0602,0.0,0.0,0.0,0.5591,0.0,0.0,0.1607,-0.024151,0,51.1,top 50%
BTCUSDT,2018-05-14,8.5,0–20,0.0622,0.0,0.0,0.0,0.5591,0.0,0.0,0.0,-0.034164,0,48.1,bottom 50%
BTCUSDT,2018-05-15,10.4,0–20,0.1215,0.0,0.0,0.0,0.5591,0.0,0.0,0.1054,-0.055062,0,52.9,top 50%
BTCUSDT,2018-05-16,10.5,0–20,0.1607,0.0,0.0,0.0,0.5591,0.0,0.0,0.0,-0.096908,0,53.1,top 50%
BTCUSDT,2018-05-17,11.9,0–20,0.2322,0.0,0.0,0.0,0.5591,0.0,0.0,0.0,-0.062634,0,59.5,top 50%
BTCUSDT,2018-05-18,10.7,0–20,0.1709,0.0,0.0,0.0,0.5591,0.0,0.0,0.0,-0.093423,0,53.6,top 50%
BTCUSDT,2018-05-19,10.7,0–20,0.172,0.0,0.0,0.0,0.5591,0.0,0.0,0.0,-0.108073,0,53.6,top 50%
BTCUSDT,2018-05-20,8.6,0–20,0.0675,0.0,0.0,0.0,0.5591,0.0,0.0,0.0,-0.1345,0,48.3,bottom 50%
BTCUSDT,2018-05-21,9.2,0–20,0.0982,0.0,0.0,0.0,0.5591,0.0,0.0,0.0,-0.152394,0,50.2,top 50%
BTCUSDT,2018-05-22,11.5,0–20,0.2102,0.0,0.0,0.0,0.5591,0.0,0.0,0.0,-0.070779,0,57.1,top 50%
BTCUSDT,2018-05-23,13.8,0–20,0.3258,0.0,0.0,0.0,0.5591,0.0,0.0,0.0,-0.020019,0,72.1,top 50%
BTCUSDT,2018-05-24,13.5,0–20,0.3132,0.0,0.0,0.0,0.5591,0.0,0.0,0.0,-0.01228,0,70.3,top 50%
BTCUSDT,2018-05-25,14.0,0–20,0.3379,0.0,0.0,0.0,0.5591,0.0,0.0,0.0,0.008196,1,73.1,top 50%
BTCUSDT,2018-05-26,14.6,0–20,0.3663,0.0,0.0,0.0,0.5591,0.0,0.0,0.0,0.039094,1,77.8,top 25%
BTCUSDT,2018-05-27,14.5,0–20,0.3601,0.0,0.0,0.0,0.5591,0.0,0.0,0.0,0.047777,1,77.3,top 25%
BTCUSDT,2018-05-28,15.6,0–20,0.4143,0.0,0.0,0.0,0.5591,0.0,0.0,0.0,0.053038,1,83.1,top 25%
BTCUSDT,2018-05-29,12.2,0–20,0.249,0.0,0.0,0.0,0.5591,0.0,0.0,0.0,0.021568,1,60.9,top 50%
BTCUSDT,2018-05-30,12.6,0–20,0.2671,0.0,0.0,0.0,0.5591,0.0,0.0,0.0,0.033411,1,63.9,top 50%
BTCUSDT,2018-05-31,11.8,0–20,0.225,0.0,0.0,0.0,0.5591,0.0,0.0,0.0,0.024562,1,59.2,top 50%
BTCUSDT,2018-06-01,4.0,0–20,0.2017,0.0,0.0,0.0,0.0,0.0,0.0,0.0,0.011068,1,28.9,bottom 50%
BTCUSDT,2018-06-02,3.0,0–20,0.151,0.0,0.0,0.0,0.0,0.0,0.0,0.0,-0.014584,0,23.4,bottom 50%
BTCUSDT,2018-06-03,2.3,0–20,0.1129,0.0,0.0,0.0,0.0,0.0,0.0,0.0,-0.12101,0,19.6,bottom 50%
BTCUSDT,2018-06-04,3.8,0–20,0.1902,0.0,0.0,0.0,0.0,0.0,0.0,0.0,-0.080851,0,27.8,bottom 50%
BTCUSDT,2018-06-05,2.6,0–20,0.1288,0.0,0.0,0.0,0.0,0.0,0.0,0.0,-0.13773,0,21.5,bottom 50%
BTCUSDT,2018-06-06,2.4,0–20,0.1183,0.0,0.0,0.0,0.0,0.0,0.0,0.0,-0.170379,0,20.3,bottom 50%
BTCUSDT,2018-06-07,2.1,0–20,0.1049,0.0,0.0,0.0,0.0,0.0,0.0,0.0,-0.130615,0,18.2,bottom 50%
BTCUSDT,2018-06-08,2.6,0–20,0.1295,0.0,0.0,0.0,0.0,0.0,0.0,0.0,-0.153227,0,21.5,bottom 50%
BTCUSDT,2018-06-09,3.4,0–20,0.1721,0.0,0.0,0.0,0.0,0.0,0.0,0.0,-0.130353,0,25.6,bottom 50%
BTCUSDT,2018-06-10,13.1,0–20,0.4183,0.3148,0.0,0.0,0.0,0.0,0.0,0.0,-0.042256,0,67.8,top 50%
BTCUSDT,2018-06-11,8.0,0–20,0.3484,0.0682,0.0,0.0,0.0,0.0,0.0,0.0,-0.024917,0,47.2,bottom 50%
BTCUSDT,2018-06-12,12.2,0–20,0.4297,0.207,0.0,0.0,0.0,0.0,0.0,0.0683,0.028497,1,60.9,top 50%
BTCUSDT,2018-06-13,12.5,0–20,0.4798,0.1843,0.0,0.0,0.0,0.0,0.0,0.0206,0.06719,1,63.4,top 50%
BTCUSDT,2018-06-14,6.3,0–20,0.3067,0.0,0.0,0.0,0.0,0.0,0.0,0.0307,0.008148,1,37.7,bottom 50%
BTCUSDT,2018-06-15,7.2,0–20,0.3609,0.0,0.0,0.0,0.0,0.0,0.0,0.0,-0.057754,0,44.6,bottom 50%
BTCUSDT,2018-06-16,6.3,0–20,0.3136,0.0,0.0,0.0,0.0,0.0,0.0,0.0,-0.059186,0,37.7,bottom 50%
BTCUSDT,2018-06-17,6.5,0–20,0.3273,0.0,0.0,0.0,0.0,0.0,0.0,0.0,-0.050166,0,38.3,bottom 50%
BTCUSDT,2018-06-18,4.1,0–20,0.2074,0.0,0.0,0.0,0.0,0.0,0.0,0.0,-0.072109,0,29.3,bottom 50%
BTCUSDT,2018-06-19,3.8,0–20,0.1901,0.0,0.0,0.0,0.0,0.0,0.0,0.0,-0.099893,0,27.8,bottom 50%
BTCUSDT,2018-06-20,3.7,0–20,0.1867,0.0,0.0,0.0,0.0,0.0,0.0,0.0,-0.091406,0,27.3,bottom 50%
BTCUSDT,2018-06-21,4.1,0–20,0.2042,0.0,0.0,0.0,0.0,0.0,0.0,0.0,-0.122783,0,29.3,bottom 50%
BTCUSDT,2018-06-22,7.9,0–20,0.3974,0.0,0.0,0.0,0.0,0.0,0.0,0.0,0.022126,1,46.9,bottom 50%
BTCUSDT,2018-06-23,7.1,0–20,0.3542,0.0,0.0,0.0,0.0,0.0,0.0,0.0,0.039192,1,44.5,bottom 50%
BTCUSDT,2018-06-24,7.0,0–20,0.3481,0.0,0.0,0.0,0.0,0.0,0.0,0.0,0.034437,1,41.8,bottom 50%
BTCUSDT,2018-06-25,6.1,0–20,0.3033,0.0,0.0,0.0,0.0,0.0,0.0,0.0,0.058408,1,37.2,bottom 50%
BTCUSDT,2018-06-26,7.0,0–20,0.3508,0.0,0.0,0.0,0.0,0.0,0.0,0.0,0.071537,1,41.8,bottom 50%
BTCUSDT,2018-06-27,6.2,0–20,0.3115,0.0,0.0,0.0,0.0,0.0,0.0,0.0,0.07153,1,37.5,bottom 50%
BTCUSDT,2018-06-28,7.8,0–20,0.3882,0.0,0.0,0.0,0.0,0.0,0.0,0.0,0.124622,1,46.6,bottom 50%
BTCUSDT,2018-06-29,4.2,0–20,0.2082,0.0,0.0,0.0,0.0,0.0,0.0,0.0,0.073203,1,29.6,bottom 50%
BTCUSDT,2018-06-30,2.3,0–20,0.1163,0.0,0.0,0.0,0.0,0.0,0.0,0.0,0.070726,1,19.6,bottom 50%
BTCUSDT,2018-07-01,14.8,0–20,0.1233,0.0,0.0,0.0,0.9458,0.0,0.0,0.0,0.060769,1,78.8,top 25%
BTCUSDT,2018-07-02,12.6,0–20,0.0142,0.0,0.0,0.0,0.9458,0.0,0.0,0.0,0.019287,1,63.9,top 50%
BTCUSDT,2018-07-03,13.3,0–20,0.051,0.0,0.0,0.0,0.9458,0.0,0.0,0.0,-0.030575,0,69.0,top 50%
BTCUSDT,2018-07-04,12.7,0–20,0.0181,0.0,0.0,0.0,0.9458,0.0,0.0,0.0,-0.030745,0,64.5,top 50%
BTCUSDT,2018-07-05,12.3,0–20,0.0,0.0,0.0,0.0,0.9458,0.0,0.0,0.0,-0.061805,0,61.9,top 50%
BTCUSDT,2018-07-06,12.3,0–20,0.0,0.0,0.0,0.0,0.9458,0.0,0.0,0.0,-0.065251,0,61.9,top 50%
BTCUSDT,2018-07-07,12.9,0–20,0.0,0.0,0.0,0.0,0.9458,0.0,0.0,0.0916,-0.084704,0,65.5,top 50%
BTCUSDT,2018-07-08,12.3,0–20,0.0,0.0,0.0,0.0,0.9458,0.0,0.0,0.0,-0.061153,0,61.9,top 50%
BTCUSDT,2018-07-09,12.3,0–20,0.0,0.0,0.0,0.0,0.9458,0.0,0.0,0.0,0.0,0,61.9,top 50%
BTCUSDT,2018-07-10,15.5,0–20,0.1601,0.0,0.0,0.0,0.9458,0.0,0.0,0.0,0.156572,1,82.6,top 25%
BTCUSDT,2018-07-11,14.8,0–20,0.1229,0.0,0.0,0.0,0.9458,0.0,0.0,0.0,0.152637,1,78.8,top 25%
BTCUSDT,2018-07-12,20.2,20–40,0.1941,0.0,0.0,0.0,0.9458,0.0,0.0,0.5773,0.198762,1,97.2,top 10%
BTCUSDT,2018-07-13,19.3,0–20,0.1884,0.0,0.0,0.0,0.9458,0.0,0.0,0.4568,0.178915,1,95.3,top 10%
BTCUSDT,2018-07-14,18.6,0–20,0.1633,0.0,0.0,0.0,0.9458,0.0,0.0,0.4287,0.182146,1,93.5,top 10%
BTCUSDT,2018-07-15,14.9,0–20,0.1082,0.0,0.0,0.0,0.9458,0.0,0.0,0.0649,0.166495,1,79.4,top 25%
BTCUSDT,2018-07-16,14.1,0–20,0.0,0.0,0.0,0.0,0.9458,0.0,0.0,0.2604,0.143785,1,73.6,top 50%
BTCUSDT,2018-07-17,12.8,0–20,0.0,0.0,0.0,0.0,0.9458,0.0,0.0,0.0684,0.150693,1,65.0,top 50%
BTCUSDT,2018-07-18,14.6,0–20,0.0,0.0,0.0,0.0,0.9458,0.0,0.0,0.3349,0.109976,1,77.8,top 25%
BTCUSDT,2018-07-19,12.7,0–20,0.0,0.0,0.0,0.0,0.9458,0.0,0.0,0.0553,0.064916,1,64.5,top 50%
BTCUSDT,2018-07-20,12.3,0–20,0.0,0.0,0.0,0.0,0.9458,0.0,0.0,0.0,0.110262,1,61.9,top 50%
BTCUSDT,2018-07-21,14.4,0–20,0.0,0.0,0.0,0.0,0.9458,0.0,0.0,0.3067,0.104169,1,76.7,top 25%
BTCUSDT,2018-07-22,16.1,0–20,0.0,0.0,0.0,0.0,0.9458,0.0,0.0,0.5415,0.107835,1,86.3,top 25%
BTCUSDT,2018-07-23,17.0,0–20,0.0,0.0,0.0,0.0,0.9458,0.0,0.0,0.6739,0.060869,1,89.3,top 25%
BTCUSDT,2018-07-24,17.5,0–20,0.0,0.0,0.0,0.0,0.9458,0.0,0.0,0.7433,-0.076426,0,90.5,top 10%
BTCUSDT,2018-07-25,16.5,0–20,0.0,0.0,0.0,0.0,0.9458,0.0,0.0,0.599,-0.068018,0,87.7,top 25%
BTCUSDT,2018-07-26,16.5,0–20,0.0,0.0,0.0,0.0,0.9458,0.0,0.0,0.5989,-0.048346,0,87.7,top 25%
BTCUSDT,2018-07-27,15.5,0–20,0.0,0.0,0.0,0.0,0.9458,0.0,0.0,0.4507,-0.089482,0,82.6,top 25%
BTCUSDT,2018-07-28,17.4,0–20,0.0,0.0,0.0,0.0,0.9458,0.0,0.0,0.735,-0.141514,0,90.3,top 10%
BTCUSDT,2018-07-29,19.3,0–20,0.0,0.0,0.0,0.0,0.9458,0.0,0.0,1.0,-0.139926,0,95.3,top 10%
BTCUSDT,2018-07-30,19.3,0–20,0.0,0.0,0.0,0.0,0.9458,0.0,0.0,1.0,-0.150197,0,95.3,top 10%
BTCUSDT,2018-07-31,19.3,0–20,0.0,0.0,0.0,0.0,0.9458,0.0,0.0,1.0,-0.132039,0,95.3,top 10%
BTCUSDT,2018-08-01,7.0,0–20,0.0,0.0,0.0,0.0,0.0,0.0,0.0,1.0,-0.173,0,41.8,bottom 50%
BTCUSDT,2018-08-02,7.0,0–20,0.0,0.0,0.0,0.0,0.0,0.0,0.0,1.0,-0.132007,0,41.8,bottom 50%
BTCUSDT,2018-08-03,7.3,0–20,0.0165,0.0,0.0,0.0,0.0,0.0,0.0,1.0,-0.168095,0,45.2,bottom 50%
BTCUSDT,2018-08-04,10.4,0–20,0.1688,0.0,0.0,0.0,0.0,0.0,0.0,1.0,-0.104811,0,52.9,top 50%
BTCUSDT,2018-08-05,7.9,0–20,0.1517,0.0,0.0,0.0,0.0,0.0,0.0,0.6999,-0.105509,0,46.9,bottom 50%
BTCUSDT,2018-08-06,5.2,0–20,0.1932,0.0,0.0,0.0,0.0,0.0,0.0,0.1892,-0.094109,0,34.2,bottom 50%
BTCUSDT,2018-08-07,6.0,0–20,0.2596,0.0,0.0,0.0,0.0,0.0,0.0,0.1189,-0.081949,0,37.0,bottom 50%
BTCUSDT,2018-08-08,8.9,0–20,0.3827,0.0842,0.0,0.0,0.0,0.0,0.0,0.0,0.000431,1,49.4,bottom 50%
BTCUSDT,2018-08-09,5.0,0–20,0.2513,0.0,0.0,0.0,0.0,0.0,0.0,0.0,-0.03555,0,33.4,bottom 50%
BTCUSDT,2018-08-10,7.0,0–20,0.3487,0.0,0.0,0.0,0.0,0.0,0.0,0.0,0.064016,1,41.8,bottom 50%
BTCUSDT,2018-08-11,5.9,0–20,0.2961,0.0,0.0,0.0,0.0,0.0,0.0,0.0,0.020336,1,36.7,bottom 50%
BTCUSDT,2018-08-12,5.7,0–20,0.283,0.0,0.0,0.0,0.0,0.0,0.0,0.0,0.029003,1,36.1,bottom 50%
BTCUSDT,2018-08-13,5.8,0–20,0.2902,0.0,0.0,0.0,0.0,0.0,0.0,0.0,0.00174,1,36.4,bottom 50%
BTCUSDT,2018-08-14,6.4,0–20,0.3189,0.0,0.0,0.0,0.0,0.0,0.0,0.0,0.046623,1,38.0,bottom 50%
BTCUSDT,2018-08-15,5.2,0–20,0.2581,0.0,0.0,0.0,0.0,0.0,0.0,0.0,0.010809,1,34.2,bottom 50%
BTCUSDT,2018-08-16,4.9,0–20,0.2432,0.0,0.0,0.0,0.0,0.0,0.0,0.0,0.031596,1,32.8,bottom 50%
BTCUSDT,2018-08-17,2.2,0–20,0.1105,0.0,0.0,0.0,0.0,0.0,0.0,0.0,0.021173,1,18.8,bottom 50%
BTCUSDT,2018-08-18,3.4,0–20,0.1713,0.0,0.0,0.0,0.0,0.0,0.0,0.0,0.05284,1,25.6,bottom 50%
BTCUSDT,2018-08-19,2.6,0–20,0.1278,0.0,0.0,0.0,0.0,0.0,0.0,0.0,0.030923,1,21.5,bottom 50%
BTCUSDT,2018-08-20,4.1,0–20,0.2042,0.0,0.0,0.0,0.0,0.0,0.0,0.0,0.091322,1,29.3,bottom 50%
BTCUSDT,2018-08-21,2.2,0–20,0.1087,0.0,0.0,0.0,0.0,0.0,0.0,0.0,0.093627,1,18.8,bottom 50%
BTCUSDT,2018-08-22,3.1,0–20,0.1537,0.0,0.0,0.0,0.0,0.0,0.0,0.0,0.10514,1,24.0,bottom 50%
BTCUSDT,2018-08-23,1.4,0–20,0.0716,0.0,0.0,0.0,0.0,0.0,0.0,0.0,0.067844,1,14.1,bottom 50%
BTCUSDT,2018-08-24,0.0,0–20,0.0,0.0,0.0,0.0,0.0,0.0,0.0,0.0,0.047265,1,3.4,bottom 50%
BTCUSDT,2018-08-25,0.0,0–20,0.0,0.0,0.0,0.0,0.0,0.0,0.0,0.0,0.063588,1,3.4,bottom 50%
BTCUSDT,2018-08-26,0.0,0–20,0.0,0.0,0.0,0.0,0.0,0.0,0.0,0.0,0.084306,1,3.4,bottom 50%
BTCUSDT,2018-08-27,0.0,0–20,0.0,0.0,0.0,0.0,0.0,0.0,0.0,0.0,0.05453,1,3.4,bottom 50%
BTCUSDT,2018-08-28,1.4,0–20,0.0,0.0,0.0,0.0,0.0,0.0,0.0,0.1972,0.037397,1,14.1,bottom 50%
BTCUSDT,2018-08-29,0.8,0–20,0.0,0.0,0.0,0.0,0.0,0.0,0.0,0.1211,-0.03609,0,10.5,bottom 50%
BTCUSDT,2018-08-30,3.4,0–20,0.0,0.0,0.0,0.0,0.0,0.0,0.0,0.4825,-0.064352,0,25.6,bottom 50%
BTCUSDT,2018-08-31,2.4,0–20,0.0,0.0,0.0,0.0,0.0,0.0,0.0,0.3429,-0.081066,0,20.3,bottom 50%
BTCUSDT,2018-09-01,3.3,0–20,0.0,0.0,0.0,0.0,0.0,0.0,0.0,0.4643,-0.134469,0,25.2,bottom 50%
BTCUSDT,2018-09-02,4.5,0–20,0.0,0.0,0.0,0.0,0.0,0.0,0.0,0.6499,-0.133631,0,31.0,bottom 50%
BTCUSDT,2018-09-03,4.9,0–20,0.0,0.0,0.0,0.0,0.0,0.0,0.0,0.7041,-0.128148,0,32.8,bottom 50%
BTCUSDT,2018-09-04,3.9,0–20,0.0,0.0,0.0,0.0,0.0,0.0,0.0,0.56,-0.141335,0,28.3,bottom 50%
BTCUSDT,2018-09-05,7.7,0–20,0.0571,0.0,0.0,0.0,0.0,0.0,0.4009,0.5355,-0.064926,0,46.4,bottom 50%
BTCUSDT,2018-09-06,9.6,0–20,0.1673,0.0,0.0,0.0,0.0,0.0,0.4671,0.4225,-0.001816,0,51.1,top 50%
BTCUSDT,2018-09-07,7.9,0–20,0.1913,0.0,0.0,0.0,0.0,0.0,0.0,0.5876,0.007057,1,46.9,bottom 50%
BTCUSDT,2018-09-08,9.0,0–20,0.2782,0.0,0.0,0.0,0.0,0.0,0.0,0.4969,0.050951,1,49.7,bottom 50%
BTCUSDT,2018-09-09,9.7,0–20,0.2338,0.0,0.0,0.0,0.0,0.0,0.0,0.7144,0.034332,1,51.4,top 50%
BTCUSDT,2018-09-10,5.9,0–20,0.2163,0.0,0.0,0.0,0.0,0.0,0.0,0.2183,-0.007662,0,36.7,bottom 50%
BTCUSDT,2018-09-11,5.2,0–20,0.2199,0.0,0.0,0.0,0.0,0.0,0.0,0.1157,0.007926,1,34.2,bottom 50%
BTCUSDT,2018-09-12,4.0,0–20,0.199,0.0,0.0,0.0,0.0,0.0,0.0,0.0,0.007359,1,28.9,bottom 50%
BTCUSDT,2018-09-13,1.8,0–20,0.0905,0.0,0.0,0.0,0.0,0.0,0.0,0.0,0.000362,1,16.5,bottom 50%
BTCUSDT,2018-09-14,1.9,0–20,0.093,0.0,0.0,0.0,0.0,0.0,0.0,0.0,0.034124,1,17.1,bottom 50%
BTCUSDT,2018-09-15,1.4,0–20,0.0723,0.0,0.0,0.0,0.0,0.0,0.0,0.0,0.027323,1,14.1,bottom 50%
BTCUSDT,2018-09-16,1.8,0–20,0.0882,0.0,0.0,0.0,0.0,0.0,0.0,0.0,0.029683,1,16.5,bottom 50%
BTCUSDT,2018-09-17,4.4,0–20,0.2186,0.0,0.0,0.0,0.0,0.0,0.0,0.0,0.050024,1,30.5,bottom 50%
BTCUSDT,2018-09-18,3.0,0–20,0.1509,0.0,0.0,0.0,0.0,0.0,0.0,0.0,0.011798,1,23.4,bottom 50%
BTCUSDT,2018-09-19,2.6,0–20,0.1305,0.0,0.0,0.0,0.0,0.0,0.0,0.0,0.015075,1,21.5,bottom 50%
BTCUSDT,2018-09-20,0.8,0–20,0.0418,0.0,0.0,0.0,0.0,0.0,0.0,0.0,0.024093,1,10.5,bottom 50%
BTCUSDT,2018-09-21,0.0,0–20,0.0,0.0,0.0,0.0,0.0,0.0,0.0,0.0,-0.013485,0,3.4,bottom 50%
BTCUSDT,2018-09-22,0.0,0–20,0.0,0.0,0.0,0.0,0.0,0.0,0.0,0.0,-0.017855,0,3.4,bottom 50%
BTCUSDT,2018-09-23,0.0,0–20,0.0,0.0,0.0,0.0,0.0,0.0,0.0,0.0,-0.012677,0,3.4,bottom 50%
BTCUSDT,2018-09-24,0.2,0–20,0.0087,0.0,0.0,0.0,0.0,0.0,0.0,0.0,-0.000878,0,7.4,bottom 50%
BTCUSDT,2018-09-25,2.1,0–20,0.1069,0.0,0.0,0.0,0.0,0.0,0.0,0.0,0.017006,1,18.2,bottom 50%
BTCUSDT,2018-09-26,2.5,0–20,0.0697,0.0,0.0,0.0,0.0,0.0,0.0,0.152,0.001169,1,20.9,bottom 50%
BTCUSDT,2018-09-27,1.4,0–20,0.0,0.0,0.0,0.0,0.0,0.0,0.0,0.1958,-0.014986,0,14.1,bottom 50%
BTCUSDT,2018-09-28,2.7,0–20,0.0,0.0,0.0,0.0,0.0,0.0,0.0,0.3854,-0.003259,0,22.0,bottom 50%
BTCUSDT,2018-09-29,1.6,0–20,0.0,0.0,0.0,0.0,0.0,0.0,0.0,0.234,-0.002068,0,15.4,bottom 50%
BTCUSDT,2018-09-30,0.7,0–20,0.0,0.0,0.0,0.0,0.0,0.0,0.0,0.0948,-0.003413,0,9.9,bottom 50%
BTCUSDT,2018-10-01,14.2,0–20,0.0087,0.0,0.0,0.0,1.0,0.0,0.0,0.1395,0.009501,1,74.2,top 50%
BTCUSDT,2018-10-02,15.5,0–20,0.0365,0.0,0.0,0.0,1.0,0.0,0.0,0.2512,0.0132,1,82.6,top 25%
BTCUSDT,2018-10-03,15.3,0–20,0.0807,0.0,0.0,0.0,1.0,0.0,0.0,0.0952,0.012755,1,81.7,top 25%
BTCUSDT,2018-10-04,13.7,0–20,0.0114,0.0,0.0,0.0,1.0,0.0,0.0,0.0683,-0.048725,0,71.5,top 50%
BTCUSDT,2018-10-05,13.4,0–20,0.0,0.0,0.0,0.0,1.0,0.0,0.0,0.0629,-0.052533,0,69.6,top 50%
BTCUSDT,2018-10-06,13.4,0–20,0.0028,0.0,0.0,0.0,1.0,0.0,0.0,0.0556,-0.045887,0,69.6,top 50%
BTCUSDT,2018-10-07,14.5,0–20,0.0,0.0,0.0,0.0,1.0,0.0,0.0,0.2204,-0.047255,0,77.3,top 25%
BTCUSDT,2018-10-08,13.7,0–20,0.0,0.0,0.0,0.0,1.0,0.0,0.0,0.1054,-0.008372,0,71.5,top 50%
BTCUSDT,2018-10-09,14.0,0–20,0.0,0.0,0.0,0.0,1.0,0.0,0.0,0.1406,-0.007005,0,73.1,top 50%
BTCUSDT,2018-10-10,13.9,0–20,0.0153,0.0,0.0,0.0,1.0,0.0,0.0,0.0784,-0.006241,0,72.6,top 50%
BTCUSDT,2018-10-11,24.8,20–40,0.2897,0.3972,0.0,0.0,1.0,0.0,0.0,0.0,0.03524,1,99.3,top 10%
BTCUSDT,2018-10-12,20.5,20–40,0.2685,0.1402,0.0,0.0,1.0,0.0,0.0,0.0,0.030413,1,97.4,top 10%
BTCUSDT,2018-10-13,18.1,0–20,0.2547,0.0,0.0,0.0,1.0,0.0,0.0,0.0,0.032326,1,92.6,top 10%
BTCUSDT,2018-10-14,18.2,0–20,0.2483,0.0,0.0,0.0,1.0,0.0,0.0,0.0339,0.030428,1,92.8,top 10%
BTCUSDT,2018-10-15,13.8,0–20,0.0,0.0,0.0,0.0,1.0,0.0,0.0,0.108,-0.016581,0,72.1,top 50%
BTCUSDT,2018-10-16,13.0,0–20,0.0,0.0,0.0,0.0,1.0,0.0,0.0,0.0,-0.018249,0,66.6,top 50%
BTCUSDT,2018-10-17,13.0,0–20,0.0,0.0,0.0,0.0,1.0,0.0,0.0,0.0,-0.007425,0,66.6,top 50%
BTCUSDT,2018-10-18,14.0,0–20,0.0477,0.0,0.0,0.0,1.0,0.0,0.0,0.0,-6.5e-05,0,73.1,top 50%
BTCUSDT,2018-10-19,14.2,0–20,0.0582,0.0,0.0,0.0,1.0,0.0,0.0,0.0,0.001445,1,74.2,top 50%
BTCUSDT,2018-10-20,13.6,0–20,0.0323,0.0,0.0,0.0,1.0,0.0,0.0,0.0,-0.001358,0,70.9,top 50%
BTCUSDT,2018-10-21,13.8,0–20,0.0396,0.0,0.0,0.0,1.0,0.0,0.0,0.0048,0.000623,1,72.1,top 50%
BTCUSDT,2018-10-22,13.7,0–20,0.0337,0.0,0.0,0.0,1.0,0.0,0.0,0.0,-0.023821,0,71.5,top 50%
BTCUSDT,2018-10-23,14.0,0–20,0.0475,0.0,0.0,0.0,1.0,0.0,0.0,0.0,-0.021846,0,73.1,top 50%
BTCUSDT,2018-10-24,13.4,0–20,0.0199,0.0,0.0,0.0,1.0,0.0,0.0,0.0,-0.027438,0,69.6,top 50%
BTCUSDT,2018-10-25,13.9,0–20,0.0462,0.0,0.0,0.0,1.0,0.0,0.0,0.0,-0.015211,0,72.6,top 50%
BTCUSDT,2018-10-26,14.0,0–20,0.0484,0.0,0.0,0.0,1.0,0.0,0.0,0.0,-0.01333,0,73.1,top 50%
BTCUSDT,2018-10-27,13.8,0–20,0.0391,0.0,0.0,0.0,1.0,0.0,0.0,0.0,-0.018382,0,72.1,top 50%
BTCUSDT,2018-10-28,13.6,0–20,0.0286,0.0,0.0,0.0,1.0,0.0,0.0,0.0,-0.016999,0,70.9,top 50%
BTCUSDT,2018-10-29,17.8,0–20,0.24,0.0,0.0,0.0,1.0,0.0,0.0,0.0,0.013743,1,91.3,top 10%
BTCUSDT,2018-10-30,17.7,0–20,0.2369,0.0,0.0,0.0,1.0,0.0,0.0,0.0,0.020009,1,91.0,top 10%
BTCUSDT,2018-10-31,19.3,0–20,0.2572,0.0,0.0,0.0,1.0,0.0,0.0,0.1704,0.033641,1,95.3,top 10%
BTCUSDT,2018-11-01,12.6,0–20,0.1395,0.0,0.0,0.0,0.6693,0.0,0.0,0.1614,0.011907,1,63.9,top 50%
BTCUSDT,2018-11-02,12.2,0–20,0.1195,0.0,0.0,0.0,0.6693,0.0,0.0,0.157,-0.000441,0,60.9,top 50%
BTCUSDT,2018-11-03,12.1,0–20,0.16,0.0,0.0,0.0,0.6693,0.0,0.0,0.0333,0.007539,1,60.5,top 50%
BTCUSDT,2018-11-04,11.3,0–20,0.1294,0.0,0.0,0.0,0.6693,0.0,0.0,0.0,0.005511,1,56.5,top 50%
BTCUSDT,2018-11-05,9.6,0–20,0.0427,0.0,0.0,0.0,0.6693,0.0,0.0,0.0,-0.007538,0,51.1,top 50%
BTCUSDT,2018-11-06,8.7,0–20,0.0,0.0,0.0,0.0,0.6693,0.0,0.0,0.0,-0.015713,0,48.8,bottom 50%
BTCUSDT,2018-11-07,8.7,0–20,0.0,0.0,0.0,0.0,0.6693,0.0,0.0,0.0,-0.121252,0,48.8,bottom 50%
BTCUSDT,2018-11-08,8.7,0–20,0.0,0.0,0.0,0.0,0.6693,0.0,0.0,0.0,-0.124841,0,48.8,bottom 50%
BTCUSDT,2018-11-09,10.7,0–20,0.0985,0.0,0.0,0.0,0.6693,0.0,0.0,0.0,-0.126859,0,53.6,top 50%
BTCUSDT,2018-11-10,9.8,0–20,0.0574,0.0,0.0,0.0,0.6693,0.0,0.0,0.0,-0.133384,0,51.7,top 50%
BTCUSDT,2018-11-11,9.8,0–20,0.0537,0.0,0.0,0.0,0.6693,0.0,0.0,0.0,-0.122866,0,51.7,top 50%
BTCUSDT,2018-11-12,11.4,0–20,0.1183,0.0,0.0,0.0,0.6693,0.0,0.0,0.041,-0.235397,0,56.8,top 50%
BTCUSDT,2018-11-13,11.4,0–20,0.137,0.0,0.0,0.0,0.6693,0.0,0.0,0.0,-0.299964,0,56.8,top 50%
BTCUSDT,2018-11-14,35.5,20–40,0.6085,0.6538,0.0,0.0,0.6693,0.0,0.6847,0.0,-0.197998,0,100.0,top 10%
BTCUSDT,2018-11-15,31.1,20–40,0.6394,0.3425,0.0,0.0,0.6693,0.0,0.6326,0.0,-0.226998,0,99.8,top 10%
BTCUSDT,2018-11-16,24.7,20–40,0.6624,0.183,0.0,0.0,0.6693,0.0,0.0,0.0,-0.220326,0,99.2,top 10%
BTCUSDT,2018-11-17,22.8,20–40,0.669,0.0502,0.0,0.0,0.6693,0.0,0.0,0.0,-0.301309,0,98.5,top 10%
BTCUSDT,2018-11-18,20.1,20–40,0.561,0.0,0.0,0.0,0.6693,0.0,0.0,0.0188,-0.286931,0,97.2,top 10%
BTCUSDT,2018-11-19,31.9,20–40,0.7502,0.2565,0.0,0.0,0.6693,0.0,0.6218,0.0,-0.224235,0,99.9,top 10%
BTCUSDT,2018-11-20,34.9,20–40,0.8016,0.2342,0.0,0.0,0.6693,0.0,0.9469,0.0,-0.141772,0,99.9,top 10%
BTCUSDT,2018-11-21,22.3,20–40,0.6691,0.0114,0.0,0.0,0.6693,0.0,0.0,0.0,-0.07491,0,98.3,top 10%
BTCUSDT,2018-11-22,22.8,20–40,0.7058,0.0,0.0,0.0,0.6693,0.0,0.0,0.0,-0.019948,0,98.5,top 10%
BTCUSDT,2018-11-23,22.9,20–40,0.7085,0.0,0.0,0.0,0.6693,0.0,0.0,0.0,-0.075876,0,98.6,top 10%
BTCUSDT,2018-11-24,24.0,20–40,0.767,0.0,0.0,0.0,0.6693,0.0,0.0,0.0,0.086043,1,99.0,top 10%
BTCUSDT,2018-11-25,22.0,20–40,0.6672,0.0,0.0,0.0,0.6693,0.0,0.0,0.0,0.032396,1,98.1,top 10%
BTCUSDT,2018-11-26,22.7,20–40,0.6998,0.0,0.0,0.0,0.6693,0.0,0.0,0.0,0.030431,1,98.4,top 10%
BTCUSDT,2018-11-27,22.1,20–40,0.6681,0.0,0.0,0.0,0.6693,0.0,0.0,0.0,0.035641,1,98.2,top 10%
BTCUSDT,2018-11-28,16.2,0–20,0.3774,0.0,0.0,0.0,0.6693,0.0,0.0,0.0,-0.118247,0,86.7,top 25%
BTCUSDT,2018-11-29,16.0,0–20,0.3648,0.0,0.0,0.0,0.6693,0.0,0.0,0.0,-0.177091,0,85.9,top 25%
BTCUSDT,2018-11-30,17.4,0–20,0.4329,0.0,0.0,0.0,0.6693,0.0,0.0,0.0,-0.148691,0,90.3,top 10%
BTCUSDT,2018-12-01,6.4,0–20,0.3181,0.0,0.0,0.0,0.0,0.0,0.0,0.0,-0.175235,0,38.0,bottom 50%
BTCUSDT,2018-12-02,6.8,0–20,0.3397,0.0,0.0,0.0,0.0,0.0,0.0,0.0,-0.126971,0,38.9,bottom 50%
BTCUSDT,2018-12-03,8.1,0–20,0.4062,0.0,0.0,0.0,0.0,0.0,0.0,0.0,-0.100529,0,47.5,bottom 50%
BTCUSDT,2018-12-04,7.4,0–20,0.3683,0.0,0.0,0.0,0.0,0.0,0.0,0.0,-0.134526,0,45.9,bottom 50%
BTCUSDT,2018-12-05,8.4,0–20,0.4225,0.0,0.0,0.0,0.0,0.0,0.0,0.0,-0.071136,0,48.0,bottom 50%
BTCUSDT,2018-12-06,9.6,0–20,0.4778,0.0,0.0,0.0,0.0,0.0,0.0,0.0,-0.058909,0,51.1,top 50%
BTCUSDT,2018-12-07,10.0,0–20,0.5002,0.0,0.0,0.0,0.0,0.0,0.0,0.0,-0.051888,0,52.1,top 50%
BTCUSDT,2018-12-08,9.3,0–20,0.4627,0.0,0.0,0.0,0.0,0.0,0.0,0.0,-0.068856,0,50.4,top 50%
BTCUSDT,2018-12-09,7.4,0–20,0.3718,0.0,0.0,0.0,0.0,0.0,0.0,0.0,-0.099992,0,45.9,bottom 50%
BTCUSDT,2018-12-10,8.1,0–20,0.404,0.0,0.0,0.0,0.0,0.0,0.0,0.0,0.012336,1,47.5,bottom 50%
BTCUSDT,2018-12-11,8.5,0–20,0.4262,0.0,0.0,0.0,0.0,0.0,0.0,0.0,0.079271,1,48.1,bottom 50%
BTCUSDT,2018-12-12,7.6,0–20,0.382,0.0,0.0,0.0,0.0,0.0,0.0,0.0,0.074277,1,46.1,bottom 50%
BTCUSDT,2018-12-13,8.7,0–20,0.4344,0.0,0.0,0.0,0.0,0.0,0.0,0.0,0.24769,1,48.8,bottom 50%
BTCUSDT,2018-12-14,9.1,0–20,0.4549,0.0,0.0,0.0,0.0,0.0,0.0,0.0,0.201715,1,49.9,bottom 50%
BTCUSDT,2018-12-15,9.1,0–20,0.4566,0.0,0.0,0.0,0.0,0.0,0.0,0.0,0.240185,1,49.9,bottom 50%
BTCUSDT,2018-12-16,8.9,0–20,0.443,0.0,0.0,0.0,0.0,0.0,0.0,0.0,0.229381,1,49.4,bottom 50%
BTCUSDT,2018-12-17,4.4,0–20,0.2189,0.0,0.0,0.0,0.0,0.0,0.0,0.0,0.150241,1,30.5,bottom 50%
BTCUSDT,2018-12-18,2.5,0–20,0.1227,0.0,0.0,0.0,0.0,0.0,0.0,0.0,0.032313,1,20.9,bottom 50%
BTCUSDT,2018-12-19,1.8,0–20,0.0918,0.0,0.0,0.0,0.0,0.0,0.0,0.0,0.029725,1,16.5,bottom 50%
BTCUSDT,2018-12-20,0.0,0–20,0.0,0.0,0.0,0.0,0.0,0.0,0.0,0.0,-0.116003,0,3.4,bottom 50%
BTCUSDT,2018-12-21,0.2,0–20,0.0097,0.0,0.0,0.0,0.0,0.0,0.0,0.0,0.007025,1,7.4,bottom 50%
BTCUSDT,2018-12-22,0.0,0–20,0.0,0.0,0.0,0.0,0.0,0.0,0.0,0.0,-0.048272,0,3.4,bottom 50%
BTCUSDT,2018-12-23,0.0,0–20,0.0,0.0,0.0,0.0,0.0,0.0,0.0,0.0,-0.033265,0,3.4,bottom 50%
BTCUSDT,2018-12-24,0.0,0–20,0.0,0.0,0.0,0.0,0.0,0.0,0.0,0.0,-0.082356,0,3.4,bottom 50%
BTCUSDT,2018-12-25,4.5,0–20,0.0602,0.0,0.0,0.0,0.0,0.0,0.0,0.4676,0.007346,1,31.0,bottom 50%
BTCUSDT,2018-12-26,4.4,0–20,0.0375,0.0,0.0,0.0,0.0,0.0,0.0,0.5278,0.022324,1,30.5,bottom 50%
BTCUSDT,2018-12-27,8.2,0–20,0.1343,0.0,0.0,0.0,0.0,0.0,0.0,0.791,0.049772,1,47.7,bottom 50%
BTCUSDT,2018-12-28,5.2,0–20,0.0,0.0,0.0,0.0,0.0,0.0,0.0,0.738,-0.016871,0,34.2,bottom 50%
BTCUSDT,2018-12-29,5.0,0–20,0.0415,0.0,0.0,0.0,0.0,0.0,0.0,0.6017,0.006488,1,33.4,bottom 50%
BTCUSDT,2018-12-30,3.5,0–20,0.0176,0.0,0.0,0.0,0.0,0.0,0.0,0.4525,0.054496,1,26.1,bottom 50%
BTCUSDT,2018-12-31,5.9,0–20,0.0792,0.0,0.0,0.0,0.0,0.0,0.0,0.613,0.075493,1,36.7,bottom 50%
BTCUSDT,2019-01-01,2.2,0–20,0.0227,0.0,0.0,0.0,0.0,0.0,0.0,0.2532,0.048739,1,18.8,bottom 50%
BTCUSDT,2019-01-02,6.5,0–20,0.0,0.0,0.0,0.0,0.0,0.0,0.0,0.9254,0.023301,1,38.3,bottom 50%
BTCUSDT,2019-01-03,6.8,0–20,0.0278,0.0,0.0,0.0,0.0,0.0,0.0,0.895,-0.041133,0,38.9,bottom 50%
BTCUSDT,2019-01-04,7.1,0–20,0.0154,0.0,0.0,0.0,0.0,0.0,0.0,0.9699,-0.044159,0,44.5,bottom 50%
BTCUSDT,2019-01-05,5.9,0–20,0.023,0.0,0.0,0.0,0.0,0.0,0.0,0.7736,-0.047824,0,36.7,bottom 50%
BTCUSDT,2019-01-06,3.1,0–20,0.0,0.0,0.0,0.0,0.0,0.0,0.0,0.4452,-0.128459,0,24.0,bottom 50%
BTCUSDT,2019-01-07,2.4,0–20,0.0,0.0,0.0,0.0,0.0,0.0,0.0,0.3416,-0.079298,0,20.3,bottom 50%
BTCUSDT,2019-01-08,0.9,0–20,0.0,0.0,0.0,0.0,0.0,0.0,0.0,0.1273,-0.099278,0,11.0,bottom 50%
BTCUSDT,2019-01-09,0.0,0–20,0.0,0.0,0.0,0.0,0.0,0.0,0.0,0.0,-0.094241,0,3.4,bottom 50%
BTCUSDT,2019-01-10,2.8,0–20,0.1419,0.0,0.0,0.0,0.0,0.0,0.0,0.0,-9.8e-05,0,22.5,bottom 50%
BTCUSDT,2019-01-11,3.2,0–20,0.1359,0.0,0.0,0.0,0.0,0.0,0.0,0.0704,-0.008007,0,24.6,bottom 50%
BTCUSDT,2019-01-12,3.2,0–20,0.1508,0.0,0.0,0.0,0.0,0.0,0.0,0.0299,0.018373,1,24.6,bottom 50%
BTCUSDT,2019-01-13,4.2,0–20,0.2119,0.0,0.0,0.0,0.0,0.0,0.0,0.0,0.013527,1,29.6,bottom 50%
BTCUSDT,2019-01-14,3.7,0–20,0.0924,0.0,0.0,0.0,0.0,0.0,0.0,0.2645,-0.035083,0,27.3,bottom 50%
BTCUSDT,2019-01-15,2.7,0–20,0.1375,0.0,0.0,0.0,0.0,0.0,0.0,0.0,-0.007188,0,22.0,bottom 50%
BTCUSDT,2019-01-16,2.7,0–20,0.1182,0.0,0.0,0.0,0.0,0.0,0.0,0.0441,-0.01912,0,22.0,bottom 50%
BTCUSDT,2019-01-17,2.0,0–20,0.0987,0.0,0.0,0.0,0.0,0.0,0.0,0.0,-0.021122,0,17.5,bottom 50%
BTCUSDT,2019-01-18,2.3,0–20,0.1133,0.0,0.0,0.0,0.0,0.0,0.0,0.0,-0.015876,0,19.6,bottom 50%
BTCUSDT,2019-01-19,1.0,0–20,0.0507,0.0,0.0,0.0,0.0,0.0,0.0,0.0,-0.033822,0,11.6,bottom 50%
BTCUSDT,2019-01-20,2.9,0–20,0.1442,0.0,0.0,0.0,0.0,0.0,0.0,0.0,-0.004734,0,22.9,bottom 50%
BTCUSDT,2019-01-21,3.2,0–20,0.1616,0.0,0.0,0.0,0.0,0.0,0.0,0.0,-0.029525,0,24.6,bottom 50%
BTCUSDT,2019-01-22,2.7,0–20,0.1332,0.0,0.0,0.0,0.0,0.0,0.0,0.0,-0.043406,0,22.0,bottom 50%
BTCUSDT,2019-01-23,3.0,0–20,0.1485,0.0,0.0,0.0,0.0,0.0,0.0,0.0,-0.027598,0,23.4,bottom 50%
BTCUSDT,2019-01-24,2.6,0–20,0.1311,0.0,0.0,0.0,0.0,0.0,0.0,0.0,-0.039733,0,21.5,bottom 50%
BTCUSDT,2019-01-25,2.6,0–20,0.1321,0.0,0.0,0.0,0.0,0.0,0.0,0.0,-0.031063,0,21.5,bottom 50%
BTCUSDT,2019-01-26,2.6,0–20,0.1287,0.0,0.0,0.0,0.0,0.0,0.0,0.0,-0.022596,0,21.5,bottom 50%
BTCUSDT,2019-01-27,3.0,0–20,0.1476,0.0,0.0,0.0,0.0,0.0,0.0,0.0,-0.033469,0,23.4,bottom 50%
BTCUSDT,2019-01-28,5.1,0–20,0.2541,0.0,0.0,0.0,0.0,0.0,0.0,0.0,-0.003255,0,33.9,bottom 50%
BTCUSDT,2019-01-29,7.2,0–20,0.2733,0.1132,0.0,0.0,0.0,0.0,0.0,0.0,0.00529,1,44.6,bottom 50%
BTCUSDT,2019-01-30,4.3,0–20,0.2158,0.0,0.0,0.0,0.0,0.0,0.0,0.0,-0.020772,0,30.0,bottom 50%
BTCUSDT,2019-01-31,4.9,0–20,0.2432,0.0,0.0,0.0,0.0,0.0,0.0,0.0,-0.016867,0,32.8,bottom 50%
BTCUSDT,2019-02-01,15.6,0–20,0.1953,0.0,0.0,0.0,0.9018,0.0,0.0,0.0,0.051272,1,83.1,top 25%
BTCUSDT,2019-02-02,14.6,0–20,0.1432,0.0,0.0,0.0,0.9018,0.0,0.0,0.0,0.042641,1,77.8,top 25%
BTCUSDT,2019-02-03,15.9,0–20,0.2073,0.0,0.0,0.0,0.9018,0.0,0.0,0.0,0.065293,1,85.6,top 25%
BTCUSDT,2019-02-04,16.0,0–20,0.2127,0.0,0.0,0.0,0.9018,0.0,0.0,0.0,0.054718,1,85.9,top 25%
BTCUSDT,2019-02-05,15.7,0–20,0.1997,0.0,0.0,0.0,0.9018,0.0,0.0,0.0,0.053996,1,84.2,top 25%
BTCUSDT,2019-02-06,17.0,0–20,0.2621,0.0,0.0,0.0,0.9018,0.0,0.0,0.0,0.063948,1,89.3,top 25%
BTCUSDT,2019-02-07,17.3,0–20,0.2786,0.0,0.0,0.0,0.9018,0.0,0.0,0.0,0.063954,1,90.1,top 10%
BTCUSDT,2019-02-08,11.7,0–20,0.0,0.0,0.0,0.0,0.9018,0.0,0.0,0.0,-0.012537,0,58.4,top 50%
BTCUSDT,2019-02-09,11.7,0–20,0.0,0.0,0.0,0.0,0.9018,0.0,0.0,0.0,-0.011281,0,58.4,top 50%
BTCUSDT,2019-02-10,11.7,0–20,0.0,0.0,0.0,0.0,0.9018,0.0,0.0,0.0,-0.004431,0,58.4,top 50%
BTCUSDT,2019-02-11,11.7,0–20,0.0,0.0,0.0,0.0,0.9018,0.0,0.0,0.0,0.07326,1,58.4,top 50%
BTCUSDT,2019-02-12,11.7,0–20,0.0,0.0,0.0,0.0,0.9018,0.0,0.0,0.0,0.080351,1,58.4,top 50%
BTCUSDT,2019-02-13,12.4,0–20,0.0,0.0,0.0,0.0,0.9018,0.0,0.0,0.0907,0.101251,1,62.9,top 50%
BTCUSDT,2019-02-14,12.4,0–20,0.0,0.0,0.0,0.0,0.9018,0.0,0.0,0.0978,0.09324,1,62.9,top 50%
BTCUSDT,2019-02-15,12.6,0–20,0.0,0.0,0.0,0.0,0.9018,0.0,0.0,0.1195,0.106251,1,63.9,top 50%
BTCUSDT,2019-02-16,12.3,0–20,0.0,0.0,0.0,0.0,0.9018,0.0,0.0,0.0895,0.141259,1,61.9,top 50%
BTCUSDT,2019-02-17,13.6,0–20,0.0,0.0,0.0,0.0,0.9018,0.0,0.0,0.2652,0.037179,1,70.9,top 50%
BTCUSDT,2019-02-18,13.7,0–20,0.0,0.0,0.0,0.0,0.9018,0.0,0.0,0.2876,-0.008432,0,71.5,top 50%
BTCUSDT,2019-02-19,13.2,0–20,0.0,0.0,0.0,0.0,0.9018,0.0,0.0,0.2046,-0.023495,0,68.4,top 50%
BTCUSDT,2019-02-20,13.5,0–20,0.0,0.0,0.0,0.0,0.9018,0.0,0.0,0.2604,-0.037195,0,70.3,top 50%
BTCUSDT,2019-02-21,13.3,0–20,0.0,0.0,0.0,0.0,0.9018,0.0,0.0,0.2215,-0.025121,0,69.0,top 50%
BTCUSDT,2019-02-22,13.4,0–20,0.0,0.0,0.0,0.0,0.9018,0.0,0.0,0.2365,-0.036435,0,69.6,top 50%
BTCUSDT,2019-02-23,16.6,0–20,0.0,0.0,0.0,0.0,0.9018,0.0,0.0,0.6898,-0.067136,0,88.0,top 25%
BTCUSDT,2019-02-24,19.0,0–20,0.0,0.0,0.0,0.0,0.9018,0.0,0.3572,0.6809,0.009644,1,94.8,top 10%
BTCUSDT,2019-02-25,17.0,0–20,0.0,0.0,0.0,0.0,0.9018,0.0,0.0,0.747,-0.0312,0,89.3,top 25%
BTCUSDT,2019-02-26,17.1,0–20,0.0,0.0,0.0,0.0,0.9018,0.0,0.0,0.7715,0.010901,1,89.6,top 25%
BTCUSDT,2019-02-27,17.7,0–20,0.0,0.0,0.0,0.0,0.9018,0.0,0.0,0.857,0.013735,1,91.0,top 10%
BTCUSDT,2019-02-28,15.9,0–20,0.0,0.0,0.0,0.0,0.9018,0.0,0.0,0.6037,0.014709,1,85.6,top 25%
BTCUSDT,2019-03-01,1.3,0–20,0.0,0.0,0.0,0.0,0.0,0.0,0.0,0.1921,0.010765,1,13.4,bottom 50%
BTCUSDT,2019-03-02,1.8,0–20,0.0,0.0,0.0,0.0,0.0,0.0,0.0,0.2596,0.025592,1,16.5,bottom 50%
BTCUSDT,2019-03-03,2.0,0–20,0.0,0.0,0.0,0.0,0.0,0.0,0.0,0.2817,0.027143,1,17.5,bottom 50%
BTCUSDT,2019-03-04,2.7,0–20,0.0445,0.0,0.0,0.0,0.0,0.0,0.0,0.264,0.038194,1,22.0,bottom 50%
BTCUSDT,2019-03-05,2.2,0–20,0.0,0.0,0.0,0.0,0.0,0.0,0.0,0.3099,0.00328,1,18.8,bottom 50%
BTCUSDT,2019-03-06,2.4,0–20,0.0,0.0,0.0,0.0,0.0,0.0,0.0,0.3394,0.000711,1,20.3,bottom 50%
BTCUSDT,2019-03-07,2.4,0–20,0.0,0.0,0.0,0.0,0.0,0.0,0.0,0.3405,0.003294,1,20.3,bottom 50%
BTCUSDT,2019-03-08,2.1,0–20,0.0,0.0,0.0,0.0,0.0,0.0,0.0,0.3037,0.015324,1,18.2,bottom 50%
BTCUSDT,2019-03-09,0.9,0–20,0.0,0.0,0.0,0.0,0.0,0.0,0.0,0.1258,0.021551,1,11.0,bottom 50%
BTCUSDT,2019-03-10,0.0,0–20,0.0,0.0,0.0,0.0,0.0,0.0,0.0,0.0,0.018633,1,3.4,bottom 50%
BTCUSDT,2019-03-11,0.0,0–20,0.0,0.0,0.0,0.0,0.0,0.0,0.0,0.0,0.032592,1,3.4,bottom 50%
BTCUSDT,2019-03-12,0.0,0–20,0.0,0.0,0.0,0.0,0.0,0.0,0.0,0.0,0.04145,1,3.4,bottom 50%
BTCUSDT,2019-03-13,0.0,0–20,0.0,0.0,0.0,0.0,0.0,0.0,0.0,0.0,0.046269,1,3.4,bottom 50%
BTCUSDT,2019-03-14,0.0,0–20,0.0,0.0,0.0,0.0,0.0,0.0,0.0,0.0,0.026745,1,3.4,bottom 50%
BTCUSDT,2019-03-15,0.0,0–20,0.0,0.0,0.0,0.0,0.0,0.0,0.0,0.0,0.01592,1,3.4,bottom 50%
BTCUSDT,2019-03-16,0.9,0–20,0.0,0.0,0.0,0.0,0.0,0.0,0.0,0.129,-0.003186,0,11.0,bottom 50%
BTCUSDT,2019-03-17,0.2,0–20,0.0,0.0,0.0,0.0,0.0,0.0,0.0,0.0351,-0.00076,0,7.4,bottom 50%
BTCUSDT,2019-03-18,0.5,0–20,0.0,0.0,0.0,0.0,0.0,0.0,0.0,0.0701,-0.017219,0,8.9,bottom 50%
BTCUSDT,2019-03-19,0.7,0–20,0.0,0.0,0.0,0.0,0.0,0.0,0.0,0.0988,-0.021151,0,9.9,bottom 50%
BTCUSDT,2019-03-20,1.0,0–20,0.0,0.0,0.0,0.0,0.0,0.0,0.0,0.1421,-0.0001,0,11.6,bottom 50%
BTCUSDT,2019-03-21,1.7,0–20,0.0,0.0,0.0,0.0,0.0,0.0,0.0,0.2439,0.009873,1,16.0,bottom 50%
BTCUSDT,2019-03-22,1.5,0–20,0.0,0.0,0.0,0.0,0.0,0.0,0.0,0.208,0.018491,1,14.8,bottom 50%
BTCUSDT,2019-03-23,1.7,0–20,0.0,0.0,0.0,0.0,0.0,0.0,0.0,0.2411,0.017551,1,16.0,bottom 50%
BTCUSDT,2019-03-24,2.8,0–20,0.0,0.0,0.0,0.0,0.0,0.0,0.0,0.4066,0.020694,1,22.5,bottom 50%
BTCUSDT,2019-03-25,1.7,0–20,0.0,0.0,0.0,0.0,0.0,0.0,0.0,0.2378,0.049233,1,16.0,bottom 50%
BTCUSDT,2019-03-26,1.1,0–20,0.0,0.0,0.0,0.0,0.0,0.0,0.0,0.1588,0.224537,1,12.2,bottom 50%
BTCUSDT,2019-03-27,1.0,0–20,0.0,0.0,0.0,0.0,0.0,0.0,0.0,0.146,0.216771,1,11.6,bottom 50%
BTCUSDT,2019-03-28,1.2,0–20,0.0,0.0,0.0,0.0,0.0,0.0,0.0,0.1741,0.209798,1,12.8,bottom 50%
BTCUSDT,2019-03-29,0.5,0–20,0.0,0.0,0.0,0.0,0.0,0.0,0.0,0.0757,0.228946,1,8.9,bottom 50%
BTCUSDT,2019-03-30,0.1,0–20,0.0,0.0,0.0,0.0,0.0,0.0,0.0,0.015,0.2321,1,7.0,bottom 50%
BTCUSDT,2019-03-31,0.7,0–20,0.0,0.0,0.0,0.0,0.0,0.0,0.0,0.1053,0.266354,1,9.9,bottom 50%
BTCUSDT,2019-04-01,12.6,0–20,0.0,0.0,0.0,0.0,0.8454,0.0,0.0,0.2315,0.272135,1,63.9,top 50%
BTCUSDT,2019-04-02,12.7,0–20,0.0,0.0,0.0,0.0,0.8454,0.0,0.0,0.2492,0.066617,1,64.5,top 50%
BTCUSDT,2019-04-03,12.9,0–20,0.0,0.0,0.0,0.0,0.8454,0.0,0.0,0.269,0.070687,1,65.5,top 50%
BTCUSDT,2019-04-04,12.5,0–20,0.0,0.0,0.0,0.0,0.8454,0.0,0.0,0.2205,0.028782,1,63.4,top 50%
BTCUSDT,2019-04-05,11.6,0–20,0.0,0.0,0.0,0.0,0.8454,0.0,0.0,0.0859,0.010495,1,57.5,top 50%
BTCUSDT,2019-04-06,12.4,0–20,0.0,0.0,0.0,0.0,0.8454,0.0,0.0,0.201,0.007267,1,62.9,top 50%
BTCUSDT,2019-04-07,18.0,0–20,0.0,0.0,0.0,0.0,0.8454,0.0,0.0,1.0,-0.005996,0,92.0,top 10%
BTCUSDT,2019-04-08,18.0,0–20,0.0,0.0,0.0,0.0,0.8454,0.0,0.0,1.0,-0.042093,0,92.0,top 10%
BTCUSDT,2019-04-09,18.0,0–20,0.0,0.0,0.0,0.0,0.8454,0.0,0.0,1.0,0.005879,1,92.0,top 10%
BTCUSDT,2019-04-10,18.0,0–20,0.0,0.0,0.0,0.0,0.8454,0.0,0.0,1.0,-0.013638,0,92.0,top 10%
BTCUSDT,2019-04-11,18.0,0–20,0.0,0.0,0.0,0.0,0.8454,0.0,0.0,1.0,0.046184,1,92.0,top 10%
BTCUSDT,2019-04-12,18.0,0–20,0.0,0.0,0.0,0.0,0.8454,0.0,0.0,1.0,0.042101,1,92.0,top 10%
BTCUSDT,2019-04-13,18.0,0–20,0.0,0.0,0.0,0.0,0.8454,0.0,0.0,1.0,0.047345,1,92.0,top 10%
BTCUSDT,2019-04-14,18.0,0–20,0.0,0.0,0.0,0.0,0.8454,0.0,0.0,1.0,0.028409,1,92.0,top 10%
BTCUSDT,2019-04-15,18.0,0–20,0.0,0.0,0.0,0.0,0.8454,0.0,0.0,1.0,0.065571,1,92.0,top 10%
BTCUSDT,2019-04-16,18.0,0–20,0.0,0.0,0.0,0.0,0.8454,0.0,0.0,1.0,0.06433,1,92.0,top 10%
BTCUSDT,2019-04-17,18.0,0–20,0.0,0.0,0.0,0.0,0.8454,0.0,0.0,1.0,0.040543,1,92.0,top 10%
BTCUSDT,2019-04-18,18.0,0–20,0.0,0.0,0.0,0.0,0.8454,0.0,0.0,1.0,-0.016584,0,92.0,top 10%
BTCUSDT,2019-04-19,18.0,0–20,0.0,0.0,0.0,0.0,0.8454,0.0,0.0,1.0,-0.004613,0,92.0,top 10%
BTCUSDT,2019-04-20,18.0,0–20,0.0,0.0,0.0,0.0,0.8454,0.0,0.0,1.0,-0.013038,0,92.0,top 10%
BTCUSDT,2019-04-21,18.0,0–20,0.0,0.0,0.0,0.0,0.8454,0.0,0.0,1.0,-0.005531,0,92.0,top 10%
BTCUSDT,2019-04-22,13.7,0–20,0.0,0.0,0.0,0.0,0.8454,0.0,0.0,0.3919,-0.028154,0,71.5,top 50%
BTCUSDT,2019-04-23,13.4,0–20,0.0,0.0,0.0,0.0,0.8454,0.0,0.0,0.344,-0.039774,0,69.6,top 50%
BTCUSDT,2019-04-24,13.8,0–20,0.0,0.0,0.0,0.0,0.8454,0.0,0.0,0.3987,-0.011376,0,72.1,top 50%
BTCUSDT,2019-04-25,13.0,0–20,0.0,0.0,0.0,0.0,0.8454,0.0,0.0,0.2919,0.056572,1,66.6,top 50%
BTCUSDT,2019-04-26,12.7,0–20,0.0,0.0,0.0,0.0,0.8454,0.0,0.0,0.25,0.092614,1,64.5,top 50%
BTCUSDT,2019-04-27,12.3,0–20,0.0,0.0,0.0,0.0,0.8454,0.0,0.0,0.1881,0.106842,1,61.9,top 50%
BTCUSDT,2019-04-28,12.8,0–20,0.0,0.0,0.0,0.0,0.8454,0.0,0.0,0.2533,0.096605,1,65.0,top 50%
BTCUSDT,2019-04-29,12.7,0–20,0.0,0.0,0.0,0.0,0.8454,0.0,0.0,0.2397,0.095182,1,64.5,top 50%
BTCUSDT,2019-04-30,11.0,0–20,0.0,0.0,0.0,0.0,0.8454,0.0,0.0,0.0,0.089478,1,54.9,top 50%
BTCUSDT,2019-05-01,8.8,0–20,0.0,0.0,0.0,0.0,0.5591,0.0,0.0,0.2171,0.107309,1,49.2,bottom 50%
BTCUSDT,2019-05-02,8.6,0–20,0.0,0.0,0.0,0.0,0.5591,0.0,0.0,0.1835,0.121564,1,48.3,bottom 50%
BTCUSDT,2019-05-03,8.7,0–20,0.0,0.0,0.0,0.0,0.5591,0.0,0.0,0.2019,0.105848,1,48.8,bottom 50%
BTCUSDT,2019-05-04,7.9,0–20,0.0,0.0,0.0,0.0,0.5591,0.0,0.0,0.0856,0.235562,1,46.9,bottom 50%
BTCUSDT,2019-05-05,9.4,0–20,0.0,0.0,0.0,0.0,0.5591,0.0,0.0,0.3031,0.203023,1,50.6,top 50%
BTCUSDT,2019-05-06,8.5,0–20,0.0,0.0,0.0,0.0,0.5591,0.0,0.0,0.1698,0.359871,1,48.1,bottom 50%
BTCUSDT,2019-05-07,9.1,0–20,0.0,0.0,0.0,0.0,0.5591,0.0,0.0,0.2554,0.371372,1,49.9,bottom 50%
BTCUSDT,2019-05-08,10.5,0–20,0.0,0.0,0.0,0.0,0.5591,0.0,0.0,0.4599,0.371538,1,53.1,top 50%
BTCUSDT,2019-05-09,11.0,0–20,0.0,0.0,0.0,0.0,0.5591,0.0,0.0,0.5264,0.277006,1,54.9,top 50%
BTCUSDT,2019-05-10,10.6,0–20,0.0,0.0,0.0,0.0,0.5591,0.0,0.0,0.472,0.151288,1,53.3,top 50%
BTCUSDT,2019-05-11,10.8,0–20,0.0,0.0,0.0,0.0,0.5591,0.0,0.0,0.5099,0.009221,1,53.9,top 50%
BTCUSDT,2019-05-12,10.6,0–20,0.0,0.0,0.0,0.0,0.5591,0.0,0.0,0.4764,0.175739,1,53.3,top 50%
BTCUSDT,2019-05-13,10.6,0–20,0.0,0.0,0.0,0.0,0.5591,0.0,0.0,0.4807,0.020908,1,53.3,top 50%
BTCUSDT,2019-05-14,13.2,0–20,0.0,0.0,0.0,0.0,0.5591,0.0,0.0,0.8407,-0.003889,0,68.4,top 50%
BTCUSDT,2019-05-15,14.3,0–20,0.0,0.0,0.0,0.0,0.5591,0.0,0.0,1.0,-0.063996,0,75.4,top 25%
BTCUSDT,2019-05-16,14.3,0–20,0.0,0.0,0.0,0.0,0.5591,0.0,0.0,1.0,-0.000388,0,75.4,top 25%
BTCUSDT,2019-05-17,17.6,0–20,0.0,0.0,0.0,0.0,0.5591,0.0,0.4702,1.0,0.087621,1,90.7,top 10%
BTCUSDT,2019-05-18,14.3,0–20,0.0,0.0,0.0,0.0,0.5591,0.0,0.0,1.0,0.107456,1,75.4,top 25%
BTCUSDT,2019-05-19,14.3,0–20,0.0,0.0,0.0,0.0,0.5591,0.0,0.0,1.0,0.058007,1,75.4,top 25%
BTCUSDT,2019-05-20,14.3,0–20,0.0,0.0,0.0,0.0,0.5591,0.0,0.0,1.0,0.103715,1,75.4,top 25%
BTCUSDT,2019-05-21,14.3,0–20,0.0,0.0,0.0,0.0,0.5591,0.0,0.0,1.0,0.095015,1,75.4,top 25%
BTCUSDT,2019-05-22,14.3,0–20,0.0,0.0,0.0,0.0,0.5591,0.0,0.0,1.0,0.127528,1,75.4,top 25%
BTCUSDT,2019-05-23,14.3,0–20,0.0,0.0,0.0,0.0,0.5591,0.0,0.0,1.0,0.055523,1,75.4,top 25%
BTCUSDT,2019-05-24,14.3,0–20,0.0,0.0,0.0,0.0,0.5591,0.0,0.0,1.0,0.073507,1,75.4,top 25%
BTCUSDT,2019-05-25,14.3,0–20,0.0,0.0,0.0,0.0,0.5591,0.0,0.0,1.0,0.063517,1,75.4,top 25%
BTCUSDT,2019-05-26,14.3,0–20,0.0,0.0,0.0,0.0,0.5591,0.0,0.0,1.0,0.008041,1,75.4,top 25%
BTCUSDT,2019-05-27,14.3,0–20,0.0,0.0,0.0,0.0,0.5591,0.0,0.0,1.0,-0.067772,0,75.4,top 25%
BTCUSDT,2019-05-28,14.3,0–20,0.0,0.0,0.0,0.0,0.5591,0.0,0.0,1.0,-0.116077,0,75.4,top 25%
BTCUSDT,2019-05-29,14.3,0–20,0.0,0.0,0.0,0.0,0.5591,0.0,0.0,1.0,-0.096456,0,75.4,top 25%
BTCUSDT,2019-05-30,14.3,0–20,0.0,0.0,0.0,0.0,0.5591,0.0,0.0,1.0,-0.059793,0,75.4,top 25%
BTCUSDT,2019-05-31,14.3,0–20,0.0,0.0,0.0,0.0,0.5591,0.0,0.0,1.0,-0.061875,0,75.4,top 25%
BTCUSDT,2019-06-01,7.0,0–20,0.0,0.0,0.0,0.0,0.0,0.0,0.0,1.0,-0.071215,0,41.8,bottom 50%
BTCUSDT,2019-06-02,4.1,0–20,0.0,0.0,0.0,0.0,0.0,0.0,0.0,0.5806,-0.120655,0,29.3,bottom 50%
BTCUSDT,2019-06-03,2.8,0–20,0.0,0.0,0.0,0.0,0.0,0.0,0.0,0.3943,-0.025419,0,22.5,bottom 50%
BTCUSDT,2019-06-04,0.9,0–20,0.0239,0.0,0.0,0.0,0.0,0.0,0.0,0.0645,0.028535,1,11.0,bottom 50%
BTCUSDT,2019-06-05,2.8,0–20,0.0,0.0,0.0,0.0,0.0,0.0,0.0,0.399,0.041106,1,22.5,bottom 50%
BTCUSDT,2019-06-06,5.3,0–20,0.0,0.0,0.0,0.0,0.0,0.0,0.0,0.7587,0.052276,1,34.6,bottom 50%
BTCUSDT,2019-06-07,6.5,0–20,0.0,0.0,0.0,0.0,0.0,0.0,0.0,0.9311,0.080791,1,38.3,bottom 50%
BTCUSDT,2019-06-08,0.0,0–20,0.0,0.0,0.0,0.0,0.0,0.0,0.0,0.0067,0.111168,1,3.4,bottom 50%
BTCUSDT,2019-06-09,0.9,0–20,0.0426,0.0,0.0,0.0,0.0,0.0,0.0,0.0,0.169927,1,11.0,bottom 50%
BTCUSDT,2019-06-10,0.0,0–20,0.0,0.0,0.0,0.0,0.0,0.0,0.0,0.0,0.164996,1,3.4,bottom 50%
BTCUSDT,2019-06-11,0.7,0–20,0.0,0.0,0.0,0.0,0.0,0.0,0.0,0.0937,0.145571,1,9.9,bottom 50%
BTCUSDT,2019-06-12,0.7,0–20,0.0,0.0,0.0,0.0,0.0,0.0,0.0,0.1041,0.138434,1,9.9,bottom 50%
BTCUSDT,2019-06-13,0.0,0–20,0.0,0.0,0.0,0.0,0.0,0.0,0.0,0.0,0.157484,1,3.4,bottom 50%
BTCUSDT,2019-06-14,0.0,0–20,0.0,0.0,0.0,0.0,0.0,0.0,0.0,0.0,0.166868,1,3.4,bottom 50%
BTCUSDT,2019-06-15,0.0,0–20,0.0,0.0,0.0,0.0,0.0,0.0,0.0,0.0,0.210821,1,3.4,bottom 50%
BTCUSDT,2019-06-16,0.0,0–20,0.0,0.0,0.0,0.0,0.0,0.0,0.0,0.0,0.206891,1,3.4,bottom 50%
BTCUSDT,2019-06-17,0.0,0–20,0.0,0.0,0.0,0.0,0.0,0.0,0.0,0.0,0.181404,1,3.4,bottom 50%
BTCUSDT,2019-06-18,0.0,0–20,0.0,0.0,0.0,0.0,0.0,0.0,0.0,0.0,0.298307,1,3.4,bottom 50%
BTCUSDT,2019-06-19,1.7,0–20,0.0,0.0,0.0,0.0,0.0,0.0,0.0,0.24,0.403591,1,16.0,bottom 50%
BTCUSDT,2019-06-20,1.2,0–20,0.0,0.0,0.0,0.0,0.0,0.0,0.0,0.1659,0.173782,1,12.8,bottom 50%
BTCUSDT,2019-06-21,2.0,0–20,0.0,0.0,0.0,0.0,0.0,0.0,0.0,0.2835,0.223053,1,17.5,bottom 50%
BTCUSDT,2019-06-22,2.7,0–20,0.0,0.0,0.0,0.0,0.0,0.0,0.0,0.3791,0.117522,1,22.0,bottom 50%
BTCUSDT,2019-06-23,4.4,0–20,0.0,0.0,0.0,0.0,0.0,0.0,0.0,0.6354,-0.00352,0,30.5,bottom 50%
BTCUSDT,2019-06-24,7.0,0–20,0.0,0.0,0.0,0.0,0.0,0.0,0.0,1.0,-0.038867,0,41.8,bottom 50%
BTCUSDT,2019-06-25,7.0,0–20,0.0,0.0,0.0,0.0,0.0,0.0,0.0,1.0,-0.083898,0,41.8,bottom 50%
BTCUSDT,2019-06-26,7.0,0–20,0.0,0.0,0.0,0.0,0.0,0.0,0.0,1.0,-0.08105,0,41.8,bottom 50%
BTCUSDT,2019-06-27,7.0,0–20,0.0,0.0,0.0,0.0,0.0,0.0,0.0,1.0,0.002918,1,41.8,bottom 50%
BTCUSDT,2019-06-28,7.0,0–20,0.0,0.0,0.0,0.0,0.0,0.0,0.0,1.0,-0.115164,0,41.8,bottom 50%
BTCUSDT,2019-06-29,7.0,0–20,0.0,0.0,0.0,0.0,0.0,0.0,0.0,1.0,-0.062781,0,41.8,bottom 50%
BTCUSDT,2019-06-30,7.0,0–20,0.0,0.0,0.0,0.0,0.0,0.0,0.0,1.0,0.058582,1,41.8,bottom 50%
BTCUSDT,2019-07-01,19.3,0–20,0.0,0.0,0.0,0.0,0.9458,0.0,0.0,1.0,0.1609,1,95.3,top 10%
BTCUSDT,2019-07-02,19.3,0–20,0.0,0.0,0.0,0.0,0.9458,0.0,0.0,1.0,0.164061,1,95.3,top 10%
BTCUSDT,2019-07-03,19.3,0–20,0.0,0.0,0.0,0.0,0.9458,0.0,0.0,1.0,0.016323,1,95.3,top 10%
BTCUSDT,2019-07-04,19.3,0–20,0.0,0.0,0.0,0.0,0.9458,0.0,0.0,1.0,0.01277,1,95.3,top 10%
BTCUSDT,2019-07-05,19.3,0–20,0.0,0.0,0.0,0.0,0.9458,0.0,0.0,1.0,0.076288,1,95.3,top 10%
BTCUSDT,2019-07-06,18.8,0–20,0.0,0.0,0.0,0.0,0.9458,0.0,0.0,0.9353,0.016401,1,94.4,top 10%
BTCUSDT,2019-07-07,18.2,0–20,0.0,0.0,0.0,0.0,0.9458,0.0,0.0,0.8424,-0.104341,0,92.8,top 10%
BTCUSDT,2019-07-08,19.3,0–20,0.0,0.0,0.0,0.0,0.9458,0.0,0.0,1.0,-0.113208,0,95.3,top 10%
BTCUSDT,2019-07-09,19.3,0–20,0.0,0.0,0.0,0.0,0.9458,0.0,0.0,1.0,-0.24624,0,95.3,top 10%
BTCUSDT,2019-07-10,18.2,0–20,0.0,0.0,0.0,0.0,0.9458,0.0,0.0,0.8434,-0.202584,0,92.8,top 10%
BTCUSDT,2019-07-11,16.0,0–20,0.0,0.0,0.0,0.0,0.9458,0.0,0.0,0.5314,-0.060938,0,85.9,top 25%
BTCUSDT,2019-07-12,14.8,0–20,0.0,0.0,0.0,0.0,0.9458,0.0,0.0,0.3612,-0.108772,0,78.8,top 25%
BTCUSDT,2019-07-13,16.6,0–20,0.0,0.0,0.0,0.0,0.9458,0.0,0.0,0.611,-0.054882,0,88.0,top 25%
BTCUSDT,2019-07-14,18.2,0–20,0.0934,0.0,0.0,0.0,0.9458,0.0,0.0,0.5788,0.033448,1,92.8,top 10%
BTCUSDT,2019-07-15,13.4,0–20,0.005,0.0,0.0,0.0,0.9458,0.0,0.0,0.1389,-0.050664,0,69.6,top 50%
BTCUSDT,2019-07-16,17.6,0–20,0.166,0.1343,0.0,0.0,0.9458,0.0,0.0,0.0,0.044645,1,90.7,top 10%
BTCUSDT,2019-07-17,16.6,0–20,0.1358,0.0,0.0,0.0,0.9458,0.0,0.0,0.2323,0.012185,1,88.0,top 25%
BTCUSDT,2019-07-18,12.5,0–20,0.0092,0.0,0.0,0.0,0.9458,0.0,0.0,0.0,-0.070749,0,63.4,top 50%
BTCUSDT,2019-07-19,12.8,0–20,0.0256,0.0,0.0,0.0,0.9458,0.0,0.0,0.0,-0.062714,0,65.0,top 50%
BTCUSDT,2019-07-20,12.5,0–20,0.0,0.0,0.0,0.0,0.9458,0.0,0.0,0.0356,-0.119759,0,63.4,top 50%
BTCUSDT,2019-07-21,12.6,0–20,0.0174,0.0,0.0,0.0,0.9458,0.0,0.0,0.0,-0.098711,0,63.9,top 50%
BTCUSDT,2019-07-22,13.3,0–20,0.0522,0.0,0.0,0.0,0.9458,0.0,0.0,0.0,-0.079663,0,69.0,top 50%
BTCUSDT,2019-07-23,14.5,0–20,0.111,0.0,0.0,0.0,0.9458,0.0,0.0,0.0,-0.029628,0,77.3,top 25%
BTCUSDT,2019-07-24,14.8,0–20,0.1227,0.0,0.0,0.0,0.9458,0.0,0.0,0.0,0.027895,1,78.8,top 25%
BTCUSDT,2019-07-25,14.4,0–20,0.105,0.0,0.0,0.0,0.9458,0.0,0.0,0.0,0.049217,1,76.7,top 25%
BTCUSDT,2019-07-26,14.5,0–20,0.1113,0.0,0.0,0.0,0.9458,0.0,0.0,0.0,0.065638,1,77.3,top 25%
BTCUSDT,2019-07-27,15.7,0–20,0.1705,0.0,0.0,0.0,0.9458,0.0,0.0,0.0,0.141812,1,84.2,top 25%
BTCUSDT,2019-07-28,15.4,0–20,0.1546,0.0,0.0,0.0,0.9458,0.0,0.0,0.0,0.148366,1,82.1,top 25%
BTCUSDT,2019-07-29,15.5,0–20,0.1601,0.0,0.0,0.0,0.9458,0.0,0.0,0.0,0.240201,1,82.6,top 25%
BTCUSDT,2019-07-30,15.1,0–20,0.1392,0.0,0.0,0.0,0.9458,0.0,0.0,0.0,0.194719,1,80.7,top 25%
BTCUSDT,2019-07-31,12.9,0–20,0.031,0.0,0.0,0.0,0.9458,0.0,0.0,0.0,0.184058,1,65.5,top 50%
BTCUSDT,2019-08-01,0.0,0–20,0.0,0.0,0.0,0.0,0.0,0.0,0.0,0.0,0.150653,1,3.4,bottom 50%
BTCUSDT,2019-08-02,0.0,0–20,0.0,0.0,0.0,0.0,0.0,0.0,0.0,0.0,0.127851,1,3.4,bottom 50%
BTCUSDT,2019-08-03,0.0,0–20,0.0,0.0,0.0,0.0,0.0,0.0,0.0,0.0,0.049188,1,3.4,bottom 50%
BTCUSDT,2019-08-04,0.0,0–20,0.0,0.0,0.0,0.0,0.0,0.0,0.0,0.0,0.050445,1,3.4,bottom 50%
BTCUSDT,2019-08-05,2.6,0–20,0.0,0.0,0.0,0.0,0.0,0.0,0.0,0.3754,-0.035833,0,21.5,bottom 50%
BTCUSDT,2019-08-06,2.8,0–20,0.0,0.0,0.0,0.0,0.0,0.0,0.0,0.4018,-0.050734,0,22.5,bottom 50%
BTCUSDT,2019-08-07,0.0,0–20,0.0,0.0,0.0,0.0,0.0,0.0,0.0,0.0,-0.158288,0,3.4,bottom 50%
BTCUSDT,2019-08-08,1.1,0–20,0.0,0.0,0.0,0.0,0.0,0.0,0.0,0.1528,-0.138292,0,12.2,bottom 50%
BTCUSDT,2019-08-09,0.7,0–20,0.0,0.0,0.0,0.0,0.0,0.0,0.0,0.102,-0.125483,0,9.9,bottom 50%
BTCUSDT,2019-08-10,3.8,0–20,0.0,0.0,0.0,0.0,0.0,0.0,0.0,0.5474,-0.098844,0,27.8,bottom 50%
BTCUSDT,2019-08-11,3.9,0–20,0.0,0.0,0.0,0.0,0.0,0.0,0.0,0.5509,-0.102205,0,28.3,bottom 50%
BTCUSDT,2019-08-12,6.9,0–20,0.0,0.0,0.0,0.0,0.0,0.0,0.0,0.9825,-0.040989,0,39.1,bottom 50%
BTCUSDT,2019-08-13,7.1,0–20,0.007,0.0,0.0,0.0,0.0,0.0,0.0,0.9997,-0.01217,0,44.5,bottom 50%
BTCUSDT,2019-08-14,9.3,0–20,0.1726,0.0,0.0,0.0,0.0,0.0,0.0,0.834,0.00859,1,50.4,top 50%
BTCUSDT,2019-08-15,7.0,0–20,0.1112,0.0,0.0,0.0,0.0,0.0,0.0,0.6826,-0.017504,0,41.8,bottom 50%
BTCUSDT,2019-08-16,8.7,0–20,0.0963,0.0,0.0,0.0,0.0,0.0,0.0,0.9717,0.003241,1,48.8,bottom 50%
BTCUSDT,2019-08-17,8.5,0–20,0.125,0.0,0.0,0.0,0.0,0.0,0.0,0.8609,-0.007016,0,48.1,bottom 50%
BTCUSDT,2019-08-18,6.7,0–20,0.095,0.0,0.0,0.0,0.0,0.0,0.0,0.6866,-0.020036,0,38.7,bottom 50%
BTCUSDT,2019-08-19,1.8,0–20,0.0,0.0,0.0,0.0,0.0,0.0,0.0,0.2511,-0.049948,0,16.5,bottom 50%
BTCUSDT,2019-08-20,0.8,0–20,0.0,0.0,0.0,0.0,0.0,0.0,0.0,0.1169,-0.053676,0,10.5,bottom 50%
BTCUSDT,2019-08-21,2.6,0–20,0.1283,0.0,0.0,0.0,0.0,0.0,0.0,0.0,-0.03784,0,21.5,bottom 50%
BTCUSDT,2019-08-22,2.6,0–20,0.1297,0.0,0.0,0.0,0.0,0.0,0.0,0.0,-0.061282,0,21.5,bottom 50%
BTCUSDT,2019-08-23,1.1,0–20,0.0573,0.0,0.0,0.0,0.0,0.0,0.0,0.0,-0.077805,0,12.2,bottom 50%
BTCUSDT,2019-08-24,2.2,0–20,0.1122,0.0,0.0,0.0,0.0,0.0,0.0,0.0,-0.052096,0,18.8,bottom 50%
BTCUSDT,2019-08-25,2.3,0–20,0.117,0.0,0.0,0.0,0.0,0.0,0.0,0.0,-0.037535,0,19.6,bottom 50%
BTCUSDT,2019-08-26,1.0,0–20,0.0508,0.0,0.0,0.0,0.0,0.0,0.0,0.0,-0.00232,0,11.6,bottom 50%
BTCUSDT,2019-08-27,1.9,0–20,0.0968,0.0,0.0,0.0,0.0,0.0,0.0,0.0,0.043006,1,17.1,bottom 50%
BTCUSDT,2019-08-28,3.9,0–20,0.1944,0.0,0.0,0.0,0.0,0.0,0.0,0.0,0.086122,1,28.3,bottom 50%
BTCUSDT,2019-08-29,4.9,0–20,0.2443,0.0,0.0,0.0,0.0,0.0,0.0,0.0,0.11202,1,32.8,bottom 50%
BTCUSDT,2019-08-30,4.3,0–20,0.2151,0.0,0.0,0.0,0.0,0.0,0.0,0.0,0.078674,1,30.0,bottom 50%
BTCUSDT,2019-08-31,4.1,0–20,0.2039,0.0,0.0,0.0,0.0,0.0,0.0,0.0,0.092059,1,29.3,bottom 50%
BTCUSDT,2019-09-01,3.2,0–20,0.1587,0.0,0.0,0.0,0.0,0.0,0.0,0.0,0.070025,1,24.6,bottom 50%
BTCUSDT,2019-09-02,0.0,0–20,0.0,0.0,0.0,0.0,0.0,0.0,0.0,0.0,-0.001139,0,3.4,bottom 50%
BTCUSDT,2019-09-03,0.0,0–20,0.0,0.0,0.0,0.0,0.0,0.0,0.0,0.0,-0.047777,0,3.4,bottom 50%
BTCUSDT,2019-09-04,0.0,0–20,0.0,0.0,0.0,0.0,0.0,0.0,0.0,0.0,-0.039277,0,3.4,bottom 50%
BTCUSDT,2019-09-05,0.0,0–20,0.0,0.0,0.0,0.0,0.0,0.0,0.0,0.0,-0.01564,0,3.4,bottom 50%
BTCUSDT,2019-09-06,0.0,0–20,0.0,0.0,0.0,0.0,0.0,0.0,0.0,0.0,0.0007,1,3.4,bottom 50%
BTCUSDT,2019-09-07,0.0,0–20,0.0,0.0,0.0,0.0,0.0,0.0,0.0,0.0005,-0.015138,0,3.4,bottom 50%
BTCUSDT,2019-09-08,0.0,0–20,0.0,0.0,0.0,0.0,0.0,0.0,0.0,0.0,-0.008961,0,3.4,bottom 50%
BTCUSDT,2019-09-09,0.1,0–20,0.0059,0.0,0.0,0.0,0.0,0.0,0.0,0.0,-0.005629,0,7.0,bottom 50%
BTCUSDT,2019-09-10,3.0,0–20,0.0799,0.0,0.0,0.0,0.0,0.0,0.0,0.2064,0.012386,1,23.4,bottom 50%
BTCUSDT,2019-09-11,1.9,0–20,0.0558,0.0,0.0,0.0,0.0,0.0,0.0,0.1078,0.001953,1,17.1,bottom 50%
BTCUSDT,2019-09-12,0.4,0–20,0.0,0.0,0.0,0.0,0.0,0.0,0.0,0.052,-0.013805,0,8.4,bottom 50%
BTCUSDT,2019-09-13,1.0,0–20,0.0,0.0,0.0,0.0,0.0,0.0,0.0,0.1374,-0.017268,0,11.6,bottom 50%
BTCUSDT,2019-09-14,0.7,0–20,0.0,0.0,0.0,0.0,0.0,0.0,0.0,0.0971,-0.032664,0,9.9,bottom 50%
BTCUSDT,2019-09-15,0.0,0–20,0.0,0.0,0.0,0.0,0.0,0.0,0.0,0.0,-0.0268,0,3.4,bottom 50%
BTCUSDT,2019-09-16,0.5,0–20,0.0259,0.0,0.0,0.0,0.0,0.0,0.0,0.0,-0.053272,0,8.9,bottom 50%
BTCUSDT,2019-09-17,3.2,0–20,0.0424,0.0,0.0,0.0,0.0,0.0,0.0,0.3307,-0.158252,0,24.6,bottom 50%
BTCUSDT,2019-09-18,4.3,0–20,0.0631,0.0,0.0,0.0,0.0,0.0,0.0,0.4401,-0.167799,0,30.0,bottom 50%
BTCUSDT,2019-09-19,3.3,0–20,0.0253,0.0,0.0,0.0,0.0,0.0,0.0,0.3923,-0.209172,0,25.2,bottom 50%
BTCUSDT,2019-09-20,4.0,0–20,0.0696,0.0,0.0,0.0,0.0,0.0,0.0,0.3663,-0.189537,0,28.9,bottom 50%
BTCUSDT,2019-09-21,4.8,0–20,0.149,0.0,0.0,0.0,0.0,0.0,0.0,0.2592,-0.177031,0,32.4,bottom 50%
BTCUSDT,2019-09-22,2.3,0–20,0.1169,0.0,0.0,0.0,0.0,0.0,0.0,0.0,-0.195246,0,19.6,bottom 50%
BTCUSDT,2019-09-23,8.9,0–20,0.2658,0.2362,0.0,0.0,0.0,0.0,0.0,0.0,-0.147539,0,49.4,bottom 50%
BTCUSDT,2019-09-24,24.7,20–40,0.5383,0.5929,0.0,0.0,0.0,0.0,0.7151,0.0,-0.032166,0,99.2,top 10%
BTCUSDT,2019-09-25,20.2,20–40,0.5595,0.2978,0.0,0.0,0.0,0.0,0.6487,0.0,-0.01107,0,97.2,top 10%
BTCUSDT,2019-09-26,15.5,0–20,0.6124,0.2157,0.0,0.0,0.0,0.0,0.0,0.0,0.01737,1,82.6,top 25%
BTCUSDT,2019-09-27,11.0,0–20,0.5405,0.0154,0.0,0.0,0.0,0.0,0.0,0.0,-0.005563,0,54.9,top 50%
BTCUSDT,2019-09-28,10.8,0–20,0.5415,0.0,0.0,0.0,0.0,0.0,0.0,0.0,-0.01145,0,53.9,top 50%
BTCUSDT,2019-09-29,11.3,0–20,0.5654,0.0,0.0,0.0,0.0,0.0,0.0,0.0,-0.014317,0,56.5,top 50%
BTCUSDT,2019-09-30,9.1,0–20,0.456,0.0,0.0,0.0,0.0,0.0,0.0,0.0,-0.005817,0,49.9,bottom 50%
BTCUSDT,2019-10-01,21.6,20–40,0.428,0.0,0.0,0.0,1.0,0.0,0.0,0.0,-0.013723,0,98.0,top 10%
BTCUSDT,2019-10-02,21.0,20–40,0.3988,0.0,0.0,0.0,1.0,0.0,0.0,0.0,0.024151,1,97.8,top 10%
BTCUSDT,2019-10-03,21.6,20–40,0.4322,0.0,0.0,0.0,1.0,0.0,0.0,0.0,0.039526,1,98.0,top 10%
BTCUSDT,2019-10-04,21.9,20–40,0.4457,0.0,0.0,0.0,1.0,0.0,0.0,0.0,0.014114,1,98.1,top 10%
BTCUSDT,2019-10-05,22.2,20–40,0.4596,0.0,0.0,0.0,1.0,0.0,0.0,0.0,0.022702,1,98.2,top 10%
BTCUSDT,2019-10-06,23.0,20–40,0.5001,0.0,0.0,0.0,1.0,0.0,0.0,0.0,0.041668,1,98.6,top 10%
BTCUSDT,2019-10-07,19.6,0–20,0.3307,0.0,0.0,0.0,1.0,0.0,0.0,0.0,0.015652,1,95.8,top 10%
BTCUSDT,2019-10-08,19.7,0–20,0.336,0.0,0.0,0.0,1.0,0.0,0.0,0.0,-0.002845,0,95.9,top 10%
BTCUSDT,2019-10-09,15.5,0–20,0.1272,0.0,0.0,0.0,1.0,0.0,0.0,0.0,-0.063777,0,82.6,top 25%
BTCUSDT,2019-10-10,15.6,0–20,0.1309,0.0,0.0,0.0,1.0,0.0,0.0,0.0,-0.0562,0,83.1,top 25%
BTCUSDT,2019-10-11,17.6,0–20,0.231,0.0,0.0,0.0,1.0,0.0,0.0,0.0,-0.041884,0,90.7,top 10%
BTCUSDT,2019-10-12,17.5,0–20,0.2225,0.0,0.0,0.0,1.0,0.0,0.0,0.0,-0.041743,0,90.5,top 10%
BTCUSDT,2019-10-13,17.6,0–20,0.2285,0.0,0.0,0.0,1.0,0.0,0.0,0.0,-0.011889,0,90.7,top 10%
BTCUSDT,2019-10-14,16.9,0–20,0.1942,0.0,0.0,0.0,1.0,0.0,0.0,0.0,-0.015638,0,88.9,top 25%
BTCUSDT,2019-10-15,18.7,0–20,0.2641,0.0,0.0,0.0,1.0,0.0,0.0,0.056,-0.015498,0,94.0,top 10%
BTCUSDT,2019-10-16,20.3,20–40,0.323,0.0,0.0,0.0,1.0,0.0,0.0,0.1208,-0.066214,0,97.3,top 10%
BTCUSDT,2019-10-17,19.0,0–20,0.2835,0.0,0.0,0.0,1.0,0.0,0.0,0.0499,-0.075324,0,94.8,top 10%
BTCUSDT,2019-10-18,20.0,20–40,0.3332,0.0,0.0,0.0,1.0,0.0,0.0,0.0436,0.086225,1,96.6,top 10%
BTCUSDT,2019-10-19,20.5,20–40,0.3216,0.0,0.0,0.0,1.0,0.0,0.0,0.1592,0.157276,1,97.4,top 10%
BTCUSDT,2019-10-20,16.1,0–20,0.1567,0.0,0.0,0.0,1.0,0.0,0.0,0.0,0.161715,1,86.3,top 25%
BTCUSDT,2019-10-21,15.8,0–20,0.1424,0.0,0.0,0.0,1.0,0.0,0.0,0.0,0.122812,1,85.3,top 25%
BTCUSDT,2019-10-22,17.4,0–20,0.2213,0.0,0.0,0.0,1.0,0.0,0.0,0.0,0.167053,1,90.3,top 10%
BTCUSDT,2019-10-23,28.8,20–40,0.4177,0.2877,0.0,0.0,1.0,0.0,0.4495,0.0,0.225034,1,99.8,top 10%
BTCUSDT,2019-10-24,23.2,20–40,0.4236,0.113,0.0,0.0,1.0,0.0,0.0,0.0,0.227677,1,98.7,top 10%
BTCUSDT,2019-10-25,13.3,0–20,0.0,0.0,0.0,0.0,1.0,0.0,0.0,0.0456,0.069325,1,69.0,top 50%
BTCUSDT,2019-10-26,14.3,0–20,0.0,0.0,0.0,0.0,1.0,0.0,0.0,0.1794,0.008626,1,75.4,top 25%
BTCUSDT,2019-10-27,13.0,0–20,0.0,0.0,0.0,0.0,1.0,0.0,0.0,0.0,-0.033121,0,66.6,top 50%
BTCUSDT,2019-10-28,13.0,0–20,0.0,0.0,0.0,0.0,1.0,0.0,0.0,0.0,0.016904,1,66.6,top 50%
BTCUSDT,2019-10-29,13.0,0–20,0.0,0.0,0.0,0.0,1.0,0.0,0.0,0.0,-0.009033,0,66.6,top 50%
BTCUSDT,2019-10-30,15.2,0–20,0.0,0.0,0.0,0.0,1.0,0.0,0.2724,0.0459,0.016854,1,81.3,top 25%
BTCUSDT,2019-10-31,16.9,0–20,0.0,0.0,0.0,0.0,1.0,0.0,0.0,0.552,0.007389,1,88.9,top 25%
BTCUSDT,2019-11-01,13.6,0–20,0.0,0.0,0.0,0.0,0.6693,0.0,0.0,0.7066,-0.049262,0,70.9,top 50%
BTCUSDT,2019-11-02,12.7,0–20,0.0,0.0,0.0,0.0,0.6693,0.0,0.0,0.5661,-0.054815,0,64.5,top 50%
BTCUSDT,2019-11-03,13.0,0–20,0.0,0.0,0.0,0.0,0.6693,0.0,0.0,0.6159,-0.019472,0,66.6,top 50%
BTCUSDT,2019-11-04,13.1,0–20,0.0,0.0,0.0,0.0,0.6693,0.0,0.0,0.6233,-0.069569,0,67.8,top 50%
BTCUSDT,2019-11-05,13.8,0–20,0.0,0.0,0.0,0.0,0.6693,0.0,0.0,0.7269,-0.056394,0,72.1,top 50%
BTCUSDT,2019-11-06,13.8,0–20,0.0,0.0,0.0,0.0,0.6693,0.0,0.0,0.7217,-0.059035,0,72.1,top 50%
BTCUSDT,2019-11-07,14.6,0–20,0.0,0.0,0.0,0.0,0.6693,0.0,0.0,0.8423,-0.060368,0,77.8,top 25%
BTCUSDT,2019-11-08,14.9,0–20,0.0516,0.0,0.0,0.0,0.6693,0.0,0.0,0.744,-0.035536,0,79.4,top 25%
BTCUSDT,2019-11-09,14.4,0–20,0.0479,0.0,0.0,0.0,0.6693,0.0,0.0,0.6779,-0.02982,0,76.7,top 25%
BTCUSDT,2019-11-10,13.2,0–20,0.0,0.0,0.0,0.0,0.6693,0.0,0.0,0.646,-0.052736,0,68.4,top 50%
BTCUSDT,2019-11-11,15.2,0–20,0.0659,0.0,0.0,0.0,0.6693,0.0,0.0,0.7428,-0.051212,0,81.3,top 25%
BTCUSDT,2019-11-12,16.5,0–20,0.0416,0.0,0.0,0.0,0.6693,0.0,0.0,1.0,-0.06914,0,87.7,top 25%
BTCUSDT,2019-11-13,15.7,0–20,0.0446,0.0,0.0,0.0,0.6693,0.0,0.0,0.8754,-0.088666,0,84.2,top 25%
BTCUSDT,2019-11-14,11.0,0–20,0.0863,0.0,0.0,0.0,0.6693,0.0,0.0,0.0872,-0.12234,0,54.9,top 50%
BTCUSDT,2019-11-15,12.4,0–20,0.1704,0.0203,0.0,0.0,0.6693,0.0,0.0,0.0,-0.14077,0,62.9,top 50%
BTCUSDT,2019-11-16,11.5,0–20,0.1397,0.0,0.0,0.0,0.6693,0.0,0.0,0.0,-0.134838,0,57.1,top 50%
BTCUSDT,2019-11-17,11.2,0–20,0.125,0.0,0.0,0.0,0.6693,0.0,0.0,0.0,-0.178371,0,56.2,top 50%
BTCUSDT,2019-11-18,13.3,0–20,0.2307,0.0,0.0,0.0,0.6693,0.0,0.0,0.0,-0.139982,0,69.0,top 50%
BTCUSDT,2019-11-19,14.0,0–20,0.2673,0.0,0.0,0.0,0.6693,0.0,0.0,0.0,-0.12037,0,73.1,top 50%
BTCUSDT,2019-11-20,15.2,0–20,0.327,0.0,0.0,0.0,0.6693,0.0,0.0,0.0,-0.06174,0,81.3,top 25%
BTCUSDT,2019-11-21,19.1,0–20,0.4339,0.1121,0.0,0.0,0.6693,0.0,0.0,0.0,-0.023505,0,94.9,top 10%
BTCUSDT,2019-11-22,25.3,20–40,0.5095,0.1406,0.0,0.0,0.6693,0.0,0.6176,0.0,0.063683,1,99.4,top 10%
BTCUSDT,2019-11-23,17.7,0–20,0.4486,0.0,0.0,0.0,0.6693,0.0,0.0,0.0,0.023228,1,91.0,top 10%
BTCUSDT,2019-11-24,22.6,20–40,0.5206,0.0318,0.0,0.0,0.6693,0.0,0.4246,0.0,0.053402,1,98.4,top 10%
BTCUSDT,2019-11-25,21.4,20–40,0.4629,0.0,0.0,0.0,0.6693,0.0,0.4963,0.0,0.024608,1,97.9,top 10%
BTCUSDT,2019-11-26,17.1,0–20,0.4202,0.0,0.0,0.0,0.6693,0.0,0.0,0.0,0.014099,1,89.6,top 25%
BTCUSDT,2019-11-27,13.7,0–20,0.2498,0.0,0.0,0.0,0.6693,0.0,0.0,0.0,-0.037127,0,71.5,top 50%
BTCUSDT,2019-11-28,14.1,0–20,0.2704,0.0,0.0,0.0,0.6693,0.0,0.0,0.0,-0.001983,0,73.6,top 50%
BTCUSDT,2019-11-29,11.2,0–20,0.1254,0.0,0.0,0.0,0.6693,0.0,0.0,0.0,-0.027605,0,56.2,top 50%
BTCUSDT,2019-11-30,12.5,0–20,0.1895,0.0,0.0,0.0,0.6693,0.0,0.0,0.0,-0.001769,0,63.4,top 50%
BTCUSDT,2019-12-01,4.7,0–20,0.2352,0.0,0.0,0.0,0.0,0.0,0.0,0.0,0.018864,1,31.9,bottom 50%
BTCUSDT,2019-12-02,5.3,0–20,0.2665,0.0,0.0,0.0,0.0,0.0,0.0,0.0,0.010777,1,34.6,bottom 50%
BTCUSDT,2019-12-03,5.3,0–20,0.2671,0.0,0.0,0.0,0.0,0.0,0.0,0.0,-0.005741,0,34.6,bottom 50%
BTCUSDT,2019-12-04,5.8,0–20,0.2896,0.0,0.0,0.0,0.0,0.0,0.0,0.0,-0.004772,0,36.4,bottom 50%
BTCUSDT,2019-12-05,3.6,0–20,0.1775,0.0,0.0,0.0,0.0,0.0,0.0,0.0,-0.027546,0,26.7,bottom 50%
BTCUSDT,2019-12-06,2.5,0–20,0.1246,0.0,0.0,0.0,0.0,0.0,0.0,0.0,-0.036745,0,20.9,bottom 50%
BTCUSDT,2019-12-07,2.4,0–20,0.1195,0.0,0.0,0.0,0.0,0.0,0.0,0.0,-0.057114,0,20.3,bottom 50%
BTCUSDT,2019-12-08,2.3,0–20,0.1148,0.0,0.0,0.0,0.0,0.0,0.0,0.0,-0.054472,0,19.6,bottom 50%
BTCUSDT,2019-12-09,3.8,0–20,0.1895,0.0,0.0,0.0,0.0,0.0,0.0,0.0,-0.063292,0,27.8,bottom 50%
BTCUSDT,2019-12-10,4.8,0–20,0.2413,0.0,0.0,0.0,0.0,0.0,0.0,0.0,-0.087606,0,32.4,bottom 50%
BTCUSDT,2019-12-11,5.3,0–20,0.2662,0.0,0.0,0.0,0.0,0.0,0.0,0.0,0.008227,1,34.6,bottom 50%
BTCUSDT,2019-12-12,6.1,0–20,0.2475,0.0,0.0,0.0,0.0,0.0,0.0,0.1706,-0.005563,0,37.2,bottom 50%
BTCUSDT,2019-12-13,5.3,0–20,0.2273,0.0,0.0,0.0,0.0,0.0,0.0,0.1082,-0.006997,0,34.6,bottom 50%
BTCUSDT,2019-12-14,7.6,0–20,0.2945,0.0,0.0,0.0,0.0,0.0,0.0,0.2411,0.009332,1,46.1,bottom 50%
BTCUSDT,2019-12-15,6.1,0–20,0.2718,0.0,0.0,0.0,0.0,0.0,0.0,0.0908,0.050234,1,37.2,bottom 50%
BTCUSDT,2019-12-16,8.6,0–20,0.3668,0.0822,0.0,0.0,0.0,0.0,0.0,0.0,0.061038,1,48.3,bottom 50%
BTCUSDT,2019-12-17,13.0,0–20,0.4664,0.2475,0.0,0.0,0.0,0.0,0.0,0.0,0.102705,1,66.6,top 50%
BTCUSDT,2019-12-18,1.4,0–20,0.071,0.0,0.0,0.0,0.0,0.0,0.0,0.0,-0.000226,0,14.1,bottom 50%
BTCUSDT,2019-12-19,2.0,0–20,0.1014,0.0,0.0,0.0,0.0,0.0,0.0,0.0,0.005015,1,17.5,bottom 50%
BTCUSDT,2019-12-20,1.9,0–20,0.0931,0.0,0.0,0.0,0.0,0.0,0.0,0.0,0.009873,1,17.1,bottom 50%
BTCUSDT,2019-12-21,2.1,0–20,0.1056,0.0,0.0,0.0,0.0,0.0,0.0,0.0,0.017637,1,18.2,bottom 50%
BTCUSDT,2019-12-22,0.0,0–20,0.0,0.0,0.0,0.0,0.0,0.0,0.0,0.0,-0.01184,0,3.4,bottom 50%
BTCUSDT,2019-12-23,0.4,0–20,0.0185,0.0,0.0,0.0,0.0,0.0,0.0,0.0,-0.008515,0,8.4,bottom 50%
BTCUSDT,2019-12-24,0.7,0–20,0.0343,0.0,0.0,0.0,0.0,0.0,0.0,0.0,-0.017608,0,9.9,bottom 50%
BTCUSDT,2019-12-25,1.2,0–20,0.0577,0.0,0.0,0.0,0.0,0.0,0.0,0.0,-0.010307,0,12.8,bottom 50%
BTCUSDT,2019-12-26,1.5,0–20,0.0762,0.0,0.0,0.0,0.0,0.0,0.0,0.0,-0.035018,0,14.8,bottom 50%
BTCUSDT,2019-12-27,0.9,0–20,0.0451,0.0,0.0,0.0,0.0,0.0,0.0,0.0,0.007516,1,11.0,bottom 50%
BTCUSDT,2019-12-28,0.6,0–20,0.0276,0.0,0.0,0.0,0.0,0.0,0.0,0.0,0.012663,1,9.4,bottom 50%
BTCUSDT,2019-12-29,0.0,0–20,0.0,0.0,0.0,0.0,0.0,0.0,0.0,0.0,-0.001527,0,3.4,bottom 50%
BTCUSDT,2019-12-30,0.9,0–20,0.0433,0.0,0.0,0.0,0.0,0.0,0.0,0.0,0.065299,1,11.0,bottom 50%
BTCUSDT,2019-12-31,2.1,0–20,0.1011,0.0,0.0,0.0,0.0,0.0,0.0,0.0148,0.134855,1,18.2,bottom 50%
BTCUSDT,2020-01-01,2.2,0–20,0.0963,0.0,0.0,0.0,0.0,0.0,0.0,0.032,0.122176,1,18.8,bottom 50%
BTCUSDT,2020-01-02,4.5,0–20,0.2146,0.0,0.0,0.0,0.0,0.0,0.0,0.0317,0.127923,1,31.0,bottom 50%
BTCUSDT,2020-01-03,1.4,0–20,0.0,0.0,0.0,0.0,0.0,0.0,0.0,0.2069,0.11187,1,14.1,bottom 50%
BTCUSDT,2020-01-04,0.7,0–20,0.0,0.0,0.0,0.0,0.0,0.0,0.0,0.0999,0.084592,1,9.9,bottom 50%
BTCUSDT,2020-01-05,1.4,0–20,0.0,0.0,0.0,0.0,0.0,0.0,0.0,0.194,0.105403,1,14.1,bottom 50%
BTCUSDT,2020-01-06,3.2,0–20,0.0,0.0,0.0,0.0,0.0,0.0,0.0,0.4547,0.048264,1,24.6,bottom 50%
BTCUSDT,2020-01-07,0.0,0–20,0.0,0.0,0.0,0.0,0.0,0.0,0.0,0.0,0.081345,1,3.4,bottom 50%
BTCUSDT,2020-01-08,0.8,0–20,0.0,0.0,0.0,0.0,0.0,0.0,0.0,0.1085,0.089995,1,10.5,bottom 50%
BTCUSDT,2020-01-09,1.0,0–20,0.0,0.0,0.0,0.0,0.0,0.0,0.0,0.1413,0.10721,1,11.6,bottom 50%
BTCUSDT,2020-01-10,1.2,0–20,0.0,0.0,0.0,0.0,0.0,0.0,0.0,0.1687,0.093367,1,12.8,bottom 50%
BTCUSDT,2020-01-11,1.2,0–20,0.0,0.0,0.0,0.0,0.0,0.0,0.0,0.1774,0.11263,1,12.8,bottom 50%
BTCUSDT,2020-01-12,3.9,0–20,0.0,0.0,0.0,0.0,0.0,0.0,0.0,0.5512,0.06271,1,28.3,bottom 50%
BTCUSDT,2020-01-13,3.6,0–20,0.0,0.0,0.0,0.0,0.0,0.0,0.0,0.5212,0.063045,1,26.7,bottom 50%
BTCUSDT,2020-01-14,3.3,0–20,0.0,0.0,0.0,0.0,0.0,0.0,0.0,0.465,-0.009274,0,25.2,bottom 50%
BTCUSDT,2020-01-15,4.8,0–20,0.0,0.0,0.0,0.0,0.0,0.0,0.0,0.6909,-0.014322,0,32.4,bottom 50%
BTCUSDT,2020-01-16,3.9,0–20,0.0,0.0,0.0,0.0,0.0,0.0,0.0,0.5564,-0.036368,0,28.3,bottom 50%
BTCUSDT,2020-01-17,4.6,0–20,0.0,0.0,0.0,0.0,0.0,0.0,0.0,0.6512,-0.054161,0,31.5,bottom 50%
BTCUSDT,2020-01-18,3.7,0–20,0.0,0.0,0.0,0.0,0.0,0.0,0.0,0.5337,-0.064293,0,27.3,bottom 50%
BTCUSDT,2020-01-19,7.0,0–20,0.0,0.0,0.0,0.0,0.0,0.0,0.0,1.0,-0.012567,0,41.8,bottom 50%
BTCUSDT,2020-01-20,7.0,0–20,0.0,0.0,0.0,0.0,0.0,0.0,0.0,1.0,0.029128,1,41.8,bottom 50%
BTCUSDT,2020-01-21,7.0,0–20,0.0,0.0,0.0,0.0,0.0,0.0,0.0,1.0,0.070055,1,41.8,bottom 50%
BTCUSDT,2020-01-22,7.0,0–20,0.0,0.0,0.0,0.0,0.0,0.0,0.0,1.0,0.073236,1,41.8,bottom 50%
BTCUSDT,2020-01-23,7.0,0–20,0.0,0.0,0.0,0.0,0.0,0.0,0.0,1.0,0.131146,1,41.8,bottom 50%
BTCUSDT,2020-01-24,5.9,0–20,0.0,0.0,0.0,0.0,0.0,0.0,0.0,0.848,0.10717,1,36.7,bottom 50%
BTCUSDT,2020-01-25,5.7,0–20,0.0,0.0,0.0,0.0,0.0,0.0,0.0,0.8127,0.122496,1,36.1,bottom 50%
BTCUSDT,2020-01-26,4.3,0–20,0.0,0.0,0.0,0.0,0.0,0.0,0.0,0.6178,0.086955,1,30.0,bottom 50%
BTCUSDT,2020-01-27,2.3,0–20,0.0,0.0,0.0,0.0,0.0,0.0,0.0,0.3251,0.043065,1,19.6,bottom 50%
BTCUSDT,2020-01-28,1.6,0–20,0.0,0.0,0.0,0.0,0.0,0.0,0.0,0.225,-0.01898,0,15.4,bottom 50%
BTCUSDT,2020-01-29,2.8,0–20,0.0,0.0,0.0,0.0,0.0,0.0,0.0,0.3965,0.031856,1,22.5,bottom 50%
BTCUSDT,2020-01-30,1.0,0–20,0.0,0.0,0.0,0.0,0.0,0.0,0.0,0.14,0.023221,1,11.6,bottom 50%
BTCUSDT,2020-01-31,2.6,0–20,0.0,0.0,0.0,0.0,0.0,0.0,0.0,0.3784,0.047635,1,21.5,bottom 50%
BTCUSDT,2020-02-01,15.0,0–20,0.0,0.0,0.0,0.0,0.9018,0.0,0.0,0.4615,0.050277,1,80.0,top 25%
BTCUSDT,2020-02-02,16.9,0–20,0.0,0.0,0.0,0.0,0.9018,0.0,0.0,0.7444,0.08265,1,88.9,top 25%
BTCUSDT,2020-02-03,13.7,0–20,0.0,0.0,0.0,0.0,0.9018,0.0,0.0,0.2762,0.06059,1,71.5,top 50%
BTCUSDT,2020-02-04,14.4,0–20,0.0,0.0,0.0,0.0,0.9018,0.0,0.0,0.3848,0.111892,1,76.7,top 25%
BTCUSDT,2020-02-05,14.3,0–20,0.0,0.0,0.0,0.0,0.9018,0.0,0.0,0.3693,0.074129,1,75.4,top 25%
BTCUSDT,2020-02-06,13.6,0–20,0.0,0.0,0.0,0.0,0.9018,0.0,0.0,0.2691,0.049803,1,70.9,top 50%
BTCUSDT,2020-02-07,13.4,0–20,0.0,0.0,0.0,0.0,0.9018,0.0,0.0,0.2354,0.052693,1,69.6,top 50%
BTCUSDT,2020-02-08,14.2,0–20,0.0,0.0,0.0,0.0,0.9018,0.0,0.0,0.358,0.002464,1,74.2,top 50%
BTCUSDT,2020-02-09,14.1,0–20,0.0,0.0,0.0,0.0,0.9018,0.0,0.0,0.333,-0.018014,0,73.6,top 50%
BTCUSDT,2020-02-10,15.3,0–20,0.0,0.0,0.0,0.0,0.9018,0.0,0.0,0.5085,-0.016889,0,81.7,top 25%
BTCUSDT,2020-02-11,16.2,0–20,0.0,0.0,0.0,0.0,0.9018,0.0,0.0,0.6339,-0.006489,0,86.7,top 25%
BTCUSDT,2020-02-12,17.8,0–20,0.0,0.0,0.0,0.0,0.9018,0.0,0.0,0.8711,-0.06708,0,91.3,top 10%
BTCUSDT,2020-02-13,17.8,0–20,0.0,0.0,0.0,0.0,0.9018,0.0,0.0,0.8703,-0.059319,0,91.3,top 10%
BTCUSDT,2020-02-14,18.7,0–20,0.0,0.0,0.0,0.0,0.9018,0.0,0.0,1.0,-0.060674,0,94.0,top 10%
BTCUSDT,2020-02-15,16.9,0–20,0.0,0.0,0.0,0.0,0.9018,0.0,0.0,0.7351,-0.022877,0,88.9,top 25%
BTCUSDT,2020-02-16,16.7,0–20,0.0,0.0,0.0,0.0,0.9018,0.0,0.0,0.7091,-0.000998,0,88.2,top 25%
BTCUSDT,2020-02-17,15.1,0–20,0.0,0.0,0.0,0.0,0.9018,0.0,0.0,0.4851,-0.004125,0,80.7,top 25%
BTCUSDT,2020-02-18,15.1,0–20,0.0,0.0,0.0,0.0,0.9018,0.0,0.0,0.4784,-0.078909,0,80.7,top 25%
BTCUSDT,2020-02-19,14.5,0–20,0.0,0.0,0.0,0.0,0.9018,0.0,0.0,0.3945,-0.08438,0,77.3,top 25%
BTCUSDT,2020-02-20,13.7,0–20,0.0,0.0,0.0,0.0,0.9018,0.0,0.0,0.28,-0.085756,0,71.5,top 50%
BTCUSDT,2020-02-21,13.7,0–20,0.0,0.0,0.0,0.0,0.9018,0.0,0.0,0.2811,-0.104681,0,71.5,top 50%
BTCUSDT,2020-02-22,13.0,0–20,0.0,0.0,0.0,0.0,0.9018,0.0,0.0,0.1845,-0.110075,0,66.6,top 50%
BTCUSDT,2020-02-23,14.8,0–20,0.0,0.0,0.0,0.0,0.9018,0.0,0.0,0.4467,-0.137242,0,78.8,top 25%
BTCUSDT,2020-02-24,13.5,0–20,0.0,0.0,0.0,0.0,0.9018,0.0,0.0,0.2468,-0.08088,0,70.3,top 50%
BTCUSDT,2020-02-25,13.7,0–20,0.095,0.0026,0.0,0.0,0.9018,0.0,0.0,0.0,-0.059295,0,71.5,top 50%
BTCUSDT,2020-02-26,20.8,20–40,0.2439,0.2798,0.0,0.0,0.9018,0.0,0.0,0.0,-0.007401,0,97.6,top 10%
BTCUSDT,2020-02-27,18.5,0–20,0.2531,0.1125,0.0,0.0,0.9018,0.0,0.0,0.0,0.033499,1,93.3,top 10%
BTCUSDT,2020-02-28,18.2,0–20,0.2822,0.0436,0.0,0.0,0.9018,0.0,0.0,0.0263,0.051899,1,92.8,top 10%
BTCUSDT,2020-02-29,17.7,0–20,0.3013,0.0,0.0,0.0,0.9018,0.0,0.0,0.0,0.0361,1,91.0,top 10%
BTCUSDT,2020-03-01,6.2,0–20,0.3113,0.0,0.0,0.0,0.0,0.0,0.0,0.0,-0.053062,0,37.5,bottom 50%
BTCUSDT,2020-03-02,3.2,0–20,0.1625,0.0,0.0,0.0,0.0,0.0,0.0,0.0,-0.106658,0,24.6,bottom 50%
BTCUSDT,2020-03-03,3.8,0–20,0.1889,0.0,0.0,0.0,0.0,0.0,0.0,0.0,-0.099918,0,27.8,bottom 50%
BTCUSDT,2020-03-04,4.0,0–20,0.1997,0.0,0.0,0.0,0.0,0.0,0.0,0.0,-0.096378,0,28.9,bottom 50%
BTCUSDT,2020-03-05,1.0,0–20,0.05,0.0,0.0,0.0,0.0,0.0,0.0,0.0,-0.452482,0,11.6,bottom 50%
BTCUSDT,2020-03-06,0.6,0–20,0.0312,0.0,0.0,0.0,0.0,0.0,0.0,0.0,-0.390115,0,9.4,bottom 50%
BTCUSDT,2020-03-07,2.3,0–20,0.114,0.0,0.0,0.0,0.0,0.0,0.0,0.0,-0.416342,0,19.6,bottom 50%
BTCUSDT,2020-03-08,6.8,0–20,0.3422,0.0,0.0,0.0,0.0,0.0,0.0,0.0,-0.334948,0,38.9,bottom 50%
BTCUSDT,2020-03-09,7.7,0–20,0.3817,0.0033,0.0,0.0,0.0,0.0,0.0,0.0,-0.36715,0,46.4,bottom 50%
BTCUSDT,2020-03-10,7.7,0–20,0.3847,0.0,0.0,0.0,0.0,0.0,0.0,0.0,-0.339342,0,46.4,bottom 50%
BTCUSDT,2020-03-11,7.7,0–20,0.3838,0.0,0.0,0.0,0.0,0.0,0.0,0.0,-0.337865,0,46.4,bottom 50%
BTCUSDT,2020-03-12,22.1,20–40,0.7184,0.5133,0.0,0.0,0.0,0.0,0.0,0.0,0.245515,1,98.2,top 10%
BTCUSDT,2020-03-13,19.6,0–20,0.5372,0.1219,0.0,0.0,0.0,0.0,1.0,0.0,0.114145,1,95.8,top 10%
BTCUSDT,2020-03-14,12.4,0–20,0.5673,0.0698,0.0,0.0,0.0,0.0,0.0,0.0,0.189352,1,62.9,top 50%
BTCUSDT,2020-03-15,10.2,0–20,0.5113,0.0,0.0,0.0,0.0,0.0,0.0,0.0,0.081216,1,52.5,top 50%
BTCUSDT,2020-03-16,10.9,0–20,0.5457,0.0,0.0,0.0,0.0,0.0,0.0,0.0,0.279557,1,54.1,top 50%
BTCUSDT,2020-03-17,9.7,0–20,0.4829,0.0,0.0,0.0,0.0,0.0,0.0,0.0,0.288802,1,51.4,top 50%
BTCUSDT,2020-03-18,9.6,0–20,0.479,0.0,0.0,0.0,0.0,0.0,0.0,0.0,0.275392,1,51.1,top 50%
BTCUSDT,2020-03-19,4.4,0–20,0.2203,0.0,0.0,0.0,0.0,0.0,0.0,0.0,0.084838,1,30.5,bottom 50%
BTCUSDT,2020-03-20,4.4,0–20,0.2185,0.0,0.0,0.0,0.0,0.0,0.0,0.0,0.043722,1,30.5,bottom 50%
BTCUSDT,2020-03-21,4.4,0–20,0.2207,0.0,0.0,0.0,0.0,0.0,0.0,0.0,0.009236,1,30.5,bottom 50%
BTCUSDT,2020-03-22,5.6,0–20,0.2791,0.0,0.0,0.0,0.0,0.0,0.0,0.0,0.015743,1,35.7,bottom 50%
BTCUSDT,2020-03-23,2.6,0–20,0.1287,0.0,0.0,0.0,0.0,0.0,0.0,0.0,0.002108,1,21.5,bottom 50%
BTCUSDT,2020-03-24,1.1,0–20,0.056,0.0,0.0,0.0,0.0,0.0,0.0,0.0,-0.043974,0,12.2,bottom 50%
BTCUSDT,2020-03-25,1.3,0–20,0.0669,0.0,0.0,0.0,0.0,0.0,0.0,0.0,-0.011119,0,13.4,bottom 50%
BTCUSDT,2020-03-26,1.2,0–20,0.0582,0.0,0.0,0.0,0.0,0.0,0.0,0.0,0.011492,1,12.8,bottom 50%
BTCUSDT,2020-03-27,2.2,0–20,0.1124,0.0,0.0,0.0,0.0,0.0,0.0,0.0,0.040741,1,18.8,bottom 50%
BTCUSDT,2020-03-28,3.2,0–20,0.1605,0.0,0.0,0.0,0.0,0.0,0.0,0.0,0.100178,1,24.6,bottom 50%
BTCUSDT,2020-03-29,4.5,0–20,0.224,0.0,0.0,0.0,0.0,0.0,0.0,0.0,0.146754,1,31.0,bottom 50%
BTCUSDT,2020-03-30,1.7,0–20,0.0838,0.0,0.0,0.0,0.0,0.0,0.0,0.0,0.130942,1,16.0,bottom 50%
BTCUSDT,2020-03-31,1.6,0–20,0.0815,0.0,0.0,0.0,0.0,0.0,0.0,0.0,0.114585,1,15.4,bottom 50%
BTCUSDT,2020-04-01,18.7,0–20,0.036,0.0,0.0,0.0,0.8454,0.0,0.0,1.0,0.110087,1,94.0,top 10%
BTCUSDT,2020-04-02,15.6,0–20,0.0,0.0,0.0,0.0,0.8454,0.0,0.0,0.6636,0.074844,1,83.1,top 25%
BTCUSDT,2020-04-03,16.6,0–20,0.003,0.0,0.0,0.0,0.8454,0.0,0.0,0.7889,0.01962,1,88.0,top 25%
BTCUSDT,2020-04-04,18.0,0–20,0.0,0.0,0.0,0.0,0.8454,0.0,0.0,1.0,-0.00123,0,92.0,top 10%
BTCUSDT,2020-04-05,18.0,0–20,0.0,0.0,0.0,0.0,0.8454,0.0,0.0,1.0,0.0265,1,92.0,top 10%
BTCUSDT,2020-04-06,18.0,0–20,0.0,0.0,0.0,0.0,0.8454,0.0,0.0,1.0,-0.058685,0,92.0,top 10%
BTCUSDT,2020-04-07,18.0,0–20,0.0,0.0,0.0,0.0,0.8454,0.0,0.0,1.0,-0.04654,0,92.0,top 10%
BTCUSDT,2020-04-08,14.3,0–20,0.0,0.0,0.0,0.0,0.8454,0.0,0.0,0.4769,-0.094352,0,75.4,top 25%
BTCUSDT,2020-04-09,15.0,0–20,0.0,0.0,0.0,0.0,0.8454,0.0,0.0,0.5736,-0.025374,0,80.0,top 25%
BTCUSDT,2020-04-10,14.6,0–20,0.0067,0.0,0.0,0.0,0.8454,0.0,0.0,0.4953,0.033602,1,77.8,top 25%
BTCUSDT,2020-04-11,18.2,0–20,0.0088,0.0,0.0,0.0,0.8454,0.0,0.0,1.0,0.05811,1,92.8,top 10%
BTCUSDT,2020-04-12,15.0,0–20,0.0,0.0,0.0,0.0,0.8454,0.0,0.0,0.5754,0.03132,1,80.0,top 25%
BTCUSDT,2020-04-13,14.2,0–20,0.0156,0.0,0.0,0.0,0.8454,0.0,0.0,0.4153,0.005394,1,74.2,top 50%
BTCUSDT,2020-04-14,14.4,0–20,0.0165,0.0,0.0,0.0,0.8454,0.0,0.0,0.4355,0.005538,1,76.7,top 25%
BTCUSDT,2020-04-15,13.5,0–20,0.0887,0.0,0.0,0.0,0.8454,0.0,0.0,0.1074,0.071528,1,70.3,top 50%
BTCUSDT,2020-04-16,13.2,0–20,0.0,0.0,0.0,0.0,0.8454,0.0,0.0,0.3122,0.043969,1,68.4,top 50%
BTCUSDT,2020-04-17,15.2,0–20,0.0,0.0,0.0,0.0,0.8454,0.0,0.0,0.5943,0.064079,1,81.3,top 25%
BTCUSDT,2020-04-18,16.8,0–20,0.0,0.0,0.0,0.0,0.8454,0.0,0.0,0.8263,0.043026,1,88.5,top 25%
BTCUSDT,2020-04-19,13.4,0–20,0.0,0.0,0.0,0.0,0.8454,0.0,0.0,0.3371,0.068217,1,69.6,top 50%
BTCUSDT,2020-04-20,12.6,0–20,0.0226,0.0,0.0,0.0,0.8454,0.0,0.0,0.1637,0.132759,1,63.9,top 50%
BTCUSDT,2020-04-21,14.1,0–20,0.0232,0.0,0.0,0.0,0.8454,0.0,0.0,0.3732,0.134694,1,73.6,top 50%
BTCUSDT,2020-04-22,12.6,0–20,0.0,0.0,0.0,0.0,0.8454,0.0,0.0,0.2233,0.236586,1,63.9,top 50%
BTCUSDT,2020-04-23,13.8,0–20,0.0,0.0,0.0,0.0,0.8454,0.0,0.0,0.3985,0.165394,1,72.1,top 50%
BTCUSDT,2020-04-24,12.7,0–20,0.0,0.0,0.0,0.0,0.8454,0.0,0.0,0.2461,0.174001,1,64.5,top 50%
BTCUSDT,2020-04-25,11.5,0–20,0.0,0.0,0.0,0.0,0.8454,0.0,0.0,0.0736,0.187407,1,57.1,top 50%
BTCUSDT,2020-04-26,11.0,0–20,0.0,0.0,0.0,0.0,0.8454,0.0,0.0,0.0,0.158545,1,54.9,top 50%
BTCUSDT,2020-04-27,11.0,0–20,0.0,0.0,0.0,0.0,0.8454,0.0,0.0,0.0,0.143293,1,54.9,top 50%
BTCUSDT,2020-04-28,11.5,0–20,0.0,0.0,0.0,0.0,0.8454,0.0,0.0,0.0685,0.153196,1,57.1,top 50%
BTCUSDT,2020-04-29,12.4,0–20,0.0,0.0,0.0,0.0,0.8454,0.0,0.0,0.1986,0.053144,1,62.9,top 50%
BTCUSDT,2020-04-30,15.1,0–20,0.0,0.0,0.0,0.0,0.8454,0.0,0.0,0.5868,0.149328,1,80.7,top 25%
BTCUSDT,2020-05-01,12.1,0–20,0.0,0.0,0.0,0.0,0.5591,0.0,0.0,0.6906,0.110313,1,60.5,top 50%
BTCUSDT,2020-05-02,12.0,0–20,0.0,0.0,0.0,0.0,0.5591,0.0,0.0,0.6819,0.067341,1,60.0,top 50%
BTCUSDT,2020-05-03,12.9,0–20,0.0,0.0,0.0,0.0,0.5591,0.0,0.0,0.8009,-0.015851,0,65.5,top 50%
BTCUSDT,2020-05-04,14.3,0–20,0.0,0.0,0.0,0.0,0.5591,0.0,0.0,1.0,-0.034878,0,75.4,top 25%
BTCUSDT,2020-05-05,14.3,0–20,0.0,0.0,0.0,0.0,0.5591,0.0,0.0,1.0,-0.022058,0,75.4,top 25%
BTCUSDT,2020-05-06,14.3,0–20,0.0,0.0,0.0,0.0,0.5591,0.0,0.0,1.0,0.000132,1,75.4,top 25%
BTCUSDT,2020-05-07,14.3,0–20,0.0,0.0,0.0,0.0,0.5591,0.0,0.0,1.0,-0.021886,0,75.4,top 25%
BTCUSDT,2020-05-08,14.3,0–20,0.0,0.0,0.0,0.0,0.5591,0.0,0.0,1.0,-0.052269,0,75.4,top 25%
BTCUSDT,2020-05-09,14.3,0–20,0.0,0.0,0.0,0.0,0.5591,0.0,0.0,1.0,-0.022606,0,75.4,top 25%
BTCUSDT,2020-05-10,18.2,0–20,0.0,0.0,0.0,0.0,0.5591,0.0,0.5648,1.0,0.104416,1,92.8,top 10%
BTCUSDT,2020-05-11,14.3,0–20,0.0,0.0,0.0,0.0,0.5591,0.0,0.0,1.0,0.130761,1,75.4,top 25%
BTCUSDT,2020-05-12,14.3,0–20,0.0,0.0,0.0,0.0,0.5591,0.0,0.0,1.0,0.10501,1,75.4,top 25%
BTCUSDT,2020-05-13,14.3,0–20,0.0,0.0,0.0,0.0,0.5591,0.0,0.0,1.0,0.027292,1,75.4,top 25%
BTCUSDT,2020-05-14,14.3,0–20,0.0,0.0,0.0,0.0,0.5591,0.0,0.0,1.0,-0.06698,0,75.4,top 25%
BTCUSDT,2020-05-15,13.1,0–20,0.0,0.0,0.0,0.0,0.5591,0.0,0.0,0.8349,-0.015611,0,67.8,top 50%
BTCUSDT,2020-05-16,11.8,0–20,0.0,0.0,0.0,0.0,0.5591,0.0,0.0,0.6543,-0.017887,0,59.2,top 50%
BTCUSDT,2020-05-17,12.2,0–20,0.0,0.0,0.0,0.0,0.5591,0.0,0.0,0.7107,-0.091035,0,60.9,top 50%
BTCUSDT,2020-05-18,14.2,0–20,0.0,0.0,0.0,0.0,0.5591,0.0,0.0,0.9831,-0.084268,0,74.2,top 50%
BTCUSDT,2020-05-19,11.0,0–20,0.0,0.0,0.0,0.0,0.5591,0.0,0.0,0.5296,-0.091888,0,54.9,top 50%
BTCUSDT,2020-05-20,10.0,0–20,0.0,0.0,0.0,0.0,0.5591,0.0,0.0,0.3948,-0.035909,0,52.1,top 50%
BTCUSDT,2020-05-21,9.2,0–20,0.0,0.0,0.0,0.0,0.5591,0.0,0.0,0.2798,0.048888,1,50.2,top 50%
BTCUSDT,2020-05-22,9.8,0–20,0.0,0.0,0.0,0.0,0.5591,0.0,0.0,0.3603,0.027938,1,51.7,top 50%
BTCUSDT,2020-05-23,10.4,0–20,0.0,0.0,0.0,0.0,0.5591,0.0,0.0,0.4411,0.05333,1,52.9,top 50%
BTCUSDT,2020-05-24,11.3,0–20,0.0553,0.0,0.0,0.0,0.5591,0.0,0.0,0.4138,0.076298,1,56.5,top 50%
BTCUSDT,2020-05-25,9.5,0–20,0.017,0.0,0.0,0.0,0.5591,0.0,0.0,0.2701,0.1415,1,50.8,top 50%
BTCUSDT,2020-05-26,8.1,0–20,0.0401,0.0,0.0,0.0,0.5591,0.0,0.0,0.0,0.078636,1,47.5,bottom 50%
BTCUSDT,2020-05-27,7.3,0–20,0.0,0.0,0.0,0.0,0.5591,0.0,0.0,0.0,0.051813,1,45.2,bottom 50%
BTCUSDT,2020-05-28,7.3,0–20,0.0,0.0,0.0,0.0,0.5591,0.0,0.0,0.0,0.028857,1,45.2,bottom 50%
BTCUSDT,2020-05-29,7.3,0–20,0.0,0.0,0.0,0.0,0.5591,0.0,0.0,0.0,0.023986,1,45.2,bottom 50%
BTCUSDT,2020-05-30,7.9,0–20,0.0,0.0,0.0,0.0,0.5591,0.0,0.0,0.0936,-0.004818,0,46.9,bottom 50%
BTCUSDT,2020-05-31,8.3,0–20,0.0,0.0,0.0,0.0,0.5591,0.0,0.0,0.1452,0.031476,1,47.9,bottom 50%
BTCUSDT,2020-06-01,1.7,0–20,0.0,0.0,0.0,0.0,0.0,0.0,0.0,0.2368,-0.038927,0,16.0,bottom 50%
BTCUSDT,2020-06-02,1.0,0–20,0.0,0.0,0.0,0.0,0.0,0.0,0.0,0.138,0.027902,1,11.6,bottom 50%
BTCUSDT,2020-06-03,0.0,0–20,0.0,0.0,0.0,0.0,0.0,0.0,0.0,0.0,0.022096,1,3.4,bottom 50%
BTCUSDT,2020-06-04,1.4,0–20,0.0,0.0,0.0,0.0,0.0,0.0,0.0,0.2016,-0.04886,0,14.1,bottom 50%
BTCUSDT,2020-06-05,0.3,0–20,0.0,0.0,0.0,0.0,0.0,0.0,0.0,0.0458,-0.019108,0,7.9,bottom 50%
BTCUSDT,2020-06-06,1.7,0–20,0.0,0.0,0.0,0.0,0.0,0.0,0.0,0.2437,-0.01848,0,16.0,bottom 50%
BTCUSDT,2020-06-07,0.0,0–20,0.0,0.0,0.0,0.0,0.0,0.0,0.0,0.0,-0.038126,0,3.4,bottom 50%
BTCUSDT,2020-06-08,0.0,0–20,0.0,0.0,0.0,0.0,0.0,0.0,0.0,0.0,-0.032829,0,3.4,bottom 50%
BTCUSDT,2020-06-09,1.0,0–20,0.0,0.0,0.0,0.0,0.0,0.0,0.0,0.1457,-0.026305,0,11.6,bottom 50%
BTCUSDT,2020-06-10,2.3,0–20,0.0,0.0,0.0,0.0,0.0,0.0,0.0,0.3282,-0.039497,0,19.6,bottom 50%
BTCUSDT,2020-06-11,2.6,0–20,0.0434,0.0,0.0,0.0,0.0,0.0,0.0,0.2477,0.009661,1,21.5,bottom 50%
BTCUSDT,2020-06-12,2.0,0–20,0.0,0.0,0.0,0.0,0.0,0.0,0.0,0.2899,-0.020338,0,17.5,bottom 50%
BTCUSDT,2020-06-13,3.8,0–20,0.0,0.0,0.0,0.0,0.0,0.0,0.0,0.5411,-0.015085,0,27.8,bottom 50%
BTCUSDT,2020-06-14,3.8,0–20,0.0234,0.0,0.0,0.0,0.0,0.0,0.0,0.4781,-0.008859,0,27.8,bottom 50%
BTCUSDT,2020-06-15,3.9,0–20,0.0,0.0,0.0,0.0,0.0,0.0,0.0,0.5609,0.020952,1,28.3,bottom 50%
BTCUSDT,2020-06-16,0.5,0–20,0.0,0.0,0.0,0.0,0.0,0.0,0.0,0.0784,0.009607,1,8.9,bottom 50%
BTCUSDT,2020-06-17,0.0,0–20,0.0,0.0,0.0,0.0,0.0,0.0,0.0,0.0,-0.017578,0,3.4,bottom 50%
BTCUSDT,2020-06-18,0.5,0–20,0.0189,0.0,0.0,0.0,0.0,0.0,0.0,0.019,-0.015622,0,8.9,bottom 50%
BTCUSDT,2020-06-19,1.5,0–20,0.074,0.0,0.0,0.0,0.0,0.0,0.0,0.0,-0.013469,0,14.8,bottom 50%
BTCUSDT,2020-06-20,1.0,0–20,0.0512,0.0,0.0,0.0,0.0,0.0,0.0,0.0,-0.030748,0,11.6,bottom 50%
BTCUSDT,2020-06-21,1.3,0–20,0.0651,0.0,0.0,0.0,0.0,0.0,0.0,0.0,-0.017203,0,13.4,bottom 50%
BTCUSDT,2020-06-22,0.0,0–20,0.0,0.0,0.0,0.0,0.0,0.0,0.0,0.0,-0.047453,0,3.4,bottom 50%
BTCUSDT,2020-06-23,0.0,0–20,0.0,0.0,0.0,0.0,0.0,0.0,0.0,0.0,-0.051057,0,3.4,bottom 50%
BTCUSDT,2020-06-24,1.3,0–20,0.0628,0.0,0.0,0.0,0.0,0.0,0.0,0.0,-0.009157,0,13.4,bottom 50%
BTCUSDT,2020-06-25,1.7,0–20,0.0846,0.0,0.0,0.0,0.0,0.0,0.0,0.0,-0.015262,0,16.0,bottom 50%
BTCUSDT,2020-06-26,2.6,0–20,0.1301,0.0,0.0,0.0,0.0,0.0,0.0,0.0,-0.008252,0,21.5,bottom 50%
BTCUSDT,2020-06-27,3.6,0–20,0.1806,0.0,0.0,0.0,0.0,0.0,0.0,0.0,0.009629,1,26.7,bottom 50%
BTCUSDT,2020-06-28,2.4,0–20,0.122,0.0,0.0,0.0,0.0,0.0,0.0,0.0,-0.007616,0,20.3,bottom 50%
BTCUSDT,2020-06-29,1.9,0–20,0.0938,0.0,0.0,0.0,0.0,0.0,0.0,0.0,0.020087,1,17.1,bottom 50%
BTCUSDT,2020-06-30,2.4,0–20,0.1204,0.0,0.0,0.0,0.0,0.0,0.0,0.0,0.012506,1,20.3,bottom 50%
BTCUSDT,2020-07-01,13.6,0–20,0.063,0.0,0.0,0.0,0.9458,0.0,0.0,0.0,0.021673,1,70.9,top 50%
BTCUSDT,2020-07-02,14.7,0–20,0.1194,0.0,0.0,0.0,0.9458,0.0,0.0,0.0,0.016941,1,78.4,top 25%
BTCUSDT,2020-07-03,15.1,0–20,0.1387,0.0,0.0,0.0,0.9458,0.0,0.0,0.0,0.021074,1,80.7,top 25%
BTCUSDT,2020-07-04,14.4,0–20,0.1061,0.0,0.0,0.0,0.9458,0.0,0.0,0.0,0.01181,1,76.7,top 25%
BTCUSDT,2020-07-05,15.1,0–20,0.1404,0.0,0.0,0.0,0.9458,0.0,0.0,0.0,0.022323,1,80.7,top 25%
BTCUSDT,2020-07-06,12.3,0–20,0.0,0.0,0.0,0.0,0.9458,0.0,0.0,0.0,-0.014064,0,61.9,top 50%
BTCUSDT,2020-07-07,12.6,0–20,0.0163,0.0,0.0,0.0,0.9458,0.0,0.0,0.0,-0.00098,0,63.9,top 50%
BTCUSDT,2020-07-08,12.3,0–20,0.0,0.0,0.0,0.0,0.9458,0.0,0.0,0.0,-0.024977,0,61.9,top 50%
BTCUSDT,2020-07-09,12.4,0–20,0.0061,0.0,0.0,0.0,0.9458,0.0,0.0,0.0,-0.015708,0,62.9,top 50%
BTCUSDT,2020-07-10,12.4,0–20,0.0056,0.0,0.0,0.0,0.9458,0.0,0.0,0.0,-0.013732,0,62.9,top 50%
BTCUSDT,2020-07-11,13.2,0–20,0.0297,0.0,0.0,0.0,0.9458,0.0,0.0,0.0381,-0.008799,0,68.4,top 50%
BTCUSDT,2020-07-12,12.4,0–20,0.005,0.0,0.0,0.0,0.9458,0.0,0.0,0.0,-0.009776,0,62.9,top 50%
BTCUSDT,2020-07-13,12.9,0–20,0.0278,0.0,0.0,0.0,0.9458,0.0,0.0,0.0,-0.008588,0,65.5,top 50%
BTCUSDT,2020-07-14,12.9,0–20,0.0281,0.0,0.0,0.0,0.9458,0.0,0.0,0.0,0.014245,1,65.5,top 50%
BTCUSDT,2020-07-15,13.7,0–20,0.0661,0.0,0.0,0.0,0.9458,0.0,0.0,0.0075,0.036172,1,71.5,top 50%
BTCUSDT,2020-07-16,14.8,0–20,0.1111,0.0,0.0,0.0,0.9458,0.0,0.0,0.0418,0.04915,1,78.8,top 25%
BTCUSDT,2020-07-17,15.0,0–20,0.0932,0.0,0.0,0.0,0.9458,0.0,0.0,0.126,0.042125,1,80.0,top 25%
BTCUSDT,2020-07-18,14.4,0–20,0.0857,0.0,0.0,0.0,0.9458,0.0,0.0,0.0542,0.056564,1,76.7,top 25%
BTCUSDT,2020-07-19,13.7,0–20,0.0582,0.0,0.0,0.0,0.9458,0.0,0.0,0.0283,0.078311,1,71.5,top 50%
BTCUSDT,2020-07-20,14.1,0–20,0.0784,0.0,0.0,0.0,0.9458,0.0,0.0,0.0299,0.199323,1,73.6,top 50%
BTCUSDT,2020-07-21,12.3,0–20,0.0,0.0,0.0,0.0,0.9458,0.0,0.0,0.0,0.164048,1,61.9,top 50%
BTCUSDT,2020-07-22,12.4,0–20,0.0,0.0,0.0,0.0,0.9458,0.0,0.0,0.016,0.165359,1,62.9,top 50%
BTCUSDT,2020-07-23,12.6,0–20,0.0,0.0,0.0,0.0,0.9458,0.0,0.0,0.0413,0.159705,1,63.9,top 50%
BTCUSDT,2020-07-24,12.5,0–20,0.0,0.0,0.0,0.0,0.9458,0.0,0.0,0.0303,0.187333,1,63.4,top 50%
BTCUSDT,2020-07-25,12.7,0–20,0.0,0.0,0.0,0.0,0.9458,0.0,0.0,0.0525,0.215196,1,64.5,top 50%
BTCUSDT,2020-07-26,12.3,0–20,0.0,0.0,0.0,0.0,0.9458,0.0,0.0,0.0,0.115944,1,61.9,top 50%
BTCUSDT,2020-07-27,13.5,0–20,0.0,0.0,0.0,0.0,0.9458,0.0,0.0,0.1703,0.023244,1,70.3,top 50%
BTCUSDT,2020-07-28,12.9,0–20,0.0,0.0,0.0,0.0,0.9458,0.0,0.0,0.0923,0.026856,1,65.5,top 50%
BTCUSDT,2020-07-29,13.4,0–20,0.0,0.0,0.0,0.0,0.9458,0.0,0.0,0.1624,0.058246,1,69.6,top 50%
BTCUSDT,2020-07-30,14.0,0–20,0.0,0.0,0.0,0.0,0.9458,0.0,0.0,0.2464,0.06017,1,73.1,top 50%
BTCUSDT,2020-07-31,15.2,0–20,0.0,0.0,0.0,0.0,0.9458,0.0,0.0,0.4112,0.024551,1,81.3,top 25%
BTCUSDT,2020-08-01,6.9,0–20,0.0,0.0,0.0,0.0,0.0,0.0,0.0,0.9887,-0.000472,0,39.1,bottom 50%
BTCUSDT,2020-08-02,6.4,0–20,0.0,0.0,0.0,0.0,0.0,0.0,0.0,0.9145,0.056282,1,38.0,bottom 50%
BTCUSDT,2020-08-03,7.0,0–20,0.0,0.0,0.0,0.0,0.0,0.0,0.0,1.0,0.056175,1,41.8,bottom 50%
BTCUSDT,2020-08-04,7.0,0–20,0.0,0.0,0.0,0.0,0.0,0.0,0.0,1.0,0.018261,1,41.8,bottom 50%
BTCUSDT,2020-08-05,7.0,0–20,0.0,0.0,0.0,0.0,0.0,0.0,0.0,1.0,-0.013798,0,41.8,bottom 50%
BTCUSDT,2020-08-06,7.0,0–20,0.0,0.0,0.0,0.0,0.0,0.0,0.0,1.0,0.00037,1,41.8,bottom 50%
BTCUSDT,2020-08-07,7.0,0–20,0.0,0.0,0.0,0.0,0.0,0.0,0.0,1.0,0.014429,1,41.8,bottom 50%
BTCUSDT,2020-08-08,7.0,0–20,0.0,0.0,0.0,0.0,0.0,0.0,0.0,1.0,0.009499,1,41.8,bottom 50%
BTCUSDT,2020-08-09,7.0,0–20,0.0,0.0,0.0,0.0,0.0,0.0,0.0,1.0,0.018591,1,41.8,bottom 50%
BTCUSDT,2020-08-10,7.0,0–20,0.0,0.0,0.0,0.0,0.0,0.0,0.0,1.0,0.031679,1,41.8,bottom 50%
BTCUSDT,2020-08-11,7.0,0–20,0.0,0.0,0.0,0.0,0.0,0.0,0.0,1.0,0.050892,1,41.8,bottom 50%
BTCUSDT,2020-08-12,7.0,0–20,0.0,0.0,0.0,0.0,0.0,0.0,0.0,1.0,0.014963,1,41.8,bottom 50%
BTCUSDT,2020-08-13,7.0,0–20,0.0,0.0,0.0,0.0,0.0,0.0,0.0,1.0,0.007997,1,41.8,bottom 50%
BTCUSDT,2020-08-14,7.0,0–20,0.0,0.0,0.0,0.0,0.0,0.0,0.0,1.0,-0.014987,0,41.8,bottom 50%
BTCUSDT,2020-08-15,7.0,0–20,0.0,0.0,0.0,0.0,0.0,0.0,0.0,0.9949,-0.015496,0,41.8,bottom 50%
BTCUSDT,2020-08-16,1.4,0–20,0.0,0.0,0.0,0.0,0.0,0.0,0.0,0.199,-0.019168,0,14.1,bottom 50%
BTCUSDT,2020-08-17,2.3,0–20,0.0,0.0,0.0,0.0,0.0,0.0,0.0,0.3257,-0.039154,0,19.6,bottom 50%
BTCUSDT,2020-08-18,2.2,0–20,0.0,0.0,0.0,0.0,0.0,0.0,0.0,0.3134,-0.05213,0,18.8,bottom 50%
BTCUSDT,2020-08-19,2.1,0–20,0.0,0.0,0.0,0.0,0.0,0.0,0.0,0.2957,-0.022956,0,18.2,bottom 50%
BTCUSDT,2020-08-20,1.7,0–20,0.0,0.0,0.0,0.0,0.0,0.0,0.0,0.2397,-0.046721,0,16.0,bottom 50%
BTCUSDT,2020-08-21,0.4,0–20,0.0,0.0,0.0,0.0,0.0,0.0,0.0,0.0552,-0.004312,0,8.4,bottom 50%
BTCUSDT,2020-08-22,3.6,0–20,0.0,0.0,0.0,0.0,0.0,0.0,0.0,0.5178,-0.014977,0,26.7,bottom 50%
BTCUSDT,2020-08-23,2.3,0–20,0.0,0.0,0.0,0.0,0.0,0.0,0.0,0.3222,0.004,1,19.6,bottom 50%
BTCUSDT,2020-08-24,1.7,0–20,0.0,0.0,0.0,0.0,0.0,0.0,0.0,0.2468,-0.007964,0,16.0,bottom 50%
BTCUSDT,2020-08-25,0.9,0–20,0.0247,0.0,0.0,0.0,0.0,0.0,0.0,0.0535,0.053171,1,11.0,bottom 50%
BTCUSDT,2020-08-26,0.0,0–20,0.0,0.0,0.0,0.0,0.0,0.0,0.0,0.0,-0.00647,0,3.4,bottom 50%
BTCUSDT,2020-08-27,1.1,0–20,0.0419,0.0,0.0,0.0,0.0,0.0,0.0,0.0336,-0.09521,0,12.2,bottom 50%
BTCUSDT,2020-08-28,0.0,0–20,0.0,0.0,0.0,0.0,0.0,0.0,0.0,0.0,-0.089295,0,3.4,bottom 50%
BTCUSDT,2020-08-29,0.3,0–20,0.0,0.0,0.0,0.0,0.0,0.0,0.0,0.0414,-0.116217,0,7.9,bottom 50%
BTCUSDT,2020-08-30,0.0,0–20,0.0,0.0,0.0,0.0,0.0,0.0,0.0,0.0,-0.122201,0,3.4,bottom 50%
BTCUSDT,2020-08-31,0.2,0–20,0.0,0.0,0.0,0.0,0.0,0.0,0.0,0.0347,-0.112257,0,7.4,bottom 50%
BTCUSDT,2020-09-01,0.0,0–20,0.0,0.0,0.0,0.0,0.0,0.0,0.0,0.0,-0.153625,0,3.4,bottom 50%
BTCUSDT,2020-09-02,0.7,0–20,0.0332,0.0,0.0,0.0,0.0,0.0,0.0,0.0,-0.102653,0,9.9,bottom 50%
BTCUSDT,2020-09-03,17.8,0–20,0.3291,0.4865,0.0,0.0,0.0,0.0,0.5558,0.0,0.011502,1,91.3,top 10%
BTCUSDT,2020-09-04,6.0,0–20,0.2362,0.0828,0.0,0.0,0.0,0.0,0.0,0.0,-0.01055,0,37.0,bottom 50%
BTCUSDT,2020-09-05,13.0,0–20,0.3035,0.1196,0.0,0.0,0.0,0.0,0.7334,0.0,0.026806,1,66.6,top 50%
BTCUSDT,2020-09-06,5.3,0–20,0.2647,0.0,0.0,0.0,0.0,0.0,0.0,0.0,0.004222,1,34.6,bottom 50%
BTCUSDT,2020-09-07,4.7,0–20,0.2328,0.0,0.0,0.0,0.0,0.0,0.0,0.0,0.030018,1,31.9,bottom 50%
BTCUSDT,2020-09-08,5.7,0–20,0.2846,0.0,0.0,0.0,0.0,0.0,0.0,0.0,0.06568,1,36.1,bottom 50%
BTCUSDT,2020-09-09,4.9,0–20,0.2425,0.0,0.0,0.0,0.0,0.0,0.0,0.0,0.071522,1,32.8,bottom 50%
BTCUSDT,2020-09-10,3.9,0–20,0.1965,0.0,0.0,0.0,0.0,0.0,0.0,0.0,0.056532,1,28.3,bottom 50%
BTCUSDT,2020-09-11,3.6,0–20,0.1818,0.0,0.0,0.0,0.0,0.0,0.0,0.0,0.052271,1,26.7,bottom 50%
BTCUSDT,2020-09-12,3.3,0–20,0.1649,0.0,0.0,0.0,0.0,0.0,0.0,0.0,0.062456,1,25.2,bottom 50%
BTCUSDT,2020-09-13,4.0,0–20,0.2002,0.0,0.0,0.0,0.0,0.0,0.0,0.0,0.059524,1,28.9,bottom 50%
BTCUSDT,2020-09-14,1.1,0–20,0.0554,0.0,0.0,0.0,0.0,0.0,0.0,0.0,-0.020465,0,12.2,bottom 50%
BTCUSDT,2020-09-15,0.3,0–20,0.0126,0.0,0.0,0.0,0.0,0.0,0.0,0.0,-0.023941,0,7.9,bottom 50%
BTCUSDT,2020-09-16,0.0,0–20,0.0,0.0,0.0,0.0,0.0,0.0,0.0,0.0,-0.066399,0,3.4,bottom 50%
BTCUSDT,2020-09-17,0.0,0–20,0.0,0.0,0.0,0.0,0.0,0.0,0.0,0.0,-0.017255,0,3.4,bottom 50%
BTCUSDT,2020-09-18,0.0,0–20,0.0,0.0,0.0,0.0,0.0,0.0,0.0,0.0,-0.023013,0,3.4,bottom 50%
BTCUSDT,2020-09-19,0.0,0–20,0.0,0.0,0.0,0.0,0.0,0.0,0.0,0.0,-0.030973,0,3.4,bottom 50%
BTCUSDT,2020-09-20,0.0,0–20,0.0,0.0,0.0,0.0,0.0,0.0,0.0,0.0,-0.014902,0,3.4,bottom 50%
BTCUSDT,2020-09-21,3.0,0–20,0.1519,0.0,0.0,0.0,0.0,0.0,0.0,0.0,0.023646,1,23.4,bottom 50%
BTCUSDT,2020-09-22,2.4,0–20,0.1183,0.0,0.0,0.0,0.0,0.0,0.0,0.0,0.029054,1,20.3,bottom 50%
BTCUSDT,2020-09-23,6.5,0–20,0.2131,0.0,0.0,0.0,0.0,0.0,0.0,0.3195,0.052537,1,38.3,bottom 50%
BTCUSDT,2020-09-24,2.0,0–20,0.0079,0.0,0.0,0.0,0.0,0.0,0.0,0.2687,-0.013068,0,17.5,bottom 50%
BTCUSDT,2020-09-25,3.2,0–20,0.031,0.0,0.0,0.0,0.0,0.0,0.0,0.3695,-0.010918,0,24.6,bottom 50%
BTCUSDT,2020-09-26,0.8,0–20,0.0092,0.0,0.0,0.0,0.0,0.0,0.0,0.0909,-0.018733,0,10.5,bottom 50%
BTCUSDT,2020-09-27,0.6,0–20,0.0,0.0,0.0,0.0,0.0,0.0,0.0,0.0833,-0.009808,0,9.4,bottom 50%
BTCUSDT,2020-09-28,0.9,0–20,0.0263,0.0,0.0,0.0,0.0,0.0,0.0,0.0592,0.007814,1,11.0,bottom 50%
BTCUSDT,2020-09-29,1.8,0–20,0.0,0.0,0.0,0.0,0.0,0.0,0.0,0.2547,-0.022152,0,16.5,bottom 50%
BTCUSDT,2020-09-30,1.1,0–20,0.0,0.0,0.0,0.0,0.0,0.0,0.0,0.1604,-0.010712,0,12.2,bottom 50%
BTCUSDT,2020-10-01,15.5,0–20,0.0679,0.0,0.0,0.0,1.0,0.0,0.0,0.1661,0.027895,1,82.6,top 25%
BTCUSDT,2020-10-02,17.5,0–20,0.0865,0.0,0.0,0.0,1.0,0.0,0.2339,0.1565,0.046188,1,90.5,top 10%
BTCUSDT,2020-10-03,16.3,0–20,0.0984,0.0,0.0,0.0,1.0,0.0,0.0,0.1841,0.070813,1,87.1,top 25%
BTCUSDT,2020-10-04,14.2,0–20,0.0331,0.0,0.0,0.0,1.0,0.0,0.0,0.0754,0.066975,1,74.2,top 50%
BTCUSDT,2020-10-05,13.0,0–20,0.0,0.0,0.0,0.0,1.0,0.0,0.0,0.0,0.070601,1,66.6,top 50%
BTCUSDT,2020-10-06,14.3,0–20,0.0643,0.0,0.0,0.0,1.0,0.0,0.0,0.0,0.077467,1,75.4,top 25%
BTCUSDT,2020-10-07,13.6,0–20,0.0294,0.0,0.0,0.0,1.0,0.0,0.0,0.0,0.071285,1,70.9,top 50%
BTCUSDT,2020-10-08,13.0,0–20,0.0,0.0,0.0,0.0,1.0,0.0,0.0,0.0,0.053104,1,66.6,top 50%
BTCUSDT,2020-10-09,13.0,0–20,0.0,0.0,0.0,0.0,1.0,0.0,0.0,0.0,0.023288,1,66.6,top 50%
BTCUSDT,2020-10-10,13.0,0–20,0.0,0.0,0.0,0.0,1.0,0.0,0.0,0.0,0.005465,1,66.6,top 50%
BTCUSDT,2020-10-11,13.5,0–20,0.0,0.0,0.0,0.0,1.0,0.0,0.0,0.0729,0.008712,1,70.3,top 50%
BTCUSDT,2020-10-12,13.5,0–20,0.0,0.0,0.0,0.0,1.0,0.0,0.0,0.0671,0.016155,1,70.3,top 50%
BTCUSDT,2020-10-13,15.4,0–20,0.0,0.0,0.0,0.0,1.0,0.0,0.0,0.342,0.042923,1,82.1,top 25%
BTCUSDT,2020-10-14,14.0,0–20,0.0,0.0,0.0,0.0,1.0,0.0,0.0,0.1461,0.121981,1,73.1,top 50%
BTCUSDT,2020-10-15,15.0,0–20,0.0,0.0,0.0,0.0,1.0,0.0,0.0,0.2872,0.127925,1,80.0,top 25%
BTCUSDT,2020-10-16,15.1,0–20,0.0,0.0,0.0,0.0,1.0,0.0,0.0,0.293,0.142148,1,80.7,top 25%
BTCUSDT,2020-10-17,15.5,0–20,0.0,0.0,0.0,0.0,1.0,0.0,0.0,0.3558,0.154072,1,82.6,top 25%
BTCUSDT,2020-10-18,15.4,0–20,0.0,0.0,0.0,0.0,1.0,0.0,0.0,0.3361,0.134788,1,82.1,top 25%
BTCUSDT,2020-10-19,14.9,0–20,0.0,0.0,0.0,0.0,1.0,0.0,0.0,0.277,0.113542,1,79.4,top 25%
BTCUSDT,2020-10-20,15.4,0–20,0.0,0.0,0.0,0.0,1.0,0.0,0.0,0.3416,0.14584,1,82.1,top 25%
BTCUSDT,2020-10-21,15.6,0–20,0.0,0.0,0.0,0.0,1.0,0.0,0.0,0.3747,0.034904,1,83.1,top 25%
BTCUSDT,2020-10-22,16.0,0–20,0.0,0.0,0.0,0.0,1.0,0.0,0.0,0.4221,0.036403,1,85.9,top 25%
BTCUSDT,2020-10-23,16.5,0–20,0.0,0.0,0.0,0.0,1.0,0.0,0.0,0.4985,0.047557,1,87.7,top 25%
BTCUSDT,2020-10-24,16.9,0–20,0.0,0.0,0.0,0.0,1.0,0.0,0.0,0.561,0.051337,1,88.9,top 25%
BTCUSDT,2020-10-25,17.0,0–20,0.0,0.0,0.0,0.0,1.0,0.0,0.0,0.5689,0.054173,1,89.3,top 25%
BTCUSDT,2020-10-26,20.0,20–40,0.0,0.0,0.0,0.0,1.0,0.0,0.0,1.0,0.036347,1,96.6,top 10%
BTCUSDT,2020-10-27,20.0,20–40,0.0,0.0,0.0,0.0,1.0,0.0,0.0,1.0,0.021684,1,96.6,top 10%
BTCUSDT,2020-10-28,19.6,0–20,0.0,0.0,0.0,0.0,1.0,0.0,0.0,0.9476,0.064984,1,95.8,top 10%
BTCUSDT,2020-10-29,19.6,0–20,0.0,0.0,0.0,0.0,1.0,0.0,0.0,0.9467,0.159398,1,95.8,top 10%
BTCUSDT,2020-10-30,18.6,0–20,0.0,0.0,0.0,0.0,1.0,0.0,0.0,0.7982,0.149068,1,93.5,top 10%
BTCUSDT,2020-10-31,18.5,0–20,0.0,0.0,0.0,0.0,1.0,0.0,0.0,0.7828,0.076392,1,93.3,top 10%
BTCUSDT,2020-11-01,15.1,0–20,0.0,0.0,0.0,0.0,0.6693,0.0,0.0,0.9137,0.126843,1,80.7,top 25%
BTCUSDT,2020-11-02,14.5,0–20,0.0,0.0,0.0,0.0,0.6693,0.0,0.0,0.8245,0.131495,1,77.3,top 25%
BTCUSDT,2020-11-03,15.1,0–20,0.0,0.0,0.0,0.0,0.6693,0.0,0.0,0.9121,0.096098,1,80.7,top 25%
BTCUSDT,2020-11-04,15.2,0–20,0.0,0.0,0.0,0.0,0.6693,0.0,0.0,0.9308,0.110914,1,81.3,top 25%
BTCUSDT,2020-11-05,15.7,0–20,0.0,0.0,0.0,0.0,0.6693,0.0,0.0,1.0,0.044705,1,84.2,top 25%
BTCUSDT,2020-11-06,15.7,0–20,0.0,0.0,0.0,0.0,0.6693,0.0,0.0,1.0,0.048306,1,84.2,top 25%
BTCUSDT,2020-11-07,15.6,0–20,0.0,0.0,0.0,0.0,0.6693,0.0,0.0,0.9853,0.083215,1,83.1,top 25%
BTCUSDT,2020-11-08,15.7,0–20,0.0,0.0,0.0,0.0,0.6693,0.0,0.0,1.0,0.030752,1,84.2,top 25%
BTCUSDT,2020-11-09,15.7,0–20,0.0,0.0,0.0,0.0,0.6693,0.0,0.0,1.0,0.090254,1,84.2,top 25%
BTCUSDT,2020-11-10,15.7,0–20,0.0,0.0,0.0,0.0,0.6693,0.0,0.0,1.0,0.153981,1,84.2,top 25%
BTCUSDT,2020-11-11,15.7,0–20,0.0,0.0,0.0,0.0,0.6693,0.0,0.0,1.0,0.133916,1,84.2,top 25%
BTCUSDT,2020-11-12,14.4,0–20,0.0,0.0,0.0,0.0,0.6693,0.0,0.0,0.807,0.094662,1,76.7,top 25%
BTCUSDT,2020-11-13,15.4,0–20,0.0,0.0,0.0,0.0,0.6693,0.0,0.0,0.9536,0.141165,1,82.1,top 25%
BTCUSDT,2020-11-14,15.2,0–20,0.0,0.0,0.0,0.0,0.6693,0.0,0.0,0.9253,0.160199,1,81.3,top 25%
BTCUSDT,2020-11-15,14.9,0–20,0.0,0.0,0.0,0.0,0.6693,0.0,0.0,0.8841,0.151321,1,79.4,top 25%
BTCUSDT,2020-11-16,14.3,0–20,0.0,0.0,0.0,0.0,0.6693,0.0,0.0,0.7981,0.098588,1,75.4,top 25%
BTCUSDT,2020-11-17,15.7,0–20,0.0,0.0,0.0,0.0,0.6693,0.0,0.0,1.0,0.082858,1,84.2,top 25%
BTCUSDT,2020-11-18,15.7,0–20,0.0,0.0,0.0,0.0,0.6693,0.0,0.0,1.0,0.05213,1,84.2,top 25%
BTCUSDT,2020-11-19,15.7,0–20,0.0,0.0,0.0,0.0,0.6693,0.0,0.0,1.0,-0.037406,0,84.2,top 25%
BTCUSDT,2020-11-20,15.1,0–20,0.0,0.0,0.0,0.0,0.6693,0.0,0.0,0.9208,-0.081246,0,80.7,top 25%
BTCUSDT,2020-11-21,15.7,0–20,0.0,0.0,0.0,0.0,0.6693,0.0,0.0,1.0,-0.049609,0,84.2,top 25%
BTCUSDT,2020-11-22,15.7,0–20,0.0,0.0,0.0,0.0,0.6693,0.0,0.0,1.0,-0.01048,0,84.2,top 25%
BTCUSDT,2020-11-23,15.7,0–20,0.0,0.0,0.0,0.0,0.6693,0.0,0.0,1.0,0.068705,1,84.2,top 25%
BTCUSDT,2020-11-24,15.7,0–20,0.0,0.0,0.0,0.0,0.6693,0.0,0.0,1.0,-0.015934,0,84.2,top 25%
BTCUSDT,2020-11-25,15.6,0–20,0.0,0.0,0.0,0.0,0.6693,0.0,0.0,0.9819,0.025036,1,83.1,top 25%
BTCUSDT,2020-11-26,18.7,0–20,0.0,0.0,0.0,0.0,0.6693,0.0,0.5258,0.9091,0.133801,1,94.0,top 10%
BTCUSDT,2020-11-27,15.7,0–20,0.0,0.0,0.0,0.0,0.6693,0.0,0.0,1.0,0.093016,1,84.2,top 25%
BTCUSDT,2020-11-28,15.0,0–20,0.0,0.0,0.0,0.0,0.6693,0.0,0.0,0.8989,0.081096,1,80.0,top 25%
BTCUSDT,2020-11-29,15.7,0–20,0.0,0.0,0.0,0.0,0.6693,0.0,0.0,1.0,0.064235,1,84.2,top 25%
BTCUSDT,2020-11-30,15.7,0–20,0.0,0.0,0.0,0.0,0.6693,0.0,0.0,1.0,-0.022124,0,84.2,top 25%
BTCUSDT,2020-12-01,3.5,0–20,0.0,0.0,0.0,0.0,0.0,0.0,0.0,0.506,-0.025626,0,26.1,bottom 50%
BTCUSDT,2020-12-02,2.0,0–20,0.0,0.0,0.0,0.0,0.0,0.0,0.0,0.2869,-0.033705,0,17.5,bottom 50%
BTCUSDT,2020-12-03,3.3,0–20,0.0,0.0,0.0,0.0,0.0,0.0,0.0,0.4707,-0.060704,0,25.2,bottom 50%
BTCUSDT,2020-12-04,4.7,0–20,0.0,0.0,0.0,0.0,0.0,0.0,0.0,0.6752,-0.034271,0,31.9,bottom 50%
BTCUSDT,2020-12-05,7.0,0–20,0.0,0.0,0.0,0.0,0.0,0.0,0.0,1.0,-0.018303,0,41.8,bottom 50%
BTCUSDT,2020-12-06,4.5,0–20,0.0,0.0,0.0,0.0,0.0,0.0,0.0,0.6422,-0.01048,0,31.0,bottom 50%
BTCUSDT,2020-12-07,3.1,0–20,0.0,0.0,0.0,0.0,0.0,0.0,0.0,0.4406,0.002867,1,24.0,bottom 50%
BTCUSDT,2020-12-08,3.0,0–20,0.0,0.0,0.0,0.0,0.0,0.0,0.0,0.4343,0.059818,1,23.4,bottom 50%
BTCUSDT,2020-12-09,1.7,0–20,0.0,0.0,0.0,0.0,0.0,0.0,0.0,0.2458,0.148577,1,16.0,bottom 50%
BTCUSDT,2020-12-10,1.0,0–20,0.0,0.0,0.0,0.0,0.0,0.0,0.0,0.1364,0.248572,1,11.6,bottom 50%
BTCUSDT,2020-12-11,1.2,0–20,0.0,0.0,0.0,0.0,0.0,0.0,0.0,0.176,0.281249,1,12.8,bottom 50%
BTCUSDT,2020-12-12,1.5,0–20,0.0,0.0,0.0,0.0,0.0,0.0,0.0,0.2191,0.269425,1,14.8,bottom 50%
BTCUSDT,2020-12-13,0.0,0–20,0.0,0.0,0.0,0.0,0.0,0.0,0.0,0.0,0.226456,1,3.4,bottom 50%
BTCUSDT,2020-12-14,0.0,0–20,0.0,0.0,0.0,0.0,0.0,0.0,0.0,0.0,0.184782,1,3.4,bottom 50%
BTCUSDT,2020-12-15,0.0,0–20,0.0,0.0,0.0,0.0,0.0,0.0,0.0,0.0,0.224851,1,3.4,bottom 50%
BTCUSDT,2020-12-16,2.2,0–20,0.0,0.0,0.0,0.0,0.0,0.0,0.0,0.3125,0.0906,1,18.8,bottom 50%
BTCUSDT,2020-12-17,4.2,0–20,0.0,0.0,0.0,0.0,0.0,0.0,0.0,0.6009,0.040815,1,29.6,bottom 50%
BTCUSDT,2020-12-18,3.4,0–20,0.0,0.0,0.0,0.0,0.0,0.0,0.0,0.4861,0.065988,1,25.6,bottom 50%
BTCUSDT,2020-12-19,2.6,0–20,0.0,0.0,0.0,0.0,0.0,0.0,0.0,0.3647,0.10755,1,21.5,bottom 50%
BTCUSDT,2020-12-20,0.0,0–20,0.0,0.0,0.0,0.0,0.0,0.0,0.0,0.0,0.119051,1,3.4,bottom 50%
BTCUSDT,2020-12-21,5.0,0–20,0.0,0.0,0.0,0.0,0.0,0.0,0.0,0.7135,0.18777,1,33.4,bottom 50%
BTCUSDT,2020-12-22,6.9,0–20,0.0,0.0,0.0,0.0,0.0,0.0,0.0,0.9787,0.150503,1,39.1,bottom 50%
BTCUSDT,2020-12-23,6.7,0–20,0.0,0.0,0.0,0.0,0.0,0.0,0.0,0.9537,0.240933,1,38.7,bottom 50%
BTCUSDT,2020-12-24,7.0,0–20,0.0,0.0,0.0,0.0,0.0,0.0,0.0,1.0,0.221848,1,41.8,bottom 50%
BTCUSDT,2020-12-25,7.0,0–20,0.0,0.0,0.0,0.0,0.0,0.0,0.0,1.0,0.190935,1,41.8,bottom 50%
BTCUSDT,2020-12-26,7.0,0–20,0.0,0.0,0.0,0.0,0.0,0.0,0.0,1.0,0.215237,1,41.8,bottom 50%
BTCUSDT,2020-12-27,7.0,0–20,0.0,0.0,0.0,0.0,0.0,0.0,0.0,1.0,0.247779,1,41.8,bottom 50%
BTCUSDT,2020-12-28,7.0,0–20,0.0,0.0,0.0,0.0,0.0,0.0,0.0,1.0,0.180437,1,41.8,bottom 50%
BTCUSDT,2020-12-29,7.0,0–20,0.0,0.0,0.0,0.0,0.0,0.0,0.0,1.0,0.242303,1,41.8,bottom 50%
BTCUSDT,2020-12-30,7.0,0–20,0.0,0.0,0.0,0.0,0.0,0.0,0.0,1.0,0.276808,1,41.8,bottom 50%
BTCUSDT,2020-12-31,7.0,0–20,0.0,0.0,0.0,0.0,0.0,0.0,0.0,1.0,0.357542,1,41.8,bottom 50%
BTCUSDT,2021-01-01,7.0,0–20,0.0,0.0,0.0,0.0,0.0,0.0,0.0,1.0,0.388895,1,41.8,bottom 50%
BTCUSDT,2021-01-02,7.0,0–20,0.0,0.0,0.0,0.0,0.0,0.0,0.0,1.0,0.252971,1,41.8,bottom 50%
BTCUSDT,2021-01-03,7.0,0–20,0.0,0.0,0.0,0.0,0.0,0.0,0.0,1.0,0.170045,1,41.8,bottom 50%
BTCUSDT,2021-01-04,7.0,0–20,0.0,0.0,0.0,0.0,0.0,0.0,0.0,1.0,0.112434,1,41.8,bottom 50%
BTCUSDT,2021-01-05,7.0,0–20,0.0,0.0,0.0,0.0,0.0,0.0,0.0,1.0,-0.002044,0,41.8,bottom 50%
BTCUSDT,2021-01-06,7.0,0–20,0.0,0.0,0.0,0.0,0.0,0.0,0.0,1.0,0.013361,1,41.8,bottom 50%
BTCUSDT,2021-01-07,7.0,0–20,0.0,0.0,0.0,0.0,0.0,0.0,0.0,1.0,-0.004666,0,41.8,bottom 50%
BTCUSDT,2021-01-08,7.0,0–20,0.0,0.0,0.0,0.0,0.0,0.0,0.0,1.0,-0.097365,0,41.8,bottom 50%
BTCUSDT,2021-01-09,7.0,0–20,0.0,0.0,0.0,0.0,0.0,0.0,0.0,1.0,-0.101266,0,41.8,bottom 50%
BTCUSDT,2021-01-10,8.7,0–20,0.0,0.0,0.0,0.0,0.0,0.0,0.2374,1.0,-0.066877,0,48.8,bottom 50%
BTCUSDT,2021-01-11,12.9,0–20,0.0,0.0,0.0,0.0,0.0,0.0,0.84,1.0,0.029899,1,65.5,top 50%
BTCUSDT,2021-01-12,7.0,0–20,0.0,0.0,0.0,0.0,0.0,0.0,0.0,1.0,0.063286,1,41.8,bottom 50%
BTCUSDT,2021-01-13,7.0,0–20,0.0,0.0,0.0,0.0,0.0,0.0,0.0,1.0,-0.047395,0,41.8,bottom 50%
BTCUSDT,2021-01-14,7.0,0–20,0.0,0.0,0.0,0.0,0.0,0.0,0.0,1.0,-0.213376,0,41.8,bottom 50%
BTCUSDT,2021-01-15,7.0,0–20,0.0,0.0,0.0,0.0,0.0,0.0,0.0,1.0,-0.103722,0,41.8,bottom 50%
BTCUSDT,2021-01-16,7.0,0–20,0.0,0.0,0.0,0.0,0.0,0.0,0.0,1.0,-0.113618,0,41.8,bottom 50%
BTCUSDT,2021-01-17,7.0,0–20,0.0,0.0,0.0,0.0,0.0,0.0,0.0,1.0,-0.097842,0,41.8,bottom 50%
BTCUSDT,2021-01-18,7.0,0–20,0.0,0.0,0.0,0.0,0.0,0.0,0.0,1.0,-0.116398,0,41.8,bottom 50%
BTCUSDT,2021-01-19,7.0,0–20,0.0,0.0,0.0,0.0,0.0,0.0,0.0,1.0,-0.097033,0,41.8,bottom 50%
BTCUSDT,2021-01-20,7.0,0–20,0.0,0.0,0.0,0.0,0.0,0.0,0.0,1.0,-0.143897,0,41.8,bottom 50%
BTCUSDT,2021-01-21,9.3,0–20,0.121,0.0,0.0,0.0,0.0,0.0,0.0,0.9868,0.085656,1,50.4,top 50%
BTCUSDT,2021-01-22,3.8,0–20,0.008,0.0,0.0,0.0,0.0,0.0,0.0,0.5259,0.039709,1,27.8,bottom 50%
BTCUSDT,2021-01-23,4.6,0–20,0.0523,0.0,0.0,0.0,0.0,0.0,0.0,0.5138,0.068664,1,31.5,bottom 50%
BTCUSDT,2021-01-24,4.8,0–20,0.0404,0.0,0.0,0.0,0.0,0.0,0.0,0.5737,0.02555,1,32.4,bottom 50%
BTCUSDT,2021-01-25,2.2,0–20,0.0361,0.0,0.0,0.0,0.0,0.0,0.0,0.2083,0.036173,1,18.8,bottom 50%
BTCUSDT,2021-01-26,0.5,0–20,0.0239,0.0,0.0,0.0,0.0,0.0,0.0,0.0,0.090281,1,8.9,bottom 50%
BTCUSDT,2021-01-27,2.8,0–20,0.1385,0.0,0.0,0.0,0.0,0.0,0.0,0.0,0.231316,1,22.5,bottom 50%
BTCUSDT,2021-01-28,0.0,0–20,0.0,0.0,0.0,0.0,0.0,0.0,0.0,0.0,0.103387,1,3.4,bottom 50%
BTCUSDT,2021-01-29,0.0,0–20,0.0,0.0,0.0,0.0,0.0,0.0,0.0,0.0,0.111548,1,3.4,bottom 50%
BTCUSDT,2021-01-30,0.0,0–20,0.0,0.0,0.0,0.0,0.0,0.0,0.0,0.0,0.1458,1,3.4,bottom 50%
BTCUSDT,2021-01-31,0.0,0–20,0.0,0.0,0.0,0.0,0.0,0.0,0.0,0.0,0.174821,1,3.4,bottom 50%
BTCUSDT,2021-02-01,11.7,0–20,0.0,0.0,0.0,0.0,0.9018,0.0,0.0,0.0,0.37747,1,58.4,top 50%
BTCUSDT,2021-02-02,11.7,0–20,0.0,0.0,0.0,0.0,0.9018,0.0,0.0,0.0,0.308948,1,58.4,top 50%
BTCUSDT,2021-02-03,11.7,0–20,0.0,0.0,0.0,0.0,0.9018,0.0,0.0,0.0,0.19871,1,58.4,top 50%
BTCUSDT,2021-02-04,11.7,0–20,0.0,0.0,0.0,0.0,0.9018,0.0,0.0,0.0,0.297439,1,58.4,top 50%
BTCUSDT,2021-02-05,11.7,0–20,0.0,0.0,0.0,0.0,0.9018,0.0,0.0,0.0,0.245398,1,58.4,top 50%
BTCUSDT,2021-02-06,11.7,0–20,0.0,0.0,0.0,0.0,0.9018,0.0,0.0,0.0,0.199651,1,58.4,top 50%
BTCUSDT,2021-02-07,11.7,0–20,0.0,0.0,0.0,0.0,0.9018,0.0,0.0,0.0,0.252262,1,58.4,top 50%
BTCUSDT,2021-02-08,13.4,0–20,0.0,0.0,0.0,0.0,0.9018,0.0,0.0,0.2396,0.037851,1,69.6,top 50%
BTCUSDT,2021-02-09,13.4,0–20,0.0,0.0,0.0,0.0,0.9018,0.0,0.0,0.244,0.058492,1,69.6,top 50%
BTCUSDT,2021-02-10,18.7,0–20,0.0,0.0,0.0,0.0,0.9018,0.0,0.0,1.0,0.160978,1,94.0,top 10%
BTCUSDT,2021-02-11,18.7,0–20,0.0,0.0,0.0,0.0,0.9018,0.0,0.0,1.0,0.0787,1,94.0,top 10%
BTCUSDT,2021-02-12,18.7,0–20,0.0,0.0,0.0,0.0,0.9018,0.0,0.0,1.0,0.176472,1,94.0,top 10%
BTCUSDT,2021-02-13,18.7,0–20,0.0,0.0,0.0,0.0,0.9018,0.0,0.0,1.0,0.190933,1,94.0,top 10%
BTCUSDT,2021-02-14,18.7,0–20,0.0,0.0,0.0,0.0,0.9018,0.0,0.0,1.0,0.181099,1,94.0,top 10%
BTCUSDT,2021-02-15,18.7,0–20,0.0,0.0,0.0,0.0,0.9018,0.0,0.0,1.0,0.130613,1,94.0,top 10%
BTCUSDT,2021-02-16,18.7,0–20,0.0,0.0,0.0,0.0,0.9018,0.0,0.0,1.0,-0.007631,0,94.0,top 10%
BTCUSDT,2021-02-17,18.7,0–20,0.0,0.0,0.0,0.0,0.9018,0.0,0.0,1.0,-0.046859,0,94.0,top 10%
BTCUSDT,2021-02-18,18.7,0–20,0.0,0.0,0.0,0.0,0.9018,0.0,0.0,1.0,-0.088738,0,94.0,top 10%
BTCUSDT,2021-02-19,18.7,0–20,0.0,0.0,0.0,0.0,0.9018,0.0,0.0,1.0,-0.170848,0,94.0,top 10%
BTCUSDT,2021-02-20,18.7,0–20,0.0,0.0,0.0,0.0,0.9018,0.0,0.0,1.0,-0.176669,0,94.0,top 10%
BTCUSDT,2021-02-21,18.7,0–20,0.0,0.0,0.0,0.0,0.9018,0.0,0.0,1.0,-0.21554,0,94.0,top 10%
BTCUSDT,2021-02-22,18.7,0–20,0.0,0.0,0.0,0.0,0.9018,0.0,0.0,1.0,-0.084418,0,94.0,top 10%
BTCUSDT,2021-02-23,22.9,20–40,0.0,0.0,0.0,0.0,0.9018,0.0,0.5903,1.0,-0.009123,0,98.6,top 10%
BTCUSDT,2021-02-24,18.7,0–20,0.0,0.0,0.0,0.0,0.9018,0.0,0.0,1.0,0.016757,1,94.0,top 10%
BTCUSDT,2021-02-25,18.7,0–20,0.0,0.0,0.0,0.0,0.9018,0.0,0.0,1.0,0.031157,1,94.0,top 10%
BTCUSDT,2021-02-26,25.8,20–40,0.0039,0.0,0.0,0.0,0.9018,0.0,1.0,1.0,0.055839,1,99.5,top 10%
BTCUSDT,2021-02-27,18.9,0–20,0.0103,0.0,0.0,0.0,0.9018,0.0,0.0,1.0,0.058974,1,94.6,top 10%
BTCUSDT,2021-02-28,14.7,0–20,0.055,0.0,0.0,0.0,0.9018,0.0,0.0,0.263,0.134453,1,78.4,top 25%
BTCUSDT,2021-03-01,2.4,0–20,0.0,0.0,0.0,0.0,0.0,0.0,0.0,0.3463,0.052694,1,20.3,bottom 50%
BTCUSDT,2021-03-02,1.7,0–20,0.0,0.0,0.0,0.0,0.0,0.0,0.0,0.2488,0.133222,1,16.0,bottom 50%
BTCUSDT,2021-03-03,0.0,0–20,0.0,0.0,0.0,0.0,0.0,0.0,0.0,0.0,0.108241,1,3.4,bottom 50%
BTCUSDT,2021-03-04,0.0,0–20,0.0,0.0,0.0,0.0,0.0,0.0,0.0,0.0,0.190357,1,3.4,bottom 50%
BTCUSDT,2021-03-05,0.0,0–20,0.0,0.0,0.0,0.0,0.0,0.0,0.0,0.0,0.171781,1,3.4,bottom 50%
BTCUSDT,2021-03-06,0.6,0–20,0.0,0.0,0.0,0.0,0.0,0.0,0.0,0.0924,0.252098,1,9.4,bottom 50%
BTCUSDT,2021-03-07,0.3,0–20,0.0,0.0,0.0,0.0,0.0,0.0,0.0,0.0479,0.158097,1,7.9,bottom 50%
BTCUSDT,2021-03-08,1.0,0–20,0.0,0.0,0.0,0.0,0.0,0.0,0.0,0.1406,0.070065,1,11.6,bottom 50%
BTCUSDT,2021-03-09,0.0,0–20,0.0,0.0,0.0,0.0,0.0,0.0,0.0,0.0,0.03613,1,3.4,bottom 50%
BTCUSDT,2021-03-10,0.0,0–20,0.0,0.0,0.0,0.0,0.0,0.0,0.0,0.0,0.051105,1,3.4,bottom 50%
BTCUSDT,2021-03-11,0.0,0–20,0.0,0.0,0.0,0.0,0.0,0.0,0.0,0.0,0.000931,1,3.4,bottom 50%
BTCUSDT,2021-03-12,0.0,0–20,0.0,0.0,0.0,0.0,0.0,0.0,0.0,0.0,0.017696,1,3.4,bottom 50%
BTCUSDT,2021-03-13,0.0,0–20,0.0,0.0,0.0,0.0,0.0,0.0,0.0,0.0,-0.047833,0,3.4,bottom 50%
BTCUSDT,2021-03-14,0.4,0–20,0.0,0.0,0.0,0.0,0.0,0.0,0.0,0.0615,-0.029997,0,8.4,bottom 50%
BTCUSDT,2021-03-15,5.1,0–20,0.0,0.0,0.0,0.0,0.0,0.0,0.0,0.7344,-0.024649,0,33.9,bottom 50%
BTCUSDT,2021-03-16,5.6,0–20,0.0,0.0,0.0,0.0,0.0,0.0,0.0,0.8007,-0.036369,0,35.7,bottom 50%
BTCUSDT,2021-03-17,7.0,0–20,0.0,0.0,0.0,0.0,0.0,0.0,0.0,1.0,-0.103559,0,41.8,bottom 50%
BTCUSDT,2021-03-18,7.0,0–20,0.0,0.0,0.0,0.0,0.0,0.0,0.0,1.0,-0.106375,0,41.8,bottom 50%
BTCUSDT,2021-03-19,7.0,0–20,0.0,0.0,0.0,0.0,0.0,0.0,0.0,1.0,-0.055005,0,41.8,bottom 50%
BTCUSDT,2021-03-20,7.0,0–20,0.0,0.0,0.0,0.0,0.0,0.0,0.0,1.0,-0.04013,0,41.8,bottom 50%
BTCUSDT,2021-03-21,5.1,0–20,0.0,0.0,0.0,0.0,0.0,0.0,0.0,0.7318,-0.02734,0,33.9,bottom 50%
BTCUSDT,2021-03-22,7.0,0–20,0.0,0.0,0.0,0.0,0.0,0.0,0.0,1.0,0.05907,1,41.8,bottom 50%
BTCUSDT,2021-03-23,4.8,0–20,0.0,0.0,0.0,0.0,0.0,0.0,0.0,0.6852,0.07634,1,32.4,bottom 50%
BTCUSDT,2021-03-24,10.5,0–20,0.0628,0.0,0.0,0.0,0.0,0.0,0.4029,0.9113,0.116431,1,53.1,top 50%
BTCUSDT,2021-03-25,8.2,0–20,0.1102,0.0,0.0,0.0,0.0,0.0,0.0,0.8505,0.14296,1,47.7,bottom 50%
BTCUSDT,2021-03-26,5.9,0–20,0.0,0.0,0.0,0.0,0.0,0.0,0.0,0.8437,0.077026,1,36.7,bottom 50%
BTCUSDT,2021-03-27,2.3,0–20,0.0,0.0,0.0,0.0,0.0,0.0,0.0,0.333,0.029128,1,19.6,bottom 50%
BTCUSDT,2021-03-28,1.7,0–20,0.0,0.0,0.0,0.0,0.0,0.0,0.0,0.2438,0.050184,1,16.0,bottom 50%
BTCUSDT,2021-03-29,0.0,0–20,0.0,0.0,0.0,0.0,0.0,0.0,0.0,0.0,0.022644,1,3.4,bottom 50%
BTCUSDT,2021-03-30,0.0,0–20,0.0,0.0,0.0,0.0,0.0,0.0,0.0,0.0,-0.012311,0,3.4,bottom 50%
BTCUSDT,2021-03-31,0.0,0–20,0.0,0.0,0.0,0.0,0.0,0.0,0.0,0.0,-0.048709,0,3.4,bottom 50%
BTCUSDT,2021-04-01,11.0,0–20,0.0,0.0,0.0,0.0,0.8454,0.0,0.0,0.0,-0.013061,0,54.9,top 50%
BTCUSDT,2021-04-02,11.0,0–20,0.0,0.0,0.0,0.0,0.8454,0.0,0.0,0.0,-0.019185,0,54.9,top 50%
BTCUSDT,2021-04-03,11.0,0–20,0.0,0.0,0.0,0.0,0.8454,0.0,0.0,0.0,0.038007,1,54.9,top 50%
BTCUSDT,2021-04-04,12.9,0–20,0.0,0.0,0.0,0.0,0.8454,0.0,0.0,0.2685,0.024616,1,65.5,top 50%
BTCUSDT,2021-04-05,12.3,0–20,0.0,0.0,0.0,0.0,0.8454,0.0,0.0,0.1865,0.014148,1,61.9,top 50%
BTCUSDT,2021-04-06,11.1,0–20,0.0,0.0,0.0,0.0,0.8454,0.0,0.0,0.0188,0.091268,1,55.9,top 50%
BTCUSDT,2021-04-07,12.2,0–20,0.0189,0.0,0.0,0.0,0.8454,0.0,0.0,0.1244,0.125975,1,60.9,top 50%
BTCUSDT,2021-04-08,11.0,0–20,0.0,0.0,0.0,0.0,0.8454,0.0,0.0,0.0,0.085558,1,54.9,top 50%
BTCUSDT,2021-04-09,11.3,0–20,0.0,0.0,0.0,0.0,0.8454,0.0,0.0,0.0378,0.057134,1,56.5,top 50%
BTCUSDT,2021-04-10,11.9,0–20,0.0,0.0,0.0,0.0,0.8454,0.0,0.0,0.135,0.014894,1,59.5,top 50%
BTCUSDT,2021-04-11,13.4,0–20,0.0,0.0,0.0,0.0,0.8454,0.0,0.0,0.3475,-0.066253,0,69.6,top 50%
BTCUSDT,2021-04-12,11.9,0–20,0.0,0.0,0.0,0.0,0.8454,0.0,0.0,0.1279,-0.06961,0,59.5,top 50%
BTCUSDT,2021-04-13,15.0,0–20,0.0,0.0,0.0,0.0,0.8454,0.0,0.0,0.5725,-0.110709,0,80.0,top 25%
BTCUSDT,2021-04-14,15.8,0–20,0.0,0.0,0.0,0.0,0.8454,0.0,0.0,0.6854,-0.145835,0,85.3,top 25%
BTCUSDT,2021-04-15,14.1,0–20,0.0,0.0,0.0,0.0,0.8454,0.0,0.0,0.4471,-0.182452,0,73.6,top 50%
BTCUSDT,2021-04-16,15.7,0–20,0.0,0.0,0.0,0.0,0.8454,0.0,0.2895,0.3866,-0.170191,0,84.2,top 25%
BTCUSDT,2021-04-17,13.5,0–20,0.0,0.0,0.0,0.0,0.8454,0.0,0.0,0.357,-0.175219,0,70.3,top 50%
BTCUSDT,2021-04-18,21.0,20–40,0.133,0.0,0.0,0.0,0.8454,0.0,0.6065,0.441,-0.128289,0,97.8,top 10%
BTCUSDT,2021-04-19,16.3,0–20,0.1556,0.0,0.0,0.0,0.8454,0.0,0.0,0.3141,-0.030552,0,87.1,top 25%
BTCUSDT,2021-04-20,15.5,0–20,0.1082,0.0,0.0,0.0,0.8454,0.0,0.0,0.3327,-0.025497,0,82.6,top 25%
BTCUSDT,2021-04-21,16.8,0–20,0.2255,0.0,0.0,0.0,0.8454,0.0,0.0,0.1835,0.017041,1,88.5,top 25%
BTCUSDT,2021-04-22,18.9,0–20,0.3074,0.0743,0.0,0.0,0.8454,0.0,0.0,0.0933,0.034636,1,94.6,top 10%
BTCUSDT,2021-04-23,21.0,20–40,0.3312,0.0168,0.0,0.0,0.8454,0.0,0.4448,0.0,0.130281,1,97.8,top 10%
BTCUSDT,2021-04-24,18.3,0–20,0.3676,0.0,0.0,0.0,0.8454,0.0,0.0,0.0,0.155386,1,93.1,top 10%
BTCUSDT,2021-04-25,19.0,0–20,0.4028,0.0,0.0,0.0,0.8454,0.0,0.0,0.0,0.155636,1,94.8,top 10%
BTCUSDT,2021-04-26,12.8,0–20,0.0899,0.0,0.0,0.0,0.8454,0.0,0.0,0.0,0.058838,1,65.0,top 50%
BTCUSDT,2021-04-27,11.8,0–20,0.0395,0.0,0.0,0.0,0.8454,0.0,0.0,0.0,-0.030883,0,59.2,top 50%
BTCUSDT,2021-04-28,12.0,0–20,0.0493,0.0,0.0,0.0,0.8454,0.0,0.0,0.0,0.047411,1,60.0,top 50%
BTCUSDT,2021-04-29,13.2,0–20,0.1086,0.0,0.0,0.0,0.8454,0.0,0.0,0.0,0.053056,1,68.4,top 50%
BTCUSDT,2021-04-30,11.0,0–20,0.0,0.0,0.0,0.0,0.8454,0.0,0.0,0.0,-0.006819,0,54.9,top 50%
BTCUSDT,2021-05-01,7.3,0–20,0.0,0.0,0.0,0.0,0.5591,0.0,0.0,0.0,0.016873,1,45.2,bottom 50%
BTCUSDT,2021-05-02,7.3,0–20,0.0,0.0,0.0,0.0,0.5591,0.0,0.0,0.0,0.028275,1,45.2,bottom 50%
BTCUSDT,2021-05-03,7.3,0–20,0.0,0.0,0.0,0.0,0.5591,0.0,0.0,0.0,-0.023435,0,45.2,bottom 50%
BTCUSDT,2021-05-04,9.7,0–20,0.1198,0.0,0.0,0.0,0.5591,0.0,0.0,0.0,0.063207,1,51.4,top 50%
BTCUSDT,2021-05-05,7.3,0–20,0.0,0.0,0.0,0.0,0.5591,0.0,0.0,0.0,-0.144077,0,45.2,bottom 50%
BTCUSDT,2021-05-06,7.3,0–20,0.0,0.0,0.0,0.0,0.5591,0.0,0.0,0.0,-0.118453,0,45.2,bottom 50%
BTCUSDT,2021-05-07,7.3,0–20,0.0,0.0,0.0,0.0,0.5591,0.0,0.0,0.0,-0.130341,0,45.2,bottom 50%
BTCUSDT,2021-05-08,7.9,0–20,0.0,0.0,0.0,0.0,0.5591,0.0,0.0,0.09,-0.20481,0,46.9,bottom 50%
BTCUSDT,2021-05-09,7.3,0–20,0.0,0.0,0.0,0.0,0.5591,0.0,0.0,0.0,-0.202229,0,45.2,bottom 50%
BTCUSDT,2021-05-10,8.3,0–20,0.0246,0.0,0.0,0.0,0.5591,0.0,0.0,0.0819,-0.220593,0,47.9,bottom 50%
BTCUSDT,2021-05-11,8.9,0–20,0.0,0.0,0.0,0.0,0.5591,0.0,0.0,0.2323,-0.243281,0,49.4,bottom 50%
BTCUSDT,2021-05-12,15.7,0–20,0.2574,0.0,0.0,0.0,0.5591,0.0,0.0,0.4631,-0.247161,0,84.2,top 25%
BTCUSDT,2021-05-13,20.8,20–40,0.2308,0.0,0.0,0.0,0.5591,0.0,0.6399,0.6379,-0.179689,0,97.6,top 10%
BTCUSDT,2021-05-14,16.6,0–20,0.2227,0.0,0.0,0.0,0.5591,0.0,0.0,0.7001,-0.252119,0,88.0,top 25%
BTCUSDT,2021-05-15,19.3,0–20,0.3148,0.1118,0.0,0.0,0.5591,0.0,0.0,0.5855,-0.197252,0,95.3,top 10%
BTCUSDT,2021-05-16,15.3,0–20,0.3232,0.0115,0.0,0.0,0.5591,0.0,0.0,0.2034,-0.251538,0,81.7,top 25%
BTCUSDT,2021-05-17,16.4,0–20,0.3995,0.0793,0.0,0.0,0.5591,0.0,0.0,0.0,-0.110974,0,87.5,top 25%
BTCUSDT,2021-05-18,15.6,0–20,0.4148,0.0,0.0,0.0,0.5591,0.0,0.0,0.0,-0.105039,0,83.1,top 25%
BTCUSDT,2021-05-19,27.1,20–40,0.5347,0.143,0.0,0.0,0.5591,0.0,1.0,0.0,0.061935,1,99.7,top 10%
BTCUSDT,2021-05-20,14.2,0–20,0.3448,0.0,0.0,0.0,0.5591,0.0,0.0,0.0,-0.057519,0,74.2,top 50%
BTCUSDT,2021-05-21,15.6,0–20,0.4163,0.0,0.0,0.0,0.5591,0.0,0.0,0.0,-0.04308,0,83.1,top 25%
BTCUSDT,2021-05-22,15.4,0–20,0.4053,0.0,0.0,0.0,0.5591,0.0,0.0,0.0,-0.077806,0,82.1,top 25%
BTCUSDT,2021-05-23,16.5,0–20,0.4593,0.0,0.0,0.0,0.5591,0.0,0.0,0.0,0.026101,1,87.7,top 25%
BTCUSDT,2021-05-24,12.9,0–20,0.281,0.0,0.0,0.0,0.5591,0.0,0.0,0.0,-0.035476,0,65.5,top 50%
BTCUSDT,2021-05-25,13.0,0–20,0.2882,0.0,0.0,0.0,0.5591,0.0,0.0,0.0,-0.044719,0,66.6,top 50%
BTCUSDT,2021-05-26,12.2,0–20,0.2485,0.0,0.0,0.0,0.5591,0.0,0.0,0.0,-0.043747,0,60.9,top 50%
BTCUSDT,2021-05-27,12.7,0–20,0.2718,0.0,0.0,0.0,0.5591,0.0,0.0,0.0,0.02008,1,64.5,top 50%
BTCUSDT,2021-05-28,14.1,0–20,0.3418,0.0,0.0,0.0,0.5591,0.0,0.0,0.0,0.033526,1,73.6,top 50%
BTCUSDT,2021-05-29,14.6,0–20,0.3676,0.0,0.0,0.0,0.5591,0.0,0.0,0.0,0.027036,1,77.8,top 25%
BTCUSDT,2021-05-30,13.5,0–20,0.3131,0.0,0.0,0.0,0.5591,0.0,0.0,0.0,0.005164,1,70.3,top 50%
BTCUSDT,2021-05-31,11.9,0–20,0.2307,0.0,0.0,0.0,0.5591,0.0,0.0,0.0,-0.101041,0,59.5,top 50%
BTCUSDT,2021-06-01,5.0,0–20,0.2506,0.0,0.0,0.0,0.0,0.0,0.0,0.0,-0.087564,0,33.4,bottom 50%
BTCUSDT,2021-06-02,4.1,0–20,0.2046,0.0,0.0,0.0,0.0,0.0,0.0,0.0,-0.006123,0,29.3,bottom 50%
BTCUSDT,2021-06-03,2.5,0–20,0.1231,0.0,0.0,0.0,0.0,0.0,0.0,0.0,-0.063919,0,20.9,bottom 50%
BTCUSDT,2021-06-04,4.1,0–20,0.2052,0.0,0.0,0.0,0.0,0.0,0.0,0.0,0.011926,1,29.3,bottom 50%
BTCUSDT,2021-06-05,5.0,0–20,0.2491,0.0,0.0,0.0,0.0,0.0,0.0,0.0,1.6e-05,1,33.4,bottom 50%
BTCUSDT,2021-06-06,4.6,0–20,0.2321,0.0,0.0,0.0,0.0,0.0,0.0,0.0,0.090219,1,31.5,bottom 50%
BTCUSDT,2021-06-07,6.1,0–20,0.3072,0.0,0.0,0.0,0.0,0.0,0.0,0.0,0.19838,1,37.2,bottom 50%
BTCUSDT,2021-06-08,8.0,0–20,0.31,0.0,0.0,0.0,0.0,0.0,0.0,0.2545,0.207143,1,47.2,bottom 50%
BTCUSDT,2021-06-09,2.0,0–20,0.1009,0.0,0.0,0.0,0.0,0.0,0.0,0.0,0.026829,1,17.5,bottom 50%
BTCUSDT,2021-06-10,2.5,0–20,0.1258,0.0,0.0,0.0,0.0,0.0,0.0,0.0,0.036807,1,20.9,bottom 50%
BTCUSDT,2021-06-11,1.9,0–20,0.0937,0.0,0.0,0.0,0.0,0.0,0.0,0.0,-0.04144,0,17.1,bottom 50%
BTCUSDT,2021-06-12,3.3,0–20,0.1659,0.0,0.0,0.0,0.0,0.0,0.0,0.0,0.001782,1,25.2,bottom 50%
BTCUSDT,2021-06-13,0.0,0–20,0.0,0.0,0.0,0.0,0.0,0.0,0.0,0.0,-0.08695,0,3.4,bottom 50%
BTCUSDT,2021-06-14,0.0,0–20,0.0,0.0,0.0,0.0,0.0,0.0,0.0,0.0,-0.212385,0,3.4,bottom 50%
BTCUSDT,2021-06-15,0.0,0–20,0.0,0.0,0.0,0.0,0.0,0.0,0.0,0.0,-0.195529,0,3.4,bottom 50%
BTCUSDT,2021-06-16,0.7,0–20,0.0369,0.0,0.0,0.0,0.0,0.0,0.0,0.0,-0.120584,0,9.9,bottom 50%
BTCUSDT,2021-06-17,1.0,0–20,0.0502,0.0,0.0,0.0,0.0,0.0,0.0,0.0,-0.089113,0,11.6,bottom 50%
BTCUSDT,2021-06-18,7.1,0–20,0.1477,0.0,0.0,0.0,0.0,0.0,0.0,0.5925,-0.115948,0,44.5,bottom 50%
BTCUSDT,2021-06-19,7.0,0–20,0.1548,0.0,0.0,0.0,0.0,0.0,0.0,0.5635,-0.096294,0,41.8,bottom 50%
BTCUSDT,2021-06-20,5.5,0–20,0.1499,0.0,0.0,0.0,0.0,0.0,0.0,0.3637,-0.029375,0,35.4,bottom 50%
BTCUSDT,2021-06-21,12.1,0–20,0.3059,0.0773,0.0,0.0,0.0,0.0,0.5077,0.1871,0.087056,1,60.5,top 50%
BTCUSDT,2021-06-22,8.8,0–20,0.2547,0.0,0.0,0.0,0.0,0.0,0.479,0.0544,0.103432,1,49.2,bottom 50%
BTCUSDT,2021-06-23,3.6,0–20,0.1816,0.0,0.0,0.0,0.0,0.0,0.0,0.0,0.039077,1,26.7,bottom 50%
BTCUSDT,2021-06-24,2.5,0–20,0.127,0.0,0.0,0.0,0.0,0.0,0.0,0.0,-0.031455,0,20.9,bottom 50%
BTCUSDT,2021-06-25,5.1,0–20,0.2476,0.0,0.0,0.0,0.0,0.0,0.0,0.0182,0.07141,1,33.9,bottom 50%
BTCUSDT,2021-06-26,4.3,0–20,0.2148,0.0,0.0,0.0,0.0,0.0,0.0,0.0,0.077122,1,30.0,bottom 50%
BTCUSDT,2021-06-27,1.6,0–20,0.0779,0.0,0.0,0.0,0.0,0.0,0.0,0.0,0.018417,1,15.4,bottom 50%
BTCUSDT,2021-06-28,2.0,0–20,0.0876,0.0,0.0,0.0,0.0,0.0,0.0,0.0382,-0.01999,0,17.5,bottom 50%
BTCUSDT,2021-06-29,0.2,0–20,0.0115,0.0,0.0,0.0,0.0,0.0,0.0,0.0,-0.045517,0,7.4,bottom 50%
BTCUSDT,2021-06-30,1.1,0–20,0.0527,0.0,0.0,0.0,0.0,0.0,0.0,0.0,-0.033832,0,12.2,bottom 50%
BTCUSDT,2021-07-01,14.7,0–20,0.1226,0.0,0.0,0.0,0.9458,0.0,0.0,0.0,-0.020694,0,78.4,top 25%
BTCUSDT,2021-07-02,14.4,0–20,0.1032,0.0,0.0,0.0,0.9458,0.0,0.0,0.0,-0.002922,0,76.7,top 25%
BTCUSDT,2021-07-03,13.4,0–20,0.0565,0.0,0.0,0.0,0.9458,0.0,0.0,0.0,-0.033114,0,69.6,top 50%
BTCUSDT,2021-07-04,12.7,0–20,0.0192,0.0,0.0,0.0,0.9458,0.0,0.0,0.0,-0.029687,0,64.5,top 50%
BTCUSDT,2021-07-05,14.4,0–20,0.104,0.0,0.0,0.0,0.9458,0.0,0.0,0.0,-0.017488,0,76.7,top 25%
BTCUSDT,2021-07-06,13.7,0–20,0.0723,0.0,0.0,0.0,0.9458,0.0,0.0,0.0,-0.044783,0,71.5,top 50%
BTCUSDT,2021-07-07,14.2,0–20,0.0941,0.0,0.0,0.0,0.9458,0.0,0.0,0.0,-0.030512,0,74.2,top 50%
BTCUSDT,2021-07-08,15.3,0–20,0.1493,0.0,0.0,0.0,0.9458,0.0,0.0,0.0,-0.033355,0,81.7,top 25%
BTCUSDT,2021-07-09,13.9,0–20,0.0824,0.0,0.0,0.0,0.9458,0.0,0.0,0.0,-0.070314,0,72.6,top 50%
BTCUSDT,2021-07-10,14.3,0–20,0.0994,0.0,0.0,0.0,0.9458,0.0,0.0,0.0,-0.059291,0,75.4,top 25%
BTCUSDT,2021-07-11,16.0,0–20,0.0452,0.0,0.0,0.0,0.9458,0.0,0.0,0.4039,-0.07136,0,85.9,top 25%
BTCUSDT,2021-07-12,16.0,0–20,0.1159,0.0,0.0,0.0,0.9458,0.0,0.0,0.2033,-0.070516,0,85.9,top 25%
BTCUSDT,2021-07-13,15.2,0–20,0.1445,0.0,0.0,0.0,0.9458,0.0,0.0,0.0,-0.088517,0,81.3,top 25%
BTCUSDT,2021-07-14,15.0,0–20,0.134,0.0,0.0,0.0,0.9458,0.0,0.0,0.0,-0.021682,0,80.0,top 25%
BTCUSDT,2021-07-15,18.3,0–20,0.202,0.0,0.0,0.0,0.9458,0.0,0.0,0.2821,0.016752,1,93.1,top 10%
BTCUSDT,2021-07-16,19.4,0–20,0.2246,0.0385,0.0,0.0,0.9458,0.0,0.0,0.2928,0.068743,1,95.6,top 10%
BTCUSDT,2021-07-17,16.6,0–20,0.2131,0.0,0.0,0.0,0.9458,0.0,0.0,0.0,0.087507,1,88.0,top 25%
BTCUSDT,2021-07-18,16.0,0–20,0.1848,0.0,0.0,0.0,0.9458,0.0,0.0,0.0,0.111753,1,85.9,top 25%
BTCUSDT,2021-07-19,17.4,0–20,0.2543,0.0,0.0,0.0,0.9458,0.0,0.0,0.0,0.211556,1,90.3,top 10%
BTCUSDT,2021-07-20,20.0,20–40,0.3189,0.0895,0.0,0.0,0.9458,0.0,0.0,0.0,0.322055,1,96.6,top 10%
BTCUSDT,2021-07-21,14.0,0–20,0.0877,0.0,0.0,0.0,0.9458,0.0,0.0,0.0,0.245563,1,73.1,top 50%
BTCUSDT,2021-07-22,13.7,0–20,0.0699,0.0,0.0,0.0,0.9458,0.0,0.0,0.0,0.238148,1,71.5,top 50%
BTCUSDT,2021-07-23,12.3,0–20,0.0,0.0,0.0,0.0,0.9458,0.0,0.0,0.0,0.257701,1,61.9,top 50%
BTCUSDT,2021-07-24,12.3,0–20,0.0,0.0,0.0,0.0,0.9458,0.0,0.0,0.0,0.213859,1,61.9,top 50%
BTCUSDT,2021-07-25,12.3,0–20,0.0,0.0,0.0,0.0,0.9458,0.0,0.0,0.0,0.130826,1,61.9,top 50%
BTCUSDT,2021-07-26,12.3,0–20,0.0,0.0,0.0,0.0,0.9458,0.0,0.0,0.0,0.049934,1,61.9,top 50%
BTCUSDT,2021-07-27,12.3,0–20,0.0,0.0,0.0,0.0,0.9458,0.0,0.0,0.0,-0.031821,0,61.9,top 50%
BTCUSDT,2021-07-28,13.2,0–20,0.0,0.0,0.0,0.0,0.9458,0.0,0.0,0.1275,-0.006211,0,68.4,top 50%
BTCUSDT,2021-07-29,12.9,0–20,0.0,0.0,0.0,0.0,0.9458,0.0,0.0,0.0853,0.021524,1,65.5,top 50%
BTCUSDT,2021-07-30,14.6,0–20,0.0,0.0,0.0,0.0,0.9458,0.0,0.0,0.3261,0.013755,1,77.8,top 25%
BTCUSDT,2021-07-31,15.8,0–20,0.0,0.0,0.0,0.0,0.9458,0.0,0.0,0.5042,0.070379,1,85.3,top 25%
BTCUSDT,2021-08-01,6.7,0–20,0.0,0.0,0.0,0.0,0.0,0.0,0.0,0.9563,0.095641,1,38.7,bottom 50%
BTCUSDT,2021-08-02,7.0,0–20,0.0,0.0,0.0,0.0,0.0,0.0,0.0,1.0,0.182732,1,41.8,bottom 50%
BTCUSDT,2021-08-03,7.0,0–20,0.0,0.0,0.0,0.0,0.0,0.0,0.0,1.0,0.194796,1,41.8,bottom 50%
BTCUSDT,2021-08-04,7.0,0–20,0.0,0.0,0.0,0.0,0.0,0.0,0.0,1.0,0.147082,1,41.8,bottom 50%
BTCUSDT,2021-08-05,7.0,0–20,0.0,0.0,0.0,0.0,0.0,0.0,0.0,1.0,0.087075,1,41.8,bottom 50%
BTCUSDT,2021-08-06,7.0,0–20,0.0,0.0,0.0,0.0,0.0,0.0,0.0,1.0,0.116236,1,41.8,bottom 50%
BTCUSDT,2021-08-07,7.0,0–20,0.0,0.0,0.0,0.0,0.0,0.0,0.0,1.0,0.057033,1,41.8,bottom 50%
BTCUSDT,2021-08-08,7.0,0–20,0.0,0.0,0.0,0.0,0.0,0.0,0.0,1.0,0.074179,1,41.8,bottom 50%
BTCUSDT,2021-08-09,7.0,0–20,0.0,0.0,0.0,0.0,0.0,0.0,0.0,1.0,-0.007784,0,41.8,bottom 50%
BTCUSDT,2021-08-10,7.0,0–20,0.0,0.0,0.0,0.0,0.0,0.0,0.0,1.0,-0.019517,0,41.8,bottom 50%
BTCUSDT,2021-08-11,7.0,0–20,0.0,0.0,0.0,0.0,0.0,0.0,0.0,1.0,-0.017381,0,41.8,bottom 50%
BTCUSDT,2021-08-12,7.0,0–20,0.0,0.0,0.0,0.0,0.0,0.0,0.0,1.0,0.051528,1,41.8,bottom 50%
BTCUSDT,2021-08-13,7.0,0–20,0.0,0.0,0.0,0.0,0.0,0.0,0.0,1.0,0.032345,1,41.8,bottom 50%
BTCUSDT,2021-08-14,7.0,0–20,0.0,0.0,0.0,0.0,0.0,0.0,0.0,1.0,0.038401,1,41.8,bottom 50%
BTCUSDT,2021-08-15,7.0,0–20,0.0,0.0,0.0,0.0,0.0,0.0,0.0,1.0,0.048348,1,41.8,bottom 50%
BTCUSDT,2021-08-16,5.5,0–20,0.0,0.0,0.0,0.0,0.0,0.0,0.0,0.792,0.076985,1,35.4,bottom 50%
BTCUSDT,2021-08-17,3.9,0–20,0.0,0.0,0.0,0.0,0.0,0.0,0.0,0.5574,0.067362,1,28.3,bottom 50%
BTCUSDT,2021-08-18,6.4,0–20,0.0,0.0,0.0,0.0,0.0,0.0,0.0,0.912,0.092846,1,38.0,bottom 50%
BTCUSDT,2021-08-19,4.0,0–20,0.0,0.0,0.0,0.0,0.0,0.0,0.0,0.5709,0.004808,1,28.9,bottom 50%
BTCUSDT,2021-08-20,4.8,0–20,0.0,0.0,0.0,0.0,0.0,0.0,0.0,0.6829,-0.005685,0,32.4,bottom 50%
BTCUSDT,2021-08-21,5.6,0–20,0.0,0.0,0.0,0.0,0.0,0.0,0.0,0.8017,-6.3e-05,0,35.7,bottom 50%
BTCUSDT,2021-08-22,5.4,0–20,0.0,0.0,0.0,0.0,0.0,0.0,0.0,0.7732,-0.009972,0,35.0,bottom 50%
BTCUSDT,2021-08-23,6.7,0–20,0.0,0.0,0.0,0.0,0.0,0.0,0.0,0.9635,-0.05028,0,38.7,bottom 50%
BTCUSDT,2021-08-24,6.3,0–20,0.0,0.0,0.0,0.0,0.0,0.0,0.0,0.8953,-0.011307,0,37.7,bottom 50%
BTCUSDT,2021-08-25,7.0,0–20,0.0,0.0,0.0,0.0,0.0,0.0,0.0,1.0,-0.002324,0,41.8,bottom 50%
BTCUSDT,2021-08-26,4.8,0–20,0.0,0.0,0.0,0.0,0.0,0.0,0.0,0.6825,0.050818,1,32.4,bottom 50%
BTCUSDT,2021-08-27,3.7,0–20,0.0,0.0,0.0,0.0,0.0,0.0,0.0,0.532,0.019705,1,27.3,bottom 50%
BTCUSDT,2021-08-28,4.5,0–20,0.0,0.0,0.0,0.0,0.0,0.0,0.0,0.6477,0.021312,1,31.0,bottom 50%
BTCUSDT,2021-08-29,1.0,0–20,0.0,0.0,0.0,0.0,0.0,0.0,0.0,0.148,0.059873,1,11.6,bottom 50%
BTCUSDT,2021-08-30,2.5,0–20,0.0,0.0,0.0,0.0,0.0,0.0,0.0,0.3559,0.118554,1,20.9,bottom 50%
BTCUSDT,2021-08-31,1.0,0–20,0.0,0.0,0.0,0.0,0.0,0.0,0.0,0.1486,-0.007538,0,11.6,bottom 50%
BTCUSDT,2021-09-01,3.6,0–20,0.0,0.0,0.0,0.0,0.0,0.0,0.0,0.5189,-0.056414,0,26.7,bottom 50%
BTCUSDT,2021-09-02,0.8,0–20,0.0,0.0,0.0,0.0,0.0,0.0,0.0,0.117,-0.059526,0,10.5,bottom 50%
BTCUSDT,2021-09-03,1.3,0–20,0.0,0.0,0.0,0.0,0.0,0.0,0.0,0.1885,-0.102777,0,13.4,bottom 50%
BTCUSDT,2021-09-04,0.0,0–20,0.0,0.0,0.0,0.0,0.0,0.0,0.0,0.0009,-0.094969,0,3.4,bottom 50%
BTCUSDT,2021-09-05,1.0,0–20,0.0,0.0,0.0,0.0,0.0,0.0,0.0,0.1386,-0.109947,0,11.6,bottom 50%
BTCUSDT,2021-09-06,3.5,0–20,0.0,0.0,0.0,0.0,0.0,0.0,0.0,0.5004,-0.145733,0,26.1,bottom 50%
BTCUSDT,2021-09-07,8.4,0–20,0.043,0.0,0.0,0.0,0.0,0.0,0.5912,0.4794,0.006011,1,48.0,bottom 50%
BTCUSDT,2021-09-08,7.4,0–20,0.0801,0.0,0.0,0.0,0.0,0.0,0.4959,0.3262,0.045235,1,45.9,bottom 50%
BTCUSDT,2021-09-09,1.6,0–20,0.0617,0.0,0.0,0.0,0.0,0.0,0.0,0.057,0.030004,1,15.4,bottom 50%
BTCUSDT,2021-09-10,4.6,0–20,0.1412,0.0,0.0,0.0,0.0,0.0,0.0,0.2525,0.053106,1,31.5,bottom 50%
BTCUSDT,2021-09-11,4.4,0–20,0.1196,0.0,0.0,0.0,0.0,0.0,0.0,0.2883,0.068071,1,30.5,bottom 50%
BTCUSDT,2021-09-12,1.2,0–20,0.0612,0.0,0.0,0.0,0.0,0.0,0.0,0.0,0.025985,1,12.8,bottom 50%
BTCUSDT,2021-09-13,2.5,0–20,0.1241,0.0,0.0,0.0,0.0,0.0,0.0,0.0,-0.047134,0,20.9,bottom 50%
BTCUSDT,2021-09-14,0.0,0–20,0.0,0.0,0.0,0.0,0.0,0.0,0.0,0.0,-0.135878,0,3.4,bottom 50%
BTCUSDT,2021-09-15,0.0,0–20,0.0,0.0,0.0,0.0,0.0,0.0,0.0,0.0,-0.095521,0,3.4,bottom 50%
BTCUSDT,2021-09-16,0.0,0–20,0.0,0.0,0.0,0.0,0.0,0.0,0.0,0.0,-0.060445,0,3.4,bottom 50%
BTCUSDT,2021-09-17,0.0,0–20,0.0,0.0,0.0,0.0,0.0,0.0,0.0,0.0,-0.093675,0,3.4,bottom 50%
BTCUSDT,2021-09-18,0.0,0–20,0.0,0.0,0.0,0.0,0.0,0.0,0.0,0.0,-0.115202,0,3.4,bottom 50%
BTCUSDT,2021-09-19,0.0,0–20,0.0,0.0,0.0,0.0,0.0,0.0,0.0,0.004,-0.085731,0,3.4,bottom 50%
BTCUSDT,2021-09-20,5.2,0–20,0.2281,0.0,0.0,0.0,0.0,0.0,0.0,0.0952,-0.014193,0,34.2,bottom 50%
BTCUSDT,2021-09-21,7.7,0–20,0.3127,0.0977,0.0,0.0,0.0,0.0,0.0,0.0,0.008376,1,46.4,bottom 50%
BTCUSDT,2021-09-22,2.7,0–20,0.1335,0.0,0.0,0.0,0.0,0.0,0.0,0.0,-0.046131,0,22.0,bottom 50%
BTCUSDT,2021-09-23,1.2,0–20,0.062,0.0,0.0,0.0,0.0,0.0,0.0,0.0,-0.024595,0,12.8,bottom 50%
BTCUSDT,2021-09-24,3.0,0–20,0.1517,0.0,0.0,0.0,0.0,0.0,0.0,0.0,0.123184,1,23.4,bottom 50%
BTCUSDT,2021-09-25,3.1,0–20,0.1569,0.0,0.0,0.0,0.0,0.0,0.0,0.0,0.116931,1,24.0,bottom 50%
BTCUSDT,2021-09-26,2.5,0–20,0.1272,0.0,0.0,0.0,0.0,0.0,0.0,0.0,0.115519,1,20.9,bottom 50%
BTCUSDT,2021-09-27,3.4,0–20,0.1725,0.0,0.0,0.0,0.0,0.0,0.0,0.0,0.162828,1,25.6,bottom 50%
BTCUSDT,2021-09-28,4.5,0–20,0.2259,0.0,0.0,0.0,0.0,0.0,0.0,0.0,0.255401,1,31.0,bottom 50%
BTCUSDT,2021-09-29,3.8,0–20,0.1895,0.0,0.0,0.0,0.0,0.0,0.0,0.0,0.331945,1,27.8,bottom 50%
BTCUSDT,2021-09-30,1.0,0–20,0.0482,0.0,0.0,0.0,0.0,0.0,0.0,0.0,0.228703,1,11.6,bottom 50%
BTCUSDT,2021-10-01,13.0,0–20,0.0,0.0,0.0,0.0,1.0,0.0,0.0,0.0,0.121598,1,66.6,top 50%
BTCUSDT,2021-10-02,13.0,0–20,0.0,0.0,0.0,0.0,1.0,0.0,0.0,0.0,0.152096,1,66.6,top 50%
BTCUSDT,2021-10-03,13.0,0–20,0.0,0.0,0.0,0.0,1.0,0.0,0.0,0.0,0.136341,1,66.6,top 50%
BTCUSDT,2021-10-04,13.0,0–20,0.0,0.0,0.0,0.0,1.0,0.0,0.0,0.0,0.170462,1,66.6,top 50%
BTCUSDT,2021-10-05,13.0,0–20,0.0,0.0,0.0,0.0,1.0,0.0,0.0,0.0,0.087863,1,66.6,top 50%
BTCUSDT,2021-10-06,13.3,0–20,0.0,0.0,0.0,0.0,1.0,0.0,0.0,0.0402,0.036842,1,69.0,top 50%
BTCUSDT,2021-10-07,13.4,0–20,0.0,0.0,0.0,0.0,1.0,0.0,0.0,0.053,0.065337,1,69.6,top 50%
BTCUSDT,2021-10-08,13.0,0–20,0.0,0.0,0.0,0.0,1.0,0.0,0.0,0.0,0.141308,1,66.6,top 50%
BTCUSDT,2021-10-09,14.5,0–20,0.0,0.0,0.0,0.0,1.0,0.0,0.0,0.2194,0.107771,1,77.3,top 25%
BTCUSDT,2021-10-10,20.0,20–40,0.0,0.0,0.0,0.0,1.0,0.0,0.0,1.0,0.123824,1,96.6,top 10%
BTCUSDT,2021-10-11,20.0,20–40,0.0,0.0,0.0,0.0,1.0,0.0,0.0,1.0,0.079,1,96.6,top 10%
BTCUSDT,2021-10-12,20.0,20–40,0.0,0.0,0.0,0.0,1.0,0.0,0.0,1.0,0.146695,1,96.6,top 10%
BTCUSDT,2021-10-13,20.0,20–40,0.0,0.0,0.0,0.0,1.0,0.0,0.0,1.0,0.149679,1,96.6,top 10%
BTCUSDT,2021-10-14,20.0,20–40,0.0,0.0,0.0,0.0,1.0,0.0,0.0,1.0,0.085285,1,96.6,top 10%
BTCUSDT,2021-10-15,20.0,20–40,0.0,0.0,0.0,0.0,1.0,0.0,0.0,1.0,-0.014639,0,96.6,top 10%
BTCUSDT,2021-10-16,20.0,20–40,0.0,0.0,0.0,0.0,1.0,0.0,0.0,1.0,0.008235,1,96.6,top 10%
BTCUSDT,2021-10-17,20.0,20–40,0.0,0.0,0.0,0.0,1.0,0.0,0.0,1.0,-0.010118,0,96.6,top 10%
BTCUSDT,2021-10-18,20.0,20–40,0.0,0.0,0.0,0.0,1.0,0.0,0.0,1.0,0.016344,1,96.6,top 10%
BTCUSDT,2021-10-19,20.0,20–40,0.0,0.0,0.0,0.0,1.0,0.0,0.0,1.0,-0.060661,0,96.6,top 10%
BTCUSDT,2021-10-20,20.0,20–40,0.0,0.0,0.0,0.0,1.0,0.0,0.0,1.0,-0.113807,0,96.6,top 10%
BTCUSDT,2021-10-21,20.0,20–40,0.0,0.0,0.0,0.0,1.0,0.0,0.0,1.0,-0.025527,0,96.6,top 10%
BTCUSDT,2021-10-22,20.0,20–40,0.0,0.0,0.0,0.0,1.0,0.0,0.0,1.0,0.025303,1,96.6,top 10%
BTCUSDT,2021-10-23,20.0,20–40,0.0,0.0,0.0,0.0,1.0,0.0,0.0,1.0,0.008066,1,96.6,top 10%
BTCUSDT,2021-10-24,20.0,20–40,0.0,0.0,0.0,0.0,1.0,0.0,0.0,1.0,0.00637,1,96.6,top 10%
BTCUSDT,2021-10-25,20.0,20–40,0.0,0.0,0.0,0.0,1.0,0.0,0.0,1.0,-0.032288,0,96.6,top 10%
BTCUSDT,2021-10-26,17.2,0–20,0.0,0.0,0.0,0.0,1.0,0.0,0.0,0.6002,0.047423,1,89.8,top 25%
BTCUSDT,2021-10-27,17.3,0–20,0.0,0.0,0.0,0.0,1.0,0.0,0.0,0.6166,0.076735,1,90.1,top 10%
BTCUSDT,2021-10-28,17.8,0–20,0.0,0.0,0.0,0.0,1.0,0.0,0.0,0.6793,0.013693,1,91.3,top 10%
BTCUSDT,2021-10-29,16.9,0–20,0.0,0.0,0.0,0.0,1.0,0.0,0.0,0.5539,-0.017714,0,88.9,top 25%
BTCUSDT,2021-10-30,18.2,0–20,0.0,0.0,0.0,0.0,1.0,0.0,0.0,0.741,-0.005839,0,92.8,top 10%
BTCUSDT,2021-10-31,14.8,0–20,0.0,0.0,0.0,0.0,1.0,0.0,0.0,0.2544,0.032747,1,78.8,top 25%
BTCUSDT,2021-11-01,10.3,0–20,0.0,0.0,0.0,0.0,0.6693,0.0,0.0,0.2272,0.107573,1,52.7,top 50%
BTCUSDT,2021-11-02,10.7,0–20,0.0,0.0,0.0,0.0,0.6693,0.0,0.0,0.2926,0.059238,1,53.6,top 50%
BTCUSDT,2021-11-03,11.7,0–20,0.0,0.0,0.0,0.0,0.6693,0.0,0.0,0.4331,0.032161,1,58.4,top 50%
BTCUSDT,2021-11-04,8.9,0–20,0.0,0.0,0.0,0.0,0.6693,0.0,0.0,0.0238,0.056918,1,49.4,bottom 50%
BTCUSDT,2021-11-05,8.9,0–20,0.0,0.0,0.0,0.0,0.6693,0.0,0.0,0.0349,0.049574,1,49.4,bottom 50%
BTCUSDT,2021-11-06,8.7,0–20,0.0,0.0,0.0,0.0,0.6693,0.0,0.0,0.0,0.047817,1,48.8,bottom 50%
BTCUSDT,2021-11-07,9.4,0–20,0.0,0.0,0.0,0.0,0.6693,0.0,0.0,0.0969,0.033791,1,50.6,top 50%
BTCUSDT,2021-11-08,8.7,0–20,0.0,0.0,0.0,0.0,0.6693,0.0,0.0,0.0,-0.059333,0,48.8,bottom 50%
BTCUSDT,2021-11-09,8.7,0–20,0.0,0.0,0.0,0.0,0.6693,0.0,0.0,0.0,-0.101693,0,48.8,bottom 50%
BTCUSDT,2021-11-10,8.7,0–20,0.0,0.0,0.0,0.0,0.6693,0.0,0.0,0.0,-0.071193,0,48.8,bottom 50%
BTCUSDT,2021-11-11,9.2,0–20,0.0,0.0,0.0,0.0,0.6693,0.0,0.0,0.0726,-0.123292,0,50.2,top 50%
BTCUSDT,2021-11-12,9.8,0–20,0.0,0.0,0.0,0.0,0.6693,0.0,0.0,0.1595,-0.094089,0,51.7,top 50%
BTCUSDT,2021-11-13,12.3,0–20,0.0,0.0,0.0,0.0,0.6693,0.0,0.0,0.5196,-0.074025,0,61.9,top 50%
BTCUSDT,2021-11-14,10.8,0–20,0.0,0.0,0.0,0.0,0.6693,0.0,0.0,0.3049,-0.102897,0,53.9,top 50%
BTCUSDT,2021-11-15,11.3,0–20,0.0,0.0,0.0,0.0,0.6693,0.0,0.0,0.3751,-0.114362,0,56.5,top 50%
BTCUSDT,2021-11-16,16.9,0–20,0.1046,0.0,0.0,0.0,0.6693,0.0,0.3596,0.5122,-0.043087,0,88.9,top 25%
BTCUSDT,2021-11-17,12.5,0–20,0.0925,0.0,0.0,0.0,0.6693,0.0,0.0,0.2743,-0.067711,0,63.4,top 50%
BTCUSDT,2021-11-18,16.3,0–20,0.2408,0.1136,0.0,0.0,0.6693,0.0,0.0,0.1591,0.00584,1,87.1,top 25%
BTCUSDT,2021-11-19,13.9,0–20,0.1701,0.0,0.0,0.0,0.6693,0.0,0.0,0.2566,-0.078284,0,72.6,top 50%
BTCUSDT,2021-11-20,11.5,0–20,0.0811,0.0,0.0,0.0,0.6693,0.0,0.0,0.1715,-0.081781,0,57.1,top 50%
BTCUSDT,2021-11-21,11.2,0–20,0.125,0.0,0.0,0.0,0.6693,0.0,0.0,0.0,-0.025234,0,56.2,top 50%
BTCUSDT,2021-11-22,13.2,0–20,0.2256,0.0,0.0,0.0,0.6693,0.0,0.0,0.0,0.026955,1,68.4,top 50%
BTCUSDT,2021-11-23,11.7,0–20,0.1509,0.0,0.0,0.0,0.6693,0.0,0.0,0.0,-0.009791,0,58.4,top 50%
BTCUSDT,2021-11-24,12.8,0–20,0.2035,0.0,0.0,0.0,0.6693,0.0,0.0,0.0,0.016869,1,65.0,top 50%
BTCUSDT,2021-11-25,11.6,0–20,0.1446,0.0,0.0,0.0,0.6693,0.0,0.0,0.0,-0.013913,0,57.5,top 50%
BTCUSDT,2021-11-26,14.4,0–20,0.2851,0.0,0.0,0.0,0.6693,0.0,0.0,0.0,0.000532,1,76.7,top 25%
BTCUSDT,2021-11-27,13.0,0–20,0.213,0.0,0.0,0.0,0.6693,0.0,0.0,0.0,-0.102424,0,66.6,top 50%
BTCUSDT,2021-11-28,10.4,0–20,0.0848,0.0,0.0,0.0,0.6693,0.0,0.0,0.0,-0.137639,0,52.9,top 50%
BTCUSDT,2021-11-29,9.8,0–20,0.0572,0.0,0.0,0.0,0.6693,0.0,0.0,0.0,-0.124967,0,51.7,top 50%
BTCUSDT,2021-11-30,10.6,0–20,0.0929,0.0,0.0,0.0,0.6693,0.0,0.0,0.0,-0.110609,0,53.3,top 50%
BTCUSDT,2021-12-01,1.6,0–20,0.0806,0.0,0.0,0.0,0.0,0.0,0.0,0.0,-0.117509,0,15.4,bottom 50%
BTCUSDT,2021-12-02,2.3,0–20,0.1165,0.0,0.0,0.0,0.0,0.0,0.0,0.0,-0.155914,0,19.6,bottom 50%
BTCUSDT,2021-12-03,4.8,0–20,0.2393,0.0,0.0,0.0,0.0,0.0,0.0,0.0,-0.118566,0,32.4,bottom 50%
BTCUSDT,2021-12-04,16.2,0–20,0.3808,0.2209,0.0,0.0,0.0,0.0,0.754,0.0,0.003289,1,86.7,top 25%
BTCUSDT,2021-12-05,9.0,0–20,0.3703,0.1042,0.0,0.0,0.0,0.0,0.0,0.0,0.014776,1,49.7,bottom 50%
BTCUSDT,2021-12-06,5.9,0–20,0.2938,0.0,0.0,0.0,0.0,0.0,0.0,0.0,-0.076017,0,36.7,bottom 50%
BTCUSDT,2021-12-07,5.7,0–20,0.2863,0.0,0.0,0.0,0.0,0.0,0.0,0.0,-0.08062,0,36.1,bottom 50%
BTCUSDT,2021-12-08,5.9,0–20,0.2937,0.0,0.0,0.0,0.0,0.0,0.0,0.0,-0.03184,0,36.7,bottom 50%
BTCUSDT,2021-12-09,7.8,0–20,0.3911,0.0,0.0,0.0,0.0,0.0,0.0,0.0,-0.00014,0,46.6,bottom 50%
BTCUSDT,2021-12-10,8.1,0–20,0.4045,0.0,0.0,0.0,0.0,0.0,0.0,0.0,-0.022038,0,47.5,bottom 50%
BTCUSDT,2021-12-11,5.1,0–20,0.2573,0.0,0.0,0.0,0.0,0.0,0.0,0.0,-0.050924,0,33.9,bottom 50%
BTCUSDT,2021-12-12,4.2,0–20,0.2099,0.0,0.0,0.0,0.0,0.0,0.0,0.0,-0.067693,0,29.6,bottom 50%
BTCUSDT,2021-12-13,6.7,0–20,0.3335,0.0,0.0,0.0,0.0,0.0,0.0,0.0,0.003055,1,38.7,bottom 50%
BTCUSDT,2021-12-14,6.8,0–20,0.3377,0.0,0.0,0.0,0.0,0.0,0.0,0.0,0.049857,1,38.9,bottom 50%
BTCUSDT,2021-12-15,3.8,0–20,0.1916,0.0,0.0,0.0,0.0,0.0,0.0,0.0,-0.005485,0,27.8,bottom 50%
BTCUSDT,2021-12-16,4.8,0–20,0.2398,0.0,0.0,0.0,0.0,0.0,0.0,0.0,0.065438,1,32.4,bottom 50%
BTCUSDT,2021-12-17,5.9,0–20,0.2937,0.0,0.0,0.0,0.0,0.0,0.0,0.0,0.099996,1,36.7,bottom 50%
BTCUSDT,2021-12-18,5.0,0–20,0.2515,0.0,0.0,0.0,0.0,0.0,0.0,0.0,0.076439,1,33.4,bottom 50%
BTCUSDT,2021-12-19,5.1,0–20,0.2572,0.0,0.0,0.0,0.0,0.0,0.0,0.0,0.087835,1,33.9,bottom 50%
BTCUSDT,2021-12-20,4.9,0–20,0.2447,0.0,0.0,0.0,0.0,0.0,0.0,0.0,0.080207,1,32.8,bottom 50%
BTCUSDT,2021-12-21,2.1,0–20,0.1041,0.0,0.0,0.0,0.0,0.0,0.0,0.0,-0.027541,0,18.2,bottom 50%
BTCUSDT,2021-12-22,2.4,0–20,0.1201,0.0,0.0,0.0,0.0,0.0,0.0,0.0,-0.044908,0,20.3,bottom 50%
BTCUSDT,2021-12-23,0.0,0–20,0.0,0.0,0.0,0.0,0.0,0.0,0.0,0.0,-0.071014,0,3.4,bottom 50%
BTCUSDT,2021-12-24,0.0,0–20,0.0,0.0,0.0,0.0,0.0,0.0,0.0,0.0,-0.088854,0,3.4,bottom 50%
BTCUSDT,2021-12-25,0.2,0–20,0.0096,0.0,0.0,0.0,0.0,0.0,0.0,0.0,-0.054393,0,7.4,bottom 50%
BTCUSDT,2021-12-26,0.0,0–20,0.0,0.0,0.0,0.0,0.0,0.0,0.0,0.0,-0.068182,0,3.4,bottom 50%
BTCUSDT,2021-12-27,0.0,0–20,0.0,0.0,0.0,0.0,0.0,0.0,0.0,0.0,-0.082588,0,3.4,bottom 50%
BTCUSDT,2021-12-28,3.8,0–20,0.1832,0.0,0.0,0.0,0.0,0.0,0.0,0.026,-0.035539,0,27.8,bottom 50%
BTCUSDT,2021-12-29,6.9,0–20,0.2403,0.0,0.0,0.0,0.0,0.0,0.0,0.3019,-0.061917,0,39.1,bottom 50%
BTCUSDT,2021-12-30,5.9,0–20,0.1832,0.0,0.0,0.0,0.0,0.0,0.0,0.3155,-0.08515,0,36.7,bottom 50%
BTCUSDT,2021-12-31,7.2,0–20,0.2286,0.0,0.0,0.0,0.0,0.0,0.2373,0.1336,-0.102546,0,44.6,bottom 50%
BTCUSDT,2022-01-01,2.8,0–20,0.1222,0.0,0.0,0.0,0.0,0.0,0.0,0.0509,-0.124833,0,22.5,bottom 50%
BTCUSDT,2022-01-02,3.5,0–20,0.142,0.0,0.0,0.0,0.0,0.0,0.0,0.0906,-0.114766,0,26.1,bottom 50%
BTCUSDT,2022-01-03,3.9,0–20,0.1929,0.0,0.0,0.0,0.0,0.0,0.0,0.0,-0.099807,0,28.3,bottom 50%
BTCUSDT,2022-01-04,7.0,0–20,0.2243,0.0,0.0,0.0,0.0,0.0,0.3633,0.0,-0.068886,0,41.8,bottom 50%
BTCUSDT,2022-01-05,7.3,0–20,0.3391,0.0326,0.0,0.0,0.0,0.0,0.0,0.0,0.008724,1,45.2,bottom 50%
BTCUSDT,2022-01-06,8.2,0–20,0.357,0.0,0.0,0.0,0.0,0.0,0.0,0.1454,-0.013192,0,47.7,bottom 50%
BTCUSDT,2022-01-07,16.9,0–20,0.4233,0.0731,0.0,0.0,0.0,0.0,1.0,0.0465,0.0371,1,88.9,top 25%
BTCUSDT,2022-01-08,8.1,0–20,0.4062,0.0,0.0,0.0,0.0,0.0,0.0,0.0,0.034587,1,47.5,bottom 50%
BTCUSDT,2022-01-09,7.8,0–20,0.388,0.0,0.0,0.0,0.0,0.0,0.0,0.0,0.028686,1,46.6,bottom 50%
BTCUSDT,2022-01-10,7.8,0–20,0.3923,0.0,0.0,0.0,0.0,0.0,0.0,0.0,0.010265,1,46.6,bottom 50%
BTCUSDT,2022-01-11,5.9,0–20,0.2932,0.0,0.0,0.0,0.0,0.0,0.0,0.0,-0.008429,0,36.7,bottom 50%
BTCUSDT,2022-01-12,3.5,0–20,0.1739,0.0,0.0,0.0,0.0,0.0,0.0,0.0,-0.050167,0,26.1,bottom 50%
BTCUSDT,2022-01-13,5.1,0–20,0.2566,0.0,0.0,0.0,0.0,0.0,0.0,0.0,-0.044872,0,33.9,bottom 50%
BTCUSDT,2022-01-14,4.2,0–20,0.2078,0.0,0.0,0.0,0.0,0.0,0.0,0.0,-0.154117,0,29.6,bottom 50%
BTCUSDT,2022-01-15,4.0,0–20,0.2002,0.0,0.0,0.0,0.0,0.0,0.0,0.0,-0.18869,0,28.9,bottom 50%
BTCUSDT,2022-01-16,4.1,0–20,0.2046,0.0,0.0,0.0,0.0,0.0,0.0,0.0,-0.158582,0,29.3,bottom 50%
BTCUSDT,2022-01-17,5.3,0–20,0.2644,0.0,0.0,0.0,0.0,0.0,0.0,0.0,-0.132453,0,34.6,bottom 50%
BTCUSDT,2022-01-18,5.0,0–20,0.2498,0.0,0.0,0.0,0.0,0.0,0.0,0.0,-0.127942,0,33.4,bottom 50%
BTCUSDT,2022-01-19,5.9,0–20,0.2942,0.0,0.0,0.0,0.0,0.0,0.0,0.0,-0.117195,0,36.7,bottom 50%
BTCUSDT,2022-01-20,7.3,0–20,0.3628,0.0,0.0,0.0,0.0,0.0,0.0,0.0,-0.087073,0,45.2,bottom 50%
BTCUSDT,2022-01-21,19.2,0–20,0.5498,0.2673,0.0,0.0,0.0,0.0,0.5972,0.0,0.036399,1,95.0,top 10%
BTCUSDT,2022-01-22,15.6,0–20,0.5932,0.2481,0.0,0.0,0.0,0.0,0.0,0.0,0.088721,1,83.1,top 25%
BTCUSDT,2022-01-23,9.2,0–20,0.4607,0.0,0.0,0.0,0.0,0.0,0.0,0.0,0.04523,1,50.2,top 50%
BTCUSDT,2022-01-24,8.4,0–20,0.4221,0.0,0.0,0.0,0.0,0.0,0.0,0.0,0.049893,1,48.0,bottom 50%
BTCUSDT,2022-01-25,7.8,0–20,0.3906,0.0,0.0,0.0,0.0,0.0,0.0,0.0,0.048419,1,46.6,bottom 50%
BTCUSDT,2022-01-26,7.9,0–20,0.3955,0.0,0.0,0.0,0.0,0.0,0.0,0.0,0.002737,1,46.9,bottom 50%
BTCUSDT,2022-01-27,7.2,0–20,0.3625,0.0,0.0,0.0,0.0,0.0,0.0,0.0,0.000441,1,44.6,bottom 50%
BTCUSDT,2022-01-28,5.8,0–20,0.2883,0.0,0.0,0.0,0.0,0.0,0.0,0.0,0.098362,1,36.4,bottom 50%
BTCUSDT,2022-01-29,5.0,0–20,0.2482,0.0,0.0,0.0,0.0,0.0,0.0,0.0,0.086606,1,33.4,bottom 50%
BTCUSDT,2022-01-30,5.3,0–20,0.2636,0.0,0.0,0.0,0.0,0.0,0.0,0.0,0.118542,1,34.6,bottom 50%
BTCUSDT,2022-01-31,3.9,0–20,0.196,0.0,0.0,0.0,0.0,0.0,0.0,0.0,0.139208,1,28.3,bottom 50%
BTCUSDT,2022-02-01,15.0,0–20,0.1651,0.0,0.0,0.0,0.9018,0.0,0.0,0.0,0.138738,1,80.0,top 25%
BTCUSDT,2022-02-02,17.7,0–20,0.2992,0.0,0.0,0.0,0.9018,0.0,0.0,0.0,0.199871,1,91.0,top 10%
BTCUSDT,2022-02-03,17.2,0–20,0.2744,0.0,0.0,0.0,0.9018,0.0,0.0,0.0,0.172536,1,89.8,top 25%
BTCUSDT,2022-02-04,11.7,0–20,0.0,0.0,0.0,0.0,0.9018,0.0,0.0,0.0,0.021856,1,58.4,top 50%
BTCUSDT,2022-02-05,11.7,0–20,0.0,0.0,0.0,0.0,0.9018,0.0,0.0,0.0,0.019384,1,58.4,top 50%
BTCUSDT,2022-02-06,11.7,0–20,0.0,0.0,0.0,0.0,0.9018,0.0,0.0,0.0,-0.005067,0,58.4,top 50%
BTCUSDT,2022-02-07,11.7,0–20,0.0,0.0,0.0,0.0,0.9018,0.0,0.0,0.0,-0.028589,0,58.4,top 50%
BTCUSDT,2022-02-08,11.7,0–20,0.0,0.0,0.0,0.0,0.9018,0.0,0.0,0.0,0.010353,1,58.4,top 50%
BTCUSDT,2022-02-09,12.5,0–20,0.0,0.0,0.0,0.0,0.9018,0.0,0.0,0.1077,-0.008501,0,63.4,top 50%
BTCUSDT,2022-02-10,16.8,0–20,0.0,0.0,0.0,0.0,0.9018,0.0,0.0,0.7185,-0.069485,0,88.5,top 25%
BTCUSDT,2022-02-11,18.7,0–20,0.0,0.0,0.0,0.0,0.9018,0.0,0.0,1.0,-0.05605,0,94.0,top 10%
BTCUSDT,2022-02-12,18.7,0–20,0.0,0.0,0.0,0.0,0.9018,0.0,0.0,1.0,-0.050239,0,94.0,top 10%
BTCUSDT,2022-02-13,18.5,0–20,0.0,0.0,0.0,0.0,0.9018,0.0,0.0,0.9738,-0.08925,0,93.3,top 10%
BTCUSDT,2022-02-14,18.4,0–20,0.0,0.0,0.0,0.0,0.9018,0.0,0.0,0.9597,-0.129421,0,93.2,top 10%
BTCUSDT,2022-02-15,18.2,0–20,0.0,0.0,0.0,0.0,0.9018,0.0,0.0,0.9319,-0.141091,0,92.8,top 10%
BTCUSDT,2022-02-16,16.9,0–20,0.0,0.0,0.0,0.0,0.9018,0.0,0.0,0.7355,-0.151615,0,88.9,top 25%
BTCUSDT,2022-02-17,17.6,0–20,0.0942,0.0,0.0,0.0,0.9018,0.0,0.0,0.5664,-0.054403,0,90.7,top 10%
BTCUSDT,2022-02-18,17.8,0–20,0.1278,0.0,0.0,0.0,0.9018,0.0,0.0,0.5049,-0.020403,0,91.3,top 10%
BTCUSDT,2022-02-19,18.2,0–20,0.1198,0.0,0.0,0.0,0.9018,0.0,0.0,0.5801,-0.025348,0,92.8,top 10%
BTCUSDT,2022-02-20,21.1,20–40,0.2296,0.0,0.0,0.0,0.9018,0.0,0.0,0.6824,-0.018776,0,97.8,top 10%
BTCUSDT,2022-02-21,21.8,20–40,0.3045,0.0,0.0,0.0,0.9018,0.0,0.0,0.568,0.165014,1,98.1,top 10%
BTCUSDT,2022-02-22,18.8,0–20,0.1929,0.0,0.0,0.0,0.9018,0.0,0.0,0.4581,0.158507,1,94.4,top 10%
BTCUSDT,2022-02-23,19.2,0–20,0.2494,0.0,0.0,0.0,0.9018,0.0,0.0,0.3606,0.177699,1,95.0,top 10%
BTCUSDT,2022-02-24,14.9,0–20,0.158,0.0,0.0,0.0,0.9018,0.0,0.0,0.0,0.107459,1,79.4,top 25%
BTCUSDT,2022-02-25,13.4,0–20,0.0853,0.0,0.0,0.0,0.9018,0.0,0.0,0.0,-0.001954,0,69.6,top 50%
BTCUSDT,2022-02-26,13.6,0–20,0.0929,0.0,0.0,0.0,0.9018,0.0,0.0,0.0,0.007555,1,70.9,top 50%
BTCUSDT,2022-02-27,15.4,0–20,0.186,0.0,0.0,0.0,0.9018,0.0,0.0,0.0,0.018833,1,82.1,top 25%
BTCUSDT,2022-02-28,11.7,0–20,0.0,0.0,0.0,0.0,0.9018,0.0,0.0,0.0,-0.118796,0,58.4,top 50%
BTCUSDT,2022-03-01,0.0,0–20,0.0,0.0,0.0,0.0,0.0,0.0,0.0,0.0,-0.126647,0,3.4,bottom 50%
BTCUSDT,2022-03-02,0.0,0–20,0.0,0.0,0.0,0.0,0.0,0.0,0.0,0.0,-0.044194,0,3.4,bottom 50%
BTCUSDT,2022-03-03,0.0,0–20,0.0,0.0,0.0,0.0,0.0,0.0,0.0,0.0,-0.071006,0,3.4,bottom 50%
BTCUSDT,2022-03-04,1.8,0–20,0.0921,0.0,0.0,0.0,0.0,0.0,0.0,0.0,-0.008755,0,16.5,bottom 50%
BTCUSDT,2022-03-05,2.3,0–20,0.0764,0.0,0.0,0.0,0.0,0.0,0.0,0.1076,-0.012603,0,19.6,bottom 50%
BTCUSDT,2022-03-06,3.8,0–20,0.1268,0.0,0.0,0.0,0.0,0.0,0.0,0.1798,-0.014844,0,27.8,bottom 50%
BTCUSDT,2022-03-07,2.9,0–20,0.1451,0.0,0.0,0.0,0.0,0.0,0.0,0.0,0.042161,1,22.9,bottom 50%
BTCUSDT,2022-03-08,2.0,0–20,0.0983,0.0,0.0,0.0,0.0,0.0,0.0,0.0,0.015528,1,17.5,bottom 50%
BTCUSDT,2022-03-09,0.0,0–20,0.0,0.0,0.0,0.0,0.0,0.0,0.0,0.0,-0.019984,0,3.4,bottom 50%
BTCUSDT,2022-03-10,0.9,0–20,0.0471,0.0,0.0,0.0,0.0,0.0,0.0,0.0,0.038388,1,11.0,bottom 50%
BTCUSDT,2022-03-11,1.6,0–20,0.0792,0.0,0.0,0.0,0.0,0.0,0.0,0.0,0.077489,1,15.4,bottom 50%
BTCUSDT,2022-03-12,1.5,0–20,0.0726,0.0,0.0,0.0,0.0,0.0,0.0,0.0,0.084481,1,14.8,bottom 50%
BTCUSDT,2022-03-13,4.1,0–20,0.1283,0.0,0.0,0.0,0.0,0.0,0.0,0.219,0.08978,1,29.3,bottom 50%
BTCUSDT,2022-03-14,3.5,0–20,0.0152,0.0,0.0,0.0,0.0,0.0,0.0,0.4562,0.035577,1,26.1,bottom 50%
BTCUSDT,2022-03-15,2.7,0–20,0.034,0.0,0.0,0.0,0.0,0.0,0.0,0.2863,0.07677,1,22.0,bottom 50%
BTCUSDT,2022-03-16,0.4,0–20,0.0,0.0,0.0,0.0,0.0,0.0,0.0,0.064,0.04251,1,8.4,bottom 50%
BTCUSDT,2022-03-17,0.0,0–20,0.0,0.0,0.0,0.0,0.0,0.0,0.0,0.0,0.073491,1,3.4,bottom 50%
BTCUSDT,2022-03-18,0.0,0–20,0.0,0.0,0.0,0.0,0.0,0.0,0.0,0.0,0.060945,1,3.4,bottom 50%
BTCUSDT,2022-03-19,1.9,0–20,0.0,0.0,0.0,0.0,0.0,0.0,0.0,0.276,0.054756,1,17.1,bottom 50%
BTCUSDT,2022-03-20,0.0,0–20,0.0,0.0,0.0,0.0,0.0,0.0,0.0,0.0,0.135102,1,3.4,bottom 50%
BTCUSDT,2022-03-21,0.0,0–20,0.0,0.0,0.0,0.0,0.0,0.0,0.0,0.0,0.147281,1,3.4,bottom 50%
BTCUSDT,2022-03-22,0.0,0–20,0.0,0.0,0.0,0.0,0.0,0.0,0.0,0.0,0.120563,1,3.4,bottom 50%
BTCUSDT,2022-03-23,0.0,0–20,0.0,0.0,0.0,0.0,0.0,0.0,0.0,0.0,0.097212,1,3.4,bottom 50%
BTCUSDT,2022-03-24,2.8,0–20,0.0,0.0,0.0,0.0,0.0,0.0,0.0,0.4064,0.03589,1,22.5,bottom 50%
BTCUSDT,2022-03-25,1.8,0–20,0.0,0.0,0.0,0.0,0.0,0.0,0.0,0.252,0.043584,1,16.5,bottom 50%
BTCUSDT,2022-03-26,2.6,0–20,0.0,0.0,0.0,0.0,0.0,0.0,0.0,0.3747,0.030744,1,21.5,bottom 50%
BTCUSDT,2022-03-27,4.4,0–20,0.0,0.0,0.0,0.0,0.0,0.0,0.0,0.6239,-0.007837,0,30.5,bottom 50%
BTCUSDT,2022-03-28,4.1,0–20,0.0,0.0,0.0,0.0,0.0,0.0,0.0,0.5894,-0.010722,0,29.3,bottom 50%
BTCUSDT,2022-03-29,1.8,0–20,0.0,0.0,0.0,0.0,0.0,0.0,0.0,0.2544,-0.040234,0,16.5,bottom 50%
BTCUSDT,2022-03-30,4.6,0–20,0.0,0.0,0.0,0.0,0.0,0.0,0.0,0.6608,-0.081932,0,31.5,bottom 50%
BTCUSDT,2022-03-31,5.3,0–20,0.0,0.0,0.0,0.0,0.0,0.0,0.0,0.7525,-0.044684,0,34.6,bottom 50%
BTCUSDT,2022-04-01,19.8,0–20,0.0,0.0,0.0,0.0,0.8454,0.0,0.2581,1.0,-0.086297,0,96.0,top 10%
BTCUSDT,2022-04-02,18.0,0–20,0.0,0.0,0.0,0.0,0.8454,0.0,0.0,1.0,-0.067296,0,92.0,top 10%
BTCUSDT,2022-04-03,17.7,0–20,0.0,0.0,0.0,0.0,0.8454,0.0,0.0,0.9621,-0.091401,0,91.0,top 10%
BTCUSDT,2022-04-04,17.8,0–20,0.0,0.0,0.0,0.0,0.8454,0.0,0.0,0.9725,-0.152303,0,91.3,top 10%
BTCUSDT,2022-04-05,14.7,0–20,0.0,0.0,0.0,0.0,0.8454,0.0,0.0,0.5343,-0.119168,0,78.4,top 25%
BTCUSDT,2022-04-06,19.2,0–20,0.0632,0.0,0.0,0.0,0.8454,0.0,0.38,0.6076,-0.047215,0,95.0,top 10%
BTCUSDT,2022-04-07,15.0,0–20,0.0378,0.0,0.0,0.0,0.8454,0.0,0.0,0.4615,-0.082023,0,80.0,top 25%
BTCUSDT,2022-04-08,16.8,0–20,0.1293,0.0,0.0,0.0,0.8454,0.0,0.0,0.4599,-0.04101,0,88.5,top 25%
BTCUSDT,2022-04-09,16.9,0–20,0.0842,0.0,0.0,0.0,0.8454,0.0,0.0,0.5979,-0.055108,0,88.9,top 25%
BTCUSDT,2022-04-10,17.1,0–20,0.1278,0.0,0.0,0.0,0.8454,0.0,0.0,0.505,-0.059011,0,89.6,top 25%
BTCUSDT,2022-04-11,19.7,0–20,0.2965,0.1454,0.0,0.0,0.8454,0.0,0.0,0.0916,0.033002,1,95.9,top 10%
BTCUSDT,2022-04-12,16.2,0–20,0.2384,0.0,0.0,0.0,0.8454,0.0,0.0,0.0657,0.03428,1,86.7,top 25%
BTCUSDT,2022-04-13,13.9,0–20,0.1435,0.0,0.0,0.0,0.8454,0.0,0.0,0.0,0.005044,1,72.6,top 50%
BTCUSDT,2022-04-14,15.4,0–20,0.2198,0.0,0.0,0.0,0.8454,0.0,0.0,0.0,0.01482,1,82.1,top 25%
BTCUSDT,2022-04-15,14.3,0–20,0.1638,0.0,0.0,0.0,0.8454,0.0,0.0,0.0,-0.020051,0,75.4,top 25%
BTCUSDT,2022-04-16,14.4,0–20,0.1723,0.0,0.0,0.0,0.8454,0.0,0.0,0.0,-0.023198,0,76.7,top 25%
BTCUSDT,2022-04-17,15.4,0–20,0.2194,0.0,0.0,0.0,0.8454,0.0,0.0,0.0,-0.006236,0,82.1,top 25%
BTCUSDT,2022-04-18,13.2,0–20,0.1126,0.0,0.0,0.0,0.8454,0.0,0.0,0.0,-0.009012,0,68.4,top 50%
BTCUSDT,2022-04-19,12.0,0–20,0.052,0.0,0.0,0.0,0.8454,0.0,0.0,0.0,-0.081568,0,60.0,top 50%
BTCUSDT,2022-04-20,12.2,0–20,0.0624,0.0,0.0,0.0,0.8454,0.0,0.0,0.0,-0.05156,0,60.9,top 50%
BTCUSDT,2022-04-21,13.6,0–20,0.1304,0.0,0.0,0.0,0.8454,0.0,0.0,0.0,-0.018593,0,70.9,top 50%
BTCUSDT,2022-04-22,14.8,0–20,0.1892,0.0,0.0,0.0,0.8454,0.0,0.0,0.0,-0.028447,0,78.8,top 25%
BTCUSDT,2022-04-23,15.1,0–20,0.2078,0.0,0.0,0.0,0.8454,0.0,0.0,0.0,-0.044872,0,80.7,top 25%
BTCUSDT,2022-04-24,15.2,0–20,0.2091,0.0,0.0,0.0,0.8454,0.0,0.0,0.0,-0.025341,0,81.3,top 25%
BTCUSDT,2022-04-25,12.9,0–20,0.0957,0.0,0.0,0.0,0.8454,0.0,0.0,0.0,-0.047678,0,65.5,top 50%
BTCUSDT,2022-04-26,18.3,0–20,0.2702,0.0,0.0,0.0,0.8454,0.0,0.274,0.0,-0.009628,0,93.1,top 10%
BTCUSDT,2022-04-27,14.1,0–20,0.155,0.0,0.0,0.0,0.8454,0.0,0.0,0.0,0.011652,1,73.6,top 50%
BTCUSDT,2022-04-28,13.1,0–20,0.1039,0.0,0.0,0.0,0.8454,0.0,0.0,0.0,-0.080422,0,67.8,top 50%
BTCUSDT,2022-04-29,14.8,0–20,0.1884,0.0,0.0,0.0,0.8454,0.0,0.0,0.0,-0.066535,0,78.8,top 25%
BTCUSDT,2022-04-30,16.9,0–20,0.2472,0.0611,0.0,0.0,0.8454,0.0,0.0,0.0,-0.058675,0,88.9,top 25%
BTCUSDT,2022-05-01,10.7,0–20,0.1703,0.0,0.0,0.0,0.5591,0.0,0.0,0.0,-0.114633,0,53.6,top 50%
BTCUSDT,2022-05-02,10.6,0–20,0.1641,0.0,0.0,0.0,0.5591,0.0,0.0,0.0,-0.213665,0,53.3,top 50%
BTCUSDT,2022-05-03,11.7,0–20,0.2213,0.0,0.0,0.0,0.5591,0.0,0.0,0.0,-0.178211,0,58.4,top 50%
BTCUSDT,2022-05-04,7.9,0–20,0.0312,0.0,0.0,0.0,0.5591,0.0,0.0,0.0,-0.271095,0,46.9,bottom 50%
BTCUSDT,2022-05-05,15.7,0–20,0.2364,0.0623,0.0,0.0,0.5591,0.0,0.3992,0.0,-0.205806,0,84.2,top 25%
BTCUSDT,2022-05-06,13.3,0–20,0.2651,0.046,0.0,0.0,0.5591,0.0,0.0,0.0,-0.187504,0,69.0,top 50%
BTCUSDT,2022-05-07,13.5,0–20,0.2939,0.0233,0.0,0.0,0.5591,0.0,0.0,0.0,-0.152124,0,70.3,top 50%
BTCUSDT,2022-05-08,16.3,0–20,0.3656,0.1178,0.0,0.0,0.5591,0.0,0.0,0.0,-0.080864,0,87.1,top 25%
BTCUSDT,2022-05-09,29.2,20–40,0.5064,0.337,0.0,0.0,0.5591,0.0,0.9613,0.0,-0.014326,0,99.8,top 10%
BTCUSDT,2022-05-10,22.7,20–40,0.44,0.0833,0.0,0.0,0.5591,0.0,0.7628,0.0,-0.019245,0,98.4,top 10%
BTCUSDT,2022-05-11,25.8,20–40,0.5073,0.1229,0.0,0.0,0.5591,0.0,0.9407,0.0,-0.007468,0,99.5,top 10%
BTCUSDT,2022-05-12,20.8,20–40,0.4969,0.0,0.0,0.0,0.5591,0.0,0.5164,0.0,0.043603,1,97.6,top 10%
BTCUSDT,2022-05-13,16.7,0–20,0.4739,0.0,0.0,0.0,0.5591,0.0,0.0,0.0,-0.002813,0,88.2,top 25%
BTCUSDT,2022-05-14,15.1,0–20,0.3938,0.0,0.0,0.0,0.5591,0.0,0.0,0.0,-0.022226,0,80.7,top 25%
BTCUSDT,2022-05-15,12.9,0–20,0.2832,0.0,0.0,0.0,0.5591,0.0,0.0,0.0,-0.031349,0,65.5,top 50%
BTCUSDT,2022-05-16,14.3,0–20,0.3498,0.0,0.0,0.0,0.5591,0.0,0.0,0.0,-0.025584,0,75.4,top 25%
BTCUSDT,2022-05-17,13.2,0–20,0.2991,0.0,0.0,0.0,0.5591,0.0,0.0,0.0,-0.025316,0,68.4,top 50%
BTCUSDT,2022-05-18,14.8,0–20,0.3756,0.0,0.0,0.0,0.5591,0.0,0.0,0.0,0.02932,1,78.8,top 25%
BTCUSDT,2022-05-19,12.1,0–20,0.2394,0.0,0.0,0.0,0.5591,0.0,0.0,0.0,-0.034542,0,60.5,top 50%
BTCUSDT,2022-05-20,13.1,0–20,0.2921,0.0,0.0,0.0,0.5591,0.0,0.0,0.0,-0.019628,0,67.8,top 50%
BTCUSDT,2022-05-21,12.7,0–20,0.2724,0.0,0.0,0.0,0.5591,0.0,0.0,0.0,-0.020974,0,64.5,top 50%
BTCUSDT,2022-05-22,11.2,0–20,0.1965,0.0,0.0,0.0,0.5591,0.0,0.0,0.0,-0.028946,0,56.2,top 50%
BTCUSDT,2022-05-23,12.5,0–20,0.2617,0.0,0.0,0.0,0.5591,0.0,0.0,0.0,0.090295,1,63.4,top 50%
BTCUSDT,2022-05-24,11.5,0–20,0.2135,0.0,0.0,0.0,0.5591,0.0,0.0,0.0,0.072051,1,57.1,top 50%
BTCUSDT,2022-05-25,11.6,0–20,0.2189,0.0,0.0,0.0,0.5591,0.0,0.0,0.0,0.008007,1,57.5,top 50%
BTCUSDT,2022-05-26,12.0,0–20,0.2367,0.0,0.0,0.0,0.5591,0.0,0.0,0.0,0.041011,1,60.0,top 50%
BTCUSDT,2022-05-27,12.8,0–20,0.2752,0.0,0.0,0.0,0.5591,0.0,0.0,0.0,0.037615,1,65.0,top 50%
BTCUSDT,2022-05-28,12.4,0–20,0.2552,0.0,0.0,0.0,0.5591,0.0,0.0,0.0,0.035329,1,62.9,top 50%
BTCUSDT,2022-05-29,11.0,0–20,0.1877,0.0,0.0,0.0,0.5591,0.0,0.0,0.0,0.015646,1,54.9,top 50%
BTCUSDT,2022-05-30,7.3,0–20,0.0,0.0,0.0,0.0,0.5591,0.0,0.0,0.0,-0.011212,0,45.2,bottom 50%
BTCUSDT,2022-05-31,7.7,0–20,0.0,0.0,0.0,0.0,0.5591,0.0,0.0,0.0621,-0.020031,0,46.4,bottom 50%
BTCUSDT,2022-06-01,2.6,0–20,0.1289,0.0,0.0,0.0,0.0,0.0,0.0,0.0,0.013936,1,21.5,bottom 50%
BTCUSDT,2022-06-02,1.4,0–20,0.0714,0.0,0.0,0.0,0.0,0.0,0.0,0.0,-0.011668,0,14.1,bottom 50%
BTCUSDT,2022-06-03,2.5,0–20,0.1261,0.0,0.0,0.0,0.0,0.0,0.0,0.0,-0.020892,0,20.9,bottom 50%
BTCUSDT,2022-06-04,2.7,0–20,0.1142,0.0,0.0,0.0,0.0,0.0,0.0,0.0633,-0.049345,0,22.0,bottom 50%
BTCUSDT,2022-06-05,4.3,0–20,0.107,0.0,0.0,0.0,0.0,0.0,0.0,0.3039,-0.105128,0,30.0,bottom 50%
BTCUSDT,2022-06-06,0.0,0–20,0.0,0.0,0.0,0.0,0.0,0.0,0.0,0.0,-0.283172,0,3.4,bottom 50%
BTCUSDT,2022-06-07,2.2,0–20,0.0,0.0,0.0,0.0,0.0,0.0,0.0,0.311,-0.287227,0,18.8,bottom 50%
BTCUSDT,2022-06-08,1.5,0–20,0.0741,0.0,0.0,0.0,0.0,0.0,0.0,0.0,-0.25291,0,14.8,bottom 50%
BTCUSDT,2022-06-09,2.4,0–20,0.0829,0.0,0.0,0.0,0.0,0.0,0.0,0.1093,-0.323139,0,20.3,bottom 50%
BTCUSDT,2022-06-10,3.9,0–20,0.1683,0.0,0.0,0.0,0.0,0.0,0.0,0.0784,-0.296121,0,28.3,bottom 50%
BTCUSDT,2022-06-11,5.6,0–20,0.2231,0.0,0.0,0.0,0.0,0.0,0.0,0.1561,-0.329439,0,35.7,bottom 50%
BTCUSDT,2022-06-12,11.3,0–20,0.3284,0.1724,0.0,0.0,0.0,0.0,0.0,0.3036,-0.232017,0,56.5,top 50%
BTCUSDT,2022-06-13,25.0,20–40,0.5171,0.4746,0.0,0.0,0.0,0.0,1.0,0.0701,-0.083952,0,99.3,top 10%
BTCUSDT,2022-06-14,20.7,20–40,0.5265,0.2152,0.0,0.0,0.0,0.0,0.9165,0.0686,-0.067376,0,97.5,top 10%
BTCUSDT,2022-06-15,15.5,0–20,0.4858,0.0245,0.0,0.0,0.0,0.0,0.7734,0.0,-0.114554,0,82.6,top 25%
BTCUSDT,2022-06-16,12.5,0–20,0.5611,0.0875,0.0,0.0,0.0,0.0,0.0,0.0,0.034552,1,63.4,top 50%
BTCUSDT,2022-06-17,11.0,0–20,0.5511,0.0,0.0,0.0,0.0,0.0,0.0,0.0,0.037133,1,54.9,top 50%
BTCUSDT,2022-06-18,11.9,0–20,0.5963,0.0,0.0,0.0,0.0,0.0,0.0,0.0,0.130652,1,59.5,top 50%
BTCUSDT,2022-06-19,8.6,0–20,0.4322,0.0,0.0,0.0,0.0,0.0,0.0,0.0,0.023063,1,48.3,bottom 50%
BTCUSDT,2022-06-20,8.5,0–20,0.4275,0.0,0.0,0.0,0.0,0.0,0.0,0.0,0.006599,1,48.1,bottom 50%
BTCUSDT,2022-06-21,8.3,0–20,0.4153,0.0,0.0,0.0,0.0,0.0,0.0,0.0,-0.020761,0,47.9,bottom 50%
BTCUSDT,2022-06-22,9.0,0–20,0.4483,0.0,0.0,0.0,0.0,0.0,0.0,0.0,0.005854,1,49.7,bottom 50%
BTCUSDT,2022-06-23,6.5,0–20,0.326,0.0,0.0,0.0,0.0,0.0,0.0,0.0,-0.061707,0,38.3,bottom 50%
BTCUSDT,2022-06-24,6.2,0–20,0.3102,0.0,0.0,0.0,0.0,0.0,0.0,0.0,-0.092423,0,37.5,bottom 50%
BTCUSDT,2022-06-25,5.6,0–20,0.2797,0.0,0.0,0.0,0.0,0.0,0.0,0.0,-0.105109,0,35.7,bottom 50%
BTCUSDT,2022-06-26,6.2,0–20,0.31,0.0,0.0,0.0,0.0,0.0,0.0,0.0,-0.082284,0,37.5,bottom 50%
BTCUSDT,2022-06-27,6.6,0–20,0.3288,0.0,0.0,0.0,0.0,0.0,0.0,0.0,-0.024317,0,38.5,bottom 50%
BTCUSDT,2022-06-28,7.2,0–20,0.358,0.0,0.0,0.0,0.0,0.0,0.0,0.0,-0.004463,0,44.6,bottom 50%
BTCUSDT,2022-06-29,7.4,0–20,0.3695,0.0,0.0,0.0,0.0,0.0,0.0,0.0,0.022096,1,45.9,bottom 50%
BTCUSDT,2022-06-30,7.8,0–20,0.3907,0.0,0.0,0.0,0.0,0.0,0.0,0.0,0.093651,1,46.6,bottom 50%
BTCUSDT,2022-07-01,20.8,20–40,0.4244,0.0,0.0,0.0,0.9458,0.0,0.0,0.0,0.127755,1,97.6,top 10%
BTCUSDT,2022-07-02,20.8,20–40,0.4262,0.0,0.0,0.0,0.9458,0.0,0.0,0.0,0.122125,1,97.6,top 10%
BTCUSDT,2022-07-03,20.6,20–40,0.4165,0.0,0.0,0.0,0.9458,0.0,0.0,0.0,0.081016,1,97.5,top 10%
BTCUSDT,2022-07-04,17.5,0–20,0.2604,0.0,0.0,0.0,0.9458,0.0,0.0,0.0,-0.012886,0,90.5,top 10%
BTCUSDT,2022-07-05,17.6,0–20,0.2642,0.0,0.0,0.0,0.9458,0.0,0.0,0.0,-0.042902,0,90.7,top 10%
BTCUSDT,2022-07-06,16.4,0–20,0.2055,0.0,0.0,0.0,0.9458,0.0,0.0,0.0,-0.01636,0,87.5,top 25%
BTCUSDT,2022-07-07,13.2,0–20,0.0462,0.0,0.0,0.0,0.9458,0.0,0.0,0.0,-0.049343,0,68.4,top 50%
BTCUSDT,2022-07-08,13.5,0–20,0.0335,0.0,0.0,0.0,0.9458,0.0,0.0,0.0827,-0.041175,0,70.3,top 50%
BTCUSDT,2022-07-09,13.3,0–20,0.0518,0.0,0.0,0.0,0.9458,0.0,0.0,0.0,-0.018613,0,69.0,top 50%
BTCUSDT,2022-07-10,15.2,0–20,0.1438,0.0,0.0,0.0,0.9458,0.0,0.0,0.0,-0.003888,0,81.3,top 25%
BTCUSDT,2022-07-11,17.1,0–20,0.2404,0.0,0.0,0.0,0.9458,0.0,0.0,0.0,0.125942,1,89.6,top 25%
BTCUSDT,2022-07-12,20.9,20–40,0.302,0.0,0.0,0.0,0.9458,0.0,0.0,0.3688,0.210388,1,97.7,top 10%
BTCUSDT,2022-07-13,16.5,0–20,0.1625,0.0,0.0,0.0,0.9458,0.0,0.0,0.1423,0.149399,1,87.7,top 25%
BTCUSDT,2022-07-14,15.1,0–20,0.1109,0.0,0.0,0.0,0.9458,0.0,0.0,0.0809,0.126141,1,80.7,top 25%
BTCUSDT,2022-07-15,13.8,0–20,0.0727,0.0,0.0,0.0,0.9458,0.0,0.0,0.0,0.090162,1,72.1,top 50%
BTCUSDT,2022-07-16,12.7,0–20,0.0224,0.0,0.0,0.0,0.9458,0.0,0.0,0.0,0.060177,1,64.5,top 50%
BTCUSDT,2022-07-17,13.8,0–20,0.0766,0.0,0.0,0.0,0.9458,0.0,0.0,0.0,0.08806,1,72.1,top 50%
BTCUSDT,2022-07-18,12.3,0–20,0.0,0.0,0.0,0.0,0.9458,0.0,0.0,0.0,-0.049987,0,61.9,top 50%
BTCUSDT,2022-07-19,13.2,0–20,0.0,0.0,0.0,0.0,0.9458,0.0,0.0,0.1318,-0.091908,0,68.4,top 50%
BTCUSDT,2022-07-20,14.4,0–20,0.0,0.0,0.0,0.0,0.9458,0.0,0.0,0.2963,-0.012964,0,76.7,top 25%
BTCUSDT,2022-07-21,16.1,0–20,0.0,0.0,0.0,0.0,0.9458,0.0,0.0,0.5449,0.029323,1,86.3,top 25%
BTCUSDT,2022-07-22,15.4,0–20,0.0,0.0,0.0,0.0,0.9458,0.0,0.0,0.4366,0.047971,1,82.1,top 25%
BTCUSDT,2022-07-23,18.1,0–20,0.0,0.0,0.0,0.0,0.9458,0.0,0.0,0.8254,0.053003,1,92.6,top 10%
BTCUSDT,2022-07-24,17.6,0–20,0.0,0.0,0.0,0.0,0.9458,0.0,0.0,0.7545,0.032187,1,90.7,top 10%
BTCUSDT,2022-07-25,18.6,0–20,0.0726,0.0,0.0,0.0,0.9458,0.0,0.0,0.6926,0.091402,1,93.5,top 10%
BTCUSDT,2022-07-26,18.1,0–20,0.0879,0.0,0.0,0.0,0.9458,0.0,0.0,0.5837,0.081845,1,92.6,top 10%
BTCUSDT,2022-07-27,14.1,0–20,0.0,0.0,0.0,0.0,0.9458,0.0,0.0,0.2513,-0.003665,0,73.6,top 50%
BTCUSDT,2022-07-28,13.6,0–20,0.0,0.0,0.0,0.0,0.9458,0.0,0.0,0.1793,-0.05087,0,70.9,top 50%
BTCUSDT,2022-07-29,14.0,0–20,0.0,0.0,0.0,0.0,0.9458,0.0,0.0,0.2479,-0.021648,0,73.1,top 50%
BTCUSDT,2022-07-30,13.2,0–20,0.0,0.0,0.0,0.0,0.9458,0.0,0.0,0.133,-0.029376,0,68.4,top 50%
BTCUSDT,2022-07-31,14.7,0–20,0.0,0.0,0.0,0.0,0.9458,0.0,0.0,0.3491,-0.006899,0,78.4,top 25%
BTCUSDT,2022-08-01,6.6,0–20,0.0,0.0,0.0,0.0,0.0,0.0,0.0,0.9488,0.021244,1,38.5,bottom 50%
BTCUSDT,2022-08-02,6.1,0–20,0.0,0.0,0.0,0.0,0.0,0.0,0.0,0.8658,0.008103,1,37.2,bottom 50%
BTCUSDT,2022-08-03,5.3,0–20,0.0,0.0,0.0,0.0,0.0,0.0,0.0,0.7546,0.048197,1,34.6,bottom 50%
BTCUSDT,2022-08-04,4.5,0–20,0.0,0.0,0.0,0.0,0.0,0.0,0.0,0.6473,0.058618,1,31.0,bottom 50%
BTCUSDT,2022-08-05,3.5,0–20,0.0,0.0,0.0,0.0,0.0,0.0,0.0,0.5055,0.047812,1,26.1,bottom 50%
BTCUSDT,2022-08-06,4.2,0–20,0.0,0.0,0.0,0.0,0.0,0.0,0.0,0.6007,0.063707,1,29.6,bottom 50%
BTCUSDT,2022-08-07,0.8,0–20,0.0,0.0,0.0,0.0,0.0,0.0,0.0,0.1104,0.049338,1,10.5,bottom 50%
BTCUSDT,2022-08-08,0.0,0–20,0.0,0.0,0.0,0.0,0.0,0.0,0.0,0.0,0.013754,1,3.4,bottom 50%
BTCUSDT,2022-08-09,0.0,0–20,0.0,0.0,0.0,0.0,0.0,0.0,0.0,0.0,0.031038,1,3.4,bottom 50%
BTCUSDT,2022-08-10,0.2,0–20,0.0,0.0,0.0,0.0,0.0,0.0,0.0,0.0277,-0.025541,0,7.4,bottom 50%
BTCUSDT,2022-08-11,0.4,0–20,0.0,0.0,0.0,0.0,0.0,0.0,0.0,0.0566,-0.031088,0,8.4,bottom 50%
BTCUSDT,2022-08-12,1.2,0–20,0.0,0.0,0.0,0.0,0.0,0.0,0.0,0.1665,-0.144461,0,12.8,bottom 50%
BTCUSDT,2022-08-13,1.9,0–20,0.0,0.0,0.0,0.0,0.0,0.0,0.0,0.2723,-0.133393,0,17.1,bottom 50%
BTCUSDT,2022-08-14,3.1,0–20,0.0,0.0,0.0,0.0,0.0,0.0,0.0,0.443,-0.114527,0,24.0,bottom 50%
BTCUSDT,2022-08-15,4.5,0–20,0.0,0.0,0.0,0.0,0.0,0.0,0.0,0.6425,-0.113439,0,31.0,bottom 50%
BTCUSDT,2022-08-16,1.6,0–20,0.0,0.0,0.0,0.0,0.0,0.0,0.0,0.2232,-0.098613,0,15.4,bottom 50%
BTCUSDT,2022-08-17,0.8,0–20,0.0,0.0,0.0,0.0,0.0,0.0,0.0,0.1121,-0.083175,0,10.5,bottom 50%
BTCUSDT,2022-08-18,1.3,0–20,0.0204,0.0,0.0,0.0,0.0,0.0,0.0,0.1237,-0.069437,0,13.4,bottom 50%
BTCUSDT,2022-08-19,17.7,0–20,0.3418,0.3804,0.0,0.0,0.0,0.0,0.6231,0.1203,-0.029579,0,91.0,top 10%
BTCUSDT,2022-08-20,8.0,0–20,0.2857,0.0823,0.0,0.0,0.0,0.0,0.0,0.1503,-0.053119,0,47.2,bottom 50%
BTCUSDT,2022-08-21,5.1,0–20,0.2158,0.0,0.0,0.0,0.0,0.0,0.0,0.11,-0.089036,0,33.9,bottom 50%
BTCUSDT,2022-08-22,5.1,0–20,0.2323,0.0,0.0,0.0,0.0,0.0,0.0,0.0714,-0.051447,0,33.9,bottom 50%
BTCUSDT,2022-08-23,4.6,0–20,0.2062,0.0,0.0,0.0,0.0,0.0,0.0,0.0743,-0.08042,0,31.5,bottom 50%
BTCUSDT,2022-08-24,4.5,0–20,0.2244,0.0,0.0,0.0,0.0,0.0,0.0,0.0,-0.062877,0,31.0,bottom 50%
BTCUSDT,2022-08-25,3.6,0–20,0.1793,0.0,0.0,0.0,0.0,0.0,0.0,0.0,-0.068227,0,26.7,bottom 50%
BTCUSDT,2022-08-26,9.7,0–20,0.3479,0.0,0.0,0.0,0.0,0.0,0.3955,0.0,-0.014326,0,51.4,top 50%
BTCUSDT,2022-08-27,7.4,0–20,0.3706,0.0,0.0,0.0,0.0,0.0,0.0,0.0,-0.010461,0,45.9,bottom 50%
BTCUSDT,2022-08-28,8.3,0–20,0.4133,0.0,0.0,0.0,0.0,0.0,0.0,0.0,0.018856,1,47.9,bottom 50%
BTCUSDT,2022-08-29,5.3,0–20,0.265,0.0,0.0,0.0,0.0,0.0,0.0,0.0,-0.023925,0,34.6,bottom 50%
BTCUSDT,2022-08-30,6.4,0–20,0.3214,0.0,0.0,0.0,0.0,0.0,0.0,0.0,-0.048449,0,38.0,bottom 50%
BTCUSDT,2022-08-31,5.4,0–20,0.2685,0.0,0.0,0.0,0.0,0.0,0.0,0.0,-0.037878,0,35.0,bottom 50%
BTCUSDT,2022-09-01,5.0,0–20,0.252,0.0,0.0,0.0,0.0,0.0,0.0,0.0,-0.039614,0,33.4,bottom 50%
BTCUSDT,2022-09-02,5.5,0–20,0.2727,0.0,0.0,0.0,0.0,0.0,0.0,0.0,0.070676,1,35.4,bottom 50%
BTCUSDT,2022-09-03,5.8,0–20,0.2912,0.0,0.0,0.0,0.0,0.0,0.0,0.0,0.093205,1,36.4,bottom 50%
BTCUSDT,2022-09-04,5.1,0–20,0.2526,0.0,0.0,0.0,0.0,0.0,0.0,0.0,0.089186,1,33.9,bottom 50%
BTCUSDT,2022-09-05,5.6,0–20,0.2788,0.0,0.0,0.0,0.0,0.0,0.0,0.0,0.129115,1,35.7,bottom 50%
BTCUSDT,2022-09-06,10.5,0–20,0.4044,0.0,0.0,0.0,0.0,0.0,0.3516,0.0,0.077453,1,53.1,top 50%
BTCUSDT,2022-09-07,5.8,0–20,0.2919,0.0,0.0,0.0,0.0,0.0,0.0,0.0,0.049287,1,36.4,bottom 50%
BTCUSDT,2022-09-08,5.6,0–20,0.2822,0.0,0.0,0.0,0.0,0.0,0.0,0.0,0.019213,1,35.7,bottom 50%
BTCUSDT,2022-09-09,0.0,0–20,0.0,0.0,0.0,0.0,0.0,0.0,0.0,0.0,-0.075233,0,3.4,bottom 50%
BTCUSDT,2022-09-10,0.0,0–20,0.0,0.0,0.0,0.0,0.0,0.0,0.0,0.0,-0.071629,0,3.4,bottom 50%
BTCUSDT,2022-09-11,0.0,0–20,0.0,0.0,0.0,0.0,0.0,0.0,0.0,0.0,-0.107939,0,3.4,bottom 50%
BTCUSDT,2022-09-12,0.0,0–20,0.0,0.0,0.0,0.0,0.0,0.0,0.0,0.0,-0.126342,0,3.4,bottom 50%
BTCUSDT,2022-09-13,4.7,0–20,0.0867,0.0,0.0,0.0,0.0,0.0,0.4243,0.0,-0.069268,0,31.9,bottom 50%
BTCUSDT,2022-09-14,1.9,0–20,0.0934,0.0,0.0,0.0,0.0,0.0,0.0,0.0,-0.083676,0,17.1,bottom 50%
BTCUSDT,2022-09-15,5.4,0–20,0.1578,0.0,0.0,0.0,0.0,0.0,0.0,0.3186,-0.014601,0,35.0,bottom 50%
BTCUSDT,2022-09-16,5.7,0–20,0.1462,0.0,0.0,0.0,0.0,0.0,0.0,0.3915,-0.02402,0,36.1,bottom 50%
BTCUSDT,2022-09-17,6.2,0–20,0.0879,0.0,0.0,0.0,0.0,0.0,0.0,0.6315,-0.059151,0,37.5,bottom 50%
BTCUSDT,2022-09-18,3.6,0–20,0.1778,0.0,0.0,0.0,0.0,0.0,0.0,0.0,-0.031793,0,26.7,bottom 50%
BTCUSDT,2022-09-19,3.9,0–20,0.1562,0.0,0.0,0.0,0.0,0.0,0.0,0.1083,-0.016448,0,28.3,bottom 50%
BTCUSDT,2022-09-20,4.7,0–20,0.2354,0.0,0.0,0.0,0.0,0.0,0.0,0.0,0.011633,1,31.9,bottom 50%
BTCUSDT,2022-09-21,5.5,0–20,0.274,0.0,0.0,0.0,0.0,0.0,0.0,0.0,0.047409,1,35.4,bottom 50%
BTCUSDT,2022-09-22,2.7,0–20,0.1204,0.0,0.0,0.0,0.0,0.0,0.0,0.0381,0.008216,1,22.0,bottom 50%
BTCUSDT,2022-09-23,2.7,0–20,0.1354,0.0,0.0,0.0,0.0,0.0,0.0,0.0,0.006952,1,22.0,bottom 50%
BTCUSDT,2022-09-24,3.6,0–20,0.1822,0.0,0.0,0.0,0.0,0.0,0.0,0.0,0.019807,1,26.7,bottom 50%
BTCUSDT,2022-09-25,4.0,0–20,0.1997,0.0,0.0,0.0,0.0,0.0,0.0,0.0,0.012871,1,28.9,bottom 50%
BTCUSDT,2022-09-26,2.4,0–20,0.1195,0.0,0.0,0.0,0.0,0.0,0.0,0.0,0.020856,1,20.3,bottom 50%
BTCUSDT,2022-09-27,2.9,0–20,0.1361,0.0,0.0,0.0,0.0,0.0,0.0,0.0314,0.064169,1,22.9,bottom 50%
BTCUSDT,2022-09-28,1.5,0–20,0.0746,0.0,0.0,0.0,0.0,0.0,0.0,0.0,0.037783,1,14.8,bottom 50%
BTCUSDT,2022-09-29,0.9,0–20,0.0464,0.0,0.0,0.0,0.0,0.0,0.0,0.0,0.019537,1,11.0,bottom 50%
BTCUSDT,2022-09-30,1.4,0–20,0.0717,0.0,0.0,0.0,0.0,0.0,0.0,0.0,0.005921,1,14.1,bottom 50%
BTCUSDT,2022-10-01,14.9,0–20,0.0937,0.0,0.0,0.0,1.0,0.0,0.0,0.0,0.00541,1,79.4,top 25%
BTCUSDT,2022-10-02,15.9,0–20,0.1426,0.0,0.0,0.0,1.0,0.0,0.0,0.0,0.021126,1,85.6,top 25%
BTCUSDT,2022-10-03,13.3,0–20,0.015,0.0,0.0,0.0,1.0,0.0,0.0,0.0,-0.024567,0,69.0,top 50%
BTCUSDT,2022-10-04,13.0,0–20,0.0,0.0,0.0,0.0,1.0,0.0,0.0,0.0,-0.063207,0,66.6,top 50%
BTCUSDT,2022-10-05,13.0,0–20,0.0,0.0,0.0,0.0,1.0,0.0,0.0,0.0,-0.049764,0,66.6,top 50%
BTCUSDT,2022-10-06,13.0,0–20,0.0,0.0,0.0,0.0,1.0,0.0,0.0,0.0,-0.028691,0,66.6,top 50%
BTCUSDT,2022-10-07,13.9,0–20,0.0459,0.0,0.0,0.0,1.0,0.0,0.0,0.0,-0.018478,0,72.6,top 50%
BTCUSDT,2022-10-08,14.8,0–20,0.0711,0.0,0.0,0.0,1.0,0.0,0.0,0.052,-0.017971,0,78.8,top 25%
BTCUSDT,2022-10-09,15.6,0–20,0.0642,0.0,0.0,0.0,1.0,0.0,0.0,0.1939,-0.00917,0,83.1,top 25%
BTCUSDT,2022-10-10,17.8,0–20,0.1263,0.0,0.0,0.0,1.0,0.0,0.0,0.3191,0.021381,1,91.3,top 10%
BTCUSDT,2022-10-11,18.4,0–20,0.1444,0.0,0.0,0.0,1.0,0.0,0.0,0.3624,0.014854,1,93.2,top 10%
BTCUSDT,2022-10-12,15.5,0–20,0.1151,0.0,0.0,0.0,1.0,0.0,0.0,0.0336,-0.000935,0,82.6,top 25%
BTCUSDT,2022-10-13,14.3,0–20,0.0535,0.0,0.0,0.0,1.0,0.0,0.0,0.0308,-0.016982,0,75.4,top 25%
BTCUSDT,2022-10-14,15.9,0–20,0.1004,0.0,0.0,0.0,1.0,0.0,0.0,0.1327,-0.000687,0,85.6,top 25%
BTCUSDT,2022-10-15,16.2,0–20,0.1282,0.0,0.0,0.0,1.0,0.0,0.0,0.0899,0.007371,1,86.7,top 25%
BTCUSDT,2022-10-16,14.4,0–20,0.0678,0.0,0.0,0.0,1.0,0.0,0.0,0.0,0.015513,1,76.7,top 25%
BTCUSDT,2022-10-17,13.1,0–20,0.0,0.0,0.0,0.0,1.0,0.0,0.0,0.0125,-0.010495,0,67.8,top 50%
BTCUSDT,2022-10-18,13.9,0–20,0.0466,0.0,0.0,0.0,1.0,0.0,0.0,0.0,0.039383,1,72.6,top 50%
BTCUSDT,2022-10-19,15.0,0–20,0.0977,0.0,0.0,0.0,1.0,0.0,0.0,0.0,0.085211,1,80.0,top 25%
BTCUSDT,2022-10-20,15.4,0–20,0.12,0.0,0.0,0.0,1.0,0.0,0.0,0.0,0.064664,1,82.1,top 25%
BTCUSDT,2022-10-21,14.6,0–20,0.0801,0.0,0.0,0.0,1.0,0.0,0.0,0.0,0.074215,1,77.8,top 25%
BTCUSDT,2022-10-22,15.3,0–20,0.0678,0.0,0.0,0.0,1.0,0.0,0.0,0.1307,0.083833,1,81.7,top 25%
BTCUSDT,2022-10-23,13.0,0–20,0.0,0.0,0.0,0.0,1.0,0.0,0.0,0.0,0.054612,1,66.6,top 50%
BTCUSDT,2022-10-24,13.4,0–20,0.022,0.0,0.0,0.0,1.0,0.0,0.0,0.0,0.059456,1,69.6,top 50%
BTCUSDT,2022-10-25,13.0,0–20,0.0,0.0,0.0,0.0,1.0,0.0,0.0,0.0,0.019378,1,66.6,top 50%
BTCUSDT,2022-10-26,13.0,0–20,0.0,0.0,0.0,0.0,1.0,0.0,0.0,0.0,-0.029414,0,66.6,top 50%
BTCUSDT,2022-10-27,13.0,0–20,0.0,0.0,0.0,0.0,1.0,0.0,0.0,0.0,-0.003739,0,66.6,top 50%
BTCUSDT,2022-10-28,13.3,0–20,0.0,0.0,0.0,0.0,1.0,0.0,0.0,0.0408,0.026796,1,69.0,top 50%
BTCUSDT,2022-10-29,13.0,0–20,0.0,0.0,0.0,0.0,1.0,0.0,0.0,0.0,0.022298,1,66.6,top 50%
BTCUSDT,2022-10-30,14.8,0–20,0.0,0.0,0.0,0.0,1.0,0.0,0.0,0.256,0.014096,1,78.8,top 25%
BTCUSDT,2022-10-31,16.1,0–20,0.0,0.0,0.0,0.0,1.0,0.0,0.0,0.4452,0.005223,1,86.3,top 25%
BTCUSDT,2022-11-01,10.8,0–20,0.0,0.0,0.0,0.0,0.6693,0.0,0.0,0.2974,-0.094898,0,53.9,top 50%
BTCUSDT,2022-11-02,13.5,0–20,0.0,0.0,0.0,0.0,0.6693,0.0,0.3724,0.3061,-0.212243,0,70.3,top 50%
BTCUSDT,2022-11-03,11.6,0–20,0.0,0.0,0.0,0.0,0.6693,0.0,0.0,0.4131,-0.129798,0,57.5,top 50%
BTCUSDT,2022-11-04,11.7,0–20,0.0,0.0,0.0,0.0,0.6693,0.0,0.0,0.4214,-0.194491,0,58.4,top 50%
BTCUSDT,2022-11-05,11.0,0–20,0.0,0.0,0.0,0.0,0.6693,0.0,0.0,0.3308,-0.210664,0,54.9,top 50%
BTCUSDT,2022-11-06,10.4,0–20,0.0,0.0,0.0,0.0,0.6693,0.0,0.0,0.2441,-0.218533,0,52.9,top 50%
BTCUSDT,2022-11-07,12.0,0–20,0.0,0.0,0.0,0.0,0.6693,0.0,0.2506,0.2181,-0.193402,0,60.0,top 50%
BTCUSDT,2022-11-08,23.7,20–40,0.2817,0.0398,0.0,0.0,0.6693,0.0,1.0,0.2566,-0.08935,0,98.9,top 10%
BTCUSDT,2022-11-09,36.0,20–40,0.5156,0.4702,0.0,0.0,0.6693,0.0,1.0,0.4126,0.049661,1,100.0,top 10%
BTCUSDT,2022-11-10,21.9,20–40,0.2374,0.0,0.0,0.0,0.6693,0.0,0.7545,0.4548,-0.051132,0,98.1,top 10%
BTCUSDT,2022-11-11,16.9,0–20,0.2833,0.0,0.0,0.0,0.6693,0.0,0.0,0.3641,-0.019755,0,88.9,top 25%
BTCUSDT,2022-11-12,16.3,0–20,0.3025,0.0,0.0,0.0,0.6693,0.0,0.0,0.2158,-0.005217,0,87.1,top 25%
BTCUSDT,2022-11-13,15.5,0–20,0.3387,0.0,0.0,0.0,0.6693,0.0,0.0,0.0,-0.003763,0,82.6,top 25%
BTCUSDT,2022-11-14,14.6,0–20,0.2957,0.0,0.0,0.0,0.6693,0.0,0.0,0.0,-0.05,0,77.8,top 25%
BTCUSDT,2022-11-15,13.7,0–20,0.252,0.0,0.0,0.0,0.6693,0.0,0.0,0.0,-0.041152,0,71.5,top 50%
BTCUSDT,2022-11-16,14.2,0–20,0.2733,0.0,0.0,0.0,0.6693,0.0,0.0,0.0,-0.003523,0,74.2,top 50%
BTCUSDT,2022-11-17,14.1,0–20,0.2701,0.0,0.0,0.0,0.6693,0.0,0.0,0.0,-0.004977,0,73.6,top 50%
BTCUSDT,2022-11-18,14.1,0–20,0.2681,0.0,0.0,0.0,0.6693,0.0,0.0,0.0,-0.010536,0,73.6,top 50%
BTCUSDT,2022-11-19,14.0,0–20,0.2652,0.0,0.0,0.0,0.6693,0.0,0.0,0.0,-0.014796,0,73.1,top 50%
BTCUSDT,2022-11-20,15.0,0–20,0.316,0.0,0.0,0.0,0.6693,0.0,0.0,0.0,0.009379,1,80.0,top 25%
BTCUSDT,2022-11-21,16.1,0–20,0.3721,0.0,0.0,0.0,0.6693,0.0,0.0,0.0,0.02724,1,86.3,top 25%
BTCUSDT,2022-11-22,14.3,0–20,0.2817,0.0,0.0,0.0,0.6693,0.0,0.0,0.0,0.015764,1,75.4,top 25%
BTCUSDT,2022-11-23,12.6,0–20,0.1932,0.0,0.0,0.0,0.6693,0.0,0.0,0.0,0.033584,1,63.9,top 50%
BTCUSDT,2022-11-24,12.6,0–20,0.1941,0.0,0.0,0.0,0.6693,0.0,0.0,0.0,0.021842,1,63.9,top 50%
BTCUSDT,2022-11-25,12.8,0–20,0.2066,0.0,0.0,0.0,0.6693,0.0,0.0,0.0,0.034307,1,65.0,top 50%
BTCUSDT,2022-11-26,13.0,0–20,0.2157,0.0,0.0,0.0,0.6693,0.0,0.0,0.0,0.026965,1,66.6,top 50%
BTCUSDT,2022-11-27,13.1,0–20,0.2189,0.0,0.0,0.0,0.6693,0.0,0.0,0.0,0.041707,1,67.8,top 50%
BTCUSDT,2022-11-28,13.9,0–20,0.2578,0.0,0.0,0.0,0.6693,0.0,0.0,0.0,0.04671,1,72.6,top 50%
BTCUSDT,2022-11-29,14.2,0–20,0.1938,0.0,0.0,0.0,0.6693,0.0,0.0,0.2257,0.039193,1,74.2,top 50%
BTCUSDT,2022-11-30,9.0,0–20,0.0167,0.0,0.0,0.0,0.6693,0.0,0.0,0.0,-0.018664,0,49.7,bottom 50%
BTCUSDT,2022-12-01,1.2,0–20,0.0586,0.0,0.0,0.0,0.0,0.0,0.0,0.0,0.015698,1,12.8,bottom 50%
BTCUSDT,2022-12-02,0.6,0–20,0.0301,0.0,0.0,0.0,0.0,0.0,0.0,0.0,0.002604,1,9.4,bottom 50%
BTCUSDT,2022-12-03,1.4,0–20,0.0701,0.0,0.0,0.0,0.0,0.0,0.0,0.0,0.01304,1,14.1,bottom 50%
BTCUSDT,2022-12-04,0.3,0–20,0.0146,0.0,0.0,0.0,0.0,0.0,0.0,0.0,-0.001535,0,7.9,bottom 50%
BTCUSDT,2022-12-05,1.6,0–20,0.0517,0.0,0.0,0.0,0.0,0.0,0.0,0.0831,0.013644,1,15.4,bottom 50%
BTCUSDT,2022-12-06,1.1,0–20,0.0212,0.0,0.0,0.0,0.0,0.0,0.0,0.0899,0.040482,1,12.2,bottom 50%
BTCUSDT,2022-12-07,2.5,0–20,0.0816,0.0,0.0,0.0,0.0,0.0,0.0,0.1185,0.057426,1,20.9,bottom 50%
BTCUSDT,2022-12-08,0.4,0–20,0.0,0.0,0.0,0.0,0.0,0.0,0.0,0.0642,0.007624,1,8.4,bottom 50%
BTCUSDT,2022-12-09,1.0,0–20,0.0046,0.0,0.0,0.0,0.0,0.0,0.0,0.1254,-0.028347,0,11.6,bottom 50%
BTCUSDT,2022-12-10,1.6,0–20,0.0058,0.0,0.0,0.0,0.0,0.0,0.0,0.2115,-0.019478,0,15.4,bottom 50%
BTCUSDT,2022-12-11,3.2,0–20,0.0132,0.0,0.0,0.0,0.0,0.0,0.0,0.4128,-0.020242,0,24.6,bottom 50%
BTCUSDT,2022-12-12,1.5,0–20,0.0,0.0,0.0,0.0,0.0,0.0,0.0,0.2076,-0.044562,0,14.8,bottom 50%
BTCUSDT,2022-12-13,1.4,0–20,0.0,0.0,0.0,0.0,0.0,0.0,0.0,0.1934,-0.04921,0,14.1,bottom 50%
BTCUSDT,2022-12-14,1.2,0–20,0.0,0.0,0.0,0.0,0.0,0.0,0.0,0.1655,-0.056025,0,12.8,bottom 50%
BTCUSDT,2022-12-15,1.3,0–20,0.0,0.0,0.0,0.0,0.0,0.0,0.0,0.1862,-0.030782,0,13.4,bottom 50%
BTCUSDT,2022-12-16,4.3,0–20,0.15,0.0,0.0,0.0,0.0,0.0,0.0,0.1891,0.008978,1,30.0,bottom 50%
BTCUSDT,2022-12-17,3.7,0–20,0.1061,0.0,0.0,0.0,0.0,0.0,0.0,0.2261,0.003136,1,27.3,bottom 50%
BTCUSDT,2022-12-18,5.5,0–20,0.1152,0.0,0.0,0.0,0.0,0.0,0.0,0.4544,0.005013,1,35.4,bottom 50%
BTCUSDT,2022-12-19,6.5,0–20,0.1917,0.0,0.0,0.0,0.0,0.0,0.0,0.3846,0.029205,1,38.3,bottom 50%
BTCUSDT,2022-12-20,1.4,0–20,0.0486,0.0,0.0,0.0,0.0,0.0,0.0,0.0557,-0.011187,0,14.1,bottom 50%
BTCUSDT,2022-12-21,1.4,0–20,0.0715,0.0,0.0,0.0,0.0,0.0,0.0,0.0,-0.015755,0,14.1,bottom 50%
BTCUSDT,2022-12-22,1.3,0–20,0.0675,0.0,0.0,0.0,0.0,0.0,0.0,0.0,-0.01117,0,13.4,bottom 50%
BTCUSDT,2022-12-23,1.5,0–20,0.0771,0.0,0.0,0.0,0.0,0.0,0.0,0.0,-0.011572,0,14.8,bottom 50%
BTCUSDT,2022-12-24,1.2,0–20,0.0592,0.0,0.0,0.0,0.0,0.0,0.0,0.0,-0.017822,0,12.8,bottom 50%
BTCUSDT,2022-12-25,1.2,0–20,0.0611,0.0,0.0,0.0,0.0,0.0,0.0,0.0,-0.012879,0,12.8,bottom 50%
BTCUSDT,2022-12-26,0.6,0–20,0.0307,0.0,0.0,0.0,0.0,0.0,0.0,0.0,-0.013672,0,9.4,bottom 50%
BTCUSDT,2022-12-27,2.1,0–20,0.1028,0.0,0.0,0.0,0.0,0.0,0.0,0.0,-0.002232,0,18.2,bottom 50%
BTCUSDT,2022-12-28,3.2,0–20,0.1576,0.0,0.0,0.0,0.0,0.0,0.0,0.0,0.018768,1,24.6,bottom 50%
BTCUSDT,2022-12-29,2.3,0–20,0.1175,0.0,0.0,0.0,0.0,0.0,0.0,0.0,0.011681,1,19.6,bottom 50%
BTCUSDT,2022-12-30,2.6,0–20,0.1318,0.0,0.0,0.0,0.0,0.0,0.0,0.0,0.021044,1,21.5,bottom 50%
BTCUSDT,2022-12-31,3.0,0–20,0.1524,0.0,0.0,0.0,0.0,0.0,0.0,0.0,0.024631,1,23.4,bottom 50%
BTCUSDT,2023-01-01,2.2,0–20,0.1124,0.0,0.0,0.0,0.0,0.0,0.0,0.0,0.028034,1,18.8,bottom 50%
BTCUSDT,2023-01-02,1.6,0–20,0.0795,0.0,0.0,0.0,0.0,0.0,0.0,0.0,0.030445,1,15.4,bottom 50%
BTCUSDT,2023-01-03,1.7,0–20,0.0835,0.0,0.0,0.0,0.0,0.0,0.0,0.0,0.04595,1,16.0,bottom 50%
BTCUSDT,2023-01-04,0.0,0–20,0.0,0.0,0.0,0.0,0.0,0.0,0.0,0.0,0.06355,1,3.4,bottom 50%
BTCUSDT,2023-01-05,0.0,0–20,0.0,0.0,0.0,0.0,0.0,0.0,0.0,0.0,0.120739,1,3.4,bottom 50%
BTCUSDT,2023-01-06,0.0,0–20,0.0,0.0,0.0,0.0,0.0,0.0,0.0,0.0,0.17447,1,3.4,bottom 50%
BTCUSDT,2023-01-07,0.0,0–20,0.0,0.0,0.0,0.0,0.0,0.0,0.0,0.0,0.237169,1,3.4,bottom 50%
BTCUSDT,2023-01-08,0.5,0–20,0.0,0.0,0.0,0.0,0.0,0.0,0.0,0.0748,0.221732,1,8.9,bottom 50%
BTCUSDT,2023-01-09,0.0,0–20,0.0,0.0,0.0,0.0,0.0,0.0,0.0,0.0,0.231039,1,3.4,bottom 50%
BTCUSDT,2023-01-10,0.0,0–20,0.0,0.0,0.0,0.0,0.0,0.0,0.0,0.0059,0.212952,1,3.4,bottom 50%
BTCUSDT,2023-01-11,0.3,0–20,0.0,0.0,0.0,0.0,0.0,0.0,0.0,0.0382,0.153549,1,7.9,bottom 50%
BTCUSDT,2023-01-12,0.4,0–20,0.0,0.0,0.0,0.0,0.0,0.0,0.0,0.0524,0.117502,1,8.4,bottom 50%
BTCUSDT,2023-01-13,0.6,0–20,0.0,0.0,0.0,0.0,0.0,0.0,0.0,0.0841,0.138977,1,9.4,bottom 50%
BTCUSDT,2023-01-14,0.9,0–20,0.0,0.0,0.0,0.0,0.0,0.0,0.0,0.1284,0.085874,1,11.0,bottom 50%
BTCUSDT,2023-01-15,1.3,0–20,0.0,0.0,0.0,0.0,0.0,0.0,0.0,0.1862,0.088101,1,13.4,bottom 50%
BTCUSDT,2023-01-16,3.0,0–20,0.0,0.0,0.0,0.0,0.0,0.0,0.0,0.4299,0.083365,1,23.4,bottom 50%
BTCUSDT,2023-01-17,5.5,0–20,0.0,0.0,0.0,0.0,0.0,0.0,0.0,0.7849,0.0697,1,35.4,bottom 50%
BTCUSDT,2023-01-18,7.0,0–20,0.0,0.0,0.0,0.0,0.0,0.0,0.0,1.0,0.11741,1,41.8,bottom 50%
BTCUSDT,2023-01-19,7.0,0–20,0.0,0.0,0.0,0.0,0.0,0.0,0.0,1.0,0.092285,1,41.8,bottom 50%
BTCUSDT,2023-01-20,7.0,0–20,0.0,0.0,0.0,0.0,0.0,0.0,0.0,1.0,0.017735,1,41.8,bottom 50%
BTCUSDT,2023-01-21,7.0,0–20,0.0,0.0,0.0,0.0,0.0,0.0,0.0,1.0,0.011128,1,41.8,bottom 50%
BTCUSDT,2023-01-22,7.0,0–20,0.0,0.0,0.0,0.0,0.0,0.0,0.0,1.0,0.046397,1,41.8,bottom 50%
BTCUSDT,2023-01-23,7.0,0–20,0.0,0.0,0.0,0.0,0.0,0.0,0.0,1.0,-0.004111,0,41.8,bottom 50%
BTCUSDT,2023-01-24,7.0,0–20,0.0,0.0,0.0,0.0,0.0,0.0,0.0,1.0,0.022213,1,41.8,bottom 50%
BTCUSDT,2023-01-25,7.0,0–20,0.0,0.0,0.0,0.0,0.0,0.0,0.0,1.0,0.02621,1,41.8,bottom 50%
BTCUSDT,2023-01-26,7.0,0–20,0.0,0.0,0.0,0.0,0.0,0.0,0.0,1.0,0.019064,1,41.8,bottom 50%
BTCUSDT,2023-01-27,7.0,0–20,0.0,0.0,0.0,0.0,0.0,0.0,0.0,1.0,0.016058,1,41.8,bottom 50%
BTCUSDT,2023-01-28,7.0,0–20,0.0,0.0,0.0,0.0,0.0,0.0,0.0,1.0,0.013059,1,41.8,bottom 50%
BTCUSDT,2023-01-29,7.0,0–20,0.0,0.0,0.0,0.0,0.0,0.0,0.0,1.0,-0.034444,0,41.8,bottom 50%
BTCUSDT,2023-01-30,7.0,0–20,0.0,0.0,0.0,0.0,0.0,0.0,0.0,1.0,-0.003504,0,41.8,bottom 50%
BTCUSDT,2023-01-31,7.0,0–20,0.0,0.0,0.0,0.0,0.0,0.0,0.0,1.0,0.005402,1,41.8,bottom 50%
BTCUSDT,2023-02-01,18.7,0–20,0.0,0.0,0.0,0.0,0.9018,0.0,0.0,1.0,-0.033063,0,94.0,top 10%
BTCUSDT,2023-02-02,17.3,0–20,0.0,0.0,0.0,0.0,0.9018,0.0,0.0,0.7989,-0.070418,0,90.1,top 10%
BTCUSDT,2023-02-03,16.3,0–20,0.0,0.0,0.0,0.0,0.9018,0.0,0.0,0.6579,-0.076682,0,87.1,top 25%
BTCUSDT,2023-02-04,15.1,0–20,0.0,0.0,0.0,0.0,0.9018,0.0,0.0,0.4793,-0.062617,0,80.7,top 25%
BTCUSDT,2023-02-05,15.0,0–20,0.0,0.0,0.0,0.0,0.9018,0.0,0.0,0.4615,-0.050857,0,80.0,top 25%
BTCUSDT,2023-02-06,15.8,0–20,0.0,0.0,0.0,0.0,0.9018,0.0,0.0,0.5808,-0.041828,0,85.3,top 25%
BTCUSDT,2023-02-07,16.4,0–20,0.0,0.0,0.0,0.0,0.9018,0.0,0.0,0.6667,-0.044854,0,87.5,top 25%
BTCUSDT,2023-02-08,15.6,0–20,0.0,0.0,0.0,0.0,0.9018,0.0,0.0,0.548,0.059655,1,83.1,top 25%
BTCUSDT,2023-02-09,18.0,0–20,0.0526,0.2835,0.0,0.0,0.9018,0.0,0.0,0.1351,0.0827,1,92.0,top 10%
BTCUSDT,2023-02-10,16.3,0–20,0.0828,0.1757,0.0,0.0,0.9018,0.0,0.0,0.0369,0.134608,1,87.1,top 25%
BTCUSDT,2023-02-11,12.5,0–20,0.0362,0.0,0.0,0.0,0.9018,0.0,0.0,0.0084,0.126671,1,63.4,top 50%
BTCUSDT,2023-02-12,13.2,0–20,0.0527,0.0,0.0,0.0,0.9018,0.0,0.0,0.0674,0.116551,1,68.4,top 50%
BTCUSDT,2023-02-13,13.1,0–20,0.0481,0.0,0.0,0.0,0.9018,0.0,0.0,0.0636,0.138529,1,67.8,top 50%
BTCUSDT,2023-02-14,11.7,0–20,0.0,0.0,0.0,0.0,0.9018,0.0,0.0,0.0,0.099706,1,58.4,top 50%
BTCUSDT,2023-02-15,11.7,0–20,0.0,0.0,0.0,0.0,0.9018,0.0,0.0,0.0,-0.004895,0,58.4,top 50%
BTCUSDT,2023-02-16,11.7,0–20,0.0,0.0,0.0,0.0,0.9018,0.0,0.0,0.0,0.013716,1,58.4,top 50%
BTCUSDT,2023-02-17,11.7,0–20,0.0,0.0,0.0,0.0,0.9018,0.0,0.0,0.0,-0.055666,0,58.4,top 50%
BTCUSDT,2023-02-18,11.7,0–20,0.0,0.0,0.0,0.0,0.9018,0.0,0.0,0.0,-0.05949,0,58.4,top 50%
BTCUSDT,2023-02-19,11.7,0–20,0.0,0.0,0.0,0.0,0.9018,0.0,0.0,0.0,-0.031504,0,58.4,top 50%
BTCUSDT,2023-02-20,13.5,0–20,0.0,0.0,0.0,0.0,0.9018,0.0,0.0,0.2579,-0.052611,0,70.3,top 50%
BTCUSDT,2023-02-21,11.7,0–20,0.0,0.0,0.0,0.0,0.9018,0.0,0.0,0.0,-0.052749,0,58.4,top 50%
BTCUSDT,2023-02-22,13.3,0–20,0.0,0.0,0.0,0.0,0.9018,0.0,0.0,0.2294,-0.022419,0,69.0,top 50%
BTCUSDT,2023-02-23,13.5,0–20,0.0,0.0,0.0,0.0,0.9018,0.0,0.0,0.247,-0.019711,0,70.3,top 50%
BTCUSDT,2023-02-24,13.1,0–20,0.0,0.0,0.0,0.0,0.9018,0.0,0.0,0.2035,-0.036014,0,67.8,top 50%
BTCUSDT,2023-02-25,14.4,0–20,0.0,0.0,0.0,0.0,0.9018,0.0,0.0,0.3809,-0.03547,0,76.7,top 25%
BTCUSDT,2023-02-26,14.2,0–20,0.0,0.0,0.0,0.0,0.9018,0.0,0.0,0.3551,-0.047778,0,74.2,top 50%
BTCUSDT,2023-02-27,13.1,0–20,0.0,0.0,0.0,0.0,0.9018,0.0,0.0,0.1932,-0.04647,0,67.8,top 50%
BTCUSDT,2023-02-28,13.4,0–20,0.0098,0.0,0.0,0.0,0.9018,0.0,0.0,0.2124,-0.040073,0,69.6,top 50%
BTCUSDT,2023-03-01,2.3,0–20,0.0,0.0,0.0,0.0,0.0,0.0,0.0,0.3221,-0.081554,0,19.6,bottom 50%
BTCUSDT,2023-03-02,2.5,0–20,0.0,0.0,0.0,0.0,0.0,0.0,0.0,0.3565,-0.132583,0,20.9,bottom 50%
BTCUSDT,2023-03-03,5.5,0–20,0.1453,0.0,0.0,0.0,0.0,0.0,0.0,0.3668,-0.09728,0,35.4,bottom 50%
BTCUSDT,2023-03-04,5.6,0–20,0.1467,0.0,0.0,0.0,0.0,0.0,0.0,0.3783,-0.076988,0,35.7,bottom 50%
BTCUSDT,2023-03-05,4.7,0–20,0.129,0.0,0.0,0.0,0.0,0.0,0.0,0.2976,-0.012104,0,31.9,bottom 50%
BTCUSDT,2023-03-06,4.7,0–20,0.1301,0.0,0.0,0.0,0.0,0.0,0.0,0.3043,0.078814,1,31.9,bottom 50%
BTCUSDT,2023-03-07,3.4,0–20,0.168,0.0,0.0,0.0,0.0,0.0,0.0,0.0,0.113696,1,25.6,bottom 50%
BTCUSDT,2023-03-08,5.0,0–20,0.2519,0.0,0.0,0.0,0.0,0.0,0.0,0.0,0.122381,1,33.4,bottom 50%
BTCUSDT,2023-03-09,14.3,0–20,0.4216,0.1855,0.0,0.0,0.0,0.0,0.4402,0.0,0.230308,1,75.4,top 25%
BTCUSDT,2023-03-10,14.2,0–20,0.4393,0.0809,0.0,0.0,0.0,0.0,0.6034,0.0,0.358478,1,74.2,top 50%
BTCUSDT,2023-03-11,6.6,0–20,0.3281,0.0,0.0,0.0,0.0,0.0,0.0,0.0,0.306967,1,38.5,bottom 50%
BTCUSDT,2023-03-12,0.6,0–20,0.0324,0.0,0.0,0.0,0.0,0.0,0.0,0.0,0.265058,1,9.4,bottom 50%
BTCUSDT,2023-03-13,0.0,0–20,0.0,0.0,0.0,0.0,0.0,0.0,0.0,0.0,0.147523,1,3.4,bottom 50%
BTCUSDT,2023-03-14,0.0,0–20,0.0,0.0,0.0,0.0,0.0,0.0,0.0,0.0,0.138597,1,3.4,bottom 50%
BTCUSDT,2023-03-15,0.0,0–20,0.0,0.0,0.0,0.0,0.0,0.0,0.0,0.0,0.120261,1,3.4,bottom 50%
BTCUSDT,2023-03-16,0.0,0–20,0.0,0.0,0.0,0.0,0.0,0.0,0.0,0.0,0.130971,1,3.4,bottom 50%
BTCUSDT,2023-03-17,0.0,0–20,0.0,0.0,0.0,0.0,0.0,0.0,0.0,0.0,0.002529,1,3.4,bottom 50%
BTCUSDT,2023-03-18,1.1,0–20,0.0,0.0,0.0,0.0,0.0,0.0,0.0,0.1505,0.019611,1,12.2,bottom 50%
BTCUSDT,2023-03-19,2.1,0–20,0.0,0.0,0.0,0.0,0.0,0.0,0.0,0.2946,-0.001582,0,18.2,bottom 50%
BTCUSDT,2023-03-20,2.1,0–20,0.0,0.0,0.0,0.0,0.0,0.0,0.0,0.3023,-0.022593,0,18.2,bottom 50%
BTCUSDT,2023-03-21,2.3,0–20,0.0,0.0,0.0,0.0,0.0,0.0,0.0,0.3344,-0.032215,0,19.6,bottom 50%
BTCUSDT,2023-03-22,5.9,0–20,0.0,0.0,0.0,0.0,0.0,0.0,0.0,0.8374,0.038122,1,36.7,bottom 50%
BTCUSDT,2023-03-23,7.0,0–20,0.0,0.0,0.0,0.0,0.0,0.0,0.0,1.0,-0.010602,0,41.8,bottom 50%
BTCUSDT,2023-03-24,7.0,0–20,0.0,0.0,0.0,0.0,0.0,0.0,0.0,1.0,0.035834,1,41.8,bottom 50%
BTCUSDT,2023-03-25,7.0,0–20,0.0,0.0,0.0,0.0,0.0,0.0,0.0,1.0,0.033327,1,41.8,bottom 50%
BTCUSDT,2023-03-26,7.0,0–20,0.0,0.0,0.0,0.0,0.0,0.0,0.0,1.0,0.007322,1,41.8,bottom 50%
BTCUSDT,2023-03-27,7.0,0–20,0.0,0.0,0.0,0.0,0.0,0.0,0.0,1.0,0.023962,1,41.8,bottom 50%
BTCUSDT,2023-03-28,7.0,0–20,0.0,0.0,0.0,0.0,0.0,0.0,0.0,1.0,0.033004,1,41.8,bottom 50%
BTCUSDT,2023-03-29,7.0,0–20,0.0,0.0,0.0,0.0,0.0,0.0,0.0,1.0,-0.006013,0,41.8,bottom 50%
BTCUSDT,2023-03-30,7.0,0–20,0.0,0.0,0.0,0.0,0.0,0.0,0.0,1.0,0.000377,1,41.8,bottom 50%
BTCUSDT,2023-03-31,7.0,0–20,0.0,0.0,0.0,0.0,0.0,0.0,0.0,1.0,-0.019405,0,41.8,bottom 50%
BTCUSDT,2023-04-01,18.0,0–20,0.0,0.0,0.0,0.0,0.8454,0.0,0.0,1.0,-0.016305,0,92.0,top 10%
BTCUSDT,2023-04-02,15.6,0–20,0.0,0.0,0.0,0.0,0.8454,0.0,0.0,0.6562,0.004743,1,83.1,top 25%
BTCUSDT,2023-04-03,16.0,0–20,0.0,0.0,0.0,0.0,0.8454,0.0,0.0,0.7135,0.067029,1,85.9,top 25%
BTCUSDT,2023-04-04,16.3,0–20,0.0,0.0,0.0,0.0,0.8454,0.0,0.0,0.7538,0.07338,1,87.1,top 25%
BTCUSDT,2023-04-05,15.7,0–20,0.0,0.0,0.0,0.0,0.8454,0.0,0.0,0.6765,0.069596,1,84.2,top 25%
BTCUSDT,2023-04-06,12.2,0–20,0.0,0.0,0.0,0.0,0.8454,0.0,0.0,0.1776,0.083972,1,60.9,top 50%
BTCUSDT,2023-04-07,12.6,0–20,0.0,0.0,0.0,0.0,0.8454,0.0,0.0,0.2265,0.091666,1,63.9,top 50%
BTCUSDT,2023-04-08,11.0,0–20,0.0,0.0,0.0,0.0,0.8454,0.0,0.0,0.0,0.084826,1,54.9,top 50%
BTCUSDT,2023-04-09,11.5,0–20,0.0,0.0,0.0,0.0,0.8454,0.0,0.0,0.0726,0.069964,1,57.1,top 50%
BTCUSDT,2023-04-10,11.0,0–20,0.0,0.0,0.0,0.0,0.8454,0.0,0.0,0.0004,-0.007012,0,54.9,top 50%
BTCUSDT,2023-04-11,12.0,0–20,0.0,0.0,0.0,0.0,0.8454,0.0,0.0,0.1454,0.005374,1,60.0,top 50%
BTCUSDT,2023-04-12,11.0,0–20,0.0,0.0,0.0,0.0,0.8454,0.0,0.0,0.0,-0.043677,0,54.9,top 50%
BTCUSDT,2023-04-13,11.6,0–20,0.0,0.0,0.0,0.0,0.8454,0.0,0.0,0.0899,-0.070827,0,57.5,top 50%
BTCUSDT,2023-04-14,12.1,0–20,0.0,0.0,0.0,0.0,0.8454,0.0,0.0,0.164,-0.105256,0,60.5,top 50%
BTCUSDT,2023-04-15,13.1,0–20,0.0,0.0,0.0,0.0,0.8454,0.0,0.0,0.3029,-0.082491,0,67.8,top 50%
BTCUSDT,2023-04-16,15.0,0–20,0.0,0.0,0.0,0.0,0.8454,0.0,0.0,0.5717,-0.089854,0,80.0,top 25%
BTCUSDT,2023-04-17,14.6,0–20,0.0,0.0,0.0,0.0,0.8454,0.0,0.0,0.5143,-0.065196,0,77.8,top 25%
BTCUSDT,2023-04-18,13.5,0–20,0.0,0.0,0.0,0.0,0.8454,0.0,0.0,0.3617,-0.068754,0,70.3,top 50%
BTCUSDT,2023-04-19,16.7,0–20,0.0,0.0,0.0,0.0,0.8454,0.0,0.4032,0.4135,-0.013877,0,88.2,top 25%
BTCUSDT,2023-04-20,16.0,0–20,0.0504,0.0,0.0,0.0,0.8454,0.0,0.2736,0.301,0.043468,1,85.9,top 25%
BTCUSDT,2023-04-21,16.4,0–20,0.1673,0.0,0.0,0.0,0.8454,0.0,0.0,0.3015,0.075645,1,87.5,top 25%
BTCUSDT,2023-04-22,14.2,0–20,0.0869,0.0,0.0,0.0,0.8454,0.0,0.0,0.2087,0.051442,1,74.2,top 50%
BTCUSDT,2023-04-23,16.3,0–20,0.1144,0.0,0.0,0.0,0.8454,0.0,0.0,0.4258,0.060795,1,87.1,top 25%
BTCUSDT,2023-04-24,14.2,0–20,0.1227,0.0,0.0,0.0,0.8454,0.0,0.0,0.111,0.020571,1,74.2,top 50%
BTCUSDT,2023-04-25,11.1,0–20,0.0028,0.0,0.0,0.0,0.8454,0.0,0.0,0.0121,0.013175,1,55.9,top 50%
BTCUSDT,2023-04-26,11.0,0–20,0.0,0.0,0.0,0.0,0.8454,0.0,0.0,0.0,0.020533,1,54.9,top 50%
BTCUSDT,2023-04-27,11.0,0–20,0.0,0.0,0.0,0.0,0.8454,0.0,0.0,0.0,-0.021242,0,54.9,top 50%
BTCUSDT,2023-04-28,11.0,0–20,0.0,0.0,0.0,0.0,0.8454,0.0,0.0,0.0,0.006616,1,54.9,top 50%
BTCUSDT,2023-04-29,11.0,0–20,0.0,0.0,0.0,0.0,0.8454,0.0,0.0,0.0,-0.011757,0,54.9,top 50%
BTCUSDT,2023-04-30,11.0,0–20,0.0,0.0,0.0,0.0,0.8454,0.0,0.0,0.0,-0.027805,0,54.9,top 50%
BTCUSDT,2023-05-01,8.7,0–20,0.0716,0.0,0.0,0.0,0.5591,0.0,0.0,0.0,-0.014143,0,48.8,bottom 50%
BTCUSDT,2023-05-02,7.3,0–20,0.0,0.0,0.0,0.0,0.5591,0.0,0.0,0.0,-0.035626,0,45.2,bottom 50%
BTCUSDT,2023-05-03,7.3,0–20,0.0,0.0,0.0,0.0,0.5591,0.0,0.0,0.0,-0.047733,0,45.2,bottom 50%
BTCUSDT,2023-05-04,7.3,0–20,0.0,0.0,0.0,0.0,0.5591,0.0,0.0,0.0,-0.064023,0,45.2,bottom 50%
BTCUSDT,2023-05-05,7.3,0–20,0.0,0.0,0.0,0.0,0.5591,0.0,0.0,0.0,-0.092414,0,45.2,bottom 50%
BTCUSDT,2023-05-06,7.3,0–20,0.0,0.0,0.0,0.0,0.5591,0.0,0.0,0.0,-0.073364,0,45.2,bottom 50%
BTCUSDT,2023-05-07,8.0,0–20,0.0349,0.0,0.0,0.0,0.5591,0.0,0.0,0.0,-0.05357,0,47.2,bottom 50%
BTCUSDT,2023-05-08,10.0,0–20,0.138,0.0,0.0,0.0,0.5591,0.0,0.0,0.0,-0.018111,0,52.1,top 50%
BTCUSDT,2023-05-09,10.1,0–20,0.1426,0.0,0.0,0.0,0.5591,0.0,0.0,0.0042,-0.022493,0,52.4,top 50%
BTCUSDT,2023-05-10,11.7,0–20,0.1477,0.0,0.0,0.0,0.5591,0.0,0.0,0.2133,-0.008072,0,58.4,top 50%
BTCUSDT,2023-05-11,13.8,0–20,0.2305,0.0,0.0,0.0,0.5591,0.0,0.0,0.2787,-0.006244,0,72.1,top 50%
BTCUSDT,2023-05-12,13.1,0–20,0.2551,0.0,0.0,0.0,0.5591,0.0,0.0,0.1079,0.003176,1,67.8,top 50%
BTCUSDT,2023-05-13,12.6,0–20,0.2579,0.0,0.0,0.0,0.5591,0.0,0.0,0.018,0.0129,1,63.9,top 50%
BTCUSDT,2023-05-14,11.9,0–20,0.224,0.0,0.0,0.0,0.5591,0.0,0.0,0.0236,-0.006565,0,59.5,top 50%
BTCUSDT,2023-05-15,10.5,0–20,0.1637,0.0,0.0,0.0,0.5591,0.0,0.0,0.0,-0.012555,0,53.1,top 50%
BTCUSDT,2023-05-16,11.1,0–20,0.1893,0.0,0.0,0.0,0.5591,0.0,0.0,0.0,0.006993,1,55.9,top 50%
BTCUSDT,2023-05-17,9.4,0–20,0.1048,0.0,0.0,0.0,0.5591,0.0,0.0,0.0,-0.038833,0,50.6,top 50%
BTCUSDT,2023-05-18,11.3,0–20,0.2005,0.0,0.0,0.0,0.5591,0.0,0.0,0.0,-0.013268,0,56.5,top 50%
BTCUSDT,2023-05-19,11.0,0–20,0.1866,0.0,0.0,0.0,0.5591,0.0,0.0,0.0,-0.006353,0,54.9,top 50%
BTCUSDT,2023-05-20,9.8,0–20,0.1281,0.0,0.0,0.0,0.5591,0.0,0.0,0.0,-0.009629,0,51.7,top 50%
BTCUSDT,2023-05-21,11.2,0–20,0.1951,0.0,0.0,0.0,0.5591,0.0,0.0,0.0,0.049781,1,56.2,top 50%
BTCUSDT,2023-05-22,10.7,0–20,0.17,0.0,0.0,0.0,0.5591,0.0,0.0,0.0,0.033317,1,53.6,top 50%
BTCUSDT,2023-05-23,8.8,0–20,0.0764,0.0,0.0,0.0,0.5591,0.0,0.0,0.0,0.017506,1,49.2,bottom 50%
BTCUSDT,2023-05-24,11.9,0–20,0.2335,0.0,0.0,0.0,0.5591,0.0,0.0,0.0,0.0336,1,59.5,top 50%
BTCUSDT,2023-05-25,11.2,0–20,0.1987,0.0,0.0,0.0,0.5591,0.0,0.0,0.0,0.012984,1,56.2,top 50%
BTCUSDT,2023-05-26,10.1,0–20,0.1391,0.0,0.0,0.0,0.5591,0.0,0.0,0.0,0.019847,1,52.4,top 50%
BTCUSDT,2023-05-27,9.3,0–20,0.1029,0.0,0.0,0.0,0.5591,0.0,0.0,0.0,0.007696,1,50.4,top 50%
BTCUSDT,2023-05-28,7.3,0–20,0.0,0.0,0.0,0.0,0.5591,0.0,0.0,0.0,-0.034415,0,45.2,bottom 50%
BTCUSDT,2023-05-29,7.3,0–20,0.0,0.0,0.0,0.0,0.5591,0.0,0.0,0.0,-0.071571,0,45.2,bottom 50%
BTCUSDT,2023-05-30,7.3,0–20,0.0,0.0,0.0,0.0,0.5591,0.0,0.0,0.0,-0.016734,0,45.2,bottom 50%
BTCUSDT,2023-05-31,8.0,0–20,0.0379,0.0,0.0,0.0,0.5591,0.0,0.0,0.0,-0.032097,0,47.2,bottom 50%
BTCUSDT,2023-06-01,2.3,0–20,0.1105,0.0,0.0,0.0,0.0,0.0,0.0,0.0118,-0.011624,0,19.6,bottom 50%
BTCUSDT,2023-06-02,2.1,0–20,0.0213,0.0,0.0,0.0,0.0,0.0,0.0,0.2357,-0.028228,0,18.2,bottom 50%
BTCUSDT,2023-06-03,2.1,0–20,0.0545,0.0,0.0,0.0,0.0,0.0,0.0,0.1477,-0.045203,0,18.2,bottom 50%
BTCUSDT,2023-06-04,1.5,0–20,0.0449,0.0,0.0,0.0,0.0,0.0,0.0,0.0917,-0.043471,0,14.8,bottom 50%
BTCUSDT,2023-06-05,11.1,0–20,0.2674,0.1403,0.0,0.0,0.0,0.0,0.4907,0.032,0.005528,1,55.9,top 50%
BTCUSDT,2023-06-06,0.0,0–20,0.0,0.0,0.0,0.0,0.0,0.0,0.0,0.0,-0.048462,0,3.4,bottom 50%
BTCUSDT,2023-06-07,5.0,0–20,0.1185,0.0,0.0,0.0,0.0,0.0,0.3053,0.0752,-0.046357,0,33.4,bottom 50%
BTCUSDT,2023-06-08,2.1,0–20,0.0924,0.0,0.0,0.0,0.0,0.0,0.0,0.0337,-0.035152,0,18.2,bottom 50%
BTCUSDT,2023-06-09,1.9,0–20,0.0963,0.0,0.0,0.0,0.0,0.0,0.0,0.0,-0.005775,0,17.1,bottom 50%
BTCUSDT,2023-06-10,3.6,0–20,0.1819,0.0,0.0,0.0,0.0,0.0,0.0,0.0,0.025509,1,26.7,bottom 50%
BTCUSDT,2023-06-11,3.8,0–20,0.1651,0.0,0.0,0.0,0.0,0.0,0.0,0.0687,0.015268,1,27.8,bottom 50%
BTCUSDT,2023-06-12,3.4,0–20,0.1705,0.0,0.0,0.0,0.0,0.0,0.0,0.0,0.036619,1,25.6,bottom 50%
BTCUSDT,2023-06-13,3.6,0–20,0.167,0.0,0.0,0.0,0.0,0.0,0.0,0.0322,0.092935,1,26.7,bottom 50%
BTCUSDT,2023-06-14,5.7,0–20,0.2801,0.0056,0.0,0.0,0.0,0.0,0.0,0.0007,0.195132,1,36.1,bottom 50%
BTCUSDT,2023-06-15,3.6,0–20,0.1818,0.0,0.0,0.0,0.0,0.0,0.0,0.0,0.169527,1,26.7,bottom 50%
BTCUSDT,2023-06-16,0.8,0–20,0.0389,0.0,0.0,0.0,0.0,0.0,0.0,0.0,0.165911,1,10.5,bottom 50%
BTCUSDT,2023-06-17,0.1,0–20,0.007,0.0,0.0,0.0,0.0,0.0,0.0,0.0,0.152317,1,7.0,bottom 50%
BTCUSDT,2023-06-18,0.7,0–20,0.0373,0.0,0.0,0.0,0.0,0.0,0.0,0.0,0.157352,1,9.9,bottom 50%
BTCUSDT,2023-06-19,0.0,0–20,0.0,0.0,0.0,0.0,0.0,0.0,0.0,0.0,0.127373,1,3.4,bottom 50%
BTCUSDT,2023-06-20,0.0,0–20,0.0,0.0,0.0,0.0,0.0,0.0,0.0,0.0,0.083335,1,3.4,bottom 50%
BTCUSDT,2023-06-21,0.0,0–20,0.0,0.0,0.0,0.0,0.0,0.0,0.0,0.0,0.001963,1,3.4,bottom 50%
BTCUSDT,2023-06-22,0.0,0–20,0.0,0.0,0.0,0.0,0.0,0.0,0.0,0.0,0.017821,1,3.4,bottom 50%
BTCUSDT,2023-06-23,0.0,0–20,0.0,0.0,0.0,0.0,0.0,0.0,0.0,0.0,-0.007109,0,3.4,bottom 50%
BTCUSDT,2023-06-24,0.0,0–20,0.0,0.0,0.0,0.0,0.0,0.0,0.0,0.0,0.001355,1,3.4,bottom 50%
BTCUSDT,2023-06-25,3.8,0–20,0.0,0.0,0.0,0.0,0.0,0.0,0.0,0.5362,0.00461,1,27.8,bottom 50%
BTCUSDT,2023-06-26,3.6,0–20,0.0,0.0,0.0,0.0,0.0,0.0,0.0,0.516,0.029246,1,26.7,bottom 50%
BTCUSDT,2023-06-27,4.9,0–20,0.0,0.0,0.0,0.0,0.0,0.0,0.0,0.6944,0.002914,1,32.8,bottom 50%
BTCUSDT,2023-06-28,5.4,0–20,0.0,0.0,0.0,0.0,0.0,0.0,0.0,0.7741,0.014223,1,35.0,bottom 50%
BTCUSDT,2023-06-29,5.4,0–20,0.0,0.0,0.0,0.0,0.0,0.0,0.0,0.7656,-0.017606,0,35.0,bottom 50%
BTCUSDT,2023-06-30,6.3,0–20,0.0,0.0,0.0,0.0,0.0,0.0,0.0,0.8952,-0.004429,0,37.7,bottom 50%
BTCUSDT,2023-07-01,18.2,0–20,0.0,0.0,0.0,0.0,0.9458,0.0,0.0,0.8436,-0.009727,0,92.8,top 10%
BTCUSDT,2023-07-02,18.7,0–20,0.0,0.0,0.0,0.0,0.9458,0.0,0.0,0.9218,-0.014681,0,94.0,top 10%
BTCUSDT,2023-07-03,18.1,0–20,0.0,0.0,0.0,0.0,0.9458,0.0,0.0,0.8326,-0.023814,0,92.6,top 10%
BTCUSDT,2023-07-04,19.3,0–20,0.0,0.0,0.0,0.0,0.9458,0.0,0.0,1.0,-0.005089,0,95.3,top 10%
BTCUSDT,2023-07-05,19.0,0–20,0.0,0.0,0.0,0.0,0.9458,0.0,0.0,0.9592,-0.004015,0,94.8,top 10%
BTCUSDT,2023-07-06,17.8,0–20,0.0,0.0,0.0,0.0,0.9458,0.0,0.0,0.7915,0.052382,1,91.3,top 10%
BTCUSDT,2023-07-07,17.7,0–20,0.0,0.0,0.0,0.0,0.9458,0.0,0.0,0.7681,-0.00027,0,91.0,top 10%
BTCUSDT,2023-07-08,18.5,0–20,0.0,0.0,0.0,0.0,0.9458,0.0,0.0,0.8898,0.000108,1,93.3,top 10%
BTCUSDT,2023-07-09,17.3,0–20,0.0,0.0,0.0,0.0,0.9458,0.0,0.0,0.7168,0.002582,1,90.1,top 10%
BTCUSDT,2023-07-10,15.0,0–20,0.0,0.0,0.0,0.0,0.9458,0.0,0.0,0.3847,-0.008831,0,80.0,top 25%
BTCUSDT,2023-07-11,12.3,0–20,0.0,0.0,0.0,0.0,0.9458,0.0,0.0,0.0,-0.024963,0,61.9,top 50%
BTCUSDT,2023-07-12,12.8,0–20,0.0,0.0,0.0,0.0,0.9458,0.0,0.0,0.072,-0.015719,0,65.0,top 50%
BTCUSDT,2023-07-13,12.3,0–20,0.0,0.0,0.0,0.0,0.9458,0.0,0.0,0.0,-0.053502,0,61.9,top 50%
BTCUSDT,2023-07-14,12.3,0–20,0.0,0.0,0.0,0.0,0.9458,0.0,0.0,0.0,-0.014021,0,61.9,top 50%
BTCUSDT,2023-07-15,12.3,0–20,0.0,0.0,0.0,0.0,0.9458,0.0,0.0,0.0,-0.017296,0,61.9,top 50%
BTCUSDT,2023-07-16,12.7,0–20,0.0,0.0,0.0,0.0,0.9458,0.0,0.0,0.0571,-0.005441,0,64.5,top 50%
BTCUSDT,2023-07-17,12.3,0–20,0.0,0.0,0.0,0.0,0.9458,0.0,0.0,0.0,-0.032143,0,61.9,top 50%
BTCUSDT,2023-07-18,14.1,0–20,0.0155,0.0,0.0,0.0,0.9458,0.0,0.0,0.2191,-0.021073,0,73.6,top 50%
BTCUSDT,2023-07-19,12.4,0–20,0.0033,0.0,0.0,0.0,0.9458,0.0,0.0,0.0,-0.018685,0,62.9,top 50%
BTCUSDT,2023-07-20,12.9,0–20,0.03,0.0,0.0,0.0,0.9458,0.0,0.0,0.0,-0.019513,0,65.5,top 50%
BTCUSDT,2023-07-21,12.3,0–20,0.0023,0.0,0.0,0.0,0.9458,0.0,0.0,0.0,-0.01971,0,61.9,top 50%
BTCUSDT,2023-07-22,13.0,0–20,0.0351,0.0,0.0,0.0,0.9458,0.0,0.0,0.0,-0.013935,0,66.6,top 50%
BTCUSDT,2023-07-23,12.3,0–20,0.0,0.0,0.0,0.0,0.9458,0.0,0.0,0.0,-0.026899,0,61.9,top 50%
BTCUSDT,2023-07-24,16.6,0–20,0.1552,0.0811,0.0,0.0,0.9458,0.0,0.0,0.0,0.001823,1,88.0,top 25%
BTCUSDT,2023-07-25,15.1,0–20,0.1423,0.0,0.0,0.0,0.9458,0.0,0.0,0.0,0.01534,1,80.7,top 25%
BTCUSDT,2023-07-26,14.5,0–20,0.1084,0.0,0.0,0.0,0.9458,0.0,0.0,0.0,-0.006916,0,77.3,top 25%
BTCUSDT,2023-07-27,15.1,0–20,0.1395,0.0,0.0,0.0,0.9458,0.0,0.0,0.0,-0.001096,0,80.7,top 25%
BTCUSDT,2023-07-28,14.5,0–20,0.1082,0.0,0.0,0.0,0.9458,0.0,0.0,0.0,-0.008362,0,77.3,top 25%
BTCUSDT,2023-07-29,14.2,0–20,0.0969,0.0,0.0,0.0,0.9458,0.0,0.0,0.0,-0.010723,0,74.2,top 50%
BTCUSDT,2023-07-30,14.7,0–20,0.1178,0.0,0.0,0.0,0.9458,0.0,0.0,0.0,-0.007974,0,78.4,top 25%
BTCUSDT,2023-07-31,14.9,0–20,0.1298,0.0,0.0,0.0,0.9458,0.0,0.0,0.0,-0.001695,0,79.4,top 25%
BTCUSDT,2023-08-01,0.0,0–20,0.0,0.0,0.0,0.0,0.0,0.0,0.0,0.0,0.003025,1,3.4,bottom 50%
BTCUSDT,2023-08-02,2.5,0–20,0.1267,0.0,0.0,0.0,0.0,0.0,0.0,0.0,0.014048,1,20.9,bottom 50%
BTCUSDT,2023-08-03,2.4,0–20,0.1183,0.0,0.0,0.0,0.0,0.0,0.0,0.0,0.008599,1,20.3,bottom 50%
BTCUSDT,2023-08-04,2.9,0–20,0.1454,0.0,0.0,0.0,0.0,0.0,0.0,0.0,0.011131,1,22.9,bottom 50%
BTCUSDT,2023-08-05,3.1,0–20,0.1539,0.0,0.0,0.0,0.0,0.0,0.0,0.0,0.012872,1,24.0,bottom 50%
BTCUSDT,2023-08-06,3.1,0–20,0.154,0.0,0.0,0.0,0.0,0.0,0.0,0.0,0.0083,1,24.0,bottom 50%
BTCUSDT,2023-08-07,2.0,0–20,0.0986,0.0,0.0,0.0,0.0,0.0,0.0,0.0,0.007809,1,17.5,bottom 50%
BTCUSDT,2023-08-08,0.0,0–20,0.0,0.0,0.0,0.0,0.0,0.0,0.0,0.0,-0.019994,0,3.4,bottom 50%
BTCUSDT,2023-08-09,0.0,0–20,0.0,0.0,0.0,0.0,0.0,0.0,0.0,0.0,-0.029082,0,3.4,bottom 50%
BTCUSDT,2023-08-10,0.3,0–20,0.0145,0.0,0.0,0.0,0.0,0.0,0.0,0.0,-0.093954,0,7.9,bottom 50%
BTCUSDT,2023-08-11,0.5,0–20,0.0251,0.0,0.0,0.0,0.0,0.0,0.0,0.0,-0.113892,0,8.9,bottom 50%
BTCUSDT,2023-08-12,0.4,0–20,0.0183,0.0,0.0,0.0,0.0,0.0,0.0,0.0,-0.112856,0,8.4,bottom 50%
BTCUSDT,2023-08-13,2.0,0–20,0.0668,0.0,0.0,0.0,0.0,0.0,0.0,0.0992,-0.105636,0,17.5,bottom 50%
BTCUSDT,2023-08-14,0.7,0–20,0.0158,0.0,0.0,0.0,0.0,0.0,0.0,0.0569,-0.111679,0,9.9,bottom 50%
BTCUSDT,2023-08-15,2.2,0–20,0.1034,0.0,0.0,0.0,0.0,0.0,0.0,0.0126,-0.107599,0,18.8,bottom 50%
BTCUSDT,2023-08-16,7.3,0–20,0.2456,0.1418,0.0,0.0,0.0,0.0,0.0,0.0313,-0.079094,0,45.2,bottom 50%
BTCUSDT,2023-08-17,27.9,20–40,0.5671,0.644,0.0,0.0,0.0,0.0,0.9729,0.015,-0.018833,0,99.8,top 10%
BTCUSDT,2023-08-18,22.9,20–40,0.6198,0.3795,0.0,0.0,0.0,0.0,0.6839,0.0,-7.3e-05,0,98.6,top 10%
BTCUSDT,2023-08-19,14.3,0–20,0.6038,0.1367,0.0,0.0,0.0,0.0,0.0,0.0202,-0.003362,0,75.4,top 25%
BTCUSDT,2023-08-20,11.4,0–20,0.5705,0.0,0.0,0.0,0.0,0.0,0.0,0.0,-0.003814,0,56.8,top 50%
BTCUSDT,2023-08-21,11.5,0–20,0.5772,0.0,0.0,0.0,0.0,0.0,0.0,0.0,-0.000689,0,57.1,top 50%
BTCUSDT,2023-08-22,11.7,0–20,0.5869,0.0,0.0,0.0,0.0,0.0,0.0,0.0,0.065141,1,58.4,top 50%
BTCUSDT,2023-08-23,8.7,0–20,0.4336,0.0,0.0,0.0,0.0,0.0,0.0,0.0,0.03275,1,48.8,bottom 50%
BTCUSDT,2023-08-24,9.4,0–20,0.4706,0.0,0.0,0.0,0.0,0.0,0.0,0.0,-0.008826,0,50.6,top 50%
BTCUSDT,2023-08-25,9.7,0–20,0.4861,0.0,0.0,0.0,0.0,0.0,0.0,0.0,-0.00948,0,51.4,top 50%
BTCUSDT,2023-08-26,9.8,0–20,0.4915,0.0,0.0,0.0,0.0,0.0,0.0,0.0,-0.00537,0,51.7,top 50%
BTCUSDT,2023-08-27,9.1,0–20,0.457,0.0,0.0,0.0,0.0,0.0,0.0,0.0,-0.004604,0,49.9,bottom 50%
BTCUSDT,2023-08-28,9.0,0–20,0.4497,0.0,0.0,0.0,0.0,0.0,0.0,0.0,-0.011252,0,49.7,bottom 50%
BTCUSDT,2023-08-29,0.0,0–20,0.0,0.0,0.0,0.0,0.0,0.0,0.0,0.0,-0.070234,0,3.4,bottom 50%
BTCUSDT,2023-08-30,0.8,0–20,0.041,0.0,0.0,0.0,0.0,0.0,0.0,0.0,-0.056564,0,10.5,bottom 50%
BTCUSDT,2023-08-31,5.3,0–20,0.2673,0.0,0.0,0.0,0.0,0.0,0.0,0.0,0.011905,1,34.6,bottom 50%
BTCUSDT,2023-09-01,5.7,0–20,0.2848,0.0,0.0,0.0,0.0,0.0,0.0,0.0,0.004067,1,36.1,bottom 50%
BTCUSDT,2023-09-02,5.4,0–20,0.2679,0.0,0.0,0.0,0.0,0.0,0.0,0.0,0.001039,1,35.0,bottom 50%
BTCUSDT,2023-09-03,4.8,0–20,0.2418,0.0,0.0,0.0,0.0,0.0,0.0,0.0,-0.005288,0,32.4,bottom 50%
BTCUSDT,2023-09-04,5.3,0–20,0.2671,0.0,0.0,0.0,0.0,0.0,0.0,0.0,-0.025172,0,34.6,bottom 50%
BTCUSDT,2023-09-05,5.4,0–20,0.2725,0.0,0.0,0.0,0.0,0.0,0.0,0.0,0.00207,1,35.0,bottom 50%
BTCUSDT,2023-09-06,5.5,0–20,0.2772,0.0,0.0,0.0,0.0,0.0,0.0,0.0,0.018448,1,35.4,bottom 50%
BTCUSDT,2023-09-07,2.7,0–20,0.1331,0.0,0.0,0.0,0.0,0.0,0.0,0.0,0.011413,1,22.0,bottom 50%
BTCUSDT,2023-09-08,4.0,0–20,0.1999,0.0,0.0,0.0,0.0,0.0,0.0,0.0,0.027138,1,28.9,bottom 50%
BTCUSDT,2023-09-09,4.0,0–20,0.2019,0.0,0.0,0.0,0.0,0.0,0.0,0.0,0.025974,1,28.9,bottom 50%
BTCUSDT,2023-09-10,4.3,0–20,0.2151,0.0,0.0,0.0,0.0,0.0,0.0,0.0,0.027174,1,30.0,bottom 50%
BTCUSDT,2023-09-11,6.8,0–20,0.3399,0.0,0.0,0.0,0.0,0.0,0.0,0.0,0.063254,1,38.9,bottom 50%
BTCUSDT,2023-09-12,2.9,0–20,0.1438,0.0,0.0,0.0,0.0,0.0,0.0,0.0,0.053333,1,22.9,bottom 50%
BTCUSDT,2023-09-13,0.9,0–20,0.0467,0.0,0.0,0.0,0.0,0.0,0.0,0.0,0.034454,1,11.0,bottom 50%
BTCUSDT,2023-09-14,0.0,0–20,0.0,0.0,0.0,0.0,0.0,0.0,0.0,0.0,0.001053,1,3.4,bottom 50%
BTCUSDT,2023-09-15,0.0,0–20,0.0,0.0,0.0,0.0,0.0,0.0,0.0,0.0,-0.001095,0,3.4,bottom 50%
BTCUSDT,2023-09-16,0.0,0–20,0.0,0.0,0.0,0.0,0.0,0.0,0.0,0.0,0.000418,1,3.4,bottom 50%
BTCUSDT,2023-09-17,0.0,0–20,0.0,0.0,0.0,0.0,0.0,0.0,0.0,0.0,-0.010453,0,3.4,bottom 50%
BTCUSDT,2023-09-18,0.0,0–20,0.0,0.0,0.0,0.0,0.0,0.0,0.0,0.0,-0.017037,0,3.4,bottom 50%
BTCUSDT,2023-09-19,0.0,0–20,0.0,0.0,0.0,0.0,0.0,0.0,0.0,0.0,-0.036524,0,3.4,bottom 50%
BTCUSDT,2023-09-20,0.9,0–20,0.0,0.0,0.0,0.0,0.0,0.0,0.0,0.1331,-0.028722,0,11.0,bottom 50%
BTCUSDT,2023-09-21,1.1,0–20,0.0028,0.0,0.0,0.0,0.0,0.0,0.0,0.1487,0.017085,1,12.2,bottom 50%
BTCUSDT,2023-09-22,0.9,0–20,0.0,0.0,0.0,0.0,0.0,0.0,0.0,0.1288,0.012497,1,11.0,bottom 50%
BTCUSDT,2023-09-23,1.1,0–20,0.0,0.0,0.0,0.0,0.0,0.0,0.0,0.1501,0.014618,1,12.2,bottom 50%
BTCUSDT,2023-09-24,3.6,0–20,0.0897,0.0,0.0,0.0,0.0,0.0,0.0,0.2614,0.06577,1,26.7,bottom 50%
BTCUSDT,2023-09-25,3.3,0–20,0.0762,0.0,0.0,0.0,0.0,0.0,0.0,0.2542,0.046858,1,25.2,bottom 50%
BTCUSDT,2023-09-26,3.1,0–20,0.0996,0.0,0.0,0.0,0.0,0.0,0.0,0.156,0.046257,1,24.0,bottom 50%
BTCUSDT,2023-09-27,1.5,0–20,0.0518,0.0,0.0,0.0,0.0,0.0,0.0,0.0641,0.054897,1,14.8,bottom 50%
BTCUSDT,2023-09-28,0.9,0–20,0.0,0.0,0.0,0.0,0.0,0.0,0.0,0.1322,0.014594,1,11.0,bottom 50%
BTCUSDT,2023-09-29,0.5,0–20,0.0,0.0,0.0,0.0,0.0,0.0,0.0,0.0715,0.038455,1,8.9,bottom 50%
BTCUSDT,2023-09-30,0.6,0–20,0.0,0.0,0.0,0.0,0.0,0.0,0.0,0.0925,0.037115,1,9.4,bottom 50%
BTCUSDT,2023-10-01,14.6,0–20,0.0,0.0,0.0,0.0,1.0,0.0,0.0,0.2237,-0.001739,0,77.8,top 25%
BTCUSDT,2023-10-02,13.7,0–20,0.0,0.0,0.0,0.0,1.0,0.0,0.0,0.105,0.001921,1,71.5,top 50%
BTCUSDT,2023-10-03,14.1,0–20,0.0,0.0,0.0,0.0,1.0,0.0,0.0,0.1535,-0.00142,0,73.6,top 50%
BTCUSDT,2023-10-04,13.5,0–20,0.0,0.0,0.0,0.0,1.0,0.0,0.0,0.0724,-0.033313,0,70.3,top 50%
BTCUSDT,2023-10-05,13.5,0–20,0.0,0.0,0.0,0.0,1.0,0.0,0.0,0.0686,-0.024041,0,70.3,top 50%
BTCUSDT,2023-10-06,14.9,0–20,0.0,0.0,0.0,0.0,1.0,0.0,0.0,0.266,-0.038796,0,79.4,top 25%
BTCUSDT,2023-10-07,14.3,0–20,0.0,0.0,0.0,0.0,1.0,0.0,0.0,0.1908,-0.039585,0,75.4,top 25%
BTCUSDT,2023-10-08,13.9,0–20,0.0,0.0,0.0,0.0,1.0,0.0,0.0,0.1286,-0.027759,0,72.6,top 50%
BTCUSDT,2023-10-09,13.8,0–20,0.0,0.0,0.0,0.0,1.0,0.0,0.0,0.1073,0.033925,1,72.1,top 50%
BTCUSDT,2023-10-10,13.4,0–20,0.0,0.0,0.0,0.0,1.0,0.0,0.0,0.0523,0.037411,1,69.6,top 50%
BTCUSDT,2023-10-11,16.2,0–20,0.0726,0.0,0.0,0.0,1.0,0.0,0.0,0.2496,0.054144,1,86.7,top 25%
BTCUSDT,2023-10-12,16.8,0–20,0.1003,0.0,0.0,0.0,1.0,0.0,0.0,0.25,0.073365,1,88.5,top 25%
BTCUSDT,2023-10-13,16.1,0–20,0.0691,0.0,0.0,0.0,1.0,0.0,0.0,0.2452,0.105001,1,86.3,top 25%
BTCUSDT,2023-10-14,16.1,0–20,0.0693,0.0,0.0,0.0,1.0,0.0,0.0,0.2461,0.113794,1,86.3,top 25%
BTCUSDT,2023-10-15,14.4,0–20,0.0,0.0,0.0,0.0,1.0,0.0,0.0,0.206,0.104355,1,76.7,top 25%
BTCUSDT,2023-10-16,13.9,0–20,0.0,0.0,0.0,0.0,1.0,0.0,0.0,0.1328,0.160128,1,72.6,top 50%
BTCUSDT,2023-10-17,13.6,0–20,0.0,0.0,0.0,0.0,1.0,0.0,0.0,0.0814,0.193054,1,70.9,top 50%
BTCUSDT,2023-10-18,13.0,0–20,0.0,0.0,0.0,0.0,1.0,0.0,0.0,0.0,0.217961,1,66.6,top 50%
BTCUSDT,2023-10-19,13.0,0–20,0.0,0.0,0.0,0.0,1.0,0.0,0.0,0.0,0.189306,1,66.6,top 50%
BTCUSDT,2023-10-20,13.3,0–20,0.0,0.0,0.0,0.0,1.0,0.0,0.0,0.0389,0.1424,1,69.0,top 50%
BTCUSDT,2023-10-21,13.7,0–20,0.0,0.0,0.0,0.0,1.0,0.0,0.0,0.1004,0.139418,1,71.5,top 50%
BTCUSDT,2023-10-22,14.2,0–20,0.0,0.0,0.0,0.0,1.0,0.0,0.0,0.1696,0.151517,1,74.2,top 50%
BTCUSDT,2023-10-23,14.3,0–20,0.0,0.0,0.0,0.0,1.0,0.0,0.0,0.1913,0.042801,1,75.4,top 25%
BTCUSDT,2023-10-24,14.4,0–20,0.0,0.0,0.0,0.0,1.0,0.0,0.0,0.1954,0.022602,1,76.7,top 25%
BTCUSDT,2023-10-25,16.4,0–20,0.0,0.0,0.0,0.0,1.0,0.0,0.0,0.4806,0.027083,1,87.5,top 25%
BTCUSDT,2023-10-26,15.8,0–20,0.0,0.0,0.0,0.0,1.0,0.0,0.0,0.4028,0.022883,1,85.3,top 25%
BTCUSDT,2023-10-27,15.9,0–20,0.0,0.0,0.0,0.0,1.0,0.0,0.0,0.4093,0.024256,1,85.6,top 25%
BTCUSDT,2023-10-28,19.6,0–20,0.0,0.0,0.0,0.0,1.0,0.0,0.0,0.9499,0.029118,1,95.8,top 10%
BTCUSDT,2023-10-29,20.0,20–40,0.0,0.0,0.0,0.0,1.0,0.0,0.0,1.0,0.014791,1,96.6,top 10%
BTCUSDT,2023-10-30,20.0,20–40,0.0,0.0,0.0,0.0,1.0,0.0,0.0,1.0,0.015506,1,96.6,top 10%
BTCUSDT,2023-10-31,20.0,20–40,0.0,0.0,0.0,0.0,1.0,0.0,0.0,1.0,0.022378,1,96.6,top 10%
BTCUSDT,2023-11-01,15.7,0–20,0.0,0.0,0.0,0.0,0.6693,0.0,0.0,1.0,0.006152,1,84.2,top 25%
BTCUSDT,2023-11-02,15.7,0–20,0.0,0.0,0.0,0.0,0.6693,0.0,0.0,1.0,0.050228,1,84.2,top 25%
BTCUSDT,2023-11-03,15.7,0–20,0.0,0.0,0.0,0.0,0.6693,0.0,0.0,1.0,0.07433,1,84.2,top 25%
BTCUSDT,2023-11-04,15.7,0–20,0.0,0.0,0.0,0.0,0.6693,0.0,0.0,1.0,0.058601,1,84.2,top 25%
BTCUSDT,2023-11-05,15.7,0–20,0.0,0.0,0.0,0.0,0.6693,0.0,0.0,1.0,0.05721,1,84.2,top 25%
BTCUSDT,2023-11-06,15.7,0–20,0.0,0.0,0.0,0.0,0.6693,0.0,0.0,1.0,0.041812,1,84.2,top 25%
BTCUSDT,2023-11-07,15.7,0–20,0.0,0.0,0.0,0.0,0.6693,0.0,0.0,1.0,0.002654,1,84.2,top 25%
BTCUSDT,2023-11-08,15.7,0–20,0.0,0.0,0.0,0.0,0.6693,0.0,0.0,1.0,0.062412,1,84.2,top 25%
BTCUSDT,2023-11-09,15.4,0–20,0.0,0.0,0.0,0.0,0.6693,0.0,0.0,0.9512,-0.014672,0,82.1,top 25%
BTCUSDT,2023-11-10,15.1,0–20,0.0,0.0,0.0,0.0,0.6693,0.0,0.0,0.9129,-0.019223,0,80.7,top 25%
BTCUSDT,2023-11-11,14.9,0–20,0.0,0.0,0.0,0.0,0.6693,0.0,0.0,0.8912,-0.014873,0,79.4,top 25%
BTCUSDT,2023-11-12,11.3,0–20,0.0,0.0,0.0,0.0,0.6693,0.0,0.0,0.3724,0.008961,1,56.5,top 50%
BTCUSDT,2023-11-13,10.6,0–20,0.0,0.0,0.0,0.0,0.6693,0.0,0.0,0.2648,0.0267,1,53.3,top 50%
BTCUSDT,2023-11-14,13.0,0–20,0.0,0.0,0.0,0.0,0.6693,0.0,0.3102,0.3074,0.007771,1,66.6,top 50%
BTCUSDT,2023-11-15,12.0,0–20,0.0,0.0,0.0,0.0,0.6693,0.0,0.0,0.4692,-0.011833,0,60.0,top 50%
BTCUSDT,2023-11-16,11.9,0–20,0.0,0.0,0.0,0.0,0.6693,0.0,0.0,0.4634,0.031389,1,59.5,top 50%
BTCUSDT,2023-11-17,11.7,0–20,0.0,0.0,0.0,0.0,0.6693,0.0,0.0,0.4295,0.030702,1,58.4,top 50%
BTCUSDT,2023-11-18,10.7,0–20,0.0,0.0,0.0,0.0,0.6693,0.0,0.0,0.285,0.033103,1,53.6,top 50%
BTCUSDT,2023-11-19,9.8,0–20,0.0,0.0,0.0,0.0,0.6693,0.0,0.0,0.1578,0.002476,1,51.7,top 50%
BTCUSDT,2023-11-20,11.9,0–20,0.0,0.0,0.0,0.0,0.6693,0.0,0.0,0.4584,-0.005945,0,59.5,top 50%
BTCUSDT,2023-11-21,10.9,0–20,0.0,0.0,0.0,0.0,0.6693,0.0,0.218,0.1003,0.056327,1,54.1,top 50%
BTCUSDT,2023-11-22,10.4,0–20,0.0,0.0,0.0,0.0,0.6693,0.0,0.0,0.2428,0.011385,1,52.9,top 50%
BTCUSDT,2023-11-23,10.6,0–20,0.0,0.0,0.0,0.0,0.6693,0.0,0.0,0.2719,0.011347,1,53.3,top 50%
BTCUSDT,2023-11-24,11.0,0–20,0.0,0.0,0.0,0.0,0.6693,0.0,0.0,0.3314,0.025675,1,54.9,top 50%
BTCUSDT,2023-11-25,11.1,0–20,0.0,0.0,0.0,0.0,0.6693,0.0,0.0,0.3493,0.044436,1,55.9,top 50%
BTCUSDT,2023-11-26,9.5,0–20,0.0,0.0,0.0,0.0,0.6693,0.0,0.0,0.116,0.066684,1,50.8,top 50%
BTCUSDT,2023-11-27,10.7,0–20,0.0,0.0,0.0,0.0,0.6693,0.0,0.0,0.2792,0.126856,1,53.6,top 50%
BTCUSDT,2023-11-28,10.3,0–20,0.0,0.0,0.0,0.0,0.6693,0.0,0.0,0.2325,0.165196,1,52.7,top 50%
BTCUSDT,2023-11-29,9.7,0–20,0.0,0.0,0.0,0.0,0.6693,0.0,0.0,0.1405,0.155525,1,51.4,top 50%
BTCUSDT,2023-11-30,9.2,0–20,0.0,0.0,0.0,0.0,0.6693,0.0,0.0,0.0646,0.147958,1,50.2,top 50%
BTCUSDT,2023-12-01,0.3,0–20,0.0,0.0,0.0,0.0,0.0,0.0,0.0,0.0474,0.141588,1,7.9,bottom 50%
BTCUSDT,2023-12-02,0.2,0–20,0.0,0.0,0.0,0.0,0.0,0.0,0.0,0.0285,0.107651,1,7.4,bottom 50%
BTCUSDT,2023-12-03,1.3,0–20,0.0,0.0,0.0,0.0,0.0,0.0,0.0,0.1923,0.095084,1,13.4,bottom 50%
BTCUSDT,2023-12-04,2.5,0–20,0.0,0.0,0.0,0.0,0.0,0.0,0.0,0.3621,-0.017538,0,20.9,bottom 50%
BTCUSDT,2023-12-05,0.0,0–20,0.0,0.0,0.0,0.0,0.0,0.0,0.0,0.0,-0.059673,0,3.4,bottom 50%
BTCUSDT,2023-12-06,2.8,0–20,0.0,0.0,0.0,0.0,0.0,0.0,0.0,0.3962,-0.019561,0,22.5,bottom 50%
BTCUSDT,2023-12-07,3.0,0–20,0.0,0.0,0.0,0.0,0.0,0.0,0.0,0.4315,-0.006206,0,23.4,bottom 50%
BTCUSDT,2023-12-08,3.6,0–20,0.0,0.0,0.0,0.0,0.0,0.0,0.0,0.5122,-0.050646,0,26.7,bottom 50%
BTCUSDT,2023-12-09,4.5,0–20,0.0,0.0,0.0,0.0,0.0,0.0,0.0,0.6399,-0.033981,0,31.0,bottom 50%
BTCUSDT,2023-12-10,6.1,0–20,0.0,0.0,0.0,0.0,0.0,0.0,0.0,0.875,-0.055163,0,37.2,bottom 50%
BTCUSDT,2023-12-11,11.2,0–20,0.0,0.0,0.0,0.0,0.0,0.0,0.6058,1.0,0.033452,1,56.2,top 50%
BTCUSDT,2023-12-12,5.2,0–20,0.0,0.0,0.0,0.0,0.0,0.0,0.0,0.7495,0.01979,1,34.2,bottom 50%
BTCUSDT,2023-12-13,6.3,0–20,0.0,0.0,0.0,0.0,0.0,0.0,0.0,0.8955,0.017755,1,37.7,bottom 50%
BTCUSDT,2023-12-14,5.5,0–20,0.0,0.0,0.0,0.0,0.0,0.0,0.0,0.7833,0.019644,1,35.4,bottom 50%
BTCUSDT,2023-12-15,5.3,0–20,0.0,0.0,0.0,0.0,0.0,0.0,0.0,0.758,0.049324,1,34.6,bottom 50%
BTCUSDT,2023-12-16,3.6,0–20,0.0,0.0,0.0,0.0,0.0,0.0,0.0,0.5144,0.035498,1,26.7,bottom 50%
BTCUSDT,2023-12-17,3.9,0–20,0.0,0.0,0.0,0.0,0.0,0.0,0.0,0.562,0.039924,1,28.3,bottom 50%
BTCUSDT,2023-12-18,4.7,0–20,0.0,0.0,0.0,0.0,0.0,0.0,0.0,0.6646,0.023217,1,31.9,bottom 50%
BTCUSDT,2023-12-19,4.7,0–20,0.0,0.0,0.0,0.0,0.0,0.0,0.0,0.6703,0.005911,1,31.9,bottom 50%
BTCUSDT,2023-12-20,4.1,0–20,0.0,0.0,0.0,0.0,0.0,0.0,0.0,0.5821,-0.004797,0,29.3,bottom 50%
BTCUSDT,2023-12-21,3.3,0–20,0.0,0.0,0.0,0.0,0.0,0.0,0.0,0.4767,-0.028295,0,25.2,bottom 50%
BTCUSDT,2023-12-22,1.8,0–20,0.0,0.0,0.0,0.0,0.0,0.0,0.0,0.2544,-0.04315,0,16.5,bottom 50%
BTCUSDT,2023-12-23,2.4,0–20,0.0,0.0,0.0,0.0,0.0,0.0,0.0,0.3395,-0.036183,0,20.3,bottom 50%
BTCUSDT,2023-12-24,0.2,0–20,0.0,0.0,0.0,0.0,0.0,0.0,0.0,0.0352,-0.017457,0,7.4,bottom 50%
BTCUSDT,2023-12-25,0.0,0–20,0.0,0.0,0.0,0.0,0.0,0.0,0.0,0.0,0.012707,1,3.4,bottom 50%
BTCUSDT,2023-12-26,1.8,0–20,0.0,0.0,0.0,0.0,0.0,0.0,0.2448,0.0136,0.057327,1,16.5,bottom 50%
BTCUSDT,2023-12-27,0.6,0–20,0.0,0.0,0.0,0.0,0.0,0.0,0.0,0.0804,-0.013689,0,9.4,bottom 50%
BTCUSDT,2023-12-28,0.0,0–20,0.0,0.0,0.0,0.0,0.0,0.0,0.0,0.0,0.03641,1,3.4,bottom 50%
BTCUSDT,2023-12-29,0.0,0–20,0.0,0.0,0.0,0.0,0.0,0.0,0.0,0.0,0.04901,1,3.4,bottom 50%
BTCUSDT,2023-12-30,0.0,0–20,0.0,0.0,0.0,0.0,0.0,0.0,0.0,0.0,0.043464,1,3.4,bottom 50%
BTCUSDT,2023-12-31,1.1,0–20,0.0,0.0,0.0,0.0,0.0,0.0,0.0,0.1538,0.0397,1,12.2,bottom 50%
BTCUSDT,2024-01-01,1.7,0–20,0.0,0.0,0.0,0.0,0.0,0.0,0.0,0.2444,0.063467,1,16.0,bottom 50%
BTCUSDT,2024-01-02,0.0,0–20,0.0,0.0,0.0,0.0,0.0,0.0,0.0,0.0,0.026286,1,3.4,bottom 50%
BTCUSDT,2024-01-03,0.0,0–20,0.0,0.0,0.0,0.0,0.0,0.0,0.0,0.0,0.088209,1,3.4,bottom 50%
BTCUSDT,2024-01-04,0.2,0–20,0.0,0.0,0.0,0.0,0.0,0.0,0.0,0.0284,0.04954,1,7.4,bottom 50%
BTCUSDT,2024-01-05,0.0,0–20,0.0,0.0,0.0,0.0,0.0,0.0,0.0,0.0031,-0.029652,0,3.4,bottom 50%
BTCUSDT,2024-01-06,2.4,0–20,0.0,0.0,0.0,0.0,0.0,0.0,0.0,0.3374,-0.02607,0,20.3,bottom 50%
BTCUSDT,2024-01-07,1.9,0–20,0.0,0.0,0.0,0.0,0.0,0.0,0.0,0.2677,-0.048855,0,17.1,bottom 50%
BTCUSDT,2024-01-08,0.5,0–20,0.0,0.0,0.0,0.0,0.0,0.0,0.0,0.0749,-0.094922,0,8.9,bottom 50%
BTCUSDT,2024-01-09,0.4,0–20,0.0,0.0,0.0,0.0,0.0,0.0,0.0,0.0631,-0.06469,0,8.4,bottom 50%
BTCUSDT,2024-01-10,0.2,0–20,0.0,0.0,0.0,0.0,0.0,0.0,0.0,0.0353,-0.083322,0,7.4,bottom 50%
BTCUSDT,2024-01-11,0.0,0–20,0.0,0.0,0.0,0.0,0.0,0.0,0.0,0.0,-0.110129,0,3.4,bottom 50%
BTCUSDT,2024-01-12,4.6,0–20,0.0685,0.0,0.0,0.0,0.0,0.0,0.4349,0.0227,-0.028814,0,31.5,bottom 50%
BTCUSDT,2024-01-13,4.3,0–20,0.0693,0.0,0.0,0.0,0.0,0.0,0.0,0.4192,-0.027468,0,30.0,bottom 50%
BTCUSDT,2024-01-14,4.7,0–20,0.1439,0.0,0.0,0.0,0.0,0.0,0.0,0.2624,-0.005993,0,31.9,bottom 50%
BTCUSDT,2024-01-15,4.7,0–20,0.0801,0.0,0.0,0.0,0.0,0.0,0.0,0.4404,-0.070677,0,31.9,bottom 50%
BTCUSDT,2024-01-16,2.7,0–20,0.0248,0.0,0.0,0.0,0.0,0.0,0.0,0.3134,-0.076686,0,22.0,bottom 50%
BTCUSDT,2024-01-17,1.3,0–20,0.0581,0.0,0.0,0.0,0.0,0.0,0.0,0.0264,-0.062363,0,13.4,bottom 50%
BTCUSDT,2024-01-18,4.0,0–20,0.168,0.0,0.0,0.0,0.0,0.0,0.0,0.085,-0.032191,0,28.9,bottom 50%
BTCUSDT,2024-01-19,2.7,0–20,0.1337,0.0,0.0,0.0,0.0,0.0,0.0,0.0,0.004769,1,22.0,bottom 50%
BTCUSDT,2024-01-20,2.8,0–20,0.129,0.0,0.0,0.0,0.0,0.0,0.0,0.0286,0.010908,1,22.5,bottom 50%
BTCUSDT,2024-01-21,2.8,0–20,0.1388,0.0,0.0,0.0,0.0,0.0,0.0,0.0,0.01179,1,22.5,bottom 50%
BTCUSDT,2024-01-22,5.7,0–20,0.2862,0.0,0.0,0.0,0.0,0.0,0.0,0.0,0.095701,1,36.1,bottom 50%
BTCUSDT,2024-01-23,5.0,0–20,0.2481,0.0,0.0,0.0,0.0,0.0,0.0,0.0,0.077978,1,33.4,bottom 50%
BTCUSDT,2024-01-24,4.4,0–20,0.2213,0.0,0.0,0.0,0.0,0.0,0.0,0.0,0.062518,1,30.5,bottom 50%
BTCUSDT,2024-01-25,4.6,0–20,0.2323,0.0,0.0,0.0,0.0,0.0,0.0,0.0,0.078679,1,31.5,bottom 50%
BTCUSDT,2024-01-26,0.6,0–20,0.0277,0.0,0.0,0.0,0.0,0.0,0.0,0.0,0.032738,1,9.4,bottom 50%
BTCUSDT,2024-01-27,0.0,0–20,0.0,0.0,0.0,0.0,0.0,0.0,0.0,0.0,0.020707,1,3.4,bottom 50%
BTCUSDT,2024-01-28,0.1,0–20,0.0072,0.0,0.0,0.0,0.0,0.0,0.0,0.0,0.013036,1,7.0,bottom 50%
BTCUSDT,2024-01-29,0.0,0–20,0.0,0.0,0.0,0.0,0.0,0.0,0.0,0.0,-0.014544,0,3.4,bottom 50%
BTCUSDT,2024-01-30,0.0,0–20,0.0,0.0,0.0,0.0,0.0,0.0,0.0,0.0,0.003075,1,3.4,bottom 50%
BTCUSDT,2024-01-31,0.0,0–20,0.0,0.0,0.0,0.0,0.0,0.0,0.0,0.0,0.040759,1,3.4,bottom 50%
BTCUSDT,2024-02-01,11.7,0–20,0.0,0.0,0.0,0.0,0.9018,0.0,0.0,0.0,0.051672,1,58.4,top 50%
BTCUSDT,2024-02-02,11.7,0–20,0.0,0.0,0.0,0.0,0.9018,0.0,0.0,0.0,0.091728,1,58.4,top 50%
BTCUSDT,2024-02-03,13.0,0–20,0.0,0.0,0.0,0.0,0.9018,0.0,0.0,0.1773,0.11116,1,66.6,top 50%
BTCUSDT,2024-02-04,12.1,0–20,0.0,0.0,0.0,0.0,0.9018,0.0,0.0,0.0514,0.134097,1,60.5,top 50%
BTCUSDT,2024-02-05,11.7,0–20,0.0,0.0,0.0,0.0,0.9018,0.0,0.0,0.0,0.171115,1,58.4,top 50%
BTCUSDT,2024-02-06,12.0,0–20,0.0,0.0,0.0,0.0,0.9018,0.0,0.0,0.039,0.154528,1,60.0,top 50%
BTCUSDT,2024-02-07,13.4,0–20,0.0,0.0,0.0,0.0,0.9018,0.0,0.0,0.2392,0.169422,1,69.6,top 50%
BTCUSDT,2024-02-08,12.9,0–20,0.0,0.0,0.0,0.0,0.9018,0.0,0.0,0.1739,0.146507,1,65.5,top 50%
BTCUSDT,2024-02-09,12.6,0–20,0.0,0.0,0.0,0.0,0.9018,0.0,0.0,0.122,0.106327,1,63.9,top 50%
BTCUSDT,2024-02-10,12.8,0–20,0.0,0.0,0.0,0.0,0.9018,0.0,0.0,0.15,0.081466,1,65.0,top 50%
BTCUSDT,2024-02-11,15.3,0–20,0.0,0.0,0.0,0.0,0.9018,0.0,0.0,0.5075,0.079278,1,81.7,top 25%
BTCUSDT,2024-02-12,16.2,0–20,0.0,0.0,0.0,0.0,0.9018,0.0,0.0,0.6327,0.036449,1,86.7,top 25%
BTCUSDT,2024-02-13,16.7,0–20,0.0,0.0,0.0,0.0,0.9018,0.0,0.0,0.7157,0.051112,1,88.2,top 25%
BTCUSDT,2024-02-14,18.7,0–20,0.0,0.0,0.0,0.0,0.9018,0.0,0.0,0.9928,0.000241,1,94.0,top 10%
BTCUSDT,2024-02-15,17.1,0–20,0.0,0.0,0.0,0.0,0.9018,0.0,0.0,0.7741,-0.012199,0,89.6,top 25%
BTCUSDT,2024-02-16,17.3,0–20,0.0,0.0,0.0,0.0,0.9018,0.0,0.0,0.7916,-0.027382,0,90.1,top 10%
BTCUSDT,2024-02-17,18.5,0–20,0.0,0.0,0.0,0.0,0.9018,0.0,0.0,0.9745,-0.001779,0,93.3,top 10%
BTCUSDT,2024-02-18,17.2,0–20,0.0,0.0,0.0,0.0,0.9018,0.0,0.0,0.7812,-0.007469,0,89.8,top 25%
BTCUSDT,2024-02-19,18.7,0–20,0.0,0.0,0.0,0.0,0.9018,0.0,0.0,1.0,0.05298,1,94.0,top 10%
BTCUSDT,2024-02-20,18.7,0–20,0.0,0.0,0.0,0.0,0.9018,0.0,0.0,1.0,0.091814,1,94.0,top 10%
BTCUSDT,2024-02-21,18.7,0–20,0.0,0.0,0.0,0.0,0.9018,0.0,0.0,1.0,0.205744,1,94.0,top 10%
BTCUSDT,2024-02-22,18.5,0–20,0.0,0.0,0.0,0.0,0.9018,0.0,0.0,0.9747,0.192835,1,93.3,top 10%
BTCUSDT,2024-02-23,18.7,0–20,0.0,0.0,0.0,0.0,0.9018,0.0,0.0,1.0,0.230795,1,94.0,top 10%
BTCUSDT,2024-02-24,18.7,0–20,0.0,0.0,0.0,0.0,0.9018,0.0,0.0,1.0,0.202802,1,94.0,top 10%
BTCUSDT,2024-02-25,18.7,0–20,0.0,0.0,0.0,0.0,0.9018,0.0,0.0,1.0,0.221021,1,94.0,top 10%
BTCUSDT,2024-02-26,18.7,0–20,0.0,0.0,0.0,0.0,0.9018,0.0,0.0,1.0,0.253254,1,94.0,top 10%
BTCUSDT,2024-02-27,17.9,0–20,0.0,0.0,0.0,0.0,0.9018,0.0,0.0,0.8771,0.117645,1,91.5,top 10%
BTCUSDT,2024-02-28,16.9,0–20,0.0,0.0,0.0,0.0,0.9018,0.0,0.0,0.7384,0.057628,1,88.9,top 25%
BTCUSDT,2024-02-29,15.6,0–20,0.0,0.0,0.0,0.0,0.9018,0.0,0.0,0.5567,0.093583,1,83.1,top 25%
BTCUSDT,2024-03-01,3.5,0–20,0.0,0.0,0.0,0.0,0.0,0.0,0.0,0.5005,0.093841,1,26.1,bottom 50%
BTCUSDT,2024-03-02,5.1,0–20,0.0,0.0,0.0,0.0,0.0,0.0,0.0,0.7336,0.104289,1,33.9,bottom 50%
BTCUSDT,2024-03-03,5.5,0–20,0.0,0.0,0.0,0.0,0.0,0.0,0.0,0.7893,0.092649,1,35.4,bottom 50%
BTCUSDT,2024-03-04,7.0,0–20,0.0,0.0,0.0,0.0,0.0,0.0,0.0,1.0,0.055517,1,41.8,bottom 50%
BTCUSDT,2024-03-05,6.6,0–20,0.0,0.0,0.0,0.0,0.0,0.0,0.0,0.9426,0.120375,1,38.5,bottom 50%
BTCUSDT,2024-03-06,7.0,0–20,0.0,0.0,0.0,0.0,0.0,0.0,0.0,1.0,0.105537,1,41.8,bottom 50%
BTCUSDT,2024-03-07,7.0,0–20,0.0,0.0,0.0,0.0,0.0,0.0,0.0,1.0,0.066807,1,41.8,bottom 50%
BTCUSDT,2024-03-08,7.0,0–20,0.0,0.0,0.0,0.0,0.0,0.0,0.0,1.0,0.016159,1,41.8,bottom 50%
BTCUSDT,2024-03-09,7.0,0–20,0.0,0.0,0.0,0.0,0.0,0.0,0.0,1.0,-0.046479,0,41.8,bottom 50%
BTCUSDT,2024-03-10,7.0,0–20,0.0,0.0,0.0,0.0,0.0,0.0,0.0,1.0,-0.009116,0,41.8,bottom 50%
BTCUSDT,2024-03-11,7.0,0–20,0.0,0.0,0.0,0.0,0.0,0.0,0.0,1.0,-0.063437,0,41.8,bottom 50%
BTCUSDT,2024-03-12,7.0,0–20,0.0,0.0,0.0,0.0,0.0,0.0,0.0,1.0,-0.13386,0,41.8,bottom 50%
BTCUSDT,2024-03-13,7.0,0–20,0.0,0.0,0.0,0.0,0.0,0.0,0.0,1.0,-0.070739,0,41.8,bottom 50%
BTCUSDT,2024-03-14,7.0,0–20,0.0,0.0,0.0,0.0,0.0,0.0,0.0,1.0,-0.08271,0,41.8,bottom 50%
BTCUSDT,2024-03-15,9.3,0–20,0.0,0.0,0.0,0.0,0.0,0.0,0.3272,1.0,-0.081048,0,50.4,top 50%
BTCUSDT,2024-03-16,7.0,0–20,0.0,0.0,0.0,0.0,0.0,0.0,0.0,1.0,-0.019183,0,41.8,bottom 50%
BTCUSDT,2024-03-17,7.0,0–20,0.0,0.0,0.0,0.0,0.0,0.0,0.0,1.0,-0.01691,0,41.8,bottom 50%
BTCUSDT,2024-03-18,7.0,0–20,0.0,0.0,0.0,0.0,0.0,0.0,0.0,1.0,0.035681,1,41.8,bottom 50%
BTCUSDT,2024-03-19,8.0,0–20,0.0669,0.0,0.0,0.0,0.0,0.0,0.3365,0.6168,0.130426,1,47.2,bottom 50%
BTCUSDT,2024-03-20,4.6,0–20,0.0,0.0,0.0,0.0,0.0,0.0,0.0,0.656,0.0227,1,31.5,bottom 50%
BTCUSDT,2024-03-21,1.6,0–20,0.0,0.0,0.0,0.0,0.0,0.0,0.0,0.2308,0.080218,1,15.4,bottom 50%
BTCUSDT,2024-03-22,3.5,0–20,0.01,0.0,0.0,0.0,0.0,0.0,0.0,0.4781,0.095864,1,26.1,bottom 50%
BTCUSDT,2024-03-23,2.3,0–20,0.0004,0.0,0.0,0.0,0.0,0.0,0.0,0.3289,0.087151,1,19.6,bottom 50%
BTCUSDT,2024-03-24,0.0,0–20,0.0,0.0,0.0,0.0,0.0,0.0,0.0,0.0,0.060973,1,3.4,bottom 50%
BTCUSDT,2024-03-25,2.3,0–20,0.0,0.0,0.0,0.0,0.0,0.0,0.0,0.332,-0.003669,0,19.6,bottom 50%
BTCUSDT,2024-03-26,0.0,0–20,0.0,0.0,0.0,0.0,0.0,0.0,0.0,0.0,-0.064881,0,3.4,bottom 50%
BTCUSDT,2024-03-27,0.0,0–20,0.0,0.0,0.0,0.0,0.0,0.0,0.0,0.0,-0.050025,0,3.4,bottom 50%
BTCUSDT,2024-03-28,0.0,0–20,0.0,0.0,0.0,0.0,0.0,0.0,0.0,0.0,-0.031608,0,3.4,bottom 50%
BTCUSDT,2024-03-29,0.0,0–20,0.0,0.0,0.0,0.0,0.0,0.0,0.0,0.0,-0.029405,0,3.4,bottom 50%
BTCUSDT,2024-03-30,0.5,0–20,0.0,0.0,0.0,0.0,0.0,0.0,0.0,0.0677,-0.010757,0,8.9,bottom 50%
BTCUSDT,2024-03-31,0.0,0–20,0.0,0.0,0.0,0.0,0.0,0.0,0.0,0.0,-0.027632,0,3.4,bottom 50%
BTCUSDT,2024-04-01,11.0,0–20,0.0,0.0,0.0,0.0,0.8454,0.0,0.0,0.0,0.027678,1,54.9,top 50%
BTCUSDT,2024-04-02,12.1,0–20,0.0543,0.0,0.0,0.0,0.8454,0.0,0.0,0.0,0.056413,1,60.5,top 50%
BTCUSDT,2024-04-03,11.6,0–20,0.0321,0.0,0.0,0.0,0.8454,0.0,0.0,0.0,0.069824,1,57.5,top 50%
BTCUSDT,2024-04-04,11.1,0–20,0.0,0.0,0.0,0.0,0.8454,0.0,0.0,0.0171,0.022651,1,55.9,top 50%
BTCUSDT,2024-04-05,14.1,0–20,0.0,0.0,0.0,0.0,0.8454,0.0,0.0,0.4382,-0.00946,0,73.6,top 50%
BTCUSDT,2024-04-06,11.7,0–20,0.0,0.0,0.0,0.0,0.8454,0.0,0.0,0.0948,-0.073656,0,58.4,top 50%
BTCUSDT,2024-04-07,11.0,0–20,0.0,0.0,0.0,0.0,0.8454,0.0,0.0,0.0,-0.052245,0,54.9,top 50%
BTCUSDT,2024-04-08,13.5,0–20,0.0,0.0,0.0,0.0,0.8454,0.0,0.0,0.3567,-0.114547,0,70.3,top 50%
BTCUSDT,2024-04-09,11.3,0–20,0.0,0.0,0.0,0.0,0.8454,0.0,0.0,0.0442,-0.07705,0,56.5,top 50%
BTCUSDT,2024-04-10,12.3,0–20,0.0,0.0,0.0,0.0,0.8454,0.0,0.0,0.1864,-0.131909,0,61.9,top 50%
BTCUSDT,2024-04-11,13.8,0–20,0.0,0.0,0.0,0.0,0.8454,0.0,0.0,0.408,-0.09346,0,72.1,top 50%
BTCUSDT,2024-04-12,16.3,0–20,0.0346,0.0,0.0,0.0,0.8454,0.0,0.2537,0.4008,-0.049888,0,87.1,top 25%
BTCUSDT,2024-04-13,23.0,20–40,0.161,0.1874,0.0,0.0,0.8454,0.0,0.5595,0.2914,0.018379,1,98.6,top 10%
BTCUSDT,2024-04-14,15.3,0–20,0.0749,0.0,0.0,0.0,0.8454,0.0,0.3951,0.0,-0.012353,0,81.7,top 25%
BTCUSDT,2024-04-15,14.8,0–20,0.1562,0.0267,0.0,0.0,0.8454,0.0,0.0,0.0385,0.053786,1,78.8,top 25%
BTCUSDT,2024-04-16,14.0,0–20,0.1382,0.0,0.0,0.0,0.8454,0.0,0.0,0.0397,0.040673,1,73.1,top 50%
BTCUSDT,2024-04-17,16.3,0–20,0.2237,0.0583,0.0,0.0,0.8454,0.0,0.0,0.0,0.048962,1,87.1,top 25%
BTCUSDT,2024-04-18,13.4,0–20,0.1184,0.0,0.0,0.0,0.8454,0.0,0.0,0.0,0.015256,1,69.6,top 50%
BTCUSDT,2024-04-19,13.1,0–20,0.1032,0.0,0.0,0.0,0.8454,0.0,0.0,0.0,-0.001382,0,67.8,top 50%
BTCUSDT,2024-04-20,12.0,0–20,0.05,0.0,0.0,0.0,0.8454,0.0,0.0,0.0,-0.024237,0,60.0,top 50%
BTCUSDT,2024-04-21,12.0,0–20,0.0529,0.0,0.0,0.0,0.8454,0.0,0.0,0.0,-0.02793,0,60.0,top 50%
BTCUSDT,2024-04-22,11.0,0–20,0.0,0.0,0.0,0.0,0.8454,0.0,0.0,0.0,-0.044833,0,54.9,top 50%
BTCUSDT,2024-04-23,11.0,0–20,0.0,0.0,0.0,0.0,0.8454,0.0,0.0,0.0,-0.086894,0,54.9,top 50%
BTCUSDT,2024-04-24,12.7,0–20,0.083,0.0,0.0,0.0,0.8454,0.0,0.0,0.0,-0.093702,0,64.5,top 50%
BTCUSDT,2024-04-25,12.4,0–20,0.0723,0.0,0.0,0.0,0.8454,0.0,0.0,0.0,-0.083098,0,62.9,top 50%
BTCUSDT,2024-04-26,13.1,0–20,0.1062,0.0,0.0,0.0,0.8454,0.0,0.0,0.0,-0.013575,0,67.8,top 50%
BTCUSDT,2024-04-27,13.4,0–20,0.1222,0.0,0.0,0.0,0.8454,0.0,0.0,0.0,0.007448,1,69.6,top 50%
BTCUSDT,2024-04-28,13.7,0–20,0.1373,0.0,0.0,0.0,0.8454,0.0,0.0,0.0,0.014544,1,71.5,top 50%
BTCUSDT,2024-04-29,12.8,0–20,0.0892,0.0,0.0,0.0,0.8454,0.0,0.0,0.0,-0.010638,0,65.0,top 50%
BTCUSDT,2024-04-30,15.8,0–20,0.2414,0.0,0.0,0.0,0.8454,0.0,0.0,0.0,0.028002,1,85.3,top 25%
BTCUSDT,2024-05-01,20.4,20–40,0.3309,0.2328,0.0,0.0,0.5591,0.0,0.43,0.0,0.050364,1,97.4,top 10%
BTCUSDT,2024-05-02,12.7,0–20,0.2719,0.0,0.0,0.0,0.5591,0.0,0.0,0.0,0.066412,1,64.5,top 50%
BTCUSDT,2024-05-03,8.3,0–20,0.054,0.0,0.0,0.0,0.5591,0.0,0.0,0.0,-0.033345,0,47.9,bottom 50%
BTCUSDT,2024-05-04,7.4,0–20,0.0047,0.0,0.0,0.0,0.5591,0.0,0.0,0.0,-0.048485,0,45.9,bottom 50%
BTCUSDT,2024-05-05,7.3,0–20,0.0,0.0,0.0,0.0,0.5591,0.0,0.0,0.0,-0.040336,0,45.2,bottom 50%
BTCUSDT,2024-05-06,8.1,0–20,0.0425,0.0,0.0,0.0,0.5591,0.0,0.0,0.0,-0.004124,0,47.5,bottom 50%
BTCUSDT,2024-05-07,9.0,0–20,0.0844,0.0,0.0,0.0,0.5591,0.0,0.0,0.0,-0.012546,0,49.7,bottom 50%
BTCUSDT,2024-05-08,10.1,0–20,0.1405,0.0,0.0,0.0,0.5591,0.0,0.0,0.0,0.083016,1,52.4,top 50%
BTCUSDT,2024-05-09,7.9,0–20,0.0301,0.0,0.0,0.0,0.5591,0.0,0.0,0.0037,0.034601,1,46.9,bottom 50%
BTCUSDT,2024-05-10,10.0,0–20,0.1389,0.0,0.0,0.0,0.5591,0.0,0.0,0.0,0.102958,1,52.1,top 50%
BTCUSDT,2024-05-11,10.0,0–20,0.1389,0.0,0.0,0.0,0.5591,0.0,0.0,0.0,0.101114,1,52.1,top 50%
BTCUSDT,2024-05-12,9.2,0–20,0.0974,0.0,0.0,0.0,0.5591,0.0,0.0,0.0,0.078602,1,50.2,top 50%
BTCUSDT,2024-05-13,7.5,0–20,0.0096,0.0,0.0,0.0,0.5591,0.0,0.0,0.0,0.135875,1,46.0,bottom 50%
BTCUSDT,2024-05-14,8.9,0–20,0.083,0.0,0.0,0.0,0.5591,0.0,0.0,0.0,0.139453,1,49.4,bottom 50%
BTCUSDT,2024-05-15,7.3,0–20,0.0,0.0,0.0,0.0,0.5591,0.0,0.0,0.0,0.043081,1,45.2,bottom 50%
BTCUSDT,2024-05-16,7.3,0–20,0.0,0.0,0.0,0.0,0.5591,0.0,0.0,0.0,0.04136,1,45.2,bottom 50%
BTCUSDT,2024-05-17,7.3,0–20,0.0,0.0,0.0,0.0,0.5591,0.0,0.0,0.0,0.021986,1,45.2,bottom 50%
BTCUSDT,2024-05-18,7.3,0–20,0.0,0.0,0.0,0.0,0.5591,0.0,0.0,0.0,0.034734,1,45.2,bottom 50%
BTCUSDT,2024-05-19,7.3,0–20,0.0,0.0,0.0,0.0,0.5591,0.0,0.0,0.0,0.033793,1,45.2,bottom 50%
BTCUSDT,2024-05-20,10.8,0–20,0.0,0.0,0.0,0.0,0.5591,0.0,0.0,0.5006,-0.028743,0,53.9,top 50%
BTCUSDT,2024-05-21,11.8,0–20,0.0,0.0,0.0,0.0,0.5591,0.0,0.0,0.6439,-0.026239,0,59.2,top 50%
BTCUSDT,2024-05-22,12.1,0–20,0.0,0.0,0.0,0.0,0.5591,0.0,0.0,0.6912,-0.022341,0,60.5,top 50%
BTCUSDT,2024-05-23,12.4,0–20,0.0,0.0,0.0,0.0,0.5591,0.0,0.3993,0.3268,0.00641,1,62.9,top 50%
BTCUSDT,2024-05-24,8.6,0–20,0.0,0.0,0.0,0.0,0.5591,0.0,0.0,0.1931,-0.015099,0,48.3,bottom 50%
BTCUSDT,2024-05-25,11.2,0–20,0.0,0.0,0.0,0.0,0.5591,0.0,0.0,0.5615,-0.022508,0,56.2,top 50%
BTCUSDT,2024-05-26,11.0,0–20,0.0,0.0,0.0,0.0,0.5591,0.0,0.0,0.5394,-0.011187,0,54.9,top 50%
BTCUSDT,2024-05-27,11.1,0–20,0.0,0.0,0.0,0.0,0.5591,0.0,0.0,0.5466,-0.008499,0,55.9,top 50%
BTCUSDT,2024-05-28,11.1,0–20,0.0,0.0,0.0,0.0,0.5591,0.0,0.0,0.5539,0.03326,1,55.9,top 50%
BTCUSDT,2024-05-29,10.3,0–20,0.0,0.0,0.0,0.0,0.5591,0.0,0.0,0.4283,0.051862,1,52.7,top 50%
BTCUSDT,2024-05-30,12.1,0–20,0.0,0.0,0.0,0.0,0.5591,0.0,0.0,0.6878,0.034991,1,60.5,top 50%
BTCUSDT,2024-05-31,11.6,0–20,0.0,0.0,0.0,0.0,0.5591,0.0,0.0,0.6258,0.027428,1,57.5,top 50%
BTCUSDT,2024-06-01,4.4,0–20,0.0,0.0,0.0,0.0,0.0,0.0,0.0,0.6308,0.023614,1,30.5,bottom 50%
BTCUSDT,2024-06-02,3.0,0–20,0.0,0.0,0.0,0.0,0.0,0.0,0.0,0.4254,0.02799,1,23.4,bottom 50%
BTCUSDT,2024-06-03,3.5,0–20,0.0,0.0,0.0,0.0,0.0,0.0,0.0,0.4983,0.010283,1,26.1,bottom 50%
BTCUSDT,2024-06-04,1.1,0–20,0.0,0.0,0.0,0.0,0.0,0.0,0.0,0.1634,-0.045853,0,12.2,bottom 50%
BTCUSDT,2024-06-05,1.3,0–20,0.0,0.0,0.0,0.0,0.0,0.0,0.0,0.1824,-0.039976,0,13.4,bottom 50%
BTCUSDT,2024-06-06,0.4,0–20,0.0,0.0,0.0,0.0,0.0,0.0,0.0,0.051,-0.056542,0,8.4,bottom 50%
BTCUSDT,2024-06-07,0.4,0–20,0.0,0.0,0.0,0.0,0.0,0.0,0.0,0.062,-0.048044,0,8.4,bottom 50%
BTCUSDT,2024-06-08,1.3,0–20,0.0,0.0,0.0,0.0,0.0,0.0,0.0,0.192,-0.044942,0,13.4,bottom 50%
BTCUSDT,2024-06-09,0.0,0–20,0.0,0.0,0.0,0.0,0.0,0.0,0.0,0.0,-0.043202,0,3.4,bottom 50%
BTCUSDT,2024-06-10,0.5,0–20,0.0,0.0,0.0,0.0,0.0,0.0,0.0,0.066,-0.043474,0,8.9,bottom 50%
BTCUSDT,2024-06-11,4.2,0–20,0.0643,0.0,0.0,0.0,0.0,0.0,0.3014,0.1125,-0.032544,0,29.6,bottom 50%
BTCUSDT,2024-06-12,2.4,0–20,0.0,0.0,0.0,0.0,0.0,0.0,0.2357,0.1024,-0.048078,0,20.3,bottom 50%
BTCUSDT,2024-06-13,2.4,0–20,0.0993,0.0,0.0,0.0,0.0,0.0,0.0,0.0548,-0.028877,0,20.3,bottom 50%
BTCUSDT,2024-06-14,3.1,0–20,0.1481,0.0,0.0,0.0,0.0,0.0,0.0,0.0261,-0.029009,0,24.0,bottom 50%
BTCUSDT,2024-06-15,3.1,0–20,0.1321,0.0,0.0,0.0,0.0,0.0,0.0,0.0691,-0.029285,0,24.0,bottom 50%
BTCUSDT,2024-06-16,1.8,0–20,0.0915,0.0,0.0,0.0,0.0,0.0,0.0,0.0,-0.051895,0,16.5,bottom 50%
BTCUSDT,2024-06-17,2.1,0–20,0.103,0.0,0.0,0.0,0.0,0.0,0.0,0.0,-0.09344,0,18.2,bottom 50%
BTCUSDT,2024-06-18,4.0,0–20,0.2018,0.0,0.0,0.0,0.0,0.0,0.0,0.0,-0.051214,0,28.9,bottom 50%
BTCUSDT,2024-06-19,4.3,0–20,0.2143,0.0,0.0,0.0,0.0,0.0,0.0,0.0,-0.06387,0,30.0,bottom 50%
BTCUSDT,2024-06-20,4.5,0–20,0.2238,0.0,0.0,0.0,0.0,0.0,0.0,0.0,-0.049729,0,31.0,bottom 50%
BTCUSDT,2024-06-21,5.5,0–20,0.2763,0.0,0.0,0.0,0.0,0.0,0.0,0.0,-0.058912,0,35.4,bottom 50%
BTCUSDT,2024-06-22,5.1,0–20,0.2568,0.0,0.0,0.0,0.0,0.0,0.0,0.0,-0.052375,0,33.9,bottom 50%
BTCUSDT,2024-06-23,6.6,0–20,0.3323,0.0,0.0,0.0,0.0,0.0,0.0,0.0,-0.007953,0,38.5,bottom 50%
BTCUSDT,2024-06-24,15.1,0–20,0.485,0.1087,0.0,0.0,0.0,0.0,0.5339,0.0,0.042712,1,80.7,top 25%
BTCUSDT,2024-06-25,6.3,0–20,0.3147,0.0,0.0,0.0,0.0,0.0,0.0,0.0,0.00363,1,37.7,bottom 50%
BTCUSDT,2024-06-26,7.3,0–20,0.3656,0.0,0.0,0.0,0.0,0.0,0.0,0.0,-0.010481,0,45.2,bottom 50%
BTCUSDT,2024-06-27,5.7,0–20,0.2835,0.0,0.0,0.0,0.0,0.0,0.0,0.0,-0.075109,0,36.1,bottom 50%
BTCUSDT,2024-06-28,7.0,0–20,0.3515,0.0,0.0,0.0,0.0,0.0,0.0,0.0,-0.060639,0,41.8,bottom 50%
BTCUSDT,2024-06-29,5.9,0–20,0.2932,0.0,0.0,0.0,0.0,0.0,0.0,0.0,-0.042436,0,36.7,bottom 50%
BTCUSDT,2024-06-30,2.6,0–20,0.1277,0.0,0.0,0.0,0.0,0.0,0.0,0.0,-0.108956,0,21.5,bottom 50%
BTCUSDT,2024-07-01,14.6,0–20,0.1128,0.0,0.0,0.0,0.9458,0.0,0.0,0.0,-0.097799,0,77.8,top 25%
BTCUSDT,2024-07-02,15.7,0–20,0.1687,0.0,0.0,0.0,0.9458,0.0,0.0,0.0,-0.064805,0,84.2,top 25%
BTCUSDT,2024-07-03,17.9,0–20,0.2791,0.0,0.0,0.0,0.9458,0.0,0.0,0.0,-0.040407,0,91.5,top 10%
BTCUSDT,2024-07-04,26.7,20–40,0.4216,0.1005,0.0,0.0,0.9458,0.0,0.6405,0.0,0.006445,1,99.7,top 10%
BTCUSDT,2024-07-05,27.1,20–40,0.4335,0.0204,0.0,0.0,0.9458,0.0,0.8259,0.0,0.021833,1,99.7,top 10%
BTCUSDT,2024-07-06,18.0,0–20,0.2853,0.0,0.0,0.0,0.9458,0.0,0.0,0.0,0.015924,1,92.0,top 10%
BTCUSDT,2024-07-07,20.0,20–40,0.3873,0.0,0.0,0.0,0.9458,0.0,0.0,0.0,0.088429,1,96.6,top 10%
BTCUSDT,2024-07-08,18.6,0–20,0.3167,0.0,0.0,0.0,0.9458,0.0,0.0,0.0,0.143992,1,93.5,top 10%
BTCUSDT,2024-07-09,16.6,0–20,0.2153,0.0,0.0,0.0,0.9458,0.0,0.0,0.0,0.122186,1,88.0,top 25%
BTCUSDT,2024-07-10,16.9,0–20,0.2284,0.0,0.0,0.0,0.9458,0.0,0.0,0.0,0.110426,1,88.9,top 25%
BTCUSDT,2024-07-11,17.3,0–20,0.2485,0.0,0.0,0.0,0.9458,0.0,0.0,0.0,0.115601,1,90.1,top 10%
BTCUSDT,2024-07-12,16.3,0–20,0.2014,0.0,0.0,0.0,0.9458,0.0,0.0,0.0,0.152172,1,87.1,top 25%
BTCUSDT,2024-07-13,14.2,0–20,0.0946,0.0,0.0,0.0,0.9458,0.0,0.0,0.0,0.133909,1,74.2,top 50%
BTCUSDT,2024-07-14,12.3,0–20,0.0,0.0,0.0,0.0,0.9458,0.0,0.0,0.0,0.121188,1,61.9,top 50%
BTCUSDT,2024-07-15,12.3,0–20,0.0,0.0,0.0,0.0,0.9458,0.0,0.0,0.0,0.041854,1,61.9,top 50%
BTCUSDT,2024-07-16,12.3,0–20,0.0,0.0,0.0,0.0,0.9458,0.0,0.0,0.0,0.012758,1,61.9,top 50%
BTCUSDT,2024-07-17,12.3,0–20,0.0,0.0,0.0,0.0,0.9458,0.0,0.0,0.0,0.019547,1,61.9,top 50%
BTCUSDT,2024-07-18,12.3,0–20,0.0,0.0,0.0,0.0,0.9458,0.0,0.0,0.0,0.028186,1,61.9,top 50%
BTCUSDT,2024-07-19,12.3,0–20,0.0,0.0,0.0,0.0,0.9458,0.0,0.0,0.0,0.018017,1,61.9,top 50%
BTCUSDT,2024-07-20,13.6,0–20,0.0,0.0,0.0,0.0,0.9458,0.0,0.0,0.181,0.009673,1,70.9,top 50%
BTCUSDT,2024-07-21,13.6,0–20,0.0,0.0,0.0,0.0,0.9458,0.0,0.0,0.187,0.001487,1,70.9,top 50%
BTCUSDT,2024-07-22,13.5,0–20,0.0,0.0,0.0,0.0,0.9458,0.0,0.0,0.1776,-0.011324,0,70.3,top 50%
BTCUSDT,2024-07-23,14.6,0–20,0.0,0.0,0.0,0.0,0.9458,0.0,0.0,0.3254,0.004146,1,77.8,top 25%
BTCUSDT,2024-07-24,18.2,0–20,0.0,0.0,0.0,0.0,0.9458,0.0,0.0,0.8369,-0.011517,0,92.8,top 10%
BTCUSDT,2024-07-25,18.6,0–20,0.0,0.0,0.0,0.0,0.9458,0.0,0.0,0.9075,-0.006381,0,93.5,top 10%
BTCUSDT,2024-07-26,18.2,0–20,0.0,0.0,0.0,0.0,0.9458,0.0,0.0,0.8418,-0.095668,0,92.8,top 10%
BTCUSDT,2024-07-27,19.3,0–20,0.0,0.0,0.0,0.0,0.9458,0.0,0.0,1.0,-0.105189,0,95.3,top 10%
BTCUSDT,2024-07-28,18.2,0–20,0.0,0.0,0.0,0.0,0.9458,0.0,0.0,0.8419,-0.148542,0,92.8,top 10%
BTCUSDT,2024-07-29,16.8,0–20,0.0,0.0,0.0,0.0,0.9458,0.0,0.0,0.6487,-0.191986,0,88.5,top 25%
BTCUSDT,2024-07-30,17.2,0–20,0.0,0.0,0.0,0.0,0.9458,0.0,0.0,0.7002,-0.153573,0,89.8,top 25%
BTCUSDT,2024-07-31,18.6,0–20,0.0089,0.0,0.0,0.0,0.9458,0.0,0.0,0.8767,-0.148435,0,93.5,top 10%
BTCUSDT,2024-08-01,5.8,0–20,0.0,0.0,0.0,0.0,0.0,0.0,0.0,0.8251,-0.055806,0,36.4,bottom 50%
BTCUSDT,2024-08-02,11.6,0–20,0.192,0.0262,0.0,0.0,0.0,0.0,0.3702,0.6854,-0.00871,0,57.5,top 50%
BTCUSDT,2024-08-03,9.8,0–20,0.2268,0.139,0.0,0.0,0.0,0.0,0.0,0.4506,0.004379,1,51.7,top 50%
BTCUSDT,2024-08-04,10.8,0–20,0.3346,0.2346,0.0,0.0,0.0,0.0,0.0,0.0901,0.010367,1,53.9,top 50%
BTCUSDT,2024-08-05,20.9,20–40,0.464,0.3091,0.0,0.0,0.0,0.0,1.0,0.0,0.099332,1,97.7,top 10%
BTCUSDT,2024-08-06,9.8,0–20,0.3264,0.0,0.0,0.0,0.0,0.0,0.3901,0.0828,0.081651,1,51.7,top 50%
BTCUSDT,2024-08-07,7.2,0–20,0.3584,0.0,0.0,0.0,0.0,0.0,0.0,0.0,0.067417,1,44.6,bottom 50%
BTCUSDT,2024-08-08,0.3,0–20,0.014,0.0,0.0,0.0,0.0,0.0,0.0,0.0,-0.067251,0,7.9,bottom 50%
BTCUSDT,2024-08-09,0.9,0–20,0.0463,0.0,0.0,0.0,0.0,0.0,0.0,0.0,-0.032622,0,11.0,bottom 50%
BTCUSDT,2024-08-10,0.9,0–20,0.0434,0.0,0.0,0.0,0.0,0.0,0.0,0.0,-0.024068,0,11.0,bottom 50%
BTCUSDT,2024-08-11,2.6,0–20,0.1318,0.0,0.0,0.0,0.0,0.0,0.0,0.0,-0.004011,0,21.5,bottom 50%
BTCUSDT,2024-08-12,2.0,0–20,0.1005,0.0,0.0,0.0,0.0,0.0,0.0,0.0,0.002341,1,17.5,bottom 50%
BTCUSDT,2024-08-13,0.8,0–20,0.0395,0.0,0.0,0.0,0.0,0.0,0.0,0.0,-0.026345,0,10.5,bottom 50%
BTCUSDT,2024-08-14,2.4,0–20,0.1181,0.0,0.0,0.0,0.0,0.0,0.0,0.0,0.041506,1,20.3,bottom 50%
BTCUSDT,2024-08-15,3.3,0–20,0.1644,0.0,0.0,0.0,0.0,0.0,0.0,0.0,0.049024,1,25.2,bottom 50%
BTCUSDT,2024-08-16,1.9,0–20,0.0943,0.0,0.0,0.0,0.0,0.0,0.0,0.0,0.088298,1,17.1,bottom 50%
BTCUSDT,2024-08-17,1.3,0–20,0.064,0.0,0.0,0.0,0.0,0.0,0.0,0.0,0.07902,1,13.4,bottom 50%
BTCUSDT,2024-08-18,2.2,0–20,0.1091,0.0,0.0,0.0,0.0,0.0,0.0,0.0,0.10002,1,18.8,bottom 50%
BTCUSDT,2024-08-19,1.1,0–20,0.0537,0.0,0.0,0.0,0.0,0.0,0.0,0.0,0.056934,1,12.2,bottom 50%
BTCUSDT,2024-08-20,1.5,0–20,0.0773,0.0,0.0,0.0,0.0,0.0,0.0,0.0,0.008326,1,14.8,bottom 50%
BTCUSDT,2024-08-21,0.0,0–20,0.0,0.0,0.0,0.0,0.0,0.0,0.0,0.0,-0.035105,0,3.4,bottom 50%
BTCUSDT,2024-08-22,0.1,0–20,0.0035,0.0,0.0,0.0,0.0,0.0,0.0,0.0,-0.016457,0,7.0,bottom 50%
BTCUSDT,2024-08-23,0.0,0–20,0.0,0.0,0.0,0.0,0.0,0.0,0.0,0.0,-0.077618,0,3.4,bottom 50%
BTCUSDT,2024-08-24,0.9,0–20,0.0,0.0,0.0,0.0,0.0,0.0,0.0,0.1277,-0.081165,0,11.0,bottom 50%
BTCUSDT,2024-08-25,3.5,0–20,0.0,0.0,0.0,0.0,0.0,0.0,0.0,0.5069,-0.108933,0,26.1,bottom 50%
BTCUSDT,2024-08-26,3.3,0–20,0.0,0.0,0.0,0.0,0.0,0.0,0.0,0.4715,-0.059926,0,25.2,bottom 50%
BTCUSDT,2024-08-27,7.8,0–20,0.086,0.0,0.0,0.0,0.0,0.0,0.3946,0.4795,-0.03484,0,46.6,bottom 50%
BTCUSDT,2024-08-28,6.6,0–20,0.1077,0.0,0.0,0.0,0.0,0.0,0.4501,0.1779,-0.017891,0,38.5,bottom 50%
BTCUSDT,2024-08-29,3.5,0–20,0.0867,0.0,0.0,0.0,0.0,0.0,0.0,0.2507,-0.054349,0,26.1,bottom 50%
BTCUSDT,2024-08-30,3.8,0–20,0.1004,0.0,0.0,0.0,0.0,0.0,0.0,0.2554,-0.087462,0,27.8,bottom 50%
BTCUSDT,2024-08-31,4.5,0–20,0.1084,0.0,0.0,0.0,0.0,0.0,0.0,0.3323,-0.08191,0,31.0,bottom 50%
BTCUSDT,2024-09-01,4.0,0–20,0.1937,0.0,0.0,0.0,0.0,0.0,0.0,0.0121,-0.04333,0,28.9,bottom 50%
BTCUSDT,2024-09-02,1.5,0–20,0.0735,0.0,0.0,0.0,0.0,0.0,0.0,0.0,-0.035406,0,14.8,bottom 50%
BTCUSDT,2024-09-03,3.6,0–20,0.1593,0.0,0.0,0.0,0.0,0.0,0.0,0.0536,0.00379,1,26.7,bottom 50%
BTCUSDT,2024-09-04,3.4,0–20,0.1233,0.0,0.0,0.0,0.0,0.0,0.0,0.1328,-0.010839,0,25.6,bottom 50%
BTCUSDT,2024-09-05,4.3,0–20,0.2116,0.0,0.0,0.0,0.0,0.0,0.0,0.0061,0.035016,1,30.0,bottom 50%
BTCUSDT,2024-09-06,10.2,0–20,0.3038,0.0359,0.0,0.0,0.0,0.0,0.5091,0.0,0.122756,1,52.5,top 50%
BTCUSDT,2024-09-07,6.1,0–20,0.2898,0.0,0.0,0.0,0.0,0.0,0.0,0.0492,0.108339,1,37.2,bottom 50%
BTCUSDT,2024-09-08,4.7,0–20,0.2371,0.0,0.0,0.0,0.0,0.0,0.0,0.0,0.07916,1,31.9,bottom 50%
BTCUSDT,2024-09-09,1.8,0–20,0.0885,0.0,0.0,0.0,0.0,0.0,0.0,0.0,0.020571,1,16.5,bottom 50%
BTCUSDT,2024-09-10,1.0,0–20,0.0493,0.0,0.0,0.0,0.0,0.0,0.0,0.0,0.046139,1,11.6,bottom 50%
BTCUSDT,2024-09-11,1.3,0–20,0.0669,0.0,0.0,0.0,0.0,0.0,0.0,0.0,0.075101,1,13.4,bottom 50%
BTCUSDT,2024-09-12,0.3,0–20,0.015,0.0,0.0,0.0,0.0,0.0,0.0,0.0,0.082809,1,7.9,bottom 50%
BTCUSDT,2024-09-13,0.0,0–20,0.0,0.0,0.0,0.0,0.0,0.0,0.0,0.0,0.043282,1,3.4,bottom 50%
BTCUSDT,2024-09-14,0.0,0–20,0.0,0.0,0.0,0.0,0.0,0.0,0.0,0.0,0.05649,1,3.4,bottom 50%
BTCUSDT,2024-09-15,0.0,0–20,0.0,0.0,0.0,0.0,0.0,0.0,0.0,0.0,0.075459,1,3.4,bottom 50%
BTCUSDT,2024-09-16,0.6,0–20,0.0287,0.0,0.0,0.0,0.0,0.0,0.0,0.0,0.088281,1,9.4,bottom 50%
BTCUSDT,2024-09-17,0.0,0–20,0.0,0.0,0.0,0.0,0.0,0.0,0.0,0.0,0.066217,1,3.4,bottom 50%
BTCUSDT,2024-09-18,0.7,0–20,0.0,0.0,0.0,0.0,0.0,0.0,0.0,0.1014,0.024225,1,9.9,bottom 50%
BTCUSDT,2024-09-19,0.5,0–20,0.0,0.0,0.0,0.0,0.0,0.0,0.0,0.0786,0.035598,1,8.9,bottom 50%
BTCUSDT,2024-09-20,0.1,0–20,0.0,0.0,0.0,0.0,0.0,0.0,0.0,0.0193,0.041107,1,7.0,bottom 50%
BTCUSDT,2024-09-21,0.6,0–20,0.0,0.0,0.0,0.0,0.0,0.0,0.0,0.0824,0.039322,1,9.4,bottom 50%
BTCUSDT,2024-09-22,0.7,0–20,0.0,0.0,0.0,0.0,0.0,0.0,0.0,0.1068,0.031212,1,9.9,bottom 50%
BTCUSDT,2024-09-23,2.6,0–20,0.0,0.0,0.0,0.0,0.0,0.0,0.0,0.3773,-5e-06,0,21.5,bottom 50%
BTCUSDT,2024-09-24,3.1,0–20,0.0,0.0,0.0,0.0,0.0,0.0,0.0,0.4378,-0.053886,0,24.0,bottom 50%
BTCUSDT,2024-09-25,4.4,0–20,0.0,0.0,0.0,0.0,0.0,0.0,0.0,0.6256,-0.039757,0,30.5,bottom 50%
BTCUSDT,2024-09-26,6.3,0–20,0.0,0.0,0.0,0.0,0.0,0.0,0.0,0.9001,-0.067836,0,37.7,bottom 50%
BTCUSDT,2024-09-27,6.4,0–20,0.0,0.0,0.0,0.0,0.0,0.0,0.0,0.9077,-0.056591,0,38.0,bottom 50%
BTCUSDT,2024-09-28,5.6,0–20,0.0,0.0,0.0,0.0,0.0,0.0,0.0,0.8051,-0.057639,0,35.7,bottom 50%
BTCUSDT,2024-09-29,4.6,0–20,0.0,0.0,0.0,0.0,0.0,0.0,0.0,0.6518,-0.042909,0,31.5,bottom 50%
BTCUSDT,2024-09-30,3.3,0–20,0.0,0.0,0.0,0.0,0.0,0.0,0.0,0.478,-0.017256,0,25.2,bottom 50%
BTCUSDT,2024-10-01,23.1,20–40,0.0811,0.0,0.0,0.0,1.0,0.0,0.5709,0.6379,0.021286,1,98.7,top 10%
BTCUSDT,2024-10-02,22.0,20–40,0.0937,0.0,0.0,0.0,1.0,0.0,0.4034,0.6075,-0.000836,0,98.1,top 10%
BTCUSDT,2024-10-03,17.5,0–20,0.0838,0.0,0.0,0.0,1.0,0.0,0.0,0.4047,-0.007981,0,90.5,top 10%
BTCUSDT,2024-10-04,16.1,0–20,0.0,0.0,0.0,0.0,1.0,0.0,0.0,0.4436,0.006084,1,86.3,top 25%
BTCUSDT,2024-10-05,15.4,0–20,0.0,0.0,0.0,0.0,1.0,0.0,0.0,0.3435,0.017766,1,82.1,top 25%
BTCUSDT,2024-10-06,14.6,0–20,0.0,0.0,0.0,0.0,1.0,0.0,0.0,0.2346,0.000516,1,77.8,top 25%
BTCUSDT,2024-10-07,13.2,0–20,0.0,0.0,0.0,0.0,1.0,0.0,0.0,0.0276,0.061209,1,68.4,top 50%
BTCUSDT,2024-10-08,13.0,0–20,0.0,0.0,0.0,0.0,1.0,0.0,0.0,0.0,0.079012,1,66.6,top 50%
BTCUSDT,2024-10-09,15.2,0–20,0.1108,0.0,0.0,0.0,1.0,0.0,0.0,0.0,0.116051,1,81.3,top 25%
BTCUSDT,2024-10-10,15.7,0–20,0.1337,0.0,0.0,0.0,1.0,0.0,0.0,0.0,0.118215,1,84.2,top 25%
BTCUSDT,2024-10-11,13.0,0–20,0.0,0.0,0.0,0.0,1.0,0.0,0.0,0.0,0.095663,1,66.6,top 50%
BTCUSDT,2024-10-12,13.0,0–20,0.0,0.0,0.0,0.0,1.0,0.0,0.0,0.0,0.081808,1,66.6,top 50%
BTCUSDT,2024-10-13,13.0,0–20,0.0,0.0,0.0,0.0,1.0,0.0,0.0,0.0,0.097855,1,66.6,top 50%
BTCUSDT,2024-10-14,13.0,0–20,0.0,0.0,0.0,0.0,1.0,0.0,0.0,0.0,0.020012,1,66.6,top 50%
BTCUSDT,2024-10-15,13.0,0–20,0.0,0.0,0.0,0.0,1.0,0.0,0.0,0.0,0.004778,1,66.6,top 50%
BTCUSDT,2024-10-16,13.0,0–20,0.0,0.0,0.0,0.0,1.0,0.0,0.0,0.0,-0.01746,0,66.6,top 50%
BTCUSDT,2024-10-17,13.0,0–20,0.0,0.0,0.0,0.0,1.0,0.0,0.0,0.0,0.011294,1,66.6,top 50%
BTCUSDT,2024-10-18,13.0,0–20,0.0,0.0,0.0,0.0,1.0,0.0,0.0,0.0,-0.025963,0,66.6,top 50%
BTCUSDT,2024-10-19,13.2,0–20,0.0,0.0,0.0,0.0,1.0,0.0,0.0,0.0324,-0.019719,0,68.4,top 50%
BTCUSDT,2024-10-20,15.1,0–20,0.0,0.0,0.0,0.0,1.0,0.0,0.0,0.3016,-0.015542,0,80.7,top 25%
BTCUSDT,2024-10-21,16.9,0–20,0.0,0.0,0.0,0.0,1.0,0.0,0.0,0.5549,0.037702,1,88.9,top 25%
BTCUSDT,2024-10-22,16.9,0–20,0.0,0.0,0.0,0.0,1.0,0.0,0.0,0.5577,0.079557,1,88.9,top 25%
BTCUSDT,2024-10-23,17.3,0–20,0.0,0.0,0.0,0.0,1.0,0.0,0.0,0.612,0.088923,1,90.1,top 10%
BTCUSDT,2024-10-24,16.5,0–20,0.0,0.0,0.0,0.0,1.0,0.0,0.0,0.5056,0.030136,1,87.7,top 25%
BTCUSDT,2024-10-25,16.8,0–20,0.0,0.0,0.0,0.0,1.0,0.0,0.0,0.5376,0.042616,1,88.5,top 25%
BTCUSDT,2024-10-26,15.5,0–20,0.0,0.0,0.0,0.0,1.0,0.0,0.0,0.3602,0.033941,1,82.6,top 25%
BTCUSDT,2024-10-27,15.9,0–20,0.0,0.0,0.0,0.0,1.0,0.0,0.0,0.4152,0.011951,1,85.6,top 25%
BTCUSDT,2024-10-28,15.5,0–20,0.0,0.0,0.0,0.0,1.0,0.0,0.0,0.3642,-0.029986,0,82.6,top 25%
BTCUSDT,2024-10-29,17.7,0–20,0.0,0.0,0.0,0.0,1.0,0.0,0.0,0.6674,-0.046217,0,91.0,top 10%
BTCUSDT,2024-10-30,17.0,0–20,0.0,0.0,0.0,0.0,1.0,0.0,0.0,0.5734,0.045612,1,89.3,top 25%
BTCUSDT,2024-10-31,15.7,0–20,0.0,0.0,0.0,0.0,1.0,0.0,0.0,0.3834,0.081032,1,84.2,top 25%
BTCUSDT,2024-11-01,13.9,0–20,0.0,0.0,0.0,0.0,0.6693,0.0,0.3566,0.3833,0.101652,1,72.6,top 50%
BTCUSDT,2024-11-02,12.6,0–20,0.0,0.0,0.0,0.0,0.6693,0.0,0.0,0.5564,0.108092,1,63.9,top 50%
BTCUSDT,2024-11-03,12.0,0–20,0.0,0.0,0.0,0.0,0.6693,0.0,0.0,0.4776,0.170685,1,60.0,top 50%
BTCUSDT,2024-11-04,11.3,0–20,0.0,0.0,0.0,0.0,0.6693,0.0,0.0,0.3704,0.308059,1,56.5,top 50%
BTCUSDT,2024-11-05,10.0,0–20,0.0,0.0,0.0,0.0,0.6693,0.0,0.0,0.1901,0.268114,1,52.1,top 50%
BTCUSDT,2024-11-06,9.9,0–20,0.0,0.0,0.0,0.0,0.6693,0.0,0.0,0.1682,0.197584,1,51.9,top 50%
BTCUSDT,2024-11-07,9.2,0–20,0.0,0.0,0.0,0.0,0.6693,0.0,0.0,0.0697,0.149471,1,50.2,top 50%
BTCUSDT,2024-11-08,8.9,0–20,0.0,0.0,0.0,0.0,0.6693,0.0,0.0,0.0308,0.189698,1,49.4,bottom 50%
BTCUSDT,2024-11-09,8.7,0–20,0.0,0.0,0.0,0.0,0.6693,0.0,0.0,0.0,0.179471,1,48.8,bottom 50%
BTCUSDT,2024-11-10,9.9,0–20,0.0,0.0,0.0,0.0,0.6693,0.0,0.0,0.1715,0.116456,1,51.9,top 50%
BTCUSDT,2024-11-11,13.7,0–20,0.0,0.0,0.0,0.0,0.6693,0.0,0.0,0.7205,0.020757,1,71.5,top 50%
BTCUSDT,2024-11-12,14.5,0–20,0.0,0.0,0.0,0.0,0.6693,0.0,0.0,0.8261,0.049888,1,77.3,top 25%
BTCUSDT,2024-11-13,13.8,0–20,0.0,0.0,0.0,0.0,0.6693,0.0,0.0,0.7278,0.041457,1,72.1,top 50%
BTCUSDT,2024-11-14,14.8,0–20,0.0,0.0,0.0,0.0,0.6693,0.0,0.0,0.8642,0.128988,1,78.8,top 25%
BTCUSDT,2024-11-15,15.7,0–20,0.0,0.0,0.0,0.0,0.6693,0.0,0.0,1.0,0.087098,1,84.2,top 25%
BTCUSDT,2024-11-16,15.7,0–20,0.0,0.0,0.0,0.0,0.6693,0.0,0.0,1.0,0.079714,1,84.2,top 25%
BTCUSDT,2024-11-17,15.7,0–20,0.0,0.0,0.0,0.0,0.6693,0.0,0.0,1.0,0.090911,1,84.2,top 25%
BTCUSDT,2024-11-18,15.7,0–20,0.0,0.0,0.0,0.0,0.6693,0.0,0.0,1.0,0.02827,1,84.2,top 25%
BTCUSDT,2024-11-19,15.7,0–20,0.0,0.0,0.0,0.0,0.6693,0.0,0.0,1.0,-0.003882,0,84.2,top 25%
BTCUSDT,2024-11-20,15.7,0–20,0.0,0.0,0.0,0.0,0.6693,0.0,0.0,1.0,0.017204,1,84.2,top 25%
BTCUSDT,2024-11-21,15.7,0–20,0.0,0.0,0.0,0.0,0.6693,0.0,0.0,1.0,-0.028956,0,84.2,top 25%
BTCUSDT,2024-11-22,15.7,0–20,0.0,0.0,0.0,0.0,0.6693,0.0,0.0,1.0,-0.015517,0,84.2,top 25%
BTCUSDT,2024-11-23,15.7,0–20,0.0,0.0,0.0,0.0,0.6693,0.0,0.0,1.0,-0.013584,0,84.2,top 25%
BTCUSDT,2024-11-24,15.7,0–20,0.0,0.0,0.0,0.0,0.6693,0.0,0.0,1.0,-0.007489,0,84.2,top 25%
BTCUSDT,2024-11-25,15.7,0–20,0.0,0.0,0.0,0.0,0.6693,0.0,0.0,1.0,0.029677,1,84.2,top 25%
BTCUSDT,2024-11-26,15.7,0–20,0.0,0.0,0.0,0.0,0.6693,0.0,0.0,1.0,0.043668,1,84.2,top 25%
BTCUSDT,2024-11-27,15.7,0–20,0.0,0.0,0.0,0.0,0.6693,0.0,0.0,1.0,0.029241,1,84.2,top 25%
BTCUSDT,2024-11-28,15.7,0–20,0.0,0.0,0.0,0.0,0.6693,0.0,0.0,1.0,0.009839,1,84.2,top 25%
BTCUSDT,2024-11-29,15.7,0–20,0.0,0.0,0.0,0.0,0.6693,0.0,0.0,1.0,0.025232,1,84.2,top 25%
BTCUSDT,2024-11-30,14.4,0–20,0.0,0.0,0.0,0.0,0.6693,0.0,0.0,0.8128,0.036022,1,76.7,top 25%
BTCUSDT,2024-12-01,1.4,0–20,0.0,0.0,0.0,0.0,0.0,0.0,0.0,0.1958,0.040669,1,14.1,bottom 50%
BTCUSDT,2024-12-02,3.2,0–20,0.0,0.0,0.0,0.0,0.0,0.0,0.0,0.4547,0.01635,1,24.6,bottom 50%
BTCUSDT,2024-12-03,2.0,0–20,0.0,0.0,0.0,0.0,0.0,0.0,0.0,0.2808,0.007013,1,17.5,bottom 50%
BTCUSDT,2024-12-04,4.2,0–20,0.0,0.0,0.0,0.0,0.0,0.0,0.0,0.593,0.024345,1,29.6,bottom 50%
BTCUSDT,2024-12-05,2.1,0–20,0.0,0.0,0.0,0.0,0.0,0.0,0.0,0.296,0.035711,1,18.2,bottom 50%
BTCUSDT,2024-12-06,2.7,0–20,0.0,0.0,0.0,0.0,0.0,0.0,0.0,0.3812,0.015398,1,22.0,bottom 50%
BTCUSDT,2024-12-07,2.4,0–20,0.0,0.0,0.0,0.0,0.0,0.0,0.0,0.3492,0.014507,1,20.3,bottom 50%
BTCUSDT,2024-12-08,2.2,0–20,0.0,0.0,0.0,0.0,0.0,0.0,0.0,0.3179,0.030253,1,18.8,bottom 50%
BTCUSDT,2024-12-09,4.8,0–20,0.0,0.0,0.0,0.0,0.0,0.0,0.348,0.3432,0.088235,1,32.4,bottom 50%
BTCUSDT,2024-12-10,3.0,0–20,0.0,0.0,0.0,0.0,0.0,0.0,0.3134,0.1196,0.097907,1,23.4,bottom 50%
BTCUSDT,2024-12-11,0.5,0–20,0.0,0.0,0.0,0.0,0.0,0.0,0.0,0.0728,-0.011184,0,8.9,bottom 50%
BTCUSDT,2024-12-12,0.3,0–20,0.0,0.0,0.0,0.0,0.0,0.0,0.0,0.0468,-0.025509,0,7.9,bottom 50%
BTCUSDT,2024-12-13,1.2,0–20,0.0,0.0,0.0,0.0,0.0,0.0,0.0,0.1773,-0.036501,0,12.8,bottom 50%
BTCUSDT,2024-12-14,0.0,0–20,0.0,0.0,0.0,0.0,0.0,0.0,0.0,0.0,-0.040921,0,3.4,bottom 50%
BTCUSDT,2024-12-15,1.4,0–20,0.0,0.0,0.0,0.0,0.0,0.0,0.0,0.207,-0.088148,0,14.1,bottom 50%
BTCUSDT,2024-12-16,3.7,0–20,0.0,0.0,0.0,0.0,0.0,0.0,0.0,0.5234,-0.106984,0,27.3,bottom 50%
BTCUSDT,2024-12-17,1.6,0–20,0.0,0.0,0.0,0.0,0.0,0.0,0.0,0.2256,-0.070327,0,15.4,bottom 50%
BTCUSDT,2024-12-18,2.1,0–20,0.0,0.0,0.0,0.0,0.0,0.0,0.0,0.2993,-0.00742,0,18.2,bottom 50%
BTCUSDT,2024-12-19,4.3,0–20,0.0101,0.0,0.0,0.0,0.0,0.0,0.3944,0.193,-0.017391,0,30.0,bottom 50%
BTCUSDT,2024-12-20,5.6,0–20,0.0001,0.0,0.0,0.0,0.0,0.0,0.4127,0.3814,-0.036735,0,35.7,bottom 50%
BTCUSDT,2024-12-21,3.3,0–20,0.0209,0.0,0.0,0.0,0.0,0.0,0.0,0.4124,-0.021196,0,25.2,bottom 50%
BTCUSDT,2024-12-22,5.4,0–20,0.1013,0.0,0.0,0.0,0.0,0.0,0.0,0.4802,-0.016558,0,35.0,bottom 50%
BTCUSDT,2024-12-23,3.7,0–20,0.1167,0.0,0.0,0.0,0.0,0.0,0.0,0.1991,-0.021577,0,27.3,bottom 50%
BTCUSDT,2024-12-24,0.0,0–20,0.0,0.0,0.0,0.0,0.0,0.0,0.0,0.0,-0.053173,0,3.4,bottom 50%
BTCUSDT,2024-12-25,0.4,0–20,0.0,0.0,0.0,0.0,0.0,0.0,0.0,0.0611,-0.049139,0,8.4,bottom 50%
BTCUSDT,2024-12-26,1.3,0–20,0.0652,0.0,0.0,0.0,0.0,0.0,0.0,0.0,0.011393,1,13.4,bottom 50%
BTCUSDT,2024-12-27,2.4,0–20,0.1222,0.0,0.0,0.0,0.0,0.0,0.0,0.0,0.041869,1,20.3,bottom 50%
BTCUSDT,2024-12-28,1.6,0–20,0.0788,0.0,0.0,0.0,0.0,0.0,0.0,0.0,0.032284,1,15.4,bottom 50%
BTCUSDT,2024-12-29,3.2,0–20,0.1375,0.0,0.0,0.0,0.0,0.0,0.0,0.0605,0.051157,1,24.6,bottom 50%
BTCUSDT,2024-12-30,4.3,0–20,0.1685,0.0,0.0,0.0,0.0,0.0,0.0,0.1266,0.101841,1,30.0,bottom 50%
BTCUSDT,2024-12-31,2.6,0–20,0.1298,0.0,0.0,0.0,0.0,0.0,0.0,0.0,0.037392,1,21.5,bottom 50%
BTCUSDT,2025-01-01,1.6,0–20,0.0812,0.0,0.0,0.0,0.0,0.0,0.0,0.0,0.006606,1,15.4,bottom 50%
BTCUSDT,2025-01-02,0.0,0–20,0.0,0.0,0.0,0.0,0.0,0.0,0.0,0.0,-0.045443,0,3.4,bottom 50%
BTCUSDT,2025-01-03,0.0,0–20,0.0,0.0,0.0,0.0,0.0,0.0,0.0,0.0,-0.034717,0,3.4,bottom 50%
BTCUSDT,2025-01-04,0.0,0–20,0.0,0.0,0.0,0.0,0.0,0.0,0.0,0.0,-0.037355,0,3.4,bottom 50%
BTCUSDT,2025-01-05,0.0,0–20,0.0,0.0,0.0,0.0,0.0,0.0,0.0,0.0,-0.038921,0,3.4,bottom 50%
BTCUSDT,2025-01-06,0.0,0–20,0.0,0.0,0.0,0.0,0.0,0.0,0.0,0.0,-0.074076,0,3.4,bottom 50%
BTCUSDT,2025-01-07,0.1,0–20,0.0029,0.0,0.0,0.0,0.0,0.0,0.0,0.0,-0.00401,0,7.0,bottom 50%
BTCUSDT,2025-01-08,3.7,0–20,0.0745,0.0,0.0,0.0,0.0,0.0,0.2919,0.0306,0.057458,1,27.3,bottom 50%
BTCUSDT,2025-01-09,6.9,0–20,0.1626,0.0,0.0,0.0,0.0,0.0,0.4952,0.0231,0.078639,1,39.1,bottom 50%
BTCUSDT,2025-01-10,3.6,0–20,0.0677,0.0,0.0,0.0,0.0,0.0,0.2657,0.054,0.103067,1,26.7,bottom 50%
BTCUSDT,2025-01-11,3.8,0–20,0.0727,0.0,0.0,0.0,0.0,0.0,0.0,0.3396,0.104069,1,27.8,bottom 50%
BTCUSDT,2025-01-12,2.3,0–20,0.0758,0.0,0.0,0.0,0.0,0.0,0.0,0.1151,0.069862,1,19.6,bottom 50%
BTCUSDT,2025-01-13,1.5,0–20,0.0744,0.0,0.0,0.0,0.0,0.0,0.0,0.0,0.079353,1,14.8,bottom 50%
BTCUSDT,2025-01-14,0.0,0–20,0.0,0.0,0.0,0.0,0.0,0.0,0.0,0.0,0.099573,1,3.4,bottom 50%
BTCUSDT,2025-01-15,0.0,0–20,0.0,0.0,0.0,0.0,0.0,0.0,0.0,0.0,0.031328,1,3.4,bottom 50%
BTCUSDT,2025-01-16,0.2,0–20,0.0,0.0,0.0,0.0,0.0,0.0,0.0,0.0225,0.042135,1,7.4,bottom 50%
BTCUSDT,2025-01-17,0.0,0–20,0.0,0.0,0.0,0.0,0.0,0.0,0.0,0.0,0.003422,1,3.4,bottom 50%
BTCUSDT,2025-01-18,0.4,0–20,0.0,0.0,0.0,0.0,0.0,0.0,0.0,0.0582,0.002936,1,8.4,bottom 50%
BTCUSDT,2025-01-19,1.5,0–20,0.0,0.0,0.0,0.0,0.0,0.0,0.0,0.2199,0.015757,1,14.8,bottom 50%
BTCUSDT,2025-01-20,8.1,0–20,0.0,0.0,0.0,0.0,0.0,0.0,0.7706,0.3843,0.000696,1,47.5,bottom 50%
BTCUSDT,2025-01-21,2.1,0–20,0.0,0.0,0.0,0.0,0.0,0.0,0.0,0.3007,-0.045351,0,18.2,bottom 50%
BTCUSDT,2025-01-22,2.7,0–20,0.0,0.0,0.0,0.0,0.0,0.0,0.0,0.3879,0.000484,1,22.0,bottom 50%
BTCUSDT,2025-01-23,2.2,0–20,0.0,0.0,0.0,0.0,0.0,0.0,0.0,0.3197,0.007456,1,18.8,bottom 50%
BTCUSDT,2025-01-24,1.1,0–20,0.0,0.0,0.0,0.0,0.0,0.0,0.0,0.1506,-0.023034,0,12.2,bottom 50%
BTCUSDT,2025-01-25,1.4,0–20,0.0,0.0,0.0,0.0,0.0,0.0,0.0,0.1932,-0.03876,0,14.1,bottom 50%
BTCUSDT,2025-01-26,1.3,0–20,0.0,0.0,0.0,0.0,0.0,0.0,0.0,0.1928,-0.048631,0,13.4,bottom 50%
BTCUSDT,2025-01-27,4.5,0–20,0.0,0.0,0.0,0.0,0.0,0.0,0.3035,0.342,-0.006683,0,31.0,bottom 50%
BTCUSDT,2025-01-28,3.2,0–20,0.0,0.0,0.0,0.0,0.0,0.0,0.0,0.4572,-0.034152,0,24.6,bottom 50%
BTCUSDT,2025-01-29,4.6,0–20,0.0,0.0,0.0,0.0,0.0,0.0,0.0,0.6598,-0.068347,0,31.5,bottom 50%
BTCUSDT,2025-01-30,3.7,0–20,0.0,0.0,0.0,0.0,0.0,0.0,0.0,0.5288,-0.077739,0,27.3,bottom 50%
BTCUSDT,2025-01-31,3.0,0–20,0.0,0.0,0.0,0.0,0.0,0.0,0.0,0.428,-0.057379,0,23.4,bottom 50%
BTCUSDT,2025-02-01,14.9,0–20,0.0223,0.0,0.0,0.0,0.9018,0.0,0.0,0.3965,-0.041463,0,79.4,top 25%
BTCUSDT,2025-02-02,17.0,0–20,0.1408,0.0,0.0,0.0,0.9018,0.0,0.0,0.3476,-0.01217,0,89.3,top 25%
BTCUSDT,2025-02-03,14.3,0–20,0.0,0.0,0.0,0.0,0.9018,0.0,0.0,0.3631,-0.039129,0,75.4,top 25%
BTCUSDT,2025-02-04,15.3,0–20,0.1088,0.0,0.0,0.0,0.9018,0.0,0.0,0.1967,-0.021706,0,81.7,top 25%
BTCUSDT,2025-02-05,16.6,0–20,0.1497,0.0665,0.0,0.0,0.9018,0.0,0.0,0.1252,0.013149,1,88.0,top 25%
BTCUSDT,2025-02-06,14.7,0–20,0.1505,0.0,0.0,0.0,0.9018,0.0,0.0,0.0,0.000316,1,78.4,top 25%
BTCUSDT,2025-02-07,14.8,0–20,0.1528,0.0,0.0,0.0,0.9018,0.0,0.0,0.0,0.010151,1,78.8,top 25%
BTCUSDT,2025-02-08,14.9,0–20,0.1546,0.0,0.0,0.0,0.9018,0.0,0.0,0.0149,0.011379,1,79.4,top 25%
BTCUSDT,2025-02-09,14.8,0–20,0.1536,0.0,0.0,0.0,0.9018,0.0,0.0,0.0,-0.003369,0,78.8,top 25%
BTCUSDT,2025-02-10,13.7,0–20,0.0993,0.0,0.0,0.0,0.9018,0.0,0.0,0.0,-0.017079,0,71.5,top 50%
BTCUSDT,2025-02-11,15.2,0–20,0.1747,0.0,0.0,0.0,0.9018,0.0,0.0,0.0,-0.002171,0,81.3,top 25%
BTCUSDT,2025-02-12,12.8,0–20,0.0545,0.0,0.0,0.0,0.9018,0.0,0.0,0.0,-0.012773,0,65.0,top 50%
BTCUSDT,2025-02-13,14.0,0–20,0.1122,0.0,0.0,0.0,0.9018,0.0,0.0,0.0,0.017698,1,73.1,top 50%
BTCUSDT,2025-02-14,13.0,0–20,0.0632,0.0,0.0,0.0,0.9018,0.0,0.0,0.0,-0.014188,0,66.6,top 50%
BTCUSDT,2025-02-15,12.9,0–20,0.0591,0.0,0.0,0.0,0.9018,0.0,0.0,0.0,-0.010275,0,65.5,top 50%
BTCUSDT,2025-02-16,14.3,0–20,0.1295,0.0,0.0,0.0,0.9018,0.0,0.0,0.0,0.001028,1,75.4,top 25%
BTCUSDT,2025-02-17,14.7,0–20,0.1491,0.0,0.0,0.0,0.9018,0.0,0.0,0.0,-0.045474,0,78.4,top 25%
BTCUSDT,2025-02-18,14.9,0–20,0.1609,0.0,0.0,0.0,0.9018,0.0,0.0,0.0,-0.07121,0,79.4,top 25%
BTCUSDT,2025-02-19,13.4,0–20,0.0847,0.0,0.0,0.0,0.9018,0.0,0.0,0.0,-0.127164,0,69.6,top 50%
BTCUSDT,2025-02-20,11.7,0–20,0.0,0.0,0.0,0.0,0.9018,0.0,0.0,0.0,-0.138606,0,58.4,top 50%
BTCUSDT,2025-02-21,13.8,0–20,0.1018,0.0,0.0,0.0,0.9018,0.0,0.0,0.0,-0.122262,0,72.1,top 50%
BTCUSDT,2025-02-22,13.2,0–20,0.0731,0.0,0.0,0.0,0.9018,0.0,0.0,0.0,-0.109195,0,68.4,top 50%
BTCUSDT,2025-02-23,13.5,0–20,0.0903,0.0,0.0,0.0,0.9018,0.0,0.0,0.0,-0.02104,0,70.3,top 50%
BTCUSDT,2025-02-24,26.0,20–40,0.3102,0.5371,0.0,0.0,0.9018,0.0,0.0,0.0,-0.05855,0,99.5,top 10%
BTCUSDT,2025-02-25,33.8,20–40,0.3969,0.4356,0.0,0.0,0.9018,0.0,1.0,0.0803,-0.017062,0,99.9,top 10%
BTCUSDT,2025-02-26,33.2,20–40,0.5063,0.4152,0.0,0.0,0.9018,0.0,0.736,0.0,0.074413,1,99.9,top 10%
BTCUSDT,2025-02-27,26.6,20–40,0.4827,0.1459,0.0,0.0,0.9018,0.0,0.4279,0.0022,0.062069,1,99.6,top 10%
BTCUSDT,2025-02-28,26.7,20–40,0.4907,0.0259,0.0,0.0,0.9018,0.0,0.6856,0.0,0.028086,1,99.7,top 10%
BTCUSDT,2025-03-01,7.5,0–20,0.3765,0.0,0.0,0.0,0.0,0.0,0.0,0.0,0.001426,1,46.0,bottom 50%
BTCUSDT,2025-03-02,0.0,0–20,0.0,0.0,0.0,0.0,0.0,0.0,0.0,0.0,-0.144802,0,3.4,bottom 50%
BTCUSDT,2025-03-03,4.4,0–20,0.2199,0.0,0.0,0.0,0.0,0.0,0.0,0.0,-0.087534,0,30.5,bottom 50%
BTCUSDT,2025-03-04,3.5,0–20,0.1773,0.0,0.0,0.0,0.0,0.0,0.0,0.0,-0.049987,0,26.1,bottom 50%
BTCUSDT,2025-03-05,1.2,0–20,0.0603,0.0,0.0,0.0,0.0,0.0,0.0,0.0,-0.076152,0,12.8,bottom 50%
BTCUSDT,2025-03-06,1.6,0–20,0.0794,0.0,0.0,0.0,0.0,0.0,0.0,0.0,-0.098876,0,15.4,bottom 50%
BTCUSDT,2025-03-07,3.4,0–20,0.1684,0.0,0.0,0.0,0.0,0.0,0.0,0.0,-0.031975,0,25.6,bottom 50%
BTCUSDT,2025-03-08,3.7,0–20,0.1839,0.0,0.0,0.0,0.0,0.0,0.0,0.0,-0.021026,0,27.3,bottom 50%
BTCUSDT,2025-03-09,6.3,0–20,0.314,0.0,0.0,0.0,0.0,0.0,0.0,0.0,0.024549,1,37.7,bottom 50%
BTCUSDT,2025-03-10,7.1,0–20,0.3552,0.0,0.0,0.0,0.0,0.0,0.0,0.0,0.070591,1,44.5,bottom 50%
BTCUSDT,2025-03-11,3.9,0–20,0.1935,0.0,0.0,0.0,0.0,0.0,0.0,0.0,-0.001734,0,28.3,bottom 50%
BTCUSDT,2025-03-12,3.3,0–20,0.1638,0.0,0.0,0.0,0.0,0.0,0.0,0.0,0.037408,1,25.2,bottom 50%
BTCUSDT,2025-03-13,4.6,0–20,0.2277,0.0,0.0,0.0,0.0,0.0,0.0,0.0,0.038246,1,31.5,bottom 50%
BTCUSDT,2025-03-14,2.5,0–20,0.1264,0.0,0.0,0.0,0.0,0.0,0.0,0.0,0.000883,1,20.9,bottom 50%
BTCUSDT,2025-03-15,2.3,0–20,0.1136,0.0,0.0,0.0,0.0,0.0,0.0,0.0,-0.006054,0,19.6,bottom 50%
BTCUSDT,2025-03-16,3.2,0–20,0.1618,0.0,0.0,0.0,0.0,0.0,0.0,0.0,0.042077,1,24.6,bottom 50%
BTCUSDT,2025-03-17,2.1,0–20,0.1068,0.0,0.0,0.0,0.0,0.0,0.0,0.0,0.040716,1,18.2,bottom 50%
BTCUSDT,2025-03-18,2.9,0–20,0.1463,0.0,0.0,0.0,0.0,0.0,0.0,0.0,0.057462,1,22.9,bottom 50%
BTCUSDT,2025-03-19,0.0,0–20,0.0011,0.0,0.0,0.0,0.0,0.0,0.0,0.0,0.000537,1,3.4,bottom 50%
BTCUSDT,2025-03-20,1.6,0–20,0.0824,0.0,0.0,0.0,0.0,0.0,0.0,0.0,0.035761,1,15.4,bottom 50%
BTCUSDT,2025-03-21,1.7,0–20,0.0861,0.0,0.0,0.0,0.0,0.0,0.0,0.0,0.003687,1,16.0,bottom 50%
BTCUSDT,2025-03-22,1.9,0–20,0.0928,0.0,0.0,0.0,0.0,0.0,0.0,0.0,-0.014731,0,17.1,bottom 50%
BTCUSDT,2025-03-23,0.2,0–20,0.0089,0.0,0.0,0.0,0.0,0.0,0.0,0.0,-0.043227,0,7.4,bottom 50%
BTCUSDT,2025-03-24,0.0,0–20,0.0,0.0,0.0,0.0,0.0,0.0,0.0,0.0,-0.056572,0,3.4,bottom 50%
BTCUSDT,2025-03-25,0.0,0–20,0.0,0.0,0.0,0.0,0.0,0.0,0.0,0.0,-0.026323,0,3.4,bottom 50%
BTCUSDT,2025-03-26,0.0,0–20,0.0,0.0,0.0,0.0,0.0,0.0,0.0,0.0,-0.050807,0,3.4,bottom 50%
BTCUSDT,2025-03-27,0.0,0–20,0.0,0.0,0.0,0.0,0.0,0.0,0.0,0.0,-0.046736,0,3.4,bottom 50%
BTCUSDT,2025-03-28,1.8,0–20,0.0887,0.0,0.0,0.0,0.0,0.0,0.0,0.0,-0.006038,0,16.5,bottom 50%
BTCUSDT,2025-03-29,5.9,0–20,0.1536,0.0,0.0,0.0,0.0,0.0,0.0,0.4039,0.010984,1,36.7,bottom 50%
BTCUSDT,2025-03-30,7.0,0–20,0.1632,0.0,0.0,0.0,0.0,0.0,0.0,0.5357,-0.05004,0,41.8,bottom 50%
BTCUSDT,2025-03-31,4.7,0–20,0.1517,0.0,0.0,0.0,0.0,0.0,0.0,0.2315,-0.040141,0,31.9,bottom 50%
BTCUSDT,2025-04-01,12.8,0–20,0.0192,0.0,0.0,0.0,0.8454,0.0,0.0,0.2016,-0.104465,0,65.0,top 50%
BTCUSDT,2025-04-02,15.0,0–20,0.1297,0.0,0.0,0.0,0.8454,0.0,0.0,0.1982,0.00107,1,80.0,top 25%
BTCUSDT,2025-04-03,13.0,0–20,0.099,0.0,0.0,0.0,0.8454,0.0,0.0,0.0,-0.041836,0,66.6,top 50%
BTCUSDT,2025-04-04,12.2,0–20,0.0618,0.0,0.0,0.0,0.8454,0.0,0.0,0.0,-0.005236,0,60.9,top 50%
BTCUSDT,2025-04-05,12.5,0–20,0.0772,0.0,0.0,0.0,0.8454,0.0,0.0,0.0,0.021344,1,63.4,top 50%
BTCUSDT,2025-04-06,22.4,20–40,0.2768,0.2056,0.0,0.0,0.8454,0.0,0.338,0.0597,0.069942,1,98.3,top 10%
BTCUSDT,2025-04-07,22.4,20–40,0.2218,0.0,0.0,0.0,0.8454,0.0,1.0,0.0,0.066978,1,98.3,top 10%
BTCUSDT,2025-04-08,23.1,20–40,0.3141,0.1422,0.0,0.0,0.8454,0.0,0.5277,0.0,0.096982,1,98.7,top 10%
BTCUSDT,2025-04-09,11.7,0–20,0.0335,0.0,0.0,0.0,0.8454,0.0,0.0,0.0,0.01768,1,58.4,top 50%
BTCUSDT,2025-04-10,13.5,0–20,0.1274,0.0,0.0,0.0,0.8454,0.0,0.0,0.0,0.066179,1,70.3,top 50%
BTCUSDT,2025-04-11,11.0,0–20,0.0,0.0,0.0,0.0,0.8454,0.0,0.0,0.0,0.012541,1,54.9,top 50%
BTCUSDT,2025-04-12,11.0,0–20,0.0,0.0,0.0,0.0,0.8454,0.0,0.0,0.0,-0.002623,0,54.9,top 50%
BTCUSDT,2025-04-13,11.0,0–20,0.0,0.0,0.0,0.0,0.8454,0.0,0.0,0.0,0.017797,1,54.9,top 50%
BTCUSDT,2025-04-14,11.0,0–20,0.0,0.0,0.0,0.0,0.8454,0.0,0.0,0.0,0.035207,1,54.9,top 50%
BTCUSDT,2025-04-15,11.0,0–20,0.0,0.0,0.0,0.0,0.8454,0.0,0.0,0.0,0.116804,1,54.9,top 50%
BTCUSDT,2025-04-16,11.0,0–20,0.0,0.0,0.0,0.0,0.8454,0.0,0.0,0.0,0.115016,1,54.9,top 50%
BTCUSDT,2025-04-17,11.4,0–20,0.0,0.0,0.0,0.0,0.8454,0.0,0.0,0.0551,0.106578,1,56.8,top 50%
BTCUSDT,2025-04-18,11.5,0–20,0.0,0.0,0.0,0.0,0.8454,0.0,0.0,0.0664,0.121606,1,57.1,top 50%
BTCUSDT,2025-04-19,11.9,0–20,0.0,0.0,0.0,0.0,0.8454,0.0,0.0,0.1349,0.112663,1,59.5,top 50%
BTCUSDT,2025-04-20,11.5,0–20,0.0,0.0,0.0,0.0,0.8454,0.0,0.0,0.0691,0.100741,1,57.1,top 50%
BTCUSDT,2025-04-21,11.0,0–20,0.0,0.0,0.0,0.0,0.8454,0.0,0.0,0.0,0.085237,1,54.9,top 50%
BTCUSDT,2025-04-22,12.1,0–20,0.0,0.0,0.0,0.0,0.8454,0.0,0.0,0.1608,0.009021,1,60.5,top 50%
BTCUSDT,2025-04-23,11.6,0–20,0.0,0.0,0.0,0.0,0.8454,0.0,0.0,0.09,0.005424,1,57.5,top 50%
BTCUSDT,2025-04-24,11.6,0–20,0.0,0.0,0.0,0.0,0.8454,0.0,0.0,0.0803,0.027128,1,57.5,top 50%
BTCUSDT,2025-04-25,11.8,0–20,0.0,0.0,0.0,0.0,0.8454,0.0,0.0,0.1112,0.023116,1,59.2,top 50%
BTCUSDT,2025-04-26,15.5,0–20,0.0,0.0,0.0,0.0,0.8454,0.0,0.0,0.6432,0.013153,1,82.6,top 25%
BTCUSDT,2025-04-27,17.3,0–20,0.0,0.0,0.0,0.0,0.8454,0.0,0.0,0.8995,0.005985,1,90.1,top 10%
BTCUSDT,2025-04-28,18.0,0–20,0.0,0.0,0.0,0.0,0.8454,0.0,0.0,1.0,-0.002429,0,92.0,top 10%
BTCUSDT,2025-04-29,15.8,0–20,0.0,0.0,0.0,0.0,0.8454,0.0,0.0,0.691,0.026703,1,85.3,top 25%
BTCUSDT,2025-04-30,17.6,0–20,0.0,0.0,0.0,0.0,0.8454,0.0,0.0,0.9427,0.029987,1,90.7,top 10%
BTCUSDT,2025-05-01,12.1,0–20,0.0,0.0,0.0,0.0,0.5591,0.0,0.0,0.6871,0.069945,1,60.5,top 50%
BTCUSDT,2025-05-02,10.9,0–20,0.0,0.0,0.0,0.0,0.5591,0.0,0.0,0.5131,0.06254,1,54.1,top 50%
BTCUSDT,2025-05-03,12.0,0–20,0.0,0.0,0.0,0.0,0.5591,0.0,0.0,0.6813,0.091817,1,60.0,top 50%
BTCUSDT,2025-05-04,11.3,0–20,0.0,0.0,0.0,0.0,0.5591,0.0,0.0,0.5764,0.103804,1,56.5,top 50%
BTCUSDT,2025-05-05,11.7,0–20,0.0,0.0,0.0,0.0,0.5591,0.0,0.0,0.6334,0.085119,1,58.4,top 50%
BTCUSDT,2025-05-06,12.5,0–20,0.0,0.0,0.0,0.0,0.5591,0.0,0.0,0.7437,0.076107,1,63.4,top 50%
BTCUSDT,2025-05-07,12.2,0–20,0.0,0.0,0.0,0.0,0.5591,0.0,0.0,0.7085,0.067061,1,60.9,top 50%
BTCUSDT,2025-05-08,12.4,0–20,0.0,0.0,0.0,0.0,0.5591,0.0,0.0,0.7293,0.004874,1,62.9,top 50%
BTCUSDT,2025-05-09,11.4,0–20,0.0,0.0,0.0,0.0,0.5591,0.0,0.0,0.5938,0.005035,1,56.8,top 50%
BTCUSDT,2025-05-10,11.6,0–20,0.0,0.0,0.0,0.0,0.5591,0.0,0.0,0.621,-0.014377,0,57.5,top 50%
BTCUSDT,2025-05-11,11.3,0–20,0.0,0.0,0.0,0.0,0.5591,0.0,0.0,0.5704,0.022474,1,56.5,top 50%
BTCUSDT,2025-05-12,8.7,0–20,0.0,0.0,0.0,0.0,0.5591,0.0,0.0,0.2036,0.027168,1,48.8,bottom 50%
BTCUSDT,2025-05-13,10.9,0–20,0.0,0.0,0.0,0.0,0.5591,0.0,0.0,0.5138,0.025163,1,54.1,top 50%
BTCUSDT,2025-05-14,10.7,0–20,0.0,0.0,0.0,0.0,0.5591,0.0,0.0,0.4831,0.059288,1,53.6,top 50%
BTCUSDT,2025-05-15,10.9,0–20,0.0,0.0,0.0,0.0,0.5591,0.0,0.0,0.5218,0.076425,1,54.1,top 50%
BTCUSDT,2025-05-16,10.7,0–20,0.0,0.0,0.0,0.0,0.5591,0.0,0.0,0.4968,0.036704,1,53.6,top 50%
BTCUSDT,2025-05-17,10.7,0–20,0.0,0.0,0.0,0.0,0.5591,0.0,0.0,0.4849,0.044578,1,53.6,top 50%
BTCUSDT,2025-05-18,10.7,0–20,0.0,0.0,0.0,0.0,0.5591,0.0,0.0,0.4944,0.024326,1,53.6,top 50%
BTCUSDT,2025-05-19,10.8,0–20,0.0,0.0,0.0,0.0,0.5591,0.0,0.0,0.5006,0.036306,1,53.9,top 50%
BTCUSDT,2025-05-20,10.9,0–20,0.0,0.0,0.0,0.0,0.5591,0.0,0.0,0.5211,0.020634,1,54.1,top 50%
BTCUSDT,2025-05-21,10.0,0–20,0.0,0.0,0.0,0.0,0.5591,0.0,0.0,0.3842,-0.017102,0,52.1,top 50%
BTCUSDT,2025-05-22,9.7,0–20,0.0,0.0,0.0,0.0,0.5591,0.0,0.0,0.3507,-0.05401,0,51.4,top 50%
BTCUSDT,2025-05-23,11.2,0–20,0.0,0.0,0.0,0.0,0.5591,0.0,0.0,0.5547,-0.030658,0,56.2,top 50%
BTCUSDT,2025-05-24,11.5,0–20,0.0,0.0,0.0,0.0,0.5591,0.0,0.0,0.6109,-0.029252,0,57.1,top 50%
BTCUSDT,2025-05-25,11.8,0–20,0.0,0.0,0.0,0.0,0.5591,0.0,0.0,0.6489,-0.031029,0,59.2,top 50%
BTCUSDT,2025-05-26,11.9,0–20,0.0,0.0,0.0,0.0,0.5591,0.0,0.0,0.6636,-0.032518,0,59.5,top 50%
BTCUSDT,2025-05-27,12.4,0–20,0.0,0.0,0.0,0.0,0.5591,0.0,0.0,0.7363,-0.032682,0,62.9,top 50%
BTCUSDT,2025-05-28,8.6,0–20,0.0,0.0,0.0,0.0,0.5591,0.0,0.0,0.1969,-0.028481,0,48.3,bottom 50%
BTCUSDT,2025-05-29,8.9,0–20,0.0,0.0,0.0,0.0,0.5591,0.0,0.0,0.2294,-0.038487,0,49.4,bottom 50%
BTCUSDT,2025-05-30,8.7,0–20,0.0,0.0,0.0,0.0,0.5591,0.0,0.0,0.1976,0.003767,1,48.8,bottom 50%
BTCUSDT,2025-05-31,9.0,0–20,0.0,0.0,0.0,0.0,0.5591,0.0,0.0,0.2449,0.009342,1,49.7,bottom 50%
BTCUSDT,2025-06-01,2.0,0–20,0.0,0.0,0.0,0.0,0.0,0.0,0.0,0.2914,0.00134,1,17.5,bottom 50%
BTCUSDT,2025-06-02,1.2,0–20,0.0,0.0,0.0,0.0,0.0,0.0,0.0,0.1712,0.041675,1,12.8,bottom 50%
BTCUSDT,2025-06-03,0.7,0–20,0.0,0.0,0.0,0.0,0.0,0.0,0.0,0.1013,0.045762,1,9.9,bottom 50%
BTCUSDT,2025-06-04,0.1,0–20,0.0,0.0,0.0,0.0,0.0,0.0,0.0,0.0123,0.03776,1,7.0,bottom 50%
BTCUSDT,2025-06-05,3.6,0–20,0.1496,0.0123,0.0,0.0,0.0,0.0,0.0,0.0539,0.042856,1,26.7,bottom 50%
BTCUSDT,2025-06-06,0.8,0–20,0.0,0.0,0.0,0.0,0.0,0.0,0.0,0.1178,0.016291,1,10.5,bottom 50%
BTCUSDT,2025-06-07,0.0,0–20,0.0,0.0,0.0,0.0,0.0,0.0,0.0,0.0,-0.001356,0,3.4,bottom 50%
BTCUSDT,2025-06-08,0.0,0–20,0.0,0.0,0.0,0.0,0.0,0.0,0.0,0.0,-0.002284,0,3.4,bottom 50%
BTCUSDT,2025-06-09,0.0,0–20,0.0,0.0,0.0,0.0,0.0,0.0,0.0,0.0,-0.031709,0,3.4,bottom 50%
BTCUSDT,2025-06-10,0.0,0–20,0.0,0.0,0.0,0.0,0.0,0.0,0.0,0.0,-0.051299,0,3.4,bottom 50%
BTCUSDT,2025-06-11,0.0,0–20,0.0,0.0,0.0,0.0,0.0,0.0,0.0,0.0,-0.034993,0,3.4,bottom 50%
BTCUSDT,2025-06-12,0.0,0–20,0.0,0.0,0.0,0.0,0.0,0.0,0.0,0.0,-0.011751,0,3.4,bottom 50%
BTCUSDT,2025-06-13,2.2,0–20,0.0,0.0,0.0,0.0,0.0,0.0,0.3132,0.0,-0.026217,0,18.8,bottom 50%
BTCUSDT,2025-06-14,0.4,0–20,0.0022,0.0,0.0,0.0,0.0,0.0,0.0,0.0552,-0.030482,0,8.4,bottom 50%
BTCUSDT,2025-06-15,0.3,0–20,0.0,0.0,0.0,0.0,0.0,0.0,0.0,0.0357,-0.043248,0,7.9,bottom 50%
BTCUSDT,2025-06-16,0.0,0–20,0.0,0.0,0.0,0.0,0.0,0.0,0.0,0.0,-0.011414,0,3.4,bottom 50%
BTCUSDT,2025-06-17,1.1,0–20,0.053,0.0,0.0,0.0,0.0,0.0,0.0,0.0,0.01381,1,12.2,bottom 50%
BTCUSDT,2025-06-18,0.9,0–20,0.0364,0.0,0.0,0.0,0.0,0.0,0.0,0.021,0.023626,1,11.0,bottom 50%
BTCUSDT,2025-06-19,1.4,0–20,0.0478,0.0,0.0,0.0,0.0,0.0,0.0,0.0703,0.021739,1,14.1,bottom 50%
BTCUSDT,2025-06-20,2.8,0–20,0.1249,0.0,0.0,0.0,0.0,0.0,0.0,0.0427,0.036578,1,22.5,bottom 50%
BTCUSDT,2025-06-21,4.0,0–20,0.1796,0.0,0.0,0.0,0.0,0.0,0.0,0.0519,0.049584,1,28.9,bottom 50%
BTCUSDT,2025-06-22,6.8,0–20,0.2413,0.0,0.0,0.0,0.0,0.0,0.2757,0.0,0.073261,1,38.9,bottom 50%
BTCUSDT,2025-06-23,0.0,0–20,0.0,0.0,0.0,0.0,0.0,0.0,0.0,0.0,0.014753,1,3.4,bottom 50%
BTCUSDT,2025-06-24,0.0,0–20,0.0,0.0,0.0,0.0,0.0,0.0,0.0,0.0,-0.003275,0,3.4,bottom 50%
BTCUSDT,2025-06-25,0.6,0–20,0.0,0.0,0.0,0.0,0.0,0.0,0.0,0.0887,0.013953,1,9.4,bottom 50%
BTCUSDT,2025-06-26,0.0,0–20,0.0,0.0,0.0,0.0,0.0,0.0,0.0,0.0,0.025131,1,3.4,bottom 50%
BTCUSDT,2025-06-27,0.0,0–20,0.0,0.0,0.0,0.0,0.0,0.0,0.0,0.0,0.008833,1,3.4,bottom 50%
BTCUSDT,2025-06-28,0.0,0–20,0.0,0.0,0.0,0.0,0.0,0.0,0.0,0.0,0.008418,1,3.4,bottom 50%
BTCUSDT,2025-06-29,0.0,0–20,0.0,0.0,0.0,0.0,0.0,0.0,0.0,0.0,0.00781,1,3.4,bottom 50%
BTCUSDT,2025-06-30,0.0,0–20,0.0,0.0,0.0,0.0,0.0,0.0,0.0,0.0,0.01087,1,3.4,bottom 50%
BTCUSDT,2025-07-01,12.4,0–20,0.0066,0.0,0.0,0.0,0.9458,0.0,0.0,0.0,0.030767,1,62.9,top 50%
BTCUSDT,2025-07-02,12.7,0–20,0.0,0.0,0.0,0.0,0.9458,0.0,0.0,0.0556,0.022664,1,64.5,top 50%
BTCUSDT,2025-07-03,12.7,0–20,0.0,0.0,0.0,0.0,0.9458,0.0,0.0,0.0595,0.057814,1,64.5,top 50%
BTCUSDT,2025-07-04,13.3,0–20,0.0,0.0,0.0,0.0,0.9458,0.0,0.0,0.1377,0.087774,1,69.0,top 50%
BTCUSDT,2025-07-05,12.8,0–20,0.0,0.0,0.0,0.0,0.9458,0.0,0.0,0.0758,0.085041,1,65.0,top 50%
BTCUSDT,2025-07-06,12.3,0–20,0.0,0.0,0.0,0.0,0.9458,0.0,0.0,0.0,0.090487,1,61.9,top 50%
BTCUSDT,2025-07-07,13.7,0–20,0.0,0.0,0.0,0.0,0.9458,0.0,0.0,0.2025,0.106647,1,71.5,top 50%
BTCUSDT,2025-07-08,13.9,0–20,0.0,0.0,0.0,0.0,0.9458,0.0,0.0,0.2257,0.081018,1,72.6,top 50%
BTCUSDT,2025-07-09,13.4,0–20,0.0,0.0,0.0,0.0,0.9458,0.0,0.0,0.1649,0.066578,1,69.6,top 50%
BTCUSDT,2025-07-10,14.1,0–20,0.0,0.0,0.0,0.0,0.9458,0.0,0.0,0.2553,0.028474,1,73.6,top 50%
BTCUSDT,2025-07-11,14.9,0–20,0.0,0.0,0.0,0.0,0.9458,0.0,0.0,0.3669,0.004138,1,79.4,top 25%
BTCUSDT,2025-07-12,15.0,0–20,0.0,0.0,0.0,0.0,0.9458,0.0,0.0,0.3926,0.004298,1,80.0,top 25%
BTCUSDT,2025-07-13,13.5,0–20,0.0,0.0,0.0,0.0,0.9458,0.0,0.0,0.1746,-0.01524,0,70.3,top 50%
BTCUSDT,2025-07-14,14.2,0–20,0.0,0.0,0.0,0.0,0.9458,0.0,0.0,0.2681,-0.02011,0,74.2,top 50%
BTCUSDT,2025-07-15,15.2,0–20,0.0,0.0,0.0,0.0,0.9458,0.0,0.0,0.4079,0.018834,1,81.3,top 25%
BTCUSDT,2025-07-16,15.8,0–20,0.0,0.0,0.0,0.0,0.9458,0.0,0.0,0.4986,0.000139,1,85.3,top 25%
BTCUSDT,2025-07-17,15.7,0–20,0.0,0.0,0.0,0.0,0.9458,0.0,0.0,0.4907,-0.007728,0,84.2,top 25%
BTCUSDT,2025-07-18,16.1,0–20,0.0,0.0,0.0,0.0,0.9458,0.0,0.0,0.544,-0.003113,0,86.3,top 25%
BTCUSDT,2025-07-19,15.9,0–20,0.0,0.0,0.0,0.0,0.9458,0.0,0.0,0.5204,6.3e-05,1,85.6,top 25%
BTCUSDT,2025-07-20,15.8,0–20,0.0,0.0,0.0,0.0,0.9458,0.0,0.0,0.4946,0.018309,1,85.3,top 25%
BTCUSDT,2025-07-21,16.6,0–20,0.0,0.0,0.0,0.0,0.9458,0.0,0.0,0.6101,0.004129,1,88.0,top 25%
BTCUSDT,2025-07-22,15.7,0–20,0.0,0.0,0.0,0.0,0.9458,0.0,0.0,0.4819,-0.017278,0,84.2,top 25%
BTCUSDT,2025-07-23,15.0,0–20,0.0,0.0,0.0,0.0,0.9458,0.0,0.0,0.3834,-0.007779,0,80.0,top 25%
BTCUSDT,2025-07-24,15.5,0–20,0.0,0.0,0.0,0.0,0.9458,0.0,0.0,0.4601,-0.022048,0,82.6,top 25%
BTCUSDT,2025-07-25,15.2,0–20,0.0,0.0,0.0,0.0,0.9458,0.0,0.0,0.4202,-0.036688,0,81.3,top 25%
BTCUSDT,2025-07-26,14.9,0–20,0.0,0.0,0.0,0.0,0.9458,0.0,0.0,0.3773,-0.045957,0,79.4,top 25%
BTCUSDT,2025-07-27,16.1,0–20,0.0,0.0,0.0,0.0,0.9458,0.0,0.0,0.5375,-0.043791,0,86.3,top 25%
BTCUSDT,2025-07-28,15.4,0–20,0.0,0.0,0.0,0.0,0.9458,0.0,0.0,0.4468,-0.02419,0,82.1,top 25%
BTCUSDT,2025-07-29,14.5,0–20,0.0,0.0,0.0,0.0,0.9458,0.0,0.0,0.3151,-0.032061,0,77.3,top 25%
BTCUSDT,2025-07-30,12.8,0–20,0.0,0.0,0.0,0.0,0.9458,0.0,0.0,0.0712,-0.02379,0,65.0,top 50%
BTCUSDT,2025-07-31,15.0,0–20,0.0112,0.1544,0.0,0.0,0.9458,0.0,0.0,0.018,0.01502,1,80.0,top 25%
BTCUSDT,2025-08-01,9.6,0–20,0.1601,0.3915,0.0,0.0,0.0,0.0,0.0,0.0813,0.029727,1,51.1,top 50%
BTCUSDT,2025-08-02,7.6,0–20,0.2022,0.2402,0.0,0.0,0.0,0.0,0.0,0.0,0.035311,1,46.1,bottom 50%
BTCUSDT,2025-08-03,1.6,0–20,0.0782,0.0,0.0,0.0,0.0,0.0,0.0,0.0,0.044556,1,15.4,bottom 50%
BTCUSDT,2025-08-04,0.4,0–20,0.0209,0.0,0.0,0.0,0.0,0.0,0.0,0.0022,0.031802,1,8.4,bottom 50%
BTCUSDT,2025-08-05,1.6,0–20,0.0783,0.0,0.0,0.0,0.0,0.0,0.0,0.0,0.052842,1,15.4,bottom 50%
BTCUSDT,2025-08-06,0.3,0–20,0.0171,0.0,0.0,0.0,0.0,0.0,0.0,0.0,0.072296,1,7.9,bottom 50%
BTCUSDT,2025-08-07,0.0,0–20,0.0,0.0,0.0,0.0,0.0,0.0,0.0,0.0,0.007342,1,3.4,bottom 50%
BTCUSDT,2025-08-08,0.0,0–20,0.0,0.0,0.0,0.0,0.0,0.0,0.0,0.0,0.006081,1,3.4,bottom 50%
BTCUSDT,2025-08-09,0.0,0–20,0.0,0.0,0.0,0.0,0.0,0.0,0.0,0.0,0.008506,1,3.4,bottom 50%
BTCUSDT,2025-08-10,0.0,0–20,0.0,0.0,0.0,0.0,0.0,0.0,0.0,0.0,-0.015537,0,3.4,bottom 50%
BTCUSDT,2025-08-11,0.0,0–20,0.0,0.0,0.0,0.0,0.0,0.0,0.0,0.0,-0.02088,0,3.4,bottom 50%
BTCUSDT,2025-08-12,0.0,0–20,0.0,0.0,0.0,0.0,0.0,0.0,0.0,0.0,-0.061093,0,3.4,bottom 50%
BTCUSDT,2025-08-13,0.0,0–20,0.0,0.0,0.0,0.0,0.0,0.0,0.0,0.0,-0.073529,0,3.4,bottom 50%
BTCUSDT,2025-08-14,0.0,0–20,0.0,0.0,0.0,0.0,0.0,0.0,0.0,0.0,-0.050191,0,3.4,bottom 50%
BTCUSDT,2025-08-15,0.4,0–20,0.0,0.0,0.0,0.0,0.0,0.0,0.0,0.0567,-0.004466,0,8.4,bottom 50%
BTCUSDT,2025-08-16,0.0,0–20,0.0,0.0,0.0,0.0,0.0,0.0,0.0,0.0,-0.018019,0,3.4,bottom 50%
BTCUSDT,2025-08-17,0.7,0–20,0.0,0.0,0.0,0.0,0.0,0.0,0.0,0.0932,-0.03401,0,9.9,bottom 50%
BTCUSDT,2025-08-18,2.4,0–20,0.043,0.0,0.0,0.0,0.0,0.0,0.0,0.2167,-0.052713,0,20.3,bottom 50%
BTCUSDT,2025-08-19,4.1,0–20,0.1999,0.0,0.0,0.0,0.0,0.0,0.0,0.0214,-0.009116,0,29.3,bottom 50%
BTCUSDT,2025-08-20,2.8,0–20,0.1167,0.0,0.0,0.0,0.0,0.0,0.0,0.069,-0.026714,0,22.5,bottom 50%
BTCUSDT,2025-08-21,5.1,0–20,0.1941,0.0,0.0,0.0,0.0,0.0,0.0,0.1761,0.001119,1,33.9,bottom 50%
BTCUSDT,2025-08-22,1.5,0–20,0.0,0.0,0.0,0.0,0.0,0.0,0.0,0.2178,-0.072413,0,14.8,bottom 50%
BTCUSDT,2025-08-23,1.4,0–20,0.038,0.0,0.0,0.0,0.0,0.0,0.0,0.0884,-0.056913,0,14.1,bottom 50%
BTCUSDT,2025-08-24,2.3,0–20,0.1144,0.0,0.0,0.0,0.0,0.0,0.0,0.0,-0.046023,0,19.6,bottom 50%
BTCUSDT,2025-08-25,5.3,0–20,0.2292,0.0436,0.0,0.0,0.0,0.0,0.0,0.0056,-0.007934,0,34.6,bottom 50%
BTCUSDT,2025-08-26,3.0,0–20,0.1485,0.0,0.0,0.0,0.0,0.0,0.0,0.0,-0.005385,0,23.4,bottom 50%
BTCUSDT,2025-08-27,3.4,0–20,0.1688,0.0,0.0,0.0,0.0,0.0,0.0,0.0,0.004506,1,25.6,bottom 50%
BTCUSDT,2025-08-28,2.1,0–20,0.1042,0.0,0.0,0.0,0.0,0.0,0.0,0.0,-0.016182,0,18.2,bottom 50%
BTCUSDT,2025-08-29,4.9,0–20,0.2448,0.0,0.0,0.0,0.0,0.0,0.0,0.0,0.020664,1,32.8,bottom 50%
BTCUSDT,2025-08-30,4.5,0–20,0.2249,0.0,0.0,0.0,0.0,0.0,0.0,0.0,0.013019,1,31.0,bottom 50%
BTCUSDT,2025-08-31,4.9,0–20,0.2436,0.0,0.0,0.0,0.0,0.0,0.0,0.0,0.027079,1,32.8,bottom 50%
BTCUSDT,2025-09-01,3.8,0–20,0.1887,0.0,0.0,0.0,0.0,0.0,0.0,0.0,0.02582,1,27.8,bottom 50%
BTCUSDT,2025-09-02,1.8,0–20,0.0892,0.0,0.0,0.0,0.0,0.0,0.0,0.0,0.002967,1,16.5,bottom 50%
BTCUSDT,2025-09-03,1.3,0–20,0.0635,0.0,0.0,0.0,0.0,0.0,0.0,0.0,0.019979,1,13.4,bottom 50%
BTCUSDT,2025-09-04,2.1,0–20,0.1069,0.0,0.0,0.0,0.0,0.0,0.0,0.0,0.043206,1,18.2,bottom 50%
BTCUSDT,2025-09-05,2.2,0–20,0.1101,0.0,0.0,0.0,0.0,0.0,0.0,0.0,0.049259,1,18.8,bottom 50%
BTCUSDT,2025-09-06,2.6,0–20,0.13,0.0,0.0,0.0,0.0,0.0,0.0,0.0,0.051947,1,21.5,bottom 50%
BTCUSDT,2025-09-07,1.5,0–20,0.0729,0.0,0.0,0.0,0.0,0.0,0.0,0.0,0.038141,1,14.8,bottom 50%
BTCUSDT,2025-09-08,0.4,0–20,0.0197,0.0,0.0,0.0,0.0,0.0,0.0,0.0,0.030101,1,8.4,bottom 50%
BTCUSDT,2025-09-09,1.0,0–20,0.0501,0.0,0.0,0.0,0.0,0.0,0.0,0.0,0.047634,1,11.6,bottom 50%
BTCUSDT,2025-09-10,0.0,0–20,0.0,0.0,0.0,0.0,0.0,0.0,0.0,0.0,0.022054,1,3.4,bottom 50%
BTCUSDT,2025-09-11,0.0,0–20,0.0,0.0,0.0,0.0,0.0,0.0,0.0,0.0,0.014109,1,3.4,bottom 50%
BTCUSDT,2025-09-12,0.0,0–20,0.0,0.0,0.0,0.0,0.0,0.0,0.0,0.0,-0.003555,0,3.4,bottom 50%
BTCUSDT,2025-09-13,0.0,0–20,0.0,0.0,0.0,0.0,0.0,0.0,0.0,0.0,-0.001971,0,3.4,bottom 50%
BTCUSDT,2025-09-14,0.5,0–20,0.0,0.0,0.0,0.0,0.0,0.0,0.0,0.0661,-0.00088,0,8.9,bottom 50%
BTCUSDT,2025-09-15,0.7,0–20,0.0,0.0,0.0,0.0,0.0,0.0,0.0,0.0975,-0.023356,0,9.9,bottom 50%
BTCUSDT,2025-09-16,1.4,0–20,0.0,0.0,0.0,0.0,0.0,0.0,0.0,0.1949,-0.041326,0,14.1,bottom 50%
BTCUSDT,2025-09-17,1.1,0–20,0.0,0.0,0.0,0.0,0.0,0.0,0.0,0.1585,-0.026959,0,12.2,bottom 50%
BTCUSDT,2025-09-18,2.5,0–20,0.0,0.0,0.0,0.0,0.0,0.0,0.0,0.3513,-0.069047,0,20.9,bottom 50%
BTCUSDT,2025-09-19,2.1,0–20,0.0,0.0,0.0,0.0,0.0,0.0,0.0,0.304,-0.051656,0,18.2,bottom 50%
BTCUSDT,2025-09-20,2.3,0–20,0.0,0.0,0.0,0.0,0.0,0.0,0.0,0.3338,-0.052194,0,19.6,bottom 50%
BTCUSDT,2025-09-21,2.4,0–20,0.0,0.0,0.0,0.0,0.0,0.0,0.0,0.3429,-0.027609,0,20.3,bottom 50%
BTCUSDT,2025-09-22,6.4,0–20,0.1122,0.0,0.0,0.0,0.0,0.0,0.3602,0.2293,0.014651,1,38.0,bottom 50%
BTCUSDT,2025-09-23,4.8,0–20,0.1572,0.0,0.0,0.0,0.0,0.0,0.0,0.2317,0.018226,1,32.4,bottom 50%
BTCUSDT,2025-09-24,2.6,0–20,0.0542,0.0,0.0,0.0,0.0,0.0,0.0,0.2196,0.046946,1,21.5,bottom 50%
BTCUSDT,2025-09-25,10.7,0–20,0.2791,0.0354,0.0,0.0,0.0,0.0,0.4462,0.2159,0.106667,1,53.6,top 50%
BTCUSDT,2025-09-26,6.1,0–20,0.2303,0.0,0.0,0.0,0.0,0.0,0.0,0.2193,0.114423,1,37.2,bottom 50%
BTCUSDT,2025-09-27,5.1,0–20,0.2317,0.0,0.0,0.0,0.0,0.0,0.0,0.0692,0.116186,1,33.9,bottom 50%
BTCUSDT,2025-09-28,1.2,0–20,0.0595,0.0,0.0,0.0,0.0,0.0,0.0,0.0,0.101593,1,12.8,bottom 50%
BTCUSDT,2025-09-29,0.6,0–20,0.0,0.0,0.0,0.0,0.0,0.0,0.0,0.0814,0.090491,1,9.4,bottom 50%
BTCUSDT,2025-09-30,0.0,0–20,0.0,0.0,0.0,0.0,0.0,0.0,0.0,0.0,0.064839,1,3.4,bottom 50%
BTCUSDT,2025-10-01,13.0,0–20,0.0,0.0,0.0,0.0,1.0,0.0,0.0,0.0,0.039663,1,66.6,top 50%
BTCUSDT,2025-10-02,13.0,0–20,0.0,0.0,0.0,0.0,1.0,0.0,0.0,0.0,0.008488,1,66.6,top 50%
BTCUSDT,2025-10-03,13.0,0–20,0.0,0.0,0.0,0.0,1.0,0.0,0.0,0.0,-0.074036,0,66.6,top 50%
BTCUSDT,2025-10-04,13.0,0–20,0.0,0.0,0.0,0.0,1.0,0.0,0.0,0.0,-0.094895,0,66.6,top 50%
BTCUSDT,2025-10-05,13.0,0–20,0.0,0.0,0.0,0.0,1.0,0.0,0.0,0.0,-0.067553,0,66.6,top 50%
BTCUSDT,2025-10-06,13.6,0–20,0.0,0.0,0.0,0.0,1.0,0.0,0.0,0.0812,-0.076002,0,70.9,top 50%
BTCUSDT,2025-10-07,14.3,0–20,0.0,0.0,0.0,0.0,1.0,0.0,0.0,0.182,-0.06861,0,75.4,top 25%
BTCUSDT,2025-10-08,14.5,0–20,0.0,0.0,0.0,0.0,1.0,0.0,0.0,0.2209,-0.101915,0,77.3,top 25%
BTCUSDT,2025-10-09,15.0,0–20,0.0,0.0,0.0,0.0,1.0,0.0,0.0,0.2894,-0.111084,0,80.0,top 25%
BTCUSDT,2025-10-10,24.5,20–40,0.1528,0.0,0.0,0.0,1.0,0.0,0.9003,0.3086,-0.059591,0,99.2,top 10%
BTCUSDT,2025-10-11,24.3,20–40,0.2226,0.0,0.0,0.0,1.0,0.0,0.6115,0.3638,-0.032575,0,99.1,top 10%
BTCUSDT,2025-10-12,19.0,0–20,0.0532,0.0,0.0,0.0,1.0,0.0,0.3352,0.366,-0.056465,0,94.8,top 10%
BTCUSDT,2025-10-13,17.3,0–20,0.0495,0.0,0.0,0.0,1.0,0.0,0.0,0.473,-0.040619,0,90.1,top 10%
BTCUSDT,2025-10-14,17.8,0–20,0.1192,0.0,0.0,0.0,1.0,0.0,0.0,0.3435,-0.041035,0,91.3,top 10%
BTCUSDT,2025-10-15,18.1,0–20,0.1886,0.0,0.0,0.0,1.0,0.0,0.0,0.1869,-0.027934,0,92.6,top 10%
BTCUSDT,2025-10-16,18.5,0–20,0.2586,0.0,0.0,0.0,1.0,0.0,0.0,0.0487,0.017412,1,93.3,top 10%
BTCUSDT,2025-10-17,20.7,20–40,0.3016,0.0,0.0,0.0,1.0,0.0,0.0,0.2313,0.042887,1,97.5,top 10%
BTCUSDT,2025-10-18,19.3,0–20,0.268,0.0,0.0,0.0,1.0,0.0,0.0,0.1306,0.041451,1,95.3,top 10%
BTCUSDT,2025-10-19,17.0,0–20,0.2008,0.0,0.0,0.0,1.0,0.0,0.0,0.0,0.053427,1,89.3,top 25%
BTCUSDT,2025-10-20,15.3,0–20,0.1174,0.0,0.0,0.0,1.0,0.0,0.0,0.0,0.031924,1,81.7,top 25%
BTCUSDT,2025-10-21,16.7,0–20,0.1844,0.0,0.0,0.0,1.0,0.0,0.0,0.0,0.041292,1,88.2,top 25%
BTCUSDT,2025-10-22,17.2,0–20,0.2086,0.0,0.0,0.0,1.0,0.0,0.0,0.0,0.021977,1,89.8,top 25%
BTCUSDT,2025-10-23,15.0,0–20,0.1024,0.0,0.0,0.0,1.0,0.0,0.0,0.0,-0.016028,0,80.0,top 25%
BTCUSDT,2025-10-24,14.2,0–20,0.0617,0.0,0.0,0.0,1.0,0.0,0.0,0.0,-0.013309,0,74.2,top 50%
BTCUSDT,2025-10-25,13.7,0–20,0.0357,0.0,0.0,0.0,1.0,0.0,0.0,0.0,-0.014132,0,71.5,top 50%
BTCUSDT,2025-10-26,13.0,0–20,0.0,0.0,0.0,0.0,1.0,0.0,0.0,0.0,-0.033482,0,66.6,top 50%
BTCUSDT,2025-10-27,13.0,0–20,0.0,0.0,0.0,0.0,1.0,0.0,0.0,0.0,-0.06635,0,66.6,top 50%
BTCUSDT,2025-10-28,13.0,0–20,0.0,0.0,0.0,0.0,1.0,0.0,0.0,0.0,-0.10062,0,66.6,top 50%
BTCUSDT,2025-10-29,15.1,0–20,0.107,0.0,0.0,0.0,1.0,0.0,0.0,0.0,-0.056003,0,80.7,top 25%
BTCUSDT,2025-10-30,16.4,0–20,0.1695,0.0,0.0,0.0,1.0,0.0,0.0,0.0,-0.064671,0,87.5,top 25%
BTCUSDT,2025-10-31,16.3,0–20,0.1097,0.0,0.0,0.0,1.0,0.0,0.0,0.1583,-0.056444,0,87.1,top 25%
BTCUSDT,2025-11-01,10.4,0–20,0.0855,0.0,0.0,0.0,0.6693,0.0,0.0,0.0,-0.070703,0,52.9,top 50%
BTCUSDT,2025-11-02,9.8,0–20,0.0572,0.0,0.0,0.0,0.6693,0.0,0.0,0.0,-0.053507,0,51.7,top 50%
BTCUSDT,2025-11-03,13.0,0–20,0.2137,0.0,0.0,0.0,0.6693,0.0,0.0,0.0,-0.005171,0,66.6,top 50%
BTCUSDT,2025-11-04,23.5,20–40,0.3537,0.2262,0.0,0.0,0.6693,0.0,0.6189,0.0,0.013849,1,98.8,top 10%
BTCUSDT,2025-11-05,14.0,0–20,0.2431,0.0,0.0,0.0,0.6693,0.0,0.0,0.06,-0.021452,0,73.1,top 50%
BTCUSDT,2025-11-06,16.7,0–20,0.3113,0.0443,0.0,0.0,0.6693,0.0,0.0,0.1554,-0.015832,0,88.2,top 25%
BTCUSDT,2025-11-07,14.1,0–20,0.2169,0.0,0.0,0.0,0.6693,0.0,0.0,0.15,-0.086818,0,73.6,top 50%
BTCUSDT,2025-11-08,13.7,0–20,0.2476,0.0,0.0,0.0,0.6693,0.0,0.0,0.0,-0.065827,0,71.5,top 50%
BTCUSDT,2025-11-09,11.5,0–20,0.1399,0.0,0.0,0.0,0.6693,0.0,0.0,0.0,-0.100674,0,57.1,top 50%
BTCUSDT,2025-11-10,10.4,0–20,0.087,0.0,0.0,0.0,0.6693,0.0,0.0,0.0,-0.131162,0,52.9,top 50%
BTCUSDT,2025-11-11,12.4,0–20,0.1829,0.0,0.0,0.0,0.6693,0.0,0.0,0.0,-0.097562,0,62.9,top 50%
BTCUSDT,2025-11-12,13.1,0–20,0.2221,0.0,0.0,0.0,0.6693,0.0,0.0,0.0,-0.100304,0,67.8,top 50%
BTCUSDT,2025-11-13,17.5,0–20,0.2771,0.0,0.0,0.0,0.6693,0.0,0.4716,0.0,-0.131052,0,90.5,top 10%
BTCUSDT,2025-11-14,21.7,20–40,0.4002,0.0618,0.0,0.0,0.6693,0.0,0.5853,0.0,-0.098594,0,98.0,top 10%
BTCUSDT,2025-11-15,15.6,0–20,0.3465,0.0,0.0,0.0,0.6693,0.0,0.0,0.0,-0.114086,0,83.1,top 25%
BTCUSDT,2025-11-16,16.2,0–20,0.3772,0.0,0.0,0.0,0.6693,0.0,0.0,0.0,-0.078279,0,86.7,top 25%
BTCUSDT,2025-11-17,18.8,0–20,0.4215,0.0,0.0,0.0,0.6693,0.0,0.2434,0.0,-0.041515,0,94.4,top 10%
BTCUSDT,2025-11-18,18.2,0–20,0.3781,0.0,0.0,0.0,0.6693,0.0,0.2831,0.0,-0.060323,0,92.8,top 10%
BTCUSDT,2025-11-19,16.9,0–20,0.4116,0.0,0.0,0.0,0.6693,0.0,0.0,0.0,-0.01036,0,88.9,top 25%
BTCUSDT,2025-11-20,21.4,20–40,0.5053,0.0201,0.0,0.0,0.6693,0.0,0.3341,0.0,0.053716,1,97.9,top 10%
BTCUSDT,2025-11-21,23.3,20–40,0.5309,0.0,0.0,0.0,0.6693,0.0,0.5627,0.0,0.068498,1,98.8,top 10%
BTCUSDT,2025-11-22,19.5,0–20,0.5383,0.0,0.0,0.0,0.6693,0.0,0.0,0.0,0.073284,1,95.7,top 10%
BTCUSDT,2025-11-23,17.1,0–20,0.4207,0.0,0.0,0.0,0.6693,0.0,0.0,0.0,0.041349,1,89.6,top 25%
BTCUSDT,2025-11-24,15.6,0–20,0.3455,0.0,0.0,0.0,0.6693,0.0,0.0,0.0,-0.02208,0,83.1,top 25%
BTCUSDT,2025-11-25,16.1,0–20,0.3683,0.0,0.0,0.0,0.6693,0.0,0.0,0.0,0.045892,1,86.3,top 25%
BTCUSDT,2025-11-26,13.0,0–20,0.2125,0.0,0.0,0.0,0.6693,0.0,0.0,0.0,0.033247,1,66.6,top 50%
BTCUSDT,2025-11-27,12.3,0–20,0.1777,0.0,0.0,0.0,0.6693,0.0,0.0,0.0,0.00938,1,61.9,top 50%
BTCUSDT,2025-11-28,12.5,0–20,0.1896,0.0,0.0,0.0,0.6693,0.0,0.0,0.0,-0.016845,0,63.4,top 50%
BTCUSDT,2025-11-29,12.5,0–20,0.192,0.0,0.0,0.0,0.6693,0.0,0.0,0.0,-0.017384,0,63.4,top 50%
BTCUSDT,2025-11-30,12.9,0–20,0.2086,0.0,0.0,0.0,0.6693,0.0,0.0,0.0,0.000125,1,65.5,top 50%
BTCUSDT,2025-12-01,6.8,0–20,0.3392,0.0,0.0,0.0,0.0,0.0,0.0,0.0,0.05003,1,38.9,bottom 50%
BTCUSDT,2025-12-02,2.0,0–20,0.0982,0.0,0.0,0.0,0.0,0.0,0.0,0.0,0.014685,1,17.5,bottom 50%
BTCUSDT,2025-12-03,0.3,0–20,0.0132,0.0,0.0,0.0,0.0,0.0,0.0,0.0,-0.016111,0,7.9,bottom 50%
BTCUSDT,2025-12-04,1.3,0–20,0.0629,0.0,0.0,0.0,0.0,0.0,0.0,0.0,0.004012,1,13.4,bottom 50%
BTCUSDT,2025-12-05,3.1,0–20,0.1542,0.0,0.0,0.0,0.0,0.0,0.0,0.0,0.009874,1,24.0,bottom 50%
BTCUSDT,2025-12-06,3.2,0–20,0.1579,0.0,0.0,0.0,0.0,0.0,0.0,0.0,0.011497,1,24.6,bottom 50%
BTCUSDT,2025-12-07,2.1,0–20,0.1067,0.0,0.0,0.0,0.0,0.0,0.0,0.0,-0.024672,0,18.2,bottom 50%
BTCUSDT,2025-12-08,2.1,0–20,0.0959,0.0,0.0,0.0,0.0,0.0,0.0,0.0302,-0.046562,0,18.2,bottom 50%
BTCUSDT,2025-12-09,0.3,0–20,0.0036,0.0,0.0,0.0,0.0,0.0,0.0,0.0372,-0.052299,0,7.9,bottom 50%
BTCUSDT,2025-12-10,1.8,0–20,0.0323,0.0,0.0,0.0,0.0,0.0,0.0,0.1637,-0.063868,0,16.5,bottom 50%
BTCUSDT,2025-12-11,2.0,0–20,0.0094,0.0,0.0,0.0,0.0,0.0,0.0,0.2546,-0.076194,0,17.5,bottom 50%
BTCUSDT,2025-12-12,4.5,0–20,0.1068,0.0,0.0,0.0,0.0,0.0,0.0,0.3396,-0.024006,0,31.0,bottom 50%
BTCUSDT,2025-12-13,3.6,0–20,0.1054,0.0,0.0,0.0,0.0,0.0,0.0,0.2201,-0.021647,0,26.7,bottom 50%
BTCUSDT,2025-12-14,5.5,0–20,0.1925,0.0,0.0,0.0,0.0,0.0,0.0,0.2382,0.005065,1,35.4,bottom 50%
BTCUSDT,2025-12-15,7.7,0–20,0.2569,0.0521,0.0,0.0,0.0,0.0,0.0,0.2516,0.023956,1,46.4,bottom 50%
BTCUSDT,2025-12-16,4.2,0–20,0.175,0.0,0.0,0.0,0.0,0.0,0.0,0.1045,-0.004895,0,29.6,bottom 50%
BTCUSDT,2025-12-17,4.8,0–20,0.2388,0.0,0.0,0.0,0.0,0.0,0.0,0.0,0.017044,1,32.4,bottom 50%
BTCUSDT,2025-12-18,5.3,0–20,0.2634,0.0,0.0,0.0,0.0,0.0,0.0,0.0,0.020737,1,34.6,bottom 50%
BTCUSDT,2025-12-19,2.3,0–20,0.1133,0.0,0.0,0.0,0.0,0.0,0.0,0.0,-0.009102,0,19.6,bottom 50%
BTCUSDT,2025-12-20,2.0,0–20,0.1005,0.0,0.0,0.0,0.0,0.0,0.0,0.0,-0.006133,0,17.5,bottom 50%
BTCUSDT,2025-12-21,2.3,0–20,0.085,0.0,0.0,0.0,0.0,0.0,0.0,0.089,-0.008868,0,19.6,bottom 50%
BTCUSDT,2025-12-22,1.8,0–20,0.0915,0.0,0.0,0.0,0.0,0.0,0.0,0.0,-0.015277,0,16.5,bottom 50%
BTCUSDT,2025-12-23,2.9,0–20,0.1453,0.0,0.0,0.0,0.0,0.0,0.0,0.0,0.011624,1,22.9,bottom 50%
BTCUSDT,2025-12-24,2.6,0–20,0.132,0.0,0.0,0.0,0.0,0.0,0.0,0.0,-0.001177,0,21.5,bottom 50%
BTCUSDT,2025-12-25,3.0,0–20,0.1522,0.0,0.0,0.0,0.0,0.0,0.0,0.0,0.017163,1,23.4,bottom 50%
BTCUSDT,2025-12-26,2.9,0–20,0.1472,0.0,0.0,0.0,0.0,0.0,0.0,0.0,0.030277,1,22.9,bottom 50%
BTCUSDT,2025-12-27,2.2,0–20,0.1077,0.0,0.0,0.0,0.0,0.0,0.0,0.0,0.031902,1,18.8,bottom 50%
BTCUSDT,2025-12-28,2.1,0–20,0.1049,0.0,0.0,0.0,0.0,0.0,0.0,0.0,0.040731,1,18.2,bottom 50%
BTCUSDT,2025-12-29,3.0,0–20,0.152,0.0,0.0,0.0,0.0,0.0,0.0,0.0,0.077399,1,23.4,bottom 50%
BTCUSDT,2025-12-30,0.9,0–20,0.0427,0.0,0.0,0.0,0.0,0.0,0.0,0.0,0.059922,1,11.0,bottom 50%
BTCUSDT,2025-12-31,2.2,0–20,0.1077,0.0,0.0,0.0,0.0,0.0,0.0,0.0,0.043415,1,18.8,bottom 50%
BTCUSDT,2026-01-01,0.2,0–20,0.0097,0.0,0.0,0.0,0.0,0.0,0.0,0.0,0.025866,1,7.4,bottom 50%
BTCUSDT,2026-01-02,0.0,0–20,0.0,0.0,0.0,0.0,0.0,0.0,0.0,0.0,0.00632,1,3.4,bottom 50%
BTCUSDT,2026-01-03,0.0,0–20,0.0,0.0,0.0,0.0,0.0,0.0,0.0,0.0,-0.00239,0,3.4,bottom 50%
BTCUSDT,2026-01-04,0.8,0–20,0.0,0.0,0.0,0.0,0.0,0.0,0.0,0.1202,-0.006411,0,10.5,bottom 50%
BTCUSDT,2026-01-05,0.0,0–20,0.0,0.0,0.0,0.0,0.0,0.0,0.0,0.0,-0.028648,0,3.4,bottom 50%
BTCUSDT,2026-01-06,1.1,0–20,0.0,0.0,0.0,0.0,0.0,0.0,0.0,0.1587,0.016993,1,12.2,bottom 50%
BTCUSDT,2026-01-07,1.9,0–20,0.0,0.0,0.0,0.0,0.0,0.0,0.0,0.2662,0.061564,1,17.1,bottom 50%
BTCUSDT,2026-01-08,1.0,0–20,0.0,0.0,0.0,0.0,0.0,0.0,0.0,0.1425,0.0497,1,11.6,bottom 50%
BTCUSDT,2026-01-09,1.2,0–20,0.0,0.0,0.0,0.0,0.0,0.0,0.0,0.172,0.055373,1,12.8,bottom 50%
BTCUSDT,2026-01-10,2.0,0–20,0.0,0.0,0.0,0.0,0.0,0.0,0.0,0.2858,0.052146,1,17.5,bottom 50%
BTCUSDT,2026-01-11,2.0,0–20,0.0,0.0,0.0,0.0,0.0,0.0,0.0,0.2869,0.030904,1,17.5,bottom 50%
BTCUSDT,2026-01-12,1.6,0–20,0.0,0.0,0.0,0.0,0.0,0.0,0.0,0.2225,0.01492,1,15.4,bottom 50%
BTCUSDT,2026-01-13,1.4,0–20,0.0,0.0,0.0,0.0,0.0,0.0,0.0,0.2041,-0.07355,0,14.1,bottom 50%
BTCUSDT,2026-01-14,1.4,0–20,0.0,0.0,0.0,0.0,0.0,0.0,0.0,0.2012,-0.077916,0,14.1,bottom 50%
BTCUSDT,2026-01-15,1.3,0–20,0.0,0.0,0.0,0.0,0.0,0.0,0.0,0.1868,-0.063722,0,13.4,bottom 50%
BTCUSDT,2026-01-16,1.3,0–20,0.0,0.0,0.0,0.0,0.0,0.0,0.0,0.1812,-0.063033,0,13.4,bottom 50%
BTCUSDT,2026-01-17,1.4,0–20,0.0,0.0,0.0,0.0,0.0,0.0,0.0,0.1993,-0.062978,0,14.1,bottom 50%
BTCUSDT,2026-01-18,3.2,0–20,0.0,0.0,0.0,0.0,0.0,0.0,0.0,0.4613,-0.075423,0,24.6,bottom 50%
BTCUSDT,2026-01-19,3.2,0–20,0.0,0.0,0.0,0.0,0.0,0.0,0.0,0.4589,-0.046313,0,24.6,bottom 50%
BTCUSDT,2026-01-20,10.1,0–20,0.2077,0.0,0.0,0.0,0.0,0.0,0.4269,0.4247,0.008965,1,52.4,top 50%
BTCUSDT,2026-01-21,7.7,0–20,0.1355,0.0,0.0,0.0,0.0,0.0,0.3566,0.3582,-0.002153,0,46.4,bottom 50%
BTCUSDT,2026-01-22,4.5,0–20,0.1297,0.0,0.0,0.0,0.0,0.0,0.0,0.2696,-0.054781,0,31.0,bottom 50%
BTCUSDT,2026-01-23,3.7,0–20,0.1267,0.0,0.0,0.0,0.0,0.0,0.0,0.1599,-0.060056,0,27.3,bottom 50%
BTCUSDT,2026-01-24,3.4,0–20,0.1499,0.0,0.0,0.0,0.0,0.0,0.0,0.06,-0.117714,0,25.6,bottom 50%
BTCUSDT,2026-01-25,5.7,0–20,0.2825,0.0,0.0,0.0,0.0,0.0,0.0,0.0,-0.110864,0,36.1,bottom 50%
BTCUSDT,2026-01-26,3.1,0–20,0.1532,0.0,0.0,0.0,0.0,0.0,0.0,0.0,-0.108516,0,24.0,bottom 50%
BTCUSDT,2026-01-27,1.9,0–20,0.0946,0.0,0.0,0.0,0.0,0.0,0.0,0.0,-0.151163,0,17.1,bottom 50%
BTCUSDT,2026-01-28,1.8,0–20,0.0887,0.0,0.0,0.0,0.0,0.0,0.0,0.0,-0.181252,0,16.5,bottom 50%
BTCUSDT,2026-01-29,9.5,0–20,0.3119,0.0,0.0,0.0,0.0,0.0,0.4634,0.0,-0.258504,0,50.8,top 50%
BTCUSDT,2026-01-30,10.3,0–20,0.3285,0.0,0.0,0.0,0.0,0.0,0.5342,0.0,-0.161339,0,52.7,top 50%
BTCUSDT,2026-01-31,17.0,0–20,0.4952,0.1684,0.0,0.0,0.0,0.0,0.6517,0.0,-0.118787,0,89.3,top 25%
BTCUSDT,2026-02-01,23.8,20–40,0.5326,0.0956,0.0,0.0,0.9018,0.0,0.0,0.0,-0.087168,0,98.9,top 10%
BTCUSDT,2026-02-02,23.6,20–40,0.4151,0.0,0.0,0.0,0.9018,0.0,0.5132,0.0,-0.108884,0,98.9,top 10%
BTCUSDT,2026-02-03,24.0,20–40,0.4901,0.0,0.0,0.0,0.9018,0.0,0.3519,0.0,-0.090431,0,99.0,top 10%
BTCUSDT,2026-02-04,25.4,20–40,0.544,0.011,0.0,0.0,0.9018,0.0,0.37,0.0,-0.082549,0,99.4,top 10%
BTCUSDT,2026-02-05,36.1,20–40,0.6853,0.2416,0.0,0.0,0.9018,0.0,1.0,0.0,0.056134,1,100.0,top 10%
BTCUSDT,2026-02-06,23.6,20–40,0.3439,0.0,0.0,0.0,0.9018,0.0,0.7163,0.0,-0.02406,0,98.9,top 10%
BTCUSDT,2026-02-07,19.0,0–20,0.3663,0.0,0.0,0.0,0.9018,0.0,0.0,0.0,0.00701,1,94.8,top 10%
BTCUSDT,2026-02-08,18.3,0–20,0.3286,0.0,0.0,0.0,0.9018,0.0,0.0,0.0,-0.021014,0,93.1,top 10%
BTCUSDT,2026-02-09,18.4,0–20,0.3315,0.0,0.0,0.0,0.9018,0.0,0.0,0.0,-0.01822,0,93.2,top 10%
BTCUSDT,2026-02-10,18.9,0–20,0.3591,0.0,0.0,0.0,0.9018,0.0,0.0,0.0,-0.018893,0,94.6,top 10%
BTCUSDT,2026-02-11,19.6,0–20,0.3956,0.0,0.0,0.0,0.9018,0.0,0.0,0.0,-0.008458,0,95.8,top 10%
BTCUSDT,2026-02-12,19.9,0–20,0.411,0.0,0.0,0.0,0.9018,0.0,0.0,0.0,0.011109,1,96.0,top 10%
BTCUSDT,2026-02-13,17.5,0–20,0.2896,0.0,0.0,0.0,0.9018,0.0,0.0,0.0,-0.012379,0,90.5,top 10%
BTCUSDT,2026-02-14,16.7,0–20,0.2497,0.0,0.0,0.0,0.9018,0.0,0.0,0.0,-0.025282,0,88.2,top 25%
BTCUSDT,2026-02-15,17.2,0–20,0.2757,0.0,0.0,0.0,0.9018,0.0,0.0,0.0,-0.01641,0,89.8,top 25%
BTCUSDT,2026-02-16,17.2,0–20,0.273,0.0,0.0,0.0,0.9018,0.0,0.0,0.0,-0.061392,0,89.8,top 25%
BTCUSDT,2026-02-17,17.9,0–20,0.3111,0.0,0.0,0.0,0.9018,0.0,0.0,0.0,-0.050585,0,91.5,top 10%
BTCUSDT,2026-02-18,18.5,0–20,0.3406,0.0,0.0,0.0,0.9018,0.0,0.0,0.0,0.023106,1,93.3,top 10%
BTCUSDT,2026-02-19,17.9,0–20,0.3105,0.0,0.0,0.0,0.9018,0.0,0.0,0.0,0.007411,1,91.5,top 10%
BTCUSDT,2026-02-20,16.7,0–20,0.251,0.0,0.0,0.0,0.9018,0.0,0.0,0.0,-0.031227,0,88.2,top 25%
BTCUSDT,2026-02-21,16.7,0–20,0.2511,0.0,0.0,0.0,0.9018,0.0,0.0,0.0,-0.014821,0,88.2,top 25%
BTCUSDT,2026-02-22,17.0,0–20,0.2638,0.0,0.0,0.0,0.9018,0.0,0.0,0.0,-0.028396,0,89.3,top 25%
BTCUSDT,2026-02-23,19.0,0–20,0.3664,0.0,0.0,0.0,0.9018,0.0,0.0,0.0,0.064366,1,94.8,top 10%
BTCUSDT,2026-02-24,19.4,0–20,0.3827,0.0,0.0,0.0,0.9018,0.0,0.0,0.0,0.065755,1,95.6,top 10%
BTCUSDT,2026-02-25,17.7,0–20,0.1516,0.0,0.0,0.0,0.9018,0.0,0.0,0.4226,0.069901,1,91.0,top 10%
BTCUSDT,2026-02-26,15.1,0–20,0.1711,0.0,0.0,0.0,0.9018,0.0,0.0,0.0,0.050217,1,80.7,top 25%
BTCUSDT,2026-02-27,16.3,0–20,0.2301,0.0,0.0,0.0,0.9018,0.0,0.0,0.0,0.034223,1,87.1,top 25%
BTCUSDT,2026-02-28,15.1,0–20,0.1667,0.0,0.0,0.0,0.9018,0.0,0.0,0.0,0.004131,1,80.7,top 25%
BTCUSDT,2026-03-01,4.3,0–20,0.2159,0.0,0.0,0.0,0.0,0.0,0.0,0.0,0.003524,1,30.0,bottom 50%
BTCUSDT,2026-03-02,1.1,0–20,0.0541,0.0,0.0,0.0,0.0,0.0,0.0,0.0,-0.00543,0,12.2,bottom 50%
BTCUSDT,2026-03-03,1.7,0–20,0.0751,0.0,0.0,0.0,0.0,0.0,0.0,0.0349,0.023915,1,16.0,bottom 50%
BTCUSDT,2026-03-04,0.0,0–20,0.0,0.0,0.0,0.0,0.0,0.0,0.0,0.0,-0.034461,0,3.4,bottom 50%
BTCUSDT,2026-03-05,0.0,0–20,0.0,0.0,0.0,0.0,0.0,0.0,0.0,0.0,-0.004908,0,3.4,bottom 50%
BTCUSDT,2026-03-06,1.5,0–20,0.0756,0.0,0.0,0.0,0.0,0.0,0.0,0.0,0.04156,1,14.8,bottom 50%
BTCUSDT,2026-03-07,2.2,0–20,0.108,0.0,0.0,0.0,0.0,0.0,0.0,0.0,0.058598,1,18.8,bottom 50%
BTCUSDT,2026-03-08,3.1,0–20,0.1561,0.0,0.0,0.0,0.0,0.0,0.0,0.0,0.103383,1,24.0,bottom 50%
BTCUSDT,2026-03-09,3.4,0–20,0.0431,0.0,0.0,0.0,0.0,0.0,0.0,0.3635,0.094422,1,25.6,bottom 50%
BTCUSDT,2026-03-10,2.3,0–20,0.0,0.0,0.0,0.0,0.0,0.0,0.0,0.3281,0.057139,1,19.6,bottom 50%
BTCUSDT,2026-03-11,0.6,0–20,0.0,0.0,0.0,0.0,0.0,0.0,0.0,0.0907,0.014824,1,9.4,bottom 50%
BTCUSDT,2026-03-12,0.0,0–20,0.0,0.0,0.0,0.0,0.0,0.0,0.0,0.0,-0.008237,0,3.4,bottom 50%
BTCUSDT,2026-03-13,0.0,0–20,0.0,0.0,0.0,0.0,0.0,0.0,0.0,0.0,-0.00628,0,3.4,bottom 50%
BTCUSDT,2026-03-14,0.4,0–20,0.0,0.0,0.0,0.0,0.0,0.0,0.0,0.0572,-0.035149,0,8.4,bottom 50%
BTCUSDT,2026-03-15,3.0,0–20,0.0,0.0,0.0,0.0,0.0,0.0,0.0,0.4277,-0.067931,0,23.4,bottom 50%
BTCUSDT,2026-03-16,3.6,0–20,0.0,0.0,0.0,0.0,0.0,0.0,0.0,0.5096,-0.052714,0,26.7,bottom 50%
BTCUSDT,2026-03-17,1.4,0–20,0.0,0.0,0.0,0.0,0.0,0.0,0.0,0.1955,-0.046057,0,14.1,bottom 50%
BTCUSDT,2026-03-18,1.8,0–20,0.0,0.0,0.0,0.0,0.0,0.0,0.0,0.2615,0.000903,1,16.5,bottom 50%
BTCUSDT,2026-03-19,3.5,0–20,0.0348,0.0,0.0,0.0,0.0,0.0,0.0,0.3973,-0.016037,0,26.1,bottom 50%
BTCUSDT,2026-03-20,3.0,0–20,0.0033,0.0,0.0,0.0,0.0,0.0,0.0,0.4189,-0.059332,0,23.4,bottom 50%
BTCUSDT,2026-03-21,6.3,0–20,0.0917,0.0,0.0,0.0,0.0,0.0,0.0,0.6369,-0.03481,0,37.7,bottom 50%
BTCUSDT,2026-03-22,5.0,0–20,0.1315,0.0,0.0,0.0,0.0,0.0,0.0,0.3434,-0.027862,0,33.4,bottom 50%
BTCUSDT,2026-03-23,1.5,0–20,0.0,0.0,0.0,0.0,0.0,0.0,0.0,0.2151,-0.059556,0,14.8,bottom 50%
BTCUSDT,2026-03-24,0.0,0–20,0.0,0.0,0.0,0.0,0.0,0.0,0.0,0.0,-0.032397,0,3.4,bottom 50%
BTCUSDT,2026-03-25,0.0,0–20,0.0,0.0,0.0,0.0,0.0,0.0,0.0,0.0,-0.045314,0,3.4,bottom 50%
BTCUSDT,2026-03-26,1.8,0–20,0.0772,0.0,0.0,0.0,0.0,0.0,0.0,0.0422,-0.027664,0,16.5,bottom 50%
BTCUSDT,2026-03-27,3.9,0–20,0.1813,0.0,0.0,0.0,0.0,0.0,0.0,0.0416,0.008935,1,28.3,bottom 50%
BTCUSDT,2026-03-28,6.1,0–20,0.182,0.0,0.0,0.0,0.0,0.0,0.0,0.3505,0.014638,1,37.2,bottom 50%
BTCUSDT,2026-03-29,5.0,0–20,0.1976,0.0,0.0,0.0,0.0,0.0,0.0,0.1446,0.045895,1,33.4,bottom 50%
BTCUSDT,2026-03-30,3.6,0–20,0.1499,0.0,0.0,0.0,0.0,0.0,0.0,0.0925,0.032514,1,26.7,bottom 50%
BTCUSDT,2026-03-31,1.1,0–20,0.0553,0.0,0.0,0.0,0.0,0.0,0.0,0.0,0.054334,1,12.2,bottom 50%
BTCUSDT,2026-04-01,12.3,0–20,0.0636,0.0,0.0,0.0,0.8454,0.0,0.0,0.0,0.044725,1,61.9,top 50%
BTCUSDT,2026-04-02,13.5,0–20,0.1273,0.0,0.0,0.0,0.8454,0.0,0.0,0.0,0.072946,1,70.3,top 50%
BTCUSDT,2026-04-03,13.5,0–20,0.1244,0.0,0.0,0.0,0.8454,0.0,0.0,0.0,0.090361,1,70.3,top 50%
BTCUSDT,2026-04-04,13.0,0–20,0.0983,0.0,0.0,0.0,0.8454,0.0,0.0,0.0,0.085655,1,66.6,top 50%
BTCUSDT,2026-04-05,11.0,0–20,0.0,0.0,0.0,0.0,0.8454,0.0,0.0,0.0,0.025681,1,54.9,top 50%
BTCUSDT,2026-04-06,11.0,0–20,0.0,0.0,0.0,0.0,0.8454,0.0,0.0,0.0,0.081685,1,54.9,top 50%
BTCUSDT,2026-04-07,11.0,0–20,0.0,0.0,0.0,0.0,0.8454,0.0,0.0,0.0,0.031149,1,54.9,top 50%
BTCUSDT,2026-04-08,11.0,0–20,0.0,0.0,0.0,0.0,0.8454,0.0,0.0,0.0,0.051765,1,54.9,top 50%
BTCUSDT,2026-04-09,11.0,0–20,0.0,0.0,0.0,0.0,0.8454,0.0,0.0,0.0,0.047156,1,54.9,top 50%
BTCUSDT,2026-04-10,11.1,0–20,0.0,0.0,0.0,0.0,0.8454,0.0,0.0,0.0208,0.056836,1,55.9,top 50%
BTCUSDT,2026-04-11,11.5,0–20,0.0,0.0,0.0,0.0,0.8454,0.0,0.0,0.0793,0.036575,1,57.1,top 50%
BTCUSDT,2026-04-12,11.5,0–20,0.0,0.0,0.0,0.0,0.8454,0.0,0.0,0.0711,0.043856,1,57.1,top 50%
BTCUSDT,2026-04-13,11.3,0–20,0.0,0.0,0.0,0.0,0.8454,0.0,0.0,0.045,0.018633,1,56.5,top 50%
BTCUSDT,2026-04-14,11.2,0–20,0.0,0.0,0.0,0.0,0.8454,0.0,0.0,0.0332,0.029268,1,56.2,top 50%
BTCUSDT,2026-04-15,13.2,0–20,0.0,0.0,0.0,0.0,0.8454,0.0,0.0,0.312,0.045425,1,68.4,top 50%
BTCUSDT,2026-04-16,14.6,0–20,0.0,0.0,0.0,0.0,0.8454,0.0,0.0,0.5207,0.041473,1,77.8,top 25%
BTCUSDT,2026-04-17,13.5,0–20,0.0,0.0,0.0,0.0,0.8454,0.0,0.0,0.3644,0.004258,1,70.3,top 50%
BTCUSDT,2026-04-18,15.6,0–20,0.0,0.0,0.0,0.0,0.8454,0.0,0.0,0.6574,0.024903,1,83.1,top 25%
BTCUSDT,2026-04-19,14.9,0–20,0.0,0.0,0.0,0.0,0.8454,0.0,0.0,0.5591,0.065007,1,79.4,top 25%
BTCUSDT,2026-04-20,14.4,0–20,0.0,0.0,0.0,0.0,0.8454,0.0,0.0,0.4884,0.019692,1,76.7,top 25%
BTCUSDT,2026-04-21,14.7,0–20,0.0,0.0,0.0,0.0,0.8454,0.0,0.0,0.5278,-2.8e-05,0,78.4,top 25%
BTCUSDT,2026-04-22,16.4,0–20,0.0,0.0,0.0,0.0,0.8454,0.0,0.0,0.776,-0.031034,0,87.5,top 25%
BTCUSDT,2026-04-23,15.7,0–20,0.0,0.0,0.0,0.0,0.8454,0.0,0.0,0.6791,-0.025101,0,84.2,top 25%
BTCUSDT,2026-04-24,14.6,0–20,0.0,0.0,0.0,0.0,0.8454,0.0,0.0,0.5116,0.009343,1,77.8,top 25%
BTCUSDT,2026-04-25,14.6,0–20,0.0,0.0,0.0,0.0,0.8454,0.0,0.0,0.5109,0.013467,1,77.8,top 25%
BTCUSDT,2026-04-26,14.9,0–20,0.0,0.0,0.0,0.0,0.8454,0.0,0.0,0.5605,-0.001517,0,79.4,top 25%
BTCUSDT,2026-04-27,14.0,0–20,0.0,0.0,0.0,0.0,0.8454,0.0,0.0,0.4306,0.031813,1,73.1,top 50%
BTCUSDT,2026-04-28,14.4,0–20,0.0,0.0,0.0,0.0,0.8454,0.0,0.0,0.49,0.059939,1,76.7,top 25%
BTCUSDT,2026-04-29,13.7,0–20,0.0,0.0,0.0,0.0,0.8454,0.0,0.0,0.3877,0.07458,1,71.5,top 50%
BTCUSDT,2026-04-30,13.2,0–20,0.0,0.0,0.0,0.0,0.8454,0.0,0.0,0.3121,0.048564,1,68.4,top 50%
BTCUSDT,2026-05-01,9.9,0–20,0.0,0.0,0.0,0.0,0.5591,0.0,0.0,0.3812,0.025682,1,51.9,top 50%
BTCUSDT,2026-05-02,10.6,0–20,0.0,0.0,0.0,0.0,0.5591,0.0,0.0,0.4751,0.025517,1,53.3,top 50%
BTCUSDT,2026-05-03,8.2,0–20,0.0,0.0,0.0,0.0,0.5591,0.0,0.0,0.1289,0.045847,1,47.7,bottom 50%
BTCUSDT,2026-05-04,8.1,0–20,0.0,0.0,0.0,0.0,0.5591,0.0,0.0,0.1132,0.023806,1,47.5,bottom 50%
BTCUSDT,2026-05-05,8.0,0–20,0.0,0.0,0.0,0.0,0.5591,0.0,0.0,0.1063,-0.005555,0,47.2,bottom 50%
BTCUSDT,2026-05-06,8.7,0–20,0.0,0.0,0.0,0.0,0.5591,0.0,0.0,0.2098,-0.026409,0,48.8,bottom 50%
BTCUSDT,2026-05-07,8.0,0–20,0.0,0.0,0.0,0.0,0.5591,0.0,0.0,0.1009,0.013014,1,47.2,bottom 50%
BTCUSDT,2026-05-08,8.6,0–20,0.0,0.0,0.0,0.0,0.5591,0.0,0.0,0.1896,-0.013981,0,48.3,bottom 50%
BTCUSDT,2026-05-09,10.1,0–20,0.0,0.0,0.0,0.0,0.5591,0.0,0.0,0.4085,-0.031401,0,52.4,top 50%
BTCUSDT,2026-05-10,9.6,0–20,0.0,0.0,0.0,0.0,0.5591,0.0,0.0,0.3381,-0.057337,0,51.1,top 50%
BTCUSDT,2026-05-11,9.6,0–20,0.0,0.0,0.0,0.0,0.5591,0.0,0.0,0.3336,-0.058415,0,51.1,top 50%
BTCUSDT,2026-05-12,8.1,0–20,0.0,0.0,0.0,0.0,0.5591,0.0,0.0,0.1162,-0.046306,0,47.5,bottom 50%
BTCUSDT,2026-05-13,8.1,0–20,0.0,0.0,0.0,0.0,0.5591,0.0,0.0,0.1211,-0.022949,0,47.5,bottom 50%
BTCUSDT,2026-05-14,8.7,0–20,0.0,0.0,0.0,0.0,0.5591,0.0,0.0,0.2081,-0.043332,0,48.8,bottom 50%
BTCUSDT,2026-05-15,9.2,0–20,0.0,0.0,0.0,0.0,0.5591,0.0,0.0,0.2807,-0.045246,0,50.2,top 50%
BTCUSDT,2026-05-16,9.0,0–20,0.0222,0.0,0.0,0.0,0.5591,0.0,0.0,0.1866,-0.018662,0,49.7,bottom 50%
BTCUSDT,2026-05-17,10.0,0–20,0.0689,0.0,0.0,0.0,0.5591,0.0,0.0,0.1934,-0.005789,0,52.1,top 50%
BTCUSDT,2026-05-18,10.6,0–20,0.1003,0.0,0.0,0.0,0.5591,0.0,0.0,0.186,0.004233,1,53.3,top 50%
BTCUSDT,2026-05-19,11.9,0–20,0.114,0.0,0.0,0.0,0.5591,0.0,0.0,0.3296,-0.012054,0,59.5,top 50%
BTCUSDT,2026-05-20,9.6,0–20,0.0538,0.0,0.0,0.0,0.5591,0.0,0.0,0.1773,-0.040191,0,51.1,top 50%
BTCUSDT,2026-05-21,8.2,0–20,0.0467,0.0,0.0,0.0,0.5591,0.0,0.0,0.0,-0.051621,0,47.7,bottom 50%
BTCUSDT,2026-05-22,11.1,0–20,0.1926,0.0,0.0,0.0,0.5591,0.0,0.0,0.0,-0.028027,0,55.9,top 50%
BTCUSDT,2026-05-23,9.0,0–20,0.0889,0.0,0.0,0.0,0.5591,0.0,0.0,0.0,-0.038064,0,49.7,bottom 50%
BTCUSDT,2026-05-24,8.5,0–20,0.0631,0.0,0.0,0.0,0.5591,0.0,0.0,0.0,-0.044185,0,48.1,bottom 50%
BTCUSDT,2026-05-25,8.0,0–20,0.0373,0.0,0.0,0.0,0.5591,0.0,0.0,0.0,-0.077124,0,47.2,bottom 50%
BTCUSDT,2026-05-26,10.2,0–20,0.1458,0.0,0.0,0.0,0.5591,0.0,0.0,0.0,-0.120303,0,52.5,top 50%
BTCUSDT,2026-05-27,12.1,0–20,0.2397,0.0,0.0,0.0,0.5591,0.0,0.0,0.0,-0.138952,0,60.5,top 50%
BTCUSDT,2026-05-28,15.2,0–20,0.2858,0.0,0.0,0.0,0.5591,0.0,0.3123,0.0,-0.132383,0,81.3,top 25%
BTCUSDT,2026-05-29,13.2,0–20,0.2952,0.0,0.0,0.0,0.5591,0.0,0.0,0.0,-0.16968,0,68.4,top 50%
BTCUSDT,2026-05-30,12.3,0–20,0.254,0.0,0.0,0.0,0.5591,0.0,0.0,0.0,-0.174733,0,61.9,top 50%
BTCUSDT,2026-05-31,12.6,0–20,0.2655,0.0,0.0,0.0,0.5591,0.0,0.0,0.0,-0.14053,0,63.9,top 50%
BTCUSDT,2026-06-01,10.4,0–20,0.3954,0.0271,0.0,0.0,0.0,0.0,0.2984,0.0,-0.115384,0,52.9,top 50%
BTCUSDT,2026-06-02,20.3,20–40,0.5647,0.2943,0.0,0.0,0.0,0.0,0.6623,0.0,-0.075856,0,97.3,top 10%
BTCUSDT,2026-06-03,21.3,20–40,0.6297,0.2782,0.0,0.0,0.0,0.0,0.6405,0.0,-0.04007,0,97.9,top 10%
BTCUSDT,2026-06-04,19.9,0–20,0.6344,0.1104,0.0,0.0,0.0,0.0,0.7868,0.0,-0.00377,0,96.0,top 10%
BTCUSDT,2026-06-05,21.1,20–40,0.691,0.1241,0.0,0.0,0.0,0.0,0.7767,0.0,0.043014,1,97.8,top 10%
BTCUSDT,2026-06-06,13.8,0–20,0.692,0.0,0.0,0.0,0.0,0.0,0.0,0.0,0.058388,1,72.1,top 50%
BTCUSDT,2026-06-07,9.5,0–20,0.4745,0.0,0.0,0.0,0.0,0.0,0.0,0.0,0.039072,1,50.8,top 50%
BTCUSDT,2026-06-08,9.6,0–20,0.479,0.0,0.0,0.0,0.0,0.0,0.0,0.0,0.050703,1,51.1,top 50%
BTCUSDT,2026-06-09,10.4,0–20,0.5221,0.0,0.0,0.0,0.0,0.0,0.0,0.0,0.064189,1,52.9,top 50%
BTCUSDT,2026-06-10,10.6,0–20,0.5278,0.0,0.0,0.0,0.0,0.0,0.0,0.0,0.048319,1,53.3,top 50%
BTCUSDT,2026-06-11,6.8,0–20,0.3421,0.0,0.0,0.0,0.0,0.0,0.0,0.0,-0.010456,0,38.9,bottom 50%
BTCUSDT,2026-06-12,6.9,0–20,0.3429,0.0,0.0,0.0,0.0,0.0,0.0,0.0,-3.7e-05,0,39.1,bottom 50%
BTCUSDT,2026-06-13,5.4,0–20,0.2686,0.0,0.0,0.0,0.0,0.0,0.0,0.0,-0.00282,0,35.0,bottom 50%
BTCUSDT,2026-06-14,3.3,0–20,0.1666,0.0,0.0,0.0,0.0,0.0,0.0,0.0,-0.037633,0,25.2,bottom 50%
BTCUSDT,2026-06-15,2.5,0–20,0.123,0.0,0.0,0.0,0.0,0.0,0.0,0.0,-0.03526,0,20.9,bottom 50%
BTCUSDT,2026-06-16,3.3,0–20,0.1631,0.0,0.0,0.0,0.0,0.0,0.0,0.0,-0.044704,0,25.2,bottom 50%
BTCUSDT,2026-06-17,4.6,0–20,0.2284,0.0,0.0,0.0,0.0,0.0,0.0,0.0,-0.053142,0,31.5,bottom 50%
BTCUSDT,2026-06-18,6.1,0–20,0.3036,0.0,0.0,0.0,0.0,0.0,0.0,0.0,-0.050477,0,37.2,bottom 50%
BTCUSDT,2026-06-19,5.0,0–20,0.2481,0.0,0.0,0.0,0.0,0.0,0.0,0.0,-0.055467,0,33.4,bottom 50%
BTCUSDT,2026-06-20,3.8,0–20,0.189,0.0,0.0,0.0,0.0,0.0,0.0,0.0,-0.06693,0,27.8,bottom 50%
BTCUSDT,2026-06-21,4.9,0–20,0.2443,0.0,0.0,0.0,0.0,0.0,0.0,0.0,-0.058592,0,32.8,bottom 50%
BTCUSDT,2026-06-22,3.6,0–20,0.1824,0.0,0.0,0.0,0.0,0.0,0.0,0.0,-0.059634,0,26.7,bottom 50%
BTCUSDT,2026-06-23,5.1,0–20,0.2542,0.0,0.0,0.0,0.0,0.0,0.0,0.0,-0.06557,0,33.9,bottom 50%
BTCUSDT,2026-06-24,8.9,0–20,0.336,0.0,0.0,0.0,0.0,0.0,0.3066,0.0,-0.016253,0,49.4,bottom 50%
BTCUSDT,2026-06-25,12.8,0–20,0.3908,0.0266,0.0,0.0,0.0,0.0,0.4011,0.2531,0.029531,1,65.0,top 50%
BTCUSDT,2026-06-26,10.9,0–20,0.3628,0.0,0.0,0.0,0.0,0.0,0.3319,0.1848,0.042118,1,54.1,top 50%
BTCUSDT,2026-06-27,7.7,0–20,0.3663,0.0,0.0,0.0,0.0,0.0,0.0,0.0528,0.052523,1,46.4,bottom 50%
BTCUSDT,2026-06-28,7.7,0–20,0.3861,0.0,0.0,0.0,0.0,0.0,0.0,0.0,0.067451,1,46.4,bottom 50%
BTCUSDT,2026-06-29,6.4,0–20,0.3202,0.0,0.0,0.0,0.0,0.0,0.0,0.0,0.064129,1,38.0,bottom 50%
BTCUSDT,2026-06-30,8.0,0–20,0.4002,0.0,0.0,0.0,0.0,0.0,0.0,0.0,0.080919,1,47.2,bottom 50%
BTCUSDT,2026-07-01,17.4,0–20,0.2548,0.0,0.0,0.0,0.9458,0.0,0.0,0.0,0.037561,1,90.3,top 10%
BTCUSDT,2026-07-02,14.8,0–20,0.1257,0.0,0.0,0.0,0.9458,0.0,0.0,0.0,0.027777,1,78.8,top 25%
BTCUSDT,2026-07-03,13.2,0–20,0.0431,0.0,0.0,0.0,0.9458,0.0,0.0,0.0,0.025309,1,68.4,top 50%
BTCUSDT,2026-07-04,12.3,0–20,0.0024,0.0,0.0,0.0,0.9458,0.0,0.0,0.0,0.011313,1,61.9,top 50%
BTCUSDT,2026-07-05,12.3,0–20,0.0,0.0,0.0,0.0,0.9458,0.0,0.0,0.0,0.00331,1,61.9,top 50%
BTCUSDT,2026-07-06,12.3,0–20,0.0,0.0,0.0,0.0,0.9458,0.0,0.0,0.0,-0.027438,0,61.9,top 50%
BTCUSDT,2026-07-07,12.3,0–20,0.0,0.0,0.0,0.0,0.9458,0.0,0.0,0.0,0.026205,1,61.9,top 50%
BTCUSDT,2026-07-08,13.8,0–20,0.0749,0.0,0.0,0.0,0.9458,0.0,0.0,0.0,0.03943,1,72.1,top 50%
BTCUSDT,2026-07-09,12.3,0–20,0.0,0.0,0.0,0.0,0.9458,0.0,0.0,0.0,0.009434,1,61.9,top 50%
BTCUSDT,2026-07-10,12.3,0–20,0.0,0.0,0.0,0.0,0.9458,0.0,0.0,0.0,-0.00355,0,61.9,top 50%
BTCUSDT,2026-07-11,12.7,0–20,0.0,0.0,0.0,0.0,0.9458,0.0,0.0,0.0597,0.015588,1,64.5,top 50%
BTCUSDT,2026-07-12,12.3,0–20,0.0,0.0,0.0,0.0,0.9458,0.0,0.0,0.0,0.014627,1,61.9,top 50%
BTCUSDT,2026-07-13,14.0,0–20,0.0873,0.0,0.0,0.0,0.9458,0.0,0.0,0.0,0.048055,1,73.1,top 50%
BTCUSDT,2026-07-14,13.6,0–20,0.0,0.0,0.0,0.0,0.9458,0.0,0.0,0.1852,0.023847,1,70.9,top 50%
BTCUSDT,2026-07-15,14.9,0–20,0.0,0.0,0.0,0.0,0.9458,0.0,0.0,0.3722,0.021455,1,79.4,top 25%
BTCUSDT,2026-07-16,14.5,0–20,0.0,0.0,0.0,0.0,0.9458,0.0,0.0,0.3153,0.019682,1,77.3,top 25%
BTCUSDT,2026-07-17,14.5,0–20,0.0,0.0,0.0,0.0,0.9458,0.0,0.0,0.3192,0.003115,1,77.3,top 25%
BTCUSDT,2026-07-18,14.0,0–20,0.0,0.0,0.0,0.0,0.9458,0.0,0.0,0.2367,-0.007482,0,73.1,top 50%
BTCUSDT,2026-07-19,15.1,0–20,0.0,0.0,0.0,0.0,0.9458,0.0,0.0,0.3989,0.01004,1,80.7,top 25%
BTCUSDT,2026-07-20,16.0,0–20,0.0,0.0,0.0,0.0,0.9458,0.0,0.0,0.5296,-0.023074,0,85.9,top 25%
BTCUSDT,2026-07-21,14.6,0–20,0.0,0.0,0.0,0.0,0.9458,0.0,0.0,0.3289,-0.039602,0,77.8,top 25%
BTCUSDT,2026-07-22,13.7,0–20,0.0,0.0,0.0,0.0,0.9458,0.0,0.0,0.2031,-0.033171,0,71.5,top 50%
BTCUSDT,2026-07-23,13.6,0–20,0.0,0.0,0.0,0.0,0.9458,0.0,0.0,0.1808,-0.004912,0,70.9,top 50%
BTCUSDT,2026-07-24,13.3,0–20,0.0081,0.0,0.0,0.0,0.9458,0.0,0.0,0.1258,-0.020043,0,69.0,top 50%
BTCUSDT,2026-07-25,13.2,0–20,0.0,0.0,0.0,0.0,0.9458,0.0,0.0,0.1305,-0.024078,0,68.4,top 50%
BTCUSDT,2026-07-26,13.6,0–20,0.0,0.0,0.0,0.0,0.9458,0.0,0.0,0.1927,-0.02844,0,70.9,top 50%
ETHUSDT,2017-11-29,15.0,0–20,0.0874,0.0,0.0,0.0,0.0,0.0,0.8864,1.0,0.002491,1,81.2,top 25%
ETHUSDT,2017-11-30,10.4,0–20,0.0054,0.0,0.0,0.0,0.0,0.0,0.4634,1.0,-0.028418,0,51.5,top 50%
ETHUSDT,2017-12-01,15.8,0–20,0.0,0.0,0.0,0.0,0.6747,0.0,0.0,1.0,-0.022525,0,86.6,top 25%
ETHUSDT,2017-12-02,15.8,0–20,0.0,0.0,0.0,0.0,0.6747,0.0,0.0,1.0,0.021692,1,86.6,top 25%
ETHUSDT,2017-12-03,15.8,0–20,0.0,0.0,0.0,0.0,0.6747,0.0,0.0,1.0,-0.051802,0,86.6,top 25%
ETHUSDT,2017-12-04,15.8,0–20,0.0,0.0,0.0,0.0,0.6747,0.0,0.0,1.0,0.095558,1,86.6,top 25%
ETHUSDT,2017-12-05,15.8,0–20,0.0,0.0,0.0,0.0,0.6747,0.0,0.0,1.0,0.406125,1,86.6,top 25%
ETHUSDT,2017-12-06,21.4,20–40,0.1102,0.0,0.0,0.0,0.6747,0.0,0.4942,1.0,0.639726,1,98.4,top 10%
ETHUSDT,2017-12-07,20.8,20–40,0.0806,0.0,0.0,0.0,0.6747,0.0,0.4889,1.0,0.601757,1,98.1,top 10%
ETHUSDT,2017-12-08,15.8,0–20,0.0,0.0,0.0,0.0,0.6747,0.0,0.0,1.0,0.50088,1,86.6,top 25%
ETHUSDT,2017-12-09,15.8,0–20,0.0,0.0,0.0,0.0,0.6747,0.0,0.0,1.0,0.47034,1,86.6,top 25%
ETHUSDT,2017-12-10,16.7,0–20,0.0456,0.0,0.0,0.0,0.6747,0.0,0.0,1.0,0.629931,1,89.7,top 25%
ETHUSDT,2017-12-11,15.8,0–20,0.0,0.0,0.0,0.0,0.6747,0.0,0.0,1.0,0.542593,1,86.6,top 25%
ETHUSDT,2017-12-12,15.8,0–20,0.0,0.0,0.0,0.0,0.6747,0.0,0.0,1.0,0.269241,1,86.6,top 25%
ETHUSDT,2017-12-13,14.8,0–20,0.0,0.0,0.0,0.0,0.6747,0.0,0.0,0.8616,0.165516,1,79.4,top 25%
ETHUSDT,2017-12-14,8.8,0–20,0.0,0.0,0.0,0.0,0.6747,0.0,0.0,0.0,0.18,1,42.3,bottom 50%
ETHUSDT,2017-12-15,8.8,0–20,0.0,0.0,0.0,0.0,0.6747,0.0,0.0,0.0,-0.014008,0,42.3,bottom 50%
ETHUSDT,2017-12-16,13.2,0–20,0.0,0.0,0.0,0.0,0.6747,0.0,0.0,0.6281,0.033292,1,69.5,top 50%
ETHUSDT,2017-12-17,15.8,0–20,0.0,0.0,0.0,0.0,0.6747,0.0,0.0,1.0,-0.035872,0,86.6,top 25%
ETHUSDT,2017-12-18,15.8,0–20,0.0,0.0,0.0,0.0,0.6747,0.0,0.0,1.0,-0.036256,0,86.6,top 25%
ETHUSDT,2017-12-19,15.8,0–20,0.0,0.0,0.0,0.0,0.6747,0.0,0.0,1.0,-0.064085,0,86.6,top 25%
ETHUSDT,2017-12-20,15.8,0–20,0.0,0.0,0.0,0.0,0.6747,0.0,0.0,1.0,-0.068667,0,86.6,top 25%
ETHUSDT,2017-12-21,15.8,0–20,0.0,0.0,0.0,0.0,0.6747,0.0,0.0,1.0,-0.102355,0,86.6,top 25%
ETHUSDT,2017-12-22,22.4,20–40,0.0,0.0,0.0,0.0,0.6747,0.0,0.9512,1.0,0.116664,1,98.9,top 10%
ETHUSDT,2017-12-23,15.8,0–20,0.0,0.0,0.0,0.0,0.6747,0.0,0.0,1.0,-0.002961,0,86.6,top 25%
ETHUSDT,2017-12-24,15.8,0–20,0.0,0.0,0.0,0.0,0.6747,0.0,0.0,1.0,0.090161,1,86.6,top 25%
ETHUSDT,2017-12-25,15.8,0–20,0.0,0.0,0.0,0.0,0.6747,0.0,0.0,1.0,0.008888,1,86.6,top 25%
ETHUSDT,2017-12-26,15.8,0–20,0.0,0.0,0.0,0.0,0.6747,0.0,0.0,1.0,0.142935,1,86.6,top 25%
ETHUSDT,2017-12-27,15.8,0–20,0.0,0.0,0.0,0.0,0.6747,0.0,0.0,1.0,0.262018,1,86.6,top 25%
ETHUSDT,2017-12-28,15.8,0–20,0.0,0.0,0.0,0.0,0.6747,0.0,0.0,1.0,0.330925,1,86.6,top 25%
ETHUSDT,2017-12-29,15.8,0–20,0.0,0.0,0.0,0.0,0.6747,0.0,0.0,1.0,0.323952,1,86.6,top 25%
ETHUSDT,2017-12-30,15.8,0–20,0.0,0.0,0.0,0.0,0.6747,0.0,0.0,1.0,0.452311,1,86.6,top 25%
ETHUSDT,2017-12-31,15.8,0–20,0.0,0.0,0.0,0.0,0.6747,0.0,0.0,1.0,0.52388,1,86.6,top 25%
ETHUSDT,2018-01-01,6.1,0–20,0.0,0.0,0.0,0.0,0.0,0.0,0.0,0.8661,0.486499,1,26.5,bottom 50%
ETHUSDT,2018-01-02,2.0,0–20,0.0,0.0,0.0,0.0,0.0,0.0,0.0,0.2925,0.469556,1,10.7,bottom 50%
ETHUSDT,2018-01-03,3.7,0–20,0.0,0.0,0.0,0.0,0.0,0.0,0.0,0.5304,0.30445,1,17.4,bottom 50%
ETHUSDT,2018-01-04,2.3,0–20,0.0,0.0,0.0,0.0,0.0,0.0,0.0,0.3278,0.177392,1,12.0,bottom 50%
ETHUSDT,2018-01-05,4.0,0–20,0.0,0.0,0.0,0.0,0.0,0.0,0.0,0.5731,0.27611,1,18.8,bottom 50%
ETHUSDT,2018-01-06,3.5,0–20,0.0,0.0,0.0,0.0,0.0,0.0,0.0,0.4931,0.340546,1,16.7,bottom 50%
ETHUSDT,2018-01-07,5.2,0–20,0.0,0.0,0.0,0.0,0.0,0.0,0.0,0.7367,0.185229,1,23.3,bottom 50%
ETHUSDT,2018-01-08,6.9,0–20,0.0,0.0,0.0,0.0,0.0,0.0,0.0,0.9804,0.124847,1,28.4,bottom 50%
ETHUSDT,2018-01-09,7.0,0–20,0.0,0.0,0.0,0.0,0.0,0.0,0.0,1.0,-0.189307,0,31.3,bottom 50%
ETHUSDT,2018-01-10,7.0,0–20,0.0,0.0,0.0,0.0,0.0,0.0,0.0,1.0,-0.19236,0,31.3,bottom 50%
ETHUSDT,2018-01-11,7.0,0–20,0.0,0.0,0.0,0.0,0.0,0.0,0.0,1.0,-0.102734,0,31.3,bottom 50%
ETHUSDT,2018-01-12,7.0,0–20,0.0,0.0,0.0,0.0,0.0,0.0,0.0,1.0,-0.183867,0,31.3,bottom 50%
ETHUSDT,2018-01-13,7.0,0–20,0.0,0.0,0.0,0.0,0.0,0.0,0.0,1.0,-0.172778,0,31.3,bottom 50%
ETHUSDT,2018-01-14,7.0,0–20,0.0,0.0,0.0,0.0,0.0,0.0,0.0,1.0,-0.232073,0,31.3,bottom 50%
ETHUSDT,2018-01-15,7.0,0–20,0.0,0.0,0.0,0.0,0.0,0.0,0.0,1.0,-0.223435,0,31.3,bottom 50%
ETHUSDT,2018-01-16,14.0,0–20,0.0,0.0,0.0,0.0,0.0,0.0,1.0,1.0,-0.064024,0,73.9,top 50%
ETHUSDT,2018-01-17,14.1,0–20,0.0056,0.0,0.0,0.0,0.0,0.0,1.0,1.0,0.043904,1,74.6,top 50%
ETHUSDT,2018-01-18,7.0,0–20,0.0,0.0,0.0,0.0,0.0,0.0,0.0,1.0,0.019059,1,31.3,bottom 50%
ETHUSDT,2018-01-19,7.0,0–20,0.0,0.0,0.0,0.0,0.0,0.0,0.0,1.0,0.015465,1,31.3,bottom 50%
ETHUSDT,2018-01-20,7.0,0–20,0.0,0.0,0.0,0.0,0.0,0.0,0.0,1.0,-0.041622,0,31.3,bottom 50%
ETHUSDT,2018-01-21,7.0,0–20,0.0,0.0,0.0,0.0,0.0,0.0,0.0,1.0,0.187151,1,31.3,bottom 50%
ETHUSDT,2018-01-22,5.7,0–20,0.0312,0.0,0.0,0.0,0.0,0.0,0.0,0.7259,0.178518,1,25.0,bottom 50%
ETHUSDT,2018-01-23,3.5,0–20,0.0497,0.0,0.0,0.0,0.0,0.0,0.0,0.3636,0.086086,1,16.7,bottom 50%
ETHUSDT,2018-01-24,2.1,0–20,0.0,0.0,0.0,0.0,0.0,0.0,0.0,0.3022,0.056225,1,11.1,bottom 50%
ETHUSDT,2018-01-25,5.0,0–20,0.0,0.0,0.0,0.0,0.0,0.0,0.0,0.7213,-0.018219,0,22.5,bottom 50%
ETHUSDT,2018-01-26,0.3,0–20,0.0,0.0,0.0,0.0,0.0,0.0,0.0,0.0381,-0.132097,0,4.3,bottom 50%
ETHUSDT,2018-01-27,0.0,0–20,0.0,0.0,0.0,0.0,0.0,0.0,0.0,0.0,-0.129216,0,1.9,bottom 50%
ETHUSDT,2018-01-28,0.0,0–20,0.0,0.0,0.0,0.0,0.0,0.0,0.0,0.0,-0.330116,0,1.9,bottom 50%
ETHUSDT,2018-01-29,0.0,0–20,0.0,0.0,0.0,0.0,0.0,0.0,0.0,0.0,-0.409697,0,1.9,bottom 50%
ETHUSDT,2018-01-30,0.0,0–20,0.0,0.0,0.0,0.0,0.0,0.0,0.0,0.0,-0.259546,0,1.9,bottom 50%
ETHUSDT,2018-01-31,0.0,0–20,0.0,0.0,0.0,0.0,0.0,0.0,0.0,0.0,-0.323025,0,1.9,bottom 50%
ETHUSDT,2018-02-01,8.8,0–20,0.0332,0.0,0.0,0.0,0.6242,0.0,0.0,0.0,-0.211213,0,42.3,bottom 50%
ETHUSDT,2018-02-02,15.7,0–20,0.1541,0.0,0.0,0.0,0.6242,0.0,0.6428,0.0,-0.034855,0,85.6,top 25%
ETHUSDT,2018-02-03,10.0,0–20,0.0953,0.0,0.0,0.0,0.6242,0.0,0.0,0.0,-0.107471,0,47.1,bottom 50%
ETHUSDT,2018-02-04,14.2,0–20,0.2113,0.1242,0.0,0.0,0.6242,0.0,0.0,0.0,-0.023988,0,75.3,top 25%
ETHUSDT,2018-02-05,19.6,0–20,0.3118,0.2618,0.0,0.0,0.6242,0.0,0.0,0.1914,0.244653,1,97.3,top 10%
ETHUSDT,2018-02-06,18.2,0–20,0.1975,0.0,0.0,0.0,0.6242,0.0,0.7959,0.085,0.065735,1,94.6,top 10%
ETHUSDT,2018-02-07,12.6,0–20,0.225,0.0,0.0,0.0,0.6242,0.0,0.0,0.0,0.219918,1,65.8,top 50%
ETHUSDT,2018-02-08,11.2,0–20,0.1532,0.0,0.0,0.0,0.6242,0.0,0.0,0.0,0.145718,1,56.2,top 50%
ETHUSDT,2018-02-09,9.7,0–20,0.079,0.0,0.0,0.0,0.6242,0.0,0.0,0.0,0.068274,1,45.8,bottom 50%
ETHUSDT,2018-02-10,10.1,0–20,0.1011,0.0,0.0,0.0,0.6242,0.0,0.0,0.0,0.132146,1,48.0,bottom 50%
ETHUSDT,2018-02-11,11.0,0–20,0.1443,0.0,0.0,0.0,0.6242,0.0,0.0,0.0,0.134119,1,55.0,top 50%
ETHUSDT,2018-02-12,9.7,0–20,0.0784,0.0,0.0,0.0,0.6242,0.0,0.0,0.0,0.086517,1,45.8,bottom 50%
ETHUSDT,2018-02-13,10.2,0–20,0.1026,0.0,0.0,0.0,0.6242,0.0,0.0,0.0,0.059287,1,48.9,bottom 50%
ETHUSDT,2018-02-14,8.3,0–20,0.0077,0.0,0.0,0.0,0.6242,0.0,0.0,0.0,-0.079681,0,40.3,bottom 50%
ETHUSDT,2018-02-15,8.1,0–20,0.0,0.0,0.0,0.0,0.6242,0.0,0.0,0.0,-0.13248,0,39.2,bottom 50%
ETHUSDT,2018-02-16,8.1,0–20,0.0,0.0,0.0,0.0,0.6242,0.0,0.0,0.0,-0.084749,0,39.2,bottom 50%
ETHUSDT,2018-02-17,8.1,0–20,0.0,0.0,0.0,0.0,0.6242,0.0,0.0,0.0,-0.13715,0,39.2,bottom 50%
ETHUSDT,2018-02-18,8.4,0–20,0.0138,0.0,0.0,0.0,0.6242,0.0,0.0,0.0,-0.085625,0,40.6,bottom 50%
ETHUSDT,2018-02-19,8.1,0–20,0.0,0.0,0.0,0.0,0.6242,0.0,0.0,0.0,-0.078984,0,39.2,bottom 50%
ETHUSDT,2018-02-20,9.2,0–20,0.0535,0.0,0.0,0.0,0.6242,0.0,0.0,0.0,-0.019105,0,43.9,bottom 50%
ETHUSDT,2018-02-21,10.4,0–20,0.1127,0.0,0.0,0.0,0.6242,0.0,0.0,0.0,0.006151,1,51.5,top 50%
ETHUSDT,2018-02-22,13.2,0–20,0.1591,0.0,0.0,0.0,0.6242,0.0,0.0,0.2657,0.073021,1,69.5,top 50%
ETHUSDT,2018-02-23,9.6,0–20,0.0754,0.0,0.0,0.0,0.6242,0.0,0.0,0.0,-0.008489,0,45.4,bottom 50%
ETHUSDT,2018-02-24,14.3,0–20,0.1074,0.0,0.0,0.0,0.6242,0.0,0.0,0.5824,0.019881,1,75.9,top 25%
ETHUSDT,2018-02-25,17.1,0–20,0.1,0.0,0.0,0.0,0.6242,0.0,0.0,1.0,0.025885,1,91.4,top 10%
ETHUSDT,2018-02-26,11.8,0–20,0.0564,0.0,0.0,0.0,0.6242,0.0,0.0,0.3665,-0.017981,0,61.1,top 50%
ETHUSDT,2018-02-27,11.7,0–20,0.0402,0.0,0.0,0.0,0.6242,0.0,0.0,0.398,-0.069813,0,60.5,top 50%
ETHUSDT,2018-02-28,11.7,0–20,0.0794,0.0,0.0,0.0,0.6242,0.0,0.0,0.2806,-0.119701,0,60.5,top 50%
ETHUSDT,2018-03-01,11.2,0–20,0.0455,0.0,0.0,0.0,0.7906,0.0,0.0,0.0,-0.192162,0,56.2,top 50%
ETHUSDT,2018-03-02,11.8,0–20,0.0738,0.0,0.0,0.0,0.7906,0.0,0.0,0.0,-0.14931,0,61.1,top 50%
ETHUSDT,2018-03-03,14.1,0–20,0.0729,0.0,0.0,0.0,0.7906,0.0,0.0,0.3308,-0.198705,0,74.6,top 50%
ETHUSDT,2018-03-04,11.7,0–20,0.0507,0.0,0.0,0.0,0.7906,0.0,0.0,0.0543,-0.165389,0,60.5,top 50%
ETHUSDT,2018-03-05,12.3,0–20,0.0789,0.0,0.0,0.0,0.7906,0.0,0.0,0.0587,-0.180222,0,64.1,top 50%
ETHUSDT,2018-03-06,13.4,0–20,0.1554,0.0,0.0,0.0,0.7906,0.0,0.0,0.0,-0.154384,0,70.7,top 50%
ETHUSDT,2018-03-07,17.2,0–20,0.2695,0.1017,0.0,0.0,0.7906,0.0,0.0,0.0,-0.184025,0,92.4,top 10%
ETHUSDT,2018-03-08,20.0,20–40,0.3415,0.1914,0.0,0.0,0.7906,0.0,0.0,0.0,-0.132405,0,97.7,top 10%
ETHUSDT,2018-03-09,15.7,0–20,0.2733,0.0,0.0,0.0,0.7906,0.0,0.0,0.0,-0.174574,0,85.6,top 25%
ETHUSDT,2018-03-10,18.1,0–20,0.3361,0.0747,0.0,0.0,0.7906,0.0,0.0,0.0,-0.195244,0,94.5,top 10%
ETHUSDT,2018-03-11,15.0,0–20,0.2363,0.0,0.0,0.0,0.7906,0.0,0.0,0.0,-0.255337,0,81.2,top 25%
ETHUSDT,2018-03-12,15.8,0–20,0.274,0.0,0.0,0.0,0.7906,0.0,0.0,0.0,-0.204485,0,86.6,top 25%
ETHUSDT,2018-03-13,16.0,0–20,0.2885,0.0,0.0,0.0,0.7906,0.0,0.0,0.0,-0.193467,0,87.9,top 25%
ETHUSDT,2018-03-14,19.0,0–20,0.3983,0.052,0.0,0.0,0.7906,0.0,0.0,0.0,-0.08556,0,96.7,top 10%
ETHUSDT,2018-03-15,18.3,0–20,0.4021,0.0,0.0,0.0,0.7906,0.0,0.0,0.0,-0.11713,0,95.3,top 10%
ETHUSDT,2018-03-16,18.6,0–20,0.4152,0.0,0.0,0.0,0.7906,0.0,0.0,0.0,-0.103125,0,96.1,top 10%
ETHUSDT,2018-03-17,19.8,0–20,0.4777,0.0,0.0,0.0,0.7906,0.0,0.0,0.0,-0.04765,0,97.5,top 10%
ETHUSDT,2018-03-18,24.3,20–40,0.4945,0.0,0.0,0.0,0.7906,0.0,0.5912,0.0,-0.026654,0,99.4,top 10%
ETHUSDT,2018-03-19,18.9,0–20,0.4311,0.0,0.0,0.0,0.7906,0.0,0.0,0.0,-0.119942,0,96.6,top 10%
ETHUSDT,2018-03-20,18.9,0–20,0.4294,0.0,0.0,0.0,0.7906,0.0,0.0,0.0,-0.192146,0,96.6,top 10%
ETHUSDT,2018-03-21,18.5,0–20,0.4119,0.0,0.0,0.0,0.7906,0.0,0.0,0.0,-0.20553,0,96.0,top 10%
ETHUSDT,2018-03-22,19.2,0–20,0.4472,0.0,0.0,0.0,0.7906,0.0,0.0,0.0,-0.28485,0,97.0,top 10%
ETHUSDT,2018-03-23,19.2,0–20,0.4473,0.0,0.0,0.0,0.7906,0.0,0.0,0.0,-0.26866,0,97.0,top 10%
ETHUSDT,2018-03-24,19.7,0–20,0.4694,0.0,0.0,0.0,0.7906,0.0,0.0,0.0,-0.246908,0,97.4,top 10%
ETHUSDT,2018-03-25,19.7,0–20,0.4731,0.0,0.0,0.0,0.7906,0.0,0.0,0.0,-0.275956,0,97.4,top 10%
ETHUSDT,2018-03-26,20.9,20–40,0.5294,0.0,0.0,0.0,0.7906,0.0,0.0,0.0,-0.211299,0,98.1,top 10%
ETHUSDT,2018-03-27,22.0,20–40,0.5849,0.0,0.0,0.0,0.7906,0.0,0.0,0.0,-0.07381,0,98.7,top 10%
ETHUSDT,2018-03-28,22.1,20–40,0.5899,0.0,0.0,0.0,0.7906,0.0,0.0,0.0,-0.147298,0,98.7,top 10%
ETHUSDT,2018-03-29,23.5,20–40,0.6596,0.004,0.0,0.0,0.7906,0.0,0.0,0.0,-0.007089,0,99.2,top 10%
ETHUSDT,2018-03-30,22.6,20–40,0.617,0.0,0.0,0.0,0.7906,0.0,0.0,0.0,-0.061726,0,99.0,top 10%
ETHUSDT,2018-03-31,22.4,20–40,0.6077,0.0,0.0,0.0,0.7906,0.0,0.0,0.0,-0.028106,0,98.9,top 10%
ETHUSDT,2018-04-01,22.7,20–40,0.629,0.0,0.0,0.0,0.7766,0.0,0.0,0.0,0.05506,1,99.0,top 10%
ETHUSDT,2018-04-02,21.9,20–40,0.5914,0.0,0.0,0.0,0.7766,0.0,0.0,0.0,0.031315,1,98.5,top 10%
ETHUSDT,2018-04-03,18.7,0–20,0.4321,0.0,0.0,0.0,0.7766,0.0,0.0,0.0,-0.006357,0,96.3,top 10%
ETHUSDT,2018-04-04,20.0,20–40,0.4968,0.0,0.0,0.0,0.7766,0.0,0.0,0.0,0.131383,1,97.7,top 10%
ETHUSDT,2018-04-05,19.8,0–20,0.4834,0.0,0.0,0.0,0.7766,0.0,0.0,0.0,0.286273,1,97.5,top 10%
ETHUSDT,2018-04-06,20.2,20–40,0.5064,0.0,0.0,0.0,0.7766,0.0,0.0,0.0,0.330691,1,97.8,top 10%
ETHUSDT,2018-04-07,18.6,0–20,0.4269,0.0,0.0,0.0,0.7766,0.0,0.0,0.0,0.301479,1,96.1,top 10%
ETHUSDT,2018-04-08,17.1,0–20,0.3494,0.0,0.0,0.0,0.7766,0.0,0.0,0.0,0.327569,1,91.4,top 10%
ETHUSDT,2018-04-09,17.2,0–20,0.3543,0.0,0.0,0.0,0.7766,0.0,0.0,0.0,0.282594,1,92.4,top 10%
ETHUSDT,2018-04-10,15.5,0–20,0.272,0.0,0.0,0.0,0.7766,0.0,0.0,0.0,0.214007,1,84.8,top 25%
ETHUSDT,2018-04-11,13.9,0–20,0.1912,0.0,0.0,0.0,0.7766,0.0,0.0,0.0,0.218909,1,73.4,top 50%
ETHUSDT,2018-04-12,10.1,0–20,0.0,0.0,0.0,0.0,0.7766,0.0,0.0,0.0,0.152042,1,48.0,bottom 50%
ETHUSDT,2018-04-13,10.1,0–20,0.0,0.0,0.0,0.0,0.7766,0.0,0.0,0.0,0.249593,1,48.0,bottom 50%
ETHUSDT,2018-04-14,10.1,0–20,0.0,0.0,0.0,0.0,0.7766,0.0,0.0,0.0,0.207221,1,48.0,bottom 50%
ETHUSDT,2018-04-15,10.1,0–20,0.0,0.0,0.0,0.0,0.7766,0.0,0.0,0.0,0.169565,1,48.0,bottom 50%
ETHUSDT,2018-04-16,10.1,0–20,0.0,0.0,0.0,0.0,0.7766,0.0,0.0,0.0,0.257071,1,48.0,bottom 50%
ETHUSDT,2018-04-17,13.8,0–20,0.0,0.0,0.0,0.0,0.7766,0.0,0.0,0.5333,0.408166,1,72.8,top 50%
ETHUSDT,2018-04-18,17.1,0–20,0.0,0.0,0.0,0.0,0.7766,0.0,0.0,1.0,0.172692,1,91.4,top 10%
ETHUSDT,2018-04-19,17.1,0–20,0.0,0.0,0.0,0.0,0.7766,0.0,0.0,1.0,0.167145,1,91.4,top 10%
ETHUSDT,2018-04-20,17.1,0–20,0.0,0.0,0.0,0.0,0.7766,0.0,0.0,1.0,0.050858,1,91.4,top 10%
ETHUSDT,2018-04-21,17.1,0–20,0.0,0.0,0.0,0.0,0.7766,0.0,0.0,1.0,0.129309,1,91.4,top 10%
ETHUSDT,2018-04-22,17.1,0–20,0.0,0.0,0.0,0.0,0.7766,0.0,0.0,1.0,0.107775,1,91.4,top 10%
ETHUSDT,2018-04-23,17.1,0–20,0.0,0.0,0.0,0.0,0.7766,0.0,0.0,1.0,0.042605,1,91.4,top 10%
ETHUSDT,2018-04-24,17.1,0–20,0.0,0.0,0.0,0.0,0.7766,0.0,0.0,1.0,-0.048782,0,91.4,top 10%
ETHUSDT,2018-04-25,17.1,0–20,0.0,0.0,0.0,0.0,0.7766,0.0,0.0,1.0,0.11656,1,91.4,top 10%
ETHUSDT,2018-04-26,17.1,0–20,0.0,0.0,0.0,0.0,0.7766,0.0,0.0,1.0,0.17612,1,91.4,top 10%
ETHUSDT,2018-04-27,17.1,0–20,0.0,0.0,0.0,0.0,0.7766,0.0,0.0,1.0,0.214197,1,91.4,top 10%
ETHUSDT,2018-04-28,17.1,0–20,0.0,0.0,0.0,0.0,0.7766,0.0,0.0,1.0,0.19372,1,91.4,top 10%
ETHUSDT,2018-04-29,17.1,0–20,0.0,0.0,0.0,0.0,0.7766,0.0,0.0,1.0,0.150142,1,91.4,top 10%
ETHUSDT,2018-04-30,17.1,0–20,0.0,0.0,0.0,0.0,0.7766,0.0,0.0,1.0,0.12509,1,91.4,top 10%
ETHUSDT,2018-05-01,14.8,0–20,0.0,0.0,0.0,0.0,0.6016,0.0,0.0,1.0,0.11764,1,79.4,top 25%
ETHUSDT,2018-05-02,14.8,0–20,0.0,0.0,0.0,0.0,0.6016,0.0,0.0,1.0,0.094777,1,79.4,top 25%
ETHUSDT,2018-05-03,14.8,0–20,0.0,0.0,0.0,0.0,0.6016,0.0,0.0,1.0,-0.067047,0,79.4,top 25%
ETHUSDT,2018-05-04,14.8,0–20,0.0,0.0,0.0,0.0,0.6016,0.0,0.0,1.0,-0.134973,0,79.4,top 25%
ETHUSDT,2018-05-05,14.8,0–20,0.0,0.0,0.0,0.0,0.6016,0.0,0.0,1.0,-0.159379,0,79.4,top 25%
ETHUSDT,2018-05-06,14.8,0–20,0.0,0.0,0.0,0.0,0.6016,0.0,0.0,1.0,-0.074232,0,79.4,top 25%
ETHUSDT,2018-05-07,17.3,0–20,0.0,0.0,0.0,0.0,0.6016,0.0,0.3476,1.0,-0.030749,0,93.0,top 10%
ETHUSDT,2018-05-08,14.8,0–20,0.0,0.0,0.0,0.0,0.6016,0.0,0.0,1.0,-0.058425,0,79.4,top 25%
ETHUSDT,2018-05-09,14.8,0–20,0.0,0.0,0.0,0.0,0.6016,0.0,0.0,1.0,-0.060118,0,79.4,top 25%
ETHUSDT,2018-05-10,14.8,0–20,0.0,0.0,0.0,0.0,0.6016,0.0,0.0,1.0,-0.075102,0,79.4,top 25%
ETHUSDT,2018-05-11,14.8,0–20,0.0,0.0,0.0,0.0,0.6016,0.0,0.0,1.0,0.02175,1,79.4,top 25%
ETHUSDT,2018-05-12,14.6,0–20,0.0,0.0,0.0,0.0,0.6016,0.0,0.0,0.965,0.015279,1,77.5,top 25%
ETHUSDT,2018-05-13,13.7,0–20,0.0,0.0,0.0,0.0,0.6016,0.0,0.0,0.8363,-0.024713,0,72.4,top 50%
ETHUSDT,2018-05-14,9.9,0–20,0.0,0.0,0.0,0.0,0.6016,0.0,0.0,0.3025,-0.042881,0,46.6,bottom 50%
ETHUSDT,2018-05-15,14.0,0–20,0.0,0.0,0.0,0.0,0.6016,0.0,0.0,0.8858,-0.086236,0,73.9,top 50%
ETHUSDT,2018-05-16,8.7,0–20,0.0,0.0,0.0,0.0,0.6016,0.0,0.0,0.1317,-0.17462,0,41.5,bottom 50%
ETHUSDT,2018-05-17,10.7,0–20,0.0398,0.0,0.0,0.0,0.6016,0.0,0.0,0.2956,-0.105406,0,53.1,top 50%
ETHUSDT,2018-05-18,10.2,0–20,0.0,0.0,0.0,0.0,0.6016,0.0,0.0,0.3449,-0.155009,0,48.9,bottom 50%
ETHUSDT,2018-05-19,9.8,0–20,0.0,0.0,0.0,0.0,0.6016,0.0,0.0,0.2883,-0.156849,0,46.2,bottom 50%
ETHUSDT,2018-05-20,9.9,0–20,0.0,0.0,0.0,0.0,0.6016,0.0,0.0,0.2933,-0.199479,0,46.6,bottom 50%
ETHUSDT,2018-05-21,9.5,0–20,0.0,0.0,0.0,0.0,0.6016,0.0,0.0,0.2454,-0.261985,0,45.0,bottom 50%
ETHUSDT,2018-05-22,10.3,0–20,0.1252,0.0,0.0,0.0,0.6016,0.0,0.0,0.0,-0.127139,0,50.2,top 50%
ETHUSDT,2018-05-23,15.9,0–20,0.2758,0.174,0.0,0.0,0.6016,0.0,0.0,0.0,-0.041117,0,87.6,top 25%
ETHUSDT,2018-05-24,12.1,0–20,0.2121,0.0,0.0,0.0,0.6016,0.0,0.0,0.0,-0.040066,0,62.9,top 50%
ETHUSDT,2018-05-25,12.7,0–20,0.2456,0.0,0.0,0.0,0.6016,0.0,0.0,0.0,-0.011404,0,66.4,top 50%
ETHUSDT,2018-05-26,12.7,0–20,0.2435,0.0,0.0,0.0,0.6016,0.0,0.0,0.0,0.00771,1,66.4,top 50%
ETHUSDT,2018-05-27,13.4,0–20,0.2781,0.0,0.0,0.0,0.6016,0.0,0.0,0.0,0.079734,1,70.7,top 50%
ETHUSDT,2018-05-28,16.9,0–20,0.3938,0.0787,0.0,0.0,0.6016,0.0,0.0,0.0,0.149116,1,90.2,top 10%
ETHUSDT,2018-05-29,12.1,0–20,0.2116,0.0,0.0,0.0,0.6016,0.0,0.0,0.0,0.077672,1,62.9,top 50%
ETHUSDT,2018-05-30,12.3,0–20,0.2244,0.0,0.0,0.0,0.6016,0.0,0.0,0.0,0.084944,1,64.1,top 50%
ETHUSDT,2018-05-31,11.0,0–20,0.1611,0.0,0.0,0.0,0.6016,0.0,0.0,0.0,0.04768,1,55.0,top 50%
ETHUSDT,2018-06-01,3.1,0–20,0.1526,0.0,0.0,0.0,0.0,0.0,0.0,0.0,0.036263,1,14.8,bottom 50%
ETHUSDT,2018-06-02,2.2,0–20,0.1095,0.0,0.0,0.0,0.0,0.0,0.0,0.0,0.009723,1,11.6,bottom 50%
ETHUSDT,2018-06-03,0.3,0–20,0.0173,0.0,0.0,0.0,0.0,0.0,0.0,0.0,-0.148545,0,4.3,bottom 50%
ETHUSDT,2018-06-04,1.9,0–20,0.0947,0.0,0.0,0.0,0.0,0.0,0.0,0.0,-0.100679,0,10.4,bottom 50%
ETHUSDT,2018-06-05,0.8,0–20,0.038,0.0,0.0,0.0,0.0,0.0,0.0,0.0,-0.184572,0,6.2,bottom 50%
ETHUSDT,2018-06-06,0.9,0–20,0.0451,0.0,0.0,0.0,0.0,0.0,0.0,0.0,-0.213515,0,6.7,bottom 50%
ETHUSDT,2018-06-07,1.0,0–20,0.0518,0.0,0.0,0.0,0.0,0.0,0.0,0.0,-0.141188,0,7.0,bottom 50%
ETHUSDT,2018-06-08,1.3,0–20,0.0668,0.0,0.0,0.0,0.0,0.0,0.0,0.0,-0.183126,0,8.1,bottom 50%
ETHUSDT,2018-06-09,1.6,0–20,0.0802,0.0,0.0,0.0,0.0,0.0,0.0,0.0,-0.163866,0,9.4,bottom 50%
ETHUSDT,2018-06-10,6.1,0–20,0.2993,0.0061,0.0,0.0,0.0,0.0,0.0,0.0,-0.049444,0,26.5,bottom 50%
ETHUSDT,2018-06-11,5.4,0–20,0.2681,0.0,0.0,0.0,0.0,0.0,0.0,0.0,-0.026989,0,24.1,bottom 50%
ETHUSDT,2018-06-12,9.9,0–20,0.357,0.1157,0.0,0.0,0.0,0.0,0.0,0.1519,0.08275,1,46.6,bottom 50%
ETHUSDT,2018-06-13,9.6,0–20,0.3988,0.1084,0.0,0.0,0.0,0.0,0.0,0.0,0.123088,1,45.4,bottom 50%
ETHUSDT,2018-06-14,4.8,0–20,0.2135,0.0,0.0,0.0,0.0,0.0,0.0,0.0803,0.014671,1,21.7,bottom 50%
ETHUSDT,2018-06-15,5.7,0–20,0.2831,0.0,0.0,0.0,0.0,0.0,0.0,0.0,-0.051297,0,25.0,bottom 50%
ETHUSDT,2018-06-16,4.9,0–20,0.2473,0.0,0.0,0.0,0.0,0.0,0.0,0.0,-0.05028,0,22.2,bottom 50%
ETHUSDT,2018-06-17,4.9,0–20,0.2439,0.0,0.0,0.0,0.0,0.0,0.0,0.0,-0.085475,0,22.2,bottom 50%
ETHUSDT,2018-06-18,3.3,0–20,0.1639,0.0,0.0,0.0,0.0,0.0,0.0,0.0,-0.112897,0,15.5,bottom 50%
ETHUSDT,2018-06-19,1.7,0–20,0.0861,0.0,0.0,0.0,0.0,0.0,0.0,0.0,-0.195527,0,9.7,bottom 50%
ETHUSDT,2018-06-20,1.8,0–20,0.0919,0.0,0.0,0.0,0.0,0.0,0.0,0.0,-0.175105,0,10.1,bottom 50%
ETHUSDT,2018-06-21,2.5,0–20,0.1234,0.0,0.0,0.0,0.0,0.0,0.0,0.0,-0.199106,0,12.6,bottom 50%
ETHUSDT,2018-06-22,6.1,0–20,0.3034,0.0,0.0,0.0,0.0,0.0,0.0,0.0,-0.063991,0,26.5,bottom 50%
ETHUSDT,2018-06-23,5.3,0–20,0.2639,0.0,0.0,0.0,0.0,0.0,0.0,0.0,-0.040757,0,23.6,bottom 50%
ETHUSDT,2018-06-24,10.2,0–20,0.3077,0.0,0.0,0.0,0.0,0.0,0.5811,0.0,-0.008202,0,48.9,bottom 50%
ETHUSDT,2018-06-25,5.9,0–20,0.2947,0.0,0.0,0.0,0.0,0.0,0.0,0.0,0.032667,1,25.9,bottom 50%
ETHUSDT,2018-06-26,7.3,0–20,0.3655,0.0,0.0,0.0,0.0,0.0,0.0,0.0,0.072609,1,34.5,bottom 50%
ETHUSDT,2018-06-27,6.3,0–20,0.3159,0.0,0.0,0.0,0.0,0.0,0.0,0.0,0.056408,1,27.1,bottom 50%
ETHUSDT,2018-06-28,7.3,0–20,0.3675,0.0,0.0,0.0,0.0,0.0,0.0,0.0,0.123228,1,34.5,bottom 50%
ETHUSDT,2018-06-29,5.9,0–20,0.2957,0.0,0.0,0.0,0.0,0.0,0.0,0.0,0.087161,1,25.9,bottom 50%
ETHUSDT,2018-06-30,4.0,0–20,0.2005,0.0,0.0,0.0,0.0,0.0,0.0,0.0,0.080144,1,18.8,bottom 50%
ETHUSDT,2018-07-01,15.4,0–20,0.2046,0.0,0.0,0.0,0.868,0.0,0.0,0.0,0.077549,1,84.2,top 25%
ETHUSDT,2018-07-02,13.3,0–20,0.1003,0.0,0.0,0.0,0.868,0.0,0.0,0.0,0.002809,1,70.1,top 50%
ETHUSDT,2018-07-03,14.1,0–20,0.1419,0.0,0.0,0.0,0.868,0.0,0.0,0.0,-0.064135,0,74.6,top 50%
ETHUSDT,2018-07-04,13.8,0–20,0.1262,0.0,0.0,0.0,0.868,0.0,0.0,0.0,-0.044509,0,72.8,top 50%
ETHUSDT,2018-07-05,13.1,0–20,0.0895,0.0,0.0,0.0,0.868,0.0,0.0,0.0,-0.093459,0,68.9,top 50%
ETHUSDT,2018-07-06,13.1,0–20,0.0913,0.0,0.0,0.0,0.868,0.0,0.0,0.0,-0.084354,0,68.9,top 50%
ETHUSDT,2018-07-07,11.3,0–20,0.0,0.0,0.0,0.0,0.868,0.0,0.0,0.0,-0.113033,0,57.6,top 50%
ETHUSDT,2018-07-08,11.5,0–20,0.0108,0.0,0.0,0.0,0.868,0.0,0.0,0.0,-0.080285,0,59.4,top 50%
ETHUSDT,2018-07-09,12.8,0–20,0.0749,0.0,0.0,0.0,0.868,0.0,0.0,0.0,0.008341,1,67.1,top 50%
ETHUSDT,2018-07-10,16.3,0–20,0.252,0.0,0.0,0.0,0.868,0.0,0.0,0.0,0.153256,1,88.7,top 25%
ETHUSDT,2018-07-11,14.9,0–20,0.1822,0.0,0.0,0.0,0.868,0.0,0.0,0.0,0.076134,1,80.9,top 25%
ETHUSDT,2018-07-12,17.9,0–20,0.2439,0.0,0.0,0.0,0.868,0.0,0.0,0.2426,0.091949,1,94.2,top 10%
ETHUSDT,2018-07-13,16.6,0–20,0.2201,0.0,0.0,0.0,0.868,0.0,0.0,0.1365,0.03841,1,89.4,top 25%
ETHUSDT,2018-07-14,16.8,0–20,0.2071,0.0,0.0,0.0,0.868,0.0,0.0,0.19,0.060424,1,89.9,top 25%
ETHUSDT,2018-07-15,13.7,0–20,0.1213,0.0,0.0,0.0,0.868,0.0,0.0,0.0,0.021801,1,72.4,top 50%
ETHUSDT,2018-07-16,12.5,0–20,0.0,0.0,0.0,0.0,0.868,0.0,0.0,0.171,-0.062009,0,65.2,top 50%
ETHUSDT,2018-07-17,11.3,0–20,0.0,0.0,0.0,0.0,0.868,0.0,0.0,0.0,-0.043172,0,57.6,top 50%
ETHUSDT,2018-07-18,12.4,0–20,0.0,0.0,0.0,0.0,0.868,0.0,0.0,0.1528,-0.01669,0,64.7,top 50%
ETHUSDT,2018-07-19,11.8,0–20,0.0239,0.0,0.0,0.0,0.868,0.0,0.0,0.001,-0.011886,0,61.1,top 50%
ETHUSDT,2018-07-20,13.4,0–20,0.1081,0.0,0.0,0.0,0.868,0.0,0.0,0.0,0.042086,1,70.7,top 50%
ETHUSDT,2018-07-21,14.2,0–20,0.0477,0.0,0.0,0.0,0.868,0.0,0.0,0.2834,0.009649,1,75.3,top 25%
ETHUSDT,2018-07-22,14.2,0–20,0.0608,0.0,0.0,0.0,0.868,0.0,0.0,0.2476,0.015246,1,75.3,top 25%
ETHUSDT,2018-07-23,14.5,0–20,0.1027,0.0,0.0,0.0,0.868,0.0,0.0,0.1649,0.013814,1,76.9,top 25%
ETHUSDT,2018-07-24,11.5,0–20,0.0,0.0,0.0,0.0,0.868,0.0,0.0,0.0251,-0.094928,0,59.4,top 50%
ETHUSDT,2018-07-25,11.3,0–20,0.0,0.0,0.0,0.0,0.868,0.0,0.0,0.0,-0.109517,0,57.6,top 50%
ETHUSDT,2018-07-26,11.9,0–20,0.0328,0.0,0.0,0.0,0.868,0.0,0.0,0.0,-0.110801,0,61.7,top 50%
ETHUSDT,2018-07-27,11.3,0–20,0.002,0.0,0.0,0.0,0.868,0.0,0.0,0.0,-0.109448,0,57.6,top 50%
ETHUSDT,2018-07-28,11.6,0–20,0.0175,0.0,0.0,0.0,0.868,0.0,0.0,0.0,-0.12775,0,59.9,top 50%
ETHUSDT,2018-07-29,11.9,0–20,0.0189,0.0,0.0,0.0,0.868,0.0,0.0,0.0275,-0.12032,0,61.7,top 50%
ETHUSDT,2018-07-30,15.8,0–20,0.0764,0.0,0.0,0.0,0.868,0.0,0.0,0.4239,-0.110315,0,86.6,top 25%
ETHUSDT,2018-07-31,16.5,0–20,0.1989,0.0,0.0,0.0,0.868,0.0,0.0,0.1834,-0.12366,0,89.0,top 25%
ETHUSDT,2018-08-01,8.3,0–20,0.2588,0.0151,0.0,0.0,0.0,0.0,0.0,0.4123,-0.152429,0,40.3,bottom 50%
ETHUSDT,2018-08-02,9.1,0–20,0.294,0.0608,0.0,0.0,0.0,0.0,0.0,0.3347,-0.113986,0,43.6,bottom 50%
ETHUSDT,2018-08-03,7.2,0–20,0.2496,0.0,0.0,0.0,0.0,0.0,0.0,0.3142,-0.201037,0,34.3,bottom 50%
ETHUSDT,2018-08-04,6.5,0–20,0.3,0.0,0.0,0.0,0.0,0.0,0.0,0.0716,-0.20906,0,27.6,bottom 50%
ETHUSDT,2018-08-05,5.5,0–20,0.2727,0.0,0.0,0.0,0.0,0.0,0.0,0.0,-0.221541,0,24.3,bottom 50%
ETHUSDT,2018-08-06,5.8,0–20,0.2917,0.0,0.0,0.0,0.0,0.0,0.0,0.0,-0.295489,0,25.5,bottom 50%
ETHUSDT,2018-08-07,9.0,0–20,0.4059,0.0573,0.0,0.0,0.0,0.0,0.0,0.0,-0.266383,0,43.2,bottom 50%
ETHUSDT,2018-08-08,11.6,0–20,0.4856,0.1244,0.0,0.0,0.0,0.0,0.0,0.0,-0.208206,0,59.9,top 50%
ETHUSDT,2018-08-09,8.2,0–20,0.4082,0.0,0.0,0.0,0.0,0.0,0.0,0.0,-0.212102,0,40.0,bottom 50%
ETHUSDT,2018-08-10,10.9,0–20,0.5053,0.0549,0.0,0.0,0.0,0.0,0.0,0.0,-0.055201,0,54.3,top 50%
ETHUSDT,2018-08-11,10.9,0–20,0.5367,0.0131,0.0,0.0,0.0,0.0,0.0,0.0,-0.081649,0,54.3,top 50%
ETHUSDT,2018-08-12,10.9,0–20,0.5433,0.0,0.0,0.0,0.0,0.0,0.0,0.0,-0.058629,0,54.3,top 50%
ETHUSDT,2018-08-13,12.7,0–20,0.6192,0.0186,0.0,0.0,0.0,0.0,0.0,0.0,-0.042514,0,66.4,top 50%
ETHUSDT,2018-08-14,12.7,0–20,0.6342,0.0,0.0,0.0,0.0,0.0,0.0,0.0,0.010798,1,66.4,top 50%
ETHUSDT,2018-08-15,12.1,0–20,0.6034,0.0,0.0,0.0,0.0,0.0,0.0,0.0,-0.039038,0,62.9,top 50%
ETHUSDT,2018-08-16,11.0,0–20,0.5512,0.0,0.0,0.0,0.0,0.0,0.0,0.0,-0.037987,0,55.0,top 50%
ETHUSDT,2018-08-17,6.5,0–20,0.3252,0.0,0.0,0.0,0.0,0.0,0.0,0.0,-0.103766,0,27.6,bottom 50%
ETHUSDT,2018-08-18,7.9,0–20,0.3937,0.0,0.0,0.0,0.0,0.0,0.0,0.0,-0.05465,0,38.2,bottom 50%
ETHUSDT,2018-08-19,7.1,0–20,0.3563,0.0,0.0,0.0,0.0,0.0,0.0,0.0,-0.08522,0,34.2,bottom 50%
ETHUSDT,2018-08-20,8.8,0–20,0.4415,0.0,0.0,0.0,0.0,0.0,0.0,0.0,0.04115,1,42.3,bottom 50%
ETHUSDT,2018-08-21,7.7,0–20,0.3847,0.0,0.0,0.0,0.0,0.0,0.0,0.0,0.051624,1,36.7,bottom 50%
ETHUSDT,2018-08-22,8.4,0–20,0.419,0.0,0.0,0.0,0.0,0.0,0.0,0.0,0.06623,1,40.6,bottom 50%
ETHUSDT,2018-08-23,7.5,0–20,0.3742,0.0,0.0,0.0,0.0,0.0,0.0,0.0,0.025265,1,34.8,bottom 50%
ETHUSDT,2018-08-24,6.6,0–20,0.3283,0.0,0.0,0.0,0.0,0.0,0.0,0.0,0.000131,1,27.8,bottom 50%
ETHUSDT,2018-08-25,6.8,0–20,0.3417,0.0,0.0,0.0,0.0,0.0,0.0,0.0,0.056125,1,28.1,bottom 50%
ETHUSDT,2018-08-26,7.2,0–20,0.3601,0.0,0.0,0.0,0.0,0.0,0.0,0.0,0.069674,1,34.3,bottom 50%
ETHUSDT,2018-08-27,5.4,0–20,0.2705,0.0,0.0,0.0,0.0,0.0,0.0,0.0,0.012801,1,24.1,bottom 50%
ETHUSDT,2018-08-28,3.7,0–20,0.1827,0.0,0.0,0.0,0.0,0.0,0.0,0.0,-0.036344,0,17.4,bottom 50%
ETHUSDT,2018-08-29,4.4,0–20,0.2209,0.0,0.0,0.0,0.0,0.0,0.0,0.0,-0.196954,0,20.1,bottom 50%
ETHUSDT,2018-08-30,5.0,0–20,0.2484,0.0,0.0,0.0,0.0,0.0,0.0,0.0,-0.189683,0,22.5,bottom 50%
ETHUSDT,2018-08-31,5.1,0–20,0.2544,0.0,0.0,0.0,0.0,0.0,0.0,0.0,-0.232509,0,22.9,bottom 50%
ETHUSDT,2018-09-01,2.9,0–20,0.1444,0.0,0.0,0.0,0.0,0.0,0.0,0.0,-0.329754,0,13.9,bottom 50%
ETHUSDT,2018-09-02,4.2,0–20,0.1507,0.0,0.0,0.0,0.0,0.0,0.0,0.1733,-0.331035,0,19.4,bottom 50%
ETHUSDT,2018-09-03,5.0,0–20,0.1848,0.0,0.0,0.0,0.0,0.0,0.0,0.186,-0.318676,0,22.5,bottom 50%
ETHUSDT,2018-09-04,4.4,0–20,0.2085,0.0,0.0,0.0,0.0,0.0,0.0,0.031,-0.352289,0,20.1,bottom 50%
ETHUSDT,2018-09-05,21.9,20–40,0.4623,0.4109,0.0,0.0,0.0,0.0,0.9302,0.0,-0.210906,0,98.5,top 10%
ETHUSDT,2018-09-06,18.5,0–20,0.4696,0.2307,0.0,0.0,0.0,0.0,0.8101,0.0,-0.081928,0,96.0,top 10%
ETHUSDT,2018-09-07,13.2,0–20,0.5131,0.1929,0.0,0.0,0.0,0.0,0.0,0.0,-0.02511,0,69.5,top 50%
ETHUSDT,2018-09-08,14.4,0–20,0.5694,0.2021,0.0,0.0,0.0,0.0,0.0,0.0,0.126915,1,76.4,top 25%
ETHUSDT,2018-09-09,13.2,0–20,0.5723,0.0528,0.0,0.0,0.0,0.0,0.0,0.1433,0.120173,1,69.5,top 50%
ETHUSDT,2018-09-10,11.4,0–20,0.5706,0.0,0.0,0.0,0.0,0.0,0.0,0.0,0.004039,1,58.9,top 50%
ETHUSDT,2018-09-11,12.1,0–20,0.6058,0.0,0.0,0.0,0.0,0.0,0.0,0.0,0.134595,1,62.9,top 50%
ETHUSDT,2018-09-12,12.2,0–20,0.6108,0.0,0.0,0.0,0.0,0.0,0.0,0.0,0.1453,1,63.5,top 50%
ETHUSDT,2018-09-13,6.4,0–20,0.3211,0.0,0.0,0.0,0.0,0.0,0.0,0.0,0.06263,1,27.3,bottom 50%
ETHUSDT,2018-09-14,6.3,0–20,0.3175,0.0,0.0,0.0,0.0,0.0,0.0,0.0,0.164511,1,27.1,bottom 50%
ETHUSDT,2018-09-15,4.3,0–20,0.2153,0.0,0.0,0.0,0.0,0.0,0.0,0.0,0.078028,1,19.7,bottom 50%
ETHUSDT,2018-09-16,4.6,0–20,0.2294,0.0,0.0,0.0,0.0,0.0,0.0,0.0,0.107625,1,20.9,bottom 50%
ETHUSDT,2018-09-17,6.9,0–20,0.3454,0.0,0.0,0.0,0.0,0.0,0.0,0.0,0.155932,1,28.4,bottom 50%
ETHUSDT,2018-09-18,4.8,0–20,0.2385,0.0,0.0,0.0,0.0,0.0,0.0,0.0,0.040624,1,21.7,bottom 50%
ETHUSDT,2018-09-19,4.8,0–20,0.2385,0.0,0.0,0.0,0.0,0.0,0.0,0.0,0.027995,1,21.7,bottom 50%
ETHUSDT,2018-09-20,2.3,0–20,0.1144,0.0,0.0,0.0,0.0,0.0,0.0,0.0,0.017378,1,12.0,bottom 50%
ETHUSDT,2018-09-21,0.0,0–20,0.0,0.0,0.0,0.0,0.0,0.0,0.0,0.0,-0.098068,0,1.9,bottom 50%
ETHUSDT,2018-09-22,0.0,0–20,0.0005,0.0,0.0,0.0,0.0,0.0,0.0,0.0,-0.036781,0,1.9,bottom 50%
ETHUSDT,2018-09-23,0.0,0–20,0.0,0.0,0.0,0.0,0.0,0.0,0.0,0.0,-0.046994,0,1.9,bottom 50%
ETHUSDT,2018-09-24,1.6,0–20,0.0803,0.0,0.0,0.0,0.0,0.0,0.0,0.0,0.00891,1,9.4,bottom 50%
ETHUSDT,2018-09-25,2.9,0–20,0.143,0.0,0.0,0.0,0.0,0.0,0.0,0.0,0.039706,1,13.9,bottom 50%
ETHUSDT,2018-09-26,5.4,0–20,0.159,0.0,0.0,0.0,0.0,0.0,0.0,0.3112,0.021506,1,24.1,bottom 50%
ETHUSDT,2018-09-27,4.7,0–20,0.0576,0.0,0.0,0.0,0.0,0.0,0.0,0.5091,-0.027467,0,21.2,bottom 50%
ETHUSDT,2018-09-28,9.0,0–20,0.0985,0.0,0.0,0.0,0.0,0.0,0.0,1.0,0.023377,1,43.2,bottom 50%
ETHUSDT,2018-09-29,6.2,0–20,0.0258,0.0,0.0,0.0,0.0,0.0,0.0,0.8178,-0.028126,0,26.8,bottom 50%
ETHUSDT,2018-09-30,4.4,0–20,0.0162,0.0,0.0,0.0,0.0,0.0,0.0,0.5793,-0.028899,0,20.1,bottom 50%
ETHUSDT,2018-10-01,14.5,0–20,0.0328,0.0,0.0,0.0,0.5845,0.0,0.0,0.8891,-0.006556,0,76.9,top 25%
ETHUSDT,2018-10-02,15.8,0–20,0.0622,0.0,0.0,0.0,0.5845,0.0,0.0,1.0,0.003526,1,86.6,top 25%
ETHUSDT,2018-10-03,11.7,0–20,0.1161,0.0,0.0,0.0,0.5845,0.0,0.0,0.2591,0.023947,1,60.5,top 50%
ETHUSDT,2018-10-04,12.7,0–20,0.0985,0.0,0.0,0.0,0.5845,0.0,0.0,0.4505,-0.147238,0,66.4,top 50%
ETHUSDT,2018-10-05,10.0,0–20,0.0434,0.0,0.0,0.0,0.5845,0.0,0.0,0.2141,-0.13565,0,47.1,bottom 50%
ETHUSDT,2018-10-06,10.5,0–20,0.0667,0.0,0.0,0.0,0.5845,0.0,0.0,0.2251,-0.112291,0,52.1,top 50%
ETHUSDT,2018-10-07,13.9,0–20,0.0556,0.0,0.0,0.0,0.5845,0.0,0.0,0.7371,-0.13446,0,73.4,top 50%
ETHUSDT,2018-10-08,9.8,0–20,0.0196,0.0,0.0,0.0,0.5845,0.0,0.0,0.2603,-0.085281,0,46.2,bottom 50%
ETHUSDT,2018-10-09,10.4,0–20,0.034,0.0,0.0,0.0,0.5845,0.0,0.0,0.2993,-0.078348,0,51.5,top 50%
ETHUSDT,2018-10-10,9.3,0–20,0.0598,0.0,0.0,0.0,0.5845,0.0,0.0,0.0665,-0.082766,0,44.2,bottom 50%
ETHUSDT,2018-10-11,21.6,20–40,0.3609,0.4496,0.0,0.0,0.5845,0.0,0.0,0.0,0.073103,1,98.4,top 10%
ETHUSDT,2018-10-12,14.2,0–20,0.2734,0.076,0.0,0.0,0.5845,0.0,0.0,0.0,0.035582,1,75.3,top 25%
ETHUSDT,2018-10-13,12.3,0–20,0.2365,0.0,0.0,0.0,0.5845,0.0,0.0,0.0,0.027967,1,64.1,top 50%
ETHUSDT,2018-10-14,12.9,0–20,0.2668,0.0,0.0,0.0,0.5845,0.0,0.0,0.0,0.048167,1,67.6,top 50%
ETHUSDT,2018-10-15,10.8,0–20,0.1064,0.0,0.0,0.0,0.5845,0.0,0.0,0.1544,-0.02699,0,53.7,top 50%
ETHUSDT,2018-10-16,9.6,0–20,0.102,0.0,0.0,0.0,0.5845,0.0,0.0,0.0,-0.027527,0,45.4,bottom 50%
ETHUSDT,2018-10-17,10.2,0–20,0.1296,0.0,0.0,0.0,0.5845,0.0,0.0,0.0,-0.015602,0,48.9,bottom 50%
ETHUSDT,2018-10-18,10.9,0–20,0.1636,0.0,0.0,0.0,0.5845,0.0,0.0,0.0,-0.003113,0,54.3,top 50%
ETHUSDT,2018-10-19,10.8,0–20,0.1587,0.0,0.0,0.0,0.5845,0.0,0.0,0.0,-0.001954,0,53.7,top 50%
ETHUSDT,2018-10-20,10.3,0–20,0.1353,0.0,0.0,0.0,0.5845,0.0,0.0,0.0,-0.005939,0,50.2,top 50%
ETHUSDT,2018-10-21,10.4,0–20,0.1385,0.0,0.0,0.0,0.5845,0.0,0.0,0.0,0.001092,1,51.5,top 50%
ETHUSDT,2018-10-22,10.6,0–20,0.1513,0.0,0.0,0.0,0.5845,0.0,0.0,0.0,-0.033312,0,52.6,top 50%
ETHUSDT,2018-10-23,10.5,0–20,0.1464,0.0,0.0,0.0,0.5845,0.0,0.0,0.0,-0.033181,0,52.1,top 50%
ETHUSDT,2018-10-24,10.7,0–20,0.1528,0.0,0.0,0.0,0.5845,0.0,0.0,0.0,-0.031744,0,53.1,top 50%
ETHUSDT,2018-10-25,11.0,0–20,0.1685,0.0,0.0,0.0,0.5845,0.0,0.0,0.0,-0.018977,0,55.0,top 50%
ETHUSDT,2018-10-26,10.7,0–20,0.1561,0.0,0.0,0.0,0.5845,0.0,0.0,0.0,-0.013249,0,53.1,top 50%
ETHUSDT,2018-10-27,10.3,0–20,0.1373,0.0,0.0,0.0,0.5845,0.0,0.0,0.0,-0.019705,0,50.2,top 50%
ETHUSDT,2018-10-28,9.8,0–20,0.1117,0.0,0.0,0.0,0.5845,0.0,0.0,0.0,0.010323,1,46.2,bottom 50%
ETHUSDT,2018-10-29,12.4,0–20,0.2408,0.0,0.0,0.0,0.5845,0.0,0.0,0.0,0.060047,1,64.7,top 50%
ETHUSDT,2018-10-30,12.3,0–20,0.2334,0.0,0.0,0.0,0.5845,0.0,0.0,0.0,0.105773,1,64.1,top 50%
ETHUSDT,2018-10-31,14.8,0–20,0.2362,0.0,0.0,0.0,0.5845,0.0,0.0,0.3542,0.100324,1,79.4,top 25%
ETHUSDT,2018-11-01,5.2,0–20,0.1967,0.0,0.0,0.0,0.0,0.0,0.0,0.1852,0.067174,1,23.3,bottom 50%
ETHUSDT,2018-11-02,3.9,0–20,0.1499,0.0,0.0,0.0,0.0,0.0,0.0,0.1351,0.047046,1,18.2,bottom 50%
ETHUSDT,2018-11-03,3.5,0–20,0.1589,0.0,0.0,0.0,0.0,0.0,0.0,0.0397,0.061678,1,16.7,bottom 50%
ETHUSDT,2018-11-04,0.0,0–20,0.0,0.0,0.0,0.0,0.0,0.0,0.0,0.0,0.018575,1,1.9,bottom 50%
ETHUSDT,2018-11-05,0.0,0–20,0.0,0.0,0.0,0.0,0.0,0.0,0.0,0.0,0.006346,1,1.9,bottom 50%
ETHUSDT,2018-11-06,0.0,0–20,0.0,0.0,0.0,0.0,0.0,0.0,0.0,0.0,-0.05322,0,1.9,bottom 50%
ETHUSDT,2018-11-07,0.0,0–20,0.0,0.0,0.0,0.0,0.0,0.0,0.0,0.0,-0.164773,0,1.9,bottom 50%
ETHUSDT,2018-11-08,0.0,0–20,0.0,0.0,0.0,0.0,0.0,0.0,0.0,0.0,-0.14807,0,1.9,bottom 50%
ETHUSDT,2018-11-09,0.4,0–20,0.0,0.0,0.0,0.0,0.0,0.0,0.0,0.0507,-0.166118,0,4.6,bottom 50%
ETHUSDT,2018-11-10,0.7,0–20,0.0,0.0,0.0,0.0,0.0,0.0,0.0,0.0978,-0.181299,0,5.7,bottom 50%
ETHUSDT,2018-11-11,2.4,0–20,0.0,0.0,0.0,0.0,0.0,0.0,0.0,0.3416,-0.16217,0,12.3,bottom 50%
ETHUSDT,2018-11-12,2.1,0–20,0.0,0.0,0.0,0.0,0.0,0.0,0.0,0.3046,-0.291054,0,11.1,bottom 50%
ETHUSDT,2018-11-13,2.5,0–20,0.0537,0.0,0.0,0.0,0.0,0.0,0.0,0.2003,-0.369813,0,12.6,bottom 50%
ETHUSDT,2018-11-14,18.8,0–20,0.4185,0.2621,0.0,0.0,0.0,0.0,0.7673,0.1566,-0.246399,0,96.4,top 10%
ETHUSDT,2018-11-15,16.5,0–20,0.424,0.0983,0.0,0.0,0.0,0.0,0.7393,0.1925,-0.299216,0,89.0,top 25%
ETHUSDT,2018-11-16,11.9,0–20,0.4754,0.0947,0.0,0.0,0.0,0.0,0.0,0.1447,-0.296163,0,61.7,top 50%
ETHUSDT,2018-11-17,10.4,0–20,0.4858,0.0,0.0,0.0,0.0,0.0,0.0,0.1017,-0.347739,0,51.5,top 50%
ETHUSDT,2018-11-18,9.6,0–20,0.4079,0.0,0.0,0.0,0.0,0.0,0.0,0.2079,-0.342339,0,45.4,bottom 50%
ETHUSDT,2018-11-19,20.3,20–40,0.6087,0.2067,0.0,0.0,0.0,0.0,0.7166,0.0,-0.273772,0,97.8,top 10%
ETHUSDT,2018-11-20,24.1,20–40,0.6861,0.2275,0.0,0.0,0.0,0.0,1.0,0.0,-0.15597,0,99.3,top 10%
ETHUSDT,2018-11-21,17.7,0–20,0.5729,0.0046,0.0,0.0,0.0,0.0,0.8792,0.0,-0.104337,0,94.0,top 10%
ETHUSDT,2018-11-22,12.3,0–20,0.6165,0.0,0.0,0.0,0.0,0.0,0.0,0.0,-0.07232,0,64.1,top 50%
ETHUSDT,2018-11-23,12.6,0–20,0.6304,0.0,0.0,0.0,0.0,0.0,0.0,0.0,-0.082116,0,65.8,top 50%
ETHUSDT,2018-11-24,13.4,0–20,0.6675,0.0,0.0,0.0,0.0,0.0,0.0,0.0,0.045302,1,70.7,top 50%
ETHUSDT,2018-11-25,12.3,0–20,0.6148,0.0,0.0,0.0,0.0,0.0,0.0,0.0,-0.000525,0,64.1,top 50%
ETHUSDT,2018-11-26,13.0,0–20,0.6477,0.0,0.0,0.0,0.0,0.0,0.0,0.0,0.005446,1,68.2,top 50%
ETHUSDT,2018-11-27,12.3,0–20,0.617,0.0,0.0,0.0,0.0,0.0,0.0,0.0,0.001856,1,64.1,top 50%
ETHUSDT,2018-11-28,8.1,0–20,0.4072,0.0,0.0,0.0,0.0,0.0,0.0,0.0,-0.163041,0,39.2,bottom 50%
ETHUSDT,2018-11-29,8.8,0–20,0.4382,0.0,0.0,0.0,0.0,0.0,0.0,0.0,-0.219338,0,42.3,bottom 50%
ETHUSDT,2018-11-30,9.3,0–20,0.465,0.0,0.0,0.0,0.0,0.0,0.0,0.0,-0.175635,0,44.2,bottom 50%
ETHUSDT,2018-12-01,16.3,0–20,0.3765,0.0,0.0,0.0,0.6747,0.0,0.0,0.0,-0.22317,0,88.7,top 25%
ETHUSDT,2018-12-02,16.6,0–20,0.3927,0.0,0.0,0.0,0.6747,0.0,0.0,0.0,-0.18255,0,89.4,top 25%
ETHUSDT,2018-12-03,17.7,0–20,0.4445,0.0,0.0,0.0,0.6747,0.0,0.0,0.0,-0.158268,0,94.0,top 10%
ETHUSDT,2018-12-04,17.2,0–20,0.422,0.0,0.0,0.0,0.6747,0.0,0.0,0.0,-0.192978,0,92.4,top 10%
ETHUSDT,2018-12-05,18.3,0–20,0.4749,0.0,0.0,0.0,0.6747,0.0,0.0,0.0,-0.115952,0,95.3,top 10%
ETHUSDT,2018-12-06,19.5,0–20,0.5381,0.0,0.0,0.0,0.6747,0.0,0.0,0.0,-0.056906,0,97.2,top 10%
ETHUSDT,2018-12-07,19.0,0–20,0.5101,0.0,0.0,0.0,0.6747,0.0,0.0,0.0,-0.096321,0,96.7,top 10%
ETHUSDT,2018-12-08,19.1,0–20,0.5171,0.0,0.0,0.0,0.6747,0.0,0.0,0.0,-0.083755,0,96.8,top 10%
ETHUSDT,2018-12-09,17.9,0–20,0.4581,0.0,0.0,0.0,0.6747,0.0,0.0,0.0,-0.103844,0,94.2,top 10%
ETHUSDT,2018-12-10,18.4,0–20,0.4832,0.0,0.0,0.0,0.6747,0.0,0.0,0.0,0.037609,1,95.9,top 10%
ETHUSDT,2018-12-11,18.8,0–20,0.5028,0.0,0.0,0.0,0.6747,0.0,0.0,0.0,0.136794,1,96.4,top 10%
ETHUSDT,2018-12-12,18.1,0–20,0.4667,0.0,0.0,0.0,0.6747,0.0,0.0,0.0,0.117837,1,94.5,top 10%
ETHUSDT,2018-12-13,18.7,0–20,0.4986,0.0,0.0,0.0,0.6747,0.0,0.0,0.0,0.342937,1,96.3,top 10%
ETHUSDT,2018-12-14,19.1,0–20,0.5158,0.0,0.0,0.0,0.6747,0.0,0.0,0.0,0.29876,1,96.8,top 10%
ETHUSDT,2018-12-15,19.0,0–20,0.5125,0.0,0.0,0.0,0.6747,0.0,0.0,0.0,0.382738,1,96.7,top 10%
ETHUSDT,2018-12-16,18.6,0–20,0.4907,0.0,0.0,0.0,0.6747,0.0,0.0,0.0,0.533686,1,96.1,top 10%
ETHUSDT,2018-12-17,13.9,0–20,0.2568,0.0,0.0,0.0,0.6747,0.0,0.0,0.0,0.474113,1,73.4,top 50%
ETHUSDT,2018-12-18,11.6,0–20,0.1401,0.0,0.0,0.0,0.6747,0.0,0.0,0.0,0.284158,1,59.9,top 50%
ETHUSDT,2018-12-19,11.5,0–20,0.1371,0.0,0.0,0.0,0.6747,0.0,0.0,0.0,0.302138,1,59.4,top 50%
ETHUSDT,2018-12-20,8.8,0–20,0.0,0.0,0.0,0.0,0.6747,0.0,0.0,0.0,0.003089,1,42.3,bottom 50%
ETHUSDT,2018-12-21,8.8,0–20,0.0,0.0,0.0,0.0,0.6747,0.0,0.0,0.0,0.257094,1,42.3,bottom 50%
ETHUSDT,2018-12-22,8.8,0–20,0.0,0.0,0.0,0.0,0.6747,0.0,0.0,0.0,0.182074,1,42.3,bottom 50%
ETHUSDT,2018-12-23,8.8,0–20,0.0,0.0,0.0,0.0,0.6747,0.0,0.0,0.0,0.069546,1,42.3,bottom 50%
ETHUSDT,2018-12-24,8.8,0–20,0.0,0.0,0.0,0.0,0.6747,0.0,0.0,0.0,-0.048986,0,42.3,bottom 50%
ETHUSDT,2018-12-25,14.0,0–20,0.0,0.0,0.0,0.0,0.6747,0.0,0.0,0.7491,0.084525,1,73.9,top 50%
ETHUSDT,2018-12-26,15.8,0–20,0.0,0.0,0.0,0.0,0.6747,0.0,0.0,1.0,0.175801,1,86.6,top 25%
ETHUSDT,2018-12-27,15.8,0–20,0.0,0.0,0.0,0.0,0.6747,0.0,0.0,1.0,0.279295,1,86.6,top 25%
ETHUSDT,2018-12-28,15.8,0–20,0.0,0.0,0.0,0.0,0.6747,0.0,0.0,1.0,0.123032,1,86.6,top 25%
ETHUSDT,2018-12-29,15.8,0–20,0.0,0.0,0.0,0.0,0.6747,0.0,0.0,1.0,0.127666,1,86.6,top 25%
ETHUSDT,2018-12-30,15.8,0–20,0.0,0.0,0.0,0.0,0.6747,0.0,0.0,1.0,0.127891,1,86.6,top 25%
ETHUSDT,2018-12-31,15.8,0–20,0.0,0.0,0.0,0.0,0.6747,0.0,0.0,1.0,0.137446,1,86.6,top 25%
ETHUSDT,2019-01-01,7.0,0–20,0.0,0.0,0.0,0.0,0.0,0.0,0.0,1.0,0.067748,1,31.3,bottom 50%
ETHUSDT,2019-01-02,7.0,0–20,0.0,0.0,0.0,0.0,0.0,0.0,0.0,1.0,-0.027376,0,31.3,bottom 50%
ETHUSDT,2019-01-03,7.0,0–20,0.0,0.0,0.0,0.0,0.0,0.0,0.0,1.0,-0.137525,0,31.3,bottom 50%
ETHUSDT,2019-01-04,7.0,0–20,0.0,0.0,0.0,0.0,0.0,0.0,0.0,1.0,-0.174882,0,31.3,bottom 50%
ETHUSDT,2019-01-05,7.0,0–20,0.0,0.0,0.0,0.0,0.0,0.0,0.0,1.0,-0.190647,0,31.3,bottom 50%
ETHUSDT,2019-01-06,7.0,0–20,0.0,0.0,0.0,0.0,0.0,0.0,0.0,1.0,-0.25895,0,31.3,bottom 50%
ETHUSDT,2019-01-07,7.0,0–20,0.0,0.0,0.0,0.0,0.0,0.0,0.0,1.0,-0.14918,0,31.3,bottom 50%
ETHUSDT,2019-01-08,7.0,0–20,0.0,0.0,0.0,0.0,0.0,0.0,0.0,1.0,-0.188394,0,31.3,bottom 50%
ETHUSDT,2019-01-09,7.0,0–20,0.0,0.0,0.0,0.0,0.0,0.0,0.0,1.0,-0.180739,0,31.3,bottom 50%
ETHUSDT,2019-01-10,8.6,0–20,0.0801,0.0,0.0,0.0,0.0,0.0,0.0,1.0,-0.037965,0,41.2,bottom 50%
ETHUSDT,2019-01-11,8.8,0–20,0.0911,0.0,0.0,0.0,0.0,0.0,0.0,1.0,-0.051259,0,42.3,bottom 50%
ETHUSDT,2019-01-12,6.8,0–20,0.108,0.0,0.0,0.0,0.0,0.0,0.0,0.6647,-0.011491,0,28.1,bottom 50%
ETHUSDT,2019-01-13,6.0,0–20,0.2,0.0,0.0,0.0,0.0,0.0,0.0,0.2806,0.022045,1,26.1,bottom 50%
ETHUSDT,2019-01-14,5.7,0–20,0.0444,0.0,0.0,0.0,0.0,0.0,0.0,0.6908,-0.092283,0,25.0,bottom 50%
ETHUSDT,2019-01-15,2.3,0–20,0.1158,0.0,0.0,0.0,0.0,0.0,0.0,0.0,-0.02692,0,12.0,bottom 50%
ETHUSDT,2019-01-16,5.1,0–20,0.0968,0.0,0.0,0.0,0.0,0.0,0.0,0.4558,-0.049329,0,22.9,bottom 50%
ETHUSDT,2019-01-17,1.9,0–20,0.0942,0.0,0.0,0.0,0.0,0.0,0.0,0.0,-0.051551,0,10.4,bottom 50%
ETHUSDT,2019-01-18,2.5,0–20,0.1253,0.0,0.0,0.0,0.0,0.0,0.0,0.0,-0.038277,0,12.6,bottom 50%
ETHUSDT,2019-01-19,1.5,0–20,0.0743,0.0,0.0,0.0,0.0,0.0,0.0,0.0,-0.06449,0,9.0,bottom 50%
ETHUSDT,2019-01-20,2.7,0–20,0.135,0.0,0.0,0.0,0.0,0.0,0.0,0.0,-0.050802,0,13.1,bottom 50%
ETHUSDT,2019-01-21,3.2,0–20,0.1621,0.0,0.0,0.0,0.0,0.0,0.0,0.0,-0.090202,0,15.1,bottom 50%
ETHUSDT,2019-01-22,2.7,0–20,0.1358,0.0,0.0,0.0,0.0,0.0,0.0,0.0,-0.110734,0,13.1,bottom 50%
ETHUSDT,2019-01-23,3.1,0–20,0.1526,0.0,0.0,0.0,0.0,0.0,0.0,0.0,-0.072753,0,14.8,bottom 50%
ETHUSDT,2019-01-24,3.1,0–20,0.1539,0.0,0.0,0.0,0.0,0.0,0.0,0.0,-0.087778,0,14.8,bottom 50%
ETHUSDT,2019-01-25,3.4,0–20,0.1682,0.0,0.0,0.0,0.0,0.0,0.0,0.0,-0.075345,0,16.0,bottom 50%
ETHUSDT,2019-01-26,3.3,0–20,0.1658,0.0,0.0,0.0,0.0,0.0,0.0,0.0,-0.052009,0,15.5,bottom 50%
ETHUSDT,2019-01-27,4.3,0–20,0.2139,0.0,0.0,0.0,0.0,0.0,0.0,0.0,-0.052137,0,19.7,bottom 50%
ETHUSDT,2019-01-28,6.2,0–20,0.3088,0.0,0.0,0.0,0.0,0.0,0.0,0.0,0.011555,1,26.8,bottom 50%
ETHUSDT,2019-01-29,7.3,0–20,0.3216,0.0575,0.0,0.0,0.0,0.0,0.0,0.0,0.017475,1,34.5,bottom 50%
ETHUSDT,2019-01-30,4.8,0–20,0.239,0.0,0.0,0.0,0.0,0.0,0.0,0.0,-0.036621,0,21.7,bottom 50%
ETHUSDT,2019-01-31,5.3,0–20,0.2665,0.0,0.0,0.0,0.0,0.0,0.0,0.0,-0.023591,0,23.6,bottom 50%
ETHUSDT,2019-02-01,13.2,0–20,0.252,0.0,0.0,0.0,0.6242,0.0,0.0,0.0,0.108335,1,69.5,top 50%
ETHUSDT,2019-02-02,11.7,0–20,0.1773,0.0,0.0,0.0,0.6242,0.0,0.0,0.0,0.081505,1,60.5,top 50%
ETHUSDT,2019-02-03,12.7,0–20,0.2289,0.0,0.0,0.0,0.6242,0.0,0.0,0.0,0.16107,1,66.4,top 50%
ETHUSDT,2019-02-04,12.5,0–20,0.2197,0.0,0.0,0.0,0.6242,0.0,0.0,0.0,0.124992,1,65.2,top 50%
ETHUSDT,2019-02-05,12.7,0–20,0.2269,0.0,0.0,0.0,0.6242,0.0,0.0,0.0,0.140807,1,66.4,top 50%
ETHUSDT,2019-02-06,13.6,0–20,0.2749,0.0,0.0,0.0,0.6242,0.0,0.0,0.0,0.168075,1,71.9,top 50%
ETHUSDT,2019-02-07,13.8,0–20,0.2822,0.0,0.0,0.0,0.6242,0.0,0.0,0.0,0.161236,1,72.8,top 50%
ETHUSDT,2019-02-08,8.1,0–20,0.0,0.0,0.0,0.0,0.6242,0.0,0.0,0.0,0.02375,1,39.2,bottom 50%
ETHUSDT,2019-02-09,8.1,0–20,0.0,0.0,0.0,0.0,0.6242,0.0,0.0,0.0,0.032063,1,39.2,bottom 50%
ETHUSDT,2019-02-10,8.1,0–20,0.0,0.0,0.0,0.0,0.6242,0.0,0.0,0.0,0.070448,1,39.2,bottom 50%
ETHUSDT,2019-02-11,8.1,0–20,0.0,0.0,0.0,0.0,0.6242,0.0,0.0,0.0,0.204454,1,39.2,bottom 50%
ETHUSDT,2019-02-12,8.1,0–20,0.0,0.0,0.0,0.0,0.6242,0.0,0.0,0.0,0.1858,1,39.2,bottom 50%
ETHUSDT,2019-02-13,8.7,0–20,0.0,0.0,0.0,0.0,0.6242,0.0,0.0,0.0834,0.220318,1,41.5,bottom 50%
ETHUSDT,2019-02-14,9.0,0–20,0.0,0.0,0.0,0.0,0.6242,0.0,0.0,0.1333,0.203811,1,43.2,bottom 50%
ETHUSDT,2019-02-15,10.6,0–20,0.0,0.0,0.0,0.0,0.6242,0.0,0.0,0.3493,0.221065,1,52.6,top 50%
ETHUSDT,2019-02-16,10.6,0–20,0.0,0.0,0.0,0.0,0.6242,0.0,0.0,0.3536,0.288294,1,52.6,top 50%
ETHUSDT,2019-02-17,13.8,0–20,0.0,0.0,0.0,0.0,0.6242,0.0,0.0,0.8172,0.01687,1,72.8,top 50%
ETHUSDT,2019-02-18,14.8,0–20,0.0,0.0,0.0,0.0,0.6242,0.0,0.0,0.9571,-0.042954,0,79.4,top 25%
ETHUSDT,2019-02-19,12.9,0–20,0.0,0.0,0.0,0.0,0.6242,0.0,0.0,0.6862,-0.049926,0,67.6,top 50%
ETHUSDT,2019-02-20,14.1,0–20,0.0,0.0,0.0,0.0,0.6242,0.0,0.0,0.8603,-0.089789,0,74.6,top 50%
ETHUSDT,2019-02-21,14.1,0–20,0.0,0.0,0.0,0.0,0.6242,0.0,0.0,0.8621,-0.064221,0,74.6,top 50%
ETHUSDT,2019-02-22,15.1,0–20,0.0,0.0,0.0,0.0,0.6242,0.0,0.0,1.0,-0.084839,0,82.4,top 25%
ETHUSDT,2019-02-23,15.1,0–20,0.0,0.0,0.0,0.0,0.6242,0.0,0.0,1.0,-0.154844,0,82.4,top 25%
ETHUSDT,2019-02-24,18.7,0–20,0.0,0.0,0.0,0.0,0.6242,0.0,0.5185,1.0,-0.026523,0,96.3,top 10%
ETHUSDT,2019-02-25,15.1,0–20,0.0,0.0,0.0,0.0,0.6242,0.0,0.0,1.0,-0.086171,0,82.4,top 25%
ETHUSDT,2019-02-26,15.1,0–20,0.0,0.0,0.0,0.0,0.6242,0.0,0.0,1.0,-0.001936,0,82.4,top 25%
ETHUSDT,2019-02-27,15.1,0–20,0.0,0.0,0.0,0.0,0.6242,0.0,0.0,1.0,0.019566,1,82.4,top 25%
ETHUSDT,2019-02-28,15.1,0–20,0.0,0.0,0.0,0.0,0.6242,0.0,0.0,1.0,0.009421,1,82.4,top 25%
ETHUSDT,2019-03-01,15.1,0–20,0.0,0.0,0.0,0.0,0.7906,0.0,0.0,0.6905,-0.009649,0,82.4,top 25%
ETHUSDT,2019-03-02,14.3,0–20,0.0,0.0,0.0,0.0,0.7906,0.0,0.0,0.5774,0.028004,1,75.9,top 25%
ETHUSDT,2019-03-03,15.1,0–20,0.0095,0.0,0.0,0.0,0.7906,0.0,0.0,0.6629,0.034097,1,82.4,top 25%
ETHUSDT,2019-03-04,15.7,0–20,0.0892,0.0,0.0,0.0,0.7906,0.0,0.0,0.519,0.047427,1,85.6,top 25%
ETHUSDT,2019-03-05,14.4,0–20,0.0,0.0,0.0,0.0,0.7906,0.0,0.0,0.5836,-0.024521,0,76.4,top 25%
ETHUSDT,2019-03-06,14.7,0–20,0.0,0.0,0.0,0.0,0.7906,0.0,0.0,0.6307,-0.039818,0,78.0,top 25%
ETHUSDT,2019-03-07,13.8,0–20,0.0,0.0,0.0,0.0,0.7906,0.0,0.0,0.5099,-0.031318,0,72.8,top 50%
ETHUSDT,2019-03-08,12.9,0–20,0.0,0.0,0.0,0.0,0.7906,0.0,0.0,0.3726,0.01898,1,67.6,top 50%
ETHUSDT,2019-03-09,10.3,0–20,0.0,0.0,0.0,0.0,0.7906,0.0,0.0,0.0,0.03213,1,50.2,top 50%
ETHUSDT,2019-03-10,10.3,0–20,0.0,0.0,0.0,0.0,0.7906,0.0,0.0,0.0,0.023705,1,50.2,top 50%
ETHUSDT,2019-03-11,10.4,0–20,0.0067,0.0,0.0,0.0,0.7906,0.0,0.0,0.0,0.041399,1,51.5,top 50%
ETHUSDT,2019-03-12,10.3,0–20,0.0,0.0,0.0,0.0,0.7906,0.0,0.0,0.0,0.045196,1,50.2,top 50%
ETHUSDT,2019-03-13,10.7,0–20,0.0202,0.0,0.0,0.0,0.7906,0.0,0.0,0.0,0.055704,1,53.1,top 50%
ETHUSDT,2019-03-14,10.5,0–20,0.0093,0.0,0.0,0.0,0.7906,0.0,0.0,0.0,0.021871,1,52.1,top 50%
ETHUSDT,2019-03-15,10.3,0–20,0.0,0.0,0.0,0.0,0.7906,0.0,0.0,0.0,-0.003706,0,50.2,top 50%
ETHUSDT,2019-03-16,10.3,0–20,0.0,0.0,0.0,0.0,0.7906,0.0,0.0,0.0,-0.029202,0,50.2,top 50%
ETHUSDT,2019-03-17,10.3,0–20,0.0,0.0,0.0,0.0,0.7906,0.0,0.0,0.0,-0.021526,0,50.2,top 50%
ETHUSDT,2019-03-18,10.3,0–20,0.0,0.0,0.0,0.0,0.7906,0.0,0.0,0.0,-0.031165,0,50.2,top 50%
ETHUSDT,2019-03-19,10.3,0–20,0.0,0.0,0.0,0.0,0.7906,0.0,0.0,0.0,-0.036001,0,50.2,top 50%
ETHUSDT,2019-03-20,10.5,0–20,0.0,0.0,0.0,0.0,0.7906,0.0,0.0,0.0353,0.002145,1,52.1,top 50%
ETHUSDT,2019-03-21,11.7,0–20,0.0,0.0,0.0,0.0,0.7906,0.0,0.0,0.2094,0.020349,1,60.5,top 50%
ETHUSDT,2019-03-22,11.8,0–20,0.0,0.0,0.0,0.0,0.7906,0.0,0.0,0.2115,0.038751,1,61.1,top 50%
ETHUSDT,2019-03-23,12.1,0–20,0.0,0.0,0.0,0.0,0.7906,0.0,0.0,0.2672,0.02787,1,62.9,top 50%
ETHUSDT,2019-03-24,13.7,0–20,0.0,0.0,0.0,0.0,0.7906,0.0,0.0,0.4862,0.033048,1,72.4,top 50%
ETHUSDT,2019-03-25,11.9,0–20,0.0453,0.0,0.0,0.0,0.7906,0.0,0.0,0.0997,0.050354,1,61.7,top 50%
ETHUSDT,2019-03-26,10.9,0–20,0.0308,0.0,0.0,0.0,0.7906,0.0,0.0,0.0,0.210404,1,54.3,top 50%
ETHUSDT,2019-03-27,10.3,0–20,0.0,0.0,0.0,0.0,0.7906,0.0,0.0,0.0,0.145194,1,50.2,top 50%
ETHUSDT,2019-03-28,11.1,0–20,0.0,0.0,0.0,0.0,0.7906,0.0,0.0,0.1162,0.133672,1,55.6,top 50%
ETHUSDT,2019-03-29,10.3,0–20,0.0,0.0,0.0,0.0,0.7906,0.0,0.0,0.0,0.161529,1,50.2,top 50%
ETHUSDT,2019-03-30,10.3,0–20,0.0,0.0,0.0,0.0,0.7906,0.0,0.0,0.0,0.16788,1,50.2,top 50%
ETHUSDT,2019-03-31,10.7,0–20,0.0,0.0,0.0,0.0,0.7906,0.0,0.0,0.0635,0.233316,1,53.1,top 50%
ETHUSDT,2019-04-01,11.8,0–20,0.0,0.0,0.0,0.0,0.7766,0.0,0.0,0.2449,0.270947,1,61.1,top 50%
ETHUSDT,2019-04-02,12.0,0–20,0.0,0.0,0.0,0.0,0.7766,0.0,0.0,0.2715,0.07412,1,62.3,top 50%
ETHUSDT,2019-04-03,12.7,0–20,0.0,0.0,0.0,0.0,0.7766,0.0,0.0,0.3723,0.098345,1,66.4,top 50%
ETHUSDT,2019-04-04,11.3,0–20,0.0,0.0,0.0,0.0,0.7766,0.0,0.0,0.1778,0.047101,1,57.6,top 50%
ETHUSDT,2019-04-05,10.1,0–20,0.0,0.0,0.0,0.0,0.7766,0.0,0.0,0.0,-0.004704,0,48.0,bottom 50%
ETHUSDT,2019-04-06,10.6,0–20,0.0,0.0,0.0,0.0,0.7766,0.0,0.0,0.0765,-0.00864,0,52.6,top 50%
ETHUSDT,2019-04-07,16.7,0–20,0.0,0.0,0.0,0.0,0.7766,0.0,0.0,0.9389,-0.038349,0,89.7,top 25%
ETHUSDT,2019-04-08,15.9,0–20,0.0,0.0,0.0,0.0,0.7766,0.0,0.0,0.8318,-0.103655,0,87.6,top 25%
ETHUSDT,2019-04-09,14.9,0–20,0.0,0.0,0.0,0.0,0.7766,0.0,0.0,0.6877,-0.048214,0,80.9,top 25%
ETHUSDT,2019-04-10,17.1,0–20,0.0,0.0,0.0,0.0,0.7766,0.0,0.0,1.0,-0.05857,0,91.4,top 10%
ETHUSDT,2019-04-11,17.1,0–20,0.0,0.0,0.0,0.0,0.7766,0.0,0.0,1.0,0.050255,1,91.4,top 10%
ETHUSDT,2019-04-12,17.1,0–20,0.0,0.0,0.0,0.0,0.7766,0.0,0.0,1.0,0.054463,1,91.4,top 10%
ETHUSDT,2019-04-13,17.1,0–20,0.0,0.0,0.0,0.0,0.7766,0.0,0.0,1.0,0.056153,1,91.4,top 10%
ETHUSDT,2019-04-14,17.1,0–20,0.0,0.0,0.0,0.0,0.7766,0.0,0.0,1.0,0.013156,1,91.4,top 10%
ETHUSDT,2019-04-15,17.1,0–20,0.0,0.0,0.0,0.0,0.7766,0.0,0.0,1.0,0.063751,1,91.4,top 10%
ETHUSDT,2019-04-16,16.3,0–20,0.0,0.0,0.0,0.0,0.7766,0.0,0.0,0.8803,0.022815,1,88.7,top 25%
ETHUSDT,2019-04-17,16.5,0–20,0.0,0.0,0.0,0.0,0.7766,0.0,0.0,0.9203,-0.006737,0,89.0,top 25%
ETHUSDT,2019-04-18,15.8,0–20,0.0,0.0,0.0,0.0,0.7766,0.0,0.0,0.8162,-0.111353,0,86.6,top 25%
ETHUSDT,2019-04-19,16.7,0–20,0.0,0.0,0.0,0.0,0.7766,0.0,0.0,0.9376,-0.099945,0,89.7,top 25%
ETHUSDT,2019-04-20,15.4,0–20,0.0,0.0,0.0,0.0,0.7766,0.0,0.0,0.7622,-0.088151,0,84.2,top 25%
ETHUSDT,2019-04-21,16.6,0–20,0.0,0.0,0.0,0.0,0.7766,0.0,0.0,0.9224,-0.074988,0,89.4,top 25%
ETHUSDT,2019-04-22,10.8,0–20,0.0,0.0,0.0,0.0,0.7766,0.0,0.0,0.0938,-0.097005,0,53.7,top 50%
ETHUSDT,2019-04-23,12.7,0–20,0.0,0.0,0.0,0.0,0.7766,0.0,0.0,0.3774,-0.054138,0,66.4,top 50%
ETHUSDT,2019-04-24,13.4,0–20,0.0,0.0,0.0,0.0,0.7766,0.0,0.0,0.4728,-0.030199,0,70.7,top 50%
ETHUSDT,2019-04-25,17.3,0–20,0.1674,0.1524,0.0,0.0,0.7766,0.0,0.0,0.2212,0.049614,1,93.0,top 10%
ETHUSDT,2019-04-26,13.4,0–20,0.126,0.0,0.0,0.0,0.7766,0.0,0.0,0.1136,0.074228,1,70.7,top 50%
ETHUSDT,2019-04-27,11.7,0–20,0.0804,0.0,0.0,0.0,0.7766,0.0,0.0,0.0,0.035293,1,60.5,top 50%
ETHUSDT,2019-04-28,12.1,0–20,0.1018,0.0,0.0,0.0,0.7766,0.0,0.0,0.0,0.039134,1,62.9,top 50%
ETHUSDT,2019-04-29,12.9,0–20,0.1413,0.0,0.0,0.0,0.7766,0.0,0.0,0.0,0.112442,1,67.6,top 50%
ETHUSDT,2019-04-30,10.1,0–20,0.0,0.0,0.0,0.0,0.7766,0.0,0.0,0.0,0.047067,1,48.0,bottom 50%
ETHUSDT,2019-05-01,8.1,0–20,0.0138,0.0,0.0,0.0,0.6016,0.0,0.0,0.0,0.062989,1,39.2,bottom 50%
ETHUSDT,2019-05-02,7.8,0–20,0.0,0.0,0.0,0.0,0.6016,0.0,0.0,0.0,0.050372,1,37.5,bottom 50%
ETHUSDT,2019-05-03,7.8,0–20,0.0,0.0,0.0,0.0,0.6016,0.0,0.0,0.0,0.030904,1,37.5,bottom 50%
ETHUSDT,2019-05-04,7.8,0–20,0.0,0.0,0.0,0.0,0.6016,0.0,0.0,0.0,0.184591,1,37.5,bottom 50%
ETHUSDT,2019-05-05,8.0,0–20,0.0,0.0,0.0,0.0,0.6016,0.0,0.0,0.0185,0.146066,1,38.5,bottom 50%
ETHUSDT,2019-05-06,7.8,0–20,0.0,0.0,0.0,0.0,0.6016,0.0,0.0,0.0,0.140125,1,37.5,bottom 50%
ETHUSDT,2019-05-07,7.8,0–20,0.0,0.0,0.0,0.0,0.6016,0.0,0.0,0.0,0.278859,1,37.5,bottom 50%
ETHUSDT,2019-05-08,7.8,0–20,0.0,0.0,0.0,0.0,0.6016,0.0,0.0,0.0,0.445778,1,37.5,bottom 50%
ETHUSDT,2019-05-09,7.8,0–20,0.0,0.0,0.0,0.0,0.6016,0.0,0.0,0.0,0.550362,1,37.5,bottom 50%
ETHUSDT,2019-05-10,7.8,0–20,0.0,0.0,0.0,0.0,0.6016,0.0,0.0,0.0,0.407882,1,37.5,bottom 50%
ETHUSDT,2019-05-11,8.4,0–20,0.0,0.0,0.0,0.0,0.6016,0.0,0.0,0.0863,0.20736,1,40.6,bottom 50%
ETHUSDT,2019-05-12,7.8,0–20,0.0,0.0,0.0,0.0,0.6016,0.0,0.0,0.0,0.394858,1,37.5,bottom 50%
ETHUSDT,2019-05-13,7.8,0–20,0.0,0.0,0.0,0.0,0.6016,0.0,0.0,0.0,0.279498,1,37.5,bottom 50%
ETHUSDT,2019-05-14,9.0,0–20,0.0,0.0,0.0,0.0,0.6016,0.0,0.0,0.1716,0.175305,1,43.2,bottom 50%
ETHUSDT,2019-05-15,13.9,0–20,0.0,0.0,0.0,0.0,0.6016,0.0,0.0,0.8633,-0.00993,0,73.4,top 50%
ETHUSDT,2019-05-16,14.8,0–20,0.0,0.0,0.0,0.0,0.6016,0.0,0.0,1.0,-0.068347,0,79.4,top 25%
ETHUSDT,2019-05-17,14.8,0–20,0.0,0.0,0.0,0.0,0.6016,0.0,0.0,1.0,0.023467,1,79.4,top 25%
ETHUSDT,2019-05-18,14.8,0–20,0.0,0.0,0.0,0.0,0.6016,0.0,0.0,1.0,0.073167,1,79.4,top 25%
ETHUSDT,2019-05-19,14.8,0–20,0.0,0.0,0.0,0.0,0.6016,0.0,0.0,1.0,0.022111,1,79.4,top 25%
ETHUSDT,2019-05-20,14.8,0–20,0.0,0.0,0.0,0.0,0.6016,0.0,0.0,1.0,0.083371,1,79.4,top 25%
ETHUSDT,2019-05-21,14.8,0–20,0.0,0.0,0.0,0.0,0.6016,0.0,0.0,1.0,0.064858,1,79.4,top 25%
ETHUSDT,2019-05-22,14.8,0–20,0.0,0.0,0.0,0.0,0.6016,0.0,0.0,1.0,0.101172,1,79.4,top 25%
ETHUSDT,2019-05-23,14.8,0–20,0.0,0.0,0.0,0.0,0.6016,0.0,0.0,1.0,0.040222,1,79.4,top 25%
ETHUSDT,2019-05-24,14.8,0–20,0.0,0.0,0.0,0.0,0.6016,0.0,0.0,1.0,0.074668,1,79.4,top 25%
ETHUSDT,2019-05-25,14.8,0–20,0.0,0.0,0.0,0.0,0.6016,0.0,0.0,1.0,0.054144,1,79.4,top 25%
ETHUSDT,2019-05-26,14.8,0–20,0.0,0.0,0.0,0.0,0.6016,0.0,0.0,1.0,0.011817,1,79.4,top 25%
ETHUSDT,2019-05-27,14.8,0–20,0.0,0.0,0.0,0.0,0.6016,0.0,0.0,1.0,-0.07423,0,79.4,top 25%
ETHUSDT,2019-05-28,14.8,0–20,0.0,0.0,0.0,0.0,0.6016,0.0,0.0,1.0,-0.11197,0,79.4,top 25%
ETHUSDT,2019-05-29,14.8,0–20,0.0,0.0,0.0,0.0,0.6016,0.0,0.0,1.0,-0.083148,0,79.4,top 25%
ETHUSDT,2019-05-30,14.8,0–20,0.0,0.0,0.0,0.0,0.6016,0.0,0.0,1.0,-0.024954,0,79.4,top 25%
ETHUSDT,2019-05-31,14.8,0–20,0.0,0.0,0.0,0.0,0.6016,0.0,0.0,1.0,-0.064089,0,79.4,top 25%
ETHUSDT,2019-06-01,7.0,0–20,0.0,0.0,0.0,0.0,0.0,0.0,0.0,1.0,-0.074054,0,31.3,bottom 50%
ETHUSDT,2019-06-02,7.0,0–20,0.0,0.0,0.0,0.0,0.0,0.0,0.0,1.0,-0.137436,0,31.3,bottom 50%
ETHUSDT,2019-06-03,7.0,0–20,0.0,0.0,0.0,0.0,0.0,0.0,0.0,1.0,-0.020141,0,31.3,bottom 50%
ETHUSDT,2019-06-04,1.2,0–20,0.0,0.0,0.0,0.0,0.0,0.0,0.0,0.1661,0.01841,1,7.7,bottom 50%
ETHUSDT,2019-06-05,0.5,0–20,0.0,0.0,0.0,0.0,0.0,0.0,0.0,0.0716,0.056071,1,4.9,bottom 50%
ETHUSDT,2019-06-06,2.9,0–20,0.0,0.0,0.0,0.0,0.0,0.0,0.0,0.417,0.026834,1,13.9,bottom 50%
ETHUSDT,2019-06-07,4.9,0–20,0.0,0.0,0.0,0.0,0.0,0.0,0.0,0.7052,0.052433,1,22.2,bottom 50%
ETHUSDT,2019-06-08,0.0,0–20,0.0,0.0,0.0,0.0,0.0,0.0,0.0,0.0,0.09474,1,1.9,bottom 50%
ETHUSDT,2019-06-09,1.7,0–20,0.084,0.0,0.0,0.0,0.0,0.0,0.0,0.0,0.155035,1,9.7,bottom 50%
ETHUSDT,2019-06-10,0.0,0–20,0.0,0.0,0.0,0.0,0.0,0.0,0.0,0.0,0.108399,1,1.9,bottom 50%
ETHUSDT,2019-06-11,0.7,0–20,0.0,0.0,0.0,0.0,0.0,0.0,0.0,0.0961,0.078403,1,5.7,bottom 50%
ETHUSDT,2019-06-12,0.7,0–20,0.0,0.0,0.0,0.0,0.0,0.0,0.0,0.1049,0.032688,1,5.7,bottom 50%
ETHUSDT,2019-06-13,0.0,0–20,0.0,0.0,0.0,0.0,0.0,0.0,0.0,0.0,0.060609,1,1.9,bottom 50%
ETHUSDT,2019-06-14,0.0,0–20,0.0,0.0,0.0,0.0,0.0,0.0,0.0,0.0,0.116714,1,1.9,bottom 50%
ETHUSDT,2019-06-15,0.0,0–20,0.0,0.0,0.0,0.0,0.0,0.0,0.0,0.0,0.15003,1,1.9,bottom 50%
ETHUSDT,2019-06-16,0.0,0–20,0.0,0.0,0.0,0.0,0.0,0.0,0.0,0.0,0.143392,1,1.9,bottom 50%
ETHUSDT,2019-06-17,0.0,0–20,0.0,0.0,0.0,0.0,0.0,0.0,0.0,0.0,0.131487,1,1.9,bottom 50%
ETHUSDT,2019-06-18,0.0,0–20,0.0,0.0,0.0,0.0,0.0,0.0,0.0,0.0,0.200242,1,1.9,bottom 50%
ETHUSDT,2019-06-19,1.1,0–20,0.0,0.0,0.0,0.0,0.0,0.0,0.0,0.1641,0.249864,1,7.2,bottom 50%
ETHUSDT,2019-06-20,0.1,0–20,0.0,0.0,0.0,0.0,0.0,0.0,0.0,0.0171,0.083081,1,4.0,bottom 50%
ETHUSDT,2019-06-21,0.6,0–20,0.0,0.0,0.0,0.0,0.0,0.0,0.0,0.0791,0.055325,1,5.2,bottom 50%
ETHUSDT,2019-06-22,0.6,0–20,0.0,0.0,0.0,0.0,0.0,0.0,0.0,0.0861,0.034516,1,5.2,bottom 50%
ETHUSDT,2019-06-23,2.0,0–20,0.0,0.0,0.0,0.0,0.0,0.0,0.0,0.2861,-0.055654,0,10.7,bottom 50%
ETHUSDT,2019-06-24,4.7,0–20,0.0,0.0,0.0,0.0,0.0,0.0,0.0,0.6706,-0.054066,0,21.2,bottom 50%
ETHUSDT,2019-06-25,4.1,0–20,0.0,0.0,0.0,0.0,0.0,0.0,0.0,0.584,-0.083394,0,19.1,bottom 50%
ETHUSDT,2019-06-26,7.0,0–20,0.0,0.0,0.0,0.0,0.0,0.0,0.0,1.0,-0.099934,0,31.3,bottom 50%
ETHUSDT,2019-06-27,10.2,0–20,0.0,0.0,0.0,0.0,0.0,0.0,0.4608,1.0,-0.033114,0,48.9,bottom 50%
ETHUSDT,2019-06-28,7.0,0–20,0.0,0.0,0.0,0.0,0.0,0.0,0.0,1.0,-0.074636,0,31.3,bottom 50%
ETHUSDT,2019-06-29,7.0,0–20,0.0,0.0,0.0,0.0,0.0,0.0,0.0,1.0,-0.101581,0,31.3,bottom 50%
ETHUSDT,2019-06-30,7.0,0–20,0.0,0.0,0.0,0.0,0.0,0.0,0.0,1.0,0.051616,1,31.3,bottom 50%
ETHUSDT,2019-07-01,18.3,0–20,0.0,0.0,0.0,0.0,0.868,0.0,0.0,1.0,0.066783,1,95.3,top 10%
ETHUSDT,2019-07-02,15.7,0–20,0.0,0.0,0.0,0.0,0.868,0.0,0.0,0.6336,0.059276,1,85.6,top 25%
ETHUSDT,2019-07-03,18.3,0–20,0.0,0.0,0.0,0.0,0.868,0.0,0.0,1.0,-0.043212,0,95.3,top 10%
ETHUSDT,2019-07-04,18.0,0–20,0.0079,0.0,0.0,0.0,0.868,0.0,0.0,0.9421,-0.055599,0,94.3,top 10%
ETHUSDT,2019-07-05,14.1,0–20,0.0,0.0,0.0,0.0,0.868,0.0,0.0,0.3991,-0.040698,0,74.6,top 50%
ETHUSDT,2019-07-06,14.4,0–20,0.0,0.0,0.0,0.0,0.868,0.0,0.0,0.4441,-0.062906,0,76.4,top 25%
ETHUSDT,2019-07-07,13.6,0–20,0.0,0.0,0.0,0.0,0.868,0.0,0.0,0.3295,-0.255552,0,71.9,top 50%
ETHUSDT,2019-07-08,16.5,0–20,0.0,0.0,0.0,0.0,0.868,0.0,0.0,0.7418,-0.266481,0,89.0,top 25%
ETHUSDT,2019-07-09,13.4,0–20,0.0,0.0,0.0,0.0,0.868,0.0,0.0,0.304,-0.355128,0,70.7,top 50%
ETHUSDT,2019-07-10,13.5,0–20,0.0043,0.0,0.0,0.0,0.868,0.0,0.0,0.3021,-0.270747,0,71.3,top 50%
ETHUSDT,2019-07-11,14.7,0–20,0.136,0.0434,0.0,0.0,0.868,0.0,0.0,0.0,-0.156819,0,78.0,top 25%
ETHUSDT,2019-07-12,12.9,0–20,0.0813,0.0,0.0,0.0,0.868,0.0,0.0,0.0,-0.19887,0,67.6,top 50%
ETHUSDT,2019-07-13,14.3,0–20,0.1223,0.0,0.0,0.0,0.868,0.0,0.0,0.0758,-0.149706,0,75.9,top 25%
ETHUSDT,2019-07-14,21.9,20–40,0.3224,0.2808,0.0,0.0,0.868,0.0,0.0,0.0,-0.008557,0,98.5,top 10%
ETHUSDT,2019-07-15,18.6,0–20,0.3056,0.0805,0.0,0.0,0.868,0.0,0.0,0.0,-0.053165,0,96.1,top 10%
ETHUSDT,2019-07-16,23.0,20–40,0.4168,0.2251,0.0,0.0,0.868,0.0,0.0,0.0,0.067975,1,99.1,top 10%
ETHUSDT,2019-07-17,17.8,0–20,0.3249,0.0,0.0,0.0,0.868,0.0,0.0,0.0,0.026297,1,94.1,top 10%
ETHUSDT,2019-07-18,15.7,0–20,0.2204,0.0,0.0,0.0,0.868,0.0,0.0,0.0,-0.030667,0,85.6,top 25%
ETHUSDT,2019-07-19,16.1,0–20,0.2427,0.0,0.0,0.0,0.868,0.0,0.0,0.0,-0.007698,0,88.2,top 25%
ETHUSDT,2019-07-20,15.0,0–20,0.1882,0.0,0.0,0.0,0.868,0.0,0.0,0.0,-0.094758,0,81.2,top 25%
ETHUSDT,2019-07-21,15.4,0–20,0.205,0.0,0.0,0.0,0.868,0.0,0.0,0.0,-0.064017,0,84.2,top 25%
ETHUSDT,2019-07-22,16.2,0–20,0.2441,0.0,0.0,0.0,0.868,0.0,0.0,0.0,-0.028921,0,88.4,top 25%
ETHUSDT,2019-07-23,16.6,0–20,0.2673,0.0,0.0,0.0,0.868,0.0,0.0,0.0,-0.01037,0,89.4,top 25%
ETHUSDT,2019-07-24,15.9,0–20,0.2309,0.0,0.0,0.0,0.868,0.0,0.0,0.0,0.007408,1,87.6,top 25%
ETHUSDT,2019-07-25,15.5,0–20,0.2087,0.0,0.0,0.0,0.868,0.0,0.0,0.0,-0.00824,0,84.8,top 25%
ETHUSDT,2019-07-26,15.5,0–20,0.2086,0.0,0.0,0.0,0.868,0.0,0.0,0.0,-0.008005,0,84.8,top 25%
ETHUSDT,2019-07-27,16.9,0–20,0.2802,0.0,0.0,0.0,0.868,0.0,0.0,0.0,0.072717,1,90.2,top 10%
ETHUSDT,2019-07-28,16.1,0–20,0.2428,0.0,0.0,0.0,0.868,0.0,0.0,0.0,0.054375,1,88.2,top 25%
ETHUSDT,2019-07-29,16.1,0–20,0.2419,0.0,0.0,0.0,0.868,0.0,0.0,0.0,0.108615,1,88.2,top 25%
ETHUSDT,2019-07-30,16.2,0–20,0.247,0.0,0.0,0.0,0.868,0.0,0.0,0.0,0.073617,1,88.4,top 25%
ETHUSDT,2019-07-31,14.4,0–20,0.1567,0.0,0.0,0.0,0.868,0.0,0.0,0.0,0.035384,1,76.4,top 25%
ETHUSDT,2019-08-01,3.3,0–20,0.1634,0.0,0.0,0.0,0.0,0.0,0.0,0.0,0.014386,1,15.5,bottom 50%
ETHUSDT,2019-08-02,3.3,0–20,0.1627,0.0,0.0,0.0,0.0,0.0,0.0,0.0,-0.033885,0,15.5,bottom 50%
ETHUSDT,2019-08-03,2.1,0–20,0.1063,0.0,0.0,0.0,0.0,0.0,0.0,0.0,-0.07082,0,11.1,bottom 50%
ETHUSDT,2019-08-04,2.1,0–20,0.1041,0.0,0.0,0.0,0.0,0.0,0.0,0.0,-0.029536,0,11.1,bottom 50%
ETHUSDT,2019-08-05,3.7,0–20,0.0,0.0,0.0,0.0,0.0,0.0,0.0,0.5234,-0.097888,0,17.4,bottom 50%
ETHUSDT,2019-08-06,2.2,0–20,0.057,0.0,0.0,0.0,0.0,0.0,0.0,0.1551,-0.076593,0,11.6,bottom 50%
ETHUSDT,2019-08-07,1.1,0–20,0.0526,0.0,0.0,0.0,0.0,0.0,0.0,0.0,-0.175728,0,7.2,bottom 50%
ETHUSDT,2019-08-08,2.4,0–20,0.1112,0.0,0.0,0.0,0.0,0.0,0.0,0.026,-0.146825,0,12.3,bottom 50%
ETHUSDT,2019-08-09,4.2,0–20,0.212,0.0,0.0,0.0,0.0,0.0,0.0,0.0,-0.119003,0,19.4,bottom 50%
ETHUSDT,2019-08-10,6.1,0–20,0.2451,0.0,0.0,0.0,0.0,0.0,0.0,0.1679,-0.101802,0,26.5,bottom 50%
ETHUSDT,2019-08-11,3.7,0–20,0.1189,0.0,0.0,0.0,0.0,0.0,0.0,0.1859,-0.099954,0,17.4,bottom 50%
ETHUSDT,2019-08-12,5.4,0–20,0.1657,0.0,0.0,0.0,0.0,0.0,0.0,0.2997,-0.038791,0,24.1,bottom 50%
ETHUSDT,2019-08-13,4.4,0–20,0.1905,0.0,0.0,0.0,0.0,0.0,0.0,0.0848,-0.058184,0,20.1,bottom 50%
ETHUSDT,2019-08-14,11.8,0–20,0.3649,0.2979,0.0,0.0,0.0,0.0,0.0,0.0,0.001521,1,61.1,top 50%
ETHUSDT,2019-08-15,7.7,0–20,0.3383,0.0641,0.0,0.0,0.0,0.0,0.0,0.0,0.015018,1,36.7,bottom 50%
ETHUSDT,2019-08-16,8.8,0–20,0.36,0.0261,0.0,0.0,0.0,0.0,0.0,0.1797,0.049968,1,42.3,bottom 50%
ETHUSDT,2019-08-17,7.1,0–20,0.3561,0.0,0.0,0.0,0.0,0.0,0.0,0.0021,0.030168,1,34.2,bottom 50%
ETHUSDT,2019-08-18,4.5,0–20,0.2226,0.0,0.0,0.0,0.0,0.0,0.0,0.0,-0.039339,0,20.6,bottom 50%
ETHUSDT,2019-08-19,2.2,0–20,0.1079,0.0,0.0,0.0,0.0,0.0,0.0,0.0,-0.069735,0,11.6,bottom 50%
ETHUSDT,2019-08-20,3.4,0–20,0.1715,0.0,0.0,0.0,0.0,0.0,0.0,0.0,-0.046034,0,16.0,bottom 50%
ETHUSDT,2019-08-21,5.1,0–20,0.2561,0.0,0.0,0.0,0.0,0.0,0.0,0.0,-0.069568,0,22.9,bottom 50%
ETHUSDT,2019-08-22,3.9,0–20,0.1957,0.0,0.0,0.0,0.0,0.0,0.0,0.0,-0.114022,0,18.2,bottom 50%
ETHUSDT,2019-08-23,3.0,0–20,0.1505,0.0,0.0,0.0,0.0,0.0,0.0,0.0,-0.132874,0,14.3,bottom 50%
ETHUSDT,2019-08-24,3.7,0–20,0.1841,0.0,0.0,0.0,0.0,0.0,0.0,0.0,-0.098384,0,17.4,bottom 50%
ETHUSDT,2019-08-25,4.5,0–20,0.2271,0.0,0.0,0.0,0.0,0.0,0.0,0.0,-0.081421,0,20.6,bottom 50%
ETHUSDT,2019-08-26,3.9,0–20,0.1953,0.0,0.0,0.0,0.0,0.0,0.0,0.0,-0.056011,0,18.2,bottom 50%
ETHUSDT,2019-08-27,4.2,0–20,0.2102,0.0,0.0,0.0,0.0,0.0,0.0,0.0,-0.042755,0,19.4,bottom 50%
ETHUSDT,2019-08-28,6.8,0–20,0.3377,0.0,0.0,0.0,0.0,0.0,0.0,0.0,0.012093,1,28.1,bottom 50%
ETHUSDT,2019-08-29,7.5,0–20,0.3727,0.0,0.0,0.0,0.0,0.0,0.0,0.0,0.027728,1,34.8,bottom 50%
ETHUSDT,2019-08-30,7.6,0–20,0.3782,0.0,0.0,0.0,0.0,0.0,0.0,0.0,0.006641,1,35.8,bottom 50%
ETHUSDT,2019-08-31,6.2,0–20,0.312,0.0,0.0,0.0,0.0,0.0,0.0,0.0,0.033588,1,26.8,bottom 50%
ETHUSDT,2019-09-01,6.4,0–20,0.3201,0.0,0.0,0.0,0.0,0.0,0.0,0.0,0.056669,1,27.3,bottom 50%
ETHUSDT,2019-09-02,4.0,0–20,0.1981,0.0,0.0,0.0,0.0,0.0,0.0,0.0,0.015712,1,18.8,bottom 50%
ETHUSDT,2019-09-03,3.6,0–20,0.178,0.0,0.0,0.0,0.0,0.0,0.0,0.0,0.001604,1,17.1,bottom 50%
ETHUSDT,2019-09-04,4.4,0–20,0.2209,0.0,0.0,0.0,0.0,0.0,0.0,0.0,0.015527,1,20.1,bottom 50%
ETHUSDT,2019-09-05,4.8,0–20,0.2424,0.0,0.0,0.0,0.0,0.0,0.0,0.0,0.039026,1,21.7,bottom 50%
ETHUSDT,2019-09-06,5.9,0–20,0.2929,0.0,0.0,0.0,0.0,0.0,0.0,0.0,0.065626,1,25.9,bottom 50%
ETHUSDT,2019-09-07,2.7,0–20,0.1342,0.0,0.0,0.0,0.0,0.0,0.0,0.0,0.055216,1,13.1,bottom 50%
ETHUSDT,2019-09-08,1.6,0–20,0.081,0.0,0.0,0.0,0.0,0.0,0.0,0.0,0.046503,1,9.4,bottom 50%
ETHUSDT,2019-09-09,1.7,0–20,0.084,0.0,0.0,0.0,0.0,0.0,0.0,0.0,0.088125,1,9.7,bottom 50%
ETHUSDT,2019-09-10,2.1,0–20,0.1054,0.0,0.0,0.0,0.0,0.0,0.0,0.0,0.160309,1,11.1,bottom 50%
ETHUSDT,2019-09-11,2.5,0–20,0.1226,0.0,0.0,0.0,0.0,0.0,0.0,0.0,0.182781,1,12.6,bottom 50%
ETHUSDT,2019-09-12,1.5,0–20,0.0746,0.0,0.0,0.0,0.0,0.0,0.0,0.0,0.222437,1,9.0,bottom 50%
ETHUSDT,2019-09-13,1.5,0–20,0.0726,0.0,0.0,0.0,0.0,0.0,0.0,0.0,0.203967,1,9.0,bottom 50%
ETHUSDT,2019-09-14,0.0,0–20,0.0,0.0,0.0,0.0,0.0,0.0,0.0,0.0,0.14572,1,1.9,bottom 50%
ETHUSDT,2019-09-15,0.0,0–20,0.0,0.0,0.0,0.0,0.0,0.0,0.0,0.0,0.114634,1,1.9,bottom 50%
ETHUSDT,2019-09-16,0.0,0–20,0.0,0.0,0.0,0.0,0.0,0.0,0.0,0.0,0.024393,1,1.9,bottom 50%
ETHUSDT,2019-09-17,1.7,0–20,0.0,0.0,0.0,0.0,0.0,0.0,0.0,0.2361,-0.194134,0,9.7,bottom 50%
ETHUSDT,2019-09-18,2.8,0–20,0.0,0.0,0.0,0.0,0.0,0.0,0.0,0.3991,-0.191588,0,13.5,bottom 50%
ETHUSDT,2019-09-19,4.7,0–20,0.0,0.0,0.0,0.0,0.0,0.0,0.0,0.6713,-0.246536,0,21.2,bottom 50%
ETHUSDT,2019-09-20,4.0,0–20,0.0,0.0,0.0,0.0,0.0,0.0,0.0,0.5769,-0.198757,0,18.8,bottom 50%
ETHUSDT,2019-09-21,5.7,0–20,0.0,0.0,0.0,0.0,0.0,0.0,0.0,0.8117,-0.189978,0,25.0,bottom 50%
ETHUSDT,2019-09-22,6.0,0–20,0.0,0.0,0.0,0.0,0.0,0.0,0.0,0.8603,-0.19401,0,26.1,bottom 50%
ETHUSDT,2019-09-23,5.9,0–20,0.0,0.0,0.0,0.0,0.0,0.0,0.0,0.8486,-0.109197,0,25.9,bottom 50%
ETHUSDT,2019-09-24,19.3,0–20,0.2958,0.0,0.0,0.0,0.0,0.0,0.9335,0.9775,0.054902,1,97.1,top 10%
ETHUSDT,2019-09-25,12.0,0–20,0.2567,0.0,0.0,0.0,0.0,0.0,0.0,0.9859,0.05745,1,62.3,top 50%
ETHUSDT,2019-09-26,12.8,0–20,0.2911,0.0,0.0,0.0,0.0,0.0,0.0,1.0,0.050815,1,67.1,top 50%
ETHUSDT,2019-09-27,9.0,0–20,0.1784,0.0,0.0,0.0,0.0,0.0,0.0,0.771,0.013016,1,43.2,bottom 50%
ETHUSDT,2019-09-28,7.0,0–20,0.1797,0.0,0.0,0.0,0.0,0.0,0.0,0.4902,0.010188,1,31.3,bottom 50%
ETHUSDT,2019-09-29,4.4,0–20,0.2199,0.0,0.0,0.0,0.0,0.0,0.0,0.0,0.014989,1,20.1,bottom 50%
ETHUSDT,2019-09-30,1.8,0–20,0.0877,0.0,0.0,0.0,0.0,0.0,0.0,0.0,0.007306,1,10.1,bottom 50%
ETHUSDT,2019-10-01,9.9,0–20,0.1156,0.0,0.0,0.0,0.5845,0.0,0.0,0.0,0.026396,1,46.6,bottom 50%
ETHUSDT,2019-10-02,9.0,0–20,0.0688,0.0,0.0,0.0,0.5845,0.0,0.0,0.0,0.069629,1,43.2,bottom 50%
ETHUSDT,2019-10-03,10.3,0–20,0.1329,0.0,0.0,0.0,0.5845,0.0,0.0,0.0,0.093952,1,50.2,top 50%
ETHUSDT,2019-10-04,9.7,0–20,0.1063,0.0,0.0,0.0,0.5845,0.0,0.0,0.0,0.031555,1,45.8,bottom 50%
ETHUSDT,2019-10-05,9.9,0–20,0.1143,0.0,0.0,0.0,0.5845,0.0,0.0,0.0,0.025376,1,46.6,bottom 50%
ETHUSDT,2019-10-06,10.7,0–20,0.1562,0.0,0.0,0.0,0.5845,0.0,0.0,0.0,0.052098,1,53.1,top 50%
ETHUSDT,2019-10-07,8.1,0–20,0.0269,0.0,0.0,0.0,0.5845,0.0,0.0,0.0,0.031871,1,39.2,bottom 50%
ETHUSDT,2019-10-08,7.9,0–20,0.0144,0.0,0.0,0.0,0.5845,0.0,0.0,0.0,-0.003381,0,38.2,bottom 50%
ETHUSDT,2019-10-09,7.6,0–20,0.0,0.0,0.0,0.0,0.5845,0.0,0.0,0.0,-0.089397,0,35.8,bottom 50%
ETHUSDT,2019-10-10,7.6,0–20,0.0,0.0,0.0,0.0,0.5845,0.0,0.0,0.0,-0.071123,0,35.8,bottom 50%
ETHUSDT,2019-10-11,8.0,0–20,0.0223,0.0,0.0,0.0,0.5845,0.0,0.0,0.0,-0.049013,0,38.5,bottom 50%
ETHUSDT,2019-10-12,8.5,0–20,0.0462,0.0,0.0,0.0,0.5845,0.0,0.0,0.0,-0.043764,0,40.9,bottom 50%
ETHUSDT,2019-10-13,8.1,0–20,0.0268,0.0,0.0,0.0,0.5845,0.0,0.0,0.0,-0.035923,0,39.2,bottom 50%
ETHUSDT,2019-10-14,12.7,0–20,0.0,0.0,0.0,0.0,0.5845,0.0,0.0,0.7244,-0.064398,0,66.4,top 50%
ETHUSDT,2019-10-15,12.4,0–20,0.0378,0.0,0.0,0.0,0.5845,0.0,0.0,0.5751,-0.050192,0,64.7,top 50%
ETHUSDT,2019-10-16,13.1,0–20,0.1131,0.0,0.0,0.0,0.5845,0.0,0.0,0.458,-0.077328,0,68.9,top 50%
ETHUSDT,2019-10-17,10.4,0–20,0.0791,0.0,0.0,0.0,0.5845,0.0,0.0,0.1723,-0.089086,0,51.5,top 50%
ETHUSDT,2019-10-18,11.9,0–20,0.1409,0.0,0.0,0.0,0.5845,0.0,0.0,0.2049,0.045512,1,61.7,top 50%
ETHUSDT,2019-10-19,13.7,0–20,0.1508,0.0,0.0,0.0,0.5845,0.0,0.0,0.4464,0.040034,1,72.4,top 50%
ETHUSDT,2019-10-20,9.9,0–20,0.1004,0.0,0.0,0.0,0.5845,0.0,0.0,0.0413,0.049608,1,46.6,bottom 50%
ETHUSDT,2019-10-21,9.8,0–20,0.1102,0.0,0.0,0.0,0.5845,0.0,0.0,0.0,0.044259,1,46.2,bottom 50%
ETHUSDT,2019-10-22,10.7,0–20,0.1528,0.0,0.0,0.0,0.5845,0.0,0.0,0.0,0.104711,1,53.1,top 50%
ETHUSDT,2019-10-23,17.6,0–20,0.2907,0.1049,0.0,0.0,0.5845,0.0,0.3754,0.0,0.137248,1,93.8,top 10%
ETHUSDT,2019-10-24,13.5,0–20,0.2936,0.0,0.0,0.0,0.5845,0.0,0.0,0.0,0.134418,1,71.3,top 50%
ETHUSDT,2019-10-25,7.6,0–20,0.0,0.0,0.0,0.0,0.5845,0.0,0.0,0.0,0.013479,1,35.8,bottom 50%
ETHUSDT,2019-10-26,8.0,0–20,0.0,0.0,0.0,0.0,0.5845,0.0,0.0,0.0553,0.022744,1,38.5,bottom 50%
ETHUSDT,2019-10-27,7.6,0–20,0.0,0.0,0.0,0.0,0.5845,0.0,0.0,0.0,-0.009863,0,35.8,bottom 50%
ETHUSDT,2019-10-28,7.6,0–20,0.0,0.0,0.0,0.0,0.5845,0.0,0.0,0.0,0.020214,1,35.8,bottom 50%
ETHUSDT,2019-10-29,7.6,0–20,0.0,0.0,0.0,0.0,0.5845,0.0,0.0,0.0,-0.005455,0,35.8,bottom 50%
ETHUSDT,2019-10-30,7.6,0–20,0.0,0.0,0.0,0.0,0.5845,0.0,0.0,0.0,0.037369,1,35.8,bottom 50%
ETHUSDT,2019-10-31,7.6,0–20,0.0,0.0,0.0,0.0,0.5845,0.0,0.0,0.0,0.021795,1,35.8,bottom 50%
ETHUSDT,2019-11-01,0.7,0–20,0.0,0.0,0.0,0.0,0.0,0.0,0.0,0.0943,0.001313,1,5.7,bottom 50%
ETHUSDT,2019-11-02,0.1,0–20,0.0,0.0,0.0,0.0,0.0,0.0,0.0,0.0162,0.005997,1,4.0,bottom 50%
ETHUSDT,2019-11-03,0.6,0–20,0.0,0.0,0.0,0.0,0.0,0.0,0.0,0.0867,0.038658,1,5.2,bottom 50%
ETHUSDT,2019-11-04,0.6,0–20,0.0,0.0,0.0,0.0,0.0,0.0,0.0,0.0914,-0.004645,0,5.2,bottom 50%
ETHUSDT,2019-11-05,1.6,0–20,0.0,0.0,0.0,0.0,0.0,0.0,0.0,0.2325,-0.012999,0,9.4,bottom 50%
ETHUSDT,2019-11-06,1.2,0–20,0.0,0.0,0.0,0.0,0.0,0.0,0.0,0.1738,-0.017407,0,7.7,bottom 50%
ETHUSDT,2019-11-07,2.1,0–20,0.0,0.0,0.0,0.0,0.0,0.0,0.0,0.3033,-0.010517,0,11.1,bottom 50%
ETHUSDT,2019-11-08,1.9,0–20,0.0,0.0,0.0,0.0,0.0,0.0,0.0,0.2777,-0.020033,0,10.4,bottom 50%
ETHUSDT,2019-11-09,2.1,0–20,0.0,0.0,0.0,0.0,0.0,0.0,0.0,0.306,-0.009082,0,11.1,bottom 50%
ETHUSDT,2019-11-10,2.9,0–20,0.0,0.0,0.0,0.0,0.0,0.0,0.0,0.4115,-0.023,0,13.9,bottom 50%
ETHUSDT,2019-11-11,3.8,0–20,0.0,0.0,0.0,0.0,0.0,0.0,0.0,0.542,-0.026579,0,17.8,bottom 50%
ETHUSDT,2019-11-12,5.5,0–20,0.0,0.0,0.0,0.0,0.0,0.0,0.0,0.7826,-0.050245,0,24.3,bottom 50%
ETHUSDT,2019-11-13,4.9,0–20,0.0,0.0,0.0,0.0,0.0,0.0,0.0,0.6946,-0.066719,0,22.2,bottom 50%
ETHUSDT,2019-11-14,0.7,0–20,0.0,0.0,0.0,0.0,0.0,0.0,0.0,0.0971,-0.131919,0,5.7,bottom 50%
ETHUSDT,2019-11-15,3.4,0–20,0.0828,0.0,0.0,0.0,0.0,0.0,0.0,0.2554,-0.167587,0,16.0,bottom 50%
ETHUSDT,2019-11-16,0.6,0–20,0.0168,0.0,0.0,0.0,0.0,0.0,0.0,0.0335,-0.163244,0,5.2,bottom 50%
ETHUSDT,2019-11-17,0.8,0–20,0.0,0.0,0.0,0.0,0.0,0.0,0.0,0.1134,-0.228418,0,6.2,bottom 50%
ETHUSDT,2019-11-18,1.6,0–20,0.0777,0.0,0.0,0.0,0.0,0.0,0.0,0.0,-0.188764,0,9.4,bottom 50%
ETHUSDT,2019-11-19,4.3,0–20,0.14,0.0851,0.0,0.0,0.0,0.0,0.0,0.0338,-0.16055,0,19.7,bottom 50%
ETHUSDT,2019-11-20,4.8,0–20,0.174,0.0849,0.0,0.0,0.0,0.0,0.0,0.0,-0.129129,0,21.7,bottom 50%
ETHUSDT,2019-11-21,14.6,0–20,0.3859,0.458,0.0,0.0,0.0,0.0,0.0,0.0,-0.060355,0,77.5,top 25%
ETHUSDT,2019-11-22,20.7,20–40,0.4955,0.3964,0.0,0.0,0.0,0.0,0.6637,0.0263,0.033513,1,98.0,top 10%
ETHUSDT,2019-11-23,9.8,0–20,0.4188,0.098,0.0,0.0,0.0,0.0,0.0,0.0,-0.005724,0,46.2,bottom 50%
ETHUSDT,2019-11-24,12.5,0–20,0.5098,0.1555,0.0,0.0,0.0,0.0,0.0,0.0,0.058466,1,65.2,top 50%
ETHUSDT,2019-11-25,10.1,0–20,0.427,0.0,0.0,0.0,0.0,0.0,0.2266,0.0,0.017632,1,48.0,bottom 50%
ETHUSDT,2019-11-26,7.4,0–20,0.3716,0.0,0.0,0.0,0.0,0.0,0.0,0.0,-0.006771,0,34.7,bottom 50%
ETHUSDT,2019-11-27,5.7,0–20,0.2844,0.0,0.0,0.0,0.0,0.0,0.0,0.0,-0.040931,0,25.0,bottom 50%
ETHUSDT,2019-11-28,6.0,0–20,0.2997,0.0,0.0,0.0,0.0,0.0,0.0,0.0,-0.016271,0,26.1,bottom 50%
ETHUSDT,2019-11-29,4.4,0–20,0.2216,0.0,0.0,0.0,0.0,0.0,0.0,0.0,-0.03934,0,20.1,bottom 50%
ETHUSDT,2019-11-30,5.2,0–20,0.2586,0.0,0.0,0.0,0.0,0.0,0.0,0.0,-0.024725,0,23.3,bottom 50%
ETHUSDT,2019-12-01,14.3,0–20,0.2767,0.0,0.0,0.0,0.6747,0.0,0.0,0.0,0.000523,1,75.9,top 25%
ETHUSDT,2019-12-02,14.9,0–20,0.3054,0.0,0.0,0.0,0.6747,0.0,0.0,0.0,-0.005595,0,80.9,top 25%
ETHUSDT,2019-12-03,15.2,0–20,0.3205,0.0,0.0,0.0,0.6747,0.0,0.0,0.0,-0.011418,0,83.5,top 25%
ETHUSDT,2019-12-04,15.5,0–20,0.3375,0.0,0.0,0.0,0.6747,0.0,0.0,0.0,-0.021395,0,84.8,top 25%
ETHUSDT,2019-12-05,14.1,0–20,0.267,0.0,0.0,0.0,0.6747,0.0,0.0,0.0,-0.024422,0,74.6,top 50%
ETHUSDT,2019-12-06,14.1,0–20,0.2679,0.0,0.0,0.0,0.6747,0.0,0.0,0.0,-0.028484,0,74.6,top 50%
ETHUSDT,2019-12-07,14.3,0–20,0.2754,0.0,0.0,0.0,0.6747,0.0,0.0,0.0,-0.039652,0,75.9,top 25%
ETHUSDT,2019-12-08,12.7,0–20,0.1976,0.0,0.0,0.0,0.6747,0.0,0.0,0.0,-0.053877,0,66.4,top 50%
ETHUSDT,2019-12-09,13.9,0–20,0.257,0.0,0.0,0.0,0.6747,0.0,0.0,0.0,-0.098574,0,73.4,top 50%
ETHUSDT,2019-12-10,14.6,0–20,0.2933,0.0,0.0,0.0,0.6747,0.0,0.0,0.0,-0.16178,0,77.5,top 25%
ETHUSDT,2019-12-11,15.6,0–20,0.3405,0.0,0.0,0.0,0.6747,0.0,0.0,0.0,-0.073226,0,85.2,top 25%
ETHUSDT,2019-12-12,14.2,0–20,0.2719,0.0,0.0,0.0,0.6747,0.0,0.0,0.0,-0.11183,0,75.3,top 25%
ETHUSDT,2019-12-13,14.5,0–20,0.2849,0.0,0.0,0.0,0.6747,0.0,0.0,0.0,-0.10955,0,76.9,top 25%
ETHUSDT,2019-12-14,16.6,0–20,0.3258,0.0,0.0,0.0,0.6747,0.0,0.0,0.1819,-0.103159,0,89.4,top 25%
ETHUSDT,2019-12-15,15.1,0–20,0.3162,0.0,0.0,0.0,0.6747,0.0,0.0,0.0,-0.075062,0,82.4,top 25%
ETHUSDT,2019-12-16,23.0,20–40,0.4745,0.3179,0.0,0.0,0.6747,0.0,0.0,0.0,-0.037421,0,99.1,top 10%
ETHUSDT,2019-12-17,27.0,20–40,0.5923,0.4231,0.0,0.0,0.6747,0.0,0.0,0.0,0.05269,1,99.7,top 10%
ETHUSDT,2019-12-18,18.3,0–20,0.2946,0.0,0.0,0.0,0.6747,0.0,0.5147,0.0,-0.049872,0,95.3,top 10%
ETHUSDT,2019-12-19,15.6,0–20,0.3422,0.0,0.0,0.0,0.6747,0.0,0.0,0.0,-0.022888,0,85.2,top 25%
ETHUSDT,2019-12-20,15.7,0–20,0.3454,0.0,0.0,0.0,0.6747,0.0,0.0,0.0,-0.014345,0,85.6,top 25%
ETHUSDT,2019-12-21,15.9,0–20,0.3578,0.0,0.0,0.0,0.6747,0.0,0.0,0.0,0.001497,1,87.6,top 25%
ETHUSDT,2019-12-22,13.6,0–20,0.2428,0.0,0.0,0.0,0.6747,0.0,0.0,0.0,0.018021,1,71.9,top 50%
ETHUSDT,2019-12-23,14.8,0–20,0.2994,0.0,0.0,0.0,0.6747,0.0,0.0,0.0,0.031252,1,79.4,top 25%
ETHUSDT,2019-12-24,14.5,0–20,0.287,0.0,0.0,0.0,0.6747,0.0,0.0,0.0,0.004238,1,76.9,top 25%
ETHUSDT,2019-12-25,15.3,0–20,0.3272,0.0,0.0,0.0,0.6747,0.0,0.0,0.0,0.034379,1,83.8,top 25%
ETHUSDT,2019-12-26,15.3,0–20,0.3286,0.0,0.0,0.0,0.6747,0.0,0.0,0.0,0.008301,1,83.8,top 25%
ETHUSDT,2019-12-27,14.8,0–20,0.3009,0.0,0.0,0.0,0.6747,0.0,0.0,0.0,0.054688,1,79.4,top 25%
ETHUSDT,2019-12-28,14.1,0–20,0.264,0.0,0.0,0.0,0.6747,0.0,0.0,0.0,0.052576,1,74.6,top 50%
ETHUSDT,2019-12-29,10.2,0–20,0.0737,0.0,0.0,0.0,0.6747,0.0,0.0,0.0,0.011271,1,48.9,bottom 50%
ETHUSDT,2019-12-30,11.2,0–20,0.1207,0.0,0.0,0.0,0.6747,0.0,0.0,0.0,0.087992,1,56.2,top 50%
ETHUSDT,2019-12-31,12.5,0–20,0.1843,0.0,0.0,0.0,0.6747,0.0,0.0,0.0,0.1075,1,65.2,top 50%
ETHUSDT,2020-01-01,3.0,0–20,0.149,0.0,0.0,0.0,0.0,0.0,0.0,0.0,0.079939,1,14.3,bottom 50%
ETHUSDT,2020-01-02,4.4,0–20,0.2202,0.0,0.0,0.0,0.0,0.0,0.0,0.0,0.090801,1,20.1,bottom 50%
ETHUSDT,2020-01-03,0.7,0–20,0.0345,0.0,0.0,0.0,0.0,0.0,0.0,0.0,0.072982,1,5.7,bottom 50%
ETHUSDT,2020-01-04,0.2,0–20,0.0125,0.0,0.0,0.0,0.0,0.0,0.0,0.0,0.058176,1,4.2,bottom 50%
ETHUSDT,2020-01-05,0.0,0–20,0.0,0.0,0.0,0.0,0.0,0.0,0.0,0.0,0.070424,1,1.9,bottom 50%
ETHUSDT,2020-01-06,2.6,0–20,0.0,0.0,0.0,0.0,0.0,0.0,0.0,0.3688,-0.000537,0,12.8,bottom 50%
ETHUSDT,2020-01-07,0.0,0–20,0.0,0.0,0.0,0.0,0.0,0.0,0.0,0.0,0.156129,1,1.9,bottom 50%
ETHUSDT,2020-01-08,1.4,0–20,0.0,0.0,0.0,0.0,0.0,0.0,0.0,0.1974,0.176787,1,8.5,bottom 50%
ETHUSDT,2020-01-09,1.7,0–20,0.0,0.0,0.0,0.0,0.0,0.0,0.0,0.2393,0.182846,1,9.7,bottom 50%
ETHUSDT,2020-01-10,2.4,0–20,0.0,0.0,0.0,0.0,0.0,0.0,0.0,0.3358,0.18627,1,12.3,bottom 50%
ETHUSDT,2020-01-11,3.1,0–20,0.0,0.0,0.0,0.0,0.0,0.0,0.0,0.4464,0.226959,1,14.8,bottom 50%
ETHUSDT,2020-01-12,4.1,0–20,0.0,0.0,0.0,0.0,0.0,0.0,0.0,0.5898,0.144617,1,19.1,bottom 50%
ETHUSDT,2020-01-13,3.4,0–20,0.0,0.0,0.0,0.0,0.0,0.0,0.0,0.4823,0.158736,1,16.0,bottom 50%
ETHUSDT,2020-01-14,4.1,0–20,0.0,0.0,0.0,0.0,0.0,0.0,0.0,0.5913,0.022547,1,19.1,bottom 50%
ETHUSDT,2020-01-15,5.6,0–20,0.0,0.0,0.0,0.0,0.0,0.0,0.0,0.8042,0.012413,1,24.6,bottom 50%
ETHUSDT,2020-01-16,5.0,0–20,0.0,0.0,0.0,0.0,0.0,0.0,0.0,0.7103,-0.008896,0,22.5,bottom 50%
ETHUSDT,2020-01-17,5.6,0–20,0.0,0.0,0.0,0.0,0.0,0.0,0.0,0.8006,-0.045256,0,24.6,bottom 50%
ETHUSDT,2020-01-18,3.0,0–20,0.0,0.0,0.0,0.0,0.0,0.0,0.0,0.4272,-0.080299,0,14.3,bottom 50%
ETHUSDT,2020-01-19,7.0,0–20,0.0,0.0,0.0,0.0,0.0,0.0,0.0,1.0,0.006631,1,31.3,bottom 50%
ETHUSDT,2020-01-20,7.0,0–20,0.0,0.0,0.0,0.0,0.0,0.0,0.0,1.0,0.0228,1,31.3,bottom 50%
ETHUSDT,2020-01-21,7.0,0–20,0.0,0.0,0.0,0.0,0.0,0.0,0.0,1.0,0.039324,1,31.3,bottom 50%
ETHUSDT,2020-01-22,7.0,0–20,0.0,0.0,0.0,0.0,0.0,0.0,0.0,1.0,0.040145,1,31.3,bottom 50%
ETHUSDT,2020-01-23,7.0,0–20,0.0,0.0,0.0,0.0,0.0,0.0,0.0,1.0,0.133567,1,31.3,bottom 50%
ETHUSDT,2020-01-24,7.0,0–20,0.0,0.0,0.0,0.0,0.0,0.0,0.0,1.0,0.10493,1,31.3,bottom 50%
ETHUSDT,2020-01-25,7.0,0–20,0.0,0.0,0.0,0.0,0.0,0.0,0.0,1.0,0.138824,1,31.3,bottom 50%
ETHUSDT,2020-01-26,6.1,0–20,0.0,0.0,0.0,0.0,0.0,0.0,0.0,0.8714,0.122208,1,26.5,bottom 50%
ETHUSDT,2020-01-27,6.1,0–20,0.0,0.0,0.0,0.0,0.0,0.0,0.0,0.8756,0.110771,1,26.5,bottom 50%
ETHUSDT,2020-01-28,5.8,0–20,0.0,0.0,0.0,0.0,0.0,0.0,0.0,0.8303,0.07303,1,25.5,bottom 50%
ETHUSDT,2020-01-29,6.5,0–20,0.0,0.0,0.0,0.0,0.0,0.0,0.0,0.9298,0.166694,1,27.6,bottom 50%
ETHUSDT,2020-01-30,4.8,0–20,0.0,0.0,0.0,0.0,0.0,0.0,0.0,0.6888,0.149702,1,21.7,bottom 50%
ETHUSDT,2020-01-31,6.6,0–20,0.0,0.0,0.0,0.0,0.0,0.0,0.0,0.9431,0.236267,1,27.8,bottom 50%
ETHUSDT,2020-02-01,14.6,0–20,0.0,0.0,0.0,0.0,0.6242,0.0,0.0,0.9229,0.214906,1,77.5,top 25%
ETHUSDT,2020-02-02,15.1,0–20,0.0,0.0,0.0,0.0,0.6242,0.0,0.0,1.0,0.211863,1,82.4,top 25%
ETHUSDT,2020-02-03,10.2,0–20,0.0,0.0,0.0,0.0,0.6242,0.0,0.0,0.2972,0.177271,1,48.9,bottom 50%
ETHUSDT,2020-02-04,12.1,0–20,0.0,0.0,0.0,0.0,0.6242,0.0,0.0,0.569,0.246238,1,62.9,top 50%
ETHUSDT,2020-02-05,11.9,0–20,0.0,0.0,0.0,0.0,0.6242,0.0,0.0,0.5437,0.299544,1,61.7,top 50%
ETHUSDT,2020-02-06,11.2,0–20,0.0,0.0,0.0,0.0,0.6242,0.0,0.0,0.4364,0.2626,1,56.2,top 50%
ETHUSDT,2020-02-07,11.2,0–20,0.0,0.0,0.0,0.0,0.6242,0.0,0.0,0.4462,0.276086,1,56.2,top 50%
ETHUSDT,2020-02-08,13.8,0–20,0.0,0.0,0.0,0.0,0.6242,0.0,0.0,0.8058,0.186344,1,72.8,top 50%
ETHUSDT,2020-02-09,13.7,0–20,0.0,0.0,0.0,0.0,0.6242,0.0,0.0,0.7997,0.137004,1,72.4,top 50%
ETHUSDT,2020-02-10,15.1,0–20,0.0,0.0,0.0,0.0,0.6242,0.0,0.0,1.0,0.191662,1,82.4,top 25%
ETHUSDT,2020-02-11,15.1,0–20,0.0,0.0,0.0,0.0,0.6242,0.0,0.0,1.0,0.195434,1,82.4,top 25%
ETHUSDT,2020-02-12,15.1,0–20,0.0,0.0,0.0,0.0,0.6242,0.0,0.0,1.0,-0.021259,0,82.4,top 25%
ETHUSDT,2020-02-13,15.1,0–20,0.0,0.0,0.0,0.0,0.6242,0.0,0.0,1.0,-0.037858,0,82.4,top 25%
ETHUSDT,2020-02-14,15.1,0–20,0.0,0.0,0.0,0.0,0.6242,0.0,0.0,1.0,-0.065502,0,82.4,top 25%
ETHUSDT,2020-02-15,15.1,0–20,0.0,0.0,0.0,0.0,0.6242,0.0,0.0,1.0,-0.009054,0,82.4,top 25%
ETHUSDT,2020-02-16,17.6,0–20,0.0,0.0,0.0,0.0,0.6242,0.0,0.3489,1.0,0.053327,1,93.8,top 10%
ETHUSDT,2020-02-17,18.2,0–20,0.0,0.0,0.0,0.0,0.6242,0.0,0.4396,1.0,-0.004306,0,94.6,top 10%
ETHUSDT,2020-02-18,15.1,0–20,0.0,0.0,0.0,0.0,0.6242,0.0,0.0,1.0,-0.121041,0,82.4,top 25%
ETHUSDT,2020-02-19,15.1,0–20,0.0,0.0,0.0,0.0,0.6242,0.0,0.0,1.0,-0.13121,0,82.4,top 25%
ETHUSDT,2020-02-20,15.1,0–20,0.0,0.0,0.0,0.0,0.6242,0.0,0.0,1.0,-0.120939,0,82.4,top 25%
ETHUSDT,2020-02-21,15.1,0–20,0.0,0.0,0.0,0.0,0.6242,0.0,0.0,1.0,-0.146235,0,82.4,top 25%
ETHUSDT,2020-02-22,15.1,0–20,0.0,0.0,0.0,0.0,0.6242,0.0,0.0,1.0,-0.161945,0,82.4,top 25%
ETHUSDT,2020-02-23,15.1,0–20,0.0,0.0,0.0,0.0,0.6242,0.0,0.0,1.0,-0.20012,0,82.4,top 25%
ETHUSDT,2020-02-24,15.1,0–20,0.0,0.0,0.0,0.0,0.6242,0.0,0.0,1.0,-0.130635,0,82.4,top 25%
ETHUSDT,2020-02-25,15.1,0–20,0.0,0.0,0.0,0.0,0.6242,0.0,0.0,1.0,-0.094174,0,82.4,top 25%
ETHUSDT,2020-02-26,16.9,0–20,0.091,0.0,0.0,0.0,0.6242,0.0,0.0,1.0,-0.00515,0,90.2,top 10%
ETHUSDT,2020-02-27,15.1,0–20,0.0822,0.0,0.0,0.0,0.6242,0.0,0.0,0.7685,0.01109,1,82.4,top 25%
ETHUSDT,2020-02-28,16.3,0–20,0.0821,0.0,0.0,0.0,0.6242,0.0,0.0,0.9393,0.073932,1,88.7,top 25%
ETHUSDT,2020-02-29,15.4,0–20,0.1341,0.0,0.0,0.0,0.6242,0.0,0.0,0.6643,0.081895,1,84.2,top 25%
ETHUSDT,2020-03-01,16.5,0–20,0.1408,0.0,0.0,0.0,0.7906,0.0,0.0,0.4802,-0.083489,0,89.0,top 25%
ETHUSDT,2020-03-02,10.8,0–20,0.0283,0.0,0.0,0.0,0.7906,0.0,0.0,0.0,-0.123969,0,53.7,top 50%
ETHUSDT,2020-03-03,11.9,0–20,0.0796,0.0,0.0,0.0,0.7906,0.0,0.0,0.0,-0.105633,0,61.7,top 50%
ETHUSDT,2020-03-04,11.9,0–20,0.0792,0.0,0.0,0.0,0.7906,0.0,0.0,0.0,-0.132058,0,61.7,top 50%
ETHUSDT,2020-03-05,10.9,0–20,0.0301,0.0,0.0,0.0,0.7906,0.0,0.0,0.0,-0.509975,0,54.3,top 50%
ETHUSDT,2020-03-06,10.3,0–20,0.0,0.0,0.0,0.0,0.7906,0.0,0.0,0.0,-0.453027,0,50.2,top 50%
ETHUSDT,2020-03-07,10.3,0–20,0.0,0.0,0.0,0.0,0.7906,0.0,0.0,0.0,-0.481587,0,50.2,top 50%
ETHUSDT,2020-03-08,15.0,0–20,0.2362,0.0,0.0,0.0,0.7906,0.0,0.0,0.0,-0.376078,0,81.2,top 25%
ETHUSDT,2020-03-09,14.8,0–20,0.2239,0.0,0.0,0.0,0.7906,0.0,0.0,0.0,-0.452409,0,79.4,top 25%
ETHUSDT,2020-03-10,14.9,0–20,0.2316,0.0,0.0,0.0,0.7906,0.0,0.0,0.0,-0.432463,0,80.9,top 25%
ETHUSDT,2020-03-11,15.7,0–20,0.2698,0.0,0.0,0.0,0.7906,0.0,0.0,0.0,-0.410668,0,85.6,top 25%
ETHUSDT,2020-03-12,28.3,20–40,0.5823,0.4264,0.0,0.0,0.7906,0.0,0.0,0.0,0.21582,1,99.8,top 10%
ETHUSDT,2020-03-13,26.6,20–40,0.4172,0.066,0.0,0.0,0.7906,0.0,1.0,0.0,-0.003488,0,99.6,top 10%
ETHUSDT,2020-03-14,19.7,0–20,0.4467,0.0329,0.0,0.0,0.7906,0.0,0.0,0.0,0.077147,1,97.4,top 10%
ETHUSDT,2020-03-15,18.9,0–20,0.4317,0.0,0.0,0.0,0.7906,0.0,0.0,0.0,-0.015119,0,96.6,top 10%
ETHUSDT,2020-03-16,19.8,0–20,0.4766,0.0,0.0,0.0,0.7906,0.0,0.0,0.0,0.219751,1,97.5,top 10%
ETHUSDT,2020-03-17,19.2,0–20,0.4484,0.0,0.0,0.0,0.7906,0.0,0.0,0.0,0.217817,1,97.0,top 10%
ETHUSDT,2020-03-18,19.1,0–20,0.4404,0.0,0.0,0.0,0.7906,0.0,0.0,0.0,0.185939,1,96.8,top 10%
ETHUSDT,2020-03-19,15.5,0–20,0.2599,0.0,0.0,0.0,0.7906,0.0,0.0,0.0,0.012941,1,84.8,top 25%
ETHUSDT,2020-03-20,15.8,0–20,0.2772,0.0,0.0,0.0,0.7906,0.0,0.0,0.0,0.009046,1,86.6,top 25%
ETHUSDT,2020-03-21,15.8,0–20,0.2765,0.0,0.0,0.0,0.7906,0.0,0.0,0.0,-0.013795,0,86.6,top 25%
ETHUSDT,2020-03-22,16.7,0–20,0.3218,0.0,0.0,0.0,0.7906,0.0,0.0,0.0,0.018347,1,89.7,top 25%
ETHUSDT,2020-03-23,14.7,0–20,0.2214,0.0,0.0,0.0,0.7906,0.0,0.0,0.0,-0.014877,0,78.0,top 25%
ETHUSDT,2020-03-24,14.1,0–20,0.1891,0.0,0.0,0.0,0.7906,0.0,0.0,0.0,-0.037243,0,74.6,top 50%
ETHUSDT,2020-03-25,14.4,0–20,0.2042,0.0,0.0,0.0,0.7906,0.0,0.0,0.0,-0.004122,0,76.4,top 25%
ETHUSDT,2020-03-26,14.0,0–20,0.1841,0.0,0.0,0.0,0.7906,0.0,0.0,0.0,0.026507,1,73.9,top 50%
ETHUSDT,2020-03-27,14.5,0–20,0.213,0.0,0.0,0.0,0.7906,0.0,0.0,0.0,0.060874,1,76.9,top 25%
ETHUSDT,2020-03-28,14.9,0–20,0.2325,0.0,0.0,0.0,0.7906,0.0,0.0,0.0,0.108659,1,80.9,top 25%
ETHUSDT,2020-03-29,15.6,0–20,0.2682,0.0,0.0,0.0,0.7906,0.0,0.0,0.0,0.143035,1,85.2,top 25%
ETHUSDT,2020-03-30,14.0,0–20,0.1875,0.0,0.0,0.0,0.7906,0.0,0.0,0.0,0.272612,1,73.9,top 50%
ETHUSDT,2020-03-31,13.9,0–20,0.1799,0.0,0.0,0.0,0.7906,0.0,0.0,0.0,0.235853,1,73.4,top 50%
ETHUSDT,2020-04-01,20.0,20–40,0.1563,0.0,0.0,0.0,0.7766,0.0,0.0,0.9731,0.272845,1,97.7,top 10%
ETHUSDT,2020-04-02,11.8,0–20,0.0831,0.0,0.0,0.0,0.7766,0.0,0.0,0.0,0.20262,1,61.1,top 50%
ETHUSDT,2020-04-03,12.5,0–20,0.0824,0.0,0.0,0.0,0.7766,0.0,0.0,0.1045,0.114864,1,65.2,top 50%
ETHUSDT,2020-04-04,13.3,0–20,0.0449,0.0,0.0,0.0,0.7766,0.0,0.0,0.3355,0.089497,1,70.1,top 50%
ETHUSDT,2020-04-05,18.4,0–20,0.0636,0.0,0.0,0.0,0.7766,0.0,0.0,1.0,0.122579,1,95.9,top 10%
ETHUSDT,2020-04-06,17.1,0–20,0.0,0.0,0.0,0.0,0.7766,0.0,0.0,1.0,-0.076012,0,91.4,top 10%
ETHUSDT,2020-04-07,17.1,0–20,0.0,0.0,0.0,0.0,0.7766,0.0,0.0,1.0,-0.04546,0,91.4,top 10%
ETHUSDT,2020-04-08,11.8,0–20,0.0,0.0,0.0,0.0,0.7766,0.0,0.0,0.2445,-0.11211,0,61.1,top 50%
ETHUSDT,2020-04-09,14.0,0–20,0.0,0.0,0.0,0.0,0.7766,0.0,0.0,0.553,0.007905,1,73.9,top 50%
ETHUSDT,2020-04-10,13.2,0–20,0.0,0.0,0.0,0.0,0.7766,0.0,0.0,0.4457,0.083492,1,69.5,top 50%
ETHUSDT,2020-04-11,17.1,0–20,0.0,0.0,0.0,0.0,0.7766,0.0,0.0,1.0,0.181385,1,91.4,top 10%
ETHUSDT,2020-04-12,17.1,0–20,0.0,0.0,0.0,0.0,0.7766,0.0,0.0,1.0,0.127046,1,91.4,top 10%
ETHUSDT,2020-04-13,17.1,0–20,0.0,0.0,0.0,0.0,0.7766,0.0,0.0,1.0,0.102493,1,91.4,top 10%
ETHUSDT,2020-04-14,17.1,0–20,0.0,0.0,0.0,0.0,0.7766,0.0,0.0,1.0,0.096077,1,91.4,top 10%
ETHUSDT,2020-04-15,15.5,0–20,0.0244,0.0,0.0,0.0,0.7766,0.0,0.0,0.7011,0.191228,1,84.8,top 25%
ETHUSDT,2020-04-16,17.0,0–20,0.0,0.0,0.0,0.0,0.7766,0.0,0.0,0.9862,0.074765,1,90.4,top 10%
ETHUSDT,2020-04-17,17.1,0–20,0.0,0.0,0.0,0.0,0.7766,0.0,0.0,1.0,0.102531,1,91.4,top 10%
ETHUSDT,2020-04-18,17.1,0–20,0.0,0.0,0.0,0.0,0.7766,0.0,0.0,1.0,0.046017,1,91.4,top 10%
ETHUSDT,2020-04-19,17.1,0–20,0.0,0.0,0.0,0.0,0.7766,0.0,0.0,1.0,0.086461,1,91.4,top 10%
ETHUSDT,2020-04-20,15.9,0–20,0.0,0.0,0.0,0.0,0.7766,0.0,0.0,0.8285,0.144678,1,87.6,top 25%
ETHUSDT,2020-04-21,17.1,0–20,0.0,0.0,0.0,0.0,0.7766,0.0,0.0,1.0,0.148651,1,91.4,top 10%
ETHUSDT,2020-04-22,17.1,0–20,0.0,0.0,0.0,0.0,0.7766,0.0,0.0,1.0,0.188219,1,91.4,top 10%
ETHUSDT,2020-04-23,17.1,0–20,0.0,0.0,0.0,0.0,0.7766,0.0,0.0,1.0,0.121999,1,91.4,top 10%
ETHUSDT,2020-04-24,17.1,0–20,0.0,0.0,0.0,0.0,0.7766,0.0,0.0,1.0,0.132015,1,91.4,top 10%
ETHUSDT,2020-04-25,17.1,0–20,0.0,0.0,0.0,0.0,0.7766,0.0,0.0,1.0,0.101322,1,91.4,top 10%
ETHUSDT,2020-04-26,10.9,0–20,0.0,0.0,0.0,0.0,0.7766,0.0,0.0,0.1216,0.069004,1,54.3,top 50%
ETHUSDT,2020-04-27,14.1,0–20,0.0,0.0,0.0,0.0,0.7766,0.0,0.0,0.5723,0.055517,1,74.6,top 50%
ETHUSDT,2020-04-28,12.8,0–20,0.0,0.0,0.0,0.0,0.7766,0.0,0.0,0.3847,0.042129,1,67.1,top 50%
ETHUSDT,2020-04-29,14.4,0–20,0.0,0.0,0.0,0.0,0.7766,0.0,0.0,0.6185,-0.059513,0,76.4,top 25%
ETHUSDT,2020-04-30,17.1,0–20,0.0,0.0,0.0,0.0,0.7766,0.0,0.0,1.0,0.022579,1,91.4,top 10%
ETHUSDT,2020-05-01,14.8,0–20,0.0,0.0,0.0,0.0,0.6016,0.0,0.0,1.0,-0.00573,0,79.4,top 25%
ETHUSDT,2020-05-02,14.8,0–20,0.0,0.0,0.0,0.0,0.6016,0.0,0.0,1.0,-0.017301,0,79.4,top 25%
ETHUSDT,2020-05-03,14.8,0–20,0.0,0.0,0.0,0.0,0.6016,0.0,0.0,1.0,-0.10588,0,79.4,top 25%
ETHUSDT,2020-05-04,14.8,0–20,0.0,0.0,0.0,0.0,0.6016,0.0,0.0,1.0,-0.106935,0,79.4,top 25%
ETHUSDT,2020-05-05,14.8,0–20,0.0,0.0,0.0,0.0,0.6016,0.0,0.0,1.0,-0.084449,0,79.4,top 25%
ETHUSDT,2020-05-06,14.8,0–20,0.0,0.0,0.0,0.0,0.6016,0.0,0.0,1.0,-0.023829,0,79.4,top 25%
ETHUSDT,2020-05-07,14.8,0–20,0.0,0.0,0.0,0.0,0.6016,0.0,0.0,1.0,-0.043998,0,79.4,top 25%
ETHUSDT,2020-05-08,12.4,0–20,0.0,0.0,0.0,0.0,0.6016,0.0,0.0,0.6488,-0.081547,0,64.7,top 50%
ETHUSDT,2020-05-09,13.0,0–20,0.0,0.0,0.0,0.0,0.6016,0.0,0.0,0.7432,-0.051621,0,68.2,top 50%
ETHUSDT,2020-05-10,15.7,0–20,0.0738,0.0,0.0,0.0,0.6016,0.0,0.0,0.9126,0.098405,1,85.6,top 25%
ETHUSDT,2020-05-11,15.7,0–20,0.104,0.0,0.0,0.0,0.6016,0.0,0.0,0.8259,0.153901,1,85.6,top 25%
ETHUSDT,2020-05-12,14.0,0–20,0.057,0.0,0.0,0.0,0.6016,0.0,0.0,0.725,0.127507,1,73.9,top 50%
ETHUSDT,2020-05-13,12.8,0–20,0.0,0.0,0.0,0.0,0.6016,0.0,0.0,0.7067,0.054738,1,67.1,top 50%
ETHUSDT,2020-05-14,11.8,0–20,0.0,0.0,0.0,0.0,0.6016,0.0,0.0,0.5667,-0.015105,0,61.1,top 50%
ETHUSDT,2020-05-15,7.8,0–20,0.0,0.0,0.0,0.0,0.6016,0.0,0.0,0.0,0.059024,1,37.5,bottom 50%
ETHUSDT,2020-05-16,7.8,0–20,0.0,0.0,0.0,0.0,0.6016,0.0,0.0,0.0,0.039951,1,37.5,bottom 50%
ETHUSDT,2020-05-17,7.8,0–20,0.0,0.0,0.0,0.0,0.6016,0.0,0.0,0.0,-0.023114,0,37.5,bottom 50%
ETHUSDT,2020-05-18,8.0,0–20,0.0,0.0,0.0,0.0,0.6016,0.0,0.0,0.0211,-0.04291,0,38.5,bottom 50%
ETHUSDT,2020-05-19,7.8,0–20,0.0,0.0,0.0,0.0,0.6016,0.0,0.0,0.0,-0.054105,0,37.5,bottom 50%
ETHUSDT,2020-05-20,7.8,0–20,0.0,0.0,0.0,0.0,0.6016,0.0,0.0,0.0,-0.00587,0,37.5,bottom 50%
ETHUSDT,2020-05-21,7.8,0–20,0.0,0.0,0.0,0.0,0.6016,0.0,0.0,0.0,0.099842,1,37.5,bottom 50%
ETHUSDT,2020-05-22,7.8,0–20,0.0,0.0,0.0,0.0,0.6016,0.0,0.0,0.0,0.065193,1,37.5,bottom 50%
ETHUSDT,2020-05-23,8.4,0–20,0.0,0.0,0.0,0.0,0.6016,0.0,0.0,0.0828,0.161246,1,40.6,bottom 50%
ETHUSDT,2020-05-24,8.7,0–20,0.0,0.0,0.0,0.0,0.6016,0.0,0.0,0.1202,0.141352,1,41.5,bottom 50%
ETHUSDT,2020-05-25,8.4,0–20,0.0,0.0,0.0,0.0,0.6016,0.0,0.0,0.0785,0.202962,1,40.6,bottom 50%
ETHUSDT,2020-05-26,7.8,0–20,0.0,0.0,0.0,0.0,0.6016,0.0,0.0,0.0,0.17492,1,37.5,bottom 50%
ETHUSDT,2020-05-27,7.8,0–20,0.0,0.0,0.0,0.0,0.6016,0.0,0.0,0.0,0.169086,1,37.5,bottom 50%
ETHUSDT,2020-05-28,7.8,0–20,0.0,0.0,0.0,0.0,0.6016,0.0,0.0,0.0,0.111836,1,37.5,bottom 50%
ETHUSDT,2020-05-29,7.8,0–20,0.0,0.0,0.0,0.0,0.6016,0.0,0.0,0.0,0.093109,1,37.5,bottom 50%
ETHUSDT,2020-05-30,11.5,0–20,0.0,0.0,0.0,0.0,0.6016,0.0,0.0,0.5232,-0.001709,0,59.4,top 50%
ETHUSDT,2020-05-31,11.3,0–20,0.0,0.0,0.0,0.0,0.6016,0.0,0.0,0.4919,0.061442,1,57.6,top 50%
ETHUSDT,2020-06-01,4.3,0–20,0.0,0.0,0.0,0.0,0.0,0.0,0.0,0.6106,-0.002761,0,19.7,bottom 50%
ETHUSDT,2020-06-02,3.9,0–20,0.0,0.0,0.0,0.0,0.0,0.0,0.0,0.5592,0.032427,1,18.2,bottom 50%
ETHUSDT,2020-06-03,3.4,0–20,0.0,0.0,0.0,0.0,0.0,0.0,0.0,0.4832,0.013374,1,16.0,bottom 50%
ETHUSDT,2020-06-04,7.0,0–20,0.0,0.0,0.0,0.0,0.0,0.0,0.0,1.0,-0.052055,0,31.3,bottom 50%
ETHUSDT,2020-06-05,5.5,0–20,0.0,0.0,0.0,0.0,0.0,0.0,0.0,0.7884,-0.015458,0,24.3,bottom 50%
ETHUSDT,2020-06-06,6.6,0–20,0.0,0.0,0.0,0.0,0.0,0.0,0.0,0.9417,-0.012493,0,27.8,bottom 50%
ETHUSDT,2020-06-07,3.8,0–20,0.0,0.0,0.0,0.0,0.0,0.0,0.0,0.5467,-0.045082,0,17.8,bottom 50%
ETHUSDT,2020-06-08,5.1,0–20,0.0,0.0,0.0,0.0,0.0,0.0,0.0,0.7261,-0.066506,0,22.9,bottom 50%
ETHUSDT,2020-06-09,5.7,0–20,0.0,0.0,0.0,0.0,0.0,0.0,0.0,0.8186,-0.042853,0,25.0,bottom 50%
ETHUSDT,2020-06-10,7.0,0–20,0.0,0.0,0.0,0.0,0.0,0.0,0.0,1.0,-0.058262,0,31.3,bottom 50%
ETHUSDT,2020-06-11,5.6,0–20,0.0,0.0,0.0,0.0,0.0,0.0,0.0,0.8035,0.00172,1,24.6,bottom 50%
ETHUSDT,2020-06-12,5.9,0–20,0.0,0.0,0.0,0.0,0.0,0.0,0.0,0.8465,-0.043601,0,25.9,bottom 50%
ETHUSDT,2020-06-13,7.0,0–20,0.0,0.0,0.0,0.0,0.0,0.0,0.0,1.0,-0.040327,0,31.3,bottom 50%
ETHUSDT,2020-06-14,6.5,0–20,0.0,0.0,0.0,0.0,0.0,0.0,0.0,0.9216,-0.02189,0,27.6,bottom 50%
ETHUSDT,2020-06-15,7.0,0–20,0.0,0.0,0.0,0.0,0.0,0.0,0.0,1.0,0.054818,1,31.3,bottom 50%
ETHUSDT,2020-06-16,3.9,0–20,0.0,0.0,0.0,0.0,0.0,0.0,0.0,0.5532,0.04149,1,18.2,bottom 50%
ETHUSDT,2020-06-17,2.8,0–20,0.0,0.0,0.0,0.0,0.0,0.0,0.0,0.3939,0.011776,1,13.5,bottom 50%
ETHUSDT,2020-06-18,2.8,0–20,0.0,0.0,0.0,0.0,0.0,0.0,0.0,0.4014,0.003633,1,13.5,bottom 50%
ETHUSDT,2020-06-19,0.9,0–20,0.0445,0.0,0.0,0.0,0.0,0.0,0.0,0.0,0.011138,1,6.7,bottom 50%
ETHUSDT,2020-06-20,0.2,0–20,0.0106,0.0,0.0,0.0,0.0,0.0,0.0,0.0,-0.027541,0,4.2,bottom 50%
ETHUSDT,2020-06-21,0.3,0–20,0.0152,0.0,0.0,0.0,0.0,0.0,0.0,0.0,-0.015907,0,4.3,bottom 50%
ETHUSDT,2020-06-22,0.0,0–20,0.0,0.0,0.0,0.0,0.0,0.0,0.0,0.0,-0.059119,0,1.9,bottom 50%
ETHUSDT,2020-06-23,0.0,0–20,0.0,0.0,0.0,0.0,0.0,0.0,0.0,0.0,-0.07302,0,1.9,bottom 50%
ETHUSDT,2020-06-24,0.0,0–20,0.0,0.0,0.0,0.0,0.0,0.0,0.0,0.0,-0.019761,0,1.9,bottom 50%
ETHUSDT,2020-06-25,0.0,0–20,0.0,0.0,0.0,0.0,0.0,0.0,0.0,0.0,-0.01525,0,1.9,bottom 50%
ETHUSDT,2020-06-26,0.7,0–20,0.036,0.0,0.0,0.0,0.0,0.0,0.0,0.0,-0.01864,0,5.7,bottom 50%
ETHUSDT,2020-06-27,2.6,0–20,0.1301,0.0,0.0,0.0,0.0,0.0,0.0,0.0,0.027423,1,12.8,bottom 50%
ETHUSDT,2020-06-28,1.8,0–20,0.0893,0.0,0.0,0.0,0.0,0.0,0.0,0.0,0.010284,1,10.1,bottom 50%
ETHUSDT,2020-06-29,0.8,0–20,0.0411,0.0,0.0,0.0,0.0,0.0,0.0,0.0,0.058351,1,6.2,bottom 50%
ETHUSDT,2020-06-30,1.4,0–20,0.0704,0.0,0.0,0.0,0.0,0.0,0.0,0.0,0.056384,1,8.5,bottom 50%
ETHUSDT,2020-07-01,11.3,0–20,0.0,0.0,0.0,0.0,0.868,0.0,0.0,0.0,0.067312,1,57.6,top 50%
ETHUSDT,2020-07-02,11.6,0–20,0.0169,0.0,0.0,0.0,0.868,0.0,0.0,0.0,0.059391,1,59.9,top 50%
ETHUSDT,2020-07-03,13.0,0–20,0.0836,0.0,0.0,0.0,0.868,0.0,0.0,0.0,0.069205,1,68.2,top 50%
ETHUSDT,2020-07-04,11.6,0–20,0.0153,0.0,0.0,0.0,0.868,0.0,0.0,0.0,0.045331,1,59.9,top 50%
ETHUSDT,2020-07-05,12.1,0–20,0.0402,0.0,0.0,0.0,0.868,0.0,0.0,0.0,0.063546,1,62.9,top 50%
ETHUSDT,2020-07-06,11.3,0–20,0.0,0.0,0.0,0.0,0.868,0.0,0.0,0.0,-0.007891,0,57.6,top 50%
ETHUSDT,2020-07-07,11.3,0–20,0.0,0.0,0.0,0.0,0.868,0.0,0.0,0.0,0.004751,1,57.6,top 50%
ETHUSDT,2020-07-08,11.3,0–20,0.0,0.0,0.0,0.0,0.868,0.0,0.0,0.0,-0.033431,0,57.6,top 50%
ETHUSDT,2020-07-09,11.6,0–20,0.0,0.0,0.0,0.0,0.868,0.0,0.0,0.0452,-0.038578,0,59.9,top 50%
ETHUSDT,2020-07-10,11.3,0–20,0.0,0.0,0.0,0.0,0.868,0.0,0.0,0.0,-0.034076,0,57.6,top 50%
ETHUSDT,2020-07-11,13.2,0–20,0.0,0.0,0.0,0.0,0.868,0.0,0.0,0.2711,-0.016597,0,69.5,top 50%
ETHUSDT,2020-07-12,11.3,0–20,0.0,0.0,0.0,0.0,0.868,0.0,0.0,0.0,-0.01505,0,57.6,top 50%
ETHUSDT,2020-07-13,11.6,0–20,0.0,0.0,0.0,0.0,0.868,0.0,0.0,0.0503,-0.014405,0,59.9,top 50%
ETHUSDT,2020-07-14,12.3,0–20,0.0,0.0,0.0,0.0,0.868,0.0,0.0,0.1518,0.020004,1,64.1,top 50%
ETHUSDT,2020-07-15,12.5,0–20,0.0,0.0,0.0,0.0,0.868,0.0,0.0,0.1707,0.099684,1,65.2,top 50%
ETHUSDT,2020-07-16,13.5,0–20,0.037,0.0,0.0,0.0,0.868,0.0,0.0,0.208,0.175689,1,71.3,top 50%
ETHUSDT,2020-07-17,15.3,0–20,0.0539,0.0,0.0,0.0,0.868,0.0,0.0,0.4133,0.199518,1,83.8,top 25%
ETHUSDT,2020-07-18,13.5,0–20,0.0,0.0,0.0,0.0,0.868,0.0,0.0,0.3109,0.2912,1,71.3,top 50%
ETHUSDT,2020-07-19,13.1,0–20,0.0,0.0,0.0,0.0,0.868,0.0,0.0,0.2614,0.298364,1,68.9,top 50%
ETHUSDT,2020-07-20,13.1,0–20,0.0,0.0,0.0,0.0,0.868,0.0,0.0,0.265,0.361464,1,68.9,top 50%
ETHUSDT,2020-07-21,11.7,0–20,0.0,0.0,0.0,0.0,0.868,0.0,0.0,0.0573,0.29239,1,60.5,top 50%
ETHUSDT,2020-07-22,11.9,0–20,0.0,0.0,0.0,0.0,0.868,0.0,0.0,0.083,0.213586,1,61.7,top 50%
ETHUSDT,2020-07-23,13.1,0–20,0.0,0.0,0.0,0.0,0.868,0.0,0.0,0.2613,0.218056,1,68.9,top 50%
ETHUSDT,2020-07-24,13.0,0–20,0.0,0.0,0.0,0.0,0.868,0.0,0.0,0.2406,0.237592,1,68.2,top 50%
ETHUSDT,2020-07-25,13.0,0–20,0.0,0.0,0.0,0.0,0.868,0.0,0.0,0.24,0.266868,1,68.2,top 50%
ETHUSDT,2020-07-26,11.9,0–20,0.0,0.0,0.0,0.0,0.868,0.0,0.0,0.0917,0.197091,1,61.7,top 50%
ETHUSDT,2020-07-27,15.4,0–20,0.0,0.0,0.0,0.0,0.868,0.0,0.0,0.5928,0.201487,1,84.2,top 25%
ETHUSDT,2020-07-28,15.9,0–20,0.0,0.0,0.0,0.0,0.868,0.0,0.0,0.6547,0.231222,1,87.6,top 25%
ETHUSDT,2020-07-29,17.2,0–20,0.0,0.0,0.0,0.0,0.868,0.0,0.0,0.8488,0.262106,1,92.4,top 10%
ETHUSDT,2020-07-30,18.3,0–20,0.0,0.0,0.0,0.0,0.868,0.0,0.0,1.0,0.180447,1,95.3,top 10%
ETHUSDT,2020-07-31,18.3,0–20,0.0,0.0,0.0,0.0,0.868,0.0,0.0,1.0,0.098272,1,95.3,top 10%
ETHUSDT,2020-08-01,7.0,0–20,0.0,0.0,0.0,0.0,0.0,0.0,0.0,1.0,0.022813,1,31.3,bottom 50%
ETHUSDT,2020-08-02,7.0,0–20,0.0,0.0,0.0,0.0,0.0,0.0,0.0,1.0,0.055167,1,31.3,bottom 50%
ETHUSDT,2020-08-03,7.0,0–20,0.0,0.0,0.0,0.0,0.0,0.0,0.0,1.0,0.024832,1,31.3,bottom 50%
ETHUSDT,2020-08-04,7.0,0–20,0.0,0.0,0.0,0.0,0.0,0.0,0.0,1.0,-0.024345,0,31.3,bottom 50%
ETHUSDT,2020-08-05,7.0,0–20,0.0,0.0,0.0,0.0,0.0,0.0,0.0,1.0,-0.026311,0,31.3,bottom 50%
ETHUSDT,2020-08-06,7.0,0–20,0.0,0.0,0.0,0.0,0.0,0.0,0.0,1.0,0.085527,1,31.3,bottom 50%
ETHUSDT,2020-08-07,7.0,0–20,0.0,0.0,0.0,0.0,0.0,0.0,0.0,1.0,0.152524,1,31.3,bottom 50%
ETHUSDT,2020-08-08,7.0,0–20,0.0,0.0,0.0,0.0,0.0,0.0,0.0,1.0,0.099921,1,31.3,bottom 50%
ETHUSDT,2020-08-09,7.0,0–20,0.0,0.0,0.0,0.0,0.0,0.0,0.0,1.0,0.109087,1,31.3,bottom 50%
ETHUSDT,2020-08-10,7.0,0–20,0.0,0.0,0.0,0.0,0.0,0.0,0.0,1.0,0.084983,1,31.3,bottom 50%
ETHUSDT,2020-08-11,7.0,0–20,0.0,0.0,0.0,0.0,0.0,0.0,0.0,1.0,0.113794,1,31.3,bottom 50%
ETHUSDT,2020-08-12,7.0,0–20,0.0,0.0,0.0,0.0,0.0,0.0,0.0,1.0,0.039485,1,31.3,bottom 50%
ETHUSDT,2020-08-13,7.0,0–20,0.0,0.0,0.0,0.0,0.0,0.0,0.0,1.0,-0.028693,0,31.3,bottom 50%
ETHUSDT,2020-08-14,7.0,0–20,0.0,0.0,0.0,0.0,0.0,0.0,0.0,1.0,-0.110361,0,31.3,bottom 50%
ETHUSDT,2020-08-15,7.0,0–20,0.0,0.0,0.0,0.0,0.0,0.0,0.0,1.0,-0.08658,0,31.3,bottom 50%
ETHUSDT,2020-08-16,7.0,0–20,0.0,0.0,0.0,0.0,0.0,0.0,0.0,1.0,-0.097749,0,31.3,bottom 50%
ETHUSDT,2020-08-17,7.0,0–20,0.0,0.0,0.0,0.0,0.0,0.0,0.0,1.0,-0.049792,0,31.3,bottom 50%
ETHUSDT,2020-08-18,7.0,0–20,0.0,0.0,0.0,0.0,0.0,0.0,0.0,1.0,-0.09363,0,31.3,bottom 50%
ETHUSDT,2020-08-19,7.0,0–20,0.0,0.0,0.0,0.0,0.0,0.0,0.0,1.0,-0.049199,0,31.3,bottom 50%
ETHUSDT,2020-08-20,7.0,0–20,0.0,0.0,0.0,0.0,0.0,0.0,0.0,1.0,-0.081181,0,31.3,bottom 50%
ETHUSDT,2020-08-21,4.0,0–20,0.0,0.0,0.0,0.0,0.0,0.0,0.0,0.5657,0.017342,1,18.8,bottom 50%
ETHUSDT,2020-08-22,5.1,0–20,0.0,0.0,0.0,0.0,0.0,0.0,0.0,0.7317,0.010323,1,22.9,bottom 50%
ETHUSDT,2020-08-23,3.1,0–20,0.0,0.0,0.0,0.0,0.0,0.0,0.0,0.4469,0.094565,1,14.8,bottom 50%
ETHUSDT,2020-08-24,1.5,0–20,0.0,0.0,0.0,0.0,0.0,0.0,0.0,0.2136,0.065995,1,9.0,bottom 50%
ETHUSDT,2020-08-25,1.2,0–20,0.0,0.0,0.0,0.0,0.0,0.0,0.0,0.1705,0.242319,1,7.7,bottom 50%
ETHUSDT,2020-08-26,0.0,0–20,0.0,0.0,0.0,0.0,0.0,0.0,0.0,0.0,0.138626,1,1.9,bottom 50%
ETHUSDT,2020-08-27,1.6,0–20,0.0086,0.0,0.0,0.0,0.0,0.0,0.0,0.2079,0.007943,1,9.4,bottom 50%
ETHUSDT,2020-08-28,0.0,0–20,0.0,0.0,0.0,0.0,0.0,0.0,0.0,0.0,-0.019283,0,1.9,bottom 50%
ETHUSDT,2020-08-29,1.5,0–20,0.0,0.0,0.0,0.0,0.0,0.0,0.0,0.2132,-0.161685,0,9.0,bottom 50%
ETHUSDT,2020-08-30,0.0,0–20,0.0,0.0,0.0,0.0,0.0,0.0,0.0,0.0,-0.17515,0,1.9,bottom 50%
ETHUSDT,2020-08-31,0.6,0–20,0.0,0.0,0.0,0.0,0.0,0.0,0.0,0.09,-0.189405,0,5.2,bottom 50%
ETHUSDT,2020-09-01,0.0,0–20,0.0,0.0,0.0,0.0,0.0,0.0,0.0,0.0,-0.292316,0,1.9,bottom 50%
ETHUSDT,2020-09-02,0.0,0–20,0.0,0.0,0.0,0.0,0.0,0.0,0.0,0.0,-0.202096,0,1.9,bottom 50%
ETHUSDT,2020-09-03,5.7,0–20,0.0614,0.0,0.0,0.0,0.0,0.0,0.6375,0.0,-0.045557,0,25.0,bottom 50%
ETHUSDT,2020-09-04,6.1,0–20,0.0499,0.0,0.0,0.0,0.0,0.0,0.7268,0.0,-0.03489,0,26.5,bottom 50%
ETHUSDT,2020-09-05,13.6,0–20,0.2341,0.1242,0.0,0.0,0.0,0.0,1.0,0.0115,0.154874,1,71.9,top 50%
ETHUSDT,2020-09-06,11.0,0–20,0.1519,0.0,0.0,0.0,0.0,0.0,0.7291,0.4097,0.034547,1,55.0,top 50%
ETHUSDT,2020-09-07,7.8,0–20,0.1542,0.0,0.0,0.0,0.0,0.0,0.5189,0.1548,0.06974,1,37.5,bottom 50%
ETHUSDT,2020-09-08,4.1,0–20,0.2052,0.0,0.0,0.0,0.0,0.0,0.0,0.0,0.080678,1,19.1,bottom 50%
ETHUSDT,2020-09-09,2.8,0–20,0.139,0.0,0.0,0.0,0.0,0.0,0.0,0.0,0.041874,1,13.5,bottom 50%
ETHUSDT,2020-09-10,1.2,0–20,0.06,0.0,0.0,0.0,0.0,0.0,0.0,0.0,0.056825,1,7.7,bottom 50%
ETHUSDT,2020-09-11,0.6,0–20,0.0302,0.0,0.0,0.0,0.0,0.0,0.0,0.0,0.025805,1,5.2,bottom 50%
ETHUSDT,2020-09-12,0.0,0–20,0.0,0.0,0.0,0.0,0.0,0.0,0.0,0.0,-0.004232,0,1.9,bottom 50%
ETHUSDT,2020-09-13,1.4,0–20,0.0685,0.0,0.0,0.0,0.0,0.0,0.0,0.0,0.014998,1,8.5,bottom 50%
ETHUSDT,2020-09-14,0.3,0–20,0.0142,0.0,0.0,0.0,0.0,0.0,0.0,0.0,-0.094052,0,4.3,bottom 50%
ETHUSDT,2020-09-15,1.4,0–20,0.0684,0.0,0.0,0.0,0.0,0.0,0.0,0.0,-0.05574,0,8.5,bottom 50%
ETHUSDT,2020-09-16,1.3,0–20,0.0635,0.0,0.0,0.0,0.0,0.0,0.0,0.0,-0.122183,0,8.1,bottom 50%
ETHUSDT,2020-09-17,0.0,0–20,0.0,0.0,0.0,0.0,0.0,0.0,0.0,0.0,-0.101958,0,1.9,bottom 50%
ETHUSDT,2020-09-18,0.0,0–20,0.0,0.0,0.0,0.0,0.0,0.0,0.0,0.0,-0.083726,0,1.9,bottom 50%
ETHUSDT,2020-09-19,0.0,0–20,0.0,0.0,0.0,0.0,0.0,0.0,0.0,0.0,-0.077958,0,1.9,bottom 50%
ETHUSDT,2020-09-20,0.9,0–20,0.045,0.0,0.0,0.0,0.0,0.0,0.0,0.0,-0.036691,0,6.7,bottom 50%
ETHUSDT,2020-09-21,3.6,0–20,0.1779,0.0,0.0,0.0,0.0,0.0,0.0,0.0,0.039128,1,17.1,bottom 50%
ETHUSDT,2020-09-22,3.2,0–20,0.1617,0.0,0.0,0.0,0.0,0.0,0.0,0.0,0.044279,1,15.1,bottom 50%
ETHUSDT,2020-09-23,5.6,0–20,0.2563,0.03,0.0,0.0,0.0,0.0,0.0,0.0,0.120896,1,24.6,bottom 50%
ETHUSDT,2020-09-24,1.9,0–20,0.0956,0.0,0.0,0.0,0.0,0.0,0.0,0.0,0.011021,1,10.4,bottom 50%
ETHUSDT,2020-09-25,5.2,0–20,0.0807,0.0,0.0,0.0,0.0,0.0,0.0,0.5067,-0.016879,0,23.3,bottom 50%
ETHUSDT,2020-09-26,1.2,0–20,0.0625,0.0,0.0,0.0,0.0,0.0,0.0,0.0,-0.025222,0,7.7,bottom 50%
ETHUSDT,2020-09-27,1.0,0–20,0.0512,0.0,0.0,0.0,0.0,0.0,0.0,0.0,-0.013595,0,7.0,bottom 50%
ETHUSDT,2020-09-28,1.3,0–20,0.0637,0.0,0.0,0.0,0.0,0.0,0.0,0.0,-0.003386,0,8.1,bottom 50%
ETHUSDT,2020-09-29,0.7,0–20,0.0341,0.0,0.0,0.0,0.0,0.0,0.0,0.0,-0.052651,0,5.7,bottom 50%
ETHUSDT,2020-09-30,0.7,0–20,0.0329,0.0,0.0,0.0,0.0,0.0,0.0,0.0,-0.050368,0,5.7,bottom 50%
ETHUSDT,2020-10-01,9.1,0–20,0.0764,0.0,0.0,0.0,0.5845,0.0,0.0,0.0,-0.006907,0,43.6,bottom 50%
ETHUSDT,2020-10-02,10.0,0–20,0.1205,0.0,0.0,0.0,0.5845,0.0,0.0,0.0,0.055891,1,47.1,bottom 50%
ETHUSDT,2020-10-03,10.0,0–20,0.1182,0.0,0.0,0.0,0.5845,0.0,0.0,0.0,0.070545,1,47.1,bottom 50%
ETHUSDT,2020-10-04,8.9,0–20,0.0669,0.0,0.0,0.0,0.5845,0.0,0.0,0.0,0.063994,1,42.9,bottom 50%
ETHUSDT,2020-10-05,8.7,0–20,0.0551,0.0,0.0,0.0,0.5845,0.0,0.0,0.0,0.09542,1,41.5,bottom 50%
ETHUSDT,2020-10-06,10.6,0–20,0.1518,0.0,0.0,0.0,0.5845,0.0,0.0,0.0,0.118465,1,52.6,top 50%
ETHUSDT,2020-10-07,10.4,0–20,0.1423,0.0,0.0,0.0,0.5845,0.0,0.0,0.0,0.110224,1,51.5,top 50%
ETHUSDT,2020-10-08,8.7,0–20,0.0574,0.0,0.0,0.0,0.5845,0.0,0.0,0.0,0.07605,1,41.5,bottom 50%
ETHUSDT,2020-10-09,7.6,0–20,0.0,0.0,0.0,0.0,0.5845,0.0,0.0,0.0,0.001747,1,35.8,bottom 50%
ETHUSDT,2020-10-10,7.6,0–20,0.0,0.0,0.0,0.0,0.5845,0.0,0.0,0.0,-0.005692,0,35.8,bottom 50%
ETHUSDT,2020-10-11,7.6,0–20,0.0,0.0,0.0,0.0,0.5845,0.0,0.0,0.0,0.008188,1,35.8,bottom 50%
ETHUSDT,2020-10-12,7.6,0–20,0.0,0.0,0.0,0.0,0.5845,0.0,0.0,0.0,-0.020106,0,35.8,bottom 50%
ETHUSDT,2020-10-13,11.1,0–20,0.0,0.0,0.0,0.0,0.5845,0.0,0.0,0.5017,-0.031622,0,55.6,top 50%
ETHUSDT,2020-10-14,9.3,0–20,0.0,0.0,0.0,0.0,0.5845,0.0,0.0,0.2412,0.033482,1,44.2,bottom 50%
ETHUSDT,2020-10-15,9.5,0–20,0.0,0.0,0.0,0.0,0.5845,0.0,0.0,0.2713,0.096256,1,45.0,bottom 50%
ETHUSDT,2020-10-16,9.5,0–20,0.0,0.0,0.0,0.0,0.5845,0.0,0.0,0.2699,0.118881,1,45.0,bottom 50%
ETHUSDT,2020-10-17,10.4,0–20,0.0,0.0,0.0,0.0,0.5845,0.0,0.0,0.4031,0.118208,1,51.5,top 50%
ETHUSDT,2020-10-18,10.1,0–20,0.0,0.0,0.0,0.0,0.5845,0.0,0.0,0.3636,0.074043,1,48.0,bottom 50%
ETHUSDT,2020-10-19,9.5,0–20,0.0,0.0,0.0,0.0,0.5845,0.0,0.0,0.2745,0.036724,1,45.0,bottom 50%
ETHUSDT,2020-10-20,9.3,0–20,0.0,0.0,0.0,0.0,0.5845,0.0,0.0,0.2378,0.094437,1,44.2,bottom 50%
ETHUSDT,2020-10-21,9.0,0–20,0.0,0.0,0.0,0.0,0.5845,0.0,0.0,0.1974,-0.009024,0,43.2,bottom 50%
ETHUSDT,2020-10-22,10.2,0–20,0.0,0.0,0.0,0.0,0.5845,0.0,0.0,0.3664,-0.065357,0,48.9,bottom 50%
ETHUSDT,2020-10-23,11.1,0–20,0.0,0.0,0.0,0.0,0.5845,0.0,0.0,0.4954,-0.065761,0,55.6,top 50%
ETHUSDT,2020-10-24,10.5,0–20,0.0,0.0,0.0,0.0,0.5845,0.0,0.0,0.4212,-0.062715,0,52.1,top 50%
ETHUSDT,2020-10-25,9.3,0–20,0.0,0.0,0.0,0.0,0.5845,0.0,0.0,0.236,-0.024272,0,44.2,bottom 50%
ETHUSDT,2020-10-26,12.9,0–20,0.0,0.0,0.0,0.0,0.5845,0.0,0.0,0.757,-0.027245,0,67.6,top 50%
ETHUSDT,2020-10-27,14.6,0–20,0.0,0.0,0.0,0.0,0.5845,0.0,0.0,1.0,-0.040582,0,77.5,top 25%
ETHUSDT,2020-10-28,13.2,0–20,0.0,0.0,0.0,0.0,0.5845,0.0,0.0,0.7977,0.034713,1,69.5,top 50%
ETHUSDT,2020-10-29,11.8,0–20,0.0,0.0,0.0,0.0,0.5845,0.0,0.0,0.601,0.070688,1,61.1,top 50%
ETHUSDT,2020-10-30,10.8,0–20,0.0037,0.0,0.0,0.0,0.5845,0.0,0.0,0.4477,0.187815,1,53.7,top 50%
ETHUSDT,2020-10-31,9.3,0–20,0.0,0.0,0.0,0.0,0.5845,0.0,0.0,0.2452,0.127067,1,44.2,bottom 50%
ETHUSDT,2020-11-01,1.4,0–20,0.0,0.0,0.0,0.0,0.0,0.0,0.0,0.2058,0.144305,1,8.5,bottom 50%
ETHUSDT,2020-11-02,0.9,0–20,0.0102,0.0,0.0,0.0,0.0,0.0,0.0,0.0965,0.15922,1,6.7,bottom 50%
ETHUSDT,2020-11-03,0.7,0–20,0.0,0.0,0.0,0.0,0.0,0.0,0.0,0.0957,0.160158,1,5.7,bottom 50%
ETHUSDT,2020-11-04,0.5,0–20,0.0,0.0,0.0,0.0,0.0,0.0,0.0,0.0748,0.151236,1,4.9,bottom 50%
ETHUSDT,2020-11-05,2.1,0–20,0.0,0.0,0.0,0.0,0.0,0.0,0.0,0.2977,0.113358,1,11.1,bottom 50%
ETHUSDT,2020-11-06,3.0,0–20,0.0,0.0,0.0,0.0,0.0,0.0,0.0,0.4277,0.043779,1,14.3,bottom 50%
ETHUSDT,2020-11-07,0.5,0–20,0.0,0.0,0.0,0.0,0.0,0.0,0.0,0.0743,0.056084,1,4.9,bottom 50%
ETHUSDT,2020-11-08,0.8,0–20,0.0,0.0,0.0,0.0,0.0,0.0,0.0,0.1181,-0.013219,0,6.2,bottom 50%
ETHUSDT,2020-11-09,3.5,0–20,0.0,0.0,0.0,0.0,0.0,0.0,0.0,0.4938,0.035521,1,16.7,bottom 50%
ETHUSDT,2020-11-10,2.1,0–20,0.0,0.0,0.0,0.0,0.0,0.0,0.0,0.3029,0.068227,1,11.1,bottom 50%
ETHUSDT,2020-11-11,3.5,0–20,0.0,0.0,0.0,0.0,0.0,0.0,0.0,0.5038,0.035691,1,16.7,bottom 50%
ETHUSDT,2020-11-12,2.3,0–20,0.0,0.0,0.0,0.0,0.0,0.0,0.0,0.335,0.023048,1,12.0,bottom 50%
ETHUSDT,2020-11-13,3.6,0–20,0.0,0.0,0.0,0.0,0.0,0.0,0.0,0.5213,0.073991,1,17.1,bottom 50%
ETHUSDT,2020-11-14,3.4,0–20,0.0,0.0,0.0,0.0,0.0,0.0,0.0,0.4839,0.194147,1,16.0,bottom 50%
ETHUSDT,2020-11-15,4.9,0–20,0.0,0.0,0.0,0.0,0.0,0.0,0.0,0.7049,0.246915,1,22.2,bottom 50%
ETHUSDT,2020-11-16,5.1,0–20,0.0,0.0,0.0,0.0,0.0,0.0,0.0,0.725,0.322898,1,22.9,bottom 50%
ETHUSDT,2020-11-17,6.8,0–20,0.0,0.0,0.0,0.0,0.0,0.0,0.0,0.9699,0.257177,1,28.1,bottom 50%
ETHUSDT,2020-11-18,7.0,0–20,0.0,0.0,0.0,0.0,0.0,0.0,0.0,1.0,0.19021,1,31.3,bottom 50%
ETHUSDT,2020-11-19,7.0,0–20,0.0,0.0,0.0,0.0,0.0,0.0,0.0,1.0,0.100016,1,31.3,bottom 50%
ETHUSDT,2020-11-20,6.3,0–20,0.0,0.0,0.0,0.0,0.0,0.0,0.0,0.8981,0.015202,1,27.1,bottom 50%
ETHUSDT,2020-11-21,6.7,0–20,0.0,0.0,0.0,0.0,0.0,0.0,0.0,0.9582,-0.020486,0,28.0,bottom 50%
ETHUSDT,2020-11-22,7.0,0–20,0.0,0.0,0.0,0.0,0.0,0.0,0.0,1.0,0.031699,1,31.3,bottom 50%
ETHUSDT,2020-11-23,7.0,0–20,0.0,0.0,0.0,0.0,0.0,0.0,0.0,1.0,0.0105,1,31.3,bottom 50%
ETHUSDT,2020-11-24,7.0,0–20,0.0,0.0,0.0,0.0,0.0,0.0,0.0,1.0,-0.027444,0,31.3,bottom 50%
ETHUSDT,2020-11-25,7.0,0–20,0.0,0.0,0.0,0.0,0.0,0.0,0.0,1.0,0.048478,1,31.3,bottom 50%
ETHUSDT,2020-11-26,13.0,0–20,0.0,0.0,0.0,0.0,0.0,0.0,0.8672,0.9839,0.188719,1,68.2,top 50%
ETHUSDT,2020-11-27,7.0,0–20,0.0,0.0,0.0,0.0,0.0,0.0,0.0,1.0,0.100215,1,31.3,bottom 50%
ETHUSDT,2020-11-28,7.0,0–20,0.0,0.0,0.0,0.0,0.0,0.0,0.0,1.0,0.10844,1,31.3,bottom 50%
ETHUSDT,2020-11-29,7.0,0–20,0.0,0.0,0.0,0.0,0.0,0.0,0.0,1.0,0.04542,1,31.3,bottom 50%
ETHUSDT,2020-11-30,7.0,0–20,0.0,0.0,0.0,0.0,0.0,0.0,0.0,1.0,-0.037407,0,31.3,bottom 50%
ETHUSDT,2020-12-01,13.6,0–20,0.0,0.0,0.0,0.0,0.6747,0.0,0.0,0.6827,-0.05533,0,71.9,top 50%
ETHUSDT,2020-12-02,13.7,0–20,0.0,0.0,0.0,0.0,0.6747,0.0,0.0,0.7084,-0.04157,0,72.4,top 50%
ETHUSDT,2020-12-03,14.1,0–20,0.0,0.0,0.0,0.0,0.6747,0.0,0.0,0.7677,-0.092475,0,74.6,top 50%
ETHUSDT,2020-12-04,15.8,0–20,0.0,0.0,0.0,0.0,0.6747,0.0,0.0,1.0,-0.041375,0,86.6,top 25%
ETHUSDT,2020-12-05,15.8,0–20,0.0,0.0,0.0,0.0,0.6747,0.0,0.0,1.0,-0.04698,0,86.6,top 25%
ETHUSDT,2020-12-06,15.8,0–20,0.0,0.0,0.0,0.0,0.6747,0.0,0.0,1.0,-0.020345,0,86.6,top 25%
ETHUSDT,2020-12-07,15.8,0–20,0.0,0.0,0.0,0.0,0.6747,0.0,0.0,1.0,-0.009854,0,86.6,top 25%
ETHUSDT,2020-12-08,15.8,0–20,0.0,0.0,0.0,0.0,0.6747,0.0,0.0,1.0,0.062232,1,86.6,top 25%
ETHUSDT,2020-12-09,15.8,0–20,0.0,0.0,0.0,0.0,0.6747,0.0,0.0,1.0,0.109337,1,86.6,top 25%
ETHUSDT,2020-12-10,14.4,0–20,0.0,0.0,0.0,0.0,0.6747,0.0,0.0,0.7992,0.14864,1,76.4,top 25%
ETHUSDT,2020-12-11,11.8,0–20,0.0017,0.0,0.0,0.0,0.6747,0.0,0.0,0.4325,0.199735,1,61.1,top 50%
ETHUSDT,2020-12-12,10.8,0–20,0.0,0.0,0.0,0.0,0.6747,0.0,0.0,0.2907,0.159578,1,53.7,top 50%
ETHUSDT,2020-12-13,8.8,0–20,0.0,0.0,0.0,0.0,0.6747,0.0,0.0,0.0,0.082467,1,42.3,bottom 50%
ETHUSDT,2020-12-14,8.8,0–20,0.0,0.0,0.0,0.0,0.6747,0.0,0.0,0.0,0.040625,1,42.3,bottom 50%
ETHUSDT,2020-12-15,8.8,0–20,0.0,0.0,0.0,0.0,0.6747,0.0,0.0,0.0,0.077201,1,42.3,bottom 50%
ETHUSDT,2020-12-16,10.9,0–20,0.0,0.0,0.0,0.0,0.6747,0.0,0.0,0.3033,-0.082472,0,54.3,top 50%
ETHUSDT,2020-12-17,12.7,0–20,0.0,0.0,0.0,0.0,0.6747,0.0,0.0,0.558,-0.048629,0,66.4,top 50%
ETHUSDT,2020-12-18,12.5,0–20,0.0,0.0,0.0,0.0,0.6747,0.0,0.0,0.5306,-0.043373,0,65.2,top 50%
ETHUSDT,2020-12-19,9.5,0–20,0.0,0.0,0.0,0.0,0.6747,0.0,0.0,0.1002,-0.035586,0,45.0,bottom 50%
ETHUSDT,2020-12-20,8.8,0–20,0.0,0.0,0.0,0.0,0.6747,0.0,0.0,0.0,0.069485,1,42.3,bottom 50%
ETHUSDT,2020-12-21,11.6,0–20,0.0,0.0,0.0,0.0,0.6747,0.0,0.0,0.3987,0.19773,1,59.9,top 50%
ETHUSDT,2020-12-22,11.3,0–20,0.0,0.0,0.0,0.0,0.6747,0.0,0.0,0.3674,0.152265,1,57.6,top 50%
ETHUSDT,2020-12-23,11.1,0–20,0.0185,0.0,0.0,0.0,0.6747,0.0,0.0,0.2754,0.287648,1,55.6,top 50%
ETHUSDT,2020-12-24,13.9,0–20,0.0,0.0,0.0,0.0,0.6747,0.0,0.0,0.7327,0.206335,1,73.4,top 50%
ETHUSDT,2020-12-25,11.2,0–20,0.0,0.0,0.0,0.0,0.6747,0.0,0.0,0.3429,0.165956,1,56.2,top 50%
ETHUSDT,2020-12-26,9.3,0–20,0.0,0.0,0.0,0.0,0.6747,0.0,0.0,0.0685,0.218137,1,44.2,bottom 50%
ETHUSDT,2020-12-27,11.5,0–20,0.0,0.0,0.0,0.0,0.6747,0.0,0.0,0.3907,0.429017,1,59.4,top 50%
ETHUSDT,2020-12-28,11.1,0–20,0.0,0.0,0.0,0.0,0.6747,0.0,0.0,0.3257,0.424202,1,55.6,top 50%
ETHUSDT,2020-12-29,11.6,0–20,0.0,0.0,0.0,0.0,0.6747,0.0,0.0,0.3976,0.503726,1,59.9,top 50%
ETHUSDT,2020-12-30,13.8,0–20,0.0,0.0,0.0,0.0,0.6747,0.0,0.0,0.7153,0.606016,1,72.8,top 50%
ETHUSDT,2020-12-31,15.5,0–20,0.0,0.0,0.0,0.0,0.6747,0.0,0.0,0.9571,0.661253,1,84.8,top 25%
ETHUSDT,2021-01-01,7.0,0–20,0.0,0.0,0.0,0.0,0.0,0.0,0.0,1.0,0.676138,1,31.3,bottom 50%
ETHUSDT,2021-01-02,7.0,0–20,0.0,0.0,0.0,0.0,0.0,0.0,0.0,1.0,0.653995,1,31.3,bottom 50%
ETHUSDT,2021-01-03,7.0,0–20,0.0,0.0,0.0,0.0,0.0,0.0,0.0,1.0,0.293938,1,31.3,bottom 50%
ETHUSDT,2021-01-04,7.0,0–20,0.0,0.0,0.0,0.0,0.0,0.0,0.0,1.0,0.047982,1,31.3,bottom 50%
ETHUSDT,2021-01-05,7.0,0–20,0.0,0.0,0.0,0.0,0.0,0.0,0.0,1.0,-0.051428,0,31.3,bottom 50%
ETHUSDT,2021-01-06,7.0,0–20,0.0,0.0,0.0,0.0,0.0,0.0,0.0,1.0,-0.063269,0,31.3,bottom 50%
ETHUSDT,2021-01-07,7.0,0–20,0.0,0.0,0.0,0.0,0.0,0.0,0.0,1.0,-0.005895,0,31.3,bottom 50%
ETHUSDT,2021-01-08,7.0,0–20,0.0,0.0,0.0,0.0,0.0,0.0,0.0,1.0,-0.042773,0,31.3,bottom 50%
ETHUSDT,2021-01-09,7.0,0–20,0.0,0.0,0.0,0.0,0.0,0.0,0.0,1.0,-0.037109,0,31.3,bottom 50%
ETHUSDT,2021-01-10,7.0,0–20,0.0,0.0,0.0,0.0,0.0,0.0,0.0,1.0,-0.025411,0,31.3,bottom 50%
ETHUSDT,2021-01-11,12.9,0–20,0.0,0.0,0.0,0.0,0.0,0.0,0.842,1.0,0.153314,1,67.6,top 50%
ETHUSDT,2021-01-12,7.0,0–20,0.0,0.0,0.0,0.0,0.0,0.0,0.0,1.0,0.319964,1,31.3,bottom 50%
ETHUSDT,2021-01-13,7.0,0–20,0.0,0.0,0.0,0.0,0.0,0.0,0.0,1.0,0.222451,1,31.3,bottom 50%
ETHUSDT,2021-01-14,7.0,0–20,0.0,0.0,0.0,0.0,0.0,0.0,0.0,1.0,-0.079512,0,31.3,bottom 50%
ETHUSDT,2021-01-15,7.0,0–20,0.0,0.0,0.0,0.0,0.0,0.0,0.0,1.0,0.055193,1,31.3,bottom 50%
ETHUSDT,2021-01-16,7.0,0–20,0.0,0.0,0.0,0.0,0.0,0.0,0.0,1.0,-0.002065,0,31.3,bottom 50%
ETHUSDT,2021-01-17,7.0,0–20,0.0,0.0,0.0,0.0,0.0,0.0,0.0,1.0,0.131231,1,31.3,bottom 50%
ETHUSDT,2021-01-18,7.0,0–20,0.0,0.0,0.0,0.0,0.0,0.0,0.0,1.0,0.053397,1,31.3,bottom 50%
ETHUSDT,2021-01-19,7.0,0–20,0.0,0.0,0.0,0.0,0.0,0.0,0.0,1.0,-0.014694,0,31.3,bottom 50%
ETHUSDT,2021-01-20,7.0,0–20,0.0,0.0,0.0,0.0,0.0,0.0,0.0,1.0,-0.093387,0,31.3,bottom 50%
ETHUSDT,2021-01-21,7.0,0–20,0.0,0.0,0.0,0.0,0.0,0.0,0.0,1.0,0.188059,1,31.3,bottom 50%
ETHUSDT,2021-01-22,7.0,0–20,0.0,0.0,0.0,0.0,0.0,0.0,0.0,1.0,0.118083,1,31.3,bottom 50%
ETHUSDT,2021-01-23,7.0,0–20,0.0,0.0,0.0,0.0,0.0,0.0,0.0,1.0,0.117893,1,31.3,bottom 50%
ETHUSDT,2021-01-24,7.0,0–20,0.0,0.0,0.0,0.0,0.0,0.0,0.0,1.0,-0.055061,0,31.3,bottom 50%
ETHUSDT,2021-01-25,7.0,0–20,0.0,0.0,0.0,0.0,0.0,0.0,0.0,1.0,0.033695,1,31.3,bottom 50%
ETHUSDT,2021-01-26,0.0,0–20,0.0,0.0,0.0,0.0,0.0,0.0,0.0,0.0,0.116528,1,1.9,bottom 50%
ETHUSDT,2021-01-27,0.3,0–20,0.0,0.0,0.0,0.0,0.0,0.0,0.0,0.0448,0.325348,1,4.3,bottom 50%
ETHUSDT,2021-01-28,0.2,0–20,0.0,0.0,0.0,0.0,0.0,0.0,0.0,0.03,0.196827,1,4.2,bottom 50%
ETHUSDT,2021-01-29,3.0,0–20,0.0,0.0,0.0,0.0,0.0,0.0,0.0,0.4286,0.243127,1,14.3,bottom 50%
ETHUSDT,2021-01-30,1.8,0–20,0.0,0.0,0.0,0.0,0.0,0.0,0.0,0.2559,0.219263,1,10.1,bottom 50%
ETHUSDT,2021-01-31,7.0,0–20,0.0,0.0,0.0,0.0,0.0,0.0,0.0,1.0,0.227563,1,31.3,bottom 50%
ETHUSDT,2021-02-01,15.1,0–20,0.0,0.0,0.0,0.0,0.6242,0.0,0.0,1.0,0.275796,1,82.4,top 25%
ETHUSDT,2021-02-02,15.1,0–20,0.0,0.0,0.0,0.0,0.6242,0.0,0.0,1.0,0.166871,1,82.4,top 25%
ETHUSDT,2021-02-03,13.8,0–20,0.0,0.0,0.0,0.0,0.6242,0.0,0.0,0.8088,0.050174,1,72.8,top 50%
ETHUSDT,2021-02-04,15.1,0–20,0.0,0.0,0.0,0.0,0.6242,0.0,0.0,1.0,0.118535,1,82.4,top 25%
ETHUSDT,2021-02-05,11.1,0–20,0.0,0.0,0.0,0.0,0.6242,0.0,0.0,0.4315,0.072663,1,55.6,top 50%
ETHUSDT,2021-02-06,13.0,0–20,0.0,0.0,0.0,0.0,0.6242,0.0,0.0,0.6917,0.081213,1,68.2,top 50%
ETHUSDT,2021-02-07,15.1,0–20,0.0,0.0,0.0,0.0,0.6242,0.0,0.0,1.0,0.118234,1,82.4,top 25%
ETHUSDT,2021-02-08,15.1,0–20,0.0,0.0,0.0,0.0,0.6242,0.0,0.0,1.0,0.018993,1,82.4,top 25%
ETHUSDT,2021-02-09,14.1,0–20,0.0,0.0,0.0,0.0,0.6242,0.0,0.0,0.8521,0.007371,1,74.6,top 50%
ETHUSDT,2021-02-10,15.1,0–20,0.0,0.0,0.0,0.0,0.6242,0.0,0.0,1.0,0.059748,1,82.4,top 25%
ETHUSDT,2021-02-11,15.1,0–20,0.0,0.0,0.0,0.0,0.6242,0.0,0.0,1.0,0.086137,1,82.4,top 25%
ETHUSDT,2021-02-12,15.1,0–20,0.0,0.0,0.0,0.0,0.6242,0.0,0.0,1.0,0.063266,1,82.4,top 25%
ETHUSDT,2021-02-13,15.1,0–20,0.0,0.0,0.0,0.0,0.6242,0.0,0.0,1.0,0.058113,1,82.4,top 25%
ETHUSDT,2021-02-14,15.1,0–20,0.0,0.0,0.0,0.0,0.6242,0.0,0.0,1.0,0.072305,1,82.4,top 25%
ETHUSDT,2021-02-15,15.1,0–20,0.0,0.0,0.0,0.0,0.6242,0.0,0.0,1.0,0.001237,1,82.4,top 25%
ETHUSDT,2021-02-16,15.1,0–20,0.0,0.0,0.0,0.0,0.6242,0.0,0.0,1.0,-0.118392,0,82.4,top 25%
ETHUSDT,2021-02-17,15.1,0–20,0.0,0.0,0.0,0.0,0.6242,0.0,0.0,1.0,-0.120037,0,82.4,top 25%
ETHUSDT,2021-02-18,15.1,0–20,0.0,0.0,0.0,0.0,0.6242,0.0,0.0,1.0,-0.238326,0,82.4,top 25%
ETHUSDT,2021-02-19,15.1,0–20,0.0,0.0,0.0,0.0,0.6242,0.0,0.0,1.0,-0.26229,0,82.4,top 25%
ETHUSDT,2021-02-20,15.1,0–20,0.0,0.0,0.0,0.0,0.6242,0.0,0.0,1.0,-0.239413,0,82.4,top 25%
ETHUSDT,2021-02-21,15.1,0–20,0.0,0.0,0.0,0.0,0.6242,0.0,0.0,1.0,-0.268419,0,82.4,top 25%
ETHUSDT,2021-02-22,15.1,0–20,0.0,0.0,0.0,0.0,0.6242,0.0,0.0,1.0,-0.121934,0,82.4,top 25%
ETHUSDT,2021-02-23,20.4,20–40,0.1199,0.0,0.0,0.0,0.6242,0.0,0.7346,0.6747,-0.049417,0,97.9,top 10%
ETHUSDT,2021-02-24,15.9,0–20,0.0545,0.0,0.0,0.0,0.6242,0.0,0.0,0.9507,-0.031184,0,87.6,top 25%
ETHUSDT,2021-02-25,16.6,0–20,0.1907,0.1027,0.0,0.0,0.6242,0.0,0.0,0.4493,0.044867,1,89.4,top 25%
ETHUSDT,2021-02-26,17.2,0–20,0.2147,0.0486,0.0,0.0,0.6242,0.0,0.0,0.5738,0.060331,1,92.4,top 10%
ETHUSDT,2021-02-27,15.0,0–20,0.1968,0.0,0.0,0.0,0.6242,0.0,0.0,0.4257,0.133405,1,81.2,top 25%
ETHUSDT,2021-02-28,12.8,0–20,0.2351,0.0,0.0,0.0,0.6242,0.0,0.0,0.0,0.216874,1,67.1,top 50%
ETHUSDT,2021-03-01,11.3,0–20,0.0521,0.0,0.0,0.0,0.7906,0.0,0.0,0.0,0.172569,1,57.6,top 50%
ETHUSDT,2021-03-02,12.7,0–20,0.1202,0.0,0.0,0.0,0.7906,0.0,0.0,0.0,0.251533,1,66.4,top 50%
ETHUSDT,2021-03-03,10.8,0–20,0.0284,0.0,0.0,0.0,0.7906,0.0,0.0,0.0,0.141709,1,53.7,top 50%
ETHUSDT,2021-03-04,11.5,0–20,0.0621,0.0,0.0,0.0,0.7906,0.0,0.0,0.0,0.184369,1,59.4,top 50%
ETHUSDT,2021-03-05,11.7,0–20,0.071,0.0,0.0,0.0,0.7906,0.0,0.0,0.0,0.155763,1,60.5,top 50%
ETHUSDT,2021-03-06,10.3,0–20,0.0,0.0,0.0,0.0,0.7906,0.0,0.0,0.0,0.163134,1,50.2,top 50%
ETHUSDT,2021-03-07,10.3,0–20,0.0,0.0,0.0,0.0,0.7906,0.0,0.0,0.0,0.076262,1,50.2,top 50%
ETHUSDT,2021-03-08,10.3,0–20,0.0,0.0,0.0,0.0,0.7906,0.0,0.0,0.0,-0.023451,0,50.2,top 50%
ETHUSDT,2021-03-09,10.3,0–20,0.0,0.0,0.0,0.0,0.7906,0.0,0.0,0.0,-0.032696,0,50.2,top 50%
ETHUSDT,2021-03-10,10.3,0–20,0.0,0.0,0.0,0.0,0.7906,0.0,0.0,0.0,0.013497,1,50.2,top 50%
ETHUSDT,2021-03-11,10.3,0–20,0.0,0.0,0.0,0.0,0.7906,0.0,0.0,0.0,-0.023732,0,50.2,top 50%
ETHUSDT,2021-03-12,10.3,0–20,0.0,0.0,0.0,0.0,0.7906,0.0,0.0,0.0,0.025688,1,50.2,top 50%
ETHUSDT,2021-03-13,10.3,0–20,0.0,0.0,0.0,0.0,0.7906,0.0,0.0,0.0,-0.058218,0,50.2,top 50%
ETHUSDT,2021-03-14,12.0,0–20,0.0,0.0,0.0,0.0,0.7906,0.0,0.0,0.2397,-0.035775,0,62.3,top 50%
ETHUSDT,2021-03-15,15.4,0–20,0.0,0.0,0.0,0.0,0.7906,0.0,0.0,0.7261,-0.056018,0,84.2,top 25%
ETHUSDT,2021-03-16,14.5,0–20,0.0,0.0,0.0,0.0,0.7906,0.0,0.0,0.6072,-0.071015,0,76.9,top 25%
ETHUSDT,2021-03-17,17.3,0–20,0.0,0.0,0.0,0.0,0.7906,0.0,0.0,1.0,-0.126154,0,93.0,top 10%
ETHUSDT,2021-03-18,17.3,0–20,0.0,0.0,0.0,0.0,0.7906,0.0,0.0,1.0,-0.105166,0,93.0,top 10%
ETHUSDT,2021-03-19,17.3,0–20,0.0,0.0,0.0,0.0,0.7906,0.0,0.0,1.0,-0.06315,0,93.0,top 10%
ETHUSDT,2021-03-20,17.3,0–20,0.0,0.0,0.0,0.0,0.7906,0.0,0.0,1.0,-0.053039,0,93.0,top 10%
ETHUSDT,2021-03-21,15.6,0–20,0.0,0.0,0.0,0.0,0.7906,0.0,0.0,0.7661,-0.054166,0,85.2,top 25%
ETHUSDT,2021-03-22,18.6,0–20,0.0649,0.0,0.0,0.0,0.7906,0.0,0.0,1.0,0.075887,1,96.1,top 10%
ETHUSDT,2021-03-23,16.2,0–20,0.0807,0.0,0.0,0.0,0.7906,0.0,0.0,0.6184,0.099713,1,88.4,top 25%
ETHUSDT,2021-03-24,22.8,20–40,0.1808,0.0,0.0,0.0,0.7906,0.0,0.4825,0.7838,0.203932,1,99.0,top 10%
ETHUSDT,2021-03-25,19.4,0–20,0.1776,0.0,0.0,0.0,0.7906,0.0,0.0,0.8018,0.239393,1,97.1,top 10%
ETHUSDT,2021-03-26,13.3,0–20,0.0162,0.0,0.0,0.0,0.7906,0.0,0.0,0.3841,0.258617,1,70.1,top 50%
ETHUSDT,2021-03-27,10.3,0–20,0.0,0.0,0.0,0.0,0.7906,0.0,0.0,0.0,0.181724,1,50.2,top 50%
ETHUSDT,2021-03-28,10.9,0–20,0.0328,0.0,0.0,0.0,0.7906,0.0,0.0,0.0,0.237541,1,54.3,top 50%
ETHUSDT,2021-03-29,10.3,0–20,0.0,0.0,0.0,0.0,0.7906,0.0,0.0,0.0,0.15838,1,50.2,top 50%
ETHUSDT,2021-03-30,10.3,0–20,0.0,0.0,0.0,0.0,0.7906,0.0,0.0,0.0,0.14753,1,50.2,top 50%
ETHUSDT,2021-03-31,10.3,0–20,0.0,0.0,0.0,0.0,0.7906,0.0,0.0,0.0,0.027479,1,50.2,top 50%
ETHUSDT,2021-04-01,10.1,0–20,0.0,0.0,0.0,0.0,0.7766,0.0,0.0,0.0,0.056288,1,48.0,bottom 50%
ETHUSDT,2021-04-02,10.1,0–20,0.0,0.0,0.0,0.0,0.7766,0.0,0.0,0.0,-0.033182,0,48.0,bottom 50%
ETHUSDT,2021-04-03,10.1,0–20,0.0,0.0,0.0,0.0,0.7766,0.0,0.0,0.0,0.053007,1,48.0,bottom 50%
ETHUSDT,2021-04-04,11.3,0–20,0.0,0.0,0.0,0.0,0.7766,0.0,0.0,0.1719,0.030832,1,57.6,top 50%
ETHUSDT,2021-04-05,12.5,0–20,0.0,0.0,0.0,0.0,0.7766,0.0,0.0,0.3387,0.014928,1,65.2,top 50%
ETHUSDT,2021-04-06,13.3,0–20,0.0,0.0,0.0,0.0,0.7766,0.0,0.0,0.4519,0.085352,1,70.1,top 50%
ETHUSDT,2021-04-07,19.1,0–20,0.0,0.0,0.0,0.0,0.7766,0.0,0.3639,0.9295,0.235418,1,96.8,top 10%
ETHUSDT,2021-04-08,14.3,0–20,0.0,0.0,0.0,0.0,0.7766,0.0,0.0,0.5971,0.206142,1,75.9,top 25%
ETHUSDT,2021-04-09,15.5,0–20,0.0,0.0,0.0,0.0,0.7766,0.0,0.0,0.7659,0.173658,1,84.8,top 25%
ETHUSDT,2021-04-10,16.4,0–20,0.0,0.0,0.0,0.0,0.7766,0.0,0.0,0.9057,0.097827,1,88.8,top 25%
ETHUSDT,2021-04-11,17.1,0–20,0.0,0.0,0.0,0.0,0.7766,0.0,0.0,1.0,0.036836,1,91.4,top 10%
ETHUSDT,2021-04-12,16.7,0–20,0.0,0.0,0.0,0.0,0.7766,0.0,0.0,0.9454,0.012544,1,89.7,top 25%
ETHUSDT,2021-04-13,17.1,0–20,0.0,0.0,0.0,0.0,0.7766,0.0,0.0,1.0,0.013493,1,91.4,top 10%
ETHUSDT,2021-04-14,17.1,0–20,0.0,0.0,0.0,0.0,0.7766,0.0,0.0,1.0,-0.028891,0,91.4,top 10%
ETHUSDT,2021-04-15,17.1,0–20,0.0,0.0,0.0,0.0,0.7766,0.0,0.0,1.0,-0.045882,0,91.4,top 10%
ETHUSDT,2021-04-16,17.1,0–20,0.0,0.0,0.0,0.0,0.7766,0.0,0.0,1.0,-0.028109,0,91.4,top 10%
ETHUSDT,2021-04-17,17.1,0–20,0.0,0.0,0.0,0.0,0.7766,0.0,0.0,1.0,-0.056834,0,91.4,top 10%
ETHUSDT,2021-04-18,21.9,20–40,0.0,0.0,0.0,0.0,0.7766,0.0,0.6823,1.0,0.035278,1,98.5,top 10%
ETHUSDT,2021-04-19,17.1,0–20,0.0,0.0,0.0,0.0,0.7766,0.0,0.0,1.0,0.170019,1,91.4,top 10%
ETHUSDT,2021-04-20,17.1,0–20,0.0,0.0,0.0,0.0,0.7766,0.0,0.0,1.0,0.142757,1,91.4,top 10%
ETHUSDT,2021-04-21,17.1,0–20,0.0,0.0,0.0,0.0,0.7766,0.0,0.0,1.0,0.161382,1,91.4,top 10%
ETHUSDT,2021-04-22,13.5,0–20,0.0,0.0,0.0,0.0,0.7766,0.0,0.0,0.4822,0.147009,1,71.3,top 50%
ETHUSDT,2021-04-23,13.9,0–20,0.0,0.0,0.0,0.0,0.7766,0.0,0.0,0.5436,0.173305,1,73.4,top 50%
ETHUSDT,2021-04-24,11.3,0–20,0.0,0.0,0.0,0.0,0.7766,0.0,0.0,0.1782,0.332003,1,57.6,top 50%
ETHUSDT,2021-04-25,13.8,0–20,0.0,0.0,0.0,0.0,0.7766,0.0,0.0,0.5242,0.274603,1,72.8,top 50%
ETHUSDT,2021-04-26,14.5,0–20,0.0,0.0,0.0,0.0,0.7766,0.0,0.0,0.6233,0.353762,1,76.9,top 25%
ETHUSDT,2021-04-27,17.1,0–20,0.0,0.0,0.0,0.0,0.7766,0.0,0.0,1.0,0.221853,1,91.4,top 10%
ETHUSDT,2021-04-28,15.5,0–20,0.0,0.0,0.0,0.0,0.7766,0.0,0.0,0.765,0.282701,1,84.8,top 25%
ETHUSDT,2021-04-29,13.0,0–20,0.0,0.0,0.0,0.0,0.7766,0.0,0.0,0.4197,0.266245,1,68.2,top 50%
ETHUSDT,2021-04-30,13.6,0–20,0.0,0.0,0.0,0.0,0.7766,0.0,0.0,0.5049,0.25657,1,71.9,top 50%
ETHUSDT,2021-05-01,14.8,0–20,0.0,0.0,0.0,0.0,0.6016,0.0,0.0,1.0,0.324776,1,79.4,top 25%
ETHUSDT,2021-05-02,14.8,0–20,0.0,0.0,0.0,0.0,0.6016,0.0,0.0,1.0,0.330884,1,79.4,top 25%
ETHUSDT,2021-05-03,14.8,0–20,0.0,0.0,0.0,0.0,0.6016,0.0,0.0,1.0,0.151908,1,79.4,top 25%
ETHUSDT,2021-05-04,13.3,0–20,0.0,0.0,0.0,0.0,0.6016,0.0,0.0,0.7797,0.281246,1,70.1,top 50%
ETHUSDT,2021-05-05,12.3,0–20,0.0,0.0,0.0,0.0,0.6016,0.0,0.0,0.6406,0.074675,1,64.1,top 50%
ETHUSDT,2021-05-06,14.8,0–20,0.0,0.0,0.0,0.0,0.6016,0.0,0.0,1.0,0.064244,1,79.4,top 25%
ETHUSDT,2021-05-07,14.8,0–20,0.0,0.0,0.0,0.0,0.6016,0.0,0.0,1.0,0.170552,1,79.4,top 25%
ETHUSDT,2021-05-08,14.8,0–20,0.0,0.0,0.0,0.0,0.6016,0.0,0.0,1.0,-0.067781,0,79.4,top 25%
ETHUSDT,2021-05-09,14.8,0–20,0.0,0.0,0.0,0.0,0.6016,0.0,0.0,1.0,-0.08688,0,79.4,top 25%
ETHUSDT,2021-05-10,14.8,0–20,0.0,0.0,0.0,0.0,0.6016,0.0,0.0,1.0,-0.169496,0,79.4,top 25%
ETHUSDT,2021-05-11,14.8,0–20,0.0,0.0,0.0,0.0,0.6016,0.0,0.0,1.0,-0.189179,0,79.4,top 25%
ETHUSDT,2021-05-12,17.6,0–20,0.0,0.0,0.0,0.0,0.6016,0.0,0.4035,1.0,-0.350032,0,93.8,top 10%
ETHUSDT,2021-05-13,18.7,0–20,0.0,0.0,0.0,0.0,0.6016,0.0,0.559,1.0,-0.250556,0,96.3,top 10%
ETHUSDT,2021-05-14,14.8,0–20,0.0,0.0,0.0,0.0,0.6016,0.0,0.0,1.0,-0.404122,0,79.4,top 25%
ETHUSDT,2021-05-15,14.8,0–20,0.0,0.0,0.0,0.0,0.6016,0.0,0.0,1.0,-0.368986,0,79.4,top 25%
ETHUSDT,2021-05-16,14.8,0–20,0.0,0.0,0.0,0.0,0.6016,0.0,0.0,1.0,-0.411965,0,79.4,top 25%
ETHUSDT,2021-05-17,14.8,0–20,0.0,0.0,0.0,0.0,0.6016,0.0,0.0,1.0,-0.194616,0,79.4,top 25%
ETHUSDT,2021-05-18,14.8,0–20,0.0,0.0,0.0,0.0,0.6016,0.0,0.0,1.0,-0.199239,0,79.4,top 25%
ETHUSDT,2021-05-19,28.5,20–40,0.2628,0.0953,0.0,0.0,0.6016,0.0,1.0,1.0,0.173944,1,99.9,top 10%
ETHUSDT,2021-05-20,17.6,0–20,0.1366,0.0,0.0,0.0,0.6016,0.0,0.0,1.0,-0.01717,0,93.8,top 10%
ETHUSDT,2021-05-21,18.0,0–20,0.2275,0.03,0.0,0.0,0.6016,0.0,0.0,0.7378,-0.004408,0,94.3,top 10%
ETHUSDT,2021-05-22,16.1,0–20,0.2595,0.0228,0.0,0.0,0.6016,0.0,0.0,0.3913,-0.007053,0,88.2,top 25%
ETHUSDT,2021-05-23,13.9,0–20,0.3024,0.0048,0.0,0.0,0.6016,0.0,0.0,0.0,0.133072,1,73.4,top 50%
ETHUSDT,2021-05-24,9.9,0–20,0.1045,0.0,0.0,0.0,0.6016,0.0,0.0,0.0,0.026991,1,46.6,bottom 50%
ETHUSDT,2021-05-25,9.5,0–20,0.0835,0.0,0.0,0.0,0.6016,0.0,0.0,0.0,-0.027012,0,45.0,bottom 50%
ETHUSDT,2021-05-26,8.3,0–20,0.0232,0.0,0.0,0.0,0.6016,0.0,0.0,0.0,-0.063203,0,40.3,bottom 50%
ETHUSDT,2021-05-27,9.2,0–20,0.0698,0.0,0.0,0.0,0.6016,0.0,0.0,0.0,0.043354,1,43.9,bottom 50%
ETHUSDT,2021-05-28,11.0,0–20,0.1597,0.0,0.0,0.0,0.6016,0.0,0.0,0.0,0.110867,1,55.0,top 50%
ETHUSDT,2021-05-29,11.8,0–20,0.1967,0.0,0.0,0.0,0.6016,0.0,0.0,0.0,0.154008,1,61.1,top 50%
ETHUSDT,2021-05-30,10.9,0–20,0.1535,0.0,0.0,0.0,0.6016,0.0,0.0,0.0,0.135877,1,54.3,top 50%
ETHUSDT,2021-05-31,8.5,0–20,0.0355,0.0,0.0,0.0,0.6016,0.0,0.0,0.0,-0.045924,0,40.9,bottom 50%
ETHUSDT,2021-06-01,1.2,0–20,0.0614,0.0,0.0,0.0,0.0,0.0,0.0,0.0,-0.044078,0,7.7,bottom 50%
ETHUSDT,2021-06-02,0.7,0–20,0.0347,0.0,0.0,0.0,0.0,0.0,0.0,0.0,-0.036162,0,5.7,bottom 50%
ETHUSDT,2021-06-03,0.0,0–20,0.0,0.0,0.0,0.0,0.0,0.0,0.0,0.0,-0.134358,0,1.9,bottom 50%
ETHUSDT,2021-06-04,0.8,0–20,0.0411,0.0,0.0,0.0,0.0,0.0,0.0,0.0,-0.124406,0,6.2,bottom 50%
ETHUSDT,2021-06-05,1.2,0–20,0.062,0.0,0.0,0.0,0.0,0.0,0.0,0.0,-0.098113,0,7.7,bottom 50%
ETHUSDT,2021-06-06,0.5,0–20,0.0267,0.0,0.0,0.0,0.0,0.0,0.0,0.0,-0.07613,0,4.9,bottom 50%
ETHUSDT,2021-06-07,1.5,0–20,0.0755,0.0,0.0,0.0,0.0,0.0,0.0,0.0,-0.020219,0,9.0,bottom 50%
ETHUSDT,2021-06-08,7.0,0–20,0.1038,0.0,0.0,0.0,0.0,0.0,0.0,0.7067,0.03714,1,31.3,bottom 50%
ETHUSDT,2021-06-09,1.2,0–20,0.0603,0.0,0.0,0.0,0.0,0.0,0.0,0.0,-0.092247,0,7.7,bottom 50%
ETHUSDT,2021-06-10,5.0,0–20,0.1167,0.0,0.0,0.0,0.0,0.0,0.0,0.3865,-0.040265,0,22.5,bottom 50%
ETHUSDT,2021-06-11,8.8,0–20,0.1633,0.0,0.0,0.0,0.0,0.0,0.0,0.7919,-0.051847,0,42.3,bottom 50%
ETHUSDT,2021-06-12,10.1,0–20,0.1529,0.0,0.0,0.0,0.0,0.0,0.0,1.0,-0.081765,0,48.0,bottom 50%
ETHUSDT,2021-06-13,1.5,0–20,0.0775,0.0,0.0,0.0,0.0,0.0,0.0,0.0,-0.10446,0,9.0,bottom 50%
ETHUSDT,2021-06-14,1.2,0–20,0.0613,0.0,0.0,0.0,0.0,0.0,0.0,0.0,-0.255899,0,7.7,bottom 50%
ETHUSDT,2021-06-15,0.4,0–20,0.0203,0.0,0.0,0.0,0.0,0.0,0.0,0.0,-0.281886,0,4.6,bottom 50%
ETHUSDT,2021-06-16,2.8,0–20,0.1395,0.0,0.0,0.0,0.0,0.0,0.0,0.0,-0.15962,0,13.5,bottom 50%
ETHUSDT,2021-06-17,2.7,0–20,0.1368,0.0,0.0,0.0,0.0,0.0,0.0,0.0,-0.161697,0,13.1,bottom 50%
ETHUSDT,2021-06-18,7.2,0–20,0.2016,0.0,0.0,0.0,0.0,0.0,0.0,0.4467,-0.18753,0,34.3,bottom 50%
ETHUSDT,2021-06-19,6.4,0–20,0.2254,0.0038,0.0,0.0,0.0,0.0,0.0,0.265,-0.160321,0,27.3,bottom 50%
ETHUSDT,2021-06-20,3.5,0–20,0.1773,0.0,0.0,0.0,0.0,0.0,0.0,0.0,-0.119068,0,16.7,bottom 50%
ETHUSDT,2021-06-21,9.5,0–20,0.3273,0.194,0.0,0.0,0.0,0.0,0.0,0.0,0.101252,1,45.0,bottom 50%
ETHUSDT,2021-06-22,7.5,0–20,0.3322,0.0588,0.0,0.0,0.0,0.0,0.0,0.0,0.15244,1,34.8,bottom 50%
ETHUSDT,2021-06-23,5.0,0–20,0.2482,0.0,0.0,0.0,0.0,0.0,0.0,0.0,0.14314,1,22.5,bottom 50%
ETHUSDT,2021-06-24,5.0,0–20,0.2488,0.0,0.0,0.0,0.0,0.0,0.0,0.0,0.062938,1,22.5,bottom 50%
ETHUSDT,2021-06-25,6.5,0–20,0.3242,0.0,0.0,0.0,0.0,0.0,0.0,0.0,0.18576,1,27.6,bottom 50%
ETHUSDT,2021-06-26,6.2,0–20,0.3112,0.0,0.0,0.0,0.0,0.0,0.0,0.0,0.216962,1,26.8,bottom 50%
ETHUSDT,2021-06-27,3.9,0–20,0.1937,0.0,0.0,0.0,0.0,0.0,0.0,0.0,0.173243,1,18.2,bottom 50%
ETHUSDT,2021-06-28,2.4,0–20,0.1208,0.0,0.0,0.0,0.0,0.0,0.0,0.0,0.057185,1,12.3,bottom 50%
ETHUSDT,2021-06-29,1.3,0–20,0.0645,0.0,0.0,0.0,0.0,0.0,0.0,0.0,0.075858,1,8.1,bottom 50%
ETHUSDT,2021-06-30,0.0,0–20,0.0,0.0,0.0,0.0,0.0,0.0,0.0,0.0,0.017856,1,1.9,bottom 50%
ETHUSDT,2021-07-01,13.0,0–20,0.0875,0.0,0.0,0.0,0.868,0.0,0.0,0.0,0.003038,1,68.2,top 50%
ETHUSDT,2021-07-02,12.5,0–20,0.0624,0.0,0.0,0.0,0.868,0.0,0.0,0.0,-0.001557,0,65.2,top 50%
ETHUSDT,2021-07-03,11.5,0–20,0.0099,0.0,0.0,0.0,0.868,0.0,0.0,0.0,-0.05153,0,59.4,top 50%
ETHUSDT,2021-07-04,11.3,0–20,0.0,0.0,0.0,0.0,0.868,0.0,0.0,0.0,-0.078416,0,57.6,top 50%
ETHUSDT,2021-07-05,11.9,0–20,0.0308,0.0,0.0,0.0,0.868,0.0,0.0,0.0,-0.073621,0,61.7,top 50%
ETHUSDT,2021-07-06,11.3,0–20,0.0,0.0,0.0,0.0,0.868,0.0,0.0,0.0,-0.16544,0,57.6,top 50%
ETHUSDT,2021-07-07,11.3,0–20,0.0,0.0,0.0,0.0,0.868,0.0,0.0,0.0,-0.138578,0,57.6,top 50%
ETHUSDT,2021-07-08,13.0,0–20,0.0862,0.0,0.0,0.0,0.868,0.0,0.0,0.0,-0.098513,0,68.2,top 50%
ETHUSDT,2021-07-09,14.7,0–20,0.0664,0.0,0.0,0.0,0.868,0.0,0.0,0.3039,-0.124056,0,78.0,top 25%
ETHUSDT,2021-07-10,13.1,0–20,0.0901,0.0,0.0,0.0,0.868,0.0,0.0,0.0,-0.100681,0,68.9,top 50%
ETHUSDT,2021-07-11,19.6,0–20,0.0668,0.0,0.0,0.0,0.868,0.0,0.0,1.0,-0.114089,0,97.3,top 10%
ETHUSDT,2021-07-12,21.1,20–40,0.139,0.0,0.0,0.0,0.868,0.0,0.0,1.0,-0.107734,0,98.3,top 10%
ETHUSDT,2021-07-13,17.4,0–20,0.2015,0.0,0.0,0.0,0.868,0.0,0.0,0.2996,-0.078643,0,93.5,top 10%
ETHUSDT,2021-07-14,16.9,0–20,0.151,0.0,0.0,0.0,0.868,0.0,0.0,0.3696,-0.001685,0,90.2,top 10%
ETHUSDT,2021-07-15,20.6,20–40,0.2061,0.0,0.0,0.0,0.868,0.0,0.0,0.7443,0.059663,1,98.0,top 10%
ETHUSDT,2021-07-16,21.0,20–40,0.2261,0.0,0.0,0.0,0.868,0.0,0.0,0.7457,0.12997,1,98.2,top 10%
ETHUSDT,2021-07-17,16.4,0–20,0.2065,0.0,0.0,0.0,0.868,0.0,0.0,0.1362,0.152933,1,88.8,top 25%
ETHUSDT,2021-07-18,15.5,0–20,0.2089,0.0,0.0,0.0,0.868,0.0,0.0,0.0,0.156061,1,84.8,top 25%
ETHUSDT,2021-07-19,16.6,0–20,0.2665,0.0,0.0,0.0,0.868,0.0,0.0,0.0,0.22895,1,89.4,top 25%
ETHUSDT,2021-07-20,17.0,0–20,0.2877,0.0,0.0,0.0,0.868,0.0,0.0,0.0,0.285773,1,90.4,top 10%
ETHUSDT,2021-07-21,12.5,0–20,0.0615,0.0,0.0,0.0,0.868,0.0,0.0,0.0,0.15348,1,65.2,top 50%
ETHUSDT,2021-07-22,11.9,0–20,0.0287,0.0,0.0,0.0,0.868,0.0,0.0,0.0,0.175663,1,61.7,top 50%
ETHUSDT,2021-07-23,11.3,0–20,0.0,0.0,0.0,0.0,0.868,0.0,0.0,0.0,0.161045,1,57.6,top 50%
ETHUSDT,2021-07-24,11.3,0–20,0.0,0.0,0.0,0.0,0.868,0.0,0.0,0.0,0.1585,1,57.6,top 50%
ETHUSDT,2021-07-25,11.3,0–20,0.0,0.0,0.0,0.0,0.868,0.0,0.0,0.0,0.169062,1,57.6,top 50%
ETHUSDT,2021-07-26,11.3,0–20,0.0,0.0,0.0,0.0,0.868,0.0,0.0,0.0,0.168708,1,57.6,top 50%
ETHUSDT,2021-07-27,11.3,0–20,0.0,0.0,0.0,0.0,0.868,0.0,0.0,0.0,0.088767,1,57.6,top 50%
ETHUSDT,2021-07-28,11.4,0–20,0.0,0.0,0.0,0.0,0.868,0.0,0.0,0.0121,0.186399,1,58.9,top 50%
ETHUSDT,2021-07-29,12.0,0–20,0.0,0.0,0.0,0.0,0.868,0.0,0.0,0.1077,0.187476,1,62.3,top 50%
ETHUSDT,2021-07-30,12.8,0–20,0.0,0.0,0.0,0.0,0.868,0.0,0.0,0.2132,0.171863,1,67.1,top 50%
ETHUSDT,2021-07-31,13.0,0–20,0.0,0.0,0.0,0.0,0.868,0.0,0.0,0.2487,0.244865,1,68.2,top 50%
ETHUSDT,2021-08-01,5.0,0–20,0.0,0.0,0.0,0.0,0.0,0.0,0.0,0.7159,0.176388,1,22.5,bottom 50%
ETHUSDT,2021-08-02,7.0,0–20,0.0,0.0,0.0,0.0,0.0,0.0,0.0,1.0,0.213667,1,31.3,bottom 50%
ETHUSDT,2021-08-03,7.0,0–20,0.0,0.0,0.0,0.0,0.0,0.0,0.0,1.0,0.255496,1,31.3,bottom 50%
ETHUSDT,2021-08-04,7.0,0–20,0.0,0.0,0.0,0.0,0.0,0.0,0.0,1.0,0.161353,1,31.3,bottom 50%
ETHUSDT,2021-08-05,7.0,0–20,0.0,0.0,0.0,0.0,0.0,0.0,0.0,1.0,0.076427,1,31.3,bottom 50%
ETHUSDT,2021-08-06,7.0,0–20,0.0,0.0,0.0,0.0,0.0,0.0,0.0,1.0,0.14918,1,31.3,bottom 50%
ETHUSDT,2021-08-07,7.0,0–20,0.0,0.0,0.0,0.0,0.0,0.0,0.0,1.0,0.034272,1,31.3,bottom 50%
ETHUSDT,2021-08-08,7.0,0–20,0.0,0.0,0.0,0.0,0.0,0.0,0.0,1.0,0.098473,1,31.3,bottom 50%
ETHUSDT,2021-08-09,7.0,0–20,0.0,0.0,0.0,0.0,0.0,0.0,0.0,1.0,-0.003582,0,31.3,bottom 50%
ETHUSDT,2021-08-10,7.0,0–20,0.0,0.0,0.0,0.0,0.0,0.0,0.0,1.0,-0.040375,0,31.3,bottom 50%
ETHUSDT,2021-08-11,7.0,0–20,0.0,0.0,0.0,0.0,0.0,0.0,0.0,1.0,-0.045558,0,31.3,bottom 50%
ETHUSDT,2021-08-12,7.0,0–20,0.0,0.0,0.0,0.0,0.0,0.0,0.0,1.0,0.045767,1,31.3,bottom 50%
ETHUSDT,2021-08-13,7.0,0–20,0.0,0.0,0.0,0.0,0.0,0.0,0.0,1.0,-0.010618,0,31.3,bottom 50%
ETHUSDT,2021-08-14,7.0,0–20,0.0,0.0,0.0,0.0,0.0,0.0,0.0,1.0,-0.012053,0,31.3,bottom 50%
ETHUSDT,2021-08-15,7.0,0–20,0.0,0.0,0.0,0.0,0.0,0.0,0.0,1.0,-0.020658,0,31.3,bottom 50%
ETHUSDT,2021-08-16,7.0,0–20,0.0,0.0,0.0,0.0,0.0,0.0,0.0,1.0,0.051559,1,31.3,bottom 50%
ETHUSDT,2021-08-17,7.0,0–20,0.0,0.0,0.0,0.0,0.0,0.0,0.0,1.0,0.052278,1,31.3,bottom 50%
ETHUSDT,2021-08-18,7.0,0–20,0.0,0.0,0.0,0.0,0.0,0.0,0.0,1.0,0.067821,1,31.3,bottom 50%
ETHUSDT,2021-08-19,7.0,0–20,0.0,0.0,0.0,0.0,0.0,0.0,0.0,1.0,-0.025883,0,31.3,bottom 50%
ETHUSDT,2021-08-20,7.0,0–20,0.0,0.0,0.0,0.0,0.0,0.0,0.0,1.0,-0.00497,0,31.3,bottom 50%
ETHUSDT,2021-08-21,7.0,0–20,0.0,0.0,0.0,0.0,0.0,0.0,0.0,1.0,0.005679,1,31.3,bottom 50%
ETHUSDT,2021-08-22,5.8,0–20,0.0,0.0,0.0,0.0,0.0,0.0,0.0,0.8337,-0.004661,0,25.5,bottom 50%
ETHUSDT,2021-08-23,7.0,0–20,0.0,0.0,0.0,0.0,0.0,0.0,0.0,1.0,-0.028586,0,31.3,bottom 50%
ETHUSDT,2021-08-24,5.9,0–20,0.0,0.0,0.0,0.0,0.0,0.0,0.0,0.8379,0.082358,1,25.9,bottom 50%
ETHUSDT,2021-08-25,5.6,0–20,0.0,0.0,0.0,0.0,0.0,0.0,0.0,0.7975,0.189125,1,24.6,bottom 50%
ETHUSDT,2021-08-26,3.9,0–20,0.0,0.0,0.0,0.0,0.0,0.0,0.0,0.557,0.222772,1,18.2,bottom 50%
ETHUSDT,2021-08-27,0.9,0–20,0.0,0.0,0.0,0.0,0.0,0.0,0.0,0.1356,0.20486,1,6.7,bottom 50%
ETHUSDT,2021-08-28,3.5,0–20,0.0,0.0,0.0,0.0,0.0,0.0,0.0,0.4955,0.198318,1,16.7,bottom 50%
ETHUSDT,2021-08-29,0.1,0–20,0.0,0.0,0.0,0.0,0.0,0.0,0.0,0.0074,0.224707,1,4.0,bottom 50%
ETHUSDT,2021-08-30,0.9,0–20,0.0,0.0,0.0,0.0,0.0,0.0,0.0,0.1324,0.218339,1,6.7,bottom 50%
ETHUSDT,2021-08-31,0.0,0–20,0.0,0.0,0.0,0.0,0.0,0.0,0.0,0.0,-0.002137,0,1.9,bottom 50%
ETHUSDT,2021-09-01,3.1,0–20,0.0,0.0,0.0,0.0,0.0,0.0,0.0,0.4376,-0.088013,0,14.8,bottom 50%
ETHUSDT,2021-09-02,0.0,0–20,0.0,0.0,0.0,0.0,0.0,0.0,0.0,0.0,-0.095925,0,1.9,bottom 50%
ETHUSDT,2021-09-03,0.0,0–20,0.0,0.0,0.0,0.0,0.0,0.0,0.0,0.0,-0.185024,0,1.9,bottom 50%
ETHUSDT,2021-09-04,0.0,0–20,0.0,0.0,0.0,0.0,0.0,0.0,0.0,0.0,-0.158842,0,1.9,bottom 50%
ETHUSDT,2021-09-05,3.5,0–20,0.0,0.0,0.0,0.0,0.0,0.0,0.0,0.5054,-0.137141,0,16.7,bottom 50%
ETHUSDT,2021-09-06,7.0,0–20,0.0,0.0,0.0,0.0,0.0,0.0,0.0,1.0,-0.163647,0,31.3,bottom 50%
ETHUSDT,2021-09-07,12.5,0–20,0.0,0.0,0.0,0.0,0.0,0.0,0.7851,1.0,0.00081,1,65.2,top 50%
ETHUSDT,2021-09-08,11.0,0–20,0.0,0.0,0.0,0.0,0.0,0.0,0.5775,1.0,0.033731,1,55.0,top 50%
ETHUSDT,2021-09-09,5.6,0–20,0.0,0.0,0.0,0.0,0.0,0.0,0.0,0.8058,0.042002,1,24.6,bottom 50%
ETHUSDT,2021-09-10,8.4,0–20,0.1018,0.0,0.0,0.0,0.0,0.0,0.0,0.9144,0.058238,1,40.6,bottom 50%
ETHUSDT,2021-09-11,7.4,0–20,0.0639,0.0,0.0,0.0,0.0,0.0,0.0,0.8811,0.049458,1,34.7,bottom 50%
ETHUSDT,2021-09-12,1.1,0–20,0.0,0.0,0.0,0.0,0.0,0.0,0.0,0.1606,-0.023661,0,7.2,bottom 50%
ETHUSDT,2021-09-13,4.4,0–20,0.0515,0.0,0.0,0.0,0.0,0.0,0.0,0.481,-0.099381,0,20.1,bottom 50%
ETHUSDT,2021-09-14,2.2,0–20,0.0,0.0,0.0,0.0,0.0,0.0,0.0,0.314,-0.193848,0,11.6,bottom 50%
ETHUSDT,2021-09-15,1.4,0–20,0.0,0.0,0.0,0.0,0.0,0.0,0.0,0.2018,-0.148651,0,8.5,bottom 50%
ETHUSDT,2021-09-16,0.0,0–20,0.0,0.0,0.0,0.0,0.0,0.0,0.0,0.0,-0.11642,0,1.9,bottom 50%
ETHUSDT,2021-09-17,1.8,0–20,0.0024,0.0,0.0,0.0,0.0,0.0,0.0,0.2545,-0.137374,0,10.1,bottom 50%
ETHUSDT,2021-09-18,0.7,0–20,0.0,0.0,0.0,0.0,0.0,0.0,0.0,0.0947,-0.147567,0,5.7,bottom 50%
ETHUSDT,2021-09-19,3.1,0–20,0.0452,0.0,0.0,0.0,0.0,0.0,0.0,0.3083,-0.080248,0,14.8,bottom 50%
ETHUSDT,2021-09-20,6.4,0–20,0.2299,0.017,0.0,0.0,0.0,0.0,0.0,0.2164,-0.0084,0,27.3,bottom 50%
ETHUSDT,2021-09-21,12.7,0–20,0.3059,0.0822,0.0,0.0,0.0,0.0,0.7646,0.0,0.015506,1,66.4,top 50%
ETHUSDT,2021-09-22,2.3,0–20,0.1151,0.0,0.0,0.0,0.0,0.0,0.0,0.0,-0.073013,0,12.0,bottom 50%
ETHUSDT,2021-09-23,1.5,0–20,0.0732,0.0,0.0,0.0,0.0,0.0,0.0,0.0,-0.048754,0,9.0,bottom 50%
ETHUSDT,2021-09-24,3.4,0–20,0.1699,0.0,0.0,0.0,0.0,0.0,0.0,0.0,0.128202,1,16.0,bottom 50%
ETHUSDT,2021-09-25,3.4,0–20,0.1725,0.0,0.0,0.0,0.0,0.0,0.0,0.0,0.159329,1,16.0,bottom 50%
ETHUSDT,2021-09-26,1.8,0–20,0.092,0.0,0.0,0.0,0.0,0.0,0.0,0.0,0.116284,1,10.1,bottom 50%
ETHUSDT,2021-09-27,3.0,0–20,0.1508,0.0,0.0,0.0,0.0,0.0,0.0,0.0,0.151987,1,14.3,bottom 50%
ETHUSDT,2021-09-28,4.1,0–20,0.2057,0.0,0.0,0.0,0.0,0.0,0.0,0.0,0.253348,1,19.1,bottom 50%
ETHUSDT,2021-09-29,3.5,0–20,0.1761,0.0,0.0,0.0,0.0,0.0,0.0,0.0,0.254953,1,16.7,bottom 50%
ETHUSDT,2021-09-30,1.7,0–20,0.0834,0.0,0.0,0.0,0.0,0.0,0.0,0.0,0.195323,1,9.7,bottom 50%
ETHUSDT,2021-10-01,7.6,0–20,0.0,0.0,0.0,0.0,0.5845,0.0,0.0,0.0,0.077473,1,35.8,bottom 50%
ETHUSDT,2021-10-02,7.6,0–20,0.0,0.0,0.0,0.0,0.5845,0.0,0.0,0.0,0.054257,1,35.8,bottom 50%
ETHUSDT,2021-10-03,7.6,0–20,0.0,0.0,0.0,0.0,0.5845,0.0,0.0,0.0,0.002192,1,35.8,bottom 50%
ETHUSDT,2021-10-04,7.6,0–20,0.0,0.0,0.0,0.0,0.5845,0.0,0.0,0.0,0.048894,1,35.8,bottom 50%
ETHUSDT,2021-10-05,7.6,0–20,0.0,0.0,0.0,0.0,0.5845,0.0,0.0,0.0,-0.007374,0,35.8,bottom 50%
ETHUSDT,2021-10-06,7.6,0–20,0.0,0.0,0.0,0.0,0.5845,0.0,0.0,0.0,0.007161,1,35.8,bottom 50%
ETHUSDT,2021-10-07,7.6,0–20,0.0,0.0,0.0,0.0,0.5845,0.0,0.0,0.0,0.055195,1,35.8,bottom 50%
ETHUSDT,2021-10-08,7.6,0–20,0.0,0.0,0.0,0.0,0.5845,0.0,0.0,0.0,0.083865,1,35.8,bottom 50%
ETHUSDT,2021-10-09,8.2,0–20,0.0,0.0,0.0,0.0,0.5845,0.0,0.0,0.0805,0.071221,1,40.0,bottom 50%
ETHUSDT,2021-10-10,14.0,0–20,0.0,0.0,0.0,0.0,0.5845,0.0,0.0,0.9206,0.122963,1,73.9,top 50%
ETHUSDT,2021-10-11,14.6,0–20,0.0,0.0,0.0,0.0,0.5845,0.0,0.0,1.0,0.057373,1,77.5,top 25%
ETHUSDT,2021-10-12,13.2,0–20,0.0,0.0,0.0,0.0,0.5845,0.0,0.0,0.8066,0.110256,1,69.5,top 50%
ETHUSDT,2021-10-13,12.2,0–20,0.0,0.0,0.0,0.0,0.5845,0.0,0.0,0.6546,0.152457,1,63.5,top 50%
ETHUSDT,2021-10-14,14.6,0–20,0.0,0.0,0.0,0.0,0.5845,0.0,0.0,1.0,0.070868,1,77.5,top 25%
ETHUSDT,2021-10-15,14.3,0–20,0.0,0.0,0.0,0.0,0.5845,0.0,0.0,0.964,0.027843,1,75.9,top 25%
ETHUSDT,2021-10-16,13.6,0–20,0.0,0.0,0.0,0.0,0.5845,0.0,0.0,0.8522,0.089099,1,71.9,top 50%
ETHUSDT,2021-10-17,14.6,0–20,0.0,0.0,0.0,0.0,0.5845,0.0,0.0,1.0,0.062592,1,77.5,top 25%
ETHUSDT,2021-10-18,14.6,0–20,0.0,0.0,0.0,0.0,0.5845,0.0,0.0,1.0,0.125139,1,77.5,top 25%
ETHUSDT,2021-10-19,14.6,0–20,0.0,0.0,0.0,0.0,0.5845,0.0,0.0,1.0,0.065362,1,77.5,top 25%
ETHUSDT,2021-10-20,14.6,0–20,0.0,0.0,0.0,0.0,0.5845,0.0,0.0,1.0,-0.054316,0,77.5,top 25%
ETHUSDT,2021-10-21,13.5,0–20,0.0,0.0,0.0,0.0,0.5845,0.0,0.0,0.8366,0.057469,1,71.3,top 50%
ETHUSDT,2021-10-22,12.4,0–20,0.0,0.0,0.0,0.0,0.5845,0.0,0.0,0.6928,0.111976,1,64.7,top 50%
ETHUSDT,2021-10-23,11.4,0–20,0.0,0.0,0.0,0.0,0.5845,0.0,0.0,0.5378,0.036913,1,58.9,top 50%
ETHUSDT,2021-10-24,13.0,0–20,0.0,0.0,0.0,0.0,0.5845,0.0,0.0,0.7759,0.048967,1,68.2,top 50%
ETHUSDT,2021-10-25,14.0,0–20,0.0,0.0,0.0,0.0,0.5845,0.0,0.0,0.9194,0.025309,1,73.9,top 50%
ETHUSDT,2021-10-26,12.3,0–20,0.0,0.0,0.0,0.0,0.5845,0.0,0.0,0.6741,0.109825,1,64.1,top 50%
ETHUSDT,2021-10-27,13.7,0–20,0.0,0.0,0.0,0.0,0.5845,0.0,0.3412,0.5273,0.172237,1,72.4,top 50%
ETHUSDT,2021-10-28,13.7,0–20,0.0,0.0,0.0,0.0,0.5845,0.0,0.0,0.8765,0.058313,1,72.4,top 50%
ETHUSDT,2021-10-29,13.0,0–20,0.0,0.0,0.0,0.0,0.5845,0.0,0.0,0.7735,0.016195,1,68.2,top 50%
ETHUSDT,2021-10-30,14.6,0–20,0.0,0.0,0.0,0.0,0.5845,0.0,0.0,1.0,0.045295,1,77.5,top 25%
ETHUSDT,2021-10-31,13.6,0–20,0.0,0.0,0.0,0.0,0.5845,0.0,0.0,0.8575,0.077536,1,71.9,top 50%
ETHUSDT,2021-11-01,4.8,0–20,0.0,0.0,0.0,0.0,0.0,0.0,0.0,0.6895,0.112717,1,21.7,bottom 50%
ETHUSDT,2021-11-02,7.0,0–20,0.0,0.0,0.0,0.0,0.0,0.0,0.0,1.0,0.032776,1,31.3,bottom 50%
ETHUSDT,2021-11-03,6.1,0–20,0.0,0.0,0.0,0.0,0.0,0.0,0.0,0.8665,0.00629,1,26.5,bottom 50%
ETHUSDT,2021-11-04,4.4,0–20,0.0,0.0,0.0,0.0,0.0,0.0,0.0,0.6287,0.042549,1,20.1,bottom 50%
ETHUSDT,2021-11-05,4.4,0–20,0.0,0.0,0.0,0.0,0.0,0.0,0.0,0.6251,0.040317,1,20.1,bottom 50%
ETHUSDT,2021-11-06,4.5,0–20,0.0,0.0,0.0,0.0,0.0,0.0,0.0,0.6489,0.028724,1,20.6,bottom 50%
ETHUSDT,2021-11-07,7.0,0–20,0.0,0.0,0.0,0.0,0.0,0.0,0.0,1.0,0.001256,1,31.3,bottom 50%
ETHUSDT,2021-11-08,6.9,0–20,0.0,0.0,0.0,0.0,0.0,0.0,0.0,0.9825,-0.052905,0,28.4,bottom 50%
ETHUSDT,2021-11-09,3.4,0–20,0.0,0.0,0.0,0.0,0.0,0.0,0.0,0.4788,-0.109545,0,16.0,bottom 50%
ETHUSDT,2021-11-10,3.9,0–20,0.0,0.0,0.0,0.0,0.0,0.0,0.0,0.5505,-0.075187,0,18.2,bottom 50%
ETHUSDT,2021-11-11,5.1,0–20,0.0,0.0,0.0,0.0,0.0,0.0,0.0,0.7265,-0.154265,0,22.9,bottom 50%
ETHUSDT,2021-11-12,3.8,0–20,0.0,0.0,0.0,0.0,0.0,0.0,0.0,0.5434,-0.079023,0,17.8,bottom 50%
ETHUSDT,2021-11-13,6.0,0–20,0.0,0.0,0.0,0.0,0.0,0.0,0.0,0.8562,-0.051925,0,26.1,bottom 50%
ETHUSDT,2021-11-14,4.2,0–20,0.0,0.0,0.0,0.0,0.0,0.0,0.0,0.599,-0.077086,0,19.4,bottom 50%
ETHUSDT,2021-11-15,4.2,0–20,0.0,0.0,0.0,0.0,0.0,0.0,0.0,0.6009,-0.102917,0,19.4,bottom 50%
ETHUSDT,2021-11-16,12.3,0–20,0.1142,0.0,0.0,0.0,0.0,0.0,0.5177,0.9073,0.029504,1,64.1,top 50%
ETHUSDT,2021-11-17,4.1,0–20,0.0611,0.0,0.0,0.0,0.0,0.0,0.0,0.4069,-0.011105,0,19.1,bottom 50%
ETHUSDT,2021-11-18,8.4,0–20,0.222,0.1578,0.0,0.0,0.0,0.0,0.0,0.2306,0.068512,1,40.6,bottom 50%
ETHUSDT,2021-11-19,2.8,0–20,0.0256,0.0,0.0,0.0,0.0,0.0,0.0,0.3229,-0.06221,0,13.5,bottom 50%
ETHUSDT,2021-11-20,2.1,0–20,0.0,0.0,0.0,0.0,0.0,0.0,0.0,0.304,-0.07098,0,11.1,bottom 50%
ETHUSDT,2021-11-21,0.8,0–20,0.0421,0.0,0.0,0.0,0.0,0.0,0.0,0.0,0.00579,1,6.2,bottom 50%
ETHUSDT,2021-11-22,2.7,0–20,0.1339,0.0,0.0,0.0,0.0,0.0,0.0,0.0,0.087233,1,13.1,bottom 50%
ETHUSDT,2021-11-23,0.0,0–20,0.0,0.0,0.0,0.0,0.0,0.0,0.0,0.0,0.066973,1,1.9,bottom 50%
ETHUSDT,2021-11-24,0.9,0–20,0.0432,0.0,0.0,0.0,0.0,0.0,0.0,0.0,0.081842,1,6.7,bottom 50%
ETHUSDT,2021-11-25,0.5,0–20,0.0237,0.0,0.0,0.0,0.0,0.0,0.0,0.0,0.055339,1,4.9,bottom 50%
ETHUSDT,2021-11-26,5.7,0–20,0.1445,0.0,0.0,0.0,0.0,0.0,0.396,0.0,0.047085,1,25.0,bottom 50%
ETHUSDT,2021-11-27,2.1,0–20,0.1046,0.0,0.0,0.0,0.0,0.0,0.0,0.0,0.005535,1,11.1,bottom 50%
ETHUSDT,2021-11-28,0.0,0–20,0.0,0.0,0.0,0.0,0.0,0.0,0.0,0.0,-0.022385,0,1.9,bottom 50%
ETHUSDT,2021-11-29,0.0,0–20,0.0,0.0,0.0,0.0,0.0,0.0,0.0,0.0,-0.01943,0,1.9,bottom 50%
ETHUSDT,2021-11-30,0.0,0–20,0.0,0.0,0.0,0.0,0.0,0.0,0.0,0.0,-0.068319,0,1.9,bottom 50%
ETHUSDT,2021-12-01,8.8,0–20,0.0,0.0,0.0,0.0,0.6747,0.0,0.0,0.0,-0.032185,0,42.3,bottom 50%
ETHUSDT,2021-12-02,8.8,0–20,0.0,0.0,0.0,0.0,0.6747,0.0,0.0,0.0,-0.086779,0,42.3,bottom 50%
ETHUSDT,2021-12-03,10.1,0–20,0.064,0.0,0.0,0.0,0.6747,0.0,0.0,0.0,-0.073971,0,48.0,bottom 50%
ETHUSDT,2021-12-04,15.8,0–20,0.1121,0.0,0.0,0.0,0.6747,0.0,0.6806,0.0,-0.008529,0,86.6,top 25%
ETHUSDT,2021-12-05,10.6,0–20,0.0662,0.0,0.0,0.0,0.6747,0.0,0.0,0.0736,-0.015213,0,52.6,top 50%
ETHUSDT,2021-12-06,11.7,0–20,0.0,0.0,0.0,0.0,0.6747,0.0,0.0,0.4176,-0.131807,0,60.5,top 50%
ETHUSDT,2021-12-07,10.6,0–20,0.0019,0.0,0.0,0.0,0.6747,0.0,0.0,0.2495,-0.132008,0,52.6,top 50%
ETHUSDT,2021-12-08,10.8,0–20,0.0,0.0,0.0,0.0,0.6747,0.0,0.0,0.2893,-0.094827,0,53.7,top 50%
ETHUSDT,2021-12-09,10.8,0–20,0.1026,0.0,0.0,0.0,0.6747,0.0,0.0,0.0,-0.038193,0,53.7,top 50%
ETHUSDT,2021-12-10,12.6,0–20,0.1935,0.0,0.0,0.0,0.6747,0.0,0.0,0.0,-0.007422,0,65.8,top 50%
ETHUSDT,2021-12-11,11.3,0–20,0.0941,0.0,0.0,0.0,0.6747,0.0,0.0,0.0977,-0.030259,0,57.6,top 50%
ETHUSDT,2021-12-12,12.0,0–20,0.0669,0.0,0.0,0.0,0.6747,0.0,0.0,0.2655,-0.051243,0,62.3,top 50%
ETHUSDT,2021-12-13,14.2,0–20,0.2142,0.0305,0.0,0.0,0.6747,0.0,0.0,0.0968,0.039537,1,75.3,top 25%
ETHUSDT,2021-12-14,13.3,0–20,0.2287,0.0,0.0,0.0,0.6747,0.0,0.0,0.0,0.073374,1,70.1,top 50%
ETHUSDT,2021-12-15,10.3,0–20,0.0778,0.0,0.0,0.0,0.6747,0.0,0.0,0.0,-0.009031,0,50.2,top 50%
ETHUSDT,2021-12-16,11.3,0–20,0.1021,0.0,0.0,0.0,0.6747,0.0,0.0,0.0644,0.036731,1,57.6,top 50%
ETHUSDT,2021-12-17,11.8,0–20,0.1385,0.0,0.0,0.0,0.6747,0.0,0.0,0.043,0.043433,1,61.1,top 50%
ETHUSDT,2021-12-18,10.6,0–20,0.0918,0.0,0.0,0.0,0.6747,0.0,0.0,0.0,0.033432,1,52.6,top 50%
ETHUSDT,2021-12-19,11.0,0–20,0.1103,0.0,0.0,0.0,0.6747,0.0,0.0,0.0,0.036898,1,55.0,top 50%
ETHUSDT,2021-12-20,10.8,0–20,0.1032,0.0,0.0,0.0,0.6747,0.0,0.0,0.0,0.026362,1,53.7,top 50%
ETHUSDT,2021-12-21,9.7,0–20,0.0477,0.0,0.0,0.0,0.6747,0.0,0.0,0.0,-0.054565,0,45.8,bottom 50%
ETHUSDT,2021-12-22,10.2,0–20,0.07,0.0,0.0,0.0,0.6747,0.0,0.0,0.0,-0.088789,0,48.9,bottom 50%
ETHUSDT,2021-12-23,8.8,0–20,0.0,0.0,0.0,0.0,0.6747,0.0,0.0,0.0,-0.09595,0,42.3,bottom 50%
ETHUSDT,2021-12-24,9.3,0–20,0.0263,0.0,0.0,0.0,0.6747,0.0,0.0,0.0,-0.090255,0,44.2,bottom 50%
ETHUSDT,2021-12-25,8.8,0–20,0.0,0.0,0.0,0.0,0.6747,0.0,0.0,0.0,-0.079052,0,42.3,bottom 50%
ETHUSDT,2021-12-26,9.0,0–20,0.0139,0.0,0.0,0.0,0.6747,0.0,0.0,0.0,-0.058457,0,43.2,bottom 50%
ETHUSDT,2021-12-27,9.5,0–20,0.0354,0.0,0.0,0.0,0.6747,0.0,0.0,0.0,-0.0684,0,45.0,bottom 50%
ETHUSDT,2021-12-28,12.5,0–20,0.1873,0.0,0.0,0.0,0.6747,0.0,0.0,0.0,-0.001799,0,65.2,top 50%
ETHUSDT,2021-12-29,16.5,0–20,0.2767,0.1477,0.0,0.0,0.6747,0.0,0.0,0.0,-0.021536,0,89.0,top 25%
ETHUSDT,2021-12-30,14.4,0–20,0.206,0.0,0.0,0.0,0.6747,0.0,0.0,0.2145,-0.079552,0,76.4,top 25%
ETHUSDT,2021-12-31,13.2,0–20,0.2229,0.0,0.0,0.0,0.6747,0.0,0.0,0.0,-0.1329,0,69.5,top 50%
ETHUSDT,2022-01-01,3.0,0–20,0.1492,0.0,0.0,0.0,0.0,0.0,0.0,0.0,-0.179782,0,14.3,bottom 50%
ETHUSDT,2022-01-02,2.2,0–20,0.1001,0.0,0.0,0.0,0.0,0.0,0.0,0.0222,-0.175428,0,11.6,bottom 50%
ETHUSDT,2022-01-03,2.9,0–20,0.1449,0.0,0.0,0.0,0.0,0.0,0.0,0.0,-0.180328,0,13.9,bottom 50%
ETHUSDT,2022-01-04,2.3,0–20,0.1163,0.0,0.0,0.0,0.0,0.0,0.0,0.0,-0.146531,0,12.0,bottom 50%
ETHUSDT,2022-01-05,5.3,0–20,0.2643,0.0038,0.0,0.0,0.0,0.0,0.0,0.0,-0.050172,0,23.6,bottom 50%
ETHUSDT,2022-01-06,12.0,0–20,0.3297,0.0884,0.0,0.0,0.0,0.0,0.583,0.0,-0.049766,0,62.3,top 50%
ETHUSDT,2022-01-07,16.9,0–20,0.424,0.1952,0.0,0.0,0.0,0.0,0.778,0.0,0.036575,1,90.2,top 10%
ETHUSDT,2022-01-08,11.0,0–20,0.4607,0.1218,0.0,0.0,0.0,0.0,0.0,0.0,0.077154,1,55.0,top 50%
ETHUSDT,2022-01-09,8.0,0–20,0.3983,0.0,0.0,0.0,0.0,0.0,0.0,0.0,0.061173,1,38.5,bottom 50%
ETHUSDT,2022-01-10,10.4,0–20,0.4281,0.0,0.0,0.0,0.0,0.0,0.2572,0.0,0.041908,1,51.5,top 50%
ETHUSDT,2022-01-11,5.7,0–20,0.2856,0.0,0.0,0.0,0.0,0.0,0.0,0.0,-0.02288,0,25.0,bottom 50%
ETHUSDT,2022-01-12,3.5,0–20,0.1762,0.0,0.0,0.0,0.0,0.0,0.0,0.0,-0.081972,0,16.7,bottom 50%
ETHUSDT,2022-01-13,4.8,0–20,0.2405,0.0,0.0,0.0,0.0,0.0,0.0,0.0,-0.076092,0,21.7,bottom 50%
ETHUSDT,2022-01-14,3.8,0–20,0.1907,0.0,0.0,0.0,0.0,0.0,0.0,0.0,-0.227211,0,17.8,bottom 50%
ETHUSDT,2022-01-15,3.5,0–20,0.1738,0.0,0.0,0.0,0.0,0.0,0.0,0.0,-0.277838,0,16.7,bottom 50%
ETHUSDT,2022-01-16,3.1,0–20,0.1563,0.0,0.0,0.0,0.0,0.0,0.0,0.0,-0.24348,0,14.8,bottom 50%
ETHUSDT,2022-01-17,4.8,0–20,0.2395,0.0,0.0,0.0,0.0,0.0,0.0,0.0,-0.240311,0,21.7,bottom 50%
ETHUSDT,2022-01-18,5.3,0–20,0.2666,0.0,0.0,0.0,0.0,0.0,0.0,0.0,-0.223794,0,23.6,bottom 50%
ETHUSDT,2022-01-19,6.1,0–20,0.3044,0.0,0.0,0.0,0.0,0.0,0.0,0.0,-0.202788,0,26.5,bottom 50%
ETHUSDT,2022-01-20,7.1,0–20,0.3541,0.0,0.0,0.0,0.0,0.0,0.0,0.0,-0.192634,0,34.2,bottom 50%
ETHUSDT,2022-01-21,19.5,0–20,0.5252,0.1576,0.0,0.0,0.0,0.0,0.9486,0.0,-0.004238,0,97.2,top 10%
ETHUSDT,2022-01-22,20.7,20–40,0.5677,0.1588,0.0,0.0,0.0,0.0,1.0,0.0,0.079788,1,98.0,top 10%
ETHUSDT,2022-01-23,9.0,0–20,0.4489,0.0,0.0,0.0,0.0,0.0,0.0,0.0,0.026993,1,43.2,bottom 50%
ETHUSDT,2022-01-24,12.8,0–20,0.4799,0.0,0.0,0.0,0.0,0.0,0.4614,0.0,0.101595,1,67.1,top 50%
ETHUSDT,2022-01-25,9.3,0–20,0.4653,0.0,0.0,0.0,0.0,0.0,0.0,0.0,0.136886,1,44.2,bottom 50%
ETHUSDT,2022-01-26,9.1,0–20,0.4533,0.0,0.0,0.0,0.0,0.0,0.0,0.0,0.087043,1,43.6,bottom 50%
ETHUSDT,2022-01-27,9.4,0–20,0.4707,0.0,0.0,0.0,0.0,0.0,0.0,0.0,0.105721,1,44.6,bottom 50%
ETHUSDT,2022-01-28,6.9,0–20,0.3442,0.0,0.0,0.0,0.0,0.0,0.0,0.0,0.17137,1,28.4,bottom 50%
ETHUSDT,2022-01-29,5.9,0–20,0.2958,0.0,0.0,0.0,0.0,0.0,0.0,0.0,0.160782,1,25.9,bottom 50%
ETHUSDT,2022-01-30,5.8,0–20,0.2895,0.0,0.0,0.0,0.0,0.0,0.0,0.0,0.174387,1,25.5,bottom 50%
ETHUSDT,2022-01-31,4.1,0–20,0.2046,0.0,0.0,0.0,0.0,0.0,0.0,0.0,0.168953,1,19.1,bottom 50%
ETHUSDT,2022-02-01,10.3,0–20,0.1085,0.0,0.0,0.0,0.6242,0.0,0.0,0.0,0.118366,1,50.2,top 50%
ETHUSDT,2022-02-02,11.8,0–20,0.1824,0.0,0.0,0.0,0.6242,0.0,0.0,0.0,0.207467,1,61.1,top 50%
ETHUSDT,2022-02-03,11.8,0–20,0.1849,0.0,0.0,0.0,0.6242,0.0,0.0,0.0,0.148673,1,61.1,top 50%
ETHUSDT,2022-02-04,8.1,0–20,0.0,0.0,0.0,0.0,0.6242,0.0,0.0,0.0,-0.018838,0,39.2,bottom 50%
ETHUSDT,2022-02-05,8.1,0–20,0.0,0.0,0.0,0.0,0.6242,0.0,0.0,0.0,-0.032271,0,39.2,bottom 50%
ETHUSDT,2022-02-06,8.1,0–20,0.0,0.0,0.0,0.0,0.6242,0.0,0.0,0.0,-0.056914,0,39.2,bottom 50%
ETHUSDT,2022-02-07,8.1,0–20,0.0,0.0,0.0,0.0,0.6242,0.0,0.0,0.0,-0.066506,0,39.2,bottom 50%
ETHUSDT,2022-02-08,8.1,0–20,0.0,0.0,0.0,0.0,0.6242,0.0,0.0,0.0,0.01834,1,39.2,bottom 50%
ETHUSDT,2022-02-09,8.1,0–20,0.0,0.0,0.0,0.0,0.6242,0.0,0.0,0.0,-0.034459,0,39.2,bottom 50%
ETHUSDT,2022-02-10,14.5,0–20,0.0,0.0,0.0,0.0,0.6242,0.0,0.0,0.9114,-0.063689,0,76.9,top 25%
ETHUSDT,2022-02-11,15.8,0–20,0.0339,0.0,0.0,0.0,0.6242,0.0,0.0,1.0,-0.04839,0,86.6,top 25%
ETHUSDT,2022-02-12,15.9,0–20,0.0414,0.0,0.0,0.0,0.6242,0.0,0.0,1.0,-0.052671,0,87.6,top 25%
ETHUSDT,2022-02-13,16.5,0–20,0.0676,0.0,0.0,0.0,0.6242,0.0,0.0,1.0,-0.088371,0,89.0,top 25%
ETHUSDT,2022-02-14,15.6,0–20,0.0232,0.0,0.0,0.0,0.6242,0.0,0.0,1.0,-0.122606,0,85.2,top 25%
ETHUSDT,2022-02-15,15.1,0–20,0.0,0.0,0.0,0.0,0.6242,0.0,0.0,1.0,-0.17,0,82.4,top 25%
ETHUSDT,2022-02-16,15.1,0–20,0.0,0.0,0.0,0.0,0.6242,0.0,0.0,1.0,-0.171835,0,82.4,top 25%
ETHUSDT,2022-02-17,14.6,0–20,0.0711,0.0,0.0,0.0,0.6242,0.0,0.0,0.7179,-0.098357,0,77.5,top 25%
ETHUSDT,2022-02-18,14.5,0–20,0.132,0.0,0.0,0.0,0.6242,0.0,0.0,0.5327,-0.007607,0,76.9,top 25%
ETHUSDT,2022-02-19,15.2,0–20,0.1459,0.0,0.0,0.0,0.6242,0.0,0.0,0.5971,0.0063,1,83.5,top 25%
ETHUSDT,2022-02-20,18.0,0–20,0.2274,0.0,0.0,0.0,0.6242,0.0,0.0,0.7558,-0.002605,0,94.3,top 10%
ETHUSDT,2022-02-21,19.5,0–20,0.2584,0.0,0.0,0.0,0.6242,0.0,0.3952,0.4947,0.134192,1,97.2,top 10%
ETHUSDT,2022-02-22,14.4,0–20,0.1967,0.0,0.0,0.0,0.6242,0.0,0.0,0.3391,0.12624,1,76.4,top 25%
ETHUSDT,2022-02-23,14.0,0–20,0.2272,0.0,0.0,0.0,0.6242,0.0,0.0,0.1849,0.138884,1,73.9,top 50%
ETHUSDT,2022-02-24,12.5,0–20,0.2193,0.0,0.0,0.0,0.6242,0.0,0.0,0.0,0.090991,1,65.2,top 50%
ETHUSDT,2022-02-25,9.3,0–20,0.0615,0.0,0.0,0.0,0.6242,0.0,0.0,0.0,-0.053311,0,44.2,bottom 50%
ETHUSDT,2022-02-26,9.1,0–20,0.0469,0.0,0.0,0.0,0.6242,0.0,0.0,0.0,-0.041811,0,43.6,bottom 50%
ETHUSDT,2022-02-27,11.4,0–20,0.1652,0.0,0.0,0.0,0.6242,0.0,0.0,0.0,-0.025465,0,58.9,top 50%
ETHUSDT,2022-02-28,8.1,0–20,0.0,0.0,0.0,0.0,0.6242,0.0,0.0,0.0,-0.144365,0,39.2,bottom 50%
ETHUSDT,2022-03-01,10.3,0–20,0.0,0.0,0.0,0.0,0.7906,0.0,0.0,0.0,-0.133134,0,50.2,top 50%
ETHUSDT,2022-03-02,10.3,0–20,0.0,0.0,0.0,0.0,0.7906,0.0,0.0,0.0,-0.074687,0,50.2,top 50%
ETHUSDT,2022-03-03,10.4,0–20,0.0073,0.0,0.0,0.0,0.7906,0.0,0.0,0.0,-0.079881,0,51.5,top 50%
ETHUSDT,2022-03-04,13.3,0–20,0.1517,0.0,0.0,0.0,0.7906,0.0,0.0,0.0,-0.022006,0,70.1,top 50%
ETHUSDT,2022-03-05,12.9,0–20,0.1134,0.0,0.0,0.0,0.7906,0.0,0.0,0.0566,-0.033802,0,67.6,top 50%
ETHUSDT,2022-03-06,14.3,0–20,0.1809,0.0,0.0,0.0,0.7906,0.0,0.0,0.0571,-0.014126,0,75.9,top 25%
ETHUSDT,2022-03-07,14.6,0–20,0.2145,0.0,0.0,0.0,0.7906,0.0,0.0,0.0,0.037203,1,77.5,top 25%
ETHUSDT,2022-03-08,13.2,0–20,0.1448,0.0,0.0,0.0,0.7906,0.0,0.0,0.0,0.016844,1,69.5,top 50%
ETHUSDT,2022-03-09,10.7,0–20,0.0223,0.0,0.0,0.0,0.7906,0.0,0.0,0.0,0.015486,1,53.1,top 50%
ETHUSDT,2022-03-10,12.4,0–20,0.1044,0.0,0.0,0.0,0.7906,0.0,0.0,0.0,0.079295,1,64.7,top 50%
ETHUSDT,2022-03-11,13.0,0–20,0.1355,0.0,0.0,0.0,0.7906,0.0,0.0,0.0,0.150721,1,68.2,top 50%
ETHUSDT,2022-03-12,12.7,0–20,0.1224,0.0,0.0,0.0,0.7906,0.0,0.0,0.0,0.144287,1,66.4,top 50%
ETHUSDT,2022-03-13,13.5,0–20,0.1609,0.0,0.0,0.0,0.7906,0.0,0.0,0.0056,0.135578,1,71.3,top 50%
ETHUSDT,2022-03-14,13.3,0–20,0.0944,0.0,0.0,0.0,0.7906,0.0,0.0,0.1627,0.118609,1,70.1,top 50%
ETHUSDT,2022-03-15,11.9,0–20,0.0674,0.0,0.0,0.0,0.7906,0.0,0.0,0.0343,0.134718,1,61.7,top 50%
ETHUSDT,2022-03-16,10.3,0–20,0.0,0.0,0.0,0.0,0.7906,0.0,0.0,0.0,0.093437,1,50.2,top 50%
ETHUSDT,2022-03-17,10.3,0–20,0.0,0.0,0.0,0.0,0.7906,0.0,0.0,0.0,0.104164,1,50.2,top 50%
ETHUSDT,2022-03-18,10.3,0–20,0.0,0.0,0.0,0.0,0.7906,0.0,0.0,0.0,0.054774,1,50.2,top 50%
ETHUSDT,2022-03-19,10.3,0–20,0.0,0.0,0.0,0.0,0.7906,0.0,0.0,0.0,0.066838,1,50.2,top 50%
ETHUSDT,2022-03-20,10.3,0–20,0.0,0.0,0.0,0.0,0.7906,0.0,0.0,0.0,0.150717,1,50.2,top 50%
ETHUSDT,2022-03-21,10.3,0–20,0.0,0.0,0.0,0.0,0.7906,0.0,0.0,0.0,0.151367,1,50.2,top 50%
ETHUSDT,2022-03-22,10.3,0–20,0.0,0.0,0.0,0.0,0.7906,0.0,0.0,0.0,0.144244,1,50.2,top 50%
ETHUSDT,2022-03-23,11.7,0–20,0.0,0.0,0.0,0.0,0.7906,0.0,0.0,0.2013,0.116821,1,60.5,top 50%
ETHUSDT,2022-03-24,14.9,0–20,0.0,0.0,0.0,0.0,0.7906,0.0,0.0,0.6633,0.055849,1,80.9,top 25%
ETHUSDT,2022-03-25,13.1,0–20,0.0,0.0,0.0,0.0,0.7906,0.0,0.0,0.3986,0.110369,1,68.9,top 50%
ETHUSDT,2022-03-26,15.4,0–20,0.0,0.0,0.0,0.0,0.7906,0.0,0.0,0.7279,0.096043,1,84.2,top 25%
ETHUSDT,2022-03-27,17.3,0–20,0.0,0.0,0.0,0.0,0.7906,0.0,0.0,1.0,0.070257,1,93.0,top 10%
ETHUSDT,2022-03-28,17.1,0–20,0.0,0.0,0.0,0.0,0.7906,0.0,0.0,0.9704,0.055327,1,91.4,top 10%
ETHUSDT,2022-03-29,15.6,0–20,0.0,0.0,0.0,0.0,0.7906,0.0,0.0,0.7584,0.002882,1,85.2,top 25%
ETHUSDT,2022-03-30,17.3,0–20,0.0,0.0,0.0,0.0,0.7906,0.0,0.0,1.0,-0.063059,0,93.0,top 10%
ETHUSDT,2022-03-31,17.3,0–20,0.0,0.0,0.0,0.0,0.7906,0.0,0.0,1.0,-0.014739,0,93.0,top 10%
ETHUSDT,2022-04-01,17.1,0–20,0.0,0.0,0.0,0.0,0.7766,0.0,0.0,1.0,-0.074641,0,91.4,top 10%
ETHUSDT,2022-04-02,17.1,0–20,0.0,0.0,0.0,0.0,0.7766,0.0,0.0,1.0,-0.053161,0,91.4,top 10%
ETHUSDT,2022-04-03,17.1,0–20,0.0,0.0,0.0,0.0,0.7766,0.0,0.0,1.0,-0.088272,0,91.4,top 10%
ETHUSDT,2022-04-04,17.1,0–20,0.0,0.0,0.0,0.0,0.7766,0.0,0.0,1.0,-0.153409,0,91.4,top 10%
ETHUSDT,2022-04-05,16.8,0–20,0.0,0.0,0.0,0.0,0.7766,0.0,0.0,0.9556,-0.111793,0,89.9,top 25%
ETHUSDT,2022-04-06,21.0,20–40,0.0,0.0,0.0,0.0,0.7766,0.0,0.5549,1.0,-0.01682,0,98.2,top 10%
ETHUSDT,2022-04-07,15.7,0–20,0.0,0.0,0.0,0.0,0.7766,0.0,0.0,0.7962,-0.06599,0,85.6,top 25%
ETHUSDT,2022-04-08,16.3,0–20,0.0,0.0,0.0,0.0,0.7766,0.0,0.0,0.8866,-0.047354,0,88.7,top 25%
ETHUSDT,2022-04-09,17.1,0–20,0.0,0.0,0.0,0.0,0.7766,0.0,0.0,1.0,-0.061193,0,91.4,top 10%
ETHUSDT,2022-04-10,15.9,0–20,0.0,0.0,0.0,0.0,0.7766,0.0,0.0,0.8346,-0.068018,0,87.6,top 25%
ETHUSDT,2022-04-11,15.4,0–20,0.1555,0.0,0.0,0.0,0.7766,0.0,0.0,0.3139,0.02568,1,84.2,top 25%
ETHUSDT,2022-04-12,14.4,0–20,0.1073,0.0,0.0,0.0,0.7766,0.0,0.0,0.3126,0.02433,1,76.4,top 25%
ETHUSDT,2022-04-13,11.5,0–20,0.0252,0.0,0.0,0.0,0.7766,0.0,0.0,0.132,-0.013019,0,59.4,top 50%
ETHUSDT,2022-04-14,13.8,0–20,0.1052,0.0,0.0,0.0,0.7766,0.0,0.0,0.2313,-0.010738,0,72.8,top 50%
ETHUSDT,2022-04-15,12.5,0–20,0.0847,0.0,0.0,0.0,0.7766,0.0,0.0,0.1034,-0.025019,0,65.2,top 50%
ETHUSDT,2022-04-16,11.4,0–20,0.0632,0.0,0.0,0.0,0.7766,0.0,0.0,0.0,-0.040556,0,58.9,top 50%
ETHUSDT,2022-04-17,12.6,0–20,0.1236,0.0,0.0,0.0,0.7766,0.0,0.0,0.0,-0.023609,0,65.8,top 50%
ETHUSDT,2022-04-18,11.2,0–20,0.0553,0.0,0.0,0.0,0.7766,0.0,0.0,0.0,-0.015768,0,56.2,top 50%
ETHUSDT,2022-04-19,10.2,0–20,0.0075,0.0,0.0,0.0,0.7766,0.0,0.0,0.0,-0.095296,0,48.9,bottom 50%
ETHUSDT,2022-04-20,10.8,0–20,0.0342,0.0,0.0,0.0,0.7766,0.0,0.0,0.0,-0.061349,0,53.7,top 50%
ETHUSDT,2022-04-21,12.5,0–20,0.1214,0.0,0.0,0.0,0.7766,0.0,0.0,0.0,-0.016917,0,65.2,top 50%
ETHUSDT,2022-04-22,12.9,0–20,0.1423,0.0,0.0,0.0,0.7766,0.0,0.0,0.0,-0.050335,0,67.6,top 50%
ETHUSDT,2022-04-23,13.4,0–20,0.1675,0.0,0.0,0.0,0.7766,0.0,0.0,0.0,-0.070769,0,70.7,top 50%
ETHUSDT,2022-04-24,13.7,0–20,0.1823,0.0,0.0,0.0,0.7766,0.0,0.0,0.0,-0.032496,0,72.4,top 50%
ETHUSDT,2022-04-25,11.4,0–20,0.0667,0.0,0.0,0.0,0.7766,0.0,0.0,0.0,-0.050503,0,58.9,top 50%
ETHUSDT,2022-04-26,15.8,0–20,0.25,0.0485,0.0,0.0,0.7766,0.0,0.0,0.0,-0.008839,0,86.6,top 25%
ETHUSDT,2022-04-27,13.1,0–20,0.1523,0.0,0.0,0.0,0.7766,0.0,0.0,0.0,0.017901,1,68.9,top 50%
ETHUSDT,2022-04-28,12.0,0–20,0.0972,0.0,0.0,0.0,0.7766,0.0,0.0,0.0,-0.063919,0,62.3,top 50%
ETHUSDT,2022-04-29,14.1,0–20,0.2011,0.0,0.0,0.0,0.7766,0.0,0.0,0.0,-0.042841,0,74.6,top 50%
ETHUSDT,2022-04-30,17.3,0–20,0.2652,0.1277,0.0,0.0,0.7766,0.0,0.0,0.0,-0.034464,0,93.0,top 10%
ETHUSDT,2022-05-01,10.9,0–20,0.1515,0.0,0.0,0.0,0.6016,0.0,0.0,0.0,-0.109732,0,54.3,top 50%
ETHUSDT,2022-05-02,10.2,0–20,0.1187,0.0,0.0,0.0,0.6016,0.0,0.0,0.0,-0.214173,0,48.9,bottom 50%
ETHUSDT,2022-05-03,11.4,0–20,0.1814,0.0,0.0,0.0,0.6016,0.0,0.0,0.0,-0.158063,0,58.9,top 50%
ETHUSDT,2022-05-04,8.1,0–20,0.0158,0.0,0.0,0.0,0.6016,0.0,0.0,0.0,-0.295356,0,39.2,bottom 50%
ETHUSDT,2022-05-05,13.4,0–20,0.1687,0.0,0.0,0.0,0.6016,0.0,0.3184,0.0,-0.28645,0,70.7,top 50%
ETHUSDT,2022-05-06,11.9,0–20,0.2063,0.0,0.0,0.0,0.6016,0.0,0.0,0.0,-0.252529,0,61.7,top 50%
ETHUSDT,2022-05-07,12.7,0–20,0.2462,0.0,0.0,0.0,0.6016,0.0,0.0,0.0,-0.219954,0,66.4,top 50%
ETHUSDT,2022-05-08,15.8,0–20,0.3202,0.1047,0.0,0.0,0.6016,0.0,0.0,0.0,-0.14767,0,86.6,top 25%
ETHUSDT,2022-05-09,28.8,20–40,0.453,0.3283,0.0,0.0,0.6016,0.0,1.0,0.0,-0.099181,0,99.9,top 10%
ETHUSDT,2022-05-10,21.1,20–40,0.3506,0.0317,0.0,0.0,0.6016,0.0,0.8292,0.0,-0.108001,0,98.3,top 10%
ETHUSDT,2022-05-11,27.0,20–40,0.4633,0.197,0.0,0.0,0.6016,0.0,1.0,0.0,-0.075021,0,99.7,top 10%
ETHUSDT,2022-05-12,25.8,20–40,0.5012,0.1304,0.0,0.0,0.6016,0.0,0.8573,0.0,0.02887,1,99.5,top 10%
ETHUSDT,2022-05-13,16.8,0–20,0.4486,0.0,0.0,0.0,0.6016,0.0,0.0,0.0,-0.026361,0,89.9,top 25%
ETHUSDT,2022-05-14,15.9,0–20,0.4064,0.0,0.0,0.0,0.6016,0.0,0.0,0.0,-0.039759,0,87.6,top 25%
ETHUSDT,2022-05-15,14.2,0–20,0.3181,0.0,0.0,0.0,0.6016,0.0,0.0,0.0,-0.047787,0,75.3,top 25%
ETHUSDT,2022-05-16,15.3,0–20,0.3761,0.0,0.0,0.0,0.6016,0.0,0.0,0.0,-0.024988,0,83.8,top 25%
ETHUSDT,2022-05-17,14.0,0–20,0.3101,0.0,0.0,0.0,0.6016,0.0,0.0,0.0,-0.053304,0,73.9,top 50%
ETHUSDT,2022-05-18,15.6,0–20,0.3909,0.0,0.0,0.0,0.6016,0.0,0.0,0.0,0.014698,1,85.2,top 25%
ETHUSDT,2022-05-19,13.7,0–20,0.2953,0.0,0.0,0.0,0.6016,0.0,0.0,0.0,-0.106237,0,72.4,top 50%
ETHUSDT,2022-05-20,14.3,0–20,0.3234,0.0,0.0,0.0,0.6016,0.0,0.0,0.0,-0.120528,0,75.9,top 25%
ETHUSDT,2022-05-21,14.0,0–20,0.3103,0.0,0.0,0.0,0.6016,0.0,0.0,0.0,-0.109686,0,73.9,top 50%
ETHUSDT,2022-05-22,12.7,0–20,0.2419,0.0,0.0,0.0,0.6016,0.0,0.0,0.0,-0.113128,0,66.4,top 50%
ETHUSDT,2022-05-23,13.5,0–20,0.2836,0.0,0.0,0.0,0.6016,0.0,0.0,0.0,0.012301,1,71.3,top 50%
ETHUSDT,2022-05-24,13.3,0–20,0.2763,0.0,0.0,0.0,0.6016,0.0,0.0,0.0,-0.018522,0,70.1,top 50%
ETHUSDT,2022-05-25,13.8,0–20,0.2978,0.0,0.0,0.0,0.6016,0.0,0.0,0.0,-0.062349,0,72.8,top 50%
ETHUSDT,2022-05-26,15.4,0–20,0.3794,0.0,0.0,0.0,0.6016,0.0,0.0,0.0,0.016762,1,84.2,top 25%
ETHUSDT,2022-05-27,16.2,0–20,0.4201,0.0,0.0,0.0,0.6016,0.0,0.0,0.0,0.029077,1,88.4,top 25%
ETHUSDT,2022-05-28,15.4,0–20,0.3794,0.0,0.0,0.0,0.6016,0.0,0.0,0.0,0.02484,1,84.2,top 25%
ETHUSDT,2022-05-29,14.1,0–20,0.313,0.0,0.0,0.0,0.6016,0.0,0.0,0.0,-0.003767,0,74.6,top 50%
ETHUSDT,2022-05-30,10.1,0–20,0.1157,0.0,0.0,0.0,0.6016,0.0,0.0,0.0,-0.068698,0,48.0,bottom 50%
ETHUSDT,2022-05-31,10.9,0–20,0.1558,0.0,0.0,0.0,0.6016,0.0,0.0,0.0,-0.066044,0,54.3,top 50%
ETHUSDT,2022-06-01,4.7,0–20,0.2375,0.0,0.0,0.0,0.0,0.0,0.0,0.0,-0.01645,0,21.2,bottom 50%
ETHUSDT,2022-06-02,4.5,0–20,0.2261,0.0,0.0,0.0,0.0,0.0,0.0,0.0,-0.024166,0,20.6,bottom 50%
ETHUSDT,2022-06-03,5.3,0–20,0.2666,0.0,0.0,0.0,0.0,0.0,0.0,0.0,-0.06199,0,23.6,bottom 50%
ETHUSDT,2022-06-04,4.7,0–20,0.2353,0.0,0.0,0.0,0.0,0.0,0.0,0.0,-0.150946,0,21.2,bottom 50%
ETHUSDT,2022-06-05,4.6,0–20,0.2309,0.0,0.0,0.0,0.0,0.0,0.0,0.0,-0.199417,0,20.9,bottom 50%
ETHUSDT,2022-06-06,3.3,0–20,0.1632,0.0,0.0,0.0,0.0,0.0,0.0,0.0,-0.352127,0,15.5,bottom 50%
ETHUSDT,2022-06-07,4.1,0–20,0.2027,0.0,0.0,0.0,0.0,0.0,0.0,0.0,-0.332067,0,19.1,bottom 50%
ETHUSDT,2022-06-08,4.4,0–20,0.2206,0.0,0.0,0.0,0.0,0.0,0.0,0.0,-0.31243,0,20.1,bottom 50%
ETHUSDT,2022-06-09,4.5,0–20,0.2241,0.0,0.0,0.0,0.0,0.0,0.0,0.0,-0.403444,0,20.6,bottom 50%
ETHUSDT,2022-06-10,6.6,0–20,0.3301,0.0,0.0,0.0,0.0,0.0,0.0,0.0,-0.347452,0,27.8,bottom 50%
ETHUSDT,2022-06-11,11.5,0–20,0.4224,0.2025,0.0,0.0,0.0,0.0,0.0,0.0,-0.350421,0,59.4,top 50%
ETHUSDT,2022-06-12,17.7,0–20,0.4713,0.2017,0.0,0.0,0.0,0.0,0.7455,0.0,-0.219732,0,94.0,top 10%
ETHUSDT,2022-06-13,23.8,20–40,0.5803,0.3456,0.0,0.0,0.0,0.0,1.0,0.0,-0.063873,0,99.2,top 10%
ETHUSDT,2022-06-14,20.0,20–40,0.5701,0.1286,0.0,0.0,0.0,0.0,0.9498,0.0,-0.071669,0,97.7,top 10%
ETHUSDT,2022-06-15,16.6,0–20,0.5374,0.0,0.0,0.0,0.0,0.0,0.8393,0.0,-0.147408,0,89.4,top 25%
ETHUSDT,2022-06-16,12.8,0–20,0.6054,0.0483,0.0,0.0,0.0,0.0,0.0,0.0,0.070857,1,67.1,top 50%
ETHUSDT,2022-06-17,11.5,0–20,0.577,0.0,0.0,0.0,0.0,0.0,0.0,0.0,0.129151,1,59.4,top 50%
ETHUSDT,2022-06-18,12.3,0–20,0.6134,0.0,0.0,0.0,0.0,0.0,0.0,0.0,0.25141,1,64.1,top 50%
ETHUSDT,2022-06-19,8.5,0–20,0.4233,0.0,0.0,0.0,0.0,0.0,0.0,0.0,0.064005,1,40.9,bottom 50%
ETHUSDT,2022-06-20,8.5,0–20,0.4233,0.0,0.0,0.0,0.0,0.0,0.0,0.0,0.058563,1,40.9,bottom 50%
ETHUSDT,2022-06-21,8.5,0–20,0.425,0.0,0.0,0.0,0.0,0.0,0.0,0.0,0.017562,1,40.9,bottom 50%
ETHUSDT,2022-06-22,9.4,0–20,0.4677,0.0,0.0,0.0,0.0,0.0,0.0,0.0,0.045198,1,44.6,bottom 50%
ETHUSDT,2022-06-23,6.7,0–20,0.3339,0.0,0.0,0.0,0.0,0.0,0.0,0.0,-0.066546,0,28.0,bottom 50%
ETHUSDT,2022-06-24,4.5,0–20,0.2247,0.0,0.0,0.0,0.0,0.0,0.0,0.0,-0.136185,0,20.6,bottom 50%
ETHUSDT,2022-06-25,4.1,0–20,0.2036,0.0,0.0,0.0,0.0,0.0,0.0,0.0,-0.142293,0,19.1,bottom 50%
ETHUSDT,2022-06-26,4.8,0–20,0.2407,0.0,0.0,0.0,0.0,0.0,0.0,0.0,-0.105069,0,21.7,bottom 50%
ETHUSDT,2022-06-27,4.9,0–20,0.246,0.0,0.0,0.0,0.0,0.0,0.0,0.0,-0.035706,0,22.2,bottom 50%
ETHUSDT,2022-06-28,5.8,0–20,0.2888,0.0,0.0,0.0,0.0,0.0,0.0,0.0,-0.00877,0,25.5,bottom 50%
ETHUSDT,2022-06-29,6.5,0–20,0.3271,0.0,0.0,0.0,0.0,0.0,0.0,0.0,0.080104,1,27.6,bottom 50%
ETHUSDT,2022-06-30,7.1,0–20,0.3531,0.0,0.0,0.0,0.0,0.0,0.0,0.0,0.159557,1,34.2,bottom 50%
ETHUSDT,2022-07-01,18.5,0–20,0.3595,0.0,0.0,0.0,0.868,0.0,0.0,0.0,0.153561,1,96.0,top 10%
ETHUSDT,2022-07-02,18.2,0–20,0.3467,0.0,0.0,0.0,0.868,0.0,0.0,0.0,0.141082,1,94.6,top 10%
ETHUSDT,2022-07-03,17.9,0–20,0.3323,0.0,0.0,0.0,0.868,0.0,0.0,0.0,0.088133,1,94.2,top 10%
ETHUSDT,2022-07-04,15.0,0–20,0.1861,0.0,0.0,0.0,0.868,0.0,0.0,0.0,-0.046759,0,81.2,top 25%
ETHUSDT,2022-07-05,15.4,0–20,0.2062,0.0,0.0,0.0,0.868,0.0,0.0,0.0,-0.084924,0,84.2,top 25%
ETHUSDT,2022-07-06,13.5,0–20,0.1126,0.0,0.0,0.0,0.868,0.0,0.0,0.0,-0.061827,0,71.3,top 50%
ETHUSDT,2022-07-07,11.9,0–20,0.0295,0.0,0.0,0.0,0.868,0.0,0.0,0.0,-0.037223,0,61.7,top 50%
ETHUSDT,2022-07-08,15.5,0–20,0.0522,0.0,0.0,0.0,0.868,0.0,0.0,0.4591,0.008689,1,84.8,top 25%
ETHUSDT,2022-07-09,13.3,0–20,0.0609,0.0,0.0,0.0,0.868,0.0,0.0,0.1097,0.111463,1,70.1,top 50%
ETHUSDT,2022-07-10,14.2,0–20,0.1357,0.0,0.0,0.0,0.868,0.0,0.0,0.0315,0.145698,1,75.3,top 25%
ETHUSDT,2022-07-11,17.7,0–20,0.2323,0.0,0.0,0.0,0.868,0.0,0.0,0.2554,0.438813,1,94.0,top 10%
ETHUSDT,2022-07-12,22.5,20–40,0.3019,0.0,0.0,0.0,0.868,0.0,0.0,0.7427,0.486214,1,98.9,top 10%
ETHUSDT,2022-07-13,18.8,0–20,0.1575,0.0,0.0,0.0,0.868,0.0,0.3079,0.3152,0.365138,1,96.4,top 10%
ETHUSDT,2022-07-14,11.9,0–20,0.0302,0.0,0.0,0.0,0.868,0.0,0.0,0.0,0.323302,1,61.7,top 50%
ETHUSDT,2022-07-15,11.3,0–20,0.0,0.0,0.0,0.0,0.868,0.0,0.0,0.0,0.246751,1,57.6,top 50%
ETHUSDT,2022-07-16,11.3,0–20,0.0,0.0,0.0,0.0,0.868,0.0,0.0,0.0,0.145399,1,57.6,top 50%
ETHUSDT,2022-07-17,11.3,0–20,0.0,0.0,0.0,0.0,0.868,0.0,0.0,0.0,0.194856,1,57.6,top 50%
ETHUSDT,2022-07-18,11.3,0–20,0.0,0.0,0.0,0.0,0.868,0.0,0.0,0.0,-0.084457,0,57.6,top 50%
ETHUSDT,2022-07-19,15.1,0–20,0.0,0.0,0.0,0.0,0.868,0.0,0.0,0.5455,-0.065567,0,82.4,top 25%
ETHUSDT,2022-07-20,18.0,0–20,0.0,0.0,0.0,0.0,0.868,0.0,0.0,0.9577,0.076327,1,94.3,top 10%
ETHUSDT,2022-07-21,18.3,0–20,0.0,0.0,0.0,0.0,0.868,0.0,0.0,1.0,0.09432,1,95.3,top 10%
ETHUSDT,2022-07-22,18.3,0–20,0.0,0.0,0.0,0.0,0.868,0.0,0.0,1.0,0.123586,1,95.3,top 10%
ETHUSDT,2022-07-23,18.3,0–20,0.0,0.0,0.0,0.0,0.868,0.0,0.0,1.0,0.09467,1,95.3,top 10%
ETHUSDT,2022-07-24,18.3,0–20,0.0,0.0,0.0,0.0,0.868,0.0,0.0,1.0,0.051292,1,95.3,top 10%
ETHUSDT,2022-07-25,18.3,0–20,0.0,0.0,0.0,0.0,0.868,0.0,0.0,1.0,0.131323,1,95.3,top 10%
ETHUSDT,2022-07-26,18.3,0–20,0.0,0.0,0.0,0.0,0.868,0.0,0.0,1.0,0.132569,1,95.3,top 10%
ETHUSDT,2022-07-27,18.3,0–20,0.0,0.0,0.0,0.0,0.868,0.0,0.0,1.0,-0.010609,0,95.3,top 10%
ETHUSDT,2022-07-28,18.3,0–20,0.0,0.0,0.0,0.0,0.868,0.0,0.0,1.0,-0.06796,0,95.3,top 10%
ETHUSDT,2022-07-29,18.3,0–20,0.0,0.0,0.0,0.0,0.868,0.0,0.0,1.0,0.002806,1,95.3,top 10%
ETHUSDT,2022-07-30,18.3,0–20,0.0,0.0,0.0,0.0,0.868,0.0,0.0,1.0,-0.002542,0,95.3,top 10%
ETHUSDT,2022-07-31,18.3,0–20,0.0,0.0,0.0,0.0,0.868,0.0,0.0,1.0,0.010606,1,95.3,top 10%
ETHUSDT,2022-08-01,7.0,0–20,0.0,0.0,0.0,0.0,0.0,0.0,0.0,1.0,0.085813,1,31.3,bottom 50%
ETHUSDT,2022-08-02,7.0,0–20,0.0,0.0,0.0,0.0,0.0,0.0,0.0,1.0,0.042916,1,31.3,bottom 50%
ETHUSDT,2022-08-03,7.0,0–20,0.0,0.0,0.0,0.0,0.0,0.0,0.0,1.0,0.143846,1,31.3,bottom 50%
ETHUSDT,2022-08-04,7.0,0–20,0.0,0.0,0.0,0.0,0.0,0.0,0.0,1.0,0.169766,1,31.3,bottom 50%
ETHUSDT,2022-08-05,7.0,0–20,0.0,0.0,0.0,0.0,0.0,0.0,0.0,1.0,0.129884,1,31.3,bottom 50%
ETHUSDT,2022-08-06,7.0,0–20,0.0,0.0,0.0,0.0,0.0,0.0,0.0,1.0,0.171239,1,31.3,bottom 50%
ETHUSDT,2022-08-07,1.3,0–20,0.0,0.0,0.0,0.0,0.0,0.0,0.0,0.1787,0.139731,1,8.1,bottom 50%
ETHUSDT,2022-08-08,1.9,0–20,0.0,0.0,0.0,0.0,0.0,0.0,0.0,0.2697,0.072493,1,10.4,bottom 50%
ETHUSDT,2022-08-09,2.1,0–20,0.0,0.0,0.0,0.0,0.0,0.0,0.0,0.3065,0.102825,1,11.1,bottom 50%
ETHUSDT,2022-08-10,3.7,0–20,0.0,0.0,0.0,0.0,0.0,0.0,0.0,0.5271,-0.010122,0,17.4,bottom 50%
ETHUSDT,2022-08-11,3.9,0–20,0.0,0.0,0.0,0.0,0.0,0.0,0.0,0.5579,-0.018188,0,18.2,bottom 50%
ETHUSDT,2022-08-12,3.9,0–20,0.0,0.0,0.0,0.0,0.0,0.0,0.0,0.5578,-0.17589,0,18.2,bottom 50%
ETHUSDT,2022-08-13,4.3,0–20,0.0,0.0,0.0,0.0,0.0,0.0,0.0,0.6141,-0.204071,0,19.7,bottom 50%
ETHUSDT,2022-08-14,7.0,0–20,0.0,0.0,0.0,0.0,0.0,0.0,0.0,1.0,-0.163921,0,31.3,bottom 50%
ETHUSDT,2022-08-15,7.0,0–20,0.0,0.0,0.0,0.0,0.0,0.0,0.0,1.0,-0.147946,0,31.3,bottom 50%
ETHUSDT,2022-08-16,5.2,0–20,0.0,0.0,0.0,0.0,0.0,0.0,0.0,0.7474,-0.114672,0,23.3,bottom 50%
ETHUSDT,2022-08-17,4.4,0–20,0.0,0.0,0.0,0.0,0.0,0.0,0.0,0.629,-0.095985,0,20.1,bottom 50%
ETHUSDT,2022-08-18,4.8,0–20,0.0,0.0,0.0,0.0,0.0,0.0,0.0,0.6852,-0.081511,0,21.7,bottom 50%
ETHUSDT,2022-08-19,11.5,0–20,0.1356,0.0,0.0,0.0,0.0,0.0,0.6687,0.5913,-0.065223,0,59.4,top 50%
ETHUSDT,2022-08-20,7.3,0–20,0.1725,0.0,0.0,0.0,0.0,0.0,0.0,0.5484,-0.054286,0,34.5,bottom 50%
ETHUSDT,2022-08-21,6.7,0–20,0.1123,0.0,0.0,0.0,0.0,0.0,0.0,0.6405,-0.116575,0,28.0,bottom 50%
ETHUSDT,2022-08-22,5.9,0–20,0.1077,0.0,0.0,0.0,0.0,0.0,0.0,0.5422,-0.042816,0,25.9,bottom 50%
ETHUSDT,2022-08-23,5.4,0–20,0.0485,0.0,0.0,0.0,0.0,0.0,0.0,0.6343,-0.083554,0,24.1,bottom 50%
ETHUSDT,2022-08-24,1.2,0–20,0.0562,0.0,0.0,0.0,0.0,0.0,0.0,0.0153,-0.062384,0,7.7,bottom 50%
ETHUSDT,2022-08-25,0.0,0–20,0.0,0.0,0.0,0.0,0.0,0.0,0.0,0.0,-0.065006,0,1.9,bottom 50%
ETHUSDT,2022-08-26,8.1,0–20,0.2235,0.0,0.0,0.0,0.0,0.0,0.5122,0.0,0.046053,1,39.2,bottom 50%
ETHUSDT,2022-08-27,4.8,0–20,0.2396,0.0,0.0,0.0,0.0,0.0,0.0,0.0,0.043904,1,21.7,bottom 50%
ETHUSDT,2022-08-28,6.0,0–20,0.2978,0.0,0.0,0.0,0.0,0.0,0.0,0.0,0.102824,1,26.1,bottom 50%
ETHUSDT,2022-08-29,2.3,0–20,0.1131,0.0,0.0,0.0,0.0,0.0,0.0,0.0,0.041303,1,12.0,bottom 50%
ETHUSDT,2022-08-30,2.9,0–20,0.1443,0.0,0.0,0.0,0.0,0.0,0.0,0.0,0.024878,1,13.9,bottom 50%
ETHUSDT,2022-08-31,2.0,0–20,0.1016,0.0,0.0,0.0,0.0,0.0,0.0,0.0,0.049058,1,10.7,bottom 50%
ETHUSDT,2022-09-01,1.1,0–20,0.0553,0.0,0.0,0.0,0.0,0.0,0.0,0.0,0.031,1,7.2,bottom 50%
ETHUSDT,2022-09-02,1.3,0–20,0.067,0.0,0.0,0.0,0.0,0.0,0.0,0.0,0.089946,1,8.1,bottom 50%
ETHUSDT,2022-09-03,1.9,0–20,0.0942,0.0,0.0,0.0,0.0,0.0,0.0,0.0,0.140879,1,10.4,bottom 50%
ETHUSDT,2022-09-04,1.2,0–20,0.0602,0.0,0.0,0.0,0.0,0.0,0.0,0.0,0.11673,1,7.7,bottom 50%
ETHUSDT,2022-09-05,0.0,0–20,0.0,0.0,0.0,0.0,0.0,0.0,0.0,0.0,0.059722,1,1.9,bottom 50%
ETHUSDT,2022-09-06,1.6,0–20,0.0799,0.0,0.0,0.0,0.0,0.0,0.0,0.0,0.012191,1,9.4,bottom 50%
ETHUSDT,2022-09-07,0.0,0–20,0.0,0.0,0.0,0.0,0.0,0.0,0.0,0.0,0.002975,1,1.9,bottom 50%
ETHUSDT,2022-09-08,0.0,0–20,0.0,0.0,0.0,0.0,0.0,0.0,0.0,0.0,-0.100073,0,1.9,bottom 50%
ETHUSDT,2022-09-09,0.0,0–20,0.0,0.0,0.0,0.0,0.0,0.0,0.0,0.0022,-0.166738,0,1.9,bottom 50%
ETHUSDT,2022-09-10,0.0,0–20,0.0,0.0,0.0,0.0,0.0,0.0,0.0,0.0,-0.172538,0,1.9,bottom 50%
ETHUSDT,2022-09-11,0.0,0–20,0.0,0.0,0.0,0.0,0.0,0.0,0.0,0.0,-0.242065,0,1.9,bottom 50%
ETHUSDT,2022-09-12,0.0,0–20,0.0,0.0,0.0,0.0,0.0,0.0,0.0,0.0,-0.19619,0,1.9,bottom 50%
ETHUSDT,2022-09-13,5.3,0–20,0.0893,0.0,0.0,0.0,0.0,0.0,0.4983,0.0,-0.162197,0,23.6,bottom 50%
ETHUSDT,2022-09-14,0.6,0–20,0.0102,0.0,0.0,0.0,0.0,0.0,0.0,0.0634,-0.233764,0,5.2,bottom 50%
ETHUSDT,2022-09-15,14.0,0–20,0.1993,0.0,0.0,0.0,0.0,0.0,0.6969,0.7375,-0.097856,0,73.9,top 50%
ETHUSDT,2022-09-16,9.9,0–20,0.2371,0.0,0.0,0.0,0.0,0.0,0.0,0.7371,-0.072734,0,46.6,bottom 50%
ETHUSDT,2022-09-17,9.5,0–20,0.1801,0.0,0.0,0.0,0.0,0.0,0.0,0.8489,-0.103248,0,45.0,bottom 50%
ETHUSDT,2022-09-18,8.0,0–20,0.3044,0.0948,0.0,0.0,0.0,0.0,0.0,0.0755,-0.030788,0,38.5,bottom 50%
ETHUSDT,2022-09-19,7.0,0–20,0.2408,0.0,0.0,0.0,0.0,0.0,0.0,0.3067,-0.03065,0,31.3,bottom 50%
ETHUSDT,2022-09-20,5.8,0–20,0.2879,0.0,0.0,0.0,0.0,0.0,0.0,0.0,0.004334,1,25.5,bottom 50%
ETHUSDT,2022-09-21,6.9,0–20,0.3468,0.0,0.0,0.0,0.0,0.0,0.0,0.0,0.067701,1,28.4,bottom 50%
ETHUSDT,2022-09-22,4.6,0–20,0.232,0.0,0.0,0.0,0.0,0.0,0.0,0.0,0.006005,1,20.9,bottom 50%
ETHUSDT,2022-09-23,4.6,0–20,0.2311,0.0,0.0,0.0,0.0,0.0,0.0,0.0,-0.000211,0,20.9,bottom 50%
ETHUSDT,2022-09-24,4.8,0–20,0.2414,0.0,0.0,0.0,0.0,0.0,0.0,0.0,-0.004817,0,21.7,bottom 50%
ETHUSDT,2022-09-25,5.3,0–20,0.2658,0.0,0.0,0.0,0.0,0.0,0.0,0.0,-0.014003,0,23.6,bottom 50%
ETHUSDT,2022-09-26,3.9,0–20,0.1942,0.0,0.0,0.0,0.0,0.0,0.0,0.0,-0.008897,0,18.2,bottom 50%
ETHUSDT,2022-09-27,4.0,0–20,0.2004,0.0,0.0,0.0,0.0,0.0,0.0,0.0,0.024057,1,18.8,bottom 50%
ETHUSDT,2022-09-28,3.7,0–20,0.1867,0.0,0.0,0.0,0.0,0.0,0.0,0.0,0.011534,1,17.4,bottom 50%
ETHUSDT,2022-09-29,3.8,0–20,0.1891,0.0,0.0,0.0,0.0,0.0,0.0,0.0,0.012022,1,17.8,bottom 50%
ETHUSDT,2022-09-30,4.0,0–20,0.2002,0.0,0.0,0.0,0.0,0.0,0.0,0.0,0.003417,1,18.8,bottom 50%
ETHUSDT,2022-10-01,12.1,0–20,0.2246,0.0,0.0,0.0,0.5845,0.0,0.0,0.0,0.00294,1,62.9,top 50%
ETHUSDT,2022-10-02,13.1,0–20,0.2762,0.0,0.0,0.0,0.5845,0.0,0.0,0.0,0.036448,1,68.9,top 50%
ETHUSDT,2022-10-03,10.9,0–20,0.1649,0.0,0.0,0.0,0.5845,0.0,0.0,0.0,-0.024256,0,54.3,top 50%
ETHUSDT,2022-10-04,9.2,0–20,0.0819,0.0,0.0,0.0,0.5845,0.0,0.0,0.0,-0.060604,0,43.9,bottom 50%
ETHUSDT,2022-10-05,9.6,0–20,0.0985,0.0,0.0,0.0,0.5845,0.0,0.0,0.0,-0.042822,0,45.4,bottom 50%
ETHUSDT,2022-10-06,9.6,0–20,0.1006,0.0,0.0,0.0,0.5845,0.0,0.0,0.0,-0.047041,0,45.4,bottom 50%
ETHUSDT,2022-10-07,10.4,0–20,0.1379,0.0,0.0,0.0,0.5845,0.0,0.0,0.0,-0.026337,0,51.5,top 50%
ETHUSDT,2022-10-08,11.0,0–20,0.1708,0.0,0.0,0.0,0.5845,0.0,0.0,0.0,-0.030885,0,55.0,top 50%
ETHUSDT,2022-10-09,10.6,0–20,0.1511,0.0,0.0,0.0,0.5845,0.0,0.0,0.0,-0.01233,0,52.6,top 50%
ETHUSDT,2022-10-10,12.6,0–20,0.2138,0.0,0.0,0.0,0.5845,0.0,0.0,0.1025,0.031267,1,65.8,top 50%
ETHUSDT,2022-10-11,15.0,0–20,0.2366,0.0,0.0,0.0,0.5845,0.0,0.0,0.3745,0.024126,1,81.2,top 25%
ETHUSDT,2022-10-12,11.5,0–20,0.1882,0.0,0.0,0.0,0.5845,0.0,0.0,0.0177,-0.007075,0,59.4,top 50%
ETHUSDT,2022-10-13,11.7,0–20,0.203,0.0,0.0,0.0,0.5845,0.0,0.0,0.0,-0.003822,0,60.5,top 50%
ETHUSDT,2022-10-14,11.1,0–20,0.1713,0.0,0.0,0.0,0.5845,0.0,0.0,0.0172,0.001946,1,55.6,top 50%
ETHUSDT,2022-10-15,12.1,0–20,0.2247,0.0,0.0,0.0,0.5845,0.0,0.0,0.0,0.030927,1,62.9,top 50%
ETHUSDT,2022-10-16,9.9,0–20,0.1168,0.0,0.0,0.0,0.5845,0.0,0.0,0.0,0.04375,1,46.6,bottom 50%
ETHUSDT,2022-10-17,8.3,0–20,0.0372,0.0,0.0,0.0,0.5845,0.0,0.0,0.0,0.009976,1,40.3,bottom 50%
ETHUSDT,2022-10-18,9.5,0–20,0.0953,0.0,0.0,0.0,0.5845,0.0,0.0,0.0,0.115395,1,45.0,bottom 50%
ETHUSDT,2022-10-19,10.8,0–20,0.1588,0.0,0.0,0.0,0.5845,0.0,0.0,0.0,0.218412,1,53.7,top 50%
ETHUSDT,2022-10-20,10.9,0–20,0.1653,0.0,0.0,0.0,0.5845,0.0,0.0,0.0,0.180154,1,54.3,top 50%
ETHUSDT,2022-10-21,9.7,0–20,0.1048,0.0,0.0,0.0,0.5845,0.0,0.0,0.0,0.196571,1,45.8,bottom 50%
ETHUSDT,2022-10-22,10.2,0–20,0.0543,0.0,0.0,0.0,0.5845,0.0,0.0,0.2151,0.232367,1,48.9,bottom 50%
ETHUSDT,2022-10-23,7.6,0–20,0.0,0.0,0.0,0.0,0.5845,0.0,0.0,0.0,0.166736,1,35.8,bottom 50%
ETHUSDT,2022-10-24,7.6,0–20,0.0,0.0,0.0,0.0,0.5845,0.0,0.0,0.0,0.169306,1,35.8,bottom 50%
ETHUSDT,2022-10-25,7.6,0–20,0.0,0.0,0.0,0.0,0.5845,0.0,0.0,0.0,0.080757,1,35.8,bottom 50%
ETHUSDT,2022-10-26,7.6,0–20,0.0,0.0,0.0,0.0,0.5845,0.0,0.0,0.0,-0.029909,0,35.8,bottom 50%
ETHUSDT,2022-10-27,7.6,0–20,0.0,0.0,0.0,0.0,0.5845,0.0,0.0,0.0,0.011336,1,35.8,bottom 50%
ETHUSDT,2022-10-28,9.1,0–20,0.0,0.0,0.0,0.0,0.5845,0.0,0.0,0.2079,0.057613,1,43.6,bottom 50%
ETHUSDT,2022-10-29,8.3,0–20,0.0,0.0,0.0,0.0,0.5845,0.0,0.0,0.102,0.005106,1,40.3,bottom 50%
ETHUSDT,2022-10-30,12.6,0–20,0.0,0.0,0.0,0.0,0.5845,0.0,0.0,0.7178,-0.01166,0,65.8,top 50%
ETHUSDT,2022-10-31,14.6,0–20,0.0,0.0,0.0,0.0,0.5845,0.0,0.0,1.0,-0.002622,0,77.5,top 25%
ETHUSDT,2022-11-01,6.2,0–20,0.0,0.0,0.0,0.0,0.0,0.0,0.0,0.884,-0.156275,0,26.8,bottom 50%
ETHUSDT,2022-11-02,9.9,0–20,0.0,0.0,0.0,0.0,0.0,0.0,0.4127,1.0,-0.276067,0,46.6,bottom 50%
ETHUSDT,2022-11-03,7.0,0–20,0.0,0.0,0.0,0.0,0.0,0.0,0.0,1.0,-0.151532,0,31.3,bottom 50%
ETHUSDT,2022-11-04,7.0,0–20,0.0,0.0,0.0,0.0,0.0,0.0,0.0,1.0,-0.217539,0,31.3,bottom 50%
ETHUSDT,2022-11-05,7.0,0–20,0.0,0.0,0.0,0.0,0.0,0.0,0.0,1.0,-0.228936,0,31.3,bottom 50%
ETHUSDT,2022-11-06,6.5,0–20,0.0,0.0,0.0,0.0,0.0,0.0,0.0,0.9267,-0.222877,0,27.6,bottom 50%
ETHUSDT,2022-11-07,5.8,0–20,0.0,0.0,0.0,0.0,0.0,0.0,0.0,0.8241,-0.208459,0,25.5,bottom 50%
ETHUSDT,2022-11-08,17.1,0–20,0.2139,0.0,0.0,0.0,0.0,0.0,1.0,0.8318,-0.060847,0,91.4,top 10%
ETHUSDT,2022-11-09,25.3,20–40,0.4163,0.2242,0.0,0.0,0.0,0.0,1.0,0.943,0.104923,1,99.5,top 10%
ETHUSDT,2022-11-10,14.9,0–20,0.1445,0.0,0.0,0.0,0.0,0.0,0.7185,1.0,-0.075921,0,80.9,top 25%
ETHUSDT,2022-11-11,8.7,0–20,0.1552,0.0,0.0,0.0,0.0,0.0,0.0,0.8034,-0.058204,0,41.5,bottom 50%
ETHUSDT,2022-11-12,7.9,0–20,0.184,0.0,0.0,0.0,0.0,0.0,0.0,0.602,-0.02935,0,38.2,bottom 50%
ETHUSDT,2022-11-13,4.3,0–20,0.2141,0.0,0.0,0.0,0.0,0.0,0.0,0.0,-0.064946,0,19.7,bottom 50%
ETHUSDT,2022-11-14,3.7,0–20,0.1862,0.0,0.0,0.0,0.0,0.0,0.0,0.0,-0.107322,0,17.4,bottom 50%
ETHUSDT,2022-11-15,3.4,0–20,0.1714,0.0,0.0,0.0,0.0,0.0,0.0,0.0,-0.093121,0,16.0,bottom 50%
ETHUSDT,2022-11-16,4.2,0–20,0.2094,0.0,0.0,0.0,0.0,0.0,0.0,0.0,-0.026656,0,19.4,bottom 50%
ETHUSDT,2022-11-17,4.5,0–20,0.2251,0.0,0.0,0.0,0.0,0.0,0.0,0.0,0.002644,1,20.6,bottom 50%
ETHUSDT,2022-11-18,4.1,0–20,0.2051,0.0,0.0,0.0,0.0,0.0,0.0,0.0,-0.011032,0,19.1,bottom 50%
ETHUSDT,2022-11-19,3.9,0–20,0.1939,0.0,0.0,0.0,0.0,0.0,0.0,0.0,-0.010283,0,18.2,bottom 50%
ETHUSDT,2022-11-20,5.7,0–20,0.2828,0.0,0.0,0.0,0.0,0.0,0.0,0.0,0.046093,1,25.0,bottom 50%
ETHUSDT,2022-11-21,6.4,0–20,0.3191,0.0,0.0,0.0,0.0,0.0,0.0,0.0,0.055698,1,27.3,bottom 50%
ETHUSDT,2022-11-22,5.3,0–20,0.2649,0.0,0.0,0.0,0.0,0.0,0.0,0.0,0.071996,1,23.6,bottom 50%
ETHUSDT,2022-11-23,3.4,0–20,0.172,0.0,0.0,0.0,0.0,0.0,0.0,0.0,0.095072,1,16.0,bottom 50%
ETHUSDT,2022-11-24,2.7,0–20,0.1332,0.0,0.0,0.0,0.0,0.0,0.0,0.0,0.060043,1,13.1,bottom 50%
ETHUSDT,2022-11-25,2.8,0–20,0.1406,0.0,0.0,0.0,0.0,0.0,0.0,0.0,0.079552,1,13.5,bottom 50%
ETHUSDT,2022-11-26,2.5,0–20,0.1262,0.0,0.0,0.0,0.0,0.0,0.0,0.0,0.031045,1,12.6,bottom 50%
ETHUSDT,2022-11-27,2.9,0–20,0.1442,0.0,0.0,0.0,0.0,0.0,0.0,0.0,0.071231,1,13.9,bottom 50%
ETHUSDT,2022-11-28,3.7,0–20,0.1861,0.0,0.0,0.0,0.0,0.0,0.0,0.0,0.076568,1,17.4,bottom 50%
ETHUSDT,2022-11-29,4.9,0–20,0.0797,0.0,0.0,0.0,0.0,0.0,0.0,0.4769,0.044993,1,22.2,bottom 50%
ETHUSDT,2022-11-30,0.0,0–20,0.0,0.0,0.0,0.0,0.0,0.0,0.0,0.0,-0.048817,0,1.9,bottom 50%
ETHUSDT,2022-12-01,8.8,0–20,0.0,0.0,0.0,0.0,0.6747,0.0,0.0,0.0,0.003794,1,42.3,bottom 50%
ETHUSDT,2022-12-02,8.8,0–20,0.0,0.0,0.0,0.0,0.6747,0.0,0.0,0.0,-0.023193,0,42.3,bottom 50%
ETHUSDT,2022-12-03,9.5,0–20,0.0352,0.0,0.0,0.0,0.6747,0.0,0.0,0.0,0.018538,1,45.0,bottom 50%
ETHUSDT,2022-12-04,8.8,0–20,0.0,0.0,0.0,0.0,0.6747,0.0,0.0,0.0,-0.012801,0,42.3,bottom 50%
ETHUSDT,2022-12-05,10.1,0–20,0.0049,0.0,0.0,0.0,0.6747,0.0,0.0,0.1707,0.011862,1,48.0,bottom 50%
ETHUSDT,2022-12-06,10.5,0–20,0.0,0.0,0.0,0.0,0.6747,0.0,0.0,0.2486,0.03845,1,52.1,top 50%
ETHUSDT,2022-12-07,12.6,0–20,0.0611,0.0,0.0,0.0,0.6747,0.0,0.0,0.3707,0.06239,1,65.8,top 50%
ETHUSDT,2022-12-08,9.7,0–20,0.0,0.0,0.0,0.0,0.6747,0.0,0.0,0.1319,-0.011523,0,45.8,bottom 50%
ETHUSDT,2022-12-09,10.5,0–20,0.0,0.0,0.0,0.0,0.6747,0.0,0.0,0.2506,-0.075952,0,52.1,top 50%
ETHUSDT,2022-12-10,12.4,0–20,0.0,0.0,0.0,0.0,0.6747,0.0,0.0,0.5157,-0.061778,0,64.7,top 50%
ETHUSDT,2022-12-11,13.9,0–20,0.0,0.0,0.0,0.0,0.6747,0.0,0.0,0.7322,-0.062628,0,73.4,top 50%
ETHUSDT,2022-12-12,11.9,0–20,0.0,0.0,0.0,0.0,0.6747,0.0,0.0,0.4431,-0.083954,0,61.7,top 50%
ETHUSDT,2022-12-13,11.8,0–20,0.0,0.0,0.0,0.0,0.6747,0.0,0.0,0.4265,-0.077881,0,61.1,top 50%
ETHUSDT,2022-12-14,10.6,0–20,0.0,0.0,0.0,0.0,0.6747,0.0,0.0,0.2593,-0.073113,0,52.6,top 50%
ETHUSDT,2022-12-15,10.9,0–20,0.0099,0.0,0.0,0.0,0.6747,0.0,0.0,0.2813,-0.03804,0,54.3,top 50%
ETHUSDT,2022-12-16,19.2,0–20,0.2093,0.0407,0.0,0.0,0.6747,0.0,0.5849,0.2222,0.044425,1,97.0,top 10%
ETHUSDT,2022-12-17,14.1,0–20,0.1584,0.0,0.0,0.0,0.6747,0.0,0.0,0.31,0.027773,1,74.6,top 50%
ETHUSDT,2022-12-18,16.1,0–20,0.1649,0.0,0.0,0.0,0.6747,0.0,0.0,0.5768,0.028907,1,88.2,top 25%
ETHUSDT,2022-12-19,15.1,0–20,0.1984,0.0,0.0,0.0,0.6747,0.0,0.0,0.3387,0.050843,1,82.4,top 25%
ETHUSDT,2022-12-20,10.1,0–20,0.064,0.0,0.0,0.0,0.6747,0.0,0.0,0.0,-0.004034,0,48.0,bottom 50%
ETHUSDT,2022-12-21,10.2,0–20,0.0732,0.0,0.0,0.0,0.6747,0.0,0.0,0.0,-0.019458,0,48.9,bottom 50%
ETHUSDT,2022-12-22,10.0,0–20,0.0607,0.0,0.0,0.0,0.6747,0.0,0.0,0.0,-0.013616,0,47.1,bottom 50%
ETHUSDT,2022-12-23,9.9,0–20,0.055,0.0,0.0,0.0,0.6747,0.0,0.0,0.0,-0.017151,0,46.6,bottom 50%
ETHUSDT,2022-12-24,9.8,0–20,0.052,0.0,0.0,0.0,0.6747,0.0,0.0,0.0,-0.019963,0,46.2,bottom 50%
ETHUSDT,2022-12-25,9.9,0–20,0.0584,0.0,0.0,0.0,0.6747,0.0,0.0,0.0,-0.014764,0,46.6,bottom 50%
ETHUSDT,2022-12-26,9.4,0–20,0.0307,0.0,0.0,0.0,0.6747,0.0,0.0,0.0,-0.010039,0,44.6,bottom 50%
ETHUSDT,2022-12-27,10.3,0–20,0.0769,0.0,0.0,0.0,0.6747,0.0,0.0,0.0,0.001639,1,50.2,top 50%
ETHUSDT,2022-12-28,11.7,0–20,0.1472,0.0,0.0,0.0,0.6747,0.0,0.0,0.0,0.055917,1,60.5,top 50%
ETHUSDT,2022-12-29,10.8,0–20,0.1012,0.0,0.0,0.0,0.6747,0.0,0.0,0.0,0.040649,1,53.7,top 50%
ETHUSDT,2022-12-30,11.0,0–20,0.109,0.0,0.0,0.0,0.6747,0.0,0.0,0.0,0.058493,1,55.0,top 50%
ETHUSDT,2022-12-31,11.1,0–20,0.1177,0.0,0.0,0.0,0.6747,0.0,0.0,0.0,0.056401,1,55.6,top 50%
ETHUSDT,2023-01-01,2.0,0–20,0.0982,0.0,0.0,0.0,0.0,0.0,0.0,0.0,0.071938,1,10.7,bottom 50%
ETHUSDT,2023-01-02,0.7,0–20,0.0346,0.0,0.0,0.0,0.0,0.0,0.0,0.0,0.087994,1,5.7,bottom 50%
ETHUSDT,2023-01-03,0.7,0–20,0.0341,0.0,0.0,0.0,0.0,0.0,0.0,0.0,0.100271,1,5.7,bottom 50%
ETHUSDT,2023-01-04,0.0,0–20,0.0,0.0,0.0,0.0,0.0,0.0,0.0,0.0,0.104579,1,1.9,bottom 50%
ETHUSDT,2023-01-05,0.9,0–20,0.0,0.0,0.0,0.0,0.0,0.0,0.0,0.1275,0.133953,1,6.7,bottom 50%
ETHUSDT,2023-01-06,0.4,0–20,0.0,0.0,0.0,0.0,0.0,0.0,0.0,0.057,0.143563,1,4.6,bottom 50%
ETHUSDT,2023-01-07,0.9,0–20,0.0,0.0,0.0,0.0,0.0,0.0,0.0,0.1315,0.226563,1,6.7,bottom 50%
ETHUSDT,2023-01-08,1.5,0–20,0.0,0.0,0.0,0.0,0.0,0.0,0.0,0.2141,0.205941,1,9.0,bottom 50%
ETHUSDT,2023-01-09,1.2,0–20,0.0,0.0,0.0,0.0,0.0,0.0,0.0,0.1677,0.19318,1,7.7,bottom 50%
ETHUSDT,2023-01-10,1.1,0–20,0.0,0.0,0.0,0.0,0.0,0.0,0.0,0.1622,0.173023,1,7.2,bottom 50%
ETHUSDT,2023-01-11,1.6,0–20,0.0,0.0,0.0,0.0,0.0,0.0,0.0,0.2298,0.091917,1,9.4,bottom 50%
ETHUSDT,2023-01-12,1.4,0–20,0.0,0.0,0.0,0.0,0.0,0.0,0.0,0.2027,0.094939,1,8.5,bottom 50%
ETHUSDT,2023-01-13,2.1,0–20,0.0,0.0,0.0,0.0,0.0,0.0,0.0,0.3057,0.143385,1,11.1,bottom 50%
ETHUSDT,2023-01-14,3.5,0–20,0.0,0.0,0.0,0.0,0.0,0.0,0.0,0.4937,0.049275,1,16.7,bottom 50%
ETHUSDT,2023-01-15,3.6,0–20,0.0,0.0,0.0,0.0,0.0,0.0,0.0,0.5188,0.048891,1,17.1,bottom 50%
ETHUSDT,2023-01-16,5.7,0–20,0.0,0.0,0.0,0.0,0.0,0.0,0.0,0.8203,0.032608,1,25.0,bottom 50%
ETHUSDT,2023-01-17,7.0,0–20,0.0,0.0,0.0,0.0,0.0,0.0,0.0,1.0,-0.00717,0,31.3,bottom 50%
ETHUSDT,2023-01-18,9.7,0–20,0.0,0.0,0.0,0.0,0.0,0.0,0.3884,1.0,0.06348,1,45.8,bottom 50%
ETHUSDT,2023-01-19,7.0,0–20,0.0,0.0,0.0,0.0,0.0,0.0,0.0,1.0,0.032559,1,31.3,bottom 50%
ETHUSDT,2023-01-20,7.0,0–20,0.0,0.0,0.0,0.0,0.0,0.0,0.0,1.0,-0.037113,0,31.3,bottom 50%
ETHUSDT,2023-01-21,7.0,0–20,0.0,0.0,0.0,0.0,0.0,0.0,0.0,1.0,-0.033607,0,31.3,bottom 50%
ETHUSDT,2023-01-22,7.0,0–20,0.0,0.0,0.0,0.0,0.0,0.0,0.0,1.0,0.010915,1,31.3,bottom 50%
ETHUSDT,2023-01-23,7.0,0–20,0.0,0.0,0.0,0.0,0.0,0.0,0.0,1.0,-0.037417,0,31.3,bottom 50%
ETHUSDT,2023-01-24,7.0,0–20,0.0,0.0,0.0,0.0,0.0,0.0,0.0,1.0,0.019228,1,31.3,bottom 50%
ETHUSDT,2023-01-25,7.0,0–20,0.0,0.0,0.0,0.0,0.0,0.0,0.0,1.0,0.018664,1,31.3,bottom 50%
ETHUSDT,2023-01-26,7.0,0–20,0.0,0.0,0.0,0.0,0.0,0.0,0.0,1.0,0.025036,1,31.3,bottom 50%
ETHUSDT,2023-01-27,7.0,0–20,0.0,0.0,0.0,0.0,0.0,0.0,0.0,1.0,0.041666,1,31.3,bottom 50%
ETHUSDT,2023-01-28,7.0,0–20,0.0,0.0,0.0,0.0,0.0,0.0,0.0,1.0,0.060177,1,31.3,bottom 50%
ETHUSDT,2023-01-29,6.6,0–20,0.0,0.0,0.0,0.0,0.0,0.0,0.0,0.9405,-0.008814,0,27.8,bottom 50%
ETHUSDT,2023-01-30,7.0,0–20,0.0,0.0,0.0,0.0,0.0,0.0,0.0,1.0,0.031213,1,31.3,bottom 50%
ETHUSDT,2023-01-31,5.4,0–20,0.0,0.0,0.0,0.0,0.0,0.0,0.0,0.7671,0.053871,1,24.1,bottom 50%
ETHUSDT,2023-02-01,12.7,0–20,0.0,0.0,0.0,0.0,0.6242,0.0,0.0,0.6528,0.005436,1,66.4,top 50%
ETHUSDT,2023-02-02,11.2,0–20,0.0,0.0,0.0,0.0,0.6242,0.0,0.0,0.4349,-0.05891,0,56.2,top 50%
ETHUSDT,2023-02-03,10.3,0–20,0.0,0.0,0.0,0.0,0.6242,0.0,0.0,0.3112,-0.09003,0,50.2,top 50%
ETHUSDT,2023-02-04,8.5,0–20,0.0,0.0,0.0,0.0,0.6242,0.0,0.0,0.0509,-0.076262,0,40.9,bottom 50%
ETHUSDT,2023-02-05,8.3,0–20,0.0,0.0,0.0,0.0,0.6242,0.0,0.0,0.0316,-0.071469,0,40.3,bottom 50%
ETHUSDT,2023-02-06,9.7,0–20,0.0,0.0,0.0,0.0,0.6242,0.0,0.0,0.2322,-0.06749,0,45.8,bottom 50%
ETHUSDT,2023-02-07,11.1,0–20,0.0,0.0,0.0,0.0,0.6242,0.0,0.0,0.4288,-0.068857,0,55.6,top 50%
ETHUSDT,2023-02-08,10.6,0–20,0.0,0.0,0.0,0.0,0.6242,0.0,0.0,0.3583,0.013951,1,52.6,top 50%
ETHUSDT,2023-02-09,9.3,0–20,0.0519,0.0,0.0,0.0,0.6242,0.0,0.0,0.0204,0.060545,1,44.2,bottom 50%
ETHUSDT,2023-02-10,11.6,0–20,0.1116,0.0783,0.0,0.0,0.6242,0.0,0.0,0.0129,0.118765,1,59.9,top 50%
ETHUSDT,2023-02-11,9.2,0–20,0.0548,0.0,0.0,0.0,0.6242,0.0,0.0,0.0,0.098636,1,43.9,bottom 50%
ETHUSDT,2023-02-12,11.0,0–20,0.1038,0.0,0.0,0.0,0.6242,0.0,0.0,0.1217,0.109834,1,55.0,top 50%
ETHUSDT,2023-02-13,12.4,0–20,0.1194,0.0,0.0,0.0,0.6242,0.0,0.0,0.276,0.12972,1,64.7,top 50%
ETHUSDT,2023-02-14,8.1,0–20,0.0012,0.0,0.0,0.0,0.6242,0.0,0.0,0.0,0.064977,1,39.2,bottom 50%
ETHUSDT,2023-02-15,8.1,0–20,0.0,0.0,0.0,0.0,0.6242,0.0,0.0,0.0,-0.018231,0,39.2,bottom 50%
ETHUSDT,2023-02-16,8.1,0–20,0.0,0.0,0.0,0.0,0.6242,0.0,0.0,0.0,0.006711,1,39.2,bottom 50%
ETHUSDT,2023-02-17,8.1,0–20,0.0,0.0,0.0,0.0,0.6242,0.0,0.0,0.0,-0.050986,0,39.2,bottom 50%
ETHUSDT,2023-02-18,8.1,0–20,0.0,0.0,0.0,0.0,0.6242,0.0,0.0,0.0,-0.057278,0,39.2,bottom 50%
ETHUSDT,2023-02-19,8.1,0–20,0.0,0.0,0.0,0.0,0.6242,0.0,0.0,0.0,-0.024157,0,39.2,bottom 50%
ETHUSDT,2023-02-20,10.1,0–20,0.0,0.0,0.0,0.0,0.6242,0.0,0.0,0.2796,-0.040142,0,48.0,bottom 50%
ETHUSDT,2023-02-21,8.1,0–20,0.0,0.0,0.0,0.0,0.6242,0.0,0.0,0.0,-0.031448,0,39.2,bottom 50%
ETHUSDT,2023-02-22,9.2,0–20,0.0,0.0,0.0,0.0,0.6242,0.0,0.0,0.1521,0.012294,1,43.9,bottom 50%
ETHUSDT,2023-02-23,8.7,0–20,0.0,0.0,0.0,0.0,0.6242,0.0,0.0,0.0794,-0.002274,0,41.5,bottom 50%
ETHUSDT,2023-02-24,8.6,0–20,0.0077,0.0,0.0,0.0,0.6242,0.0,0.0,0.0412,-0.024376,0,41.2,bottom 50%
ETHUSDT,2023-02-25,10.3,0–20,0.0381,0.0,0.0,0.0,0.6242,0.0,0.0,0.2039,-0.01755,0,50.2,top 50%
ETHUSDT,2023-02-26,9.0,0–20,0.0,0.0,0.0,0.0,0.6242,0.0,0.0,0.1279,-0.046531,0,43.2,bottom 50%
ETHUSDT,2023-02-27,8.1,0–20,0.0,0.0,0.0,0.0,0.6242,0.0,0.0,0.0,-0.040951,0,39.2,bottom 50%
ETHUSDT,2023-02-28,8.5,0–20,0.0194,0.0,0.0,0.0,0.6242,0.0,0.0,0.0011,-0.027375,0,40.9,bottom 50%
ETHUSDT,2023-03-01,11.7,0–20,0.0,0.0,0.0,0.0,0.7906,0.0,0.0,0.2071,-0.077758,0,60.5,top 50%
ETHUSDT,2023-03-02,12.2,0–20,0.0,0.0,0.0,0.0,0.7906,0.0,0.0,0.2729,-0.126666,0,63.5,top 50%
ETHUSDT,2023-03-03,14.5,0–20,0.1036,0.0,0.0,0.0,0.7906,0.0,0.0,0.3133,-0.089225,0,76.9,top 25%
ETHUSDT,2023-03-04,15.1,0–20,0.1081,0.0,0.0,0.0,0.7906,0.0,0.0,0.3775,-0.053804,0,82.4,top 25%
ETHUSDT,2023-03-05,14.8,0–20,0.1133,0.0,0.0,0.0,0.7906,0.0,0.0,0.3191,0.016507,1,79.4,top 25%
ETHUSDT,2023-03-06,14.6,0–20,0.105,0.0,0.0,0.0,0.7906,0.0,0.0,0.3225,0.072037,1,77.5,top 25%
ETHUSDT,2023-03-07,12.6,0–20,0.1182,0.0,0.0,0.0,0.7906,0.0,0.0,0.0,0.09064,1,65.8,top 50%
ETHUSDT,2023-03-08,14.0,0–20,0.184,0.0,0.0,0.0,0.7906,0.0,0.0,0.0,0.079586,1,73.9,top 50%
ETHUSDT,2023-03-09,23.9,20–40,0.3602,0.2413,0.0,0.0,0.7906,0.0,0.4044,0.0,0.165817,1,99.3,top 10%
ETHUSDT,2023-03-10,23.6,20–40,0.3747,0.1115,0.0,0.0,0.7906,0.0,0.5943,0.0,0.254225,1,99.2,top 10%
ETHUSDT,2023-03-11,18.2,0–20,0.2089,0.0,0.0,0.0,0.7906,0.0,0.5396,0.0,0.18821,1,94.6,top 10%
ETHUSDT,2023-03-12,10.3,0–20,0.0,0.0,0.0,0.0,0.7906,0.0,0.0,0.0,0.122797,1,50.2,top 50%
ETHUSDT,2023-03-13,10.3,0–20,0.0,0.0,0.0,0.0,0.7906,0.0,0.0,0.0,0.032739,1,50.2,top 50%
ETHUSDT,2023-03-14,10.3,0–20,0.0,0.0,0.0,0.0,0.7906,0.0,0.0,0.0,0.060612,1,50.2,top 50%
ETHUSDT,2023-03-15,10.3,0–20,0.0,0.0,0.0,0.0,0.7906,0.0,0.0,0.0,0.049232,1,50.2,top 50%
ETHUSDT,2023-03-16,10.3,0–20,0.0,0.0,0.0,0.0,0.7906,0.0,0.0,0.0,0.082989,1,50.2,top 50%
ETHUSDT,2023-03-17,10.3,0–20,0.0,0.0,0.0,0.0,0.7906,0.0,0.0,0.0,-0.022561,0,50.2,top 50%
ETHUSDT,2023-03-18,11.2,0–20,0.0,0.0,0.0,0.0,0.7906,0.0,0.0,0.1262,-0.010158,0,56.2,top 50%
ETHUSDT,2023-03-19,11.8,0–20,0.0,0.0,0.0,0.0,0.7906,0.0,0.0,0.2218,-0.005544,0,61.1,top 50%
ETHUSDT,2023-03-20,11.4,0–20,0.0,0.0,0.0,0.0,0.7906,0.0,0.0,0.164,-0.011445,0,58.9,top 50%
ETHUSDT,2023-03-21,10.6,0–20,0.0,0.0,0.0,0.0,0.7906,0.0,0.0,0.0446,-0.018804,0,52.6,top 50%
ETHUSDT,2023-03-22,13.3,0–20,0.0,0.0,0.0,0.0,0.7906,0.0,0.0,0.4271,0.031815,1,70.1,top 50%
ETHUSDT,2023-03-23,14.7,0–20,0.0,0.0,0.0,0.0,0.7906,0.0,0.0,0.6324,-0.01303,0,78.0,top 25%
ETHUSDT,2023-03-24,15.1,0–20,0.0,0.0,0.0,0.0,0.7906,0.0,0.0,0.6846,0.03994,1,82.4,top 25%
ETHUSDT,2023-03-25,14.1,0–20,0.0,0.0,0.0,0.0,0.7906,0.0,0.0,0.5487,0.040198,1,74.6,top 50%
ETHUSDT,2023-03-26,15.5,0–20,0.0,0.0,0.0,0.0,0.7906,0.0,0.0,0.7504,0.011281,1,84.8,top 25%
ETHUSDT,2023-03-27,14.2,0–20,0.0,0.0,0.0,0.0,0.7906,0.0,0.0,0.5555,0.055283,1,75.3,top 25%
ETHUSDT,2023-03-28,16.6,0–20,0.0,0.0,0.0,0.0,0.7906,0.0,0.0,0.898,0.055404,1,89.4,top 25%
ETHUSDT,2023-03-29,17.3,0–20,0.0,0.0,0.0,0.0,0.7906,0.0,0.0,1.0,0.064759,1,93.0,top 10%
ETHUSDT,2023-03-30,17.3,0–20,0.0,0.0,0.0,0.0,0.7906,0.0,0.0,1.0,0.044728,1,93.0,top 10%
ETHUSDT,2023-03-31,17.3,0–20,0.0,0.0,0.0,0.0,0.7906,0.0,0.0,1.0,0.023937,1,93.0,top 10%
ETHUSDT,2023-04-01,13.0,0–20,0.0,0.0,0.0,0.0,0.7766,0.0,0.0,0.4161,0.019647,1,68.2,top 50%
ETHUSDT,2023-04-02,12.0,0–20,0.0,0.0,0.0,0.0,0.7766,0.0,0.0,0.2787,0.035462,1,62.3,top 50%
ETHUSDT,2023-04-03,12.0,0–20,0.0,0.0,0.0,0.0,0.7766,0.0,0.0,0.2652,0.055742,1,62.3,top 50%
ETHUSDT,2023-04-04,13.1,0–20,0.0,0.0,0.0,0.0,0.7766,0.0,0.0,0.4303,0.011323,1,68.9,top 50%
ETHUSDT,2023-04-05,13.3,0–20,0.0,0.0,0.0,0.0,0.7766,0.0,0.0,0.4523,0.006059,1,70.1,top 50%
ETHUSDT,2023-04-06,10.5,0–20,0.0,0.0,0.0,0.0,0.7766,0.0,0.0,0.0616,0.074596,1,52.1,top 50%
ETHUSDT,2023-04-07,10.8,0–20,0.0,0.0,0.0,0.0,0.7766,0.0,0.0,0.1004,0.126498,1,53.7,top 50%
ETHUSDT,2023-04-08,10.6,0–20,0.0,0.0,0.0,0.0,0.7766,0.0,0.0,0.0707,0.13137,1,52.6,top 50%
ETHUSDT,2023-04-09,12.8,0–20,0.0,0.0,0.0,0.0,0.7766,0.0,0.0,0.3885,0.140163,1,67.1,top 50%
ETHUSDT,2023-04-10,12.1,0–20,0.0,0.0,0.0,0.0,0.7766,0.0,0.0,0.2836,0.086351,1,62.9,top 50%
ETHUSDT,2023-04-11,12.8,0–20,0.0,0.0,0.0,0.0,0.7766,0.0,0.0,0.393,0.112223,1,67.1,top 50%
ETHUSDT,2023-04-12,11.1,0–20,0.0,0.0,0.0,0.0,0.7766,0.0,0.0,0.1395,0.008185,1,55.6,top 50%
ETHUSDT,2023-04-13,12.2,0–20,0.0,0.0,0.0,0.0,0.7766,0.0,0.0,0.3026,-0.03455,0,63.5,top 50%
ETHUSDT,2023-04-14,12.7,0–20,0.0,0.0,0.0,0.0,0.7766,0.0,0.0,0.3747,-0.119733,0,66.4,top 50%
ETHUSDT,2023-04-15,13.0,0–20,0.0,0.0,0.0,0.0,0.7766,0.0,0.0,0.4178,-0.104297,0,68.2,top 50%
ETHUSDT,2023-04-16,14.1,0–20,0.0,0.0,0.0,0.0,0.7766,0.0,0.0,0.5771,-0.121671,0,74.6,top 50%
ETHUSDT,2023-04-17,13.3,0–20,0.0,0.0,0.0,0.0,0.7766,0.0,0.0,0.4509,-0.112456,0,70.1,top 50%
ETHUSDT,2023-04-18,14.6,0–20,0.0,0.0,0.0,0.0,0.7766,0.0,0.0,0.6404,-0.112986,0,77.5,top 25%
ETHUSDT,2023-04-19,19.2,0–20,0.0,0.0,0.0,0.0,0.7766,0.0,0.5052,0.7938,-0.036066,0,97.0,top 10%
ETHUSDT,2023-04-20,14.9,0–20,0.0,0.0,0.0,0.0,0.7766,0.0,0.0,0.6892,-0.017658,0,80.9,top 25%
ETHUSDT,2023-04-21,17.1,0–20,0.0948,0.0,0.0,0.0,0.7766,0.0,0.0,0.7364,0.02298,1,91.4,top 10%
ETHUSDT,2023-04-22,16.1,0–20,0.0533,0.0,0.0,0.0,0.7766,0.0,0.0,0.7051,0.018508,1,88.2,top 25%
ETHUSDT,2023-04-23,16.6,0–20,0.0723,0.0,0.0,0.0,0.7766,0.0,0.0,0.7191,0.007982,1,89.4,top 25%
ETHUSDT,2023-04-24,13.3,0–20,0.1032,0.0,0.0,0.0,0.7766,0.0,0.0,0.1663,-0.005862,0,70.1,top 50%
ETHUSDT,2023-04-25,11.8,0–20,0.0561,0.0,0.0,0.0,0.7766,0.0,0.0,0.0855,0.002162,1,61.1,top 50%
ETHUSDT,2023-04-26,11.2,0–20,0.0565,0.0,0.0,0.0,0.7766,0.0,0.0,0.0,0.020405,1,56.2,top 50%
ETHUSDT,2023-04-27,10.3,0–20,0.0,0.0,0.0,0.0,0.7766,0.0,0.0,0.0235,-0.016284,0,50.2,top 50%
ETHUSDT,2023-04-28,10.4,0–20,0.005,0.0,0.0,0.0,0.7766,0.0,0.0,0.0345,0.054186,1,51.5,top 50%
ETHUSDT,2023-04-29,10.1,0–20,0.0,0.0,0.0,0.0,0.7766,0.0,0.0,0.0,-0.004555,0,48.0,bottom 50%
ETHUSDT,2023-04-30,10.9,0–20,0.0392,0.0,0.0,0.0,0.7766,0.0,0.0,0.0,-0.00205,0,54.3,top 50%
ETHUSDT,2023-05-01,10.4,0–20,0.1266,0.0,0.0,0.0,0.6016,0.0,0.0,0.0,0.009328,1,51.5,top 50%
ETHUSDT,2023-05-02,8.6,0–20,0.0387,0.0,0.0,0.0,0.6016,0.0,0.0,0.0,-0.011859,0,41.2,bottom 50%
ETHUSDT,2023-05-03,7.8,0–20,0.0,0.0,0.0,0.0,0.6016,0.0,0.0,0.0,-0.032683,0,37.5,bottom 50%
ETHUSDT,2023-05-04,8.3,0–20,0.0248,0.0,0.0,0.0,0.6016,0.0,0.0,0.0,-0.043251,0,40.3,bottom 50%
ETHUSDT,2023-05-05,7.8,0–20,0.0,0.0,0.0,0.0,0.6016,0.0,0.0,0.0,-0.093752,0,37.5,bottom 50%
ETHUSDT,2023-05-06,7.8,0–20,0.0,0.0,0.0,0.0,0.6016,0.0,0.0,0.0,-0.054787,0,37.5,bottom 50%
ETHUSDT,2023-05-07,8.6,0–20,0.0391,0.0,0.0,0.0,0.6016,0.0,0.0,0.0,-0.038747,0,41.2,bottom 50%
ETHUSDT,2023-05-08,9.4,0–20,0.0784,0.0,0.0,0.0,0.6016,0.0,0.0,0.0,-0.017032,0,44.6,bottom 50%
ETHUSDT,2023-05-09,9.4,0–20,0.0791,0.0,0.0,0.0,0.6016,0.0,0.0,0.0,-0.013243,0,44.6,bottom 50%
ETHUSDT,2023-05-10,10.5,0–20,0.0903,0.0,0.0,0.0,0.6016,0.0,0.0,0.1235,-0.01115,0,52.1,top 50%
ETHUSDT,2023-05-11,12.1,0–20,0.1702,0.0,0.0,0.0,0.6016,0.0,0.0,0.1283,0.002916,1,62.9,top 50%
ETHUSDT,2023-05-12,10.7,0–20,0.143,0.0,0.0,0.0,0.6016,0.0,0.0,0.0,0.002527,1,53.1,top 50%
ETHUSDT,2023-05-13,11.1,0–20,0.1646,0.0,0.0,0.0,0.6016,0.0,0.0,0.0,0.013564,1,55.6,top 50%
ETHUSDT,2023-05-14,11.0,0–20,0.1531,0.0,0.0,0.0,0.6016,0.0,0.0,0.0154,0.002238,1,55.0,top 50%
ETHUSDT,2023-05-15,10.0,0–20,0.1073,0.0,0.0,0.0,0.6016,0.0,0.0,0.0,-8e-06,0,47.1,bottom 50%
ETHUSDT,2023-05-16,9.6,0–20,0.0893,0.0,0.0,0.0,0.6016,0.0,0.0,0.0,0.016588,1,45.4,bottom 50%
ETHUSDT,2023-05-17,9.7,0–20,0.0948,0.0,0.0,0.0,0.6016,0.0,0.0,0.0,-0.011944,0,45.8,bottom 50%
ETHUSDT,2023-05-18,10.7,0–20,0.1438,0.0,0.0,0.0,0.6016,0.0,0.0,0.0,0.002345,1,53.1,top 50%
ETHUSDT,2023-05-19,10.0,0–20,0.1089,0.0,0.0,0.0,0.6016,0.0,0.0,0.0,0.008882,1,47.1,bottom 50%
ETHUSDT,2023-05-20,9.5,0–20,0.083,0.0,0.0,0.0,0.6016,0.0,0.0,0.0,0.005845,1,45.0,bottom 50%
ETHUSDT,2023-05-21,10.4,0–20,0.1273,0.0,0.0,0.0,0.6016,0.0,0.0,0.0,0.058953,1,51.5,top 50%
ETHUSDT,2023-05-22,9.4,0–20,0.0815,0.0,0.0,0.0,0.6016,0.0,0.0,0.0,0.041564,1,44.6,bottom 50%
ETHUSDT,2023-05-23,7.8,0–20,0.0,0.0,0.0,0.0,0.6016,0.0,0.0,0.0,0.025154,1,37.5,bottom 50%
ETHUSDT,2023-05-24,10.2,0–20,0.1168,0.0,0.0,0.0,0.6016,0.0,0.0,0.0,0.041126,1,48.9,bottom 50%
ETHUSDT,2023-05-25,9.8,0–20,0.0978,0.0,0.0,0.0,0.6016,0.0,0.0,0.0,0.031146,1,46.2,bottom 50%
ETHUSDT,2023-05-26,8.3,0–20,0.0248,0.0,0.0,0.0,0.6016,0.0,0.0,0.0,0.042963,1,40.3,bottom 50%
ETHUSDT,2023-05-27,8.2,0–20,0.017,0.0,0.0,0.0,0.6016,0.0,0.0,0.0,0.033474,1,40.0,bottom 50%
ETHUSDT,2023-05-28,7.9,0–20,0.0,0.0,0.0,0.0,0.6016,0.0,0.0,0.0149,-0.010676,0,38.2,bottom 50%
ETHUSDT,2023-05-29,7.8,0–20,0.0,0.0,0.0,0.0,0.6016,0.0,0.0,0.0,-0.042919,0,37.5,bottom 50%
ETHUSDT,2023-05-30,7.8,0–20,0.0,0.0,0.0,0.0,0.6016,0.0,0.0,0.0,-0.008696,0,37.5,bottom 50%
ETHUSDT,2023-05-31,8.5,0–20,0.0,0.0,0.0,0.0,0.6016,0.0,0.0,0.0918,-0.022269,0,40.9,bottom 50%
ETHUSDT,2023-06-01,0.5,0–20,0.0,0.0,0.0,0.0,0.0,0.0,0.0,0.065,-0.008538,0,4.9,bottom 50%
ETHUSDT,2023-06-02,2.2,0–20,0.0,0.0,0.0,0.0,0.0,0.0,0.0,0.319,-0.035145,0,11.6,bottom 50%
ETHUSDT,2023-06-03,1.8,0–20,0.0,0.0,0.0,0.0,0.0,0.0,0.0,0.257,-0.073994,0,10.1,bottom 50%
ETHUSDT,2023-06-04,1.6,0–20,0.0,0.0,0.0,0.0,0.0,0.0,0.0,0.2284,-0.072519,0,9.4,bottom 50%
ETHUSDT,2023-06-05,7.0,0–20,0.1282,0.0,0.0,0.0,0.0,0.0,0.5031,0.1325,-0.038248,0,31.3,bottom 50%
ETHUSDT,2023-06-06,0.8,0–20,0.0,0.0,0.0,0.0,0.0,0.0,0.0,0.112,-0.077186,0,6.2,bottom 50%
ETHUSDT,2023-06-07,5.2,0–20,0.0596,0.0,0.0,0.0,0.0,0.0,0.2931,0.2814,-0.099256,0,23.3,bottom 50%
ETHUSDT,2023-06-08,2.0,0–20,0.0254,0.0,0.0,0.0,0.0,0.0,0.0,0.2148,-0.097916,0,10.7,bottom 50%
ETHUSDT,2023-06-09,2.1,0–20,0.04,0.0,0.0,0.0,0.0,0.0,0.0,0.1872,-0.067142,0,11.1,bottom 50%
ETHUSDT,2023-06-10,9.9,0–20,0.2217,0.1118,0.0,0.0,0.0,0.0,0.5167,0.0196,-0.014369,0,46.6,bottom 50%
ETHUSDT,2023-06-11,5.6,0–20,0.2188,0.0024,0.0,0.0,0.0,0.0,0.0,0.1714,-0.018728,0,24.6,bottom 50%
ETHUSDT,2023-06-12,4.8,0–20,0.2394,0.0,0.0,0.0,0.0,0.0,0.0,0.0,-0.002794,0,21.7,bottom 50%
ETHUSDT,2023-06-13,5.8,0–20,0.2463,0.0,0.0,0.0,0.0,0.0,0.0,0.1209,0.030524,1,25.5,bottom 50%
ETHUSDT,2023-06-14,11.3,0–20,0.3955,0.1868,0.0,0.0,0.0,0.0,0.0,0.0851,0.145704,1,57.6,top 50%
ETHUSDT,2023-06-15,6.9,0–20,0.3469,0.0,0.0,0.0,0.0,0.0,0.0,0.0,0.12454,1,28.4,bottom 50%
ETHUSDT,2023-06-16,3.9,0–20,0.1939,0.0,0.0,0.0,0.0,0.0,0.0,0.0,0.102637,1,18.2,bottom 50%
ETHUSDT,2023-06-17,3.3,0–20,0.1646,0.0,0.0,0.0,0.0,0.0,0.0,0.0,0.086183,1,15.5,bottom 50%
ETHUSDT,2023-06-18,3.6,0–20,0.1783,0.0,0.0,0.0,0.0,0.0,0.0,0.0,0.104575,1,17.1,bottom 50%
ETHUSDT,2023-06-19,2.5,0–20,0.1271,0.0,0.0,0.0,0.0,0.0,0.0,0.0,0.070079,1,12.6,bottom 50%
ETHUSDT,2023-06-20,0.0,0–20,0.0,0.0,0.0,0.0,0.0,0.0,0.0,0.0,0.054451,1,1.9,bottom 50%
ETHUSDT,2023-06-21,0.0,0–20,0.0,0.0,0.0,0.0,0.0,0.0,0.0,0.0,-0.033335,0,1.9,bottom 50%
ETHUSDT,2023-06-22,0.0,0–20,0.0,0.0,0.0,0.0,0.0,0.0,0.0,0.0,-0.011061,0,1.9,bottom 50%
ETHUSDT,2023-06-23,0.0,0–20,0.0,0.0,0.0,0.0,0.0,0.0,0.0,0.0,0.021305,1,1.9,bottom 50%
ETHUSDT,2023-06-24,0.0,0–20,0.0,0.0,0.0,0.0,0.0,0.0,0.0,0.0,0.025855,1,1.9,bottom 50%
ETHUSDT,2023-06-25,0.0,0–20,0.0,0.0,0.0,0.0,0.0,0.0,0.0,0.0,0.019433,1,1.9,bottom 50%
ETHUSDT,2023-06-26,0.1,0–20,0.0,0.0,0.0,0.0,0.0,0.0,0.0,0.017,0.051605,1,4.0,bottom 50%
ETHUSDT,2023-06-27,0.8,0–20,0.0,0.0,0.0,0.0,0.0,0.0,0.0,0.1116,0.024835,1,6.2,bottom 50%
ETHUSDT,2023-06-28,0.9,0–20,0.0,0.0,0.0,0.0,0.0,0.0,0.0,0.1218,0.045196,1,6.7,bottom 50%
ETHUSDT,2023-06-29,0.7,0–20,0.0,0.0,0.0,0.0,0.0,0.0,0.0,0.0961,-0.001939,0,5.7,bottom 50%
ETHUSDT,2023-06-30,3.0,0–20,0.0,0.0,0.0,0.0,0.0,0.0,0.0,0.4299,-0.032375,0,14.3,bottom 50%
ETHUSDT,2023-07-01,13.5,0–20,0.0,0.0,0.0,0.0,0.868,0.0,0.0,0.3129,-0.03067,0,71.3,top 50%
ETHUSDT,2023-07-02,14.3,0–20,0.0,0.0,0.0,0.0,0.868,0.0,0.0,0.433,-0.038416,0,75.9,top 25%
ETHUSDT,2023-07-03,13.2,0–20,0.0,0.0,0.0,0.0,0.868,0.0,0.0,0.2735,-0.03827,0,69.5,top 50%
ETHUSDT,2023-07-04,15.8,0–20,0.0,0.0,0.0,0.0,0.868,0.0,0.0,0.6389,-0.030102,0,86.6,top 25%
ETHUSDT,2023-07-05,16.8,0–20,0.0,0.0,0.0,0.0,0.868,0.0,0.0,0.7942,-0.020137,0,89.9,top 25%
ETHUSDT,2023-07-06,16.1,0–20,0.0348,0.0,0.0,0.0,0.868,0.0,0.0,0.5816,0.085401,1,88.2,top 25%
ETHUSDT,2023-07-07,15.4,0–20,0.0,0.0,0.0,0.0,0.868,0.0,0.0,0.5876,0.03675,1,84.2,top 25%
ETHUSDT,2023-07-08,15.8,0–20,0.0,0.0,0.0,0.0,0.868,0.0,0.0,0.651,0.035339,1,86.6,top 25%
ETHUSDT,2023-07-09,15.2,0–20,0.0028,0.0,0.0,0.0,0.868,0.0,0.0,0.5508,0.032567,1,83.5,top 25%
ETHUSDT,2023-07-10,13.6,0–20,0.0,0.0,0.0,0.0,0.868,0.0,0.0,0.3253,0.016532,1,71.9,top 50%
ETHUSDT,2023-07-11,11.3,0–20,0.0,0.0,0.0,0.0,0.868,0.0,0.0,0.0,0.010255,1,57.6,top 50%
ETHUSDT,2023-07-12,11.3,0–20,0.0,0.0,0.0,0.0,0.868,0.0,0.0,0.0,0.009024,1,57.6,top 50%
ETHUSDT,2023-07-13,11.3,0–20,0.0,0.0,0.0,0.0,0.868,0.0,0.0,0.0,-0.057584,0,57.6,top 50%
ETHUSDT,2023-07-14,11.3,0–20,0.0,0.0,0.0,0.0,0.868,0.0,0.0,0.0,-0.024373,0,57.6,top 50%
ETHUSDT,2023-07-15,11.3,0–20,0.0,0.0,0.0,0.0,0.868,0.0,0.0,0.0,-0.034458,0,57.6,top 50%
ETHUSDT,2023-07-16,11.6,0–20,0.0,0.0,0.0,0.0,0.868,0.0,0.0,0.0521,-0.017929,0,59.9,top 50%
ETHUSDT,2023-07-17,11.3,0–20,0.0,0.0,0.0,0.0,0.868,0.0,0.0,0.0,-0.032247,0,57.6,top 50%
ETHUSDT,2023-07-18,14.5,0–20,0.0,0.0,0.0,0.0,0.868,0.0,0.0,0.4618,-0.021004,0,76.9,top 25%
ETHUSDT,2023-07-19,12.9,0–20,0.002,0.0,0.0,0.0,0.868,0.0,0.0,0.2291,-0.008919,0,67.6,top 50%
ETHUSDT,2023-07-20,11.3,0–20,0.0,0.0,0.0,0.0,0.868,0.0,0.0,0.0,-0.016188,0,57.6,top 50%
ETHUSDT,2023-07-21,11.3,0–20,0.0,0.0,0.0,0.0,0.868,0.0,0.0,0.0,-0.009162,0,57.6,top 50%
ETHUSDT,2023-07-22,12.8,0–20,0.0753,0.0,0.0,0.0,0.868,0.0,0.0,0.0,0.008663,1,67.1,top 50%
ETHUSDT,2023-07-23,11.3,0–20,0.0,0.0,0.0,0.0,0.868,0.0,0.0,0.0,-0.014582,0,57.6,top 50%
ETHUSDT,2023-07-24,13.5,0–20,0.1096,0.0,0.0,0.0,0.868,0.0,0.0,0.0,0.00333,1,71.3,top 50%
ETHUSDT,2023-07-25,13.0,0–20,0.0838,0.0,0.0,0.0,0.868,0.0,0.0,0.0,0.007563,1,68.2,top 50%
ETHUSDT,2023-07-26,12.8,0–20,0.0353,0.0,0.0,0.0,0.868,0.0,0.0,0.1163,-0.017664,0,67.1,top 50%
ETHUSDT,2023-07-27,12.7,0–20,0.0719,0.0,0.0,0.0,0.868,0.0,0.0,0.0,-0.013557,0,66.4,top 50%
ETHUSDT,2023-07-28,12.1,0–20,0.021,0.0,0.0,0.0,0.868,0.0,0.0,0.0629,-0.025087,0,62.9,top 50%
ETHUSDT,2023-07-29,11.3,0–20,0.0,0.0,0.0,0.0,0.868,0.0,0.0,0.0,-0.024497,0,57.6,top 50%
ETHUSDT,2023-07-30,12.6,0–20,0.0664,0.0,0.0,0.0,0.868,0.0,0.0,0.0,-0.018361,0,65.8,top 50%
ETHUSDT,2023-07-31,13.0,0–20,0.0853,0.0,0.0,0.0,0.868,0.0,0.0,0.0,-0.015744,0,68.2,top 50%
ETHUSDT,2023-08-01,0.4,0–20,0.022,0.0,0.0,0.0,0.0,0.0,0.0,0.0,-0.00854,0,4.6,bottom 50%
ETHUSDT,2023-08-02,2.7,0–20,0.1355,0.0,0.0,0.0,0.0,0.0,0.0,0.0,0.008269,1,13.1,bottom 50%
ETHUSDT,2023-08-03,3.0,0–20,0.1484,0.0,0.0,0.0,0.0,0.0,0.0,0.0,0.00851,1,14.3,bottom 50%
ETHUSDT,2023-08-04,3.5,0–20,0.1733,0.0,0.0,0.0,0.0,0.0,0.0,0.0,0.010621,1,16.7,bottom 50%
ETHUSDT,2023-08-05,2.8,0–20,0.1382,0.0,0.0,0.0,0.0,0.0,0.0,0.0,0.007576,1,13.5,bottom 50%
ETHUSDT,2023-08-06,3.3,0–20,0.166,0.0,0.0,0.0,0.0,0.0,0.0,0.0,0.006467,1,15.5,bottom 50%
ETHUSDT,2023-08-07,3.4,0–20,0.168,0.0,0.0,0.0,0.0,0.0,0.0,0.0,0.00944,1,16.0,bottom 50%
ETHUSDT,2023-08-08,0.4,0–20,0.0217,0.0,0.0,0.0,0.0,0.0,0.0,0.0,-0.015559,0,4.6,bottom 50%
ETHUSDT,2023-08-09,0.6,0–20,0.0286,0.0,0.0,0.0,0.0,0.0,0.0,0.0,-0.02623,0,5.2,bottom 50%
ETHUSDT,2023-08-10,0.9,0–20,0.0455,0.0,0.0,0.0,0.0,0.0,0.0,0.0,-0.089596,0,6.7,bottom 50%
ETHUSDT,2023-08-11,1.3,0–20,0.0634,0.0,0.0,0.0,0.0,0.0,0.0,0.0,-0.100794,0,8.1,bottom 50%
ETHUSDT,2023-08-12,1.1,0–20,0.053,0.0,0.0,0.0,0.0,0.0,0.0,0.0,-0.097041,0,7.2,bottom 50%
ETHUSDT,2023-08-13,2.2,0–20,0.1043,0.0,0.0,0.0,0.0,0.0,0.0,0.0156,-0.083961,0,11.6,bottom 50%
ETHUSDT,2023-08-14,1.4,0–20,0.0724,0.0,0.0,0.0,0.0,0.0,0.0,0.0,-0.095932,0,8.5,bottom 50%
ETHUSDT,2023-08-15,3.3,0–20,0.164,0.0,0.0,0.0,0.0,0.0,0.0,0.0,-0.105664,0,15.5,bottom 50%
ETHUSDT,2023-08-16,5.9,0–20,0.2608,0.044,0.0,0.0,0.0,0.0,0.0,0.0,-0.069994,0,25.9,bottom 50%
ETHUSDT,2023-08-17,27.4,20–40,0.5673,0.6059,0.0,0.0,0.0,0.0,1.0,0.0,-0.014831,0,99.8,top 10%
ETHUSDT,2023-08-18,22.0,20–40,0.6025,0.3411,0.0,0.0,0.0,0.0,0.6889,0.0,-0.004823,0,98.7,top 10%
ETHUSDT,2023-08-19,12.5,0–20,0.5541,0.0977,0.0,0.0,0.0,0.0,0.0,0.0,-0.013876,0,65.2,top 50%
ETHUSDT,2023-08-20,9.4,0–20,0.4678,0.0,0.0,0.0,0.0,0.0,0.0,0.0,-0.016226,0,44.6,bottom 50%
ETHUSDT,2023-08-21,10.0,0–20,0.5019,0.0,0.0,0.0,0.0,0.0,0.0,0.0,-0.008884,0,47.1,bottom 50%
ETHUSDT,2023-08-22,13.0,0–20,0.5594,0.0,0.0,0.0,0.0,0.0,0.26,0.0,0.058653,1,68.2,top 50%
ETHUSDT,2023-08-23,6.7,0–20,0.3337,0.0,0.0,0.0,0.0,0.0,0.0,0.0,0.015386,1,28.0,bottom 50%
ETHUSDT,2023-08-24,7.5,0–20,0.3752,0.0,0.0,0.0,0.0,0.0,0.0,0.0,-0.008618,0,34.8,bottom 50%
ETHUSDT,2023-08-25,7.8,0–20,0.39,0.0,0.0,0.0,0.0,0.0,0.0,0.0,-0.014788,0,37.5,bottom 50%
ETHUSDT,2023-08-26,8.1,0–20,0.4044,0.0,0.0,0.0,0.0,0.0,0.0,0.0,-0.005638,0,39.2,bottom 50%
ETHUSDT,2023-08-27,6.9,0–20,0.3465,0.0,0.0,0.0,0.0,0.0,0.0,0.0,-0.012908,0,28.4,bottom 50%
ETHUSDT,2023-08-28,7.2,0–20,0.3593,0.0,0.0,0.0,0.0,0.0,0.0,0.0,-0.013799,0,34.3,bottom 50%
ETHUSDT,2023-08-29,0.5,0–20,0.0274,0.0,0.0,0.0,0.0,0.0,0.0,0.0,-0.055556,0,4.9,bottom 50%
ETHUSDT,2023-08-30,2.1,0–20,0.1026,0.0,0.0,0.0,0.0,0.0,0.0,0.0,-0.04273,0,11.1,bottom 50%
ETHUSDT,2023-08-31,5.1,0–20,0.2528,0.0,0.0,0.0,0.0,0.0,0.0,0.0,0.00119,1,22.9,bottom 50%
ETHUSDT,2023-09-01,5.8,0–20,0.2898,0.0,0.0,0.0,0.0,0.0,0.0,0.0,0.004696,1,25.5,bottom 50%
ETHUSDT,2023-09-02,5.1,0–20,0.2565,0.0,0.0,0.0,0.0,0.0,0.0,0.0,-0.001138,0,22.9,bottom 50%
ETHUSDT,2023-09-03,5.2,0–20,0.2587,0.0,0.0,0.0,0.0,0.0,0.0,0.0,-0.011789,0,23.3,bottom 50%
ETHUSDT,2023-09-04,5.5,0–20,0.2751,0.0,0.0,0.0,0.0,0.0,0.0,0.0,-0.047874,0,24.3,bottom 50%
ETHUSDT,2023-09-05,5.1,0–20,0.2567,0.0,0.0,0.0,0.0,0.0,0.0,0.0,-0.02522,0,22.9,bottom 50%
ETHUSDT,2023-09-06,5.2,0–20,0.2607,0.0,0.0,0.0,0.0,0.0,0.0,0.0,-0.014865,0,23.3,bottom 50%
ETHUSDT,2023-09-07,3.7,0–20,0.1845,0.0,0.0,0.0,0.0,0.0,0.0,0.0,-0.012518,0,17.4,bottom 50%
ETHUSDT,2023-09-08,4.4,0–20,0.2223,0.0,0.0,0.0,0.0,0.0,0.0,0.0,0.003363,1,20.1,bottom 50%
ETHUSDT,2023-09-09,4.5,0–20,0.2256,0.0,0.0,0.0,0.0,0.0,0.0,0.0,3.6e-05,1,20.6,bottom 50%
ETHUSDT,2023-09-10,5.7,0–20,0.2866,0.0,0.0,0.0,0.0,0.0,0.0,0.0,0.003753,1,25.0,bottom 50%
ETHUSDT,2023-09-11,15.5,0–20,0.452,0.2324,0.0,0.0,0.0,0.0,0.4272,0.0,0.055238,1,84.8,top 25%
ETHUSDT,2023-09-12,7.0,0–20,0.2558,0.0,0.0,0.0,0.0,0.0,0.2649,0.0,0.032099,1,31.3,bottom 50%
ETHUSDT,2023-09-13,3.8,0–20,0.1898,0.0,0.0,0.0,0.0,0.0,0.0,0.0,0.009268,1,17.8,bottom 50%
ETHUSDT,2023-09-14,2.3,0–20,0.1129,0.0,0.0,0.0,0.0,0.0,0.0,0.0,-0.026225,0,12.0,bottom 50%
ETHUSDT,2023-09-15,1.1,0–20,0.0561,0.0,0.0,0.0,0.0,0.0,0.0,0.0,-0.029466,0,7.2,bottom 50%
ETHUSDT,2023-09-16,1.6,0–20,0.0783,0.0,0.0,0.0,0.0,0.0,0.0,0.0,-0.025296,0,9.4,bottom 50%
ETHUSDT,2023-09-17,2.4,0–20,0.121,0.0,0.0,0.0,0.0,0.0,0.0,0.0,-0.025906,0,12.3,bottom 50%
ETHUSDT,2023-09-18,1.2,0–20,0.059,0.0,0.0,0.0,0.0,0.0,0.0,0.0,-0.029941,0,7.7,bottom 50%
ETHUSDT,2023-09-19,0.7,0–20,0.0327,0.0,0.0,0.0,0.0,0.0,0.0,0.0,-0.0305,0,5.7,bottom 50%
ETHUSDT,2023-09-20,2.2,0–20,0.112,0.0,0.0,0.0,0.0,0.0,0.0,0.0,-0.015651,0,11.6,bottom 50%
ETHUSDT,2023-09-21,4.9,0–20,0.2377,0.0,0.0,0.0,0.0,0.0,0.0,0.02,0.043284,1,22.2,bottom 50%
ETHUSDT,2023-09-22,3.9,0–20,0.1954,0.0,0.0,0.0,0.0,0.0,0.0,0.0,0.046869,1,18.2,bottom 50%
ETHUSDT,2023-09-23,3.9,0–20,0.1925,0.0,0.0,0.0,0.0,0.0,0.0,0.0037,0.048501,1,18.2,bottom 50%
ETHUSDT,2023-09-24,5.0,0–20,0.2363,0.0,0.0,0.0,0.0,0.0,0.0,0.041,0.096756,1,22.5,bottom 50%
ETHUSDT,2023-09-25,3.9,0–20,0.1962,0.0,0.0,0.0,0.0,0.0,0.0,0.0,0.047411,1,18.2,bottom 50%
ETHUSDT,2023-09-26,3.4,0–20,0.1683,0.0,0.0,0.0,0.0,0.0,0.0,0.0,0.039706,1,16.0,bottom 50%
ETHUSDT,2023-09-27,2.9,0–20,0.1453,0.0,0.0,0.0,0.0,0.0,0.0,0.0,0.031516,1,13.9,bottom 50%
ETHUSDT,2023-09-28,0.0,0–20,0.0,0.0,0.0,0.0,0.0,0.0,0.0,0.0,-0.025051,0,1.9,bottom 50%
ETHUSDT,2023-09-29,0.0,0–20,0.0,0.0,0.0,0.0,0.0,0.0,0.0,0.0,-0.013257,0,1.9,bottom 50%
ETHUSDT,2023-09-30,0.0,0–20,0.0,0.0,0.0,0.0,0.0,0.0,0.0,0.0,-0.021931,0,1.9,bottom 50%
ETHUSDT,2023-10-01,8.6,0–20,0.0,0.0,0.0,0.0,0.5845,0.0,0.0,0.1465,-0.057827,0,41.2,bottom 50%
ETHUSDT,2023-10-02,7.7,0–20,0.0,0.0,0.0,0.0,0.5845,0.0,0.0,0.0166,-0.050384,0,36.7,bottom 50%
ETHUSDT,2023-10-03,8.6,0–20,0.0,0.0,0.0,0.0,0.5845,0.0,0.0,0.1399,-0.053705,0,41.2,bottom 50%
ETHUSDT,2023-10-04,8.5,0–20,0.0,0.0,0.0,0.0,0.5845,0.0,0.0,0.1244,-0.049509,0,40.9,bottom 50%
ETHUSDT,2023-10-05,10.2,0–20,0.1022,0.0,0.0,0.0,0.5845,0.0,0.0,0.0867,-0.044595,0,48.9,bottom 50%
ETHUSDT,2023-10-06,9.6,0–20,0.0,0.0,0.0,0.0,0.5845,0.0,0.0,0.2862,-0.056957,0,45.4,bottom 50%
ETHUSDT,2023-10-07,8.9,0–20,0.0223,0.0,0.0,0.0,0.5845,0.0,0.0,0.1233,-0.048488,0,42.9,bottom 50%
ETHUSDT,2023-10-08,8.5,0–20,0.0255,0.0,0.0,0.0,0.5845,0.0,0.0,0.0582,-0.046205,0,40.9,bottom 50%
ETHUSDT,2023-10-09,14.0,0–20,0.187,0.0,0.0,0.0,0.5845,0.0,0.3639,0.0125,0.01312,1,73.9,top 50%
ETHUSDT,2023-10-10,12.0,0–20,0.2184,0.0,0.0,0.0,0.5845,0.0,0.0,0.0,-0.00145,0,62.3,top 50%
ETHUSDT,2023-10-11,13.3,0–20,0.2223,0.0,0.0,0.0,0.5845,0.0,0.0,0.1848,-0.001599,0,70.1,top 50%
ETHUSDT,2023-10-12,14.3,0–20,0.2918,0.0,0.0,0.0,0.5845,0.0,0.0,0.1219,0.018085,1,75.9,top 25%
ETHUSDT,2023-10-13,13.1,0–20,0.2361,0.0,0.0,0.0,0.5845,0.0,0.0,0.1183,0.033875,1,68.9,top 50%
ETHUSDT,2023-10-14,12.0,0–20,0.2217,0.0,0.0,0.0,0.5845,0.0,0.0,0.0,0.047611,1,62.3,top 50%
ETHUSDT,2023-10-15,11.8,0–20,0.2082,0.0,0.0,0.0,0.5845,0.0,0.0,0.0,0.067622,1,61.1,top 50%
ETHUSDT,2023-10-16,8.1,0–20,0.0246,0.0,0.0,0.0,0.5845,0.0,0.0,0.0,0.102996,1,39.2,bottom 50%
ETHUSDT,2023-10-17,10.4,0–20,0.1408,0.0,0.0,0.0,0.5845,0.0,0.0,0.0,0.139895,1,51.5,top 50%
ETHUSDT,2023-10-18,10.5,0–20,0.1461,0.0,0.0,0.0,0.5845,0.0,0.0,0.0,0.14302,1,52.1,top 50%
ETHUSDT,2023-10-19,10.2,0–20,0.1297,0.0,0.0,0.0,0.5845,0.0,0.0,0.0,0.150934,1,48.9,bottom 50%
ETHUSDT,2023-10-20,7.6,0–20,0.0,0.0,0.0,0.0,0.5845,0.0,0.0,0.0,0.109293,1,35.8,bottom 50%
ETHUSDT,2023-10-21,7.6,0–20,0.0,0.0,0.0,0.0,0.5845,0.0,0.0,0.0,0.090415,1,35.8,bottom 50%
ETHUSDT,2023-10-22,7.6,0–20,0.0,0.0,0.0,0.0,0.5845,0.0,0.0,0.0,0.079424,1,35.8,bottom 50%
ETHUSDT,2023-10-23,7.6,0–20,0.0,0.0,0.0,0.0,0.5845,0.0,0.0,0.0,0.025324,1,35.8,bottom 50%
ETHUSDT,2023-10-24,7.6,0–20,0.0,0.0,0.0,0.0,0.5845,0.0,0.0,0.0,0.017945,1,35.8,bottom 50%
ETHUSDT,2023-10-25,7.6,0–20,0.0,0.0,0.0,0.0,0.5845,0.0,0.0,0.0,0.033396,1,35.8,bottom 50%
ETHUSDT,2023-10-26,7.6,0–20,0.0,0.0,0.0,0.0,0.5845,0.0,0.0,0.0,-0.001895,0,35.8,bottom 50%
ETHUSDT,2023-10-27,8.3,0–20,0.0,0.0,0.0,0.0,0.5845,0.0,0.0,0.0947,0.029634,1,40.3,bottom 50%
ETHUSDT,2023-10-28,10.4,0–20,0.0,0.0,0.0,0.0,0.5845,0.0,0.0,0.4061,0.045638,1,51.5,top 50%
ETHUSDT,2023-10-29,12.2,0–20,0.0,0.0,0.0,0.0,0.5845,0.0,0.0,0.6517,0.05492,1,63.5,top 50%
ETHUSDT,2023-10-30,12.6,0–20,0.0,0.0,0.0,0.0,0.5845,0.0,0.0,0.7095,0.049583,1,65.8,top 50%
ETHUSDT,2023-10-31,12.9,0–20,0.0,0.0,0.0,0.0,0.5845,0.0,0.0,0.7643,0.039453,1,67.6,top 50%
ETHUSDT,2023-11-01,5.7,0–20,0.0,0.0,0.0,0.0,0.0,0.0,0.0,0.8102,0.022864,1,25.0,bottom 50%
ETHUSDT,2023-11-02,5.1,0–20,0.0,0.0,0.0,0.0,0.0,0.0,0.0,0.7331,0.177683,1,22.9,bottom 50%
ETHUSDT,2023-11-03,5.5,0–20,0.0,0.0,0.0,0.0,0.0,0.0,0.0,0.7885,0.133945,1,24.3,bottom 50%
ETHUSDT,2023-11-04,5.8,0–20,0.0,0.0,0.0,0.0,0.0,0.0,0.0,0.83,0.104977,1,25.5,bottom 50%
ETHUSDT,2023-11-05,4.9,0–20,0.0,0.0,0.0,0.0,0.0,0.0,0.0,0.7034,0.079734,1,22.2,bottom 50%
ETHUSDT,2023-11-06,6.5,0–20,0.0,0.0,0.0,0.0,0.0,0.0,0.0,0.9253,0.081811,1,27.6,bottom 50%
ETHUSDT,2023-11-07,5.6,0–20,0.0,0.0,0.0,0.0,0.0,0.0,0.0,0.7942,0.048158,1,24.6,bottom 50%
ETHUSDT,2023-11-08,6.1,0–20,0.0,0.0,0.0,0.0,0.0,0.0,0.0,0.8725,0.090554,1,26.5,bottom 50%
ETHUSDT,2023-11-09,6.3,0–20,0.0,0.0,0.0,0.0,0.0,0.0,0.0,0.9,-0.075301,0,27.1,bottom 50%
ETHUSDT,2023-11-10,6.2,0–20,0.0,0.0,0.0,0.0,0.0,0.0,0.0,0.8918,-0.056301,0,26.8,bottom 50%
ETHUSDT,2023-11-11,5.4,0–20,0.0,0.0,0.0,0.0,0.0,0.0,0.0,0.7678,-0.043566,0,24.1,bottom 50%
ETHUSDT,2023-11-12,2.6,0–20,0.0,0.0,0.0,0.0,0.0,0.0,0.0,0.3766,-0.015638,0,12.8,bottom 50%
ETHUSDT,2023-11-13,2.2,0–20,0.0,0.0,0.0,0.0,0.0,0.0,0.0,0.3197,-0.016069,0,11.6,bottom 50%
ETHUSDT,2023-11-14,8.1,0–20,0.0,0.0,0.0,0.0,0.0,0.0,0.2916,0.8698,-0.021215,0,39.2,bottom 50%
ETHUSDT,2023-11-15,5.3,0–20,0.0,0.0,0.0,0.0,0.0,0.0,0.0,0.7536,0.00195,1,23.6,bottom 50%
ETHUSDT,2023-11-16,7.7,0–20,0.0,0.0,0.0,0.0,0.0,0.0,0.3706,0.7316,0.051675,1,36.7,bottom 50%
ETHUSDT,2023-11-17,5.1,0–20,0.0,0.0,0.0,0.0,0.0,0.0,0.0,0.7248,0.061119,1,22.9,bottom 50%
ETHUSDT,2023-11-18,4.8,0–20,0.0,0.0,0.0,0.0,0.0,0.0,0.0,0.6909,0.061697,1,21.7,bottom 50%
ETHUSDT,2023-11-19,3.3,0–20,0.0,0.0,0.0,0.0,0.0,0.0,0.0,0.4748,0.024877,1,15.5,bottom 50%
ETHUSDT,2023-11-20,4.6,0–20,0.0,0.0,0.0,0.0,0.0,0.0,0.0,0.6591,0.002561,1,20.9,bottom 50%
ETHUSDT,2023-11-21,2.1,0–20,0.0,0.0,0.0,0.0,0.0,0.0,0.0,0.3043,0.057959,1,11.1,bottom 50%
ETHUSDT,2023-11-22,3.3,0–20,0.0,0.0,0.0,0.0,0.0,0.0,0.0,0.4696,-0.01671,0,15.5,bottom 50%
ETHUSDT,2023-11-23,2.6,0–20,0.0,0.0,0.0,0.0,0.0,0.0,0.0,0.3739,-0.004682,0,12.8,bottom 50%
ETHUSDT,2023-11-24,3.0,0–20,0.0,0.0,0.0,0.0,0.0,0.0,0.0,0.4327,0.002877,1,14.3,bottom 50%
ETHUSDT,2023-11-25,2.4,0–20,0.0,0.0,0.0,0.0,0.0,0.0,0.0,0.3485,0.038999,1,12.3,bottom 50%
ETHUSDT,2023-11-26,0.7,0–20,0.0,0.0,0.0,0.0,0.0,0.0,0.0,0.1044,0.063203,1,5.7,bottom 50%
ETHUSDT,2023-11-27,3.2,0–20,0.0,0.0,0.0,0.0,0.0,0.0,0.0,0.4585,0.10644,1,15.1,bottom 50%
ETHUSDT,2023-11-28,3.2,0–20,0.0,0.0,0.0,0.0,0.0,0.0,0.0,0.4547,0.119309,1,15.1,bottom 50%
ETHUSDT,2023-11-29,0.0,0–20,0.0,0.0,0.0,0.0,0.0,0.0,0.0,0.0,0.099379,1,1.9,bottom 50%
ETHUSDT,2023-11-30,0.1,0–20,0.0,0.0,0.0,0.0,0.0,0.0,0.0,0.0145,0.148607,1,4.0,bottom 50%
ETHUSDT,2023-12-01,9.0,0–20,0.0,0.0,0.0,0.0,0.6747,0.0,0.0,0.026,0.130126,1,43.2,bottom 50%
ETHUSDT,2023-12-02,8.8,0–20,0.0,0.0,0.0,0.0,0.6747,0.0,0.0,0.0,0.081023,1,42.3,bottom 50%
ETHUSDT,2023-12-03,8.8,0–20,0.0,0.0,0.0,0.0,0.6747,0.0,0.0,0.0,0.072376,1,42.3,bottom 50%
ETHUSDT,2023-12-04,9.8,0–20,0.0,0.0,0.0,0.0,0.6747,0.0,0.0,0.142,-0.008308,0,46.2,bottom 50%
ETHUSDT,2023-12-05,8.8,0–20,0.0,0.0,0.0,0.0,0.6747,0.0,0.0,0.0,-0.040022,0,42.3,bottom 50%
ETHUSDT,2023-12-06,11.2,0–20,0.0,0.0,0.0,0.0,0.6747,0.0,0.0,0.3442,0.012989,1,56.2,top 50%
ETHUSDT,2023-12-07,12.7,0–20,0.0,0.0,0.0,0.0,0.6747,0.0,0.0,0.5673,-0.017391,0,66.4,top 50%
ETHUSDT,2023-12-08,13.2,0–20,0.0,0.0,0.0,0.0,0.6747,0.0,0.0,0.6309,-0.059097,0,69.5,top 50%
ETHUSDT,2023-12-09,12.9,0–20,0.0,0.0,0.0,0.0,0.6747,0.0,0.0,0.5962,-0.0488,0,67.6,top 50%
ETHUSDT,2023-12-10,13.6,0–20,0.0,0.0,0.0,0.0,0.6747,0.0,0.0,0.6887,-0.066306,0,71.9,top 50%
ETHUSDT,2023-12-11,17.5,0–20,0.0,0.0,0.0,0.0,0.6747,0.0,0.4877,0.758,-0.003284,0,93.6,top 10%
ETHUSDT,2023-12-12,13.4,0–20,0.0,0.0,0.0,0.0,0.6747,0.0,0.0,0.6632,-0.010974,0,70.7,top 50%
ETHUSDT,2023-12-13,13.6,0–20,0.0,0.0,0.0,0.0,0.6747,0.0,0.0,0.689,-0.025983,0,71.9,top 50%
ETHUSDT,2023-12-14,13.1,0–20,0.0,0.0,0.0,0.0,0.6747,0.0,0.0,0.6181,-0.033254,0,68.9,top 50%
ETHUSDT,2023-12-15,13.0,0–20,0.0,0.0,0.0,0.0,0.6747,0.0,0.0,0.6066,0.048297,1,68.2,top 50%
ETHUSDT,2023-12-16,11.5,0–20,0.0,0.0,0.0,0.0,0.6747,0.0,0.0,0.3913,0.036876,1,59.4,top 50%
ETHUSDT,2023-12-17,11.8,0–20,0.0,0.0,0.0,0.0,0.6747,0.0,0.0,0.4296,0.03151,1,61.1,top 50%
ETHUSDT,2023-12-18,12.3,0–20,0.0,0.0,0.0,0.0,0.6747,0.0,0.0,0.5057,0.024935,1,64.1,top 50%
ETHUSDT,2023-12-19,13.5,0–20,0.0043,0.0,0.0,0.0,0.6747,0.0,0.0,0.6638,0.024608,1,71.3,top 50%
ETHUSDT,2023-12-20,11.6,0–20,0.0,0.0,0.0,0.0,0.6747,0.0,0.0,0.4031,0.080307,1,59.9,top 50%
ETHUSDT,2023-12-21,11.1,0–20,0.0,0.0,0.0,0.0,0.6747,0.0,0.0,0.3368,0.048235,1,55.6,top 50%
ETHUSDT,2023-12-22,9.3,0–20,0.0,0.0,0.0,0.0,0.6747,0.0,0.0,0.0753,-0.011104,0,44.2,bottom 50%
ETHUSDT,2023-12-23,9.2,0–20,0.0,0.0,0.0,0.0,0.6747,0.0,0.0,0.056,-0.007354,0,43.9,bottom 50%
ETHUSDT,2023-12-24,8.8,0–20,0.0,0.0,0.0,0.0,0.6747,0.0,0.0,0.0,0.006964,1,42.3,bottom 50%
ETHUSDT,2023-12-25,8.8,0–20,0.0,0.0,0.0,0.0,0.6747,0.0,0.0,0.0,0.0351,1,42.3,bottom 50%
ETHUSDT,2023-12-26,8.9,0–20,0.0,0.0,0.0,0.0,0.6747,0.0,0.0,0.0176,0.055735,1,42.9,bottom 50%
ETHUSDT,2023-12-27,8.8,0–20,0.0,0.0,0.0,0.0,0.6747,0.0,0.0,0.0,-0.070616,0,42.3,bottom 50%
ETHUSDT,2023-12-28,8.8,0–20,0.0,0.0,0.0,0.0,0.6747,0.0,0.0,0.0,-0.033451,0,42.3,bottom 50%
ETHUSDT,2023-12-29,8.8,0–20,0.0,0.0,0.0,0.0,0.6747,0.0,0.0,0.0,-0.013928,0,42.3,bottom 50%
ETHUSDT,2023-12-30,8.8,0–20,0.0,0.0,0.0,0.0,0.6747,0.0,0.0,0.0,-0.022007,0,42.3,bottom 50%
ETHUSDT,2023-12-31,8.9,0–20,0.0,0.0,0.0,0.0,0.6747,0.0,0.0,0.0158,-0.025687,0,42.9,bottom 50%
ETHUSDT,2024-01-01,2.8,0–20,0.0,0.0,0.0,0.0,0.0,0.0,0.0,0.3968,-0.008203,0,13.5,bottom 50%
ETHUSDT,2024-01-02,1.4,0–20,0.0,0.0,0.0,0.0,0.0,0.0,0.0,0.1929,-0.004673,0,8.5,bottom 50%
ETHUSDT,2024-01-03,4.8,0–20,0.0741,0.0,0.0,0.0,0.0,0.0,0.4784,0.0,0.16797,1,21.7,bottom 50%
ETHUSDT,2024-01-04,1.1,0–20,0.0,0.0,0.0,0.0,0.0,0.0,0.0,0.1622,0.154506,1,7.2,bottom 50%
ETHUSDT,2024-01-05,0.9,0–20,0.0,0.0,0.0,0.0,0.0,0.0,0.0,0.1218,0.11276,1,6.7,bottom 50%
ETHUSDT,2024-01-06,2.9,0–20,0.0279,0.0,0.0,0.0,0.0,0.0,0.0,0.3381,0.149433,1,13.9,bottom 50%
ETHUSDT,2024-01-07,3.2,0–20,0.0586,0.0,0.0,0.0,0.0,0.0,0.0,0.2948,0.112186,1,15.1,bottom 50%
ETHUSDT,2024-01-08,0.6,0–20,0.0,0.0,0.0,0.0,0.0,0.0,0.0,0.0797,0.076437,1,5.2,bottom 50%
ETHUSDT,2024-01-09,1.1,0–20,0.0,0.0,0.0,0.0,0.0,0.0,0.0,0.1575,0.103574,1,7.2,bottom 50%
ETHUSDT,2024-01-10,0.5,0–20,0.0,0.0,0.0,0.0,0.0,0.0,0.0,0.074,-0.02081,0,4.9,bottom 50%
ETHUSDT,2024-01-11,0.0,0–20,0.0,0.0,0.0,0.0,0.0,0.0,0.0,0.0,-0.058253,0,1.9,bottom 50%
ETHUSDT,2024-01-12,0.0,0–20,0.0,0.0,0.0,0.0,0.0,0.0,0.0,0.0,-0.013849,0,1.9,bottom 50%
ETHUSDT,2024-01-13,1.1,0–20,0.0,0.0,0.0,0.0,0.0,0.0,0.0,0.1641,-0.041531,0,7.2,bottom 50%
ETHUSDT,2024-01-14,1.2,0–20,0.0,0.0,0.0,0.0,0.0,0.0,0.0,0.1676,-0.007414,0,7.7,bottom 50%
ETHUSDT,2024-01-15,5.3,0–20,0.0,0.0,0.0,0.0,0.0,0.0,0.0,0.7641,-0.079852,0,23.6,bottom 50%
ETHUSDT,2024-01-16,3.5,0–20,0.0,0.0,0.0,0.0,0.0,0.0,0.0,0.5001,-0.134098,0,16.7,bottom 50%
ETHUSDT,2024-01-17,2.6,0–20,0.0,0.0,0.0,0.0,0.0,0.0,0.0,0.3773,-0.1166,0,12.8,bottom 50%
ETHUSDT,2024-01-18,4.0,0–20,0.0,0.0,0.0,0.0,0.0,0.0,0.0,0.5741,-0.101057,0,18.8,bottom 50%
ETHUSDT,2024-01-19,2.8,0–20,0.0,0.0,0.0,0.0,0.0,0.0,0.0,0.3958,-0.089295,0,13.5,bottom 50%
ETHUSDT,2024-01-20,3.5,0–20,0.0,0.0,0.0,0.0,0.0,0.0,0.0,0.4954,-0.081675,0,16.7,bottom 50%
ETHUSDT,2024-01-21,3.3,0–20,0.0,0.0,0.0,0.0,0.0,0.0,0.0,0.4744,-0.080159,0,15.5,bottom 50%
ETHUSDT,2024-01-22,4.8,0–20,0.1213,0.0,0.0,0.0,0.0,0.0,0.0,0.3347,0.002699,1,21.7,bottom 50%
ETHUSDT,2024-01-23,7.6,0–20,0.1943,0.0,0.0,0.0,0.0,0.0,0.0,0.5264,0.046328,1,35.8,bottom 50%
ETHUSDT,2024-01-24,7.1,0–20,0.2015,0.0,0.0,0.0,0.0,0.0,0.0,0.4359,0.02193,1,34.2,bottom 50%
ETHUSDT,2024-01-25,7.2,0–20,0.2184,0.0,0.0,0.0,0.0,0.0,0.0,0.3977,0.03883,1,34.3,bottom 50%
ETHUSDT,2024-01-26,5.8,0–20,0.1376,0.0,0.0,0.0,0.0,0.0,0.0,0.4375,0.018013,1,25.5,bottom 50%
ETHUSDT,2024-01-27,4.1,0–20,0.1365,0.0,0.0,0.0,0.0,0.0,0.0,0.1942,0.012413,1,19.1,bottom 50%
ETHUSDT,2024-01-28,3.0,0–20,0.1506,0.0,0.0,0.0,0.0,0.0,0.0,0.0,0.014326,1,14.3,bottom 50%
ETHUSDT,2024-01-29,1.0,0–20,0.0475,0.0,0.0,0.0,0.0,0.0,0.0,0.0,-0.007844,0,7.0,bottom 50%
ETHUSDT,2024-01-30,0.1,0–20,0.0032,0.0,0.0,0.0,0.0,0.0,0.0,0.0,0.011818,1,4.0,bottom 50%
ETHUSDT,2024-01-31,1.9,0–20,0.0962,0.0,0.0,0.0,0.0,0.0,0.0,0.0,0.061861,1,10.4,bottom 50%
ETHUSDT,2024-02-01,9.3,0–20,0.0596,0.0,0.0,0.0,0.6242,0.0,0.0,0.0,0.050387,1,44.2,bottom 50%
ETHUSDT,2024-02-02,9.2,0–20,0.0522,0.0,0.0,0.0,0.6242,0.0,0.0,0.0,0.077762,1,43.9,bottom 50%
ETHUSDT,2024-02-03,9.6,0–20,0.0723,0.0,0.0,0.0,0.6242,0.0,0.0,0.0,0.089367,1,45.4,bottom 50%
ETHUSDT,2024-02-04,9.8,0–20,0.0836,0.0,0.0,0.0,0.6242,0.0,0.0,0.0,0.095226,1,46.2,bottom 50%
ETHUSDT,2024-02-05,9.4,0–20,0.0635,0.0,0.0,0.0,0.6242,0.0,0.0,0.0,0.156261,1,44.6,bottom 50%
ETHUSDT,2024-02-06,8.1,0–20,0.0,0.0,0.0,0.0,0.6242,0.0,0.0,0.0,0.113811,1,39.2,bottom 50%
ETHUSDT,2024-02-07,8.1,0–20,0.0,0.0,0.0,0.0,0.6242,0.0,0.0,0.0,0.14612,1,39.2,bottom 50%
ETHUSDT,2024-02-08,8.1,0–20,0.0,0.0,0.0,0.0,0.6242,0.0,0.0,0.0,0.167144,1,39.2,bottom 50%
ETHUSDT,2024-02-09,8.1,0–20,0.0,0.0,0.0,0.0,0.6242,0.0,0.0,0.0,0.127105,1,39.2,bottom 50%
ETHUSDT,2024-02-10,8.1,0–20,0.0,0.0,0.0,0.0,0.6242,0.0,0.0,0.0,0.114122,1,39.2,bottom 50%
ETHUSDT,2024-02-11,9.1,0–20,0.0,0.0,0.0,0.0,0.6242,0.0,0.0,0.1404,0.148122,1,43.6,bottom 50%
ETHUSDT,2024-02-12,11.3,0–20,0.0,0.0,0.0,0.0,0.6242,0.0,0.0,0.448,0.107391,1,57.6,top 50%
ETHUSDT,2024-02-13,11.3,0–20,0.0,0.0,0.0,0.0,0.6242,0.0,0.0,0.4555,0.140535,1,57.6,top 50%
ETHUSDT,2024-02-14,12.9,0–20,0.0,0.0,0.0,0.0,0.6242,0.0,0.0,0.6793,0.06928,1,67.6,top 50%
ETHUSDT,2024-02-15,12.2,0–20,0.0,0.0,0.0,0.0,0.6242,0.0,0.0,0.5828,0.051915,1,63.5,top 50%
ETHUSDT,2024-02-16,12.3,0–20,0.0,0.0,0.0,0.0,0.6242,0.0,0.0,0.5908,0.042076,1,64.1,top 50%
ETHUSDT,2024-02-17,14.6,0–20,0.0,0.0,0.0,0.0,0.6242,0.0,0.0,0.931,0.07382,1,77.5,top 25%
ETHUSDT,2024-02-18,13.5,0–20,0.0,0.0,0.0,0.0,0.6242,0.0,0.0,0.7645,0.081174,1,71.3,top 50%
ETHUSDT,2024-02-19,15.0,0–20,0.0,0.0,0.0,0.0,0.6242,0.0,0.0,0.9794,0.079977,1,81.2,top 25%
ETHUSDT,2024-02-20,15.1,0–20,0.0,0.0,0.0,0.0,0.6242,0.0,0.0,1.0,0.07666,1,82.4,top 25%
ETHUSDT,2024-02-21,15.1,0–20,0.0,0.0,0.0,0.0,0.6242,0.0,0.0,1.0,0.139831,1,82.4,top 25%
ETHUSDT,2024-02-22,15.1,0–20,0.0,0.0,0.0,0.0,0.6242,0.0,0.0,1.0,0.124844,1,82.4,top 25%
ETHUSDT,2024-02-23,15.1,0–20,0.0,0.0,0.0,0.0,0.6242,0.0,0.0,1.0,0.175721,1,82.4,top 25%
ETHUSDT,2024-02-24,15.1,0–20,0.0,0.0,0.0,0.0,0.6242,0.0,0.0,1.0,0.143586,1,82.4,top 25%
ETHUSDT,2024-02-25,15.1,0–20,0.0,0.0,0.0,0.0,0.6242,0.0,0.0,1.0,0.121533,1,82.4,top 25%
ETHUSDT,2024-02-26,15.1,0–20,0.0,0.0,0.0,0.0,0.6242,0.0,0.0,1.0,0.142007,1,82.4,top 25%
ETHUSDT,2024-02-27,15.1,0–20,0.0,0.0,0.0,0.0,0.6242,0.0,0.0,1.0,0.095683,1,82.4,top 25%
ETHUSDT,2024-02-28,15.1,0–20,0.0,0.0,0.0,0.0,0.6242,0.0,0.0,1.0,0.128045,1,82.4,top 25%
ETHUSDT,2024-02-29,15.1,0–20,0.0,0.0,0.0,0.0,0.6242,0.0,0.0,1.0,0.159318,1,82.4,top 25%
ETHUSDT,2024-03-01,17.3,0–20,0.0,0.0,0.0,0.0,0.7906,0.0,0.0,1.0,0.133042,1,93.0,top 10%
ETHUSDT,2024-03-02,17.3,0–20,0.0,0.0,0.0,0.0,0.7906,0.0,0.0,1.0,0.144174,1,93.0,top 10%
ETHUSDT,2024-03-03,17.3,0–20,0.0,0.0,0.0,0.0,0.7906,0.0,0.0,1.0,0.111773,1,93.0,top 10%
ETHUSDT,2024-03-04,17.3,0–20,0.0,0.0,0.0,0.0,0.7906,0.0,0.0,1.0,0.120099,1,93.0,top 10%
ETHUSDT,2024-03-05,17.3,0–20,0.0,0.0,0.0,0.0,0.7906,0.0,0.0,1.0,0.119638,1,93.0,top 10%
ETHUSDT,2024-03-06,17.3,0–20,0.0,0.0,0.0,0.0,0.7906,0.0,0.0,1.0,0.049023,1,93.0,top 10%
ETHUSDT,2024-03-07,17.3,0–20,0.0,0.0,0.0,0.0,0.7906,0.0,0.0,1.0,0.002269,1,93.0,top 10%
ETHUSDT,2024-03-08,17.3,0–20,0.0,0.0,0.0,0.0,0.7906,0.0,0.0,1.0,-0.040298,0,93.0,top 10%
ETHUSDT,2024-03-09,17.3,0–20,0.0,0.0,0.0,0.0,0.7906,0.0,0.0,1.0,-0.10026,0,93.0,top 10%
ETHUSDT,2024-03-10,17.3,0–20,0.0,0.0,0.0,0.0,0.7906,0.0,0.0,1.0,-0.061522,0,93.0,top 10%
ETHUSDT,2024-03-11,17.3,0–20,0.0,0.0,0.0,0.0,0.7906,0.0,0.0,1.0,-0.134875,0,93.0,top 10%
ETHUSDT,2024-03-12,17.3,0–20,0.0,0.0,0.0,0.0,0.7906,0.0,0.0,1.0,-0.206683,0,93.0,top 10%
ETHUSDT,2024-03-13,17.3,0–20,0.0,0.0,0.0,0.0,0.7906,0.0,0.0,1.0,-0.123067,0,93.0,top 10%
ETHUSDT,2024-03-14,17.3,0–20,0.0,0.0,0.0,0.0,0.7906,0.0,0.0,1.0,-0.100473,0,93.0,top 10%
ETHUSDT,2024-03-15,20.0,20–40,0.0,0.0,0.0,0.0,0.7906,0.0,0.3834,1.0,-0.107499,0,97.7,top 10%
ETHUSDT,2024-03-16,17.3,0–20,0.0,0.0,0.0,0.0,0.7906,0.0,0.0,1.0,-0.052874,0,93.0,top 10%
ETHUSDT,2024-03-17,17.3,0–20,0.0,0.0,0.0,0.0,0.7906,0.0,0.0,1.0,-0.051553,0,93.0,top 10%
ETHUSDT,2024-03-18,17.3,0–20,0.0,0.0,0.0,0.0,0.7906,0.0,0.0,1.0,0.020722,1,93.0,top 10%
ETHUSDT,2024-03-19,23.0,20–40,0.2245,0.0355,0.0,0.0,0.7906,0.0,0.5099,0.5974,0.136143,1,99.1,top 10%
ETHUSDT,2024-03-20,16.6,0–20,0.0,0.0,0.0,0.0,0.7906,0.0,0.3427,0.5535,-0.003779,0,89.4,top 25%
ETHUSDT,2024-03-21,11.2,0–20,0.0,0.0,0.0,0.0,0.7906,0.0,0.0,0.1267,0.019554,1,56.2,top 50%
ETHUSDT,2024-03-22,14.1,0–20,0.0902,0.0,0.0,0.0,0.7906,0.0,0.0,0.2947,0.05343,1,74.6,top 50%
ETHUSDT,2024-03-23,12.3,0–20,0.0882,0.0,0.0,0.0,0.7906,0.0,0.0,0.0367,0.051355,1,64.1,top 50%
ETHUSDT,2024-03-24,10.5,0–20,0.0101,0.0,0.0,0.0,0.7906,0.0,0.0,0.0,0.055931,1,52.1,top 50%
ETHUSDT,2024-03-25,10.3,0–20,0.0,0.0,0.0,0.0,0.7906,0.0,0.0,0.0,-0.023909,0,50.2,top 50%
ETHUSDT,2024-03-26,10.3,0–20,0.0,0.0,0.0,0.0,0.7906,0.0,0.0,0.0,-0.086486,0,50.2,top 50%
ETHUSDT,2024-03-27,10.3,0–20,0.0,0.0,0.0,0.0,0.7906,0.0,0.0,0.0,-0.053905,0,50.2,top 50%
ETHUSDT,2024-03-28,10.3,0–20,0.0,0.0,0.0,0.0,0.7906,0.0,0.0,0.0,-0.064935,0,50.2,top 50%
ETHUSDT,2024-03-29,10.3,0–20,0.0,0.0,0.0,0.0,0.7906,0.0,0.0,0.0,-0.054935,0,50.2,top 50%
ETHUSDT,2024-03-30,10.3,0–20,0.0,0.0,0.0,0.0,0.7906,0.0,0.0,0.0,-0.043832,0,50.2,top 50%
ETHUSDT,2024-03-31,10.3,0–20,0.0,0.0,0.0,0.0,0.7906,0.0,0.0,0.0,-0.053281,0,50.2,top 50%
ETHUSDT,2024-04-01,10.1,0–20,0.0007,0.0,0.0,0.0,0.7766,0.0,0.0,0.0,0.054283,1,48.0,bottom 50%
ETHUSDT,2024-04-02,13.1,0–20,0.1484,0.0,0.0,0.0,0.7766,0.0,0.0,0.0,0.069549,1,68.9,top 50%
ETHUSDT,2024-04-03,12.5,0–20,0.1216,0.0,0.0,0.0,0.7766,0.0,0.0,0.0,0.070149,1,65.2,top 50%
ETHUSDT,2024-04-04,12.2,0–20,0.1065,0.0,0.0,0.0,0.7766,0.0,0.0,0.0,0.052614,1,63.5,top 50%
ETHUSDT,2024-04-05,13.5,0–20,0.1142,0.0,0.0,0.0,0.7766,0.0,0.0,0.1614,-0.022854,0,71.3,top 50%
ETHUSDT,2024-04-06,11.7,0–20,0.0824,0.0,0.0,0.0,0.7766,0.0,0.0,0.0,-0.104134,0,60.5,top 50%
ETHUSDT,2024-04-07,10.1,0–20,0.0,0.0,0.0,0.0,0.7766,0.0,0.0,0.0,-0.08587,0,48.0,bottom 50%
ETHUSDT,2024-04-08,12.0,0–20,0.0,0.0,0.0,0.0,0.7766,0.0,0.0,0.2718,-0.160662,0,62.3,top 50%
ETHUSDT,2024-04-09,10.1,0–20,0.0,0.0,0.0,0.0,0.7766,0.0,0.0,0.0,-0.119893,0,48.0,bottom 50%
ETHUSDT,2024-04-10,10.1,0–20,0.0,0.0,0.0,0.0,0.7766,0.0,0.0,0.0,-0.157746,0,48.0,bottom 50%
ETHUSDT,2024-04-11,10.3,0–20,0.0,0.0,0.0,0.0,0.7766,0.0,0.0,0.0321,-0.125304,0,50.2,top 50%
ETHUSDT,2024-04-12,17.4,0–20,0.1535,0.0,0.0,0.0,0.7766,0.0,0.4372,0.1645,-0.056662,0,93.5,top 10%
ETHUSDT,2024-04-13,27.2,20–40,0.2755,0.2355,0.0,0.0,0.7766,0.0,0.869,0.2832,0.050826,1,99.7,top 10%
ETHUSDT,2024-04-14,17.2,0–20,0.1605,0.0,0.0,0.0,0.7766,0.0,0.5594,0.0,-0.003058,0,92.4,top 10%
ETHUSDT,2024-04-15,13.9,0–20,0.1891,0.0,0.0,0.0,0.7766,0.0,0.0,0.0,0.032258,1,73.4,top 50%
ETHUSDT,2024-04-16,14.1,0–20,0.198,0.0,0.0,0.0,0.7766,0.0,0.0,0.0065,0.043758,1,74.6,top 50%
ETHUSDT,2024-04-17,15.1,0–20,0.2511,0.0,0.0,0.0,0.7766,0.0,0.0,0.0,0.051957,1,82.4,top 25%
ETHUSDT,2024-04-18,13.7,0–20,0.1827,0.0,0.0,0.0,0.7766,0.0,0.0,0.0,0.029511,1,72.4,top 50%
ETHUSDT,2024-04-19,13.8,0–20,0.1867,0.0,0.0,0.0,0.7766,0.0,0.0,0.0,0.023171,1,72.8,top 50%
ETHUSDT,2024-04-20,12.1,0–20,0.1025,0.0,0.0,0.0,0.7766,0.0,0.0,0.0,0.029941,1,62.9,top 50%
ETHUSDT,2024-04-21,12.3,0–20,0.1097,0.0,0.0,0.0,0.7766,0.0,0.0,0.0,0.036694,1,64.1,top 50%
ETHUSDT,2024-04-22,11.3,0–20,0.0618,0.0,0.0,0.0,0.7766,0.0,0.0,0.0,0.004303,1,57.6,top 50%
ETHUSDT,2024-04-23,11.0,0–20,0.0454,0.0,0.0,0.0,0.7766,0.0,0.0,0.0,-0.064482,0,55.0,top 50%
ETHUSDT,2024-04-24,12.3,0–20,0.1101,0.0,0.0,0.0,0.7766,0.0,0.0,0.0,-0.05415,0,64.1,top 50%
ETHUSDT,2024-04-25,12.0,0–20,0.0934,0.0,0.0,0.0,0.7766,0.0,0.0,0.0,-0.053331,0,62.3,top 50%
ETHUSDT,2024-04-26,12.4,0–20,0.1159,0.0,0.0,0.0,0.7766,0.0,0.0,0.0,-0.008505,0,64.7,top 50%
ETHUSDT,2024-04-27,10.1,0–20,0.0,0.0,0.0,0.0,0.7766,0.0,0.0,0.0,-0.041385,0,48.0,bottom 50%
ETHUSDT,2024-04-28,10.1,0–20,0.0,0.0,0.0,0.0,0.7766,0.0,0.0,0.0,-0.038472,0,48.0,bottom 50%
ETHUSDT,2024-04-29,10.7,0–20,0.0305,0.0,0.0,0.0,0.7766,0.0,0.0,0.0,-0.04749,0,53.1,top 50%
ETHUSDT,2024-04-30,14.1,0–20,0.2027,0.0,0.0,0.0,0.7766,0.0,0.0,0.0,-0.001895,0,74.6,top 50%
ETHUSDT,2024-05-01,12.5,0–20,0.2334,0.0,0.0,0.0,0.6016,0.0,0.0,0.0,0.001304,1,65.2,top 50%
ETHUSDT,2024-05-02,12.1,0–20,0.2117,0.0,0.0,0.0,0.6016,0.0,0.0,0.0129,0.016014,1,62.9,top 50%
ETHUSDT,2024-05-03,12.3,0–20,0.0828,0.0,0.0,0.0,0.6016,0.0,0.0,0.4081,-0.062429,0,64.1,top 50%
ETHUSDT,2024-05-04,9.8,0–20,0.0679,0.0,0.0,0.0,0.6016,0.0,0.0,0.0898,-0.066069,0,46.2,bottom 50%
ETHUSDT,2024-05-05,8.7,0–20,0.0462,0.0,0.0,0.0,0.6016,0.0,0.0,0.0,-0.066475,0,41.5,bottom 50%
ETHUSDT,2024-05-06,10.2,0–20,0.1192,0.0,0.0,0.0,0.6016,0.0,0.0,0.0,-0.037016,0,48.9,bottom 50%
ETHUSDT,2024-05-07,11.3,0–20,0.1708,0.0,0.0,0.0,0.6016,0.0,0.0,0.0058,-0.041715,0,57.6,top 50%
ETHUSDT,2024-05-08,12.2,0–20,0.2003,0.0,0.0,0.0,0.6016,0.0,0.0,0.0586,0.02132,1,63.5,top 50%
ETHUSDT,2024-05-09,10.9,0–20,0.119,0.0,0.0,0.0,0.6016,0.0,0.0,0.0928,-0.029937,0,54.3,top 50%
ETHUSDT,2024-05-10,12.5,0–20,0.2323,0.0,0.0,0.0,0.6016,0.0,0.0,0.0,0.063347,1,65.2,top 50%
ETHUSDT,2024-05-11,12.4,0–20,0.2299,0.0,0.0,0.0,0.6016,0.0,0.0,0.0,0.072588,1,64.7,top 50%
ETHUSDT,2024-05-12,11.9,0–20,0.2056,0.0,0.0,0.0,0.6016,0.0,0.0,0.0,0.048875,1,61.7,top 50%
ETHUSDT,2024-05-13,11.3,0–20,0.1753,0.0,0.0,0.0,0.6016,0.0,0.0,0.0,0.242255,1,57.6,top 50%
ETHUSDT,2024-05-14,12.7,0–20,0.2429,0.0,0.0,0.0,0.6016,0.0,0.0,0.0,0.315205,1,66.4,top 50%
ETHUSDT,2024-05-15,8.5,0–20,0.0344,0.0,0.0,0.0,0.6016,0.0,0.0,0.0,0.230539,1,40.9,bottom 50%
ETHUSDT,2024-05-16,10.4,0–20,0.1273,0.0,0.0,0.0,0.6016,0.0,0.0,0.0,0.282431,1,51.5,top 50%
ETHUSDT,2024-05-17,7.8,0–20,0.0,0.0,0.0,0.0,0.6016,0.0,0.0,0.0,0.204522,1,37.5,bottom 50%
ETHUSDT,2024-05-18,7.8,0–20,0.0,0.0,0.0,0.0,0.6016,0.0,0.0,0.0,0.200544,1,37.5,bottom 50%
ETHUSDT,2024-05-19,7.8,0–20,0.0,0.0,0.0,0.0,0.6016,0.0,0.0,0.0,0.245473,1,37.5,bottom 50%
ETHUSDT,2024-05-20,8.2,0–20,0.0,0.0,0.0,0.0,0.6016,0.0,0.0,0.0496,0.062271,1,40.0,bottom 50%
ETHUSDT,2024-05-21,7.8,0–20,0.0,0.0,0.0,0.0,0.6016,0.0,0.0,0.0,0.013444,1,37.5,bottom 50%
ETHUSDT,2024-05-22,9.3,0–20,0.0,0.0,0.0,0.0,0.6016,0.0,0.0,0.2141,0.006951,1,44.2,bottom 50%
ETHUSDT,2024-05-23,8.1,0–20,0.0,0.0,0.0,0.0,0.6016,0.0,0.0,0.0378,-0.007964,0,39.2,bottom 50%
ETHUSDT,2024-05-24,7.8,0–20,0.0,0.0,0.0,0.0,0.6016,0.0,0.0,0.0,0.008879,1,37.5,bottom 50%
ETHUSDT,2024-05-25,13.8,0–20,0.0,0.0,0.0,0.0,0.6016,0.0,0.0,0.8588,0.01706,1,72.8,top 50%
ETHUSDT,2024-05-26,14.8,0–20,0.0,0.0,0.0,0.0,0.6016,0.0,0.0,1.0,-0.011762,0,79.4,top 25%
ETHUSDT,2024-05-27,14.8,0–20,0.0,0.0,0.0,0.0,0.6016,0.0,0.0,1.0,-0.032276,0,79.4,top 25%
ETHUSDT,2024-05-28,14.8,0–20,0.0,0.0,0.0,0.0,0.6016,0.0,0.0,1.0,-0.007224,0,79.4,top 25%
ETHUSDT,2024-05-29,14.8,0–20,0.0,0.0,0.0,0.0,0.6016,0.0,0.0,1.0,0.026856,1,79.4,top 25%
ETHUSDT,2024-05-30,14.8,0–20,0.0,0.0,0.0,0.0,0.6016,0.0,0.0,1.0,0.017283,1,79.4,top 25%
ETHUSDT,2024-05-31,14.8,0–20,0.0,0.0,0.0,0.0,0.6016,0.0,0.0,1.0,-0.021648,0,79.4,top 25%
ETHUSDT,2024-06-01,7.0,0–20,0.0,0.0,0.0,0.0,0.0,0.0,0.0,1.0,-0.034682,0,31.3,bottom 50%
ETHUSDT,2024-06-02,7.0,0–20,0.0,0.0,0.0,0.0,0.0,0.0,0.0,1.0,-0.019835,0,31.3,bottom 50%
ETHUSDT,2024-06-03,7.0,0–20,0.0,0.0,0.0,0.0,0.0,0.0,0.0,1.0,-0.026463,0,31.3,bottom 50%
ETHUSDT,2024-06-04,7.0,0–20,0.0,0.0,0.0,0.0,0.0,0.0,0.0,1.0,-0.082409,0,31.3,bottom 50%
ETHUSDT,2024-06-05,7.0,0–20,0.0,0.0,0.0,0.0,0.0,0.0,0.0,1.0,-0.078836,0,31.3,bottom 50%
ETHUSDT,2024-06-06,7.0,0–20,0.0,0.0,0.0,0.0,0.0,0.0,0.0,1.0,-0.089811,0,31.3,bottom 50%
ETHUSDT,2024-06-07,7.0,0–20,0.0,0.0,0.0,0.0,0.0,0.0,0.0,1.0,-0.053921,0,31.3,bottom 50%
ETHUSDT,2024-06-08,7.0,0–20,0.0,0.0,0.0,0.0,0.0,0.0,0.0,1.0,-0.031351,0,31.3,bottom 50%
ETHUSDT,2024-06-09,1.4,0–20,0.0,0.0,0.0,0.0,0.0,0.0,0.0,0.1972,-0.023028,0,8.5,bottom 50%
ETHUSDT,2024-06-10,0.7,0–20,0.0,0.0,0.0,0.0,0.0,0.0,0.0,0.0938,-0.042364,0,5.7,bottom 50%
ETHUSDT,2024-06-11,8.3,0–20,0.132,0.3334,0.0,0.0,0.0,0.0,0.0,0.0913,-0.004187,0,40.3,bottom 50%
ETHUSDT,2024-06-12,1.2,0–20,0.0577,0.0,0.0,0.0,0.0,0.0,0.0,0.0,-7.6e-05,0,7.7,bottom 50%
ETHUSDT,2024-06-13,4.4,0–20,0.1466,0.0996,0.0,0.0,0.0,0.0,0.0,0.0,0.01205,1,20.1,bottom 50%
ETHUSDT,2024-06-14,2.7,0–20,0.1326,0.0,0.0,0.0,0.0,0.0,0.0,0.0,0.010288,1,13.1,bottom 50%
ETHUSDT,2024-06-15,0.6,0–20,0.0277,0.0,0.0,0.0,0.0,0.0,0.0,0.0,-0.019839,0,5.2,bottom 50%
ETHUSDT,2024-06-16,0.0,0–20,0.0,0.0,0.0,0.0,0.0,0.0,0.0,0.0,-0.055779,0,1.9,bottom 50%
ETHUSDT,2024-06-17,1.7,0–20,0.084,0.0,0.0,0.0,0.0,0.0,0.0,0.0,-0.045886,0,9.7,bottom 50%
ETHUSDT,2024-06-18,4.5,0–20,0.1117,0.0,0.0,0.0,0.0,0.0,0.3188,0.0,-0.025448,0,20.6,bottom 50%
ETHUSDT,2024-06-19,0.4,0–20,0.0207,0.0,0.0,0.0,0.0,0.0,0.0,0.0,-0.053344,0,4.6,bottom 50%
ETHUSDT,2024-06-20,1.5,0–20,0.0728,0.0,0.0,0.0,0.0,0.0,0.0,0.0,-0.018879,0,9.0,bottom 50%
ETHUSDT,2024-06-21,1.3,0–20,0.0665,0.0,0.0,0.0,0.0,0.0,0.0,0.0,-0.040511,0,8.1,bottom 50%
ETHUSDT,2024-06-22,1.8,0–20,0.0911,0.0,0.0,0.0,0.0,0.0,0.0,0.0,-0.034865,0,10.1,bottom 50%
ETHUSDT,2024-06-23,3.5,0–20,0.175,0.0,0.0,0.0,0.0,0.0,0.0,0.0,0.004176,1,16.7,bottom 50%
ETHUSDT,2024-06-24,7.9,0–20,0.2425,0.0,0.0,0.0,0.0,0.0,0.4392,0.0,0.026889,1,38.2,bottom 50%
ETHUSDT,2024-06-25,3.5,0–20,0.1747,0.0,0.0,0.0,0.0,0.0,0.0,0.0,0.006281,1,16.7,bottom 50%
ETHUSDT,2024-06-26,4.0,0–20,0.2014,0.0,0.0,0.0,0.0,0.0,0.0,0.0,-0.022722,0,18.8,bottom 50%
ETHUSDT,2024-06-27,1.8,0–20,0.0892,0.0,0.0,0.0,0.0,0.0,0.0,0.0,-0.113295,0,10.1,bottom 50%
ETHUSDT,2024-06-28,3.4,0–20,0.1683,0.0,0.0,0.0,0.0,0.0,0.0,0.0,-0.116206,0,16.0,bottom 50%
ETHUSDT,2024-06-29,3.4,0–20,0.169,0.0,0.0,0.0,0.0,0.0,0.0,0.0,-0.090007,0,16.0,bottom 50%
ETHUSDT,2024-06-30,1.6,0–20,0.0777,0.0,0.0,0.0,0.0,0.0,0.0,0.0,-0.14667,0,9.4,bottom 50%
ETHUSDT,2024-07-01,12.6,0–20,0.0666,0.0,0.0,0.0,0.868,0.0,0.0,0.0,-0.122549,0,65.8,top 50%
ETHUSDT,2024-07-02,13.3,0–20,0.0989,0.0,0.0,0.0,0.868,0.0,0.0,0.0,-0.103128,0,70.1,top 50%
ETHUSDT,2024-07-03,16.2,0–20,0.244,0.0,0.0,0.0,0.868,0.0,0.0,0.0,-0.057912,0,88.4,top 25%
ETHUSDT,2024-07-04,29.6,20–40,0.4336,0.3729,0.0,0.0,0.868,0.0,0.5827,0.0,0.014997,1,100.0,top 10%
ETHUSDT,2024-07-05,31.3,20–40,0.4769,0.2498,0.0,0.0,0.868,0.0,0.956,0.0,0.051167,1,100.0,top 10%
ETHUSDT,2024-07-06,18.2,0–20,0.3439,0.0,0.0,0.0,0.868,0.0,0.0,0.0,0.035128,1,94.6,top 10%
ETHUSDT,2024-07-07,21.1,20–40,0.4318,0.0805,0.0,0.0,0.868,0.0,0.0,0.0,0.107426,1,98.3,top 10%
ETHUSDT,2024-07-08,17.5,0–20,0.3111,0.0,0.0,0.0,0.868,0.0,0.0,0.0,0.155966,1,93.6,top 10%
ETHUSDT,2024-07-09,16.4,0–20,0.2534,0.0,0.0,0.0,0.868,0.0,0.0,0.0,0.12385,1,88.8,top 25%
ETHUSDT,2024-07-10,15.4,0–20,0.2052,0.0,0.0,0.0,0.868,0.0,0.0,0.0,0.092364,1,84.2,top 25%
ETHUSDT,2024-07-11,15.4,0–20,0.2069,0.0,0.0,0.0,0.868,0.0,0.0,0.0,0.105127,1,84.2,top 25%
ETHUSDT,2024-07-12,14.5,0–20,0.1611,0.0,0.0,0.0,0.868,0.0,0.0,0.0,0.118557,1,76.9,top 25%
ETHUSDT,2024-07-13,13.4,0–20,0.1038,0.0,0.0,0.0,0.868,0.0,0.0,0.0,0.107672,1,70.7,top 50%
ETHUSDT,2024-07-14,11.7,0–20,0.0196,0.0,0.0,0.0,0.868,0.0,0.0,0.0,0.090172,1,60.5,top 50%
ETHUSDT,2024-07-15,11.3,0–20,0.0,0.0,0.0,0.0,0.868,0.0,0.0,0.0,-0.01408,0,57.6,top 50%
ETHUSDT,2024-07-16,11.3,0–20,0.0,0.0,0.0,0.0,0.868,0.0,0.0,0.0,0.011175,1,57.6,top 50%
ETHUSDT,2024-07-17,11.3,0–20,0.0,0.0,0.0,0.0,0.868,0.0,0.0,0.0,-0.015467,0,57.6,top 50%
ETHUSDT,2024-07-18,11.3,0–20,0.0,0.0,0.0,0.0,0.868,0.0,0.0,0.0,-0.0735,0,57.6,top 50%
ETHUSDT,2024-07-19,11.3,0–20,0.0,0.0,0.0,0.0,0.868,0.0,0.0,0.0,-0.065545,0,57.6,top 50%
ETHUSDT,2024-07-20,11.9,0–20,0.0,0.0,0.0,0.0,0.868,0.0,0.0,0.0832,-0.077199,0,61.7,top 50%
ETHUSDT,2024-07-21,11.3,0–20,0.0,0.0,0.0,0.0,0.868,0.0,0.0,0.0047,-0.07497,0,57.6,top 50%
ETHUSDT,2024-07-22,11.3,0–20,0.0,0.0,0.0,0.0,0.868,0.0,0.0,0.0,-0.034845,0,57.6,top 50%
ETHUSDT,2024-07-23,12.7,0–20,0.0,0.0,0.0,0.0,0.868,0.0,0.0,0.2058,-0.058394,0,66.4,top 50%
ETHUSDT,2024-07-24,16.8,0–20,0.0282,0.0,0.0,0.0,0.868,0.0,0.0,0.7029,-0.031485,0,89.9,top 25%
ETHUSDT,2024-07-25,24.2,20–40,0.176,0.0,0.0,0.0,0.868,0.0,0.525,0.8133,0.008549,1,99.3,top 10%
ETHUSDT,2024-07-26,17.5,0–20,0.0665,0.0,0.0,0.0,0.868,0.0,0.0,0.705,-0.088505,0,93.6,top 10%
ETHUSDT,2024-07-27,18.9,0–20,0.0919,0.0,0.0,0.0,0.868,0.0,0.0,0.8234,-0.105993,0,96.6,top 10%
ETHUSDT,2024-07-28,17.6,0–20,0.0656,0.0,0.0,0.0,0.868,0.0,0.0,0.7209,-0.178839,0,93.8,top 10%
ETHUSDT,2024-07-29,14.6,0–20,0.0116,0.0,0.0,0.0,0.868,0.0,0.0,0.4423,-0.272044,0,77.5,top 25%
ETHUSDT,2024-07-30,13.2,0–20,0.0556,0.0,0.0,0.0,0.868,0.0,0.0,0.1202,-0.250084,0,69.5,top 50%
ETHUSDT,2024-07-31,15.3,0–20,0.1041,0.0,0.0,0.0,0.868,0.0,0.0,0.2794,-0.276888,0,83.8,top 25%
ETHUSDT,2024-08-01,3.9,0–20,0.1342,0.0,0.0,0.0,0.0,0.0,0.0,0.1784,-0.161862,0,18.2,bottom 50%
ETHUSDT,2024-08-02,9.7,0–20,0.3141,0.1614,0.0,0.0,0.0,0.0,0.0,0.1354,-0.129408,0,45.8,bottom 50%
ETHUSDT,2024-08-03,10.3,0–20,0.3683,0.147,0.0,0.0,0.0,0.0,0.0,0.103,-0.101042,0,50.2,top 50%
ETHUSDT,2024-08-04,13.3,0–20,0.4836,0.2434,0.0,0.0,0.0,0.0,0.0,0.0,-0.049563,0,70.1,top 50%
ETHUSDT,2024-08-05,22.8,20–40,0.5849,0.2753,0.0,0.0,0.0,0.0,1.0,0.0,0.127099,1,99.0,top 10%
ETHUSDT,2024-08-06,11.6,0–20,0.5349,0.0604,0.0,0.0,0.0,0.0,0.0,0.0,0.099624,1,59.9,top 50%
ETHUSDT,2024-08-07,12.1,0–20,0.5772,0.0342,0.0,0.0,0.0,0.0,0.0,0.0,0.139659,1,62.9,top 50%
ETHUSDT,2024-08-08,4.7,0–20,0.2343,0.0,0.0,0.0,0.0,0.0,0.0,0.0,-0.04221,0,21.2,bottom 50%
ETHUSDT,2024-08-09,5.5,0–20,0.2753,0.0,0.0,0.0,0.0,0.0,0.0,0.0,-0.002467,0,24.3,bottom 50%
ETHUSDT,2024-08-10,5.3,0–20,0.2662,0.0,0.0,0.0,0.0,0.0,0.0,0.0,0.001733,1,23.6,bottom 50%
ETHUSDT,2024-08-11,5.9,0–20,0.2956,0.0,0.0,0.0,0.0,0.0,0.0,0.0,0.023541,1,25.9,bottom 50%
ETHUSDT,2024-08-12,2.9,0–20,0.1463,0.0,0.0,0.0,0.0,0.0,0.0,0.0,-0.031979,0,13.9,bottom 50%
ETHUSDT,2024-08-13,3.2,0–20,0.159,0.0,0.0,0.0,0.0,0.0,0.0,0.0,-0.048292,0,15.1,bottom 50%
ETHUSDT,2024-08-14,3.7,0–20,0.1845,0.0,0.0,0.0,0.0,0.0,0.0,0.0,-0.011836,0,17.4,bottom 50%
ETHUSDT,2024-08-15,4.8,0–20,0.2411,0.0,0.0,0.0,0.0,0.0,0.0,0.0,0.020569,1,21.7,bottom 50%
ETHUSDT,2024-08-16,4.4,0–20,0.2185,0.0,0.0,0.0,0.0,0.0,0.0,0.0,0.066042,1,20.1,bottom 50%
ETHUSDT,2024-08-17,3.9,0–20,0.1967,0.0,0.0,0.0,0.0,0.0,0.0,0.0,0.059224,1,18.2,bottom 50%
ETHUSDT,2024-08-18,4.0,0–20,0.1976,0.0,0.0,0.0,0.0,0.0,0.0,0.0,0.051964,1,18.8,bottom 50%
ETHUSDT,2024-08-19,3.4,0–20,0.1704,0.0,0.0,0.0,0.0,0.0,0.0,0.0,0.016697,1,16.0,bottom 50%
ETHUSDT,2024-08-20,4.4,0–20,0.2214,0.0,0.0,0.0,0.0,0.0,0.0,0.0,-0.044452,0,20.1,bottom 50%
ETHUSDT,2024-08-21,3.0,0–20,0.1522,0.0,0.0,0.0,0.0,0.0,0.0,0.0,-0.039135,0,14.3,bottom 50%
ETHUSDT,2024-08-22,3.2,0–20,0.1596,0.0,0.0,0.0,0.0,0.0,0.0,0.0,-0.035898,0,15.1,bottom 50%
ETHUSDT,2024-08-23,0.0,0–20,0.0013,0.0,0.0,0.0,0.0,0.0,0.0,0.0,-0.086319,0,1.9,bottom 50%
ETHUSDT,2024-08-24,0.0,0–20,0.0,0.0,0.0,0.0,0.0,0.0,0.0,0.0,-0.092438,0,1.9,bottom 50%
ETHUSDT,2024-08-25,2.8,0–20,0.0183,0.0,0.0,0.0,0.0,0.0,0.0,0.3445,-0.116856,0,13.5,bottom 50%
ETHUSDT,2024-08-26,4.3,0–20,0.0906,0.0,0.0,0.0,0.0,0.0,0.0,0.3578,-0.053389,0,19.7,bottom 50%
ETHUSDT,2024-08-27,11.3,0–20,0.2785,0.1114,0.0,0.0,0.0,0.0,0.0,0.5744,-0.015505,0,57.6,top 50%
ETHUSDT,2024-08-28,8.2,0–20,0.1952,0.0,0.0,0.0,0.0,0.0,0.4743,0.1382,-0.031418,0,40.0,bottom 50%
ETHUSDT,2024-08-29,6.0,0–20,0.1948,0.0,0.0,0.0,0.0,0.0,0.0,0.2982,-0.063689,0,26.1,bottom 50%
ETHUSDT,2024-08-30,5.7,0–20,0.1974,0.0,0.0,0.0,0.0,0.0,0.0,0.2449,-0.119543,0,25.0,bottom 50%
ETHUSDT,2024-08-31,5.8,0–20,0.2088,0.0,0.0,0.0,0.0,0.0,0.0,0.2351,-0.095205,0,25.5,bottom 50%
ETHUSDT,2024-09-01,5.7,0–20,0.2843,0.0,0.0,0.0,0.0,0.0,0.0,0.0,-0.053795,0,25.0,bottom 50%
ETHUSDT,2024-09-02,2.7,0–20,0.134,0.0,0.0,0.0,0.0,0.0,0.0,0.0,-0.070801,0,13.1,bottom 50%
ETHUSDT,2024-09-03,4.7,0–20,0.2366,0.0,0.0,0.0,0.0,0.0,0.0,0.0,-0.012816,0,21.2,bottom 50%
ETHUSDT,2024-09-04,4.0,0–20,0.1996,0.0,0.0,0.0,0.0,0.0,0.0,0.0,-0.044564,0,18.8,bottom 50%
ETHUSDT,2024-09-05,5.3,0–20,0.2671,0.0,0.0,0.0,0.0,0.0,0.0,0.0,-0.002515,0,23.6,bottom 50%
ETHUSDT,2024-09-06,13.9,0–20,0.3687,0.1176,0.0,0.0,0.0,0.0,0.6843,0.0,0.097906,1,73.4,top 50%
ETHUSDT,2024-09-07,6.0,0–20,0.3009,0.0,0.0,0.0,0.0,0.0,0.0,0.0,0.063536,1,26.1,bottom 50%
ETHUSDT,2024-09-08,5.4,0–20,0.2696,0.0,0.0,0.0,0.0,0.0,0.0,0.0,0.010275,1,24.1,bottom 50%
ETHUSDT,2024-09-09,3.8,0–20,0.1885,0.0,0.0,0.0,0.0,0.0,0.0,0.0,-0.026796,0,17.8,bottom 50%
ETHUSDT,2024-09-10,3.0,0–20,0.1483,0.0,0.0,0.0,0.0,0.0,0.0,0.0,-0.020034,0,14.3,bottom 50%
ETHUSDT,2024-09-11,3.9,0–20,0.1952,0.0,0.0,0.0,0.0,0.0,0.0,0.0,0.012773,1,18.2,bottom 50%
ETHUSDT,2024-09-12,3.3,0–20,0.1647,0.0,0.0,0.0,0.0,0.0,0.0,0.0,0.043599,1,15.5,bottom 50%
ETHUSDT,2024-09-13,1.2,0–20,0.0591,0.0,0.0,0.0,0.0,0.0,0.0,0.0,0.048929,1,7.7,bottom 50%
ETHUSDT,2024-09-14,1.7,0–20,0.0848,0.0,0.0,0.0,0.0,0.0,0.0,0.0,0.08156,1,9.7,bottom 50%
ETHUSDT,2024-09-15,3.7,0–20,0.1867,0.0,0.0,0.0,0.0,0.0,0.0,0.0,0.112872,1,17.4,bottom 50%
ETHUSDT,2024-09-16,4.2,0–20,0.2115,0.0,0.0,0.0,0.0,0.0,0.0,0.0,0.153908,1,19.4,bottom 50%
ETHUSDT,2024-09-17,2.9,0–20,0.1435,0.0,0.0,0.0,0.0,0.0,0.0,0.0,0.133512,1,13.9,bottom 50%
ETHUSDT,2024-09-18,2.1,0–20,0.1032,0.0,0.0,0.0,0.0,0.0,0.0,0.0,0.088474,1,11.1,bottom 50%
ETHUSDT,2024-09-19,0.0,0–20,0.0,0.0,0.0,0.0,0.0,0.0,0.0,0.0,0.067937,1,1.9,bottom 50%
ETHUSDT,2024-09-20,0.0,0–20,0.0,0.0,0.0,0.0,0.0,0.0,0.0,0.0,0.052645,1,1.9,bottom 50%
ETHUSDT,2024-09-21,0.0,0–20,0.0,0.0,0.0,0.0,0.0,0.0,0.0,0.0,0.02358,1,1.9,bottom 50%
ETHUSDT,2024-09-22,0.0,0–20,0.0,0.0,0.0,0.0,0.0,0.0,0.0,0.0,0.029612,1,1.9,bottom 50%
ETHUSDT,2024-09-23,0.0,0–20,0.0,0.0,0.0,0.0,0.0,0.0,0.0,0.0,-0.017173,0,1.9,bottom 50%
ETHUSDT,2024-09-24,0.2,0–20,0.0,0.0,0.0,0.0,0.0,0.0,0.0,0.0347,-0.077395,0,4.2,bottom 50%
ETHUSDT,2024-09-25,2.9,0–20,0.0,0.0,0.0,0.0,0.0,0.0,0.0,0.4112,-0.083026,0,13.9,bottom 50%
ETHUSDT,2024-09-26,6.2,0–20,0.0,0.0,0.0,0.0,0.0,0.0,0.0,0.8868,-0.10729,0,26.8,bottom 50%
ETHUSDT,2024-09-27,5.0,0–20,0.0,0.0,0.0,0.0,0.0,0.0,0.0,0.7086,-0.104272,0,22.5,bottom 50%
ETHUSDT,2024-09-28,5.4,0–20,0.0,0.0,0.0,0.0,0.0,0.0,0.0,0.7729,-0.097816,0,24.1,bottom 50%
ETHUSDT,2024-09-29,4.4,0–20,0.0,0.0,0.0,0.0,0.0,0.0,0.0,0.6284,-0.082497,0,20.1,bottom 50%
ETHUSDT,2024-09-30,2.8,0–20,0.0,0.0,0.0,0.0,0.0,0.0,0.0,0.4008,-0.069636,0,13.5,bottom 50%
ETHUSDT,2024-10-01,18.2,0–20,0.1216,0.0,0.0,0.0,0.5845,0.0,0.5893,0.5812,-0.003708,0,94.6,top 10%
ETHUSDT,2024-10-02,16.1,0–20,0.207,0.0,0.0,0.0,0.5845,0.0,0.0,0.6206,0.00129,1,88.2,top 25%
ETHUSDT,2024-10-03,15.0,0–20,0.222,0.0,0.0,0.0,0.5845,0.0,0.0,0.424,0.014498,1,81.2,top 25%
ETHUSDT,2024-10-04,13.3,0–20,0.1253,0.0,0.0,0.0,0.5845,0.0,0.0,0.4519,0.008994,1,70.1,top 50%
ETHUSDT,2024-10-05,14.0,0–20,0.1241,0.0,0.0,0.0,0.5845,0.0,0.0,0.5641,0.025207,1,73.9,top 50%
ETHUSDT,2024-10-06,11.7,0–20,0.0868,0.0,0.0,0.0,0.5845,0.0,0.0,0.3335,0.011361,1,60.5,top 50%
ETHUSDT,2024-10-07,10.2,0–20,0.1105,0.0,0.0,0.0,0.5845,0.0,0.0,0.0514,0.085516,1,48.9,bottom 50%
ETHUSDT,2024-10-08,9.2,0–20,0.0805,0.0,0.0,0.0,0.5845,0.0,0.0,0.0,0.068111,1,43.9,bottom 50%
ETHUSDT,2024-10-09,11.1,0–20,0.1757,0.0,0.0,0.0,0.5845,0.0,0.0,0.0,0.102529,1,55.6,top 50%
ETHUSDT,2024-10-10,10.6,0–20,0.1479,0.0,0.0,0.0,0.5845,0.0,0.0,0.0,0.092462,1,52.6,top 50%
ETHUSDT,2024-10-11,8.7,0–20,0.0567,0.0,0.0,0.0,0.5845,0.0,0.0,0.0,0.084153,1,41.5,bottom 50%
ETHUSDT,2024-10-12,7.6,0–20,0.0,0.0,0.0,0.0,0.5845,0.0,0.0,0.0,0.069506,1,35.8,bottom 50%
ETHUSDT,2024-10-13,7.7,0–20,0.0067,0.0,0.0,0.0,0.5845,0.0,0.0,0.0,0.112935,1,36.7,bottom 50%
ETHUSDT,2024-10-14,7.6,0–20,0.0,0.0,0.0,0.0,0.5845,0.0,0.0,0.0,0.014003,1,35.8,bottom 50%
ETHUSDT,2024-10-15,7.6,0–20,0.0,0.0,0.0,0.0,0.5845,0.0,0.0,0.0,0.00544,1,35.8,bottom 50%
ETHUSDT,2024-10-16,7.6,0–20,0.0,0.0,0.0,0.0,0.5845,0.0,0.0,0.0,-0.039065,0,35.8,bottom 50%
ETHUSDT,2024-10-17,7.6,0–20,0.0,0.0,0.0,0.0,0.5845,0.0,0.0,0.0,-0.026792,0,35.8,bottom 50%
ETHUSDT,2024-10-18,7.6,0–20,0.0,0.0,0.0,0.0,0.5845,0.0,0.0,0.0,-0.07784,0,35.8,bottom 50%
ETHUSDT,2024-10-19,7.6,0–20,0.0,0.0,0.0,0.0,0.5845,0.0,0.0,0.0,-0.063826,0,35.8,bottom 50%
ETHUSDT,2024-10-20,7.6,0–20,0.0,0.0,0.0,0.0,0.5845,0.0,0.0,0.006,-0.087542,0,35.8,bottom 50%
ETHUSDT,2024-10-21,10.0,0–20,0.0,0.0,0.0,0.0,0.5845,0.0,0.0,0.3381,-0.03765,0,47.1,bottom 50%
ETHUSDT,2024-10-22,11.2,0–20,0.0,0.0,0.0,0.0,0.5845,0.0,0.0,0.5084,0.006778,1,56.2,top 50%
ETHUSDT,2024-10-23,13.0,0–20,0.0643,0.0,0.0,0.0,0.5845,0.0,0.0,0.5897,0.059094,1,68.2,top 50%
ETHUSDT,2024-10-24,11.4,0–20,0.0258,0.0,0.0,0.0,0.5845,0.0,0.0,0.4634,-0.007378,0,58.9,top 50%
ETHUSDT,2024-10-25,18.0,0–20,0.1536,0.0,0.0,0.0,0.5845,0.0,0.4447,0.6072,0.03118,1,94.3,top 10%
ETHUSDT,2024-10-26,12.3,0–20,0.0857,0.0,0.0,0.0,0.5845,0.0,0.0,0.4303,0.004624,1,64.1,top 50%
ETHUSDT,2024-10-27,11.3,0–20,0.0456,0.0,0.0,0.0,0.5845,0.0,0.0,0.3918,-0.019759,0,57.6,top 50%
ETHUSDT,2024-10-28,8.6,0–20,0.0,0.0,0.0,0.0,0.5845,0.0,0.0,0.1451,-0.065614,0,41.2,bottom 50%
ETHUSDT,2024-10-29,10.2,0–20,0.0,0.0,0.0,0.0,0.5845,0.0,0.0,0.3652,-0.081619,0,48.9,bottom 50%
ETHUSDT,2024-10-30,8.4,0–20,0.0,0.0,0.0,0.0,0.5845,0.0,0.0,0.1192,0.025136,1,40.6,bottom 50%
ETHUSDT,2024-10-31,9.2,0–20,0.047,0.0,0.0,0.0,0.5845,0.0,0.0,0.0897,0.15096,1,43.9,bottom 50%
ETHUSDT,2024-11-01,1.5,0–20,0.052,0.0,0.0,0.0,0.0,0.0,0.0,0.0595,0.179312,1,9.0,bottom 50%
ETHUSDT,2024-11-02,2.9,0–20,0.0796,0.0,0.0,0.0,0.0,0.0,0.0,0.1922,0.256948,1,13.9,bottom 50%
ETHUSDT,2024-11-03,2.6,0–20,0.1252,0.0,0.0,0.0,0.0,0.0,0.0,0.016,0.299177,1,12.8,bottom 50%
ETHUSDT,2024-11-04,4.6,0–20,0.1986,0.0,0.0,0.0,0.0,0.0,0.0,0.0889,0.407917,1,20.9,bottom 50%
ETHUSDT,2024-11-05,3.1,0–20,0.1536,0.0,0.0,0.0,0.0,0.0,0.0,0.0,0.339961,1,14.8,bottom 50%
ETHUSDT,2024-11-06,0.0,0–20,0.0,0.0,0.0,0.0,0.0,0.0,0.0,0.0,0.171952,1,1.9,bottom 50%
ETHUSDT,2024-11-07,0.0,0–20,0.0,0.0,0.0,0.0,0.0,0.0,0.0,0.0,0.056418,1,1.9,bottom 50%
ETHUSDT,2024-11-08,0.0,0–20,0.0,0.0,0.0,0.0,0.0,0.0,0.0,0.0,0.047512,1,1.9,bottom 50%
ETHUSDT,2024-11-09,0.0,0–20,0.0,0.0,0.0,0.0,0.0,0.0,0.0,0.0,0.00068,1,1.9,bottom 50%
ETHUSDT,2024-11-10,0.0,0–20,0.0,0.0,0.0,0.0,0.0,0.0,0.0,0.0,-0.036245,0,1.9,bottom 50%
ETHUSDT,2024-11-11,1.7,0–20,0.0,0.0,0.0,0.0,0.0,0.0,0.0,0.2458,-0.049471,0,9.7,bottom 50%
ETHUSDT,2024-11-12,6.0,0–20,0.0,0.0,0.0,0.0,0.0,0.0,0.0,0.8634,-0.041547,0,26.1,bottom 50%
ETHUSDT,2024-11-13,6.4,0–20,0.0,0.0,0.0,0.0,0.0,0.0,0.0,0.9096,-0.037715,0,27.3,bottom 50%
ETHUSDT,2024-11-14,7.0,0–20,0.0,0.0,0.0,0.0,0.0,0.0,0.0,1.0,0.098761,1,31.3,bottom 50%
ETHUSDT,2024-11-15,7.0,0–20,0.0,0.0,0.0,0.0,0.0,0.0,0.0,1.0,0.073657,1,31.3,bottom 50%
ETHUSDT,2024-11-16,7.0,0–20,0.0,0.0,0.0,0.0,0.0,0.0,0.0,1.0,0.083922,1,31.3,bottom 50%
ETHUSDT,2024-11-17,7.0,0–20,0.0,0.0,0.0,0.0,0.0,0.0,0.0,1.0,0.093638,1,31.3,bottom 50%
ETHUSDT,2024-11-18,7.0,0–20,0.0,0.0,0.0,0.0,0.0,0.0,0.0,1.0,0.06412,1,31.3,bottom 50%
ETHUSDT,2024-11-19,5.4,0–20,0.0,0.0,0.0,0.0,0.0,0.0,0.0,0.7685,0.069144,1,24.1,bottom 50%
ETHUSDT,2024-11-20,7.0,0–20,0.0,0.0,0.0,0.0,0.0,0.0,0.0,1.0,0.190438,1,31.3,bottom 50%
ETHUSDT,2024-11-21,7.0,0–20,0.0,0.0,0.0,0.0,0.0,0.0,0.0,1.0,0.065086,1,31.3,bottom 50%
ETHUSDT,2024-11-22,7.0,0–20,0.0,0.0,0.0,0.0,0.0,0.0,0.0,1.0,0.078609,1,31.3,bottom 50%
ETHUSDT,2024-11-23,7.0,0–20,0.0,0.0,0.0,0.0,0.0,0.0,0.0,1.0,0.091125,1,31.3,bottom 50%
ETHUSDT,2024-11-24,7.0,0–20,0.0,0.0,0.0,0.0,0.0,0.0,0.0,1.0,0.103312,1,31.3,bottom 50%
ETHUSDT,2024-11-25,7.0,0–20,0.0,0.0,0.0,0.0,0.0,0.0,0.0,1.0,0.06757,1,31.3,bottom 50%
ETHUSDT,2024-11-26,7.0,0–20,0.0,0.0,0.0,0.0,0.0,0.0,0.0,1.0,0.088439,1,31.3,bottom 50%
ETHUSDT,2024-11-27,5.8,0–20,0.0,0.0,0.0,0.0,0.0,0.0,0.0,0.8265,0.050333,1,25.5,bottom 50%
ETHUSDT,2024-11-28,5.4,0–20,0.0,0.0,0.0,0.0,0.0,0.0,0.0,0.772,0.064584,1,24.1,bottom 50%
ETHUSDT,2024-11-29,2.8,0–20,0.0,0.0,0.0,0.0,0.0,0.0,0.0,0.3967,0.11474,1,13.5,bottom 50%
ETHUSDT,2024-11-30,2.6,0–20,0.0,0.0,0.0,0.0,0.0,0.0,0.0,0.3779,0.080143,1,12.8,bottom 50%
ETHUSDT,2024-12-01,8.8,0–20,0.0,0.0,0.0,0.0,0.6747,0.0,0.0,0.0,0.079366,1,42.3,bottom 50%
ETHUSDT,2024-12-02,13.2,0–20,0.0,0.0,0.0,0.0,0.6747,0.0,0.0,0.6308,0.020441,1,69.5,top 50%
ETHUSDT,2024-12-03,13.1,0–20,0.0,0.0,0.0,0.0,0.6747,0.0,0.0,0.6134,0.003072,1,68.9,top 50%
ETHUSDT,2024-12-04,15.3,0–20,0.0,0.0,0.0,0.0,0.6747,0.0,0.0,0.934,-0.002215,0,83.8,top 25%
ETHUSDT,2024-12-05,15.8,0–20,0.0,0.0,0.0,0.0,0.6747,0.0,0.0,0.9987,0.018917,1,86.6,top 25%
ETHUSDT,2024-12-06,15.7,0–20,0.0,0.0,0.0,0.0,0.6747,0.0,0.0,0.9954,-0.023617,0,85.6,top 25%
ETHUSDT,2024-12-07,15.8,0–20,0.0,0.0,0.0,0.0,0.6747,0.0,0.0,1.0,-0.033549,0,86.6,top 25%
ETHUSDT,2024-12-08,13.8,0–20,0.0,0.0,0.0,0.0,0.6747,0.0,0.0,0.7119,-0.013422,0,72.8,top 50%
ETHUSDT,2024-12-09,18.8,0–20,0.0,0.0,0.0,0.0,0.6747,0.0,0.4339,1.0,0.072281,1,96.4,top 10%
ETHUSDT,2024-12-10,19.2,0–20,0.0,0.0,0.0,0.0,0.6747,0.0,0.4887,1.0,0.070194,1,97.0,top 10%
ETHUSDT,2024-12-11,15.2,0–20,0.0,0.0,0.0,0.0,0.6747,0.0,0.0,0.9177,-0.055842,0,83.5,top 25%
ETHUSDT,2024-12-12,15.6,0–20,0.0,0.0,0.0,0.0,0.6747,0.0,0.0,0.9771,-0.119794,0,85.2,top 25%
ETHUSDT,2024-12-13,14.9,0–20,0.0,0.0,0.0,0.0,0.6747,0.0,0.0,0.8761,-0.112153,0,80.9,top 25%
ETHUSDT,2024-12-14,12.6,0–20,0.0,0.0,0.0,0.0,0.6747,0.0,0.0,0.549,-0.137313,0,65.8,top 50%
ETHUSDT,2024-12-15,11.2,0–20,0.0,0.0,0.0,0.0,0.6747,0.0,0.0,0.3479,-0.170652,0,56.2,top 50%
ETHUSDT,2024-12-16,14.3,0–20,0.0,0.0,0.0,0.0,0.6747,0.0,0.0,0.7917,-0.143373,0,75.9,top 25%
ETHUSDT,2024-12-17,10.9,0–20,0.0,0.0,0.0,0.0,0.6747,0.0,0.0,0.3091,-0.101554,0,54.3,top 50%
ETHUSDT,2024-12-18,12.7,0–20,0.0443,0.0,0.0,0.0,0.6747,0.0,0.0,0.4283,-0.034696,0,66.4,top 50%
ETHUSDT,2024-12-19,20.8,20–40,0.1714,0.1203,0.0,0.0,0.6747,0.0,0.6384,0.338,-0.025367,0,98.1,top 10%
ETHUSDT,2024-12-20,17.5,0–20,0.1275,0.0,0.0,0.0,0.6747,0.0,0.587,0.2919,-0.041363,0,93.6,top 10%
ETHUSDT,2024-12-21,15.7,0–20,0.2068,0.0428,0.0,0.0,0.6747,0.0,0.0,0.3116,0.018183,1,85.6,top 25%
ETHUSDT,2024-12-22,15.8,0–20,0.2397,0.0202,0.0,0.0,0.6747,0.0,0.0,0.2806,0.021961,1,86.6,top 25%
ETHUSDT,2024-12-23,11.2,0–20,0.1236,0.0,0.0,0.0,0.6747,0.0,0.0,0.0,-0.017388,0,56.2,top 50%
ETHUSDT,2024-12-24,10.1,0–20,0.0644,0.0,0.0,0.0,0.6747,0.0,0.0,0.0,-0.04568,0,48.0,bottom 50%
ETHUSDT,2024-12-25,10.0,0–20,0.0635,0.0,0.0,0.0,0.6747,0.0,0.0,0.0,-0.040001,0,47.1,bottom 50%
ETHUSDT,2024-12-26,12.2,0–20,0.171,0.0,0.0,0.0,0.6747,0.0,0.0,0.0,0.036073,1,63.5,top 50%
ETHUSDT,2024-12-27,12.2,0–20,0.1724,0.0,0.0,0.0,0.6747,0.0,0.0,0.0,0.082938,1,63.5,top 50%
ETHUSDT,2024-12-28,11.0,0–20,0.1097,0.0,0.0,0.0,0.6747,0.0,0.0,0.0,0.07646,1,55.0,top 50%
ETHUSDT,2024-12-29,11.7,0–20,0.1443,0.0,0.0,0.0,0.6747,0.0,0.0,0.0,0.084965,1,60.5,top 50%
ETHUSDT,2024-12-30,11.5,0–20,0.1375,0.0,0.0,0.0,0.6747,0.0,0.0,0.0,0.098981,1,59.4,top 50%
ETHUSDT,2024-12-31,11.9,0–20,0.1562,0.0,0.0,0.0,0.6747,0.0,0.0,0.0,0.014717,1,61.7,top 50%
ETHUSDT,2025-01-01,2.7,0–20,0.133,0.0,0.0,0.0,0.0,0.0,0.0,0.0,-0.008103,0,13.1,bottom 50%
ETHUSDT,2025-01-02,0.6,0–20,0.0292,0.0,0.0,0.0,0.0,0.0,0.0,0.0,-0.067208,0,5.2,bottom 50%
ETHUSDT,2025-01-03,0.0,0–20,0.0,0.0,0.0,0.0,0.0,0.0,0.0,0.0,-0.093625,0,1.9,bottom 50%
ETHUSDT,2025-01-04,0.0,0–20,0.0,0.0,0.0,0.0,0.0,0.0,0.0,0.0,-0.102657,0,1.9,bottom 50%
ETHUSDT,2025-01-05,0.0,0–20,0.0,0.0,0.0,0.0,0.0,0.0,0.0,0.0,-0.101305,0,1.9,bottom 50%
ETHUSDT,2025-01-06,0.0,0–20,0.0,0.0,0.0,0.0,0.0,0.0,0.0,0.0,-0.149951,0,1.9,bottom 50%
ETHUSDT,2025-01-07,2.2,0–20,0.1115,0.0,0.0,0.0,0.0,0.0,0.0,0.0,-0.046692,0,11.6,bottom 50%
ETHUSDT,2025-01-08,7.9,0–20,0.1512,0.0,0.0,0.0,0.0,0.0,0.4441,0.2525,0.037341,1,38.2,bottom 50%
ETHUSDT,2025-01-09,6.1,0–20,0.2235,0.0,0.0,0.0,0.0,0.0,0.0,0.2347,0.027618,1,26.5,bottom 50%
ETHUSDT,2025-01-10,6.3,0–20,0.1751,0.0,0.0,0.0,0.0,0.0,0.0,0.3999,0.063234,1,27.1,bottom 50%
ETHUSDT,2025-01-11,7.1,0–20,0.1599,0.0,0.0,0.0,0.0,0.0,0.0,0.558,0.007182,1,34.2,bottom 50%
ETHUSDT,2025-01-12,3.5,0–20,0.1726,0.0,0.0,0.0,0.0,0.0,0.0,0.0,-0.017449,0,16.7,bottom 50%
ETHUSDT,2025-01-13,9.1,0–20,0.2681,0.0,0.0,0.0,0.0,0.0,0.5367,0.0,0.045459,1,43.6,bottom 50%
ETHUSDT,2025-01-14,3.4,0–20,0.1698,0.0,0.0,0.0,0.0,0.0,0.0,0.0,0.032175,1,16.0,bottom 50%
ETHUSDT,2025-01-15,0.0,0–20,0.0,0.0,0.0,0.0,0.0,0.0,0.0,0.0,-0.060951,0,1.9,bottom 50%
ETHUSDT,2025-01-16,1.5,0–20,0.0735,0.0,0.0,0.0,0.0,0.0,0.0,0.0,0.00797,1,9.0,bottom 50%
ETHUSDT,2025-01-17,0.0,0–20,0.0,0.0,0.0,0.0,0.0,0.0,0.0,0.0,-0.047365,0,1.9,bottom 50%
ETHUSDT,2025-01-18,3.5,0–20,0.0672,0.0,0.0,0.0,0.0,0.0,0.3011,0.0,0.003473,1,16.7,bottom 50%
ETHUSDT,2025-01-19,7.6,0–20,0.1289,0.0,0.0,0.0,0.0,0.0,0.7118,0.0,0.008467,1,35.8,bottom 50%
ETHUSDT,2025-01-20,7.1,0–20,0.0743,0.0,0.0,0.0,0.0,0.0,0.636,0.1682,-0.030236,0,34.2,bottom 50%
ETHUSDT,2025-01-21,0.7,0–20,0.0358,0.0,0.0,0.0,0.0,0.0,0.0,0.0,-0.075222,0,5.7,bottom 50%
ETHUSDT,2025-01-22,2.2,0–20,0.0974,0.0,0.0,0.0,0.0,0.0,0.0,0.0307,-0.039264,0,11.6,bottom 50%
ETHUSDT,2025-01-23,0.4,0–20,0.0212,0.0,0.0,0.0,0.0,0.0,0.0,0.0,-0.026069,0,4.6,bottom 50%
ETHUSDT,2025-01-24,0.8,0–20,0.0403,0.0,0.0,0.0,0.0,0.0,0.0,0.0,-0.003411,0,6.2,bottom 50%
ETHUSDT,2025-01-25,0.7,0–20,0.0337,0.0,0.0,0.0,0.0,0.0,0.0,0.0,-0.059971,0,5.7,bottom 50%
ETHUSDT,2025-01-26,2.0,0–20,0.099,0.0,0.0,0.0,0.0,0.0,0.0,0.0,-0.113543,0,10.7,bottom 50%
ETHUSDT,2025-01-27,5.0,0–20,0.143,0.0,0.0,0.0,0.0,0.0,0.299,0.0,-0.092596,0,22.5,bottom 50%
ETHUSDT,2025-01-28,4.9,0–20,0.2163,0.036,0.0,0.0,0.0,0.0,0.0,0.0116,-0.111163,0,22.2,bottom 50%
ETHUSDT,2025-01-29,4.5,0–20,0.1781,0.0,0.0,0.0,0.0,0.0,0.0,0.1317,-0.104472,0,20.6,bottom 50%
ETHUSDT,2025-01-30,1.4,0–20,0.0451,0.0,0.0,0.0,0.0,0.0,0.0,0.0746,-0.172234,0,8.5,bottom 50%
ETHUSDT,2025-01-31,0.0,0–20,0.0,0.0,0.0,0.0,0.0,0.0,0.0,0.0,-0.204973,0,1.9,bottom 50%
ETHUSDT,2025-02-01,11.0,0–20,0.1428,0.0,0.0,0.0,0.6242,0.0,0.0,0.0,-0.155859,0,55.0,top 50%
ETHUSDT,2025-02-02,22.1,20–40,0.2939,0.273,0.0,0.0,0.6242,0.0,0.5734,0.0,-0.083652,0,98.7,top 10%
ETHUSDT,2025-02-03,21.7,20–40,0.2785,0.0675,0.0,0.0,0.6242,0.0,1.0,0.0,-0.077447,0,98.5,top 10%
ETHUSDT,2025-02-04,21.9,20–40,0.3564,0.1695,0.0,0.0,0.6242,0.0,0.5927,0.0,-0.048361,0,98.5,top 10%
ETHUSDT,2025-02-05,14.2,0–20,0.303,0.0,0.0,0.0,0.6242,0.0,0.0,0.0,-0.01825,0,75.3,top 25%
ETHUSDT,2025-02-06,15.4,0–20,0.3546,0.0159,0.0,0.0,0.6242,0.0,0.0,0.0,-0.004649,0,84.2,top 25%
ETHUSDT,2025-02-07,15.9,0–20,0.3871,0.0,0.0,0.0,0.6242,0.0,0.0,0.0,0.039616,1,87.6,top 25%
ETHUSDT,2025-02-08,15.6,0–20,0.3757,0.0,0.0,0.0,0.6242,0.0,0.0,0.0,0.023269,1,85.2,top 25%
ETHUSDT,2025-02-09,15.7,0–20,0.3776,0.0,0.0,0.0,0.6242,0.0,0.0,0.0,0.01316,1,85.6,top 25%
ETHUSDT,2025-02-10,14.9,0–20,0.3369,0.0,0.0,0.0,0.6242,0.0,0.0,0.0,0.030826,1,80.9,top 25%
ETHUSDT,2025-02-11,15.6,0–20,0.3728,0.0,0.0,0.0,0.6242,0.0,0.0,0.0,0.025571,1,85.2,top 25%
ETHUSDT,2025-02-12,12.3,0–20,0.2104,0.0,0.0,0.0,0.6242,0.0,0.0,0.0,-0.007721,0,64.1,top 50%
ETHUSDT,2025-02-13,13.2,0–20,0.2536,0.0,0.0,0.0,0.6242,0.0,0.0,0.0,0.024098,1,69.5,top 50%
ETHUSDT,2025-02-14,12.0,0–20,0.1956,0.0,0.0,0.0,0.6242,0.0,0.0,0.0,-0.02437,0,62.3,top 50%
ETHUSDT,2025-02-15,12.5,0–20,0.2208,0.0,0.0,0.0,0.6242,0.0,0.0,0.0,0.026162,1,65.2,top 50%
ETHUSDT,2025-02-16,13.0,0–20,0.2445,0.0,0.0,0.0,0.6242,0.0,0.0,0.0,0.059322,1,68.2,top 50%
ETHUSDT,2025-02-17,11.0,0–20,0.1454,0.0,0.0,0.0,0.6242,0.0,0.0,0.0,-0.083617,0,55.0,top 50%
ETHUSDT,2025-02-18,12.3,0–20,0.2082,0.0,0.0,0.0,0.6242,0.0,0.0,0.0,-0.065839,0,64.1,top 50%
ETHUSDT,2025-02-19,11.1,0–20,0.151,0.0,0.0,0.0,0.6242,0.0,0.0,0.0,-0.141514,0,55.6,top 50%
ETHUSDT,2025-02-20,10.5,0–20,0.1207,0.0,0.0,0.0,0.6242,0.0,0.0,0.0,-0.158701,0,52.1,top 50%
ETHUSDT,2025-02-21,12.0,0–20,0.1955,0.0,0.0,0.0,0.6242,0.0,0.0,0.0,-0.158573,0,62.3,top 50%
ETHUSDT,2025-02-22,9.5,0–20,0.0689,0.0,0.0,0.0,0.6242,0.0,0.0,0.0,-0.198039,0,45.0,bottom 50%
ETHUSDT,2025-02-23,8.2,0–20,0.0059,0.0,0.0,0.0,0.6242,0.0,0.0,0.0,-0.106906,0,40.0,bottom 50%
ETHUSDT,2025-02-24,18.0,0–20,0.2584,0.1508,0.0,0.0,0.6242,0.0,0.3458,0.0,-0.146489,0,94.3,top 10%
ETHUSDT,2025-02-25,19.9,0–20,0.2715,0.0899,0.0,0.0,0.6242,0.0,0.7129,0.0,-0.129764,0,97.5,top 10%
ETHUSDT,2025-02-26,25.0,20–40,0.368,0.3172,0.0,0.0,0.6242,0.0,0.6835,0.0,-0.038378,0,99.4,top 10%
ETHUSDT,2025-02-27,19.7,0–20,0.3821,0.1595,0.0,0.0,0.6242,0.0,0.0,0.2256,-0.044679,0,97.4,top 10%
ETHUSDT,2025-02-28,24.5,20–40,0.4185,0.1193,0.0,0.0,0.6242,0.0,0.6047,0.2848,-0.044201,0,99.4,top 10%
ETHUSDT,2025-03-01,19.2,0–20,0.4298,0.0215,0.0,0.0,0.7906,0.0,0.0,0.0,-0.006827,0,97.0,top 10%
ETHUSDT,2025-03-02,12.3,0–20,0.0997,0.0,0.0,0.0,0.7906,0.0,0.0,0.0,-0.200098,0,64.1,top 50%
ETHUSDT,2025-03-03,18.6,0–20,0.3111,0.0041,0.0,0.0,0.7906,0.0,0.2896,0.0,-0.132562,0,96.1,top 10%
ETHUSDT,2025-03-04,18.0,0–20,0.2898,0.0,0.0,0.0,0.7906,0.0,0.2705,0.0,-0.115285,0,94.3,top 10%
ETHUSDT,2025-03-05,14.8,0–20,0.2266,0.0,0.0,0.0,0.7906,0.0,0.0,0.0,-0.148527,0,79.4,top 25%
ETHUSDT,2025-03-06,15.2,0–20,0.2484,0.0,0.0,0.0,0.7906,0.0,0.0,0.0,-0.154148,0,83.5,top 25%
ETHUSDT,2025-03-07,15.9,0–20,0.2833,0.0,0.0,0.0,0.7906,0.0,0.0,0.0,-0.107303,0,87.6,top 25%
ETHUSDT,2025-03-08,14.7,0–20,0.223,0.0,0.0,0.0,0.7906,0.0,0.0,0.0,-0.11997,0,78.0,top 25%
ETHUSDT,2025-03-09,16.8,0–20,0.3247,0.0,0.0,0.0,0.7906,0.0,0.0,0.0,-0.063544,0,89.9,top 25%
ETHUSDT,2025-03-10,22.3,20–40,0.3954,0.0,0.0,0.0,0.7906,0.0,0.5917,0.0,0.035382,1,98.8,top 10%
ETHUSDT,2025-03-11,17.0,0–20,0.338,0.0,0.0,0.0,0.7906,0.0,0.0,0.0,0.006614,1,90.4,top 10%
ETHUSDT,2025-03-12,17.1,0–20,0.3434,0.0,0.0,0.0,0.7906,0.0,0.0,0.0,0.07793,1,91.4,top 10%
ETHUSDT,2025-03-13,17.6,0–20,0.3669,0.0,0.0,0.0,0.7906,0.0,0.0,0.0,0.063946,1,93.8,top 10%
ETHUSDT,2025-03-14,16.6,0–20,0.3157,0.0,0.0,0.0,0.7906,0.0,0.0,0.0,0.029003,1,89.4,top 25%
ETHUSDT,2025-03-15,16.0,0–20,0.2846,0.0,0.0,0.0,0.7906,0.0,0.0,0.0,0.022011,1,87.9,top 25%
ETHUSDT,2025-03-16,16.6,0–20,0.3157,0.0,0.0,0.0,0.7906,0.0,0.0,0.0,0.062447,1,89.4,top 25%
ETHUSDT,2025-03-17,15.6,0–20,0.2686,0.0,0.0,0.0,0.7906,0.0,0.0,0.0,0.078088,1,85.2,top 25%
ETHUSDT,2025-03-18,15.5,0–20,0.2618,0.0,0.0,0.0,0.7906,0.0,0.0,0.0,0.06997,1,84.8,top 25%
ETHUSDT,2025-03-19,12.6,0–20,0.1159,0.0,0.0,0.0,0.7906,0.0,0.0,0.0,-0.023598,0,65.8,top 50%
ETHUSDT,2025-03-20,13.8,0–20,0.1777,0.0,0.0,0.0,0.7906,0.0,0.0,0.0,0.01022,1,72.8,top 50%
ETHUSDT,2025-03-21,14.1,0–20,0.1916,0.0,0.0,0.0,0.7906,0.0,0.0,0.0,-0.035293,0,74.6,top 50%
ETHUSDT,2025-03-22,13.7,0–20,0.1728,0.0,0.0,0.0,0.7906,0.0,0.0,0.0,-0.077129,0,72.4,top 50%
ETHUSDT,2025-03-23,13.1,0–20,0.1406,0.0,0.0,0.0,0.7906,0.0,0.0,0.0,-0.099277,0,68.9,top 50%
ETHUSDT,2025-03-24,11.3,0–20,0.0517,0.0,0.0,0.0,0.7906,0.0,0.0,0.0,-0.122263,0,57.6,top 50%
ETHUSDT,2025-03-25,11.5,0–20,0.0623,0.0,0.0,0.0,0.7906,0.0,0.0,0.0,-0.078477,0,59.4,top 50%
ETHUSDT,2025-03-26,12.8,0–20,0.1257,0.0,0.0,0.0,0.7906,0.0,0.0,0.0,-0.106449,0,67.1,top 50%
ETHUSDT,2025-03-27,12.9,0–20,0.1331,0.0,0.0,0.0,0.7906,0.0,0.0,0.0,-0.09325,0,67.6,top 50%
ETHUSDT,2025-03-28,15.1,0–20,0.2408,0.0,0.0,0.0,0.7906,0.0,0.0,0.0,-0.042294,0,82.4,top 25%
ETHUSDT,2025-03-29,17.2,0–20,0.3005,0.0,0.0,0.0,0.7906,0.0,0.0,0.1352,-0.011682,0,92.4,top 10%
ETHUSDT,2025-03-30,20.0,20–40,0.3184,0.0,0.0,0.0,0.7906,0.0,0.0,0.4849,-0.127056,0,97.7,top 10%
ETHUSDT,2025-03-31,17.5,0–20,0.2894,0.0,0.0,0.0,0.7906,0.0,0.0,0.2112,-0.147103,0,93.6,top 10%
ETHUSDT,2025-04-01,14.9,0–20,0.1589,0.0,0.0,0.0,0.7766,0.0,0.0,0.2327,-0.227206,0,80.9,top 25%
ETHUSDT,2025-04-02,16.0,0–20,0.2663,0.0,0.0,0.0,0.7766,0.0,0.0,0.0827,-0.070892,0,87.9,top 25%
ETHUSDT,2025-04-03,14.8,0–20,0.235,0.0,0.0,0.0,0.7766,0.0,0.0,0.0,-0.161441,0,79.4,top 25%
ETHUSDT,2025-04-04,17.1,0–20,0.2353,0.0,0.0,0.0,0.7766,0.0,0.3231,0.0,-0.136716,0,91.4,top 10%
ETHUSDT,2025-04-05,15.0,0–20,0.2452,0.0,0.0,0.0,0.7766,0.0,0.0,0.0,-0.089949,0,81.2,top 25%
ETHUSDT,2025-04-06,27.1,20–40,0.4384,0.2193,0.0,0.0,0.7766,0.0,0.7034,0.0,0.012658,1,99.7,top 10%
ETHUSDT,2025-04-07,27.5,20–40,0.4525,0.0893,0.0,0.0,0.7766,0.0,1.0,0.0,0.04342,1,99.8,top 10%
ETHUSDT,2025-04-08,26.8,20–40,0.5043,0.0997,0.0,0.0,0.7766,0.0,0.739,0.0,0.078829,1,99.6,top 10%
ETHUSDT,2025-04-09,14.3,0–20,0.2125,0.0,0.0,0.0,0.7766,0.0,0.0,0.0,-0.053916,0,75.9,top 25%
ETHUSDT,2025-04-10,16.5,0–20,0.3185,0.0,0.0,0.0,0.7766,0.0,0.0,0.0,0.039428,1,89.0,top 25%
ETHUSDT,2025-04-11,15.3,0–20,0.2624,0.0,0.0,0.0,0.7766,0.0,0.0,0.0,0.013895,1,83.8,top 25%
ETHUSDT,2025-04-12,13.5,0–20,0.1706,0.0,0.0,0.0,0.7766,0.0,0.0,0.0,-0.018622,0,71.3,top 50%
ETHUSDT,2025-04-13,14.3,0–20,0.2086,0.0,0.0,0.0,0.7766,0.0,0.0,0.0,-0.005744,0,75.9,top 25%
ETHUSDT,2025-04-14,13.6,0–20,0.1763,0.0,0.0,0.0,0.7766,0.0,0.0,0.0,-0.02652,0,71.9,top 50%
ETHUSDT,2025-04-15,14.2,0–20,0.2062,0.0,0.0,0.0,0.7766,0.0,0.0,0.0,0.106191,1,75.3,top 25%
ETHUSDT,2025-04-16,14.4,0–20,0.2157,0.0,0.0,0.0,0.7766,0.0,0.0,0.0,0.13814,1,76.4,top 25%
ETHUSDT,2025-04-17,14.3,0–20,0.2091,0.0,0.0,0.0,0.7766,0.0,0.0,0.0,0.118343,1,75.9,top 25%
ETHUSDT,2025-04-18,14.1,0–20,0.1991,0.0,0.0,0.0,0.7766,0.0,0.0,0.0,0.12443,1,74.6,top 50%
ETHUSDT,2025-04-19,13.3,0–20,0.1603,0.0,0.0,0.0,0.7766,0.0,0.0,0.0,0.129553,1,70.1,top 50%
ETHUSDT,2025-04-20,13.9,0–20,0.1902,0.0,0.0,0.0,0.7766,0.0,0.0,0.0,0.129354,1,73.4,top 50%
ETHUSDT,2025-04-21,14.1,0–20,0.1996,0.0,0.0,0.0,0.7766,0.0,0.0,0.0,0.138705,1,74.6,top 50%
ETHUSDT,2025-04-22,10.1,0–20,0.0,0.0,0.0,0.0,0.7766,0.0,0.0,0.0,0.023811,1,48.0,bottom 50%
ETHUSDT,2025-04-23,10.1,0–20,0.0,0.0,0.0,0.0,0.7766,0.0,0.0,0.0,-0.001297,0,48.0,bottom 50%
ETHUSDT,2025-04-24,10.1,0–20,0.0,0.0,0.0,0.0,0.7766,0.0,0.0,0.0,0.039207,1,48.0,bottom 50%
ETHUSDT,2025-04-25,10.1,0–20,0.0,0.0,0.0,0.0,0.7766,0.0,0.0,0.0,0.031385,1,48.0,bottom 50%
ETHUSDT,2025-04-26,10.2,0–20,0.0,0.0,0.0,0.0,0.7766,0.0,0.0,0.011,0.006564,1,48.9,bottom 50%
ETHUSDT,2025-04-27,14.7,0–20,0.0,0.0,0.0,0.0,0.7766,0.0,0.0,0.6628,0.008773,1,78.0,top 25%
ETHUSDT,2025-04-28,17.1,0–20,0.0,0.0,0.0,0.0,0.7766,0.0,0.0,1.0,0.011588,1,91.4,top 10%
ETHUSDT,2025-04-29,12.3,0–20,0.0,0.0,0.0,0.0,0.7766,0.0,0.0,0.3102,0.008844,1,64.1,top 50%
ETHUSDT,2025-04-30,16.2,0–20,0.0,0.0,0.0,0.0,0.7766,0.0,0.0,0.8708,0.009941,1,88.4,top 25%
ETHUSDT,2025-05-01,13.6,0–20,0.0,0.0,0.0,0.0,0.6016,0.0,0.0,0.8205,0.1997,1,71.9,top 50%
ETHUSDT,2025-05-02,11.1,0–20,0.0,0.0,0.0,0.0,0.6016,0.0,0.0,0.4669,0.272859,1,55.6,top 50%
ETHUSDT,2025-05-03,12.3,0–20,0.0,0.0,0.0,0.0,0.6016,0.0,0.0,0.6454,0.408205,1,64.1,top 50%
ETHUSDT,2025-05-04,11.6,0–20,0.0,0.0,0.0,0.0,0.6016,0.0,0.0,0.5464,0.38795,1,59.9,top 50%
ETHUSDT,2025-05-05,12.4,0–20,0.0,0.0,0.0,0.0,0.6016,0.0,0.0,0.655,0.371875,1,64.7,top 50%
ETHUSDT,2025-05-06,13.5,0–20,0.0,0.0,0.0,0.0,0.6016,0.0,0.0,0.8165,0.476584,1,71.3,top 50%
ETHUSDT,2025-05-07,13.5,0–20,0.0,0.0,0.0,0.0,0.6016,0.0,0.0,0.8081,0.440745,1,71.3,top 50%
ETHUSDT,2025-05-08,14.3,0–20,0.0,0.0,0.0,0.0,0.6016,0.0,0.0,0.9273,0.154244,1,75.9,top 25%
ETHUSDT,2025-05-09,13.3,0–20,0.0,0.0,0.0,0.0,0.6016,0.0,0.0,0.7866,0.081343,1,70.1,top 50%
ETHUSDT,2025-05-10,14.8,0–20,0.0,0.0,0.0,0.0,0.6016,0.0,0.0,1.0,-0.041305,0,79.4,top 25%
ETHUSDT,2025-05-11,14.8,0–20,0.0,0.0,0.0,0.0,0.6016,0.0,0.0,1.0,-0.004782,0,79.4,top 25%
ETHUSDT,2025-05-12,9.3,0–20,0.0,0.0,0.0,0.0,0.6016,0.0,0.0,0.2128,0.013127,1,44.2,bottom 50%
ETHUSDT,2025-05-13,14.8,0–20,0.0,0.0,0.0,0.0,0.6016,0.0,0.0,1.0,-0.05819,0,79.4,top 25%
ETHUSDT,2025-05-14,14.8,0–20,0.0,0.0,0.0,0.0,0.6016,0.0,0.0,1.0,-0.022113,0,79.4,top 25%
ETHUSDT,2025-05-15,14.8,0–20,0.0,0.0,0.0,0.0,0.6016,0.0,0.0,1.0,0.046057,1,79.4,top 25%
ETHUSDT,2025-05-16,14.8,0–20,0.0,0.0,0.0,0.0,0.6016,0.0,0.0,1.0,-0.003886,0,79.4,top 25%
ETHUSDT,2025-05-17,14.8,0–20,0.0,0.0,0.0,0.0,0.6016,0.0,0.0,1.0,0.022172,1,79.4,top 25%
ETHUSDT,2025-05-18,14.8,0–20,0.0,0.0,0.0,0.0,0.6016,0.0,0.0,1.0,0.021427,1,79.4,top 25%
ETHUSDT,2025-05-19,14.8,0–20,0.0,0.0,0.0,0.0,0.6016,0.0,0.0,1.0,0.013827,1,79.4,top 25%
ETHUSDT,2025-05-20,14.8,0–20,0.0,0.0,0.0,0.0,0.6016,0.0,0.0,1.0,0.055027,1,79.4,top 25%
ETHUSDT,2025-05-21,14.8,0–20,0.0,0.0,0.0,0.0,0.6016,0.0,0.0,1.0,0.050881,1,79.4,top 25%
ETHUSDT,2025-05-22,14.8,0–20,0.0,0.0,0.0,0.0,0.6016,0.0,0.0,1.0,-0.011824,0,79.4,top 25%
ETHUSDT,2025-05-23,14.8,0–20,0.0,0.0,0.0,0.0,0.6016,0.0,0.0,1.0,0.001386,1,79.4,top 25%
ETHUSDT,2025-05-24,14.8,0–20,0.0,0.0,0.0,0.0,0.6016,0.0,0.0,1.0,-0.000616,0,79.4,top 25%
ETHUSDT,2025-05-25,14.8,0–20,0.0,0.0,0.0,0.0,0.6016,0.0,0.0,1.0,-0.006073,0,79.4,top 25%
ETHUSDT,2025-05-26,14.8,0–20,0.0,0.0,0.0,0.0,0.6016,0.0,0.0,1.0,0.016754,1,79.4,top 25%
ETHUSDT,2025-05-27,14.8,0–20,0.0,0.0,0.0,0.0,0.6016,0.0,0.0,1.0,-0.026206,0,79.4,top 25%
ETHUSDT,2025-05-28,13.2,0–20,0.0,0.0,0.0,0.0,0.6016,0.0,0.0,0.7697,-0.027429,0,69.5,top 50%
ETHUSDT,2025-05-29,10.7,0–20,0.0,0.0,0.0,0.0,0.6016,0.0,0.0,0.4106,-0.082187,0,53.1,top 50%
ETHUSDT,2025-05-30,7.8,0–20,0.0,0.0,0.0,0.0,0.6016,0.0,0.0,0.0,-0.02085,0,37.5,bottom 50%
ETHUSDT,2025-05-31,8.6,0–20,0.0,0.0,0.0,0.0,0.6016,0.0,0.0,0.1059,-0.001021,0,41.2,bottom 50%
ETHUSDT,2025-06-01,2.2,0–20,0.0,0.0,0.0,0.0,0.0,0.0,0.0,0.3179,-0.010046,0,11.6,bottom 50%
ETHUSDT,2025-06-02,0.0,0–20,0.0,0.0,0.0,0.0,0.0,0.0,0.0,0.0038,0.028545,1,1.9,bottom 50%
ETHUSDT,2025-06-03,0.3,0–20,0.0,0.0,0.0,0.0,0.0,0.0,0.0,0.0426,0.084926,1,4.3,bottom 50%
ETHUSDT,2025-06-04,0.0,0–20,0.0,0.0,0.0,0.0,0.0,0.0,0.0,0.0,0.063208,1,1.9,bottom 50%
ETHUSDT,2025-06-05,2.1,0–20,0.0656,0.0503,0.0,0.0,0.0,0.0,0.0,0.0,0.097468,1,11.1,bottom 50%
ETHUSDT,2025-06-06,0.8,0–20,0.0,0.0,0.0,0.0,0.0,0.0,0.0,0.1194,0.041293,1,6.2,bottom 50%
ETHUSDT,2025-06-07,1.5,0–20,0.0,0.0,0.0,0.0,0.0,0.0,0.0,0.2111,0.002746,1,9.0,bottom 50%
ETHUSDT,2025-06-08,0.9,0–20,0.0,0.0,0.0,0.0,0.0,0.0,0.0,0.1227,0.014358,1,6.7,bottom 50%
ETHUSDT,2025-06-09,1.2,0–20,0.0,0.0,0.0,0.0,0.0,0.0,0.0,0.172,-0.052549,0,7.7,bottom 50%
ETHUSDT,2025-06-10,0.0,0–20,0.0,0.0,0.0,0.0,0.0,0.0,0.0,0.0,-0.107608,0,1.9,bottom 50%
ETHUSDT,2025-06-11,0.0,0–20,0.0,0.0,0.0,0.0,0.0,0.0,0.0,0.0,-0.089859,0,1.9,bottom 50%
ETHUSDT,2025-06-12,0.0,0–20,0.0,0.0,0.0,0.0,0.0,0.0,0.0,0.0001,-0.049077,0,1.9,bottom 50%
ETHUSDT,2025-06-13,4.5,0–20,0.0,0.0,0.0,0.0,0.0,0.0,0.6369,0.0,-0.06675,0,20.6,bottom 50%
ETHUSDT,2025-06-14,1.9,0–20,0.009,0.0,0.0,0.0,0.0,0.0,0.0,0.2402,-0.091949,0,10.4,bottom 50%
ETHUSDT,2025-06-15,3.1,0–20,0.0,0.0,0.0,0.0,0.0,0.0,0.0,0.4402,-0.125106,0,14.8,bottom 50%
ETHUSDT,2025-06-16,1.4,0–20,0.0015,0.0,0.0,0.0,0.0,0.0,0.0,0.19,-0.046753,0,8.5,bottom 50%
ETHUSDT,2025-06-17,0.8,0–20,0.0381,0.0,0.0,0.0,0.0,0.0,0.0,0.0,-0.024993,0,6.2,bottom 50%
ETHUSDT,2025-06-18,0.4,0–20,0.0198,0.0,0.0,0.0,0.0,0.0,0.0,0.0,-0.041592,0,4.6,bottom 50%
ETHUSDT,2025-06-19,0.5,0–20,0.0235,0.0,0.0,0.0,0.0,0.0,0.0,0.0069,-0.04184,0,4.9,bottom 50%
ETHUSDT,2025-06-20,3.6,0–20,0.1667,0.0,0.0,0.0,0.0,0.0,0.0,0.0332,0.00688,1,17.1,bottom 50%
ETHUSDT,2025-06-21,6.3,0–20,0.2738,0.0525,0.0,0.0,0.0,0.0,0.0,0.0077,0.059384,1,27.1,bottom 50%
ETHUSDT,2025-06-22,11.4,0–20,0.336,0.0769,0.0,0.0,0.0,0.0,0.5055,0.0,0.122406,1,58.9,top 50%
ETHUSDT,2025-06-23,1.4,0–20,0.0713,0.0,0.0,0.0,0.0,0.0,0.0,0.0,0.02669,1,8.5,bottom 50%
ETHUSDT,2025-06-24,0.8,0–20,0.0412,0.0,0.0,0.0,0.0,0.0,0.0,0.0,-0.017245,0,6.2,bottom 50%
ETHUSDT,2025-06-25,1.4,0–20,0.072,0.0,0.0,0.0,0.0,0.0,0.0,0.0,0.062838,1,8.5,bottom 50%
ETHUSDT,2025-06-26,1.5,0–20,0.0755,0.0,0.0,0.0,0.0,0.0,0.0,0.0,0.072372,1,9.0,bottom 50%
ETHUSDT,2025-06-27,1.3,0–20,0.0649,0.0,0.0,0.0,0.0,0.0,0.0,0.0,0.034924,1,8.1,bottom 50%
ETHUSDT,2025-06-28,0.9,0–20,0.0458,0.0,0.0,0.0,0.0,0.0,0.0,0.0,0.032896,1,6.7,bottom 50%
ETHUSDT,2025-06-29,0.0,0–20,0.0,0.0,0.0,0.0,0.0,0.0,0.0,0.0,0.0281,1,1.9,bottom 50%
ETHUSDT,2025-06-30,0.0,0–20,0.0,0.0,0.0,0.0,0.0,0.0,0.0,0.0,0.022743,1,1.9,bottom 50%
ETHUSDT,2025-07-01,13.1,0–20,0.0893,0.0,0.0,0.0,0.868,0.0,0.0,0.0,0.08717,1,68.9,top 50%
ETHUSDT,2025-07-02,11.3,0–20,0.0,0.0,0.0,0.0,0.868,0.0,0.0,0.0,0.077564,1,57.6,top 50%
ETHUSDT,2025-07-03,11.3,0–20,0.0,0.0,0.0,0.0,0.868,0.0,0.0,0.0,0.140423,1,57.6,top 50%
ETHUSDT,2025-07-04,11.3,0–20,0.0,0.0,0.0,0.0,0.868,0.0,0.0,0.0,0.179137,1,57.6,top 50%
ETHUSDT,2025-07-05,11.3,0–20,0.0,0.0,0.0,0.0,0.868,0.0,0.0,0.0,0.169084,1,57.6,top 50%
ETHUSDT,2025-07-06,11.3,0–20,0.0,0.0,0.0,0.0,0.868,0.0,0.0,0.0,0.156393,1,57.6,top 50%
ETHUSDT,2025-07-07,12.1,0–20,0.0,0.0,0.0,0.0,0.868,0.0,0.0,0.1193,0.184953,1,62.9,top 50%
ETHUSDT,2025-07-08,12.2,0–20,0.0,0.0,0.0,0.0,0.868,0.0,0.0,0.1334,0.20049,1,63.5,top 50%
ETHUSDT,2025-07-09,11.3,0–20,0.0,0.0,0.0,0.0,0.868,0.0,0.0,0.0,0.216809,1,57.6,top 50%
ETHUSDT,2025-07-10,13.2,0–20,0.0,0.0,0.0,0.0,0.868,0.0,0.0,0.2681,0.176638,1,69.5,top 50%
ETHUSDT,2025-07-11,16.0,0–20,0.0,0.0,0.0,0.0,0.868,0.0,0.0,0.6769,0.199849,1,87.9,top 25%
ETHUSDT,2025-07-12,17.0,0–20,0.0,0.0,0.0,0.0,0.868,0.0,0.0,0.8175,0.221672,1,90.4,top 10%
ETHUSDT,2025-07-13,14.5,0–20,0.0,0.0,0.0,0.0,0.868,0.0,0.0,0.4546,0.264385,1,76.9,top 25%
ETHUSDT,2025-07-14,16.3,0–20,0.0,0.0,0.0,0.0,0.868,0.0,0.0,0.717,0.248899,1,88.7,top 25%
ETHUSDT,2025-07-15,18.3,0–20,0.0,0.0,0.0,0.0,0.868,0.0,0.0,1.0,0.194037,1,95.3,top 10%
ETHUSDT,2025-07-16,18.3,0–20,0.0,0.0,0.0,0.0,0.868,0.0,0.0,1.0,0.076582,1,95.3,top 10%
ETHUSDT,2025-07-17,18.3,0–20,0.0,0.0,0.0,0.0,0.868,0.0,0.0,1.0,0.066504,1,95.3,top 10%
ETHUSDT,2025-07-18,18.3,0–20,0.0,0.0,0.0,0.0,0.868,0.0,0.0,1.0,0.050225,1,95.3,top 10%
ETHUSDT,2025-07-19,18.3,0–20,0.0,0.0,0.0,0.0,0.868,0.0,0.0,1.0,0.040643,1,95.3,top 10%
ETHUSDT,2025-07-20,18.3,0–20,0.0,0.0,0.0,0.0,0.868,0.0,0.0,1.0,0.030796,1,95.3,top 10%
ETHUSDT,2025-07-21,18.3,0–20,0.0,0.0,0.0,0.0,0.868,0.0,0.0,1.0,0.006392,1,95.3,top 10%
ETHUSDT,2025-07-22,18.3,0–20,0.0,0.0,0.0,0.0,0.868,0.0,0.0,1.0,0.011819,1,95.3,top 10%
ETHUSDT,2025-07-23,18.3,0–20,0.0,0.0,0.0,0.0,0.868,0.0,0.0,1.0,0.049177,1,95.3,top 10%
ETHUSDT,2025-07-24,18.3,0–20,0.0,0.0,0.0,0.0,0.868,0.0,0.0,1.0,-0.003047,0,95.3,top 10%
ETHUSDT,2025-07-25,18.3,0–20,0.0,0.0,0.0,0.0,0.868,0.0,0.0,1.0,-0.064095,0,95.3,top 10%
ETHUSDT,2025-07-26,18.3,0–20,0.0,0.0,0.0,0.0,0.868,0.0,0.0,1.0,-0.093188,0,95.3,top 10%
ETHUSDT,2025-07-27,18.3,0–20,0.0,0.0,0.0,0.0,0.868,0.0,0.0,1.0,-0.097508,0,95.3,top 10%
ETHUSDT,2025-07-28,18.3,0–20,0.0,0.0,0.0,0.0,0.868,0.0,0.0,1.0,-0.01807,0,95.3,top 10%
ETHUSDT,2025-07-29,18.3,0–20,0.0,0.0,0.0,0.0,0.868,0.0,0.0,1.0,-0.04786,0,95.3,top 10%
ETHUSDT,2025-07-30,18.3,0–20,0.0,0.0,0.0,0.0,0.868,0.0,0.0,1.0,-0.032635,0,95.3,top 10%
ETHUSDT,2025-07-31,18.3,0–20,0.0,0.0,0.0,0.0,0.868,0.0,0.0,1.0,0.058868,1,95.3,top 10%
ETHUSDT,2025-08-01,7.0,0–20,0.0,0.0,0.0,0.0,0.0,0.0,0.0,1.0,0.149492,1,31.3,bottom 50%
ETHUSDT,2025-08-02,7.4,0–20,0.0177,0.0,0.0,0.0,0.0,0.0,0.0,1.0,0.256683,1,34.7,bottom 50%
ETHUSDT,2025-08-03,7.0,0–20,0.0,0.0,0.0,0.0,0.0,0.0,0.0,1.0,0.216402,1,31.3,bottom 50%
ETHUSDT,2025-08-04,7.0,0–20,0.0,0.0,0.0,0.0,0.0,0.0,0.0,1.0,0.136591,1,31.3,bottom 50%
ETHUSDT,2025-08-05,3.3,0–20,0.0,0.0,0.0,0.0,0.0,0.0,0.0,0.4712,0.271056,1,15.5,bottom 50%
ETHUSDT,2025-08-06,0.1,0–20,0.0,0.0,0.0,0.0,0.0,0.0,0.0,0.0176,0.291091,1,4.0,bottom 50%
ETHUSDT,2025-08-07,0.0,0–20,0.0,0.0,0.0,0.0,0.0,0.0,0.0,0.0,0.161928,1,1.9,bottom 50%
ETHUSDT,2025-08-08,0.0,0–20,0.0,0.0,0.0,0.0,0.0,0.0,0.0,0.0,0.107271,1,1.9,bottom 50%
ETHUSDT,2025-08-09,0.0,0–20,0.0,0.0,0.0,0.0,0.0,0.0,0.0,0.0,0.038132,1,1.9,bottom 50%
ETHUSDT,2025-08-10,0.0,0–20,0.0,0.0,0.0,0.0,0.0,0.0,0.0,0.0,0.051491,1,1.9,bottom 50%
ETHUSDT,2025-08-11,0.0,0–20,0.0,0.0,0.0,0.0,0.0,0.0,0.0,0.0,0.020236,1,1.9,bottom 50%
ETHUSDT,2025-08-12,3.2,0–20,0.0,0.0,0.0,0.0,0.0,0.0,0.0,0.4598,-0.112714,0,15.1,bottom 50%
ETHUSDT,2025-08-13,3.4,0–20,0.0,0.0,0.0,0.0,0.0,0.0,0.0,0.4828,-0.088678,0,16.0,bottom 50%
ETHUSDT,2025-08-14,5.4,0–20,0.0,0.0,0.0,0.0,0.0,0.0,0.0,0.7675,-0.071448,0,24.1,bottom 50%
ETHUSDT,2025-08-15,6.9,0–20,0.0,0.0,0.0,0.0,0.0,0.0,0.2745,0.7153,0.088144,1,28.4,bottom 50%
ETHUSDT,2025-08-16,3.3,0–20,0.0,0.0,0.0,0.0,0.0,0.0,0.0,0.4752,0.079055,1,15.5,bottom 50%
ETHUSDT,2025-08-17,7.0,0–20,0.0,0.0,0.0,0.0,0.0,0.0,0.0,1.0,0.06849,1,31.3,bottom 50%
ETHUSDT,2025-08-18,7.0,0–20,0.0,0.0,0.0,0.0,0.0,0.0,0.0,1.0,0.014025,1,31.3,bottom 50%
ETHUSDT,2025-08-19,6.1,0–20,0.0,0.0,0.0,0.0,0.0,0.0,0.0,0.8701,0.129365,1,26.5,bottom 50%
ETHUSDT,2025-08-20,6.9,0–20,0.0,0.0,0.0,0.0,0.0,0.0,0.0,0.9814,0.038965,1,28.4,bottom 50%
ETHUSDT,2025-08-21,7.0,0–20,0.0,0.0,0.0,0.0,0.0,0.0,0.0,1.0,0.06724,1,31.3,bottom 50%
ETHUSDT,2025-08-22,7.0,0–20,0.0,0.0,0.0,0.0,0.0,0.0,0.0,1.0,-0.097529,0,31.3,bottom 50%
ETHUSDT,2025-08-23,7.0,0–20,0.0,0.0,0.0,0.0,0.0,0.0,0.0,1.0,-0.084156,0,31.3,bottom 50%
ETHUSDT,2025-08-24,3.9,0–20,0.0,0.0,0.0,0.0,0.0,0.0,0.0,0.5592,-0.081518,0,18.2,bottom 50%
ETHUSDT,2025-08-25,10.1,0–20,0.0,0.0,0.0,0.0,0.0,0.0,0.4455,1.0,-0.013382,0,48.0,bottom 50%
ETHUSDT,2025-08-26,5.6,0–20,0.0,0.0,0.0,0.0,0.0,0.0,0.0,0.7973,-0.05979,0,24.6,bottom 50%
ETHUSDT,2025-08-27,7.0,0–20,0.0,0.0,0.0,0.0,0.0,0.0,0.0,1.0,-0.01177,0,31.3,bottom 50%
ETHUSDT,2025-08-28,6.3,0–20,0.0,0.0,0.0,0.0,0.0,0.0,0.0,0.9017,-0.046245,0,27.1,bottom 50%
ETHUSDT,2025-08-29,3.9,0–20,0.0,0.0,0.0,0.0,0.0,0.0,0.0,0.5521,-0.012193,0,18.2,bottom 50%
ETHUSDT,2025-08-30,1.0,0–20,0.0,0.0,0.0,0.0,0.0,0.0,0.0,0.1396,-0.022841,0,7.0,bottom 50%
ETHUSDT,2025-08-31,3.0,0–20,0.0,0.0,0.0,0.0,0.0,0.0,0.0,0.4216,-0.019287,0,14.3,bottom 50%
ETHUSDT,2025-09-01,0.0,0–20,0.0,0.0,0.0,0.0,0.0,0.0,0.0,0.0,-0.001483,0,1.9,bottom 50%
ETHUSDT,2025-09-02,0.0,0–20,0.0,0.0,0.0,0.0,0.0,0.0,0.0,0.0,-0.003774,0,1.9,bottom 50%
ETHUSDT,2025-09-03,0.0,0–20,0.0,0.0,0.0,0.0,0.0,0.0,0.0,0.0,-0.022749,0,1.9,bottom 50%
ETHUSDT,2025-09-04,0.1,0–20,0.0058,0.0,0.0,0.0,0.0,0.0,0.0,0.0,0.037799,1,4.0,bottom 50%
ETHUSDT,2025-09-05,0.0,0–20,0.0007,0.0,0.0,0.0,0.0,0.0,0.0,0.0,0.09479,1,1.9,bottom 50%
ETHUSDT,2025-09-06,0.4,0–20,0.022,0.0,0.0,0.0,0.0,0.0,0.0,0.0,0.092165,1,4.6,bottom 50%
ETHUSDT,2025-09-07,0.1,0–20,0.0002,0.0,0.0,0.0,0.0,0.0,0.0,0.0148,0.070668,1,4.0,bottom 50%
ETHUSDT,2025-09-08,3.1,0–20,0.0,0.0,0.0,0.0,0.0,0.0,0.0,0.4479,0.050776,1,14.8,bottom 50%
ETHUSDT,2025-09-09,0.0,0–20,0.0,0.0,0.0,0.0,0.0,0.0,0.0,0.0,0.045143,1,1.9,bottom 50%
ETHUSDT,2025-09-10,0.7,0–20,0.0,0.0,0.0,0.0,0.0,0.0,0.0,0.1002,0.056008,1,5.7,bottom 50%
ETHUSDT,2025-09-11,0.0,0–20,0.0,0.0,0.0,0.0,0.0,0.0,0.0,0.0,0.028845,1,1.9,bottom 50%
ETHUSDT,2025-09-12,0.0,0–20,0.0,0.0,0.0,0.0,0.0,0.0,0.0,0.0,-0.051817,0,1.9,bottom 50%
ETHUSDT,2025-09-13,0.0,0–20,0.0,0.0,0.0,0.0,0.0,0.0,0.0,0.0,-0.039826,0,1.9,bottom 50%
ETHUSDT,2025-09-14,0.0,0–20,0.0,0.0,0.0,0.0,0.0,0.0,0.0,0.0,-0.034335,0,1.9,bottom 50%
ETHUSDT,2025-09-15,0.0,0–20,0.0,0.0,0.0,0.0,0.0,0.0,0.0,0.0,-0.071561,0,1.9,bottom 50%
ETHUSDT,2025-09-16,0.0,0–20,0.0,0.0,0.0,0.0,0.0,0.0,0.0,0.0,-0.075065,0,1.9,bottom 50%
ETHUSDT,2025-09-17,1.6,0–20,0.0,0.0,0.0,0.0,0.0,0.0,0.0,0.2248,-0.095643,0,9.4,bottom 50%
ETHUSDT,2025-09-18,2.4,0–20,0.0,0.0,0.0,0.0,0.0,0.0,0.0,0.3473,-0.157211,0,12.3,bottom 50%
ETHUSDT,2025-09-19,1.8,0–20,0.0,0.0,0.0,0.0,0.0,0.0,0.0,0.261,-0.097302,0,10.1,bottom 50%
ETHUSDT,2025-09-20,1.1,0–20,0.0,0.0,0.0,0.0,0.0,0.0,0.0,0.1543,-0.103431,0,7.2,bottom 50%
ETHUSDT,2025-09-21,1.5,0–20,0.0,0.0,0.0,0.0,0.0,0.0,0.0,0.2166,-0.069609,0,9.0,bottom 50%
ETHUSDT,2025-09-22,9.6,0–20,0.1907,0.0,0.0,0.0,0.0,0.0,0.5463,0.2828,0.003442,1,45.4,bottom 50%
ETHUSDT,2025-09-23,5.3,0–20,0.2163,0.0,0.0,0.0,0.0,0.0,0.0,0.1423,-0.004692,0,23.6,bottom 50%
ETHUSDT,2025-09-24,5.8,0–20,0.2248,0.0,0.0,0.0,0.0,0.0,0.0,0.186,0.047585,1,25.5,bottom 50%
ETHUSDT,2025-09-25,17.1,0–20,0.3926,0.1898,0.0,0.0,0.0,0.0,0.7345,0.1756,0.16017,1,91.4,top 10%
ETHUSDT,2025-09-26,7.6,0–20,0.2248,0.0,0.0,0.0,0.0,0.0,0.2561,0.1878,0.118681,1,35.8,bottom 50%
ETHUSDT,2025-09-27,4.7,0–20,0.235,0.0,0.0,0.0,0.0,0.0,0.0,0.0,0.117089,1,21.2,bottom 50%
ETHUSDT,2025-09-28,2.4,0–20,0.1216,0.0,0.0,0.0,0.0,0.0,0.0,0.0,0.090293,1,12.3,bottom 50%
ETHUSDT,2025-09-29,1.1,0–20,0.0571,0.0,0.0,0.0,0.0,0.0,0.0,0.0,0.111546,1,7.2,bottom 50%
ETHUSDT,2025-09-30,2.2,0–20,0.109,0.0,0.0,0.0,0.0,0.0,0.0,0.0,0.073613,1,11.6,bottom 50%
ETHUSDT,2025-10-01,7.6,0–20,0.0,0.0,0.0,0.0,0.5845,0.0,0.0,0.0,0.040573,1,35.8,bottom 50%
ETHUSDT,2025-10-02,7.6,0–20,0.0,0.0,0.0,0.0,0.5845,0.0,0.0,0.0,-0.026467,0,35.8,bottom 50%
ETHUSDT,2025-10-03,7.6,0–20,0.0,0.0,0.0,0.0,0.5845,0.0,0.0,0.0,-0.148811,0,35.8,bottom 50%
ETHUSDT,2025-10-04,7.6,0–20,0.0,0.0,0.0,0.0,0.5845,0.0,0.0,0.0,-0.164525,0,35.8,bottom 50%
ETHUSDT,2025-10-05,7.6,0–20,0.0,0.0,0.0,0.0,0.5845,0.0,0.0,0.0,-0.077733,0,35.8,bottom 50%
ETHUSDT,2025-10-06,7.6,0–20,0.0,0.0,0.0,0.0,0.5845,0.0,0.0,0.0,-0.094353,0,35.8,bottom 50%
ETHUSDT,2025-10-07,7.6,0–20,0.0,0.0,0.0,0.0,0.5845,0.0,0.0,0.0,-0.073181,0,35.8,bottom 50%
ETHUSDT,2025-10-08,7.6,0–20,0.0,0.0,0.0,0.0,0.5845,0.0,0.0,0.0,-0.119309,0,35.8,bottom 50%
ETHUSDT,2025-10-09,7.9,0–20,0.0082,0.0,0.0,0.0,0.5845,0.0,0.0,0.0199,-0.108577,0,38.2,bottom 50%
ETHUSDT,2025-10-10,20.5,20–40,0.282,0.0,0.0,0.0,0.5845,0.0,1.0,0.0315,-0.002719,0,97.9,top 10%
ETHUSDT,2025-10-11,20.3,20–40,0.3176,0.0,0.0,0.0,0.5845,0.0,0.693,0.2125,0.037256,1,97.8,top 10%
ETHUSDT,2025-10-12,12.9,0–20,0.0632,0.0,0.0,0.0,0.5845,0.0,0.3029,0.2763,-0.04317,0,67.6,top 50%
ETHUSDT,2025-10-13,10.9,0–20,0.0216,0.0,0.0,0.0,0.5845,0.0,0.0,0.4076,-0.062351,0,54.3,top 50%
ETHUSDT,2025-10-14,10.9,0–20,0.0791,0.0,0.0,0.0,0.5845,0.0,0.0,0.2451,-0.060272,0,54.3,top 50%
ETHUSDT,2025-10-15,10.4,0–20,0.1415,0.0,0.0,0.0,0.5845,0.0,0.0,0.0,-0.044975,0,51.5,top 50%
ETHUSDT,2025-10-16,11.2,0–20,0.1816,0.0,0.0,0.0,0.5845,0.0,0.0,0.0,-0.009944,0,56.2,top 50%
ETHUSDT,2025-10-17,12.9,0–20,0.2084,0.0,0.0,0.0,0.5845,0.0,0.0,0.1669,0.026616,1,67.6,top 50%
ETHUSDT,2025-10-18,11.8,0–20,0.1701,0.0,0.0,0.0,0.5845,0.0,0.0,0.115,0.016226,1,61.1,top 50%
ETHUSDT,2025-10-19,9.8,0–20,0.1084,0.0,0.0,0.0,0.5845,0.0,0.0,0.0,0.043502,1,46.2,bottom 50%
ETHUSDT,2025-10-20,9.8,0–20,0.1105,0.0,0.0,0.0,0.5845,0.0,0.0,0.0,0.035009,1,46.2,bottom 50%
ETHUSDT,2025-10-21,10.9,0–20,0.1666,0.0,0.0,0.0,0.5845,0.0,0.0,0.0,0.027213,1,54.3,top 50%
ETHUSDT,2025-10-22,11.6,0–20,0.2023,0.0,0.0,0.0,0.5845,0.0,0.0,0.0,0.025007,1,59.9,top 50%
ETHUSDT,2025-10-23,10.9,0–20,0.1648,0.0,0.0,0.0,0.5845,0.0,0.0,0.0,-0.013395,0,54.3,top 50%
ETHUSDT,2025-10-24,9.7,0–20,0.1039,0.0,0.0,0.0,0.5845,0.0,0.0,0.0,-0.022235,0,45.8,bottom 50%
ETHUSDT,2025-10-25,9.4,0–20,0.0892,0.0,0.0,0.0,0.5845,0.0,0.0,0.0,-0.020054,0,44.6,bottom 50%
ETHUSDT,2025-10-26,7.6,0–20,0.0,0.0,0.0,0.0,0.5845,0.0,0.0,0.0,-0.059386,0,35.8,bottom 50%
ETHUSDT,2025-10-27,7.6,0–20,0.0,0.0,0.0,0.0,0.5845,0.0,0.0,0.0,-0.125679,0,35.8,bottom 50%
ETHUSDT,2025-10-28,8.9,0–20,0.0659,0.0,0.0,0.0,0.5845,0.0,0.0,0.0,-0.17319,0,42.9,bottom 50%
ETHUSDT,2025-10-29,9.9,0–20,0.1166,0.0,0.0,0.0,0.5845,0.0,0.0,0.0,-0.122505,0,46.6,bottom 50%
ETHUSDT,2025-10-30,12.1,0–20,0.1769,0.0,0.0,0.0,0.5845,0.0,0.0,0.1383,-0.129356,0,62.9,top 50%
ETHUSDT,2025-10-31,13.9,0–20,0.1407,0.0,0.0,0.0,0.5845,0.0,0.0,0.5025,-0.107037,0,73.4,top 50%
ETHUSDT,2025-11-01,2.3,0–20,0.1172,0.0,0.0,0.0,0.0,0.0,0.0,0.0,-0.1223,0,12.0,bottom 50%
ETHUSDT,2025-11-02,1.7,0–20,0.0845,0.0,0.0,0.0,0.0,0.0,0.0,0.0,-0.083978,0,9.7,bottom 50%
ETHUSDT,2025-11-03,11.4,0–20,0.2757,0.2069,0.0,0.0,0.0,0.0,0.3998,0.0,-0.009396,0,58.9,top 50%
ETHUSDT,2025-11-04,21.0,20–40,0.409,0.4146,0.0,0.0,0.0,0.0,0.9413,0.0,0.037268,1,98.2,top 10%
ETHUSDT,2025-11-05,6.3,0–20,0.2988,0.0245,0.0,0.0,0.0,0.0,0.0,0.0,-0.003526,0,27.1,bottom 50%
ETHUSDT,2025-11-06,8.0,0–20,0.3457,0.0508,0.0,0.0,0.0,0.0,0.0,0.0464,-0.024002,0,38.5,bottom 50%
ETHUSDT,2025-11-07,5.1,0–20,0.2477,0.0,0.0,0.0,0.0,0.0,0.0,0.0234,-0.096503,0,22.9,bottom 50%
ETHUSDT,2025-11-08,5.3,0–20,0.2641,0.0,0.0,0.0,0.0,0.0,0.0,0.0,-0.068741,0,23.6,bottom 50%
ETHUSDT,2025-11-09,2.5,0–20,0.1263,0.0,0.0,0.0,0.0,0.0,0.0,0.0,-0.136708,0,12.6,bottom 50%
ETHUSDT,2025-11-10,2.7,0–20,0.1342,0.0,0.0,0.0,0.0,0.0,0.0,0.0,-0.152425,0,13.1,bottom 50%
ETHUSDT,2025-11-11,4.3,0–20,0.2167,0.0,0.0,0.0,0.0,0.0,0.0,0.0,-0.085587,0,19.7,bottom 50%
ETHUSDT,2025-11-12,4.4,0–20,0.2178,0.0,0.0,0.0,0.0,0.0,0.0,0.0,-0.114273,0,20.1,bottom 50%
ETHUSDT,2025-11-13,9.4,0–20,0.3077,0.0,0.0,0.0,0.0,0.0,0.4576,0.0,-0.124036,0,44.6,bottom 50%
ETHUSDT,2025-11-14,7.3,0–20,0.3641,0.0,0.0,0.0,0.0,0.0,0.0,0.0,-0.108927,0,34.5,bottom 50%
ETHUSDT,2025-11-15,6.2,0–20,0.3082,0.0,0.0,0.0,0.0,0.0,0.0,0.0,-0.126009,0,26.8,bottom 50%
ETHUSDT,2025-11-16,6.8,0–20,0.3423,0.0,0.0,0.0,0.0,0.0,0.0,0.0,-0.094143,0,28.1,bottom 50%
ETHUSDT,2025-11-17,7.5,0–20,0.373,0.0,0.0,0.0,0.0,0.0,0.0,0.0,-0.023748,0,34.8,bottom 50%
ETHUSDT,2025-11-18,5.6,0–20,0.2801,0.0,0.0,0.0,0.0,0.0,0.0,0.0,-0.052848,0,24.6,bottom 50%
ETHUSDT,2025-11-19,6.6,0–20,0.3297,0.0,0.0,0.0,0.0,0.0,0.0,0.0,0.001568,1,27.8,bottom 50%
ETHUSDT,2025-11-20,8.3,0–20,0.413,0.0,0.0,0.0,0.0,0.0,0.0,0.0,0.064541,1,40.3,bottom 50%
ETHUSDT,2025-11-21,8.8,0–20,0.439,0.0,0.0,0.0,0.0,0.0,0.0,0.0,0.096397,1,42.3,bottom 50%
ETHUSDT,2025-11-22,8.7,0–20,0.437,0.0,0.0,0.0,0.0,0.0,0.0,0.0,0.080964,1,41.5,bottom 50%
ETHUSDT,2025-11-23,8.0,0–20,0.4001,0.0,0.0,0.0,0.0,0.0,0.0,0.0,0.067972,1,38.5,bottom 50%
ETHUSDT,2025-11-24,4.9,0–20,0.2469,0.0,0.0,0.0,0.0,0.0,0.0,0.0,-0.051656,0,22.2,bottom 50%
ETHUSDT,2025-11-25,4.8,0–20,0.2419,0.0,0.0,0.0,0.0,0.0,0.0,0.0,0.013524,1,21.7,bottom 50%
ETHUSDT,2025-11-26,3.5,0–20,0.1733,0.0,0.0,0.0,0.0,0.0,0.0,0.0,0.054085,1,16.7,bottom 50%
ETHUSDT,2025-11-27,3.7,0–20,0.1825,0.0,0.0,0.0,0.0,0.0,0.0,0.0,0.039732,1,17.4,bottom 50%
ETHUSDT,2025-11-28,3.3,0–20,0.1638,0.0,0.0,0.0,0.0,0.0,0.0,0.0,-0.002596,0,15.5,bottom 50%
ETHUSDT,2025-11-29,3.9,0–20,0.1952,0.0,0.0,0.0,0.0,0.0,0.0,0.0,0.016219,1,18.2,bottom 50%
ETHUSDT,2025-11-30,3.9,0–20,0.1947,0.0,0.0,0.0,0.0,0.0,0.0,0.0,0.023124,1,18.2,bottom 50%
ETHUSDT,2025-12-01,15.4,0–20,0.3321,0.0,0.0,0.0,0.6747,0.0,0.0,0.0,0.116067,1,84.2,top 25%
ETHUSDT,2025-12-02,11.2,0–20,0.12,0.0,0.0,0.0,0.6747,0.0,0.0,0.0,0.107799,1,56.2,top 50%
ETHUSDT,2025-12-03,8.8,0–20,0.0,0.0,0.0,0.0,0.6747,0.0,0.0,0.0,0.041929,1,42.3,bottom 50%
ETHUSDT,2025-12-04,8.9,0–20,0.0046,0.0,0.0,0.0,0.6747,0.0,0.0,0.0,0.032779,1,42.9,bottom 50%
ETHUSDT,2025-12-05,10.5,0–20,0.0872,0.0,0.0,0.0,0.6747,0.0,0.0,0.0,0.019752,1,52.1,top 50%
ETHUSDT,2025-12-06,10.2,0–20,0.0734,0.0,0.0,0.0,0.6747,0.0,0.0,0.0,0.025159,1,48.9,bottom 50%
ETHUSDT,2025-12-07,9.9,0–20,0.0542,0.0,0.0,0.0,0.6747,0.0,0.0,0.0,-0.000231,0,46.6,bottom 50%
ETHUSDT,2025-12-08,9.5,0–20,0.0,0.0,0.0,0.0,0.6747,0.0,0.0,0.1075,-0.051522,0,45.0,bottom 50%
ETHUSDT,2025-12-09,10.1,0–20,0.0,0.0,0.0,0.0,0.6747,0.0,0.0,0.195,-0.107474,0,48.0,bottom 50%
ETHUSDT,2025-12-10,11.4,0–20,0.0,0.0,0.0,0.0,0.6747,0.0,0.0,0.374,-0.14855,0,58.9,top 50%
ETHUSDT,2025-12-11,12.5,0–20,0.0,0.0,0.0,0.0,0.6747,0.0,0.0,0.5284,-0.126654,0,65.2,top 50%
ETHUSDT,2025-12-12,13.6,0–20,0.0565,0.0,0.0,0.0,0.6747,0.0,0.0,0.5346,-0.034434,0,71.9,top 50%
ETHUSDT,2025-12-13,13.4,0–20,0.0278,0.0,0.0,0.0,0.6747,0.0,0.0,0.5758,-0.044635,0,70.7,top 50%
ETHUSDT,2025-12-14,14.3,0–20,0.0744,0.0,0.0,0.0,0.6747,0.0,0.0,0.5749,-0.019271,0,75.9,top 25%
ETHUSDT,2025-12-15,15.6,0–20,0.1499,0.0,0.0,0.0,0.6747,0.0,0.0,0.5537,0.014132,1,85.2,top 25%
ETHUSDT,2025-12-16,14.0,0–20,0.1499,0.0,0.0,0.0,0.6747,0.0,0.0,0.3164,-0.000272,0,73.9,top 50%
ETHUSDT,2025-12-17,14.5,0–20,0.2479,0.0,0.0,0.0,0.6747,0.0,0.0,0.106,0.040329,1,76.9,top 25%
ETHUSDT,2025-12-18,14.7,0–20,0.2509,0.0,0.0,0.0,0.6747,0.0,0.0,0.1262,0.027064,1,78.0,top 25%
ETHUSDT,2025-12-19,11.3,0–20,0.0865,0.0,0.0,0.0,0.6747,0.0,0.0,0.1121,-0.017537,0,57.6,top 50%
ETHUSDT,2025-12-20,10.5,0–20,0.0869,0.0,0.0,0.0,0.6747,0.0,0.0,0.0,-0.009936,0,52.1,top 50%
ETHUSDT,2025-12-21,12.1,0–20,0.0611,0.0,0.0,0.0,0.6747,0.0,0.0,0.2965,-0.017672,0,62.9,top 50%
ETHUSDT,2025-12-22,9.9,0–20,0.0561,0.0,0.0,0.0,0.6747,0.0,0.0,0.0,-0.023797,0,46.6,bottom 50%
ETHUSDT,2025-12-23,10.8,0–20,0.0999,0.0,0.0,0.0,0.6747,0.0,0.0,0.0,0.002714,1,53.7,top 50%
ETHUSDT,2025-12-24,11.1,0–20,0.1182,0.0,0.0,0.0,0.6747,0.0,0.0,0.0,0.007281,1,55.6,top 50%
ETHUSDT,2025-12-25,12.0,0–20,0.1616,0.0,0.0,0.0,0.6747,0.0,0.0,0.0,0.033343,1,62.3,top 50%
ETHUSDT,2025-12-26,11.4,0–20,0.13,0.0,0.0,0.0,0.6747,0.0,0.0,0.0,0.067906,1,58.9,top 50%
ETHUSDT,2025-12-27,10.7,0–20,0.0977,0.0,0.0,0.0,0.6747,0.0,0.0,0.0,0.060353,1,53.1,top 50%
ETHUSDT,2025-12-28,10.7,0–20,0.0968,0.0,0.0,0.0,0.6747,0.0,0.0,0.0,0.065165,1,53.1,top 50%
ETHUSDT,2025-12-29,11.1,0–20,0.1153,0.0,0.0,0.0,0.6747,0.0,0.0,0.0,0.099366,1,55.6,top 50%
ETHUSDT,2025-12-30,9.9,0–20,0.0543,0.0,0.0,0.0,0.6747,0.0,0.0,0.0,0.109217,1,46.6,bottom 50%
ETHUSDT,2025-12-31,10.0,0–20,0.0608,0.0,0.0,0.0,0.6747,0.0,0.0,0.0,0.067342,1,47.1,bottom 50%
ETHUSDT,2026-01-01,0.1,0–20,0.0036,0.0,0.0,0.0,0.0,0.0,0.0,0.0,0.034658,1,4.0,bottom 50%
ETHUSDT,2026-01-02,0.0,0–20,0.0,0.0,0.0,0.0,0.0,0.0,0.0,0.0,-0.013243,0,1.9,bottom 50%
ETHUSDT,2026-01-03,0.0,0–20,0.0,0.0,0.0,0.0,0.0,0.0,0.0,0.0,-0.013923,0,1.9,bottom 50%
ETHUSDT,2026-01-04,0.1,0–20,0.0,0.0,0.0,0.0,0.0,0.0,0.0,0.0129,-0.006949,0,4.0,bottom 50%
ETHUSDT,2026-01-05,0.0,0–20,0.0,0.0,0.0,0.0,0.0,0.0,0.0,0.0052,-0.041475,0,1.9,bottom 50%
ETHUSDT,2026-01-06,2.3,0–20,0.0,0.0,0.0,0.0,0.0,0.0,0.0,0.3278,0.007934,1,12.0,bottom 50%
ETHUSDT,2026-01-07,3.7,0–20,0.0,0.0,0.0,0.0,0.0,0.0,0.0,0.533,0.059327,1,17.4,bottom 50%
ETHUSDT,2026-01-08,3.6,0–20,0.0,0.0,0.0,0.0,0.0,0.0,0.2746,0.2467,0.068522,1,17.1,bottom 50%
ETHUSDT,2026-01-09,1.9,0–20,0.0,0.0,0.0,0.0,0.0,0.0,0.0,0.2689,0.068904,1,10.4,bottom 50%
ETHUSDT,2026-01-10,2.5,0–20,0.0,0.0,0.0,0.0,0.0,0.0,0.0,0.3573,0.073472,1,12.6,bottom 50%
ETHUSDT,2026-01-11,3.2,0–20,0.0,0.0,0.0,0.0,0.0,0.0,0.0,0.4562,0.052029,1,15.1,bottom 50%
ETHUSDT,2026-01-12,2.3,0–20,0.0,0.0,0.0,0.0,0.0,0.0,0.0,0.3352,0.030494,1,12.0,bottom 50%
ETHUSDT,2026-01-13,2.0,0–20,0.0,0.0,0.0,0.0,0.0,0.0,0.0,0.2884,-0.116339,0,10.7,bottom 50%
ETHUSDT,2026-01-14,2.4,0–20,0.0,0.0,0.0,0.0,0.0,0.0,0.0,0.3363,-0.112028,0,12.3,bottom 50%
ETHUSDT,2026-01-15,2.0,0–20,0.0,0.0,0.0,0.0,0.0,0.0,0.0,0.2881,-0.11078,0,10.7,bottom 50%
ETHUSDT,2026-01-16,2.1,0–20,0.0,0.0,0.0,0.0,0.0,0.0,0.0,0.3062,-0.103847,0,11.1,bottom 50%
ETHUSDT,2026-01-17,1.8,0–20,0.0,0.0,0.0,0.0,0.0,0.0,0.0,0.2608,-0.108836,0,10.1,bottom 50%
ETHUSDT,2026-01-18,4.6,0–20,0.0,0.0,0.0,0.0,0.0,0.0,0.0,0.6522,-0.141796,0,20.9,bottom 50%
ETHUSDT,2026-01-19,6.4,0–20,0.0,0.0,0.0,0.0,0.0,0.0,0.2989,0.6127,-0.081643,0,27.3,bottom 50%
ETHUSDT,2026-01-20,13.3,0–20,0.2434,0.0231,0.0,0.0,0.0,0.0,0.6312,0.5221,0.029502,1,70.1,top 50%
ETHUSDT,2026-01-21,10.9,0–20,0.1842,0.0,0.0,0.0,0.0,0.0,0.587,0.4445,0.009301,1,54.3,top 50%
ETHUSDT,2026-01-22,6.1,0–20,0.2115,0.0,0.0,0.0,0.0,0.0,0.0,0.2631,-0.044548,0,26.5,bottom 50%
ETHUSDT,2026-01-23,5.7,0–20,0.2061,0.0,0.0,0.0,0.0,0.0,0.0,0.2235,-0.084951,0,25.0,bottom 50%
ETHUSDT,2026-01-24,4.7,0–20,0.2108,0.0,0.0,0.0,0.0,0.0,0.0,0.0676,-0.170801,0,21.2,bottom 50%
ETHUSDT,2026-01-25,6.7,0–20,0.3357,0.0,0.0,0.0,0.0,0.0,0.0,0.0,-0.194587,0,28.0,bottom 50%
ETHUSDT,2026-01-26,3.4,0–20,0.1698,0.0,0.0,0.0,0.0,0.0,0.0,0.0,-0.19891,0,16.0,bottom 50%
ETHUSDT,2026-01-27,1.0,0–20,0.0484,0.0,0.0,0.0,0.0,0.0,0.0,0.0,-0.262937,0,7.0,bottom 50%
ETHUSDT,2026-01-28,1.3,0–20,0.0654,0.0,0.0,0.0,0.0,0.0,0.0,0.0,-0.287069,0,8.1,bottom 50%
ETHUSDT,2026-01-29,7.8,0–20,0.2418,0.0,0.0,0.0,0.0,0.0,0.4197,0.0,-0.353608,0,37.5,bottom 50%
ETHUSDT,2026-01-30,11.1,0–20,0.326,0.0,0.0,0.0,0.0,0.0,0.6577,0.0,-0.236454,0,55.6,top 50%
ETHUSDT,2026-01-31,18.2,0–20,0.4675,0.1499,0.0,0.0,0.0,0.0,0.9486,0.0,-0.145002,0,94.6,top 10%
ETHUSDT,2026-02-01,26.9,20–40,0.5392,0.154,0.0,0.0,0.6242,0.0,0.8133,0.0,-0.079014,0,99.6,top 10%
ETHUSDT,2026-02-02,22.3,20–40,0.4486,0.0,0.0,0.0,0.6242,0.0,0.745,0.0,-0.10271,0,98.8,top 10%
ETHUSDT,2026-02-03,22.1,20–40,0.4973,0.0,0.0,0.0,0.6242,0.0,0.5785,0.0,-0.093403,0,98.7,top 10%
ETHUSDT,2026-02-04,21.6,20–40,0.5295,0.0,0.0,0.0,0.6242,0.0,0.4085,0.0,-0.09465,0,98.4,top 10%
ETHUSDT,2026-02-05,29.1,20–40,0.6279,0.0947,0.0,0.0,0.6242,0.0,1.0,0.0,0.068759,1,99.9,top 10%
ETHUSDT,2026-02-06,20.5,20–40,0.3925,0.0,0.0,0.0,0.6242,0.0,0.6505,0.0,-0.007202,0,97.9,top 10%
ETHUSDT,2026-02-07,15.5,0–20,0.3685,0.0,0.0,0.0,0.6242,0.0,0.0,0.0,-0.002171,0,84.8,top 25%
ETHUSDT,2026-02-08,15.5,0–20,0.3693,0.0,0.0,0.0,0.6242,0.0,0.0,0.0,-0.058752,0,84.8,top 25%
ETHUSDT,2026-02-09,15.2,0–20,0.3546,0.0,0.0,0.0,0.6242,0.0,0.0,0.0,-0.050224,0,83.5,top 25%
ETHUSDT,2026-02-10,16.0,0–20,0.3944,0.0,0.0,0.0,0.6242,0.0,0.0,0.0,-0.01352,0,87.9,top 25%
ETHUSDT,2026-02-11,16.7,0–20,0.4299,0.0,0.0,0.0,0.6242,0.0,0.0,0.0,0.006881,1,89.7,top 25%
ETHUSDT,2026-02-12,16.6,0–20,0.4227,0.0,0.0,0.0,0.6242,0.0,0.0,0.0,0.000647,1,89.4,top 25%
ETHUSDT,2026-02-13,14.3,0–20,0.3086,0.0,0.0,0.0,0.6242,0.0,0.0,0.0,-0.038811,0,75.9,top 25%
ETHUSDT,2026-02-14,13.5,0–20,0.2682,0.0,0.0,0.0,0.6242,0.0,0.0,0.0,-0.053822,0,71.3,top 50%
ETHUSDT,2026-02-15,14.9,0–20,0.3386,0.0,0.0,0.0,0.6242,0.0,0.0,0.0,-0.00419,0,80.9,top 25%
ETHUSDT,2026-02-16,14.2,0–20,0.3028,0.0,0.0,0.0,0.6242,0.0,0.0,0.0,-0.071282,0,75.3,top 25%
ETHUSDT,2026-02-17,14.2,0–20,0.3063,0.0,0.0,0.0,0.6242,0.0,0.0,0.0,-0.069885,0,75.3,top 25%
ETHUSDT,2026-02-18,14.7,0–20,0.3311,0.0,0.0,0.0,0.6242,0.0,0.0,0.0,0.051512,1,78.0,top 25%
ETHUSDT,2026-02-19,14.8,0–20,0.335,0.0,0.0,0.0,0.6242,0.0,0.0,0.0,0.040341,1,79.4,top 25%
ETHUSDT,2026-02-20,14.2,0–20,0.3057,0.0,0.0,0.0,0.6242,0.0,0.0,0.0,-0.019431,0,75.3,top 25%
ETHUSDT,2026-02-21,14.1,0–20,0.2987,0.0,0.0,0.0,0.6242,0.0,0.0,0.0,-0.004401,0,74.6,top 50%
ETHUSDT,2026-02-22,14.4,0–20,0.3121,0.0,0.0,0.0,0.6242,0.0,0.0,0.0,-0.009572,0,76.4,top 25%
ETHUSDT,2026-02-23,16.0,0–20,0.392,0.0,0.0,0.0,0.6242,0.0,0.0,0.0,0.092571,1,87.9,top 25%
ETHUSDT,2026-02-24,16.0,0–20,0.3939,0.0,0.0,0.0,0.6242,0.0,0.0,0.0,0.070049,1,87.9,top 25%
ETHUSDT,2026-02-25,13.1,0–20,0.1021,0.0,0.0,0.0,0.6242,0.0,0.0,0.422,0.034983,1,68.9,top 50%
ETHUSDT,2026-02-26,10.7,0–20,0.1292,0.0,0.0,0.0,0.6242,0.0,0.0,0.0,0.02211,1,53.1,top 50%
ETHUSDT,2026-02-27,12.5,0–20,0.217,0.0,0.0,0.0,0.6242,0.0,0.0,0.0,0.024855,1,65.2,top 50%
ETHUSDT,2026-02-28,11.5,0–20,0.1716,0.0,0.0,0.0,0.6242,0.0,0.0,0.0,0.002242,1,59.4,top 50%
ETHUSDT,2026-03-01,14.2,0–20,0.196,0.0,0.0,0.0,0.7906,0.0,0.0,0.0,-0.00127,0,75.3,top 25%
ETHUSDT,2026-03-02,12.5,0–20,0.0794,0.0,0.0,0.0,0.7906,0.0,0.0,0.0858,-0.016934,0,65.2,top 50%
ETHUSDT,2026-03-03,14.3,0–20,0.1257,0.0,0.0,0.0,0.7906,0.0,0.0,0.2172,0.027412,1,75.9,top 25%
ETHUSDT,2026-03-04,10.3,0–20,0.0,0.0,0.0,0.0,0.7906,0.0,0.0,0.0,-0.035237,0,50.2,top 50%
ETHUSDT,2026-03-05,10.6,0–20,0.0182,0.0,0.0,0.0,0.7906,0.0,0.0,0.0,0.000739,1,52.6,top 50%
ETHUSDT,2026-03-06,12.5,0–20,0.1116,0.0,0.0,0.0,0.7906,0.0,0.0,0.0,0.057517,1,65.2,top 50%
ETHUSDT,2026-03-07,13.7,0–20,0.1206,0.0,0.0,0.0,0.7906,0.0,0.0,0.1513,0.064805,1,72.4,top 50%
ETHUSDT,2026-03-08,13.3,0–20,0.1534,0.0,0.0,0.0,0.7906,0.0,0.0,0.0,0.124378,1,70.1,top 50%
ETHUSDT,2026-03-09,14.1,0–20,0.0792,0.0,0.0,0.0,0.7906,0.0,0.0,0.3159,0.179754,1,74.6,top 50%
ETHUSDT,2026-03-10,12.8,0–20,0.0236,0.0,0.0,0.0,0.7906,0.0,0.0,0.296,0.137907,1,67.1,top 50%
ETHUSDT,2026-03-11,11.0,0–20,0.0054,0.0,0.0,0.0,0.7906,0.0,0.0,0.0813,0.074137,1,55.0,top 50%
ETHUSDT,2026-03-12,10.3,0–20,0.0,0.0,0.0,0.0,0.7906,0.0,0.0,0.0012,0.03101,1,50.2,top 50%
ETHUSDT,2026-03-13,10.3,0–20,0.0,0.0,0.0,0.0,0.7906,0.0,0.0,0.0,0.025774,1,50.2,top 50%
ETHUSDT,2026-03-14,10.9,0–20,0.0,0.0,0.0,0.0,0.7906,0.0,0.0,0.0944,-0.009726,0,54.3,top 50%
ETHUSDT,2026-03-15,13.9,0–20,0.0,0.0,0.0,0.0,0.7906,0.0,0.0,0.5231,-0.057143,0,73.4,top 50%
ETHUSDT,2026-03-16,14.6,0–20,0.0,0.0,0.0,0.0,0.7906,0.0,0.0,0.6142,-0.084651,0,77.5,top 25%
ETHUSDT,2026-03-17,10.6,0–20,0.0,0.0,0.0,0.0,0.7906,0.0,0.0,0.0504,-0.070037,0,52.6,top 50%
ETHUSDT,2026-03-18,11.5,0–20,0.0,0.0,0.0,0.0,0.7906,0.0,0.0,0.1709,-0.016178,0,59.4,top 50%
ETHUSDT,2026-03-19,13.4,0–20,0.0,0.0,0.0,0.0,0.7906,0.0,0.0,0.439,-0.03642,0,70.7,top 50%
ETHUSDT,2026-03-20,14.0,0–20,0.0,0.0,0.0,0.0,0.7906,0.0,0.0,0.5328,-0.072316,0,73.9,top 50%
ETHUSDT,2026-03-21,17.8,0–20,0.049,0.0,0.0,0.0,0.7906,0.0,0.0,0.9386,-0.040447,0,94.1,top 10%
ETHUSDT,2026-03-22,16.3,0–20,0.0771,0.0,0.0,0.0,0.7906,0.0,0.0,0.6352,-0.034334,0,88.7,top 25%
ETHUSDT,2026-03-23,14.1,0–20,0.0,0.0,0.0,0.0,0.7906,0.0,0.0,0.544,-0.059769,0,74.6,top 50%
ETHUSDT,2026-03-24,10.5,0–20,0.0,0.0,0.0,0.0,0.7906,0.0,0.0,0.0259,-0.023656,0,52.1,top 50%
ETHUSDT,2026-03-25,11.6,0–20,0.0,0.0,0.0,0.0,0.7906,0.0,0.0,0.1826,-0.013507,0,59.9,top 50%
ETHUSDT,2026-03-26,13.5,0–20,0.0759,0.0,0.0,0.0,0.7906,0.0,0.0,0.2454,-0.001323,0,71.3,top 50%
ETHUSDT,2026-03-27,14.8,0–20,0.1541,0.0,0.0,0.0,0.7906,0.0,0.0,0.2058,0.031193,1,79.4,top 25%
ETHUSDT,2026-03-28,16.9,0–20,0.1519,0.0,0.0,0.0,0.7906,0.0,0.0,0.5153,0.036462,1,90.2,top 10%
ETHUSDT,2026-03-29,16.2,0–20,0.164,0.0,0.0,0.0,0.7906,0.0,0.0,0.3756,0.063774,1,88.4,top 25%
ETHUSDT,2026-03-30,14.3,0–20,0.0957,0.0,0.0,0.0,0.7906,0.0,0.0,0.2999,0.041634,1,75.9,top 25%
ETHUSDT,2026-03-31,10.4,0–20,0.0,0.0,0.0,0.0,0.7906,0.0,0.0,0.0199,0.065139,1,51.5,top 50%
ETHUSDT,2026-04-01,10.1,0–20,0.0,0.0,0.0,0.0,0.7766,0.0,0.0,0.0,0.024126,1,48.0,bottom 50%
ETHUSDT,2026-04-02,11.0,0–20,0.0455,0.0,0.0,0.0,0.7766,0.0,0.0,0.0,0.064317,1,55.0,top 50%
ETHUSDT,2026-04-03,11.1,0–20,0.0503,0.0,0.0,0.0,0.7766,0.0,0.0,0.0,0.093389,1,55.6,top 50%
ETHUSDT,2026-04-04,10.7,0–20,0.0311,0.0,0.0,0.0,0.7766,0.0,0.0,0.0,0.106538,1,53.1,top 50%
ETHUSDT,2026-04-05,10.1,0–20,0.0,0.0,0.0,0.0,0.7766,0.0,0.0,0.0,0.039453,1,48.0,bottom 50%
ETHUSDT,2026-04-06,10.1,0–20,0.0,0.0,0.0,0.0,0.7766,0.0,0.0,0.0,0.124755,1,48.0,bottom 50%
ETHUSDT,2026-04-07,10.1,0–20,0.0,0.0,0.0,0.0,0.7766,0.0,0.0,0.0,0.036355,1,48.0,bottom 50%
ETHUSDT,2026-04-08,10.1,0–20,0.0,0.0,0.0,0.0,0.7766,0.0,0.0,0.0,0.077203,1,48.0,bottom 50%
ETHUSDT,2026-04-09,10.1,0–20,0.0,0.0,0.0,0.0,0.7766,0.0,0.0,0.0,0.07286,1,48.0,bottom 50%
ETHUSDT,2026-04-10,10.7,0–20,0.0,0.0,0.0,0.0,0.7766,0.0,0.0,0.0828,0.078357,1,53.1,top 50%
ETHUSDT,2026-04-11,11.1,0–20,0.0,0.0,0.0,0.0,0.7766,0.0,0.0,0.1445,0.028752,1,55.6,top 50%
ETHUSDT,2026-04-12,11.5,0–20,0.0,0.0,0.0,0.0,0.7766,0.0,0.0,0.2037,0.03317,1,59.4,top 50%
ETHUSDT,2026-04-13,10.7,0–20,0.0,0.0,0.0,0.0,0.7766,0.0,0.0,0.0869,-0.023412,0,53.1,top 50%
ETHUSDT,2026-04-14,10.5,0–20,0.0,0.0,0.0,0.0,0.7766,0.0,0.0,0.0517,0.002007,1,52.1,top 50%
ETHUSDT,2026-04-15,13.4,0–20,0.0,0.0,0.0,0.0,0.7766,0.0,0.0,0.4734,0.007057,1,70.7,top 50%
ETHUSDT,2026-04-16,15.4,0–20,0.0,0.0,0.0,0.0,0.7766,0.0,0.0,0.759,-0.007294,0,84.2,top 25%
ETHUSDT,2026-04-17,14.0,0–20,0.0,0.0,0.0,0.0,0.7766,0.0,0.0,0.5529,-0.043527,0,73.9,top 50%
ETHUSDT,2026-04-18,16.9,0–20,0.0,0.0,0.0,0.0,0.7766,0.0,0.0,0.9708,-0.013726,0,90.2,top 10%
ETHUSDT,2026-04-19,15.2,0–20,0.0,0.0,0.0,0.0,0.7766,0.0,0.0,0.7222,0.046276,1,83.5,top 25%
ETHUSDT,2026-04-20,14.3,0–20,0.0,0.0,0.0,0.0,0.7766,0.0,0.0,0.5938,-0.005247,0,75.9,top 25%
ETHUSDT,2026-04-21,13.5,0–20,0.0,0.0,0.0,0.0,0.7766,0.0,0.0,0.4864,-0.01656,0,71.3,top 50%
ETHUSDT,2026-04-22,16.2,0–20,0.0,0.0,0.0,0.0,0.7766,0.0,0.0,0.8689,-0.051628,0,88.4,top 25%
ETHUSDT,2026-04-23,15.1,0–20,0.0,0.0,0.0,0.0,0.7766,0.0,0.0,0.7189,-0.032281,0,82.4,top 25%
ETHUSDT,2026-04-24,13.6,0–20,0.0,0.0,0.0,0.0,0.7766,0.0,0.0,0.494,-0.008894,0,71.9,top 50%
ETHUSDT,2026-04-25,13.5,0–20,0.0,0.0,0.0,0.0,0.7766,0.0,0.0,0.4897,-0.00112,0,71.3,top 50%
ETHUSDT,2026-04-26,13.8,0–20,0.0,0.0,0.0,0.0,0.7766,0.0,0.0,0.5317,-0.020295,0,72.8,top 50%
ETHUSDT,2026-04-27,12.1,0–20,0.0,0.0,0.0,0.0,0.7766,0.0,0.0,0.2903,0.018815,1,62.9,top 50%
ETHUSDT,2026-04-28,12.3,0–20,0.0,0.0,0.0,0.0,0.7766,0.0,0.0,0.3165,0.031345,1,64.1,top 50%
ETHUSDT,2026-04-29,12.7,0–20,0.0294,0.0,0.0,0.0,0.7766,0.0,0.0,0.2813,0.043217,1,66.4,top 50%
ETHUSDT,2026-04-30,11.7,0–20,0.0245,0.0,0.0,0.0,0.7766,0.0,0.0,0.1597,0.015449,1,60.5,top 50%
ETHUSDT,2026-05-01,9.1,0–20,0.0,0.0,0.0,0.0,0.6016,0.0,0.0,0.1787,0.005176,1,43.6,bottom 50%
ETHUSDT,2026-05-02,9.6,0–20,0.0,0.0,0.0,0.0,0.6016,0.0,0.0,0.2543,0.004531,1,45.4,bottom 50%
ETHUSDT,2026-05-03,7.8,0–20,0.0,0.0,0.0,0.0,0.6016,0.0,0.0,0.0,0.02042,1,37.5,bottom 50%
ETHUSDT,2026-05-04,7.8,0–20,0.0,0.0,0.0,0.0,0.6016,0.0,0.0,0.0,-0.002999,0,37.5,bottom 50%
ETHUSDT,2026-05-05,7.8,0–20,0.0,0.0,0.0,0.0,0.6016,0.0,0.0,0.0,-0.036651,0,37.5,bottom 50%
ETHUSDT,2026-05-06,7.8,0–20,0.0,0.0,0.0,0.0,0.6016,0.0,0.0,0.0,-0.039657,0,37.5,bottom 50%
ETHUSDT,2026-05-07,10.0,0–20,0.0039,0.0,0.0,0.0,0.6016,0.0,0.2936,0.0,-0.00444,0,47.1,bottom 50%
ETHUSDT,2026-05-08,7.8,0–20,0.0,0.0,0.0,0.0,0.6016,0.0,0.0,0.0,-0.036257,0,37.5,bottom 50%
ETHUSDT,2026-05-09,9.1,0–20,0.0,0.0,0.0,0.0,0.6016,0.0,0.0,0.1784,-0.063168,0,43.6,bottom 50%
ETHUSDT,2026-05-10,8.5,0–20,0.0,0.0,0.0,0.0,0.6016,0.0,0.0,0.0996,-0.101897,0,40.9,bottom 50%
ETHUSDT,2026-05-11,8.2,0–20,0.0,0.0,0.0,0.0,0.6016,0.0,0.0,0.0488,-0.090129,0,40.0,bottom 50%
ETHUSDT,2026-05-12,9.0,0–20,0.0589,0.0,0.0,0.0,0.6016,0.0,0.0,0.0,-0.072398,0,43.2,bottom 50%
ETHUSDT,2026-05-13,9.7,0–20,0.0922,0.0,0.0,0.0,0.6016,0.0,0.0,0.0,-0.057847,0,45.8,bottom 50%
ETHUSDT,2026-05-14,8.7,0–20,0.0381,0.0,0.0,0.0,0.6016,0.0,0.0,0.0234,-0.065554,0,41.5,bottom 50%
ETHUSDT,2026-05-15,11.5,0–20,0.1499,0.0,0.0,0.0,0.6016,0.0,0.0,0.1016,-0.071376,0,59.4,top 50%
ETHUSDT,2026-05-16,14.5,0–20,0.2235,0.1504,0.0,0.0,0.6016,0.0,0.0,0.0,-0.02927,0,76.9,top 25%
ETHUSDT,2026-05-17,17.0,0–20,0.3014,0.2114,0.0,0.0,0.6016,0.0,0.0,0.0,-0.013936,0,90.4,top 10%
ETHUSDT,2026-05-18,14.5,0–20,0.299,0.049,0.0,0.0,0.6016,0.0,0.0,0.0,-0.008055,0,76.9,top 25%
ETHUSDT,2026-05-19,14.9,0–20,0.3268,0.0115,0.0,0.0,0.6016,0.0,0.0,0.0565,-0.018534,0,80.9,top 25%
ETHUSDT,2026-05-20,13.4,0–20,0.2768,0.0,0.0,0.0,0.6016,0.0,0.0,0.0,-0.049265,0,70.7,top 50%
ETHUSDT,2026-05-21,13.1,0–20,0.2634,0.0,0.0,0.0,0.6016,0.0,0.0,0.0,-0.058111,0,68.9,top 50%
ETHUSDT,2026-05-22,15.2,0–20,0.3704,0.0,0.0,0.0,0.6016,0.0,0.0,0.0,-0.025505,0,83.5,top 25%
ETHUSDT,2026-05-23,12.3,0–20,0.2234,0.0,0.0,0.0,0.6016,0.0,0.0,0.0,-0.045603,0,64.1,top 50%
ETHUSDT,2026-05-24,12.9,0–20,0.2535,0.0,0.0,0.0,0.6016,0.0,0.0,0.0,-0.044639,0,67.6,top 50%
ETHUSDT,2026-05-25,12.1,0–20,0.2156,0.0,0.0,0.0,0.6016,0.0,0.0,0.0,-0.051222,0,62.9,top 50%
ETHUSDT,2026-05-26,13.5,0–20,0.286,0.0,0.0,0.0,0.6016,0.0,0.0,0.0,-0.102924,0,71.3,top 50%
ETHUSDT,2026-05-27,15.0,0–20,0.3603,0.0,0.0,0.0,0.6016,0.0,0.0,0.0,-0.104078,0,81.2,top 25%
ETHUSDT,2026-05-28,15.4,0–20,0.3812,0.0,0.0,0.0,0.6016,0.0,0.0,0.0,-0.118538,0,84.2,top 25%
ETHUSDT,2026-05-29,15.2,0–20,0.3667,0.0,0.0,0.0,0.6016,0.0,0.0,0.0,-0.214275,0,83.5,top 25%
ETHUSDT,2026-05-30,14.6,0–20,0.341,0.0,0.0,0.0,0.6016,0.0,0.0,0.0,-0.223174,0,77.5,top 25%
ETHUSDT,2026-05-31,15.2,0–20,0.3669,0.0,0.0,0.0,0.6016,0.0,0.0,0.0,-0.158628,0,83.5,top 25%
ETHUSDT,2026-06-01,7.4,0–20,0.3689,0.0,0.0,0.0,0.0,0.0,0.0,0.0,-0.156285,0,34.7,bottom 50%
ETHUSDT,2026-06-02,17.8,0–20,0.5606,0.154,0.0,0.0,0.0,0.0,0.6058,0.0,-0.11843,0,94.1,top 10%
ETHUSDT,2026-06-03,18.8,0–20,0.6018,0.1727,0.0,0.0,0.0,0.0,0.5972,0.0,-0.105752,0,96.4,top 10%
ETHUSDT,2026-06-04,19.9,0–20,0.6355,0.1393,0.0,0.0,0.0,0.0,0.7339,0.0,-0.054985,0,97.5,top 10%
ETHUSDT,2026-06-05,26.4,20–40,0.7412,0.3077,0.0,0.0,0.0,0.0,1.0,0.0,0.053304,1,99.5,top 10%
ETHUSDT,2026-06-06,16.8,0–20,0.7463,0.1257,0.0,0.0,0.0,0.0,0.0,0.0,0.071041,1,89.9,top 25%
ETHUSDT,2026-06-07,9.0,0–20,0.4486,0.0,0.0,0.0,0.0,0.0,0.0,0.0,0.022662,1,43.2,bottom 50%
ETHUSDT,2026-06-08,8.8,0–20,0.4402,0.0,0.0,0.0,0.0,0.0,0.0,0.0,0.062014,1,42.3,bottom 50%
ETHUSDT,2026-06-09,9.7,0–20,0.4853,0.0,0.0,0.0,0.0,0.0,0.0,0.0,0.093235,1,45.8,bottom 50%
ETHUSDT,2026-06-10,10.0,0–20,0.4998,0.0,0.0,0.0,0.0,0.0,0.0,0.0,0.07885,1,47.1,bottom 50%
ETHUSDT,2026-06-11,7.5,0–20,0.3756,0.0,0.0,0.0,0.0,0.0,0.0,0.0,0.022277,1,34.8,bottom 50%
ETHUSDT,2026-06-12,7.7,0–20,0.3832,0.0,0.0,0.0,0.0,0.0,0.0,0.0,0.027538,1,36.7,bottom 50%
ETHUSDT,2026-06-13,6.9,0–20,0.3462,0.0,0.0,0.0,0.0,0.0,0.0,0.0,0.035166,1,28.4,bottom 50%
ETHUSDT,2026-06-14,4.8,0–20,0.2411,0.0,0.0,0.0,0.0,0.0,0.0,0.0,-0.011616,0,21.7,bottom 50%
ETHUSDT,2026-06-15,1.9,0–20,0.0953,0.0,0.0,0.0,0.0,0.0,0.0,0.0,-0.038135,0,10.4,bottom 50%
ETHUSDT,2026-06-16,2.1,0–20,0.1026,0.0,0.0,0.0,0.0,0.0,0.0,0.0,-0.069795,0,11.1,bottom 50%
ETHUSDT,2026-06-17,3.4,0–20,0.1704,0.0,0.0,0.0,0.0,0.0,0.0,0.0,-0.073209,0,16.0,bottom 50%
ETHUSDT,2026-06-18,4.5,0–20,0.2271,0.0,0.0,0.0,0.0,0.0,0.0,0.0,-0.084653,0,20.6,bottom 50%
ETHUSDT,2026-06-19,4.5,0–20,0.2237,0.0,0.0,0.0,0.0,0.0,0.0,0.0,-0.078532,0,20.6,bottom 50%
ETHUSDT,2026-06-20,3.1,0–20,0.1562,0.0,0.0,0.0,0.0,0.0,0.0,0.0,-0.096426,0,14.8,bottom 50%
ETHUSDT,2026-06-21,4.3,0–20,0.2135,0.0,0.0,0.0,0.0,0.0,0.0,0.0,-0.07874,0,19.7,bottom 50%
ETHUSDT,2026-06-22,3.2,0–20,0.1599,0.0,0.0,0.0,0.0,0.0,0.0,0.0,-0.067364,0,15.1,bottom 50%
ETHUSDT,2026-06-23,5.2,0–20,0.2582,0.0,0.0,0.0,0.0,0.0,0.0,0.0,-0.057554,0,23.3,bottom 50%
ETHUSDT,2026-06-24,6.4,0–20,0.3218,0.0,0.0,0.0,0.0,0.0,0.0,0.0,-0.006768,0,27.3,bottom 50%
ETHUSDT,2026-06-25,11.0,0–20,0.39,0.0,0.0,0.0,0.0,0.0,0.0,0.4508,0.085219,1,55.0,top 50%
ETHUSDT,2026-06-26,10.0,0–20,0.3585,0.0,0.0,0.0,0.0,0.0,0.0,0.4004,0.114107,1,47.1,bottom 50%
ETHUSDT,2026-06-27,8.1,0–20,0.3651,0.0,0.0,0.0,0.0,0.0,0.0,0.1083,0.131997,1,39.2,bottom 50%
ETHUSDT,2026-06-28,7.3,0–20,0.3668,0.0,0.0,0.0,0.0,0.0,0.0,0.0,0.135411,1,34.5,bottom 50%
ETHUSDT,2026-06-29,5.0,0–20,0.249,0.0,0.0,0.0,0.0,0.0,0.0,0.0,0.116363,1,22.5,bottom 50%
ETHUSDT,2026-06-30,6.3,0–20,0.3139,0.0,0.0,0.0,0.0,0.0,0.0,0.0,0.126739,1,27.1,bottom 50%
ETHUSDT,2026-07-01,15.4,0–20,0.2051,0.0,0.0,0.0,0.868,0.0,0.0,0.0,0.083108,1,84.2,top 25%
ETHUSDT,2026-07-02,11.3,0–20,0.0025,0.0,0.0,0.0,0.868,0.0,0.0,0.0,0.027274,1,57.6,top 50%
ETHUSDT,2026-07-03,11.3,0–20,0.0,0.0,0.0,0.0,0.868,0.0,0.0,0.0,0.022302,1,57.6,top 50%
ETHUSDT,2026-07-04,11.3,0–20,0.0,0.0,0.0,0.0,0.868,0.0,0.0,0.0,0.005096,1,57.6,top 50%
ETHUSDT,2026-07-05,11.3,0–20,0.0,0.0,0.0,0.0,0.868,0.0,0.0,0.0,0.012777,1,57.6,top 50%
ETHUSDT,2026-07-06,11.3,0–20,0.0,0.0,0.0,0.0,0.868,0.0,0.0,0.0,-0.013392,0,57.6,top 50%
ETHUSDT,2026-07-07,11.3,0–20,0.0,0.0,0.0,0.0,0.868,0.0,0.0,0.0,0.068401,1,57.6,top 50%
ETHUSDT,2026-07-08,12.2,0–20,0.0,0.0,0.0,0.0,0.868,0.0,0.0,0.1363,0.099999,1,63.5,top 50%
ETHUSDT,2026-07-09,12.6,0–20,0.0,0.0,0.0,0.0,0.868,0.0,0.0,0.195,0.068048,1,65.8,top 50%
ETHUSDT,2026-07-10,12.2,0–20,0.0,0.0,0.0,0.0,0.868,0.0,0.0,0.1265,0.025224,1,63.5,top 50%
ETHUSDT,2026-07-11,13.2,0–20,0.0,0.0,0.0,0.0,0.868,0.0,0.0,0.2713,0.040989,1,69.5,top 50%
ETHUSDT,2026-07-12,12.2,0–20,0.0,0.0,0.0,0.0,0.868,0.0,0.0,0.1242,0.036394,1,63.5,top 50%
ETHUSDT,2026-07-13,12.9,0–20,0.0,0.0,0.0,0.0,0.868,0.0,0.0,0.236,0.073447,1,67.6,top 50%
ETHUSDT,2026-07-14,14.2,0–20,0.0,0.0,0.0,0.0,0.868,0.0,0.0,0.4164,0.02059,1,75.3,top 25%
ETHUSDT,2026-07-15,16.8,0–20,0.0,0.0,0.0,0.0,0.868,0.0,0.0,0.7875,0.008632,1,89.9,top 25%
ETHUSDT,2026-07-16,16.2,0–20,0.0,0.0,0.0,0.0,0.868,0.0,0.0,0.6989,0.007464,1,88.4,top 25%
ETHUSDT,2026-07-17,16.6,0–20,0.0,0.0,0.0,0.0,0.868,0.0,0.0,0.7596,0.010423,1,89.4,top 25%
ETHUSDT,2026-07-18,16.0,0–20,0.0,0.0,0.0,0.0,0.868,0.0,0.0,0.6788,0.006356,1,87.9,top 25%
ETHUSDT,2026-07-19,17.3,0–20,0.0,0.0,0.0,0.0,0.868,0.0,0.0,0.859,0.043763,1,93.0,top 10%
ETHUSDT,2026-07-20,18.3,0–20,0.0,0.0,0.0,0.0,0.868,0.0,0.0,1.0,-0.006905,0,95.3,top 10%
ETHUSDT,2026-07-21,17.0,0–20,0.0,0.0,0.0,0.0,0.868,0.0,0.0,0.8177,-0.004374,0,90.4,top 10%
ETHUSDT,2026-07-22,14.4,0–20,0.0,0.0,0.0,0.0,0.868,0.0,0.0,0.4416,-0.012915,0,76.4,top 25%
ETHUSDT,2026-07-23,13.4,0–20,0.0,0.0,0.0,0.0,0.868,0.0,0.0,0.301,0.021455,1,70.7,top 50%
ETHUSDT,2026-07-24,13.1,0–20,0.0,0.0,0.0,0.0,0.868,0.0,0.0,0.2583,9.1e-05,1,68.9,top 50%
ETHUSDT,2026-07-25,13.6,0–20,0.0,0.0,0.0,0.0,0.868,0.0,0.0,0.3332,-0.015911,0,71.9,top 50%
ETHUSDT,2026-07-26,13.9,0–20,0.0,0.0,0.0,0.0,0.868,0.0,0.0,0.3686,-0.03629,0,73.4,top 50%
SOLUSDT,2020-09-29,7.9,0–20,0.3933,0.0,0.0,0.0,0.0,0.0,0.0,0.0,-0.261395,0,89.1,top 25%
SOLUSDT,2020-09-30,8.2,0–20,0.4091,0.0,0.0,0.0,0.0,0.0,0.0,0.0,-0.209146,0,90.5,top 10%
SOLUSDT,2020-10-01,8.4,0–20,0.4214,0.0,0.0,0.0,0.0,0.0,0.0,0.0,-0.173297,0,91.1,top 10%
SOLUSDT,2020-10-02,9.9,0–20,0.4939,0.0,0.0,0.0,0.0,0.0,0.0,0.0,-0.032834,0,94.5,top 10%
SOLUSDT,2020-10-03,10.3,0–20,0.5158,0.0,0.0,0.0,0.0,0.0,0.0,0.0,-0.055436,0,95.3,top 10%
SOLUSDT,2020-10-04,10.5,0–20,0.5246,0.0,0.0,0.0,0.0,0.0,0.0,0.0,-0.035539,0,95.6,top 10%
SOLUSDT,2020-10-05,8.0,0–20,0.4005,0.0,0.0,0.0,0.0,0.0,0.0,0.0,-0.026554,0,89.5,top 25%
SOLUSDT,2020-10-06,17.5,0–20,0.5381,0.2267,0.0,0.0,0.0,0.0,0.0,0.4716,0.105071,1,98.9,top 10%
SOLUSDT,2020-10-07,9.0,0–20,0.452,0.0,0.0,0.0,0.0,0.0,0.0,0.0,0.009966,1,92.4,top 10%
SOLUSDT,2020-10-08,8.0,0–20,0.3984,0.0,0.0,0.0,0.0,0.0,0.0,0.0,-0.041765,0,89.5,top 25%
SOLUSDT,2020-10-09,5.6,0–20,0.2776,0.0,0.0,0.0,0.0,0.0,0.0,0.0,-0.153738,0,59.8,top 50%
SOLUSDT,2020-10-10,6.5,0–20,0.3257,0.0,0.0,0.0,0.0,0.0,0.0,0.0,-0.084888,0,66.5,top 50%
SOLUSDT,2020-10-11,6.2,0–20,0.3113,0.0,0.0,0.0,0.0,0.0,0.0,0.0,-0.087494,0,64.5,top 50%
SOLUSDT,2020-10-12,4.0,0–20,0.2013,0.0,0.0,0.0,0.0,0.0,0.0,0.0,-0.204475,0,45.2,bottom 50%
SOLUSDT,2020-10-13,5.5,0–20,0.2756,0.0,0.0,0.0,0.0,0.0,0.0,0.0,-0.21466,0,58.8,top 50%
SOLUSDT,2020-10-14,6.2,0–20,0.3098,0.0,0.0,0.0,0.0,0.0,0.0,0.0,-0.183293,0,64.5,top 50%
SOLUSDT,2020-10-15,6.6,0–20,0.3281,0.0,0.0,0.0,0.0,0.0,0.0,0.0,-0.137124,0,66.9,top 50%
SOLUSDT,2020-10-16,10.8,0–20,0.3716,0.0,0.0,0.0,0.0,0.0,0.4845,0.0,-0.088095,0,96.0,top 10%
SOLUSDT,2020-10-17,6.6,0–20,0.33,0.0,0.0,0.0,0.0,0.0,0.0,0.0,-0.131715,0,66.9,top 50%
SOLUSDT,2020-10-18,6.4,0–20,0.3198,0.0,0.0,0.0,0.0,0.0,0.0,0.0,-0.192754,0,66.0,top 50%
SOLUSDT,2020-10-19,7.7,0–20,0.3838,0.0,0.0,0.0,0.0,0.0,0.0,0.0,-0.181049,0,88.4,top 25%
SOLUSDT,2020-10-20,13.5,0–20,0.4448,0.036,0.0,0.0,0.0,0.0,0.5771,0.0,-0.094479,0,97.8,top 10%
SOLUSDT,2020-10-21,14.9,0–20,0.4432,0.0,0.0,0.0,0.0,0.0,0.8553,0.0,-0.21177,0,98.0,top 10%
SOLUSDT,2020-10-22,7.6,0–20,0.3822,0.0,0.0,0.0,0.0,0.0,0.0,0.0,-0.26933,0,88.1,top 25%
SOLUSDT,2020-10-23,7.6,0–20,0.3779,0.0,0.0,0.0,0.0,0.0,0.0,0.0,-0.264638,0,88.1,top 25%
SOLUSDT,2020-10-24,8.0,0–20,0.3996,0.0,0.0,0.0,0.0,0.0,0.0,0.0,-0.194122,0,89.5,top 25%
SOLUSDT,2020-10-25,9.1,0–20,0.4527,0.0,0.0,0.0,0.0,0.0,0.0,0.0,-0.104964,0,92.8,top 10%
SOLUSDT,2020-10-26,9.8,0–20,0.4923,0.0,0.0,0.0,0.0,0.0,0.0,0.0,-0.125422,0,94.3,top 10%
SOLUSDT,2020-10-27,12.6,0–20,0.4646,0.0,0.0,0.0,0.0,0.0,0.4731,0.0,-0.174244,0,97.4,top 10%
SOLUSDT,2020-10-28,16.3,0–20,0.5454,0.0,0.0,0.0,0.0,0.0,0.7718,0.0,-0.065634,0,98.5,top 10%
SOLUSDT,2020-10-29,11.3,0–20,0.565,0.0,0.0,0.0,0.0,0.0,0.0,0.0,-0.016598,0,96.5,top 10%
SOLUSDT,2020-10-30,11.0,0–20,0.5504,0.0,0.0,0.0,0.0,0.0,0.0,0.0,0.327754,1,96.2,top 10%
SOLUSDT,2020-10-31,8.7,0–20,0.4347,0.0,0.0,0.0,0.0,0.0,0.0,0.0,0.318858,1,91.8,top 10%
SOLUSDT,2020-11-01,7.4,0–20,0.3692,0.0,0.0,0.0,0.0,0.0,0.0,0.0,0.348009,1,87.5,top 25%
SOLUSDT,2020-11-02,8.6,0–20,0.4289,0.0,0.0,0.0,0.0,0.0,0.0,0.0,0.376223,1,91.6,top 10%
SOLUSDT,2020-11-03,9.1,0–20,0.4562,0.0,0.0,0.0,0.0,0.0,0.0,0.0,0.591795,1,92.8,top 10%
SOLUSDT,2020-11-04,9.3,0–20,0.465,0.0,0.0,0.0,0.0,0.0,0.0,0.0,0.438045,1,93.2,top 10%
SOLUSDT,2020-11-05,9.0,0–20,0.4485,0.0,0.0,0.0,0.0,0.0,0.0,0.0,0.35149,1,92.4,top 10%
SOLUSDT,2020-11-06,0.0,0–20,0.0,0.0,0.0,0.0,0.0,0.0,0.0,0.0,0.055939,1,6.0,bottom 50%
SOLUSDT,2020-11-07,0.0,0–20,0.0,0.0,0.0,0.0,0.0,0.0,0.0,0.0,-0.05657,0,6.0,bottom 50%
SOLUSDT,2020-11-08,0.0,0–20,0.0,0.0,0.0,0.0,0.0,0.0,0.0,0.0,-0.052566,0,6.0,bottom 50%
SOLUSDT,2020-11-09,0.0,0–20,0.0,0.0,0.0,0.0,0.0,0.0,0.0,0.0,0.111751,1,6.0,bottom 50%
SOLUSDT,2020-11-10,0.0,0–20,0.0,0.0,0.0,0.0,0.0,0.0,0.0,0.0,-0.020376,0,6.0,bottom 50%
SOLUSDT,2020-11-11,0.0,0–20,0.0,0.0,0.0,0.0,0.0,0.0,0.0,0.0,0.056392,1,6.0,bottom 50%
SOLUSDT,2020-11-12,1.8,0–20,0.0282,0.0,0.0,0.0,0.0,0.0,0.0,0.1715,0.093533,1,25.0,bottom 50%
SOLUSDT,2020-11-13,4.2,0–20,0.0,0.0,0.0,0.0,0.0,0.0,0.0,0.5998,0.036916,1,47.0,bottom 50%
SOLUSDT,2020-11-14,4.9,0–20,0.0196,0.0,0.0,0.0,0.0,0.0,0.0,0.6376,0.242663,1,53.2,top 50%
SOLUSDT,2020-11-15,7.0,0–20,0.0,0.0,0.0,0.0,0.0,0.0,0.0,1.0,0.04973,1,77.4,top 25%
SOLUSDT,2020-11-16,6.7,0–20,0.0,0.0,0.0,0.0,0.0,0.0,0.0,0.9613,0.009321,1,67.5,top 50%
SOLUSDT,2020-11-17,7.0,0–20,0.0,0.0,0.0,0.0,0.0,0.0,0.0,1.0,0.029873,1,77.4,top 25%
SOLUSDT,2020-11-18,7.0,0–20,0.0,0.0,0.0,0.0,0.0,0.0,0.0,1.0,0.073287,1,77.4,top 25%
SOLUSDT,2020-11-19,7.0,0–20,0.0,0.0,0.0,0.0,0.0,0.0,0.0,1.0,-0.083655,0,77.4,top 25%
SOLUSDT,2020-11-20,7.0,0–20,0.0,0.0,0.0,0.0,0.0,0.0,0.0,1.0,-0.113317,0,77.4,top 25%
SOLUSDT,2020-11-21,7.0,0–20,0.0,0.0,0.0,0.0,0.0,0.0,0.0,1.0,-0.207064,0,77.4,top 25%
SOLUSDT,2020-11-22,7.0,0–20,0.0,0.0,0.0,0.0,0.0,0.0,0.0,1.0,-0.107089,0,77.4,top 25%
SOLUSDT,2020-11-23,7.0,0–20,0.0,0.0,0.0,0.0,0.0,0.0,0.0,1.0,-0.135955,0,77.4,top 25%
SOLUSDT,2020-11-24,9.4,0–20,0.0,0.0,0.0,0.0,0.0,0.0,0.3406,1.0,-0.128599,0,93.5,top 10%
SOLUSDT,2020-11-25,7.0,0–20,0.0,0.0,0.0,0.0,0.0,0.0,0.0,1.0,-0.068119,0,77.4,top 25%
SOLUSDT,2020-11-26,14.8,0–20,0.1021,0.0,0.0,0.0,0.0,0.0,0.8484,0.9778,0.103694,1,98.0,top 10%
SOLUSDT,2020-11-27,4.2,0–20,0.125,0.0,0.0,0.0,0.0,0.0,0.0,0.2406,-0.001074,0,47.0,bottom 50%
SOLUSDT,2020-11-28,3.7,0–20,0.1042,0.0,0.0,0.0,0.0,0.0,0.0,0.2304,0.047561,1,42.7,bottom 50%
SOLUSDT,2020-11-29,5.2,0–20,0.0858,0.0,0.0,0.0,0.0,0.0,0.0,0.4981,-0.031802,0,56.2,top 50%
SOLUSDT,2020-11-30,1.3,0–20,0.0487,0.0,0.0,0.0,0.0,0.0,0.0,0.0425,-0.069001,0,21.4,bottom 50%
SOLUSDT,2020-12-01,0.8,0–20,0.0418,0.0,0.0,0.0,0.0,0.0,0.0,0.0,-0.157342,0,17.3,bottom 50%
SOLUSDT,2020-12-02,0.0,0–20,0.0,0.0,0.0,0.0,0.0,0.0,0.0,0.0,-0.21419,0,6.0,bottom 50%
SOLUSDT,2020-12-03,0.0,0–20,0.0,0.0,0.0,0.0,0.0,0.0,0.0,0.0,-0.250537,0,6.0,bottom 50%
SOLUSDT,2020-12-04,2.5,0–20,0.1228,0.0,0.0,0.0,0.0,0.0,0.0,0.0,-0.221648,0,31.9,bottom 50%
SOLUSDT,2020-12-05,0.7,0–20,0.0326,0.0,0.0,0.0,0.0,0.0,0.0,0.0,-0.246548,0,16.6,bottom 50%
SOLUSDT,2020-12-06,2.2,0–20,0.1106,0.0,0.0,0.0,0.0,0.0,0.0,0.0,-0.155747,0,28.8,bottom 50%
SOLUSDT,2020-12-07,2.5,0–20,0.1247,0.0,0.0,0.0,0.0,0.0,0.0,0.0,-0.130805,0,31.9,bottom 50%
SOLUSDT,2020-12-08,4.4,0–20,0.2204,0.0,0.0,0.0,0.0,0.0,0.0,0.0,0.057237,1,48.9,bottom 50%
SOLUSDT,2020-12-09,4.4,0–20,0.222,0.0,0.0,0.0,0.0,0.0,0.0,0.0,0.072967,1,48.9,bottom 50%
SOLUSDT,2020-12-10,5.4,0–20,0.271,0.0,0.0,0.0,0.0,0.0,0.0,0.0,0.066374,1,58.0,top 50%
SOLUSDT,2020-12-11,7.3,0–20,0.3371,0.0357,0.0,0.0,0.0,0.0,0.0,0.0,0.175978,1,87.2,top 25%
SOLUSDT,2020-12-12,5.8,0–20,0.292,0.0,0.0,0.0,0.0,0.0,0.0,0.0,0.119215,1,61.4,top 50%
SOLUSDT,2020-12-13,4.4,0–20,0.2207,0.0,0.0,0.0,0.0,0.0,0.0,0.0,-0.001201,0,48.9,bottom 50%
SOLUSDT,2020-12-14,3.9,0–20,0.1957,0.0,0.0,0.0,0.0,0.0,0.0,0.0,-0.031245,0,44.3,bottom 50%
SOLUSDT,2020-12-15,0.9,0–20,0.0468,0.0,0.0,0.0,0.0,0.0,0.0,0.0,-0.153569,0,18.3,bottom 50%
SOLUSDT,2020-12-16,0.6,0–20,0.0281,0.0,0.0,0.0,0.0,0.0,0.0,0.0,-0.324011,0,15.9,bottom 50%
SOLUSDT,2020-12-17,2.1,0–20,0.1068,0.0,0.0,0.0,0.0,0.0,0.0,0.0,-0.188383,0,27.7,bottom 50%
SOLUSDT,2020-12-18,1.8,0–20,0.0885,0.0,0.0,0.0,0.0,0.0,0.0,0.0,-0.149162,0,25.0,bottom 50%
SOLUSDT,2020-12-19,2.2,0–20,0.1121,0.0,0.0,0.0,0.0,0.0,0.0,0.0,-0.206402,0,28.8,bottom 50%
SOLUSDT,2020-12-20,3.8,0–20,0.1906,0.0,0.0,0.0,0.0,0.0,0.0,0.0,-0.166627,0,43.5,bottom 50%
SOLUSDT,2020-12-21,4.1,0–20,0.2062,0.0,0.0,0.0,0.0,0.0,0.0,0.0,-0.017011,0,46.0,bottom 50%
SOLUSDT,2020-12-22,4.9,0–20,0.2435,0.0,0.0,0.0,0.0,0.0,0.0,0.0,0.123506,1,53.2,top 50%
SOLUSDT,2020-12-23,17.7,0–20,0.4088,0.1688,0.0,0.0,0.0,0.0,1.0,0.0,0.273507,1,99.0,top 10%
SOLUSDT,2020-12-24,4.9,0–20,0.2472,0.0,0.0,0.0,0.0,0.0,0.0,0.0,0.108991,1,53.2,top 50%
SOLUSDT,2020-12-25,3.4,0–20,0.1706,0.0,0.0,0.0,0.0,0.0,0.0,0.0,0.274443,1,39.9,bottom 50%
SOLUSDT,2020-12-26,4.9,0–20,0.2436,0.0,0.0,0.0,0.0,0.0,0.0,0.0,0.358725,1,53.2,top 50%
SOLUSDT,2020-12-27,5.1,0–20,0.256,0.0,0.0,0.0,0.0,0.0,0.0,0.0,0.659004,1,55.3,top 50%
SOLUSDT,2020-12-28,1.4,0–20,0.0678,0.0,0.0,0.0,0.0,0.0,0.0,0.0,0.639587,1,22.1,bottom 50%
SOLUSDT,2020-12-29,0.0,0–20,0.0,0.0,0.0,0.0,0.0,0.0,0.0,0.0,0.288395,1,6.0,bottom 50%
SOLUSDT,2020-12-30,1.0,0–20,0.0494,0.0,0.0,0.0,0.0,0.0,0.0,0.0,0.256445,1,19.3,bottom 50%
SOLUSDT,2020-12-31,1.3,0–20,0.0657,0.0,0.0,0.0,0.0,0.0,0.0,0.0,0.57042,1,21.4,bottom 50%
SOLUSDT,2021-01-01,0.0,0–20,0.0,0.0,0.0,0.0,0.0,0.0,0.0,0.0,0.747959,1,6.0,bottom 50%
SOLUSDT,2021-01-02,0.0,0–20,0.0,0.0,0.0,0.0,0.0,0.0,0.0,0.0,0.881526,1,6.0,bottom 50%
SOLUSDT,2021-01-03,2.3,0–20,0.0,0.0,0.0,0.0,0.0,0.0,0.0,0.3354,0.60338,1,29.8,bottom 50%
SOLUSDT,2021-01-04,0.0,0–20,0.0,0.0,0.0,0.0,0.0,0.0,0.0,0.0,0.250692,1,6.0,bottom 50%
SOLUSDT,2021-01-05,0.0,0–20,0.0,0.0,0.0,0.0,0.0,0.0,0.0,0.0,0.675028,1,6.0,bottom 50%
SOLUSDT,2021-01-06,10.4,0–20,0.0,0.0,0.0,0.0,0.0,0.0,0.9713,0.5099,0.821351,1,95.5,top 10%
SOLUSDT,2021-01-07,9.7,0–20,0.0,0.0,0.0,0.0,0.0,0.0,1.0,0.39,0.381591,1,94.0,top 10%
SOLUSDT,2021-01-08,7.0,0–20,0.0,0.0,0.0,0.0,0.0,0.0,0.0,1.0,0.009402,1,77.4,top 25%
SOLUSDT,2021-01-09,7.0,0–20,0.0,0.0,0.0,0.0,0.0,0.0,0.0,1.0,0.018217,1,77.4,top 25%
SOLUSDT,2021-01-10,7.0,0–20,0.0,0.0,0.0,0.0,0.0,0.0,0.0,1.0,0.101563,1,77.4,top 25%
SOLUSDT,2021-01-11,10.1,0–20,0.0,0.0,0.0,0.0,0.0,0.0,0.4363,1.0,0.221173,1,94.9,top 10%
SOLUSDT,2021-01-12,7.0,0–20,0.0,0.0,0.0,0.0,0.0,0.0,0.0,1.0,0.007878,1,77.4,top 25%
SOLUSDT,2021-01-13,7.0,0–20,0.0,0.0,0.0,0.0,0.0,0.0,0.0,1.0,0.059707,1,77.4,top 25%
SOLUSDT,2021-01-14,7.0,0–20,0.0,0.0,0.0,0.0,0.0,0.0,0.0,1.0,-0.087741,0,77.4,top 25%
SOLUSDT,2021-01-15,7.0,0–20,0.0,0.0,0.0,0.0,0.0,0.0,0.0,1.0,0.029558,1,77.4,top 25%
SOLUSDT,2021-01-16,7.0,0–20,0.0,0.0,0.0,0.0,0.0,0.0,0.0,1.0,0.016552,1,77.4,top 25%
SOLUSDT,2021-01-17,7.0,0–20,0.0,0.0,0.0,0.0,0.0,0.0,0.0,1.0,-0.04812,0,77.4,top 25%
SOLUSDT,2021-01-18,7.0,0–20,0.0,0.0,0.0,0.0,0.0,0.0,0.0,1.0,-0.02517,0,77.4,top 25%
SOLUSDT,2021-01-19,7.0,0–20,0.0,0.0,0.0,0.0,0.0,0.0,0.0,1.0,0.11134,1,77.4,top 25%
SOLUSDT,2021-01-20,7.0,0–20,0.0,0.0,0.0,0.0,0.0,0.0,0.0,1.0,-0.00886,0,77.4,top 25%
SOLUSDT,2021-01-21,7.0,0–20,0.0,0.0,0.0,0.0,0.0,0.0,0.0,1.0,0.278056,1,77.4,top 25%
SOLUSDT,2021-01-22,7.0,0–20,0.0,0.0,0.0,0.0,0.0,0.0,0.0,1.0,0.145969,1,77.4,top 25%
SOLUSDT,2021-01-23,7.0,0–20,0.0,0.0,0.0,0.0,0.0,0.0,0.0,1.0,0.20552,1,77.4,top 25%
SOLUSDT,2021-01-24,7.0,0–20,0.0,0.0,0.0,0.0,0.0,0.0,0.0,1.0,0.17327,1,77.4,top 25%
SOLUSDT,2021-01-25,7.0,0–20,0.0,0.0,0.0,0.0,0.0,0.0,0.0,1.0,0.246385,1,77.4,top 25%
SOLUSDT,2021-01-26,7.0,0–20,0.0,0.0,0.0,0.0,0.0,0.0,0.0,1.0,0.301471,1,77.4,top 25%
SOLUSDT,2021-01-27,7.0,0–20,0.0,0.0,0.0,0.0,0.0,0.0,0.0,1.0,0.548802,1,77.4,top 25%
SOLUSDT,2021-01-28,3.4,0–20,0.0,0.0,0.0,0.0,0.0,0.0,0.0,0.4814,0.681304,1,39.9,bottom 50%
SOLUSDT,2021-01-29,2.7,0–20,0.0,0.0,0.0,0.0,0.0,0.0,0.0,0.3881,0.742447,1,33.6,bottom 50%
SOLUSDT,2021-01-30,2.7,0–20,0.0,0.0,0.0,0.0,0.0,0.0,0.0,0.3852,0.446593,1,33.6,bottom 50%
SOLUSDT,2021-01-31,7.0,0–20,0.0,0.0,0.0,0.0,0.0,0.0,0.0,1.0,0.57135,1,77.4,top 25%
SOLUSDT,2021-02-01,0.9,0–20,0.0,0.0,0.0,0.0,0.0,0.0,0.0,0.1335,0.709439,1,18.3,bottom 50%
SOLUSDT,2021-02-02,4.2,0–20,0.0,0.0,0.0,0.0,0.0,0.0,0.0,0.6046,0.483964,1,47.0,bottom 50%
SOLUSDT,2021-02-03,7.0,0–20,0.0,0.0,0.0,0.0,0.0,0.0,0.0,1.0,0.587164,1,77.4,top 25%
SOLUSDT,2021-02-04,7.0,0–20,0.0,0.0,0.0,0.0,0.0,0.0,0.0,1.0,0.434058,1,77.4,top 25%
SOLUSDT,2021-02-05,7.0,0–20,0.0,0.0,0.0,0.0,0.0,0.0,0.0,1.0,0.383927,1,77.4,top 25%
SOLUSDT,2021-02-06,7.0,0–20,0.0,0.0,0.0,0.0,0.0,0.0,0.0,1.0,0.429018,1,77.4,top 25%
SOLUSDT,2021-02-07,7.0,0–20,0.0,0.0,0.0,0.0,0.0,0.0,0.0,1.0,0.304223,1,77.4,top 25%
SOLUSDT,2021-02-08,7.0,0–20,0.0,0.0,0.0,0.0,0.0,0.0,0.0,1.0,0.124123,1,77.4,top 25%
SOLUSDT,2021-02-09,7.0,0–20,0.0,0.0,0.0,0.0,0.0,0.0,0.0,1.0,0.061544,1,77.4,top 25%
SOLUSDT,2021-02-10,7.0,0–20,0.0,0.0,0.0,0.0,0.0,0.0,0.0,1.0,-0.093653,0,77.4,top 25%
SOLUSDT,2021-02-11,7.0,0–20,0.0,0.0,0.0,0.0,0.0,0.0,0.0,1.0,-0.02549,0,77.4,top 25%
SOLUSDT,2021-02-12,7.0,0–20,0.0,0.0,0.0,0.0,0.0,0.0,0.0,1.0,0.239931,1,77.4,top 25%
SOLUSDT,2021-02-13,7.0,0–20,0.0,0.0,0.0,0.0,0.0,0.0,0.0,1.0,0.145458,1,77.4,top 25%
SOLUSDT,2021-02-14,7.0,0–20,0.0,0.0,0.0,0.0,0.0,0.0,0.0,1.0,0.268526,1,77.4,top 25%
SOLUSDT,2021-02-15,9.0,0–20,0.0,0.0,0.0,0.0,0.0,0.0,0.2806,1.0,0.631145,1,92.4,top 10%
SOLUSDT,2021-02-16,7.0,0–20,0.0,0.0,0.0,0.0,0.0,0.0,0.0,1.0,0.831981,1,77.4,top 25%
SOLUSDT,2021-02-17,7.0,0–20,0.0,0.0,0.0,0.0,0.0,0.0,0.0,1.0,1.104293,1,77.4,top 25%
SOLUSDT,2021-02-18,7.0,0–20,0.0,0.0,0.0,0.0,0.0,0.0,0.0,1.0,0.538454,1,77.4,top 25%
SOLUSDT,2021-02-19,7.0,0–20,0.0,0.0,0.0,0.0,0.0,0.0,0.0,1.0,0.1851,1,77.4,top 25%
SOLUSDT,2021-02-20,7.0,0–20,0.0,0.0,0.0,0.0,0.0,0.0,0.0,1.0,0.319765,1,77.4,top 25%
SOLUSDT,2021-02-21,7.0,0–20,0.0,0.0,0.0,0.0,0.0,0.0,0.0,1.0,0.180752,1,77.4,top 25%
SOLUSDT,2021-02-22,7.0,0–20,0.0,0.0,0.0,0.0,0.0,0.0,0.0,1.0,0.034646,1,77.4,top 25%
SOLUSDT,2021-02-23,7.0,0–20,0.0,0.0,0.0,0.0,0.0,0.0,0.0,1.0,-0.081743,0,77.4,top 25%
SOLUSDT,2021-02-24,7.0,0–20,0.0,0.0,0.0,0.0,0.0,0.0,0.0,1.0,-0.184198,0,77.4,top 25%
SOLUSDT,2021-02-25,11.5,0–20,0.0,0.0,0.0,0.0,0.0,0.0,0.6389,1.0,-0.051971,0,96.6,top 10%
SOLUSDT,2021-02-26,11.1,0–20,0.0,0.0,0.0,0.0,0.0,0.0,0.5789,1.0,-0.071939,0,96.3,top 10%
SOLUSDT,2021-02-27,7.0,0–20,0.0,0.0,0.0,0.0,0.0,0.0,0.0,1.0,-0.012477,0,77.4,top 25%
SOLUSDT,2021-02-28,9.7,0–20,0.0,0.0,0.0,0.0,0.0,0.0,0.3913,1.0,0.060239,1,94.0,top 10%
SOLUSDT,2021-03-01,7.0,0–20,0.0,0.0,0.0,0.0,0.0,0.0,0.0,1.0,-0.090495,0,77.4,top 25%
SOLUSDT,2021-03-02,7.0,0–20,0.0,0.0,0.0,0.0,0.0,0.0,0.0,1.0,0.063571,1,77.4,top 25%
SOLUSDT,2021-03-03,7.0,0–20,0.0,0.0,0.0,0.0,0.0,0.0,0.0,1.0,0.008182,1,77.4,top 25%
SOLUSDT,2021-03-04,7.0,0–20,0.0,0.0,0.0,0.0,0.0,0.0,0.0,1.0,0.220973,1,77.4,top 25%
SOLUSDT,2021-03-05,7.0,0–20,0.0,0.0,0.0,0.0,0.0,0.0,0.0,1.0,0.153975,1,77.4,top 25%
SOLUSDT,2021-03-06,7.0,0–20,0.0,0.0,0.0,0.0,0.0,0.0,0.0,1.0,0.174307,1,77.4,top 25%
SOLUSDT,2021-03-07,7.0,0–20,0.0,0.0,0.0,0.0,0.0,0.0,0.0,1.0,0.045435,1,77.4,top 25%
SOLUSDT,2021-03-08,7.0,0–20,0.0,0.0,0.0,0.0,0.0,0.0,0.0,1.0,0.042969,1,77.4,top 25%
SOLUSDT,2021-03-09,7.0,0–20,0.0,0.0,0.0,0.0,0.0,0.0,0.0,1.0,-0.082414,0,77.4,top 25%
SOLUSDT,2021-03-10,7.0,0–20,0.0,0.0,0.0,0.0,0.0,0.0,0.0,1.0,-0.000765,0,77.4,top 25%
SOLUSDT,2021-03-11,5.9,0–20,0.0,0.0,0.0,0.0,0.0,0.0,0.0,0.8403,-0.110194,0,62.1,top 50%
SOLUSDT,2021-03-12,7.0,0–20,0.0,0.0,0.0,0.0,0.0,0.0,0.0,1.0,-0.023869,0,77.4,top 25%
SOLUSDT,2021-03-13,7.0,0–20,0.0,0.0,0.0,0.0,0.0,0.0,0.0,1.0,-0.071646,0,77.4,top 25%
SOLUSDT,2021-03-14,0.9,0–20,0.0,0.0,0.0,0.0,0.0,0.0,0.0,0.1323,-0.012135,0,18.3,bottom 50%
SOLUSDT,2021-03-15,0.0,0–20,0.0,0.0,0.0,0.0,0.0,0.0,0.0,0.0,0.051642,1,6.0,bottom 50%
SOLUSDT,2021-03-16,0.0,0–20,0.0,0.0,0.0,0.0,0.0,0.0,0.0,0.0,0.042727,1,6.0,bottom 50%
SOLUSDT,2021-03-17,1.8,0–20,0.0,0.0,0.0,0.0,0.0,0.0,0.0,0.2603,-0.039304,0,25.0,bottom 50%
SOLUSDT,2021-03-18,4.1,0–20,0.0,0.0,0.0,0.0,0.0,0.0,0.0,0.5886,-0.084676,0,46.0,bottom 50%
SOLUSDT,2021-03-19,3.4,0–20,0.0,0.0,0.0,0.0,0.0,0.0,0.0,0.4847,0.040453,1,39.9,bottom 50%
SOLUSDT,2021-03-20,2.9,0–20,0.0,0.0,0.0,0.0,0.0,0.0,0.0,0.42,0.161578,1,35.4,bottom 50%
SOLUSDT,2021-03-21,0.0,0–20,0.0,0.0,0.0,0.0,0.0,0.0,0.0,0.0,0.257045,1,6.0,bottom 50%
SOLUSDT,2021-03-22,0.7,0–20,0.0,0.0,0.0,0.0,0.0,0.0,0.0,0.0982,0.263787,1,16.6,bottom 50%
SOLUSDT,2021-03-23,0.3,0–20,0.0,0.0,0.0,0.0,0.0,0.0,0.0,0.0405,0.354041,1,13.5,bottom 50%
SOLUSDT,2021-03-24,2.8,0–20,0.0,0.0,0.0,0.0,0.0,0.0,0.0,0.4063,0.424845,1,34.6,bottom 50%
SOLUSDT,2021-03-25,5.3,0–20,0.0621,0.0,0.0,0.0,0.0,0.0,0.0,0.582,0.465242,1,57.1,top 50%
SOLUSDT,2021-03-26,3.6,0–20,0.0,0.0,0.0,0.0,0.0,0.0,0.0,0.5125,0.340392,1,42.0,bottom 50%
SOLUSDT,2021-03-27,2.9,0–20,0.0,0.0,0.0,0.0,0.0,0.0,0.0,0.4152,0.366116,1,35.4,bottom 50%
SOLUSDT,2021-03-28,2.0,0–20,0.0,0.0,0.0,0.0,0.0,0.0,0.0,0.281,0.335536,1,26.7,bottom 50%
SOLUSDT,2021-03-29,0.0,0–20,0.0,0.0,0.0,0.0,0.0,0.0,0.0,0.0,0.219014,1,6.0,bottom 50%
SOLUSDT,2021-03-30,0.0,0–20,0.0,0.0,0.0,0.0,0.0,0.0,0.0,0.0,0.297559,1,6.0,bottom 50%
SOLUSDT,2021-03-31,0.0,0–20,0.0,0.0,0.0,0.0,0.0,0.0,0.0,0.0,0.360276,1,6.0,bottom 50%
SOLUSDT,2021-04-01,5.4,0–20,0.0,0.0,0.0,0.0,0.0,0.0,0.0,0.777,0.416512,1,58.0,top 50%
SOLUSDT,2021-04-02,6.8,0–20,0.0,0.0,0.0,0.0,0.0,0.0,0.0,0.9723,0.402219,1,68.0,top 50%
SOLUSDT,2021-04-03,7.0,0–20,0.0,0.0,0.0,0.0,0.0,0.0,0.0,1.0,0.190186,1,77.4,top 25%
SOLUSDT,2021-04-04,7.0,0–20,0.0,0.0,0.0,0.0,0.0,0.0,0.0,1.0,0.160863,1,77.4,top 25%
SOLUSDT,2021-04-05,7.0,0–20,0.0,0.0,0.0,0.0,0.0,0.0,0.0,1.0,0.240505,1,77.4,top 25%
SOLUSDT,2021-04-06,7.0,0–20,0.0,0.0,0.0,0.0,0.0,0.0,0.0,1.0,0.099307,1,77.4,top 25%
SOLUSDT,2021-04-07,7.0,0–20,0.0,0.0,0.0,0.0,0.0,0.0,0.0,1.0,-0.000112,0,77.4,top 25%
SOLUSDT,2021-04-08,7.0,0–20,0.0,0.0,0.0,0.0,0.0,0.0,0.0,1.0,0.029013,1,77.4,top 25%
SOLUSDT,2021-04-09,7.0,0–20,0.0,0.0,0.0,0.0,0.0,0.0,0.0,1.0,-0.085711,0,77.4,top 25%
SOLUSDT,2021-04-10,7.0,0–20,0.0,0.0,0.0,0.0,0.0,0.0,0.0,1.0,-0.064882,0,77.4,top 25%
SOLUSDT,2021-04-11,7.0,0–20,0.0,0.0,0.0,0.0,0.0,0.0,0.0,1.0,0.156489,1,77.4,top 25%
SOLUSDT,2021-04-12,7.0,0–20,0.0,0.0,0.0,0.0,0.0,0.0,0.0,1.0,0.110962,1,77.4,top 25%
SOLUSDT,2021-04-13,7.0,0–20,0.0,0.0,0.0,0.0,0.0,0.0,0.0,1.0,0.157988,1,77.4,top 25%
SOLUSDT,2021-04-14,7.0,0–20,0.0,0.0,0.0,0.0,0.0,0.0,0.0,1.0,0.228061,1,77.4,top 25%
SOLUSDT,2021-04-15,7.0,0–20,0.0,0.0,0.0,0.0,0.0,0.0,0.0,1.0,0.397632,1,77.4,top 25%
SOLUSDT,2021-04-16,7.0,0–20,0.0,0.0,0.0,0.0,0.0,0.0,0.0,1.0,0.455994,1,77.4,top 25%
SOLUSDT,2021-04-17,7.0,0–20,0.0,0.0,0.0,0.0,0.0,0.0,0.0,1.0,0.623009,1,77.4,top 25%
SOLUSDT,2021-04-18,7.0,0–20,0.0,0.0,0.0,0.0,0.0,0.0,0.0,1.0,0.466358,1,77.4,top 25%
SOLUSDT,2021-04-19,7.0,0–20,0.0,0.0,0.0,0.0,0.0,0.0,0.0,1.0,0.388327,1,77.4,top 25%
SOLUSDT,2021-04-20,7.0,0–20,0.0,0.0,0.0,0.0,0.0,0.0,0.0,1.0,0.360999,1,77.4,top 25%
SOLUSDT,2021-04-21,7.0,0–20,0.0,0.0,0.0,0.0,0.0,0.0,0.0,1.0,0.378708,1,77.4,top 25%
SOLUSDT,2021-04-22,7.0,0–20,0.0,0.0,0.0,0.0,0.0,0.0,0.0,1.0,0.092099,1,77.4,top 25%
SOLUSDT,2021-04-23,7.0,0–20,0.0,0.0,0.0,0.0,0.0,0.0,0.0,1.0,0.161651,1,77.4,top 25%
SOLUSDT,2021-04-24,7.0,0–20,0.0,0.0,0.0,0.0,0.0,0.0,0.0,1.0,0.215299,1,77.4,top 25%
SOLUSDT,2021-04-25,7.0,0–20,0.0,0.0,0.0,0.0,0.0,0.0,0.0,1.0,-0.010063,0,77.4,top 25%
SOLUSDT,2021-04-26,7.0,0–20,0.0,0.0,0.0,0.0,0.0,0.0,0.0,1.0,0.044505,1,77.4,top 25%
SOLUSDT,2021-04-27,7.0,0–20,0.0,0.0,0.0,0.0,0.0,0.0,0.0,1.0,-0.011782,0,77.4,top 25%
SOLUSDT,2021-04-28,9.2,0–20,0.0,0.0,0.0,0.0,0.0,0.0,0.3208,1.0,0.002177,1,93.0,top 10%
SOLUSDT,2021-04-29,7.0,0–20,0.0,0.0,0.0,0.0,0.0,0.0,0.0,1.0,0.023437,1,77.4,top 25%
SOLUSDT,2021-04-30,7.0,0–20,0.0,0.0,0.0,0.0,0.0,0.0,0.0,1.0,0.004633,1,77.4,top 25%
SOLUSDT,2021-05-01,7.0,0–20,0.0,0.0,0.0,0.0,0.0,0.0,0.0,1.0,-0.079714,0,77.4,top 25%
SOLUSDT,2021-05-02,7.0,0–20,0.0,0.0,0.0,0.0,0.0,0.0,0.0,1.0,-0.054612,0,77.4,top 25%
SOLUSDT,2021-05-03,7.0,0–20,0.0,0.0,0.0,0.0,0.0,0.0,0.0,1.0,-0.065835,0,77.4,top 25%
SOLUSDT,2021-05-04,7.0,0–20,0.0,0.0,0.0,0.0,0.0,0.0,0.0,1.0,0.043247,1,77.4,top 25%
SOLUSDT,2021-05-05,7.0,0–20,0.0,0.0,0.0,0.0,0.0,0.0,0.0,1.0,-0.054899,0,77.4,top 25%
SOLUSDT,2021-05-06,7.0,0–20,0.0,0.0,0.0,0.0,0.0,0.0,0.0,1.0,-0.056559,0,77.4,top 25%
SOLUSDT,2021-05-07,7.0,0–20,0.0,0.0,0.0,0.0,0.0,0.0,0.0,1.0,-0.01013,0,77.4,top 25%
SOLUSDT,2021-05-08,7.0,0–20,0.0,0.0,0.0,0.0,0.0,0.0,0.0,1.0,-0.046096,0,77.4,top 25%
SOLUSDT,2021-05-09,7.0,0–20,0.0,0.0,0.0,0.0,0.0,0.0,0.0,1.0,0.064756,1,77.4,top 25%
SOLUSDT,2021-05-10,7.0,0–20,0.0,0.0,0.0,0.0,0.0,0.0,0.0,1.0,0.092137,1,77.4,top 25%
SOLUSDT,2021-05-11,7.0,0–20,0.0,0.0,0.0,0.0,0.0,0.0,0.0,1.0,0.254243,1,77.4,top 25%
SOLUSDT,2021-05-12,6.2,0–20,0.0,0.0,0.0,0.0,0.0,0.0,0.3417,0.5409,-0.173118,0,64.5,top 50%
SOLUSDT,2021-05-13,9.0,0–20,0.0,0.0,0.0,0.0,0.0,0.0,0.2892,1.0,0.091344,1,92.4,top 10%
SOLUSDT,2021-05-14,3.0,0–20,0.0,0.0,0.0,0.0,0.0,0.0,0.0,0.4249,-0.091414,0,36.2,bottom 50%
SOLUSDT,2021-05-15,0.0,0–20,0.0,0.0,0.0,0.0,0.0,0.0,0.0,0.0,-0.279461,0,6.0,bottom 50%
SOLUSDT,2021-05-16,0.5,0–20,0.0,0.0,0.0,0.0,0.0,0.0,0.0,0.0723,-0.476942,0,14.9,bottom 50%
SOLUSDT,2021-05-17,0.0,0–20,0.0,0.0,0.0,0.0,0.0,0.0,0.0,0.0,-0.332449,0,6.0,bottom 50%
SOLUSDT,2021-05-18,0.0,0–20,0.0,0.0,0.0,0.0,0.0,0.0,0.0,0.0,-0.463485,0,6.0,bottom 50%
SOLUSDT,2021-05-19,12.0,0–20,0.1411,0.1322,0.0,0.0,0.0,0.0,1.0,0.0249,0.012323,1,97.2,top 10%
SOLUSDT,2021-05-20,6.4,0–20,0.0,0.0,0.0,0.0,0.0,0.0,0.8511,0.0606,-0.249385,0,66.0,top 50%
SOLUSDT,2021-05-21,8.1,0–20,0.0552,0.0,0.0,0.0,0.0,0.0,1.0,0.0,-0.251813,0,90.0,top 10%
SOLUSDT,2021-05-22,5.8,0–20,0.168,0.1636,0.0,0.0,0.0,0.0,0.0,0.0,-0.125789,0,61.4,top 50%
SOLUSDT,2021-05-23,19.3,0–20,0.2528,0.2592,0.0,0.0,0.0,0.0,1.0,0.4796,0.15853,1,99.5,top 10%
SOLUSDT,2021-05-24,2.6,0–20,0.1294,0.0,0.0,0.0,0.0,0.0,0.0,0.0,0.048993,1,32.7,bottom 50%
SOLUSDT,2021-05-25,2.9,0–20,0.147,0.0,0.0,0.0,0.0,0.0,0.0,0.0,0.032943,1,35.4,bottom 50%
SOLUSDT,2021-05-26,1.0,0–20,0.0484,0.0,0.0,0.0,0.0,0.0,0.0,0.0,-0.044556,0,19.3,bottom 50%
SOLUSDT,2021-05-27,1.6,0–20,0.0785,0.0,0.0,0.0,0.0,0.0,0.0,0.0,0.175268,1,23.4,bottom 50%
SOLUSDT,2021-05-28,2.9,0–20,0.1461,0.0,0.0,0.0,0.0,0.0,0.0,0.0,0.28843,1,35.4,bottom 50%
SOLUSDT,2021-05-29,3.4,0–20,0.1701,0.0,0.0,0.0,0.0,0.0,0.0,0.0,0.445967,1,39.9,bottom 50%
SOLUSDT,2021-05-30,2.9,0–20,0.1446,0.0,0.0,0.0,0.0,0.0,0.0,0.0,0.479176,1,35.4,bottom 50%
SOLUSDT,2021-05-31,1.2,0–20,0.059,0.0,0.0,0.0,0.0,0.0,0.0,0.0,0.165957,1,20.5,bottom 50%
SOLUSDT,2021-06-01,1.8,0–20,0.0908,0.0,0.0,0.0,0.0,0.0,0.0,0.0,0.339921,1,25.0,bottom 50%
SOLUSDT,2021-06-02,0.6,0–20,0.03,0.0,0.0,0.0,0.0,0.0,0.0,0.0,0.237819,1,15.9,bottom 50%
SOLUSDT,2021-06-03,0.0,0–20,0.0,0.0,0.0,0.0,0.0,0.0,0.0,0.0,0.04124,1,6.0,bottom 50%
SOLUSDT,2021-06-04,0.0,0–20,0.0,0.0,0.0,0.0,0.0,0.0,0.0,0.0,-0.036589,0,6.0,bottom 50%
SOLUSDT,2021-06-05,0.0,0–20,0.0,0.0,0.0,0.0,0.0,0.0,0.0,0.0,-0.079416,0,6.0,bottom 50%
SOLUSDT,2021-06-06,0.0,0–20,0.0,0.0,0.0,0.0,0.0,0.0,0.0,0.0,-0.083623,0,6.0,bottom 50%
SOLUSDT,2021-06-07,0.0,0–20,0.0,0.0,0.0,0.0,0.0,0.0,0.0,0.0,0.01178,1,6.0,bottom 50%
SOLUSDT,2021-06-08,4.6,0–20,0.0,0.0,0.0,0.0,0.0,0.0,0.0,0.6537,-0.008771,0,50.6,top 50%
SOLUSDT,2021-06-09,0.0,0–20,0.0,0.0,0.0,0.0,0.0,0.0,0.0,0.0,-0.05539,0,6.0,bottom 50%
SOLUSDT,2021-06-10,0.7,0–20,0.0,0.0,0.0,0.0,0.0,0.0,0.0,0.1033,-0.044626,0,16.6,bottom 50%
SOLUSDT,2021-06-11,7.7,0–20,0.0342,0.0,0.0,0.0,0.0,0.0,0.0,1.0,0.016721,1,88.4,top 25%
SOLUSDT,2021-06-12,7.5,0–20,0.0249,0.0,0.0,0.0,0.0,0.0,0.0,1.0,-0.029863,0,87.8,top 25%
SOLUSDT,2021-06-13,7.0,0–20,0.0,0.0,0.0,0.0,0.0,0.0,0.0,1.0,-0.088945,0,77.4,top 25%
SOLUSDT,2021-06-14,7.0,0–20,0.0,0.0,0.0,0.0,0.0,0.0,0.0,1.0,-0.311411,0,77.4,top 25%
SOLUSDT,2021-06-15,5.5,0–20,0.0,0.0,0.0,0.0,0.0,0.0,0.0,0.7831,-0.349466,0,58.8,top 50%
SOLUSDT,2021-06-16,2.8,0–20,0.0,0.0,0.0,0.0,0.0,0.0,0.0,0.4036,-0.24317,0,34.6,bottom 50%
SOLUSDT,2021-06-17,7.0,0–20,0.0,0.0,0.0,0.0,0.0,0.0,0.0,1.0,-0.205874,0,77.4,top 25%
SOLUSDT,2021-06-18,7.8,0–20,0.0404,0.0,0.0,0.0,0.0,0.0,0.0,1.0,-0.216922,0,88.8,top 25%
SOLUSDT,2021-06-19,8.5,0–20,0.0761,0.0,0.0,0.0,0.0,0.0,0.0,1.0,-0.159548,0,91.3,top 10%
SOLUSDT,2021-06-20,8.5,0–20,0.077,0.0,0.0,0.0,0.0,0.0,0.0,1.0,-0.096048,0,91.3,top 10%
SOLUSDT,2021-06-21,18.1,0–20,0.2839,0.3856,0.0,0.0,0.0,0.0,0.0,0.9446,0.235221,1,99.2,top 10%
SOLUSDT,2021-06-22,18.9,0–20,0.2798,0.1744,0.0,0.0,0.0,0.0,1.0,0.5329,0.265015,1,99.4,top 10%
SOLUSDT,2021-06-23,8.0,0–20,0.1656,0.0,0.0,0.0,0.0,0.0,0.6715,0.0,0.183285,1,89.5,top 25%
SOLUSDT,2021-06-24,2.6,0–20,0.1281,0.0,0.0,0.0,0.0,0.0,0.0,0.0,0.071293,1,32.7,bottom 50%
SOLUSDT,2021-06-25,3.8,0–20,0.1896,0.0,0.0,0.0,0.0,0.0,0.0,0.0,0.18543,1,43.5,bottom 50%
SOLUSDT,2021-06-26,3.1,0–20,0.1538,0.0,0.0,0.0,0.0,0.0,0.0,0.0,0.160401,1,37.0,bottom 50%
SOLUSDT,2021-06-27,1.5,0–20,0.0775,0.0,0.0,0.0,0.0,0.0,0.0,0.0,0.074577,1,22.8,bottom 50%
SOLUSDT,2021-06-28,0.9,0–20,0.044,0.0,0.0,0.0,0.0,0.0,0.0,0.0,0.001725,1,18.3,bottom 50%
SOLUSDT,2021-06-29,0.2,0–20,0.0121,0.0,0.0,0.0,0.0,0.0,0.0,0.0,0.01188,1,13.0,bottom 50%
SOLUSDT,2021-06-30,0.0,0–20,0.0,0.0,0.0,0.0,0.0,0.0,0.0,0.0,0.029108,1,6.0,bottom 50%
SOLUSDT,2021-07-01,0.6,0–20,0.0299,0.0,0.0,0.0,0.0,0.0,0.0,0.0,-0.005996,0,15.9,bottom 50%
SOLUSDT,2021-07-02,0.2,0–20,0.0078,0.0,0.0,0.0,0.0,0.0,0.0,0.0,-0.022217,0,13.0,bottom 50%
SOLUSDT,2021-07-03,0.0,0–20,0.0,0.0,0.0,0.0,0.0,0.0,0.0,0.0,-0.078024,0,6.0,bottom 50%
SOLUSDT,2021-07-04,0.0,0–20,0.0,0.0,0.0,0.0,0.0,0.0,0.0,0.0,-0.06216,0,6.0,bottom 50%
SOLUSDT,2021-07-05,1.0,0–20,0.0509,0.0,0.0,0.0,0.0,0.0,0.0,0.0,-0.064773,0,19.3,bottom 50%
SOLUSDT,2021-07-06,0.0,0–20,0.0,0.0,0.0,0.0,0.0,0.0,0.0,0.0,-0.150221,0,6.0,bottom 50%
SOLUSDT,2021-07-07,0.0,0–20,0.0,0.0,0.0,0.0,0.0,0.0,0.0,0.0,-0.145126,0,6.0,bottom 50%
SOLUSDT,2021-07-08,0.9,0–20,0.0428,0.0,0.0,0.0,0.0,0.0,0.0,0.0,-0.143105,0,18.3,bottom 50%
SOLUSDT,2021-07-09,0.8,0–20,0.0403,0.0,0.0,0.0,0.0,0.0,0.0,0.0,-0.207266,0,17.3,bottom 50%
SOLUSDT,2021-07-10,2.0,0–20,0.0983,0.0,0.0,0.0,0.0,0.0,0.0,0.0,-0.159396,0,26.7,bottom 50%
SOLUSDT,2021-07-11,8.6,0–20,0.0797,0.0,0.0,0.0,0.0,0.0,0.0,1.0,-0.168623,0,91.6,top 10%
SOLUSDT,2021-07-12,9.7,0–20,0.1335,0.0,0.0,0.0,0.0,0.0,0.0,1.0,-0.207485,0,94.0,top 10%
SOLUSDT,2021-07-13,7.2,0–20,0.199,0.0,0.0,0.0,0.0,0.0,0.0,0.4604,-0.193386,0,86.8,top 25%
SOLUSDT,2021-07-14,4.0,0–20,0.0882,0.0,0.0,0.0,0.0,0.0,0.0,0.3142,-0.148906,0,45.2,bottom 50%
SOLUSDT,2021-07-15,7.4,0–20,0.1933,0.0134,0.0,0.0,0.0,0.0,0.0,0.4818,-0.026361,0,87.5,top 25%
SOLUSDT,2021-07-16,10.2,0–20,0.2609,0.1755,0.0,0.0,0.0,0.0,0.0,0.3399,0.0813,1,95.1,top 10%
SOLUSDT,2021-07-17,4.9,0–20,0.242,0.003,0.0,0.0,0.0,0.0,0.0,0.0,0.074133,1,53.2,top 50%
SOLUSDT,2021-07-18,4.8,0–20,0.2402,0.0,0.0,0.0,0.0,0.0,0.0,0.0,0.052963,1,52.3,top 50%
SOLUSDT,2021-07-19,6.7,0–20,0.3179,0.0206,0.0,0.0,0.0,0.0,0.0,0.0,0.157851,1,67.5,top 50%
SOLUSDT,2021-07-20,7.0,0–20,0.3477,0.0,0.0,0.0,0.0,0.0,0.0,0.0,0.1948,1,77.4,top 25%
SOLUSDT,2021-07-21,3.4,0–20,0.1678,0.0,0.0,0.0,0.0,0.0,0.0,0.0,0.044786,1,39.9,bottom 50%
SOLUSDT,2021-07-22,2.3,0–20,0.1127,0.0,0.0,0.0,0.0,0.0,0.0,0.0,0.129198,1,29.8,bottom 50%
SOLUSDT,2021-07-23,1.4,0–20,0.0717,0.0,0.0,0.0,0.0,0.0,0.0,0.0,0.136076,1,22.1,bottom 50%
SOLUSDT,2021-07-24,1.2,0–20,0.0619,0.0,0.0,0.0,0.0,0.0,0.0,0.0,0.283065,1,20.5,bottom 50%
SOLUSDT,2021-07-25,1.7,0–20,0.0873,0.0,0.0,0.0,0.0,0.0,0.0,0.0,0.21604,1,24.1,bottom 50%
SOLUSDT,2021-07-26,1.6,0–20,0.0792,0.0,0.0,0.0,0.0,0.0,0.0,0.0,0.173662,1,23.4,bottom 50%
SOLUSDT,2021-07-27,1.8,0–20,0.092,0.0,0.0,0.0,0.0,0.0,0.0,0.0,0.211332,1,25.0,bottom 50%
SOLUSDT,2021-07-28,2.1,0–20,0.1058,0.0,0.0,0.0,0.0,0.0,0.0,0.0,0.285749,1,27.7,bottom 50%
SOLUSDT,2021-07-29,0.0,0–20,0.0,0.0,0.0,0.0,0.0,0.0,0.0,0.0,0.194175,1,6.0,bottom 50%
SOLUSDT,2021-07-30,0.0,0–20,0.0,0.0,0.0,0.0,0.0,0.0,0.0,0.0,0.2177,1,6.0,bottom 50%
SOLUSDT,2021-07-31,0.0,0–20,0.0,0.0,0.0,0.0,0.0,0.0,0.0,0.0,0.069952,1,6.0,bottom 50%
SOLUSDT,2021-08-01,0.0,0–20,0.0,0.0,0.0,0.0,0.0,0.0,0.0,0.0,0.099826,1,6.0,bottom 50%
SOLUSDT,2021-08-02,0.0,0–20,0.0,0.0,0.0,0.0,0.0,0.0,0.0,0.0,0.166916,1,6.0,bottom 50%
SOLUSDT,2021-08-03,0.0,0–20,0.0,0.0,0.0,0.0,0.0,0.0,0.0,0.0,0.195413,1,6.0,bottom 50%
SOLUSDT,2021-08-04,5.4,0–20,0.0,0.0,0.0,0.0,0.0,0.0,0.0,0.7648,0.167223,1,58.0,top 50%
SOLUSDT,2021-08-05,7.0,0–20,0.0,0.0,0.0,0.0,0.0,0.0,0.0,1.0,0.100233,1,77.4,top 25%
SOLUSDT,2021-08-06,7.0,0–20,0.0,0.0,0.0,0.0,0.0,0.0,0.0,1.0,0.138123,1,77.4,top 25%
SOLUSDT,2021-08-07,7.0,0–20,0.0,0.0,0.0,0.0,0.0,0.0,0.0,1.0,0.119517,1,77.4,top 25%
SOLUSDT,2021-08-08,7.0,0–20,0.0,0.0,0.0,0.0,0.0,0.0,0.0,1.0,0.426592,1,77.4,top 25%
SOLUSDT,2021-08-09,7.0,0–20,0.0,0.0,0.0,0.0,0.0,0.0,0.0,1.0,0.610421,1,77.4,top 25%
SOLUSDT,2021-08-10,7.0,0–20,0.0,0.0,0.0,0.0,0.0,0.0,0.0,1.0,0.579996,1,77.4,top 25%
SOLUSDT,2021-08-11,7.0,0–20,0.0,0.0,0.0,0.0,0.0,0.0,0.0,1.0,0.737809,1,77.4,top 25%
SOLUSDT,2021-08-12,7.0,0–20,0.0,0.0,0.0,0.0,0.0,0.0,0.0,1.0,0.770286,1,77.4,top 25%
SOLUSDT,2021-08-13,7.0,0–20,0.0,0.0,0.0,0.0,0.0,0.0,0.0,1.0,0.753547,1,77.4,top 25%
SOLUSDT,2021-08-14,7.0,0–20,0.0,0.0,0.0,0.0,0.0,0.0,0.0,1.0,0.671989,1,77.4,top 25%
SOLUSDT,2021-08-15,7.0,0–20,0.0,0.0,0.0,0.0,0.0,0.0,0.0,1.0,0.354613,1,77.4,top 25%
SOLUSDT,2021-08-16,7.0,0–20,0.0,0.0,0.0,0.0,0.0,0.0,0.0,1.0,0.212639,1,77.4,top 25%
SOLUSDT,2021-08-17,7.0,0–20,0.0,0.0,0.0,0.0,0.0,0.0,0.0,1.0,0.100609,1,77.4,top 25%
SOLUSDT,2021-08-18,7.0,0–20,0.0,0.0,0.0,0.0,0.0,0.0,0.0,1.0,-0.008157,0,77.4,top 25%
SOLUSDT,2021-08-19,7.0,0–20,0.0,0.0,0.0,0.0,0.0,0.0,0.0,1.0,0.035166,1,77.4,top 25%
SOLUSDT,2021-08-20,7.0,0–20,0.0,0.0,0.0,0.0,0.0,0.0,0.0,1.0,0.118926,1,77.4,top 25%
SOLUSDT,2021-08-21,7.0,0–20,0.0,0.0,0.0,0.0,0.0,0.0,0.0,1.0,0.311119,1,77.4,top 25%
SOLUSDT,2021-08-22,7.0,0–20,0.0,0.0,0.0,0.0,0.0,0.0,0.0,1.0,0.297591,1,77.4,top 25%
SOLUSDT,2021-08-23,7.0,0–20,0.0,0.0,0.0,0.0,0.0,0.0,0.0,1.0,0.460146,1,77.4,top 25%
SOLUSDT,2021-08-24,9.6,0–20,0.0,0.0,0.0,0.0,0.0,0.0,0.3689,1.0,0.535056,1,93.7,top 10%
SOLUSDT,2021-08-25,7.0,0–20,0.0,0.0,0.0,0.0,0.0,0.0,0.0,1.0,0.543163,1,77.4,top 25%
SOLUSDT,2021-08-26,7.0,0–20,0.0,0.0,0.0,0.0,0.0,0.0,0.0,1.0,0.700861,1,77.4,top 25%
SOLUSDT,2021-08-27,7.0,0–20,0.0,0.0,0.0,0.0,0.0,0.0,0.0,1.0,0.664072,1,77.4,top 25%
SOLUSDT,2021-08-28,7.0,0–20,0.0,0.0,0.0,0.0,0.0,0.0,0.0,1.0,0.438557,1,77.4,top 25%
SOLUSDT,2021-08-29,7.0,0–20,0.0,0.0,0.0,0.0,0.0,0.0,0.0,1.0,0.503878,1,77.4,top 25%
SOLUSDT,2021-08-30,7.0,0–20,0.0,0.0,0.0,0.0,0.0,0.0,0.0,1.0,0.487007,1,77.4,top 25%
SOLUSDT,2021-08-31,7.0,0–20,0.0,0.0,0.0,0.0,0.0,0.0,0.0,1.0,0.596081,1,77.4,top 25%
SOLUSDT,2021-09-01,7.0,0–20,0.0,0.0,0.0,0.0,0.0,0.0,0.0,1.0,0.720582,1,77.4,top 25%
SOLUSDT,2021-09-02,7.0,0–20,0.0,0.0,0.0,0.0,0.0,0.0,0.0,1.0,0.469105,1,77.4,top 25%
SOLUSDT,2021-09-03,7.0,0–20,0.0,0.0,0.0,0.0,0.0,0.0,0.0,1.0,0.227053,1,77.4,top 25%
SOLUSDT,2021-09-04,7.0,0–20,0.0,0.0,0.0,0.0,0.0,0.0,0.0,1.0,0.285773,1,77.4,top 25%
SOLUSDT,2021-09-05,7.0,0–20,0.0,0.0,0.0,0.0,0.0,0.0,0.0,1.0,0.228525,1,77.4,top 25%
SOLUSDT,2021-09-06,7.0,0–20,0.0,0.0,0.0,0.0,0.0,0.0,0.0,1.0,0.02974,1,77.4,top 25%
SOLUSDT,2021-09-07,7.0,0–20,0.0,0.0,0.0,0.0,0.0,0.0,0.0,1.0,-0.086943,0,77.4,top 25%
SOLUSDT,2021-09-08,7.0,0–20,0.0,0.0,0.0,0.0,0.0,0.0,0.0,1.0,-0.167105,0,77.4,top 25%
SOLUSDT,2021-09-09,7.0,0–20,0.0,0.0,0.0,0.0,0.0,0.0,0.0,1.0,-0.189812,0,77.4,top 25%
SOLUSDT,2021-09-10,7.0,0–20,0.0,0.0,0.0,0.0,0.0,0.0,0.0,1.0,-0.179424,0,77.4,top 25%
SOLUSDT,2021-09-11,7.0,0–20,0.0,0.0,0.0,0.0,0.0,0.0,0.0,1.0,-0.054139,0,77.4,top 25%
SOLUSDT,2021-09-12,7.0,0–20,0.0,0.0,0.0,0.0,0.0,0.0,0.0,1.0,-0.126167,0,77.4,top 25%
SOLUSDT,2021-09-13,7.0,0–20,0.0,0.0,0.0,0.0,0.0,0.0,0.0,1.0,-0.219384,0,77.4,top 25%
SOLUSDT,2021-09-14,7.0,0–20,0.0,0.0,0.0,0.0,0.0,0.0,0.0,1.0,-0.215974,0,77.4,top 25%
SOLUSDT,2021-09-15,7.0,0–20,0.0,0.0,0.0,0.0,0.0,0.0,0.0,1.0,-0.070345,0,77.4,top 25%
SOLUSDT,2021-09-16,7.0,0–20,0.0,0.0,0.0,0.0,0.0,0.0,0.0,1.0,-0.017842,0,77.4,top 25%
SOLUSDT,2021-09-17,7.0,0–20,0.0,0.0,0.0,0.0,0.0,0.0,0.0,1.0,-0.055541,0,77.4,top 25%
SOLUSDT,2021-09-18,7.0,0–20,0.0,0.0,0.0,0.0,0.0,0.0,0.0,1.0,-0.195085,0,77.4,top 25%
SOLUSDT,2021-09-19,7.0,0–20,0.0,0.0,0.0,0.0,0.0,0.0,0.0,1.0,-0.110265,0,77.4,top 25%
SOLUSDT,2021-09-20,8.1,0–20,0.0531,0.0,0.0,0.0,0.0,0.0,0.0,1.0,0.034767,1,90.0,top 10%
SOLUSDT,2021-09-21,9.3,0–20,0.1135,0.0,0.0,0.0,0.0,0.0,0.0,1.0,0.061209,1,93.2,top 10%
SOLUSDT,2021-09-22,5.3,0–20,0.0,0.0,0.0,0.0,0.0,0.0,0.0,0.7625,-0.084995,0,57.1,top 50%
SOLUSDT,2021-09-23,4.8,0–20,0.0,0.0,0.0,0.0,0.0,0.0,0.0,0.6824,-0.057992,0,52.3,top 50%
SOLUSDT,2021-09-24,3.1,0–20,0.0,0.0,0.0,0.0,0.0,0.0,0.0,0.4403,0.159881,1,37.0,bottom 50%
SOLUSDT,2021-09-25,0.4,0–20,0.0224,0.0,0.0,0.0,0.0,0.0,0.0,0.0,0.241697,1,14.1,bottom 50%
SOLUSDT,2021-09-26,0.5,0–20,0.0263,0.0,0.0,0.0,0.0,0.0,0.0,0.0,0.271849,1,14.9,bottom 50%
SOLUSDT,2021-09-27,0.3,0–20,0.0169,0.0,0.0,0.0,0.0,0.0,0.0,0.0,0.219439,1,13.5,bottom 50%
SOLUSDT,2021-09-28,1.3,0–20,0.0634,0.0,0.0,0.0,0.0,0.0,0.0,0.0,0.247676,1,21.4,bottom 50%
SOLUSDT,2021-09-29,0.5,0–20,0.025,0.0,0.0,0.0,0.0,0.0,0.0,0.0,0.138575,1,14.9,bottom 50%
SOLUSDT,2021-09-30,0.0,0–20,0.0,0.0,0.0,0.0,0.0,0.0,0.0,0.0,0.093657,1,6.0,bottom 50%
SOLUSDT,2021-10-01,0.0,0–20,0.0,0.0,0.0,0.0,0.0,0.0,0.0,0.0,-0.016905,0,6.0,bottom 50%
SOLUSDT,2021-10-02,0.0,0–20,0.0,0.0,0.0,0.0,0.0,0.0,0.0,0.0,-0.072547,0,6.0,bottom 50%
SOLUSDT,2021-10-03,0.0,0–20,0.0,0.0,0.0,0.0,0.0,0.0,0.0,0.0,-0.14219,0,6.0,bottom 50%
SOLUSDT,2021-10-04,0.0,0–20,0.0,0.0,0.0,0.0,0.0,0.0,0.0,0.0,-0.131191,0,6.0,bottom 50%
SOLUSDT,2021-10-05,0.0,0–20,0.0,0.0,0.0,0.0,0.0,0.0,0.0,0.0,-0.069333,0,6.0,bottom 50%
SOLUSDT,2021-10-06,2.0,0–20,0.0,0.0,0.0,0.0,0.0,0.0,0.0,0.2878,-0.038491,0,26.7,bottom 50%
SOLUSDT,2021-10-07,4.7,0–20,0.0,0.0,0.0,0.0,0.0,0.0,0.0,0.6646,-0.029326,0,51.5,top 50%
SOLUSDT,2021-10-08,0.6,0–20,0.0,0.0,0.0,0.0,0.0,0.0,0.0,0.0927,0.022944,1,15.9,bottom 50%
SOLUSDT,2021-10-09,3.1,0–20,0.0,0.0,0.0,0.0,0.0,0.0,0.0,0.4383,0.004546,1,37.0,bottom 50%
SOLUSDT,2021-10-10,7.3,0–20,0.0135,0.0,0.0,0.0,0.0,0.0,0.0,1.0,0.078995,1,87.2,top 25%
SOLUSDT,2021-10-11,8.0,0–20,0.0483,0.0,0.0,0.0,0.0,0.0,0.0,1.0,0.085416,1,89.5,top 25%
SOLUSDT,2021-10-12,1.5,0–20,0.0,0.0,0.0,0.0,0.0,0.0,0.0,0.2127,0.021474,1,22.8,bottom 50%
SOLUSDT,2021-10-13,2.2,0–20,0.0113,0.0,0.0,0.0,0.0,0.0,0.0,0.2862,0.187418,1,28.8,bottom 50%
SOLUSDT,2021-10-14,4.2,0–20,0.0,0.0,0.0,0.0,0.0,0.0,0.0,0.597,0.27085,1,47.0,bottom 50%
SOLUSDT,2021-10-15,3.4,0–20,0.0,0.0,0.0,0.0,0.0,0.0,0.0,0.4786,0.208094,1,39.9,bottom 50%
SOLUSDT,2021-10-16,2.6,0–20,0.0,0.0,0.0,0.0,0.0,0.0,0.0,0.367,0.254953,1,32.7,bottom 50%
SOLUSDT,2021-10-17,4.3,0–20,0.0,0.0,0.0,0.0,0.0,0.0,0.0,0.6123,0.266791,1,48.1,bottom 50%
SOLUSDT,2021-10-18,4.7,0–20,0.0,0.0,0.0,0.0,0.0,0.0,0.0,0.6711,0.336275,1,51.5,top 50%
SOLUSDT,2021-10-19,3.9,0–20,0.0,0.0,0.0,0.0,0.0,0.0,0.0,0.5544,0.280676,1,44.3,bottom 50%
SOLUSDT,2021-10-20,5.8,0–20,0.0,0.0,0.0,0.0,0.0,0.0,0.0,0.8257,0.044489,1,61.4,top 50%
SOLUSDT,2021-10-21,0.0,0–20,0.0,0.0,0.0,0.0,0.0,0.0,0.0,0.0,0.023884,1,6.0,bottom 50%
SOLUSDT,2021-10-22,0.0,0–20,0.0,0.0,0.0,0.0,0.0,0.0,0.0,0.0,0.019097,1,6.0,bottom 50%
SOLUSDT,2021-10-23,0.0,0–20,0.0,0.0,0.0,0.0,0.0,0.0,0.0,0.0,-0.011572,0,6.0,bottom 50%
SOLUSDT,2021-10-24,0.0,0–20,0.0,0.0,0.0,0.0,0.0,0.0,0.0,0.0,0.000292,1,6.0,bottom 50%
SOLUSDT,2021-10-25,3.0,0–20,0.0,0.0,0.0,0.0,0.0,0.0,0.0,0.4304,-0.031219,0,36.2,bottom 50%
SOLUSDT,2021-10-26,7.0,0–20,0.0,0.0,0.0,0.0,0.0,0.0,0.0,1.0,0.10226,1,77.4,top 25%
SOLUSDT,2021-10-27,10.5,0–20,0.0,0.0,0.0,0.0,0.0,0.0,0.5062,1.0,0.321721,1,95.6,top 10%
SOLUSDT,2021-10-28,7.0,0–20,0.0,0.0,0.0,0.0,0.0,0.0,0.0,1.0,0.269541,1,77.4,top 25%
SOLUSDT,2021-10-29,7.0,0–20,0.0,0.0,0.0,0.0,0.0,0.0,0.0,1.0,0.181292,1,77.4,top 25%
SOLUSDT,2021-10-30,7.0,0–20,0.0,0.0,0.0,0.0,0.0,0.0,0.0,1.0,0.325041,1,77.4,top 25%
SOLUSDT,2021-10-31,7.0,0–20,0.0,0.0,0.0,0.0,0.0,0.0,0.0,1.0,0.234178,1,77.4,top 25%
SOLUSDT,2021-11-01,7.0,0–20,0.0,0.0,0.0,0.0,0.0,0.0,0.0,1.0,0.220698,1,77.4,top 25%
SOLUSDT,2021-11-02,7.0,0–20,0.0,0.0,0.0,0.0,0.0,0.0,0.0,1.0,0.08615,1,77.4,top 25%
SOLUSDT,2021-11-03,7.0,0–20,0.0,0.0,0.0,0.0,0.0,0.0,0.0,1.0,-0.037544,0,77.4,top 25%
SOLUSDT,2021-11-04,7.0,0–20,0.0,0.0,0.0,0.0,0.0,0.0,0.0,1.0,-0.053143,0,77.4,top 25%
SOLUSDT,2021-11-05,7.0,0–20,0.0,0.0,0.0,0.0,0.0,0.0,0.0,1.0,-0.033713,0,77.4,top 25%
SOLUSDT,2021-11-06,7.0,0–20,0.0,0.0,0.0,0.0,0.0,0.0,0.0,1.0,-0.066076,0,77.4,top 25%
SOLUSDT,2021-11-07,7.0,0–20,0.0,0.0,0.0,0.0,0.0,0.0,0.0,1.0,-0.045624,0,77.4,top 25%
SOLUSDT,2021-11-08,7.0,0–20,0.0,0.0,0.0,0.0,0.0,0.0,0.0,1.0,-0.043924,0,77.4,top 25%
SOLUSDT,2021-11-09,7.0,0–20,0.0,0.0,0.0,0.0,0.0,0.0,0.0,1.0,-0.083499,0,77.4,top 25%
SOLUSDT,2021-11-10,7.0,0–20,0.0,0.0,0.0,0.0,0.0,0.0,0.0,1.0,-0.064438,0,77.4,top 25%
SOLUSDT,2021-11-11,7.0,0–20,0.0,0.0,0.0,0.0,0.0,0.0,0.0,1.0,-0.165442,0,77.4,top 25%
SOLUSDT,2021-11-12,7.0,0–20,0.0,0.0,0.0,0.0,0.0,0.0,0.0,1.0,-0.057864,0,77.4,top 25%
SOLUSDT,2021-11-13,7.0,0–20,0.0,0.0,0.0,0.0,0.0,0.0,0.0,1.0,-0.098459,0,77.4,top 25%
SOLUSDT,2021-11-14,4.8,0–20,0.0,0.0,0.0,0.0,0.0,0.0,0.0,0.6904,-0.029959,0,52.3,top 50%
SOLUSDT,2021-11-15,6.0,0–20,0.0,0.0,0.0,0.0,0.0,0.0,0.0,0.8639,-0.091838,0,62.8,top 50%
SOLUSDT,2021-11-16,7.0,0–20,0.0,0.0,0.0,0.0,0.0,0.0,0.0,1.0,0.011849,1,77.4,top 25%
SOLUSDT,2021-11-17,5.8,0–20,0.0,0.0,0.0,0.0,0.0,0.0,0.0,0.8261,-0.017345,0,61.4,top 50%
SOLUSDT,2021-11-18,9.6,0–20,0.1863,0.0,0.0,0.0,0.0,0.0,0.0,0.8408,0.05507,1,93.7,top 10%
SOLUSDT,2021-11-19,7.2,0–20,0.0115,0.0,0.0,0.0,0.0,0.0,0.0,0.9936,-0.110406,0,86.8,top 25%
SOLUSDT,2021-11-20,5.6,0–20,0.0,0.0,0.0,0.0,0.0,0.0,0.0,0.7964,-0.114272,0,59.8,top 50%
SOLUSDT,2021-11-21,2.8,0–20,0.0,0.0,0.0,0.0,0.0,0.0,0.0,0.4067,-0.132331,0,34.6,bottom 50%
SOLUSDT,2021-11-22,0.3,0–20,0.0153,0.0,0.0,0.0,0.0,0.0,0.0,0.0,-0.052925,0,13.5,bottom 50%
SOLUSDT,2021-11-23,0.0,0–20,0.0,0.0,0.0,0.0,0.0,0.0,0.0,0.0,-0.059349,0,6.0,bottom 50%
SOLUSDT,2021-11-24,0.5,0–20,0.0234,0.0,0.0,0.0,0.0,0.0,0.0,0.0,0.069224,1,14.9,bottom 50%
SOLUSDT,2021-11-25,1.8,0–20,0.0881,0.0,0.0,0.0,0.0,0.0,0.0,0.0,0.134495,1,25.0,bottom 50%
SOLUSDT,2021-11-26,4.1,0–20,0.1869,0.0242,0.0,0.0,0.0,0.0,0.0,0.0,0.102932,1,46.0,bottom 50%
SOLUSDT,2021-11-27,3.4,0–20,0.1722,0.0,0.0,0.0,0.0,0.0,0.0,0.0,0.041546,1,39.9,bottom 50%
SOLUSDT,2021-11-28,2.0,0–20,0.1019,0.0,0.0,0.0,0.0,0.0,0.0,0.0,-0.022466,0,26.7,bottom 50%
SOLUSDT,2021-11-29,1.4,0–20,0.0687,0.0,0.0,0.0,0.0,0.0,0.0,0.0,-0.049531,0,22.1,bottom 50%
SOLUSDT,2021-11-30,0.6,0–20,0.0289,0.0,0.0,0.0,0.0,0.0,0.0,0.0,-0.086615,0,15.9,bottom 50%
SOLUSDT,2021-12-01,0.0,0–20,0.0,0.0,0.0,0.0,0.0,0.0,0.0,0.0,-0.153079,0,6.0,bottom 50%
SOLUSDT,2021-12-02,0.0,0–20,0.0,0.0,0.0,0.0,0.0,0.0,0.0,0.0,-0.225712,0,6.0,bottom 50%
SOLUSDT,2021-12-03,0.5,0–20,0.0243,0.0,0.0,0.0,0.0,0.0,0.0,0.0,-0.204851,0,14.9,bottom 50%
SOLUSDT,2021-12-04,7.9,0–20,0.0954,0.0,0.0,0.0,0.0,0.0,0.8517,0.0,-0.145061,0,89.1,top 25%
SOLUSDT,2021-12-05,2.6,0–20,0.129,0.0,0.0,0.0,0.0,0.0,0.0,0.0,-0.115903,0,32.7,bottom 50%
SOLUSDT,2021-12-06,4.3,0–20,0.1426,0.0,0.0,0.0,0.0,0.0,0.0,0.2035,-0.200753,0,48.1,bottom 50%
SOLUSDT,2021-12-07,5.4,0–20,0.1682,0.0,0.0,0.0,0.0,0.0,0.0,0.2845,-0.195467,0,58.0,top 50%
SOLUSDT,2021-12-08,5.1,0–20,0.1277,0.0,0.0,0.0,0.0,0.0,0.0,0.3709,-0.083654,0,55.3,top 50%
SOLUSDT,2021-12-09,4.5,0–20,0.2244,0.0,0.0,0.0,0.0,0.0,0.0,0.0,-0.023311,0,49.7,bottom 50%
SOLUSDT,2021-12-10,6.8,0–20,0.306,0.0486,0.0,0.0,0.0,0.0,0.0,0.0,0.044943,1,68.0,top 50%
SOLUSDT,2021-12-11,5.3,0–20,0.2628,0.0,0.0,0.0,0.0,0.0,0.0,0.0,0.063307,1,57.1,top 50%
SOLUSDT,2021-12-12,4.9,0–20,0.2463,0.0,0.0,0.0,0.0,0.0,0.0,0.0,0.038438,1,53.2,top 50%
SOLUSDT,2021-12-13,7.5,0–20,0.3573,0.024,0.0,0.0,0.0,0.0,0.0,0.0,0.118925,1,87.8,top 25%
SOLUSDT,2021-12-14,7.4,0–20,0.3676,0.0,0.0,0.0,0.0,0.0,0.0,0.0,0.174454,1,87.5,top 25%
SOLUSDT,2021-12-15,2.2,0–20,0.1113,0.0,0.0,0.0,0.0,0.0,0.0,0.0,0.001437,1,28.8,bottom 50%
SOLUSDT,2021-12-16,2.4,0–20,0.1212,0.0,0.0,0.0,0.0,0.0,0.0,0.0,0.073927,1,30.7,bottom 50%
SOLUSDT,2021-12-17,2.6,0–20,0.132,0.0,0.0,0.0,0.0,0.0,0.0,0.0,0.084157,1,32.7,bottom 50%
SOLUSDT,2021-12-18,1.2,0–20,0.0609,0.0,0.0,0.0,0.0,0.0,0.0,0.0,0.056257,1,20.5,bottom 50%
SOLUSDT,2021-12-19,1.7,0–20,0.084,0.0,0.0,0.0,0.0,0.0,0.0,0.0,0.099405,1,24.1,bottom 50%
SOLUSDT,2021-12-20,2.8,0–20,0.1377,0.0,0.0,0.0,0.0,0.0,0.0,0.0,0.125281,1,34.6,bottom 50%
SOLUSDT,2021-12-21,1.4,0–20,0.0702,0.0,0.0,0.0,0.0,0.0,0.0,0.0,-0.014809,0,22.1,bottom 50%
SOLUSDT,2021-12-22,1.7,0–20,0.0838,0.0,0.0,0.0,0.0,0.0,0.0,0.0,-0.044455,0,24.1,bottom 50%
SOLUSDT,2021-12-23,0.0,0–20,0.0,0.0,0.0,0.0,0.0,0.0,0.0,0.0,-0.090957,0,6.0,bottom 50%
SOLUSDT,2021-12-24,0.0,0–20,0.0,0.0,0.0,0.0,0.0,0.0,0.0,0.0,-0.104976,0,6.0,bottom 50%
SOLUSDT,2021-12-25,0.0,0–20,0.0,0.0,0.0,0.0,0.0,0.0,0.0,0.0,-0.075616,0,6.0,bottom 50%
SOLUSDT,2021-12-26,0.0,0–20,0.0,0.0,0.0,0.0,0.0,0.0,0.0,0.0,-0.109181,0,6.0,bottom 50%
SOLUSDT,2021-12-27,0.0,0–20,0.0,0.0,0.0,0.0,0.0,0.0,0.0,0.0,-0.128598,0,6.0,bottom 50%
SOLUSDT,2021-12-28,5.0,0–20,0.1128,0.0,0.0,0.0,0.0,0.0,0.3987,0.0,-0.053469,0,54.2,top 50%
SOLUSDT,2021-12-29,5.0,0–20,0.1729,0.0,0.0,0.0,0.0,0.0,0.0,0.2251,-0.091164,0,54.2,top 50%
SOLUSDT,2021-12-30,7.6,0–20,0.147,0.0,0.0,0.0,0.0,0.0,0.0,0.6702,-0.129202,0,88.1,top 25%
SOLUSDT,2021-12-31,8.0,0–20,0.1701,0.0,0.0,0.0,0.0,0.0,0.0,0.6515,-0.19904,0,89.5,top 25%
SOLUSDT,2022-01-01,5.4,0–20,0.0659,0.0,0.0,0.0,0.0,0.0,0.0,0.5793,-0.201686,0,58.0,top 50%
SOLUSDT,2022-01-02,6.8,0–20,0.0886,0.0,0.0,0.0,0.0,0.0,0.0,0.7113,-0.201515,0,68.0,top 50%
SOLUSDT,2022-01-03,7.0,0–20,0.1519,0.0,0.0,0.0,0.0,0.0,0.0,0.5634,-0.201663,0,77.4,top 25%
SOLUSDT,2022-01-04,3.5,0–20,0.1758,0.0,0.0,0.0,0.0,0.0,0.0,0.0,-0.165269,0,41.1,bottom 50%
SOLUSDT,2022-01-05,7.1,0–20,0.2926,0.0864,0.0,0.0,0.0,0.0,0.0,0.0,-0.0219,0,86.3,top 25%
SOLUSDT,2022-01-06,8.2,0–20,0.3297,0.0708,0.0,0.0,0.0,0.0,0.0,0.0724,-0.029391,0,90.5,top 10%
SOLUSDT,2022-01-07,17.2,0–20,0.4272,0.1823,0.0,0.0,0.0,0.0,0.849,0.0,0.071525,1,98.8,top 10%
SOLUSDT,2022-01-08,9.9,0–20,0.3361,0.0,0.0,0.0,0.0,0.0,0.4563,0.0,0.037103,1,94.5,top 10%
SOLUSDT,2022-01-09,7.0,0–20,0.3483,0.0,0.0,0.0,0.0,0.0,0.0,0.0,0.049827,1,77.4,top 25%
SOLUSDT,2022-01-10,7.7,0–20,0.3841,0.0,0.0,0.0,0.0,0.0,0.0,0.0,0.029209,1,88.4,top 25%
SOLUSDT,2022-01-11,6.3,0–20,0.3167,0.0,0.0,0.0,0.0,0.0,0.0,0.0,0.010011,1,65.4,top 50%
SOLUSDT,2022-01-12,3.0,0–20,0.1521,0.0,0.0,0.0,0.0,0.0,0.0,0.0,-0.104881,0,36.2,bottom 50%
SOLUSDT,2022-01-13,4.1,0–20,0.205,0.0,0.0,0.0,0.0,0.0,0.0,0.0,-0.128791,0,46.0,bottom 50%
SOLUSDT,2022-01-14,4.1,0–20,0.2029,0.0,0.0,0.0,0.0,0.0,0.0,0.0,-0.233944,0,46.0,bottom 50%
SOLUSDT,2022-01-15,3.6,0–20,0.1784,0.0,0.0,0.0,0.0,0.0,0.0,0.0,-0.362804,0,42.0,bottom 50%
SOLUSDT,2022-01-16,3.5,0–20,0.1775,0.0,0.0,0.0,0.0,0.0,0.0,0.0,-0.326521,0,41.1,bottom 50%
SOLUSDT,2022-01-17,5.2,0–20,0.2618,0.0,0.0,0.0,0.0,0.0,0.0,0.0,-0.34501,0,56.2,top 50%
SOLUSDT,2022-01-18,4.7,0–20,0.2333,0.0,0.0,0.0,0.0,0.0,0.0,0.0,-0.33101,0,51.5,top 50%
SOLUSDT,2022-01-19,5.9,0–20,0.2933,0.0,0.0,0.0,0.0,0.0,0.0,0.0,-0.320742,0,62.1,top 50%
SOLUSDT,2022-01-20,7.4,0–20,0.3717,0.0,0.0,0.0,0.0,0.0,0.0,0.0,-0.295371,0,87.5,top 25%
SOLUSDT,2022-01-21,18.1,0–20,0.4817,0.0993,0.0,0.0,0.0,0.0,1.0,0.0,-0.184459,0,99.2,top 10%
SOLUSDT,2022-01-22,22.5,20–40,0.5752,0.2662,0.0,0.0,0.0,0.0,1.0,0.0,0.021715,1,99.9,top 10%
SOLUSDT,2022-01-23,10.5,0–20,0.4875,0.0469,0.0,0.0,0.0,0.0,0.0,0.0,-0.063072,0,95.6,top 10%
SOLUSDT,2022-01-24,18.6,0–20,0.529,0.068,0.0,0.0,0.0,0.0,1.0,0.0,0.088256,1,99.2,top 10%
SOLUSDT,2022-01-25,9.6,0–20,0.479,0.0,0.0,0.0,0.0,0.0,0.0,0.0,0.161091,1,93.7,top 10%
SOLUSDT,2022-01-26,12.8,0–20,0.4934,0.0,0.0,0.0,0.0,0.0,0.4149,0.0,0.104074,1,97.5,top 10%
SOLUSDT,2022-01-27,10.2,0–20,0.5088,0.0,0.0,0.0,0.0,0.0,0.0,0.0,0.131945,1,95.1,top 10%
SOLUSDT,2022-01-28,9.6,0–20,0.4777,0.0,0.0,0.0,0.0,0.0,0.0,0.0,0.22846,1,93.7,top 10%
SOLUSDT,2022-01-29,7.8,0–20,0.3877,0.0,0.0,0.0,0.0,0.0,0.0,0.0,0.183643,1,88.8,top 25%
SOLUSDT,2022-01-30,8.2,0–20,0.4107,0.0,0.0,0.0,0.0,0.0,0.0,0.0,0.235827,1,90.5,top 10%
SOLUSDT,2022-01-31,5.9,0–20,0.2952,0.0,0.0,0.0,0.0,0.0,0.0,0.0,0.176624,1,62.1,top 50%
SOLUSDT,2022-02-01,2.7,0–20,0.136,0.0,0.0,0.0,0.0,0.0,0.0,0.0,0.032884,1,33.6,bottom 50%
SOLUSDT,2022-02-02,4.4,0–20,0.2183,0.0,0.0,0.0,0.0,0.0,0.0,0.0,0.11962,1,48.9,bottom 50%
SOLUSDT,2022-02-03,4.4,0–20,0.222,0.0,0.0,0.0,0.0,0.0,0.0,0.0,0.046755,1,48.9,bottom 50%
SOLUSDT,2022-02-04,1.4,0–20,0.0676,0.0,0.0,0.0,0.0,0.0,0.0,0.0,-0.140784,0,22.1,bottom 50%
SOLUSDT,2022-02-05,0.9,0–20,0.0447,0.0,0.0,0.0,0.0,0.0,0.0,0.0,-0.157831,0,18.3,bottom 50%
SOLUSDT,2022-02-06,0.5,0–20,0.0254,0.0,0.0,0.0,0.0,0.0,0.0,0.0,-0.19129,0,14.9,bottom 50%
SOLUSDT,2022-02-07,0.0,0–20,0.0,0.0,0.0,0.0,0.0,0.0,0.0,0.0,-0.178278,0,6.0,bottom 50%
SOLUSDT,2022-02-08,1.0,0–20,0.0494,0.0,0.0,0.0,0.0,0.0,0.0,0.0,-0.076783,0,19.3,bottom 50%
SOLUSDT,2022-02-09,0.9,0–20,0.0427,0.0,0.0,0.0,0.0,0.0,0.0,0.0,-0.106004,0,18.3,bottom 50%
SOLUSDT,2022-02-10,3.6,0–20,0.1501,0.0,0.0,0.0,0.0,0.0,0.0,0.0803,-0.120452,0,42.0,bottom 50%
SOLUSDT,2022-02-11,11.8,0–20,0.2621,0.0,0.0,0.0,0.0,0.0,0.0,0.9374,-0.065535,0,96.9,top 10%
SOLUSDT,2022-02-12,10.4,0–20,0.267,0.0,0.0,0.0,0.0,0.0,0.0,0.7296,-0.046097,0,95.5,top 10%
SOLUSDT,2022-02-13,12.8,0–20,0.2961,0.0,0.0,0.0,0.0,0.0,0.0,0.9827,-0.025124,0,97.5,top 10%
SOLUSDT,2022-02-14,10.7,0–20,0.2332,0.0,0.0,0.0,0.0,0.0,0.0,0.8616,-0.138024,0,95.8,top 10%
SOLUSDT,2022-02-15,6.9,0–20,0.0834,0.0,0.0,0.0,0.0,0.0,0.0,0.7475,-0.175525,0,68.5,top 50%
SOLUSDT,2022-02-16,5.3,0–20,0.1234,0.0,0.0,0.0,0.0,0.0,0.0,0.3982,-0.167072,0,57.1,top 50%
SOLUSDT,2022-02-17,6.3,0–20,0.2284,0.0,0.0,0.0,0.0,0.0,0.0,0.2456,-0.045131,0,65.4,top 50%
SOLUSDT,2022-02-18,5.3,0–20,0.2655,0.0,0.0,0.0,0.0,0.0,0.0,0.0,0.028128,1,57.1,top 50%
SOLUSDT,2022-02-19,5.9,0–20,0.2381,0.0,0.0,0.0,0.0,0.0,0.0,0.1594,-0.01481,0,62.1,top 50%
SOLUSDT,2022-02-20,6.5,0–20,0.2454,0.0,0.0,0.0,0.0,0.0,0.0,0.2231,-0.059211,0,66.5,top 50%
SOLUSDT,2022-02-21,9.6,0–20,0.3355,0.0,0.0,0.0,0.0,0.0,0.4072,0.0,0.197264,1,93.7,top 10%
SOLUSDT,2022-02-22,5.3,0–20,0.2656,0.0,0.0,0.0,0.0,0.0,0.0,0.0,0.14096,1,57.1,top 50%
SOLUSDT,2022-02-23,5.7,0–20,0.2844,0.0,0.0,0.0,0.0,0.0,0.0,0.0,0.185469,1,60.7,top 50%
SOLUSDT,2022-02-24,3.9,0–20,0.1937,0.0,0.0,0.0,0.0,0.0,0.0,0.0,0.07113,1,44.3,bottom 50%
SOLUSDT,2022-02-25,2.5,0–20,0.1259,0.0,0.0,0.0,0.0,0.0,0.0,0.0,-0.047008,0,31.9,bottom 50%
SOLUSDT,2022-02-26,3.3,0–20,0.1629,0.0,0.0,0.0,0.0,0.0,0.0,0.0,-0.005477,0,38.9,bottom 50%
SOLUSDT,2022-02-27,4.6,0–20,0.229,0.0,0.0,0.0,0.0,0.0,0.0,0.0,-0.011423,0,50.6,top 50%
SOLUSDT,2022-02-28,0.0,0–20,0.0,0.0,0.0,0.0,0.0,0.0,0.0,0.0,-0.174741,0,6.0,bottom 50%
SOLUSDT,2022-03-01,0.0,0–20,0.0,0.0,0.0,0.0,0.0,0.0,0.0,0.0,-0.166226,0,6.0,bottom 50%
SOLUSDT,2022-03-02,0.0,0–20,0.0,0.0,0.0,0.0,0.0,0.0,0.0,0.0,-0.123672,0,6.0,bottom 50%
SOLUSDT,2022-03-03,0.9,0–20,0.0441,0.0,0.0,0.0,0.0,0.0,0.0,0.0,-0.131884,0,18.3,bottom 50%
SOLUSDT,2022-03-04,3.0,0–20,0.151,0.0,0.0,0.0,0.0,0.0,0.0,0.0,-0.085001,0,36.2,bottom 50%
SOLUSDT,2022-03-05,4.6,0–20,0.125,0.0,0.0,0.0,0.0,0.0,0.0,0.3032,-0.090287,0,50.6,top 50%
SOLUSDT,2022-03-06,4.6,0–20,0.1962,0.0,0.0,0.0,0.0,0.0,0.0,0.0987,-0.066311,0,50.6,top 50%
SOLUSDT,2022-03-07,4.6,0–20,0.2282,0.0,0.0,0.0,0.0,0.0,0.0,0.0,-0.011649,0,50.6,top 50%
SOLUSDT,2022-03-08,4.5,0–20,0.2255,0.0,0.0,0.0,0.0,0.0,0.0,0.0,0.008514,1,49.7,bottom 50%
SOLUSDT,2022-03-09,2.0,0–20,0.1005,0.0,0.0,0.0,0.0,0.0,0.0,0.0,-0.003384,0,26.7,bottom 50%
SOLUSDT,2022-03-10,3.6,0–20,0.1802,0.0,0.0,0.0,0.0,0.0,0.0,0.0,0.059535,1,42.0,bottom 50%
SOLUSDT,2022-03-11,4.2,0–20,0.2116,0.0,0.0,0.0,0.0,0.0,0.0,0.0,0.112416,1,47.0,bottom 50%
SOLUSDT,2022-03-12,3.9,0–20,0.1934,0.0,0.0,0.0,0.0,0.0,0.0,0.0,0.133217,1,44.3,bottom 50%
SOLUSDT,2022-03-13,4.7,0–20,0.2334,0.0,0.0,0.0,0.0,0.0,0.0,0.0,0.122616,1,51.5,top 50%
SOLUSDT,2022-03-14,4.2,0–20,0.1796,0.0,0.0,0.0,0.0,0.0,0.0,0.0924,0.093428,1,47.0,bottom 50%
SOLUSDT,2022-03-15,2.7,0–20,0.1371,0.0,0.0,0.0,0.0,0.0,0.0,0.0,0.091108,1,33.6,bottom 50%
SOLUSDT,2022-03-16,0.5,0–20,0.0264,0.0,0.0,0.0,0.0,0.0,0.0,0.0,0.081897,1,14.9,bottom 50%
SOLUSDT,2022-03-17,0.5,0–20,0.0269,0.0,0.0,0.0,0.0,0.0,0.0,0.0,0.163261,1,14.9,bottom 50%
SOLUSDT,2022-03-18,0.0,0–20,0.0,0.0,0.0,0.0,0.0,0.0,0.0,0.0,0.098373,1,6.0,bottom 50%
SOLUSDT,2022-03-19,0.0,0–20,0.0,0.0,0.0,0.0,0.0,0.0,0.0,0.0,0.101128,1,6.0,bottom 50%
SOLUSDT,2022-03-20,0.3,0–20,0.0161,0.0,0.0,0.0,0.0,0.0,0.0,0.0,0.208423,1,13.5,bottom 50%
SOLUSDT,2022-03-21,0.3,0–20,0.0127,0.0,0.0,0.0,0.0,0.0,0.0,0.0,0.199511,1,13.5,bottom 50%
SOLUSDT,2022-03-22,0.0,0–20,0.0,0.0,0.0,0.0,0.0,0.0,0.0,0.0,0.234191,1,6.0,bottom 50%
SOLUSDT,2022-03-23,0.0,0–20,0.0,0.0,0.0,0.0,0.0,0.0,0.0,0.0,0.269149,1,6.0,bottom 50%
SOLUSDT,2022-03-24,1.8,0–20,0.0,0.0,0.0,0.0,0.0,0.0,0.0,0.2615,0.199932,1,25.0,bottom 50%
SOLUSDT,2022-03-25,0.0,0–20,0.0,0.0,0.0,0.0,0.0,0.0,0.0,0.0,0.362594,1,6.0,bottom 50%
SOLUSDT,2022-03-26,2.0,0–20,0.0,0.0,0.0,0.0,0.0,0.0,0.0,0.2858,0.299071,1,26.7,bottom 50%
SOLUSDT,2022-03-27,4.2,0–20,0.0,0.0,0.0,0.0,0.0,0.0,0.0,0.6038,0.277269,1,47.0,bottom 50%
SOLUSDT,2022-03-28,6.1,0–20,0.0,0.0,0.0,0.0,0.0,0.0,0.0,0.8743,0.243717,1,63.6,top 50%
SOLUSDT,2022-03-29,6.1,0–20,0.0,0.0,0.0,0.0,0.0,0.0,0.0,0.8686,0.135636,1,63.6,top 50%
SOLUSDT,2022-03-30,7.0,0–20,0.0,0.0,0.0,0.0,0.0,0.0,0.0,1.0,-0.064757,0,77.4,top 25%
SOLUSDT,2022-03-31,7.0,0–20,0.0,0.0,0.0,0.0,0.0,0.0,0.0,1.0,-0.031509,0,77.4,top 25%
SOLUSDT,2022-04-01,7.0,0–20,0.0,0.0,0.0,0.0,0.0,0.0,0.0,1.0,-0.183217,0,77.4,top 25%
SOLUSDT,2022-04-02,7.0,0–20,0.0,0.0,0.0,0.0,0.0,0.0,0.0,1.0,-0.145433,0,77.4,top 25%
SOLUSDT,2022-04-03,7.0,0–20,0.0,0.0,0.0,0.0,0.0,0.0,0.0,1.0,-0.183022,0,77.4,top 25%
SOLUSDT,2022-04-04,7.0,0–20,0.0,0.0,0.0,0.0,0.0,0.0,0.0,1.0,-0.249776,0,77.4,top 25%
SOLUSDT,2022-04-05,7.0,0–20,0.0,0.0,0.0,0.0,0.0,0.0,0.0,1.0,-0.185681,0,77.4,top 25%
SOLUSDT,2022-04-06,7.0,0–20,0.0,0.0,0.0,0.0,0.0,0.0,0.0,1.0,-0.069819,0,77.4,top 25%
SOLUSDT,2022-04-07,7.0,0–20,0.0,0.0,0.0,0.0,0.0,0.0,0.0,1.0,-0.152266,0,77.4,top 25%
SOLUSDT,2022-04-08,7.1,0–20,0.0051,0.0,0.0,0.0,0.0,0.0,0.0,1.0,-0.077332,0,86.3,top 25%
SOLUSDT,2022-04-09,7.0,0–20,0.0,0.0,0.0,0.0,0.0,0.0,0.0,1.0,-0.09485,0,77.4,top 25%
SOLUSDT,2022-04-10,7.0,0–20,0.0,0.0,0.0,0.0,0.0,0.0,0.0,1.0,-0.101418,0,77.4,top 25%
SOLUSDT,2022-04-11,9.9,0–20,0.1465,0.0,0.0,0.0,0.0,0.0,0.0,1.0,0.028382,1,94.5,top 10%
SOLUSDT,2022-04-12,8.7,0–20,0.0854,0.0,0.0,0.0,0.0,0.0,0.0,1.0,0.051068,1,91.8,top 10%
SOLUSDT,2022-04-13,3.7,0–20,0.0594,0.0,0.0,0.0,0.0,0.0,0.0,0.3544,0.004715,1,42.7,bottom 50%
SOLUSDT,2022-04-14,6.9,0–20,0.1171,0.0,0.0,0.0,0.0,0.0,0.0,0.6467,0.010608,1,68.5,top 50%
SOLUSDT,2022-04-15,5.2,0–20,0.1068,0.0,0.0,0.0,0.0,0.0,0.0,0.4445,-0.006887,0,56.2,top 50%
SOLUSDT,2022-04-16,1.8,0–20,0.0899,0.0,0.0,0.0,0.0,0.0,0.0,0.0,-0.014795,0,25.0,bottom 50%
SOLUSDT,2022-04-17,2.4,0–20,0.1182,0.0,0.0,0.0,0.0,0.0,0.0,0.0,-0.011691,0,30.7,bottom 50%
SOLUSDT,2022-04-18,1.7,0–20,0.0838,0.0,0.0,0.0,0.0,0.0,0.0,0.0,-0.008916,0,24.1,bottom 50%
SOLUSDT,2022-04-19,0.0,0–20,0.0,0.0,0.0,0.0,0.0,0.0,0.0,0.0,-0.117882,0,6.0,bottom 50%
SOLUSDT,2022-04-20,0.4,0–20,0.0211,0.0,0.0,0.0,0.0,0.0,0.0,0.0,-0.067472,0,14.1,bottom 50%
SOLUSDT,2022-04-21,1.7,0–20,0.0843,0.0,0.0,0.0,0.0,0.0,0.0,0.0,-0.035278,0,24.1,bottom 50%
SOLUSDT,2022-04-22,2.1,0–20,0.1038,0.0,0.0,0.0,0.0,0.0,0.0,0.0,-0.065606,0,27.7,bottom 50%
SOLUSDT,2022-04-23,2.0,0–20,0.101,0.0,0.0,0.0,0.0,0.0,0.0,0.0,-0.155329,0,26.7,bottom 50%
SOLUSDT,2022-04-24,2.6,0–20,0.1288,0.0,0.0,0.0,0.0,0.0,0.0,0.0,-0.096379,0,32.7,bottom 50%
SOLUSDT,2022-04-25,1.6,0–20,0.0808,0.0,0.0,0.0,0.0,0.0,0.0,0.0,-0.134982,0,23.4,bottom 50%
SOLUSDT,2022-04-26,3.7,0–20,0.1825,0.0,0.0,0.0,0.0,0.0,0.0,0.0,-0.103775,0,42.7,bottom 50%
SOLUSDT,2022-04-27,2.4,0–20,0.1191,0.0,0.0,0.0,0.0,0.0,0.0,0.0,-0.057004,0,30.7,bottom 50%
SOLUSDT,2022-04-28,2.5,0–20,0.1229,0.0,0.0,0.0,0.0,0.0,0.0,0.0,-0.138408,0,31.9,bottom 50%
SOLUSDT,2022-04-29,4.0,0–20,0.2023,0.0,0.0,0.0,0.0,0.0,0.0,0.0,-0.130274,0,45.2,bottom 50%
SOLUSDT,2022-04-30,12.5,0–20,0.3397,0.3787,0.0,0.0,0.0,0.0,0.0,0.0,-0.071831,0,97.3,top 10%
SOLUSDT,2022-05-01,4.5,0–20,0.2232,0.0,0.0,0.0,0.0,0.0,0.0,0.0,-0.161158,0,49.7,bottom 50%
SOLUSDT,2022-05-02,5.1,0–20,0.2551,0.0,0.0,0.0,0.0,0.0,0.0,0.0,-0.277587,0,55.3,top 50%
SOLUSDT,2022-05-03,5.6,0–20,0.2815,0.0,0.0,0.0,0.0,0.0,0.0,0.0,-0.222224,0,59.8,top 50%
SOLUSDT,2022-05-04,2.2,0–20,0.1123,0.0,0.0,0.0,0.0,0.0,0.0,0.0,-0.458765,0,28.8,bottom 50%
SOLUSDT,2022-05-05,6.7,0–20,0.2398,0.0,0.0,0.0,0.0,0.0,0.2768,0.0,-0.4718,0,67.5,top 50%
SOLUSDT,2022-05-06,5.6,0–20,0.2785,0.0,0.0,0.0,0.0,0.0,0.0,0.0,-0.405686,0,59.8,top 50%
SOLUSDT,2022-05-07,6.3,0–20,0.3153,0.0,0.0,0.0,0.0,0.0,0.0,0.0,-0.336352,0,65.4,top 50%
SOLUSDT,2022-05-08,7.3,0–20,0.3627,0.0,0.0,0.0,0.0,0.0,0.0,0.0,-0.218145,0,87.2,top 25%
SOLUSDT,2022-05-09,19.6,0–20,0.4847,0.1945,0.0,0.0,0.0,0.0,1.0,0.0,-0.152098,0,99.5,top 10%
SOLUSDT,2022-05-10,15.0,0–20,0.4003,0.0,0.0,0.0,0.0,0.0,1.0,0.0,-0.144392,0,98.1,top 10%
SOLUSDT,2022-05-11,20.7,20–40,0.5351,0.1989,0.0,0.0,0.0,0.0,1.0,0.0,-0.009055,0,99.7,top 10%
SOLUSDT,2022-05-12,20.3,20–40,0.5699,0.1269,0.0,0.0,0.0,0.0,1.0,0.0,0.168527,1,99.6,top 10%
SOLUSDT,2022-05-13,16.7,0–20,0.4853,0.0,0.0,0.0,0.0,0.0,1.0,0.0,0.019446,1,98.7,top 10%
SOLUSDT,2022-05-14,8.1,0–20,0.4055,0.0,0.0,0.0,0.0,0.0,0.0,0.0,-0.040049,0,90.0,top 10%
SOLUSDT,2022-05-15,5.6,0–20,0.2815,0.0,0.0,0.0,0.0,0.0,0.0,0.0,-0.102975,0,59.8,top 50%
SOLUSDT,2022-05-16,6.7,0–20,0.3327,0.0,0.0,0.0,0.0,0.0,0.0,0.0,-0.085553,0,67.5,top 50%
SOLUSDT,2022-05-17,5.3,0–20,0.2672,0.0,0.0,0.0,0.0,0.0,0.0,0.0,-0.130805,0,57.1,top 50%
SOLUSDT,2022-05-18,6.8,0–20,0.3411,0.0,0.0,0.0,0.0,0.0,0.0,0.0,-0.03565,0,68.0,top 50%
SOLUSDT,2022-05-19,5.9,0–20,0.2942,0.0,0.0,0.0,0.0,0.0,0.0,0.0,-0.167058,0,62.1,top 50%
SOLUSDT,2022-05-20,6.4,0–20,0.322,0.0,0.0,0.0,0.0,0.0,0.0,0.0,-0.172738,0,66.0,top 50%
SOLUSDT,2022-05-21,6.1,0–20,0.3058,0.0,0.0,0.0,0.0,0.0,0.0,0.0,-0.118741,0,63.6,top 50%
SOLUSDT,2022-05-22,5.1,0–20,0.2543,0.0,0.0,0.0,0.0,0.0,0.0,0.0,-0.148717,0,55.3,top 50%
SOLUSDT,2022-05-23,6.0,0–20,0.2995,0.0,0.0,0.0,0.0,0.0,0.0,0.0,-0.03827,0,62.8,top 50%
SOLUSDT,2022-05-24,5.7,0–20,0.286,0.0,0.0,0.0,0.0,0.0,0.0,0.0,-0.078252,0,60.7,top 50%
SOLUSDT,2022-05-25,6.2,0–20,0.3077,0.0,0.0,0.0,0.0,0.0,0.0,0.0,-0.160741,0,64.5,top 50%
SOLUSDT,2022-05-26,7.3,0–20,0.3638,0.0,0.0,0.0,0.0,0.0,0.0,0.0,-0.059779,0,87.2,top 25%
SOLUSDT,2022-05-27,7.9,0–20,0.3934,0.0,0.0,0.0,0.0,0.0,0.0,0.0,-0.066424,0,89.1,top 25%
SOLUSDT,2022-05-28,6.1,0–20,0.3058,0.0,0.0,0.0,0.0,0.0,0.0,0.0,-0.122042,0,63.6,top 50%
SOLUSDT,2022-05-29,5.8,0–20,0.2911,0.0,0.0,0.0,0.0,0.0,0.0,0.0,-0.143156,0,61.4,top 50%
SOLUSDT,2022-05-30,4.6,0–20,0.2312,0.0,0.0,0.0,0.0,0.0,0.0,0.0,-0.100601,0,50.6,top 50%
SOLUSDT,2022-05-31,5.1,0–20,0.2543,0.0,0.0,0.0,0.0,0.0,0.0,0.0,-0.138313,0,55.3,top 50%
SOLUSDT,2022-06-01,6.8,0–20,0.338,0.0,0.0,0.0,0.0,0.0,0.0,0.0,-0.035419,0,68.0,top 50%
SOLUSDT,2022-06-02,6.4,0–20,0.32,0.0,0.0,0.0,0.0,0.0,0.0,0.0,-0.022468,0,66.0,top 50%
SOLUSDT,2022-06-03,7.2,0–20,0.3594,0.0,0.0,0.0,0.0,0.0,0.0,0.0,-0.030567,0,86.8,top 25%
SOLUSDT,2022-06-04,6.8,0–20,0.3381,0.0,0.0,0.0,0.0,0.0,0.0,0.0,-0.131265,0,68.0,top 50%
SOLUSDT,2022-06-05,6.9,0–20,0.3455,0.0,0.0,0.0,0.0,0.0,0.0,0.0,-0.20107,0,68.5,top 50%
SOLUSDT,2022-06-06,4.3,0–20,0.2168,0.0,0.0,0.0,0.0,0.0,0.0,0.0,-0.335605,0,48.1,bottom 50%
SOLUSDT,2022-06-07,5.5,0–20,0.2735,0.0,0.0,0.0,0.0,0.0,0.0,0.0,-0.24654,0,58.8,top 50%
SOLUSDT,2022-06-08,5.7,0–20,0.2846,0.0,0.0,0.0,0.0,0.0,0.0,0.0,-0.112128,0,60.7,top 50%
SOLUSDT,2022-06-09,4.9,0–20,0.2458,0.0,0.0,0.0,0.0,0.0,0.0,0.0,-0.249743,0,53.2,top 50%
SOLUSDT,2022-06-10,6.1,0–20,0.3036,0.0,0.0,0.0,0.0,0.0,0.0,0.0,-0.171121,0,63.6,top 50%
SOLUSDT,2022-06-11,7.3,0–20,0.3633,0.0,0.0,0.0,0.0,0.0,0.0,0.0,-0.059524,0,87.2,top 25%
SOLUSDT,2022-06-12,9.4,0–20,0.4141,0.075,0.0,0.0,0.0,0.0,0.0,0.0,0.113862,1,93.5,top 10%
SOLUSDT,2022-06-13,17.8,0–20,0.4532,0.1141,0.0,0.0,0.0,0.0,1.0,0.0,0.256266,1,99.1,top 10%
SOLUSDT,2022-06-14,12.0,0–20,0.3935,0.0,0.0,0.0,0.0,0.0,0.5953,0.0,0.215602,1,97.2,top 10%
SOLUSDT,2022-06-15,4.5,0–20,0.2239,0.0,0.0,0.0,0.0,0.0,0.0,0.0,-0.010621,0,49.7,bottom 50%
SOLUSDT,2022-06-16,6.2,0–20,0.3093,0.0,0.0,0.0,0.0,0.0,0.0,0.0,0.272943,1,64.5,top 50%
SOLUSDT,2022-06-17,5.7,0–20,0.2838,0.0,0.0,0.0,0.0,0.0,0.0,0.0,0.373066,1,60.7,top 50%
SOLUSDT,2022-06-18,4.9,0–20,0.2469,0.0,0.0,0.0,0.0,0.0,0.0,0.0,0.330888,1,53.2,top 50%
SOLUSDT,2022-06-19,3.3,0–20,0.1645,0.0,0.0,0.0,0.0,0.0,0.0,0.0,0.150811,1,38.9,bottom 50%
SOLUSDT,2022-06-20,2.5,0–20,0.1258,0.0,0.0,0.0,0.0,0.0,0.0,0.0,0.085669,1,31.9,bottom 50%
SOLUSDT,2022-06-21,2.0,0–20,0.1022,0.0,0.0,0.0,0.0,0.0,0.0,0.0,-0.022002,0,26.7,bottom 50%
SOLUSDT,2022-06-22,3.1,0–20,0.1563,0.0,0.0,0.0,0.0,0.0,0.0,0.0,-0.00726,0,37.0,bottom 50%
SOLUSDT,2022-06-23,0.4,0–20,0.0218,0.0,0.0,0.0,0.0,0.0,0.0,0.0,-0.120152,0,14.1,bottom 50%
SOLUSDT,2022-06-24,0.0,0–20,0.0,0.0,0.0,0.0,0.0,0.0,0.0,0.0,-0.222898,0,6.0,bottom 50%
SOLUSDT,2022-06-25,0.0,0–20,0.0,0.0,0.0,0.0,0.0,0.0,0.0,0.0,-0.211973,0,6.0,bottom 50%
SOLUSDT,2022-06-26,0.0,0–20,0.0,0.0,0.0,0.0,0.0,0.0,0.0,0.0,-0.152815,0,6.0,bottom 50%
SOLUSDT,2022-06-27,0.5,0–20,0.0274,0.0,0.0,0.0,0.0,0.0,0.0,0.0,-0.043333,0,14.9,bottom 50%
SOLUSDT,2022-06-28,2.4,0–20,0.1176,0.0,0.0,0.0,0.0,0.0,0.0,0.0,0.001956,1,30.7,bottom 50%
SOLUSDT,2022-06-29,4.7,0–20,0.1568,0.0,0.0,0.0,0.0,0.0,0.0,0.2248,0.094458,1,51.5,top 50%
SOLUSDT,2022-06-30,7.2,0–20,0.1646,0.0,0.0,0.0,0.0,0.0,0.0,0.5608,0.146774,1,86.8,top 25%
SOLUSDT,2022-07-01,8.6,0–20,0.187,0.0,0.0,0.0,0.0,0.0,0.0,0.6875,0.167169,1,91.6,top 10%
SOLUSDT,2022-07-02,10.3,0–20,0.1632,0.0,0.0,0.0,0.0,0.0,0.0,1.0,0.141266,1,95.3,top 10%
SOLUSDT,2022-07-03,10.2,0–20,0.162,0.0,0.0,0.0,0.0,0.0,0.0,1.0,0.099194,1,95.1,top 10%
SOLUSDT,2022-07-04,5.7,0–20,0.0176,0.0,0.0,0.0,0.0,0.0,0.0,0.76,-0.090293,0,60.7,top 50%
SOLUSDT,2022-07-05,1.4,0–20,0.0685,0.0,0.0,0.0,0.0,0.0,0.0,0.0,-0.074528,0,22.1,bottom 50%
SOLUSDT,2022-07-06,3.7,0–20,0.001,0.0,0.0,0.0,0.0,0.0,0.0,0.5301,-0.058333,0,42.7,bottom 50%
SOLUSDT,2022-07-07,3.4,0–20,0.0,0.0,0.0,0.0,0.0,0.0,0.0,0.4914,-0.036619,0,39.9,bottom 50%
SOLUSDT,2022-07-08,2.0,0–20,0.0,0.0,0.0,0.0,0.0,0.0,0.0,0.2845,-0.022744,0,26.7,bottom 50%
SOLUSDT,2022-07-09,2.7,0–20,0.0,0.0,0.0,0.0,0.0,0.0,0.0,0.384,0.039456,1,33.6,bottom 50%
SOLUSDT,2022-07-10,0.6,0–20,0.0281,0.0,0.0,0.0,0.0,0.0,0.0,0.0,0.053058,1,15.9,bottom 50%
SOLUSDT,2022-07-11,4.0,0–20,0.1575,0.0,0.0,0.0,0.0,0.0,0.0,0.119,0.307276,1,45.2,bottom 50%
SOLUSDT,2022-07-12,7.5,0–20,0.1831,0.0,0.0,0.0,0.0,0.0,0.0,0.5479,0.370671,1,87.8,top 25%
SOLUSDT,2022-07-13,1.6,0–20,0.0758,0.0,0.0,0.0,0.0,0.0,0.0,0.0133,0.205744,1,23.4,bottom 50%
SOLUSDT,2022-07-14,0.0,0–20,0.0,0.0,0.0,0.0,0.0,0.0,0.0,0.0,0.163922,1,6.0,bottom 50%
SOLUSDT,2022-07-15,0.0,0–20,0.0,0.0,0.0,0.0,0.0,0.0,0.0,0.0,0.085594,1,6.0,bottom 50%
SOLUSDT,2022-07-16,0.0,0–20,0.0,0.0,0.0,0.0,0.0,0.0,0.0,0.0,0.011797,1,6.0,bottom 50%
SOLUSDT,2022-07-17,0.0,0–20,0.0,0.0,0.0,0.0,0.0,0.0,0.0,0.0,0.061117,1,6.0,bottom 50%
SOLUSDT,2022-07-18,0.0,0–20,0.0,0.0,0.0,0.0,0.0,0.0,0.0,0.0,-0.160795,0,6.0,bottom 50%
SOLUSDT,2022-07-19,4.0,0–20,0.0,0.0,0.0,0.0,0.0,0.0,0.0,0.5776,-0.193965,0,45.2,bottom 50%
SOLUSDT,2022-07-20,4.5,0–20,0.0,0.0,0.0,0.0,0.0,0.0,0.0,0.641,-0.042425,0,49.7,bottom 50%
SOLUSDT,2022-07-21,7.0,0–20,0.0,0.0,0.0,0.0,0.0,0.0,0.0,1.0,-0.007995,0,77.4,top 25%
SOLUSDT,2022-07-22,5.8,0–20,0.0,0.0,0.0,0.0,0.0,0.0,0.0,0.8326,0.032214,1,61.4,top 50%
SOLUSDT,2022-07-23,7.0,0–20,0.0,0.0,0.0,0.0,0.0,0.0,0.0,1.0,0.092778,1,77.4,top 25%
SOLUSDT,2022-07-24,7.0,0–20,0.0,0.0,0.0,0.0,0.0,0.0,0.0,1.0,0.033985,1,77.4,top 25%
SOLUSDT,2022-07-25,7.5,0–20,0.0869,0.0,0.0,0.0,0.0,0.0,0.0,0.8252,0.138224,1,87.8,top 25%
SOLUSDT,2022-07-26,7.0,0–20,0.1057,0.0,0.0,0.0,0.0,0.0,0.0,0.6913,0.098468,1,77.4,top 25%
SOLUSDT,2022-07-27,1.9,0–20,0.0,0.0,0.0,0.0,0.0,0.0,0.0,0.2705,-0.043749,0,25.9,bottom 50%
SOLUSDT,2022-07-28,1.7,0–20,0.0,0.0,0.0,0.0,0.0,0.0,0.0,0.2451,-0.0937,0,24.1,bottom 50%
SOLUSDT,2022-07-29,2.8,0–20,0.0,0.0,0.0,0.0,0.0,0.0,0.0,0.3941,-0.03258,0,34.6,bottom 50%
SOLUSDT,2022-07-30,0.0,0–20,0.0,0.0,0.0,0.0,0.0,0.0,0.0,0.0023,-0.084535,0,6.0,bottom 50%
SOLUSDT,2022-07-31,3.3,0–20,0.0,0.0,0.0,0.0,0.0,0.0,0.0,0.4774,-0.042326,0,38.9,bottom 50%
SOLUSDT,2022-08-01,7.0,0–20,0.0,0.0,0.0,0.0,0.0,0.0,0.0,1.0,0.009191,1,77.4,top 25%
SOLUSDT,2022-08-02,7.2,0–20,0.0077,0.0,0.0,0.0,0.0,0.0,0.0,1.0,0.015548,1,86.8,top 25%
SOLUSDT,2022-08-03,8.7,0–20,0.0561,0.0,0.0,0.0,0.0,0.0,0.4797,0.597,0.099144,1,91.8,top 10%
SOLUSDT,2022-08-04,6.1,0–20,0.0431,0.0,0.0,0.0,0.0,0.0,0.0,0.7519,0.102783,1,63.6,top 50%
SOLUSDT,2022-08-05,2.4,0–20,0.0,0.0,0.0,0.0,0.0,0.0,0.0,0.3416,0.117692,1,30.7,bottom 50%
SOLUSDT,2022-08-06,2.7,0–20,0.0,0.0,0.0,0.0,0.0,0.0,0.0,0.3897,0.16048,1,33.6,bottom 50%
SOLUSDT,2022-08-07,0.0,0–20,0.0,0.0,0.0,0.0,0.0,0.0,0.0,0.0,0.106167,1,6.0,bottom 50%
SOLUSDT,2022-08-08,0.0,0–20,0.0,0.0,0.0,0.0,0.0,0.0,0.0,0.0,0.03919,1,6.0,bottom 50%
SOLUSDT,2022-08-09,0.0,0–20,0.0,0.0,0.0,0.0,0.0,0.0,0.0,0.0,0.069012,1,6.0,bottom 50%
SOLUSDT,2022-08-10,0.0,0–20,0.0,0.0,0.0,0.0,0.0,0.0,0.0,0.0,-0.04633,0,6.0,bottom 50%
SOLUSDT,2022-08-11,0.0,0–20,0.0,0.0,0.0,0.0,0.0,0.0,0.0,0.0,-0.076516,0,6.0,bottom 50%
SOLUSDT,2022-08-12,0.6,0–20,0.0,0.0,0.0,0.0,0.0,0.0,0.0,0.0787,-0.208328,0,15.9,bottom 50%
SOLUSDT,2022-08-13,1.1,0–20,0.0,0.0,0.0,0.0,0.0,0.0,0.0,0.1564,-0.241272,0,19.7,bottom 50%
SOLUSDT,2022-08-14,3.9,0–20,0.0,0.0,0.0,0.0,0.0,0.0,0.0,0.5547,-0.186643,0,44.3,bottom 50%
SOLUSDT,2022-08-15,6.2,0–20,0.0,0.0,0.0,0.0,0.0,0.0,0.0,0.8825,-0.190512,0,64.5,top 50%
SOLUSDT,2022-08-16,2.2,0–20,0.0,0.0,0.0,0.0,0.0,0.0,0.0,0.3143,-0.174068,0,28.8,bottom 50%
SOLUSDT,2022-08-17,3.0,0–20,0.0616,0.0,0.0,0.0,0.0,0.0,0.0,0.2589,-0.13477,0,36.2,bottom 50%
SOLUSDT,2022-08-18,5.2,0–20,0.1002,0.0,0.0,0.0,0.0,0.0,0.0,0.4624,-0.106935,0,56.2,top 50%
SOLUSDT,2022-08-19,11.7,0–20,0.2431,0.0652,0.0,0.0,0.0,0.0,0.7356,0.106,-0.116017,0,96.9,top 10%
SOLUSDT,2022-08-20,6.4,0–20,0.2644,0.0092,0.0,0.0,0.0,0.0,0.0,0.1351,-0.10568,0,66.0,top 50%
SOLUSDT,2022-08-21,4.8,0–20,0.1908,0.0,0.0,0.0,0.0,0.0,0.0,0.139,-0.168091,0,52.3,top 50%
SOLUSDT,2022-08-22,5.1,0–20,0.2312,0.0,0.0,0.0,0.0,0.0,0.0,0.0716,-0.084824,0,55.3,top 50%
SOLUSDT,2022-08-23,5.2,0–20,0.2205,0.0,0.0,0.0,0.0,0.0,0.0,0.117,-0.118784,0,56.2,top 50%
SOLUSDT,2022-08-24,5.0,0–20,0.2486,0.0,0.0,0.0,0.0,0.0,0.0,0.0,-0.09969,0,54.2,top 50%
SOLUSDT,2022-08-25,4.5,0–20,0.2239,0.0,0.0,0.0,0.0,0.0,0.0,0.0,-0.105639,0,49.7,bottom 50%
SOLUSDT,2022-08-26,7.2,0–20,0.3604,0.0,0.0,0.0,0.0,0.0,0.0,0.0,-0.01571,0,86.8,top 25%
SOLUSDT,2022-08-27,7.3,0–20,0.3665,0.0,0.0,0.0,0.0,0.0,0.0,0.0,-0.013726,0,87.2,top 25%
SOLUSDT,2022-08-28,8.1,0–20,0.405,0.0,0.0,0.0,0.0,0.0,0.0,0.0,0.056418,1,90.0,top 10%
SOLUSDT,2022-08-29,5.1,0–20,0.2568,0.0,0.0,0.0,0.0,0.0,0.0,0.0,-0.008337,0,55.3,top 50%
SOLUSDT,2022-08-30,5.9,0–20,0.2973,0.0,0.0,0.0,0.0,0.0,0.0,0.0,-0.016564,0,62.1,top 50%
SOLUSDT,2022-08-31,5.9,0–20,0.2929,0.0,0.0,0.0,0.0,0.0,0.0,0.0,0.039334,1,62.1,top 50%
SOLUSDT,2022-09-01,5.7,0–20,0.2843,0.0,0.0,0.0,0.0,0.0,0.0,0.0,0.064047,1,60.7,top 50%
SOLUSDT,2022-09-02,6.0,0–20,0.3003,0.0,0.0,0.0,0.0,0.0,0.0,0.0,0.112458,1,62.8,top 50%
SOLUSDT,2022-09-03,6.1,0–20,0.3059,0.0,0.0,0.0,0.0,0.0,0.0,0.0,0.129132,1,63.6,top 50%
SOLUSDT,2022-09-04,4.4,0–20,0.2183,0.0,0.0,0.0,0.0,0.0,0.0,0.0,0.089046,1,48.9,bottom 50%
SOLUSDT,2022-09-05,4.2,0–20,0.2106,0.0,0.0,0.0,0.0,0.0,0.0,0.0,0.162435,1,47.0,bottom 50%
SOLUSDT,2022-09-06,5.7,0–20,0.283,0.0,0.0,0.0,0.0,0.0,0.0,0.0,0.082193,1,60.7,top 50%
SOLUSDT,2022-09-07,2.5,0–20,0.1275,0.0,0.0,0.0,0.0,0.0,0.0,0.0,0.042208,1,31.9,bottom 50%
SOLUSDT,2022-09-08,1.2,0–20,0.0593,0.0,0.0,0.0,0.0,0.0,0.0,0.0,-0.016691,0,20.5,bottom 50%
SOLUSDT,2022-09-09,0.0,0–20,0.0,0.0,0.0,0.0,0.0,0.0,0.0,0.0,-0.072853,0,6.0,bottom 50%
SOLUSDT,2022-09-10,0.0,0–20,0.0,0.0,0.0,0.0,0.0,0.0,0.0,0.0,-0.039171,0,6.0,bottom 50%
SOLUSDT,2022-09-11,0.0,0–20,0.0,0.0,0.0,0.0,0.0,0.0,0.0,0.0,-0.111712,0,6.0,bottom 50%
SOLUSDT,2022-09-12,0.0,0–20,0.0,0.0,0.0,0.0,0.0,0.0,0.0,0.0,-0.126626,0,6.0,bottom 50%
SOLUSDT,2022-09-13,6.1,0–20,0.0733,0.0,0.0,0.0,0.0,0.0,0.656,0.0,-0.059759,0,63.6,top 50%
SOLUSDT,2022-09-14,0.6,0–20,0.0321,0.0,0.0,0.0,0.0,0.0,0.0,0.0,-0.095777,0,15.9,bottom 50%
SOLUSDT,2022-09-15,5.4,0–20,0.0915,0.0,0.0,0.0,0.0,0.0,0.0,0.5042,-0.019329,0,58.0,top 50%
SOLUSDT,2022-09-16,6.2,0–20,0.1373,0.0,0.0,0.0,0.0,0.0,0.0,0.4999,0.045571,1,64.5,top 50%
SOLUSDT,2022-09-17,7.7,0–20,0.0341,0.0,0.0,0.0,0.0,0.0,0.0,1.0,-0.008537,0,88.4,top 25%
SOLUSDT,2022-09-18,4.5,0–20,0.1748,0.0,0.0,0.0,0.0,0.0,0.0,0.1382,0.041066,1,49.7,bottom 50%
SOLUSDT,2022-09-19,4.3,0–20,0.0731,0.0,0.0,0.0,0.0,0.0,0.0,0.4089,0.036568,1,48.1,bottom 50%
SOLUSDT,2022-09-20,4.4,0–20,0.1352,0.0,0.0,0.0,0.0,0.0,0.0,0.2379,0.041901,1,48.9,bottom 50%
SOLUSDT,2022-09-21,3.9,0–20,0.1644,0.0,0.0,0.0,0.0,0.0,0.0,0.0944,0.078149,1,44.3,bottom 50%
SOLUSDT,2022-09-22,4.0,0–20,0.0635,0.0,0.0,0.0,0.0,0.0,0.0,0.3879,0.047627,1,45.2,bottom 50%
SOLUSDT,2022-09-23,0.0,0–20,0.0,0.0,0.0,0.0,0.0,0.0,0.0,0.0,-0.013784,0,6.0,bottom 50%
SOLUSDT,2022-09-24,0.7,0–20,0.0021,0.0,0.0,0.0,0.0,0.0,0.0,0.0922,-0.029683,0,16.6,bottom 50%
SOLUSDT,2022-09-25,1.4,0–20,0.0682,0.0,0.0,0.0,0.0,0.0,0.0,0.0,-0.008649,0,22.1,bottom 50%
SOLUSDT,2022-09-26,0.0,0–20,0.0,0.0,0.0,0.0,0.0,0.0,0.0,0.0,-0.026946,0,6.0,bottom 50%
SOLUSDT,2022-09-27,0.8,0–20,0.0404,0.0,0.0,0.0,0.0,0.0,0.0,0.0,0.041903,1,17.3,bottom 50%
SOLUSDT,2022-09-28,0.3,0–20,0.0098,0.0,0.0,0.0,0.0,0.0,0.0,0.01,0.025227,1,13.5,bottom 50%
SOLUSDT,2022-09-29,0.0,0–20,0.0,0.0,0.0,0.0,0.0,0.0,0.0,0.0,-0.017955,0,6.0,bottom 50%
SOLUSDT,2022-09-30,0.3,0–20,0.0137,0.0,0.0,0.0,0.0,0.0,0.0,0.0,-0.006352,0,13.5,bottom 50%
SOLUSDT,2022-10-01,1.2,0–20,0.0617,0.0,0.0,0.0,0.0,0.0,0.0,0.0,0.003343,1,20.5,bottom 50%
SOLUSDT,2022-10-02,1.8,0–20,0.0883,0.0,0.0,0.0,0.0,0.0,0.0,0.0,0.026772,1,25.0,bottom 50%
SOLUSDT,2022-10-03,0.4,0–20,0.0196,0.0,0.0,0.0,0.0,0.0,0.0,0.0,-0.030235,0,14.1,bottom 50%
SOLUSDT,2022-10-04,0.0,0–20,0.0,0.0,0.0,0.0,0.0,0.0,0.0,0.0,-0.098047,0,6.0,bottom 50%
SOLUSDT,2022-10-05,0.2,0–20,0.0,0.0,0.0,0.0,0.0,0.0,0.0,0.0256,-0.085356,0,13.0,bottom 50%
SOLUSDT,2022-10-06,0.3,0–20,0.0006,0.0,0.0,0.0,0.0,0.0,0.0,0.0415,-0.083925,0,13.5,bottom 50%
SOLUSDT,2022-10-07,0.5,0–20,0.0274,0.0,0.0,0.0,0.0,0.0,0.0,0.0,-0.090725,0,14.9,bottom 50%
SOLUSDT,2022-10-08,3.3,0–20,0.061,0.0,0.0,0.0,0.0,0.0,0.0,0.3035,-0.092166,0,38.9,bottom 50%
SOLUSDT,2022-10-09,2.1,0–20,0.0306,0.0,0.0,0.0,0.0,0.0,0.0,0.2121,-0.083401,0,27.7,bottom 50%
SOLUSDT,2022-10-10,4.9,0–20,0.1079,0.0,0.0,0.0,0.0,0.0,0.0,0.3941,-0.023332,0,53.2,top 50%
SOLUSDT,2022-10-11,9.7,0–20,0.1955,0.2072,0.0,0.0,0.0,0.0,0.0,0.3768,-0.019903,0,94.0,top 10%
SOLUSDT,2022-10-12,3.7,0–20,0.1557,0.0,0.0,0.0,0.0,0.0,0.0,0.0863,-0.072666,0,42.7,bottom 50%
SOLUSDT,2022-10-13,8.0,0–20,0.2014,0.0391,0.0,0.0,0.0,0.0,0.4898,0.0,-0.080519,0,89.5,top 25%
SOLUSDT,2022-10-14,5.6,0–20,0.2397,0.052,0.0,0.0,0.0,0.0,0.0,0.0,-0.063276,0,59.8,top 50%
SOLUSDT,2022-10-15,5.9,0–20,0.2701,0.0313,0.0,0.0,0.0,0.0,0.0,0.0,-0.052797,0,62.1,top 50%
SOLUSDT,2022-10-16,4.0,0–20,0.1993,0.0,0.0,0.0,0.0,0.0,0.0,0.0,-0.029791,0,45.2,bottom 50%
SOLUSDT,2022-10-17,1.7,0–20,0.0835,0.0,0.0,0.0,0.0,0.0,0.0,0.0,-0.093349,0,24.1,bottom 50%
SOLUSDT,2022-10-18,3.4,0–20,0.1701,0.0,0.0,0.0,0.0,0.0,0.0,0.0,0.025714,1,39.9,bottom 50%
SOLUSDT,2022-10-19,5.2,0–20,0.2599,0.0,0.0,0.0,0.0,0.0,0.0,0.0,0.082486,1,56.2,top 50%
SOLUSDT,2022-10-20,6.2,0–20,0.3117,0.0006,0.0,0.0,0.0,0.0,0.0,0.0,0.090636,1,64.5,top 50%
SOLUSDT,2022-10-21,9.1,0–20,0.3088,0.0,0.0,0.0,0.0,0.0,0.4118,0.0,0.142397,1,92.8,top 10%
SOLUSDT,2022-10-22,6.3,0–20,0.3153,0.0,0.0,0.0,0.0,0.0,0.0,0.0,0.172888,1,65.4,top 50%
SOLUSDT,2022-10-23,3.2,0–20,0.1609,0.0,0.0,0.0,0.0,0.0,0.0,0.0,0.126268,1,37.9,bottom 50%
SOLUSDT,2022-10-24,4.7,0–20,0.2348,0.0,0.0,0.0,0.0,0.0,0.0,0.0,0.151924,1,51.5,top 50%
SOLUSDT,2022-10-25,0.0,0–20,0.0,0.0,0.0,0.0,0.0,0.0,0.0,0.0,0.04229,1,6.0,bottom 50%
SOLUSDT,2022-10-26,0.0,0–20,0.0,0.0,0.0,0.0,0.0,0.0,0.0,0.0,-0.015875,0,6.0,bottom 50%
SOLUSDT,2022-10-27,0.2,0–20,0.0096,0.0,0.0,0.0,0.0,0.0,0.0,0.0,0.006962,1,13.0,bottom 50%
SOLUSDT,2022-10-28,0.0,0–20,0.0,0.0,0.0,0.0,0.0,0.0,0.0,0.0,0.051994,1,6.0,bottom 50%
SOLUSDT,2022-10-29,0.0,0–20,0.0,0.0,0.0,0.0,0.0,0.0,0.0,0.0,0.118958,1,6.0,bottom 50%
SOLUSDT,2022-10-30,0.0,0–20,0.0,0.0,0.0,0.0,0.0,0.0,0.0,0.0,-0.008565,0,6.0,bottom 50%
SOLUSDT,2022-10-31,0.6,0–20,0.0,0.0,0.0,0.0,0.0,0.0,0.0,0.086,-0.092291,0,15.9,bottom 50%
SOLUSDT,2022-11-01,0.0,0–20,0.0,0.0,0.0,0.0,0.0,0.0,0.0,0.0,-0.251035,0,6.0,bottom 50%
SOLUSDT,2022-11-02,5.2,0–20,0.0448,0.0,0.0,0.0,0.0,0.0,0.3649,0.2459,-0.547199,0,56.2,top 50%
SOLUSDT,2022-11-03,3.9,0–20,0.0394,0.0,0.0,0.0,0.0,0.0,0.0,0.4457,-0.426745,0,44.3,bottom 50%
SOLUSDT,2022-11-04,4.1,0–20,0.0,0.0,0.0,0.0,0.0,0.0,0.0,0.5874,-0.516686,0,46.0,bottom 50%
SOLUSDT,2022-11-05,3.2,0–20,0.0,0.0,0.0,0.0,0.0,0.0,0.0,0.4563,-0.604551,0,37.9,bottom 50%
SOLUSDT,2022-11-06,1.2,0–20,0.0,0.0,0.0,0.0,0.0,0.0,0.0,0.1661,-0.597213,0,20.5,bottom 50%
SOLUSDT,2022-11-07,9.8,0–20,0.1145,0.0,0.0,0.0,0.0,0.0,0.9777,0.0994,-0.527003,0,94.3,top 10%
SOLUSDT,2022-11-08,17.4,0–20,0.3174,0.1474,0.0,0.0,0.0,0.0,1.0,0.2632,-0.407886,0,98.9,top 10%
SOLUSDT,2022-11-09,28.0,20–40,0.5333,0.4957,0.0,0.0,0.0,0.0,1.0,0.4185,0.024722,1,100.0,top 10%
SOLUSDT,2022-11-10,20.5,20–40,0.3632,0.0685,0.0,0.0,0.0,0.0,1.0,0.7406,-0.22864,0,99.7,top 10%
SOLUSDT,2022-11-11,11.0,0–20,0.3896,0.0196,0.0,0.0,0.0,0.0,0.0,0.4163,-0.188602,0,96.2,top 10%
SOLUSDT,2022-11-12,8.7,0–20,0.4236,0.0,0.0,0.0,0.0,0.0,0.0,0.0278,-0.116101,0,91.8,top 10%
SOLUSDT,2022-11-13,9.0,0–20,0.449,0.0,0.0,0.0,0.0,0.0,0.0,0.0,-0.069254,0,92.4,top 10%
SOLUSDT,2022-11-14,8.2,0–20,0.4083,0.0,0.0,0.0,0.0,0.0,0.0,0.0,-0.153924,0,90.5,top 10%
SOLUSDT,2022-11-15,7.9,0–20,0.3932,0.0,0.0,0.0,0.0,0.0,0.0,0.0,-0.130455,0,89.1,top 25%
SOLUSDT,2022-11-16,7.9,0–20,0.3936,0.0,0.0,0.0,0.0,0.0,0.0,0.0,0.00462,1,89.1,top 25%
SOLUSDT,2022-11-17,8.2,0–20,0.4094,0.0,0.0,0.0,0.0,0.0,0.0,0.0,0.069186,1,90.5,top 10%
SOLUSDT,2022-11-18,8.4,0–20,0.4193,0.0,0.0,0.0,0.0,0.0,0.0,0.0,0.061569,1,91.1,top 10%
SOLUSDT,2022-11-19,8.6,0–20,0.4297,0.0,0.0,0.0,0.0,0.0,0.0,0.0,0.101796,1,91.6,top 10%
SOLUSDT,2022-11-20,8.9,0–20,0.4458,0.0,0.0,0.0,0.0,0.0,0.0,0.0,0.152041,1,92.1,top 10%
SOLUSDT,2022-11-21,9.1,0–20,0.4571,0.0,0.0,0.0,0.0,0.0,0.0,0.0,0.131545,1,92.8,top 10%
SOLUSDT,2022-11-22,8.2,0–20,0.4123,0.0,0.0,0.0,0.0,0.0,0.0,0.0,0.075116,1,90.5,top 10%
SOLUSDT,2022-11-23,5.5,0–20,0.2753,0.0,0.0,0.0,0.0,0.0,0.0,0.0,-0.016449,0,58.8,top 50%
SOLUSDT,2022-11-24,5.2,0–20,0.2595,0.0,0.0,0.0,0.0,0.0,0.0,0.0,-0.075528,0,56.2,top 50%
SOLUSDT,2022-11-25,5.6,0–20,0.2811,0.0,0.0,0.0,0.0,0.0,0.0,0.0,-0.02471,0,59.8,top 50%
SOLUSDT,2022-11-26,5.5,0–20,0.2737,0.0,0.0,0.0,0.0,0.0,0.0,0.0,-0.060507,0,58.8,top 50%
SOLUSDT,2022-11-27,5.5,0–20,0.2757,0.0,0.0,0.0,0.0,0.0,0.0,0.0,-0.028163,0,58.8,top 50%
SOLUSDT,2022-11-28,6.2,0–20,0.31,0.0,0.0,0.0,0.0,0.0,0.0,0.0,0.031825,1,64.5,top 50%
SOLUSDT,2022-11-29,7.7,0–20,0.3117,0.0,0.0,0.0,0.0,0.0,0.0,0.2109,0.068746,1,88.4,top 25%
SOLUSDT,2022-11-30,4.8,0–20,0.2406,0.0,0.0,0.0,0.0,0.0,0.0,0.0,-0.042209,0,52.3,top 50%
SOLUSDT,2022-12-01,5.5,0–20,0.2765,0.0,0.0,0.0,0.0,0.0,0.0,0.0,0.015448,1,58.8,top 50%
SOLUSDT,2022-12-02,5.1,0–20,0.2529,0.0,0.0,0.0,0.0,0.0,0.0,0.0,-0.009876,0,55.3,top 50%
SOLUSDT,2022-12-03,6.2,0–20,0.2782,0.0,0.0,0.0,0.0,0.0,0.0,0.0905,0.020638,1,64.5,top 50%
SOLUSDT,2022-12-04,4.7,0–20,0.2329,0.0,0.0,0.0,0.0,0.0,0.0,0.0,-0.02117,0,51.5,top 50%
SOLUSDT,2022-12-05,4.4,0–20,0.2203,0.0,0.0,0.0,0.0,0.0,0.0,0.0,-0.037059,0,48.9,bottom 50%
SOLUSDT,2022-12-06,3.4,0–20,0.168,0.0,0.0,0.0,0.0,0.0,0.0,0.0,-0.031834,0,39.9,bottom 50%
SOLUSDT,2022-12-07,4.8,0–20,0.2279,0.0,0.0,0.0,0.0,0.0,0.0,0.0278,0.045924,1,52.3,top 50%
SOLUSDT,2022-12-08,4.3,0–20,0.2073,0.0,0.0,0.0,0.0,0.0,0.0,0.0213,0.024274,1,48.1,bottom 50%
SOLUSDT,2022-12-09,6.7,0–20,0.2164,0.0,0.0,0.0,0.0,0.0,0.0,0.334,-0.096728,0,67.5,top 50%
SOLUSDT,2022-12-10,8.8,0–20,0.2167,0.0,0.0,0.0,0.0,0.0,0.0,0.6322,-0.079001,0,91.9,top 10%
SOLUSDT,2022-12-11,11.4,0–20,0.2307,0.0,0.0,0.0,0.0,0.0,0.0,0.9689,-0.075566,0,96.6,top 10%
SOLUSDT,2022-12-12,7.8,0–20,0.2414,0.0,0.0,0.0,0.0,0.0,0.0,0.4294,-0.104057,0,88.8,top 25%
SOLUSDT,2022-12-13,3.2,0–20,0.1594,0.0,0.0,0.0,0.0,0.0,0.0,0.0,-0.112294,0,37.9,bottom 50%
SOLUSDT,2022-12-14,2.2,0–20,0.1123,0.0,0.0,0.0,0.0,0.0,0.0,0.0,-0.142254,0,28.8,bottom 50%
SOLUSDT,2022-12-15,2.5,0–20,0.1271,0.0,0.0,0.0,0.0,0.0,0.0,0.0,-0.158805,0,31.9,bottom 50%
SOLUSDT,2022-12-16,15.5,0–20,0.31,0.3702,0.0,0.0,0.0,0.0,0.541,0.0,-0.039167,0,98.3,top 10%
SOLUSDT,2022-12-17,6.1,0–20,0.2712,0.0451,0.0,0.0,0.0,0.0,0.0,0.0,-0.08478,0,63.6,top 50%
SOLUSDT,2022-12-18,6.6,0–20,0.28,0.0,0.0,0.0,0.0,0.0,0.0,0.1437,-0.082591,0,66.9,top 50%
SOLUSDT,2022-12-19,9.7,0–20,0.3263,0.0956,0.0,0.0,0.0,0.0,0.0,0.2433,-0.052465,0,94.0,top 10%
SOLUSDT,2022-12-20,5.3,0–20,0.263,0.0,0.0,0.0,0.0,0.0,0.0,0.0,-0.097316,0,57.1,top 50%
SOLUSDT,2022-12-21,5.6,0–20,0.2791,0.0,0.0,0.0,0.0,0.0,0.0,0.0,-0.195654,0,59.8,top 50%
SOLUSDT,2022-12-22,6.3,0–20,0.3147,0.0,0.0,0.0,0.0,0.0,0.0,0.0,-0.181694,0,65.4,top 50%
SOLUSDT,2022-12-23,6.3,0–20,0.3157,0.0,0.0,0.0,0.0,0.0,0.0,0.0,-0.161714,0,65.4,top 50%
SOLUSDT,2022-12-24,7.1,0–20,0.3536,0.0,0.0,0.0,0.0,0.0,0.0,0.0,-0.129605,0,86.3,top 25%
SOLUSDT,2022-12-25,7.2,0–20,0.3598,0.0,0.0,0.0,0.0,0.0,0.0,0.0,-0.123441,0,86.8,top 25%
SOLUSDT,2022-12-26,7.4,0–20,0.3694,0.0,0.0,0.0,0.0,0.0,0.0,0.0,-0.002976,0,87.5,top 25%
SOLUSDT,2022-12-27,7.9,0–20,0.3957,0.0,0.0,0.0,0.0,0.0,0.0,0.0,0.203746,1,89.1,top 25%
SOLUSDT,2022-12-28,18.9,0–20,0.5244,0.0966,0.0,0.0,0.0,0.0,0.998,0.0,0.377126,1,99.4,top 10%
SOLUSDT,2022-12-29,17.7,0–20,0.5328,0.0022,0.0,0.0,0.0,0.0,1.0,0.0,0.390347,1,99.0,top 10%
SOLUSDT,2022-12-30,16.4,0–20,0.4715,0.0,0.0,0.0,0.0,0.0,1.0,0.0,0.368988,1,98.5,top 10%
SOLUSDT,2022-12-31,9.0,0–20,0.4494,0.0,0.0,0.0,0.0,0.0,0.0,0.0,0.314348,1,92.4,top 10%
SOLUSDT,2023-01-01,8.9,0–20,0.4433,0.0,0.0,0.0,0.0,0.0,0.0,0.0,0.434551,1,92.1,top 10%
SOLUSDT,2023-01-02,2.6,0–20,0.1302,0.0,0.0,0.0,0.0,0.0,0.0,0.0,0.446155,1,32.7,bottom 50%
SOLUSDT,2023-01-03,0.0,0–20,0.0,0.0,0.0,0.0,0.0,0.0,0.0,0.0,0.213779,1,6.0,bottom 50%
SOLUSDT,2023-01-04,0.0,0–20,0.0,0.0,0.0,0.0,0.0,0.0,0.0,0.0,0.217661,1,6.0,bottom 50%
SOLUSDT,2023-01-05,0.0,0–20,0.0,0.0,0.0,0.0,0.0,0.0,0.0,0.0,0.238441,1,6.0,bottom 50%
SOLUSDT,2023-01-06,0.0,0–20,0.0,0.0,0.0,0.0,0.0,0.0,0.0,0.0,0.352111,1,6.0,bottom 50%
SOLUSDT,2023-01-07,0.0,0–20,0.0,0.0,0.0,0.0,0.0,0.0,0.0,0.0,0.852197,1,6.0,bottom 50%
SOLUSDT,2023-01-08,4.4,0–20,0.0,0.0,0.0,0.0,0.0,0.0,0.0,0.6346,0.597305,1,48.9,bottom 50%
SOLUSDT,2023-01-09,4.0,0–20,0.0,0.0,0.0,0.0,0.0,0.0,0.0,0.5704,0.446258,1,45.2,bottom 50%
SOLUSDT,2023-01-10,4.5,0–20,0.0,0.0,0.0,0.0,0.0,0.0,0.0,0.642,0.412882,1,49.7,bottom 50%
SOLUSDT,2023-01-11,6.2,0–20,0.0,0.0,0.0,0.0,0.0,0.0,0.0,0.8875,0.274534,1,64.5,top 50%
SOLUSDT,2023-01-12,4.9,0–20,0.0,0.0,0.0,0.0,0.0,0.0,0.0,0.7033,0.28929,1,53.2,top 50%
SOLUSDT,2023-01-13,7.0,0–20,0.0,0.0,0.0,0.0,0.0,0.0,0.0,1.0,0.396963,1,77.4,top 25%
SOLUSDT,2023-01-14,7.0,0–20,0.0,0.0,0.0,0.0,0.0,0.0,0.0,1.0,0.015604,1,77.4,top 25%
SOLUSDT,2023-01-15,7.0,0–20,0.0,0.0,0.0,0.0,0.0,0.0,0.0,1.0,0.059435,1,77.4,top 25%
SOLUSDT,2023-01-16,7.0,0–20,0.0,0.0,0.0,0.0,0.0,0.0,0.0,1.0,0.033093,1,77.4,top 25%
SOLUSDT,2023-01-17,7.0,0–20,0.0,0.0,0.0,0.0,0.0,0.0,0.0,1.0,-0.003863,0,77.4,top 25%
SOLUSDT,2023-01-18,10.3,0–20,0.0,0.0,0.0,0.0,0.0,0.0,0.4644,1.0,0.178451,1,95.3,top 10%
SOLUSDT,2023-01-19,7.0,0–20,0.0,0.0,0.0,0.0,0.0,0.0,0.0,1.0,0.136462,1,77.4,top 25%
SOLUSDT,2023-01-20,7.0,0–20,0.0,0.0,0.0,0.0,0.0,0.0,0.0,1.0,-0.044638,0,77.4,top 25%
SOLUSDT,2023-01-21,7.0,0–20,0.0,0.0,0.0,0.0,0.0,0.0,0.0,1.0,-0.026232,0,77.4,top 25%
SOLUSDT,2023-01-22,7.0,0–20,0.0,0.0,0.0,0.0,0.0,0.0,0.0,1.0,0.07839,1,77.4,top 25%
SOLUSDT,2023-01-23,7.0,0–20,0.0,0.0,0.0,0.0,0.0,0.0,0.0,1.0,-0.016893,0,77.4,top 25%
SOLUSDT,2023-01-24,7.0,0–20,0.0,0.0,0.0,0.0,0.0,0.0,0.0,1.0,0.05075,1,77.4,top 25%
SOLUSDT,2023-01-25,7.0,0–20,0.0,0.0,0.0,0.0,0.0,0.0,0.0,1.0,0.017171,1,77.4,top 25%
SOLUSDT,2023-01-26,7.0,0–20,0.0,0.0,0.0,0.0,0.0,0.0,0.0,1.0,-0.003517,0,77.4,top 25%
SOLUSDT,2023-01-27,7.0,0–20,0.0,0.0,0.0,0.0,0.0,0.0,0.0,1.0,0.011187,1,77.4,top 25%
SOLUSDT,2023-01-28,7.0,0–20,0.0,0.0,0.0,0.0,0.0,0.0,0.0,1.0,0.014008,1,77.4,top 25%
SOLUSDT,2023-01-29,7.0,0–20,0.0,0.0,0.0,0.0,0.0,0.0,0.0,1.0,-0.100984,0,77.4,top 25%
SOLUSDT,2023-01-30,7.0,0–20,0.0,0.0,0.0,0.0,0.0,0.0,0.0,1.0,-0.05178,0,77.4,top 25%
SOLUSDT,2023-01-31,7.0,0–20,0.0,0.0,0.0,0.0,0.0,0.0,0.0,1.0,-0.003807,0,77.4,top 25%
SOLUSDT,2023-02-01,7.0,0–20,0.0,0.0,0.0,0.0,0.0,0.0,0.0,1.0,-0.072047,0,77.4,top 25%
SOLUSDT,2023-02-02,7.0,0–20,0.0,0.0,0.0,0.0,0.0,0.0,0.0,1.0,-0.157137,0,77.4,top 25%
SOLUSDT,2023-02-03,2.6,0–20,0.0,0.0,0.0,0.0,0.0,0.0,0.0,0.3667,-0.184385,0,32.7,bottom 50%
SOLUSDT,2023-02-04,1.7,0–20,0.0,0.0,0.0,0.0,0.0,0.0,0.0,0.2382,-0.14342,0,24.1,bottom 50%
SOLUSDT,2023-02-05,0.5,0–20,0.0,0.0,0.0,0.0,0.0,0.0,0.0,0.078,-0.085277,0,14.9,bottom 50%
SOLUSDT,2023-02-06,2.9,0–20,0.0,0.0,0.0,0.0,0.0,0.0,0.0,0.4187,-0.084394,0,35.4,bottom 50%
SOLUSDT,2023-02-07,5.6,0–20,0.0,0.0,0.0,0.0,0.0,0.0,0.0,0.8052,-0.085343,0,59.8,top 50%
SOLUSDT,2023-02-08,5.0,0–20,0.0,0.0,0.0,0.0,0.0,0.0,0.0,0.7136,0.029804,1,54.2,top 50%
SOLUSDT,2023-02-09,8.4,0–20,0.1361,0.3759,0.0,0.0,0.0,0.0,0.0,0.0,0.089664,1,91.1,top 10%
SOLUSDT,2023-02-10,6.0,0–20,0.156,0.193,0.0,0.0,0.0,0.0,0.0,0.0,0.150851,1,62.8,top 50%
SOLUSDT,2023-02-11,1.9,0–20,0.097,0.0,0.0,0.0,0.0,0.0,0.0,0.0,0.127148,1,25.9,bottom 50%
SOLUSDT,2023-02-12,0.9,0–20,0.043,0.0,0.0,0.0,0.0,0.0,0.0,0.0,0.155923,1,18.3,bottom 50%
SOLUSDT,2023-02-13,2.4,0–20,0.0939,0.0,0.0,0.0,0.0,0.0,0.0,0.0781,0.25932,1,30.7,bottom 50%
SOLUSDT,2023-02-14,0.2,0–20,0.0084,0.0,0.0,0.0,0.0,0.0,0.0,0.0,0.143121,1,13.0,bottom 50%
SOLUSDT,2023-02-15,0.0,0–20,0.0,0.0,0.0,0.0,0.0,0.0,0.0,0.0,0.012454,1,6.0,bottom 50%
SOLUSDT,2023-02-16,0.0,0–20,0.0,0.0,0.0,0.0,0.0,0.0,0.0,0.0,0.07246,1,6.0,bottom 50%
SOLUSDT,2023-02-17,0.0,0–20,0.0,0.0,0.0,0.0,0.0,0.0,0.0,0.0,-0.004909,0,6.0,bottom 50%
SOLUSDT,2023-02-18,0.0,0–20,0.0,0.0,0.0,0.0,0.0,0.0,0.0,0.0,-0.040684,0,6.0,bottom 50%
SOLUSDT,2023-02-19,0.0,0–20,0.0,0.0,0.0,0.0,0.0,0.0,0.0,0.0,-0.063793,0,6.0,bottom 50%
SOLUSDT,2023-02-20,0.0,0–20,0.0,0.0,0.0,0.0,0.0,0.0,0.0,0.0,-0.133255,0,6.0,bottom 50%
SOLUSDT,2023-02-21,0.0,0–20,0.0,0.0,0.0,0.0,0.0,0.0,0.0,0.0,-0.121537,0,6.0,bottom 50%
SOLUSDT,2023-02-22,0.0,0–20,0.0,0.0,0.0,0.0,0.0,0.0,0.0,0.0,-0.069265,0,6.0,bottom 50%
SOLUSDT,2023-02-23,0.0,0–20,0.0,0.0,0.0,0.0,0.0,0.0,0.0,0.0,-0.080161,0,6.0,bottom 50%
SOLUSDT,2023-02-24,0.7,0–20,0.0,0.0,0.0,0.0,0.0,0.0,0.0,0.0998,-0.071734,0,16.6,bottom 50%
SOLUSDT,2023-02-25,4.2,0–20,0.0383,0.0,0.0,0.0,0.0,0.0,0.0,0.4921,-0.069109,0,47.0,bottom 50%
SOLUSDT,2023-02-26,3.2,0–20,0.0,0.0,0.0,0.0,0.0,0.0,0.0,0.4602,-0.097932,0,37.9,bottom 50%
SOLUSDT,2023-02-27,0.9,0–20,0.0253,0.0,0.0,0.0,0.0,0.0,0.0,0.0629,-0.090672,0,18.3,bottom 50%
SOLUSDT,2023-02-28,2.7,0–20,0.0858,0.0,0.0,0.0,0.0,0.0,0.0,0.14,-0.076274,0,33.6,bottom 50%
SOLUSDT,2023-03-01,5.0,0–20,0.0333,0.0,0.0,0.0,0.0,0.0,0.0,0.6208,-0.181514,0,54.2,top 50%
SOLUSDT,2023-03-02,5.6,0–20,0.0758,0.0,0.0,0.0,0.0,0.0,0.0,0.5802,-0.212725,0,59.8,top 50%
SOLUSDT,2023-03-03,6.2,0–20,0.1224,0.0,0.0,0.0,0.0,0.0,0.0,0.5358,-0.147468,0,64.5,top 50%
SOLUSDT,2023-03-04,4.9,0–20,0.1563,0.0,0.0,0.0,0.0,0.0,0.0,0.2585,-0.13073,0,53.2,top 50%
SOLUSDT,2023-03-05,4.9,0–20,0.155,0.0,0.0,0.0,0.0,0.0,0.0,0.2593,-0.031845,0,53.2,top 50%
SOLUSDT,2023-03-06,4.7,0–20,0.184,0.0,0.0,0.0,0.0,0.0,0.0,0.1431,-0.009755,0,51.5,top 50%
SOLUSDT,2023-03-07,4.3,0–20,0.2169,0.0,0.0,0.0,0.0,0.0,0.0,0.0,0.033752,1,48.1,bottom 50%
SOLUSDT,2023-03-08,8.3,0–20,0.3488,0.0873,0.0,0.0,0.0,0.0,0.0,0.0,0.047217,1,90.8,top 10%
SOLUSDT,2023-03-09,14.3,0–20,0.4138,0.0965,0.0,0.0,0.0,0.0,0.648,0.0,0.139957,1,97.9,top 10%
SOLUSDT,2023-03-10,10.1,0–20,0.2967,0.0,0.0,0.0,0.0,0.0,0.5881,0.0,0.185569,1,94.9,top 10%
SOLUSDT,2023-03-11,6.0,0–20,0.2979,0.0,0.0,0.0,0.0,0.0,0.0,0.0,0.162959,1,62.8,top 50%
SOLUSDT,2023-03-12,1.4,0–20,0.0695,0.0,0.0,0.0,0.0,0.0,0.0,0.0,0.078426,1,22.1,bottom 50%
SOLUSDT,2023-03-13,1.2,0–20,0.0576,0.0,0.0,0.0,0.0,0.0,0.0,0.0,0.085288,1,20.5,bottom 50%
SOLUSDT,2023-03-14,0.2,0–20,0.0093,0.0,0.0,0.0,0.0,0.0,0.0,0.0,0.080764,1,13.0,bottom 50%
SOLUSDT,2023-03-15,5.5,0–20,0.1481,0.0,0.0,0.0,0.0,0.0,0.3578,0.0,0.113499,1,58.8,top 50%
SOLUSDT,2023-03-16,2.1,0–20,0.1034,0.0,0.0,0.0,0.0,0.0,0.0,0.0,0.126009,1,27.7,bottom 50%
SOLUSDT,2023-03-17,0.0,0–20,0.0,0.0,0.0,0.0,0.0,0.0,0.0,0.0,-0.043934,0,6.0,bottom 50%
SOLUSDT,2023-03-18,0.0,0–20,0.0,0.0,0.0,0.0,0.0,0.0,0.0,0.0,-0.035349,0,6.0,bottom 50%
SOLUSDT,2023-03-19,0.0,0–20,0.0,0.0,0.0,0.0,0.0,0.0,0.0,0.0,-0.042363,0,6.0,bottom 50%
SOLUSDT,2023-03-20,0.0,0–20,0.0,0.0,0.0,0.0,0.0,0.0,0.0,0.0,-0.101675,0,6.0,bottom 50%
SOLUSDT,2023-03-21,0.0,0–20,0.0,0.0,0.0,0.0,0.0,0.0,0.0,0.0,-0.094948,0,6.0,bottom 50%
SOLUSDT,2023-03-22,0.0,0–20,0.0,0.0,0.0,0.0,0.0,0.0,0.0,0.0,-0.017179,0,6.0,bottom 50%
SOLUSDT,2023-03-23,0.0,0–20,0.0,0.0,0.0,0.0,0.0,0.0,0.0,0.0,-0.074976,0,6.0,bottom 50%
SOLUSDT,2023-03-24,2.5,0–20,0.049,0.0,0.0,0.0,0.0,0.0,0.0,0.2109,0.023775,1,31.9,bottom 50%
SOLUSDT,2023-03-25,3.2,0–20,0.0686,0.0,0.0,0.0,0.0,0.0,0.0,0.2632,0.025872,1,37.9,bottom 50%
SOLUSDT,2023-03-26,3.5,0–20,0.0172,0.0,0.0,0.0,0.0,0.0,0.0,0.4457,-0.020907,0,41.1,bottom 50%
SOLUSDT,2023-03-27,4.2,0–20,0.1091,0.0,0.0,0.0,0.0,0.0,0.0,0.2831,0.026171,1,47.0,bottom 50%
SOLUSDT,2023-03-28,7.7,0–20,0.0538,0.0,0.0,0.0,0.0,0.0,0.0,0.9493,0.022174,1,88.4,top 25%
SOLUSDT,2023-03-29,7.0,0–20,0.0,0.0,0.0,0.0,0.0,0.0,0.0,0.9941,-0.00689,0,77.4,top 25%
SOLUSDT,2023-03-30,5.1,0–20,0.0447,0.0,0.0,0.0,0.0,0.0,0.0,0.6069,0.002875,1,55.3,top 50%
SOLUSDT,2023-03-31,5.3,0–20,0.0,0.0,0.0,0.0,0.0,0.0,0.0,0.7613,-0.033091,0,57.1,top 50%
SOLUSDT,2023-04-01,0.1,0–20,0.0031,0.0,0.0,0.0,0.0,0.0,0.0,0.0,-0.044775,0,12.4,bottom 50%
SOLUSDT,2023-04-02,1.0,0–20,0.0482,0.0,0.0,0.0,0.0,0.0,0.0,0.0091,-0.011565,0,19.3,bottom 50%
SOLUSDT,2023-04-03,1.5,0–20,0.0581,0.0,0.0,0.0,0.0,0.0,0.0,0.0424,0.021489,1,22.8,bottom 50%
SOLUSDT,2023-04-04,2.3,0–20,0.0009,0.0,0.0,0.0,0.0,0.0,0.0,0.3325,0.100083,1,29.8,bottom 50%
SOLUSDT,2023-04-05,2.5,0–20,0.0,0.0,0.0,0.0,0.0,0.0,0.0,0.3614,0.144009,1,31.9,bottom 50%
SOLUSDT,2023-04-06,0.8,0–20,0.0402,0.0,0.0,0.0,0.0,0.0,0.0,0.0,0.185452,1,17.3,bottom 50%
SOLUSDT,2023-04-07,1.2,0–20,0.0578,0.0,0.0,0.0,0.0,0.0,0.0,0.0,0.2102,1,20.5,bottom 50%
SOLUSDT,2023-04-08,2.2,0–20,0.112,0.0,0.0,0.0,0.0,0.0,0.0,0.0,0.201779,1,28.8,bottom 50%
SOLUSDT,2023-04-09,1.4,0–20,0.0717,0.0,0.0,0.0,0.0,0.0,0.0,0.0,0.249389,1,22.1,bottom 50%
SOLUSDT,2023-04-10,0.0,0–20,0.0,0.0,0.0,0.0,0.0,0.0,0.0,0.0,0.176057,1,6.0,bottom 50%
SOLUSDT,2023-04-11,0.0,0–20,0.0,0.0,0.0,0.0,0.0,0.0,0.0,0.0,0.079668,1,6.0,bottom 50%
SOLUSDT,2023-04-12,0.0,0–20,0.0,0.0,0.0,0.0,0.0,0.0,0.0,0.0,-0.053052,0,6.0,bottom 50%
SOLUSDT,2023-04-13,0.0,0–20,0.0,0.0,0.0,0.0,0.0,0.0,0.0,0.0,-0.092127,0,6.0,bottom 50%
SOLUSDT,2023-04-14,0.0,0–20,0.0,0.0,0.0,0.0,0.0,0.0,0.0,0.0,-0.141066,0,6.0,bottom 50%
SOLUSDT,2023-04-15,0.0,0–20,0.0,0.0,0.0,0.0,0.0,0.0,0.0,0.0,-0.093985,0,6.0,bottom 50%
SOLUSDT,2023-04-16,6.0,0–20,0.0,0.0,0.0,0.0,0.0,0.0,0.0,0.8565,-0.153056,0,62.8,top 50%
SOLUSDT,2023-04-17,6.2,0–20,0.0,0.0,0.0,0.0,0.0,0.0,0.0,0.879,-0.128987,0,64.5,top 50%
SOLUSDT,2023-04-18,5.6,0–20,0.0,0.0,0.0,0.0,0.0,0.0,0.0,0.8,-0.117711,0,59.8,top 50%
SOLUSDT,2023-04-19,11.3,0–20,0.0,0.0,0.0,0.0,0.0,0.0,0.674,0.9417,-0.062952,0,96.5,top 10%
SOLUSDT,2023-04-20,8.1,0–20,0.0259,0.0,0.0,0.0,0.0,0.0,0.4473,0.6329,0.007153,1,90.0,top 10%
SOLUSDT,2023-04-21,8.3,0–20,0.1088,0.0,0.0,0.0,0.0,0.0,0.0,0.8772,0.098136,1,90.8,top 10%
SOLUSDT,2023-04-22,7.1,0–20,0.0514,0.0,0.0,0.0,0.0,0.0,0.0,0.8698,0.062646,1,86.3,top 25%
SOLUSDT,2023-04-23,8.2,0–20,0.0833,0.0,0.0,0.0,0.0,0.0,0.0,0.9322,0.062936,1,90.5,top 10%
SOLUSDT,2023-04-24,4.7,0–20,0.0921,0.0,0.0,0.0,0.0,0.0,0.0,0.4024,0.027842,1,51.5,top 50%
SOLUSDT,2023-04-25,2.6,0–20,0.0286,0.0,0.0,0.0,0.0,0.0,0.0,0.2865,0.015402,1,32.7,bottom 50%
SOLUSDT,2023-04-26,3.1,0–20,0.0965,0.0,0.0,0.0,0.0,0.0,0.0,0.1621,0.043931,1,37.0,bottom 50%
SOLUSDT,2023-04-27,2.4,0–20,0.0,0.0,0.0,0.0,0.0,0.0,0.0,0.3368,-0.027295,0,30.7,bottom 50%
SOLUSDT,2023-04-28,2.7,0–20,0.0,0.0,0.0,0.0,0.0,0.0,0.0,0.3919,-0.023118,0,33.6,bottom 50%
SOLUSDT,2023-04-29,2.0,0–20,0.0,0.0,0.0,0.0,0.0,0.0,0.0,0.2914,-0.052139,0,26.7,bottom 50%
SOLUSDT,2023-04-30,1.8,0–20,0.0,0.0,0.0,0.0,0.0,0.0,0.0,0.2605,-0.043263,0,25.0,bottom 50%
SOLUSDT,2023-05-01,0.7,0–20,0.0361,0.0,0.0,0.0,0.0,0.0,0.0,0.0,-0.060454,0,16.6,bottom 50%
SOLUSDT,2023-05-02,0.1,0–20,0.0037,0.0,0.0,0.0,0.0,0.0,0.0,0.0,-0.071023,0,12.4,bottom 50%
SOLUSDT,2023-05-03,0.2,0–20,0.0094,0.0,0.0,0.0,0.0,0.0,0.0,0.0,-0.056904,0,13.0,bottom 50%
SOLUSDT,2023-05-04,1.4,0–20,0.0682,0.0,0.0,0.0,0.0,0.0,0.0,0.0,-0.068819,0,22.1,bottom 50%
SOLUSDT,2023-05-05,0.0,0–20,0.0,0.0,0.0,0.0,0.0,0.0,0.0,0.0,-0.083865,0,6.0,bottom 50%
SOLUSDT,2023-05-06,0.7,0–20,0.0354,0.0,0.0,0.0,0.0,0.0,0.0,0.0,-0.050309,0,16.6,bottom 50%
SOLUSDT,2023-05-07,1.0,0–20,0.0503,0.0,0.0,0.0,0.0,0.0,0.0,0.0,-0.040781,0,19.3,bottom 50%
SOLUSDT,2023-05-08,3.8,0–20,0.1752,0.0169,0.0,0.0,0.0,0.0,0.0,0.0,0.01693,1,43.5,bottom 50%
SOLUSDT,2023-05-09,3.4,0–20,0.1715,0.0,0.0,0.0,0.0,0.0,0.0,0.0,-0.000204,0,39.9,bottom 50%
SOLUSDT,2023-05-10,3.6,0–20,0.1323,0.0,0.0,0.0,0.0,0.0,0.0,0.1334,0.005473,1,42.0,bottom 50%
SOLUSDT,2023-05-11,5.2,0–20,0.2082,0.0,0.0,0.0,0.0,0.0,0.0,0.1506,0.005625,1,56.2,top 50%
SOLUSDT,2023-05-12,2.2,0–20,0.1098,0.0,0.0,0.0,0.0,0.0,0.0,0.0061,-0.026871,0,28.8,bottom 50%
SOLUSDT,2023-05-13,2.3,0–20,0.1147,0.0,0.0,0.0,0.0,0.0,0.0,0.0,-0.027952,0,29.8,bottom 50%
SOLUSDT,2023-05-14,2.0,0–20,0.1018,0.0,0.0,0.0,0.0,0.0,0.0,0.0,-0.06414,0,26.7,bottom 50%
SOLUSDT,2023-05-15,1.9,0–20,0.0931,0.0,0.0,0.0,0.0,0.0,0.0,0.0,-0.069745,0,25.9,bottom 50%
SOLUSDT,2023-05-16,2.8,0–20,0.1377,0.0,0.0,0.0,0.0,0.0,0.0,0.0,-0.030767,0,34.6,bottom 50%
SOLUSDT,2023-05-17,1.4,0–20,0.0704,0.0,0.0,0.0,0.0,0.0,0.0,0.0,-0.087559,0,22.1,bottom 50%
SOLUSDT,2023-05-18,3.4,0–20,0.1684,0.0,0.0,0.0,0.0,0.0,0.0,0.0,-0.053469,0,39.9,bottom 50%
SOLUSDT,2023-05-19,3.4,0–20,0.1682,0.0,0.0,0.0,0.0,0.0,0.0,0.0,-0.048301,0,39.9,bottom 50%
SOLUSDT,2023-05-20,3.5,0–20,0.1772,0.0,0.0,0.0,0.0,0.0,0.0,0.0,0.006891,1,41.1,bottom 50%
SOLUSDT,2023-05-21,5.3,0–20,0.2669,0.0,0.0,0.0,0.0,0.0,0.0,0.0,0.060641,1,57.1,top 50%
SOLUSDT,2023-05-22,5.5,0–20,0.2754,0.0,0.0,0.0,0.0,0.0,0.0,0.0,0.053447,1,58.8,top 50%
SOLUSDT,2023-05-23,3.3,0–20,0.1673,0.0,0.0,0.0,0.0,0.0,0.0,0.0,0.060415,1,38.9,bottom 50%
SOLUSDT,2023-05-24,5.5,0–20,0.2754,0.0,0.0,0.0,0.0,0.0,0.0,0.0,0.083274,1,58.8,top 50%
SOLUSDT,2023-05-25,5.3,0–20,0.2674,0.0,0.0,0.0,0.0,0.0,0.0,0.0,0.064461,1,57.1,top 50%
SOLUSDT,2023-05-26,4.9,0–20,0.2433,0.0,0.0,0.0,0.0,0.0,0.0,0.0,0.097622,1,53.2,top 50%
SOLUSDT,2023-05-27,0.6,0–20,0.0324,0.0,0.0,0.0,0.0,0.0,0.0,0.0,0.035756,1,15.9,bottom 50%
SOLUSDT,2023-05-28,0.0,0–20,0.0,0.0,0.0,0.0,0.0,0.0,0.0,0.0,0.049061,1,6.0,bottom 50%
SOLUSDT,2023-05-29,0.1,0–20,0.0067,0.0,0.0,0.0,0.0,0.0,0.0,0.0,-0.024844,0,12.4,bottom 50%
SOLUSDT,2023-05-30,0.0,0–20,0.0,0.0,0.0,0.0,0.0,0.0,0.0,0.0,-0.040256,0,6.0,bottom 50%
SOLUSDT,2023-05-31,0.0,0–20,0.0,0.0,0.0,0.0,0.0,0.0,0.0,0.0,-0.105175,0,6.0,bottom 50%
SOLUSDT,2023-06-01,0.6,0–20,0.0293,0.0,0.0,0.0,0.0,0.0,0.0,0.0,-0.077686,0,15.9,bottom 50%
SOLUSDT,2023-06-02,0.0,0–20,0.0,0.0,0.0,0.0,0.0,0.0,0.0,0.0,-0.182424,0,6.0,bottom 50%
SOLUSDT,2023-06-03,0.0,0–20,0.0,0.0,0.0,0.0,0.0,0.0,0.0,0.0,-0.259954,0,6.0,bottom 50%
SOLUSDT,2023-06-04,0.4,0–20,0.0,0.0,0.0,0.0,0.0,0.0,0.0,0.0603,-0.286915,0,14.1,bottom 50%
SOLUSDT,2023-06-05,8.2,0–20,0.0984,0.0,0.0,0.0,0.0,0.0,0.8604,0.0338,-0.243006,0,90.5,top 10%
SOLUSDT,2023-06-06,4.3,0–20,0.05,0.0,0.0,0.0,0.0,0.0,0.4661,0.0,-0.263759,0,48.1,bottom 50%
SOLUSDT,2023-06-07,11.1,0–20,0.2454,0.0038,0.0,0.0,0.0,0.0,0.6833,0.1958,-0.222585,0,96.3,top 10%
SOLUSDT,2023-06-08,5.3,0–20,0.2038,0.0,0.0,0.0,0.0,0.0,0.0,0.1769,-0.219467,0,57.1,top 50%
SOLUSDT,2023-06-09,16.6,0–20,0.3365,0.1647,0.0,0.0,0.0,0.0,0.7584,0.3011,-0.119188,0,98.6,top 10%
SOLUSDT,2023-06-10,21.0,20–40,0.4481,0.2958,0.0,0.0,0.0,0.0,1.0,0.0926,-0.000356,0,99.8,top 10%
SOLUSDT,2023-06-11,12.0,0–20,0.4537,0.1167,0.0,0.0,0.0,0.0,0.0,0.1671,-0.007747,0,97.2,top 10%
SOLUSDT,2023-06-12,10.0,0–20,0.475,0.0347,0.0,0.0,0.0,0.0,0.0,0.0,0.057666,1,94.8,top 10%
SOLUSDT,2023-06-13,9.7,0–20,0.4856,0.0,0.0,0.0,0.0,0.0,0.0,0.0,0.107672,1,94.0,top 10%
SOLUSDT,2023-06-14,10.3,0–20,0.517,0.0,0.0,0.0,0.0,0.0,0.0,0.0,0.191244,1,95.3,top 10%
SOLUSDT,2023-06-15,9.3,0–20,0.4675,0.0,0.0,0.0,0.0,0.0,0.0,0.0,0.127589,1,93.2,top 10%
SOLUSDT,2023-06-16,7.4,0–20,0.3706,0.0,0.0,0.0,0.0,0.0,0.0,0.0,0.12028,1,87.5,top 25%
SOLUSDT,2023-06-17,6.2,0–20,0.3123,0.0,0.0,0.0,0.0,0.0,0.0,0.0,0.064045,1,64.5,top 50%
SOLUSDT,2023-06-18,6.6,0–20,0.3313,0.0,0.0,0.0,0.0,0.0,0.0,0.0,0.099308,1,66.9,top 50%
SOLUSDT,2023-06-19,4.5,0–20,0.2227,0.0,0.0,0.0,0.0,0.0,0.0,0.0,0.012256,1,49.7,bottom 50%
SOLUSDT,2023-06-20,2.7,0–20,0.1344,0.0,0.0,0.0,0.0,0.0,0.0,0.0,-0.000937,0,33.6,bottom 50%
SOLUSDT,2023-06-21,0.9,0–20,0.0446,0.0,0.0,0.0,0.0,0.0,0.0,0.0,-0.073605,0,18.3,bottom 50%
SOLUSDT,2023-06-22,2.4,0–20,0.1188,0.0,0.0,0.0,0.0,0.0,0.0,0.0,0.079785,1,30.7,bottom 50%
SOLUSDT,2023-06-23,0.9,0–20,0.0466,0.0,0.0,0.0,0.0,0.0,0.0,0.0,0.101915,1,18.3,bottom 50%
SOLUSDT,2023-06-24,2.1,0–20,0.1074,0.0,0.0,0.0,0.0,0.0,0.0,0.0,0.121963,1,27.7,bottom 50%
SOLUSDT,2023-06-25,1.2,0–20,0.0607,0.0,0.0,0.0,0.0,0.0,0.0,0.0,0.146259,1,20.5,bottom 50%
SOLUSDT,2023-06-26,2.9,0–20,0.1461,0.0,0.0,0.0,0.0,0.0,0.0,0.0,0.182576,1,35.4,bottom 50%
SOLUSDT,2023-06-27,1.9,0–20,0.0927,0.0,0.0,0.0,0.0,0.0,0.0,0.0,0.151843,1,25.9,bottom 50%
SOLUSDT,2023-06-28,3.4,0–20,0.1682,0.0,0.0,0.0,0.0,0.0,0.0,0.0,0.188031,1,39.9,bottom 50%
SOLUSDT,2023-06-29,0.0,0–20,0.0,0.0,0.0,0.0,0.0,0.0,0.0,0.0,0.097879,1,6.0,bottom 50%
SOLUSDT,2023-06-30,3.3,0–20,0.0,0.0,0.0,0.0,0.0,0.0,0.0,0.4677,0.136916,1,38.9,bottom 50%
SOLUSDT,2023-07-01,1.8,0–20,0.0,0.0,0.0,0.0,0.0,0.0,0.0,0.2625,0.169952,1,25.0,bottom 50%
SOLUSDT,2023-07-02,3.8,0–20,0.0,0.0,0.0,0.0,0.0,0.0,0.0,0.548,0.097432,1,43.5,bottom 50%
SOLUSDT,2023-07-03,2.7,0–20,0.0,0.0,0.0,0.0,0.0,0.0,0.0,0.3881,0.107754,1,33.6,bottom 50%
SOLUSDT,2023-07-04,7.0,0–20,0.0,0.0,0.0,0.0,0.0,0.0,0.0,1.0,0.154086,1,77.4,top 25%
SOLUSDT,2023-07-05,7.0,0–20,0.0,0.0,0.0,0.0,0.0,0.0,0.0,1.0,0.15715,1,77.4,top 25%
SOLUSDT,2023-07-06,7.0,0–20,0.0,0.0,0.0,0.0,0.0,0.0,0.0,1.0,0.319134,1,77.4,top 25%
SOLUSDT,2023-07-07,7.0,0–20,0.0,0.0,0.0,0.0,0.0,0.0,0.0,1.0,0.244409,1,77.4,top 25%
SOLUSDT,2023-07-08,7.0,0–20,0.0,0.0,0.0,0.0,0.0,0.0,0.0,1.0,0.253077,1,77.4,top 25%
SOLUSDT,2023-07-09,7.0,0–20,0.0,0.0,0.0,0.0,0.0,0.0,0.0,1.0,0.282687,1,77.4,top 25%
SOLUSDT,2023-07-10,5.6,0–20,0.0,0.0,0.0,0.0,0.0,0.0,0.0,0.7952,0.260817,1,59.8,top 50%
SOLUSDT,2023-07-11,5.6,0–20,0.0,0.0,0.0,0.0,0.0,0.0,0.0,0.8021,0.15623,1,59.8,top 50%
SOLUSDT,2023-07-12,7.0,0–20,0.0,0.0,0.0,0.0,0.0,0.0,0.0,1.0,0.199965,1,77.4,top 25%
SOLUSDT,2023-07-13,7.0,0–20,0.0,0.0,0.0,0.0,0.0,0.0,0.0,1.0,-0.024996,0,77.4,top 25%
SOLUSDT,2023-07-14,7.0,0–20,0.0,0.0,0.0,0.0,0.0,0.0,0.0,1.0,-0.044564,0,77.4,top 25%
SOLUSDT,2023-07-15,7.0,0–20,0.0,0.0,0.0,0.0,0.0,0.0,0.0,1.0,-0.104278,0,77.4,top 25%
SOLUSDT,2023-07-16,7.0,0–20,0.0,0.0,0.0,0.0,0.0,0.0,0.0,1.0,-0.095576,0,77.4,top 25%
SOLUSDT,2023-07-17,7.0,0–20,0.0,0.0,0.0,0.0,0.0,0.0,0.0,1.0,-0.129919,0,77.4,top 25%
SOLUSDT,2023-07-18,7.0,0–20,0.0,0.0,0.0,0.0,0.0,0.0,0.0,1.0,-0.088676,0,77.4,top 25%
SOLUSDT,2023-07-19,7.0,0–20,0.0,0.0,0.0,0.0,0.0,0.0,0.0,1.0,-0.045324,0,77.4,top 25%
SOLUSDT,2023-07-20,7.0,0–20,0.0,0.0,0.0,0.0,0.0,0.0,0.0,1.0,-0.01087,0,77.4,top 25%
SOLUSDT,2023-07-21,7.0,0–20,0.0,0.0,0.0,0.0,0.0,0.0,0.0,1.0,-0.027302,0,77.4,top 25%
SOLUSDT,2023-07-22,7.0,0–20,0.0,0.0,0.0,0.0,0.0,0.0,0.0,1.0,0.025837,1,77.4,top 25%
SOLUSDT,2023-07-23,7.0,0–20,0.0,0.0,0.0,0.0,0.0,0.0,0.0,1.0,-0.020422,0,77.4,top 25%
SOLUSDT,2023-07-24,7.0,0–20,0.0,0.0,0.0,0.0,0.0,0.0,0.0,1.0,0.014519,1,77.4,top 25%
SOLUSDT,2023-07-25,7.0,0–20,0.0,0.0,0.0,0.0,0.0,0.0,0.0,1.0,0.030904,1,77.4,top 25%
SOLUSDT,2023-07-26,7.0,0–20,0.0,0.0,0.0,0.0,0.0,0.0,0.0,1.0,-0.080682,0,77.4,top 25%
SOLUSDT,2023-07-27,5.1,0–20,0.0,0.0,0.0,0.0,0.0,0.0,0.0,0.7262,-0.098142,0,55.3,top 50%
SOLUSDT,2023-07-28,4.7,0–20,0.0,0.0,0.0,0.0,0.0,0.0,0.0,0.6672,-0.082636,0,51.5,top 50%
SOLUSDT,2023-07-29,3.6,0–20,0.0,0.0,0.0,0.0,0.0,0.0,0.0,0.5124,-0.10079,0,42.0,bottom 50%
SOLUSDT,2023-07-30,3.4,0–20,0.0,0.0,0.0,0.0,0.0,0.0,0.0,0.4805,-0.044323,0,39.9,bottom 50%
SOLUSDT,2023-07-31,4.6,0–20,0.0,0.0,0.0,0.0,0.0,0.0,0.0,0.6576,-0.027495,0,50.6,top 50%
SOLUSDT,2023-08-01,4.8,0–20,0.0,0.0,0.0,0.0,0.0,0.0,0.0,0.6791,0.008876,1,52.3,top 50%
SOLUSDT,2023-08-02,1.0,0–20,0.0523,0.0,0.0,0.0,0.0,0.0,0.0,0.0,0.053263,1,19.3,bottom 50%
SOLUSDT,2023-08-03,2.1,0–20,0.1042,0.0,0.0,0.0,0.0,0.0,0.0,0.0,0.087339,1,27.7,bottom 50%
SOLUSDT,2023-08-04,1.7,0–20,0.0845,0.0,0.0,0.0,0.0,0.0,0.0,0.0,0.078497,1,24.1,bottom 50%
SOLUSDT,2023-08-05,2.0,0–20,0.1022,0.0,0.0,0.0,0.0,0.0,0.0,0.0,0.1005,1,26.7,bottom 50%
SOLUSDT,2023-08-06,0.6,0–20,0.0286,0.0,0.0,0.0,0.0,0.0,0.0,0.0,0.045597,1,15.9,bottom 50%
SOLUSDT,2023-08-07,0.9,0–20,0.0431,0.0,0.0,0.0,0.0,0.0,0.0,0.0,0.089908,1,18.3,bottom 50%
SOLUSDT,2023-08-08,0.0,0–20,0.0,0.0,0.0,0.0,0.0,0.0,0.0,0.0,-0.013018,0,6.0,bottom 50%
SOLUSDT,2023-08-09,0.0,0–20,0.0,0.0,0.0,0.0,0.0,0.0,0.0,0.0,-0.064259,0,6.0,bottom 50%
SOLUSDT,2023-08-10,0.0,0–20,0.0,0.0,0.0,0.0,0.0,0.0,0.0,0.0,-0.117949,0,6.0,bottom 50%
SOLUSDT,2023-08-11,0.0,0–20,0.0,0.0,0.0,0.0,0.0,0.0,0.0,0.0,-0.132099,0,6.0,bottom 50%
SOLUSDT,2023-08-12,0.0,0–20,0.0,0.0,0.0,0.0,0.0,0.0,0.0,0.0,-0.121561,0,6.0,bottom 50%
SOLUSDT,2023-08-13,1.2,0–20,0.0,0.0,0.0,0.0,0.0,0.0,0.0,0.1778,-0.101869,0,20.5,bottom 50%
SOLUSDT,2023-08-14,1.7,0–20,0.0,0.0,0.0,0.0,0.0,0.0,0.0,0.2435,-0.156489,0,24.1,bottom 50%
SOLUSDT,2023-08-15,0.0,0–20,0.0,0.0,0.0,0.0,0.0,0.0,0.0,0.0,-0.140189,0,6.0,bottom 50%
SOLUSDT,2023-08-16,2.5,0–20,0.1228,0.0,0.0,0.0,0.0,0.0,0.0,0.0,-0.048586,0,31.9,bottom 50%
SOLUSDT,2023-08-17,10.5,0–20,0.2281,0.0434,0.0,0.0,0.0,0.0,0.7418,0.0105,-0.031181,0,95.6,top 10%
SOLUSDT,2023-08-18,5.9,0–20,0.2606,0.0459,0.0,0.0,0.0,0.0,0.0,0.0,-0.044188,0,62.1,top 50%
SOLUSDT,2023-08-19,4.8,0–20,0.1828,0.0,0.0,0.0,0.0,0.0,0.0,0.1581,-0.073066,0,52.3,top 50%
SOLUSDT,2023-08-20,4.1,0–20,0.1932,0.0,0.0,0.0,0.0,0.0,0.0,0.0337,-0.045305,0,46.0,bottom 50%
SOLUSDT,2023-08-21,5.0,0–20,0.2484,0.0,0.0,0.0,0.0,0.0,0.0,0.0,-0.030703,0,54.2,top 50%
SOLUSDT,2023-08-22,6.2,0–20,0.3081,0.0,0.0,0.0,0.0,0.0,0.0,0.0,0.06007,1,64.5,top 50%
SOLUSDT,2023-08-23,2.8,0–20,0.1379,0.0,0.0,0.0,0.0,0.0,0.0,0.0,-0.040027,0,34.6,bottom 50%
SOLUSDT,2023-08-24,4.1,0–20,0.2027,0.0,0.0,0.0,0.0,0.0,0.0,0.0,-0.06171,0,46.0,bottom 50%
SOLUSDT,2023-08-25,5.2,0–20,0.2598,0.0,0.0,0.0,0.0,0.0,0.0,0.0,-0.052218,0,56.2,top 50%
SOLUSDT,2023-08-26,5.4,0–20,0.2697,0.0,0.0,0.0,0.0,0.0,0.0,0.0,-0.03879,0,58.0,top 50%
SOLUSDT,2023-08-27,3.8,0–20,0.1924,0.0,0.0,0.0,0.0,0.0,0.0,0.0,-0.058118,0,43.5,bottom 50%
SOLUSDT,2023-08-28,4.3,0–20,0.2157,0.0,0.0,0.0,0.0,0.0,0.0,0.0,-0.051451,0,48.1,bottom 50%
SOLUSDT,2023-08-29,0.9,0–20,0.0428,0.0,0.0,0.0,0.0,0.0,0.0,0.0,-0.069253,0,18.3,bottom 50%
SOLUSDT,2023-08-30,2.9,0–20,0.1441,0.0,0.0,0.0,0.0,0.0,0.0,0.0,-0.05831,0,35.4,bottom 50%
SOLUSDT,2023-08-31,4.9,0–20,0.2443,0.0,0.0,0.0,0.0,0.0,0.0,0.0,0.007875,1,53.2,top 50%
SOLUSDT,2023-09-01,5.6,0–20,0.278,0.0,0.0,0.0,0.0,0.0,0.0,0.0,0.014032,1,59.8,top 50%
SOLUSDT,2023-09-02,5.1,0–20,0.2535,0.0,0.0,0.0,0.0,0.0,0.0,0.0,-0.002446,0,55.3,top 50%
SOLUSDT,2023-09-03,4.8,0–20,0.2404,0.0,0.0,0.0,0.0,0.0,0.0,0.0,-0.067927,0,52.3,top 50%
SOLUSDT,2023-09-04,5.0,0–20,0.2483,0.0,0.0,0.0,0.0,0.0,0.0,0.0,-0.090272,0,54.2,top 50%
SOLUSDT,2023-09-05,2.5,0–20,0.1252,0.0,0.0,0.0,0.0,0.0,0.0,0.0,-0.115554,0,31.9,bottom 50%
SOLUSDT,2023-09-06,3.9,0–20,0.1972,0.0,0.0,0.0,0.0,0.0,0.0,0.0,-0.06203,0,44.3,bottom 50%
SOLUSDT,2023-09-07,3.1,0–20,0.1548,0.0,0.0,0.0,0.0,0.0,0.0,0.0,-0.052899,0,37.0,bottom 50%
SOLUSDT,2023-09-08,3.8,0–20,0.1881,0.0,0.0,0.0,0.0,0.0,0.0,0.0,-0.02195,0,43.5,bottom 50%
SOLUSDT,2023-09-09,4.1,0–20,0.2058,0.0,0.0,0.0,0.0,0.0,0.0,0.0,-0.015721,0,46.0,bottom 50%
SOLUSDT,2023-09-10,12.2,0–20,0.3292,0.0663,0.0,0.0,0.0,0.0,0.6646,0.0,0.031936,1,97.3,top 10%
SOLUSDT,2023-09-11,11.9,0–20,0.3738,0.0824,0.0,0.0,0.0,0.0,0.4545,0.0,0.108127,1,97.0,top 10%
SOLUSDT,2023-09-12,6.8,0–20,0.338,0.0,0.0,0.0,0.0,0.0,0.0,0.0,0.117478,1,68.0,top 50%
SOLUSDT,2023-09-13,5.0,0–20,0.2508,0.0,0.0,0.0,0.0,0.0,0.0,0.0,0.103349,1,54.2,top 50%
SOLUSDT,2023-09-14,3.5,0–20,0.1749,0.0,0.0,0.0,0.0,0.0,0.0,0.0,0.034014,1,41.1,bottom 50%
SOLUSDT,2023-09-15,2.4,0–20,0.1194,0.0,0.0,0.0,0.0,0.0,0.0,0.0,0.014049,1,30.7,bottom 50%
SOLUSDT,2023-09-16,2.5,0–20,0.1232,0.0,0.0,0.0,0.0,0.0,0.0,0.0,0.017426,1,31.9,bottom 50%
SOLUSDT,2023-09-17,3.3,0–20,0.1657,0.0,0.0,0.0,0.0,0.0,0.0,0.0,0.028817,1,38.9,bottom 50%
SOLUSDT,2023-09-18,0.5,0–20,0.0229,0.0,0.0,0.0,0.0,0.0,0.0,0.0,-0.012876,0,14.9,bottom 50%
SOLUSDT,2023-09-19,0.0,0–20,0.0,0.0,0.0,0.0,0.0,0.0,0.0,0.0,-0.050554,0,6.0,bottom 50%
SOLUSDT,2023-09-20,0.0,0–20,0.0,0.0,0.0,0.0,0.0,0.0,0.0,0.0,-0.057864,0,6.0,bottom 50%
SOLUSDT,2023-09-21,1.1,0–20,0.0549,0.0,0.0,0.0,0.0,0.0,0.0,0.0,0.024567,1,19.7,bottom 50%
SOLUSDT,2023-09-22,1.2,0–20,0.061,0.0,0.0,0.0,0.0,0.0,0.0,0.0,0.044372,1,20.5,bottom 50%
SOLUSDT,2023-09-23,1.2,0–20,0.0546,0.0,0.0,0.0,0.0,0.0,0.0,0.0199,0.098657,1,20.5,bottom 50%
SOLUSDT,2023-09-24,2.4,0–20,0.0714,0.0,0.0,0.0,0.0,0.0,0.0,0.1331,0.230315,1,30.7,bottom 50%
SOLUSDT,2023-09-25,1.4,0–20,0.0653,0.0,0.0,0.0,0.0,0.0,0.0,0.0077,0.20447,1,22.1,bottom 50%
SOLUSDT,2023-09-26,2.7,0–20,0.1331,0.0,0.0,0.0,0.0,0.0,0.0,0.0,0.238098,1,33.6,bottom 50%
SOLUSDT,2023-09-27,2.2,0–20,0.1088,0.0,0.0,0.0,0.0,0.0,0.0,0.0,0.209867,1,28.8,bottom 50%
SOLUSDT,2023-09-28,0.0,0–20,0.0,0.0,0.0,0.0,0.0,0.0,0.0,0.0,0.137117,1,6.0,bottom 50%
SOLUSDT,2023-09-29,0.0,0–20,0.0,0.0,0.0,0.0,0.0,0.0,0.0,0.0,0.153877,1,6.0,bottom 50%
SOLUSDT,2023-09-30,2.4,0–20,0.0,0.0,0.0,0.0,0.0,0.0,0.0,0.349,0.088438,1,30.7,bottom 50%
SOLUSDT,2023-10-01,3.2,0–20,0.0,0.0,0.0,0.0,0.0,0.0,0.0,0.4535,-0.024755,0,37.9,bottom 50%
SOLUSDT,2023-10-02,2.9,0–20,0.0,0.0,0.0,0.0,0.0,0.0,0.0,0.4089,-0.053625,0,35.4,bottom 50%
SOLUSDT,2023-10-03,3.5,0–20,0.0,0.0,0.0,0.0,0.0,0.0,0.0,0.4985,-0.061461,0,41.1,bottom 50%
SOLUSDT,2023-10-04,5.6,0–20,0.0,0.0,0.0,0.0,0.0,0.0,0.3533,0.4425,-0.049141,0,59.8,top 50%
SOLUSDT,2023-10-05,4.3,0–20,0.0,0.0,0.0,0.0,0.0,0.0,0.0,0.616,-0.06142,0,48.1,bottom 50%
SOLUSDT,2023-10-06,7.0,0–20,0.0,0.0,0.0,0.0,0.0,0.0,0.0,1.0,-0.067858,0,77.4,top 25%
SOLUSDT,2023-10-07,7.0,0–20,0.0,0.0,0.0,0.0,0.0,0.0,0.0,1.0,-0.054776,0,77.4,top 25%
SOLUSDT,2023-10-08,6.8,0–20,0.0,0.0,0.0,0.0,0.0,0.0,0.0,0.978,-0.056972,0,68.0,top 50%
SOLUSDT,2023-10-09,5.2,0–20,0.0,0.0,0.0,0.0,0.0,0.0,0.0,0.7413,0.084299,1,56.2,top 50%
SOLUSDT,2023-10-10,4.0,0–20,0.0,0.0,0.0,0.0,0.0,0.0,0.0,0.5731,0.083881,1,45.2,bottom 50%
SOLUSDT,2023-10-11,6.7,0–20,0.0,0.0,0.0,0.0,0.0,0.0,0.0,0.9515,0.064738,1,67.5,top 50%
SOLUSDT,2023-10-12,7.0,0–20,0.0322,0.0,0.0,0.0,0.0,0.0,0.0,0.9056,0.17078,1,77.4,top 25%
SOLUSDT,2023-10-13,6.4,0–20,0.0,0.0,0.0,0.0,0.0,0.0,0.0,0.9098,0.238094,1,66.0,top 50%
SOLUSDT,2023-10-14,4.9,0–20,0.0,0.0,0.0,0.0,0.0,0.0,0.0,0.7048,0.335027,1,53.2,top 50%
SOLUSDT,2023-10-15,4.8,0–20,0.0,0.0,0.0,0.0,0.0,0.0,0.0,0.6902,0.324544,1,52.3,top 50%
SOLUSDT,2023-10-16,6.0,0–20,0.0,0.0,0.0,0.0,0.0,0.0,0.0,0.8547,0.328067,1,62.8,top 50%
SOLUSDT,2023-10-17,4.5,0–20,0.0,0.0,0.0,0.0,0.0,0.0,0.0,0.638,0.258447,1,49.7,bottom 50%
SOLUSDT,2023-10-18,3.5,0–20,0.0,0.0,0.0,0.0,0.0,0.0,0.0,0.5047,0.385408,1,41.1,bottom 50%
SOLUSDT,2023-10-19,3.3,0–20,0.0,0.0,0.0,0.0,0.0,0.0,0.0,0.4775,0.314283,1,38.9,bottom 50%
SOLUSDT,2023-10-20,1.1,0–20,0.0,0.0,0.0,0.0,0.0,0.0,0.0,0.1518,0.17408,1,19.7,bottom 50%
SOLUSDT,2023-10-21,0.3,0–20,0.0,0.0,0.0,0.0,0.0,0.0,0.0,0.0376,0.077148,1,13.5,bottom 50%
SOLUSDT,2023-10-22,1.1,0–20,0.0,0.0,0.0,0.0,0.0,0.0,0.0,0.1524,0.130384,1,19.7,bottom 50%
SOLUSDT,2023-10-23,0.0,0–20,0.0,0.0,0.0,0.0,0.0,0.0,0.0,0.0,0.097685,1,6.0,bottom 50%
SOLUSDT,2023-10-24,3.3,0–20,0.0,0.0,0.0,0.0,0.0,0.0,0.0,0.4684,0.277531,1,38.9,bottom 50%
SOLUSDT,2023-10-25,7.0,0–20,0.0,0.0,0.0,0.0,0.0,0.0,0.0,1.0,0.277191,1,77.4,top 25%
SOLUSDT,2023-10-26,7.0,0–20,0.0,0.0,0.0,0.0,0.0,0.0,0.0,1.0,0.226757,1,77.4,top 25%
SOLUSDT,2023-10-27,7.0,0–20,0.0,0.0,0.0,0.0,0.0,0.0,0.0,1.0,0.245121,1,77.4,top 25%
SOLUSDT,2023-10-28,7.0,0–20,0.0,0.0,0.0,0.0,0.0,0.0,0.0,1.0,0.337825,1,77.4,top 25%
SOLUSDT,2023-10-29,7.0,0–20,0.0,0.0,0.0,0.0,0.0,0.0,0.0,1.0,0.256408,1,77.4,top 25%
SOLUSDT,2023-10-30,7.0,0–20,0.0,0.0,0.0,0.0,0.0,0.0,0.0,1.0,0.204971,1,77.4,top 25%
SOLUSDT,2023-10-31,7.0,0–20,0.0,0.0,0.0,0.0,0.0,0.0,0.0,1.0,0.11872,1,77.4,top 25%
SOLUSDT,2023-11-01,7.0,0–20,0.0,0.0,0.0,0.0,0.0,0.0,0.0,1.0,0.041685,1,77.4,top 25%
SOLUSDT,2023-11-02,7.0,0–20,0.0,0.0,0.0,0.0,0.0,0.0,0.0,1.0,0.130256,1,77.4,top 25%
SOLUSDT,2023-11-03,7.0,0–20,0.0,0.0,0.0,0.0,0.0,0.0,0.0,1.0,0.433305,1,77.4,top 25%
SOLUSDT,2023-11-04,7.0,0–20,0.0,0.0,0.0,0.0,0.0,0.0,0.0,1.0,0.324845,1,77.4,top 25%
SOLUSDT,2023-11-05,7.0,0–20,0.0,0.0,0.0,0.0,0.0,0.0,0.0,1.0,0.361688,1,77.4,top 25%
SOLUSDT,2023-11-06,7.0,0–20,0.0,0.0,0.0,0.0,0.0,0.0,0.0,1.0,0.23211,1,77.4,top 25%
SOLUSDT,2023-11-07,7.0,0–20,0.0,0.0,0.0,0.0,0.0,0.0,0.0,1.0,0.318984,1,77.4,top 25%
SOLUSDT,2023-11-08,7.0,0–20,0.0,0.0,0.0,0.0,0.0,0.0,0.0,1.0,0.517355,1,77.4,top 25%
SOLUSDT,2023-11-09,7.0,0–20,0.0,0.0,0.0,0.0,0.0,0.0,0.0,1.0,0.273443,1,77.4,top 25%
SOLUSDT,2023-11-10,7.0,0–20,0.0,0.0,0.0,0.0,0.0,0.0,0.0,1.0,0.031285,1,77.4,top 25%
SOLUSDT,2023-11-11,7.0,0–20,0.0,0.0,0.0,0.0,0.0,0.0,0.0,1.0,0.042958,1,77.4,top 25%
SOLUSDT,2023-11-12,7.0,0–20,0.0,0.0,0.0,0.0,0.0,0.0,0.0,1.0,0.093305,1,77.4,top 25%
SOLUSDT,2023-11-13,10.7,0–20,0.0,0.0,0.0,0.0,0.0,0.0,0.5302,1.0,0.089136,1,95.8,top 10%
SOLUSDT,2023-11-14,7.0,0–20,0.0,0.0,0.0,0.0,0.0,0.0,0.0,1.0,-0.085117,0,77.4,top 25%
SOLUSDT,2023-11-15,7.0,0–20,0.0,0.0,0.0,0.0,0.0,0.0,0.0,1.0,-0.121247,0,77.4,top 25%
SOLUSDT,2023-11-16,7.0,0–20,0.0,0.0,0.0,0.0,0.0,0.0,0.0,1.0,-0.02198,0,77.4,top 25%
SOLUSDT,2023-11-17,7.0,0–20,0.0,0.0,0.0,0.0,0.0,0.0,0.0,1.0,-0.026525,0,77.4,top 25%
SOLUSDT,2023-11-18,7.0,0–20,0.0,0.0,0.0,0.0,0.0,0.0,0.0,1.0,0.005704,1,77.4,top 25%
SOLUSDT,2023-11-19,7.0,0–20,0.0,0.0,0.0,0.0,0.0,0.0,0.0,1.0,-0.061095,0,77.4,top 25%
SOLUSDT,2023-11-20,7.0,0–20,0.0,0.0,0.0,0.0,0.0,0.0,0.0,1.0,-0.025988,0,77.4,top 25%
SOLUSDT,2023-11-21,7.0,0–20,0.0,0.0,0.0,0.0,0.0,0.0,0.0,1.0,0.119112,1,77.4,top 25%
SOLUSDT,2023-11-22,7.0,0–20,0.0,0.0,0.0,0.0,0.0,0.0,0.0,1.0,0.028852,1,77.4,top 25%
SOLUSDT,2023-11-23,7.0,0–20,0.0,0.0,0.0,0.0,0.0,0.0,0.0,1.0,0.046683,1,77.4,top 25%
SOLUSDT,2023-11-24,7.0,0–20,0.0,0.0,0.0,0.0,0.0,0.0,0.0,1.0,0.051657,1,77.4,top 25%
SOLUSDT,2023-11-25,7.0,0–20,0.0,0.0,0.0,0.0,0.0,0.0,0.0,1.0,0.084735,1,77.4,top 25%
SOLUSDT,2023-11-26,7.0,0–20,0.0,0.0,0.0,0.0,0.0,0.0,0.0,1.0,0.093633,1,77.4,top 25%
SOLUSDT,2023-11-27,7.0,0–20,0.0,0.0,0.0,0.0,0.0,0.0,0.0,1.0,0.117353,1,77.4,top 25%
SOLUSDT,2023-11-28,7.0,0–20,0.0,0.0,0.0,0.0,0.0,0.0,0.0,1.0,0.048123,1,77.4,top 25%
SOLUSDT,2023-11-29,7.0,0–20,0.0,0.0,0.0,0.0,0.0,0.0,0.0,1.0,0.044773,1,77.4,top 25%
SOLUSDT,2023-11-30,1.4,0–20,0.0,0.0,0.0,0.0,0.0,0.0,0.0,0.1957,0.145104,1,22.1,bottom 50%
SOLUSDT,2023-12-01,1.0,0–20,0.0,0.0,0.0,0.0,0.0,0.0,0.0,0.1424,0.254137,1,19.3,bottom 50%
SOLUSDT,2023-12-02,0.0,0–20,0.0,0.0,0.0,0.0,0.0,0.0,0.0,0.0,0.131981,1,6.0,bottom 50%
SOLUSDT,2023-12-03,4.6,0–20,0.0,0.0,0.0,0.0,0.0,0.0,0.0,0.6561,0.185056,1,50.6,top 50%
SOLUSDT,2023-12-04,1.5,0–20,0.0,0.0,0.0,0.0,0.0,0.0,0.0,0.2203,0.143687,1,22.8,bottom 50%
SOLUSDT,2023-12-05,0.0,0–20,0.0,0.0,0.0,0.0,0.0,0.0,0.0,0.0,0.123713,1,6.0,bottom 50%
SOLUSDT,2023-12-06,1.2,0–20,0.0,0.0,0.0,0.0,0.0,0.0,0.0,0.1728,0.143205,1,20.5,bottom 50%
SOLUSDT,2023-12-07,3.4,0–20,0.0,0.0,0.0,0.0,0.0,0.0,0.0,0.4927,0.114722,1,39.9,bottom 50%
SOLUSDT,2023-12-08,3.2,0–20,0.0,0.0,0.0,0.0,0.0,0.0,0.0,0.4603,-0.035111,0,37.9,bottom 50%
SOLUSDT,2023-12-09,0.1,0–20,0.0,0.0,0.0,0.0,0.0,0.0,0.0,0.0127,0.016827,1,12.4,bottom 50%
SOLUSDT,2023-12-10,3.4,0–20,0.0,0.0,0.0,0.0,0.0,0.0,0.0,0.4832,-0.049599,0,39.9,bottom 50%
SOLUSDT,2023-12-11,11.6,0–20,0.0,0.0,0.0,0.0,0.0,0.0,0.6532,1.0,0.05656,1,96.7,top 10%
SOLUSDT,2023-12-12,6.3,0–20,0.0,0.0,0.0,0.0,0.0,0.0,0.0,0.8991,0.064912,1,65.4,top 50%
SOLUSDT,2023-12-13,7.0,0–20,0.0,0.0,0.0,0.0,0.0,0.0,0.0,1.0,0.161422,1,77.4,top 25%
SOLUSDT,2023-12-14,7.0,0–20,0.0,0.0,0.0,0.0,0.0,0.0,0.0,1.0,0.241132,1,77.4,top 25%
SOLUSDT,2023-12-15,7.0,0–20,0.0,0.0,0.0,0.0,0.0,0.0,0.0,1.0,0.354222,1,77.4,top 25%
SOLUSDT,2023-12-16,7.0,0–20,0.0,0.0,0.0,0.0,0.0,0.0,0.0,1.0,0.464395,1,77.4,top 25%
SOLUSDT,2023-12-17,7.0,0–20,0.0,0.0,0.0,0.0,0.0,0.0,0.0,1.0,0.584287,1,77.4,top 25%
SOLUSDT,2023-12-18,7.0,0–20,0.0,0.0,0.0,0.0,0.0,0.0,0.0,1.0,0.62947,1,77.4,top 25%
SOLUSDT,2023-12-19,7.0,0–20,0.0,0.0,0.0,0.0,0.0,0.0,0.0,1.0,0.543733,1,77.4,top 25%
SOLUSDT,2023-12-20,7.0,0–20,0.0,0.0,0.0,0.0,0.0,0.0,0.0,1.0,0.302132,1,77.4,top 25%
SOLUSDT,2023-12-21,7.0,0–20,0.0,0.0,0.0,0.0,0.0,0.0,0.0,1.0,0.087899,1,77.4,top 25%
SOLUSDT,2023-12-22,5.4,0–20,0.0,0.0,0.0,0.0,0.0,0.0,0.0,0.775,0.084771,1,58.0,top 50%
SOLUSDT,2023-12-23,7.0,0–20,0.0,0.0,0.0,0.0,0.0,0.0,0.0,1.0,-0.053434,0,77.4,top 25%
SOLUSDT,2023-12-24,7.0,0–20,0.0,0.0,0.0,0.0,0.0,0.0,0.0,1.0,-0.097607,0,77.4,top 25%
SOLUSDT,2023-12-25,7.0,0–20,0.0,0.0,0.0,0.0,0.0,0.0,0.0,1.0,-0.096064,0,77.4,top 25%
SOLUSDT,2023-12-26,7.0,0–20,0.0,0.0,0.0,0.0,0.0,0.0,0.0,1.0,-0.053831,0,77.4,top 25%
SOLUSDT,2023-12-27,7.0,0–20,0.0,0.0,0.0,0.0,0.0,0.0,0.0,1.0,-0.078762,0,77.4,top 25%
SOLUSDT,2023-12-28,7.0,0–20,0.0,0.0,0.0,0.0,0.0,0.0,0.0,1.0,0.029117,1,77.4,top 25%
SOLUSDT,2023-12-29,7.0,0–20,0.0,0.0,0.0,0.0,0.0,0.0,0.0,1.0,-0.059568,0,77.4,top 25%
SOLUSDT,2023-12-30,7.0,0–20,0.0,0.0,0.0,0.0,0.0,0.0,0.0,1.0,-0.078427,0,77.4,top 25%
SOLUSDT,2023-12-31,7.0,0–20,0.0,0.0,0.0,0.0,0.0,0.0,0.0,1.0,-0.120481,0,77.4,top 25%
SOLUSDT,2024-01-01,7.0,0–20,0.0,0.0,0.0,0.0,0.0,0.0,0.0,1.0,-0.107007,0,77.4,top 25%
SOLUSDT,2024-01-02,7.0,0–20,0.0,0.0,0.0,0.0,0.0,0.0,0.0,1.0,-0.067554,0,77.4,top 25%
SOLUSDT,2024-01-03,9.2,0–20,0.0,0.0,0.0,0.0,0.0,0.0,0.3186,1.0,0.034876,1,93.0,top 10%
SOLUSDT,2024-01-04,7.0,0–20,0.0,0.0,0.0,0.0,0.0,0.0,0.0,1.0,-0.049184,0,77.4,top 25%
SOLUSDT,2024-01-05,7.0,0–20,0.0,0.0,0.0,0.0,0.0,0.0,0.0,1.0,-0.082596,0,77.4,top 25%
SOLUSDT,2024-01-06,7.0,0–20,0.0,0.0,0.0,0.0,0.0,0.0,0.0,1.0,0.019949,1,77.4,top 25%
SOLUSDT,2024-01-07,8.2,0–20,0.0591,0.0,0.0,0.0,0.0,0.0,0.0,1.0,0.054402,1,90.5,top 10%
SOLUSDT,2024-01-08,7.0,0–20,0.0,0.0,0.0,0.0,0.0,0.0,0.0,1.0,-0.033748,0,77.4,top 25%
SOLUSDT,2024-01-09,7.0,0–20,0.0,0.0,0.0,0.0,0.0,0.0,0.0,1.0,-0.017929,0,77.4,top 25%
SOLUSDT,2024-01-10,2.3,0–20,0.0,0.0,0.0,0.0,0.0,0.0,0.0,0.333,0.0003,1,29.8,bottom 50%
SOLUSDT,2024-01-11,0.0,0–20,0.0,0.0,0.0,0.0,0.0,0.0,0.0,0.0,-0.056636,0,6.0,bottom 50%
SOLUSDT,2024-01-12,0.9,0–20,0.0458,0.0,0.0,0.0,0.0,0.0,0.0,0.0,0.018156,1,18.3,bottom 50%
SOLUSDT,2024-01-13,0.0,0–20,0.0,0.0,0.0,0.0,0.0,0.0,0.0,0.0,-0.033012,0,6.0,bottom 50%
SOLUSDT,2024-01-14,0.2,0–20,0.009,0.0,0.0,0.0,0.0,0.0,0.0,0.0,-0.034894,0,13.0,bottom 50%
SOLUSDT,2024-01-15,0.1,0–20,0.003,0.0,0.0,0.0,0.0,0.0,0.0,0.0,-0.115011,0,12.4,bottom 50%
SOLUSDT,2024-01-16,0.0,0–20,0.0,0.0,0.0,0.0,0.0,0.0,0.0,0.0,-0.13677,0,6.0,bottom 50%
SOLUSDT,2024-01-17,0.0,0–20,0.0,0.0,0.0,0.0,0.0,0.0,0.0,0.0,-0.13062,0,6.0,bottom 50%
SOLUSDT,2024-01-18,0.4,0–20,0.0181,0.0,0.0,0.0,0.0,0.0,0.0,0.0,-0.078108,0,14.1,bottom 50%
SOLUSDT,2024-01-19,0.6,0–20,0.0324,0.0,0.0,0.0,0.0,0.0,0.0,0.0,-0.010106,0,15.9,bottom 50%
SOLUSDT,2024-01-20,0.9,0–20,0.0465,0.0,0.0,0.0,0.0,0.0,0.0,0.0,0.017213,1,18.3,bottom 50%
SOLUSDT,2024-01-21,1.5,0–20,0.0772,0.0,0.0,0.0,0.0,0.0,0.0,0.0,0.056022,1,22.8,bottom 50%
SOLUSDT,2024-01-22,5.9,0–20,0.1943,0.1375,0.0,0.0,0.0,0.0,0.0,0.0,0.214581,1,62.1,top 50%
SOLUSDT,2024-01-23,3.6,0–20,0.1797,0.0,0.0,0.0,0.0,0.0,0.0,0.0,0.204077,1,42.0,bottom 50%
SOLUSDT,2024-01-24,1.7,0–20,0.0827,0.0,0.0,0.0,0.0,0.0,0.0,0.0,0.093503,1,24.1,bottom 50%
SOLUSDT,2024-01-25,2.3,0–20,0.1151,0.0,0.0,0.0,0.0,0.0,0.0,0.0,0.126109,1,29.8,bottom 50%
SOLUSDT,2024-01-26,0.0,0–20,0.0003,0.0,0.0,0.0,0.0,0.0,0.0,0.0,0.08652,1,6.0,bottom 50%
SOLUSDT,2024-01-27,0.0,0–20,0.0,0.0,0.0,0.0,0.0,0.0,0.0,0.0,0.039472,1,6.0,bottom 50%
SOLUSDT,2024-01-28,0.0,0–20,0.0,0.0,0.0,0.0,0.0,0.0,0.0,0.0,-0.004805,0,6.0,bottom 50%
SOLUSDT,2024-01-29,0.0,0–20,0.0,0.0,0.0,0.0,0.0,0.0,0.0,0.0,-0.059252,0,6.0,bottom 50%
SOLUSDT,2024-01-30,0.0,0–20,0.0,0.0,0.0,0.0,0.0,0.0,0.0,0.0,-0.04545,0,6.0,bottom 50%
SOLUSDT,2024-01-31,0.0,0–20,0.0,0.0,0.0,0.0,0.0,0.0,0.0,0.0,0.040715,1,6.0,bottom 50%
SOLUSDT,2024-02-01,1.0,0–20,0.0,0.0,0.0,0.0,0.0,0.0,0.0,0.1383,0.050476,1,19.3,bottom 50%
SOLUSDT,2024-02-02,0.1,0–20,0.0,0.0,0.0,0.0,0.0,0.0,0.0,0.0114,0.064643,1,12.4,bottom 50%
SOLUSDT,2024-02-03,2.7,0–20,0.0,0.0,0.0,0.0,0.0,0.0,0.0,0.3805,0.114952,1,33.6,bottom 50%
SOLUSDT,2024-02-04,2.4,0–20,0.0,0.0,0.0,0.0,0.0,0.0,0.0,0.3477,0.125877,1,30.7,bottom 50%
SOLUSDT,2024-02-05,0.0,0–20,0.0,0.0,0.0,0.0,0.0,0.0,0.0,0.0,0.172102,1,6.0,bottom 50%
SOLUSDT,2024-02-06,0.0,0–20,0.0,0.0,0.0,0.0,0.0,0.0,0.0,0.0,0.162276,1,6.0,bottom 50%
SOLUSDT,2024-02-07,2.3,0–20,0.0,0.0,0.0,0.0,0.0,0.0,0.0,0.3301,0.158419,1,29.8,bottom 50%
SOLUSDT,2024-02-08,1.8,0–20,0.0,0.0,0.0,0.0,0.0,0.0,0.0,0.2527,0.10618,1,25.0,bottom 50%
SOLUSDT,2024-02-09,1.2,0–20,0.0,0.0,0.0,0.0,0.0,0.0,0.0,0.1759,0.032848,1,20.5,bottom 50%
SOLUSDT,2024-02-10,2.1,0–20,0.0,0.0,0.0,0.0,0.0,0.0,0.0,0.2955,-0.001351,0,27.7,bottom 50%
SOLUSDT,2024-02-11,6.1,0–20,0.0,0.0,0.0,0.0,0.0,0.0,0.0,0.8784,0.043531,1,63.6,top 50%
SOLUSDT,2024-02-12,7.0,0–20,0.0,0.0,0.0,0.0,0.0,0.0,0.0,1.0,-0.004531,0,77.4,top 25%
SOLUSDT,2024-02-13,6.1,0–20,0.0,0.0,0.0,0.0,0.0,0.0,0.0,0.8674,-0.036593,0,63.6,top 50%
SOLUSDT,2024-02-14,7.0,0–20,0.0,0.0,0.0,0.0,0.0,0.0,0.0,1.0,-0.101312,0,77.4,top 25%
SOLUSDT,2024-02-15,6.6,0–20,0.0,0.0,0.0,0.0,0.0,0.0,0.0,0.9405,-0.105802,0,66.9,top 50%
SOLUSDT,2024-02-16,5.1,0–20,0.0,0.0,0.0,0.0,0.0,0.0,0.0,0.7274,-0.09499,0,55.3,top 50%
SOLUSDT,2024-02-17,5.7,0–20,0.0,0.0,0.0,0.0,0.0,0.0,0.0,0.8142,-0.044506,0,60.7,top 50%
SOLUSDT,2024-02-18,3.8,0–20,0.0,0.0,0.0,0.0,0.0,0.0,0.0,0.5402,-0.077746,0,43.5,bottom 50%
SOLUSDT,2024-02-19,5.1,0–20,0.0,0.0,0.0,0.0,0.0,0.0,0.0,0.7281,-0.014054,0,55.3,top 50%
SOLUSDT,2024-02-20,5.7,0–20,0.0,0.0,0.0,0.0,0.0,0.0,0.0,0.8195,-0.00066,0,60.7,top 50%
SOLUSDT,2024-02-21,4.3,0–20,0.0,0.0,0.0,0.0,0.0,0.0,0.0,0.6128,0.122967,1,48.1,bottom 50%
SOLUSDT,2024-02-22,4.4,0–20,0.0824,0.0,0.0,0.0,0.0,0.0,0.0,0.3968,0.236469,1,48.9,bottom 50%
SOLUSDT,2024-02-23,7.0,0–20,0.1236,0.0,0.0,0.0,0.0,0.0,0.0,0.6507,0.300493,1,77.4,top 25%
SOLUSDT,2024-02-24,5.6,0–20,0.0052,0.0,0.0,0.0,0.0,0.0,0.0,0.7831,0.245518,1,59.8,top 50%
SOLUSDT,2024-02-25,5.0,0–20,0.0233,0.0,0.0,0.0,0.0,0.0,0.0,0.6444,0.260961,1,54.2,top 50%
SOLUSDT,2024-02-26,3.1,0–20,0.0,0.0,0.0,0.0,0.0,0.0,0.0,0.446,0.211757,1,37.0,bottom 50%
SOLUSDT,2024-02-27,0.3,0–20,0.0,0.0,0.0,0.0,0.0,0.0,0.0,0.0365,0.159783,1,13.5,bottom 50%
SOLUSDT,2024-02-28,0.0,0–20,0.0,0.0,0.0,0.0,0.0,0.0,0.0,0.0,0.107493,1,6.0,bottom 50%
SOLUSDT,2024-02-29,0.0,0–20,0.0,0.0,0.0,0.0,0.0,0.0,0.0,0.0,0.145304,1,6.0,bottom 50%
SOLUSDT,2024-03-01,0.0,0–20,0.0,0.0,0.0,0.0,0.0,0.0,0.0,0.0,0.117314,1,6.0,bottom 50%
SOLUSDT,2024-03-02,0.9,0–20,0.0,0.0,0.0,0.0,0.0,0.0,0.0,0.133,0.114935,1,18.3,bottom 50%
SOLUSDT,2024-03-03,0.0,0–20,0.0,0.0,0.0,0.0,0.0,0.0,0.0,0.0,0.107813,1,6.0,bottom 50%
SOLUSDT,2024-03-04,1.9,0–20,0.0,0.0,0.0,0.0,0.0,0.0,0.0,0.2742,0.116794,1,25.9,bottom 50%
SOLUSDT,2024-03-05,9.6,0–20,0.0,0.0,0.0,0.0,0.0,0.0,1.0,0.3734,0.201332,1,93.7,top 10%
SOLUSDT,2024-03-06,5.0,0–20,0.0,0.0,0.0,0.0,0.0,0.0,0.0,0.7205,0.253153,1,54.2,top 50%
SOLUSDT,2024-03-07,6.8,0–20,0.0,0.0,0.0,0.0,0.0,0.0,0.0,0.9676,0.227131,1,68.0,top 50%
SOLUSDT,2024-03-08,7.0,0–20,0.0,0.0,0.0,0.0,0.0,0.0,0.0,1.0,0.25974,1,77.4,top 25%
SOLUSDT,2024-03-09,7.0,0–20,0.0,0.0,0.0,0.0,0.0,0.0,0.0,1.0,0.257754,1,77.4,top 25%
SOLUSDT,2024-03-10,5.1,0–20,0.0,0.0,0.0,0.0,0.0,0.0,0.0,0.7332,0.398632,1,55.3,top 50%
SOLUSDT,2024-03-11,7.0,0–20,0.0,0.0,0.0,0.0,0.0,0.0,0.0,1.0,0.31759,1,77.4,top 25%
SOLUSDT,2024-03-12,7.0,0–20,0.0,0.0,0.0,0.0,0.0,0.0,0.0,1.0,0.125821,1,77.4,top 25%
SOLUSDT,2024-03-13,7.0,0–20,0.0,0.0,0.0,0.0,0.0,0.0,0.0,1.0,0.169127,1,77.4,top 25%
SOLUSDT,2024-03-14,7.0,0–20,0.0,0.0,0.0,0.0,0.0,0.0,0.0,1.0,0.014382,1,77.4,top 25%
SOLUSDT,2024-03-15,7.0,0–20,0.0,0.0,0.0,0.0,0.0,0.0,0.0,1.0,-0.047009,0,77.4,top 25%
SOLUSDT,2024-03-16,7.0,0–20,0.0,0.0,0.0,0.0,0.0,0.0,0.0,1.0,-0.049363,0,77.4,top 25%
SOLUSDT,2024-03-17,7.0,0–20,0.0,0.0,0.0,0.0,0.0,0.0,0.0,1.0,-0.091776,0,77.4,top 25%
SOLUSDT,2024-03-18,7.0,0–20,0.0,0.0,0.0,0.0,0.0,0.0,0.0,1.0,-0.035252,0,77.4,top 25%
SOLUSDT,2024-03-19,10.7,0–20,0.0,0.0,0.0,0.0,0.0,0.0,0.5256,1.0,0.121656,1,95.8,top 10%
SOLUSDT,2024-03-20,7.0,0–20,0.0,0.0,0.0,0.0,0.0,0.0,0.0,1.0,-0.027085,0,77.4,top 25%
SOLUSDT,2024-03-21,7.0,0–20,0.0,0.0,0.0,0.0,0.0,0.0,0.0,1.0,0.058034,1,77.4,top 25%
SOLUSDT,2024-03-22,7.0,0–20,0.0,0.0,0.0,0.0,0.0,0.0,0.0,1.0,0.102454,1,77.4,top 25%
SOLUSDT,2024-03-23,7.0,0–20,0.0,0.0,0.0,0.0,0.0,0.0,0.0,1.0,0.124251,1,77.4,top 25%
SOLUSDT,2024-03-24,7.0,0–20,0.0,0.0,0.0,0.0,0.0,0.0,0.0,1.0,0.105139,1,77.4,top 25%
SOLUSDT,2024-03-25,7.0,0–20,0.0,0.0,0.0,0.0,0.0,0.0,0.0,1.0,0.018427,1,77.4,top 25%
SOLUSDT,2024-03-26,7.0,0–20,0.0,0.0,0.0,0.0,0.0,0.0,0.0,1.0,-0.049961,0,77.4,top 25%
SOLUSDT,2024-03-27,7.0,0–20,0.0,0.0,0.0,0.0,0.0,0.0,0.0,1.0,-0.005971,0,77.4,top 25%
SOLUSDT,2024-03-28,7.0,0–20,0.0,0.0,0.0,0.0,0.0,0.0,0.0,1.0,-0.029867,0,77.4,top 25%
SOLUSDT,2024-03-29,7.0,0–20,0.0,0.0,0.0,0.0,0.0,0.0,0.0,1.0,-0.092216,0,77.4,top 25%
SOLUSDT,2024-03-30,7.0,0–20,0.0,0.0,0.0,0.0,0.0,0.0,0.0,1.0,-0.079585,0,77.4,top 25%
SOLUSDT,2024-03-31,7.0,0–20,0.0,0.0,0.0,0.0,0.0,0.0,0.0,1.0,-0.114476,0,77.4,top 25%
SOLUSDT,2024-04-01,7.0,0–20,0.0,0.0,0.0,0.0,0.0,0.0,0.0,1.0,-0.061189,0,77.4,top 25%
SOLUSDT,2024-04-02,5.3,0–20,0.0,0.0,0.0,0.0,0.0,0.0,0.0,0.7517,-0.048344,0,57.1,top 50%
SOLUSDT,2024-04-03,3.0,0–20,0.0,0.0,0.0,0.0,0.0,0.0,0.0,0.424,-0.063759,0,36.2,bottom 50%
SOLUSDT,2024-04-04,2.1,0–20,0.0,0.0,0.0,0.0,0.0,0.0,0.0,0.2954,-0.061871,0,27.7,bottom 50%
SOLUSDT,2024-04-05,6.0,0–20,0.0149,0.0,0.0,0.0,0.0,0.0,0.3199,0.4964,-0.119575,0,62.8,top 50%
SOLUSDT,2024-04-06,0.0,0–20,0.0,0.0,0.0,0.0,0.0,0.0,0.0,0.0,-0.221186,0,6.0,bottom 50%
SOLUSDT,2024-04-07,0.0,0–20,0.0,0.0,0.0,0.0,0.0,0.0,0.0,0.0,-0.15789,0,6.0,bottom 50%
SOLUSDT,2024-04-08,3.1,0–20,0.0,0.0,0.0,0.0,0.0,0.0,0.0,0.4372,-0.233848,0,37.0,bottom 50%
SOLUSDT,2024-04-09,1.0,0–20,0.0506,0.0,0.0,0.0,0.0,0.0,0.0,0.0,-0.209579,0,19.3,bottom 50%
SOLUSDT,2024-04-10,0.7,0–20,0.0367,0.0,0.0,0.0,0.0,0.0,0.0,0.0,-0.23969,0,16.6,bottom 50%
SOLUSDT,2024-04-11,1.8,0–20,0.0481,0.0,0.0,0.0,0.0,0.0,0.0,0.1259,-0.176698,0,25.0,bottom 50%
SOLUSDT,2024-04-12,13.4,0–20,0.2557,0.2517,0.0,0.0,0.0,0.0,0.4814,0.1669,-0.071305,0,97.7,top 10%
SOLUSDT,2024-04-13,18.7,0–20,0.3677,0.2901,0.0,0.0,0.0,0.0,1.0,0.0,0.084626,1,99.3,top 10%
SOLUSDT,2024-04-14,9.3,0–20,0.2045,0.0,0.0,0.0,0.0,0.0,0.7419,0.0,-0.017686,0,93.2,top 10%
SOLUSDT,2024-04-15,9.9,0–20,0.3007,0.0396,0.0,0.0,0.0,0.0,0.476,0.0,0.133729,1,94.5,top 10%
SOLUSDT,2024-04-16,6.3,0–20,0.3162,0.0,0.0,0.0,0.0,0.0,0.0,0.0,0.135178,1,65.4,top 50%
SOLUSDT,2024-04-17,6.9,0–20,0.3471,0.0,0.0,0.0,0.0,0.0,0.0,0.0,0.120417,1,68.5,top 50%
SOLUSDT,2024-04-18,4.2,0–20,0.2107,0.0,0.0,0.0,0.0,0.0,0.0,0.0,0.019775,1,47.0,bottom 50%
SOLUSDT,2024-04-19,4.1,0–20,0.203,0.0,0.0,0.0,0.0,0.0,0.0,0.0,-0.025064,0,46.0,bottom 50%
SOLUSDT,2024-04-20,1.9,0–20,0.0971,0.0,0.0,0.0,0.0,0.0,0.0,0.0,-0.065137,0,25.9,bottom 50%
SOLUSDT,2024-04-21,2.4,0–20,0.1219,0.0,0.0,0.0,0.0,0.0,0.0,0.0,-0.072357,0,30.7,bottom 50%
SOLUSDT,2024-04-22,0.4,0–20,0.0209,0.0,0.0,0.0,0.0,0.0,0.0,0.0,-0.122616,0,14.1,bottom 50%
SOLUSDT,2024-04-23,0.9,0–20,0.0465,0.0,0.0,0.0,0.0,0.0,0.0,0.0,-0.179304,0,18.3,bottom 50%
SOLUSDT,2024-04-24,2.4,0–20,0.1204,0.0,0.0,0.0,0.0,0.0,0.0,0.0,-0.088782,0,30.7,bottom 50%
SOLUSDT,2024-04-25,3.0,0–20,0.1495,0.0,0.0,0.0,0.0,0.0,0.0,0.0,-0.048848,0,36.2,bottom 50%
SOLUSDT,2024-04-26,4.1,0–20,0.2068,0.0,0.0,0.0,0.0,0.0,0.0,0.0,0.033559,1,46.0,bottom 50%
SOLUSDT,2024-04-27,3.5,0–20,0.1746,0.0,0.0,0.0,0.0,0.0,0.0,0.0,0.034298,1,41.1,bottom 50%
SOLUSDT,2024-04-28,4.2,0–20,0.2103,0.0,0.0,0.0,0.0,0.0,0.0,0.0,0.056991,1,47.0,bottom 50%
SOLUSDT,2024-04-29,4.2,0–20,0.2111,0.0,0.0,0.0,0.0,0.0,0.0,0.0,0.109059,1,47.0,bottom 50%
SOLUSDT,2024-04-30,6.4,0–20,0.3185,0.0,0.0,0.0,0.0,0.0,0.0,0.0,0.166755,1,66.0,top 50%
SOLUSDT,2024-05-01,3.9,0–20,0.1944,0.0,0.0,0.0,0.0,0.0,0.0,0.0,0.056948,1,44.3,bottom 50%
SOLUSDT,2024-05-02,2.9,0–20,0.1461,0.0,0.0,0.0,0.0,0.0,0.0,0.0,0.109099,1,35.4,bottom 50%
SOLUSDT,2024-05-03,1.2,0–20,0.0598,0.0,0.0,0.0,0.0,0.0,0.0,0.0,0.017002,1,20.5,bottom 50%
SOLUSDT,2024-05-04,0.5,0–20,0.0268,0.0,0.0,0.0,0.0,0.0,0.0,0.0,-0.005616,0,14.9,bottom 50%
SOLUSDT,2024-05-05,0.7,0–20,0.0326,0.0,0.0,0.0,0.0,0.0,0.0,0.0,-0.015045,0,16.6,bottom 50%
SOLUSDT,2024-05-06,0.0,0–20,0.0,0.0,0.0,0.0,0.0,0.0,0.0,0.0,-0.036126,0,6.0,bottom 50%
SOLUSDT,2024-05-07,1.7,0–20,0.001,0.0,0.0,0.0,0.0,0.0,0.0,0.2424,-0.041205,0,24.1,bottom 50%
SOLUSDT,2024-05-08,2.0,0–20,0.0809,0.0,0.0,0.0,0.0,0.0,0.0,0.0589,0.111684,1,26.7,bottom 50%
SOLUSDT,2024-05-09,0.9,0–20,0.0,0.0,0.0,0.0,0.0,0.0,0.0,0.1266,0.040998,1,18.3,bottom 50%
SOLUSDT,2024-05-10,0.5,0–20,0.0243,0.0,0.0,0.0,0.0,0.0,0.0,0.0,0.159446,1,14.9,bottom 50%
SOLUSDT,2024-05-11,1.7,0–20,0.0361,0.0,0.0,0.0,0.0,0.0,0.0,0.1342,0.187351,1,24.1,bottom 50%
SOLUSDT,2024-05-12,1.2,0–20,0.0604,0.0,0.0,0.0,0.0,0.0,0.0,0.0,0.185134,1,20.5,bottom 50%
SOLUSDT,2024-05-13,0.1,0–20,0.0032,0.0,0.0,0.0,0.0,0.0,0.0,0.0,0.266415,1,12.4,bottom 50%
SOLUSDT,2024-05-14,2.7,0–20,0.078,0.0,0.0,0.0,0.0,0.0,0.0,0.1605,0.254071,1,33.6,bottom 50%
SOLUSDT,2024-05-15,0.3,0–20,0.0,0.0,0.0,0.0,0.0,0.0,0.0,0.0495,0.11805,1,13.5,bottom 50%
SOLUSDT,2024-05-16,1.7,0–20,0.0,0.0,0.0,0.0,0.0,0.0,0.0,0.2444,0.106019,1,24.1,bottom 50%
SOLUSDT,2024-05-17,0.7,0–20,0.0,0.0,0.0,0.0,0.0,0.0,0.0,0.0933,-0.010226,0,16.6,bottom 50%
SOLUSDT,2024-05-18,2.8,0–20,0.0,0.0,0.0,0.0,0.0,0.0,0.0,0.4005,-0.023771,0,34.6,bottom 50%
SOLUSDT,2024-05-19,1.3,0–20,0.0,0.0,0.0,0.0,0.0,0.0,0.0,0.1849,-0.039628,0,21.4,bottom 50%
SOLUSDT,2024-05-20,7.0,0–20,0.0,0.0,0.0,0.0,0.0,0.0,0.0,1.0,-0.088593,0,77.4,top 25%
SOLUSDT,2024-05-21,7.0,0–20,0.0,0.0,0.0,0.0,0.0,0.0,0.0,1.0,-0.053141,0,77.4,top 25%
SOLUSDT,2024-05-22,7.0,0–20,0.0,0.0,0.0,0.0,0.0,0.0,0.0,1.0,-0.049689,0,77.4,top 25%
SOLUSDT,2024-05-23,10.8,0–20,0.0,0.0,0.0,0.0,0.0,0.0,0.5421,1.0,-0.051193,0,96.0,top 10%
SOLUSDT,2024-05-24,8.1,0–20,0.0,0.0,0.0,0.0,0.0,0.0,0.3472,0.8086,-0.012868,0,90.0,top 10%
SOLUSDT,2024-05-25,7.0,0–20,0.0,0.0,0.0,0.0,0.0,0.0,0.0,1.0,-0.01429,0,77.4,top 25%
SOLUSDT,2024-05-26,5.3,0–20,0.0,0.0,0.0,0.0,0.0,0.0,0.0,0.7597,-0.000618,0,57.1,top 50%
SOLUSDT,2024-05-27,6.5,0–20,0.0,0.0,0.0,0.0,0.0,0.0,0.0,0.932,-0.02984,0,66.5,top 50%
SOLUSDT,2024-05-28,7.0,0–20,0.0,0.0,0.0,0.0,0.0,0.0,0.0,1.0,0.018684,1,77.4,top 25%
SOLUSDT,2024-05-29,3.4,0–20,0.0,0.0,0.0,0.0,0.0,0.0,0.0,0.4897,0.03219,1,39.9,bottom 50%
SOLUSDT,2024-05-30,5.3,0–20,0.0,0.0,0.0,0.0,0.0,0.0,0.0,0.7533,0.018204,1,57.1,top 50%
SOLUSDT,2024-05-31,4.4,0–20,0.0,0.0,0.0,0.0,0.0,0.0,0.0,0.6293,-0.018901,0,48.9,bottom 50%
SOLUSDT,2024-06-01,6.3,0–20,0.0,0.0,0.0,0.0,0.0,0.0,0.0,0.9008,-0.048556,0,65.4,top 50%
SOLUSDT,2024-06-02,4.9,0–20,0.0016,0.0,0.0,0.0,0.0,0.0,0.0,0.7022,-0.007144,0,53.2,top 50%
SOLUSDT,2024-06-03,6.3,0–20,0.0,0.0,0.0,0.0,0.0,0.0,0.0,0.8996,-0.036353,0,65.4,top 50%
SOLUSDT,2024-06-04,2.0,0–20,0.0,0.0,0.0,0.0,0.0,0.0,0.0,0.2859,-0.130225,0,26.7,bottom 50%
SOLUSDT,2024-06-05,1.5,0–20,0.0,0.0,0.0,0.0,0.0,0.0,0.0,0.2146,-0.105517,0,22.8,bottom 50%
SOLUSDT,2024-06-06,0.0,0–20,0.0,0.0,0.0,0.0,0.0,0.0,0.0,0.0,-0.133527,0,6.0,bottom 50%
SOLUSDT,2024-06-07,0.9,0–20,0.0451,0.0,0.0,0.0,0.0,0.0,0.0,0.0,-0.119457,0,18.3,bottom 50%
SOLUSDT,2024-06-08,2.4,0–20,0.12,0.0,0.0,0.0,0.0,0.0,0.0,0.0,-0.079488,0,30.7,bottom 50%
SOLUSDT,2024-06-09,0.8,0–20,0.0403,0.0,0.0,0.0,0.0,0.0,0.0,0.0,-0.067608,0,17.3,bottom 50%
SOLUSDT,2024-06-10,1.9,0–20,0.0936,0.0,0.0,0.0,0.0,0.0,0.0,0.0,-0.098118,0,25.9,bottom 50%
SOLUSDT,2024-06-11,8.3,0–20,0.2318,0.2474,0.0,0.0,0.0,0.0,0.0,0.0,-0.079804,0,90.8,top 10%
SOLUSDT,2024-06-12,2.4,0–20,0.1204,0.0,0.0,0.0,0.0,0.0,0.0,0.0,-0.1261,0,30.7,bottom 50%
SOLUSDT,2024-06-13,6.2,0–20,0.2238,0.1128,0.0,0.0,0.0,0.0,0.0,0.0,-0.093959,0,64.5,top 50%
SOLUSDT,2024-06-14,7.1,0–20,0.2731,0.1117,0.0,0.0,0.0,0.0,0.0,0.0,-0.059444,0,86.3,top 25%
SOLUSDT,2024-06-15,4.5,0–20,0.227,0.0,0.0,0.0,0.0,0.0,0.0,0.0,-0.08075,0,49.7,bottom 50%
SOLUSDT,2024-06-16,2.4,0–20,0.1193,0.0,0.0,0.0,0.0,0.0,0.0,0.0,-0.149115,0,30.7,bottom 50%
SOLUSDT,2024-06-17,4.4,0–20,0.2199,0.0,0.0,0.0,0.0,0.0,0.0,0.0,-0.077392,0,48.9,bottom 50%
SOLUSDT,2024-06-18,9.9,0–20,0.2856,0.0,0.0,0.0,0.0,0.0,0.5938,0.0,-0.006871,0,94.5,top 10%
SOLUSDT,2024-06-19,6.1,0–20,0.3061,0.0,0.0,0.0,0.0,0.0,0.0,0.0,0.007371,1,63.6,top 50%
SOLUSDT,2024-06-20,6.6,0–20,0.3294,0.0,0.0,0.0,0.0,0.0,0.0,0.0,0.11969,1,66.9,top 50%
SOLUSDT,2024-06-21,6.1,0–20,0.3047,0.0,0.0,0.0,0.0,0.0,0.0,0.0,0.038006,1,63.6,top 50%
SOLUSDT,2024-06-22,6.3,0–20,0.316,0.0,0.0,0.0,0.0,0.0,0.0,0.0,0.047429,1,65.4,top 50%
SOLUSDT,2024-06-23,7.5,0–20,0.3761,0.0,0.0,0.0,0.0,0.0,0.0,0.0,0.139218,1,87.8,top 25%
SOLUSDT,2024-06-24,5.8,0–20,0.2884,0.0,0.0,0.0,0.0,0.0,0.0,0.0,0.108541,1,61.4,top 50%
SOLUSDT,2024-06-25,3.8,0–20,0.1917,0.0,0.0,0.0,0.0,0.0,0.0,0.0,0.125523,1,43.5,bottom 50%
SOLUSDT,2024-06-26,3.8,0–20,0.1906,0.0,0.0,0.0,0.0,0.0,0.0,0.0,0.030176,1,43.5,bottom 50%
SOLUSDT,2024-06-27,0.0,0–20,0.0,0.0,0.0,0.0,0.0,0.0,0.0,0.0,-0.146523,0,6.0,bottom 50%
SOLUSDT,2024-06-28,2.0,0–20,0.0975,0.0,0.0,0.0,0.0,0.0,0.0,0.0,-0.038181,0,26.7,bottom 50%
SOLUSDT,2024-06-29,1.8,0–20,0.0922,0.0,0.0,0.0,0.0,0.0,0.0,0.0,0.023077,1,25.0,bottom 50%
SOLUSDT,2024-06-30,0.0,0–20,0.0,0.0,0.0,0.0,0.0,0.0,0.0,0.0,-0.100472,0,6.0,bottom 50%
SOLUSDT,2024-07-01,0.0,0–20,0.0,0.0,0.0,0.0,0.0,0.0,0.0,0.0,-0.048647,0,6.0,bottom 50%
SOLUSDT,2024-07-02,0.0,0–20,0.0,0.0,0.0,0.0,0.0,0.0,0.0,0.0,-0.080364,0,6.0,bottom 50%
SOLUSDT,2024-07-03,3.5,0–20,0.0755,0.0,0.0,0.0,0.0,0.0,0.2904,0.0,0.008835,1,41.1,bottom 50%
SOLUSDT,2024-07-04,9.1,0–20,0.228,0.0,0.0,0.0,0.0,0.0,0.6484,0.0,0.065326,1,92.8,top 10%
SOLUSDT,2024-07-05,8.9,0–20,0.1247,0.0,0.0,0.0,0.0,0.0,0.8796,0.0341,0.038392,1,92.1,top 10%
SOLUSDT,2024-07-06,0.1,0–20,0.006,0.0,0.0,0.0,0.0,0.0,0.0,0.0,-0.009189,0,12.4,bottom 50%
SOLUSDT,2024-07-07,4.8,0–20,0.1333,0.0,0.0,0.0,0.0,0.0,0.0,0.31,0.120268,1,52.3,top 50%
SOLUSDT,2024-07-08,1.6,0–20,0.0374,0.0,0.0,0.0,0.0,0.0,0.0,0.1163,0.146779,1,23.4,bottom 50%
SOLUSDT,2024-07-09,0.3,0–20,0.0147,0.0,0.0,0.0,0.0,0.0,0.0,0.0,0.135859,1,13.5,bottom 50%
SOLUSDT,2024-07-10,0.4,0–20,0.0068,0.0,0.0,0.0,0.0,0.0,0.0,0.0355,0.095857,1,14.1,bottom 50%
SOLUSDT,2024-07-11,3.8,0–20,0.0815,0.0,0.0,0.0,0.0,0.0,0.0,0.3049,0.170655,1,43.5,bottom 50%
SOLUSDT,2024-07-12,0.6,0–20,0.0315,0.0,0.0,0.0,0.0,0.0,0.0,0.0,0.212558,1,15.9,bottom 50%
SOLUSDT,2024-07-13,3.0,0–20,0.0,0.0,0.0,0.0,0.0,0.0,0.0,0.4302,0.225237,1,36.2,bottom 50%
SOLUSDT,2024-07-14,2.5,0–20,0.0,0.0,0.0,0.0,0.0,0.0,0.0,0.3596,0.250093,1,31.9,bottom 50%
SOLUSDT,2024-07-15,1.6,0–20,0.0,0.0,0.0,0.0,0.0,0.0,0.0,0.2234,0.119076,1,23.4,bottom 50%
SOLUSDT,2024-07-16,0.0,0–20,0.0,0.0,0.0,0.0,0.0,0.0,0.0,0.0,0.076023,1,6.0,bottom 50%
SOLUSDT,2024-07-17,0.0,0–20,0.0,0.0,0.0,0.0,0.0,0.0,0.0,0.0,0.144283,1,6.0,bottom 50%
SOLUSDT,2024-07-18,0.6,0–20,0.0,0.0,0.0,0.0,0.0,0.0,0.0,0.0891,0.081036,1,15.9,bottom 50%
SOLUSDT,2024-07-19,2.2,0–20,0.0,0.0,0.0,0.0,0.0,0.0,0.0,0.3116,0.082459,1,28.8,bottom 50%
SOLUSDT,2024-07-20,3.5,0–20,0.0,0.0,0.0,0.0,0.0,0.0,0.0,0.4988,0.05862,1,41.1,bottom 50%
SOLUSDT,2024-07-21,3.8,0–20,0.0,0.0,0.0,0.0,0.0,0.0,0.0,0.5472,0.001867,1,43.5,bottom 50%
SOLUSDT,2024-07-22,0.5,0–20,0.0,0.0,0.0,0.0,0.0,0.0,0.0,0.0705,0.021245,1,14.9,bottom 50%
SOLUSDT,2024-07-23,5.0,0–20,0.0,0.0,0.0,0.0,0.0,0.0,0.0,0.7077,0.036755,1,54.2,top 50%
SOLUSDT,2024-07-24,7.0,0–20,0.0,0.0,0.0,0.0,0.0,0.0,0.0,1.0,-0.03486,0,77.4,top 25%
SOLUSDT,2024-07-25,9.9,0–20,0.0,0.0,0.0,0.0,0.0,0.0,0.4129,1.0,-0.024953,0,94.5,top 10%
SOLUSDT,2024-07-26,7.0,0–20,0.0,0.0,0.0,0.0,0.0,0.0,0.0,1.0,-0.166534,0,77.4,top 25%
SOLUSDT,2024-07-27,7.0,0–20,0.0,0.0,0.0,0.0,0.0,0.0,0.0,1.0,-0.22361,0,77.4,top 25%
SOLUSDT,2024-07-28,7.0,0–20,0.0,0.0,0.0,0.0,0.0,0.0,0.0,1.0,-0.253296,0,77.4,top 25%
SOLUSDT,2024-07-29,7.0,0–20,0.0,0.0,0.0,0.0,0.0,0.0,0.0,1.0,-0.289507,0,77.4,top 25%
SOLUSDT,2024-07-30,7.0,0–20,0.0,0.0,0.0,0.0,0.0,0.0,0.0,1.0,-0.195508,0,77.4,top 25%
SOLUSDT,2024-07-31,7.0,0–20,0.0,0.0,0.0,0.0,0.0,0.0,0.0,1.0,-0.158265,0,77.4,top 25%
SOLUSDT,2024-08-01,10.7,0–20,0.0,0.0,0.0,0.0,0.0,0.0,0.5248,1.0,-0.028278,0,95.8,top 10%
SOLUSDT,2024-08-02,15.1,0–20,0.1645,0.0,0.0,0.0,0.0,0.0,0.6939,1.0,0.02502,1,98.2,top 10%
SOLUSDT,2024-08-03,13.2,0–20,0.2577,0.0989,0.0,0.0,0.0,0.0,0.0,0.9311,0.077225,1,97.6,top 10%
SOLUSDT,2024-08-04,15.5,0–20,0.2998,0.0865,0.0,0.0,0.0,0.0,0.7133,0.462,0.025148,1,98.3,top 10%
SOLUSDT,2024-08-05,17.8,0–20,0.365,0.1066,0.0,0.0,0.0,0.0,1.0,0.2654,0.127748,1,99.1,top 10%
SOLUSDT,2024-08-06,5.6,0–20,0.1624,0.0,0.0,0.0,0.0,0.0,0.0,0.3338,0.018199,1,59.8,top 50%
SOLUSDT,2024-08-07,3.1,0–20,0.1553,0.0,0.0,0.0,0.0,0.0,0.0,0.0,-0.0049,0,37.0,bottom 50%
SOLUSDT,2024-08-08,0.0,0–20,0.0,0.0,0.0,0.0,0.0,0.0,0.0,0.0,-0.123887,0,6.0,bottom 50%
SOLUSDT,2024-08-09,0.3,0–20,0.0146,0.0,0.0,0.0,0.0,0.0,0.0,0.0,-0.109465,0,13.5,bottom 50%
SOLUSDT,2024-08-10,0.8,0–20,0.0403,0.0,0.0,0.0,0.0,0.0,0.0,0.0,-0.078986,0,17.3,bottom 50%
SOLUSDT,2024-08-11,3.2,0–20,0.1578,0.0,0.0,0.0,0.0,0.0,0.0,0.0,0.00749,1,37.9,bottom 50%
SOLUSDT,2024-08-12,2.0,0–20,0.1003,0.0,0.0,0.0,0.0,0.0,0.0,0.0,-0.014411,0,26.7,bottom 50%
SOLUSDT,2024-08-13,1.9,0–20,0.0972,0.0,0.0,0.0,0.0,0.0,0.0,0.0,-0.024163,0,25.9,bottom 50%
SOLUSDT,2024-08-14,2.5,0–20,0.1256,0.0,0.0,0.0,0.0,0.0,0.0,0.0,-0.008434,0,31.9,bottom 50%
SOLUSDT,2024-08-15,2.8,0–20,0.138,0.0,0.0,0.0,0.0,0.0,0.0,0.0,0.003588,1,34.6,bottom 50%
SOLUSDT,2024-08-16,3.5,0–20,0.1744,0.0,0.0,0.0,0.0,0.0,0.0,0.0,0.098877,1,41.1,bottom 50%
SOLUSDT,2024-08-17,2.7,0–20,0.137,0.0,0.0,0.0,0.0,0.0,0.0,0.0,0.133522,1,33.6,bottom 50%
SOLUSDT,2024-08-18,2.5,0–20,0.1247,0.0,0.0,0.0,0.0,0.0,0.0,0.0,0.114472,1,31.9,bottom 50%
SOLUSDT,2024-08-19,1.9,0–20,0.0962,0.0,0.0,0.0,0.0,0.0,0.0,0.0,0.089323,1,25.9,bottom 50%
SOLUSDT,2024-08-20,2.2,0–20,0.1124,0.0,0.0,0.0,0.0,0.0,0.0,0.0,0.026049,1,28.8,bottom 50%
SOLUSDT,2024-08-21,2.4,0–20,0.119,0.0,0.0,0.0,0.0,0.0,0.0,0.0,0.008281,1,30.7,bottom 50%
SOLUSDT,2024-08-22,2.2,0–20,0.1084,0.0,0.0,0.0,0.0,0.0,0.0,0.0,-0.022365,0,28.8,bottom 50%
SOLUSDT,2024-08-23,0.0,0–20,0.0,0.0,0.0,0.0,0.0,0.0,0.0,0.0,-0.098017,0,6.0,bottom 50%
SOLUSDT,2024-08-24,1.8,0–20,0.0,0.0,0.0,0.0,0.0,0.0,0.0,0.2536,-0.157763,0,25.0,bottom 50%
SOLUSDT,2024-08-25,4.0,0–20,0.0,0.0,0.0,0.0,0.0,0.0,0.0,0.5685,-0.190163,0,45.2,bottom 50%
SOLUSDT,2024-08-26,0.0,0–20,0.0,0.0,0.0,0.0,0.0,0.0,0.0,0.0,-0.141408,0,6.0,bottom 50%
SOLUSDT,2024-08-27,1.3,0–20,0.0652,0.0,0.0,0.0,0.0,0.0,0.0,0.0,-0.131517,0,21.4,bottom 50%
SOLUSDT,2024-08-28,2.2,0–20,0.1085,0.0,0.0,0.0,0.0,0.0,0.0,0.0,-0.071495,0,28.8,bottom 50%
SOLUSDT,2024-08-29,4.1,0–20,0.1619,0.0,0.0,0.0,0.0,0.0,0.0,0.119,-0.076578,0,46.0,bottom 50%
SOLUSDT,2024-08-30,4.7,0–20,0.1886,0.0,0.0,0.0,0.0,0.0,0.0,0.1397,-0.094931,0,51.5,top 50%
SOLUSDT,2024-08-31,7.9,0–20,0.2256,0.0,0.0,0.0,0.0,0.0,0.0,0.4778,-0.05653,0,89.1,top 25%
SOLUSDT,2024-09-01,6.5,0–20,0.3088,0.0156,0.0,0.0,0.0,0.0,0.0,0.0132,0.010094,1,66.5,top 50%
SOLUSDT,2024-09-02,3.6,0–20,0.1798,0.0,0.0,0.0,0.0,0.0,0.0,0.0,0.000172,1,42.0,bottom 50%
SOLUSDT,2024-09-03,5.4,0–20,0.2708,0.0,0.0,0.0,0.0,0.0,0.0,0.0,0.063159,1,58.0,top 50%
SOLUSDT,2024-09-04,3.2,0–20,0.1585,0.0,0.0,0.0,0.0,0.0,0.0,0.0,-0.008282,0,37.9,bottom 50%
SOLUSDT,2024-09-05,4.2,0–20,0.2117,0.0,0.0,0.0,0.0,0.0,0.0,0.0,0.052679,1,47.0,bottom 50%
SOLUSDT,2024-09-06,7.7,0–20,0.2627,0.0,0.0,0.0,0.0,0.0,0.3485,0.0,0.112893,1,88.4,top 25%
SOLUSDT,2024-09-07,4.2,0–20,0.2097,0.0,0.0,0.0,0.0,0.0,0.0,0.0,0.074053,1,47.0,bottom 50%
SOLUSDT,2024-09-08,3.3,0–20,0.1659,0.0,0.0,0.0,0.0,0.0,0.0,0.0,0.011615,1,38.9,bottom 50%
SOLUSDT,2024-09-09,1.5,0–20,0.073,0.0,0.0,0.0,0.0,0.0,0.0,0.0,-0.026314,0,22.8,bottom 50%
SOLUSDT,2024-09-10,1.2,0–20,0.0619,0.0,0.0,0.0,0.0,0.0,0.0,0.0,-0.030214,0,20.5,bottom 50%
SOLUSDT,2024-09-11,2.3,0–20,0.1125,0.0,0.0,0.0,0.0,0.0,0.0,0.0,0.011279,1,29.8,bottom 50%
SOLUSDT,2024-09-12,0.8,0–20,0.0422,0.0,0.0,0.0,0.0,0.0,0.0,0.0,0.049172,1,17.3,bottom 50%
SOLUSDT,2024-09-13,0.0,0–20,0.0,0.0,0.0,0.0,0.0,0.0,0.0,0.0,0.053675,1,6.0,bottom 50%
SOLUSDT,2024-09-14,0.5,0–20,0.0234,0.0,0.0,0.0,0.0,0.0,0.0,0.0,0.090008,1,14.9,bottom 50%
SOLUSDT,2024-09-15,2.4,0–20,0.1221,0.0,0.0,0.0,0.0,0.0,0.0,0.0,0.101174,1,30.7,bottom 50%
SOLUSDT,2024-09-16,2.5,0–20,0.1226,0.0,0.0,0.0,0.0,0.0,0.0,0.0,0.101484,1,31.9,bottom 50%
SOLUSDT,2024-09-17,2.4,0–20,0.1211,0.0,0.0,0.0,0.0,0.0,0.0,0.0,0.16235,1,30.7,bottom 50%
SOLUSDT,2024-09-18,1.3,0–20,0.0632,0.0,0.0,0.0,0.0,0.0,0.0,0.0,0.10472,1,21.4,bottom 50%
SOLUSDT,2024-09-19,0.0,0–20,0.0,0.0,0.0,0.0,0.0,0.0,0.0,0.0,0.089192,1,6.0,bottom 50%
SOLUSDT,2024-09-20,0.0,0–20,0.0,0.0,0.0,0.0,0.0,0.0,0.0,0.0,0.076301,1,6.0,bottom 50%
SOLUSDT,2024-09-21,0.9,0–20,0.0,0.0,0.0,0.0,0.0,0.0,0.0,0.1229,0.049392,1,18.3,bottom 50%
SOLUSDT,2024-09-22,0.0,0–20,0.0,0.0,0.0,0.0,0.0,0.0,0.0,0.0,0.095478,1,6.0,bottom 50%
SOLUSDT,2024-09-23,1.9,0–20,0.0,0.0,0.0,0.0,0.0,0.0,0.0,0.2717,0.053886,1,25.9,bottom 50%
SOLUSDT,2024-09-24,2.6,0–20,0.0,0.0,0.0,0.0,0.0,0.0,0.0,0.3698,-0.049723,0,32.7,bottom 50%
SOLUSDT,2024-09-25,4.7,0–20,0.0,0.0,0.0,0.0,0.0,0.0,0.0,0.6731,-0.051599,0,51.5,top 50%
SOLUSDT,2024-09-26,7.0,0–20,0.0,0.0,0.0,0.0,0.0,0.0,0.0,1.0,-0.120783,0,77.4,top 25%
SOLUSDT,2024-09-27,5.1,0–20,0.0,0.0,0.0,0.0,0.0,0.0,0.0,0.7285,-0.09241,0,55.3,top 50%
SOLUSDT,2024-09-28,4.3,0–20,0.0,0.0,0.0,0.0,0.0,0.0,0.0,0.6179,-0.090501,0,48.1,bottom 50%
SOLUSDT,2024-09-29,4.8,0–20,0.0,0.0,0.0,0.0,0.0,0.0,0.0,0.6864,-0.076826,0,52.3,top 50%
SOLUSDT,2024-09-30,3.3,0–20,0.0,0.0,0.0,0.0,0.0,0.0,0.0,0.4708,-0.056524,0,38.9,bottom 50%
SOLUSDT,2024-10-01,9.9,0–20,0.0079,0.0,0.0,0.0,0.0,0.0,0.5807,0.8133,-0.013046,0,94.5,top 10%
SOLUSDT,2024-10-02,10.3,0–20,0.0919,0.0,0.0,0.0,0.0,0.0,0.5041,0.7062,-0.007622,0,95.3,top 10%
SOLUSDT,2024-10-03,6.9,0–20,0.1489,0.0,0.0,0.0,0.0,0.0,0.0,0.5581,0.015376,1,68.5,top 50%
SOLUSDT,2024-10-04,5.5,0–20,0.0259,0.0,0.0,0.0,0.0,0.0,0.0,0.7056,0.015428,1,58.8,top 50%
SOLUSDT,2024-10-05,5.9,0–20,0.0339,0.0,0.0,0.0,0.0,0.0,0.0,0.7509,0.026547,1,62.1,top 50%
SOLUSDT,2024-10-06,3.7,0–20,0.0,0.0,0.0,0.0,0.0,0.0,0.0,0.5297,0.007717,1,42.7,bottom 50%
SOLUSDT,2024-10-07,2.6,0–20,0.0115,0.0,0.0,0.0,0.0,0.0,0.0,0.345,0.093431,1,32.7,bottom 50%
SOLUSDT,2024-10-08,1.2,0–20,0.0231,0.0,0.0,0.0,0.0,0.0,0.0,0.1093,0.078986,1,20.5,bottom 50%
SOLUSDT,2024-10-09,2.1,0–20,0.1008,0.0,0.0,0.0,0.0,0.0,0.0,0.0114,0.107086,1,27.7,bottom 50%
SOLUSDT,2024-10-10,2.2,0–20,0.1088,0.0,0.0,0.0,0.0,0.0,0.0,0.0,0.082279,1,28.8,bottom 50%
SOLUSDT,2024-10-11,0.0,0–20,0.0,0.0,0.0,0.0,0.0,0.0,0.0,0.0,0.065997,1,6.0,bottom 50%
SOLUSDT,2024-10-12,0.0,0–20,0.0,0.0,0.0,0.0,0.0,0.0,0.0,0.0,0.089686,1,6.0,bottom 50%
SOLUSDT,2024-10-13,0.0,0–20,0.0,0.0,0.0,0.0,0.0,0.0,0.0,0.0,0.13124,1,6.0,bottom 50%
SOLUSDT,2024-10-14,0.0,0–20,0.0,0.0,0.0,0.0,0.0,0.0,0.0,0.0,0.055713,1,6.0,bottom 50%
SOLUSDT,2024-10-15,0.0,0–20,0.0,0.0,0.0,0.0,0.0,0.0,0.0,0.0,0.081046,1,6.0,bottom 50%
SOLUSDT,2024-10-16,0.0,0–20,0.0,0.0,0.0,0.0,0.0,0.0,0.0,0.0,0.108266,1,6.0,bottom 50%
SOLUSDT,2024-10-17,0.0,0–20,0.0,0.0,0.0,0.0,0.0,0.0,0.0,0.0,0.178563,1,6.0,bottom 50%
SOLUSDT,2024-10-18,0.0,0–20,0.0,0.0,0.0,0.0,0.0,0.0,0.0,0.0,0.063113,1,6.0,bottom 50%
SOLUSDT,2024-10-19,0.0,0–20,0.0,0.0,0.0,0.0,0.0,0.0,0.0,0.0,0.069323,1,6.0,bottom 50%
SOLUSDT,2024-10-20,0.5,0–20,0.0,0.0,0.0,0.0,0.0,0.0,0.0,0.0743,0.057562,1,14.9,bottom 50%
SOLUSDT,2024-10-21,2.3,0–20,0.0,0.0,0.0,0.0,0.0,0.0,0.0,0.3317,0.071521,1,29.8,bottom 50%
SOLUSDT,2024-10-22,2.8,0–20,0.0,0.0,0.0,0.0,0.0,0.0,0.0,0.3936,0.072346,1,34.6,bottom 50%
SOLUSDT,2024-10-23,5.1,0–20,0.0,0.0,0.0,0.0,0.0,0.0,0.0,0.7334,0.023357,1,55.3,top 50%
SOLUSDT,2024-10-24,4.5,0–20,0.0,0.0,0.0,0.0,0.0,0.0,0.0,0.6382,-0.049261,0,49.7,bottom 50%
SOLUSDT,2024-10-25,5.9,0–20,0.0,0.0,0.0,0.0,0.0,0.0,0.0,0.8377,0.009136,1,62.1,top 50%
SOLUSDT,2024-10-26,4.9,0–20,0.0,0.0,0.0,0.0,0.0,0.0,0.0,0.6934,-0.027507,0,53.2,top 50%
SOLUSDT,2024-10-27,6.0,0–20,0.0,0.0,0.0,0.0,0.0,0.0,0.0,0.8528,-0.079286,0,62.8,top 50%
SOLUSDT,2024-10-28,7.0,0–20,0.0,0.0,0.0,0.0,0.0,0.0,0.0,1.0,-0.114302,0,77.4,top 25%
SOLUSDT,2024-10-29,7.0,0–20,0.0,0.0,0.0,0.0,0.0,0.0,0.0,1.0,-0.070463,0,77.4,top 25%
SOLUSDT,2024-10-30,6.9,0–20,0.0,0.0,0.0,0.0,0.0,0.0,0.0,0.9887,0.068771,1,68.5,top 50%
SOLUSDT,2024-10-31,6.0,0–20,0.0,0.0,0.0,0.0,0.0,0.0,0.0,0.8594,0.165675,1,62.8,top 50%
SOLUSDT,2024-11-01,6.8,0–20,0.0,0.0,0.0,0.0,0.0,0.0,0.0,0.9658,0.202553,1,68.0,top 50%
SOLUSDT,2024-11-02,6.7,0–20,0.0,0.0,0.0,0.0,0.0,0.0,0.0,0.9642,0.205918,1,67.5,top 50%
SOLUSDT,2024-11-03,4.6,0–20,0.0079,0.0,0.0,0.0,0.0,0.0,0.0,0.6308,0.295675,1,50.6,top 50%
SOLUSDT,2024-11-04,6.0,0–20,0.095,0.0,0.0,0.0,0.0,0.0,0.0,0.5888,0.411384,1,62.8,top 50%
SOLUSDT,2024-11-05,3.2,0–20,0.0,0.0,0.0,0.0,0.0,0.0,0.0,0.4555,0.272965,1,37.9,bottom 50%
SOLUSDT,2024-11-06,4.2,0–20,0.0,0.0,0.0,0.0,0.0,0.0,0.0,0.5964,0.150998,1,47.0,bottom 50%
SOLUSDT,2024-11-07,2.9,0–20,0.0,0.0,0.0,0.0,0.0,0.0,0.0,0.421,0.065625,1,35.4,bottom 50%
SOLUSDT,2024-11-08,0.8,0–20,0.0,0.0,0.0,0.0,0.0,0.0,0.0,0.1122,0.090807,1,17.3,bottom 50%
SOLUSDT,2024-11-09,0.0,0–20,0.0,0.0,0.0,0.0,0.0,0.0,0.0,0.0,0.078193,1,6.0,bottom 50%
SOLUSDT,2024-11-10,0.1,0–20,0.0,0.0,0.0,0.0,0.0,0.0,0.0,0.0192,0.128015,1,12.4,bottom 50%
SOLUSDT,2024-11-11,4.9,0–20,0.0,0.0,0.0,0.0,0.0,0.0,0.0,0.7011,0.077041,1,53.2,top 50%
SOLUSDT,2024-11-12,5.6,0–20,0.0,0.0,0.0,0.0,0.0,0.0,0.0,0.8032,0.121875,1,59.8,top 50%
SOLUSDT,2024-11-13,4.8,0–20,0.0,0.0,0.0,0.0,0.0,0.0,0.0,0.692,0.094055,1,52.3,top 50%
SOLUSDT,2024-11-14,10.2,0–20,0.0,0.0,0.0,0.0,0.0,0.0,0.4537,1.0,0.228692,1,95.1,top 10%
SOLUSDT,2024-11-15,7.0,0–20,0.0,0.0,0.0,0.0,0.0,0.0,0.0,1.0,0.176179,1,77.4,top 25%
SOLUSDT,2024-11-16,7.0,0–20,0.0,0.0,0.0,0.0,0.0,0.0,0.0,1.0,0.182209,1,77.4,top 25%
SOLUSDT,2024-11-17,7.0,0–20,0.0,0.0,0.0,0.0,0.0,0.0,0.0,1.0,0.064586,1,77.4,top 25%
SOLUSDT,2024-11-18,7.0,0–20,0.0,0.0,0.0,0.0,0.0,0.0,0.0,1.0,-0.022301,0,77.4,top 25%
SOLUSDT,2024-11-19,7.0,0–20,0.0,0.0,0.0,0.0,0.0,0.0,0.0,1.0,-0.029901,0,77.4,top 25%
SOLUSDT,2024-11-20,7.0,0–20,0.0,0.0,0.0,0.0,0.0,0.0,0.0,1.0,0.029218,1,77.4,top 25%
SOLUSDT,2024-11-21,7.0,0–20,0.0,0.0,0.0,0.0,0.0,0.0,0.0,1.0,-0.075085,0,77.4,top 25%
SOLUSDT,2024-11-22,7.0,0–20,0.0,0.0,0.0,0.0,0.0,0.0,0.0,1.0,-0.050558,0,77.4,top 25%
SOLUSDT,2024-11-23,7.0,0–20,0.0,0.0,0.0,0.0,0.0,0.0,0.0,1.0,-0.068324,0,77.4,top 25%
SOLUSDT,2024-11-24,7.0,0–20,0.0,0.0,0.0,0.0,0.0,0.0,0.0,1.0,-0.062667,0,77.4,top 25%
SOLUSDT,2024-11-25,7.0,0–20,0.0,0.0,0.0,0.0,0.0,0.0,0.0,1.0,-0.037068,0,77.4,top 25%
SOLUSDT,2024-11-26,7.0,0–20,0.0,0.0,0.0,0.0,0.0,0.0,0.0,1.0,0.01395,1,77.4,top 25%
SOLUSDT,2024-11-27,7.0,0–20,0.0,0.0,0.0,0.0,0.0,0.0,0.0,1.0,-0.054407,0,77.4,top 25%
SOLUSDT,2024-11-28,7.0,0–20,0.0,0.0,0.0,0.0,0.0,0.0,0.0,1.0,-0.015836,0,77.4,top 25%
SOLUSDT,2024-11-29,7.0,0–20,0.0,0.0,0.0,0.0,0.0,0.0,0.0,1.0,-0.026682,0,77.4,top 25%
SOLUSDT,2024-11-30,4.0,0–20,0.0,0.0,0.0,0.0,0.0,0.0,0.0,0.5738,0.003383,1,45.2,bottom 50%
SOLUSDT,2024-12-01,1.3,0–20,0.0,0.0,0.0,0.0,0.0,0.0,0.0,0.1922,-0.001677,0,21.4,bottom 50%
SOLUSDT,2024-12-02,4.6,0–20,0.0,0.0,0.0,0.0,0.0,0.0,0.0,0.6601,-0.037274,0,50.6,top 50%
SOLUSDT,2024-12-03,3.6,0–20,0.0,0.0,0.0,0.0,0.0,0.0,0.0,0.5168,-0.087001,0,42.0,bottom 50%
SOLUSDT,2024-12-04,5.4,0–20,0.0,0.0,0.0,0.0,0.0,0.0,0.0,0.7718,-0.007299,0,58.0,top 50%
SOLUSDT,2024-12-05,3.1,0–20,0.0,0.0,0.0,0.0,0.0,0.0,0.0,0.4434,-0.029795,0,37.0,bottom 50%
SOLUSDT,2024-12-06,3.4,0–20,0.0,0.0,0.0,0.0,0.0,0.0,0.0,0.4915,-0.051524,0,39.9,bottom 50%
SOLUSDT,2024-12-07,0.0,0–20,0.0,0.0,0.0,0.0,0.0,0.0,0.0,0.0,-0.078421,0,6.0,bottom 50%
SOLUSDT,2024-12-08,0.0,0–20,0.0,0.0,0.0,0.0,0.0,0.0,0.0,0.0,-0.05499,0,6.0,bottom 50%
SOLUSDT,2024-12-09,5.8,0–20,0.1189,0.0228,0.0,0.0,0.0,0.0,0.4428,0.0,-0.004631,0,61.4,top 50%
SOLUSDT,2024-12-10,6.6,0–20,0.1535,0.01,0.0,0.0,0.0,0.0,0.4784,0.0,0.042054,1,66.9,top 50%
SOLUSDT,2024-12-11,0.0,0–20,0.0,0.0,0.0,0.0,0.0,0.0,0.0,0.0,-0.092615,0,6.0,bottom 50%
SOLUSDT,2024-12-12,0.0,0–20,0.0,0.0,0.0,0.0,0.0,0.0,0.0,0.0,-0.144222,0,6.0,bottom 50%
SOLUSDT,2024-12-13,0.4,0–20,0.0215,0.0,0.0,0.0,0.0,0.0,0.0,0.0,-0.136228,0,14.1,bottom 50%
SOLUSDT,2024-12-14,1.6,0–20,0.079,0.0,0.0,0.0,0.0,0.0,0.0,0.0,-0.175306,0,23.4,bottom 50%
SOLUSDT,2024-12-15,0.6,0–20,0.0292,0.0,0.0,0.0,0.0,0.0,0.0,0.0,-0.194443,0,15.9,bottom 50%
SOLUSDT,2024-12-16,2.3,0–20,0.1137,0.0,0.0,0.0,0.0,0.0,0.0,0.0,-0.122871,0,29.8,bottom 50%
SOLUSDT,2024-12-17,0.6,0–20,0.0284,0.0,0.0,0.0,0.0,0.0,0.0,0.0,-0.115915,0,15.9,bottom 50%
SOLUSDT,2024-12-18,4.8,0–20,0.1965,0.0606,0.0,0.0,0.0,0.0,0.0,0.0,-0.043137,0,52.3,top 50%
SOLUSDT,2024-12-19,12.7,0–20,0.2934,0.2232,0.0,0.0,0.0,0.0,0.4972,0.0,-0.031224,0,97.4,top 10%
SOLUSDT,2024-12-20,11.6,0–20,0.294,0.067,0.0,0.0,0.0,0.0,0.6696,0.0,-0.053446,0,96.7,top 10%
SOLUSDT,2024-12-21,10.2,0–20,0.3856,0.1634,0.0,0.0,0.0,0.0,0.0,0.0,0.075631,1,95.1,top 10%
SOLUSDT,2024-12-22,8.4,0–20,0.3931,0.0354,0.0,0.0,0.0,0.0,0.0,0.0,0.053147,1,91.1,top 10%
SOLUSDT,2024-12-23,5.1,0–20,0.2546,0.0,0.0,0.0,0.0,0.0,0.0,0.0,0.006716,1,55.3,top 50%
SOLUSDT,2024-12-24,3.2,0–20,0.1607,0.0,0.0,0.0,0.0,0.0,0.0,0.0,-0.039213,0,37.9,bottom 50%
SOLUSDT,2024-12-25,3.1,0–20,0.1544,0.0,0.0,0.0,0.0,0.0,0.0,0.0,-0.018257,0,37.0,bottom 50%
SOLUSDT,2024-12-26,4.8,0–20,0.2385,0.0,0.0,0.0,0.0,0.0,0.0,0.0,0.103863,1,52.3,top 50%
SOLUSDT,2024-12-27,5.5,0–20,0.2753,0.0,0.0,0.0,0.0,0.0,0.0,0.0,0.184514,1,58.8,top 50%
SOLUSDT,2024-12-28,2.5,0–20,0.126,0.0,0.0,0.0,0.0,0.0,0.0,0.0,0.11081,1,31.9,bottom 50%
SOLUSDT,2024-12-29,3.5,0–20,0.175,0.0,0.0,0.0,0.0,0.0,0.0,0.0,0.124638,1,41.1,bottom 50%
SOLUSDT,2024-12-30,3.2,0–20,0.158,0.0,0.0,0.0,0.0,0.0,0.0,0.0,0.144979,1,37.9,bottom 50%
SOLUSDT,2024-12-31,3.5,0–20,0.1757,0.0,0.0,0.0,0.0,0.0,0.0,0.0,0.068506,1,41.1,bottom 50%
SOLUSDT,2025-01-01,2.2,0–20,0.1101,0.0,0.0,0.0,0.0,0.0,0.0,0.0,0.019009,1,28.8,bottom 50%
SOLUSDT,2025-01-02,0.0,0–20,0.0,0.0,0.0,0.0,0.0,0.0,0.0,0.0,-0.109458,0,6.0,bottom 50%
SOLUSDT,2025-01-03,0.0,0–20,0.0,0.0,0.0,0.0,0.0,0.0,0.0,0.0,-0.138547,0,6.0,bottom 50%
SOLUSDT,2025-01-04,0.0,0–20,0.0,0.0,0.0,0.0,0.0,0.0,0.0,0.0,-0.132153,0,6.0,bottom 50%
SOLUSDT,2025-01-05,0.0,0–20,0.0,0.0,0.0,0.0,0.0,0.0,0.0,0.0,-0.116373,0,6.0,bottom 50%
SOLUSDT,2025-01-06,0.0,0–20,0.0,0.0,0.0,0.0,0.0,0.0,0.0,0.0,-0.164079,0,6.0,bottom 50%
SOLUSDT,2025-01-07,1.1,0–20,0.0426,0.0,0.0,0.0,0.0,0.0,0.0,0.0327,-0.072846,0,19.7,bottom 50%
SOLUSDT,2025-01-08,8.4,0–20,0.0907,0.0,0.0,0.0,0.0,0.0,0.3953,0.5478,0.042277,1,91.1,top 10%
SOLUSDT,2025-01-09,7.6,0–20,0.2059,0.0,0.0,0.0,0.0,0.0,0.0,0.4929,0.141616,1,88.1,top 25%
SOLUSDT,2025-01-10,8.9,0–20,0.1733,0.0,0.0,0.0,0.0,0.0,0.0,0.778,0.170821,1,92.1,top 10%
SOLUSDT,2025-01-11,9.8,0–20,0.1677,0.0,0.0,0.0,0.0,0.0,0.0,0.9196,0.392957,1,94.3,top 10%
SOLUSDT,2025-01-12,5.3,0–20,0.1597,0.0,0.0,0.0,0.0,0.0,0.0,0.3065,0.328945,1,57.1,top 50%
SOLUSDT,2025-01-13,7.2,0–20,0.2183,0.0,0.0,0.0,0.0,0.0,0.3931,0.0134,0.324964,1,86.8,top 25%
SOLUSDT,2025-01-14,3.0,0–20,0.1481,0.0,0.0,0.0,0.0,0.0,0.0,0.0,0.33555,1,36.2,bottom 50%
SOLUSDT,2025-01-15,0.0,0–20,0.0,0.0,0.0,0.0,0.0,0.0,0.0,0.0,0.249263,1,6.0,bottom 50%
SOLUSDT,2025-01-16,0.9,0–20,0.0,0.0,0.0,0.0,0.0,0.0,0.0,0.1273,0.199914,1,18.3,bottom 50%
SOLUSDT,2025-01-17,0.0,0–20,0.0,0.0,0.0,0.0,0.0,0.0,0.0,0.0,0.153626,1,6.0,bottom 50%
SOLUSDT,2025-01-18,0.0,0–20,0.0,0.0,0.0,0.0,0.0,0.0,0.0,0.0,-0.022134,0,6.0,bottom 50%
SOLUSDT,2025-01-19,0.0,0–20,0.0,0.0,0.0,0.0,0.0,0.0,0.0,0.0,-0.038721,0,6.0,bottom 50%
SOLUSDT,2025-01-20,3.6,0–20,0.0,0.0,0.0,0.0,0.0,0.0,0.0,0.5174,-0.029621,0,42.0,bottom 50%
SOLUSDT,2025-01-21,6.1,0–20,0.0,0.0,0.0,0.0,0.0,0.0,0.3432,0.5306,-0.092686,0,63.6,top 50%
SOLUSDT,2025-01-22,2.3,0–20,0.0,0.0,0.0,0.0,0.0,0.0,0.0,0.3341,-0.113873,0,29.8,bottom 50%
SOLUSDT,2025-01-23,6.9,0–20,0.0,0.0,0.0,0.0,0.0,0.0,0.0,0.9806,-0.056941,0,68.5,top 50%
SOLUSDT,2025-01-24,5.5,0–20,0.0,0.0,0.0,0.0,0.0,0.0,0.0,0.7926,-0.08574,0,58.8,top 50%
SOLUSDT,2025-01-25,5.0,0–20,0.0,0.0,0.0,0.0,0.0,0.0,0.0,0.7147,-0.165142,0,54.2,top 50%
SOLUSDT,2025-01-26,4.9,0–20,0.0,0.0,0.0,0.0,0.0,0.0,0.0,0.6969,-0.156772,0,53.2,top 50%
SOLUSDT,2025-01-27,7.0,0–20,0.0,0.0,0.0,0.0,0.0,0.0,0.0,1.0,-0.080506,0,77.4,top 25%
SOLUSDT,2025-01-28,7.0,0–20,0.0,0.0,0.0,0.0,0.0,0.0,0.0,1.0,-0.08852,0,77.4,top 25%
SOLUSDT,2025-01-29,7.0,0–20,0.0,0.0,0.0,0.0,0.0,0.0,0.0,1.0,-0.140195,0,77.4,top 25%
SOLUSDT,2025-01-30,7.0,0–20,0.0,0.0,0.0,0.0,0.0,0.0,0.0,1.0,-0.20605,0,77.4,top 25%
SOLUSDT,2025-01-31,7.0,0–20,0.0,0.0,0.0,0.0,0.0,0.0,0.0,1.0,-0.170237,0,77.4,top 25%
SOLUSDT,2025-02-01,9.4,0–20,0.118,0.0,0.0,0.0,0.0,0.0,0.0,1.0,-0.066352,0,93.5,top 10%
SOLUSDT,2025-02-02,10.9,0–20,0.1959,0.0,0.0,0.0,0.0,0.0,0.0,1.0,-0.012909,0,96.1,top 10%
SOLUSDT,2025-02-03,11.8,0–20,0.0714,0.0,0.0,0.0,0.0,0.0,0.4752,1.0,-0.073066,0,96.9,top 10%
SOLUSDT,2025-02-04,7.6,0–20,0.1385,0.0,0.0,0.0,0.0,0.0,0.0,0.6966,-0.043988,0,88.1,top 25%
SOLUSDT,2025-02-05,7.1,0–20,0.2136,0.0,0.0,0.0,0.0,0.0,0.0,0.4088,0.004009,1,86.3,top 25%
SOLUSDT,2025-02-06,5.1,0–20,0.2528,0.0,0.0,0.0,0.0,0.0,0.0,0.0,0.024706,1,55.3,top 50%
SOLUSDT,2025-02-07,4.5,0–20,0.227,0.0,0.0,0.0,0.0,0.0,0.0,0.0,0.040223,1,49.7,bottom 50%
SOLUSDT,2025-02-08,3.0,0–20,0.1495,0.0,0.0,0.0,0.0,0.0,0.0,0.0,-0.02564,0,36.2,bottom 50%
SOLUSDT,2025-02-09,2.8,0–20,0.1401,0.0,0.0,0.0,0.0,0.0,0.0,0.0,-0.059907,0,34.6,bottom 50%
SOLUSDT,2025-02-10,2.8,0–20,0.1413,0.0,0.0,0.0,0.0,0.0,0.0,0.0,-0.113131,0,34.6,bottom 50%
SOLUSDT,2025-02-11,3.2,0–20,0.1623,0.0,0.0,0.0,0.0,0.0,0.0,0.0,-0.145963,0,37.9,bottom 50%
SOLUSDT,2025-02-12,3.5,0–20,0.1734,0.0,0.0,0.0,0.0,0.0,0.0,0.0,-0.141091,0,41.1,bottom 50%
SOLUSDT,2025-02-13,3.9,0–20,0.1953,0.0,0.0,0.0,0.0,0.0,0.0,0.0,-0.094683,0,44.3,bottom 50%
SOLUSDT,2025-02-14,2.4,0–20,0.1195,0.0,0.0,0.0,0.0,0.0,0.0,0.0,-0.15527,0,30.7,bottom 50%
SOLUSDT,2025-02-15,3.5,0–20,0.1756,0.0,0.0,0.0,0.0,0.0,0.0,0.0,-0.114762,0,41.1,bottom 50%
SOLUSDT,2025-02-16,4.7,0–20,0.2334,0.0,0.0,0.0,0.0,0.0,0.0,0.0,-0.108487,0,51.5,top 50%
SOLUSDT,2025-02-17,6.5,0–20,0.3252,0.0,0.0,0.0,0.0,0.0,0.0,0.0,-0.200913,0,66.5,top 50%
SOLUSDT,2025-02-18,11.9,0–20,0.3881,0.0,0.0,0.0,0.0,0.0,0.5938,0.0,-0.147716,0,97.0,top 10%
SOLUSDT,2025-02-19,7.8,0–20,0.3886,0.0,0.0,0.0,0.0,0.0,0.0,0.0,-0.202232,0,88.8,top 25%
SOLUSDT,2025-02-20,5.5,0–20,0.2759,0.0,0.0,0.0,0.0,0.0,0.0,0.0,-0.218281,0,58.8,top 50%
SOLUSDT,2025-02-21,6.7,0–20,0.335,0.0,0.0,0.0,0.0,0.0,0.0,0.0,-0.123521,0,67.5,top 50%
SOLUSDT,2025-02-22,5.7,0–20,0.2835,0.0,0.0,0.0,0.0,0.0,0.0,0.0,-0.165466,0,60.7,top 50%
SOLUSDT,2025-02-23,6.4,0–20,0.3192,0.0,0.0,0.0,0.0,0.0,0.0,0.0,0.062232,1,66.0,top 50%
SOLUSDT,2025-02-24,19.7,0–20,0.4915,0.2277,0.0,0.0,0.0,0.0,0.9266,0.0,0.000223,1,99.6,top 10%
SOLUSDT,2025-02-25,16.7,0–20,0.4592,0.0345,0.0,0.0,0.0,0.0,1.0,0.0,0.005613,1,98.7,top 10%
SOLUSDT,2025-02-26,10.9,0–20,0.5093,0.0468,0.0,0.0,0.0,0.0,0.0,0.0,0.084817,1,96.1,top 10%
SOLUSDT,2025-02-27,9.3,0–20,0.4653,0.0,0.0,0.0,0.0,0.0,0.0,0.0,0.041668,1,93.2,top 10%
SOLUSDT,2025-02-28,6.2,0–20,0.3116,0.0,0.0,0.0,0.0,0.0,0.0,0.0,-0.059588,0,64.5,top 50%
SOLUSDT,2025-03-01,6.9,0–20,0.3426,0.0,0.0,0.0,0.0,0.0,0.0,0.0,-0.046867,0,68.5,top 50%
SOLUSDT,2025-03-02,0.0,0–20,0.0,0.0,0.0,0.0,0.0,0.0,0.0,0.0,-0.29166,0,6.0,bottom 50%
SOLUSDT,2025-03-03,8.3,0–20,0.2148,0.0,0.0,0.0,0.0,0.0,0.5656,0.0,-0.167083,0,90.8,top 10%
SOLUSDT,2025-03-04,3.8,0–20,0.1904,0.0,0.0,0.0,0.0,0.0,0.0,0.0,-0.135613,0,43.5,bottom 50%
SOLUSDT,2025-03-05,3.6,0–20,0.1784,0.0,0.0,0.0,0.0,0.0,0.0,0.0,-0.134576,0,42.0,bottom 50%
SOLUSDT,2025-03-06,3.9,0–20,0.1971,0.0,0.0,0.0,0.0,0.0,0.0,0.0,-0.139995,0,44.3,bottom 50%
SOLUSDT,2025-03-07,4.5,0–20,0.2241,0.0,0.0,0.0,0.0,0.0,0.0,0.0,-0.042344,0,49.7,bottom 50%
SOLUSDT,2025-03-08,4.8,0–20,0.2391,0.0,0.0,0.0,0.0,0.0,0.0,0.0,-0.007518,0,52.3,top 50%
SOLUSDT,2025-03-09,6.1,0–20,0.3063,0.0,0.0,0.0,0.0,0.0,0.0,0.0,-0.003538,0,63.6,top 50%
SOLUSDT,2025-03-10,7.1,0–20,0.354,0.0,0.0,0.0,0.0,0.0,0.0,0.0,0.083454,1,86.3,top 25%
SOLUSDT,2025-03-11,5.5,0–20,0.2734,0.0,0.0,0.0,0.0,0.0,0.0,0.0,0.000389,1,58.8,top 50%
SOLUSDT,2025-03-12,5.2,0–20,0.2581,0.0,0.0,0.0,0.0,0.0,0.0,0.0,0.071015,1,56.2,top 50%
SOLUSDT,2025-03-13,5.6,0–20,0.2813,0.0,0.0,0.0,0.0,0.0,0.0,0.0,0.034157,1,59.8,top 50%
SOLUSDT,2025-03-14,3.2,0–20,0.1623,0.0,0.0,0.0,0.0,0.0,0.0,0.0,-0.036636,0,37.9,bottom 50%
SOLUSDT,2025-03-15,2.7,0–20,0.1329,0.0,0.0,0.0,0.0,0.0,0.0,0.0,-0.054649,0,33.6,bottom 50%
SOLUSDT,2025-03-16,4.3,0–20,0.2145,0.0,0.0,0.0,0.0,0.0,0.0,0.0,0.052475,1,48.1,bottom 50%
SOLUSDT,2025-03-17,3.8,0–20,0.1881,0.0,0.0,0.0,0.0,0.0,0.0,0.0,0.099135,1,43.5,bottom 50%
SOLUSDT,2025-03-18,4.2,0–20,0.2123,0.0,0.0,0.0,0.0,0.0,0.0,0.0,0.147666,1,47.0,bottom 50%
SOLUSDT,2025-03-19,1.7,0–20,0.0869,0.0,0.0,0.0,0.0,0.0,0.0,0.0,0.012658,1,24.1,bottom 50%
SOLUSDT,2025-03-20,3.2,0–20,0.1605,0.0,0.0,0.0,0.0,0.0,0.0,0.0,0.085101,1,37.9,bottom 50%
SOLUSDT,2025-03-21,3.0,0–20,0.149,0.0,0.0,0.0,0.0,0.0,0.0,0.0,0.007731,1,36.2,bottom 50%
SOLUSDT,2025-03-22,3.0,0–20,0.1483,0.0,0.0,0.0,0.0,0.0,0.0,0.0,-0.030333,0,36.2,bottom 50%
SOLUSDT,2025-03-23,1.9,0–20,0.0928,0.0,0.0,0.0,0.0,0.0,0.0,0.0,-0.060005,0,25.9,bottom 50%
SOLUSDT,2025-03-24,0.0,0–20,0.0,0.0,0.0,0.0,0.0,0.0,0.0,0.0,-0.114824,0,6.0,bottom 50%
SOLUSDT,2025-03-25,0.0,0–20,0.0,0.0,0.0,0.0,0.0,0.0,0.0,0.0,-0.119142,0,6.0,bottom 50%
SOLUSDT,2025-03-26,0.7,0–20,0.0354,0.0,0.0,0.0,0.0,0.0,0.0,0.0,-0.142262,0,16.6,bottom 50%
SOLUSDT,2025-03-27,0.4,0–20,0.0216,0.0,0.0,0.0,0.0,0.0,0.0,0.0,-0.153859,0,14.1,bottom 50%
SOLUSDT,2025-03-28,2.5,0–20,0.127,0.0,0.0,0.0,0.0,0.0,0.0,0.0,-0.051276,0,31.9,bottom 50%
SOLUSDT,2025-03-29,7.1,0–20,0.1786,0.0,0.0,0.0,0.0,0.0,0.0,0.5048,-0.034744,0,86.3,top 25%
SOLUSDT,2025-03-30,10.1,0–20,0.1777,0.0,0.0,0.0,0.0,0.0,0.0,0.9351,-0.151879,0,94.9,top 10%
SOLUSDT,2025-03-31,6.6,0–20,0.1769,0.0,0.0,0.0,0.0,0.0,0.0,0.4359,-0.14268,0,66.9,top 50%
SOLUSDT,2025-04-01,5.8,0–20,0.1422,0.0,0.0,0.0,0.0,0.0,0.0,0.4255,-0.167112,0,61.4,top 50%
SOLUSDT,2025-04-02,10.9,0–20,0.2491,0.0,0.0,0.0,0.0,0.0,0.6201,0.2265,0.011039,1,96.1,top 10%
SOLUSDT,2025-04-03,8.5,0–20,0.2569,0.0,0.0,0.0,0.0,0.0,0.4817,0.0,-0.03637,0,91.3,top 10%
SOLUSDT,2025-04-04,6.1,0–20,0.1513,0.0,0.0,0.0,0.0,0.0,0.4365,0.0,-0.010217,0,63.6,top 50%
SOLUSDT,2025-04-05,3.7,0–20,0.1839,0.0,0.0,0.0,0.0,0.0,0.0,0.0,0.099798,1,42.7,bottom 50%
SOLUSDT,2025-04-06,9.0,0–20,0.3408,0.1439,0.0,0.0,0.0,0.0,0.0,0.0,0.216331,1,92.4,top 10%
SOLUSDT,2025-04-07,13.4,0–20,0.3184,0.0,0.0,0.0,0.0,0.0,1.0,0.0,0.209607,1,97.7,top 10%
SOLUSDT,2025-04-08,11.1,0–20,0.3324,0.0,0.0,0.0,0.0,0.0,0.6342,0.0,0.196669,1,96.3,top 10%
SOLUSDT,2025-04-09,1.9,0–20,0.0963,0.0,0.0,0.0,0.0,0.0,0.0,0.0,0.104085,1,25.9,bottom 50%
SOLUSDT,2025-04-10,3.4,0–20,0.1695,0.0,0.0,0.0,0.0,0.0,0.0,0.0,0.194096,1,39.9,bottom 50%
SOLUSDT,2025-04-11,0.9,0–20,0.0426,0.0,0.0,0.0,0.0,0.0,0.0,0.0,0.103192,1,18.3,bottom 50%
SOLUSDT,2025-04-12,0.0,0–20,0.0,0.0,0.0,0.0,0.0,0.0,0.0,0.0,0.056628,1,6.0,bottom 50%
SOLUSDT,2025-04-13,0.0,0–20,0.0,0.0,0.0,0.0,0.0,0.0,0.0,0.0,0.071502,1,6.0,bottom 50%
SOLUSDT,2025-04-14,0.0,0–20,0.0,0.0,0.0,0.0,0.0,0.0,0.0,0.0,0.05718,1,6.0,bottom 50%
SOLUSDT,2025-04-15,0.0,0–20,0.0,0.0,0.0,0.0,0.0,0.0,0.0,0.0,0.178011,1,6.0,bottom 50%
SOLUSDT,2025-04-16,0.0,0–20,0.0,0.0,0.0,0.0,0.0,0.0,0.0,0.0,0.14989,1,6.0,bottom 50%
SOLUSDT,2025-04-17,0.8,0–20,0.0,0.0,0.0,0.0,0.0,0.0,0.0,0.1116,0.130698,1,17.3,bottom 50%
SOLUSDT,2025-04-18,1.2,0–20,0.0,0.0,0.0,0.0,0.0,0.0,0.0,0.1671,0.125614,1,20.5,bottom 50%
SOLUSDT,2025-04-19,1.4,0–20,0.0,0.0,0.0,0.0,0.0,0.0,0.0,0.2024,0.068258,1,22.1,bottom 50%
SOLUSDT,2025-04-20,0.5,0–20,0.0,0.0,0.0,0.0,0.0,0.0,0.0,0.0686,0.076003,1,14.9,bottom 50%
SOLUSDT,2025-04-21,1.4,0–20,0.0,0.0,0.0,0.0,0.0,0.0,0.0,0.1957,0.081238,1,22.1,bottom 50%
SOLUSDT,2025-04-22,5.6,0–20,0.0,0.0,0.0,0.0,0.0,0.0,0.0,0.7943,-0.015541,0,59.8,top 50%
SOLUSDT,2025-04-23,5.7,0–20,0.0,0.0,0.0,0.0,0.0,0.0,0.0,0.8192,-0.023218,0,60.7,top 50%
SOLUSDT,2025-04-24,5.3,0–20,0.0,0.0,0.0,0.0,0.0,0.0,0.0,0.7528,-0.009567,0,57.1,top 50%
SOLUSDT,2025-04-25,5.6,0–20,0.0,0.0,0.0,0.0,0.0,0.0,0.0,0.7977,-0.018984,0,59.8,top 50%
SOLUSDT,2025-04-26,7.0,0–20,0.0,0.0,0.0,0.0,0.0,0.0,0.0,1.0,-0.016701,0,77.4,top 25%
SOLUSDT,2025-04-27,7.0,0–20,0.0,0.0,0.0,0.0,0.0,0.0,0.0,1.0,-0.028755,0,77.4,top 25%
SOLUSDT,2025-04-28,7.0,0–20,0.0,0.0,0.0,0.0,0.0,0.0,0.0,1.0,-0.007532,0,77.4,top 25%
SOLUSDT,2025-04-29,7.0,0–20,0.0,0.0,0.0,0.0,0.0,0.0,0.0,1.0,0.002312,1,77.4,top 25%
SOLUSDT,2025-04-30,7.0,0–20,0.0,0.0,0.0,0.0,0.0,0.0,0.0,1.0,-0.002909,0,77.4,top 25%
SOLUSDT,2025-05-01,7.0,0–20,0.0,0.0,0.0,0.0,0.0,0.0,0.0,1.0,0.086937,1,77.4,top 25%
SOLUSDT,2025-05-02,4.2,0–20,0.0,0.0,0.0,0.0,0.0,0.0,0.0,0.6035,0.167364,1,47.0,bottom 50%
SOLUSDT,2025-05-03,5.2,0–20,0.0,0.0,0.0,0.0,0.0,0.0,0.0,0.7426,0.20999,1,56.2,top 50%
SOLUSDT,2025-05-04,4.6,0–20,0.0,0.0,0.0,0.0,0.0,0.0,0.0,0.6508,0.201714,1,50.6,top 50%
SOLUSDT,2025-05-05,5.9,0–20,0.0,0.0,0.0,0.0,0.0,0.0,0.0,0.8412,0.187811,1,62.1,top 50%
SOLUSDT,2025-05-06,5.0,0–20,0.0,0.0,0.0,0.0,0.0,0.0,0.0,0.7179,0.253736,1,54.2,top 50%
SOLUSDT,2025-05-07,3.4,0–20,0.0,0.0,0.0,0.0,0.0,0.0,0.0,0.4928,0.200358,1,39.9,bottom 50%
SOLUSDT,2025-05-08,3.7,0–20,0.0,0.0,0.0,0.0,0.0,0.0,0.0,0.5299,0.030795,1,42.7,bottom 50%
SOLUSDT,2025-05-09,1.3,0–20,0.0,0.0,0.0,0.0,0.0,0.0,0.0,0.1818,-0.031791,0,21.4,bottom 50%
SOLUSDT,2025-05-10,2.7,0–20,0.0,0.0,0.0,0.0,0.0,0.0,0.0,0.392,-0.06582,0,33.6,bottom 50%
SOLUSDT,2025-05-11,3.0,0–20,0.0,0.0,0.0,0.0,0.0,0.0,0.0,0.4339,0.005041,1,36.2,bottom 50%
SOLUSDT,2025-05-12,0.0,0–20,0.0,0.0,0.0,0.0,0.0,0.0,0.0,0.0,-0.042374,0,6.0,bottom 50%
SOLUSDT,2025-05-13,3.3,0–20,0.0,0.0,0.0,0.0,0.0,0.0,0.0,0.4755,-0.084359,0,38.9,bottom 50%
SOLUSDT,2025-05-14,4.8,0–20,0.0,0.0,0.0,0.0,0.0,0.0,0.0,0.6889,-0.017133,0,52.3,top 50%
SOLUSDT,2025-05-15,5.9,0–20,0.0,0.0,0.0,0.0,0.0,0.0,0.0,0.8419,0.063197,1,62.1,top 50%
SOLUSDT,2025-05-16,5.4,0–20,0.0,0.0,0.0,0.0,0.0,0.0,0.0,0.7688,0.038794,1,58.0,top 50%
SOLUSDT,2025-05-17,5.8,0–20,0.0,0.0,0.0,0.0,0.0,0.0,0.0,0.8351,0.060938,1,61.4,top 50%
SOLUSDT,2025-05-18,7.0,0–20,0.0,0.0,0.0,0.0,0.0,0.0,0.0,1.0,0.010505,1,77.4,top 25%
SOLUSDT,2025-05-19,6.8,0–20,0.0,0.0,0.0,0.0,0.0,0.0,0.0,0.9764,0.048205,1,68.0,top 50%
SOLUSDT,2025-05-20,5.0,0–20,0.0,0.0,0.0,0.0,0.0,0.0,0.0,0.7213,0.04945,1,54.2,top 50%
SOLUSDT,2025-05-21,4.0,0–20,0.0,0.0,0.0,0.0,0.0,0.0,0.0,0.5672,-0.008591,0,45.2,bottom 50%
SOLUSDT,2025-05-22,4.6,0–20,0.0,0.0,0.0,0.0,0.0,0.0,0.0,0.654,-0.072918,0,50.6,top 50%
SOLUSDT,2025-05-23,6.5,0–20,0.0,0.0,0.0,0.0,0.0,0.0,0.0,0.9228,-0.101198,0,66.5,top 50%
SOLUSDT,2025-05-24,5.9,0–20,0.0,0.0,0.0,0.0,0.0,0.0,0.0,0.8383,-0.11022,0,62.1,top 50%
SOLUSDT,2025-05-25,5.4,0–20,0.0,0.0,0.0,0.0,0.0,0.0,0.0,0.7745,-0.102096,0,58.0,top 50%
SOLUSDT,2025-05-26,6.5,0–20,0.0,0.0,0.0,0.0,0.0,0.0,0.0,0.9234,-0.102396,0,66.5,top 50%
SOLUSDT,2025-05-27,7.0,0–20,0.0,0.0,0.0,0.0,0.0,0.0,0.0,1.0,-0.121438,0,77.4,top 25%
SOLUSDT,2025-05-28,2.1,0–20,0.0,0.0,0.0,0.0,0.0,0.0,0.0,0.298,-0.109356,0,27.7,bottom 50%
SOLUSDT,2025-05-29,0.7,0–20,0.0065,0.0,0.0,0.0,0.0,0.0,0.0,0.088,-0.132334,0,16.6,bottom 50%
SOLUSDT,2025-05-30,6.7,0–20,0.1693,0.2224,0.0,0.0,0.0,0.0,0.0,0.0,-0.053263,0,67.5,top 50%
SOLUSDT,2025-05-31,4.2,0–20,0.1613,0.0439,0.0,0.0,0.0,0.0,0.0,0.0487,-0.041528,0,47.0,bottom 50%
SOLUSDT,2025-06-01,3.2,0–20,0.1376,0.0,0.0,0.0,0.0,0.0,0.0,0.0657,-0.033935,0,37.9,bottom 50%
SOLUSDT,2025-06-02,3.0,0–20,0.1504,0.0,0.0,0.0,0.0,0.0,0.0,0.0,0.026055,1,36.2,bottom 50%
SOLUSDT,2025-06-03,3.6,0–20,0.1781,0.0,0.0,0.0,0.0,0.0,0.0,0.0,0.062346,1,42.0,bottom 50%
SOLUSDT,2025-06-04,4.2,0–20,0.2114,0.0,0.0,0.0,0.0,0.0,0.0,0.0,0.050184,1,47.0,bottom 50%
SOLUSDT,2025-06-05,7.7,0–20,0.3393,0.0634,0.0,0.0,0.0,0.0,0.0,0.0,0.057054,1,88.4,top 25%
SOLUSDT,2025-06-06,5.1,0–20,0.2555,0.0,0.0,0.0,0.0,0.0,0.0,0.0,0.004835,1,55.3,top 50%
SOLUSDT,2025-06-07,4.0,0–20,0.2021,0.0,0.0,0.0,0.0,0.0,0.0,0.0,-0.03577,0,45.2,bottom 50%
SOLUSDT,2025-06-08,3.0,0–20,0.1477,0.0,0.0,0.0,0.0,0.0,0.0,0.0,0.002521,1,36.2,bottom 50%
SOLUSDT,2025-06-09,0.0,0–20,0.0,0.0,0.0,0.0,0.0,0.0,0.0,0.0,-0.063435,0,6.0,bottom 50%
SOLUSDT,2025-06-10,0.0,0–20,0.0,0.0,0.0,0.0,0.0,0.0,0.0,0.0,-0.104699,0,6.0,bottom 50%
SOLUSDT,2025-06-11,0.0,0–20,0.0,0.0,0.0,0.0,0.0,0.0,0.0,0.0,-0.09129,0,6.0,bottom 50%
SOLUSDT,2025-06-12,2.4,0–20,0.12,0.0,0.0,0.0,0.0,0.0,0.0,0.0,-0.037425,0,30.7,bottom 50%
SOLUSDT,2025-06-13,8.4,0–20,0.1811,0.0,0.0,0.0,0.0,0.0,0.6864,0.0,-0.056919,0,91.1,top 10%
SOLUSDT,2025-06-14,4.7,0–20,0.2343,0.0,0.0,0.0,0.0,0.0,0.0,0.0,-0.066334,0,51.5,top 50%
SOLUSDT,2025-06-15,1.5,0–20,0.0773,0.0,0.0,0.0,0.0,0.0,0.0,0.0,-0.138722,0,22.8,bottom 50%
SOLUSDT,2025-06-16,2.1,0–20,0.1068,0.0,0.0,0.0,0.0,0.0,0.0,0.0,-0.039924,0,27.7,bottom 50%
SOLUSDT,2025-06-17,3.1,0–20,0.1537,0.0,0.0,0.0,0.0,0.0,0.0,0.0,-0.012151,0,37.0,bottom 50%
SOLUSDT,2025-06-18,3.5,0–20,0.1745,0.0,0.0,0.0,0.0,0.0,0.0,0.0,-0.01946,0,41.1,bottom 50%
SOLUSDT,2025-06-19,3.2,0–20,0.1587,0.0,0.0,0.0,0.0,0.0,0.0,0.0,-0.054474,0,37.9,bottom 50%
SOLUSDT,2025-06-20,5.2,0–20,0.2617,0.0,0.0,0.0,0.0,0.0,0.0,0.0,0.014432,1,56.2,top 50%
SOLUSDT,2025-06-21,7.4,0–20,0.3261,0.0554,0.0,0.0,0.0,0.0,0.0,0.0,0.11591,1,87.5,top 25%
SOLUSDT,2025-06-22,11.6,0–20,0.3681,0.0596,0.0,0.0,0.0,0.0,0.4789,0.0,0.165158,1,96.7,top 10%
SOLUSDT,2025-06-23,1.9,0–20,0.0939,0.0,0.0,0.0,0.0,0.0,0.0,0.0,0.068269,1,25.9,bottom 50%
SOLUSDT,2025-06-24,1.5,0–20,0.0745,0.0,0.0,0.0,0.0,0.0,0.0,0.0,0.00666,1,22.8,bottom 50%
SOLUSDT,2025-06-25,2.2,0–20,0.112,0.0,0.0,0.0,0.0,0.0,0.0,0.0,0.060782,1,28.8,bottom 50%
SOLUSDT,2025-06-26,3.5,0–20,0.1772,0.0,0.0,0.0,0.0,0.0,0.0,0.0,0.095944,1,41.1,bottom 50%
SOLUSDT,2025-06-27,2.3,0–20,0.1151,0.0,0.0,0.0,0.0,0.0,0.0,0.0,0.039188,1,29.8,bottom 50%
SOLUSDT,2025-06-28,0.0,0–20,0.0,0.0,0.0,0.0,0.0,0.0,0.0,0.0,-0.021124,0,6.0,bottom 50%
SOLUSDT,2025-06-29,0.0,0–20,0.0,0.0,0.0,0.0,0.0,0.0,0.0,0.0,-0.009652,0,6.0,bottom 50%
SOLUSDT,2025-06-30,0.0,0–20,0.0,0.0,0.0,0.0,0.0,0.0,0.0,0.0,-0.03789,0,6.0,bottom 50%
SOLUSDT,2025-07-01,0.8,0–20,0.0403,0.0,0.0,0.0,0.0,0.0,0.0,0.0,0.033239,1,17.3,bottom 50%
SOLUSDT,2025-07-02,0.0,0–20,0.0,0.0,0.0,0.0,0.0,0.0,0.0,0.0,0.033199,1,6.0,bottom 50%
SOLUSDT,2025-07-03,0.5,0–20,0.0,0.0,0.0,0.0,0.0,0.0,0.0,0.0748,0.076515,1,14.9,bottom 50%
SOLUSDT,2025-07-04,2.6,0–20,0.0323,0.0,0.0,0.0,0.0,0.0,0.0,0.2859,0.102324,1,32.7,bottom 50%
SOLUSDT,2025-07-05,1.1,0–20,0.0345,0.0,0.0,0.0,0.0,0.0,0.0,0.06,0.088345,1,19.7,bottom 50%
SOLUSDT,2025-07-06,0.0,0–20,0.0,0.0,0.0,0.0,0.0,0.0,0.0,0.0,0.061374,1,6.0,bottom 50%
SOLUSDT,2025-07-07,1.3,0–20,0.013,0.0,0.0,0.0,0.0,0.0,0.0,0.1482,0.090029,1,21.4,bottom 50%
SOLUSDT,2025-07-08,1.4,0–20,0.0,0.0,0.0,0.0,0.0,0.0,0.0,0.2058,0.079968,1,22.1,bottom 50%
SOLUSDT,2025-07-09,0.2,0–20,0.0,0.0,0.0,0.0,0.0,0.0,0.0,0.025,0.104443,1,13.0,bottom 50%
SOLUSDT,2025-07-10,2.1,0–20,0.0,0.0,0.0,0.0,0.0,0.0,0.0,0.2962,0.071499,1,27.7,bottom 50%
SOLUSDT,2025-07-11,4.6,0–20,0.0,0.0,0.0,0.0,0.0,0.0,0.0,0.663,0.089012,1,50.6,top 50%
SOLUSDT,2025-07-12,5.0,0–20,0.0,0.0,0.0,0.0,0.0,0.0,0.0,0.7076,0.101972,1,54.2,top 50%
SOLUSDT,2025-07-13,1.8,0–20,0.0,0.0,0.0,0.0,0.0,0.0,0.0,0.2552,0.126258,1,25.0,bottom 50%
SOLUSDT,2025-07-14,2.8,0–20,0.0,0.0,0.0,0.0,0.0,0.0,0.0,0.4004,0.207789,1,34.6,bottom 50%
SOLUSDT,2025-07-15,5.0,0–20,0.0,0.0,0.0,0.0,0.0,0.0,0.0,0.7158,0.254651,1,54.2,top 50%
SOLUSDT,2025-07-16,6.4,0–20,0.0,0.0,0.0,0.0,0.0,0.0,0.0,0.9135,0.091155,1,66.0,top 50%
SOLUSDT,2025-07-17,5.0,0–20,0.0,0.0,0.0,0.0,0.0,0.0,0.0,0.7114,0.038756,1,54.2,top 50%
SOLUSDT,2025-07-18,2.6,0–20,0.0,0.0,0.0,0.0,0.0,0.0,0.0,0.3782,0.05298,1,32.7,bottom 50%
SOLUSDT,2025-07-19,2.2,0–20,0.0,0.0,0.0,0.0,0.0,0.0,0.0,0.3174,0.044297,1,28.8,bottom 50%
SOLUSDT,2025-07-20,2.3,0–20,0.0,0.0,0.0,0.0,0.0,0.0,0.0,0.3297,0.03959,1,29.8,bottom 50%
SOLUSDT,2025-07-21,7.0,0–20,0.0,0.0,0.0,0.0,0.0,0.0,0.0,1.0,-0.068638,0,77.4,top 25%
SOLUSDT,2025-07-22,6.3,0–20,0.0,0.0,0.0,0.0,0.0,0.0,0.0,0.9057,-0.11845,0,65.4,top 50%
SOLUSDT,2025-07-23,6.1,0–20,0.0,0.0,0.0,0.0,0.0,0.0,0.0,0.8757,-0.062513,0,63.6,top 50%
SOLUSDT,2025-07-24,9.7,0–20,0.0,0.0,0.0,0.0,0.0,0.0,0.3829,1.0,-0.055758,0,94.0,top 10%
SOLUSDT,2025-07-25,7.0,0–20,0.0,0.0,0.0,0.0,0.0,0.0,0.0,1.0,-0.127972,0,77.4,top 25%
SOLUSDT,2025-07-26,7.0,0–20,0.0,0.0,0.0,0.0,0.0,0.0,0.0,1.0,-0.142936,0,77.4,top 25%
SOLUSDT,2025-07-27,7.0,0–20,0.0,0.0,0.0,0.0,0.0,0.0,0.0,1.0,-0.141885,0,77.4,top 25%
SOLUSDT,2025-07-28,7.0,0–20,0.0,0.0,0.0,0.0,0.0,0.0,0.0,1.0,-0.071851,0,77.4,top 25%
SOLUSDT,2025-07-29,5.6,0–20,0.0,0.0,0.0,0.0,0.0,0.0,0.0,0.7995,-0.095066,0,59.8,top 50%
SOLUSDT,2025-07-30,4.6,0–20,0.0,0.0,0.0,0.0,0.0,0.0,0.0,0.6586,-0.053566,0,50.6,top 50%
SOLUSDT,2025-07-31,5.1,0–20,0.032,0.0,0.0,0.0,0.0,0.0,0.0,0.6306,0.017753,1,55.3,top 50%
SOLUSDT,2025-08-01,8.5,0–20,0.1607,0.0,0.0,0.0,0.0,0.0,0.0,0.7532,0.085256,1,91.3,top 10%
SOLUSDT,2025-08-02,8.3,0–20,0.2126,0.0,0.0,0.0,0.0,0.0,0.0,0.5749,0.136919,1,90.8,top 10%
SOLUSDT,2025-08-03,6.7,0–20,0.152,0.0,0.0,0.0,0.0,0.0,0.0,0.5245,0.129345,1,67.5,top 50%
SOLUSDT,2025-08-04,3.4,0–20,0.0324,0.0,0.0,0.0,0.0,0.0,0.0,0.3996,0.03277,1,39.9,bottom 50%
SOLUSDT,2025-08-05,2.1,0–20,0.1039,0.0,0.0,0.0,0.0,0.0,0.0,0.0,0.169171,1,27.7,bottom 50%
SOLUSDT,2025-08-06,0.8,0–20,0.0405,0.0,0.0,0.0,0.0,0.0,0.0,0.0,0.198689,1,17.3,bottom 50%
SOLUSDT,2025-08-07,0.0,0–20,0.0,0.0,0.0,0.0,0.0,0.0,0.0,0.0,0.097447,1,6.0,bottom 50%
SOLUSDT,2025-08-08,0.0,0–20,0.0,0.0,0.0,0.0,0.0,0.0,0.0,0.0,0.050791,1,6.0,bottom 50%
SOLUSDT,2025-08-09,0.0,0–20,0.0,0.0,0.0,0.0,0.0,0.0,0.0,0.0,0.053194,1,6.0,bottom 50%
SOLUSDT,2025-08-10,0.0,0–20,0.0,0.0,0.0,0.0,0.0,0.0,0.0,0.0,0.04517,1,6.0,bottom 50%
SOLUSDT,2025-08-11,0.0,0–20,0.0,0.0,0.0,0.0,0.0,0.0,0.0,0.0,0.046246,1,6.0,bottom 50%
SOLUSDT,2025-08-12,0.0,0–20,0.0,0.0,0.0,0.0,0.0,0.0,0.0,0.0,-0.082064,0,6.0,bottom 50%
SOLUSDT,2025-08-13,0.0,0–20,0.0,0.0,0.0,0.0,0.0,0.0,0.0,0.0,-0.069468,0,6.0,bottom 50%
SOLUSDT,2025-08-14,0.0,0–20,0.0,0.0,0.0,0.0,0.0,0.0,0.0,0.0,-0.063895,0,6.0,bottom 50%
SOLUSDT,2025-08-15,0.0,0–20,0.0,0.0,0.0,0.0,0.0,0.0,0.0,0.0,0.080252,1,6.0,bottom 50%
SOLUSDT,2025-08-16,0.0,0–20,0.0,0.0,0.0,0.0,0.0,0.0,0.0,0.0,0.074669,1,6.0,bottom 50%
SOLUSDT,2025-08-17,1.8,0–20,0.0,0.0,0.0,0.0,0.0,0.0,0.0,0.2542,0.076832,1,25.0,bottom 50%
SOLUSDT,2025-08-18,3.6,0–20,0.0,0.0,0.0,0.0,0.0,0.0,0.0,0.5072,0.022989,1,42.0,bottom 50%
SOLUSDT,2025-08-19,3.6,0–20,0.0467,0.0,0.0,0.0,0.0,0.0,0.0,0.3832,0.112387,1,42.0,bottom 50%
SOLUSDT,2025-08-20,2.7,0–20,0.0,0.0,0.0,0.0,0.0,0.0,0.0,0.39,0.08176,1,33.6,bottom 50%
SOLUSDT,2025-08-21,5.5,0–20,0.0006,0.0,0.0,0.0,0.0,0.0,0.0,0.7842,0.189288,1,58.8,top 50%
SOLUSDT,2025-08-22,7.0,0–20,0.0,0.0,0.0,0.0,0.0,0.0,0.0,1.0,0.022789,1,77.4,top 25%
SOLUSDT,2025-08-23,5.1,0–20,0.0,0.0,0.0,0.0,0.0,0.0,0.0,0.7262,-0.005279,0,55.3,top 50%
SOLUSDT,2025-08-24,1.6,0–20,0.0,0.0,0.0,0.0,0.0,0.0,0.0,0.2307,-0.024235,0,23.4,bottom 50%
SOLUSDT,2025-08-25,8.9,0–20,0.0,0.0,0.0,0.0,0.0,0.0,0.5567,0.7146,0.052488,1,92.1,top 10%
SOLUSDT,2025-08-26,2.7,0–20,0.0,0.0,0.0,0.0,0.0,0.0,0.0,0.3911,0.069301,1,33.6,bottom 50%
SOLUSDT,2025-08-27,5.1,0–20,0.0,0.0,0.0,0.0,0.0,0.0,0.0,0.7251,0.038551,1,55.3,top 50%
SOLUSDT,2025-08-28,5.7,0–20,0.0,0.0,0.0,0.0,0.0,0.0,0.0,0.8081,-0.055248,0,60.7,top 50%
SOLUSDT,2025-08-29,5.0,0–20,0.0,0.0,0.0,0.0,0.0,0.0,0.0,0.7101,-0.008388,0,54.2,top 50%
SOLUSDT,2025-08-30,0.9,0–20,0.0,0.0,0.0,0.0,0.0,0.0,0.0,0.1296,-0.012885,0,18.3,bottom 50%
SOLUSDT,2025-08-31,4.3,0–20,0.0,0.0,0.0,0.0,0.0,0.0,0.0,0.6131,0.027903,1,48.1,bottom 50%
SOLUSDT,2025-09-01,2.0,0–20,0.0,0.0,0.0,0.0,0.0,0.0,0.0,0.2801,0.086643,1,26.7,bottom 50%
SOLUSDT,2025-09-02,2.2,0–20,0.0,0.0,0.0,0.0,0.0,0.0,0.0,0.3106,0.037088,1,28.8,bottom 50%
SOLUSDT,2025-09-03,2.4,0–20,0.0,0.0,0.0,0.0,0.0,0.0,0.0,0.3368,0.062827,1,30.7,bottom 50%
SOLUSDT,2025-09-04,3.2,0–20,0.0,0.0,0.0,0.0,0.0,0.0,0.0,0.4601,0.129325,1,37.9,bottom 50%
SOLUSDT,2025-09-05,2.1,0–20,0.0,0.0,0.0,0.0,0.0,0.0,0.0,0.2962,0.190688,1,27.7,bottom 50%
SOLUSDT,2025-09-06,1.1,0–20,0.0,0.0,0.0,0.0,0.0,0.0,0.0,0.1579,0.211488,1,19.7,bottom 50%
SOLUSDT,2025-09-07,5.0,0–20,0.0,0.0,0.0,0.0,0.0,0.0,0.0,0.711,0.165108,1,54.2,top 50%
SOLUSDT,2025-09-08,7.0,0–20,0.0,0.0,0.0,0.0,0.0,0.0,0.0,0.9993,0.094176,1,77.4,top 25%
SOLUSDT,2025-09-09,3.0,0–20,0.0,0.0,0.0,0.0,0.0,0.0,0.0,0.4281,0.090858,1,36.2,bottom 50%
SOLUSDT,2025-09-10,5.0,0–20,0.0,0.0,0.0,0.0,0.0,0.0,0.0,0.7088,0.093178,1,54.2,top 50%
SOLUSDT,2025-09-11,0.0,0–20,0.0,0.0,0.0,0.0,0.0,0.0,0.0,0.0,0.082537,1,6.0,bottom 50%
SOLUSDT,2025-09-12,0.5,0–20,0.0,0.0,0.0,0.0,0.0,0.0,0.0,0.0728,-0.015479,0,14.9,bottom 50%
SOLUSDT,2025-09-13,1.6,0–20,0.0,0.0,0.0,0.0,0.0,0.0,0.0,0.2293,-0.01238,0,23.4,bottom 50%
SOLUSDT,2025-09-14,6.2,0–20,0.0,0.0,0.0,0.0,0.0,0.0,0.0,0.8861,-0.016554,0,64.5,top 50%
SOLUSDT,2025-09-15,5.2,0–20,0.0,0.0,0.0,0.0,0.0,0.0,0.0,0.7499,-0.059145,0,56.2,top 50%
SOLUSDT,2025-09-16,4.6,0–20,0.0,0.0,0.0,0.0,0.0,0.0,0.0,0.6594,-0.0982,0,50.6,top 50%
SOLUSDT,2025-09-17,4.6,0–20,0.0,0.0,0.0,0.0,0.0,0.0,0.0,0.6574,-0.135186,0,50.6,top 50%
SOLUSDT,2025-09-18,6.5,0–20,0.0,0.0,0.0,0.0,0.0,0.0,0.0,0.9296,-0.223134,0,66.5,top 50%
SOLUSDT,2025-09-19,6.4,0–20,0.0,0.0,0.0,0.0,0.0,0.0,0.0,0.9214,-0.139173,0,66.0,top 50%
SOLUSDT,2025-09-20,6.0,0–20,0.0,0.0,0.0,0.0,0.0,0.0,0.0,0.8524,-0.150293,0,62.8,top 50%
SOLUSDT,2025-09-21,7.0,0–20,0.0,0.0,0.0,0.0,0.0,0.0,0.0,1.0,-0.109216,0,77.4,top 25%
SOLUSDT,2025-09-22,9.3,0–20,0.0245,0.0,0.0,0.0,0.0,0.0,0.4912,0.7604,-0.033756,0,93.2,top 10%
SOLUSDT,2025-09-23,7.3,0–20,0.1012,0.0,0.0,0.0,0.0,0.0,0.0,0.7554,-0.023275,0,87.2,top 25%
SOLUSDT,2025-09-24,8.0,0–20,0.1227,0.0,0.0,0.0,0.0,0.0,0.0,0.7886,0.046845,1,89.5,top 25%
SOLUSDT,2025-09-25,15.9,0–20,0.3005,0.0378,0.0,0.0,0.0,0.0,0.6223,0.7121,0.220792,1,98.4,top 10%
SOLUSDT,2025-09-26,8.2,0–20,0.1347,0.0,0.0,0.0,0.0,0.0,0.0,0.7874,0.134644,1,90.5,top 10%
SOLUSDT,2025-09-27,5.2,0–20,0.1506,0.0,0.0,0.0,0.0,0.0,0.0,0.3137,0.11995,1,56.2,top 50%
SOLUSDT,2025-09-28,1.3,0–20,0.0653,0.0,0.0,0.0,0.0,0.0,0.0,0.0,0.084766,1,21.4,bottom 50%
SOLUSDT,2025-09-29,0.8,0–20,0.0385,0.0,0.0,0.0,0.0,0.0,0.0,0.0,0.091351,1,17.3,bottom 50%
SOLUSDT,2025-09-30,1.7,0–20,0.0847,0.0,0.0,0.0,0.0,0.0,0.0,0.0,0.056239,1,24.1,bottom 50%
SOLUSDT,2025-10-01,0.0,0–20,0.0,0.0,0.0,0.0,0.0,0.0,0.0,0.0,0.033496,1,6.0,bottom 50%
SOLUSDT,2025-10-02,0.0,0–20,0.0,0.0,0.0,0.0,0.0,0.0,0.0,0.0,-0.059039,0,6.0,bottom 50%
SOLUSDT,2025-10-03,0.0,0–20,0.0,0.0,0.0,0.0,0.0,0.0,0.0,0.0,-0.190291,0,6.0,bottom 50%
SOLUSDT,2025-10-04,0.0,0–20,0.0,0.0,0.0,0.0,0.0,0.0,0.0,0.0,-0.219072,0,6.0,bottom 50%
SOLUSDT,2025-10-05,0.0,0–20,0.0,0.0,0.0,0.0,0.0,0.0,0.0,0.0,-0.136013,0,6.0,bottom 50%
SOLUSDT,2025-10-06,0.0,0–20,0.0,0.0,0.0,0.0,0.0,0.0,0.0,0.0,-0.103858,0,6.0,bottom 50%
SOLUSDT,2025-10-07,0.1,0–20,0.0043,0.0,0.0,0.0,0.0,0.0,0.0,0.0,-0.081741,0,12.4,bottom 50%
SOLUSDT,2025-10-08,0.0,0–20,0.0,0.0,0.0,0.0,0.0,0.0,0.0,0.0,-0.153117,0,6.0,bottom 50%
SOLUSDT,2025-10-09,0.1,0–20,0.0047,0.0,0.0,0.0,0.0,0.0,0.0,0.0,-0.16427,0,12.4,bottom 50%
SOLUSDT,2025-10-10,12.7,0–20,0.2701,0.0429,0.0,0.0,0.0,0.0,0.9569,0.0,-0.035137,0,97.4,top 10%
SOLUSDT,2025-10-11,14.9,0–20,0.333,0.1216,0.0,0.0,0.0,0.0,0.9102,0.0,0.053951,1,98.0,top 10%
SOLUSDT,2025-10-12,6.3,0–20,0.1392,0.0,0.0,0.0,0.0,0.0,0.5009,0.0,-0.049164,0,65.4,top 50%
SOLUSDT,2025-10-13,3.2,0–20,0.0477,0.0,0.0,0.0,0.0,0.0,0.0,0.3273,-0.089345,0,37.9,bottom 50%
SOLUSDT,2025-10-14,3.2,0–20,0.0905,0.0,0.0,0.0,0.0,0.0,0.0,0.1998,-0.08295,0,37.9,bottom 50%
SOLUSDT,2025-10-15,3.0,0–20,0.1493,0.0,0.0,0.0,0.0,0.0,0.0,0.0,-0.071506,0,36.2,bottom 50%
SOLUSDT,2025-10-16,4.2,0–20,0.2102,0.0,0.0,0.0,0.0,0.0,0.0,0.0,0.036274,1,47.0,bottom 50%
SOLUSDT,2025-10-17,4.5,0–20,0.2271,0.0,0.0,0.0,0.0,0.0,0.0,0.0,0.063314,1,49.7,bottom 50%
SOLUSDT,2025-10-18,3.4,0–20,0.1699,0.0,0.0,0.0,0.0,0.0,0.0,0.0,0.033998,1,39.9,bottom 50%
SOLUSDT,2025-10-19,3.4,0–20,0.1684,0.0,0.0,0.0,0.0,0.0,0.0,0.0,0.065125,1,39.9,bottom 50%
SOLUSDT,2025-10-20,2.9,0–20,0.1469,0.0,0.0,0.0,0.0,0.0,0.0,0.0,0.047383,1,35.4,bottom 50%
SOLUSDT,2025-10-21,3.6,0–20,0.1809,0.0,0.0,0.0,0.0,0.0,0.0,0.0,0.04727,1,42.0,bottom 50%
SOLUSDT,2025-10-22,4.5,0–20,0.2257,0.0,0.0,0.0,0.0,0.0,0.0,0.0,0.079172,1,49.7,bottom 50%
SOLUSDT,2025-10-23,1.9,0–20,0.0943,0.0,0.0,0.0,0.0,0.0,0.0,0.0,-0.035341,0,25.9,bottom 50%
SOLUSDT,2025-10-24,1.4,0–20,0.0704,0.0,0.0,0.0,0.0,0.0,0.0,0.0,-0.03281,0,22.1,bottom 50%
SOLUSDT,2025-10-25,1.3,0–20,0.0648,0.0,0.0,0.0,0.0,0.0,0.0,0.0,-0.039478,0,21.4,bottom 50%
SOLUSDT,2025-10-26,0.0,0–20,0.0,0.0,0.0,0.0,0.0,0.0,0.0,0.0,-0.061005,0,6.0,bottom 50%
SOLUSDT,2025-10-27,0.2,0–20,0.0106,0.0,0.0,0.0,0.0,0.0,0.0,0.0,-0.164289,0,13.0,bottom 50%
SOLUSDT,2025-10-28,1.2,0–20,0.0606,0.0,0.0,0.0,0.0,0.0,0.0,0.0,-0.200777,0,20.5,bottom 50%
SOLUSDT,2025-10-29,1.2,0–20,0.061,0.0,0.0,0.0,0.0,0.0,0.0,0.0,-0.163802,0,20.5,bottom 50%
SOLUSDT,2025-10-30,4.4,0–20,0.1716,0.0,0.0,0.0,0.0,0.0,0.0,0.1356,-0.160101,0,48.9,bottom 50%
SOLUSDT,2025-10-31,6.7,0–20,0.1336,0.0,0.0,0.0,0.0,0.0,0.0,0.5775,-0.136218,0,67.5,top 50%
SOLUSDT,2025-11-01,3.1,0–20,0.1432,0.0,0.0,0.0,0.0,0.0,0.0,0.0293,-0.15172,0,37.0,bottom 50%
SOLUSDT,2025-11-02,2.4,0–20,0.1199,0.0,0.0,0.0,0.0,0.0,0.0,0.0,-0.124435,0,30.7,bottom 50%
SOLUSDT,2025-11-03,15.9,0–20,0.3381,0.3327,0.0,0.0,0.0,0.0,0.589,0.0,0.007684,1,98.4,top 10%
SOLUSDT,2025-11-04,19.3,0–20,0.415,0.3328,0.0,0.0,0.0,0.0,0.8592,0.0,-0.005372,0,99.5,top 10%
SOLUSDT,2025-11-05,6.5,0–20,0.3056,0.0,0.0,0.0,0.0,0.0,0.0,0.0593,-0.057232,0,66.5,top 50%
SOLUSDT,2025-11-06,8.7,0–20,0.3613,0.0492,0.0,0.0,0.0,0.0,0.0,0.0993,-0.064214,0,91.8,top 10%
SOLUSDT,2025-11-07,5.3,0–20,0.2646,0.0,0.0,0.0,0.0,0.0,0.0,0.0038,-0.142427,0,57.1,top 50%
SOLUSDT,2025-11-08,5.9,0–20,0.2939,0.0,0.0,0.0,0.0,0.0,0.0,0.0,-0.117438,0,62.1,top 50%
SOLUSDT,2025-11-09,4.1,0–20,0.2029,0.0,0.0,0.0,0.0,0.0,0.0,0.0,-0.165324,0,46.0,bottom 50%
SOLUSDT,2025-11-10,3.3,0–20,0.1625,0.0,0.0,0.0,0.0,0.0,0.0,0.0,-0.218196,0,38.9,bottom 50%
SOLUSDT,2025-11-11,5.5,0–20,0.2773,0.0,0.0,0.0,0.0,0.0,0.0,0.0,-0.08963,0,58.8,top 50%
SOLUSDT,2025-11-12,5.8,0–20,0.288,0.0,0.0,0.0,0.0,0.0,0.0,0.0,-0.107627,0,61.4,top 50%
SOLUSDT,2025-11-13,7.1,0–20,0.3526,0.0,0.0,0.0,0.0,0.0,0.0,0.0,-0.07988,0,86.3,top 25%
SOLUSDT,2025-11-14,8.0,0–20,0.3989,0.0,0.0,0.0,0.0,0.0,0.0,0.0,-0.07338,0,89.5,top 25%
SOLUSDT,2025-11-15,7.7,0–20,0.3847,0.0,0.0,0.0,0.0,0.0,0.0,0.0,-0.085885,0,88.4,top 25%
SOLUSDT,2025-11-16,8.0,0–20,0.402,0.0,0.0,0.0,0.0,0.0,0.0,0.0,-0.047795,0,89.5,top 25%
SOLUSDT,2025-11-17,9.0,0–20,0.4493,0.0,0.0,0.0,0.0,0.0,0.0,0.0,0.057495,1,92.4,top 10%
SOLUSDT,2025-11-18,5.6,0–20,0.2816,0.0,0.0,0.0,0.0,0.0,0.0,0.0,-0.012957,0,59.8,top 50%
SOLUSDT,2025-11-19,6.3,0–20,0.3157,0.0,0.0,0.0,0.0,0.0,0.0,0.0,0.045663,1,65.4,top 50%
SOLUSDT,2025-11-20,6.9,0–20,0.3434,0.0,0.0,0.0,0.0,0.0,0.0,0.0,0.054894,1,68.5,top 50%
SOLUSDT,2025-11-21,11.3,0–20,0.3847,0.0,0.0,0.0,0.0,0.0,0.5165,0.0,0.06918,1,96.5,top 10%
SOLUSDT,2025-11-22,7.8,0–20,0.3925,0.0,0.0,0.0,0.0,0.0,0.0,0.0,0.066879,1,88.8,top 25%
SOLUSDT,2025-11-23,6.6,0–20,0.3321,0.0,0.0,0.0,0.0,0.0,0.0,0.0,0.021879,1,66.9,top 50%
SOLUSDT,2025-11-24,3.9,0–20,0.1964,0.0,0.0,0.0,0.0,0.0,0.0,0.0,-0.084283,0,44.3,bottom 50%
SOLUSDT,2025-11-25,3.8,0–20,0.1876,0.0,0.0,0.0,0.0,0.0,0.0,0.0,-0.001562,0,43.5,bottom 50%
SOLUSDT,2025-11-26,2.3,0–20,0.1172,0.0,0.0,0.0,0.0,0.0,0.0,0.0,0.01319,1,29.8,bottom 50%
SOLUSDT,2025-11-27,2.9,0–20,0.1458,0.0,0.0,0.0,0.0,0.0,0.0,0.0,-0.013006,0,35.4,bottom 50%
SOLUSDT,2025-11-28,3.8,0–20,0.191,0.0,0.0,0.0,0.0,0.0,0.0,0.0,-0.029603,0,43.5,bottom 50%
SOLUSDT,2025-11-29,4.2,0–20,0.2081,0.0,0.0,0.0,0.0,0.0,0.0,0.0,-0.027434,0,47.0,bottom 50%
SOLUSDT,2025-11-30,4.8,0–20,0.2412,0.0,0.0,0.0,0.0,0.0,0.0,0.0,-0.011015,0,52.3,top 50%
SOLUSDT,2025-12-01,6.5,0–20,0.3242,0.0,0.0,0.0,0.0,0.0,0.0,0.0,0.051845,1,66.5,top 50%
SOLUSDT,2025-12-02,2.0,0–20,0.0984,0.0,0.0,0.0,0.0,0.0,0.0,0.0,-0.005571,0,26.7,bottom 50%
SOLUSDT,2025-12-03,0.1,0–20,0.0026,0.0,0.0,0.0,0.0,0.0,0.0,0.0,-0.058175,0,12.4,bottom 50%
SOLUSDT,2025-12-04,1.7,0–20,0.0839,0.0,0.0,0.0,0.0,0.0,0.0,0.0,-0.019012,0,24.1,bottom 50%
SOLUSDT,2025-12-05,3.1,0–20,0.1557,0.0,0.0,0.0,0.0,0.0,0.0,0.0,-0.007491,0,37.0,bottom 50%
SOLUSDT,2025-12-06,3.4,0–20,0.1677,0.0,0.0,0.0,0.0,0.0,0.0,0.0,0.006793,1,39.9,bottom 50%
SOLUSDT,2025-12-07,5.4,0–20,0.171,0.0,0.0,0.0,0.0,0.0,0.0,0.2849,-0.019777,0,58.0,top 50%
SOLUSDT,2025-12-08,3.9,0–20,0.148,0.0,0.0,0.0,0.0,0.0,0.0,0.1368,-0.041425,0,44.3,bottom 50%
SOLUSDT,2025-12-09,1.8,0–20,0.0607,0.0,0.0,0.0,0.0,0.0,0.0,0.0815,-0.062729,0,25.0,bottom 50%
SOLUSDT,2025-12-10,1.7,0–20,0.084,0.0,0.0,0.0,0.0,0.0,0.0,0.0,-0.097819,0,24.1,bottom 50%
SOLUSDT,2025-12-11,2.8,0–20,0.0856,0.0,0.0,0.0,0.0,0.0,0.0,0.1543,-0.123203,0,34.6,bottom 50%
SOLUSDT,2025-12-12,4.3,0–20,0.1541,0.0,0.0,0.0,0.0,0.0,0.0,0.1784,-0.046337,0,48.1,bottom 50%
SOLUSDT,2025-12-13,3.4,0–20,0.1333,0.0,0.0,0.0,0.0,0.0,0.0,0.0984,-0.055824,0,39.9,bottom 50%
SOLUSDT,2025-12-14,3.9,0–20,0.197,0.0,0.0,0.0,0.0,0.0,0.0,0.0,-0.026951,0,44.3,bottom 50%
SOLUSDT,2025-12-15,4.5,0–20,0.2251,0.0,0.0,0.0,0.0,0.0,0.0,0.0,-0.015309,0,49.7,bottom 50%
SOLUSDT,2025-12-16,3.7,0–20,0.1864,0.0,0.0,0.0,0.0,0.0,0.0,0.0,-0.041733,0,42.7,bottom 50%
SOLUSDT,2025-12-17,6.3,0–20,0.2861,0.0396,0.0,0.0,0.0,0.0,0.0,0.0,-0.00537,0,65.4,top 50%
SOLUSDT,2025-12-18,8.1,0–20,0.3368,0.0919,0.0,0.0,0.0,0.0,0.0,0.0,0.003153,1,90.0,top 10%
SOLUSDT,2025-12-19,3.4,0–20,0.1699,0.0,0.0,0.0,0.0,0.0,0.0,0.0,-0.031672,0,39.9,bottom 50%
SOLUSDT,2025-12-20,3.5,0–20,0.1763,0.0,0.0,0.0,0.0,0.0,0.0,0.0,-0.009231,0,41.1,bottom 50%
SOLUSDT,2025-12-21,4.1,0–20,0.1717,0.0,0.0,0.0,0.0,0.0,0.0,0.0978,-0.006287,0,46.0,bottom 50%
SOLUSDT,2025-12-22,3.5,0–20,0.1753,0.0,0.0,0.0,0.0,0.0,0.0,0.0,-0.021272,0,41.1,bottom 50%
SOLUSDT,2025-12-23,4.3,0–20,0.2135,0.0,0.0,0.0,0.0,0.0,0.0,0.0,0.008672,1,48.1,bottom 50%
SOLUSDT,2025-12-24,4.8,0–20,0.2407,0.0,0.0,0.0,0.0,0.0,0.0,0.0,0.016543,1,52.3,top 50%
SOLUSDT,2025-12-25,5.8,0–20,0.2883,0.0,0.0,0.0,0.0,0.0,0.0,0.0,0.056808,1,61.4,top 50%
SOLUSDT,2025-12-26,4.3,0–20,0.2148,0.0,0.0,0.0,0.0,0.0,0.0,0.0,0.081326,1,48.1,bottom 50%
SOLUSDT,2025-12-27,2.8,0–20,0.1386,0.0,0.0,0.0,0.0,0.0,0.0,0.0,0.069402,1,34.6,bottom 50%
SOLUSDT,2025-12-28,2.4,0–20,0.1215,0.0,0.0,0.0,0.0,0.0,0.0,0.0,0.069491,1,30.7,bottom 50%
SOLUSDT,2025-12-29,3.4,0–20,0.1718,0.0,0.0,0.0,0.0,0.0,0.0,0.0,0.120729,1,39.9,bottom 50%
SOLUSDT,2025-12-30,2.2,0–20,0.1121,0.0,0.0,0.0,0.0,0.0,0.0,0.0,0.129408,1,28.8,bottom 50%
SOLUSDT,2025-12-31,2.5,0–20,0.124,0.0,0.0,0.0,0.0,0.0,0.0,0.0,0.09502,1,31.9,bottom 50%
SOLUSDT,2026-01-01,0.9,0–20,0.0471,0.0,0.0,0.0,0.0,0.0,0.0,0.0,0.090977,1,18.3,bottom 50%
SOLUSDT,2026-01-02,0.0,0–20,0.0,0.0,0.0,0.0,0.0,0.0,0.0,0.0,0.027417,1,6.0,bottom 50%
SOLUSDT,2026-01-03,0.0,0–20,0.0,0.0,0.0,0.0,0.0,0.0,0.0,0.0,0.018219,1,6.0,bottom 50%
SOLUSDT,2026-01-04,0.0,0–20,0.0,0.0,0.0,0.0,0.0,0.0,0.0,0.0,0.041754,1,6.0,bottom 50%
SOLUSDT,2026-01-05,0.0,0–20,0.0,0.0,0.0,0.0,0.0,0.0,0.0,0.0,0.008306,1,6.0,bottom 50%
SOLUSDT,2026-01-06,1.2,0–20,0.0,0.0,0.0,0.0,0.0,0.0,0.0,0.1646,0.030209,1,20.5,bottom 50%
SOLUSDT,2026-01-07,3.8,0–20,0.0,0.0,0.0,0.0,0.0,0.0,0.0,0.542,0.076587,1,43.5,bottom 50%
SOLUSDT,2026-01-08,2.0,0–20,0.0,0.0,0.0,0.0,0.0,0.0,0.0,0.2921,0.029206,1,26.7,bottom 50%
SOLUSDT,2026-01-09,4.6,0–20,0.0,0.0,0.0,0.0,0.0,0.0,0.3296,0.326,0.067062,1,50.6,top 50%
SOLUSDT,2026-01-10,3.3,0–20,0.0,0.0,0.0,0.0,0.0,0.0,0.0,0.4684,0.058932,1,38.9,bottom 50%
SOLUSDT,2026-01-11,4.2,0–20,0.0,0.0,0.0,0.0,0.0,0.0,0.0,0.6011,-0.010718,0,47.0,bottom 50%
SOLUSDT,2026-01-12,3.6,0–20,0.0,0.0,0.0,0.0,0.0,0.0,0.0,0.5132,-0.041668,0,42.0,bottom 50%
SOLUSDT,2026-01-13,4.8,0–20,0.0,0.0,0.0,0.0,0.0,0.0,0.0,0.6796,-0.135216,0,52.3,top 50%
SOLUSDT,2026-01-14,5.0,0–20,0.0,0.0,0.0,0.0,0.0,0.0,0.0,0.7124,-0.118388,0,54.2,top 50%
SOLUSDT,2026-01-15,4.1,0–20,0.0,0.0,0.0,0.0,0.0,0.0,0.0,0.5806,-0.098671,0,46.0,bottom 50%
SOLUSDT,2026-01-16,4.3,0–20,0.0,0.0,0.0,0.0,0.0,0.0,0.0,0.6183,-0.120798,0,48.1,bottom 50%
SOLUSDT,2026-01-17,4.0,0–20,0.0,0.0,0.0,0.0,0.0,0.0,0.0,0.5749,-0.115998,0,45.2,bottom 50%
SOLUSDT,2026-01-18,6.0,0–20,0.0,0.0,0.0,0.0,0.0,0.0,0.0,0.8572,-0.139299,0,62.8,top 50%
SOLUSDT,2026-01-19,7.2,0–20,0.0831,0.0,0.0,0.0,0.0,0.0,0.0,0.7935,-0.06899,0,86.8,top 25%
SOLUSDT,2026-01-20,13.2,0–20,0.2361,0.0197,0.0,0.0,0.0,0.0,0.5403,0.6331,0.010732,1,97.6,top 10%
SOLUSDT,2026-01-21,7.2,0–20,0.1377,0.0,0.0,0.0,0.0,0.0,0.0,0.6376,-0.032931,0,86.8,top 25%
SOLUSDT,2026-01-22,5.9,0–20,0.1591,0.0,0.0,0.0,0.0,0.0,0.0,0.3915,-0.08327,0,62.1,top 50%
SOLUSDT,2026-01-23,4.7,0–20,0.1778,0.0,0.0,0.0,0.0,0.0,0.0,0.1626,-0.078505,0,51.5,top 50%
SOLUSDT,2026-01-24,3.7,0–20,0.1842,0.0,0.0,0.0,0.0,0.0,0.0,0.0,-0.170102,0,42.7,bottom 50%
SOLUSDT,2026-01-25,7.9,0–20,0.3358,0.0788,0.0,0.0,0.0,0.0,0.0,0.0,-0.150896,0,89.1,top 25%
SOLUSDT,2026-01-26,3.6,0–20,0.1825,0.0,0.0,0.0,0.0,0.0,0.0,0.0,-0.158439,0,42.0,bottom 50%
SOLUSDT,2026-01-27,2.2,0–20,0.108,0.0,0.0,0.0,0.0,0.0,0.0,0.0,-0.232112,0,28.8,bottom 50%
SOLUSDT,2026-01-28,2.9,0–20,0.1465,0.0,0.0,0.0,0.0,0.0,0.0,0.0,-0.264463,0,35.4,bottom 50%
SOLUSDT,2026-01-29,8.1,0–20,0.2767,0.0,0.0,0.0,0.0,0.0,0.3709,0.0,-0.335174,0,90.0,top 10%
SOLUSDT,2026-01-30,9.0,0–20,0.2805,0.0,0.0,0.0,0.0,0.0,0.4869,0.0,-0.25475,0,92.4,top 10%
SOLUSDT,2026-01-31,16.6,0–20,0.4376,0.0747,0.0,0.0,0.0,0.0,0.9622,0.0,-0.168831,0,98.6,top 10%
SOLUSDT,2026-02-01,10.5,0–20,0.4842,0.0529,0.0,0.0,0.0,0.0,0.0,0.0,-0.1369,0,95.6,top 10%
SOLUSDT,2026-02-02,11.6,0–20,0.3865,0.0,0.0,0.0,0.0,0.0,0.5545,0.0,-0.170089,0,96.7,top 10%
SOLUSDT,2026-02-03,9.2,0–20,0.4596,0.0,0.0,0.0,0.0,0.0,0.0,0.0,-0.150142,0,93.0,top 10%
SOLUSDT,2026-02-04,13.7,0–20,0.51,0.0,0.0,0.0,0.0,0.0,0.4943,0.0,-0.138815,0,97.8,top 10%
SOLUSDT,2026-02-05,21.2,20–40,0.6084,0.1335,0.0,0.0,0.0,0.0,1.0,0.0,0.002059,1,99.9,top 10%
SOLUSDT,2026-02-06,13.9,0–20,0.4048,0.0,0.0,0.0,0.0,0.0,0.8292,0.0,-0.035926,0,97.9,top 10%
SOLUSDT,2026-02-07,8.0,0–20,0.4012,0.0,0.0,0.0,0.0,0.0,0.0,0.0,0.005945,1,89.5,top 25%
SOLUSDT,2026-02-08,8.1,0–20,0.4068,0.0,0.0,0.0,0.0,0.0,0.0,0.0,-0.011937,0,90.0,top 10%
SOLUSDT,2026-02-09,8.2,0–20,0.4102,0.0,0.0,0.0,0.0,0.0,0.0,0.0,-0.003149,0,90.5,top 10%
SOLUSDT,2026-02-10,9.0,0–20,0.4479,0.0,0.0,0.0,0.0,0.0,0.0,0.0,0.027524,1,92.4,top 10%
SOLUSDT,2026-02-11,9.6,0–20,0.4823,0.0,0.0,0.0,0.0,0.0,0.0,0.0,0.029181,1,93.7,top 10%
SOLUSDT,2026-02-12,9.8,0–20,0.4908,0.0,0.0,0.0,0.0,0.0,0.0,0.0,0.051626,1,94.3,top 10%
SOLUSDT,2026-02-13,6.7,0–20,0.3357,0.0,0.0,0.0,0.0,0.0,0.0,0.0,0.003707,1,67.5,top 50%
SOLUSDT,2026-02-14,4.9,0–20,0.246,0.0,0.0,0.0,0.0,0.0,0.0,0.0,-0.033458,0,53.2,top 50%
SOLUSDT,2026-02-15,5.5,0–20,0.2754,0.0,0.0,0.0,0.0,0.0,0.0,0.0,-0.037371,0,58.8,top 50%
SOLUSDT,2026-02-16,5.3,0–20,0.265,0.0,0.0,0.0,0.0,0.0,0.0,0.0,-0.100377,0,57.1,top 50%
SOLUSDT,2026-02-17,5.7,0–20,0.2833,0.0,0.0,0.0,0.0,0.0,0.0,0.0,-0.072315,0,60.7,top 50%
SOLUSDT,2026-02-18,6.7,0–20,0.336,0.0,0.0,0.0,0.0,0.0,0.0,0.0,0.077834,1,67.5,top 50%
SOLUSDT,2026-02-19,6.2,0–20,0.3124,0.0,0.0,0.0,0.0,0.0,0.0,0.0,0.042672,1,64.5,top 50%
SOLUSDT,2026-02-20,5.0,0–20,0.2478,0.0,0.0,0.0,0.0,0.0,0.0,0.0,-0.031708,0,54.2,top 50%
SOLUSDT,2026-02-21,4.6,0–20,0.2311,0.0,0.0,0.0,0.0,0.0,0.0,0.0,-0.009916,0,50.6,top 50%
SOLUSDT,2026-02-22,5.5,0–20,0.2751,0.0,0.0,0.0,0.0,0.0,0.0,0.0,0.009502,1,58.8,top 50%
SOLUSDT,2026-02-23,7.2,0–20,0.3576,0.0,0.0,0.0,0.0,0.0,0.0,0.0,0.114223,1,86.8,top 25%
SOLUSDT,2026-02-24,6.3,0–20,0.3165,0.0,0.0,0.0,0.0,0.0,0.0,0.0,0.101007,1,65.4,top 50%
SOLUSDT,2026-02-25,4.5,0–20,0.0742,0.0,0.0,0.0,0.0,0.0,0.0,0.4283,0.033198,1,49.7,bottom 50%
SOLUSDT,2026-02-26,2.3,0–20,0.1139,0.0,0.0,0.0,0.0,0.0,0.0,0.0,0.032383,1,29.8,bottom 50%
SOLUSDT,2026-02-27,3.8,0–20,0.1878,0.0,0.0,0.0,0.0,0.0,0.0,0.0,0.033316,1,43.5,bottom 50%
SOLUSDT,2026-02-28,2.5,0–20,0.1261,0.0,0.0,0.0,0.0,0.0,0.0,0.0,-0.01406,0,31.9,bottom 50%
SOLUSDT,2026-03-01,2.8,0–20,0.1418,0.0,0.0,0.0,0.0,0.0,0.0,0.0,-0.023368,0,34.6,bottom 50%
SOLUSDT,2026-03-02,3.3,0–20,0.0621,0.0,0.0,0.0,0.0,0.0,0.0,0.2971,-0.019604,0,38.9,bottom 50%
SOLUSDT,2026-03-03,4.0,0–20,0.0522,0.0,0.0,0.0,0.0,0.0,0.0,0.4253,-0.013578,0,45.2,bottom 50%
SOLUSDT,2026-03-04,1.8,0–20,0.0,0.0,0.0,0.0,0.0,0.0,0.0,0.2549,-0.047001,0,25.0,bottom 50%
SOLUSDT,2026-03-05,0.2,0–20,0.0109,0.0,0.0,0.0,0.0,0.0,0.0,0.0027,-0.020558,0,13.0,bottom 50%
SOLUSDT,2026-03-06,2.1,0–20,0.1049,0.0,0.0,0.0,0.0,0.0,0.0,0.0,0.040995,1,27.7,bottom 50%
SOLUSDT,2026-03-07,3.0,0–20,0.138,0.0,0.0,0.0,0.0,0.0,0.0,0.0351,0.058797,1,36.2,bottom 50%
SOLUSDT,2026-03-08,3.7,0–20,0.1721,0.0,0.0,0.0,0.0,0.0,0.0,0.0321,0.130196,1,42.7,bottom 50%
SOLUSDT,2026-03-09,3.7,0–20,0.0746,0.0,0.0,0.0,0.0,0.0,0.0,0.3093,0.132895,1,42.7,bottom 50%
SOLUSDT,2026-03-10,3.9,0–20,0.049,0.0,0.0,0.0,0.0,0.0,0.0,0.4227,0.103308,1,44.3,bottom 50%
SOLUSDT,2026-03-11,1.5,0–20,0.0278,0.0,0.0,0.0,0.0,0.0,0.0,0.142,0.040441,1,22.8,bottom 50%
SOLUSDT,2026-03-12,0.4,0–20,0.0186,0.0,0.0,0.0,0.0,0.0,0.0,0.0,0.0236,1,14.1,bottom 50%
SOLUSDT,2026-03-13,0.0,0–20,0.0,0.0,0.0,0.0,0.0,0.0,0.0,0.0,0.019288,1,6.0,bottom 50%
SOLUSDT,2026-03-14,0.9,0–20,0.0,0.0,0.0,0.0,0.0,0.0,0.0,0.1343,-0.006873,0,18.3,bottom 50%
SOLUSDT,2026-03-15,3.9,0–20,0.0,0.0,0.0,0.0,0.0,0.0,0.0,0.5588,-0.066378,0,44.3,bottom 50%
SOLUSDT,2026-03-16,3.7,0–20,0.0,0.0,0.0,0.0,0.0,0.0,0.0,0.5294,-0.04988,0,42.7,bottom 50%
SOLUSDT,2026-03-17,0.0,0–20,0.0,0.0,0.0,0.0,0.0,0.0,0.0,0.0,-0.041006,0,6.0,bottom 50%
SOLUSDT,2026-03-18,0.9,0–20,0.0,0.0,0.0,0.0,0.0,0.0,0.0,0.1334,0.018237,1,18.3,bottom 50%
SOLUSDT,2026-03-19,2.7,0–20,0.0024,0.0,0.0,0.0,0.0,0.0,0.0,0.3769,-0.027822,0,33.6,bottom 50%
SOLUSDT,2026-03-20,3.2,0–20,0.0,0.0,0.0,0.0,0.0,0.0,0.0,0.4552,-0.076065,0,37.9,bottom 50%
SOLUSDT,2026-03-21,5.8,0–20,0.0488,0.0,0.0,0.0,0.0,0.0,0.0,0.6877,-0.062308,0,61.4,top 50%
SOLUSDT,2026-03-22,4.7,0–20,0.0891,0.0,0.0,0.0,0.0,0.0,0.0,0.4236,-0.054639,0,51.5,top 50%
SOLUSDT,2026-03-23,1.2,0–20,0.0,0.0,0.0,0.0,0.0,0.0,0.0,0.1777,-0.098224,0,20.5,bottom 50%
SOLUSDT,2026-03-24,0.0,0–20,0.0,0.0,0.0,0.0,0.0,0.0,0.0,0.0,-0.084957,0,6.0,bottom 50%
SOLUSDT,2026-03-25,0.5,0–20,0.0,0.0,0.0,0.0,0.0,0.0,0.0,0.0669,-0.114635,0,14.9,bottom 50%
SOLUSDT,2026-03-26,2.8,0–20,0.082,0.0,0.0,0.0,0.0,0.0,0.0,0.1624,-0.086676,0,34.6,bottom 50%
SOLUSDT,2026-03-27,4.6,0–20,0.1711,0.0,0.0,0.0,0.0,0.0,0.0,0.1708,-0.031924,0,50.6,top 50%
SOLUSDT,2026-03-28,7.7,0–20,0.1957,0.0,0.0,0.0,0.0,0.0,0.0,0.5385,-0.014719,0,88.4,top 25%
SOLUSDT,2026-03-29,6.4,0–20,0.2107,0.0,0.0,0.0,0.0,0.0,0.0,0.3106,0.005307,1,66.0,top 50%
SOLUSDT,2026-03-30,5.6,0–20,0.1703,0.0,0.0,0.0,0.0,0.0,0.0,0.3074,-0.027806,0,59.8,top 50%
SOLUSDT,2026-03-31,2.9,0–20,0.1438,0.0,0.0,0.0,0.0,0.0,0.0,0.0,0.030582,1,35.4,bottom 50%
SOLUSDT,2026-04-01,4.0,0–20,0.2002,0.0,0.0,0.0,0.0,0.0,0.0,0.0,0.017075,1,45.2,bottom 50%
SOLUSDT,2026-04-02,5.2,0–20,0.2618,0.0,0.0,0.0,0.0,0.0,0.0,0.0,0.055052,1,56.2,top 50%
SOLUSDT,2026-04-03,4.0,0–20,0.199,0.0,0.0,0.0,0.0,0.0,0.0,0.0,0.055493,1,45.2,bottom 50%
SOLUSDT,2026-04-04,3.6,0–20,0.1794,0.0,0.0,0.0,0.0,0.0,0.0,0.0,0.051237,1,42.0,bottom 50%
SOLUSDT,2026-04-05,2.6,0–20,0.132,0.0,0.0,0.0,0.0,0.0,0.0,0.0,-0.0039,0,32.7,bottom 50%
SOLUSDT,2026-04-06,3.8,0–20,0.1891,0.0,0.0,0.0,0.0,0.0,0.0,0.0,0.081159,1,43.5,bottom 50%
SOLUSDT,2026-04-07,0.0,0–20,0.0,0.0,0.0,0.0,0.0,0.0,0.0,0.0,-0.021873,0,6.0,bottom 50%
SOLUSDT,2026-04-08,1.4,0–20,0.0716,0.0,0.0,0.0,0.0,0.0,0.0,0.0,0.028307,1,22.1,bottom 50%
SOLUSDT,2026-04-09,0.9,0–20,0.0451,0.0,0.0,0.0,0.0,0.0,0.0,0.0,0.068387,1,18.3,bottom 50%
SOLUSDT,2026-04-10,0.0,0–20,0.0,0.0,0.0,0.0,0.0,0.0,0.0,0.0,0.047693,1,6.0,bottom 50%
SOLUSDT,2026-04-11,0.0,0–20,0.0,0.0,0.0,0.0,0.0,0.0,0.0,0.0,0.014761,1,6.0,bottom 50%
SOLUSDT,2026-04-12,2.2,0–20,0.1079,0.0,0.0,0.0,0.0,0.0,0.0,0.0,0.02509,1,28.8,bottom 50%
SOLUSDT,2026-04-13,0.0,0–20,0.0,0.0,0.0,0.0,0.0,0.0,0.0,0.0,-0.015274,0,6.0,bottom 50%
SOLUSDT,2026-04-14,0.5,0–20,0.0232,0.0,0.0,0.0,0.0,0.0,0.0,0.0,0.026916,1,14.9,bottom 50%
SOLUSDT,2026-04-15,0.0,0–20,0.0,0.0,0.0,0.0,0.0,0.0,0.0,0.0,0.02351,1,6.0,bottom 50%
SOLUSDT,2026-04-16,0.9,0–20,0.0,0.0,0.0,0.0,0.0,0.0,0.0,0.1218,-0.03206,0,18.3,bottom 50%
SOLUSDT,2026-04-17,0.0,0–20,0.0,0.0,0.0,0.0,0.0,0.0,0.0,0.0,-0.029731,0,6.0,bottom 50%
SOLUSDT,2026-04-18,2.2,0–20,0.0,0.0,0.0,0.0,0.0,0.0,0.0,0.3197,-0.000598,0,28.8,bottom 50%
SOLUSDT,2026-04-19,1.6,0–20,0.0512,0.0,0.0,0.0,0.0,0.0,0.0,0.0805,0.040553,1,23.4,bottom 50%
SOLUSDT,2026-04-20,0.8,0–20,0.0,0.0,0.0,0.0,0.0,0.0,0.0,0.1096,-0.006037,0,17.3,bottom 50%
SOLUSDT,2026-04-21,3.2,0–20,0.0,0.0,0.0,0.0,0.0,0.0,0.0,0.4643,-0.023137,0,37.9,bottom 50%
SOLUSDT,2026-04-22,4.3,0–20,0.0,0.0,0.0,0.0,0.0,0.0,0.0,0.6146,-0.044744,0,48.1,bottom 50%
SOLUSDT,2026-04-23,2.5,0–20,0.0,0.0,0.0,0.0,0.0,0.0,0.0,0.3627,-0.036188,0,31.9,bottom 50%
SOLUSDT,2026-04-24,1.2,0–20,0.0,0.0,0.0,0.0,0.0,0.0,0.0,0.177,-0.029089,0,20.5,bottom 50%
SOLUSDT,2026-04-25,1.5,0–20,0.0,0.0,0.0,0.0,0.0,0.0,0.0,0.2145,-0.021759,0,22.8,bottom 50%
SOLUSDT,2026-04-26,2.6,0–20,0.0,0.0,0.0,0.0,0.0,0.0,0.0,0.3707,-0.035309,0,32.7,bottom 50%
SOLUSDT,2026-04-27,1.2,0–20,0.0325,0.0,0.0,0.0,0.0,0.0,0.0,0.0722,-0.008582,0,20.5,bottom 50%
SOLUSDT,2026-04-28,2.8,0–20,0.0665,0.0,0.0,0.0,0.0,0.0,0.0,0.2102,0.027133,1,34.6,bottom 50%
SOLUSDT,2026-04-29,3.4,0–20,0.1103,0.0,0.0,0.0,0.0,0.0,0.0,0.1696,0.073689,1,39.9,bottom 50%
SOLUSDT,2026-04-30,2.7,0–20,0.1104,0.0,0.0,0.0,0.0,0.0,0.0,0.0751,0.064813,1,33.6,bottom 50%
SOLUSDT,2026-05-01,2.2,0–20,0.0702,0.0,0.0,0.0,0.0,0.0,0.0,0.1145,0.098256,1,28.8,bottom 50%
SOLUSDT,2026-05-02,2.2,0–20,0.0382,0.0,0.0,0.0,0.0,0.0,0.0,0.2,0.105236,1,28.8,bottom 50%
SOLUSDT,2026-05-03,1.2,0–20,0.0588,0.0,0.0,0.0,0.0,0.0,0.0,0.0,0.149314,1,20.5,bottom 50%
SOLUSDT,2026-05-04,0.9,0–20,0.0466,0.0,0.0,0.0,0.0,0.0,0.0,0.0,0.157692,1,18.3,bottom 50%
SOLUSDT,2026-05-05,0.0,0–20,0.0,0.0,0.0,0.0,0.0,0.0,0.0,0.0,0.092275,1,6.0,bottom 50%
SOLUSDT,2026-05-06,0.0,0–20,0.0,0.0,0.0,0.0,0.0,0.0,0.0,0.0,0.021767,1,6.0,bottom 50%
SOLUSDT,2026-05-07,0.0,0–20,0.0,0.0,0.0,0.0,0.0,0.0,0.0,0.0,0.04235,1,6.0,bottom 50%
SOLUSDT,2026-05-08,0.0,0–20,0.0,0.0,0.0,0.0,0.0,0.0,0.0,0.0,-0.029902,0,6.0,bottom 50%
SOLUSDT,2026-05-09,0.2,0–20,0.0,0.0,0.0,0.0,0.0,0.0,0.0,0.0337,-0.070954,0,13.0,bottom 50%
SOLUSDT,2026-05-10,0.5,0–20,0.0,0.0,0.0,0.0,0.0,0.0,0.0,0.0646,-0.11671,0,14.9,bottom 50%
SOLUSDT,2026-05-11,1.4,0–20,0.0,0.0,0.0,0.0,0.0,0.0,0.0,0.1977,-0.123813,0,22.1,bottom 50%
SOLUSDT,2026-05-12,0.6,0–20,0.0,0.0,0.0,0.0,0.0,0.0,0.0,0.0914,-0.106865,0,15.9,bottom 50%
SOLUSDT,2026-05-13,2.3,0–20,0.0,0.0,0.0,0.0,0.0,0.0,0.0,0.334,-0.055371,0,29.8,bottom 50%
SOLUSDT,2026-05-14,2.8,0–20,0.0,0.0,0.0,0.0,0.0,0.0,0.0,0.3966,-0.054179,0,34.6,bottom 50%
SOLUSDT,2026-05-15,3.9,0–20,0.0,0.0,0.0,0.0,0.0,0.0,0.0,0.5517,-0.054857,0,44.3,bottom 50%
SOLUSDT,2026-05-16,5.5,0–20,0.0873,0.0,0.0,0.0,0.0,0.0,0.0,0.5305,-0.010146,0,58.8,top 50%
SOLUSDT,2026-05-17,6.2,0–20,0.136,0.0,0.0,0.0,0.0,0.0,0.0,0.5041,0.000901,1,64.5,top 50%
SOLUSDT,2026-05-18,5.4,0–20,0.1301,0.0,0.0,0.0,0.0,0.0,0.0,0.3926,-0.003358,0,58.0,top 50%
SOLUSDT,2026-05-19,6.9,0–20,0.1708,0.0,0.0,0.0,0.0,0.0,0.0,0.502,-0.007387,0,68.5,top 50%
SOLUSDT,2026-05-20,4.1,0–20,0.0792,0.0,0.0,0.0,0.0,0.0,0.0,0.3588,-0.042698,0,46.0,bottom 50%
SOLUSDT,2026-05-21,1.7,0–20,0.0266,0.0,0.0,0.0,0.0,0.0,0.0,0.1692,-0.059328,0,24.1,bottom 50%
SOLUSDT,2026-05-22,3.2,0–20,0.1418,0.0,0.0,0.0,0.0,0.0,0.0,0.0526,-0.028166,0,37.9,bottom 50%
SOLUSDT,2026-05-23,2.1,0–20,0.0767,0.0,0.0,0.0,0.0,0.0,0.0,0.0836,-0.036321,0,27.7,bottom 50%
SOLUSDT,2026-05-24,1.9,0–20,0.0935,0.0,0.0,0.0,0.0,0.0,0.0,0.0071,-0.034621,0,25.9,bottom 50%
SOLUSDT,2026-05-25,2.1,0–20,0.1038,0.0,0.0,0.0,0.0,0.0,0.0,0.0,-0.046153,0,27.7,bottom 50%
SOLUSDT,2026-05-26,3.3,0–20,0.1646,0.0,0.0,0.0,0.0,0.0,0.0,0.0,-0.112981,0,38.9,bottom 50%
SOLUSDT,2026-05-27,4.3,0–20,0.2138,0.0,0.0,0.0,0.0,0.0,0.0,0.0,-0.130581,0,48.1,bottom 50%
SOLUSDT,2026-05-28,4.6,0–20,0.2292,0.0,0.0,0.0,0.0,0.0,0.0,0.0,-0.161815,0,50.6,top 50%
SOLUSDT,2026-05-29,4.6,0–20,0.2314,0.0,0.0,0.0,0.0,0.0,0.0,0.0,-0.225131,0,50.6,top 50%
SOLUSDT,2026-05-30,3.8,0–20,0.1883,0.0,0.0,0.0,0.0,0.0,0.0,0.0,-0.246616,0,43.5,bottom 50%
SOLUSDT,2026-05-31,4.0,0–20,0.2005,0.0,0.0,0.0,0.0,0.0,0.0,0.0,-0.194265,0,45.2,bottom 50%
SOLUSDT,2026-06-01,5.2,0–20,0.2589,0.0,0.0,0.0,0.0,0.0,0.0,0.0,-0.176256,0,56.2,top 50%
SOLUSDT,2026-06-02,17.2,0–20,0.4891,0.2805,0.0,0.0,0.0,0.0,0.4651,0.0,-0.123826,0,98.8,top 10%
SOLUSDT,2026-06-03,15.1,0–20,0.5447,0.2791,0.0,0.0,0.0,0.0,0.0,0.0,-0.118016,0,98.2,top 10%
SOLUSDT,2026-06-04,20.7,20–40,0.5984,0.2339,0.0,0.0,0.0,0.0,0.7514,0.0,-0.027604,0,99.7,top 10%
SOLUSDT,2026-06-05,23.0,20–40,0.6735,0.2474,0.0,0.0,0.0,0.0,0.8304,0.0,0.051386,1,100.0,top 10%
SOLUSDT,2026-06-06,15.5,0–20,0.689,0.112,0.0,0.0,0.0,0.0,0.0,0.0,0.107461,1,98.3,top 10%
SOLUSDT,2026-06-07,9.1,0–20,0.4528,0.0,0.0,0.0,0.0,0.0,0.0,0.0,0.073224,1,92.8,top 10%
SOLUSDT,2026-06-08,8.5,0–20,0.4275,0.0,0.0,0.0,0.0,0.0,0.0,0.0,0.107559,1,91.3,top 10%
SOLUSDT,2026-06-09,9.3,0–20,0.4654,0.0,0.0,0.0,0.0,0.0,0.0,0.0,0.130103,1,93.2,top 10%
SOLUSDT,2026-06-10,10.0,0–20,0.5004,0.0,0.0,0.0,0.0,0.0,0.0,0.0,0.138852,1,94.8,top 10%
SOLUSDT,2026-06-11,6.2,0–20,0.3123,0.0,0.0,0.0,0.0,0.0,0.0,0.0,0.04197,1,64.5,top 50%
SOLUSDT,2026-06-12,6.3,0–20,0.3142,0.0,0.0,0.0,0.0,0.0,0.0,0.0,0.044515,1,65.4,top 50%
SOLUSDT,2026-06-13,4.2,0–20,0.2122,0.0,0.0,0.0,0.0,0.0,0.0,0.0,0.062432,1,47.0,bottom 50%
SOLUSDT,2026-06-14,2.2,0–20,0.1119,0.0,0.0,0.0,0.0,0.0,0.0,0.0,0.017592,1,28.8,bottom 50%
SOLUSDT,2026-06-15,0.0,0–20,0.0023,0.0,0.0,0.0,0.0,0.0,0.0,0.0,-0.027997,0,6.0,bottom 50%
SOLUSDT,2026-06-16,0.5,0–20,0.0232,0.0,0.0,0.0,0.0,0.0,0.0,0.0,-0.051354,0,14.9,bottom 50%
SOLUSDT,2026-06-17,1.6,0–20,0.0776,0.0,0.0,0.0,0.0,0.0,0.0,0.0,-0.054893,0,23.4,bottom 50%
SOLUSDT,2026-06-18,3.1,0–20,0.1562,0.0,0.0,0.0,0.0,0.0,0.0,0.0,-0.029477,0,37.0,bottom 50%
SOLUSDT,2026-06-19,3.0,0–20,0.1519,0.0,0.0,0.0,0.0,0.0,0.0,0.0,0.030332,1,36.2,bottom 50%
SOLUSDT,2026-06-20,0.1,0–20,0.0038,0.0,0.0,0.0,0.0,0.0,0.0,0.0,-0.037746,0,12.4,bottom 50%
SOLUSDT,2026-06-21,0.7,0–20,0.033,0.0,0.0,0.0,0.0,0.0,0.0,0.0,-0.015262,0,16.6,bottom 50%
SOLUSDT,2026-06-22,1.1,0–20,0.0533,0.0,0.0,0.0,0.0,0.0,0.0,0.0,0.042257,1,19.7,bottom 50%
SOLUSDT,2026-06-23,2.8,0–20,0.1395,0.0,0.0,0.0,0.0,0.0,0.0,0.0,0.055707,1,34.6,bottom 50%
SOLUSDT,2026-06-24,4.4,0–20,0.1972,0.0,0.0,0.0,0.0,0.0,0.0,0.0711,0.138289,1,48.9,bottom 50%
SOLUSDT,2026-06-25,11.9,0–20,0.2112,0.0,0.0,0.0,0.0,0.0,0.3875,0.7044,0.193416,1,97.0,top 10%
SOLUSDT,2026-06-26,6.0,0–20,0.0126,0.0,0.0,0.0,0.0,0.0,0.0,0.8157,0.145397,1,62.8,top 50%
SOLUSDT,2026-06-27,4.2,0–20,0.0677,0.0,0.0,0.0,0.0,0.0,0.0,0.4133,0.15962,1,47.0,bottom 50%
SOLUSDT,2026-06-28,2.1,0–20,0.0286,0.0,0.0,0.0,0.0,0.0,0.0,0.2184,0.141771,1,27.7,bottom 50%
SOLUSDT,2026-06-29,1.8,0–20,0.0,0.0,0.0,0.0,0.0,0.0,0.0,0.2563,0.092977,1,25.0,bottom 50%
SOLUSDT,2026-06-30,2.7,0–20,0.0,0.0,0.0,0.0,0.0,0.0,0.0,0.3801,0.096913,1,33.6,bottom 50%
SOLUSDT,2026-07-01,2.8,0–20,0.0,0.0,0.0,0.0,0.0,0.0,0.0,0.4041,0.005212,1,34.6,bottom 50%
SOLUSDT,2026-07-02,2.2,0–20,0.0,0.0,0.0,0.0,0.0,0.0,0.0,0.3141,-0.032222,0,28.8,bottom 50%
SOLUSDT,2026-07-03,1.4,0–20,0.0,0.0,0.0,0.0,0.0,0.0,0.0,0.2044,-0.051209,0,22.1,bottom 50%
SOLUSDT,2026-07-04,2.0,0–20,0.0,0.0,0.0,0.0,0.0,0.0,0.0,0.2894,-0.0591,0,26.7,bottom 50%
SOLUSDT,2026-07-05,0.0,0–20,0.0,0.0,0.0,0.0,0.0,0.0,0.0,0.0,-0.055871,0,6.0,bottom 50%
SOLUSDT,2026-07-06,2.0,0–20,0.0,0.0,0.0,0.0,0.0,0.0,0.0,0.2862,-0.086111,0,26.7,bottom 50%
SOLUSDT,2026-07-07,4.2,0–20,0.0,0.0,0.0,0.0,0.0,0.0,0.0,0.6057,-0.035788,0,47.0,bottom 50%
SOLUSDT,2026-07-08,6.0,0–20,0.0,0.0,0.0,0.0,0.0,0.0,0.0,0.8591,-0.006723,0,62.8,top 50%
SOLUSDT,2026-07-09,5.7,0–20,0.0,0.0,0.0,0.0,0.0,0.0,0.0,0.8177,-0.035537,0,60.7,top 50%
SOLUSDT,2026-07-10,3.8,0–20,0.0,0.0,0.0,0.0,0.0,0.0,0.0,0.5405,-0.039133,0,43.5,bottom 50%
SOLUSDT,2026-07-11,4.3,0–20,0.0,0.0,0.0,0.0,0.0,0.0,0.0,0.615,-0.017745,0,48.1,bottom 50%
SOLUSDT,2026-07-12,4.1,0–20,0.0,0.0,0.0,0.0,0.0,0.0,0.0,0.5793,-0.006746,0,46.0,bottom 50%
SOLUSDT,2026-07-13,5.3,0–20,0.0703,0.0,0.0,0.0,0.0,0.0,0.0,0.5627,0.039146,1,57.1,top 50%
SOLUSDT,2026-07-14,5.2,0–20,0.0,0.0,0.0,0.0,0.0,0.0,0.0,0.7374,0.004452,1,56.2,top 50%
SOLUSDT,2026-07-15,5.4,0–20,0.0,0.0,0.0,0.0,0.0,0.0,0.0,0.7684,0.008312,1,58.0,top 50%
SOLUSDT,2026-07-16,3.4,0–20,0.0519,0.0,0.0,0.0,0.0,0.0,0.0,0.3402,0.007809,1,39.9,bottom 50%
SOLUSDT,2026-07-17,4.4,0–20,0.0642,0.0,0.0,0.0,0.0,0.0,0.0,0.4478,-0.015087,0,48.9,bottom 50%
SOLUSDT,2026-07-18,2.5,0–20,0.0392,0.0,0.0,0.0,0.0,0.0,0.0,0.2508,-0.01368,0,31.9,bottom 50%
SOLUSDT,2026-07-19,1.3,0–20,0.0,0.0,0.0,0.0,0.0,0.0,0.0,0.1844,0.003234,1,21.4,bottom 50%
SOLUSDT,2026-07-20,1.8,0–20,0.0,0.0,0.0,0.0,0.0,0.0,0.0,0.2561,-0.046921,0,25.0,bottom 50%
SOLUSDT,2026-07-21,0.0,0–20,0.0,0.0,0.0,0.0,0.0,0.0,0.0,0.0,-0.056453,0,6.0,bottom 50%
SOLUSDT,2026-07-22,0.0,0–20,0.0,0.0,0.0,0.0,0.0,0.0,0.0,0.0,-0.055311,0,6.0,bottom 50%
SOLUSDT,2026-07-23,0.8,0–20,0.0379,0.0,0.0,0.0,0.0,0.0,0.0,0.0,-0.018347,0,17.3,bottom 50%
SOLUSDT,2026-07-24,2.8,0–20,0.142,0.0,0.0,0.0,0.0,0.0,0.0,0.0,-0.014757,0,34.6,bottom 50%
SOLUSDT,2026-07-25,2.1,0–20,0.1063,0.0,0.0,0.0,0.0,0.0,0.0,0.0,-0.034426,0,27.7,bottom 50%
SOLUSDT,2026-07-26,0.0,0–20,0.0,0.0,0.0,0.0,0.0,0.0,0.0,0.0,-0.041165,0,6.0,bottom 50%
