symbol,date,mvrv,f13_norm
BTCUSDT,2014-01-01 00:00:00+00:00,2.79859382,0.2338
BTCUSDT,2014-01-02 00:00:00+00:00,2.90688604,0.1977
BTCUSDT,2014-01-03 00:00:00+00:00,2.97276592,0.1757
BTCUSDT,2014-01-04 00:00:00+00:00,3.00082617,0.1664
BTCUSDT,2014-01-05 00:00:00+00:00,3.23751863,0.0875
BTCUSDT,2014-01-06 00:00:00+00:00,3.25855458,0.0805
BTCUSDT,2014-01-07 00:00:00+00:00,2.85648041,0.2145
BTCUSDT,2014-01-08 00:00:00+00:00,2.89105715,0.203
BTCUSDT,2014-01-09 00:00:00+00:00,2.91922133,0.1936
BTCUSDT,2014-01-10 00:00:00+00:00,2.98942387,0.1702
BTCUSDT,2014-01-11 00:00:00+00:00,3.08800818,0.1373
BTCUSDT,2014-01-12 00:00:00+00:00,2.92251348,0.1925
BTCUSDT,2014-01-13 00:00:00+00:00,2.83904175,0.2203
BTCUSDT,2014-01-14 00:00:00+00:00,2.80186801,0.2327
BTCUSDT,2014-01-15 00:00:00+00:00,2.87183201,0.2094
BTCUSDT,2014-01-16 00:00:00+00:00,2.77584537,0.2414
BTCUSDT,2014-01-17 00:00:00+00:00,2.69438096,0.2685
BTCUSDT,2014-01-18 00:00:00+00:00,2.74847429,0.2505
BTCUSDT,2014-01-19 00:00:00+00:00,2.83776277,0.2207
BTCUSDT,2014-01-20 00:00:00+00:00,2.79830469,0.2339
BTCUSDT,2014-01-21 00:00:00+00:00,2.77609902,0.2413
BTCUSDT,2014-01-22 00:00:00+00:00,2.75067841,0.2498
BTCUSDT,2014-01-23 00:00:00+00:00,2.72035724,0.2599
BTCUSDT,2014-01-24 00:00:00+00:00,2.61463948,0.2951
BTCUSDT,2014-01-25 00:00:00+00:00,2.68630023,0.2712
BTCUSDT,2014-01-26 00:00:00+00:00,2.7159709,0.2613
BTCUSDT,2014-01-27 00:00:00+00:00,2.47713004,0.341
BTCUSDT,2014-01-28 00:00:00+00:00,2.62930512,0.2902
BTCUSDT,2014-01-29 00:00:00+00:00,2.63373693,0.2888
BTCUSDT,2014-01-30 00:00:00+00:00,2.64884556,0.2837
BTCUSDT,2014-01-31 00:00:00+00:00,2.65797129,0.2807
BTCUSDT,2014-02-01 00:00:00+00:00,2.67963991,0.2735
BTCUSDT,2014-02-02 00:00:00+00:00,2.68024654,0.2733
BTCUSDT,2014-02-03 00:00:00+00:00,2.65176796,0.2827
BTCUSDT,2014-02-04 00:00:00+00:00,2.627458,0.2908
BTCUSDT,2014-02-05 00:00:00+00:00,2.49283475,0.3357
BTCUSDT,2014-02-06 00:00:00+00:00,2.4248508,0.3584
BTCUSDT,2014-02-07 00:00:00+00:00,2.26379227,0.4121
BTCUSDT,2014-02-08 00:00:00+00:00,2.15811443,0.4473
BTCUSDT,2014-02-09 00:00:00+00:00,2.18797536,0.4373
BTCUSDT,2014-02-10 00:00:00+00:00,2.1809637,0.4397
BTCUSDT,2014-02-11 00:00:00+00:00,2.13932234,0.4536
BTCUSDT,2014-02-12 00:00:00+00:00,2.08400611,0.472
BTCUSDT,2014-02-13 00:00:00+00:00,1.95543342,0.5149
BTCUSDT,2014-02-14 00:00:00+00:00,2.12998114,0.4567
BTCUSDT,2014-02-15 00:00:00+00:00,2.08368328,0.4721
BTCUSDT,2014-02-16 00:00:00+00:00,1.98508729,0.505
BTCUSDT,2014-02-17 00:00:00+00:00,2.01155832,0.4961
BTCUSDT,2014-02-18 00:00:00+00:00,1.99849686,0.5005
BTCUSDT,2014-02-19 00:00:00+00:00,1.9894402,0.5035
BTCUSDT,2014-02-20 00:00:00+00:00,1.80129677,0.5662
BTCUSDT,2014-02-21 00:00:00+00:00,1.85383269,0.5487
BTCUSDT,2014-02-22 00:00:00+00:00,1.93944631,0.5202
BTCUSDT,2014-02-23 00:00:00+00:00,1.94857991,0.5171
BTCUSDT,2014-02-24 00:00:00+00:00,1.7420652,0.586
BTCUSDT,2014-02-25 00:00:00+00:00,1.72827883,0.5906
BTCUSDT,2014-02-26 00:00:00+00:00,1.89989181,0.5334
BTCUSDT,2014-02-27 00:00:00+00:00,1.89448535,0.5352
BTCUSDT,2014-02-28 00:00:00+00:00,1.78120748,0.5729
BTCUSDT,2014-03-01 00:00:00+00:00,1.83532329,0.5549
BTCUSDT,2014-03-02 00:00:00+00:00,1.80787101,0.564
BTCUSDT,2014-03-03 00:00:00+00:00,2.18083347,0.4397
BTCUSDT,2014-03-04 00:00:00+00:00,2.17294282,0.4424
BTCUSDT,2014-03-05 00:00:00+00:00,2.15549405,0.4482
BTCUSDT,2014-03-06 00:00:00+00:00,2.14266138,0.4524
BTCUSDT,2014-03-07 00:00:00+00:00,1.96402906,0.512
BTCUSDT,2014-03-08 00:00:00+00:00,1.93041869,0.5232
BTCUSDT,2014-03-09 00:00:00+00:00,1.95221351,0.5159
BTCUSDT,2014-03-10 00:00:00+00:00,1.9107893,0.5297
BTCUSDT,2014-03-11 00:00:00+00:00,1.92512349,0.525
BTCUSDT,2014-03-12 00:00:00+00:00,1.92370225,0.5254
BTCUSDT,2014-03-13 00:00:00+00:00,1.94782915,0.5174
BTCUSDT,2014-03-14 00:00:00+00:00,1.90343662,0.5322
BTCUSDT,2014-03-15 00:00:00+00:00,1.92641386,0.5245
BTCUSDT,2014-03-16 00:00:00+00:00,1.91927821,0.5269
BTCUSDT,2014-03-17 00:00:00+00:00,1.88442201,0.5385
BTCUSDT,2014-03-18 00:00:00+00:00,1.85742156,0.5475
BTCUSDT,2014-03-19 00:00:00+00:00,1.84533875,0.5516
BTCUSDT,2014-03-20 00:00:00+00:00,1.77477734,0.5751
BTCUSDT,2014-03-21 00:00:00+00:00,1.71786219,0.594
BTCUSDT,2014-03-22 00:00:00+00:00,1.7024792,0.5992
BTCUSDT,2014-03-23 00:00:00+00:00,1.68536505,0.6049
BTCUSDT,2014-03-24 00:00:00+00:00,1.76264446,0.5791
BTCUSDT,2014-03-25 00:00:00+00:00,1.75724218,0.5809
BTCUSDT,2014-03-26 00:00:00+00:00,1.74314104,0.5856
BTCUSDT,2014-03-27 00:00:00+00:00,1.4579435,0.6807
BTCUSDT,2014-03-28 00:00:00+00:00,1.50668923,0.6644
BTCUSDT,2014-03-29 00:00:00+00:00,1.47991892,0.6734
BTCUSDT,2014-03-30 00:00:00+00:00,1.38999605,0.7033
BTCUSDT,2014-03-31 00:00:00+00:00,1.38223661,0.7059
BTCUSDT,2014-04-01 00:00:00+00:00,1.45469684,0.6818
BTCUSDT,2014-04-02 00:00:00+00:00,1.33564877,0.7215
BTCUSDT,2014-04-03 00:00:00+00:00,1.36778873,0.7107
BTCUSDT,2014-04-04 00:00:00+00:00,1.36964635,0.7101
BTCUSDT,2014-04-05 00:00:00+00:00,1.41084013,0.6964
BTCUSDT,2014-04-06 00:00:00+00:00,1.40141439,0.6995
BTCUSDT,2014-04-07 00:00:00+00:00,1.37167544,0.7094
BTCUSDT,2014-04-08 00:00:00+00:00,1.38533994,0.7049
BTCUSDT,2014-04-09 00:00:00+00:00,1.35469234,0.7151
BTCUSDT,2014-04-10 00:00:00+00:00,1.1286601,0.7904
BTCUSDT,2014-04-11 00:00:00+00:00,1.30082437,0.7331
BTCUSDT,2014-04-12 00:00:00+00:00,1.30827456,0.7306
BTCUSDT,2014-04-13 00:00:00+00:00,1.28401659,0.7387
BTCUSDT,2014-04-14 00:00:00+00:00,1.42132931,0.6929
BTCUSDT,2014-04-15 00:00:00+00:00,1.60547388,0.6315
BTCUSDT,2014-04-16 00:00:00+00:00,1.62848084,0.6238
BTCUSDT,2014-04-17 00:00:00+00:00,1.53010414,0.6566
BTCUSDT,2014-04-18 00:00:00+00:00,1.48000554,0.6733
BTCUSDT,2014-04-19 00:00:00+00:00,1.54481447,0.6517
BTCUSDT,2014-04-20 00:00:00+00:00,1.53703688,0.6543
BTCUSDT,2014-04-21 00:00:00+00:00,1.52622244,0.6579
BTCUSDT,2014-04-22 00:00:00+00:00,1.50076937,0.6664
BTCUSDT,2014-04-23 00:00:00+00:00,1.5016104,0.6661
BTCUSDT,2014-04-24 00:00:00+00:00,1.53947611,0.6535
BTCUSDT,2014-04-25 00:00:00+00:00,1.42807837,0.6906
BTCUSDT,2014-04-26 00:00:00+00:00,1.4063299,0.6979
BTCUSDT,2014-04-27 00:00:00+00:00,1.34395279,0.7187
BTCUSDT,2014-04-28 00:00:00+00:00,1.35421878,0.7153
BTCUSDT,2014-04-29 00:00:00+00:00,1.37364362,0.7088
BTCUSDT,2014-04-30 00:00:00+00:00,1.37742743,0.7075
BTCUSDT,2014-05-01 00:00:00+00:00,1.41200262,0.696
BTCUSDT,2014-05-02 00:00:00+00:00,1.38757157,0.7041
BTCUSDT,2014-05-03 00:00:00+00:00,1.34737725,0.7175
BTCUSDT,2014-05-04 00:00:00+00:00,1.34079342,0.7197
BTCUSDT,2014-05-05 00:00:00+00:00,1.32836701,0.7239
BTCUSDT,2014-05-06 00:00:00+00:00,1.32260352,0.7258
BTCUSDT,2014-05-07 00:00:00+00:00,1.36002582,0.7133
BTCUSDT,2014-05-08 00:00:00+00:00,1.35471389,0.7151
BTCUSDT,2014-05-09 00:00:00+00:00,1.39224562,0.7026
BTCUSDT,2014-05-10 00:00:00+00:00,1.4045981,0.6985
BTCUSDT,2014-05-11 00:00:00+00:00,1.3505933,0.7165
BTCUSDT,2014-05-12 00:00:00+00:00,1.3576711,0.7141
BTCUSDT,2014-05-13 00:00:00+00:00,1.35114784,0.7163
BTCUSDT,2014-05-14 00:00:00+00:00,1.36967388,0.7101
BTCUSDT,2014-05-15 00:00:00+00:00,1.37634402,0.7079
BTCUSDT,2014-05-16 00:00:00+00:00,1.38233452,0.7059
BTCUSDT,2014-05-17 00:00:00+00:00,1.38379554,0.7054
BTCUSDT,2014-05-18 00:00:00+00:00,1.37668474,0.7078
BTCUSDT,2014-05-19 00:00:00+00:00,1.37835145,0.7072
BTCUSDT,2014-05-20 00:00:00+00:00,1.50867507,0.6638
BTCUSDT,2014-05-21 00:00:00+00:00,1.51856262,0.6605
BTCUSDT,2014-05-22 00:00:00+00:00,1.61686251,0.6277
BTCUSDT,2014-05-23 00:00:00+00:00,1.60608676,0.6313
BTCUSDT,2014-05-24 00:00:00+00:00,1.61622687,0.6279
BTCUSDT,2014-05-25 00:00:00+00:00,1.7510962,0.583
BTCUSDT,2014-05-26 00:00:00+00:00,1.78420425,0.5719
BTCUSDT,2014-05-27 00:00:00+00:00,1.7360648,0.588
BTCUSDT,2014-05-28 00:00:00+00:00,1.74983943,0.5834
BTCUSDT,2014-05-29 00:00:00+00:00,1.72220405,0.5926
BTCUSDT,2014-05-30 00:00:00+00:00,1.86223265,0.5459
BTCUSDT,2014-05-31 00:00:00+00:00,1.87963895,0.5401
BTCUSDT,2014-06-01 00:00:00+00:00,1.88300736,0.539
BTCUSDT,2014-06-02 00:00:00+00:00,1.97543263,0.5082
BTCUSDT,2014-06-03 00:00:00+00:00,1.99693718,0.501
BTCUSDT,2014-06-04 00:00:00+00:00,1.90998921,0.53
BTCUSDT,2014-06-05 00:00:00+00:00,1.95863649,0.5138
BTCUSDT,2014-06-06 00:00:00+00:00,1.92408683,0.5253
BTCUSDT,2014-06-07 00:00:00+00:00,1.94195206,0.5193
BTCUSDT,2014-06-08 00:00:00+00:00,1.94276934,0.5191
BTCUSDT,2014-06-09 00:00:00+00:00,1.91093556,0.5297
BTCUSDT,2014-06-10 00:00:00+00:00,1.91468487,0.5284
BTCUSDT,2014-06-11 00:00:00+00:00,1.8557786,0.5481
BTCUSDT,2014-06-12 00:00:00+00:00,1.71579412,0.5947
BTCUSDT,2014-06-13 00:00:00+00:00,1.72900225,0.5903
BTCUSDT,2014-06-14 00:00:00+00:00,1.6672379,0.6109
BTCUSDT,2014-06-15 00:00:00+00:00,1.70763012,0.5975
BTCUSDT,2014-06-16 00:00:00+00:00,1.70895309,0.597
BTCUSDT,2014-06-17 00:00:00+00:00,1.76144005,0.5795
BTCUSDT,2014-06-18 00:00:00+00:00,1.75639628,0.5812
BTCUSDT,2014-06-19 00:00:00+00:00,1.72175665,0.5927
BTCUSDT,2014-06-20 00:00:00+00:00,1.70893923,0.597
BTCUSDT,2014-06-21 00:00:00+00:00,1.71186032,0.596
BTCUSDT,2014-06-22 00:00:00+00:00,1.73072722,0.5898
BTCUSDT,2014-06-23 00:00:00+00:00,1.70033791,0.5999
BTCUSDT,2014-06-24 00:00:00+00:00,1.67166269,0.6094
BTCUSDT,2014-06-25 00:00:00+00:00,1.62093285,0.6264
BTCUSDT,2014-06-26 00:00:00+00:00,1.67219737,0.6093
BTCUSDT,2014-06-27 00:00:00+00:00,1.72780213,0.5907
BTCUSDT,2014-06-28 00:00:00+00:00,1.70918053,0.5969
BTCUSDT,2014-06-29 00:00:00+00:00,1.72411286,0.592
BTCUSDT,2014-06-30 00:00:00+00:00,1.82938369,0.5569
BTCUSDT,2014-07-01 00:00:00+00:00,1.83761917,0.5541
BTCUSDT,2014-07-02 00:00:00+00:00,1.85565119,0.5481
BTCUSDT,2014-07-03 00:00:00+00:00,1.83854971,0.5538
BTCUSDT,2014-07-04 00:00:00+00:00,1.79270708,0.5691
BTCUSDT,2014-07-05 00:00:00+00:00,1.79121232,0.5696
BTCUSDT,2014-07-06 00:00:00+00:00,1.80217443,0.5659
BTCUSDT,2014-07-07 00:00:00+00:00,1.76756914,0.5775
BTCUSDT,2014-07-08 00:00:00+00:00,1.77273738,0.5758
BTCUSDT,2014-07-09 00:00:00+00:00,1.76136723,0.5795
BTCUSDT,2014-07-10 00:00:00+00:00,1.74495565,0.585
BTCUSDT,2014-07-11 00:00:00+00:00,1.79446067,0.5685
BTCUSDT,2014-07-12 00:00:00+00:00,1.80030291,0.5666
BTCUSDT,2014-07-13 00:00:00+00:00,1.77957268,0.5735
BTCUSDT,2014-07-14 00:00:00+00:00,1.74898486,0.5837
BTCUSDT,2014-07-15 00:00:00+00:00,1.75571279,0.5814
BTCUSDT,2014-07-16 00:00:00+00:00,1.73946637,0.5868
BTCUSDT,2014-07-17 00:00:00+00:00,1.76036866,0.5799
BTCUSDT,2014-07-18 00:00:00+00:00,1.77738508,0.5742
BTCUSDT,2014-07-19 00:00:00+00:00,1.77274463,0.5758
BTCUSDT,2014-07-20 00:00:00+00:00,1.76080313,0.5797
BTCUSDT,2014-07-21 00:00:00+00:00,1.74762284,0.5841
BTCUSDT,2014-07-22 00:00:00+00:00,1.74270129,0.5858
BTCUSDT,2014-07-23 00:00:00+00:00,1.74066345,0.5864
BTCUSDT,2014-07-24 00:00:00+00:00,1.69279908,0.6024
BTCUSDT,2014-07-25 00:00:00+00:00,1.68863136,0.6038
BTCUSDT,2014-07-26 00:00:00+00:00,1.66914747,0.6103
BTCUSDT,2014-07-27 00:00:00+00:00,1.65995112,0.6133
BTCUSDT,2014-07-28 00:00:00+00:00,1.64850401,0.6172
BTCUSDT,2014-07-29 00:00:00+00:00,1.63937643,0.6202
BTCUSDT,2014-07-30 00:00:00+00:00,1.58077127,0.6397
BTCUSDT,2014-07-31 00:00:00+00:00,1.63310806,0.6223
BTCUSDT,2014-08-01 00:00:00+00:00,1.67172212,0.6094
BTCUSDT,2014-08-02 00:00:00+00:00,1.65218507,0.6159
BTCUSDT,2014-08-03 00:00:00+00:00,1.64362281,0.6188
BTCUSDT,2014-08-04 00:00:00+00:00,1.64417187,0.6186
BTCUSDT,2014-08-05 00:00:00+00:00,1.61859835,0.6271
BTCUSDT,2014-08-06 00:00:00+00:00,1.61916711,0.6269
BTCUSDT,2014-08-07 00:00:00+00:00,1.62893008,0.6237
BTCUSDT,2014-08-08 00:00:00+00:00,1.63661291,0.6211
BTCUSDT,2014-08-09 00:00:00+00:00,1.63562717,0.6215
BTCUSDT,2014-08-10 00:00:00+00:00,1.63601768,0.6213
BTCUSDT,2014-08-11 00:00:00+00:00,1.59181557,0.6361
BTCUSDT,2014-08-12 00:00:00+00:00,1.57747585,0.6408
BTCUSDT,2014-08-13 00:00:00+00:00,1.52247712,0.6592
BTCUSDT,2014-08-14 00:00:00+00:00,1.40529956,0.6982
BTCUSDT,2014-08-15 00:00:00+00:00,1.39272818,0.7024
BTCUSDT,2014-08-16 00:00:00+00:00,1.4519714,0.6827
BTCUSDT,2014-08-17 00:00:00+00:00,1.38521881,0.7049
BTCUSDT,2014-08-18 00:00:00+00:00,1.30849176,0.7305
BTCUSDT,2014-08-19 00:00:00+00:00,1.35854035,0.7138
BTCUSDT,2014-08-20 00:00:00+00:00,1.43685004,0.6877
BTCUSDT,2014-08-21 00:00:00+00:00,1.44883851,0.6837
BTCUSDT,2014-08-22 00:00:00+00:00,1.43998218,0.6867
BTCUSDT,2014-08-23 00:00:00+00:00,1.38794257,0.704
BTCUSDT,2014-08-24 00:00:00+00:00,1.41936719,0.6935
BTCUSDT,2014-08-25 00:00:00+00:00,1.40049218,0.6998
BTCUSDT,2014-08-26 00:00:00+00:00,1.4286897,0.6904
BTCUSDT,2014-08-27 00:00:00+00:00,1.42412594,0.692
BTCUSDT,2014-08-28 00:00:00+00:00,1.41962708,0.6935
BTCUSDT,2014-08-29 00:00:00+00:00,1.4275503,0.6908
BTCUSDT,2014-08-30 00:00:00+00:00,1.40634187,0.6979
BTCUSDT,2014-08-31 00:00:00+00:00,1.34266216,0.7191
BTCUSDT,2014-09-01 00:00:00+00:00,1.33136652,0.7229
BTCUSDT,2014-09-02 00:00:00+00:00,1.33208957,0.7226
BTCUSDT,2014-09-03 00:00:00+00:00,1.33099316,0.723
BTCUSDT,2014-09-04 00:00:00+00:00,1.37428858,0.7086
BTCUSDT,2014-09-05 00:00:00+00:00,1.34365527,0.7188
BTCUSDT,2014-09-06 00:00:00+00:00,1.34865874,0.7171
BTCUSDT,2014-09-07 00:00:00+00:00,1.34317011,0.7189
BTCUSDT,2014-09-08 00:00:00+00:00,1.31734021,0.7276
BTCUSDT,2014-09-09 00:00:00+00:00,1.33112394,0.723
BTCUSDT,2014-09-10 00:00:00+00:00,1.34373558,0.7188
BTCUSDT,2014-09-11 00:00:00+00:00,1.34256122,0.7191
BTCUSDT,2014-09-12 00:00:00+00:00,1.33422001,0.7219
BTCUSDT,2014-09-13 00:00:00+00:00,1.34529696,0.7182
BTCUSDT,2014-09-14 00:00:00+00:00,1.33870825,0.7204
BTCUSDT,2014-09-15 00:00:00+00:00,1.33078173,0.7231
BTCUSDT,2014-09-16 00:00:00+00:00,1.30741226,0.7309
BTCUSDT,2014-09-17 00:00:00+00:00,1.28560635,0.7381
BTCUSDT,2014-09-18 00:00:00+00:00,1.20503333,0.765
BTCUSDT,2014-09-19 00:00:00+00:00,1.11512348,0.795
BTCUSDT,2014-09-20 00:00:00+00:00,1.16620763,0.7779
BTCUSDT,2014-09-21 00:00:00+00:00,1.1367134,0.7878
BTCUSDT,2014-09-22 00:00:00+00:00,1.13884767,0.7871
BTCUSDT,2014-09-23 00:00:00+00:00,1.2456203,0.7515
BTCUSDT,2014-09-24 00:00:00+00:00,1.20431489,0.7652
BTCUSDT,2014-09-25 00:00:00+00:00,1.16485544,0.7784
BTCUSDT,2014-09-26 00:00:00+00:00,1.15453429,0.7818
BTCUSDT,2014-09-27 00:00:00+00:00,1.14181027,0.7861
BTCUSDT,2014-09-28 00:00:00+00:00,1.07103907,0.8097
BTCUSDT,2014-09-29 00:00:00+00:00,1.0668785,0.811
BTCUSDT,2014-09-30 00:00:00+00:00,1.1140296,0.7953
BTCUSDT,2014-10-01 00:00:00+00:00,1.09708972,0.801
BTCUSDT,2014-10-02 00:00:00+00:00,1.06843242,0.8105
BTCUSDT,2014-10-03 00:00:00+00:00,1.02941189,0.8235
BTCUSDT,2014-10-04 00:00:00+00:00,0.9484552,0.8505
BTCUSDT,2014-10-05 00:00:00+00:00,0.93172895,0.8561
BTCUSDT,2014-10-06 00:00:00+00:00,0.95087199,0.8497
BTCUSDT,2014-10-07 00:00:00+00:00,0.97154668,0.8428
BTCUSDT,2014-10-08 00:00:00+00:00,1.03194969,0.8227
BTCUSDT,2014-10-09 00:00:00+00:00,1.05462843,0.8151
BTCUSDT,2014-10-10 00:00:00+00:00,1.04743744,0.8175
BTCUSDT,2014-10-11 00:00:00+00:00,1.05694518,0.8144
BTCUSDT,2014-10-12 00:00:00+00:00,1.10393506,0.7987
BTCUSDT,2014-10-13 00:00:00+00:00,1.14335604,0.7855
BTCUSDT,2014-10-14 00:00:00+00:00,1.16884486,0.7771
BTCUSDT,2014-10-15 00:00:00+00:00,1.15308824,0.7823
BTCUSDT,2014-10-16 00:00:00+00:00,1.11729203,0.7942
BTCUSDT,2014-10-17 00:00:00+00:00,1.11813531,0.794
BTCUSDT,2014-10-18 00:00:00+00:00,1.14449554,0.7852
BTCUSDT,2014-10-19 00:00:00+00:00,1.13688775,0.7877
BTCUSDT,2014-10-20 00:00:00+00:00,1.11540138,0.7949
BTCUSDT,2014-10-21 00:00:00+00:00,1.1273598,0.7909
BTCUSDT,2014-10-22 00:00:00+00:00,1.11497797,0.795
BTCUSDT,2014-10-23 00:00:00+00:00,1.04769288,0.8174
BTCUSDT,2014-10-24 00:00:00+00:00,1.04955841,0.8168
BTCUSDT,2014-10-25 00:00:00+00:00,1.01613431,0.828
BTCUSDT,2014-10-26 00:00:00+00:00,1.03785791,0.8207
BTCUSDT,2014-10-27 00:00:00+00:00,1.02988218,0.8234
BTCUSDT,2014-10-28 00:00:00+00:00,1.04388822,0.8187
BTCUSDT,2014-10-29 00:00:00+00:00,0.98355448,0.8388
BTCUSDT,2014-10-30 00:00:00+00:00,1.01672909,0.8278
BTCUSDT,2014-10-31 00:00:00+00:00,0.99675714,0.8344
BTCUSDT,2014-11-01 00:00:00+00:00,0.95963351,0.8468
BTCUSDT,2014-11-02 00:00:00+00:00,0.95980572,0.8467
BTCUSDT,2014-11-03 00:00:00+00:00,0.96404683,0.8453
BTCUSDT,2014-11-04 00:00:00+00:00,0.97805226,0.8406
BTCUSDT,2014-11-05 00:00:00+00:00,1.00559416,0.8315
BTCUSDT,2014-11-06 00:00:00+00:00,1.03634538,0.8212
BTCUSDT,2014-11-07 00:00:00+00:00,1.01476248,0.8284
BTCUSDT,2014-11-08 00:00:00+00:00,1.02534954,0.8249
BTCUSDT,2014-11-09 00:00:00+00:00,1.07917955,0.8069
BTCUSDT,2014-11-10 00:00:00+00:00,1.0847227,0.8051
BTCUSDT,2014-11-11 00:00:00+00:00,1.09194006,0.8027
BTCUSDT,2014-11-12 00:00:00+00:00,1.25193043,0.7494
BTCUSDT,2014-11-13 00:00:00+00:00,1.24597359,0.7513
BTCUSDT,2014-11-14 00:00:00+00:00,1.1770509,0.7743
BTCUSDT,2014-11-15 00:00:00+00:00,1.11736503,0.7942
BTCUSDT,2014-11-16 00:00:00+00:00,1.15327838,0.7822
BTCUSDT,2014-11-17 00:00:00+00:00,1.14624262,0.7846
BTCUSDT,2014-11-18 00:00:00+00:00,1.10670813,0.7978
BTCUSDT,2014-11-19 00:00:00+00:00,1.1187722,0.7937
BTCUSDT,2014-11-20 00:00:00+00:00,1.05691479,0.8144
BTCUSDT,2014-11-21 00:00:00+00:00,1.04171403,0.8194
BTCUSDT,2014-11-22 00:00:00+00:00,1.04704666,0.8177
BTCUSDT,2014-11-23 00:00:00+00:00,1.09252099,0.8025
BTCUSDT,2014-11-24 00:00:00+00:00,1.11975677,0.7934
BTCUSDT,2014-11-25 00:00:00+00:00,1.11940193,0.7935
BTCUSDT,2014-11-26 00:00:00+00:00,1.09262566,0.8025
BTCUSDT,2014-11-27 00:00:00+00:00,1.09877029,0.8004
BTCUSDT,2014-11-28 00:00:00+00:00,1.13429879,0.7886
BTCUSDT,2014-11-29 00:00:00+00:00,1.12906205,0.7903
BTCUSDT,2014-11-30 00:00:00+00:00,1.13677757,0.7877
BTCUSDT,2014-12-01 00:00:00+00:00,1.13825789,0.7872
BTCUSDT,2014-12-02 00:00:00+00:00,1.1510639,0.783
BTCUSDT,2014-12-03 00:00:00+00:00,1.13011906,0.79
BTCUSDT,2014-12-04 00:00:00+00:00,1.11229742,0.7959
BTCUSDT,2014-12-05 00:00:00+00:00,1.1410958,0.7863
BTCUSDT,2014-12-06 00:00:00+00:00,1.13129289,0.7896
BTCUSDT,2014-12-07 00:00:00+00:00,1.13597735,0.788
BTCUSDT,2014-12-08 00:00:00+00:00,1.10418082,0.7986
BTCUSDT,2014-12-09 00:00:00+00:00,1.06761307,0.8108
BTCUSDT,2014-12-10 00:00:00+00:00,1.06041309,0.8132
BTCUSDT,2014-12-11 00:00:00+00:00,1.06328138,0.8122
BTCUSDT,2014-12-12 00:00:00+00:00,1.07767689,0.8074
BTCUSDT,2014-12-13 00:00:00+00:00,1.06591465,0.8114
BTCUSDT,2014-12-14 00:00:00+00:00,1.08689147,0.8044
BTCUSDT,2014-12-15 00:00:00+00:00,1.06028962,0.8132
BTCUSDT,2014-12-16 00:00:00+00:00,1.00469489,0.8318
BTCUSDT,2014-12-17 00:00:00+00:00,0.98028857,0.8399
BTCUSDT,2014-12-18 00:00:00+00:00,0.96077271,0.8464
BTCUSDT,2014-12-19 00:00:00+00:00,0.97619248,0.8413
BTCUSDT,2014-12-20 00:00:00+00:00,1.01306177,0.829
BTCUSDT,2014-12-21 00:00:00+00:00,0.98778637,0.8374
BTCUSDT,2014-12-22 00:00:00+00:00,1.0214974,0.8262
BTCUSDT,2014-12-23 00:00:00+00:00,1.03954357,0.8202
BTCUSDT,2014-12-24 00:00:00+00:00,0.99961153,0.8335
BTCUSDT,2014-12-25 00:00:00+00:00,0.98749454,0.8375
BTCUSDT,2014-12-26 00:00:00+00:00,1.01929944,0.8269
BTCUSDT,2014-12-27 00:00:00+00:00,0.97876537,0.8404
BTCUSDT,2014-12-28 00:00:00+00:00,0.98276009,0.8391
BTCUSDT,2014-12-29 00:00:00+00:00,0.97130504,0.8429
BTCUSDT,2014-12-30 00:00:00+00:00,0.9677018,0.8441
BTCUSDT,2014-12-31 00:00:00+00:00,1.00093553,0.833
BTCUSDT,2015-01-01 00:00:00+00:00,0.98274685,0.8391
BTCUSDT,2015-01-02 00:00:00+00:00,0.98668726,0.8378
BTCUSDT,2015-01-03 00:00:00+00:00,0.89443575,0.8685
BTCUSDT,2015-01-04 00:00:00+00:00,0.826303,0.8912
BTCUSDT,2015-01-05 00:00:00+00:00,0.86470946,0.8784
BTCUSDT,2015-01-06 00:00:00+00:00,0.90423431,0.8653
BTCUSDT,2015-01-07 00:00:00+00:00,0.93577843,0.8547
BTCUSDT,2015-01-08 00:00:00+00:00,0.89651769,0.8678
BTCUSDT,2015-01-09 00:00:00+00:00,0.9241025,0.8586
BTCUSDT,2015-01-10 00:00:00+00:00,0.87375367,0.8754
BTCUSDT,2015-01-11 00:00:00+00:00,0.85069708,0.8831
BTCUSDT,2015-01-12 00:00:00+00:00,0.85146752,0.8828
BTCUSDT,2015-01-13 00:00:00+00:00,0.71350593,0.9288
BTCUSDT,2015-01-14 00:00:00+00:00,0.56357972,0.9788
BTCUSDT,2015-01-15 00:00:00+00:00,0.68179854,0.9394
BTCUSDT,2015-01-16 00:00:00+00:00,0.66753485,0.9442
BTCUSDT,2015-01-17 00:00:00+00:00,0.64325099,0.9522
BTCUSDT,2015-01-18 00:00:00+00:00,0.68000493,0.94
BTCUSDT,2015-01-19 00:00:00+00:00,0.69895138,0.9337
BTCUSDT,2015-01-20 00:00:00+00:00,0.68366065,0.9388
BTCUSDT,2015-01-21 00:00:00+00:00,0.73912676,0.9203
BTCUSDT,2015-01-22 00:00:00+00:00,0.75789177,0.914
BTCUSDT,2015-01-23 00:00:00+00:00,0.75661441,0.9145
BTCUSDT,2015-01-24 00:00:00+00:00,0.8081469,0.8973
BTCUSDT,2015-01-25 00:00:00+00:00,0.8258294,0.8914
BTCUSDT,2015-01-26 00:00:00+00:00,0.89147229,0.8695
BTCUSDT,2015-01-27 00:00:00+00:00,0.86202293,0.8793
BTCUSDT,2015-01-28 00:00:00+00:00,0.76846781,0.9105
BTCUSDT,2015-01-29 00:00:00+00:00,0.76357085,0.9121
BTCUSDT,2015-01-30 00:00:00+00:00,0.74804548,0.9173
BTCUSDT,2015-01-31 00:00:00+00:00,0.71163625,0.9295
BTCUSDT,2015-02-01 00:00:00+00:00,0.74387279,0.9187
BTCUSDT,2015-02-02 00:00:00+00:00,0.78676033,0.9044
BTCUSDT,2015-02-03 00:00:00+00:00,0.74694335,0.9177
BTCUSDT,2015-02-04 00:00:00+00:00,0.7443882,0.9185
BTCUSDT,2015-02-05 00:00:00+00:00,0.71333929,0.9289
BTCUSDT,2015-02-06 00:00:00+00:00,0.73237364,0.9225
BTCUSDT,2015-02-07 00:00:00+00:00,0.75214553,0.916
BTCUSDT,2015-02-08 00:00:00+00:00,0.73731062,0.9209
BTCUSDT,2015-02-09 00:00:00+00:00,0.72729218,0.9242
BTCUSDT,2015-02-10 00:00:00+00:00,0.72810409,0.924
BTCUSDT,2015-02-11 00:00:00+00:00,0.72439005,0.9252
BTCUSDT,2015-02-12 00:00:00+00:00,0.73482642,0.9217
BTCUSDT,2015-02-13 00:00:00+00:00,0.78098836,0.9063
BTCUSDT,2015-02-14 00:00:00+00:00,0.85038033,0.8832
BTCUSDT,2015-02-15 00:00:00+00:00,0.7743708,0.9085
BTCUSDT,2015-02-16 00:00:00+00:00,0.77684571,0.9077
BTCUSDT,2015-02-17 00:00:00+00:00,0.80607357,0.898
BTCUSDT,2015-02-18 00:00:00+00:00,0.78023417,0.9066
BTCUSDT,2015-02-19 00:00:00+00:00,0.80139075,0.8995
BTCUSDT,2015-02-20 00:00:00+00:00,0.81236962,0.8959
BTCUSDT,2015-02-21 00:00:00+00:00,0.81269734,0.8958
BTCUSDT,2015-02-22 00:00:00+00:00,0.78366869,0.9054
BTCUSDT,2015-02-23 00:00:00+00:00,0.79211394,0.9026
BTCUSDT,2015-02-24 00:00:00+00:00,0.79522354,0.9016
BTCUSDT,2015-02-25 00:00:00+00:00,0.79086428,0.903
BTCUSDT,2015-02-26 00:00:00+00:00,0.78721981,0.9043
BTCUSDT,2015-02-27 00:00:00+00:00,0.8470053,0.8843
BTCUSDT,2015-02-28 00:00:00+00:00,0.84675657,0.8844
BTCUSDT,2015-03-01 00:00:00+00:00,0.86514949,0.8783
BTCUSDT,2015-03-02 00:00:00+00:00,0.91679724,0.8611
BTCUSDT,2015-03-03 00:00:00+00:00,0.9391453,0.8536
BTCUSDT,2015-03-04 00:00:00+00:00,0.90841341,0.8639
BTCUSDT,2015-03-05 00:00:00+00:00,0.91835146,0.8605
BTCUSDT,2015-03-06 00:00:00+00:00,0.90850025,0.8638
BTCUSDT,2015-03-07 00:00:00+00:00,0.91980286,0.8601
BTCUSDT,2015-03-08 00:00:00+00:00,0.91749265,0.8608
BTCUSDT,2015-03-09 00:00:00+00:00,0.96777239,0.8441
BTCUSDT,2015-03-10 00:00:00+00:00,0.9731036,0.8423
BTCUSDT,2015-03-11 00:00:00+00:00,0.98702529,0.8377
BTCUSDT,2015-03-12 00:00:00+00:00,0.98143882,0.8395
BTCUSDT,2015-03-13 00:00:00+00:00,0.95005909,0.85
BTCUSDT,2015-03-14 00:00:00+00:00,0.94250473,0.8525
BTCUSDT,2015-03-15 00:00:00+00:00,0.95476771,0.8484
BTCUSDT,2015-03-16 00:00:00+00:00,0.96883474,0.8437
BTCUSDT,2015-03-17 00:00:00+00:00,0.94842564,0.8505
BTCUSDT,2015-03-18 00:00:00+00:00,0.85686576,0.881
BTCUSDT,2015-03-19 00:00:00+00:00,0.87346947,0.8755
BTCUSDT,2015-03-20 00:00:00+00:00,0.87674824,0.8744
BTCUSDT,2015-03-21 00:00:00+00:00,0.87101347,0.8763
BTCUSDT,2015-03-22 00:00:00+00:00,0.89689624,0.8677
BTCUSDT,2015-03-23 00:00:00+00:00,0.89015559,0.8699
BTCUSDT,2015-03-24 00:00:00+00:00,0.8245462,0.8918
BTCUSDT,2015-03-25 00:00:00+00:00,0.82488492,0.8917
BTCUSDT,2015-03-26 00:00:00+00:00,0.834809,0.8884
BTCUSDT,2015-03-27 00:00:00+00:00,0.82811622,0.8906
BTCUSDT,2015-03-28 00:00:00+00:00,0.84785463,0.884
BTCUSDT,2015-03-29 00:00:00+00:00,0.81383575,0.8954
BTCUSDT,2015-03-30 00:00:00+00:00,0.83226724,0.8892
BTCUSDT,2015-03-31 00:00:00+00:00,0.82051756,0.8932
BTCUSDT,2015-04-01 00:00:00+00:00,0.83080879,0.8897
BTCUSDT,2015-04-02 00:00:00+00:00,0.85233643,0.8826
BTCUSDT,2015-04-03 00:00:00+00:00,0.85676268,0.8811
BTCUSDT,2015-04-04 00:00:00+00:00,0.85381712,0.8821
BTCUSDT,2015-04-05 00:00:00+00:00,0.87790912,0.874
BTCUSDT,2015-04-06 00:00:00+00:00,0.86213123,0.8793
BTCUSDT,2015-04-07 00:00:00+00:00,0.85722526,0.8809
BTCUSDT,2015-04-08 00:00:00+00:00,0.82735719,0.8909
BTCUSDT,2015-04-09 00:00:00+00:00,0.82153081,0.8928
BTCUSDT,2015-04-10 00:00:00+00:00,0.7967323,0.9011
BTCUSDT,2015-04-11 00:00:00+00:00,0.80216867,0.8993
BTCUSDT,2015-04-12 00:00:00+00:00,0.80176151,0.8994
BTCUSDT,2015-04-13 00:00:00+00:00,0.76357046,0.9121
BTCUSDT,2015-04-14 00:00:00+00:00,0.74489185,0.9184
BTCUSDT,2015-04-15 00:00:00+00:00,0.75926768,0.9136
BTCUSDT,2015-04-16 00:00:00+00:00,0.77719921,0.9076
BTCUSDT,2015-04-17 00:00:00+00:00,0.75827898,0.9139
BTCUSDT,2015-04-18 00:00:00+00:00,0.76055574,0.9131
BTCUSDT,2015-04-19 00:00:00+00:00,0.76035314,0.9132
BTCUSDT,2015-04-20 00:00:00+00:00,0.76631946,0.9112
BTCUSDT,2015-04-21 00:00:00+00:00,0.80085177,0.8997
BTCUSDT,2015-04-22 00:00:00+00:00,0.79730639,0.9009
BTCUSDT,2015-04-23 00:00:00+00:00,0.80445024,0.8985
BTCUSDT,2015-04-24 00:00:00+00:00,0.78956794,0.9035
BTCUSDT,2015-04-25 00:00:00+00:00,0.77276772,0.9091
BTCUSDT,2015-04-26 00:00:00+00:00,0.75294572,0.9157
BTCUSDT,2015-04-27 00:00:00+00:00,0.77665961,0.9078
BTCUSDT,2015-04-28 00:00:00+00:00,0.77087913,0.9097
BTCUSDT,2015-04-29 00:00:00+00:00,0.77154151,0.9095
BTCUSDT,2015-04-30 00:00:00+00:00,0.80792304,0.8974
BTCUSDT,2015-05-01 00:00:00+00:00,0.7959527,0.9013
BTCUSDT,2015-05-02 00:00:00+00:00,0.80559481,0.8981
BTCUSDT,2015-05-03 00:00:00+00:00,0.8223728,0.8925
BTCUSDT,2015-05-04 00:00:00+00:00,0.81741779,0.8942
BTCUSDT,2015-05-05 00:00:00+00:00,0.80768013,0.8974
BTCUSDT,2015-05-06 00:00:00+00:00,0.78562752,0.9048
BTCUSDT,2015-05-07 00:00:00+00:00,0.81202047,0.896
BTCUSDT,2015-05-08 00:00:00+00:00,0.83681725,0.8877
BTCUSDT,2015-05-09 00:00:00+00:00,0.83113721,0.8896
BTCUSDT,2015-05-10 00:00:00+00:00,0.82457424,0.8918
BTCUSDT,2015-05-11 00:00:00+00:00,0.83050336,0.8898
BTCUSDT,2015-05-12 00:00:00+00:00,0.83069449,0.8898
BTCUSDT,2015-05-13 00:00:00+00:00,0.81161902,0.8961
BTCUSDT,2015-05-14 00:00:00+00:00,0.81336253,0.8955
BTCUSDT,2015-05-15 00:00:00+00:00,0.81536167,0.8949
BTCUSDT,2015-05-16 00:00:00+00:00,0.80981981,0.8967
BTCUSDT,2015-05-17 00:00:00+00:00,0.81389832,0.8954
BTCUSDT,2015-05-18 00:00:00+00:00,0.80026593,0.8999
BTCUSDT,2015-05-19 00:00:00+00:00,0.79745588,0.9008
BTCUSDT,2015-05-20 00:00:00+00:00,0.80520035,0.8983
BTCUSDT,2015-05-21 00:00:00+00:00,0.81004487,0.8967
BTCUSDT,2015-05-22 00:00:00+00:00,0.82662537,0.8911
BTCUSDT,2015-05-23 00:00:00+00:00,0.8221977,0.8926
BTCUSDT,2015-05-24 00:00:00+00:00,0.82826864,0.8906
BTCUSDT,2015-05-25 00:00:00+00:00,0.81597835,0.8947
BTCUSDT,2015-05-26 00:00:00+00:00,0.8155281,0.8948
BTCUSDT,2015-05-27 00:00:00+00:00,0.81731823,0.8942
BTCUSDT,2015-05-28 00:00:00+00:00,0.81693429,0.8944
BTCUSDT,2015-05-29 00:00:00+00:00,0.81601049,0.8947
BTCUSDT,2015-05-30 00:00:00+00:00,0.80519424,0.8983
BTCUSDT,2015-05-31 00:00:00+00:00,0.79414393,0.902
BTCUSDT,2015-06-01 00:00:00+00:00,0.77376466,0.9087
BTCUSDT,2015-06-02 00:00:00+00:00,0.78141163,0.9062
BTCUSDT,2015-06-03 00:00:00+00:00,0.781559,0.9061
BTCUSDT,2015-06-04 00:00:00+00:00,0.77606861,0.908
BTCUSDT,2015-06-05 00:00:00+00:00,0.78040202,0.9065
BTCUSDT,2015-06-06 00:00:00+00:00,0.78204257,0.906
BTCUSDT,2015-06-07 00:00:00+00:00,0.77660755,0.9078
BTCUSDT,2015-06-08 00:00:00+00:00,0.79532581,0.9016
BTCUSDT,2015-06-09 00:00:00+00:00,0.79751177,0.9008
BTCUSDT,2015-06-10 00:00:00+00:00,0.79522298,0.9016
BTCUSDT,2015-06-11 00:00:00+00:00,0.79912895,0.9003
BTCUSDT,2015-06-12 00:00:00+00:00,0.79991673,0.9
BTCUSDT,2015-06-13 00:00:00+00:00,0.81144066,0.8962
BTCUSDT,2015-06-14 00:00:00+00:00,0.80992401,0.8967
BTCUSDT,2015-06-15 00:00:00+00:00,0.8248878,0.8917
BTCUSDT,2015-06-16 00:00:00+00:00,0.87513216,0.875
BTCUSDT,2015-06-17 00:00:00+00:00,0.86325931,0.8789
BTCUSDT,2015-06-18 00:00:00+00:00,0.86709753,0.8776
BTCUSDT,2015-06-19 00:00:00+00:00,0.85251691,0.8825
BTCUSDT,2015-06-20 00:00:00+00:00,0.85520736,0.8816
BTCUSDT,2015-06-21 00:00:00+00:00,0.85070324,0.8831
BTCUSDT,2015-06-22 00:00:00+00:00,0.86017515,0.8799
BTCUSDT,2015-06-23 00:00:00+00:00,0.85051054,0.8832
BTCUSDT,2015-06-24 00:00:00+00:00,0.8379559,0.8873
BTCUSDT,2015-06-25 00:00:00+00:00,0.8448489,0.8851
BTCUSDT,2015-06-26 00:00:00+00:00,0.84717268,0.8843
BTCUSDT,2015-06-27 00:00:00+00:00,0.87686139,0.8744
BTCUSDT,2015-06-28 00:00:00+00:00,0.86825845,0.8772
BTCUSDT,2015-06-29 00:00:00+00:00,0.89447788,0.8685
BTCUSDT,2015-06-30 00:00:00+00:00,0.91895089,0.8603
BTCUSDT,2015-07-01 00:00:00+00:00,0.89877462,0.8671
BTCUSDT,2015-07-02 00:00:00+00:00,0.88759905,0.8708
BTCUSDT,2015-07-03 00:00:00+00:00,0.89360593,0.8688
BTCUSDT,2015-07-04 00:00:00+00:00,0.90895603,0.8637
BTCUSDT,2015-07-05 00:00:00+00:00,0.94652746,0.8512
BTCUSDT,2015-07-06 00:00:00+00:00,0.93879668,0.8537
BTCUSDT,2015-07-07 00:00:00+00:00,0.92913382,0.857
BTCUSDT,2015-07-08 00:00:00+00:00,0.94328042,0.8522
BTCUSDT,2015-07-09 00:00:00+00:00,0.94097662,0.853
BTCUSDT,2015-07-10 00:00:00+00:00,0.99548676,0.8348
BTCUSDT,2015-07-11 00:00:00+00:00,1.02415822,0.8253
BTCUSDT,2015-07-12 00:00:00+00:00,1.08367916,0.8054
BTCUSDT,2015-07-13 00:00:00+00:00,1.0183322,0.8272
BTCUSDT,2015-07-14 00:00:00+00:00,1.00130096,0.8329
BTCUSDT,2015-07-15 00:00:00+00:00,0.9949258,0.835
BTCUSDT,2015-07-16 00:00:00+00:00,0.96964467,0.8435
BTCUSDT,2015-07-17 00:00:00+00:00,0.97483547,0.8417
BTCUSDT,2015-07-18 00:00:00+00:00,0.96571539,0.8448
BTCUSDT,2015-07-19 00:00:00+00:00,0.95860718,0.8471
BTCUSDT,2015-07-20 00:00:00+00:00,0.97272012,0.8424
BTCUSDT,2015-07-21 00:00:00+00:00,0.96438518,0.8452
BTCUSDT,2015-07-22 00:00:00+00:00,0.96830559,0.8439
BTCUSDT,2015-07-23 00:00:00+00:00,0.96492102,0.845
BTCUSDT,2015-07-24 00:00:00+00:00,1.00796633,0.8307
BTCUSDT,2015-07-25 00:00:00+00:00,1.00828547,0.8306
BTCUSDT,2015-07-26 00:00:00+00:00,1.02127006,0.8262
BTCUSDT,2015-07-27 00:00:00+00:00,1.02492676,0.825
BTCUSDT,2015-07-28 00:00:00+00:00,1.02815783,0.8239
BTCUSDT,2015-07-29 00:00:00+00:00,1.00910193,0.8303
BTCUSDT,2015-07-30 00:00:00+00:00,1.00375693,0.8321
BTCUSDT,2015-07-31 00:00:00+00:00,0.99098704,0.8363
BTCUSDT,2015-08-01 00:00:00+00:00,0.98089158,0.8397
BTCUSDT,2015-08-02 00:00:00+00:00,0.98353023,0.8388
BTCUSDT,2015-08-03 00:00:00+00:00,0.98277599,0.8391
BTCUSDT,2015-08-04 00:00:00+00:00,0.99397021,0.8353
BTCUSDT,2015-08-05 00:00:00+00:00,0.98382413,0.8387
BTCUSDT,2015-08-06 00:00:00+00:00,0.97232925,0.8426
BTCUSDT,2015-08-07 00:00:00+00:00,0.97419688,0.8419
BTCUSDT,2015-08-08 00:00:00+00:00,0.91166096,0.8628
BTCUSDT,2015-08-09 00:00:00+00:00,0.93317694,0.8556
BTCUSDT,2015-08-10 00:00:00+00:00,0.92856137,0.8571
BTCUSDT,2015-08-11 00:00:00+00:00,0.95127646,0.8496
BTCUSDT,2015-08-12 00:00:00+00:00,0.93998135,0.8533
BTCUSDT,2015-08-13 00:00:00+00:00,0.92822959,0.8573
BTCUSDT,2015-08-14 00:00:00+00:00,0.93435614,0.8552
BTCUSDT,2015-08-15 00:00:00+00:00,0.91933993,0.8602
BTCUSDT,2015-08-16 00:00:00+00:00,0.90950511,0.8635
BTCUSDT,2015-08-17 00:00:00+00:00,0.90668516,0.8644
BTCUSDT,2015-08-18 00:00:00+00:00,0.76798027,0.9107
BTCUSDT,2015-08-19 00:00:00+00:00,0.80186184,0.8994
BTCUSDT,2015-08-20 00:00:00+00:00,0.83203851,0.8893
BTCUSDT,2015-08-21 00:00:00+00:00,0.82326318,0.8922
BTCUSDT,2015-08-22 00:00:00+00:00,0.81611734,0.8946
BTCUSDT,2015-08-23 00:00:00+00:00,0.8092317,0.8969
BTCUSDT,2015-08-24 00:00:00+00:00,0.75213176,0.916
BTCUSDT,2015-08-25 00:00:00+00:00,0.79407506,0.902
BTCUSDT,2015-08-26 00:00:00+00:00,0.80814493,0.8973
BTCUSDT,2015-08-27 00:00:00+00:00,0.80418084,0.8986
BTCUSDT,2015-08-28 00:00:00+00:00,0.82998858,0.89
BTCUSDT,2015-08-29 00:00:00+00:00,0.82198826,0.8927
BTCUSDT,2015-08-30 00:00:00+00:00,0.81927215,0.8936
BTCUSDT,2015-08-31 00:00:00+00:00,0.82540167,0.8915
BTCUSDT,2015-09-01 00:00:00+00:00,0.81598508,0.8947
BTCUSDT,2015-09-02 00:00:00+00:00,0.82188383,0.8927
BTCUSDT,2015-09-03 00:00:00+00:00,0.81397546,0.8953
BTCUSDT,2015-09-04 00:00:00+00:00,0.82872426,0.8904
BTCUSDT,2015-09-05 00:00:00+00:00,0.8456626,0.8848
BTCUSDT,2015-09-06 00:00:00+00:00,0.86322379,0.8789
BTCUSDT,2015-09-07 00:00:00+00:00,0.86259401,0.8791
BTCUSDT,2015-09-08 00:00:00+00:00,0.87516289,0.8749
BTCUSDT,2015-09-09 00:00:00+00:00,0.85581756,0.8814
BTCUSDT,2015-09-10 00:00:00+00:00,0.85661875,0.8811
BTCUSDT,2015-09-11 00:00:00+00:00,0.86421443,0.8786
BTCUSDT,2015-09-12 00:00:00+00:00,0.84831164,0.8839
BTCUSDT,2015-09-13 00:00:00+00:00,0.82782905,0.8907
BTCUSDT,2015-09-14 00:00:00+00:00,0.82963832,0.8901
BTCUSDT,2015-09-15 00:00:00+00:00,0.82794791,0.8907
BTCUSDT,2015-09-16 00:00:00+00:00,0.82333716,0.8922
BTCUSDT,2015-09-17 00:00:00+00:00,0.83834106,0.8872
BTCUSDT,2015-09-18 00:00:00+00:00,0.83835706,0.8872
BTCUSDT,2015-09-19 00:00:00+00:00,0.83518355,0.8883
BTCUSDT,2015-09-20 00:00:00+00:00,0.83222368,0.8893
BTCUSDT,2015-09-21 00:00:00+00:00,0.81585049,0.8947
BTCUSDT,2015-09-22 00:00:00+00:00,0.82986426,0.89
BTCUSDT,2015-09-23 00:00:00+00:00,0.82892525,0.8904
BTCUSDT,2015-09-24 00:00:00+00:00,0.84398148,0.8853
BTCUSDT,2015-09-25 00:00:00+00:00,0.8484784,0.8838
BTCUSDT,2015-09-26 00:00:00+00:00,0.84518839,0.8849
BTCUSDT,2015-09-27 00:00:00+00:00,0.84044962,0.8865
BTCUSDT,2015-09-28 00:00:00+00:00,0.86502832,0.8783
BTCUSDT,2015-09-29 00:00:00+00:00,0.85547192,0.8815
BTCUSDT,2015-09-30 00:00:00+00:00,0.85345406,0.8822
BTCUSDT,2015-10-01 00:00:00+00:00,0.85908051,0.8803
BTCUSDT,2015-10-02 00:00:00+00:00,0.85804128,0.8807
BTCUSDT,2015-10-03 00:00:00+00:00,0.86449878,0.8785
BTCUSDT,2015-10-04 00:00:00+00:00,0.86381713,0.8787
BTCUSDT,2015-10-05 00:00:00+00:00,0.86904243,0.877
BTCUSDT,2015-10-06 00:00:00+00:00,0.89045639,0.8698
BTCUSDT,2015-10-07 00:00:00+00:00,0.87953074,0.8735
BTCUSDT,2015-10-08 00:00:00+00:00,0.87738611,0.8742
BTCUSDT,2015-10-09 00:00:00+00:00,0.88249178,0.8725
BTCUSDT,2015-10-10 00:00:00+00:00,0.88802862,0.8707
BTCUSDT,2015-10-11 00:00:00+00:00,0.89733993,0.8676
BTCUSDT,2015-10-12 00:00:00+00:00,0.88965466,0.8701
BTCUSDT,2015-10-13 00:00:00+00:00,0.9052258,0.8649
BTCUSDT,2015-10-14 00:00:00+00:00,0.91550869,0.8615
BTCUSDT,2015-10-15 00:00:00+00:00,0.92101163,0.8597
BTCUSDT,2015-10-16 00:00:00+00:00,0.94954679,0.8502
BTCUSDT,2015-10-17 00:00:00+00:00,0.98206419,0.8393
BTCUSDT,2015-10-18 00:00:00+00:00,0.9516082,0.8495
BTCUSDT,2015-10-19 00:00:00+00:00,0.95474467,0.8484
BTCUSDT,2015-10-20 00:00:00+00:00,0.97727168,0.8409
BTCUSDT,2015-10-21 00:00:00+00:00,0.96713256,0.8443
BTCUSDT,2015-10-22 00:00:00+00:00,0.99332361,0.8356
BTCUSDT,2015-10-23 00:00:00+00:00,1.00428416,0.8319
BTCUSDT,2015-10-24 00:00:00+00:00,1.02166516,0.8261
BTCUSDT,2015-10-25 00:00:00+00:00,1.02981363,0.8234
BTCUSDT,2015-10-26 00:00:00+00:00,1.03170839,0.8228
BTCUSDT,2015-10-27 00:00:00+00:00,1.06222316,0.8126
BTCUSDT,2015-10-28 00:00:00+00:00,1.09230955,0.8026
BTCUSDT,2015-10-29 00:00:00+00:00,1.12707436,0.791
BTCUSDT,2015-10-30 00:00:00+00:00,1.17145113,0.7762
BTCUSDT,2015-10-31 00:00:00+00:00,1.11900853,0.7937
BTCUSDT,2015-11-01 00:00:00+00:00,1.17301764,0.7757
BTCUSDT,2015-11-02 00:00:00+00:00,1.29040009,0.7365
BTCUSDT,2015-11-03 00:00:00+00:00,1.40849617,0.6972
BTCUSDT,2015-11-04 00:00:00+00:00,1.41400867,0.6953
BTCUSDT,2015-11-05 00:00:00+00:00,1.33554498,0.7215
BTCUSDT,2015-11-06 00:00:00+00:00,1.29585462,0.7347
BTCUSDT,2015-11-07 00:00:00+00:00,1.33922357,0.7203
BTCUSDT,2015-11-08 00:00:00+00:00,1.29084893,0.7364
BTCUSDT,2015-11-09 00:00:00+00:00,1.31634235,0.7279
BTCUSDT,2015-11-10 00:00:00+00:00,1.1732578,0.7756
BTCUSDT,2015-11-11 00:00:00+00:00,1.07637834,0.8079
BTCUSDT,2015-11-12 00:00:00+00:00,1.17484219,0.7751
BTCUSDT,2015-11-13 00:00:00+00:00,1.17320189,0.7756
BTCUSDT,2015-11-14 00:00:00+00:00,1.15846495,0.7805
BTCUSDT,2015-11-15 00:00:00+00:00,1.113692,0.7954
BTCUSDT,2015-11-16 00:00:00+00:00,1.15257372,0.7825
BTCUSDT,2015-11-17 00:00:00+00:00,1.16708912,0.7776
BTCUSDT,2015-11-18 00:00:00+00:00,1.16637111,0.7779
BTCUSDT,2015-11-19 00:00:00+00:00,1.13381269,0.7887
BTCUSDT,2015-11-20 00:00:00+00:00,1.11922908,0.7936
BTCUSDT,2015-11-21 00:00:00+00:00,1.13292142,0.789
BTCUSDT,2015-11-22 00:00:00+00:00,1.12503742,0.7917
BTCUSDT,2015-11-23 00:00:00+00:00,1.12274649,0.7924
BTCUSDT,2015-11-24 00:00:00+00:00,1.11232756,0.7959
BTCUSDT,2015-11-25 00:00:00+00:00,1.14323112,0.7856
BTCUSDT,2015-11-26 00:00:00+00:00,1.23571942,0.7548
BTCUSDT,2015-11-27 00:00:00+00:00,1.24471977,0.7518
BTCUSDT,2015-11-28 00:00:00+00:00,1.23492724,0.755
BTCUSDT,2015-11-29 00:00:00+00:00,1.28597204,0.738
BTCUSDT,2015-11-30 00:00:00+00:00,1.30285581,0.7324
BTCUSDT,2015-12-01 00:00:00+00:00,1.25175777,0.7494
BTCUSDT,2015-12-02 00:00:00+00:00,1.2400996,0.7533
BTCUSDT,2015-12-03 00:00:00+00:00,1.24663471,0.7511
BTCUSDT,2015-12-04 00:00:00+00:00,1.25296246,0.749
BTCUSDT,2015-12-05 00:00:00+00:00,1.34032565,0.7199
BTCUSDT,2015-12-06 00:00:00+00:00,1.35140208,0.7162
BTCUSDT,2015-12-07 00:00:00+00:00,1.35604281,0.7147
BTCUSDT,2015-12-08 00:00:00+00:00,1.41573376,0.6948
BTCUSDT,2015-12-09 00:00:00+00:00,1.4230962,0.6923
BTCUSDT,2015-12-10 00:00:00+00:00,1.4147374,0.6951
BTCUSDT,2015-12-11 00:00:00+00:00,1.53766856,0.6541
BTCUSDT,2015-12-12 00:00:00+00:00,1.47529212,0.6749
BTCUSDT,2015-12-13 00:00:00+00:00,1.46917519,0.6769
BTCUSDT,2015-12-14 00:00:00+00:00,1.49347951,0.6688
BTCUSDT,2015-12-15 00:00:00+00:00,1.5607304,0.6464
BTCUSDT,2015-12-16 00:00:00+00:00,1.52430436,0.6586
BTCUSDT,2015-12-17 00:00:00+00:00,1.52913908,0.657
BTCUSDT,2015-12-18 00:00:00+00:00,1.54887254,0.6504
BTCUSDT,2015-12-19 00:00:00+00:00,1.5407991,0.6531
BTCUSDT,2015-12-20 00:00:00+00:00,1.47646827,0.6745
BTCUSDT,2015-12-21 00:00:00+00:00,1.46115451,0.6796
BTCUSDT,2015-12-22 00:00:00+00:00,1.45244997,0.6825
BTCUSDT,2015-12-23 00:00:00+00:00,1.47498552,0.675
BTCUSDT,2015-12-24 00:00:00+00:00,1.51648924,0.6612
BTCUSDT,2015-12-25 00:00:00+00:00,1.51327284,0.6622
BTCUSDT,2015-12-26 00:00:00+00:00,1.39046843,0.7032
BTCUSDT,2015-12-27 00:00:00+00:00,1.40524438,0.6983
BTCUSDT,2015-12-28 00:00:00+00:00,1.39984175,0.7001
BTCUSDT,2015-12-29 00:00:00+00:00,1.43330598,0.6889
BTCUSDT,2015-12-30 00:00:00+00:00,1.41549314,0.6948
BTCUSDT,2015-12-31 00:00:00+00:00,1.42597532,0.6913
BTCUSDT,2016-01-01 00:00:00+00:00,1.44202141,0.686
BTCUSDT,2016-01-02 00:00:00+00:00,1.44085731,0.6864
BTCUSDT,2016-01-03 00:00:00+00:00,1.42578556,0.6914
BTCUSDT,2016-01-04 00:00:00+00:00,1.4358758,0.688
BTCUSDT,2016-01-05 00:00:00+00:00,1.43257229,0.6891
BTCUSDT,2016-01-06 00:00:00+00:00,1.42542709,0.6915
BTCUSDT,2016-01-07 00:00:00+00:00,1.51365061,0.6621
BTCUSDT,2016-01-08 00:00:00+00:00,1.49531085,0.6682
BTCUSDT,2016-01-09 00:00:00+00:00,1.48063286,0.6731
BTCUSDT,2016-01-10 00:00:00+00:00,1.47362064,0.6755
BTCUSDT,2016-01-11 00:00:00+00:00,1.4731839,0.6756
BTCUSDT,2016-01-12 00:00:00+00:00,1.44857001,0.6838
BTCUSDT,2016-01-13 00:00:00+00:00,1.41794151,0.694
BTCUSDT,2016-01-14 00:00:00+00:00,1.4098903,0.6967
BTCUSDT,2016-01-15 00:00:00+00:00,1.21085056,0.763
BTCUSDT,2016-01-16 00:00:00+00:00,1.2771992,0.7409
BTCUSDT,2016-01-17 00:00:00+00:00,1.25902054,0.747
BTCUSDT,2016-01-18 00:00:00+00:00,1.26741248,0.7442
BTCUSDT,2016-01-19 00:00:00+00:00,1.24584593,0.7514
BTCUSDT,2016-01-20 00:00:00+00:00,1.3822596,0.7059
BTCUSDT,2016-01-21 00:00:00+00:00,1.34524409,0.7183
BTCUSDT,2016-01-22 00:00:00+00:00,1.25973209,0.7468
BTCUSDT,2016-01-23 00:00:00+00:00,1.27705234,0.741
BTCUSDT,2016-01-24 00:00:00+00:00,1.33208711,0.7226
BTCUSDT,2016-01-25 00:00:00+00:00,1.29373682,0.7354
BTCUSDT,2016-01-26 00:00:00+00:00,1.29079002,0.7364
BTCUSDT,2016-01-27 00:00:00+00:00,1.3020216,0.7327
BTCUSDT,2016-01-28 00:00:00+00:00,1.25165178,0.7494
BTCUSDT,2016-01-29 00:00:00+00:00,1.2534027,0.7489
BTCUSDT,2016-01-30 00:00:00+00:00,1.24726247,0.7509
BTCUSDT,2016-01-31 00:00:00+00:00,1.21190019,0.7627
BTCUSDT,2016-02-01 00:00:00+00:00,1.23041296,0.7565
BTCUSDT,2016-02-02 00:00:00+00:00,1.236387,0.7545
BTCUSDT,2016-02-03 00:00:00+00:00,1.22129665,0.7596
BTCUSDT,2016-02-04 00:00:00+00:00,1.29128531,0.7362
BTCUSDT,2016-02-05 00:00:00+00:00,1.27387646,0.742
BTCUSDT,2016-02-06 00:00:00+00:00,1.24218056,0.7526
BTCUSDT,2016-02-07 00:00:00+00:00,1.24380766,0.7521
BTCUSDT,2016-02-08 00:00:00+00:00,1.23006764,0.7566
BTCUSDT,2016-02-09 00:00:00+00:00,1.23955252,0.7535
BTCUSDT,2016-02-10 00:00:00+00:00,1.25743769,0.7475
BTCUSDT,2016-02-11 00:00:00+00:00,1.25239109,0.7492
BTCUSDT,2016-02-12 00:00:00+00:00,1.26735993,0.7442
BTCUSDT,2016-02-13 00:00:00+00:00,1.29090383,0.7364
BTCUSDT,2016-02-14 00:00:00+00:00,1.34395157,0.7187
BTCUSDT,2016-02-15 00:00:00+00:00,1.32080872,0.7264
BTCUSDT,2016-02-16 00:00:00+00:00,1.34439265,0.7185
BTCUSDT,2016-02-17 00:00:00+00:00,1.36891644,0.7104
BTCUSDT,2016-02-18 00:00:00+00:00,1.387065,0.7043
BTCUSDT,2016-02-19 00:00:00+00:00,1.37990407,0.7067
BTCUSDT,2016-02-20 00:00:00+00:00,1.44479793,0.6851
BTCUSDT,2016-02-21 00:00:00+00:00,1.43896168,0.687
BTCUSDT,2016-02-22 00:00:00+00:00,1.43388713,0.6887
BTCUSDT,2016-02-23 00:00:00+00:00,1.37701655,0.7077
BTCUSDT,2016-02-24 00:00:00+00:00,1.38888584,0.7037
BTCUSDT,2016-02-25 00:00:00+00:00,1.38869889,0.7038
BTCUSDT,2016-02-26 00:00:00+00:00,1.4125491,0.6958
BTCUSDT,2016-02-27 00:00:00+00:00,1.41577688,0.6947
BTCUSDT,2016-02-28 00:00:00+00:00,1.41489813,0.695
BTCUSDT,2016-02-29 00:00:00+00:00,1.42718873,0.6909
BTCUSDT,2016-03-01 00:00:00+00:00,1.40836687,0.6972
BTCUSDT,2016-03-02 00:00:00+00:00,1.37665947,0.7078
BTCUSDT,2016-03-03 00:00:00+00:00,1.36370699,0.7121
BTCUSDT,2016-03-04 00:00:00+00:00,1.32762119,0.7241
BTCUSDT,2016-03-05 00:00:00+00:00,1.29300875,0.7357
BTCUSDT,2016-03-06 00:00:00+00:00,1.31351951,0.7288
BTCUSDT,2016-03-07 00:00:00+00:00,1.34309201,0.719
BTCUSDT,2016-03-08 00:00:00+00:00,1.33712484,0.721
BTCUSDT,2016-03-09 00:00:00+00:00,1.3411659,0.7196
BTCUSDT,2016-03-10 00:00:00+00:00,1.35270133,0.7158
BTCUSDT,2016-03-11 00:00:00+00:00,1.36229072,0.7126
BTCUSDT,2016-03-12 00:00:00+00:00,1.33231582,0.7226
BTCUSDT,2016-03-13 00:00:00+00:00,1.33700014,0.721
BTCUSDT,2016-03-14 00:00:00+00:00,1.34667706,0.7178
BTCUSDT,2016-03-15 00:00:00+00:00,1.34702813,0.7177
BTCUSDT,2016-03-16 00:00:00+00:00,1.3520056,0.716
BTCUSDT,2016-03-17 00:00:00+00:00,1.35638731,0.7145
BTCUSDT,2016-03-18 00:00:00+00:00,1.32505057,0.725
BTCUSDT,2016-03-19 00:00:00+00:00,1.32598423,0.7247
BTCUSDT,2016-03-20 00:00:00+00:00,1.33522284,0.7216
BTCUSDT,2016-03-21 00:00:00+00:00,1.33302131,0.7223
BTCUSDT,2016-03-22 00:00:00+00:00,1.34807127,0.7173
BTCUSDT,2016-03-23 00:00:00+00:00,1.35020487,0.7166
BTCUSDT,2016-03-24 00:00:00+00:00,1.33729801,0.7209
BTCUSDT,2016-03-25 00:00:00+00:00,1.34555077,0.7181
BTCUSDT,2016-03-26 00:00:00+00:00,1.34628144,0.7179
BTCUSDT,2016-03-27 00:00:00+00:00,1.37287033,0.709
BTCUSDT,2016-03-28 00:00:00+00:00,1.36375683,0.7121
BTCUSDT,2016-03-29 00:00:00+00:00,1.3408893,0.7197
BTCUSDT,2016-03-30 00:00:00+00:00,1.3308193,0.7231
BTCUSDT,2016-03-31 00:00:00+00:00,1.34039332,0.7199
BTCUSDT,2016-04-01 00:00:00+00:00,1.3439179,0.7187
BTCUSDT,2016-04-02 00:00:00+00:00,1.35165651,0.7161
BTCUSDT,2016-04-03 00:00:00+00:00,1.35223224,0.7159
BTCUSDT,2016-04-04 00:00:00+00:00,1.35014818,0.7166
BTCUSDT,2016-04-05 00:00:00+00:00,1.35890201,0.7137
BTCUSDT,2016-04-06 00:00:00+00:00,1.35566372,0.7148
BTCUSDT,2016-04-07 00:00:00+00:00,1.35117853,0.7163
BTCUSDT,2016-04-08 00:00:00+00:00,1.34214463,0.7193
BTCUSDT,2016-04-09 00:00:00+00:00,1.34233375,0.7192
BTCUSDT,2016-04-10 00:00:00+00:00,1.35084023,0.7164
BTCUSDT,2016-04-11 00:00:00+00:00,1.35449753,0.7152
BTCUSDT,2016-04-12 00:00:00+00:00,1.36654458,0.7112
BTCUSDT,2016-04-13 00:00:00+00:00,1.35807492,0.714
BTCUSDT,2016-04-14 00:00:00+00:00,1.36084658,0.7131
BTCUSDT,2016-04-15 00:00:00+00:00,1.37555561,0.7081
BTCUSDT,2016-04-16 00:00:00+00:00,1.37971516,0.7068
BTCUSDT,2016-04-17 00:00:00+00:00,1.37038391,0.7099
BTCUSDT,2016-04-18 00:00:00+00:00,1.37101446,0.7097
BTCUSDT,2016-04-19 00:00:00+00:00,1.39507656,0.7016
BTCUSDT,2016-04-20 00:00:00+00:00,1.41003606,0.6967
BTCUSDT,2016-04-21 00:00:00+00:00,1.43844551,0.6872
BTCUSDT,2016-04-22 00:00:00+00:00,1.42445756,0.6918
BTCUSDT,2016-04-23 00:00:00+00:00,1.44126699,0.6862
BTCUSDT,2016-04-24 00:00:00+00:00,1.46984701,0.6767
BTCUSDT,2016-04-25 00:00:00+00:00,1.47288881,0.6757
BTCUSDT,2016-04-26 00:00:00+00:00,1.48393742,0.672
BTCUSDT,2016-04-27 00:00:00+00:00,1.40953828,0.6968
BTCUSDT,2016-04-28 00:00:00+00:00,1.4252343,0.6916
BTCUSDT,2016-04-29 00:00:00+00:00,1.44285983,0.6857
BTCUSDT,2016-04-30 00:00:00+00:00,1.42025882,0.6932
BTCUSDT,2016-05-01 00:00:00+00:00,1.43481218,0.6884
BTCUSDT,2016-05-02 00:00:00+00:00,1.40306525,0.699
BTCUSDT,2016-05-03 00:00:00+00:00,1.42352585,0.6922
BTCUSDT,2016-05-04 00:00:00+00:00,1.41279571,0.6957
BTCUSDT,2016-05-05 00:00:00+00:00,1.41534562,0.6949
BTCUSDT,2016-05-06 00:00:00+00:00,1.45231269,0.6826
BTCUSDT,2016-05-07 00:00:00+00:00,1.45028008,0.6832
BTCUSDT,2016-05-08 00:00:00+00:00,1.44965118,0.6834
BTCUSDT,2016-05-09 00:00:00+00:00,1.45525025,0.6816
BTCUSDT,2016-05-10 00:00:00+00:00,1.41626148,0.6946
BTCUSDT,2016-05-11 00:00:00+00:00,1.42414735,0.692
BTCUSDT,2016-05-12 00:00:00+00:00,1.42876187,0.6904
BTCUSDT,2016-05-13 00:00:00+00:00,1.43336991,0.6889
BTCUSDT,2016-05-14 00:00:00+00:00,1.43505829,0.6883
BTCUSDT,2016-05-15 00:00:00+00:00,1.44303466,0.6857
BTCUSDT,2016-05-16 00:00:00+00:00,1.42545539,0.6915
BTCUSDT,2016-05-17 00:00:00+00:00,1.41546718,0.6948
BTCUSDT,2016-05-18 00:00:00+00:00,1.41776705,0.6941
BTCUSDT,2016-05-19 00:00:00+00:00,1.36583656,0.7114
BTCUSDT,2016-05-20 00:00:00+00:00,1.37946798,0.7068
BTCUSDT,2016-05-21 00:00:00+00:00,1.38433791,0.7052
BTCUSDT,2016-05-22 00:00:00+00:00,1.37324466,0.7089
BTCUSDT,2016-05-23 00:00:00+00:00,1.38378129,0.7054
BTCUSDT,2016-05-24 00:00:00+00:00,1.38792754,0.704
BTCUSDT,2016-05-25 00:00:00+00:00,1.40185071,0.6994
BTCUSDT,2016-05-26 00:00:00+00:00,1.41287581,0.6957
BTCUSDT,2016-05-27 00:00:00+00:00,1.46115986,0.6796
BTCUSDT,2016-05-28 00:00:00+00:00,1.63473944,0.6218
BTCUSDT,2016-05-29 00:00:00+00:00,1.61944736,0.6269
BTCUSDT,2016-05-30 00:00:00+00:00,1.63256643,0.6225
BTCUSDT,2016-05-31 00:00:00+00:00,1.62098355,0.6263
BTCUSDT,2016-06-01 00:00:00+00:00,1.63749336,0.6208
BTCUSDT,2016-06-02 00:00:00+00:00,1.63594156,0.6214
BTCUSDT,2016-06-03 00:00:00+00:00,1.72607424,0.5913
BTCUSDT,2016-06-04 00:00:00+00:00,1.73508921,0.5883
BTCUSDT,2016-06-05 00:00:00+00:00,1.73449123,0.5885
BTCUSDT,2016-06-06 00:00:00+00:00,1.76124697,0.5796
BTCUSDT,2016-06-07 00:00:00+00:00,1.73648602,0.5878
BTCUSDT,2016-06-08 00:00:00+00:00,1.74643017,0.5845
BTCUSDT,2016-06-09 00:00:00+00:00,1.7262705,0.5912
BTCUSDT,2016-06-10 00:00:00+00:00,1.73124783,0.5896
BTCUSDT,2016-06-11 00:00:00+00:00,1.80308386,0.5656
BTCUSDT,2016-06-12 00:00:00+00:00,1.97978904,0.5067
BTCUSDT,2016-06-13 00:00:00+00:00,2.05438766,0.4819
BTCUSDT,2016-06-14 00:00:00+00:00,1.99146107,0.5028
BTCUSDT,2016-06-15 00:00:00+00:00,2.00817303,0.4973
BTCUSDT,2016-06-16 00:00:00+00:00,2.18424554,0.4386
BTCUSDT,2016-06-17 00:00:00+00:00,2.12593041,0.458
BTCUSDT,2016-06-18 00:00:00+00:00,2.14155867,0.4528
BTCUSDT,2016-06-19 00:00:00+00:00,2.15941186,0.4469
BTCUSDT,2016-06-20 00:00:00+00:00,2.03279428,0.4891
BTCUSDT,2016-06-21 00:00:00+00:00,1.88290437,0.539
BTCUSDT,2016-06-22 00:00:00+00:00,1.68209991,0.606
BTCUSDT,2016-06-23 00:00:00+00:00,1.77191858,0.576
BTCUSDT,2016-06-24 00:00:00+00:00,1.86988311,0.5434
BTCUSDT,2016-06-25 00:00:00+00:00,1.87909186,0.5403
BTCUSDT,2016-06-26 00:00:00+00:00,1.7731205,0.5756
BTCUSDT,2016-06-27 00:00:00+00:00,1.83085813,0.5564
BTCUSDT,2016-06-28 00:00:00+00:00,1.81560781,0.5615
BTCUSDT,2016-06-29 00:00:00+00:00,1.79144978,0.5695
BTCUSDT,2016-06-30 00:00:00+00:00,1.88463722,0.5385
BTCUSDT,2016-07-01 00:00:00+00:00,1.89054098,0.5365
BTCUSDT,2016-07-02 00:00:00+00:00,1.95662702,0.5145
BTCUSDT,2016-07-03 00:00:00+00:00,1.84470645,0.5518
BTCUSDT,2016-07-04 00:00:00+00:00,1.89000024,0.5367
BTCUSDT,2016-07-05 00:00:00+00:00,1.85502138,0.5483
BTCUSDT,2016-07-06 00:00:00+00:00,1.87853142,0.5405
BTCUSDT,2016-07-07 00:00:00+00:00,1.77579285,0.5747
BTCUSDT,2016-07-08 00:00:00+00:00,1.8419359,0.5527
BTCUSDT,2016-07-09 00:00:00+00:00,1.80354226,0.5655
BTCUSDT,2016-07-10 00:00:00+00:00,1.79645545,0.5678
BTCUSDT,2016-07-11 00:00:00+00:00,1.79504742,0.5683
BTCUSDT,2016-07-12 00:00:00+00:00,1.84676287,0.5511
BTCUSDT,2016-07-13 00:00:00+00:00,1.81377039,0.5621
BTCUSDT,2016-07-14 00:00:00+00:00,1.81967435,0.5601
BTCUSDT,2016-07-15 00:00:00+00:00,1.83455167,0.5551
BTCUSDT,2016-07-16 00:00:00+00:00,1.82935184,0.5569
BTCUSDT,2016-07-17 00:00:00+00:00,1.86895135,0.5437
BTCUSDT,2016-07-18 00:00:00+00:00,1.8515086,0.5495
BTCUSDT,2016-07-19 00:00:00+00:00,1.8472273,0.5509
BTCUSDT,2016-07-20 00:00:00+00:00,1.82663887,0.5578
BTCUSDT,2016-07-21 00:00:00+00:00,1.82456417,0.5585
BTCUSDT,2016-07-22 00:00:00+00:00,1.7803472,0.5732
BTCUSDT,2016-07-23 00:00:00+00:00,1.79860084,0.5671
BTCUSDT,2016-07-24 00:00:00+00:00,1.80565737,0.5648
BTCUSDT,2016-07-25 00:00:00+00:00,1.78771375,0.5708
BTCUSDT,2016-07-26 00:00:00+00:00,1.78522608,0.5716
BTCUSDT,2016-07-27 00:00:00+00:00,1.78796338,0.5707
BTCUSDT,2016-07-28 00:00:00+00:00,1.78683669,0.5711
BTCUSDT,2016-07-29 00:00:00+00:00,1.78935642,0.5702
BTCUSDT,2016-07-30 00:00:00+00:00,1.78228347,0.5726
BTCUSDT,2016-07-31 00:00:00+00:00,1.7008979,0.5997
BTCUSDT,2016-08-01 00:00:00+00:00,1.6531908,0.6156
BTCUSDT,2016-08-02 00:00:00+00:00,1.44664432,0.6845
BTCUSDT,2016-08-03 00:00:00+00:00,1.56457026,0.6451
BTCUSDT,2016-08-04 00:00:00+00:00,1.59778327,0.6341
BTCUSDT,2016-08-05 00:00:00+00:00,1.59141223,0.6362
BTCUSDT,2016-08-06 00:00:00+00:00,1.61723105,0.6276
BTCUSDT,2016-08-07 00:00:00+00:00,1.62732927,0.6242
BTCUSDT,2016-08-08 00:00:00+00:00,1.6187062,0.6271
BTCUSDT,2016-08-09 00:00:00+00:00,1.6089797,0.6303
BTCUSDT,2016-08-10 00:00:00+00:00,1.61532499,0.6282
BTCUSDT,2016-08-11 00:00:00+00:00,1.61439329,0.6285
BTCUSDT,2016-08-12 00:00:00+00:00,1.60770275,0.6308
BTCUSDT,2016-08-13 00:00:00+00:00,1.60245343,0.6325
BTCUSDT,2016-08-14 00:00:00+00:00,1.56450982,0.6452
BTCUSDT,2016-08-15 00:00:00+00:00,1.55189891,0.6494
BTCUSDT,2016-08-16 00:00:00+00:00,1.58343489,0.6389
BTCUSDT,2016-08-17 00:00:00+00:00,1.5706748,0.6431
BTCUSDT,2016-08-18 00:00:00+00:00,1.56943471,0.6435
BTCUSDT,2016-08-19 00:00:00+00:00,1.57097556,0.643
BTCUSDT,2016-08-20 00:00:00+00:00,1.58942926,0.6369
BTCUSDT,2016-08-21 00:00:00+00:00,1.5862522,0.6379
BTCUSDT,2016-08-22 00:00:00+00:00,1.5971444,0.6343
BTCUSDT,2016-08-23 00:00:00+00:00,1.5907111,0.6364
BTCUSDT,2016-08-24 00:00:00+00:00,1.58033884,0.6399
BTCUSDT,2016-08-25 00:00:00+00:00,1.5702844,0.6432
BTCUSDT,2016-08-26 00:00:00+00:00,1.57746065,0.6408
BTCUSDT,2016-08-27 00:00:00+00:00,1.55410904,0.6486
BTCUSDT,2016-08-28 00:00:00+00:00,1.56720759,0.6443
BTCUSDT,2016-08-29 00:00:00+00:00,1.56317394,0.6456
BTCUSDT,2016-08-30 00:00:00+00:00,1.56851349,0.6438
BTCUSDT,2016-08-31 00:00:00+00:00,1.55808288,0.6473
BTCUSDT,2016-09-01 00:00:00+00:00,1.55789624,0.6474
BTCUSDT,2016-09-02 00:00:00+00:00,1.57001279,0.6433
BTCUSDT,2016-09-03 00:00:00+00:00,1.63244029,0.6225
BTCUSDT,2016-09-04 00:00:00+00:00,1.65865731,0.6138
BTCUSDT,2016-09-05 00:00:00+00:00,1.64951295,0.6168
BTCUSDT,2016-09-06 00:00:00+00:00,1.66267259,0.6124
BTCUSDT,2016-09-07 00:00:00+00:00,1.6686166,0.6105
BTCUSDT,2016-09-08 00:00:00+00:00,1.70667998,0.5978
BTCUSDT,2016-09-09 00:00:00+00:00,1.68507108,0.605
BTCUSDT,2016-09-10 00:00:00+00:00,1.68900378,0.6037
BTCUSDT,2016-09-11 00:00:00+00:00,1.64409449,0.6186
BTCUSDT,2016-09-12 00:00:00+00:00,1.64235516,0.6192
BTCUSDT,2016-09-13 00:00:00+00:00,1.64324029,0.6189
BTCUSDT,2016-09-14 00:00:00+00:00,1.64445893,0.6185
BTCUSDT,2016-09-15 00:00:00+00:00,1.63757095,0.6208
BTCUSDT,2016-09-16 00:00:00+00:00,1.63843679,0.6205
BTCUSDT,2016-09-17 00:00:00+00:00,1.63684292,0.6211
BTCUSDT,2016-09-18 00:00:00+00:00,1.64735892,0.6175
BTCUSDT,2016-09-19 00:00:00+00:00,1.63980889,0.6201
BTCUSDT,2016-09-20 00:00:00+00:00,1.63608322,0.6213
BTCUSDT,2016-09-21 00:00:00+00:00,1.60558003,0.6315
BTCUSDT,2016-09-22 00:00:00+00:00,1.60186568,0.6327
BTCUSDT,2016-09-23 00:00:00+00:00,1.61963842,0.6268
BTCUSDT,2016-09-24 00:00:00+00:00,1.62065676,0.6264
BTCUSDT,2016-09-25 00:00:00+00:00,1.61373559,0.6288
BTCUSDT,2016-09-26 00:00:00+00:00,1.62933517,0.6236
BTCUSDT,2016-09-27 00:00:00+00:00,1.62414841,0.6253
BTCUSDT,2016-09-28 00:00:00+00:00,1.62251024,0.6258
BTCUSDT,2016-09-29 00:00:00+00:00,1.62353046,0.6255
BTCUSDT,2016-09-30 00:00:00+00:00,1.63296882,0.6223
BTCUSDT,2016-10-01 00:00:00+00:00,1.64973693,0.6168
BTCUSDT,2016-10-02 00:00:00+00:00,1.63963562,0.6201
BTCUSDT,2016-10-03 00:00:00+00:00,1.64023485,0.6199
BTCUSDT,2016-10-04 00:00:00+00:00,1.63178451,0.6227
BTCUSDT,2016-10-05 00:00:00+00:00,1.63673816,0.6211
BTCUSDT,2016-10-06 00:00:00+00:00,1.63502177,0.6217
BTCUSDT,2016-10-07 00:00:00+00:00,1.65057413,0.6165
BTCUSDT,2016-10-08 00:00:00+00:00,1.65345115,0.6155
BTCUSDT,2016-10-09 00:00:00+00:00,1.6471487,0.6176
BTCUSDT,2016-10-10 00:00:00+00:00,1.64905635,0.617
BTCUSDT,2016-10-11 00:00:00+00:00,1.71172286,0.5961
BTCUSDT,2016-10-12 00:00:00+00:00,1.69165254,0.6028
BTCUSDT,2016-10-13 00:00:00+00:00,1.68770306,0.6041
BTCUSDT,2016-10-14 00:00:00+00:00,1.69764855,0.6008
BTCUSDT,2016-10-15 00:00:00+00:00,1.6909697,0.603
BTCUSDT,2016-10-16 00:00:00+00:00,1.70485941,0.5984
BTCUSDT,2016-10-17 00:00:00+00:00,1.69213973,0.6026
BTCUSDT,2016-10-18 00:00:00+00:00,1.6808924,0.6064
BTCUSDT,2016-10-19 00:00:00+00:00,1.66452177,0.6118
BTCUSDT,2016-10-20 00:00:00+00:00,1.66126571,0.6129
BTCUSDT,2016-10-21 00:00:00+00:00,1.66533193,0.6116
BTCUSDT,2016-10-22 00:00:00+00:00,1.72581278,0.5914
BTCUSDT,2016-10-23 00:00:00+00:00,1.71807394,0.594
BTCUSDT,2016-10-24 00:00:00+00:00,1.71141678,0.5962
BTCUSDT,2016-10-25 00:00:00+00:00,1.72432365,0.5919
BTCUSDT,2016-10-26 00:00:00+00:00,1.77111563,0.5763
BTCUSDT,2016-10-27 00:00:00+00:00,1.79615707,0.5679
BTCUSDT,2016-10-28 00:00:00+00:00,1.80415758,0.5653
BTCUSDT,2016-10-29 00:00:00+00:00,1.8651885,0.5449
BTCUSDT,2016-10-30 00:00:00+00:00,1.8226058,0.5591
BTCUSDT,2016-10-31 00:00:00+00:00,1.81838639,0.5605
BTCUSDT,2016-11-01 00:00:00+00:00,1.89570499,0.5348
BTCUSDT,2016-11-02 00:00:00+00:00,1.91748494,0.5275
BTCUSDT,2016-11-03 00:00:00+00:00,1.78730294,0.5709
BTCUSDT,2016-11-04 00:00:00+00:00,1.82526343,0.5582
BTCUSDT,2016-11-05 00:00:00+00:00,1.82779984,0.5574
BTCUSDT,2016-11-06 00:00:00+00:00,1.84962453,0.5501
BTCUSDT,2016-11-07 00:00:00+00:00,1.82330887,0.5589
BTCUSDT,2016-11-08 00:00:00+00:00,1.83441017,0.5552
BTCUSDT,2016-11-09 00:00:00+00:00,1.85565551,0.5481
BTCUSDT,2016-11-10 00:00:00+00:00,1.83311387,0.5556
BTCUSDT,2016-11-11 00:00:00+00:00,1.83712016,0.5543
BTCUSDT,2016-11-12 00:00:00+00:00,1.80622068,0.5646
BTCUSDT,2016-11-13 00:00:00+00:00,1.80498214,0.565
BTCUSDT,2016-11-14 00:00:00+00:00,1.80858594,0.5638
BTCUSDT,2016-11-15 00:00:00+00:00,1.82341234,0.5589
BTCUSDT,2016-11-16 00:00:00+00:00,1.89261677,0.5358
BTCUSDT,2016-11-17 00:00:00+00:00,1.87204522,0.5427
BTCUSDT,2016-11-18 00:00:00+00:00,1.90458043,0.5318
BTCUSDT,2016-11-19 00:00:00+00:00,1.90689799,0.531
BTCUSDT,2016-11-20 00:00:00+00:00,1.85356329,0.5488
BTCUSDT,2016-11-21 00:00:00+00:00,1.86694042,0.5444
BTCUSDT,2016-11-22 00:00:00+00:00,1.89259128,0.5358
BTCUSDT,2016-11-23 00:00:00+00:00,1.86965336,0.5434
BTCUSDT,2016-11-24 00:00:00+00:00,1.85483303,0.5484
BTCUSDT,2016-11-25 00:00:00+00:00,1.85929274,0.5469
BTCUSDT,2016-11-26 00:00:00+00:00,1.84525241,0.5516
BTCUSDT,2016-11-27 00:00:00+00:00,1.82681448,0.5577
BTCUSDT,2016-11-28 00:00:00+00:00,1.83082068,0.5564
BTCUSDT,2016-11-29 00:00:00+00:00,1.83343351,0.5555
BTCUSDT,2016-11-30 00:00:00+00:00,1.85741761,0.5475
BTCUSDT,2016-12-01 00:00:00+00:00,1.88258493,0.5391
BTCUSDT,2016-12-02 00:00:00+00:00,1.92399804,0.5253
BTCUSDT,2016-12-03 00:00:00+00:00,1.89395129,0.5353
BTCUSDT,2016-12-04 00:00:00+00:00,1.89327742,0.5356
BTCUSDT,2016-12-05 00:00:00+00:00,1.85781173,0.5474
BTCUSDT,2016-12-06 00:00:00+00:00,1.87197007,0.5427
BTCUSDT,2016-12-07 00:00:00+00:00,1.88398255,0.5387
BTCUSDT,2016-12-08 00:00:00+00:00,1.88724567,0.5376
BTCUSDT,2016-12-09 00:00:00+00:00,1.89591358,0.5347
BTCUSDT,2016-12-10 00:00:00+00:00,1.90150182,0.5328
BTCUSDT,2016-12-11 00:00:00+00:00,1.8880226,0.5373
BTCUSDT,2016-12-12 00:00:00+00:00,1.90486371,0.5317
BTCUSDT,2016-12-13 00:00:00+00:00,1.90337593,0.5322
BTCUSDT,2016-12-14 00:00:00+00:00,1.89626794,0.5346
BTCUSDT,2016-12-15 00:00:00+00:00,1.89136263,0.5362
BTCUSDT,2016-12-16 00:00:00+00:00,1.90373524,0.5321
BTCUSDT,2016-12-17 00:00:00+00:00,1.91920336,0.5269
BTCUSDT,2016-12-18 00:00:00+00:00,1.91892195,0.527
BTCUSDT,2016-12-19 00:00:00+00:00,1.91635095,0.5279
BTCUSDT,2016-12-20 00:00:00+00:00,1.93543766,0.5215
BTCUSDT,2016-12-21 00:00:00+00:00,1.99546268,0.5015
BTCUSDT,2016-12-22 00:00:00+00:00,2.05790608,0.4807
BTCUSDT,2016-12-23 00:00:00+00:00,2.17751843,0.4408
BTCUSDT,2016-12-24 00:00:00+00:00,2.11635351,0.4612
BTCUSDT,2016-12-25 00:00:00+00:00,2.12388831,0.4587
BTCUSDT,2016-12-26 00:00:00+00:00,2.13574409,0.4548
BTCUSDT,2016-12-27 00:00:00+00:00,2.18144466,0.4395
BTCUSDT,2016-12-28 00:00:00+00:00,2.2923126,0.4026
BTCUSDT,2016-12-29 00:00:00+00:00,2.26582772,0.4114
BTCUSDT,2016-12-30 00:00:00+00:00,2.23030531,0.4232
BTCUSDT,2016-12-31 00:00:00+00:00,2.2443903,0.4185
BTCUSDT,2017-01-01 00:00:00+00:00,2.30193946,0.3994
BTCUSDT,2017-01-02 00:00:00+00:00,2.33524167,0.3883
BTCUSDT,2017-01-03 00:00:00+00:00,2.35770988,0.3808
BTCUSDT,2017-01-04 00:00:00+00:00,2.55770131,0.3141
BTCUSDT,2017-01-05 00:00:00+00:00,2.23704042,0.421
BTCUSDT,2017-01-06 00:00:00+00:00,2.00164999,0.4995
BTCUSDT,2017-01-07 00:00:00+00:00,2.0252978,0.4916
BTCUSDT,2017-01-08 00:00:00+00:00,2.04304794,0.4857
BTCUSDT,2017-01-09 00:00:00+00:00,2.02053011,0.4932
BTCUSDT,2017-01-10 00:00:00+00:00,2.02492109,0.4917
BTCUSDT,2017-01-11 00:00:00+00:00,1.76845775,0.5772
BTCUSDT,2017-01-12 00:00:00+00:00,1.81077416,0.5631
BTCUSDT,2017-01-13 00:00:00+00:00,1.85366729,0.5488
BTCUSDT,2017-01-14 00:00:00+00:00,1.83889611,0.5537
BTCUSDT,2017-01-15 00:00:00+00:00,1.84823542,0.5506
BTCUSDT,2017-01-16 00:00:00+00:00,1.86155157,0.5461
BTCUSDT,2017-01-17 00:00:00+00:00,2.0228738,0.4924
BTCUSDT,2017-01-18 00:00:00+00:00,1.96641888,0.5112
BTCUSDT,2017-01-19 00:00:00+00:00,2.01003826,0.4967
BTCUSDT,2017-01-20 00:00:00+00:00,1.99263298,0.5025
BTCUSDT,2017-01-21 00:00:00+00:00,2.05421871,0.4819
BTCUSDT,2017-01-22 00:00:00+00:00,2.04635127,0.4845
BTCUSDT,2017-01-23 00:00:00+00:00,2.03609568,0.488
BTCUSDT,2017-01-24 00:00:00+00:00,1.96451725,0.5118
BTCUSDT,2017-01-25 00:00:00+00:00,1.97868447,0.5071
BTCUSDT,2017-01-26 00:00:00+00:00,2.02100235,0.493
BTCUSDT,2017-01-27 00:00:00+00:00,2.02710253,0.491
BTCUSDT,2017-01-28 00:00:00+00:00,2.03067894,0.4898
BTCUSDT,2017-01-29 00:00:00+00:00,2.00928142,0.4969
BTCUSDT,2017-01-30 00:00:00+00:00,2.01726706,0.4942
BTCUSDT,2017-01-31 00:00:00+00:00,2.11732767,0.4609
BTCUSDT,2017-02-01 00:00:00+00:00,2.1532295,0.4489
BTCUSDT,2017-02-02 00:00:00+00:00,2.19051199,0.4365
BTCUSDT,2017-02-03 00:00:00+00:00,2.19895326,0.4337
BTCUSDT,2017-02-04 00:00:00+00:00,2.23392412,0.422
BTCUSDT,2017-02-05 00:00:00+00:00,2.18915215,0.4369
BTCUSDT,2017-02-06 00:00:00+00:00,2.20253705,0.4325
BTCUSDT,2017-02-07 00:00:00+00:00,2.25911131,0.4136
BTCUSDT,2017-02-08 00:00:00+00:00,2.25075614,0.4164
BTCUSDT,2017-02-09 00:00:00+00:00,2.10032332,0.4666
BTCUSDT,2017-02-10 00:00:00+00:00,2.12395089,0.4587
BTCUSDT,2017-02-11 00:00:00+00:00,2.15345527,0.4488
BTCUSDT,2017-02-12 00:00:00+00:00,2.14002159,0.4533
BTCUSDT,2017-02-13 00:00:00+00:00,2.12270941,0.4591
BTCUSDT,2017-02-14 00:00:00+00:00,2.14502476,0.4517
BTCUSDT,2017-02-15 00:00:00+00:00,2.14664641,0.4511
BTCUSDT,2017-02-16 00:00:00+00:00,2.19057597,0.4365
BTCUSDT,2017-02-17 00:00:00+00:00,2.22822443,0.4239
BTCUSDT,2017-02-18 00:00:00+00:00,2.22851853,0.4238
BTCUSDT,2017-02-19 00:00:00+00:00,2.22135058,0.4262
BTCUSDT,2017-02-20 00:00:00+00:00,2.27876692,0.4071
BTCUSDT,2017-02-21 00:00:00+00:00,2.35331243,0.3822
BTCUSDT,2017-02-22 00:00:00+00:00,2.3431243,0.3856
BTCUSDT,2017-02-23 00:00:00+00:00,2.45151251,0.3495
BTCUSDT,2017-02-24 00:00:00+00:00,2.42731203,0.3576
BTCUSDT,2017-02-25 00:00:00+00:00,2.35507801,0.3816
BTCUSDT,2017-02-26 00:00:00+00:00,2.41199874,0.3627
BTCUSDT,2017-02-27 00:00:00+00:00,2.42985611,0.3567
BTCUSDT,2017-02-28 00:00:00+00:00,2.41245373,0.3625
BTCUSDT,2017-03-01 00:00:00+00:00,2.48115883,0.3396
BTCUSDT,2017-03-02 00:00:00+00:00,2.53571034,0.3214
BTCUSDT,2017-03-03 00:00:00+00:00,2.57132568,0.3096
BTCUSDT,2017-03-04 00:00:00+00:00,2.52422599,0.3253
BTCUSDT,2017-03-05 00:00:00+00:00,2.53213829,0.3226
BTCUSDT,2017-03-06 00:00:00+00:00,2.53275359,0.3224
BTCUSDT,2017-03-07 00:00:00+00:00,2.43376828,0.3554
BTCUSDT,2017-03-08 00:00:00+00:00,2.27006537,0.41
BTCUSDT,2017-03-09 00:00:00+00:00,2.34691879,0.3844
BTCUSDT,2017-03-10 00:00:00+00:00,2.16260738,0.4458
BTCUSDT,2017-03-11 00:00:00+00:00,2.31121876,0.3963
BTCUSDT,2017-03-12 00:00:00+00:00,2.41252703,0.3625
BTCUSDT,2017-03-13 00:00:00+00:00,2.41079093,0.3631
BTCUSDT,2017-03-14 00:00:00+00:00,2.41809563,0.3606
BTCUSDT,2017-03-15 00:00:00+00:00,2.43048179,0.3565
BTCUSDT,2017-03-16 00:00:00+00:00,2.27079494,0.4097
BTCUSDT,2017-03-17 00:00:00+00:00,2.07020764,0.4766
BTCUSDT,2017-03-18 00:00:00+00:00,1.86260387,0.5458
BTCUSDT,2017-03-19 00:00:00+00:00,1.97134108,0.5096
BTCUSDT,2017-03-20 00:00:00+00:00,2.00477708,0.4984
BTCUSDT,2017-03-21 00:00:00+00:00,2.1395375,0.4535
BTCUSDT,2017-03-22 00:00:00+00:00,1.99485875,0.5017
BTCUSDT,2017-03-23 00:00:00+00:00,1.97800188,0.5073
BTCUSDT,2017-03-24 00:00:00+00:00,1.8009221,0.5664
BTCUSDT,2017-03-25 00:00:00+00:00,1.86294639,0.5457
BTCUSDT,2017-03-26 00:00:00+00:00,1.85054884,0.5498
BTCUSDT,2017-03-27 00:00:00+00:00,1.99869446,0.5004
BTCUSDT,2017-03-28 00:00:00+00:00,1.9993941,0.5002
BTCUSDT,2017-03-29 00:00:00+00:00,1.98727297,0.5042
BTCUSDT,2017-03-30 00:00:00+00:00,1.98163667,0.5061
BTCUSDT,2017-03-31 00:00:00+00:00,2.0572416,0.4809
BTCUSDT,2017-04-01 00:00:00+00:00,2.06862352,0.4771
BTCUSDT,2017-04-02 00:00:00+00:00,2.09581972,0.4681
BTCUSDT,2017-04-03 00:00:00+00:00,2.16252803,0.4458
BTCUSDT,2017-04-04 00:00:00+00:00,2.15325451,0.4489
BTCUSDT,2017-04-05 00:00:00+00:00,2.13735782,0.4542
BTCUSDT,2017-04-06 00:00:00+00:00,2.23959041,0.4201
BTCUSDT,2017-04-07 00:00:00+00:00,2.22647362,0.4245
BTCUSDT,2017-04-08 00:00:00+00:00,2.21001181,0.43
BTCUSDT,2017-04-09 00:00:00+00:00,2.2586269,0.4138
BTCUSDT,2017-04-10 00:00:00+00:00,2.24975256,0.4167
BTCUSDT,2017-04-11 00:00:00+00:00,2.27711178,0.4076
BTCUSDT,2017-04-12 00:00:00+00:00,2.24625621,0.4179
BTCUSDT,2017-04-13 00:00:00+00:00,2.16504122,0.445
BTCUSDT,2017-04-14 00:00:00+00:00,2.16522828,0.4449
BTCUSDT,2017-04-15 00:00:00+00:00,2.1659084,0.4447
BTCUSDT,2017-04-16 00:00:00+00:00,2.16125164,0.4462
BTCUSDT,2017-04-17 00:00:00+00:00,2.18766073,0.4374
BTCUSDT,2017-04-18 00:00:00+00:00,2.20166725,0.4328
BTCUSDT,2017-04-19 00:00:00+00:00,2.21134437,0.4296
BTCUSDT,2017-04-20 00:00:00+00:00,2.25276621,0.4157
BTCUSDT,2017-04-21 00:00:00+00:00,2.26940479,0.4102
BTCUSDT,2017-04-22 00:00:00+00:00,2.26016436,0.4133
BTCUSDT,2017-04-23 00:00:00+00:00,2.26874872,0.4104
BTCUSDT,2017-04-24 00:00:00+00:00,2.27570599,0.4081
BTCUSDT,2017-04-25 00:00:00+00:00,2.3093693,0.3969
BTCUSDT,2017-04-26 00:00:00+00:00,2.33216845,0.3893
BTCUSDT,2017-04-27 00:00:00+00:00,2.4099622,0.3633
BTCUSDT,2017-04-28 00:00:00+00:00,2.40107994,0.3663
BTCUSDT,2017-04-29 00:00:00+00:00,2.41223986,0.3626
BTCUSDT,2017-04-30 00:00:00+00:00,2.44637619,0.3512
BTCUSDT,2017-05-01 00:00:00+00:00,2.52560356,0.3248
BTCUSDT,2017-05-02 00:00:00+00:00,2.55708418,0.3143
BTCUSDT,2017-05-03 00:00:00+00:00,2.6373993,0.2875
BTCUSDT,2017-05-04 00:00:00+00:00,2.64748386,0.2842
BTCUSDT,2017-05-05 00:00:00+00:00,2.61101197,0.2963
BTCUSDT,2017-05-06 00:00:00+00:00,2.6710611,0.2763
BTCUSDT,2017-05-07 00:00:00+00:00,2.58516798,0.3049
BTCUSDT,2017-05-08 00:00:00+00:00,2.82026827,0.2266
BTCUSDT,2017-05-09 00:00:00+00:00,2.8500152,0.2167
BTCUSDT,2017-05-10 00:00:00+00:00,2.92992045,0.19
BTCUSDT,2017-05-11 00:00:00+00:00,2.98180004,0.1727
BTCUSDT,2017-05-12 00:00:00+00:00,2.75847679,0.2472
BTCUSDT,2017-05-13 00:00:00+00:00,2.86505128,0.2116
BTCUSDT,2017-05-14 00:00:00+00:00,2.87984317,0.2067
BTCUSDT,2017-05-15 00:00:00+00:00,2.77569902,0.2414
BTCUSDT,2017-05-16 00:00:00+00:00,2.7951762,0.2349
BTCUSDT,2017-05-17 00:00:00+00:00,2.85141326,0.2162
BTCUSDT,2017-05-18 00:00:00+00:00,2.96696988,0.1777
BTCUSDT,2017-05-19 00:00:00+00:00,3.05210147,0.1493
BTCUSDT,2017-05-20 00:00:00+00:00,3.14988555,0.1167
BTCUSDT,2017-05-21 00:00:00+00:00,3.12275546,0.1257
BTCUSDT,2017-05-22 00:00:00+00:00,3.12461059,0.1251
BTCUSDT,2017-05-23 00:00:00+00:00,3.32739524,0.0575
BTCUSDT,2017-05-24 00:00:00+00:00,3.49513899,0.0016
BTCUSDT,2017-05-25 00:00:00+00:00,3.29706174,0.0676
BTCUSDT,2017-05-26 00:00:00+00:00,3.20703848,0.0977
BTCUSDT,2017-05-27 00:00:00+00:00,2.87538901,0.2082
BTCUSDT,2017-05-28 00:00:00+00:00,3.1100624,0.13
BTCUSDT,2017-05-29 00:00:00+00:00,3.1715195,0.1095
BTCUSDT,2017-05-30 00:00:00+00:00,2.99605054,0.168
BTCUSDT,2017-05-31 00:00:00+00:00,3.14282004,0.1191
BTCUSDT,2017-06-01 00:00:00+00:00,3.24185226,0.086
BTCUSDT,2017-06-02 00:00:00+00:00,3.32189022,0.0594
BTCUSDT,2017-06-03 00:00:00+00:00,3.38499502,0.0383
BTCUSDT,2017-06-04 00:00:00+00:00,3.33016911,0.0566
BTCUSDT,2017-06-05 00:00:00+00:00,3.49837338,0.0005
BTCUSDT,2017-06-06 00:00:00+00:00,3.68734337,0.0
BTCUSDT,2017-06-07 00:00:00+00:00,3.45563714,0.0148
BTCUSDT,2017-06-08 00:00:00+00:00,3.54000799,0.0
BTCUSDT,2017-06-09 00:00:00+00:00,3.50908106,0.0
BTCUSDT,2017-06-10 00:00:00+00:00,3.60375711,0.0
BTCUSDT,2017-06-11 00:00:00+00:00,3.64019441,0.0
BTCUSDT,2017-06-12 00:00:00+00:00,3.22800548,0.0907
BTCUSDT,2017-06-13 00:00:00+00:00,3.24114582,0.0863
BTCUSDT,2017-06-14 00:00:00+00:00,2.919798,0.1934
BTCUSDT,2017-06-15 00:00:00+00:00,2.87371971,0.2088
BTCUSDT,2017-06-16 00:00:00+00:00,2.93413098,0.1886
BTCUSDT,2017-06-17 00:00:00+00:00,3.1272984,0.1242
BTCUSDT,2017-06-18 00:00:00+00:00,2.93677553,0.1877
BTCUSDT,2017-06-19 00:00:00+00:00,3.00723619,0.1643
BTCUSDT,2017-06-20 00:00:00+00:00,3.14552423,0.1182
BTCUSDT,2017-06-21 00:00:00+00:00,3.02520974,0.1583
BTCUSDT,2017-06-22 00:00:00+00:00,3.0574306,0.1475
BTCUSDT,2017-06-23 00:00:00+00:00,3.04158628,0.1528
BTCUSDT,2017-06-24 00:00:00+00:00,2.89910643,0.2003
BTCUSDT,2017-06-25 00:00:00+00:00,2.82389576,0.2254
BTCUSDT,2017-06-26 00:00:00+00:00,2.74177101,0.2527
BTCUSDT,2017-06-27 00:00:00+00:00,2.84709982,0.2176
BTCUSDT,2017-06-28 00:00:00+00:00,2.86973355,0.2101
BTCUSDT,2017-06-29 00:00:00+00:00,2.83338619,0.2222
BTCUSDT,2017-06-30 00:00:00+00:00,2.7235698,0.2588
BTCUSDT,2017-07-01 00:00:00+00:00,2.67604439,0.2747
BTCUSDT,2017-07-02 00:00:00+00:00,2.78455696,0.2385
BTCUSDT,2017-07-03 00:00:00+00:00,2.8067694,0.2311
BTCUSDT,2017-07-04 00:00:00+00:00,2.84851858,0.2172
BTCUSDT,2017-07-05 00:00:00+00:00,2.84213614,0.2193
BTCUSDT,2017-07-06 00:00:00+00:00,2.82784137,0.2241
BTCUSDT,2017-07-07 00:00:00+00:00,2.70091753,0.2664
BTCUSDT,2017-07-08 00:00:00+00:00,2.7563821,0.2479
BTCUSDT,2017-07-09 00:00:00+00:00,2.70314378,0.2656
BTCUSDT,2017-07-10 00:00:00+00:00,2.50667922,0.3311
BTCUSDT,2017-07-11 00:00:00+00:00,2.5040635,0.332
BTCUSDT,2017-07-12 00:00:00+00:00,2.5607933,0.3131
BTCUSDT,2017-07-13 00:00:00+00:00,2.52324473,0.3256
BTCUSDT,2017-07-14 00:00:00+00:00,2.38547763,0.3715
BTCUSDT,2017-07-15 00:00:00+00:00,2.15162881,0.4495
BTCUSDT,2017-07-16 00:00:00+00:00,2.0725336,0.4758
BTCUSDT,2017-07-17 00:00:00+00:00,2.38704005,0.371
BTCUSDT,2017-07-18 00:00:00+00:00,2.47286929,0.3424
BTCUSDT,2017-07-19 00:00:00+00:00,2.41800668,0.3607
BTCUSDT,2017-07-20 00:00:00+00:00,2.98008325,0.1733
BTCUSDT,2017-07-21 00:00:00+00:00,2.80324324,0.2323
BTCUSDT,2017-07-22 00:00:00+00:00,2.956705,0.1811
BTCUSDT,2017-07-23 00:00:00+00:00,2.86830102,0.2106
BTCUSDT,2017-07-24 00:00:00+00:00,2.8571688,0.2143
BTCUSDT,2017-07-25 00:00:00+00:00,2.63175728,0.2894
BTCUSDT,2017-07-26 00:00:00+00:00,2.58755545,0.3041
BTCUSDT,2017-07-27 00:00:00+00:00,2.70895213,0.2637
BTCUSDT,2017-07-28 00:00:00+00:00,2.77596935,0.2413
BTCUSDT,2017-07-29 00:00:00+00:00,2.65045335,0.2832
BTCUSDT,2017-07-30 00:00:00+00:00,2.63429117,0.2886
BTCUSDT,2017-07-31 00:00:00+00:00,2.66440296,0.2785
BTCUSDT,2017-08-01 00:00:00+00:00,2.51234417,0.3292
BTCUSDT,2017-08-02 00:00:00+00:00,2.45667542,0.3478
BTCUSDT,2017-08-03 00:00:00+00:00,2.51633659,0.3279
BTCUSDT,2017-08-04 00:00:00+00:00,2.52690325,0.3244
BTCUSDT,2017-08-05 00:00:00+00:00,2.8058202,0.2314
BTCUSDT,2017-08-06 00:00:00+00:00,2.74360243,0.2521
BTCUSDT,2017-08-07 00:00:00+00:00,2.8173808,0.2275
BTCUSDT,2017-08-08 00:00:00+00:00,2.79701154,0.2343
BTCUSDT,2017-08-09 00:00:00+00:00,2.70304955,0.2657
BTCUSDT,2017-08-10 00:00:00+00:00,2.74911842,0.2503
BTCUSDT,2017-08-11 00:00:00+00:00,2.89608699,0.2013
BTCUSDT,2017-08-12 00:00:00+00:00,3.02040239,0.1599
BTCUSDT,2017-08-13 00:00:00+00:00,3.12865374,0.1238
BTCUSDT,2017-08-14 00:00:00+00:00,3.25544228,0.0815
BTCUSDT,2017-08-15 00:00:00+00:00,3.11536106,0.1282
BTCUSDT,2017-08-16 00:00:00+00:00,3.22936466,0.0902
BTCUSDT,2017-08-17 00:00:00+00:00,3.14349195,0.1188
BTCUSDT,2017-08-18 00:00:00+00:00,2.97541172,0.1749
BTCUSDT,2017-08-19 00:00:00+00:00,2.97749577,0.1742
BTCUSDT,2017-08-20 00:00:00+00:00,2.88932289,0.2036
BTCUSDT,2017-08-21 00:00:00+00:00,2.8086644,0.2304
BTCUSDT,2017-08-22 00:00:00+00:00,2.84203031,0.2193
BTCUSDT,2017-08-23 00:00:00+00:00,2.86484514,0.2117
BTCUSDT,2017-08-24 00:00:00+00:00,2.96780825,0.1774
BTCUSDT,2017-08-25 00:00:00+00:00,2.96751747,0.1775
BTCUSDT,2017-08-26 00:00:00+00:00,2.94348577,0.1855
BTCUSDT,2017-08-27 00:00:00+00:00,2.93116239,0.1896
BTCUSDT,2017-08-28 00:00:00+00:00,2.93365297,0.1888
BTCUSDT,2017-08-29 00:00:00+00:00,3.03875355,0.1537
BTCUSDT,2017-08-30 00:00:00+00:00,3.00669499,0.1644
BTCUSDT,2017-08-31 00:00:00+00:00,3.06677185,0.1444
BTCUSDT,2017-09-01 00:00:00+00:00,3.14249768,0.1192
BTCUSDT,2017-09-02 00:00:00+00:00,2.91990917,0.1934
BTCUSDT,2017-09-03 00:00:00+00:00,2.92473488,0.1918
BTCUSDT,2017-09-04 00:00:00+00:00,2.75162247,0.2495
BTCUSDT,2017-09-05 00:00:00+00:00,2.78742564,0.2375
BTCUSDT,2017-09-06 00:00:00+00:00,2.86204183,0.2127
BTCUSDT,2017-09-07 00:00:00+00:00,2.84583752,0.2181
BTCUSDT,2017-09-08 00:00:00+00:00,2.66619471,0.2779
BTCUSDT,2017-09-09 00:00:00+00:00,2.65540041,0.2815
BTCUSDT,2017-09-10 00:00:00+00:00,2.59879339,0.3004
BTCUSDT,2017-09-11 00:00:00+00:00,2.56454296,0.3118
BTCUSDT,2017-09-12 00:00:00+00:00,2.53102364,0.323
BTCUSDT,2017-09-13 00:00:00+00:00,2.36797159,0.3773
BTCUSDT,2017-09-14 00:00:00+00:00,1.99521056,0.5016
BTCUSDT,2017-09-15 00:00:00+00:00,2.26320938,0.4123
BTCUSDT,2017-09-16 00:00:00+00:00,2.26588756,0.4114
BTCUSDT,2017-09-17 00:00:00+00:00,2.26478555,0.4117
BTCUSDT,2017-09-18 00:00:00+00:00,2.47915064,0.3403
BTCUSDT,2017-09-19 00:00:00+00:00,2.38109715,0.373
BTCUSDT,2017-09-20 00:00:00+00:00,2.3596557,0.3801
BTCUSDT,2017-09-21 00:00:00+00:00,2.19309389,0.4356
BTCUSDT,2017-09-22 00:00:00+00:00,2.19168978,0.4361
BTCUSDT,2017-09-23 00:00:00+00:00,2.28253357,0.4058
BTCUSDT,2017-09-24 00:00:00+00:00,2.22242941,0.4259
BTCUSDT,2017-09-25 00:00:00+00:00,2.34287282,0.3857
BTCUSDT,2017-09-26 00:00:00+00:00,2.32052467,0.3932
BTCUSDT,2017-09-27 00:00:00+00:00,2.4968666,0.3344
BTCUSDT,2017-09-28 00:00:00+00:00,2.47501585,0.3417
BTCUSDT,2017-09-29 00:00:00+00:00,2.44954557,0.3502
BTCUSDT,2017-09-30 00:00:00+00:00,2.54204123,0.3193
BTCUSDT,2017-10-01 00:00:00+00:00,2.56194858,0.3127
BTCUSDT,2017-10-02 00:00:00+00:00,2.55136556,0.3162
BTCUSDT,2017-10-03 00:00:00+00:00,2.49742904,0.3342
BTCUSDT,2017-10-04 00:00:00+00:00,2.44055834,0.3531
BTCUSDT,2017-10-05 00:00:00+00:00,2.48286744,0.339
BTCUSDT,2017-10-06 00:00:00+00:00,2.50112549,0.333
BTCUSDT,2017-10-07 00:00:00+00:00,2.535902,0.3214
BTCUSDT,2017-10-08 00:00:00+00:00,2.61523452,0.2949
BTCUSDT,2017-10-09 00:00:00+00:00,2.68982061,0.2701
BTCUSDT,2017-10-10 00:00:00+00:00,2.65170924,0.2828
BTCUSDT,2017-10-11 00:00:00+00:00,2.68235621,0.2725
BTCUSDT,2017-10-12 00:00:00+00:00,2.9735157,0.1755
BTCUSDT,2017-10-13 00:00:00+00:00,3.05039678,0.1499
BTCUSDT,2017-10-14 00:00:00+00:00,3.12159957,0.1261
BTCUSDT,2017-10-15 00:00:00+00:00,3.05072713,0.1498
BTCUSDT,2017-10-16 00:00:00+00:00,3.05813234,0.1473
BTCUSDT,2017-10-17 00:00:00+00:00,2.95026635,0.1832
BTCUSDT,2017-10-18 00:00:00+00:00,2.93164856,0.1895
BTCUSDT,2017-10-19 00:00:00+00:00,2.96891932,0.177
BTCUSDT,2017-10-20 00:00:00+00:00,3.09805688,0.134
BTCUSDT,2017-10-21 00:00:00+00:00,3.09579617,0.1347
BTCUSDT,2017-10-22 00:00:00+00:00,3.04834116,0.1506
BTCUSDT,2017-10-23 00:00:00+00:00,2.93951363,0.1868
BTCUSDT,2017-10-24 00:00:00+00:00,2.73999189,0.2533
BTCUSDT,2017-10-25 00:00:00+00:00,2.83167233,0.2228
BTCUSDT,2017-10-26 00:00:00+00:00,2.89701261,0.201
BTCUSDT,2017-10-27 00:00:00+00:00,2.82258819,0.2258
BTCUSDT,2017-10-28 00:00:00+00:00,2.81072114,0.2298
BTCUSDT,2017-10-29 00:00:00+00:00,2.99284618,0.1691
BTCUSDT,2017-10-30 00:00:00+00:00,2.94639905,0.1845
BTCUSDT,2017-10-31 00:00:00+00:00,3.07051562,0.1432
BTCUSDT,2017-11-01 00:00:00+00:00,3.17194342,0.1094
BTCUSDT,2017-11-02 00:00:00+00:00,3.26783421,0.0774
BTCUSDT,2017-11-03 00:00:00+00:00,3.2996631,0.0668
BTCUSDT,2017-11-04 00:00:00+00:00,3.37458714,0.0418
BTCUSDT,2017-11-05 00:00:00+00:00,3.31955857,0.0601
BTCUSDT,2017-11-06 00:00:00+00:00,3.12842422,0.1239
BTCUSDT,2017-11-07 00:00:00+00:00,3.16064437,0.1131
BTCUSDT,2017-11-08 00:00:00+00:00,3.2777098,0.0741
BTCUSDT,2017-11-09 00:00:00+00:00,3.10220792,0.1326
BTCUSDT,2017-11-10 00:00:00+00:00,2.86889448,0.2104
BTCUSDT,2017-11-11 00:00:00+00:00,2.7353594,0.2549
BTCUSDT,2017-11-12 00:00:00+00:00,2.4696982,0.3434
BTCUSDT,2017-11-13 00:00:00+00:00,2.72664306,0.2578
BTCUSDT,2017-11-14 00:00:00+00:00,2.74071229,0.2531
BTCUSDT,2017-11-15 00:00:00+00:00,2.97614814,0.1746
BTCUSDT,2017-11-16 00:00:00+00:00,3.15562228,0.1148
BTCUSDT,2017-11-17 00:00:00+00:00,3.06551771,0.1448
BTCUSDT,2017-11-18 00:00:00+00:00,3.06748215,0.1442
BTCUSDT,2017-11-19 00:00:00+00:00,3.12664738,0.1245
BTCUSDT,2017-11-20 00:00:00+00:00,3.18401839,0.1053
BTCUSDT,2017-11-21 00:00:00+00:00,3.07693153,0.141
BTCUSDT,2017-11-22 00:00:00+00:00,3.11368282,0.1288
BTCUSDT,2017-11-23 00:00:00+00:00,3.0255203,0.1582
BTCUSDT,2017-11-24 00:00:00+00:00,3.04932356,0.1502
BTCUSDT,2017-11-25 00:00:00+00:00,3.19796528,0.1007
BTCUSDT,2017-11-26 00:00:00+00:00,3.34857257,0.0505
BTCUSDT,2017-11-27 00:00:00+00:00,3.43189779,0.0227
BTCUSDT,2017-11-28 00:00:00+00:00,3.42405668,0.0253
BTCUSDT,2017-11-29 00:00:00+00:00,3.31618599,0.0613
BTCUSDT,2017-11-30 00:00:00+00:00,3.33958212,0.0535
BTCUSDT,2017-12-01 00:00:00+00:00,3.55287307,0.0
BTCUSDT,2017-12-02 00:00:00+00:00,3.54526509,0.0
BTCUSDT,2017-12-03 00:00:00+00:00,3.59996863,0.0
BTCUSDT,2017-12-04 00:00:00+00:00,3.65371219,0.0
BTCUSDT,2017-12-05 00:00:00+00:00,3.65310274,0.0
BTCUSDT,2017-12-06 00:00:00+00:00,4.21096815,0.0
BTCUSDT,2017-12-07 00:00:00+00:00,4.7166582,0.0
BTCUSDT,2017-12-08 00:00:00+00:00,4.34686442,0.0
BTCUSDT,2017-12-09 00:00:00+00:00,3.96460494,0.0
BTCUSDT,2017-12-10 00:00:00+00:00,4.00840979,0.0
BTCUSDT,2017-12-11 00:00:00+00:00,4.25607302,0.0
BTCUSDT,2017-12-12 00:00:00+00:00,4.23927385,0.0
BTCUSDT,2017-12-13 00:00:00+00:00,3.93575963,0.0
BTCUSDT,2017-12-14 00:00:00+00:00,3.8994793,0.0
BTCUSDT,2017-12-15 00:00:00+00:00,4.07868942,0.0
BTCUSDT,2017-12-16 00:00:00+00:00,4.43076633,0.0
BTCUSDT,2017-12-17 00:00:00+00:00,4.25193445,0.0
BTCUSDT,2017-12-18 00:00:00+00:00,4.12995773,0.0
BTCUSDT,2017-12-19 00:00:00+00:00,3.80550806,0.0
BTCUSDT,2017-12-20 00:00:00+00:00,3.49226172,0.0026
BTCUSDT,2017-12-21 00:00:00+00:00,3.30154348,0.0662
BTCUSDT,2017-12-22 00:00:00+00:00,3.01016272,0.1633
BTCUSDT,2017-12-23 00:00:00+00:00,3.11960008,0.1268
BTCUSDT,2017-12-24 00:00:00+00:00,2.92511724,0.1916
BTCUSDT,2017-12-25 00:00:00+00:00,2.92950297,0.1902
BTCUSDT,2017-12-26 00:00:00+00:00,3.23788307,0.0874
BTCUSDT,2017-12-27 00:00:00+00:00,3.13118795,0.1229
BTCUSDT,2017-12-28 00:00:00+00:00,2.90015736,0.1999
BTCUSDT,2017-12-29 00:00:00+00:00,2.94080172,0.1864
BTCUSDT,2017-12-30 00:00:00+00:00,2.60242905,0.2992
BTCUSDT,2017-12-31 00:00:00+00:00,2.78726716,0.2376
BTCUSDT,2018-01-01 00:00:00+00:00,2.69423548,0.2686
BTCUSDT,2018-01-02 00:00:00+00:00,2.92544313,0.1915
BTCUSDT,2018-01-03 00:00:00+00:00,2.96026687,0.1799
BTCUSDT,2018-01-04 00:00:00+00:00,2.94402195,0.1853
BTCUSDT,2018-01-05 00:00:00+00:00,3.26196426,0.0793
BTCUSDT,2018-01-06 00:00:00+00:00,3.24692954,0.0844
BTCUSDT,2018-01-07 00:00:00+00:00,3.04278121,0.1524
BTCUSDT,2018-01-08 00:00:00+00:00,2.80152545,0.2328
BTCUSDT,2018-01-09 00:00:00+00:00,2.69017079,0.2699
BTCUSDT,2018-01-10 00:00:00+00:00,2.73334467,0.2556
BTCUSDT,2018-01-11 00:00:00+00:00,2.45400706,0.3487
BTCUSDT,2018-01-12 00:00:00+00:00,2.55762013,0.3141
BTCUSDT,2018-01-13 00:00:00+00:00,2.63127775,0.2896
BTCUSDT,2018-01-14 00:00:00+00:00,2.52606465,0.3246
BTCUSDT,2018-01-15 00:00:00+00:00,2.50804935,0.3307
BTCUSDT,2018-01-16 00:00:00+00:00,2.12079726,0.4597
BTCUSDT,2018-01-17 00:00:00+00:00,2.07376393,0.4754
BTCUSDT,2018-01-18 00:00:00+00:00,2.09352287,0.4688
BTCUSDT,2018-01-19 00:00:00+00:00,2.129939,0.4567
BTCUSDT,2018-01-20 00:00:00+00:00,2.37080852,0.3764
BTCUSDT,2018-01-21 00:00:00+00:00,2.12617327,0.4579
BTCUSDT,2018-01-22 00:00:00+00:00,2.00268788,0.4991
BTCUSDT,2018-01-23 00:00:00+00:00,2.02766184,0.4908
BTCUSDT,2018-01-24 00:00:00+00:00,2.09753554,0.4675
BTCUSDT,2018-01-25 00:00:00+00:00,2.08000559,0.4733
BTCUSDT,2018-01-26 00:00:00+00:00,2.05791562,0.4807
BTCUSDT,2018-01-27 00:00:00+00:00,2.10883443,0.4637
BTCUSDT,2018-01-28 00:00:00+00:00,2.15410037,0.4486
BTCUSDT,2018-01-29 00:00:00+00:00,2.06552658,0.4782
BTCUSDT,2018-01-30 00:00:00+00:00,1.85916763,0.5469
BTCUSDT,2018-01-31 00:00:00+00:00,1.87794381,0.5407
BTCUSDT,2018-02-01 00:00:00+00:00,1.69691999,0.601
BTCUSDT,2018-02-02 00:00:00+00:00,1.66151934,0.6128
BTCUSDT,2018-02-03 00:00:00+00:00,1.72878243,0.5904
BTCUSDT,2018-02-04 00:00:00+00:00,1.56184746,0.6461
BTCUSDT,2018-02-05 00:00:00+00:00,1.30831891,0.7306
BTCUSDT,2018-02-06 00:00:00+00:00,1.48101152,0.673
BTCUSDT,2018-02-07 00:00:00+00:00,1.46484643,0.6784
BTCUSDT,2018-02-08 00:00:00+00:00,1.58085047,0.6397
BTCUSDT,2018-02-09 00:00:00+00:00,1.6660923,0.6113
BTCUSDT,2018-02-10 00:00:00+00:00,1.64139497,0.6195
BTCUSDT,2018-02-11 00:00:00+00:00,1.55971533,0.6468
BTCUSDT,2018-02-12 00:00:00+00:00,1.71364615,0.5955
BTCUSDT,2018-02-13 00:00:00+00:00,1.64241903,0.6192
BTCUSDT,2018-02-14 00:00:00+00:00,1.81957973,0.5601
BTCUSDT,2018-02-15 00:00:00+00:00,1.93482187,0.5217
BTCUSDT,2018-02-16 00:00:00+00:00,1.9474862,0.5175
BTCUSDT,2018-02-17 00:00:00+00:00,2.11360732,0.4621
BTCUSDT,2018-02-18 00:00:00+00:00,1.99108492,0.503
BTCUSDT,2018-02-19 00:00:00+00:00,2.11485368,0.4617
BTCUSDT,2018-02-20 00:00:00+00:00,2.12780635,0.4574
BTCUSDT,2018-02-21 00:00:00+00:00,1.97827013,0.5072
BTCUSDT,2018-02-22 00:00:00+00:00,1.84607258,0.5513
BTCUSDT,2018-02-23 00:00:00+00:00,1.89577059,0.5347
BTCUSDT,2018-02-24 00:00:00+00:00,1.8093287,0.5636
BTCUSDT,2018-02-25 00:00:00+00:00,1.7940982,0.5686
BTCUSDT,2018-02-26 00:00:00+00:00,1.92409125,0.5253
BTCUSDT,2018-02-27 00:00:00+00:00,1.98459986,0.5051
BTCUSDT,2018-02-28 00:00:00+00:00,1.91774992,0.5274
BTCUSDT,2018-03-01 00:00:00+00:00,2.0275908,0.4908
BTCUSDT,2018-03-02 00:00:00+00:00,2.0411051,0.4863
BTCUSDT,2018-03-03 00:00:00+00:00,2.11464502,0.4618
BTCUSDT,2018-03-04 00:00:00+00:00,2.11715719,0.4609
BTCUSDT,2018-03-05 00:00:00+00:00,2.124487,0.4585
BTCUSDT,2018-03-06 00:00:00+00:00,1.96727059,0.5109
BTCUSDT,2018-03-07 00:00:00+00:00,1.82720774,0.5576
BTCUSDT,2018-03-08 00:00:00+00:00,1.72480924,0.5917
BTCUSDT,2018-03-09 00:00:00+00:00,1.72471755,0.5918
BTCUSDT,2018-03-10 00:00:00+00:00,1.6363096,0.6212
BTCUSDT,2018-03-11 00:00:00+00:00,1.76958222,0.5768
BTCUSDT,2018-03-12 00:00:00+00:00,1.70331347,0.5989
BTCUSDT,2018-03-13 00:00:00+00:00,1.70702426,0.5977
BTCUSDT,2018-03-14 00:00:00+00:00,1.53691592,0.6544
BTCUSDT,2018-03-15 00:00:00+00:00,1.54749227,0.6508
BTCUSDT,2018-03-16 00:00:00+00:00,1.56958433,0.6435
BTCUSDT,2018-03-17 00:00:00+00:00,1.47896206,0.6737
BTCUSDT,2018-03-18 00:00:00+00:00,1.5372127,0.6543
BTCUSDT,2018-03-19 00:00:00+00:00,1.60262445,0.6325
BTCUSDT,2018-03-20 00:00:00+00:00,1.66984764,0.6101
BTCUSDT,2018-03-21 00:00:00+00:00,1.66685407,0.611
BTCUSDT,2018-03-22 00:00:00+00:00,1.6366036,0.6211
BTCUSDT,2018-03-23 00:00:00+00:00,1.64830412,0.6172
BTCUSDT,2018-03-24 00:00:00+00:00,1.61787156,0.6274
BTCUSDT,2018-03-25 00:00:00+00:00,1.58785272,0.6374
BTCUSDT,2018-03-26 00:00:00+00:00,1.54056226,0.6531
BTCUSDT,2018-03-27 00:00:00+00:00,1.47972397,0.6734
BTCUSDT,2018-03-28 00:00:00+00:00,1.49995286,0.6667
BTCUSDT,2018-03-29 00:00:00+00:00,1.34902071,0.717
BTCUSDT,2018-03-30 00:00:00+00:00,1.30076662,0.7331
BTCUSDT,2018-03-31 00:00:00+00:00,1.31875342,0.7271
BTCUSDT,2018-04-01 00:00:00+00:00,1.29804435,0.734
BTCUSDT,2018-04-02 00:00:00+00:00,1.34269917,0.7191
BTCUSDT,2018-04-03 00:00:00+00:00,1.41752889,0.6942
BTCUSDT,2018-04-04 00:00:00+00:00,1.29795987,0.734
BTCUSDT,2018-04-05 00:00:00+00:00,1.30312944,0.7323
BTCUSDT,2018-04-06 00:00:00+00:00,1.26963243,0.7435
BTCUSDT,2018-04-07 00:00:00+00:00,1.32349168,0.7255
BTCUSDT,2018-04-08 00:00:00+00:00,1.34758367,0.7175
BTCUSDT,2018-04-09 00:00:00+00:00,1.29733763,0.7342
BTCUSDT,2018-04-10 00:00:00+00:00,1.3143587,0.7285
BTCUSDT,2018-04-11 00:00:00+00:00,1.33919481,0.7203
BTCUSDT,2018-04-12 00:00:00+00:00,1.52215846,0.6593
BTCUSDT,2018-04-13 00:00:00+00:00,1.52369622,0.6588
BTCUSDT,2018-04-14 00:00:00+00:00,1.54037773,0.6532
BTCUSDT,2018-04-15 00:00:00+00:00,1.60406337,0.632
BTCUSDT,2018-04-16 00:00:00+00:00,1.54777167,0.6507
BTCUSDT,2018-04-17 00:00:00+00:00,1.51791712,0.6607
BTCUSDT,2018-04-18 00:00:00+00:00,1.57002305,0.6433
BTCUSDT,2018-04-19 00:00:00+00:00,1.58612722,0.638
BTCUSDT,2018-04-20 00:00:00+00:00,1.69131108,0.6029
BTCUSDT,2018-04-21 00:00:00+00:00,1.69378446,0.6021
BTCUSDT,2018-04-22 00:00:00+00:00,1.68092587,0.6064
BTCUSDT,2018-04-23 00:00:00+00:00,1.70339486,0.5989
BTCUSDT,2018-04-24 00:00:00+00:00,1.83531084,0.5549
BTCUSDT,2018-04-25 00:00:00+00:00,1.68455575,0.6051
BTCUSDT,2018-04-26 00:00:00+00:00,1.75708104,0.581
BTCUSDT,2018-04-27 00:00:00+00:00,1.70402847,0.5987
BTCUSDT,2018-04-28 00:00:00+00:00,1.77091583,0.5764
BTCUSDT,2018-04-29 00:00:00+00:00,1.78054751,0.5732
BTCUSDT,2018-04-30 00:00:00+00:00,1.74740041,0.5842
BTCUSDT,2018-05-01 00:00:00+00:00,1.71724649,0.5943
BTCUSDT,2018-05-02 00:00:00+00:00,1.7386519,0.5871
BTCUSDT,2018-05-03 00:00:00+00:00,1.83904816,0.5537
BTCUSDT,2018-05-04 00:00:00+00:00,1.82662477,0.5578
BTCUSDT,2018-05-05 00:00:00+00:00,1.84393794,0.552
BTCUSDT,2018-05-06 00:00:00+00:00,1.80577797,0.5647
BTCUSDT,2018-05-07 00:00:00+00:00,1.75762436,0.5808
BTCUSDT,2018-05-08 00:00:00+00:00,1.73387152,0.5887
BTCUSDT,2018-05-09 00:00:00+00:00,1.74723256,0.5843
BTCUSDT,2018-05-10 00:00:00+00:00,1.69887071,0.6004
BTCUSDT,2018-05-11 00:00:00+00:00,1.58493865,0.6384
BTCUSDT,2018-05-12 00:00:00+00:00,1.5974431,0.6342
BTCUSDT,2018-05-13 00:00:00+00:00,1.63680889,0.6211
BTCUSDT,2018-05-14 00:00:00+00:00,1.62361239,0.6255
BTCUSDT,2018-05-15 00:00:00+00:00,1.58958164,0.6368
BTCUSDT,2018-05-16 00:00:00+00:00,1.56132079,0.6462
BTCUSDT,2018-05-17 00:00:00+00:00,1.50426871,0.6652
BTCUSDT,2018-05-18 00:00:00+00:00,1.5392871,0.6536
BTCUSDT,2018-05-19 00:00:00+00:00,1.53821787,0.6539
BTCUSDT,2018-05-20 00:00:00+00:00,1.59036292,0.6365
BTCUSDT,2018-05-21 00:00:00+00:00,1.56883389,0.6437
BTCUSDT,2018-05-22 00:00:00+00:00,1.49717102,0.6676
BTCUSDT,2018-05-23 00:00:00+00:00,1.40810171,0.6973
BTCUSDT,2018-05-24 00:00:00+00:00,1.41826534,0.6939
BTCUSDT,2018-05-25 00:00:00+00:00,1.39150485,0.7028
BTCUSDT,2018-05-26 00:00:00+00:00,1.37360478,0.7088
BTCUSDT,2018-05-27 00:00:00+00:00,1.37644815,0.7079
BTCUSDT,2018-05-28 00:00:00+00:00,1.33597351,0.7213
BTCUSDT,2018-05-29 00:00:00+00:00,1.40088628,0.6997
BTCUSDT,2018-05-30 00:00:00+00:00,1.38664652,0.7045
BTCUSDT,2018-05-31 00:00:00+00:00,1.40689168,0.6977
BTCUSDT,2018-06-01 00:00:00+00:00,1.41524122,0.6949
BTCUSDT,2018-06-02 00:00:00+00:00,1.43730299,0.6876
BTCUSDT,2018-06-03 00:00:00+00:00,1.44919617,0.6836
BTCUSDT,2018-06-04 00:00:00+00:00,1.40952829,0.6968
BTCUSDT,2018-06-05 00:00:00+00:00,1.43371987,0.6888
BTCUSDT,2018-06-06 00:00:00+00:00,1.44133056,0.6862
BTCUSDT,2018-06-07 00:00:00+00:00,1.44450247,0.6852
BTCUSDT,2018-06-08 00:00:00+00:00,1.43712165,0.6876
BTCUSDT,2018-06-09 00:00:00+00:00,1.42518183,0.6916
BTCUSDT,2018-06-10 00:00:00+00:00,1.27551954,0.7415
BTCUSDT,2018-06-11 00:00:00+00:00,1.29750932,0.7342
BTCUSDT,2018-06-12 00:00:00+00:00,1.23858038,0.7538
BTCUSDT,2018-06-13 00:00:00+00:00,1.20092906,0.7664
BTCUSDT,2018-06-14 00:00:00+00:00,1.2632478,0.7456
BTCUSDT,2018-06-15 00:00:00+00:00,1.22097074,0.7597
BTCUSDT,2018-06-16 00:00:00+00:00,1.23955794,0.7535
BTCUSDT,2018-06-17 00:00:00+00:00,1.23172728,0.7561
BTCUSDT,2018-06-18 00:00:00+00:00,1.28056779,0.7398
BTCUSDT,2018-06-19 00:00:00+00:00,1.28664559,0.7378
BTCUSDT,2018-06-20 00:00:00+00:00,1.29123078,0.7363
BTCUSDT,2018-06-21 00:00:00+00:00,1.28466547,0.7384
BTCUSDT,2018-06-22 00:00:00+00:00,1.16113556,0.7796
BTCUSDT,2018-06-23 00:00:00+00:00,1.18384639,0.7721
BTCUSDT,2018-06-24 00:00:00+00:00,1.17963703,0.7735
BTCUSDT,2018-06-25 00:00:00+00:00,1.19907224,0.767
BTCUSDT,2018-06-26 00:00:00+00:00,1.17183193,0.7761
BTCUSDT,2018-06-27 00:00:00+00:00,1.19000509,0.77
BTCUSDT,2018-06-28 00:00:00+00:00,1.13776355,0.7874
BTCUSDT,2018-06-29 00:00:00+00:00,1.20834141,0.7639
BTCUSDT,2018-06-30 00:00:00+00:00,1.23851505,0.7538
BTCUSDT,2018-07-01 00:00:00+00:00,1.23860628,0.7538
BTCUSDT,2018-07-02 00:00:00+00:00,1.28633397,0.7379
BTCUSDT,2018-07-03 00:00:00+00:00,1.26579418,0.7447
BTCUSDT,2018-07-04 00:00:00+00:00,1.28137705,0.7395
BTCUSDT,2018-07-05 00:00:00+00:00,1.27324533,0.7423
BTCUSDT,2018-07-06 00:00:00+00:00,1.28661278,0.7378
BTCUSDT,2018-07-07 00:00:00+00:00,1.31378163,0.7287
BTCUSDT,2018-07-08 00:00:00+00:00,1.30865599,0.7304
BTCUSDT,2018-07-09 00:00:00+00:00,1.30098801,0.733
BTCUSDT,2018-07-10 00:00:00+00:00,1.2330456,0.7557
BTCUSDT,2018-07-11 00:00:00+00:00,1.24746562,0.7508
BTCUSDT,2018-07-12 00:00:00+00:00,1.20621817,0.7646
BTCUSDT,2018-07-13 00:00:00+00:00,1.21722522,0.7609
BTCUSDT,2018-07-14 00:00:00+00:00,1.22667095,0.7578
BTCUSDT,2018-07-15 00:00:00+00:00,1.24480827,0.7517
BTCUSDT,2018-07-16 00:00:00+00:00,1.31568081,0.7281
BTCUSDT,2018-07-17 00:00:00+00:00,1.43309368,0.689
BTCUSDT,2018-07-18 00:00:00+00:00,1.44339934,0.6855
BTCUSDT,2018-07-19 00:00:00+00:00,1.46018625,0.6799
BTCUSDT,2018-07-20 00:00:00+00:00,1.43265396,0.6891
BTCUSDT,2018-07-21 00:00:00+00:00,1.44833778,0.6839
BTCUSDT,2018-07-22 00:00:00+00:00,1.44583406,0.6847
BTCUSDT,2018-07-23 00:00:00+00:00,1.50619599,0.6646
BTCUSDT,2018-07-24 00:00:00+00:00,1.63581402,0.6214
BTCUSDT,2018-07-25 00:00:00+00:00,1.59635249,0.6345
BTCUSDT,2018-07-26 00:00:00+00:00,1.5404035,0.6532
BTCUSDT,2018-07-27 00:00:00+00:00,1.58953743,0.6368
BTCUSDT,2018-07-28 00:00:00+00:00,1.59195773,0.636
BTCUSDT,2018-07-29 00:00:00+00:00,1.59809411,0.634
BTCUSDT,2018-07-30 00:00:00+00:00,1.5863148,0.6379
BTCUSDT,2018-07-31 00:00:00+00:00,1.50002457,0.6667
BTCUSDT,2018-08-01 00:00:00+00:00,1.47548838,0.6748
BTCUSDT,2018-08-02 00:00:00+00:00,1.46550321,0.6782
BTCUSDT,2018-08-03 00:00:00+00:00,1.44098379,0.6863
BTCUSDT,2018-08-04 00:00:00+00:00,1.36290424,0.7124
BTCUSDT,2018-08-05 00:00:00+00:00,1.36894032,0.7104
BTCUSDT,2018-08-06 00:00:00+00:00,1.35040999,0.7165
BTCUSDT,2018-08-07 00:00:00+00:00,1.31126727,0.7296
BTCUSDT,2018-08-08 00:00:00+00:00,1.22457474,0.7585
BTCUSDT,2018-08-09 00:00:00+00:00,1.28263103,0.7391
BTCUSDT,2018-08-10 00:00:00+00:00,1.20148237,0.7662
BTCUSDT,2018-08-11 00:00:00+00:00,1.23709272,0.7543
BTCUSDT,2018-08-12 00:00:00+00:00,1.237715,0.7541
BTCUSDT,2018-08-13 00:00:00+00:00,1.22859486,0.7571
BTCUSDT,2018-08-14 00:00:00+00:00,1.21462636,0.7618
BTCUSDT,2018-08-15 00:00:00+00:00,1.23272558,0.7558
BTCUSDT,2018-08-16 00:00:00+00:00,1.23701888,0.7543
BTCUSDT,2018-08-17 00:00:00+00:00,1.28997856,0.7367
BTCUSDT,2018-08-18 00:00:00+00:00,1.25820087,0.7473
BTCUSDT,2018-08-19 00:00:00+00:00,1.27574994,0.7414
BTCUSDT,2018-08-20 00:00:00+00:00,1.23354388,0.7555
BTCUSDT,2018-08-21 00:00:00+00:00,1.27272294,0.7424
BTCUSDT,2018-08-22 00:00:00+00:00,1.25162869,0.7495
BTCUSDT,2018-08-23 00:00:00+00:00,1.28108729,0.7396
BTCUSDT,2018-08-24 00:00:00+00:00,1.31632801,0.7279
BTCUSDT,2018-08-25 00:00:00+00:00,1.32478942,0.7251
BTCUSDT,2018-08-26 00:00:00+00:00,1.31333891,0.7289
BTCUSDT,2018-08-27 00:00:00+00:00,1.34163355,0.7195
BTCUSDT,2018-08-28 00:00:00+00:00,1.38993223,0.7034
BTCUSDT,2018-08-29 00:00:00+00:00,1.37670606,0.7078
BTCUSDT,2018-08-30 00:00:00+00:00,1.36359134,0.7121
BTCUSDT,2018-08-31 00:00:00+00:00,1.37493819,0.7084
BTCUSDT,2018-09-01 00:00:00+00:00,1.40711254,0.6976
BTCUSDT,2018-09-02 00:00:00+00:00,1.42507788,0.6916
BTCUSDT,2018-09-03 00:00:00+00:00,1.41924297,0.6936
BTCUSDT,2018-09-04 00:00:00+00:00,1.43842941,0.6872
BTCUSDT,2018-09-05 00:00:00+00:00,1.32907873,0.7236
BTCUSDT,2018-09-06 00:00:00+00:00,1.27139307,0.7429
BTCUSDT,2018-09-07 00:00:00+00:00,1.25683206,0.7477
BTCUSDT,2018-09-08 00:00:00+00:00,1.21428401,0.7619
BTCUSDT,2018-09-09 00:00:00+00:00,1.22689803,0.7577
BTCUSDT,2018-09-10 00:00:00+00:00,1.23657997,0.7545
BTCUSDT,2018-09-11 00:00:00+00:00,1.23448848,0.7552
BTCUSDT,2018-09-12 00:00:00+00:00,1.24485106,0.7517
BTCUSDT,2018-09-13 00:00:00+00:00,1.27856168,0.7405
BTCUSDT,2018-09-14 00:00:00+00:00,1.27941999,0.7402
BTCUSDT,2018-09-15 00:00:00+00:00,1.28532707,0.7382
BTCUSDT,2018-09-16 00:00:00+00:00,1.28016559,0.7399
BTCUSDT,2018-09-17 00:00:00+00:00,1.23381568,0.7554
BTCUSDT,2018-09-18 00:00:00+00:00,1.25024052,0.7499
BTCUSDT,2018-09-19 00:00:00+00:00,1.25910583,0.747
BTCUSDT,2018-09-20 00:00:00+00:00,1.28206545,0.7393
BTCUSDT,2018-09-21 00:00:00+00:00,1.3314931,0.7228
BTCUSDT,2018-09-22 00:00:00+00:00,1.32462421,0.7251
BTCUSDT,2018-09-23 00:00:00+00:00,1.32411544,0.7253
BTCUSDT,2018-09-24 00:00:00+00:00,1.29944603,0.7335
BTCUSDT,2018-09-25 00:00:00+00:00,1.26947306,0.7435
BTCUSDT,2018-09-26 00:00:00+00:00,1.27892467,0.7404
BTCUSDT,2018-09-27 00:00:00+00:00,1.3210537,0.7263
BTCUSDT,2018-09-28 00:00:00+00:00,1.31014502,0.73
BTCUSDT,2018-09-29 00:00:00+00:00,1.30289231,0.7324
BTCUSDT,2018-09-30 00:00:00+00:00,1.3069717,0.731
BTCUSDT,2018-10-01 00:00:00+00:00,1.29942083,0.7335
BTCUSDT,2018-10-02 00:00:00+00:00,1.28953035,0.7368
BTCUSDT,2018-10-03 00:00:00+00:00,1.2814305,0.7395
BTCUSDT,2018-10-04 00:00:00+00:00,1.29764795,0.7341
BTCUSDT,2018-10-05 00:00:00+00:00,1.30556584,0.7315
BTCUSDT,2018-10-06 00:00:00+00:00,1.298913,0.7337
BTCUSDT,2018-10-07 00:00:00+00:00,1.30175802,0.7327
BTCUSDT,2018-10-08 00:00:00+00:00,1.30960738,0.7301
BTCUSDT,2018-10-09 00:00:00+00:00,1.30696334,0.731
BTCUSDT,2018-10-10 00:00:00+00:00,1.29493068,0.735
BTCUSDT,2018-10-11 00:00:00+00:00,1.22741162,0.7575
BTCUSDT,2018-10-12 00:00:00+00:00,1.23438108,0.7552
BTCUSDT,2018-10-13 00:00:00+00:00,1.23595286,0.7547
BTCUSDT,2018-10-14 00:00:00+00:00,1.23348719,0.7555
BTCUSDT,2018-10-15 00:00:00+00:00,1.28526524,0.7382
BTCUSDT,2018-10-16 00:00:00+00:00,1.28989252,0.7367
BTCUSDT,2018-10-17 00:00:00+00:00,1.28666145,0.7378
BTCUSDT,2018-10-18 00:00:00+00:00,1.27802221,0.7407
BTCUSDT,2018-10-19 00:00:00+00:00,1.2749913,0.7417
BTCUSDT,2018-10-20 00:00:00+00:00,1.28642152,0.7379
BTCUSDT,2018-10-21 00:00:00+00:00,1.28793139,0.7374
BTCUSDT,2018-10-22 00:00:00+00:00,1.28689576,0.7377
BTCUSDT,2018-10-23 00:00:00+00:00,1.28492912,0.7384
BTCUSDT,2018-10-24 00:00:00+00:00,1.2887609,0.7371
BTCUSDT,2018-10-25 00:00:00+00:00,1.28694965,0.7377
BTCUSDT,2018-10-26 00:00:00+00:00,1.28863398,0.7371
BTCUSDT,2018-10-27 00:00:00+00:00,1.28980748,0.7367
BTCUSDT,2018-10-28 00:00:00+00:00,1.28937475,0.7369
BTCUSDT,2018-10-29 00:00:00+00:00,1.26107732,0.7463
BTCUSDT,2018-10-30 00:00:00+00:00,1.26329155,0.7456
BTCUSDT,2018-10-31 00:00:00+00:00,1.27073654,0.7431
BTCUSDT,2018-11-01 00:00:00+00:00,1.27883905,0.7404
BTCUSDT,2018-11-02 00:00:00+00:00,1.27995054,0.74
BTCUSDT,2018-11-03 00:00:00+00:00,1.276901,0.741
BTCUSDT,2018-11-04 00:00:00+00:00,1.29459494,0.7351
BTCUSDT,2018-11-05 00:00:00+00:00,1.29123581,0.7363
BTCUSDT,2018-11-06 00:00:00+00:00,1.2989943,0.7337
BTCUSDT,2018-11-07 00:00:00+00:00,1.31084446,0.7297
BTCUSDT,2018-11-08 00:00:00+00:00,1.29195817,0.736
BTCUSDT,2018-11-09 00:00:00+00:00,1.2768824,0.741
BTCUSDT,2018-11-10 00:00:00+00:00,1.28133653,0.7396
BTCUSDT,2018-11-11 00:00:00+00:00,1.27781403,0.7407
BTCUSDT,2018-11-12 00:00:00+00:00,1.27501457,0.7417
BTCUSDT,2018-11-13 00:00:00+00:00,1.26499475,0.745
BTCUSDT,2018-11-14 00:00:00+00:00,1.12750028,0.7908
BTCUSDT,2018-11-15 00:00:00+00:00,1.12835655,0.7905
BTCUSDT,2018-11-16 00:00:00+00:00,1.12138354,0.7929
BTCUSDT,2018-11-17 00:00:00+00:00,1.12295891,0.7923
BTCUSDT,2018-11-18 00:00:00+00:00,1.13432294,0.7886
BTCUSDT,2018-11-19 00:00:00+00:00,0.98256686,0.8391
BTCUSDT,2018-11-20 00:00:00+00:00,0.89259762,0.8691
BTCUSDT,2018-11-21 00:00:00+00:00,0.94205218,0.8526
BTCUSDT,2018-11-22 00:00:00+00:00,0.89310508,0.869
BTCUSDT,2018-11-23 00:00:00+00:00,0.89181194,0.8694
BTCUSDT,2018-11-24 00:00:00+00:00,0.79317203,0.9023
BTCUSDT,2018-11-25 00:00:00+00:00,0.82453777,0.8918
BTCUSDT,2018-11-26 00:00:00+00:00,0.77562836,0.9081
BTCUSDT,2018-11-27 00:00:00+00:00,0.7940544,0.902
BTCUSDT,2018-11-28 00:00:00+00:00,0.88549955,0.8715
BTCUSDT,2018-11-29 00:00:00+00:00,0.89130855,0.8696
BTCUSDT,2018-11-30 00:00:00+00:00,0.8373706,0.8875
BTCUSDT,2018-12-01 00:00:00+00:00,0.8734641,0.8755
BTCUSDT,2018-12-02 00:00:00+00:00,0.86368527,0.8788
BTCUSDT,2018-12-03 00:00:00+00:00,0.80763958,0.8975
BTCUSDT,2018-12-04 00:00:00+00:00,0.81335924,0.8955
BTCUSDT,2018-12-05 00:00:00+00:00,0.78473772,0.9051
BTCUSDT,2018-12-06 00:00:00+00:00,0.74841821,0.9172
BTCUSDT,2018-12-07 00:00:00+00:00,0.72100902,0.9263
BTCUSDT,2018-12-08 00:00:00+00:00,0.72908961,0.9236
BTCUSDT,2018-12-09 00:00:00+00:00,0.75773343,0.9141
BTCUSDT,2018-12-10 00:00:00+00:00,0.73200608,0.9227
BTCUSDT,2018-12-11 00:00:00+00:00,0.7222971,0.9259
BTCUSDT,2018-12-12 00:00:00+00:00,0.73845418,0.9205
BTCUSDT,2018-12-13 00:00:00+00:00,0.7044642,0.9318
BTCUSDT,2018-12-14 00:00:00+00:00,0.69277432,0.9357
BTCUSDT,2018-12-15 00:00:00+00:00,0.69048064,0.9365
BTCUSDT,2018-12-16 00:00:00+00:00,0.69338644,0.9355
BTCUSDT,2018-12-17 00:00:00+00:00,0.75972613,0.9134
BTCUSDT,2018-12-18 00:00:00+00:00,0.79650093,0.9012
BTCUSDT,2018-12-19 00:00:00+00:00,0.80573894,0.8981
BTCUSDT,2018-12-20 00:00:00+00:00,0.88611656,0.8713
BTCUSDT,2018-12-21 00:00:00+00:00,0.8376707,0.8874
BTCUSDT,2018-12-22 00:00:00+00:00,0.86519497,0.8783
BTCUSDT,2018-12-23 00:00:00+00:00,0.86090691,0.8797
BTCUSDT,2018-12-24 00:00:00+00:00,0.88260111,0.8725
BTCUSDT,2018-12-25 00:00:00+00:00,0.82260882,0.8925
BTCUSDT,2018-12-26 00:00:00+00:00,0.83308567,0.889
BTCUSDT,2018-12-27 00:00:00+00:00,0.78552581,0.9048
BTCUSDT,2018-12-28 00:00:00+00:00,0.85252346,0.8825
BTCUSDT,2018-12-29 00:00:00+00:00,0.84031284,0.8866
BTCUSDT,2018-12-30 00:00:00+00:00,0.8415034,0.8862
BTCUSDT,2018-12-31 00:00:00+00:00,0.81213582,0.896
BTCUSDT,2019-01-01 00:00:00+00:00,0.8391035,0.887
BTCUSDT,2019-01-02 00:00:00+00:00,0.85907301,0.8803
BTCUSDT,2019-01-03 00:00:00+00:00,0.83487141,0.8884
BTCUSDT,2019-01-04 00:00:00+00:00,0.8447265,0.8851
BTCUSDT,2019-01-05 00:00:00+00:00,0.83856669,0.8871
BTCUSDT,2019-01-06 00:00:00+00:00,0.89346662,0.8688
BTCUSDT,2019-01-07 00:00:00+00:00,0.8841578,0.8719
BTCUSDT,2019-01-08 00:00:00+00:00,0.88278743,0.8724
BTCUSDT,2019-01-09 00:00:00+00:00,0.88542141,0.8715
BTCUSDT,2019-01-10 00:00:00+00:00,0.80976747,0.8967
BTCUSDT,2019-01-11 00:00:00+00:00,0.80976244,0.8967
BTCUSDT,2019-01-12 00:00:00+00:00,0.80855945,0.8971
BTCUSDT,2019-01-13 00:00:00+00:00,0.784834,0.9051
BTCUSDT,2019-01-14 00:00:00+00:00,0.82050798,0.8932
BTCUSDT,2019-01-15 00:00:00+00:00,0.80090242,0.8997
BTCUSDT,2019-01-16 00:00:00+00:00,0.80691139,0.8977
BTCUSDT,2019-01-17 00:00:00+00:00,0.81482992,0.8951
BTCUSDT,2019-01-18 00:00:00+00:00,0.80838072,0.8972
BTCUSDT,2019-01-19 00:00:00+00:00,0.82616434,0.8913
BTCUSDT,2019-01-20 00:00:00+00:00,0.79319975,0.9023
BTCUSDT,2019-01-21 00:00:00+00:00,0.79297133,0.9023
BTCUSDT,2019-01-22 00:00:00+00:00,0.80398567,0.8987
BTCUSDT,2019-01-23 00:00:00+00:00,0.79874618,0.9004
BTCUSDT,2019-01-24 00:00:00+00:00,0.80256605,0.8991
BTCUSDT,2019-01-25 00:00:00+00:00,0.80172488,0.8994
BTCUSDT,2019-01-26 00:00:00+00:00,0.8011809,0.8996
BTCUSDT,2019-01-27 00:00:00+00:00,0.79718191,0.9009
BTCUSDT,2019-01-28 00:00:00+00:00,0.77522856,0.9083
BTCUSDT,2019-01-29 00:00:00+00:00,0.76708054,0.911
BTCUSDT,2019-01-30 00:00:00+00:00,0.77747695,0.9075
BTCUSDT,2019-01-31 00:00:00+00:00,0.77173662,0.9094
BTCUSDT,2019-02-01 00:00:00+00:00,0.78014383,0.9066
BTCUSDT,2019-02-02 00:00:00+00:00,0.78422167,0.9053
BTCUSDT,2019-02-03 00:00:00+00:00,0.77343528,0.9089
BTCUSDT,2019-02-04 00:00:00+00:00,0.77384742,0.9087
BTCUSDT,2019-02-05 00:00:00+00:00,0.77765737,0.9074
BTCUSDT,2019-02-06 00:00:00+00:00,0.76510945,0.9116
BTCUSDT,2019-02-07 00:00:00+00:00,0.76378864,0.9121
BTCUSDT,2019-02-08 00:00:00+00:00,0.8216013,0.8928
BTCUSDT,2019-02-09 00:00:00+00:00,0.82367897,0.8921
BTCUSDT,2019-02-10 00:00:00+00:00,0.8284814,0.8905
BTCUSDT,2019-02-11 00:00:00+00:00,0.81717159,0.8943
BTCUSDT,2019-02-12 00:00:00+00:00,0.81707553,0.8943
BTCUSDT,2019-02-13 00:00:00+00:00,0.81622357,0.8946
BTCUSDT,2019-02-14 00:00:00+00:00,0.81324408,0.8956
BTCUSDT,2019-02-15 00:00:00+00:00,0.81432592,0.8952
BTCUSDT,2019-02-16 00:00:00+00:00,0.81951471,0.8935
BTCUSDT,2019-02-17 00:00:00+00:00,0.82849268,0.8905
BTCUSDT,2019-02-18 00:00:00+00:00,0.88420768,0.8719
BTCUSDT,2019-02-19 00:00:00+00:00,0.89133025,0.8696
BTCUSDT,2019-02-20 00:00:00+00:00,0.89885411,0.867
BTCUSDT,2019-02-21 00:00:00+00:00,0.89047082,0.8698
BTCUSDT,2019-02-22 00:00:00+00:00,0.90331002,0.8656
BTCUSDT,2019-02-23 00:00:00+00:00,0.94072884,0.8531
BTCUSDT,2019-02-24 00:00:00+00:00,0.8599356,0.88
BTCUSDT,2019-02-25 00:00:00+00:00,0.87606044,0.8746
BTCUSDT,2019-02-26 00:00:00+00:00,0.87035678,0.8765
BTCUSDT,2019-02-27 00:00:00+00:00,0.8713884,0.8762
BTCUSDT,2019-02-28 00:00:00+00:00,0.87032071,0.8766
BTCUSDT,2019-03-01 00:00:00+00:00,0.87459349,0.8751
BTCUSDT,2019-03-02 00:00:00+00:00,0.87461492,0.8751
BTCUSDT,2019-03-03 00:00:00+00:00,0.86848471,0.8772
BTCUSDT,2019-03-04 00:00:00+00:00,0.85007558,0.8833
BTCUSDT,2019-03-05 00:00:00+00:00,0.88264283,0.8725
BTCUSDT,2019-03-06 00:00:00+00:00,0.88556451,0.8715
BTCUSDT,2019-03-07 00:00:00+00:00,0.88659022,0.8711
BTCUSDT,2019-03-08 00:00:00+00:00,0.88315552,0.8723
BTCUSDT,2019-03-09 00:00:00+00:00,0.89955742,0.8668
BTCUSDT,2019-03-10 00:00:00+00:00,0.89825462,0.8672
BTCUSDT,2019-03-11 00:00:00+00:00,0.88665284,0.8711
BTCUSDT,2019-03-12 00:00:00+00:00,0.88880804,0.8704
BTCUSDT,2019-03-13 00:00:00+00:00,0.88736975,0.8709
BTCUSDT,2019-03-14 00:00:00+00:00,0.88808394,0.8706
BTCUSDT,2019-03-15 00:00:00+00:00,0.89930632,0.8669
BTCUSDT,2019-03-16 00:00:00+00:00,0.92006352,0.86
BTCUSDT,2019-03-17 00:00:00+00:00,0.91484274,0.8617
BTCUSDT,2019-03-18 00:00:00+00:00,0.91560369,0.8615
BTCUSDT,2019-03-19 00:00:00+00:00,0.92168535,0.8594
BTCUSDT,2019-03-20 00:00:00+00:00,0.92967286,0.8568
BTCUSDT,2019-03-21 00:00:00+00:00,0.91748018,0.8608
BTCUSDT,2019-03-22 00:00:00+00:00,0.9194745,0.8602
BTCUSDT,2019-03-23 00:00:00+00:00,0.91913227,0.8603
BTCUSDT,2019-03-24 00:00:00+00:00,0.91670464,0.8611
BTCUSDT,2019-03-25 00:00:00+00:00,0.90273487,0.8658
BTCUSDT,2019-03-26 00:00:00+00:00,0.90526912,0.8649
BTCUSDT,2019-03-27 00:00:00+00:00,0.93039612,0.8565
BTCUSDT,2019-03-28 00:00:00+00:00,0.92674903,0.8578
BTCUSDT,2019-03-29 00:00:00+00:00,0.94438915,0.8519
BTCUSDT,2019-03-30 00:00:00+00:00,0.944965,0.8517
BTCUSDT,2019-03-31 00:00:00+00:00,0.94641855,0.8512
BTCUSDT,2019-04-01 00:00:00+00:00,0.95655086,0.8478
BTCUSDT,2019-04-02 00:00:00+00:00,1.12892016,0.7904
BTCUSDT,2019-04-03 00:00:00+00:00,1.14051964,0.7865
BTCUSDT,2019-04-04 00:00:00+00:00,1.12838804,0.7905
BTCUSDT,2019-04-05 00:00:00+00:00,1.15614507,0.7813
BTCUSDT,2019-04-06 00:00:00+00:00,1.15841744,0.7805
BTCUSDT,2019-04-07 00:00:00+00:00,1.19121228,0.7696
BTCUSDT,2019-04-08 00:00:00+00:00,1.21179209,0.7627
BTCUSDT,2019-04-09 00:00:00+00:00,1.19099798,0.7697
BTCUSDT,2019-04-10 00:00:00+00:00,1.21651316,0.7612
BTCUSDT,2019-04-11 00:00:00+00:00,1.15695368,0.781
BTCUSDT,2019-04-12 00:00:00+00:00,1.16368455,0.7788
BTCUSDT,2019-04-13 00:00:00+00:00,1.16156591,0.7795
BTCUSDT,2019-04-14 00:00:00+00:00,1.18135304,0.7729
BTCUSDT,2019-04-15 00:00:00+00:00,1.15555322,0.7815
BTCUSDT,2019-04-16 00:00:00+00:00,1.19224124,0.7693
BTCUSDT,2019-04-17 00:00:00+00:00,1.1961381,0.768
BTCUSDT,2019-04-18 00:00:00+00:00,1.20765693,0.7641
BTCUSDT,2019-04-19 00:00:00+00:00,1.20719787,0.7643
BTCUSDT,2019-04-20 00:00:00+00:00,1.21246475,0.7625
BTCUSDT,2019-04-21 00:00:00+00:00,1.20835451,0.7639
BTCUSDT,2019-04-22 00:00:00+00:00,1.22794551,0.7574
BTCUSDT,2019-04-23 00:00:00+00:00,1.2632969,0.7456
BTCUSDT,2019-04-24 00:00:00+00:00,1.238908,0.7537
BTCUSDT,2019-04-25 00:00:00+00:00,1.17030753,0.7766
BTCUSDT,2019-04-26 00:00:00+00:00,1.17673094,0.7744
BTCUSDT,2019-04-27 00:00:00+00:00,1.18413668,0.772
BTCUSDT,2019-04-28 00:00:00+00:00,1.17650667,0.7745
BTCUSDT,2019-04-29 00:00:00+00:00,1.17708337,0.7743
BTCUSDT,2019-04-30 00:00:00+00:00,1.20333737,0.7656
BTCUSDT,2019-05-01 00:00:00+00:00,1.21799733,0.7607
BTCUSDT,2019-05-02 00:00:00+00:00,1.23567987,0.7548
BTCUSDT,2019-05-03 00:00:00+00:00,1.2951638,0.7349
BTCUSDT,2019-05-04 00:00:00+00:00,1.32099457,0.7263
BTCUSDT,2019-05-05 00:00:00+00:00,1.30956777,0.7301
BTCUSDT,2019-05-06 00:00:00+00:00,1.29939268,0.7335
BTCUSDT,2019-05-07 00:00:00+00:00,1.32870246,0.7238
BTCUSDT,2019-05-08 00:00:00+00:00,1.35126305,0.7162
BTCUSDT,2019-05-09 00:00:00+00:00,1.39928506,0.7002
BTCUSDT,2019-05-10 00:00:00+00:00,1.44472955,0.6851
BTCUSDT,2019-05-11 00:00:00+00:00,1.6543368,0.6152
BTCUSDT,2019-05-12 00:00:00+00:00,1.56569495,0.6448
BTCUSDT,2019-05-13 00:00:00+00:00,1.74753483,0.5842
BTCUSDT,2019-05-14 00:00:00+00:00,1.77133721,0.5762
BTCUSDT,2019-05-15 00:00:00+00:00,1.81667469,0.5611
BTCUSDT,2019-05-16 00:00:00+00:00,1.72799889,0.5907
BTCUSDT,2019-05-17 00:00:00+00:00,1.61073752,0.6298
BTCUSDT,2019-05-18 00:00:00+00:00,1.59950822,0.6335
BTCUSDT,2019-05-19 00:00:00+00:00,1.80201739,0.566
BTCUSDT,2019-05-20 00:00:00+00:00,1.74723194,0.5843
BTCUSDT,2019-05-21 00:00:00+00:00,1.74497388,0.585
BTCUSDT,2019-05-22 00:00:00+00:00,1.67542929,0.6082
BTCUSDT,2019-05-23 00:00:00+00:00,1.72268374,0.5924
BTCUSDT,2019-05-24 00:00:00+00:00,1.73899884,0.587
BTCUSDT,2019-05-25 00:00:00+00:00,1.75307893,0.5823
BTCUSDT,2019-05-26 00:00:00+00:00,1.89396436,0.5353
BTCUSDT,2019-05-27 00:00:00+00:00,1.90714924,0.531
BTCUSDT,2019-05-28 00:00:00+00:00,1.88105961,0.5396
BTCUSDT,2019-05-29 00:00:00+00:00,1.84071984,0.5531
BTCUSDT,2019-05-30 00:00:00+00:00,1.75787076,0.5807
BTCUSDT,2019-05-31 00:00:00+00:00,1.81476063,0.5617
BTCUSDT,2019-06-01 00:00:00+00:00,1.81246057,0.5625
BTCUSDT,2019-06-02 00:00:00+00:00,1.8504971,0.5498
BTCUSDT,2019-06-03 00:00:00+00:00,1.72701182,0.591
BTCUSDT,2019-06-04 00:00:00+00:00,1.62636908,0.6245
BTCUSDT,2019-06-05 00:00:00+00:00,1.65612566,0.6146
BTCUSDT,2019-06-06 00:00:00+00:00,1.651342,0.6162
BTCUSDT,2019-06-07 00:00:00+00:00,1.70183629,0.5994
BTCUSDT,2019-06-08 00:00:00+00:00,1.6835165,0.6055
BTCUSDT,2019-06-09 00:00:00+00:00,1.61842434,0.6272
BTCUSDT,2019-06-10 00:00:00+00:00,1.69111483,0.603
BTCUSDT,2019-06-11 00:00:00+00:00,1.67511723,0.6083
BTCUSDT,2019-06-12 00:00:00+00:00,1.72008481,0.5933
BTCUSDT,2019-06-13 00:00:00+00:00,1.73649236,0.5878
BTCUSDT,2019-06-14 00:00:00+00:00,1.82901577,0.557
BTCUSDT,2019-06-15 00:00:00+00:00,1.85878621,0.5471
BTCUSDT,2019-06-16 00:00:00+00:00,1.88896018,0.537
BTCUSDT,2019-06-17 00:00:00+00:00,1.9511578,0.5163
BTCUSDT,2019-06-18 00:00:00+00:00,1.88755922,0.5375
BTCUSDT,2019-06-19 00:00:00+00:00,1.93150882,0.5228
BTCUSDT,2019-06-20 00:00:00+00:00,1.98086596,0.5064
BTCUSDT,2019-06-21 00:00:00+00:00,2.08422475,0.4719
BTCUSDT,2019-06-22 00:00:00+00:00,2.19688103,0.4344
BTCUSDT,2019-06-23 00:00:00+00:00,2.2136737,0.4288
BTCUSDT,2019-06-24 00:00:00+00:00,2.24706654,0.4176
BTCUSDT,2019-06-25 00:00:00+00:00,2.37982686,0.3734
BTCUSDT,2019-06-26 00:00:00+00:00,2.57176389,0.3094
BTCUSDT,2019-06-27 00:00:00+00:00,2.21524309,0.4283
BTCUSDT,2019-06-28 00:00:00+00:00,2.44168454,0.3528
BTCUSDT,2019-06-29 00:00:00+00:00,2.35329242,0.3822
BTCUSDT,2019-06-30 00:00:00+00:00,2.13021037,0.4566
BTCUSDT,2019-07-01 00:00:00+00:00,2.07558255,0.4748
BTCUSDT,2019-07-02 00:00:00+00:00,2.11000412,0.4633
BTCUSDT,2019-07-03 00:00:00+00:00,2.33157806,0.3895
BTCUSDT,2019-07-04 00:00:00+00:00,2.17425127,0.4419
BTCUSDT,2019-07-05 00:00:00+00:00,2.13840364,0.4539
BTCUSDT,2019-07-06 00:00:00+00:00,2.17712562,0.441
BTCUSDT,2019-07-07 00:00:00+00:00,2.22256119,0.4258
BTCUSDT,2019-07-08 00:00:00+00:00,2.37905472,0.3736
BTCUSDT,2019-07-09 00:00:00+00:00,2.41917807,0.3603
BTCUSDT,2019-07-10 00:00:00+00:00,2.31328701,0.3956
BTCUSDT,2019-07-11 00:00:00+00:00,2.15704038,0.4477
BTCUSDT,2019-07-12 00:00:00+00:00,2.24857787,0.4171
BTCUSDT,2019-07-13 00:00:00+00:00,2.15890911,0.447
BTCUSDT,2019-07-14 00:00:00+00:00,1.95875859,0.5137
BTCUSDT,2019-07-15 00:00:00+00:00,2.07837284,0.4739
BTCUSDT,2019-07-16 00:00:00+00:00,1.80452153,0.5652
BTCUSDT,2019-07-17 00:00:00+00:00,1.84011447,0.5533
BTCUSDT,2019-07-18 00:00:00+00:00,2.02312657,0.4923
BTCUSDT,2019-07-19 00:00:00+00:00,1.9920017,0.5027
BTCUSDT,2019-07-20 00:00:00+00:00,2.0519756,0.4827
BTCUSDT,2019-07-21 00:00:00+00:00,1.99813946,0.5006
BTCUSDT,2019-07-22 00:00:00+00:00,1.94697902,0.5177
BTCUSDT,2019-07-23 00:00:00+00:00,1.86302934,0.5457
BTCUSDT,2019-07-24 00:00:00+00:00,1.84274782,0.5524
BTCUSDT,2019-07-25 00:00:00+00:00,1.86177246,0.5461
BTCUSDT,2019-07-26 00:00:00+00:00,1.84937883,0.5502
BTCUSDT,2019-07-27 00:00:00+00:00,1.7764295,0.5745
BTCUSDT,2019-07-28 00:00:00+00:00,1.79184692,0.5694
BTCUSDT,2019-07-29 00:00:00+00:00,1.75506806,0.5816
BTCUSDT,2019-07-30 00:00:00+00:00,1.76975529,0.5767
BTCUSDT,2019-07-31 00:00:00+00:00,1.85482085,0.5484
BTCUSDT,2019-08-01 00:00:00+00:00,1.91516898,0.5283
BTCUSDT,2019-08-02 00:00:00+00:00,1.93668955,0.5211
BTCUSDT,2019-08-03 00:00:00+00:00,1.98633631,0.5046
BTCUSDT,2019-08-04 00:00:00+00:00,2.0166431,0.4945
BTCUSDT,2019-08-05 00:00:00+00:00,2.15209305,0.4493
BTCUSDT,2019-08-06 00:00:00+00:00,2.07763358,0.4741
BTCUSDT,2019-08-07 00:00:00+00:00,2.16935722,0.4435
BTCUSDT,2019-08-08 00:00:00+00:00,2.15713659,0.4476
BTCUSDT,2019-08-09 00:00:00+00:00,2.13982687,0.4534
BTCUSDT,2019-08-10 00:00:00+00:00,2.03923311,0.4869
BTCUSDT,2019-08-11 00:00:00+00:00,2.07768124,0.4741
BTCUSDT,2019-08-12 00:00:00+00:00,2.04944243,0.4835
BTCUSDT,2019-08-13 00:00:00+00:00,1.95417056,0.5153
BTCUSDT,2019-08-14 00:00:00+00:00,1.8019476,0.566
BTCUSDT,2019-08-15 00:00:00+00:00,1.85280853,0.5491
BTCUSDT,2019-08-16 00:00:00+00:00,1.86332594,0.5456
BTCUSDT,2019-08-17 00:00:00+00:00,1.83353888,0.5555
BTCUSDT,2019-08-18 00:00:00+00:00,1.85527013,0.5482
BTCUSDT,2019-08-19 00:00:00+00:00,1.95283046,0.5157
BTCUSDT,2019-08-20 00:00:00+00:00,1.92992501,0.5234
BTCUSDT,2019-08-21 00:00:00+00:00,1.80967076,0.5634
BTCUSDT,2019-08-22 00:00:00+00:00,1.81392145,0.562
BTCUSDT,2019-08-23 00:00:00+00:00,1.85888092,0.547
BTCUSDT,2019-08-24 00:00:00+00:00,1.81099778,0.563
BTCUSDT,2019-08-25 00:00:00+00:00,1.8021966,0.5659
BTCUSDT,2019-08-26 00:00:00+00:00,1.8474094,0.5509
BTCUSDT,2019-08-27 00:00:00+00:00,1.81156248,0.5628
BTCUSDT,2019-08-28 00:00:00+00:00,1.73309226,0.589
BTCUSDT,2019-08-29 00:00:00+00:00,1.69107373,0.603
BTCUSDT,2019-08-30 00:00:00+00:00,1.70811556,0.5973
BTCUSDT,2019-08-31 00:00:00+00:00,1.71310224,0.5956
BTCUSDT,2019-09-01 00:00:00+00:00,1.7403943,0.5865
BTCUSDT,2019-09-02 00:00:00+00:00,1.84745992,0.5508
BTCUSDT,2019-09-03 00:00:00+00:00,1.88765943,0.5374
BTCUSDT,2019-09-04 00:00:00+00:00,1.87870879,0.5404
BTCUSDT,2019-09-05 00:00:00+00:00,1.8773914,0.5409
BTCUSDT,2019-09-06 00:00:00+00:00,1.81873604,0.5604
BTCUSDT,2019-09-07 00:00:00+00:00,1.84632204,0.5512
BTCUSDT,2019-09-08 00:00:00+00:00,1.83013043,0.5566
BTCUSDT,2019-09-09 00:00:00+00:00,1.81652807,0.5612
BTCUSDT,2019-09-10 00:00:00+00:00,1.77328813,0.5756
BTCUSDT,2019-09-11 00:00:00+00:00,1.77786135,0.574
BTCUSDT,2019-09-12 00:00:00+00:00,1.82231036,0.5592
BTCUSDT,2019-09-13 00:00:00+00:00,1.81108514,0.563
BTCUSDT,2019-09-14 00:00:00+00:00,1.813611,0.5621
BTCUSDT,2019-09-15 00:00:00+00:00,1.80307986,0.5656
BTCUSDT,2019-09-16 00:00:00+00:00,1.79436332,0.5685
BTCUSDT,2019-09-17 00:00:00+00:00,1.78283665,0.5724
BTCUSDT,2019-09-18 00:00:00+00:00,1.77473473,0.5751
BTCUSDT,2019-09-19 00:00:00+00:00,1.79282081,0.5691
BTCUSDT,2019-09-20 00:00:00+00:00,1.77523927,0.5749
BTCUSDT,2019-09-21 00:00:00+00:00,1.74318445,0.5856
BTCUSDT,2019-09-22 00:00:00+00:00,1.7535283,0.5822
BTCUSDT,2019-09-23 00:00:00+00:00,1.69241697,0.6025
BTCUSDT,2019-09-24 00:00:00+00:00,1.5076985,0.6641
BTCUSDT,2019-09-25 00:00:00+00:00,1.47778949,0.6741
BTCUSDT,2019-09-26 00:00:00+00:00,1.42454001,0.6918
BTCUSDT,2019-09-27 00:00:00+00:00,1.44132571,0.6862
BTCUSDT,2019-09-28 00:00:00+00:00,1.44491153,0.685
BTCUSDT,2019-09-29 00:00:00+00:00,1.42120643,0.6929
BTCUSDT,2019-09-30 00:00:00+00:00,1.45994759,0.68
BTCUSDT,2019-10-01 00:00:00+00:00,1.46687818,0.6777
BTCUSDT,2019-10-02 00:00:00+00:00,1.47560342,0.6748
BTCUSDT,2019-10-03 00:00:00+00:00,1.45721375,0.6809
BTCUSDT,2019-10-04 00:00:00+00:00,1.44209083,0.686
BTCUSDT,2019-10-05 00:00:00+00:00,1.43793767,0.6874
BTCUSDT,2019-10-06 00:00:00+00:00,1.38789488,0.704
BTCUSDT,2019-10-07 00:00:00+00:00,1.45350223,0.6822
BTCUSDT,2019-10-08 00:00:00+00:00,1.44711351,0.6843
BTCUSDT,2019-10-09 00:00:00+00:00,1.5187746,0.6604
BTCUSDT,2019-10-10 00:00:00+00:00,1.51523934,0.6616
BTCUSDT,2019-10-11 00:00:00+00:00,1.4650268,0.6783
BTCUSDT,2019-10-12 00:00:00+00:00,1.47085893,0.6764
BTCUSDT,2019-10-13 00:00:00+00:00,1.46532541,0.6782
BTCUSDT,2019-10-14 00:00:00+00:00,1.46837588,0.6772
BTCUSDT,2019-10-15 00:00:00+00:00,1.43701211,0.6877
BTCUSDT,2019-10-16 00:00:00+00:00,1.41022441,0.6966
BTCUSDT,2019-10-17 00:00:00+00:00,1.42275851,0.6924
BTCUSDT,2019-10-18 00:00:00+00:00,1.40337963,0.6989
BTCUSDT,2019-10-19 00:00:00+00:00,1.40147566,0.6995
BTCUSDT,2019-10-20 00:00:00+00:00,1.4480022,0.684
BTCUSDT,2019-10-21 00:00:00+00:00,1.44819078,0.6839
BTCUSDT,2019-10-22 00:00:00+00:00,1.41660892,0.6945
BTCUSDT,2019-10-23 00:00:00+00:00,1.31849373,0.7272
BTCUSDT,2019-10-24 00:00:00+00:00,1.32043974,0.7265
BTCUSDT,2019-10-25 00:00:00+00:00,1.53033296,0.6566
BTCUSDT,2019-10-26 00:00:00+00:00,1.63052996,0.6232
BTCUSDT,2019-10-27 00:00:00+00:00,1.68313273,0.6056
BTCUSDT,2019-10-28 00:00:00+00:00,1.63844571,0.6205
BTCUSDT,2019-10-29 00:00:00+00:00,1.65571824,0.6148
BTCUSDT,2019-10-30 00:00:00+00:00,1.61181743,0.6294
BTCUSDT,2019-10-31 00:00:00+00:00,1.60646394,0.6312
BTCUSDT,2019-11-01 00:00:00+00:00,1.62077063,0.6264
BTCUSDT,2019-11-02 00:00:00+00:00,1.62876338,0.6237
BTCUSDT,2019-11-03 00:00:00+00:00,1.61294847,0.629
BTCUSDT,2019-11-04 00:00:00+00:00,1.64848919,0.6172
BTCUSDT,2019-11-05 00:00:00+00:00,1.63757092,0.6208
BTCUSDT,2019-11-06 00:00:00+00:00,1.64148312,0.6195
BTCUSDT,2019-11-07 00:00:00+00:00,1.61571232,0.6281
BTCUSDT,2019-11-08 00:00:00+00:00,1.54350145,0.6522
BTCUSDT,2019-11-09 00:00:00+00:00,1.54712396,0.651
BTCUSDT,2019-11-10 00:00:00+00:00,1.58742033,0.6375
BTCUSDT,2019-11-11 00:00:00+00:00,1.52978275,0.6567
BTCUSDT,2019-11-12 00:00:00+00:00,1.5426696,0.6524
BTCUSDT,2019-11-13 00:00:00+00:00,1.5361222,0.6546
BTCUSDT,2019-11-14 00:00:00+00:00,1.51523438,0.6616
BTCUSDT,2019-11-15 00:00:00+00:00,1.48420069,0.6719
BTCUSDT,2019-11-16 00:00:00+00:00,1.48640991,0.6712
BTCUSDT,2019-11-17 00:00:00+00:00,1.4912036,0.6696
BTCUSDT,2019-11-18 00:00:00+00:00,1.43585132,0.688
BTCUSDT,2019-11-19 00:00:00+00:00,1.42462588,0.6918
BTCUSDT,2019-11-20 00:00:00+00:00,1.41836156,0.6939
BTCUSDT,2019-11-21 00:00:00+00:00,1.33896278,0.7203
BTCUSDT,2019-11-22 00:00:00+00:00,1.28344958,0.7389
BTCUSDT,2019-11-23 00:00:00+00:00,1.29339001,0.7355
BTCUSDT,2019-11-24 00:00:00+00:00,1.22636138,0.7579
BTCUSDT,2019-11-25 00:00:00+00:00,1.26222308,0.7459
BTCUSDT,2019-11-26 00:00:00+00:00,1.26841696,0.7439
BTCUSDT,2019-11-27 00:00:00+00:00,1.33297166,0.7223
BTCUSDT,2019-11-28 00:00:00+00:00,1.31736129,0.7275
BTCUSDT,2019-11-29 00:00:00+00:00,1.37249236,0.7092
BTCUSDT,2019-11-30 00:00:00+00:00,1.33947241,0.7202
BTCUSDT,2019-12-01 00:00:00+00:00,1.31531292,0.7282
BTCUSDT,2019-12-02 00:00:00+00:00,1.29871273,0.7338
BTCUSDT,2019-12-03 00:00:00+00:00,1.29767248,0.7341
BTCUSDT,2019-12-04 00:00:00+00:00,1.28246605,0.7392
BTCUSDT,2019-12-05 00:00:00+00:00,1.31656246,0.7278
BTCUSDT,2019-12-06 00:00:00+00:00,1.34019312,0.7199
BTCUSDT,2019-12-07 00:00:00+00:00,1.33632666,0.7212
BTCUSDT,2019-12-08 00:00:00+00:00,1.33937263,0.7202
BTCUSDT,2019-12-09 00:00:00+00:00,1.30638835,0.7312
BTCUSDT,2019-12-10 00:00:00+00:00,1.28784015,0.7374
BTCUSDT,2019-12-11 00:00:00+00:00,1.28292787,0.739
BTCUSDT,2019-12-12 00:00:00+00:00,1.28218893,0.7393
BTCUSDT,2019-12-13 00:00:00+00:00,1.29164777,0.7361
BTCUSDT,2019-12-14 00:00:00+00:00,1.26106197,0.7463
BTCUSDT,2019-12-15 00:00:00+00:00,1.26826677,0.7439
BTCUSDT,2019-12-16 00:00:00+00:00,1.22841184,0.7572
BTCUSDT,2019-12-17 00:00:00+00:00,1.18120445,0.7729
BTCUSDT,2019-12-18 00:00:00+00:00,1.30300236,0.7323
BTCUSDT,2019-12-19 00:00:00+00:00,1.27839546,0.7405
BTCUSDT,2019-12-20 00:00:00+00:00,1.28507153,0.7383
BTCUSDT,2019-12-21 00:00:00+00:00,1.27731542,0.7409
BTCUSDT,2019-12-22 00:00:00+00:00,1.33772206,0.7208
BTCUSDT,2019-12-23 00:00:00+00:00,1.30974111,0.7301
BTCUSDT,2019-12-24 00:00:00+00:00,1.29430833,0.7352
BTCUSDT,2019-12-25 00:00:00+00:00,1.28852354,0.7372
BTCUSDT,2019-12-26 00:00:00+00:00,1.28945009,0.7368
BTCUSDT,2019-12-27 00:00:00+00:00,1.29743017,0.7342
BTCUSDT,2019-12-28 00:00:00+00:00,1.30991222,0.73
BTCUSDT,2019-12-29 00:00:00+00:00,1.32663778,0.7245
BTCUSDT,2019-12-30 00:00:00+00:00,1.29751611,0.7342
BTCUSDT,2019-12-31 00:00:00+00:00,1.28681852,0.7377
BTCUSDT,2020-01-01 00:00:00+00:00,1.28743526,0.7375
BTCUSDT,2020-01-02 00:00:00+00:00,1.24755453,0.7508
BTCUSDT,2020-01-03 00:00:00+00:00,1.31328518,0.7289
BTCUSDT,2020-01-04 00:00:00+00:00,1.31850725,0.7272
BTCUSDT,2020-01-05 00:00:00+00:00,1.31891454,0.727
BTCUSDT,2020-01-06 00:00:00+00:00,1.39343235,0.7022
BTCUSDT,2020-01-07 00:00:00+00:00,1.45871525,0.6804
BTCUSDT,2020-01-08 00:00:00+00:00,1.44434936,0.6852
BTCUSDT,2020-01-09 00:00:00+00:00,1.40023893,0.6999
BTCUSDT,2020-01-10 00:00:00+00:00,1.45520178,0.6816
BTCUSDT,2020-01-11 00:00:00+00:00,1.43755242,0.6875
BTCUSDT,2020-01-12 00:00:00+00:00,1.46084233,0.6797
BTCUSDT,2020-01-13 00:00:00+00:00,1.45276596,0.6824
BTCUSDT,2020-01-14 00:00:00+00:00,1.57463765,0.6418
BTCUSDT,2020-01-15 00:00:00+00:00,1.56868373,0.6438
BTCUSDT,2020-01-16 00:00:00+00:00,1.55078627,0.6497
BTCUSDT,2020-01-17 00:00:00+00:00,1.58368313,0.6388
BTCUSDT,2020-01-18 00:00:00+00:00,1.58583813,0.6381
BTCUSDT,2020-01-19 00:00:00+00:00,1.54314165,0.6523
BTCUSDT,2020-01-20 00:00:00+00:00,1.53413892,0.6553
BTCUSDT,2020-01-21 00:00:00+00:00,1.5503965,0.6499
BTCUSDT,2020-01-22 00:00:00+00:00,1.53544323,0.6549
BTCUSDT,2020-01-23 00:00:00+00:00,1.48547764,0.6715
BTCUSDT,2020-01-24 00:00:00+00:00,1.49494018,0.6684
BTCUSDT,2020-01-25 00:00:00+00:00,1.4807681,0.6731
BTCUSDT,2020-01-26 00:00:00+00:00,1.52095733,0.6597
BTCUSDT,2020-01-27 00:00:00+00:00,1.5779271,0.6407
BTCUSDT,2020-01-28 00:00:00+00:00,1.64585254,0.618
BTCUSDT,2020-01-29 00:00:00+00:00,1.64528656,0.6182
BTCUSDT,2020-01-30 00:00:00+00:00,1.67702648,0.6077
BTCUSDT,2020-01-31 00:00:00+00:00,1.64732688,0.6176
BTCUSDT,2020-02-01 00:00:00+00:00,1.650978,0.6163
BTCUSDT,2020-02-02 00:00:00+00:00,1.64356756,0.6188
BTCUSDT,2020-02-03 00:00:00+00:00,1.6319591,0.6227
BTCUSDT,2020-02-04 00:00:00+00:00,1.61069803,0.6298
BTCUSDT,2020-02-05 00:00:00+00:00,1.69086813,0.603
BTCUSDT,2020-02-06 00:00:00+00:00,1.70571675,0.5981
BTCUSDT,2020-02-07 00:00:00+00:00,1.7097118,0.5968
BTCUSDT,2020-02-08 00:00:00+00:00,1.72664271,0.5911
BTCUSDT,2020-02-09 00:00:00+00:00,1.76640757,0.5779
BTCUSDT,2020-02-10 00:00:00+00:00,1.71346985,0.5955
BTCUSDT,2020-02-11 00:00:00+00:00,1.7792319,0.5736
BTCUSDT,2020-02-12 00:00:00+00:00,1.79208365,0.5693
BTCUSDT,2020-02-13 00:00:00+00:00,1.76851563,0.5772
BTCUSDT,2020-02-14 00:00:00+00:00,1.7883096,0.5706
BTCUSDT,2020-02-15 00:00:00+00:00,1.71075719,0.5964
BTCUSDT,2020-02-16 00:00:00+00:00,1.71695434,0.5943
BTCUSDT,2020-02-17 00:00:00+00:00,1.67061779,0.6098
BTCUSDT,2020-02-18 00:00:00+00:00,1.75425426,0.5819
BTCUSDT,2020-02-19 00:00:00+00:00,1.65794069,0.614
BTCUSDT,2020-02-20 00:00:00+00:00,1.65435215,0.6152
BTCUSDT,2020-02-21 00:00:00+00:00,1.66881312,0.6104
BTCUSDT,2020-02-22 00:00:00+00:00,1.66379813,0.6121
BTCUSDT,2020-02-23 00:00:00+00:00,1.71384131,0.5954
BTCUSDT,2020-02-24 00:00:00+00:00,1.65765413,0.6141
BTCUSDT,2020-02-25 00:00:00+00:00,1.60369037,0.6321
BTCUSDT,2020-02-26 00:00:00+00:00,1.51151916,0.6628
BTCUSDT,2020-02-27 00:00:00+00:00,1.50901158,0.6637
BTCUSDT,2020-02-28 00:00:00+00:00,1.50435395,0.6652
BTCUSDT,2020-02-29 00:00:00+00:00,1.47581569,0.6747
BTCUSDT,2020-03-01 00:00:00+00:00,1.46928146,0.6769
BTCUSDT,2020-03-02 00:00:00+00:00,1.53109223,0.6563
BTCUSDT,2020-03-03 00:00:00+00:00,1.50704354,0.6643
BTCUSDT,2020-03-04 00:00:00+00:00,1.50859699,0.6638
BTCUSDT,2020-03-05 00:00:00+00:00,1.56090164,0.6464
BTCUSDT,2020-03-06 00:00:00+00:00,1.57478419,0.6417
BTCUSDT,2020-03-07 00:00:00+00:00,1.53210003,0.656
BTCUSDT,2020-03-08 00:00:00+00:00,1.39731984,0.7009
BTCUSDT,2020-03-09 00:00:00+00:00,1.36296685,0.7123
BTCUSDT,2020-03-10 00:00:00+00:00,1.3667676,0.7111
BTCUSDT,2020-03-11 00:00:00+00:00,1.37532279,0.7082
BTCUSDT,2020-03-12 00:00:00+00:00,0.87746909,0.8742
BTCUSDT,2020-03-13 00:00:00+00:00,1.00230839,0.8326
BTCUSDT,2020-03-14 00:00:00+00:00,0.91943052,0.8602
BTCUSDT,2020-03-15 00:00:00+00:00,0.9586443,0.8471
BTCUSDT,2020-03-16 00:00:00+00:00,0.9005596,0.8665
BTCUSDT,2020-03-17 00:00:00+00:00,0.97465625,0.8418
BTCUSDT,2020-03-18 00:00:00+00:00,0.97098752,0.843
BTCUSDT,2020-03-19 00:00:00+00:00,1.11612479,0.7946
BTCUSDT,2020-03-20 00:00:00+00:00,1.11275432,0.7957
BTCUSDT,2020-03-21 00:00:00+00:00,1.11317824,0.7956
BTCUSDT,2020-03-22 00:00:00+00:00,1.05120625,0.8163
BTCUSDT,2020-03-23 00:00:00+00:00,1.16908967,0.777
BTCUSDT,2020-03-24 00:00:00+00:00,1.21902362,0.7603
BTCUSDT,2020-03-25 00:00:00+00:00,1.20405859,0.7653
BTCUSDT,2020-03-26 00:00:00+00:00,1.21539093,0.7615
BTCUSDT,2020-03-27 00:00:00+00:00,1.168733,0.7771
BTCUSDT,2020-03-28 00:00:00+00:00,1.12273873,0.7924
BTCUSDT,2020-03-29 00:00:00+00:00,1.06488351,0.8117
BTCUSDT,2020-03-30 00:00:00+00:00,1.16111925,0.7796
BTCUSDT,2020-03-31 00:00:00+00:00,1.16086021,0.7797
BTCUSDT,2020-04-01 00:00:00+00:00,1.20232747,0.7659
BTCUSDT,2020-04-02 00:00:00+00:00,1.2293196,0.7569
BTCUSDT,2020-04-03 00:00:00+00:00,1.22207588,0.7593
BTCUSDT,2020-04-04 00:00:00+00:00,1.24154011,0.7528
BTCUSDT,2020-04-05 00:00:00+00:00,1.22896481,0.757
BTCUSDT,2020-04-06 00:00:00+00:00,1.31870276,0.7271
BTCUSDT,2020-04-07 00:00:00+00:00,1.29919781,0.7336
BTCUSDT,2020-04-08 00:00:00+00:00,1.33180003,0.7227
BTCUSDT,2020-04-09 00:00:00+00:00,1.3184332,0.7272
BTCUSDT,2020-04-10 00:00:00+00:00,1.24393645,0.752
BTCUSDT,2020-04-11 00:00:00+00:00,1.24828502,0.7506
BTCUSDT,2020-04-12 00:00:00+00:00,1.26554137,0.7448
BTCUSDT,2020-04-13 00:00:00+00:00,1.24500204,0.7517
BTCUSDT,2020-04-14 00:00:00+00:00,1.24727346,0.7509
BTCUSDT,2020-04-15 00:00:00+00:00,1.20252464,0.7658
BTCUSDT,2020-04-16 00:00:00+00:00,1.29329091,0.7356
BTCUSDT,2020-04-17 00:00:00+00:00,1.28483033,0.7384
BTCUSDT,2020-04-18 00:00:00+00:00,1.31739282,0.7275
BTCUSDT,2020-04-19 00:00:00+00:00,1.29699559,0.7343
BTCUSDT,2020-04-20 00:00:00+00:00,1.24397211,0.752
BTCUSDT,2020-04-21 00:00:00+00:00,1.2473842,0.7509
BTCUSDT,2020-04-22 00:00:00+00:00,1.29301523,0.7357
BTCUSDT,2020-04-23 00:00:00+00:00,1.35798226,0.714
BTCUSDT,2020-04-24 00:00:00+00:00,1.3603772,0.7132
BTCUSDT,2020-04-25 00:00:00+00:00,1.36573263,0.7114
BTCUSDT,2020-04-26 00:00:00+00:00,1.39182404,0.7027
BTCUSDT,2020-04-27 00:00:00+00:00,1.40592618,0.698
BTCUSDT,2020-04-28 00:00:00+00:00,1.40416612,0.6986
BTCUSDT,2020-04-29 00:00:00+00:00,1.57124906,0.6429
BTCUSDT,2020-04-30 00:00:00+00:00,1.54783671,0.6507
BTCUSDT,2020-05-01 00:00:00+00:00,1.58149669,0.6395
BTCUSDT,2020-05-02 00:00:00+00:00,1.60183196,0.6327
BTCUSDT,2020-05-03 00:00:00+00:00,1.58639791,0.6379
BTCUSDT,2020-05-04 00:00:00+00:00,1.58241067,0.6392
BTCUSDT,2020-05-05 00:00:00+00:00,1.59959352,0.6335
BTCUSDT,2020-05-06 00:00:00+00:00,1.64574813,0.6181
BTCUSDT,2020-05-07 00:00:00+00:00,1.76246608,0.5792
BTCUSDT,2020-05-08 00:00:00+00:00,1.73504927,0.5883
BTCUSDT,2020-05-09 00:00:00+00:00,1.68527866,0.6049
BTCUSDT,2020-05-10 00:00:00+00:00,1.53444392,0.6552
BTCUSDT,2020-05-11 00:00:00+00:00,1.51427708,0.6619
BTCUSDT,2020-05-12 00:00:00+00:00,1.55398556,0.6487
BTCUSDT,2020-05-13 00:00:00+00:00,1.64026769,0.6199
BTCUSDT,2020-05-14 00:00:00+00:00,1.72149026,0.5928
BTCUSDT,2020-05-15 00:00:00+00:00,1.63770129,0.6208
BTCUSDT,2020-05-16 00:00:00+00:00,1.64923495,0.6169
BTCUSDT,2020-05-17 00:00:00+00:00,1.69855053,0.6005
BTCUSDT,2020-05-18 00:00:00+00:00,1.7030904,0.599
BTCUSDT,2020-05-19 00:00:00+00:00,1.70545218,0.5982
BTCUSDT,2020-05-20 00:00:00+00:00,1.66337697,0.6122
BTCUSDT,2020-05-21 00:00:00+00:00,1.58611169,0.638
BTCUSDT,2020-05-22 00:00:00+00:00,1.60231403,0.6326
BTCUSDT,2020-05-23 00:00:00+00:00,1.60568496,0.6314
BTCUSDT,2020-05-24 00:00:00+00:00,1.54008682,0.6533
BTCUSDT,2020-05-25 00:00:00+00:00,1.55903037,0.647
BTCUSDT,2020-05-26 00:00:00+00:00,1.54624899,0.6513
BTCUSDT,2020-05-27 00:00:00+00:00,1.60359036,0.6321
BTCUSDT,2020-05-28 00:00:00+00:00,1.67222784,0.6093
BTCUSDT,2020-05-29 00:00:00+00:00,1.64770853,0.6174
BTCUSDT,2020-05-30 00:00:00+00:00,1.69215433,0.6026
BTCUSDT,2020-05-31 00:00:00+00:00,1.64704955,0.6177
BTCUSDT,2020-06-01 00:00:00+00:00,1.77456298,0.5751
BTCUSDT,2020-06-02 00:00:00+00:00,1.65555855,0.6148
BTCUSDT,2020-06-03 00:00:00+00:00,1.67699652,0.6077
BTCUSDT,2020-06-04 00:00:00+00:00,1.70498933,0.5983
BTCUSDT,2020-06-05 00:00:00+00:00,1.67491159,0.6084
BTCUSDT,2020-06-06 00:00:00+00:00,1.67895972,0.607
BTCUSDT,2020-06-07 00:00:00+00:00,1.69210512,0.6026
BTCUSDT,2020-06-08 00:00:00+00:00,1.6929366,0.6024
BTCUSDT,2020-06-09 00:00:00+00:00,1.69357425,0.6021
BTCUSDT,2020-06-10 00:00:00+00:00,1.71128591,0.5962
BTCUSDT,2020-06-11 00:00:00+00:00,1.60651966,0.6312
BTCUSDT,2020-06-12 00:00:00+00:00,1.63695561,0.621
BTCUSDT,2020-06-13 00:00:00+00:00,1.63756141,0.6208
BTCUSDT,2020-06-14 00:00:00+00:00,1.61687359,0.6277
BTCUSDT,2020-06-15 00:00:00+00:00,1.63326898,0.6222
BTCUSDT,2020-06-16 00:00:00+00:00,1.64602728,0.618
BTCUSDT,2020-06-17 00:00:00+00:00,1.63347313,0.6222
BTCUSDT,2020-06-18 00:00:00+00:00,1.61930293,0.6269
BTCUSDT,2020-06-19 00:00:00+00:00,1.601515,0.6328
BTCUSDT,2020-06-20 00:00:00+00:00,1.61343538,0.6289
BTCUSDT,2020-06-21 00:00:00+00:00,1.6005863,0.6331
BTCUSDT,2020-06-22 00:00:00+00:00,1.66795041,0.6107
BTCUSDT,2020-06-23 00:00:00+00:00,1.65453862,0.6152
BTCUSDT,2020-06-24 00:00:00+00:00,1.60043802,0.6332
BTCUSDT,2020-06-25 00:00:00+00:00,1.59283584,0.6357
BTCUSDT,2020-06-26 00:00:00+00:00,1.57369557,0.6421
BTCUSDT,2020-06-27 00:00:00+00:00,1.5467905,0.6511
BTCUSDT,2020-06-28 00:00:00+00:00,1.56486434,0.645
BTCUSDT,2020-06-29 00:00:00+00:00,1.57752462,0.6408
BTCUSDT,2020-06-30 00:00:00+00:00,1.56990039,0.6434
BTCUSDT,2020-07-01 00:00:00+00:00,1.5861884,0.6379
BTCUSDT,2020-07-02 00:00:00+00:00,1.56106575,0.6463
BTCUSDT,2020-07-03 00:00:00+00:00,1.5561961,0.6479
BTCUSDT,2020-07-04 00:00:00+00:00,1.56620843,0.6446
BTCUSDT,2020-07-05 00:00:00+00:00,1.55815127,0.6473
BTCUSDT,2020-07-06 00:00:00+00:00,1.60183713,0.6327
BTCUSDT,2020-07-07 00:00:00+00:00,1.58667765,0.6378
BTCUSDT,2020-07-08 00:00:00+00:00,1.61561301,0.6281
BTCUSDT,2020-07-09 00:00:00+00:00,1.58050888,0.6398
BTCUSDT,2020-07-10 00:00:00+00:00,1.58940706,0.6369
BTCUSDT,2020-07-11 00:00:00+00:00,1.58104284,0.6397
BTCUSDT,2020-07-12 00:00:00+00:00,1.58969582,0.6368
BTCUSDT,2020-07-13 00:00:00+00:00,1.58057885,0.6398
BTCUSDT,2020-07-14 00:00:00+00:00,1.58381858,0.6387
BTCUSDT,2020-07-15 00:00:00+00:00,1.57234112,0.6426
BTCUSDT,2020-07-16 00:00:00+00:00,1.56130786,0.6462
BTCUSDT,2020-07-17 00:00:00+00:00,1.56536628,0.6449
BTCUSDT,2020-07-18 00:00:00+00:00,1.56854068,0.6438
BTCUSDT,2020-07-19 00:00:00+00:00,1.57544863,0.6415
BTCUSDT,2020-07-20 00:00:00+00:00,1.56656719,0.6445
BTCUSDT,2020-07-21 00:00:00+00:00,1.6036542,0.6321
BTCUSDT,2020-07-22 00:00:00+00:00,1.62670582,0.6244
BTCUSDT,2020-07-23 00:00:00+00:00,1.6387837,0.6204
BTCUSDT,2020-07-24 00:00:00+00:00,1.62771038,0.6241
BTCUSDT,2020-07-25 00:00:00+00:00,1.6530963,0.6156
BTCUSDT,2020-07-26 00:00:00+00:00,1.69125357,0.6029
BTCUSDT,2020-07-27 00:00:00+00:00,1.87222939,0.5426
BTCUSDT,2020-07-28 00:00:00+00:00,1.84950049,0.5502
BTCUSDT,2020-07-29 00:00:00+00:00,1.87484925,0.5417
BTCUSDT,2020-07-30 00:00:00+00:00,1.87475515,0.5417
BTCUSDT,2020-07-31 00:00:00+00:00,1.90517626,0.5316
BTCUSDT,2020-08-01 00:00:00+00:00,1.97908671,0.507
BTCUSDT,2020-08-02 00:00:00+00:00,1.8599879,0.5467
BTCUSDT,2020-08-03 00:00:00+00:00,1.87772343,0.5408
BTCUSDT,2020-08-04 00:00:00+00:00,1.87038652,0.5432
BTCUSDT,2020-08-05 00:00:00+00:00,1.95126913,0.5162
BTCUSDT,2020-08-06 00:00:00+00:00,1.95155359,0.5161
BTCUSDT,2020-08-07 00:00:00+00:00,1.91764781,0.5275
BTCUSDT,2020-08-08 00:00:00+00:00,1.93742923,0.5209
BTCUSDT,2020-08-09 00:00:00+00:00,1.92470744,0.5251
BTCUSDT,2020-08-10 00:00:00+00:00,1.95320633,0.5156
BTCUSDT,2020-08-11 00:00:00+00:00,1.87194792,0.5427
BTCUSDT,2020-08-12 00:00:00+00:00,1.89982911,0.5334
BTCUSDT,2020-08-13 00:00:00+00:00,1.92924287,0.5236
BTCUSDT,2020-08-14 00:00:00+00:00,1.9265623,0.5245
BTCUSDT,2020-08-15 00:00:00+00:00,1.93989709,0.52
BTCUSDT,2020-08-16 00:00:00+00:00,1.94366153,0.5188
BTCUSDT,2020-08-17 00:00:00+00:00,2.00437877,0.4985
BTCUSDT,2020-08-18 00:00:00+00:00,1.95013602,0.5166
BTCUSDT,2020-08-19 00:00:00+00:00,1.90751141,0.5308
BTCUSDT,2020-08-20 00:00:00+00:00,1.92666487,0.5244
BTCUSDT,2020-08-21 00:00:00+00:00,1.86965642,0.5434
BTCUSDT,2020-08-22 00:00:00+00:00,1.89433444,0.5352
BTCUSDT,2020-08-23 00:00:00+00:00,1.89095764,0.5363
BTCUSDT,2020-08-24 00:00:00+00:00,1.90603293,0.5313
BTCUSDT,2020-08-25 00:00:00+00:00,1.83853818,0.5538
BTCUSDT,2020-08-26 00:00:00+00:00,1.8556766,0.5481
BTCUSDT,2020-08-27 00:00:00+00:00,1.82960462,0.5568
BTCUSDT,2020-08-28 00:00:00+00:00,1.86186629,0.546
BTCUSDT,2020-08-29 00:00:00+00:00,1.85563351,0.5481
BTCUSDT,2020-08-30 00:00:00+00:00,1.88762446,0.5375
BTCUSDT,2020-08-31 00:00:00+00:00,1.88187726,0.5394
BTCUSDT,2020-09-01 00:00:00+00:00,1.92471346,0.5251
BTCUSDT,2020-09-02 00:00:00+00:00,1.83478767,0.5551
BTCUSDT,2020-09-03 00:00:00+00:00,1.65212902,0.616
BTCUSDT,2020-09-04 00:00:00+00:00,1.68560929,0.6048
BTCUSDT,2020-09-05 00:00:00+00:00,1.63131545,0.6229
BTCUSDT,2020-09-06 00:00:00+00:00,1.65140122,0.6162
BTCUSDT,2020-09-07 00:00:00+00:00,1.67005527,0.61
BTCUSDT,2020-09-08 00:00:00+00:00,1.62894233,0.6237
BTCUSDT,2020-09-09 00:00:00+00:00,1.64757745,0.6175
BTCUSDT,2020-09-10 00:00:00+00:00,1.66531058,0.6116
BTCUSDT,2020-09-11 00:00:00+00:00,1.67381361,0.6087
BTCUSDT,2020-09-12 00:00:00+00:00,1.68190081,0.606
BTCUSDT,2020-09-13 00:00:00+00:00,1.66341746,0.6122
BTCUSDT,2020-09-14 00:00:00+00:00,1.71735678,0.5942
BTCUSDT,2020-09-15 00:00:00+00:00,1.7348274,0.5884
BTCUSDT,2020-09-16 00:00:00+00:00,1.76292263,0.579
BTCUSDT,2020-09-17 00:00:00+00:00,1.75667708,0.5811
BTCUSDT,2020-09-18 00:00:00+00:00,1.75269523,0.5824
BTCUSDT,2020-09-19 00:00:00+00:00,1.77573693,0.5748
BTCUSDT,2020-09-20 00:00:00+00:00,1.75066035,0.5831
BTCUSDT,2020-09-21 00:00:00+00:00,1.67690819,0.6077
BTCUSDT,2020-09-22 00:00:00+00:00,1.68568673,0.6048
BTCUSDT,2020-09-23 00:00:00+00:00,1.64062817,0.6198
BTCUSDT,2020-09-24 00:00:00+00:00,1.72053475,0.5932
BTCUSDT,2020-09-25 00:00:00+00:00,1.71066582,0.5964
BTCUSDT,2020-09-26 00:00:00+00:00,1.71935636,0.5935
BTCUSDT,2020-09-27 00:00:00+00:00,1.72167524,0.5928
BTCUSDT,2020-09-28 00:00:00+00:00,1.71621999,0.5946
BTCUSDT,2020-09-29 00:00:00+00:00,1.73140353,0.5895
BTCUSDT,2020-09-30 00:00:00+00:00,1.71995233,0.5933
BTCUSDT,2020-10-01 00:00:00+00:00,1.69356781,0.6021
BTCUSDT,2020-10-02 00:00:00+00:00,1.68748627,0.6042
BTCUSDT,2020-10-03 00:00:00+00:00,1.68506329,0.605
BTCUSDT,2020-10-04 00:00:00+00:00,1.70216949,0.5993
BTCUSDT,2020-10-05 00:00:00+00:00,1.71835152,0.5939
BTCUSDT,2020-10-06 00:00:00+00:00,1.69012311,0.6033
BTCUSDT,2020-10-07 00:00:00+00:00,1.70039927,0.5999
BTCUSDT,2020-10-08 00:00:00+00:00,1.73638098,0.5879
BTCUSDT,2020-10-09 00:00:00+00:00,1.76179817,0.5794
BTCUSDT,2020-10-10 00:00:00+00:00,1.79700041,0.5677
BTCUSDT,2020-10-11 00:00:00+00:00,1.80770338,0.5641
BTCUSDT,2020-10-12 00:00:00+00:00,1.83284911,0.5557
BTCUSDT,2020-10-13 00:00:00+00:00,1.81348383,0.5622
BTCUSDT,2020-10-14 00:00:00+00:00,1.80880169,0.5637
BTCUSDT,2020-10-15 00:00:00+00:00,1.82050458,0.5598
BTCUSDT,2020-10-16 00:00:00+00:00,1.7940757,0.5686
BTCUSDT,2020-10-17 00:00:00+00:00,1.79732641,0.5676
BTCUSDT,2020-10-18 00:00:00+00:00,1.81665683,0.5611
BTCUSDT,2020-10-19 00:00:00+00:00,1.85166488,0.5494
BTCUSDT,2020-10-20 00:00:00+00:00,1.87699868,0.541
BTCUSDT,2020-10-21 00:00:00+00:00,2.013415,0.4955
BTCUSDT,2020-10-22 00:00:00+00:00,2.02018679,0.4933
BTCUSDT,2020-10-23 00:00:00+00:00,2.00849858,0.4972
BTCUSDT,2020-10-24 00:00:00+00:00,2.02902772,0.4903
BTCUSDT,2020-10-25 00:00:00+00:00,2.01568826,0.4948
BTCUSDT,2020-10-26 00:00:00+00:00,2.01954164,0.4935
BTCUSDT,2020-10-27 00:00:00+00:00,2.10370037,0.4654
BTCUSDT,2020-10-28 00:00:00+00:00,2.04049323,0.4865
BTCUSDT,2020-10-29 00:00:00+00:00,2.06357066,0.4788
BTCUSDT,2020-10-30 00:00:00+00:00,2.0801745,0.4733
BTCUSDT,2020-10-31 00:00:00+00:00,2.10747626,0.4642
BTCUSDT,2020-11-01 00:00:00+00:00,2.09316771,0.4689
BTCUSDT,2020-11-02 00:00:00+00:00,2.06586073,0.478
BTCUSDT,2020-11-03 00:00:00+00:00,2.09497527,0.4683
BTCUSDT,2020-11-04 00:00:00+00:00,2.10823433,0.4639
BTCUSDT,2020-11-05 00:00:00+00:00,2.30749272,0.3975
BTCUSDT,2020-11-06 00:00:00+00:00,2.29919169,0.4003
BTCUSDT,2020-11-07 00:00:00+00:00,2.18711473,0.4376
BTCUSDT,2020-11-08 00:00:00+00:00,2.26976446,0.4101
BTCUSDT,2020-11-09 00:00:00+00:00,2.23751677,0.4208
BTCUSDT,2020-11-10 00:00:00+00:00,2.23228692,0.4226
BTCUSDT,2020-11-11 00:00:00+00:00,2.28563276,0.4048
BTCUSDT,2020-11-12 00:00:00+00:00,2.35643005,0.3812
BTCUSDT,2020-11-13 00:00:00+00:00,2.35455292,0.3818
BTCUSDT,2020-11-14 00:00:00+00:00,2.317866766319,0.394
BTCUSDT,2020-11-15 00:00:00+00:00,2.29883051,0.4004
BTCUSDT,2020-11-16 00:00:00+00:00,2.39979607,0.3667
BTCUSDT,2020-11-17 00:00:00+00:00,2.51738625,0.3275
BTCUSDT,2020-11-18 00:00:00+00:00,2.51023261,0.3299
BTCUSDT,2020-11-19 00:00:00+00:00,2.504430386254,0.3319
BTCUSDT,2020-11-20 00:00:00+00:00,2.596127396527,0.3013
BTCUSDT,2020-11-21 00:00:00+00:00,2.589987418208,0.3033
BTCUSDT,2020-11-22 00:00:00+00:00,2.55377715,0.3154
BTCUSDT,2020-11-23 00:00:00+00:00,2.52775968,0.3241
BTCUSDT,2020-11-24 00:00:00+00:00,2.61774563,0.2941
BTCUSDT,2020-11-25 00:00:00+00:00,2.555478063978,0.3148
BTCUSDT,2020-11-26 00:00:00+00:00,2.326869284941,0.391
BTCUSDT,2020-11-27 00:00:00+00:00,2.31953985,0.3935
BTCUSDT,2020-11-28 00:00:00+00:00,2.40313103,0.3656
BTCUSDT,2020-11-29 00:00:00+00:00,2.45853128,0.3472
BTCUSDT,2020-11-30 00:00:00+00:00,2.63721867,0.2876
BTCUSDT,2020-12-01 00:00:00+00:00,2.51290662,0.329
BTCUSDT,2020-12-02 00:00:00+00:00,2.55197705,0.316
BTCUSDT,2020-12-03 00:00:00+00:00,2.57495934,0.3083
BTCUSDT,2020-12-04 00:00:00+00:00,2.47230116,0.3426
BTCUSDT,2020-12-05 00:00:00+00:00,2.51909742,0.327
BTCUSDT,2020-12-06 00:00:00+00:00,2.54722977,0.3176
BTCUSDT,2020-12-07 00:00:00+00:00,2.51748691,0.3275
BTCUSDT,2020-12-08 00:00:00+00:00,2.40341294,0.3655
BTCUSDT,2020-12-09 00:00:00+00:00,2.422360712922,0.3592
BTCUSDT,2020-12-10 00:00:00+00:00,2.38235433,0.3725
BTCUSDT,2020-12-11 00:00:00+00:00,2.34803699,0.384
BTCUSDT,2020-12-12 00:00:00+00:00,2.43833504,0.3539
BTCUSDT,2020-12-13 00:00:00+00:00,2.46411643,0.3453
BTCUSDT,2020-12-14 00:00:00+00:00,2.474236613553,0.3419
BTCUSDT,2020-12-15 00:00:00+00:00,2.48407194,0.3386
BTCUSDT,2020-12-16 00:00:00+00:00,2.70395115,0.2653
BTCUSDT,2020-12-17 00:00:00+00:00,2.838980097189,0.2203
BTCUSDT,2020-12-18 00:00:00+00:00,2.82221791,0.2259
BTCUSDT,2020-12-19 00:00:00+00:00,2.906877174893,0.1977
BTCUSDT,2020-12-20 00:00:00+00:00,2.850832494921,0.2164
BTCUSDT,2020-12-21 00:00:00+00:00,2.76690892,0.2444
BTCUSDT,2020-12-22 00:00:00+00:00,2.831513764707,0.2228
BTCUSDT,2020-12-23 00:00:00+00:00,2.75180066,0.2494
BTCUSDT,2020-12-24 00:00:00+00:00,2.77320466,0.2423
BTCUSDT,2020-12-25 00:00:00+00:00,2.87742129,0.2075
BTCUSDT,2020-12-26 00:00:00+00:00,3.06732801,0.1442
BTCUSDT,2020-12-27 00:00:00+00:00,3.033869719213,0.1554
BTCUSDT,2020-12-28 00:00:00+00:00,3.03336124,0.1555
BTCUSDT,2020-12-29 00:00:00+00:00,3.00690895,0.1644
BTCUSDT,2020-12-30 00:00:00+00:00,3.14848763,0.1172
BTCUSDT,2020-12-31 00:00:00+00:00,3.140996404211,0.1197
BTCUSDT,2021-01-01 00:00:00+00:00,3.145922773591,0.118
BTCUSDT,2021-01-02 00:00:00+00:00,3.36183826,0.0461
BTCUSDT,2021-01-03 00:00:00+00:00,3.43360474,0.0221
BTCUSDT,2021-01-04 00:00:00+00:00,3.2392637,0.0869
BTCUSDT,2021-01-05 00:00:00+00:00,3.40781574,0.0307
BTCUSDT,2021-01-06 00:00:00+00:00,3.60095708,0.0
BTCUSDT,2021-01-07 00:00:00+00:00,3.742047073313,0.0
BTCUSDT,2021-01-08 00:00:00+00:00,3.78863874,0.0
BTCUSDT,2021-01-09 00:00:00+00:00,3.6883279,0.0
BTCUSDT,2021-01-10 00:00:00+00:00,3.47615243,0.0079
BTCUSDT,2021-01-11 00:00:00+00:00,3.17723254,0.1076
BTCUSDT,2021-01-12 00:00:00+00:00,3.024579234512,0.1585
BTCUSDT,2021-01-13 00:00:00+00:00,3.31893271605,0.0604
BTCUSDT,2021-01-14 00:00:00+00:00,3.43968572,0.0201
BTCUSDT,2021-01-15 00:00:00+00:00,3.21691863,0.0944
BTCUSDT,2021-01-16 00:00:00+00:00,3.16002808,0.1133
BTCUSDT,2021-01-17 00:00:00+00:00,3.14208979,0.1193
BTCUSDT,2021-01-18 00:00:00+00:00,3.16789734,0.1107
BTCUSDT,2021-01-19 00:00:00+00:00,3.12779915,0.1241
BTCUSDT,2021-01-20 00:00:00+00:00,3.05640832,0.1479
BTCUSDT,2021-01-21 00:00:00+00:00,2.671999724485,0.276
BTCUSDT,2021-01-22 00:00:00+00:00,2.83570647,0.2214
BTCUSDT,2021-01-23 00:00:00+00:00,2.75080418,0.2497
BTCUSDT,2021-01-24 00:00:00+00:00,2.763770318383,0.2454
BTCUSDT,2021-01-25 00:00:00+00:00,2.777191691556,0.2409
BTCUSDT,2021-01-26 00:00:00+00:00,2.79160837,0.2361
BTCUSDT,2021-01-27 00:00:00+00:00,2.58416695,0.3053
BTCUSDT,2021-01-28 00:00:00+00:00,2.83537151,0.2215
BTCUSDT,2021-01-29 00:00:00+00:00,2.87127647,0.2096
BTCUSDT,2021-01-30 00:00:00+00:00,2.878188037248,0.2073
BTCUSDT,2021-01-31 00:00:00+00:00,2.77012967,0.2433
BTCUSDT,2021-02-01 00:00:00+00:00,2.798474060738,0.2338
BTCUSDT,2021-02-02 00:00:00+00:00,2.95247741,0.1825
BTCUSDT,2021-02-03 00:00:00+00:00,3.10161426,0.1328
BTCUSDT,2021-02-04 00:00:00+00:00,3.046232040351,0.1513
BTCUSDT,2021-02-05 00:00:00+00:00,3.09428668,0.1352
BTCUSDT,2021-02-06 00:00:00+00:00,3.18428793,0.1052
BTCUSDT,2021-02-07 00:00:00+00:00,3.141200247585,0.1196
BTCUSDT,2021-02-08 00:00:00+00:00,3.65741696,0.0
BTCUSDT,2021-02-09 00:00:00+00:00,3.61855022,0.0
BTCUSDT,2021-02-10 00:00:00+00:00,3.46683384,0.0111
BTCUSDT,2021-02-11 00:00:00+00:00,3.64585169,0.0
BTCUSDT,2021-02-12 00:00:00+00:00,3.57975153,0.0
BTCUSDT,2021-02-13 00:00:00+00:00,3.54773666,0.0
BTCUSDT,2021-02-14 00:00:00+00:00,3.65475277,0.0
BTCUSDT,2021-02-15 00:00:00+00:00,3.56148121,0.0
BTCUSDT,2021-02-16 00:00:00+00:00,3.6125173,0.0
BTCUSDT,2021-02-17 00:00:00+00:00,3.79432537,0.0
BTCUSDT,2021-02-18 00:00:00+00:00,3.70969063,0.0
BTCUSDT,2021-02-19 00:00:00+00:00,3.90986635,0.0
BTCUSDT,2021-02-20 00:00:00+00:00,3.87796973,0.0
BTCUSDT,2021-02-21 00:00:00+00:00,3.95810037,0.0
BTCUSDT,2021-02-22 00:00:00+00:00,3.68695731,0.0
BTCUSDT,2021-02-23 00:00:00+00:00,3.28933195,0.0702
BTCUSDT,2021-02-24 00:00:00+00:00,3.32994398,0.0567
BTCUSDT,2021-02-25 00:00:00+00:00,3.17682646,0.1077
BTCUSDT,2021-02-26 00:00:00+00:00,3.06572143,0.1448
BTCUSDT,2021-02-27 00:00:00+00:00,3.04478896,0.1517
BTCUSDT,2021-02-28 00:00:00+00:00,3.00886446,0.1637
BTCUSDT,2021-03-01 00:00:00+00:00,3.269931,0.0767
BTCUSDT,2021-03-02 00:00:00+00:00,3.17061495,0.1098
BTCUSDT,2021-03-03 00:00:00+00:00,3.3135168,0.0622
BTCUSDT,2021-03-04 00:00:00+00:00,3.161905493951,0.1127
BTCUSDT,2021-03-05 00:00:00+00:00,3.17106851,0.1096
BTCUSDT,2021-03-06 00:00:00+00:00,3.175929809802,0.108
BTCUSDT,2021-03-07 00:00:00+00:00,3.30549961,0.0648
BTCUSDT,2021-03-08 00:00:00+00:00,3.35002291,0.05
BTCUSDT,2021-03-09 00:00:00+00:00,3.49855563203,0.0005
BTCUSDT,2021-03-10 00:00:00+00:00,3.56293331,0.0
BTCUSDT,2021-03-11 00:00:00+00:00,3.63177042,0.0
BTCUSDT,2021-03-12 00:00:00+00:00,3.570586382096,0.0
BTCUSDT,2021-03-13 00:00:00+00:00,3.78957634,0.0
BTCUSDT,2021-03-14 00:00:00+00:00,3.68484058,0.0
BTCUSDT,2021-03-15 00:00:00+00:00,3.43735753,0.0209
BTCUSDT,2021-03-16 00:00:00+00:00,3.44231318,0.0192
BTCUSDT,2021-03-17 00:00:00+00:00,3.55383882,0.0
BTCUSDT,2021-03-18 00:00:00+00:00,3.48651656,0.0045
BTCUSDT,2021-03-19 00:00:00+00:00,3.50341884,0.0
BTCUSDT,2021-03-20 00:00:00+00:00,3.49731896,0.0009
BTCUSDT,2021-03-21 00:00:00+00:00,3.440164039174,0.0199
BTCUSDT,2021-03-22 00:00:00+00:00,3.25092326,0.083
BTCUSDT,2021-03-23 00:00:00+00:00,3.23614304,0.088
BTCUSDT,2021-03-24 00:00:00+00:00,3.11041886,0.1299
BTCUSDT,2021-03-25 00:00:00+00:00,3.03612207,0.1546
BTCUSDT,2021-03-26 00:00:00+00:00,3.20883079,0.0971
BTCUSDT,2021-03-27 00:00:00+00:00,3.26897077,0.077
BTCUSDT,2021-03-28 00:00:00+00:00,3.24472988,0.0851
BTCUSDT,2021-03-29 00:00:00+00:00,3.33795673,0.054
BTCUSDT,2021-03-30 00:00:00+00:00,3.38330063,0.0389
BTCUSDT,2021-03-31 00:00:00+00:00,3.375535019449,0.0415
BTCUSDT,2021-04-01 00:00:00+00:00,3.35598363,0.048
BTCUSDT,2021-04-02 00:00:00+00:00,3.35413045,0.0486
BTCUSDT,2021-04-03 00:00:00+00:00,3.25187507,0.0827
BTCUSDT,2021-04-04 00:00:00+00:00,3.298301283114,0.0672
BTCUSDT,2021-04-05 00:00:00+00:00,3.32023402,0.0599
BTCUSDT,2021-04-06 00:00:00+00:00,3.22914317,0.0903
BTCUSDT,2021-04-07 00:00:00+00:00,3.12214094,0.126
BTCUSDT,2021-04-08 00:00:00+00:00,3.2057806,0.0981
BTCUSDT,2021-04-09 00:00:00+00:00,3.203576140634,0.0988
BTCUSDT,2021-04-10 00:00:00+00:00,3.27565104,0.0748
BTCUSDT,2021-04-11 00:00:00+00:00,3.28353702,0.0722
BTCUSDT,2021-04-12 00:00:00+00:00,3.26759859,0.0775
BTCUSDT,2021-04-13 00:00:00+00:00,3.43453079,0.0218
BTCUSDT,2021-04-14 00:00:00+00:00,3.37622405,0.0413
BTCUSDT,2021-04-15 00:00:00+00:00,3.37419883,0.0419
BTCUSDT,2021-04-16 00:00:00+00:00,3.27664917,0.0745
BTCUSDT,2021-04-17 00:00:00+00:00,3.19962738,0.1001
BTCUSDT,2021-04-18 00:00:00+00:00,2.959841879616,0.1801
BTCUSDT,2021-04-19 00:00:00+00:00,2.92575459,0.1914
BTCUSDT,2021-04-20 00:00:00+00:00,2.95532944,0.1816
BTCUSDT,2021-04-21 00:00:00+00:00,2.82653587,0.2245
BTCUSDT,2021-04-22 00:00:00+00:00,2.70960708,0.2635
BTCUSDT,2021-04-23 00:00:00+00:00,2.65915763,0.2803
BTCUSDT,2021-04-24 00:00:00+00:00,2.61911452,0.2936
BTCUSDT,2021-04-25 00:00:00+00:00,2.54988868,0.3167
BTCUSDT,2021-04-26 00:00:00+00:00,2.79947785,0.2335
BTCUSDT,2021-04-27 00:00:00+00:00,2.84255929,0.2191
BTCUSDT,2021-04-28 00:00:00+00:00,2.82520447,0.2249
BTCUSDT,2021-04-29 00:00:00+00:00,2.75289848,0.249
BTCUSDT,2021-04-30 00:00:00+00:00,2.9509244,0.183
BTCUSDT,2021-05-01 00:00:00+00:00,2.95232813,0.1826
BTCUSDT,2021-05-02 00:00:00+00:00,2.88247785,0.2058
BTCUSDT,2021-05-03 00:00:00+00:00,2.90918692,0.1969
BTCUSDT,2021-05-04 00:00:00+00:00,2.72676307,0.2577
BTCUSDT,2021-05-05 00:00:00+00:00,2.90068009,0.1998
BTCUSDT,2021-05-06 00:00:00+00:00,2.845644398322,0.2181
BTCUSDT,2021-05-07 00:00:00+00:00,2.86911512,0.2103
BTCUSDT,2021-05-08 00:00:00+00:00,2.93389162,0.1887
BTCUSDT,2021-05-09 00:00:00+00:00,2.90472472,0.1984
BTCUSDT,2021-05-10 00:00:00+00:00,2.78208874,0.2393
BTCUSDT,2021-05-11 00:00:00+00:00,2.81280636,0.2291
BTCUSDT,2021-05-12 00:00:00+00:00,2.528710162627,0.3238
BTCUSDT,2021-05-13 00:00:00+00:00,2.4489477,0.3504
BTCUSDT,2021-05-14 00:00:00+00:00,2.47934018,0.3402
BTCUSDT,2021-05-15 00:00:00+00:00,2.33381396,0.3887
BTCUSDT,2021-05-16 00:00:00+00:00,2.2838578,0.4054
BTCUSDT,2021-05-17 00:00:00+00:00,2.16428882,0.4452
BTCUSDT,2021-05-18 00:00:00+00:00,2.13179763,0.4561
BTCUSDT,2021-05-19 00:00:00+00:00,1.88892076,0.537
BTCUSDT,2021-05-20 00:00:00+00:00,2.05205637,0.4826
BTCUSDT,2021-05-21 00:00:00+00:00,1.87448768,0.5418
BTCUSDT,2021-05-22 00:00:00+00:00,1.90162942,0.5328
BTCUSDT,2021-05-23 00:00:00+00:00,1.75890282,0.5804
BTCUSDT,2021-05-24 00:00:00+00:00,1.94867935,0.5171
BTCUSDT,2021-05-25 00:00:00+00:00,1.93329011,0.5222
BTCUSDT,2021-05-26 00:00:00+00:00,1.97886373,0.507
BTCUSDT,2021-05-27 00:00:00+00:00,1.94636165,0.5179
BTCUSDT,2021-05-28 00:00:00+00:00,1.80279078,0.5657
BTCUSDT,2021-05-29 00:00:00+00:00,1.75819515,0.5806
BTCUSDT,2021-05-30 00:00:00+00:00,1.80573948,0.5648
BTCUSDT,2021-05-31 00:00:00+00:00,1.88939041,0.5369
BTCUSDT,2021-06-01 00:00:00+00:00,1.85490761,0.5484
BTCUSDT,2021-06-02 00:00:00+00:00,1.905098964141,0.5316
BTCUSDT,2021-06-03 00:00:00+00:00,1.9791401,0.507
BTCUSDT,2021-06-04 00:00:00+00:00,1.866853639007,0.5444
BTCUSDT,2021-06-05 00:00:00+00:00,1.79378368,0.5687
BTCUSDT,2021-06-06 00:00:00+00:00,1.81038933,0.5632
BTCUSDT,2021-06-07 00:00:00+00:00,1.71255578,0.5958
BTCUSDT,2021-06-08 00:00:00+00:00,1.7042113,0.5986
BTCUSDT,2021-06-09 00:00:00+00:00,1.89766024,0.5341
BTCUSDT,2021-06-10 00:00:00+00:00,1.87120729,0.5429
BTCUSDT,2021-06-11 00:00:00+00:00,1.88860664,0.5371
BTCUSDT,2021-06-12 00:00:00+00:00,1.81254069,0.5625
BTCUSDT,2021-06-13 00:00:00+00:00,1.976225,0.5079
BTCUSDT,2021-06-14 00:00:00+00:00,2.04984505,0.4834
BTCUSDT,2021-06-15 00:00:00+00:00,2.03798688,0.4873
BTCUSDT,2021-06-16 00:00:00+00:00,1.937890111061,0.5207
BTCUSDT,2021-06-17 00:00:00+00:00,1.927486814795,0.5242
BTCUSDT,2021-06-18 00:00:00+00:00,1.812458657444,0.5625
BTCUSDT,2021-06-19 00:00:00+00:00,1.805038478086,0.565
BTCUSDT,2021-06-20 00:00:00+00:00,1.807459745287,0.5642
BTCUSDT,2021-06-21 00:00:00+00:00,1.615498500377,0.6282
BTCUSDT,2021-06-22 00:00:00+00:00,1.651499802307,0.6162
BTCUSDT,2021-06-23 00:00:00+00:00,1.713698226674,0.5954
BTCUSDT,2021-06-24 00:00:00+00:00,1.766672167447,0.5778
BTCUSDT,2021-06-25 00:00:00+00:00,1.630917169218,0.623
BTCUSDT,2021-06-26 00:00:00+00:00,1.643033945428,0.619
BTCUSDT,2021-06-27 00:00:00+00:00,1.776255857109,0.5746
BTCUSDT,2021-06-28 00:00:00+00:00,1.769776037417,0.5767
BTCUSDT,2021-06-29 00:00:00+00:00,1.849675862855,0.5501
BTCUSDT,2021-06-30 00:00:00+00:00,1.805586334557,0.5648
BTCUSDT,2021-07-01 00:00:00+00:00,1.727368166727,0.5909
BTCUSDT,2021-07-02 00:00:00+00:00,1.746141242195,0.5846
BTCUSDT,2021-07-03 00:00:00+00:00,1.787452030946,0.5708
BTCUSDT,2021-07-04 00:00:00+00:00,1.8265447061,0.5578
BTCUSDT,2021-07-05 00:00:00+00:00,1.752492211228,0.5825
BTCUSDT,2021-07-06 00:00:00+00:00,1.763785729615,0.5787
BTCUSDT,2021-07-07 00:00:00+00:00,1.753796589122,0.5821
BTCUSDT,2021-07-08 00:00:00+00:00,1.697989573018,0.6007
BTCUSDT,2021-07-09 00:00:00+00:00,1.754049012631,0.582
BTCUSDT,2021-07-10 00:00:00+00:00,1.738516988105,0.5872
BTCUSDT,2021-07-11 00:00:00+00:00,1.771750243299,0.5761
BTCUSDT,2021-07-12 00:00:00+00:00,1.713116506244,0.5956
BTCUSDT,2021-07-13 00:00:00+00:00,1.688811469688,0.6037
BTCUSDT,2021-07-14 00:00:00+00:00,1.697934967437,0.6007
BTCUSDT,2021-07-15 00:00:00+00:00,1.643649164372,0.6188
BTCUSDT,2021-07-16 00:00:00+00:00,1.63221452573,0.6226
BTCUSDT,2021-07-17 00:00:00+00:00,1.630400402935,0.6232
BTCUSDT,2021-07-18 00:00:00+00:00,1.639258220118,0.6202
BTCUSDT,2021-07-19 00:00:00+00:00,1.597725750094,0.6341
BTCUSDT,2021-07-20 00:00:00+00:00,1.540648215719,0.6531
BTCUSDT,2021-07-21 00:00:00+00:00,1.661721371109,0.6128
BTCUSDT,2021-07-22 00:00:00+00:00,1.670492594499,0.6098
BTCUSDT,2021-07-23 00:00:00+00:00,1.732406654257,0.5892
BTCUSDT,2021-07-24 00:00:00+00:00,1.769606297066,0.5768
BTCUSDT,2021-07-25 00:00:00+00:00,1.81848487747,0.5605
BTCUSDT,2021-07-26 00:00:00+00:00,1.93010945385,0.5233
BTCUSDT,2021-07-27 00:00:00+00:00,2.001791162085,0.4994
BTCUSDT,2021-07-28 00:00:00+00:00,2.033833059073,0.4887
BTCUSDT,2021-07-29 00:00:00+00:00,2.017407304464,0.4942
BTCUSDT,2021-07-30 00:00:00+00:00,2.099162197424,0.4669
BTCUSDT,2021-07-31 00:00:00+00:00,2.098153113059,0.4673
BTCUSDT,2021-08-01 00:00:00+00:00,2.006838470091,0.4977
BTCUSDT,2021-08-02 00:00:00+00:00,1.972933571383,0.509
BTCUSDT,2021-08-03 00:00:00+00:00,1.922865034712,0.5257
BTCUSDT,2021-08-04 00:00:00+00:00,1.995697932518,0.5014
BTCUSDT,2021-08-05 00:00:00+00:00,2.052274774394,0.4826
BTCUSDT,2021-08-06 00:00:00+00:00,2.140827816615,0.4531
BTCUSDT,2021-08-07 00:00:00+00:00,2.222890074166,0.4257
BTCUSDT,2021-08-08 00:00:00+00:00,2.195821362505,0.4347
BTCUSDT,2021-08-09 00:00:00+00:00,2.303684409546,0.3988
BTCUSDT,2021-08-10 00:00:00+00:00,2.261488524708,0.4128
BTCUSDT,2021-08-11 00:00:00+00:00,2.268172978331,0.4106
BTCUSDT,2021-08-12 00:00:00+00:00,2.20343699514,0.4322
BTCUSDT,2021-08-13 00:00:00+00:00,2.362590119037,0.3791
BTCUSDT,2021-08-14 00:00:00+00:00,2.327809478249,0.3907
BTCUSDT,2021-08-15 00:00:00+00:00,2.323985756424,0.392
BTCUSDT,2021-08-16 00:00:00+00:00,2.268193061802,0.4106
BTCUSDT,2021-08-17 00:00:00+00:00,2.204708913004,0.4318
BTCUSDT,2021-08-18 00:00:00+00:00,2.213680687968,0.4288
BTCUSDT,2021-08-19 00:00:00+00:00,2.293129661764,0.4023
BTCUSDT,2021-08-20 00:00:00+00:00,2.414499299985,0.3618
BTCUSDT,2021-08-21 00:00:00+00:00,2.403261370099,0.3656
BTCUSDT,2021-08-22 00:00:00+00:00,2.414996575605,0.3617
BTCUSDT,2021-08-23 00:00:00+00:00,2.420040085444,0.36
BTCUSDT,2021-08-24 00:00:00+00:00,2.33794635096,0.3874
BTCUSDT,2021-08-25 00:00:00+00:00,2.379019545564,0.3737
BTCUSDT,2021-08-26 00:00:00+00:00,2.287786761638,0.4041
BTCUSDT,2021-08-27 00:00:00+00:00,2.375147501066,0.375
BTCUSDT,2021-08-28 00:00:00+00:00,2.363961726236,0.3787
BTCUSDT,2021-08-29 00:00:00+00:00,2.367277866365,0.3776
BTCUSDT,2021-08-30 00:00:00+00:00,2.277961082403,0.4073
BTCUSDT,2021-08-31 00:00:00+00:00,2.280110865221,0.4066
BTCUSDT,2021-09-01 00:00:00+00:00,2.346384601556,0.3845
BTCUSDT,2021-09-02 00:00:00+00:00,2.375035051723,0.375
BTCUSDT,2021-09-03 00:00:00+00:00,2.395390356338,0.3682
BTCUSDT,2021-09-04 00:00:00+00:00,2.395772281636,0.3681
BTCUSDT,2021-09-05 00:00:00+00:00,2.480946695916,0.3397
BTCUSDT,2021-09-06 00:00:00+00:00,2.51931377876,0.3269
BTCUSDT,2021-09-07 00:00:00+00:00,2.245742480847,0.4181
BTCUSDT,2021-09-08 00:00:00+00:00,2.213572688033,0.4288
BTCUSDT,2021-09-09 00:00:00+00:00,2.222094260363,0.426
BTCUSDT,2021-09-10 00:00:00+00:00,2.142454311237,0.4525
BTCUSDT,2021-09-11 00:00:00+00:00,2.157808262825,0.4474
BTCUSDT,2021-09-12 00:00:00+00:00,2.208217016174,0.4306
BTCUSDT,2021-09-13 00:00:00+00:00,2.151863481078,0.4494
BTCUSDT,2021-09-14 00:00:00+00:00,2.245175277381,0.4183
BTCUSDT,2021-09-15 00:00:00+00:00,2.293761212961,0.4021
BTCUSDT,2021-09-16 00:00:00+00:00,2.273981867172,0.4087
BTCUSDT,2021-09-17 00:00:00+00:00,2.244949537952,0.4184
BTCUSDT,2021-09-18 00:00:00+00:00,2.290426705637,0.4032
BTCUSDT,2021-09-19 00:00:00+00:00,2.242941684172,0.419
BTCUSDT,2021-09-20 00:00:00+00:00,2.040586287582,0.4865
BTCUSDT,2021-09-21 00:00:00+00:00,1.933233183973,0.5223
BTCUSDT,2021-09-22 00:00:00+00:00,2.075944471859,0.4747
BTCUSDT,2021-09-23 00:00:00+00:00,2.135308888042,0.4549
BTCUSDT,2021-09-24 00:00:00+00:00,2.038939778388,0.487
BTCUSDT,2021-09-25 00:00:00+00:00,2.035666539997,0.4881
BTCUSDT,2021-09-26 00:00:00+00:00,2.040529522117,0.4865
BTCUSDT,2021-09-27 00:00:00+00:00,2.010425564687,0.4965
BTCUSDT,2021-09-28 00:00:00+00:00,1.951689041262,0.5161
BTCUSDT,2021-09-29 00:00:00+00:00,1.962665363543,0.5124
BTCUSDT,2021-09-30 00:00:00+00:00,2.069864321133,0.4767
BTCUSDT,2021-10-01 00:00:00+00:00,2.26565626698,0.4114
BTCUSDT,2021-10-02 00:00:00+00:00,2.248711046277,0.4171
BTCUSDT,2021-10-03 00:00:00+00:00,2.266397740964,0.4112
BTCUSDT,2021-10-04 00:00:00+00:00,2.31284262096,0.3957
BTCUSDT,2021-10-05 00:00:00+00:00,2.411845063946,0.3627
BTCUSDT,2021-10-06 00:00:00+00:00,2.572944325306,0.309
BTCUSDT,2021-10-07 00:00:00+00:00,2.490026710036,0.3367
BTCUSDT,2021-10-08 00:00:00+00:00,2.492000787508,0.336
BTCUSDT,2021-10-09 00:00:00+00:00,2.538238578635,0.3206
BTCUSDT,2021-10-10 00:00:00+00:00,2.520123658863,0.3266
BTCUSDT,2021-10-11 00:00:00+00:00,2.631558646637,0.2895
BTCUSDT,2021-10-12 00:00:00+00:00,2.574418652958,0.3085
BTCUSDT,2021-10-13 00:00:00+00:00,2.620098281333,0.2933
BTCUSDT,2021-10-14 00:00:00+00:00,2.613922367304,0.2954
BTCUSDT,2021-10-15 00:00:00+00:00,2.783786506255,0.2387
BTCUSDT,2021-10-16 00:00:00+00:00,2.755061819188,0.2483
BTCUSDT,2021-10-17 00:00:00+00:00,2.775039217832,0.2417
BTCUSDT,2021-10-18 00:00:00+00:00,2.778276503838,0.2406
BTCUSDT,2021-10-19 00:00:00+00:00,2.86843851115,0.2105
BTCUSDT,2021-10-20 00:00:00+00:00,2.928317326688,0.1906
BTCUSDT,2021-10-21 00:00:00+00:00,2.756592260011,0.2478
BTCUSDT,2021-10-22 00:00:00+00:00,2.683021944048,0.2723
BTCUSDT,2021-10-23 00:00:00+00:00,2.702488997272,0.2658
BTCUSDT,2021-10-24 00:00:00+00:00,2.679080716831,0.2736
BTCUSDT,2021-10-25 00:00:00+00:00,2.761945352578,0.246
BTCUSDT,2021-10-26 00:00:00+00:00,2.643400963823,0.2855
BTCUSDT,2021-10-27 00:00:00+00:00,2.563731148388,0.3121
BTCUSDT,2021-10-28 00:00:00+00:00,2.64447556709,0.2852
BTCUSDT,2021-10-29 00:00:00+00:00,2.709231626512,0.2636
BTCUSDT,2021-10-30 00:00:00+00:00,2.6854484387,0.2715
BTCUSDT,2021-10-31 00:00:00+00:00,2.660031269082,0.28
BTCUSDT,2021-11-01 00:00:00+00:00,2.639313472843,0.2869
BTCUSDT,2021-11-02 00:00:00+00:00,2.705646798155,0.2648
BTCUSDT,2021-11-03 00:00:00+00:00,2.692667749587,0.2691
BTCUSDT,2021-11-04 00:00:00+00:00,2.624435938698,0.2919
BTCUSDT,2021-11-05 00:00:00+00:00,2.601770640962,0.2994
BTCUSDT,2021-11-06 00:00:00+00:00,2.617491647791,0.2942
BTCUSDT,2021-11-07 00:00:00+00:00,2.682304638596,0.2726
BTCUSDT,2021-11-08 00:00:00+00:00,2.854649564891,0.2151
BTCUSDT,2021-11-09 00:00:00+00:00,2.82534877502,0.2249
BTCUSDT,2021-11-10 00:00:00+00:00,2.721054645529,0.2596
BTCUSDT,2021-11-11 00:00:00+00:00,2.723236415073,0.2589
BTCUSDT,2021-11-12 00:00:00+00:00,2.650242500833,0.2833
BTCUSDT,2021-11-13 00:00:00+00:00,2.661045965713,0.2797
BTCUSDT,2021-11-14 00:00:00+00:00,2.684880108371,0.2717
BTCUSDT,2021-11-15 00:00:00+00:00,2.626068388319,0.2913
BTCUSDT,2021-11-16 00:00:00+00:00,2.481173720882,0.3396
BTCUSDT,2021-11-17 00:00:00+00:00,2.470657927214,0.3431
BTCUSDT,2021-11-18 00:00:00+00:00,2.337640428663,0.3875
BTCUSDT,2021-11-19 00:00:00+00:00,2.386216999692,0.3713
BTCUSDT,2021-11-20 00:00:00+00:00,2.455017801074,0.3483
BTCUSDT,2021-11-21 00:00:00+00:00,2.424879879847,0.3584
BTCUSDT,2021-11-22 00:00:00+00:00,2.319018826324,0.3937
BTCUSDT,2021-11-23 00:00:00+00:00,2.368765838495,0.3771
BTCUSDT,2021-11-24 00:00:00+00:00,2.346842971087,0.3844
BTCUSDT,2021-11-25 00:00:00+00:00,2.404923210419,0.365
BTCUSDT,2021-11-26 00:00:00+00:00,2.198435955413,0.4339
BTCUSDT,2021-11-27 00:00:00+00:00,2.23272965194,0.4224
BTCUSDT,2021-11-28 00:00:00+00:00,2.336711996385,0.3878
BTCUSDT,2021-11-29 00:00:00+00:00,2.35943908323,0.3802
BTCUSDT,2021-11-30 00:00:00+00:00,2.324578694477,0.3918
BTCUSDT,2021-12-01 00:00:00+00:00,2.324286205718,0.3919
BTCUSDT,2021-12-02 00:00:00+00:00,2.300196624281,0.3999
BTCUSDT,2021-12-03 00:00:00+00:00,2.184991514137,0.4383
BTCUSDT,2021-12-04 00:00:00+00:00,2.009166960477,0.4969
BTCUSDT,2021-12-05 00:00:00+00:00,2.016818310956,0.4944
BTCUSDT,2021-12-06 00:00:00+00:00,2.067537537544,0.4775
BTCUSDT,2021-12-07 00:00:00+00:00,2.064377234197,0.4785
BTCUSDT,2021-12-08 00:00:00+00:00,2.06171865801,0.4794
BTCUSDT,2021-12-09 00:00:00+00:00,1.960546627964,0.5132
BTCUSDT,2021-12-10 00:00:00+00:00,1.941373722658,0.5195
BTCUSDT,2021-12-11 00:00:00+00:00,2.016910635367,0.4944
BTCUSDT,2021-12-12 00:00:00+00:00,2.049751176277,0.4834
BTCUSDT,2021-12-13 00:00:00+00:00,1.915299897932,0.5282
BTCUSDT,2021-12-14 00:00:00+00:00,1.974877505476,0.5084
BTCUSDT,2021-12-15 00:00:00+00:00,1.995926977652,0.5014
BTCUSDT,2021-12-16 00:00:00+00:00,1.94871973203,0.5171
BTCUSDT,2021-12-17 00:00:00+00:00,1.896526938461,0.5345
BTCUSDT,2021-12-18 00:00:00+00:00,1.919525855516,0.5268
BTCUSDT,2021-12-19 00:00:00+00:00,1.918249189772,0.5273
BTCUSDT,2021-12-20 00:00:00+00:00,1.922187343668,0.5259
BTCUSDT,2021-12-21 00:00:00+00:00,2.007205377658,0.4976
BTCUSDT,2021-12-22 00:00:00+00:00,1.990870317874,0.503
BTCUSDT,2021-12-23 00:00:00+00:00,2.070150565572,0.4766
BTCUSDT,2021-12-24 00:00:00+00:00,2.071634649338,0.4761
BTCUSDT,2021-12-25 00:00:00+00:00,2.064057745187,0.4786
BTCUSDT,2021-12-26 00:00:00+00:00,2.071542317446,0.4762
BTCUSDT,2021-12-27 00:00:00+00:00,2.070718360007,0.4764
BTCUSDT,2021-12-28 00:00:00+00:00,1.945824586517,0.5181
BTCUSDT,2021-12-29 00:00:00+00:00,1.898459995686,0.5338
BTCUSDT,2021-12-30 00:00:00+00:00,1.923609297095,0.5255
BTCUSDT,2021-12-31 00:00:00+00:00,1.893385603418,0.5355
BTCUSDT,2022-01-01 00:00:00+00:00,1.941966039424,0.5193
BTCUSDT,2022-01-02 00:00:00+00:00,1.933497096507,0.5222
BTCUSDT,2022-01-03 00:00:00+00:00,1.897502355497,0.5342
BTCUSDT,2022-01-04 00:00:00+00:00,1.876886228678,0.541
BTCUSDT,2022-01-05 00:00:00+00:00,1.782277170897,0.5726
BTCUSDT,2022-01-06 00:00:00+00:00,1.768057798633,0.5773
BTCUSDT,2022-01-07 00:00:00+00:00,1.704571291459,0.5985
BTCUSDT,2022-01-08 00:00:00+00:00,1.71699299406,0.5943
BTCUSDT,2022-01-09 00:00:00+00:00,1.72082066082,0.5931
BTCUSDT,2022-01-10 00:00:00+00:00,1.718638590786,0.5938
BTCUSDT,2022-01-11 00:00:00+00:00,1.758039861455,0.5807
BTCUSDT,2022-01-12 00:00:00+00:00,1.805597050184,0.5648
BTCUSDT,2022-01-13 00:00:00+00:00,1.752041588022,0.5827
BTCUSDT,2022-01-14 00:00:00+00:00,1.771675205411,0.5761
BTCUSDT,2022-01-15 00:00:00+00:00,1.775752274618,0.5747
BTCUSDT,2022-01-16 00:00:00+00:00,1.774015355513,0.5753
BTCUSDT,2022-01-17 00:00:00+00:00,1.73630676024,0.5879
BTCUSDT,2022-01-18 00:00:00+00:00,1.745911520714,0.5847
BTCUSDT,2022-01-19 00:00:00+00:00,1.721981468557,0.5927
BTCUSDT,2022-01-20 00:00:00+00:00,1.681574639726,0.6061
BTCUSDT,2022-01-21 00:00:00+00:00,1.514790775018,0.6617
BTCUSDT,2022-01-22 00:00:00+00:00,1.455165902925,0.6816
BTCUSDT,2022-01-23 00:00:00+00:00,1.508378975549,0.6639
BTCUSDT,2022-01-24 00:00:00+00:00,1.526343091945,0.6579
BTCUSDT,2022-01-25 00:00:00+00:00,1.538880544803,0.6537
BTCUSDT,2022-01-26 00:00:00+00:00,1.534660000135,0.6551
BTCUSDT,2022-01-27 00:00:00+00:00,1.543763850705,0.6521
BTCUSDT,2022-01-28 00:00:00+00:00,1.576577931046,0.6411
BTCUSDT,2022-01-29 00:00:00+00:00,1.592485103381,0.6358
BTCUSDT,2022-01-30 00:00:00+00:00,1.589486377439,0.6368
BTCUSDT,2022-01-31 00:00:00+00:00,1.609690053329,0.6301
BTCUSDT,2022-02-01 00:00:00+00:00,1.61452774476,0.6285
BTCUSDT,2022-02-02 00:00:00+00:00,1.539179072383,0.6536
BTCUSDT,2022-02-03 00:00:00+00:00,1.544771260316,0.6517
BTCUSDT,2022-02-04 00:00:00+00:00,1.709053357873,0.597
BTCUSDT,2022-02-05 00:00:00+00:00,1.726159971835,0.5913
BTCUSDT,2022-02-06 00:00:00+00:00,1.760874145144,0.5797
BTCUSDT,2022-02-07 00:00:00+00:00,1.821609827046,0.5595
BTCUSDT,2022-02-08 00:00:00+00:00,1.831529736531,0.5562
BTCUSDT,2022-02-09 00:00:00+00:00,1.840095004198,0.5533
BTCUSDT,2022-02-10 00:00:00+00:00,1.806667830508,0.5644
BTCUSDT,2022-02-11 00:00:00+00:00,1.754236923972,0.5819
BTCUSDT,2022-02-12 00:00:00+00:00,1.745950590083,0.5847
BTCUSDT,2022-02-13 00:00:00+00:00,1.746704565079,0.5844
BTCUSDT,2022-02-14 00:00:00+00:00,1.765131690456,0.5783
BTCUSDT,2022-02-15 00:00:00+00:00,1.839746953131,0.5534
BTCUSDT,2022-02-16 00:00:00+00:00,1.820760197081,0.5597
BTCUSDT,2022-02-17 00:00:00+00:00,1.680750155719,0.6064
BTCUSDT,2022-02-18 00:00:00+00:00,1.658393382535,0.6139
BTCUSDT,2022-02-19 00:00:00+00:00,1.660632849962,0.6131
BTCUSDT,2022-02-20 00:00:00+00:00,1.597672365828,0.6341
BTCUSDT,2022-02-21 00:00:00+00:00,1.53935959409,0.6535
BTCUSDT,2022-02-22 00:00:00+00:00,1.585255941769,0.6382
BTCUSDT,2022-02-23 00:00:00+00:00,1.548559725335,0.6505
BTCUSDT,2022-02-24 00:00:00+00:00,1.589005849792,0.637
BTCUSDT,2022-02-25 00:00:00+00:00,1.632120546767,0.6226
BTCUSDT,2022-02-26 00:00:00+00:00,1.621580052318,0.6261
BTCUSDT,2022-02-27 00:00:00+00:00,1.564733720961,0.6451
BTCUSDT,2022-02-28 00:00:00+00:00,1.785886675274,0.5714
BTCUSDT,2022-03-01 00:00:00+00:00,1.831088158538,0.5563
BTCUSDT,2022-03-02 00:00:00+00:00,1.815856076135,0.5614
BTCUSDT,2022-03-03 00:00:00+00:00,1.753487692697,0.5822
BTCUSDT,2022-03-04 00:00:00+00:00,1.617160596022,0.6276
BTCUSDT,2022-03-05 00:00:00+00:00,1.62862859109,0.6238
BTCUSDT,2022-03-06 00:00:00+00:00,1.588284555745,0.6372
BTCUSDT,2022-03-07 00:00:00+00:00,1.578754463552,0.6404
BTCUSDT,2022-03-08 00:00:00+00:00,1.603838311539,0.6321
BTCUSDT,2022-03-09 00:00:00+00:00,1.735654059064,0.5881
BTCUSDT,2022-03-10 00:00:00+00:00,1.630630592506,0.6231
BTCUSDT,2022-03-11 00:00:00+00:00,1.605299073538,0.6316
BTCUSDT,2022-03-12 00:00:00+00:00,1.610487025913,0.6298
BTCUSDT,2022-03-13 00:00:00+00:00,1.563583025151,0.6455
BTCUSDT,2022-03-14 00:00:00+00:00,1.638923579978,0.6204
BTCUSDT,2022-03-15 00:00:00+00:00,1.62739184969,0.6242
BTCUSDT,2022-03-16 00:00:00+00:00,1.697348146346,0.6009
BTCUSDT,2022-03-17 00:00:00+00:00,1.69308040701,0.6023
BTCUSDT,2022-03-18 00:00:00+00:00,1.727490580808,0.5908
BTCUSDT,2022-03-19 00:00:00+00:00,1.742021306446,0.586
BTCUSDT,2022-03-20 00:00:00+00:00,1.705071792374,0.5983
BTCUSDT,2022-03-21 00:00:00+00:00,1.695351371558,0.6015
BTCUSDT,2022-03-22 00:00:00+00:00,1.748109505852,0.584
BTCUSDT,2022-03-23 00:00:00+00:00,1.761428760821,0.5795
BTCUSDT,2022-03-24 00:00:00+00:00,1.810651634482,0.5631
BTCUSDT,2022-03-25 00:00:00+00:00,1.816863848057,0.561
BTCUSDT,2022-03-26 00:00:00+00:00,1.823441620909,0.5589
BTCUSDT,2022-03-27 00:00:00+00:00,1.912928867709,0.529
BTCUSDT,2022-03-28 00:00:00+00:00,1.926069685862,0.5246
BTCUSDT,2022-03-29 00:00:00+00:00,1.931857269809,0.5227
BTCUSDT,2022-03-30 00:00:00+00:00,1.916462997871,0.5278
BTCUSDT,2022-03-31 00:00:00+00:00,1.854211355144,0.5486
BTCUSDT,2022-04-01 00:00:00+00:00,1.880179566094,0.5399
BTCUSDT,2022-04-02 00:00:00+00:00,1.867666383452,0.5441
BTCUSDT,2022-04-03 00:00:00+00:00,1.886983002157,0.5377
BTCUSDT,2022-04-04 00:00:00+00:00,1.894586551764,0.5351
BTCUSDT,2022-04-05 00:00:00+00:00,1.855218925189,0.5483
BTCUSDT,2022-04-06 00:00:00+00:00,1.760916830916,0.5797
BTCUSDT,2022-04-07 00:00:00+00:00,1.771822948566,0.5761
BTCUSDT,2022-04-08 00:00:00+00:00,1.718699748527,0.5938
BTCUSDT,2022-04-09 00:00:00+00:00,1.737109234767,0.5876
BTCUSDT,2022-04-10 00:00:00+00:00,1.720498052487,0.5932
BTCUSDT,2022-04-11 00:00:00+00:00,1.612532718343,0.6292
BTCUSDT,2022-04-12 00:00:00+00:00,1.633029961572,0.6223
BTCUSDT,2022-04-13 00:00:00+00:00,1.6754481725,0.6082
BTCUSDT,2022-04-14 00:00:00+00:00,1.624100214604,0.6253
BTCUSDT,2022-04-15 00:00:00+00:00,1.648615453539,0.6171
BTCUSDT,2022-04-16 00:00:00+00:00,1.645198704281,0.6183
BTCUSDT,2022-04-17 00:00:00+00:00,1.615563193564,0.6281
BTCUSDT,2022-04-18 00:00:00+00:00,1.660587322655,0.6131
BTCUSDT,2022-04-19 00:00:00+00:00,1.68715900189,0.6043
BTCUSDT,2022-04-20 00:00:00+00:00,1.683056618589,0.6056
BTCUSDT,2022-04-21 00:00:00+00:00,1.642192379664,0.6193
BTCUSDT,2022-04-22 00:00:00+00:00,1.614479409264,0.6285
BTCUSDT,2022-04-23 00:00:00+00:00,1.608260125691,0.6306
BTCUSDT,2022-04-24 00:00:00+00:00,1.60550883035,0.6315
BTCUSDT,2022-04-25 00:00:00+00:00,1.644601591866,0.6185
BTCUSDT,2022-04-26 00:00:00+00:00,1.549627067302,0.6501
BTCUSDT,2022-04-27 00:00:00+00:00,1.596095580203,0.6346
BTCUSDT,2022-04-28 00:00:00+00:00,1.617507844772,0.6275
BTCUSDT,2022-04-29 00:00:00+00:00,1.572635096383,0.6425
BTCUSDT,2022-04-30 00:00:00+00:00,1.537292898922,0.6542
BTCUSDT,2022-05-01 00:00:00+00:00,1.567381909459,0.6442
BTCUSDT,2022-05-02 00:00:00+00:00,1.573983130319,0.642
BTCUSDT,2022-05-03 00:00:00+00:00,1.540983434257,0.653
BTCUSDT,2022-05-04 00:00:00+00:00,1.618770611892,0.6271
BTCUSDT,2022-05-05 00:00:00+00:00,1.493350506698,0.6689
BTCUSDT,2022-05-06 00:00:00+00:00,1.476077962977,0.6746
BTCUSDT,2022-05-07 00:00:00+00:00,1.454866736249,0.6817
BTCUSDT,2022-05-08 00:00:00+00:00,1.397053307677,0.701
BTCUSDT,2022-05-09 00:00:00+00:00,1.25746370058,0.7475
BTCUSDT,2022-05-10 00:00:00+00:00,1.282199871846,0.7393
BTCUSDT,2022-05-11 00:00:00+00:00,1.198898869373,0.767
BTCUSDT,2022-05-12 00:00:00+00:00,1.211574517788,0.7628
BTCUSDT,2022-05-13 00:00:00+00:00,1.224580870454,0.7585
BTCUSDT,2022-05-14 00:00:00+00:00,1.254528110725,0.7485
BTCUSDT,2022-05-15 00:00:00+00:00,1.301371234936,0.7329
BTCUSDT,2022-05-16 00:00:00+00:00,1.248816594441,0.7504
BTCUSDT,2022-05-17 00:00:00+00:00,1.272635339124,0.7425
BTCUSDT,2022-05-18 00:00:00+00:00,1.204897921252,0.765
BTCUSDT,2022-05-19 00:00:00+00:00,1.268265640482,0.7439
BTCUSDT,2022-05-20 00:00:00+00:00,1.226785298597,0.7577
BTCUSDT,2022-05-21 00:00:00+00:00,1.235285942059,0.7549
BTCUSDT,2022-05-22 00:00:00+00:00,1.273331088604,0.7422
BTCUSDT,2022-05-23 00:00:00+00:00,1.22293867204,0.759
BTCUSDT,2022-05-24 00:00:00+00:00,1.246431579256,0.7512
BTCUSDT,2022-05-25 00:00:00+00:00,1.244237310755,0.7519
BTCUSDT,2022-05-26 00:00:00+00:00,1.235100855496,0.755
BTCUSDT,2022-05-27 00:00:00+00:00,1.20688817198,0.7644
BTCUSDT,2022-05-28 00:00:00+00:00,1.225163407756,0.7583
BTCUSDT,2022-05-29 00:00:00+00:00,1.241234457517,0.7529
BTCUSDT,2022-05-30 00:00:00+00:00,1.337557348648,0.7208
BTCUSDT,2022-05-31 00:00:00+00:00,1.340327318645,0.7199
BTCUSDT,2022-06-01 00:00:00+00:00,1.258203816602,0.7473
BTCUSDT,2022-06-02 00:00:00+00:00,1.289506254729,0.7368
BTCUSDT,2022-06-03 00:00:00+00:00,1.255277674265,0.7482
BTCUSDT,2022-06-04 00:00:00+00:00,1.261962571345,0.746
BTCUSDT,2022-06-05 00:00:00+00:00,1.26746929363,0.7442
BTCUSDT,2022-06-06 00:00:00+00:00,1.32794694055,0.724
BTCUSDT,2022-06-07 00:00:00+00:00,1.322740859864,0.7258
BTCUSDT,2022-06-08 00:00:00+00:00,1.283418736198,0.7389
BTCUSDT,2022-06-09 00:00:00+00:00,1.278193263932,0.7406
BTCUSDT,2022-06-10 00:00:00+00:00,1.237117043464,0.7543
BTCUSDT,2022-06-11 00:00:00+00:00,1.208249128114,0.7639
BTCUSDT,2022-06-12 00:00:00+00:00,1.144614146671,0.7851
BTCUSDT,2022-06-13 00:00:00+00:00,0.962386955567,0.8459
BTCUSDT,2022-06-14 00:00:00+00:00,0.958749419408,0.8471
BTCUSDT,2022-06-15 00:00:00+00:00,0.982571637347,0.8391
BTCUSDT,2022-06-16 00:00:00+00:00,0.89010384052,0.87
BTCUSDT,2022-06-17 00:00:00+00:00,0.900449527228,0.8665
BTCUSDT,2022-06-18 00:00:00+00:00,0.839761069586,0.8867
BTCUSDT,2022-06-19 00:00:00+00:00,0.905122908176,0.865
BTCUSDT,2022-06-20 00:00:00+00:00,0.909413901996,0.8635
BTCUSDT,2022-06-21 00:00:00+00:00,0.916201262025,0.8613
BTCUSDT,2022-06-22 00:00:00+00:00,0.887627935977,0.8708
BTCUSDT,2022-06-23 00:00:00+00:00,0.936392381423,0.8545
BTCUSDT,2022-06-24 00:00:00+00:00,0.946260674502,0.8512
BTCUSDT,2022-06-25 00:00:00+00:00,0.953541799671,0.8488
BTCUSDT,2022-06-26 00:00:00+00:00,0.93595363596,0.8547
BTCUSDT,2022-06-27 00:00:00+00:00,0.92317584654,0.8589
BTCUSDT,2022-06-28 00:00:00+00:00,0.902427057507,0.8659
BTCUSDT,2022-06-29 00:00:00+00:00,0.895265183982,0.8682
BTCUSDT,2022-06-30 00:00:00+00:00,0.865015984997,0.8783
BTCUSDT,2022-07-01 00:00:00+00:00,0.866810006703,0.8777
BTCUSDT,2022-07-02 00:00:00+00:00,0.862322030966,0.8792
BTCUSDT,2022-07-03 00:00:00+00:00,0.864908319377,0.8784
BTCUSDT,2022-07-04 00:00:00+00:00,0.907445950743,0.8642
BTCUSDT,2022-07-05 00:00:00+00:00,0.906388103368,0.8645
BTCUSDT,2022-07-06 00:00:00+00:00,0.924592307191,0.8585
BTCUSDT,2022-07-07 00:00:00+00:00,0.973646516264,0.8421
BTCUSDT,2022-07-08 00:00:00+00:00,0.981374953634,0.8395
BTCUSDT,2022-07-09 00:00:00+00:00,0.97256585657,0.8425
BTCUSDT,2022-07-10 00:00:00+00:00,0.938937826789,0.8537
BTCUSDT,2022-07-11 00:00:00+00:00,0.903257154365,0.8656
BTCUSDT,2022-07-12 00:00:00+00:00,0.875464077465,0.8748
BTCUSDT,2022-07-13 00:00:00+00:00,0.91248166822,0.8625
BTCUSDT,2022-07-14 00:00:00+00:00,0.931267482062,0.8562
BTCUSDT,2022-07-15 00:00:00+00:00,0.947404727073,0.8509
BTCUSDT,2022-07-16 00:00:00+00:00,0.963942951894,0.8454
BTCUSDT,2022-07-17 00:00:00+00:00,0.947388315858,0.8509
BTCUSDT,2022-07-18 00:00:00+00:00,1.014380417157,0.8285
BTCUSDT,2022-07-19 00:00:00+00:00,1.064015965884,0.812
BTCUSDT,2022-07-20 00:00:00+00:00,1.059545792317,0.8135
BTCUSDT,2022-07-21 00:00:00+00:00,1.055572042956,0.8148
BTCUSDT,2022-07-22 00:00:00+00:00,1.037202359622,0.8209
BTCUSDT,2022-07-23 00:00:00+00:00,1.027767986307,0.8241
BTCUSDT,2022-07-24 00:00:00+00:00,1.035693112787,0.8214
BTCUSDT,2022-07-25 00:00:00+00:00,0.984744106523,0.8384
BTCUSDT,2022-07-26 00:00:00+00:00,0.970493939661,0.8432
BTCUSDT,2022-07-27 00:00:00+00:00,1.048530886503,0.8172
BTCUSDT,2022-07-28 00:00:00+00:00,1.090974652069,0.803
BTCUSDT,2022-07-29 00:00:00+00:00,1.096121570662,0.8013
BTCUSDT,2022-07-30 00:00:00+00:00,1.08119685014,0.8063
BTCUSDT,2022-07-31 00:00:00+00:00,1.06930792552,0.8102
BTCUSDT,2022-08-01 00:00:00+00:00,1.068081818605,0.8106
BTCUSDT,2022-08-02 00:00:00+00:00,1.054827227962,0.8151
BTCUSDT,2022-08-03 00:00:00+00:00,1.044976588452,0.8183
BTCUSDT,2022-08-04 00:00:00+00:00,1.037537603272,0.8208
BTCUSDT,2022-08-05 00:00:00+00:00,1.065899475533,0.8114
BTCUSDT,2022-08-06 00:00:00+00:00,1.054367720796,0.8152
BTCUSDT,2022-08-07 00:00:00+00:00,1.061585802404,0.8128
BTCUSDT,2022-08-08 00:00:00+00:00,1.091208903728,0.8029
BTCUSDT,2022-08-09 00:00:00+00:00,1.064322658536,0.8119
BTCUSDT,2022-08-10 00:00:00+00:00,1.097349862382,0.8009
BTCUSDT,2022-08-11 00:00:00+00:00,1.098103095757,0.8006
BTCUSDT,2022-08-12 00:00:00+00:00,1.118913448413,0.7937
BTCUSDT,2022-08-13 00:00:00+00:00,1.120303000575,0.7932
BTCUSDT,2022-08-14 00:00:00+00:00,1.1152866103,0.7949
BTCUSDT,2022-08-15 00:00:00+00:00,1.105125221321,0.7983
BTCUSDT,2022-08-16 00:00:00+00:00,1.095336349684,0.8016
BTCUSDT,2022-08-17 00:00:00+00:00,1.071575714816,0.8095
BTCUSDT,2022-08-18 00:00:00+00:00,1.066480347068,0.8112
BTCUSDT,2022-08-19 00:00:00+00:00,0.962223516455,0.8459
BTCUSDT,2022-08-20 00:00:00+00:00,0.97348633387,0.8422
BTCUSDT,2022-08-21 00:00:00+00:00,0.99226378976,0.8359
BTCUSDT,2022-08-22 00:00:00+00:00,0.981225385052,0.8396
BTCUSDT,2022-08-23 00:00:00+00:00,0.992293505064,0.8359
BTCUSDT,2022-08-24 00:00:00+00:00,0.987637310218,0.8375
BTCUSDT,2022-08-25 00:00:00+00:00,0.995543286361,0.8348
BTCUSDT,2022-08-26 00:00:00+00:00,0.934524032452,0.8552
BTCUSDT,2022-08-27 00:00:00+00:00,0.925756657439,0.8581
BTCUSDT,2022-08-28 00:00:00+00:00,0.908751979889,0.8637
BTCUSDT,2022-08-29 00:00:00+00:00,0.936300029003,0.8546
BTCUSDT,2022-08-30 00:00:00+00:00,0.91691540216,0.861
BTCUSDT,2022-08-31 00:00:00+00:00,0.926540201628,0.8578
BTCUSDT,2022-09-01 00:00:00+00:00,0.930819103606,0.8564
BTCUSDT,2022-09-02 00:00:00+00:00,0.924346524698,0.8586
BTCUSDT,2022-09-03 00:00:00+00:00,0.917781321543,0.8607
BTCUSDT,2022-09-04 00:00:00+00:00,0.924996509034,0.8583
BTCUSDT,2022-09-05 00:00:00+00:00,0.917682178845,0.8608
BTCUSDT,2022-09-06 00:00:00+00:00,0.874858544608,0.875
BTCUSDT,2022-09-07 00:00:00+00:00,0.895970446823,0.868
BTCUSDT,2022-09-08 00:00:00+00:00,0.897686434169,0.8674
BTCUSDT,2022-09-09 00:00:00+00:00,0.991990113442,0.836
BTCUSDT,2022-09-10 00:00:00+00:00,1.008276774233,0.8306
BTCUSDT,2022-09-11 00:00:00+00:00,1.00926214108,0.8302
BTCUSDT,2022-09-12 00:00:00+00:00,1.038445934441,0.8205
BTCUSDT,2022-09-13 00:00:00+00:00,0.939370352409,0.8535
BTCUSDT,2022-09-14 00:00:00+00:00,0.944134275318,0.852
BTCUSDT,2022-09-15 00:00:00+00:00,0.919794265144,0.8601
BTCUSDT,2022-09-16 00:00:00+00:00,0.922172305414,0.8593
BTCUSDT,2022-09-17 00:00:00+00:00,0.939999035144,0.8533
BTCUSDT,2022-09-18 00:00:00+00:00,0.907953496893,0.864
BTCUSDT,2022-09-19 00:00:00+00:00,0.914684111914,0.8618
BTCUSDT,2022-09-20 00:00:00+00:00,0.88338246827,0.8722
BTCUSDT,2022-09-21 00:00:00+00:00,0.86699153682,0.8777
BTCUSDT,2022-09-22 00:00:00+00:00,0.909510592046,0.8635
BTCUSDT,2022-09-23 00:00:00+00:00,0.90563544045,0.8648
BTCUSDT,2022-09-24 00:00:00+00:00,0.886975013788,0.871
BTCUSDT,2022-09-25 00:00:00+00:00,0.881057004179,0.873
BTCUSDT,2022-09-26 00:00:00+00:00,0.900322536822,0.8666
BTCUSDT,2022-09-27 00:00:00+00:00,0.896561719809,0.8678
BTCUSDT,2022-09-28 00:00:00+00:00,0.913487552122,0.8622
BTCUSDT,2022-09-29 00:00:00+00:00,0.917870607279,0.8607
BTCUSDT,2022-09-30 00:00:00+00:00,0.91356153704,0.8621
BTCUSDT,2022-10-01 00:00:00+00:00,0.907912672634,0.864
BTCUSDT,2022-10-02 00:00:00+00:00,0.894190083633,0.8686
BTCUSDT,2022-10-03 00:00:00+00:00,0.923308111571,0.8589
BTCUSDT,2022-10-04 00:00:00+00:00,0.956568501176,0.8478
BTCUSDT,2022-10-05 00:00:00+00:00,0.948163366006,0.8506
BTCUSDT,2022-10-06 00:00:00+00:00,0.938866609583,0.8537
BTCUSDT,2022-10-07 00:00:00+00:00,0.919983246052,0.86
BTCUSDT,2022-10-08 00:00:00+00:00,0.914595870208,0.8618
BTCUSDT,2022-10-09 00:00:00+00:00,0.915262738221,0.8616
BTCUSDT,2022-10-10 00:00:00+00:00,0.902773565181,0.8657
BTCUSDT,2022-10-11 00:00:00+00:00,0.897697758664,0.8674
BTCUSDT,2022-10-12 00:00:00+00:00,0.904197086018,0.8653
BTCUSDT,2022-10-13 00:00:00+00:00,0.915299590894,0.8616
BTCUSDT,2022-10-14 00:00:00+00:00,0.905697877908,0.8648
BTCUSDT,2022-10-15 00:00:00+00:00,0.900728724487,0.8664
BTCUSDT,2022-10-16 00:00:00+00:00,0.909910910294,0.8634
BTCUSDT,2022-10-17 00:00:00+00:00,0.924678135264,0.8584
BTCUSDT,2022-10-18 00:00:00+00:00,0.91398573907,0.862
BTCUSDT,2022-10-19 00:00:00+00:00,0.904610705933,0.8651
BTCUSDT,2022-10-20 00:00:00+00:00,0.900242542303,0.8666
BTCUSDT,2022-10-21 00:00:00+00:00,0.907143363442,0.8643
BTCUSDT,2022-10-22 00:00:00+00:00,0.909318069409,0.8636
BTCUSDT,2022-10-23 00:00:00+00:00,0.926261633178,0.8579
BTCUSDT,2022-10-24 00:00:00+00:00,0.915784798173,0.8614
BTCUSDT,2022-10-25 00:00:00+00:00,0.951195313284,0.8496
BTCUSDT,2022-10-26 00:00:00+00:00,0.983939477562,0.8387
BTCUSDT,2022-10-27 00:00:00+00:00,0.959624512348,0.8468
BTCUSDT,2022-10-28 00:00:00+00:00,0.975004031923,0.8417
BTCUSDT,2022-10-29 00:00:00+00:00,0.98443454901,0.8385
BTCUSDT,2022-10-30 00:00:00+00:00,0.975832100659,0.8414
BTCUSDT,2022-10-31 00:00:00+00:00,0.97009674747,0.8433
BTCUSDT,2022-11-01 00:00:00+00:00,0.970049689813,0.8433
BTCUSDT,2022-11-02 00:00:00+00:00,0.954490976446,0.8485
BTCUSDT,2022-11-03 00:00:00+00:00,0.956986021054,0.8477
BTCUSDT,2022-11-04 00:00:00+00:00,1.000981821699,0.833
BTCUSDT,2022-11-05 00:00:00+00:00,1.007111287598,0.831
BTCUSDT,2022-11-06 00:00:00+00:00,0.991409279364,0.8362
BTCUSDT,2022-11-07 00:00:00+00:00,0.976088727485,0.8413
BTCUSDT,2022-11-08 00:00:00+00:00,0.880744871078,0.8731
BTCUSDT,2022-11-09 00:00:00+00:00,0.753958696179,0.9153
BTCUSDT,2022-11-10 00:00:00+00:00,0.839903712816,0.8867
BTCUSDT,2022-11-11 00:00:00+00:00,0.811340136624,0.8962
BTCUSDT,2022-11-12 00:00:00+00:00,0.806378353685,0.8979
BTCUSDT,2022-11-13 00:00:00+00:00,0.785273663056,0.9049
BTCUSDT,2022-11-14 00:00:00+00:00,0.801361740695,0.8995
BTCUSDT,2022-11-15 00:00:00+00:00,0.81368542899,0.8954
BTCUSDT,2022-11-16 00:00:00+00:00,0.806089820633,0.898
BTCUSDT,2022-11-17 00:00:00+00:00,0.81024033294,0.8966
BTCUSDT,2022-11-18 00:00:00+00:00,0.818509642211,0.8938
BTCUSDT,2022-11-19 00:00:00+00:00,0.820610369081,0.8931
BTCUSDT,2022-11-20 00:00:00+00:00,0.799184425512,0.9003
BTCUSDT,2022-11-21 00:00:00+00:00,0.777592696604,0.9075
BTCUSDT,2022-11-22 00:00:00+00:00,0.79805211183,0.9006
BTCUSDT,2022-11-23 00:00:00+00:00,0.817451445016,0.8942
BTCUSDT,2022-11-24 00:00:00+00:00,0.81837142484,0.8939
BTCUSDT,2022-11-25 00:00:00+00:00,0.816011276502,0.8947
BTCUSDT,2022-11-26 00:00:00+00:00,0.812740435671,0.8958
BTCUSDT,2022-11-27 00:00:00+00:00,0.812332752733,0.8959
BTCUSDT,2022-11-28 00:00:00+00:00,0.802349876662,0.8992
BTCUSDT,2022-11-29 00:00:00+00:00,0.814147810046,0.8953
BTCUSDT,2022-11-30 00:00:00+00:00,0.850801464317,0.8831
BTCUSDT,2022-12-01 00:00:00+00:00,0.840529289057,0.8865
BTCUSDT,2022-12-02 00:00:00+00:00,0.84670015577,0.8844
BTCUSDT,2022-12-03 00:00:00+00:00,0.838232388894,0.8873
BTCUSDT,2022-12-04 00:00:00+00:00,0.84968361727,0.8834
BTCUSDT,2022-12-05 00:00:00+00:00,0.84468600446,0.8851
BTCUSDT,2022-12-06 00:00:00+00:00,0.850384196971,0.8832
BTCUSDT,2022-12-07 00:00:00+00:00,0.839503933452,0.8868
BTCUSDT,2022-12-08 00:00:00+00:00,0.858945882155,0.8804
BTCUSDT,2022-12-09 00:00:00+00:00,0.854978591377,0.8817
BTCUSDT,2022-12-10 00:00:00+00:00,0.854415449082,0.8819
BTCUSDT,2022-12-11 00:00:00+00:00,0.853211507586,0.8823
BTCUSDT,2022-12-12 00:00:00+00:00,0.858539391858,0.8805
BTCUSDT,2022-12-13 00:00:00+00:00,0.887729303381,0.8708
BTCUSDT,2022-12-14 00:00:00+00:00,0.890254354657,0.8699
BTCUSDT,2022-12-15 00:00:00+00:00,0.86728278142,0.8776
BTCUSDT,2022-12-16 00:00:00+00:00,0.830992951979,0.8897
BTCUSDT,2022-12-17 00:00:00+00:00,0.839657772493,0.8868
BTCUSDT,2022-12-18 00:00:00+00:00,0.839875774864,0.8867
BTCUSDT,2022-12-19 00:00:00+00:00,0.823536056851,0.8922
BTCUSDT,2022-12-20 00:00:00+00:00,0.847633081501,0.8841
BTCUSDT,2022-12-21 00:00:00+00:00,0.843195618816,0.8856
BTCUSDT,2022-12-22 00:00:00+00:00,0.844194325117,0.8853
BTCUSDT,2022-12-23 00:00:00+00:00,0.842886604017,0.8857
BTCUSDT,2022-12-24 00:00:00+00:00,0.84590101132,0.8847
BTCUSDT,2022-12-25 00:00:00+00:00,0.845706555551,0.8848
BTCUSDT,2022-12-26 00:00:00+00:00,0.848591013908,0.8838
BTCUSDT,2022-12-27 00:00:00+00:00,0.8399359586,0.8867
BTCUSDT,2022-12-28 00:00:00+00:00,0.83299277844,0.889
BTCUSDT,2022-12-29 00:00:00+00:00,0.838526883526,0.8872
BTCUSDT,2022-12-30 00:00:00+00:00,0.836965256607,0.8877
BTCUSDT,2022-12-31 00:00:00+00:00,0.835246001939,0.8883
BTCUSDT,2023-01-01 00:00:00+00:00,0.839542831106,0.8868
BTCUSDT,2023-01-02 00:00:00+00:00,0.843780085391,0.8854
BTCUSDT,2023-01-03 00:00:00+00:00,0.843211245785,0.8856
BTCUSDT,2023-01-04 00:00:00+00:00,0.852695347503,0.8824
BTCUSDT,2023-01-05 00:00:00+00:00,0.851818124476,0.8827
BTCUSDT,2023-01-06 00:00:00+00:00,0.858998530318,0.8803
BTCUSDT,2023-01-07 00:00:00+00:00,0.858446501208,0.8805
BTCUSDT,2023-01-08 00:00:00+00:00,0.864443193289,0.8785
BTCUSDT,2023-01-09 00:00:00+00:00,0.870777665108,0.8764
BTCUSDT,2023-01-10 00:00:00+00:00,0.883951640903,0.872
BTCUSDT,2023-01-11 00:00:00+00:00,0.904886150128,0.865
BTCUSDT,2023-01-12 00:00:00+00:00,0.956915395927,0.8477
BTCUSDT,2023-01-13 00:00:00+00:00,1.006737285894,0.8311
BTCUSDT,2023-01-14 00:00:00+00:00,1.063923229924,0.812
BTCUSDT,2023-01-15 00:00:00+00:00,1.056945343653,0.8144
BTCUSDT,2023-01-16 00:00:00+00:00,1.071886746547,0.8094
BTCUSDT,2023-01-17 00:00:00+00:00,1.071274656024,0.8096
BTCUSDT,2023-01-18 00:00:00+00:00,1.047738862359,0.8174
BTCUSDT,2023-01-19 00:00:00+00:00,1.066296173366,0.8112
BTCUSDT,2023-01-20 00:00:00+00:00,1.145445917644,0.7849
BTCUSDT,2023-01-21 00:00:00+00:00,1.152147571819,0.7826
BTCUSDT,2023-01-22 00:00:00+00:00,1.147415859687,0.7842
BTCUSDT,2023-01-23 00:00:00+00:00,1.157946337765,0.7807
BTCUSDT,2023-01-24 00:00:00+00:00,1.14168583391,0.7861
BTCUSDT,2023-01-25 00:00:00+00:00,1.166238508234,0.7779
BTCUSDT,2023-01-26 00:00:00+00:00,1.161820741319,0.7794
BTCUSDT,2023-01-27 00:00:00+00:00,1.165635900125,0.7781
BTCUSDT,2023-01-28 00:00:00+00:00,1.162375118008,0.7792
BTCUSDT,2023-01-29 00:00:00+00:00,1.200618353218,0.7665
BTCUSDT,2023-01-30 00:00:00+00:00,1.15137768201,0.7829
BTCUSDT,2023-01-31 00:00:00+00:00,1.167609671158,0.7775
BTCUSDT,2023-02-01 00:00:00+00:00,1.196241930423,0.7679
BTCUSDT,2023-02-02 00:00:00+00:00,1.184795889398,0.7717
BTCUSDT,2023-02-03 00:00:00+00:00,1.181415746292,0.7729
BTCUSDT,2023-02-04 00:00:00+00:00,1.176437733184,0.7745
BTCUSDT,2023-02-05 00:00:00+00:00,1.156408398602,0.7812
BTCUSDT,2023-02-06 00:00:00+00:00,1.145679319019,0.7848
BTCUSDT,2023-02-07 00:00:00+00:00,1.171652534251,0.7761
BTCUSDT,2023-02-08 00:00:00+00:00,1.154986688723,0.7817
BTCUSDT,2023-02-09 00:00:00+00:00,1.099040577212,0.8003
BTCUSDT,2023-02-10 00:00:00+00:00,1.089446116412,0.8035
BTCUSDT,2023-02-11 00:00:00+00:00,1.101770368949,0.7994
BTCUSDT,2023-02-12 00:00:00+00:00,1.097210551986,0.8009
BTCUSDT,2023-02-13 00:00:00+00:00,1.09866674955,0.8004
BTCUSDT,2023-02-14 00:00:00+00:00,1.119923157609,0.7934
BTCUSDT,2023-02-15 00:00:00+00:00,1.22364317031,0.7588
BTCUSDT,2023-02-16 00:00:00+00:00,1.195012046683,0.7683
BTCUSDT,2023-02-17 00:00:00+00:00,1.237767811543,0.7541
BTCUSDT,2023-02-18 00:00:00+00:00,1.239058645614,0.7536
BTCUSDT,2023-02-19 00:00:00+00:00,1.225347760367,0.7582
BTCUSDT,2023-02-20 00:00:00+00:00,1.246658143379,0.7511
BTCUSDT,2023-02-21 00:00:00+00:00,1.226544841574,0.7578
BTCUSDT,2023-02-22 00:00:00+00:00,1.214898364016,0.7617
BTCUSDT,2023-02-23 00:00:00+00:00,1.20196788302,0.766
BTCUSDT,2023-02-24 00:00:00+00:00,1.165447448567,0.7782
BTCUSDT,2023-02-25 00:00:00+00:00,1.164771417267,0.7784
BTCUSDT,2023-02-26 00:00:00+00:00,1.183865293006,0.772
BTCUSDT,2023-02-27 00:00:00+00:00,1.181751158136,0.7727
BTCUSDT,2023-02-28 00:00:00+00:00,1.165088210397,0.7783
BTCUSDT,2023-03-01 00:00:00+00:00,1.188892073095,0.7704
BTCUSDT,2023-03-02 00:00:00+00:00,1.181929202448,0.7727
BTCUSDT,2023-03-03 00:00:00+00:00,1.126016843463,0.7913
BTCUSDT,2023-03-04 00:00:00+00:00,1.125231451633,0.7916
BTCUSDT,2023-03-05 00:00:00+00:00,1.130220819242,0.7899
BTCUSDT,2023-03-06 00:00:00+00:00,1.130223291427,0.7899
BTCUSDT,2023-03-07 00:00:00+00:00,1.122035533533,0.7927
BTCUSDT,2023-03-08 00:00:00+00:00,1.098460296734,0.8005
BTCUSDT,2023-03-09 00:00:00+00:00,1.031092147146,0.823
BTCUSDT,2023-03-10 00:00:00+00:00,1.026171253096,0.8246
BTCUSDT,2023-03-11 00:00:00+00:00,1.043781214381,0.8187
BTCUSDT,2023-03-12 00:00:00+00:00,1.118453254664,0.7938
BTCUSDT,2023-03-13 00:00:00+00:00,1.222477139001,0.7592
BTCUSDT,2023-03-14 00:00:00+00:00,1.252017069531,0.7493
BTCUSDT,2023-03-15 00:00:00+00:00,1.233259096934,0.7556
BTCUSDT,2023-03-16 00:00:00+00:00,1.264318230866,0.7452
BTCUSDT,2023-03-17 00:00:00+00:00,1.381709504388,0.7061
BTCUSDT,2023-03-18 00:00:00+00:00,1.357927080335,0.714
BTCUSDT,2023-03-19 00:00:00+00:00,1.41718434858,0.6943
BTCUSDT,2023-03-20 00:00:00+00:00,1.398348824456,0.7006
BTCUSDT,2023-03-21 00:00:00+00:00,1.413889214116,0.6954
BTCUSDT,2023-03-22 00:00:00+00:00,1.371700451034,0.7094
BTCUSDT,2023-03-23 00:00:00+00:00,1.421886913625,0.6927
BTCUSDT,2023-03-24 00:00:00+00:00,1.375231386162,0.7083
BTCUSDT,2023-03-25 00:00:00+00:00,1.376280144651,0.7079
BTCUSDT,2023-03-26 00:00:00+00:00,1.403671575252,0.6988
BTCUSDT,2023-03-27 00:00:00+00:00,1.357098415255,0.7143
BTCUSDT,2023-03-28 00:00:00+00:00,1.363066939643,0.7123
BTCUSDT,2023-03-29 00:00:00+00:00,1.417071461284,0.6943
BTCUSDT,2023-03-30 00:00:00+00:00,1.420441511641,0.6932
BTCUSDT,2023-03-31 00:00:00+00:00,1.443820674085,0.6854
BTCUSDT,2023-04-01 00:00:00+00:00,1.442211549223,0.6859
BTCUSDT,2023-04-02 00:00:00+00:00,1.425206305097,0.6916
BTCUSDT,2023-04-03 00:00:00+00:00,1.409099995135,0.697
BTCUSDT,2023-04-04 00:00:00+00:00,1.4219430768,0.6927
BTCUSDT,2023-04-05 00:00:00+00:00,1.424960408187,0.6917
BTCUSDT,2023-04-06 00:00:00+00:00,1.41726242259,0.6942
BTCUSDT,2023-04-07 00:00:00+00:00,1.411891341659,0.696
BTCUSDT,2023-04-08 00:00:00+00:00,1.413111240664,0.6956
BTCUSDT,2023-04-09 00:00:00+00:00,1.432780320048,0.6891
BTCUSDT,2023-04-10 00:00:00+00:00,1.498410626119,0.6672
BTCUSDT,2023-04-11 00:00:00+00:00,1.524007596955,0.6587
BTCUSDT,2023-04-12 00:00:00+00:00,1.506773205338,0.6644
BTCUSDT,2023-04-13 00:00:00+00:00,1.528589539867,0.6571
BTCUSDT,2023-04-14 00:00:00+00:00,1.531450017782,0.6562
BTCUSDT,2023-04-15 00:00:00+00:00,1.525286478334,0.6582
BTCUSDT,2023-04-16 00:00:00+00:00,1.523487449103,0.6588
BTCUSDT,2023-04-17 00:00:00+00:00,1.481199761253,0.6729
BTCUSDT,2023-04-18 00:00:00+00:00,1.524898878521,0.6584
BTCUSDT,2023-04-19 00:00:00+00:00,1.445557031038,0.6848
BTCUSDT,2023-04-20 00:00:00+00:00,1.418296444501,0.6939
BTCUSDT,2023-04-21 00:00:00+00:00,1.370138666353,0.71
BTCUSDT,2023-04-22 00:00:00+00:00,1.396814023725,0.7011
BTCUSDT,2023-04-23 00:00:00+00:00,1.385375480736,0.7049
BTCUSDT,2023-04-24 00:00:00+00:00,1.381178300296,0.7063
BTCUSDT,2023-04-25 00:00:00+00:00,1.420027669157,0.6933
BTCUSDT,2023-04-26 00:00:00+00:00,1.423548393886,0.6922
BTCUSDT,2023-04-27 00:00:00+00:00,1.477024680925,0.6743
BTCUSDT,2023-04-28 00:00:00+00:00,1.470212541775,0.6766
BTCUSDT,2023-04-29 00:00:00+00:00,1.463534273428,0.6788
BTCUSDT,2023-04-30 00:00:00+00:00,1.470402257877,0.6765
BTCUSDT,2023-05-01 00:00:00+00:00,1.408272273073,0.6972
BTCUSDT,2023-05-02 00:00:00+00:00,1.436592482997,0.6878
BTCUSDT,2023-05-03 00:00:00+00:00,1.45181633614,0.6827
BTCUSDT,2023-05-04 00:00:00+00:00,1.442232154866,0.6859
BTCUSDT,2023-05-05 00:00:00+00:00,1.476466635695,0.6745
BTCUSDT,2023-05-06 00:00:00+00:00,1.443843173393,0.6854
BTCUSDT,2023-05-07 00:00:00+00:00,1.429877064919,0.69
BTCUSDT,2023-05-08 00:00:00+00:00,1.378067479397,0.7073
BTCUSDT,2023-05-09 00:00:00+00:00,1.374090435543,0.7086
BTCUSDT,2023-05-10 00:00:00+00:00,1.374436923429,0.7085
BTCUSDT,2023-05-11 00:00:00+00:00,1.341912915639,0.7194
BTCUSDT,2023-05-12 00:00:00+00:00,1.331264514159,0.7229
BTCUSDT,2023-05-13 00:00:00+00:00,1.334669775407,0.7218
BTCUSDT,2023-05-14 00:00:00+00:00,1.338338944895,0.7206
BTCUSDT,2023-05-15 00:00:00+00:00,1.352469393563,0.7158
BTCUSDT,2023-05-16 00:00:00+00:00,1.341803499909,0.7194
BTCUSDT,2023-05-17 00:00:00+00:00,1.360182926857,0.7133
BTCUSDT,2023-05-18 00:00:00+00:00,1.332798511609,0.7224
BTCUSDT,2023-05-19 00:00:00+00:00,1.335285312277,0.7216
BTCUSDT,2023-05-20 00:00:00+00:00,1.345668504663,0.7181
BTCUSDT,2023-05-21 00:00:00+00:00,1.329584607553,0.7235
BTCUSDT,2023-05-22 00:00:00+00:00,1.331796174941,0.7227
BTCUSDT,2023-05-23 00:00:00+00:00,1.349756710174,0.7167
BTCUSDT,2023-05-24 00:00:00+00:00,1.306148991112,0.7313
BTCUSDT,2023-05-25 00:00:00+00:00,1.312302574122,0.7292
BTCUSDT,2023-05-26 00:00:00+00:00,1.323951129649,0.7253
BTCUSDT,2023-05-27 00:00:00+00:00,1.330559181986,0.7231
BTCUSDT,2023-05-28 00:00:00+00:00,1.391560954233,0.7028
BTCUSDT,2023-05-29 00:00:00+00:00,1.374801000798,0.7084
BTCUSDT,2023-05-30 00:00:00+00:00,1.371662586882,0.7094
BTCUSDT,2023-05-31 00:00:00+00:00,1.347122513076,0.7176
BTCUSDT,2023-06-01 00:00:00+00:00,1.32755818548,0.7241
BTCUSDT,2023-06-02 00:00:00+00:00,1.348499664123,0.7172
BTCUSDT,2023-06-03 00:00:00+00:00,1.339845350422,0.7201
BTCUSDT,2023-06-04 00:00:00+00:00,1.343716524322,0.7188
BTCUSDT,2023-06-05 00:00:00+00:00,1.276417765634,0.7412
BTCUSDT,2023-06-06 00:00:00+00:00,1.3462357416,0.7179
BTCUSDT,2023-06-07 00:00:00+00:00,1.303228127244,0.7323
BTCUSDT,2023-06-08 00:00:00+00:00,1.312170481703,0.7293
BTCUSDT,2023-06-09 00:00:00+00:00,1.309627647538,0.7301
BTCUSDT,2023-06-10 00:00:00+00:00,1.279906228962,0.74
BTCUSDT,2023-06-11 00:00:00+00:00,1.282204028842,0.7393
BTCUSDT,2023-06-12 00:00:00+00:00,1.282415132209,0.7392
BTCUSDT,2023-06-13 00:00:00+00:00,1.281288526881,0.7396
BTCUSDT,2023-06-14 00:00:00+00:00,1.242758133707,0.7524
BTCUSDT,2023-06-15 00:00:00+00:00,1.265794710232,0.7447
BTCUSDT,2023-06-16 00:00:00+00:00,1.303742036635,0.7321
BTCUSDT,2023-06-17 00:00:00+00:00,1.312806147734,0.7291
BTCUSDT,2023-06-18 00:00:00+00:00,1.304485514887,0.7318
BTCUSDT,2023-06-19 00:00:00+00:00,1.326002267293,0.7247
BTCUSDT,2023-06-20 00:00:00+00:00,1.401058308786,0.6996
BTCUSDT,2023-06-21 00:00:00+00:00,1.487688159529,0.6708
BTCUSDT,2023-06-22 00:00:00+00:00,1.479224774259,0.6736
BTCUSDT,2023-06-23 00:00:00+00:00,1.511461032551,0.6628
BTCUSDT,2023-06-24 00:00:00+00:00,1.506266238891,0.6646
BTCUSDT,2023-06-25 00:00:00+00:00,1.501725462895,0.6661
BTCUSDT,2023-06-26 00:00:00+00:00,1.490477217783,0.6698
BTCUSDT,2023-06-27 00:00:00+00:00,1.508993136561,0.6637
BTCUSDT,2023-06-28 00:00:00+00:00,1.480047953676,0.6733
BTCUSDT,2023-06-29 00:00:00+00:00,1.4974352167,0.6675
BTCUSDT,2023-06-30 00:00:00+00:00,1.497404119431,0.6675
BTCUSDT,2023-07-01 00:00:00+00:00,1.500071404388,0.6666
BTCUSDT,2023-07-02 00:00:00+00:00,1.500295120753,0.6666
BTCUSDT,2023-07-03 00:00:00+00:00,1.525922363387,0.658
BTCUSDT,2023-07-04 00:00:00+00:00,1.509148391226,0.6636
BTCUSDT,2023-07-05 00:00:00+00:00,1.494037535141,0.6687
BTCUSDT,2023-07-06 00:00:00+00:00,1.470491737414,0.6765
BTCUSDT,2023-07-07 00:00:00+00:00,1.487208780434,0.6709
BTCUSDT,2023-07-08 00:00:00+00:00,1.483788128844,0.6721
BTCUSDT,2023-07-09 00:00:00+00:00,1.478660537861,0.6738
BTCUSDT,2023-07-10 00:00:00+00:00,1.489525354536,0.6702
BTCUSDT,2023-07-11 00:00:00+00:00,1.499536522954,0.6668
BTCUSDT,2023-07-12 00:00:00+00:00,1.487755265888,0.6707
BTCUSDT,2023-07-13 00:00:00+00:00,1.538500113181,0.6538
BTCUSDT,2023-07-14 00:00:00+00:00,1.483457241083,0.6722
BTCUSDT,2023-07-15 00:00:00+00:00,1.482403144167,0.6725
BTCUSDT,2023-07-16 00:00:00+00:00,1.480253300626,0.6732
BTCUSDT,2023-07-17 00:00:00+00:00,1.475399676867,0.6749
BTCUSDT,2023-07-18 00:00:00+00:00,1.45985580542,0.68
BTCUSDT,2023-07-19 00:00:00+00:00,1.463037215762,0.679
BTCUSDT,2023-07-20 00:00:00+00:00,1.457534391178,0.6808
BTCUSDT,2023-07-21 00:00:00+00:00,1.463442609814,0.6789
BTCUSDT,2023-07-22 00:00:00+00:00,1.453936935337,0.682
BTCUSDT,2023-07-23 00:00:00+00:00,1.470319604139,0.6766
BTCUSDT,2023-07-24 00:00:00+00:00,1.427138509577,0.691
BTCUSDT,2023-07-25 00:00:00+00:00,1.42923855151,0.6903
BTCUSDT,2023-07-26 00:00:00+00:00,1.436080716187,0.688
BTCUSDT,2023-07-27 00:00:00+00:00,1.429632064392,0.6901
BTCUSDT,2023-07-28 00:00:00+00:00,1.440164978549,0.6866
BTCUSDT,2023-07-29 00:00:00+00:00,1.442211649973,0.6859
BTCUSDT,2023-07-30 00:00:00+00:00,1.437384415792,0.6875
BTCUSDT,2023-07-31 00:00:00+00:00,1.435482408871,0.6882
BTCUSDT,2023-08-01 00:00:00+00:00,1.449024030947,0.6837
BTCUSDT,2023-08-02 00:00:00+00:00,1.432048628755,0.6893
BTCUSDT,2023-08-03 00:00:00+00:00,1.434367776395,0.6885
BTCUSDT,2023-08-04 00:00:00+00:00,1.427652983063,0.6908
BTCUSDT,2023-08-05 00:00:00+00:00,1.427408392655,0.6909
BTCUSDT,2023-08-06 00:00:00+00:00,1.427044043698,0.691
BTCUSDT,2023-08-07 00:00:00+00:00,1.432710437146,0.6891
BTCUSDT,2023-08-08 00:00:00+00:00,1.46267267691,0.6791
BTCUSDT,2023-08-09 00:00:00+00:00,1.452750656477,0.6824
BTCUSDT,2023-08-10 00:00:00+00:00,1.445222004734,0.6849
BTCUSDT,2023-08-11 00:00:00+00:00,1.443460117805,0.6855
BTCUSDT,2023-08-12 00:00:00+00:00,1.444002195989,0.6853
BTCUSDT,2023-08-13 00:00:00+00:00,1.437480909277,0.6875
BTCUSDT,2023-08-14 00:00:00+00:00,1.443311936754,0.6856
BTCUSDT,2023-08-15 00:00:00+00:00,1.43140313407,0.6895
BTCUSDT,2023-08-16 00:00:00+00:00,1.411251226179,0.6962
BTCUSDT,2023-08-17 00:00:00+00:00,1.309597789983,0.7301
BTCUSDT,2023-08-18 00:00:00+00:00,1.279955274829,0.74
BTCUSDT,2023-08-19 00:00:00+00:00,1.282875825078,0.739
BTCUSDT,2023-08-20 00:00:00+00:00,1.287026193244,0.7377
BTCUSDT,2023-08-21 00:00:00+00:00,1.285209423972,0.7383
BTCUSDT,2023-08-22 00:00:00+00:00,1.278234400958,0.7406
BTCUSDT,2023-08-23 00:00:00+00:00,1.301640510691,0.7328
BTCUSDT,2023-08-24 00:00:00+00:00,1.286264498958,0.7379
BTCUSDT,2023-08-25 00:00:00+00:00,1.282530939849,0.7392
BTCUSDT,2023-08-26 00:00:00+00:00,1.280910484603,0.7397
BTCUSDT,2023-08-27 00:00:00+00:00,1.284719699038,0.7384
BTCUSDT,2023-08-28 00:00:00+00:00,1.285785965076,0.7381
BTCUSDT,2023-08-29 00:00:00+00:00,1.3631929159,0.7123
BTCUSDT,2023-08-30 00:00:00+00:00,1.344866297954,0.7184
BTCUSDT,2023-08-31 00:00:00+00:00,1.279294333561,0.7402
BTCUSDT,2023-09-01 00:00:00+00:00,1.272142442172,0.7426
BTCUSDT,2023-09-02 00:00:00+00:00,1.275429178013,0.7415
BTCUSDT,2023-09-03 00:00:00+00:00,1.280178738226,0.7399
BTCUSDT,2023-09-04 00:00:00+00:00,1.272295663234,0.7426
BTCUSDT,2023-09-05 00:00:00+00:00,1.271797475869,0.7427
BTCUSDT,2023-09-06 00:00:00+00:00,1.270666304167,0.7431
BTCUSDT,2023-09-07 00:00:00+00:00,1.293153415402,0.7356
BTCUSDT,2023-09-08 00:00:00+00:00,1.278230950625,0.7406
BTCUSDT,2023-09-09 00:00:00+00:00,1.277871761676,0.7407
BTCUSDT,2023-09-10 00:00:00+00:00,1.274805713565,0.7417
BTCUSDT,2023-09-11 00:00:00+00:00,1.240998802155,0.753
BTCUSDT,2023-09-12 00:00:00+00:00,1.276849786407,0.7411
BTCUSDT,2023-09-13 00:00:00+00:00,1.294929881704,0.735
BTCUSDT,2023-09-14 00:00:00+00:00,1.31072461763,0.7298
BTCUSDT,2023-09-15 00:00:00+00:00,1.316247721823,0.7279
BTCUSDT,2023-09-16 00:00:00+00:00,1.31045230781,0.7298
BTCUSDT,2023-09-17 00:00:00+00:00,1.30778359727,0.7307
BTCUSDT,2023-09-18 00:00:00+00:00,1.320321096515,0.7266
BTCUSDT,2023-09-19 00:00:00+00:00,1.341491282124,0.7195
BTCUSDT,2023-09-20 00:00:00+00:00,1.337531751739,0.7208
BTCUSDT,2023-09-21 00:00:00+00:00,1.310046276386,0.73
BTCUSDT,2023-09-22 00:00:00+00:00,1.310529519075,0.7298
BTCUSDT,2023-09-23 00:00:00+00:00,1.310250960634,0.7299
BTCUSDT,2023-09-24 00:00:00+00:00,1.296058458113,0.7346
BTCUSDT,2023-09-25 00:00:00+00:00,1.296187807462,0.7346
BTCUSDT,2023-09-26 00:00:00+00:00,1.291644411828,0.7361
BTCUSDT,2023-09-27 00:00:00+00:00,1.298711354638,0.7338
BTCUSDT,2023-09-28 00:00:00+00:00,1.332826815107,0.7224
BTCUSDT,2023-09-29 00:00:00+00:00,1.326653306014,0.7244
BTCUSDT,2023-09-30 00:00:00+00:00,1.329742814001,0.7234
BTCUSDT,2023-10-01 00:00:00+00:00,1.377331393995,0.7076
BTCUSDT,2023-10-02 00:00:00+00:00,1.35843524556,0.7139
BTCUSDT,2023-10-03 00:00:00+00:00,1.351957092666,0.716
BTCUSDT,2023-10-04 00:00:00+00:00,1.369035570095,0.7103
BTCUSDT,2023-10-05 00:00:00+00:00,1.350981968888,0.7163
BTCUSDT,2023-10-06 00:00:00+00:00,1.37581058469,0.7081
BTCUSDT,2023-10-07 00:00:00+00:00,1.376921632645,0.7077
BTCUSDT,2023-10-08 00:00:00+00:00,1.375035048808,0.7083
BTCUSDT,2023-10-09 00:00:00+00:00,1.357643501831,0.7141
BTCUSDT,2023-10-10 00:00:00+00:00,1.349224905545,0.7169
BTCUSDT,2023-10-11 00:00:00+00:00,1.320267435058,0.7266
BTCUSDT,2023-10-12 00:00:00+00:00,1.316151935393,0.7279
BTCUSDT,2023-10-13 00:00:00+00:00,1.321220609655,0.7263
BTCUSDT,2023-10-14 00:00:00+00:00,1.321559699731,0.7261
BTCUSDT,2023-10-15 00:00:00+00:00,1.334644980263,0.7218
BTCUSDT,2023-10-16 00:00:00+00:00,1.401484702482,0.6995
BTCUSDT,2023-10-17 00:00:00+00:00,1.397569787083,0.7008
BTCUSDT,2023-10-18 00:00:00+00:00,1.392147247637,0.7026
BTCUSDT,2023-10-19 00:00:00+00:00,1.410163206398,0.6966
BTCUSDT,2023-10-20 00:00:00+00:00,1.458847579295,0.6804
BTCUSDT,2023-10-21 00:00:00+00:00,1.469157536053,0.6769
BTCUSDT,2023-10-22 00:00:00+00:00,1.471860430263,0.676
BTCUSDT,2023-10-23 00:00:00+00:00,1.613500605985,0.6288
BTCUSDT,2023-10-24 00:00:00+00:00,1.654397557736,0.6152
BTCUSDT,2023-10-25 00:00:00+00:00,1.681601781377,0.6061
BTCUSDT,2023-10-26 00:00:00+00:00,1.663662918099,0.6121
BTCUSDT,2023-10-27 00:00:00+00:00,1.648793504518,0.6171
BTCUSDT,2023-10-28 00:00:00+00:00,1.65738945553,0.6142
BTCUSDT,2023-10-29 00:00:00+00:00,1.679987904494,0.6067
BTCUSDT,2023-10-30 00:00:00+00:00,1.674700476949,0.6084
BTCUSDT,2023-10-31 00:00:00+00:00,1.679986208289,0.6067
BTCUSDT,2023-11-01 00:00:00+00:00,1.715331297044,0.5949
BTCUSDT,2023-11-02 00:00:00+00:00,1.687432786238,0.6042
BTCUSDT,2023-11-03 00:00:00+00:00,1.677473281454,0.6075
BTCUSDT,2023-11-04 00:00:00+00:00,1.695198047921,0.6016
BTCUSDT,2023-11-05 00:00:00+00:00,1.69531363252,0.6016
BTCUSDT,2023-11-06 00:00:00+00:00,1.690062847822,0.6033
BTCUSDT,2023-11-07 00:00:00+00:00,1.707693280842,0.5974
BTCUSDT,2023-11-08 00:00:00+00:00,1.724477503,0.5918
BTCUSDT,2023-11-09 00:00:00+00:00,1.762200964364,0.5793
BTCUSDT,2023-11-10 00:00:00+00:00,1.792853668717,0.569
BTCUSDT,2023-11-11 00:00:00+00:00,1.773581111946,0.5755
BTCUSDT,2023-11-12 00:00:00+00:00,1.776498366314,0.5745
BTCUSDT,2023-11-13 00:00:00+00:00,1.751221714879,0.5829
BTCUSDT,2023-11-14 00:00:00+00:00,1.705402061503,0.5982
BTCUSDT,2023-11-15 00:00:00+00:00,1.810152914492,0.5633
BTCUSDT,2023-11-16 00:00:00+00:00,1.729237075753,0.5903
BTCUSDT,2023-11-17 00:00:00+00:00,1.747806543208,0.5841
BTCUSDT,2023-11-18 00:00:00+00:00,1.74769689693,0.5841
BTCUSDT,2023-11-19 00:00:00+00:00,1.78814575059,0.5706
BTCUSDT,2023-11-20 00:00:00+00:00,1.789732455017,0.5701
BTCUSDT,2023-11-21 00:00:00+00:00,1.717720966087,0.5941
BTCUSDT,2023-11-22 00:00:00+00:00,1.780655097435,0.5731
BTCUSDT,2023-11-23 00:00:00+00:00,1.775570834214,0.5748
BTCUSDT,2023-11-24 00:00:00+00:00,1.793664605571,0.5688
BTCUSDT,2023-11-25 00:00:00+00:00,1.796938311512,0.5677
BTCUSDT,2023-11-26 00:00:00+00:00,1.781247130023,0.5729
BTCUSDT,2023-11-27 00:00:00+00:00,1.768699884325,0.5771
BTCUSDT,2023-11-28 00:00:00+00:00,1.795694998493,0.5681
BTCUSDT,2023-11-29 00:00:00+00:00,1.794443185541,0.5685
BTCUSDT,2023-11-30 00:00:00+00:00,1.787790724759,0.5707
BTCUSDT,2023-12-01 00:00:00+00:00,1.831958430263,0.556
BTCUSDT,2023-12-02 00:00:00+00:00,1.866562636124,0.5445
BTCUSDT,2023-12-03 00:00:00+00:00,1.88957149278,0.5368
BTCUSDT,2023-12-04 00:00:00+00:00,1.974157660867,0.5086
BTCUSDT,2023-12-05 00:00:00+00:00,2.070210110876,0.4766
BTCUSDT,2023-12-06 00:00:00+00:00,2.049004981703,0.4837
BTCUSDT,2023-12-07 00:00:00+00:00,2.024192806038,0.4919
BTCUSDT,2023-12-08 00:00:00+00:00,2.063554127808,0.4788
BTCUSDT,2023-12-09 00:00:00+00:00,2.040603828859,0.4865
BTCUSDT,2023-12-10 00:00:00+00:00,2.039126541822,0.487
BTCUSDT,2023-12-11 00:00:00+00:00,1.920421604102,0.5265
BTCUSDT,2023-12-12 00:00:00+00:00,1.928403638971,0.5239
BTCUSDT,2023-12-13 00:00:00+00:00,1.994507456072,0.5018
BTCUSDT,2023-12-14 00:00:00+00:00,1.997076014934,0.501
BTCUSDT,2023-12-15 00:00:00+00:00,1.945584187067,0.5181
BTCUSDT,2023-12-16 00:00:00+00:00,1.954587603816,0.5151
BTCUSDT,2023-12-17 00:00:00+00:00,1.918432937883,0.5272
BTCUSDT,2023-12-18 00:00:00+00:00,1.970997560336,0.5097
BTCUSDT,2023-12-19 00:00:00+00:00,1.952266717846,0.5159
BTCUSDT,2023-12-20 00:00:00+00:00,2.010355157868,0.4965
BTCUSDT,2023-12-21 00:00:00+00:00,2.02055347695,0.4931
BTCUSDT,2023-12-22 00:00:00+00:00,2.024349186253,0.4919
BTCUSDT,2023-12-23 00:00:00+00:00,2.012046953684,0.496
BTCUSDT,2023-12-24 00:00:00+00:00,1.978993772604,0.507
BTCUSDT,2023-12-25 00:00:00+00:00,2.002168071468,0.4993
BTCUSDT,2023-12-26 00:00:00+00:00,1.947666354666,0.5174
BTCUSDT,2023-12-27 00:00:00+00:00,1.98454282113,0.5052
BTCUSDT,2023-12-28 00:00:00+00:00,1.948191066046,0.5173
BTCUSDT,2023-12-29 00:00:00+00:00,1.915289168243,0.5282
BTCUSDT,2023-12-30 00:00:00+00:00,1.923525954915,0.5255
BTCUSDT,2023-12-31 00:00:00+00:00,1.923147103068,0.5256
BTCUSDT,2024-01-01 00:00:00+00:00,2.005011405976,0.4983
BTCUSDT,2024-01-02 00:00:00+00:00,2.041843744783,0.4861
BTCUSDT,2024-01-03 00:00:00+00:00,1.941607815328,0.5195
BTCUSDT,2024-01-04 00:00:00+00:00,1.991280476371,0.5029
BTCUSDT,2024-01-05 00:00:00+00:00,1.983754393826,0.5054
BTCUSDT,2024-01-06 00:00:00+00:00,1.972626827535,0.5091
BTCUSDT,2024-01-07 00:00:00+00:00,1.968589392178,0.5105
BTCUSDT,2024-01-08 00:00:00+00:00,2.105199604079,0.4649
BTCUSDT,2024-01-09 00:00:00+00:00,2.061111820714,0.4796
BTCUSDT,2024-01-10 00:00:00+00:00,2.090437479903,0.4699
BTCUSDT,2024-01-11 00:00:00+00:00,2.06755309096,0.4775
BTCUSDT,2024-01-12 00:00:00+00:00,1.910157143573,0.5299
BTCUSDT,2024-01-13 00:00:00+00:00,1.911017344621,0.5297
BTCUSDT,2024-01-14 00:00:00+00:00,1.868072683047,0.544
BTCUSDT,2024-01-15 00:00:00+00:00,1.895817002527,0.5347
BTCUSDT,2024-01-16 00:00:00+00:00,1.915131498731,0.5283
BTCUSDT,2024-01-17 00:00:00+00:00,1.892920670298,0.5357
BTCUSDT,2024-01-18 00:00:00+00:00,1.826405496575,0.5579
BTCUSDT,2024-01-19 00:00:00+00:00,1.840326498572,0.5532
BTCUSDT,2024-01-20 00:00:00+00:00,1.842828285649,0.5524
BTCUSDT,2024-01-21 00:00:00+00:00,1.836787376079,0.5544
BTCUSDT,2024-01-22 00:00:00+00:00,1.750703117876,0.5831
BTCUSDT,2024-01-23 00:00:00+00:00,1.75685238167,0.581
BTCUSDT,2024-01-24 00:00:00+00:00,1.769398537471,0.5769
BTCUSDT,2024-01-25 00:00:00+00:00,1.759912897525,0.58
BTCUSDT,2024-01-26 00:00:00+00:00,1.843658004535,0.5521
BTCUSDT,2024-01-27 00:00:00+00:00,1.854538165179,0.5485
BTCUSDT,2024-01-28 00:00:00+00:00,1.847823938144,0.5507
BTCUSDT,2024-01-29 00:00:00+00:00,1.900281404617,0.5332
BTCUSDT,2024-01-30 00:00:00+00:00,1.884454643724,0.5385
BTCUSDT,2024-01-31 00:00:00+00:00,1.865776569305,0.5447
BTCUSDT,2024-02-01 00:00:00+00:00,1.883692689819,0.5388
BTCUSDT,2024-02-02 00:00:00+00:00,1.888479126867,0.5372
BTCUSDT,2024-02-03 00:00:00+00:00,1.880647419447,0.5398
BTCUSDT,2024-02-04 00:00:00+00:00,1.862423695961,0.5459
BTCUSDT,2024-02-05 00:00:00+00:00,1.863325630825,0.5456
BTCUSDT,2024-02-06 00:00:00+00:00,1.881777313878,0.5394
BTCUSDT,2024-02-07 00:00:00+00:00,1.929905898886,0.5234
BTCUSDT,2024-02-08 00:00:00+00:00,1.974244701407,0.5086
BTCUSDT,2024-02-09 00:00:00+00:00,2.050894304805,0.483
BTCUSDT,2024-02-10 00:00:00+00:00,2.075743628106,0.4748
BTCUSDT,2024-02-11 00:00:00+00:00,2.091679256465,0.4694
BTCUSDT,2024-02-12 00:00:00+00:00,2.163451148703,0.4455
BTCUSDT,2024-02-13 00:00:00+00:00,2.144571750971,0.4518
BTCUSDT,2024-02-14 00:00:00+00:00,2.227481564237,0.4242
BTCUSDT,2024-02-15 00:00:00+00:00,2.227672856945,0.4241
BTCUSDT,2024-02-16 00:00:00+00:00,2.233361065632,0.4222
BTCUSDT,2024-02-17 00:00:00+00:00,2.211108586549,0.4296
BTCUSDT,2024-02-18 00:00:00+00:00,2.229209056718,0.4236
BTCUSDT,2024-02-19 00:00:00+00:00,2.207720044105,0.4308
BTCUSDT,2024-02-20 00:00:00+00:00,2.226411177484,0.4245
BTCUSDT,2024-02-21 00:00:00+00:00,2.199223255693,0.4336
BTCUSDT,2024-02-22 00:00:00+00:00,2.176256754311,0.4412
BTCUSDT,2024-02-23 00:00:00+00:00,2.151044247173,0.4497
BTCUSDT,2024-02-24 00:00:00+00:00,2.182874558495,0.439
BTCUSDT,2024-02-25 00:00:00+00:00,2.188723304731,0.4371
BTCUSDT,2024-02-26 00:00:00+00:00,2.30035580813,0.3999
BTCUSDT,2024-02-27 00:00:00+00:00,2.39296751458,0.369
BTCUSDT,2024-02-28 00:00:00+00:00,2.578804516452,0.3071
BTCUSDT,2024-02-29 00:00:00+00:00,2.523625575021,0.3255
BTCUSDT,2024-03-01 00:00:00+00:00,2.552193764104,0.3159
BTCUSDT,2024-03-02 00:00:00+00:00,2.530515094253,0.3232
BTCUSDT,2024-03-03 00:00:00+00:00,2.564912446775,0.3117
BTCUSDT,2024-03-04 00:00:00+00:00,2.751198902437,0.2496
BTCUSDT,2024-03-05 00:00:00+00:00,2.565781926711,0.3114
BTCUSDT,2024-03-06 00:00:00+00:00,2.612226371577,0.2959
BTCUSDT,2024-03-07 00:00:00+00:00,2.630694305772,0.2898
BTCUSDT,2024-03-08 00:00:00+00:00,2.663773784415,0.2787
BTCUSDT,2024-03-09 00:00:00+00:00,2.664446669894,0.2785
BTCUSDT,2024-03-10 00:00:00+00:00,2.673324643842,0.2756
BTCUSDT,2024-03-11 00:00:00+00:00,2.776042557045,0.2413
BTCUSDT,2024-03-12 00:00:00+00:00,2.732831670246,0.2557
BTCUSDT,2024-03-13 00:00:00+00:00,2.746836537171,0.2511
BTCUSDT,2024-03-14 00:00:00+00:00,2.676637138189,0.2745
BTCUSDT,2024-03-15 00:00:00+00:00,2.593181988006,0.3023
BTCUSDT,2024-03-16 00:00:00+00:00,2.443363523614,0.3522
BTCUSDT,2024-03-17 00:00:00+00:00,2.541969044316,0.3193
BTCUSDT,2024-03-18 00:00:00+00:00,2.51875351754,0.3271
BTCUSDT,2024-03-19 00:00:00+00:00,2.30649799611,0.3978
BTCUSDT,2024-03-20 00:00:00+00:00,2.517432122856,0.3275
BTCUSDT,2024-03-21 00:00:00+00:00,2.425056482588,0.3583
BTCUSDT,2024-03-22 00:00:00+00:00,2.347242779085,0.3843
BTCUSDT,2024-03-23 00:00:00+00:00,2.355130916016,0.3816
BTCUSDT,2024-03-24 00:00:00+00:00,2.459089042138,0.347
BTCUSDT,2024-03-25 00:00:00+00:00,2.531973278125,0.3227
BTCUSDT,2024-03-26 00:00:00+00:00,2.529858023857,0.3234
BTCUSDT,2024-03-27 00:00:00+00:00,2.497305617703,0.3342
BTCUSDT,2024-03-28 00:00:00+00:00,2.542320039061,0.3192
BTCUSDT,2024-03-29 00:00:00+00:00,2.50681430136,0.3311
BTCUSDT,2024-03-30 00:00:00+00:00,2.495980095994,0.3347
BTCUSDT,2024-03-31 00:00:00+00:00,2.54947270434,0.3168
BTCUSDT,2024-04-01 00:00:00+00:00,2.483865174687,0.3387
BTCUSDT,2024-04-02 00:00:00+00:00,2.325824861038,0.3914
BTCUSDT,2024-04-03 00:00:00+00:00,2.343574739079,0.3855
BTCUSDT,2024-04-04 00:00:00+00:00,2.422340254314,0.3592
BTCUSDT,2024-04-05 00:00:00+00:00,2.401839662162,0.3661
BTCUSDT,2024-04-06 00:00:00+00:00,2.442327543695,0.3526
BTCUSDT,2024-04-07 00:00:00+00:00,2.449775072637,0.3501
BTCUSDT,2024-04-08 00:00:00+00:00,2.52594267686,0.3247
BTCUSDT,2024-04-09 00:00:00+00:00,2.431151797828,0.3563
BTCUSDT,2024-04-10 00:00:00+00:00,2.480887886464,0.3397
BTCUSDT,2024-04-11 00:00:00+00:00,2.459930871341,0.3467
BTCUSDT,2024-04-12 00:00:00+00:00,2.355699837214,0.3814
BTCUSDT,2024-04-13 00:00:00+00:00,2.266724603585,0.4111
BTCUSDT,2024-04-14 00:00:00+00:00,2.303797513539,0.3987
BTCUSDT,2024-04-15 00:00:00+00:00,2.224653591762,0.4251
BTCUSDT,2024-04-16 00:00:00+00:00,2.235583060627,0.4215
BTCUSDT,2024-04-17 00:00:00+00:00,2.150115532828,0.45
BTCUSDT,2024-04-18 00:00:00+00:00,2.223657090198,0.4254
BTCUSDT,2024-04-19 00:00:00+00:00,2.229521797353,0.4235
BTCUSDT,2024-04-20 00:00:00+00:00,2.268874228093,0.4104
BTCUSDT,2024-04-21 00:00:00+00:00,2.270178573833,0.4099
BTCUSDT,2024-04-22 00:00:00+00:00,2.336371416788,0.3879
BTCUSDT,2024-04-23 00:00:00+00:00,2.315430605828,0.3949
BTCUSDT,2024-04-24 00:00:00+00:00,2.229186378145,0.4236
BTCUSDT,2024-04-25 00:00:00+00:00,2.239412644798,0.4202
BTCUSDT,2024-04-26 00:00:00+00:00,2.213395882136,0.4289
BTCUSDT,2024-04-27 00:00:00+00:00,2.200293292653,0.4332
BTCUSDT,2024-04-28 00:00:00+00:00,2.182739504636,0.4391
BTCUSDT,2024-04-29 00:00:00+00:00,2.213049963714,0.429
BTCUSDT,2024-04-30 00:00:00+00:00,2.099491659604,0.4668
BTCUSDT,2024-05-01 00:00:00+00:00,2.01516295818,0.4949
BTCUSDT,2024-05-02 00:00:00+00:00,2.050901531028,0.483
BTCUSDT,2024-05-03 00:00:00+00:00,2.180678249434,0.4398
BTCUSDT,2024-05-04 00:00:00+00:00,2.210725676775,0.4298
BTCUSDT,2024-05-05 00:00:00+00:00,2.216655067084,0.4278
BTCUSDT,2024-05-06 00:00:00+00:00,2.186202853853,0.4379
BTCUSDT,2024-05-07 00:00:00+00:00,2.157205469069,0.4476
BTCUSDT,2024-05-08 00:00:00+00:00,2.110540935051,0.4632
BTCUSDT,2024-05-09 00:00:00+00:00,2.175223560734,0.4416
BTCUSDT,2024-05-10 00:00:00+00:00,2.102988744981,0.4657
BTCUSDT,2024-05-11 00:00:00+00:00,2.100448702876,0.4665
BTCUSDT,2024-05-12 00:00:00+00:00,2.119745795365,0.4601
BTCUSDT,2024-05-13 00:00:00+00:00,2.168233271084,0.4439
BTCUSDT,2024-05-14 00:00:00+00:00,2.121406641577,0.4595
BTCUSDT,2024-05-15 00:00:00+00:00,2.275705533512,0.4081
BTCUSDT,2024-05-16 00:00:00+00:00,2.238813737175,0.4204
BTCUSDT,2024-05-17 00:00:00+00:00,2.293532882786,0.4022
BTCUSDT,2024-05-18 00:00:00+00:00,2.293351817746,0.4022
BTCUSDT,2024-05-19 00:00:00+00:00,2.267741433359,0.4108
BTCUSDT,2024-05-20 00:00:00+00:00,2.430732575262,0.3564
BTCUSDT,2024-05-21 00:00:00+00:00,2.392177115696,0.3693
BTCUSDT,2024-05-22 00:00:00+00:00,2.350508549105,0.3832
BTCUSDT,2024-05-23 00:00:00+00:00,2.30342600975,0.3989
BTCUSDT,2024-05-24 00:00:00+00:00,2.329942400919,0.39
BTCUSDT,2024-05-25 00:00:00+00:00,2.351755247843,0.3827
BTCUSDT,2024-05-26 00:00:00+00:00,2.321857258415,0.3927
BTCUSDT,2024-05-27 00:00:00+00:00,2.349289009693,0.3836
BTCUSDT,2024-05-28 00:00:00+00:00,2.276025405912,0.408
BTCUSDT,2024-05-29 00:00:00+00:00,2.249666771523,0.4168
BTCUSDT,2024-05-30 00:00:00+00:00,2.274593932765,0.4085
BTCUSDT,2024-05-31 00:00:00+00:00,2.240434640049,0.4199
BTCUSDT,2024-06-01 00:00:00+00:00,2.250811711614,0.4164
BTCUSDT,2024-06-02 00:00:00+00:00,2.252890611825,0.4157
BTCUSDT,2024-06-03 00:00:00+00:00,2.282844084426,0.4057
BTCUSDT,2024-06-04 00:00:00+00:00,2.336035028633,0.388
BTCUSDT,2024-06-05 00:00:00+00:00,2.350051564625,0.3833
BTCUSDT,2024-06-06 00:00:00+00:00,2.333807126267,0.3887
BTCUSDT,2024-06-07 00:00:00+00:00,2.283767499815,0.4054
BTCUSDT,2024-06-08 00:00:00+00:00,2.281753656488,0.4061
BTCUSDT,2024-06-09 00:00:00+00:00,2.291783692164,0.4027
BTCUSDT,2024-06-10 00:00:00+00:00,2.284430208974,0.4052
BTCUSDT,2024-06-11 00:00:00+00:00,2.210797104332,0.4297
BTCUSDT,2024-06-12 00:00:00+00:00,2.236528862009,0.4212
BTCUSDT,2024-06-13 00:00:00+00:00,2.189193919128,0.4369
BTCUSDT,2024-06-14 00:00:00+00:00,2.162288948988,0.4459
BTCUSDT,2024-06-15 00:00:00+00:00,2.168574282271,0.4438
BTCUSDT,2024-06-16 00:00:00+00:00,2.181700780897,0.4394
BTCUSDT,2024-06-17 00:00:00+00:00,2.17600767278,0.4413
BTCUSDT,2024-06-18 00:00:00+00:00,2.131170120016,0.4563
BTCUSDT,2024-06-19 00:00:00+00:00,2.122527340691,0.4592
BTCUSDT,2024-06-20 00:00:00+00:00,2.122824344632,0.4591
BTCUSDT,2024-06-21 00:00:00+00:00,2.094841851078,0.4684
BTCUSDT,2024-06-22 00:00:00+00:00,2.094393635978,0.4685
BTCUSDT,2024-06-23 00:00:00+00:00,2.064629768046,0.4785
BTCUSDT,2024-06-24 00:00:00+00:00,1.965852605759,0.5114
BTCUSDT,2024-06-25 00:00:00+00:00,2.013824808421,0.4954
BTCUSDT,2024-06-26 00:00:00+00:00,1.983142815892,0.5056
BTCUSDT,2024-06-27 00:00:00+00:00,2.00449611147,0.4985
BTCUSDT,2024-06-28 00:00:00+00:00,1.963323618484,0.5122
BTCUSDT,2024-06-29 00:00:00+00:00,1.982090071071,0.506
BTCUSDT,2024-06-30 00:00:00+00:00,2.04224535277,0.4859
BTCUSDT,2024-07-01 00:00:00+00:00,2.04314593286,0.4856
BTCUSDT,2024-07-02 00:00:00+00:00,2.017079157971,0.4943
BTCUSDT,2024-07-03 00:00:00+00:00,1.956495892684,0.5145
BTCUSDT,2024-07-04 00:00:00+00:00,1.867131113244,0.5443
BTCUSDT,2024-07-05 00:00:00+00:00,1.84216706331,0.5526
BTCUSDT,2024-07-06 00:00:00+00:00,1.891715119434,0.5361
BTCUSDT,2024-07-07 00:00:00+00:00,1.82212870475,0.5593
BTCUSDT,2024-07-08 00:00:00+00:00,1.84231499501,0.5526
BTCUSDT,2024-07-09 00:00:00+00:00,1.882826099963,0.5391
BTCUSDT,2024-07-10 00:00:00+00:00,1.873671456415,0.5421
BTCUSDT,2024-07-11 00:00:00+00:00,1.860391707754,0.5465
BTCUSDT,2024-07-12 00:00:00+00:00,1.877696697499,0.5408
BTCUSDT,2024-07-13 00:00:00+00:00,1.924461076714,0.5252
BTCUSDT,2024-07-14 00:00:00+00:00,1.978252221421,0.5072
BTCUSDT,2024-07-15 00:00:00+00:00,2.094337235781,0.4686
BTCUSDT,2024-07-16 00:00:00+00:00,2.10249498714,0.4658
BTCUSDT,2024-07-17 00:00:00+00:00,2.0722141993,0.4759
BTCUSDT,2024-07-18 00:00:00+00:00,2.063284607936,0.4789
BTCUSDT,2024-07-19 00:00:00+00:00,2.146794861585,0.4511
BTCUSDT,2024-07-20 00:00:00+00:00,2.159544550027,0.4468
BTCUSDT,2024-07-21 00:00:00+00:00,2.186185421436,0.4379
BTCUSDT,2024-07-22 00:00:00+00:00,2.167482354881,0.4442
BTCUSDT,2024-07-23 00:00:00+00:00,2.109594621683,0.4635
BTCUSDT,2024-07-24 00:00:00+00:00,2.091076478928,0.4696
BTCUSDT,2024-07-25 00:00:00+00:00,2.101052278672,0.4663
BTCUSDT,2024-07-26 00:00:00+00:00,2.167988897972,0.444
BTCUSDT,2024-07-27 00:00:00+00:00,2.17149524018,0.4428
BTCUSDT,2024-07-28 00:00:00+00:00,2.173689504641,0.4421
BTCUSDT,2024-07-29 00:00:00+00:00,2.130351323441,0.4565
BTCUSDT,2024-07-30 00:00:00+00:00,2.10753663783,0.4642
BTCUSDT,2024-07-31 00:00:00+00:00,2.060104597961,0.48
BTCUSDT,2024-08-01 00:00:00+00:00,2.073446664875,0.4755
BTCUSDT,2024-08-02 00:00:00+00:00,1.958129492294,0.514
BTCUSDT,2024-08-03 00:00:00+00:00,1.931910948089,0.5227
BTCUSDT,2024-08-04 00:00:00+00:00,1.85658107668,0.5478
BTCUSDT,2024-08-05 00:00:00+00:00,1.734614783702,0.5885
BTCUSDT,2024-08-06 00:00:00+00:00,1.790105908673,0.57
BTCUSDT,2024-08-07 00:00:00+00:00,1.76102665944,0.5797
BTCUSDT,2024-08-08 00:00:00+00:00,1.974027468759,0.5087
BTCUSDT,2024-08-09 00:00:00+00:00,1.934847151042,0.5217
BTCUSDT,2024-08-10 00:00:00+00:00,1.937094140148,0.521
BTCUSDT,2024-08-11 00:00:00+00:00,1.872742222889,0.5424
BTCUSDT,2024-08-12 00:00:00+00:00,1.890144044639,0.5366
BTCUSDT,2024-08-13 00:00:00+00:00,1.926417221684,0.5245
BTCUSDT,2024-08-14 00:00:00+00:00,1.87350048326,0.5422
BTCUSDT,2024-08-15 00:00:00+00:00,1.835793831991,0.5547
BTCUSDT,2024-08-16 00:00:00+00:00,1.876508258409,0.5412
BTCUSDT,2024-08-17 00:00:00+00:00,1.891903199321,0.536
BTCUSDT,2024-08-18 00:00:00+00:00,1.871999609436,0.5427
BTCUSDT,2024-08-19 00:00:00+00:00,1.891279440638,0.5362
BTCUSDT,2024-08-20 00:00:00+00:00,1.882426600371,0.5392
BTCUSDT,2024-08-21 00:00:00+00:00,1.945233846186,0.5183
BTCUSDT,2024-08-22 00:00:00+00:00,1.921170694846,0.5263
BTCUSDT,2024-08-23 00:00:00+00:00,2.035903975825,0.488
BTCUSDT,2024-08-24 00:00:00+00:00,2.032046751517,0.4893
BTCUSDT,2024-08-25 00:00:00+00:00,2.046583028581,0.4845
BTCUSDT,2024-08-26 00:00:00+00:00,1.998001382993,0.5007
BTCUSDT,2024-08-27 00:00:00+00:00,1.891971799295,0.536
BTCUSDT,2024-08-28 00:00:00+00:00,1.875827072948,0.5414
BTCUSDT,2024-08-29 00:00:00+00:00,1.883349152914,0.5389
BTCUSDT,2024-08-30 00:00:00+00:00,1.876982694923,0.541
BTCUSDT,2024-08-31 00:00:00+00:00,1.87073697854,0.5431
BTCUSDT,2024-09-01 00:00:00+00:00,1.820019010688,0.56
BTCUSDT,2024-09-02 00:00:00+00:00,1.877143284457,0.541
BTCUSDT,2024-09-03 00:00:00+00:00,1.829729699885,0.5568
BTCUSDT,2024-09-04 00:00:00+00:00,1.841861370616,0.5527
BTCUSDT,2024-09-05 00:00:00+00:00,1.781930708989,0.5727
BTCUSDT,2024-09-06 00:00:00+00:00,1.710811543806,0.5964
BTCUSDT,2024-09-07 00:00:00+00:00,1.718206634267,0.5939
BTCUSDT,2024-09-08 00:00:00+00:00,1.743469313486,0.5855
BTCUSDT,2024-09-09 00:00:00+00:00,1.814072811646,0.562
BTCUSDT,2024-09-10 00:00:00+00:00,1.830850569033,0.5564
BTCUSDT,2024-09-11 00:00:00+00:00,1.822802476165,0.5591
BTCUSDT,2024-09-12 00:00:00+00:00,1.844923692611,0.5517
BTCUSDT,2024-09-13 00:00:00+00:00,1.918166417135,0.5273
BTCUSDT,2024-09-14 00:00:00+00:00,1.901061522523,0.533
BTCUSDT,2024-09-15 00:00:00+00:00,1.873189573393,0.5423
BTCUSDT,2024-09-16 00:00:00+00:00,1.844209085413,0.5519
BTCUSDT,2024-09-17 00:00:00+00:00,1.906555569386,0.5311
BTCUSDT,2024-09-18 00:00:00+00:00,1.938486988135,0.5205
BTCUSDT,2024-09-19 00:00:00+00:00,1.989407371018,0.5035
BTCUSDT,2024-09-20 00:00:00+00:00,1.991251479392,0.5029
BTCUSDT,2024-09-21 00:00:00+00:00,1.997224680189,0.5009
BTCUSDT,2024-09-22 00:00:00+00:00,2.00309504051,0.499
BTCUSDT,2024-09-23 00:00:00+00:00,1.993210662996,0.5023
BTCUSDT,2024-09-24 00:00:00+00:00,2.02322807255,0.4923
BTCUSDT,2024-09-25 00:00:00+00:00,1.980828516174,0.5064
BTCUSDT,2024-09-26 00:00:00+00:00,2.040909822528,0.4864
BTCUSDT,2024-09-27 00:00:00+00:00,2.061133588941,0.4796
BTCUSDT,2024-09-28 00:00:00+00:00,2.059734897491,0.4801
BTCUSDT,2024-09-29 00:00:00+00:00,2.054377793402,0.4819
BTCUSDT,2024-09-30 00:00:00+00:00,1.980655974681,0.5064
BTCUSDT,2024-10-01 00:00:00+00:00,1.906306811115,0.5312
BTCUSDT,2024-10-02 00:00:00+00:00,1.901135632078,0.533
BTCUSDT,2024-10-03 00:00:00+00:00,1.903667765594,0.5321
BTCUSDT,2024-10-04 00:00:00+00:00,1.942653036999,0.5191
BTCUSDT,2024-10-05 00:00:00+00:00,1.941600018448,0.5195
BTCUSDT,2024-10-06 00:00:00+00:00,1.964736190677,0.5118
BTCUSDT,2024-10-07 00:00:00+00:00,1.952455630153,0.5158
BTCUSDT,2024-10-08 00:00:00+00:00,1.926780183281,0.5244
BTCUSDT,2024-10-09 00:00:00+00:00,1.880158282942,0.5399
BTCUSDT,2024-10-10 00:00:00+00:00,1.868650690361,0.5438
BTCUSDT,2024-10-11 00:00:00+00:00,1.931911669891,0.5227
BTCUSDT,2024-10-12 00:00:00+00:00,1.953970337674,0.5153
BTCUSDT,2024-10-13 00:00:00+00:00,1.939547429605,0.5202
BTCUSDT,2024-10-14 00:00:00+00:00,2.039522213226,0.4868
BTCUSDT,2024-10-15 00:00:00+00:00,2.060181206339,0.4799
BTCUSDT,2024-10-16 00:00:00+00:00,2.079852586869,0.4734
BTCUSDT,2024-10-17 00:00:00+00:00,2.067823405287,0.4774
BTCUSDT,2024-10-18 00:00:00+00:00,2.097751626956,0.4674
BTCUSDT,2024-10-19 00:00:00+00:00,2.095293659588,0.4682
BTCUSDT,2024-10-20 00:00:00+00:00,2.110307256847,0.4632
BTCUSDT,2024-10-21 00:00:00+00:00,2.056928495458,0.481
BTCUSDT,2024-10-22 00:00:00+00:00,2.054857304008366,0.4817
BTCUSDT,2024-10-23 00:00:00+00:00,2.030149964645596,0.49
BTCUSDT,2024-10-24 00:00:00+00:00,2.0735534317639304,0.4755
BTCUSDT,2024-10-25 00:00:00+00:00,2.015882390039284,0.4947
BTCUSDT,2024-10-26 00:00:00+00:00,2.038385405545456,0.4872
BTCUSDT,2024-10-27 00:00:00+00:00,2.0672450714484363,0.4776
BTCUSDT,2024-10-28 00:00:00+00:00,2.12079659111609,0.4597
BTCUSDT,2024-10-29 00:00:00+00:00,2.199387577615285,0.4335
BTCUSDT,2024-10-30 00:00:00+00:00,2.1895048875101897,0.4368
BTCUSDT,2024-10-31 00:00:00+00:00,2.1253164193551783,0.4582
BTCUSDT,2024-11-01 00:00:00+00:00,2.096717117505966,0.4678
BTCUSDT,2024-11-02 00:00:00+00:00,2.088469515716,0.4705
BTCUSDT,2024-11-03 00:00:00+00:00,2.072996077959187,0.4757
BTCUSDT,2024-11-04 00:00:00+00:00,2.042171591332332,0.4859
BTCUSDT,2024-11-05 00:00:00+00:00,2.0934035678438234,0.4689
BTCUSDT,2024-11-06 00:00:00+00:00,2.265383861200003,0.4115
BTCUSDT,2024-11-07 00:00:00+00:00,2.268079148113374,0.4106
BTCUSDT,2024-11-08 00:00:00+00:00,2.2784564278185018,0.4072
BTCUSDT,2024-11-09 00:00:00+00:00,2.2854908075229896,0.4048
BTCUSDT,2024-11-10 00:00:00+00:00,2.386299165227104,0.3712
BTCUSDT,2024-11-11 00:00:00+00:00,2.614736204421692,0.2951
BTCUSDT,2024-11-12 00:00:00+00:00,2.574402718870185,0.3085
BTCUSDT,2024-11-13 00:00:00+00:00,2.6237625094988872,0.2921
BTCUSDT,2024-11-14 00:00:00+00:00,2.5169171310403327,0.3277
BTCUSDT,2024-11-15 00:00:00+00:00,2.6166281818489865,0.2945
BTCUSDT,2024-11-16 00:00:00+00:00,2.5963251574245816,0.3012
BTCUSDT,2024-11-17 00:00:00+00:00,2.570045957525609,0.31
BTCUSDT,2024-11-18 00:00:00+00:00,2.586767436063493,0.3044
BTCUSDT,2024-11-19 00:00:00+00:00,2.616096692148944,0.2946
BTCUSDT,2024-11-20 00:00:00+00:00,2.6545840511759584,0.2818
BTCUSDT,2024-11-21 00:00:00+00:00,2.7357035205093947,0.2548
BTCUSDT,2024-11-22 00:00:00+00:00,2.7268624607806946,0.2577
BTCUSDT,2024-11-23 00:00:00+00:00,2.682475835762373,0.2725
BTCUSDT,2024-11-24 00:00:00+00:00,2.684190145202477,0.2719
BTCUSDT,2024-11-25 00:00:00+00:00,2.550936868826198,0.3164
BTCUSDT,2024-11-26 00:00:00+00:00,2.504171774475637,0.3319
BTCUSDT,2024-11-27 00:00:00+00:00,2.606953545179931,0.2977
BTCUSDT,2024-11-28 00:00:00+00:00,2.5937387638687115,0.3021
BTCUSDT,2024-11-29 00:00:00+00:00,2.6309948422566616,0.2897
BTCUSDT,2024-11-30 00:00:00+00:00,2.6035102735918114,0.2988
BTCUSDT,2024-12-01 00:00:00+00:00,2.627590012401485,0.2908
BTCUSDT,2024-12-02 00:00:00+00:00,2.572610271286454,0.3091
BTCUSDT,2024-12-03 00:00:00+00:00,2.5714581344527,0.3095
BTCUSDT,2024-12-04 00:00:00+00:00,2.637537468218781,0.2875
BTCUSDT,2024-12-05 00:00:00+00:00,2.5624396365200885,0.3125
BTCUSDT,2024-12-06 00:00:00+00:00,2.619701356628037,0.2934
BTCUSDT,2024-12-07 00:00:00+00:00,2.6172416537051104,0.2943
BTCUSDT,2024-12-08 00:00:00+00:00,2.635830347444721,0.2881
BTCUSDT,2024-12-09 00:00:00+00:00,2.528321562198401,0.3239
BTCUSDT,2024-12-10 00:00:00+00:00,2.504255955643038,0.3319
BTCUSDT,2024-12-11 00:00:00+00:00,2.607825988676539,0.2974
BTCUSDT,2024-12-12 00:00:00+00:00,2.5725090268010704,0.3092
BTCUSDT,2024-12-13 00:00:00+00:00,2.5964143923269845,0.3012
BTCUSDT,2024-12-14 00:00:00+00:00,2.5956011229498386,0.3015
BTCUSDT,2024-12-15 00:00:00+00:00,2.671579602981782,0.2761
BTCUSDT,2024-12-16 00:00:00+00:00,2.6904870242055368,0.2698
BTCUSDT,2024-12-17 00:00:00+00:00,2.6825053486643022,0.2725
BTCUSDT,2024-12-18 00:00:00+00:00,2.5337669288940026,0.3221
BTCUSDT,2024-12-19 00:00:00+00:00,2.449250681750823,0.3502
BTCUSDT,2024-12-20 00:00:00+00:00,2.438923701718572,0.3537
BTCUSDT,2024-12-21 00:00:00+00:00,2.424795342221161,0.3584
BTCUSDT,2024-12-22 00:00:00+00:00,2.3683246829858304,0.3772
BTCUSDT,2024-12-23 00:00:00+00:00,2.3466031181287983,0.3845
BTCUSDT,2024-12-24 00:00:00+00:00,2.432547289582645,0.3558
BTCUSDT,2024-12-25 00:00:00+00:00,2.4457574461003446,0.3514
BTCUSDT,2024-12-26 00:00:00+00:00,2.3548963638187823,0.3817
BTCUSDT,2024-12-27 00:00:00+00:00,2.316536046291274,0.3945
BTCUSDT,2024-12-28 00:00:00+00:00,2.3373921900161463,0.3875
BTCUSDT,2024-12-29 00:00:00+00:00,2.293980618606981,0.402
BTCUSDT,2024-12-30 00:00:00+00:00,2.264447243535571,0.4119
BTCUSDT,2024-12-31 00:00:00+00:00,2.2808124449322915,0.4064
BTCUSDT,2025-01-01 00:00:00+00:00,2.3030404933089104,0.399
BTCUSDT,2025-01-02 00:00:00+00:00,2.3578841474857937,0.3807
BTCUSDT,2025-01-03 00:00:00+00:00,2.386290557457015,0.3712
BTCUSDT,2025-01-04 00:00:00+00:00,2.3875160097101222,0.3708
BTCUSDT,2025-01-05 00:00:00+00:00,2.390965860098841,0.3697
BTCUSDT,2025-01-06 00:00:00+00:00,2.477062799747396,0.341
BTCUSDT,2025-01-07 00:00:00+00:00,2.3467027834219376,0.3844
BTCUSDT,2025-01-08 00:00:00+00:00,2.298665904666953,0.4004
BTCUSDT,2025-01-09 00:00:00+00:00,2.233820238836667,0.4221
BTCUSDT,2025-01-10 00:00:00+00:00,2.290082536703305,0.4033
BTCUSDT,2025-01-11 00:00:00+00:00,2.285501707170164,0.4048
BTCUSDT,2025-01-12 00:00:00+00:00,2.278657758123868,0.4071
BTCUSDT,2025-01-13 00:00:00+00:00,2.277984508960744,0.4073
BTCUSDT,2025-01-14 00:00:00+00:00,2.3280580564665416,0.3906
BTCUSDT,2025-01-15 00:00:00+00:00,2.4095410827754344,0.3635
BTCUSDT,2025-01-16 00:00:00+00:00,2.3989108291075403,0.367
BTCUSDT,2025-01-17 00:00:00+00:00,2.495913169030756,0.3347
BTCUSDT,2025-01-18 00:00:00+00:00,2.4946785705686336,0.3351
BTCUSDT,2025-01-19 00:00:00+00:00,2.410672870086662,0.3631
BTCUSDT,2025-01-20 00:00:00+00:00,2.445056132753733,0.3516
BTCUSDT,2025-01-21 00:00:00+00:00,2.518858900509325,0.327
BTCUSDT,2025-01-22 00:00:00+00:00,2.459018475131256,0.347
BTCUSDT,2025-01-23 00:00:00+00:00,2.455447281433525,0.3482
BTCUSDT,2025-01-24 00:00:00+00:00,2.465183210197284,0.3449
BTCUSDT,2025-01-25 00:00:00+00:00,2.4670204525538764,0.3443
BTCUSDT,2025-01-26 00:00:00+00:00,2.418361700134125,0.3605
BTCUSDT,2025-01-27 00:00:00+00:00,2.3934124984483267,0.3689
BTCUSDT,2025-01-28 00:00:00+00:00,2.373287118165897,0.3756
BTCUSDT,2025-01-29 00:00:00+00:00,2.436318963363576,0.3546
BTCUSDT,2025-01-30 00:00:00+00:00,2.457756213004062,0.3474
BTCUSDT,2025-01-31 00:00:00+00:00,2.3926271926371023,0.3691
BTCUSDT,2025-02-01 00:00:00+00:00,2.353296238999732,0.3822
BTCUSDT,2025-02-02 00:00:00+00:00,2.278588298536274,0.4071
BTCUSDT,2025-02-03 00:00:00+00:00,2.371727104993572,0.3761
BTCUSDT,2025-02-04 00:00:00+00:00,2.280750094282139,0.4064
BTCUSDT,2025-02-05 00:00:00+00:00,2.2465355832791136,0.4178
BTCUSDT,2025-02-06 00:00:00+00:00,2.243314171452448,0.4189
BTCUSDT,2025-02-07 00:00:00+00:00,2.2387599646519223,0.4204
BTCUSDT,2025-02-08 00:00:00+00:00,2.2429885869544703,0.419
BTCUSDT,2025-02-09 00:00:00+00:00,2.232532160927027,0.4225
BTCUSDT,2025-02-10 00:00:00+00:00,2.256010513438301,0.4147
BTCUSDT,2025-02-11 00:00:00+00:00,2.2178405166069126,0.4274
BTCUSDT,2025-02-12 00:00:00+00:00,2.261466528982128,0.4128
BTCUSDT,2025-02-13 00:00:00+00:00,2.2326518009087044,0.4224
BTCUSDT,2025-02-14 00:00:00+00:00,2.25166232416674,0.4161
BTCUSDT,2025-02-15 00:00:00+00:00,2.254483790385446,0.4152
BTCUSDT,2025-02-16 00:00:00+00:00,2.221961475316798,0.426
BTCUSDT,2025-02-17 00:00:00+00:00,2.212551004856131,0.4291
BTCUSDT,2025-02-18 00:00:00+00:00,2.2037234329299973,0.4321
BTCUSDT,2025-02-19 00:00:00+00:00,2.23047321584031,0.4232
BTCUSDT,2025-02-20 00:00:00+00:00,2.269163375900631,0.4103
BTCUSDT,2025-02-21 00:00:00+00:00,2.2145337837142764,0.4285
BTCUSDT,2025-02-22 00:00:00+00:00,2.2259723481715947,0.4247
BTCUSDT,2025-02-23 00:00:00+00:00,2.213616967746432,0.4288
BTCUSDT,2025-02-24 00:00:00+00:00,2.1164194813823665,0.4612
BTCUSDT,2025-02-25 00:00:00+00:00,2.045057192561317,0.485
BTCUSDT,2025-02-26 00:00:00+00:00,1.937156888282904,0.5209
BTCUSDT,2025-02-27 00:00:00+00:00,1.951252300853544,0.5162
BTCUSDT,2025-02-28 00:00:00+00:00,1.9428821960052791,0.519
BTCUSDT,2025-03-01 00:00:00+00:00,1.979772195615528,0.5067
BTCUSDT,2025-03-02 00:00:00+00:00,2.1723352788786894,0.4426
BTCUSDT,2025-03-03 00:00:00+00:00,1.9890487557357124,0.5037
BTCUSDT,2025-03-04 00:00:00+00:00,2.011926611190173,0.496
BTCUSDT,2025-03-05 00:00:00+00:00,2.085499742580572,0.4715
BTCUSDT,2025-03-06 00:00:00+00:00,2.074588033844596,0.4751
BTCUSDT,2025-03-07 00:00:00+00:00,1.990605455895191,0.5031
BTCUSDT,2025-03-08 00:00:00+00:00,1.9817025600012967,0.5061
BTCUSDT,2025-03-09 00:00:00+00:00,1.8553174468191107,0.5482
BTCUSDT,2025-03-10 00:00:00+00:00,1.8183074680565463,0.5606
BTCUSDT,2025-03-11 00:00:00+00:00,1.9029557814450992,0.5323
BTCUSDT,2025-03-12 00:00:00+00:00,1.921883426993698,0.526
BTCUSDT,2025-03-13 00:00:00+00:00,1.864334615532672,0.5452
BTCUSDT,2025-03-14 00:00:00+00:00,1.932035459333313,0.5227
BTCUSDT,2025-03-15 00:00:00+00:00,1.937487326084764,0.5208
BTCUSDT,2025-03-16 00:00:00+00:00,1.894746119450727,0.5351
BTCUSDT,2025-03-17 00:00:00+00:00,1.929602895545638,0.5235
BTCUSDT,2025-03-18 00:00:00+00:00,1.8989060236861497,0.5337
BTCUSDT,2025-03-19 00:00:00+00:00,1.9911932421344407,0.5029
BTCUSDT,2025-03-20 00:00:00+00:00,1.929826803780836,0.5234
BTCUSDT,2025-03-21 00:00:00+00:00,1.9281651540140552,0.5239
BTCUSDT,2025-03-22 00:00:00+00:00,1.9223588315764384,0.5259
BTCUSDT,2025-03-23 00:00:00+00:00,1.966380986053732,0.5112
BTCUSDT,2025-03-24 00:00:00+00:00,2.000879393940828,0.4997
BTCUSDT,2025-03-25 00:00:00+00:00,2.0026741040033817,0.4991
BTCUSDT,2025-03-26 00:00:00+00:00,1.9885114032158293,0.5038
BTCUSDT,2025-03-27 00:00:00+00:00,1.9967090941768977,0.5011
BTCUSDT,2025-03-28 00:00:00+00:00,1.928282346209128,0.5239
BTCUSDT,2025-03-29 00:00:00+00:00,1.8872433668233977,0.5376
BTCUSDT,2025-03-30 00:00:00+00:00,1.8812161854306808,0.5396
BTCUSDT,2025-03-31 00:00:00+00:00,1.887088049301776,0.5376
BTCUSDT,2025-04-01 00:00:00+00:00,1.950076686214192,0.5166
BTCUSDT,2025-04-02 00:00:00+00:00,1.8882773504046595,0.5372
BTCUSDT,2025-04-03 00:00:00+00:00,1.894154261812804,0.5353
BTCUSDT,2025-04-04 00:00:00+00:00,1.9126673444102584,0.5291
BTCUSDT,2025-04-05 00:00:00+00:00,1.9016833447333792,0.5328
BTCUSDT,2025-04-06 00:00:00+00:00,1.780124063587888,0.5733
BTCUSDT,2025-04-07 00:00:00+00:00,1.8128169226747144,0.5624
BTCUSDT,2025-04-08 00:00:00+00:00,1.7439655745926916,0.5853
BTCUSDT,2025-04-09 00:00:00+00:00,1.887230963523962,0.5376
BTCUSDT,2025-04-10 00:00:00+00:00,1.8147281216378448,0.5618
BTCUSDT,2025-04-11 00:00:00+00:00,1.9005276237422863,0.5332
BTCUSDT,2025-04-12 00:00:00+00:00,1.9432833469455524,0.5189
BTCUSDT,2025-04-13 00:00:00+00:00,1.9039218772421995,0.532
BTCUSDT,2025-04-14 00:00:00+00:00,1.9262023235820704,0.5246
BTCUSDT,2025-04-15 00:00:00+00:00,1.907137055165662,0.531
BTCUSDT,2025-04-16 00:00:00+00:00,1.9172708051026968,0.5276
BTCUSDT,2025-04-17 00:00:00+00:00,1.9396573992306128,0.5201
BTCUSDT,2025-04-18 00:00:00+00:00,1.9277993169752448,0.5241
BTCUSDT,2025-04-19 00:00:00+00:00,1.943457271715672,0.5188
BTCUSDT,2025-04-20 00:00:00+00:00,1.9426378432392224,0.5191
BTCUSDT,2025-04-21 00:00:00+00:00,1.9927995689339315,0.5024
BTCUSDT,2025-04-22 00:00:00+00:00,2.1282639230663345,0.4572
BTCUSDT,2025-04-23 00:00:00+00:00,2.1261098636422497,0.458
BTCUSDT,2025-04-24 00:00:00+00:00,2.126194044694234,0.4579
BTCUSDT,2025-04-25 00:00:00+00:00,2.1396892285629945,0.4534
BTCUSDT,2025-04-26 00:00:00+00:00,2.136845488242962,0.4544
BTCUSDT,2025-04-27 00:00:00+00:00,2.116303078347161,0.4612
BTCUSDT,2025-04-28 00:00:00+00:00,2.141459949747909,0.4528
BTCUSDT,2025-04-29 00:00:00+00:00,2.1164915940420426,0.4612
BTCUSDT,2025-04-30 00:00:00+00:00,2.117664419217392,0.4608
BTCUSDT,2025-05-01 00:00:00+00:00,2.1635056908519745,0.4455
BTCUSDT,2025-05-02 00:00:00+00:00,2.1700257371132774,0.4433
BTCUSDT,2025-05-03 00:00:00+00:00,2.148827641148182,0.4504
BTCUSDT,2025-05-04 00:00:00+00:00,2.113616046852985,0.4621
BTCUSDT,2025-05-05 00:00:00+00:00,2.1198315170018898,0.4601
BTCUSDT,2025-05-06 00:00:00+00:00,2.1566030190508583,0.4478
BTCUSDT,2025-05-07 00:00:00+00:00,2.164177587122982,0.4453
BTCUSDT,2025-05-08 00:00:00+00:00,2.2908345636251912,0.4031
BTCUSDT,2025-05-09 00:00:00+00:00,2.2831068959043845,0.4056
BTCUSDT,2025-05-10 00:00:00+00:00,2.317993015404475,0.394
BTCUSDT,2025-05-11 00:00:00+00:00,2.30314847924649,0.399
BTCUSDT,2025-05-12 00:00:00+00:00,2.276547512358493,0.4078
BTCUSDT,2025-05-13 00:00:00+00:00,2.2970209363653464,0.401
BTCUSDT,2025-05-14 00:00:00+00:00,2.281735209781493,0.4061
BTCUSDT,2025-05-15 00:00:00+00:00,2.2793299047250057,0.4069
BTCUSDT,2025-05-16 00:00:00+00:00,2.272925986368772,0.409
BTCUSDT,2025-05-17 00:00:00+00:00,2.263971398372875,0.412
BTCUSDT,2025-05-18 00:00:00+00:00,2.324070467635384,0.392
BTCUSDT,2025-05-19 00:00:00+00:00,2.3094629533855167,0.3968
BTCUSDT,2025-05-20 00:00:00+00:00,2.3328187609635207,0.3891
BTCUSDT,2025-05-21 00:00:00+00:00,2.387132485847717,0.371
BTCUSDT,2025-05-22 00:00:00+00:00,2.419114869272548,0.3603
BTCUSDT,2025-05-23 00:00:00+00:00,2.325244185229265,0.3916
BTCUSDT,2025-05-24 00:00:00+00:00,2.33752306327879,0.3875
BTCUSDT,2025-05-25 00:00:00+00:00,2.3575883785824456,0.3808
BTCUSDT,2025-05-26 00:00:00+00:00,2.361540962270688,0.3795
BTCUSDT,2025-05-27 00:00:00+00:00,2.3483230152239982,0.3839
BTCUSDT,2025-05-28 00:00:00+00:00,2.319565765914059,0.3935
BTCUSDT,2025-05-29 00:00:00+00:00,2.269515917375292,0.4102
BTCUSDT,2025-05-30 00:00:00+00:00,2.2301710388100866,0.4233
BTCUSDT,2025-05-31 00:00:00+00:00,2.2453195179282552,0.4182
BTCUSDT,2025-06-01 00:00:00+00:00,2.2668244854256177,0.4111
BTCUSDT,2025-06-02 00:00:00+00:00,2.2631740322455194,0.4123
BTCUSDT,2025-06-03 00:00:00+00:00,2.249049850630191,0.417
BTCUSDT,2025-06-04 00:00:00+00:00,2.230629538676052,0.4231
BTCUSDT,2025-06-05 00:00:00+00:00,2.164421975716304,0.4452
BTCUSDT,2025-06-06 00:00:00+00:00,2.221377259248508,0.4262
BTCUSDT,2025-06-07 00:00:00+00:00,2.246857184421021,0.4177
BTCUSDT,2025-06-08 00:00:00+00:00,2.2465926766265145,0.4178
BTCUSDT,2025-06-09 00:00:00+00:00,2.3383291419548384,0.3872
BTCUSDT,2025-06-10 00:00:00+00:00,2.331994320703792,0.3893
BTCUSDT,2025-06-11 00:00:00+00:00,2.299464902547621,0.4002
BTCUSDT,2025-06-12 00:00:00+00:00,2.2419620475504862,0.4193
BTCUSDT,2025-06-13 00:00:00+00:00,2.239427243662892,0.4202
BTCUSDT,2025-06-14 00:00:00+00:00,2.2271438246998114,0.4243
BTCUSDT,2025-06-15 00:00:00+00:00,2.227219971359887,0.4243
BTCUSDT,2025-06-16 00:00:00+00:00,2.258771912231857,0.4137
BTCUSDT,2025-06-17 00:00:00+00:00,2.203207202646305,0.4323
BTCUSDT,2025-06-18 00:00:00+00:00,2.20581725377894,0.4314
BTCUSDT,2025-06-19 00:00:00+00:00,2.202308074044105,0.4326
BTCUSDT,2025-06-20 00:00:00+00:00,2.1712340906871987,0.4429
BTCUSDT,2025-06-21 00:00:00+00:00,2.134108804756884,0.4553
BTCUSDT,2025-06-22 00:00:00+00:00,2.119915228385861,0.46
BTCUSDT,2025-06-23 00:00:00+00:00,2.2134869832042123,0.4288
BTCUSDT,2025-06-24 00:00:00+00:00,2.220349702793955,0.4266
BTCUSDT,2025-06-25 00:00:00+00:00,2.2450664068043222,0.4183
BTCUSDT,2025-06-26 00:00:00+00:00,2.234143825279254,0.422
BTCUSDT,2025-06-27 00:00:00+00:00,2.2307257878946083,0.4231
BTCUSDT,2025-06-28 00:00:00+00:00,2.2355962704995864,0.4215
BTCUSDT,2025-06-29 00:00:00+00:00,2.255148786868358,0.415
BTCUSDT,2025-06-30 00:00:00+00:00,2.224449219216365,0.4252
BTCUSDT,2025-07-01 00:00:00+00:00,2.190371437932748,0.4365
BTCUSDT,2025-07-02 00:00:00+00:00,2.2572933277993874,0.4142
BTCUSDT,2025-07-03 00:00:00+00:00,2.268221095554169,0.4106
BTCUSDT,2025-07-04 00:00:00+00:00,2.215345083660493,0.4282
BTCUSDT,2025-07-05 00:00:00+00:00,2.218074557692169,0.4273
BTCUSDT,2025-07-06 00:00:00+00:00,2.2363339967768048,0.4212
BTCUSDT,2025-07-07 00:00:00+00:00,2.2137003448829926,0.4288
BTCUSDT,2025-07-08 00:00:00+00:00,2.2241472452865456,0.4253
BTCUSDT,2025-07-09 00:00:00+00:00,2.268230580456622,0.4106
BTCUSDT,2025-07-10 00:00:00+00:00,2.354601798397052,0.3818
BTCUSDT,2025-07-11 00:00:00+00:00,2.38212290459618,0.3726
BTCUSDT,2025-07-12 00:00:00+00:00,2.37341147249211,0.3755
BTCUSDT,2025-07-13 00:00:00+00:00,2.4017092198498973,0.3661
BTCUSDT,2025-07-14 00:00:00+00:00,2.4125084332311304,0.3625
BTCUSDT,2025-07-15 00:00:00+00:00,2.364195114922196,0.3786
BTCUSDT,2025-07-16 00:00:00+00:00,2.368875124533446,0.377
BTCUSDT,2025-07-17 00:00:00+00:00,2.374985804949236,0.375
BTCUSDT,2025-07-18 00:00:00+00:00,2.340384009446915,0.3865
BTCUSDT,2025-07-19 00:00:00+00:00,2.336414214135971,0.3879
BTCUSDT,2025-07-20 00:00:00+00:00,2.323370138320551,0.3922
BTCUSDT,2025-07-21 00:00:00+00:00,2.3218439654227243,0.3927
BTCUSDT,2025-07-22 00:00:00+00:00,2.3670956161477066,0.3776
BTCUSDT,2025-07-23 00:00:00+00:00,2.334400354595592,0.3885
BTCUSDT,2025-07-24 00:00:00+00:00,2.3257901969225423,0.3914
BTCUSDT,2025-07-25 00:00:00+00:00,2.304027155259395,0.3987
BTCUSDT,2025-07-26 00:00:00+00:00,2.3118305041157874,0.3961
BTCUSDT,2025-07-27 00:00:00+00:00,2.338853962335245,0.387
BTCUSDT,2025-07-28 00:00:00+00:00,2.308482108720689,0.3972
BTCUSDT,2025-07-29 00:00:00+00:00,2.3014237166265827,0.3995
BTCUSDT,2025-07-30 00:00:00+00:00,2.2955727612124828,0.4015
BTCUSDT,2025-07-31 00:00:00+00:00,2.2576734658479,0.4141
BTCUSDT,2025-08-01 00:00:00+00:00,2.2070884136924738,0.431
BTCUSDT,2025-08-02 00:00:00+00:00,2.1923149563631275,0.4359
BTCUSDT,2025-08-03 00:00:00+00:00,2.2240971442941064,0.4253
BTCUSDT,2025-08-04 00:00:00+00:00,2.2406311051894656,0.4198
BTCUSDT,2025-08-05 00:00:00+00:00,2.2178999959543497,0.4274
BTCUSDT,2025-08-06 00:00:00+00:00,2.234972395493477,0.4217
BTCUSDT,2025-08-07 00:00:00+00:00,2.2781308995532936,0.4073
BTCUSDT,2025-08-08 00:00:00+00:00,2.2621480824612368,0.4126
BTCUSDT,2025-08-09 00:00:00+00:00,2.2569920501462186,0.4143
BTCUSDT,2025-08-10 00:00:00+00:00,2.307419605120224,0.3975
BTCUSDT,2025-08-11 00:00:00+00:00,2.296376996154095,0.4012
BTCUSDT,2025-08-12 00:00:00+00:00,2.320647620011929,0.3931
BTCUSDT,2025-08-13 00:00:00+00:00,2.379739102823155,0.3734
BTCUSDT,2025-08-14 00:00:00+00:00,2.282416006210002,0.4059
BTCUSDT,2025-08-15 00:00:00+00:00,2.25769289975179,0.4141
BTCUSDT,2025-08-16 00:00:00+00:00,2.25327415019919,0.4156
BTCUSDT,2025-08-17 00:00:00+00:00,2.2553050008051305,0.4149
BTCUSDT,2025-08-18 00:00:00+00:00,2.229656237704237,0.4234
BTCUSDT,2025-08-19 00:00:00+00:00,2.162405961142789,0.4459
BTCUSDT,2025-08-20 00:00:00+00:00,2.187593393945847,0.4375
BTCUSDT,2025-08-21 00:00:00+00:00,2.150092222239415,0.45
BTCUSDT,2025-08-22 00:00:00+00:00,2.2309603181709265,0.423
BTCUSDT,2025-08-23 00:00:00+00:00,2.201272176719621,0.4329
BTCUSDT,2025-08-24 00:00:00+00:00,2.1673285045149835,0.4442
BTCUSDT,2025-08-25 00:00:00+00:00,2.101608862718138,0.4661
BTCUSDT,2025-08-26 00:00:00+00:00,2.1348985660008872,0.455
BTCUSDT,2025-08-27 00:00:00+00:00,2.1218251202374474,0.4594
BTCUSDT,2025-08-28 00:00:00+00:00,2.142789122023943,0.4524
BTCUSDT,2025-08-29 00:00:00+00:00,2.0585239707912053,0.4805
BTCUSDT,2025-08-30 00:00:00+00:00,2.063022252855391,0.479
BTCUSDT,2025-08-31 00:00:00+00:00,2.054653984489101,0.4818
BTCUSDT,2025-09-01 00:00:00+00:00,2.066472278033613,0.4778
BTCUSDT,2025-09-02 00:00:00+00:00,2.106133166120609,0.4646
BTCUSDT,2025-09-03 00:00:00+00:00,2.117352868701102,0.4609
BTCUSDT,2025-09-04 00:00:00+00:00,2.0988399671512,0.4671
BTCUSDT,2025-09-05 00:00:00+00:00,2.09099108963154,0.4697
BTCUSDT,2025-09-06 00:00:00+00:00,2.081547548704114,0.4728
BTCUSDT,2025-09-07 00:00:00+00:00,2.100795508587898,0.4664
BTCUSDT,2025-09-08 00:00:00+00:00,2.114485395928852,0.4618
BTCUSDT,2025-09-09 00:00:00+00:00,2.1019000165432096,0.466
BTCUSDT,2025-09-10 00:00:00+00:00,2.145924375428194,0.4514
BTCUSDT,2025-09-11 00:00:00+00:00,2.171828406012249,0.4427
BTCUSDT,2025-09-12 00:00:00+00:00,2.1834524058125826,0.4388
BTCUSDT,2025-09-13 00:00:00+00:00,2.178678922337634,0.4404
BTCUSDT,2025-09-14 00:00:00+00:00,2.1673601179200923,0.4442
BTCUSDT,2025-09-15 00:00:00+00:00,2.1656665085615017,0.4448
BTCUSDT,2025-09-16 00:00:00+00:00,2.1888797241350617,0.437
BTCUSDT,2025-09-17 00:00:00+00:00,2.181807025941312,0.4394
BTCUSDT,2025-09-18 00:00:00+00:00,2.188425256780357,0.4372
BTCUSDT,2025-09-19 00:00:00+00:00,2.1584515968726663,0.4472
BTCUSDT,2025-09-20 00:00:00+00:00,2.1600824520314994,0.4466
BTCUSDT,2025-09-21 00:00:00+00:00,2.1511992423053936,0.4496
BTCUSDT,2025-09-22 00:00:00+00:00,2.1030843290113816,0.4656
BTCUSDT,2025-09-23 00:00:00+00:00,2.0884207525288683,0.4705
BTCUSDT,2025-09-24 00:00:00+00:00,2.1098438050041244,0.4634
BTCUSDT,2025-09-25 00:00:00+00:00,2.031242470311528,0.4896
BTCUSDT,2025-09-26 00:00:00+00:00,2.039297742066763,0.4869
BTCUSDT,2025-09-27 00:00:00+00:00,2.0384097258593883,0.4872
BTCUSDT,2025-09-28 00:00:00+00:00,2.084398213626927,0.4719
BTCUSDT,2025-09-29 00:00:00+00:00,2.122720877587773,0.4591
BTCUSDT,2025-09-30 00:00:00+00:00,2.112807213335253,0.4624
BTCUSDT,2025-10-01 00:00:00+00:00,2.186155026712077,0.4379
BTCUSDT,2025-10-02 00:00:00+00:00,2.221772196583208,0.4261
BTCUSDT,2025-10-03 00:00:00+00:00,2.249202943238196,0.4169
BTCUSDT,2025-10-04 00:00:00+00:00,2.247639041410611,0.4175
BTCUSDT,2025-10-05 00:00:00+00:00,2.266766621760195,0.4111
BTCUSDT,2025-10-06 00:00:00+00:00,2.287145426879909,0.4043
BTCUSDT,2025-10-07 00:00:00+00:00,2.219347428097428,0.4269
BTCUSDT,2025-10-08 00:00:00+00:00,2.248606081441407,0.4171
BTCUSDT,2025-10-09 00:00:00+00:00,2.2125534313089377,0.4291
BTCUSDT,2025-10-10 00:00:00+00:00,2.070562788244427,0.4765
BTCUSDT,2025-10-11 00:00:00+00:00,2.0194789962614186,0.4935
BTCUSDT,2025-10-12 00:00:00+00:00,2.0951257451651712,0.4683
BTCUSDT,2025-10-13 00:00:00+00:00,2.09746317757528,0.4675
BTCUSDT,2025-10-14 00:00:00+00:00,2.056829337301677,0.4811
BTCUSDT,2025-10-15 00:00:00+00:00,2.0058910258061653,0.498
BTCUSDT,2025-10-16 00:00:00+00:00,1.9578568178170297,0.514
BTCUSDT,2025-10-17 00:00:00+00:00,1.92928303157762,0.5236
BTCUSDT,2025-10-18 00:00:00+00:00,1.938149518377999,0.5206
BTCUSDT,2025-10-19 00:00:00+00:00,1.965929731213064,0.5114
BTCUSDT,2025-10-20 00:00:00+00:00,2.000241242040893,0.4999
BTCUSDT,2025-10-21 00:00:00+00:00,1.9642552693241937,0.5119
BTCUSDT,2025-10-22 00:00:00+00:00,1.9422693938130509,0.5192
BTCUSDT,2025-10-23 00:00:00+00:00,1.983850582920296,0.5054
BTCUSDT,2025-10-24 00:00:00+00:00,2.0002399703642184,0.4999
BTCUSDT,2025-10-25 00:00:00+00:00,2.010123020095332,0.4966
BTCUSDT,2025-10-26 00:00:00+00:00,2.061141989497095,0.4796
BTCUSDT,2025-10-27 00:00:00+00:00,2.0506486983041583,0.4831
BTCUSDT,2025-10-28 00:00:00+00:00,2.0269852854220023,0.491
BTCUSDT,2025-10-29 00:00:00+00:00,1.9748570714184712,0.5084
BTCUSDT,2025-10-30 00:00:00+00:00,1.9325248327320044,0.5225
BTCUSDT,2025-10-31 00:00:00+00:00,1.9596274069163773,0.5135
BTCUSDT,2025-11-01 00:00:00+00:00,1.9663440701835693,0.5112
BTCUSDT,2025-11-02 00:00:00+00:00,1.97277646963442,0.5091
BTCUSDT,2025-11-03 00:00:00+00:00,1.9020882532144816,0.5326
BTCUSDT,2025-11-04 00:00:00+00:00,1.8116855886218344,0.5628
BTCUSDT,2025-11-05 00:00:00+00:00,1.857055734420492,0.5476
BTCUSDT,2025-11-06 00:00:00+00:00,1.8097201631689657,0.5634
BTCUSDT,2025-11-07 00:00:00+00:00,1.8428465053331915,0.5524
BTCUSDT,2025-11-08 00:00:00+00:00,1.8227583856026048,0.5591
BTCUSDT,2025-11-09 00:00:00+00:00,1.8641651761462623,0.5453
BTCUSDT,2025-11-10 00:00:00+00:00,1.8875443600732529,0.5375
BTCUSDT,2025-11-11 00:00:00+00:00,1.8318881974218435,0.556
BTCUSDT,2025-11-12 00:00:00+00:00,1.8085099031300795,0.5638
BTCUSDT,2025-11-13 00:00:00+00:00,1.7800126434105843,0.5733
BTCUSDT,2025-11-14 00:00:00+00:00,1.6842606972655323,0.6052
BTCUSDT,2025-11-15 00:00:00+00:00,1.7025099652616345,0.5992
BTCUSDT,2025-11-16 00:00:00+00:00,1.6785525812642024,0.6071
BTCUSDT,2025-11-17 00:00:00+00:00,1.6392867114437717,0.6202
BTCUSDT,2025-11-18 00:00:00+00:00,1.654516965238705,0.6152
BTCUSDT,2025-11-19 00:00:00+00:00,1.628739580213074,0.6238
BTCUSDT,2025-11-20 00:00:00+00:00,1.5515619978194948,0.6495
BTCUSDT,2025-11-21 00:00:00+00:00,1.5202473672522108,0.6599
BTCUSDT,2025-11-22 00:00:00+00:00,1.5063202250156789,0.6646
BTCUSDT,2025-11-23 00:00:00+00:00,1.5408129016405956,0.6531
BTCUSDT,2025-11-24 00:00:00+00:00,1.5674035927405892,0.6442
BTCUSDT,2025-11-25 00:00:00+00:00,1.5507097680723907,0.6498
BTCUSDT,2025-11-26 00:00:00+00:00,1.6019179596137352,0.6327
BTCUSDT,2025-11-27 00:00:00+00:00,1.6180110246025807,0.6273
BTCUSDT,2025-11-28 00:00:00+00:00,1.6124043653578792,0.6292
BTCUSDT,2025-11-29 00:00:00+00:00,1.609812435967487,0.6301
BTCUSDT,2025-11-30 00:00:00+00:00,1.605936798624271,0.6314
BTCUSDT,2025-12-01 00:00:00+00:00,1.533958697259218,0.6553
BTCUSDT,2025-12-02 00:00:00+00:00,1.6233866164835693,0.6255
BTCUSDT,2025-12-03 00:00:00+00:00,1.6594397707736588,0.6135
BTCUSDT,2025-12-04 00:00:00+00:00,1.6346860768202705,0.6218
BTCUSDT,2025-12-05 00:00:00+00:00,1.5845510954223283,0.6385
BTCUSDT,2025-12-06 00:00:00+00:00,1.5825974776524672,0.6391
BTCUSDT,2025-12-07 00:00:00+00:00,1.5985004613781386,0.6338
BTCUSDT,2025-12-08 00:00:00+00:00,1.6096177386431436,0.6301
BTCUSDT,2025-12-09 00:00:00+00:00,1.6469894512126808,0.6177
BTCUSDT,2025-12-10 00:00:00+00:00,1.6325770870501284,0.6225
BTCUSDT,2025-12-11 00:00:00+00:00,1.6416453987249755,0.6195
BTCUSDT,2025-12-12 00:00:00+00:00,1.6020026597826391,0.6327
BTCUSDT,2025-12-13 00:00:00+00:00,1.6004071227927794,0.6332
BTCUSDT,2025-12-14 00:00:00+00:00,1.5625992937931457,0.6458
BTCUSDT,2025-12-15 00:00:00+00:00,1.5334507834438562,0.6555
BTCUSDT,2025-12-16 00:00:00+00:00,1.5583000660090016,0.6472
BTCUSDT,2025-12-17 00:00:00+00:00,1.529104503632707,0.657
BTCUSDT,2025-12-18 00:00:00+00:00,1.5183951212093736,0.6605
BTCUSDT,2025-12-19 00:00:00+00:00,1.5669393446155329,0.6444
BTCUSDT,2025-12-20 00:00:00+00:00,1.5699331395911071,0.6434
BTCUSDT,2025-12-21 00:00:00+00:00,1.5740329131051052,0.642
BTCUSDT,2025-12-22 00:00:00+00:00,1.5730377244463174,0.6423
BTCUSDT,2025-12-23 00:00:00+00:00,1.5534926720508595,0.6488
BTCUSDT,2025-12-24 00:00:00+00:00,1.5586263806194096,0.6471
BTCUSDT,2025-12-25 00:00:00+00:00,1.5515779428765888,0.6495
BTCUSDT,2025-12-26 00:00:00+00:00,1.5547999122682277,0.6484
BTCUSDT,2025-12-27 00:00:00+00:00,1.561130488616242,0.6463
BTCUSDT,2025-12-28 00:00:00+00:00,1.5623713813655935,0.6459
BTCUSDT,2025-12-29 00:00:00+00:00,1.55184373281198,0.6494
BTCUSDT,2025-12-30 00:00:00+00:00,1.575194732866138,0.6416
BTCUSDT,2025-12-31 00:00:00+00:00,1.5599368640000817,0.6467
BTCUSDT,2026-01-01 00:00:00+00:00,1.5805666838787138,0.6398
BTCUSDT,2026-01-02 00:00:00+00:00,1.6028335346054856,0.6324
BTCUSDT,2026-01-03 00:00:00+00:00,1.6144428345714437,0.6285
BTCUSDT,2026-01-04 00:00:00+00:00,1.6278233718322608,0.6241
BTCUSDT,2026-01-05 00:00:00+00:00,1.6729656061920013,0.609
BTCUSDT,2026-01-06 00:00:00+00:00,1.6656981847227377,0.6114
BTCUSDT,2026-01-07 00:00:00+00:00,1.6234736025512655,0.6255
BTCUSDT,2026-01-08 00:00:00+00:00,1.6216948371778772,0.6261
BTCUSDT,2026-01-09 00:00:00+00:00,1.6124074298017157,0.6292
BTCUSDT,2026-01-10 00:00:00+00:00,1.6100132123879032,0.63
BTCUSDT,2026-01-11 00:00:00+00:00,1.61585640170226,0.628
BTCUSDT,2026-01-12 00:00:00+00:00,1.6235117369511671,0.6255
BTCUSDT,2026-01-13 00:00:00+00:00,1.6956457102183624,0.6015
BTCUSDT,2026-01-14 00:00:00+00:00,1.725258285011508,0.5916
BTCUSDT,2026-01-15 00:00:00+00:00,1.698251329285832,0.6006
BTCUSDT,2026-01-16 00:00:00+00:00,1.6967501163466352,0.6011
BTCUSDT,2026-01-17 00:00:00+00:00,1.6895599397740113,0.6035
BTCUSDT,2026-01-18 00:00:00+00:00,1.6743922801666509,0.6085
BTCUSDT,2026-01-19 00:00:00+00:00,1.6436868798008475,0.6188
BTCUSDT,2026-01-20 00:00:00+00:00,1.5689223614895769,0.6437
BTCUSDT,2026-01-21 00:00:00+00:00,1.5933664347912715,0.6355
BTCUSDT,2026-01-22 00:00:00+00:00,1.5900557424434003,0.6366
BTCUSDT,2026-01-23 00:00:00+00:00,1.597227656500748,0.6343
BTCUSDT,2026-01-24 00:00:00+00:00,1.5927055312322624,0.6358
BTCUSDT,2026-01-25 00:00:00+00:00,1.5441681672754624,0.6519
BTCUSDT,2026-01-26 00:00:00+00:00,1.5779781705662028,0.6407
BTCUSDT,2026-01-27 00:00:00+00:00,1.594258404220792,0.6352
BTCUSDT,2026-01-28 00:00:00+00:00,1.5929682871962685,0.6357
BTCUSDT,2026-01-29 00:00:00+00:00,1.5108463744510503,0.6631
BTCUSDT,2026-01-30 00:00:00+00:00,1.502794123367734,0.6657
BTCUSDT,2026-01-31 00:00:00+00:00,1.409206961565977,0.6969
BTCUSDT,2026-02-01 00:00:00+00:00,1.3779375282101731,0.7074
BTCUSDT,2026-02-02 00:00:00+00:00,1.411272421681785,0.6962
BTCUSDT,2026-02-03 00:00:00+00:00,1.3597906397012431,0.7134
BTCUSDT,2026-02-04 00:00:00+00:00,1.315930750700471,0.728
BTCUSDT,2026-02-05 00:00:00+00:00,1.1497951473288677,0.7834
BTCUSDT,2026-02-06 00:00:00+00:00,1.2794885803917828,0.7402
BTCUSDT,2026-02-07 00:00:00+00:00,1.2542864998384384,0.7486
BTCUSDT,2026-02-08 00:00:00+00:00,1.278752679408799,0.7404
BTCUSDT,2026-02-09 00:00:00+00:00,1.274890122985872,0.7417
BTCUSDT,2026-02-10 00:00:00+00:00,1.2481033012418763,0.7506
BTCUSDT,2026-02-11 00:00:00+00:00,1.2182387788490885,0.7606
BTCUSDT,2026-02-12 00:00:00+00:00,1.205655751536307,0.7648
BTCUSDT,2026-02-13 00:00:00+00:00,1.2543817127922632,0.7485
BTCUSDT,2026-02-14 00:00:00+00:00,1.271428434942344,0.7429
BTCUSDT,2026-02-15 00:00:00+00:00,1.2503520156434709,0.7499
BTCUSDT,2026-02-16 00:00:00+00:00,1.2529918805039757,0.749
BTCUSDT,2026-02-17 00:00:00+00:00,1.230359595565078,0.7565
BTCUSDT,2026-02-18 00:00:00+00:00,1.21146371466258,0.7628
BTCUSDT,2026-02-19 00:00:00+00:00,1.221844787848528,0.7594
BTCUSDT,2026-02-20 00:00:00+00:00,1.2419474106076231,0.7527
BTCUSDT,2026-02-21 00:00:00+00:00,1.2427727388908911,0.7524
BTCUSDT,2026-02-22 00:00:00+00:00,1.234286313377275,0.7552
BTCUSDT,2026-02-23 00:00:00+00:00,1.1831842972470237,0.7723
BTCUSDT,2026-02-24 00:00:00+00:00,1.1743319937937022,0.7752
BTCUSDT,2026-02-25 00:00:00+00:00,1.2461229941727416,0.7513
BTCUSDT,2026-02-26 00:00:00+00:00,1.2368113915864165,0.7544
BTCUSDT,2026-02-27 00:00:00+00:00,1.2073254705520615,0.7642
BTCUSDT,2026-02-28 00:00:00+00:00,1.2275612619982268,0.7575
BTCUSDT,2026-03-01 00:00:00+00:00,1.2052481747995247,0.7649
BTCUSDT,2026-03-02 00:00:00+00:00,1.263760682233652,0.7454
BTCUSDT,2026-03-03 00:00:00+00:00,1.2548907532524818,0.7484
BTCUSDT,2026-03-04 00:00:00+00:00,1.3324599332646212,0.7225
BTCUSDT,2026-03-05 00:00:00+00:00,1.3020998734899651,0.7326
BTCUSDT,2026-03-06 00:00:00+00:00,1.252787494903745,0.7491
BTCUSDT,2026-03-07 00:00:00+00:00,1.236301300128931,0.7546
BTCUSDT,2026-03-08 00:00:00+00:00,1.2160004257646573,0.7613
BTCUSDT,2026-03-09 00:00:00+00:00,1.258828872642114,0.7471
BTCUSDT,2026-03-10 00:00:00+00:00,1.2838921987216931,0.7387
BTCUSDT,2026-03-11 00:00:00+00:00,1.2926305604960422,0.7358
BTCUSDT,2026-03-12 00:00:00+00:00,1.297352966463531,0.7342
BTCUSDT,2026-03-13 00:00:00+00:00,1.30454126489792,0.7318
BTCUSDT,2026-03-14 00:00:00+00:00,1.3085611269402389,0.7305
BTCUSDT,2026-03-15 00:00:00+00:00,1.3372863065162932,0.7209
BTCUSDT,2026-03-16 00:00:00+00:00,1.3736647820354706,0.7088
BTCUSDT,2026-03-17 00:00:00+00:00,1.3620392217241302,0.7127
BTCUSDT,2026-03-18 00:00:00+00:00,1.3108271207032425,0.7297
BTCUSDT,2026-03-19 00:00:00+00:00,1.2873233530441244,0.7376
BTCUSDT,2026-03-20 00:00:00+00:00,1.2979134579553593,0.734
BTCUSDT,2026-03-21 00:00:00+00:00,1.2832286394689276,0.7389
BTCUSDT,2026-03-22 00:00:00+00:00,1.2516621596693465,0.7494
BTCUSDT,2026-03-23 00:00:00+00:00,1.3014094083299217,0.7329
BTCUSDT,2026-03-24 00:00:00+00:00,1.3002777489726736,0.7332
BTCUSDT,2026-03-25 00:00:00+00:00,1.31291879231233,0.729
BTCUSDT,2026-03-26 00:00:00+00:00,1.2664072256679189,0.7445
BTCUSDT,2026-03-27 00:00:00+00:00,1.221391534843414,0.7595
BTCUSDT,2026-03-28 00:00:00+00:00,1.2242821302425808,0.7586
BTCUSDT,2026-03-29 00:00:00+00:00,1.2173465160210977,0.7609
BTCUSDT,2026-03-30 00:00:00+00:00,1.2307677885365405,0.7564
BTCUSDT,2026-03-31 00:00:00+00:00,1.2594615926249515,0.7468
BTCUSDT,2026-04-01 00:00:00+00:00,1.2578004357870882,0.7474
BTCUSDT,2026-04-02 00:00:00+00:00,1.2361570581529682,0.7546
BTCUSDT,2026-04-03 00:00:00+00:00,1.2360952901456137,0.7546
BTCUSDT,2026-04-04 00:00:00+00:00,1.2435879583030514,0.7521
BTCUSDT,2026-04-05 00:00:00+00:00,1.2731860065048008,0.7423
BTCUSDT,2026-04-06 00:00:00+00:00,1.270093812424762,0.7433
BTCUSDT,2026-04-07 00:00:00+00:00,1.330703341528385,0.7231
BTCUSDT,2026-04-08 00:00:00+00:00,1.3129220338742065,0.729
BTCUSDT,2026-04-09 00:00:00+00:00,1.325828946125455,0.7247
BTCUSDT,2026-04-10 00:00:00+00:00,1.3468426562660187,0.7177
BTCUSDT,2026-04-11 00:00:00+00:00,1.3497406830177825,0.7168
BTCUSDT,2026-04-12 00:00:00+00:00,1.3049673347970956,0.7317
BTCUSDT,2026-04-13 00:00:00+00:00,1.3770482398402828,0.7077
BTCUSDT,2026-04-14 00:00:00+00:00,1.3687529040183417,0.7104
BTCUSDT,2026-04-15 00:00:00+00:00,1.3796263886883915,0.7068
BTCUSDT,2026-04-16 00:00:00+00:00,1.3856258612153995,0.7048
BTCUSDT,2026-04-17 00:00:00+00:00,1.4223235153878984,0.6926
BTCUSDT,2026-04-18 00:00:00+00:00,1.3980047368399022,0.7007
BTCUSDT,2026-04-19 00:00:00+00:00,1.3634656752952106,0.7122
BTCUSDT,2026-04-20 00:00:00+00:00,1.3987305546501194,0.7004
BTCUSDT,2026-04-21 00:00:00+00:00,1.4040391749892125,0.6987
BTCUSDT,2026-04-22 00:00:00+00:00,1.4451816880881303,0.6849
BTCUSDT,2026-04-23 00:00:00+00:00,1.4435180102987248,0.6855
BTCUSDT,2026-04-24 00:00:00+00:00,1.4313054086958683,0.6896
BTCUSDT,2026-04-25 00:00:00+00:00,1.4345741475645932,0.6885
BTCUSDT,2026-04-26 00:00:00+00:00,1.4512399107371683,0.6829
BTCUSDT,2026-04-27 00:00:00+00:00,1.4274966444382788,0.6908
BTCUSDT,2026-04-28 00:00:00+00:00,1.4098968122284417,0.6967
BTCUSDT,2026-04-29 00:00:00+00:00,1.4012950588480768,0.6996
BTCUSDT,2026-04-30 00:00:00+00:00,1.4109087161770764,0.6964
BTCUSDT,2026-05-01 00:00:00+00:00,1.4441109410626063,0.6853
BTCUSDT,2026-05-02 00:00:00+00:00,1.4546787719928145,0.6818
BTCUSDT,2026-05-03 00:00:00+00:00,1.4532128991393036,0.6823
BTCUSDT,2026-05-04 00:00:00+00:00,1.4734139625232838,0.6755
BTCUSDT,2026-05-05 00:00:00+00:00,1.49326488273632,0.6689
BTCUSDT,2026-05-06 00:00:00+00:00,1.5007289347155643,0.6664
BTCUSDT,2026-05-07 00:00:00+00:00,1.4754077327071486,0.6749
BTCUSDT,2026-05-08 00:00:00+00:00,1.4788069377076725,0.6737
BTCUSDT,2026-05-09 00:00:00+00:00,1.4875564619691928,0.6708
BTCUSDT,2026-05-10 00:00:00+00:00,1.5165762999799848,0.6611
BTCUSDT,2026-05-11 00:00:00+00:00,1.5062797314103844,0.6646
BTCUSDT,2026-05-12 00:00:00+00:00,1.4843434176790684,0.6719
BTCUSDT,2026-05-13 00:00:00+00:00,1.4616979219598496,0.6794
BTCUSDT,2026-05-14 00:00:00+00:00,1.496291810555883,0.6679
BTCUSDT,2026-05-15 00:00:00+00:00,1.4576482075977495,0.6808
BTCUSDT,2026-05-16 00:00:00+00:00,1.4411207320741923,0.6863
BTCUSDT,2026-05-17 00:00:00+00:00,1.4288785719516937,0.6904
BTCUSDT,2026-05-18 00:00:00+00:00,1.419569255459985,0.6935
BTCUSDT,2026-05-19 00:00:00+00:00,1.4170368263075273,0.6943
BTCUSDT,2026-05-20 00:00:00+00:00,1.4282474320399443,0.6906
BTCUSDT,2026-05-21 00:00:00+00:00,1.4318398636638516,0.6894
BTCUSDT,2026-05-22 00:00:00+00:00,1.3951977957217805,0.7016
BTCUSDT,2026-05-23 00:00:00+00:00,1.4145646606056597,0.6951
BTCUSDT,2026-05-24 00:00:00+00:00,1.4206921481906591,0.6931
BTCUSDT,2026-05-25 00:00:00+00:00,1.425980680386381,0.6913
BTCUSDT,2026-05-26 00:00:00+00:00,1.4000760710265765,0.7
BTCUSDT,2026-05-27 00:00:00+00:00,1.3720698989749525,0.7093
BTCUSDT,2026-05-28 00:00:00+00:00,1.359302863594602,0.7136
BTCUSDT,2026-05-29 00:00:00+00:00,1.3570300412340588,0.7143
BTCUSDT,2026-05-30 00:00:00+00:00,1.3648020345772152,0.7117
BTCUSDT,2026-05-31 00:00:00+00:00,1.3623994613070085,0.7125
BTCUSDT,2026-06-01 00:00:00+00:00,1.321374781897173,0.7262
BTCUSDT,2026-06-02 00:00:00+00:00,1.23601499491039,0.7547
BTCUSDT,2026-06-03 00:00:00+00:00,1.1956320534404263,0.7681
BTCUSDT,2026-06-04 00:00:00+00:00,1.1858932878748485,0.7714
BTCUSDT,2026-06-05 00:00:00+00:00,1.1367970410942183,0.7877
BTCUSDT,2026-06-06 00:00:00+00:00,1.1346458274405713,0.7885
BTCUSDT,2026-06-07 00:00:00+00:00,1.178976675309288,0.7737
BTCUSDT,2026-06-08 00:00:00+00:00,1.1785132598364798,0.7738
BTCUSDT,2026-06-09 00:00:00+00:00,1.1517566167396358,0.7827
BTCUSDT,2026-06-10 00:00:00+00:00,1.148835844703938,0.7837
BTCUSDT,2026-06-11 00:00:00+00:00,1.1875449707608752,0.7708
BTCUSDT,2026-06-12 00:00:00+00:00,1.1877855212466688,0.7707
BTCUSDT,2026-06-13 00:00:00+00:00,1.205481911068106,0.7648
BTCUSDT,2026-06-14 00:00:00+00:00,1.2276315476665296,0.7575
BTCUSDT,2026-06-15 00:00:00+00:00,1.2393546167038156,0.7535
BTCUSDT,2026-06-16 00:00:00+00:00,1.2287326760856152,0.7571
BTCUSDT,2026-06-17 00:00:00+00:00,1.2059072762898515,0.7647
BTCUSDT,2026-06-18 00:00:00+00:00,1.1772253837760067,0.7743
BTCUSDT,2026-06-19 00:00:00+00:00,1.186374409712872,0.7712
BTCUSDT,2026-06-20 00:00:00+00:00,1.2034610271445665,0.7655
BTCUSDT,2026-06-21 00:00:00+00:00,1.186796520860484,0.7711
BTCUSDT,2026-06-22 00:00:00+00:00,1.197421605598321,0.7675
BTCUSDT,2026-06-23 00:00:00+00:00,1.1731976651833005,0.7756
BTCUSDT,2026-06-24 00:00:00+00:00,1.14232532504498,0.7859
BTCUSDT,2026-06-25 00:00:00+00:00,1.12407957629493,0.792
BTCUSDT,2026-06-26 00:00:00+00:00,1.1270469384410169,0.791
BTCUSDT,2026-06-27 00:00:00+00:00,1.127011418515148,0.791
BTCUSDT,2026-06-28 00:00:00+00:00,1.1189318202539256,0.7937
BTCUSDT,2026-06-29 00:00:00+00:00,1.1322838457186375,0.7892
BTCUSDT,2026-06-30 00:00:00+00:00,1.1027805682008869,0.7991
BTCUSDT,2026-07-01 00:00:00+00:00,1.1321108720363224,0.7893
BTCUSDT,2026-07-02 00:00:00+00:00,1.1581855624958048,0.7806
BTCUSDT,2026-07-03 00:00:00+00:00,1.1792987088316838,0.7736
BTCUSDT,2026-07-04 00:00:00+00:00,1.1891572189350943,0.7703
BTCUSDT,2026-07-05 00:00:00+00:00,1.1990647636450065,0.767
BTCUSDT,2026-07-06 00:00:00+00:00,1.2073954618124445,0.7642
BTCUSDT,2026-07-07 00:00:00+00:00,1.196288648174336,0.7679
BTCUSDT,2026-07-08 00:00:00+00:00,1.173170745233849,0.7756
BTCUSDT,2026-07-09 00:00:00+00:00,1.1916595724436172,0.7694
BTCUSDT,2026-07-10 00:00:00+00:00,1.2097400850398004,0.7634
BTCUSDT,2026-07-11 00:00:00+00:00,1.2054984500945254,0.7648
BTCUSDT,2026-07-12 00:00:00+00:00,1.2028364345302107,0.7657
BTCUSDT,2026-07-13 00:00:00+00:00,1.174318418220534,0.7752
BTCUSDT,2026-07-14 00:00:00+00:00,1.2276267731645216,0.7575
BTCUSDT,2026-07-15 00:00:00+00:00,1.2245682153726964,0.7585
BTCUSDT,2026-07-16 00:00:00+00:00,1.2064208959075768,0.7645
BTCUSDT,2026-07-17 00:00:00+00:00,1.2091270996686685,0.7636
BTCUSDT,2026-07-18 00:00:00+00:00,1.225397192666522,0.7582
BTCUSDT,2026-07-19 00:00:00+00:00,1.2229930312358035,0.759
BTCUSDT,2026-07-20 00:00:00+00:00,1.2327473883123754,0.7558
BTCUSDT,2026-07-21 00:00:00+00:00,1.2553791423473124,0.7482
BTCUSDT,2026-07-22 00:00:00+00:00,1.2476042702123693,0.7508
BTCUSDT,2026-07-23 00:00:00+00:00,1.230958318826041,0.7563
BTCUSDT,2026-07-24 00:00:00+00:00,1.2125716215451372,0.7625
BTCUSDT,2026-07-25 00:00:00+00:00,1.2164163415587756,0.7612
BTCUSDT,2026-07-26 00:00:00+00:00,1.2352156606776297,0.7549
BTCUSDT,2026-07-27 00:00:00+00:00,1.2052013444237608,0.7649
BTCUSDT,2026-07-28 00:00:00+00:00,1.205490199335648,0.7648
BTCUSDT,2026-07-29 00:00:00+00:00,1.2088544364298526,0.7637
BTCUSDT,2026-07-30 00:00:00+00:00,1.2262799635545538,0.7579
BTCUSDT,2026-07-31 00:00:00+00:00,1.189970381191086,0.77
BTCUSDT,2026-08-01 00:00:00+00:00,1.1887286460199475,0.7704
BTCUSDT,2026-08-02 00:00:00+00:00,1.201895276659115,0.766
BTCUSDT,2026-08-03 00:00:00+00:00,1.2028012046866423,0.7657
BTCUSDT,2026-08-04 00:00:00+00:00,1.2162144313735614,0.7613
BTCUSDT,2026-08-05 00:00:00+00:00,1.2251059832401532,0.7583
BTCUSDT,2026-08-06 00:00:00+00:00,1.2175780136267051,0.7608
BTCUSDT,2026-08-07 00:00:00+00:00,1.2302038699452365,0.7566
BTCUSDT,2026-08-08 00:00:00+00:00,1.2308097221233911,0.7564
BTCUSDT,2026-08-09 00:00:00+00:00,1.2301135746614489,0.7566
BTCUSDT,2026-08-10 00:00:00+00:00,1.2122143561693552,0.7626
BTCUSDT,2026-08-11 00:00:00+00:00,1.2056671434624349,0.7648
BTCUSDT,2026-08-12 00:00:00+00:00,1.2025578842369824,0.7658
BTCUSDT,2026-08-13 00:00:00+00:00,1.2034349432766869,0.7655
BTCUSDT,2026-08-14 00:00:00+00:00,1.1947029600977743,0.7684
BTCUSDT,2026-08-15 00:00:00+00:00,1.1968106310165283,0.7677
BTCUSDT,2026-08-16 00:00:00+00:00,1.1930314938000863,0.769
BTCUSDT,2026-08-17 00:00:00+00:00,1.2236699946656513,0.7588
BTCUSDT,2026-08-18 00:00:00+00:00,1.2289337251062162,0.757
ETHUSDT,2015-08-08 00:00:00+00:00,5.78278879,0.0
ETHUSDT,2015-08-09 00:00:00+00:00,4.88081534,0.0
ETHUSDT,2015-08-10 00:00:00+00:00,4.62344756,0.0
ETHUSDT,2015-08-11 00:00:00+00:00,3.83427474,0.0
ETHUSDT,2015-08-12 00:00:00+00:00,4.70208081,0.0
ETHUSDT,2015-08-13 00:00:00+00:00,6.08626751,0.0
ETHUSDT,2015-08-14 00:00:00+00:00,5.43349984,0.0
ETHUSDT,2015-08-15 00:00:00+00:00,4.41871028,0.0
ETHUSDT,2015-08-16 00:00:00+00:00,3.78569826,0.0
ETHUSDT,2015-08-17 00:00:00+00:00,3.81169381,0.0
ETHUSDT,2015-08-18 00:00:00+00:00,3.15009403,0.1166
ETHUSDT,2015-08-19 00:00:00+00:00,3.4798352,0.0067
ETHUSDT,2015-08-20 00:00:00+00:00,3.98691003,0.0
ETHUSDT,2015-08-21 00:00:00+00:00,3.77588797,0.0
ETHUSDT,2015-08-22 00:00:00+00:00,3.64363585,0.0
ETHUSDT,2015-08-23 00:00:00+00:00,3.49516511,0.0016
ETHUSDT,2015-08-24 00:00:00+00:00,3.24203363,0.086
ETHUSDT,2015-08-25 00:00:00+00:00,3.28295633,0.0723
ETHUSDT,2015-08-26 00:00:00+00:00,3.0647458,0.1451
ETHUSDT,2015-08-27 00:00:00+00:00,2.96609185,0.178
ETHUSDT,2015-08-28 00:00:00+00:00,3.29829906,0.0672
ETHUSDT,2015-08-29 00:00:00+00:00,3.02115454,0.1596
ETHUSDT,2015-08-30 00:00:00+00:00,3.30712308,0.0643
ETHUSDT,2015-08-31 00:00:00+00:00,3.27217355,0.0759
ETHUSDT,2015-09-01 00:00:00+00:00,3.31858996,0.0605
ETHUSDT,2015-09-02 00:00:00+00:00,3.21459317,0.0951
ETHUSDT,2015-09-03 00:00:00+00:00,3.04856863,0.1505
ETHUSDT,2015-09-04 00:00:00+00:00,3.03745708,0.1542
ETHUSDT,2015-09-05 00:00:00+00:00,3.30058859,0.0665
ETHUSDT,2015-09-06 00:00:00+00:00,3.23900739,0.087
ETHUSDT,2015-09-07 00:00:00+00:00,3.09867966,0.1338
ETHUSDT,2015-09-08 00:00:00+00:00,3.06021213,0.1466
ETHUSDT,2015-09-09 00:00:00+00:00,2.83894004,0.2204
ETHUSDT,2015-09-10 00:00:00+00:00,2.78973383,0.2368
ETHUSDT,2015-09-11 00:00:00+00:00,2.25259009,0.4158
ETHUSDT,2015-09-12 00:00:00+00:00,2.68992164,0.27
ETHUSDT,2015-09-13 00:00:00+00:00,2.15049852,0.4498
ETHUSDT,2015-09-14 00:00:00+00:00,2.29659908,0.4011
ETHUSDT,2015-09-15 00:00:00+00:00,2.5170821,0.3276
ETHUSDT,2015-09-16 00:00:00+00:00,2.48099049,0.3397
ETHUSDT,2015-09-17 00:00:00+00:00,2.33899071,0.387
ETHUSDT,2015-09-18 00:00:00+00:00,2.28456208,0.4051
ETHUSDT,2015-09-19 00:00:00+00:00,2.34796246,0.384
ETHUSDT,2015-09-20 00:00:00+00:00,2.47372585,0.3421
ETHUSDT,2015-09-21 00:00:00+00:00,2.46892478,0.3437
ETHUSDT,2015-09-22 00:00:00+00:00,2.15548222,0.4482
ETHUSDT,2015-09-23 00:00:00+00:00,2.39300012,0.369
ETHUSDT,2015-09-24 00:00:00+00:00,2.13476982,0.4551
ETHUSDT,2015-09-25 00:00:00+00:00,1.84051674,0.5532
ETHUSDT,2015-09-26 00:00:00+00:00,2.04735816,0.4842
ETHUSDT,2015-09-27 00:00:00+00:00,1.87468697,0.5418
ETHUSDT,2015-09-28 00:00:00+00:00,1.63593024,0.6214
ETHUSDT,2015-09-29 00:00:00+00:00,1.81560795,0.5615
ETHUSDT,2015-09-30 00:00:00+00:00,1.88747036,0.5375
ETHUSDT,2015-10-01 00:00:00+00:00,1.7449154,0.585
ETHUSDT,2015-10-02 00:00:00+00:00,1.76594782,0.578
ETHUSDT,2015-10-03 00:00:00+00:00,1.80112465,0.5663
ETHUSDT,2015-10-04 00:00:00+00:00,1.7681262,0.5773
ETHUSDT,2015-10-05 00:00:00+00:00,1.76307409,0.579
ETHUSDT,2015-10-06 00:00:00+00:00,1.87289931,0.5424
ETHUSDT,2015-10-07 00:00:00+00:00,1.73984036,0.5867
ETHUSDT,2015-10-08 00:00:00+00:00,1.82176106,0.5594
ETHUSDT,2015-10-09 00:00:00+00:00,1.82134949,0.5596
ETHUSDT,2015-10-10 00:00:00+00:00,1.81920274,0.5603
ETHUSDT,2015-10-11 00:00:00+00:00,1.72291151,0.5924
ETHUSDT,2015-10-12 00:00:00+00:00,1.79649186,0.5678
ETHUSDT,2015-10-13 00:00:00+00:00,1.71740921,0.5942
ETHUSDT,2015-10-14 00:00:00+00:00,1.39636066,0.7012
ETHUSDT,2015-10-15 00:00:00+00:00,1.68771447,0.6041
ETHUSDT,2015-10-16 00:00:00+00:00,1.58457216,0.6385
ETHUSDT,2015-10-17 00:00:00+00:00,1.57654959,0.6412
ETHUSDT,2015-10-18 00:00:00+00:00,1.52770711,0.6574
ETHUSDT,2015-10-19 00:00:00+00:00,1.4982944,0.6672
ETHUSDT,2015-10-20 00:00:00+00:00,1.32167465,0.7261
ETHUSDT,2015-10-21 00:00:00+00:00,1.25876092,0.7471
ETHUSDT,2015-10-22 00:00:00+00:00,1.5882966,0.6372
ETHUSDT,2015-10-23 00:00:00+00:00,1.62767608,0.6241
ETHUSDT,2015-10-24 00:00:00+00:00,1.60330784,0.6322
ETHUSDT,2015-10-25 00:00:00+00:00,1.78113684,0.573
ETHUSDT,2015-10-26 00:00:00+00:00,1.96516266,0.5116
ETHUSDT,2015-10-27 00:00:00+00:00,2.2236057,0.4255
ETHUSDT,2015-10-28 00:00:00+00:00,2.58630067,0.3046
ETHUSDT,2015-10-29 00:00:00+00:00,2.68866354,0.2704
ETHUSDT,2015-10-30 00:00:00+00:00,2.52814732,0.324
ETHUSDT,2015-10-31 00:00:00+00:00,2.05135907,0.4829
ETHUSDT,2015-11-01 00:00:00+00:00,2.25825307,0.4139
ETHUSDT,2015-11-02 00:00:00+00:00,2.26082824,0.4131
ETHUSDT,2015-11-03 00:00:00+00:00,2.37680286,0.3744
ETHUSDT,2015-11-04 00:00:00+00:00,1.85455408,0.5485
ETHUSDT,2015-11-05 00:00:00+00:00,2.01179401,0.4961
ETHUSDT,2015-11-06 00:00:00+00:00,2.2780684,0.4073
ETHUSDT,2015-11-07 00:00:00+00:00,2.18745832,0.4375
ETHUSDT,2015-11-08 00:00:00+00:00,2.37940703,0.3735
ETHUSDT,2015-11-09 00:00:00+00:00,2.32150138,0.3928
ETHUSDT,2015-11-10 00:00:00+00:00,2.10777942,0.4641
ETHUSDT,2015-11-11 00:00:00+00:00,1.78114722,0.573
ETHUSDT,2015-11-12 00:00:00+00:00,2.31068324,0.3964
ETHUSDT,2015-11-13 00:00:00+00:00,2.36111323,0.3796
ETHUSDT,2015-11-14 00:00:00+00:00,2.31161449,0.3961
ETHUSDT,2015-11-15 00:00:00+00:00,2.37911147,0.3736
ETHUSDT,2015-11-16 00:00:00+00:00,2.41513021,0.3616
ETHUSDT,2015-11-17 00:00:00+00:00,2.58968209,0.3034
ETHUSDT,2015-11-18 00:00:00+00:00,2.58197813,0.306
ETHUSDT,2015-11-19 00:00:00+00:00,2.45442605,0.3485
ETHUSDT,2015-11-20 00:00:00+00:00,2.40600396,0.3647
ETHUSDT,2015-11-21 00:00:00+00:00,2.49551433,0.3348
ETHUSDT,2015-11-22 00:00:00+00:00,2.51501082,0.3283
ETHUSDT,2015-11-23 00:00:00+00:00,2.36795249,0.3773
ETHUSDT,2015-11-24 00:00:00+00:00,2.3390317,0.387
ETHUSDT,2015-11-25 00:00:00+00:00,2.24598819,0.418
ETHUSDT,2015-11-26 00:00:00+00:00,2.17251787,0.4425
ETHUSDT,2015-11-27 00:00:00+00:00,2.245669,0.4181
ETHUSDT,2015-11-28 00:00:00+00:00,2.30586779,0.398
ETHUSDT,2015-11-29 00:00:00+00:00,2.22369564,0.4254
ETHUSDT,2015-11-30 00:00:00+00:00,2.24870122,0.4171
ETHUSDT,2015-12-01 00:00:00+00:00,2.21070608,0.4298
ETHUSDT,2015-12-02 00:00:00+00:00,2.10810364,0.464
ETHUSDT,2015-12-03 00:00:00+00:00,2.12661247,0.4578
ETHUSDT,2015-12-04 00:00:00+00:00,2.14817831,0.4506
ETHUSDT,2015-12-05 00:00:00+00:00,2.21371558,0.4288
ETHUSDT,2015-12-06 00:00:00+00:00,2.11061662,0.4631
ETHUSDT,2015-12-07 00:00:00+00:00,2.02679247,0.4911
ETHUSDT,2015-12-08 00:00:00+00:00,2.03735342,0.4875
ETHUSDT,2015-12-09 00:00:00+00:00,2.06036803,0.4799
ETHUSDT,2015-12-10 00:00:00+00:00,2.14868727,0.4504
ETHUSDT,2015-12-11 00:00:00+00:00,2.26766408,0.4108
ETHUSDT,2015-12-12 00:00:00+00:00,2.39707248,0.3676
ETHUSDT,2015-12-13 00:00:00+00:00,2.30625382,0.3979
ETHUSDT,2015-12-14 00:00:00+00:00,2.43363055,0.3555
ETHUSDT,2015-12-15 00:00:00+00:00,2.43789551,0.354
ETHUSDT,2015-12-16 00:00:00+00:00,2.08468404,0.4718
ETHUSDT,2015-12-17 00:00:00+00:00,2.22900749,0.4237
ETHUSDT,2015-12-18 00:00:00+00:00,2.14360332,0.4521
ETHUSDT,2015-12-19 00:00:00+00:00,2.12732627,0.4576
ETHUSDT,2015-12-20 00:00:00+00:00,2.26178739,0.4127
ETHUSDT,2015-12-21 00:00:00+00:00,2.15484683,0.4484
ETHUSDT,2015-12-22 00:00:00+00:00,2.09197779,0.4693
ETHUSDT,2015-12-23 00:00:00+00:00,2.0736047,0.4755
ETHUSDT,2015-12-24 00:00:00+00:00,2.07039047,0.4765
ETHUSDT,2015-12-25 00:00:00+00:00,2.06124569,0.4796
ETHUSDT,2015-12-26 00:00:00+00:00,2.03280208,0.4891
ETHUSDT,2015-12-27 00:00:00+00:00,2.06489297,0.4784
ETHUSDT,2015-12-28 00:00:00+00:00,2.01273311,0.4958
ETHUSDT,2015-12-29 00:00:00+00:00,2.04714227,0.4843
ETHUSDT,2015-12-30 00:00:00+00:00,2.12437757,0.4585
ETHUSDT,2015-12-31 00:00:00+00:00,2.22548049,0.4248
ETHUSDT,2016-01-01 00:00:00+00:00,2.16605632,0.4446
ETHUSDT,2016-01-02 00:00:00+00:00,2.22649136,0.4245
ETHUSDT,2016-01-03 00:00:00+00:00,2.23809044,0.4206
ETHUSDT,2016-01-04 00:00:00+00:00,2.22238525,0.4259
ETHUSDT,2016-01-05 00:00:00+00:00,2.20757338,0.4308
ETHUSDT,2016-01-06 00:00:00+00:00,2.22774819,0.4241
ETHUSDT,2016-01-07 00:00:00+00:00,2.20804468,0.4307
ETHUSDT,2016-01-08 00:00:00+00:00,2.29828206,0.4006
ETHUSDT,2016-01-09 00:00:00+00:00,2.26559203,0.4115
ETHUSDT,2016-01-10 00:00:00+00:00,2.3247523,0.3917
ETHUSDT,2016-01-11 00:00:00+00:00,2.4620569,0.346
ETHUSDT,2016-01-12 00:00:00+00:00,2.63709005,0.2876
ETHUSDT,2016-01-13 00:00:00+00:00,2.56117759,0.3129
ETHUSDT,2016-01-14 00:00:00+00:00,2.61281352,0.2957
ETHUSDT,2016-01-15 00:00:00+00:00,2.81991099,0.2267
ETHUSDT,2016-01-16 00:00:00+00:00,2.66310578,0.279
ETHUSDT,2016-01-17 00:00:00+00:00,2.64132391,0.2862
ETHUSDT,2016-01-18 00:00:00+00:00,2.7990783,0.2336
ETHUSDT,2016-01-19 00:00:00+00:00,2.61101411,0.2963
ETHUSDT,2016-01-20 00:00:00+00:00,2.7676534,0.2441
ETHUSDT,2016-01-21 00:00:00+00:00,2.8235497,0.2255
ETHUSDT,2016-01-22 00:00:00+00:00,2.83956376,0.2201
ETHUSDT,2016-01-23 00:00:00+00:00,3.58174779,0.0
ETHUSDT,2016-01-24 00:00:00+00:00,3.62872686,0.0
ETHUSDT,2016-01-25 00:00:00+00:00,4.16871915,0.0
ETHUSDT,2016-01-26 00:00:00+00:00,3.87587743,0.0
ETHUSDT,2016-01-27 00:00:00+00:00,3.88137912,0.0
ETHUSDT,2016-01-28 00:00:00+00:00,4.03478121,0.0
ETHUSDT,2016-01-29 00:00:00+00:00,3.91742164,0.0
ETHUSDT,2016-01-30 00:00:00+00:00,3.77984548,0.0
ETHUSDT,2016-01-31 00:00:00+00:00,3.52024342,0.0
ETHUSDT,2016-02-01 00:00:00+00:00,2.97920958,0.1736
ETHUSDT,2016-02-02 00:00:00+00:00,3.28311151,0.0723
ETHUSDT,2016-02-03 00:00:00+00:00,3.34432539,0.0519
ETHUSDT,2016-02-04 00:00:00+00:00,3.34470424,0.0518
ETHUSDT,2016-02-05 00:00:00+00:00,3.1728161,0.1091
ETHUSDT,2016-02-06 00:00:00+00:00,3.15461147,0.1151
ETHUSDT,2016-02-07 00:00:00+00:00,3.33669411,0.0544
ETHUSDT,2016-02-08 00:00:00+00:00,3.57093132,0.0
ETHUSDT,2016-02-09 00:00:00+00:00,4.14490261,0.0
ETHUSDT,2016-02-10 00:00:00+00:00,4.08873952,0.0
ETHUSDT,2016-02-11 00:00:00+00:00,5.06499071,0.0
ETHUSDT,2016-02-12 00:00:00+00:00,4.55004515,0.0
ETHUSDT,2016-02-13 00:00:00+00:00,4.34342257,0.0
ETHUSDT,2016-02-14 00:00:00+00:00,3.55259197,0.0
ETHUSDT,2016-02-15 00:00:00+00:00,3.51569827,0.0
ETHUSDT,2016-02-16 00:00:00+00:00,2.94045155,0.1865
ETHUSDT,2016-02-17 00:00:00+00:00,2.64807663,0.284
ETHUSDT,2016-02-18 00:00:00+00:00,2.97167403,0.1761
ETHUSDT,2016-02-19 00:00:00+00:00,3.07514061,0.1416
ETHUSDT,2016-02-20 00:00:00+00:00,2.93386062,0.1887
ETHUSDT,2016-02-21 00:00:00+00:00,3.09085,0.1364
ETHUSDT,2016-02-22 00:00:00+00:00,3.65668403,0.0
ETHUSDT,2016-02-23 00:00:00+00:00,3.64876153,0.0
ETHUSDT,2016-02-24 00:00:00+00:00,3.99644109,0.0
ETHUSDT,2016-02-25 00:00:00+00:00,3.86721974,0.0
ETHUSDT,2016-02-26 00:00:00+00:00,3.33886106,0.0537
ETHUSDT,2016-02-27 00:00:00+00:00,3.4736779,0.0088
ETHUSDT,2016-02-28 00:00:00+00:00,3.54504607,0.0
ETHUSDT,2016-02-29 00:00:00+00:00,3.34140044,0.0529
ETHUSDT,2016-03-01 00:00:00+00:00,3.54725879,0.0
ETHUSDT,2016-03-02 00:00:00+00:00,3.42307194,0.0256
ETHUSDT,2016-03-03 00:00:00+00:00,3.57186608,0.0
ETHUSDT,2016-03-04 00:00:00+00:00,3.47951158,0.0068
ETHUSDT,2016-03-05 00:00:00+00:00,3.54122008,0.0
ETHUSDT,2016-03-06 00:00:00+00:00,3.54561837,0.0
ETHUSDT,2016-03-07 00:00:00+00:00,3.085328,0.1382
ETHUSDT,2016-03-08 00:00:00+00:00,2.98989714,0.17
ETHUSDT,2016-03-09 00:00:00+00:00,3.49687097,0.001
ETHUSDT,2016-03-10 00:00:00+00:00,3.29736543,0.0675
ETHUSDT,2016-03-11 00:00:00+00:00,3.24988767,0.0834
ETHUSDT,2016-03-12 00:00:00+00:00,3.73441292,0.0
ETHUSDT,2016-03-13 00:00:00+00:00,3.83057849,0.0
ETHUSDT,2016-03-14 00:00:00+00:00,2.99608053,0.168
ETHUSDT,2016-03-15 00:00:00+00:00,3.01175522,0.1627
ETHUSDT,2016-03-16 00:00:00+00:00,2.95057147,0.1831
ETHUSDT,2016-03-17 00:00:00+00:00,2.72713865,0.2576
ETHUSDT,2016-03-18 00:00:00+00:00,2.69895933,0.267
ETHUSDT,2016-03-19 00:00:00+00:00,2.60814953,0.2973
ETHUSDT,2016-03-20 00:00:00+00:00,2.47439658,0.3419
ETHUSDT,2016-03-21 00:00:00+00:00,2.81484513,0.2284
ETHUSDT,2016-03-22 00:00:00+00:00,2.66823898,0.2773
ETHUSDT,2016-03-23 00:00:00+00:00,2.79046909,0.2365
ETHUSDT,2016-03-24 00:00:00+00:00,2.5067942,0.3311
ETHUSDT,2016-03-25 00:00:00+00:00,2.39004105,0.37
ETHUSDT,2016-03-26 00:00:00+00:00,2.45980523,0.3467
ETHUSDT,2016-03-27 00:00:00+00:00,2.30401407,0.3987
ETHUSDT,2016-03-28 00:00:00+00:00,2.55981129,0.3134
ETHUSDT,2016-03-29 00:00:00+00:00,2.53185153,0.3227
ETHUSDT,2016-03-30 00:00:00+00:00,2.51034468,0.3299
ETHUSDT,2016-03-31 00:00:00+00:00,2.47382104,0.3421
ETHUSDT,2016-04-01 00:00:00+00:00,2.5213166,0.3262
ETHUSDT,2016-04-02 00:00:00+00:00,2.51623501,0.3279
ETHUSDT,2016-04-03 00:00:00+00:00,2.50948861,0.3302
ETHUSDT,2016-04-04 00:00:00+00:00,2.40634853,0.3646
ETHUSDT,2016-04-05 00:00:00+00:00,2.25124264,0.4163
ETHUSDT,2016-04-06 00:00:00+00:00,2.28863445,0.4038
ETHUSDT,2016-04-07 00:00:00+00:00,2.15283663,0.4491
ETHUSDT,2016-04-08 00:00:00+00:00,2.07022028,0.4766
ETHUSDT,2016-04-09 00:00:00+00:00,1.94261626,0.5191
ETHUSDT,2016-04-10 00:00:00+00:00,1.89057967,0.5365
ETHUSDT,2016-04-11 00:00:00+00:00,1.85514642,0.5483
ETHUSDT,2016-04-12 00:00:00+00:00,1.60922608,0.6303
ETHUSDT,2016-04-13 00:00:00+00:00,1.71940722,0.5935
ETHUSDT,2016-04-14 00:00:00+00:00,1.96824968,0.5106
ETHUSDT,2016-04-15 00:00:00+00:00,1.92996852,0.5233
ETHUSDT,2016-04-16 00:00:00+00:00,1.98745536,0.5042
ETHUSDT,2016-04-17 00:00:00+00:00,2.17329886,0.4422
ETHUSDT,2016-04-18 00:00:00+00:00,2.0908682,0.4697
ETHUSDT,2016-04-19 00:00:00+00:00,2.0371651,0.4876
ETHUSDT,2016-04-20 00:00:00+00:00,1.98005412,0.5066
ETHUSDT,2016-04-21 00:00:00+00:00,1.89829574,0.5339
ETHUSDT,2016-04-22 00:00:00+00:00,1.83973835,0.5534
ETHUSDT,2016-04-23 00:00:00+00:00,1.94137752,0.5195
ETHUSDT,2016-04-24 00:00:00+00:00,1.85059553,0.5498
ETHUSDT,2016-04-25 00:00:00+00:00,1.73941026,0.5869
ETHUSDT,2016-04-26 00:00:00+00:00,1.72123326,0.5929
ETHUSDT,2016-04-27 00:00:00+00:00,1.80550592,0.5648
ETHUSDT,2016-04-28 00:00:00+00:00,1.76032084,0.5799
ETHUSDT,2016-04-29 00:00:00+00:00,1.81167894,0.5628
ETHUSDT,2016-04-30 00:00:00+00:00,2.09867251,0.4671
ETHUSDT,2016-05-01 00:00:00+00:00,2.06660645,0.4778
ETHUSDT,2016-05-02 00:00:00+00:00,2.30774334,0.3974
ETHUSDT,2016-05-03 00:00:00+00:00,2.14762375,0.4508
ETHUSDT,2016-05-04 00:00:00+00:00,2.14705359,0.451
ETHUSDT,2016-05-05 00:00:00+00:00,2.22057924,0.4265
ETHUSDT,2016-05-06 00:00:00+00:00,2.00688454,0.4977
ETHUSDT,2016-05-07 00:00:00+00:00,2.00205784,0.4993
ETHUSDT,2016-05-08 00:00:00+00:00,2.01227257,0.4959
ETHUSDT,2016-05-09 00:00:00+00:00,1.98161811,0.5061
ETHUSDT,2016-05-10 00:00:00+00:00,1.98127575,0.5062
ETHUSDT,2016-05-11 00:00:00+00:00,2.0183421,0.4939
ETHUSDT,2016-05-12 00:00:00+00:00,2.02538327,0.4915
ETHUSDT,2016-05-13 00:00:00+00:00,2.03763251,0.4875
ETHUSDT,2016-05-14 00:00:00+00:00,1.93082624,0.5231
ETHUSDT,2016-05-15 00:00:00+00:00,1.83405325,0.5553
ETHUSDT,2016-05-16 00:00:00+00:00,1.93485742,0.5217
ETHUSDT,2016-05-17 00:00:00+00:00,2.05208367,0.4826
ETHUSDT,2016-05-18 00:00:00+00:00,2.0954554,0.4682
ETHUSDT,2016-05-19 00:00:00+00:00,2.15973435,0.4468
ETHUSDT,2016-05-20 00:00:00+00:00,2.06867675,0.4771
ETHUSDT,2016-05-21 00:00:00+00:00,2.09943358,0.4669
ETHUSDT,2016-05-22 00:00:00+00:00,2.11403848,0.462
ETHUSDT,2016-05-23 00:00:00+00:00,2.0153438,0.4949
ETHUSDT,2016-05-24 00:00:00+00:00,1.96785407,0.5107
ETHUSDT,2016-05-25 00:00:00+00:00,1.929779,0.5234
ETHUSDT,2016-05-26 00:00:00+00:00,1.92579418,0.5247
ETHUSDT,2016-05-27 00:00:00+00:00,1.81033973,0.5632
ETHUSDT,2016-05-28 00:00:00+00:00,1.85338454,0.5489
ETHUSDT,2016-05-29 00:00:00+00:00,1.91794295,0.5274
ETHUSDT,2016-05-30 00:00:00+00:00,1.95734539,0.5142
ETHUSDT,2016-05-31 00:00:00+00:00,2.14696458,0.451
ETHUSDT,2016-06-01 00:00:00+00:00,2.12289032,0.459
ETHUSDT,2016-06-02 00:00:00+00:00,2.10494895,0.465
ETHUSDT,2016-06-03 00:00:00+00:00,2.11306519,0.4623
ETHUSDT,2016-06-04 00:00:00+00:00,2.00058453,0.4998
ETHUSDT,2016-06-05 00:00:00+00:00,2.01412991,0.4953
ETHUSDT,2016-06-06 00:00:00+00:00,2.01704982,0.4943
ETHUSDT,2016-06-07 00:00:00+00:00,2.05148378,0.4828
ETHUSDT,2016-06-08 00:00:00+00:00,2.02682037,0.4911
ETHUSDT,2016-06-09 00:00:00+00:00,2.0190475,0.4937
ETHUSDT,2016-06-10 00:00:00+00:00,1.91422529,0.5286
ETHUSDT,2016-06-11 00:00:00+00:00,1.93154547,0.5228
ETHUSDT,2016-06-12 00:00:00+00:00,2.05182102,0.4827
ETHUSDT,2016-06-13 00:00:00+00:00,2.19355442,0.4355
ETHUSDT,2016-06-14 00:00:00+00:00,2.25782327,0.4141
ETHUSDT,2016-06-15 00:00:00+00:00,2.22990544,0.4234
ETHUSDT,2016-06-16 00:00:00+00:00,2.21327176,0.4289
ETHUSDT,2016-06-17 00:00:00+00:00,1.89446565,0.5352
ETHUSDT,2016-06-18 00:00:00+00:00,1.45994489,0.68
ETHUSDT,2016-06-19 00:00:00+00:00,1.56813499,0.644
ETHUSDT,2016-06-20 00:00:00+00:00,1.4985522,0.6671
ETHUSDT,2016-06-21 00:00:00+00:00,1.63878909,0.6204
ETHUSDT,2016-06-22 00:00:00+00:00,1.66046578,0.6132
ETHUSDT,2016-06-23 00:00:00+00:00,1.75574723,0.5814
ETHUSDT,2016-06-24 00:00:00+00:00,1.80489235,0.565
ETHUSDT,2016-06-25 00:00:00+00:00,1.79332239,0.5689
ETHUSDT,2016-06-26 00:00:00+00:00,1.73318988,0.5889
ETHUSDT,2016-06-27 00:00:00+00:00,1.75563804,0.5815
ETHUSDT,2016-06-28 00:00:00+00:00,1.57175854,0.6427
ETHUSDT,2016-06-29 00:00:00+00:00,1.62520194,0.6249
ETHUSDT,2016-06-30 00:00:00+00:00,1.59845681,0.6338
ETHUSDT,2016-07-01 00:00:00+00:00,1.5762053,0.6413
ETHUSDT,2016-07-02 00:00:00+00:00,1.55565722,0.6481
ETHUSDT,2016-07-03 00:00:00+00:00,1.51727898,0.6609
ETHUSDT,2016-07-04 00:00:00+00:00,1.45830154,0.6806
ETHUSDT,2016-07-05 00:00:00+00:00,1.33796587,0.7207
ETHUSDT,2016-07-06 00:00:00+00:00,1.34206433,0.7193
ETHUSDT,2016-07-07 00:00:00+00:00,1.32983519,0.7234
ETHUSDT,2016-07-08 00:00:00+00:00,1.52118921,0.6596
ETHUSDT,2016-07-09 00:00:00+00:00,1.46976975,0.6767
ETHUSDT,2016-07-10 00:00:00+00:00,1.45715749,0.6809
ETHUSDT,2016-07-11 00:00:00+00:00,1.41755146,0.6941
ETHUSDT,2016-07-12 00:00:00+00:00,1.41423473,0.6953
ETHUSDT,2016-07-13 00:00:00+00:00,1.39680883,0.7011
ETHUSDT,2016-07-14 00:00:00+00:00,1.53342748,0.6555
ETHUSDT,2016-07-15 00:00:00+00:00,1.55367209,0.6488
ETHUSDT,2016-07-16 00:00:00+00:00,1.5241321,0.6586
ETHUSDT,2016-07-17 00:00:00+00:00,1.47360367,0.6755
ETHUSDT,2016-07-18 00:00:00+00:00,1.45245902,0.6825
ETHUSDT,2016-07-19 00:00:00+00:00,1.48504629,0.6717
ETHUSDT,2016-07-20 00:00:00+00:00,1.58086761,0.6397
ETHUSDT,2016-07-21 00:00:00+00:00,1.59622328,0.6346
ETHUSDT,2016-07-22 00:00:00+00:00,1.80928548,0.5636
ETHUSDT,2016-07-23 00:00:00+00:00,1.72251768,0.5925
ETHUSDT,2016-07-24 00:00:00+00:00,1.53565124,0.6548
ETHUSDT,2016-07-25 00:00:00+00:00,1.62387863,0.6254
ETHUSDT,2016-07-26 00:00:00+00:00,1.41274779,0.6958
ETHUSDT,2016-07-27 00:00:00+00:00,1.50275066,0.6657
ETHUSDT,2016-07-28 00:00:00+00:00,1.49895319,0.667
ETHUSDT,2016-07-29 00:00:00+00:00,1.47844414,0.6739
ETHUSDT,2016-07-30 00:00:00+00:00,1.4460724,0.6846
ETHUSDT,2016-07-31 00:00:00+00:00,1.39696176,0.701
ETHUSDT,2016-08-01 00:00:00+00:00,1.31202406,0.7293
ETHUSDT,2016-08-02 00:00:00+00:00,1.03821217,0.8206
ETHUSDT,2016-08-03 00:00:00+00:00,1.28194042,0.7394
ETHUSDT,2016-08-04 00:00:00+00:00,1.37067625,0.7098
ETHUSDT,2016-08-05 00:00:00+00:00,1.35538289,0.7149
ETHUSDT,2016-08-06 00:00:00+00:00,1.33732917,0.7209
ETHUSDT,2016-08-07 00:00:00+00:00,1.33727286,0.7209
ETHUSDT,2016-08-08 00:00:00+00:00,1.36170784,0.7128
ETHUSDT,2016-08-09 00:00:00+00:00,1.44237233,0.6859
ETHUSDT,2016-08-10 00:00:00+00:00,1.40555632,0.6981
ETHUSDT,2016-08-11 00:00:00+00:00,1.36139959,0.7129
ETHUSDT,2016-08-12 00:00:00+00:00,1.37023345,0.7099
ETHUSDT,2016-08-13 00:00:00+00:00,1.34810231,0.7173
ETHUSDT,2016-08-14 00:00:00+00:00,1.31342481,0.7289
ETHUSDT,2016-08-15 00:00:00+00:00,1.30295006,0.7323
ETHUSDT,2016-08-16 00:00:00+00:00,1.30228173,0.7326
ETHUSDT,2016-08-17 00:00:00+00:00,1.27532003,0.7416
ETHUSDT,2016-08-18 00:00:00+00:00,1.27147291,0.7428
ETHUSDT,2016-08-19 00:00:00+00:00,1.26922712,0.7436
ETHUSDT,2016-08-20 00:00:00+00:00,1.32847972,0.7238
ETHUSDT,2016-08-21 00:00:00+00:00,1.31014572,0.73
ETHUSDT,2016-08-22 00:00:00+00:00,1.30046418,0.7332
ETHUSDT,2016-08-23 00:00:00+00:00,1.29050651,0.7365
ETHUSDT,2016-08-24 00:00:00+00:00,1.29220364,0.7359
ETHUSDT,2016-08-25 00:00:00+00:00,1.32563714,0.7248
ETHUSDT,2016-08-26 00:00:00+00:00,1.32003879,0.7267
ETHUSDT,2016-08-27 00:00:00+00:00,1.30782477,0.7307
ETHUSDT,2016-08-28 00:00:00+00:00,1.28920071,0.7369
ETHUSDT,2016-08-29 00:00:00+00:00,1.2816991,0.7394
ETHUSDT,2016-08-30 00:00:00+00:00,1.31421311,0.7286
ETHUSDT,2016-08-31 00:00:00+00:00,1.35351779,0.7155
ETHUSDT,2016-09-01 00:00:00+00:00,1.4069544,0.6977
ETHUSDT,2016-09-02 00:00:00+00:00,1.40823201,0.6973
ETHUSDT,2016-09-03 00:00:00+00:00,1.3792781,0.7069
ETHUSDT,2016-09-04 00:00:00+00:00,1.36379393,0.7121
ETHUSDT,2016-09-05 00:00:00+00:00,1.35789725,0.714
ETHUSDT,2016-09-06 00:00:00+00:00,1.35132229,0.7162
ETHUSDT,2016-09-07 00:00:00+00:00,1.33630618,0.7212
ETHUSDT,2016-09-08 00:00:00+00:00,1.31033871,0.7299
ETHUSDT,2016-09-09 00:00:00+00:00,1.33684985,0.7211
ETHUSDT,2016-09-10 00:00:00+00:00,1.38921683,0.7036
ETHUSDT,2016-09-11 00:00:00+00:00,1.33253298,0.7225
ETHUSDT,2016-09-12 00:00:00+00:00,1.35600695,0.7147
ETHUSDT,2016-09-13 00:00:00+00:00,1.35850955,0.7138
ETHUSDT,2016-09-14 00:00:00+00:00,1.3558153,0.7147
ETHUSDT,2016-09-15 00:00:00+00:00,1.36144815,0.7129
ETHUSDT,2016-09-16 00:00:00+00:00,1.41376052,0.6954
ETHUSDT,2016-09-17 00:00:00+00:00,1.43385201,0.6887
ETHUSDT,2016-09-18 00:00:00+00:00,1.39464272,0.7018
ETHUSDT,2016-09-19 00:00:00+00:00,1.45507705,0.6816
ETHUSDT,2016-09-20 00:00:00+00:00,1.58188417,0.6394
ETHUSDT,2016-09-21 00:00:00+00:00,1.47419981,0.6753
ETHUSDT,2016-09-22 00:00:00+00:00,1.40669176,0.6978
ETHUSDT,2016-09-23 00:00:00+00:00,1.4416445,0.6861
ETHUSDT,2016-09-24 00:00:00+00:00,1.39926668,0.7002
ETHUSDT,2016-09-25 00:00:00+00:00,1.40945375,0.6968
ETHUSDT,2016-09-26 00:00:00+00:00,1.38573874,0.7048
ETHUSDT,2016-09-27 00:00:00+00:00,1.4020752,0.6993
ETHUSDT,2016-09-28 00:00:00+00:00,1.40005345,0.7
ETHUSDT,2016-09-29 00:00:00+00:00,1.37875637,0.7071
ETHUSDT,2016-09-30 00:00:00+00:00,1.38414255,0.7053
ETHUSDT,2016-10-01 00:00:00+00:00,1.37912542,0.707
ETHUSDT,2016-10-02 00:00:00+00:00,1.38227991,0.7059
ETHUSDT,2016-10-03 00:00:00+00:00,1.40210881,0.6993
ETHUSDT,2016-10-04 00:00:00+00:00,1.3833614,0.7055
ETHUSDT,2016-10-05 00:00:00+00:00,1.35803587,0.714
ETHUSDT,2016-10-06 00:00:00+00:00,1.33754572,0.7208
ETHUSDT,2016-10-07 00:00:00+00:00,1.32677321,0.7244
ETHUSDT,2016-10-08 00:00:00+00:00,1.28211003,0.7393
ETHUSDT,2016-10-09 00:00:00+00:00,1.2667223,0.7444
ETHUSDT,2016-10-10 00:00:00+00:00,1.2366807,0.7544
ETHUSDT,2016-10-11 00:00:00+00:00,1.23497556,0.755
ETHUSDT,2016-10-12 00:00:00+00:00,1.2411892,0.7529
ETHUSDT,2016-10-13 00:00:00+00:00,1.25416414,0.7486
ETHUSDT,2016-10-14 00:00:00+00:00,1.2447116,0.7518
ETHUSDT,2016-10-15 00:00:00+00:00,1.24960496,0.7501
ETHUSDT,2016-10-16 00:00:00+00:00,1.25002324,0.75
ETHUSDT,2016-10-17 00:00:00+00:00,1.25012532,0.75
ETHUSDT,2016-10-18 00:00:00+00:00,1.30730549,0.7309
ETHUSDT,2016-10-19 00:00:00+00:00,1.25238111,0.7492
ETHUSDT,2016-10-20 00:00:00+00:00,1.25938079,0.7469
ETHUSDT,2016-10-21 00:00:00+00:00,1.26124104,0.7463
ETHUSDT,2016-10-22 00:00:00+00:00,1.25695605,0.7477
ETHUSDT,2016-10-23 00:00:00+00:00,1.24785332,0.7507
ETHUSDT,2016-10-24 00:00:00+00:00,1.2447803,0.7517
ETHUSDT,2016-10-25 00:00:00+00:00,1.19909151,0.767
ETHUSDT,2016-10-26 00:00:00+00:00,1.21459513,0.7618
ETHUSDT,2016-10-27 00:00:00+00:00,1.21287765,0.7624
ETHUSDT,2016-10-28 00:00:00+00:00,1.17555376,0.7748
ETHUSDT,2016-10-29 00:00:00+00:00,1.10381714,0.7987
ETHUSDT,2016-10-30 00:00:00+00:00,1.21118769,0.7629
ETHUSDT,2016-10-31 00:00:00+00:00,1.18520079,0.7716
ETHUSDT,2016-11-01 00:00:00+00:00,1.16660267,0.7778
ETHUSDT,2016-11-02 00:00:00+00:00,1.1690831,0.777
ETHUSDT,2016-11-03 00:00:00+00:00,1.17235566,0.7759
ETHUSDT,2016-11-04 00:00:00+00:00,1.20191474,0.766
ETHUSDT,2016-11-05 00:00:00+00:00,1.201394,0.7662
ETHUSDT,2016-11-06 00:00:00+00:00,1.1861356,0.7713
ETHUSDT,2016-11-07 00:00:00+00:00,1.17931621,0.7736
ETHUSDT,2016-11-08 00:00:00+00:00,1.17352113,0.7755
ETHUSDT,2016-11-09 00:00:00+00:00,1.15304062,0.7823
ETHUSDT,2016-11-10 00:00:00+00:00,1.13933413,0.7869
ETHUSDT,2016-11-11 00:00:00+00:00,1.12280897,0.7924
ETHUSDT,2016-11-12 00:00:00+00:00,1.08179005,0.8061
ETHUSDT,2016-11-13 00:00:00+00:00,1.10718267,0.7976
ETHUSDT,2016-11-14 00:00:00+00:00,1.09702172,0.801
ETHUSDT,2016-11-15 00:00:00+00:00,1.12240225,0.7925
ETHUSDT,2016-11-16 00:00:00+00:00,1.1004251,0.7999
ETHUSDT,2016-11-17 00:00:00+00:00,1.09275226,0.8024
ETHUSDT,2016-11-18 00:00:00+00:00,1.04848239,0.8172
ETHUSDT,2016-11-19 00:00:00+00:00,1.06837705,0.8105
ETHUSDT,2016-11-20 00:00:00+00:00,1.0586793,0.8138
ETHUSDT,2016-11-21 00:00:00+00:00,1.05517831,0.8149
ETHUSDT,2016-11-22 00:00:00+00:00,1.09004016,0.8033
ETHUSDT,2016-11-23 00:00:00+00:00,1.08363233,0.8055
ETHUSDT,2016-11-24 00:00:00+00:00,1.02428709,0.8252
ETHUSDT,2016-11-25 00:00:00+00:00,1.04486502,0.8184
ETHUSDT,2016-11-26 00:00:00+00:00,1.0348159,0.8217
ETHUSDT,2016-11-27 00:00:00+00:00,0.99242615,0.8359
ETHUSDT,2016-11-28 00:00:00+00:00,0.96813845,0.844
ETHUSDT,2016-11-29 00:00:00+00:00,0.91354977,0.8622
ETHUSDT,2016-11-30 00:00:00+00:00,0.9601684,0.8466
ETHUSDT,2016-12-01 00:00:00+00:00,0.94496302,0.8517
ETHUSDT,2016-12-02 00:00:00+00:00,0.86097289,0.8797
ETHUSDT,2016-12-03 00:00:00+00:00,0.91748554,0.8608
ETHUSDT,2016-12-04 00:00:00+00:00,0.87109415,0.8763
ETHUSDT,2016-12-05 00:00:00+00:00,0.7892518,0.9036
ETHUSDT,2016-12-06 00:00:00+00:00,0.90980056,0.8634
ETHUSDT,2016-12-07 00:00:00+00:00,0.96911038,0.8436
ETHUSDT,2016-12-08 00:00:00+00:00,0.96135161,0.8462
ETHUSDT,2016-12-09 00:00:00+00:00,0.98756528,0.8375
ETHUSDT,2016-12-10 00:00:00+00:00,0.94650017,0.8512
ETHUSDT,2016-12-11 00:00:00+00:00,0.95822121,0.8473
ETHUSDT,2016-12-12 00:00:00+00:00,0.9899655,0.8367
ETHUSDT,2016-12-13 00:00:00+00:00,0.98115873,0.8396
ETHUSDT,2016-12-14 00:00:00+00:00,0.96213726,0.846
ETHUSDT,2016-12-15 00:00:00+00:00,0.91351739,0.8622
ETHUSDT,2016-12-16 00:00:00+00:00,0.92013666,0.86
ETHUSDT,2016-12-17 00:00:00+00:00,0.91921881,0.8603
ETHUSDT,2016-12-18 00:00:00+00:00,0.93210238,0.856
ETHUSDT,2016-12-19 00:00:00+00:00,0.90094953,0.8664
ETHUSDT,2016-12-20 00:00:00+00:00,0.90275535,0.8657
ETHUSDT,2016-12-21 00:00:00+00:00,0.93367416,0.8554
ETHUSDT,2016-12-22 00:00:00+00:00,0.89926144,0.8669
ETHUSDT,2016-12-23 00:00:00+00:00,0.85815166,0.8806
ETHUSDT,2016-12-24 00:00:00+00:00,0.86712761,0.8776
ETHUSDT,2016-12-25 00:00:00+00:00,0.86172008,0.8794
ETHUSDT,2016-12-26 00:00:00+00:00,0.86689544,0.8777
ETHUSDT,2016-12-27 00:00:00+00:00,0.85789039,0.8807
ETHUSDT,2016-12-28 00:00:00+00:00,0.91186237,0.8627
ETHUSDT,2016-12-29 00:00:00+00:00,0.98861146,0.8371
ETHUSDT,2016-12-30 00:00:00+00:00,0.97695096,0.841
ETHUSDT,2016-12-31 00:00:00+00:00,0.96602604,0.8447
ETHUSDT,2017-01-01 00:00:00+00:00,0.97391776,0.842
ETHUSDT,2017-01-02 00:00:00+00:00,0.99632089,0.8346
ETHUSDT,2017-01-03 00:00:00+00:00,1.14563138,0.7848
ETHUSDT,2017-01-04 00:00:00+00:00,1.29313453,0.7356
ETHUSDT,2017-01-05 00:00:00+00:00,1.19730663,0.7676
ETHUSDT,2017-01-06 00:00:00+00:00,1.183551,0.7721
ETHUSDT,2017-01-07 00:00:00+00:00,1.14188793,0.786
ETHUSDT,2017-01-08 00:00:00+00:00,1.19809376,0.7673
ETHUSDT,2017-01-09 00:00:00+00:00,1.18148158,0.7728
ETHUSDT,2017-01-10 00:00:00+00:00,1.20980089,0.7634
ETHUSDT,2017-01-11 00:00:00+00:00,1.13812353,0.7873
ETHUSDT,2017-01-12 00:00:00+00:00,1.12206561,0.7926
ETHUSDT,2017-01-13 00:00:00+00:00,1.12634919,0.7912
ETHUSDT,2017-01-14 00:00:00+00:00,1.12183707,0.7927
ETHUSDT,2017-01-15 00:00:00+00:00,1.13156195,0.7895
ETHUSDT,2017-01-16 00:00:00+00:00,1.10169099,0.7994
ETHUSDT,2017-01-17 00:00:00+00:00,1.16593611,0.778
ETHUSDT,2017-01-18 00:00:00+00:00,1.16545675,0.7782
ETHUSDT,2017-01-19 00:00:00+00:00,1.18519114,0.7716
ETHUSDT,2017-01-20 00:00:00+00:00,1.21473823,0.7618
ETHUSDT,2017-01-21 00:00:00+00:00,1.24823964,0.7506
ETHUSDT,2017-01-22 00:00:00+00:00,1.21851884,0.7605
ETHUSDT,2017-01-23 00:00:00+00:00,1.22825002,0.7572
ETHUSDT,2017-01-24 00:00:00+00:00,1.20010777,0.7666
ETHUSDT,2017-01-25 00:00:00+00:00,1.1967031,0.7678
ETHUSDT,2017-01-26 00:00:00+00:00,1.20868548,0.7638
ETHUSDT,2017-01-27 00:00:00+00:00,1.19871227,0.7671
ETHUSDT,2017-01-28 00:00:00+00:00,1.20177483,0.7661
ETHUSDT,2017-01-29 00:00:00+00:00,1.1919209,0.7694
ETHUSDT,2017-01-30 00:00:00+00:00,1.20124104,0.7663
ETHUSDT,2017-01-31 00:00:00+00:00,1.21447012,0.7618
ETHUSDT,2017-02-01 00:00:00+00:00,1.21591765,0.7614
ETHUSDT,2017-02-02 00:00:00+00:00,1.21648824,0.7612
ETHUSDT,2017-02-03 00:00:00+00:00,1.2307662,0.7564
ETHUSDT,2017-02-04 00:00:00+00:00,1.2760707,0.7413
ETHUSDT,2017-02-05 00:00:00+00:00,1.25885716,0.747
ETHUSDT,2017-02-06 00:00:00+00:00,1.26823287,0.7439
ETHUSDT,2017-02-07 00:00:00+00:00,1.28330989,0.7389
ETHUSDT,2017-02-08 00:00:00+00:00,1.27126823,0.7429
ETHUSDT,2017-02-09 00:00:00+00:00,1.22692943,0.7577
ETHUSDT,2017-02-10 00:00:00+00:00,1.26200152,0.746
ETHUSDT,2017-02-11 00:00:00+00:00,1.2723906,0.7425
ETHUSDT,2017-02-12 00:00:00+00:00,1.26910897,0.7436
ETHUSDT,2017-02-13 00:00:00+00:00,1.26103663,0.7463
ETHUSDT,2017-02-14 00:00:00+00:00,1.43600208,0.688
ETHUSDT,2017-02-15 00:00:00+00:00,1.41715642,0.6943
ETHUSDT,2017-02-16 00:00:00+00:00,1.37417255,0.7086
ETHUSDT,2017-02-17 00:00:00+00:00,1.36097742,0.713
ETHUSDT,2017-02-18 00:00:00+00:00,1.37186589,0.7094
ETHUSDT,2017-02-19 00:00:00+00:00,1.36734337,0.7109
ETHUSDT,2017-02-20 00:00:00+00:00,1.34847794,0.7172
ETHUSDT,2017-02-21 00:00:00+00:00,1.35758958,0.7141
ETHUSDT,2017-02-22 00:00:00+00:00,1.3491682,0.7169
ETHUSDT,2017-02-23 00:00:00+00:00,1.40085224,0.6997
ETHUSDT,2017-02-24 00:00:00+00:00,1.39114835,0.703
ETHUSDT,2017-02-25 00:00:00+00:00,1.43737813,0.6875
ETHUSDT,2017-02-26 00:00:00+00:00,1.53464353,0.6551
ETHUSDT,2017-02-27 00:00:00+00:00,1.59037004,0.6365
ETHUSDT,2017-02-28 00:00:00+00:00,1.58064141,0.6398
ETHUSDT,2017-03-01 00:00:00+00:00,1.71998987,0.5933
ETHUSDT,2017-03-02 00:00:00+00:00,1.77821423,0.5739
ETHUSDT,2017-03-03 00:00:00+00:00,1.78849247,0.5705
ETHUSDT,2017-03-04 00:00:00+00:00,1.70236634,0.5992
ETHUSDT,2017-03-05 00:00:00+00:00,1.75244901,0.5825
ETHUSDT,2017-03-06 00:00:00+00:00,1.78081222,0.5731
ETHUSDT,2017-03-07 00:00:00+00:00,1.70608514,0.598
ETHUSDT,2017-03-08 00:00:00+00:00,1.53991894,0.6534
ETHUSDT,2017-03-09 00:00:00+00:00,1.62290661,0.6257
ETHUSDT,2017-03-10 00:00:00+00:00,1.73271439,0.5891
ETHUSDT,2017-03-11 00:00:00+00:00,1.91264436,0.5291
ETHUSDT,2017-03-12 00:00:00+00:00,2.04783657,0.4841
ETHUSDT,2017-03-13 00:00:00+00:00,2.35728953,0.3809
ETHUSDT,2017-03-14 00:00:00+00:00,2.16039483,0.4465
ETHUSDT,2017-03-15 00:00:00+00:00,2.51336325,0.3289
ETHUSDT,2017-03-16 00:00:00+00:00,2.89800111,0.2007
ETHUSDT,2017-03-17 00:00:00+00:00,2.68608473,0.2713
ETHUSDT,2017-03-18 00:00:00+00:00,2.04941514,0.4835
ETHUSDT,2017-03-19 00:00:00+00:00,2.64483203,0.2851
ETHUSDT,2017-03-20 00:00:00+00:00,2.50860178,0.3305
ETHUSDT,2017-03-21 00:00:00+00:00,2.49841214,0.3339
ETHUSDT,2017-03-22 00:00:00+00:00,2.42604888,0.358
ETHUSDT,2017-03-23 00:00:00+00:00,2.50083212,0.3331
ETHUSDT,2017-03-24 00:00:00+00:00,2.94763375,0.1841
ETHUSDT,2017-03-25 00:00:00+00:00,2.77425635,0.2419
ETHUSDT,2017-03-26 00:00:00+00:00,2.74740042,0.2509
ETHUSDT,2017-03-27 00:00:00+00:00,2.48838542,0.3372
ETHUSDT,2017-03-28 00:00:00+00:00,2.52115135,0.3263
ETHUSDT,2017-03-29 00:00:00+00:00,2.46167164,0.3461
ETHUSDT,2017-03-30 00:00:00+00:00,2.16940543,0.4435
ETHUSDT,2017-03-31 00:00:00+00:00,2.07544007,0.4749
ETHUSDT,2017-04-01 00:00:00+00:00,2.08338307,0.4722
ETHUSDT,2017-04-02 00:00:00+00:00,2.00517202,0.4983
ETHUSDT,2017-04-03 00:00:00+00:00,1.86644721,0.5445
ETHUSDT,2017-04-04 00:00:00+00:00,1.86606516,0.5446
ETHUSDT,2017-04-05 00:00:00+00:00,1.89363704,0.5355
ETHUSDT,2017-04-06 00:00:00+00:00,1.76458071,0.5785
ETHUSDT,2017-04-07 00:00:00+00:00,1.73256843,0.5891
ETHUSDT,2017-04-08 00:00:00+00:00,1.81232706,0.5626
ETHUSDT,2017-04-09 00:00:00+00:00,1.78109503,0.573
ETHUSDT,2017-04-10 00:00:00+00:00,1.77963484,0.5735
ETHUSDT,2017-04-11 00:00:00+00:00,1.76871893,0.5771
ETHUSDT,2017-04-12 00:00:00+00:00,1.85309355,0.549
ETHUSDT,2017-04-13 00:00:00+00:00,1.97512687,0.5083
ETHUSDT,2017-04-14 00:00:00+00:00,1.86248554,0.5458
ETHUSDT,2017-04-15 00:00:00+00:00,1.93487998,0.5217
ETHUSDT,2017-04-16 00:00:00+00:00,1.89630007,0.5346
ETHUSDT,2017-04-17 00:00:00+00:00,1.88252772,0.5392
ETHUSDT,2017-04-18 00:00:00+00:00,1.95413453,0.5153
ETHUSDT,2017-04-19 00:00:00+00:00,1.87550613,0.5415
ETHUSDT,2017-04-20 00:00:00+00:00,1.89339076,0.5355
ETHUSDT,2017-04-21 00:00:00+00:00,1.86259904,0.5458
ETHUSDT,2017-04-22 00:00:00+00:00,1.86314801,0.5456
ETHUSDT,2017-04-23 00:00:00+00:00,1.86922549,0.5436
ETHUSDT,2017-04-24 00:00:00+00:00,1.88801393,0.5373
ETHUSDT,2017-04-25 00:00:00+00:00,1.88818676,0.5373
ETHUSDT,2017-04-26 00:00:00+00:00,1.97627098,0.5079
ETHUSDT,2017-04-27 00:00:00+00:00,2.29803694,0.4007
ETHUSDT,2017-04-28 00:00:00+00:00,2.5515924,0.3161
ETHUSDT,2017-04-29 00:00:00+00:00,2.40883975,0.3637
ETHUSDT,2017-04-30 00:00:00+00:00,2.56007159,0.3133
ETHUSDT,2017-05-01 00:00:00+00:00,2.3561582,0.3813
ETHUSDT,2017-05-02 00:00:00+00:00,2.27180685,0.4094
ETHUSDT,2017-05-03 00:00:00+00:00,2.33560581,0.3881
ETHUSDT,2017-05-04 00:00:00+00:00,2.60551357,0.2982
ETHUSDT,2017-05-05 00:00:00+00:00,2.35578304,0.3814
ETHUSDT,2017-05-06 00:00:00+00:00,2.41495519,0.3617
ETHUSDT,2017-05-07 00:00:00+00:00,1.94535437,0.5182
ETHUSDT,2017-05-08 00:00:00+00:00,2.23124645,0.4229
ETHUSDT,2017-05-09 00:00:00+00:00,2.03213949,0.4893
ETHUSDT,2017-05-10 00:00:00+00:00,2.06378226,0.4787
ETHUSDT,2017-05-11 00:00:00+00:00,2.0574029,0.4809
ETHUSDT,2017-05-12 00:00:00+00:00,1.98227911,0.5059
ETHUSDT,2017-05-13 00:00:00+00:00,2.0384694,0.4872
ETHUSDT,2017-05-14 00:00:00+00:00,2.05473122,0.4818
ETHUSDT,2017-05-15 00:00:00+00:00,2.06074936,0.4798
ETHUSDT,2017-05-16 00:00:00+00:00,1.99102441,0.503
ETHUSDT,2017-05-17 00:00:00+00:00,1.94071806,0.5198
ETHUSDT,2017-05-18 00:00:00+00:00,2.10554891,0.4648
ETHUSDT,2017-05-19 00:00:00+00:00,2.5968212,0.3011
ETHUSDT,2017-05-20 00:00:00+00:00,2.54396639,0.3187
ETHUSDT,2017-05-21 00:00:00+00:00,2.66277701,0.2791
ETHUSDT,2017-05-22 00:00:00+00:00,2.63355833,0.2888
ETHUSDT,2017-05-23 00:00:00+00:00,2.78103576,0.2397
ETHUSDT,2017-05-24 00:00:00+00:00,2.9782333,0.1739
ETHUSDT,2017-05-25 00:00:00+00:00,2.72686103,0.2577
ETHUSDT,2017-05-26 00:00:00+00:00,2.44872441,0.3504
ETHUSDT,2017-05-27 00:00:00+00:00,2.20084862,0.4331
ETHUSDT,2017-05-28 00:00:00+00:00,2.40222101,0.3659
ETHUSDT,2017-05-29 00:00:00+00:00,2.59217897,0.3026
ETHUSDT,2017-05-30 00:00:00+00:00,2.85497762,0.215
ETHUSDT,2017-05-31 00:00:00+00:00,2.70237309,0.2659
ETHUSDT,2017-06-01 00:00:00+00:00,2.58211219,0.306
ETHUSDT,2017-06-02 00:00:00+00:00,2.55890678,0.3137
ETHUSDT,2017-06-03 00:00:00+00:00,2.488726,0.3371
ETHUSDT,2017-06-04 00:00:00+00:00,2.66229595,0.2792
ETHUSDT,2017-06-05 00:00:00+00:00,2.61094785,0.2964
ETHUSDT,2017-06-06 00:00:00+00:00,2.71681563,0.2611
ETHUSDT,2017-06-07 00:00:00+00:00,2.59532406,0.3016
ETHUSDT,2017-06-08 00:00:00+00:00,2.5744985,0.3085
ETHUSDT,2017-06-09 00:00:00+00:00,2.70400914,0.2653
ETHUSDT,2017-06-10 00:00:00+00:00,3.14319546,0.1189
ETHUSDT,2017-06-11 00:00:00+00:00,3.0453661,0.1515
ETHUSDT,2017-06-12 00:00:00+00:00,2.87986851,0.2067
ETHUSDT,2017-06-13 00:00:00+00:00,2.74276157,0.2524
ETHUSDT,2017-06-14 00:00:00+00:00,2.40212873,0.366
ETHUSDT,2017-06-15 00:00:00+00:00,2.38115654,0.3729
ETHUSDT,2017-06-16 00:00:00+00:00,2.42925179,0.3569
ETHUSDT,2017-06-17 00:00:00+00:00,2.4689192,0.3437
ETHUSDT,2017-06-18 00:00:00+00:00,2.33834468,0.3872
ETHUSDT,2017-06-19 00:00:00+00:00,2.35658689,0.3811
ETHUSDT,2017-06-20 00:00:00+00:00,2.26420573,0.4119
ETHUSDT,2017-06-21 00:00:00+00:00,2.08023256,0.4733
ETHUSDT,2017-06-22 00:00:00+00:00,2.01706748,0.4943
ETHUSDT,2017-06-23 00:00:00+00:00,2.0408777,0.4864
ETHUSDT,2017-06-24 00:00:00+00:00,1.9071929,0.5309
ETHUSDT,2017-06-25 00:00:00+00:00,1.7465263,0.5845
ETHUSDT,2017-06-26 00:00:00+00:00,1.64846512,0.6172
ETHUSDT,2017-06-27 00:00:00+00:00,1.80907247,0.5636
ETHUSDT,2017-06-28 00:00:00+00:00,2.01409612,0.4953
ETHUSDT,2017-06-29 00:00:00+00:00,1.81499129,0.5617
ETHUSDT,2017-06-30 00:00:00+00:00,1.73695905,0.5877
ETHUSDT,2017-07-01 00:00:00+00:00,1.63686371,0.621
ETHUSDT,2017-07-02 00:00:00+00:00,1.80154229,0.5662
ETHUSDT,2017-07-03 00:00:00+00:00,1.74024881,0.5866
ETHUSDT,2017-07-04 00:00:00+00:00,1.70159539,0.5995
ETHUSDT,2017-07-05 00:00:00+00:00,1.67840347,0.6072
ETHUSDT,2017-07-06 00:00:00+00:00,1.68062161,0.6065
ETHUSDT,2017-07-07 00:00:00+00:00,1.52443863,0.6585
ETHUSDT,2017-07-08 00:00:00+00:00,1.54858633,0.6505
ETHUSDT,2017-07-09 00:00:00+00:00,1.51441627,0.6619
ETHUSDT,2017-07-10 00:00:00+00:00,1.32375822,0.7254
ETHUSDT,2017-07-11 00:00:00+00:00,1.26821857,0.7439
ETHUSDT,2017-07-12 00:00:00+00:00,1.48464662,0.6718
ETHUSDT,2017-07-13 00:00:00+00:00,1.41173838,0.6961
ETHUSDT,2017-07-14 00:00:00+00:00,1.36293394,0.7124
ETHUSDT,2017-07-15 00:00:00+00:00,1.18853634,0.7705
ETHUSDT,2017-07-16 00:00:00+00:00,1.10966101,0.7968
ETHUSDT,2017-07-17 00:00:00+00:00,1.34578709,0.7181
ETHUSDT,2017-07-18 00:00:00+00:00,1.59119958,0.6363
ETHUSDT,2017-07-19 00:00:00+00:00,1.35933414,0.7136
ETHUSDT,2017-07-20 00:00:00+00:00,1.5693159,0.6436
ETHUSDT,2017-07-21 00:00:00+00:00,1.51524605,0.6616
ETHUSDT,2017-07-22 00:00:00+00:00,1.61070866,0.6298
ETHUSDT,2017-07-23 00:00:00+00:00,1.57749101,0.6408
ETHUSDT,2017-07-24 00:00:00+00:00,1.55800793,0.6473
ETHUSDT,2017-07-25 00:00:00+00:00,1.41636046,0.6945
ETHUSDT,2017-07-26 00:00:00+00:00,1.40808482,0.6973
ETHUSDT,2017-07-27 00:00:00+00:00,1.41483676,0.6951
ETHUSDT,2017-07-28 00:00:00+00:00,1.34294051,0.719
ETHUSDT,2017-07-29 00:00:00+00:00,1.43470658,0.6884
ETHUSDT,2017-07-30 00:00:00+00:00,1.37354925,0.7088
ETHUSDT,2017-07-31 00:00:00+00:00,1.40504214,0.6983
ETHUSDT,2017-08-01 00:00:00+00:00,1.57613932,0.6413
ETHUSDT,2017-08-02 00:00:00+00:00,1.51938572,0.6602
ETHUSDT,2017-08-03 00:00:00+00:00,1.56661272,0.6445
ETHUSDT,2017-08-04 00:00:00+00:00,1.54906072,0.6503
ETHUSDT,2017-08-05 00:00:00+00:00,1.72046076,0.5932
ETHUSDT,2017-08-06 00:00:00+00:00,1.81974392,0.5601
ETHUSDT,2017-08-07 00:00:00+00:00,1.80786722,0.564
ETHUSDT,2017-08-08 00:00:00+00:00,1.95035408,0.5165
ETHUSDT,2017-08-09 00:00:00+00:00,1.91001956,0.53
ETHUSDT,2017-08-10 00:00:00+00:00,1.90794071,0.5307
ETHUSDT,2017-08-11 00:00:00+00:00,1.93073117,0.5231
ETHUSDT,2017-08-12 00:00:00+00:00,1.92028659,0.5266
ETHUSDT,2017-08-13 00:00:00+00:00,1.84689637,0.551
ETHUSDT,2017-08-14 00:00:00+00:00,1.85976357,0.5467
ETHUSDT,2017-08-15 00:00:00+00:00,1.77368696,0.5754
ETHUSDT,2017-08-16 00:00:00+00:00,1.84084632,0.5531
ETHUSDT,2017-08-17 00:00:00+00:00,1.8362768,0.5546
ETHUSDT,2017-08-18 00:00:00+00:00,1.78199872,0.5727
ETHUSDT,2017-08-19 00:00:00+00:00,1.78757038,0.5708
ETHUSDT,2017-08-20 00:00:00+00:00,1.80235748,0.5659
ETHUSDT,2017-08-21 00:00:00+00:00,1.91016113,0.5299
ETHUSDT,2017-08-22 00:00:00+00:00,1.87107757,0.543
ETHUSDT,2017-08-23 00:00:00+00:00,1.87980528,0.5401
ETHUSDT,2017-08-24 00:00:00+00:00,1.89643904,0.5345
ETHUSDT,2017-08-25 00:00:00+00:00,1.9114808,0.5295
ETHUSDT,2017-08-26 00:00:00+00:00,1.91749734,0.5275
ETHUSDT,2017-08-27 00:00:00+00:00,1.96444536,0.5119
ETHUSDT,2017-08-28 00:00:00+00:00,1.96144277,0.5129
ETHUSDT,2017-08-29 00:00:00+00:00,2.07507806,0.475
ETHUSDT,2017-08-30 00:00:00+00:00,2.08904609,0.4703
ETHUSDT,2017-08-31 00:00:00+00:00,2.05577343,0.4814
ETHUSDT,2017-09-01 00:00:00+00:00,2.05874705,0.4804
ETHUSDT,2017-09-02 00:00:00+00:00,1.83462921,0.5551
ETHUSDT,2017-09-03 00:00:00+00:00,1.85056566,0.5498
ETHUSDT,2017-09-04 00:00:00+00:00,1.6601133,0.6133
ETHUSDT,2017-09-05 00:00:00+00:00,1.7067802,0.5977
ETHUSDT,2017-09-06 00:00:00+00:00,1.77776395,0.5741
ETHUSDT,2017-09-07 00:00:00+00:00,1.76351133,0.5788
ETHUSDT,2017-09-08 00:00:00+00:00,1.6373551,0.6209
ETHUSDT,2017-09-09 00:00:00+00:00,1.62216165,0.6259
ETHUSDT,2017-09-10 00:00:00+00:00,1.60308202,0.6323
ETHUSDT,2017-09-11 00:00:00+00:00,1.58897965,0.637
ETHUSDT,2017-09-12 00:00:00+00:00,1.57371741,0.6421
ETHUSDT,2017-09-13 00:00:00+00:00,1.49081616,0.6697
ETHUSDT,2017-09-14 00:00:00+00:00,1.27579729,0.7414
ETHUSDT,2017-09-15 00:00:00+00:00,1.45446712,0.6818
ETHUSDT,2017-09-16 00:00:00+00:00,1.43783212,0.6874
ETHUSDT,2017-09-17 00:00:00+00:00,1.46051587,0.6798
ETHUSDT,2017-09-18 00:00:00+00:00,1.65248977,0.6158
ETHUSDT,2017-09-19 00:00:00+00:00,1.58850028,0.6372
ETHUSDT,2017-09-20 00:00:00+00:00,1.5862306,0.6379
ETHUSDT,2017-09-21 00:00:00+00:00,1.45295452,0.6823
ETHUSDT,2017-09-22 00:00:00+00:00,1.48147829,0.6728
ETHUSDT,2017-09-23 00:00:00+00:00,1.59268902,0.6358
ETHUSDT,2017-09-24 00:00:00+00:00,1.58676283,0.6377
ETHUSDT,2017-09-25 00:00:00+00:00,1.63706975,0.621
ETHUSDT,2017-09-26 00:00:00+00:00,1.60203476,0.6327
ETHUSDT,2017-09-27 00:00:00+00:00,1.70878973,0.5971
ETHUSDT,2017-09-28 00:00:00+00:00,1.65683076,0.6144
ETHUSDT,2017-09-29 00:00:00+00:00,1.59895372,0.6337
ETHUSDT,2017-09-30 00:00:00+00:00,1.65072162,0.6164
ETHUSDT,2017-10-01 00:00:00+00:00,1.64883986,0.6171
ETHUSDT,2017-10-02 00:00:00+00:00,1.6174612,0.6275
ETHUSDT,2017-10-03 00:00:00+00:00,1.59789726,0.634
ETHUSDT,2017-10-04 00:00:00+00:00,1.59978836,0.6334
ETHUSDT,2017-10-05 00:00:00+00:00,1.61459442,0.6285
ETHUSDT,2017-10-06 00:00:00+00:00,1.67535089,0.6082
ETHUSDT,2017-10-07 00:00:00+00:00,1.69435018,0.6019
ETHUSDT,2017-10-08 00:00:00+00:00,1.678259,0.6072
ETHUSDT,2017-10-09 00:00:00+00:00,1.61205026,0.6293
ETHUSDT,2017-10-10 00:00:00+00:00,1.62193259,0.626
ETHUSDT,2017-10-11 00:00:00+00:00,1.64255276,0.6191
ETHUSDT,2017-10-12 00:00:00+00:00,1.64405125,0.6186
ETHUSDT,2017-10-13 00:00:00+00:00,1.80771345,0.5641
ETHUSDT,2017-10-14 00:00:00+00:00,1.79912966,0.567
ETHUSDT,2017-10-15 00:00:00+00:00,1.7710949,0.5763
ETHUSDT,2017-10-16 00:00:00+00:00,1.75759431,0.5808
ETHUSDT,2017-10-17 00:00:00+00:00,1.63779113,0.6207
ETHUSDT,2017-10-18 00:00:00+00:00,1.62658205,0.6245
ETHUSDT,2017-10-19 00:00:00+00:00,1.60203704,0.6327
ETHUSDT,2017-10-20 00:00:00+00:00,1.57973933,0.6401
ETHUSDT,2017-10-21 00:00:00+00:00,1.56047294,0.6465
ETHUSDT,2017-10-22 00:00:00+00:00,1.53613736,0.6546
ETHUSDT,2017-10-23 00:00:00+00:00,1.49257282,0.6691
ETHUSDT,2017-10-24 00:00:00+00:00,1.55197648,0.6493
ETHUSDT,2017-10-25 00:00:00+00:00,1.55676744,0.6477
ETHUSDT,2017-10-26 00:00:00+00:00,1.54556,0.6515
ETHUSDT,2017-10-27 00:00:00+00:00,1.55141274,0.6495
ETHUSDT,2017-10-28 00:00:00+00:00,1.54143478,0.6529
ETHUSDT,2017-10-29 00:00:00+00:00,1.58486545,0.6384
ETHUSDT,2017-10-30 00:00:00+00:00,1.59139506,0.6362
ETHUSDT,2017-10-31 00:00:00+00:00,1.58262116,0.6391
ETHUSDT,2017-11-01 00:00:00+00:00,1.51069495,0.6631
ETHUSDT,2017-11-02 00:00:00+00:00,1.48432266,0.6719
ETHUSDT,2017-11-03 00:00:00+00:00,1.58976988,0.6367
ETHUSDT,2017-11-04 00:00:00+00:00,1.55999076,0.6467
ETHUSDT,2017-11-05 00:00:00+00:00,1.53976049,0.6534
ETHUSDT,2017-11-06 00:00:00+00:00,1.54656164,0.6511
ETHUSDT,2017-11-07 00:00:00+00:00,1.51792884,0.6607
ETHUSDT,2017-11-08 00:00:00+00:00,1.59804852,0.634
ETHUSDT,2017-11-09 00:00:00+00:00,1.63597976,0.6213
ETHUSDT,2017-11-10 00:00:00+00:00,1.54156784,0.6528
ETHUSDT,2017-11-11 00:00:00+00:00,1.61904806,0.627
ETHUSDT,2017-11-12 00:00:00+00:00,1.57453306,0.6418
ETHUSDT,2017-11-13 00:00:00+00:00,1.60950976,0.6302
ETHUSDT,2017-11-14 00:00:00+00:00,1.68518178,0.6049
ETHUSDT,2017-11-15 00:00:00+00:00,1.66669538,0.6111
ETHUSDT,2017-11-16 00:00:00+00:00,1.65611584,0.6146
ETHUSDT,2017-11-17 00:00:00+00:00,1.66491802,0.6117
ETHUSDT,2017-11-18 00:00:00+00:00,1.73328736,0.5889
ETHUSDT,2017-11-19 00:00:00+00:00,1.76816175,0.5773
ETHUSDT,2017-11-20 00:00:00+00:00,1.80501036,0.565
ETHUSDT,2017-11-21 00:00:00+00:00,1.75923112,0.5803
ETHUSDT,2017-11-22 00:00:00+00:00,1.82212804,0.5593
ETHUSDT,2017-11-23 00:00:00+00:00,1.95583038,0.5147
ETHUSDT,2017-11-24 00:00:00+00:00,2.17756169,0.4408
ETHUSDT,2017-11-25 00:00:00+00:00,2.12974302,0.4568
ETHUSDT,2017-11-26 00:00:00+00:00,2.13696078,0.4543
ETHUSDT,2017-11-27 00:00:00+00:00,2.09625186,0.4679
ETHUSDT,2017-11-28 00:00:00+00:00,2.04264696,0.4858
ETHUSDT,2017-11-29 00:00:00+00:00,1.87395745,0.542
ETHUSDT,2017-11-30 00:00:00+00:00,1.90778133,0.5307
ETHUSDT,2017-12-01 00:00:00+00:00,1.99298331,0.5023
ETHUSDT,2017-12-02 00:00:00+00:00,1.97723084,0.5076
ETHUSDT,2017-12-03 00:00:00+00:00,1.98359943,0.5055
ETHUSDT,2017-12-04 00:00:00+00:00,1.94802245,0.5173
ETHUSDT,2017-12-05 00:00:00+00:00,1.90565422,0.5314
ETHUSDT,2017-12-06 00:00:00+00:00,1.80518033,0.5649
ETHUSDT,2017-12-07 00:00:00+00:00,1.77801614,0.574
ETHUSDT,2017-12-08 00:00:00+00:00,1.89159646,0.5361
ETHUSDT,2017-12-09 00:00:00+00:00,1.95723313,0.5143
ETHUSDT,2017-12-10 00:00:00+00:00,1.81033419,0.5632
ETHUSDT,2017-12-11 00:00:00+00:00,2.02125099,0.4929
ETHUSDT,2017-12-12 00:00:00+00:00,2.5615938,0.3128
ETHUSDT,2017-12-13 00:00:00+00:00,2.51660691,0.3278
ETHUSDT,2017-12-14 00:00:00+00:00,2.38217166,0.3726
ETHUSDT,2017-12-15 00:00:00+00:00,2.33338023,0.3889
ETHUSDT,2017-12-16 00:00:00+00:00,2.30404731,0.3987
ETHUSDT,2017-12-17 00:00:00+00:00,2.37258056,0.3758
ETHUSDT,2017-12-18 00:00:00+00:00,2.45215768,0.3493
ETHUSDT,2017-12-19 00:00:00+00:00,2.48520871,0.3383
ETHUSDT,2017-12-20 00:00:00+00:00,2.37841653,0.3739
ETHUSDT,2017-12-21 00:00:00+00:00,2.33506681,0.3883
ETHUSDT,2017-12-22 00:00:00+00:00,2.02876516,0.4904
ETHUSDT,2017-12-23 00:00:00+00:00,2.12888138,0.457
ETHUSDT,2017-12-24 00:00:00+00:00,2.02579537,0.4914
ETHUSDT,2017-12-25 00:00:00+00:00,2.14286317,0.4524
ETHUSDT,2017-12-26 00:00:00+00:00,2.15946117,0.4468
ETHUSDT,2017-12-27 00:00:00+00:00,2.12614565,0.458
ETHUSDT,2017-12-28 00:00:00+00:00,2.05381522,0.4821
ETHUSDT,2017-12-29 00:00:00+00:00,2.11193683,0.4627
ETHUSDT,2017-12-30 00:00:00+00:00,2.0196486,0.4935
ETHUSDT,2017-12-31 00:00:00+00:00,2.08315971,0.4723
ETHUSDT,2018-01-01 00:00:00+00:00,2.10992367,0.4634
ETHUSDT,2018-01-02 00:00:00+00:00,2.33353986,0.3888
ETHUSDT,2018-01-03 00:00:00+00:00,2.47650782,0.3412
ETHUSDT,2018-01-04 00:00:00+00:00,2.42999826,0.3567
ETHUSDT,2018-01-05 00:00:00+00:00,2.37822836,0.3739
ETHUSDT,2018-01-06 00:00:00+00:00,2.41483049,0.3617
ETHUSDT,2018-01-07 00:00:00+00:00,2.55957535,0.3135
ETHUSDT,2018-01-08 00:00:00+00:00,2.50487897,0.3317
ETHUSDT,2018-01-09 00:00:00+00:00,2.70068497,0.2664
ETHUSDT,2018-01-10 00:00:00+00:00,2.5234669,0.3255
ETHUSDT,2018-01-11 00:00:00+00:00,2.31265001,0.3958
ETHUSDT,2018-01-12 00:00:00+00:00,2.47329286,0.3422
ETHUSDT,2018-01-13 00:00:00+00:00,2.60892949,0.297
ETHUSDT,2018-01-14 00:00:00+00:00,2.5208012,0.3264
ETHUSDT,2018-01-15 00:00:00+00:00,2.35466429,0.3818
ETHUSDT,2018-01-16 00:00:00+00:00,2.00257414,0.4991
ETHUSDT,2018-01-17 00:00:00+00:00,1.93504998,0.5217
ETHUSDT,2018-01-18 00:00:00+00:00,1.94857816,0.5171
ETHUSDT,2018-01-19 00:00:00+00:00,1.96457989,0.5118
ETHUSDT,2018-01-20 00:00:00+00:00,2.16293499,0.4457
ETHUSDT,2018-01-21 00:00:00+00:00,1.96895811,0.5103
ETHUSDT,2018-01-22 00:00:00+00:00,1.88740313,0.5375
ETHUSDT,2018-01-23 00:00:00+00:00,1.90039739,0.5332
ETHUSDT,2018-01-24 00:00:00+00:00,1.98678561,0.5044
ETHUSDT,2018-01-25 00:00:00+00:00,1.9653537,0.5115
ETHUSDT,2018-01-26 00:00:00+00:00,1.95103595,0.5163
ETHUSDT,2018-01-27 00:00:00+00:00,2.0339235,0.4887
ETHUSDT,2018-01-28 00:00:00+00:00,2.20203835,0.4327
ETHUSDT,2018-01-29 00:00:00+00:00,2.09811434,0.4673
ETHUSDT,2018-01-30 00:00:00+00:00,1.92371119,0.5254
ETHUSDT,2018-01-31 00:00:00+00:00,1.9863663,0.5045
ETHUSDT,2018-02-01 00:00:00+00:00,1.86223247,0.5459
ETHUSDT,2018-02-02 00:00:00+00:00,1.69097862,0.603
ETHUSDT,2018-02-03 00:00:00+00:00,1.77416014,0.5753
ETHUSDT,2018-02-04 00:00:00+00:00,1.56471305,0.6451
ETHUSDT,2018-02-05 00:00:00+00:00,1.32925577,0.7236
ETHUSDT,2018-02-06 00:00:00+00:00,1.51013498,0.6633
ETHUSDT,2018-02-07 00:00:00+00:00,1.46476678,0.6784
ETHUSDT,2018-02-08 00:00:00+00:00,1.56439845,0.6452
ETHUSDT,2018-02-09 00:00:00+00:00,1.67578142,0.6081
ETHUSDT,2018-02-10 00:00:00+00:00,1.63324016,0.6223
ETHUSDT,2018-02-11 00:00:00+00:00,1.57282516,0.6424
ETHUSDT,2018-02-12 00:00:00+00:00,1.68196689,0.606
ETHUSDT,2018-02-13 00:00:00+00:00,1.63403271,0.622
ETHUSDT,2018-02-14 00:00:00+00:00,1.77351687,0.5755
ETHUSDT,2018-02-15 00:00:00+00:00,1.78728914,0.5709
ETHUSDT,2018-02-16 00:00:00+00:00,1.80307119,0.5656
ETHUSDT,2018-02-17 00:00:00+00:00,1.8610655,0.5463
ETHUSDT,2018-02-18 00:00:00+00:00,1.7479162,0.584
ETHUSDT,2018-02-19 00:00:00+00:00,1.80155775,0.5661
ETHUSDT,2018-02-20 00:00:00+00:00,1.70907954,0.597
ETHUSDT,2018-02-21 00:00:00+00:00,1.62879796,0.6237
ETHUSDT,2018-02-22 00:00:00+00:00,1.57724792,0.6409
ETHUSDT,2018-02-23 00:00:00+00:00,1.66793511,0.6107
ETHUSDT,2018-02-24 00:00:00+00:00,1.6221155,0.626
ETHUSDT,2018-02-25 00:00:00+00:00,1.6407222,0.6198
ETHUSDT,2018-02-26 00:00:00+00:00,1.68393239,0.6054
ETHUSDT,2018-02-27 00:00:00+00:00,1.69821627,0.6006
ETHUSDT,2018-02-28 00:00:00+00:00,1.65428102,0.6152
ETHUSDT,2018-03-01 00:00:00+00:00,1.68500825,0.605
ETHUSDT,2018-03-02 00:00:00+00:00,1.65884301,0.6137
ETHUSDT,2018-03-03 00:00:00+00:00,1.65748506,0.6142
ETHUSDT,2018-03-04 00:00:00+00:00,1.66925161,0.6102
ETHUSDT,2018-03-05 00:00:00+00:00,1.65108944,0.6163
ETHUSDT,2018-03-06 00:00:00+00:00,1.58017196,0.6399
ETHUSDT,2018-03-07 00:00:00+00:00,1.47476601,0.6751
ETHUSDT,2018-03-08 00:00:00+00:00,1.38262832,0.7058
ETHUSDT,2018-03-09 00:00:00+00:00,1.44035658,0.6865
ETHUSDT,2018-03-10 00:00:00+00:00,1.37004051,0.71
ETHUSDT,2018-03-11 00:00:00+00:00,1.43619107,0.6879
ETHUSDT,2018-03-12 00:00:00+00:00,1.39843978,0.7005
ETHUSDT,2018-03-13 00:00:00+00:00,1.38992827,0.7034
ETHUSDT,2018-03-14 00:00:00+00:00,1.24845781,0.7505
ETHUSDT,2018-03-15 00:00:00+00:00,1.25508563,0.7483
ETHUSDT,2018-03-16 00:00:00+00:00,1.24651026,0.7512
ETHUSDT,2018-03-17 00:00:00+00:00,1.15055511,0.7831
ETHUSDT,2018-03-18 00:00:00+00:00,1.12510162,0.7916
ETHUSDT,2018-03-19 00:00:00+00:00,1.15480117,0.7817
ETHUSDT,2018-03-20 00:00:00+00:00,1.16932635,0.7769
ETHUSDT,2018-03-21 00:00:00+00:00,1.17931911,0.7736
ETHUSDT,2018-03-22 00:00:00+00:00,1.14537471,0.7849
ETHUSDT,2018-03-23 00:00:00+00:00,1.14464095,0.7851
ETHUSDT,2018-03-24 00:00:00+00:00,1.12052195,0.7932
ETHUSDT,2018-03-25 00:00:00+00:00,1.1166913,0.7944
ETHUSDT,2018-03-26 00:00:00+00:00,1.05456042,0.8151
ETHUSDT,2018-03-27 00:00:00+00:00,0.98763844,0.8375
ETHUSDT,2018-03-28 00:00:00+00:00,0.98245777,0.8392
ETHUSDT,2018-03-29 00:00:00+00:00,0.8611093,0.8796
ETHUSDT,2018-03-30 00:00:00+00:00,0.88138377,0.8729
ETHUSDT,2018-03-31 00:00:00+00:00,0.88914572,0.8703
ETHUSDT,2018-04-01 00:00:00+00:00,0.85535842,0.8815
ETHUSDT,2018-04-02 00:00:00+00:00,0.87189648,0.876
ETHUSDT,2018-04-03 00:00:00+00:00,0.94609593,0.8513
ETHUSDT,2018-04-04 00:00:00+00:00,0.86884248,0.8771
ETHUSDT,2018-04-05 00:00:00+00:00,0.88227321,0.8726
ETHUSDT,2018-04-06 00:00:00+00:00,0.85728562,0.8809
ETHUSDT,2018-04-07 00:00:00+00:00,0.89080189,0.8697
ETHUSDT,2018-04-08 00:00:00+00:00,0.92412917,0.8586
ETHUSDT,2018-04-09 00:00:00+00:00,0.91921794,0.8603
ETHUSDT,2018-04-10 00:00:00+00:00,0.96085422,0.8464
ETHUSDT,2018-04-11 00:00:00+00:00,0.99965056,0.8334
ETHUSDT,2018-04-12 00:00:00+00:00,1.139628,0.7868
ETHUSDT,2018-04-13 00:00:00+00:00,1.1449447,0.785
ETHUSDT,2018-04-14 00:00:00+00:00,1.16039066,0.7799
ETHUSDT,2018-04-15 00:00:00+00:00,1.22107196,0.7596
ETHUSDT,2018-04-16 00:00:00+00:00,1.17579392,0.7747
ETHUSDT,2018-04-17 00:00:00+00:00,1.15609887,0.7813
ETHUSDT,2018-04-18 00:00:00+00:00,1.20593937,0.7647
ETHUSDT,2018-04-19 00:00:00+00:00,1.29384483,0.7354
ETHUSDT,2018-04-20 00:00:00+00:00,1.39707226,0.701
ETHUSDT,2018-04-21 00:00:00+00:00,1.37040878,0.7099
ETHUSDT,2018-04-22 00:00:00+00:00,1.40354047,0.6988
ETHUSDT,2018-04-23 00:00:00+00:00,1.43334673,0.6889
ETHUSDT,2018-04-24 00:00:00+00:00,1.55790945,0.6474
ETHUSDT,2018-04-25 00:00:00+00:00,1.36282871,0.7124
ETHUSDT,2018-04-26 00:00:00+00:00,1.45887021,0.6804
ETHUSDT,2018-04-27 00:00:00+00:00,1.43096882,0.6897
ETHUSDT,2018-04-28 00:00:00+00:00,1.49954035,0.6668
ETHUSDT,2018-04-29 00:00:00+00:00,1.5097924,0.6634
ETHUSDT,2018-04-30 00:00:00+00:00,1.46345418,0.6788
ETHUSDT,2018-05-01 00:00:00+00:00,1.47164055,0.6761
ETHUSDT,2018-05-02 00:00:00+00:00,1.49815735,0.6673
ETHUSDT,2018-05-03 00:00:00+00:00,1.67700609,0.6077
ETHUSDT,2018-05-04 00:00:00+00:00,1.67844175,0.6072
ETHUSDT,2018-05-05 00:00:00+00:00,1.72826208,0.5906
ETHUSDT,2018-05-06 00:00:00+00:00,1.6723889,0.6092
ETHUSDT,2018-05-07 00:00:00+00:00,1.59606162,0.6346
ETHUSDT,2018-05-08 00:00:00+00:00,1.60177919,0.6327
ETHUSDT,2018-05-09 00:00:00+00:00,1.5942497,0.6353
ETHUSDT,2018-05-10 00:00:00+00:00,1.54828574,0.6506
ETHUSDT,2018-05-11 00:00:00+00:00,1.45987902,0.68
ETHUSDT,2018-05-12 00:00:00+00:00,1.47253925,0.6758
ETHUSDT,2018-05-13 00:00:00+00:00,1.56509105,0.645
ETHUSDT,2018-05-14 00:00:00+00:00,1.5542795,0.6486
ETHUSDT,2018-05-15 00:00:00+00:00,1.51381273,0.6621
ETHUSDT,2018-05-16 00:00:00+00:00,1.51221319,0.6626
ETHUSDT,2018-05-17 00:00:00+00:00,1.43971798,0.6868
ETHUSDT,2018-05-18 00:00:00+00:00,1.49222575,0.6693
ETHUSDT,2018-05-19 00:00:00+00:00,1.49231142,0.6692
ETHUSDT,2018-05-20 00:00:00+00:00,1.53178592,0.6561
ETHUSDT,2018-05-21 00:00:00+00:00,1.49812325,0.6673
ETHUSDT,2018-05-22 00:00:00+00:00,1.3897053,0.7034
ETHUSDT,2018-05-23 00:00:00+00:00,1.26280432,0.7457
ETHUSDT,2018-05-24 00:00:00+00:00,1.31637511,0.7279
ETHUSDT,2018-05-25 00:00:00+00:00,1.27263401,0.7425
ETHUSDT,2018-05-26 00:00:00+00:00,1.28586339,0.738
ETHUSDT,2018-05-27 00:00:00+00:00,1.26009992,0.7466
ETHUSDT,2018-05-28 00:00:00+00:00,1.1416378,0.7861
ETHUSDT,2018-05-29 00:00:00+00:00,1.25264302,0.7491
ETHUSDT,2018-05-30 00:00:00+00:00,1.23976503,0.7534
ETHUSDT,2018-05-31 00:00:00+00:00,1.28068553,0.7398
ETHUSDT,2018-06-01 00:00:00+00:00,1.28793241,0.7374
ETHUSDT,2018-06-02 00:00:00+00:00,1.31497844,0.7283
ETHUSDT,2018-06-03 00:00:00+00:00,1.37031158,0.7099
ETHUSDT,2018-06-04 00:00:00+00:00,1.3105608,0.7298
ETHUSDT,2018-06-05 00:00:00+00:00,1.34684862,0.7177
ETHUSDT,2018-06-06 00:00:00+00:00,1.34285375,0.719
ETHUSDT,2018-06-07 00:00:00+00:00,1.33702395,0.721
ETHUSDT,2018-06-08 00:00:00+00:00,1.3313574,0.7229
ETHUSDT,2018-06-09 00:00:00+00:00,1.31920168,0.7269
ETHUSDT,2018-06-10 00:00:00+00:00,1.1617924,0.7794
ETHUSDT,2018-06-11 00:00:00+00:00,1.18501233,0.7717
ETHUSDT,2018-06-12 00:00:00+00:00,1.10629446,0.7979
ETHUSDT,2018-06-13 00:00:00+00:00,1.07849175,0.8072
ETHUSDT,2018-06-14 00:00:00+00:00,1.17313082,0.7756
ETHUSDT,2018-06-15 00:00:00+00:00,1.108696,0.7971
ETHUSDT,2018-06-16 00:00:00+00:00,1.13335781,0.7889
ETHUSDT,2018-06-17 00:00:00+00:00,1.13084684,0.7897
ETHUSDT,2018-06-18 00:00:00+00:00,1.1780153,0.774
ETHUSDT,2018-06-19 00:00:00+00:00,1.22191667,0.7594
ETHUSDT,2018-06-20 00:00:00+00:00,1.21750926,0.7608
ETHUSDT,2018-06-21 00:00:00+00:00,1.19710454,0.7676
ETHUSDT,2018-06-22 00:00:00+00:00,1.0638575,0.812
ETHUSDT,2018-06-23 00:00:00+00:00,1.09176427,0.8027
ETHUSDT,2018-06-24 00:00:00+00:00,1.04817453,0.8173
ETHUSDT,2018-06-25 00:00:00+00:00,1.0628783,0.8124
ETHUSDT,2018-06-26 00:00:00+00:00,1.00675517,0.8311
ETHUSDT,2018-06-27 00:00:00+00:00,1.03004605,0.8233
ETHUSDT,2018-06-28 00:00:00+00:00,0.98368254,0.8388
ETHUSDT,2018-06-29 00:00:00+00:00,1.02454718,0.8252
ETHUSDT,2018-06-30 00:00:00+00:00,1.05897491,0.8137
ETHUSDT,2018-07-01 00:00:00+00:00,1.05943096,0.8135
ETHUSDT,2018-07-02 00:00:00+00:00,1.11439496,0.7952
ETHUSDT,2018-07-03 00:00:00+00:00,1.08587639,0.8047
ETHUSDT,2018-07-04 00:00:00+00:00,1.09527063,0.8016
ETHUSDT,2018-07-05 00:00:00+00:00,1.10437233,0.7985
ETHUSDT,2018-07-06 00:00:00+00:00,1.10842193,0.7972
ETHUSDT,2018-07-07 00:00:00+00:00,1.13642762,0.7879
ETHUSDT,2018-07-08 00:00:00+00:00,1.14993373,0.7834
ETHUSDT,2018-07-09 00:00:00+00:00,1.11767572,0.7941
ETHUSDT,2018-07-10 00:00:00+00:00,1.03375057,0.8221
ETHUSDT,2018-07-11 00:00:00+00:00,1.06592173,0.8114
ETHUSDT,2018-07-12 00:00:00+00:00,1.01629152,0.8279
ETHUSDT,2018-07-13 00:00:00+00:00,1.03581228,0.8214
ETHUSDT,2018-07-14 00:00:00+00:00,1.04277989,0.8191
ETHUSDT,2018-07-15 00:00:00+00:00,1.07783434,0.8074
ETHUSDT,2018-07-16 00:00:00+00:00,1.1447682,0.7851
ETHUSDT,2018-07-17 00:00:00+00:00,1.19509655,0.7683
ETHUSDT,2018-07-18 00:00:00+00:00,1.14760033,0.7841
ETHUSDT,2018-07-19 00:00:00+00:00,1.12358728,0.7921
ETHUSDT,2018-07-20 00:00:00+00:00,1.07805741,0.8073
ETHUSDT,2018-07-21 00:00:00+00:00,1.11213988,0.796
ETHUSDT,2018-07-22 00:00:00+00:00,1.10153969,0.7995
ETHUSDT,2018-07-23 00:00:00+00:00,1.08408943,0.8053
ETHUSDT,2018-07-24 00:00:00+00:00,1.15058252,0.7831
ETHUSDT,2018-07-25 00:00:00+00:00,1.13801665,0.7873
ETHUSDT,2018-07-26 00:00:00+00:00,1.11816576,0.7939
ETHUSDT,2018-07-27 00:00:00+00:00,1.13261639,0.7891
ETHUSDT,2018-07-28 00:00:00+00:00,1.12820618,0.7906
ETHUSDT,2018-07-29 00:00:00+00:00,1.12755782,0.7908
ETHUSDT,2018-07-30 00:00:00+00:00,1.10268067,0.7991
ETHUSDT,2018-07-31 00:00:00+00:00,1.05001895,0.8167
ETHUSDT,2018-08-01 00:00:00+00:00,1.0212763,0.8262
ETHUSDT,2018-08-02 00:00:00+00:00,1.00619777,0.8313
ETHUSDT,2018-08-03 00:00:00+00:00,1.02234641,0.8259
ETHUSDT,2018-08-04 00:00:00+00:00,0.99749273,0.8342
ETHUSDT,2018-08-05 00:00:00+00:00,1.00389694,0.832
ETHUSDT,2018-08-06 00:00:00+00:00,0.99738708,0.8342
ETHUSDT,2018-08-07 00:00:00+00:00,0.94355719,0.8521
ETHUSDT,2018-08-08 00:00:00+00:00,0.88861832,0.8705
ETHUSDT,2018-08-09 00:00:00+00:00,0.91739158,0.8609
ETHUSDT,2018-08-10 00:00:00+00:00,0.83710084,0.8876
ETHUSDT,2018-08-11 00:00:00+00:00,0.82126865,0.8929
ETHUSDT,2018-08-12 00:00:00+00:00,0.81116825,0.8963
ETHUSDT,2018-08-13 00:00:00+00:00,0.73508766,0.9216
ETHUSDT,2018-08-14 00:00:00+00:00,0.72328652,0.9256
ETHUSDT,2018-08-15 00:00:00+00:00,0.73960735,0.9201
ETHUSDT,2018-08-16 00:00:00+00:00,0.75279712,0.9157
ETHUSDT,2018-08-17 00:00:00+00:00,0.82847546,0.8905
ETHUSDT,2018-08-18 00:00:00+00:00,0.78100832,0.9063
ETHUSDT,2018-08-19 00:00:00+00:00,0.79351541,0.9022
ETHUSDT,2018-08-20 00:00:00+00:00,0.72334286,0.9256
ETHUSDT,2018-08-21 00:00:00+00:00,0.74808903,0.9173
ETHUSDT,2018-08-22 00:00:00+00:00,0.72282001,0.9257
ETHUSDT,2018-08-23 00:00:00+00:00,0.73818071,0.9206
ETHUSDT,2018-08-24 00:00:00+00:00,0.75632795,0.9146
ETHUSDT,2018-08-25 00:00:00+00:00,0.74597103,0.918
ETHUSDT,2018-08-26 00:00:00+00:00,0.73292732,0.9224
ETHUSDT,2018-08-27 00:00:00+00:00,0.76432546,0.9119
ETHUSDT,2018-08-28 00:00:00+00:00,0.79682005,0.9011
ETHUSDT,2018-08-29 00:00:00+00:00,0.77666889,0.9078
ETHUSDT,2018-08-30 00:00:00+00:00,0.7669537,0.911
ETHUSDT,2018-08-31 00:00:00+00:00,0.76351171,0.9122
ETHUSDT,2018-09-01 00:00:00+00:00,0.79759438,0.9008
ETHUSDT,2018-09-02 00:00:00+00:00,0.79527788,0.9016
ETHUSDT,2018-09-03 00:00:00+00:00,0.7826428,0.9058
ETHUSDT,2018-09-04 00:00:00+00:00,0.77300272,0.909
ETHUSDT,2018-09-05 00:00:00+00:00,0.64355896,0.9521
ETHUSDT,2018-09-06 00:00:00+00:00,0.63319051,0.9556
ETHUSDT,2018-09-07 00:00:00+00:00,0.59887984,0.967
ETHUSDT,2018-09-08 00:00:00+00:00,0.55236631,0.9825
ETHUSDT,2018-09-09 00:00:00+00:00,0.55092899,0.983
ETHUSDT,2018-09-10 00:00:00+00:00,0.55463952,0.9818
ETHUSDT,2018-09-11 00:00:00+00:00,0.52407329,0.992
ETHUSDT,2018-09-12 00:00:00+00:00,0.5242721,0.9919
ETHUSDT,2018-09-13 00:00:00+00:00,0.60931851,0.9636
ETHUSDT,2018-09-14 00:00:00+00:00,0.60719773,0.9643
ETHUSDT,2018-09-15 00:00:00+00:00,0.6386023,0.9538
ETHUSDT,2018-09-16 00:00:00+00:00,0.63074915,0.9564
ETHUSDT,2018-09-17 00:00:00+00:00,0.56673872,0.9778
ETHUSDT,2018-09-18 00:00:00+00:00,0.60340767,0.9655
ETHUSDT,2018-09-19 00:00:00+00:00,0.60272018,0.9658
ETHUSDT,2018-09-20 00:00:00+00:00,0.64465676,0.9518
ETHUSDT,2018-09-21 00:00:00+00:00,0.70828037,0.9306
ETHUSDT,2018-09-22 00:00:00+00:00,0.6898456,0.9367
ETHUSDT,2018-09-23 00:00:00+00:00,0.70247727,0.9325
ETHUSDT,2018-09-24 00:00:00+00:00,0.65557688,0.9481
ETHUSDT,2018-09-25 00:00:00+00:00,0.62799011,0.9573
ETHUSDT,2018-09-26 00:00:00+00:00,0.62211485,0.9593
ETHUSDT,2018-09-27 00:00:00+00:00,0.66009596,0.9466
ETHUSDT,2018-09-28 00:00:00+00:00,0.64047475,0.9532
ETHUSDT,2018-09-29 00:00:00+00:00,0.67174583,0.9428
ETHUSDT,2018-09-30 00:00:00+00:00,0.67431396,0.9419
ETHUSDT,2018-10-01 00:00:00+00:00,0.66878158,0.9437
ETHUSDT,2018-10-02 00:00:00+00:00,0.65593297,0.948
ETHUSDT,2018-10-03 00:00:00+00:00,0.63844225,0.9539
ETHUSDT,2018-10-04 00:00:00+00:00,0.64521449,0.9516
ETHUSDT,2018-10-05 00:00:00+00:00,0.66324024,0.9456
ETHUSDT,2018-10-06 00:00:00+00:00,0.65477061,0.9484
ETHUSDT,2018-10-07 00:00:00+00:00,0.65682124,0.9477
ETHUSDT,2018-10-08 00:00:00+00:00,0.66621976,0.9446
ETHUSDT,2018-10-09 00:00:00+00:00,0.66307287,0.9456
ETHUSDT,2018-10-10 00:00:00+00:00,0.65601199,0.948
ETHUSDT,2018-10-11 00:00:00+00:00,0.56458744,0.9785
ETHUSDT,2018-10-12 00:00:00+00:00,0.57682199,0.9744
ETHUSDT,2018-10-13 00:00:00+00:00,0.58410063,0.972
ETHUSDT,2018-10-14 00:00:00+00:00,0.57135835,0.9762
ETHUSDT,2018-10-15 00:00:00+00:00,0.60935975,0.9635
ETHUSDT,2018-10-16 00:00:00+00:00,0.6130596,0.9623
ETHUSDT,2018-10-17 00:00:00+00:00,0.60822994,0.9639
ETHUSDT,2018-10-18 00:00:00+00:00,0.59685784,0.9677
ETHUSDT,2018-10-19 00:00:00+00:00,0.61041166,0.9632
ETHUSDT,2018-10-20 00:00:00+00:00,0.61804319,0.9607
ETHUSDT,2018-10-21 00:00:00+00:00,0.61718038,0.9609
ETHUSDT,2018-10-22 00:00:00+00:00,0.61430234,0.9619
ETHUSDT,2018-10-23 00:00:00+00:00,0.61529447,0.9616
ETHUSDT,2018-10-24 00:00:00+00:00,0.61546587,0.9615
ETHUSDT,2018-10-25 00:00:00+00:00,0.61565502,0.9614
ETHUSDT,2018-10-26 00:00:00+00:00,0.61823665,0.9606
ETHUSDT,2018-10-27 00:00:00+00:00,0.62087605,0.9597
ETHUSDT,2018-10-28 00:00:00+00:00,0.62430644,0.9586
ETHUSDT,2018-10-29 00:00:00+00:00,0.60093096,0.9664
ETHUSDT,2018-10-30 00:00:00+00:00,0.60557184,0.9648
ETHUSDT,2018-10-31 00:00:00+00:00,0.60981471,0.9634
ETHUSDT,2018-11-01 00:00:00+00:00,0.61321759,0.9623
ETHUSDT,2018-11-02 00:00:00+00:00,0.61887095,0.9604
ETHUSDT,2018-11-03 00:00:00+00:00,0.61450669,0.9618
ETHUSDT,2018-11-04 00:00:00+00:00,0.64957989,0.9501
ETHUSDT,2018-11-05 00:00:00+00:00,0.64401502,0.952
ETHUSDT,2018-11-06 00:00:00+00:00,0.67428949,0.9419
ETHUSDT,2018-11-07 00:00:00+00:00,0.67010524,0.9433
ETHUSDT,2018-11-08 00:00:00+00:00,0.65227399,0.9492
ETHUSDT,2018-11-09 00:00:00+00:00,0.64534031,0.9516
ETHUSDT,2018-11-10 00:00:00+00:00,0.65284203,0.9491
ETHUSDT,2018-11-11 00:00:00+00:00,0.64873215,0.9504
ETHUSDT,2018-11-12 00:00:00+00:00,0.64697636,0.951
ETHUSDT,2018-11-13 00:00:00+00:00,0.63460253,0.9551
ETHUSDT,2018-11-14 00:00:00+00:00,0.55537959,0.9815
ETHUSDT,2018-11-15 00:00:00+00:00,0.56297432,0.979
ETHUSDT,2018-11-16 00:00:00+00:00,0.54729564,0.9842
ETHUSDT,2018-11-17 00:00:00+00:00,0.5487503,0.9837
ETHUSDT,2018-11-18 00:00:00+00:00,0.55823932,0.9806
ETHUSDT,2018-11-19 00:00:00+00:00,0.48110099,1.0
ETHUSDT,2018-11-20 00:00:00+00:00,0.42061386,1.0
ETHUSDT,2018-11-21 00:00:00+00:00,0.44961473,1.0
ETHUSDT,2018-11-22 00:00:00+00:00,0.42276008,1.0
ETHUSDT,2018-11-23 00:00:00+00:00,0.41347151,1.0
ETHUSDT,2018-11-24 00:00:00+00:00,0.38086606,1.0
ETHUSDT,2018-11-25 00:00:00+00:00,0.39318103,1.0
ETHUSDT,2018-11-26 00:00:00+00:00,0.36693085,1.0
ETHUSDT,2018-11-27 00:00:00+00:00,0.37900944,1.0
ETHUSDT,2018-11-28 00:00:00+00:00,0.42144303,1.0
ETHUSDT,2018-11-29 00:00:00+00:00,0.40763014,1.0
ETHUSDT,2018-11-30 00:00:00+00:00,0.38680613,1.0
ETHUSDT,2018-12-01 00:00:00+00:00,0.39897866,1.0
ETHUSDT,2018-12-02 00:00:00+00:00,0.39215367,1.0
ETHUSDT,2018-12-03 00:00:00+00:00,0.36794301,1.0
ETHUSDT,2018-12-04 00:00:00+00:00,0.37206288,1.0
ETHUSDT,2018-12-05 00:00:00+00:00,0.34822197,1.0
ETHUSDT,2018-12-06 00:00:00+00:00,0.31503695,1.0
ETHUSDT,2018-12-07 00:00:00+00:00,0.32164176,1.0
ETHUSDT,2018-12-08 00:00:00+00:00,0.31749678,1.0
ETHUSDT,2018-12-09 00:00:00+00:00,0.32637723,1.0
ETHUSDT,2018-12-10 00:00:00+00:00,0.31444501,1.0
ETHUSDT,2018-12-11 00:00:00+00:00,0.30728913,1.0
ETHUSDT,2018-12-12 00:00:00+00:00,0.31507885,1.0
ETHUSDT,2018-12-13 00:00:00+00:00,0.30236014,1.0
ETHUSDT,2018-12-14 00:00:00+00:00,0.29645094,1.0
ETHUSDT,2018-12-15 00:00:00+00:00,0.29579961,1.0
ETHUSDT,2018-12-16 00:00:00+00:00,0.29946449,1.0
ETHUSDT,2018-12-17 00:00:00+00:00,0.33649934,1.0
ETHUSDT,2018-12-18 00:00:00+00:00,0.36012113,1.0
ETHUSDT,2018-12-19 00:00:00+00:00,0.3610743,1.0
ETHUSDT,2018-12-20 00:00:00+00:00,0.41000337,1.0
ETHUSDT,2018-12-21 00:00:00+00:00,0.38848702,1.0
ETHUSDT,2018-12-22 00:00:00+00:00,0.41466708,1.0
ETHUSDT,2018-12-23 00:00:00+00:00,0.46495142,1.0
ETHUSDT,2018-12-24 00:00:00+00:00,0.50207255,0.9993
ETHUSDT,2018-12-25 00:00:00+00:00,0.45816263,1.0
ETHUSDT,2018-12-26 00:00:00+00:00,0.4667826,1.0
ETHUSDT,2018-12-27 00:00:00+00:00,0.41302625,1.0
ETHUSDT,2018-12-28 00:00:00+00:00,0.48612785,1.0
ETHUSDT,2018-12-29 00:00:00+00:00,0.50287937,0.999
ETHUSDT,2018-12-30 00:00:00+00:00,0.49833465,1.0
ETHUSDT,2018-12-31 00:00:00+00:00,0.47254964,1.0
ETHUSDT,2019-01-01 00:00:00+00:00,0.501839,0.9994
ETHUSDT,2019-01-02 00:00:00+00:00,0.55484275,0.9817
ETHUSDT,2019-01-03 00:00:00+00:00,0.52864019,0.9905
ETHUSDT,2019-01-04 00:00:00+00:00,0.54952594,0.9835
ETHUSDT,2019-01-05 00:00:00+00:00,0.55361162,0.9821
ETHUSDT,2019-01-06 00:00:00+00:00,0.55912841,0.9803
ETHUSDT,2019-01-07 00:00:00+00:00,0.5410863,0.9863
ETHUSDT,2019-01-08 00:00:00+00:00,0.53747466,0.9875
ETHUSDT,2019-01-09 00:00:00+00:00,0.53987829,0.9867
ETHUSDT,2019-01-10 00:00:00+00:00,0.46188903,1.0
ETHUSDT,2019-01-11 00:00:00+00:00,0.45627489,1.0
ETHUSDT,2019-01-12 00:00:00+00:00,0.45438856,1.0
ETHUSDT,2019-01-13 00:00:00+00:00,0.42384764,1.0
ETHUSDT,2019-01-14 00:00:00+00:00,0.47036371,1.0
ETHUSDT,2019-01-15 00:00:00+00:00,0.44292432,1.0
ETHUSDT,2019-01-16 00:00:00+00:00,0.45083728,1.0
ETHUSDT,2019-01-17 00:00:00+00:00,0.45235215,1.0
ETHUSDT,2019-01-18 00:00:00+00:00,0.44174902,1.0
ETHUSDT,2019-01-19 00:00:00+00:00,0.45636238,1.0
ETHUSDT,2019-01-20 00:00:00+00:00,0.43521185,1.0
ETHUSDT,2019-01-21 00:00:00+00:00,0.42995283,1.0
ETHUSDT,2019-01-22 00:00:00+00:00,0.44056514,1.0
ETHUSDT,2019-01-23 00:00:00+00:00,0.43471843,1.0
ETHUSDT,2019-01-24 00:00:00+00:00,0.43535499,1.0
ETHUSDT,2019-01-25 00:00:00+00:00,0.43089808,1.0
ETHUSDT,2019-01-26 00:00:00+00:00,0.43148997,1.0
ETHUSDT,2019-01-27 00:00:00+00:00,0.41985527,1.0
ETHUSDT,2019-01-28 00:00:00+00:00,0.39847231,1.0
ETHUSDT,2019-01-29 00:00:00+00:00,0.39406571,1.0
ETHUSDT,2019-01-30 00:00:00+00:00,0.40710112,1.0
ETHUSDT,2019-01-31 00:00:00+00:00,0.40062661,1.0
ETHUSDT,2019-02-01 00:00:00+00:00,0.40437959,1.0
ETHUSDT,2019-02-02 00:00:00+00:00,0.41160897,1.0
ETHUSDT,2019-02-03 00:00:00+00:00,0.40236043,1.0
ETHUSDT,2019-02-04 00:00:00+00:00,0.40508712,1.0
ETHUSDT,2019-02-05 00:00:00+00:00,0.40564886,1.0
ETHUSDT,2019-02-06 00:00:00+00:00,0.39610329,1.0
ETHUSDT,2019-02-07 00:00:00+00:00,0.40495776,1.0
ETHUSDT,2019-02-08 00:00:00+00:00,0.4583933,1.0
ETHUSDT,2019-02-09 00:00:00+00:00,0.46088424,1.0
ETHUSDT,2019-02-10 00:00:00+00:00,0.48156962,1.0
ETHUSDT,2019-02-11 00:00:00+00:00,0.4669473,1.0
ETHUSDT,2019-02-12 00:00:00+00:00,0.47153349,1.0
ETHUSDT,2019-02-13 00:00:00+00:00,0.47131967,1.0
ETHUSDT,2019-02-14 00:00:00+00:00,0.46762715,1.0
ETHUSDT,2019-02-15 00:00:00+00:00,0.47102055,1.0
ETHUSDT,2019-02-16 00:00:00+00:00,0.47659499,1.0
ETHUSDT,2019-02-17 00:00:00+00:00,0.51870126,0.9938
ETHUSDT,2019-02-18 00:00:00+00:00,0.56094026,0.9797
ETHUSDT,2019-02-19 00:00:00+00:00,0.55679578,0.9811
ETHUSDT,2019-02-20 00:00:00+00:00,0.57175624,0.9761
ETHUSDT,2019-02-21 00:00:00+00:00,0.5706152,0.9765
ETHUSDT,2019-02-22 00:00:00+00:00,0.58383715,0.9721
ETHUSDT,2019-02-23 00:00:00+00:00,0.62413569,0.9586
ETHUSDT,2019-02-24 00:00:00+00:00,0.54004988,0.9867
ETHUSDT,2019-02-25 00:00:00+00:00,0.55023218,0.9833
ETHUSDT,2019-02-26 00:00:00+00:00,0.54200005,0.986
ETHUSDT,2019-02-27 00:00:00+00:00,0.53611014,0.988
ETHUSDT,2019-02-28 00:00:00+00:00,0.53963599,0.9868
ETHUSDT,2019-03-01 00:00:00+00:00,0.54024349,0.9866
ETHUSDT,2019-03-02 00:00:00+00:00,0.53006025,0.99
ETHUSDT,2019-03-03 00:00:00+00:00,0.52029964,0.9932
ETHUSDT,2019-03-04 00:00:00+00:00,0.50375655,0.9987
ETHUSDT,2019-03-05 00:00:00+00:00,0.54495536,0.985
ETHUSDT,2019-03-06 00:00:00+00:00,0.55108693,0.983
ETHUSDT,2019-03-07 00:00:00+00:00,0.54726327,0.9842
ETHUSDT,2019-03-08 00:00:00+00:00,0.53404658,0.9887
ETHUSDT,2019-03-09 00:00:00+00:00,0.54918683,0.9836
ETHUSDT,2019-03-10 00:00:00+00:00,0.54646845,0.9845
ETHUSDT,2019-03-11 00:00:00+00:00,0.53467567,0.9884
ETHUSDT,2019-03-12 00:00:00+00:00,0.53943745,0.9869
ETHUSDT,2019-03-13 00:00:00+00:00,0.53388935,0.9887
ETHUSDT,2019-03-14 00:00:00+00:00,0.5347493,0.9884
ETHUSDT,2019-03-15 00:00:00+00:00,0.55202024,0.9827
ETHUSDT,2019-03-16 00:00:00+00:00,0.57169949,0.9761
ETHUSDT,2019-03-17 00:00:00+00:00,0.5621976,0.9793
ETHUSDT,2019-03-18 00:00:00+00:00,0.55775345,0.9807
ETHUSDT,2019-03-19 00:00:00+00:00,0.56135157,0.9795
ETHUSDT,2019-03-20 00:00:00+00:00,0.56420597,0.9786
ETHUSDT,2019-03-21 00:00:00+00:00,0.54845008,0.9838
ETHUSDT,2019-03-22 00:00:00+00:00,0.5557606,0.9814
ETHUSDT,2019-03-23 00:00:00+00:00,0.55830098,0.9806
ETHUSDT,2019-03-24 00:00:00+00:00,0.55434114,0.9819
ETHUSDT,2019-03-25 00:00:00+00:00,0.54572861,0.9848
ETHUSDT,2019-03-26 00:00:00+00:00,0.54637917,0.9845
ETHUSDT,2019-03-27 00:00:00+00:00,0.5699238,0.9767
ETHUSDT,2019-03-28 00:00:00+00:00,0.56267481,0.9791
ETHUSDT,2019-03-29 00:00:00+00:00,0.58210009,0.9726
ETHUSDT,2019-03-30 00:00:00+00:00,0.5820787,0.9726
ETHUSDT,2019-03-31 00:00:00+00:00,0.57880133,0.9737
ETHUSDT,2019-04-01 00:00:00+00:00,0.58149892,0.9728
ETHUSDT,2019-04-02 00:00:00+00:00,0.67640248,0.9412
ETHUSDT,2019-04-03 00:00:00+00:00,0.65641648,0.9479
ETHUSDT,2019-04-04 00:00:00+00:00,0.6472127,0.9509
ETHUSDT,2019-04-05 00:00:00+00:00,0.67902169,0.9403
ETHUSDT,2019-04-06 00:00:00+00:00,0.67518209,0.9416
ETHUSDT,2019-04-07 00:00:00+00:00,0.70988977,0.93
ETHUSDT,2019-04-08 00:00:00+00:00,0.73425763,0.9219
ETHUSDT,2019-04-09 00:00:00+00:00,0.71573766,0.9281
ETHUSDT,2019-04-10 00:00:00+00:00,0.72085201,0.9264
ETHUSDT,2019-04-11 00:00:00+00:00,0.67461794,0.9418
ETHUSDT,2019-04-12 00:00:00+00:00,0.67261069,0.9425
ETHUSDT,2019-04-13 00:00:00+00:00,0.67073972,0.9431
ETHUSDT,2019-04-14 00:00:00+00:00,0.68585336,0.938
ETHUSDT,2019-04-15 00:00:00+00:00,0.65677127,0.9477
ETHUSDT,2019-04-16 00:00:00+00:00,0.68095983,0.9397
ETHUSDT,2019-04-17 00:00:00+00:00,0.67991356,0.94
ETHUSDT,2019-04-18 00:00:00+00:00,0.70711094,0.931
ETHUSDT,2019-04-19 00:00:00+00:00,0.70738754,0.9309
ETHUSDT,2019-04-20 00:00:00+00:00,0.70463904,0.9318
ETHUSDT,2019-04-21 00:00:00+00:00,0.69251483,0.9358
ETHUSDT,2019-04-22 00:00:00+00:00,0.70092298,0.933
ETHUSDT,2019-04-23 00:00:00+00:00,0.69904922,0.9337
ETHUSDT,2019-04-24 00:00:00+00:00,0.67726718,0.9409
ETHUSDT,2019-04-25 00:00:00+00:00,0.62705068,0.9576
ETHUSDT,2019-04-26 00:00:00+00:00,0.63158927,0.9561
ETHUSDT,2019-04-27 00:00:00+00:00,0.64254001,0.9525
ETHUSDT,2019-04-28 00:00:00+00:00,0.63345114,0.9555
ETHUSDT,2019-04-29 00:00:00+00:00,0.63081826,0.9564
ETHUSDT,2019-04-30 00:00:00+00:00,0.65957257,0.9468
ETHUSDT,2019-05-01 00:00:00+00:00,0.65290233,0.949
ETHUSDT,2019-05-02 00:00:00+00:00,0.65726722,0.9476
ETHUSDT,2019-05-03 00:00:00+00:00,0.67889207,0.9404
ETHUSDT,2019-05-04 00:00:00+00:00,0.66851191,0.9438
ETHUSDT,2019-05-05 00:00:00+00:00,0.66646976,0.9445
ETHUSDT,2019-05-06 00:00:00+00:00,0.70788094,0.9307
ETHUSDT,2019-05-07 00:00:00+00:00,0.69959339,0.9335
ETHUSDT,2019-05-08 00:00:00+00:00,0.69764768,0.9341
ETHUSDT,2019-05-09 00:00:00+00:00,0.70028354,0.9332
ETHUSDT,2019-05-10 00:00:00+00:00,0.70816385,0.9306
ETHUSDT,2019-05-11 00:00:00+00:00,0.81456448,0.8951
ETHUSDT,2019-05-12 00:00:00+00:00,0.76685375,0.911
ETHUSDT,2019-05-13 00:00:00+00:00,0.79694959,0.901
ETHUSDT,2019-05-14 00:00:00+00:00,0.87954207,0.8735
ETHUSDT,2019-05-15 00:00:00+00:00,0.99298413,0.8357
ETHUSDT,2019-05-16 00:00:00+00:00,1.02946837,0.8235
ETHUSDT,2019-05-17 00:00:00+00:00,0.95022391,0.8499
ETHUSDT,2019-05-18 00:00:00+00:00,0.92433601,0.8586
ETHUSDT,2019-05-19 00:00:00+00:00,1.02263998,0.8258
ETHUSDT,2019-05-20 00:00:00+00:00,0.98843196,0.8372
ETHUSDT,2019-05-21 00:00:00+00:00,1.00264522,0.8325
ETHUSDT,2019-05-22 00:00:00+00:00,0.95865177,0.8471
ETHUSDT,2019-05-23 00:00:00+00:00,0.96308499,0.8456
ETHUSDT,2019-05-24 00:00:00+00:00,0.97369143,0.8421
ETHUSDT,2019-05-25 00:00:00+00:00,0.98459699,0.8385
ETHUSDT,2019-05-26 00:00:00+00:00,1.04375501,0.8187
ETHUSDT,2019-05-27 00:00:00+00:00,1.05780938,0.8141
ETHUSDT,2019-05-28 00:00:00+00:00,1.05220031,0.8159
ETHUSDT,2019-05-29 00:00:00+00:00,1.04101912,0.8197
ETHUSDT,2019-05-30 00:00:00+00:00,0.98643067,0.8379
ETHUSDT,2019-05-31 00:00:00+00:00,1.0234614,0.8255
ETHUSDT,2019-06-01 00:00:00+00:00,1.01735924,0.8275
ETHUSDT,2019-06-02 00:00:00+00:00,1.03450786,0.8218
ETHUSDT,2019-06-03 00:00:00+00:00,0.96335715,0.8455
ETHUSDT,2019-06-04 00:00:00+00:00,0.92328027,0.8589
ETHUSDT,2019-06-05 00:00:00+00:00,0.94849003,0.8505
ETHUSDT,2019-06-06 00:00:00+00:00,0.94969741,0.8501
ETHUSDT,2019-06-07 00:00:00+00:00,0.95909631,0.847
ETHUSDT,2019-06-08 00:00:00+00:00,0.94028122,0.8532
ETHUSDT,2019-06-09 00:00:00+00:00,0.8950244,0.8683
ETHUSDT,2019-06-10 00:00:00+00:00,0.94802675,0.8507
ETHUSDT,2019-06-11 00:00:00+00:00,0.94482609,0.8517
ETHUSDT,2019-06-12 00:00:00+00:00,0.99337062,0.8355
ETHUSDT,2019-06-13 00:00:00+00:00,0.97619187,0.8413
ETHUSDT,2019-06-14 00:00:00+00:00,1.00823837,0.8306
ETHUSDT,2019-06-15 00:00:00+00:00,1.0232598,0.8256
ETHUSDT,2019-06-16 00:00:00+00:00,1.02567349,0.8248
ETHUSDT,2019-06-17 00:00:00+00:00,1.03738108,0.8209
ETHUSDT,2019-06-18 00:00:00+00:00,1.0021107,0.8326
ETHUSDT,2019-06-19 00:00:00+00:00,1.01775567,0.8274
ETHUSDT,2019-06-20 00:00:00+00:00,1.02637189,0.8245
ETHUSDT,2019-06-21 00:00:00+00:00,1.10180804,0.7994
ETHUSDT,2019-06-22 00:00:00+00:00,1.14179934,0.7861
ETHUSDT,2019-06-23 00:00:00+00:00,1.13597344,0.788
ETHUSDT,2019-06-24 00:00:00+00:00,1.14596448,0.7847
ETHUSDT,2019-06-25 00:00:00+00:00,1.16230869,0.7792
ETHUSDT,2019-06-26 00:00:00+00:00,1.2146512,0.7618
ETHUSDT,2019-06-27 00:00:00+00:00,1.08022015,0.8066
ETHUSDT,2019-06-28 00:00:00+00:00,1.13040959,0.7899
ETHUSDT,2019-06-29 00:00:00+00:00,1.15937299,0.7802
ETHUSDT,2019-06-30 00:00:00+00:00,1.06707775,0.811
ETHUSDT,2019-07-01 00:00:00+00:00,1.07693244,0.8077
ETHUSDT,2019-07-02 00:00:00+00:00,1.06568856,0.8114
ETHUSDT,2019-07-03 00:00:00+00:00,1.10331734,0.7989
ETHUSDT,2019-07-04 00:00:00+00:00,1.04650539,0.8178
ETHUSDT,2019-07-05 00:00:00+00:00,1.06066376,0.8131
ETHUSDT,2019-07-06 00:00:00+00:00,1.05877222,0.8137
ETHUSDT,2019-07-07 00:00:00+00:00,1.12431068,0.7919
ETHUSDT,2019-07-08 00:00:00+00:00,1.14350761,0.7855
ETHUSDT,2019-07-09 00:00:00+00:00,1.13499212,0.7883
ETHUSDT,2019-07-10 00:00:00+00:00,1.06848964,0.8105
ETHUSDT,2019-07-11 00:00:00+00:00,0.98712344,0.8376
ETHUSDT,2019-07-12 00:00:00+00:00,1.01618274,0.8279
ETHUSDT,2019-07-13 00:00:00+00:00,0.9910879,0.8363
ETHUSDT,2019-07-14 00:00:00+00:00,0.85778384,0.8807
ETHUSDT,2019-07-15 00:00:00+00:00,0.86326673,0.8789
ETHUSDT,2019-07-16 00:00:00+00:00,0.75500075,0.915
ETHUSDT,2019-07-17 00:00:00+00:00,0.80223374,0.8993
ETHUSDT,2019-07-18 00:00:00+00:00,0.86280075,0.8791
ETHUSDT,2019-07-19 00:00:00+00:00,0.84098188,0.8863
ETHUSDT,2019-07-20 00:00:00+00:00,0.87633059,0.8746
ETHUSDT,2019-07-21 00:00:00+00:00,0.85734074,0.8809
ETHUSDT,2019-07-22 00:00:00+00:00,0.82795359,0.8907
ETHUSDT,2019-07-23 00:00:00+00:00,0.81137244,0.8962
ETHUSDT,2019-07-24 00:00:00+00:00,0.82843959,0.8905
ETHUSDT,2019-07-25 00:00:00+00:00,0.83887751,0.887
ETHUSDT,2019-07-26 00:00:00+00:00,0.83902495,0.887
ETHUSDT,2019-07-27 00:00:00+00:00,0.7926561,0.9024
ETHUSDT,2019-07-28 00:00:00+00:00,0.80897672,0.897
ETHUSDT,2019-07-29 00:00:00+00:00,0.80864285,0.8971
ETHUSDT,2019-07-30 00:00:00+00:00,0.80579195,0.8981
ETHUSDT,2019-07-31 00:00:00+00:00,0.83480225,0.8884
ETHUSDT,2019-08-01 00:00:00+00:00,0.83789184,0.8874
ETHUSDT,2019-08-02 00:00:00+00:00,0.83930516,0.8869
ETHUSDT,2019-08-03 00:00:00+00:00,0.85475609,0.8817
ETHUSDT,2019-08-04 00:00:00+00:00,0.85837096,0.8805
ETHUSDT,2019-08-05 00:00:00+00:00,0.89257255,0.8691
ETHUSDT,2019-08-06 00:00:00+00:00,0.86862087,0.8771
ETHUSDT,2019-08-07 00:00:00+00:00,0.86845131,0.8772
ETHUSDT,2019-08-08 00:00:00+00:00,0.84946423,0.8835
ETHUSDT,2019-08-09 00:00:00+00:00,0.81154859,0.8962
ETHUSDT,2019-08-10 00:00:00+00:00,0.799584,0.9001
ETHUSDT,2019-08-11 00:00:00+00:00,0.83418283,0.8886
ETHUSDT,2019-08-12 00:00:00+00:00,0.81748912,0.8942
ETHUSDT,2019-08-13 00:00:00+00:00,0.80814047,0.8973
ETHUSDT,2019-08-14 00:00:00+00:00,0.72795215,0.924
ETHUSDT,2019-08-15 00:00:00+00:00,0.73484601,0.9217
ETHUSDT,2019-08-16 00:00:00+00:00,0.72971667,0.9234
ETHUSDT,2019-08-17 00:00:00+00:00,0.73000362,0.9233
ETHUSDT,2019-08-18 00:00:00+00:00,0.76501723,0.9117
ETHUSDT,2019-08-19 00:00:00+00:00,0.79603354,0.9013
ETHUSDT,2019-08-20 00:00:00+00:00,0.77317201,0.9089
ETHUSDT,2019-08-21 00:00:00+00:00,0.73513461,0.9216
ETHUSDT,2019-08-22 00:00:00+00:00,0.75456809,0.9151
ETHUSDT,2019-08-23 00:00:00+00:00,0.76603268,0.9113
ETHUSDT,2019-08-24 00:00:00+00:00,0.75346819,0.9155
ETHUSDT,2019-08-25 00:00:00+00:00,0.73623491,0.9213
ETHUSDT,2019-08-26 00:00:00+00:00,0.74525153,0.9182
ETHUSDT,2019-08-27 00:00:00+00:00,0.74076913,0.9197
ETHUSDT,2019-08-28 00:00:00+00:00,0.6897001,0.9368
ETHUSDT,2019-08-29 00:00:00+00:00,0.67474164,0.9418
ETHUSDT,2019-08-30 00:00:00+00:00,0.67453816,0.9418
ETHUSDT,2019-08-31 00:00:00+00:00,0.69037737,0.9365
ETHUSDT,2019-09-01 00:00:00+00:00,0.68696684,0.9377
ETHUSDT,2019-09-02 00:00:00+00:00,0.71602468,0.928
ETHUSDT,2019-09-03 00:00:00+00:00,0.72074993,0.9264
ETHUSDT,2019-09-04 00:00:00+00:00,0.70383924,0.9321
ETHUSDT,2019-09-05 00:00:00+00:00,0.70339597,0.9322
ETHUSDT,2019-09-06 00:00:00+00:00,0.68368867,0.9388
ETHUSDT,2019-09-07 00:00:00+00:00,0.71888623,0.927
ETHUSDT,2019-09-08 00:00:00+00:00,0.73185971,0.9227
ETHUSDT,2019-09-09 00:00:00+00:00,0.73106757,0.923
ETHUSDT,2019-09-10 00:00:00+00:00,0.72463439,0.9251
ETHUSDT,2019-09-11 00:00:00+00:00,0.71976293,0.9267
ETHUSDT,2019-09-12 00:00:00+00:00,0.73162702,0.9228
ETHUSDT,2019-09-13 00:00:00+00:00,0.73478401,0.9217
ETHUSDT,2019-09-14 00:00:00+00:00,0.76216383,0.9126
ETHUSDT,2019-09-15 00:00:00+00:00,0.76523723,0.9116
ETHUSDT,2019-09-16 00:00:00+00:00,0.79536541,0.9015
ETHUSDT,2019-09-17 00:00:00+00:00,0.83952277,0.8868
ETHUSDT,2019-09-18 00:00:00+00:00,0.84506907,0.885
ETHUSDT,2019-09-19 00:00:00+00:00,0.88505503,0.8716
ETHUSDT,2019-09-20 00:00:00+00:00,0.8679429,0.8774
ETHUSDT,2019-09-21 00:00:00+00:00,0.86005749,0.88
ETHUSDT,2019-09-22 00:00:00+00:00,0.84301017,0.8857
ETHUSDT,2019-09-23 00:00:00+00:00,0.80670152,0.8978
ETHUSDT,2019-09-24 00:00:00+00:00,0.68344877,0.9389
ETHUSDT,2019-09-25 00:00:00+00:00,0.68942916,0.9369
ETHUSDT,2019-09-26 00:00:00+00:00,0.67760665,0.9408
ETHUSDT,2019-09-27 00:00:00+00:00,0.70820563,0.9306
ETHUSDT,2019-09-28 00:00:00+00:00,0.7084324,0.9305
ETHUSDT,2019-09-29 00:00:00+00:00,0.693785,0.9354
ETHUSDT,2019-09-30 00:00:00+00:00,0.73299245,0.9223
ETHUSDT,2019-10-01 00:00:00+00:00,0.72272104,0.9258
ETHUSDT,2019-10-02 00:00:00+00:00,0.73892398,0.9204
ETHUSDT,2019-10-03 00:00:00+00:00,0.71849608,0.9272
ETHUSDT,2019-10-04 00:00:00+00:00,0.72297309,0.9257
ETHUSDT,2019-10-05 00:00:00+00:00,0.72316904,0.9256
ETHUSDT,2019-10-06 00:00:00+00:00,0.69866463,0.9338
ETHUSDT,2019-10-07 00:00:00+00:00,0.74336173,0.9189
ETHUSDT,2019-10-08 00:00:00+00:00,0.74175409,0.9194
ETHUSDT,2019-10-09 00:00:00+00:00,0.79399486,0.902
ETHUSDT,2019-10-10 00:00:00+00:00,0.78276434,0.9057
ETHUSDT,2019-10-11 00:00:00+00:00,0.74252558,0.9192
ETHUSDT,2019-10-12 00:00:00+00:00,0.74049038,0.9198
ETHUSDT,2019-10-13 00:00:00+00:00,0.74517961,0.9183
ETHUSDT,2019-10-14 00:00:00+00:00,0.76542412,0.9115
ETHUSDT,2019-10-15 00:00:00+00:00,0.74103979,0.9197
ETHUSDT,2019-10-16 00:00:00+00:00,0.72054134,0.9265
ETHUSDT,2019-10-17 00:00:00+00:00,0.72885355,0.9237
ETHUSDT,2019-10-18 00:00:00+00:00,0.7168197,0.9277
ETHUSDT,2019-10-19 00:00:00+00:00,0.71086389,0.9297
ETHUSDT,2019-10-20 00:00:00+00:00,0.72515673,0.9249
ETHUSDT,2019-10-21 00:00:00+00:00,0.72137568,0.9262
ETHUSDT,2019-10-22 00:00:00+00:00,0.70996249,0.93
ETHUSDT,2019-10-23 00:00:00+00:00,0.67210036,0.9426
ETHUSDT,2019-10-24 00:00:00+00:00,0.67288679,0.9424
ETHUSDT,2019-10-25 00:00:00+00:00,0.75217744,0.9159
ETHUSDT,2019-10-26 00:00:00+00:00,0.74626659,0.9179
ETHUSDT,2019-10-27 00:00:00+00:00,0.76496565,0.9117
ETHUSDT,2019-10-28 00:00:00+00:00,0.7574837,0.9142
ETHUSDT,2019-10-29 00:00:00+00:00,0.7889711,0.9037
ETHUSDT,2019-10-30 00:00:00+00:00,0.75893571,0.9137
ETHUSDT,2019-10-31 00:00:00+00:00,0.75611429,0.9146
ETHUSDT,2019-11-01 00:00:00+00:00,0.75984838,0.9134
ETHUSDT,2019-11-02 00:00:00+00:00,0.75812905,0.914
ETHUSDT,2019-11-03 00:00:00+00:00,0.75392083,0.9154
ETHUSDT,2019-11-04 00:00:00+00:00,0.77021801,0.9099
ETHUSDT,2019-11-05 00:00:00+00:00,0.79757672,0.9008
ETHUSDT,2019-11-06 00:00:00+00:00,0.80682327,0.8977
ETHUSDT,2019-11-07 00:00:00+00:00,0.78755498,0.9041
ETHUSDT,2019-11-08 00:00:00+00:00,0.77736103,0.9075
ETHUSDT,2019-11-09 00:00:00+00:00,0.78184467,0.9061
ETHUSDT,2019-11-10 00:00:00+00:00,0.79820257,0.9006
ETHUSDT,2019-11-11 00:00:00+00:00,0.77956796,0.9068
ETHUSDT,2019-11-12 00:00:00+00:00,0.78818604,0.9039
ETHUSDT,2019-11-13 00:00:00+00:00,0.79414238,0.902
ETHUSDT,2019-11-14 00:00:00+00:00,0.78279974,0.9057
ETHUSDT,2019-11-15 00:00:00+00:00,0.76581348,0.9114
ETHUSDT,2019-11-16 00:00:00+00:00,0.77486213,0.9084
ETHUSDT,2019-11-17 00:00:00+00:00,0.78108292,0.9063
ETHUSDT,2019-11-18 00:00:00+00:00,0.75838499,0.9139
ETHUSDT,2019-11-19 00:00:00+00:00,0.74828724,0.9172
ETHUSDT,2019-11-20 00:00:00+00:00,0.74449806,0.9185
ETHUSDT,2019-11-21 00:00:00+00:00,0.689448,0.9369
ETHUSDT,2019-11-22 00:00:00+00:00,0.64890351,0.9504
ETHUSDT,2019-11-23 00:00:00+00:00,0.6613204,0.9462
ETHUSDT,2019-11-24 00:00:00+00:00,0.61653331,0.9612
ETHUSDT,2019-11-25 00:00:00+00:00,0.63986243,0.9534
ETHUSDT,2019-11-26 00:00:00+00:00,0.6462043,0.9513
ETHUSDT,2019-11-27 00:00:00+00:00,0.66836031,0.9439
ETHUSDT,2019-11-28 00:00:00+00:00,0.65888083,0.947
ETHUSDT,2019-11-29 00:00:00+00:00,0.68005828,0.94
ETHUSDT,2019-11-30 00:00:00+00:00,0.67158553,0.9428
ETHUSDT,2019-12-01 00:00:00+00:00,0.6692581,0.9436
ETHUSDT,2019-12-02 00:00:00+00:00,0.66005568,0.9466
ETHUSDT,2019-12-03 00:00:00+00:00,0.65421314,0.9486
ETHUSDT,2019-12-04 00:00:00+00:00,0.64732033,0.9509
ETHUSDT,2019-12-05 00:00:00+00:00,0.65792383,0.9474
ETHUSDT,2019-12-06 00:00:00+00:00,0.66275053,0.9457
ETHUSDT,2019-12-07 00:00:00+00:00,0.65803297,0.9473
ETHUSDT,2019-12-08 00:00:00+00:00,0.67253015,0.9425
ETHUSDT,2019-12-09 00:00:00+00:00,0.65788104,0.9474
ETHUSDT,2019-12-10 00:00:00+00:00,0.65092845,0.9497
ETHUSDT,2019-12-11 00:00:00+00:00,0.64099493,0.953
ETHUSDT,2019-12-12 00:00:00+00:00,0.64767506,0.9508
ETHUSDT,2019-12-13 00:00:00+00:00,0.64745006,0.9508
ETHUSDT,2019-12-14 00:00:00+00:00,0.63613424,0.9546
ETHUSDT,2019-12-15 00:00:00+00:00,0.63836633,0.9539
ETHUSDT,2019-12-16 00:00:00+00:00,0.59585461,0.968
ETHUSDT,2019-12-17 00:00:00+00:00,0.55151711,0.9828
ETHUSDT,2019-12-18 00:00:00+00:00,0.60249482,0.9658
ETHUSDT,2019-12-19 00:00:00+00:00,0.58446816,0.9718
ETHUSDT,2019-12-20 00:00:00+00:00,0.58816933,0.9706
ETHUSDT,2019-12-21 00:00:00+00:00,0.5838911,0.972
ETHUSDT,2019-12-22 00:00:00+00:00,0.6062308,0.9646
ETHUSDT,2019-12-23 00:00:00+00:00,0.58812061,0.9706
ETHUSDT,2019-12-24 00:00:00+00:00,0.589136,0.9703
ETHUSDT,2019-12-25 00:00:00+00:00,0.57805793,0.974
ETHUSDT,2019-12-26 00:00:00+00:00,0.5813102,0.9729
ETHUSDT,2019-12-27 00:00:00+00:00,0.58545472,0.9715
ETHUSDT,2019-12-28 00:00:00+00:00,0.59409234,0.9686
ETHUSDT,2019-12-29 00:00:00+00:00,0.6231622,0.9589
ETHUSDT,2019-12-30 00:00:00+00:00,0.60866437,0.9638
ETHUSDT,2019-12-31 00:00:00+00:00,0.59737151,0.9675
ETHUSDT,2020-01-01 00:00:00+00:00,0.60401742,0.9653
ETHUSDT,2020-01-02 00:00:00+00:00,0.59007664,0.97
ETHUSDT,2020-01-03 00:00:00+00:00,0.6217776,0.9594
ETHUSDT,2020-01-04 00:00:00+00:00,0.62295237,0.959
ETHUSDT,2020-01-05 00:00:00+00:00,0.62722837,0.9576
ETHUSDT,2020-01-06 00:00:00+00:00,0.66720181,0.9443
ETHUSDT,2020-01-07 00:00:00+00:00,0.66257856,0.9458
ETHUSDT,2020-01-08 00:00:00+00:00,0.65340864,0.9489
ETHUSDT,2020-01-09 00:00:00+00:00,0.63867031,0.9538
ETHUSDT,2020-01-10 00:00:00+00:00,0.66686883,0.9444
ETHUSDT,2020-01-11 00:00:00+00:00,0.66279614,0.9457
ETHUSDT,2020-01-12 00:00:00+00:00,0.67477319,0.9417
ETHUSDT,2020-01-13 00:00:00+00:00,0.66859452,0.9438
ETHUSDT,2020-01-14 00:00:00+00:00,0.76360036,0.9121
ETHUSDT,2020-01-15 00:00:00+00:00,0.76241979,0.9125
ETHUSDT,2020-01-16 00:00:00+00:00,0.75477525,0.9151
ETHUSDT,2020-01-17 00:00:00+00:00,0.7839624,0.9053
ETHUSDT,2020-01-18 00:00:00+00:00,0.80102117,0.8997
ETHUSDT,2020-01-19 00:00:00+00:00,0.76505223,0.9116
ETHUSDT,2020-01-20 00:00:00+00:00,0.76355683,0.9121
ETHUSDT,2020-01-21 00:00:00+00:00,0.77332135,0.9089
ETHUSDT,2020-01-22 00:00:00+00:00,0.76618535,0.9113
ETHUSDT,2020-01-23 00:00:00+00:00,0.74349304,0.9188
ETHUSDT,2020-01-24 00:00:00+00:00,0.74345936,0.9188
ETHUSDT,2020-01-25 00:00:00+00:00,0.73622929,0.9213
ETHUSDT,2020-01-26 00:00:00+00:00,0.76527927,0.9116
ETHUSDT,2020-01-27 00:00:00+00:00,0.77648692,0.9078
ETHUSDT,2020-01-28 00:00:00+00:00,0.79924832,0.9003
ETHUSDT,2020-01-29 00:00:00+00:00,0.79607101,0.9013
ETHUSDT,2020-01-30 00:00:00+00:00,0.83732058,0.8876
ETHUSDT,2020-01-31 00:00:00+00:00,0.81877224,0.8937
ETHUSDT,2020-02-01 00:00:00+00:00,0.83183978,0.8894
ETHUSDT,2020-02-02 00:00:00+00:00,0.85183419,0.8827
ETHUSDT,2020-02-03 00:00:00+00:00,0.8543368,0.8819
ETHUSDT,2020-02-04 00:00:00+00:00,0.84956064,0.8835
ETHUSDT,2020-02-05 00:00:00+00:00,0.92026678,0.8599
ETHUSDT,2020-02-06 00:00:00+00:00,0.94443546,0.8519
ETHUSDT,2020-02-07 00:00:00+00:00,0.98169653,0.8394
ETHUSDT,2020-02-08 00:00:00+00:00,0.98610361,0.838
ETHUSDT,2020-02-09 00:00:00+00:00,1.00224522,0.8326
ETHUSDT,2020-02-10 00:00:00+00:00,0.98416009,0.8386
ETHUSDT,2020-02-11 00:00:00+00:00,1.04033691,0.8199
ETHUSDT,2020-02-12 00:00:00+00:00,1.14850047,0.7838
ETHUSDT,2020-02-13 00:00:00+00:00,1.14480701,0.7851
ETHUSDT,2020-02-14 00:00:00+00:00,1.20363637,0.7655
ETHUSDT,2020-02-15 00:00:00+00:00,1.12840133,0.7905
ETHUSDT,2020-02-16 00:00:00+00:00,1.11365892,0.7954
ETHUSDT,2020-02-17 00:00:00+00:00,1.1333764,0.7889
ETHUSDT,2020-02-18 00:00:00+00:00,1.1971991,0.7676
ETHUSDT,2020-02-19 00:00:00+00:00,1.11024438,0.7966
ETHUSDT,2020-02-20 00:00:00+00:00,1.09840864,0.8005
ETHUSDT,2020-02-21 00:00:00+00:00,1.12502844,0.7917
ETHUSDT,2020-02-22 00:00:00+00:00,1.10851831,0.7972
ETHUSDT,2020-02-23 00:00:00+00:00,1.15814833,0.7806
ETHUSDT,2020-02-24 00:00:00+00:00,1.1164964,0.7945
ETHUSDT,2020-02-25 00:00:00+00:00,1.04981425,0.8167
ETHUSDT,2020-02-26 00:00:00+00:00,0.96596272,0.8447
ETHUSDT,2020-02-27 00:00:00+00:00,0.97349437,0.8422
ETHUSDT,2020-02-28 00:00:00+00:00,0.98256402,0.8391
ETHUSDT,2020-02-29 00:00:00+00:00,0.94817948,0.8506
ETHUSDT,2020-03-01 00:00:00+00:00,0.94316225,0.8523
ETHUSDT,2020-03-02 00:00:00+00:00,0.99287888,0.8357
ETHUSDT,2020-03-03 00:00:00+00:00,0.96460055,0.8451
ETHUSDT,2020-03-04 00:00:00+00:00,0.96491949,0.845
ETHUSDT,2020-03-05 00:00:00+00:00,0.9792524,0.8402
ETHUSDT,2020-03-06 00:00:00+00:00,1.0453275,0.8182
ETHUSDT,2020-03-07 00:00:00+00:00,1.01973768,0.8268
ETHUSDT,2020-03-08 00:00:00+00:00,0.87928638,0.8736
ETHUSDT,2020-03-09 00:00:00+00:00,0.87528188,0.8749
ETHUSDT,2020-03-10 00:00:00+00:00,0.8786926,0.8738
ETHUSDT,2020-03-11 00:00:00+00:00,0.85365652,0.8821
ETHUSDT,2020-03-12 00:00:00+00:00,0.5139851,0.9953
ETHUSDT,2020-03-13 00:00:00+00:00,0.62365503,0.9588
ETHUSDT,2020-03-14 00:00:00+00:00,0.56817437,0.9773
ETHUSDT,2020-03-15 00:00:00+00:00,0.57669557,0.9744
ETHUSDT,2020-03-16 00:00:00+00:00,0.51946253,0.9935
ETHUSDT,2020-03-17 00:00:00+00:00,0.557511,0.9808
ETHUSDT,2020-03-18 00:00:00+00:00,0.55842448,0.9805
ETHUSDT,2020-03-19 00:00:00+00:00,0.65004493,0.95
ETHUSDT,2020-03-20 00:00:00+00:00,0.62210744,0.9593
ETHUSDT,2020-03-21 00:00:00+00:00,0.62653152,0.9578
ETHUSDT,2020-03-22 00:00:00+00:00,0.58158763,0.9728
ETHUSDT,2020-03-23 00:00:00+00:00,0.642512,0.9525
ETHUSDT,2020-03-24 00:00:00+00:00,0.66344446,0.9455
ETHUSDT,2020-03-25 00:00:00+00:00,0.64902157,0.9503
ETHUSDT,2020-03-26 00:00:00+00:00,0.65899386,0.947
ETHUSDT,2020-03-27 00:00:00+00:00,0.63710894,0.9543
ETHUSDT,2020-03-28 00:00:00+00:00,0.62601709,0.958
ETHUSDT,2020-03-29 00:00:00+00:00,0.59966949,0.9668
ETHUSDT,2020-03-30 00:00:00+00:00,0.6353069,0.9549
ETHUSDT,2020-03-31 00:00:00+00:00,0.63926836,0.9536
ETHUSDT,2020-04-01 00:00:00+00:00,0.65060128,0.9498
ETHUSDT,2020-04-02 00:00:00+00:00,0.67529373,0.9416
ETHUSDT,2020-04-03 00:00:00+00:00,0.67789141,0.9407
ETHUSDT,2020-04-04 00:00:00+00:00,0.69025586,0.9366
ETHUSDT,2020-04-05 00:00:00+00:00,0.68413033,0.9386
ETHUSDT,2020-04-06 00:00:00+00:00,0.79925329,0.9002
ETHUSDT,2020-04-07 00:00:00+00:00,0.77387957,0.9087
ETHUSDT,2020-04-08 00:00:00+00:00,0.81442094,0.8952
ETHUSDT,2020-04-09 00:00:00+00:00,0.80063997,0.8998
ETHUSDT,2020-04-10 00:00:00+00:00,0.7438983,0.9187
ETHUSDT,2020-04-11 00:00:00+00:00,0.74838693,0.9172
ETHUSDT,2020-04-12 00:00:00+00:00,0.75898713,0.9137
ETHUSDT,2020-04-13 00:00:00+00:00,0.74416808,0.9186
ETHUSDT,2020-04-14 00:00:00+00:00,0.75251463,0.9158
ETHUSDT,2020-04-15 00:00:00+00:00,0.72544132,0.9249
ETHUSDT,2020-04-16 00:00:00+00:00,0.81636589,0.8945
ETHUSDT,2020-04-17 00:00:00+00:00,0.80957163,0.8968
ETHUSDT,2020-04-18 00:00:00+00:00,0.87925515,0.8736
ETHUSDT,2020-04-19 00:00:00+00:00,0.84905653,0.8836
ETHUSDT,2020-04-20 00:00:00+00:00,0.80241005,0.8992
ETHUSDT,2020-04-21 00:00:00+00:00,0.80427693,0.8986
ETHUSDT,2020-04-22 00:00:00+00:00,0.85297669,0.8823
ETHUSDT,2020-04-23 00:00:00+00:00,0.86634584,0.8779
ETHUSDT,2020-04-24 00:00:00+00:00,0.87169447,0.8761
ETHUSDT,2020-04-25 00:00:00+00:00,0.89866138,0.8671
ETHUSDT,2020-04-26 00:00:00+00:00,0.91210923,0.8626
ETHUSDT,2020-04-27 00:00:00+00:00,0.90904594,0.8637
ETHUSDT,2020-04-28 00:00:00+00:00,0.91270639,0.8624
ETHUSDT,2020-04-29 00:00:00+00:00,0.98368906,0.8388
ETHUSDT,2020-04-30 00:00:00+00:00,0.94843872,0.8505
ETHUSDT,2020-05-01 00:00:00+00:00,0.97394619,0.842
ETHUSDT,2020-05-02 00:00:00+00:00,0.97882936,0.8404
ETHUSDT,2020-05-03 00:00:00+00:00,0.96098116,0.8463
ETHUSDT,2020-05-04 00:00:00+00:00,0.9479483,0.8507
ETHUSDT,2020-05-05 00:00:00+00:00,0.94014076,0.8533
ETHUSDT,2020-05-06 00:00:00+00:00,0.93154985,0.8562
ETHUSDT,2020-05-07 00:00:00+00:00,0.97523188,0.8416
ETHUSDT,2020-05-08 00:00:00+00:00,0.97087573,0.843
ETHUSDT,2020-05-09 00:00:00+00:00,0.96374647,0.8454
ETHUSDT,2020-05-10 00:00:00+00:00,0.86514904,0.8783
ETHUSDT,2020-05-11 00:00:00+00:00,0.86183502,0.8794
ETHUSDT,2020-05-12 00:00:00+00:00,0.87989052,0.8734
ETHUSDT,2020-05-13 00:00:00+00:00,0.92014952,0.86
ETHUSDT,2020-05-14 00:00:00+00:00,0.93510549,0.855
ETHUSDT,2020-05-15 00:00:00+00:00,0.89850788,0.8672
ETHUSDT,2020-05-16 00:00:00+00:00,0.91490782,0.8617
ETHUSDT,2020-05-17 00:00:00+00:00,0.94138765,0.8529
ETHUSDT,2020-05-18 00:00:00+00:00,0.97183213,0.8427
ETHUSDT,2020-05-19 00:00:00+00:00,0.96693951,0.8444
ETHUSDT,2020-05-20 00:00:00+00:00,0.95009562,0.85
ETHUSDT,2020-05-21 00:00:00+00:00,0.90539641,0.8649
ETHUSDT,2020-05-22 00:00:00+00:00,0.93984958,0.8534
ETHUSDT,2020-05-23 00:00:00+00:00,0.93839766,0.8539
ETHUSDT,2020-05-24 00:00:00+00:00,0.91902122,0.8603
ETHUSDT,2020-05-25 00:00:00+00:00,0.92680231,0.8577
ETHUSDT,2020-05-26 00:00:00+00:00,0.9122871,0.8626
ETHUSDT,2020-05-27 00:00:00+00:00,0.94026382,0.8532
ETHUSDT,2020-05-28 00:00:00+00:00,0.98521117,0.8383
ETHUSDT,2020-05-29 00:00:00+00:00,0.99332451,0.8356
ETHUSDT,2020-05-30 00:00:00+00:00,1.08464571,0.8051
ETHUSDT,2020-05-31 00:00:00+00:00,1.03112157,0.823
ETHUSDT,2020-06-01 00:00:00+00:00,1.09956615,0.8001
ETHUSDT,2020-06-02 00:00:00+00:00,1.04622416,0.8179
ETHUSDT,2020-06-03 00:00:00+00:00,1.07947462,0.8068
ETHUSDT,2020-06-04 00:00:00+00:00,1.07718602,0.8076
ETHUSDT,2020-06-05 00:00:00+00:00,1.0626328,0.8125
ETHUSDT,2020-06-06 00:00:00+00:00,1.06956994,0.8101
ETHUSDT,2020-06-07 00:00:00+00:00,1.07901461,0.807
ETHUSDT,2020-06-08 00:00:00+00:00,1.06938337,0.8102
ETHUSDT,2020-06-09 00:00:00+00:00,1.06236211,0.8125
ETHUSDT,2020-06-10 00:00:00+00:00,1.0756452,0.8081
ETHUSDT,2020-06-11 00:00:00+00:00,1.01150062,0.8295
ETHUSDT,2020-06-12 00:00:00+00:00,1.03579288,0.8214
ETHUSDT,2020-06-13 00:00:00+00:00,1.03949931,0.8202
ETHUSDT,2020-06-14 00:00:00+00:00,1.01491656,0.8284
ETHUSDT,2020-06-15 00:00:00+00:00,1.01100274,0.8297
ETHUSDT,2020-06-16 00:00:00+00:00,1.02746121,0.8242
ETHUSDT,2020-06-17 00:00:00+00:00,1.02129397,0.8262
ETHUSDT,2020-06-18 00:00:00+00:00,1.01232995,0.8292
ETHUSDT,2020-06-19 00:00:00+00:00,1.00231012,0.8326
ETHUSDT,2020-06-20 00:00:00+00:00,1.00314857,0.8323
ETHUSDT,2020-06-21 00:00:00+00:00,0.99769724,0.8341
ETHUSDT,2020-06-22 00:00:00+00:00,1.05773488,0.8141
ETHUSDT,2020-06-23 00:00:00+00:00,1.05592669,0.8147
ETHUSDT,2020-06-24 00:00:00+00:00,1.01978094,0.8267
ETHUSDT,2020-06-25 00:00:00+00:00,1.00937647,0.8302
ETHUSDT,2020-06-26 00:00:00+00:00,1.00077293,0.8331
ETHUSDT,2020-06-27 00:00:00+00:00,0.96408708,0.8453
ETHUSDT,2020-06-28 00:00:00+00:00,0.98148784,0.8395
ETHUSDT,2020-06-29 00:00:00+00:00,0.99641958,0.8345
ETHUSDT,2020-06-30 00:00:00+00:00,0.98722658,0.8376
ETHUSDT,2020-07-01 00:00:00+00:00,1.00789435,0.8307
ETHUSDT,2020-07-02 00:00:00+00:00,0.99083263,0.8364
ETHUSDT,2020-07-03 00:00:00+00:00,0.98434431,0.8386
ETHUSDT,2020-07-04 00:00:00+00:00,0.9991269,0.8336
ETHUSDT,2020-07-05 00:00:00+00:00,0.9944873,0.8352
ETHUSDT,2020-07-06 00:00:00+00:00,1.04856386,0.8171
ETHUSDT,2020-07-07 00:00:00+00:00,1.0365502,0.8211
ETHUSDT,2020-07-08 00:00:00+00:00,1.06453383,0.8118
ETHUSDT,2020-07-09 00:00:00+00:00,1.04236573,0.8192
ETHUSDT,2020-07-10 00:00:00+00:00,1.03966003,0.8201
ETHUSDT,2020-07-11 00:00:00+00:00,1.0323651,0.8225
ETHUSDT,2020-07-12 00:00:00+00:00,1.04017844,0.8199
ETHUSDT,2020-07-13 00:00:00+00:00,1.03269853,0.8224
ETHUSDT,2020-07-14 00:00:00+00:00,1.0357618,0.8214
ETHUSDT,2020-07-15 00:00:00+00:00,1.02670604,0.8244
ETHUSDT,2020-07-16 00:00:00+00:00,1.00854188,0.8305
ETHUSDT,2020-07-17 00:00:00+00:00,1.00719893,0.8309
ETHUSDT,2020-07-18 00:00:00+00:00,1.01893534,0.827
ETHUSDT,2020-07-19 00:00:00+00:00,1.03185264,0.8227
ETHUSDT,2020-07-20 00:00:00+00:00,1.02033838,0.8266
ETHUSDT,2020-07-21 00:00:00+00:00,1.05265102,0.8158
ETHUSDT,2020-07-22 00:00:00+00:00,1.11957716,0.7935
ETHUSDT,2020-07-23 00:00:00+00:00,1.15280912,0.7824
ETHUSDT,2020-07-24 00:00:00+00:00,1.16520206,0.7783
ETHUSDT,2020-07-25 00:00:00+00:00,1.259956,0.7467
ETHUSDT,2020-07-26 00:00:00+00:00,1.27009295,0.7433
ETHUSDT,2020-07-27 00:00:00+00:00,1.29599835,0.7347
ETHUSDT,2020-07-28 00:00:00+00:00,1.27564913,0.7415
ETHUSDT,2020-07-29 00:00:00+00:00,1.27654189,0.7412
ETHUSDT,2020-07-30 00:00:00+00:00,1.33266236,0.7224
ETHUSDT,2020-07-31 00:00:00+00:00,1.36147041,0.7128
ETHUSDT,2020-08-01 00:00:00+00:00,1.47302432,0.6757
ETHUSDT,2020-08-02 00:00:00+00:00,1.41986318,0.6934
ETHUSDT,2020-08-03 00:00:00+00:00,1.46008704,0.68
ETHUSDT,2020-08-04 00:00:00+00:00,1.47112169,0.6763
ETHUSDT,2020-08-05 00:00:00+00:00,1.49225376,0.6692
ETHUSDT,2020-08-06 00:00:00+00:00,1.46794205,0.6774
ETHUSDT,2020-08-07 00:00:00+00:00,1.42370351,0.6921
ETHUSDT,2020-08-08 00:00:00+00:00,1.46050907,0.6798
ETHUSDT,2020-08-09 00:00:00+00:00,1.44887328,0.6837
ETHUSDT,2020-08-10 00:00:00+00:00,1.45477743,0.6817
ETHUSDT,2020-08-11 00:00:00+00:00,1.40236134,0.6992
ETHUSDT,2020-08-12 00:00:00+00:00,1.42629263,0.6912
ETHUSDT,2020-08-13 00:00:00+00:00,1.53239028,0.6559
ETHUSDT,2020-08-14 00:00:00+00:00,1.55353796,0.6488
ETHUSDT,2020-08-15 00:00:00+00:00,1.51621458,0.6613
ETHUSDT,2020-08-16 00:00:00+00:00,1.51523133,0.6616
ETHUSDT,2020-08-17 00:00:00+00:00,1.50565854,0.6648
ETHUSDT,2020-08-18 00:00:00+00:00,1.47701108,0.6743
ETHUSDT,2020-08-19 00:00:00+00:00,1.42582514,0.6914
ETHUSDT,2020-08-20 00:00:00+00:00,1.44944988,0.6835
ETHUSDT,2020-08-21 00:00:00+00:00,1.3643469,0.7119
ETHUSDT,2020-08-22 00:00:00+00:00,1.39290826,0.7024
ETHUSDT,2020-08-23 00:00:00+00:00,1.37977844,0.7067
ETHUSDT,2020-08-24 00:00:00+00:00,1.42761421,0.6908
ETHUSDT,2020-08-25 00:00:00+00:00,1.35310591,0.7156
ETHUSDT,2020-08-26 00:00:00+00:00,1.36269047,0.7124
ETHUSDT,2020-08-27 00:00:00+00:00,1.34988164,0.7167
ETHUSDT,2020-08-28 00:00:00+00:00,1.3878392,0.7041
ETHUSDT,2020-08-29 00:00:00+00:00,1.40103885,0.6997
ETHUSDT,2020-08-30 00:00:00+00:00,1.47375312,0.6754
ETHUSDT,2020-08-31 00:00:00+00:00,1.48380189,0.6721
ETHUSDT,2020-09-01 00:00:00+00:00,1.57920264,0.6403
ETHUSDT,2020-09-02 00:00:00+00:00,1.43608203,0.688
ETHUSDT,2020-09-03 00:00:00+00:00,1.2871747,0.7376
ETHUSDT,2020-09-04 00:00:00+00:00,1.29600047,0.7347
ETHUSDT,2020-09-05 00:00:00+00:00,1.1474203,0.7842
ETHUSDT,2020-09-06 00:00:00+00:00,1.21545587,0.7615
ETHUSDT,2020-09-07 00:00:00+00:00,1.21032339,0.7632
ETHUSDT,2020-09-08 00:00:00+00:00,1.16688451,0.7777
ETHUSDT,2020-09-09 00:00:00+00:00,1.21679278,0.7611
ETHUSDT,2020-09-10 00:00:00+00:00,1.25785562,0.7474
ETHUSDT,2020-09-11 00:00:00+00:00,1.27301466,0.7423
ETHUSDT,2020-09-12 00:00:00+00:00,1.31075203,0.7297
ETHUSDT,2020-09-13 00:00:00+00:00,1.25157651,0.7495
ETHUSDT,2020-09-14 00:00:00+00:00,1.28207244,0.7393
ETHUSDT,2020-09-15 00:00:00+00:00,1.24716977,0.7509
ETHUSDT,2020-09-16 00:00:00+00:00,1.25187519,0.7494
ETHUSDT,2020-09-17 00:00:00+00:00,1.31934691,0.7269
ETHUSDT,2020-09-18 00:00:00+00:00,1.2946466,0.7351
ETHUSDT,2020-09-19 00:00:00+00:00,1.30273497,0.7324
ETHUSDT,2020-09-20 00:00:00+00:00,1.26193404,0.746
ETHUSDT,2020-09-21 00:00:00+00:00,1.17776214,0.7741
ETHUSDT,2020-09-22 00:00:00+00:00,1.18791372,0.7707
ETHUSDT,2020-09-23 00:00:00+00:00,1.12902221,0.7903
ETHUSDT,2020-09-24 00:00:00+00:00,1.21671076,0.7611
ETHUSDT,2020-09-25 00:00:00+00:00,1.22074551,0.7598
ETHUSDT,2020-09-26 00:00:00+00:00,1.22888345,0.757
ETHUSDT,2020-09-27 00:00:00+00:00,1.23316314,0.7556
ETHUSDT,2020-09-28 00:00:00+00:00,1.23043724,0.7565
ETHUSDT,2020-09-29 00:00:00+00:00,1.23890977,0.7537
ETHUSDT,2020-09-30 00:00:00+00:00,1.23697417,0.7543
ETHUSDT,2020-10-01 00:00:00+00:00,1.21616561,0.7613
ETHUSDT,2020-10-02 00:00:00+00:00,1.19822479,0.7673
ETHUSDT,2020-10-03 00:00:00+00:00,1.20094121,0.7664
ETHUSDT,2020-10-04 00:00:00+00:00,1.21772435,0.7608
ETHUSDT,2020-10-05 00:00:00+00:00,1.2199971,0.76
ETHUSDT,2020-10-06 00:00:00+00:00,1.18155643,0.7728
ETHUSDT,2020-10-07 00:00:00+00:00,1.18838844,0.7705
ETHUSDT,2020-10-08 00:00:00+00:00,1.21539816,0.7615
ETHUSDT,2020-10-09 00:00:00+00:00,1.25868643,0.7471
ETHUSDT,2020-10-10 00:00:00+00:00,1.2728201,0.7424
ETHUSDT,2020-10-11 00:00:00+00:00,1.27995698,0.74
ETHUSDT,2020-10-12 00:00:00+00:00,1.31405657,0.7286
ETHUSDT,2020-10-13 00:00:00+00:00,1.29078087,0.7364
ETHUSDT,2020-10-14 00:00:00+00:00,1.2788118,0.7404
ETHUSDT,2020-10-15 00:00:00+00:00,1.2725033,0.7425
ETHUSDT,2020-10-16 00:00:00+00:00,1.24186032,0.7527
ETHUSDT,2020-10-17 00:00:00+00:00,1.2476802,0.7508
ETHUSDT,2020-10-18 00:00:00+00:00,1.27470738,0.7418
ETHUSDT,2020-10-19 00:00:00+00:00,1.2782239,0.7406
ETHUSDT,2020-10-20 00:00:00+00:00,1.2482645,0.7506
ETHUSDT,2020-10-21 00:00:00+00:00,1.30863402,0.7305
ETHUSDT,2020-10-22 00:00:00+00:00,1.3581291,0.714
ETHUSDT,2020-10-23 00:00:00+00:00,1.34033323,0.7199
ETHUSDT,2020-10-24 00:00:00+00:00,1.34642589,0.7179
ETHUSDT,2020-10-25 00:00:00+00:00,1.33055168,0.7231
ETHUSDT,2020-10-26 00:00:00+00:00,1.29390318,0.7354
ETHUSDT,2020-10-27 00:00:00+00:00,1.32118764,0.7263
ETHUSDT,2020-10-28 00:00:00+00:00,1.27926827,0.7402
ETHUSDT,2020-10-29 00:00:00+00:00,1.27386525,0.742
ETHUSDT,2020-10-30 00:00:00+00:00,1.26471066,0.7451
ETHUSDT,2020-10-31 00:00:00+00:00,1.2754658,0.7415
ETHUSDT,2020-11-01 00:00:00+00:00,1.29889542,0.7337
ETHUSDT,2020-11-02 00:00:00+00:00,1.26683433,0.7444
ETHUSDT,2020-11-03 00:00:00+00:00,1.279466262773,0.7402
ETHUSDT,2020-11-04 00:00:00+00:00,1.312792743239,0.7291
ETHUSDT,2020-11-05 00:00:00+00:00,1.351224122781,0.7163
ETHUSDT,2020-11-06 00:00:00+00:00,1.448713896922,0.6838
ETHUSDT,2020-11-07 00:00:00+00:00,1.395749220032,0.7014
ETHUSDT,2020-11-08 00:00:00+00:00,1.444749159284,0.6851
ETHUSDT,2020-11-09 00:00:00+00:00,1.413017403172,0.6957
ETHUSDT,2020-11-10 00:00:00+00:00,1.420761198063,0.6931
ETHUSDT,2020-11-11 00:00:00+00:00,1.44876813814,0.6837
ETHUSDT,2020-11-12 00:00:00+00:00,1.436681644887,0.6878
ETHUSDT,2020-11-13 00:00:00+00:00,1.464276392574,0.6786
ETHUSDT,2020-11-14 00:00:00+00:00,1.427895055642,0.6907
ETHUSDT,2020-11-15 00:00:00+00:00,1.395113567726,0.7016
ETHUSDT,2020-11-16 00:00:00+00:00,1.426362154347,0.6912
ETHUSDT,2020-11-17 00:00:00+00:00,1.473172755249,0.6756
ETHUSDT,2020-11-18 00:00:00+00:00,1.459102475557,0.6803
ETHUSDT,2020-11-19 00:00:00+00:00,1.432729354966,0.6891
ETHUSDT,2020-11-20 00:00:00+00:00,1.517803829928,0.6607
ETHUSDT,2020-11-21 00:00:00+00:00,1.590027187326,0.6367
ETHUSDT,2020-11-22 00:00:00+00:00,1.614061024185,0.6286
ETHUSDT,2020-11-23 00:00:00+00:00,1.682304713194,0.6059
ETHUSDT,2020-11-24 00:00:00+00:00,1.65654924299,0.6145
ETHUSDT,2020-11-25 00:00:00+00:00,1.572114885437,0.6426
ETHUSDT,2020-11-26 00:00:00+00:00,1.459834741382,0.6801
ETHUSDT,2020-11-27 00:00:00+00:00,1.469453160098,0.6768
ETHUSDT,2020-11-28 00:00:00+00:00,1.526532726989,0.6578
ETHUSDT,2020-11-29 00:00:00+00:00,1.590180583957,0.6366
ETHUSDT,2020-11-30 00:00:00+00:00,1.652043226248,0.616
ETHUSDT,2020-12-01 00:00:00+00:00,1.573820094266,0.6421
ETHUSDT,2020-12-02 00:00:00+00:00,1.591639159646,0.6361
ETHUSDT,2020-12-03 00:00:00+00:00,1.618896135394,0.627
ETHUSDT,2020-12-04 00:00:00+00:00,1.530124255213,0.6566
ETHUSDT,2020-12-05 00:00:00+00:00,1.571732592599,0.6428
ETHUSDT,2020-12-06 00:00:00+00:00,1.579975962468,0.64
ETHUSDT,2020-12-07 00:00:00+00:00,1.549935891486,0.65
ETHUSDT,2020-12-08 00:00:00+00:00,1.472676760986,0.6758
ETHUSDT,2020-12-09 00:00:00+00:00,1.515707360784,0.6614
ETHUSDT,2020-12-10 00:00:00+00:00,1.486640230068,0.6711
ETHUSDT,2020-12-11 00:00:00+00:00,1.455947798787,0.6814
ETHUSDT,2020-12-12 00:00:00+00:00,1.504145050419,0.6653
ETHUSDT,2020-12-13 00:00:00+00:00,1.545305011441,0.6516
ETHUSDT,2020-12-14 00:00:00+00:00,1.534015164934,0.6553
ETHUSDT,2020-12-15 00:00:00+00:00,1.535419460291,0.6549
ETHUSDT,2020-12-16 00:00:00+00:00,1.616102425389,0.628
ETHUSDT,2020-12-17 00:00:00+00:00,1.615120753837,0.6283
ETHUSDT,2020-12-18 00:00:00+00:00,1.626020315505,0.6247
ETHUSDT,2020-12-19 00:00:00+00:00,1.631079714531,0.623
ETHUSDT,2020-12-20 00:00:00+00:00,1.589011078792,0.637
ETHUSDT,2020-12-21 00:00:00+00:00,1.537257728624,0.6542
ETHUSDT,2020-12-22 00:00:00+00:00,1.579146996478,0.6403
ETHUSDT,2020-12-23 00:00:00+00:00,1.485681829825,0.6714
ETHUSDT,2020-12-24 00:00:00+00:00,1.531594686862,0.6561
ETHUSDT,2020-12-25 00:00:00+00:00,1.557184575951,0.6476
ETHUSDT,2020-12-26 00:00:00+00:00,1.570747164044,0.6431
ETHUSDT,2020-12-27 00:00:00+00:00,1.654294591744,0.6152
ETHUSDT,2020-12-28 00:00:00+00:00,1.711975649758,0.596
ETHUSDT,2020-12-29 00:00:00+00:00,1.694064257169,0.602
ETHUSDT,2020-12-30 00:00:00+00:00,1.721690841927,0.5928
ETHUSDT,2020-12-31 00:00:00+00:00,1.693255921598,0.6022
ETHUSDT,2021-01-01 00:00:00+00:00,1.672616430722,0.6091
ETHUSDT,2021-01-02 00:00:00+00:00,1.74242746175,0.5859
ETHUSDT,2021-01-03 00:00:00+00:00,2.02839789176,0.4905
ETHUSDT,2021-01-04 00:00:00+00:00,1.994201260979,0.5019
ETHUSDT,2021-01-05 00:00:00+00:00,2.052205065021,0.4826
ETHUSDT,2021-01-06 00:00:00+00:00,2.117121237223,0.461
ETHUSDT,2021-01-07 00:00:00+00:00,2.088183917551,0.4706
ETHUSDT,2021-01-08 00:00:00+00:00,2.057813704556,0.4807
ETHUSDT,2021-01-09 00:00:00+00:00,2.118496135364,0.4605
ETHUSDT,2021-01-10 00:00:00+00:00,2.071606985803,0.4761
ETHUSDT,2021-01-11 00:00:00+00:00,1.864197778955,0.5453
ETHUSDT,2021-01-12 00:00:00+00:00,1.814492545934,0.5618
ETHUSDT,2021-01-13 00:00:00+00:00,1.926038626996,0.5247
ETHUSDT,2021-01-14 00:00:00+00:00,2.027927432063,0.4907
ETHUSDT,2021-01-15 00:00:00+00:00,1.95826951954,0.5139
ETHUSDT,2021-01-16 00:00:00+00:00,2.032677940092,0.4891
ETHUSDT,2021-01-17 00:00:00+00:00,2.037016039705,0.4877
ETHUSDT,2021-01-18 00:00:00+00:00,2.030049374005,0.49
ETHUSDT,2021-01-19 00:00:00+00:00,2.098613639381,0.4671
ETHUSDT,2021-01-20 00:00:00+00:00,2.047366055518,0.4842
ETHUSDT,2021-01-21 00:00:00+00:00,1.803680899463,0.5654
ETHUSDT,2021-01-22 00:00:00+00:00,1.910604321315,0.5298
ETHUSDT,2021-01-23 00:00:00+00:00,1.902623421253,0.5325
ETHUSDT,2021-01-24 00:00:00+00:00,2.07720900285,0.4743
ETHUSDT,2021-01-25 00:00:00+00:00,1.977749983237,0.5074
ETHUSDT,2021-01-26 00:00:00+00:00,2.000675962607,0.4998
ETHUSDT,2021-01-27 00:00:00+00:00,1.862320295301,0.5459
ETHUSDT,2021-01-28 00:00:00+00:00,1.92813268788,0.524
ETHUSDT,2021-01-29 00:00:00+00:00,1.955598721206,0.5148
ETHUSDT,2021-01-30 00:00:00+00:00,1.94822491678,0.5173
ETHUSDT,2021-01-31 00:00:00+00:00,1.880859383919,0.5397
ETHUSDT,2021-02-01 00:00:00+00:00,1.929326106185,0.5236
ETHUSDT,2021-02-02 00:00:00+00:00,2.053380275417,0.4822
ETHUSDT,2021-02-03 00:00:00+00:00,2.134676473319,0.4551
ETHUSDT,2021-02-04 00:00:00+00:00,2.049668028662,0.4834
ETHUSDT,2021-02-05 00:00:00+00:00,2.13062276479,0.4565
ETHUSDT,2021-02-06 00:00:00+00:00,2.068896618061,0.477
ETHUSDT,2021-02-07 00:00:00+00:00,2.00505642587,0.4983
ETHUSDT,2021-02-08 00:00:00+00:00,2.093427383765,0.4689
ETHUSDT,2021-02-09 00:00:00+00:00,2.094461699545,0.4685
ETHUSDT,2021-02-10 00:00:00+00:00,2.067545539362,0.4775
ETHUSDT,2021-02-11 00:00:00+00:00,2.091262721598,0.4696
ETHUSDT,2021-02-12 00:00:00+00:00,2.121022853019,0.4597
ETHUSDT,2021-02-13 00:00:00+00:00,2.088127998406,0.4706
ETHUSDT,2021-02-14 00:00:00+00:00,2.073822504382,0.4754
ETHUSDT,2021-02-15 00:00:00+00:00,2.04849315597,0.4838
ETHUSDT,2021-02-16 00:00:00+00:00,2.027981494876,0.4907
ETHUSDT,2021-02-17 00:00:00+00:00,2.061527032919,0.4795
ETHUSDT,2021-02-18 00:00:00+00:00,2.107655032162,0.4641
ETHUSDT,2021-02-19 00:00:00+00:00,2.111572487423,0.4628
ETHUSDT,2021-02-20 00:00:00+00:00,2.059379144581,0.4802
ETHUSDT,2021-02-21 00:00:00+00:00,2.070798091237,0.4764
ETHUSDT,2021-02-22 00:00:00+00:00,1.940122245086,0.52
ETHUSDT,2021-02-23 00:00:00+00:00,1.782669024878,0.5724
ETHUSDT,2021-02-24 00:00:00+00:00,1.829665663001,0.5568
ETHUSDT,2021-02-25 00:00:00+00:00,1.727431704315,0.5909
ETHUSDT,2021-02-26 00:00:00+00:00,1.686366993704,0.6045
ETHUSDT,2021-02-27 00:00:00+00:00,1.698561917542,0.6005
ETHUSDT,2021-02-28 00:00:00+00:00,1.67265649529,0.6091
ETHUSDT,2021-03-01 00:00:00+00:00,1.789685810259,0.5701
ETHUSDT,2021-03-02 00:00:00+00:00,1.72396518086,0.592
ETHUSDT,2021-03-03 00:00:00+00:00,1.802159023687,0.5659
ETHUSDT,2021-03-04 00:00:00+00:00,1.745600748949,0.5848
ETHUSDT,2021-03-05 00:00:00+00:00,1.738213958082,0.5873
ETHUSDT,2021-03-06 00:00:00+00:00,1.840394577975,0.5532
ETHUSDT,2021-03-07 00:00:00+00:00,1.884890500196,0.5384
ETHUSDT,2021-03-08 00:00:00+00:00,1.959373777647,0.5135
ETHUSDT,2021-03-09 00:00:00+00:00,1.978425457274,0.5072
ETHUSDT,2021-03-10 00:00:00+00:00,1.923528991543,0.5255
ETHUSDT,2021-03-11 00:00:00+00:00,1.927074747618,0.5243
ETHUSDT,2021-03-12 00:00:00+00:00,1.878323315984,0.5406
ETHUSDT,2021-03-13 00:00:00+00:00,1.998190976611,0.5006
ETHUSDT,2021-03-14 00:00:00+00:00,1.947398907952,0.5175
ETHUSDT,2021-03-15 00:00:00+00:00,1.858746007838,0.5471
ETHUSDT,2021-03-16 00:00:00+00:00,1.853187946915,0.5489
ETHUSDT,2021-03-17 00:00:00+00:00,1.86580269737,0.5447
ETHUSDT,2021-03-18 00:00:00+00:00,1.828030901269,0.5573
ETHUSDT,2021-03-19 00:00:00+00:00,1.846972928703,0.551
ETHUSDT,2021-03-20 00:00:00+00:00,1.845869106049,0.5514
ETHUSDT,2021-03-21 00:00:00+00:00,1.823971782753,0.5587
ETHUSDT,2021-03-22 00:00:00+00:00,1.75268061511,0.5824
ETHUSDT,2021-03-23 00:00:00+00:00,1.738501478937,0.5872
ETHUSDT,2021-03-24 00:00:00+00:00,1.676438932152,0.6079
ETHUSDT,2021-03-25 00:00:00+00:00,1.66873643579,0.6104
ETHUSDT,2021-03-26 00:00:00+00:00,1.744551023405,0.5851
ETHUSDT,2021-03-27 00:00:00+00:00,1.759264296633,0.5802
ETHUSDT,2021-03-28 00:00:00+00:00,1.732416536942,0.5892
ETHUSDT,2021-03-29 00:00:00+00:00,1.82040888661,0.5599
ETHUSDT,2021-03-30 00:00:00+00:00,1.833822182393,0.5554
ETHUSDT,2021-03-31 00:00:00+00:00,1.878852114233,0.5404
ETHUSDT,2021-04-01 00:00:00+00:00,1.895303304518,0.5349
ETHUSDT,2021-04-02 00:00:00+00:00,1.97718567096,0.5076
ETHUSDT,2021-04-03 00:00:00+00:00,1.894121151001,0.5353
ETHUSDT,2021-04-04 00:00:00+00:00,1.892528467348,0.5358
ETHUSDT,2021-04-05 00:00:00+00:00,1.886918923767,0.5377
ETHUSDT,2021-04-06 00:00:00+00:00,1.895284244664,0.5349
ETHUSDT,2021-04-07 00:00:00+00:00,1.807995619641,0.564
ETHUSDT,2021-04-08 00:00:00+00:00,1.863475753077,0.5455
ETHUSDT,2021-04-09 00:00:00+00:00,1.849721689383,0.5501
ETHUSDT,2021-04-10 00:00:00+00:00,1.889747123672,0.5368
ETHUSDT,2021-04-11 00:00:00+00:00,1.886739423465,0.5378
ETHUSDT,2021-04-12 00:00:00+00:00,1.881348524185,0.5396
ETHUSDT,2021-04-13 00:00:00+00:00,1.962929139927,0.5124
ETHUSDT,2021-04-14 00:00:00+00:00,2.015361964316,0.4949
ETHUSDT,2021-04-15 00:00:00+00:00,2.04038495652,0.4865
ETHUSDT,2021-04-16 00:00:00+00:00,1.966458268162,0.5112
ETHUSDT,2021-04-17 00:00:00+00:00,1.908887490854,0.5304
ETHUSDT,2021-04-18 00:00:00+00:00,1.843047288427,0.5523
ETHUSDT,2021-04-19 00:00:00+00:00,1.799791047254,0.5667
ETHUSDT,2021-04-20 00:00:00+00:00,1.889135971683,0.537
ETHUSDT,2021-04-21 00:00:00+00:00,1.905617002461,0.5315
ETHUSDT,2021-04-22 00:00:00+00:00,1.922964605444,0.5257
ETHUSDT,2021-04-23 00:00:00+00:00,1.882020145325,0.5393
ETHUSDT,2021-04-24 00:00:00+00:00,1.807632526767,0.5641
ETHUSDT,2021-04-25 00:00:00+00:00,1.843605325928,0.5521
ETHUSDT,2021-04-26 00:00:00+00:00,1.966022649638,0.5113
ETHUSDT,2021-04-27 00:00:00+00:00,2.014334892441,0.4952
ETHUSDT,2021-04-28 00:00:00+00:00,2.038001404778,0.4873
ETHUSDT,2021-04-29 00:00:00+00:00,2.030660689759,0.4898
ETHUSDT,2021-04-30 00:00:00+00:00,2.025950275448,0.4913
ETHUSDT,2021-05-01 00:00:00+00:00,2.084916409059,0.4717
ETHUSDT,2021-05-02 00:00:00+00:00,2.078005553212,0.474
ETHUSDT,2021-05-03 00:00:00+00:00,2.260814951058,0.4131
ETHUSDT,2021-05-04 00:00:00+00:00,2.155283907213,0.4482
ETHUSDT,2021-05-05 00:00:00+00:00,2.244676359743,0.4184
ETHUSDT,2021-05-06 00:00:00+00:00,2.1969879559,0.4343
ETHUSDT,2021-05-07 00:00:00+00:00,2.163128013868,0.4456
ETHUSDT,2021-05-08 00:00:00+00:00,2.302177567456,0.3993
ETHUSDT,2021-05-09 00:00:00+00:00,2.292554351788,0.4025
ETHUSDT,2021-05-10 00:00:00+00:00,2.26421643912,0.4119
ETHUSDT,2021-05-11 00:00:00+00:00,2.269929669446,0.41
ETHUSDT,2021-05-12 00:00:00+00:00,2.170673682126,0.4431
ETHUSDT,2021-05-13 00:00:00+00:00,2.044984190709,0.485
ETHUSDT,2021-05-14 00:00:00+00:00,2.187403736275,0.4375
ETHUSDT,2021-05-15 00:00:00+00:00,2.024650208407,0.4918
ETHUSDT,2021-05-16 00:00:00+00:00,1.982506070166,0.5058
ETHUSDT,2021-05-17 00:00:00+00:00,1.870889189294,0.543
ETHUSDT,2021-05-18 00:00:00+00:00,1.925527811984,0.5248
ETHUSDT,2021-05-19 00:00:00+00:00,1.585281525274,0.6382
ETHUSDT,2021-05-20 00:00:00+00:00,1.69717414371,0.6009
ETHUSDT,2021-05-21 00:00:00+00:00,1.53598708976,0.6547
ETHUSDT,2021-05-22 00:00:00+00:00,1.493601464771,0.6688
ETHUSDT,2021-05-23 00:00:00+00:00,1.387752879305,0.7041
ETHUSDT,2021-05-24 00:00:00+00:00,1.643923739577,0.6187
ETHUSDT,2021-05-25 00:00:00+00:00,1.675783174725,0.6081
ETHUSDT,2021-05-26 00:00:00+00:00,1.747535278929,0.5842
ETHUSDT,2021-05-27 00:00:00+00:00,1.701837994273,0.5994
ETHUSDT,2021-05-28 00:00:00+00:00,1.545701575955,0.6514
ETHUSDT,2021-05-29 00:00:00+00:00,1.484223850636,0.6719
ETHUSDT,2021-05-30 00:00:00+00:00,1.545386328719,0.6515
ETHUSDT,2021-05-31 00:00:00+00:00,1.695542442011,0.6015
ETHUSDT,2021-06-01 00:00:00+00:00,1.659087663063,0.6136
ETHUSDT,2021-06-02 00:00:00+00:00,1.698710445955,0.6004
ETHUSDT,2021-06-03 00:00:00+00:00,1.764975203017,0.5783
ETHUSDT,2021-06-04 00:00:00+00:00,1.67952100622,0.6068
ETHUSDT,2021-06-05 00:00:00+00:00,1.637343733222,0.6209
ETHUSDT,2021-06-06 00:00:00+00:00,1.686998614567,0.6043
ETHUSDT,2021-06-07 00:00:00+00:00,1.637598099808,0.6208
ETHUSDT,2021-06-08 00:00:00+00:00,1.602625490386,0.6325
ETHUSDT,2021-06-09 00:00:00+00:00,1.645994847205,0.618
ETHUSDT,2021-06-10 00:00:00+00:00,1.585934435692,0.638
ETHUSDT,2021-06-11 00:00:00+00:00,1.518711096827,0.6604
ETHUSDT,2021-06-12 00:00:00+00:00,1.53683551067,0.6544
ETHUSDT,2021-06-13 00:00:00+00:00,1.600595654701,0.6331
ETHUSDT,2021-06-14 00:00:00+00:00,1.632897108888,0.6224
ETHUSDT,2021-06-15 00:00:00+00:00,1.620631091977,0.6265
ETHUSDT,2021-06-16 00:00:00+00:00,1.525072974835,0.6583
ETHUSDT,2021-06-17 00:00:00+00:00,1.530180702025,0.6566
ETHUSDT,2021-06-18 00:00:00+00:00,1.45998070567,0.68
ETHUSDT,2021-06-19 00:00:00+00:00,1.433648012028,0.6888
ETHUSDT,2021-06-20 00:00:00+00:00,1.470586240853,0.6765
ETHUSDT,2021-06-21 00:00:00+00:00,1.288114097952,0.7373
ETHUSDT,2021-06-22 00:00:00+00:00,1.279282680403,0.7402
ETHUSDT,2021-06-23 00:00:00+00:00,1.339838924603,0.7201
ETHUSDT,2021-06-24 00:00:00+00:00,1.354816654092,0.7151
ETHUSDT,2021-06-25 00:00:00+00:00,1.262001561793,0.746
ETHUSDT,2021-06-26 00:00:00+00:00,1.253542311861,0.7488
ETHUSDT,2021-06-27 00:00:00+00:00,1.347391656045,0.7175
ETHUSDT,2021-06-28 00:00:00+00:00,1.410017723126,0.6967
ETHUSDT,2021-06-29 00:00:00+00:00,1.458973050026,0.6803
ETHUSDT,2021-06-30 00:00:00+00:00,1.513650358778,0.6621
ETHUSDT,2021-07-01 00:00:00+00:00,1.442449341406,0.6859
ETHUSDT,2021-07-02 00:00:00+00:00,1.461168389985,0.6796
ETHUSDT,2021-07-03 00:00:00+00:00,1.496818600995,0.6677
ETHUSDT,2021-07-04 00:00:00+00:00,1.555195943554,0.6483
ETHUSDT,2021-07-05 00:00:00+00:00,1.496844075833,0.6677
ETHUSDT,2021-07-06 00:00:00+00:00,1.548270131103,0.6506
ETHUSDT,2021-07-07 00:00:00+00:00,1.542587831328,0.6525
ETHUSDT,2021-07-08 00:00:00+00:00,1.438269698962,0.6872
ETHUSDT,2021-07-09 00:00:00+00:00,1.457453614738,0.6808
ETHUSDT,2021-07-10 00:00:00+00:00,1.437055671478,0.6876
ETHUSDT,2021-07-11 00:00:00+00:00,1.449766812912,0.6834
ETHUSDT,2021-07-12 00:00:00+00:00,1.399736659009,0.7001
ETHUSDT,2021-07-13 00:00:00+00:00,1.349006595507,0.717
ETHUSDT,2021-07-14 00:00:00+00:00,1.382654542002,0.7058
ETHUSDT,2021-07-15 00:00:00+00:00,1.339473621172,0.7202
ETHUSDT,2021-07-16 00:00:00+00:00,1.321996118504,0.726
ETHUSDT,2021-07-17 00:00:00+00:00,1.332886123371,0.7224
ETHUSDT,2021-07-18 00:00:00+00:00,1.333156487952,0.7223
ETHUSDT,2021-07-19 00:00:00+00:00,1.294071251298,0.7353
ETHUSDT,2021-07-20 00:00:00+00:00,1.274248137249,0.7419
ETHUSDT,2021-07-21 00:00:00+00:00,1.392592780217,0.7025
ETHUSDT,2021-07-22 00:00:00+00:00,1.410851164411,0.6964
ETHUSDT,2021-07-23 00:00:00+00:00,1.46127437644,0.6796
ETHUSDT,2021-07-24 00:00:00+00:00,1.497448708587,0.6675
ETHUSDT,2021-07-25 00:00:00+00:00,1.500931141993,0.6664
ETHUSDT,2021-07-26 00:00:00+00:00,1.524779117408,0.6584
ETHUSDT,2021-07-27 00:00:00+00:00,1.546224640527,0.6513
ETHUSDT,2021-07-28 00:00:00+00:00,1.547507993645,0.6508
ETHUSDT,2021-07-29 00:00:00+00:00,1.589712458187,0.6368
ETHUSDT,2021-07-30 00:00:00+00:00,1.611533847752,0.6295
ETHUSDT,2021-07-31 00:00:00+00:00,1.653106752538,0.6156
ETHUSDT,2021-08-01 00:00:00+00:00,1.658843745715,0.6137
ETHUSDT,2021-08-02 00:00:00+00:00,1.68194792644,0.606
ETHUSDT,2021-08-03 00:00:00+00:00,1.626181729028,0.6246
ETHUSDT,2021-08-04 00:00:00+00:00,1.712401370041,0.5959
ETHUSDT,2021-08-05 00:00:00+00:00,1.748718180357,0.5838
ETHUSDT,2021-08-06 00:00:00+00:00,1.770745272463,0.5764
ETHUSDT,2021-08-07 00:00:00+00:00,1.877745075079,0.5408
ETHUSDT,2021-08-08 00:00:00+00:00,1.819420968777,0.5602
ETHUSDT,2021-08-09 00:00:00+00:00,1.866936902772,0.5444
ETHUSDT,2021-08-10 00:00:00+00:00,1.852989991443,0.549
ETHUSDT,2021-08-11 00:00:00+00:00,1.853398316245,0.5489
ETHUSDT,2021-08-12 00:00:00+00:00,1.792006631052,0.5693
ETHUSDT,2021-08-13 00:00:00+00:00,1.906451250942,0.5312
ETHUSDT,2021-08-14 00:00:00+00:00,1.878771728362,0.5404
ETHUSDT,2021-08-15 00:00:00+00:00,1.894771984685,0.5351
ETHUSDT,2021-08-16 00:00:00+00:00,1.822161344315,0.5593
ETHUSDT,2021-08-17 00:00:00+00:00,1.758699397822,0.5804
ETHUSDT,2021-08-18 00:00:00+00:00,1.766353667939,0.5779
ETHUSDT,2021-08-19 00:00:00+00:00,1.82144628704,0.5595
ETHUSDT,2021-08-20 00:00:00+00:00,1.85912728254,0.547
ETHUSDT,2021-08-21 00:00:00+00:00,1.837695140593,0.5541
ETHUSDT,2021-08-22 00:00:00+00:00,1.84069092853,0.5531
ETHUSDT,2021-08-23 00:00:00+00:00,1.865182797531,0.5449
ETHUSDT,2021-08-24 00:00:00+00:00,1.795292945187,0.5682
ETHUSDT,2021-08-25 00:00:00+00:00,1.806154303459,0.5646
ETHUSDT,2021-08-26 00:00:00+00:00,1.757282887823,0.5809
ETHUSDT,2021-08-27 00:00:00+00:00,1.816005897489,0.5613
ETHUSDT,2021-08-28 00:00:00+00:00,1.80116084114,0.5663
ETHUSDT,2021-08-29 00:00:00+00:00,1.795861730826,0.568
ETHUSDT,2021-08-30 00:00:00+00:00,1.795898704284,0.568
ETHUSDT,2021-08-31 00:00:00+00:00,1.866382916126,0.5445
ETHUSDT,2021-09-01 00:00:00+00:00,1.972679383982,0.5091
ETHUSDT,2021-09-02 00:00:00+00:00,1.943311447005,0.5189
ETHUSDT,2021-09-03 00:00:00+00:00,1.980932257274,0.5064
ETHUSDT,2021-09-04 00:00:00+00:00,1.963094798551,0.5123
ETHUSDT,2021-09-05 00:00:00+00:00,1.985851656662,0.5047
ETHUSDT,2021-09-06 00:00:00+00:00,1.969177789345,0.5103
ETHUSDT,2021-09-07 00:00:00+00:00,1.791426938566,0.5695
ETHUSDT,2021-09-08 00:00:00+00:00,1.817090776948,0.561
ETHUSDT,2021-09-09 00:00:00+00:00,1.787076381769,0.571
ETHUSDT,2021-09-10 00:00:00+00:00,1.70000960535,0.6
ETHUSDT,2021-09-11 00:00:00+00:00,1.721787856835,0.5927
ETHUSDT,2021-09-12 00:00:00+00:00,1.784630584602,0.5718
ETHUSDT,2021-09-13 00:00:00+00:00,1.731576292527,0.5895
ETHUSDT,2021-09-14 00:00:00+00:00,1.782220002903,0.5726
ETHUSDT,2021-09-15 00:00:00+00:00,1.853858136141,0.5487
ETHUSDT,2021-09-16 00:00:00+00:00,1.84061609129,0.5531
ETHUSDT,2021-09-17 00:00:00+00:00,1.767558707254,0.5775
ETHUSDT,2021-09-18 00:00:00+00:00,1.778910677572,0.5737
ETHUSDT,2021-09-19 00:00:00+00:00,1.736312902124,0.5879
ETHUSDT,2021-09-20 00:00:00+00:00,1.601969846122,0.6327
ETHUSDT,2021-09-21 00:00:00+00:00,1.515222191345,0.6616
ETHUSDT,2021-09-22 00:00:00+00:00,1.658815441819,0.6137
ETHUSDT,2021-09-23 00:00:00+00:00,1.692412996065,0.6025
ETHUSDT,2021-09-24 00:00:00+00:00,1.607983993788,0.6307
ETHUSDT,2021-09-25 00:00:00+00:00,1.608923974399,0.6304
ETHUSDT,2021-09-26 00:00:00+00:00,1.641938082005,0.6194
ETHUSDT,2021-09-27 00:00:00+00:00,1.60190847478,0.6327
ETHUSDT,2021-09-28 00:00:00+00:00,1.546767985208,0.6511
ETHUSDT,2021-09-29 00:00:00+00:00,1.561678609534,0.6461
ETHUSDT,2021-09-30 00:00:00+00:00,1.627290762679,0.6242
ETHUSDT,2021-10-01 00:00:00+00:00,1.743411228115,0.5855
ETHUSDT,2021-10-02 00:00:00+00:00,1.776157845772,0.5746
ETHUSDT,2021-10-03 00:00:00+00:00,1.781771801348,0.5727
ETHUSDT,2021-10-04 00:00:00+00:00,1.766528630897,0.5778
ETHUSDT,2021-10-05 00:00:00+00:00,1.810087359864,0.5633
ETHUSDT,2021-10-06 00:00:00+00:00,1.830698881297,0.5564
ETHUSDT,2021-10-07 00:00:00+00:00,1.832393641608,0.5559
ETHUSDT,2021-10-08 00:00:00+00:00,1.8186713366,0.5604
ETHUSDT,2021-10-09 00:00:00+00:00,1.824364868832,0.5585
ETHUSDT,2021-10-10 00:00:00+00:00,1.766602655161,0.5778
ETHUSDT,2021-10-11 00:00:00+00:00,1.788577535593,0.5705
ETHUSDT,2021-10-12 00:00:00+00:00,1.776443786638,0.5745
ETHUSDT,2021-10-13 00:00:00+00:00,1.814004953626,0.562
ETHUSDT,2021-10-14 00:00:00+00:00,1.867103576106,0.5443
ETHUSDT,2021-10-15 00:00:00+00:00,1.881656117442,0.5394
ETHUSDT,2021-10-16 00:00:00+00:00,1.869930868508,0.5434
ETHUSDT,2021-10-17 00:00:00+00:00,1.867878870812,0.544
ETHUSDT,2021-10-18 00:00:00+00:00,1.833175430359,0.5556
ETHUSDT,2021-10-19 00:00:00+00:00,1.875380499758,0.5415
ETHUSDT,2021-10-20 00:00:00+00:00,1.951113217241,0.5163
ETHUSDT,2021-10-21 00:00:00+00:00,1.909771178107,0.5301
ETHUSDT,2021-10-22 00:00:00+00:00,1.88324178027,0.5389
ETHUSDT,2021-10-23 00:00:00+00:00,1.942270706127,0.5192
ETHUSDT,2021-10-24 00:00:00+00:00,1.911652029393,0.5294
ETHUSDT,2021-10-25 00:00:00+00:00,1.951297796569,0.5162
ETHUSDT,2021-10-26 00:00:00+00:00,1.919209741951,0.5269
ETHUSDT,2021-10-27 00:00:00+00:00,1.854283442718,0.5486
ETHUSDT,2021-10-28 00:00:00+00:00,1.959657310712,0.5134
ETHUSDT,2021-10-29 00:00:00+00:00,1.987702988744,0.5041
ETHUSDT,2021-10-30 00:00:00+00:00,1.951344334132,0.5162
ETHUSDT,2021-10-31 00:00:00+00:00,1.943604236179,0.5188
ETHUSDT,2021-11-01 00:00:00+00:00,1.950876792321,0.5164
ETHUSDT,2021-11-02 00:00:00+00:00,2.026742186582,0.4911
ETHUSDT,2021-11-03 00:00:00+00:00,2.016294263198,0.4946
ETHUSDT,2021-11-04 00:00:00+00:00,1.967604829639,0.5108
ETHUSDT,2021-11-05 00:00:00+00:00,1.942614216049,0.5191
ETHUSDT,2021-11-06 00:00:00+00:00,1.95270399737,0.5158
ETHUSDT,2021-11-07 00:00:00+00:00,1.97956808675,0.5068
ETHUSDT,2021-11-08 00:00:00+00:00,2.028920798707,0.4904
ETHUSDT,2021-11-09 00:00:00+00:00,1.995438571026,0.5015
ETHUSDT,2021-11-10 00:00:00+00:00,1.955752465715,0.5147
ETHUSDT,2021-11-11 00:00:00+00:00,1.981310004078,0.5062
ETHUSDT,2021-11-12 00:00:00+00:00,1.954091360456,0.5153
ETHUSDT,2021-11-13 00:00:00+00:00,1.946677293696,0.5178
ETHUSDT,2021-11-14 00:00:00+00:00,1.934204595962,0.5219
ETHUSDT,2021-11-15 00:00:00+00:00,1.868738721491,0.5438
ETHUSDT,2021-11-16 00:00:00+00:00,1.768315703555,0.5772
ETHUSDT,2021-11-17 00:00:00+00:00,1.778636224357,0.5738
ETHUSDT,2021-11-18 00:00:00+00:00,1.693203317446,0.6023
ETHUSDT,2021-11-19 00:00:00+00:00,1.789597965162,0.5701
ETHUSDT,2021-11-20 00:00:00+00:00,1.831302221194,0.5562
ETHUSDT,2021-11-21 00:00:00+00:00,1.797289585475,0.5676
ETHUSDT,2021-11-22 00:00:00+00:00,1.73200976871,0.5893
ETHUSDT,2021-11-23 00:00:00+00:00,1.808670408966,0.5638
ETHUSDT,2021-11-24 00:00:00+00:00,1.777487940957,0.5742
ETHUSDT,2021-11-25 00:00:00+00:00,1.853777362103,0.5487
ETHUSDT,2021-11-26 00:00:00+00:00,1.711715987592,0.5961
ETHUSDT,2021-11-27 00:00:00+00:00,1.723162992298,0.5923
ETHUSDT,2021-11-28 00:00:00+00:00,1.787466846724,0.5708
ETHUSDT,2021-11-29 00:00:00+00:00,1.831472465733,0.5562
ETHUSDT,2021-11-30 00:00:00+00:00,1.883418438785,0.5389
ETHUSDT,2021-12-01 00:00:00+00:00,1.860987055502,0.5463
ETHUSDT,2021-12-02 00:00:00+00:00,1.84003994661,0.5533
ETHUSDT,2021-12-03 00:00:00+00:00,1.750475716548,0.5832
ETHUSDT,2021-12-04 00:00:00+00:00,1.707218025978,0.5976
ETHUSDT,2021-12-05 00:00:00+00:00,1.73639432611,0.5879
ETHUSDT,2021-12-06 00:00:00+00:00,1.781685708149,0.5728
ETHUSDT,2021-12-07 00:00:00+00:00,1.76866413894,0.5771
ETHUSDT,2021-12-08 00:00:00+00:00,1.799194053342,0.5669
ETHUSDT,2021-12-09 00:00:00+00:00,1.71668440196,0.5944
ETHUSDT,2021-12-10 00:00:00+00:00,1.64740121178,0.6175
ETHUSDT,2021-12-11 00:00:00+00:00,1.69604115508,0.6013
ETHUSDT,2021-12-12 00:00:00+00:00,1.716962788676,0.5943
ETHUSDT,2021-12-13 00:00:00+00:00,1.605685631058,0.6314
ETHUSDT,2021-12-14 00:00:00+00:00,1.625998727508,0.6247
ETHUSDT,2021-12-15 00:00:00+00:00,1.677562357963,0.6075
ETHUSDT,2021-12-16 00:00:00+00:00,1.662774495006,0.6124
ETHUSDT,2021-12-17 00:00:00+00:00,1.636133142247,0.6213
ETHUSDT,2021-12-18 00:00:00+00:00,1.662838338867,0.6124
ETHUSDT,2021-12-19 00:00:00+00:00,1.653638954242,0.6155
ETHUSDT,2021-12-20 00:00:00+00:00,1.653317621251,0.6156
ETHUSDT,2021-12-21 00:00:00+00:00,1.680788984903,0.6064
ETHUSDT,2021-12-22 00:00:00+00:00,1.665799270318,0.6114
ETHUSDT,2021-12-23 00:00:00+00:00,1.702065593197,0.5993
ETHUSDT,2021-12-24 00:00:00+00:00,1.682991624945,0.6057
ETHUSDT,2021-12-25 00:00:00+00:00,1.695293031797,0.6016
ETHUSDT,2021-12-26 00:00:00+00:00,1.685400949064,0.6049
ETHUSDT,2021-12-27 00:00:00+00:00,1.675074536921,0.6083
ETHUSDT,2021-12-28 00:00:00+00:00,1.603086957922,0.6323
ETHUSDT,2021-12-29 00:00:00+00:00,1.55070799753,0.6498
ETHUSDT,2021-12-30 00:00:00+00:00,1.567299184349,0.6442
ETHUSDT,2021-12-31 00:00:00+00:00,1.56431522976,0.6452
ETHUSDT,2022-01-01 00:00:00+00:00,1.589122424097,0.637
ETHUSDT,2022-01-02 00:00:00+00:00,1.611689295707,0.6294
ETHUSDT,2022-01-03 00:00:00+00:00,1.589667892724,0.6368
ETHUSDT,2022-01-04 00:00:00+00:00,1.60131135617,0.6329
ETHUSDT,2022-01-05 00:00:00+00:00,1.520192827414,0.6599
ETHUSDT,2022-01-06 00:00:00+00:00,1.479652709139,0.6734
ETHUSDT,2022-01-07 00:00:00+00:00,1.412036013464,0.696
ETHUSDT,2022-01-08 00:00:00+00:00,1.378343882824,0.7072
ETHUSDT,2022-01-09 00:00:00+00:00,1.401598790128,0.6995
ETHUSDT,2022-01-10 00:00:00+00:00,1.377075550056,0.7076
ETHUSDT,2022-01-11 00:00:00+00:00,1.435530346022,0.6882
ETHUSDT,2022-01-12 00:00:00+00:00,1.481299097411,0.6729
ETHUSDT,2022-01-13 00:00:00+00:00,1.440390613729,0.6865
ETHUSDT,2022-01-14 00:00:00+00:00,1.462013120562,0.6793
ETHUSDT,2022-01-15 00:00:00+00:00,1.470791997292,0.6764
ETHUSDT,2022-01-16 00:00:00+00:00,1.477549869623,0.6742
ETHUSDT,2022-01-17 00:00:00+00:00,1.429403086454,0.6902
ETHUSDT,2022-01-18 00:00:00+00:00,1.413496866313,0.6955
ETHUSDT,2022-01-19 00:00:00+00:00,1.409070858808,0.697
ETHUSDT,2022-01-20 00:00:00+00:00,1.37672254684,0.7078
ETHUSDT,2022-01-21 00:00:00+00:00,1.213208819024,0.7623
ETHUSDT,2022-01-22 00:00:00+00:00,1.155968086506,0.7813
ETHUSDT,2022-01-23 00:00:00+00:00,1.211801860401,0.7627
ETHUSDT,2022-01-24 00:00:00+00:00,1.179112079351,0.7736
ETHUSDT,2022-01-25 00:00:00+00:00,1.190141405183,0.77
ETHUSDT,2022-01-26 00:00:00+00:00,1.197375929314,0.7675
ETHUSDT,2022-01-27 00:00:00+00:00,1.178841515893,0.7737
ETHUSDT,2022-01-28 00:00:00+00:00,1.233770215634,0.7554
ETHUSDT,2022-01-29 00:00:00+00:00,1.253308852252,0.7489
ETHUSDT,2022-01-30 00:00:00+00:00,1.261024258313,0.7463
ETHUSDT,2022-01-31 00:00:00+00:00,1.291356549369,0.7362
ETHUSDT,2022-02-01 00:00:00+00:00,1.332830973677,0.7224
ETHUSDT,2022-02-02 00:00:00+00:00,1.291181518663,0.7363
ETHUSDT,2022-02-03 00:00:00+00:00,1.286310378165,0.7379
ETHUSDT,2022-02-04 00:00:00+00:00,1.401955939056,0.6993
ETHUSDT,2022-02-05 00:00:00+00:00,1.418887795014,0.6937
ETHUSDT,2022-02-06 00:00:00+00:00,1.438813946666,0.6871
ETHUSDT,2022-02-07 00:00:00+00:00,1.470835205318,0.6764
ETHUSDT,2022-02-08 00:00:00+00:00,1.462785747692,0.6791
ETHUSDT,2022-02-09 00:00:00+00:00,1.502737686947,0.6658
ETHUSDT,2022-02-10 00:00:00+00:00,1.442298413983,0.6859
ETHUSDT,2022-02-11 00:00:00+00:00,1.383227223722,0.7056
ETHUSDT,2022-02-12 00:00:00+00:00,1.378988008119,0.707
ETHUSDT,2022-02-13 00:00:00+00:00,1.367889326927,0.7107
ETHUSDT,2022-02-14 00:00:00+00:00,1.390062322665,0.7033
ETHUSDT,2022-02-15 00:00:00+00:00,1.478548849201,0.6738
ETHUSDT,2022-02-16 00:00:00+00:00,1.464002052393,0.6787
ETHUSDT,2022-02-17 00:00:00+00:00,1.36914742187,0.7103
ETHUSDT,2022-02-18 00:00:00+00:00,1.332168476152,0.7226
ETHUSDT,2022-02-19 00:00:00+00:00,1.322373464762,0.7259
ETHUSDT,2022-02-20 00:00:00+00:00,1.275111260418,0.7416
ETHUSDT,2022-02-21 00:00:00+00:00,1.254100616413,0.7486
ETHUSDT,2022-02-22 00:00:00+00:00,1.278285210072,0.7406
ETHUSDT,2022-02-23 00:00:00+00:00,1.262266339711,0.7459
ETHUSDT,2022-02-24 00:00:00+00:00,1.265169507035,0.7449
ETHUSDT,2022-02-25 00:00:00+00:00,1.341227340837,0.7196
ETHUSDT,2022-02-26 00:00:00+00:00,1.337026183721,0.721
ETHUSDT,2022-02-27 00:00:00+00:00,1.272402217382,0.7425
ETHUSDT,2022-02-28 00:00:00+00:00,1.390719067242,0.7031
ETHUSDT,2022-03-01 00:00:00+00:00,1.412022417142,0.696
ETHUSDT,2022-03-02 00:00:00+00:00,1.402737244511,0.6991
ETHUSDT,2022-03-03 00:00:00+00:00,1.355368949599,0.7149
ETHUSDT,2022-03-04 00:00:00+00:00,1.270828626008,0.7431
ETHUSDT,2022-03-05 00:00:00+00:00,1.28975951285,0.7367
ETHUSDT,2022-03-06 00:00:00+00:00,1.246965003296,0.751
ETHUSDT,2022-03-07 00:00:00+00:00,1.232559429695,0.7558
ETHUSDT,2022-03-08 00:00:00+00:00,1.266305806957,0.7446
ETHUSDT,2022-03-09 00:00:00+00:00,1.325527666652,0.7248
ETHUSDT,2022-03-10 00:00:00+00:00,1.279679331463,0.7401
ETHUSDT,2022-03-11 00:00:00+00:00,1.260615966218,0.7465
ETHUSDT,2022-03-12 00:00:00+00:00,1.267424072737,0.7442
ETHUSDT,2022-03-13 00:00:00+00:00,1.242376864768,0.7525
ETHUSDT,2022-03-14 00:00:00+00:00,1.27361050887,0.7421
ETHUSDT,2022-03-15 00:00:00+00:00,1.282177866747,0.7393
ETHUSDT,2022-03-16 00:00:00+00:00,1.340381738649,0.7199
ETHUSDT,2022-03-17 00:00:00+00:00,1.358742501927,0.7138
ETHUSDT,2022-03-18 00:00:00+00:00,1.409488592457,0.6968
ETHUSDT,2022-03-19 00:00:00+00:00,1.408793623983,0.6971
ETHUSDT,2022-03-20 00:00:00+00:00,1.373900505141,0.7087
ETHUSDT,2022-03-21 00:00:00+00:00,1.38827674523,0.7039
ETHUSDT,2022-03-22 00:00:00+00:00,1.417292341991,0.6942
ETHUSDT,2022-03-23 00:00:00+00:00,1.428061321782,0.6906
ETHUSDT,2022-03-24 00:00:00+00:00,1.45360527501,0.6821
ETHUSDT,2022-03-25 00:00:00+00:00,1.450721224439,0.6831
ETHUSDT,2022-03-26 00:00:00+00:00,1.465402448634,0.6782
ETHUSDT,2022-03-27 00:00:00+00:00,1.513899807455,0.662
ETHUSDT,2022-03-28 00:00:00+00:00,1.525898716623,0.658
ETHUSDT,2022-03-29 00:00:00+00:00,1.546866664183,0.651
ETHUSDT,2022-03-30 00:00:00+00:00,1.53954083795,0.6535
ETHUSDT,2022-03-31 00:00:00+00:00,1.499892640456,0.6667
ETHUSDT,2022-04-01 00:00:00+00:00,1.555460562468,0.6482
ETHUSDT,2022-04-02 00:00:00+00:00,1.555509447029,0.6482
ETHUSDT,2022-04-03 00:00:00+00:00,1.579593229687,0.6401
ETHUSDT,2022-04-04 00:00:00+00:00,1.573541064902,0.6422
ETHUSDT,2022-04-05 00:00:00+00:00,1.537445932156,0.6542
ETHUSDT,2022-04-06 00:00:00+00:00,1.450429128906,0.6832
ETHUSDT,2022-04-07 00:00:00+00:00,1.473331290978,0.6756
ETHUSDT,2022-04-08 00:00:00+00:00,1.454450649541,0.6818
ETHUSDT,2022-04-09 00:00:00+00:00,1.481068243398,0.673
ETHUSDT,2022-04-10 00:00:00+00:00,1.466266688902,0.6779
ETHUSDT,2022-04-11 00:00:00+00:00,1.379653088654,0.7068
ETHUSDT,2022-04-12 00:00:00+00:00,1.396772483609,0.7011
ETHUSDT,2022-04-13 00:00:00+00:00,1.431965676983,0.6893
ETHUSDT,2022-04-14 00:00:00+00:00,1.394282564751,0.7019
ETHUSDT,2022-04-15 00:00:00+00:00,1.40339211099,0.6989
ETHUSDT,2022-04-16 00:00:00+00:00,1.413216098187,0.6956
ETHUSDT,2022-04-17 00:00:00+00:00,1.386045877059,0.7047
ETHUSDT,2022-04-18 00:00:00+00:00,1.40942286941,0.6969
ETHUSDT,2022-04-19 00:00:00+00:00,1.431254453635,0.6896
ETHUSDT,2022-04-20 00:00:00+00:00,1.416647317145,0.6945
ETHUSDT,2022-04-21 00:00:00+00:00,1.382475150257,0.7058
ETHUSDT,2022-04-22 00:00:00+00:00,1.37670509713,0.7078
ETHUSDT,2022-04-23 00:00:00+00:00,1.367742385053,0.7108
ETHUSDT,2022-04-24 00:00:00+00:00,1.361333643483,0.7129
ETHUSDT,2022-04-25 00:00:00+00:00,1.394370726492,0.7019
ETHUSDT,2022-04-26 00:00:00+00:00,1.3161138055,0.728
ETHUSDT,2022-04-27 00:00:00+00:00,1.350173851942,0.7166
ETHUSDT,2022-04-28 00:00:00+00:00,1.36759580833,0.7108
ETHUSDT,2022-04-29 00:00:00+00:00,1.322752776082,0.7257
ETHUSDT,2022-04-30 00:00:00+00:00,1.290301969578,0.7366
ETHUSDT,2022-05-01 00:00:00+00:00,1.330960822352,0.723
ETHUSDT,2022-05-02 00:00:00+00:00,1.343938730086,0.7187
ETHUSDT,2022-05-03 00:00:00+00:00,1.311013566487,0.7297
ETHUSDT,2022-05-04 00:00:00+00:00,1.371085550584,0.7096
ETHUSDT,2022-05-05 00:00:00+00:00,1.298515135149,0.7338
ETHUSDT,2022-05-06 00:00:00+00:00,1.280782216899,0.7397
ETHUSDT,2022-05-07 00:00:00+00:00,1.256016680483,0.748
ETHUSDT,2022-05-08 00:00:00+00:00,1.217235523061,0.7609
ETHUSDT,2022-05-09 00:00:00+00:00,1.112805911974,0.7957
ETHUSDT,2022-05-10 00:00:00+00:00,1.152923773082,0.7824
ETHUSDT,2022-05-11 00:00:00+00:00,1.040108390432,0.82
ETHUSDT,2022-05-12 00:00:00+00:00,1.000496031055,0.8332
ETHUSDT,2022-05-13 00:00:00+00:00,1.031216245577,0.8229
ETHUSDT,2022-05-14 00:00:00+00:00,1.048530170782,0.8172
ETHUSDT,2022-05-15 00:00:00+00:00,1.087303710992,0.8042
ETHUSDT,2022-05-16 00:00:00+00:00,1.035314317901,0.8216
ETHUSDT,2022-05-17 00:00:00+00:00,1.07250012727,0.8092
ETHUSDT,2022-05-18 00:00:00+00:00,0.99746002707,0.8342
ETHUSDT,2022-05-19 00:00:00+00:00,1.042300323307,0.8192
ETHUSDT,2022-05-20 00:00:00+00:00,1.018530233783,0.8272
ETHUSDT,2022-05-21 00:00:00+00:00,1.02451734349,0.8252
ETHUSDT,2022-05-22 00:00:00+00:00,1.057320760145,0.8142
ETHUSDT,2022-05-23 00:00:00+00:00,1.025362904507,0.8249
ETHUSDT,2022-05-24 00:00:00+00:00,1.036226034234,0.8213
ETHUSDT,2022-05-25 00:00:00+00:00,1.0216594964,0.8261
ETHUSDT,2022-05-26 00:00:00+00:00,0.961942889874,0.846
ETHUSDT,2022-05-27 00:00:00+00:00,0.925896356953,0.858
ETHUSDT,2022-05-28 00:00:00+00:00,0.961174475791,0.8463
ETHUSDT,2022-05-29 00:00:00+00:00,0.969040084869,0.8437
ETHUSDT,2022-05-30 00:00:00+00:00,1.059317772892,0.8136
ETHUSDT,2022-05-31 00:00:00+00:00,1.036535358409,0.8212
ETHUSDT,2022-06-01 00:00:00+00:00,0.983359881868,0.8389
ETHUSDT,2022-06-02 00:00:00+00:00,0.989302696058,0.8369
ETHUSDT,2022-06-03 00:00:00+00:00,0.961861492163,0.846
ETHUSDT,2022-06-04 00:00:00+00:00,0.974895503941,0.8417
ETHUSDT,2022-06-05 00:00:00+00:00,0.978660824837,0.8404
ETHUSDT,2022-06-06 00:00:00+00:00,1.004869798696,0.8317
ETHUSDT,2022-06-07 00:00:00+00:00,0.984081760208,0.8386
ETHUSDT,2022-06-08 00:00:00+00:00,0.976007186383,0.8413
ETHUSDT,2022-06-09 00:00:00+00:00,0.974293659785,0.8419
ETHUSDT,2022-06-10 00:00:00+00:00,0.915856746236,0.8614
ETHUSDT,2022-06-11 00:00:00+00:00,0.852277181597,0.8826
ETHUSDT,2022-06-12 00:00:00+00:00,0.813341002428,0.8956
ETHUSDT,2022-06-13 00:00:00+00:00,0.687683473973,0.9374
ETHUSDT,2022-06-14 00:00:00+00:00,0.698427540801,0.9339
ETHUSDT,2022-06-15 00:00:00+00:00,0.714331921232,0.9286
ETHUSDT,2022-06-16 00:00:00+00:00,0.629506534828,0.9568
ETHUSDT,2022-06-17 00:00:00+00:00,0.644846295575,0.9517
ETHUSDT,2022-06-18 00:00:00+00:00,0.595201016106,0.9683
ETHUSDT,2022-06-19 00:00:00+00:00,0.668332926103,0.9439
ETHUSDT,2022-06-20 00:00:00+00:00,0.668872538155,0.9437
ETHUSDT,2022-06-21 00:00:00+00:00,0.671204294825,0.9429
ETHUSDT,2022-06-22 00:00:00+00:00,0.633622724331,0.9555
ETHUSDT,2022-06-23 00:00:00+00:00,0.686647031612,0.9378
ETHUSDT,2022-06-24 00:00:00+00:00,0.739468572021,0.9202
ETHUSDT,2022-06-25 00:00:00+00:00,0.744397790499,0.9185
ETHUSDT,2022-06-26 00:00:00+00:00,0.723405075238,0.9255
ETHUSDT,2022-06-27 00:00:00+00:00,0.718894417578,0.927
ETHUSDT,2022-06-28 00:00:00+00:00,0.691572391881,0.9361
ETHUSDT,2022-06-29 00:00:00+00:00,0.667916157075,0.944
ETHUSDT,2022-06-30 00:00:00+00:00,0.639748410862,0.9534
ETHUSDT,2022-07-01 00:00:00+00:00,0.655150138251,0.9483
ETHUSDT,2022-07-02 00:00:00+00:00,0.656253479133,0.9479
ETHUSDT,2022-07-03 00:00:00+00:00,0.660539682916,0.9465
ETHUSDT,2022-07-04 00:00:00+00:00,0.704046849675,0.932
ETHUSDT,2022-07-05 00:00:00+00:00,0.695098141051,0.935
ETHUSDT,2022-07-06 00:00:00+00:00,0.726222229072,0.9246
ETHUSDT,2022-07-07 00:00:00+00:00,0.751316694316,0.9162
ETHUSDT,2022-07-08 00:00:00+00:00,0.747321162056,0.9176
ETHUSDT,2022-07-09 00:00:00+00:00,0.739401577373,0.9202
ETHUSDT,2022-07-10 00:00:00+00:00,0.711525444175,0.9295
ETHUSDT,2022-07-11 00:00:00+00:00,0.673286532217,0.9422
ETHUSDT,2022-07-12 00:00:00+00:00,0.642470943847,0.9525
ETHUSDT,2022-07-13 00:00:00+00:00,0.682863956292,0.939
ETHUSDT,2022-07-14 00:00:00+00:00,0.728488357937,0.9238
ETHUSDT,2022-07-15 00:00:00+00:00,0.752949848741,0.9157
ETHUSDT,2022-07-16 00:00:00+00:00,0.818554075867,0.8938
ETHUSDT,2022-07-17 00:00:00+00:00,0.814018687643,0.8953
ETHUSDT,2022-07-18 00:00:00+00:00,0.929733220083,0.8568
ETHUSDT,2022-07-19 00:00:00+00:00,0.915054017675,0.8616
ETHUSDT,2022-07-20 00:00:00+00:00,0.901388336152,0.8662
ETHUSDT,2022-07-21 00:00:00+00:00,0.929859829539,0.8567
ETHUSDT,2022-07-22 00:00:00+00:00,0.906838339655,0.8644
ETHUSDT,2022-07-23 00:00:00+00:00,0.914367862665,0.8619
ETHUSDT,2022-07-24 00:00:00+00:00,0.942697892264,0.8524
ETHUSDT,2022-07-25 00:00:00+00:00,0.868276420156,0.8772
ETHUSDT,2022-07-26 00:00:00+00:00,0.85434962375,0.8819
ETHUSDT,2022-07-27 00:00:00+00:00,0.960876993337,0.8464
ETHUSDT,2022-07-28 00:00:00+00:00,1.007381153057,0.8309
ETHUSDT,2022-07-29 00:00:00+00:00,1.014881722589,0.8284
ETHUSDT,2022-07-30 00:00:00+00:00,0.985970949712,0.838
ETHUSDT,2022-07-31 00:00:00+00:00,0.980898539395,0.8397
ETHUSDT,2022-08-01 00:00:00+00:00,0.957722630098,0.8474
ETHUSDT,2022-08-02 00:00:00+00:00,0.960183285246,0.8466
ETHUSDT,2022-08-03 00:00:00+00:00,0.946554741057,0.8511
ETHUSDT,2022-08-04 00:00:00+00:00,0.941898455995,0.8527
ETHUSDT,2022-08-05 00:00:00+00:00,1.001340898843,0.8329
ETHUSDT,2022-08-06 00:00:00+00:00,0.985118107007,0.8383
ETHUSDT,2022-08-07 00:00:00+00:00,0.985892954795,0.838
ETHUSDT,2022-08-08 00:00:00+00:00,1.025855755,0.8247
ETHUSDT,2022-08-09 00:00:00+00:00,0.987980398618,0.8373
ETHUSDT,2022-08-10 00:00:00+00:00,1.061574439187,0.8128
ETHUSDT,2022-08-11 00:00:00+00:00,1.074249924201,0.8086
ETHUSDT,2022-08-12 00:00:00+00:00,1.111413297339,0.7962
ETHUSDT,2022-08-13 00:00:00+00:00,1.122696315815,0.7924
ETHUSDT,2022-08-14 00:00:00+00:00,1.099610125556,0.8001
ETHUSDT,2022-08-15 00:00:00+00:00,1.081919272813,0.806
ETHUSDT,2022-08-16 00:00:00+00:00,1.069247234838,0.8103
ETHUSDT,2022-08-17 00:00:00+00:00,1.035847361608,0.8214
ETHUSDT,2022-08-18 00:00:00+00:00,1.04537017289,0.8182
ETHUSDT,2022-08-19 00:00:00+00:00,0.931561867136,0.8561
ETHUSDT,2022-08-20 00:00:00+00:00,0.911263321232,0.8629
ETHUSDT,2022-08-21 00:00:00+00:00,0.935105544961,0.855
ETHUSDT,2022-08-22 00:00:00+00:00,0.928384493756,0.8572
ETHUSDT,2022-08-23 00:00:00+00:00,0.957036662408,0.8477
ETHUSDT,2022-08-24 00:00:00+00:00,0.95562550873,0.8481
ETHUSDT,2022-08-25 00:00:00+00:00,0.973935807547,0.842
ETHUSDT,2022-08-26 00:00:00+00:00,0.879331143963,0.8736
ETHUSDT,2022-08-27 00:00:00+00:00,0.872788689996,0.8757
ETHUSDT,2022-08-28 00:00:00+00:00,0.845535955972,0.8848
ETHUSDT,2022-08-29 00:00:00+00:00,0.904775082885,0.8651
ETHUSDT,2022-08-30 00:00:00+00:00,0.895122326709,0.8683
ETHUSDT,2022-08-31 00:00:00+00:00,0.906335382386,0.8646
ETHUSDT,2022-09-01 00:00:00+00:00,0.924901842905,0.8584
ETHUSDT,2022-09-02 00:00:00+00:00,0.920467728948,0.8598
ETHUSDT,2022-09-03 00:00:00+00:00,0.90925134337,0.8636
ETHUSDT,2022-09-04 00:00:00+00:00,0.920672720362,0.8598
ETHUSDT,2022-09-05 00:00:00+00:00,0.940273132739,0.8532
ETHUSDT,2022-09-06 00:00:00+00:00,0.916451146021,0.8612
ETHUSDT,2022-09-07 00:00:00+00:00,0.954185129588,0.8486
ETHUSDT,2022-09-08 00:00:00+00:00,0.953327001674,0.8489
ETHUSDT,2022-09-09 00:00:00+00:00,0.995486152707,0.8348
ETHUSDT,2022-09-10 00:00:00+00:00,1.027271117975,0.8242
ETHUSDT,2022-09-11 00:00:00+00:00,1.016305981967,0.8279
ETHUSDT,2022-09-12 00:00:00+00:00,0.991157147144,0.8363
ETHUSDT,2022-09-13 00:00:00+00:00,0.922054273893,0.8593
ETHUSDT,2022-09-14 00:00:00+00:00,0.954226890651,0.8486
ETHUSDT,2022-09-15 00:00:00+00:00,0.870507398593,0.8765
ETHUSDT,2022-09-16 00:00:00+00:00,0.849853307904,0.8834
ETHUSDT,2022-09-17 00:00:00+00:00,0.871506900078,0.8762
ETHUSDT,2022-09-18 00:00:00+00:00,0.80064223394,0.8998
ETHUSDT,2022-09-19 00:00:00+00:00,0.82558905646,0.8915
ETHUSDT,2022-09-20 00:00:00+00:00,0.797822264658,0.9007
ETHUSDT,2022-09-21 00:00:00+00:00,0.759384812828,0.9135
ETHUSDT,2022-09-22 00:00:00+00:00,0.805801357972,0.8981
ETHUSDT,2022-09-23 00:00:00+00:00,0.806623320837,0.8978
ETHUSDT,2022-09-24 00:00:00+00:00,0.79942106223,0.9002
ETHUSDT,2022-09-25 00:00:00+00:00,0.787373186636,0.9042
ETHUSDT,2022-09-26 00:00:00+00:00,0.81033730123,0.8966
ETHUSDT,2022-09-27 00:00:00+00:00,0.810737445956,0.8964
ETHUSDT,2022-09-28 00:00:00+00:00,0.81632494251,0.8946
ETHUSDT,2022-09-29 00:00:00+00:00,0.811486905771,0.8962
ETHUSDT,2022-09-30 00:00:00+00:00,0.810087612702,0.8966
ETHUSDT,2022-10-01 00:00:00+00:00,0.801123209031,0.8996
ETHUSDT,2022-10-02 00:00:00+00:00,0.782152613854,0.9059
ETHUSDT,2022-10-03 00:00:00+00:00,0.809274140904,0.8969
ETHUSDT,2022-10-04 00:00:00+00:00,0.830316108371,0.8899
ETHUSDT,2022-10-05 00:00:00+00:00,0.824426504286,0.8919
ETHUSDT,2022-10-06 00:00:00+00:00,0.824919713819,0.8917
ETHUSDT,2022-10-07 00:00:00+00:00,0.815218149681,0.8949
ETHUSDT,2022-10-08 00:00:00+00:00,0.8062057934,0.8979
ETHUSDT,2022-10-09 00:00:00+00:00,0.809623349785,0.8968
ETHUSDT,2022-10-10 00:00:00+00:00,0.794279359841,0.9019
ETHUSDT,2022-10-11 00:00:00+00:00,0.787144303816,0.9043
ETHUSDT,2022-10-12 00:00:00+00:00,0.796748559177,0.9011
ETHUSDT,2022-10-13 00:00:00+00:00,0.79370995235,0.9021
ETHUSDT,2022-10-14 00:00:00+00:00,0.802168543634,0.8993
ETHUSDT,2022-10-15 00:00:00+00:00,0.789692330409,0.9034
ETHUSDT,2022-10-16 00:00:00+00:00,0.807203777799,0.8976
ETHUSDT,2022-10-17 00:00:00+00:00,0.822139769098,0.8926
ETHUSDT,2022-10-18 00:00:00+00:00,0.810599047407,0.8965
ETHUSDT,2022-10-19 00:00:00+00:00,0.796553883741,0.9011
ETHUSDT,2022-10-20 00:00:00+00:00,0.795827875998,0.9014
ETHUSDT,2022-10-21 00:00:00+00:00,0.806113832773,0.898
ETHUSDT,2022-10-22 00:00:00+00:00,0.81375791887,0.8954
ETHUSDT,2022-10-23 00:00:00+00:00,0.841773515527,0.8861
ETHUSDT,2022-10-24 00:00:00+00:00,0.830995411485,0.8897
ETHUSDT,2022-10-25 00:00:00+00:00,0.895116024292,0.8683
ETHUSDT,2022-10-26 00:00:00+00:00,0.947871296326,0.8507
ETHUSDT,2022-10-27 00:00:00+00:00,0.916621542818,0.8611
ETHUSDT,2022-10-28 00:00:00+00:00,0.937944344099,0.854
ETHUSDT,2022-10-29 00:00:00+00:00,0.971649701076,0.8428
ETHUSDT,2022-10-30 00:00:00+00:00,0.954830359047,0.8484
ETHUSDT,2022-10-31 00:00:00+00:00,0.945059420376,0.8516
ETHUSDT,2022-11-01 00:00:00+00:00,0.949662307244,0.8501
ETHUSDT,2022-11-02 00:00:00+00:00,0.917315409677,0.8609
ETHUSDT,2022-11-03 00:00:00+00:00,0.922939299872,0.859
ETHUSDT,2022-11-04 00:00:00+00:00,0.983429253373,0.8389
ETHUSDT,2022-11-05 00:00:00+00:00,0.974110789543,0.842
ETHUSDT,2022-11-06 00:00:00+00:00,0.945868392268,0.8514
ETHUSDT,2022-11-07 00:00:00+00:00,0.942143438964,0.8526
ETHUSDT,2022-11-08 00:00:00+00:00,0.817265124329,0.8942
ETHUSDT,2022-11-09 00:00:00+00:00,0.714886218033,0.9284
ETHUSDT,2022-11-10 00:00:00+00:00,0.835054741289,0.8883
ETHUSDT,2022-11-11 00:00:00+00:00,0.824395152713,0.8919
ETHUSDT,2022-11-12 00:00:00+00:00,0.808432866897,0.8972
ETHUSDT,2022-11-13 00:00:00+00:00,0.787975823257,0.904
ETHUSDT,2022-11-14 00:00:00+00:00,0.80174366079,0.8994
ETHUSDT,2022-11-15 00:00:00+00:00,0.809989809595,0.8967
ETHUSDT,2022-11-16 00:00:00+00:00,0.790435652792,0.9032
ETHUSDT,2022-11-17 00:00:00+00:00,0.782651508159,0.9058
ETHUSDT,2022-11-18 00:00:00+00:00,0.789572893501,0.9035
ETHUSDT,2022-11-19 00:00:00+00:00,0.795249533561,0.9016
ETHUSDT,2022-11-20 00:00:00+00:00,0.747962605363,0.9173
ETHUSDT,2022-11-21 00:00:00+00:00,0.728694828315,0.9238
ETHUSDT,2022-11-22 00:00:00+00:00,0.749178470875,0.9169
ETHUSDT,2022-11-23 00:00:00+00:00,0.782660127084,0.9058
ETHUSDT,2022-11-24 00:00:00+00:00,0.795488498993,0.9015
ETHUSDT,2022-11-25 00:00:00+00:00,0.793500582717,0.9022
ETHUSDT,2022-11-26 00:00:00+00:00,0.797158802359,0.9009
ETHUSDT,2022-11-27 00:00:00+00:00,0.792360222507,0.9025
ETHUSDT,2022-11-28 00:00:00+00:00,0.776093556617,0.908
ETHUSDT,2022-11-29 00:00:00+00:00,0.80552140879,0.8982
ETHUSDT,2022-11-30 00:00:00+00:00,0.852677461533,0.8824
ETHUSDT,2022-12-01 00:00:00+00:00,0.8392191371,0.8869
ETHUSDT,2022-12-02 00:00:00+00:00,0.849436271739,0.8835
ETHUSDT,2022-12-03 00:00:00+00:00,0.818085411382,0.894
ETHUSDT,2022-12-04 00:00:00+00:00,0.841748850499,0.8861
ETHUSDT,2022-12-05 00:00:00+00:00,0.829123423519,0.8903
ETHUSDT,2022-12-06 00:00:00+00:00,0.834852187791,0.8884
ETHUSDT,2022-12-07 00:00:00+00:00,0.810150335327,0.8966
ETHUSDT,2022-12-08 00:00:00+00:00,0.840044072494,0.8867
ETHUSDT,2022-12-09 00:00:00+00:00,0.829916795629,0.89
ETHUSDT,2022-12-10 00:00:00+00:00,0.83270760616,0.8891
ETHUSDT,2022-12-11 00:00:00+00:00,0.830551080132,0.8898
ETHUSDT,2022-12-12 00:00:00+00:00,0.836943534479,0.8877
ETHUSDT,2022-12-13 00:00:00+00:00,0.865837129863,0.8781
ETHUSDT,2022-12-14 00:00:00+00:00,0.858163679211,0.8806
ETHUSDT,2022-12-15 00:00:00+00:00,0.831946780758,0.8894
ETHUSDT,2022-12-16 00:00:00+00:00,0.773711748906,0.9088
ETHUSDT,2022-12-17 00:00:00+00:00,0.788530923041,0.9038
ETHUSDT,2022-12-18 00:00:00+00:00,0.788911395205,0.9037
ETHUSDT,2022-12-19 00:00:00+00:00,0.777389651984,0.9075
ETHUSDT,2022-12-20 00:00:00+00:00,0.808551206596,0.8971
ETHUSDT,2022-12-21 00:00:00+00:00,0.8057080071,0.8981
ETHUSDT,2022-12-22 00:00:00+00:00,0.808533062292,0.8972
ETHUSDT,2022-12-23 00:00:00+00:00,0.811961600651,0.896
ETHUSDT,2022-12-24 00:00:00+00:00,0.812103234474,0.896
ETHUSDT,2022-12-25 00:00:00+00:00,0.810416390467,0.8965
ETHUSDT,2022-12-26 00:00:00+00:00,0.814582873304,0.8951
ETHUSDT,2022-12-27 00:00:00+00:00,0.806833491648,0.8977
ETHUSDT,2022-12-28 00:00:00+00:00,0.792903590025,0.9024
ETHUSDT,2022-12-29 00:00:00+00:00,0.801456527302,0.8995
ETHUSDT,2022-12-30 00:00:00+00:00,0.800593267926,0.8998
ETHUSDT,2022-12-31 00:00:00+00:00,0.801256024125,0.8996
ETHUSDT,2023-01-01 00:00:00+00:00,0.804276161795,0.8986
ETHUSDT,2023-01-02 00:00:00+00:00,0.813642536858,0.8955
ETHUSDT,2023-01-03 00:00:00+00:00,0.813232066457,0.8956
ETHUSDT,2023-01-04 00:00:00+00:00,0.838466602499,0.8872
ETHUSDT,2023-01-05 00:00:00+00:00,0.835082207446,0.8883
ETHUSDT,2023-01-06 00:00:00+00:00,0.845719030776,0.8848
ETHUSDT,2023-01-07 00:00:00+00:00,0.841983275157,0.886
ETHUSDT,2023-01-08 00:00:00+00:00,0.854887323291,0.8817
ETHUSDT,2023-01-09 00:00:00+00:00,0.876079984169,0.8746
ETHUSDT,2023-01-10 00:00:00+00:00,0.885226984761,0.8716
ETHUSDT,2023-01-11 00:00:00+00:00,0.912329613617,0.8626
ETHUSDT,2023-01-12 00:00:00+00:00,0.933327786276,0.8556
ETHUSDT,2023-01-13 00:00:00+00:00,0.951605377873,0.8495
ETHUSDT,2023-01-14 00:00:00+00:00,1.011178324706,0.8296
ETHUSDT,2023-01-15 00:00:00+00:00,1.010706549237,0.8298
ETHUSDT,2023-01-16 00:00:00+00:00,1.023472567487,0.8255
ETHUSDT,2023-01-17 00:00:00+00:00,1.017808781308,0.8274
ETHUSDT,2023-01-18 00:00:00+00:00,0.987585722367,0.8375
ETHUSDT,2023-01-19 00:00:00+00:00,1.004798791336,0.8317
ETHUSDT,2023-01-20 00:00:00+00:00,1.06577495116,0.8114
ETHUSDT,2023-01-21 00:00:00+00:00,1.047323247192,0.8176
ETHUSDT,2023-01-22 00:00:00+00:00,1.046949461025,0.8177
ETHUSDT,2023-01-23 00:00:00+00:00,1.046550321063,0.8178
ETHUSDT,2023-01-24 00:00:00+00:00,1.002639933816,0.8325
ETHUSDT,2023-01-25 00:00:00+00:00,1.033054736032,0.8223
ETHUSDT,2023-01-26 00:00:00+00:00,1.029680747209,0.8234
ETHUSDT,2023-01-27 00:00:00+00:00,1.027282334434,0.8242
ETHUSDT,2023-01-28 00:00:00+00:00,1.011052641492,0.8296
ETHUSDT,2023-01-29 00:00:00+00:00,1.050660991346,0.8164
ETHUSDT,2023-01-30 00:00:00+00:00,1.004587534856,0.8318
ETHUSDT,2023-01-31 00:00:00+00:00,1.014968784965,0.8283
ETHUSDT,2023-02-01 00:00:00+00:00,1.046974172249,0.8177
ETHUSDT,2023-02-02 00:00:00+00:00,1.04863315802,0.8171
ETHUSDT,2023-02-03 00:00:00+00:00,1.058472560857,0.8138
ETHUSDT,2023-02-04 00:00:00+00:00,1.061263587673,0.8129
ETHUSDT,2023-02-05 00:00:00+00:00,1.037379845004,0.8209
ETHUSDT,2023-02-06 00:00:00+00:00,1.028827578105,0.8237
ETHUSDT,2023-02-07 00:00:00+00:00,1.061084571383,0.813
ETHUSDT,2023-02-08 00:00:00+00:00,1.047727336256,0.8174
ETHUSDT,2023-02-09 00:00:00+00:00,0.988964496252,0.837
ETHUSDT,2023-02-10 00:00:00+00:00,0.965671773336,0.8448
ETHUSDT,2023-02-11 00:00:00+00:00,0.981026059154,0.8397
ETHUSDT,2023-02-12 00:00:00+00:00,0.965871970915,0.8447
ETHUSDT,2023-02-13 00:00:00+00:00,0.962126546613,0.846
ETHUSDT,2023-02-14 00:00:00+00:00,0.991449034797,0.8362
ETHUSDT,2023-02-15 00:00:00+00:00,1.055848690206,0.8147
ETHUSDT,2023-02-16 00:00:00+00:00,1.038929310162,0.8204
ETHUSDT,2023-02-17 00:00:00+00:00,1.067263324075,0.8109
ETHUSDT,2023-02-18 00:00:00+00:00,1.064316147695,0.8119
ETHUSDT,2023-02-19 00:00:00+00:00,1.059821200692,0.8134
ETHUSDT,2023-02-20 00:00:00+00:00,1.069569114477,0.8101
ETHUSDT,2023-02-21 00:00:00+00:00,1.043540090693,0.8188
ETHUSDT,2023-02-22 00:00:00+00:00,1.035299294168,0.8216
ETHUSDT,2023-02-23 00:00:00+00:00,1.039405810967,0.8202
ETHUSDT,2023-02-24 00:00:00+00:00,1.016996201283,0.8277
ETHUSDT,2023-02-25 00:00:00+00:00,1.010473992041,0.8298
ETHUSDT,2023-02-26 00:00:00+00:00,1.034829913295,0.8217
ETHUSDT,2023-02-27 00:00:00+00:00,1.031598062192,0.8228
ETHUSDT,2023-02-28 00:00:00+00:00,1.015403600275,0.8282
ETHUSDT,2023-03-01 00:00:00+00:00,1.042701780437,0.8191
ETHUSDT,2023-03-02 00:00:00+00:00,1.034281000671,0.8219
ETHUSDT,2023-03-03 00:00:00+00:00,0.99018783893,0.8366
ETHUSDT,2023-03-04 00:00:00+00:00,0.988590635133,0.8371
ETHUSDT,2023-03-05 00:00:00+00:00,0.987402151623,0.8375
ETHUSDT,2023-03-06 00:00:00+00:00,0.989863683307,0.8367
ETHUSDT,2023-03-07 00:00:00+00:00,0.985863992424,0.838
ETHUSDT,2023-03-08 00:00:00+00:00,0.971574960145,0.8428
ETHUSDT,2023-03-09 00:00:00+00:00,0.916332822572,0.8612
ETHUSDT,2023-03-10 00:00:00+00:00,0.916628042033,0.8611
ETHUSDT,2023-03-11 00:00:00+00:00,0.944032449934,0.852
ETHUSDT,2023-03-12 00:00:00+00:00,1.007535120017,0.8308
ETHUSDT,2023-03-13 00:00:00+00:00,1.057541458189,0.8142
ETHUSDT,2023-03-14 00:00:00+00:00,1.072194457327,0.8093
ETHUSDT,2023-03-15 00:00:00+00:00,1.042214831224,0.8193
ETHUSDT,2023-03-16 00:00:00+00:00,1.053502183777,0.8155
ETHUSDT,2023-03-17 00:00:00+00:00,1.114481686115,0.7952
ETHUSDT,2023-03-18 00:00:00+00:00,1.098631339233,0.8005
ETHUSDT,2023-03-19 00:00:00+00:00,1.118952838426,0.7937
ETHUSDT,2023-03-20 00:00:00+00:00,1.081583557838,0.8061
ETHUSDT,2023-03-21 00:00:00+00:00,1.117792413795,0.7941
ETHUSDT,2023-03-22 00:00:00+00:00,1.07983282199,0.8067
ETHUSDT,2023-03-23 00:00:00+00:00,1.124169364759,0.7919
ETHUSDT,2023-03-24 00:00:00+00:00,1.085743143537,0.8048
ETHUSDT,2023-03-25 00:00:00+00:00,1.080988683074,0.8063
ETHUSDT,2023-03-26 00:00:00+00:00,1.101010754016,0.7997
ETHUSDT,2023-03-27 00:00:00+00:00,1.064175357484,0.8119
ETHUSDT,2023-03-28 00:00:00+00:00,1.09719088853,0.8009
ETHUSDT,2023-03-29 00:00:00+00:00,1.1072137744,0.7976
ETHUSDT,2023-03-30 00:00:00+00:00,1.105082033271,0.7983
ETHUSDT,2023-03-31 00:00:00+00:00,1.121004215258,0.793
ETHUSDT,2023-04-01 00:00:00+00:00,1.119787257568,0.7934
ETHUSDT,2023-04-02 00:00:00+00:00,1.104527307785,0.7985
ETHUSDT,2023-04-03 00:00:00+00:00,1.113221095039,0.7956
ETHUSDT,2023-04-04 00:00:00+00:00,1.142888851129,0.7857
ETHUSDT,2023-04-05 00:00:00+00:00,1.164360115837,0.7785
ETHUSDT,2023-04-06 00:00:00+00:00,1.142085574466,0.786
ETHUSDT,2023-04-07 00:00:00+00:00,1.138695219648,0.7871
ETHUSDT,2023-04-08 00:00:00+00:00,1.130420179034,0.7899
ETHUSDT,2023-04-09 00:00:00+00:00,1.135399016894,0.7882
ETHUSDT,2023-04-10 00:00:00+00:00,1.162323883641,0.7792
ETHUSDT,2023-04-11 00:00:00+00:00,1.150039563638,0.7833
ETHUSDT,2023-04-12 00:00:00+00:00,1.166899613577,0.7777
ETHUSDT,2023-04-13 00:00:00+00:00,1.236794111212,0.7544
ETHUSDT,2023-04-14 00:00:00+00:00,1.280443780192,0.7399
ETHUSDT,2023-04-15 00:00:00+00:00,1.257199275099,0.7476
ETHUSDT,2023-04-16 00:00:00+00:00,1.280949256311,0.7397
ETHUSDT,2023-04-17 00:00:00+00:00,1.266080249605,0.7446
ETHUSDT,2023-04-18 00:00:00+00:00,1.272464387279,0.7425
ETHUSDT,2023-04-19 00:00:00+00:00,1.180209945461,0.7733
ETHUSDT,2023-04-20 00:00:00+00:00,1.189001185487,0.7703
ETHUSDT,2023-04-21 00:00:00+00:00,1.143956693397,0.7853
ETHUSDT,2023-04-22 00:00:00+00:00,1.163183692355,0.7789
ETHUSDT,2023-04-23 00:00:00+00:00,1.160532359194,0.7798
ETHUSDT,2023-04-24 00:00:00+00:00,1.154681167363,0.7818
ETHUSDT,2023-04-25 00:00:00+00:00,1.163524163885,0.7788
ETHUSDT,2023-04-26 00:00:00+00:00,1.161761477339,0.7794
ETHUSDT,2023-04-27 00:00:00+00:00,1.182585349423,0.7725
ETHUSDT,2023-04-28 00:00:00+00:00,1.174488664706,0.7752
ETHUSDT,2023-04-29 00:00:00+00:00,1.179783460328,0.7734
ETHUSDT,2023-04-30 00:00:00+00:00,1.167872370965,0.7774
ETHUSDT,2023-05-01 00:00:00+00:00,1.135502020403,0.7882
ETHUSDT,2023-05-02 00:00:00+00:00,1.158875434642,0.7804
ETHUSDT,2023-05-03 00:00:00+00:00,1.176506935975,0.7745
ETHUSDT,2023-05-04 00:00:00+00:00,1.160330920074,0.7799
ETHUSDT,2023-05-05 00:00:00+00:00,1.220549404736,0.7598
ETHUSDT,2023-05-06 00:00:00+00:00,1.166227129193,0.7779
ETHUSDT,2023-05-07 00:00:00+00:00,1.168010131934,0.7773
ETHUSDT,2023-05-08 00:00:00+00:00,1.141602686815,0.7861
ETHUSDT,2023-05-09 00:00:00+00:00,1.143253247398,0.7856
ETHUSDT,2023-05-10 00:00:00+00:00,1.141727968356,0.7861
ETHUSDT,2023-05-11 00:00:00+00:00,1.117492618158,0.7942
ETHUSDT,2023-05-12 00:00:00+00:00,1.125769971514,0.7914
ETHUSDT,2023-05-13 00:00:00+00:00,1.122365518764,0.7925
ETHUSDT,2023-05-14 00:00:00+00:00,1.123806580642,0.7921
ETHUSDT,2023-05-15 00:00:00+00:00,1.13464153511,0.7885
ETHUSDT,2023-05-16 00:00:00+00:00,1.137530289087,0.7875
ETHUSDT,2023-05-17 00:00:00+00:00,1.139583751853,0.7868
ETHUSDT,2023-05-18 00:00:00+00:00,1.129941522772,0.79
ETHUSDT,2023-05-19 00:00:00+00:00,1.133419182912,0.7889
ETHUSDT,2023-05-20 00:00:00+00:00,1.137012819933,0.7877
ETHUSDT,2023-05-21 00:00:00+00:00,1.130371644797,0.7899
ETHUSDT,2023-05-22 00:00:00+00:00,1.137026105869,0.7877
ETHUSDT,2023-05-23 00:00:00+00:00,1.157415770914,0.7809
ETHUSDT,2023-05-24 00:00:00+00:00,1.126848295544,0.7911
ETHUSDT,2023-05-25 00:00:00+00:00,1.130372934504,0.7899
ETHUSDT,2023-05-26 00:00:00+00:00,1.139387169421,0.7869
ETHUSDT,2023-05-27 00:00:00+00:00,1.140078068606,0.7866
ETHUSDT,2023-05-28 00:00:00+00:00,1.18310549631,0.7723
ETHUSDT,2023-05-29 00:00:00+00:00,1.17004900622,0.7767
ETHUSDT,2023-05-30 00:00:00+00:00,1.170996804122,0.7763
ETHUSDT,2023-05-31 00:00:00+00:00,1.154448925818,0.7819
ETHUSDT,2023-06-01 00:00:00+00:00,1.151425435258,0.7829
ETHUSDT,2023-06-02 00:00:00+00:00,1.173499846915,0.7755
ETHUSDT,2023-06-03 00:00:00+00:00,1.163425598521,0.7789
ETHUSDT,2023-06-04 00:00:00+00:00,1.162760485389,0.7791
ETHUSDT,2023-06-05 00:00:00+00:00,1.117050579602,0.7943
ETHUSDT,2023-06-06 00:00:00+00:00,1.155542003609,0.7815
ETHUSDT,2023-06-07 00:00:00+00:00,1.128287989233,0.7906
ETHUSDT,2023-06-08 00:00:00+00:00,1.137840449761,0.7874
ETHUSDT,2023-06-09 00:00:00+00:00,1.133175232876,0.7889
ETHUSDT,2023-06-10 00:00:00+00:00,1.087641433307,0.8041
ETHUSDT,2023-06-11 00:00:00+00:00,1.089851517006,0.8034
ETHUSDT,2023-06-12 00:00:00+00:00,1.086535216597,0.8045
ETHUSDT,2023-06-13 00:00:00+00:00,1.086535920387,0.8045
ETHUSDT,2023-06-14 00:00:00+00:00,1.037512635711,0.8208
ETHUSDT,2023-06-15 00:00:00+00:00,1.048858123891,0.817
ETHUSDT,2023-06-16 00:00:00+00:00,1.079213598265,0.8069
ETHUSDT,2023-06-17 00:00:00+00:00,1.085975905811,0.8047
ETHUSDT,2023-06-18 00:00:00+00:00,1.081995341809,0.806
ETHUSDT,2023-06-19 00:00:00+00:00,1.089410090037,0.8035
ETHUSDT,2023-06-20 00:00:00+00:00,1.117183613256,0.7943
ETHUSDT,2023-06-21 00:00:00+00:00,1.170051346603,0.7766
ETHUSDT,2023-06-22 00:00:00+00:00,1.155649508058,0.7815
ETHUSDT,2023-06-23 00:00:00+00:00,1.161274925393,0.7796
ETHUSDT,2023-06-24 00:00:00+00:00,1.149083353952,0.7836
ETHUSDT,2023-06-25 00:00:00+00:00,1.15975933799,0.7801
ETHUSDT,2023-06-26 00:00:00+00:00,1.135570992705,0.7881
ETHUSDT,2023-06-27 00:00:00+00:00,1.151877631837,0.7827
ETHUSDT,2023-06-28 00:00:00+00:00,1.120475962425,0.7932
ETHUSDT,2023-06-29 00:00:00+00:00,1.134034577193,0.7887
ETHUSDT,2023-06-30 00:00:00+00:00,1.177182090708,0.7743
ETHUSDT,2023-07-01 00:00:00+00:00,1.169316099667,0.7769
ETHUSDT,2023-07-02 00:00:00+00:00,1.174331730921,0.7752
ETHUSDT,2023-07-03 00:00:00+00:00,1.178655712511,0.7738
ETHUSDT,2023-07-04 00:00:00+00:00,1.167773860101,0.7774
ETHUSDT,2023-07-05 00:00:00+00:00,1.153280951802,0.7822
ETHUSDT,2023-07-06 00:00:00+00:00,1.123266579428,0.7922
ETHUSDT,2023-07-07 00:00:00+00:00,1.133218379455,0.7889
ETHUSDT,2023-07-08 00:00:00+00:00,1.131850123768,0.7894
ETHUSDT,2023-07-09 00:00:00+00:00,1.132739257336,0.7891
ETHUSDT,2023-07-10 00:00:00+00:00,1.143425772667,0.7855
ETHUSDT,2023-07-11 00:00:00+00:00,1.142324053566,0.7859
ETHUSDT,2023-07-12 00:00:00+00:00,1.138983394061,0.787
ETHUSDT,2023-07-13 00:00:00+00:00,1.206042871113,0.7647
ETHUSDT,2023-07-14 00:00:00+00:00,1.167241376815,0.7776
ETHUSDT,2023-07-15 00:00:00+00:00,1.163129050199,0.779
ETHUSDT,2023-07-16 00:00:00+00:00,1.158803791116,0.7804
ETHUSDT,2023-07-17 00:00:00+00:00,1.151318954589,0.7829
ETHUSDT,2023-07-18 00:00:00+00:00,1.143547373549,0.7855
ETHUSDT,2023-07-19 00:00:00+00:00,1.141261389882,0.7862
ETHUSDT,2023-07-20 00:00:00+00:00,1.14339320592,0.7855
ETHUSDT,2023-07-21 00:00:00+00:00,1.14428920758,0.7852
ETHUSDT,2023-07-22 00:00:00+00:00,1.128570116816,0.7905
ETHUSDT,2023-07-23 00:00:00+00:00,1.143740235073,0.7854
ETHUSDT,2023-07-24 00:00:00+00:00,1.123805751491,0.7921
ETHUSDT,2023-07-25 00:00:00+00:00,1.129276098219,0.7902
ETHUSDT,2023-07-26 00:00:00+00:00,1.136872685278,0.7877
ETHUSDT,2023-07-27 00:00:00+00:00,1.130420341604,0.7899
ETHUSDT,2023-07-28 00:00:00+00:00,1.139723518603,0.7868
ETHUSDT,2023-07-29 00:00:00+00:00,1.141998914166,0.786
ETHUSDT,2023-07-30 00:00:00+00:00,1.131256432966,0.7896
ETHUSDT,2023-07-31 00:00:00+00:00,1.128153844015,0.7906
ETHUSDT,2023-08-01 00:00:00+00:00,1.134506263653,0.7885
ETHUSDT,2023-08-02 00:00:00+00:00,1.119063210448,0.7936
ETHUSDT,2023-08-03 00:00:00+00:00,1.118456223061,0.7938
ETHUSDT,2023-08-04 00:00:00+00:00,1.114753465528,0.7951
ETHUSDT,2023-08-05 00:00:00+00:00,1.120260050214,0.7932
ETHUSDT,2023-08-06 00:00:00+00:00,1.116120245859,0.7946
ETHUSDT,2023-08-07 00:00:00+00:00,1.116434827691,0.7945
ETHUSDT,2023-08-08 00:00:00+00:00,1.133203462233,0.7889
ETHUSDT,2023-08-09 00:00:00+00:00,1.132007068308,0.7893
ETHUSDT,2023-08-10 00:00:00+00:00,1.129323271924,0.7902
ETHUSDT,2023-08-11 00:00:00+00:00,1.126680596493,0.7911
ETHUSDT,2023-08-12 00:00:00+00:00,1.127002190268,0.791
ETHUSDT,2023-08-13 00:00:00+00:00,1.121439125989,0.7929
ETHUSDT,2023-08-14 00:00:00+00:00,1.124408514879,0.7919
ETHUSDT,2023-08-15 00:00:00+00:00,1.116007349337,0.7947
ETHUSDT,2023-08-16 00:00:00+00:00,1.106067742015,0.798
ETHUSDT,2023-08-17 00:00:00+00:00,1.044129442225,0.8186
ETHUSDT,2023-08-18 00:00:00+00:00,1.032728458677,0.8224
ETHUSDT,2023-08-19 00:00:00+00:00,1.041437479039,0.8195
ETHUSDT,2023-08-20 00:00:00+00:00,1.053022480913,0.8157
ETHUSDT,2023-08-21 00:00:00+00:00,1.048613296382,0.8171
ETHUSDT,2023-08-22 00:00:00+00:00,1.033068125683,0.8223
ETHUSDT,2023-08-23 00:00:00+00:00,1.061112019633,0.813
ETHUSDT,2023-08-24 00:00:00+00:00,1.050951218512,0.8163
ETHUSDT,2023-08-25 00:00:00+00:00,1.049488393641,0.8168
ETHUSDT,2023-08-26 00:00:00+00:00,1.046068683736,0.818
ETHUSDT,2023-08-27 00:00:00+00:00,1.052668599882,0.8158
ETHUSDT,2023-08-28 00:00:00+00:00,1.051806708,0.8161
ETHUSDT,2023-08-29 00:00:00+00:00,1.09339365627,0.8022
ETHUSDT,2023-08-30 00:00:00+00:00,1.079794100915,0.8067
ETHUSDT,2023-08-31 00:00:00+00:00,1.045395304101,0.8182
ETHUSDT,2023-09-01 00:00:00+00:00,1.036594905321,0.8211
ETHUSDT,2023-09-02 00:00:00+00:00,1.041633826549,0.8195
ETHUSDT,2023-09-03 00:00:00+00:00,1.041986727088,0.8193
ETHUSDT,2023-09-04 00:00:00+00:00,1.036715021493,0.8211
ETHUSDT,2023-09-05 00:00:00+00:00,1.041873340396,0.8194
ETHUSDT,2023-09-06 00:00:00+00:00,1.042642876305,0.8191
ETHUSDT,2023-09-07 00:00:00+00:00,1.050212262361,0.8166
ETHUSDT,2023-09-08 00:00:00+00:00,1.044833771106,0.8184
ETHUSDT,2023-09-09 00:00:00+00:00,1.043747556324,0.8188
ETHUSDT,2023-09-10 00:00:00+00:00,1.035128774352,0.8216
ETHUSDT,2023-09-11 00:00:00+00:00,1.002507474703,0.8325
ETHUSDT,2023-09-12 00:00:00+00:00,1.05517345708,0.8149
ETHUSDT,2023-09-13 00:00:00+00:00,1.065368320104,0.8115
ETHUSDT,2023-09-14 00:00:00+00:00,1.077566461857,0.8075
ETHUSDT,2023-09-15 00:00:00+00:00,1.086986634072,0.8043
ETHUSDT,2023-09-16 00:00:00+00:00,1.081011934736,0.8063
ETHUSDT,2023-09-17 00:00:00+00:00,1.072570560649,0.8091
ETHUSDT,2023-09-18 00:00:00+00:00,1.081797590539,0.8061
ETHUSDT,2023-09-19 00:00:00+00:00,1.084524870019,0.8052
ETHUSDT,2023-09-20 00:00:00+00:00,1.072350379772,0.8092
ETHUSDT,2023-09-21 00:00:00+00:00,1.050285716974,0.8166
ETHUSDT,2023-09-22 00:00:00+00:00,1.057103647035,0.8143
ETHUSDT,2023-09-23 00:00:00+00:00,1.05765183862,0.8141
ETHUSDT,2023-09-24 00:00:00+00:00,1.051943706415,0.816
ETHUSDT,2023-09-25 00:00:00+00:00,1.057275334454,0.8142
ETHUSDT,2023-09-26 00:00:00+00:00,1.061763541268,0.8127
ETHUSDT,2023-09-27 00:00:00+00:00,1.064779977129,0.8117
ETHUSDT,2023-09-28 00:00:00+00:00,1.098132199318,0.8006
ETHUSDT,2023-09-29 00:00:00+00:00,1.105444564886,0.7982
ETHUSDT,2023-09-30 00:00:00+00:00,1.104693725871,0.7984
ETHUSDT,2023-10-01 00:00:00+00:00,1.13786652983,0.7874
ETHUSDT,2023-10-02 00:00:00+00:00,1.094820050682,0.8017
ETHUSDT,2023-10-03 00:00:00+00:00,1.089829057162,0.8034
ETHUSDT,2023-10-04 00:00:00+00:00,1.084271145048,0.8052
ETHUSDT,2023-10-05 00:00:00+00:00,1.06382479416,0.8121
ETHUSDT,2023-10-06 00:00:00+00:00,1.084174764512,0.8053
ETHUSDT,2023-10-07 00:00:00+00:00,1.078253441922,0.8072
ETHUSDT,2023-10-08 00:00:00+00:00,1.079033410266,0.807
ETHUSDT,2023-10-09 00:00:00+00:00,1.049885994139,0.8167
ETHUSDT,2023-10-10 00:00:00+00:00,1.044621864061,0.8185
ETHUSDT,2023-10-11 00:00:00+00:00,1.044940454864,0.8184
ETHUSDT,2023-10-12 00:00:00+00:00,1.03106971382,0.823
ETHUSDT,2023-10-13 00:00:00+00:00,1.040885337731,0.8197
ETHUSDT,2023-10-14 00:00:00+00:00,1.046083306346,0.818
ETHUSDT,2023-10-15 00:00:00+00:00,1.048015762438,0.8173
ETHUSDT,2023-10-16 00:00:00+00:00,1.075690440317,0.8081
ETHUSDT,2023-10-17 00:00:00+00:00,1.053861656128,0.8154
ETHUSDT,2023-10-18 00:00:00+00:00,1.053214253841,0.8156
ETHUSDT,2023-10-19 00:00:00+00:00,1.054657825184,0.8151
ETHUSDT,2023-10-20 00:00:00+00:00,1.077340675588,0.8076
ETHUSDT,2023-10-21 00:00:00+00:00,1.089883795427,0.8034
ETHUSDT,2023-10-22 00:00:00+00:00,1.108389718946,0.7972
ETHUSDT,2023-10-23 00:00:00+00:00,1.163271545372,0.7789
ETHUSDT,2023-10-24 00:00:00+00:00,1.169752403846,0.7767
ETHUSDT,2023-10-25 00:00:00+00:00,1.164696874767,0.7784
ETHUSDT,2023-10-26 00:00:00+00:00,1.169338863439,0.7769
ETHUSDT,2023-10-27 00:00:00+00:00,1.150824760616,0.7831
ETHUSDT,2023-10-28 00:00:00+00:00,1.144203287,0.7853
ETHUSDT,2023-10-29 00:00:00+00:00,1.153259692296,0.7822
ETHUSDT,2023-10-30 00:00:00+00:00,1.156145236002,0.7813
ETHUSDT,2023-10-31 00:00:00+00:00,1.155212602531,0.7816
ETHUSDT,2023-11-01 00:00:00+00:00,1.171735182741,0.7761
ETHUSDT,2023-11-02 00:00:00+00:00,1.144807563064,0.7851
ETHUSDT,2023-11-03 00:00:00+00:00,1.163068663472,0.779
ETHUSDT,2023-11-04 00:00:00+00:00,1.176166848225,0.7746
ETHUSDT,2023-11-05 00:00:00+00:00,1.194616778942,0.7685
ETHUSDT,2023-11-06 00:00:00+00:00,1.193177513788,0.7689
ETHUSDT,2023-11-07 00:00:00+00:00,1.184161865554,0.7719
ETHUSDT,2023-11-08 00:00:00+00:00,1.185943141178,0.7714
ETHUSDT,2023-11-09 00:00:00+00:00,1.299757922809,0.7334
ETHUSDT,2023-11-10 00:00:00+00:00,1.271403282763,0.7429
ETHUSDT,2023-11-11 00:00:00+00:00,1.246900913777,0.751
ETHUSDT,2023-11-12 00:00:00+00:00,1.241568582719,0.7528
ETHUSDT,2023-11-13 00:00:00+00:00,1.245996918728,0.7513
ETHUSDT,2023-11-14 00:00:00+00:00,1.200604380174,0.7665
ETHUSDT,2023-11-15 00:00:00+00:00,1.236746466134,0.7544
ETHUSDT,2023-11-16 00:00:00+00:00,1.185270904915,0.7716
ETHUSDT,2023-11-17 00:00:00+00:00,1.186417523283,0.7712
ETHUSDT,2023-11-18 00:00:00+00:00,1.190519558643,0.7698
ETHUSDT,2023-11-19 00:00:00+00:00,1.217117869056,0.761
ETHUSDT,2023-11-20 00:00:00+00:00,1.223907734524,0.7587
ETHUSDT,2023-11-21 00:00:00+00:00,1.18210219359,0.7726
ETHUSDT,2023-11-22 00:00:00+00:00,1.245928564884,0.7514
ETHUSDT,2023-11-23 00:00:00+00:00,1.243141007245,0.7523
ETHUSDT,2023-11-24 00:00:00+00:00,1.248484148464,0.7505
ETHUSDT,2023-11-25 00:00:00+00:00,1.248270848609,0.7506
ETHUSDT,2023-11-26 00:00:00+00:00,1.236028075668,0.7547
ETHUSDT,2023-11-27 00:00:00+00:00,1.215186689238,0.7616
ETHUSDT,2023-11-28 00:00:00+00:00,1.224756321879,0.7584
ETHUSDT,2023-11-29 00:00:00+00:00,1.212672156229,0.7624
ETHUSDT,2023-11-30 00:00:00+00:00,1.223874767351,0.7587
ETHUSDT,2023-12-01 00:00:00+00:00,1.241784484805,0.7527
ETHUSDT,2023-12-02 00:00:00+00:00,1.281465457775,0.7395
ETHUSDT,2023-12-03 00:00:00+00:00,1.292827597774,0.7357
ETHUSDT,2023-12-04 00:00:00+00:00,1.309614711825,0.7301
ETHUSDT,2023-12-05 00:00:00+00:00,1.328705368187,0.7238
ETHUSDT,2023-12-06 00:00:00+00:00,1.288651079075,0.7371
ETHUSDT,2023-12-07 00:00:00+00:00,1.341530040191,0.7195
ETHUSDT,2023-12-08 00:00:00+00:00,1.335529496554,0.7215
ETHUSDT,2023-12-09 00:00:00+00:00,1.32104155362,0.7263
ETHUSDT,2023-12-10 00:00:00+00:00,1.321360208152,0.7262
ETHUSDT,2023-12-11 00:00:00+00:00,1.256471026939,0.7478
ETHUSDT,2023-12-12 00:00:00+00:00,1.248177804981,0.7506
ETHUSDT,2023-12-13 00:00:00+00:00,1.276902564938,0.741
ETHUSDT,2023-12-14 00:00:00+00:00,1.305006002712,0.7317
ETHUSDT,2023-12-15 00:00:00+00:00,1.256558477297,0.7478
ETHUSDT,2023-12-16 00:00:00+00:00,1.260524980355,0.7465
ETHUSDT,2023-12-17 00:00:00+00:00,1.250951842478,0.7497
ETHUSDT,2023-12-18 00:00:00+00:00,1.261900884323,0.746
ETHUSDT,2023-12-19 00:00:00+00:00,1.240167654606,0.7533
ETHUSDT,2023-12-20 00:00:00+00:00,1.250240028782,0.7499
ETHUSDT,2023-12-21 00:00:00+00:00,1.270989811663,0.743
ETHUSDT,2023-12-22 00:00:00+00:00,1.309480585008,0.7302
ETHUSDT,2023-12-23 00:00:00+00:00,1.297865171528,0.734
ETHUSDT,2023-12-24 00:00:00+00:00,1.275170801645,0.7416
ETHUSDT,2023-12-25 00:00:00+00:00,1.276789921027,0.7411
ETHUSDT,2023-12-26 00:00:00+00:00,1.253094477661,0.749
ETHUSDT,2023-12-27 00:00:00+00:00,1.323454776298,0.7255
ETHUSDT,2023-12-28 00:00:00+00:00,1.303573527538,0.7321
ETHUSDT,2023-12-29 00:00:00+00:00,1.27272742886,0.7424
ETHUSDT,2023-12-30 00:00:00+00:00,1.272471889989,0.7425
ETHUSDT,2023-12-31 00:00:00+00:00,1.265030041944,0.745
ETHUSDT,2024-01-01 00:00:00+00:00,1.296719030761,0.7344
ETHUSDT,2024-01-02 00:00:00+00:00,1.298448337187,0.7339
ETHUSDT,2024-01-03 00:00:00+00:00,1.225446739322,0.7582
ETHUSDT,2024-01-04 00:00:00+00:00,1.254934297516,0.7484
ETHUSDT,2024-01-05 00:00:00+00:00,1.252936437664,0.749
ETHUSDT,2024-01-06 00:00:00+00:00,1.239189017329,0.7536
ETHUSDT,2024-01-07 00:00:00+00:00,1.230346254174,0.7566
ETHUSDT,2024-01-08 00:00:00+00:00,1.285380553093,0.7382
ETHUSDT,2024-01-09 00:00:00+00:00,1.288006036536,0.7373
ETHUSDT,2024-01-10 00:00:00+00:00,1.398758991106,0.7004
ETHUSDT,2024-01-11 00:00:00+00:00,1.398165610252,0.7006
ETHUSDT,2024-01-12 00:00:00+00:00,1.345366677865,0.7182
ETHUSDT,2024-01-13 00:00:00+00:00,1.366660929593,0.7111
ETHUSDT,2024-01-14 00:00:00+00:00,1.312651512519,0.7291
ETHUSDT,2024-01-15 00:00:00+00:00,1.32378505921,0.7254
ETHUSDT,2024-01-16 00:00:00+00:00,1.35335697909,0.7155
ETHUSDT,2024-01-17 00:00:00+00:00,1.319144798873,0.727
ETHUSDT,2024-01-18 00:00:00+00:00,1.294832471424,0.7351
ETHUSDT,2024-01-19 00:00:00+00:00,1.307751445785,0.7307
ETHUSDT,2024-01-20 00:00:00+00:00,1.299074055667,0.7336
ETHUSDT,2024-01-21 00:00:00+00:00,1.293855724701,0.7354
ETHUSDT,2024-01-22 00:00:00+00:00,1.231293585299,0.7562
ETHUSDT,2024-01-23 00:00:00+00:00,1.202481538145,0.7658
ETHUSDT,2024-01-24 00:00:00+00:00,1.207390268893,0.7642
ETHUSDT,2024-01-25 00:00:00+00:00,1.206067406852,0.7646
ETHUSDT,2024-01-26 00:00:00+00:00,1.234242952006,0.7553
ETHUSDT,2024-01-27 00:00:00+00:00,1.239397480737,0.7535
ETHUSDT,2024-01-28 00:00:00+00:00,1.238185196053,0.7539
ETHUSDT,2024-01-29 00:00:00+00:00,1.268526037083,0.7438
ETHUSDT,2024-01-30 00:00:00+00:00,1.28308940624,0.739
ETHUSDT,2024-01-31 00:00:00+00:00,1.25048737781,0.7498
ETHUSDT,2024-02-01 00:00:00+00:00,1.257368037926,0.7475
ETHUSDT,2024-02-02 00:00:00+00:00,1.259516652591,0.7468
ETHUSDT,2024-02-03 00:00:00+00:00,1.25217286773,0.7493
ETHUSDT,2024-02-04 00:00:00+00:00,1.248067540167,0.7506
ETHUSDT,2024-02-05 00:00:00+00:00,1.252297782244,0.7492
ETHUSDT,2024-02-06 00:00:00+00:00,1.28758412469,0.7375
ETHUSDT,2024-02-07 00:00:00+00:00,1.306559315001,0.7311
ETHUSDT,2024-02-08 00:00:00+00:00,1.301214159611,0.7329
ETHUSDT,2024-02-09 00:00:00+00:00,1.328635060211,0.7238
ETHUSDT,2024-02-10 00:00:00+00:00,1.327217914799,0.7243
ETHUSDT,2024-02-11 00:00:00+00:00,1.324527427294,0.7252
ETHUSDT,2024-02-12 00:00:00+00:00,1.384206208787,0.7053
ETHUSDT,2024-02-13 00:00:00+00:00,1.366287116714,0.7112
ETHUSDT,2024-02-14 00:00:00+00:00,1.412884877623,0.6957
ETHUSDT,2024-02-15 00:00:00+00:00,1.421352188692,0.6929
ETHUSDT,2024-02-16 00:00:00+00:00,1.400070738839,0.7
ETHUSDT,2024-02-17 00:00:00+00:00,1.386165130135,0.7046
ETHUSDT,2024-02-18 00:00:00+00:00,1.417111852234,0.6943
ETHUSDT,2024-02-19 00:00:00+00:00,1.435039686899,0.6883
ETHUSDT,2024-02-20 00:00:00+00:00,1.451406690636,0.6829
ETHUSDT,2024-02-21 00:00:00+00:00,1.421176896567,0.6929
ETHUSDT,2024-02-22 00:00:00+00:00,1.417723689474,0.6941
ETHUSDT,2024-02-23 00:00:00+00:00,1.393199636223,0.7023
ETHUSDT,2024-02-24 00:00:00+00:00,1.417007813987,0.6943
ETHUSDT,2024-02-25 00:00:00+00:00,1.46250740699,0.6792
ETHUSDT,2024-02-26 00:00:00+00:00,1.476642594347,0.6745
ETHUSDT,2024-02-27 00:00:00+00:00,1.490694954335,0.6698
ETHUSDT,2024-02-28 00:00:00+00:00,1.529719200326,0.6568
ETHUSDT,2024-02-29 00:00:00+00:00,1.506115394024,0.6646
ETHUSDT,2024-03-01 00:00:00+00:00,1.525583639569,0.6581
ETHUSDT,2024-03-02 00:00:00+00:00,1.50643142499,0.6645
ETHUSDT,2024-03-03 00:00:00+00:00,1.518525538509,0.6605
ETHUSDT,2024-03-04 00:00:00+00:00,1.558428332525,0.6472
ETHUSDT,2024-03-05 00:00:00+00:00,1.514204183112,0.6619
ETHUSDT,2024-03-06 00:00:00+00:00,1.589004016746,0.637
ETHUSDT,2024-03-07 00:00:00+00:00,1.591954354158,0.636
ETHUSDT,2024-03-08 00:00:00+00:00,1.587773606236,0.6374
ETHUSDT,2024-03-09 00:00:00+00:00,1.58191716258,0.6394
ETHUSDT,2024-03-10 00:00:00+00:00,1.557037626044,0.6477
ETHUSDT,2024-03-11 00:00:00+00:00,1.593187158502,0.6356
ETHUSDT,2024-03-12 00:00:00+00:00,1.546056856813,0.6513
ETHUSDT,2024-03-13 00:00:00+00:00,1.542020815692,0.6527
ETHUSDT,2024-03-14 00:00:00+00:00,1.495278945346,0.6682
ETHUSDT,2024-03-15 00:00:00+00:00,1.447308248492,0.6842
ETHUSDT,2024-03-16 00:00:00+00:00,1.377867069469,0.7074
ETHUSDT,2024-03-17 00:00:00+00:00,1.421702433275,0.6928
ETHUSDT,2024-03-18 00:00:00+00:00,1.394610544132,0.7018
ETHUSDT,2024-03-19 00:00:00+00:00,1.280941441222,0.7397
ETHUSDT,2024-03-20 00:00:00+00:00,1.415137146509,0.695
ETHUSDT,2024-03-21 00:00:00+00:00,1.411642495293,0.6961
ETHUSDT,2024-03-22 00:00:00+00:00,1.359857932654,0.7134
ETHUSDT,2024-03-23 00:00:00+00:00,1.381717784149,0.7061
ETHUSDT,2024-03-24 00:00:00+00:00,1.422372225756,0.6925
ETHUSDT,2024-03-25 00:00:00+00:00,1.470552372141,0.6765
ETHUSDT,2024-03-26 00:00:00+00:00,1.465584771985,0.6781
ETHUSDT,2024-03-27 00:00:00+00:00,1.42982601188,0.6901
ETHUSDT,2024-03-28 00:00:00+00:00,1.447599462436,0.6841
ETHUSDT,2024-03-29 00:00:00+00:00,1.429872423381,0.69
ETHUSDT,2024-03-30 00:00:00+00:00,1.424256497438,0.6919
ETHUSDT,2024-03-31 00:00:00+00:00,1.467171164405,0.6776
ETHUSDT,2024-04-01 00:00:00+00:00,1.415932402349,0.6947
ETHUSDT,2024-04-02 00:00:00+00:00,1.33930753485,0.7202
ETHUSDT,2024-04-03 00:00:00+00:00,1.357905003229,0.714
ETHUSDT,2024-04-04 00:00:00+00:00,1.36540294484,0.7115
ETHUSDT,2024-04-05 00:00:00+00:00,1.367880951594,0.7107
ETHUSDT,2024-04-06 00:00:00+00:00,1.387309316035,0.7042
ETHUSDT,2024-04-07 00:00:00+00:00,1.416630774805,0.6945
ETHUSDT,2024-04-08 00:00:00+00:00,1.500833220103,0.6664
ETHUSDT,2024-04-09 00:00:00+00:00,1.431249165637,0.6896
ETHUSDT,2024-04-10 00:00:00+00:00,1.44369589165,0.6854
ETHUSDT,2024-04-11 00:00:00+00:00,1.427860072139,0.6907
ETHUSDT,2024-04-12 00:00:00+00:00,1.331628607213,0.7228
ETHUSDT,2024-04-13 00:00:00+00:00,1.260997344116,0.7463
ETHUSDT,2024-04-14 00:00:00+00:00,1.31233022592,0.7292
ETHUSDT,2024-04-15 00:00:00+00:00,1.298207064861,0.7339
ETHUSDT,2024-04-16 00:00:00+00:00,1.299806805103,0.7334
ETHUSDT,2024-04-17 00:00:00+00:00,1.2714412954,0.7429
ETHUSDT,2024-04-18 00:00:00+00:00,1.30931757466,0.7302
ETHUSDT,2024-04-19 00:00:00+00:00,1.312965450968,0.729
ETHUSDT,2024-04-20 00:00:00+00:00,1.355937770075,0.7147
ETHUSDT,2024-04-21 00:00:00+00:00,1.352893303647,0.7157
ETHUSDT,2024-04-22 00:00:00+00:00,1.37234339379,0.7092
ETHUSDT,2024-04-23 00:00:00+00:00,1.37506136604,0.7083
ETHUSDT,2024-04-24 00:00:00+00:00,1.342206758108,0.7193
ETHUSDT,2024-04-25 00:00:00+00:00,1.350175272041,0.7166
ETHUSDT,2024-04-26 00:00:00+00:00,1.337490815311,0.7208
ETHUSDT,2024-04-27 00:00:00+00:00,1.379411804457,0.7069
ETHUSDT,2024-04-28 00:00:00+00:00,1.379598194274,0.7068
ETHUSDT,2024-04-29 00:00:00+00:00,1.36113590155,0.713
ETHUSDT,2024-04-30 00:00:00+00:00,1.285860743622,0.738
ETHUSDT,2024-05-01 00:00:00+00:00,1.274329954251,0.7419
ETHUSDT,2024-05-02 00:00:00+00:00,1.285903541135,0.738
ETHUSDT,2024-05-03 00:00:00+00:00,1.332534732186,0.7225
ETHUSDT,2024-05-04 00:00:00+00:00,1.336508045027,0.7212
ETHUSDT,2024-05-05 00:00:00+00:00,1.345308060943,0.7182
ETHUSDT,2024-05-06 00:00:00+00:00,1.321075342486,0.7263
ETHUSDT,2024-05-07 00:00:00+00:00,1.305352821626,0.7315
ETHUSDT,2024-05-08 00:00:00+00:00,1.291192033974,0.7363
ETHUSDT,2024-05-09 00:00:00+00:00,1.315753688256,0.7281
ETHUSDT,2024-05-10 00:00:00+00:00,1.269414827182,0.7435
ETHUSDT,2024-05-11 00:00:00+00:00,1.271771602779,0.7427
ETHUSDT,2024-05-12 00:00:00+00:00,1.282599961366,0.7391
ETHUSDT,2024-05-13 00:00:00+00:00,1.29179722101,0.7361
ETHUSDT,2024-05-14 00:00:00+00:00,1.270059502326,0.7433
ETHUSDT,2024-05-15 00:00:00+00:00,1.328933770552,0.7237
ETHUSDT,2024-05-16 00:00:00+00:00,1.295266607654,0.7349
ETHUSDT,2024-05-17 00:00:00+00:00,1.351503116473,0.7162
ETHUSDT,2024-05-18 00:00:00+00:00,1.360896553298,0.713
ETHUSDT,2024-05-19 00:00:00+00:00,1.337750849254,0.7207
ETHUSDT,2024-05-20 00:00:00+00:00,1.54572926357,0.6514
ETHUSDT,2024-05-21 00:00:00+00:00,1.561184609847,0.6463
ETHUSDT,2024-05-22 00:00:00+00:00,1.521325285394,0.6596
ETHUSDT,2024-05-23 00:00:00+00:00,1.511428821328,0.6629
ETHUSDT,2024-05-24 00:00:00+00:00,1.483050032331,0.6723
ETHUSDT,2024-05-25 00:00:00+00:00,1.475632917387,0.6748
ETHUSDT,2024-05-26 00:00:00+00:00,1.488841239735,0.6704
ETHUSDT,2024-05-27 00:00:00+00:00,1.494326128999,0.6686
ETHUSDT,2024-05-28 00:00:00+00:00,1.46986136136,0.6767
ETHUSDT,2024-05-29 00:00:00+00:00,1.440224849497,0.6866
ETHUSDT,2024-05-30 00:00:00+00:00,1.424756340851,0.6917
ETHUSDT,2024-05-31 00:00:00+00:00,1.425364904263,0.6915
ETHUSDT,2024-06-01 00:00:00+00:00,1.444123256553,0.6853
ETHUSDT,2024-06-02 00:00:00+00:00,1.43123684489,0.6896
ETHUSDT,2024-06-03 00:00:00+00:00,1.42602534035,0.6913
ETHUSDT,2024-06-04 00:00:00+00:00,1.440697296918,0.6864
ETHUSDT,2024-06-05 00:00:00+00:00,1.456458922365,0.6812
ETHUSDT,2024-06-06 00:00:00+00:00,1.438394080543,0.6872
ETHUSDT,2024-06-07 00:00:00+00:00,1.395003105774,0.7017
ETHUSDT,2024-06-08 00:00:00+00:00,1.395896742578,0.7014
ETHUSDT,2024-06-09 00:00:00+00:00,1.405732864333,0.6981
ETHUSDT,2024-06-10 00:00:00+00:00,1.395495661703,0.7015
ETHUSDT,2024-06-11 00:00:00+00:00,1.340189823057,0.7199
ETHUSDT,2024-06-12 00:00:00+00:00,1.365299273486,0.7116
ETHUSDT,2024-06-13 00:00:00+00:00,1.340901355424,0.7197
ETHUSDT,2024-06-14 00:00:00+00:00,1.350058186293,0.7166
ETHUSDT,2024-06-15 00:00:00+00:00,1.383460960521,0.7055
ETHUSDT,2024-06-16 00:00:00+00:00,1.40359223054,0.6988
ETHUSDT,2024-06-17 00:00:00+00:00,1.368730605123,0.7104
ETHUSDT,2024-06-18 00:00:00+00:00,1.361972555409,0.7127
ETHUSDT,2024-06-19 00:00:00+00:00,1.391319559631,0.7029
ETHUSDT,2024-06-20 00:00:00+00:00,1.374954257975,0.7083
ETHUSDT,2024-06-21 00:00:00+00:00,1.376712831273,0.7078
ETHUSDT,2024-06-22 00:00:00+00:00,1.367989058006,0.7107
ETHUSDT,2024-06-23 00:00:00+00:00,1.341485220926,0.7195
ETHUSDT,2024-06-24 00:00:00+00:00,1.321167969316,0.7263
ETHUSDT,2024-06-25 00:00:00+00:00,1.341220871063,0.7196
ETHUSDT,2024-06-26 00:00:00+00:00,1.335394171623,0.7215
ETHUSDT,2024-06-27 00:00:00+00:00,1.360523680113,0.7132
ETHUSDT,2024-06-28 00:00:00+00:00,1.337408737292,0.7209
ETHUSDT,2024-06-29 00:00:00+00:00,1.339436873695,0.7202
ETHUSDT,2024-06-30 00:00:00+00:00,1.361331704827,0.7129
ETHUSDT,2024-07-01 00:00:00+00:00,1.361598346419,0.7128
ETHUSDT,2024-07-02 00:00:00+00:00,1.35678267542,0.7144
ETHUSDT,2024-07-03 00:00:00+00:00,1.316053679528,0.728
ETHUSDT,2024-07-04 00:00:00+00:00,1.246512677259,0.7512
ETHUSDT,2024-07-05 00:00:00+00:00,1.220914691587,0.7597
ETHUSDT,2024-07-06 00:00:00+00:00,1.256464386207,0.7478
ETHUSDT,2024-07-07 00:00:00+00:00,1.213418410901,0.7622
ETHUSDT,2024-07-08 00:00:00+00:00,1.252647359441,0.7491
ETHUSDT,2024-07-09 00:00:00+00:00,1.274239451761,0.7419
ETHUSDT,2024-07-10 00:00:00+00:00,1.293526185163,0.7355
ETHUSDT,2024-07-11 00:00:00+00:00,1.298312425957,0.7339
ETHUSDT,2024-07-12 00:00:00+00:00,1.312266147124,0.7292
ETHUSDT,2024-07-13 00:00:00+00:00,1.332185934559,0.7226
ETHUSDT,2024-07-14 00:00:00+00:00,1.35563246782,0.7148
ETHUSDT,2024-07-15 00:00:00+00:00,1.429249377737,0.6903
ETHUSDT,2024-07-16 00:00:00+00:00,1.40202288654,0.6993
ETHUSDT,2024-07-17 00:00:00+00:00,1.375965390489,0.708
ETHUSDT,2024-07-18 00:00:00+00:00,1.382115547868,0.706
ETHUSDT,2024-07-19 00:00:00+00:00,1.401326176363,0.6996
ETHUSDT,2024-07-20 00:00:00+00:00,1.396387537149,0.7012
ETHUSDT,2024-07-21 00:00:00+00:00,1.391067590184,0.703
ETHUSDT,2024-07-22 00:00:00+00:00,1.353848979336,0.7154
ETHUSDT,2024-07-23 00:00:00+00:00,1.364162320053,0.7119
ETHUSDT,2024-07-24 00:00:00+00:00,1.31241797906,0.7292
ETHUSDT,2024-07-25 00:00:00+00:00,1.261305281482,0.7462
ETHUSDT,2024-07-26 00:00:00+00:00,1.300269266377,0.7332
ETHUSDT,2024-07-27 00:00:00+00:00,1.29420638634,0.7353
ETHUSDT,2024-07-28 00:00:00+00:00,1.303869014459,0.732
ETHUSDT,2024-07-29 00:00:00+00:00,1.325161560284,0.7249
ETHUSDT,2024-07-30 00:00:00+00:00,1.312365258323,0.7292
ETHUSDT,2024-07-31 00:00:00+00:00,1.299885681819,0.7334
ETHUSDT,2024-08-01 00:00:00+00:00,1.294333602805,0.7352
ETHUSDT,2024-08-02 00:00:00+00:00,1.222196076687,0.7593
ETHUSDT,2024-08-03 00:00:00+00:00,1.197022941584,0.7677
ETHUSDT,2024-08-04 00:00:00+00:00,1.12820082057,0.7906
ETHUSDT,2024-08-05 00:00:00+00:00,1.046894790133,0.8177
ETHUSDT,2024-08-06 00:00:00+00:00,1.070994088413,0.8097
ETHUSDT,2024-08-07 00:00:00+00:00,1.04334034342,0.8189
ETHUSDT,2024-08-08 00:00:00+00:00,1.188286179574,0.7706
ETHUSDT,2024-08-09 00:00:00+00:00,1.161165048715,0.7796
ETHUSDT,2024-08-10 00:00:00+00:00,1.176313250236,0.7746
ETHUSDT,2024-08-11 00:00:00+00:00,1.164092891634,0.7786
ETHUSDT,2024-08-12 00:00:00+00:00,1.235507247223,0.7548
ETHUSDT,2024-08-13 00:00:00+00:00,1.225075803544,0.7583
ETHUSDT,2024-08-14 00:00:00+00:00,1.208075291241,0.764
ETHUSDT,2024-08-15 00:00:00+00:00,1.169434674384,0.7769
ETHUSDT,2024-08-16 00:00:00+00:00,1.174637752156,0.7751
ETHUSDT,2024-08-17 00:00:00+00:00,1.182159792005,0.7726
ETHUSDT,2024-08-18 00:00:00+00:00,1.187311957234,0.7709
ETHUSDT,2024-08-19 00:00:00+00:00,1.189848342029,0.7701
ETHUSDT,2024-08-20 00:00:00+00:00,1.168464899842,0.7772
ETHUSDT,2024-08-21 00:00:00+00:00,1.190075793659,0.77
ETHUSDT,2024-08-22 00:00:00+00:00,1.188829295781,0.7704
ETHUSDT,2024-08-23 00:00:00+00:00,1.241550265704,0.7528
ETHUSDT,2024-08-24 00:00:00+00:00,1.236549839342,0.7545
ETHUSDT,2024-08-25 00:00:00+00:00,1.232327033286,0.7559
ETHUSDT,2024-08-26 00:00:00+00:00,1.202019879745,0.766
ETHUSDT,2024-08-27 00:00:00+00:00,1.115553509223,0.7948
ETHUSDT,2024-08-28 00:00:00+00:00,1.145344891524,0.7849
ETHUSDT,2024-08-29 00:00:00+00:00,1.145887200398,0.7847
ETHUSDT,2024-08-30 00:00:00+00:00,1.147529148705,0.7842
ETHUSDT,2024-08-31 00:00:00+00:00,1.144168919039,0.7853
ETHUSDT,2024-09-01 00:00:00+00:00,1.112580999502,0.7958
ETHUSDT,2024-09-02 00:00:00+00:00,1.16401176706,0.7787
ETHUSDT,2024-09-03 00:00:00+00:00,1.128672126055,0.7904
ETHUSDT,2024-09-04 00:00:00+00:00,1.138558646498,0.7871
ETHUSDT,2024-09-05 00:00:00+00:00,1.106758623594,0.7977
ETHUSDT,2024-09-06 00:00:00+00:00,1.0525684669,0.8158
ETHUSDT,2024-09-07 00:00:00+00:00,1.078273407525,0.8072
ETHUSDT,2024-09-08 00:00:00+00:00,1.095228013983,0.8016
ETHUSDT,2024-09-09 00:00:00+00:00,1.125496449016,0.7915
ETHUSDT,2024-09-10 00:00:00+00:00,1.142796808729,0.7857
ETHUSDT,2024-09-11 00:00:00+00:00,1.125666373577,0.7914
ETHUSDT,2024-09-12 00:00:00+00:00,1.136793078119,0.7877
ETHUSDT,2024-09-13 00:00:00+00:00,1.171384484891,0.7762
ETHUSDT,2024-09-14 00:00:00+00:00,1.159707704065,0.7801
ETHUSDT,2024-09-15 00:00:00+00:00,1.115370289006,0.7949
ETHUSDT,2024-09-16 00:00:00+00:00,1.106154882221,0.7979
ETHUSDT,2024-09-17 00:00:00+00:00,1.124357049509,0.7919
ETHUSDT,2024-09-18 00:00:00+00:00,1.133902068883,0.7887
ETHUSDT,2024-09-19 00:00:00+00:00,1.178747113755,0.7738
ETHUSDT,2024-09-20 00:00:00+00:00,1.211736999552,0.7628
ETHUSDT,2024-09-21 00:00:00+00:00,1.228687989267,0.7571
ETHUSDT,2024-09-22 00:00:00+00:00,1.216032429959,0.7613
ETHUSDT,2024-09-23 00:00:00+00:00,1.239138650531,0.7536
ETHUSDT,2024-09-24 00:00:00+00:00,1.235850134244,0.7547
ETHUSDT,2024-09-25 00:00:00+00:00,1.197919169184,0.7674
ETHUSDT,2024-09-26 00:00:00+00:00,1.215335033427,0.7616
ETHUSDT,2024-09-27 00:00:00+00:00,1.236513276919,0.7545
ETHUSDT,2024-09-28 00:00:00+00:00,1.222292400726,0.7592
ETHUSDT,2024-09-29 00:00:00+00:00,1.212589038221,0.7625
ETHUSDT,2024-09-30 00:00:00+00:00,1.187956830369,0.7707
ETHUSDT,2024-10-01 00:00:00+00:00,1.131680451655,0.7894
ETHUSDT,2024-10-02 00:00:00+00:00,1.102536273859,0.7992
ETHUSDT,2024-10-03 00:00:00+00:00,1.100385701649,0.7999
ETHUSDT,2024-10-04 00:00:00+00:00,1.130987485668,0.7897
ETHUSDT,2024-10-05 00:00:00+00:00,1.129998034852,0.79
ETHUSDT,2024-10-06 00:00:00+00:00,1.144561607221,0.7851
ETHUSDT,2024-10-07 00:00:00+00:00,1.143005244567,0.7857
ETHUSDT,2024-10-08 00:00:00+00:00,1.152191148955,0.7826
ETHUSDT,2024-10-09 00:00:00+00:00,1.126534025793,0.7912
ETHUSDT,2024-10-10 00:00:00+00:00,1.135256678728,0.7882
ETHUSDT,2024-10-11 00:00:00+00:00,1.158520987352,0.7805
ETHUSDT,2024-10-12 00:00:00+00:00,1.174683810254,0.7751
ETHUSDT,2024-10-13 00:00:00+00:00,1.16811464862,0.7773
ETHUSDT,2024-10-14 00:00:00+00:00,1.232592985826,0.7558
ETHUSDT,2024-10-15 00:00:00+00:00,1.215839233138,0.7614
ETHUSDT,2024-10-16 00:00:00+00:00,1.215894052308,0.7614
ETHUSDT,2024-10-17 00:00:00+00:00,1.208897100385,0.7637
ETHUSDT,2024-10-18 00:00:00+00:00,1.219983721247,0.76
ETHUSDT,2024-10-19 00:00:00+00:00,1.218799801378,0.7604
ETHUSDT,2024-10-20 00:00:00+00:00,1.249686209742,0.7501
ETHUSDT,2024-10-21 00:00:00+00:00,1.214588840843,0.7618
ETHUSDT,2024-10-22 00:00:00+00:00,1.194594929028417,0.7685
ETHUSDT,2024-10-23 00:00:00+00:00,1.155067454036448,0.7816
ETHUSDT,2024-10-24 00:00:00+00:00,1.1598902282807555,0.78
ETHUSDT,2024-10-25 00:00:00+00:00,1.1127051552581977,0.7958
ETHUSDT,2024-10-26 00:00:00+00:00,1.1435336348253091,0.7855
ETHUSDT,2024-10-27 00:00:00+00:00,1.156380881507229,0.7812
ETHUSDT,2024-10-28 00:00:00+00:00,1.1808747269649869,0.773
ETHUSDT,2024-10-29 00:00:00+00:00,1.2098237225440531,0.7634
ETHUSDT,2024-10-30 00:00:00+00:00,1.2200777644314431,0.76
ETHUSDT,2024-10-31 00:00:00+00:00,1.163333608161365,0.7789
ETHUSDT,2024-11-01 00:00:00+00:00,1.1620286789167675,0.7793
ETHUSDT,2024-11-02 00:00:00+00:00,1.1524494274291048,0.7825
ETHUSDT,2024-11-03 00:00:00+00:00,1.1391537668074323,0.7869
ETHUSDT,2024-11-04 00:00:00+00:00,1.1171852548296557,0.7943
ETHUSDT,2024-11-05 00:00:00+00:00,1.1325210828433765,0.7892
ETHUSDT,2024-11-06 00:00:00+00:00,1.247600875768067,0.7508
ETHUSDT,2024-11-07 00:00:00+00:00,1.3051343731405218,0.7316
ETHUSDT,2024-11-08 00:00:00+00:00,1.3229850267778922,0.7257
ETHUSDT,2024-11-09 00:00:00+00:00,1.38198976702826,0.706
ETHUSDT,2024-11-10 00:00:00+00:00,1.3857766526660595,0.7047
ETHUSDT,2024-11-11 00:00:00+00:00,1.4338686004371437,0.6887
ETHUSDT,2024-11-12 00:00:00+00:00,1.3750582593905416,0.7083
ETHUSDT,2024-11-13 00:00:00+00:00,1.336994641633272,0.721
ETHUSDT,2024-11-14 00:00:00+00:00,1.2765723775009714,0.7411
ETHUSDT,2024-11-15 00:00:00+00:00,1.282628319795974,0.7391
ETHUSDT,2024-11-16 00:00:00+00:00,1.2900959336491131,0.7366
ETHUSDT,2024-11-17 00:00:00+00:00,1.2633563692595515,0.7455
ETHUSDT,2024-11-18 00:00:00+00:00,1.3022709928508711,0.7326
ETHUSDT,2024-11-19 00:00:00+00:00,1.2720824614457735,0.7426
ETHUSDT,2024-11-20 00:00:00+00:00,1.2602446517066512,0.7466
ETHUSDT,2024-11-21 00:00:00+00:00,1.3608068219271827,0.7131
ETHUSDT,2024-11-22 00:00:00+00:00,1.3416223034177153,0.7195
ETHUSDT,2024-11-23 00:00:00+00:00,1.3627748818933407,0.7124
ETHUSDT,2024-11-24 00:00:00+00:00,1.345087654393256,0.7183
ETHUSDT,2024-11-25 00:00:00+00:00,1.3575969424106102,0.7141
ETHUSDT,2024-11-26 00:00:00+00:00,1.3164163242440186,0.7279
ETHUSDT,2024-11-27 00:00:00+00:00,1.4223873804717173,0.6925
ETHUSDT,2024-11-28 00:00:00+00:00,1.3852256887803525,0.7049
ETHUSDT,2024-11-29 00:00:00+00:00,1.379016512477065,0.707
ETHUSDT,2024-11-30 00:00:00+00:00,1.4016683757267456,0.6994
ETHUSDT,2024-12-01 00:00:00+00:00,1.3948234948445024,0.7017
ETHUSDT,2024-12-02 00:00:00+00:00,1.3635324007682224,0.7122
ETHUSDT,2024-12-03 00:00:00+00:00,1.3534738383151312,0.7155
ETHUSDT,2024-12-04 00:00:00+00:00,1.4161333349574812,0.6946
ETHUSDT,2024-12-05 00:00:00+00:00,1.3901681390503633,0.7033
ETHUSDT,2024-12-06 00:00:00+00:00,1.4455262952411196,0.6848
ETHUSDT,2024-12-07 00:00:00+00:00,1.4363129743960543,0.6879
ETHUSDT,2024-12-08 00:00:00+00:00,1.4281140862180683,0.6906
ETHUSDT,2024-12-09 00:00:00+00:00,1.3356834238206732,0.7214
ETHUSDT,2024-12-10 00:00:00+00:00,1.3110950198072076,0.7296
ETHUSDT,2024-12-11 00:00:00+00:00,1.3721676645476777,0.7093
ETHUSDT,2024-12-12 00:00:00+00:00,1.379433959527071,0.7069
ETHUSDT,2024-12-13 00:00:00+00:00,1.3846253740051309,0.7051
ETHUSDT,2024-12-14 00:00:00+00:00,1.3714003162856931,0.7095
ETHUSDT,2024-12-15 00:00:00+00:00,1.3962097889365206,0.7013
ETHUSDT,2024-12-16 00:00:00+00:00,1.4073566526161057,0.6975
ETHUSDT,2024-12-17 00:00:00+00:00,1.3723884479208324,0.7092
ETHUSDT,2024-12-18 00:00:00+00:00,1.3000117364676065,0.7333
ETHUSDT,2024-12-19 00:00:00+00:00,1.2388706479220075,0.7537
ETHUSDT,2024-12-20 00:00:00+00:00,1.2562333048476968,0.7479
ETHUSDT,2024-12-21 00:00:00+00:00,1.218060362707841,0.7606
ETHUSDT,2024-12-22 00:00:00+00:00,1.2090484243726345,0.7637
ETHUSDT,2024-12-23 00:00:00+00:00,1.2622610585203895,0.7459
ETHUSDT,2024-12-24 00:00:00+00:00,1.2912577955422575,0.7362
ETHUSDT,2024-12-25 00:00:00+00:00,1.2975812666606372,0.7341
ETHUSDT,2024-12-26 00:00:00+00:00,1.251264281354462,0.7496
ETHUSDT,2024-12-27 00:00:00+00:00,1.257706041994818,0.7474
ETHUSDT,2024-12-28 00:00:00+00:00,1.2843504895490263,0.7385
ETHUSDT,2024-12-29 00:00:00+00:00,1.2687227364666525,0.7438
ETHUSDT,2024-12-30 00:00:00+00:00,1.2720937592221488,0.7426
ETHUSDT,2024-12-31 00:00:00+00:00,1.2632205803542018,0.7456
ETHUSDT,2025-01-01 00:00:00+00:00,1.26768610130158,0.7441
ETHUSDT,2025-01-02 00:00:00+00:00,1.2996318130980922,0.7335
ETHUSDT,2025-01-03 00:00:00+00:00,1.3481247282845497,0.7173
ETHUSDT,2025-01-04 00:00:00+00:00,1.3602423437462892,0.7133
ETHUSDT,2025-01-05 00:00:00+00:00,1.3485511464370608,0.7171
ETHUSDT,2025-01-06 00:00:00+00:00,1.3568136326418287,0.7144
ETHUSDT,2025-01-07 00:00:00+00:00,1.2580306937360148,0.7473
ETHUSDT,2025-01-08 00:00:00+00:00,1.2431345943448515,0.7523
ETHUSDT,2025-01-09 00:00:00+00:00,1.2087833815059148,0.7637
ETHUSDT,2025-01-10 00:00:00+00:00,1.2259882325620624,0.758
ETHUSDT,2025-01-11 00:00:00+00:00,1.23502964224162,0.755
ETHUSDT,2025-01-12 00:00:00+00:00,1.229931658614024,0.7567
ETHUSDT,2025-01-13 00:00:00+00:00,1.1971867681508983,0.7676
ETHUSDT,2025-01-14 00:00:00+00:00,1.235198524787675,0.7549
ETHUSDT,2025-01-15 00:00:00+00:00,1.3088188324644383,0.7304
ETHUSDT,2025-01-16 00:00:00+00:00,1.2642812478590508,0.7452
ETHUSDT,2025-01-17 00:00:00+00:00,1.320042330775134,0.7267
ETHUSDT,2025-01-18 00:00:00+00:00,1.2601973735945255,0.7466
ETHUSDT,2025-01-19 00:00:00+00:00,1.2269123880106567,0.7577
ETHUSDT,2025-01-20 00:00:00+00:00,1.256300084738111,0.7479
ETHUSDT,2025-01-21 00:00:00+00:00,1.2684024423248357,0.7439
ETHUSDT,2025-01-22 00:00:00+00:00,1.2393010199130712,0.7536
ETHUSDT,2025-01-23 00:00:00+00:00,1.2710881187108731,0.743
ETHUSDT,2025-01-24 00:00:00+00:00,1.2639147522486924,0.7454
ETHUSDT,2025-01-25 00:00:00+00:00,1.2661690503220324,0.7446
ETHUSDT,2025-01-26 00:00:00+00:00,1.2408774829946831,0.753
ETHUSDT,2025-01-27 00:00:00+00:00,1.2213403689076678,0.7596
ETHUSDT,2025-01-28 00:00:00+00:00,1.190704566379453,0.7698
ETHUSDT,2025-01-29 00:00:00+00:00,1.2120582672483824,0.7626
ETHUSDT,2025-01-30 00:00:00+00:00,1.2579660327504265,0.7473
ETHUSDT,2025-01-31 00:00:00+00:00,1.268452398540015,0.7438
ETHUSDT,2025-02-01 00:00:00+00:00,1.2116359098918017,0.7628
ETHUSDT,2025-02-02 00:00:00+00:00,1.120481510713056,0.7932
ETHUSDT,2025-02-03 00:00:00+00:00,1.1416690229476365,0.7861
ETHUSDT,2025-02-04 00:00:00+00:00,1.0958180200590926,0.8014
ETHUSDT,2025-02-05 00:00:00+00:00,1.1239077081606268,0.792
ETHUSDT,2025-02-06 00:00:00+00:00,1.0980782578800596,0.8006
ETHUSDT,2025-02-07 00:00:00+00:00,1.0798143862097305,0.8067
ETHUSDT,2025-02-08 00:00:00+00:00,1.097022439345414,0.801
ETHUSDT,2025-02-09 00:00:00+00:00,1.0994086610603973,0.8002
ETHUSDT,2025-02-10 00:00:00+00:00,1.1200541497000387,0.7933
ETHUSDT,2025-02-11 00:00:00+00:00,1.1046392819100637,0.7985
ETHUSDT,2025-02-12 00:00:00+00:00,1.1575305698893383,0.7808
ETHUSDT,2025-02-13 00:00:00+00:00,1.135305136238279,0.7882
ETHUSDT,2025-02-14 00:00:00+00:00,1.155252110144116,0.7816
ETHUSDT,2025-02-15 00:00:00+00:00,1.1444296202302804,0.7852
ETHUSDT,2025-02-16 00:00:00+00:00,1.1313615532449863,0.7895
ETHUSDT,2025-02-17 00:00:00+00:00,1.1605012086494804,0.7798
ETHUSDT,2025-02-18 00:00:00+00:00,1.131202692787044,0.7896
ETHUSDT,2025-02-19 00:00:00+00:00,1.149426496771918,0.7835
ETHUSDT,2025-02-20 00:00:00+00:00,1.156673127990813,0.7811
ETHUSDT,2025-02-21 00:00:00+00:00,1.1258177481306952,0.7914
ETHUSDT,2025-02-22 00:00:00+00:00,1.1665354528085632,0.7778
ETHUSDT,2025-02-23 00:00:00+00:00,1.1853901602923973,0.7715
ETHUSDT,2025-02-24 00:00:00+00:00,1.074970811708664,0.8083
ETHUSDT,2025-02-25 00:00:00+00:00,1.0721097220468407,0.8093
ETHUSDT,2025-02-26 00:00:00+00:00,1.0147585254812468,0.8284
ETHUSDT,2025-02-27 00:00:00+00:00,1.0082940516704395,0.8306
ETHUSDT,2025-02-28 00:00:00+00:00,0.9882877440603288,0.8372
ETHUSDT,2025-03-01 00:00:00+00:00,0.9892643085484248,0.8369
ETHUSDT,2025-03-02 00:00:00+00:00,1.116336790457118,0.7946
ETHUSDT,2025-03-03 00:00:00+00:00,0.978121915202635,0.8406
ETHUSDT,2025-03-04 00:00:00+00:00,0.9938940239507964,0.8354
ETHUSDT,2025-03-05 00:00:00+00:00,1.0273161351439204,0.8242
ETHUSDT,2025-03-06 00:00:00+00:00,1.0176174298225087,0.8275
ETHUSDT,2025-03-07 00:00:00+00:00,0.9935298347160572,0.8355
ETHUSDT,2025-03-08 00:00:00+00:00,1.0226400895655563,0.8258
ETHUSDT,2025-03-09 00:00:00+00:00,0.9483233702160716,0.8506
ETHUSDT,2025-03-10 00:00:00+00:00,0.8965909851425746,0.8678
ETHUSDT,2025-03-11 00:00:00+00:00,0.9247903374910617,0.8584
ETHUSDT,2025-03-12 00:00:00+00:00,0.9224338811939364,0.8592
ETHUSDT,2025-03-13 00:00:00+00:00,0.9089404272590882,0.8637
ETHUSDT,2025-03-14 00:00:00+00:00,0.9363352000244972,0.8546
ETHUSDT,2025-03-15 00:00:00+00:00,0.9515979175215882,0.8495
ETHUSDT,2025-03-16 00:00:00+00:00,0.9322039901740944,0.8559
ETHUSDT,2025-03-17 00:00:00+00:00,0.955683090905775,0.8481
ETHUSDT,2025-03-18 00:00:00+00:00,0.9594585319963248,0.8468
ETHUSDT,2025-03-19 00:00:00+00:00,1.0136995547743093,0.8288
ETHUSDT,2025-03-20 00:00:00+00:00,0.9770496763609204,0.841
ETHUSDT,2025-03-21 00:00:00+00:00,0.97159677220916,0.8428
ETHUSDT,2025-03-22 00:00:00+00:00,0.9765645095095976,0.8411
ETHUSDT,2025-03-23 00:00:00+00:00,0.9841662050915704,0.8386
ETHUSDT,2025-03-24 00:00:00+00:00,1.0160212502358226,0.828
ETHUSDT,2025-03-25 00:00:00+00:00,1.0095229455028163,0.8302
ETHUSDT,2025-03-26 00:00:00+00:00,0.9825607658334125,0.8391
ETHUSDT,2025-03-27 00:00:00+00:00,0.9819281180319662,0.8394
ETHUSDT,2025-03-28 00:00:00+00:00,0.936180994051125,0.8546
ETHUSDT,2025-03-29 00:00:00+00:00,0.9058523031656684,0.8647
ETHUSDT,2025-03-30 00:00:00+00:00,0.8992345557431337,0.8669
ETHUSDT,2025-03-31 00:00:00+00:00,0.9122396174118704,0.8626
ETHUSDT,2025-04-01 00:00:00+00:00,0.9524454429937544,0.8492
ETHUSDT,2025-04-02 00:00:00+00:00,0.9051959690474964,0.8649
ETHUSDT,2025-04-03 00:00:00+00:00,0.9185436745212322,0.8605
ETHUSDT,2025-04-04 00:00:00+00:00,0.923012137894125,0.859
ETHUSDT,2025-04-05 00:00:00+00:00,0.9212909687265144,0.8596
ETHUSDT,2025-04-06 00:00:00+00:00,0.8170613045611926,0.8943
ETHUSDT,2025-04-07 00:00:00+00:00,0.8193895755402658,0.8935
ETHUSDT,2025-04-08 00:00:00+00:00,0.7864795497446971,0.9045
ETHUSDT,2025-04-09 00:00:00+00:00,0.8844285312447131,0.8719
ETHUSDT,2025-04-10 00:00:00+00:00,0.8206273455661056,0.8931
ETHUSDT,2025-04-11 00:00:00+00:00,0.8470360964606126,0.8843
ETHUSDT,2025-04-12 00:00:00+00:00,0.8911711692272875,0.8696
ETHUSDT,2025-04-13 00:00:00+00:00,0.8674527673967012,0.8775
ETHUSDT,2025-04-14 00:00:00+00:00,0.886413649731472,0.8712
ETHUSDT,2025-04-15 00:00:00+00:00,0.8707407558293133,0.8764
ETHUSDT,2025-04-16 00:00:00+00:00,0.8664611830967262,0.8778
ETHUSDT,2025-04-17 00:00:00+00:00,0.8699999640270843,0.8767
ETHUSDT,2025-04-18 00:00:00+00:00,0.8727321752614212,0.8758
ETHUSDT,2025-04-19 00:00:00+00:00,0.8852052386987584,0.8716
ETHUSDT,2025-04-20 00:00:00+00:00,0.8699976024760595,0.8767
ETHUSDT,2025-04-21 00:00:00+00:00,0.8669544150234123,0.8777
ETHUSDT,2025-04-22 00:00:00+00:00,0.9546954170085056,0.8484
ETHUSDT,2025-04-23 00:00:00+00:00,0.971247376216844,0.8429
ETHUSDT,2025-04-24 00:00:00+00:00,0.9550997515694496,0.8483
ETHUSDT,2025-04-25 00:00:00+00:00,0.9614000062458476,0.8462
ETHUSDT,2025-04-26 00:00:00+00:00,0.9725758133914,0.8425
ETHUSDT,2025-04-27 00:00:00+00:00,0.956329101989892,0.8479
ETHUSDT,2025-04-28 00:00:00+00:00,0.9568848789320984,0.8477
ETHUSDT,2025-04-29 00:00:00+00:00,0.9503486895269244,0.8499
ETHUSDT,2025-04-30 00:00:00+00:00,0.948643336845754,0.8505
ETHUSDT,2025-05-01 00:00:00+00:00,0.9665444933505968,0.8445
ETHUSDT,2025-05-02 00:00:00+00:00,0.9668231559415716,0.8444
ETHUSDT,2025-05-03 00:00:00+00:00,0.963299173985916,0.8456
ETHUSDT,2025-05-04 00:00:00+00:00,0.9502920196629996,0.8499
ETHUSDT,2025-05-05 00:00:00+00:00,0.95681054659157,0.8477
ETHUSDT,2025-05-06 00:00:00+00:00,0.9525466356832843,0.8492
ETHUSDT,2025-05-07 00:00:00+00:00,0.9528617314930428,0.849
ETHUSDT,2025-05-08 00:00:00+00:00,1.1210518177667912,0.793
ETHUSDT,2025-05-09 00:00:00+00:00,1.173906333774855,0.7754
ETHUSDT,2025-05-10 00:00:00+00:00,1.260409666716371,0.7465
ETHUSDT,2025-05-11 00:00:00+00:00,1.2139489415050488,0.762
ETHUSDT,2025-05-12 00:00:00+00:00,1.194279856209154,0.7686
ETHUSDT,2025-05-13 00:00:00+00:00,1.2538979985395315,0.7487
ETHUSDT,2025-05-14 00:00:00+00:00,1.209149875136362,0.7636
ETHUSDT,2025-05-15 00:00:00+00:00,1.1660493922900508,0.778
ETHUSDT,2025-05-16 00:00:00+00:00,1.1575821700136228,0.7808
ETHUSDT,2025-05-17 00:00:00+00:00,1.1214969312657108,0.7928
ETHUSDT,2025-05-18 00:00:00+00:00,1.115661643431486,0.7948
ETHUSDT,2025-05-19 00:00:00+00:00,1.1369181991892845,0.7877
ETHUSDT,2025-05-20 00:00:00+00:00,1.1362716867218348,0.7879
ETHUSDT,2025-05-21 00:00:00+00:00,1.1493083970338205,0.7836
ETHUSDT,2025-05-22 00:00:00+00:00,1.1876247442884933,0.7708
ETHUSDT,2025-05-23 00:00:00+00:00,1.1346447814318783,0.7885
ETHUSDT,2025-05-24 00:00:00+00:00,1.1373809294793071,0.7875
ETHUSDT,2025-05-25 00:00:00+00:00,1.1438721506078822,0.7854
ETHUSDT,2025-05-26 00:00:00+00:00,1.1484965795388953,0.7838
ETHUSDT,2025-05-27 00:00:00+00:00,1.1839470976287227,0.772
ETHUSDT,2025-05-28 00:00:00+00:00,1.1863584472324429,0.7712
ETHUSDT,2025-05-29 00:00:00+00:00,1.1665126068777751,0.7778
ETHUSDT,2025-05-30 00:00:00+00:00,1.1259012030968136,0.7914
ETHUSDT,2025-05-31 00:00:00+00:00,1.130574100209778,0.7898
ETHUSDT,2025-06-01 00:00:00+00:00,1.1335465461099623,0.7888
ETHUSDT,2025-06-02 00:00:00+00:00,1.1590913565597258,0.7803
ETHUSDT,2025-06-03 00:00:00+00:00,1.1530881864265508,0.7823
ETHUSDT,2025-06-04 00:00:00+00:00,1.1585959570622566,0.7805
ETHUSDT,2025-06-05 00:00:00+00:00,1.087698321030233,0.8041
ETHUSDT,2025-06-06 00:00:00+00:00,1.1139708294633603,0.7953
ETHUSDT,2025-06-07 00:00:00+00:00,1.1348578827420908,0.7884
ETHUSDT,2025-06-08 00:00:00+00:00,1.127968305216147,0.7907
ETHUSDT,2025-06-09 00:00:00+00:00,1.191380172399276,0.7695
ETHUSDT,2025-06-10 00:00:00+00:00,1.2368372522237867,0.7544
ETHUSDT,2025-06-11 00:00:00+00:00,1.221844395635859,0.7594
ETHUSDT,2025-06-12 00:00:00+00:00,1.1721834762265533,0.7759
ETHUSDT,2025-06-13 00:00:00+00:00,1.144715390275308,0.7851
ETHUSDT,2025-06-14 00:00:00+00:00,1.1256411485245053,0.7915
ETHUSDT,2025-06-15 00:00:00+00:00,1.1297514555507713,0.7901
ETHUSDT,2025-06-16 00:00:00+00:00,1.1360484087408185,0.788
ETHUSDT,2025-06-17 00:00:00+00:00,1.1164660283567656,0.7945
ETHUSDT,2025-06-18 00:00:00+00:00,1.1217246890937036,0.7928
ETHUSDT,2025-06-19 00:00:00+00:00,1.1243516642532525,0.7919
ETHUSDT,2025-06-20 00:00:00+00:00,1.07920169003241,0.8069
ETHUSDT,2025-06-21 00:00:00+00:00,1.0283323927814427,0.8239
ETHUSDT,2025-06-22 00:00:00+00:00,1.02067551907355,0.8264
ETHUSDT,2025-06-23 00:00:00+00:00,1.1042345237811817,0.7986
ETHUSDT,2025-06-24 00:00:00+00:00,1.1149620245463938,0.795
ETHUSDT,2025-06-25 00:00:00+00:00,1.105578140343248,0.7981
ETHUSDT,2025-06-26 00:00:00+00:00,1.106384859413975,0.7979
ETHUSDT,2025-06-27 00:00:00+00:00,1.1093531810899604,0.7969
ETHUSDT,2025-06-28 00:00:00+00:00,1.1172805449780585,0.7942
ETHUSDT,2025-06-29 00:00:00+00:00,1.1428759598979508,0.7857
ETHUSDT,2025-06-30 00:00:00+00:00,1.1331817058043336,0.7889
ETHUSDT,2025-07-01 00:00:00+00:00,1.0929288092587792,0.8024
ETHUSDT,2025-07-02 00:00:00+00:00,1.1636160388778507,0.7788
ETHUSDT,2025-07-03 00:00:00+00:00,1.1639490678093147,0.7787
ETHUSDT,2025-07-04 00:00:00+00:00,1.1290317086402593,0.7903
ETHUSDT,2025-07-05 00:00:00+00:00,1.1306084111875876,0.7898
ETHUSDT,2025-07-06 00:00:00+00:00,1.1503914129103168,0.7832
ETHUSDT,2025-07-07 00:00:00+00:00,1.1369600529685482,0.7877
ETHUSDT,2025-07-08 00:00:00+00:00,1.1634423108368823,0.7789
ETHUSDT,2025-07-09 00:00:00+00:00,1.2225741389129092,0.7591
ETHUSDT,2025-07-10 00:00:00+00:00,1.2773022209577,0.7409
ETHUSDT,2025-07-11 00:00:00+00:00,1.270370545815764,0.7432
ETHUSDT,2025-07-12 00:00:00+00:00,1.2570783514810824,0.7476
ETHUSDT,2025-07-13 00:00:00+00:00,1.2605806631120322,0.7465
ETHUSDT,2025-07-14 00:00:00+00:00,1.2656110904240074,0.7448
ETHUSDT,2025-07-15 00:00:00+00:00,1.298389647053158,0.7339
ETHUSDT,2025-07-16 00:00:00+00:00,1.3647494371225393,0.7118
ETHUSDT,2025-07-17 00:00:00+00:00,1.3891387767646064,0.7036
ETHUSDT,2025-07-18 00:00:00+00:00,1.3878872756032576,0.704
ETHUSDT,2025-07-19 00:00:00+00:00,1.3924422238965708,0.7025
ETHUSDT,2025-07-20 00:00:00+00:00,1.431759937204128,0.6894
ETHUSDT,2025-07-21 00:00:00+00:00,1.4162554446766693,0.6946
ETHUSDT,2025-07-22 00:00:00+00:00,1.3942722083449235,0.7019
ETHUSDT,2025-07-23 00:00:00+00:00,1.344791219392352,0.7184
ETHUSDT,2025-07-24 00:00:00+00:00,1.3599508221507184,0.7133
ETHUSDT,2025-07-25 00:00:00+00:00,1.3508158335547509,0.7164
ETHUSDT,2025-07-26 00:00:00+00:00,1.3518208702857903,0.7161
ETHUSDT,2025-07-27 00:00:00+00:00,1.385371725331355,0.7049
ETHUSDT,2025-07-28 00:00:00+00:00,1.3549039331166703,0.715
ETHUSDT,2025-07-29 00:00:00+00:00,1.349275714875779,0.7169
ETHUSDT,2025-07-30 00:00:00+00:00,1.3479466887147058,0.7174
ETHUSDT,2025-07-31 00:00:00+00:00,1.3128089751159353,0.7291
ETHUSDT,2025-08-01 00:00:00+00:00,1.2462161107482712,0.7513
ETHUSDT,2025-08-02 00:00:00+00:00,1.2208822817428142,0.7597
ETHUSDT,2025-08-03 00:00:00+00:00,1.260692825660364,0.7464
ETHUSDT,2025-08-04 00:00:00+00:00,1.326745359444201,0.7244
ETHUSDT,2025-08-05 00:00:00+00:00,1.2948316420935635,0.7351
ETHUSDT,2025-08-06 00:00:00+00:00,1.3181817213453093,0.7273
ETHUSDT,2025-08-07 00:00:00+00:00,1.384462084308368,0.7052
ETHUSDT,2025-08-08 00:00:00+00:00,1.4126161866441191,0.6958
ETHUSDT,2025-08-09 00:00:00+00:00,1.4762260035506485,0.6746
ETHUSDT,2025-08-10 00:00:00+00:00,1.4607411838698396,0.6798
ETHUSDT,2025-08-11 00:00:00+00:00,1.433047219538138,0.689
ETHUSDT,2025-08-12 00:00:00+00:00,1.515451445759722,0.6615
ETHUSDT,2025-08-13 00:00:00+00:00,1.5323185482003696,0.6559
ETHUSDT,2025-08-14 00:00:00+00:00,1.4585688029660175,0.6805
ETHUSDT,2025-08-15 00:00:00+00:00,1.410055290640868,0.6966
ETHUSDT,2025-08-16 00:00:00+00:00,1.3989685999280344,0.7003
ETHUSDT,2025-08-17 00:00:00+00:00,1.4091986874904887,0.6969
ETHUSDT,2025-08-18 00:00:00+00:00,1.358475237044468,0.7138
ETHUSDT,2025-08-19 00:00:00+00:00,1.296122136208804,0.7346
ETHUSDT,2025-08-20 00:00:00+00:00,1.3606405430950606,0.7131
ETHUSDT,2025-08-21 00:00:00+00:00,1.328962247216415,0.7237
ETHUSDT,2025-08-22 00:00:00+00:00,1.4855245644189852,0.6715
ETHUSDT,2025-08-23 00:00:00+00:00,1.4647197991528078,0.6784
ETHUSDT,2025-08-24 00:00:00+00:00,1.4666206902744452,0.6778
ETHUSDT,2025-08-25 00:00:00+00:00,1.3589437060100622,0.7137
ETHUSDT,2025-08-26 00:00:00+00:00,1.415530950835455,0.6948
ETHUSDT,2025-08-27 00:00:00+00:00,1.3878242399224503,0.7041
ETHUSDT,2025-08-28 00:00:00+00:00,1.38177927277473,0.7061
ETHUSDT,2025-08-29 00:00:00+00:00,1.3423557667024508,0.7192
ETHUSDT,2025-08-30 00:00:00+00:00,1.3444044523851473,0.7185
ETHUSDT,2025-08-31 00:00:00+00:00,1.352343520537132,0.7159
ETHUSDT,2025-09-01 00:00:00+00:00,1.332516531553125,0.7225
ETHUSDT,2025-09-02 00:00:00+00:00,1.3433488836623444,0.7189
ETHUSDT,2025-09-03 00:00:00+00:00,1.3807354641341263,0.7064
ETHUSDT,2025-09-04 00:00:00+00:00,1.339848231813719,0.7201
ETHUSDT,2025-09-05 00:00:00+00:00,1.3422489414699732,0.7193
ETHUSDT,2025-09-06 00:00:00+00:00,1.3340628619899344,0.722
ETHUSDT,2025-09-07 00:00:00+00:00,1.345470547659487,0.7182
ETHUSDT,2025-09-08 00:00:00+00:00,1.3396054984151284,0.7201
ETHUSDT,2025-09-09 00:00:00+00:00,1.3421851489683323,0.7193
ETHUSDT,2025-09-10 00:00:00+00:00,1.351423063891074,0.7162
ETHUSDT,2025-09-11 00:00:00+00:00,1.379727651538759,0.7068
ETHUSDT,2025-09-12 00:00:00+00:00,1.4359947513805147,0.688
ETHUSDT,2025-09-13 00:00:00+00:00,1.4203622408914491,0.6932
ETHUSDT,2025-09-14 00:00:00+00:00,1.3996129879020625,0.7001
ETHUSDT,2025-09-15 00:00:00+00:00,1.3707850225769584,0.7097
ETHUSDT,2025-09-16 00:00:00+00:00,1.360972343279769,0.713
ETHUSDT,2025-09-17 00:00:00+00:00,1.378214337665614,0.7073
ETHUSDT,2025-09-18 00:00:00+00:00,1.36533595922523,0.7116
ETHUSDT,2025-09-19 00:00:00+00:00,1.3293452117599824,0.7236
ETHUSDT,2025-09-20 00:00:00+00:00,1.3331867268915938,0.7223
ETHUSDT,2025-09-21 00:00:00+00:00,1.3269601423684507,0.7243
ETHUSDT,2025-09-22 00:00:00+00:00,1.2665006094158269,0.7445
ETHUSDT,2025-09-23 00:00:00+00:00,1.2629927926793985,0.7457
ETHUSDT,2025-09-24 00:00:00+00:00,1.2612175983698526,0.7463
ETHUSDT,2025-09-25 00:00:00+00:00,1.1924299209623916,0.7692
ETHUSDT,2025-09-26 00:00:00+00:00,1.2379764388055825,0.754
ETHUSDT,2025-09-27 00:00:00+00:00,1.2404248736696704,0.7532
ETHUSDT,2025-09-28 00:00:00+00:00,1.2783500916250623,0.7405
ETHUSDT,2025-09-29 00:00:00+00:00,1.3044416201308453,0.7319
ETHUSDT,2025-09-30 00:00:00+00:00,1.2847485322034904,0.7384
ETHUSDT,2025-10-01 00:00:00+00:00,1.3374275888773748,0.7209
ETHUSDT,2025-10-02 00:00:00+00:00,1.3710325767259093,0.7097
ETHUSDT,2025-10-03 00:00:00+00:00,1.3755253169834114,0.7082
ETHUSDT,2025-10-04 00:00:00+00:00,1.3585880831646373,0.7138
ETHUSDT,2025-10-05 00:00:00+00:00,1.3593569415995843,0.7135
ETHUSDT,2025-10-06 00:00:00+00:00,1.3968331180494558,0.7011
ETHUSDT,2025-10-07 00:00:00+00:00,1.3350407429337765,0.7217
ETHUSDT,2025-10-08 00:00:00+00:00,1.3575253423015723,0.7142
ETHUSDT,2025-10-09 00:00:00+00:00,1.310788211262845,0.7297
ETHUSDT,2025-10-10 00:00:00+00:00,1.1802499814321767,0.7733
ETHUSDT,2025-10-11 00:00:00+00:00,1.1558212049171683,0.7814
ETHUSDT,2025-10-12 00:00:00+00:00,1.2720055104401529,0.7427
ETHUSDT,2025-10-13 00:00:00+00:00,1.3012038185122388,0.7329
ETHUSDT,2025-10-14 00:00:00+00:00,1.2740120458425583,0.742
ETHUSDT,2025-10-15 00:00:00+00:00,1.23928279678373,0.7536
ETHUSDT,2025-10-16 00:00:00+00:00,1.2210034962839864,0.7597
ETHUSDT,2025-10-17 00:00:00+00:00,1.2144339241812585,0.7619
ETHUSDT,2025-10-18 00:00:00+00:00,1.2338743572501154,0.7554
ETHUSDT,2025-10-19 00:00:00+00:00,1.2604541072528592,0.7465
ETHUSDT,2025-10-20 00:00:00+00:00,1.2550768973265398,0.7483
ETHUSDT,2025-10-21 00:00:00+00:00,1.229187055490027,0.7569
ETHUSDT,2025-10-22 00:00:00+00:00,1.2103017621199867,0.7632
ETHUSDT,2025-10-23 00:00:00+00:00,1.2295802583840223,0.7568
ETHUSDT,2025-10-24 00:00:00+00:00,1.252614798284721,0.7491
ETHUSDT,2025-10-25 00:00:00+00:00,1.2574880327521292,0.7475
ETHUSDT,2025-10-26 00:00:00+00:00,1.3118738969548085,0.7294
ETHUSDT,2025-10-27 00:00:00+00:00,1.2941643583535152,0.7353
ETHUSDT,2025-10-28 00:00:00+00:00,1.2549389603314474,0.7484
ETHUSDT,2025-10-29 00:00:00+00:00,1.2333472314258809,0.7556
ETHUSDT,2025-10-30 00:00:00+00:00,1.2030309789333915,0.7657
ETHUSDT,2025-10-31 00:00:00+00:00,1.2213434272927488,0.7596
ETHUSDT,2025-11-01 00:00:00+00:00,1.227233383164807,0.7576
ETHUSDT,2025-11-02 00:00:00+00:00,1.2334970106757843,0.7555
ETHUSDT,2025-11-03 00:00:00+00:00,1.152155180345344,0.7826
ETHUSDT,2025-11-04 00:00:00+00:00,1.074191216060715,0.8086
ETHUSDT,2025-11-05 00:00:00+00:00,1.1267134701760293,0.7911
ETHUSDT,2025-11-06 00:00:00+00:00,1.0985282477097795,0.8005
ETHUSDT,2025-11-07 00:00:00+00:00,1.143146043553386,0.7856
ETHUSDT,2025-11-08 00:00:00+00:00,1.13743368168896,0.7875
ETHUSDT,2025-11-09 00:00:00+00:00,1.1931435400569197,0.769
ETHUSDT,2025-11-10 00:00:00+00:00,1.1938430989058912,0.7687
ETHUSDT,2025-11-11 00:00:00+00:00,1.1507847309802273,0.7831
ETHUSDT,2025-11-12 00:00:00+00:00,1.1497701586682747,0.7834
ETHUSDT,2025-11-13 00:00:00+00:00,1.1015430981759484,0.7995
ETHUSDT,2025-11-14 00:00:00+00:00,1.0636172619284496,0.8121
ETHUSDT,2025-11-15 00:00:00+00:00,1.083702415271338,0.8054
ETHUSDT,2025-11-16 00:00:00+00:00,1.0629000554573136,0.8124
ETHUSDT,2025-11-17 00:00:00+00:00,1.0476501395254318,0.8174
ETHUSDT,2025-11-18 00:00:00+00:00,1.0860881945616565,0.8046
ETHUSDT,2025-11-19 00:00:00+00:00,1.0599863572645432,0.8133
ETHUSDT,2025-11-20 00:00:00+00:00,1.0116991702113467,0.8294
ETHUSDT,2025-11-21 00:00:00+00:00,0.9927513433102656,0.8357
ETHUSDT,2025-11-22 00:00:00+00:00,1.0029319732777204,0.8324
ETHUSDT,2025-11-23 00:00:00+00:00,1.0233630113226078,0.8255
ETHUSDT,2025-11-24 00:00:00+00:00,1.0775534574695178,0.8075
ETHUSDT,2025-11-25 00:00:00+00:00,1.0797946050079852,0.8067
ETHUSDT,2025-11-26 00:00:00+00:00,1.0996913666523067,0.8001
ETHUSDT,2025-11-27 00:00:00+00:00,1.0976426316600838,0.8008
ETHUSDT,2025-11-28 00:00:00+00:00,1.1024352071672745,0.7992
ETHUSDT,2025-11-29 00:00:00+00:00,1.0854834986821595,0.8048
ETHUSDT,2025-11-30 00:00:00+00:00,1.08655988013605,0.8045
ETHUSDT,2025-12-01 00:00:00+00:00,1.0220156402806948,0.826
ETHUSDT,2025-12-02 00:00:00+00:00,1.0866518668674126,0.8044
ETHUSDT,2025-12-03 00:00:00+00:00,1.1446799117162092,0.7851
ETHUSDT,2025-12-04 00:00:00+00:00,1.1242856578166305,0.7919
ETHUSDT,2025-12-05 00:00:00+00:00,1.0854143304498969,0.8049
ETHUSDT,2025-12-06 00:00:00+00:00,1.0902969783233385,0.8032
ETHUSDT,2025-12-07 00:00:00+00:00,1.09387929995346,0.802
ETHUSDT,2025-12-08 00:00:00+00:00,1.1183246110235856,0.7939
ETHUSDT,2025-12-09 00:00:00+00:00,1.1783520301817805,0.7739
ETHUSDT,2025-12-10 00:00:00+00:00,1.1717920313453785,0.7761
ETHUSDT,2025-12-11 00:00:00+00:00,1.1395432720271008,0.7868
ETHUSDT,2025-12-12 00:00:00+00:00,1.0934192086046812,0.8022
ETHUSDT,2025-12-13 00:00:00+00:00,1.1017244201829015,0.7994
ETHUSDT,2025-12-14 00:00:00+00:00,1.0833786996325725,0.8055
ETHUSDT,2025-12-15 00:00:00+00:00,1.053660718232772,0.8154
ETHUSDT,2025-12-16 00:00:00+00:00,1.0547496052444727,0.8151
ETHUSDT,2025-12-17 00:00:00+00:00,1.0218032870071752,0.8261
ETHUSDT,2025-12-18 00:00:00+00:00,1.0283622113470048,0.8239
ETHUSDT,2025-12-19 00:00:00+00:00,1.0824015967744915,0.8059
ETHUSDT,2025-12-20 00:00:00+00:00,1.083646266377488,0.8055
ETHUSDT,2025-12-21 00:00:00+00:00,1.093101742375603,0.8023
ETHUSDT,2025-12-22 00:00:00+00:00,1.095242623393094,0.8016
ETHUSDT,2025-12-23 00:00:00+00:00,1.081604620434262,0.8061
ETHUSDT,2025-12-24 00:00:00+00:00,1.076932207807045,0.8077
ETHUSDT,2025-12-25 00:00:00+00:00,1.0628232460037748,0.8124
ETHUSDT,2025-12-26 00:00:00+00:00,1.0692344478443017,0.8103
ETHUSDT,2025-12-27 00:00:00+00:00,1.0769931301507032,0.8077
ETHUSDT,2025-12-28 00:00:00+00:00,1.0794373651705642,0.8069
ETHUSDT,2025-12-29 00:00:00+00:00,1.0781879479269028,0.8073
ETHUSDT,2025-12-30 00:00:00+00:00,1.0924318128067334,0.8025
ETHUSDT,2025-12-31 00:00:00+00:00,1.0926476843390247,0.8025
ETHUSDT,2026-01-01 00:00:00+00:00,1.1032232689455268,0.7989
ETHUSDT,2026-01-02 00:00:00+00:00,1.1427412247984017,0.7858
ETHUSDT,2026-01-03 00:00:00+00:00,1.1409202022664695,0.7864
ETHUSDT,2026-01-04 00:00:00+00:00,1.142742653841216,0.7858
ETHUSDT,2026-01-05 00:00:00+00:00,1.1738636991697915,0.7754
ETHUSDT,2026-01-06 00:00:00+00:00,1.1929297269662171,0.769
ETHUSDT,2026-01-07 00:00:00+00:00,1.1494461103591525,0.7835
ETHUSDT,2026-01-08 00:00:00+00:00,1.1343734509001924,0.7885
ETHUSDT,2026-01-09 00:00:00+00:00,1.125607163301804,0.7915
ETHUSDT,2026-01-10 00:00:00+00:00,1.125250237568336,0.7916
ETHUSDT,2026-01-11 00:00:00+00:00,1.1368724223314504,0.7877
ETHUSDT,2026-01-12 00:00:00+00:00,1.1331358345844729,0.789
ETHUSDT,2026-01-13 00:00:00+00:00,1.2092884775794084,0.7636
ETHUSDT,2026-01-14 00:00:00+00:00,1.222740465208632,0.7591
ETHUSDT,2026-01-15 00:00:00+00:00,1.2072159088189167,0.7643
ETHUSDT,2026-01-16 00:00:00+00:00,1.1988834571074964,0.767
ETHUSDT,2026-01-17 00:00:00+00:00,1.2003253310041828,0.7666
ETHUSDT,2026-01-18 00:00:00+00:00,1.1953227427703368,0.7682
ETHUSDT,2026-01-19 00:00:00+00:00,1.1579490106441,0.7807
ETHUSDT,2026-01-20 00:00:00+00:00,1.079462773845038,0.8068
ETHUSDT,2026-01-21 00:00:00+00:00,1.101297553839106,0.7996
ETHUSDT,2026-01-22 00:00:00+00:00,1.0964959540051331,0.8012
ETHUSDT,2026-01-23 00:00:00+00:00,1.1030442948963943,0.799
ETHUSDT,2026-01-24 00:00:00+00:00,1.1071629481708587,0.7976
ETHUSDT,2026-01-25 00:00:00+00:00,1.062176080061708,0.8126
ETHUSDT,2026-01-26 00:00:00+00:00,1.1126700933940077,0.7958
ETHUSDT,2026-01-27 00:00:00+00:00,1.148037744798469,0.784
ETHUSDT,2026-01-28 00:00:00+00:00,1.1467736502749923,0.7844
ETHUSDT,2026-01-29 00:00:00+00:00,1.089537910002449,0.8035
ETHUSDT,2026-01-30 00:00:00+00:00,1.0518721346695987,0.816
ETHUSDT,2026-01-31 00:00:00+00:00,0.9659958744620406,0.8447
ETHUSDT,2026-02-01 00:00:00+00:00,0.9101910293982924,0.8633
ETHUSDT,2026-02-02 00:00:00+00:00,0.9467994246147868,0.8511
ETHUSDT,2026-02-03 00:00:00+00:00,0.9126794639457328,0.8624
ETHUSDT,2026-02-04 00:00:00+00:00,0.8917947111906657,0.8694
ETHUSDT,2026-02-05 00:00:00+00:00,0.793410765978737,0.9022
ETHUSDT,2026-02-06 00:00:00+00:00,0.8903927818571649,0.8699
ETHUSDT,2026-02-07 00:00:00+00:00,0.9066002908682816,0.8645
ETHUSDT,2026-02-08 00:00:00+00:00,0.9154672104769602,0.8615
ETHUSDT,2026-02-09 00:00:00+00:00,0.9239946309485884,0.8587
ETHUSDT,2026-02-10 00:00:00+00:00,0.8935333119826366,0.8688
ETHUSDT,2026-02-11 00:00:00+00:00,0.8667972282027552,0.8777
ETHUSDT,2026-02-12 00:00:00+00:00,0.8731579495054059,0.8756
ETHUSDT,2026-02-13 00:00:00+00:00,0.9157660812822042,0.8614
ETHUSDT,2026-02-14 00:00:00+00:00,0.9301414418846562,0.8566
ETHUSDT,2026-02-15 00:00:00+00:00,0.87826318603533,0.8739
ETHUSDT,2026-02-16 00:00:00+00:00,0.8953202529825575,0.8682
ETHUSDT,2026-02-17 00:00:00+00:00,0.8949737979717953,0.8683
ETHUSDT,2026-02-18 00:00:00+00:00,0.8810192791242332,0.873
ETHUSDT,2026-02-19 00:00:00+00:00,0.8804083911451502,0.8732
ETHUSDT,2026-02-20 00:00:00+00:00,0.88887855321774,0.8704
ETHUSDT,2026-02-21 00:00:00+00:00,0.8924283916578037,0.8692
ETHUSDT,2026-02-22 00:00:00+00:00,0.8845349316947978,0.8718
ETHUSDT,2026-02-23 00:00:00+00:00,0.8461407207822855,0.8846
ETHUSDT,2026-02-24 00:00:00+00:00,0.8484206699074129,0.8839
ETHUSDT,2026-02-25 00:00:00+00:00,0.9336052696561616,0.8555
ETHUSDT,2026-02-26 00:00:00+00:00,0.9197971959477838,0.8601
ETHUSDT,2026-02-27 00:00:00+00:00,0.8806883757333611,0.8731
ETHUSDT,2026-02-28 00:00:00+00:00,0.8953577141229098,0.8682
ETHUSDT,2026-03-01 00:00:00+00:00,0.8853854178907236,0.8715
ETHUSDT,2026-03-02 00:00:00+00:00,0.9265662909729394,0.8578
ETHUSDT,2026-03-03 00:00:00+00:00,0.9053558493648453,0.8649
ETHUSDT,2026-03-04 00:00:00+00:00,0.960528783753429,0.8465
ETHUSDT,2026-03-05 00:00:00+00:00,0.942894868894854,0.8524
ETHUSDT,2026-03-06 00:00:00+00:00,0.9044351808285064,0.8652
ETHUSDT,2026-03-07 00:00:00+00:00,0.8997023399224529,0.8668
ETHUSDT,2026-03-08 00:00:00+00:00,0.8878907173342052,0.8707
ETHUSDT,2026-03-09 00:00:00+00:00,0.9113555511509652,0.8629
ETHUSDT,2026-03-10 00:00:00+00:00,0.927454930324862,0.8575
ETHUSDT,2026-03-11 00:00:00+00:00,0.9364092307508776,0.8545
ETHUSDT,2026-03-12 00:00:00+00:00,0.9459889236857164,0.8513
ETHUSDT,2026-03-13 00:00:00+00:00,0.9514811135826324,0.8495
ETHUSDT,2026-03-14 00:00:00+00:00,0.951956543921346,0.8493
ETHUSDT,2026-03-15 00:00:00+00:00,0.9836153725181463,0.8388
ETHUSDT,2026-03-16 00:00:00+00:00,1.0484482513493492,0.8172
ETHUSDT,2026-03-17 00:00:00+00:00,1.0319544043007247,0.8227
ETHUSDT,2026-03-18 00:00:00+00:00,0.9789118071781028,0.8404
ETHUSDT,2026-03-19 00:00:00+00:00,0.9523009381026102,0.8492
ETHUSDT,2026-03-20 00:00:00+00:00,0.9559169705174428,0.848
ETHUSDT,2026-03-21 00:00:00+00:00,0.9462392337880122,0.8513
ETHUSDT,2026-03-22 00:00:00+00:00,0.9140212280233632,0.862
ETHUSDT,2026-03-23 00:00:00+00:00,0.9518447602733036,0.8494
ETHUSDT,2026-03-24 00:00:00+00:00,0.9576228439755964,0.8475
ETHUSDT,2026-03-25 00:00:00+00:00,0.9647681829176634,0.8451
ETHUSDT,2026-03-26 00:00:00+00:00,0.921407913971834,0.8595
ETHUSDT,2026-03-27 00:00:00+00:00,0.8953284250726145,0.8682
ETHUSDT,2026-03-28 00:00:00+00:00,0.8992601302194408,0.8669
ETHUSDT,2026-03-29 00:00:00+00:00,0.8960628218400801,0.868
ETHUSDT,2026-03-30 00:00:00+00:00,0.9164370842463908,0.8612
ETHUSDT,2026-03-31 00:00:00+00:00,0.950377946326074,0.8499
ETHUSDT,2026-04-01 00:00:00+00:00,0.9667986883353052,0.8444
ETHUSDT,2026-04-02 00:00:00+00:00,0.9329832677307937,0.8557
ETHUSDT,2026-04-03 00:00:00+00:00,0.9315234115829558,0.8562
ETHUSDT,2026-04-04 00:00:00+00:00,0.9361672610723468,0.8546
ETHUSDT,2026-04-05 00:00:00+00:00,0.9544203716949254,0.8485
ETHUSDT,2026-04-06 00:00:00+00:00,0.948755834096625,0.8504
ETHUSDT,2026-04-07 00:00:00+00:00,1.006005044036434,0.8313
ETHUSDT,2026-04-08 00:00:00+00:00,0.9796800145545864,0.8401
ETHUSDT,2026-04-09 00:00:00+00:00,0.9810694024428824,0.8396
ETHUSDT,2026-04-10 00:00:00+00:00,1.0007752177127058,0.8331
ETHUSDT,2026-04-11 00:00:00+00:00,1.0145110215027269,0.8285
ETHUSDT,2026-04-12 00:00:00+00:00,0.9721309073414732,0.8426
ETHUSDT,2026-04-13 00:00:00+00:00,1.0443988854726665,0.8185
ETHUSDT,2026-04-14 00:00:00+00:00,1.0193113149992377,0.8269
ETHUSDT,2026-04-15 00:00:00+00:00,1.032209614027287,0.8226
ETHUSDT,2026-04-16 00:00:00+00:00,1.0266120292492047,0.8245
ETHUSDT,2026-04-17 00:00:00+00:00,1.0520518624409718,0.816
ETHUSDT,2026-04-18 00:00:00+00:00,1.0241181542162494,0.8253
ETHUSDT,2026-04-19 00:00:00+00:00,0.9906526447570864,0.8364
ETHUSDT,2026-04-20 00:00:00+00:00,1.009797886143221,0.8301
ETHUSDT,2026-04-21 00:00:00+00:00,1.0151595263369155,0.8283
ETHUSDT,2026-04-22 00:00:00+00:00,1.037557350133551,0.8208
ETHUSDT,2026-04-23 00:00:00+00:00,1.01964325262023,0.8268
ETHUSDT,2026-04-24 00:00:00+00:00,1.016201339108562,0.8279
ETHUSDT,2026-04-25 00:00:00+00:00,1.0191227198061008,0.827
ETHUSDT,2026-04-26 00:00:00+00:00,1.0391210169279936,0.8203
ETHUSDT,2026-04-27 00:00:00+00:00,1.0111543999979993,0.8296
ETHUSDT,2026-04-28 00:00:00+00:00,1.008070381754557,0.8306
ETHUSDT,2026-04-29 00:00:00+00:00,0.9972396786103188,0.8343
ETHUSDT,2026-04-30 00:00:00+00:00,1.0028401713502288,0.8324
ETHUSDT,2026-05-01 00:00:00+00:00,1.0202217305075385,0.8266
ETHUSDT,2026-05-02 00:00:00+00:00,1.0315140772729092,0.8228
ETHUSDT,2026-05-03 00:00:00+00:00,1.034861869236256,0.8217
ETHUSDT,2026-05-04 00:00:00+00:00,1.0444377090192178,0.8185
ETHUSDT,2026-05-05 00:00:00+00:00,1.0485837943183294,0.8171
ETHUSDT,2026-05-06 00:00:00+00:00,1.0423808830758785,0.8192
ETHUSDT,2026-05-07 00:00:00+00:00,1.01644984635852,0.8279
ETHUSDT,2026-05-08 00:00:00+00:00,1.022764065636523,0.8257
ETHUSDT,2026-05-09 00:00:00+00:00,1.030443223313954,0.8232
ETHUSDT,2026-05-10 00:00:00+00:00,1.0498593249592791,0.8167
ETHUSDT,2026-05-11 00:00:00+00:00,1.0349824252890767,0.8217
ETHUSDT,2026-05-12 00:00:00+00:00,1.010082349199823,0.83
ETHUSDT,2026-05-13 00:00:00+00:00,1.0025965480272447,0.8325
ETHUSDT,2026-05-14 00:00:00+00:00,1.0164783021005015,0.8278
ETHUSDT,2026-05-15 00:00:00+00:00,0.9910426909461064,0.8363
ETHUSDT,2026-05-16 00:00:00+00:00,0.9757449150605688,0.8414
ETHUSDT,2026-05-17 00:00:00+00:00,0.9628095906394388,0.8457
ETHUSDT,2026-05-18 00:00:00+00:00,0.9611684080404308,0.8463
ETHUSDT,2026-05-19 00:00:00+00:00,0.9564991428206276,0.8478
ETHUSDT,2026-05-20 00:00:00+00:00,0.964784203410802,0.8451
ETHUSDT,2026-05-21 00:00:00+00:00,0.9695618696342964,0.8435
ETHUSDT,2026-05-22 00:00:00+00:00,0.9444054000338056,0.8519
ETHUSDT,2026-05-23 00:00:00+00:00,0.9665855244651308,0.8445
ETHUSDT,2026-05-24 00:00:00+00:00,0.9596394024624108,0.8468
ETHUSDT,2026-05-25 00:00:00+00:00,0.9643857042254508,0.8452
ETHUSDT,2026-05-26 00:00:00+00:00,0.949728758090172,0.8501
ETHUSDT,2026-05-27 00:00:00+00:00,0.9293457912395746,0.8569
ETHUSDT,2026-05-28 00:00:00+00:00,0.9262217243902195,0.8579
ETHUSDT,2026-05-29 00:00:00+00:00,0.930237684967729,0.8566
ETHUSDT,2026-05-30 00:00:00+00:00,0.935206229980192,0.8549
ETHUSDT,2026-05-31 00:00:00+00:00,0.929703976123798,0.8568
ETHUSDT,2026-06-01 00:00:00+00:00,0.9305676663802956,0.8565
ETHUSDT,2026-06-02 00:00:00+00:00,0.8697869273318382,0.8767
ETHUSDT,2026-06-03 00:00:00+00:00,0.8598492110338763,0.8801
ETHUSDT,2026-06-04 00:00:00+00:00,0.8412799820805724,0.8862
ETHUSDT,2026-06-05 00:00:00+00:00,0.7633893361746386,0.9122
ETHUSDT,2026-06-06 00:00:00+00:00,0.762884665570182,0.9124
ETHUSDT,2026-06-07 00:00:00+00:00,0.8211274816084435,0.893
ETHUSDT,2026-06-08 00:00:00+00:00,0.83072239904996,0.8898
ETHUSDT,2026-06-09 00:00:00+00:00,0.8088420963032222,0.8971
ETHUSDT,2026-06-10 00:00:00+00:00,0.8047905354188167,0.8984
ETHUSDT,2026-06-11 00:00:00+00:00,0.8336256254363692,0.8888
ETHUSDT,2026-06-12 00:00:00+00:00,0.8295356507026942,0.8902
ETHUSDT,2026-06-13 00:00:00+00:00,0.8360076636305066,0.888
ETHUSDT,2026-06-14 00:00:00+00:00,0.8545917888329218,0.8818
ETHUSDT,2026-06-15 00:00:00+00:00,0.8844042151386569,0.8719
ETHUSDT,2026-06-16 00:00:00+00:00,0.8866287937108008,0.8711
ETHUSDT,2026-06-17 00:00:00+00:00,0.8643322105740472,0.8786
ETHUSDT,2026-06-18 00:00:00+00:00,0.8443333517576803,0.8852
ETHUSDT,2026-06-19 00:00:00+00:00,0.8428331522692235,0.8857
ETHUSDT,2026-06-20 00:00:00+00:00,0.8576524257021418,0.8808
ETHUSDT,2026-06-21 00:00:00+00:00,0.8425215735446204,0.8858
ETHUSDT,2026-06-22 00:00:00+00:00,0.8511782928294475,0.8829
ETHUSDT,2026-06-23 00:00:00+00:00,0.8282846895503143,0.8906
ETHUSDT,2026-06-24 00:00:00+00:00,0.811287739211697,0.8962
ETHUSDT,2026-06-25 00:00:00+00:00,0.7917697071178055,0.9027
ETHUSDT,2026-06-26 00:00:00+00:00,0.7987749498651682,0.9004
ETHUSDT,2026-06-27 00:00:00+00:00,0.7992671835359988,0.9002
ETHUSDT,2026-06-28 00:00:00+00:00,0.800282476641599,0.8999
ETHUSDT,2026-06-29 00:00:00+00:00,0.8210350284664865,0.893
ETHUSDT,2026-06-30 00:00:00+00:00,0.8033232481390009,0.8989
ETHUSDT,2026-07-01 00:00:00+00:00,0.8243957502975036,0.8919
ETHUSDT,2026-07-02 00:00:00+00:00,0.8635018260028583,0.8788
ETHUSDT,2026-07-03 00:00:00+00:00,0.8894013579934035,0.8702
ETHUSDT,2026-07-04 00:00:00+00:00,0.8964729720329133,0.8678
ETHUSDT,2026-07-05 00:00:00+00:00,0.8968185805654171,0.8677
ETHUSDT,2026-07-06 00:00:00+00:00,0.8992954089465669,0.8669
ETHUSDT,2026-07-07 00:00:00+00:00,0.8841165105846315,0.872
ETHUSDT,2026-07-08 00:00:00+00:00,0.8668686364795368,0.8777
ETHUSDT,2026-07-09 00:00:00+00:00,0.8674459782919055,0.8775
ETHUSDT,2026-07-10 00:00:00+00:00,0.8898672929601551,0.87
ETHUSDT,2026-07-11 00:00:00+00:00,0.8883625249416519,0.8705
ETHUSDT,2026-07-12 00:00:00+00:00,0.8938788825212245,0.8687
ETHUSDT,2026-07-13 00:00:00+00:00,0.8781272622090468,0.874
ETHUSDT,2026-07-14 00:00:00+00:00,0.9306061549881568,0.8565
ETHUSDT,2026-07-15 00:00:00+00:00,0.9428423152553695,0.8524
ETHUSDT,2026-07-16 00:00:00+00:00,0.9149492894959084,0.8617
ETHUSDT,2026-07-17 00:00:00+00:00,0.904320896177478,0.8652
ETHUSDT,2026-07-18 00:00:00+00:00,0.9126859151721504,0.8624
ETHUSDT,2026-07-19 00:00:00+00:00,0.9153420006981128,0.8616
ETHUSDT,2026-07-20 00:00:00+00:00,0.927072184719894,0.8576
ETHUSDT,2026-07-21 00:00:00+00:00,0.93602785624519,0.8547
ETHUSDT,2026-07-22 00:00:00+00:00,0.938608837850804,0.8538
ETHUSDT,2026-07-23 00:00:00+00:00,0.91609895912511,0.8613
ETHUSDT,2026-07-24 00:00:00+00:00,0.9067188788441118,0.8644
ETHUSDT,2026-07-25 00:00:00+00:00,0.912433176627236,0.8625
ETHUSDT,2026-07-26 00:00:00+00:00,0.947676891841736,0.8508
ETHUSDT,2026-07-27 00:00:00+00:00,0.9189423872012692,0.8604
ETHUSDT,2026-07-28 00:00:00+00:00,0.9302823092688228,0.8566
ETHUSDT,2026-07-29 00:00:00+00:00,0.9272827293958116,0.8576
ETHUSDT,2026-07-30 00:00:00+00:00,0.9344169955390366,0.8552
ETHUSDT,2026-07-31 00:00:00+00:00,0.9066261890139276,0.8645
ETHUSDT,2026-08-01 00:00:00+00:00,0.8984818022016139,0.8672
ETHUSDT,2026-08-02 00:00:00+00:00,0.9159274331936528,0.8614
ETHUSDT,2026-08-03 00:00:00+00:00,0.9074169931328686,0.8642
ETHUSDT,2026-08-04 00:00:00+00:00,0.913616931560922,0.8621
ETHUSDT,2026-08-05 00:00:00+00:00,0.930875440179073,0.8564
ETHUSDT,2026-08-06 00:00:00+00:00,0.92868595536343,0.8571
ETHUSDT,2026-08-07 00:00:00+00:00,0.9364381027299322,0.8545
ETHUSDT,2026-08-08 00:00:00+00:00,0.9361921589495042,0.8546
ETHUSDT,2026-08-09 00:00:00+00:00,0.9325949034810778,0.8558
ETHUSDT,2026-08-10 00:00:00+00:00,0.9144256363649282,0.8619
ETHUSDT,2026-08-11 00:00:00+00:00,0.9187990476788548,0.8604
ETHUSDT,2026-08-12 00:00:00+00:00,0.9171821260423804,0.8609
ETHUSDT,2026-08-13 00:00:00+00:00,0.9210202845072032,0.8597
ETHUSDT,2026-08-14 00:00:00+00:00,0.9190427492950632,0.8603
ETHUSDT,2026-08-15 00:00:00+00:00,0.9201752613616138,0.8599
ETHUSDT,2026-08-16 00:00:00+00:00,0.91691479540038,0.861
ETHUSDT,2026-08-17 00:00:00+00:00,0.9346682576872618,0.8551
ETHUSDT,2026-08-18 00:00:00+00:00,0.9368803270959496,0.8544
ETHUSDT,2026-08-19 00:00:00+00:00,1.0800448241874112,0.8067
SOLUSDT,2014-01-01 00:00:00+00:00,2.79859382,0.2338
SOLUSDT,2014-01-02 00:00:00+00:00,2.90688604,0.1977
SOLUSDT,2014-01-03 00:00:00+00:00,2.97276592,0.1757
SOLUSDT,2014-01-04 00:00:00+00:00,3.00082617,0.1664
SOLUSDT,2014-01-05 00:00:00+00:00,3.23751863,0.0875
SOLUSDT,2014-01-06 00:00:00+00:00,3.25855458,0.0805
SOLUSDT,2014-01-07 00:00:00+00:00,2.85648041,0.2145
SOLUSDT,2014-01-08 00:00:00+00:00,2.89105715,0.203
SOLUSDT,2014-01-09 00:00:00+00:00,2.91922133,0.1936
SOLUSDT,2014-01-10 00:00:00+00:00,2.98942387,0.1702
SOLUSDT,2014-01-11 00:00:00+00:00,3.08800818,0.1373
SOLUSDT,2014-01-12 00:00:00+00:00,2.92251348,0.1925
SOLUSDT,2014-01-13 00:00:00+00:00,2.83904175,0.2203
SOLUSDT,2014-01-14 00:00:00+00:00,2.80186801,0.2327
SOLUSDT,2014-01-15 00:00:00+00:00,2.87183201,0.2094
SOLUSDT,2014-01-16 00:00:00+00:00,2.77584537,0.2414
SOLUSDT,2014-01-17 00:00:00+00:00,2.69438096,0.2685
SOLUSDT,2014-01-18 00:00:00+00:00,2.74847429,0.2505
SOLUSDT,2014-01-19 00:00:00+00:00,2.83776277,0.2207
SOLUSDT,2014-01-20 00:00:00+00:00,2.79830469,0.2339
SOLUSDT,2014-01-21 00:00:00+00:00,2.77609902,0.2413
SOLUSDT,2014-01-22 00:00:00+00:00,2.75067841,0.2498
SOLUSDT,2014-01-23 00:00:00+00:00,2.72035724,0.2599
SOLUSDT,2014-01-24 00:00:00+00:00,2.61463948,0.2951
SOLUSDT,2014-01-25 00:00:00+00:00,2.68630023,0.2712
SOLUSDT,2014-01-26 00:00:00+00:00,2.7159709,0.2613
SOLUSDT,2014-01-27 00:00:00+00:00,2.47713004,0.341
SOLUSDT,2014-01-28 00:00:00+00:00,2.62930512,0.2902
SOLUSDT,2014-01-29 00:00:00+00:00,2.63373693,0.2888
SOLUSDT,2014-01-30 00:00:00+00:00,2.64884556,0.2837
SOLUSDT,2014-01-31 00:00:00+00:00,2.65797129,0.2807
SOLUSDT,2014-02-01 00:00:00+00:00,2.67963991,0.2735
SOLUSDT,2014-02-02 00:00:00+00:00,2.68024654,0.2733
SOLUSDT,2014-02-03 00:00:00+00:00,2.65176796,0.2827
SOLUSDT,2014-02-04 00:00:00+00:00,2.627458,0.2908
SOLUSDT,2014-02-05 00:00:00+00:00,2.49283475,0.3357
SOLUSDT,2014-02-06 00:00:00+00:00,2.4248508,0.3584
SOLUSDT,2014-02-07 00:00:00+00:00,2.26379227,0.4121
SOLUSDT,2014-02-08 00:00:00+00:00,2.15811443,0.4473
SOLUSDT,2014-02-09 00:00:00+00:00,2.18797536,0.4373
SOLUSDT,2014-02-10 00:00:00+00:00,2.1809637,0.4397
SOLUSDT,2014-02-11 00:00:00+00:00,2.13932234,0.4536
SOLUSDT,2014-02-12 00:00:00+00:00,2.08400611,0.472
SOLUSDT,2014-02-13 00:00:00+00:00,1.95543342,0.5149
SOLUSDT,2014-02-14 00:00:00+00:00,2.12998114,0.4567
SOLUSDT,2014-02-15 00:00:00+00:00,2.08368328,0.4721
SOLUSDT,2014-02-16 00:00:00+00:00,1.98508729,0.505
SOLUSDT,2014-02-17 00:00:00+00:00,2.01155832,0.4961
SOLUSDT,2014-02-18 00:00:00+00:00,1.99849686,0.5005
SOLUSDT,2014-02-19 00:00:00+00:00,1.9894402,0.5035
SOLUSDT,2014-02-20 00:00:00+00:00,1.80129677,0.5662
SOLUSDT,2014-02-21 00:00:00+00:00,1.85383269,0.5487
SOLUSDT,2014-02-22 00:00:00+00:00,1.93944631,0.5202
SOLUSDT,2014-02-23 00:00:00+00:00,1.94857991,0.5171
SOLUSDT,2014-02-24 00:00:00+00:00,1.7420652,0.586
SOLUSDT,2014-02-25 00:00:00+00:00,1.72827883,0.5906
SOLUSDT,2014-02-26 00:00:00+00:00,1.89989181,0.5334
SOLUSDT,2014-02-27 00:00:00+00:00,1.89448535,0.5352
SOLUSDT,2014-02-28 00:00:00+00:00,1.78120748,0.5729
SOLUSDT,2014-03-01 00:00:00+00:00,1.83532329,0.5549
SOLUSDT,2014-03-02 00:00:00+00:00,1.80787101,0.564
SOLUSDT,2014-03-03 00:00:00+00:00,2.18083347,0.4397
SOLUSDT,2014-03-04 00:00:00+00:00,2.17294282,0.4424
SOLUSDT,2014-03-05 00:00:00+00:00,2.15549405,0.4482
SOLUSDT,2014-03-06 00:00:00+00:00,2.14266138,0.4524
SOLUSDT,2014-03-07 00:00:00+00:00,1.96402906,0.512
SOLUSDT,2014-03-08 00:00:00+00:00,1.93041869,0.5232
SOLUSDT,2014-03-09 00:00:00+00:00,1.95221351,0.5159
SOLUSDT,2014-03-10 00:00:00+00:00,1.9107893,0.5297
SOLUSDT,2014-03-11 00:00:00+00:00,1.92512349,0.525
SOLUSDT,2014-03-12 00:00:00+00:00,1.92370225,0.5254
SOLUSDT,2014-03-13 00:00:00+00:00,1.94782915,0.5174
SOLUSDT,2014-03-14 00:00:00+00:00,1.90343662,0.5322
SOLUSDT,2014-03-15 00:00:00+00:00,1.92641386,0.5245
SOLUSDT,2014-03-16 00:00:00+00:00,1.91927821,0.5269
SOLUSDT,2014-03-17 00:00:00+00:00,1.88442201,0.5385
SOLUSDT,2014-03-18 00:00:00+00:00,1.85742156,0.5475
SOLUSDT,2014-03-19 00:00:00+00:00,1.84533875,0.5516
SOLUSDT,2014-03-20 00:00:00+00:00,1.77477734,0.5751
SOLUSDT,2014-03-21 00:00:00+00:00,1.71786219,0.594
SOLUSDT,2014-03-22 00:00:00+00:00,1.7024792,0.5992
SOLUSDT,2014-03-23 00:00:00+00:00,1.68536505,0.6049
SOLUSDT,2014-03-24 00:00:00+00:00,1.76264446,0.5791
SOLUSDT,2014-03-25 00:00:00+00:00,1.75724218,0.5809
SOLUSDT,2014-03-26 00:00:00+00:00,1.74314104,0.5856
SOLUSDT,2014-03-27 00:00:00+00:00,1.4579435,0.6807
SOLUSDT,2014-03-28 00:00:00+00:00,1.50668923,0.6644
SOLUSDT,2014-03-29 00:00:00+00:00,1.47991892,0.6734
SOLUSDT,2014-03-30 00:00:00+00:00,1.38999605,0.7033
SOLUSDT,2014-03-31 00:00:00+00:00,1.38223661,0.7059
SOLUSDT,2014-04-01 00:00:00+00:00,1.45469684,0.6818
SOLUSDT,2014-04-02 00:00:00+00:00,1.33564877,0.7215
SOLUSDT,2014-04-03 00:00:00+00:00,1.36778873,0.7107
SOLUSDT,2014-04-04 00:00:00+00:00,1.36964635,0.7101
SOLUSDT,2014-04-05 00:00:00+00:00,1.41084013,0.6964
SOLUSDT,2014-04-06 00:00:00+00:00,1.40141439,0.6995
SOLUSDT,2014-04-07 00:00:00+00:00,1.37167544,0.7094
SOLUSDT,2014-04-08 00:00:00+00:00,1.38533994,0.7049
SOLUSDT,2014-04-09 00:00:00+00:00,1.35469234,0.7151
SOLUSDT,2014-04-10 00:00:00+00:00,1.1286601,0.7904
SOLUSDT,2014-04-11 00:00:00+00:00,1.30082437,0.7331
SOLUSDT,2014-04-12 00:00:00+00:00,1.30827456,0.7306
SOLUSDT,2014-04-13 00:00:00+00:00,1.28401659,0.7387
SOLUSDT,2014-04-14 00:00:00+00:00,1.42132931,0.6929
SOLUSDT,2014-04-15 00:00:00+00:00,1.60547388,0.6315
SOLUSDT,2014-04-16 00:00:00+00:00,1.62848084,0.6238
SOLUSDT,2014-04-17 00:00:00+00:00,1.53010414,0.6566
SOLUSDT,2014-04-18 00:00:00+00:00,1.48000554,0.6733
SOLUSDT,2014-04-19 00:00:00+00:00,1.54481447,0.6517
SOLUSDT,2014-04-20 00:00:00+00:00,1.53703688,0.6543
SOLUSDT,2014-04-21 00:00:00+00:00,1.52622244,0.6579
SOLUSDT,2014-04-22 00:00:00+00:00,1.50076937,0.6664
SOLUSDT,2014-04-23 00:00:00+00:00,1.5016104,0.6661
SOLUSDT,2014-04-24 00:00:00+00:00,1.53947611,0.6535
SOLUSDT,2014-04-25 00:00:00+00:00,1.42807837,0.6906
SOLUSDT,2014-04-26 00:00:00+00:00,1.4063299,0.6979
SOLUSDT,2014-04-27 00:00:00+00:00,1.34395279,0.7187
SOLUSDT,2014-04-28 00:00:00+00:00,1.35421878,0.7153
SOLUSDT,2014-04-29 00:00:00+00:00,1.37364362,0.7088
SOLUSDT,2014-04-30 00:00:00+00:00,1.37742743,0.7075
SOLUSDT,2014-05-01 00:00:00+00:00,1.41200262,0.696
SOLUSDT,2014-05-02 00:00:00+00:00,1.38757157,0.7041
SOLUSDT,2014-05-03 00:00:00+00:00,1.34737725,0.7175
SOLUSDT,2014-05-04 00:00:00+00:00,1.34079342,0.7197
SOLUSDT,2014-05-05 00:00:00+00:00,1.32836701,0.7239
SOLUSDT,2014-05-06 00:00:00+00:00,1.32260352,0.7258
SOLUSDT,2014-05-07 00:00:00+00:00,1.36002582,0.7133
SOLUSDT,2014-05-08 00:00:00+00:00,1.35471389,0.7151
SOLUSDT,2014-05-09 00:00:00+00:00,1.39224562,0.7026
SOLUSDT,2014-05-10 00:00:00+00:00,1.4045981,0.6985
SOLUSDT,2014-05-11 00:00:00+00:00,1.3505933,0.7165
SOLUSDT,2014-05-12 00:00:00+00:00,1.3576711,0.7141
SOLUSDT,2014-05-13 00:00:00+00:00,1.35114784,0.7163
SOLUSDT,2014-05-14 00:00:00+00:00,1.36967388,0.7101
SOLUSDT,2014-05-15 00:00:00+00:00,1.37634402,0.7079
SOLUSDT,2014-05-16 00:00:00+00:00,1.38233452,0.7059
SOLUSDT,2014-05-17 00:00:00+00:00,1.38379554,0.7054
SOLUSDT,2014-05-18 00:00:00+00:00,1.37668474,0.7078
SOLUSDT,2014-05-19 00:00:00+00:00,1.37835145,0.7072
SOLUSDT,2014-05-20 00:00:00+00:00,1.50867507,0.6638
SOLUSDT,2014-05-21 00:00:00+00:00,1.51856262,0.6605
SOLUSDT,2014-05-22 00:00:00+00:00,1.61686251,0.6277
SOLUSDT,2014-05-23 00:00:00+00:00,1.60608676,0.6313
SOLUSDT,2014-05-24 00:00:00+00:00,1.61622687,0.6279
SOLUSDT,2014-05-25 00:00:00+00:00,1.7510962,0.583
SOLUSDT,2014-05-26 00:00:00+00:00,1.78420425,0.5719
SOLUSDT,2014-05-27 00:00:00+00:00,1.7360648,0.588
SOLUSDT,2014-05-28 00:00:00+00:00,1.74983943,0.5834
SOLUSDT,2014-05-29 00:00:00+00:00,1.72220405,0.5926
SOLUSDT,2014-05-30 00:00:00+00:00,1.86223265,0.5459
SOLUSDT,2014-05-31 00:00:00+00:00,1.87963895,0.5401
SOLUSDT,2014-06-01 00:00:00+00:00,1.88300736,0.539
SOLUSDT,2014-06-02 00:00:00+00:00,1.97543263,0.5082
SOLUSDT,2014-06-03 00:00:00+00:00,1.99693718,0.501
SOLUSDT,2014-06-04 00:00:00+00:00,1.90998921,0.53
SOLUSDT,2014-06-05 00:00:00+00:00,1.95863649,0.5138
SOLUSDT,2014-06-06 00:00:00+00:00,1.92408683,0.5253
SOLUSDT,2014-06-07 00:00:00+00:00,1.94195206,0.5193
SOLUSDT,2014-06-08 00:00:00+00:00,1.94276934,0.5191
SOLUSDT,2014-06-09 00:00:00+00:00,1.91093556,0.5297
SOLUSDT,2014-06-10 00:00:00+00:00,1.91468487,0.5284
SOLUSDT,2014-06-11 00:00:00+00:00,1.8557786,0.5481
SOLUSDT,2014-06-12 00:00:00+00:00,1.71579412,0.5947
SOLUSDT,2014-06-13 00:00:00+00:00,1.72900225,0.5903
SOLUSDT,2014-06-14 00:00:00+00:00,1.6672379,0.6109
SOLUSDT,2014-06-15 00:00:00+00:00,1.70763012,0.5975
SOLUSDT,2014-06-16 00:00:00+00:00,1.70895309,0.597
SOLUSDT,2014-06-17 00:00:00+00:00,1.76144005,0.5795
SOLUSDT,2014-06-18 00:00:00+00:00,1.75639628,0.5812
SOLUSDT,2014-06-19 00:00:00+00:00,1.72175665,0.5927
SOLUSDT,2014-06-20 00:00:00+00:00,1.70893923,0.597
SOLUSDT,2014-06-21 00:00:00+00:00,1.71186032,0.596
SOLUSDT,2014-06-22 00:00:00+00:00,1.73072722,0.5898
SOLUSDT,2014-06-23 00:00:00+00:00,1.70033791,0.5999
SOLUSDT,2014-06-24 00:00:00+00:00,1.67166269,0.6094
SOLUSDT,2014-06-25 00:00:00+00:00,1.62093285,0.6264
SOLUSDT,2014-06-26 00:00:00+00:00,1.67219737,0.6093
SOLUSDT,2014-06-27 00:00:00+00:00,1.72780213,0.5907
SOLUSDT,2014-06-28 00:00:00+00:00,1.70918053,0.5969
SOLUSDT,2014-06-29 00:00:00+00:00,1.72411286,0.592
SOLUSDT,2014-06-30 00:00:00+00:00,1.82938369,0.5569
SOLUSDT,2014-07-01 00:00:00+00:00,1.83761917,0.5541
SOLUSDT,2014-07-02 00:00:00+00:00,1.85565119,0.5481
SOLUSDT,2014-07-03 00:00:00+00:00,1.83854971,0.5538
SOLUSDT,2014-07-04 00:00:00+00:00,1.79270708,0.5691
SOLUSDT,2014-07-05 00:00:00+00:00,1.79121232,0.5696
SOLUSDT,2014-07-06 00:00:00+00:00,1.80217443,0.5659
SOLUSDT,2014-07-07 00:00:00+00:00,1.76756914,0.5775
SOLUSDT,2014-07-08 00:00:00+00:00,1.77273738,0.5758
SOLUSDT,2014-07-09 00:00:00+00:00,1.76136723,0.5795
SOLUSDT,2014-07-10 00:00:00+00:00,1.74495565,0.585
SOLUSDT,2014-07-11 00:00:00+00:00,1.79446067,0.5685
SOLUSDT,2014-07-12 00:00:00+00:00,1.80030291,0.5666
SOLUSDT,2014-07-13 00:00:00+00:00,1.77957268,0.5735
SOLUSDT,2014-07-14 00:00:00+00:00,1.74898486,0.5837
SOLUSDT,2014-07-15 00:00:00+00:00,1.75571279,0.5814
SOLUSDT,2014-07-16 00:00:00+00:00,1.73946637,0.5868
SOLUSDT,2014-07-17 00:00:00+00:00,1.76036866,0.5799
SOLUSDT,2014-07-18 00:00:00+00:00,1.77738508,0.5742
SOLUSDT,2014-07-19 00:00:00+00:00,1.77274463,0.5758
SOLUSDT,2014-07-20 00:00:00+00:00,1.76080313,0.5797
SOLUSDT,2014-07-21 00:00:00+00:00,1.74762284,0.5841
SOLUSDT,2014-07-22 00:00:00+00:00,1.74270129,0.5858
SOLUSDT,2014-07-23 00:00:00+00:00,1.74066345,0.5864
SOLUSDT,2014-07-24 00:00:00+00:00,1.69279908,0.6024
SOLUSDT,2014-07-25 00:00:00+00:00,1.68863136,0.6038
SOLUSDT,2014-07-26 00:00:00+00:00,1.66914747,0.6103
SOLUSDT,2014-07-27 00:00:00+00:00,1.65995112,0.6133
SOLUSDT,2014-07-28 00:00:00+00:00,1.64850401,0.6172
SOLUSDT,2014-07-29 00:00:00+00:00,1.63937643,0.6202
SOLUSDT,2014-07-30 00:00:00+00:00,1.58077127,0.6397
SOLUSDT,2014-07-31 00:00:00+00:00,1.63310806,0.6223
SOLUSDT,2014-08-01 00:00:00+00:00,1.67172212,0.6094
SOLUSDT,2014-08-02 00:00:00+00:00,1.65218507,0.6159
SOLUSDT,2014-08-03 00:00:00+00:00,1.64362281,0.6188
SOLUSDT,2014-08-04 00:00:00+00:00,1.64417187,0.6186
SOLUSDT,2014-08-05 00:00:00+00:00,1.61859835,0.6271
SOLUSDT,2014-08-06 00:00:00+00:00,1.61916711,0.6269
SOLUSDT,2014-08-07 00:00:00+00:00,1.62893008,0.6237
SOLUSDT,2014-08-08 00:00:00+00:00,1.63661291,0.6211
SOLUSDT,2014-08-09 00:00:00+00:00,1.63562717,0.6215
SOLUSDT,2014-08-10 00:00:00+00:00,1.63601768,0.6213
SOLUSDT,2014-08-11 00:00:00+00:00,1.59181557,0.6361
SOLUSDT,2014-08-12 00:00:00+00:00,1.57747585,0.6408
SOLUSDT,2014-08-13 00:00:00+00:00,1.52247712,0.6592
SOLUSDT,2014-08-14 00:00:00+00:00,1.40529956,0.6982
SOLUSDT,2014-08-15 00:00:00+00:00,1.39272818,0.7024
SOLUSDT,2014-08-16 00:00:00+00:00,1.4519714,0.6827
SOLUSDT,2014-08-17 00:00:00+00:00,1.38521881,0.7049
SOLUSDT,2014-08-18 00:00:00+00:00,1.30849176,0.7305
SOLUSDT,2014-08-19 00:00:00+00:00,1.35854035,0.7138
SOLUSDT,2014-08-20 00:00:00+00:00,1.43685004,0.6877
SOLUSDT,2014-08-21 00:00:00+00:00,1.44883851,0.6837
SOLUSDT,2014-08-22 00:00:00+00:00,1.43998218,0.6867
SOLUSDT,2014-08-23 00:00:00+00:00,1.38794257,0.704
SOLUSDT,2014-08-24 00:00:00+00:00,1.41936719,0.6935
SOLUSDT,2014-08-25 00:00:00+00:00,1.40049218,0.6998
SOLUSDT,2014-08-26 00:00:00+00:00,1.4286897,0.6904
SOLUSDT,2014-08-27 00:00:00+00:00,1.42412594,0.692
SOLUSDT,2014-08-28 00:00:00+00:00,1.41962708,0.6935
SOLUSDT,2014-08-29 00:00:00+00:00,1.4275503,0.6908
SOLUSDT,2014-08-30 00:00:00+00:00,1.40634187,0.6979
SOLUSDT,2014-08-31 00:00:00+00:00,1.34266216,0.7191
SOLUSDT,2014-09-01 00:00:00+00:00,1.33136652,0.7229
SOLUSDT,2014-09-02 00:00:00+00:00,1.33208957,0.7226
SOLUSDT,2014-09-03 00:00:00+00:00,1.33099316,0.723
SOLUSDT,2014-09-04 00:00:00+00:00,1.37428858,0.7086
SOLUSDT,2014-09-05 00:00:00+00:00,1.34365527,0.7188
SOLUSDT,2014-09-06 00:00:00+00:00,1.34865874,0.7171
SOLUSDT,2014-09-07 00:00:00+00:00,1.34317011,0.7189
SOLUSDT,2014-09-08 00:00:00+00:00,1.31734021,0.7276
SOLUSDT,2014-09-09 00:00:00+00:00,1.33112394,0.723
SOLUSDT,2014-09-10 00:00:00+00:00,1.34373558,0.7188
SOLUSDT,2014-09-11 00:00:00+00:00,1.34256122,0.7191
SOLUSDT,2014-09-12 00:00:00+00:00,1.33422001,0.7219
SOLUSDT,2014-09-13 00:00:00+00:00,1.34529696,0.7182
SOLUSDT,2014-09-14 00:00:00+00:00,1.33870825,0.7204
SOLUSDT,2014-09-15 00:00:00+00:00,1.33078173,0.7231
SOLUSDT,2014-09-16 00:00:00+00:00,1.30741226,0.7309
SOLUSDT,2014-09-17 00:00:00+00:00,1.28560635,0.7381
SOLUSDT,2014-09-18 00:00:00+00:00,1.20503333,0.765
SOLUSDT,2014-09-19 00:00:00+00:00,1.11512348,0.795
SOLUSDT,2014-09-20 00:00:00+00:00,1.16620763,0.7779
SOLUSDT,2014-09-21 00:00:00+00:00,1.1367134,0.7878
SOLUSDT,2014-09-22 00:00:00+00:00,1.13884767,0.7871
SOLUSDT,2014-09-23 00:00:00+00:00,1.2456203,0.7515
SOLUSDT,2014-09-24 00:00:00+00:00,1.20431489,0.7652
SOLUSDT,2014-09-25 00:00:00+00:00,1.16485544,0.7784
SOLUSDT,2014-09-26 00:00:00+00:00,1.15453429,0.7818
SOLUSDT,2014-09-27 00:00:00+00:00,1.14181027,0.7861
SOLUSDT,2014-09-28 00:00:00+00:00,1.07103907,0.8097
SOLUSDT,2014-09-29 00:00:00+00:00,1.0668785,0.811
SOLUSDT,2014-09-30 00:00:00+00:00,1.1140296,0.7953
SOLUSDT,2014-10-01 00:00:00+00:00,1.09708972,0.801
SOLUSDT,2014-10-02 00:00:00+00:00,1.06843242,0.8105
SOLUSDT,2014-10-03 00:00:00+00:00,1.02941189,0.8235
SOLUSDT,2014-10-04 00:00:00+00:00,0.9484552,0.8505
SOLUSDT,2014-10-05 00:00:00+00:00,0.93172895,0.8561
SOLUSDT,2014-10-06 00:00:00+00:00,0.95087199,0.8497
SOLUSDT,2014-10-07 00:00:00+00:00,0.97154668,0.8428
SOLUSDT,2014-10-08 00:00:00+00:00,1.03194969,0.8227
SOLUSDT,2014-10-09 00:00:00+00:00,1.05462843,0.8151
SOLUSDT,2014-10-10 00:00:00+00:00,1.04743744,0.8175
SOLUSDT,2014-10-11 00:00:00+00:00,1.05694518,0.8144
SOLUSDT,2014-10-12 00:00:00+00:00,1.10393506,0.7987
SOLUSDT,2014-10-13 00:00:00+00:00,1.14335604,0.7855
SOLUSDT,2014-10-14 00:00:00+00:00,1.16884486,0.7771
SOLUSDT,2014-10-15 00:00:00+00:00,1.15308824,0.7823
SOLUSDT,2014-10-16 00:00:00+00:00,1.11729203,0.7942
SOLUSDT,2014-10-17 00:00:00+00:00,1.11813531,0.794
SOLUSDT,2014-10-18 00:00:00+00:00,1.14449554,0.7852
SOLUSDT,2014-10-19 00:00:00+00:00,1.13688775,0.7877
SOLUSDT,2014-10-20 00:00:00+00:00,1.11540138,0.7949
SOLUSDT,2014-10-21 00:00:00+00:00,1.1273598,0.7909
SOLUSDT,2014-10-22 00:00:00+00:00,1.11497797,0.795
SOLUSDT,2014-10-23 00:00:00+00:00,1.04769288,0.8174
SOLUSDT,2014-10-24 00:00:00+00:00,1.04955841,0.8168
SOLUSDT,2014-10-25 00:00:00+00:00,1.01613431,0.828
SOLUSDT,2014-10-26 00:00:00+00:00,1.03785791,0.8207
SOLUSDT,2014-10-27 00:00:00+00:00,1.02988218,0.8234
SOLUSDT,2014-10-28 00:00:00+00:00,1.04388822,0.8187
SOLUSDT,2014-10-29 00:00:00+00:00,0.98355448,0.8388
SOLUSDT,2014-10-30 00:00:00+00:00,1.01672909,0.8278
SOLUSDT,2014-10-31 00:00:00+00:00,0.99675714,0.8344
SOLUSDT,2014-11-01 00:00:00+00:00,0.95963351,0.8468
SOLUSDT,2014-11-02 00:00:00+00:00,0.95980572,0.8467
SOLUSDT,2014-11-03 00:00:00+00:00,0.96404683,0.8453
SOLUSDT,2014-11-04 00:00:00+00:00,0.97805226,0.8406
SOLUSDT,2014-11-05 00:00:00+00:00,1.00559416,0.8315
SOLUSDT,2014-11-06 00:00:00+00:00,1.03634538,0.8212
SOLUSDT,2014-11-07 00:00:00+00:00,1.01476248,0.8284
SOLUSDT,2014-11-08 00:00:00+00:00,1.02534954,0.8249
SOLUSDT,2014-11-09 00:00:00+00:00,1.07917955,0.8069
SOLUSDT,2014-11-10 00:00:00+00:00,1.0847227,0.8051
SOLUSDT,2014-11-11 00:00:00+00:00,1.09194006,0.8027
SOLUSDT,2014-11-12 00:00:00+00:00,1.25193043,0.7494
SOLUSDT,2014-11-13 00:00:00+00:00,1.24597359,0.7513
SOLUSDT,2014-11-14 00:00:00+00:00,1.1770509,0.7743
SOLUSDT,2014-11-15 00:00:00+00:00,1.11736503,0.7942
SOLUSDT,2014-11-16 00:00:00+00:00,1.15327838,0.7822
SOLUSDT,2014-11-17 00:00:00+00:00,1.14624262,0.7846
SOLUSDT,2014-11-18 00:00:00+00:00,1.10670813,0.7978
SOLUSDT,2014-11-19 00:00:00+00:00,1.1187722,0.7937
SOLUSDT,2014-11-20 00:00:00+00:00,1.05691479,0.8144
SOLUSDT,2014-11-21 00:00:00+00:00,1.04171403,0.8194
SOLUSDT,2014-11-22 00:00:00+00:00,1.04704666,0.8177
SOLUSDT,2014-11-23 00:00:00+00:00,1.09252099,0.8025
SOLUSDT,2014-11-24 00:00:00+00:00,1.11975677,0.7934
SOLUSDT,2014-11-25 00:00:00+00:00,1.11940193,0.7935
SOLUSDT,2014-11-26 00:00:00+00:00,1.09262566,0.8025
SOLUSDT,2014-11-27 00:00:00+00:00,1.09877029,0.8004
SOLUSDT,2014-11-28 00:00:00+00:00,1.13429879,0.7886
SOLUSDT,2014-11-29 00:00:00+00:00,1.12906205,0.7903
SOLUSDT,2014-11-30 00:00:00+00:00,1.13677757,0.7877
SOLUSDT,2014-12-01 00:00:00+00:00,1.13825789,0.7872
SOLUSDT,2014-12-02 00:00:00+00:00,1.1510639,0.783
SOLUSDT,2014-12-03 00:00:00+00:00,1.13011906,0.79
SOLUSDT,2014-12-04 00:00:00+00:00,1.11229742,0.7959
SOLUSDT,2014-12-05 00:00:00+00:00,1.1410958,0.7863
SOLUSDT,2014-12-06 00:00:00+00:00,1.13129289,0.7896
SOLUSDT,2014-12-07 00:00:00+00:00,1.13597735,0.788
SOLUSDT,2014-12-08 00:00:00+00:00,1.10418082,0.7986
SOLUSDT,2014-12-09 00:00:00+00:00,1.06761307,0.8108
SOLUSDT,2014-12-10 00:00:00+00:00,1.06041309,0.8132
SOLUSDT,2014-12-11 00:00:00+00:00,1.06328138,0.8122
SOLUSDT,2014-12-12 00:00:00+00:00,1.07767689,0.8074
SOLUSDT,2014-12-13 00:00:00+00:00,1.06591465,0.8114
SOLUSDT,2014-12-14 00:00:00+00:00,1.08689147,0.8044
SOLUSDT,2014-12-15 00:00:00+00:00,1.06028962,0.8132
SOLUSDT,2014-12-16 00:00:00+00:00,1.00469489,0.8318
SOLUSDT,2014-12-17 00:00:00+00:00,0.98028857,0.8399
SOLUSDT,2014-12-18 00:00:00+00:00,0.96077271,0.8464
SOLUSDT,2014-12-19 00:00:00+00:00,0.97619248,0.8413
SOLUSDT,2014-12-20 00:00:00+00:00,1.01306177,0.829
SOLUSDT,2014-12-21 00:00:00+00:00,0.98778637,0.8374
SOLUSDT,2014-12-22 00:00:00+00:00,1.0214974,0.8262
SOLUSDT,2014-12-23 00:00:00+00:00,1.03954357,0.8202
SOLUSDT,2014-12-24 00:00:00+00:00,0.99961153,0.8335
SOLUSDT,2014-12-25 00:00:00+00:00,0.98749454,0.8375
SOLUSDT,2014-12-26 00:00:00+00:00,1.01929944,0.8269
SOLUSDT,2014-12-27 00:00:00+00:00,0.97876537,0.8404
SOLUSDT,2014-12-28 00:00:00+00:00,0.98276009,0.8391
SOLUSDT,2014-12-29 00:00:00+00:00,0.97130504,0.8429
SOLUSDT,2014-12-30 00:00:00+00:00,0.9677018,0.8441
SOLUSDT,2014-12-31 00:00:00+00:00,1.00093553,0.833
SOLUSDT,2015-01-01 00:00:00+00:00,0.98274685,0.8391
SOLUSDT,2015-01-02 00:00:00+00:00,0.98668726,0.8378
SOLUSDT,2015-01-03 00:00:00+00:00,0.89443575,0.8685
SOLUSDT,2015-01-04 00:00:00+00:00,0.826303,0.8912
SOLUSDT,2015-01-05 00:00:00+00:00,0.86470946,0.8784
SOLUSDT,2015-01-06 00:00:00+00:00,0.90423431,0.8653
SOLUSDT,2015-01-07 00:00:00+00:00,0.93577843,0.8547
SOLUSDT,2015-01-08 00:00:00+00:00,0.89651769,0.8678
SOLUSDT,2015-01-09 00:00:00+00:00,0.9241025,0.8586
SOLUSDT,2015-01-10 00:00:00+00:00,0.87375367,0.8754
SOLUSDT,2015-01-11 00:00:00+00:00,0.85069708,0.8831
SOLUSDT,2015-01-12 00:00:00+00:00,0.85146752,0.8828
SOLUSDT,2015-01-13 00:00:00+00:00,0.71350593,0.9288
SOLUSDT,2015-01-14 00:00:00+00:00,0.56357972,0.9788
SOLUSDT,2015-01-15 00:00:00+00:00,0.68179854,0.9394
SOLUSDT,2015-01-16 00:00:00+00:00,0.66753485,0.9442
SOLUSDT,2015-01-17 00:00:00+00:00,0.64325099,0.9522
SOLUSDT,2015-01-18 00:00:00+00:00,0.68000493,0.94
SOLUSDT,2015-01-19 00:00:00+00:00,0.69895138,0.9337
SOLUSDT,2015-01-20 00:00:00+00:00,0.68366065,0.9388
SOLUSDT,2015-01-21 00:00:00+00:00,0.73912676,0.9203
SOLUSDT,2015-01-22 00:00:00+00:00,0.75789177,0.914
SOLUSDT,2015-01-23 00:00:00+00:00,0.75661441,0.9145
SOLUSDT,2015-01-24 00:00:00+00:00,0.8081469,0.8973
SOLUSDT,2015-01-25 00:00:00+00:00,0.8258294,0.8914
SOLUSDT,2015-01-26 00:00:00+00:00,0.89147229,0.8695
SOLUSDT,2015-01-27 00:00:00+00:00,0.86202293,0.8793
SOLUSDT,2015-01-28 00:00:00+00:00,0.76846781,0.9105
SOLUSDT,2015-01-29 00:00:00+00:00,0.76357085,0.9121
SOLUSDT,2015-01-30 00:00:00+00:00,0.74804548,0.9173
SOLUSDT,2015-01-31 00:00:00+00:00,0.71163625,0.9295
SOLUSDT,2015-02-01 00:00:00+00:00,0.74387279,0.9187
SOLUSDT,2015-02-02 00:00:00+00:00,0.78676033,0.9044
SOLUSDT,2015-02-03 00:00:00+00:00,0.74694335,0.9177
SOLUSDT,2015-02-04 00:00:00+00:00,0.7443882,0.9185
SOLUSDT,2015-02-05 00:00:00+00:00,0.71333929,0.9289
SOLUSDT,2015-02-06 00:00:00+00:00,0.73237364,0.9225
SOLUSDT,2015-02-07 00:00:00+00:00,0.75214553,0.916
SOLUSDT,2015-02-08 00:00:00+00:00,0.73731062,0.9209
SOLUSDT,2015-02-09 00:00:00+00:00,0.72729218,0.9242
SOLUSDT,2015-02-10 00:00:00+00:00,0.72810409,0.924
SOLUSDT,2015-02-11 00:00:00+00:00,0.72439005,0.9252
SOLUSDT,2015-02-12 00:00:00+00:00,0.73482642,0.9217
SOLUSDT,2015-02-13 00:00:00+00:00,0.78098836,0.9063
SOLUSDT,2015-02-14 00:00:00+00:00,0.85038033,0.8832
SOLUSDT,2015-02-15 00:00:00+00:00,0.7743708,0.9085
SOLUSDT,2015-02-16 00:00:00+00:00,0.77684571,0.9077
SOLUSDT,2015-02-17 00:00:00+00:00,0.80607357,0.898
SOLUSDT,2015-02-18 00:00:00+00:00,0.78023417,0.9066
SOLUSDT,2015-02-19 00:00:00+00:00,0.80139075,0.8995
SOLUSDT,2015-02-20 00:00:00+00:00,0.81236962,0.8959
SOLUSDT,2015-02-21 00:00:00+00:00,0.81269734,0.8958
SOLUSDT,2015-02-22 00:00:00+00:00,0.78366869,0.9054
SOLUSDT,2015-02-23 00:00:00+00:00,0.79211394,0.9026
SOLUSDT,2015-02-24 00:00:00+00:00,0.79522354,0.9016
SOLUSDT,2015-02-25 00:00:00+00:00,0.79086428,0.903
SOLUSDT,2015-02-26 00:00:00+00:00,0.78721981,0.9043
SOLUSDT,2015-02-27 00:00:00+00:00,0.8470053,0.8843
SOLUSDT,2015-02-28 00:00:00+00:00,0.84675657,0.8844
SOLUSDT,2015-03-01 00:00:00+00:00,0.86514949,0.8783
SOLUSDT,2015-03-02 00:00:00+00:00,0.91679724,0.8611
SOLUSDT,2015-03-03 00:00:00+00:00,0.9391453,0.8536
SOLUSDT,2015-03-04 00:00:00+00:00,0.90841341,0.8639
SOLUSDT,2015-03-05 00:00:00+00:00,0.91835146,0.8605
SOLUSDT,2015-03-06 00:00:00+00:00,0.90850025,0.8638
SOLUSDT,2015-03-07 00:00:00+00:00,0.91980286,0.8601
SOLUSDT,2015-03-08 00:00:00+00:00,0.91749265,0.8608
SOLUSDT,2015-03-09 00:00:00+00:00,0.96777239,0.8441
SOLUSDT,2015-03-10 00:00:00+00:00,0.9731036,0.8423
SOLUSDT,2015-03-11 00:00:00+00:00,0.98702529,0.8377
SOLUSDT,2015-03-12 00:00:00+00:00,0.98143882,0.8395
SOLUSDT,2015-03-13 00:00:00+00:00,0.95005909,0.85
SOLUSDT,2015-03-14 00:00:00+00:00,0.94250473,0.8525
SOLUSDT,2015-03-15 00:00:00+00:00,0.95476771,0.8484
SOLUSDT,2015-03-16 00:00:00+00:00,0.96883474,0.8437
SOLUSDT,2015-03-17 00:00:00+00:00,0.94842564,0.8505
SOLUSDT,2015-03-18 00:00:00+00:00,0.85686576,0.881
SOLUSDT,2015-03-19 00:00:00+00:00,0.87346947,0.8755
SOLUSDT,2015-03-20 00:00:00+00:00,0.87674824,0.8744
SOLUSDT,2015-03-21 00:00:00+00:00,0.87101347,0.8763
SOLUSDT,2015-03-22 00:00:00+00:00,0.89689624,0.8677
SOLUSDT,2015-03-23 00:00:00+00:00,0.89015559,0.8699
SOLUSDT,2015-03-24 00:00:00+00:00,0.8245462,0.8918
SOLUSDT,2015-03-25 00:00:00+00:00,0.82488492,0.8917
SOLUSDT,2015-03-26 00:00:00+00:00,0.834809,0.8884
SOLUSDT,2015-03-27 00:00:00+00:00,0.82811622,0.8906
SOLUSDT,2015-03-28 00:00:00+00:00,0.84785463,0.884
SOLUSDT,2015-03-29 00:00:00+00:00,0.81383575,0.8954
SOLUSDT,2015-03-30 00:00:00+00:00,0.83226724,0.8892
SOLUSDT,2015-03-31 00:00:00+00:00,0.82051756,0.8932
SOLUSDT,2015-04-01 00:00:00+00:00,0.83080879,0.8897
SOLUSDT,2015-04-02 00:00:00+00:00,0.85233643,0.8826
SOLUSDT,2015-04-03 00:00:00+00:00,0.85676268,0.8811
SOLUSDT,2015-04-04 00:00:00+00:00,0.85381712,0.8821
SOLUSDT,2015-04-05 00:00:00+00:00,0.87790912,0.874
SOLUSDT,2015-04-06 00:00:00+00:00,0.86213123,0.8793
SOLUSDT,2015-04-07 00:00:00+00:00,0.85722526,0.8809
SOLUSDT,2015-04-08 00:00:00+00:00,0.82735719,0.8909
SOLUSDT,2015-04-09 00:00:00+00:00,0.82153081,0.8928
SOLUSDT,2015-04-10 00:00:00+00:00,0.7967323,0.9011
SOLUSDT,2015-04-11 00:00:00+00:00,0.80216867,0.8993
SOLUSDT,2015-04-12 00:00:00+00:00,0.80176151,0.8994
SOLUSDT,2015-04-13 00:00:00+00:00,0.76357046,0.9121
SOLUSDT,2015-04-14 00:00:00+00:00,0.74489185,0.9184
SOLUSDT,2015-04-15 00:00:00+00:00,0.75926768,0.9136
SOLUSDT,2015-04-16 00:00:00+00:00,0.77719921,0.9076
SOLUSDT,2015-04-17 00:00:00+00:00,0.75827898,0.9139
SOLUSDT,2015-04-18 00:00:00+00:00,0.76055574,0.9131
SOLUSDT,2015-04-19 00:00:00+00:00,0.76035314,0.9132
SOLUSDT,2015-04-20 00:00:00+00:00,0.76631946,0.9112
SOLUSDT,2015-04-21 00:00:00+00:00,0.80085177,0.8997
SOLUSDT,2015-04-22 00:00:00+00:00,0.79730639,0.9009
SOLUSDT,2015-04-23 00:00:00+00:00,0.80445024,0.8985
SOLUSDT,2015-04-24 00:00:00+00:00,0.78956794,0.9035
SOLUSDT,2015-04-25 00:00:00+00:00,0.77276772,0.9091
SOLUSDT,2015-04-26 00:00:00+00:00,0.75294572,0.9157
SOLUSDT,2015-04-27 00:00:00+00:00,0.77665961,0.9078
SOLUSDT,2015-04-28 00:00:00+00:00,0.77087913,0.9097
SOLUSDT,2015-04-29 00:00:00+00:00,0.77154151,0.9095
SOLUSDT,2015-04-30 00:00:00+00:00,0.80792304,0.8974
SOLUSDT,2015-05-01 00:00:00+00:00,0.7959527,0.9013
SOLUSDT,2015-05-02 00:00:00+00:00,0.80559481,0.8981
SOLUSDT,2015-05-03 00:00:00+00:00,0.8223728,0.8925
SOLUSDT,2015-05-04 00:00:00+00:00,0.81741779,0.8942
SOLUSDT,2015-05-05 00:00:00+00:00,0.80768013,0.8974
SOLUSDT,2015-05-06 00:00:00+00:00,0.78562752,0.9048
SOLUSDT,2015-05-07 00:00:00+00:00,0.81202047,0.896
SOLUSDT,2015-05-08 00:00:00+00:00,0.83681725,0.8877
SOLUSDT,2015-05-09 00:00:00+00:00,0.83113721,0.8896
SOLUSDT,2015-05-10 00:00:00+00:00,0.82457424,0.8918
SOLUSDT,2015-05-11 00:00:00+00:00,0.83050336,0.8898
SOLUSDT,2015-05-12 00:00:00+00:00,0.83069449,0.8898
SOLUSDT,2015-05-13 00:00:00+00:00,0.81161902,0.8961
SOLUSDT,2015-05-14 00:00:00+00:00,0.81336253,0.8955
SOLUSDT,2015-05-15 00:00:00+00:00,0.81536167,0.8949
SOLUSDT,2015-05-16 00:00:00+00:00,0.80981981,0.8967
SOLUSDT,2015-05-17 00:00:00+00:00,0.81389832,0.8954
SOLUSDT,2015-05-18 00:00:00+00:00,0.80026593,0.8999
SOLUSDT,2015-05-19 00:00:00+00:00,0.79745588,0.9008
SOLUSDT,2015-05-20 00:00:00+00:00,0.80520035,0.8983
SOLUSDT,2015-05-21 00:00:00+00:00,0.81004487,0.8967
SOLUSDT,2015-05-22 00:00:00+00:00,0.82662537,0.8911
SOLUSDT,2015-05-23 00:00:00+00:00,0.8221977,0.8926
SOLUSDT,2015-05-24 00:00:00+00:00,0.82826864,0.8906
SOLUSDT,2015-05-25 00:00:00+00:00,0.81597835,0.8947
SOLUSDT,2015-05-26 00:00:00+00:00,0.8155281,0.8948
SOLUSDT,2015-05-27 00:00:00+00:00,0.81731823,0.8942
SOLUSDT,2015-05-28 00:00:00+00:00,0.81693429,0.8944
SOLUSDT,2015-05-29 00:00:00+00:00,0.81601049,0.8947
SOLUSDT,2015-05-30 00:00:00+00:00,0.80519424,0.8983
SOLUSDT,2015-05-31 00:00:00+00:00,0.79414393,0.902
SOLUSDT,2015-06-01 00:00:00+00:00,0.77376466,0.9087
SOLUSDT,2015-06-02 00:00:00+00:00,0.78141163,0.9062
SOLUSDT,2015-06-03 00:00:00+00:00,0.781559,0.9061
SOLUSDT,2015-06-04 00:00:00+00:00,0.77606861,0.908
SOLUSDT,2015-06-05 00:00:00+00:00,0.78040202,0.9065
SOLUSDT,2015-06-06 00:00:00+00:00,0.78204257,0.906
SOLUSDT,2015-06-07 00:00:00+00:00,0.77660755,0.9078
SOLUSDT,2015-06-08 00:00:00+00:00,0.79532581,0.9016
SOLUSDT,2015-06-09 00:00:00+00:00,0.79751177,0.9008
SOLUSDT,2015-06-10 00:00:00+00:00,0.79522298,0.9016
SOLUSDT,2015-06-11 00:00:00+00:00,0.79912895,0.9003
SOLUSDT,2015-06-12 00:00:00+00:00,0.79991673,0.9
SOLUSDT,2015-06-13 00:00:00+00:00,0.81144066,0.8962
SOLUSDT,2015-06-14 00:00:00+00:00,0.80992401,0.8967
SOLUSDT,2015-06-15 00:00:00+00:00,0.8248878,0.8917
SOLUSDT,2015-06-16 00:00:00+00:00,0.87513216,0.875
SOLUSDT,2015-06-17 00:00:00+00:00,0.86325931,0.8789
SOLUSDT,2015-06-18 00:00:00+00:00,0.86709753,0.8776
SOLUSDT,2015-06-19 00:00:00+00:00,0.85251691,0.8825
SOLUSDT,2015-06-20 00:00:00+00:00,0.85520736,0.8816
SOLUSDT,2015-06-21 00:00:00+00:00,0.85070324,0.8831
SOLUSDT,2015-06-22 00:00:00+00:00,0.86017515,0.8799
SOLUSDT,2015-06-23 00:00:00+00:00,0.85051054,0.8832
SOLUSDT,2015-06-24 00:00:00+00:00,0.8379559,0.8873
SOLUSDT,2015-06-25 00:00:00+00:00,0.8448489,0.8851
SOLUSDT,2015-06-26 00:00:00+00:00,0.84717268,0.8843
SOLUSDT,2015-06-27 00:00:00+00:00,0.87686139,0.8744
SOLUSDT,2015-06-28 00:00:00+00:00,0.86825845,0.8772
SOLUSDT,2015-06-29 00:00:00+00:00,0.89447788,0.8685
SOLUSDT,2015-06-30 00:00:00+00:00,0.91895089,0.8603
SOLUSDT,2015-07-01 00:00:00+00:00,0.89877462,0.8671
SOLUSDT,2015-07-02 00:00:00+00:00,0.88759905,0.8708
SOLUSDT,2015-07-03 00:00:00+00:00,0.89360593,0.8688
SOLUSDT,2015-07-04 00:00:00+00:00,0.90895603,0.8637
SOLUSDT,2015-07-05 00:00:00+00:00,0.94652746,0.8512
SOLUSDT,2015-07-06 00:00:00+00:00,0.93879668,0.8537
SOLUSDT,2015-07-07 00:00:00+00:00,0.92913382,0.857
SOLUSDT,2015-07-08 00:00:00+00:00,0.94328042,0.8522
SOLUSDT,2015-07-09 00:00:00+00:00,0.94097662,0.853
SOLUSDT,2015-07-10 00:00:00+00:00,0.99548676,0.8348
SOLUSDT,2015-07-11 00:00:00+00:00,1.02415822,0.8253
SOLUSDT,2015-07-12 00:00:00+00:00,1.08367916,0.8054
SOLUSDT,2015-07-13 00:00:00+00:00,1.0183322,0.8272
SOLUSDT,2015-07-14 00:00:00+00:00,1.00130096,0.8329
SOLUSDT,2015-07-15 00:00:00+00:00,0.9949258,0.835
SOLUSDT,2015-07-16 00:00:00+00:00,0.96964467,0.8435
SOLUSDT,2015-07-17 00:00:00+00:00,0.97483547,0.8417
SOLUSDT,2015-07-18 00:00:00+00:00,0.96571539,0.8448
SOLUSDT,2015-07-19 00:00:00+00:00,0.95860718,0.8471
SOLUSDT,2015-07-20 00:00:00+00:00,0.97272012,0.8424
SOLUSDT,2015-07-21 00:00:00+00:00,0.96438518,0.8452
SOLUSDT,2015-07-22 00:00:00+00:00,0.96830559,0.8439
SOLUSDT,2015-07-23 00:00:00+00:00,0.96492102,0.845
SOLUSDT,2015-07-24 00:00:00+00:00,1.00796633,0.8307
SOLUSDT,2015-07-25 00:00:00+00:00,1.00828547,0.8306
SOLUSDT,2015-07-26 00:00:00+00:00,1.02127006,0.8262
SOLUSDT,2015-07-27 00:00:00+00:00,1.02492676,0.825
SOLUSDT,2015-07-28 00:00:00+00:00,1.02815783,0.8239
SOLUSDT,2015-07-29 00:00:00+00:00,1.00910193,0.8303
SOLUSDT,2015-07-30 00:00:00+00:00,1.00375693,0.8321
SOLUSDT,2015-07-31 00:00:00+00:00,0.99098704,0.8363
SOLUSDT,2015-08-01 00:00:00+00:00,0.98089158,0.8397
SOLUSDT,2015-08-02 00:00:00+00:00,0.98353023,0.8388
SOLUSDT,2015-08-03 00:00:00+00:00,0.98277599,0.8391
SOLUSDT,2015-08-04 00:00:00+00:00,0.99397021,0.8353
SOLUSDT,2015-08-05 00:00:00+00:00,0.98382413,0.8387
SOLUSDT,2015-08-06 00:00:00+00:00,0.97232925,0.8426
SOLUSDT,2015-08-07 00:00:00+00:00,0.97419688,0.8419
SOLUSDT,2015-08-08 00:00:00+00:00,0.91166096,0.8628
SOLUSDT,2015-08-09 00:00:00+00:00,0.93317694,0.8556
SOLUSDT,2015-08-10 00:00:00+00:00,0.92856137,0.8571
SOLUSDT,2015-08-11 00:00:00+00:00,0.95127646,0.8496
SOLUSDT,2015-08-12 00:00:00+00:00,0.93998135,0.8533
SOLUSDT,2015-08-13 00:00:00+00:00,0.92822959,0.8573
SOLUSDT,2015-08-14 00:00:00+00:00,0.93435614,0.8552
SOLUSDT,2015-08-15 00:00:00+00:00,0.91933993,0.8602
SOLUSDT,2015-08-16 00:00:00+00:00,0.90950511,0.8635
SOLUSDT,2015-08-17 00:00:00+00:00,0.90668516,0.8644
SOLUSDT,2015-08-18 00:00:00+00:00,0.76798027,0.9107
SOLUSDT,2015-08-19 00:00:00+00:00,0.80186184,0.8994
SOLUSDT,2015-08-20 00:00:00+00:00,0.83203851,0.8893
SOLUSDT,2015-08-21 00:00:00+00:00,0.82326318,0.8922
SOLUSDT,2015-08-22 00:00:00+00:00,0.81611734,0.8946
SOLUSDT,2015-08-23 00:00:00+00:00,0.8092317,0.8969
SOLUSDT,2015-08-24 00:00:00+00:00,0.75213176,0.916
SOLUSDT,2015-08-25 00:00:00+00:00,0.79407506,0.902
SOLUSDT,2015-08-26 00:00:00+00:00,0.80814493,0.8973
SOLUSDT,2015-08-27 00:00:00+00:00,0.80418084,0.8986
SOLUSDT,2015-08-28 00:00:00+00:00,0.82998858,0.89
SOLUSDT,2015-08-29 00:00:00+00:00,0.82198826,0.8927
SOLUSDT,2015-08-30 00:00:00+00:00,0.81927215,0.8936
SOLUSDT,2015-08-31 00:00:00+00:00,0.82540167,0.8915
SOLUSDT,2015-09-01 00:00:00+00:00,0.81598508,0.8947
SOLUSDT,2015-09-02 00:00:00+00:00,0.82188383,0.8927
SOLUSDT,2015-09-03 00:00:00+00:00,0.81397546,0.8953
SOLUSDT,2015-09-04 00:00:00+00:00,0.82872426,0.8904
SOLUSDT,2015-09-05 00:00:00+00:00,0.8456626,0.8848
SOLUSDT,2015-09-06 00:00:00+00:00,0.86322379,0.8789
SOLUSDT,2015-09-07 00:00:00+00:00,0.86259401,0.8791
SOLUSDT,2015-09-08 00:00:00+00:00,0.87516289,0.8749
SOLUSDT,2015-09-09 00:00:00+00:00,0.85581756,0.8814
SOLUSDT,2015-09-10 00:00:00+00:00,0.85661875,0.8811
SOLUSDT,2015-09-11 00:00:00+00:00,0.86421443,0.8786
SOLUSDT,2015-09-12 00:00:00+00:00,0.84831164,0.8839
SOLUSDT,2015-09-13 00:00:00+00:00,0.82782905,0.8907
SOLUSDT,2015-09-14 00:00:00+00:00,0.82963832,0.8901
SOLUSDT,2015-09-15 00:00:00+00:00,0.82794791,0.8907
SOLUSDT,2015-09-16 00:00:00+00:00,0.82333716,0.8922
SOLUSDT,2015-09-17 00:00:00+00:00,0.83834106,0.8872
SOLUSDT,2015-09-18 00:00:00+00:00,0.83835706,0.8872
SOLUSDT,2015-09-19 00:00:00+00:00,0.83518355,0.8883
SOLUSDT,2015-09-20 00:00:00+00:00,0.83222368,0.8893
SOLUSDT,2015-09-21 00:00:00+00:00,0.81585049,0.8947
SOLUSDT,2015-09-22 00:00:00+00:00,0.82986426,0.89
SOLUSDT,2015-09-23 00:00:00+00:00,0.82892525,0.8904
SOLUSDT,2015-09-24 00:00:00+00:00,0.84398148,0.8853
SOLUSDT,2015-09-25 00:00:00+00:00,0.8484784,0.8838
SOLUSDT,2015-09-26 00:00:00+00:00,0.84518839,0.8849
SOLUSDT,2015-09-27 00:00:00+00:00,0.84044962,0.8865
SOLUSDT,2015-09-28 00:00:00+00:00,0.86502832,0.8783
SOLUSDT,2015-09-29 00:00:00+00:00,0.85547192,0.8815
SOLUSDT,2015-09-30 00:00:00+00:00,0.85345406,0.8822
SOLUSDT,2015-10-01 00:00:00+00:00,0.85908051,0.8803
SOLUSDT,2015-10-02 00:00:00+00:00,0.85804128,0.8807
SOLUSDT,2015-10-03 00:00:00+00:00,0.86449878,0.8785
SOLUSDT,2015-10-04 00:00:00+00:00,0.86381713,0.8787
SOLUSDT,2015-10-05 00:00:00+00:00,0.86904243,0.877
SOLUSDT,2015-10-06 00:00:00+00:00,0.89045639,0.8698
SOLUSDT,2015-10-07 00:00:00+00:00,0.87953074,0.8735
SOLUSDT,2015-10-08 00:00:00+00:00,0.87738611,0.8742
SOLUSDT,2015-10-09 00:00:00+00:00,0.88249178,0.8725
SOLUSDT,2015-10-10 00:00:00+00:00,0.88802862,0.8707
SOLUSDT,2015-10-11 00:00:00+00:00,0.89733993,0.8676
SOLUSDT,2015-10-12 00:00:00+00:00,0.88965466,0.8701
SOLUSDT,2015-10-13 00:00:00+00:00,0.9052258,0.8649
SOLUSDT,2015-10-14 00:00:00+00:00,0.91550869,0.8615
SOLUSDT,2015-10-15 00:00:00+00:00,0.92101163,0.8597
SOLUSDT,2015-10-16 00:00:00+00:00,0.94954679,0.8502
SOLUSDT,2015-10-17 00:00:00+00:00,0.98206419,0.8393
SOLUSDT,2015-10-18 00:00:00+00:00,0.9516082,0.8495
SOLUSDT,2015-10-19 00:00:00+00:00,0.95474467,0.8484
SOLUSDT,2015-10-20 00:00:00+00:00,0.97727168,0.8409
SOLUSDT,2015-10-21 00:00:00+00:00,0.96713256,0.8443
SOLUSDT,2015-10-22 00:00:00+00:00,0.99332361,0.8356
SOLUSDT,2015-10-23 00:00:00+00:00,1.00428416,0.8319
SOLUSDT,2015-10-24 00:00:00+00:00,1.02166516,0.8261
SOLUSDT,2015-10-25 00:00:00+00:00,1.02981363,0.8234
SOLUSDT,2015-10-26 00:00:00+00:00,1.03170839,0.8228
SOLUSDT,2015-10-27 00:00:00+00:00,1.06222316,0.8126
SOLUSDT,2015-10-28 00:00:00+00:00,1.09230955,0.8026
SOLUSDT,2015-10-29 00:00:00+00:00,1.12707436,0.791
SOLUSDT,2015-10-30 00:00:00+00:00,1.17145113,0.7762
SOLUSDT,2015-10-31 00:00:00+00:00,1.11900853,0.7937
SOLUSDT,2015-11-01 00:00:00+00:00,1.17301764,0.7757
SOLUSDT,2015-11-02 00:00:00+00:00,1.29040009,0.7365
SOLUSDT,2015-11-03 00:00:00+00:00,1.40849617,0.6972
SOLUSDT,2015-11-04 00:00:00+00:00,1.41400867,0.6953
SOLUSDT,2015-11-05 00:00:00+00:00,1.33554498,0.7215
SOLUSDT,2015-11-06 00:00:00+00:00,1.29585462,0.7347
SOLUSDT,2015-11-07 00:00:00+00:00,1.33922357,0.7203
SOLUSDT,2015-11-08 00:00:00+00:00,1.29084893,0.7364
SOLUSDT,2015-11-09 00:00:00+00:00,1.31634235,0.7279
SOLUSDT,2015-11-10 00:00:00+00:00,1.1732578,0.7756
SOLUSDT,2015-11-11 00:00:00+00:00,1.07637834,0.8079
SOLUSDT,2015-11-12 00:00:00+00:00,1.17484219,0.7751
SOLUSDT,2015-11-13 00:00:00+00:00,1.17320189,0.7756
SOLUSDT,2015-11-14 00:00:00+00:00,1.15846495,0.7805
SOLUSDT,2015-11-15 00:00:00+00:00,1.113692,0.7954
SOLUSDT,2015-11-16 00:00:00+00:00,1.15257372,0.7825
SOLUSDT,2015-11-17 00:00:00+00:00,1.16708912,0.7776
SOLUSDT,2015-11-18 00:00:00+00:00,1.16637111,0.7779
SOLUSDT,2015-11-19 00:00:00+00:00,1.13381269,0.7887
SOLUSDT,2015-11-20 00:00:00+00:00,1.11922908,0.7936
SOLUSDT,2015-11-21 00:00:00+00:00,1.13292142,0.789
SOLUSDT,2015-11-22 00:00:00+00:00,1.12503742,0.7917
SOLUSDT,2015-11-23 00:00:00+00:00,1.12274649,0.7924
SOLUSDT,2015-11-24 00:00:00+00:00,1.11232756,0.7959
SOLUSDT,2015-11-25 00:00:00+00:00,1.14323112,0.7856
SOLUSDT,2015-11-26 00:00:00+00:00,1.23571942,0.7548
SOLUSDT,2015-11-27 00:00:00+00:00,1.24471977,0.7518
SOLUSDT,2015-11-28 00:00:00+00:00,1.23492724,0.755
SOLUSDT,2015-11-29 00:00:00+00:00,1.28597204,0.738
SOLUSDT,2015-11-30 00:00:00+00:00,1.30285581,0.7324
SOLUSDT,2015-12-01 00:00:00+00:00,1.25175777,0.7494
SOLUSDT,2015-12-02 00:00:00+00:00,1.2400996,0.7533
SOLUSDT,2015-12-03 00:00:00+00:00,1.24663471,0.7511
SOLUSDT,2015-12-04 00:00:00+00:00,1.25296246,0.749
SOLUSDT,2015-12-05 00:00:00+00:00,1.34032565,0.7199
SOLUSDT,2015-12-06 00:00:00+00:00,1.35140208,0.7162
SOLUSDT,2015-12-07 00:00:00+00:00,1.35604281,0.7147
SOLUSDT,2015-12-08 00:00:00+00:00,1.41573376,0.6948
SOLUSDT,2015-12-09 00:00:00+00:00,1.4230962,0.6923
SOLUSDT,2015-12-10 00:00:00+00:00,1.4147374,0.6951
SOLUSDT,2015-12-11 00:00:00+00:00,1.53766856,0.6541
SOLUSDT,2015-12-12 00:00:00+00:00,1.47529212,0.6749
SOLUSDT,2015-12-13 00:00:00+00:00,1.46917519,0.6769
SOLUSDT,2015-12-14 00:00:00+00:00,1.49347951,0.6688
SOLUSDT,2015-12-15 00:00:00+00:00,1.5607304,0.6464
SOLUSDT,2015-12-16 00:00:00+00:00,1.52430436,0.6586
SOLUSDT,2015-12-17 00:00:00+00:00,1.52913908,0.657
SOLUSDT,2015-12-18 00:00:00+00:00,1.54887254,0.6504
SOLUSDT,2015-12-19 00:00:00+00:00,1.5407991,0.6531
SOLUSDT,2015-12-20 00:00:00+00:00,1.47646827,0.6745
SOLUSDT,2015-12-21 00:00:00+00:00,1.46115451,0.6796
SOLUSDT,2015-12-22 00:00:00+00:00,1.45244997,0.6825
SOLUSDT,2015-12-23 00:00:00+00:00,1.47498552,0.675
SOLUSDT,2015-12-24 00:00:00+00:00,1.51648924,0.6612
SOLUSDT,2015-12-25 00:00:00+00:00,1.51327284,0.6622
SOLUSDT,2015-12-26 00:00:00+00:00,1.39046843,0.7032
SOLUSDT,2015-12-27 00:00:00+00:00,1.40524438,0.6983
SOLUSDT,2015-12-28 00:00:00+00:00,1.39984175,0.7001
SOLUSDT,2015-12-29 00:00:00+00:00,1.43330598,0.6889
SOLUSDT,2015-12-30 00:00:00+00:00,1.41549314,0.6948
SOLUSDT,2015-12-31 00:00:00+00:00,1.42597532,0.6913
SOLUSDT,2016-01-01 00:00:00+00:00,1.44202141,0.686
SOLUSDT,2016-01-02 00:00:00+00:00,1.44085731,0.6864
SOLUSDT,2016-01-03 00:00:00+00:00,1.42578556,0.6914
SOLUSDT,2016-01-04 00:00:00+00:00,1.4358758,0.688
SOLUSDT,2016-01-05 00:00:00+00:00,1.43257229,0.6891
SOLUSDT,2016-01-06 00:00:00+00:00,1.42542709,0.6915
SOLUSDT,2016-01-07 00:00:00+00:00,1.51365061,0.6621
SOLUSDT,2016-01-08 00:00:00+00:00,1.49531085,0.6682
SOLUSDT,2016-01-09 00:00:00+00:00,1.48063286,0.6731
SOLUSDT,2016-01-10 00:00:00+00:00,1.47362064,0.6755
SOLUSDT,2016-01-11 00:00:00+00:00,1.4731839,0.6756
SOLUSDT,2016-01-12 00:00:00+00:00,1.44857001,0.6838
SOLUSDT,2016-01-13 00:00:00+00:00,1.41794151,0.694
SOLUSDT,2016-01-14 00:00:00+00:00,1.4098903,0.6967
SOLUSDT,2016-01-15 00:00:00+00:00,1.21085056,0.763
SOLUSDT,2016-01-16 00:00:00+00:00,1.2771992,0.7409
SOLUSDT,2016-01-17 00:00:00+00:00,1.25902054,0.747
SOLUSDT,2016-01-18 00:00:00+00:00,1.26741248,0.7442
SOLUSDT,2016-01-19 00:00:00+00:00,1.24584593,0.7514
SOLUSDT,2016-01-20 00:00:00+00:00,1.3822596,0.7059
SOLUSDT,2016-01-21 00:00:00+00:00,1.34524409,0.7183
SOLUSDT,2016-01-22 00:00:00+00:00,1.25973209,0.7468
SOLUSDT,2016-01-23 00:00:00+00:00,1.27705234,0.741
SOLUSDT,2016-01-24 00:00:00+00:00,1.33208711,0.7226
SOLUSDT,2016-01-25 00:00:00+00:00,1.29373682,0.7354
SOLUSDT,2016-01-26 00:00:00+00:00,1.29079002,0.7364
SOLUSDT,2016-01-27 00:00:00+00:00,1.3020216,0.7327
SOLUSDT,2016-01-28 00:00:00+00:00,1.25165178,0.7494
SOLUSDT,2016-01-29 00:00:00+00:00,1.2534027,0.7489
SOLUSDT,2016-01-30 00:00:00+00:00,1.24726247,0.7509
SOLUSDT,2016-01-31 00:00:00+00:00,1.21190019,0.7627
SOLUSDT,2016-02-01 00:00:00+00:00,1.23041296,0.7565
SOLUSDT,2016-02-02 00:00:00+00:00,1.236387,0.7545
SOLUSDT,2016-02-03 00:00:00+00:00,1.22129665,0.7596
SOLUSDT,2016-02-04 00:00:00+00:00,1.29128531,0.7362
SOLUSDT,2016-02-05 00:00:00+00:00,1.27387646,0.742
SOLUSDT,2016-02-06 00:00:00+00:00,1.24218056,0.7526
SOLUSDT,2016-02-07 00:00:00+00:00,1.24380766,0.7521
SOLUSDT,2016-02-08 00:00:00+00:00,1.23006764,0.7566
SOLUSDT,2016-02-09 00:00:00+00:00,1.23955252,0.7535
SOLUSDT,2016-02-10 00:00:00+00:00,1.25743769,0.7475
SOLUSDT,2016-02-11 00:00:00+00:00,1.25239109,0.7492
SOLUSDT,2016-02-12 00:00:00+00:00,1.26735993,0.7442
SOLUSDT,2016-02-13 00:00:00+00:00,1.29090383,0.7364
SOLUSDT,2016-02-14 00:00:00+00:00,1.34395157,0.7187
SOLUSDT,2016-02-15 00:00:00+00:00,1.32080872,0.7264
SOLUSDT,2016-02-16 00:00:00+00:00,1.34439265,0.7185
SOLUSDT,2016-02-17 00:00:00+00:00,1.36891644,0.7104
SOLUSDT,2016-02-18 00:00:00+00:00,1.387065,0.7043
SOLUSDT,2016-02-19 00:00:00+00:00,1.37990407,0.7067
SOLUSDT,2016-02-20 00:00:00+00:00,1.44479793,0.6851
SOLUSDT,2016-02-21 00:00:00+00:00,1.43896168,0.687
SOLUSDT,2016-02-22 00:00:00+00:00,1.43388713,0.6887
SOLUSDT,2016-02-23 00:00:00+00:00,1.37701655,0.7077
SOLUSDT,2016-02-24 00:00:00+00:00,1.38888584,0.7037
SOLUSDT,2016-02-25 00:00:00+00:00,1.38869889,0.7038
SOLUSDT,2016-02-26 00:00:00+00:00,1.4125491,0.6958
SOLUSDT,2016-02-27 00:00:00+00:00,1.41577688,0.6947
SOLUSDT,2016-02-28 00:00:00+00:00,1.41489813,0.695
SOLUSDT,2016-02-29 00:00:00+00:00,1.42718873,0.6909
SOLUSDT,2016-03-01 00:00:00+00:00,1.40836687,0.6972
SOLUSDT,2016-03-02 00:00:00+00:00,1.37665947,0.7078
SOLUSDT,2016-03-03 00:00:00+00:00,1.36370699,0.7121
SOLUSDT,2016-03-04 00:00:00+00:00,1.32762119,0.7241
SOLUSDT,2016-03-05 00:00:00+00:00,1.29300875,0.7357
SOLUSDT,2016-03-06 00:00:00+00:00,1.31351951,0.7288
SOLUSDT,2016-03-07 00:00:00+00:00,1.34309201,0.719
SOLUSDT,2016-03-08 00:00:00+00:00,1.33712484,0.721
SOLUSDT,2016-03-09 00:00:00+00:00,1.3411659,0.7196
SOLUSDT,2016-03-10 00:00:00+00:00,1.35270133,0.7158
SOLUSDT,2016-03-11 00:00:00+00:00,1.36229072,0.7126
SOLUSDT,2016-03-12 00:00:00+00:00,1.33231582,0.7226
SOLUSDT,2016-03-13 00:00:00+00:00,1.33700014,0.721
SOLUSDT,2016-03-14 00:00:00+00:00,1.34667706,0.7178
SOLUSDT,2016-03-15 00:00:00+00:00,1.34702813,0.7177
SOLUSDT,2016-03-16 00:00:00+00:00,1.3520056,0.716
SOLUSDT,2016-03-17 00:00:00+00:00,1.35638731,0.7145
SOLUSDT,2016-03-18 00:00:00+00:00,1.32505057,0.725
SOLUSDT,2016-03-19 00:00:00+00:00,1.32598423,0.7247
SOLUSDT,2016-03-20 00:00:00+00:00,1.33522284,0.7216
SOLUSDT,2016-03-21 00:00:00+00:00,1.33302131,0.7223
SOLUSDT,2016-03-22 00:00:00+00:00,1.34807127,0.7173
SOLUSDT,2016-03-23 00:00:00+00:00,1.35020487,0.7166
SOLUSDT,2016-03-24 00:00:00+00:00,1.33729801,0.7209
SOLUSDT,2016-03-25 00:00:00+00:00,1.34555077,0.7181
SOLUSDT,2016-03-26 00:00:00+00:00,1.34628144,0.7179
SOLUSDT,2016-03-27 00:00:00+00:00,1.37287033,0.709
SOLUSDT,2016-03-28 00:00:00+00:00,1.36375683,0.7121
SOLUSDT,2016-03-29 00:00:00+00:00,1.3408893,0.7197
SOLUSDT,2016-03-30 00:00:00+00:00,1.3308193,0.7231
SOLUSDT,2016-03-31 00:00:00+00:00,1.34039332,0.7199
SOLUSDT,2016-04-01 00:00:00+00:00,1.3439179,0.7187
SOLUSDT,2016-04-02 00:00:00+00:00,1.35165651,0.7161
SOLUSDT,2016-04-03 00:00:00+00:00,1.35223224,0.7159
SOLUSDT,2016-04-04 00:00:00+00:00,1.35014818,0.7166
SOLUSDT,2016-04-05 00:00:00+00:00,1.35890201,0.7137
SOLUSDT,2016-04-06 00:00:00+00:00,1.35566372,0.7148
SOLUSDT,2016-04-07 00:00:00+00:00,1.35117853,0.7163
SOLUSDT,2016-04-08 00:00:00+00:00,1.34214463,0.7193
SOLUSDT,2016-04-09 00:00:00+00:00,1.34233375,0.7192
SOLUSDT,2016-04-10 00:00:00+00:00,1.35084023,0.7164
SOLUSDT,2016-04-11 00:00:00+00:00,1.35449753,0.7152
SOLUSDT,2016-04-12 00:00:00+00:00,1.36654458,0.7112
SOLUSDT,2016-04-13 00:00:00+00:00,1.35807492,0.714
SOLUSDT,2016-04-14 00:00:00+00:00,1.36084658,0.7131
SOLUSDT,2016-04-15 00:00:00+00:00,1.37555561,0.7081
SOLUSDT,2016-04-16 00:00:00+00:00,1.37971516,0.7068
SOLUSDT,2016-04-17 00:00:00+00:00,1.37038391,0.7099
SOLUSDT,2016-04-18 00:00:00+00:00,1.37101446,0.7097
SOLUSDT,2016-04-19 00:00:00+00:00,1.39507656,0.7016
SOLUSDT,2016-04-20 00:00:00+00:00,1.41003606,0.6967
SOLUSDT,2016-04-21 00:00:00+00:00,1.43844551,0.6872
SOLUSDT,2016-04-22 00:00:00+00:00,1.42445756,0.6918
SOLUSDT,2016-04-23 00:00:00+00:00,1.44126699,0.6862
SOLUSDT,2016-04-24 00:00:00+00:00,1.46984701,0.6767
SOLUSDT,2016-04-25 00:00:00+00:00,1.47288881,0.6757
SOLUSDT,2016-04-26 00:00:00+00:00,1.48393742,0.672
SOLUSDT,2016-04-27 00:00:00+00:00,1.40953828,0.6968
SOLUSDT,2016-04-28 00:00:00+00:00,1.4252343,0.6916
SOLUSDT,2016-04-29 00:00:00+00:00,1.44285983,0.6857
SOLUSDT,2016-04-30 00:00:00+00:00,1.42025882,0.6932
SOLUSDT,2016-05-01 00:00:00+00:00,1.43481218,0.6884
SOLUSDT,2016-05-02 00:00:00+00:00,1.40306525,0.699
SOLUSDT,2016-05-03 00:00:00+00:00,1.42352585,0.6922
SOLUSDT,2016-05-04 00:00:00+00:00,1.41279571,0.6957
SOLUSDT,2016-05-05 00:00:00+00:00,1.41534562,0.6949
SOLUSDT,2016-05-06 00:00:00+00:00,1.45231269,0.6826
SOLUSDT,2016-05-07 00:00:00+00:00,1.45028008,0.6832
SOLUSDT,2016-05-08 00:00:00+00:00,1.44965118,0.6834
SOLUSDT,2016-05-09 00:00:00+00:00,1.45525025,0.6816
SOLUSDT,2016-05-10 00:00:00+00:00,1.41626148,0.6946
SOLUSDT,2016-05-11 00:00:00+00:00,1.42414735,0.692
SOLUSDT,2016-05-12 00:00:00+00:00,1.42876187,0.6904
SOLUSDT,2016-05-13 00:00:00+00:00,1.43336991,0.6889
SOLUSDT,2016-05-14 00:00:00+00:00,1.43505829,0.6883
SOLUSDT,2016-05-15 00:00:00+00:00,1.44303466,0.6857
SOLUSDT,2016-05-16 00:00:00+00:00,1.42545539,0.6915
SOLUSDT,2016-05-17 00:00:00+00:00,1.41546718,0.6948
SOLUSDT,2016-05-18 00:00:00+00:00,1.41776705,0.6941
SOLUSDT,2016-05-19 00:00:00+00:00,1.36583656,0.7114
SOLUSDT,2016-05-20 00:00:00+00:00,1.37946798,0.7068
SOLUSDT,2016-05-21 00:00:00+00:00,1.38433791,0.7052
SOLUSDT,2016-05-22 00:00:00+00:00,1.37324466,0.7089
SOLUSDT,2016-05-23 00:00:00+00:00,1.38378129,0.7054
SOLUSDT,2016-05-24 00:00:00+00:00,1.38792754,0.704
SOLUSDT,2016-05-25 00:00:00+00:00,1.40185071,0.6994
SOLUSDT,2016-05-26 00:00:00+00:00,1.41287581,0.6957
SOLUSDT,2016-05-27 00:00:00+00:00,1.46115986,0.6796
SOLUSDT,2016-05-28 00:00:00+00:00,1.63473944,0.6218
SOLUSDT,2016-05-29 00:00:00+00:00,1.61944736,0.6269
SOLUSDT,2016-05-30 00:00:00+00:00,1.63256643,0.6225
SOLUSDT,2016-05-31 00:00:00+00:00,1.62098355,0.6263
SOLUSDT,2016-06-01 00:00:00+00:00,1.63749336,0.6208
SOLUSDT,2016-06-02 00:00:00+00:00,1.63594156,0.6214
SOLUSDT,2016-06-03 00:00:00+00:00,1.72607424,0.5913
SOLUSDT,2016-06-04 00:00:00+00:00,1.73508921,0.5883
SOLUSDT,2016-06-05 00:00:00+00:00,1.73449123,0.5885
SOLUSDT,2016-06-06 00:00:00+00:00,1.76124697,0.5796
SOLUSDT,2016-06-07 00:00:00+00:00,1.73648602,0.5878
SOLUSDT,2016-06-08 00:00:00+00:00,1.74643017,0.5845
SOLUSDT,2016-06-09 00:00:00+00:00,1.7262705,0.5912
SOLUSDT,2016-06-10 00:00:00+00:00,1.73124783,0.5896
SOLUSDT,2016-06-11 00:00:00+00:00,1.80308386,0.5656
SOLUSDT,2016-06-12 00:00:00+00:00,1.97978904,0.5067
SOLUSDT,2016-06-13 00:00:00+00:00,2.05438766,0.4819
SOLUSDT,2016-06-14 00:00:00+00:00,1.99146107,0.5028
SOLUSDT,2016-06-15 00:00:00+00:00,2.00817303,0.4973
SOLUSDT,2016-06-16 00:00:00+00:00,2.18424554,0.4386
SOLUSDT,2016-06-17 00:00:00+00:00,2.12593041,0.458
SOLUSDT,2016-06-18 00:00:00+00:00,2.14155867,0.4528
SOLUSDT,2016-06-19 00:00:00+00:00,2.15941186,0.4469
SOLUSDT,2016-06-20 00:00:00+00:00,2.03279428,0.4891
SOLUSDT,2016-06-21 00:00:00+00:00,1.88290437,0.539
SOLUSDT,2016-06-22 00:00:00+00:00,1.68209991,0.606
SOLUSDT,2016-06-23 00:00:00+00:00,1.77191858,0.576
SOLUSDT,2016-06-24 00:00:00+00:00,1.86988311,0.5434
SOLUSDT,2016-06-25 00:00:00+00:00,1.87909186,0.5403
SOLUSDT,2016-06-26 00:00:00+00:00,1.7731205,0.5756
SOLUSDT,2016-06-27 00:00:00+00:00,1.83085813,0.5564
SOLUSDT,2016-06-28 00:00:00+00:00,1.81560781,0.5615
SOLUSDT,2016-06-29 00:00:00+00:00,1.79144978,0.5695
SOLUSDT,2016-06-30 00:00:00+00:00,1.88463722,0.5385
SOLUSDT,2016-07-01 00:00:00+00:00,1.89054098,0.5365
SOLUSDT,2016-07-02 00:00:00+00:00,1.95662702,0.5145
SOLUSDT,2016-07-03 00:00:00+00:00,1.84470645,0.5518
SOLUSDT,2016-07-04 00:00:00+00:00,1.89000024,0.5367
SOLUSDT,2016-07-05 00:00:00+00:00,1.85502138,0.5483
SOLUSDT,2016-07-06 00:00:00+00:00,1.87853142,0.5405
SOLUSDT,2016-07-07 00:00:00+00:00,1.77579285,0.5747
SOLUSDT,2016-07-08 00:00:00+00:00,1.8419359,0.5527
SOLUSDT,2016-07-09 00:00:00+00:00,1.80354226,0.5655
SOLUSDT,2016-07-10 00:00:00+00:00,1.79645545,0.5678
SOLUSDT,2016-07-11 00:00:00+00:00,1.79504742,0.5683
SOLUSDT,2016-07-12 00:00:00+00:00,1.84676287,0.5511
SOLUSDT,2016-07-13 00:00:00+00:00,1.81377039,0.5621
SOLUSDT,2016-07-14 00:00:00+00:00,1.81967435,0.5601
SOLUSDT,2016-07-15 00:00:00+00:00,1.83455167,0.5551
SOLUSDT,2016-07-16 00:00:00+00:00,1.82935184,0.5569
SOLUSDT,2016-07-17 00:00:00+00:00,1.86895135,0.5437
SOLUSDT,2016-07-18 00:00:00+00:00,1.8515086,0.5495
SOLUSDT,2016-07-19 00:00:00+00:00,1.8472273,0.5509
SOLUSDT,2016-07-20 00:00:00+00:00,1.82663887,0.5578
SOLUSDT,2016-07-21 00:00:00+00:00,1.82456417,0.5585
SOLUSDT,2016-07-22 00:00:00+00:00,1.7803472,0.5732
SOLUSDT,2016-07-23 00:00:00+00:00,1.79860084,0.5671
SOLUSDT,2016-07-24 00:00:00+00:00,1.80565737,0.5648
SOLUSDT,2016-07-25 00:00:00+00:00,1.78771375,0.5708
SOLUSDT,2016-07-26 00:00:00+00:00,1.78522608,0.5716
SOLUSDT,2016-07-27 00:00:00+00:00,1.78796338,0.5707
SOLUSDT,2016-07-28 00:00:00+00:00,1.78683669,0.5711
SOLUSDT,2016-07-29 00:00:00+00:00,1.78935642,0.5702
SOLUSDT,2016-07-30 00:00:00+00:00,1.78228347,0.5726
SOLUSDT,2016-07-31 00:00:00+00:00,1.7008979,0.5997
SOLUSDT,2016-08-01 00:00:00+00:00,1.6531908,0.6156
SOLUSDT,2016-08-02 00:00:00+00:00,1.44664432,0.6845
SOLUSDT,2016-08-03 00:00:00+00:00,1.56457026,0.6451
SOLUSDT,2016-08-04 00:00:00+00:00,1.59778327,0.6341
SOLUSDT,2016-08-05 00:00:00+00:00,1.59141223,0.6362
SOLUSDT,2016-08-06 00:00:00+00:00,1.61723105,0.6276
SOLUSDT,2016-08-07 00:00:00+00:00,1.62732927,0.6242
SOLUSDT,2016-08-08 00:00:00+00:00,1.6187062,0.6271
SOLUSDT,2016-08-09 00:00:00+00:00,1.6089797,0.6303
SOLUSDT,2016-08-10 00:00:00+00:00,1.61532499,0.6282
SOLUSDT,2016-08-11 00:00:00+00:00,1.61439329,0.6285
SOLUSDT,2016-08-12 00:00:00+00:00,1.60770275,0.6308
SOLUSDT,2016-08-13 00:00:00+00:00,1.60245343,0.6325
SOLUSDT,2016-08-14 00:00:00+00:00,1.56450982,0.6452
SOLUSDT,2016-08-15 00:00:00+00:00,1.55189891,0.6494
SOLUSDT,2016-08-16 00:00:00+00:00,1.58343489,0.6389
SOLUSDT,2016-08-17 00:00:00+00:00,1.5706748,0.6431
SOLUSDT,2016-08-18 00:00:00+00:00,1.56943471,0.6435
SOLUSDT,2016-08-19 00:00:00+00:00,1.57097556,0.643
SOLUSDT,2016-08-20 00:00:00+00:00,1.58942926,0.6369
SOLUSDT,2016-08-21 00:00:00+00:00,1.5862522,0.6379
SOLUSDT,2016-08-22 00:00:00+00:00,1.5971444,0.6343
SOLUSDT,2016-08-23 00:00:00+00:00,1.5907111,0.6364
SOLUSDT,2016-08-24 00:00:00+00:00,1.58033884,0.6399
SOLUSDT,2016-08-25 00:00:00+00:00,1.5702844,0.6432
SOLUSDT,2016-08-26 00:00:00+00:00,1.57746065,0.6408
SOLUSDT,2016-08-27 00:00:00+00:00,1.55410904,0.6486
SOLUSDT,2016-08-28 00:00:00+00:00,1.56720759,0.6443
SOLUSDT,2016-08-29 00:00:00+00:00,1.56317394,0.6456
SOLUSDT,2016-08-30 00:00:00+00:00,1.56851349,0.6438
SOLUSDT,2016-08-31 00:00:00+00:00,1.55808288,0.6473
SOLUSDT,2016-09-01 00:00:00+00:00,1.55789624,0.6474
SOLUSDT,2016-09-02 00:00:00+00:00,1.57001279,0.6433
SOLUSDT,2016-09-03 00:00:00+00:00,1.63244029,0.6225
SOLUSDT,2016-09-04 00:00:00+00:00,1.65865731,0.6138
SOLUSDT,2016-09-05 00:00:00+00:00,1.64951295,0.6168
SOLUSDT,2016-09-06 00:00:00+00:00,1.66267259,0.6124
SOLUSDT,2016-09-07 00:00:00+00:00,1.6686166,0.6105
SOLUSDT,2016-09-08 00:00:00+00:00,1.70667998,0.5978
SOLUSDT,2016-09-09 00:00:00+00:00,1.68507108,0.605
SOLUSDT,2016-09-10 00:00:00+00:00,1.68900378,0.6037
SOLUSDT,2016-09-11 00:00:00+00:00,1.64409449,0.6186
SOLUSDT,2016-09-12 00:00:00+00:00,1.64235516,0.6192
SOLUSDT,2016-09-13 00:00:00+00:00,1.64324029,0.6189
SOLUSDT,2016-09-14 00:00:00+00:00,1.64445893,0.6185
SOLUSDT,2016-09-15 00:00:00+00:00,1.63757095,0.6208
SOLUSDT,2016-09-16 00:00:00+00:00,1.63843679,0.6205
SOLUSDT,2016-09-17 00:00:00+00:00,1.63684292,0.6211
SOLUSDT,2016-09-18 00:00:00+00:00,1.64735892,0.6175
SOLUSDT,2016-09-19 00:00:00+00:00,1.63980889,0.6201
SOLUSDT,2016-09-20 00:00:00+00:00,1.63608322,0.6213
SOLUSDT,2016-09-21 00:00:00+00:00,1.60558003,0.6315
SOLUSDT,2016-09-22 00:00:00+00:00,1.60186568,0.6327
SOLUSDT,2016-09-23 00:00:00+00:00,1.61963842,0.6268
SOLUSDT,2016-09-24 00:00:00+00:00,1.62065676,0.6264
SOLUSDT,2016-09-25 00:00:00+00:00,1.61373559,0.6288
SOLUSDT,2016-09-26 00:00:00+00:00,1.62933517,0.6236
SOLUSDT,2016-09-27 00:00:00+00:00,1.62414841,0.6253
SOLUSDT,2016-09-28 00:00:00+00:00,1.62251024,0.6258
SOLUSDT,2016-09-29 00:00:00+00:00,1.62353046,0.6255
SOLUSDT,2016-09-30 00:00:00+00:00,1.63296882,0.6223
SOLUSDT,2016-10-01 00:00:00+00:00,1.64973693,0.6168
SOLUSDT,2016-10-02 00:00:00+00:00,1.63963562,0.6201
SOLUSDT,2016-10-03 00:00:00+00:00,1.64023485,0.6199
SOLUSDT,2016-10-04 00:00:00+00:00,1.63178451,0.6227
SOLUSDT,2016-10-05 00:00:00+00:00,1.63673816,0.6211
SOLUSDT,2016-10-06 00:00:00+00:00,1.63502177,0.6217
SOLUSDT,2016-10-07 00:00:00+00:00,1.65057413,0.6165
SOLUSDT,2016-10-08 00:00:00+00:00,1.65345115,0.6155
SOLUSDT,2016-10-09 00:00:00+00:00,1.6471487,0.6176
SOLUSDT,2016-10-10 00:00:00+00:00,1.64905635,0.617
SOLUSDT,2016-10-11 00:00:00+00:00,1.71172286,0.5961
SOLUSDT,2016-10-12 00:00:00+00:00,1.69165254,0.6028
SOLUSDT,2016-10-13 00:00:00+00:00,1.68770306,0.6041
SOLUSDT,2016-10-14 00:00:00+00:00,1.69764855,0.6008
SOLUSDT,2016-10-15 00:00:00+00:00,1.6909697,0.603
SOLUSDT,2016-10-16 00:00:00+00:00,1.70485941,0.5984
SOLUSDT,2016-10-17 00:00:00+00:00,1.69213973,0.6026
SOLUSDT,2016-10-18 00:00:00+00:00,1.6808924,0.6064
SOLUSDT,2016-10-19 00:00:00+00:00,1.66452177,0.6118
SOLUSDT,2016-10-20 00:00:00+00:00,1.66126571,0.6129
SOLUSDT,2016-10-21 00:00:00+00:00,1.66533193,0.6116
SOLUSDT,2016-10-22 00:00:00+00:00,1.72581278,0.5914
SOLUSDT,2016-10-23 00:00:00+00:00,1.71807394,0.594
SOLUSDT,2016-10-24 00:00:00+00:00,1.71141678,0.5962
SOLUSDT,2016-10-25 00:00:00+00:00,1.72432365,0.5919
SOLUSDT,2016-10-26 00:00:00+00:00,1.77111563,0.5763
SOLUSDT,2016-10-27 00:00:00+00:00,1.79615707,0.5679
SOLUSDT,2016-10-28 00:00:00+00:00,1.80415758,0.5653
SOLUSDT,2016-10-29 00:00:00+00:00,1.8651885,0.5449
SOLUSDT,2016-10-30 00:00:00+00:00,1.8226058,0.5591
SOLUSDT,2016-10-31 00:00:00+00:00,1.81838639,0.5605
SOLUSDT,2016-11-01 00:00:00+00:00,1.89570499,0.5348
SOLUSDT,2016-11-02 00:00:00+00:00,1.91748494,0.5275
SOLUSDT,2016-11-03 00:00:00+00:00,1.78730294,0.5709
SOLUSDT,2016-11-04 00:00:00+00:00,1.82526343,0.5582
SOLUSDT,2016-11-05 00:00:00+00:00,1.82779984,0.5574
SOLUSDT,2016-11-06 00:00:00+00:00,1.84962453,0.5501
SOLUSDT,2016-11-07 00:00:00+00:00,1.82330887,0.5589
SOLUSDT,2016-11-08 00:00:00+00:00,1.83441017,0.5552
SOLUSDT,2016-11-09 00:00:00+00:00,1.85565551,0.5481
SOLUSDT,2016-11-10 00:00:00+00:00,1.83311387,0.5556
SOLUSDT,2016-11-11 00:00:00+00:00,1.83712016,0.5543
SOLUSDT,2016-11-12 00:00:00+00:00,1.80622068,0.5646
SOLUSDT,2016-11-13 00:00:00+00:00,1.80498214,0.565
SOLUSDT,2016-11-14 00:00:00+00:00,1.80858594,0.5638
SOLUSDT,2016-11-15 00:00:00+00:00,1.82341234,0.5589
SOLUSDT,2016-11-16 00:00:00+00:00,1.89261677,0.5358
SOLUSDT,2016-11-17 00:00:00+00:00,1.87204522,0.5427
SOLUSDT,2016-11-18 00:00:00+00:00,1.90458043,0.5318
SOLUSDT,2016-11-19 00:00:00+00:00,1.90689799,0.531
SOLUSDT,2016-11-20 00:00:00+00:00,1.85356329,0.5488
SOLUSDT,2016-11-21 00:00:00+00:00,1.86694042,0.5444
SOLUSDT,2016-11-22 00:00:00+00:00,1.89259128,0.5358
SOLUSDT,2016-11-23 00:00:00+00:00,1.86965336,0.5434
SOLUSDT,2016-11-24 00:00:00+00:00,1.85483303,0.5484
SOLUSDT,2016-11-25 00:00:00+00:00,1.85929274,0.5469
SOLUSDT,2016-11-26 00:00:00+00:00,1.84525241,0.5516
SOLUSDT,2016-11-27 00:00:00+00:00,1.82681448,0.5577
SOLUSDT,2016-11-28 00:00:00+00:00,1.83082068,0.5564
SOLUSDT,2016-11-29 00:00:00+00:00,1.83343351,0.5555
SOLUSDT,2016-11-30 00:00:00+00:00,1.85741761,0.5475
SOLUSDT,2016-12-01 00:00:00+00:00,1.88258493,0.5391
SOLUSDT,2016-12-02 00:00:00+00:00,1.92399804,0.5253
SOLUSDT,2016-12-03 00:00:00+00:00,1.89395129,0.5353
SOLUSDT,2016-12-04 00:00:00+00:00,1.89327742,0.5356
SOLUSDT,2016-12-05 00:00:00+00:00,1.85781173,0.5474
SOLUSDT,2016-12-06 00:00:00+00:00,1.87197007,0.5427
SOLUSDT,2016-12-07 00:00:00+00:00,1.88398255,0.5387
SOLUSDT,2016-12-08 00:00:00+00:00,1.88724567,0.5376
SOLUSDT,2016-12-09 00:00:00+00:00,1.89591358,0.5347
SOLUSDT,2016-12-10 00:00:00+00:00,1.90150182,0.5328
SOLUSDT,2016-12-11 00:00:00+00:00,1.8880226,0.5373
SOLUSDT,2016-12-12 00:00:00+00:00,1.90486371,0.5317
SOLUSDT,2016-12-13 00:00:00+00:00,1.90337593,0.5322
SOLUSDT,2016-12-14 00:00:00+00:00,1.89626794,0.5346
SOLUSDT,2016-12-15 00:00:00+00:00,1.89136263,0.5362
SOLUSDT,2016-12-16 00:00:00+00:00,1.90373524,0.5321
SOLUSDT,2016-12-17 00:00:00+00:00,1.91920336,0.5269
SOLUSDT,2016-12-18 00:00:00+00:00,1.91892195,0.527
SOLUSDT,2016-12-19 00:00:00+00:00,1.91635095,0.5279
SOLUSDT,2016-12-20 00:00:00+00:00,1.93543766,0.5215
SOLUSDT,2016-12-21 00:00:00+00:00,1.99546268,0.5015
SOLUSDT,2016-12-22 00:00:00+00:00,2.05790608,0.4807
SOLUSDT,2016-12-23 00:00:00+00:00,2.17751843,0.4408
SOLUSDT,2016-12-24 00:00:00+00:00,2.11635351,0.4612
SOLUSDT,2016-12-25 00:00:00+00:00,2.12388831,0.4587
SOLUSDT,2016-12-26 00:00:00+00:00,2.13574409,0.4548
SOLUSDT,2016-12-27 00:00:00+00:00,2.18144466,0.4395
SOLUSDT,2016-12-28 00:00:00+00:00,2.2923126,0.4026
SOLUSDT,2016-12-29 00:00:00+00:00,2.26582772,0.4114
SOLUSDT,2016-12-30 00:00:00+00:00,2.23030531,0.4232
SOLUSDT,2016-12-31 00:00:00+00:00,2.2443903,0.4185
SOLUSDT,2017-01-01 00:00:00+00:00,2.30193946,0.3994
SOLUSDT,2017-01-02 00:00:00+00:00,2.33524167,0.3883
SOLUSDT,2017-01-03 00:00:00+00:00,2.35770988,0.3808
SOLUSDT,2017-01-04 00:00:00+00:00,2.55770131,0.3141
SOLUSDT,2017-01-05 00:00:00+00:00,2.23704042,0.421
SOLUSDT,2017-01-06 00:00:00+00:00,2.00164999,0.4995
SOLUSDT,2017-01-07 00:00:00+00:00,2.0252978,0.4916
SOLUSDT,2017-01-08 00:00:00+00:00,2.04304794,0.4857
SOLUSDT,2017-01-09 00:00:00+00:00,2.02053011,0.4932
SOLUSDT,2017-01-10 00:00:00+00:00,2.02492109,0.4917
SOLUSDT,2017-01-11 00:00:00+00:00,1.76845775,0.5772
SOLUSDT,2017-01-12 00:00:00+00:00,1.81077416,0.5631
SOLUSDT,2017-01-13 00:00:00+00:00,1.85366729,0.5488
SOLUSDT,2017-01-14 00:00:00+00:00,1.83889611,0.5537
SOLUSDT,2017-01-15 00:00:00+00:00,1.84823542,0.5506
SOLUSDT,2017-01-16 00:00:00+00:00,1.86155157,0.5461
SOLUSDT,2017-01-17 00:00:00+00:00,2.0228738,0.4924
SOLUSDT,2017-01-18 00:00:00+00:00,1.96641888,0.5112
SOLUSDT,2017-01-19 00:00:00+00:00,2.01003826,0.4967
SOLUSDT,2017-01-20 00:00:00+00:00,1.99263298,0.5025
SOLUSDT,2017-01-21 00:00:00+00:00,2.05421871,0.4819
SOLUSDT,2017-01-22 00:00:00+00:00,2.04635127,0.4845
SOLUSDT,2017-01-23 00:00:00+00:00,2.03609568,0.488
SOLUSDT,2017-01-24 00:00:00+00:00,1.96451725,0.5118
SOLUSDT,2017-01-25 00:00:00+00:00,1.97868447,0.5071
SOLUSDT,2017-01-26 00:00:00+00:00,2.02100235,0.493
SOLUSDT,2017-01-27 00:00:00+00:00,2.02710253,0.491
SOLUSDT,2017-01-28 00:00:00+00:00,2.03067894,0.4898
SOLUSDT,2017-01-29 00:00:00+00:00,2.00928142,0.4969
SOLUSDT,2017-01-30 00:00:00+00:00,2.01726706,0.4942
SOLUSDT,2017-01-31 00:00:00+00:00,2.11732767,0.4609
SOLUSDT,2017-02-01 00:00:00+00:00,2.1532295,0.4489
SOLUSDT,2017-02-02 00:00:00+00:00,2.19051199,0.4365
SOLUSDT,2017-02-03 00:00:00+00:00,2.19895326,0.4337
SOLUSDT,2017-02-04 00:00:00+00:00,2.23392412,0.422
SOLUSDT,2017-02-05 00:00:00+00:00,2.18915215,0.4369
SOLUSDT,2017-02-06 00:00:00+00:00,2.20253705,0.4325
SOLUSDT,2017-02-07 00:00:00+00:00,2.25911131,0.4136
SOLUSDT,2017-02-08 00:00:00+00:00,2.25075614,0.4164
SOLUSDT,2017-02-09 00:00:00+00:00,2.10032332,0.4666
SOLUSDT,2017-02-10 00:00:00+00:00,2.12395089,0.4587
SOLUSDT,2017-02-11 00:00:00+00:00,2.15345527,0.4488
SOLUSDT,2017-02-12 00:00:00+00:00,2.14002159,0.4533
SOLUSDT,2017-02-13 00:00:00+00:00,2.12270941,0.4591
SOLUSDT,2017-02-14 00:00:00+00:00,2.14502476,0.4517
SOLUSDT,2017-02-15 00:00:00+00:00,2.14664641,0.4511
SOLUSDT,2017-02-16 00:00:00+00:00,2.19057597,0.4365
SOLUSDT,2017-02-17 00:00:00+00:00,2.22822443,0.4239
SOLUSDT,2017-02-18 00:00:00+00:00,2.22851853,0.4238
SOLUSDT,2017-02-19 00:00:00+00:00,2.22135058,0.4262
SOLUSDT,2017-02-20 00:00:00+00:00,2.27876692,0.4071
SOLUSDT,2017-02-21 00:00:00+00:00,2.35331243,0.3822
SOLUSDT,2017-02-22 00:00:00+00:00,2.3431243,0.3856
SOLUSDT,2017-02-23 00:00:00+00:00,2.45151251,0.3495
SOLUSDT,2017-02-24 00:00:00+00:00,2.42731203,0.3576
SOLUSDT,2017-02-25 00:00:00+00:00,2.35507801,0.3816
SOLUSDT,2017-02-26 00:00:00+00:00,2.41199874,0.3627
SOLUSDT,2017-02-27 00:00:00+00:00,2.42985611,0.3567
SOLUSDT,2017-02-28 00:00:00+00:00,2.41245373,0.3625
SOLUSDT,2017-03-01 00:00:00+00:00,2.48115883,0.3396
SOLUSDT,2017-03-02 00:00:00+00:00,2.53571034,0.3214
SOLUSDT,2017-03-03 00:00:00+00:00,2.57132568,0.3096
SOLUSDT,2017-03-04 00:00:00+00:00,2.52422599,0.3253
SOLUSDT,2017-03-05 00:00:00+00:00,2.53213829,0.3226
SOLUSDT,2017-03-06 00:00:00+00:00,2.53275359,0.3224
SOLUSDT,2017-03-07 00:00:00+00:00,2.43376828,0.3554
SOLUSDT,2017-03-08 00:00:00+00:00,2.27006537,0.41
SOLUSDT,2017-03-09 00:00:00+00:00,2.34691879,0.3844
SOLUSDT,2017-03-10 00:00:00+00:00,2.16260738,0.4458
SOLUSDT,2017-03-11 00:00:00+00:00,2.31121876,0.3963
SOLUSDT,2017-03-12 00:00:00+00:00,2.41252703,0.3625
SOLUSDT,2017-03-13 00:00:00+00:00,2.41079093,0.3631
SOLUSDT,2017-03-14 00:00:00+00:00,2.41809563,0.3606
SOLUSDT,2017-03-15 00:00:00+00:00,2.43048179,0.3565
SOLUSDT,2017-03-16 00:00:00+00:00,2.27079494,0.4097
SOLUSDT,2017-03-17 00:00:00+00:00,2.07020764,0.4766
SOLUSDT,2017-03-18 00:00:00+00:00,1.86260387,0.5458
SOLUSDT,2017-03-19 00:00:00+00:00,1.97134108,0.5096
SOLUSDT,2017-03-20 00:00:00+00:00,2.00477708,0.4984
SOLUSDT,2017-03-21 00:00:00+00:00,2.1395375,0.4535
SOLUSDT,2017-03-22 00:00:00+00:00,1.99485875,0.5017
SOLUSDT,2017-03-23 00:00:00+00:00,1.97800188,0.5073
SOLUSDT,2017-03-24 00:00:00+00:00,1.8009221,0.5664
SOLUSDT,2017-03-25 00:00:00+00:00,1.86294639,0.5457
SOLUSDT,2017-03-26 00:00:00+00:00,1.85054884,0.5498
SOLUSDT,2017-03-27 00:00:00+00:00,1.99869446,0.5004
SOLUSDT,2017-03-28 00:00:00+00:00,1.9993941,0.5002
SOLUSDT,2017-03-29 00:00:00+00:00,1.98727297,0.5042
SOLUSDT,2017-03-30 00:00:00+00:00,1.98163667,0.5061
SOLUSDT,2017-03-31 00:00:00+00:00,2.0572416,0.4809
SOLUSDT,2017-04-01 00:00:00+00:00,2.06862352,0.4771
SOLUSDT,2017-04-02 00:00:00+00:00,2.09581972,0.4681
SOLUSDT,2017-04-03 00:00:00+00:00,2.16252803,0.4458
SOLUSDT,2017-04-04 00:00:00+00:00,2.15325451,0.4489
SOLUSDT,2017-04-05 00:00:00+00:00,2.13735782,0.4542
SOLUSDT,2017-04-06 00:00:00+00:00,2.23959041,0.4201
SOLUSDT,2017-04-07 00:00:00+00:00,2.22647362,0.4245
SOLUSDT,2017-04-08 00:00:00+00:00,2.21001181,0.43
SOLUSDT,2017-04-09 00:00:00+00:00,2.2586269,0.4138
SOLUSDT,2017-04-10 00:00:00+00:00,2.24975256,0.4167
SOLUSDT,2017-04-11 00:00:00+00:00,2.27711178,0.4076
SOLUSDT,2017-04-12 00:00:00+00:00,2.24625621,0.4179
SOLUSDT,2017-04-13 00:00:00+00:00,2.16504122,0.445
SOLUSDT,2017-04-14 00:00:00+00:00,2.16522828,0.4449
SOLUSDT,2017-04-15 00:00:00+00:00,2.1659084,0.4447
SOLUSDT,2017-04-16 00:00:00+00:00,2.16125164,0.4462
SOLUSDT,2017-04-17 00:00:00+00:00,2.18766073,0.4374
SOLUSDT,2017-04-18 00:00:00+00:00,2.20166725,0.4328
SOLUSDT,2017-04-19 00:00:00+00:00,2.21134437,0.4296
SOLUSDT,2017-04-20 00:00:00+00:00,2.25276621,0.4157
SOLUSDT,2017-04-21 00:00:00+00:00,2.26940479,0.4102
SOLUSDT,2017-04-22 00:00:00+00:00,2.26016436,0.4133
SOLUSDT,2017-04-23 00:00:00+00:00,2.26874872,0.4104
SOLUSDT,2017-04-24 00:00:00+00:00,2.27570599,0.4081
SOLUSDT,2017-04-25 00:00:00+00:00,2.3093693,0.3969
SOLUSDT,2017-04-26 00:00:00+00:00,2.33216845,0.3893
SOLUSDT,2017-04-27 00:00:00+00:00,2.4099622,0.3633
SOLUSDT,2017-04-28 00:00:00+00:00,2.40107994,0.3663
SOLUSDT,2017-04-29 00:00:00+00:00,2.41223986,0.3626
SOLUSDT,2017-04-30 00:00:00+00:00,2.44637619,0.3512
SOLUSDT,2017-05-01 00:00:00+00:00,2.52560356,0.3248
SOLUSDT,2017-05-02 00:00:00+00:00,2.55708418,0.3143
SOLUSDT,2017-05-03 00:00:00+00:00,2.6373993,0.2875
SOLUSDT,2017-05-04 00:00:00+00:00,2.64748386,0.2842
SOLUSDT,2017-05-05 00:00:00+00:00,2.61101197,0.2963
SOLUSDT,2017-05-06 00:00:00+00:00,2.6710611,0.2763
SOLUSDT,2017-05-07 00:00:00+00:00,2.58516798,0.3049
SOLUSDT,2017-05-08 00:00:00+00:00,2.82026827,0.2266
SOLUSDT,2017-05-09 00:00:00+00:00,2.8500152,0.2167
SOLUSDT,2017-05-10 00:00:00+00:00,2.92992045,0.19
SOLUSDT,2017-05-11 00:00:00+00:00,2.98180004,0.1727
SOLUSDT,2017-05-12 00:00:00+00:00,2.75847679,0.2472
SOLUSDT,2017-05-13 00:00:00+00:00,2.86505128,0.2116
SOLUSDT,2017-05-14 00:00:00+00:00,2.87984317,0.2067
SOLUSDT,2017-05-15 00:00:00+00:00,2.77569902,0.2414
SOLUSDT,2017-05-16 00:00:00+00:00,2.7951762,0.2349
SOLUSDT,2017-05-17 00:00:00+00:00,2.85141326,0.2162
SOLUSDT,2017-05-18 00:00:00+00:00,2.96696988,0.1777
SOLUSDT,2017-05-19 00:00:00+00:00,3.05210147,0.1493
SOLUSDT,2017-05-20 00:00:00+00:00,3.14988555,0.1167
SOLUSDT,2017-05-21 00:00:00+00:00,3.12275546,0.1257
SOLUSDT,2017-05-22 00:00:00+00:00,3.12461059,0.1251
SOLUSDT,2017-05-23 00:00:00+00:00,3.32739524,0.0575
SOLUSDT,2017-05-24 00:00:00+00:00,3.49513899,0.0016
SOLUSDT,2017-05-25 00:00:00+00:00,3.29706174,0.0676
SOLUSDT,2017-05-26 00:00:00+00:00,3.20703848,0.0977
SOLUSDT,2017-05-27 00:00:00+00:00,2.87538901,0.2082
SOLUSDT,2017-05-28 00:00:00+00:00,3.1100624,0.13
SOLUSDT,2017-05-29 00:00:00+00:00,3.1715195,0.1095
SOLUSDT,2017-05-30 00:00:00+00:00,2.99605054,0.168
SOLUSDT,2017-05-31 00:00:00+00:00,3.14282004,0.1191
SOLUSDT,2017-06-01 00:00:00+00:00,3.24185226,0.086
SOLUSDT,2017-06-02 00:00:00+00:00,3.32189022,0.0594
SOLUSDT,2017-06-03 00:00:00+00:00,3.38499502,0.0383
SOLUSDT,2017-06-04 00:00:00+00:00,3.33016911,0.0566
SOLUSDT,2017-06-05 00:00:00+00:00,3.49837338,0.0005
SOLUSDT,2017-06-06 00:00:00+00:00,3.68734337,0.0
SOLUSDT,2017-06-07 00:00:00+00:00,3.45563714,0.0148
SOLUSDT,2017-06-08 00:00:00+00:00,3.54000799,0.0
SOLUSDT,2017-06-09 00:00:00+00:00,3.50908106,0.0
SOLUSDT,2017-06-10 00:00:00+00:00,3.60375711,0.0
SOLUSDT,2017-06-11 00:00:00+00:00,3.64019441,0.0
SOLUSDT,2017-06-12 00:00:00+00:00,3.22800548,0.0907
SOLUSDT,2017-06-13 00:00:00+00:00,3.24114582,0.0863
SOLUSDT,2017-06-14 00:00:00+00:00,2.919798,0.1934
SOLUSDT,2017-06-15 00:00:00+00:00,2.87371971,0.2088
SOLUSDT,2017-06-16 00:00:00+00:00,2.93413098,0.1886
SOLUSDT,2017-06-17 00:00:00+00:00,3.1272984,0.1242
SOLUSDT,2017-06-18 00:00:00+00:00,2.93677553,0.1877
SOLUSDT,2017-06-19 00:00:00+00:00,3.00723619,0.1643
SOLUSDT,2017-06-20 00:00:00+00:00,3.14552423,0.1182
SOLUSDT,2017-06-21 00:00:00+00:00,3.02520974,0.1583
SOLUSDT,2017-06-22 00:00:00+00:00,3.0574306,0.1475
SOLUSDT,2017-06-23 00:00:00+00:00,3.04158628,0.1528
SOLUSDT,2017-06-24 00:00:00+00:00,2.89910643,0.2003
SOLUSDT,2017-06-25 00:00:00+00:00,2.82389576,0.2254
SOLUSDT,2017-06-26 00:00:00+00:00,2.74177101,0.2527
SOLUSDT,2017-06-27 00:00:00+00:00,2.84709982,0.2176
SOLUSDT,2017-06-28 00:00:00+00:00,2.86973355,0.2101
SOLUSDT,2017-06-29 00:00:00+00:00,2.83338619,0.2222
SOLUSDT,2017-06-30 00:00:00+00:00,2.7235698,0.2588
SOLUSDT,2017-07-01 00:00:00+00:00,2.67604439,0.2747
SOLUSDT,2017-07-02 00:00:00+00:00,2.78455696,0.2385
SOLUSDT,2017-07-03 00:00:00+00:00,2.8067694,0.2311
SOLUSDT,2017-07-04 00:00:00+00:00,2.84851858,0.2172
SOLUSDT,2017-07-05 00:00:00+00:00,2.84213614,0.2193
SOLUSDT,2017-07-06 00:00:00+00:00,2.82784137,0.2241
SOLUSDT,2017-07-07 00:00:00+00:00,2.70091753,0.2664
SOLUSDT,2017-07-08 00:00:00+00:00,2.7563821,0.2479
SOLUSDT,2017-07-09 00:00:00+00:00,2.70314378,0.2656
SOLUSDT,2017-07-10 00:00:00+00:00,2.50667922,0.3311
SOLUSDT,2017-07-11 00:00:00+00:00,2.5040635,0.332
SOLUSDT,2017-07-12 00:00:00+00:00,2.5607933,0.3131
SOLUSDT,2017-07-13 00:00:00+00:00,2.52324473,0.3256
SOLUSDT,2017-07-14 00:00:00+00:00,2.38547763,0.3715
SOLUSDT,2017-07-15 00:00:00+00:00,2.15162881,0.4495
SOLUSDT,2017-07-16 00:00:00+00:00,2.0725336,0.4758
SOLUSDT,2017-07-17 00:00:00+00:00,2.38704005,0.371
SOLUSDT,2017-07-18 00:00:00+00:00,2.47286929,0.3424
SOLUSDT,2017-07-19 00:00:00+00:00,2.41800668,0.3607
SOLUSDT,2017-07-20 00:00:00+00:00,2.98008325,0.1733
SOLUSDT,2017-07-21 00:00:00+00:00,2.80324324,0.2323
SOLUSDT,2017-07-22 00:00:00+00:00,2.956705,0.1811
SOLUSDT,2017-07-23 00:00:00+00:00,2.86830102,0.2106
SOLUSDT,2017-07-24 00:00:00+00:00,2.8571688,0.2143
SOLUSDT,2017-07-25 00:00:00+00:00,2.63175728,0.2894
SOLUSDT,2017-07-26 00:00:00+00:00,2.58755545,0.3041
SOLUSDT,2017-07-27 00:00:00+00:00,2.70895213,0.2637
SOLUSDT,2017-07-28 00:00:00+00:00,2.77596935,0.2413
SOLUSDT,2017-07-29 00:00:00+00:00,2.65045335,0.2832
SOLUSDT,2017-07-30 00:00:00+00:00,2.63429117,0.2886
SOLUSDT,2017-07-31 00:00:00+00:00,2.66440296,0.2785
SOLUSDT,2017-08-01 00:00:00+00:00,2.51234417,0.3292
SOLUSDT,2017-08-02 00:00:00+00:00,2.45667542,0.3478
SOLUSDT,2017-08-03 00:00:00+00:00,2.51633659,0.3279
SOLUSDT,2017-08-04 00:00:00+00:00,2.52690325,0.3244
SOLUSDT,2017-08-05 00:00:00+00:00,2.8058202,0.2314
SOLUSDT,2017-08-06 00:00:00+00:00,2.74360243,0.2521
SOLUSDT,2017-08-07 00:00:00+00:00,2.8173808,0.2275
SOLUSDT,2017-08-08 00:00:00+00:00,2.79701154,0.2343
SOLUSDT,2017-08-09 00:00:00+00:00,2.70304955,0.2657
SOLUSDT,2017-08-10 00:00:00+00:00,2.74911842,0.2503
SOLUSDT,2017-08-11 00:00:00+00:00,2.89608699,0.2013
SOLUSDT,2017-08-12 00:00:00+00:00,3.02040239,0.1599
SOLUSDT,2017-08-13 00:00:00+00:00,3.12865374,0.1238
SOLUSDT,2017-08-14 00:00:00+00:00,3.25544228,0.0815
SOLUSDT,2017-08-15 00:00:00+00:00,3.11536106,0.1282
SOLUSDT,2017-08-16 00:00:00+00:00,3.22936466,0.0902
SOLUSDT,2017-08-17 00:00:00+00:00,3.14349195,0.1188
SOLUSDT,2017-08-18 00:00:00+00:00,2.97541172,0.1749
SOLUSDT,2017-08-19 00:00:00+00:00,2.97749577,0.1742
SOLUSDT,2017-08-20 00:00:00+00:00,2.88932289,0.2036
SOLUSDT,2017-08-21 00:00:00+00:00,2.8086644,0.2304
SOLUSDT,2017-08-22 00:00:00+00:00,2.84203031,0.2193
SOLUSDT,2017-08-23 00:00:00+00:00,2.86484514,0.2117
SOLUSDT,2017-08-24 00:00:00+00:00,2.96780825,0.1774
SOLUSDT,2017-08-25 00:00:00+00:00,2.96751747,0.1775
SOLUSDT,2017-08-26 00:00:00+00:00,2.94348577,0.1855
SOLUSDT,2017-08-27 00:00:00+00:00,2.93116239,0.1896
SOLUSDT,2017-08-28 00:00:00+00:00,2.93365297,0.1888
SOLUSDT,2017-08-29 00:00:00+00:00,3.03875355,0.1537
SOLUSDT,2017-08-30 00:00:00+00:00,3.00669499,0.1644
SOLUSDT,2017-08-31 00:00:00+00:00,3.06677185,0.1444
SOLUSDT,2017-09-01 00:00:00+00:00,3.14249768,0.1192
SOLUSDT,2017-09-02 00:00:00+00:00,2.91990917,0.1934
SOLUSDT,2017-09-03 00:00:00+00:00,2.92473488,0.1918
SOLUSDT,2017-09-04 00:00:00+00:00,2.75162247,0.2495
SOLUSDT,2017-09-05 00:00:00+00:00,2.78742564,0.2375
SOLUSDT,2017-09-06 00:00:00+00:00,2.86204183,0.2127
SOLUSDT,2017-09-07 00:00:00+00:00,2.84583752,0.2181
SOLUSDT,2017-09-08 00:00:00+00:00,2.66619471,0.2779
SOLUSDT,2017-09-09 00:00:00+00:00,2.65540041,0.2815
SOLUSDT,2017-09-10 00:00:00+00:00,2.59879339,0.3004
SOLUSDT,2017-09-11 00:00:00+00:00,2.56454296,0.3118
SOLUSDT,2017-09-12 00:00:00+00:00,2.53102364,0.323
SOLUSDT,2017-09-13 00:00:00+00:00,2.36797159,0.3773
SOLUSDT,2017-09-14 00:00:00+00:00,1.99521056,0.5016
SOLUSDT,2017-09-15 00:00:00+00:00,2.26320938,0.4123
SOLUSDT,2017-09-16 00:00:00+00:00,2.26588756,0.4114
SOLUSDT,2017-09-17 00:00:00+00:00,2.26478555,0.4117
SOLUSDT,2017-09-18 00:00:00+00:00,2.47915064,0.3403
SOLUSDT,2017-09-19 00:00:00+00:00,2.38109715,0.373
SOLUSDT,2017-09-20 00:00:00+00:00,2.3596557,0.3801
SOLUSDT,2017-09-21 00:00:00+00:00,2.19309389,0.4356
SOLUSDT,2017-09-22 00:00:00+00:00,2.19168978,0.4361
SOLUSDT,2017-09-23 00:00:00+00:00,2.28253357,0.4058
SOLUSDT,2017-09-24 00:00:00+00:00,2.22242941,0.4259
SOLUSDT,2017-09-25 00:00:00+00:00,2.34287282,0.3857
SOLUSDT,2017-09-26 00:00:00+00:00,2.32052467,0.3932
SOLUSDT,2017-09-27 00:00:00+00:00,2.4968666,0.3344
SOLUSDT,2017-09-28 00:00:00+00:00,2.47501585,0.3417
SOLUSDT,2017-09-29 00:00:00+00:00,2.44954557,0.3502
SOLUSDT,2017-09-30 00:00:00+00:00,2.54204123,0.3193
SOLUSDT,2017-10-01 00:00:00+00:00,2.56194858,0.3127
SOLUSDT,2017-10-02 00:00:00+00:00,2.55136556,0.3162
SOLUSDT,2017-10-03 00:00:00+00:00,2.49742904,0.3342
SOLUSDT,2017-10-04 00:00:00+00:00,2.44055834,0.3531
SOLUSDT,2017-10-05 00:00:00+00:00,2.48286744,0.339
SOLUSDT,2017-10-06 00:00:00+00:00,2.50112549,0.333
SOLUSDT,2017-10-07 00:00:00+00:00,2.535902,0.3214
SOLUSDT,2017-10-08 00:00:00+00:00,2.61523452,0.2949
SOLUSDT,2017-10-09 00:00:00+00:00,2.68982061,0.2701
SOLUSDT,2017-10-10 00:00:00+00:00,2.65170924,0.2828
SOLUSDT,2017-10-11 00:00:00+00:00,2.68235621,0.2725
SOLUSDT,2017-10-12 00:00:00+00:00,2.9735157,0.1755
SOLUSDT,2017-10-13 00:00:00+00:00,3.05039678,0.1499
SOLUSDT,2017-10-14 00:00:00+00:00,3.12159957,0.1261
SOLUSDT,2017-10-15 00:00:00+00:00,3.05072713,0.1498
SOLUSDT,2017-10-16 00:00:00+00:00,3.05813234,0.1473
SOLUSDT,2017-10-17 00:00:00+00:00,2.95026635,0.1832
SOLUSDT,2017-10-18 00:00:00+00:00,2.93164856,0.1895
SOLUSDT,2017-10-19 00:00:00+00:00,2.96891932,0.177
SOLUSDT,2017-10-20 00:00:00+00:00,3.09805688,0.134
SOLUSDT,2017-10-21 00:00:00+00:00,3.09579617,0.1347
SOLUSDT,2017-10-22 00:00:00+00:00,3.04834116,0.1506
SOLUSDT,2017-10-23 00:00:00+00:00,2.93951363,0.1868
SOLUSDT,2017-10-24 00:00:00+00:00,2.73999189,0.2533
SOLUSDT,2017-10-25 00:00:00+00:00,2.83167233,0.2228
SOLUSDT,2017-10-26 00:00:00+00:00,2.89701261,0.201
SOLUSDT,2017-10-27 00:00:00+00:00,2.82258819,0.2258
SOLUSDT,2017-10-28 00:00:00+00:00,2.81072114,0.2298
SOLUSDT,2017-10-29 00:00:00+00:00,2.99284618,0.1691
SOLUSDT,2017-10-30 00:00:00+00:00,2.94639905,0.1845
SOLUSDT,2017-10-31 00:00:00+00:00,3.07051562,0.1432
SOLUSDT,2017-11-01 00:00:00+00:00,3.17194342,0.1094
SOLUSDT,2017-11-02 00:00:00+00:00,3.26783421,0.0774
SOLUSDT,2017-11-03 00:00:00+00:00,3.2996631,0.0668
SOLUSDT,2017-11-04 00:00:00+00:00,3.37458714,0.0418
SOLUSDT,2017-11-05 00:00:00+00:00,3.31955857,0.0601
SOLUSDT,2017-11-06 00:00:00+00:00,3.12842422,0.1239
SOLUSDT,2017-11-07 00:00:00+00:00,3.16064437,0.1131
SOLUSDT,2017-11-08 00:00:00+00:00,3.2777098,0.0741
SOLUSDT,2017-11-09 00:00:00+00:00,3.10220792,0.1326
SOLUSDT,2017-11-10 00:00:00+00:00,2.86889448,0.2104
SOLUSDT,2017-11-11 00:00:00+00:00,2.7353594,0.2549
SOLUSDT,2017-11-12 00:00:00+00:00,2.4696982,0.3434
SOLUSDT,2017-11-13 00:00:00+00:00,2.72664306,0.2578
SOLUSDT,2017-11-14 00:00:00+00:00,2.74071229,0.2531
SOLUSDT,2017-11-15 00:00:00+00:00,2.97614814,0.1746
SOLUSDT,2017-11-16 00:00:00+00:00,3.15562228,0.1148
SOLUSDT,2017-11-17 00:00:00+00:00,3.06551771,0.1448
SOLUSDT,2017-11-18 00:00:00+00:00,3.06748215,0.1442
SOLUSDT,2017-11-19 00:00:00+00:00,3.12664738,0.1245
SOLUSDT,2017-11-20 00:00:00+00:00,3.18401839,0.1053
SOLUSDT,2017-11-21 00:00:00+00:00,3.07693153,0.141
SOLUSDT,2017-11-22 00:00:00+00:00,3.11368282,0.1288
SOLUSDT,2017-11-23 00:00:00+00:00,3.0255203,0.1582
SOLUSDT,2017-11-24 00:00:00+00:00,3.04932356,0.1502
SOLUSDT,2017-11-25 00:00:00+00:00,3.19796528,0.1007
SOLUSDT,2017-11-26 00:00:00+00:00,3.34857257,0.0505
SOLUSDT,2017-11-27 00:00:00+00:00,3.43189779,0.0227
SOLUSDT,2017-11-28 00:00:00+00:00,3.42405668,0.0253
SOLUSDT,2017-11-29 00:00:00+00:00,3.31618599,0.0613
SOLUSDT,2017-11-30 00:00:00+00:00,3.33958212,0.0535
SOLUSDT,2017-12-01 00:00:00+00:00,3.55287307,0.0
SOLUSDT,2017-12-02 00:00:00+00:00,3.54526509,0.0
SOLUSDT,2017-12-03 00:00:00+00:00,3.59996863,0.0
SOLUSDT,2017-12-04 00:00:00+00:00,3.65371219,0.0
SOLUSDT,2017-12-05 00:00:00+00:00,3.65310274,0.0
SOLUSDT,2017-12-06 00:00:00+00:00,4.21096815,0.0
SOLUSDT,2017-12-07 00:00:00+00:00,4.7166582,0.0
SOLUSDT,2017-12-08 00:00:00+00:00,4.34686442,0.0
SOLUSDT,2017-12-09 00:00:00+00:00,3.96460494,0.0
SOLUSDT,2017-12-10 00:00:00+00:00,4.00840979,0.0
SOLUSDT,2017-12-11 00:00:00+00:00,4.25607302,0.0
SOLUSDT,2017-12-12 00:00:00+00:00,4.23927385,0.0
SOLUSDT,2017-12-13 00:00:00+00:00,3.93575963,0.0
SOLUSDT,2017-12-14 00:00:00+00:00,3.8994793,0.0
SOLUSDT,2017-12-15 00:00:00+00:00,4.07868942,0.0
SOLUSDT,2017-12-16 00:00:00+00:00,4.43076633,0.0
SOLUSDT,2017-12-17 00:00:00+00:00,4.25193445,0.0
SOLUSDT,2017-12-18 00:00:00+00:00,4.12995773,0.0
SOLUSDT,2017-12-19 00:00:00+00:00,3.80550806,0.0
SOLUSDT,2017-12-20 00:00:00+00:00,3.49226172,0.0026
SOLUSDT,2017-12-21 00:00:00+00:00,3.30154348,0.0662
SOLUSDT,2017-12-22 00:00:00+00:00,3.01016272,0.1633
SOLUSDT,2017-12-23 00:00:00+00:00,3.11960008,0.1268
SOLUSDT,2017-12-24 00:00:00+00:00,2.92511724,0.1916
SOLUSDT,2017-12-25 00:00:00+00:00,2.92950297,0.1902
SOLUSDT,2017-12-26 00:00:00+00:00,3.23788307,0.0874
SOLUSDT,2017-12-27 00:00:00+00:00,3.13118795,0.1229
SOLUSDT,2017-12-28 00:00:00+00:00,2.90015736,0.1999
SOLUSDT,2017-12-29 00:00:00+00:00,2.94080172,0.1864
SOLUSDT,2017-12-30 00:00:00+00:00,2.60242905,0.2992
SOLUSDT,2017-12-31 00:00:00+00:00,2.78726716,0.2376
SOLUSDT,2018-01-01 00:00:00+00:00,2.69423548,0.2686
SOLUSDT,2018-01-02 00:00:00+00:00,2.92544313,0.1915
SOLUSDT,2018-01-03 00:00:00+00:00,2.96026687,0.1799
SOLUSDT,2018-01-04 00:00:00+00:00,2.94402195,0.1853
SOLUSDT,2018-01-05 00:00:00+00:00,3.26196426,0.0793
SOLUSDT,2018-01-06 00:00:00+00:00,3.24692954,0.0844
SOLUSDT,2018-01-07 00:00:00+00:00,3.04278121,0.1524
SOLUSDT,2018-01-08 00:00:00+00:00,2.80152545,0.2328
SOLUSDT,2018-01-09 00:00:00+00:00,2.69017079,0.2699
SOLUSDT,2018-01-10 00:00:00+00:00,2.73334467,0.2556
SOLUSDT,2018-01-11 00:00:00+00:00,2.45400706,0.3487
SOLUSDT,2018-01-12 00:00:00+00:00,2.55762013,0.3141
SOLUSDT,2018-01-13 00:00:00+00:00,2.63127775,0.2896
SOLUSDT,2018-01-14 00:00:00+00:00,2.52606465,0.3246
SOLUSDT,2018-01-15 00:00:00+00:00,2.50804935,0.3307
SOLUSDT,2018-01-16 00:00:00+00:00,2.12079726,0.4597
SOLUSDT,2018-01-17 00:00:00+00:00,2.07376393,0.4754
SOLUSDT,2018-01-18 00:00:00+00:00,2.09352287,0.4688
SOLUSDT,2018-01-19 00:00:00+00:00,2.129939,0.4567
SOLUSDT,2018-01-20 00:00:00+00:00,2.37080852,0.3764
SOLUSDT,2018-01-21 00:00:00+00:00,2.12617327,0.4579
SOLUSDT,2018-01-22 00:00:00+00:00,2.00268788,0.4991
SOLUSDT,2018-01-23 00:00:00+00:00,2.02766184,0.4908
SOLUSDT,2018-01-24 00:00:00+00:00,2.09753554,0.4675
SOLUSDT,2018-01-25 00:00:00+00:00,2.08000559,0.4733
SOLUSDT,2018-01-26 00:00:00+00:00,2.05791562,0.4807
SOLUSDT,2018-01-27 00:00:00+00:00,2.10883443,0.4637
SOLUSDT,2018-01-28 00:00:00+00:00,2.15410037,0.4486
SOLUSDT,2018-01-29 00:00:00+00:00,2.06552658,0.4782
SOLUSDT,2018-01-30 00:00:00+00:00,1.85916763,0.5469
SOLUSDT,2018-01-31 00:00:00+00:00,1.87794381,0.5407
SOLUSDT,2018-02-01 00:00:00+00:00,1.69691999,0.601
SOLUSDT,2018-02-02 00:00:00+00:00,1.66151934,0.6128
SOLUSDT,2018-02-03 00:00:00+00:00,1.72878243,0.5904
SOLUSDT,2018-02-04 00:00:00+00:00,1.56184746,0.6461
SOLUSDT,2018-02-05 00:00:00+00:00,1.30831891,0.7306
SOLUSDT,2018-02-06 00:00:00+00:00,1.48101152,0.673
SOLUSDT,2018-02-07 00:00:00+00:00,1.46484643,0.6784
SOLUSDT,2018-02-08 00:00:00+00:00,1.58085047,0.6397
SOLUSDT,2018-02-09 00:00:00+00:00,1.6660923,0.6113
SOLUSDT,2018-02-10 00:00:00+00:00,1.64139497,0.6195
SOLUSDT,2018-02-11 00:00:00+00:00,1.55971533,0.6468
SOLUSDT,2018-02-12 00:00:00+00:00,1.71364615,0.5955
SOLUSDT,2018-02-13 00:00:00+00:00,1.64241903,0.6192
SOLUSDT,2018-02-14 00:00:00+00:00,1.81957973,0.5601
SOLUSDT,2018-02-15 00:00:00+00:00,1.93482187,0.5217
SOLUSDT,2018-02-16 00:00:00+00:00,1.9474862,0.5175
SOLUSDT,2018-02-17 00:00:00+00:00,2.11360732,0.4621
SOLUSDT,2018-02-18 00:00:00+00:00,1.99108492,0.503
SOLUSDT,2018-02-19 00:00:00+00:00,2.11485368,0.4617
SOLUSDT,2018-02-20 00:00:00+00:00,2.12780635,0.4574
SOLUSDT,2018-02-21 00:00:00+00:00,1.97827013,0.5072
SOLUSDT,2018-02-22 00:00:00+00:00,1.84607258,0.5513
SOLUSDT,2018-02-23 00:00:00+00:00,1.89577059,0.5347
SOLUSDT,2018-02-24 00:00:00+00:00,1.8093287,0.5636
SOLUSDT,2018-02-25 00:00:00+00:00,1.7940982,0.5686
SOLUSDT,2018-02-26 00:00:00+00:00,1.92409125,0.5253
SOLUSDT,2018-02-27 00:00:00+00:00,1.98459986,0.5051
SOLUSDT,2018-02-28 00:00:00+00:00,1.91774992,0.5274
SOLUSDT,2018-03-01 00:00:00+00:00,2.0275908,0.4908
SOLUSDT,2018-03-02 00:00:00+00:00,2.0411051,0.4863
SOLUSDT,2018-03-03 00:00:00+00:00,2.11464502,0.4618
SOLUSDT,2018-03-04 00:00:00+00:00,2.11715719,0.4609
SOLUSDT,2018-03-05 00:00:00+00:00,2.124487,0.4585
SOLUSDT,2018-03-06 00:00:00+00:00,1.96727059,0.5109
SOLUSDT,2018-03-07 00:00:00+00:00,1.82720774,0.5576
SOLUSDT,2018-03-08 00:00:00+00:00,1.72480924,0.5917
SOLUSDT,2018-03-09 00:00:00+00:00,1.72471755,0.5918
SOLUSDT,2018-03-10 00:00:00+00:00,1.6363096,0.6212
SOLUSDT,2018-03-11 00:00:00+00:00,1.76958222,0.5768
SOLUSDT,2018-03-12 00:00:00+00:00,1.70331347,0.5989
SOLUSDT,2018-03-13 00:00:00+00:00,1.70702426,0.5977
SOLUSDT,2018-03-14 00:00:00+00:00,1.53691592,0.6544
SOLUSDT,2018-03-15 00:00:00+00:00,1.54749227,0.6508
SOLUSDT,2018-03-16 00:00:00+00:00,1.56958433,0.6435
SOLUSDT,2018-03-17 00:00:00+00:00,1.47896206,0.6737
SOLUSDT,2018-03-18 00:00:00+00:00,1.5372127,0.6543
SOLUSDT,2018-03-19 00:00:00+00:00,1.60262445,0.6325
SOLUSDT,2018-03-20 00:00:00+00:00,1.66984764,0.6101
SOLUSDT,2018-03-21 00:00:00+00:00,1.66685407,0.611
SOLUSDT,2018-03-22 00:00:00+00:00,1.6366036,0.6211
SOLUSDT,2018-03-23 00:00:00+00:00,1.64830412,0.6172
SOLUSDT,2018-03-24 00:00:00+00:00,1.61787156,0.6274
SOLUSDT,2018-03-25 00:00:00+00:00,1.58785272,0.6374
SOLUSDT,2018-03-26 00:00:00+00:00,1.54056226,0.6531
SOLUSDT,2018-03-27 00:00:00+00:00,1.47972397,0.6734
SOLUSDT,2018-03-28 00:00:00+00:00,1.49995286,0.6667
SOLUSDT,2018-03-29 00:00:00+00:00,1.34902071,0.717
SOLUSDT,2018-03-30 00:00:00+00:00,1.30076662,0.7331
SOLUSDT,2018-03-31 00:00:00+00:00,1.31875342,0.7271
SOLUSDT,2018-04-01 00:00:00+00:00,1.29804435,0.734
SOLUSDT,2018-04-02 00:00:00+00:00,1.34269917,0.7191
SOLUSDT,2018-04-03 00:00:00+00:00,1.41752889,0.6942
SOLUSDT,2018-04-04 00:00:00+00:00,1.29795987,0.734
SOLUSDT,2018-04-05 00:00:00+00:00,1.30312944,0.7323
SOLUSDT,2018-04-06 00:00:00+00:00,1.26963243,0.7435
SOLUSDT,2018-04-07 00:00:00+00:00,1.32349168,0.7255
SOLUSDT,2018-04-08 00:00:00+00:00,1.34758367,0.7175
SOLUSDT,2018-04-09 00:00:00+00:00,1.29733763,0.7342
SOLUSDT,2018-04-10 00:00:00+00:00,1.3143587,0.7285
SOLUSDT,2018-04-11 00:00:00+00:00,1.33919481,0.7203
SOLUSDT,2018-04-12 00:00:00+00:00,1.52215846,0.6593
SOLUSDT,2018-04-13 00:00:00+00:00,1.52369622,0.6588
SOLUSDT,2018-04-14 00:00:00+00:00,1.54037773,0.6532
SOLUSDT,2018-04-15 00:00:00+00:00,1.60406337,0.632
SOLUSDT,2018-04-16 00:00:00+00:00,1.54777167,0.6507
SOLUSDT,2018-04-17 00:00:00+00:00,1.51791712,0.6607
SOLUSDT,2018-04-18 00:00:00+00:00,1.57002305,0.6433
SOLUSDT,2018-04-19 00:00:00+00:00,1.58612722,0.638
SOLUSDT,2018-04-20 00:00:00+00:00,1.69131108,0.6029
SOLUSDT,2018-04-21 00:00:00+00:00,1.69378446,0.6021
SOLUSDT,2018-04-22 00:00:00+00:00,1.68092587,0.6064
SOLUSDT,2018-04-23 00:00:00+00:00,1.70339486,0.5989
SOLUSDT,2018-04-24 00:00:00+00:00,1.83531084,0.5549
SOLUSDT,2018-04-25 00:00:00+00:00,1.68455575,0.6051
SOLUSDT,2018-04-26 00:00:00+00:00,1.75708104,0.581
SOLUSDT,2018-04-27 00:00:00+00:00,1.70402847,0.5987
SOLUSDT,2018-04-28 00:00:00+00:00,1.77091583,0.5764
SOLUSDT,2018-04-29 00:00:00+00:00,1.78054751,0.5732
SOLUSDT,2018-04-30 00:00:00+00:00,1.74740041,0.5842
SOLUSDT,2018-05-01 00:00:00+00:00,1.71724649,0.5943
SOLUSDT,2018-05-02 00:00:00+00:00,1.7386519,0.5871
SOLUSDT,2018-05-03 00:00:00+00:00,1.83904816,0.5537
SOLUSDT,2018-05-04 00:00:00+00:00,1.82662477,0.5578
SOLUSDT,2018-05-05 00:00:00+00:00,1.84393794,0.552
SOLUSDT,2018-05-06 00:00:00+00:00,1.80577797,0.5647
SOLUSDT,2018-05-07 00:00:00+00:00,1.75762436,0.5808
SOLUSDT,2018-05-08 00:00:00+00:00,1.73387152,0.5887
SOLUSDT,2018-05-09 00:00:00+00:00,1.74723256,0.5843
SOLUSDT,2018-05-10 00:00:00+00:00,1.69887071,0.6004
SOLUSDT,2018-05-11 00:00:00+00:00,1.58493865,0.6384
SOLUSDT,2018-05-12 00:00:00+00:00,1.5974431,0.6342
SOLUSDT,2018-05-13 00:00:00+00:00,1.63680889,0.6211
SOLUSDT,2018-05-14 00:00:00+00:00,1.62361239,0.6255
SOLUSDT,2018-05-15 00:00:00+00:00,1.58958164,0.6368
SOLUSDT,2018-05-16 00:00:00+00:00,1.56132079,0.6462
SOLUSDT,2018-05-17 00:00:00+00:00,1.50426871,0.6652
SOLUSDT,2018-05-18 00:00:00+00:00,1.5392871,0.6536
SOLUSDT,2018-05-19 00:00:00+00:00,1.53821787,0.6539
SOLUSDT,2018-05-20 00:00:00+00:00,1.59036292,0.6365
SOLUSDT,2018-05-21 00:00:00+00:00,1.56883389,0.6437
SOLUSDT,2018-05-22 00:00:00+00:00,1.49717102,0.6676
SOLUSDT,2018-05-23 00:00:00+00:00,1.40810171,0.6973
SOLUSDT,2018-05-24 00:00:00+00:00,1.41826534,0.6939
SOLUSDT,2018-05-25 00:00:00+00:00,1.39150485,0.7028
SOLUSDT,2018-05-26 00:00:00+00:00,1.37360478,0.7088
SOLUSDT,2018-05-27 00:00:00+00:00,1.37644815,0.7079
SOLUSDT,2018-05-28 00:00:00+00:00,1.33597351,0.7213
SOLUSDT,2018-05-29 00:00:00+00:00,1.40088628,0.6997
SOLUSDT,2018-05-30 00:00:00+00:00,1.38664652,0.7045
SOLUSDT,2018-05-31 00:00:00+00:00,1.40689168,0.6977
SOLUSDT,2018-06-01 00:00:00+00:00,1.41524122,0.6949
SOLUSDT,2018-06-02 00:00:00+00:00,1.43730299,0.6876
SOLUSDT,2018-06-03 00:00:00+00:00,1.44919617,0.6836
SOLUSDT,2018-06-04 00:00:00+00:00,1.40952829,0.6968
SOLUSDT,2018-06-05 00:00:00+00:00,1.43371987,0.6888
SOLUSDT,2018-06-06 00:00:00+00:00,1.44133056,0.6862
SOLUSDT,2018-06-07 00:00:00+00:00,1.44450247,0.6852
SOLUSDT,2018-06-08 00:00:00+00:00,1.43712165,0.6876
SOLUSDT,2018-06-09 00:00:00+00:00,1.42518183,0.6916
SOLUSDT,2018-06-10 00:00:00+00:00,1.27551954,0.7415
SOLUSDT,2018-06-11 00:00:00+00:00,1.29750932,0.7342
SOLUSDT,2018-06-12 00:00:00+00:00,1.23858038,0.7538
SOLUSDT,2018-06-13 00:00:00+00:00,1.20092906,0.7664
SOLUSDT,2018-06-14 00:00:00+00:00,1.2632478,0.7456
SOLUSDT,2018-06-15 00:00:00+00:00,1.22097074,0.7597
SOLUSDT,2018-06-16 00:00:00+00:00,1.23955794,0.7535
SOLUSDT,2018-06-17 00:00:00+00:00,1.23172728,0.7561
SOLUSDT,2018-06-18 00:00:00+00:00,1.28056779,0.7398
SOLUSDT,2018-06-19 00:00:00+00:00,1.28664559,0.7378
SOLUSDT,2018-06-20 00:00:00+00:00,1.29123078,0.7363
SOLUSDT,2018-06-21 00:00:00+00:00,1.28466547,0.7384
SOLUSDT,2018-06-22 00:00:00+00:00,1.16113556,0.7796
SOLUSDT,2018-06-23 00:00:00+00:00,1.18384639,0.7721
SOLUSDT,2018-06-24 00:00:00+00:00,1.17963703,0.7735
SOLUSDT,2018-06-25 00:00:00+00:00,1.19907224,0.767
SOLUSDT,2018-06-26 00:00:00+00:00,1.17183193,0.7761
SOLUSDT,2018-06-27 00:00:00+00:00,1.19000509,0.77
SOLUSDT,2018-06-28 00:00:00+00:00,1.13776355,0.7874
SOLUSDT,2018-06-29 00:00:00+00:00,1.20834141,0.7639
SOLUSDT,2018-06-30 00:00:00+00:00,1.23851505,0.7538
SOLUSDT,2018-07-01 00:00:00+00:00,1.23860628,0.7538
SOLUSDT,2018-07-02 00:00:00+00:00,1.28633397,0.7379
SOLUSDT,2018-07-03 00:00:00+00:00,1.26579418,0.7447
SOLUSDT,2018-07-04 00:00:00+00:00,1.28137705,0.7395
SOLUSDT,2018-07-05 00:00:00+00:00,1.27324533,0.7423
SOLUSDT,2018-07-06 00:00:00+00:00,1.28661278,0.7378
SOLUSDT,2018-07-07 00:00:00+00:00,1.31378163,0.7287
SOLUSDT,2018-07-08 00:00:00+00:00,1.30865599,0.7304
SOLUSDT,2018-07-09 00:00:00+00:00,1.30098801,0.733
SOLUSDT,2018-07-10 00:00:00+00:00,1.2330456,0.7557
SOLUSDT,2018-07-11 00:00:00+00:00,1.24746562,0.7508
SOLUSDT,2018-07-12 00:00:00+00:00,1.20621817,0.7646
SOLUSDT,2018-07-13 00:00:00+00:00,1.21722522,0.7609
SOLUSDT,2018-07-14 00:00:00+00:00,1.22667095,0.7578
SOLUSDT,2018-07-15 00:00:00+00:00,1.24480827,0.7517
SOLUSDT,2018-07-16 00:00:00+00:00,1.31568081,0.7281
SOLUSDT,2018-07-17 00:00:00+00:00,1.43309368,0.689
SOLUSDT,2018-07-18 00:00:00+00:00,1.44339934,0.6855
SOLUSDT,2018-07-19 00:00:00+00:00,1.46018625,0.6799
SOLUSDT,2018-07-20 00:00:00+00:00,1.43265396,0.6891
SOLUSDT,2018-07-21 00:00:00+00:00,1.44833778,0.6839
SOLUSDT,2018-07-22 00:00:00+00:00,1.44583406,0.6847
SOLUSDT,2018-07-23 00:00:00+00:00,1.50619599,0.6646
SOLUSDT,2018-07-24 00:00:00+00:00,1.63581402,0.6214
SOLUSDT,2018-07-25 00:00:00+00:00,1.59635249,0.6345
SOLUSDT,2018-07-26 00:00:00+00:00,1.5404035,0.6532
SOLUSDT,2018-07-27 00:00:00+00:00,1.58953743,0.6368
SOLUSDT,2018-07-28 00:00:00+00:00,1.59195773,0.636
SOLUSDT,2018-07-29 00:00:00+00:00,1.59809411,0.634
SOLUSDT,2018-07-30 00:00:00+00:00,1.5863148,0.6379
SOLUSDT,2018-07-31 00:00:00+00:00,1.50002457,0.6667
SOLUSDT,2018-08-01 00:00:00+00:00,1.47548838,0.6748
SOLUSDT,2018-08-02 00:00:00+00:00,1.46550321,0.6782
SOLUSDT,2018-08-03 00:00:00+00:00,1.44098379,0.6863
SOLUSDT,2018-08-04 00:00:00+00:00,1.36290424,0.7124
SOLUSDT,2018-08-05 00:00:00+00:00,1.36894032,0.7104
SOLUSDT,2018-08-06 00:00:00+00:00,1.35040999,0.7165
SOLUSDT,2018-08-07 00:00:00+00:00,1.31126727,0.7296
SOLUSDT,2018-08-08 00:00:00+00:00,1.22457474,0.7585
SOLUSDT,2018-08-09 00:00:00+00:00,1.28263103,0.7391
SOLUSDT,2018-08-10 00:00:00+00:00,1.20148237,0.7662
SOLUSDT,2018-08-11 00:00:00+00:00,1.23709272,0.7543
SOLUSDT,2018-08-12 00:00:00+00:00,1.237715,0.7541
SOLUSDT,2018-08-13 00:00:00+00:00,1.22859486,0.7571
SOLUSDT,2018-08-14 00:00:00+00:00,1.21462636,0.7618
SOLUSDT,2018-08-15 00:00:00+00:00,1.23272558,0.7558
SOLUSDT,2018-08-16 00:00:00+00:00,1.23701888,0.7543
SOLUSDT,2018-08-17 00:00:00+00:00,1.28997856,0.7367
SOLUSDT,2018-08-18 00:00:00+00:00,1.25820087,0.7473
SOLUSDT,2018-08-19 00:00:00+00:00,1.27574994,0.7414
SOLUSDT,2018-08-20 00:00:00+00:00,1.23354388,0.7555
SOLUSDT,2018-08-21 00:00:00+00:00,1.27272294,0.7424
SOLUSDT,2018-08-22 00:00:00+00:00,1.25162869,0.7495
SOLUSDT,2018-08-23 00:00:00+00:00,1.28108729,0.7396
SOLUSDT,2018-08-24 00:00:00+00:00,1.31632801,0.7279
SOLUSDT,2018-08-25 00:00:00+00:00,1.32478942,0.7251
SOLUSDT,2018-08-26 00:00:00+00:00,1.31333891,0.7289
SOLUSDT,2018-08-27 00:00:00+00:00,1.34163355,0.7195
SOLUSDT,2018-08-28 00:00:00+00:00,1.38993223,0.7034
SOLUSDT,2018-08-29 00:00:00+00:00,1.37670606,0.7078
SOLUSDT,2018-08-30 00:00:00+00:00,1.36359134,0.7121
SOLUSDT,2018-08-31 00:00:00+00:00,1.37493819,0.7084
SOLUSDT,2018-09-01 00:00:00+00:00,1.40711254,0.6976
SOLUSDT,2018-09-02 00:00:00+00:00,1.42507788,0.6916
SOLUSDT,2018-09-03 00:00:00+00:00,1.41924297,0.6936
SOLUSDT,2018-09-04 00:00:00+00:00,1.43842941,0.6872
SOLUSDT,2018-09-05 00:00:00+00:00,1.32907873,0.7236
SOLUSDT,2018-09-06 00:00:00+00:00,1.27139307,0.7429
SOLUSDT,2018-09-07 00:00:00+00:00,1.25683206,0.7477
SOLUSDT,2018-09-08 00:00:00+00:00,1.21428401,0.7619
SOLUSDT,2018-09-09 00:00:00+00:00,1.22689803,0.7577
SOLUSDT,2018-09-10 00:00:00+00:00,1.23657997,0.7545
SOLUSDT,2018-09-11 00:00:00+00:00,1.23448848,0.7552
SOLUSDT,2018-09-12 00:00:00+00:00,1.24485106,0.7517
SOLUSDT,2018-09-13 00:00:00+00:00,1.27856168,0.7405
SOLUSDT,2018-09-14 00:00:00+00:00,1.27941999,0.7402
SOLUSDT,2018-09-15 00:00:00+00:00,1.28532707,0.7382
SOLUSDT,2018-09-16 00:00:00+00:00,1.28016559,0.7399
SOLUSDT,2018-09-17 00:00:00+00:00,1.23381568,0.7554
SOLUSDT,2018-09-18 00:00:00+00:00,1.25024052,0.7499
SOLUSDT,2018-09-19 00:00:00+00:00,1.25910583,0.747
SOLUSDT,2018-09-20 00:00:00+00:00,1.28206545,0.7393
SOLUSDT,2018-09-21 00:00:00+00:00,1.3314931,0.7228
SOLUSDT,2018-09-22 00:00:00+00:00,1.32462421,0.7251
SOLUSDT,2018-09-23 00:00:00+00:00,1.32411544,0.7253
SOLUSDT,2018-09-24 00:00:00+00:00,1.29944603,0.7335
SOLUSDT,2018-09-25 00:00:00+00:00,1.26947306,0.7435
SOLUSDT,2018-09-26 00:00:00+00:00,1.27892467,0.7404
SOLUSDT,2018-09-27 00:00:00+00:00,1.3210537,0.7263
SOLUSDT,2018-09-28 00:00:00+00:00,1.31014502,0.73
SOLUSDT,2018-09-29 00:00:00+00:00,1.30289231,0.7324
SOLUSDT,2018-09-30 00:00:00+00:00,1.3069717,0.731
SOLUSDT,2018-10-01 00:00:00+00:00,1.29942083,0.7335
SOLUSDT,2018-10-02 00:00:00+00:00,1.28953035,0.7368
SOLUSDT,2018-10-03 00:00:00+00:00,1.2814305,0.7395
SOLUSDT,2018-10-04 00:00:00+00:00,1.29764795,0.7341
SOLUSDT,2018-10-05 00:00:00+00:00,1.30556584,0.7315
SOLUSDT,2018-10-06 00:00:00+00:00,1.298913,0.7337
SOLUSDT,2018-10-07 00:00:00+00:00,1.30175802,0.7327
SOLUSDT,2018-10-08 00:00:00+00:00,1.30960738,0.7301
SOLUSDT,2018-10-09 00:00:00+00:00,1.30696334,0.731
SOLUSDT,2018-10-10 00:00:00+00:00,1.29493068,0.735
SOLUSDT,2018-10-11 00:00:00+00:00,1.22741162,0.7575
SOLUSDT,2018-10-12 00:00:00+00:00,1.23438108,0.7552
SOLUSDT,2018-10-13 00:00:00+00:00,1.23595286,0.7547
SOLUSDT,2018-10-14 00:00:00+00:00,1.23348719,0.7555
SOLUSDT,2018-10-15 00:00:00+00:00,1.28526524,0.7382
SOLUSDT,2018-10-16 00:00:00+00:00,1.28989252,0.7367
SOLUSDT,2018-10-17 00:00:00+00:00,1.28666145,0.7378
SOLUSDT,2018-10-18 00:00:00+00:00,1.27802221,0.7407
SOLUSDT,2018-10-19 00:00:00+00:00,1.2749913,0.7417
SOLUSDT,2018-10-20 00:00:00+00:00,1.28642152,0.7379
SOLUSDT,2018-10-21 00:00:00+00:00,1.28793139,0.7374
SOLUSDT,2018-10-22 00:00:00+00:00,1.28689576,0.7377
SOLUSDT,2018-10-23 00:00:00+00:00,1.28492912,0.7384
SOLUSDT,2018-10-24 00:00:00+00:00,1.2887609,0.7371
SOLUSDT,2018-10-25 00:00:00+00:00,1.28694965,0.7377
SOLUSDT,2018-10-26 00:00:00+00:00,1.28863398,0.7371
SOLUSDT,2018-10-27 00:00:00+00:00,1.28980748,0.7367
SOLUSDT,2018-10-28 00:00:00+00:00,1.28937475,0.7369
SOLUSDT,2018-10-29 00:00:00+00:00,1.26107732,0.7463
SOLUSDT,2018-10-30 00:00:00+00:00,1.26329155,0.7456
SOLUSDT,2018-10-31 00:00:00+00:00,1.27073654,0.7431
SOLUSDT,2018-11-01 00:00:00+00:00,1.27883905,0.7404
SOLUSDT,2018-11-02 00:00:00+00:00,1.27995054,0.74
SOLUSDT,2018-11-03 00:00:00+00:00,1.276901,0.741
SOLUSDT,2018-11-04 00:00:00+00:00,1.29459494,0.7351
SOLUSDT,2018-11-05 00:00:00+00:00,1.29123581,0.7363
SOLUSDT,2018-11-06 00:00:00+00:00,1.2989943,0.7337
SOLUSDT,2018-11-07 00:00:00+00:00,1.31084446,0.7297
SOLUSDT,2018-11-08 00:00:00+00:00,1.29195817,0.736
SOLUSDT,2018-11-09 00:00:00+00:00,1.2768824,0.741
SOLUSDT,2018-11-10 00:00:00+00:00,1.28133653,0.7396
SOLUSDT,2018-11-11 00:00:00+00:00,1.27781403,0.7407
SOLUSDT,2018-11-12 00:00:00+00:00,1.27501457,0.7417
SOLUSDT,2018-11-13 00:00:00+00:00,1.26499475,0.745
SOLUSDT,2018-11-14 00:00:00+00:00,1.12750028,0.7908
SOLUSDT,2018-11-15 00:00:00+00:00,1.12835655,0.7905
SOLUSDT,2018-11-16 00:00:00+00:00,1.12138354,0.7929
SOLUSDT,2018-11-17 00:00:00+00:00,1.12295891,0.7923
SOLUSDT,2018-11-18 00:00:00+00:00,1.13432294,0.7886
SOLUSDT,2018-11-19 00:00:00+00:00,0.98256686,0.8391
SOLUSDT,2018-11-20 00:00:00+00:00,0.89259762,0.8691
SOLUSDT,2018-11-21 00:00:00+00:00,0.94205218,0.8526
SOLUSDT,2018-11-22 00:00:00+00:00,0.89310508,0.869
SOLUSDT,2018-11-23 00:00:00+00:00,0.89181194,0.8694
SOLUSDT,2018-11-24 00:00:00+00:00,0.79317203,0.9023
SOLUSDT,2018-11-25 00:00:00+00:00,0.82453777,0.8918
SOLUSDT,2018-11-26 00:00:00+00:00,0.77562836,0.9081
SOLUSDT,2018-11-27 00:00:00+00:00,0.7940544,0.902
SOLUSDT,2018-11-28 00:00:00+00:00,0.88549955,0.8715
SOLUSDT,2018-11-29 00:00:00+00:00,0.89130855,0.8696
SOLUSDT,2018-11-30 00:00:00+00:00,0.8373706,0.8875
SOLUSDT,2018-12-01 00:00:00+00:00,0.8734641,0.8755
SOLUSDT,2018-12-02 00:00:00+00:00,0.86368527,0.8788
SOLUSDT,2018-12-03 00:00:00+00:00,0.80763958,0.8975
SOLUSDT,2018-12-04 00:00:00+00:00,0.81335924,0.8955
SOLUSDT,2018-12-05 00:00:00+00:00,0.78473772,0.9051
SOLUSDT,2018-12-06 00:00:00+00:00,0.74841821,0.9172
SOLUSDT,2018-12-07 00:00:00+00:00,0.72100902,0.9263
SOLUSDT,2018-12-08 00:00:00+00:00,0.72908961,0.9236
SOLUSDT,2018-12-09 00:00:00+00:00,0.75773343,0.9141
SOLUSDT,2018-12-10 00:00:00+00:00,0.73200608,0.9227
SOLUSDT,2018-12-11 00:00:00+00:00,0.7222971,0.9259
SOLUSDT,2018-12-12 00:00:00+00:00,0.73845418,0.9205
SOLUSDT,2018-12-13 00:00:00+00:00,0.7044642,0.9318
SOLUSDT,2018-12-14 00:00:00+00:00,0.69277432,0.9357
SOLUSDT,2018-12-15 00:00:00+00:00,0.69048064,0.9365
SOLUSDT,2018-12-16 00:00:00+00:00,0.69338644,0.9355
SOLUSDT,2018-12-17 00:00:00+00:00,0.75972613,0.9134
SOLUSDT,2018-12-18 00:00:00+00:00,0.79650093,0.9012
SOLUSDT,2018-12-19 00:00:00+00:00,0.80573894,0.8981
SOLUSDT,2018-12-20 00:00:00+00:00,0.88611656,0.8713
SOLUSDT,2018-12-21 00:00:00+00:00,0.8376707,0.8874
SOLUSDT,2018-12-22 00:00:00+00:00,0.86519497,0.8783
SOLUSDT,2018-12-23 00:00:00+00:00,0.86090691,0.8797
SOLUSDT,2018-12-24 00:00:00+00:00,0.88260111,0.8725
SOLUSDT,2018-12-25 00:00:00+00:00,0.82260882,0.8925
SOLUSDT,2018-12-26 00:00:00+00:00,0.83308567,0.889
SOLUSDT,2018-12-27 00:00:00+00:00,0.78552581,0.9048
SOLUSDT,2018-12-28 00:00:00+00:00,0.85252346,0.8825
SOLUSDT,2018-12-29 00:00:00+00:00,0.84031284,0.8866
SOLUSDT,2018-12-30 00:00:00+00:00,0.8415034,0.8862
SOLUSDT,2018-12-31 00:00:00+00:00,0.81213582,0.896
SOLUSDT,2019-01-01 00:00:00+00:00,0.8391035,0.887
SOLUSDT,2019-01-02 00:00:00+00:00,0.85907301,0.8803
SOLUSDT,2019-01-03 00:00:00+00:00,0.83487141,0.8884
SOLUSDT,2019-01-04 00:00:00+00:00,0.8447265,0.8851
SOLUSDT,2019-01-05 00:00:00+00:00,0.83856669,0.8871
SOLUSDT,2019-01-06 00:00:00+00:00,0.89346662,0.8688
SOLUSDT,2019-01-07 00:00:00+00:00,0.8841578,0.8719
SOLUSDT,2019-01-08 00:00:00+00:00,0.88278743,0.8724
SOLUSDT,2019-01-09 00:00:00+00:00,0.88542141,0.8715
SOLUSDT,2019-01-10 00:00:00+00:00,0.80976747,0.8967
SOLUSDT,2019-01-11 00:00:00+00:00,0.80976244,0.8967
SOLUSDT,2019-01-12 00:00:00+00:00,0.80855945,0.8971
SOLUSDT,2019-01-13 00:00:00+00:00,0.784834,0.9051
SOLUSDT,2019-01-14 00:00:00+00:00,0.82050798,0.8932
SOLUSDT,2019-01-15 00:00:00+00:00,0.80090242,0.8997
SOLUSDT,2019-01-16 00:00:00+00:00,0.80691139,0.8977
SOLUSDT,2019-01-17 00:00:00+00:00,0.81482992,0.8951
SOLUSDT,2019-01-18 00:00:00+00:00,0.80838072,0.8972
SOLUSDT,2019-01-19 00:00:00+00:00,0.82616434,0.8913
SOLUSDT,2019-01-20 00:00:00+00:00,0.79319975,0.9023
SOLUSDT,2019-01-21 00:00:00+00:00,0.79297133,0.9023
SOLUSDT,2019-01-22 00:00:00+00:00,0.80398567,0.8987
SOLUSDT,2019-01-23 00:00:00+00:00,0.79874618,0.9004
SOLUSDT,2019-01-24 00:00:00+00:00,0.80256605,0.8991
SOLUSDT,2019-01-25 00:00:00+00:00,0.80172488,0.8994
SOLUSDT,2019-01-26 00:00:00+00:00,0.8011809,0.8996
SOLUSDT,2019-01-27 00:00:00+00:00,0.79718191,0.9009
SOLUSDT,2019-01-28 00:00:00+00:00,0.77522856,0.9083
SOLUSDT,2019-01-29 00:00:00+00:00,0.76708054,0.911
SOLUSDT,2019-01-30 00:00:00+00:00,0.77747695,0.9075
SOLUSDT,2019-01-31 00:00:00+00:00,0.77173662,0.9094
SOLUSDT,2019-02-01 00:00:00+00:00,0.78014383,0.9066
SOLUSDT,2019-02-02 00:00:00+00:00,0.78422167,0.9053
SOLUSDT,2019-02-03 00:00:00+00:00,0.77343528,0.9089
SOLUSDT,2019-02-04 00:00:00+00:00,0.77384742,0.9087
SOLUSDT,2019-02-05 00:00:00+00:00,0.77765737,0.9074
SOLUSDT,2019-02-06 00:00:00+00:00,0.76510945,0.9116
SOLUSDT,2019-02-07 00:00:00+00:00,0.76378864,0.9121
SOLUSDT,2019-02-08 00:00:00+00:00,0.8216013,0.8928
SOLUSDT,2019-02-09 00:00:00+00:00,0.82367897,0.8921
SOLUSDT,2019-02-10 00:00:00+00:00,0.8284814,0.8905
SOLUSDT,2019-02-11 00:00:00+00:00,0.81717159,0.8943
SOLUSDT,2019-02-12 00:00:00+00:00,0.81707553,0.8943
SOLUSDT,2019-02-13 00:00:00+00:00,0.81622357,0.8946
SOLUSDT,2019-02-14 00:00:00+00:00,0.81324408,0.8956
SOLUSDT,2019-02-15 00:00:00+00:00,0.81432592,0.8952
SOLUSDT,2019-02-16 00:00:00+00:00,0.81951471,0.8935
SOLUSDT,2019-02-17 00:00:00+00:00,0.82849268,0.8905
SOLUSDT,2019-02-18 00:00:00+00:00,0.88420768,0.8719
SOLUSDT,2019-02-19 00:00:00+00:00,0.89133025,0.8696
SOLUSDT,2019-02-20 00:00:00+00:00,0.89885411,0.867
SOLUSDT,2019-02-21 00:00:00+00:00,0.89047082,0.8698
SOLUSDT,2019-02-22 00:00:00+00:00,0.90331002,0.8656
SOLUSDT,2019-02-23 00:00:00+00:00,0.94072884,0.8531
SOLUSDT,2019-02-24 00:00:00+00:00,0.8599356,0.88
SOLUSDT,2019-02-25 00:00:00+00:00,0.87606044,0.8746
SOLUSDT,2019-02-26 00:00:00+00:00,0.87035678,0.8765
SOLUSDT,2019-02-27 00:00:00+00:00,0.8713884,0.8762
SOLUSDT,2019-02-28 00:00:00+00:00,0.87032071,0.8766
SOLUSDT,2019-03-01 00:00:00+00:00,0.87459349,0.8751
SOLUSDT,2019-03-02 00:00:00+00:00,0.87461492,0.8751
SOLUSDT,2019-03-03 00:00:00+00:00,0.86848471,0.8772
SOLUSDT,2019-03-04 00:00:00+00:00,0.85007558,0.8833
SOLUSDT,2019-03-05 00:00:00+00:00,0.88264283,0.8725
SOLUSDT,2019-03-06 00:00:00+00:00,0.88556451,0.8715
SOLUSDT,2019-03-07 00:00:00+00:00,0.88659022,0.8711
SOLUSDT,2019-03-08 00:00:00+00:00,0.88315552,0.8723
SOLUSDT,2019-03-09 00:00:00+00:00,0.89955742,0.8668
SOLUSDT,2019-03-10 00:00:00+00:00,0.89825462,0.8672
SOLUSDT,2019-03-11 00:00:00+00:00,0.88665284,0.8711
SOLUSDT,2019-03-12 00:00:00+00:00,0.88880804,0.8704
SOLUSDT,2019-03-13 00:00:00+00:00,0.88736975,0.8709
SOLUSDT,2019-03-14 00:00:00+00:00,0.88808394,0.8706
SOLUSDT,2019-03-15 00:00:00+00:00,0.89930632,0.8669
SOLUSDT,2019-03-16 00:00:00+00:00,0.92006352,0.86
SOLUSDT,2019-03-17 00:00:00+00:00,0.91484274,0.8617
SOLUSDT,2019-03-18 00:00:00+00:00,0.91560369,0.8615
SOLUSDT,2019-03-19 00:00:00+00:00,0.92168535,0.8594
SOLUSDT,2019-03-20 00:00:00+00:00,0.92967286,0.8568
SOLUSDT,2019-03-21 00:00:00+00:00,0.91748018,0.8608
SOLUSDT,2019-03-22 00:00:00+00:00,0.9194745,0.8602
SOLUSDT,2019-03-23 00:00:00+00:00,0.91913227,0.8603
SOLUSDT,2019-03-24 00:00:00+00:00,0.91670464,0.8611
SOLUSDT,2019-03-25 00:00:00+00:00,0.90273487,0.8658
SOLUSDT,2019-03-26 00:00:00+00:00,0.90526912,0.8649
SOLUSDT,2019-03-27 00:00:00+00:00,0.93039612,0.8565
SOLUSDT,2019-03-28 00:00:00+00:00,0.92674903,0.8578
SOLUSDT,2019-03-29 00:00:00+00:00,0.94438915,0.8519
SOLUSDT,2019-03-30 00:00:00+00:00,0.944965,0.8517
SOLUSDT,2019-03-31 00:00:00+00:00,0.94641855,0.8512
SOLUSDT,2019-04-01 00:00:00+00:00,0.95655086,0.8478
SOLUSDT,2019-04-02 00:00:00+00:00,1.12892016,0.7904
SOLUSDT,2019-04-03 00:00:00+00:00,1.14051964,0.7865
SOLUSDT,2019-04-04 00:00:00+00:00,1.12838804,0.7905
SOLUSDT,2019-04-05 00:00:00+00:00,1.15614507,0.7813
SOLUSDT,2019-04-06 00:00:00+00:00,1.15841744,0.7805
SOLUSDT,2019-04-07 00:00:00+00:00,1.19121228,0.7696
SOLUSDT,2019-04-08 00:00:00+00:00,1.21179209,0.7627
SOLUSDT,2019-04-09 00:00:00+00:00,1.19099798,0.7697
SOLUSDT,2019-04-10 00:00:00+00:00,1.21651316,0.7612
SOLUSDT,2019-04-11 00:00:00+00:00,1.15695368,0.781
SOLUSDT,2019-04-12 00:00:00+00:00,1.16368455,0.7788
SOLUSDT,2019-04-13 00:00:00+00:00,1.16156591,0.7795
SOLUSDT,2019-04-14 00:00:00+00:00,1.18135304,0.7729
SOLUSDT,2019-04-15 00:00:00+00:00,1.15555322,0.7815
SOLUSDT,2019-04-16 00:00:00+00:00,1.19224124,0.7693
SOLUSDT,2019-04-17 00:00:00+00:00,1.1961381,0.768
SOLUSDT,2019-04-18 00:00:00+00:00,1.20765693,0.7641
SOLUSDT,2019-04-19 00:00:00+00:00,1.20719787,0.7643
SOLUSDT,2019-04-20 00:00:00+00:00,1.21246475,0.7625
SOLUSDT,2019-04-21 00:00:00+00:00,1.20835451,0.7639
SOLUSDT,2019-04-22 00:00:00+00:00,1.22794551,0.7574
SOLUSDT,2019-04-23 00:00:00+00:00,1.2632969,0.7456
SOLUSDT,2019-04-24 00:00:00+00:00,1.238908,0.7537
SOLUSDT,2019-04-25 00:00:00+00:00,1.17030753,0.7766
SOLUSDT,2019-04-26 00:00:00+00:00,1.17673094,0.7744
SOLUSDT,2019-04-27 00:00:00+00:00,1.18413668,0.772
SOLUSDT,2019-04-28 00:00:00+00:00,1.17650667,0.7745
SOLUSDT,2019-04-29 00:00:00+00:00,1.17708337,0.7743
SOLUSDT,2019-04-30 00:00:00+00:00,1.20333737,0.7656
SOLUSDT,2019-05-01 00:00:00+00:00,1.21799733,0.7607
SOLUSDT,2019-05-02 00:00:00+00:00,1.23567987,0.7548
SOLUSDT,2019-05-03 00:00:00+00:00,1.2951638,0.7349
SOLUSDT,2019-05-04 00:00:00+00:00,1.32099457,0.7263
SOLUSDT,2019-05-05 00:00:00+00:00,1.30956777,0.7301
SOLUSDT,2019-05-06 00:00:00+00:00,1.29939268,0.7335
SOLUSDT,2019-05-07 00:00:00+00:00,1.32870246,0.7238
SOLUSDT,2019-05-08 00:00:00+00:00,1.35126305,0.7162
SOLUSDT,2019-05-09 00:00:00+00:00,1.39928506,0.7002
SOLUSDT,2019-05-10 00:00:00+00:00,1.44472955,0.6851
SOLUSDT,2019-05-11 00:00:00+00:00,1.6543368,0.6152
SOLUSDT,2019-05-12 00:00:00+00:00,1.56569495,0.6448
SOLUSDT,2019-05-13 00:00:00+00:00,1.74753483,0.5842
SOLUSDT,2019-05-14 00:00:00+00:00,1.77133721,0.5762
SOLUSDT,2019-05-15 00:00:00+00:00,1.81667469,0.5611
SOLUSDT,2019-05-16 00:00:00+00:00,1.72799889,0.5907
SOLUSDT,2019-05-17 00:00:00+00:00,1.61073752,0.6298
SOLUSDT,2019-05-18 00:00:00+00:00,1.59950822,0.6335
SOLUSDT,2019-05-19 00:00:00+00:00,1.80201739,0.566
SOLUSDT,2019-05-20 00:00:00+00:00,1.74723194,0.5843
SOLUSDT,2019-05-21 00:00:00+00:00,1.74497388,0.585
SOLUSDT,2019-05-22 00:00:00+00:00,1.67542929,0.6082
SOLUSDT,2019-05-23 00:00:00+00:00,1.72268374,0.5924
SOLUSDT,2019-05-24 00:00:00+00:00,1.73899884,0.587
SOLUSDT,2019-05-25 00:00:00+00:00,1.75307893,0.5823
SOLUSDT,2019-05-26 00:00:00+00:00,1.89396436,0.5353
SOLUSDT,2019-05-27 00:00:00+00:00,1.90714924,0.531
SOLUSDT,2019-05-28 00:00:00+00:00,1.88105961,0.5396
SOLUSDT,2019-05-29 00:00:00+00:00,1.84071984,0.5531
SOLUSDT,2019-05-30 00:00:00+00:00,1.75787076,0.5807
SOLUSDT,2019-05-31 00:00:00+00:00,1.81476063,0.5617
SOLUSDT,2019-06-01 00:00:00+00:00,1.81246057,0.5625
SOLUSDT,2019-06-02 00:00:00+00:00,1.8504971,0.5498
SOLUSDT,2019-06-03 00:00:00+00:00,1.72701182,0.591
SOLUSDT,2019-06-04 00:00:00+00:00,1.62636908,0.6245
SOLUSDT,2019-06-05 00:00:00+00:00,1.65612566,0.6146
SOLUSDT,2019-06-06 00:00:00+00:00,1.651342,0.6162
SOLUSDT,2019-06-07 00:00:00+00:00,1.70183629,0.5994
SOLUSDT,2019-06-08 00:00:00+00:00,1.6835165,0.6055
SOLUSDT,2019-06-09 00:00:00+00:00,1.61842434,0.6272
SOLUSDT,2019-06-10 00:00:00+00:00,1.69111483,0.603
SOLUSDT,2019-06-11 00:00:00+00:00,1.67511723,0.6083
SOLUSDT,2019-06-12 00:00:00+00:00,1.72008481,0.5933
SOLUSDT,2019-06-13 00:00:00+00:00,1.73649236,0.5878
SOLUSDT,2019-06-14 00:00:00+00:00,1.82901577,0.557
SOLUSDT,2019-06-15 00:00:00+00:00,1.85878621,0.5471
SOLUSDT,2019-06-16 00:00:00+00:00,1.88896018,0.537
SOLUSDT,2019-06-17 00:00:00+00:00,1.9511578,0.5163
SOLUSDT,2019-06-18 00:00:00+00:00,1.88755922,0.5375
SOLUSDT,2019-06-19 00:00:00+00:00,1.93150882,0.5228
SOLUSDT,2019-06-20 00:00:00+00:00,1.98086596,0.5064
SOLUSDT,2019-06-21 00:00:00+00:00,2.08422475,0.4719
SOLUSDT,2019-06-22 00:00:00+00:00,2.19688103,0.4344
SOLUSDT,2019-06-23 00:00:00+00:00,2.2136737,0.4288
SOLUSDT,2019-06-24 00:00:00+00:00,2.24706654,0.4176
SOLUSDT,2019-06-25 00:00:00+00:00,2.37982686,0.3734
SOLUSDT,2019-06-26 00:00:00+00:00,2.57176389,0.3094
SOLUSDT,2019-06-27 00:00:00+00:00,2.21524309,0.4283
SOLUSDT,2019-06-28 00:00:00+00:00,2.44168454,0.3528
SOLUSDT,2019-06-29 00:00:00+00:00,2.35329242,0.3822
SOLUSDT,2019-06-30 00:00:00+00:00,2.13021037,0.4566
SOLUSDT,2019-07-01 00:00:00+00:00,2.07558255,0.4748
SOLUSDT,2019-07-02 00:00:00+00:00,2.11000412,0.4633
SOLUSDT,2019-07-03 00:00:00+00:00,2.33157806,0.3895
SOLUSDT,2019-07-04 00:00:00+00:00,2.17425127,0.4419
SOLUSDT,2019-07-05 00:00:00+00:00,2.13840364,0.4539
SOLUSDT,2019-07-06 00:00:00+00:00,2.17712562,0.441
SOLUSDT,2019-07-07 00:00:00+00:00,2.22256119,0.4258
SOLUSDT,2019-07-08 00:00:00+00:00,2.37905472,0.3736
SOLUSDT,2019-07-09 00:00:00+00:00,2.41917807,0.3603
SOLUSDT,2019-07-10 00:00:00+00:00,2.31328701,0.3956
SOLUSDT,2019-07-11 00:00:00+00:00,2.15704038,0.4477
SOLUSDT,2019-07-12 00:00:00+00:00,2.24857787,0.4171
SOLUSDT,2019-07-13 00:00:00+00:00,2.15890911,0.447
SOLUSDT,2019-07-14 00:00:00+00:00,1.95875859,0.5137
SOLUSDT,2019-07-15 00:00:00+00:00,2.07837284,0.4739
SOLUSDT,2019-07-16 00:00:00+00:00,1.80452153,0.5652
SOLUSDT,2019-07-17 00:00:00+00:00,1.84011447,0.5533
SOLUSDT,2019-07-18 00:00:00+00:00,2.02312657,0.4923
SOLUSDT,2019-07-19 00:00:00+00:00,1.9920017,0.5027
SOLUSDT,2019-07-20 00:00:00+00:00,2.0519756,0.4827
SOLUSDT,2019-07-21 00:00:00+00:00,1.99813946,0.5006
SOLUSDT,2019-07-22 00:00:00+00:00,1.94697902,0.5177
SOLUSDT,2019-07-23 00:00:00+00:00,1.86302934,0.5457
SOLUSDT,2019-07-24 00:00:00+00:00,1.84274782,0.5524
SOLUSDT,2019-07-25 00:00:00+00:00,1.86177246,0.5461
SOLUSDT,2019-07-26 00:00:00+00:00,1.84937883,0.5502
SOLUSDT,2019-07-27 00:00:00+00:00,1.7764295,0.5745
SOLUSDT,2019-07-28 00:00:00+00:00,1.79184692,0.5694
SOLUSDT,2019-07-29 00:00:00+00:00,1.75506806,0.5816
SOLUSDT,2019-07-30 00:00:00+00:00,1.76975529,0.5767
SOLUSDT,2019-07-31 00:00:00+00:00,1.85482085,0.5484
SOLUSDT,2019-08-01 00:00:00+00:00,1.91516898,0.5283
SOLUSDT,2019-08-02 00:00:00+00:00,1.93668955,0.5211
SOLUSDT,2019-08-03 00:00:00+00:00,1.98633631,0.5046
SOLUSDT,2019-08-04 00:00:00+00:00,2.0166431,0.4945
SOLUSDT,2019-08-05 00:00:00+00:00,2.15209305,0.4493
SOLUSDT,2019-08-06 00:00:00+00:00,2.07763358,0.4741
SOLUSDT,2019-08-07 00:00:00+00:00,2.16935722,0.4435
SOLUSDT,2019-08-08 00:00:00+00:00,2.15713659,0.4476
SOLUSDT,2019-08-09 00:00:00+00:00,2.13982687,0.4534
SOLUSDT,2019-08-10 00:00:00+00:00,2.03923311,0.4869
SOLUSDT,2019-08-11 00:00:00+00:00,2.07768124,0.4741
SOLUSDT,2019-08-12 00:00:00+00:00,2.04944243,0.4835
SOLUSDT,2019-08-13 00:00:00+00:00,1.95417056,0.5153
SOLUSDT,2019-08-14 00:00:00+00:00,1.8019476,0.566
SOLUSDT,2019-08-15 00:00:00+00:00,1.85280853,0.5491
SOLUSDT,2019-08-16 00:00:00+00:00,1.86332594,0.5456
SOLUSDT,2019-08-17 00:00:00+00:00,1.83353888,0.5555
SOLUSDT,2019-08-18 00:00:00+00:00,1.85527013,0.5482
SOLUSDT,2019-08-19 00:00:00+00:00,1.95283046,0.5157
SOLUSDT,2019-08-20 00:00:00+00:00,1.92992501,0.5234
SOLUSDT,2019-08-21 00:00:00+00:00,1.80967076,0.5634
SOLUSDT,2019-08-22 00:00:00+00:00,1.81392145,0.562
SOLUSDT,2019-08-23 00:00:00+00:00,1.85888092,0.547
SOLUSDT,2019-08-24 00:00:00+00:00,1.81099778,0.563
SOLUSDT,2019-08-25 00:00:00+00:00,1.8021966,0.5659
SOLUSDT,2019-08-26 00:00:00+00:00,1.8474094,0.5509
SOLUSDT,2019-08-27 00:00:00+00:00,1.81156248,0.5628
SOLUSDT,2019-08-28 00:00:00+00:00,1.73309226,0.589
SOLUSDT,2019-08-29 00:00:00+00:00,1.69107373,0.603
SOLUSDT,2019-08-30 00:00:00+00:00,1.70811556,0.5973
SOLUSDT,2019-08-31 00:00:00+00:00,1.71310224,0.5956
SOLUSDT,2019-09-01 00:00:00+00:00,1.7403943,0.5865
SOLUSDT,2019-09-02 00:00:00+00:00,1.84745992,0.5508
SOLUSDT,2019-09-03 00:00:00+00:00,1.88765943,0.5374
SOLUSDT,2019-09-04 00:00:00+00:00,1.87870879,0.5404
SOLUSDT,2019-09-05 00:00:00+00:00,1.8773914,0.5409
SOLUSDT,2019-09-06 00:00:00+00:00,1.81873604,0.5604
SOLUSDT,2019-09-07 00:00:00+00:00,1.84632204,0.5512
SOLUSDT,2019-09-08 00:00:00+00:00,1.83013043,0.5566
SOLUSDT,2019-09-09 00:00:00+00:00,1.81652807,0.5612
SOLUSDT,2019-09-10 00:00:00+00:00,1.77328813,0.5756
SOLUSDT,2019-09-11 00:00:00+00:00,1.77786135,0.574
SOLUSDT,2019-09-12 00:00:00+00:00,1.82231036,0.5592
SOLUSDT,2019-09-13 00:00:00+00:00,1.81108514,0.563
SOLUSDT,2019-09-14 00:00:00+00:00,1.813611,0.5621
SOLUSDT,2019-09-15 00:00:00+00:00,1.80307986,0.5656
SOLUSDT,2019-09-16 00:00:00+00:00,1.79436332,0.5685
SOLUSDT,2019-09-17 00:00:00+00:00,1.78283665,0.5724
SOLUSDT,2019-09-18 00:00:00+00:00,1.77473473,0.5751
SOLUSDT,2019-09-19 00:00:00+00:00,1.79282081,0.5691
SOLUSDT,2019-09-20 00:00:00+00:00,1.77523927,0.5749
SOLUSDT,2019-09-21 00:00:00+00:00,1.74318445,0.5856
SOLUSDT,2019-09-22 00:00:00+00:00,1.7535283,0.5822
SOLUSDT,2019-09-23 00:00:00+00:00,1.69241697,0.6025
SOLUSDT,2019-09-24 00:00:00+00:00,1.5076985,0.6641
SOLUSDT,2019-09-25 00:00:00+00:00,1.47778949,0.6741
SOLUSDT,2019-09-26 00:00:00+00:00,1.42454001,0.6918
SOLUSDT,2019-09-27 00:00:00+00:00,1.44132571,0.6862
SOLUSDT,2019-09-28 00:00:00+00:00,1.44491153,0.685
SOLUSDT,2019-09-29 00:00:00+00:00,1.42120643,0.6929
SOLUSDT,2019-09-30 00:00:00+00:00,1.45994759,0.68
SOLUSDT,2019-10-01 00:00:00+00:00,1.46687818,0.6777
SOLUSDT,2019-10-02 00:00:00+00:00,1.47560342,0.6748
SOLUSDT,2019-10-03 00:00:00+00:00,1.45721375,0.6809
SOLUSDT,2019-10-04 00:00:00+00:00,1.44209083,0.686
SOLUSDT,2019-10-05 00:00:00+00:00,1.43793767,0.6874
SOLUSDT,2019-10-06 00:00:00+00:00,1.38789488,0.704
SOLUSDT,2019-10-07 00:00:00+00:00,1.45350223,0.6822
SOLUSDT,2019-10-08 00:00:00+00:00,1.44711351,0.6843
SOLUSDT,2019-10-09 00:00:00+00:00,1.5187746,0.6604
SOLUSDT,2019-10-10 00:00:00+00:00,1.51523934,0.6616
SOLUSDT,2019-10-11 00:00:00+00:00,1.4650268,0.6783
SOLUSDT,2019-10-12 00:00:00+00:00,1.47085893,0.6764
SOLUSDT,2019-10-13 00:00:00+00:00,1.46532541,0.6782
SOLUSDT,2019-10-14 00:00:00+00:00,1.46837588,0.6772
SOLUSDT,2019-10-15 00:00:00+00:00,1.43701211,0.6877
SOLUSDT,2019-10-16 00:00:00+00:00,1.41022441,0.6966
SOLUSDT,2019-10-17 00:00:00+00:00,1.42275851,0.6924
SOLUSDT,2019-10-18 00:00:00+00:00,1.40337963,0.6989
SOLUSDT,2019-10-19 00:00:00+00:00,1.40147566,0.6995
SOLUSDT,2019-10-20 00:00:00+00:00,1.4480022,0.684
SOLUSDT,2019-10-21 00:00:00+00:00,1.44819078,0.6839
SOLUSDT,2019-10-22 00:00:00+00:00,1.41660892,0.6945
SOLUSDT,2019-10-23 00:00:00+00:00,1.31849373,0.7272
SOLUSDT,2019-10-24 00:00:00+00:00,1.32043974,0.7265
SOLUSDT,2019-10-25 00:00:00+00:00,1.53033296,0.6566
SOLUSDT,2019-10-26 00:00:00+00:00,1.63052996,0.6232
SOLUSDT,2019-10-27 00:00:00+00:00,1.68313273,0.6056
SOLUSDT,2019-10-28 00:00:00+00:00,1.63844571,0.6205
SOLUSDT,2019-10-29 00:00:00+00:00,1.65571824,0.6148
SOLUSDT,2019-10-30 00:00:00+00:00,1.61181743,0.6294
SOLUSDT,2019-10-31 00:00:00+00:00,1.60646394,0.6312
SOLUSDT,2019-11-01 00:00:00+00:00,1.62077063,0.6264
SOLUSDT,2019-11-02 00:00:00+00:00,1.62876338,0.6237
SOLUSDT,2019-11-03 00:00:00+00:00,1.61294847,0.629
SOLUSDT,2019-11-04 00:00:00+00:00,1.64848919,0.6172
SOLUSDT,2019-11-05 00:00:00+00:00,1.63757092,0.6208
SOLUSDT,2019-11-06 00:00:00+00:00,1.64148312,0.6195
SOLUSDT,2019-11-07 00:00:00+00:00,1.61571232,0.6281
SOLUSDT,2019-11-08 00:00:00+00:00,1.54350145,0.6522
SOLUSDT,2019-11-09 00:00:00+00:00,1.54712396,0.651
SOLUSDT,2019-11-10 00:00:00+00:00,1.58742033,0.6375
SOLUSDT,2019-11-11 00:00:00+00:00,1.52978275,0.6567
SOLUSDT,2019-11-12 00:00:00+00:00,1.5426696,0.6524
SOLUSDT,2019-11-13 00:00:00+00:00,1.5361222,0.6546
SOLUSDT,2019-11-14 00:00:00+00:00,1.51523438,0.6616
SOLUSDT,2019-11-15 00:00:00+00:00,1.48420069,0.6719
SOLUSDT,2019-11-16 00:00:00+00:00,1.48640991,0.6712
SOLUSDT,2019-11-17 00:00:00+00:00,1.4912036,0.6696
SOLUSDT,2019-11-18 00:00:00+00:00,1.43585132,0.688
SOLUSDT,2019-11-19 00:00:00+00:00,1.42462588,0.6918
SOLUSDT,2019-11-20 00:00:00+00:00,1.41836156,0.6939
SOLUSDT,2019-11-21 00:00:00+00:00,1.33896278,0.7203
SOLUSDT,2019-11-22 00:00:00+00:00,1.28344958,0.7389
SOLUSDT,2019-11-23 00:00:00+00:00,1.29339001,0.7355
SOLUSDT,2019-11-24 00:00:00+00:00,1.22636138,0.7579
SOLUSDT,2019-11-25 00:00:00+00:00,1.26222308,0.7459
SOLUSDT,2019-11-26 00:00:00+00:00,1.26841696,0.7439
SOLUSDT,2019-11-27 00:00:00+00:00,1.33297166,0.7223
SOLUSDT,2019-11-28 00:00:00+00:00,1.31736129,0.7275
SOLUSDT,2019-11-29 00:00:00+00:00,1.37249236,0.7092
SOLUSDT,2019-11-30 00:00:00+00:00,1.33947241,0.7202
SOLUSDT,2019-12-01 00:00:00+00:00,1.31531292,0.7282
SOLUSDT,2019-12-02 00:00:00+00:00,1.29871273,0.7338
SOLUSDT,2019-12-03 00:00:00+00:00,1.29767248,0.7341
SOLUSDT,2019-12-04 00:00:00+00:00,1.28246605,0.7392
SOLUSDT,2019-12-05 00:00:00+00:00,1.31656246,0.7278
SOLUSDT,2019-12-06 00:00:00+00:00,1.34019312,0.7199
SOLUSDT,2019-12-07 00:00:00+00:00,1.33632666,0.7212
SOLUSDT,2019-12-08 00:00:00+00:00,1.33937263,0.7202
SOLUSDT,2019-12-09 00:00:00+00:00,1.30638835,0.7312
SOLUSDT,2019-12-10 00:00:00+00:00,1.28784015,0.7374
SOLUSDT,2019-12-11 00:00:00+00:00,1.28292787,0.739
SOLUSDT,2019-12-12 00:00:00+00:00,1.28218893,0.7393
SOLUSDT,2019-12-13 00:00:00+00:00,1.29164777,0.7361
SOLUSDT,2019-12-14 00:00:00+00:00,1.26106197,0.7463
SOLUSDT,2019-12-15 00:00:00+00:00,1.26826677,0.7439
SOLUSDT,2019-12-16 00:00:00+00:00,1.22841184,0.7572
SOLUSDT,2019-12-17 00:00:00+00:00,1.18120445,0.7729
SOLUSDT,2019-12-18 00:00:00+00:00,1.30300236,0.7323
SOLUSDT,2019-12-19 00:00:00+00:00,1.27839546,0.7405
SOLUSDT,2019-12-20 00:00:00+00:00,1.28507153,0.7383
SOLUSDT,2019-12-21 00:00:00+00:00,1.27731542,0.7409
SOLUSDT,2019-12-22 00:00:00+00:00,1.33772206,0.7208
SOLUSDT,2019-12-23 00:00:00+00:00,1.30974111,0.7301
SOLUSDT,2019-12-24 00:00:00+00:00,1.29430833,0.7352
SOLUSDT,2019-12-25 00:00:00+00:00,1.28852354,0.7372
SOLUSDT,2019-12-26 00:00:00+00:00,1.28945009,0.7368
SOLUSDT,2019-12-27 00:00:00+00:00,1.29743017,0.7342
SOLUSDT,2019-12-28 00:00:00+00:00,1.30991222,0.73
SOLUSDT,2019-12-29 00:00:00+00:00,1.32663778,0.7245
SOLUSDT,2019-12-30 00:00:00+00:00,1.29751611,0.7342
SOLUSDT,2019-12-31 00:00:00+00:00,1.28681852,0.7377
SOLUSDT,2020-01-01 00:00:00+00:00,1.28743526,0.7375
SOLUSDT,2020-01-02 00:00:00+00:00,1.24755453,0.7508
SOLUSDT,2020-01-03 00:00:00+00:00,1.31328518,0.7289
SOLUSDT,2020-01-04 00:00:00+00:00,1.31850725,0.7272
SOLUSDT,2020-01-05 00:00:00+00:00,1.31891454,0.727
SOLUSDT,2020-01-06 00:00:00+00:00,1.39343235,0.7022
SOLUSDT,2020-01-07 00:00:00+00:00,1.45871525,0.6804
SOLUSDT,2020-01-08 00:00:00+00:00,1.44434936,0.6852
SOLUSDT,2020-01-09 00:00:00+00:00,1.40023893,0.6999
SOLUSDT,2020-01-10 00:00:00+00:00,1.45520178,0.6816
SOLUSDT,2020-01-11 00:00:00+00:00,1.43755242,0.6875
SOLUSDT,2020-01-12 00:00:00+00:00,1.46084233,0.6797
SOLUSDT,2020-01-13 00:00:00+00:00,1.45276596,0.6824
SOLUSDT,2020-01-14 00:00:00+00:00,1.57463765,0.6418
SOLUSDT,2020-01-15 00:00:00+00:00,1.56868373,0.6438
SOLUSDT,2020-01-16 00:00:00+00:00,1.55078627,0.6497
SOLUSDT,2020-01-17 00:00:00+00:00,1.58368313,0.6388
SOLUSDT,2020-01-18 00:00:00+00:00,1.58583813,0.6381
SOLUSDT,2020-01-19 00:00:00+00:00,1.54314165,0.6523
SOLUSDT,2020-01-20 00:00:00+00:00,1.53413892,0.6553
SOLUSDT,2020-01-21 00:00:00+00:00,1.5503965,0.6499
SOLUSDT,2020-01-22 00:00:00+00:00,1.53544323,0.6549
SOLUSDT,2020-01-23 00:00:00+00:00,1.48547764,0.6715
SOLUSDT,2020-01-24 00:00:00+00:00,1.49494018,0.6684
SOLUSDT,2020-01-25 00:00:00+00:00,1.4807681,0.6731
SOLUSDT,2020-01-26 00:00:00+00:00,1.52095733,0.6597
SOLUSDT,2020-01-27 00:00:00+00:00,1.5779271,0.6407
SOLUSDT,2020-01-28 00:00:00+00:00,1.64585254,0.618
SOLUSDT,2020-01-29 00:00:00+00:00,1.64528656,0.6182
SOLUSDT,2020-01-30 00:00:00+00:00,1.67702648,0.6077
SOLUSDT,2020-01-31 00:00:00+00:00,1.64732688,0.6176
SOLUSDT,2020-02-01 00:00:00+00:00,1.650978,0.6163
SOLUSDT,2020-02-02 00:00:00+00:00,1.64356756,0.6188
SOLUSDT,2020-02-03 00:00:00+00:00,1.6319591,0.6227
SOLUSDT,2020-02-04 00:00:00+00:00,1.61069803,0.6298
SOLUSDT,2020-02-05 00:00:00+00:00,1.69086813,0.603
SOLUSDT,2020-02-06 00:00:00+00:00,1.70571675,0.5981
SOLUSDT,2020-02-07 00:00:00+00:00,1.7097118,0.5968
SOLUSDT,2020-02-08 00:00:00+00:00,1.72664271,0.5911
SOLUSDT,2020-02-09 00:00:00+00:00,1.76640757,0.5779
SOLUSDT,2020-02-10 00:00:00+00:00,1.71346985,0.5955
SOLUSDT,2020-02-11 00:00:00+00:00,1.7792319,0.5736
SOLUSDT,2020-02-12 00:00:00+00:00,1.79208365,0.5693
SOLUSDT,2020-02-13 00:00:00+00:00,1.76851563,0.5772
SOLUSDT,2020-02-14 00:00:00+00:00,1.7883096,0.5706
SOLUSDT,2020-02-15 00:00:00+00:00,1.71075719,0.5964
SOLUSDT,2020-02-16 00:00:00+00:00,1.71695434,0.5943
SOLUSDT,2020-02-17 00:00:00+00:00,1.67061779,0.6098
SOLUSDT,2020-02-18 00:00:00+00:00,1.75425426,0.5819
SOLUSDT,2020-02-19 00:00:00+00:00,1.65794069,0.614
SOLUSDT,2020-02-20 00:00:00+00:00,1.65435215,0.6152
SOLUSDT,2020-02-21 00:00:00+00:00,1.66881312,0.6104
SOLUSDT,2020-02-22 00:00:00+00:00,1.66379813,0.6121
SOLUSDT,2020-02-23 00:00:00+00:00,1.71384131,0.5954
SOLUSDT,2020-02-24 00:00:00+00:00,1.65765413,0.6141
SOLUSDT,2020-02-25 00:00:00+00:00,1.60369037,0.6321
SOLUSDT,2020-02-26 00:00:00+00:00,1.51151916,0.6628
SOLUSDT,2020-02-27 00:00:00+00:00,1.50901158,0.6637
SOLUSDT,2020-02-28 00:00:00+00:00,1.50435395,0.6652
SOLUSDT,2020-02-29 00:00:00+00:00,1.47581569,0.6747
SOLUSDT,2020-03-01 00:00:00+00:00,1.46928146,0.6769
SOLUSDT,2020-03-02 00:00:00+00:00,1.53109223,0.6563
SOLUSDT,2020-03-03 00:00:00+00:00,1.50704354,0.6643
SOLUSDT,2020-03-04 00:00:00+00:00,1.50859699,0.6638
SOLUSDT,2020-03-05 00:00:00+00:00,1.56090164,0.6464
SOLUSDT,2020-03-06 00:00:00+00:00,1.57478419,0.6417
SOLUSDT,2020-03-07 00:00:00+00:00,1.53210003,0.656
SOLUSDT,2020-03-08 00:00:00+00:00,1.39731984,0.7009
SOLUSDT,2020-03-09 00:00:00+00:00,1.36296685,0.7123
SOLUSDT,2020-03-10 00:00:00+00:00,1.3667676,0.7111
SOLUSDT,2020-03-11 00:00:00+00:00,1.37532279,0.7082
SOLUSDT,2020-03-12 00:00:00+00:00,0.87746909,0.8742
SOLUSDT,2020-03-13 00:00:00+00:00,1.00230839,0.8326
SOLUSDT,2020-03-14 00:00:00+00:00,0.91943052,0.8602
SOLUSDT,2020-03-15 00:00:00+00:00,0.9586443,0.8471
SOLUSDT,2020-03-16 00:00:00+00:00,0.9005596,0.8665
SOLUSDT,2020-03-17 00:00:00+00:00,0.97465625,0.8418
SOLUSDT,2020-03-18 00:00:00+00:00,0.97098752,0.843
SOLUSDT,2020-03-19 00:00:00+00:00,1.11612479,0.7946
SOLUSDT,2020-03-20 00:00:00+00:00,1.11275432,0.7957
SOLUSDT,2020-03-21 00:00:00+00:00,1.11317824,0.7956
SOLUSDT,2020-03-22 00:00:00+00:00,1.05120625,0.8163
SOLUSDT,2020-03-23 00:00:00+00:00,1.16908967,0.777
SOLUSDT,2020-03-24 00:00:00+00:00,1.21902362,0.7603
SOLUSDT,2020-03-25 00:00:00+00:00,1.20405859,0.7653
SOLUSDT,2020-03-26 00:00:00+00:00,1.21539093,0.7615
SOLUSDT,2020-03-27 00:00:00+00:00,1.168733,0.7771
SOLUSDT,2020-03-28 00:00:00+00:00,1.12273873,0.7924
SOLUSDT,2020-03-29 00:00:00+00:00,1.06488351,0.8117
SOLUSDT,2020-03-30 00:00:00+00:00,1.16111925,0.7796
SOLUSDT,2020-03-31 00:00:00+00:00,1.16086021,0.7797
SOLUSDT,2020-04-01 00:00:00+00:00,1.20232747,0.7659
SOLUSDT,2020-04-02 00:00:00+00:00,1.2293196,0.7569
SOLUSDT,2020-04-03 00:00:00+00:00,1.22207588,0.7593
SOLUSDT,2020-04-04 00:00:00+00:00,1.24154011,0.7528
SOLUSDT,2020-04-05 00:00:00+00:00,1.22896481,0.757
SOLUSDT,2020-04-06 00:00:00+00:00,1.31870276,0.7271
SOLUSDT,2020-04-07 00:00:00+00:00,1.29919781,0.7336
SOLUSDT,2020-04-08 00:00:00+00:00,1.33180003,0.7227
SOLUSDT,2020-04-09 00:00:00+00:00,1.3184332,0.7272
SOLUSDT,2020-04-10 00:00:00+00:00,1.24393645,0.752
SOLUSDT,2020-04-11 00:00:00+00:00,1.24828502,0.7506
SOLUSDT,2020-04-12 00:00:00+00:00,1.26554137,0.7448
SOLUSDT,2020-04-13 00:00:00+00:00,1.24500204,0.7517
SOLUSDT,2020-04-14 00:00:00+00:00,1.24727346,0.7509
SOLUSDT,2020-04-15 00:00:00+00:00,1.20252464,0.7658
SOLUSDT,2020-04-16 00:00:00+00:00,1.29329091,0.7356
SOLUSDT,2020-04-17 00:00:00+00:00,1.28483033,0.7384
SOLUSDT,2020-04-18 00:00:00+00:00,1.31739282,0.7275
SOLUSDT,2020-04-19 00:00:00+00:00,1.29699559,0.7343
SOLUSDT,2020-04-20 00:00:00+00:00,1.24397211,0.752
SOLUSDT,2020-04-21 00:00:00+00:00,1.2473842,0.7509
SOLUSDT,2020-04-22 00:00:00+00:00,1.29301523,0.7357
SOLUSDT,2020-04-23 00:00:00+00:00,1.35798226,0.714
SOLUSDT,2020-04-24 00:00:00+00:00,1.3603772,0.7132
SOLUSDT,2020-04-25 00:00:00+00:00,1.36573263,0.7114
SOLUSDT,2020-04-26 00:00:00+00:00,1.39182404,0.7027
SOLUSDT,2020-04-27 00:00:00+00:00,1.40592618,0.698
SOLUSDT,2020-04-28 00:00:00+00:00,1.40416612,0.6986
SOLUSDT,2020-04-29 00:00:00+00:00,1.57124906,0.6429
SOLUSDT,2020-04-30 00:00:00+00:00,1.54783671,0.6507
SOLUSDT,2020-05-01 00:00:00+00:00,1.58149669,0.6395
SOLUSDT,2020-05-02 00:00:00+00:00,1.60183196,0.6327
SOLUSDT,2020-05-03 00:00:00+00:00,1.58639791,0.6379
SOLUSDT,2020-05-04 00:00:00+00:00,1.58241067,0.6392
SOLUSDT,2020-05-05 00:00:00+00:00,1.59959352,0.6335
SOLUSDT,2020-05-06 00:00:00+00:00,1.64574813,0.6181
SOLUSDT,2020-05-07 00:00:00+00:00,1.76246608,0.5792
SOLUSDT,2020-05-08 00:00:00+00:00,1.73504927,0.5883
SOLUSDT,2020-05-09 00:00:00+00:00,1.68527866,0.6049
SOLUSDT,2020-05-10 00:00:00+00:00,1.53444392,0.6552
SOLUSDT,2020-05-11 00:00:00+00:00,1.51427708,0.6619
SOLUSDT,2020-05-12 00:00:00+00:00,1.55398556,0.6487
SOLUSDT,2020-05-13 00:00:00+00:00,1.64026769,0.6199
SOLUSDT,2020-05-14 00:00:00+00:00,1.72149026,0.5928
SOLUSDT,2020-05-15 00:00:00+00:00,1.63770129,0.6208
SOLUSDT,2020-05-16 00:00:00+00:00,1.64923495,0.6169
SOLUSDT,2020-05-17 00:00:00+00:00,1.69855053,0.6005
SOLUSDT,2020-05-18 00:00:00+00:00,1.7030904,0.599
SOLUSDT,2020-05-19 00:00:00+00:00,1.70545218,0.5982
SOLUSDT,2020-05-20 00:00:00+00:00,1.66337697,0.6122
SOLUSDT,2020-05-21 00:00:00+00:00,1.58611169,0.638
SOLUSDT,2020-05-22 00:00:00+00:00,1.60231403,0.6326
SOLUSDT,2020-05-23 00:00:00+00:00,1.60568496,0.6314
SOLUSDT,2020-05-24 00:00:00+00:00,1.54008682,0.6533
SOLUSDT,2020-05-25 00:00:00+00:00,1.55903037,0.647
SOLUSDT,2020-05-26 00:00:00+00:00,1.54624899,0.6513
SOLUSDT,2020-05-27 00:00:00+00:00,1.60359036,0.6321
SOLUSDT,2020-05-28 00:00:00+00:00,1.67222784,0.6093
SOLUSDT,2020-05-29 00:00:00+00:00,1.64770853,0.6174
SOLUSDT,2020-05-30 00:00:00+00:00,1.69215433,0.6026
SOLUSDT,2020-05-31 00:00:00+00:00,1.64704955,0.6177
SOLUSDT,2020-06-01 00:00:00+00:00,1.77456298,0.5751
SOLUSDT,2020-06-02 00:00:00+00:00,1.65555855,0.6148
SOLUSDT,2020-06-03 00:00:00+00:00,1.67699652,0.6077
SOLUSDT,2020-06-04 00:00:00+00:00,1.70498933,0.5983
SOLUSDT,2020-06-05 00:00:00+00:00,1.67491159,0.6084
SOLUSDT,2020-06-06 00:00:00+00:00,1.67895972,0.607
SOLUSDT,2020-06-07 00:00:00+00:00,1.69210512,0.6026
SOLUSDT,2020-06-08 00:00:00+00:00,1.6929366,0.6024
SOLUSDT,2020-06-09 00:00:00+00:00,1.69357425,0.6021
SOLUSDT,2020-06-10 00:00:00+00:00,1.71128591,0.5962
SOLUSDT,2020-06-11 00:00:00+00:00,1.60651966,0.6312
SOLUSDT,2020-06-12 00:00:00+00:00,1.63695561,0.621
SOLUSDT,2020-06-13 00:00:00+00:00,1.63756141,0.6208
SOLUSDT,2020-06-14 00:00:00+00:00,1.61687359,0.6277
SOLUSDT,2020-06-15 00:00:00+00:00,1.63326898,0.6222
SOLUSDT,2020-06-16 00:00:00+00:00,1.64602728,0.618
SOLUSDT,2020-06-17 00:00:00+00:00,1.63347313,0.6222
SOLUSDT,2020-06-18 00:00:00+00:00,1.61930293,0.6269
SOLUSDT,2020-06-19 00:00:00+00:00,1.601515,0.6328
SOLUSDT,2020-06-20 00:00:00+00:00,1.61343538,0.6289
SOLUSDT,2020-06-21 00:00:00+00:00,1.6005863,0.6331
SOLUSDT,2020-06-22 00:00:00+00:00,1.66795041,0.6107
SOLUSDT,2020-06-23 00:00:00+00:00,1.65453862,0.6152
SOLUSDT,2020-06-24 00:00:00+00:00,1.60043802,0.6332
SOLUSDT,2020-06-25 00:00:00+00:00,1.59283584,0.6357
SOLUSDT,2020-06-26 00:00:00+00:00,1.57369557,0.6421
SOLUSDT,2020-06-27 00:00:00+00:00,1.5467905,0.6511
SOLUSDT,2020-06-28 00:00:00+00:00,1.56486434,0.645
SOLUSDT,2020-06-29 00:00:00+00:00,1.57752462,0.6408
SOLUSDT,2020-06-30 00:00:00+00:00,1.56990039,0.6434
SOLUSDT,2020-07-01 00:00:00+00:00,1.5861884,0.6379
SOLUSDT,2020-07-02 00:00:00+00:00,1.56106575,0.6463
SOLUSDT,2020-07-03 00:00:00+00:00,1.5561961,0.6479
SOLUSDT,2020-07-04 00:00:00+00:00,1.56620843,0.6446
SOLUSDT,2020-07-05 00:00:00+00:00,1.55815127,0.6473
SOLUSDT,2020-07-06 00:00:00+00:00,1.60183713,0.6327
SOLUSDT,2020-07-07 00:00:00+00:00,1.58667765,0.6378
SOLUSDT,2020-07-08 00:00:00+00:00,1.61561301,0.6281
SOLUSDT,2020-07-09 00:00:00+00:00,1.58050888,0.6398
SOLUSDT,2020-07-10 00:00:00+00:00,1.58940706,0.6369
SOLUSDT,2020-07-11 00:00:00+00:00,1.58104284,0.6397
SOLUSDT,2020-07-12 00:00:00+00:00,1.58969582,0.6368
SOLUSDT,2020-07-13 00:00:00+00:00,1.58057885,0.6398
SOLUSDT,2020-07-14 00:00:00+00:00,1.58381858,0.6387
SOLUSDT,2020-07-15 00:00:00+00:00,1.57234112,0.6426
SOLUSDT,2020-07-16 00:00:00+00:00,1.56130786,0.6462
SOLUSDT,2020-07-17 00:00:00+00:00,1.56536628,0.6449
SOLUSDT,2020-07-18 00:00:00+00:00,1.56854068,0.6438
SOLUSDT,2020-07-19 00:00:00+00:00,1.57544863,0.6415
SOLUSDT,2020-07-20 00:00:00+00:00,1.56656719,0.6445
SOLUSDT,2020-07-21 00:00:00+00:00,1.6036542,0.6321
SOLUSDT,2020-07-22 00:00:00+00:00,1.62670582,0.6244
SOLUSDT,2020-07-23 00:00:00+00:00,1.6387837,0.6204
SOLUSDT,2020-07-24 00:00:00+00:00,1.62771038,0.6241
SOLUSDT,2020-07-25 00:00:00+00:00,1.6530963,0.6156
SOLUSDT,2020-07-26 00:00:00+00:00,1.69125357,0.6029
SOLUSDT,2020-07-27 00:00:00+00:00,1.87222939,0.5426
SOLUSDT,2020-07-28 00:00:00+00:00,1.84950049,0.5502
SOLUSDT,2020-07-29 00:00:00+00:00,1.87484925,0.5417
SOLUSDT,2020-07-30 00:00:00+00:00,1.87475515,0.5417
SOLUSDT,2020-07-31 00:00:00+00:00,1.90517626,0.5316
SOLUSDT,2020-08-01 00:00:00+00:00,1.97908671,0.507
SOLUSDT,2020-08-02 00:00:00+00:00,1.8599879,0.5467
SOLUSDT,2020-08-03 00:00:00+00:00,1.87772343,0.5408
SOLUSDT,2020-08-04 00:00:00+00:00,1.87038652,0.5432
SOLUSDT,2020-08-05 00:00:00+00:00,1.95126913,0.5162
SOLUSDT,2020-08-06 00:00:00+00:00,1.95155359,0.5161
SOLUSDT,2020-08-07 00:00:00+00:00,1.91764781,0.5275
SOLUSDT,2020-08-08 00:00:00+00:00,1.93742923,0.5209
SOLUSDT,2020-08-09 00:00:00+00:00,1.92470744,0.5251
SOLUSDT,2020-08-10 00:00:00+00:00,1.95320633,0.5156
SOLUSDT,2020-08-11 00:00:00+00:00,1.87194792,0.5427
SOLUSDT,2020-08-12 00:00:00+00:00,1.89982911,0.5334
SOLUSDT,2020-08-13 00:00:00+00:00,1.92924287,0.5236
SOLUSDT,2020-08-14 00:00:00+00:00,1.9265623,0.5245
SOLUSDT,2020-08-15 00:00:00+00:00,1.93989709,0.52
SOLUSDT,2020-08-16 00:00:00+00:00,1.94366153,0.5188
SOLUSDT,2020-08-17 00:00:00+00:00,2.00437877,0.4985
SOLUSDT,2020-08-18 00:00:00+00:00,1.95013602,0.5166
SOLUSDT,2020-08-19 00:00:00+00:00,1.90751141,0.5308
SOLUSDT,2020-08-20 00:00:00+00:00,1.92666487,0.5244
SOLUSDT,2020-08-21 00:00:00+00:00,1.86965642,0.5434
SOLUSDT,2020-08-22 00:00:00+00:00,1.89433444,0.5352
SOLUSDT,2020-08-23 00:00:00+00:00,1.89095764,0.5363
SOLUSDT,2020-08-24 00:00:00+00:00,1.90603293,0.5313
SOLUSDT,2020-08-25 00:00:00+00:00,1.83853818,0.5538
SOLUSDT,2020-08-26 00:00:00+00:00,1.8556766,0.5481
SOLUSDT,2020-08-27 00:00:00+00:00,1.82960462,0.5568
SOLUSDT,2020-08-28 00:00:00+00:00,1.86186629,0.546
SOLUSDT,2020-08-29 00:00:00+00:00,1.85563351,0.5481
SOLUSDT,2020-08-30 00:00:00+00:00,1.88762446,0.5375
SOLUSDT,2020-08-31 00:00:00+00:00,1.88187726,0.5394
SOLUSDT,2020-09-01 00:00:00+00:00,1.92471346,0.5251
SOLUSDT,2020-09-02 00:00:00+00:00,1.83478767,0.5551
SOLUSDT,2020-09-03 00:00:00+00:00,1.65212902,0.616
SOLUSDT,2020-09-04 00:00:00+00:00,1.68560929,0.6048
SOLUSDT,2020-09-05 00:00:00+00:00,1.63131545,0.6229
SOLUSDT,2020-09-06 00:00:00+00:00,1.65140122,0.6162
SOLUSDT,2020-09-07 00:00:00+00:00,1.67005527,0.61
SOLUSDT,2020-09-08 00:00:00+00:00,1.62894233,0.6237
SOLUSDT,2020-09-09 00:00:00+00:00,1.64757745,0.6175
SOLUSDT,2020-09-10 00:00:00+00:00,1.66531058,0.6116
SOLUSDT,2020-09-11 00:00:00+00:00,1.67381361,0.6087
SOLUSDT,2020-09-12 00:00:00+00:00,1.68190081,0.606
SOLUSDT,2020-09-13 00:00:00+00:00,1.66341746,0.6122
SOLUSDT,2020-09-14 00:00:00+00:00,1.71735678,0.5942
SOLUSDT,2020-09-15 00:00:00+00:00,1.7348274,0.5884
SOLUSDT,2020-09-16 00:00:00+00:00,1.76292263,0.579
SOLUSDT,2020-09-17 00:00:00+00:00,1.75667708,0.5811
SOLUSDT,2020-09-18 00:00:00+00:00,1.75269523,0.5824
SOLUSDT,2020-09-19 00:00:00+00:00,1.77573693,0.5748
SOLUSDT,2020-09-20 00:00:00+00:00,1.75066035,0.5831
SOLUSDT,2020-09-21 00:00:00+00:00,1.67690819,0.6077
SOLUSDT,2020-09-22 00:00:00+00:00,1.68568673,0.6048
SOLUSDT,2020-09-23 00:00:00+00:00,1.64062817,0.6198
SOLUSDT,2020-09-24 00:00:00+00:00,1.72053475,0.5932
SOLUSDT,2020-09-25 00:00:00+00:00,1.71066582,0.5964
SOLUSDT,2020-09-26 00:00:00+00:00,1.71935636,0.5935
SOLUSDT,2020-09-27 00:00:00+00:00,1.72167524,0.5928
SOLUSDT,2020-09-28 00:00:00+00:00,1.71621999,0.5946
SOLUSDT,2020-09-29 00:00:00+00:00,1.73140353,0.5895
SOLUSDT,2020-09-30 00:00:00+00:00,1.71995233,0.5933
SOLUSDT,2020-10-01 00:00:00+00:00,1.69356781,0.6021
SOLUSDT,2020-10-02 00:00:00+00:00,1.68748627,0.6042
SOLUSDT,2020-10-03 00:00:00+00:00,1.68506329,0.605
SOLUSDT,2020-10-04 00:00:00+00:00,1.70216949,0.5993
SOLUSDT,2020-10-05 00:00:00+00:00,1.71835152,0.5939
SOLUSDT,2020-10-06 00:00:00+00:00,1.69012311,0.6033
SOLUSDT,2020-10-07 00:00:00+00:00,1.70039927,0.5999
SOLUSDT,2020-10-08 00:00:00+00:00,1.73638098,0.5879
SOLUSDT,2020-10-09 00:00:00+00:00,1.76179817,0.5794
SOLUSDT,2020-10-10 00:00:00+00:00,1.79700041,0.5677
SOLUSDT,2020-10-11 00:00:00+00:00,1.80770338,0.5641
SOLUSDT,2020-10-12 00:00:00+00:00,1.83284911,0.5557
SOLUSDT,2020-10-13 00:00:00+00:00,1.81348383,0.5622
SOLUSDT,2020-10-14 00:00:00+00:00,1.80880169,0.5637
SOLUSDT,2020-10-15 00:00:00+00:00,1.82050458,0.5598
SOLUSDT,2020-10-16 00:00:00+00:00,1.7940757,0.5686
SOLUSDT,2020-10-17 00:00:00+00:00,1.79732641,0.5676
SOLUSDT,2020-10-18 00:00:00+00:00,1.81665683,0.5611
SOLUSDT,2020-10-19 00:00:00+00:00,1.85166488,0.5494
SOLUSDT,2020-10-20 00:00:00+00:00,1.87699868,0.541
SOLUSDT,2020-10-21 00:00:00+00:00,2.013415,0.4955
SOLUSDT,2020-10-22 00:00:00+00:00,2.02018679,0.4933
SOLUSDT,2020-10-23 00:00:00+00:00,2.00849858,0.4972
SOLUSDT,2020-10-24 00:00:00+00:00,2.02902772,0.4903
SOLUSDT,2020-10-25 00:00:00+00:00,2.01568826,0.4948
SOLUSDT,2020-10-26 00:00:00+00:00,2.01954164,0.4935
SOLUSDT,2020-10-27 00:00:00+00:00,2.10370037,0.4654
SOLUSDT,2020-10-28 00:00:00+00:00,2.04049323,0.4865
SOLUSDT,2020-10-29 00:00:00+00:00,2.06357066,0.4788
SOLUSDT,2020-10-30 00:00:00+00:00,2.0801745,0.4733
SOLUSDT,2020-10-31 00:00:00+00:00,2.10747626,0.4642
SOLUSDT,2020-11-01 00:00:00+00:00,2.09316771,0.4689
SOLUSDT,2020-11-02 00:00:00+00:00,2.06586073,0.478
SOLUSDT,2020-11-03 00:00:00+00:00,2.09497527,0.4683
SOLUSDT,2020-11-04 00:00:00+00:00,2.10823433,0.4639
SOLUSDT,2020-11-05 00:00:00+00:00,2.30749272,0.3975
SOLUSDT,2020-11-06 00:00:00+00:00,2.29919169,0.4003
SOLUSDT,2020-11-07 00:00:00+00:00,2.18711473,0.4376
SOLUSDT,2020-11-08 00:00:00+00:00,2.26976446,0.4101
SOLUSDT,2020-11-09 00:00:00+00:00,2.23751677,0.4208
SOLUSDT,2020-11-10 00:00:00+00:00,2.23228692,0.4226
SOLUSDT,2020-11-11 00:00:00+00:00,2.28563276,0.4048
SOLUSDT,2020-11-12 00:00:00+00:00,2.35643005,0.3812
SOLUSDT,2020-11-13 00:00:00+00:00,2.35455292,0.3818
SOLUSDT,2020-11-14 00:00:00+00:00,2.317866766319,0.394
SOLUSDT,2020-11-15 00:00:00+00:00,2.29883051,0.4004
SOLUSDT,2020-11-16 00:00:00+00:00,2.39979607,0.3667
SOLUSDT,2020-11-17 00:00:00+00:00,2.51738625,0.3275
SOLUSDT,2020-11-18 00:00:00+00:00,2.51023261,0.3299
SOLUSDT,2020-11-19 00:00:00+00:00,2.504430386254,0.3319
SOLUSDT,2020-11-20 00:00:00+00:00,2.596127396527,0.3013
SOLUSDT,2020-11-21 00:00:00+00:00,2.589987418208,0.3033
SOLUSDT,2020-11-22 00:00:00+00:00,2.55377715,0.3154
SOLUSDT,2020-11-23 00:00:00+00:00,2.52775968,0.3241
SOLUSDT,2020-11-24 00:00:00+00:00,2.61774563,0.2941
SOLUSDT,2020-11-25 00:00:00+00:00,2.555478063978,0.3148
SOLUSDT,2020-11-26 00:00:00+00:00,2.326869284941,0.391
SOLUSDT,2020-11-27 00:00:00+00:00,2.31953985,0.3935
SOLUSDT,2020-11-28 00:00:00+00:00,2.40313103,0.3656
SOLUSDT,2020-11-29 00:00:00+00:00,2.45853128,0.3472
SOLUSDT,2020-11-30 00:00:00+00:00,2.63721867,0.2876
SOLUSDT,2020-12-01 00:00:00+00:00,2.51290662,0.329
SOLUSDT,2020-12-02 00:00:00+00:00,2.55197705,0.316
SOLUSDT,2020-12-03 00:00:00+00:00,2.57495934,0.3083
SOLUSDT,2020-12-04 00:00:00+00:00,2.47230116,0.3426
SOLUSDT,2020-12-05 00:00:00+00:00,2.51909742,0.327
SOLUSDT,2020-12-06 00:00:00+00:00,2.54722977,0.3176
SOLUSDT,2020-12-07 00:00:00+00:00,2.51748691,0.3275
SOLUSDT,2020-12-08 00:00:00+00:00,2.40341294,0.3655
SOLUSDT,2020-12-09 00:00:00+00:00,2.422360712922,0.3592
SOLUSDT,2020-12-10 00:00:00+00:00,2.38235433,0.3725
SOLUSDT,2020-12-11 00:00:00+00:00,2.34803699,0.384
SOLUSDT,2020-12-12 00:00:00+00:00,2.43833504,0.3539
SOLUSDT,2020-12-13 00:00:00+00:00,2.46411643,0.3453
SOLUSDT,2020-12-14 00:00:00+00:00,2.474236613553,0.3419
SOLUSDT,2020-12-15 00:00:00+00:00,2.48407194,0.3386
SOLUSDT,2020-12-16 00:00:00+00:00,2.70395115,0.2653
SOLUSDT,2020-12-17 00:00:00+00:00,2.838980097189,0.2203
SOLUSDT,2020-12-18 00:00:00+00:00,2.82221791,0.2259
SOLUSDT,2020-12-19 00:00:00+00:00,2.906877174893,0.1977
SOLUSDT,2020-12-20 00:00:00+00:00,2.850832494921,0.2164
SOLUSDT,2020-12-21 00:00:00+00:00,2.76690892,0.2444
SOLUSDT,2020-12-22 00:00:00+00:00,2.831513764707,0.2228
SOLUSDT,2020-12-23 00:00:00+00:00,2.75180066,0.2494
SOLUSDT,2020-12-24 00:00:00+00:00,2.77320466,0.2423
SOLUSDT,2020-12-25 00:00:00+00:00,2.87742129,0.2075
SOLUSDT,2020-12-26 00:00:00+00:00,3.06732801,0.1442
SOLUSDT,2020-12-27 00:00:00+00:00,3.033869719213,0.1554
SOLUSDT,2020-12-28 00:00:00+00:00,3.03336124,0.1555
SOLUSDT,2020-12-29 00:00:00+00:00,3.00690895,0.1644
SOLUSDT,2020-12-30 00:00:00+00:00,3.14848763,0.1172
SOLUSDT,2020-12-31 00:00:00+00:00,3.140996404211,0.1197
SOLUSDT,2021-01-01 00:00:00+00:00,3.145922773591,0.118
SOLUSDT,2021-01-02 00:00:00+00:00,3.36183826,0.0461
SOLUSDT,2021-01-03 00:00:00+00:00,3.43360474,0.0221
SOLUSDT,2021-01-04 00:00:00+00:00,3.2392637,0.0869
SOLUSDT,2021-01-05 00:00:00+00:00,3.40781574,0.0307
SOLUSDT,2021-01-06 00:00:00+00:00,3.60095708,0.0
SOLUSDT,2021-01-07 00:00:00+00:00,3.742047073313,0.0
SOLUSDT,2021-01-08 00:00:00+00:00,3.78863874,0.0
SOLUSDT,2021-01-09 00:00:00+00:00,3.6883279,0.0
SOLUSDT,2021-01-10 00:00:00+00:00,3.47615243,0.0079
SOLUSDT,2021-01-11 00:00:00+00:00,3.17723254,0.1076
SOLUSDT,2021-01-12 00:00:00+00:00,3.024579234512,0.1585
SOLUSDT,2021-01-13 00:00:00+00:00,3.31893271605,0.0604
SOLUSDT,2021-01-14 00:00:00+00:00,3.43968572,0.0201
SOLUSDT,2021-01-15 00:00:00+00:00,3.21691863,0.0944
SOLUSDT,2021-01-16 00:00:00+00:00,3.16002808,0.1133
SOLUSDT,2021-01-17 00:00:00+00:00,3.14208979,0.1193
SOLUSDT,2021-01-18 00:00:00+00:00,3.16789734,0.1107
SOLUSDT,2021-01-19 00:00:00+00:00,3.12779915,0.1241
SOLUSDT,2021-01-20 00:00:00+00:00,3.05640832,0.1479
SOLUSDT,2021-01-21 00:00:00+00:00,2.671999724485,0.276
SOLUSDT,2021-01-22 00:00:00+00:00,2.83570647,0.2214
SOLUSDT,2021-01-23 00:00:00+00:00,2.75080418,0.2497
SOLUSDT,2021-01-24 00:00:00+00:00,2.763770318383,0.2454
SOLUSDT,2021-01-25 00:00:00+00:00,2.777191691556,0.2409
SOLUSDT,2021-01-26 00:00:00+00:00,2.79160837,0.2361
SOLUSDT,2021-01-27 00:00:00+00:00,2.58416695,0.3053
SOLUSDT,2021-01-28 00:00:00+00:00,2.83537151,0.2215
SOLUSDT,2021-01-29 00:00:00+00:00,2.87127647,0.2096
SOLUSDT,2021-01-30 00:00:00+00:00,2.878188037248,0.2073
SOLUSDT,2021-01-31 00:00:00+00:00,2.77012967,0.2433
SOLUSDT,2021-02-01 00:00:00+00:00,2.798474060738,0.2338
SOLUSDT,2021-02-02 00:00:00+00:00,2.95247741,0.1825
SOLUSDT,2021-02-03 00:00:00+00:00,3.10161426,0.1328
SOLUSDT,2021-02-04 00:00:00+00:00,3.046232040351,0.1513
SOLUSDT,2021-02-05 00:00:00+00:00,3.09428668,0.1352
SOLUSDT,2021-02-06 00:00:00+00:00,3.18428793,0.1052
SOLUSDT,2021-02-07 00:00:00+00:00,3.141200247585,0.1196
SOLUSDT,2021-02-08 00:00:00+00:00,3.65741696,0.0
SOLUSDT,2021-02-09 00:00:00+00:00,3.61855022,0.0
SOLUSDT,2021-02-10 00:00:00+00:00,3.46683384,0.0111
SOLUSDT,2021-02-11 00:00:00+00:00,3.64585169,0.0
SOLUSDT,2021-02-12 00:00:00+00:00,3.57975153,0.0
SOLUSDT,2021-02-13 00:00:00+00:00,3.54773666,0.0
SOLUSDT,2021-02-14 00:00:00+00:00,3.65475277,0.0
SOLUSDT,2021-02-15 00:00:00+00:00,3.56148121,0.0
SOLUSDT,2021-02-16 00:00:00+00:00,3.6125173,0.0
SOLUSDT,2021-02-17 00:00:00+00:00,3.79432537,0.0
SOLUSDT,2021-02-18 00:00:00+00:00,3.70969063,0.0
SOLUSDT,2021-02-19 00:00:00+00:00,3.90986635,0.0
SOLUSDT,2021-02-20 00:00:00+00:00,3.87796973,0.0
SOLUSDT,2021-02-21 00:00:00+00:00,3.95810037,0.0
SOLUSDT,2021-02-22 00:00:00+00:00,3.68695731,0.0
SOLUSDT,2021-02-23 00:00:00+00:00,3.28933195,0.0702
SOLUSDT,2021-02-24 00:00:00+00:00,3.32994398,0.0567
SOLUSDT,2021-02-25 00:00:00+00:00,3.17682646,0.1077
SOLUSDT,2021-02-26 00:00:00+00:00,3.06572143,0.1448
SOLUSDT,2021-02-27 00:00:00+00:00,3.04478896,0.1517
SOLUSDT,2021-02-28 00:00:00+00:00,3.00886446,0.1637
SOLUSDT,2021-03-01 00:00:00+00:00,3.269931,0.0767
SOLUSDT,2021-03-02 00:00:00+00:00,3.17061495,0.1098
SOLUSDT,2021-03-03 00:00:00+00:00,3.3135168,0.0622
SOLUSDT,2021-03-04 00:00:00+00:00,3.161905493951,0.1127
SOLUSDT,2021-03-05 00:00:00+00:00,3.17106851,0.1096
SOLUSDT,2021-03-06 00:00:00+00:00,3.175929809802,0.108
SOLUSDT,2021-03-07 00:00:00+00:00,3.30549961,0.0648
SOLUSDT,2021-03-08 00:00:00+00:00,3.35002291,0.05
SOLUSDT,2021-03-09 00:00:00+00:00,3.49855563203,0.0005
SOLUSDT,2021-03-10 00:00:00+00:00,3.56293331,0.0
SOLUSDT,2021-03-11 00:00:00+00:00,3.63177042,0.0
SOLUSDT,2021-03-12 00:00:00+00:00,3.570586382096,0.0
SOLUSDT,2021-03-13 00:00:00+00:00,3.78957634,0.0
SOLUSDT,2021-03-14 00:00:00+00:00,3.68484058,0.0
SOLUSDT,2021-03-15 00:00:00+00:00,3.43735753,0.0209
SOLUSDT,2021-03-16 00:00:00+00:00,3.44231318,0.0192
SOLUSDT,2021-03-17 00:00:00+00:00,3.55383882,0.0
SOLUSDT,2021-03-18 00:00:00+00:00,3.48651656,0.0045
SOLUSDT,2021-03-19 00:00:00+00:00,3.50341884,0.0
SOLUSDT,2021-03-20 00:00:00+00:00,3.49731896,0.0009
SOLUSDT,2021-03-21 00:00:00+00:00,3.440164039174,0.0199
SOLUSDT,2021-03-22 00:00:00+00:00,3.25092326,0.083
SOLUSDT,2021-03-23 00:00:00+00:00,3.23614304,0.088
SOLUSDT,2021-03-24 00:00:00+00:00,3.11041886,0.1299
SOLUSDT,2021-03-25 00:00:00+00:00,3.03612207,0.1546
SOLUSDT,2021-03-26 00:00:00+00:00,3.20883079,0.0971
SOLUSDT,2021-03-27 00:00:00+00:00,3.26897077,0.077
SOLUSDT,2021-03-28 00:00:00+00:00,3.24472988,0.0851
SOLUSDT,2021-03-29 00:00:00+00:00,3.33795673,0.054
SOLUSDT,2021-03-30 00:00:00+00:00,3.38330063,0.0389
SOLUSDT,2021-03-31 00:00:00+00:00,3.375535019449,0.0415
SOLUSDT,2021-04-01 00:00:00+00:00,3.35598363,0.048
SOLUSDT,2021-04-02 00:00:00+00:00,3.35413045,0.0486
SOLUSDT,2021-04-03 00:00:00+00:00,3.25187507,0.0827
SOLUSDT,2021-04-04 00:00:00+00:00,3.298301283114,0.0672
SOLUSDT,2021-04-05 00:00:00+00:00,3.32023402,0.0599
SOLUSDT,2021-04-06 00:00:00+00:00,3.22914317,0.0903
SOLUSDT,2021-04-07 00:00:00+00:00,3.12214094,0.126
SOLUSDT,2021-04-08 00:00:00+00:00,3.2057806,0.0981
SOLUSDT,2021-04-09 00:00:00+00:00,3.203576140634,0.0988
SOLUSDT,2021-04-10 00:00:00+00:00,3.27565104,0.0748
SOLUSDT,2021-04-11 00:00:00+00:00,3.28353702,0.0722
SOLUSDT,2021-04-12 00:00:00+00:00,3.26759859,0.0775
SOLUSDT,2021-04-13 00:00:00+00:00,3.43453079,0.0218
SOLUSDT,2021-04-14 00:00:00+00:00,3.37622405,0.0413
SOLUSDT,2021-04-15 00:00:00+00:00,3.37419883,0.0419
SOLUSDT,2021-04-16 00:00:00+00:00,3.27664917,0.0745
SOLUSDT,2021-04-17 00:00:00+00:00,3.19962738,0.1001
SOLUSDT,2021-04-18 00:00:00+00:00,2.959841879616,0.1801
SOLUSDT,2021-04-19 00:00:00+00:00,2.92575459,0.1914
SOLUSDT,2021-04-20 00:00:00+00:00,2.95532944,0.1816
SOLUSDT,2021-04-21 00:00:00+00:00,2.82653587,0.2245
SOLUSDT,2021-04-22 00:00:00+00:00,2.70960708,0.2635
SOLUSDT,2021-04-23 00:00:00+00:00,2.65915763,0.2803
SOLUSDT,2021-04-24 00:00:00+00:00,2.61911452,0.2936
SOLUSDT,2021-04-25 00:00:00+00:00,2.54988868,0.3167
SOLUSDT,2021-04-26 00:00:00+00:00,2.79947785,0.2335
SOLUSDT,2021-04-27 00:00:00+00:00,2.84255929,0.2191
SOLUSDT,2021-04-28 00:00:00+00:00,2.82520447,0.2249
SOLUSDT,2021-04-29 00:00:00+00:00,2.75289848,0.249
SOLUSDT,2021-04-30 00:00:00+00:00,2.9509244,0.183
SOLUSDT,2021-05-01 00:00:00+00:00,2.95232813,0.1826
SOLUSDT,2021-05-02 00:00:00+00:00,2.88247785,0.2058
SOLUSDT,2021-05-03 00:00:00+00:00,2.90918692,0.1969
SOLUSDT,2021-05-04 00:00:00+00:00,2.72676307,0.2577
SOLUSDT,2021-05-05 00:00:00+00:00,2.90068009,0.1998
SOLUSDT,2021-05-06 00:00:00+00:00,2.845644398322,0.2181
SOLUSDT,2021-05-07 00:00:00+00:00,2.86911512,0.2103
SOLUSDT,2021-05-08 00:00:00+00:00,2.93389162,0.1887
SOLUSDT,2021-05-09 00:00:00+00:00,2.90472472,0.1984
SOLUSDT,2021-05-10 00:00:00+00:00,2.78208874,0.2393
SOLUSDT,2021-05-11 00:00:00+00:00,2.81280636,0.2291
SOLUSDT,2021-05-12 00:00:00+00:00,2.528710162627,0.3238
SOLUSDT,2021-05-13 00:00:00+00:00,2.4489477,0.3504
SOLUSDT,2021-05-14 00:00:00+00:00,2.47934018,0.3402
SOLUSDT,2021-05-15 00:00:00+00:00,2.33381396,0.3887
SOLUSDT,2021-05-16 00:00:00+00:00,2.2838578,0.4054
SOLUSDT,2021-05-17 00:00:00+00:00,2.16428882,0.4452
SOLUSDT,2021-05-18 00:00:00+00:00,2.13179763,0.4561
SOLUSDT,2021-05-19 00:00:00+00:00,1.88892076,0.537
SOLUSDT,2021-05-20 00:00:00+00:00,2.05205637,0.4826
SOLUSDT,2021-05-21 00:00:00+00:00,1.87448768,0.5418
SOLUSDT,2021-05-22 00:00:00+00:00,1.90162942,0.5328
SOLUSDT,2021-05-23 00:00:00+00:00,1.75890282,0.5804
SOLUSDT,2021-05-24 00:00:00+00:00,1.94867935,0.5171
SOLUSDT,2021-05-25 00:00:00+00:00,1.93329011,0.5222
SOLUSDT,2021-05-26 00:00:00+00:00,1.97886373,0.507
SOLUSDT,2021-05-27 00:00:00+00:00,1.94636165,0.5179
SOLUSDT,2021-05-28 00:00:00+00:00,1.80279078,0.5657
SOLUSDT,2021-05-29 00:00:00+00:00,1.75819515,0.5806
SOLUSDT,2021-05-30 00:00:00+00:00,1.80573948,0.5648
SOLUSDT,2021-05-31 00:00:00+00:00,1.88939041,0.5369
SOLUSDT,2021-06-01 00:00:00+00:00,1.85490761,0.5484
SOLUSDT,2021-06-02 00:00:00+00:00,1.905098964141,0.5316
SOLUSDT,2021-06-03 00:00:00+00:00,1.9791401,0.507
SOLUSDT,2021-06-04 00:00:00+00:00,1.866853639007,0.5444
SOLUSDT,2021-06-05 00:00:00+00:00,1.79378368,0.5687
SOLUSDT,2021-06-06 00:00:00+00:00,1.81038933,0.5632
SOLUSDT,2021-06-07 00:00:00+00:00,1.71255578,0.5958
SOLUSDT,2021-06-08 00:00:00+00:00,1.7042113,0.5986
SOLUSDT,2021-06-09 00:00:00+00:00,1.89766024,0.5341
SOLUSDT,2021-06-10 00:00:00+00:00,1.87120729,0.5429
SOLUSDT,2021-06-11 00:00:00+00:00,1.88860664,0.5371
SOLUSDT,2021-06-12 00:00:00+00:00,1.81254069,0.5625
SOLUSDT,2021-06-13 00:00:00+00:00,1.976225,0.5079
SOLUSDT,2021-06-14 00:00:00+00:00,2.04984505,0.4834
SOLUSDT,2021-06-15 00:00:00+00:00,2.03798688,0.4873
SOLUSDT,2021-06-16 00:00:00+00:00,1.937890111061,0.5207
SOLUSDT,2021-06-17 00:00:00+00:00,1.927486814795,0.5242
SOLUSDT,2021-06-18 00:00:00+00:00,1.812458657444,0.5625
SOLUSDT,2021-06-19 00:00:00+00:00,1.805038478086,0.565
SOLUSDT,2021-06-20 00:00:00+00:00,1.807459745287,0.5642
SOLUSDT,2021-06-21 00:00:00+00:00,1.615498500377,0.6282
SOLUSDT,2021-06-22 00:00:00+00:00,1.651499802307,0.6162
SOLUSDT,2021-06-23 00:00:00+00:00,1.713698226674,0.5954
SOLUSDT,2021-06-24 00:00:00+00:00,1.766672167447,0.5778
SOLUSDT,2021-06-25 00:00:00+00:00,1.630917169218,0.623
SOLUSDT,2021-06-26 00:00:00+00:00,1.643033945428,0.619
SOLUSDT,2021-06-27 00:00:00+00:00,1.776255857109,0.5746
SOLUSDT,2021-06-28 00:00:00+00:00,1.769776037417,0.5767
SOLUSDT,2021-06-29 00:00:00+00:00,1.849675862855,0.5501
SOLUSDT,2021-06-30 00:00:00+00:00,1.805586334557,0.5648
SOLUSDT,2021-07-01 00:00:00+00:00,1.727368166727,0.5909
SOLUSDT,2021-07-02 00:00:00+00:00,1.746141242195,0.5846
SOLUSDT,2021-07-03 00:00:00+00:00,1.787452030946,0.5708
SOLUSDT,2021-07-04 00:00:00+00:00,1.8265447061,0.5578
SOLUSDT,2021-07-05 00:00:00+00:00,1.752492211228,0.5825
SOLUSDT,2021-07-06 00:00:00+00:00,1.763785729615,0.5787
SOLUSDT,2021-07-07 00:00:00+00:00,1.753796589122,0.5821
SOLUSDT,2021-07-08 00:00:00+00:00,1.697989573018,0.6007
SOLUSDT,2021-07-09 00:00:00+00:00,1.754049012631,0.582
SOLUSDT,2021-07-10 00:00:00+00:00,1.738516988105,0.5872
SOLUSDT,2021-07-11 00:00:00+00:00,1.771750243299,0.5761
SOLUSDT,2021-07-12 00:00:00+00:00,1.713116506244,0.5956
SOLUSDT,2021-07-13 00:00:00+00:00,1.688811469688,0.6037
SOLUSDT,2021-07-14 00:00:00+00:00,1.697934967437,0.6007
SOLUSDT,2021-07-15 00:00:00+00:00,1.643649164372,0.6188
SOLUSDT,2021-07-16 00:00:00+00:00,1.63221452573,0.6226
SOLUSDT,2021-07-17 00:00:00+00:00,1.630400402935,0.6232
SOLUSDT,2021-07-18 00:00:00+00:00,1.639258220118,0.6202
SOLUSDT,2021-07-19 00:00:00+00:00,1.597725750094,0.6341
SOLUSDT,2021-07-20 00:00:00+00:00,1.540648215719,0.6531
SOLUSDT,2021-07-21 00:00:00+00:00,1.661721371109,0.6128
SOLUSDT,2021-07-22 00:00:00+00:00,1.670492594499,0.6098
SOLUSDT,2021-07-23 00:00:00+00:00,1.732406654257,0.5892
SOLUSDT,2021-07-24 00:00:00+00:00,1.769606297066,0.5768
SOLUSDT,2021-07-25 00:00:00+00:00,1.81848487747,0.5605
SOLUSDT,2021-07-26 00:00:00+00:00,1.93010945385,0.5233
SOLUSDT,2021-07-27 00:00:00+00:00,2.001791162085,0.4994
SOLUSDT,2021-07-28 00:00:00+00:00,2.033833059073,0.4887
SOLUSDT,2021-07-29 00:00:00+00:00,2.017407304464,0.4942
SOLUSDT,2021-07-30 00:00:00+00:00,2.099162197424,0.4669
SOLUSDT,2021-07-31 00:00:00+00:00,2.098153113059,0.4673
SOLUSDT,2021-08-01 00:00:00+00:00,2.006838470091,0.4977
SOLUSDT,2021-08-02 00:00:00+00:00,1.972933571383,0.509
SOLUSDT,2021-08-03 00:00:00+00:00,1.922865034712,0.5257
SOLUSDT,2021-08-04 00:00:00+00:00,1.995697932518,0.5014
SOLUSDT,2021-08-05 00:00:00+00:00,2.052274774394,0.4826
SOLUSDT,2021-08-06 00:00:00+00:00,2.140827816615,0.4531
SOLUSDT,2021-08-07 00:00:00+00:00,2.222890074166,0.4257
SOLUSDT,2021-08-08 00:00:00+00:00,2.195821362505,0.4347
SOLUSDT,2021-08-09 00:00:00+00:00,2.303684409546,0.3988
SOLUSDT,2021-08-10 00:00:00+00:00,2.261488524708,0.4128
SOLUSDT,2021-08-11 00:00:00+00:00,2.268172978331,0.4106
SOLUSDT,2021-08-12 00:00:00+00:00,2.20343699514,0.4322
SOLUSDT,2021-08-13 00:00:00+00:00,2.362590119037,0.3791
SOLUSDT,2021-08-14 00:00:00+00:00,2.327809478249,0.3907
SOLUSDT,2021-08-15 00:00:00+00:00,2.323985756424,0.392
SOLUSDT,2021-08-16 00:00:00+00:00,2.268193061802,0.4106
SOLUSDT,2021-08-17 00:00:00+00:00,2.204708913004,0.4318
SOLUSDT,2021-08-18 00:00:00+00:00,2.213680687968,0.4288
SOLUSDT,2021-08-19 00:00:00+00:00,2.293129661764,0.4023
SOLUSDT,2021-08-20 00:00:00+00:00,2.414499299985,0.3618
SOLUSDT,2021-08-21 00:00:00+00:00,2.403261370099,0.3656
SOLUSDT,2021-08-22 00:00:00+00:00,2.414996575605,0.3617
SOLUSDT,2021-08-23 00:00:00+00:00,2.420040085444,0.36
SOLUSDT,2021-08-24 00:00:00+00:00,2.33794635096,0.3874
SOLUSDT,2021-08-25 00:00:00+00:00,2.379019545564,0.3737
SOLUSDT,2021-08-26 00:00:00+00:00,2.287786761638,0.4041
SOLUSDT,2021-08-27 00:00:00+00:00,2.375147501066,0.375
SOLUSDT,2021-08-28 00:00:00+00:00,2.363961726236,0.3787
SOLUSDT,2021-08-29 00:00:00+00:00,2.367277866365,0.3776
SOLUSDT,2021-08-30 00:00:00+00:00,2.277961082403,0.4073
SOLUSDT,2021-08-31 00:00:00+00:00,2.280110865221,0.4066
SOLUSDT,2021-09-01 00:00:00+00:00,2.346384601556,0.3845
SOLUSDT,2021-09-02 00:00:00+00:00,2.375035051723,0.375
SOLUSDT,2021-09-03 00:00:00+00:00,2.395390356338,0.3682
SOLUSDT,2021-09-04 00:00:00+00:00,2.395772281636,0.3681
SOLUSDT,2021-09-05 00:00:00+00:00,2.480946695916,0.3397
SOLUSDT,2021-09-06 00:00:00+00:00,2.51931377876,0.3269
SOLUSDT,2021-09-07 00:00:00+00:00,2.245742480847,0.4181
SOLUSDT,2021-09-08 00:00:00+00:00,2.213572688033,0.4288
SOLUSDT,2021-09-09 00:00:00+00:00,2.222094260363,0.426
SOLUSDT,2021-09-10 00:00:00+00:00,2.142454311237,0.4525
SOLUSDT,2021-09-11 00:00:00+00:00,2.157808262825,0.4474
SOLUSDT,2021-09-12 00:00:00+00:00,2.208217016174,0.4306
SOLUSDT,2021-09-13 00:00:00+00:00,2.151863481078,0.4494
SOLUSDT,2021-09-14 00:00:00+00:00,2.245175277381,0.4183
SOLUSDT,2021-09-15 00:00:00+00:00,2.293761212961,0.4021
SOLUSDT,2021-09-16 00:00:00+00:00,2.273981867172,0.4087
SOLUSDT,2021-09-17 00:00:00+00:00,2.244949537952,0.4184
SOLUSDT,2021-09-18 00:00:00+00:00,2.290426705637,0.4032
SOLUSDT,2021-09-19 00:00:00+00:00,2.242941684172,0.419
SOLUSDT,2021-09-20 00:00:00+00:00,2.040586287582,0.4865
SOLUSDT,2021-09-21 00:00:00+00:00,1.933233183973,0.5223
SOLUSDT,2021-09-22 00:00:00+00:00,2.075944471859,0.4747
SOLUSDT,2021-09-23 00:00:00+00:00,2.135308888042,0.4549
SOLUSDT,2021-09-24 00:00:00+00:00,2.038939778388,0.487
SOLUSDT,2021-09-25 00:00:00+00:00,2.035666539997,0.4881
SOLUSDT,2021-09-26 00:00:00+00:00,2.040529522117,0.4865
SOLUSDT,2021-09-27 00:00:00+00:00,2.010425564687,0.4965
SOLUSDT,2021-09-28 00:00:00+00:00,1.951689041262,0.5161
SOLUSDT,2021-09-29 00:00:00+00:00,1.962665363543,0.5124
SOLUSDT,2021-09-30 00:00:00+00:00,2.069864321133,0.4767
SOLUSDT,2021-10-01 00:00:00+00:00,2.26565626698,0.4114
SOLUSDT,2021-10-02 00:00:00+00:00,2.248711046277,0.4171
SOLUSDT,2021-10-03 00:00:00+00:00,2.266397740964,0.4112
SOLUSDT,2021-10-04 00:00:00+00:00,2.31284262096,0.3957
SOLUSDT,2021-10-05 00:00:00+00:00,2.411845063946,0.3627
SOLUSDT,2021-10-06 00:00:00+00:00,2.572944325306,0.309
SOLUSDT,2021-10-07 00:00:00+00:00,2.490026710036,0.3367
SOLUSDT,2021-10-08 00:00:00+00:00,2.492000787508,0.336
SOLUSDT,2021-10-09 00:00:00+00:00,2.538238578635,0.3206
SOLUSDT,2021-10-10 00:00:00+00:00,2.520123658863,0.3266
SOLUSDT,2021-10-11 00:00:00+00:00,2.631558646637,0.2895
SOLUSDT,2021-10-12 00:00:00+00:00,2.574418652958,0.3085
SOLUSDT,2021-10-13 00:00:00+00:00,2.620098281333,0.2933
SOLUSDT,2021-10-14 00:00:00+00:00,2.613922367304,0.2954
SOLUSDT,2021-10-15 00:00:00+00:00,2.783786506255,0.2387
SOLUSDT,2021-10-16 00:00:00+00:00,2.755061819188,0.2483
SOLUSDT,2021-10-17 00:00:00+00:00,2.775039217832,0.2417
SOLUSDT,2021-10-18 00:00:00+00:00,2.778276503838,0.2406
SOLUSDT,2021-10-19 00:00:00+00:00,2.86843851115,0.2105
SOLUSDT,2021-10-20 00:00:00+00:00,2.928317326688,0.1906
SOLUSDT,2021-10-21 00:00:00+00:00,2.756592260011,0.2478
SOLUSDT,2021-10-22 00:00:00+00:00,2.683021944048,0.2723
SOLUSDT,2021-10-23 00:00:00+00:00,2.702488997272,0.2658
SOLUSDT,2021-10-24 00:00:00+00:00,2.679080716831,0.2736
SOLUSDT,2021-10-25 00:00:00+00:00,2.761945352578,0.246
SOLUSDT,2021-10-26 00:00:00+00:00,2.643400963823,0.2855
SOLUSDT,2021-10-27 00:00:00+00:00,2.563731148388,0.3121
SOLUSDT,2021-10-28 00:00:00+00:00,2.64447556709,0.2852
SOLUSDT,2021-10-29 00:00:00+00:00,2.709231626512,0.2636
SOLUSDT,2021-10-30 00:00:00+00:00,2.6854484387,0.2715
SOLUSDT,2021-10-31 00:00:00+00:00,2.660031269082,0.28
SOLUSDT,2021-11-01 00:00:00+00:00,2.639313472843,0.2869
SOLUSDT,2021-11-02 00:00:00+00:00,2.705646798155,0.2648
SOLUSDT,2021-11-03 00:00:00+00:00,2.692667749587,0.2691
SOLUSDT,2021-11-04 00:00:00+00:00,2.624435938698,0.2919
SOLUSDT,2021-11-05 00:00:00+00:00,2.601770640962,0.2994
SOLUSDT,2021-11-06 00:00:00+00:00,2.617491647791,0.2942
SOLUSDT,2021-11-07 00:00:00+00:00,2.682304638596,0.2726
SOLUSDT,2021-11-08 00:00:00+00:00,2.854649564891,0.2151
SOLUSDT,2021-11-09 00:00:00+00:00,2.82534877502,0.2249
SOLUSDT,2021-11-10 00:00:00+00:00,2.721054645529,0.2596
SOLUSDT,2021-11-11 00:00:00+00:00,2.723236415073,0.2589
SOLUSDT,2021-11-12 00:00:00+00:00,2.650242500833,0.2833
SOLUSDT,2021-11-13 00:00:00+00:00,2.661045965713,0.2797
SOLUSDT,2021-11-14 00:00:00+00:00,2.684880108371,0.2717
SOLUSDT,2021-11-15 00:00:00+00:00,2.626068388319,0.2913
SOLUSDT,2021-11-16 00:00:00+00:00,2.481173720882,0.3396
SOLUSDT,2021-11-17 00:00:00+00:00,2.470657927214,0.3431
SOLUSDT,2021-11-18 00:00:00+00:00,2.337640428663,0.3875
SOLUSDT,2021-11-19 00:00:00+00:00,2.386216999692,0.3713
SOLUSDT,2021-11-20 00:00:00+00:00,2.455017801074,0.3483
SOLUSDT,2021-11-21 00:00:00+00:00,2.424879879847,0.3584
SOLUSDT,2021-11-22 00:00:00+00:00,2.319018826324,0.3937
SOLUSDT,2021-11-23 00:00:00+00:00,2.368765838495,0.3771
SOLUSDT,2021-11-24 00:00:00+00:00,2.346842971087,0.3844
SOLUSDT,2021-11-25 00:00:00+00:00,2.404923210419,0.365
SOLUSDT,2021-11-26 00:00:00+00:00,2.198435955413,0.4339
SOLUSDT,2021-11-27 00:00:00+00:00,2.23272965194,0.4224
SOLUSDT,2021-11-28 00:00:00+00:00,2.336711996385,0.3878
SOLUSDT,2021-11-29 00:00:00+00:00,2.35943908323,0.3802
SOLUSDT,2021-11-30 00:00:00+00:00,2.324578694477,0.3918
SOLUSDT,2021-12-01 00:00:00+00:00,2.324286205718,0.3919
SOLUSDT,2021-12-02 00:00:00+00:00,2.300196624281,0.3999
SOLUSDT,2021-12-03 00:00:00+00:00,2.184991514137,0.4383
SOLUSDT,2021-12-04 00:00:00+00:00,2.009166960477,0.4969
SOLUSDT,2021-12-05 00:00:00+00:00,2.016818310956,0.4944
SOLUSDT,2021-12-06 00:00:00+00:00,2.067537537544,0.4775
SOLUSDT,2021-12-07 00:00:00+00:00,2.064377234197,0.4785
SOLUSDT,2021-12-08 00:00:00+00:00,2.06171865801,0.4794
SOLUSDT,2021-12-09 00:00:00+00:00,1.960546627964,0.5132
SOLUSDT,2021-12-10 00:00:00+00:00,1.941373722658,0.5195
SOLUSDT,2021-12-11 00:00:00+00:00,2.016910635367,0.4944
SOLUSDT,2021-12-12 00:00:00+00:00,2.049751176277,0.4834
SOLUSDT,2021-12-13 00:00:00+00:00,1.915299897932,0.5282
SOLUSDT,2021-12-14 00:00:00+00:00,1.974877505476,0.5084
SOLUSDT,2021-12-15 00:00:00+00:00,1.995926977652,0.5014
SOLUSDT,2021-12-16 00:00:00+00:00,1.94871973203,0.5171
SOLUSDT,2021-12-17 00:00:00+00:00,1.896526938461,0.5345
SOLUSDT,2021-12-18 00:00:00+00:00,1.919525855516,0.5268
SOLUSDT,2021-12-19 00:00:00+00:00,1.918249189772,0.5273
SOLUSDT,2021-12-20 00:00:00+00:00,1.922187343668,0.5259
SOLUSDT,2021-12-21 00:00:00+00:00,2.007205377658,0.4976
SOLUSDT,2021-12-22 00:00:00+00:00,1.990870317874,0.503
SOLUSDT,2021-12-23 00:00:00+00:00,2.070150565572,0.4766
SOLUSDT,2021-12-24 00:00:00+00:00,2.071634649338,0.4761
SOLUSDT,2021-12-25 00:00:00+00:00,2.064057745187,0.4786
SOLUSDT,2021-12-26 00:00:00+00:00,2.071542317446,0.4762
SOLUSDT,2021-12-27 00:00:00+00:00,2.070718360007,0.4764
SOLUSDT,2021-12-28 00:00:00+00:00,1.945824586517,0.5181
SOLUSDT,2021-12-29 00:00:00+00:00,1.898459995686,0.5338
SOLUSDT,2021-12-30 00:00:00+00:00,1.923609297095,0.5255
SOLUSDT,2021-12-31 00:00:00+00:00,1.893385603418,0.5355
SOLUSDT,2022-01-01 00:00:00+00:00,1.941966039424,0.5193
SOLUSDT,2022-01-02 00:00:00+00:00,1.933497096507,0.5222
SOLUSDT,2022-01-03 00:00:00+00:00,1.897502355497,0.5342
SOLUSDT,2022-01-04 00:00:00+00:00,1.876886228678,0.541
SOLUSDT,2022-01-05 00:00:00+00:00,1.782277170897,0.5726
SOLUSDT,2022-01-06 00:00:00+00:00,1.768057798633,0.5773
SOLUSDT,2022-01-07 00:00:00+00:00,1.704571291459,0.5985
SOLUSDT,2022-01-08 00:00:00+00:00,1.71699299406,0.5943
SOLUSDT,2022-01-09 00:00:00+00:00,1.72082066082,0.5931
SOLUSDT,2022-01-10 00:00:00+00:00,1.718638590786,0.5938
SOLUSDT,2022-01-11 00:00:00+00:00,1.758039861455,0.5807
SOLUSDT,2022-01-12 00:00:00+00:00,1.805597050184,0.5648
SOLUSDT,2022-01-13 00:00:00+00:00,1.752041588022,0.5827
SOLUSDT,2022-01-14 00:00:00+00:00,1.771675205411,0.5761
SOLUSDT,2022-01-15 00:00:00+00:00,1.775752274618,0.5747
SOLUSDT,2022-01-16 00:00:00+00:00,1.774015355513,0.5753
SOLUSDT,2022-01-17 00:00:00+00:00,1.73630676024,0.5879
SOLUSDT,2022-01-18 00:00:00+00:00,1.745911520714,0.5847
SOLUSDT,2022-01-19 00:00:00+00:00,1.721981468557,0.5927
SOLUSDT,2022-01-20 00:00:00+00:00,1.681574639726,0.6061
SOLUSDT,2022-01-21 00:00:00+00:00,1.514790775018,0.6617
SOLUSDT,2022-01-22 00:00:00+00:00,1.455165902925,0.6816
SOLUSDT,2022-01-23 00:00:00+00:00,1.508378975549,0.6639
SOLUSDT,2022-01-24 00:00:00+00:00,1.526343091945,0.6579
SOLUSDT,2022-01-25 00:00:00+00:00,1.538880544803,0.6537
SOLUSDT,2022-01-26 00:00:00+00:00,1.534660000135,0.6551
SOLUSDT,2022-01-27 00:00:00+00:00,1.543763850705,0.6521
SOLUSDT,2022-01-28 00:00:00+00:00,1.576577931046,0.6411
SOLUSDT,2022-01-29 00:00:00+00:00,1.592485103381,0.6358
SOLUSDT,2022-01-30 00:00:00+00:00,1.589486377439,0.6368
SOLUSDT,2022-01-31 00:00:00+00:00,1.609690053329,0.6301
SOLUSDT,2022-02-01 00:00:00+00:00,1.61452774476,0.6285
SOLUSDT,2022-02-02 00:00:00+00:00,1.539179072383,0.6536
SOLUSDT,2022-02-03 00:00:00+00:00,1.544771260316,0.6517
SOLUSDT,2022-02-04 00:00:00+00:00,1.709053357873,0.597
SOLUSDT,2022-02-05 00:00:00+00:00,1.726159971835,0.5913
SOLUSDT,2022-02-06 00:00:00+00:00,1.760874145144,0.5797
SOLUSDT,2022-02-07 00:00:00+00:00,1.821609827046,0.5595
SOLUSDT,2022-02-08 00:00:00+00:00,1.831529736531,0.5562
SOLUSDT,2022-02-09 00:00:00+00:00,1.840095004198,0.5533
SOLUSDT,2022-02-10 00:00:00+00:00,1.806667830508,0.5644
SOLUSDT,2022-02-11 00:00:00+00:00,1.754236923972,0.5819
SOLUSDT,2022-02-12 00:00:00+00:00,1.745950590083,0.5847
SOLUSDT,2022-02-13 00:00:00+00:00,1.746704565079,0.5844
SOLUSDT,2022-02-14 00:00:00+00:00,1.765131690456,0.5783
SOLUSDT,2022-02-15 00:00:00+00:00,1.839746953131,0.5534
SOLUSDT,2022-02-16 00:00:00+00:00,1.820760197081,0.5597
SOLUSDT,2022-02-17 00:00:00+00:00,1.680750155719,0.6064
SOLUSDT,2022-02-18 00:00:00+00:00,1.658393382535,0.6139
SOLUSDT,2022-02-19 00:00:00+00:00,1.660632849962,0.6131
SOLUSDT,2022-02-20 00:00:00+00:00,1.597672365828,0.6341
SOLUSDT,2022-02-21 00:00:00+00:00,1.53935959409,0.6535
SOLUSDT,2022-02-22 00:00:00+00:00,1.585255941769,0.6382
SOLUSDT,2022-02-23 00:00:00+00:00,1.548559725335,0.6505
SOLUSDT,2022-02-24 00:00:00+00:00,1.589005849792,0.637
SOLUSDT,2022-02-25 00:00:00+00:00,1.632120546767,0.6226
SOLUSDT,2022-02-26 00:00:00+00:00,1.621580052318,0.6261
SOLUSDT,2022-02-27 00:00:00+00:00,1.564733720961,0.6451
SOLUSDT,2022-02-28 00:00:00+00:00,1.785886675274,0.5714
SOLUSDT,2022-03-01 00:00:00+00:00,1.831088158538,0.5563
SOLUSDT,2022-03-02 00:00:00+00:00,1.815856076135,0.5614
SOLUSDT,2022-03-03 00:00:00+00:00,1.753487692697,0.5822
SOLUSDT,2022-03-04 00:00:00+00:00,1.617160596022,0.6276
SOLUSDT,2022-03-05 00:00:00+00:00,1.62862859109,0.6238
SOLUSDT,2022-03-06 00:00:00+00:00,1.588284555745,0.6372
SOLUSDT,2022-03-07 00:00:00+00:00,1.578754463552,0.6404
SOLUSDT,2022-03-08 00:00:00+00:00,1.603838311539,0.6321
SOLUSDT,2022-03-09 00:00:00+00:00,1.735654059064,0.5881
SOLUSDT,2022-03-10 00:00:00+00:00,1.630630592506,0.6231
SOLUSDT,2022-03-11 00:00:00+00:00,1.605299073538,0.6316
SOLUSDT,2022-03-12 00:00:00+00:00,1.610487025913,0.6298
SOLUSDT,2022-03-13 00:00:00+00:00,1.563583025151,0.6455
SOLUSDT,2022-03-14 00:00:00+00:00,1.638923579978,0.6204
SOLUSDT,2022-03-15 00:00:00+00:00,1.62739184969,0.6242
SOLUSDT,2022-03-16 00:00:00+00:00,1.697348146346,0.6009
SOLUSDT,2022-03-17 00:00:00+00:00,1.69308040701,0.6023
SOLUSDT,2022-03-18 00:00:00+00:00,1.727490580808,0.5908
SOLUSDT,2022-03-19 00:00:00+00:00,1.742021306446,0.586
SOLUSDT,2022-03-20 00:00:00+00:00,1.705071792374,0.5983
SOLUSDT,2022-03-21 00:00:00+00:00,1.695351371558,0.6015
SOLUSDT,2022-03-22 00:00:00+00:00,1.748109505852,0.584
SOLUSDT,2022-03-23 00:00:00+00:00,1.761428760821,0.5795
SOLUSDT,2022-03-24 00:00:00+00:00,1.810651634482,0.5631
SOLUSDT,2022-03-25 00:00:00+00:00,1.816863848057,0.561
SOLUSDT,2022-03-26 00:00:00+00:00,1.823441620909,0.5589
SOLUSDT,2022-03-27 00:00:00+00:00,1.912928867709,0.529
SOLUSDT,2022-03-28 00:00:00+00:00,1.926069685862,0.5246
SOLUSDT,2022-03-29 00:00:00+00:00,1.931857269809,0.5227
SOLUSDT,2022-03-30 00:00:00+00:00,1.916462997871,0.5278
SOLUSDT,2022-03-31 00:00:00+00:00,1.854211355144,0.5486
SOLUSDT,2022-04-01 00:00:00+00:00,1.880179566094,0.5399
SOLUSDT,2022-04-02 00:00:00+00:00,1.867666383452,0.5441
SOLUSDT,2022-04-03 00:00:00+00:00,1.886983002157,0.5377
SOLUSDT,2022-04-04 00:00:00+00:00,1.894586551764,0.5351
SOLUSDT,2022-04-05 00:00:00+00:00,1.855218925189,0.5483
SOLUSDT,2022-04-06 00:00:00+00:00,1.760916830916,0.5797
SOLUSDT,2022-04-07 00:00:00+00:00,1.771822948566,0.5761
SOLUSDT,2022-04-08 00:00:00+00:00,1.718699748527,0.5938
SOLUSDT,2022-04-09 00:00:00+00:00,1.737109234767,0.5876
SOLUSDT,2022-04-10 00:00:00+00:00,1.720498052487,0.5932
SOLUSDT,2022-04-11 00:00:00+00:00,1.612532718343,0.6292
SOLUSDT,2022-04-12 00:00:00+00:00,1.633029961572,0.6223
SOLUSDT,2022-04-13 00:00:00+00:00,1.6754481725,0.6082
SOLUSDT,2022-04-14 00:00:00+00:00,1.624100214604,0.6253
SOLUSDT,2022-04-15 00:00:00+00:00,1.648615453539,0.6171
SOLUSDT,2022-04-16 00:00:00+00:00,1.645198704281,0.6183
SOLUSDT,2022-04-17 00:00:00+00:00,1.615563193564,0.6281
SOLUSDT,2022-04-18 00:00:00+00:00,1.660587322655,0.6131
SOLUSDT,2022-04-19 00:00:00+00:00,1.68715900189,0.6043
SOLUSDT,2022-04-20 00:00:00+00:00,1.683056618589,0.6056
SOLUSDT,2022-04-21 00:00:00+00:00,1.642192379664,0.6193
SOLUSDT,2022-04-22 00:00:00+00:00,1.614479409264,0.6285
SOLUSDT,2022-04-23 00:00:00+00:00,1.608260125691,0.6306
SOLUSDT,2022-04-24 00:00:00+00:00,1.60550883035,0.6315
SOLUSDT,2022-04-25 00:00:00+00:00,1.644601591866,0.6185
SOLUSDT,2022-04-26 00:00:00+00:00,1.549627067302,0.6501
SOLUSDT,2022-04-27 00:00:00+00:00,1.596095580203,0.6346
SOLUSDT,2022-04-28 00:00:00+00:00,1.617507844772,0.6275
SOLUSDT,2022-04-29 00:00:00+00:00,1.572635096383,0.6425
SOLUSDT,2022-04-30 00:00:00+00:00,1.537292898922,0.6542
SOLUSDT,2022-05-01 00:00:00+00:00,1.567381909459,0.6442
SOLUSDT,2022-05-02 00:00:00+00:00,1.573983130319,0.642
SOLUSDT,2022-05-03 00:00:00+00:00,1.540983434257,0.653
SOLUSDT,2022-05-04 00:00:00+00:00,1.618770611892,0.6271
SOLUSDT,2022-05-05 00:00:00+00:00,1.493350506698,0.6689
SOLUSDT,2022-05-06 00:00:00+00:00,1.476077962977,0.6746
SOLUSDT,2022-05-07 00:00:00+00:00,1.454866736249,0.6817
SOLUSDT,2022-05-08 00:00:00+00:00,1.397053307677,0.701
SOLUSDT,2022-05-09 00:00:00+00:00,1.25746370058,0.7475
SOLUSDT,2022-05-10 00:00:00+00:00,1.282199871846,0.7393
SOLUSDT,2022-05-11 00:00:00+00:00,1.198898869373,0.767
SOLUSDT,2022-05-12 00:00:00+00:00,1.211574517788,0.7628
SOLUSDT,2022-05-13 00:00:00+00:00,1.224580870454,0.7585
SOLUSDT,2022-05-14 00:00:00+00:00,1.254528110725,0.7485
SOLUSDT,2022-05-15 00:00:00+00:00,1.301371234936,0.7329
SOLUSDT,2022-05-16 00:00:00+00:00,1.248816594441,0.7504
SOLUSDT,2022-05-17 00:00:00+00:00,1.272635339124,0.7425
SOLUSDT,2022-05-18 00:00:00+00:00,1.204897921252,0.765
SOLUSDT,2022-05-19 00:00:00+00:00,1.268265640482,0.7439
SOLUSDT,2022-05-20 00:00:00+00:00,1.226785298597,0.7577
SOLUSDT,2022-05-21 00:00:00+00:00,1.235285942059,0.7549
SOLUSDT,2022-05-22 00:00:00+00:00,1.273331088604,0.7422
SOLUSDT,2022-05-23 00:00:00+00:00,1.22293867204,0.759
SOLUSDT,2022-05-24 00:00:00+00:00,1.246431579256,0.7512
SOLUSDT,2022-05-25 00:00:00+00:00,1.244237310755,0.7519
SOLUSDT,2022-05-26 00:00:00+00:00,1.235100855496,0.755
SOLUSDT,2022-05-27 00:00:00+00:00,1.20688817198,0.7644
SOLUSDT,2022-05-28 00:00:00+00:00,1.225163407756,0.7583
SOLUSDT,2022-05-29 00:00:00+00:00,1.241234457517,0.7529
SOLUSDT,2022-05-30 00:00:00+00:00,1.337557348648,0.7208
SOLUSDT,2022-05-31 00:00:00+00:00,1.340327318645,0.7199
SOLUSDT,2022-06-01 00:00:00+00:00,1.258203816602,0.7473
SOLUSDT,2022-06-02 00:00:00+00:00,1.289506254729,0.7368
SOLUSDT,2022-06-03 00:00:00+00:00,1.255277674265,0.7482
SOLUSDT,2022-06-04 00:00:00+00:00,1.261962571345,0.746
SOLUSDT,2022-06-05 00:00:00+00:00,1.26746929363,0.7442
SOLUSDT,2022-06-06 00:00:00+00:00,1.32794694055,0.724
SOLUSDT,2022-06-07 00:00:00+00:00,1.322740859864,0.7258
SOLUSDT,2022-06-08 00:00:00+00:00,1.283418736198,0.7389
SOLUSDT,2022-06-09 00:00:00+00:00,1.278193263932,0.7406
SOLUSDT,2022-06-10 00:00:00+00:00,1.237117043464,0.7543
SOLUSDT,2022-06-11 00:00:00+00:00,1.208249128114,0.7639
SOLUSDT,2022-06-12 00:00:00+00:00,1.144614146671,0.7851
SOLUSDT,2022-06-13 00:00:00+00:00,0.962386955567,0.8459
SOLUSDT,2022-06-14 00:00:00+00:00,0.958749419408,0.8471
SOLUSDT,2022-06-15 00:00:00+00:00,0.982571637347,0.8391
SOLUSDT,2022-06-16 00:00:00+00:00,0.89010384052,0.87
SOLUSDT,2022-06-17 00:00:00+00:00,0.900449527228,0.8665
SOLUSDT,2022-06-18 00:00:00+00:00,0.839761069586,0.8867
SOLUSDT,2022-06-19 00:00:00+00:00,0.905122908176,0.865
SOLUSDT,2022-06-20 00:00:00+00:00,0.909413901996,0.8635
SOLUSDT,2022-06-21 00:00:00+00:00,0.916201262025,0.8613
SOLUSDT,2022-06-22 00:00:00+00:00,0.887627935977,0.8708
SOLUSDT,2022-06-23 00:00:00+00:00,0.936392381423,0.8545
SOLUSDT,2022-06-24 00:00:00+00:00,0.946260674502,0.8512
SOLUSDT,2022-06-25 00:00:00+00:00,0.953541799671,0.8488
SOLUSDT,2022-06-26 00:00:00+00:00,0.93595363596,0.8547
SOLUSDT,2022-06-27 00:00:00+00:00,0.92317584654,0.8589
SOLUSDT,2022-06-28 00:00:00+00:00,0.902427057507,0.8659
SOLUSDT,2022-06-29 00:00:00+00:00,0.895265183982,0.8682
SOLUSDT,2022-06-30 00:00:00+00:00,0.865015984997,0.8783
SOLUSDT,2022-07-01 00:00:00+00:00,0.866810006703,0.8777
SOLUSDT,2022-07-02 00:00:00+00:00,0.862322030966,0.8792
SOLUSDT,2022-07-03 00:00:00+00:00,0.864908319377,0.8784
SOLUSDT,2022-07-04 00:00:00+00:00,0.907445950743,0.8642
SOLUSDT,2022-07-05 00:00:00+00:00,0.906388103368,0.8645
SOLUSDT,2022-07-06 00:00:00+00:00,0.924592307191,0.8585
SOLUSDT,2022-07-07 00:00:00+00:00,0.973646516264,0.8421
SOLUSDT,2022-07-08 00:00:00+00:00,0.981374953634,0.8395
SOLUSDT,2022-07-09 00:00:00+00:00,0.97256585657,0.8425
SOLUSDT,2022-07-10 00:00:00+00:00,0.938937826789,0.8537
SOLUSDT,2022-07-11 00:00:00+00:00,0.903257154365,0.8656
SOLUSDT,2022-07-12 00:00:00+00:00,0.875464077465,0.8748
SOLUSDT,2022-07-13 00:00:00+00:00,0.91248166822,0.8625
SOLUSDT,2022-07-14 00:00:00+00:00,0.931267482062,0.8562
SOLUSDT,2022-07-15 00:00:00+00:00,0.947404727073,0.8509
SOLUSDT,2022-07-16 00:00:00+00:00,0.963942951894,0.8454
SOLUSDT,2022-07-17 00:00:00+00:00,0.947388315858,0.8509
SOLUSDT,2022-07-18 00:00:00+00:00,1.014380417157,0.8285
SOLUSDT,2022-07-19 00:00:00+00:00,1.064015965884,0.812
SOLUSDT,2022-07-20 00:00:00+00:00,1.059545792317,0.8135
SOLUSDT,2022-07-21 00:00:00+00:00,1.055572042956,0.8148
SOLUSDT,2022-07-22 00:00:00+00:00,1.037202359622,0.8209
SOLUSDT,2022-07-23 00:00:00+00:00,1.027767986307,0.8241
SOLUSDT,2022-07-24 00:00:00+00:00,1.035693112787,0.8214
SOLUSDT,2022-07-25 00:00:00+00:00,0.984744106523,0.8384
SOLUSDT,2022-07-26 00:00:00+00:00,0.970493939661,0.8432
SOLUSDT,2022-07-27 00:00:00+00:00,1.048530886503,0.8172
SOLUSDT,2022-07-28 00:00:00+00:00,1.090974652069,0.803
SOLUSDT,2022-07-29 00:00:00+00:00,1.096121570662,0.8013
SOLUSDT,2022-07-30 00:00:00+00:00,1.08119685014,0.8063
SOLUSDT,2022-07-31 00:00:00+00:00,1.06930792552,0.8102
SOLUSDT,2022-08-01 00:00:00+00:00,1.068081818605,0.8106
SOLUSDT,2022-08-02 00:00:00+00:00,1.054827227962,0.8151
SOLUSDT,2022-08-03 00:00:00+00:00,1.044976588452,0.8183
SOLUSDT,2022-08-04 00:00:00+00:00,1.037537603272,0.8208
SOLUSDT,2022-08-05 00:00:00+00:00,1.065899475533,0.8114
SOLUSDT,2022-08-06 00:00:00+00:00,1.054367720796,0.8152
SOLUSDT,2022-08-07 00:00:00+00:00,1.061585802404,0.8128
SOLUSDT,2022-08-08 00:00:00+00:00,1.091208903728,0.8029
SOLUSDT,2022-08-09 00:00:00+00:00,1.064322658536,0.8119
SOLUSDT,2022-08-10 00:00:00+00:00,1.097349862382,0.8009
SOLUSDT,2022-08-11 00:00:00+00:00,1.098103095757,0.8006
SOLUSDT,2022-08-12 00:00:00+00:00,1.118913448413,0.7937
SOLUSDT,2022-08-13 00:00:00+00:00,1.120303000575,0.7932
SOLUSDT,2022-08-14 00:00:00+00:00,1.1152866103,0.7949
SOLUSDT,2022-08-15 00:00:00+00:00,1.105125221321,0.7983
SOLUSDT,2022-08-16 00:00:00+00:00,1.095336349684,0.8016
SOLUSDT,2022-08-17 00:00:00+00:00,1.071575714816,0.8095
SOLUSDT,2022-08-18 00:00:00+00:00,1.066480347068,0.8112
SOLUSDT,2022-08-19 00:00:00+00:00,0.962223516455,0.8459
SOLUSDT,2022-08-20 00:00:00+00:00,0.97348633387,0.8422
SOLUSDT,2022-08-21 00:00:00+00:00,0.99226378976,0.8359
SOLUSDT,2022-08-22 00:00:00+00:00,0.981225385052,0.8396
SOLUSDT,2022-08-23 00:00:00+00:00,0.992293505064,0.8359
SOLUSDT,2022-08-24 00:00:00+00:00,0.987637310218,0.8375
SOLUSDT,2022-08-25 00:00:00+00:00,0.995543286361,0.8348
SOLUSDT,2022-08-26 00:00:00+00:00,0.934524032452,0.8552
SOLUSDT,2022-08-27 00:00:00+00:00,0.925756657439,0.8581
SOLUSDT,2022-08-28 00:00:00+00:00,0.908751979889,0.8637
SOLUSDT,2022-08-29 00:00:00+00:00,0.936300029003,0.8546
SOLUSDT,2022-08-30 00:00:00+00:00,0.91691540216,0.861
SOLUSDT,2022-08-31 00:00:00+00:00,0.926540201628,0.8578
SOLUSDT,2022-09-01 00:00:00+00:00,0.930819103606,0.8564
SOLUSDT,2022-09-02 00:00:00+00:00,0.924346524698,0.8586
SOLUSDT,2022-09-03 00:00:00+00:00,0.917781321543,0.8607
SOLUSDT,2022-09-04 00:00:00+00:00,0.924996509034,0.8583
SOLUSDT,2022-09-05 00:00:00+00:00,0.917682178845,0.8608
SOLUSDT,2022-09-06 00:00:00+00:00,0.874858544608,0.875
SOLUSDT,2022-09-07 00:00:00+00:00,0.895970446823,0.868
SOLUSDT,2022-09-08 00:00:00+00:00,0.897686434169,0.8674
SOLUSDT,2022-09-09 00:00:00+00:00,0.991990113442,0.836
SOLUSDT,2022-09-10 00:00:00+00:00,1.008276774233,0.8306
SOLUSDT,2022-09-11 00:00:00+00:00,1.00926214108,0.8302
SOLUSDT,2022-09-12 00:00:00+00:00,1.038445934441,0.8205
SOLUSDT,2022-09-13 00:00:00+00:00,0.939370352409,0.8535
SOLUSDT,2022-09-14 00:00:00+00:00,0.944134275318,0.852
SOLUSDT,2022-09-15 00:00:00+00:00,0.919794265144,0.8601
SOLUSDT,2022-09-16 00:00:00+00:00,0.922172305414,0.8593
SOLUSDT,2022-09-17 00:00:00+00:00,0.939999035144,0.8533
SOLUSDT,2022-09-18 00:00:00+00:00,0.907953496893,0.864
SOLUSDT,2022-09-19 00:00:00+00:00,0.914684111914,0.8618
SOLUSDT,2022-09-20 00:00:00+00:00,0.88338246827,0.8722
SOLUSDT,2022-09-21 00:00:00+00:00,0.86699153682,0.8777
SOLUSDT,2022-09-22 00:00:00+00:00,0.909510592046,0.8635
SOLUSDT,2022-09-23 00:00:00+00:00,0.90563544045,0.8648
SOLUSDT,2022-09-24 00:00:00+00:00,0.886975013788,0.871
SOLUSDT,2022-09-25 00:00:00+00:00,0.881057004179,0.873
SOLUSDT,2022-09-26 00:00:00+00:00,0.900322536822,0.8666
SOLUSDT,2022-09-27 00:00:00+00:00,0.896561719809,0.8678
SOLUSDT,2022-09-28 00:00:00+00:00,0.913487552122,0.8622
SOLUSDT,2022-09-29 00:00:00+00:00,0.917870607279,0.8607
SOLUSDT,2022-09-30 00:00:00+00:00,0.91356153704,0.8621
SOLUSDT,2022-10-01 00:00:00+00:00,0.907912672634,0.864
SOLUSDT,2022-10-02 00:00:00+00:00,0.894190083633,0.8686
SOLUSDT,2022-10-03 00:00:00+00:00,0.923308111571,0.8589
SOLUSDT,2022-10-04 00:00:00+00:00,0.956568501176,0.8478
SOLUSDT,2022-10-05 00:00:00+00:00,0.948163366006,0.8506
SOLUSDT,2022-10-06 00:00:00+00:00,0.938866609583,0.8537
SOLUSDT,2022-10-07 00:00:00+00:00,0.919983246052,0.86
SOLUSDT,2022-10-08 00:00:00+00:00,0.914595870208,0.8618
SOLUSDT,2022-10-09 00:00:00+00:00,0.915262738221,0.8616
SOLUSDT,2022-10-10 00:00:00+00:00,0.902773565181,0.8657
SOLUSDT,2022-10-11 00:00:00+00:00,0.897697758664,0.8674
SOLUSDT,2022-10-12 00:00:00+00:00,0.904197086018,0.8653
SOLUSDT,2022-10-13 00:00:00+00:00,0.915299590894,0.8616
SOLUSDT,2022-10-14 00:00:00+00:00,0.905697877908,0.8648
SOLUSDT,2022-10-15 00:00:00+00:00,0.900728724487,0.8664
SOLUSDT,2022-10-16 00:00:00+00:00,0.909910910294,0.8634
SOLUSDT,2022-10-17 00:00:00+00:00,0.924678135264,0.8584
SOLUSDT,2022-10-18 00:00:00+00:00,0.91398573907,0.862
SOLUSDT,2022-10-19 00:00:00+00:00,0.904610705933,0.8651
SOLUSDT,2022-10-20 00:00:00+00:00,0.900242542303,0.8666
SOLUSDT,2022-10-21 00:00:00+00:00,0.907143363442,0.8643
SOLUSDT,2022-10-22 00:00:00+00:00,0.909318069409,0.8636
SOLUSDT,2022-10-23 00:00:00+00:00,0.926261633178,0.8579
SOLUSDT,2022-10-24 00:00:00+00:00,0.915784798173,0.8614
SOLUSDT,2022-10-25 00:00:00+00:00,0.951195313284,0.8496
SOLUSDT,2022-10-26 00:00:00+00:00,0.983939477562,0.8387
SOLUSDT,2022-10-27 00:00:00+00:00,0.959624512348,0.8468
SOLUSDT,2022-10-28 00:00:00+00:00,0.975004031923,0.8417
SOLUSDT,2022-10-29 00:00:00+00:00,0.98443454901,0.8385
SOLUSDT,2022-10-30 00:00:00+00:00,0.975832100659,0.8414
SOLUSDT,2022-10-31 00:00:00+00:00,0.97009674747,0.8433
SOLUSDT,2022-11-01 00:00:00+00:00,0.970049689813,0.8433
SOLUSDT,2022-11-02 00:00:00+00:00,0.954490976446,0.8485
SOLUSDT,2022-11-03 00:00:00+00:00,0.956986021054,0.8477
SOLUSDT,2022-11-04 00:00:00+00:00,1.000981821699,0.833
SOLUSDT,2022-11-05 00:00:00+00:00,1.007111287598,0.831
SOLUSDT,2022-11-06 00:00:00+00:00,0.991409279364,0.8362
SOLUSDT,2022-11-07 00:00:00+00:00,0.976088727485,0.8413
SOLUSDT,2022-11-08 00:00:00+00:00,0.880744871078,0.8731
SOLUSDT,2022-11-09 00:00:00+00:00,0.753958696179,0.9153
SOLUSDT,2022-11-10 00:00:00+00:00,0.839903712816,0.8867
SOLUSDT,2022-11-11 00:00:00+00:00,0.811340136624,0.8962
SOLUSDT,2022-11-12 00:00:00+00:00,0.806378353685,0.8979
SOLUSDT,2022-11-13 00:00:00+00:00,0.785273663056,0.9049
SOLUSDT,2022-11-14 00:00:00+00:00,0.801361740695,0.8995
SOLUSDT,2022-11-15 00:00:00+00:00,0.81368542899,0.8954
SOLUSDT,2022-11-16 00:00:00+00:00,0.806089820633,0.898
SOLUSDT,2022-11-17 00:00:00+00:00,0.81024033294,0.8966
SOLUSDT,2022-11-18 00:00:00+00:00,0.818509642211,0.8938
SOLUSDT,2022-11-19 00:00:00+00:00,0.820610369081,0.8931
SOLUSDT,2022-11-20 00:00:00+00:00,0.799184425512,0.9003
SOLUSDT,2022-11-21 00:00:00+00:00,0.777592696604,0.9075
SOLUSDT,2022-11-22 00:00:00+00:00,0.79805211183,0.9006
SOLUSDT,2022-11-23 00:00:00+00:00,0.817451445016,0.8942
SOLUSDT,2022-11-24 00:00:00+00:00,0.81837142484,0.8939
SOLUSDT,2022-11-25 00:00:00+00:00,0.816011276502,0.8947
SOLUSDT,2022-11-26 00:00:00+00:00,0.812740435671,0.8958
SOLUSDT,2022-11-27 00:00:00+00:00,0.812332752733,0.8959
SOLUSDT,2022-11-28 00:00:00+00:00,0.802349876662,0.8992
SOLUSDT,2022-11-29 00:00:00+00:00,0.814147810046,0.8953
SOLUSDT,2022-11-30 00:00:00+00:00,0.850801464317,0.8831
SOLUSDT,2022-12-01 00:00:00+00:00,0.840529289057,0.8865
SOLUSDT,2022-12-02 00:00:00+00:00,0.84670015577,0.8844
SOLUSDT,2022-12-03 00:00:00+00:00,0.838232388894,0.8873
SOLUSDT,2022-12-04 00:00:00+00:00,0.84968361727,0.8834
SOLUSDT,2022-12-05 00:00:00+00:00,0.84468600446,0.8851
SOLUSDT,2022-12-06 00:00:00+00:00,0.850384196971,0.8832
SOLUSDT,2022-12-07 00:00:00+00:00,0.839503933452,0.8868
SOLUSDT,2022-12-08 00:00:00+00:00,0.858945882155,0.8804
SOLUSDT,2022-12-09 00:00:00+00:00,0.854978591377,0.8817
SOLUSDT,2022-12-10 00:00:00+00:00,0.854415449082,0.8819
SOLUSDT,2022-12-11 00:00:00+00:00,0.853211507586,0.8823
SOLUSDT,2022-12-12 00:00:00+00:00,0.858539391858,0.8805
SOLUSDT,2022-12-13 00:00:00+00:00,0.887729303381,0.8708
SOLUSDT,2022-12-14 00:00:00+00:00,0.890254354657,0.8699
SOLUSDT,2022-12-15 00:00:00+00:00,0.86728278142,0.8776
SOLUSDT,2022-12-16 00:00:00+00:00,0.830992951979,0.8897
SOLUSDT,2022-12-17 00:00:00+00:00,0.839657772493,0.8868
SOLUSDT,2022-12-18 00:00:00+00:00,0.839875774864,0.8867
SOLUSDT,2022-12-19 00:00:00+00:00,0.823536056851,0.8922
SOLUSDT,2022-12-20 00:00:00+00:00,0.847633081501,0.8841
SOLUSDT,2022-12-21 00:00:00+00:00,0.843195618816,0.8856
SOLUSDT,2022-12-22 00:00:00+00:00,0.844194325117,0.8853
SOLUSDT,2022-12-23 00:00:00+00:00,0.842886604017,0.8857
SOLUSDT,2022-12-24 00:00:00+00:00,0.84590101132,0.8847
SOLUSDT,2022-12-25 00:00:00+00:00,0.845706555551,0.8848
SOLUSDT,2022-12-26 00:00:00+00:00,0.848591013908,0.8838
SOLUSDT,2022-12-27 00:00:00+00:00,0.8399359586,0.8867
SOLUSDT,2022-12-28 00:00:00+00:00,0.83299277844,0.889
SOLUSDT,2022-12-29 00:00:00+00:00,0.838526883526,0.8872
SOLUSDT,2022-12-30 00:00:00+00:00,0.836965256607,0.8877
SOLUSDT,2022-12-31 00:00:00+00:00,0.835246001939,0.8883
SOLUSDT,2023-01-01 00:00:00+00:00,0.839542831106,0.8868
SOLUSDT,2023-01-02 00:00:00+00:00,0.843780085391,0.8854
SOLUSDT,2023-01-03 00:00:00+00:00,0.843211245785,0.8856
SOLUSDT,2023-01-04 00:00:00+00:00,0.852695347503,0.8824
SOLUSDT,2023-01-05 00:00:00+00:00,0.851818124476,0.8827
SOLUSDT,2023-01-06 00:00:00+00:00,0.858998530318,0.8803
SOLUSDT,2023-01-07 00:00:00+00:00,0.858446501208,0.8805
SOLUSDT,2023-01-08 00:00:00+00:00,0.864443193289,0.8785
SOLUSDT,2023-01-09 00:00:00+00:00,0.870777665108,0.8764
SOLUSDT,2023-01-10 00:00:00+00:00,0.883951640903,0.872
SOLUSDT,2023-01-11 00:00:00+00:00,0.904886150128,0.865
SOLUSDT,2023-01-12 00:00:00+00:00,0.956915395927,0.8477
SOLUSDT,2023-01-13 00:00:00+00:00,1.006737285894,0.8311
SOLUSDT,2023-01-14 00:00:00+00:00,1.063923229924,0.812
SOLUSDT,2023-01-15 00:00:00+00:00,1.056945343653,0.8144
SOLUSDT,2023-01-16 00:00:00+00:00,1.071886746547,0.8094
SOLUSDT,2023-01-17 00:00:00+00:00,1.071274656024,0.8096
SOLUSDT,2023-01-18 00:00:00+00:00,1.047738862359,0.8174
SOLUSDT,2023-01-19 00:00:00+00:00,1.066296173366,0.8112
SOLUSDT,2023-01-20 00:00:00+00:00,1.145445917644,0.7849
SOLUSDT,2023-01-21 00:00:00+00:00,1.152147571819,0.7826
SOLUSDT,2023-01-22 00:00:00+00:00,1.147415859687,0.7842
SOLUSDT,2023-01-23 00:00:00+00:00,1.157946337765,0.7807
SOLUSDT,2023-01-24 00:00:00+00:00,1.14168583391,0.7861
SOLUSDT,2023-01-25 00:00:00+00:00,1.166238508234,0.7779
SOLUSDT,2023-01-26 00:00:00+00:00,1.161820741319,0.7794
SOLUSDT,2023-01-27 00:00:00+00:00,1.165635900125,0.7781
SOLUSDT,2023-01-28 00:00:00+00:00,1.162375118008,0.7792
SOLUSDT,2023-01-29 00:00:00+00:00,1.200618353218,0.7665
SOLUSDT,2023-01-30 00:00:00+00:00,1.15137768201,0.7829
SOLUSDT,2023-01-31 00:00:00+00:00,1.167609671158,0.7775
SOLUSDT,2023-02-01 00:00:00+00:00,1.196241930423,0.7679
SOLUSDT,2023-02-02 00:00:00+00:00,1.184795889398,0.7717
SOLUSDT,2023-02-03 00:00:00+00:00,1.181415746292,0.7729
SOLUSDT,2023-02-04 00:00:00+00:00,1.176437733184,0.7745
SOLUSDT,2023-02-05 00:00:00+00:00,1.156408398602,0.7812
SOLUSDT,2023-02-06 00:00:00+00:00,1.145679319019,0.7848
SOLUSDT,2023-02-07 00:00:00+00:00,1.171652534251,0.7761
SOLUSDT,2023-02-08 00:00:00+00:00,1.154986688723,0.7817
SOLUSDT,2023-02-09 00:00:00+00:00,1.099040577212,0.8003
SOLUSDT,2023-02-10 00:00:00+00:00,1.089446116412,0.8035
SOLUSDT,2023-02-11 00:00:00+00:00,1.101770368949,0.7994
SOLUSDT,2023-02-12 00:00:00+00:00,1.097210551986,0.8009
SOLUSDT,2023-02-13 00:00:00+00:00,1.09866674955,0.8004
SOLUSDT,2023-02-14 00:00:00+00:00,1.119923157609,0.7934
SOLUSDT,2023-02-15 00:00:00+00:00,1.22364317031,0.7588
SOLUSDT,2023-02-16 00:00:00+00:00,1.195012046683,0.7683
SOLUSDT,2023-02-17 00:00:00+00:00,1.237767811543,0.7541
SOLUSDT,2023-02-18 00:00:00+00:00,1.239058645614,0.7536
SOLUSDT,2023-02-19 00:00:00+00:00,1.225347760367,0.7582
SOLUSDT,2023-02-20 00:00:00+00:00,1.246658143379,0.7511
SOLUSDT,2023-02-21 00:00:00+00:00,1.226544841574,0.7578
SOLUSDT,2023-02-22 00:00:00+00:00,1.214898364016,0.7617
SOLUSDT,2023-02-23 00:00:00+00:00,1.20196788302,0.766
SOLUSDT,2023-02-24 00:00:00+00:00,1.165447448567,0.7782
SOLUSDT,2023-02-25 00:00:00+00:00,1.164771417267,0.7784
SOLUSDT,2023-02-26 00:00:00+00:00,1.183865293006,0.772
SOLUSDT,2023-02-27 00:00:00+00:00,1.181751158136,0.7727
SOLUSDT,2023-02-28 00:00:00+00:00,1.165088210397,0.7783
SOLUSDT,2023-03-01 00:00:00+00:00,1.188892073095,0.7704
SOLUSDT,2023-03-02 00:00:00+00:00,1.181929202448,0.7727
SOLUSDT,2023-03-03 00:00:00+00:00,1.126016843463,0.7913
SOLUSDT,2023-03-04 00:00:00+00:00,1.125231451633,0.7916
SOLUSDT,2023-03-05 00:00:00+00:00,1.130220819242,0.7899
SOLUSDT,2023-03-06 00:00:00+00:00,1.130223291427,0.7899
SOLUSDT,2023-03-07 00:00:00+00:00,1.122035533533,0.7927
SOLUSDT,2023-03-08 00:00:00+00:00,1.098460296734,0.8005
SOLUSDT,2023-03-09 00:00:00+00:00,1.031092147146,0.823
SOLUSDT,2023-03-10 00:00:00+00:00,1.026171253096,0.8246
SOLUSDT,2023-03-11 00:00:00+00:00,1.043781214381,0.8187
SOLUSDT,2023-03-12 00:00:00+00:00,1.118453254664,0.7938
SOLUSDT,2023-03-13 00:00:00+00:00,1.222477139001,0.7592
SOLUSDT,2023-03-14 00:00:00+00:00,1.252017069531,0.7493
SOLUSDT,2023-03-15 00:00:00+00:00,1.233259096934,0.7556
SOLUSDT,2023-03-16 00:00:00+00:00,1.264318230866,0.7452
SOLUSDT,2023-03-17 00:00:00+00:00,1.381709504388,0.7061
SOLUSDT,2023-03-18 00:00:00+00:00,1.357927080335,0.714
SOLUSDT,2023-03-19 00:00:00+00:00,1.41718434858,0.6943
SOLUSDT,2023-03-20 00:00:00+00:00,1.398348824456,0.7006
SOLUSDT,2023-03-21 00:00:00+00:00,1.413889214116,0.6954
SOLUSDT,2023-03-22 00:00:00+00:00,1.371700451034,0.7094
SOLUSDT,2023-03-23 00:00:00+00:00,1.421886913625,0.6927
SOLUSDT,2023-03-24 00:00:00+00:00,1.375231386162,0.7083
SOLUSDT,2023-03-25 00:00:00+00:00,1.376280144651,0.7079
SOLUSDT,2023-03-26 00:00:00+00:00,1.403671575252,0.6988
SOLUSDT,2023-03-27 00:00:00+00:00,1.357098415255,0.7143
SOLUSDT,2023-03-28 00:00:00+00:00,1.363066939643,0.7123
SOLUSDT,2023-03-29 00:00:00+00:00,1.417071461284,0.6943
SOLUSDT,2023-03-30 00:00:00+00:00,1.420441511641,0.6932
SOLUSDT,2023-03-31 00:00:00+00:00,1.443820674085,0.6854
SOLUSDT,2023-04-01 00:00:00+00:00,1.442211549223,0.6859
SOLUSDT,2023-04-02 00:00:00+00:00,1.425206305097,0.6916
SOLUSDT,2023-04-03 00:00:00+00:00,1.409099995135,0.697
SOLUSDT,2023-04-04 00:00:00+00:00,1.4219430768,0.6927
SOLUSDT,2023-04-05 00:00:00+00:00,1.424960408187,0.6917
SOLUSDT,2023-04-06 00:00:00+00:00,1.41726242259,0.6942
SOLUSDT,2023-04-07 00:00:00+00:00,1.411891341659,0.696
SOLUSDT,2023-04-08 00:00:00+00:00,1.413111240664,0.6956
SOLUSDT,2023-04-09 00:00:00+00:00,1.432780320048,0.6891
SOLUSDT,2023-04-10 00:00:00+00:00,1.498410626119,0.6672
SOLUSDT,2023-04-11 00:00:00+00:00,1.524007596955,0.6587
SOLUSDT,2023-04-12 00:00:00+00:00,1.506773205338,0.6644
SOLUSDT,2023-04-13 00:00:00+00:00,1.528589539867,0.6571
SOLUSDT,2023-04-14 00:00:00+00:00,1.531450017782,0.6562
SOLUSDT,2023-04-15 00:00:00+00:00,1.525286478334,0.6582
SOLUSDT,2023-04-16 00:00:00+00:00,1.523487449103,0.6588
SOLUSDT,2023-04-17 00:00:00+00:00,1.481199761253,0.6729
SOLUSDT,2023-04-18 00:00:00+00:00,1.524898878521,0.6584
SOLUSDT,2023-04-19 00:00:00+00:00,1.445557031038,0.6848
SOLUSDT,2023-04-20 00:00:00+00:00,1.418296444501,0.6939
SOLUSDT,2023-04-21 00:00:00+00:00,1.370138666353,0.71
SOLUSDT,2023-04-22 00:00:00+00:00,1.396814023725,0.7011
SOLUSDT,2023-04-23 00:00:00+00:00,1.385375480736,0.7049
SOLUSDT,2023-04-24 00:00:00+00:00,1.381178300296,0.7063
SOLUSDT,2023-04-25 00:00:00+00:00,1.420027669157,0.6933
SOLUSDT,2023-04-26 00:00:00+00:00,1.423548393886,0.6922
SOLUSDT,2023-04-27 00:00:00+00:00,1.477024680925,0.6743
SOLUSDT,2023-04-28 00:00:00+00:00,1.470212541775,0.6766
SOLUSDT,2023-04-29 00:00:00+00:00,1.463534273428,0.6788
SOLUSDT,2023-04-30 00:00:00+00:00,1.470402257877,0.6765
SOLUSDT,2023-05-01 00:00:00+00:00,1.408272273073,0.6972
SOLUSDT,2023-05-02 00:00:00+00:00,1.436592482997,0.6878
SOLUSDT,2023-05-03 00:00:00+00:00,1.45181633614,0.6827
SOLUSDT,2023-05-04 00:00:00+00:00,1.442232154866,0.6859
SOLUSDT,2023-05-05 00:00:00+00:00,1.476466635695,0.6745
SOLUSDT,2023-05-06 00:00:00+00:00,1.443843173393,0.6854
SOLUSDT,2023-05-07 00:00:00+00:00,1.429877064919,0.69
SOLUSDT,2023-05-08 00:00:00+00:00,1.378067479397,0.7073
SOLUSDT,2023-05-09 00:00:00+00:00,1.374090435543,0.7086
SOLUSDT,2023-05-10 00:00:00+00:00,1.374436923429,0.7085
SOLUSDT,2023-05-11 00:00:00+00:00,1.341912915639,0.7194
SOLUSDT,2023-05-12 00:00:00+00:00,1.331264514159,0.7229
SOLUSDT,2023-05-13 00:00:00+00:00,1.334669775407,0.7218
SOLUSDT,2023-05-14 00:00:00+00:00,1.338338944895,0.7206
SOLUSDT,2023-05-15 00:00:00+00:00,1.352469393563,0.7158
SOLUSDT,2023-05-16 00:00:00+00:00,1.341803499909,0.7194
SOLUSDT,2023-05-17 00:00:00+00:00,1.360182926857,0.7133
SOLUSDT,2023-05-18 00:00:00+00:00,1.332798511609,0.7224
SOLUSDT,2023-05-19 00:00:00+00:00,1.335285312277,0.7216
SOLUSDT,2023-05-20 00:00:00+00:00,1.345668504663,0.7181
SOLUSDT,2023-05-21 00:00:00+00:00,1.329584607553,0.7235
SOLUSDT,2023-05-22 00:00:00+00:00,1.331796174941,0.7227
SOLUSDT,2023-05-23 00:00:00+00:00,1.349756710174,0.7167
SOLUSDT,2023-05-24 00:00:00+00:00,1.306148991112,0.7313
SOLUSDT,2023-05-25 00:00:00+00:00,1.312302574122,0.7292
SOLUSDT,2023-05-26 00:00:00+00:00,1.323951129649,0.7253
SOLUSDT,2023-05-27 00:00:00+00:00,1.330559181986,0.7231
SOLUSDT,2023-05-28 00:00:00+00:00,1.391560954233,0.7028
SOLUSDT,2023-05-29 00:00:00+00:00,1.374801000798,0.7084
SOLUSDT,2023-05-30 00:00:00+00:00,1.371662586882,0.7094
SOLUSDT,2023-05-31 00:00:00+00:00,1.347122513076,0.7176
SOLUSDT,2023-06-01 00:00:00+00:00,1.32755818548,0.7241
SOLUSDT,2023-06-02 00:00:00+00:00,1.348499664123,0.7172
SOLUSDT,2023-06-03 00:00:00+00:00,1.339845350422,0.7201
SOLUSDT,2023-06-04 00:00:00+00:00,1.343716524322,0.7188
SOLUSDT,2023-06-05 00:00:00+00:00,1.276417765634,0.7412
SOLUSDT,2023-06-06 00:00:00+00:00,1.3462357416,0.7179
SOLUSDT,2023-06-07 00:00:00+00:00,1.303228127244,0.7323
SOLUSDT,2023-06-08 00:00:00+00:00,1.312170481703,0.7293
SOLUSDT,2023-06-09 00:00:00+00:00,1.309627647538,0.7301
SOLUSDT,2023-06-10 00:00:00+00:00,1.279906228962,0.74
SOLUSDT,2023-06-11 00:00:00+00:00,1.282204028842,0.7393
SOLUSDT,2023-06-12 00:00:00+00:00,1.282415132209,0.7392
SOLUSDT,2023-06-13 00:00:00+00:00,1.281288526881,0.7396
SOLUSDT,2023-06-14 00:00:00+00:00,1.242758133707,0.7524
SOLUSDT,2023-06-15 00:00:00+00:00,1.265794710232,0.7447
SOLUSDT,2023-06-16 00:00:00+00:00,1.303742036635,0.7321
SOLUSDT,2023-06-17 00:00:00+00:00,1.312806147734,0.7291
SOLUSDT,2023-06-18 00:00:00+00:00,1.304485514887,0.7318
SOLUSDT,2023-06-19 00:00:00+00:00,1.326002267293,0.7247
SOLUSDT,2023-06-20 00:00:00+00:00,1.401058308786,0.6996
SOLUSDT,2023-06-21 00:00:00+00:00,1.487688159529,0.6708
SOLUSDT,2023-06-22 00:00:00+00:00,1.479224774259,0.6736
SOLUSDT,2023-06-23 00:00:00+00:00,1.511461032551,0.6628
SOLUSDT,2023-06-24 00:00:00+00:00,1.506266238891,0.6646
SOLUSDT,2023-06-25 00:00:00+00:00,1.501725462895,0.6661
SOLUSDT,2023-06-26 00:00:00+00:00,1.490477217783,0.6698
SOLUSDT,2023-06-27 00:00:00+00:00,1.508993136561,0.6637
SOLUSDT,2023-06-28 00:00:00+00:00,1.480047953676,0.6733
SOLUSDT,2023-06-29 00:00:00+00:00,1.4974352167,0.6675
SOLUSDT,2023-06-30 00:00:00+00:00,1.497404119431,0.6675
SOLUSDT,2023-07-01 00:00:00+00:00,1.500071404388,0.6666
SOLUSDT,2023-07-02 00:00:00+00:00,1.500295120753,0.6666
SOLUSDT,2023-07-03 00:00:00+00:00,1.525922363387,0.658
SOLUSDT,2023-07-04 00:00:00+00:00,1.509148391226,0.6636
SOLUSDT,2023-07-05 00:00:00+00:00,1.494037535141,0.6687
SOLUSDT,2023-07-06 00:00:00+00:00,1.470491737414,0.6765
SOLUSDT,2023-07-07 00:00:00+00:00,1.487208780434,0.6709
SOLUSDT,2023-07-08 00:00:00+00:00,1.483788128844,0.6721
SOLUSDT,2023-07-09 00:00:00+00:00,1.478660537861,0.6738
SOLUSDT,2023-07-10 00:00:00+00:00,1.489525354536,0.6702
SOLUSDT,2023-07-11 00:00:00+00:00,1.499536522954,0.6668
SOLUSDT,2023-07-12 00:00:00+00:00,1.487755265888,0.6707
SOLUSDT,2023-07-13 00:00:00+00:00,1.538500113181,0.6538
SOLUSDT,2023-07-14 00:00:00+00:00,1.483457241083,0.6722
SOLUSDT,2023-07-15 00:00:00+00:00,1.482403144167,0.6725
SOLUSDT,2023-07-16 00:00:00+00:00,1.480253300626,0.6732
SOLUSDT,2023-07-17 00:00:00+00:00,1.475399676867,0.6749
SOLUSDT,2023-07-18 00:00:00+00:00,1.45985580542,0.68
SOLUSDT,2023-07-19 00:00:00+00:00,1.463037215762,0.679
SOLUSDT,2023-07-20 00:00:00+00:00,1.457534391178,0.6808
SOLUSDT,2023-07-21 00:00:00+00:00,1.463442609814,0.6789
SOLUSDT,2023-07-22 00:00:00+00:00,1.453936935337,0.682
SOLUSDT,2023-07-23 00:00:00+00:00,1.470319604139,0.6766
SOLUSDT,2023-07-24 00:00:00+00:00,1.427138509577,0.691
SOLUSDT,2023-07-25 00:00:00+00:00,1.42923855151,0.6903
SOLUSDT,2023-07-26 00:00:00+00:00,1.436080716187,0.688
SOLUSDT,2023-07-27 00:00:00+00:00,1.429632064392,0.6901
SOLUSDT,2023-07-28 00:00:00+00:00,1.440164978549,0.6866
SOLUSDT,2023-07-29 00:00:00+00:00,1.442211649973,0.6859
SOLUSDT,2023-07-30 00:00:00+00:00,1.437384415792,0.6875
SOLUSDT,2023-07-31 00:00:00+00:00,1.435482408871,0.6882
SOLUSDT,2023-08-01 00:00:00+00:00,1.449024030947,0.6837
SOLUSDT,2023-08-02 00:00:00+00:00,1.432048628755,0.6893
SOLUSDT,2023-08-03 00:00:00+00:00,1.434367776395,0.6885
SOLUSDT,2023-08-04 00:00:00+00:00,1.427652983063,0.6908
SOLUSDT,2023-08-05 00:00:00+00:00,1.427408392655,0.6909
SOLUSDT,2023-08-06 00:00:00+00:00,1.427044043698,0.691
SOLUSDT,2023-08-07 00:00:00+00:00,1.432710437146,0.6891
SOLUSDT,2023-08-08 00:00:00+00:00,1.46267267691,0.6791
SOLUSDT,2023-08-09 00:00:00+00:00,1.452750656477,0.6824
SOLUSDT,2023-08-10 00:00:00+00:00,1.445222004734,0.6849
SOLUSDT,2023-08-11 00:00:00+00:00,1.443460117805,0.6855
SOLUSDT,2023-08-12 00:00:00+00:00,1.444002195989,0.6853
SOLUSDT,2023-08-13 00:00:00+00:00,1.437480909277,0.6875
SOLUSDT,2023-08-14 00:00:00+00:00,1.443311936754,0.6856
SOLUSDT,2023-08-15 00:00:00+00:00,1.43140313407,0.6895
SOLUSDT,2023-08-16 00:00:00+00:00,1.411251226179,0.6962
SOLUSDT,2023-08-17 00:00:00+00:00,1.309597789983,0.7301
SOLUSDT,2023-08-18 00:00:00+00:00,1.279955274829,0.74
SOLUSDT,2023-08-19 00:00:00+00:00,1.282875825078,0.739
SOLUSDT,2023-08-20 00:00:00+00:00,1.287026193244,0.7377
SOLUSDT,2023-08-21 00:00:00+00:00,1.285209423972,0.7383
SOLUSDT,2023-08-22 00:00:00+00:00,1.278234400958,0.7406
SOLUSDT,2023-08-23 00:00:00+00:00,1.301640510691,0.7328
SOLUSDT,2023-08-24 00:00:00+00:00,1.286264498958,0.7379
SOLUSDT,2023-08-25 00:00:00+00:00,1.282530939849,0.7392
SOLUSDT,2023-08-26 00:00:00+00:00,1.280910484603,0.7397
SOLUSDT,2023-08-27 00:00:00+00:00,1.284719699038,0.7384
SOLUSDT,2023-08-28 00:00:00+00:00,1.285785965076,0.7381
SOLUSDT,2023-08-29 00:00:00+00:00,1.3631929159,0.7123
SOLUSDT,2023-08-30 00:00:00+00:00,1.344866297954,0.7184
SOLUSDT,2023-08-31 00:00:00+00:00,1.279294333561,0.7402
SOLUSDT,2023-09-01 00:00:00+00:00,1.272142442172,0.7426
SOLUSDT,2023-09-02 00:00:00+00:00,1.275429178013,0.7415
SOLUSDT,2023-09-03 00:00:00+00:00,1.280178738226,0.7399
SOLUSDT,2023-09-04 00:00:00+00:00,1.272295663234,0.7426
SOLUSDT,2023-09-05 00:00:00+00:00,1.271797475869,0.7427
SOLUSDT,2023-09-06 00:00:00+00:00,1.270666304167,0.7431
SOLUSDT,2023-09-07 00:00:00+00:00,1.293153415402,0.7356
SOLUSDT,2023-09-08 00:00:00+00:00,1.278230950625,0.7406
SOLUSDT,2023-09-09 00:00:00+00:00,1.277871761676,0.7407
SOLUSDT,2023-09-10 00:00:00+00:00,1.274805713565,0.7417
SOLUSDT,2023-09-11 00:00:00+00:00,1.240998802155,0.753
SOLUSDT,2023-09-12 00:00:00+00:00,1.276849786407,0.7411
SOLUSDT,2023-09-13 00:00:00+00:00,1.294929881704,0.735
SOLUSDT,2023-09-14 00:00:00+00:00,1.31072461763,0.7298
SOLUSDT,2023-09-15 00:00:00+00:00,1.316247721823,0.7279
SOLUSDT,2023-09-16 00:00:00+00:00,1.31045230781,0.7298
SOLUSDT,2023-09-17 00:00:00+00:00,1.30778359727,0.7307
SOLUSDT,2023-09-18 00:00:00+00:00,1.320321096515,0.7266
SOLUSDT,2023-09-19 00:00:00+00:00,1.341491282124,0.7195
SOLUSDT,2023-09-20 00:00:00+00:00,1.337531751739,0.7208
SOLUSDT,2023-09-21 00:00:00+00:00,1.310046276386,0.73
SOLUSDT,2023-09-22 00:00:00+00:00,1.310529519075,0.7298
SOLUSDT,2023-09-23 00:00:00+00:00,1.310250960634,0.7299
SOLUSDT,2023-09-24 00:00:00+00:00,1.296058458113,0.7346
SOLUSDT,2023-09-25 00:00:00+00:00,1.296187807462,0.7346
SOLUSDT,2023-09-26 00:00:00+00:00,1.291644411828,0.7361
SOLUSDT,2023-09-27 00:00:00+00:00,1.298711354638,0.7338
SOLUSDT,2023-09-28 00:00:00+00:00,1.332826815107,0.7224
SOLUSDT,2023-09-29 00:00:00+00:00,1.326653306014,0.7244
SOLUSDT,2023-09-30 00:00:00+00:00,1.329742814001,0.7234
SOLUSDT,2023-10-01 00:00:00+00:00,1.377331393995,0.7076
SOLUSDT,2023-10-02 00:00:00+00:00,1.35843524556,0.7139
SOLUSDT,2023-10-03 00:00:00+00:00,1.351957092666,0.716
SOLUSDT,2023-10-04 00:00:00+00:00,1.369035570095,0.7103
SOLUSDT,2023-10-05 00:00:00+00:00,1.350981968888,0.7163
SOLUSDT,2023-10-06 00:00:00+00:00,1.37581058469,0.7081
SOLUSDT,2023-10-07 00:00:00+00:00,1.376921632645,0.7077
SOLUSDT,2023-10-08 00:00:00+00:00,1.375035048808,0.7083
SOLUSDT,2023-10-09 00:00:00+00:00,1.357643501831,0.7141
SOLUSDT,2023-10-10 00:00:00+00:00,1.349224905545,0.7169
SOLUSDT,2023-10-11 00:00:00+00:00,1.320267435058,0.7266
SOLUSDT,2023-10-12 00:00:00+00:00,1.316151935393,0.7279
SOLUSDT,2023-10-13 00:00:00+00:00,1.321220609655,0.7263
SOLUSDT,2023-10-14 00:00:00+00:00,1.321559699731,0.7261
SOLUSDT,2023-10-15 00:00:00+00:00,1.334644980263,0.7218
SOLUSDT,2023-10-16 00:00:00+00:00,1.401484702482,0.6995
SOLUSDT,2023-10-17 00:00:00+00:00,1.397569787083,0.7008
SOLUSDT,2023-10-18 00:00:00+00:00,1.392147247637,0.7026
SOLUSDT,2023-10-19 00:00:00+00:00,1.410163206398,0.6966
SOLUSDT,2023-10-20 00:00:00+00:00,1.458847579295,0.6804
SOLUSDT,2023-10-21 00:00:00+00:00,1.469157536053,0.6769
SOLUSDT,2023-10-22 00:00:00+00:00,1.471860430263,0.676
SOLUSDT,2023-10-23 00:00:00+00:00,1.613500605985,0.6288
SOLUSDT,2023-10-24 00:00:00+00:00,1.654397557736,0.6152
SOLUSDT,2023-10-25 00:00:00+00:00,1.681601781377,0.6061
SOLUSDT,2023-10-26 00:00:00+00:00,1.663662918099,0.6121
SOLUSDT,2023-10-27 00:00:00+00:00,1.648793504518,0.6171
SOLUSDT,2023-10-28 00:00:00+00:00,1.65738945553,0.6142
SOLUSDT,2023-10-29 00:00:00+00:00,1.679987904494,0.6067
SOLUSDT,2023-10-30 00:00:00+00:00,1.674700476949,0.6084
SOLUSDT,2023-10-31 00:00:00+00:00,1.679986208289,0.6067
SOLUSDT,2023-11-01 00:00:00+00:00,1.715331297044,0.5949
SOLUSDT,2023-11-02 00:00:00+00:00,1.687432786238,0.6042
SOLUSDT,2023-11-03 00:00:00+00:00,1.677473281454,0.6075
SOLUSDT,2023-11-04 00:00:00+00:00,1.695198047921,0.6016
SOLUSDT,2023-11-05 00:00:00+00:00,1.69531363252,0.6016
SOLUSDT,2023-11-06 00:00:00+00:00,1.690062847822,0.6033
SOLUSDT,2023-11-07 00:00:00+00:00,1.707693280842,0.5974
SOLUSDT,2023-11-08 00:00:00+00:00,1.724477503,0.5918
SOLUSDT,2023-11-09 00:00:00+00:00,1.762200964364,0.5793
SOLUSDT,2023-11-10 00:00:00+00:00,1.792853668717,0.569
SOLUSDT,2023-11-11 00:00:00+00:00,1.773581111946,0.5755
SOLUSDT,2023-11-12 00:00:00+00:00,1.776498366314,0.5745
SOLUSDT,2023-11-13 00:00:00+00:00,1.751221714879,0.5829
SOLUSDT,2023-11-14 00:00:00+00:00,1.705402061503,0.5982
SOLUSDT,2023-11-15 00:00:00+00:00,1.810152914492,0.5633
SOLUSDT,2023-11-16 00:00:00+00:00,1.729237075753,0.5903
SOLUSDT,2023-11-17 00:00:00+00:00,1.747806543208,0.5841
SOLUSDT,2023-11-18 00:00:00+00:00,1.74769689693,0.5841
SOLUSDT,2023-11-19 00:00:00+00:00,1.78814575059,0.5706
SOLUSDT,2023-11-20 00:00:00+00:00,1.789732455017,0.5701
SOLUSDT,2023-11-21 00:00:00+00:00,1.717720966087,0.5941
SOLUSDT,2023-11-22 00:00:00+00:00,1.780655097435,0.5731
SOLUSDT,2023-11-23 00:00:00+00:00,1.775570834214,0.5748
SOLUSDT,2023-11-24 00:00:00+00:00,1.793664605571,0.5688
SOLUSDT,2023-11-25 00:00:00+00:00,1.796938311512,0.5677
SOLUSDT,2023-11-26 00:00:00+00:00,1.781247130023,0.5729
SOLUSDT,2023-11-27 00:00:00+00:00,1.768699884325,0.5771
SOLUSDT,2023-11-28 00:00:00+00:00,1.795694998493,0.5681
SOLUSDT,2023-11-29 00:00:00+00:00,1.794443185541,0.5685
SOLUSDT,2023-11-30 00:00:00+00:00,1.787790724759,0.5707
SOLUSDT,2023-12-01 00:00:00+00:00,1.831958430263,0.556
SOLUSDT,2023-12-02 00:00:00+00:00,1.866562636124,0.5445
SOLUSDT,2023-12-03 00:00:00+00:00,1.88957149278,0.5368
SOLUSDT,2023-12-04 00:00:00+00:00,1.974157660867,0.5086
SOLUSDT,2023-12-05 00:00:00+00:00,2.070210110876,0.4766
SOLUSDT,2023-12-06 00:00:00+00:00,2.049004981703,0.4837
SOLUSDT,2023-12-07 00:00:00+00:00,2.024192806038,0.4919
SOLUSDT,2023-12-08 00:00:00+00:00,2.063554127808,0.4788
SOLUSDT,2023-12-09 00:00:00+00:00,2.040603828859,0.4865
SOLUSDT,2023-12-10 00:00:00+00:00,2.039126541822,0.487
SOLUSDT,2023-12-11 00:00:00+00:00,1.920421604102,0.5265
SOLUSDT,2023-12-12 00:00:00+00:00,1.928403638971,0.5239
SOLUSDT,2023-12-13 00:00:00+00:00,1.994507456072,0.5018
SOLUSDT,2023-12-14 00:00:00+00:00,1.997076014934,0.501
SOLUSDT,2023-12-15 00:00:00+00:00,1.945584187067,0.5181
SOLUSDT,2023-12-16 00:00:00+00:00,1.954587603816,0.5151
SOLUSDT,2023-12-17 00:00:00+00:00,1.918432937883,0.5272
SOLUSDT,2023-12-18 00:00:00+00:00,1.970997560336,0.5097
SOLUSDT,2023-12-19 00:00:00+00:00,1.952266717846,0.5159
SOLUSDT,2023-12-20 00:00:00+00:00,2.010355157868,0.4965
SOLUSDT,2023-12-21 00:00:00+00:00,2.02055347695,0.4931
SOLUSDT,2023-12-22 00:00:00+00:00,2.024349186253,0.4919
SOLUSDT,2023-12-23 00:00:00+00:00,2.012046953684,0.496
SOLUSDT,2023-12-24 00:00:00+00:00,1.978993772604,0.507
SOLUSDT,2023-12-25 00:00:00+00:00,2.002168071468,0.4993
SOLUSDT,2023-12-26 00:00:00+00:00,1.947666354666,0.5174
SOLUSDT,2023-12-27 00:00:00+00:00,1.98454282113,0.5052
SOLUSDT,2023-12-28 00:00:00+00:00,1.948191066046,0.5173
SOLUSDT,2023-12-29 00:00:00+00:00,1.915289168243,0.5282
SOLUSDT,2023-12-30 00:00:00+00:00,1.923525954915,0.5255
SOLUSDT,2023-12-31 00:00:00+00:00,1.923147103068,0.5256
SOLUSDT,2024-01-01 00:00:00+00:00,2.005011405976,0.4983
SOLUSDT,2024-01-02 00:00:00+00:00,2.041843744783,0.4861
SOLUSDT,2024-01-03 00:00:00+00:00,1.941607815328,0.5195
SOLUSDT,2024-01-04 00:00:00+00:00,1.991280476371,0.5029
SOLUSDT,2024-01-05 00:00:00+00:00,1.983754393826,0.5054
SOLUSDT,2024-01-06 00:00:00+00:00,1.972626827535,0.5091
SOLUSDT,2024-01-07 00:00:00+00:00,1.968589392178,0.5105
SOLUSDT,2024-01-08 00:00:00+00:00,2.105199604079,0.4649
SOLUSDT,2024-01-09 00:00:00+00:00,2.061111820714,0.4796
SOLUSDT,2024-01-10 00:00:00+00:00,2.090437479903,0.4699
SOLUSDT,2024-01-11 00:00:00+00:00,2.06755309096,0.4775
SOLUSDT,2024-01-12 00:00:00+00:00,1.910157143573,0.5299
SOLUSDT,2024-01-13 00:00:00+00:00,1.911017344621,0.5297
SOLUSDT,2024-01-14 00:00:00+00:00,1.868072683047,0.544
SOLUSDT,2024-01-15 00:00:00+00:00,1.895817002527,0.5347
SOLUSDT,2024-01-16 00:00:00+00:00,1.915131498731,0.5283
SOLUSDT,2024-01-17 00:00:00+00:00,1.892920670298,0.5357
SOLUSDT,2024-01-18 00:00:00+00:00,1.826405496575,0.5579
SOLUSDT,2024-01-19 00:00:00+00:00,1.840326498572,0.5532
SOLUSDT,2024-01-20 00:00:00+00:00,1.842828285649,0.5524
SOLUSDT,2024-01-21 00:00:00+00:00,1.836787376079,0.5544
SOLUSDT,2024-01-22 00:00:00+00:00,1.750703117876,0.5831
SOLUSDT,2024-01-23 00:00:00+00:00,1.75685238167,0.581
SOLUSDT,2024-01-24 00:00:00+00:00,1.769398537471,0.5769
SOLUSDT,2024-01-25 00:00:00+00:00,1.759912897525,0.58
SOLUSDT,2024-01-26 00:00:00+00:00,1.843658004535,0.5521
SOLUSDT,2024-01-27 00:00:00+00:00,1.854538165179,0.5485
SOLUSDT,2024-01-28 00:00:00+00:00,1.847823938144,0.5507
SOLUSDT,2024-01-29 00:00:00+00:00,1.900281404617,0.5332
SOLUSDT,2024-01-30 00:00:00+00:00,1.884454643724,0.5385
SOLUSDT,2024-01-31 00:00:00+00:00,1.865776569305,0.5447
SOLUSDT,2024-02-01 00:00:00+00:00,1.883692689819,0.5388
SOLUSDT,2024-02-02 00:00:00+00:00,1.888479126867,0.5372
SOLUSDT,2024-02-03 00:00:00+00:00,1.880647419447,0.5398
SOLUSDT,2024-02-04 00:00:00+00:00,1.862423695961,0.5459
SOLUSDT,2024-02-05 00:00:00+00:00,1.863325630825,0.5456
SOLUSDT,2024-02-06 00:00:00+00:00,1.881777313878,0.5394
SOLUSDT,2024-02-07 00:00:00+00:00,1.929905898886,0.5234
SOLUSDT,2024-02-08 00:00:00+00:00,1.974244701407,0.5086
SOLUSDT,2024-02-09 00:00:00+00:00,2.050894304805,0.483
SOLUSDT,2024-02-10 00:00:00+00:00,2.075743628106,0.4748
SOLUSDT,2024-02-11 00:00:00+00:00,2.091679256465,0.4694
SOLUSDT,2024-02-12 00:00:00+00:00,2.163451148703,0.4455
SOLUSDT,2024-02-13 00:00:00+00:00,2.144571750971,0.4518
SOLUSDT,2024-02-14 00:00:00+00:00,2.227481564237,0.4242
SOLUSDT,2024-02-15 00:00:00+00:00,2.227672856945,0.4241
SOLUSDT,2024-02-16 00:00:00+00:00,2.233361065632,0.4222
SOLUSDT,2024-02-17 00:00:00+00:00,2.211108586549,0.4296
SOLUSDT,2024-02-18 00:00:00+00:00,2.229209056718,0.4236
SOLUSDT,2024-02-19 00:00:00+00:00,2.207720044105,0.4308
SOLUSDT,2024-02-20 00:00:00+00:00,2.226411177484,0.4245
SOLUSDT,2024-02-21 00:00:00+00:00,2.199223255693,0.4336
SOLUSDT,2024-02-22 00:00:00+00:00,2.176256754311,0.4412
SOLUSDT,2024-02-23 00:00:00+00:00,2.151044247173,0.4497
SOLUSDT,2024-02-24 00:00:00+00:00,2.182874558495,0.439
SOLUSDT,2024-02-25 00:00:00+00:00,2.188723304731,0.4371
SOLUSDT,2024-02-26 00:00:00+00:00,2.30035580813,0.3999
SOLUSDT,2024-02-27 00:00:00+00:00,2.39296751458,0.369
SOLUSDT,2024-02-28 00:00:00+00:00,2.578804516452,0.3071
SOLUSDT,2024-02-29 00:00:00+00:00,2.523625575021,0.3255
SOLUSDT,2024-03-01 00:00:00+00:00,2.552193764104,0.3159
SOLUSDT,2024-03-02 00:00:00+00:00,2.530515094253,0.3232
SOLUSDT,2024-03-03 00:00:00+00:00,2.564912446775,0.3117
SOLUSDT,2024-03-04 00:00:00+00:00,2.751198902437,0.2496
SOLUSDT,2024-03-05 00:00:00+00:00,2.565781926711,0.3114
SOLUSDT,2024-03-06 00:00:00+00:00,2.612226371577,0.2959
SOLUSDT,2024-03-07 00:00:00+00:00,2.630694305772,0.2898
SOLUSDT,2024-03-08 00:00:00+00:00,2.663773784415,0.2787
SOLUSDT,2024-03-09 00:00:00+00:00,2.664446669894,0.2785
SOLUSDT,2024-03-10 00:00:00+00:00,2.673324643842,0.2756
SOLUSDT,2024-03-11 00:00:00+00:00,2.776042557045,0.2413
SOLUSDT,2024-03-12 00:00:00+00:00,2.732831670246,0.2557
SOLUSDT,2024-03-13 00:00:00+00:00,2.746836537171,0.2511
SOLUSDT,2024-03-14 00:00:00+00:00,2.676637138189,0.2745
SOLUSDT,2024-03-15 00:00:00+00:00,2.593181988006,0.3023
SOLUSDT,2024-03-16 00:00:00+00:00,2.443363523614,0.3522
SOLUSDT,2024-03-17 00:00:00+00:00,2.541969044316,0.3193
SOLUSDT,2024-03-18 00:00:00+00:00,2.51875351754,0.3271
SOLUSDT,2024-03-19 00:00:00+00:00,2.30649799611,0.3978
SOLUSDT,2024-03-20 00:00:00+00:00,2.517432122856,0.3275
SOLUSDT,2024-03-21 00:00:00+00:00,2.425056482588,0.3583
SOLUSDT,2024-03-22 00:00:00+00:00,2.347242779085,0.3843
SOLUSDT,2024-03-23 00:00:00+00:00,2.355130916016,0.3816
SOLUSDT,2024-03-24 00:00:00+00:00,2.459089042138,0.347
SOLUSDT,2024-03-25 00:00:00+00:00,2.531973278125,0.3227
SOLUSDT,2024-03-26 00:00:00+00:00,2.529858023857,0.3234
SOLUSDT,2024-03-27 00:00:00+00:00,2.497305617703,0.3342
SOLUSDT,2024-03-28 00:00:00+00:00,2.542320039061,0.3192
SOLUSDT,2024-03-29 00:00:00+00:00,2.50681430136,0.3311
SOLUSDT,2024-03-30 00:00:00+00:00,2.495980095994,0.3347
SOLUSDT,2024-03-31 00:00:00+00:00,2.54947270434,0.3168
SOLUSDT,2024-04-01 00:00:00+00:00,2.483865174687,0.3387
SOLUSDT,2024-04-02 00:00:00+00:00,2.325824861038,0.3914
SOLUSDT,2024-04-03 00:00:00+00:00,2.343574739079,0.3855
SOLUSDT,2024-04-04 00:00:00+00:00,2.422340254314,0.3592
SOLUSDT,2024-04-05 00:00:00+00:00,2.401839662162,0.3661
SOLUSDT,2024-04-06 00:00:00+00:00,2.442327543695,0.3526
SOLUSDT,2024-04-07 00:00:00+00:00,2.449775072637,0.3501
SOLUSDT,2024-04-08 00:00:00+00:00,2.52594267686,0.3247
SOLUSDT,2024-04-09 00:00:00+00:00,2.431151797828,0.3563
SOLUSDT,2024-04-10 00:00:00+00:00,2.480887886464,0.3397
SOLUSDT,2024-04-11 00:00:00+00:00,2.459930871341,0.3467
SOLUSDT,2024-04-12 00:00:00+00:00,2.355699837214,0.3814
SOLUSDT,2024-04-13 00:00:00+00:00,2.266724603585,0.4111
SOLUSDT,2024-04-14 00:00:00+00:00,2.303797513539,0.3987
SOLUSDT,2024-04-15 00:00:00+00:00,2.224653591762,0.4251
SOLUSDT,2024-04-16 00:00:00+00:00,2.235583060627,0.4215
SOLUSDT,2024-04-17 00:00:00+00:00,2.150115532828,0.45
SOLUSDT,2024-04-18 00:00:00+00:00,2.223657090198,0.4254
SOLUSDT,2024-04-19 00:00:00+00:00,2.229521797353,0.4235
SOLUSDT,2024-04-20 00:00:00+00:00,2.268874228093,0.4104
SOLUSDT,2024-04-21 00:00:00+00:00,2.270178573833,0.4099
SOLUSDT,2024-04-22 00:00:00+00:00,2.336371416788,0.3879
SOLUSDT,2024-04-23 00:00:00+00:00,2.315430605828,0.3949
SOLUSDT,2024-04-24 00:00:00+00:00,2.229186378145,0.4236
SOLUSDT,2024-04-25 00:00:00+00:00,2.239412644798,0.4202
SOLUSDT,2024-04-26 00:00:00+00:00,2.213395882136,0.4289
SOLUSDT,2024-04-27 00:00:00+00:00,2.200293292653,0.4332
SOLUSDT,2024-04-28 00:00:00+00:00,2.182739504636,0.4391
SOLUSDT,2024-04-29 00:00:00+00:00,2.213049963714,0.429
SOLUSDT,2024-04-30 00:00:00+00:00,2.099491659604,0.4668
SOLUSDT,2024-05-01 00:00:00+00:00,2.01516295818,0.4949
SOLUSDT,2024-05-02 00:00:00+00:00,2.050901531028,0.483
SOLUSDT,2024-05-03 00:00:00+00:00,2.180678249434,0.4398
SOLUSDT,2024-05-04 00:00:00+00:00,2.210725676775,0.4298
SOLUSDT,2024-05-05 00:00:00+00:00,2.216655067084,0.4278
SOLUSDT,2024-05-06 00:00:00+00:00,2.186202853853,0.4379
SOLUSDT,2024-05-07 00:00:00+00:00,2.157205469069,0.4476
SOLUSDT,2024-05-08 00:00:00+00:00,2.110540935051,0.4632
SOLUSDT,2024-05-09 00:00:00+00:00,2.175223560734,0.4416
SOLUSDT,2024-05-10 00:00:00+00:00,2.102988744981,0.4657
SOLUSDT,2024-05-11 00:00:00+00:00,2.100448702876,0.4665
SOLUSDT,2024-05-12 00:00:00+00:00,2.119745795365,0.4601
SOLUSDT,2024-05-13 00:00:00+00:00,2.168233271084,0.4439
SOLUSDT,2024-05-14 00:00:00+00:00,2.121406641577,0.4595
SOLUSDT,2024-05-15 00:00:00+00:00,2.275705533512,0.4081
SOLUSDT,2024-05-16 00:00:00+00:00,2.238813737175,0.4204
SOLUSDT,2024-05-17 00:00:00+00:00,2.293532882786,0.4022
SOLUSDT,2024-05-18 00:00:00+00:00,2.293351817746,0.4022
SOLUSDT,2024-05-19 00:00:00+00:00,2.267741433359,0.4108
SOLUSDT,2024-05-20 00:00:00+00:00,2.430732575262,0.3564
SOLUSDT,2024-05-21 00:00:00+00:00,2.392177115696,0.3693
SOLUSDT,2024-05-22 00:00:00+00:00,2.350508549105,0.3832
SOLUSDT,2024-05-23 00:00:00+00:00,2.30342600975,0.3989
SOLUSDT,2024-05-24 00:00:00+00:00,2.329942400919,0.39
SOLUSDT,2024-05-25 00:00:00+00:00,2.351755247843,0.3827
SOLUSDT,2024-05-26 00:00:00+00:00,2.321857258415,0.3927
SOLUSDT,2024-05-27 00:00:00+00:00,2.349289009693,0.3836
SOLUSDT,2024-05-28 00:00:00+00:00,2.276025405912,0.408
SOLUSDT,2024-05-29 00:00:00+00:00,2.249666771523,0.4168
SOLUSDT,2024-05-30 00:00:00+00:00,2.274593932765,0.4085
SOLUSDT,2024-05-31 00:00:00+00:00,2.240434640049,0.4199
SOLUSDT,2024-06-01 00:00:00+00:00,2.250811711614,0.4164
SOLUSDT,2024-06-02 00:00:00+00:00,2.252890611825,0.4157
SOLUSDT,2024-06-03 00:00:00+00:00,2.282844084426,0.4057
SOLUSDT,2024-06-04 00:00:00+00:00,2.336035028633,0.388
SOLUSDT,2024-06-05 00:00:00+00:00,2.350051564625,0.3833
SOLUSDT,2024-06-06 00:00:00+00:00,2.333807126267,0.3887
SOLUSDT,2024-06-07 00:00:00+00:00,2.283767499815,0.4054
SOLUSDT,2024-06-08 00:00:00+00:00,2.281753656488,0.4061
SOLUSDT,2024-06-09 00:00:00+00:00,2.291783692164,0.4027
SOLUSDT,2024-06-10 00:00:00+00:00,2.284430208974,0.4052
SOLUSDT,2024-06-11 00:00:00+00:00,2.210797104332,0.4297
SOLUSDT,2024-06-12 00:00:00+00:00,2.236528862009,0.4212
SOLUSDT,2024-06-13 00:00:00+00:00,2.189193919128,0.4369
SOLUSDT,2024-06-14 00:00:00+00:00,2.162288948988,0.4459
SOLUSDT,2024-06-15 00:00:00+00:00,2.168574282271,0.4438
SOLUSDT,2024-06-16 00:00:00+00:00,2.181700780897,0.4394
SOLUSDT,2024-06-17 00:00:00+00:00,2.17600767278,0.4413
SOLUSDT,2024-06-18 00:00:00+00:00,2.131170120016,0.4563
SOLUSDT,2024-06-19 00:00:00+00:00,2.122527340691,0.4592
SOLUSDT,2024-06-20 00:00:00+00:00,2.122824344632,0.4591
SOLUSDT,2024-06-21 00:00:00+00:00,2.094841851078,0.4684
SOLUSDT,2024-06-22 00:00:00+00:00,2.094393635978,0.4685
SOLUSDT,2024-06-23 00:00:00+00:00,2.064629768046,0.4785
SOLUSDT,2024-06-24 00:00:00+00:00,1.965852605759,0.5114
SOLUSDT,2024-06-25 00:00:00+00:00,2.013824808421,0.4954
SOLUSDT,2024-06-26 00:00:00+00:00,1.983142815892,0.5056
SOLUSDT,2024-06-27 00:00:00+00:00,2.00449611147,0.4985
SOLUSDT,2024-06-28 00:00:00+00:00,1.963323618484,0.5122
SOLUSDT,2024-06-29 00:00:00+00:00,1.982090071071,0.506
SOLUSDT,2024-06-30 00:00:00+00:00,2.04224535277,0.4859
SOLUSDT,2024-07-01 00:00:00+00:00,2.04314593286,0.4856
SOLUSDT,2024-07-02 00:00:00+00:00,2.017079157971,0.4943
SOLUSDT,2024-07-03 00:00:00+00:00,1.956495892684,0.5145
SOLUSDT,2024-07-04 00:00:00+00:00,1.867131113244,0.5443
SOLUSDT,2024-07-05 00:00:00+00:00,1.84216706331,0.5526
SOLUSDT,2024-07-06 00:00:00+00:00,1.891715119434,0.5361
SOLUSDT,2024-07-07 00:00:00+00:00,1.82212870475,0.5593
SOLUSDT,2024-07-08 00:00:00+00:00,1.84231499501,0.5526
SOLUSDT,2024-07-09 00:00:00+00:00,1.882826099963,0.5391
SOLUSDT,2024-07-10 00:00:00+00:00,1.873671456415,0.5421
SOLUSDT,2024-07-11 00:00:00+00:00,1.860391707754,0.5465
SOLUSDT,2024-07-12 00:00:00+00:00,1.877696697499,0.5408
SOLUSDT,2024-07-13 00:00:00+00:00,1.924461076714,0.5252
SOLUSDT,2024-07-14 00:00:00+00:00,1.978252221421,0.5072
SOLUSDT,2024-07-15 00:00:00+00:00,2.094337235781,0.4686
SOLUSDT,2024-07-16 00:00:00+00:00,2.10249498714,0.4658
SOLUSDT,2024-07-17 00:00:00+00:00,2.0722141993,0.4759
SOLUSDT,2024-07-18 00:00:00+00:00,2.063284607936,0.4789
SOLUSDT,2024-07-19 00:00:00+00:00,2.146794861585,0.4511
SOLUSDT,2024-07-20 00:00:00+00:00,2.159544550027,0.4468
SOLUSDT,2024-07-21 00:00:00+00:00,2.186185421436,0.4379
SOLUSDT,2024-07-22 00:00:00+00:00,2.167482354881,0.4442
SOLUSDT,2024-07-23 00:00:00+00:00,2.109594621683,0.4635
SOLUSDT,2024-07-24 00:00:00+00:00,2.091076478928,0.4696
SOLUSDT,2024-07-25 00:00:00+00:00,2.101052278672,0.4663
SOLUSDT,2024-07-26 00:00:00+00:00,2.167988897972,0.444
SOLUSDT,2024-07-27 00:00:00+00:00,2.17149524018,0.4428
SOLUSDT,2024-07-28 00:00:00+00:00,2.173689504641,0.4421
SOLUSDT,2024-07-29 00:00:00+00:00,2.130351323441,0.4565
SOLUSDT,2024-07-30 00:00:00+00:00,2.10753663783,0.4642
SOLUSDT,2024-07-31 00:00:00+00:00,2.060104597961,0.48
SOLUSDT,2024-08-01 00:00:00+00:00,2.073446664875,0.4755
SOLUSDT,2024-08-02 00:00:00+00:00,1.958129492294,0.514
SOLUSDT,2024-08-03 00:00:00+00:00,1.931910948089,0.5227
SOLUSDT,2024-08-04 00:00:00+00:00,1.85658107668,0.5478
SOLUSDT,2024-08-05 00:00:00+00:00,1.734614783702,0.5885
SOLUSDT,2024-08-06 00:00:00+00:00,1.790105908673,0.57
SOLUSDT,2024-08-07 00:00:00+00:00,1.76102665944,0.5797
SOLUSDT,2024-08-08 00:00:00+00:00,1.974027468759,0.5087
SOLUSDT,2024-08-09 00:00:00+00:00,1.934847151042,0.5217
SOLUSDT,2024-08-10 00:00:00+00:00,1.937094140148,0.521
SOLUSDT,2024-08-11 00:00:00+00:00,1.872742222889,0.5424
SOLUSDT,2024-08-12 00:00:00+00:00,1.890144044639,0.5366
SOLUSDT,2024-08-13 00:00:00+00:00,1.926417221684,0.5245
SOLUSDT,2024-08-14 00:00:00+00:00,1.87350048326,0.5422
SOLUSDT,2024-08-15 00:00:00+00:00,1.835793831991,0.5547
SOLUSDT,2024-08-16 00:00:00+00:00,1.876508258409,0.5412
SOLUSDT,2024-08-17 00:00:00+00:00,1.891903199321,0.536
SOLUSDT,2024-08-18 00:00:00+00:00,1.871999609436,0.5427
SOLUSDT,2024-08-19 00:00:00+00:00,1.891279440638,0.5362
SOLUSDT,2024-08-20 00:00:00+00:00,1.882426600371,0.5392
SOLUSDT,2024-08-21 00:00:00+00:00,1.945233846186,0.5183
SOLUSDT,2024-08-22 00:00:00+00:00,1.921170694846,0.5263
SOLUSDT,2024-08-23 00:00:00+00:00,2.035903975825,0.488
SOLUSDT,2024-08-24 00:00:00+00:00,2.032046751517,0.4893
SOLUSDT,2024-08-25 00:00:00+00:00,2.046583028581,0.4845
SOLUSDT,2024-08-26 00:00:00+00:00,1.998001382993,0.5007
SOLUSDT,2024-08-27 00:00:00+00:00,1.891971799295,0.536
SOLUSDT,2024-08-28 00:00:00+00:00,1.875827072948,0.5414
SOLUSDT,2024-08-29 00:00:00+00:00,1.883349152914,0.5389
SOLUSDT,2024-08-30 00:00:00+00:00,1.876982694923,0.541
SOLUSDT,2024-08-31 00:00:00+00:00,1.87073697854,0.5431
SOLUSDT,2024-09-01 00:00:00+00:00,1.820019010688,0.56
SOLUSDT,2024-09-02 00:00:00+00:00,1.877143284457,0.541
SOLUSDT,2024-09-03 00:00:00+00:00,1.829729699885,0.5568
SOLUSDT,2024-09-04 00:00:00+00:00,1.841861370616,0.5527
SOLUSDT,2024-09-05 00:00:00+00:00,1.781930708989,0.5727
SOLUSDT,2024-09-06 00:00:00+00:00,1.710811543806,0.5964
SOLUSDT,2024-09-07 00:00:00+00:00,1.718206634267,0.5939
SOLUSDT,2024-09-08 00:00:00+00:00,1.743469313486,0.5855
SOLUSDT,2024-09-09 00:00:00+00:00,1.814072811646,0.562
SOLUSDT,2024-09-10 00:00:00+00:00,1.830850569033,0.5564
SOLUSDT,2024-09-11 00:00:00+00:00,1.822802476165,0.5591
SOLUSDT,2024-09-12 00:00:00+00:00,1.844923692611,0.5517
SOLUSDT,2024-09-13 00:00:00+00:00,1.918166417135,0.5273
SOLUSDT,2024-09-14 00:00:00+00:00,1.901061522523,0.533
SOLUSDT,2024-09-15 00:00:00+00:00,1.873189573393,0.5423
SOLUSDT,2024-09-16 00:00:00+00:00,1.844209085413,0.5519
SOLUSDT,2024-09-17 00:00:00+00:00,1.906555569386,0.5311
SOLUSDT,2024-09-18 00:00:00+00:00,1.938486988135,0.5205
SOLUSDT,2024-09-19 00:00:00+00:00,1.989407371018,0.5035
SOLUSDT,2024-09-20 00:00:00+00:00,1.991251479392,0.5029
SOLUSDT,2024-09-21 00:00:00+00:00,1.997224680189,0.5009
SOLUSDT,2024-09-22 00:00:00+00:00,2.00309504051,0.499
SOLUSDT,2024-09-23 00:00:00+00:00,1.993210662996,0.5023
SOLUSDT,2024-09-24 00:00:00+00:00,2.02322807255,0.4923
SOLUSDT,2024-09-25 00:00:00+00:00,1.980828516174,0.5064
SOLUSDT,2024-09-26 00:00:00+00:00,2.040909822528,0.4864
SOLUSDT,2024-09-27 00:00:00+00:00,2.061133588941,0.4796
SOLUSDT,2024-09-28 00:00:00+00:00,2.059734897491,0.4801
SOLUSDT,2024-09-29 00:00:00+00:00,2.054377793402,0.4819
SOLUSDT,2024-09-30 00:00:00+00:00,1.980655974681,0.5064
SOLUSDT,2024-10-01 00:00:00+00:00,1.906306811115,0.5312
SOLUSDT,2024-10-02 00:00:00+00:00,1.901135632078,0.533
SOLUSDT,2024-10-03 00:00:00+00:00,1.903667765594,0.5321
SOLUSDT,2024-10-04 00:00:00+00:00,1.942653036999,0.5191
SOLUSDT,2024-10-05 00:00:00+00:00,1.941600018448,0.5195
SOLUSDT,2024-10-06 00:00:00+00:00,1.964736190677,0.5118
SOLUSDT,2024-10-07 00:00:00+00:00,1.952455630153,0.5158
SOLUSDT,2024-10-08 00:00:00+00:00,1.926780183281,0.5244
SOLUSDT,2024-10-09 00:00:00+00:00,1.880158282942,0.5399
SOLUSDT,2024-10-10 00:00:00+00:00,1.868650690361,0.5438
SOLUSDT,2024-10-11 00:00:00+00:00,1.931911669891,0.5227
SOLUSDT,2024-10-12 00:00:00+00:00,1.953970337674,0.5153
SOLUSDT,2024-10-13 00:00:00+00:00,1.939547429605,0.5202
SOLUSDT,2024-10-14 00:00:00+00:00,2.039522213226,0.4868
SOLUSDT,2024-10-15 00:00:00+00:00,2.060181206339,0.4799
SOLUSDT,2024-10-16 00:00:00+00:00,2.079852586869,0.4734
SOLUSDT,2024-10-17 00:00:00+00:00,2.067823405287,0.4774
SOLUSDT,2024-10-18 00:00:00+00:00,2.097751626956,0.4674
SOLUSDT,2024-10-19 00:00:00+00:00,2.095293659588,0.4682
SOLUSDT,2024-10-20 00:00:00+00:00,2.110307256847,0.4632
SOLUSDT,2024-10-21 00:00:00+00:00,2.056928495458,0.481
SOLUSDT,2024-10-22 00:00:00+00:00,2.054857304008366,0.4817
SOLUSDT,2024-10-23 00:00:00+00:00,2.030149964645596,0.49
SOLUSDT,2024-10-24 00:00:00+00:00,2.0735534317639304,0.4755
SOLUSDT,2024-10-25 00:00:00+00:00,2.015882390039284,0.4947
SOLUSDT,2024-10-26 00:00:00+00:00,2.038385405545456,0.4872
SOLUSDT,2024-10-27 00:00:00+00:00,2.0672450714484363,0.4776
SOLUSDT,2024-10-28 00:00:00+00:00,2.12079659111609,0.4597
SOLUSDT,2024-10-29 00:00:00+00:00,2.199387577615285,0.4335
SOLUSDT,2024-10-30 00:00:00+00:00,2.1895048875101897,0.4368
SOLUSDT,2024-10-31 00:00:00+00:00,2.1253164193551783,0.4582
SOLUSDT,2024-11-01 00:00:00+00:00,2.096717117505966,0.4678
SOLUSDT,2024-11-02 00:00:00+00:00,2.088469515716,0.4705
SOLUSDT,2024-11-03 00:00:00+00:00,2.072996077959187,0.4757
SOLUSDT,2024-11-04 00:00:00+00:00,2.042171591332332,0.4859
SOLUSDT,2024-11-05 00:00:00+00:00,2.0934035678438234,0.4689
SOLUSDT,2024-11-06 00:00:00+00:00,2.265383861200003,0.4115
SOLUSDT,2024-11-07 00:00:00+00:00,2.268079148113374,0.4106
SOLUSDT,2024-11-08 00:00:00+00:00,2.2784564278185018,0.4072
SOLUSDT,2024-11-09 00:00:00+00:00,2.2854908075229896,0.4048
SOLUSDT,2024-11-10 00:00:00+00:00,2.386299165227104,0.3712
SOLUSDT,2024-11-11 00:00:00+00:00,2.614736204421692,0.2951
SOLUSDT,2024-11-12 00:00:00+00:00,2.574402718870185,0.3085
SOLUSDT,2024-11-13 00:00:00+00:00,2.6237625094988872,0.2921
SOLUSDT,2024-11-14 00:00:00+00:00,2.5169171310403327,0.3277
SOLUSDT,2024-11-15 00:00:00+00:00,2.6166281818489865,0.2945
SOLUSDT,2024-11-16 00:00:00+00:00,2.5963251574245816,0.3012
SOLUSDT,2024-11-17 00:00:00+00:00,2.570045957525609,0.31
SOLUSDT,2024-11-18 00:00:00+00:00,2.586767436063493,0.3044
SOLUSDT,2024-11-19 00:00:00+00:00,2.616096692148944,0.2946
SOLUSDT,2024-11-20 00:00:00+00:00,2.6545840511759584,0.2818
SOLUSDT,2024-11-21 00:00:00+00:00,2.7357035205093947,0.2548
SOLUSDT,2024-11-22 00:00:00+00:00,2.7268624607806946,0.2577
SOLUSDT,2024-11-23 00:00:00+00:00,2.682475835762373,0.2725
SOLUSDT,2024-11-24 00:00:00+00:00,2.684190145202477,0.2719
SOLUSDT,2024-11-25 00:00:00+00:00,2.550936868826198,0.3164
SOLUSDT,2024-11-26 00:00:00+00:00,2.504171774475637,0.3319
SOLUSDT,2024-11-27 00:00:00+00:00,2.606953545179931,0.2977
SOLUSDT,2024-11-28 00:00:00+00:00,2.5937387638687115,0.3021
SOLUSDT,2024-11-29 00:00:00+00:00,2.6309948422566616,0.2897
SOLUSDT,2024-11-30 00:00:00+00:00,2.6035102735918114,0.2988
SOLUSDT,2024-12-01 00:00:00+00:00,2.627590012401485,0.2908
SOLUSDT,2024-12-02 00:00:00+00:00,2.572610271286454,0.3091
SOLUSDT,2024-12-03 00:00:00+00:00,2.5714581344527,0.3095
SOLUSDT,2024-12-04 00:00:00+00:00,2.637537468218781,0.2875
SOLUSDT,2024-12-05 00:00:00+00:00,2.5624396365200885,0.3125
SOLUSDT,2024-12-06 00:00:00+00:00,2.619701356628037,0.2934
SOLUSDT,2024-12-07 00:00:00+00:00,2.6172416537051104,0.2943
SOLUSDT,2024-12-08 00:00:00+00:00,2.635830347444721,0.2881
SOLUSDT,2024-12-09 00:00:00+00:00,2.528321562198401,0.3239
SOLUSDT,2024-12-10 00:00:00+00:00,2.504255955643038,0.3319
SOLUSDT,2024-12-11 00:00:00+00:00,2.607825988676539,0.2974
SOLUSDT,2024-12-12 00:00:00+00:00,2.5725090268010704,0.3092
SOLUSDT,2024-12-13 00:00:00+00:00,2.5964143923269845,0.3012
SOLUSDT,2024-12-14 00:00:00+00:00,2.5956011229498386,0.3015
SOLUSDT,2024-12-15 00:00:00+00:00,2.671579602981782,0.2761
SOLUSDT,2024-12-16 00:00:00+00:00,2.6904870242055368,0.2698
SOLUSDT,2024-12-17 00:00:00+00:00,2.6825053486643022,0.2725
SOLUSDT,2024-12-18 00:00:00+00:00,2.5337669288940026,0.3221
SOLUSDT,2024-12-19 00:00:00+00:00,2.449250681750823,0.3502
SOLUSDT,2024-12-20 00:00:00+00:00,2.438923701718572,0.3537
SOLUSDT,2024-12-21 00:00:00+00:00,2.424795342221161,0.3584
SOLUSDT,2024-12-22 00:00:00+00:00,2.3683246829858304,0.3772
SOLUSDT,2024-12-23 00:00:00+00:00,2.3466031181287983,0.3845
SOLUSDT,2024-12-24 00:00:00+00:00,2.432547289582645,0.3558
SOLUSDT,2024-12-25 00:00:00+00:00,2.4457574461003446,0.3514
SOLUSDT,2024-12-26 00:00:00+00:00,2.3548963638187823,0.3817
SOLUSDT,2024-12-27 00:00:00+00:00,2.316536046291274,0.3945
SOLUSDT,2024-12-28 00:00:00+00:00,2.3373921900161463,0.3875
SOLUSDT,2024-12-29 00:00:00+00:00,2.293980618606981,0.402
SOLUSDT,2024-12-30 00:00:00+00:00,2.264447243535571,0.4119
SOLUSDT,2024-12-31 00:00:00+00:00,2.2808124449322915,0.4064
SOLUSDT,2025-01-01 00:00:00+00:00,2.3030404933089104,0.399
SOLUSDT,2025-01-02 00:00:00+00:00,2.3578841474857937,0.3807
SOLUSDT,2025-01-03 00:00:00+00:00,2.386290557457015,0.3712
SOLUSDT,2025-01-04 00:00:00+00:00,2.3875160097101222,0.3708
SOLUSDT,2025-01-05 00:00:00+00:00,2.390965860098841,0.3697
SOLUSDT,2025-01-06 00:00:00+00:00,2.477062799747396,0.341
SOLUSDT,2025-01-07 00:00:00+00:00,2.3467027834219376,0.3844
SOLUSDT,2025-01-08 00:00:00+00:00,2.298665904666953,0.4004
SOLUSDT,2025-01-09 00:00:00+00:00,2.233820238836667,0.4221
SOLUSDT,2025-01-10 00:00:00+00:00,2.290082536703305,0.4033
SOLUSDT,2025-01-11 00:00:00+00:00,2.285501707170164,0.4048
SOLUSDT,2025-01-12 00:00:00+00:00,2.278657758123868,0.4071
SOLUSDT,2025-01-13 00:00:00+00:00,2.277984508960744,0.4073
SOLUSDT,2025-01-14 00:00:00+00:00,2.3280580564665416,0.3906
SOLUSDT,2025-01-15 00:00:00+00:00,2.4095410827754344,0.3635
SOLUSDT,2025-01-16 00:00:00+00:00,2.3989108291075403,0.367
SOLUSDT,2025-01-17 00:00:00+00:00,2.495913169030756,0.3347
SOLUSDT,2025-01-18 00:00:00+00:00,2.4946785705686336,0.3351
SOLUSDT,2025-01-19 00:00:00+00:00,2.410672870086662,0.3631
SOLUSDT,2025-01-20 00:00:00+00:00,2.445056132753733,0.3516
SOLUSDT,2025-01-21 00:00:00+00:00,2.518858900509325,0.327
SOLUSDT,2025-01-22 00:00:00+00:00,2.459018475131256,0.347
SOLUSDT,2025-01-23 00:00:00+00:00,2.455447281433525,0.3482
SOLUSDT,2025-01-24 00:00:00+00:00,2.465183210197284,0.3449
SOLUSDT,2025-01-25 00:00:00+00:00,2.4670204525538764,0.3443
SOLUSDT,2025-01-26 00:00:00+00:00,2.418361700134125,0.3605
SOLUSDT,2025-01-27 00:00:00+00:00,2.3934124984483267,0.3689
SOLUSDT,2025-01-28 00:00:00+00:00,2.373287118165897,0.3756
SOLUSDT,2025-01-29 00:00:00+00:00,2.436318963363576,0.3546
SOLUSDT,2025-01-30 00:00:00+00:00,2.457756213004062,0.3474
SOLUSDT,2025-01-31 00:00:00+00:00,2.3926271926371023,0.3691
SOLUSDT,2025-02-01 00:00:00+00:00,2.353296238999732,0.3822
SOLUSDT,2025-02-02 00:00:00+00:00,2.278588298536274,0.4071
SOLUSDT,2025-02-03 00:00:00+00:00,2.371727104993572,0.3761
SOLUSDT,2025-02-04 00:00:00+00:00,2.280750094282139,0.4064
SOLUSDT,2025-02-05 00:00:00+00:00,2.2465355832791136,0.4178
SOLUSDT,2025-02-06 00:00:00+00:00,2.243314171452448,0.4189
SOLUSDT,2025-02-07 00:00:00+00:00,2.2387599646519223,0.4204
SOLUSDT,2025-02-08 00:00:00+00:00,2.2429885869544703,0.419
SOLUSDT,2025-02-09 00:00:00+00:00,2.232532160927027,0.4225
SOLUSDT,2025-02-10 00:00:00+00:00,2.256010513438301,0.4147
SOLUSDT,2025-02-11 00:00:00+00:00,2.2178405166069126,0.4274
SOLUSDT,2025-02-12 00:00:00+00:00,2.261466528982128,0.4128
SOLUSDT,2025-02-13 00:00:00+00:00,2.2326518009087044,0.4224
SOLUSDT,2025-02-14 00:00:00+00:00,2.25166232416674,0.4161
SOLUSDT,2025-02-15 00:00:00+00:00,2.254483790385446,0.4152
SOLUSDT,2025-02-16 00:00:00+00:00,2.221961475316798,0.426
SOLUSDT,2025-02-17 00:00:00+00:00,2.212551004856131,0.4291
SOLUSDT,2025-02-18 00:00:00+00:00,2.2037234329299973,0.4321
SOLUSDT,2025-02-19 00:00:00+00:00,2.23047321584031,0.4232
SOLUSDT,2025-02-20 00:00:00+00:00,2.269163375900631,0.4103
SOLUSDT,2025-02-21 00:00:00+00:00,2.2145337837142764,0.4285
SOLUSDT,2025-02-22 00:00:00+00:00,2.2259723481715947,0.4247
SOLUSDT,2025-02-23 00:00:00+00:00,2.213616967746432,0.4288
SOLUSDT,2025-02-24 00:00:00+00:00,2.1164194813823665,0.4612
SOLUSDT,2025-02-25 00:00:00+00:00,2.045057192561317,0.485
SOLUSDT,2025-02-26 00:00:00+00:00,1.937156888282904,0.5209
SOLUSDT,2025-02-27 00:00:00+00:00,1.951252300853544,0.5162
SOLUSDT,2025-02-28 00:00:00+00:00,1.9428821960052791,0.519
SOLUSDT,2025-03-01 00:00:00+00:00,1.979772195615528,0.5067
SOLUSDT,2025-03-02 00:00:00+00:00,2.1723352788786894,0.4426
SOLUSDT,2025-03-03 00:00:00+00:00,1.9890487557357124,0.5037
SOLUSDT,2025-03-04 00:00:00+00:00,2.011926611190173,0.496
SOLUSDT,2025-03-05 00:00:00+00:00,2.085499742580572,0.4715
SOLUSDT,2025-03-06 00:00:00+00:00,2.074588033844596,0.4751
SOLUSDT,2025-03-07 00:00:00+00:00,1.990605455895191,0.5031
SOLUSDT,2025-03-08 00:00:00+00:00,1.9817025600012967,0.5061
SOLUSDT,2025-03-09 00:00:00+00:00,1.8553174468191107,0.5482
SOLUSDT,2025-03-10 00:00:00+00:00,1.8183074680565463,0.5606
SOLUSDT,2025-03-11 00:00:00+00:00,1.9029557814450992,0.5323
SOLUSDT,2025-03-12 00:00:00+00:00,1.921883426993698,0.526
SOLUSDT,2025-03-13 00:00:00+00:00,1.864334615532672,0.5452
SOLUSDT,2025-03-14 00:00:00+00:00,1.932035459333313,0.5227
SOLUSDT,2025-03-15 00:00:00+00:00,1.937487326084764,0.5208
SOLUSDT,2025-03-16 00:00:00+00:00,1.894746119450727,0.5351
SOLUSDT,2025-03-17 00:00:00+00:00,1.929602895545638,0.5235
SOLUSDT,2025-03-18 00:00:00+00:00,1.8989060236861497,0.5337
SOLUSDT,2025-03-19 00:00:00+00:00,1.9911932421344407,0.5029
SOLUSDT,2025-03-20 00:00:00+00:00,1.929826803780836,0.5234
SOLUSDT,2025-03-21 00:00:00+00:00,1.9281651540140552,0.5239
SOLUSDT,2025-03-22 00:00:00+00:00,1.9223588315764384,0.5259
SOLUSDT,2025-03-23 00:00:00+00:00,1.966380986053732,0.5112
SOLUSDT,2025-03-24 00:00:00+00:00,2.000879393940828,0.4997
SOLUSDT,2025-03-25 00:00:00+00:00,2.0026741040033817,0.4991
SOLUSDT,2025-03-26 00:00:00+00:00,1.9885114032158293,0.5038
SOLUSDT,2025-03-27 00:00:00+00:00,1.9967090941768977,0.5011
SOLUSDT,2025-03-28 00:00:00+00:00,1.928282346209128,0.5239
SOLUSDT,2025-03-29 00:00:00+00:00,1.8872433668233977,0.5376
SOLUSDT,2025-03-30 00:00:00+00:00,1.8812161854306808,0.5396
SOLUSDT,2025-03-31 00:00:00+00:00,1.887088049301776,0.5376
SOLUSDT,2025-04-01 00:00:00+00:00,1.950076686214192,0.5166
SOLUSDT,2025-04-02 00:00:00+00:00,1.8882773504046595,0.5372
SOLUSDT,2025-04-03 00:00:00+00:00,1.894154261812804,0.5353
SOLUSDT,2025-04-04 00:00:00+00:00,1.9126673444102584,0.5291
SOLUSDT,2025-04-05 00:00:00+00:00,1.9016833447333792,0.5328
SOLUSDT,2025-04-06 00:00:00+00:00,1.780124063587888,0.5733
SOLUSDT,2025-04-07 00:00:00+00:00,1.8128169226747144,0.5624
SOLUSDT,2025-04-08 00:00:00+00:00,1.7439655745926916,0.5853
SOLUSDT,2025-04-09 00:00:00+00:00,1.887230963523962,0.5376
SOLUSDT,2025-04-10 00:00:00+00:00,1.8147281216378448,0.5618
SOLUSDT,2025-04-11 00:00:00+00:00,1.9005276237422863,0.5332
SOLUSDT,2025-04-12 00:00:00+00:00,1.9432833469455524,0.5189
SOLUSDT,2025-04-13 00:00:00+00:00,1.9039218772421995,0.532
SOLUSDT,2025-04-14 00:00:00+00:00,1.9262023235820704,0.5246
SOLUSDT,2025-04-15 00:00:00+00:00,1.907137055165662,0.531
SOLUSDT,2025-04-16 00:00:00+00:00,1.9172708051026968,0.5276
SOLUSDT,2025-04-17 00:00:00+00:00,1.9396573992306128,0.5201
SOLUSDT,2025-04-18 00:00:00+00:00,1.9277993169752448,0.5241
SOLUSDT,2025-04-19 00:00:00+00:00,1.943457271715672,0.5188
SOLUSDT,2025-04-20 00:00:00+00:00,1.9426378432392224,0.5191
SOLUSDT,2025-04-21 00:00:00+00:00,1.9927995689339315,0.5024
SOLUSDT,2025-04-22 00:00:00+00:00,2.1282639230663345,0.4572
SOLUSDT,2025-04-23 00:00:00+00:00,2.1261098636422497,0.458
SOLUSDT,2025-04-24 00:00:00+00:00,2.126194044694234,0.4579
SOLUSDT,2025-04-25 00:00:00+00:00,2.1396892285629945,0.4534
SOLUSDT,2025-04-26 00:00:00+00:00,2.136845488242962,0.4544
SOLUSDT,2025-04-27 00:00:00+00:00,2.116303078347161,0.4612
SOLUSDT,2025-04-28 00:00:00+00:00,2.141459949747909,0.4528
SOLUSDT,2025-04-29 00:00:00+00:00,2.1164915940420426,0.4612
SOLUSDT,2025-04-30 00:00:00+00:00,2.117664419217392,0.4608
SOLUSDT,2025-05-01 00:00:00+00:00,2.1635056908519745,0.4455
SOLUSDT,2025-05-02 00:00:00+00:00,2.1700257371132774,0.4433
SOLUSDT,2025-05-03 00:00:00+00:00,2.148827641148182,0.4504
SOLUSDT,2025-05-04 00:00:00+00:00,2.113616046852985,0.4621
SOLUSDT,2025-05-05 00:00:00+00:00,2.1198315170018898,0.4601
SOLUSDT,2025-05-06 00:00:00+00:00,2.1566030190508583,0.4478
SOLUSDT,2025-05-07 00:00:00+00:00,2.164177587122982,0.4453
SOLUSDT,2025-05-08 00:00:00+00:00,2.2908345636251912,0.4031
SOLUSDT,2025-05-09 00:00:00+00:00,2.2831068959043845,0.4056
SOLUSDT,2025-05-10 00:00:00+00:00,2.317993015404475,0.394
SOLUSDT,2025-05-11 00:00:00+00:00,2.30314847924649,0.399
SOLUSDT,2025-05-12 00:00:00+00:00,2.276547512358493,0.4078
SOLUSDT,2025-05-13 00:00:00+00:00,2.2970209363653464,0.401
SOLUSDT,2025-05-14 00:00:00+00:00,2.281735209781493,0.4061
SOLUSDT,2025-05-15 00:00:00+00:00,2.2793299047250057,0.4069
SOLUSDT,2025-05-16 00:00:00+00:00,2.272925986368772,0.409
SOLUSDT,2025-05-17 00:00:00+00:00,2.263971398372875,0.412
SOLUSDT,2025-05-18 00:00:00+00:00,2.324070467635384,0.392
SOLUSDT,2025-05-19 00:00:00+00:00,2.3094629533855167,0.3968
SOLUSDT,2025-05-20 00:00:00+00:00,2.3328187609635207,0.3891
SOLUSDT,2025-05-21 00:00:00+00:00,2.387132485847717,0.371
SOLUSDT,2025-05-22 00:00:00+00:00,2.419114869272548,0.3603
SOLUSDT,2025-05-23 00:00:00+00:00,2.325244185229265,0.3916
SOLUSDT,2025-05-24 00:00:00+00:00,2.33752306327879,0.3875
SOLUSDT,2025-05-25 00:00:00+00:00,2.3575883785824456,0.3808
SOLUSDT,2025-05-26 00:00:00+00:00,2.361540962270688,0.3795
SOLUSDT,2025-05-27 00:00:00+00:00,2.3483230152239982,0.3839
SOLUSDT,2025-05-28 00:00:00+00:00,2.319565765914059,0.3935
SOLUSDT,2025-05-29 00:00:00+00:00,2.269515917375292,0.4102
SOLUSDT,2025-05-30 00:00:00+00:00,2.2301710388100866,0.4233
SOLUSDT,2025-05-31 00:00:00+00:00,2.2453195179282552,0.4182
SOLUSDT,2025-06-01 00:00:00+00:00,2.2668244854256177,0.4111
SOLUSDT,2025-06-02 00:00:00+00:00,2.2631740322455194,0.4123
SOLUSDT,2025-06-03 00:00:00+00:00,2.249049850630191,0.417
SOLUSDT,2025-06-04 00:00:00+00:00,2.230629538676052,0.4231
SOLUSDT,2025-06-05 00:00:00+00:00,2.164421975716304,0.4452
SOLUSDT,2025-06-06 00:00:00+00:00,2.221377259248508,0.4262
SOLUSDT,2025-06-07 00:00:00+00:00,2.246857184421021,0.4177
SOLUSDT,2025-06-08 00:00:00+00:00,2.2465926766265145,0.4178
SOLUSDT,2025-06-09 00:00:00+00:00,2.3383291419548384,0.3872
SOLUSDT,2025-06-10 00:00:00+00:00,2.331994320703792,0.3893
SOLUSDT,2025-06-11 00:00:00+00:00,2.299464902547621,0.4002
SOLUSDT,2025-06-12 00:00:00+00:00,2.2419620475504862,0.4193
SOLUSDT,2025-06-13 00:00:00+00:00,2.239427243662892,0.4202
SOLUSDT,2025-06-14 00:00:00+00:00,2.2271438246998114,0.4243
SOLUSDT,2025-06-15 00:00:00+00:00,2.227219971359887,0.4243
SOLUSDT,2025-06-16 00:00:00+00:00,2.258771912231857,0.4137
SOLUSDT,2025-06-17 00:00:00+00:00,2.203207202646305,0.4323
SOLUSDT,2025-06-18 00:00:00+00:00,2.20581725377894,0.4314
SOLUSDT,2025-06-19 00:00:00+00:00,2.202308074044105,0.4326
SOLUSDT,2025-06-20 00:00:00+00:00,2.1712340906871987,0.4429
SOLUSDT,2025-06-21 00:00:00+00:00,2.134108804756884,0.4553
SOLUSDT,2025-06-22 00:00:00+00:00,2.119915228385861,0.46
SOLUSDT,2025-06-23 00:00:00+00:00,2.2134869832042123,0.4288
SOLUSDT,2025-06-24 00:00:00+00:00,2.220349702793955,0.4266
SOLUSDT,2025-06-25 00:00:00+00:00,2.2450664068043222,0.4183
SOLUSDT,2025-06-26 00:00:00+00:00,2.234143825279254,0.422
SOLUSDT,2025-06-27 00:00:00+00:00,2.2307257878946083,0.4231
SOLUSDT,2025-06-28 00:00:00+00:00,2.2355962704995864,0.4215
SOLUSDT,2025-06-29 00:00:00+00:00,2.255148786868358,0.415
SOLUSDT,2025-06-30 00:00:00+00:00,2.224449219216365,0.4252
SOLUSDT,2025-07-01 00:00:00+00:00,2.190371437932748,0.4365
SOLUSDT,2025-07-02 00:00:00+00:00,2.2572933277993874,0.4142
SOLUSDT,2025-07-03 00:00:00+00:00,2.268221095554169,0.4106
SOLUSDT,2025-07-04 00:00:00+00:00,2.215345083660493,0.4282
SOLUSDT,2025-07-05 00:00:00+00:00,2.218074557692169,0.4273
SOLUSDT,2025-07-06 00:00:00+00:00,2.2363339967768048,0.4212
SOLUSDT,2025-07-07 00:00:00+00:00,2.2137003448829926,0.4288
SOLUSDT,2025-07-08 00:00:00+00:00,2.2241472452865456,0.4253
SOLUSDT,2025-07-09 00:00:00+00:00,2.268230580456622,0.4106
SOLUSDT,2025-07-10 00:00:00+00:00,2.354601798397052,0.3818
SOLUSDT,2025-07-11 00:00:00+00:00,2.38212290459618,0.3726
SOLUSDT,2025-07-12 00:00:00+00:00,2.37341147249211,0.3755
SOLUSDT,2025-07-13 00:00:00+00:00,2.4017092198498973,0.3661
SOLUSDT,2025-07-14 00:00:00+00:00,2.4125084332311304,0.3625
SOLUSDT,2025-07-15 00:00:00+00:00,2.364195114922196,0.3786
SOLUSDT,2025-07-16 00:00:00+00:00,2.368875124533446,0.377
SOLUSDT,2025-07-17 00:00:00+00:00,2.374985804949236,0.375
SOLUSDT,2025-07-18 00:00:00+00:00,2.340384009446915,0.3865
SOLUSDT,2025-07-19 00:00:00+00:00,2.336414214135971,0.3879
SOLUSDT,2025-07-20 00:00:00+00:00,2.323370138320551,0.3922
SOLUSDT,2025-07-21 00:00:00+00:00,2.3218439654227243,0.3927
SOLUSDT,2025-07-22 00:00:00+00:00,2.3670956161477066,0.3776
SOLUSDT,2025-07-23 00:00:00+00:00,2.334400354595592,0.3885
SOLUSDT,2025-07-24 00:00:00+00:00,2.3257901969225423,0.3914
SOLUSDT,2025-07-25 00:00:00+00:00,2.304027155259395,0.3987
SOLUSDT,2025-07-26 00:00:00+00:00,2.3118305041157874,0.3961
SOLUSDT,2025-07-27 00:00:00+00:00,2.338853962335245,0.387
SOLUSDT,2025-07-28 00:00:00+00:00,2.308482108720689,0.3972
SOLUSDT,2025-07-29 00:00:00+00:00,2.3014237166265827,0.3995
SOLUSDT,2025-07-30 00:00:00+00:00,2.2955727612124828,0.4015
SOLUSDT,2025-07-31 00:00:00+00:00,2.2576734658479,0.4141
SOLUSDT,2025-08-01 00:00:00+00:00,2.2070884136924738,0.431
SOLUSDT,2025-08-02 00:00:00+00:00,2.1923149563631275,0.4359
SOLUSDT,2025-08-03 00:00:00+00:00,2.2240971442941064,0.4253
SOLUSDT,2025-08-04 00:00:00+00:00,2.2406311051894656,0.4198
SOLUSDT,2025-08-05 00:00:00+00:00,2.2178999959543497,0.4274
SOLUSDT,2025-08-06 00:00:00+00:00,2.234972395493477,0.4217
SOLUSDT,2025-08-07 00:00:00+00:00,2.2781308995532936,0.4073
SOLUSDT,2025-08-08 00:00:00+00:00,2.2621480824612368,0.4126
SOLUSDT,2025-08-09 00:00:00+00:00,2.2569920501462186,0.4143
SOLUSDT,2025-08-10 00:00:00+00:00,2.307419605120224,0.3975
SOLUSDT,2025-08-11 00:00:00+00:00,2.296376996154095,0.4012
SOLUSDT,2025-08-12 00:00:00+00:00,2.320647620011929,0.3931
SOLUSDT,2025-08-13 00:00:00+00:00,2.379739102823155,0.3734
SOLUSDT,2025-08-14 00:00:00+00:00,2.282416006210002,0.4059
SOLUSDT,2025-08-15 00:00:00+00:00,2.25769289975179,0.4141
SOLUSDT,2025-08-16 00:00:00+00:00,2.25327415019919,0.4156
SOLUSDT,2025-08-17 00:00:00+00:00,2.2553050008051305,0.4149
SOLUSDT,2025-08-18 00:00:00+00:00,2.229656237704237,0.4234
SOLUSDT,2025-08-19 00:00:00+00:00,2.162405961142789,0.4459
SOLUSDT,2025-08-20 00:00:00+00:00,2.187593393945847,0.4375
SOLUSDT,2025-08-21 00:00:00+00:00,2.150092222239415,0.45
SOLUSDT,2025-08-22 00:00:00+00:00,2.2309603181709265,0.423
SOLUSDT,2025-08-23 00:00:00+00:00,2.201272176719621,0.4329
SOLUSDT,2025-08-24 00:00:00+00:00,2.1673285045149835,0.4442
SOLUSDT,2025-08-25 00:00:00+00:00,2.101608862718138,0.4661
SOLUSDT,2025-08-26 00:00:00+00:00,2.1348985660008872,0.455
SOLUSDT,2025-08-27 00:00:00+00:00,2.1218251202374474,0.4594
SOLUSDT,2025-08-28 00:00:00+00:00,2.142789122023943,0.4524
SOLUSDT,2025-08-29 00:00:00+00:00,2.0585239707912053,0.4805
SOLUSDT,2025-08-30 00:00:00+00:00,2.063022252855391,0.479
SOLUSDT,2025-08-31 00:00:00+00:00,2.054653984489101,0.4818
SOLUSDT,2025-09-01 00:00:00+00:00,2.066472278033613,0.4778
SOLUSDT,2025-09-02 00:00:00+00:00,2.106133166120609,0.4646
SOLUSDT,2025-09-03 00:00:00+00:00,2.117352868701102,0.4609
SOLUSDT,2025-09-04 00:00:00+00:00,2.0988399671512,0.4671
SOLUSDT,2025-09-05 00:00:00+00:00,2.09099108963154,0.4697
SOLUSDT,2025-09-06 00:00:00+00:00,2.081547548704114,0.4728
SOLUSDT,2025-09-07 00:00:00+00:00,2.100795508587898,0.4664
SOLUSDT,2025-09-08 00:00:00+00:00,2.114485395928852,0.4618
SOLUSDT,2025-09-09 00:00:00+00:00,2.1019000165432096,0.466
SOLUSDT,2025-09-10 00:00:00+00:00,2.145924375428194,0.4514
SOLUSDT,2025-09-11 00:00:00+00:00,2.171828406012249,0.4427
SOLUSDT,2025-09-12 00:00:00+00:00,2.1834524058125826,0.4388
SOLUSDT,2025-09-13 00:00:00+00:00,2.178678922337634,0.4404
SOLUSDT,2025-09-14 00:00:00+00:00,2.1673601179200923,0.4442
SOLUSDT,2025-09-15 00:00:00+00:00,2.1656665085615017,0.4448
SOLUSDT,2025-09-16 00:00:00+00:00,2.1888797241350617,0.437
SOLUSDT,2025-09-17 00:00:00+00:00,2.181807025941312,0.4394
SOLUSDT,2025-09-18 00:00:00+00:00,2.188425256780357,0.4372
SOLUSDT,2025-09-19 00:00:00+00:00,2.1584515968726663,0.4472
SOLUSDT,2025-09-20 00:00:00+00:00,2.1600824520314994,0.4466
SOLUSDT,2025-09-21 00:00:00+00:00,2.1511992423053936,0.4496
SOLUSDT,2025-09-22 00:00:00+00:00,2.1030843290113816,0.4656
SOLUSDT,2025-09-23 00:00:00+00:00,2.0884207525288683,0.4705
SOLUSDT,2025-09-24 00:00:00+00:00,2.1098438050041244,0.4634
SOLUSDT,2025-09-25 00:00:00+00:00,2.031242470311528,0.4896
SOLUSDT,2025-09-26 00:00:00+00:00,2.039297742066763,0.4869
SOLUSDT,2025-09-27 00:00:00+00:00,2.0384097258593883,0.4872
SOLUSDT,2025-09-28 00:00:00+00:00,2.084398213626927,0.4719
SOLUSDT,2025-09-29 00:00:00+00:00,2.122720877587773,0.4591
SOLUSDT,2025-09-30 00:00:00+00:00,2.112807213335253,0.4624
SOLUSDT,2025-10-01 00:00:00+00:00,2.186155026712077,0.4379
SOLUSDT,2025-10-02 00:00:00+00:00,2.221772196583208,0.4261
SOLUSDT,2025-10-03 00:00:00+00:00,2.249202943238196,0.4169
SOLUSDT,2025-10-04 00:00:00+00:00,2.247639041410611,0.4175
SOLUSDT,2025-10-05 00:00:00+00:00,2.266766621760195,0.4111
SOLUSDT,2025-10-06 00:00:00+00:00,2.287145426879909,0.4043
SOLUSDT,2025-10-07 00:00:00+00:00,2.219347428097428,0.4269
SOLUSDT,2025-10-08 00:00:00+00:00,2.248606081441407,0.4171
SOLUSDT,2025-10-09 00:00:00+00:00,2.2125534313089377,0.4291
SOLUSDT,2025-10-10 00:00:00+00:00,2.070562788244427,0.4765
SOLUSDT,2025-10-11 00:00:00+00:00,2.0194789962614186,0.4935
SOLUSDT,2025-10-12 00:00:00+00:00,2.0951257451651712,0.4683
SOLUSDT,2025-10-13 00:00:00+00:00,2.09746317757528,0.4675
SOLUSDT,2025-10-14 00:00:00+00:00,2.056829337301677,0.4811
SOLUSDT,2025-10-15 00:00:00+00:00,2.0058910258061653,0.498
SOLUSDT,2025-10-16 00:00:00+00:00,1.9578568178170297,0.514
SOLUSDT,2025-10-17 00:00:00+00:00,1.92928303157762,0.5236
SOLUSDT,2025-10-18 00:00:00+00:00,1.938149518377999,0.5206
SOLUSDT,2025-10-19 00:00:00+00:00,1.965929731213064,0.5114
SOLUSDT,2025-10-20 00:00:00+00:00,2.000241242040893,0.4999
SOLUSDT,2025-10-21 00:00:00+00:00,1.9642552693241937,0.5119
SOLUSDT,2025-10-22 00:00:00+00:00,1.9422693938130509,0.5192
SOLUSDT,2025-10-23 00:00:00+00:00,1.983850582920296,0.5054
SOLUSDT,2025-10-24 00:00:00+00:00,2.0002399703642184,0.4999
SOLUSDT,2025-10-25 00:00:00+00:00,2.010123020095332,0.4966
SOLUSDT,2025-10-26 00:00:00+00:00,2.061141989497095,0.4796
SOLUSDT,2025-10-27 00:00:00+00:00,2.0506486983041583,0.4831
SOLUSDT,2025-10-28 00:00:00+00:00,2.0269852854220023,0.491
SOLUSDT,2025-10-29 00:00:00+00:00,1.9748570714184712,0.5084
SOLUSDT,2025-10-30 00:00:00+00:00,1.9325248327320044,0.5225
SOLUSDT,2025-10-31 00:00:00+00:00,1.9596274069163773,0.5135
SOLUSDT,2025-11-01 00:00:00+00:00,1.9663440701835693,0.5112
SOLUSDT,2025-11-02 00:00:00+00:00,1.97277646963442,0.5091
SOLUSDT,2025-11-03 00:00:00+00:00,1.9020882532144816,0.5326
SOLUSDT,2025-11-04 00:00:00+00:00,1.8116855886218344,0.5628
SOLUSDT,2025-11-05 00:00:00+00:00,1.857055734420492,0.5476
SOLUSDT,2025-11-06 00:00:00+00:00,1.8097201631689657,0.5634
SOLUSDT,2025-11-07 00:00:00+00:00,1.8428465053331915,0.5524
SOLUSDT,2025-11-08 00:00:00+00:00,1.8227583856026048,0.5591
SOLUSDT,2025-11-09 00:00:00+00:00,1.8641651761462623,0.5453
SOLUSDT,2025-11-10 00:00:00+00:00,1.8875443600732529,0.5375
SOLUSDT,2025-11-11 00:00:00+00:00,1.8318881974218435,0.556
SOLUSDT,2025-11-12 00:00:00+00:00,1.8085099031300795,0.5638
SOLUSDT,2025-11-13 00:00:00+00:00,1.7800126434105843,0.5733
SOLUSDT,2025-11-14 00:00:00+00:00,1.6842606972655323,0.6052
SOLUSDT,2025-11-15 00:00:00+00:00,1.7025099652616345,0.5992
SOLUSDT,2025-11-16 00:00:00+00:00,1.6785525812642024,0.6071
SOLUSDT,2025-11-17 00:00:00+00:00,1.6392867114437717,0.6202
SOLUSDT,2025-11-18 00:00:00+00:00,1.654516965238705,0.6152
SOLUSDT,2025-11-19 00:00:00+00:00,1.628739580213074,0.6238
SOLUSDT,2025-11-20 00:00:00+00:00,1.5515619978194948,0.6495
SOLUSDT,2025-11-21 00:00:00+00:00,1.5202473672522108,0.6599
SOLUSDT,2025-11-22 00:00:00+00:00,1.5063202250156789,0.6646
SOLUSDT,2025-11-23 00:00:00+00:00,1.5408129016405956,0.6531
SOLUSDT,2025-11-24 00:00:00+00:00,1.5674035927405892,0.6442
SOLUSDT,2025-11-25 00:00:00+00:00,1.5507097680723907,0.6498
SOLUSDT,2025-11-26 00:00:00+00:00,1.6019179596137352,0.6327
SOLUSDT,2025-11-27 00:00:00+00:00,1.6180110246025807,0.6273
SOLUSDT,2025-11-28 00:00:00+00:00,1.6124043653578792,0.6292
SOLUSDT,2025-11-29 00:00:00+00:00,1.609812435967487,0.6301
SOLUSDT,2025-11-30 00:00:00+00:00,1.605936798624271,0.6314
SOLUSDT,2025-12-01 00:00:00+00:00,1.533958697259218,0.6553
SOLUSDT,2025-12-02 00:00:00+00:00,1.6233866164835693,0.6255
SOLUSDT,2025-12-03 00:00:00+00:00,1.6594397707736588,0.6135
SOLUSDT,2025-12-04 00:00:00+00:00,1.6346860768202705,0.6218
SOLUSDT,2025-12-05 00:00:00+00:00,1.5845510954223283,0.6385
SOLUSDT,2025-12-06 00:00:00+00:00,1.5825974776524672,0.6391
SOLUSDT,2025-12-07 00:00:00+00:00,1.5985004613781386,0.6338
SOLUSDT,2025-12-08 00:00:00+00:00,1.6096177386431436,0.6301
SOLUSDT,2025-12-09 00:00:00+00:00,1.6469894512126808,0.6177
SOLUSDT,2025-12-10 00:00:00+00:00,1.6325770870501284,0.6225
SOLUSDT,2025-12-11 00:00:00+00:00,1.6416453987249755,0.6195
SOLUSDT,2025-12-12 00:00:00+00:00,1.6020026597826391,0.6327
SOLUSDT,2025-12-13 00:00:00+00:00,1.6004071227927794,0.6332
SOLUSDT,2025-12-14 00:00:00+00:00,1.5625992937931457,0.6458
SOLUSDT,2025-12-15 00:00:00+00:00,1.5334507834438562,0.6555
SOLUSDT,2025-12-16 00:00:00+00:00,1.5583000660090016,0.6472
SOLUSDT,2025-12-17 00:00:00+00:00,1.529104503632707,0.657
SOLUSDT,2025-12-18 00:00:00+00:00,1.5183951212093736,0.6605
SOLUSDT,2025-12-19 00:00:00+00:00,1.5669393446155329,0.6444
SOLUSDT,2025-12-20 00:00:00+00:00,1.5699331395911071,0.6434
SOLUSDT,2025-12-21 00:00:00+00:00,1.5740329131051052,0.642
SOLUSDT,2025-12-22 00:00:00+00:00,1.5730377244463174,0.6423
SOLUSDT,2025-12-23 00:00:00+00:00,1.5534926720508595,0.6488
SOLUSDT,2025-12-24 00:00:00+00:00,1.5586263806194096,0.6471
SOLUSDT,2025-12-25 00:00:00+00:00,1.5515779428765888,0.6495
SOLUSDT,2025-12-26 00:00:00+00:00,1.5547999122682277,0.6484
SOLUSDT,2025-12-27 00:00:00+00:00,1.561130488616242,0.6463
SOLUSDT,2025-12-28 00:00:00+00:00,1.5623713813655935,0.6459
SOLUSDT,2025-12-29 00:00:00+00:00,1.55184373281198,0.6494
SOLUSDT,2025-12-30 00:00:00+00:00,1.575194732866138,0.6416
SOLUSDT,2025-12-31 00:00:00+00:00,1.5599368640000817,0.6467
SOLUSDT,2026-01-01 00:00:00+00:00,1.5805666838787138,0.6398
SOLUSDT,2026-01-02 00:00:00+00:00,1.6028335346054856,0.6324
SOLUSDT,2026-01-03 00:00:00+00:00,1.6144428345714437,0.6285
SOLUSDT,2026-01-04 00:00:00+00:00,1.6278233718322608,0.6241
SOLUSDT,2026-01-05 00:00:00+00:00,1.6729656061920013,0.609
SOLUSDT,2026-01-06 00:00:00+00:00,1.6656981847227377,0.6114
SOLUSDT,2026-01-07 00:00:00+00:00,1.6234736025512655,0.6255
SOLUSDT,2026-01-08 00:00:00+00:00,1.6216948371778772,0.6261
SOLUSDT,2026-01-09 00:00:00+00:00,1.6124074298017157,0.6292
SOLUSDT,2026-01-10 00:00:00+00:00,1.6100132123879032,0.63
SOLUSDT,2026-01-11 00:00:00+00:00,1.61585640170226,0.628
SOLUSDT,2026-01-12 00:00:00+00:00,1.6235117369511671,0.6255
SOLUSDT,2026-01-13 00:00:00+00:00,1.6956457102183624,0.6015
SOLUSDT,2026-01-14 00:00:00+00:00,1.725258285011508,0.5916
SOLUSDT,2026-01-15 00:00:00+00:00,1.698251329285832,0.6006
SOLUSDT,2026-01-16 00:00:00+00:00,1.6967501163466352,0.6011
SOLUSDT,2026-01-17 00:00:00+00:00,1.6895599397740113,0.6035
SOLUSDT,2026-01-18 00:00:00+00:00,1.6743922801666509,0.6085
SOLUSDT,2026-01-19 00:00:00+00:00,1.6436868798008475,0.6188
SOLUSDT,2026-01-20 00:00:00+00:00,1.5689223614895769,0.6437
SOLUSDT,2026-01-21 00:00:00+00:00,1.5933664347912715,0.6355
SOLUSDT,2026-01-22 00:00:00+00:00,1.5900557424434003,0.6366
SOLUSDT,2026-01-23 00:00:00+00:00,1.597227656500748,0.6343
SOLUSDT,2026-01-24 00:00:00+00:00,1.5927055312322624,0.6358
SOLUSDT,2026-01-25 00:00:00+00:00,1.5441681672754624,0.6519
SOLUSDT,2026-01-26 00:00:00+00:00,1.5779781705662028,0.6407
SOLUSDT,2026-01-27 00:00:00+00:00,1.594258404220792,0.6352
SOLUSDT,2026-01-28 00:00:00+00:00,1.5929682871962685,0.6357
SOLUSDT,2026-01-29 00:00:00+00:00,1.5108463744510503,0.6631
SOLUSDT,2026-01-30 00:00:00+00:00,1.502794123367734,0.6657
SOLUSDT,2026-01-31 00:00:00+00:00,1.409206961565977,0.6969
SOLUSDT,2026-02-01 00:00:00+00:00,1.3779375282101731,0.7074
SOLUSDT,2026-02-02 00:00:00+00:00,1.411272421681785,0.6962
SOLUSDT,2026-02-03 00:00:00+00:00,1.3597906397012431,0.7134
SOLUSDT,2026-02-04 00:00:00+00:00,1.315930750700471,0.728
SOLUSDT,2026-02-05 00:00:00+00:00,1.1497951473288677,0.7834
SOLUSDT,2026-02-06 00:00:00+00:00,1.2794885803917828,0.7402
SOLUSDT,2026-02-07 00:00:00+00:00,1.2542864998384384,0.7486
SOLUSDT,2026-02-08 00:00:00+00:00,1.278752679408799,0.7404
SOLUSDT,2026-02-09 00:00:00+00:00,1.274890122985872,0.7417
SOLUSDT,2026-02-10 00:00:00+00:00,1.2481033012418763,0.7506
SOLUSDT,2026-02-11 00:00:00+00:00,1.2182387788490885,0.7606
SOLUSDT,2026-02-12 00:00:00+00:00,1.205655751536307,0.7648
SOLUSDT,2026-02-13 00:00:00+00:00,1.2543817127922632,0.7485
SOLUSDT,2026-02-14 00:00:00+00:00,1.271428434942344,0.7429
SOLUSDT,2026-02-15 00:00:00+00:00,1.2503520156434709,0.7499
SOLUSDT,2026-02-16 00:00:00+00:00,1.2529918805039757,0.749
SOLUSDT,2026-02-17 00:00:00+00:00,1.230359595565078,0.7565
SOLUSDT,2026-02-18 00:00:00+00:00,1.21146371466258,0.7628
SOLUSDT,2026-02-19 00:00:00+00:00,1.221844787848528,0.7594
SOLUSDT,2026-02-20 00:00:00+00:00,1.2419474106076231,0.7527
SOLUSDT,2026-02-21 00:00:00+00:00,1.2427727388908911,0.7524
SOLUSDT,2026-02-22 00:00:00+00:00,1.234286313377275,0.7552
SOLUSDT,2026-02-23 00:00:00+00:00,1.1831842972470237,0.7723
SOLUSDT,2026-02-24 00:00:00+00:00,1.1743319937937022,0.7752
SOLUSDT,2026-02-25 00:00:00+00:00,1.2461229941727416,0.7513
SOLUSDT,2026-02-26 00:00:00+00:00,1.2368113915864165,0.7544
SOLUSDT,2026-02-27 00:00:00+00:00,1.2073254705520615,0.7642
SOLUSDT,2026-02-28 00:00:00+00:00,1.2275612619982268,0.7575
SOLUSDT,2026-03-01 00:00:00+00:00,1.2052481747995247,0.7649
SOLUSDT,2026-03-02 00:00:00+00:00,1.263760682233652,0.7454
SOLUSDT,2026-03-03 00:00:00+00:00,1.2548907532524818,0.7484
SOLUSDT,2026-03-04 00:00:00+00:00,1.3324599332646212,0.7225
SOLUSDT,2026-03-05 00:00:00+00:00,1.3020998734899651,0.7326
SOLUSDT,2026-03-06 00:00:00+00:00,1.252787494903745,0.7491
SOLUSDT,2026-03-07 00:00:00+00:00,1.236301300128931,0.7546
SOLUSDT,2026-03-08 00:00:00+00:00,1.2160004257646573,0.7613
SOLUSDT,2026-03-09 00:00:00+00:00,1.258828872642114,0.7471
SOLUSDT,2026-03-10 00:00:00+00:00,1.2838921987216931,0.7387
SOLUSDT,2026-03-11 00:00:00+00:00,1.2926305604960422,0.7358
SOLUSDT,2026-03-12 00:00:00+00:00,1.297352966463531,0.7342
SOLUSDT,2026-03-13 00:00:00+00:00,1.30454126489792,0.7318
SOLUSDT,2026-03-14 00:00:00+00:00,1.3085611269402389,0.7305
SOLUSDT,2026-03-15 00:00:00+00:00,1.3372863065162932,0.7209
SOLUSDT,2026-03-16 00:00:00+00:00,1.3736647820354706,0.7088
SOLUSDT,2026-03-17 00:00:00+00:00,1.3620392217241302,0.7127
SOLUSDT,2026-03-18 00:00:00+00:00,1.3108271207032425,0.7297
SOLUSDT,2026-03-19 00:00:00+00:00,1.2873233530441244,0.7376
SOLUSDT,2026-03-20 00:00:00+00:00,1.2979134579553593,0.734
SOLUSDT,2026-03-21 00:00:00+00:00,1.2832286394689276,0.7389
SOLUSDT,2026-03-22 00:00:00+00:00,1.2516621596693465,0.7494
SOLUSDT,2026-03-23 00:00:00+00:00,1.3014094083299217,0.7329
SOLUSDT,2026-03-24 00:00:00+00:00,1.3002777489726736,0.7332
SOLUSDT,2026-03-25 00:00:00+00:00,1.31291879231233,0.729
SOLUSDT,2026-03-26 00:00:00+00:00,1.2664072256679189,0.7445
SOLUSDT,2026-03-27 00:00:00+00:00,1.221391534843414,0.7595
SOLUSDT,2026-03-28 00:00:00+00:00,1.2242821302425808,0.7586
SOLUSDT,2026-03-29 00:00:00+00:00,1.2173465160210977,0.7609
SOLUSDT,2026-03-30 00:00:00+00:00,1.2307677885365405,0.7564
SOLUSDT,2026-03-31 00:00:00+00:00,1.2594615926249515,0.7468
SOLUSDT,2026-04-01 00:00:00+00:00,1.2578004357870882,0.7474
SOLUSDT,2026-04-02 00:00:00+00:00,1.2361570581529682,0.7546
SOLUSDT,2026-04-03 00:00:00+00:00,1.2360952901456137,0.7546
SOLUSDT,2026-04-04 00:00:00+00:00,1.2435879583030514,0.7521
SOLUSDT,2026-04-05 00:00:00+00:00,1.2731860065048008,0.7423
SOLUSDT,2026-04-06 00:00:00+00:00,1.270093812424762,0.7433
SOLUSDT,2026-04-07 00:00:00+00:00,1.330703341528385,0.7231
SOLUSDT,2026-04-08 00:00:00+00:00,1.3129220338742065,0.729
SOLUSDT,2026-04-09 00:00:00+00:00,1.325828946125455,0.7247
SOLUSDT,2026-04-10 00:00:00+00:00,1.3468426562660187,0.7177
SOLUSDT,2026-04-11 00:00:00+00:00,1.3497406830177825,0.7168
SOLUSDT,2026-04-12 00:00:00+00:00,1.3049673347970956,0.7317
SOLUSDT,2026-04-13 00:00:00+00:00,1.3770482398402828,0.7077
SOLUSDT,2026-04-14 00:00:00+00:00,1.3687529040183417,0.7104
SOLUSDT,2026-04-15 00:00:00+00:00,1.3796263886883915,0.7068
SOLUSDT,2026-04-16 00:00:00+00:00,1.3856258612153995,0.7048
SOLUSDT,2026-04-17 00:00:00+00:00,1.4223235153878984,0.6926
SOLUSDT,2026-04-18 00:00:00+00:00,1.3980047368399022,0.7007
SOLUSDT,2026-04-19 00:00:00+00:00,1.3634656752952106,0.7122
SOLUSDT,2026-04-20 00:00:00+00:00,1.3987305546501194,0.7004
SOLUSDT,2026-04-21 00:00:00+00:00,1.4040391749892125,0.6987
SOLUSDT,2026-04-22 00:00:00+00:00,1.4451816880881303,0.6849
SOLUSDT,2026-04-23 00:00:00+00:00,1.4435180102987248,0.6855
SOLUSDT,2026-04-24 00:00:00+00:00,1.4313054086958683,0.6896
SOLUSDT,2026-04-25 00:00:00+00:00,1.4345741475645932,0.6885
SOLUSDT,2026-04-26 00:00:00+00:00,1.4512399107371683,0.6829
SOLUSDT,2026-04-27 00:00:00+00:00,1.4274966444382788,0.6908
SOLUSDT,2026-04-28 00:00:00+00:00,1.4098968122284417,0.6967
SOLUSDT,2026-04-29 00:00:00+00:00,1.4012950588480768,0.6996
SOLUSDT,2026-04-30 00:00:00+00:00,1.4109087161770764,0.6964
SOLUSDT,2026-05-01 00:00:00+00:00,1.4441109410626063,0.6853
SOLUSDT,2026-05-02 00:00:00+00:00,1.4546787719928145,0.6818
SOLUSDT,2026-05-03 00:00:00+00:00,1.4532128991393036,0.6823
SOLUSDT,2026-05-04 00:00:00+00:00,1.4734139625232838,0.6755
SOLUSDT,2026-05-05 00:00:00+00:00,1.49326488273632,0.6689
SOLUSDT,2026-05-06 00:00:00+00:00,1.5007289347155643,0.6664
SOLUSDT,2026-05-07 00:00:00+00:00,1.4754077327071486,0.6749
SOLUSDT,2026-05-08 00:00:00+00:00,1.4788069377076725,0.6737
SOLUSDT,2026-05-09 00:00:00+00:00,1.4875564619691928,0.6708
SOLUSDT,2026-05-10 00:00:00+00:00,1.5165762999799848,0.6611
SOLUSDT,2026-05-11 00:00:00+00:00,1.5062797314103844,0.6646
SOLUSDT,2026-05-12 00:00:00+00:00,1.4843434176790684,0.6719
SOLUSDT,2026-05-13 00:00:00+00:00,1.4616979219598496,0.6794
SOLUSDT,2026-05-14 00:00:00+00:00,1.496291810555883,0.6679
SOLUSDT,2026-05-15 00:00:00+00:00,1.4576482075977495,0.6808
SOLUSDT,2026-05-16 00:00:00+00:00,1.4411207320741923,0.6863
SOLUSDT,2026-05-17 00:00:00+00:00,1.4288785719516937,0.6904
SOLUSDT,2026-05-18 00:00:00+00:00,1.419569255459985,0.6935
SOLUSDT,2026-05-19 00:00:00+00:00,1.4170368263075273,0.6943
SOLUSDT,2026-05-20 00:00:00+00:00,1.4282474320399443,0.6906
SOLUSDT,2026-05-21 00:00:00+00:00,1.4318398636638516,0.6894
SOLUSDT,2026-05-22 00:00:00+00:00,1.3951977957217805,0.7016
SOLUSDT,2026-05-23 00:00:00+00:00,1.4145646606056597,0.6951
SOLUSDT,2026-05-24 00:00:00+00:00,1.4206921481906591,0.6931
SOLUSDT,2026-05-25 00:00:00+00:00,1.425980680386381,0.6913
SOLUSDT,2026-05-26 00:00:00+00:00,1.4000760710265765,0.7
SOLUSDT,2026-05-27 00:00:00+00:00,1.3720698989749525,0.7093
SOLUSDT,2026-05-28 00:00:00+00:00,1.359302863594602,0.7136
SOLUSDT,2026-05-29 00:00:00+00:00,1.3570300412340588,0.7143
SOLUSDT,2026-05-30 00:00:00+00:00,1.3648020345772152,0.7117
SOLUSDT,2026-05-31 00:00:00+00:00,1.3623994613070085,0.7125
SOLUSDT,2026-06-01 00:00:00+00:00,1.321374781897173,0.7262
SOLUSDT,2026-06-02 00:00:00+00:00,1.23601499491039,0.7547
SOLUSDT,2026-06-03 00:00:00+00:00,1.1956320534404263,0.7681
SOLUSDT,2026-06-04 00:00:00+00:00,1.1858932878748485,0.7714
SOLUSDT,2026-06-05 00:00:00+00:00,1.1367970410942183,0.7877
SOLUSDT,2026-06-06 00:00:00+00:00,1.1346458274405713,0.7885
SOLUSDT,2026-06-07 00:00:00+00:00,1.178976675309288,0.7737
SOLUSDT,2026-06-08 00:00:00+00:00,1.1785132598364798,0.7738
SOLUSDT,2026-06-09 00:00:00+00:00,1.1517566167396358,0.7827
SOLUSDT,2026-06-10 00:00:00+00:00,1.148835844703938,0.7837
SOLUSDT,2026-06-11 00:00:00+00:00,1.1875449707608752,0.7708
SOLUSDT,2026-06-12 00:00:00+00:00,1.1877855212466688,0.7707
SOLUSDT,2026-06-13 00:00:00+00:00,1.205481911068106,0.7648
SOLUSDT,2026-06-14 00:00:00+00:00,1.2276315476665296,0.7575
SOLUSDT,2026-06-15 00:00:00+00:00,1.2393546167038156,0.7535
SOLUSDT,2026-06-16 00:00:00+00:00,1.2287326760856152,0.7571
SOLUSDT,2026-06-17 00:00:00+00:00,1.2059072762898515,0.7647
SOLUSDT,2026-06-18 00:00:00+00:00,1.1772253837760067,0.7743
SOLUSDT,2026-06-19 00:00:00+00:00,1.186374409712872,0.7712
SOLUSDT,2026-06-20 00:00:00+00:00,1.2034610271445665,0.7655
SOLUSDT,2026-06-21 00:00:00+00:00,1.186796520860484,0.7711
SOLUSDT,2026-06-22 00:00:00+00:00,1.197421605598321,0.7675
SOLUSDT,2026-06-23 00:00:00+00:00,1.1731976651833005,0.7756
SOLUSDT,2026-06-24 00:00:00+00:00,1.14232532504498,0.7859
SOLUSDT,2026-06-25 00:00:00+00:00,1.12407957629493,0.792
SOLUSDT,2026-06-26 00:00:00+00:00,1.1270469384410169,0.791
SOLUSDT,2026-06-27 00:00:00+00:00,1.127011418515148,0.791
SOLUSDT,2026-06-28 00:00:00+00:00,1.1189318202539256,0.7937
SOLUSDT,2026-06-29 00:00:00+00:00,1.1322838457186375,0.7892
SOLUSDT,2026-06-30 00:00:00+00:00,1.1027805682008869,0.7991
SOLUSDT,2026-07-01 00:00:00+00:00,1.1321108720363224,0.7893
SOLUSDT,2026-07-02 00:00:00+00:00,1.1581855624958048,0.7806
SOLUSDT,2026-07-03 00:00:00+00:00,1.1792987088316838,0.7736
SOLUSDT,2026-07-04 00:00:00+00:00,1.1891572189350943,0.7703
SOLUSDT,2026-07-05 00:00:00+00:00,1.1990647636450065,0.767
SOLUSDT,2026-07-06 00:00:00+00:00,1.2073954618124445,0.7642
SOLUSDT,2026-07-07 00:00:00+00:00,1.196288648174336,0.7679
SOLUSDT,2026-07-08 00:00:00+00:00,1.173170745233849,0.7756
SOLUSDT,2026-07-09 00:00:00+00:00,1.1916595724436172,0.7694
SOLUSDT,2026-07-10 00:00:00+00:00,1.2097400850398004,0.7634
SOLUSDT,2026-07-11 00:00:00+00:00,1.2054984500945254,0.7648
SOLUSDT,2026-07-12 00:00:00+00:00,1.2028364345302107,0.7657
SOLUSDT,2026-07-13 00:00:00+00:00,1.174318418220534,0.7752
SOLUSDT,2026-07-14 00:00:00+00:00,1.2276267731645216,0.7575
SOLUSDT,2026-07-15 00:00:00+00:00,1.2245682153726964,0.7585
SOLUSDT,2026-07-16 00:00:00+00:00,1.2064208959075768,0.7645
SOLUSDT,2026-07-17 00:00:00+00:00,1.2091270996686685,0.7636
SOLUSDT,2026-07-18 00:00:00+00:00,1.225397192666522,0.7582
SOLUSDT,2026-07-19 00:00:00+00:00,1.2229930312358035,0.759
SOLUSDT,2026-07-20 00:00:00+00:00,1.2327473883123754,0.7558
SOLUSDT,2026-07-21 00:00:00+00:00,1.2553791423473124,0.7482
SOLUSDT,2026-07-22 00:00:00+00:00,1.2476042702123693,0.7508
SOLUSDT,2026-07-23 00:00:00+00:00,1.230958318826041,0.7563
SOLUSDT,2026-07-24 00:00:00+00:00,1.2125716215451372,0.7625
SOLUSDT,2026-07-25 00:00:00+00:00,1.2164163415587756,0.7612
SOLUSDT,2026-07-26 00:00:00+00:00,1.2352156606776297,0.7549
SOLUSDT,2026-07-27 00:00:00+00:00,1.2052013444237608,0.7649
SOLUSDT,2026-07-28 00:00:00+00:00,1.205490199335648,0.7648
SOLUSDT,2026-07-29 00:00:00+00:00,1.2088544364298526,0.7637
SOLUSDT,2026-07-30 00:00:00+00:00,1.2262799635545538,0.7579
SOLUSDT,2026-07-31 00:00:00+00:00,1.189970381191086,0.77
SOLUSDT,2026-08-01 00:00:00+00:00,1.1887286460199475,0.7704
SOLUSDT,2026-08-02 00:00:00+00:00,1.201895276659115,0.766
SOLUSDT,2026-08-03 00:00:00+00:00,1.2028012046866423,0.7657
SOLUSDT,2026-08-04 00:00:00+00:00,1.2162144313735614,0.7613
SOLUSDT,2026-08-05 00:00:00+00:00,1.2251059832401532,0.7583
SOLUSDT,2026-08-06 00:00:00+00:00,1.2175780136267051,0.7608
SOLUSDT,2026-08-07 00:00:00+00:00,1.2302038699452365,0.7566
SOLUSDT,2026-08-08 00:00:00+00:00,1.2308097221233911,0.7564
SOLUSDT,2026-08-09 00:00:00+00:00,1.2301135746614489,0.7566
SOLUSDT,2026-08-10 00:00:00+00:00,1.2122143561693552,0.7626
SOLUSDT,2026-08-11 00:00:00+00:00,1.2056671434624349,0.7648
SOLUSDT,2026-08-12 00:00:00+00:00,1.2025578842369824,0.7658
SOLUSDT,2026-08-13 00:00:00+00:00,1.2034349432766869,0.7655
SOLUSDT,2026-08-14 00:00:00+00:00,1.1947029600977743,0.7684
SOLUSDT,2026-08-15 00:00:00+00:00,1.1968106310165283,0.7677
SOLUSDT,2026-08-16 00:00:00+00:00,1.1930314938000863,0.769
SOLUSDT,2026-08-17 00:00:00+00:00,1.2236699946656513,0.7588
SOLUSDT,2026-08-18 00:00:00+00:00,1.2289337251062162,0.757
