symbol,date,regime,close,rsi14
BTCUSDT,2014-09-17,unknown,457.33,
BTCUSDT,2014-09-18,unknown,424.44,0.0
BTCUSDT,2014-09-19,unknown,394.8,0.0
BTCUSDT,2014-09-20,unknown,408.9,3.22
BTCUSDT,2014-09-21,unknown,398.82,3.14
BTCUSDT,2014-09-22,unknown,402.15,3.96
BTCUSDT,2014-09-23,unknown,435.79,12.11
BTCUSDT,2014-09-24,unknown,423.2,11.71
BTCUSDT,2014-09-25,unknown,411.57,11.33
BTCUSDT,2014-09-26,unknown,404.42,11.1
BTCUSDT,2014-09-27,unknown,399.52,10.93
BTCUSDT,2014-09-28,unknown,377.18,10.18
BTCUSDT,2014-09-29,unknown,375.47,10.13
BTCUSDT,2014-09-30,unknown,386.94,13.64
BTCUSDT,2014-10-01,unknown,383.61,13.47
BTCUSDT,2014-10-02,unknown,375.07,13.04
BTCUSDT,2014-10-03,unknown,359.51,12.26
BTCUSDT,2014-10-04,unknown,328.87,10.89
BTCUSDT,2014-10-05,unknown,320.51,10.54
BTCUSDT,2014-10-06,unknown,330.08,13.92
BTCUSDT,2014-10-07,unknown,336.19,16.1
BTCUSDT,2014-10-08,unknown,352.94,21.94
BTCUSDT,2014-10-09,unknown,365.03,25.94
BTCUSDT,2014-10-10,unknown,361.56,25.54
BTCUSDT,2014-10-11,unknown,362.3,25.81
BTCUSDT,2014-10-12,unknown,378.55,31.59
BTCUSDT,2014-10-13,unknown,390.41,35.53
BTCUSDT,2014-10-14,unknown,400.87,38.88
BTCUSDT,2014-10-15,unknown,394.77,37.65
BTCUSDT,2014-10-16,unknown,382.56,35.25
BTCUSDT,2014-10-17,unknown,383.76,35.69
BTCUSDT,2014-10-18,unknown,391.44,38.53
BTCUSDT,2014-10-19,unknown,389.55,38.08
BTCUSDT,2014-10-20,unknown,382.85,36.47
BTCUSDT,2014-10-21,unknown,386.48,38.0
BTCUSDT,2014-10-22,unknown,383.16,37.12
BTCUSDT,2014-10-23,unknown,358.42,31.3
BTCUSDT,2014-10-24,unknown,358.35,31.28
BTCUSDT,2014-10-25,unknown,347.27,28.93
BTCUSDT,2014-10-26,unknown,354.7,32.6
BTCUSDT,2014-10-27,unknown,352.99,32.18
BTCUSDT,2014-10-28,unknown,357.62,34.59
BTCUSDT,2014-10-29,unknown,335.59,29.27
BTCUSDT,2014-10-30,unknown,345.3,34.08
BTCUSDT,2014-10-31,unknown,338.32,32.38
BTCUSDT,2014-11-01,unknown,325.75,29.51
BTCUSDT,2014-11-02,unknown,325.89,29.59
BTCUSDT,2014-11-03,unknown,327.55,30.53
BTCUSDT,2014-11-04,unknown,330.49,32.25
BTCUSDT,2014-11-05,unknown,339.49,37.38
BTCUSDT,2014-11-06,unknown,349.29,42.49
BTCUSDT,2014-11-07,unknown,342.42,40.02
BTCUSDT,2014-11-08,unknown,345.49,41.65
BTCUSDT,2014-11-09,unknown,363.26,50.1
BTCUSDT,2014-11-10,unknown,366.92,51.65
BTCUSDT,2014-11-11,unknown,367.7,51.99
BTCUSDT,2014-11-12,unknown,423.56,68.96
BTCUSDT,2014-11-13,unknown,420.73,67.66
BTCUSDT,2014-11-14,unknown,397.82,58.07
BTCUSDT,2014-11-15,unknown,376.13,50.75
BTCUSDT,2014-11-16,unknown,387.88,54.13
BTCUSDT,2014-11-17,unknown,387.41,53.97
BTCUSDT,2014-11-18,unknown,375.2,49.86
BTCUSDT,2014-11-19,unknown,380.55,51.6
BTCUSDT,2014-11-20,unknown,357.84,44.54
BTCUSDT,2014-11-21,unknown,350.85,42.61
BTCUSDT,2014-11-22,unknown,352.92,43.39
BTCUSDT,2014-11-23,unknown,367.57,48.72
BTCUSDT,2014-11-24,unknown,376.9,51.83
BTCUSDT,2014-11-25,unknown,375.35,51.28
BTCUSDT,2014-11-26,unknown,368.37,48.74
BTCUSDT,2014-11-27,unknown,369.67,49.24
BTCUSDT,2014-11-28,unknown,376.45,51.9
BTCUSDT,2014-11-29,unknown,375.49,51.49
BTCUSDT,2014-11-30,unknown,378.05,52.57
BTCUSDT,2014-12-01,unknown,379.24,53.09
BTCUSDT,2014-12-02,unknown,381.32,54.04
BTCUSDT,2014-12-03,unknown,375.01,50.68
BTCUSDT,2014-12-04,unknown,369.6,47.93
BTCUSDT,2014-12-05,unknown,376.85,51.72
BTCUSDT,2014-12-06,unknown,374.79,50.59
BTCUSDT,2014-12-07,unknown,375.1,50.76
BTCUSDT,2014-12-08,unknown,361.91,43.72
BTCUSDT,2014-12-09,unknown,352.22,39.4
BTCUSDT,2014-12-10,unknown,346.36,37.02
BTCUSDT,2014-12-11,unknown,350.51,39.79
BTCUSDT,2014-12-12,unknown,352.54,41.16
BTCUSDT,2014-12-13,unknown,347.38,38.75
BTCUSDT,2014-12-14,unknown,351.63,41.78
BTCUSDT,2014-12-15,unknown,345.35,38.73
BTCUSDT,2014-12-16,unknown,327.06,31.54
BTCUSDT,2014-12-17,unknown,319.78,29.21
BTCUSDT,2014-12-18,unknown,311.4,26.76
BTCUSDT,2014-12-19,unknown,317.84,31.51
BTCUSDT,2014-12-20,unknown,329.96,39.47
BTCUSDT,2014-12-21,unknown,320.84,36.07
BTCUSDT,2014-12-22,unknown,331.89,42.52
BTCUSDT,2014-12-23,unknown,334.57,44.0
BTCUSDT,2014-12-24,unknown,322.53,39.14
BTCUSDT,2014-12-25,unknown,319.01,37.82
BTCUSDT,2014-12-26,unknown,327.92,43.05
BTCUSDT,2014-12-27,unknown,315.86,38.35
BTCUSDT,2014-12-28,unknown,317.24,39.17
BTCUSDT,2014-12-29,unknown,312.67,37.4
BTCUSDT,2014-12-30,unknown,310.74,36.64
BTCUSDT,2014-12-31,unknown,320.19,42.73
BTCUSDT,2015-01-01,unknown,314.25,40.12
BTCUSDT,2015-01-02,unknown,315.03,40.63
BTCUSDT,2015-01-03,unknown,281.08,29.01
BTCUSDT,2015-01-04,unknown,264.2,25.15
BTCUSDT,2015-01-05,unknown,274.47,31.15
BTCUSDT,2015-01-06,unknown,286.19,37.32
BTCUSDT,2015-01-07,unknown,294.34,41.26
BTCUSDT,2015-01-08,unknown,283.35,37.8
BTCUSDT,2015-01-09,unknown,290.41,41.21
BTCUSDT,2015-01-10,unknown,274.8,36.46
BTCUSDT,2015-01-11,unknown,265.66,33.99
BTCUSDT,2015-01-12,unknown,267.8,35.09
BTCUSDT,2015-01-13,unknown,225.86,25.91
BTCUSDT,2015-01-14,unknown,178.1,19.61
BTCUSDT,2015-01-15,unknown,209.84,31.52
BTCUSDT,2015-01-16,unknown,208.1,31.25
BTCUSDT,2015-01-17,unknown,199.26,29.83
BTCUSDT,2015-01-18,unknown,210.34,33.88
BTCUSDT,2015-01-19,unknown,214.86,35.51
BTCUSDT,2015-01-20,unknown,211.32,34.78
BTCUSDT,2015-01-21,unknown,226.9,40.53
BTCUSDT,2015-01-22,unknown,233.41,42.8
BTCUSDT,2015-01-23,unknown,232.88,42.66
BTCUSDT,2015-01-24,unknown,247.85,47.94
BTCUSDT,2015-01-25,unknown,253.72,49.89
BTCUSDT,2015-01-26,unknown,273.47,55.87
BTCUSDT,2015-01-27,unknown,263.48,52.46
BTCUSDT,2015-01-28,unknown,233.91,43.91
BTCUSDT,2015-01-29,unknown,233.51,43.81
BTCUSDT,2015-01-30,unknown,226.43,41.91
BTCUSDT,2015-01-31,unknown,217.46,39.58
BTCUSDT,2015-02-01,unknown,226.97,43.19
BTCUSDT,2015-02-02,unknown,238.23,47.21
BTCUSDT,2015-02-03,unknown,227.27,43.95
BTCUSDT,2015-02-04,unknown,226.85,43.83
BTCUSDT,2015-02-05,unknown,217.11,40.92
BTCUSDT,2015-02-06,unknown,222.27,43.07
BTCUSDT,2015-02-07,unknown,227.75,45.35
BTCUSDT,2015-02-08,unknown,223.41,43.86
BTCUSDT,2015-02-09,unknown,220.11,42.7
BTCUSDT,2015-02-10,unknown,219.84,42.6
BTCUSDT,2015-02-11,unknown,219.18,42.35
BTCUSDT,2015-02-12,unknown,221.76,43.78
BTCUSDT,2015-02-13,unknown,235.43,50.76
BTCUSDT,2015-02-14,unknown,257.32,59.44
BTCUSDT,2015-02-15,unknown,234.82,49.73
BTCUSDT,2015-02-16,unknown,233.84,49.36
BTCUSDT,2015-02-17,unknown,243.61,53.18
BTCUSDT,2015-02-18,unknown,236.33,50.14
BTCUSDT,2015-02-19,unknown,240.28,51.75
BTCUSDT,2015-02-20,unknown,243.78,53.19
BTCUSDT,2015-02-21,unknown,244.53,53.51
BTCUSDT,2015-02-22,unknown,235.98,49.36
BTCUSDT,2015-02-23,unknown,238.89,50.76
BTCUSDT,2015-02-24,unknown,238.74,50.68
BTCUSDT,2015-02-25,unknown,237.47,49.99
BTCUSDT,2015-02-26,unknown,236.43,49.38
BTCUSDT,2015-02-27,unknown,253.83,58.38
BTCUSDT,2015-02-28,unknown,254.26,58.58
BTCUSDT,2015-03-01,unknown,260.2,61.29
BTCUSDT,2015-03-02,unknown,275.67,67.3
BTCUSDT,2015-03-03,unknown,281.7,69.3
BTCUSDT,2015-03-04,unknown,273.09,63.34
BTCUSDT,2015-03-05,unknown,276.18,64.52
BTCUSDT,2015-03-06,unknown,272.72,62.12
BTCUSDT,2015-03-07,unknown,276.26,63.61
BTCUSDT,2015-03-08,unknown,274.35,62.19
BTCUSDT,2015-03-09,unknown,289.61,68.3
BTCUSDT,2015-03-10,unknown,291.76,69.06
BTCUSDT,2015-03-11,unknown,296.38,70.69
BTCUSDT,2015-03-12,unknown,294.35,68.98
BTCUSDT,2015-03-13,unknown,285.34,61.81
BTCUSDT,2015-03-14,unknown,281.89,59.26
BTCUSDT,2015-03-15,unknown,286.39,61.49
BTCUSDT,2015-03-16,unknown,290.59,63.49
BTCUSDT,2015-03-17,unknown,285.51,59.46
BTCUSDT,2015-03-18,unknown,256.3,42.7
BTCUSDT,2015-03-19,unknown,260.93,45.33
BTCUSDT,2015-03-20,unknown,261.75,45.8
BTCUSDT,2015-03-21,unknown,260.02,44.92
BTCUSDT,2015-03-22,unknown,267.96,49.72
BTCUSDT,2015-03-23,unknown,266.74,49.02
BTCUSDT,2015-03-24,unknown,245.6,38.72
BTCUSDT,2015-03-25,unknown,246.2,39.12
BTCUSDT,2015-03-26,unknown,248.53,40.7
BTCUSDT,2015-03-27,unknown,247.03,39.98
BTCUSDT,2015-03-28,unknown,252.8,44.08
BTCUSDT,2015-03-29,unknown,242.71,39.06
BTCUSDT,2015-03-30,unknown,247.53,42.43
BTCUSDT,2015-03-31,unknown,244.22,40.76
BTCUSDT,2015-04-01,unknown,247.27,42.99
BTCUSDT,2015-04-02,unknown,253.01,47.01
BTCUSDT,2015-04-03,unknown,254.32,47.93
BTCUSDT,2015-04-04,bear,253.7,47.51
BTCUSDT,2015-04-05,sideways,260.6,52.43
BTCUSDT,2015-04-06,bear,255.49,48.79
BTCUSDT,2015-04-07,bear,253.18,47.19
BTCUSDT,2015-04-08,bear,245.02,41.96
BTCUSDT,2015-04-09,bear,243.68,41.15
BTCUSDT,2015-04-10,bear,236.07,36.82
BTCUSDT,2015-04-11,bear,236.55,37.27
BTCUSDT,2015-04-12,bear,236.15,37.03
BTCUSDT,2015-04-13,bear,224.59,30.94
BTCUSDT,2015-04-14,bear,219.16,28.56
BTCUSDT,2015-04-15,bear,223.83,33.31
BTCUSDT,2015-04-16,bear,228.57,37.83
BTCUSDT,2015-04-17,bear,222.88,34.78
BTCUSDT,2015-04-18,bear,223.36,35.25
BTCUSDT,2015-04-19,bear,222.6,34.82
BTCUSDT,2015-04-20,bear,224.63,37.03
BTCUSDT,2015-04-21,bear,235.27,47.17
BTCUSDT,2015-04-22,bear,234.18,46.34
BTCUSDT,2015-04-23,sideways,236.46,48.37
BTCUSDT,2015-04-24,bear,231.27,44.27
BTCUSDT,2015-04-25,bear,226.39,40.77
BTCUSDT,2015-04-26,bear,219.43,36.35
BTCUSDT,2015-04-27,bear,229.29,45.38
BTCUSDT,2015-04-28,bear,225.85,43.09
BTCUSDT,2015-04-29,bear,225.81,43.05
BTCUSDT,2015-04-30,sideways,236.15,51.59
BTCUSDT,2015-05-01,bear,232.08,48.51
BTCUSDT,2015-05-02,bear,234.93,50.73
BTCUSDT,2015-05-03,bear,240.36,54.73
BTCUSDT,2015-05-04,bear,239.02,53.57
BTCUSDT,2015-05-05,bear,236.12,51.06
BTCUSDT,2015-05-06,bear,229.78,45.98
BTCUSDT,2015-05-07,bear,237.33,52.09
BTCUSDT,2015-05-08,sideways,243.86,56.66
BTCUSDT,2015-05-09,sideways,241.83,54.91
BTCUSDT,2015-05-10,sideways,240.3,53.56
BTCUSDT,2015-05-11,sideways,242.16,55.0
BTCUSDT,2015-05-12,sideways,241.11,53.99
BTCUSDT,2015-05-13,sideways,236.38,49.53
BTCUSDT,2015-05-14,sideways,236.93,50.05
BTCUSDT,2015-05-15,sideways,237.6,50.71
BTCUSDT,2015-05-16,sideways,236.15,49.19
BTCUSDT,2015-05-17,sideways,236.8,49.92
BTCUSDT,2015-05-18,sideways,233.13,45.93
BTCUSDT,2015-05-19,sideways,231.95,44.7
BTCUSDT,2015-05-20,sideways,234.02,47.37
BTCUSDT,2015-05-21,sideways,235.34,49.07
BTCUSDT,2015-05-22,sideways,240.35,54.97
BTCUSDT,2015-05-23,sideways,238.87,53.02
BTCUSDT,2015-05-24,sideways,240.95,55.42
BTCUSDT,2015-05-25,sideways,237.11,50.3
BTCUSDT,2015-05-26,sideways,237.12,50.31
BTCUSDT,2015-05-27,sideways,237.28,50.54
BTCUSDT,2015-05-28,sideways,237.41,50.72
BTCUSDT,2015-05-29,sideways,237.1,50.22
BTCUSDT,2015-05-30,sideways,233.35,44.52
BTCUSDT,2015-05-31,sideways,230.19,40.37
BTCUSDT,2015-06-01,bear,222.93,32.79
BTCUSDT,2015-06-02,bear,225.8,37.77
BTCUSDT,2015-06-03,bear,225.87,37.89
BTCUSDT,2015-06-04,sideways,224.32,36.22
BTCUSDT,2015-06-05,sideways,224.95,37.42
BTCUSDT,2015-06-06,sideways,225.62,38.75
BTCUSDT,2015-06-07,bear,222.88,35.43
BTCUSDT,2015-06-08,bear,228.49,45.69
BTCUSDT,2015-06-09,sideways,229.05,46.6
BTCUSDT,2015-06-10,bear,228.8,46.24
BTCUSDT,2015-06-11,sideways,229.71,47.86
BTCUSDT,2015-06-12,sideways,229.98,48.37
BTCUSDT,2015-06-13,sideways,232.4,52.77
BTCUSDT,2015-06-14,sideways,233.54,54.73
BTCUSDT,2015-06-15,sideways,236.82,59.87
BTCUSDT,2015-06-16,sideways,250.9,73.69
BTCUSDT,2015-06-17,sideways,249.28,70.69
BTCUSDT,2015-06-18,sideways,249.01,70.16
BTCUSDT,2015-06-19,sideways,244.61,62.19
BTCUSDT,2015-06-20,sideways,245.21,62.82
BTCUSDT,2015-06-21,sideways,243.94,60.56
BTCUSDT,2015-06-22,sideways,246.99,63.92
BTCUSDT,2015-06-23,sideways,244.3,59.12
BTCUSDT,2015-06-24,sideways,240.51,53.11
BTCUSDT,2015-06-25,sideways,242.8,56.02
BTCUSDT,2015-06-26,sideways,243.59,57.02
BTCUSDT,2015-06-27,sideways,250.99,65.0
BTCUSDT,2015-06-28,sideways,249.01,61.7
BTCUSDT,2015-06-29,bull,257.06,68.67
BTCUSDT,2015-06-30,bull,263.07,72.67
BTCUSDT,2015-07-01,bull,258.62,65.95
BTCUSDT,2015-07-02,bull,255.41,61.54
BTCUSDT,2015-07-03,bull,256.34,62.32
BTCUSDT,2015-07-04,bull,260.89,65.99
BTCUSDT,2015-07-05,bull,271.91,72.88
BTCUSDT,2015-07-06,bull,269.03,68.95
BTCUSDT,2015-07-07,bull,266.21,65.23
BTCUSDT,2015-07-08,bull,270.79,68.22
BTCUSDT,2015-07-09,bull,269.23,66.14
BTCUSDT,2015-07-10,bull,284.89,74.55
BTCUSDT,2015-07-11,bull,293.11,77.69
BTCUSDT,2015-07-12,bull,310.87,82.65
BTCUSDT,2015-07-13,bull,292.05,65.91
BTCUSDT,2015-07-14,bull,287.46,62.58
BTCUSDT,2015-07-15,bull,285.83,61.39
BTCUSDT,2015-07-16,bull,278.09,55.96
BTCUSDT,2015-07-17,bull,279.47,56.7
BTCUSDT,2015-07-18,bull,274.9,53.51
BTCUSDT,2015-07-19,bull,273.61,52.62
BTCUSDT,2015-07-20,bull,278.98,55.93
BTCUSDT,2015-07-21,bull,275.83,53.56
BTCUSDT,2015-07-22,bull,277.22,54.48
BTCUSDT,2015-07-23,bull,276.05,53.52
BTCUSDT,2015-07-24,bull,288.28,61.19
BTCUSDT,2015-07-25,bull,288.7,61.43
BTCUSDT,2015-07-26,bull,292.69,63.68
BTCUSDT,2015-07-27,bull,293.62,64.21
BTCUSDT,2015-07-28,bull,294.43,64.69
BTCUSDT,2015-07-29,bull,289.59,59.56
BTCUSDT,2015-07-30,bull,287.72,57.66
BTCUSDT,2015-07-31,bull,284.65,54.58
BTCUSDT,2015-08-01,bull,281.6,51.62
BTCUSDT,2015-08-02,bull,282.61,52.54
BTCUSDT,2015-08-03,bull,281.23,51.11
BTCUSDT,2015-08-04,sideways,285.22,54.92
BTCUSDT,2015-08-05,sideways,281.88,51.32
BTCUSDT,2015-08-06,sideways,278.58,47.97
BTCUSDT,2015-08-07,sideways,279.58,49.06
BTCUSDT,2015-08-08,sideways,261.0,34.63
BTCUSDT,2015-08-09,sideways,265.08,38.88
BTCUSDT,2015-08-10,sideways,264.47,38.48
BTCUSDT,2015-08-11,sideways,270.39,44.49
BTCUSDT,2015-08-12,sideways,266.38,41.53
BTCUSDT,2015-08-13,sideways,264.08,39.89
BTCUSDT,2015-08-14,sideways,265.68,41.62
BTCUSDT,2015-08-15,sideways,261.55,38.54
BTCUSDT,2015-08-16,sideways,258.51,36.4
BTCUSDT,2015-08-17,sideways,257.98,36.03
BTCUSDT,2015-08-18,bear,211.08,18.19
BTCUSDT,2015-08-19,bear,226.68,30.52
BTCUSDT,2015-08-20,bear,235.35,36.26
BTCUSDT,2015-08-21,bear,232.57,35.25
BTCUSDT,2015-08-22,bear,230.39,34.45
BTCUSDT,2015-08-23,bear,228.17,33.6
BTCUSDT,2015-08-24,bear,210.49,27.77
BTCUSDT,2015-08-25,bear,221.61,35.37
BTCUSDT,2015-08-26,bear,225.83,38.04
BTCUSDT,2015-08-27,bear,224.77,37.61
BTCUSDT,2015-08-28,bear,231.4,41.93
BTCUSDT,2015-08-29,bear,229.78,41.18
BTCUSDT,2015-08-30,bear,228.76,40.69
BTCUSDT,2015-08-31,bear,230.06,41.64
BTCUSDT,2015-09-01,bear,228.12,40.59
BTCUSDT,2015-09-02,bear,229.28,41.55
BTCUSDT,2015-09-03,bear,227.18,40.29
BTCUSDT,2015-09-04,bear,230.3,43.05
BTCUSDT,2015-09-05,bear,235.02,47.04
BTCUSDT,2015-09-06,bear,239.84,50.84
BTCUSDT,2015-09-07,bear,239.85,50.84
BTCUSDT,2015-09-08,bear,243.61,53.84
BTCUSDT,2015-09-09,bear,238.17,49.17
BTCUSDT,2015-09-10,bear,238.48,49.44
BTCUSDT,2015-09-11,bear,240.11,50.91
BTCUSDT,2015-09-12,bear,235.23,46.55
BTCUSDT,2015-09-13,bear,230.51,42.74
BTCUSDT,2015-09-14,bear,230.64,42.88
BTCUSDT,2015-09-15,bear,230.3,42.59
BTCUSDT,2015-09-16,bear,229.09,41.51
BTCUSDT,2015-09-17,sideways,229.81,42.44
BTCUSDT,2015-09-18,sideways,232.98,46.49
BTCUSDT,2015-09-19,sideways,231.49,44.9
BTCUSDT,2015-09-20,sideways,231.21,44.58
BTCUSDT,2015-09-21,sideways,227.09,40.17
BTCUSDT,2015-09-22,sideways,230.62,45.17
BTCUSDT,2015-09-23,sideways,230.28,44.79
BTCUSDT,2015-09-24,sideways,234.53,50.51
BTCUSDT,2015-09-25,sideways,235.14,51.3
BTCUSDT,2015-09-26,sideways,234.34,50.17
BTCUSDT,2015-09-27,sideways,232.76,47.95
BTCUSDT,2015-09-28,sideways,239.14,56.36
BTCUSDT,2015-09-29,sideways,236.69,52.82
BTCUSDT,2015-09-30,sideways,236.06,51.93
BTCUSDT,2015-10-01,sideways,237.55,53.93
BTCUSDT,2015-10-02,sideways,237.29,53.51
BTCUSDT,2015-10-03,sideways,238.73,55.56
BTCUSDT,2015-10-04,sideways,238.26,54.71
BTCUSDT,2015-10-05,sideways,240.38,57.85
BTCUSDT,2015-10-06,sideways,246.06,64.87
BTCUSDT,2015-10-07,sideways,242.97,59.1
BTCUSDT,2015-10-08,sideways,242.3,57.9
BTCUSDT,2015-10-09,sideways,243.93,60.03
BTCUSDT,2015-10-10,sideways,244.94,61.33
BTCUSDT,2015-10-11,sideways,247.05,63.98
BTCUSDT,2015-10-12,sideways,245.31,60.31
BTCUSDT,2015-10-13,bull,249.51,65.45
BTCUSDT,2015-10-14,bull,251.99,68.08
BTCUSDT,2015-10-15,bull,254.32,70.37
BTCUSDT,2015-10-16,bull,262.87,76.89
BTCUSDT,2015-10-17,bull,270.64,80.99
BTCUSDT,2015-10-18,bull,261.64,66.32
BTCUSDT,2015-10-19,bull,263.44,67.58
BTCUSDT,2015-10-20,bull,269.46,71.45
BTCUSDT,2015-10-21,bull,266.27,66.9
BTCUSDT,2015-10-22,bull,274.02,71.63
BTCUSDT,2015-10-23,bull,276.5,72.95
BTCUSDT,2015-10-24,bull,281.65,75.53
BTCUSDT,2015-10-25,bull,283.68,76.47
BTCUSDT,2015-10-26,bull,285.3,77.23
BTCUSDT,2015-10-27,bull,293.79,80.73
BTCUSDT,2015-10-28,bull,304.62,84.09
BTCUSDT,2015-10-29,bull,313.86,86.29
BTCUSDT,2015-10-30,bull,328.02,88.84
BTCUSDT,2015-10-31,bull,314.17,74.3
BTCUSDT,2015-11-01,bull,325.43,77.52
BTCUSDT,2015-11-02,bull,361.19,84.27
BTCUSDT,2015-11-03,bull,403.42,88.61
BTCUSDT,2015-11-04,bull,411.56,89.23
BTCUSDT,2015-11-05,bull,386.35,75.57
BTCUSDT,2015-11-06,bull,374.47,70.12
BTCUSDT,2015-11-07,bull,386.48,72.29
BTCUSDT,2015-11-08,bull,373.37,66.59
BTCUSDT,2015-11-09,bull,380.26,68.02
BTCUSDT,2015-11-10,bull,336.82,52.73
BTCUSDT,2015-11-11,bull,311.08,46.12
BTCUSDT,2015-11-12,bull,338.15,52.82
BTCUSDT,2015-11-13,bull,336.75,52.46
BTCUSDT,2015-11-14,bull,332.91,51.41
BTCUSDT,2015-11-15,bull,320.17,47.99
BTCUSDT,2015-11-16,bull,330.75,50.91
BTCUSDT,2015-11-17,bull,335.09,52.1
BTCUSDT,2015-11-18,bull,334.59,51.94
BTCUSDT,2015-11-19,bull,326.15,49.26
BTCUSDT,2015-11-20,bull,322.02,47.96
BTCUSDT,2015-11-21,bull,326.93,49.66
BTCUSDT,2015-11-22,bull,324.54,48.83
BTCUSDT,2015-11-23,bull,323.05,48.28
BTCUSDT,2015-11-24,bull,320.05,47.13
BTCUSDT,2015-11-25,bull,328.21,50.57
BTCUSDT,2015-11-26,bull,352.68,59.14
BTCUSDT,2015-11-27,bull,358.04,60.75
BTCUSDT,2015-11-28,bull,357.38,60.43
BTCUSDT,2015-11-29,bull,371.29,64.6
BTCUSDT,2015-11-30,bull,377.32,66.26
BTCUSDT,2015-12-01,bull,362.49,58.94
BTCUSDT,2015-12-02,sideways,359.19,57.42
BTCUSDT,2015-12-03,sideways,361.05,58.08
BTCUSDT,2015-12-04,sideways,363.18,58.86
BTCUSDT,2015-12-05,sideways,388.95,66.9
BTCUSDT,2015-12-06,sideways,388.78,66.81
BTCUSDT,2015-12-07,sideways,395.54,68.67
BTCUSDT,2015-12-08,bull,415.56,73.42
BTCUSDT,2015-12-09,bull,417.56,73.85
BTCUSDT,2015-12-10,bull,415.48,72.54
BTCUSDT,2015-12-11,bull,451.94,79.41
BTCUSDT,2015-12-12,bull,435.0,70.58
BTCUSDT,2015-12-13,bull,433.76,69.96
BTCUSDT,2015-12-14,bull,444.18,72.15
BTCUSDT,2015-12-15,bull,465.32,75.98
BTCUSDT,2015-12-16,bull,454.93,70.83
BTCUSDT,2015-12-17,bull,456.08,71.06
BTCUSDT,2015-12-18,bull,463.62,72.61
BTCUSDT,2015-12-19,bull,462.32,71.9
BTCUSDT,2015-12-20,bull,442.68,61.97
BTCUSDT,2015-12-21,bull,438.64,60.13
BTCUSDT,2015-12-22,bull,436.57,59.16
BTCUSDT,2015-12-23,bull,442.4,61.06
BTCUSDT,2015-12-24,bull,454.98,64.87
BTCUSDT,2015-12-25,bull,455.65,65.07
BTCUSDT,2015-12-26,bull,417.27,48.42
BTCUSDT,2015-12-27,bull,422.82,50.39
BTCUSDT,2015-12-28,bull,422.28,50.19
BTCUSDT,2015-12-29,bull,432.98,54.11
BTCUSDT,2015-12-30,bull,426.62,51.52
BTCUSDT,2015-12-31,bull,430.57,53.02
BTCUSDT,2016-01-01,bull,434.33,54.47
BTCUSDT,2016-01-02,bull,433.44,54.04
BTCUSDT,2016-01-03,bull,430.01,52.35
BTCUSDT,2016-01-04,bull,433.09,53.75
BTCUSDT,2016-01-05,bull,431.96,53.13
BTCUSDT,2016-01-06,bull,429.11,51.52
BTCUSDT,2016-01-07,bull,458.05,63.58
BTCUSDT,2016-01-08,bull,453.23,60.87
BTCUSDT,2016-01-09,bull,447.61,57.77
BTCUSDT,2016-01-10,sideways,447.99,57.93
BTCUSDT,2016-01-11,sideways,448.43,58.12
BTCUSDT,2016-01-12,sideways,435.69,50.85
BTCUSDT,2016-01-13,sideways,432.37,49.13
BTCUSDT,2016-01-14,sideways,430.31,48.04
BTCUSDT,2016-01-15,sideways,364.33,27.23
BTCUSDT,2016-01-16,sideways,387.54,37.49
BTCUSDT,2016-01-17,sideways,382.3,36.24
BTCUSDT,2016-01-18,sideways,387.17,38.29
BTCUSDT,2016-01-19,sideways,380.15,36.47
BTCUSDT,2016-01-20,sideways,420.23,50.83
BTCUSDT,2016-01-21,sideways,410.26,47.93
BTCUSDT,2016-01-22,sideways,382.49,40.92
BTCUSDT,2016-01-23,sideways,387.49,42.55
BTCUSDT,2016-01-24,sideways,402.97,47.38
BTCUSDT,2016-01-25,sideways,391.73,44.46
BTCUSDT,2016-01-26,sideways,392.15,44.6
BTCUSDT,2016-01-27,sideways,394.97,45.57
BTCUSDT,2016-01-28,sideways,380.29,41.48
BTCUSDT,2016-01-29,sideways,379.47,41.26
BTCUSDT,2016-01-30,sideways,378.26,40.9
BTCUSDT,2016-01-31,sideways,368.77,38.17
BTCUSDT,2016-02-01,sideways,373.06,40.12
BTCUSDT,2016-02-02,sideways,374.45,40.77
BTCUSDT,2016-02-03,sideways,369.95,39.28
BTCUSDT,2016-02-04,sideways,389.59,48.17
BTCUSDT,2016-02-05,sideways,386.55,47.03
BTCUSDT,2016-02-06,sideways,376.52,43.36
BTCUSDT,2016-02-07,sideways,376.62,43.4
BTCUSDT,2016-02-08,sideways,373.45,42.2
BTCUSDT,2016-02-09,sideways,376.03,43.57
BTCUSDT,2016-02-10,sideways,381.65,46.55
BTCUSDT,2016-02-11,sideways,379.65,45.63
BTCUSDT,2016-02-12,sideways,384.26,48.18
BTCUSDT,2016-02-13,sideways,391.86,52.17
BTCUSDT,2016-02-14,bull,407.23,59.03
BTCUSDT,2016-02-15,sideways,400.18,55.13
BTCUSDT,2016-02-16,bull,407.49,58.21
BTCUSDT,2016-02-17,bull,416.32,61.65
BTCUSDT,2016-02-18,bull,422.37,63.84
BTCUSDT,2016-02-19,sideways,420.79,62.83
BTCUSDT,2016-02-20,bull,437.16,68.41
BTCUSDT,2016-02-21,bull,438.8,68.91
BTCUSDT,2016-02-22,bull,437.75,68.16
BTCUSDT,2016-02-23,sideways,420.74,57.3
BTCUSDT,2016-02-24,bull,424.95,59.04
BTCUSDT,2016-02-25,bull,424.54,58.79
BTCUSDT,2016-02-26,bull,432.15,62.02
BTCUSDT,2016-02-27,bull,432.52,62.17
BTCUSDT,2016-02-28,bull,433.5,62.61
BTCUSDT,2016-02-29,bull,437.7,64.5
BTCUSDT,2016-03-01,bull,435.12,62.42
BTCUSDT,2016-03-02,bull,423.99,54.26
BTCUSDT,2016-03-03,bull,421.65,52.7
BTCUSDT,2016-03-04,bull,410.94,46.17
BTCUSDT,2016-03-05,sideways,400.57,40.88
BTCUSDT,2016-03-06,bull,407.71,45.51
BTCUSDT,2016-03-07,bull,414.32,49.45
BTCUSDT,2016-03-08,bull,413.97,49.25
BTCUSDT,2016-03-09,bull,414.86,49.81
BTCUSDT,2016-03-10,bull,417.13,51.3
BTCUSDT,2016-03-11,bull,421.69,54.24
BTCUSDT,2016-03-12,bull,411.62,47.44
BTCUSDT,2016-03-13,bull,414.07,49.1
BTCUSDT,2016-03-14,bull,416.44,50.74
BTCUSDT,2016-03-15,sideways,416.83,51.02
BTCUSDT,2016-03-16,sideways,417.01,51.16
BTCUSDT,2016-03-17,sideways,420.62,53.95
BTCUSDT,2016-03-18,sideways,409.55,45.39
BTCUSDT,2016-03-19,sideways,410.44,46.13
BTCUSDT,2016-03-20,sideways,413.76,48.91
BTCUSDT,2016-03-21,sideways,413.31,48.54
BTCUSDT,2016-03-22,sideways,418.09,52.6
BTCUSDT,2016-03-23,sideways,418.04,52.55
BTCUSDT,2016-03-24,sideways,416.39,50.95
BTCUSDT,2016-03-25,sideways,417.18,51.7
BTCUSDT,2016-03-26,sideways,417.95,52.48
BTCUSDT,2016-03-27,sideways,426.77,60.32
BTCUSDT,2016-03-28,sideways,424.23,57.39
BTCUSDT,2016-03-29,sideways,416.52,49.5
BTCUSDT,2016-03-30,sideways,414.82,47.94
BTCUSDT,2016-03-31,sideways,416.73,49.86
BTCUSDT,2016-04-01,sideways,417.96,51.11
BTCUSDT,2016-04-02,sideways,420.87,54.03
BTCUSDT,2016-04-03,sideways,420.9,54.06
BTCUSDT,2016-04-04,bull,421.44,54.64
BTCUSDT,2016-04-05,sideways,424.03,57.42
BTCUSDT,2016-04-06,sideways,423.41,56.53
BTCUSDT,2016-04-07,sideways,422.74,55.52
BTCUSDT,2016-04-08,sideways,420.35,51.96
BTCUSDT,2016-04-09,sideways,419.41,50.59
BTCUSDT,2016-04-10,sideways,421.56,53.61
BTCUSDT,2016-04-11,sideways,422.48,54.88
BTCUSDT,2016-04-12,sideways,425.19,58.48
BTCUSDT,2016-04-13,sideways,423.73,55.9
BTCUSDT,2016-04-14,sideways,424.28,56.67
BTCUSDT,2016-04-15,sideways,429.71,63.52
BTCUSDT,2016-04-16,sideways,430.57,64.48
BTCUSDT,2016-04-17,sideways,427.4,58.39
BTCUSDT,2016-04-18,sideways,428.59,59.92
BTCUSDT,2016-04-19,bull,435.51,67.42
BTCUSDT,2016-04-20,bull,441.39,72.18
BTCUSDT,2016-04-21,bull,449.42,77.1
BTCUSDT,2016-04-22,bull,445.74,70.9
BTCUSDT,2016-04-23,bull,450.28,73.71
BTCUSDT,2016-04-24,bull,458.55,77.89
BTCUSDT,2016-04-25,bull,461.43,79.13
BTCUSDT,2016-04-26,bull,466.09,80.99
BTCUSDT,2016-04-27,sideways,444.69,56.18
BTCUSDT,2016-04-28,bull,449.01,58.92
BTCUSDT,2016-04-29,bull,455.1,62.47
BTCUSDT,2016-04-30,bull,448.32,56.6
BTCUSDT,2016-05-01,bull,451.88,58.79
BTCUSDT,2016-05-02,bull,444.67,52.96
BTCUSDT,2016-05-03,bull,450.3,56.58
BTCUSDT,2016-05-04,bull,446.72,53.75
BTCUSDT,2016-05-05,bull,447.98,54.61
BTCUSDT,2016-05-06,bull,459.6,61.7
BTCUSDT,2016-05-07,bull,458.54,60.76
BTCUSDT,2016-05-08,bull,458.55,60.77
BTCUSDT,2016-05-09,bull,460.48,61.98
BTCUSDT,2016-05-10,bull,450.89,53.19
BTCUSDT,2016-05-11,bull,452.73,54.52
BTCUSDT,2016-05-12,bull,454.77,56.01
BTCUSDT,2016-05-13,bull,455.67,56.69
BTCUSDT,2016-05-14,bull,455.67,56.69
BTCUSDT,2016-05-15,bull,457.57,58.26
BTCUSDT,2016-05-16,bull,454.16,54.45
BTCUSDT,2016-05-17,bull,453.78,54.02
BTCUSDT,2016-05-18,bull,454.62,54.86
BTCUSDT,2016-05-19,sideways,438.71,39.98
BTCUSDT,2016-05-20,sideways,442.68,44.05
BTCUSDT,2016-05-21,sideways,443.19,44.57
BTCUSDT,2016-05-22,sideways,439.32,41.42
BTCUSDT,2016-05-23,sideways,444.15,46.51
BTCUSDT,2016-05-24,sideways,445.98,48.34
BTCUSDT,2016-05-25,sideways,449.6,51.85
BTCUSDT,2016-05-26,sideways,453.38,55.27
BTCUSDT,2016-05-27,bull,473.46,68.19
BTCUSDT,2016-05-28,bull,530.04,83.04
BTCUSDT,2016-05-29,bull,526.23,80.33
BTCUSDT,2016-05-30,bull,533.86,81.62
BTCUSDT,2016-05-31,bull,531.39,79.78
BTCUSDT,2016-06-01,bull,536.92,80.82
BTCUSDT,2016-06-02,bull,537.97,81.02
BTCUSDT,2016-06-03,bull,569.19,85.77
BTCUSDT,2016-06-04,bull,572.73,86.19
BTCUSDT,2016-06-05,bull,574.98,86.46
BTCUSDT,2016-06-06,bull,585.54,87.7
BTCUSDT,2016-06-07,bull,576.6,80.96
BTCUSDT,2016-06-08,bull,581.65,81.81
BTCUSDT,2016-06-09,bull,574.63,76.69
BTCUSDT,2016-06-10,bull,577.47,77.31
BTCUSDT,2016-06-11,bull,606.73,82.47
BTCUSDT,2016-06-12,bull,672.78,88.72
BTCUSDT,2016-06-13,bull,704.38,90.47
BTCUSDT,2016-06-14,bull,685.56,82.28
BTCUSDT,2016-06-15,bull,694.47,83.07
BTCUSDT,2016-06-16,bull,766.31,87.75
BTCUSDT,2016-06-17,bull,748.91,81.84
BTCUSDT,2016-06-18,bull,756.23,82.38
BTCUSDT,2016-06-19,bull,763.78,82.94
BTCUSDT,2016-06-20,bull,737.23,74.01
BTCUSDT,2016-06-21,bull,666.65,56.58
BTCUSDT,2016-06-22,bull,596.12,45.14
BTCUSDT,2016-06-23,bull,623.98,49.49
BTCUSDT,2016-06-24,bull,665.3,55.16
BTCUSDT,2016-06-25,bull,665.12,55.13
BTCUSDT,2016-06-26,bull,629.37,49.55
BTCUSDT,2016-06-27,bull,655.28,53.24
BTCUSDT,2016-06-28,bull,647.0,51.94
BTCUSDT,2016-06-29,bull,639.89,50.78
BTCUSDT,2016-06-30,bull,673.34,55.76
BTCUSDT,2016-07-01,bull,676.3,56.18
BTCUSDT,2016-07-02,bull,703.7,59.99
BTCUSDT,2016-07-03,bull,658.66,51.99
BTCUSDT,2016-07-04,bull,683.66,55.54
BTCUSDT,2016-07-05,bull,670.63,53.33
BTCUSDT,2016-07-06,bull,677.33,54.33
BTCUSDT,2016-07-07,bull,640.56,48.19
BTCUSDT,2016-07-08,bull,666.52,52.29
BTCUSDT,2016-07-09,bull,650.96,49.75
BTCUSDT,2016-07-10,bull,649.36,49.48
BTCUSDT,2016-07-11,bull,647.66,49.18
BTCUSDT,2016-07-12,sideways,664.55,52.29
BTCUSDT,2016-07-13,sideways,654.47,50.31
BTCUSDT,2016-07-14,sideways,658.08,51.03
BTCUSDT,2016-07-15,sideways,663.26,52.09
BTCUSDT,2016-07-16,sideways,660.77,51.51
BTCUSDT,2016-07-17,sideways,679.46,55.51
BTCUSDT,2016-07-18,sideways,673.11,53.89
BTCUSDT,2016-07-19,sideways,672.86,53.82
BTCUSDT,2016-07-20,sideways,665.68,51.83
BTCUSDT,2016-07-21,sideways,665.01,51.64
BTCUSDT,2016-07-22,sideways,650.62,47.57
BTCUSDT,2016-07-23,sideways,655.56,49.05
BTCUSDT,2016-07-24,sideways,661.28,50.79
BTCUSDT,2016-07-25,sideways,654.1,48.55
BTCUSDT,2016-07-26,sideways,651.78,47.82
BTCUSDT,2016-07-27,sideways,654.35,48.74
BTCUSDT,2016-07-28,sideways,655.03,49.0
BTCUSDT,2016-07-29,sideways,656.99,49.78
BTCUSDT,2016-07-30,sideways,655.05,48.98
BTCUSDT,2016-07-31,sideways,624.68,38.53
BTCUSDT,2016-08-01,sideways,606.27,33.82
BTCUSDT,2016-08-02,sideways,547.47,23.81
BTCUSDT,2016-08-03,sideways,566.35,30.88
BTCUSDT,2016-08-04,sideways,578.29,34.99
BTCUSDT,2016-08-05,sideways,575.04,34.39
BTCUSDT,2016-08-06,sideways,587.78,38.82
BTCUSDT,2016-08-07,sideways,592.69,40.49
BTCUSDT,2016-08-08,sideways,591.05,40.09
BTCUSDT,2016-08-09,sideways,587.8,39.28
BTCUSDT,2016-08-10,sideways,592.1,40.99
BTCUSDT,2016-08-11,sideways,589.12,40.14
BTCUSDT,2016-08-12,sideways,587.56,39.68
BTCUSDT,2016-08-13,sideways,585.59,39.08
BTCUSDT,2016-08-14,sideways,570.47,34.68
BTCUSDT,2016-08-15,sideways,567.24,33.81
BTCUSDT,2016-08-16,sideways,577.44,39.04
BTCUSDT,2016-08-17,sideways,573.22,37.71
BTCUSDT,2016-08-18,sideways,574.32,38.3
BTCUSDT,2016-08-19,sideways,575.63,39.04
BTCUSDT,2016-08-20,sideways,581.7,42.47
BTCUSDT,2016-08-21,sideways,581.31,42.31
BTCUSDT,2016-08-22,sideways,586.75,45.49
BTCUSDT,2016-08-23,sideways,583.41,43.89
BTCUSDT,2016-08-24,sideways,580.18,42.34
BTCUSDT,2016-08-25,sideways,577.76,41.17
BTCUSDT,2016-08-26,sideways,579.65,42.51
BTCUSDT,2016-08-27,sideways,569.95,37.75
BTCUSDT,2016-08-28,sideways,573.91,40.67
BTCUSDT,2016-08-29,sideways,574.11,40.82
BTCUSDT,2016-08-30,sideways,577.5,43.45
BTCUSDT,2016-08-31,sideways,575.47,42.24
BTCUSDT,2016-09-01,sideways,572.3,40.35
BTCUSDT,2016-09-02,sideways,575.54,43.14
BTCUSDT,2016-09-03,sideways,598.21,57.99
BTCUSDT,2016-09-04,bull,608.63,62.8
BTCUSDT,2016-09-05,sideways,606.59,61.32
BTCUSDT,2016-09-06,sideways,610.44,63.08
BTCUSDT,2016-09-07,sideways,614.54,64.92
BTCUSDT,2016-09-08,bull,626.32,69.6
BTCUSDT,2016-09-09,bull,622.86,66.79
BTCUSDT,2016-09-10,bull,623.51,67.06
BTCUSDT,2016-09-11,sideways,606.72,54.69
BTCUSDT,2016-09-12,sideways,608.24,55.49
BTCUSDT,2016-09-13,bull,609.24,56.04
BTCUSDT,2016-09-14,bull,610.68,56.87
BTCUSDT,2016-09-15,bull,607.16,54.18
BTCUSDT,2016-09-16,bull,606.97,54.04
BTCUSDT,2016-09-17,bull,605.98,53.22
BTCUSDT,2016-09-18,bull,609.87,56.03
BTCUSDT,2016-09-19,sideways,609.23,55.43
BTCUSDT,2016-09-20,sideways,608.31,54.55
BTCUSDT,2016-09-21,sideways,597.15,45.09
BTCUSDT,2016-09-22,sideways,596.3,44.46
BTCUSDT,2016-09-23,sideways,602.84,50.24
BTCUSDT,2016-09-24,sideways,602.62,50.06
BTCUSDT,2016-09-25,sideways,600.83,48.45
BTCUSDT,2016-09-26,bull,608.04,54.72
BTCUSDT,2016-09-27,bull,606.17,52.92
BTCUSDT,2016-09-28,bull,604.73,51.52
BTCUSDT,2016-09-29,sideways,605.69,52.43
BTCUSDT,2016-09-30,bull,609.73,56.14
BTCUSDT,2016-10-01,bull,613.98,59.69
BTCUSDT,2016-10-02,bull,610.89,56.13
BTCUSDT,2016-10-03,sideways,612.13,57.23
BTCUSDT,2016-10-04,sideways,610.2,54.92
BTCUSDT,2016-10-05,sideways,612.51,57.15
BTCUSDT,2016-10-06,sideways,613.02,57.65
BTCUSDT,2016-10-07,sideways,617.12,61.53
BTCUSDT,2016-10-08,sideways,619.11,63.28
BTCUSDT,2016-10-09,sideways,616.75,59.8
BTCUSDT,2016-10-10,sideways,618.99,61.95
BTCUSDT,2016-10-11,bull,641.07,75.71
BTCUSDT,2016-10-12,sideways,636.19,69.71
BTCUSDT,2016-10-13,sideways,636.79,70.02
BTCUSDT,2016-10-14,sideways,640.38,71.9
BTCUSDT,2016-10-15,bull,638.65,69.63
BTCUSDT,2016-10-16,bull,641.63,71.31
BTCUSDT,2016-10-17,bull,639.19,68.0
BTCUSDT,2016-10-18,sideways,637.96,66.33
BTCUSDT,2016-10-19,sideways,630.52,57.17
BTCUSDT,2016-10-20,sideways,630.86,57.45
BTCUSDT,2016-10-21,bull,632.83,59.17
BTCUSDT,2016-10-22,bull,657.29,73.5
BTCUSDT,2016-10-23,bull,657.07,73.25
BTCUSDT,2016-10-24,bull,653.76,69.44
BTCUSDT,2016-10-25,bull,657.59,71.3
BTCUSDT,2016-10-26,bull,678.3,78.81
BTCUSDT,2016-10-27,bull,688.31,81.35
BTCUSDT,2016-10-28,bull,689.65,81.67
BTCUSDT,2016-10-29,bull,714.48,86.31
BTCUSDT,2016-10-30,bull,701.86,75.81
BTCUSDT,2016-10-31,bull,700.97,75.11
BTCUSDT,2016-11-01,bull,729.79,81.14
BTCUSDT,2016-11-02,bull,740.83,82.85
BTCUSDT,2016-11-03,bull,688.7,56.68
BTCUSDT,2016-11-04,bull,703.23,60.43
BTCUSDT,2016-11-05,bull,703.42,60.48
BTCUSDT,2016-11-06,bull,711.52,62.57
BTCUSDT,2016-11-07,bull,703.13,59.08
BTCUSDT,2016-11-08,bull,709.85,60.96
BTCUSDT,2016-11-09,bull,723.27,64.47
BTCUSDT,2016-11-10,bull,715.53,61.06
BTCUSDT,2016-11-11,bull,716.41,61.31
BTCUSDT,2016-11-12,bull,705.05,56.28
BTCUSDT,2016-11-13,bull,702.03,54.99
BTCUSDT,2016-11-14,bull,705.02,56.06
BTCUSDT,2016-11-15,bull,711.62,58.42
BTCUSDT,2016-11-16,bull,744.2,67.66
BTCUSDT,2016-11-17,bull,740.98,66.1
BTCUSDT,2016-11-18,bull,751.59,68.67
BTCUSDT,2016-11-19,bull,751.62,68.67
BTCUSDT,2016-11-20,bull,731.03,58.67
BTCUSDT,2016-11-21,bull,739.25,61.11
BTCUSDT,2016-11-22,bull,751.35,64.43
BTCUSDT,2016-11-23,bull,744.59,61.28
BTCUSDT,2016-11-24,bull,740.29,59.29
BTCUSDT,2016-11-25,bull,741.65,59.74
BTCUSDT,2016-11-26,bull,735.38,56.67
BTCUSDT,2016-11-27,bull,732.03,55.04
BTCUSDT,2016-11-28,sideways,735.81,56.56
BTCUSDT,2016-11-29,sideways,735.6,56.44
BTCUSDT,2016-11-30,bull,745.69,60.55
BTCUSDT,2016-12-01,sideways,756.77,64.52
BTCUSDT,2016-12-02,bull,777.94,70.59
BTCUSDT,2016-12-03,bull,771.16,66.65
BTCUSDT,2016-12-04,bull,773.87,67.44
BTCUSDT,2016-12-05,bull,758.7,59.08
BTCUSDT,2016-12-06,bull,764.22,60.98
BTCUSDT,2016-12-07,bull,768.13,62.31
BTCUSDT,2016-12-08,bull,770.81,63.23
BTCUSDT,2016-12-09,bull,772.79,63.94
BTCUSDT,2016-12-10,bull,774.65,64.62
BTCUSDT,2016-12-11,bull,769.73,61.3
BTCUSDT,2016-12-12,bull,780.09,65.34
BTCUSDT,2016-12-13,bull,780.56,65.52
BTCUSDT,2016-12-14,bull,781.48,65.88
BTCUSDT,2016-12-15,bull,778.09,63.23
BTCUSDT,2016-12-16,bull,784.91,66.18
BTCUSDT,2016-12-17,bull,790.83,68.54
BTCUSDT,2016-12-18,bull,790.53,68.28
BTCUSDT,2016-12-19,bull,792.71,69.2
BTCUSDT,2016-12-20,bull,800.88,72.41
BTCUSDT,2016-12-21,bull,834.28,81.09
BTCUSDT,2016-12-22,bull,864.54,85.53
BTCUSDT,2016-12-23,bull,921.98,90.23
BTCUSDT,2016-12-24,bull,898.82,79.08
BTCUSDT,2016-12-25,bull,896.18,77.9
BTCUSDT,2016-12-26,bull,907.61,79.34
BTCUSDT,2016-12-27,bull,933.2,82.14
BTCUSDT,2016-12-28,bull,975.92,85.64
BTCUSDT,2016-12-29,bull,973.5,84.63
BTCUSDT,2016-12-30,bull,961.24,79.5
BTCUSDT,2016-12-31,bull,963.74,79.77
BTCUSDT,2017-01-01,bull,998.33,83.08
BTCUSDT,2017-01-02,bull,1021.75,84.89
BTCUSDT,2017-01-03,bull,1043.84,86.36
BTCUSDT,2017-01-04,bull,1154.73,91.08
BTCUSDT,2017-01-05,bull,1013.38,61.77
BTCUSDT,2017-01-06,bull,902.2,48.54
BTCUSDT,2017-01-07,bull,908.59,49.21
BTCUSDT,2017-01-08,bull,911.2,49.51
BTCUSDT,2017-01-09,bull,902.83,48.55
BTCUSDT,2017-01-10,bull,907.68,49.16
BTCUSDT,2017-01-11,sideways,777.76,36.56
BTCUSDT,2017-01-12,sideways,804.83,40.01
BTCUSDT,2017-01-13,sideways,823.98,42.4
BTCUSDT,2017-01-14,sideways,818.41,41.88
BTCUSDT,2017-01-15,sideways,821.8,42.34
BTCUSDT,2017-01-16,sideways,831.53,43.73
BTCUSDT,2017-01-17,bull,907.94,53.27
BTCUSDT,2017-01-18,bull,886.62,50.69
BTCUSDT,2017-01-19,bull,899.07,52.15
BTCUSDT,2017-01-20,bull,895.03,51.61
BTCUSDT,2017-01-21,bull,921.79,54.91
BTCUSDT,2017-01-22,sideways,924.67,55.26
BTCUSDT,2017-01-23,sideways,921.01,54.67
BTCUSDT,2017-01-24,sideways,892.69,50.24
BTCUSDT,2017-01-25,sideways,901.54,51.56
BTCUSDT,2017-01-26,sideways,917.59,53.95
BTCUSDT,2017-01-27,sideways,919.75,54.28
BTCUSDT,2017-01-28,sideways,921.59,54.57
BTCUSDT,2017-01-29,sideways,919.5,54.14
BTCUSDT,2017-01-30,sideways,920.38,54.31
BTCUSDT,2017-01-31,sideways,970.4,62.46
BTCUSDT,2017-02-01,sideways,989.02,64.97
BTCUSDT,2017-02-02,sideways,1011.8,67.8
BTCUSDT,2017-02-03,sideways,1029.91,69.88
BTCUSDT,2017-02-04,sideways,1042.9,71.32
BTCUSDT,2017-02-05,bull,1027.34,67.19
BTCUSDT,2017-02-06,bull,1038.15,68.55
BTCUSDT,2017-02-07,bull,1061.35,71.3
BTCUSDT,2017-02-08,bull,1063.07,71.5
BTCUSDT,2017-02-09,bull,994.38,55.07
BTCUSDT,2017-02-10,bull,988.67,53.96
BTCUSDT,2017-02-11,bull,1004.45,56.56
BTCUSDT,2017-02-12,bull,999.18,55.44
BTCUSDT,2017-02-13,bull,990.64,53.57
BTCUSDT,2017-02-14,bull,1004.55,56.16
BTCUSDT,2017-02-15,bull,1007.48,56.7
BTCUSDT,2017-02-16,bull,1027.44,60.34
BTCUSDT,2017-02-17,bull,1046.21,63.44
BTCUSDT,2017-02-18,bull,1054.42,64.75
BTCUSDT,2017-02-19,bull,1047.87,62.82
BTCUSDT,2017-02-20,bull,1079.98,67.86
BTCUSDT,2017-02-21,bull,1115.3,72.3
BTCUSDT,2017-02-22,bull,1117.44,72.55
BTCUSDT,2017-02-23,bull,1166.72,77.53
BTCUSDT,2017-02-24,bull,1173.68,78.13
BTCUSDT,2017-02-25,bull,1143.84,69.51
BTCUSDT,2017-02-26,bull,1165.2,71.9
BTCUSDT,2017-02-27,bull,1179.97,73.45
BTCUSDT,2017-02-28,bull,1179.97,73.45
BTCUSDT,2017-03-01,bull,1222.5,77.58
BTCUSDT,2017-03-02,bull,1251.01,79.84
BTCUSDT,2017-03-03,bull,1274.99,81.53
BTCUSDT,2017-03-04,bull,1255.15,75.87
BTCUSDT,2017-03-05,bull,1267.12,76.91
BTCUSDT,2017-03-06,bull,1272.83,77.41
BTCUSDT,2017-03-07,bull,1223.54,64.42
BTCUSDT,2017-03-08,bull,1150.0,50.73
BTCUSDT,2017-03-09,bull,1188.49,56.0
BTCUSDT,2017-03-10,bull,1116.72,46.1
BTCUSDT,2017-03-11,bull,1175.83,53.41
BTCUSDT,2017-03-12,bull,1221.38,58.12
BTCUSDT,2017-03-13,bull,1231.92,59.15
BTCUSDT,2017-03-14,bull,1240.0,59.96
BTCUSDT,2017-03-15,bull,1249.61,60.95
BTCUSDT,2017-03-16,bull,1187.81,52.01
BTCUSDT,2017-03-17,sideways,1100.23,42.49
BTCUSDT,2017-03-18,sideways,973.82,33.08
BTCUSDT,2017-03-19,sideways,1036.74,40.18
BTCUSDT,2017-03-20,sideways,1054.23,42.02
BTCUSDT,2017-03-21,bull,1120.54,48.5
BTCUSDT,2017-03-22,sideways,1049.14,42.94
BTCUSDT,2017-03-23,sideways,1038.59,42.17
BTCUSDT,2017-03-24,sideways,937.52,35.59
BTCUSDT,2017-03-25,sideways,972.78,39.16
BTCUSDT,2017-03-26,sideways,966.72,38.76
BTCUSDT,2017-03-27,sideways,1045.77,46.4
BTCUSDT,2017-03-28,sideways,1047.15,46.52
BTCUSDT,2017-03-29,sideways,1039.97,45.92
BTCUSDT,2017-03-30,sideways,1026.43,44.74
BTCUSDT,2017-03-31,sideways,1071.79,49.42
BTCUSDT,2017-04-01,sideways,1080.5,50.29
BTCUSDT,2017-04-02,sideways,1102.17,52.47
BTCUSDT,2017-04-03,sideways,1143.81,56.44
BTCUSDT,2017-04-04,sideways,1133.25,55.18
BTCUSDT,2017-04-05,sideways,1124.78,54.14
BTCUSDT,2017-04-06,sideways,1182.68,59.74
BTCUSDT,2017-04-07,sideways,1176.9,58.97
BTCUSDT,2017-04-08,sideways,1175.95,58.83
BTCUSDT,2017-04-09,bull,1187.87,60.07
BTCUSDT,2017-04-10,sideways,1187.13,59.95
BTCUSDT,2017-04-11,sideways,1205.01,61.93
BTCUSDT,2017-04-12,sideways,1200.37,61.08
BTCUSDT,2017-04-13,sideways,1169.28,55.61
BTCUSDT,2017-04-14,sideways,1167.54,55.31
BTCUSDT,2017-04-15,sideways,1172.52,56.04
BTCUSDT,2017-04-16,bull,1182.94,57.6
BTCUSDT,2017-04-17,bull,1193.91,59.23
BTCUSDT,2017-04-18,bull,1211.67,61.8
BTCUSDT,2017-04-19,bull,1210.29,61.48
BTCUSDT,2017-04-20,bull,1229.08,64.23
BTCUSDT,2017-04-21,bull,1222.05,62.43
BTCUSDT,2017-04-22,bull,1231.71,63.93
BTCUSDT,2017-04-23,bull,1207.21,57.66
BTCUSDT,2017-04-24,bull,1250.15,64.27
BTCUSDT,2017-04-25,bull,1265.49,66.29
BTCUSDT,2017-04-26,bull,1281.08,68.26
BTCUSDT,2017-04-27,bull,1317.73,72.35
BTCUSDT,2017-04-28,bull,1316.48,72.01
BTCUSDT,2017-04-29,bull,1321.79,72.6
BTCUSDT,2017-04-30,bull,1347.89,75.35
BTCUSDT,2017-05-01,bull,1421.6,81.11
BTCUSDT,2017-05-02,bull,1452.82,82.93
BTCUSDT,2017-05-03,bull,1490.09,84.82
BTCUSDT,2017-05-04,bull,1537.67,86.81
BTCUSDT,2017-05-05,bull,1555.45,87.48
BTCUSDT,2017-05-06,bull,1578.8,88.31
BTCUSDT,2017-05-07,bull,1596.71,88.92
BTCUSDT,2017-05-08,bull,1723.35,92.06
BTCUSDT,2017-05-09,bull,1755.36,92.63
BTCUSDT,2017-05-10,bull,1787.13,93.16
BTCUSDT,2017-05-11,bull,1848.57,94.04
BTCUSDT,2017-05-12,bull,1724.24,73.39
BTCUSDT,2017-05-13,bull,1804.91,76.93
BTCUSDT,2017-05-14,bull,1808.91,77.09
BTCUSDT,2017-05-15,bull,1738.43,67.99
BTCUSDT,2017-05-16,bull,1734.45,67.51
BTCUSDT,2017-05-17,bull,1839.09,72.96
BTCUSDT,2017-05-18,bull,1888.65,75.1
BTCUSDT,2017-05-19,bull,1987.71,78.71
BTCUSDT,2017-05-20,bull,2084.73,81.54
BTCUSDT,2017-05-21,bull,2041.2,76.62
BTCUSDT,2017-05-22,bull,2173.4,80.47
BTCUSDT,2017-05-23,bull,2320.42,83.69
BTCUSDT,2017-05-24,bull,2443.64,85.8
BTCUSDT,2017-05-25,bull,2304.98,74.17
BTCUSDT,2017-05-26,bull,2202.42,66.94
BTCUSDT,2017-05-27,bull,2038.87,57.34
BTCUSDT,2017-05-28,bull,2155.8,61.58
BTCUSDT,2017-05-29,bull,2255.61,64.8
BTCUSDT,2017-05-30,bull,2175.47,60.42
BTCUSDT,2017-05-31,bull,2286.41,64.04
BTCUSDT,2017-06-01,bull,2407.88,67.54
BTCUSDT,2017-06-02,bull,2488.55,69.65
BTCUSDT,2017-06-03,bull,2515.35,70.35
BTCUSDT,2017-06-04,bull,2511.81,70.12
BTCUSDT,2017-06-05,bull,2686.81,74.5
BTCUSDT,2017-06-06,bull,2863.2,78.0
BTCUSDT,2017-06-07,bull,2732.16,70.28
BTCUSDT,2017-06-08,bull,2805.62,71.96
BTCUSDT,2017-06-09,bull,2823.81,72.37
BTCUSDT,2017-06-10,bull,2947.71,75.08
BTCUSDT,2017-06-11,bull,2958.11,75.3
BTCUSDT,2017-06-12,bull,2659.63,59.22
BTCUSDT,2017-06-13,bull,2717.02,60.95
BTCUSDT,2017-06-14,bull,2506.37,52.21
BTCUSDT,2017-06-15,bull,2464.58,50.66
BTCUSDT,2017-06-16,bull,2518.56,52.62
BTCUSDT,2017-06-17,bull,2655.88,57.27
BTCUSDT,2017-06-18,bull,2548.29,52.89
BTCUSDT,2017-06-19,bull,2589.6,54.33
BTCUSDT,2017-06-20,bull,2721.79,58.69
BTCUSDT,2017-06-21,bull,2689.1,57.24
BTCUSDT,2017-06-22,bull,2705.41,57.8
BTCUSDT,2017-06-23,bull,2744.91,59.2
BTCUSDT,2017-06-24,bull,2608.72,52.71
BTCUSDT,2017-06-25,bull,2589.41,51.84
BTCUSDT,2017-06-26,bull,2478.45,47.05
BTCUSDT,2017-06-27,bull,2552.45,50.35
BTCUSDT,2017-06-28,bull,2574.79,51.33
BTCUSDT,2017-06-29,bull,2539.32,49.65
BTCUSDT,2017-06-30,bull,2480.84,46.91
BTCUSDT,2017-07-01,sideways,2434.55,44.81
BTCUSDT,2017-07-02,sideways,2506.47,48.66
BTCUSDT,2017-07-03,sideways,2564.06,51.58
BTCUSDT,2017-07-04,sideways,2601.64,53.43
BTCUSDT,2017-07-05,sideways,2601.99,53.45
BTCUSDT,2017-07-06,sideways,2608.56,53.81
BTCUSDT,2017-07-07,sideways,2518.66,48.32
BTCUSDT,2017-07-08,sideways,2571.34,51.44
BTCUSDT,2017-07-09,sideways,2518.44,48.28
BTCUSDT,2017-07-10,sideways,2372.56,40.84
BTCUSDT,2017-07-11,sideways,2337.79,39.28
BTCUSDT,2017-07-12,sideways,2398.84,43.36
BTCUSDT,2017-07-13,sideways,2357.9,41.35
BTCUSDT,2017-07-14,sideways,2233.34,35.91
BTCUSDT,2017-07-15,sideways,1998.86,28.34
BTCUSDT,2017-07-16,sideways,1929.82,26.57
BTCUSDT,2017-07-17,sideways,2228.41,43.15
BTCUSDT,2017-07-18,sideways,2318.88,47.05
BTCUSDT,2017-07-19,sideways,2273.43,45.37
BTCUSDT,2017-07-20,sideways,2817.6,62.62
BTCUSDT,2017-07-21,sideways,2667.76,57.26
BTCUSDT,2017-07-22,sideways,2810.12,60.7
BTCUSDT,2017-07-23,sideways,2730.4,57.89
BTCUSDT,2017-07-24,bull,2754.86,58.52
BTCUSDT,2017-07-25,sideways,2576.48,52.33
BTCUSDT,2017-07-26,sideways,2529.45,50.8
BTCUSDT,2017-07-27,sideways,2671.78,55.07
BTCUSDT,2017-07-28,bull,2809.01,58.79
BTCUSDT,2017-07-29,bull,2726.45,55.8
BTCUSDT,2017-07-30,bull,2757.18,56.68
BTCUSDT,2017-07-31,bull,2875.34,59.99
BTCUSDT,2017-08-01,bull,2718.26,54.08
BTCUSDT,2017-08-02,bull,2710.67,53.8
BTCUSDT,2017-08-03,bull,2804.73,56.75
BTCUSDT,2017-08-04,bull,2895.89,59.45
BTCUSDT,2017-08-05,bull,3252.91,67.9
BTCUSDT,2017-08-06,bull,3213.94,66.28
BTCUSDT,2017-08-07,bull,3378.94,69.59
BTCUSDT,2017-08-08,bull,3419.94,70.37
BTCUSDT,2017-08-09,bull,3342.47,66.88
BTCUSDT,2017-08-10,bull,3381.28,67.74
BTCUSDT,2017-08-11,bull,3650.62,73.0
BTCUSDT,2017-08-12,bull,3884.71,76.57
BTCUSDT,2017-08-13,bull,4073.26,78.99
BTCUSDT,2017-08-14,bull,4325.13,81.7
BTCUSDT,2017-08-15,bull,4181.93,75.72
BTCUSDT,2017-08-16,bull,4376.63,78.07
BTCUSDT,2017-08-17,bull,4331.69,76.23
BTCUSDT,2017-08-18,bull,4160.62,69.53
BTCUSDT,2017-08-19,bull,4193.7,70.08
BTCUSDT,2017-08-20,bull,4087.66,65.99
BTCUSDT,2017-08-21,bull,4001.74,62.79
BTCUSDT,2017-08-22,bull,4100.52,64.89
BTCUSDT,2017-08-23,bull,4151.52,65.97
BTCUSDT,2017-08-24,bull,4334.68,69.56
BTCUSDT,2017-08-25,bull,4371.6,70.24
BTCUSDT,2017-08-26,bull,4352.4,69.37
BTCUSDT,2017-08-27,bull,4382.88,70.01
BTCUSDT,2017-08-28,bull,4382.66,70.0
BTCUSDT,2017-08-29,bull,4579.02,74.02
BTCUSDT,2017-08-30,bull,4565.3,73.28
BTCUSDT,2017-08-31,bull,4703.39,75.9
BTCUSDT,2017-09-01,bull,4892.01,78.93
BTCUSDT,2017-09-02,bull,4578.77,64.44
BTCUSDT,2017-09-03,bull,4582.96,64.53
BTCUSDT,2017-09-04,bull,4236.31,52.25
BTCUSDT,2017-09-05,bull,4376.53,55.9
BTCUSDT,2017-09-06,bull,4597.12,60.97
BTCUSDT,2017-09-07,bull,4599.88,61.03
BTCUSDT,2017-09-08,bull,4228.75,49.87
BTCUSDT,2017-09-09,bull,4226.06,49.8
BTCUSDT,2017-09-10,bull,4122.94,47.03
BTCUSDT,2017-09-11,bull,4161.27,48.19
BTCUSDT,2017-09-12,sideways,4130.81,47.31
BTCUSDT,2017-09-13,sideways,3882.59,40.77
BTCUSDT,2017-09-14,sideways,3154.95,28.38
BTCUSDT,2017-09-15,sideways,3637.52,41.15
BTCUSDT,2017-09-16,sideways,3625.04,40.95
BTCUSDT,2017-09-17,sideways,3582.88,40.22
BTCUSDT,2017-09-18,sideways,4065.2,50.91
BTCUSDT,2017-09-19,sideways,3924.97,48.21
BTCUSDT,2017-09-20,sideways,3905.95,47.84
BTCUSDT,2017-09-21,sideways,3631.04,42.73
BTCUSDT,2017-09-22,sideways,3630.7,42.72
BTCUSDT,2017-09-23,sideways,3792.4,46.61
BTCUSDT,2017-09-24,sideways,3682.84,44.41
BTCUSDT,2017-09-25,sideways,3926.07,50.05
BTCUSDT,2017-09-26,sideways,3892.35,49.3
BTCUSDT,2017-09-27,sideways,4200.67,55.79
BTCUSDT,2017-09-28,sideways,4174.73,55.15
BTCUSDT,2017-09-29,sideways,4163.07,54.85
BTCUSDT,2017-09-30,sideways,4338.71,58.56
BTCUSDT,2017-10-01,sideways,4403.74,59.88
BTCUSDT,2017-10-02,sideways,4409.32,59.99
BTCUSDT,2017-10-03,sideways,4317.48,57.04
BTCUSDT,2017-10-04,sideways,4229.36,54.27
BTCUSDT,2017-10-05,sideways,4328.41,56.81
BTCUSDT,2017-10-06,sideways,4370.81,57.88
BTCUSDT,2017-10-07,sideways,4426.89,59.32
BTCUSDT,2017-10-08,bull,4610.48,63.71
BTCUSDT,2017-10-09,bull,4772.02,67.07
BTCUSDT,2017-10-10,bull,4781.99,67.27
BTCUSDT,2017-10-11,bull,4826.48,68.21
BTCUSDT,2017-10-12,bull,5446.91,77.75
BTCUSDT,2017-10-13,bull,5647.21,79.85
BTCUSDT,2017-10-14,bull,5831.79,81.58
BTCUSDT,2017-10-15,bull,5678.19,75.76
BTCUSDT,2017-10-16,bull,5725.59,76.32
BTCUSDT,2017-10-17,bull,5605.51,71.78
BTCUSDT,2017-10-18,bull,5590.69,71.22
BTCUSDT,2017-10-19,bull,5708.52,73.03
BTCUSDT,2017-10-20,bull,6011.45,77.03
BTCUSDT,2017-10-21,bull,6031.6,77.27
BTCUSDT,2017-10-22,bull,6008.42,76.28
BTCUSDT,2017-10-23,bull,5930.32,72.88
BTCUSDT,2017-10-24,bull,5526.64,58.39
BTCUSDT,2017-10-25,bull,5750.8,62.81
BTCUSDT,2017-10-26,bull,5904.83,65.52
BTCUSDT,2017-10-27,bull,5780.9,61.63
BTCUSDT,2017-10-28,bull,5753.09,60.76
BTCUSDT,2017-10-29,bull,6153.85,67.83
BTCUSDT,2017-10-30,bull,6130.53,67.07
BTCUSDT,2017-10-31,bull,6468.4,71.95
BTCUSDT,2017-11-01,bull,6767.31,75.42
BTCUSDT,2017-11-02,bull,7078.5,78.42
BTCUSDT,2017-11-03,bull,7207.76,79.54
BTCUSDT,2017-11-04,bull,7379.95,80.95
BTCUSDT,2017-11-05,bull,7407.41,81.17
BTCUSDT,2017-11-06,bull,7022.76,68.98
BTCUSDT,2017-11-07,bull,7144.38,70.49
BTCUSDT,2017-11-08,bull,7459.69,74.02
BTCUSDT,2017-11-09,bull,7143.58,65.55
BTCUSDT,2017-11-10,bull,6618.14,54.41
BTCUSDT,2017-11-11,bull,6357.6,49.88
BTCUSDT,2017-11-12,bull,5950.07,43.75
BTCUSDT,2017-11-13,bull,6559.49,53.05
BTCUSDT,2017-11-14,bull,6635.75,54.07
BTCUSDT,2017-11-15,bull,7315.54,62.01
BTCUSDT,2017-11-16,bull,7871.69,67.04
BTCUSDT,2017-11-17,bull,7708.99,64.36
BTCUSDT,2017-11-18,bull,7790.15,65.11
BTCUSDT,2017-11-19,bull,8036.49,67.35
BTCUSDT,2017-11-20,bull,8200.64,68.79
BTCUSDT,2017-11-21,bull,8071.26,66.31
BTCUSDT,2017-11-22,bull,8253.55,68.06
BTCUSDT,2017-11-23,bull,8038.77,63.85
BTCUSDT,2017-11-24,bull,8253.69,66.11
BTCUSDT,2017-11-25,bull,8790.92,70.99
BTCUSDT,2017-11-26,bull,9330.55,74.89
BTCUSDT,2017-11-27,bull,9818.35,77.81
BTCUSDT,2017-11-28,bull,10058.8,79.09
BTCUSDT,2017-11-29,bull,9888.61,75.74
BTCUSDT,2017-11-30,bull,10233.6,77.8
BTCUSDT,2017-12-01,bull,10975.6,81.43
BTCUSDT,2017-12-02,bull,11074.6,81.86
BTCUSDT,2017-12-03,bull,11323.2,82.92
BTCUSDT,2017-12-04,bull,11657.2,84.26
BTCUSDT,2017-12-05,bull,11916.7,85.22
BTCUSDT,2017-12-06,bull,14291.5,90.79
BTCUSDT,2017-12-07,bull,17899.7,94.3
BTCUSDT,2017-12-08,bull,16569.4,81.9
BTCUSDT,2017-12-09,bull,15178.2,71.34
BTCUSDT,2017-12-10,bull,15455.4,72.11
BTCUSDT,2017-12-11,bull,16936.8,75.85
BTCUSDT,2017-12-12,bull,17415.4,76.93
BTCUSDT,2017-12-13,bull,16408.2,69.86
BTCUSDT,2017-12-14,bull,16564.0,70.32
BTCUSDT,2017-12-15,bull,17706.9,73.48
BTCUSDT,2017-12-16,bull,19497.4,77.51
BTCUSDT,2017-12-17,bull,19140.8,75.06
BTCUSDT,2017-12-18,bull,19114.2,74.87
BTCUSDT,2017-12-19,bull,17776.7,65.84
BTCUSDT,2017-12-20,bull,16624.6,59.22
BTCUSDT,2017-12-21,bull,15802.9,54.97
BTCUSDT,2017-12-22,bull,13831.8,46.38
BTCUSDT,2017-12-23,bull,14699.2,50.08
BTCUSDT,2017-12-24,bull,13925.8,46.97
BTCUSDT,2017-12-25,bull,14026.6,47.42
BTCUSDT,2017-12-26,bull,16099.8,55.87
BTCUSDT,2017-12-27,bull,15838.5,54.68
BTCUSDT,2017-12-28,bull,14606.5,49.33
BTCUSDT,2017-12-29,bull,14656.2,49.55
BTCUSDT,2017-12-30,bull,12952.2,42.85
BTCUSDT,2017-12-31,bull,14156.4,48.18
BTCUSDT,2018-01-01,bull,13657.2,46.26
BTCUSDT,2018-01-02,bull,14982.1,51.77
BTCUSDT,2018-01-03,bull,15201.0,52.63
BTCUSDT,2018-01-04,bull,15599.2,54.23
BTCUSDT,2018-01-05,bull,17429.5,60.81
BTCUSDT,2018-01-06,sideways,17527.0,61.13
BTCUSDT,2018-01-07,sideways,16477.6,55.84
BTCUSDT,2018-01-08,sideways,15170.1,50.03
BTCUSDT,2018-01-09,sideways,14595.4,47.68
BTCUSDT,2018-01-10,sideways,14973.3,49.36
BTCUSDT,2018-01-11,sideways,13405.8,43.16
BTCUSDT,2018-01-12,sideways,13980.6,45.85
BTCUSDT,2018-01-13,sideways,14360.2,47.61
BTCUSDT,2018-01-14,sideways,13772.0,45.16
BTCUSDT,2018-01-15,sideways,13819.8,45.4
BTCUSDT,2018-01-16,sideways,11490.5,36.75
BTCUSDT,2018-01-17,sideways,11188.6,35.8
BTCUSDT,2018-01-18,sideways,11474.9,37.45
BTCUSDT,2018-01-19,sideways,11607.4,38.25
BTCUSDT,2018-01-20,sideways,12899.2,45.51
BTCUSDT,2018-01-21,sideways,11600.1,40.37
BTCUSDT,2018-01-22,sideways,10931.4,37.99
BTCUSDT,2018-01-23,sideways,10868.4,37.76
BTCUSDT,2018-01-24,sideways,11359.4,40.72
BTCUSDT,2018-01-25,sideways,11259.4,40.3
BTCUSDT,2018-01-26,sideways,11171.4,39.91
BTCUSDT,2018-01-27,sideways,11440.7,41.77
BTCUSDT,2018-01-28,sideways,11786.3,44.15
BTCUSDT,2018-01-29,sideways,11296.4,41.55
BTCUSDT,2018-01-30,sideways,10106.3,36.01
BTCUSDT,2018-01-31,sideways,10221.1,36.88
BTCUSDT,2018-02-01,sideways,9170.54,32.51
BTCUSDT,2018-02-02,sideways,8830.75,31.21
BTCUSDT,2018-02-03,sideways,9174.91,34.07
BTCUSDT,2018-02-04,sideways,8277.01,30.51
BTCUSDT,2018-02-05,bear,6955.27,26.18
BTCUSDT,2018-02-06,bear,7754.0,32.42
BTCUSDT,2018-02-07,bear,7621.3,31.94
BTCUSDT,2018-02-08,sideways,8265.59,36.87
BTCUSDT,2018-02-09,sideways,8736.98,40.27
BTCUSDT,2018-02-10,sideways,8621.9,39.71
BTCUSDT,2018-02-11,bear,8129.97,37.31
BTCUSDT,2018-02-12,sideways,8926.57,43.29
BTCUSDT,2018-02-13,sideways,8598.31,41.53
BTCUSDT,2018-02-14,sideways,9494.63,47.77
BTCUSDT,2018-02-15,sideways,10166.4,51.91
BTCUSDT,2018-02-16,sideways,10233.9,52.32
BTCUSDT,2018-02-17,sideways,11112.7,57.4
BTCUSDT,2018-02-18,sideways,10551.8,53.48
BTCUSDT,2018-02-19,sideways,11225.3,57.25
BTCUSDT,2018-02-20,sideways,11403.7,58.22
BTCUSDT,2018-02-21,sideways,10690.4,53.06
BTCUSDT,2018-02-22,sideways,10005.0,48.59
BTCUSDT,2018-02-23,sideways,10301.1,50.53
BTCUSDT,2018-02-24,sideways,9813.07,47.36
BTCUSDT,2018-02-25,sideways,9664.73,46.41
BTCUSDT,2018-02-26,sideways,10366.7,51.39
BTCUSDT,2018-02-27,sideways,10725.6,53.75
BTCUSDT,2018-02-28,sideways,10397.9,51.3
BTCUSDT,2018-03-01,bull,10951.0,55.03
BTCUSDT,2018-03-02,bull,11086.4,55.92
BTCUSDT,2018-03-03,bull,11489.7,58.56
BTCUSDT,2018-03-04,bull,11512.6,58.71
BTCUSDT,2018-03-05,bull,11573.3,59.13
BTCUSDT,2018-03-06,bull,10779.9,51.66
BTCUSDT,2018-03-07,sideways,9965.57,45.32
BTCUSDT,2018-03-08,sideways,9395.01,41.48
BTCUSDT,2018-03-09,sideways,9337.55,41.11
BTCUSDT,2018-03-10,sideways,8866.0,38.05
BTCUSDT,2018-03-11,sideways,9578.63,44.74
BTCUSDT,2018-03-12,sideways,9205.12,42.17
BTCUSDT,2018-03-13,sideways,9194.85,42.1
BTCUSDT,2018-03-14,bear,8269.81,36.14
BTCUSDT,2018-03-15,sideways,8300.86,36.47
BTCUSDT,2018-03-16,bear,8338.35,36.88
BTCUSDT,2018-03-17,bear,7916.88,34.16
BTCUSDT,2018-03-18,bear,8223.68,37.76
BTCUSDT,2018-03-19,bear,8630.65,42.27
BTCUSDT,2018-03-20,bear,8913.47,45.23
BTCUSDT,2018-03-21,bear,8929.28,45.4
BTCUSDT,2018-03-22,bear,8728.47,43.57
BTCUSDT,2018-03-23,bear,8879.62,45.36
BTCUSDT,2018-03-24,bear,8668.12,43.29
BTCUSDT,2018-03-25,bear,8495.78,41.62
BTCUSDT,2018-03-26,bear,8209.4,38.93
BTCUSDT,2018-03-27,bear,7833.04,35.67
BTCUSDT,2018-03-28,bear,7954.48,37.49
BTCUSDT,2018-03-29,bear,7165.7,31.3
BTCUSDT,2018-03-30,bear,6890.52,29.48
BTCUSDT,2018-03-31,bear,6973.53,30.79
BTCUSDT,2018-04-01,bear,6844.23,29.86
BTCUSDT,2018-04-02,bear,7083.8,33.85
BTCUSDT,2018-04-03,bear,7456.11,39.61
BTCUSDT,2018-04-04,bear,6853.84,34.39
BTCUSDT,2018-04-05,bear,6811.47,34.06
BTCUSDT,2018-04-06,bear,6636.32,32.62
BTCUSDT,2018-04-07,bear,6911.09,37.1
BTCUSDT,2018-04-08,bear,7023.52,38.89
BTCUSDT,2018-04-09,bear,6770.73,36.38
BTCUSDT,2018-04-10,bear,6834.76,37.48
BTCUSDT,2018-04-11,bear,6968.32,39.81
BTCUSDT,2018-04-12,bear,7889.25,52.88
BTCUSDT,2018-04-13,sideways,7895.96,52.96
BTCUSDT,2018-04-14,sideways,7986.24,54.09
BTCUSDT,2018-04-15,sideways,8329.11,58.21
BTCUSDT,2018-04-16,sideways,8058.67,54.09
BTCUSDT,2018-04-17,sideways,7902.09,51.81
BTCUSDT,2018-04-18,bear,8163.42,55.21
BTCUSDT,2018-04-19,bear,8294.31,56.85
BTCUSDT,2018-04-20,sideways,8845.83,63.0
BTCUSDT,2018-04-21,sideways,8895.58,63.51
BTCUSDT,2018-04-22,sideways,8802.46,61.8
BTCUSDT,2018-04-23,sideways,8930.88,63.27
BTCUSDT,2018-04-24,sideways,9697.5,70.52
BTCUSDT,2018-04-25,sideways,8845.74,57.04
BTCUSDT,2018-04-26,sideways,9281.51,61.14
BTCUSDT,2018-04-27,sideways,8987.05,57.17
BTCUSDT,2018-04-28,sideways,9348.48,60.55
BTCUSDT,2018-04-29,sideways,9419.08,61.2
BTCUSDT,2018-04-30,sideways,9240.55,58.59
BTCUSDT,2018-05-01,sideways,9119.01,56.82
BTCUSDT,2018-05-02,sideways,9235.92,58.13
BTCUSDT,2018-05-03,sideways,9743.86,63.35
BTCUSDT,2018-05-04,sideways,9700.76,62.63
BTCUSDT,2018-05-05,sideways,9858.15,64.22
BTCUSDT,2018-05-06,sideways,9654.8,60.64
BTCUSDT,2018-05-07,sideways,9373.01,55.99
BTCUSDT,2018-05-08,sideways,9234.82,53.81
BTCUSDT,2018-05-09,sideways,9325.18,55.04
BTCUSDT,2018-05-10,sideways,9043.94,50.52
BTCUSDT,2018-05-11,sideways,8441.49,42.47
BTCUSDT,2018-05-12,sideways,8504.89,43.49
BTCUSDT,2018-05-13,sideways,8723.94,46.99
BTCUSDT,2018-05-14,sideways,8716.79,46.89
BTCUSDT,2018-05-15,sideways,8510.38,43.92
BTCUSDT,2018-05-16,sideways,8368.83,41.96
BTCUSDT,2018-05-17,sideways,8094.32,38.39
BTCUSDT,2018-05-18,sideways,8250.97,41.45
BTCUSDT,2018-05-19,sideways,8247.18,41.4
BTCUSDT,2018-05-20,sideways,8513.25,46.63
BTCUSDT,2018-05-21,bear,8418.99,45.09
BTCUSDT,2018-05-22,bear,8041.78,39.49
BTCUSDT,2018-05-23,bear,7557.82,33.71
BTCUSDT,2018-05-24,bear,7587.34,34.34
BTCUSDT,2018-05-25,bear,7480.14,33.11
BTCUSDT,2018-05-26,bear,7355.88,31.68
BTCUSDT,2018-05-27,bear,7368.22,32.0
BTCUSDT,2018-05-28,bear,7135.99,29.28
BTCUSDT,2018-05-29,bear,7472.59,37.55
BTCUSDT,2018-05-30,bear,7406.52,36.64
BTCUSDT,2018-05-31,bear,7494.17,38.75
BTCUSDT,2018-06-01,bear,7541.45,39.91
BTCUSDT,2018-06-02,bear,7643.45,42.45
BTCUSDT,2018-06-03,bear,7720.25,44.36
BTCUSDT,2018-06-04,bear,7514.47,40.49
BTCUSDT,2018-06-05,bear,7633.76,43.56
BTCUSDT,2018-06-06,bear,7653.98,44.09
BTCUSDT,2018-06-07,bear,7678.24,44.75
BTCUSDT,2018-06-08,bear,7624.92,43.53
BTCUSDT,2018-06-09,bear,7531.98,41.39
BTCUSDT,2018-06-10,bear,6786.02,29.08
BTCUSDT,2018-06-11,bear,6906.92,32.58
BTCUSDT,2018-06-12,bear,6582.36,28.51
BTCUSDT,2018-06-13,bear,6349.9,26.01
BTCUSDT,2018-06-14,bear,6675.35,34.66
BTCUSDT,2018-06-15,bear,6456.58,31.96
BTCUSDT,2018-06-16,bear,6550.16,34.32
BTCUSDT,2018-06-17,bear,6499.27,33.64
BTCUSDT,2018-06-18,bear,6734.82,39.63
BTCUSDT,2018-06-19,bear,6769.94,40.49
BTCUSDT,2018-06-20,bear,6776.55,40.67
BTCUSDT,2018-06-21,bear,6729.74,39.79
BTCUSDT,2018-06-22,bear,6083.69,30.13
BTCUSDT,2018-06-23,bear,6162.48,32.29
BTCUSDT,2018-06-24,bear,6173.23,32.6
BTCUSDT,2018-06-25,bear,6249.18,34.84
BTCUSDT,2018-06-26,bear,6093.67,32.46
BTCUSDT,2018-06-27,bear,6157.13,34.43
BTCUSDT,2018-06-28,bear,5903.44,30.59
BTCUSDT,2018-06-29,bear,6218.3,39.59
BTCUSDT,2018-06-30,bear,6404.0,44.18
BTCUSDT,2018-07-01,bear,6385.82,43.83
BTCUSDT,2018-07-02,bear,6614.18,49.29
BTCUSDT,2018-07-03,bear,6529.59,47.45
BTCUSDT,2018-07-04,bear,6597.55,49.1
BTCUSDT,2018-07-05,bear,6639.14,50.12
BTCUSDT,2018-07-06,bear,6673.5,51.0
BTCUSDT,2018-07-07,bear,6856.93,55.52
BTCUSDT,2018-07-08,bear,6773.88,53.13
BTCUSDT,2018-07-09,bear,6741.75,52.2
BTCUSDT,2018-07-10,bear,6329.95,42.0
BTCUSDT,2018-07-11,bear,6394.71,43.85
BTCUSDT,2018-07-12,bear,6228.81,40.29
BTCUSDT,2018-07-13,sideways,6238.05,40.58
BTCUSDT,2018-07-14,bear,6276.12,41.83
BTCUSDT,2018-07-15,sideways,6359.64,44.59
BTCUSDT,2018-07-16,sideways,6741.75,55.08
BTCUSDT,2018-07-17,sideways,7321.04,65.68
BTCUSDT,2018-07-18,sideways,7370.78,66.42
BTCUSDT,2018-07-19,sideways,7466.86,67.85
BTCUSDT,2018-07-20,sideways,7354.13,64.38
BTCUSDT,2018-07-21,sideways,7419.29,65.48
BTCUSDT,2018-07-22,sideways,7418.49,65.45
BTCUSDT,2018-07-23,sideways,7711.11,70.22
BTCUSDT,2018-07-24,sideways,8424.27,78.15
BTCUSDT,2018-07-25,sideways,8181.39,71.2
BTCUSDT,2018-07-26,sideways,7951.58,65.28
BTCUSDT,2018-07-27,sideways,8165.01,67.95
BTCUSDT,2018-07-28,sideways,8192.15,68.28
BTCUSDT,2018-07-29,sideways,8218.46,68.62
BTCUSDT,2018-07-30,sideways,8180.48,67.49
BTCUSDT,2018-07-31,sideways,7780.44,56.9
BTCUSDT,2018-08-01,sideways,7624.91,53.39
BTCUSDT,2018-08-02,sideways,7567.15,52.1
BTCUSDT,2018-08-03,sideways,7434.39,49.17
BTCUSDT,2018-08-04,sideways,7032.85,41.56
BTCUSDT,2018-08-05,sideways,7068.48,42.41
BTCUSDT,2018-08-06,sideways,6951.8,40.34
BTCUSDT,2018-08-07,sideways,6753.12,37.02
BTCUSDT,2018-08-08,bear,6305.8,30.86
BTCUSDT,2018-08-09,sideways,6568.23,37.44
BTCUSDT,2018-08-10,sideways,6184.71,32.56
BTCUSDT,2018-08-11,sideways,6295.73,35.19
BTCUSDT,2018-08-12,sideways,6322.69,35.85
BTCUSDT,2018-08-13,sideways,6297.57,35.49
BTCUSDT,2018-08-14,sideways,6199.71,34.06
BTCUSDT,2018-08-15,bear,6308.52,37.1
BTCUSDT,2018-08-16,bear,6334.73,37.84
BTCUSDT,2018-08-17,bear,6580.63,44.47
BTCUSDT,2018-08-18,bear,6423.76,41.44
BTCUSDT,2018-08-19,bear,6506.07,43.61
BTCUSDT,2018-08-20,bear,6308.53,39.79
BTCUSDT,2018-08-21,bear,6488.76,44.56
BTCUSDT,2018-08-22,bear,6376.71,42.32
BTCUSDT,2018-08-23,bear,6534.88,46.42
BTCUSDT,2018-08-24,bear,6719.96,50.83
BTCUSDT,2018-08-25,bear,6763.19,51.83
BTCUSDT,2018-08-26,bear,6707.26,50.4
BTCUSDT,2018-08-27,bear,6884.64,54.66
BTCUSDT,2018-08-28,sideways,7096.28,59.16
BTCUSDT,2018-08-29,sideways,7047.16,57.73
BTCUSDT,2018-08-30,bear,6978.23,55.69
BTCUSDT,2018-08-31,sideways,7037.58,57.1
BTCUSDT,2018-09-01,sideways,7193.25,60.62
BTCUSDT,2018-09-02,sideways,7272.72,62.32
BTCUSDT,2018-09-03,sideways,7260.06,61.87
BTCUSDT,2018-09-04,sideways,7361.66,64.15
BTCUSDT,2018-09-05,sideways,6792.83,47.14
BTCUSDT,2018-09-06,sideways,6529.17,41.63
BTCUSDT,2018-09-07,sideways,6467.07,40.44
BTCUSDT,2018-09-08,bear,6225.98,36.09
BTCUSDT,2018-09-09,sideways,6300.86,38.31
BTCUSDT,2018-09-10,sideways,6329.7,39.18
BTCUSDT,2018-09-11,sideways,6321.2,39.01
BTCUSDT,2018-09-12,sideways,6351.8,40.05
BTCUSDT,2018-09-13,sideways,6517.31,45.47
BTCUSDT,2018-09-14,sideways,6512.71,45.35
BTCUSDT,2018-09-15,sideways,6543.2,46.38
BTCUSDT,2018-09-16,sideways,6517.18,45.59
BTCUSDT,2018-09-17,sideways,6281.2,39.07
BTCUSDT,2018-09-18,sideways,6371.3,42.46
BTCUSDT,2018-09-19,sideways,6398.54,43.48
BTCUSDT,2018-09-20,sideways,6519.67,47.91
BTCUSDT,2018-09-21,sideways,6734.95,54.7
BTCUSDT,2018-09-22,sideways,6721.98,54.24
BTCUSDT,2018-09-23,sideways,6710.63,53.82
BTCUSDT,2018-09-24,sideways,6595.41,49.57
BTCUSDT,2018-09-25,sideways,6446.47,44.65
BTCUSDT,2018-09-26,bear,6495.0,46.51
BTCUSDT,2018-09-27,sideways,6676.75,52.9
BTCUSDT,2018-09-28,sideways,6644.13,51.71
BTCUSDT,2018-09-29,sideways,6601.96,50.13
BTCUSDT,2018-09-30,sideways,6625.56,51.03
BTCUSDT,2018-10-01,bear,6589.62,49.57
BTCUSDT,2018-10-02,bear,6556.1,48.18
BTCUSDT,2018-10-03,bear,6502.59,45.96
BTCUSDT,2018-10-04,bear,6576.69,49.43
BTCUSDT,2018-10-05,sideways,6622.48,51.5
BTCUSDT,2018-10-06,sideways,6588.31,49.86
BTCUSDT,2018-10-07,sideways,6602.95,50.58
BTCUSDT,2018-10-08,sideways,6652.23,53.05
BTCUSDT,2018-10-09,sideways,6642.64,52.5
BTCUSDT,2018-10-10,sideways,6585.53,49.23
BTCUSDT,2018-10-11,sideways,6256.24,35.51
BTCUSDT,2018-10-12,sideways,6274.58,36.57
BTCUSDT,2018-10-13,sideways,6285.99,37.27
BTCUSDT,2018-10-14,sideways,6290.93,37.58
BTCUSDT,2018-10-15,sideways,6596.54,53.31
BTCUSDT,2018-10-16,sideways,6596.11,53.28
BTCUSDT,2018-10-17,sideways,6544.43,50.78
BTCUSDT,2018-10-18,sideways,6476.71,47.62
BTCUSDT,2018-10-19,sideways,6465.41,47.09
BTCUSDT,2018-10-20,sideways,6489.19,48.38
BTCUSDT,2018-10-21,sideways,6482.35,48.02
BTCUSDT,2018-10-22,sideways,6487.16,48.31
BTCUSDT,2018-10-23,sideways,6475.74,47.62
BTCUSDT,2018-10-24,sideways,6495.84,49.0
BTCUSDT,2018-10-25,sideways,6476.29,47.69
BTCUSDT,2018-10-26,sideways,6474.75,47.58
BTCUSDT,2018-10-27,sideways,6480.38,48.04
BTCUSDT,2018-10-28,sideways,6486.39,48.57
BTCUSDT,2018-10-29,sideways,6332.63,38.0
BTCUSDT,2018-10-30,sideways,6334.27,38.16
BTCUSDT,2018-10-31,sideways,6317.61,37.14
BTCUSDT,2018-11-01,sideways,6377.78,43.03
BTCUSDT,2018-11-02,sideways,6388.44,44.03
BTCUSDT,2018-11-03,sideways,6361.26,42.0
BTCUSDT,2018-11-04,sideways,6376.13,43.53
BTCUSDT,2018-11-05,sideways,6419.66,47.86
BTCUSDT,2018-11-06,sideways,6461.01,51.66
BTCUSDT,2018-11-07,sideways,6530.14,57.26
BTCUSDT,2018-11-08,sideways,6453.72,50.32
BTCUSDT,2018-11-09,sideways,6385.62,45.08
BTCUSDT,2018-11-10,sideways,6409.22,47.13
BTCUSDT,2018-11-11,sideways,6411.27,47.32
BTCUSDT,2018-11-12,sideways,6371.27,44.08
BTCUSDT,2018-11-13,sideways,6359.49,43.15
BTCUSDT,2018-11-14,bear,5738.35,19.57
BTCUSDT,2018-11-15,bear,5648.03,18.03
BTCUSDT,2018-11-16,bear,5575.55,16.88
BTCUSDT,2018-11-17,bear,5554.33,16.55
BTCUSDT,2018-11-18,bear,5623.54,21.95
BTCUSDT,2018-11-19,bear,4871.49,12.49
BTCUSDT,2018-11-20,bear,4451.87,9.92
BTCUSDT,2018-11-21,bear,4602.17,16.54
BTCUSDT,2018-11-22,bear,4365.94,14.71
BTCUSDT,2018-11-23,bear,4347.11,14.57
BTCUSDT,2018-11-24,bear,3880.76,11.65
BTCUSDT,2018-11-25,bear,4009.97,16.64
BTCUSDT,2018-11-26,bear,3779.13,15.01
BTCUSDT,2018-11-27,bear,3820.72,16.6
BTCUSDT,2018-11-28,bear,4257.42,31.13
BTCUSDT,2018-11-29,bear,4278.85,31.76
BTCUSDT,2018-11-30,bear,4017.27,28.36
BTCUSDT,2018-12-01,bear,4214.67,34.09
BTCUSDT,2018-12-02,bear,4139.88,33.02
BTCUSDT,2018-12-03,bear,3894.13,29.69
BTCUSDT,2018-12-04,bear,3956.89,31.59
BTCUSDT,2018-12-05,bear,3753.99,28.88
BTCUSDT,2018-12-06,bear,3521.1,26.11
BTCUSDT,2018-12-07,bear,3419.94,24.99
BTCUSDT,2018-12-08,bear,3476.11,26.87
BTCUSDT,2018-12-09,bear,3614.23,31.41
BTCUSDT,2018-12-10,bear,3502.66,29.8
BTCUSDT,2018-12-11,bear,3424.59,28.69
BTCUSDT,2018-12-12,bear,3486.95,30.9
BTCUSDT,2018-12-13,bear,3313.68,28.28
BTCUSDT,2018-12-14,bear,3242.48,27.25
BTCUSDT,2018-12-15,bear,3236.76,27.17
BTCUSDT,2018-12-16,bear,3252.84,27.85
BTCUSDT,2018-12-17,bear,3545.86,39.06
BTCUSDT,2018-12-18,bear,3696.06,43.87
BTCUSDT,2018-12-19,bear,3745.95,45.41
BTCUSDT,2018-12-20,bear,4134.44,55.63
BTCUSDT,2018-12-21,bear,3896.54,49.52
BTCUSDT,2018-12-22,bear,4014.18,52.31
BTCUSDT,2018-12-23,bear,3998.98,51.91
BTCUSDT,2018-12-24,sideways,4078.6,53.89
BTCUSDT,2018-12-25,sideways,3815.49,46.99
BTCUSDT,2018-12-26,sideways,3857.3,48.13
BTCUSDT,2018-12-27,sideways,3654.83,43.28
BTCUSDT,2018-12-28,bear,3923.92,50.42
BTCUSDT,2018-12-29,bear,3820.41,47.92
BTCUSDT,2018-12-30,sideways,3865.95,49.12
BTCUSDT,2018-12-31,bear,3742.7,46.04
BTCUSDT,2019-01-01,bear,3843.52,48.86
BTCUSDT,2019-01-02,sideways,3943.41,51.57
BTCUSDT,2019-01-03,sideways,3836.74,48.61
BTCUSDT,2019-01-04,sideways,3857.72,49.23
BTCUSDT,2019-01-05,sideways,3845.19,48.85
BTCUSDT,2019-01-06,sideways,4076.63,55.61
BTCUSDT,2019-01-07,sideways,4025.25,53.91
BTCUSDT,2019-01-08,sideways,4030.85,54.07
BTCUSDT,2019-01-09,sideways,4035.3,54.21
BTCUSDT,2019-01-10,sideways,3678.92,42.9
BTCUSDT,2019-01-11,sideways,3687.37,43.21
BTCUSDT,2019-01-12,sideways,3661.3,42.46
BTCUSDT,2019-01-13,sideways,3552.95,39.41
BTCUSDT,2019-01-14,sideways,3706.05,45.38
BTCUSDT,2019-01-15,sideways,3630.68,43.13
BTCUSDT,2019-01-16,sideways,3655.01,44.09
BTCUSDT,2019-01-17,sideways,3678.56,45.06
BTCUSDT,2019-01-18,sideways,3657.84,44.33
BTCUSDT,2019-01-19,bear,3728.57,47.46
BTCUSDT,2019-01-20,bear,3601.01,42.79
BTCUSDT,2019-01-21,bear,3576.03,41.92
BTCUSDT,2019-01-22,bear,3604.58,43.34
BTCUSDT,2019-01-23,bear,3585.12,42.58
BTCUSDT,2019-01-24,bear,3600.87,43.44
BTCUSDT,2019-01-25,bear,3599.77,43.39
BTCUSDT,2019-01-26,sideways,3602.46,43.56
BTCUSDT,2019-01-27,bear,3583.97,42.62
BTCUSDT,2019-01-28,bear,3470.45,37.3
BTCUSDT,2019-01-29,bear,3448.12,36.33
BTCUSDT,2019-01-30,bear,3486.18,39.21
BTCUSDT,2019-01-31,bear,3457.79,37.84
BTCUSDT,2019-02-01,bear,3487.95,40.23
BTCUSDT,2019-02-02,bear,3521.06,42.84
BTCUSDT,2019-02-03,bear,3464.01,39.63
BTCUSDT,2019-02-04,bear,3459.15,39.36
BTCUSDT,2019-02-05,bear,3466.36,40.02
BTCUSDT,2019-02-06,bear,3413.77,36.89
BTCUSDT,2019-02-07,bear,3399.47,36.07
BTCUSDT,2019-02-08,bear,3666.78,55.9
BTCUSDT,2019-02-09,sideways,3671.2,56.14
BTCUSDT,2019-02-10,sideways,3690.19,57.23
BTCUSDT,2019-02-11,sideways,3648.43,54.06
BTCUSDT,2019-02-12,sideways,3653.53,54.39
BTCUSDT,2019-02-13,sideways,3632.07,52.66
BTCUSDT,2019-02-14,sideways,3616.88,51.42
BTCUSDT,2019-02-15,sideways,3620.81,51.73
BTCUSDT,2019-02-16,sideways,3629.79,52.5
BTCUSDT,2019-02-17,sideways,3673.84,56.17
BTCUSDT,2019-02-18,sideways,3915.71,69.91
BTCUSDT,2019-02-19,sideways,3947.09,71.18
BTCUSDT,2019-02-20,sideways,3999.82,73.21
BTCUSDT,2019-02-21,sideways,3954.12,68.68
BTCUSDT,2019-02-22,sideways,4005.53,70.87
BTCUSDT,2019-02-23,sideways,4142.53,75.72
BTCUSDT,2019-02-24,sideways,3810.43,52.77
BTCUSDT,2019-02-25,sideways,3882.7,55.9
BTCUSDT,2019-02-26,sideways,3854.36,54.38
BTCUSDT,2019-02-27,sideways,3851.05,54.19
BTCUSDT,2019-02-28,sideways,3854.79,54.38
BTCUSDT,2019-03-01,sideways,3859.58,54.64
BTCUSDT,2019-03-02,sideways,3864.42,54.92
BTCUSDT,2019-03-03,sideways,3847.18,53.66
BTCUSDT,2019-03-04,sideways,3761.56,47.78
BTCUSDT,2019-03-05,sideways,3896.38,55.96
BTCUSDT,2019-03-06,sideways,3903.94,56.37
BTCUSDT,2019-03-07,sideways,3911.48,56.81
BTCUSDT,2019-03-08,sideways,3901.13,55.98
BTCUSDT,2019-03-09,sideways,3963.31,59.76
BTCUSDT,2019-03-10,sideways,3951.6,58.74
BTCUSDT,2019-03-11,sideways,3905.23,54.74
BTCUSDT,2019-03-12,sideways,3909.16,55.02
BTCUSDT,2019-03-13,sideways,3906.72,54.8
BTCUSDT,2019-03-14,sideways,3924.37,56.2
BTCUSDT,2019-03-15,sideways,3960.91,59.03
BTCUSDT,2019-03-16,sideways,4048.73,64.91
BTCUSDT,2019-03-17,sideways,4025.23,62.33
BTCUSDT,2019-03-18,sideways,4032.51,62.82
BTCUSDT,2019-03-19,sideways,4071.19,65.41
BTCUSDT,2019-03-20,sideways,4087.48,66.47
BTCUSDT,2019-03-21,sideways,4029.33,59.47
BTCUSDT,2019-03-22,sideways,4023.97,58.86
BTCUSDT,2019-03-23,sideways,4035.83,59.85
BTCUSDT,2019-03-24,sideways,4022.17,58.12
BTCUSDT,2019-03-25,sideways,3963.07,51.21
BTCUSDT,2019-03-26,sideways,3985.08,53.43
BTCUSDT,2019-03-27,sideways,4087.07,62.05
BTCUSDT,2019-03-28,sideways,4069.11,59.94
BTCUSDT,2019-03-29,sideways,4098.37,62.19
BTCUSDT,2019-03-30,sideways,4106.66,62.83
BTCUSDT,2019-03-31,sideways,4105.4,62.66
BTCUSDT,2019-04-01,sideways,4158.18,66.78
BTCUSDT,2019-04-02,bull,4879.88,87.34
BTCUSDT,2019-04-03,bull,4973.02,88.35
BTCUSDT,2019-04-04,bull,4922.8,84.46
BTCUSDT,2019-04-05,bull,5036.68,85.97
BTCUSDT,2019-04-06,bull,5059.82,86.26
BTCUSDT,2019-04-07,bull,5198.9,87.89
BTCUSDT,2019-04-08,bull,5289.77,88.82
BTCUSDT,2019-04-09,bull,5204.96,82.44
BTCUSDT,2019-04-10,bull,5324.55,84.17
BTCUSDT,2019-04-11,bull,5064.49,68.41
BTCUSDT,2019-04-12,bull,5089.54,69.01
BTCUSDT,2019-04-13,bull,5096.59,69.19
BTCUSDT,2019-04-14,bull,5167.72,71.0
BTCUSDT,2019-04-15,bull,5067.11,65.17
BTCUSDT,2019-04-16,bull,5235.56,69.66
BTCUSDT,2019-04-17,bull,5251.94,70.07
BTCUSDT,2019-04-18,bull,5298.39,71.24
BTCUSDT,2019-04-19,bull,5303.81,71.38
BTCUSDT,2019-04-20,bull,5337.89,72.29
BTCUSDT,2019-04-21,bull,5314.53,70.62
BTCUSDT,2019-04-22,bull,5399.37,73.06
BTCUSDT,2019-04-23,bull,5572.36,77.21
BTCUSDT,2019-04-24,bull,5464.87,69.99
BTCUSDT,2019-04-25,bull,5210.52,56.54
BTCUSDT,2019-04-26,bull,5279.35,58.84
BTCUSDT,2019-04-27,bull,5268.29,58.31
BTCUSDT,2019-04-28,bull,5285.14,58.92
BTCUSDT,2019-04-29,bull,5247.35,56.9
BTCUSDT,2019-04-30,bull,5350.73,60.86
BTCUSDT,2019-05-01,bull,5402.7,62.71
BTCUSDT,2019-05-02,bull,5505.28,66.12
BTCUSDT,2019-05-03,bull,5768.29,72.95
BTCUSDT,2019-05-04,bull,5831.17,74.28
BTCUSDT,2019-05-05,bull,5795.71,72.12
BTCUSDT,2019-05-06,bull,5746.81,69.13
BTCUSDT,2019-05-07,bull,5829.5,71.3
BTCUSDT,2019-05-08,bull,5982.46,74.82
BTCUSDT,2019-05-09,bull,6174.53,78.4
BTCUSDT,2019-05-10,bull,6378.85,81.42
BTCUSDT,2019-05-11,bull,7204.77,88.46
BTCUSDT,2019-05-12,bull,6972.37,79.35
BTCUSDT,2019-05-13,bull,7814.92,85.27
BTCUSDT,2019-05-14,bull,7994.42,86.18
BTCUSDT,2019-05-15,bull,8205.17,87.18
BTCUSDT,2019-05-16,bull,7884.91,77.95
BTCUSDT,2019-05-17,bull,7343.9,65.35
BTCUSDT,2019-05-18,bull,7271.21,63.86
BTCUSDT,2019-05-19,bull,8197.69,72.49
BTCUSDT,2019-05-20,bull,7978.31,68.33
BTCUSDT,2019-05-21,bull,7963.33,68.04
BTCUSDT,2019-05-22,bull,7680.07,62.68
BTCUSDT,2019-05-23,bull,7881.85,64.81
BTCUSDT,2019-05-24,bull,7987.37,65.9
BTCUSDT,2019-05-25,bull,8052.54,66.59
BTCUSDT,2019-05-26,bull,8673.22,72.34
BTCUSDT,2019-05-27,bull,8805.78,73.4
BTCUSDT,2019-05-28,bull,8719.96,71.5
BTCUSDT,2019-05-29,bull,8659.49,70.12
BTCUSDT,2019-05-30,bull,8319.47,62.8
BTCUSDT,2019-05-31,bull,8574.5,65.69
BTCUSDT,2019-06-01,bull,8564.02,65.47
BTCUSDT,2019-06-02,bull,8742.96,67.52
BTCUSDT,2019-06-03,bull,8209.0,56.71
BTCUSDT,2019-06-04,bull,7707.77,48.81
BTCUSDT,2019-06-05,bull,7824.23,50.53
BTCUSDT,2019-06-06,bull,7822.02,50.5
BTCUSDT,2019-06-07,bull,8043.95,53.92
BTCUSDT,2019-06-08,bull,7954.13,52.34
BTCUSDT,2019-06-09,bull,7688.08,47.87
BTCUSDT,2019-06-10,bull,8000.33,52.95
BTCUSDT,2019-06-11,bull,7927.71,51.69
BTCUSDT,2019-06-12,sideways,8145.86,55.15
BTCUSDT,2019-06-13,sideways,8230.92,56.46
BTCUSDT,2019-06-14,bull,8693.83,62.82
BTCUSDT,2019-06-15,bull,8838.38,64.56
BTCUSDT,2019-06-16,bull,8994.49,66.39
BTCUSDT,2019-06-17,bull,9320.35,69.88
BTCUSDT,2019-06-18,bull,9081.76,64.59
BTCUSDT,2019-06-19,bull,9273.52,66.77
BTCUSDT,2019-06-20,bull,9527.16,69.45
BTCUSDT,2019-06-21,bull,10144.56,74.78
BTCUSDT,2019-06-22,bull,10701.69,78.43
BTCUSDT,2019-06-23,bull,10855.37,79.32
BTCUSDT,2019-06-24,bull,11011.1,80.22
BTCUSDT,2019-06-25,bull,11790.92,83.95
BTCUSDT,2019-06-26,bull,13016.23,87.83
BTCUSDT,2019-06-27,bull,11182.81,63.19
BTCUSDT,2019-06-28,bull,12407.33,69.37
BTCUSDT,2019-06-29,bull,11959.37,65.07
BTCUSDT,2019-06-30,bull,10817.16,55.6
BTCUSDT,2019-07-01,bull,10583.13,53.87
BTCUSDT,2019-07-02,bull,10801.68,55.27
BTCUSDT,2019-07-03,bull,11961.27,61.88
BTCUSDT,2019-07-04,bull,11215.44,56.13
BTCUSDT,2019-07-05,bull,10978.46,54.4
BTCUSDT,2019-07-06,bull,11208.55,55.83
BTCUSDT,2019-07-07,bull,11450.85,57.33
BTCUSDT,2019-07-08,bull,12285.96,62.14
BTCUSDT,2019-07-09,bull,12573.81,63.66
BTCUSDT,2019-07-10,bull,12156.51,59.9
BTCUSDT,2019-07-11,bull,11358.66,53.42
BTCUSDT,2019-07-12,bull,11815.99,56.34
BTCUSDT,2019-07-13,bull,11392.38,53.03
BTCUSDT,2019-07-14,bull,10256.06,45.33
BTCUSDT,2019-07-15,bull,10895.09,49.75
BTCUSDT,2019-07-16,sideways,9477.64,41.7
BTCUSDT,2019-07-17,sideways,9693.8,43.21
BTCUSDT,2019-07-18,bull,10666.48,49.54
BTCUSDT,2019-07-19,bull,10530.73,48.72
BTCUSDT,2019-07-20,bull,10767.14,50.26
BTCUSDT,2019-07-21,sideways,10599.11,49.13
BTCUSDT,2019-07-22,sideways,10343.11,47.39
BTCUSDT,2019-07-23,sideways,9900.77,44.45
BTCUSDT,2019-07-24,sideways,9811.93,43.86
BTCUSDT,2019-07-25,sideways,9911.84,44.75
BTCUSDT,2019-07-26,sideways,9870.3,44.44
BTCUSDT,2019-07-27,sideways,9477.68,41.48
BTCUSDT,2019-07-28,sideways,9552.86,42.27
BTCUSDT,2019-07-29,sideways,9519.15,41.99
BTCUSDT,2019-07-30,sideways,9607.42,43.04
BTCUSDT,2019-07-31,sideways,10085.63,48.45
BTCUSDT,2019-08-01,sideways,10399.67,51.7
BTCUSDT,2019-08-02,sideways,10518.17,52.9
BTCUSDT,2019-08-03,sideways,10821.73,55.93
BTCUSDT,2019-08-04,sideways,10970.18,57.38
BTCUSDT,2019-08-05,bull,11805.65,64.45
BTCUSDT,2019-08-06,sideways,11478.17,60.23
BTCUSDT,2019-08-07,sideways,11941.97,63.84
BTCUSDT,2019-08-08,sideways,11966.41,64.02
BTCUSDT,2019-08-09,sideways,11862.94,62.56
BTCUSDT,2019-08-10,sideways,11354.02,55.82
BTCUSDT,2019-08-11,sideways,11523.58,57.46
BTCUSDT,2019-08-12,sideways,11382.62,55.61
BTCUSDT,2019-08-13,sideways,10895.83,49.65
BTCUSDT,2019-08-14,sideways,10051.7,41.37
BTCUSDT,2019-08-15,sideways,10311.55,44.44
BTCUSDT,2019-08-16,sideways,10374.34,45.19
BTCUSDT,2019-08-17,sideways,10231.74,43.75
BTCUSDT,2019-08-18,sideways,10345.81,45.25
BTCUSDT,2019-08-19,sideways,10916.05,52.13
BTCUSDT,2019-08-20,sideways,10763.23,50.31
BTCUSDT,2019-08-21,sideways,10138.05,43.59
BTCUSDT,2019-08-22,sideways,10131.06,43.52
BTCUSDT,2019-08-23,sideways,10407.96,47.14
BTCUSDT,2019-08-24,sideways,10159.96,44.39
BTCUSDT,2019-08-25,sideways,10138.52,44.15
BTCUSDT,2019-08-26,sideways,10370.82,47.46
BTCUSDT,2019-08-27,sideways,10185.5,45.16
BTCUSDT,2019-08-28,sideways,9754.42,40.28
BTCUSDT,2019-08-29,sideways,9510.2,37.78
BTCUSDT,2019-08-30,sideways,9598.17,39.24
BTCUSDT,2019-08-31,sideways,9630.66,39.8
BTCUSDT,2019-09-01,sideways,9757.97,42.06
BTCUSDT,2019-09-02,sideways,10346.76,51.19
BTCUSDT,2019-09-03,sideways,10623.54,54.79
BTCUSDT,2019-09-04,sideways,10594.49,54.34
BTCUSDT,2019-09-05,sideways,10575.53,54.02
BTCUSDT,2019-09-06,sideways,10353.3,50.35
BTCUSDT,2019-09-07,sideways,10517.25,52.89
BTCUSDT,2019-09-08,sideways,10441.28,51.57
BTCUSDT,2019-09-09,sideways,10334.97,49.71
BTCUSDT,2019-09-10,sideways,10115.98,46.01
BTCUSDT,2019-09-11,sideways,10178.37,47.21
BTCUSDT,2019-09-12,sideways,10410.13,51.54
BTCUSDT,2019-09-13,sideways,10360.55,50.58
BTCUSDT,2019-09-14,sideways,10358.05,50.53
BTCUSDT,2019-09-15,sideways,10347.71,50.31
BTCUSDT,2019-09-16,sideways,10276.79,48.7
BTCUSDT,2019-09-17,sideways,10241.27,47.88
BTCUSDT,2019-09-18,sideways,10198.25,46.85
BTCUSDT,2019-09-19,sideways,10266.42,48.73
BTCUSDT,2019-09-20,sideways,10181.64,46.52
BTCUSDT,2019-09-21,sideways,10019.72,42.55
BTCUSDT,2019-09-22,sideways,10070.39,44.16
BTCUSDT,2019-09-23,sideways,9729.32,36.71
BTCUSDT,2019-09-24,sideways,8620.57,23.08
BTCUSDT,2019-09-25,sideways,8486.99,22.02
BTCUSDT,2019-09-26,bear,8118.97,19.38
BTCUSDT,2019-09-27,bear,8251.85,22.97
BTCUSDT,2019-09-28,bear,8245.92,22.93
BTCUSDT,2019-09-29,bear,8104.19,21.73
BTCUSDT,2019-09-30,bear,8293.87,27.2
BTCUSDT,2019-10-01,bear,8343.28,28.6
BTCUSDT,2019-10-02,bear,8393.04,30.06
BTCUSDT,2019-10-03,bear,8259.99,28.39
BTCUSDT,2019-10-04,bear,8205.94,27.72
BTCUSDT,2019-10-05,bear,8151.5,27.02
BTCUSDT,2019-10-06,bear,7988.16,24.99
BTCUSDT,2019-10-07,bear,8245.62,33.47
BTCUSDT,2019-10-08,bear,8228.78,33.2
BTCUSDT,2019-10-09,bear,8595.74,43.64
BTCUSDT,2019-10-10,bear,8586.47,43.46
BTCUSDT,2019-10-11,bear,8321.76,38.45
BTCUSDT,2019-10-12,bear,8336.56,38.87
BTCUSDT,2019-10-13,bear,8321.01,38.57
BTCUSDT,2019-10-14,bear,8374.69,40.29
BTCUSDT,2019-10-15,bear,8205.37,36.8
BTCUSDT,2019-10-16,bear,8047.53,33.85
BTCUSDT,2019-10-17,bear,8103.91,35.83
BTCUSDT,2019-10-18,bear,7973.21,33.34
BTCUSDT,2019-10-19,bear,7988.56,33.92
BTCUSDT,2019-10-20,bear,8222.08,42.17
BTCUSDT,2019-10-21,bear,8243.72,42.88
BTCUSDT,2019-10-22,bear,8078.2,38.93
BTCUSDT,2019-10-23,bear,7514.67,29.11
BTCUSDT,2019-10-24,bear,7493.49,28.82
BTCUSDT,2019-10-25,sideways,8660.7,55.51
BTCUSDT,2019-10-26,bull,9244.97,62.99
BTCUSDT,2019-10-27,bull,9551.71,66.2
BTCUSDT,2019-10-28,bull,9256.15,60.73
BTCUSDT,2019-10-29,bull,9427.69,62.66
BTCUSDT,2019-10-30,bull,9205.73,58.64
BTCUSDT,2019-10-31,bull,9199.58,58.53
BTCUSDT,2019-11-01,bull,9261.1,59.37
BTCUSDT,2019-11-02,bull,9324.72,60.26
BTCUSDT,2019-11-03,bull,9235.35,58.32
BTCUSDT,2019-11-04,bull,9412.61,61.0
BTCUSDT,2019-11-05,bull,9342.53,59.38
BTCUSDT,2019-11-06,bull,9360.88,59.68
BTCUSDT,2019-11-07,bull,9267.56,57.34
BTCUSDT,2019-11-08,sideways,8804.88,47.42
BTCUSDT,2019-11-09,sideways,8813.58,47.6
BTCUSDT,2019-11-10,sideways,9055.53,52.56
BTCUSDT,2019-11-11,sideways,8757.79,46.7
BTCUSDT,2019-11-12,sideways,8815.66,47.92
BTCUSDT,2019-11-13,sideways,8808.26,47.77
BTCUSDT,2019-11-14,sideways,8708.09,45.68
BTCUSDT,2019-11-15,sideways,8491.99,41.48
BTCUSDT,2019-11-16,sideways,8550.76,43.02
BTCUSDT,2019-11-17,sideways,8577.98,43.75
BTCUSDT,2019-11-18,sideways,8309.29,38.47
BTCUSDT,2019-11-19,sideways,8206.15,36.64
BTCUSDT,2019-11-20,sideways,8027.27,33.65
BTCUSDT,2019-11-21,bear,7642.75,28.3
BTCUSDT,2019-11-22,sideways,7296.58,24.53
BTCUSDT,2019-11-23,sideways,7397.8,27.57
BTCUSDT,2019-11-24,bear,7047.92,23.97
BTCUSDT,2019-11-25,bear,7146.13,26.86
BTCUSDT,2019-11-26,bear,7218.37,28.99
BTCUSDT,2019-11-27,bear,7531.66,37.51
BTCUSDT,2019-11-28,bear,7463.11,36.48
BTCUSDT,2019-11-29,bear,7761.24,43.73
BTCUSDT,2019-11-30,bear,7569.63,40.53
BTCUSDT,2019-12-01,bear,7424.29,38.24
BTCUSDT,2019-12-02,bear,7321.99,36.67
BTCUSDT,2019-12-03,bear,7320.15,36.64
BTCUSDT,2019-12-04,bear,7252.03,35.52
BTCUSDT,2019-12-05,bear,7448.31,41.12
BTCUSDT,2019-12-06,bear,7547.0,43.77
BTCUSDT,2019-12-07,bear,7556.24,44.02
BTCUSDT,2019-12-08,bear,7564.35,44.26
BTCUSDT,2019-12-09,bear,7400.9,40.53
BTCUSDT,2019-12-10,bear,7278.12,37.94
BTCUSDT,2019-12-11,bear,7217.43,36.69
BTCUSDT,2019-12-12,bear,7243.13,37.62
BTCUSDT,2019-12-13,bear,7269.68,38.63
BTCUSDT,2019-12-14,bear,7124.67,35.28
BTCUSDT,2019-12-15,bear,7152.3,36.41
BTCUSDT,2019-12-16,bear,6932.48,31.66
BTCUSDT,2019-12-17,bear,6640.52,26.68
BTCUSDT,2019-12-18,bear,7276.8,46.45
BTCUSDT,2019-12-19,bear,7202.84,44.93
BTCUSDT,2019-12-20,bear,7218.82,45.35
BTCUSDT,2019-12-21,bear,7191.16,44.72
BTCUSDT,2019-12-22,sideways,7511.59,52.87
BTCUSDT,2019-12-23,sideways,7355.63,49.08
BTCUSDT,2019-12-24,sideways,7322.53,48.28
BTCUSDT,2019-12-25,sideways,7275.16,47.11
BTCUSDT,2019-12-26,sideways,7238.97,46.19
BTCUSDT,2019-12-27,sideways,7290.09,47.75
BTCUSDT,2019-12-28,sideways,7317.99,48.62
BTCUSDT,2019-12-29,sideways,7422.65,51.87
BTCUSDT,2019-12-30,sideways,7293.0,47.83
BTCUSDT,2019-12-31,sideways,7193.6,44.95
BTCUSDT,2020-01-01,sideways,7200.17,45.18
BTCUSDT,2020-01-02,sideways,6985.47,39.27
BTCUSDT,2020-01-03,sideways,7344.88,50.86
BTCUSDT,2020-01-04,sideways,7410.66,52.64
BTCUSDT,2020-01-05,sideways,7411.32,52.66
BTCUSDT,2020-01-06,sideways,7769.22,61.47
BTCUSDT,2020-01-07,sideways,8163.69,68.44
BTCUSDT,2020-01-08,sideways,8079.86,65.72
BTCUSDT,2020-01-09,sideways,7879.07,59.61
BTCUSDT,2020-01-10,sideways,8166.55,64.67
BTCUSDT,2020-01-11,sideways,8037.54,60.98
BTCUSDT,2020-01-12,sideways,8192.49,63.66
BTCUSDT,2020-01-13,sideways,8144.19,62.23
BTCUSDT,2020-01-14,sideways,8827.76,71.9
BTCUSDT,2020-01-15,sideways,8807.01,71.3
BTCUSDT,2020-01-16,sideways,8723.79,68.83
BTCUSDT,2020-01-17,sideways,8929.04,71.46
BTCUSDT,2020-01-18,sideways,8942.81,71.63
BTCUSDT,2020-01-19,sideways,8706.25,64.42
BTCUSDT,2020-01-20,sideways,8657.64,63.02
BTCUSDT,2020-01-21,sideways,8745.89,64.53
BTCUSDT,2020-01-22,sideways,8680.88,62.51
BTCUSDT,2020-01-23,sideways,8406.52,54.7
BTCUSDT,2020-01-24,sideways,8445.43,55.55
BTCUSDT,2020-01-25,sideways,8367.85,53.4
BTCUSDT,2020-01-26,sideways,8596.83,58.5
BTCUSDT,2020-01-27,sideways,8909.82,64.25
BTCUSDT,2020-01-28,bull,9358.59,70.56
BTCUSDT,2020-01-29,bull,9316.63,69.33
BTCUSDT,2020-01-30,bull,9508.99,71.76
BTCUSDT,2020-01-31,bull,9350.53,67.04
BTCUSDT,2020-02-01,bull,9392.88,67.65
BTCUSDT,2020-02-02,bull,9344.37,66.14
BTCUSDT,2020-02-03,bull,9293.52,64.51
BTCUSDT,2020-02-04,bull,9180.96,60.93
BTCUSDT,2020-02-05,bull,9613.42,68.22
BTCUSDT,2020-02-06,bull,9729.8,69.86
BTCUSDT,2020-02-07,bull,9795.94,70.77
BTCUSDT,2020-02-08,bull,9865.12,71.74
BTCUSDT,2020-02-09,bull,10116.67,74.99
BTCUSDT,2020-02-10,bull,9856.61,66.48
BTCUSDT,2020-02-11,bull,10208.24,71.24
BTCUSDT,2020-02-12,bull,10326.05,72.64
BTCUSDT,2020-02-13,bull,10214.38,69.2
BTCUSDT,2020-02-14,bull,10312.12,70.51
BTCUSDT,2020-02-15,bull,9889.42,58.81
BTCUSDT,2020-02-16,bull,9934.43,59.58
BTCUSDT,2020-02-17,bull,9690.14,53.72
BTCUSDT,2020-02-18,bull,10142.0,61.3
BTCUSDT,2020-02-19,bull,9633.39,51.14
BTCUSDT,2020-02-20,bull,9608.48,50.7
BTCUSDT,2020-02-21,bull,9686.44,52.1
BTCUSDT,2020-02-22,bull,9663.18,51.63
BTCUSDT,2020-02-23,bull,9924.52,56.4
BTCUSDT,2020-02-24,bull,9650.17,50.74
BTCUSDT,2020-02-25,bull,9341.71,45.25
BTCUSDT,2020-02-26,sideways,8820.52,37.8
BTCUSDT,2020-02-27,bear,8784.49,37.35
BTCUSDT,2020-02-28,bear,8672.46,35.89
BTCUSDT,2020-02-29,bear,8599.51,34.94
BTCUSDT,2020-03-01,bear,8562.45,34.44
BTCUSDT,2020-03-02,sideways,8869.67,41.88
BTCUSDT,2020-03-03,sideways,8787.79,40.55
BTCUSDT,2020-03-04,sideways,8755.25,40.01
BTCUSDT,2020-03-05,sideways,9078.76,47.5
BTCUSDT,2020-03-06,sideways,9122.55,48.44
BTCUSDT,2020-03-07,sideways,8909.95,44.3
BTCUSDT,2020-03-08,bear,8108.12,32.89
BTCUSDT,2020-03-09,bear,7923.64,30.91
BTCUSDT,2020-03-10,bear,7909.73,30.76
BTCUSDT,2020-03-11,bear,7911.43,30.81
BTCUSDT,2020-03-12,bear,4970.79,14.08
BTCUSDT,2020-03-13,bear,5563.71,23.14
BTCUSDT,2020-03-14,bear,5200.37,21.64
BTCUSDT,2020-03-15,bear,5392.31,24.43
BTCUSDT,2020-03-16,bear,5014.48,22.71
BTCUSDT,2020-03-17,bear,5225.63,25.85
BTCUSDT,2020-03-18,bear,5238.44,26.05
BTCUSDT,2020-03-19,bear,6191.19,38.99
BTCUSDT,2020-03-20,bear,6198.78,39.08
BTCUSDT,2020-03-21,bear,6185.07,38.96
BTCUSDT,2020-03-22,bear,5830.25,36.04
BTCUSDT,2020-03-23,bear,6416.31,43.57
BTCUSDT,2020-03-24,bear,6734.8,47.2
BTCUSDT,2020-03-25,bear,6681.06,46.65
BTCUSDT,2020-03-26,bear,6716.44,47.09
BTCUSDT,2020-03-27,bear,6469.8,44.38
BTCUSDT,2020-03-28,bear,6242.19,41.98
BTCUSDT,2020-03-29,bear,5922.04,38.8
BTCUSDT,2020-03-30,bear,6429.84,45.81
BTCUSDT,2020-03-31,bear,6438.64,45.92
BTCUSDT,2020-04-01,bear,6606.78,48.2
BTCUSDT,2020-04-02,bear,6793.62,50.68
BTCUSDT,2020-04-03,bear,6733.39,49.85
BTCUSDT,2020-04-04,bear,6867.53,51.75
BTCUSDT,2020-04-05,bear,6791.13,50.57
BTCUSDT,2020-04-06,bear,7271.78,57.15
BTCUSDT,2020-04-07,bear,7176.41,55.57
BTCUSDT,2020-04-08,bear,7334.1,57.65
BTCUSDT,2020-04-09,bear,7302.09,57.07
BTCUSDT,2020-04-10,bear,6865.49,49.66
BTCUSDT,2020-04-11,sideways,6859.08,49.56
BTCUSDT,2020-04-12,sideways,6971.09,51.43
BTCUSDT,2020-04-13,sideways,6845.04,49.22
BTCUSDT,2020-04-14,sideways,6842.43,49.17
BTCUSDT,2020-04-15,sideways,6642.11,45.56
BTCUSDT,2020-04-16,sideways,7116.8,54.15
BTCUSDT,2020-04-17,sideways,7096.18,53.75
BTCUSDT,2020-04-18,sideways,7257.67,56.45
BTCUSDT,2020-04-19,sideways,7189.42,54.99
BTCUSDT,2020-04-20,sideways,6881.96,48.87
BTCUSDT,2020-04-21,sideways,6880.32,48.84
BTCUSDT,2020-04-22,sideways,7117.21,53.46
BTCUSDT,2020-04-23,sideways,7429.72,58.76
BTCUSDT,2020-04-24,sideways,7550.9,60.63
BTCUSDT,2020-04-25,sideways,7569.94,60.93
BTCUSDT,2020-04-26,sideways,7679.87,62.7
BTCUSDT,2020-04-27,sideways,7795.6,64.51
BTCUSDT,2020-04-28,sideways,7807.06,64.7
BTCUSDT,2020-04-29,bull,8801.04,76.2
BTCUSDT,2020-04-30,bull,8658.55,72.55
BTCUSDT,2020-05-01,bull,8864.77,74.46
BTCUSDT,2020-05-02,bull,8988.6,75.55
BTCUSDT,2020-05-03,bull,8897.47,73.07
BTCUSDT,2020-05-04,bull,8912.65,73.22
BTCUSDT,2020-05-05,bull,9003.07,74.2
BTCUSDT,2020-05-06,bull,9268.76,76.86
BTCUSDT,2020-05-07,bull,9951.52,81.99
BTCUSDT,2020-05-08,bull,9842.67,78.98
BTCUSDT,2020-05-09,bull,9593.9,72.44
BTCUSDT,2020-05-10,bull,8756.43,55.7
BTCUSDT,2020-05-11,bull,8601.8,53.26
BTCUSDT,2020-05-12,bull,8804.48,55.99
BTCUSDT,2020-05-13,bull,9269.99,61.54
BTCUSDT,2020-05-14,bull,9733.72,66.12
BTCUSDT,2020-05-15,bull,9328.2,59.45
BTCUSDT,2020-05-16,bull,9377.01,59.97
BTCUSDT,2020-05-17,bull,9670.74,63.07
BTCUSDT,2020-05-18,bull,9726.58,63.64
BTCUSDT,2020-05-19,bull,9729.04,63.67
BTCUSDT,2020-05-20,bull,9522.98,59.69
BTCUSDT,2020-05-21,bull,9081.76,52.18
BTCUSDT,2020-05-22,bull,9182.58,53.62
BTCUSDT,2020-05-23,bull,9209.29,54.01
BTCUSDT,2020-05-24,bull,8790.37,47.24
BTCUSDT,2020-05-25,bull,8906.93,49.15
BTCUSDT,2020-05-26,bull,8835.05,47.99
BTCUSDT,2020-05-27,bull,9181.02,53.64
BTCUSDT,2020-05-28,bull,9525.75,58.48
BTCUSDT,2020-05-29,bull,9439.12,56.87
BTCUSDT,2020-05-30,bull,9700.41,60.4
BTCUSDT,2020-05-31,bull,9461.06,55.89
BTCUSDT,2020-06-01,bull,10167.27,64.36
BTCUSDT,2020-06-02,bull,9529.8,54.24
BTCUSDT,2020-06-03,bull,9656.72,55.73
BTCUSDT,2020-06-04,bull,9800.64,57.42
BTCUSDT,2020-06-05,sideways,9665.53,55.28
BTCUSDT,2020-06-06,sideways,9653.68,55.09
BTCUSDT,2020-06-07,sideways,9758.85,56.55
BTCUSDT,2020-06-08,sideways,9771.49,56.73
BTCUSDT,2020-06-09,bull,9795.7,57.1
BTCUSDT,2020-06-10,bull,9870.09,58.28
BTCUSDT,2020-06-11,bull,9321.78,47.83
BTCUSDT,2020-06-12,sideways,9480.84,50.6
BTCUSDT,2020-06-13,sideways,9475.28,50.5
BTCUSDT,2020-06-14,sideways,9386.79,48.83
BTCUSDT,2020-06-15,sideways,9450.7,50.11
BTCUSDT,2020-06-16,sideways,9538.02,51.88
BTCUSDT,2020-06-17,sideways,9480.25,50.6
BTCUSDT,2020-06-18,sideways,9411.84,49.06
BTCUSDT,2020-06-19,sideways,9288.02,46.3
BTCUSDT,2020-06-20,sideways,9332.34,47.44
BTCUSDT,2020-06-21,sideways,9303.63,46.75
BTCUSDT,2020-06-22,sideways,9648.72,55.2
BTCUSDT,2020-06-23,bull,9629.66,54.68
BTCUSDT,2020-06-24,sideways,9313.61,46.86
BTCUSDT,2020-06-25,sideways,9264.81,45.77
BTCUSDT,2020-06-26,sideways,9162.92,43.5
BTCUSDT,2020-06-27,sideways,9045.39,40.97
BTCUSDT,2020-06-28,sideways,9143.58,43.9
BTCUSDT,2020-06-29,sideways,9190.85,45.31
BTCUSDT,2020-06-30,sideways,9137.99,43.98
BTCUSDT,2020-07-01,sideways,9228.33,46.85
BTCUSDT,2020-07-02,sideways,9123.41,44.03
BTCUSDT,2020-07-03,sideways,9087.3,43.07
BTCUSDT,2020-07-04,sideways,9132.49,44.69
BTCUSDT,2020-07-05,sideways,9073.94,42.98
BTCUSDT,2020-07-06,sideways,9375.47,52.98
BTCUSDT,2020-07-07,sideways,9252.28,49.19
BTCUSDT,2020-07-08,sideways,9428.33,54.23
BTCUSDT,2020-07-09,sideways,9277.97,49.69
BTCUSDT,2020-07-10,sideways,9278.81,49.72
BTCUSDT,2020-07-11,sideways,9240.35,48.52
BTCUSDT,2020-07-12,sideways,9276.5,49.75
BTCUSDT,2020-07-13,sideways,9243.61,48.61
BTCUSDT,2020-07-14,sideways,9243.21,48.59
BTCUSDT,2020-07-15,sideways,9192.84,46.69
BTCUSDT,2020-07-16,sideways,9132.23,44.44
BTCUSDT,2020-07-17,sideways,9151.39,45.34
BTCUSDT,2020-07-18,sideways,9159.04,45.72
BTCUSDT,2020-07-19,sideways,9185.82,47.09
BTCUSDT,2020-07-20,sideways,9164.23,46.08
BTCUSDT,2020-07-21,sideways,9374.89,56.02
BTCUSDT,2020-07-22,sideways,9525.36,61.49
BTCUSDT,2020-07-23,sideways,9581.07,63.31
BTCUSDT,2020-07-24,sideways,9536.89,60.85
BTCUSDT,2020-07-25,sideways,9677.11,65.43
BTCUSDT,2020-07-26,bull,9905.17,71.31
BTCUSDT,2020-07-27,bull,10990.87,84.67
BTCUSDT,2020-07-28,bull,10912.82,81.72
BTCUSDT,2020-07-29,bull,11100.47,83.24
BTCUSDT,2020-07-30,bull,11111.21,83.32
BTCUSDT,2020-07-31,bull,11323.47,84.94
BTCUSDT,2020-08-01,bull,11759.59,87.61
BTCUSDT,2020-08-02,bull,11053.61,66.93
BTCUSDT,2020-08-03,bull,11246.35,69.08
BTCUSDT,2020-08-04,bull,11205.89,68.08
BTCUSDT,2020-08-05,bull,11747.02,73.58
BTCUSDT,2020-08-06,bull,11779.77,73.87
BTCUSDT,2020-08-07,bull,11601.47,69.36
BTCUSDT,2020-08-08,bull,11754.05,70.99
BTCUSDT,2020-08-09,bull,11675.74,68.96
BTCUSDT,2020-08-10,bull,11878.11,71.25
BTCUSDT,2020-08-11,bull,11410.53,60.19
BTCUSDT,2020-08-12,bull,11584.93,62.53
BTCUSDT,2020-08-13,bull,11784.14,65.05
BTCUSDT,2020-08-14,bull,11768.87,64.69
BTCUSDT,2020-08-15,bull,11865.7,65.97
BTCUSDT,2020-08-16,bull,11892.8,66.34
BTCUSDT,2020-08-17,bull,12254.4,70.88
BTCUSDT,2020-08-18,bull,11991.23,64.11
BTCUSDT,2020-08-19,bull,11758.28,58.75
BTCUSDT,2020-08-20,bull,11878.37,60.58
BTCUSDT,2020-08-21,bull,11592.49,54.4
BTCUSDT,2020-08-22,bull,11681.83,55.92
BTCUSDT,2020-08-23,bull,11664.85,55.54
BTCUSDT,2020-08-24,bull,11774.6,57.53
BTCUSDT,2020-08-25,bull,11366.13,48.77
BTCUSDT,2020-08-26,sideways,11488.36,51.16
BTCUSDT,2020-08-27,sideways,11323.4,47.91
BTCUSDT,2020-08-28,sideways,11542.5,52.26
BTCUSDT,2020-08-29,sideways,11506.87,51.5
BTCUSDT,2020-08-30,sideways,11711.51,55.47
BTCUSDT,2020-08-31,sideways,11680.82,54.75
BTCUSDT,2020-09-01,bull,11970.48,60.05
BTCUSDT,2020-09-02,sideways,11414.03,48.34
BTCUSDT,2020-09-03,sideways,10245.3,33.54
BTCUSDT,2020-09-04,sideways,10511.81,38.19
BTCUSDT,2020-09-05,sideways,10169.57,34.82
BTCUSDT,2020-09-06,sideways,10280.35,36.77
BTCUSDT,2020-09-07,sideways,10369.56,38.36
BTCUSDT,2020-09-08,sideways,10131.52,35.77
BTCUSDT,2020-09-09,sideways,10242.35,37.87
BTCUSDT,2020-09-10,sideways,10363.14,40.17
BTCUSDT,2020-09-11,sideways,10400.92,40.91
BTCUSDT,2020-09-12,sideways,10442.17,41.75
BTCUSDT,2020-09-13,sideways,10323.76,39.99
BTCUSDT,2020-09-14,sideways,10680.84,47.23
BTCUSDT,2020-09-15,sideways,10796.95,49.37
BTCUSDT,2020-09-16,sideways,10974.91,52.55
BTCUSDT,2020-09-17,sideways,10948.99,52.03
BTCUSDT,2020-09-18,sideways,10944.59,51.94
BTCUSDT,2020-09-19,sideways,11094.35,54.88
BTCUSDT,2020-09-20,sideways,10938.27,51.36
BTCUSDT,2020-09-21,sideways,10462.26,42.41
BTCUSDT,2020-09-22,sideways,10538.46,44.09
BTCUSDT,2020-09-23,sideways,10246.19,39.35
BTCUSDT,2020-09-24,sideways,10760.07,49.61
BTCUSDT,2020-09-25,sideways,10692.72,48.45
BTCUSDT,2020-09-26,sideways,10750.72,49.54
BTCUSDT,2020-09-27,sideways,10775.27,50.02
BTCUSDT,2020-09-28,sideways,10709.65,48.68
BTCUSDT,2020-09-29,sideways,10844.64,51.56
BTCUSDT,2020-09-30,sideways,10784.49,50.21
BTCUSDT,2020-10-01,sideways,10619.45,46.6
BTCUSDT,2020-10-02,sideways,10575.97,45.67
BTCUSDT,2020-10-03,sideways,10549.33,45.08
BTCUSDT,2020-10-04,sideways,10669.58,48.34
BTCUSDT,2020-10-05,sideways,10793.34,51.54
BTCUSDT,2020-10-06,sideways,10604.41,46.78
BTCUSDT,2020-10-07,sideways,10668.97,48.53
BTCUSDT,2020-10-08,bull,10915.69,54.66
BTCUSDT,2020-10-09,bull,11064.46,57.91
BTCUSDT,2020-10-10,bull,11296.36,62.43
BTCUSDT,2020-10-11,bull,11384.18,64.01
BTCUSDT,2020-10-12,bull,11555.36,66.93
BTCUSDT,2020-10-13,bull,11425.9,62.78
BTCUSDT,2020-10-14,bull,11429.51,62.85
BTCUSDT,2020-10-15,bull,11495.35,64.16
BTCUSDT,2020-10-16,sideways,11322.12,58.35
BTCUSDT,2020-10-17,sideways,11358.1,59.17
BTCUSDT,2020-10-18,sideways,11483.36,62.0
BTCUSDT,2020-10-19,bull,11742.04,67.08
BTCUSDT,2020-10-20,bull,11916.33,69.99
BTCUSDT,2020-10-21,bull,12823.69,79.93
BTCUSDT,2020-10-22,bull,12965.89,80.99
BTCUSDT,2020-10-23,bull,12931.54,79.89
BTCUSDT,2020-10-24,bull,13108.06,81.3
BTCUSDT,2020-10-25,bull,13031.17,78.71
BTCUSDT,2020-10-26,bull,13075.25,79.12
BTCUSDT,2020-10-27,bull,13654.22,83.59
BTCUSDT,2020-10-28,bull,13271.29,72.54
BTCUSDT,2020-10-29,bull,13437.88,74.14
BTCUSDT,2020-10-30,bull,13546.52,75.16
BTCUSDT,2020-10-31,bull,13781.0,77.24
BTCUSDT,2020-11-01,bull,13737.11,75.96
BTCUSDT,2020-11-02,bull,13550.49,70.59
BTCUSDT,2020-11-03,bull,13950.3,74.71
BTCUSDT,2020-11-04,bull,14133.71,76.35
BTCUSDT,2020-11-05,bull,15579.85,84.74
BTCUSDT,2020-11-06,bull,15565.88,84.43
BTCUSDT,2020-11-07,bull,14833.75,69.92
BTCUSDT,2020-11-08,bull,15479.57,74.14
BTCUSDT,2020-11-09,bull,15332.32,71.67
BTCUSDT,2020-11-10,bull,15290.9,70.95
BTCUSDT,2020-11-11,bull,15701.34,73.75
BTCUSDT,2020-11-12,bull,16276.34,77.08
BTCUSDT,2020-11-13,bull,16317.81,77.31
BTCUSDT,2020-11-14,bull,16068.14,72.71
BTCUSDT,2020-11-15,bull,15955.59,70.66
BTCUSDT,2020-11-16,bull,16716.11,75.64
BTCUSDT,2020-11-17,bull,17645.41,80.09
BTCUSDT,2020-11-18,bull,17804.01,80.73
BTCUSDT,2020-11-19,bull,17817.09,80.79
BTCUSDT,2020-11-20,bull,18621.31,83.86
BTCUSDT,2020-11-21,bull,18642.23,83.93
BTCUSDT,2020-11-22,bull,18370.0,79.0
BTCUSDT,2020-11-23,bull,18364.12,78.89
BTCUSDT,2020-11-24,bull,19107.46,82.2
BTCUSDT,2020-11-25,bull,18732.12,75.74
BTCUSDT,2020-11-26,bull,17150.62,55.83
BTCUSDT,2020-11-27,bull,17108.4,55.41
BTCUSDT,2020-11-28,bull,17717.41,60.06
BTCUSDT,2020-11-29,bull,18177.48,63.19
BTCUSDT,2020-11-30,bull,19625.84,70.91
BTCUSDT,2020-12-01,bull,18803.0,62.85
BTCUSDT,2020-12-02,bull,19201.09,64.92
BTCUSDT,2020-12-03,bull,19445.4,66.17
BTCUSDT,2020-12-04,bull,18699.77,59.23
BTCUSDT,2020-12-05,bull,19154.23,61.86
BTCUSDT,2020-12-06,bull,19345.12,62.94
BTCUSDT,2020-12-07,bull,19191.63,61.43
BTCUSDT,2020-12-08,bull,18321.14,53.6
BTCUSDT,2020-12-09,bull,18553.92,55.24
BTCUSDT,2020-12-10,bull,18264.99,52.75
BTCUSDT,2020-12-11,bull,18058.9,50.98
BTCUSDT,2020-12-12,bull,18803.66,56.64
BTCUSDT,2020-12-13,bull,19142.38,58.96
BTCUSDT,2020-12-14,bull,19246.64,59.68
BTCUSDT,2020-12-15,bull,19417.08,60.88
BTCUSDT,2020-12-16,bull,21310.6,71.16
BTCUSDT,2020-12-17,bull,22805.16,76.42
BTCUSDT,2020-12-18,bull,23137.96,77.41
BTCUSDT,2020-12-19,bull,23869.83,79.45
BTCUSDT,2020-12-20,bull,23477.29,75.51
BTCUSDT,2020-12-21,bull,22803.08,69.17
BTCUSDT,2020-12-22,bull,23783.03,72.75
BTCUSDT,2020-12-23,bull,23241.35,68.04
BTCUSDT,2020-12-24,bull,23735.95,69.95
BTCUSDT,2020-12-25,bull,24664.79,73.2
BTCUSDT,2020-12-26,bull,26437.04,78.06
BTCUSDT,2020-12-27,bull,26272.29,76.67
BTCUSDT,2020-12-28,bull,27084.81,78.69
BTCUSDT,2020-12-29,bull,27362.44,79.35
BTCUSDT,2020-12-30,bull,28840.95,82.46
BTCUSDT,2020-12-31,bull,29001.72,82.76
BTCUSDT,2021-01-01,bull,29374.15,83.47
BTCUSDT,2021-01-02,bull,32127.27,87.57
BTCUSDT,2021-01-03,bull,32782.02,88.31
BTCUSDT,2021-01-04,bull,31971.91,81.8
BTCUSDT,2021-01-05,bull,33992.43,84.81
BTCUSDT,2021-01-06,bull,36824.36,87.84
BTCUSDT,2021-01-07,bull,39371.04,89.81
BTCUSDT,2021-01-08,bull,40797.61,90.72
BTCUSDT,2021-01-09,bull,40254.55,87.53
BTCUSDT,2021-01-10,bull,38356.44,77.28
BTCUSDT,2021-01-11,bull,35566.66,65.2
BTCUSDT,2021-01-12,bull,33922.96,59.32
BTCUSDT,2021-01-13,bull,37316.36,66.12
BTCUSDT,2021-01-14,bull,39187.33,69.18
BTCUSDT,2021-01-15,bull,36825.37,61.62
BTCUSDT,2021-01-16,bull,36178.14,59.69
BTCUSDT,2021-01-17,bull,35791.28,58.51
BTCUSDT,2021-01-18,bull,36630.07,60.34
BTCUSDT,2021-01-19,bull,36069.8,58.49
BTCUSDT,2021-01-20,bull,35547.75,56.74
BTCUSDT,2021-01-21,bull,30825.7,43.95
BTCUSDT,2021-01-22,bull,33005.76,49.6
BTCUSDT,2021-01-23,bull,32067.64,47.39
BTCUSDT,2021-01-24,bull,32289.38,47.98
BTCUSDT,2021-01-25,bull,32366.39,48.2
BTCUSDT,2021-01-26,bull,32569.85,48.8
BTCUSDT,2021-01-27,bull,30432.55,43.07
BTCUSDT,2021-01-28,bull,33466.1,51.74
BTCUSDT,2021-01-29,bull,34316.39,53.86
BTCUSDT,2021-01-30,bull,34269.52,53.72
BTCUSDT,2021-01-31,bull,33114.36,50.25
BTCUSDT,2021-02-01,sideways,33537.18,51.48
BTCUSDT,2021-02-02,bull,35510.29,56.86
BTCUSDT,2021-02-03,bull,37472.09,61.44
BTCUSDT,2021-02-04,bull,36926.07,59.55
BTCUSDT,2021-02-05,sideways,38144.31,62.34
BTCUSDT,2021-02-06,sideways,39266.01,64.75
BTCUSDT,2021-02-07,sideways,38903.44,63.34
BTCUSDT,2021-02-08,bull,46196.46,75.09
BTCUSDT,2021-02-09,bull,46481.11,75.43
BTCUSDT,2021-02-10,bull,44918.18,69.93
BTCUSDT,2021-02-11,bull,47909.33,73.86
BTCUSDT,2021-02-12,bull,47504.85,72.48
BTCUSDT,2021-02-13,bull,47105.52,71.07
BTCUSDT,2021-02-14,bull,48717.29,73.32
BTCUSDT,2021-02-15,bull,47945.06,70.49
BTCUSDT,2021-02-16,bull,49199.87,72.36
BTCUSDT,2021-02-17,bull,52149.01,76.18
BTCUSDT,2021-02-18,bull,51679.8,74.42
BTCUSDT,2021-02-19,bull,55888.13,79.09
BTCUSDT,2021-02-20,bull,56099.52,79.3
BTCUSDT,2021-02-21,bull,57539.95,80.68
BTCUSDT,2021-02-22,bull,54207.32,69.14
BTCUSDT,2021-02-23,bull,48824.43,55.36
BTCUSDT,2021-02-24,bull,49705.33,56.88
BTCUSDT,2021-02-25,bull,47093.85,51.32
BTCUSDT,2021-02-26,bull,46339.76,49.8
BTCUSDT,2021-02-27,bull,46188.45,49.49
BTCUSDT,2021-02-28,bull,45137.77,47.25
BTCUSDT,2021-03-01,bull,49631.24,56.34
BTCUSDT,2021-03-02,bull,48378.99,53.57
BTCUSDT,2021-03-03,bull,50538.24,57.46
BTCUSDT,2021-03-04,bull,48561.17,53.08
BTCUSDT,2021-03-05,bull,48927.3,53.78
BTCUSDT,2021-03-06,bull,48912.38,53.74
BTCUSDT,2021-03-07,bull,51206.69,58.28
BTCUSDT,2021-03-08,bull,52246.52,60.19
BTCUSDT,2021-03-09,bull,54824.12,64.52
BTCUSDT,2021-03-10,bull,56008.55,66.33
BTCUSDT,2021-03-11,bull,57805.12,68.92
BTCUSDT,2021-03-12,bull,57332.09,67.45
BTCUSDT,2021-03-13,bull,61243.09,72.65
BTCUSDT,2021-03-14,bull,59302.32,66.93
BTCUSDT,2021-03-15,bull,55907.2,58.29
BTCUSDT,2021-03-16,bull,56804.9,59.77
BTCUSDT,2021-03-17,bull,58870.89,63.02
BTCUSDT,2021-03-18,bull,57858.92,60.45
BTCUSDT,2021-03-19,bull,58346.65,61.27
BTCUSDT,2021-03-20,bull,58313.64,61.17
BTCUSDT,2021-03-21,sideways,57523.42,58.88
BTCUSDT,2021-03-22,sideways,54529.14,51.06
BTCUSDT,2021-03-23,sideways,54738.95,51.55
BTCUSDT,2021-03-24,sideways,52774.27,46.86
BTCUSDT,2021-03-25,bull,51704.16,44.49
BTCUSDT,2021-03-26,bull,55137.31,52.75
BTCUSDT,2021-03-27,bull,55973.51,54.53
BTCUSDT,2021-03-28,bull,55950.75,54.47
BTCUSDT,2021-03-29,bull,57750.2,58.37
BTCUSDT,2021-03-30,bull,58917.69,60.72
BTCUSDT,2021-03-31,bull,58918.83,60.72
BTCUSDT,2021-04-01,bull,59095.81,61.11
BTCUSDT,2021-04-02,bull,59384.31,61.77
BTCUSDT,2021-04-03,bull,57603.89,55.51
BTCUSDT,2021-04-04,bull,58758.55,58.45
BTCUSDT,2021-04-05,bull,59057.88,59.2
BTCUSDT,2021-04-06,bull,58192.36,56.04
BTCUSDT,2021-04-07,bull,56048.94,49.06
BTCUSDT,2021-04-08,bull,58323.95,55.41
BTCUSDT,2021-04-09,sideways,58245.0,55.15
BTCUSDT,2021-04-10,sideways,59793.23,59.16
BTCUSDT,2021-04-11,bull,60204.96,60.17
BTCUSDT,2021-04-12,sideways,59893.45,58.98
BTCUSDT,2021-04-13,bull,63503.46,67.14
BTCUSDT,2021-04-14,bull,63109.7,65.6
BTCUSDT,2021-04-15,bull,63314.01,66.04
BTCUSDT,2021-04-16,sideways,61572.79,59.19
BTCUSDT,2021-04-17,sideways,60683.82,56.0
BTCUSDT,2021-04-18,sideways,56216.18,43.35
BTCUSDT,2021-04-19,sideways,55724.27,42.22
BTCUSDT,2021-04-20,sideways,56473.03,44.59
BTCUSDT,2021-04-21,sideways,53906.09,38.73
BTCUSDT,2021-04-22,sideways,51762.27,34.63
BTCUSDT,2021-04-23,sideways,51093.65,33.44
BTCUSDT,2021-04-24,sideways,50050.87,31.62
BTCUSDT,2021-04-25,sideways,49004.25,29.86
BTCUSDT,2021-04-26,sideways,54021.75,45.51
BTCUSDT,2021-04-27,sideways,55033.12,48.02
BTCUSDT,2021-04-28,sideways,54824.7,47.54
BTCUSDT,2021-04-29,sideways,53555.11,44.57
BTCUSDT,2021-04-30,sideways,57750.18,54.64
BTCUSDT,2021-05-01,sideways,57828.05,54.81
BTCUSDT,2021-05-02,sideways,56631.08,51.71
BTCUSDT,2021-05-03,sideways,57200.29,53.07
BTCUSDT,2021-05-04,sideways,53333.54,44.01
BTCUSDT,2021-05-05,sideways,57424.01,53.12
BTCUSDT,2021-05-06,sideways,56396.52,50.88
BTCUSDT,2021-05-07,sideways,57356.4,52.88
BTCUSDT,2021-05-08,sideways,58803.78,55.8
BTCUSDT,2021-05-09,sideways,58232.32,54.37
BTCUSDT,2021-05-10,sideways,55859.8,48.77
BTCUSDT,2021-05-11,sideways,56704.57,50.72
BTCUSDT,2021-05-12,sideways,49150.54,37.13
BTCUSDT,2021-05-13,sideways,49716.19,38.46
BTCUSDT,2021-05-14,sideways,49880.54,38.86
BTCUSDT,2021-05-15,sideways,46760.19,34.26
BTCUSDT,2021-05-16,sideways,46456.06,33.84
BTCUSDT,2021-05-17,sideways,43537.51,30.03
BTCUSDT,2021-05-18,sideways,42909.4,29.26
BTCUSDT,2021-05-19,bear,37002.44,23.27
BTCUSDT,2021-05-20,sideways,40782.74,32.76
BTCUSDT,2021-05-21,bear,37304.69,29.18
BTCUSDT,2021-05-22,bear,37536.63,29.73
BTCUSDT,2021-05-23,bear,34770.58,27.03
BTCUSDT,2021-05-24,bear,38705.98,35.95
BTCUSDT,2021-05-25,bear,38402.22,35.59
BTCUSDT,2021-05-26,bear,39294.2,37.57
BTCUSDT,2021-05-27,bear,38436.97,36.41
BTCUSDT,2021-05-28,bear,35697.61,32.91
BTCUSDT,2021-05-29,bear,34616.07,31.62
BTCUSDT,2021-05-30,bear,35678.13,34.35
BTCUSDT,2021-05-31,bear,37332.86,38.46
BTCUSDT,2021-06-01,bear,36684.93,37.47
BTCUSDT,2021-06-02,bear,37575.18,39.77
BTCUSDT,2021-06-03,bear,39208.77,43.84
BTCUSDT,2021-06-04,bear,36894.41,39.74
BTCUSDT,2021-06-05,bear,35551.96,37.55
BTCUSDT,2021-06-06,bear,35862.38,38.39
BTCUSDT,2021-06-07,bear,33560.71,34.64
BTCUSDT,2021-06-08,bear,33472.63,34.5
BTCUSDT,2021-06-09,bear,37345.12,44.96
BTCUSDT,2021-06-10,bear,36702.6,43.71
BTCUSDT,2021-06-11,bear,37334.4,45.32
BTCUSDT,2021-06-12,bear,35552.52,41.7
BTCUSDT,2021-06-13,bear,39097.86,50.21
BTCUSDT,2021-06-14,bear,40218.48,52.57
BTCUSDT,2021-06-15,bear,40406.27,52.97
BTCUSDT,2021-06-16,bear,38347.06,48.15
BTCUSDT,2021-06-17,bear,38053.5,47.49
BTCUSDT,2021-06-18,sideways,35787.25,42.61
BTCUSDT,2021-06-19,bear,35615.87,42.26
BTCUSDT,2021-06-20,sideways,35698.3,42.51
BTCUSDT,2021-06-21,bear,31676.69,34.71
BTCUSDT,2021-06-22,bear,32505.66,37.26
BTCUSDT,2021-06-23,bear,33723.03,40.92
BTCUSDT,2021-06-24,bear,34662.44,43.65
BTCUSDT,2021-06-25,bear,31637.78,37.62
BTCUSDT,2021-06-26,bear,32186.28,39.26
BTCUSDT,2021-06-27,sideways,34649.64,46.1
BTCUSDT,2021-06-28,sideways,34434.34,45.62
BTCUSDT,2021-06-29,sideways,35867.78,49.43
BTCUSDT,2021-06-30,bear,35040.84,47.37
BTCUSDT,2021-07-01,bear,33572.12,43.87
BTCUSDT,2021-07-02,bear,33897.05,44.84
BTCUSDT,2021-07-03,bear,34668.55,47.18
BTCUSDT,2021-07-04,sideways,35287.78,49.04
BTCUSDT,2021-07-05,bear,33746.0,44.8
BTCUSDT,2021-07-06,sideways,34235.2,46.38
BTCUSDT,2021-07-07,sideways,33855.33,45.3
BTCUSDT,2021-07-08,sideways,32877.37,42.53
BTCUSDT,2021-07-09,bear,33798.01,45.88
BTCUSDT,2021-07-10,bear,33520.52,45.03
BTCUSDT,2021-07-11,bear,34240.19,47.74
BTCUSDT,2021-07-12,bear,33155.85,44.2
BTCUSDT,2021-07-13,bear,32702.03,42.78
BTCUSDT,2021-07-14,bear,32822.35,43.3
BTCUSDT,2021-07-15,bear,31780.73,39.9
BTCUSDT,2021-07-16,bear,31421.54,38.77
BTCUSDT,2021-07-17,bear,31533.07,39.35
BTCUSDT,2021-07-18,bear,31796.81,40.76
BTCUSDT,2021-07-19,bear,30817.83,37.28
BTCUSDT,2021-07-20,bear,29807.35,34.05
BTCUSDT,2021-07-21,sideways,32110.69,45.62
BTCUSDT,2021-07-22,sideways,32313.11,46.51
BTCUSDT,2021-07-23,sideways,33581.55,51.81
BTCUSDT,2021-07-24,sideways,34292.45,54.54
BTCUSDT,2021-07-25,sideways,35350.19,58.31
BTCUSDT,2021-07-26,sideways,37337.54,64.31
BTCUSDT,2021-07-27,sideways,39406.94,69.26
BTCUSDT,2021-07-28,sideways,39995.91,70.52
BTCUSDT,2021-07-29,sideways,40008.42,70.55
BTCUSDT,2021-07-30,sideways,42235.55,75.02
BTCUSDT,2021-07-31,sideways,41626.2,71.81
BTCUSDT,2021-08-01,sideways,39974.89,63.83
BTCUSDT,2021-08-02,sideways,39201.95,60.45
BTCUSDT,2021-08-03,sideways,38152.98,56.1
BTCUSDT,2021-08-04,sideways,39747.5,60.73
BTCUSDT,2021-08-05,sideways,40869.55,63.63
BTCUSDT,2021-08-06,sideways,42816.5,68.04
BTCUSDT,2021-08-07,sideways,44555.8,71.38
BTCUSDT,2021-08-08,sideways,43798.12,68.05
BTCUSDT,2021-08-09,bull,46365.4,72.7
BTCUSDT,2021-08-10,bull,45585.03,69.39
BTCUSDT,2021-08-11,bull,45593.64,69.41
BTCUSDT,2021-08-12,sideways,44428.29,64.34
BTCUSDT,2021-08-13,bull,47793.32,70.94
BTCUSDT,2021-08-14,bull,47096.95,68.13
BTCUSDT,2021-08-15,bull,47047.0,67.92
BTCUSDT,2021-08-16,bull,46004.48,63.56
BTCUSDT,2021-08-17,sideways,44695.36,58.49
BTCUSDT,2021-08-18,sideways,44801.19,58.77
BTCUSDT,2021-08-19,bull,46717.58,63.66
BTCUSDT,2021-08-20,bull,49339.18,69.07
BTCUSDT,2021-08-21,bull,48905.49,67.29
BTCUSDT,2021-08-22,bull,49321.65,68.14
BTCUSDT,2021-08-23,bull,49546.15,68.61
BTCUSDT,2021-08-24,bull,47706.12,60.65
BTCUSDT,2021-08-25,bull,48960.79,63.74
BTCUSDT,2021-08-26,bull,46942.22,56.1
BTCUSDT,2021-08-27,bull,49058.67,61.33
BTCUSDT,2021-08-28,bull,48902.4,60.76
BTCUSDT,2021-08-29,bull,48829.83,60.47
BTCUSDT,2021-08-30,bull,47054.98,53.85
BTCUSDT,2021-08-31,bull,47166.69,54.19
BTCUSDT,2021-09-01,bull,48847.03,59.08
BTCUSDT,2021-09-02,bull,49327.72,60.38
BTCUSDT,2021-09-03,bull,50025.38,62.25
BTCUSDT,2021-09-04,bull,49944.62,61.89
BTCUSDT,2021-09-05,bull,51753.41,66.62
BTCUSDT,2021-09-06,bull,52633.54,68.65
BTCUSDT,2021-09-07,bull,46811.13,47.85
BTCUSDT,2021-09-08,sideways,46091.39,45.99
BTCUSDT,2021-09-09,sideways,46391.42,46.92
BTCUSDT,2021-09-10,sideways,44883.91,42.94
BTCUSDT,2021-09-11,sideways,45201.46,44.02
BTCUSDT,2021-09-12,sideways,46063.27,46.94
BTCUSDT,2021-09-13,sideways,44963.07,43.8
BTCUSDT,2021-09-14,sideways,47092.49,50.68
BTCUSDT,2021-09-15,sideways,48176.35,53.79
BTCUSDT,2021-09-16,bull,47783.36,52.5
BTCUSDT,2021-09-17,bull,47267.52,50.78
BTCUSDT,2021-09-18,sideways,48278.36,53.96
BTCUSDT,2021-09-19,sideways,47260.22,50.42
BTCUSDT,2021-09-20,bear,42843.8,38.59
BTCUSDT,2021-09-21,bear,40693.68,34.37
BTCUSDT,2021-09-22,bear,43574.51,43.32
BTCUSDT,2021-09-23,bear,44895.1,46.9
BTCUSDT,2021-09-24,bear,42839.75,42.41
BTCUSDT,2021-09-25,bear,42716.59,42.15
BTCUSDT,2021-09-26,bear,43208.54,43.64
BTCUSDT,2021-09-27,bear,42235.73,41.38
BTCUSDT,2021-09-28,bear,41034.54,38.7
BTCUSDT,2021-09-29,bear,41564.36,40.53
BTCUSDT,2021-09-30,bear,43790.89,47.59
BTCUSDT,2021-10-01,sideways,48116.94,58.02
BTCUSDT,2021-10-02,sideways,47711.49,56.87
BTCUSDT,2021-10-03,sideways,48199.95,57.95
BTCUSDT,2021-10-04,sideways,49112.9,59.96
BTCUSDT,2021-10-05,sideways,51514.81,64.73
BTCUSDT,2021-10-06,bull,55361.45,70.74
BTCUSDT,2021-10-07,bull,53805.98,65.85
BTCUSDT,2021-10-08,bull,53967.85,66.11
BTCUSDT,2021-10-09,bull,54968.22,67.76
BTCUSDT,2021-10-10,bull,54771.58,67.07
BTCUSDT,2021-10-11,bull,57484.79,71.4
BTCUSDT,2021-10-12,bull,56041.06,66.4
BTCUSDT,2021-10-13,bull,57401.1,68.63
BTCUSDT,2021-10-14,bull,57321.52,68.34
BTCUSDT,2021-10-15,bull,61593.95,74.49
BTCUSDT,2021-10-16,bull,60892.18,72.02
BTCUSDT,2021-10-17,bull,61553.62,72.93
BTCUSDT,2021-10-18,bull,62026.08,73.59
BTCUSDT,2021-10-19,bull,64261.99,76.52
BTCUSDT,2021-10-20,bull,65992.84,78.5
BTCUSDT,2021-10-21,bull,62210.17,65.47
BTCUSDT,2021-10-22,bull,60692.27,61.09
BTCUSDT,2021-10-23,bull,61393.62,62.34
BTCUSDT,2021-10-24,bull,60930.84,60.94
BTCUSDT,2021-10-25,bull,63039.82,64.81
BTCUSDT,2021-10-26,bull,60363.79,57.09
BTCUSDT,2021-10-27,bull,58482.39,52.36
BTCUSDT,2021-10-28,bull,60622.14,56.75
BTCUSDT,2021-10-29,bull,62227.96,59.74
BTCUSDT,2021-10-30,bull,61888.83,58.82
BTCUSDT,2021-10-31,bull,61318.96,57.21
BTCUSDT,2021-11-01,bull,61004.41,56.3
BTCUSDT,2021-11-02,bull,63226.4,61.03
BTCUSDT,2021-11-03,bull,62970.05,60.22
BTCUSDT,2021-11-04,bull,61452.23,55.52
BTCUSDT,2021-11-05,bull,61125.68,54.53
BTCUSDT,2021-11-06,bull,61527.48,55.58
BTCUSDT,2021-11-07,bull,63326.99,60.01
BTCUSDT,2021-11-08,bull,67566.83,68.1
BTCUSDT,2021-11-09,bull,66971.83,66.08
BTCUSDT,2021-11-10,bull,64995.23,59.74
BTCUSDT,2021-11-11,bull,64949.96,59.6
BTCUSDT,2021-11-12,bull,64155.94,57.06
BTCUSDT,2021-11-13,bull,64469.53,57.82
BTCUSDT,2021-11-14,bull,65466.84,60.25
BTCUSDT,2021-11-15,sideways,63557.87,53.86
BTCUSDT,2021-11-16,sideways,60161.25,44.77
BTCUSDT,2021-11-17,sideways,60368.01,45.37
BTCUSDT,2021-11-18,sideways,56942.14,37.96
BTCUSDT,2021-11-19,sideways,58119.58,41.5
BTCUSDT,2021-11-20,sideways,59697.2,45.95
BTCUSDT,2021-11-21,sideways,58730.48,43.75
BTCUSDT,2021-11-22,sideways,56289.29,38.72
BTCUSDT,2021-11-23,sideways,57569.07,42.46
BTCUSDT,2021-11-24,sideways,56280.43,39.82
BTCUSDT,2021-11-25,sideways,57274.68,42.77
BTCUSDT,2021-11-26,sideways,53569.77,35.74
BTCUSDT,2021-11-27,sideways,54815.08,39.35
BTCUSDT,2021-11-28,sideways,57248.46,45.76
BTCUSDT,2021-11-29,sideways,57806.57,47.14
BTCUSDT,2021-11-30,sideways,57005.43,45.36
BTCUSDT,2021-12-01,sideways,57229.83,45.97
BTCUSDT,2021-12-02,sideways,56477.82,44.17
BTCUSDT,2021-12-03,sideways,53598.25,38.04
BTCUSDT,2021-12-04,sideways,49200.7,30.96
BTCUSDT,2021-12-05,sideways,49368.85,31.49
BTCUSDT,2021-12-06,sideways,50582.62,35.31
BTCUSDT,2021-12-07,sideways,50700.09,35.68
BTCUSDT,2021-12-08,sideways,50504.8,35.32
BTCUSDT,2021-12-09,sideways,47672.12,30.45
BTCUSDT,2021-12-10,sideways,47243.3,29.78
BTCUSDT,2021-12-11,sideways,49362.51,37.13
BTCUSDT,2021-12-12,sideways,50098.34,39.5
BTCUSDT,2021-12-13,bear,46737.48,33.32
BTCUSDT,2021-12-14,bear,46612.63,33.12
BTCUSDT,2021-12-15,sideways,48896.72,40.42
BTCUSDT,2021-12-16,sideways,47665.43,38.01
BTCUSDT,2021-12-17,bear,46202.14,35.32
BTCUSDT,2021-12-18,bear,46848.78,37.43
BTCUSDT,2021-12-19,bear,46707.02,37.14
BTCUSDT,2021-12-20,bear,46880.28,37.77
BTCUSDT,2021-12-21,sideways,48936.61,44.79
BTCUSDT,2021-12-22,sideways,48628.51,43.99
BTCUSDT,2021-12-23,sideways,50784.54,50.65
BTCUSDT,2021-12-24,sideways,50822.2,50.76
BTCUSDT,2021-12-25,sideways,50429.86,49.52
BTCUSDT,2021-12-26,sideways,50809.52,50.77
BTCUSDT,2021-12-27,sideways,50640.42,50.18
BTCUSDT,2021-12-28,bear,47588.86,40.84
BTCUSDT,2021-12-29,bear,46444.71,37.99
BTCUSDT,2021-12-30,bear,47178.12,40.84
BTCUSDT,2021-12-31,bear,46306.45,38.57
BTCUSDT,2022-01-01,bear,47686.81,43.89
BTCUSDT,2022-01-02,bear,47345.22,42.9
BTCUSDT,2022-01-03,bear,46458.12,40.35
BTCUSDT,2022-01-04,bear,45897.57,38.79
BTCUSDT,2022-01-05,bear,43569.0,33.05
BTCUSDT,2022-01-06,bear,43160.93,32.15
BTCUSDT,2022-01-07,bear,41557.9,28.83
BTCUSDT,2022-01-08,bear,41733.94,29.69
BTCUSDT,2022-01-09,bear,41911.6,30.6
BTCUSDT,2022-01-10,bear,41821.26,30.38
BTCUSDT,2022-01-11,bear,42735.86,35.34
BTCUSDT,2022-01-12,bear,43949.1,41.31
BTCUSDT,2022-01-13,bear,42591.57,37.17
BTCUSDT,2022-01-14,bear,43099.7,39.61
BTCUSDT,2022-01-15,bear,43177.4,39.99
BTCUSDT,2022-01-16,bear,43113.88,39.77
BTCUSDT,2022-01-17,bear,42250.55,36.78
BTCUSDT,2022-01-18,bear,42375.63,37.51
BTCUSDT,2022-01-19,bear,41744.33,35.29
BTCUSDT,2022-01-20,bear,40680.42,31.86
BTCUSDT,2022-01-21,bear,36457.32,22.51
BTCUSDT,2022-01-22,bear,35030.25,20.34
BTCUSDT,2022-01-23,bear,36276.8,26.97
BTCUSDT,2022-01-24,bear,36654.33,28.9
BTCUSDT,2022-01-25,bear,36954.0,30.47
BTCUSDT,2022-01-26,bear,36852.12,30.22
BTCUSDT,2022-01-27,bear,37138.23,31.88
BTCUSDT,2022-01-28,bear,37784.33,35.59
BTCUSDT,2022-01-29,bear,38138.18,37.59
BTCUSDT,2022-01-30,bear,37917.6,36.82
BTCUSDT,2022-01-31,bear,38483.12,40.2
BTCUSDT,2022-02-01,bear,38743.27,41.74
BTCUSDT,2022-02-02,bear,36952.98,35.04
BTCUSDT,2022-02-03,bear,37154.6,36.28
BTCUSDT,2022-02-04,sideways,41500.88,55.86
BTCUSDT,2022-02-05,sideways,41441.16,55.61
BTCUSDT,2022-02-06,sideways,42412.43,58.87
BTCUSDT,2022-02-07,sideways,43840.29,63.15
BTCUSDT,2022-02-08,sideways,44118.45,63.94
BTCUSDT,2022-02-09,sideways,44338.8,64.59
BTCUSDT,2022-02-10,sideways,43565.11,60.49
BTCUSDT,2022-02-11,sideways,42407.94,54.88
BTCUSDT,2022-02-12,sideways,42244.47,54.12
BTCUSDT,2022-02-13,sideways,42197.52,53.88
BTCUSDT,2022-02-14,sideways,42586.92,55.58
BTCUSDT,2022-02-15,sideways,44575.2,63.07
BTCUSDT,2022-02-16,sideways,43961.86,59.72
BTCUSDT,2022-02-17,sideways,40538.01,45.29
BTCUSDT,2022-02-18,sideways,40030.98,43.61
BTCUSDT,2022-02-19,sideways,40122.16,44.01
BTCUSDT,2022-02-20,sideways,38431.38,38.52
BTCUSDT,2022-02-21,sideways,37075.28,34.78
BTCUSDT,2022-02-22,sideways,38286.03,40.35
BTCUSDT,2022-02-23,sideways,37296.57,37.53
BTCUSDT,2022-02-24,sideways,38332.61,42.1
BTCUSDT,2022-02-25,sideways,39214.22,45.74
BTCUSDT,2022-02-26,sideways,39105.15,45.36
BTCUSDT,2022-02-27,sideways,37709.79,40.7
BTCUSDT,2022-02-28,sideways,43193.23,58.66
BTCUSDT,2022-03-01,sideways,44354.64,61.33
BTCUSDT,2022-03-02,sideways,43924.12,59.79
BTCUSDT,2022-03-03,sideways,42451.79,54.72
BTCUSDT,2022-03-04,sideways,39137.61,45.39
BTCUSDT,2022-03-05,sideways,39400.59,46.18
BTCUSDT,2022-03-06,bear,38419.98,43.66
BTCUSDT,2022-03-07,bear,38062.04,42.75
BTCUSDT,2022-03-08,bear,38737.27,45.09
BTCUSDT,2022-03-09,sideways,41982.93,54.67
BTCUSDT,2022-03-10,bear,39437.46,47.65
BTCUSDT,2022-03-11,bear,38794.97,46.04
BTCUSDT,2022-03-12,bear,38904.01,46.37
BTCUSDT,2022-03-13,bear,37849.66,43.59
BTCUSDT,2022-03-14,bear,39666.75,49.24
BTCUSDT,2022-03-15,bear,39338.79,48.3
BTCUSDT,2022-03-16,sideways,41143.93,53.56
BTCUSDT,2022-03-17,sideways,40951.38,52.94
BTCUSDT,2022-03-18,sideways,41801.16,55.39
BTCUSDT,2022-03-19,sideways,42190.65,56.51
BTCUSDT,2022-03-20,sideways,41247.82,53.04
BTCUSDT,2022-03-21,sideways,41078.0,52.42
BTCUSDT,2022-03-22,sideways,42358.81,56.57
BTCUSDT,2022-03-23,sideways,42892.96,58.2
BTCUSDT,2022-03-24,sideways,43960.93,61.34
BTCUSDT,2022-03-25,sideways,44348.73,62.44
BTCUSDT,2022-03-26,sideways,44500.83,62.89
BTCUSDT,2022-03-27,sideways,46820.49,68.95
BTCUSDT,2022-03-28,sideways,47128.0,69.66
BTCUSDT,2022-03-29,sideways,47465.73,70.45
BTCUSDT,2022-03-30,sideways,47062.66,68.15
BTCUSDT,2022-03-31,sideways,45538.68,60.16
BTCUSDT,2022-04-01,sideways,46281.64,62.47
BTCUSDT,2022-04-02,sideways,45868.95,60.37
BTCUSDT,2022-04-03,sideways,46453.57,62.3
BTCUSDT,2022-04-04,sideways,46622.68,62.87
BTCUSDT,2022-04-05,sideways,45555.99,57.08
BTCUSDT,2022-04-06,sideways,43206.74,46.84
BTCUSDT,2022-04-07,sideways,43503.85,48.11
BTCUSDT,2022-04-08,sideways,42287.66,43.53
BTCUSDT,2022-04-09,sideways,42782.14,45.79
BTCUSDT,2022-04-10,sideways,42207.67,43.61
BTCUSDT,2022-04-11,sideways,39521.9,35.17
BTCUSDT,2022-04-12,sideways,40127.18,38.08
BTCUSDT,2022-04-13,sideways,41166.73,42.82
BTCUSDT,2022-04-14,sideways,39935.52,39.01
BTCUSDT,2022-04-15,sideways,40553.46,41.81
BTCUSDT,2022-04-16,sideways,40424.48,41.38
BTCUSDT,2022-04-17,sideways,39716.95,39.03
BTCUSDT,2022-04-18,sideways,40826.21,44.37
BTCUSDT,2022-04-19,sideways,41502.75,47.4
BTCUSDT,2022-04-20,sideways,41374.38,46.88
BTCUSDT,2022-04-21,sideways,40527.36,43.48
BTCUSDT,2022-04-22,bear,39740.32,40.54
BTCUSDT,2022-04-23,bear,39486.73,39.61
BTCUSDT,2022-04-24,bear,39469.29,39.54
BTCUSDT,2022-04-25,bear,40458.31,45.22
BTCUSDT,2022-04-26,bear,38117.46,36.49
BTCUSDT,2022-04-27,bear,39241.12,42.25
BTCUSDT,2022-04-28,bear,39773.83,44.81
BTCUSDT,2022-04-29,bear,38609.82,40.58
BTCUSDT,2022-04-30,bear,37714.88,37.64
BTCUSDT,2022-05-01,bear,38469.09,41.49
BTCUSDT,2022-05-02,bear,38529.33,41.8
BTCUSDT,2022-05-03,bear,37750.45,38.93
BTCUSDT,2022-05-04,bear,39698.37,48.44
BTCUSDT,2022-05-05,bear,36575.14,38.18
BTCUSDT,2022-05-06,bear,36040.92,36.74
BTCUSDT,2022-05-07,bear,35501.95,35.3
BTCUSDT,2022-05-08,bear,34059.27,31.72
BTCUSDT,2022-05-09,bear,30296.95,24.68
BTCUSDT,2022-05-10,bear,31022.91,28.0
BTCUSDT,2022-05-11,bear,28936.36,24.64
BTCUSDT,2022-05-12,bear,29047.75,25.15
BTCUSDT,2022-05-13,bear,29283.1,26.3
BTCUSDT,2022-05-14,bear,30101.27,30.31
BTCUSDT,2022-05-15,bear,31305.11,35.84
BTCUSDT,2022-05-16,bear,29862.92,32.51
BTCUSDT,2022-05-17,bear,30425.86,35.05
BTCUSDT,2022-05-18,bear,28720.27,31.22
BTCUSDT,2022-05-19,bear,30314.33,38.03
BTCUSDT,2022-05-20,bear,29200.74,35.39
BTCUSDT,2022-05-21,bear,29432.23,36.38
BTCUSDT,2022-05-22,bear,30323.72,40.17
BTCUSDT,2022-05-23,bear,29098.91,36.92
BTCUSDT,2022-05-24,bear,29655.59,39.32
BTCUSDT,2022-05-25,bear,29562.36,39.06
BTCUSDT,2022-05-26,bear,29267.22,38.17
BTCUSDT,2022-05-27,bear,28627.57,36.24
BTCUSDT,2022-05-28,bear,28814.9,37.24
BTCUSDT,2022-05-29,bear,29445.96,40.61
BTCUSDT,2022-05-30,bear,31726.39,50.89
BTCUSDT,2022-05-31,bear,31792.31,51.15
BTCUSDT,2022-06-01,bear,29799.08,43.55
BTCUSDT,2022-06-02,bear,30467.49,46.43
BTCUSDT,2022-06-03,bear,29704.39,43.69
BTCUSDT,2022-06-04,bear,29832.91,44.29
BTCUSDT,2022-06-05,bear,29906.66,44.65
BTCUSDT,2022-06-06,bear,31370.67,51.4
BTCUSDT,2022-06-07,bear,31155.48,50.42
BTCUSDT,2022-06-08,sideways,30214.36,46.3
BTCUSDT,2022-06-09,sideways,30112.0,45.86
BTCUSDT,2022-06-10,sideways,29083.8,41.59
BTCUSDT,2022-06-11,sideways,28360.81,38.85
BTCUSDT,2022-06-12,bear,26762.65,33.58
BTCUSDT,2022-06-13,bear,22487.39,24.15
BTCUSDT,2022-06-14,bear,22206.79,23.68
BTCUSDT,2022-06-15,bear,22572.84,25.71
BTCUSDT,2022-06-16,bear,20381.65,21.94
BTCUSDT,2022-06-17,bear,20471.48,22.44
BTCUSDT,2022-06-18,bear,19017.64,20.18
BTCUSDT,2022-06-19,bear,20553.27,28.39
BTCUSDT,2022-06-20,bear,20599.54,28.63
BTCUSDT,2022-06-21,bear,20710.6,29.23
BTCUSDT,2022-06-22,bear,19987.03,27.59
BTCUSDT,2022-06-23,bear,21085.88,33.7
BTCUSDT,2022-06-24,bear,21231.66,34.49
BTCUSDT,2022-06-25,bear,21502.34,36.02
BTCUSDT,2022-06-26,bear,21027.29,34.5
BTCUSDT,2022-06-27,bear,20735.48,33.56
BTCUSDT,2022-06-28,bear,20280.63,32.1
BTCUSDT,2022-06-29,bear,20104.02,31.53
BTCUSDT,2022-06-30,bear,19784.73,30.47
BTCUSDT,2022-07-01,bear,19269.37,28.78
BTCUSDT,2022-07-02,bear,19242.26,28.69
BTCUSDT,2022-07-03,bear,19297.08,29.17
BTCUSDT,2022-07-04,bear,20231.26,36.98
BTCUSDT,2022-07-05,bear,20190.12,36.79
BTCUSDT,2022-07-06,bear,20548.25,39.73
BTCUSDT,2022-07-07,bear,21637.59,47.69
BTCUSDT,2022-07-08,bear,21731.12,48.32
BTCUSDT,2022-07-09,bear,21592.21,47.41
BTCUSDT,2022-07-10,bear,20860.45,42.81
BTCUSDT,2022-07-11,bear,19970.56,37.98
BTCUSDT,2022-07-12,bear,19323.91,34.9
BTCUSDT,2022-07-13,bear,20212.07,41.87
BTCUSDT,2022-07-14,bear,20569.92,44.45
BTCUSDT,2022-07-15,bear,20836.33,46.36
BTCUSDT,2022-07-16,sideways,21190.32,48.88
BTCUSDT,2022-07-17,sideways,20779.34,46.17
BTCUSDT,2022-07-18,sideways,22485.69,56.85
BTCUSDT,2022-07-19,sideways,23389.43,61.24
BTCUSDT,2022-07-20,sideways,23231.73,60.09
BTCUSDT,2022-07-21,sideways,23164.63,59.58
BTCUSDT,2022-07-22,sideways,22714.98,56.13
BTCUSDT,2022-07-23,sideways,22465.48,54.25
BTCUSDT,2022-07-24,sideways,22609.16,55.18
BTCUSDT,2022-07-25,sideways,21361.7,46.37
BTCUSDT,2022-07-26,sideways,21239.75,45.6
BTCUSDT,2022-07-27,sideways,22930.55,56.37
BTCUSDT,2022-07-28,sideways,23843.89,60.88
BTCUSDT,2022-07-29,sideways,23804.63,60.59
BTCUSDT,2022-07-30,sideways,23656.21,59.44
BTCUSDT,2022-07-31,sideways,23336.9,56.93
BTCUSDT,2022-08-01,sideways,23314.2,56.75
BTCUSDT,2022-08-02,sideways,22978.12,53.98
BTCUSDT,2022-08-03,sideways,22846.51,52.89
BTCUSDT,2022-08-04,sideways,22630.96,51.07
BTCUSDT,2022-08-05,sideways,23289.31,56.04
BTCUSDT,2022-08-06,sideways,22961.28,53.15
BTCUSDT,2022-08-07,sideways,23175.89,54.79
BTCUSDT,2022-08-08,sideways,23809.49,59.33
BTCUSDT,2022-08-09,sideways,23164.32,53.44
BTCUSDT,2022-08-10,sideways,23947.64,58.79
BTCUSDT,2022-08-11,sideways,23957.53,58.86
BTCUSDT,2022-08-12,sideways,24402.82,61.75
BTCUSDT,2022-08-13,sideways,24424.07,61.88
BTCUSDT,2022-08-14,sideways,24319.33,60.72
BTCUSDT,2022-08-15,sideways,24136.97,58.66
BTCUSDT,2022-08-16,sideways,23883.29,55.82
BTCUSDT,2022-08-17,sideways,23336.0,50.18
BTCUSDT,2022-08-18,sideways,23212.74,48.98
BTCUSDT,2022-08-19,bear,20877.55,32.91
BTCUSDT,2022-08-20,bear,21166.06,35.72
BTCUSDT,2022-08-21,bear,21534.12,39.21
BTCUSDT,2022-08-22,sideways,21398.91,38.38
BTCUSDT,2022-08-23,sideways,21528.09,39.69
BTCUSDT,2022-08-24,sideways,21395.02,38.78
BTCUSDT,2022-08-25,sideways,21600.9,41.04
BTCUSDT,2022-08-26,bear,20260.02,32.61
BTCUSDT,2022-08-27,bear,20041.74,31.47
BTCUSDT,2022-08-28,bear,19616.81,29.33
BTCUSDT,2022-08-29,bear,20297.99,36.75
BTCUSDT,2022-08-30,bear,19796.81,33.93
BTCUSDT,2022-08-31,bear,20049.76,36.58
BTCUSDT,2022-09-01,bear,20127.14,37.4
BTCUSDT,2022-09-02,bear,19969.77,36.36
BTCUSDT,2022-09-03,bear,19832.09,35.44
BTCUSDT,2022-09-04,bear,19986.71,37.37
BTCUSDT,2022-09-05,bear,19812.37,36.06
BTCUSDT,2022-09-06,bear,18837.67,29.78
BTCUSDT,2022-09-07,bear,19290.32,35.41
BTCUSDT,2022-09-08,bear,19329.83,35.89
BTCUSDT,2022-09-09,bear,21381.15,54.78
BTCUSDT,2022-09-10,bear,21680.54,56.78
BTCUSDT,2022-09-11,bear,21769.26,57.39
BTCUSDT,2022-09-12,sideways,22370.45,61.32
BTCUSDT,2022-09-13,bear,20296.71,45.66
BTCUSDT,2022-09-14,bear,20241.09,45.33
BTCUSDT,2022-09-15,bear,19701.21,42.11
BTCUSDT,2022-09-16,bear,19772.58,42.69
BTCUSDT,2022-09-17,bear,20127.58,45.61
BTCUSDT,2022-09-18,bear,19419.51,41.11
BTCUSDT,2022-09-19,bear,19544.13,42.19
BTCUSDT,2022-09-20,bear,18890.79,38.23
BTCUSDT,2022-09-21,bear,18547.4,36.3
BTCUSDT,2022-09-22,bear,19413.55,43.98
BTCUSDT,2022-09-23,bear,19297.64,43.23
BTCUSDT,2022-09-24,bear,18937.01,40.89
BTCUSDT,2022-09-25,bear,18802.1,40.02
BTCUSDT,2022-09-26,sideways,19222.67,44.03
BTCUSDT,2022-09-27,sideways,19110.55,43.2
BTCUSDT,2022-09-28,sideways,19426.72,46.27
BTCUSDT,2022-09-29,sideways,19573.05,47.68
BTCUSDT,2022-09-30,sideways,19431.79,46.41
BTCUSDT,2022-10-01,sideways,19312.1,45.31
BTCUSDT,2022-10-02,sideways,19044.11,42.87
BTCUSDT,2022-10-03,sideways,19623.58,49.25
BTCUSDT,2022-10-04,sideways,20336.84,55.79
BTCUSDT,2022-10-05,sideways,20160.72,53.94
BTCUSDT,2022-10-06,sideways,19955.44,51.79
BTCUSDT,2022-10-07,sideways,19546.85,47.7
BTCUSDT,2022-10-08,sideways,19416.57,46.44
BTCUSDT,2022-10-09,bear,19446.43,46.79
BTCUSDT,2022-10-10,bear,19141.48,43.68
BTCUSDT,2022-10-11,bear,19051.42,42.78
BTCUSDT,2022-10-12,bear,19157.45,44.24
BTCUSDT,2022-10-13,sideways,19382.9,47.32
BTCUSDT,2022-10-14,bear,19185.66,44.98
BTCUSDT,2022-10-15,sideways,19067.63,43.59
BTCUSDT,2022-10-16,sideways,19268.09,46.61
BTCUSDT,2022-10-17,sideways,19550.76,50.62
BTCUSDT,2022-10-18,sideways,19334.42,47.67
BTCUSDT,2022-10-19,sideways,19139.54,45.12
BTCUSDT,2022-10-20,sideways,19053.74,44.0
BTCUSDT,2022-10-21,sideways,19172.47,45.99
BTCUSDT,2022-10-22,sideways,19208.19,46.61
BTCUSDT,2022-10-23,sideways,19567.01,52.47
BTCUSDT,2022-10-24,sideways,19345.57,48.9
BTCUSDT,2022-10-25,sideways,20095.86,59.06
BTCUSDT,2022-10-26,sideways,20770.44,65.67
BTCUSDT,2022-10-27,sideways,20285.84,58.38
BTCUSDT,2022-10-28,sideways,20595.35,61.33
BTCUSDT,2022-10-29,sideways,20818.48,63.35
BTCUSDT,2022-10-30,sideways,20635.6,60.56
BTCUSDT,2022-10-31,sideways,20495.77,58.44
BTCUSDT,2022-11-01,sideways,20485.27,58.28
BTCUSDT,2022-11-02,sideways,20159.5,53.25
BTCUSDT,2022-11-03,sideways,20209.99,53.92
BTCUSDT,2022-11-04,sideways,21147.23,64.09
BTCUSDT,2022-11-05,sideways,21282.69,65.29
BTCUSDT,2022-11-06,sideways,20926.49,59.67
BTCUSDT,2022-11-07,sideways,20602.82,55.04
BTCUSDT,2022-11-08,sideways,18541.27,35.91
BTCUSDT,2022-11-09,bear,15880.78,24.22
BTCUSDT,2022-11-10,bear,17586.77,38.13
BTCUSDT,2022-11-11,bear,17034.29,35.84
BTCUSDT,2022-11-12,bear,16799.19,34.87
BTCUSDT,2022-11-13,bear,16353.37,33.06
BTCUSDT,2022-11-14,bear,16618.2,35.22
BTCUSDT,2022-11-15,bear,16884.61,37.4
BTCUSDT,2022-11-16,bear,16669.44,36.33
BTCUSDT,2022-11-17,bear,16687.52,36.5
BTCUSDT,2022-11-18,bear,16697.78,36.6
BTCUSDT,2022-11-19,bear,16711.55,36.74
BTCUSDT,2022-11-20,bear,16291.83,34.2
BTCUSDT,2022-11-21,bear,15787.28,31.4
BTCUSDT,2022-11-22,bear,16189.77,35.91
BTCUSDT,2022-11-23,bear,16610.71,40.34
BTCUSDT,2022-11-24,bear,16604.46,40.3
BTCUSDT,2022-11-25,bear,16521.84,39.67
BTCUSDT,2022-11-26,bear,16464.28,39.22
BTCUSDT,2022-11-27,bear,16444.63,39.05
BTCUSDT,2022-11-28,bear,16217.32,37.11
BTCUSDT,2022-11-29,bear,16444.98,40.31
BTCUSDT,2022-11-30,bear,17168.57,49.16
BTCUSDT,2022-12-01,bear,16967.13,47.07
BTCUSDT,2022-12-02,bear,17088.66,48.5
BTCUSDT,2022-12-03,bear,16908.24,46.49
BTCUSDT,2022-12-04,bear,17130.49,49.27
BTCUSDT,2022-12-05,bear,16974.83,47.42
BTCUSDT,2022-12-06,bear,17089.5,48.94
BTCUSDT,2022-12-07,bear,16848.13,45.92
BTCUSDT,2022-12-08,bear,17233.47,51.11
BTCUSDT,2022-12-09,sideways,17133.15,49.77
BTCUSDT,2022-12-10,sideways,17128.72,49.71
BTCUSDT,2022-12-11,sideways,17104.19,49.34
BTCUSDT,2022-12-12,sideways,17206.44,50.96
BTCUSDT,2022-12-13,sideways,17781.32,58.92
BTCUSDT,2022-12-14,sideways,17815.65,59.34
BTCUSDT,2022-12-15,sideways,17364.87,51.78
BTCUSDT,2022-12-16,sideways,16647.48,42.5
BTCUSDT,2022-12-17,sideways,16795.09,44.7
BTCUSDT,2022-12-18,sideways,16757.98,44.24
BTCUSDT,2022-12-19,sideways,16439.68,40.42
BTCUSDT,2022-12-20,sideways,16906.3,47.57
BTCUSDT,2022-12-21,sideways,16817.54,46.43
BTCUSDT,2022-12-22,sideways,16830.34,46.63
BTCUSDT,2022-12-23,sideways,16796.95,46.14
BTCUSDT,2022-12-24,sideways,16847.76,47.04
BTCUSDT,2022-12-25,sideways,16841.99,46.94
BTCUSDT,2022-12-26,sideways,16919.8,48.46
BTCUSDT,2022-12-27,sideways,16717.17,44.86
BTCUSDT,2022-12-28,sideways,16552.57,42.12
BTCUSDT,2022-12-29,sideways,16642.34,44.13
BTCUSDT,2022-12-30,sideways,16602.59,43.41
BTCUSDT,2022-12-31,sideways,16547.5,42.38
BTCUSDT,2023-01-01,sideways,16625.08,44.38
BTCUSDT,2023-01-02,sideways,16688.47,46.02
BTCUSDT,2023-01-03,sideways,16679.86,45.83
BTCUSDT,2023-01-04,sideways,16863.24,50.7
BTCUSDT,2023-01-05,sideways,16836.74,50.0
BTCUSDT,2023-01-06,sideways,16951.97,53.04
BTCUSDT,2023-01-07,sideways,16955.08,53.12
BTCUSDT,2023-01-08,sideways,17091.14,56.71
BTCUSDT,2023-01-09,sideways,17196.55,59.31
BTCUSDT,2023-01-10,sideways,17446.29,64.72
BTCUSDT,2023-01-11,sideways,17934.9,72.44
BTCUSDT,2023-01-12,sideways,18869.59,81.01
BTCUSDT,2023-01-13,bull,19909.57,86.16
BTCUSDT,2023-01-14,bull,20976.3,89.35
BTCUSDT,2023-01-15,bull,20880.8,87.41
BTCUSDT,2023-01-16,bull,21169.63,88.24
BTCUSDT,2023-01-17,bull,21161.52,88.07
BTCUSDT,2023-01-18,bull,20688.78,78.26
BTCUSDT,2023-01-19,bull,21086.79,80.25
BTCUSDT,2023-01-20,bull,22676.55,85.84
BTCUSDT,2023-01-21,bull,22777.62,86.11
BTCUSDT,2023-01-22,bull,22720.42,85.12
BTCUSDT,2023-01-23,bull,22934.43,85.78
BTCUSDT,2023-01-24,bull,22636.47,80.46
BTCUSDT,2023-01-25,bull,23117.86,82.36
BTCUSDT,2023-01-26,bull,23032.78,80.86
BTCUSDT,2023-01-27,bull,23078.73,81.06
BTCUSDT,2023-01-28,bull,23031.09,80.13
BTCUSDT,2023-01-29,bull,23774.57,83.36
BTCUSDT,2023-01-30,bull,22840.14,68.32
BTCUSDT,2023-01-31,bull,23139.28,70.17
BTCUSDT,2023-02-01,bull,23723.77,73.45
BTCUSDT,2023-02-02,bull,23471.87,69.89
BTCUSDT,2023-02-03,bull,23449.32,69.56
BTCUSDT,2023-02-04,bull,23331.85,67.79
BTCUSDT,2023-02-05,bull,22955.67,62.33
BTCUSDT,2023-02-06,bull,22760.11,59.64
BTCUSDT,2023-02-07,bull,23264.29,63.96
BTCUSDT,2023-02-08,bull,22939.4,59.54
BTCUSDT,2023-02-09,bull,21819.04,47.37
BTCUSDT,2023-02-10,bull,21651.18,45.86
BTCUSDT,2023-02-11,bull,21870.88,48.19
BTCUSDT,2023-02-12,bull,21788.2,47.36
BTCUSDT,2023-02-13,sideways,21808.1,47.6
BTCUSDT,2023-02-14,bull,22220.8,52.31
BTCUSDT,2023-02-15,bull,24307.84,67.99
BTCUSDT,2023-02-16,bull,23623.47,60.92
BTCUSDT,2023-02-17,bull,24565.6,66.14
BTCUSDT,2023-02-18,bull,24641.28,66.53
BTCUSDT,2023-02-19,bull,24327.64,63.3
BTCUSDT,2023-02-20,bull,24829.15,66.13
BTCUSDT,2023-02-21,bull,24436.35,62.09
BTCUSDT,2023-02-22,bull,24188.84,59.62
BTCUSDT,2023-02-23,bull,23947.49,57.23
BTCUSDT,2023-02-24,sideways,23198.13,50.46
BTCUSDT,2023-02-25,sideways,23175.38,50.26
BTCUSDT,2023-02-26,sideways,23561.21,53.53
BTCUSDT,2023-02-27,sideways,23522.87,53.16
BTCUSDT,2023-02-28,sideways,23147.35,49.51
BTCUSDT,2023-03-01,sideways,23646.55,54.03
BTCUSDT,2023-03-02,sideways,23475.47,52.3
BTCUSDT,2023-03-03,sideways,22362.68,42.74
BTCUSDT,2023-03-04,sideways,22353.35,42.66
BTCUSDT,2023-03-05,sideways,22435.51,43.55
BTCUSDT,2023-03-06,sideways,22429.76,43.5
BTCUSDT,2023-03-07,sideways,22219.77,41.6
BTCUSDT,2023-03-08,sideways,21718.08,37.41
BTCUSDT,2023-03-09,sideways,20363.02,28.92
BTCUSDT,2023-03-10,sideways,20187.24,28.03
BTCUSDT,2023-03-11,sideways,20632.41,33.6
BTCUSDT,2023-03-12,sideways,22163.95,48.38
BTCUSDT,2023-03-13,bull,24197.53,60.84
BTCUSDT,2023-03-14,bull,24746.07,63.41
BTCUSDT,2023-03-15,bull,24375.96,60.53
BTCUSDT,2023-03-16,bull,25052.79,63.77
BTCUSDT,2023-03-17,bull,27423.93,72.34
BTCUSDT,2023-03-18,bull,26965.88,68.95
BTCUSDT,2023-03-19,bull,28038.68,72.24
BTCUSDT,2023-03-20,bull,27767.24,70.21
BTCUSDT,2023-03-21,bull,28175.82,71.51
BTCUSDT,2023-03-22,bull,27307.44,65.04
BTCUSDT,2023-03-23,bull,28333.97,68.65
BTCUSDT,2023-03-24,bull,27493.29,62.92
BTCUSDT,2023-03-25,bull,27494.71,62.92
BTCUSDT,2023-03-26,bull,27994.33,64.94
BTCUSDT,2023-03-27,bull,27139.89,59.03
BTCUSDT,2023-03-28,bull,27268.13,59.62
BTCUSDT,2023-03-29,bull,28348.44,64.32
BTCUSDT,2023-03-30,bull,28033.56,62.05
BTCUSDT,2023-03-31,bull,28478.48,63.98
BTCUSDT,2023-04-01,bull,28411.04,63.45
BTCUSDT,2023-04-02,bull,28199.31,61.74
BTCUSDT,2023-04-03,bull,27790.22,58.44
BTCUSDT,2023-04-04,bull,28168.09,60.54
BTCUSDT,2023-04-05,bull,28177.98,60.59
BTCUSDT,2023-04-06,bull,28044.14,59.36
BTCUSDT,2023-04-07,bull,27925.86,58.24
BTCUSDT,2023-04-08,bull,27947.79,58.4
BTCUSDT,2023-04-09,bull,28333.05,61.16
BTCUSDT,2023-04-10,bull,29652.98,68.81
BTCUSDT,2023-04-11,bull,30235.06,71.48
BTCUSDT,2023-04-12,bull,30139.05,70.41
BTCUSDT,2023-04-13,bull,30399.07,71.64
BTCUSDT,2023-04-14,bull,30485.7,72.06
BTCUSDT,2023-04-15,bull,30318.5,69.92
BTCUSDT,2023-04-16,bull,30315.36,69.87
BTCUSDT,2023-04-17,bull,29445.04,59.22
BTCUSDT,2023-04-18,bull,30397.55,65.43
BTCUSDT,2023-04-19,sideways,28822.68,51.48
BTCUSDT,2023-04-20,sideways,28245.99,47.48
BTCUSDT,2023-04-21,sideways,27276.91,41.63
BTCUSDT,2023-04-22,sideways,27817.5,45.65
BTCUSDT,2023-04-23,sideways,27591.38,44.28
BTCUSDT,2023-04-24,sideways,27525.34,43.87
BTCUSDT,2023-04-25,sideways,28307.6,49.86
BTCUSDT,2023-04-26,sideways,28422.7,50.7
BTCUSDT,2023-04-27,bull,29473.79,57.63
BTCUSDT,2023-04-28,sideways,29340.26,56.54
BTCUSDT,2023-04-29,sideways,29248.49,55.76
BTCUSDT,2023-04-30,sideways,29268.81,55.91
BTCUSDT,2023-05-01,sideways,28091.57,46.42
BTCUSDT,2023-05-02,sideways,28680.54,50.91
BTCUSDT,2023-05-03,sideways,29006.31,53.24
BTCUSDT,2023-05-04,sideways,28847.71,51.95
BTCUSDT,2023-05-05,sideways,29534.38,56.84
BTCUSDT,2023-05-06,sideways,28904.62,51.65
BTCUSDT,2023-05-07,sideways,28454.98,48.26
BTCUSDT,2023-05-08,sideways,27694.27,43.1
BTCUSDT,2023-05-09,sideways,27658.78,42.87
BTCUSDT,2023-05-10,sideways,27621.76,42.62
BTCUSDT,2023-05-11,sideways,27000.79,38.47
BTCUSDT,2023-05-12,sideways,26804.99,37.24
BTCUSDT,2023-05-13,sideways,26784.08,37.11
BTCUSDT,2023-05-14,sideways,26930.64,38.8
BTCUSDT,2023-05-15,sideways,27192.69,41.81
BTCUSDT,2023-05-16,sideways,27036.65,40.53
BTCUSDT,2023-05-17,sideways,27398.8,44.76
BTCUSDT,2023-05-18,sideways,26832.21,39.97
BTCUSDT,2023-05-19,sideways,26890.13,40.67
BTCUSDT,2023-05-20,sideways,27129.59,43.59
BTCUSDT,2023-05-21,sideways,26753.83,40.24
BTCUSDT,2023-05-22,sideways,26851.28,41.5
BTCUSDT,2023-05-23,sideways,27225.73,46.18
BTCUSDT,2023-05-24,sideways,26334.82,38.32
BTCUSDT,2023-05-25,sideways,26476.21,40.07
BTCUSDT,2023-05-26,sideways,26719.29,43.05
BTCUSDT,2023-05-27,sideways,26868.35,44.86
BTCUSDT,2023-05-28,sideways,28085.65,56.9
BTCUSDT,2023-05-29,sideways,27745.88,53.39
BTCUSDT,2023-05-30,sideways,27702.35,52.94
BTCUSDT,2023-05-31,sideways,27219.66,48.1
BTCUSDT,2023-06-01,sideways,26819.97,44.48
BTCUSDT,2023-06-02,sideways,27249.59,48.93
BTCUSDT,2023-06-03,sideways,27075.13,47.27
BTCUSDT,2023-06-04,sideways,27119.07,47.75
BTCUSDT,2023-06-05,sideways,25760.1,36.63
BTCUSDT,2023-06-06,sideways,27238.78,50.22
BTCUSDT,2023-06-07,sideways,26346.0,44.07
BTCUSDT,2023-06-08,sideways,26508.22,45.38
BTCUSDT,2023-06-09,sideways,26480.38,45.19
BTCUSDT,2023-06-10,sideways,25851.24,40.9
BTCUSDT,2023-06-11,sideways,25940.17,41.74
BTCUSDT,2023-06-12,sideways,25902.5,41.47
BTCUSDT,2023-06-13,sideways,25918.73,41.65
BTCUSDT,2023-06-14,sideways,25124.68,35.99
BTCUSDT,2023-06-15,sideways,25576.39,40.91
BTCUSDT,2023-06-16,sideways,26327.46,48.05
BTCUSDT,2023-06-17,sideways,26510.68,49.65
BTCUSDT,2023-06-18,sideways,26336.21,48.13
BTCUSDT,2023-06-19,sideways,26851.03,52.73
BTCUSDT,2023-06-20,bull,28327.49,62.89
BTCUSDT,2023-06-21,bull,30027.3,70.7
BTCUSDT,2023-06-22,bull,29912.28,69.63
BTCUSDT,2023-06-23,bull,30695.47,72.66
BTCUSDT,2023-06-24,bull,30548.7,71.22
BTCUSDT,2023-06-25,bull,30480.26,70.52
BTCUSDT,2023-06-26,bull,30271.13,68.32
BTCUSDT,2023-06-27,bull,30688.16,70.31
BTCUSDT,2023-06-28,bull,30086.25,64.05
BTCUSDT,2023-06-29,bull,30445.35,66.0
BTCUSDT,2023-06-30,bull,30477.25,66.17
BTCUSDT,2023-07-01,bull,30590.08,66.82
BTCUSDT,2023-07-02,bull,30620.77,67.01
BTCUSDT,2023-07-03,bull,31156.44,70.15
BTCUSDT,2023-07-04,bull,30777.58,65.4
BTCUSDT,2023-07-05,bull,30514.17,62.25
BTCUSDT,2023-07-06,bull,29909.34,55.61
BTCUSDT,2023-07-07,bull,30342.27,58.98
BTCUSDT,2023-07-08,bull,30292.54,58.44
BTCUSDT,2023-07-09,bull,30171.23,57.04
BTCUSDT,2023-07-10,bull,30414.47,59.15
BTCUSDT,2023-07-11,bull,30620.95,60.9
BTCUSDT,2023-07-12,bull,30391.65,57.93
BTCUSDT,2023-07-13,bull,31476.05,66.3
BTCUSDT,2023-07-14,bull,30334.07,54.09
BTCUSDT,2023-07-15,bull,30295.81,53.74
BTCUSDT,2023-07-16,bull,30249.13,53.27
BTCUSDT,2023-07-17,bull,30145.89,52.2
BTCUSDT,2023-07-18,bull,29856.56,49.22
BTCUSDT,2023-07-19,bull,29913.92,49.84
BTCUSDT,2023-07-20,bull,29792.02,48.5
BTCUSDT,2023-07-21,sideways,29908.74,49.89
BTCUSDT,2023-07-22,sideways,29771.8,48.24
BTCUSDT,2023-07-23,sideways,30084.54,52.12
BTCUSDT,2023-07-24,sideways,29176.92,42.24
BTCUSDT,2023-07-25,sideways,29227.39,42.89
BTCUSDT,2023-07-26,sideways,29354.97,44.58
BTCUSDT,2023-07-27,sideways,29210.69,43.03
BTCUSDT,2023-07-28,sideways,29319.25,44.59
BTCUSDT,2023-07-29,sideways,29356.92,45.15
BTCUSDT,2023-07-30,sideways,29275.31,44.11
BTCUSDT,2023-07-31,sideways,29230.11,43.51
BTCUSDT,2023-08-01,sideways,29675.73,50.65
BTCUSDT,2023-08-02,sideways,29151.96,43.66
BTCUSDT,2023-08-03,sideways,29178.68,44.09
BTCUSDT,2023-08-04,sideways,29074.09,42.73
BTCUSDT,2023-08-05,sideways,29042.13,42.3
BTCUSDT,2023-08-06,sideways,29041.86,42.3
BTCUSDT,2023-08-07,sideways,29180.58,45.07
BTCUSDT,2023-08-08,sideways,29765.49,54.89
BTCUSDT,2023-08-09,sideways,29561.49,51.44
BTCUSDT,2023-08-10,sideways,29429.59,49.28
BTCUSDT,2023-08-11,sideways,29397.71,48.74
BTCUSDT,2023-08-12,sideways,29415.96,49.08
BTCUSDT,2023-08-13,sideways,29282.91,46.66
BTCUSDT,2023-08-14,sideways,29408.44,49.21
BTCUSDT,2023-08-15,sideways,29170.35,44.83
BTCUSDT,2023-08-16,sideways,28701.78,37.72
BTCUSDT,2023-08-17,bear,26664.55,21.64
BTCUSDT,2023-08-18,bear,26049.56,19.01
BTCUSDT,2023-08-19,bear,26096.21,19.81
BTCUSDT,2023-08-20,bear,26189.58,21.47
BTCUSDT,2023-08-21,bear,26124.14,21.14
BTCUSDT,2023-08-22,bear,26031.66,20.66
BTCUSDT,2023-08-23,bear,26431.64,28.32
BTCUSDT,2023-08-24,bear,26162.37,26.47
BTCUSDT,2023-08-25,bear,26047.67,25.7
BTCUSDT,2023-08-26,bear,26008.46,25.42
BTCUSDT,2023-08-27,bear,26089.69,27.15
BTCUSDT,2023-08-28,bear,26106.15,27.51
BTCUSDT,2023-08-29,sideways,27727.39,52.71
BTCUSDT,2023-08-30,bear,27297.27,47.95
BTCUSDT,2023-08-31,bear,25931.47,36.63
BTCUSDT,2023-09-01,bear,25800.72,35.76
BTCUSDT,2023-09-02,bear,25868.8,36.61
BTCUSDT,2023-09-03,bear,25969.57,37.91
BTCUSDT,2023-09-04,bear,25812.42,36.64
BTCUSDT,2023-09-05,bear,25779.98,36.38
BTCUSDT,2023-09-06,bear,25753.24,36.14
BTCUSDT,2023-09-07,bear,26240.2,43.35
BTCUSDT,2023-09-08,bear,25905.65,40.01
BTCUSDT,2023-09-09,bear,25895.68,39.91
BTCUSDT,2023-09-10,bear,25832.23,39.24
BTCUSDT,2023-09-11,bear,25162.65,33.01
BTCUSDT,2023-09-12,bear,25833.34,42.81
BTCUSDT,2023-09-13,bear,26228.32,47.67
BTCUSDT,2023-09-14,bear,26539.67,51.19
BTCUSDT,2023-09-15,bear,26608.69,51.96
BTCUSDT,2023-09-16,sideways,26568.28,51.45
BTCUSDT,2023-09-17,sideways,26534.19,50.99
BTCUSDT,2023-09-18,sideways,26754.28,53.84
BTCUSDT,2023-09-19,sideways,27211.12,59.15
BTCUSDT,2023-09-20,sideways,27132.01,57.91
BTCUSDT,2023-09-21,sideways,26567.63,49.86
BTCUSDT,2023-09-22,sideways,26579.57,50.02
BTCUSDT,2023-09-23,sideways,26579.39,50.02
BTCUSDT,2023-09-24,sideways,26256.83,45.52
BTCUSDT,2023-09-25,sideways,26298.48,46.19
BTCUSDT,2023-09-26,sideways,26217.25,45.02
BTCUSDT,2023-09-27,sideways,26352.72,47.41
BTCUSDT,2023-09-28,sideways,27021.55,57.28
BTCUSDT,2023-09-29,sideways,26911.72,55.44
BTCUSDT,2023-09-30,sideways,26967.92,56.22
BTCUSDT,2023-10-01,sideways,27983.75,67.29
BTCUSDT,2023-10-02,sideways,27530.79,60.0
BTCUSDT,2023-10-03,sideways,27429.98,58.48
BTCUSDT,2023-10-04,sideways,27799.39,62.25
BTCUSDT,2023-10-05,sideways,27415.91,56.52
BTCUSDT,2023-10-06,sideways,27946.6,61.77
BTCUSDT,2023-10-07,sideways,27968.84,61.98
BTCUSDT,2023-10-08,sideways,27935.09,61.43
BTCUSDT,2023-10-09,sideways,27583.68,55.93
BTCUSDT,2023-10-10,sideways,27391.02,53.11
BTCUSDT,2023-10-11,sideways,26873.32,46.37
BTCUSDT,2023-10-12,sideways,26756.8,44.99
BTCUSDT,2023-10-13,sideways,26862.38,46.54
BTCUSDT,2023-10-14,sideways,26861.71,46.53
BTCUSDT,2023-10-15,sideways,27159.65,51.07
BTCUSDT,2023-10-16,bull,28519.47,65.46
BTCUSDT,2023-10-17,bull,28415.75,63.92
BTCUSDT,2023-10-18,bull,28328.34,62.58
BTCUSDT,2023-10-19,bull,28719.81,66.01
BTCUSDT,2023-10-20,bull,29682.95,72.66
BTCUSDT,2023-10-21,bull,29918.41,74.0
BTCUSDT,2023-10-22,bull,29993.9,74.43
BTCUSDT,2023-10-23,bull,33086.23,85.25
BTCUSDT,2023-10-24,bull,33901.53,86.84
BTCUSDT,2023-10-25,bull,34502.82,87.87
BTCUSDT,2023-10-26,bull,34156.65,83.79
BTCUSDT,2023-10-27,bull,33909.8,80.91
BTCUSDT,2023-10-28,bull,34089.57,81.41
BTCUSDT,2023-10-29,bull,34538.48,82.64
BTCUSDT,2023-10-30,bull,34502.36,82.17
BTCUSDT,2023-10-31,bull,34667.78,82.65
BTCUSDT,2023-11-01,bull,35437.25,84.74
BTCUSDT,2023-11-02,bull,34938.24,78.17
BTCUSDT,2023-11-03,bull,34732.32,75.57
BTCUSDT,2023-11-04,bull,35082.2,76.97
BTCUSDT,2023-11-05,bull,35049.36,76.53
BTCUSDT,2023-11-06,bull,35037.37,76.36
BTCUSDT,2023-11-07,bull,35443.56,78.16
BTCUSDT,2023-11-08,bull,35655.28,79.06
BTCUSDT,2023-11-09,bull,36693.12,82.79
BTCUSDT,2023-11-10,bull,37313.97,84.56
BTCUSDT,2023-11-11,bull,37138.05,81.98
BTCUSDT,2023-11-12,bull,37054.52,80.73
BTCUSDT,2023-11-13,bull,36502.36,72.78
BTCUSDT,2023-11-14,bull,35537.64,61.41
BTCUSDT,2023-11-15,bull,37880.58,72.6
BTCUSDT,2023-11-16,bull,36154.77,59.02
BTCUSDT,2023-11-17,bull,36596.68,61.03
BTCUSDT,2023-11-18,bull,36585.7,60.95
BTCUSDT,2023-11-19,bull,37386.55,64.6
BTCUSDT,2023-11-20,bull,37476.96,64.99
BTCUSDT,2023-11-21,bull,35813.81,53.17
BTCUSDT,2023-11-22,bull,37432.34,60.67
BTCUSDT,2023-11-23,bull,37289.62,59.76
BTCUSDT,2023-11-24,bull,37720.28,61.63
BTCUSDT,2023-11-25,bull,37796.79,61.97
BTCUSDT,2023-11-26,bull,37479.12,59.62
BTCUSDT,2023-11-27,bull,37254.17,57.95
BTCUSDT,2023-11-28,bull,37831.09,60.97
BTCUSDT,2023-11-29,bull,37858.49,61.12
BTCUSDT,2023-11-30,bull,37712.75,59.86
BTCUSDT,2023-12-01,bull,38688.75,65.04
BTCUSDT,2023-12-02,bull,39476.33,68.57
BTCUSDT,2023-12-03,bull,39978.39,70.61
BTCUSDT,2023-12-04,bull,41980.1,77.0
BTCUSDT,2023-12-05,bull,44080.65,81.54
BTCUSDT,2023-12-06,bull,43746.45,78.88
BTCUSDT,2023-12-07,bull,43292.66,75.28
BTCUSDT,2023-12-08,bull,44166.6,77.41
BTCUSDT,2023-12-09,bull,43725.98,73.94
BTCUSDT,2023-12-10,bull,43779.7,74.09
BTCUSDT,2023-12-11,bull,41243.83,57.1
BTCUSDT,2023-12-12,bull,41450.22,57.94
BTCUSDT,2023-12-13,bull,42890.74,63.37
BTCUSDT,2023-12-14,bull,43023.97,63.83
BTCUSDT,2023-12-15,bull,41929.76,57.39
BTCUSDT,2023-12-16,bull,42240.12,58.67
BTCUSDT,2023-12-17,bull,41364.66,53.78
BTCUSDT,2023-12-18,bull,42623.54,59.06
BTCUSDT,2023-12-19,bull,42270.53,57.09
BTCUSDT,2023-12-20,bull,43652.25,62.38
BTCUSDT,2023-12-21,bull,43869.15,63.15
BTCUSDT,2023-12-22,bull,43997.9,63.62
BTCUSDT,2023-12-23,bull,43739.54,61.9
BTCUSDT,2023-12-24,bull,43016.12,57.23
BTCUSDT,2023-12-25,bull,43613.14,59.92
BTCUSDT,2023-12-26,bull,42520.4,53.31
BTCUSDT,2023-12-27,bull,43442.86,57.56
BTCUSDT,2023-12-28,bull,42627.86,52.97
BTCUSDT,2023-12-29,bull,42099.4,50.18
BTCUSDT,2023-12-30,bull,42156.9,50.48
BTCUSDT,2023-12-31,bull,42265.19,51.09
BTCUSDT,2024-01-01,bull,44167.33,60.33
BTCUSDT,2024-01-02,bull,44957.97,63.42
BTCUSDT,2024-01-03,sideways,42848.18,51.81
BTCUSDT,2024-01-04,sideways,44179.92,57.15
BTCUSDT,2024-01-05,sideways,44162.69,57.06
BTCUSDT,2024-01-06,sideways,43989.2,56.12
BTCUSDT,2024-01-07,sideways,43943.1,55.86
BTCUSDT,2024-01-08,bull,46970.5,66.83
BTCUSDT,2024-01-09,bull,46139.73,62.26
BTCUSDT,2024-01-10,bull,46627.78,63.82
BTCUSDT,2024-01-11,bull,46368.59,62.34
BTCUSDT,2024-01-12,sideways,42853.17,46.57
BTCUSDT,2024-01-13,sideways,42842.38,46.54
BTCUSDT,2024-01-14,sideways,41796.27,42.8
BTCUSDT,2024-01-15,sideways,42511.97,45.99
BTCUSDT,2024-01-16,sideways,43154.95,48.76
BTCUSDT,2024-01-17,sideways,42742.65,47.1
BTCUSDT,2024-01-18,sideways,41262.06,41.6
BTCUSDT,2024-01-19,sideways,41618.41,43.31
BTCUSDT,2024-01-20,sideways,41665.59,43.55
BTCUSDT,2024-01-21,sideways,41545.79,43.06
BTCUSDT,2024-01-22,sideways,39507.37,35.69
BTCUSDT,2024-01-23,sideways,39845.55,37.6
BTCUSDT,2024-01-24,sideways,40077.07,38.93
BTCUSDT,2024-01-25,sideways,39933.81,38.39
BTCUSDT,2024-01-26,sideways,41816.87,48.62
BTCUSDT,2024-01-27,sideways,42120.05,50.06
BTCUSDT,2024-01-28,sideways,42035.59,49.64
BTCUSDT,2024-01-29,sideways,43288.25,55.55
BTCUSDT,2024-01-30,sideways,42952.61,53.73
BTCUSDT,2024-01-31,sideways,42582.61,51.72
BTCUSDT,2024-02-01,sideways,43075.77,54.18
BTCUSDT,2024-02-02,sideways,43185.86,54.74
BTCUSDT,2024-02-03,sideways,42992.25,53.51
BTCUSDT,2024-02-04,sideways,42583.58,50.91
BTCUSDT,2024-02-05,sideways,42658.67,51.38
BTCUSDT,2024-02-06,sideways,43084.67,54.05
BTCUSDT,2024-02-07,sideways,44318.22,60.76
BTCUSDT,2024-02-08,sideways,45301.57,65.14
BTCUSDT,2024-02-09,sideways,47147.2,71.55
BTCUSDT,2024-02-10,sideways,47771.28,73.34
BTCUSDT,2024-02-11,bull,48293.92,74.76
BTCUSDT,2024-02-12,bull,49958.22,78.68
BTCUSDT,2024-02-13,bull,49742.44,77.01
BTCUSDT,2024-02-14,bull,51826.7,81.17
BTCUSDT,2024-02-15,bull,51938.55,81.36
BTCUSDT,2024-02-16,bull,52160.2,81.76
BTCUSDT,2024-02-17,bull,51663.0,77.71
BTCUSDT,2024-02-18,bull,52122.55,78.76
BTCUSDT,2024-02-19,bull,51779.14,75.89
BTCUSDT,2024-02-20,bull,52284.88,77.21
BTCUSDT,2024-02-21,bull,51839.18,73.4
BTCUSDT,2024-02-22,bull,51304.97,69.01
BTCUSDT,2024-02-23,bull,50731.95,64.54
BTCUSDT,2024-02-24,bull,51571.1,67.82
BTCUSDT,2024-02-25,bull,51733.24,68.43
BTCUSDT,2024-02-26,bull,54522.4,76.62
BTCUSDT,2024-02-27,bull,57085.37,81.39
BTCUSDT,2024-02-28,bull,62504.79,87.3
BTCUSDT,2024-02-29,bull,61198.38,80.65
BTCUSDT,2024-03-01,bull,62440.63,82.05
BTCUSDT,2024-03-02,bull,62029.85,79.99
BTCUSDT,2024-03-03,bull,63167.37,81.38
BTCUSDT,2024-03-04,bull,68330.41,86.11
BTCUSDT,2024-03-05,bull,63801.2,69.45
BTCUSDT,2024-03-06,bull,66106.8,72.38
BTCUSDT,2024-03-07,bull,66925.48,73.36
BTCUSDT,2024-03-08,bull,68300.09,74.96
BTCUSDT,2024-03-09,bull,68498.88,75.19
BTCUSDT,2024-03-10,bull,69019.79,75.82
BTCUSDT,2024-03-11,bull,72123.91,79.22
BTCUSDT,2024-03-12,bull,71481.29,76.82
BTCUSDT,2024-03-13,bull,73083.5,78.57
BTCUSDT,2024-03-14,bull,71396.59,72.37
BTCUSDT,2024-03-15,bull,69403.77,65.77
BTCUSDT,2024-03-16,bull,65315.12,54.75
BTCUSDT,2024-03-17,bull,68390.62,60.16
BTCUSDT,2024-03-18,bull,67548.59,58.11
BTCUSDT,2024-03-19,bull,61912.77,46.66
BTCUSDT,2024-03-20,bull,67913.67,56.49
BTCUSDT,2024-03-21,bull,65491.39,52.3
BTCUSDT,2024-03-22,bull,63778.76,49.5
BTCUSDT,2024-03-23,bull,64062.2,49.98
BTCUSDT,2024-03-24,bull,67234.17,55.09
BTCUSDT,2024-03-25,bull,69958.81,58.97
BTCUSDT,2024-03-26,bull,69987.84,59.01
BTCUSDT,2024-03-27,bull,69455.34,57.87
BTCUSDT,2024-03-28,bull,70744.95,59.88
BTCUSDT,2024-03-29,bull,69892.83,57.92
BTCUSDT,2024-03-30,bull,69645.3,57.33
BTCUSDT,2024-03-31,bull,71333.65,60.29
BTCUSDT,2024-04-01,bull,69702.15,56.23
BTCUSDT,2024-04-02,sideways,65446.97,47.29
BTCUSDT,2024-04-03,sideways,65980.81,48.4
BTCUSDT,2024-04-04,bull,68508.84,53.4
BTCUSDT,2024-04-05,sideways,67837.64,51.96
BTCUSDT,2024-04-06,sideways,68896.11,54.06
BTCUSDT,2024-04-07,sideways,69362.55,54.99
BTCUSDT,2024-04-08,sideways,71631.36,59.33
BTCUSDT,2024-04-09,sideways,69139.02,53.26
BTCUSDT,2024-04-10,sideways,70587.88,56.07
BTCUSDT,2024-04-11,sideways,70060.61,54.78
BTCUSDT,2024-04-12,sideways,67195.87,48.27
BTCUSDT,2024-04-13,sideways,63821.47,41.95
BTCUSDT,2024-04-14,sideways,65738.73,46.26
BTCUSDT,2024-04-15,sideways,63426.21,42.19
BTCUSDT,2024-04-16,sideways,63811.86,43.09
BTCUSDT,2024-04-17,sideways,61276.69,38.82
BTCUSDT,2024-04-18,sideways,63512.75,44.08
BTCUSDT,2024-04-19,sideways,63843.57,44.84
BTCUSDT,2024-04-20,sideways,64994.44,47.5
BTCUSDT,2024-04-21,sideways,64926.64,47.35
BTCUSDT,2024-04-22,sideways,66837.68,51.82
BTCUSDT,2024-04-23,sideways,66407.27,50.77
BTCUSDT,2024-04-24,sideways,64276.9,45.85
BTCUSDT,2024-04-25,sideways,64481.71,46.39
BTCUSDT,2024-04-26,sideways,63755.32,44.69
BTCUSDT,2024-04-27,sideways,63419.14,43.89
BTCUSDT,2024-04-28,sideways,63113.23,43.13
BTCUSDT,2024-04-29,sideways,63841.12,45.54
BTCUSDT,2024-04-30,sideways,60636.86,37.93
BTCUSDT,2024-05-01,sideways,58254.01,33.46
BTCUSDT,2024-05-02,sideways,59123.43,36.4
BTCUSDT,2024-05-03,sideways,62889.84,47.3
BTCUSDT,2024-05-04,sideways,63891.47,49.76
BTCUSDT,2024-05-05,sideways,64031.13,50.11
BTCUSDT,2024-05-06,sideways,63161.95,47.88
BTCUSDT,2024-05-07,sideways,62334.82,45.78
BTCUSDT,2024-05-08,sideways,61187.94,42.97
BTCUSDT,2024-05-09,sideways,63049.96,48.5
BTCUSDT,2024-05-10,sideways,60792.78,43.05
BTCUSDT,2024-05-11,sideways,60793.71,43.06
BTCUSDT,2024-05-12,sideways,61448.39,45.13
BTCUSDT,2024-05-13,sideways,62901.45,49.52
BTCUSDT,2024-05-14,sideways,61552.79,45.85
BTCUSDT,2024-05-15,sideways,66267.49,57.66
BTCUSDT,2024-05-16,sideways,65231.58,54.83
BTCUSDT,2024-05-17,bull,67051.88,58.66
BTCUSDT,2024-05-18,bull,66940.8,58.34
BTCUSDT,2024-05-19,sideways,66278.37,56.33
BTCUSDT,2024-05-20,bull,71448.2,66.13
BTCUSDT,2024-05-21,bull,70136.53,62.31
BTCUSDT,2024-05-22,sideways,69122.34,59.45
BTCUSDT,2024-05-23,sideways,67929.56,56.18
BTCUSDT,2024-05-24,bull,68526.1,57.44
BTCUSDT,2024-05-25,bull,69265.95,59.02
BTCUSDT,2024-05-26,bull,68518.09,56.73
BTCUSDT,2024-05-27,bull,69394.55,58.75
BTCUSDT,2024-05-28,bull,68296.22,55.27
BTCUSDT,2024-05-29,bull,67578.09,53.07
BTCUSDT,2024-05-30,bull,68364.99,55.18
BTCUSDT,2024-05-31,bull,67491.41,52.36
BTCUSDT,2024-06-01,bull,67706.94,53.0
BTCUSDT,2024-06-02,bull,67751.6,53.14
BTCUSDT,2024-06-03,bull,68804.78,56.44
BTCUSDT,2024-06-04,bull,70567.77,61.34
BTCUSDT,2024-06-05,bull,71082.82,62.66
BTCUSDT,2024-06-06,bull,70757.16,61.23
BTCUSDT,2024-06-07,bull,69342.59,55.34
BTCUSDT,2024-06-08,bull,69305.77,55.19
BTCUSDT,2024-06-09,bull,69647.99,56.37
BTCUSDT,2024-06-10,bull,69512.28,55.74
BTCUSDT,2024-06-11,bull,67332.03,46.78
BTCUSDT,2024-06-12,bull,68241.19,50.37
BTCUSDT,2024-06-13,bull,66756.4,45.03
BTCUSDT,2024-06-14,sideways,66011.09,42.6
BTCUSDT,2024-06-15,sideways,66191.0,43.39
BTCUSDT,2024-06-16,sideways,66639.05,45.42
BTCUSDT,2024-06-17,sideways,66490.3,44.85
BTCUSDT,2024-06-18,sideways,65140.75,39.91
BTCUSDT,2024-06-19,sideways,64960.3,39.29
BTCUSDT,2024-06-20,sideways,64828.66,38.81
BTCUSDT,2024-06-21,sideways,64096.2,36.18
BTCUSDT,2024-06-22,sideways,64252.58,37.16
BTCUSDT,2024-06-23,sideways,63180.8,33.38
BTCUSDT,2024-06-24,sideways,60277.41,25.75
BTCUSDT,2024-06-25,sideways,61804.64,34.27
BTCUSDT,2024-06-26,sideways,60811.28,31.72
BTCUSDT,2024-06-27,sideways,61604.8,35.82
BTCUSDT,2024-06-28,sideways,60320.14,32.42
BTCUSDT,2024-06-29,sideways,60887.38,35.34
BTCUSDT,2024-06-30,sideways,62678.29,43.62
BTCUSDT,2024-07-01,sideways,62851.98,44.36
BTCUSDT,2024-07-02,sideways,62029.02,41.56
BTCUSDT,2024-07-03,sideways,60173.92,36.04
BTCUSDT,2024-07-04,bear,56977.7,28.92
BTCUSDT,2024-07-05,bear,56662.38,28.33
BTCUSDT,2024-07-06,bear,58303.54,35.73
BTCUSDT,2024-07-07,bear,55849.11,30.63
BTCUSDT,2024-07-08,bear,56705.1,34.16
BTCUSDT,2024-07-09,bear,58009.23,39.24
BTCUSDT,2024-07-10,bear,57742.5,38.58
BTCUSDT,2024-07-11,bear,57344.91,37.57
BTCUSDT,2024-07-12,bear,57899.46,39.93
BTCUSDT,2024-07-13,sideways,59231.95,45.27
BTCUSDT,2024-07-14,sideways,60787.79,50.77
BTCUSDT,2024-07-15,sideways,64870.15,61.66
BTCUSDT,2024-07-16,sideways,65097.15,62.16
BTCUSDT,2024-07-17,sideways,64118.79,58.61
BTCUSDT,2024-07-18,sideways,63974.07,58.08
BTCUSDT,2024-07-19,sideways,66710.16,64.59
BTCUSDT,2024-07-20,sideways,67163.65,65.55
BTCUSDT,2024-07-21,bull,68154.52,67.6
BTCUSDT,2024-07-22,bull,67585.25,65.19
BTCUSDT,2024-07-23,sideways,65927.67,58.64
BTCUSDT,2024-07-24,bull,65372.13,56.59
BTCUSDT,2024-07-25,bull,65777.23,57.75
BTCUSDT,2024-07-26,bull,67912.06,63.32
BTCUSDT,2024-07-27,bull,67813.34,62.91
BTCUSDT,2024-07-28,bull,68255.87,64.04
BTCUSDT,2024-07-29,bull,66819.91,57.87
BTCUSDT,2024-07-30,bull,66201.02,55.39
BTCUSDT,2024-07-31,sideways,64619.25,49.55
BTCUSDT,2024-08-01,bull,65357.5,52.09
BTCUSDT,2024-08-02,sideways,61415.07,40.4
BTCUSDT,2024-08-03,sideways,60680.09,38.66
BTCUSDT,2024-08-04,sideways,58116.98,33.27
BTCUSDT,2024-08-05,bear,53991.46,26.8
BTCUSDT,2024-08-06,sideways,56034.32,33.68
BTCUSDT,2024-08-07,sideways,55027.46,32.08
BTCUSDT,2024-08-08,sideways,61710.14,49.3
BTCUSDT,2024-08-09,sideways,60880.11,47.68
BTCUSDT,2024-08-10,sideways,60945.81,47.83
BTCUSDT,2024-08-11,sideways,58719.48,43.41
BTCUSDT,2024-08-12,sideways,59354.52,44.97
BTCUSDT,2024-08-13,sideways,60609.57,48.02
BTCUSDT,2024-08-14,bear,58737.27,44.1
BTCUSDT,2024-08-15,bear,57560.1,41.78
BTCUSDT,2024-08-16,bear,58894.11,45.29
BTCUSDT,2024-08-17,bear,59478.97,46.8
BTCUSDT,2024-08-18,bear,58483.96,44.54
BTCUSDT,2024-08-19,bear,59493.45,47.32
BTCUSDT,2024-08-20,bear,59012.79,46.13
BTCUSDT,2024-08-21,bear,61175.19,51.95
BTCUSDT,2024-08-22,bear,60381.91,49.83
BTCUSDT,2024-08-23,sideways,64094.36,58.41
BTCUSDT,2024-08-24,sideways,64178.99,58.58
BTCUSDT,2024-08-25,sideways,64333.54,58.92
BTCUSDT,2024-08-26,sideways,62880.66,54.43
BTCUSDT,2024-08-27,bear,59504.13,45.7
BTCUSDT,2024-08-28,bear,59027.62,44.61
BTCUSDT,2024-08-29,bear,59388.18,45.67
BTCUSDT,2024-08-30,bear,59119.48,44.98
BTCUSDT,2024-08-31,bear,58969.9,44.58
BTCUSDT,2024-09-01,bear,57325.49,40.32
BTCUSDT,2024-09-02,sideways,59112.48,46.32
BTCUSDT,2024-09-03,sideways,57431.02,42.04
BTCUSDT,2024-09-04,sideways,57971.54,43.84
BTCUSDT,2024-09-05,sideways,56160.49,39.42
BTCUSDT,2024-09-06,sideways,53948.75,34.81
BTCUSDT,2024-09-07,bear,54139.69,35.51
BTCUSDT,2024-09-08,bear,54841.57,38.14
BTCUSDT,2024-09-09,bear,57019.54,45.57
BTCUSDT,2024-09-10,sideways,57648.71,47.53
BTCUSDT,2024-09-11,sideways,57343.17,46.66
BTCUSDT,2024-09-12,sideways,58127.01,49.25
BTCUSDT,2024-09-13,sideways,60571.3,56.37
BTCUSDT,2024-09-14,sideways,60005.12,54.46
BTCUSDT,2024-09-15,sideways,59182.84,51.73
BTCUSDT,2024-09-16,sideways,58192.51,48.56
BTCUSDT,2024-09-17,sideways,60308.54,54.91
BTCUSDT,2024-09-18,sideways,61649.68,58.41
BTCUSDT,2024-09-19,sideways,62940.46,61.51
BTCUSDT,2024-09-20,sideways,63192.98,62.11
BTCUSDT,2024-09-21,sideways,63394.84,62.6
BTCUSDT,2024-09-22,sideways,63648.71,63.26
BTCUSDT,2024-09-23,sideways,63329.8,61.8
BTCUSDT,2024-09-24,sideways,64301.97,64.49
BTCUSDT,2024-09-25,sideways,63143.14,59.14
BTCUSDT,2024-09-26,bull,65181.02,64.69
BTCUSDT,2024-09-27,bull,65790.66,66.17
BTCUSDT,2024-09-28,bull,65887.65,66.41
BTCUSDT,2024-09-29,bull,65635.3,65.11
BTCUSDT,2024-09-30,sideways,63329.5,54.59
BTCUSDT,2024-10-01,sideways,60837.01,45.95
BTCUSDT,2024-10-02,sideways,60632.79,45.31
BTCUSDT,2024-10-03,sideways,60759.4,45.81
BTCUSDT,2024-10-04,sideways,62067.48,50.8
BTCUSDT,2024-10-05,sideways,62089.95,50.88
BTCUSDT,2024-10-06,sideways,62818.95,53.64
BTCUSDT,2024-10-07,sideways,62236.66,51.17
BTCUSDT,2024-10-08,sideways,62131.97,50.72
BTCUSDT,2024-10-09,sideways,60582.1,44.46
BTCUSDT,2024-10-10,sideways,60274.5,43.32
BTCUSDT,2024-10-11,sideways,62445.09,52.58
BTCUSDT,2024-10-12,sideways,63193.02,55.29
BTCUSDT,2024-10-13,sideways,62851.38,53.78
BTCUSDT,2024-10-14,bull,66046.12,63.76
BTCUSDT,2024-10-15,bull,67041.11,66.21
BTCUSDT,2024-10-16,bull,67612.72,67.56
BTCUSDT,2024-10-17,bull,67399.84,66.49
BTCUSDT,2024-10-18,bull,68418.79,69.02
BTCUSDT,2024-10-19,bull,68362.73,68.71
BTCUSDT,2024-10-20,bull,69001.7,70.33
BTCUSDT,2024-10-21,bull,67367.85,61.55
BTCUSDT,2024-10-22,bull,67361.41,61.52
BTCUSDT,2024-10-23,sideways,66432.2,56.84
BTCUSDT,2024-10-24,bull,68161.05,62.55
BTCUSDT,2024-10-25,bull,66642.41,55.6
BTCUSDT,2024-10-26,sideways,67014.7,56.86
BTCUSDT,2024-10-27,sideways,67929.3,59.89
BTCUSDT,2024-10-28,bull,69907.76,65.52
BTCUSDT,2024-10-29,bull,72720.49,71.62
BTCUSDT,2024-10-30,bull,72339.54,69.82
BTCUSDT,2024-10-31,bull,70215.19,60.66
BTCUSDT,2024-11-01,bull,69482.47,57.83
BTCUSDT,2024-11-02,bull,69289.27,57.08
BTCUSDT,2024-11-03,bull,68741.12,54.9
BTCUSDT,2024-11-04,bull,67811.51,51.31
BTCUSDT,2024-11-05,bull,69359.56,56.42
BTCUSDT,2024-11-06,bull,75639.08,70.11
BTCUSDT,2024-11-07,bull,75904.86,70.54
BTCUSDT,2024-11-08,bull,76545.48,71.58
BTCUSDT,2024-11-09,bull,76778.87,71.97
BTCUSDT,2024-11-10,bull,80474.19,77.27
BTCUSDT,2024-11-11,bull,88701.48,84.36
BTCUSDT,2024-11-12,bull,87955.81,81.87
BTCUSDT,2024-11-13,bull,90584.16,83.7
BTCUSDT,2024-11-14,bull,87250.43,73.56
BTCUSDT,2024-11-15,bull,91066.01,77.0
BTCUSDT,2024-11-16,bull,90558.48,75.59
BTCUSDT,2024-11-17,bull,89845.85,73.56
BTCUSDT,2024-11-18,bull,90542.64,74.29
BTCUSDT,2024-11-19,bull,92343.79,76.12
BTCUSDT,2024-11-20,bull,94339.49,77.99
BTCUSDT,2024-11-21,bull,98504.73,81.28
BTCUSDT,2024-11-22,bull,98997.66,81.63
BTCUSDT,2024-11-23,bull,97777.28,77.75
BTCUSDT,2024-11-24,bull,98013.82,77.97
BTCUSDT,2024-11-25,bull,93102.3,63.93
BTCUSDT,2024-11-26,bull,91985.32,61.23
BTCUSDT,2024-11-27,bull,95962.53,66.63
BTCUSDT,2024-11-28,bull,95652.47,65.86
BTCUSDT,2024-11-29,bull,97461.52,68.18
BTCUSDT,2024-11-30,bull,96449.05,65.5
BTCUSDT,2024-12-01,bull,97279.79,66.66
BTCUSDT,2024-12-02,bull,95865.3,62.8
BTCUSDT,2024-12-03,bull,96002.16,63.02
BTCUSDT,2024-12-04,bull,98768.53,67.29
BTCUSDT,2024-12-05,bull,96593.57,61.3
BTCUSDT,2024-12-06,bull,99920.71,66.25
BTCUSDT,2024-12-07,bull,99923.34,66.25
BTCUSDT,2024-12-08,bull,101236.02,68.12
BTCUSDT,2024-12-09,bull,97432.72,58.1
BTCUSDT,2024-12-10,bull,96675.43,56.32
BTCUSDT,2024-12-11,bull,101173.03,63.47
BTCUSDT,2024-12-12,bull,100043.0,60.78
BTCUSDT,2024-12-13,bull,101459.26,62.9
BTCUSDT,2024-12-14,bull,101372.97,62.68
BTCUSDT,2024-12-15,bull,104298.7,66.95
BTCUSDT,2024-12-16,bull,106029.72,69.19
BTCUSDT,2024-12-17,bull,106140.6,69.34
BTCUSDT,2024-12-18,bull,100041.54,54.32
BTCUSDT,2024-12-19,bull,97490.95,49.5
BTCUSDT,2024-12-20,sideways,97755.93,49.99
BTCUSDT,2024-12-21,sideways,97224.73,48.95
BTCUSDT,2024-12-22,sideways,95104.94,44.93
BTCUSDT,2024-12-23,sideways,94686.24,44.16
BTCUSDT,2024-12-24,sideways,98676.09,52.52
BTCUSDT,2024-12-25,bull,99299.2,53.69
BTCUSDT,2024-12-26,sideways,95795.52,46.74
BTCUSDT,2024-12-27,sideways,94164.86,43.89
BTCUSDT,2024-12-28,sideways,95163.93,46.06
BTCUSDT,2024-12-29,sideways,93530.23,43.12
BTCUSDT,2024-12-30,sideways,92643.21,41.57
BTCUSDT,2024-12-31,sideways,93429.2,43.51
BTCUSDT,2025-01-01,sideways,94419.76,45.94
BTCUSDT,2025-01-02,sideways,96886.88,51.54
BTCUSDT,2025-01-03,sideways,98107.43,54.07
BTCUSDT,2025-01-04,sideways,98236.23,54.34
BTCUSDT,2025-01-05,sideways,98314.96,54.52
BTCUSDT,2025-01-06,sideways,102078.09,62.08
BTCUSDT,2025-01-07,sideways,96922.7,49.85
BTCUSDT,2025-01-08,sideways,95043.52,46.28
BTCUSDT,2025-01-09,sideways,92484.04,41.87
BTCUSDT,2025-01-10,sideways,94701.45,46.61
BTCUSDT,2025-01-11,sideways,94566.59,46.37
BTCUSDT,2025-01-12,sideways,94488.44,46.21
BTCUSDT,2025-01-13,sideways,94516.52,46.28
BTCUSDT,2025-01-14,sideways,96534.05,51.11
BTCUSDT,2025-01-15,sideways,100504.49,58.94
BTCUSDT,2025-01-16,sideways,99756.91,57.09
BTCUSDT,2025-01-17,sideways,104462.04,64.63
BTCUSDT,2025-01-18,bull,104408.07,64.49
BTCUSDT,2025-01-19,sideways,101089.61,56.4
BTCUSDT,2025-01-20,sideways,102016.66,57.99
BTCUSDT,2025-01-21,bull,106146.27,64.23
BTCUSDT,2025-01-22,bull,103653.07,58.57
BTCUSDT,2025-01-23,bull,103960.17,59.05
BTCUSDT,2025-01-24,bull,104819.48,60.43
BTCUSDT,2025-01-25,bull,104714.65,60.16
BTCUSDT,2025-01-26,bull,102682.5,55.1
BTCUSDT,2025-01-27,bull,102087.69,53.68
BTCUSDT,2025-01-28,bull,101332.48,51.85
BTCUSDT,2025-01-29,bull,103703.21,56.83
BTCUSDT,2025-01-30,bull,104735.3,58.82
BTCUSDT,2025-01-31,bull,102405.02,52.88
BTCUSDT,2025-02-01,sideways,100655.91,48.88
BTCUSDT,2025-02-02,sideways,97688.98,42.96
BTCUSDT,2025-02-03,sideways,101405.42,50.98
BTCUSDT,2025-02-04,sideways,97871.82,44.56
BTCUSDT,2025-02-05,sideways,96615.45,42.51
BTCUSDT,2025-02-06,sideways,96593.3,42.48
BTCUSDT,2025-02-07,sideways,96529.09,42.36
BTCUSDT,2025-02-08,sideways,96482.45,42.27
BTCUSDT,2025-02-09,sideways,96500.09,42.32
BTCUSDT,2025-02-10,sideways,97437.55,45.03
BTCUSDT,2025-02-11,sideways,95747.43,41.27
BTCUSDT,2025-02-12,sideways,97885.86,47.28
BTCUSDT,2025-02-13,sideways,96623.87,44.39
BTCUSDT,2025-02-14,sideways,97508.97,46.84
BTCUSDT,2025-02-15,sideways,97580.35,47.04
BTCUSDT,2025-02-16,sideways,96175.03,43.52
BTCUSDT,2025-02-17,sideways,95773.38,42.54
BTCUSDT,2025-02-18,sideways,95539.55,41.95
BTCUSDT,2025-02-19,sideways,96635.61,45.76
BTCUSDT,2025-02-20,sideways,98333.94,51.12
BTCUSDT,2025-02-21,sideways,96125.55,44.91
BTCUSDT,2025-02-22,sideways,96577.76,46.35
BTCUSDT,2025-02-23,sideways,96273.92,45.49
BTCUSDT,2025-02-24,sideways,91418.17,34.49
BTCUSDT,2025-02-25,sideways,88736.17,30.15
BTCUSDT,2025-02-26,sideways,84347.02,24.68
BTCUSDT,2025-02-27,sideways,84704.23,25.86
BTCUSDT,2025-02-28,sideways,84373.01,25.47
BTCUSDT,2025-03-01,sideways,86031.91,31.18
BTCUSDT,2025-03-02,sideways,94248.35,51.15
BTCUSDT,2025-03-03,sideways,86065.67,39.01
BTCUSDT,2025-03-04,sideways,87222.2,41.13
BTCUSDT,2025-03-05,sideways,90623.56,46.99
BTCUSDT,2025-03-06,sideways,89961.73,46.03
BTCUSDT,2025-03-07,sideways,86742.67,41.58
BTCUSDT,2025-03-08,sideways,86154.59,40.81
BTCUSDT,2025-03-09,bear,80601.04,34.3
BTCUSDT,2025-03-10,bear,78532.0,32.24
BTCUSDT,2025-03-11,bear,82862.21,40.32
BTCUSDT,2025-03-12,sideways,83722.36,41.81
BTCUSDT,2025-03-13,bear,81066.7,38.61
BTCUSDT,2025-03-14,sideways,83969.1,43.68
BTCUSDT,2025-03-15,sideways,84343.11,44.32
BTCUSDT,2025-03-16,bear,82579.69,41.91
BTCUSDT,2025-03-17,bear,84075.69,44.66
BTCUSDT,2025-03-18,bear,82718.5,42.68
BTCUSDT,2025-03-19,sideways,86854.23,49.94
BTCUSDT,2025-03-20,bear,84167.2,45.88
BTCUSDT,2025-03-21,bear,84043.24,45.69
BTCUSDT,2025-03-22,bear,83832.48,45.36
BTCUSDT,2025-03-23,sideways,86054.38,49.55
BTCUSDT,2025-03-24,sideways,87498.91,52.13
BTCUSDT,2025-03-25,sideways,87471.7,52.07
BTCUSDT,2025-03-26,sideways,86900.88,50.88
BTCUSDT,2025-03-27,sideways,87177.1,51.46
BTCUSDT,2025-03-28,sideways,84353.15,45.57
BTCUSDT,2025-03-29,sideways,82597.59,42.32
BTCUSDT,2025-03-30,sideways,82334.52,41.84
BTCUSDT,2025-03-31,sideways,82548.91,42.41
BTCUSDT,2025-04-01,bear,85169.17,49.04
BTCUSDT,2025-04-02,sideways,82485.71,43.52
BTCUSDT,2025-04-03,sideways,83102.83,45.05
BTCUSDT,2025-04-04,bear,83843.8,46.91
BTCUSDT,2025-04-05,bear,83504.8,46.14
BTCUSDT,2025-04-06,bear,78214.48,36.16
BTCUSDT,2025-04-07,bear,79235.34,38.91
BTCUSDT,2025-04-08,bear,76271.95,34.3
BTCUSDT,2025-04-09,sideways,82573.95,48.32
BTCUSDT,2025-04-10,sideways,79626.14,43.63
BTCUSDT,2025-04-11,sideways,83404.84,50.29
BTCUSDT,2025-04-12,sideways,85287.11,53.26
BTCUSDT,2025-04-13,sideways,83684.98,50.5
BTCUSDT,2025-04-14,sideways,84542.39,51.93
BTCUSDT,2025-04-15,sideways,83668.99,50.33
BTCUSDT,2025-04-16,sideways,84033.87,51.01
BTCUSDT,2025-04-17,sideways,84895.75,52.66
BTCUSDT,2025-04-18,sideways,84450.8,51.69
BTCUSDT,2025-04-19,sideways,85063.41,52.97
BTCUSDT,2025-04-20,sideways,85174.3,53.21
BTCUSDT,2025-04-21,sideways,87518.91,58.12
BTCUSDT,2025-04-22,bull,93441.89,67.4
BTCUSDT,2025-04-23,bull,93699.11,67.74
BTCUSDT,2025-04-24,bull,93943.8,68.07
BTCUSDT,2025-04-25,bull,94720.5,69.17
BTCUSDT,2025-04-26,bull,94646.93,68.93
BTCUSDT,2025-04-27,bull,93754.84,65.92
BTCUSDT,2025-04-28,bull,94978.75,67.99
BTCUSDT,2025-04-29,bull,94284.79,65.56
BTCUSDT,2025-04-30,bull,94207.31,65.28
BTCUSDT,2025-05-01,bull,96492.34,69.43
BTCUSDT,2025-05-02,bull,96910.07,70.13
BTCUSDT,2025-05-03,bull,95891.8,66.14
BTCUSDT,2025-05-04,bull,94315.98,60.42
BTCUSDT,2025-05-05,bull,94748.05,61.4
BTCUSDT,2025-05-06,bull,96802.48,65.77
BTCUSDT,2025-05-07,bull,97032.32,66.23
BTCUSDT,2025-05-08,bull,103241.46,75.73
BTCUSDT,2025-05-09,bull,102970.85,74.74
BTCUSDT,2025-05-10,bull,104696.33,76.82
BTCUSDT,2025-05-11,bull,104106.36,74.56
BTCUSDT,2025-05-12,bull,102812.95,69.73
BTCUSDT,2025-05-13,bull,104169.81,71.8
BTCUSDT,2025-05-14,bull,103539.41,69.43
BTCUSDT,2025-05-15,bull,103744.64,69.78
BTCUSDT,2025-05-16,bull,103489.29,68.72
BTCUSDT,2025-05-17,bull,103191.09,67.44
BTCUSDT,2025-05-18,bull,106446.01,73.29
BTCUSDT,2025-05-19,bull,105606.18,69.81
BTCUSDT,2025-05-20,bull,106791.09,71.84
BTCUSDT,2025-05-21,bull,109678.08,76.07
BTCUSDT,2025-05-22,bull,111673.28,78.48
BTCUSDT,2025-05-23,bull,107287.8,63.39
BTCUSDT,2025-05-24,bull,107791.16,64.24
BTCUSDT,2025-05-25,bull,109035.39,66.32
BTCUSDT,2025-05-26,bull,109440.37,66.99
BTCUSDT,2025-05-27,bull,108994.64,65.44
BTCUSDT,2025-05-28,bull,107802.33,61.35
BTCUSDT,2025-05-29,bull,105641.76,54.68
BTCUSDT,2025-05-30,bull,103998.57,50.21
BTCUSDT,2025-05-31,bull,104638.09,51.86
BTCUSDT,2025-06-01,bull,105652.1,54.44
BTCUSDT,2025-06-02,bull,105881.53,55.02
BTCUSDT,2025-06-03,bull,105432.47,53.57
BTCUSDT,2025-06-04,bull,104731.98,51.29
BTCUSDT,2025-06-05,sideways,101575.95,42.52
BTCUSDT,2025-06-06,bull,104390.34,50.63
BTCUSDT,2025-06-07,sideways,105615.62,53.69
BTCUSDT,2025-06-08,sideways,105793.65,54.14
BTCUSDT,2025-06-09,bull,110294.1,63.65
BTCUSDT,2025-06-10,bull,110257.23,63.53
BTCUSDT,2025-06-11,bull,108686.62,58.62
BTCUSDT,2025-06-12,sideways,105929.05,51.14
BTCUSDT,2025-06-13,sideways,106090.97,51.53
BTCUSDT,2025-06-14,sideways,105472.41,49.89
BTCUSDT,2025-06-15,sideways,105552.02,50.11
BTCUSDT,2025-06-16,sideways,106796.76,53.55
BTCUSDT,2025-06-17,sideways,104601.12,47.35
BTCUSDT,2025-06-18,sideways,104883.33,48.18
BTCUSDT,2025-06-19,sideways,104684.29,47.61
BTCUSDT,2025-06-20,sideways,103309.6,43.76
BTCUSDT,2025-06-21,sideways,102257.41,41.02
BTCUSDT,2025-06-22,sideways,100987.14,37.94
BTCUSDT,2025-06-23,sideways,105577.77,51.99
BTCUSDT,2025-06-24,sideways,106045.63,53.15
BTCUSDT,2025-06-25,sideways,107361.26,56.36
BTCUSDT,2025-06-26,sideways,106960.0,55.12
BTCUSDT,2025-06-27,sideways,107088.43,55.46
BTCUSDT,2025-06-28,sideways,107327.7,56.12
BTCUSDT,2025-06-29,sideways,108385.57,59.02
BTCUSDT,2025-06-30,sideways,107135.34,54.44
BTCUSDT,2025-07-01,sideways,105698.28,49.67
BTCUSDT,2025-07-02,sideways,108859.32,58.32
BTCUSDT,2025-07-03,sideways,109647.98,60.16
BTCUSDT,2025-07-04,sideways,108034.34,54.83
BTCUSDT,2025-07-05,bull,108231.18,55.35
BTCUSDT,2025-07-06,sideways,109232.07,57.99
BTCUSDT,2025-07-07,sideways,108299.85,54.74
BTCUSDT,2025-07-08,sideways,108950.27,56.57
BTCUSDT,2025-07-09,sideways,111326.55,62.54
BTCUSDT,2025-07-10,bull,115987.2,70.96
BTCUSDT,2025-07-11,bull,117516.99,73.1
BTCUSDT,2025-07-12,bull,117435.23,72.79
BTCUSDT,2025-07-13,bull,119116.12,75.12
BTCUSDT,2025-07-14,bull,119849.7,76.08
BTCUSDT,2025-07-15,bull,117777.19,68.08
BTCUSDT,2025-07-16,bull,118738.51,69.67
BTCUSDT,2025-07-17,bull,119289.84,70.58
BTCUSDT,2025-07-18,bull,118003.23,65.65
BTCUSDT,2025-07-19,bull,117939.98,65.4
BTCUSDT,2025-07-20,bull,117300.79,62.88
BTCUSDT,2025-07-21,bull,117439.54,63.21
BTCUSDT,2025-07-22,bull,119995.41,68.75
BTCUSDT,2025-07-23,bull,118754.96,63.74
BTCUSDT,2025-07-24,bull,118368.0,62.21
BTCUSDT,2025-07-25,bull,117635.88,59.32
BTCUSDT,2025-07-26,bull,117947.37,60.17
BTCUSDT,2025-07-27,bull,119448.49,64.06
BTCUSDT,2025-07-28,bull,117924.48,57.88
BTCUSDT,2025-07-29,bull,117922.15,57.87
BTCUSDT,2025-07-30,bull,117831.19,57.49
BTCUSDT,2025-07-31,bull,115758.2,49.44
BTCUSDT,2025-08-01,sideways,113320.09,41.99
BTCUSDT,2025-08-02,sideways,112526.91,39.89
BTCUSDT,2025-08-03,bull,114217.67,46.09
BTCUSDT,2025-08-04,bull,115071.88,48.96
BTCUSDT,2025-08-05,sideways,114141.45,46.08
BTCUSDT,2025-08-06,bull,115028.0,49.15
BTCUSDT,2025-08-07,bull,117496.9,56.55
BTCUSDT,2025-08-08,sideways,116688.73,53.79
BTCUSDT,2025-08-09,sideways,116500.36,53.14
BTCUSDT,2025-08-10,sideways,119306.76,60.76
BTCUSDT,2025-08-11,sideways,118731.45,58.65
BTCUSDT,2025-08-12,sideways,120172.91,62.19
BTCUSDT,2025-08-13,sideways,123344.06,68.56
BTCUSDT,2025-08-14,sideways,118359.58,53.35
BTCUSDT,2025-08-15,sideways,117398.35,51.0
BTCUSDT,2025-08-16,sideways,117491.35,51.22
BTCUSDT,2025-08-17,sideways,117453.06,51.12
BTCUSDT,2025-08-18,sideways,116252.31,47.85
BTCUSDT,2025-08-19,sideways,112831.18,40.0
BTCUSDT,2025-08-20,sideways,114274.74,44.16
BTCUSDT,2025-08-21,sideways,112419.03,40.3
BTCUSDT,2025-08-22,sideways,116874.09,51.32
BTCUSDT,2025-08-23,sideways,115374.33,48.1
BTCUSDT,2025-08-24,sideways,113458.43,44.28
BTCUSDT,2025-08-25,sideways,110124.35,38.54
BTCUSDT,2025-08-26,sideways,111802.66,42.57
BTCUSDT,2025-08-27,sideways,111222.06,41.56
BTCUSDT,2025-08-28,sideways,112544.8,44.79
BTCUSDT,2025-08-29,sideways,108410.84,37.76
BTCUSDT,2025-08-30,sideways,108808.07,38.75
BTCUSDT,2025-08-31,sideways,108236.71,37.82
BTCUSDT,2025-09-01,sideways,109250.59,40.56
BTCUSDT,2025-09-02,sideways,111200.59,45.54
BTCUSDT,2025-09-03,sideways,111723.21,46.83
BTCUSDT,2025-09-04,sideways,110723.6,44.66
BTCUSDT,2025-09-05,sideways,110650.98,44.49
BTCUSDT,2025-09-06,sideways,110224.7,43.5
BTCUSDT,2025-09-07,sideways,111167.62,46.35
BTCUSDT,2025-09-08,sideways,112071.43,49.01
BTCUSDT,2025-09-09,sideways,111530.55,47.5
BTCUSDT,2025-09-10,sideways,113955.36,54.32
BTCUSDT,2025-09-11,sideways,115507.54,58.08
BTCUSDT,2025-09-12,sideways,116101.58,59.46
BTCUSDT,2025-09-13,sideways,115950.51,58.93
BTCUSDT,2025-09-14,sideways,115407.66,56.96
BTCUSDT,2025-09-15,sideways,115444.88,57.07
BTCUSDT,2025-09-16,sideways,116843.19,60.95
BTCUSDT,2025-09-17,sideways,116468.51,59.4
BTCUSDT,2025-09-18,sideways,117137.2,61.29
BTCUSDT,2025-09-19,sideways,115688.86,55.29
BTCUSDT,2025-09-20,sideways,115721.96,55.39
BTCUSDT,2025-09-21,sideways,115306.09,53.65
BTCUSDT,2025-09-22,sideways,112748.51,44.39
BTCUSDT,2025-09-23,sideways,112014.5,42.14
BTCUSDT,2025-09-24,sideways,113328.63,47.29
BTCUSDT,2025-09-25,sideways,109049.29,36.04
BTCUSDT,2025-09-26,sideways,109712.83,38.49
BTCUSDT,2025-09-27,sideways,109681.95,38.41
BTCUSDT,2025-09-28,sideways,112122.64,47.03
BTCUSDT,2025-09-29,bull,114400.38,53.56
BTCUSDT,2025-09-30,bull,114056.09,52.5
BTCUSDT,2025-10-01,bull,118648.93,62.97
BTCUSDT,2025-10-02,bull,120681.26,66.48
BTCUSDT,2025-10-03,bull,122266.53,68.96
BTCUSDT,2025-10-04,bull,122425.43,69.21
BTCUSDT,2025-10-05,bull,123513.48,70.91
BTCUSDT,2025-10-06,bull,124752.53,72.75
BTCUSDT,2025-10-07,bull,121451.38,61.56
BTCUSDT,2025-10-08,bull,123354.87,64.91
BTCUSDT,2025-10-09,bull,121705.59,60.03
BTCUSDT,2025-10-10,sideways,113214.37,42.36
BTCUSDT,2025-10-11,sideways,110807.88,38.87
BTCUSDT,2025-10-12,sideways,115169.77,47.34
BTCUSDT,2025-10-13,sideways,115271.08,47.52
BTCUSDT,2025-10-14,sideways,113118.66,44.04
BTCUSDT,2025-10-15,sideways,110783.16,40.57
BTCUSDT,2025-10-16,sideways,108186.04,37.07
BTCUSDT,2025-10-17,bear,106467.79,34.92
BTCUSDT,2025-10-18,bear,107198.27,36.6
BTCUSDT,2025-10-19,sideways,108666.71,39.96
BTCUSDT,2025-10-20,sideways,110588.93,44.13
BTCUSDT,2025-10-21,sideways,108476.89,40.78
BTCUSDT,2025-10-22,sideways,107688.59,39.57
BTCUSDT,2025-10-23,sideways,110069.73,44.88
BTCUSDT,2025-10-24,sideways,111033.92,46.92
BTCUSDT,2025-10-25,sideways,111641.73,48.22
BTCUSDT,2025-10-26,sideways,114472.45,53.87
BTCUSDT,2025-10-27,sideways,114119.33,53.09
BTCUSDT,2025-10-28,sideways,112956.16,50.5
BTCUSDT,2025-10-29,sideways,110055.3,44.65
BTCUSDT,2025-10-30,bear,108305.55,41.52
BTCUSDT,2025-10-31,sideways,109556.16,44.51
BTCUSDT,2025-11-01,sideways,110064.02,45.73
BTCUSDT,2025-11-02,sideways,110639.62,47.14
BTCUSDT,2025-11-03,bear,106547.52,39.31
BTCUSDT,2025-11-04,bear,101590.52,32.31
BTCUSDT,2025-11-05,bear,103891.84,37.85
BTCUSDT,2025-11-06,bear,101301.29,34.43
BTCUSDT,2025-11-07,bear,103372.41,39.16
BTCUSDT,2025-11-08,bear,102282.12,37.62
BTCUSDT,2025-11-09,bear,104719.64,43.0
BTCUSDT,2025-11-10,sideways,105996.59,45.65
BTCUSDT,2025-11-11,bear,102997.47,40.85
BTCUSDT,2025-11-12,bear,101663.19,38.89
BTCUSDT,2025-11-13,bear,99697.49,36.15
BTCUSDT,2025-11-14,bear,94397.79,29.99
BTCUSDT,2025-11-15,bear,95549.15,32.67
BTCUSDT,2025-11-16,bear,94177.08,31.14
BTCUSDT,2025-11-17,bear,92093.88,28.93
BTCUSDT,2025-11-18,bear,92948.88,31.09
BTCUSDT,2025-11-19,bear,91465.99,29.42
BTCUSDT,2025-11-20,bear,86631.9,24.74
BTCUSDT,2025-11-21,bear,85090.69,23.46
BTCUSDT,2025-11-22,bear,84648.36,23.09
BTCUSDT,2025-11-23,bear,86805.01,28.96
BTCUSDT,2025-11-24,bear,88270.56,32.73
BTCUSDT,2025-11-25,bear,87341.89,31.58
BTCUSDT,2025-11-26,bear,90518.37,39.37
BTCUSDT,2025-11-27,bear,91285.38,41.12
BTCUSDT,2025-11-28,bear,90919.27,40.52
BTCUSDT,2025-11-29,bear,90851.76,40.4
BTCUSDT,2025-11-30,bear,90394.31,39.57
BTCUSDT,2025-12-01,bear,86321.57,33.04
BTCUSDT,2025-12-02,bear,91350.2,45.09
BTCUSDT,2025-12-03,bear,93527.8,49.34
BTCUSDT,2025-12-04,bear,92141.62,46.85
BTCUSDT,2025-12-05,bear,89387.76,42.29
BTCUSDT,2025-12-06,bear,89272.38,42.11
BTCUSDT,2025-12-07,bear,90405.64,44.67
BTCUSDT,2025-12-08,bear,90640.2,45.21
BTCUSDT,2025-12-09,bear,92691.71,49.82
BTCUSDT,2025-12-10,bear,92020.95,48.38
BTCUSDT,2025-12-11,bear,92511.34,49.53
BTCUSDT,2025-12-12,bear,90270.41,44.66
BTCUSDT,2025-12-13,bear,90298.71,44.73
BTCUSDT,2025-12-14,bear,88175.18,40.37
BTCUSDT,2025-12-15,bear,86419.78,37.15
BTCUSDT,2025-12-16,bear,87843.98,41.25
BTCUSDT,2025-12-17,bear,86143.76,38.06
BTCUSDT,2025-12-18,bear,85462.51,36.83
BTCUSDT,2025-12-19,sideways,88103.38,44.33
BTCUSDT,2025-12-20,sideways,88344.0,44.98
BTCUSDT,2025-12-21,sideways,88621.75,45.75
BTCUSDT,2025-12-22,sideways,88490.02,45.42
BTCUSDT,2025-12-23,sideways,87414.0,42.73
BTCUSDT,2025-12-24,sideways,87611.96,43.4
BTCUSDT,2025-12-25,sideways,87234.74,42.39
BTCUSDT,2025-12-26,sideways,87301.43,42.64
BTCUSDT,2025-12-27,sideways,87802.16,44.62
BTCUSDT,2025-12-28,sideways,87835.84,44.75
BTCUSDT,2025-12-29,sideways,87138.14,42.4
BTCUSDT,2025-12-30,sideways,88430.13,47.87
BTCUSDT,2025-12-31,sideways,87508.83,44.62
BTCUSDT,2026-01-01,sideways,88731.98,49.52
BTCUSDT,2026-01-02,sideways,89944.7,53.88
BTCUSDT,2026-01-03,sideways,90603.19,56.09
BTCUSDT,2026-01-04,sideways,91413.49,58.72
BTCUSDT,2026-01-05,sideways,93882.55,65.5
BTCUSDT,2026-01-06,sideways,93729.03,64.79
BTCUSDT,2026-01-07,sideways,91308.05,54.69
BTCUSDT,2026-01-08,sideways,91027.12,53.64
BTCUSDT,2026-01-09,sideways,90513.1,51.69
BTCUSDT,2026-01-10,sideways,90386.65,51.2
BTCUSDT,2026-01-11,sideways,90827.46,52.89
BTCUSDT,2026-01-12,sideways,91192.99,54.3
BTCUSDT,2026-01-13,sideways,95321.78,66.49
BTCUSDT,2026-01-14,sideways,96929.33,69.86
BTCUSDT,2026-01-15,sideways,95551.19,63.92
BTCUSDT,2026-01-16,sideways,95525.12,63.81
BTCUSDT,2026-01-17,sideways,95099.92,61.93
BTCUSDT,2026-01-18,sideways,93634.43,55.83
BTCUSDT,2026-01-19,sideways,92553.59,51.77
BTCUSDT,2026-01-20,sideways,88310.91,39.61
BTCUSDT,2026-01-21,sideways,89376.96,43.22
BTCUSDT,2026-01-22,sideways,89462.45,43.51
BTCUSDT,2026-01-23,sideways,89503.88,43.67
BTCUSDT,2026-01-24,sideways,89110.73,42.5
BTCUSDT,2026-01-25,sideways,86572.22,35.87
BTCUSDT,2026-01-26,sideways,88267.14,42.34
BTCUSDT,2026-01-27,sideways,89102.57,45.27
BTCUSDT,2026-01-28,sideways,89184.57,45.56
BTCUSDT,2026-01-29,sideways,84561.59,34.4
BTCUSDT,2026-01-30,sideways,84128.66,33.57
BTCUSDT,2026-01-31,bear,78621.12,25.24
BTCUSDT,2026-02-01,bear,76974.45,23.37
BTCUSDT,2026-02-02,bear,78688.77,29.24
BTCUSDT,2026-02-03,bear,75633.55,25.49
BTCUSDT,2026-02-04,bear,73019.7,22.8
BTCUSDT,2026-02-05,bear,62702.1,15.73
BTCUSDT,2026-02-06,bear,70555.39,32.8
BTCUSDT,2026-02-07,bear,69281.97,31.68
BTCUSDT,2026-02-08,bear,70264.73,33.57
BTCUSDT,2026-02-09,bear,70120.78,33.42
BTCUSDT,2026-02-10,bear,68793.96,32.05
BTCUSDT,2026-02-11,bear,66991.97,30.22
BTCUSDT,2026-02-12,bear,66221.84,29.45
BTCUSDT,2026-02-13,bear,68857.84,35.52
BTCUSDT,2026-02-14,bear,69767.62,37.52
BTCUSDT,2026-02-15,bear,68788.19,36.21
BTCUSDT,2026-02-16,bear,68843.16,36.35
BTCUSDT,2026-02-17,bear,67494.22,34.44
BTCUSDT,2026-02-18,bear,66425.32,32.97
BTCUSDT,2026-02-19,bear,66957.52,34.47
BTCUSDT,2026-02-20,bear,68005.42,37.45
BTCUSDT,2026-02-21,bear,68003.77,37.45
BTCUSDT,2026-02-22,bear,67659.39,36.81
BTCUSDT,2026-02-23,bear,64616.74,31.68
BTCUSDT,2026-02-24,bear,64080.04,30.87
BTCUSDT,2026-02-25,bear,67960.12,42.42
BTCUSDT,2026-02-26,bear,67453.77,41.45
BTCUSDT,2026-02-27,bear,65881.8,38.49
BTCUSDT,2026-02-28,bear,66995.86,41.67
BTCUSDT,2026-03-01,bear,65738.1,39.21
BTCUSDT,2026-03-02,bear,68775.85,47.3
BTCUSDT,2026-03-03,bear,68293.65,46.24
BTCUSDT,2026-03-04,bear,72710.58,55.92
BTCUSDT,2026-03-05,bear,70841.12,51.68
BTCUSDT,2026-03-06,bear,68136.49,46.22
BTCUSDT,2026-03-07,sideways,67272.59,44.6
BTCUSDT,2026-03-08,bear,65969.78,42.2
BTCUSDT,2026-03-09,sideways,68402.38,47.85
BTCUSDT,2026-03-10,sideways,69926.92,51.07
BTCUSDT,2026-03-11,sideways,70204.88,51.66
BTCUSDT,2026-03-12,sideways,70493.46,52.3
BTCUSDT,2026-03-13,sideways,70968.27,53.39
BTCUSDT,2026-03-14,sideways,71214.62,53.98
BTCUSDT,2026-03-15,sideways,72789.91,57.67
BTCUSDT,2026-03-16,sideways,74861.09,61.98
BTCUSDT,2026-03-17,sideways,73922.48,59.05
BTCUSDT,2026-03-18,sideways,71245.58,51.55
BTCUSDT,2026-03-19,sideways,69912.79,48.26
BTCUSDT,2026-03-20,sideways,70522.59,49.84
BTCUSDT,2026-03-21,sideways,68711.52,45.41
BTCUSDT,2026-03-22,sideways,67845.21,43.43
BTCUSDT,2026-03-23,sideways,70914.86,51.52
BTCUSDT,2026-03-24,sideways,70517.86,50.51
BTCUSDT,2026-03-25,sideways,71309.88,52.5
BTCUSDT,2026-03-26,sideways,68791.62,46.14
BTCUSDT,2026-03-27,sideways,66338.38,40.94
BTCUSDT,2026-03-28,sideways,66319.7,40.9
BTCUSDT,2026-03-29,sideways,65954.92,40.12
BTCUSDT,2026-03-30,sideways,66691.45,42.5
BTCUSDT,2026-03-31,sideways,68233.31,47.24
BTCUSDT,2026-04-01,sideways,68078.55,46.82
BTCUSDT,2026-04-02,sideways,66888.57,43.63
BTCUSDT,2026-04-03,bear,66931.1,43.78
BTCUSDT,2026-04-04,bear,67290.52,45.09
BTCUSDT,2026-04-05,sideways,68981.9,50.87
BTCUSDT,2026-04-06,sideways,68859.83,50.46
BTCUSDT,2026-04-07,sideways,71940.7,59.42
BTCUSDT,2026-04-08,sideways,71123.36,56.5
BTCUSDT,2026-04-09,sideways,71767.83,58.24
BTCUSDT,2026-04-10,sideways,72979.05,61.37
BTCUSDT,2026-04-11,sideways,73054.27,61.56
BTCUSDT,2026-04-12,sideways,70753.41,52.87
BTCUSDT,2026-04-13,sideways,74484.64,62.19
BTCUSDT,2026-04-14,sideways,74181.61,61.14
BTCUSDT,2026-04-15,sideways,74805.08,62.55
BTCUSDT,2026-04-16,sideways,75152.13,63.34
BTCUSDT,2026-04-17,sideways,77126.88,67.58
BTCUSDT,2026-04-18,sideways,75726.21,62.1
BTCUSDT,2026-04-19,sideways,73856.35,55.62
BTCUSDT,2026-04-20,sideways,75872.52,60.42
BTCUSDT,2026-04-21,sideways,76352.77,61.48
BTCUSDT,2026-04-22,sideways,78203.1,65.36
BTCUSDT,2026-04-23,sideways,78268.95,65.49
BTCUSDT,2026-04-24,sideways,77455.31,62.31
BTCUSDT,2026-04-25,sideways,77612.02,62.68
BTCUSDT,2026-04-26,sideways,78657.54,65.18
BTCUSDT,2026-04-27,sideways,77366.62,59.85
BTCUSDT,2026-04-28,sideways,76350.67,55.97
BTCUSDT,2026-04-29,sideways,75776.13,53.85
BTCUSDT,2026-04-30,sideways,76304.32,55.52
BTCUSDT,2026-05-01,sideways,78179.0,60.93
BTCUSDT,2026-05-02,sideways,78657.25,62.19
BTCUSDT,2026-05-03,sideways,78538.23,61.66
BTCUSDT,2026-05-04,sideways,79827.91,65.15
BTCUSDT,2026-05-05,sideways,80927.05,67.84
BTCUSDT,2026-05-06,sideways,81427.53,69.02
BTCUSDT,2026-05-07,sideways,80009.99,62.11
BTCUSDT,2026-05-08,sideways,80186.77,62.61
BTCUSDT,2026-05-09,sideways,80664.37,64.0
BTCUSDT,2026-05-10,sideways,82138.93,67.96
BTCUSDT,2026-05-11,sideways,81728.3,65.79
BTCUSDT,2026-05-12,sideways,80477.49,59.55
BTCUSDT,2026-05-13,sideways,79277.12,54.24
BTCUSDT,2026-05-14,sideways,81051.25,59.93
BTCUSDT,2026-05-15,sideways,79065.68,52.12
BTCUSDT,2026-05-16,sideways,78131.44,48.89
BTCUSDT,2026-05-17,sideways,77429.35,46.55
BTCUSDT,2026-05-18,sideways,76954.17,44.99
BTCUSDT,2026-05-19,sideways,76750.91,44.3
BTCUSDT,2026-05-20,sideways,77457.77,47.31
BTCUSDT,2026-05-21,sideways,77539.17,47.66
BTCUSDT,2026-05-22,sideways,75488.24,40.37
BTCUSDT,2026-05-23,sideways,76673.37,45.55
BTCUSDT,2026-05-24,sideways,76981.12,46.85
BTCUSDT,2026-05-25,sideways,77279.93,48.13
BTCUSDT,2026-05-26,sideways,75825.73,42.71
BTCUSDT,2026-05-27,sideways,74344.7,38.02
BTCUSDT,2026-05-28,sideways,73536.55,35.71
BTCUSDT,2026-05-29,sideways,73372.52,35.24
BTCUSDT,2026-05-30,sideways,73754.84,37.3
BTCUSDT,2026-05-31,bear,73579.69,36.72
BTCUSDT,2026-06-01,bear,71319.77,30.23
BTCUSDT,2026-06-02,bear,66703.66,21.77
BTCUSDT,2026-06-03,bear,64014.37,18.51
BTCUSDT,2026-06-04,bear,63801.57,18.28
BTCUSDT,2026-06-05,bear,60922.67,15.45
BTCUSDT,2026-06-06,bear,60867.41,15.4
BTCUSDT,2026-06-07,bear,63239.52,26.27
BTCUSDT,2026-06-08,bear,63090.59,26.05
BTCUSDT,2026-06-09,bear,61643.78,23.89
BTCUSDT,2026-06-10,bear,61449.29,23.61
BTCUSDT,2026-06-11,bear,63561.05,32.89
BTCUSDT,2026-06-12,bear,63543.2,32.86
BTCUSDT,2026-06-13,bear,64421.32,36.57
BTCUSDT,2026-06-14,bear,65710.4,41.67
BTCUSDT,2026-06-15,bear,66289.5,43.85
BTCUSDT,2026-06-16,bear,65600.64,41.85
BTCUSDT,2026-06-17,bear,64418.45,38.58
BTCUSDT,2026-06-18,bear,62896.47,34.82
BTCUSDT,2026-06-19,bear,63540.84,37.59
BTCUSDT,2026-06-20,bear,64239.68,40.55
BTCUSDT,2026-06-21,bear,63237.54,37.79
BTCUSDT,2026-06-22,bear,63952.11,40.88
BTCUSDT,2026-06-23,bear,62668.02,37.29
BTCUSDT,2026-06-24,bear,60995.13,33.2
BTCUSDT,2026-06-25,bear,59721.68,30.46
BTCUSDT,2026-06-26,bear,60016.43,31.86
BTCUSDT,2026-06-27,bear,59940.1,31.68
BTCUSDT,2026-06-28,bear,59532.34,30.7
BTCUSDT,2026-06-29,bear,60138.38,33.99
BTCUSDT,2026-06-30,bear,58558.86,29.99
BTCUSDT,2026-07-01,bear,60003.76,37.26
BTCUSDT,2026-07-02,bear,61485.3,43.71
BTCUSDT,2026-07-03,sideways,62544.2,47.84
BTCUSDT,2026-07-04,sideways,63088.3,49.88
BTCUSDT,2026-07-05,sideways,63547.88,51.6
BTCUSDT,2026-07-06,sideways,63995.02,53.28
BTCUSDT,2026-07-07,sideways,63297.39,50.34
BTCUSDT,2026-07-08,sideways,62257.57,46.26
BTCUSDT,2026-07-09,sideways,63193.15,50.18
BTCUSDT,2026-07-10,sideways,64127.14,53.8
BTCUSDT,2026-07-11,sideways,63802.03,52.37
BTCUSDT,2026-07-12,sideways,63758.22,52.17
BTCUSDT,2026-07-13,sideways,62239.12,45.63
BTCUSDT,2026-07-14,sideways,64956.11,56.2
BTCUSDT,2026-07-15,sideways,64712.38,55.17
BTCUSDT,2026-07-16,sideways,63789.28,51.31
BTCUSDT,2026-07-17,sideways,63899.46,51.74
BTCUSDT,2026-07-18,sideways,64796.6,55.24
BTCUSDT,2026-07-19,sideways,64690.8,54.74
BTCUSDT,2026-07-20,sideways,65230.03,56.89
BTCUSDT,2026-07-21,sideways,66505.12,61.56
BTCUSDT,2026-07-22,sideways,66100.8,59.36
BTCUSDT,2026-07-23,sideways,65044.81,53.96
BTCUSDT,2026-07-24,sideways,64098.5,49.59
BTCUSDT,2026-07-25,sideways,64311.81,50.56
BTCUSDT,2026-07-26,sideways,65340.3,55.05
BTCUSDT,2026-07-27,sideways,63724.9,47.72
BTCUSDT,2026-07-28,sideways,63871.36,48.39
BTCUSDT,2026-07-29,sideways,63908.17,48.57
BTCUSDT,2026-07-30,sideways,64725.31,52.5
BTCUSDT,2026-07-31,sideways,62813.75,44.02
BTCUSDT,2026-08-01,sideways,62763.32,43.82
BTCUSDT,2026-08-02,sideways,63482.0,47.5
BTCUSDT,2026-08-03,sideways,63460.9,47.4
ETHUSDT,2017-11-09,unknown,320.88,
ETHUSDT,2017-11-10,unknown,299.25,0.0
ETHUSDT,2017-11-11,unknown,314.68,5.2
ETHUSDT,2017-11-12,unknown,307.91,5.08
ETHUSDT,2017-11-13,unknown,316.72,8.16
ETHUSDT,2017-11-14,unknown,337.63,15.21
ETHUSDT,2017-11-15,unknown,333.36,14.96
ETHUSDT,2017-11-16,unknown,330.92,14.81
ETHUSDT,2017-11-17,unknown,332.39,15.37
ETHUSDT,2017-11-18,unknown,347.61,21.1
ETHUSDT,2017-11-19,unknown,354.39,23.58
ETHUSDT,2017-11-20,unknown,366.73,28.02
ETHUSDT,2017-11-21,unknown,360.4,27.15
ETHUSDT,2017-11-22,unknown,380.65,34.2
ETHUSDT,2017-11-23,unknown,410.17,42.88
ETHUSDT,2017-11-24,unknown,474.91,56.45
ETHUSDT,2017-11-25,unknown,466.28,54.59
ETHUSDT,2017-11-26,unknown,471.33,55.51
ETHUSDT,2017-11-27,unknown,480.36,57.19
ETHUSDT,2017-11-28,unknown,472.9,55.33
ETHUSDT,2017-11-29,unknown,427.52,45.63
ETHUSDT,2017-11-30,unknown,447.11,49.73
ETHUSDT,2017-12-01,unknown,466.54,53.47
ETHUSDT,2017-12-02,unknown,463.45,52.8
ETHUSDT,2017-12-03,unknown,465.85,53.29
ETHUSDT,2017-12-04,unknown,470.2,54.23
ETHUSDT,2017-12-05,unknown,463.28,52.43
ETHUSDT,2017-12-06,unknown,428.59,44.49
ETHUSDT,2017-12-07,unknown,434.41,45.97
ETHUSDT,2017-12-08,unknown,456.03,51.17
ETHUSDT,2017-12-09,unknown,473.5,54.95
ETHUSDT,2017-12-10,unknown,441.72,47.72
ETHUSDT,2017-12-11,unknown,515.14,60.61
ETHUSDT,2017-12-12,unknown,651.43,73.62
ETHUSDT,2017-12-13,unknown,702.77,76.73
ETHUSDT,2017-12-14,unknown,695.82,75.43
ETHUSDT,2017-12-15,unknown,684.45,73.25
ETHUSDT,2017-12-16,unknown,696.21,74.08
ETHUSDT,2017-12-17,unknown,719.97,75.73
ETHUSDT,2017-12-18,unknown,794.65,80.04
ETHUSDT,2017-12-19,unknown,826.82,81.55
ETHUSDT,2017-12-20,unknown,819.09,79.98
ETHUSDT,2017-12-21,unknown,821.06,80.09
ETHUSDT,2017-12-22,unknown,674.86,56.37
ETHUSDT,2017-12-23,unknown,719.39,60.23
ETHUSDT,2017-12-24,unknown,694.15,57.14
ETHUSDT,2017-12-25,unknown,765.83,62.95
ETHUSDT,2017-12-26,unknown,773.84,63.55
ETHUSDT,2017-12-27,unknown,762.84,62.07
ETHUSDT,2017-12-28,unknown,737.02,58.64
ETHUSDT,2017-12-29,unknown,753.59,60.16
ETHUSDT,2017-12-30,unknown,717.26,55.34
ETHUSDT,2017-12-31,unknown,756.73,59.17
ETHUSDT,2018-01-01,unknown,772.64,60.63
ETHUSDT,2018-01-02,unknown,884.44,69.03
ETHUSDT,2018-01-03,unknown,962.72,73.33
ETHUSDT,2018-01-04,unknown,980.92,74.22
ETHUSDT,2018-01-05,unknown,997.72,75.05
ETHUSDT,2018-01-06,unknown,1041.68,77.13
ETHUSDT,2018-01-07,unknown,1153.17,81.37
ETHUSDT,2018-01-08,unknown,1148.53,80.7
ETHUSDT,2018-01-09,unknown,1299.74,85.03
ETHUSDT,2018-01-10,unknown,1255.82,79.45
ETHUSDT,2018-01-11,unknown,1154.93,68.36
ETHUSDT,2018-01-12,unknown,1273.2,73.1
ETHUSDT,2018-01-13,unknown,1396.42,76.97
ETHUSDT,2018-01-14,unknown,1366.77,74.21
ETHUSDT,2018-01-15,unknown,1291.92,67.6
ETHUSDT,2018-01-16,unknown,1053.69,51.79
ETHUSDT,2018-01-17,unknown,1014.25,49.72
ETHUSDT,2018-01-18,unknown,1036.28,50.9
ETHUSDT,2018-01-19,unknown,1039.1,51.06
ETHUSDT,2018-01-20,unknown,1155.15,57.19
ETHUSDT,2018-01-21,unknown,1049.58,50.94
ETHUSDT,2018-01-22,unknown,1003.26,48.44
ETHUSDT,2018-01-23,unknown,986.23,47.52
ETHUSDT,2018-01-24,unknown,1058.78,51.74
ETHUSDT,2018-01-25,unknown,1056.03,51.57
ETHUSDT,2018-01-26,unknown,1055.17,51.51
ETHUSDT,2018-01-27,unknown,1107.07,54.75
ETHUSDT,2018-01-28,unknown,1246.01,62.06
ETHUSDT,2018-01-29,unknown,1182.36,57.48
ETHUSDT,2018-01-30,unknown,1071.13,50.47
ETHUSDT,2018-01-31,unknown,1118.31,53.08
ETHUSDT,2018-02-01,unknown,1036.79,48.34
ETHUSDT,2018-02-02,unknown,915.78,42.29
ETHUSDT,2018-02-03,unknown,964.02,45.23
ETHUSDT,2018-02-04,unknown,834.68,39.43
ETHUSDT,2018-02-05,unknown,697.95,34.41
ETHUSDT,2018-02-06,unknown,793.12,40.13
ETHUSDT,2018-02-07,unknown,757.07,38.75
ETHUSDT,2018-02-08,unknown,817.81,42.34
ETHUSDT,2018-02-09,unknown,883.86,46.05
ETHUSDT,2018-02-10,unknown,860.41,44.94
ETHUSDT,2018-02-11,unknown,814.66,42.79
ETHUSDT,2018-02-12,unknown,868.71,46.08
ETHUSDT,2018-02-13,unknown,845.26,44.87
ETHUSDT,2018-02-14,unknown,923.56,49.61
ETHUSDT,2018-02-15,unknown,936.98,50.4
ETHUSDT,2018-02-16,unknown,944.21,50.85
ETHUSDT,2018-02-17,unknown,974.11,52.74
ETHUSDT,2018-02-18,unknown,923.92,49.31
ETHUSDT,2018-02-19,unknown,943.86,50.68
ETHUSDT,2018-02-20,unknown,895.37,47.33
ETHUSDT,2018-02-21,unknown,849.97,44.36
ETHUSDT,2018-02-22,unknown,812.84,42.05
ETHUSDT,2018-02-23,unknown,864.19,46.23
ETHUSDT,2018-02-24,unknown,840.52,44.63
ETHUSDT,2018-02-25,unknown,844.81,45.0
ETHUSDT,2018-02-26,unknown,869.32,47.18
ETHUSDT,2018-02-27,unknown,878.27,47.99
ETHUSDT,2018-02-28,unknown,855.2,46.03
ETHUSDT,2018-03-01,unknown,872.2,47.73
ETHUSDT,2018-03-02,unknown,856.85,46.31
ETHUSDT,2018-03-03,unknown,857.22,46.35
ETHUSDT,2018-03-04,unknown,866.68,47.46
ETHUSDT,2018-03-05,unknown,853.68,46.05
ETHUSDT,2018-03-06,unknown,816.95,42.23
ETHUSDT,2018-03-07,unknown,752.83,36.53
ETHUSDT,2018-03-08,unknown,704.6,32.93
ETHUSDT,2018-03-09,unknown,728.92,36.33
ETHUSDT,2018-03-10,unknown,686.89,33.19
ETHUSDT,2018-03-11,unknown,723.34,38.18
ETHUSDT,2018-03-12,unknown,699.83,36.3
ETHUSDT,2018-03-13,unknown,690.83,35.58
ETHUSDT,2018-03-14,unknown,614.29,30.09
ETHUSDT,2018-03-15,unknown,611.3,29.89
ETHUSDT,2018-03-16,unknown,601.67,29.24
ETHUSDT,2018-03-17,unknown,552.78,26.11
ETHUSDT,2018-03-18,unknown,538.64,25.27
ETHUSDT,2018-03-19,unknown,556.73,28.45
ETHUSDT,2018-03-20,unknown,557.17,28.53
ETHUSDT,2018-03-21,unknown,561.73,29.4
ETHUSDT,2018-03-22,unknown,539.7,27.64
ETHUSDT,2018-03-23,unknown,539.62,27.63
ETHUSDT,2018-03-24,unknown,526.44,26.53
ETHUSDT,2018-03-25,unknown,524.29,26.35
ETHUSDT,2018-03-26,unknown,489.95,23.53
ETHUSDT,2018-03-27,unknown,450.12,20.75
ETHUSDT,2018-03-28,unknown,446.28,20.5
ETHUSDT,2018-03-29,unknown,385.97,17.02
ETHUSDT,2018-03-30,unknown,394.64,19.15
ETHUSDT,2018-03-31,unknown,396.46,19.61
ETHUSDT,2018-04-01,unknown,379.61,18.55
ETHUSDT,2018-04-02,unknown,386.42,20.43
ETHUSDT,2018-04-03,unknown,416.89,28.39
ETHUSDT,2018-04-04,unknown,380.54,25.16
ETHUSDT,2018-04-05,unknown,383.23,25.83
ETHUSDT,2018-04-06,unknown,370.29,24.68
ETHUSDT,2018-04-07,unknown,385.31,28.65
ETHUSDT,2018-04-08,unknown,400.51,32.53
ETHUSDT,2018-04-09,unknown,398.53,32.28
ETHUSDT,2018-04-10,unknown,414.24,36.4
ETHUSDT,2018-04-11,unknown,430.54,40.44
ETHUSDT,2018-04-12,unknown,492.94,52.8
ETHUSDT,2018-04-13,unknown,492.73,52.76
ETHUSDT,2018-04-14,unknown,501.48,54.3
ETHUSDT,2018-04-15,unknown,531.7,59.25
ETHUSDT,2018-04-16,unknown,511.15,54.9
ETHUSDT,2018-04-17,unknown,502.89,53.21
ETHUSDT,2018-04-18,unknown,524.79,56.99
ETHUSDT,2018-04-19,unknown,567.89,63.28
ETHUSDT,2018-04-20,unknown,615.72,68.75
ETHUSDT,2018-04-21,unknown,605.4,66.45
ETHUSDT,2018-04-22,unknown,621.86,68.27
ETHUSDT,2018-04-23,unknown,642.55,70.44
ETHUSDT,2018-04-24,unknown,708.16,76.05
ETHUSDT,2018-04-25,unknown,615.42,59.02
ETHUSDT,2018-04-26,unknown,662.81,63.51
ETHUSDT,2018-04-27,unknown,647.03,61.11
ETHUSDT,2018-04-28,unknown,683.68,64.47
ETHUSDT,2018-04-29,unknown,688.88,64.94
ETHUSDT,2018-04-30,unknown,669.92,61.77
ETHUSDT,2018-05-01,unknown,673.61,62.16
ETHUSDT,2018-05-02,unknown,687.15,63.61
ETHUSDT,2018-05-03,unknown,779.54,71.62
ETHUSDT,2018-05-04,unknown,785.62,72.06
ETHUSDT,2018-05-05,unknown,816.12,74.2
ETHUSDT,2018-05-06,unknown,792.31,69.71
ETHUSDT,2018-05-07,unknown,753.72,63.05
ETHUSDT,2018-05-08,unknown,752.86,62.9
ETHUSDT,2018-05-09,unknown,752.28,62.8
ETHUSDT,2018-05-10,unknown,727.28,58.31
ETHUSDT,2018-05-11,unknown,679.59,50.84
ETHUSDT,2018-05-12,unknown,686.05,51.75
ETHUSDT,2018-05-13,unknown,733.5,57.86
ETHUSDT,2018-05-14,unknown,730.55,57.37
ETHUSDT,2018-05-15,unknown,708.87,53.79
ETHUSDT,2018-05-16,unknown,707.05,53.49
ETHUSDT,2018-05-17,unknown,672.66,48.01
ETHUSDT,2018-05-18,unknown,694.37,51.39
ETHUSDT,2018-05-19,unknown,696.53,51.73
ETHUSDT,2018-05-20,unknown,715.37,54.68
ETHUSDT,2018-05-21,unknown,699.22,51.76
ETHUSDT,2018-05-22,unknown,647.74,43.74
ETHUSDT,2018-05-23,unknown,583.59,36.21
ETHUSDT,2018-05-24,unknown,601.76,39.39
ETHUSDT,2018-05-25,unknown,586.73,37.72
ETHUSDT,2018-05-26,unknown,587.28,37.82
ETHUSDT,2018-05-27,bear,572.67,36.09
ETHUSDT,2018-05-28,bear,516.04,30.31
ETHUSDT,2018-05-29,bear,565.39,39.42
ETHUSDT,2018-05-30,bear,559.59,38.78
ETHUSDT,2018-05-31,bear,577.65,41.95
ETHUSDT,2018-06-01,bear,580.04,42.37
ETHUSDT,2018-06-02,bear,591.81,44.52
ETHUSDT,2018-06-03,bear,618.33,49.14
ETHUSDT,2018-06-04,bear,592.98,45.26
ETHUSDT,2018-06-05,bear,609.3,48.1
ETHUSDT,2018-06-06,bear,607.12,47.74
ETHUSDT,2018-06-07,bear,605.19,47.41
ETHUSDT,2018-06-08,bear,601.08,46.66
ETHUSDT,2018-06-09,bear,597.56,45.99
ETHUSDT,2018-06-10,bear,526.48,35.04
ETHUSDT,2018-06-11,bear,533.28,36.59
ETHUSDT,2018-06-12,bear,496.84,32.15
ETHUSDT,2018-06-13,bear,477.49,30.06
ETHUSDT,2018-06-14,bear,519.74,39.33
ETHUSDT,2018-06-15,bear,491.0,35.85
ETHUSDT,2018-06-16,bear,499.64,37.63
ETHUSDT,2018-06-17,bear,500.45,37.81
ETHUSDT,2018-06-18,bear,518.89,41.81
ETHUSDT,2018-06-19,bear,537.96,45.69
ETHUSDT,2018-06-20,bear,536.27,45.4
ETHUSDT,2018-06-21,bear,527.37,43.83
ETHUSDT,2018-06-22,bear,465.82,34.83
ETHUSDT,2018-06-23,bear,474.52,36.81
ETHUSDT,2018-06-24,bear,457.67,34.62
ETHUSDT,2018-06-25,bear,460.31,35.27
ETHUSDT,2018-06-26,bear,432.77,31.73
ETHUSDT,2018-06-27,bear,442.36,34.2
ETHUSDT,2018-06-28,bear,422.36,31.63
ETHUSDT,2018-06-29,bear,436.01,35.21
ETHUSDT,2018-06-30,bear,455.18,39.98
ETHUSDT,2018-07-01,bear,453.92,39.77
ETHUSDT,2018-07-02,bear,475.35,44.99
ETHUSDT,2018-07-03,bear,464.2,42.9
ETHUSDT,2018-07-04,bear,467.32,43.69
ETHUSDT,2018-07-05,bear,474.41,45.52
ETHUSDT,2018-07-06,bear,474.01,45.43
ETHUSDT,2018-07-07,bear,491.66,50.12
ETHUSDT,2018-07-08,bear,489.12,49.46
ETHUSDT,2018-07-09,bear,476.68,46.26
ETHUSDT,2018-07-10,bear,434.42,37.4
ETHUSDT,2018-07-11,bear,446.52,40.89
ETHUSDT,2018-07-12,bear,430.07,37.8
ETHUSDT,2018-07-13,bear,434.03,39.0
ETHUSDT,2018-07-14,bear,436.09,39.64
ETHUSDT,2018-07-15,bear,449.85,43.93
ETHUSDT,2018-07-16,sideways,480.66,52.14
ETHUSDT,2018-07-17,sideways,501.0,56.65
ETHUSDT,2018-07-18,bear,480.51,51.39
ETHUSDT,2018-07-19,bear,469.62,48.8
ETHUSDT,2018-07-20,bear,450.7,44.6
ETHUSDT,2018-07-21,bear,462.44,47.61
ETHUSDT,2018-07-22,sideways,459.66,46.96
ETHUSDT,2018-07-23,sideways,450.85,44.87
ETHUSDT,2018-07-24,sideways,479.37,52.29
ETHUSDT,2018-07-25,sideways,472.49,50.52
ETHUSDT,2018-07-26,sideways,464.04,48.36
ETHUSDT,2018-07-27,sideways,469.67,49.9
ETHUSDT,2018-07-28,sideways,466.9,49.12
ETHUSDT,2018-07-29,sideways,466.67,49.05
ETHUSDT,2018-07-30,sideways,457.08,46.18
ETHUSDT,2018-07-31,sideways,433.87,40.05
ETHUSDT,2018-08-01,bear,420.75,37.06
ETHUSDT,2018-08-02,bear,412.62,35.3
ETHUSDT,2018-08-03,bear,418.26,37.52
ETHUSDT,2018-08-04,bear,407.25,35.0
ETHUSDT,2018-08-05,bear,410.52,36.36
ETHUSDT,2018-08-06,bear,406.66,35.42
ETHUSDT,2018-08-07,bear,380.21,29.71
ETHUSDT,2018-08-08,bear,356.61,25.72
ETHUSDT,2018-08-09,bear,365.59,29.59
ETHUSDT,2018-08-10,bear,334.18,24.73
ETHUSDT,2018-08-11,bear,322.11,23.16
ETHUSDT,2018-08-12,bear,319.57,22.83
ETHUSDT,2018-08-13,bear,286.49,19.04
ETHUSDT,2018-08-14,bear,278.93,18.29
ETHUSDT,2018-08-15,bear,282.36,19.83
ETHUSDT,2018-08-16,bear,288.05,22.44
ETHUSDT,2018-08-17,bear,315.73,33.74
ETHUSDT,2018-08-18,bear,295.81,30.32
ETHUSDT,2018-08-19,bear,300.83,32.18
ETHUSDT,2018-08-20,bear,274.32,27.93
ETHUSDT,2018-08-21,bear,281.94,30.76
ETHUSDT,2018-08-22,bear,271.34,29.05
ETHUSDT,2018-08-23,bear,277.1,31.29
ETHUSDT,2018-08-24,bear,282.97,33.59
ETHUSDT,2018-08-25,bear,279.65,32.91
ETHUSDT,2018-08-26,bear,275.2,31.99
ETHUSDT,2018-08-27,bear,285.6,36.47
ETHUSDT,2018-08-28,bear,296.5,40.87
ETHUSDT,2018-08-29,bear,289.31,38.95
ETHUSDT,2018-08-30,bear,284.11,37.58
ETHUSDT,2018-08-31,bear,283.0,37.28
ETHUSDT,2018-09-01,bear,295.34,42.78
ETHUSDT,2018-09-02,bear,294.37,42.46
ETHUSDT,2018-09-03,bear,289.26,40.76
ETHUSDT,2018-09-04,bear,285.72,39.58
ETHUSDT,2018-09-05,bear,232.33,26.88
ETHUSDT,2018-09-06,bear,230.21,26.52
ETHUSDT,2018-09-07,bear,217.2,24.34
ETHUSDT,2018-09-08,bear,197.95,21.53
ETHUSDT,2018-09-09,bear,196.92,21.39
ETHUSDT,2018-09-10,bear,197.08,21.47
ETHUSDT,2018-09-11,bear,185.07,19.71
ETHUSDT,2018-09-12,bear,183.33,19.46
ETHUSDT,2018-09-13,bear,211.35,33.95
ETHUSDT,2018-09-14,bear,211.75,34.13
ETHUSDT,2018-09-15,bear,223.07,39.24
ETHUSDT,2018-09-16,bear,220.59,38.53
ETHUSDT,2018-09-17,bear,197.88,32.73
ETHUSDT,2018-09-18,bear,209.98,38.08
ETHUSDT,2018-09-19,bear,209.97,38.08
ETHUSDT,2018-09-20,bear,224.59,44.28
ETHUSDT,2018-09-21,bear,246.58,52.06
ETHUSDT,2018-09-22,bear,240.48,49.98
ETHUSDT,2018-09-23,bear,244.33,51.3
ETHUSDT,2018-09-24,bear,228.73,45.99
ETHUSDT,2018-09-25,bear,218.51,42.85
ETHUSDT,2018-09-26,bear,215.85,42.05
ETHUSDT,2018-09-27,bear,228.49,47.12
ETHUSDT,2018-09-28,bear,222.4,45.07
ETHUSDT,2018-09-29,bear,231.63,48.71
ETHUSDT,2018-09-30,bear,232.85,49.19
ETHUSDT,2018-10-01,bear,230.77,48.36
ETHUSDT,2018-10-02,bear,227.18,46.89
ETHUSDT,2018-10-03,bear,220.49,44.2
ETHUSDT,2018-10-04,bear,222.22,45.07
ETHUSDT,2018-10-05,sideways,227.6,47.83
ETHUSDT,2018-10-06,sideways,225.12,46.67
ETHUSDT,2018-10-07,sideways,226.12,47.22
ETHUSDT,2018-10-08,sideways,229.26,49.02
ETHUSDT,2018-10-09,sideways,227.98,48.3
ETHUSDT,2018-10-10,sideways,225.77,47.01
ETHUSDT,2018-10-11,sideways,189.5,31.95
ETHUSDT,2018-10-12,sideways,196.73,36.33
ETHUSDT,2018-10-13,bear,199.84,38.17
ETHUSDT,2018-10-14,bear,195.71,36.66
ETHUSDT,2018-10-15,bear,209.7,44.68
ETHUSDT,2018-10-16,sideways,210.12,44.9
ETHUSDT,2018-10-17,sideways,207.08,43.52
ETHUSDT,2018-10-18,sideways,203.35,41.82
ETHUSDT,2018-10-19,sideways,203.73,42.06
ETHUSDT,2018-10-20,bear,205.43,43.23
ETHUSDT,2018-10-21,bear,205.14,43.08
ETHUSDT,2018-10-22,bear,204.04,42.44
ETHUSDT,2018-10-23,bear,204.34,42.68
ETHUSDT,2018-10-24,bear,203.85,42.36
ETHUSDT,2018-10-25,bear,202.72,41.57
ETHUSDT,2018-10-26,bear,203.33,42.2
ETHUSDT,2018-10-27,bear,204.21,43.14
ETHUSDT,2018-10-28,bear,205.37,44.41
ETHUSDT,2018-10-29,bear,197.25,37.96
ETHUSDT,2018-10-30,bear,197.56,38.33
ETHUSDT,2018-10-31,bear,197.38,38.19
ETHUSDT,2018-11-01,bear,198.87,40.17
ETHUSDT,2018-11-02,bear,200.63,42.51
ETHUSDT,2018-11-03,bear,200.19,42.05
ETHUSDT,2018-11-04,bear,207.49,51.13
ETHUSDT,2018-11-05,bear,209.09,52.88
ETHUSDT,2018-11-06,sideways,218.45,61.53
ETHUSDT,2018-11-07,sideways,217.18,59.92
ETHUSDT,2018-11-08,bear,212.23,54.0
ETHUSDT,2018-11-09,bear,210.07,51.61
ETHUSDT,2018-11-10,sideways,212.53,54.1
ETHUSDT,2018-11-11,sideways,211.34,52.69
ETHUSDT,2018-11-12,sideways,210.42,51.56
ETHUSDT,2018-11-13,sideways,206.83,47.32
ETHUSDT,2018-11-14,bear,181.4,29.08
ETHUSDT,2018-11-15,bear,180.81,28.8
ETHUSDT,2018-11-16,bear,175.18,26.23
ETHUSDT,2018-11-17,bear,174.0,25.71
ETHUSDT,2018-11-18,bear,177.07,29.6
ETHUSDT,2018-11-19,bear,149.18,19.56
ETHUSDT,2018-11-20,bear,130.34,15.69
ETHUSDT,2018-11-21,bear,136.7,21.35
ETHUSDT,2018-11-22,bear,126.71,19.17
ETHUSDT,2018-11-23,bear,123.3,18.48
ETHUSDT,2018-11-24,bear,113.49,16.62
ETHUSDT,2018-11-25,bear,116.45,19.26
ETHUSDT,2018-11-26,bear,108.33,17.61
ETHUSDT,2018-11-27,bear,110.01,19.15
ETHUSDT,2018-11-28,bear,122.44,29.64
ETHUSDT,2018-11-29,bear,117.54,28.09
ETHUSDT,2018-11-30,bear,113.17,26.75
ETHUSDT,2018-12-01,bear,118.64,31.18
ETHUSDT,2018-12-02,bear,116.39,30.36
ETHUSDT,2018-12-03,bear,108.93,27.77
ETHUSDT,2018-12-04,bear,110.21,28.9
ETHUSDT,2018-12-05,bear,102.48,26.25
ETHUSDT,2018-12-06,bear,91.76,23.1
ETHUSDT,2018-12-07,bear,93.29,24.5
ETHUSDT,2018-12-08,bear,92.16,24.15
ETHUSDT,2018-12-09,bear,95.14,27.09
ETHUSDT,2018-12-10,bear,91.69,25.84
ETHUSDT,2018-12-11,bear,88.95,24.86
ETHUSDT,2018-12-12,bear,90.59,26.66
ETHUSDT,2018-12-13,bear,86.54,25.07
ETHUSDT,2018-12-14,bear,84.31,24.21
ETHUSDT,2018-12-15,bear,84.44,24.38
ETHUSDT,2018-12-16,bear,85.26,25.46
ETHUSDT,2018-12-17,bear,95.13,37.16
ETHUSDT,2018-12-18,bear,101.11,43.0
ETHUSDT,2018-12-19,bear,101.27,43.15
ETHUSDT,2018-12-20,bear,116.22,55.18
ETHUSDT,2018-12-21,bear,109.5,50.05
ETHUSDT,2018-12-22,bear,116.76,54.93
ETHUSDT,2018-12-23,sideways,130.77,62.53
ETHUSDT,2018-12-24,sideways,140.24,66.63
ETHUSDT,2018-12-25,sideways,129.84,59.0
ETHUSDT,2018-12-26,sideways,131.87,59.96
ETHUSDT,2018-12-27,sideways,116.58,50.36
ETHUSDT,2018-12-28,sideways,137.65,59.89
ETHUSDT,2018-12-29,sideways,138.02,60.04
ETHUSDT,2018-12-30,sideways,139.86,60.8
ETHUSDT,2018-12-31,sideways,133.37,56.7
ETHUSDT,2019-01-01,sideways,140.82,60.03
ETHUSDT,2019-01-02,sideways,155.05,65.49
ETHUSDT,2019-01-03,sideways,149.14,61.72
ETHUSDT,2019-01-04,sideways,154.58,63.78
ETHUSDT,2019-01-05,sideways,155.64,64.19
ETHUSDT,2019-01-06,sideways,157.75,65.03
ETHUSDT,2019-01-07,sideways,151.7,60.64
ETHUSDT,2019-01-08,sideways,150.36,59.68
ETHUSDT,2019-01-09,sideways,150.8,59.91
ETHUSDT,2019-01-10,sideways,128.63,46.0
ETHUSDT,2019-01-11,sideways,127.55,45.44
ETHUSDT,2019-01-12,sideways,125.97,44.6
ETHUSDT,2019-01-13,sideways,116.9,40.0
ETHUSDT,2019-01-14,sideways,129.07,47.78
ETHUSDT,2019-01-15,sideways,122.03,44.21
ETHUSDT,2019-01-16,sideways,123.55,45.16
ETHUSDT,2019-01-17,sideways,123.74,45.29
ETHUSDT,2019-01-18,sideways,121.01,43.74
ETHUSDT,2019-01-19,sideways,124.52,46.29
ETHUSDT,2019-01-20,sideways,119.47,43.25
ETHUSDT,2019-01-21,sideways,117.16,41.89
ETHUSDT,2019-01-22,bear,118.75,43.21
ETHUSDT,2019-01-23,bear,117.45,42.37
ETHUSDT,2019-01-24,bear,117.36,42.31
ETHUSDT,2019-01-25,bear,116.38,41.59
ETHUSDT,2019-01-26,sideways,116.49,41.71
ETHUSDT,2019-01-27,bear,113.41,39.31
ETHUSDT,2019-01-28,bear,106.59,34.56
ETHUSDT,2019-01-29,bear,105.6,33.92
ETHUSDT,2019-01-30,bear,108.91,38.05
ETHUSDT,2019-01-31,bear,107.06,36.67
ETHUSDT,2019-02-01,bear,107.61,37.4
ETHUSDT,2019-02-02,bear,110.43,41.13
ETHUSDT,2019-02-03,bear,107.49,38.55
ETHUSDT,2019-02-04,bear,107.82,39.01
ETHUSDT,2019-02-05,bear,107.44,38.66
ETHUSDT,2019-02-06,bear,104.92,36.26
ETHUSDT,2019-02-07,bear,104.54,35.89
ETHUSDT,2019-02-08,bear,119.27,54.72
ETHUSDT,2019-02-09,bear,119.43,54.88
ETHUSDT,2019-02-10,sideways,124.81,59.86
ETHUSDT,2019-02-11,sideways,121.3,55.55
ETHUSDT,2019-02-12,sideways,122.57,56.77
ETHUSDT,2019-02-13,bear,122.55,56.74
ETHUSDT,2019-02-14,sideways,121.39,55.15
ETHUSDT,2019-02-15,sideways,122.1,55.96
ETHUSDT,2019-02-16,sideways,123.26,57.32
ETHUSDT,2019-02-17,sideways,133.6,67.1
ETHUSDT,2019-02-18,sideways,146.1,74.66
ETHUSDT,2019-02-19,sideways,145.35,73.56
ETHUSDT,2019-02-20,sideways,149.55,75.71
ETHUSDT,2019-02-21,sideways,146.13,70.68
ETHUSDT,2019-02-22,sideways,149.09,72.39
ETHUSDT,2019-02-23,sideways,158.8,77.1
ETHUSDT,2019-02-24,sideways,135.85,53.75
ETHUSDT,2019-02-25,sideways,139.82,56.22
ETHUSDT,2019-02-26,sideways,138.09,54.85
ETHUSDT,2019-02-27,sideways,136.13,53.26
ETHUSDT,2019-02-28,sideways,136.75,53.71
ETHUSDT,2019-03-01,sideways,136.44,53.44
ETHUSDT,2019-03-02,sideways,134.21,51.35
ETHUSDT,2019-03-03,sideways,132.25,49.53
ETHUSDT,2019-03-04,sideways,127.77,45.54
ETHUSDT,2019-03-05,sideways,137.82,54.41
ETHUSDT,2019-03-06,sideways,138.79,55.17
ETHUSDT,2019-03-07,sideways,138.03,54.41
ETHUSDT,2019-03-08,sideways,135.13,51.47
ETHUSDT,2019-03-09,sideways,137.97,54.08
ETHUSDT,2019-03-10,sideways,136.76,52.78
ETHUSDT,2019-03-11,sideways,133.83,49.67
ETHUSDT,2019-03-12,sideways,134.44,50.32
ETHUSDT,2019-03-13,sideways,133.26,48.99
ETHUSDT,2019-03-14,sideways,133.71,49.54
ETHUSDT,2019-03-15,sideways,137.69,54.23
ETHUSDT,2019-03-16,sideways,142.4,59.08
ETHUSDT,2019-03-17,sideways,140.0,55.83
ETHUSDT,2019-03-18,sideways,139.37,54.99
ETHUSDT,2019-03-19,sideways,140.52,56.29
ETHUSDT,2019-03-20,sideways,140.69,56.49
ETHUSDT,2019-03-21,sideways,136.64,50.5
ETHUSDT,2019-03-22,sideways,137.18,51.25
ETHUSDT,2019-03-23,sideways,138.24,52.74
ETHUSDT,2019-03-24,sideways,136.99,50.76
ETHUSDT,2019-03-25,sideways,135.03,47.73
ETHUSDT,2019-03-26,sideways,135.46,48.46
ETHUSDT,2019-03-27,sideways,140.99,56.78
ETHUSDT,2019-03-28,sideways,139.42,54.11
ETHUSDT,2019-03-29,sideways,142.5,58.26
ETHUSDT,2019-03-30,sideways,142.09,57.52
ETHUSDT,2019-03-31,sideways,141.51,56.42
ETHUSDT,2019-04-01,sideways,141.83,56.91
ETHUSDT,2019-04-02,bull,163.96,76.54
ETHUSDT,2019-04-03,bull,161.46,72.52
ETHUSDT,2019-04-04,bull,158.05,67.33
ETHUSDT,2019-04-05,bull,165.51,72.05
ETHUSDT,2019-04-06,bull,165.95,72.3
ETHUSDT,2019-04-07,bull,174.53,76.74
ETHUSDT,2019-04-08,bull,180.26,79.14
ETHUSDT,2019-04-09,bull,176.11,73.25
ETHUSDT,2019-04-10,bull,177.34,73.86
ETHUSDT,2019-04-11,bull,165.5,59.51
ETHUSDT,2019-04-12,bull,164.74,58.72
ETHUSDT,2019-04-13,bull,164.51,58.48
ETHUSDT,2019-04-14,bull,167.84,61.08
ETHUSDT,2019-04-15,bull,161.57,54.19
ETHUSDT,2019-04-16,bull,167.62,59.0
ETHUSDT,2019-04-17,bull,166.95,58.27
ETHUSDT,2019-04-18,bull,173.81,63.28
ETHUSDT,2019-04-19,bull,173.71,63.16
ETHUSDT,2019-04-20,bull,173.75,63.19
ETHUSDT,2019-04-21,bull,170.05,58.47
ETHUSDT,2019-04-22,bull,171.87,60.05
ETHUSDT,2019-04-23,bull,171.45,59.48
ETHUSDT,2019-04-24,bull,165.83,52.41
ETHUSDT,2019-04-25,bull,154.46,41.63
ETHUSDT,2019-04-26,bull,156.35,43.7
ETHUSDT,2019-04-27,bull,158.43,45.98
ETHUSDT,2019-04-28,bull,157.3,44.91
ETHUSDT,2019-04-29,bull,155.2,42.93
ETHUSDT,2019-04-30,bull,162.17,50.71
ETHUSDT,2019-05-01,bull,160.82,49.31
ETHUSDT,2019-05-02,sideways,162.12,50.73
ETHUSDT,2019-05-03,sideways,167.95,56.57
ETHUSDT,2019-05-04,sideways,164.03,52.09
ETHUSDT,2019-05-05,sideways,163.45,51.45
ETHUSDT,2019-05-06,sideways,172.65,59.96
ETHUSDT,2019-05-07,sideways,169.8,56.64
ETHUSDT,2019-05-08,sideways,170.95,57.66
ETHUSDT,2019-05-09,sideways,170.29,56.84
ETHUSDT,2019-05-10,sideways,173.14,59.53
ETHUSDT,2019-05-11,bull,194.3,72.99
ETHUSDT,2019-05-12,bull,187.33,65.28
ETHUSDT,2019-05-13,bull,196.85,69.94
ETHUSDT,2019-05-14,bull,217.15,77.03
ETHUSDT,2019-05-15,bull,247.15,83.3
ETHUSDT,2019-05-16,bull,264.01,85.66
ETHUSDT,2019-05-17,bull,243.76,72.4
ETHUSDT,2019-05-18,bull,234.6,67.31
ETHUSDT,2019-05-19,bull,261.29,73.21
ETHUSDT,2019-05-20,bull,251.86,68.51
ETHUSDT,2019-05-21,bull,255.22,69.26
ETHUSDT,2019-05-22,bull,244.7,64.07
ETHUSDT,2019-05-23,bull,245.97,64.41
ETHUSDT,2019-05-24,bull,249.48,65.41
ETHUSDT,2019-05-25,bull,251.76,66.07
ETHUSDT,2019-05-26,bull,267.07,70.21
ETHUSDT,2019-05-27,bull,272.86,71.61
ETHUSDT,2019-05-28,bull,271.77,70.93
ETHUSDT,2019-05-29,bull,269.46,69.43
ETHUSDT,2019-05-30,bull,255.86,61.2
ETHUSDT,2019-05-31,bull,268.11,65.2
ETHUSDT,2019-06-01,bull,265.39,63.63
ETHUSDT,2019-06-02,bull,270.23,65.23
ETHUSDT,2019-06-03,bull,252.61,55.62
ETHUSDT,2019-06-04,bull,241.34,50.5
ETHUSDT,2019-06-05,bull,247.05,52.87
ETHUSDT,2019-06-06,bull,249.47,53.88
ETHUSDT,2019-06-07,bull,250.93,54.51
ETHUSDT,2019-06-08,bull,245.74,51.79
ETHUSDT,2019-06-09,bull,233.09,45.8
ETHUSDT,2019-06-10,bull,247.52,52.55
ETHUSDT,2019-06-11,bull,245.78,51.71
ETHUSDT,2019-06-12,bull,260.9,57.97
ETHUSDT,2019-06-13,bull,256.17,55.54
ETHUSDT,2019-06-14,bull,264.09,58.66
ETHUSDT,2019-06-15,sideways,269.02,60.51
ETHUSDT,2019-06-16,bull,269.22,60.59
ETHUSDT,2019-06-17,bull,274.35,62.61
ETHUSDT,2019-06-18,sideways,265.05,56.91
ETHUSDT,2019-06-19,bull,269.43,58.81
ETHUSDT,2019-06-20,bull,271.7,59.8
ETHUSDT,2019-06-21,bull,294.91,68.22
ETHUSDT,2019-06-22,bull,309.38,72.13
ETHUSDT,2019-06-23,bull,307.83,71.12
ETHUSDT,2019-06-24,bull,310.42,71.83
ETHUSDT,2019-06-25,bull,318.13,73.89
ETHUSDT,2019-06-26,bull,336.75,78.06
ETHUSDT,2019-06-27,bull,294.27,56.06
ETHUSDT,2019-06-28,bull,311.23,60.81
ETHUSDT,2019-06-29,bull,320.06,63.05
ETHUSDT,2019-06-30,bull,290.7,52.34
ETHUSDT,2019-07-01,bull,293.64,53.2
ETHUSDT,2019-07-02,bull,291.6,52.49
ETHUSDT,2019-07-03,bull,303.1,56.03
ETHUSDT,2019-07-04,bull,284.52,49.6
ETHUSDT,2019-07-05,bull,288.0,50.74
ETHUSDT,2019-07-06,bull,287.55,50.58
ETHUSDT,2019-07-07,bull,305.7,56.51
ETHUSDT,2019-07-08,bull,313.25,58.73
ETHUSDT,2019-07-09,bull,308.88,56.92
ETHUSDT,2019-07-10,bull,290.0,49.78
ETHUSDT,2019-07-11,sideways,268.7,43.2
ETHUSDT,2019-07-12,sideways,276.28,45.94
ETHUSDT,2019-07-13,sideways,269.46,43.89
ETHUSDT,2019-07-14,sideways,227.58,33.88
ETHUSDT,2019-07-15,sideways,229.78,34.72
ETHUSDT,2019-07-16,sideways,199.19,29.16
ETHUSDT,2019-07-17,sideways,211.48,33.75
ETHUSDT,2019-07-18,sideways,226.57,38.98
ETHUSDT,2019-07-19,sideways,221.33,37.86
ETHUSDT,2019-07-20,sideways,229.12,40.59
ETHUSDT,2019-07-21,sideways,225.63,39.75
ETHUSDT,2019-07-22,sideways,217.56,37.8
ETHUSDT,2019-07-23,sideways,212.73,36.64
ETHUSDT,2019-07-24,sideways,217.05,38.45
ETHUSDT,2019-07-25,sideways,219.62,39.57
ETHUSDT,2019-07-26,sideways,219.63,39.57
ETHUSDT,2019-07-27,sideways,207.41,35.99
ETHUSDT,2019-07-28,sideways,211.19,37.86
ETHUSDT,2019-07-29,sideways,211.27,37.9
ETHUSDT,2019-07-30,sideways,210.52,37.65
ETHUSDT,2019-07-31,sideways,218.65,42.17
ETHUSDT,2019-08-01,sideways,217.81,41.83
ETHUSDT,2019-08-02,sideways,217.87,41.87
ETHUSDT,2019-08-03,sideways,222.49,44.68
ETHUSDT,2019-08-04,sideways,222.67,44.8
ETHUSDT,2019-08-05,sideways,234.22,51.58
ETHUSDT,2019-08-06,sideways,226.02,47.15
ETHUSDT,2019-08-07,sideways,226.39,47.37
ETHUSDT,2019-08-08,sideways,220.94,44.44
ETHUSDT,2019-08-09,sideways,210.49,39.4
ETHUSDT,2019-08-10,sideways,206.73,37.74
ETHUSDT,2019-08-11,sideways,216.09,44.06
ETHUSDT,2019-08-12,sideways,211.29,41.72
ETHUSDT,2019-08-13,sideways,208.71,40.48
ETHUSDT,2019-08-14,bear,186.61,31.75
ETHUSDT,2019-08-15,bear,188.5,33.08
ETHUSDT,2019-08-16,bear,185.44,32.0
ETHUSDT,2019-08-17,bear,185.69,32.19
ETHUSDT,2019-08-18,bear,194.49,38.87
ETHUSDT,2019-08-19,sideways,203.09,44.6
ETHUSDT,2019-08-20,bear,196.57,41.43
ETHUSDT,2019-08-21,bear,186.89,37.2
ETHUSDT,2019-08-22,bear,191.33,40.21
ETHUSDT,2019-08-23,bear,194.71,42.48
ETHUSDT,2019-08-24,bear,191.29,40.79
ETHUSDT,2019-08-25,bear,186.84,38.65
ETHUSDT,2019-08-26,bear,188.93,40.24
ETHUSDT,2019-08-27,bear,187.52,39.49
ETHUSDT,2019-08-28,bear,173.89,33.12
ETHUSDT,2019-08-29,bear,169.52,31.37
ETHUSDT,2019-08-30,bear,168.83,31.09
ETHUSDT,2019-08-31,bear,172.47,34.4
ETHUSDT,2019-09-01,bear,171.63,34.0
ETHUSDT,2019-09-02,bear,178.35,40.09
ETHUSDT,2019-09-03,bear,179.5,41.1
ETHUSDT,2019-09-04,bear,175.99,38.96
ETHUSDT,2019-09-05,bear,174.22,37.88
ETHUSDT,2019-09-06,bear,169.96,35.35
ETHUSDT,2019-09-07,bear,178.26,43.29
ETHUSDT,2019-09-08,bear,181.36,45.95
ETHUSDT,2019-09-09,bear,181.15,45.8
ETHUSDT,2019-09-10,bear,179.79,44.73
ETHUSDT,2019-09-11,bear,178.73,43.87
ETHUSDT,2019-09-12,bear,181.02,46.27
ETHUSDT,2019-09-13,sideways,181.11,46.37
ETHUSDT,2019-09-14,sideways,188.11,53.41
ETHUSDT,2019-09-15,sideways,189.79,54.94
ETHUSDT,2019-09-16,sideways,197.11,60.95
ETHUSDT,2019-09-17,bull,208.61,68.14
ETHUSDT,2019-09-18,sideways,211.39,69.6
ETHUSDT,2019-09-19,bull,221.28,74.14
ETHUSDT,2019-09-20,bull,218.05,70.44
ETHUSDT,2019-09-21,bull,215.52,67.59
ETHUSDT,2019-09-22,bull,211.55,63.28
ETHUSDT,2019-09-23,sideways,201.92,54.24
ETHUSDT,2019-09-24,bear,168.11,35.21
ETHUSDT,2019-09-25,bear,170.89,37.17
ETHUSDT,2019-09-26,bear,166.73,35.44
ETHUSDT,2019-09-27,sideways,174.71,41.08
ETHUSDT,2019-09-28,sideways,174.57,41.01
ETHUSDT,2019-09-29,sideways,170.5,39.0
ETHUSDT,2019-09-30,sideways,179.87,45.61
ETHUSDT,2019-10-01,sideways,177.34,44.22
ETHUSDT,2019-10-02,sideways,180.71,46.56
ETHUSDT,2019-10-03,sideways,175.2,43.35
ETHUSDT,2019-10-04,sideways,176.99,44.68
ETHUSDT,2019-10-05,sideways,176.35,44.29
ETHUSDT,2019-10-06,sideways,173.06,42.19
ETHUSDT,2019-10-07,sideways,181.19,48.65
ETHUSDT,2019-10-08,sideways,182.02,49.28
ETHUSDT,2019-10-09,sideways,193.29,56.93
ETHUSDT,2019-10-10,sideways,191.66,55.62
ETHUSDT,2019-10-11,sideways,182.57,48.88
ETHUSDT,2019-10-12,sideways,180.83,47.69
ETHUSDT,2019-10-13,sideways,182.08,48.66
ETHUSDT,2019-10-14,sideways,186.96,52.37
ETHUSDT,2019-10-15,sideways,181.41,48.11
ETHUSDT,2019-10-16,bear,176.01,44.34
ETHUSDT,2019-10-17,bear,178.03,46.04
ETHUSDT,2019-10-18,bear,173.62,42.95
ETHUSDT,2019-10-19,bear,172.91,42.46
ETHUSDT,2019-10-20,bear,175.53,44.98
ETHUSDT,2019-10-21,bear,174.92,44.49
ETHUSDT,2019-10-22,bear,172.3,42.36
ETHUSDT,2019-10-23,bear,162.4,35.47
ETHUSDT,2019-10-24,sideways,162.17,35.32
ETHUSDT,2019-10-25,sideways,181.52,52.71
ETHUSDT,2019-10-26,sideways,179.84,51.41
ETHUSDT,2019-10-27,sideways,184.24,54.55
ETHUSDT,2019-10-28,sideways,182.66,53.22
ETHUSDT,2019-10-29,sideways,190.34,58.52
ETHUSDT,2019-10-30,sideways,184.69,53.7
ETHUSDT,2019-10-31,sideways,183.97,53.1
ETHUSDT,2019-11-01,sideways,183.97,53.1
ETHUSDT,2019-11-02,sideways,183.93,53.06
ETHUSDT,2019-11-03,sideways,182.43,51.56
ETHUSDT,2019-11-04,sideways,186.36,55.13
ETHUSDT,2019-11-05,sideways,189.3,57.66
ETHUSDT,2019-11-06,sideways,191.59,59.56
ETHUSDT,2019-11-07,sideways,187.98,55.33
ETHUSDT,2019-11-08,sideways,184.21,51.25
ETHUSDT,2019-11-09,sideways,185.03,52.08
ETHUSDT,2019-11-10,sideways,189.48,56.41
ETHUSDT,2019-11-11,sideways,185.49,51.88
ETHUSDT,2019-11-12,sideways,186.84,53.25
ETHUSDT,2019-11-13,sideways,188.26,54.71
ETHUSDT,2019-11-14,sideways,186.0,51.93
ETHUSDT,2019-11-15,sideways,180.52,45.86
ETHUSDT,2019-11-16,sideways,183.35,49.16
ETHUSDT,2019-11-17,sideways,185.12,51.17
ETHUSDT,2019-11-18,sideways,180.56,46.12
ETHUSDT,2019-11-19,sideways,177.46,43.0
ETHUSDT,2019-11-20,sideways,175.7,41.3
ETHUSDT,2019-11-21,bear,161.46,30.71
ETHUSDT,2019-11-22,bear,150.27,25.23
ETHUSDT,2019-11-23,bear,153.42,29.06
ETHUSDT,2019-11-24,bear,142.83,24.51
ETHUSDT,2019-11-25,bear,146.48,28.65
ETHUSDT,2019-11-26,bear,148.97,31.42
ETHUSDT,2019-11-27,bear,153.01,35.78
ETHUSDT,2019-11-28,bear,151.72,35.01
ETHUSDT,2019-11-29,bear,155.3,38.92
ETHUSDT,2019-11-30,bear,152.54,37.07
ETHUSDT,2019-12-01,bear,151.19,36.16
ETHUSDT,2019-12-02,bear,149.06,34.73
ETHUSDT,2019-12-03,bear,147.96,33.97
ETHUSDT,2019-12-04,bear,146.75,33.12
ETHUSDT,2019-12-05,bear,149.25,36.65
ETHUSDT,2019-12-06,bear,149.19,36.61
ETHUSDT,2019-12-07,bear,148.77,36.23
ETHUSDT,2019-12-08,bear,151.26,40.12
ETHUSDT,2019-12-09,bear,148.23,37.15
ETHUSDT,2019-12-10,bear,146.27,35.33
ETHUSDT,2019-12-11,bear,143.61,32.98
ETHUSDT,2019-12-12,bear,145.6,36.41
ETHUSDT,2019-12-13,bear,144.94,35.75
ETHUSDT,2019-12-14,bear,142.87,33.71
ETHUSDT,2019-12-15,bear,143.11,34.19
ETHUSDT,2019-12-16,bear,133.61,26.28
ETHUSDT,2019-12-17,bear,122.6,20.39
ETHUSDT,2019-12-18,bear,133.09,35.27
ETHUSDT,2019-12-19,bear,129.32,32.89
ETHUSDT,2019-12-20,bear,129.07,32.73
ETHUSDT,2019-12-21,bear,128.13,32.11
ETHUSDT,2019-12-22,bear,132.37,37.86
ETHUSDT,2019-12-23,bear,128.61,35.03
ETHUSDT,2019-12-24,bear,129.06,35.65
ETHUSDT,2019-12-25,bear,126.45,33.64
ETHUSDT,2019-12-26,bear,126.36,33.57
ETHUSDT,2019-12-27,bear,127.21,34.96
ETHUSDT,2019-12-28,bear,128.32,36.8
ETHUSDT,2019-12-29,bear,134.76,46.32
ETHUSDT,2019-12-30,bear,132.63,43.96
ETHUSDT,2019-12-31,bear,129.61,40.79
ETHUSDT,2020-01-01,bear,130.8,42.55
ETHUSDT,2020-01-02,bear,127.41,38.99
ETHUSDT,2020-01-03,bear,134.17,48.27
ETHUSDT,2020-01-04,bear,135.07,49.38
ETHUSDT,2020-01-05,bear,136.28,50.89
ETHUSDT,2020-01-06,sideways,144.3,59.55
ETHUSDT,2020-01-07,sideways,143.54,58.5
ETHUSDT,2020-01-08,sideways,141.26,55.33
ETHUSDT,2020-01-09,sideways,138.98,52.3
ETHUSDT,2020-01-10,sideways,143.96,57.76
ETHUSDT,2020-01-11,sideways,142.93,56.32
ETHUSDT,2020-01-12,sideways,145.87,59.42
ETHUSDT,2020-01-13,sideways,144.23,56.98
ETHUSDT,2020-01-14,sideways,165.96,72.83
ETHUSDT,2020-01-15,sideways,166.23,72.97
ETHUSDT,2020-01-16,sideways,164.39,70.43
ETHUSDT,2020-01-17,sideways,170.78,73.83
ETHUSDT,2020-01-18,sideways,175.37,75.97
ETHUSDT,2020-01-19,sideways,166.97,65.44
ETHUSDT,2020-01-20,sideways,167.12,65.53
ETHUSDT,2020-01-21,sideways,169.7,67.15
ETHUSDT,2020-01-22,sideways,168.29,65.35
ETHUSDT,2020-01-23,sideways,162.93,58.86
ETHUSDT,2020-01-24,sideways,163.05,58.96
ETHUSDT,2020-01-25,sideways,161.28,56.81
ETHUSDT,2020-01-26,sideways,168.08,62.47
ETHUSDT,2020-01-27,sideways,170.93,64.57
ETHUSDT,2020-01-28,sideways,176.37,68.23
ETHUSDT,2020-01-29,sideways,175.05,66.44
ETHUSDT,2020-01-30,bull,184.69,72.18
ETHUSDT,2020-01-31,bull,180.16,66.43
ETHUSDT,2020-02-01,bull,183.67,68.52
ETHUSDT,2020-02-02,bull,188.62,71.24
ETHUSDT,2020-02-03,bull,189.87,71.9
ETHUSDT,2020-02-04,bull,189.25,71.04
ETHUSDT,2020-02-05,bull,204.23,77.98
ETHUSDT,2020-02-06,bull,212.34,80.69
ETHUSDT,2020-02-07,bull,222.73,83.48
ETHUSDT,2020-02-08,bull,223.15,83.58
ETHUSDT,2020-02-09,bull,228.58,84.9
ETHUSDT,2020-02-10,bull,223.52,78.58
ETHUSDT,2020-02-11,bull,235.85,82.08
ETHUSDT,2020-02-12,bull,265.41,87.4
ETHUSDT,2020-02-13,bull,268.1,87.76
ETHUSDT,2020-02-14,bull,284.22,89.65
ETHUSDT,2020-02-15,bull,264.73,74.65
ETHUSDT,2020-02-16,bull,259.89,71.46
ETHUSDT,2020-02-17,bull,266.36,73.11
ETHUSDT,2020-02-18,bull,281.94,76.63
ETHUSDT,2020-02-19,bull,259.76,63.83
ETHUSDT,2020-02-20,bull,257.95,62.9
ETHUSDT,2020-02-21,bull,265.6,65.19
ETHUSDT,2020-02-22,bull,262.33,63.39
ETHUSDT,2020-02-23,bull,273.75,66.84
ETHUSDT,2020-02-24,bull,265.22,62.13
ETHUSDT,2020-02-25,bull,247.82,53.8
ETHUSDT,2020-02-26,bull,225.68,45.45
ETHUSDT,2020-02-27,bull,226.75,45.89
ETHUSDT,2020-02-28,bull,226.76,45.89
ETHUSDT,2020-02-29,bull,219.85,43.29
ETHUSDT,2020-03-01,bull,218.97,42.96
ETHUSDT,2020-03-02,bull,230.57,48.58
ETHUSDT,2020-03-03,bull,224.48,46.02
ETHUSDT,2020-03-04,bull,224.52,46.04
ETHUSDT,2020-03-05,bull,229.27,48.5
ETHUSDT,2020-03-06,bull,243.53,55.11
ETHUSDT,2020-03-07,bull,237.85,52.24
ETHUSDT,2020-03-08,sideways,200.69,38.19
ETHUSDT,2020-03-09,sideways,201.99,38.81
ETHUSDT,2020-03-10,sideways,200.77,38.42
ETHUSDT,2020-03-11,sideways,194.87,36.51
ETHUSDT,2020-03-12,bear,112.35,20.89
ETHUSDT,2020-03-13,bear,133.2,29.14
ETHUSDT,2020-03-14,bear,123.31,27.66
ETHUSDT,2020-03-15,bear,125.21,28.42
ETHUSDT,2020-03-16,bear,110.61,26.17
ETHUSDT,2020-03-17,bear,113.94,27.58
ETHUSDT,2020-03-18,bear,114.84,27.98
ETHUSDT,2020-03-19,bear,136.59,37.0
ETHUSDT,2020-03-20,bear,132.74,36.14
ETHUSDT,2020-03-21,bear,132.82,36.17
ETHUSDT,2020-03-22,bear,123.32,33.91
ETHUSDT,2020-03-23,bear,134.91,38.93
ETHUSDT,2020-03-24,bear,138.76,40.55
ETHUSDT,2020-03-25,bear,136.2,39.79
ETHUSDT,2020-03-26,bear,138.36,40.79
ETHUSDT,2020-03-27,bear,133.94,39.35
ETHUSDT,2020-03-28,bear,130.99,38.38
ETHUSDT,2020-03-29,bear,125.58,36.59
ETHUSDT,2020-03-30,bear,132.9,40.62
ETHUSDT,2020-03-31,bear,133.59,41.0
ETHUSDT,2020-04-01,bear,135.63,42.18
ETHUSDT,2020-04-02,bear,142.03,45.84
ETHUSDT,2020-04-03,bear,142.09,45.88
ETHUSDT,2020-04-04,bear,145.22,47.75
ETHUSDT,2020-04-05,bear,143.55,46.82
ETHUSDT,2020-04-06,bear,169.14,59.78
ETHUSDT,2020-04-07,bear,165.1,57.4
ETHUSDT,2020-04-08,bear,172.64,60.56
ETHUSDT,2020-04-09,bear,170.81,59.4
ETHUSDT,2020-04-10,bear,158.41,52.18
ETHUSDT,2020-04-11,sideways,158.22,52.07
ETHUSDT,2020-04-12,sideways,161.14,53.61
ETHUSDT,2020-04-13,sideways,156.28,50.69
ETHUSDT,2020-04-14,sideways,157.6,51.47
ETHUSDT,2020-04-15,sideways,153.29,48.78
ETHUSDT,2020-04-16,sideways,172.16,58.9
ETHUSDT,2020-04-17,sideways,171.64,58.55
ETHUSDT,2020-04-18,bull,186.91,65.0
ETHUSDT,2020-04-19,bull,181.61,61.43
ETHUSDT,2020-04-20,sideways,172.3,55.64
ETHUSDT,2020-04-21,bull,172.74,55.85
ETHUSDT,2020-04-22,bull,182.6,60.41
ETHUSDT,2020-04-23,bull,185.03,61.47
ETHUSDT,2020-04-24,bull,189.24,63.29
ETHUSDT,2020-04-25,bull,195.52,65.89
ETHUSDT,2020-04-26,bull,197.32,66.62
ETHUSDT,2020-04-27,bull,197.22,66.54
ETHUSDT,2020-04-28,bull,198.42,67.08
ETHUSDT,2020-04-29,bull,216.97,74.09
ETHUSDT,2020-04-30,bull,207.6,66.4
ETHUSDT,2020-05-01,bull,214.22,68.86
ETHUSDT,2020-05-02,bull,215.33,69.27
ETHUSDT,2020-05-03,bull,210.93,65.62
ETHUSDT,2020-05-04,bull,208.17,63.36
ETHUSDT,2020-05-05,bull,206.77,62.19
ETHUSDT,2020-05-06,bull,204.06,59.88
ETHUSDT,2020-05-07,bull,212.29,64.22
ETHUSDT,2020-05-08,bull,212.99,64.57
ETHUSDT,2020-05-09,bull,211.6,63.24
ETHUSDT,2020-05-10,bull,188.6,46.31
ETHUSDT,2020-05-11,bull,185.91,44.8
ETHUSDT,2020-05-12,bull,189.31,47.15
ETHUSDT,2020-05-13,bull,199.19,53.36
ETHUSDT,2020-05-14,bull,202.95,55.49
ETHUSDT,2020-05-15,bull,195.62,50.62
ETHUSDT,2020-05-16,bull,200.68,53.64
ETHUSDT,2020-05-17,bull,207.16,57.26
ETHUSDT,2020-05-18,bull,214.53,60.99
ETHUSDT,2020-05-19,bull,213.45,60.16
ETHUSDT,2020-05-20,bull,210.1,57.55
ETHUSDT,2020-05-21,bull,199.88,50.37
ETHUSDT,2020-05-22,bull,207.17,54.71
ETHUSDT,2020-05-23,bull,208.69,55.59
ETHUSDT,2020-05-24,bull,202.37,51.17
ETHUSDT,2020-05-25,bull,205.32,53.04
ETHUSDT,2020-05-26,sideways,201.9,50.62
ETHUSDT,2020-05-27,bull,208.86,55.12
ETHUSDT,2020-05-28,bull,219.84,61.13
ETHUSDT,2020-05-29,sideways,220.68,61.56
ETHUSDT,2020-05-30,bull,242.35,70.51
ETHUSDT,2020-05-31,bull,230.98,62.31
ETHUSDT,2020-06-01,bull,246.99,67.96
ETHUSDT,2020-06-02,bull,237.22,61.86
ETHUSDT,2020-06-03,bull,244.18,64.32
ETHUSDT,2020-06-04,bull,244.43,64.41
ETHUSDT,2020-06-05,bull,241.22,62.27
ETHUSDT,2020-06-06,bull,241.93,62.57
ETHUSDT,2020-06-07,bull,245.17,63.96
ETHUSDT,2020-06-08,bull,246.31,64.46
ETHUSDT,2020-06-09,bull,244.91,63.3
ETHUSDT,2020-06-10,bull,247.44,64.54
ETHUSDT,2020-06-11,bull,231.7,52.6
ETHUSDT,2020-06-12,bull,237.49,55.84
ETHUSDT,2020-06-13,bull,238.91,56.62
ETHUSDT,2020-06-14,bull,234.11,53.19
ETHUSDT,2020-06-15,bull,229.93,50.33
ETHUSDT,2020-06-16,bull,234.42,53.24
ETHUSDT,2020-06-17,bull,233.03,52.22
ETHUSDT,2020-06-18,bull,232.1,51.51
ETHUSDT,2020-06-19,bull,227.14,47.77
ETHUSDT,2020-06-20,bull,229.27,49.47
ETHUSDT,2020-06-21,bull,228.99,49.24
ETHUSDT,2020-06-22,bull,242.53,59.0
ETHUSDT,2020-06-23,bull,244.14,59.99
ETHUSDT,2020-06-24,bull,235.77,52.87
ETHUSDT,2020-06-25,bull,232.94,50.69
ETHUSDT,2020-06-26,bull,229.67,48.2
ETHUSDT,2020-06-27,sideways,222.96,43.49
ETHUSDT,2020-06-28,sideways,225.35,45.53
ETHUSDT,2020-06-29,sideways,228.19,47.94
ETHUSDT,2020-06-30,sideways,226.32,46.48
ETHUSDT,2020-07-01,sideways,231.11,50.62
ETHUSDT,2020-07-02,sideways,229.39,49.15
ETHUSDT,2020-07-03,sideways,225.39,45.82
ETHUSDT,2020-07-04,sideways,229.07,49.23
ETHUSDT,2020-07-05,sideways,227.66,47.99
ETHUSDT,2020-07-06,sideways,241.51,58.96
ETHUSDT,2020-07-07,sideways,239.08,56.7
ETHUSDT,2020-07-08,sideways,246.67,61.65
ETHUSDT,2020-07-09,sideways,243.02,58.2
ETHUSDT,2020-07-10,sideways,240.98,56.32
ETHUSDT,2020-07-11,sideways,239.46,54.88
ETHUSDT,2020-07-12,sideways,242.13,56.95
ETHUSDT,2020-07-13,sideways,239.6,54.41
ETHUSDT,2020-07-14,sideways,240.21,54.93
ETHUSDT,2020-07-15,sideways,238.42,53.0
ETHUSDT,2020-07-16,sideways,233.64,48.15
ETHUSDT,2020-07-17,sideways,232.77,47.3
ETHUSDT,2020-07-18,sideways,235.48,50.25
ETHUSDT,2020-07-19,sideways,238.49,53.35
ETHUSDT,2020-07-20,sideways,236.15,50.7
ETHUSDT,2020-07-21,bull,245.02,59.03
ETHUSDT,2020-07-22,bull,262.19,69.7
ETHUSDT,2020-07-23,bull,274.69,74.84
ETHUSDT,2020-07-24,bull,279.22,76.4
ETHUSDT,2020-07-25,bull,304.06,82.73
ETHUSDT,2020-07-26,bull,309.64,83.78
ETHUSDT,2020-07-27,bull,321.51,85.77
ETHUSDT,2020-07-28,bull,316.66,81.38
ETHUSDT,2020-07-29,bull,318.19,81.7
ETHUSDT,2020-07-30,bull,334.59,84.71
ETHUSDT,2020-07-31,bull,345.55,86.33
ETHUSDT,2020-08-01,bull,385.2,90.32
ETHUSDT,2020-08-02,bull,370.67,80.99
ETHUSDT,2020-08-03,bull,386.3,83.02
ETHUSDT,2020-08-04,bull,389.88,83.46
ETHUSDT,2020-08-05,bull,401.59,84.83
ETHUSDT,2020-08-06,bull,394.96,80.74
ETHUSDT,2020-08-07,bull,379.51,72.03
ETHUSDT,2020-08-08,bull,393.99,74.78
ETHUSDT,2020-08-09,bull,391.12,73.25
ETHUSDT,2020-08-10,bull,395.89,74.19
ETHUSDT,2020-08-11,bull,380.38,66.0
ETHUSDT,2020-08-12,bull,391.02,68.57
ETHUSDT,2020-08-13,bull,428.74,75.6
ETHUSDT,2020-08-14,bull,437.4,76.87
ETHUSDT,2020-08-15,bull,433.35,74.9
ETHUSDT,2020-08-16,bull,433.79,74.97
ETHUSDT,2020-08-17,bull,429.53,72.7
ETHUSDT,2020-08-18,bull,423.67,69.58
ETHUSDT,2020-08-19,bull,406.46,61.25
ETHUSDT,2020-08-20,bull,416.44,63.95
ETHUSDT,2020-08-21,bull,389.13,53.07
ETHUSDT,2020-08-22,bull,395.84,55.09
ETHUSDT,2020-08-23,bull,391.38,53.44
ETHUSDT,2020-08-24,bull,408.14,58.47
ETHUSDT,2020-08-25,bull,384.0,50.08
ETHUSDT,2020-08-26,bull,386.47,50.86
ETHUSDT,2020-08-27,bull,382.63,49.57
ETHUSDT,2020-08-28,bull,395.87,53.91
ETHUSDT,2020-08-29,bull,399.92,55.19
ETHUSDT,2020-08-30,bull,428.4,62.93
ETHUSDT,2020-08-31,bull,435.08,64.48
ETHUSDT,2020-09-01,bull,477.05,72.32
ETHUSDT,2020-09-02,bull,440.04,59.79
ETHUSDT,2020-09-03,sideways,385.67,46.93
ETHUSDT,2020-09-04,sideways,388.24,47.5
ETHUSDT,2020-09-05,sideways,335.26,38.3
ETHUSDT,2020-09-06,sideways,353.36,42.4
ETHUSDT,2020-09-07,sideways,352.67,42.29
ETHUSDT,2020-09-08,sideways,337.6,39.74
ETHUSDT,2020-09-09,sideways,351.11,43.05
ETHUSDT,2020-09-10,sideways,368.1,47.0
ETHUSDT,2020-09-11,sideways,374.7,48.49
ETHUSDT,2020-09-12,sideways,387.18,51.29
ETHUSDT,2020-09-13,sideways,365.57,46.57
ETHUSDT,2020-09-14,sideways,377.27,49.29
ETHUSDT,2020-09-15,sideways,364.84,46.58
ETHUSDT,2020-09-16,sideways,365.81,46.83
ETHUSDT,2020-09-17,sideways,389.02,52.46
ETHUSDT,2020-09-18,sideways,384.36,51.29
ETHUSDT,2020-09-19,sideways,385.54,51.58
ETHUSDT,2020-09-20,sideways,371.05,47.75
ETHUSDT,2020-09-21,sideways,341.79,41.1
ETHUSDT,2020-09-22,sideways,344.5,41.91
ETHUSDT,2020-09-23,sideways,321.12,37.18
ETHUSDT,2020-09-24,sideways,349.36,45.22
ETHUSDT,2020-09-25,sideways,352.18,45.97
ETHUSDT,2020-09-26,sideways,355.49,46.88
ETHUSDT,2020-09-27,sideways,357.44,47.44
ETHUSDT,2020-09-28,sideways,355.16,46.82
ETHUSDT,2020-09-29,sideways,359.76,48.29
ETHUSDT,2020-09-30,sideways,359.94,48.35
ETHUSDT,2020-10-01,sideways,353.21,46.18
ETHUSDT,2020-10-02,sideways,346.24,43.97
ETHUSDT,2020-10-03,sideways,346.52,44.09
ETHUSDT,2020-10-04,sideways,352.58,46.65
ETHUSDT,2020-10-05,sideways,353.96,47.25
ETHUSDT,2020-10-06,sideways,340.82,42.41
ETHUSDT,2020-10-07,sideways,341.81,42.88
ETHUSDT,2020-10-08,sideways,350.77,47.13
ETHUSDT,2020-10-09,sideways,365.59,53.31
ETHUSDT,2020-10-10,sideways,370.97,55.35
ETHUSDT,2020-10-11,sideways,375.14,56.92
ETHUSDT,2020-10-12,sideways,387.73,61.35
ETHUSDT,2020-10-13,sideways,381.19,58.01
ETHUSDT,2020-10-14,sideways,379.48,57.14
ETHUSDT,2020-10-15,sideways,377.44,56.06
ETHUSDT,2020-10-16,sideways,366.23,50.39
ETHUSDT,2020-10-17,sideways,368.86,51.62
ETHUSDT,2020-10-18,sideways,378.21,55.84
ETHUSDT,2020-10-19,sideways,379.94,56.59
ETHUSDT,2020-10-20,sideways,369.14,50.77
ETHUSDT,2020-10-21,bull,392.19,60.18
ETHUSDT,2020-10-22,bull,413.77,66.61
ETHUSDT,2020-10-23,bull,409.77,64.53
ETHUSDT,2020-10-24,bull,412.46,65.31
ETHUSDT,2020-10-25,bull,406.22,61.89
ETHUSDT,2020-10-26,bull,393.89,55.69
ETHUSDT,2020-10-27,bull,404.0,59.29
ETHUSDT,2020-10-28,bull,388.65,52.33
ETHUSDT,2020-10-29,bull,386.73,51.52
ETHUSDT,2020-10-30,bull,382.82,49.82
ETHUSDT,2020-10-31,bull,386.59,51.48
ETHUSDT,2020-11-01,bull,396.36,55.59
ETHUSDT,2020-11-02,bull,383.16,49.49
ETHUSDT,2020-11-03,bull,387.6,51.42
ETHUSDT,2020-11-04,bull,402.14,57.19
ETHUSDT,2020-11-05,bull,414.07,61.26
ETHUSDT,2020-11-06,bull,454.72,71.27
ETHUSDT,2020-11-07,bull,435.71,63.06
ETHUSDT,2020-11-08,bull,453.55,66.91
ETHUSDT,2020-11-09,bull,444.16,63.18
ETHUSDT,2020-11-10,bull,449.68,64.43
ETHUSDT,2020-11-11,bull,462.96,67.32
ETHUSDT,2020-11-12,bull,461.01,66.47
ETHUSDT,2020-11-13,bull,474.63,69.39
ETHUSDT,2020-11-14,bull,460.15,63.1
ETHUSDT,2020-11-15,bull,447.56,58.16
ETHUSDT,2020-11-16,bull,459.94,61.36
ETHUSDT,2020-11-17,bull,480.36,65.99
ETHUSDT,2020-11-18,bull,479.48,65.62
ETHUSDT,2020-11-19,bull,471.63,62.32
ETHUSDT,2020-11-20,bull,509.74,70.17
ETHUSDT,2020-11-21,bull,549.49,75.83
ETHUSDT,2020-11-22,bull,558.07,76.85
ETHUSDT,2020-11-23,bull,608.45,81.73
ETHUSDT,2020-11-24,bull,603.9,80.09
ETHUSDT,2020-11-25,bull,570.69,69.17
ETHUSDT,2020-11-26,bull,518.8,56.26
ETHUSDT,2020-11-27,bull,517.49,55.97
ETHUSDT,2020-11-28,bull,538.23,59.46
ETHUSDT,2020-11-29,bull,575.76,64.89
ETHUSDT,2020-11-30,bull,614.84,69.47
ETHUSDT,2020-12-01,bull,587.32,63.21
ETHUSDT,2020-12-02,bull,598.35,64.59
ETHUSDT,2020-12-03,bull,616.71,66.81
ETHUSDT,2020-12-04,bull,569.35,56.88
ETHUSDT,2020-12-05,bull,596.6,60.52
ETHUSDT,2020-12-06,bull,601.91,61.21
ETHUSDT,2020-12-07,bull,591.84,59.11
ETHUSDT,2020-12-08,bull,554.83,52.04
ETHUSDT,2020-12-09,bull,573.48,54.96
ETHUSDT,2020-12-10,bull,559.68,52.42
ETHUSDT,2020-12-11,bull,545.8,49.92
ETHUSDT,2020-12-12,bull,568.57,53.81
ETHUSDT,2020-12-13,bull,589.66,57.14
ETHUSDT,2020-12-14,bull,586.01,56.38
ETHUSDT,2020-12-15,bull,589.36,56.94
ETHUSDT,2020-12-16,bull,636.18,63.96
ETHUSDT,2020-12-17,bull,642.87,64.84
ETHUSDT,2020-12-18,bull,654.81,66.41
ETHUSDT,2020-12-19,bull,659.3,67.01
ETHUSDT,2020-12-20,bull,638.29,61.48
ETHUSDT,2020-12-21,bull,609.82,54.88
ETHUSDT,2020-12-22,bull,634.85,59.04
ETHUSDT,2020-12-23,sideways,583.71,49.07
ETHUSDT,2020-12-24,sideways,611.61,53.67
ETHUSDT,2020-12-25,bull,626.41,55.94
ETHUSDT,2020-12-26,bull,635.84,57.37
ETHUSDT,2020-12-27,bull,682.64,63.69
ETHUSDT,2020-12-28,bull,730.4,68.78
ETHUSDT,2020-12-29,bull,731.52,68.89
ETHUSDT,2020-12-30,bull,751.62,70.87
ETHUSDT,2020-12-31,bull,737.8,67.68
ETHUSDT,2021-01-01,bull,730.37,65.95
ETHUSDT,2021-01-02,bull,774.53,70.72
ETHUSDT,2021-01-03,bull,975.51,82.64
ETHUSDT,2021-01-04,bull,1040.23,84.79
ETHUSDT,2021-01-05,bull,1100.01,86.45
ETHUSDT,2021-01-06,bull,1207.11,88.82
ETHUSDT,2021-01-07,bull,1225.68,89.17
ETHUSDT,2021-01-08,bull,1224.2,88.93
ETHUSDT,2021-01-09,bull,1281.08,90.04
ETHUSDT,2021-01-10,bull,1262.25,86.93
ETHUSDT,2021-01-11,bull,1090.15,64.84
ETHUSDT,2021-01-12,bull,1043.43,60.36
ETHUSDT,2021-01-13,bull,1130.74,65.2
ETHUSDT,2021-01-14,bull,1218.45,69.26
ETHUSDT,2021-01-15,bull,1171.83,64.92
ETHUSDT,2021-01-16,bull,1233.54,67.8
ETHUSDT,2021-01-17,bull,1230.17,67.47
ETHUSDT,2021-01-18,bull,1257.28,68.77
ETHUSDT,2021-01-19,bull,1377.3,73.76
ETHUSDT,2021-01-20,bull,1382.27,73.95
ETHUSDT,2021-01-21,bull,1121.57,52.83
ETHUSDT,2021-01-22,bull,1236.51,58.46
ETHUSDT,2021-01-23,bull,1230.99,58.1
ETHUSDT,2021-01-24,bull,1391.61,64.86
ETHUSDT,2021-01-25,bull,1324.41,60.47
ETHUSDT,2021-01-26,bull,1357.06,61.82
ETHUSDT,2021-01-27,bull,1253.19,55.33
ETHUSDT,2021-01-28,bull,1332.49,58.88
ETHUSDT,2021-01-29,bull,1382.52,60.99
ETHUSDT,2021-01-30,bull,1376.12,60.56
ETHUSDT,2021-01-31,bull,1314.99,56.49
ETHUSDT,2021-02-01,bull,1369.04,59.1
ETHUSDT,2021-02-02,bull,1515.19,65.2
ETHUSDT,2021-02-03,bull,1660.91,70.0
ETHUSDT,2021-02-04,bull,1594.76,65.58
ETHUSDT,2021-02-05,bull,1718.65,69.47
ETHUSDT,2021-02-06,bull,1677.85,66.79
ETHUSDT,2021-02-07,bull,1614.23,62.73
ETHUSDT,2021-02-08,bull,1746.62,67.2
ETHUSDT,2021-02-09,bull,1768.04,67.87
ETHUSDT,2021-02-10,bull,1744.24,66.25
ETHUSDT,2021-02-11,bull,1783.8,67.63
ETHUSDT,2021-02-12,bull,1843.53,69.66
ETHUSDT,2021-02-13,bull,1814.11,67.42
ETHUSDT,2021-02-14,bull,1805.08,66.71
ETHUSDT,2021-02-15,bull,1779.79,64.67
ETHUSDT,2021-02-16,bull,1781.07,64.72
ETHUSDT,2021-02-17,bull,1848.46,67.78
ETHUSDT,2021-02-18,bull,1937.45,71.31
ETHUSDT,2021-02-19,bull,1960.16,72.15
ETHUSDT,2021-02-20,bull,1919.53,68.3
ETHUSDT,2021-02-21,bull,1935.6,69.0
ETHUSDT,2021-02-22,bull,1781.99,56.16
ETHUSDT,2021-02-23,bull,1570.2,44.01
ETHUSDT,2021-02-24,bull,1626.58,47.28
ETHUSDT,2021-02-25,sideways,1475.7,40.46
ETHUSDT,2021-02-26,sideways,1446.03,39.26
ETHUSDT,2021-02-27,sideways,1459.97,40.16
ETHUSDT,2021-02-28,sideways,1416.05,38.25
ETHUSDT,2021-03-01,bull,1564.71,47.39
ETHUSDT,2021-03-02,sideways,1492.61,43.99
ETHUSDT,2021-03-03,bull,1575.85,48.58
ETHUSDT,2021-03-04,sideways,1541.91,46.89
ETHUSDT,2021-03-05,sideways,1533.28,46.45
ETHUSDT,2021-03-06,sideways,1654.74,53.14
ETHUSDT,2021-03-07,sideways,1723.15,56.45
ETHUSDT,2021-03-08,bull,1834.73,61.24
ETHUSDT,2021-03-09,bull,1868.05,62.57
ETHUSDT,2021-03-10,sideways,1799.17,58.14
ETHUSDT,2021-03-11,sideways,1826.19,59.36
ETHUSDT,2021-03-12,sideways,1772.1,55.86
ETHUSDT,2021-03-13,bull,1924.69,62.56
ETHUSDT,2021-03-14,sideways,1854.56,58.19
ETHUSDT,2021-03-15,sideways,1791.7,54.51
ETHUSDT,2021-03-16,sideways,1806.97,55.25
ETHUSDT,2021-03-17,sideways,1823.45,56.08
ETHUSDT,2021-03-18,sideways,1782.86,53.45
ETHUSDT,2021-03-19,sideways,1817.62,55.38
ETHUSDT,2021-03-20,sideways,1812.63,55.03
ETHUSDT,2021-03-21,sideways,1788.22,53.24
ETHUSDT,2021-03-22,sideways,1691.33,46.76
ETHUSDT,2021-03-23,sideways,1678.65,45.97
ETHUSDT,2021-03-24,sideways,1593.41,40.96
ETHUSDT,2021-03-25,sideways,1595.36,41.12
ETHUSDT,2021-03-26,sideways,1702.84,49.19
ETHUSDT,2021-03-27,sideways,1716.49,50.12
ETHUSDT,2021-03-28,sideways,1691.36,48.36
ETHUSDT,2021-03-29,bull,1819.68,56.73
ETHUSDT,2021-03-30,bull,1846.03,58.23
ETHUSDT,2021-03-31,bull,1918.36,62.11
ETHUSDT,2021-04-01,bull,1977.28,64.96
ETHUSDT,2021-04-02,bull,2143.23,71.48
ETHUSDT,2021-04-03,bull,2028.42,62.78
ETHUSDT,2021-04-04,bull,2093.12,65.34
ETHUSDT,2021-04-05,bull,2107.89,65.92
ETHUSDT,2021-04-06,bull,2118.38,66.34
ETHUSDT,2021-04-07,bull,1971.08,55.76
ETHUSDT,2021-04-08,bull,2088.57,61.09
ETHUSDT,2021-04-09,bull,2072.11,60.0
ETHUSDT,2021-04-10,bull,2135.94,62.78
ETHUSDT,2021-04-11,bull,2157.66,63.7
ETHUSDT,2021-04-12,bull,2139.35,62.3
ETHUSDT,2021-04-13,bull,2299.19,68.76
ETHUSDT,2021-04-14,bull,2435.1,73.01
ETHUSDT,2021-04-15,bull,2519.12,75.24
ETHUSDT,2021-04-16,bull,2431.95,68.86
ETHUSDT,2021-04-17,bull,2344.9,63.11
ETHUSDT,2021-04-18,bull,2237.14,56.79
ETHUSDT,2021-04-19,bull,2166.19,53.02
ETHUSDT,2021-04-20,bull,2330.21,59.68
ETHUSDT,2021-04-21,bull,2364.75,60.94
ETHUSDT,2021-04-22,bull,2403.54,62.35
ETHUSDT,2021-04-23,bull,2363.59,59.94
ETHUSDT,2021-04-24,bull,2211.63,51.74
ETHUSDT,2021-04-25,bull,2316.06,56.18
ETHUSDT,2021-04-26,bull,2534.48,63.7
ETHUSDT,2021-04-27,bull,2662.87,67.25
ETHUSDT,2021-04-28,bull,2746.38,69.36
ETHUSDT,2021-04-29,bull,2756.88,69.62
ETHUSDT,2021-04-30,bull,2773.21,70.05
ETHUSDT,2021-05-01,bull,2945.89,74.23
ETHUSDT,2021-05-02,bull,2952.06,74.37
ETHUSDT,2021-05-03,bull,3431.09,82.28
ETHUSDT,2021-05-04,bull,3253.63,73.26
ETHUSDT,2021-05-05,bull,3522.78,77.32
ETHUSDT,2021-05-06,bull,3490.88,75.85
ETHUSDT,2021-05-07,bull,3484.73,75.55
ETHUSDT,2021-05-08,bull,3902.65,81.01
ETHUSDT,2021-05-09,bull,3928.84,81.3
ETHUSDT,2021-05-10,bull,3952.29,81.56
ETHUSDT,2021-05-11,bull,4168.7,83.83
ETHUSDT,2021-05-12,bull,3785.85,67.91
ETHUSDT,2021-05-13,bull,3715.15,65.43
ETHUSDT,2021-05-14,bull,4079.06,71.24
ETHUSDT,2021-05-15,bull,3638.12,58.43
ETHUSDT,2021-05-16,bull,3587.51,57.16
ETHUSDT,2021-05-17,bull,3282.4,50.1
ETHUSDT,2021-05-18,bull,3380.07,52.14
ETHUSDT,2021-05-19,sideways,2460.68,36.86
ETHUSDT,2021-05-20,bull,2784.29,43.17
ETHUSDT,2021-05-21,sideways,2430.62,38.63
ETHUSDT,2021-05-22,sideways,2295.71,37.03
ETHUSDT,2021-05-23,sideways,2109.58,34.88
ETHUSDT,2021-05-24,sideways,2643.59,44.78
ETHUSDT,2021-05-25,sideways,2706.63,45.82
ETHUSDT,2021-05-26,bull,2888.7,48.84
ETHUSDT,2021-05-27,sideways,2736.49,46.51
ETHUSDT,2021-05-28,sideways,2419.91,42.02
ETHUSDT,2021-05-29,sideways,2279.51,40.16
ETHUSDT,2021-05-30,sideways,2390.31,42.32
ETHUSDT,2021-05-31,sideways,2714.95,48.23
ETHUSDT,2021-06-01,sideways,2633.52,46.93
ETHUSDT,2021-06-02,sideways,2706.12,48.27
ETHUSDT,2021-06-03,sideways,2855.13,50.99
ETHUSDT,2021-06-04,sideways,2688.2,47.94
ETHUSDT,2021-06-05,sideways,2630.58,46.9
ETHUSDT,2021-06-06,sideways,2715.09,48.66
ETHUSDT,2021-06-07,sideways,2590.26,46.22
ETHUSDT,2021-06-08,sideways,2517.44,44.81
ETHUSDT,2021-06-09,sideways,2608.27,46.99
ETHUSDT,2021-06-10,sideways,2471.52,44.16
ETHUSDT,2021-06-11,sideways,2353.77,41.83
ETHUSDT,2021-06-12,sideways,2372.48,42.35
ETHUSDT,2021-06-13,sideways,2508.39,46.13
ETHUSDT,2021-06-14,sideways,2537.89,46.94
ETHUSDT,2021-06-15,sideways,2610.94,48.99
ETHUSDT,2021-06-16,sideways,2367.66,43.03
ETHUSDT,2021-06-17,sideways,2372.0,43.16
ETHUSDT,2021-06-18,sideways,2231.73,39.92
ETHUSDT,2021-06-19,sideways,2178.5,38.73
ETHUSDT,2021-06-20,sideways,2246.36,41.14
ETHUSDT,2021-06-21,sideways,1888.45,33.64
ETHUSDT,2021-06-22,bear,1874.95,33.39
ETHUSDT,2021-06-23,sideways,1989.74,37.59
ETHUSDT,2021-06-24,sideways,1988.46,37.56
ETHUSDT,2021-06-25,bear,1813.22,33.79
ETHUSDT,2021-06-26,bear,1829.24,34.44
ETHUSDT,2021-06-27,sideways,1978.89,40.32
ETHUSDT,2021-06-28,sideways,2079.66,43.96
ETHUSDT,2021-06-29,sideways,2160.77,46.77
ETHUSDT,2021-06-30,sideways,2274.55,50.53
ETHUSDT,2021-07-01,sideways,2113.61,45.63
ETHUSDT,2021-07-02,sideways,2150.04,46.88
ETHUSDT,2021-07-03,sideways,2226.11,49.51
ETHUSDT,2021-07-04,sideways,2321.72,52.67
ETHUSDT,2021-07-05,sideways,2198.58,48.46
ETHUSDT,2021-07-06,sideways,2324.68,52.64
ETHUSDT,2021-07-07,sideways,2315.16,52.29
ETHUSDT,2021-07-08,sideways,2120.03,45.69
ETHUSDT,2021-07-09,sideways,2146.69,46.68
ETHUSDT,2021-07-10,sideways,2111.4,45.5
ETHUSDT,2021-07-11,sideways,2139.66,46.66
ETHUSDT,2021-07-12,sideways,2036.72,43.05
ETHUSDT,2021-07-13,bear,1940.08,39.93
ETHUSDT,2021-07-14,bear,1994.33,42.45
ETHUSDT,2021-07-15,bear,1911.18,39.7
ETHUSDT,2021-07-16,bear,1880.38,38.7
ETHUSDT,2021-07-17,bear,1898.83,39.68
ETHUSDT,2021-07-18,bear,1895.55,39.56
ETHUSDT,2021-07-19,bear,1817.3,36.68
ETHUSDT,2021-07-20,bear,1787.51,35.61
ETHUSDT,2021-07-21,sideways,1990.97,46.93
ETHUSDT,2021-07-22,sideways,2025.2,48.57
ETHUSDT,2021-07-23,sideways,2124.78,53.1
ETHUSDT,2021-07-24,bull,2189.22,55.81
ETHUSDT,2021-07-25,bull,2191.37,55.91
ETHUSDT,2021-07-26,bull,2233.37,57.75
ETHUSDT,2021-07-27,bull,2298.33,60.5
ETHUSDT,2021-07-28,bull,2296.55,60.39
ETHUSDT,2021-07-29,bull,2380.96,63.92
ETHUSDT,2021-07-30,bull,2466.96,67.14
ETHUSDT,2021-07-31,bull,2536.21,69.5
ETHUSDT,2021-08-01,bull,2561.85,70.35
ETHUSDT,2021-08-02,bull,2610.15,71.93
ETHUSDT,2021-08-03,bull,2502.35,63.74
ETHUSDT,2021-08-04,bull,2724.62,71.06
ETHUSDT,2021-08-05,bull,2827.33,73.7
ETHUSDT,2021-08-06,bull,2890.94,75.21
ETHUSDT,2021-08-07,bull,3157.24,80.3
ETHUSDT,2021-08-08,bull,3013.73,71.75
ETHUSDT,2021-08-09,bull,3167.86,74.85
ETHUSDT,2021-08-10,bull,3141.69,73.37
ETHUSDT,2021-08-11,bull,3164.25,73.85
ETHUSDT,2021-08-12,bull,3043.41,66.93
ETHUSDT,2021-08-13,bull,3322.21,73.18
ETHUSDT,2021-08-14,bull,3265.44,70.27
ETHUSDT,2021-08-15,bull,3310.5,71.24
ETHUSDT,2021-08-16,bull,3156.51,63.55
ETHUSDT,2021-08-17,bull,3014.85,57.41
ETHUSDT,2021-08-18,bull,3020.09,57.58
ETHUSDT,2021-08-19,bull,3182.7,62.39
ETHUSDT,2021-08-20,bull,3286.94,65.13
ETHUSDT,2021-08-21,bull,3226.08,62.28
ETHUSDT,2021-08-22,bull,3242.12,62.74
ETHUSDT,2021-08-23,bull,3319.26,64.97
ETHUSDT,2021-08-24,bull,3172.46,57.89
ETHUSDT,2021-08-25,bull,3224.92,59.58
ETHUSDT,2021-08-26,bull,3100.33,54.02
ETHUSDT,2021-08-27,bull,3270.6,59.57
ETHUSDT,2021-08-28,bull,3244.4,58.4
ETHUSDT,2021-08-29,bull,3227.0,57.6
ETHUSDT,2021-08-30,bull,3224.37,57.47
ETHUSDT,2021-08-31,bull,3433.73,64.34
ETHUSDT,2021-09-01,bull,3834.83,73.25
ETHUSDT,2021-09-02,bull,3790.99,71.16
ETHUSDT,2021-09-03,bull,3940.61,73.9
ETHUSDT,2021-09-04,bull,3887.83,71.33
ETHUSDT,2021-09-05,bull,3952.13,72.58
ETHUSDT,2021-09-06,bull,3928.38,71.34
ETHUSDT,2021-09-07,bull,3426.39,51.35
ETHUSDT,2021-09-08,bull,3497.32,53.34
ETHUSDT,2021-09-09,bull,3427.34,51.12
ETHUSDT,2021-09-10,sideways,3211.51,44.91
ETHUSDT,2021-09-11,bull,3270.28,46.8
ETHUSDT,2021-09-12,sideways,3410.13,51.11
ETHUSDT,2021-09-13,sideways,3285.51,47.43
ETHUSDT,2021-09-14,sideways,3429.17,51.75
ETHUSDT,2021-09-15,bull,3615.28,56.71
ETHUSDT,2021-09-16,bull,3571.29,55.27
ETHUSDT,2021-09-17,bull,3398.54,49.88
ETHUSDT,2021-09-18,bull,3432.02,50.88
ETHUSDT,2021-09-19,sideways,3329.45,47.74
ETHUSDT,2021-09-20,sideways,2958.99,38.5
ETHUSDT,2021-09-21,sideways,2764.43,34.71
ETHUSDT,2021-09-22,sideways,3077.87,44.25
ETHUSDT,2021-09-23,sideways,3155.52,46.34
ETHUSDT,2021-09-24,sideways,2931.67,41.5
ETHUSDT,2021-09-25,sideways,2925.57,41.38
ETHUSDT,2021-09-26,sideways,3062.27,45.4
ETHUSDT,2021-09-27,sideways,2934.14,42.46
ETHUSDT,2021-09-28,sideways,2807.3,39.72
ETHUSDT,2021-09-29,sideways,2853.14,41.2
ETHUSDT,2021-09-30,sideways,3001.68,45.83
ETHUSDT,2021-10-01,sideways,3307.52,53.89
ETHUSDT,2021-10-02,sideways,3391.69,55.84
ETHUSDT,2021-10-03,sideways,3418.36,56.47
ETHUSDT,2021-10-04,sideways,3380.09,55.25
ETHUSDT,2021-10-05,sideways,3518.52,58.71
ETHUSDT,2021-10-06,sideways,3580.56,60.19
ETHUSDT,2021-10-07,sideways,3587.97,60.38
ETHUSDT,2021-10-08,sideways,3563.76,59.41
ETHUSDT,2021-10-09,sideways,3575.72,59.75
ETHUSDT,2021-10-10,bull,3425.85,53.67
ETHUSDT,2021-10-11,bull,3545.35,57.39
ETHUSDT,2021-10-12,sideways,3492.57,55.28
ETHUSDT,2021-10-13,bull,3606.2,58.8
ETHUSDT,2021-10-14,bull,3786.01,63.67
ETHUSDT,2021-10-15,bull,3862.63,65.54
ETHUSDT,2021-10-16,bull,3830.38,64.05
ETHUSDT,2021-10-17,bull,3847.1,64.5
ETHUSDT,2021-10-18,bull,3748.76,59.74
ETHUSDT,2021-10-19,bull,3877.65,63.54
ETHUSDT,2021-10-20,bull,4155.99,70.1
ETHUSDT,2021-10-21,bull,4054.32,65.46
ETHUSDT,2021-10-22,bull,3970.18,61.82
ETHUSDT,2021-10-23,bull,4171.66,66.61
ETHUSDT,2021-10-24,bull,4087.9,63.07
ETHUSDT,2021-10-25,bull,4217.88,66.08
ETHUSDT,2021-10-26,bull,4131.1,62.42
ETHUSDT,2021-10-27,bull,3930.26,54.85
ETHUSDT,2021-10-28,bull,4287.32,63.36
ETHUSDT,2021-10-29,bull,4414.75,65.84
ETHUSDT,2021-10-30,bull,4325.65,62.65
ETHUSDT,2021-10-31,bull,4288.07,61.3
ETHUSDT,2021-11-01,bull,4324.63,62.15
ETHUSDT,2021-11-02,bull,4584.8,67.62
ETHUSDT,2021-11-03,bull,4607.19,68.05
ETHUSDT,2021-11-04,bull,4537.32,65.16
ETHUSDT,2021-11-05,bull,4486.24,63.05
ETHUSDT,2021-11-06,bull,4521.58,63.92
ETHUSDT,2021-11-07,bull,4620.55,66.31
ETHUSDT,2021-11-08,bull,4812.09,70.41
ETHUSDT,2021-11-09,bull,4735.07,66.89
ETHUSDT,2021-11-10,bull,4636.17,62.56
ETHUSDT,2021-11-11,bull,4730.38,64.89
ETHUSDT,2021-11-12,bull,4667.12,62.1
ETHUSDT,2021-11-13,bull,4651.46,61.39
ETHUSDT,2021-11-14,bull,4626.36,60.21
ETHUSDT,2021-11-15,bull,4557.5,56.98
ETHUSDT,2021-11-16,bull,4216.37,44.29
ETHUSDT,2021-11-17,bull,4287.59,46.95
ETHUSDT,2021-11-18,sideways,4000.65,38.9
ETHUSDT,2021-11-19,sideways,4298.31,48.72
ETHUSDT,2021-11-20,bull,4409.93,51.84
ETHUSDT,2021-11-21,bull,4269.73,47.9
ETHUSDT,2021-11-22,sideways,4088.46,43.3
ETHUSDT,2021-11-23,bull,4340.76,50.43
ETHUSDT,2021-11-24,sideways,4239.98,47.84
ETHUSDT,2021-11-25,sideways,4274.74,48.82
ETHUSDT,2021-11-26,sideways,4030.91,42.78
ETHUSDT,2021-11-27,sideways,4096.91,44.77
ETHUSDT,2021-11-28,sideways,4294.45,50.34
ETHUSDT,2021-11-29,sideways,4445.1,54.14
ETHUSDT,2021-11-30,bull,4631.48,58.38
ETHUSDT,2021-12-01,bull,4586.99,57.03
ETHUSDT,2021-12-02,sideways,4511.3,54.7
ETHUSDT,2021-12-03,sideways,4220.71,46.8
ETHUSDT,2021-12-04,sideways,4119.59,44.4
ETHUSDT,2021-12-05,sideways,4198.32,46.69
ETHUSDT,2021-12-06,sideways,4358.74,51.12
ETHUSDT,2021-12-07,sideways,4315.06,49.9
ETHUSDT,2021-12-08,sideways,4439.36,53.31
ETHUSDT,2021-12-09,sideways,4119.82,44.87
ETHUSDT,2021-12-10,sideways,3908.5,40.33
ETHUSDT,2021-12-11,sideways,4084.45,45.29
ETHUSDT,2021-12-12,sideways,4134.45,46.65
ETHUSDT,2021-12-13,sideways,3784.23,39.29
ETHUSDT,2021-12-14,sideways,3745.44,38.56
ETHUSDT,2021-12-15,sideways,4018.39,46.11
ETHUSDT,2021-12-16,sideways,3962.47,44.89
ETHUSDT,2021-12-17,sideways,3879.49,43.08
ETHUSDT,2021-12-18,sideways,3960.86,45.41
ETHUSDT,2021-12-19,sideways,3922.59,44.49
ETHUSDT,2021-12-20,sideways,3933.84,44.84
ETHUSDT,2021-12-21,sideways,4020.26,47.61
ETHUSDT,2021-12-22,sideways,3982.1,46.5
ETHUSDT,2021-12-23,sideways,4108.02,50.6
ETHUSDT,2021-12-24,sideways,4047.98,48.68
ETHUSDT,2021-12-25,sideways,4093.28,50.21
ETHUSDT,2021-12-26,sideways,4067.33,49.31
ETHUSDT,2021-12-27,sideways,4037.55,48.23
ETHUSDT,2021-12-28,sideways,3800.89,40.63
ETHUSDT,2021-12-29,sideways,3628.53,36.17
ETHUSDT,2021-12-30,sideways,3713.85,39.7
ETHUSDT,2021-12-31,sideways,3682.63,38.85
ETHUSDT,2022-01-01,sideways,3769.7,42.54
ETHUSDT,2022-01-02,sideways,3829.56,44.99
ETHUSDT,2022-01-03,sideways,3761.38,42.75
ETHUSDT,2022-01-04,sideways,3794.06,44.19
ETHUSDT,2022-01-05,sideways,3550.39,36.79
ETHUSDT,2022-01-06,sideways,3418.41,33.51
ETHUSDT,2022-01-07,bear,3193.21,28.8
ETHUSDT,2022-01-08,bear,3091.97,26.97
ETHUSDT,2022-01-09,bear,3157.75,30.08
ETHUSDT,2022-01-10,bear,3083.1,28.59
ETHUSDT,2022-01-11,bear,3238.11,35.72
ETHUSDT,2022-01-12,bear,3372.26,41.19
ETHUSDT,2022-01-13,bear,3248.29,37.97
ETHUSDT,2022-01-14,bear,3310.0,40.46
ETHUSDT,2022-01-15,bear,3330.53,41.31
ETHUSDT,2022-01-16,bear,3350.92,42.19
ETHUSDT,2022-01-17,bear,3212.3,38.03
ETHUSDT,2022-01-18,bear,3164.03,36.67
ETHUSDT,2022-01-19,bear,3095.83,34.78
ETHUSDT,2022-01-20,bear,3001.12,32.29
ETHUSDT,2022-01-21,bear,2557.93,23.74
ETHUSDT,2022-01-22,bear,2405.18,21.62
ETHUSDT,2022-01-23,bear,2535.04,27.55
ETHUSDT,2022-01-24,bear,2440.35,26.01
ETHUSDT,2022-01-25,bear,2455.94,26.73
ETHUSDT,2022-01-26,bear,2468.03,27.33
ETHUSDT,2022-01-27,bear,2423.0,26.47
ETHUSDT,2022-01-28,bear,2547.09,32.79
ETHUSDT,2022-01-29,bear,2597.08,35.21
ETHUSDT,2022-01-30,bear,2603.47,35.53
ETHUSDT,2022-01-31,bear,2688.28,39.77
ETHUSDT,2022-02-01,bear,2792.12,44.58
ETHUSDT,2022-02-02,bear,2682.85,40.88
ETHUSDT,2022-02-03,bear,2679.16,40.76
ETHUSDT,2022-02-04,bear,2983.59,53.25
ETHUSDT,2022-02-05,bear,3014.65,54.31
ETHUSDT,2022-02-06,sideways,3057.48,55.8
ETHUSDT,2022-02-07,sideways,3142.47,58.67
ETHUSDT,2022-02-08,sideways,3122.61,57.72
ETHUSDT,2022-02-09,sideways,3239.46,61.64
ETHUSDT,2022-02-10,sideways,3077.48,54.16
ETHUSDT,2022-02-11,bear,2927.38,48.3
ETHUSDT,2022-02-12,bear,2917.36,47.93
ETHUSDT,2022-02-13,bear,2883.46,46.62
ETHUSDT,2022-02-14,bear,2933.48,48.84
ETHUSDT,2022-02-15,sideways,3179.88,58.09
ETHUSDT,2022-02-16,sideways,3127.83,55.8
ETHUSDT,2022-02-17,bear,2881.48,46.44
ETHUSDT,2022-02-18,bear,2785.73,43.4
ETHUSDT,2022-02-19,bear,2763.7,42.71
ETHUSDT,2022-02-20,sideways,2628.65,38.63
ETHUSDT,2022-02-21,sideways,2573.82,37.08
ETHUSDT,2022-02-22,sideways,2639.3,40.17
ETHUSDT,2022-02-23,sideways,2590.36,38.64
ETHUSDT,2022-02-24,sideways,2598.07,39.03
ETHUSDT,2022-02-25,sideways,2764.54,46.93
ETHUSDT,2022-02-26,sideways,2781.11,47.65
ETHUSDT,2022-02-27,sideways,2621.8,41.74
ETHUSDT,2022-02-28,sideways,2919.2,53.37
ETHUSDT,2022-03-01,sideways,2972.49,55.1
ETHUSDT,2022-03-02,sideways,2950.12,54.2
ETHUSDT,2022-03-03,sideways,2834.47,49.64
ETHUSDT,2022-03-04,sideways,2617.16,42.41
ETHUSDT,2022-03-05,sideways,2664.83,44.33
ETHUSDT,2022-03-06,bear,2555.04,40.95
ETHUSDT,2022-03-07,bear,2497.77,39.27
ETHUSDT,2022-03-08,bear,2576.75,42.76
ETHUSDT,2022-03-09,bear,2729.78,48.88
ETHUSDT,2022-03-10,bear,2608.05,44.78
ETHUSDT,2022-03-11,bear,2559.56,43.22
ETHUSDT,2022-03-12,bear,2574.75,43.88
ETHUSDT,2022-03-13,bear,2518.94,41.96
ETHUSDT,2022-03-14,bear,2590.7,45.28
ETHUSDT,2022-03-15,bear,2620.15,46.63
ETHUSDT,2022-03-16,sideways,2772.06,53.06
ETHUSDT,2022-03-17,sideways,2814.85,54.72
ETHUSDT,2022-03-18,sideways,2945.34,59.42
ETHUSDT,2022-03-19,sideways,2946.26,59.45
ETHUSDT,2022-03-20,sideways,2860.46,55.09
ETHUSDT,2022-03-21,sideways,2897.98,56.59
ETHUSDT,2022-03-22,sideways,2973.13,59.51
ETHUSDT,2022-03-23,sideways,3031.07,61.65
ETHUSDT,2022-03-24,sideways,3108.06,64.34
ETHUSDT,2022-03-25,sideways,3106.67,64.25
ETHUSDT,2022-03-26,sideways,3143.18,65.58
ETHUSDT,2022-03-27,sideways,3291.58,70.4
ETHUSDT,2022-03-28,sideways,3336.63,71.69
ETHUSDT,2022-03-29,sideways,3401.99,73.5
ETHUSDT,2022-03-30,sideways,3385.16,72.22
ETHUSDT,2022-03-31,sideways,3281.64,64.75
ETHUSDT,2022-04-01,sideways,3449.55,70.15
ETHUSDT,2022-04-02,sideways,3445.06,69.84
ETHUSDT,2022-04-03,bull,3522.83,72.12
ETHUSDT,2022-04-04,bull,3521.24,72.0
ETHUSDT,2022-04-05,sideways,3411.79,64.1
ETHUSDT,2022-04-06,sideways,3171.69,50.89
ETHUSDT,2022-04-07,sideways,3233.27,53.54
ETHUSDT,2022-04-08,sideways,3192.07,51.54
ETHUSDT,2022-04-09,sideways,3261.92,54.63
ETHUSDT,2022-04-10,sideways,3211.87,52.07
ETHUSDT,2022-04-11,sideways,2981.05,42.23
ETHUSDT,2022-04-12,sideways,3030.38,44.63
ETHUSDT,2022-04-13,sideways,3118.34,48.74
ETHUSDT,2022-04-14,sideways,3019.91,44.74
ETHUSDT,2022-04-15,sideways,3040.92,45.76
ETHUSDT,2022-04-16,sideways,3062.31,46.84
ETHUSDT,2022-04-17,sideways,2993.4,43.82
ETHUSDT,2022-04-18,sideways,3057.61,47.24
ETHUSDT,2022-04-19,sideways,3104.11,49.62
ETHUSDT,2022-04-20,sideways,3077.75,48.29
ETHUSDT,2022-04-21,sideways,2987.48,43.93
ETHUSDT,2022-04-22,sideways,2964.84,42.89
ETHUSDT,2022-04-23,bear,2938.11,41.63
ETHUSDT,2022-04-24,bear,2922.73,40.88
ETHUSDT,2022-04-25,sideways,3009.39,46.67
ETHUSDT,2022-04-26,bear,2808.3,37.5
ETHUSDT,2022-04-27,bear,2888.93,42.39
ETHUSDT,2022-04-28,bear,2936.94,45.14
ETHUSDT,2022-04-29,bear,2815.6,39.95
ETHUSDT,2022-04-30,bear,2730.19,36.74
ETHUSDT,2022-05-01,bear,2827.76,42.42
ETHUSDT,2022-05-02,bear,2857.41,44.07
ETHUSDT,2022-05-03,bear,2783.48,40.93
ETHUSDT,2022-05-04,bear,2940.64,49.21
ETHUSDT,2022-05-05,bear,2749.21,41.57
ETHUSDT,2022-05-06,bear,2694.98,39.69
ETHUSDT,2022-05-07,bear,2636.09,37.69
ETHUSDT,2022-05-08,bear,2517.46,33.99
ETHUSDT,2022-05-09,bear,2245.43,27.35
ETHUSDT,2022-05-10,bear,2343.51,32.47
ETHUSDT,2022-05-11,bear,2072.11,26.83
ETHUSDT,2022-05-12,bear,1961.7,24.94
ETHUSDT,2022-05-13,bear,2014.42,27.57
ETHUSDT,2022-05-14,bear,2056.27,29.68
ETHUSDT,2022-05-15,bear,2145.71,34.09
ETHUSDT,2022-05-16,bear,2022.73,31.19
ETHUSDT,2022-05-17,bear,2090.41,34.5
ETHUSDT,2022-05-18,bear,1916.66,30.45
ETHUSDT,2022-05-19,bear,2018.34,35.24
ETHUSDT,2022-05-20,bear,1961.32,33.83
ETHUSDT,2022-05-21,bear,1974.52,34.48
ETHUSDT,2022-05-22,bear,2043.17,37.91
ETHUSDT,2022-05-23,bear,1972.18,35.82
ETHUSDT,2022-05-24,bear,1978.98,36.18
ETHUSDT,2022-05-25,bear,1944.83,35.11
ETHUSDT,2022-05-26,bear,1803.91,31.03
ETHUSDT,2022-05-27,bear,1724.92,29.0
ETHUSDT,2022-05-28,bear,1757.94,31.03
ETHUSDT,2022-05-29,bear,1812.03,34.35
ETHUSDT,2022-05-30,bear,1996.44,44.21
ETHUSDT,2022-05-31,bear,1942.33,42.21
ETHUSDT,2022-06-01,bear,1823.57,38.13
ETHUSDT,2022-06-02,bear,1834.15,38.7
ETHUSDT,2022-06-03,bear,1775.08,36.67
ETHUSDT,2022-06-04,bear,1801.61,38.23
ETHUSDT,2022-06-05,bear,1805.2,38.46
ETHUSDT,2022-06-06,bear,1859.29,41.84
ETHUSDT,2022-06-07,bear,1814.05,39.87
ETHUSDT,2022-06-08,bear,1793.57,38.97
ETHUSDT,2022-06-09,bear,1789.83,38.8
ETHUSDT,2022-06-10,bear,1665.04,33.49
ETHUSDT,2022-06-11,bear,1529.66,28.88
ETHUSDT,2022-06-12,bear,1445.22,26.44
ETHUSDT,2022-06-13,bear,1204.58,20.98
ETHUSDT,2022-06-14,bear,1211.66,21.5
ETHUSDT,2022-06-15,bear,1233.21,23.13
ETHUSDT,2022-06-16,bear,1067.73,19.73
ETHUSDT,2022-06-17,bear,1086.52,21.15
ETHUSDT,2022-06-18,bear,993.64,19.33
ETHUSDT,2022-06-19,bear,1127.66,28.83
ETHUSDT,2022-06-20,bear,1127.64,28.83
ETHUSDT,2022-06-21,bear,1124.82,28.75
ETHUSDT,2022-06-22,bear,1051.42,26.61
ETHUSDT,2022-06-23,bear,1143.39,33.3
ETHUSDT,2022-06-24,bear,1226.84,38.76
ETHUSDT,2022-06-25,bear,1243.45,39.82
ETHUSDT,2022-06-26,bear,1199.83,37.97
ETHUSDT,2022-06-27,bear,1193.68,37.7
ETHUSDT,2022-06-28,bear,1144.58,35.56
ETHUSDT,2022-06-29,bear,1098.94,33.64
ETHUSDT,2022-06-30,bear,1067.3,32.34
ETHUSDT,2022-07-01,bear,1059.77,32.03
ETHUSDT,2022-07-02,bear,1066.51,32.66
ETHUSDT,2022-07-03,bear,1073.77,33.39
ETHUSDT,2022-07-04,bear,1151.06,40.69
ETHUSDT,2022-07-05,bear,1134.54,39.69
ETHUSDT,2022-07-06,bear,1186.97,44.37
ETHUSDT,2022-07-07,bear,1237.59,48.53
ETHUSDT,2022-07-08,bear,1222.51,47.39
ETHUSDT,2022-07-09,bear,1216.98,46.96
ETHUSDT,2022-07-10,bear,1168.4,43.21
ETHUSDT,2022-07-11,bear,1097.24,38.39
ETHUSDT,2022-07-12,bear,1038.19,34.9
ETHUSDT,2022-07-13,bear,1113.59,42.13
ETHUSDT,2022-07-14,sideways,1191.53,48.49
ETHUSDT,2022-07-15,sideways,1233.13,51.55
ETHUSDT,2022-07-16,sideways,1352.63,59.08
ETHUSDT,2022-07-17,sideways,1338.64,57.94
ETHUSDT,2022-07-18,sideways,1578.72,68.96
ETHUSDT,2022-07-19,sideways,1542.98,66.18
ETHUSDT,2022-07-20,sideways,1520.2,64.4
ETHUSDT,2022-07-21,sideways,1576.75,66.79
ETHUSDT,2022-07-22,sideways,1537.41,63.59
ETHUSDT,2022-07-23,sideways,1549.3,64.15
ETHUSDT,2022-07-24,sideways,1599.48,66.49
ETHUSDT,2022-07-25,sideways,1445.38,54.69
ETHUSDT,2022-07-26,sideways,1441.81,54.45
ETHUSDT,2022-07-27,sideways,1636.23,63.8
ETHUSDT,2022-07-28,sideways,1725.47,67.14
ETHUSDT,2022-07-29,sideways,1727.41,67.21
ETHUSDT,2022-07-30,sideways,1695.97,64.78
ETHUSDT,2022-07-31,sideways,1681.52,63.64
ETHUSDT,2022-08-01,sideways,1635.2,59.99
ETHUSDT,2022-08-02,sideways,1632.95,59.81
ETHUSDT,2022-08-03,sideways,1618.87,58.63
ETHUSDT,2022-08-04,sideways,1608.21,57.7
ETHUSDT,2022-08-05,sideways,1732.25,64.71
ETHUSDT,2022-08-06,sideways,1691.66,61.14
ETHUSDT,2022-08-07,sideways,1699.35,61.57
ETHUSDT,2022-08-08,sideways,1775.52,65.65
ETHUSDT,2022-08-09,sideways,1703.03,59.21
ETHUSDT,2022-08-10,sideways,1851.74,66.47
ETHUSDT,2022-08-11,sideways,1881.22,67.7
ETHUSDT,2022-08-12,sideways,1957.25,70.68
ETHUSDT,2022-08-13,sideways,1981.34,71.58
ETHUSDT,2022-08-14,sideways,1936.8,67.48
ETHUSDT,2022-08-15,sideways,1904.23,64.56
ETHUSDT,2022-08-16,sideways,1878.14,62.24
ETHUSDT,2022-08-17,sideways,1833.0,58.34
ETHUSDT,2022-08-18,sideways,1847.01,59.19
ETHUSDT,2022-08-19,sideways,1612.99,43.22
ETHUSDT,2022-08-20,sideways,1577.0,41.37
ETHUSDT,2022-08-21,sideways,1619.32,44.39
ETHUSDT,2022-08-22,sideways,1622.51,44.62
ETHUSDT,2022-08-23,sideways,1662.77,47.58
ETHUSDT,2022-08-24,sideways,1657.06,47.19
ETHUSDT,2022-08-25,sideways,1696.46,50.19
ETHUSDT,2022-08-26,bear,1507.78,38.83
ETHUSDT,2022-08-27,bear,1491.4,38.02
ETHUSDT,2022-08-28,bear,1430.55,35.11
ETHUSDT,2022-08-29,bear,1553.04,44.35
ETHUSDT,2022-08-30,bear,1523.84,42.78
ETHUSDT,2022-08-31,sideways,1553.68,44.92
ETHUSDT,2022-09-01,sideways,1586.18,47.23
ETHUSDT,2022-09-02,sideways,1577.22,46.65
ETHUSDT,2022-09-03,sideways,1556.87,45.29
ETHUSDT,2022-09-04,bear,1577.64,46.99
ETHUSDT,2022-09-05,sideways,1617.18,50.17
ETHUSDT,2022-09-06,bear,1561.75,46.0
ETHUSDT,2022-09-07,bear,1629.91,51.35
ETHUSDT,2022-09-08,sideways,1635.35,51.76
ETHUSDT,2022-09-09,sideways,1719.09,57.69
ETHUSDT,2022-09-10,sideways,1776.2,61.19
ETHUSDT,2022-09-11,sideways,1761.8,59.84
ETHUSDT,2022-09-12,sideways,1713.77,55.47
ETHUSDT,2022-09-13,bear,1580.79,45.54
ETHUSDT,2022-09-14,bear,1634.76,49.49
ETHUSDT,2022-09-15,bear,1471.69,40.04
ETHUSDT,2022-09-16,bear,1432.45,38.15
ETHUSDT,2022-09-17,bear,1469.74,41.0
ETHUSDT,2022-09-18,bear,1335.33,34.78
ETHUSDT,2022-09-19,bear,1377.54,37.96
ETHUSDT,2022-09-20,bear,1324.39,35.6
ETHUSDT,2022-09-21,bear,1252.61,32.66
ETHUSDT,2022-09-22,bear,1327.68,38.4
ETHUSDT,2022-09-23,bear,1328.26,38.44
ETHUSDT,2022-09-24,bear,1317.99,37.93
ETHUSDT,2022-09-25,bear,1294.22,36.71
ETHUSDT,2022-09-26,bear,1335.32,40.29
ETHUSDT,2022-09-27,bear,1330.13,39.98
ETHUSDT,2022-09-28,bear,1337.41,40.67
ETHUSDT,2022-09-29,bear,1335.65,40.55
ETHUSDT,2022-09-30,bear,1327.98,39.99
ETHUSDT,2022-10-01,bear,1311.64,38.77
ETHUSDT,2022-10-02,bear,1276.09,36.19
ETHUSDT,2022-10-03,bear,1323.44,41.75
ETHUSDT,2022-10-04,bear,1362.13,45.9
ETHUSDT,2022-10-05,bear,1352.84,45.07
ETHUSDT,2022-10-06,bear,1351.71,44.97
ETHUSDT,2022-10-07,bear,1332.52,43.1
ETHUSDT,2022-10-08,bear,1315.5,41.46
ETHUSDT,2022-10-09,bear,1322.6,42.45
ETHUSDT,2022-10-10,bear,1291.34,39.31
ETHUSDT,2022-10-11,bear,1279.58,38.17
ETHUSDT,2022-10-12,bear,1294.91,40.59
ETHUSDT,2022-10-13,bear,1288.12,39.85
ETHUSDT,2022-10-14,bear,1297.42,41.43
ETHUSDT,2022-10-15,bear,1274.87,38.76
ETHUSDT,2022-10-16,bear,1306.3,44.16
ETHUSDT,2022-10-17,bear,1331.71,48.14
ETHUSDT,2022-10-18,sideways,1310.45,45.24
ETHUSDT,2022-10-19,bear,1285.74,42.06
ETHUSDT,2022-10-20,sideways,1283.2,41.74
ETHUSDT,2022-10-21,sideways,1299.95,44.76
ETHUSDT,2022-10-22,sideways,1314.3,47.29
ETHUSDT,2022-10-23,sideways,1363.45,54.89
ETHUSDT,2022-10-24,sideways,1345.0,51.87
ETHUSDT,2022-10-25,sideways,1461.67,65.01
ETHUSDT,2022-10-26,sideways,1566.57,72.32
ETHUSDT,2022-10-27,sideways,1514.37,65.04
ETHUSDT,2022-10-28,sideways,1555.48,67.79
ETHUSDT,2022-10-29,sideways,1619.7,71.55
ETHUSDT,2022-10-30,sideways,1590.78,67.72
ETHUSDT,2022-10-31,sideways,1572.71,65.36
ETHUSDT,2022-11-01,sideways,1579.7,65.85
ETHUSDT,2022-11-02,sideways,1519.71,58.16
ETHUSDT,2022-11-03,sideways,1531.54,59.17
ETHUSDT,2022-11-04,sideways,1645.09,67.34
ETHUSDT,2022-11-05,sideways,1627.97,65.22
ETHUSDT,2022-11-06,sideways,1572.23,58.74
ETHUSDT,2022-11-07,sideways,1568.59,58.33
ETHUSDT,2022-11-08,sideways,1332.84,39.3
ETHUSDT,2022-11-09,bear,1100.17,29.18
ETHUSDT,2022-11-10,sideways,1299.46,42.77
ETHUSDT,2022-11-11,sideways,1287.22,42.24
ETHUSDT,2022-11-12,sideways,1255.27,40.8
ETHUSDT,2022-11-13,bear,1221.82,39.29
ETHUSDT,2022-11-14,sideways,1241.6,40.69
ETHUSDT,2022-11-15,sideways,1251.74,41.43
ETHUSDT,2022-11-16,bear,1215.6,39.53
ETHUSDT,2022-11-17,bear,1200.81,38.75
ETHUSDT,2022-11-18,bear,1212.3,39.75
ETHUSDT,2022-11-19,bear,1218.43,40.31
ETHUSDT,2022-11-20,bear,1142.47,35.86
ETHUSDT,2022-11-21,bear,1108.35,34.04
ETHUSDT,2022-11-22,bear,1135.17,36.76
ETHUSDT,2022-11-23,bear,1183.2,41.4
ETHUSDT,2022-11-24,bear,1203.98,43.34
ETHUSDT,2022-11-25,bear,1198.93,42.97
ETHUSDT,2022-11-26,bear,1205.9,43.69
ETHUSDT,2022-11-27,bear,1195.13,42.79
ETHUSDT,2022-11-28,bear,1170.09,40.7
ETHUSDT,2022-11-29,bear,1216.9,46.01
ETHUSDT,2022-11-30,bear,1295.69,53.56
ETHUSDT,2022-12-01,bear,1276.27,51.64
ETHUSDT,2022-12-02,bear,1294.3,53.31
ETHUSDT,2022-12-03,bear,1243.33,48.24
ETHUSDT,2022-12-04,bear,1280.26,51.82
ETHUSDT,2022-12-05,bear,1259.68,49.75
ETHUSDT,2022-12-06,bear,1271.65,50.98
ETHUSDT,2022-12-07,bear,1232.44,46.95
ETHUSDT,2022-12-08,sideways,1281.12,52.02
ETHUSDT,2022-12-09,sideways,1264.28,50.23
ETHUSDT,2022-12-10,sideways,1266.38,50.46
ETHUSDT,2022-12-11,sideways,1263.87,50.16
ETHUSDT,2022-12-12,sideways,1274.62,51.48
ETHUSDT,2022-12-13,sideways,1320.55,56.74
ETHUSDT,2022-12-14,sideways,1309.33,55.16
ETHUSDT,2022-12-15,sideways,1266.35,49.5
ETHUSDT,2022-12-16,sideways,1168.26,39.53
ETHUSDT,2022-12-17,sideways,1188.15,42.08
ETHUSDT,2022-12-18,sideways,1184.72,41.75
ETHUSDT,2022-12-19,sideways,1167.61,40.08
ETHUSDT,2022-12-20,sideways,1217.7,46.8
ETHUSDT,2022-12-21,sideways,1213.6,46.34
ETHUSDT,2022-12-22,sideways,1218.18,46.96
ETHUSDT,2022-12-23,sideways,1220.16,47.25
ETHUSDT,2022-12-24,sideways,1221.15,47.4
ETHUSDT,2022-12-25,sideways,1218.96,47.08
ETHUSDT,2022-12-26,sideways,1226.97,48.47
ETHUSDT,2022-12-27,sideways,1212.79,46.16
ETHUSDT,2022-12-28,sideways,1189.99,42.64
ETHUSDT,2022-12-29,sideways,1201.6,44.94
ETHUSDT,2022-12-30,bear,1199.23,44.55
ETHUSDT,2022-12-31,bear,1196.77,44.12
ETHUSDT,2023-01-01,bear,1200.96,45.09
ETHUSDT,2023-01-02,sideways,1214.66,48.27
ETHUSDT,2023-01-03,bear,1214.78,48.3
ETHUSDT,2023-01-04,sideways,1256.53,57.07
ETHUSDT,2023-01-05,sideways,1250.44,55.59
ETHUSDT,2023-01-06,sideways,1269.38,59.14
ETHUSDT,2023-01-07,sideways,1264.27,57.8
ETHUSDT,2023-01-08,sideways,1287.36,62.0
ETHUSDT,2023-01-09,sideways,1321.54,67.21
ETHUSDT,2023-01-10,sideways,1336.59,69.2
ETHUSDT,2023-01-11,sideways,1387.93,74.84
ETHUSDT,2023-01-12,bull,1417.94,77.44
ETHUSDT,2023-01-13,bull,1451.61,79.95
ETHUSDT,2023-01-14,bull,1550.71,85.16
ETHUSDT,2023-01-15,bull,1552.48,85.24
ETHUSDT,2023-01-16,bull,1576.83,86.25
ETHUSDT,2023-01-17,bull,1567.85,83.96
ETHUSDT,2023-01-18,bull,1515.51,71.96
ETHUSDT,2023-01-19,bull,1552.56,74.71
ETHUSDT,2023-01-20,bull,1659.75,80.64
ETHUSDT,2023-01-21,bull,1627.12,74.89
ETHUSDT,2023-01-22,bull,1628.38,74.96
ETHUSDT,2023-01-23,bull,1628.25,74.94
ETHUSDT,2023-01-24,bull,1556.6,62.71
ETHUSDT,2023-01-25,bull,1611.71,67.15
ETHUSDT,2023-01-26,bull,1603.11,65.83
ETHUSDT,2023-01-27,bull,1598.16,65.04
ETHUSDT,2023-01-28,bull,1572.44,60.94
ETHUSDT,2023-01-29,bull,1646.16,67.3
ETHUSDT,2023-01-30,bull,1567.33,56.67
ETHUSDT,2023-01-31,bull,1586.54,58.4
ETHUSDT,2023-02-01,bull,1641.79,62.96
ETHUSDT,2023-02-02,bull,1643.24,63.08
ETHUSDT,2023-02-03,bull,1664.75,64.81
ETHUSDT,2023-02-04,bull,1667.06,65.01
ETHUSDT,2023-02-05,bull,1631.65,59.67
ETHUSDT,2023-02-06,bull,1616.25,57.46
ETHUSDT,2023-02-07,bull,1672.0,62.83
ETHUSDT,2023-02-08,bull,1650.72,59.73
ETHUSDT,2023-02-09,bull,1546.44,47.41
ETHUSDT,2023-02-10,bull,1514.87,44.42
ETHUSDT,2023-02-11,bull,1539.93,47.26
ETHUSDT,2023-02-12,sideways,1515.03,44.81
ETHUSDT,2023-02-13,sideways,1507.17,44.03
ETHUSDT,2023-02-14,sideways,1556.88,49.94
ETHUSDT,2023-02-15,bull,1673.75,60.5
ETHUSDT,2023-02-16,sideways,1640.07,56.78
ETHUSDT,2023-02-17,bull,1694.78,60.98
ETHUSDT,2023-02-18,bull,1691.82,60.63
ETHUSDT,2023-02-19,sideways,1681.44,59.37
ETHUSDT,2023-02-20,sideways,1702.68,61.15
ETHUSDT,2023-02-21,sideways,1658.04,55.64
ETHUSDT,2023-02-22,sideways,1643.23,53.9
ETHUSDT,2023-02-23,bull,1651.07,54.71
ETHUSDT,2023-02-24,sideways,1608.37,49.62
ETHUSDT,2023-02-25,sideways,1594.91,48.1
ETHUSDT,2023-02-26,sideways,1640.82,53.34
ETHUSDT,2023-02-27,sideways,1634.33,52.53
ETHUSDT,2023-02-28,sideways,1605.9,49.03
ETHUSDT,2023-03-01,bull,1663.43,55.5
ETHUSDT,2023-03-02,sideways,1647.32,53.45
ETHUSDT,2023-03-03,sideways,1569.17,44.82
ETHUSDT,2023-03-04,sideways,1566.92,44.6
ETHUSDT,2023-03-05,sideways,1564.47,44.34
ETHUSDT,2023-03-06,sideways,1567.4,44.75
ETHUSDT,2023-03-07,sideways,1561.93,44.09
ETHUSDT,2023-03-08,sideways,1534.09,40.8
ETHUSDT,2023-03-09,sideways,1438.66,31.99
ETHUSDT,2023-03-10,sideways,1429.16,31.27
ETHUSDT,2023-03-11,sideways,1482.62,39.56
ETHUSDT,2023-03-12,sideways,1590.29,52.09
ETHUSDT,2023-03-13,bull,1680.31,59.63
ETHUSDT,2023-03-14,bull,1703.51,61.31
ETHUSDT,2023-03-15,bull,1656.18,56.15
ETHUSDT,2023-03-16,bull,1677.22,57.85
ETHUSDT,2023-03-17,bull,1792.49,65.69
ETHUSDT,2023-03-18,bull,1761.66,62.35
ETHUSDT,2023-03-19,bull,1785.58,63.89
ETHUSDT,2023-03-20,sideways,1735.32,58.49
ETHUSDT,2023-03-21,bull,1806.76,63.24
ETHUSDT,2023-03-22,sideways,1737.72,56.51
ETHUSDT,2023-03-23,bull,1816.41,61.54
ETHUSDT,2023-03-24,bull,1752.04,55.85
ETHUSDT,2023-03-25,bull,1743.76,55.15
ETHUSDT,2023-03-26,bull,1775.68,57.38
ETHUSDT,2023-03-27,bull,1715.46,52.1
ETHUSDT,2023-03-28,bull,1772.79,56.23
ETHUSDT,2023-03-29,bull,1793.0,57.62
ETHUSDT,2023-03-30,bull,1792.74,57.59
ETHUSDT,2023-03-31,bull,1822.02,59.73
ETHUSDT,2023-04-01,bull,1813.86,58.84
ETHUSDT,2023-04-02,bull,1795.71,56.81
ETHUSDT,2023-04-03,bull,1810.3,58.06
ETHUSDT,2023-04-04,bull,1871.01,62.89
ETHUSDT,2023-04-05,bull,1909.11,65.57
ETHUSDT,2023-04-06,bull,1872.92,61.06
ETHUSDT,2023-04-07,bull,1865.64,60.16
ETHUSDT,2023-04-08,bull,1849.5,58.13
ETHUSDT,2023-04-09,bull,1859.39,59.04
ETHUSDT,2023-04-10,bull,1911.21,63.54
ETHUSDT,2023-04-11,bull,1892.19,60.9
ETHUSDT,2023-04-12,bull,1920.68,63.36
ETHUSDT,2023-04-13,bull,2012.63,69.93
ETHUSDT,2023-04-14,bull,2101.64,74.66
ETHUSDT,2023-04-15,bull,2092.47,73.38
ETHUSDT,2023-04-16,bull,2120.01,74.78
ETHUSDT,2023-04-17,bull,2076.24,68.6
ETHUSDT,2023-04-18,bull,2104.54,70.31
ETHUSDT,2023-04-19,bull,1936.4,52.16
ETHUSDT,2023-04-20,bull,1943.1,52.68
ETHUSDT,2023-04-21,bull,1850.0,45.26
ETHUSDT,2023-04-22,sideways,1874.23,47.34
ETHUSDT,2023-04-23,bull,1862.06,46.38
ETHUSDT,2023-04-24,bull,1842.76,44.84
ETHUSDT,2023-04-25,bull,1866.75,47.19
ETHUSDT,2023-04-26,bull,1866.56,47.18
ETHUSDT,2023-04-27,bull,1908.79,51.4
ETHUSDT,2023-04-28,bull,1892.51,49.75
ETHUSDT,2023-04-29,bull,1908.92,51.44
ETHUSDT,2023-04-30,sideways,1876.92,48.04
ETHUSDT,2023-05-01,sideways,1831.95,43.67
ETHUSDT,2023-05-02,sideways,1870.79,48.07
ETHUSDT,2023-05-03,bull,1904.65,51.61
ETHUSDT,2023-05-04,sideways,1877.7,48.76
ETHUSDT,2023-05-05,sideways,1995.06,59.3
ETHUSDT,2023-05-06,sideways,1900.22,50.3
ETHUSDT,2023-05-07,sideways,1873.08,48.05
ETHUSDT,2023-05-08,sideways,1849.04,46.08
ETHUSDT,2023-05-09,sideways,1848.6,46.04
ETHUSDT,2023-05-10,sideways,1842.4,45.49
ETHUSDT,2023-05-11,sideways,1796.49,41.49
ETHUSDT,2023-05-12,sideways,1808.02,42.85
ETHUSDT,2023-05-13,sideways,1796.11,41.77
ETHUSDT,2023-05-14,sideways,1800.5,42.35
ETHUSDT,2023-05-15,sideways,1817.55,44.64
ETHUSDT,2023-05-16,sideways,1824.12,45.53
ETHUSDT,2023-05-17,sideways,1821.86,45.26
ETHUSDT,2023-05-18,sideways,1801.73,42.81
ETHUSDT,2023-05-19,sideways,1812.59,44.56
ETHUSDT,2023-05-20,sideways,1820.48,45.85
ETHUSDT,2023-05-21,sideways,1804.53,43.63
ETHUSDT,2023-05-22,sideways,1817.53,45.93
ETHUSDT,2023-05-23,sideways,1854.38,51.9
ETHUSDT,2023-05-24,sideways,1800.1,44.16
ETHUSDT,2023-05-25,sideways,1805.95,45.11
ETHUSDT,2023-05-26,sideways,1828.69,48.76
ETHUSDT,2023-05-27,sideways,1831.12,49.15
ETHUSDT,2023-05-28,sideways,1910.91,59.92
ETHUSDT,2023-05-29,sideways,1893.08,57.01
ETHUSDT,2023-05-30,sideways,1901.03,57.99
ETHUSDT,2023-05-31,sideways,1874.13,53.55
ETHUSDT,2023-06-01,sideways,1862.2,51.66
ETHUSDT,2023-06-02,sideways,1907.26,57.73
ETHUSDT,2023-06-03,sideways,1892.41,55.27
ETHUSDT,2023-06-04,sideways,1890.51,54.94
ETHUSDT,2023-06-05,sideways,1811.83,43.59
ETHUSDT,2023-06-06,sideways,1884.49,53.21
ETHUSDT,2023-06-07,sideways,1832.4,47.02
ETHUSDT,2023-06-08,sideways,1846.3,48.73
ETHUSDT,2023-06-09,sideways,1840.23,48.0
ETHUSDT,2023-06-10,sideways,1752.38,38.92
ETHUSDT,2023-06-11,sideways,1753.42,39.06
ETHUSDT,2023-06-12,sideways,1742.53,38.03
ETHUSDT,2023-06-13,sideways,1739.04,37.69
ETHUSDT,2023-06-14,sideways,1650.52,30.22
ETHUSDT,2023-06-15,sideways,1665.52,32.66
ETHUSDT,2023-06-16,sideways,1716.67,40.3
ETHUSDT,2023-06-17,sideways,1727.2,41.77
ETHUSDT,2023-06-18,sideways,1720.58,41.09
ETHUSDT,2023-06-19,sideways,1737.66,43.65
ETHUSDT,2023-06-20,sideways,1792.12,50.96
ETHUSDT,2023-06-21,sideways,1891.01,60.89
ETHUSDT,2023-06-22,sideways,1872.94,58.56
ETHUSDT,2023-06-23,bull,1892.86,60.36
ETHUSDT,2023-06-24,sideways,1876.06,58.07
ETHUSDT,2023-06-25,sideways,1900.51,60.43
ETHUSDT,2023-06-26,sideways,1859.43,54.85
ETHUSDT,2023-06-27,sideways,1889.7,57.93
ETHUSDT,2023-06-28,sideways,1827.97,50.37
ETHUSDT,2023-06-29,sideways,1852.23,52.97
ETHUSDT,2023-06-30,sideways,1933.19,60.41
ETHUSDT,2023-07-01,sideways,1924.57,59.34
ETHUSDT,2023-07-02,sideways,1937.44,60.47
ETHUSDT,2023-07-03,sideways,1955.39,62.06
ETHUSDT,2023-07-04,sideways,1936.63,59.37
ETHUSDT,2023-07-05,bull,1910.59,55.77
ETHUSDT,2023-07-06,sideways,1848.64,48.26
ETHUSDT,2023-07-07,sideways,1870.6,50.79
ETHUSDT,2023-07-08,sideways,1865.54,50.18
ETHUSDT,2023-07-09,sideways,1863.01,49.86
ETHUSDT,2023-07-10,bull,1880.56,52.15
ETHUSDT,2023-07-11,bull,1878.34,51.83
ETHUSDT,2023-07-12,bull,1872.11,50.88
ETHUSDT,2023-07-13,bull,2006.51,65.56
ETHUSDT,2023-07-14,bull,1939.35,56.48
ETHUSDT,2023-07-15,bull,1931.47,55.5
ETHUSDT,2023-07-16,bull,1923.68,54.51
ETHUSDT,2023-07-17,bull,1911.65,52.92
ETHUSDT,2023-07-18,bull,1897.6,51.06
ETHUSDT,2023-07-19,bull,1889.01,49.9
ETHUSDT,2023-07-20,bull,1890.97,50.18
ETHUSDT,2023-07-21,sideways,1892.08,50.34
ETHUSDT,2023-07-22,sideways,1864.91,46.24
ETHUSDT,2023-07-23,sideways,1889.19,50.15
ETHUSDT,2023-07-24,sideways,1850.0,44.52
ETHUSDT,2023-07-25,sideways,1857.74,45.81
ETHUSDT,2023-07-26,sideways,1872.16,48.24
ETHUSDT,2023-07-27,sideways,1860.36,46.41
ETHUSDT,2023-07-28,sideways,1874.74,48.95
ETHUSDT,2023-07-29,sideways,1881.07,50.07
ETHUSDT,2023-07-30,sideways,1861.64,46.68
ETHUSDT,2023-07-31,sideways,1856.16,45.74
ETHUSDT,2023-08-01,sideways,1871.79,48.9
ETHUSDT,2023-08-02,sideways,1839.09,43.22
ETHUSDT,2023-08-03,sideways,1835.14,42.58
ETHUSDT,2023-08-04,sideways,1827.71,41.33
ETHUSDT,2023-08-05,sideways,1834.99,43.09
ETHUSDT,2023-08-06,sideways,1827.46,41.7
ETHUSDT,2023-08-07,sideways,1826.94,41.6
ETHUSDT,2023-08-08,sideways,1855.81,48.91
ETHUSDT,2023-08-09,sideways,1854.3,48.57
ETHUSDT,2023-08-10,sideways,1850.75,47.73
ETHUSDT,2023-08-11,sideways,1847.12,46.83
ETHUSDT,2023-08-12,sideways,1848.89,47.35
ETHUSDT,2023-08-13,sideways,1839.28,44.78
ETHUSDT,2023-08-14,sideways,1844.19,46.38
ETHUSDT,2023-08-15,sideways,1826.93,41.8
ETHUSDT,2023-08-16,sideways,1805.66,36.96
ETHUSDT,2023-08-17,bear,1684.93,21.64
ETHUSDT,2023-08-18,bear,1660.95,19.87
ETHUSDT,2023-08-19,bear,1669.47,22.3
ETHUSDT,2023-08-20,bear,1684.85,26.61
ETHUSDT,2023-08-21,bear,1667.27,24.91
ETHUSDT,2023-08-22,bear,1633.89,22.03
ETHUSDT,2023-08-23,bear,1679.27,33.32
ETHUSDT,2023-08-24,bear,1659.94,31.24
ETHUSDT,2023-08-25,bear,1652.94,30.5
ETHUSDT,2023-08-26,bear,1646.31,29.78
ETHUSDT,2023-08-27,bear,1657.51,32.67
ETHUSDT,2023-08-28,bear,1652.46,32.03
ETHUSDT,2023-08-29,bear,1729.73,48.63
ETHUSDT,2023-08-30,bear,1705.11,44.87
ETHUSDT,2023-08-31,bear,1645.64,37.36
ETHUSDT,2023-09-01,bear,1628.49,35.51
ETHUSDT,2023-09-02,bear,1637.03,37.18
ETHUSDT,2023-09-03,bear,1636.12,37.07
ETHUSDT,2023-09-04,bear,1629.66,36.25
ETHUSDT,2023-09-05,bear,1633.63,37.17
ETHUSDT,2023-09-06,bear,1632.25,36.97
ETHUSDT,2023-09-07,bear,1647.6,40.77
ETHUSDT,2023-09-08,bear,1636.14,38.88
ETHUSDT,2023-09-09,bear,1635.16,38.72
ETHUSDT,2023-09-10,bear,1616.83,35.67
ETHUSDT,2023-09-11,bear,1551.64,27.4
ETHUSDT,2023-09-12,bear,1592.43,37.21
ETHUSDT,2023-09-13,bear,1607.99,40.51
ETHUSDT,2023-09-14,bear,1626.97,44.36
ETHUSDT,2023-09-15,bear,1641.64,47.19
ETHUSDT,2023-09-16,sideways,1635.22,46.09
ETHUSDT,2023-09-17,sideways,1622.9,43.95
ETHUSDT,2023-09-18,sideways,1637.35,47.05
ETHUSDT,2023-09-19,sideways,1643.54,48.37
ETHUSDT,2023-09-20,sideways,1622.89,44.4
ETHUSDT,2023-09-21,sideways,1584.31,38.11
ETHUSDT,2023-09-22,bear,1593.27,40.23
ETHUSDT,2023-09-23,sideways,1593.86,40.38
ETHUSDT,2023-09-24,sideways,1580.85,38.18
ETHUSDT,2023-09-25,sideways,1588.32,40.19
ETHUSDT,2023-09-26,sideways,1593.42,41.59
ETHUSDT,2023-09-27,sideways,1597.49,42.74
ETHUSDT,2023-09-28,sideways,1652.88,55.55
ETHUSDT,2023-09-29,sideways,1667.94,58.28
ETHUSDT,2023-09-30,sideways,1671.16,58.86
ETHUSDT,2023-10-01,sideways,1733.81,68.17
ETHUSDT,2023-10-02,sideways,1663.63,53.55
ETHUSDT,2023-10-03,sideways,1656.69,52.36
ETHUSDT,2023-10-04,sideways,1647.84,50.8
ETHUSDT,2023-10-05,sideways,1611.48,44.89
ETHUSDT,2023-10-06,sideways,1645.83,50.72
ETHUSDT,2023-10-07,sideways,1634.51,48.89
ETHUSDT,2023-10-08,sideways,1633.55,48.72
ETHUSDT,2023-10-09,sideways,1579.81,40.65
ETHUSDT,2023-10-10,sideways,1567.71,39.08
ETHUSDT,2023-10-11,sideways,1566.25,38.89
ETHUSDT,2023-10-12,sideways,1539.61,35.41
ETHUSDT,2023-10-13,sideways,1552.09,38.2
ETHUSDT,2023-10-14,sideways,1555.26,38.92
ETHUSDT,2023-10-15,bear,1558.07,39.59
ETHUSDT,2023-10-16,sideways,1600.53,48.77
ETHUSDT,2023-10-17,sideways,1565.44,42.96
ETHUSDT,2023-10-18,sideways,1563.75,42.7
ETHUSDT,2023-10-19,sideways,1567.46,43.52
ETHUSDT,2023-10-20,sideways,1604.67,51.08
ETHUSDT,2023-10-21,sideways,1629.3,55.34
ETHUSDT,2023-10-22,sideways,1663.43,60.48
ETHUSDT,2023-10-23,sideways,1765.38,71.15
ETHUSDT,2023-10-24,sideways,1784.44,72.64
ETHUSDT,2023-10-25,bull,1787.4,72.88
ETHUSDT,2023-10-26,bull,1804.04,74.21
ETHUSDT,2023-10-27,sideways,1780.05,68.94
ETHUSDT,2023-10-28,sideways,1776.62,68.2
ETHUSDT,2023-10-29,bull,1795.55,70.12
ETHUSDT,2023-10-30,bull,1810.09,71.54
ETHUSDT,2023-10-31,sideways,1816.46,72.16
ETHUSDT,2023-11-01,bull,1847.09,75.01
ETHUSDT,2023-11-02,bull,1800.62,64.28
ETHUSDT,2023-11-03,bull,1832.8,67.72
ETHUSDT,2023-11-04,bull,1857.7,70.12
ETHUSDT,2023-11-05,bull,1894.16,73.26
ETHUSDT,2023-11-06,bull,1899.84,73.72
ETHUSDT,2023-11-07,bull,1888.12,70.99
ETHUSDT,2023-11-08,bull,1889.32,71.11
ETHUSDT,2023-11-09,bull,2120.56,84.33
ETHUSDT,2023-11-10,bull,2078.29,77.36
ETHUSDT,2023-11-11,bull,2052.71,73.41
ETHUSDT,2023-11-12,bull,2045.19,72.24
ETHUSDT,2023-11-13,bull,2055.27,72.86
ETHUSDT,2023-11-14,bull,1979.05,61.6
ETHUSDT,2023-11-15,bull,2060.41,67.39
ETHUSDT,2023-11-16,bull,1960.88,56.21
ETHUSDT,2023-11-17,bull,1961.28,56.25
ETHUSDT,2023-11-18,bull,1963.29,56.41
ETHUSDT,2023-11-19,bull,2013.2,60.5
ETHUSDT,2023-11-20,bull,2022.24,61.21
ETHUSDT,2023-11-21,bull,1937.07,51.78
ETHUSDT,2023-11-22,bull,2064.43,61.36
ETHUSDT,2023-11-23,bull,2062.21,61.14
ETHUSDT,2023-11-24,bull,2081.15,62.42
ETHUSDT,2023-11-25,bull,2084.41,62.65
ETHUSDT,2023-11-26,bull,2063.29,60.1
ETHUSDT,2023-11-27,bull,2027.42,55.93
ETHUSDT,2023-11-28,bull,2049.34,57.85
ETHUSDT,2023-11-29,bull,2029.93,55.54
ETHUSDT,2023-11-30,bull,2052.56,57.67
ETHUSDT,2023-12-01,bull,2087.14,60.75
ETHUSDT,2023-12-02,bull,2165.7,66.69
ETHUSDT,2023-12-03,bull,2193.69,68.52
ETHUSDT,2023-12-04,bull,2243.22,71.5
ETHUSDT,2023-12-05,bull,2293.84,74.19
ETHUSDT,2023-12-06,bull,2231.66,65.95
ETHUSDT,2023-12-07,bull,2357.58,72.59
ETHUSDT,2023-12-08,bull,2358.73,72.64
ETHUSDT,2023-12-09,bull,2341.18,70.43
ETHUSDT,2023-12-10,bull,2352.46,71.04
ETHUSDT,2023-12-11,bull,2224.58,56.73
ETHUSDT,2023-12-12,bull,2202.04,54.64
ETHUSDT,2023-12-13,bull,2260.65,58.88
ETHUSDT,2023-12-14,bull,2316.58,62.48
ETHUSDT,2023-12-15,bull,2219.34,53.67
ETHUSDT,2023-12-16,bull,2226.93,54.22
ETHUSDT,2023-12-17,bull,2196.48,51.61
ETHUSDT,2023-12-18,bull,2217.27,53.26
ETHUSDT,2023-12-19,bull,2177.87,49.79
ETHUSDT,2023-12-20,bull,2201.91,51.85
ETHUSDT,2023-12-21,bull,2239.54,54.97
ETHUSDT,2023-12-22,bull,2326.52,61.23
ETHUSDT,2023-12-23,bull,2309.05,59.44
ETHUSDT,2023-12-24,bull,2265.69,55.14
ETHUSDT,2023-12-25,bull,2272.56,55.69
ETHUSDT,2023-12-26,bull,2231.47,51.63
ETHUSDT,2023-12-27,bull,2378.74,62.24
ETHUSDT,2023-12-28,bull,2347.57,59.28
ETHUSDT,2023-12-29,bull,2300.69,55.03
ETHUSDT,2023-12-30,bull,2292.07,54.26
ETHUSDT,2023-12-31,bull,2281.47,53.28
ETHUSDT,2024-01-01,bull,2352.33,58.69
ETHUSDT,2024-01-02,bull,2355.84,58.94
ETHUSDT,2024-01-03,sideways,2210.76,46.3
ETHUSDT,2024-01-04,sideways,2269.04,50.86
ETHUSDT,2024-01-05,sideways,2268.65,50.82
ETHUSDT,2024-01-06,sideways,2241.62,48.61
ETHUSDT,2024-01-07,sideways,2222.87,47.07
ETHUSDT,2024-01-08,sideways,2333.03,55.89
ETHUSDT,2024-01-09,sideways,2344.83,56.72
ETHUSDT,2024-01-10,bull,2582.1,69.26
ETHUSDT,2024-01-11,bull,2619.62,70.71
ETHUSDT,2024-01-12,bull,2524.46,62.66
ETHUSDT,2024-01-13,bull,2576.6,65.01
ETHUSDT,2024-01-14,bull,2472.24,57.24
ETHUSDT,2024-01-15,bull,2511.36,59.21
ETHUSDT,2024-01-16,bull,2587.69,62.81
ETHUSDT,2024-01-17,bull,2528.37,58.49
ETHUSDT,2024-01-18,bull,2467.02,54.33
ETHUSDT,2024-01-19,bull,2489.5,55.58
ETHUSDT,2024-01-20,bull,2469.59,54.17
ETHUSDT,2024-01-21,bull,2453.91,53.03
ETHUSDT,2024-01-22,sideways,2310.83,43.93
ETHUSDT,2024-01-23,sideways,2240.69,40.29
ETHUSDT,2024-01-24,sideways,2233.56,39.92
ETHUSDT,2024-01-25,sideways,2217.71,39.08
ETHUSDT,2024-01-26,sideways,2267.2,43.12
ETHUSDT,2024-01-27,sideways,2267.89,43.17
ETHUSDT,2024-01-28,sideways,2257.21,42.47
ETHUSDT,2024-01-29,sideways,2317.06,47.62
ETHUSDT,2024-01-30,sideways,2344.49,49.84
ETHUSDT,2024-01-31,sideways,2282.54,45.19
ETHUSDT,2024-02-01,sideways,2303.82,47.02
ETHUSDT,2024-02-02,sideways,2308.04,47.39
ETHUSDT,2024-02-03,sideways,2296.04,46.39
ETHUSDT,2024-02-04,sideways,2289.55,45.82
ETHUSDT,2024-02-05,sideways,2298.89,46.83
ETHUSDT,2024-02-06,bull,2372.2,54.04
ETHUSDT,2024-02-07,sideways,2423.75,58.32
ETHUSDT,2024-02-08,sideways,2419.91,57.89
ETHUSDT,2024-02-09,sideways,2487.52,63.08
ETHUSDT,2024-02-10,sideways,2501.23,64.05
ETHUSDT,2024-02-11,sideways,2507.57,64.51
ETHUSDT,2024-02-12,sideways,2658.12,73.31
ETHUSDT,2024-02-13,bull,2642.19,71.3
ETHUSDT,2024-02-14,bull,2777.9,77.07
ETHUSDT,2024-02-15,bull,2824.38,78.66
ETHUSDT,2024-02-16,bull,2803.69,76.14
ETHUSDT,2024-02-17,bull,2786.67,74.03
ETHUSDT,2024-02-18,bull,2879.0,77.64
ETHUSDT,2024-02-19,bull,2943.57,79.76
ETHUSDT,2024-02-20,bull,3013.5,81.77
ETHUSDT,2024-02-21,bull,2970.36,76.7
ETHUSDT,2024-02-22,bull,2971.01,76.73
ETHUSDT,2024-02-23,bull,2921.66,70.9
ETHUSDT,2024-02-24,bull,2992.39,73.95
ETHUSDT,2024-02-25,bull,3112.7,78.15
ETHUSDT,2024-02-26,bull,3178.99,80.06
ETHUSDT,2024-02-27,bull,3244.52,81.75
ETHUSDT,2024-02-28,bull,3385.7,84.76
ETHUSDT,2024-02-29,bull,3341.92,80.34
ETHUSDT,2024-03-01,bull,3435.05,82.44
ETHUSDT,2024-03-02,bull,3422.05,81.14
ETHUSDT,2024-03-03,bull,3490.99,82.7
ETHUSDT,2024-03-04,bull,3630.43,85.34
ETHUSDT,2024-03-05,bull,3554.96,78.36
ETHUSDT,2024-03-06,bull,3819.23,83.46
ETHUSDT,2024-03-07,bull,3874.35,84.29
ETHUSDT,2024-03-08,bull,3892.06,84.56
ETHUSDT,2024-03-09,bull,3915.42,84.93
ETHUSDT,2024-03-10,bull,3881.19,81.87
ETHUSDT,2024-03-11,bull,4066.45,85.01
ETHUSDT,2024-03-12,bull,3980.27,78.21
ETHUSDT,2024-03-13,bull,4006.46,78.77
ETHUSDT,2024-03-14,bull,3883.14,69.74
ETHUSDT,2024-03-15,bull,3735.22,60.75
ETHUSDT,2024-03-16,bull,3522.86,50.65
ETHUSDT,2024-03-17,bull,3642.41,55.17
ETHUSDT,2024-03-18,bull,3517.99,50.03
ETHUSDT,2024-03-19,bull,3157.62,38.78
ETHUSDT,2024-03-20,bull,3513.39,50.59
ETHUSDT,2024-03-21,bull,3492.99,50.0
ETHUSDT,2024-03-22,bull,3333.69,45.49
ETHUSDT,2024-03-23,bull,3336.59,45.59
ETHUSDT,2024-03-24,bull,3454.64,49.49
ETHUSDT,2024-03-25,bull,3590.88,53.63
ETHUSDT,2024-03-26,bull,3587.5,53.51
ETHUSDT,2024-03-27,bull,3500.12,50.45
ETHUSDT,2024-03-28,bull,3561.29,52.5
ETHUSDT,2024-03-29,sideways,3511.81,50.67
ETHUSDT,2024-03-30,sideways,3507.94,50.52
ETHUSDT,2024-03-31,bull,3647.86,55.58
ETHUSDT,2024-04-01,sideways,3505.03,49.97
ETHUSDT,2024-04-02,sideways,3277.23,42.58
ETHUSDT,2024-04-03,sideways,3311.44,43.92
ETHUSDT,2024-04-04,sideways,3330.04,44.68
ETHUSDT,2024-04-05,sideways,3318.89,44.29
ETHUSDT,2024-04-06,sideways,3354.18,45.88
ETHUSDT,2024-04-07,sideways,3453.49,50.2
ETHUSDT,2024-04-08,sideways,3695.29,58.81
ETHUSDT,2024-04-09,sideways,3505.16,51.3
ETHUSDT,2024-04-10,sideways,3543.74,52.62
ETHUSDT,2024-04-11,sideways,3505.25,51.13
ETHUSDT,2024-04-12,sideways,3243.03,42.33
ETHUSDT,2024-04-13,sideways,3004.9,36.23
ETHUSDT,2024-04-14,sideways,3156.94,41.98
ETHUSDT,2024-04-15,sideways,3101.6,40.54
ETHUSDT,2024-04-16,sideways,3084.92,40.1
ETHUSDT,2024-04-17,sideways,2984.73,37.45
ETHUSDT,2024-04-18,sideways,3066.03,40.87
ETHUSDT,2024-04-19,sideways,3059.28,40.67
ETHUSDT,2024-04-20,sideways,3157.63,44.87
ETHUSDT,2024-04-21,sideways,3147.29,44.52
ETHUSDT,2024-04-22,sideways,3201.65,46.91
ETHUSDT,2024-04-23,sideways,3219.91,47.73
ETHUSDT,2024-04-24,sideways,3139.81,44.5
ETHUSDT,2024-04-25,sideways,3156.51,45.33
ETHUSDT,2024-04-26,sideways,3130.16,44.2
ETHUSDT,2024-04-27,sideways,3252.17,50.35
ETHUSDT,2024-04-28,sideways,3262.77,50.85
ETHUSDT,2024-04-29,sideways,3215.43,48.48
ETHUSDT,2024-04-30,sideways,3012.29,39.86
ETHUSDT,2024-05-01,sideways,2969.78,38.33
ETHUSDT,2024-05-02,sideways,2988.17,39.42
ETHUSDT,2024-05-03,sideways,3103.54,45.86
ETHUSDT,2024-05-04,sideways,3117.58,46.6
ETHUSDT,2024-05-05,sideways,3137.25,47.69
ETHUSDT,2024-05-06,sideways,3062.73,44.04
ETHUSDT,2024-05-07,sideways,3006.58,41.46
ETHUSDT,2024-05-08,sideways,2973.66,39.99
ETHUSDT,2024-05-09,sideways,3036.02,44.05
ETHUSDT,2024-05-10,sideways,2909.79,38.38
ETHUSDT,2024-05-11,sideways,2911.6,38.51
ETHUSDT,2024-05-12,sideways,2928.7,39.72
ETHUSDT,2024-05-13,sideways,2949.36,41.23
ETHUSDT,2024-05-14,sideways,2881.16,37.86
ETHUSDT,2024-05-15,sideways,3037.06,48.28
ETHUSDT,2024-05-16,sideways,2945.13,43.63
ETHUSDT,2024-05-17,sideways,3094.12,51.74
ETHUSDT,2024-05-18,sideways,3122.95,53.15
ETHUSDT,2024-05-19,sideways,3071.84,50.35
ETHUSDT,2024-05-20,bull,3663.86,70.03
ETHUSDT,2024-05-21,bull,3789.31,72.52
ETHUSDT,2024-05-22,bull,3737.22,69.92
ETHUSDT,2024-05-23,bull,3776.93,70.78
ETHUSDT,2024-05-24,bull,3726.93,68.14
ETHUSDT,2024-05-25,bull,3749.24,68.7
ETHUSDT,2024-05-26,bull,3825.9,70.62
ETHUSDT,2024-05-27,bull,3892.01,72.19
ETHUSDT,2024-05-28,bull,3840.26,69.07
ETHUSDT,2024-05-29,bull,3763.2,64.58
ETHUSDT,2024-05-30,bull,3746.85,63.64
ETHUSDT,2024-05-31,bull,3760.03,64.1
ETHUSDT,2024-06-01,bull,3813.2,65.95
ETHUSDT,2024-06-02,bull,3780.9,63.79
ETHUSDT,2024-06-03,bull,3766.39,62.8
ETHUSDT,2024-06-04,bull,3812.52,64.68
ETHUSDT,2024-06-05,bull,3864.26,66.72
ETHUSDT,2024-06-06,bull,3811.61,62.76
ETHUSDT,2024-06-07,bull,3678.63,54.03
ETHUSDT,2024-06-08,bull,3680.95,54.15
ETHUSDT,2024-06-09,bull,3705.9,55.5
ETHUSDT,2024-06-10,bull,3666.72,52.88
ETHUSDT,2024-06-11,bull,3498.33,43.4
ETHUSDT,2024-06-12,bull,3559.62,47.11
ETHUSDT,2024-06-13,bull,3469.28,42.67
ETHUSDT,2024-06-14,bull,3480.27,43.37
ETHUSDT,2024-06-15,bull,3565.55,48.61
ETHUSDT,2024-06-16,bull,3620.56,51.72
ETHUSDT,2024-06-17,bull,3511.38,45.8
ETHUSDT,2024-06-18,bull,3483.68,44.41
ETHUSDT,2024-06-19,sideways,3559.35,48.96
ETHUSDT,2024-06-20,sideways,3511.09,46.36
ETHUSDT,2024-06-21,sideways,3516.08,46.67
ETHUSDT,2024-06-22,sideways,3494.81,45.44
ETHUSDT,2024-06-23,sideways,3418.61,41.25
ETHUSDT,2024-06-24,sideways,3350.26,37.88
ETHUSDT,2024-06-25,sideways,3395.03,41.27
ETHUSDT,2024-06-26,sideways,3369.48,39.93
ETHUSDT,2024-06-27,sideways,3444.8,45.54
ETHUSDT,2024-06-28,sideways,3373.64,41.59
ETHUSDT,2024-06-29,sideways,3372.97,41.55
ETHUSDT,2024-06-30,sideways,3432.89,46.11
ETHUSDT,2024-07-01,sideways,3440.34,46.67
ETHUSDT,2024-07-02,sideways,3416.35,45.05
ETHUSDT,2024-07-03,sideways,3292.92,37.8
ETHUSDT,2024-07-04,bear,3054.52,28.32
ETHUSDT,2024-07-05,bear,2981.6,26.16
ETHUSDT,2024-07-06,bear,3069.38,32.81
ETHUSDT,2024-07-07,bear,2929.39,28.41
ETHUSDT,2024-07-08,bear,3018.73,34.45
ETHUSDT,2024-07-09,bear,3064.03,37.33
ETHUSDT,2024-07-10,bear,3102.22,39.74
ETHUSDT,2024-07-11,bear,3100.33,39.66
ETHUSDT,2024-07-12,sideways,3134.16,41.94
ETHUSDT,2024-07-13,sideways,3177.2,44.81
ETHUSDT,2024-07-14,sideways,3244.08,49.02
ETHUSDT,2024-07-15,sideways,3489.55,60.83
ETHUSDT,2024-07-16,sideways,3443.51,58.11
ETHUSDT,2024-07-17,sideways,3388.75,54.96
ETHUSDT,2024-07-18,sideways,3426.26,56.69
ETHUSDT,2024-07-19,sideways,3505.73,60.18
ETHUSDT,2024-07-20,sideways,3519.3,60.76
ETHUSDT,2024-07-21,sideways,3536.61,61.54
ETHUSDT,2024-07-22,sideways,3440.42,55.06
ETHUSDT,2024-07-23,sideways,3482.0,57.16
ETHUSDT,2024-07-24,sideways,3336.34,48.59
ETHUSDT,2024-07-25,bear,3174.43,41.2
ETHUSDT,2024-07-26,sideways,3275.95,46.68
ETHUSDT,2024-07-27,sideways,3247.61,45.41
ETHUSDT,2024-07-28,sideways,3271.46,46.72
ETHUSDT,2024-07-29,sideways,3320.54,49.42
ETHUSDT,2024-07-30,sideways,3278.67,47.22
ETHUSDT,2024-07-31,sideways,3231.3,44.79
ETHUSDT,2024-08-01,bear,3201.56,43.29
ETHUSDT,2024-08-02,bear,2986.01,34.29
ETHUSDT,2024-08-03,sideways,2903.39,31.59
ETHUSDT,2024-08-04,bear,2686.4,25.82
ETHUSDT,2024-08-05,bear,2417.21,20.75
ETHUSDT,2024-08-06,bear,2458.72,23.25
ETHUSDT,2024-08-07,bear,2336.59,21.14
ETHUSDT,2024-08-08,bear,2683.35,38.29
ETHUSDT,2024-08-09,bear,2599.6,36.24
ETHUSDT,2024-08-10,bear,2610.02,36.69
ETHUSDT,2024-08-11,bear,2553.25,35.22
ETHUSDT,2024-08-12,bear,2724.43,42.68
ETHUSDT,2024-08-13,bear,2703.67,42.05
ETHUSDT,2024-08-14,bear,2662.91,40.77
ETHUSDT,2024-08-15,bear,2570.09,37.94
ETHUSDT,2024-08-16,bear,2593.19,39.08
ETHUSDT,2024-08-17,bear,2614.55,40.16
ETHUSDT,2024-08-18,bear,2613.36,40.12
ETHUSDT,2024-08-19,bear,2637.31,41.48
ETHUSDT,2024-08-20,bear,2573.11,38.93
ETHUSDT,2024-08-21,bear,2631.4,42.39
ETHUSDT,2024-08-22,bear,2622.95,42.02
ETHUSDT,2024-08-23,bear,2764.45,49.93
ETHUSDT,2024-08-24,bear,2769.39,50.19
ETHUSDT,2024-08-25,bear,2749.16,49.08
ETHUSDT,2024-08-26,bear,2681.34,45.47
ETHUSDT,2024-08-27,bear,2458.73,36.08
ETHUSDT,2024-08-28,bear,2528.42,40.24
ETHUSDT,2024-08-29,bear,2528.79,40.26
ETHUSDT,2024-08-30,bear,2525.82,40.13
ETHUSDT,2024-08-31,bear,2513.39,39.56
ETHUSDT,2024-09-01,bear,2427.9,35.78
ETHUSDT,2024-09-02,bear,2538.19,43.3
ETHUSDT,2024-09-03,bear,2420.6,38.17
ETHUSDT,2024-09-04,sideways,2448.98,40.02
ETHUSDT,2024-09-05,sideways,2367.74,36.64
ETHUSDT,2024-09-06,sideways,2223.88,31.57
ETHUSDT,2024-09-07,bear,2274.11,34.95
ETHUSDT,2024-09-08,bear,2297.29,36.52
ETHUSDT,2024-09-09,bear,2358.48,40.58
ETHUSDT,2024-09-10,bear,2389.58,42.58
ETHUSDT,2024-09-11,bear,2339.84,40.24
ETHUSDT,2024-09-12,bear,2361.78,41.76
ETHUSDT,2024-09-13,bear,2441.61,47.05
ETHUSDT,2024-09-14,bear,2418.6,45.76
ETHUSDT,2024-09-15,bear,2320.9,40.66
ETHUSDT,2024-09-16,bear,2295.28,39.43
ETHUSDT,2024-09-17,bear,2341.71,42.83
ETHUSDT,2024-09-18,bear,2369.73,44.84
ETHUSDT,2024-09-19,sideways,2464.75,51.12
ETHUSDT,2024-09-20,sideways,2561.07,56.53
ETHUSDT,2024-09-21,sideways,2615.86,59.29
ETHUSDT,2024-09-22,sideways,2582.86,56.94
ETHUSDT,2024-09-23,sideways,2648.55,60.31
ETHUSDT,2024-09-24,sideways,2654.35,60.6
ETHUSDT,2024-09-25,sideways,2579.39,54.96
ETHUSDT,2024-09-26,sideways,2632.2,57.93
ETHUSDT,2024-09-27,sideways,2695.9,61.25
ETHUSDT,2024-09-28,sideways,2677.54,59.79
ETHUSDT,2024-09-29,sideways,2659.35,58.3
ETHUSDT,2024-09-30,sideways,2603.06,53.84
ETHUSDT,2024-10-01,sideways,2448.92,43.92
ETHUSDT,2024-10-02,bear,2365.23,39.65
ETHUSDT,2024-10-03,sideways,2349.79,38.9
ETHUSDT,2024-10-04,sideways,2414.79,43.73
ETHUSDT,2024-10-05,sideways,2415.63,43.79
ETHUSDT,2024-10-06,sideways,2439.96,45.66
ETHUSDT,2024-10-07,sideways,2421.8,44.47
ETHUSDT,2024-10-08,sideways,2439.84,45.97
ETHUSDT,2024-10-09,sideways,2368.28,41.21
ETHUSDT,2024-10-10,sideways,2383.86,42.61
ETHUSDT,2024-10-11,sideways,2436.51,47.16
ETHUSDT,2024-10-12,sideways,2476.52,50.39
ETHUSDT,2024-10-13,sideways,2467.68,49.67
ETHUSDT,2024-10-14,sideways,2628.9,60.71
ETHUSDT,2024-10-15,sideways,2606.02,58.74
ETHUSDT,2024-10-16,sideways,2611.1,59.06
ETHUSDT,2024-10-17,sideways,2604.27,58.41
ETHUSDT,2024-10-18,sideways,2641.55,60.94
ETHUSDT,2024-10-19,sideways,2648.66,61.42
ETHUSDT,2024-10-20,sideways,2746.36,67.38
ETHUSDT,2024-10-21,sideways,2665.71,59.24
ETHUSDT,2024-10-22,sideways,2620.2,55.19
ETHUSDT,2024-10-23,sideways,2509.1,46.79
ETHUSDT,2024-10-24,sideways,2534.5,48.71
ETHUSDT,2024-10-25,bear,2435.93,42.32
ETHUSDT,2024-10-26,bear,2479.6,45.72
ETHUSDT,2024-10-27,sideways,2505.94,47.72
ETHUSDT,2024-10-28,sideways,2565.35,52.01
ETHUSDT,2024-10-29,sideways,2637.96,56.7
ETHUSDT,2024-10-30,sideways,2657.37,57.88
ETHUSDT,2024-10-31,sideways,2515.8,47.65
ETHUSDT,2024-11-01,sideways,2511.89,47.4
ETHUSDT,2024-11-02,sideways,2491.07,46.02
ETHUSDT,2024-11-03,sideways,2456.43,43.74
ETHUSDT,2024-11-04,sideways,2397.03,40.07
ETHUSDT,2024-11-05,sideways,2422.65,42.32
ETHUSDT,2024-11-06,sideways,2724.17,60.9
ETHUSDT,2024-11-07,sideways,2895.59,67.34
ETHUSDT,2024-11-08,bull,2962.3,69.45
ETHUSDT,2024-11-09,bull,3131.14,74.03
ETHUSDT,2024-11-10,bull,3191.33,75.44
ETHUSDT,2024-11-11,bull,3374.81,79.16
ETHUSDT,2024-11-12,bull,3246.26,71.04
ETHUSDT,2024-11-13,bull,3192.6,67.91
ETHUSDT,2024-11-14,bull,3058.95,60.73
ETHUSDT,2024-11-15,bull,3103.04,62.15
ETHUSDT,2024-11-16,bull,3133.27,63.14
ETHUSDT,2024-11-17,bull,3075.66,59.94
ETHUSDT,2024-11-18,bull,3207.86,64.4
ETHUSDT,2024-11-19,bull,3111.38,59.22
ETHUSDT,2024-11-20,bull,3072.19,57.2
ETHUSDT,2024-11-21,bull,3361.05,66.3
ETHUSDT,2024-11-22,bull,3331.6,64.79
ETHUSDT,2024-11-23,bull,3396.22,66.59
ETHUSDT,2024-11-24,bull,3363.66,64.79
ETHUSDT,2024-11-25,bull,3413.54,66.29
ETHUSDT,2024-11-26,bull,3326.52,61.37
ETHUSDT,2024-11-27,bull,3657.25,70.37
ETHUSDT,2024-11-28,bull,3579.81,66.47
ETHUSDT,2024-11-29,bull,3593.49,66.82
ETHUSDT,2024-11-30,bull,3705.71,69.62
ETHUSDT,2024-12-01,bull,3711.17,69.75
ETHUSDT,2024-12-02,bull,3644.2,65.92
ETHUSDT,2024-12-03,bull,3620.71,64.58
ETHUSDT,2024-12-04,bull,3841.33,70.62
ETHUSDT,2024-12-05,bull,3811.01,68.88
ETHUSDT,2024-12-06,bull,4005.81,73.41
ETHUSDT,2024-12-07,bull,4002.69,73.23
ETHUSDT,2024-12-08,bull,4005.7,73.3
ETHUSDT,2024-12-09,bull,3718.69,57.87
ETHUSDT,2024-12-10,bull,3631.83,54.15
ETHUSDT,2024-12-11,bull,3832.82,60.48
ETHUSDT,2024-12-12,bull,3883.1,61.89
ETHUSDT,2024-12-13,bull,3911.21,62.7
ETHUSDT,2024-12-14,bull,3868.41,60.6
ETHUSDT,2024-12-15,bull,3951.94,63.19
ETHUSDT,2024-12-16,bull,3987.48,64.26
ETHUSDT,2024-12-17,bull,3886.77,59.0
ETHUSDT,2024-12-18,bull,3618.79,47.79
ETHUSDT,2024-12-19,bull,3417.93,41.43
ETHUSDT,2024-12-20,bull,3472.55,43.63
ETHUSDT,2024-12-21,sideways,3337.22,39.66
ETHUSDT,2024-12-22,sideways,3277.54,38.02
ETHUSDT,2024-12-23,sideways,3415.79,43.82
ETHUSDT,2024-12-24,sideways,3492.05,46.78
ETHUSDT,2024-12-25,sideways,3493.24,46.83
ETHUSDT,2024-12-26,sideways,3331.23,41.45
ETHUSDT,2024-12-27,sideways,3328.92,41.38
ETHUSDT,2024-12-28,sideways,3397.9,44.52
ETHUSDT,2024-12-29,sideways,3349.51,42.79
ETHUSDT,2024-12-30,sideways,3356.39,43.12
ETHUSDT,2024-12-31,sideways,3332.53,42.19
ETHUSDT,2025-01-01,sideways,3353.5,43.35
ETHUSDT,2025-01-02,sideways,3451.39,48.54
ETHUSDT,2025-01-03,sideways,3605.01,55.44
ETHUSDT,2025-01-04,sideways,3657.71,57.54
ETHUSDT,2025-01-05,sideways,3634.1,56.26
ETHUSDT,2025-01-06,sideways,3688.61,58.56
ETHUSDT,2025-01-07,sideways,3381.58,44.42
ETHUSDT,2025-01-08,sideways,3326.33,42.44
ETHUSDT,2025-01-09,sideways,3219.43,38.82
ETHUSDT,2025-01-10,sideways,3267.49,41.25
ETHUSDT,2025-01-11,sideways,3282.22,42.0
ETHUSDT,2025-01-12,sideways,3265.95,41.37
ETHUSDT,2025-01-13,sideways,3135.5,36.59
ETHUSDT,2025-01-14,sideways,3223.68,41.51
ETHUSDT,2025-01-15,sideways,3450.54,51.85
ETHUSDT,2025-01-16,sideways,3308.35,46.32
ETHUSDT,2025-01-17,sideways,3474.11,52.66
ETHUSDT,2025-01-18,sideways,3305.79,46.64
ETHUSDT,2025-01-19,sideways,3208.96,43.55
ETHUSDT,2025-01-20,sideways,3278.04,46.28
ETHUSDT,2025-01-21,sideways,3327.41,48.21
ETHUSDT,2025-01-22,sideways,3240.22,45.13
ETHUSDT,2025-01-23,sideways,3334.71,48.94
ETHUSDT,2025-01-24,sideways,3309.55,47.98
ETHUSDT,2025-01-25,sideways,3317.27,48.32
ETHUSDT,2025-01-26,sideways,3236.13,45.05
ETHUSDT,2025-01-27,sideways,3178.92,42.85
ETHUSDT,2025-01-28,sideways,3077.11,39.18
ETHUSDT,2025-01-29,sideways,3113.0,41.1
ETHUSDT,2025-01-30,sideways,3247.78,47.75
ETHUSDT,2025-01-31,sideways,3298.27,50.02
ETHUSDT,2025-02-01,sideways,3118.33,42.86
ETHUSDT,2025-02-02,bear,2868.69,35.3
ETHUSDT,2025-02-03,bear,2884.57,36.07
ETHUSDT,2025-02-04,bear,2735.05,32.18
ETHUSDT,2025-02-05,bear,2787.78,34.85
ETHUSDT,2025-02-06,bear,2688.4,32.27
ETHUSDT,2025-02-07,bear,2622.21,30.65
ETHUSDT,2025-02-08,bear,2632.31,31.22
ETHUSDT,2025-02-09,bear,2628.72,31.12
ETHUSDT,2025-02-10,bear,2661.17,33.16
ETHUSDT,2025-02-11,bear,2602.78,31.36
ETHUSDT,2025-02-12,bear,2736.9,39.48
ETHUSDT,2025-02-13,bear,2675.9,37.32
ETHUSDT,2025-02-14,bear,2726.09,40.22
ETHUSDT,2025-02-15,bear,2693.56,38.96
ETHUSDT,2025-02-16,bear,2663.32,37.78
ETHUSDT,2025-02-17,bear,2743.2,42.73
ETHUSDT,2025-02-18,bear,2669.34,39.59
ETHUSDT,2025-02-19,bear,2715.77,42.45
ETHUSDT,2025-02-20,bear,2740.39,43.97
ETHUSDT,2025-02-21,bear,2659.66,40.23
ETHUSDT,2025-02-22,bear,2764.03,46.56
ETHUSDT,2025-02-23,bear,2821.31,49.7
ETHUSDT,2025-02-24,bear,2513.82,37.08
ETHUSDT,2025-02-25,bear,2493.59,36.42
ETHUSDT,2025-02-26,bear,2331.45,31.6
ETHUSDT,2025-02-27,bear,2305.48,30.9
ETHUSDT,2025-02-28,bear,2237.91,29.08
ETHUSDT,2025-03-01,bear,2216.64,28.51
ETHUSDT,2025-03-02,bear,2519.69,45.02
ETHUSDT,2025-03-03,bear,2145.57,34.44
ETHUSDT,2025-03-04,bear,2170.02,35.51
ETHUSDT,2025-03-05,bear,2241.98,38.67
ETHUSDT,2025-03-06,bear,2202.48,37.58
ETHUSDT,2025-03-07,bear,2138.99,35.83
ETHUSDT,2025-03-08,bear,2201.51,38.85
ETHUSDT,2025-03-09,bear,2015.51,33.77
ETHUSDT,2025-03-10,bear,1861.15,30.23
ETHUSDT,2025-03-11,bear,1919.84,33.1
ETHUSDT,2025-03-12,bear,1908.98,32.83
ETHUSDT,2025-03-13,bear,1862.97,31.66
ETHUSDT,2025-03-14,bear,1909.47,34.22
ETHUSDT,2025-03-15,bear,1937.39,35.77
ETHUSDT,2025-03-16,bear,1887.44,34.21
ETHUSDT,2025-03-17,bear,1927.0,36.57
ETHUSDT,2025-03-18,bear,1932.54,36.91
ETHUSDT,2025-03-19,bear,2057.75,44.21
ETHUSDT,2025-03-20,bear,1982.1,41.11
ETHUSDT,2025-03-21,bear,1964.85,40.42
ETHUSDT,2025-03-22,bear,1980.04,41.36
ETHUSDT,2025-03-23,bear,2005.3,42.97
ETHUSDT,2025-03-24,bear,2077.48,47.41
ETHUSDT,2025-03-25,bear,2067.76,46.88
ETHUSDT,2025-03-26,bear,2009.19,43.71
ETHUSDT,2025-03-27,bear,2002.36,43.35
ETHUSDT,2025-03-28,bear,1895.5,37.96
ETHUSDT,2025-03-29,bear,1827.32,34.97
ETHUSDT,2025-03-30,bear,1806.22,34.08
ETHUSDT,2025-03-31,bear,1823.48,35.53
ETHUSDT,2025-04-01,bear,1905.49,42.06
ETHUSDT,2025-04-02,bear,1795.31,36.68
ETHUSDT,2025-04-03,bear,1815.64,38.25
ETHUSDT,2025-04-04,bear,1815.34,38.24
ETHUSDT,2025-04-05,bear,1805.97,37.74
ETHUSDT,2025-04-06,bear,1576.73,28.08
ETHUSDT,2025-04-07,bear,1555.24,27.37
ETHUSDT,2025-04-08,bear,1472.55,24.79
ETHUSDT,2025-04-09,bear,1668.04,39.37
ETHUSDT,2025-04-10,bear,1522.52,34.08
ETHUSDT,2025-04-11,bear,1567.15,36.88
ETHUSDT,2025-04-12,bear,1643.53,41.47
ETHUSDT,2025-04-13,bear,1596.69,39.57
ETHUSDT,2025-04-14,bear,1622.77,41.19
ETHUSDT,2025-04-15,bear,1588.63,39.69
ETHUSDT,2025-04-16,bear,1578.11,39.22
ETHUSDT,2025-04-17,bear,1582.55,39.54
ETHUSDT,2025-04-18,bear,1588.92,40.04
ETHUSDT,2025-04-19,bear,1612.92,41.99
ETHUSDT,2025-04-20,bear,1587.51,40.49
ETHUSDT,2025-04-21,bear,1579.73,40.02
ETHUSDT,2025-04-22,bear,1757.33,53.34
ETHUSDT,2025-04-23,bear,1796.1,55.65
ETHUSDT,2025-04-24,bear,1769.83,53.71
ETHUSDT,2025-04-25,bear,1786.63,54.8
ETHUSDT,2025-04-26,sideways,1821.88,57.07
ETHUSDT,2025-04-27,bear,1792.86,54.63
ETHUSDT,2025-04-28,sideways,1798.85,55.06
ETHUSDT,2025-04-29,sideways,1799.18,55.08
ETHUSDT,2025-04-30,sideways,1793.78,54.55
ETHUSDT,2025-05-01,sideways,1839.22,58.24
ETHUSDT,2025-05-02,sideways,1842.71,58.52
ETHUSDT,2025-05-03,sideways,1833.84,57.47
ETHUSDT,2025-05-04,sideways,1808.59,54.47
ETHUSDT,2025-05-05,sideways,1819.7,55.57
ETHUSDT,2025-05-06,sideways,1815.09,54.98
ETHUSDT,2025-05-07,sideways,1811.61,54.51
ETHUSDT,2025-05-08,sideways,2206.51,77.8
ETHUSDT,2025-05-09,sideways,2345.51,81.41
ETHUSDT,2025-05-10,sideways,2582.42,85.68
ETHUSDT,2025-05-11,sideways,2510.24,79.67
ETHUSDT,2025-05-12,sideways,2496.4,78.53
ETHUSDT,2025-05-13,sideways,2680.13,82.17
ETHUSDT,2025-05-14,sideways,2610.06,76.83
ETHUSDT,2025-05-15,sideways,2546.86,72.26
ETHUSDT,2025-05-16,sideways,2536.3,71.49
ETHUSDT,2025-05-17,sideways,2475.75,67.11
ETHUSDT,2025-05-18,sideways,2498.23,67.9
ETHUSDT,2025-05-19,sideways,2529.17,69.0
ETHUSDT,2025-05-20,sideways,2524.17,68.59
ETHUSDT,2025-05-21,sideways,2552.35,69.68
ETHUSDT,2025-05-22,sideways,2664.16,73.6
ETHUSDT,2025-05-23,sideways,2526.44,62.83
ETHUSDT,2025-05-24,sideways,2530.65,63.01
ETHUSDT,2025-05-25,sideways,2551.76,63.94
ETHUSDT,2025-05-26,sideways,2564.14,64.5
ETHUSDT,2025-05-27,sideways,2663.07,68.73
ETHUSDT,2025-05-28,sideways,2682.21,69.48
ETHUSDT,2025-05-29,sideways,2632.65,65.09
ETHUSDT,2025-05-30,sideways,2529.94,57.05
ETHUSDT,2025-05-31,sideways,2529.09,56.99
ETHUSDT,2025-06-01,sideways,2536.27,57.41
ETHUSDT,2025-06-02,sideways,2607.1,61.47
ETHUSDT,2025-06-03,sideways,2593.28,60.26
ETHUSDT,2025-06-04,sideways,2608.64,61.17
ETHUSDT,2025-06-05,sideways,2416.29,46.72
ETHUSDT,2025-06-06,sideways,2477.19,50.69
ETHUSDT,2025-06-07,sideways,2526.51,53.7
ETHUSDT,2025-06-08,sideways,2510.79,52.6
ETHUSDT,2025-06-09,sideways,2681.52,61.78
ETHUSDT,2025-06-10,bull,2813.52,67.08
ETHUSDT,2025-06-11,bull,2773.53,64.18
ETHUSDT,2025-06-12,sideways,2651.8,56.19
ETHUSDT,2025-06-13,sideways,2579.49,52.05
ETHUSDT,2025-06-14,sideways,2533.44,49.55
ETHUSDT,2025-06-15,sideways,2546.84,50.3
ETHUSDT,2025-06-16,sideways,2540.6,49.93
ETHUSDT,2025-06-17,sideways,2510.76,48.09
ETHUSDT,2025-06-18,sideways,2524.3,49.01
ETHUSDT,2025-06-19,sideways,2521.65,48.83
ETHUSDT,2025-06-20,bear,2407.3,41.67
ETHUSDT,2025-06-21,bear,2300.5,36.31
ETHUSDT,2025-06-22,bear,2228.21,33.2
ETHUSDT,2025-06-23,sideways,2421.82,46.44
ETHUSDT,2025-06-24,sideways,2448.01,47.94
ETHUSDT,2025-06-25,bear,2419.31,46.4
ETHUSDT,2025-06-26,bear,2416.15,46.23
ETHUSDT,2025-06-27,bear,2423.87,46.76
ETHUSDT,2025-06-28,bear,2437.11,47.71
ETHUSDT,2025-06-29,sideways,2500.96,52.15
ETHUSDT,2025-06-30,sideways,2486.46,51.09
ETHUSDT,2025-07-01,bear,2405.79,45.54
ETHUSDT,2025-07-02,sideways,2571.34,56.09
ETHUSDT,2025-07-03,sideways,2591.01,57.15
ETHUSDT,2025-07-04,sideways,2508.52,51.52
ETHUSDT,2025-07-05,sideways,2517.28,52.06
ETHUSDT,2025-07-06,sideways,2571.24,55.36
ETHUSDT,2025-07-07,sideways,2543.01,53.29
ETHUSDT,2025-07-08,sideways,2615.51,57.66
ETHUSDT,2025-07-09,sideways,2770.78,65.18
ETHUSDT,2025-07-10,bull,2954.85,71.61
ETHUSDT,2025-07-11,bull,2957.89,71.7
ETHUSDT,2025-07-12,bull,2942.91,70.48
ETHUSDT,2025-07-13,bull,2973.36,71.54
ETHUSDT,2025-07-14,bull,3013.35,72.92
ETHUSDT,2025-07-15,bull,3139.89,76.77
ETHUSDT,2025-07-16,bull,3371.51,81.84
ETHUSDT,2025-07-17,bull,3476.78,83.6
ETHUSDT,2025-07-18,bull,3549.02,84.69
ETHUSDT,2025-07-19,bull,3595.27,85.36
ETHUSDT,2025-07-20,bull,3759.47,87.47
ETHUSDT,2025-07-21,bull,3763.37,87.51
ETHUSDT,2025-07-22,bull,3749.15,86.27
ETHUSDT,2025-07-23,bull,3629.7,76.46
ETHUSDT,2025-07-24,bull,3708.01,78.21
ETHUSDT,2025-07-25,bull,3727.27,78.63
ETHUSDT,2025-07-26,bull,3741.4,78.95
ETHUSDT,2025-07-27,bull,3875.25,81.75
ETHUSDT,2025-07-28,bull,3787.43,74.73
ETHUSDT,2025-07-29,bull,3793.45,74.89
ETHUSDT,2025-07-30,bull,3808.2,75.3
ETHUSDT,2025-07-31,bull,3696.71,66.46
ETHUSDT,2025-08-01,bull,3488.37,53.75
ETHUSDT,2025-08-02,bull,3392.74,49.11
ETHUSDT,2025-08-03,bull,3497.38,53.81
ETHUSDT,2025-08-04,bull,3718.99,61.85
ETHUSDT,2025-08-05,bull,3611.9,56.71
ETHUSDT,2025-08-06,bull,3683.92,59.17
ETHUSDT,2025-08-07,bull,3914.33,65.84
ETHUSDT,2025-08-08,bull,4009.85,68.17
ETHUSDT,2025-08-09,bull,4263.6,73.35
ETHUSDT,2025-08-10,bull,4254.22,72.88
ETHUSDT,2025-08-11,bull,4226.97,71.44
ETHUSDT,2025-08-12,bull,4590.92,77.76
ETHUSDT,2025-08-13,bull,4756.28,79.93
ETHUSDT,2025-08-14,bull,4548.17,70.59
ETHUSDT,2025-08-15,bull,4439.99,66.25
ETHUSDT,2025-08-16,bull,4426.18,65.69
ETHUSDT,2025-08-17,bull,4473.27,66.72
ETHUSDT,2025-08-18,bull,4312.5,60.12
ETHUSDT,2025-08-19,bull,4073.46,51.91
ETHUSDT,2025-08-20,bull,4334.5,58.56
ETHUSDT,2025-08-21,bull,4223.21,55.06
ETHUSDT,2025-08-22,bull,4831.35,66.76
ETHUSDT,2025-08-23,bull,4776.09,65.1
ETHUSDT,2025-08-24,bull,4779.65,65.16
ETHUSDT,2025-08-25,bull,4372.99,53.78
ETHUSDT,2025-08-26,bull,4600.43,58.18
ETHUSDT,2025-08-27,bull,4503.39,55.74
ETHUSDT,2025-08-28,bull,4507.18,55.82
ETHUSDT,2025-08-29,bull,4360.15,52.0
ETHUSDT,2025-08-30,bull,4374.15,52.33
ETHUSDT,2025-08-31,bull,4390.02,52.74
ETHUSDT,2025-09-01,bull,4314.47,50.55
ETHUSDT,2025-09-02,bull,4325.37,50.86
ETHUSDT,2025-09-03,bull,4450.39,54.47
ETHUSDT,2025-09-04,bull,4298.74,49.71
ETHUSDT,2025-09-05,bull,4306.99,49.96
ETHUSDT,2025-09-06,bull,4274.24,48.9
ETHUSDT,2025-09-07,bull,4305.35,49.99
ETHUSDT,2025-09-08,sideways,4308.07,50.09
ETHUSDT,2025-09-09,sideways,4309.04,50.13
ETHUSDT,2025-09-10,sideways,4349.15,51.78
ETHUSDT,2025-09-11,sideways,4461.23,56.15
ETHUSDT,2025-09-12,sideways,4715.25,64.09
ETHUSDT,2025-09-13,sideways,4668.18,61.86
ETHUSDT,2025-09-14,sideways,4609.6,59.09
ETHUSDT,2025-09-15,sideways,4526.82,55.33
ETHUSDT,2025-09-16,sideways,4503.56,54.29
ETHUSDT,2025-09-17,bull,4592.73,57.6
ETHUSDT,2025-09-18,bull,4589.92,57.45
ETHUSDT,2025-09-19,sideways,4470.92,51.68
ETHUSDT,2025-09-20,bull,4482.27,52.17
ETHUSDT,2025-09-21,sideways,4451.33,50.65
ETHUSDT,2025-09-22,sideways,4202.88,40.46
ETHUSDT,2025-09-23,sideways,4165.5,39.19
ETHUSDT,2025-09-24,sideways,4153.47,38.76
ETHUSDT,2025-09-25,sideways,3868.33,30.37
ETHUSDT,2025-09-26,sideways,4035.89,38.76
ETHUSDT,2025-09-27,sideways,4018.66,38.25
ETHUSDT,2025-09-28,sideways,4141.48,43.92
ETHUSDT,2025-09-29,sideways,4217.34,47.15
ETHUSDT,2025-09-30,sideways,4145.96,44.55
ETHUSDT,2025-10-01,sideways,4351.11,52.63
ETHUSDT,2025-10-02,sideways,4487.92,57.11
ETHUSDT,2025-10-03,sideways,4514.87,57.96
ETHUSDT,2025-10-04,sideways,4489.2,56.81
ETHUSDT,2025-10-05,sideways,4515.42,57.73
ETHUSDT,2025-10-06,bull,4687.77,63.27
ETHUSDT,2025-10-07,sideways,4451.15,53.0
ETHUSDT,2025-10-08,bull,4527.65,55.51
ETHUSDT,2025-10-09,sideways,4369.14,49.59
ETHUSDT,2025-10-10,sideways,3843.01,35.9
ETHUSDT,2025-10-11,sideways,3750.61,34.12
ETHUSDT,2025-10-12,sideways,4164.43,46.84
ETHUSDT,2025-10-13,sideways,4245.47,48.92
ETHUSDT,2025-10-14,sideways,4125.41,46.05
ETHUSDT,2025-10-15,sideways,3987.46,42.93
ETHUSDT,2025-10-16,sideways,3894.75,40.92
ETHUSDT,2025-10-17,sideways,3832.56,39.58
ETHUSDT,2025-10-18,sideways,3890.35,41.49
ETHUSDT,2025-10-19,sideways,3984.65,44.58
ETHUSDT,2025-10-20,sideways,3980.76,44.47
ETHUSDT,2025-10-21,sideways,3876.76,41.67
ETHUSDT,2025-10-22,sideways,3808.12,39.88
ETHUSDT,2025-10-23,sideways,3856.03,41.76
ETHUSDT,2025-10-24,sideways,3934.57,44.8
ETHUSDT,2025-10-25,sideways,3953.47,45.54
ETHUSDT,2025-10-26,sideways,4157.99,52.88
ETHUSDT,2025-10-27,sideways,4120.12,51.49
ETHUSDT,2025-10-28,sideways,3982.26,46.7
ETHUSDT,2025-10-29,sideways,3903.35,44.17
ETHUSDT,2025-10-30,sideways,3804.38,41.16
ETHUSDT,2025-10-31,sideways,3847.08,42.97
ETHUSDT,2025-11-01,sideways,3874.19,44.14
ETHUSDT,2025-11-02,sideways,3911.06,45.77
ETHUSDT,2025-11-03,sideways,3602.31,36.22
ETHUSDT,2025-11-04,bear,3292.57,29.55
ETHUSDT,2025-11-05,sideways,3425.17,35.06
ETHUSDT,2025-11-06,bear,3312.26,32.71
ETHUSDT,2025-11-07,sideways,3435.3,37.61
ETHUSDT,2025-11-08,bear,3400.38,36.8
ETHUSDT,2025-11-09,sideways,3582.62,43.69
ETHUSDT,2025-11-10,sideways,3568.46,43.29
ETHUSDT,2025-11-11,bear,3415.28,39.17
ETHUSDT,2025-11-12,bear,3413.09,39.11
ETHUSDT,2025-11-13,bear,3232.76,34.61
ETHUSDT,2025-11-14,bear,3103.79,31.8
ETHUSDT,2025-11-15,bear,3166.63,34.59
ETHUSDT,2025-11-16,bear,3092.85,32.89
ETHUSDT,2025-11-17,bear,3024.54,31.35
ETHUSDT,2025-11-18,bear,3122.98,36.0
ETHUSDT,2025-11-19,bear,3023.07,33.52
ETHUSDT,2025-11-20,bear,2831.78,29.35
ETHUSDT,2025-11-21,bear,2765.7,28.05
ETHUSDT,2025-11-22,bear,2767.61,28.15
ETHUSDT,2025-11-23,bear,2801.68,30.0
ETHUSDT,2025-11-24,bear,2952.71,37.65
ETHUSDT,2025-11-25,bear,2957.94,37.91
ETHUSDT,2025-11-26,bear,3027.81,41.34
ETHUSDT,2025-11-27,bear,3014.54,40.87
ETHUSDT,2025-11-28,bear,3032.3,41.81
ETHUSDT,2025-11-29,bear,2991.69,40.24
ETHUSDT,2025-11-30,bear,2992.11,40.27
ETHUSDT,2025-12-01,bear,2800.19,33.4
ETHUSDT,2025-12-02,bear,2997.94,44.0
ETHUSDT,2025-12-03,bear,3191.57,52.05
ETHUSDT,2025-12-04,sideways,3134.32,49.77
ETHUSDT,2025-12-05,bear,3024.43,45.64
ETHUSDT,2025-12-06,bear,3040.21,46.33
ETHUSDT,2025-12-07,bear,3061.3,47.29
ETHUSDT,2025-12-08,bear,3125.2,50.2
ETHUSDT,2025-12-09,bear,3321.11,57.88
ETHUSDT,2025-12-10,bear,3325.39,58.03
ETHUSDT,2025-12-11,bear,3237.06,53.71
ETHUSDT,2025-12-12,bear,3084.17,47.18
ETHUSDT,2025-12-13,sideways,3116.7,48.61
ETHUSDT,2025-12-14,sideways,3060.59,46.28
ETHUSDT,2025-12-15,bear,2964.18,42.5
ETHUSDT,2025-12-16,sideways,2964.18,42.5
ETHUSDT,2025-12-17,bear,2831.4,37.61
ETHUSDT,2025-12-18,bear,2827.07,37.45
ETHUSDT,2025-12-19,sideways,2977.97,45.67
ETHUSDT,2025-12-20,sideways,2977.58,45.66
ETHUSDT,2025-12-21,sideways,3001.61,46.94
ETHUSDT,2025-12-22,sideways,3006.07,47.19
ETHUSDT,2025-12-23,sideways,2963.37,45.01
ETHUSDT,2025-12-24,sideways,2945.59,44.09
ETHUSDT,2025-12-25,sideways,2903.58,41.92
ETHUSDT,2025-12-26,sideways,2925.75,43.5
ETHUSDT,2025-12-27,sideways,2948.0,45.12
ETHUSDT,2025-12-28,sideways,2948.57,45.16
ETHUSDT,2025-12-29,sideways,2934.54,44.23
ETHUSDT,2025-12-30,sideways,2971.42,47.29
ETHUSDT,2025-12-31,sideways,2967.04,46.96
ETHUSDT,2026-01-01,sideways,3000.39,49.82
ETHUSDT,2026-01-02,sideways,3124.42,58.73
ETHUSDT,2026-01-03,sideways,3125.92,58.83
ETHUSDT,2026-01-04,sideways,3140.71,59.81
ETHUSDT,2026-01-05,sideways,3226.13,65.02
ETHUSDT,2026-01-06,sideways,3295.95,68.6
ETHUSDT,2026-01-07,sideways,3166.84,56.99
ETHUSDT,2026-01-08,sideways,3104.38,52.37
ETHUSDT,2026-01-09,sideways,3083.05,50.85
ETHUSDT,2026-01-10,sideways,3082.4,50.8
ETHUSDT,2026-01-11,sideways,3118.89,53.47
ETHUSDT,2026-01-12,sideways,3092.33,51.29
ETHUSDT,2026-01-13,sideways,3322.1,64.71
ETHUSDT,2026-01-14,sideways,3354.72,66.13
ETHUSDT,2026-01-15,sideways,3317.1,62.97
ETHUSDT,2026-01-16,sideways,3295.48,61.16
ETHUSDT,2026-01-17,sideways,3308.86,61.89
ETHUSDT,2026-01-18,sideways,3281.16,59.4
ETHUSDT,2026-01-19,sideways,3186.62,51.76
ETHUSDT,2026-01-20,sideways,2935.61,37.83
ETHUSDT,2026-01-21,sideways,2978.9,40.79
ETHUSDT,2026-01-22,sideways,2949.63,39.42
ETHUSDT,2026-01-23,sideways,2953.26,39.69
ETHUSDT,2026-01-24,sideways,2948.74,39.46
ETHUSDT,2026-01-25,sideways,2815.9,33.22
ETHUSDT,2026-01-26,sideways,2926.46,41.51
ETHUSDT,2026-01-27,sideways,3022.21,47.58
ETHUSDT,2026-01-28,sideways,3006.61,46.73
ETHUSDT,2026-01-29,bear,2818.23,37.91
ETHUSDT,2026-01-30,bear,2702.38,33.7
ETHUSDT,2026-01-31,bear,2445.09,26.63
ETHUSDT,2026-02-01,bear,2267.96,23.04
ETHUSDT,2026-02-02,bear,2344.36,27.57
ETHUSDT,2026-02-03,bear,2227.56,25.13
ETHUSDT,2026-02-04,bear,2143.5,23.52
ETHUSDT,2026-02-05,bear,1821.68,18.61
ETHUSDT,2026-02-06,bear,2063.39,30.38
ETHUSDT,2026-02-07,bear,2090.55,31.57
ETHUSDT,2026-02-08,bear,2088.76,31.54
ETHUSDT,2026-02-09,bear,2103.57,32.27
ETHUSDT,2026-02-10,bear,2019.5,30.28
ETHUSDT,2026-02-11,bear,1940.62,28.51
ETHUSDT,2026-02-12,bear,1946.94,28.87
ETHUSDT,2026-02-13,bear,2048.53,34.57
ETHUSDT,2026-02-14,bear,2086.01,36.59
ETHUSDT,2026-02-15,bear,1966.04,33.07
ETHUSDT,2026-02-16,bear,1997.92,34.86
ETHUSDT,2026-02-17,bear,1992.19,34.68
ETHUSDT,2026-02-18,bear,1953.97,33.44
ETHUSDT,2026-02-19,bear,1948.2,33.25
ETHUSDT,2026-02-20,bear,1969.02,34.72
ETHUSDT,2026-02-21,bear,1973.74,35.06
ETHUSDT,2026-02-22,bear,1957.81,34.4
ETHUSDT,2026-02-23,bear,1855.5,30.4
ETHUSDT,2026-02-24,bear,1852.97,30.31
ETHUSDT,2026-02-25,bear,2054.63,44.9
ETHUSDT,2026-02-26,bear,2026.79,43.54
ETHUSDT,2026-02-27,bear,1930.76,39.15
ETHUSDT,2026-02-28,bear,1965.05,41.42
ETHUSDT,2026-03-01,bear,1939.07,40.2
ETHUSDT,2026-03-02,bear,2027.27,46.03
ETHUSDT,2026-03-03,bear,1982.77,43.71
ETHUSDT,2026-03-04,bear,2126.51,52.1
ETHUSDT,2026-03-05,bear,2071.61,49.09
ETHUSDT,2026-03-06,bear,1978.75,44.42
ETHUSDT,2026-03-07,sideways,1969.46,43.97
ETHUSDT,2026-03-08,bear,1936.6,42.33
ETHUSDT,2026-03-09,sideways,1992.94,46.04
ETHUSDT,2026-03-10,sideways,2037.12,48.82
ETHUSDT,2026-03-11,sideways,2051.57,49.73
ETHUSDT,2026-03-12,sideways,2073.14,51.13
ETHUSDT,2026-03-13,sideways,2092.56,52.42
ETHUSDT,2026-03-14,sideways,2097.09,52.73
ETHUSDT,2026-03-15,sideways,2177.48,57.99
ETHUSDT,2026-03-16,sideways,2351.18,66.64
ETHUSDT,2026-03-17,sideways,2318.05,63.94
ETHUSDT,2026-03-18,sideways,2203.67,55.56
ETHUSDT,2026-03-19,sideways,2137.42,51.36
ETHUSDT,2026-03-20,sideways,2146.5,51.89
ETHUSDT,2026-03-21,sideways,2076.69,47.55
ETHUSDT,2026-03-22,sideways,2053.05,46.14
ETHUSDT,2026-03-23,sideways,2152.15,52.5
ETHUSDT,2026-03-24,sideways,2155.7,52.71
ETHUSDT,2026-03-25,sideways,2168.02,53.5
ETHUSDT,2026-03-26,sideways,2059.58,46.21
ETHUSDT,2026-03-27,sideways,1991.27,42.3
ETHUSDT,2026-03-28,sideways,1992.69,42.41
ETHUSDT,2026-03-29,sideways,1982.56,41.8
ETHUSDT,2026-03-30,sideways,2023.51,45.21
ETHUSDT,2026-03-31,sideways,2104.71,51.31
ETHUSDT,2026-04-01,sideways,2138.74,53.64
ETHUSDT,2026-04-02,sideways,2056.85,47.73
ETHUSDT,2026-04-03,sideways,2053.39,47.49
ETHUSDT,2026-04-04,sideways,2065.35,48.45
ETHUSDT,2026-04-05,sideways,2109.0,51.9
ETHUSDT,2026-04-06,sideways,2107.76,51.79
ETHUSDT,2026-04-07,sideways,2241.81,61.06
ETHUSDT,2026-04-08,sideways,2190.34,56.56
ETHUSDT,2026-04-09,sideways,2189.14,56.46
ETHUSDT,2026-04-10,sideways,2245.15,60.15
ETHUSDT,2026-04-11,sideways,2285.39,62.61
ETHUSDT,2026-04-12,sideways,2192.2,54.27
ETHUSDT,2026-04-13,sideways,2370.71,64.13
ETHUSDT,2026-04-14,sideways,2323.31,60.4
ETHUSDT,2026-04-15,sideways,2359.44,62.2
ETHUSDT,2026-04-16,sideways,2348.65,61.31
ETHUSDT,2026-04-17,sideways,2421.07,64.96
ETHUSDT,2026-04-18,sideways,2351.1,59.15
ETHUSDT,2026-04-19,sideways,2264.92,52.88
ETHUSDT,2026-04-20,sideways,2315.21,55.82
ETHUSDT,2026-04-21,sideways,2327.97,56.56
ETHUSDT,2026-04-22,sideways,2376.09,59.34
ETHUSDT,2026-04-23,sideways,2331.51,55.78
ETHUSDT,2026-04-24,sideways,2315.69,54.54
ETHUSDT,2026-04-25,sideways,2318.83,54.75
ETHUSDT,2026-04-26,sideways,2369.73,58.22
ETHUSDT,2026-04-27,sideways,2303.06,52.54
ETHUSDT,2026-04-28,sideways,2289.42,51.43
ETHUSDT,2026-04-29,sideways,2253.42,48.53
ETHUSDT,2026-04-30,sideways,2256.25,48.77
ETHUSDT,2026-05-01,sideways,2295.09,52.14
ETHUSDT,2026-05-02,sideways,2316.23,53.91
ETHUSDT,2026-05-03,sideways,2321.64,54.38
ETHUSDT,2026-05-04,sideways,2346.4,56.55
ETHUSDT,2026-05-05,sideways,2361.18,57.83
ETHUSDT,2026-05-06,sideways,2350.8,56.57
ETHUSDT,2026-05-07,sideways,2291.11,49.81
ETHUSDT,2026-05-08,sideways,2306.97,51.47
ETHUSDT,2026-05-09,sideways,2326.73,53.53
ETHUSDT,2026-05-10,sideways,2369.04,57.67
ETHUSDT,2026-05-11,sideways,2339.36,54.03
ETHUSDT,2026-05-12,sideways,2274.64,47.06
ETHUSDT,2026-05-13,sideways,2257.58,45.39
ETHUSDT,2026-05-14,sideways,2280.93,48.1
ETHUSDT,2026-05-15,bear,2223.33,42.5
ETHUSDT,2026-05-16,bear,2179.75,38.82
ETHUSDT,2026-05-17,bear,2127.65,34.93
ETHUSDT,2026-05-18,bear,2128.52,35.05
ETHUSDT,2026-05-19,bear,2109.96,33.66
ETHUSDT,2026-05-20,bear,2126.98,36.16
ETHUSDT,2026-05-21,bear,2131.41,36.83
ETHUSDT,2026-05-22,bear,2064.64,31.48
ETHUSDT,2026-05-23,bear,2115.95,38.83
ETHUSDT,2026-05-24,bear,2097.99,37.32
ETHUSDT,2026-05-25,bear,2111.37,39.22
ETHUSDT,2026-05-26,bear,2070.86,35.7
ETHUSDT,2026-05-27,bear,2022.2,31.98
ETHUSDT,2026-05-28,bear,2007.55,30.94
ETHUSDT,2026-05-29,bear,2011.98,31.67
ETHUSDT,2026-05-30,bear,2019.46,32.95
ETHUSDT,2026-05-31,bear,2004.34,31.66
ETHUSDT,2026-06-01,bear,2003.22,31.56
ETHUSDT,2026-06-02,bear,1857.72,21.97
ETHUSDT,2026-06-03,bear,1811.73,19.91
ETHUSDT,2026-06-04,bear,1769.58,18.22
ETHUSDT,2026-06-05,bear,1580.86,12.94
ETHUSDT,2026-06-06,bear,1568.77,12.69
ETHUSDT,2026-06-07,bear,1686.4,27.57
ETHUSDT,2026-06-08,bear,1690.15,27.99
ETHUSDT,2026-06-09,bear,1637.71,25.74
ETHUSDT,2026-06-10,bear,1620.14,25.01
ETHUSDT,2026-06-11,bear,1672.28,31.22
ETHUSDT,2026-06-12,bear,1665.13,30.84
ETHUSDT,2026-06-13,bear,1680.21,32.69
ETHUSDT,2026-06-14,bear,1724.61,37.94
ETHUSDT,2026-06-15,bear,1794.96,45.24
ETHUSDT,2026-06-16,bear,1790.4,44.87
ETHUSDT,2026-06-17,bear,1747.89,41.48
ETHUSDT,2026-06-18,bear,1709.53,38.64
ETHUSDT,2026-06-19,bear,1710.98,38.81
ETHUSDT,2026-06-20,bear,1739.3,42.19
ETHUSDT,2026-06-21,bear,1704.58,39.32
ETHUSDT,2026-06-22,bear,1726.51,42.0
ETHUSDT,2026-06-23,bear,1665.44,37.09
ETHUSDT,2026-06-24,bear,1619.92,33.91
ETHUSDT,2026-06-25,bear,1564.82,30.5
ETHUSDT,2026-06-26,bear,1576.62,32.07
ETHUSDT,2026-06-27,bear,1571.59,31.74
ETHUSDT,2026-06-28,bear,1570.36,31.66
ETHUSDT,2026-06-29,bear,1610.21,37.55
ETHUSDT,2026-06-30,bear,1569.58,34.3
ETHUSDT,2026-07-01,bear,1608.96,39.74
ETHUSDT,2026-07-02,bear,1698.17,49.87
ETHUSDT,2026-07-03,sideways,1756.52,55.18
ETHUSDT,2026-07-04,sideways,1779.03,57.07
ETHUSDT,2026-07-05,sideways,1783.01,57.41
ETHUSDT,2026-07-06,sideways,1797.57,58.7
ETHUSDT,2026-07-07,sideways,1768.51,55.1
ETHUSDT,2026-07-08,sideways,1742.68,52.05
ETHUSDT,2026-07-09,sideways,1744.48,52.25
ETHUSDT,2026-07-10,sideways,1795.69,57.63
ETHUSDT,2026-07-11,sideways,1788.1,56.61
ETHUSDT,2026-07-12,sideways,1805.79,58.45
ETHUSDT,2026-07-13,sideways,1773.5,53.95
ETHUSDT,2026-07-14,sideways,1889.48,64.52
ETHUSDT,2026-07-15,sideways,1916.94,66.48
ETHUSDT,2026-07-16,sideways,1863.19,59.54
ETHUSDT,2026-07-17,sideways,1840.99,56.9
ETHUSDT,2026-07-18,sideways,1861.39,58.71
ETHUSDT,2026-07-19,sideways,1871.51,59.62
ETHUSDT,2026-07-20,sideways,1903.76,62.45
ETHUSDT,2026-07-21,sideways,1928.38,64.5
ETHUSDT,2026-07-22,sideways,1933.49,64.93
ETHUSDT,2026-07-23,sideways,1877.1,56.8
ETHUSDT,2026-07-24,sideways,1860.18,54.59
ETHUSDT,2026-07-25,sideways,1873.22,56.01
ETHUSDT,2026-07-26,sideways,1953.41,63.55
ETHUSDT,2026-07-27,sideways,1890.61,55.52
ETHUSDT,2026-07-28,sideways,1919.95,58.18
ETHUSDT,2026-07-29,sideways,1908.52,56.76
ETHUSDT,2026-07-30,sideways,1917.37,57.62
ETHUSDT,2026-07-31,sideways,1860.35,50.6
ETHUSDT,2026-08-01,sideways,1843.42,48.71
ETHUSDT,2026-08-02,sideways,1882.52,53.08
ETHUSDT,2026-08-03,sideways,1858.26,50.22
SOLUSDT,2020-09-09,unknown,3.64,
SOLUSDT,2020-09-10,unknown,3.47,0.0
SOLUSDT,2020-09-11,unknown,3.43,0.0
SOLUSDT,2020-09-12,unknown,3.33,0.0
SOLUSDT,2020-09-13,unknown,3.23,0.0
SOLUSDT,2020-09-14,unknown,3.27,2.17
SOLUSDT,2020-09-15,unknown,2.94,1.84
SOLUSDT,2020-09-16,unknown,2.55,1.54
SOLUSDT,2020-09-17,unknown,2.89,14.71
SOLUSDT,2020-09-18,unknown,3.11,21.74
SOLUSDT,2020-09-19,unknown,3.03,21.05
SOLUSDT,2020-09-20,unknown,2.87,19.72
SOLUSDT,2020-09-21,unknown,2.78,18.99
SOLUSDT,2020-09-22,unknown,2.92,23.55
SOLUSDT,2020-09-23,unknown,2.84,22.74
SOLUSDT,2020-09-24,unknown,3.13,32.23
SOLUSDT,2020-09-25,unknown,3.19,33.89
SOLUSDT,2020-09-26,unknown,3.13,33.05
SOLUSDT,2020-09-27,unknown,3.15,33.65
SOLUSDT,2020-09-28,unknown,2.96,30.49
SOLUSDT,2020-09-29,unknown,2.95,30.33
SOLUSDT,2020-09-30,unknown,2.9,29.54
SOLUSDT,2020-10-01,unknown,2.86,28.93
SOLUSDT,2020-10-02,unknown,2.63,25.31
SOLUSDT,2020-10-03,unknown,2.55,24.21
SOLUSDT,2020-10-04,unknown,2.52,23.77
SOLUSDT,2020-10-05,unknown,2.66,29.97
SOLUSDT,2020-10-06,unknown,2.18,23.1
SOLUSDT,2020-10-07,unknown,2.29,27.4
SOLUSDT,2020-10-08,unknown,2.37,30.08
SOLUSDT,2020-10-09,unknown,2.54,36.12
SOLUSDT,2020-10-10,unknown,2.41,33.72
SOLUSDT,2020-10-11,unknown,2.43,34.44
SOLUSDT,2020-10-12,unknown,2.59,39.93
SOLUSDT,2020-10-13,unknown,2.4,36.22
SOLUSDT,2020-10-14,unknown,2.31,34.51
SOLUSDT,2020-10-15,unknown,2.27,33.6
SOLUSDT,2020-10-16,unknown,2.15,31.42
SOLUSDT,2020-10-17,unknown,2.2,33.5
SOLUSDT,2020-10-18,unknown,2.21,34.01
SOLUSDT,2020-10-19,unknown,2.06,30.81
SOLUSDT,2020-10-20,unknown,1.89,27.76
SOLUSDT,2020-10-21,unknown,1.89,27.84
SOLUSDT,2020-10-22,unknown,1.96,30.89
SOLUSDT,2020-10-23,unknown,1.96,31.1
SOLUSDT,2020-10-24,unknown,1.91,30.02
SOLUSDT,2020-10-25,unknown,1.79,27.37
SOLUSDT,2020-10-26,unknown,1.69,25.39
SOLUSDT,2020-10-27,unknown,1.71,26.77
SOLUSDT,2020-10-28,unknown,1.49,22.73
SOLUSDT,2020-10-29,unknown,1.43,21.75
SOLUSDT,2020-10-30,unknown,1.44,22.48
SOLUSDT,2020-10-31,unknown,1.54,28.27
SOLUSDT,2020-11-01,unknown,1.6,31.54
SOLUSDT,2020-11-02,unknown,1.47,28.56
SOLUSDT,2020-11-03,unknown,1.41,27.19
SOLUSDT,2020-11-04,unknown,1.39,26.75
SOLUSDT,2020-11-05,unknown,1.41,27.57
SOLUSDT,2020-11-06,unknown,1.91,50.96
SOLUSDT,2020-11-07,unknown,2.03,54.63
SOLUSDT,2020-11-08,unknown,2.16,58.18
SOLUSDT,2020-11-09,unknown,2.03,53.54
SOLUSDT,2020-11-10,unknown,2.25,59.5
SOLUSDT,2020-11-11,unknown,2.0,51.53
SOLUSDT,2020-11-12,unknown,1.9,48.59
SOLUSDT,2020-11-13,unknown,2.02,52.06
SOLUSDT,2020-11-14,unknown,1.92,49.02
SOLUSDT,2020-11-15,unknown,2.04,52.65
SOLUSDT,2020-11-16,unknown,2.26,58.05
SOLUSDT,2020-11-17,unknown,2.2,56.31
SOLUSDT,2020-11-18,unknown,2.12,53.49
SOLUSDT,2020-11-19,unknown,2.08,52.26
SOLUSDT,2020-11-20,unknown,2.1,52.83
SOLUSDT,2020-11-21,unknown,2.38,60.65
SOLUSDT,2020-11-22,unknown,2.14,52.84
SOLUSDT,2020-11-23,unknown,2.28,56.21
SOLUSDT,2020-11-24,unknown,2.27,55.93
SOLUSDT,2020-11-25,unknown,2.27,55.99
SOLUSDT,2020-11-26,unknown,1.9,44.9
SOLUSDT,2020-11-27,unknown,1.86,43.75
SOLUSDT,2020-11-28,unknown,1.89,44.79
SOLUSDT,2020-11-29,unknown,1.92,45.71
SOLUSDT,2020-11-30,unknown,1.97,47.56
SOLUSDT,2020-12-01,unknown,1.98,47.91
SOLUSDT,2020-12-02,unknown,2.12,52.89
SOLUSDT,2020-12-03,unknown,2.1,52.31
SOLUSDT,2020-12-04,unknown,1.86,43.86
SOLUSDT,2020-12-05,unknown,1.98,48.37
SOLUSDT,2020-12-06,unknown,1.85,44.47
SOLUSDT,2020-12-07,unknown,1.83,43.76
SOLUSDT,2020-12-08,unknown,1.67,38.98
SOLUSDT,2020-12-09,unknown,1.66,38.9
SOLUSDT,2020-12-10,unknown,1.57,36.45
SOLUSDT,2020-12-11,unknown,1.44,33.14
SOLUSDT,2020-12-12,unknown,1.49,35.4
SOLUSDT,2020-12-13,unknown,1.57,38.97
SOLUSDT,2020-12-14,unknown,1.59,40.22
SOLUSDT,2020-12-15,unknown,1.76,47.66
SOLUSDT,2020-12-16,unknown,1.78,48.6
SOLUSDT,2020-12-17,unknown,1.68,44.66
SOLUSDT,2020-12-18,unknown,1.7,45.57
SOLUSDT,2020-12-19,unknown,1.67,44.4
SOLUSDT,2020-12-20,unknown,1.56,40.47
SOLUSDT,2020-12-21,unknown,1.54,39.69
SOLUSDT,2020-12-22,unknown,1.49,37.82
SOLUSDT,2020-12-23,unknown,1.21,29.56
SOLUSDT,2020-12-24,unknown,1.36,37.64
SOLUSDT,2020-12-25,unknown,1.45,41.47
SOLUSDT,2020-12-26,unknown,1.32,37.82
SOLUSDT,2020-12-27,unknown,1.3,37.2
SOLUSDT,2020-12-28,unknown,1.52,46.61
SOLUSDT,2020-12-29,unknown,1.67,52.35
SOLUSDT,2020-12-30,unknown,1.54,47.53
SOLUSDT,2020-12-31,unknown,1.51,46.71
SOLUSDT,2021-01-01,unknown,1.84,57.37
SOLUSDT,2021-01-02,unknown,1.8,55.82
SOLUSDT,2021-01-03,unknown,2.16,64.57
SOLUSDT,2021-01-04,unknown,2.49,70.23
SOLUSDT,2021-01-05,unknown,2.16,59.79
SOLUSDT,2021-01-06,unknown,1.93,53.81
SOLUSDT,2021-01-07,unknown,2.37,61.82
SOLUSDT,2021-01-08,unknown,3.22,71.86
SOLUSDT,2021-01-09,unknown,3.39,73.33
SOLUSDT,2021-01-10,unknown,3.47,74.05
SOLUSDT,2021-01-11,unknown,3.11,65.64
SOLUSDT,2021-01-12,unknown,3.61,70.7
SOLUSDT,2021-01-13,unknown,3.51,68.56
SOLUSDT,2021-01-14,unknown,3.28,63.65
SOLUSDT,2021-01-15,unknown,3.25,63.07
SOLUSDT,2021-01-16,unknown,3.45,65.45
SOLUSDT,2021-01-17,unknown,3.82,69.44
SOLUSDT,2021-01-18,unknown,3.8,68.91
SOLUSDT,2021-01-19,unknown,3.64,65.32
SOLUSDT,2021-01-20,unknown,3.72,66.33
SOLUSDT,2021-01-21,unknown,2.99,51.8
SOLUSDT,2021-01-22,unknown,3.35,56.75
SOLUSDT,2021-01-23,unknown,3.5,58.77
SOLUSDT,2021-01-24,unknown,3.63,60.42
SOLUSDT,2021-01-25,unknown,3.7,61.26
SOLUSDT,2021-01-26,unknown,4.05,65.43
SOLUSDT,2021-01-27,unknown,3.69,58.46
SOLUSDT,2021-01-28,unknown,3.82,60.15
SOLUSDT,2021-01-29,unknown,3.83,60.31
SOLUSDT,2021-01-30,unknown,4.22,65.15
SOLUSDT,2021-01-31,unknown,4.26,65.61
SOLUSDT,2021-02-01,unknown,4.61,69.42
SOLUSDT,2021-02-02,unknown,5.27,75.03
SOLUSDT,2021-02-03,unknown,5.72,78.01
SOLUSDT,2021-02-04,unknown,6.43,81.72
SOLUSDT,2021-02-05,unknown,6.68,82.84
SOLUSDT,2021-02-06,unknown,6.11,72.18
SOLUSDT,2021-02-07,unknown,6.7,75.66
SOLUSDT,2021-02-08,unknown,7.88,80.85
SOLUSDT,2021-02-09,unknown,7.82,79.82
SOLUSDT,2021-02-10,unknown,9.07,83.97
SOLUSDT,2021-02-11,unknown,9.22,84.36
SOLUSDT,2021-02-12,unknown,9.25,84.45
SOLUSDT,2021-02-13,unknown,8.73,76.63
SOLUSDT,2021-02-14,unknown,8.74,76.66
SOLUSDT,2021-02-15,unknown,8.86,77.24
SOLUSDT,2021-02-16,unknown,8.3,68.76
SOLUSDT,2021-02-17,unknown,8.22,67.69
SOLUSDT,2021-02-18,unknown,8.98,72.35
SOLUSDT,2021-02-19,unknown,11.47,81.68
SOLUSDT,2021-02-20,unknown,10.0,67.29
SOLUSDT,2021-02-21,unknown,11.09,71.32
SOLUSDT,2021-02-22,unknown,14.45,79.7
SOLUSDT,2021-02-23,unknown,15.2,81.02
SOLUSDT,2021-02-24,unknown,17.3,84.15
SOLUSDT,2021-02-25,unknown,13.82,64.99
SOLUSDT,2021-02-26,unknown,13.59,63.97
SOLUSDT,2021-02-27,unknown,13.2,62.17
SOLUSDT,2021-02-28,unknown,13.09,61.64
SOLUSDT,2021-03-01,unknown,14.96,66.8
SOLUSDT,2021-03-02,unknown,13.96,62.0
SOLUSDT,2021-03-03,unknown,14.12,62.46
SOLUSDT,2021-03-04,unknown,13.1,57.62
SOLUSDT,2021-03-05,unknown,12.61,55.4
SOLUSDT,2021-03-06,unknown,13.04,56.96
SOLUSDT,2021-03-07,unknown,13.88,59.93
SOLUSDT,2021-03-08,unknown,13.6,58.51
SOLUSDT,2021-03-09,unknown,14.85,62.81
SOLUSDT,2021-03-10,unknown,14.23,59.52
SOLUSDT,2021-03-11,unknown,15.99,65.15
SOLUSDT,2021-03-12,unknown,14.55,58.04
SOLUSDT,2021-03-13,unknown,15.31,60.48
SOLUSDT,2021-03-14,unknown,14.51,56.73
SOLUSDT,2021-03-15,unknown,14.19,55.24
SOLUSDT,2021-03-16,unknown,13.62,52.64
SOLUSDT,2021-03-17,unknown,14.22,55.06
SOLUSDT,2021-03-18,unknown,14.23,55.1
SOLUSDT,2021-03-19,unknown,14.2,54.96
SOLUSDT,2021-03-20,unknown,14.21,54.99
SOLUSDT,2021-03-21,unknown,14.33,55.6
SOLUSDT,2021-03-22,unknown,14.92,58.56
SOLUSDT,2021-03-23,unknown,14.2,53.86
SOLUSDT,2021-03-24,unknown,13.66,50.54
SOLUSDT,2021-03-25,unknown,13.03,46.9
SOLUSDT,2021-03-26,unknown,14.78,56.26
SOLUSDT,2021-03-27,bull,16.51,63.16
SOLUSDT,2021-03-28,bull,18.02,67.91
SOLUSDT,2021-03-29,bull,18.85,70.21
SOLUSDT,2021-03-30,bull,19.23,71.22
SOLUSDT,2021-03-31,bull,19.47,71.84
SOLUSDT,2021-04-01,bull,19.08,69.19
SOLUSDT,2021-04-02,bull,19.81,71.36
SOLUSDT,2021-04-03,bull,22.55,77.75
SOLUSDT,2021-04-04,bull,24.06,80.35
SOLUSDT,2021-04-05,bull,22.98,73.73
SOLUSDT,2021-04-06,bull,24.96,77.4
SOLUSDT,2021-04-07,bull,26.48,79.76
SOLUSDT,2021-04-08,bull,27.03,80.55
SOLUSDT,2021-04-09,bull,27.78,81.6
SOLUSDT,2021-04-10,bull,26.84,76.06
SOLUSDT,2021-04-11,bull,27.93,77.94
SOLUSDT,2021-04-12,bull,28.51,78.89
SOLUSDT,2021-04-13,bull,27.44,72.65
SOLUSDT,2021-04-14,bull,26.48,67.52
SOLUSDT,2021-04-15,bull,27.82,70.64
SOLUSDT,2021-04-16,bull,25.4,59.53
SOLUSDT,2021-04-17,bull,25.1,58.32
SOLUSDT,2021-04-18,bull,32.3,72.78
SOLUSDT,2021-04-19,bull,31.68,70.49
SOLUSDT,2021-04-20,bull,31.77,70.64
SOLUSDT,2021-04-21,bull,32.51,71.85
SOLUSDT,2021-04-22,bull,38.88,79.62
SOLUSDT,2021-04-23,bull,36.98,73.13
SOLUSDT,2021-04-24,bull,40.74,77.1
SOLUSDT,2021-04-25,bull,47.37,82.13
SOLUSDT,2021-04-26,bull,43.98,73.27
SOLUSDT,2021-04-27,bull,43.24,71.47
SOLUSDT,2021-04-28,bull,44.83,73.01
SOLUSDT,2021-04-29,bull,42.46,67.19
SOLUSDT,2021-04-30,bull,42.96,67.77
SOLUSDT,2021-05-01,bull,49.51,74.25
SOLUSDT,2021-05-02,bull,46.89,68.34
SOLUSDT,2021-05-03,bull,45.93,66.26
SOLUSDT,2021-05-04,bull,42.73,59.72
SOLUSDT,2021-05-05,bull,44.92,62.45
SOLUSDT,2021-05-06,bull,43.46,59.54
SOLUSDT,2021-05-07,bull,43.16,58.93
SOLUSDT,2021-05-08,bull,45.56,62.25
SOLUSDT,2021-05-09,bull,44.33,59.6
SOLUSDT,2021-05-10,bull,42.91,56.6
SOLUSDT,2021-05-11,bull,44.58,59.2
SOLUSDT,2021-05-12,bull,42.46,54.72
SOLUSDT,2021-05-13,bull,41.0,51.82
SOLUSDT,2021-05-14,bull,42.72,54.86
SOLUSDT,2021-05-15,bull,43.46,56.15
SOLUSDT,2021-05-16,bull,47.2,62.02
SOLUSDT,2021-05-17,bull,46.86,61.22
SOLUSDT,2021-05-18,bull,55.91,71.71
SOLUSDT,2021-05-19,sideways,35.11,42.95
SOLUSDT,2021-05-20,bull,44.74,52.46
SOLUSDT,2021-05-21,bull,38.81,47.24
SOLUSDT,2021-05-22,sideways,31.32,41.6
SOLUSDT,2021-05-23,sideways,24.69,37.36
SOLUSDT,2021-05-24,sideways,31.28,43.53
SOLUSDT,2021-05-25,sideways,30.0,42.65
SOLUSDT,2021-05-26,sideways,35.54,47.58
SOLUSDT,2021-05-27,sideways,33.58,46.08
SOLUSDT,2021-05-28,sideways,29.04,42.69
SOLUSDT,2021-05-29,sideways,27.38,41.49
SOLUSDT,2021-05-30,sideways,28.6,42.77
SOLUSDT,2021-05-31,sideways,32.82,47.05
SOLUSDT,2021-06-01,sideways,30.99,45.46
SOLUSDT,2021-06-02,sideways,33.96,48.5
SOLUSDT,2021-06-03,sideways,39.47,53.67
SOLUSDT,2021-06-04,sideways,37.42,51.59
SOLUSDT,2021-06-05,sideways,39.59,53.63
SOLUSDT,2021-06-06,sideways,42.31,56.13
SOLUSDT,2021-06-07,sideways,38.26,51.67
SOLUSDT,2021-06-08,sideways,41.52,54.78
SOLUSDT,2021-06-09,sideways,42.03,55.27
SOLUSDT,2021-06-10,sideways,41.1,54.13
SOLUSDT,2021-06-11,sideways,36.05,48.29
SOLUSDT,2021-06-12,sideways,36.44,48.76
SOLUSDT,2021-06-13,sideways,38.77,51.53
SOLUSDT,2021-06-14,sideways,38.71,51.45
SOLUSDT,2021-06-15,sideways,41.15,54.44
SOLUSDT,2021-06-16,sideways,39.7,52.38
SOLUSDT,2021-06-17,sideways,39.26,51.74
SOLUSDT,2021-06-18,sideways,36.65,47.98
SOLUSDT,2021-06-19,sideways,35.35,46.19
SOLUSDT,2021-06-20,sideways,35.32,46.15
SOLUSDT,2021-06-21,sideways,26.66,35.8
SOLUSDT,2021-06-22,sideways,26.77,36.01
SOLUSDT,2021-06-23,sideways,30.05,41.72
SOLUSDT,2021-06-24,sideways,31.18,43.59
SOLUSDT,2021-06-25,sideways,28.7,40.52
SOLUSDT,2021-06-26,sideways,29.71,42.31
SOLUSDT,2021-06-27,sideways,31.93,46.13
SOLUSDT,2021-06-28,sideways,32.93,47.8
SOLUSDT,2021-06-29,sideways,33.87,49.39
SOLUSDT,2021-06-30,sideways,35.56,52.22
SOLUSDT,2021-07-01,sideways,33.4,48.5
SOLUSDT,2021-07-02,sideways,34.02,49.61
SOLUSDT,2021-07-03,sideways,34.48,50.46
SOLUSDT,2021-07-04,sideways,34.31,50.13
SOLUSDT,2021-07-05,sideways,32.98,47.45
SOLUSDT,2021-07-06,sideways,34.27,50.22
SOLUSDT,2021-07-07,sideways,36.59,54.86
SOLUSDT,2021-07-08,sideways,33.2,47.86
SOLUSDT,2021-07-09,sideways,33.26,47.99
SOLUSDT,2021-07-10,sideways,31.79,45.09
SOLUSDT,2021-07-11,sideways,32.18,46.01
SOLUSDT,2021-07-12,sideways,30.85,43.32
SOLUSDT,2021-07-13,sideways,29.12,40.05
SOLUSDT,2021-07-14,sideways,31.28,45.59
SOLUSDT,2021-07-15,sideways,28.45,40.33
SOLUSDT,2021-07-16,sideways,26.37,36.96
SOLUSDT,2021-07-17,sideways,26.72,37.9
SOLUSDT,2021-07-18,sideways,26.75,37.99
SOLUSDT,2021-07-19,sideways,24.45,34.11
SOLUSDT,2021-07-20,sideways,23.49,32.61
SOLUSDT,2021-07-21,sideways,26.62,41.61
SOLUSDT,2021-07-22,sideways,27.7,44.37
SOLUSDT,2021-07-23,sideways,28.51,46.42
SOLUSDT,2021-07-24,sideways,28.7,46.91
SOLUSDT,2021-07-25,sideways,28.17,45.64
SOLUSDT,2021-07-26,sideways,28.31,46.04
SOLUSDT,2021-07-27,sideways,28.07,45.4
SOLUSDT,2021-07-28,sideways,27.82,44.71
SOLUSDT,2021-07-29,sideways,31.28,54.97
SOLUSDT,2021-07-30,sideways,32.39,57.69
SOLUSDT,2021-07-31,bull,36.83,66.38
SOLUSDT,2021-08-01,sideways,34.25,58.83
SOLUSDT,2021-08-02,sideways,33.22,56.07
SOLUSDT,2021-08-03,sideways,34.0,57.67
SOLUSDT,2021-08-04,bull,35.76,61.15
SOLUSDT,2021-08-05,bull,37.36,64.03
SOLUSDT,2021-08-06,bull,39.45,67.43
SOLUSDT,2021-08-07,bull,39.4,67.29
SOLUSDT,2021-08-08,bull,37.67,61.7
SOLUSDT,2021-08-09,bull,38.77,63.75
SOLUSDT,2021-08-10,bull,40.64,67.01
SOLUSDT,2021-08-11,bull,41.74,68.79
SOLUSDT,2021-08-12,bull,41.1,66.53
SOLUSDT,2021-08-13,bull,44.89,72.3
SOLUSDT,2021-08-14,bull,44.11,69.64
SOLUSDT,2021-08-15,bull,53.75,79.6
SOLUSDT,2021-08-16,bull,62.43,84.53
SOLUSDT,2021-08-17,bull,64.21,85.32
SOLUSDT,2021-08-18,bull,72.54,88.3
SOLUSDT,2021-08-19,bull,72.76,88.37
SOLUSDT,2021-08-20,bull,78.72,90.04
SOLUSDT,2021-08-21,bull,73.76,79.76
SOLUSDT,2021-08-22,bull,72.8,77.92
SOLUSDT,2021-08-23,bull,75.71,79.47
SOLUSDT,2021-08-24,bull,70.67,70.24
SOLUSDT,2021-08-25,bull,71.95,71.16
SOLUSDT,2021-08-26,bull,75.32,73.47
SOLUSDT,2021-08-27,bull,88.09,80.02
SOLUSDT,2021-08-28,bull,96.7,83.06
SOLUSDT,2021-08-29,bull,94.47,79.68
SOLUSDT,2021-08-30,bull,110.54,84.55
SOLUSDT,2021-08-31,bull,108.48,81.84
SOLUSDT,2021-09-01,bull,111.03,82.59
SOLUSDT,2021-09-02,bull,128.1,86.56
SOLUSDT,2021-09-03,bull,146.58,89.38
SOLUSDT,2021-09-04,bull,139.11,81.89
SOLUSDT,2021-09-05,bull,142.07,82.52
SOLUSDT,2021-09-06,bull,164.38,86.34
SOLUSDT,2021-09-07,bull,173.15,87.5
SOLUSDT,2021-09-08,bull,191.04,89.46
SOLUSDT,2021-09-09,bull,188.2,87.12
SOLUSDT,2021-09-10,bull,179.87,80.48
SOLUSDT,2021-09-11,bull,178.87,79.69
SOLUSDT,2021-09-12,bull,174.54,76.22
SOLUSDT,2021-09-13,bull,169.27,72.11
SOLUSDT,2021-09-14,bull,158.09,64.19
SOLUSDT,2021-09-15,bull,159.12,64.57
SOLUSDT,2021-09-16,bull,152.47,60.08
SOLUSDT,2021-09-17,bull,147.59,56.94
SOLUSDT,2021-09-18,bull,169.18,65.52
SOLUSDT,2021-09-19,bull,152.52,56.21
SOLUSDT,2021-09-20,bull,132.13,47.35
SOLUSDT,2021-09-21,bull,123.95,44.32
SOLUSDT,2021-09-22,bull,147.92,53.66
SOLUSDT,2021-09-23,bull,149.75,54.28
SOLUSDT,2021-09-24,bull,139.4,50.13
SOLUSDT,2021-09-25,bull,136.18,48.88
SOLUSDT,2021-09-26,bull,135.7,48.69
SOLUSDT,2021-09-27,bull,136.73,49.16
SOLUSDT,2021-09-28,bull,131.54,46.83
SOLUSDT,2021-09-29,bull,135.35,48.75
SOLUSDT,2021-09-30,bull,141.07,51.57
SOLUSDT,2021-10-01,bull,161.68,60.09
SOLUSDT,2021-10-02,bull,169.09,62.64
SOLUSDT,2021-10-03,bull,172.59,63.81
SOLUSDT,2021-10-04,bull,166.73,60.39
SOLUSDT,2021-10-05,bull,164.12,58.87
SOLUSDT,2021-10-06,sideways,154.11,53.35
SOLUSDT,2021-10-07,sideways,154.28,53.43
SOLUSDT,2021-10-08,sideways,158.95,55.68
SOLUSDT,2021-10-09,sideways,156.83,54.39
SOLUSDT,2021-10-10,sideways,148.05,49.32
SOLUSDT,2021-10-11,sideways,144.86,47.59
SOLUSDT,2021-10-12,sideways,152.74,52.07
SOLUSDT,2021-10-13,sideways,148.18,49.44
SOLUSDT,2021-10-14,sideways,149.76,50.37
SOLUSDT,2021-10-15,sideways,162.6,57.3
SOLUSDT,2021-10-16,sideways,157.54,54.1
SOLUSDT,2021-10-17,bull,159.74,55.27
SOLUSDT,2021-10-18,sideways,157.23,53.59
SOLUSDT,2021-10-19,sideways,156.02,52.75
SOLUSDT,2021-10-20,bull,175.95,62.96
SOLUSDT,2021-10-21,bull,190.32,68.29
SOLUSDT,2021-10-22,bull,196.43,70.24
SOLUSDT,2021-10-23,bull,197.7,70.65
SOLUSDT,2021-10-24,bull,202.36,72.15
SOLUSDT,2021-10-25,bull,210.1,74.48
SOLUSDT,2021-10-26,bull,199.81,66.5
SOLUSDT,2021-10-27,bull,183.77,56.38
SOLUSDT,2021-10-28,bull,194.86,60.82
SOLUSDT,2021-10-29,bull,200.18,62.78
SOLUSDT,2021-10-30,bull,195.42,59.89
SOLUSDT,2021-10-31,bull,202.42,62.61
SOLUSDT,2021-11-01,bull,203.55,63.05
SOLUSDT,2021-11-02,bull,220.24,68.83
SOLUSDT,2021-11-03,bull,242.9,74.63
SOLUSDT,2021-11-04,bull,247.39,75.6
SOLUSDT,2021-11-05,bull,236.47,68.73
SOLUSDT,2021-11-06,bull,258.93,73.97
SOLUSDT,2021-11-07,bull,249.82,68.92
SOLUSDT,2021-11-08,bull,248.47,68.18
SOLUSDT,2021-11-09,bull,239.21,63.15
SOLUSDT,2021-11-10,bull,233.78,60.34
SOLUSDT,2021-11-11,bull,234.24,60.5
SOLUSDT,2021-11-12,bull,228.5,57.39
SOLUSDT,2021-11-13,bull,241.83,62.25
SOLUSDT,2021-11-14,bull,238.43,60.36
SOLUSDT,2021-11-15,bull,237.55,59.85
SOLUSDT,2021-11-16,bull,219.24,50.37
SOLUSDT,2021-11-17,bull,218.72,50.12
SOLUSDT,2021-11-18,bull,195.49,40.68
SOLUSDT,2021-11-19,bull,215.28,49.42
SOLUSDT,2021-11-20,bull,218.02,50.51
SOLUSDT,2021-11-21,bull,231.28,55.5
SOLUSDT,2021-11-22,bull,215.74,49.24
SOLUSDT,2021-11-23,bull,221.84,51.55
SOLUSDT,2021-11-24,sideways,214.92,48.83
SOLUSDT,2021-11-25,sideways,206.25,45.59
SOLUSDT,2021-11-26,sideways,191.51,40.65
SOLUSDT,2021-11-27,sideways,193.1,41.39
SOLUSDT,2021-11-28,sideways,200.68,44.9
SOLUSDT,2021-11-29,sideways,204.32,46.56
SOLUSDT,2021-11-30,sideways,208.67,48.56
SOLUSDT,2021-12-01,bull,229.8,56.95
SOLUSDT,2021-12-02,bull,233.99,58.4
SOLUSDT,2021-12-03,sideways,211.22,48.79
SOLUSDT,2021-12-04,sideways,201.12,45.23
SOLUSDT,2021-12-05,sideways,196.17,43.55
SOLUSDT,2021-12-06,sideways,194.2,42.87
SOLUSDT,2021-12-07,sideways,190.6,41.59
SOLUSDT,2021-12-08,sideways,194.62,43.62
SOLUSDT,2021-12-09,sideways,181.18,38.78
SOLUSDT,2021-12-10,sideways,167.95,34.7
SOLUSDT,2021-12-11,sideways,171.95,36.86
SOLUSDT,2021-12-12,sideways,173.43,37.68
SOLUSDT,2021-12-13,sideways,155.21,32.14
SOLUSDT,2021-12-14,sideways,153.34,31.62
SOLUSDT,2021-12-15,sideways,178.34,44.43
SOLUSDT,2021-12-16,sideways,176.95,43.94
SOLUSDT,2021-12-17,sideways,175.5,43.4
SOLUSDT,2021-12-18,sideways,182.84,46.96
SOLUSDT,2021-12-19,sideways,180.1,45.8
SOLUSDT,2021-12-20,sideways,173.67,43.11
SOLUSDT,2021-12-21,sideways,180.09,46.49
SOLUSDT,2021-12-22,sideways,178.6,45.81
SOLUSDT,2021-12-23,sideways,190.04,51.65
SOLUSDT,2021-12-24,sideways,190.27,51.77
SOLUSDT,2021-12-25,sideways,193.12,53.22
SOLUSDT,2021-12-26,sideways,198.0,55.68
SOLUSDT,2021-12-27,sideways,195.43,54.07
SOLUSDT,2021-12-28,sideways,177.43,44.36
SOLUSDT,2021-12-29,sideways,170.66,41.36
SOLUSDT,2021-12-30,sideways,172.75,42.65
SOLUSDT,2021-12-31,sideways,170.3,41.5
SOLUSDT,2022-01-01,sideways,178.52,46.71
SOLUSDT,2022-01-02,sideways,176.38,45.57
SOLUSDT,2022-01-03,sideways,170.3,42.41
SOLUSDT,2022-01-04,sideways,167.94,41.21
SOLUSDT,2022-01-05,sideways,155.1,35.37
SOLUSDT,2022-01-06,sideways,150.43,33.51
SOLUSDT,2022-01-07,sideways,136.4,28.64
SOLUSDT,2022-01-08,sideways,142.51,33.2
SOLUSDT,2022-01-09,sideways,140.84,32.58
SOLUSDT,2022-01-10,sideways,135.95,30.79
SOLUSDT,2022-01-11,sideways,140.18,34.16
SOLUSDT,2022-01-12,sideways,151.7,42.39
SOLUSDT,2022-01-13,sideways,146.01,39.75
SOLUSDT,2022-01-14,sideways,146.16,39.85
SOLUSDT,2022-01-15,sideways,147.8,41.08
SOLUSDT,2022-01-16,sideways,147.86,41.13
SOLUSDT,2022-01-17,sideways,139.93,36.91
SOLUSDT,2022-01-18,sideways,141.59,38.34
SOLUSDT,2022-01-19,bear,135.79,35.34
SOLUSDT,2022-01-20,bear,127.21,31.41
SOLUSDT,2022-01-21,bear,111.97,25.91
SOLUSDT,2022-01-22,bear,94.18,21.24
SOLUSDT,2022-01-23,bear,99.58,25.63
SOLUSDT,2022-01-24,bear,91.65,23.55
SOLUSDT,2022-01-25,bear,94.72,26.05
SOLUSDT,2022-01-26,bear,92.24,25.33
SOLUSDT,2022-01-27,bear,89.63,24.56
SOLUSDT,2022-01-28,bear,91.31,26.12
SOLUSDT,2022-01-29,bear,96.22,30.61
SOLUSDT,2022-01-30,bear,93.3,29.46
SOLUSDT,2022-01-31,bear,99.74,35.24
SOLUSDT,2022-02-01,bear,109.98,43.2
SOLUSDT,2022-02-02,bear,101.84,39.09
SOLUSDT,2022-02-03,bear,101.46,38.9
SOLUSDT,2022-02-04,bear,112.17,46.62
SOLUSDT,2022-02-05,bear,113.89,47.76
SOLUSDT,2022-02-06,bear,115.3,48.73
SOLUSDT,2022-02-07,bear,117.36,50.18
SOLUSDT,2022-02-08,bear,113.6,47.53
SOLUSDT,2022-02-09,bear,114.02,47.86
SOLUSDT,2022-02-10,bear,106.2,42.5
SOLUSDT,2022-02-11,bear,96.38,36.89
SOLUSDT,2022-02-12,bear,95.92,36.65
SOLUSDT,2022-02-13,bear,93.24,35.19
SOLUSDT,2022-02-14,bear,96.43,38.34
SOLUSDT,2022-02-15,bear,104.87,45.83
SOLUSDT,2022-02-16,bear,101.93,43.83
SOLUSDT,2022-02-17,bear,93.41,38.58
SOLUSDT,2022-02-18,bear,90.07,36.72
SOLUSDT,2022-02-19,bear,91.5,38.1
SOLUSDT,2022-02-20,bear,90.9,37.73
SOLUSDT,2022-02-21,bear,83.12,33.23
SOLUSDT,2022-02-22,bear,86.47,36.72
SOLUSDT,2022-02-23,bear,84.9,35.78
SOLUSDT,2022-02-24,bear,89.19,40.31
SOLUSDT,2022-02-25,sideways,92.6,43.71
SOLUSDT,2022-02-26,sideways,90.14,41.86
SOLUSDT,2022-02-27,bear,85.52,38.55
SOLUSDT,2022-02-28,sideways,99.52,51.14
SOLUSDT,2022-03-01,sideways,98.65,50.45
SOLUSDT,2022-03-02,sideways,100.65,52.05
SOLUSDT,2022-03-03,bear,95.54,47.79
SOLUSDT,2022-03-04,bear,88.25,42.45
SOLUSDT,2022-03-05,bear,89.65,43.75
SOLUSDT,2022-03-06,bear,84.54,40.19
SOLUSDT,2022-03-07,bear,82.13,38.59
SOLUSDT,2022-03-08,bear,82.25,38.72
SOLUSDT,2022-03-09,bear,88.2,44.97
SOLUSDT,2022-03-10,bear,82.94,40.99
SOLUSDT,2022-03-11,bear,80.74,39.42
SOLUSDT,2022-03-12,bear,81.55,40.33
SOLUSDT,2022-03-13,bear,78.94,38.33
SOLUSDT,2022-03-14,bear,81.17,41.02
SOLUSDT,2022-03-15,bear,82.96,43.15
SOLUSDT,2022-03-16,bear,87.9,48.68
SOLUSDT,2022-03-17,bear,87.88,48.65
SOLUSDT,2022-03-18,bear,89.82,50.83
SOLUSDT,2022-03-19,sideways,92.42,53.66
SOLUSDT,2022-03-20,sideways,88.61,49.2
SOLUSDT,2022-03-21,sideways,88.76,49.37
SOLUSDT,2022-03-22,sideways,90.51,51.52
SOLUSDT,2022-03-23,sideways,95.1,56.7
SOLUSDT,2022-03-24,sideways,102.22,63.26
SOLUSDT,2022-03-25,sideways,98.66,58.48
SOLUSDT,2022-03-26,sideways,101.76,61.23
SOLUSDT,2022-03-27,sideways,107.08,65.45
SOLUSDT,2022-03-28,sideways,106.47,64.57
SOLUSDT,2022-03-29,sideways,111.71,68.44
SOLUSDT,2022-03-30,sideways,120.7,73.74
SOLUSDT,2022-03-31,sideways,122.66,74.74
SOLUSDT,2022-04-01,sideways,134.43,79.71
SOLUSDT,2022-04-02,sideways,132.2,76.63
SOLUSDT,2022-04-03,sideways,136.78,78.47
SOLUSDT,2022-04-04,sideways,132.41,72.6
SOLUSDT,2022-04-05,sideways,126.86,65.86
SOLUSDT,2022-04-06,sideways,112.88,52.61
SOLUSDT,2022-04-07,sideways,118.8,56.59
SOLUSDT,2022-04-08,sideways,109.8,49.75
SOLUSDT,2022-04-09,sideways,112.97,51.95
SOLUSDT,2022-04-10,sideways,111.74,51.02
SOLUSDT,2022-04-11,sideways,99.34,42.67
SOLUSDT,2022-04-12,sideways,103.31,45.73
SOLUSDT,2022-04-13,sideways,105.0,47.03
SOLUSDT,2022-04-14,sideways,100.71,44.15
SOLUSDT,2022-04-15,sideways,101.31,44.66
SOLUSDT,2022-04-16,sideways,102.26,45.51
SOLUSDT,2022-04-17,sideways,100.41,44.09
SOLUSDT,2022-04-18,sideways,102.16,45.81
SOLUSDT,2022-04-19,sideways,108.58,51.69
SOLUSDT,2022-04-20,sideways,105.5,48.94
SOLUSDT,2022-04-21,sideways,101.78,45.78
SOLUSDT,2022-04-22,sideways,100.61,44.81
SOLUSDT,2022-04-23,sideways,100.74,44.95
SOLUSDT,2022-04-24,sideways,99.24,43.56
SOLUSDT,2022-04-25,sideways,101.25,45.96
SOLUSDT,2022-04-26,bear,95.78,40.87
SOLUSDT,2022-04-27,bear,98.38,44.04
SOLUSDT,2022-04-28,bear,98.19,43.86
SOLUSDT,2022-04-29,bear,94.01,39.89
SOLUSDT,2022-04-30,bear,85.1,33.01
SOLUSDT,2022-05-01,bear,89.67,38.84
SOLUSDT,2022-05-02,bear,87.58,37.25
SOLUSDT,2022-05-03,bear,85.84,35.93
SOLUSDT,2022-05-04,bear,92.77,44.38
SOLUSDT,2022-05-05,bear,84.6,38.01
SOLUSDT,2022-05-06,bear,81.76,36.08
SOLUSDT,2022-05-07,bear,78.98,34.23
SOLUSDT,2022-05-08,bear,75.22,31.86
SOLUSDT,2022-05-09,bear,63.27,25.76
SOLUSDT,2022-05-10,bear,66.77,29.99
SOLUSDT,2022-05-11,bear,50.21,23.24
SOLUSDT,2022-05-12,bear,44.68,21.51
SOLUSDT,2022-05-13,bear,48.59,25.74
SOLUSDT,2022-05-14,bear,52.42,29.73
SOLUSDT,2022-05-15,bear,58.81,35.93
SOLUSDT,2022-05-16,bear,53.65,33.37
SOLUSDT,2022-05-17,bear,57.13,36.64
SOLUSDT,2022-05-18,bear,49.76,32.95
SOLUSDT,2022-05-19,bear,52.21,35.29
SOLUSDT,2022-05-20,bear,49.54,33.9
SOLUSDT,2022-05-21,bear,50.32,34.71
SOLUSDT,2022-05-22,bear,52.76,37.28
SOLUSDT,2022-05-23,bear,49.06,35.03
SOLUSDT,2022-05-24,bear,49.65,35.7
SOLUSDT,2022-05-25,bear,47.98,34.61
SOLUSDT,2022-05-26,bear,43.49,31.81
SOLUSDT,2022-05-27,bear,40.98,30.33
SOLUSDT,2022-05-28,bear,44.34,34.71
SOLUSDT,2022-05-29,bear,44.91,35.45
SOLUSDT,2022-05-30,bear,47.18,38.44
SOLUSDT,2022-05-31,bear,45.77,37.28
SOLUSDT,2022-06-01,bear,40.27,33.1
SOLUSDT,2022-06-02,bear,40.89,34.0
SOLUSDT,2022-06-03,bear,38.26,32.03
SOLUSDT,2022-06-04,bear,38.93,33.1
SOLUSDT,2022-06-05,bear,38.48,32.73
SOLUSDT,2022-06-06,bear,42.43,39.16
SOLUSDT,2022-06-07,bear,39.44,36.32
SOLUSDT,2022-06-08,bear,38.84,35.77
SOLUSDT,2022-06-09,bear,39.97,37.71
SOLUSDT,2022-06-10,bear,37.09,34.82
SOLUSDT,2022-06-11,bear,33.82,31.84
SOLUSDT,2022-06-12,bear,30.74,29.29
SOLUSDT,2022-06-13,bear,28.19,27.34
SOLUSDT,2022-06-14,bear,29.71,30.32
SOLUSDT,2022-06-15,bear,34.49,38.8
SOLUSDT,2022-06-16,bear,29.99,34.54
SOLUSDT,2022-06-17,bear,30.74,35.81
SOLUSDT,2022-06-18,bear,31.81,37.65
SOLUSDT,2022-06-19,bear,34.24,41.78
SOLUSDT,2022-06-20,bear,35.42,43.71
SOLUSDT,2022-06-21,bear,36.12,44.89
SOLUSDT,2022-06-22,bear,34.12,42.18
SOLUSDT,2022-06-23,bear,38.18,48.91
SOLUSDT,2022-06-24,bear,42.21,54.58
SOLUSDT,2022-06-25,sideways,42.33,54.74
SOLUSDT,2022-06-26,sideways,39.41,50.09
SOLUSDT,2022-06-27,bear,38.45,48.63
SOLUSDT,2022-06-28,bear,35.33,44.12
SOLUSDT,2022-06-29,bear,33.87,42.16
SOLUSDT,2022-06-30,bear,33.59,41.77
SOLUSDT,2022-07-01,bear,32.8,40.65
SOLUSDT,2022-07-02,bear,33.36,41.84
SOLUSDT,2022-07-03,bear,33.39,41.9
SOLUSDT,2022-07-04,bear,36.79,49.12
SOLUSDT,2022-07-05,bear,35.4,46.57
SOLUSDT,2022-07-06,bear,37.07,49.95
SOLUSDT,2022-07-07,sideways,38.52,52.72
SOLUSDT,2022-07-08,sideways,38.29,52.22
SOLUSDT,2022-07-09,sideways,38.07,51.73
SOLUSDT,2022-07-10,sideways,36.7,48.6
SOLUSDT,2022-07-11,sideways,33.46,42.12
SOLUSDT,2022-07-12,sideways,32.76,40.84
SOLUSDT,2022-07-13,sideways,34.91,46.21
SOLUSDT,2022-07-14,sideways,37.11,51.08
SOLUSDT,2022-07-15,sideways,37.42,51.74
SOLUSDT,2022-07-16,sideways,39.57,56.2
SOLUSDT,2022-07-17,sideways,38.64,53.89
SOLUSDT,2022-07-18,sideways,43.75,62.91
SOLUSDT,2022-07-19,sideways,44.9,64.59
SOLUSDT,2022-07-20,sideways,42.09,57.72
SOLUSDT,2022-07-21,sideways,43.19,59.53
SOLUSDT,2022-07-22,sideways,40.62,53.72
SOLUSDT,2022-07-23,sideways,40.04,52.48
SOLUSDT,2022-07-24,sideways,41.01,54.37
SOLUSDT,2022-07-25,bear,36.71,45.65
SOLUSDT,2022-07-26,bear,36.19,44.72
SOLUSDT,2022-07-27,sideways,40.31,52.94
SOLUSDT,2022-07-28,sideways,42.85,57.16
SOLUSDT,2022-07-29,sideways,41.93,55.23
SOLUSDT,2022-07-30,sideways,43.76,58.26
SOLUSDT,2022-07-31,sideways,42.4,55.27
SOLUSDT,2022-08-01,sideways,41.79,53.93
SOLUSDT,2022-08-02,sideways,39.75,49.62
SOLUSDT,2022-08-03,sideways,38.54,47.2
SOLUSDT,2022-08-04,sideways,38.83,47.84
SOLUSDT,2022-08-05,sideways,40.56,51.7
SOLUSDT,2022-08-06,sideways,40.06,50.53
SOLUSDT,2022-08-07,sideways,40.61,51.81
SOLUSDT,2022-08-08,sideways,42.17,55.36
SOLUSDT,2022-08-09,sideways,40.37,50.74
SOLUSDT,2022-08-10,sideways,42.37,55.21
SOLUSDT,2022-08-11,sideways,42.82,56.18
SOLUSDT,2022-08-12,sideways,45.33,61.22
SOLUSDT,2022-08-13,sideways,46.49,63.29
SOLUSDT,2022-08-14,sideways,44.92,58.68
SOLUSDT,2022-08-15,sideways,43.82,55.63
SOLUSDT,2022-08-16,sideways,43.16,53.8
SOLUSDT,2022-08-17,sideways,40.4,46.92
SOLUSDT,2022-08-18,bear,39.55,44.99
SOLUSDT,2022-08-19,bear,35.89,37.85
SOLUSDT,2022-08-20,bear,35.27,36.78
SOLUSDT,2022-08-21,bear,36.53,40.46
SOLUSDT,2022-08-22,bear,35.47,38.44
SOLUSDT,2022-08-23,bear,35.65,38.97
SOLUSDT,2022-08-24,sideways,34.96,37.57
SOLUSDT,2022-08-25,sideways,35.32,38.81
SOLUSDT,2022-08-26,bear,31.73,31.98
SOLUSDT,2022-08-27,bear,31.54,31.67
SOLUSDT,2022-08-28,bear,30.39,29.75
SOLUSDT,2022-08-29,bear,32.47,37.16
SOLUSDT,2022-08-30,bear,31.41,35.13
SOLUSDT,2022-08-31,bear,31.47,35.35
SOLUSDT,2022-09-01,bear,31.59,35.79
SOLUSDT,2022-09-02,bear,31.23,34.98
SOLUSDT,2022-09-03,bear,31.11,34.71
SOLUSDT,2022-09-04,bear,32.11,39.09
SOLUSDT,2022-09-05,bear,32.19,39.47
SOLUSDT,2022-09-06,bear,30.89,35.85
SOLUSDT,2022-09-07,bear,32.71,43.63
SOLUSDT,2022-09-08,bear,33.61,47.04
SOLUSDT,2022-09-09,bear,34.74,51.05
SOLUSDT,2022-09-10,bear,35.13,52.39
SOLUSDT,2022-09-11,bear,34.97,51.76
SOLUSDT,2022-09-12,bear,37.42,59.73
SOLUSDT,2022-09-13,bear,33.43,46.33
SOLUSDT,2022-09-14,bear,34.09,48.4
SOLUSDT,2022-09-15,bear,33.05,45.43
SOLUSDT,2022-09-16,bear,32.21,43.14
SOLUSDT,2022-09-17,bear,33.75,48.3
SOLUSDT,2022-09-18,bear,31.06,41.26
SOLUSDT,2022-09-19,bear,32.69,46.34
SOLUSDT,2022-09-20,bear,31.43,43.24
SOLUSDT,2022-09-21,bear,30.83,41.78
SOLUSDT,2022-09-22,bear,32.41,46.82
SOLUSDT,2022-09-23,sideways,33.68,50.52
SOLUSDT,2022-09-24,bear,33.46,49.89
SOLUSDT,2022-09-25,sideways,32.34,46.59
SOLUSDT,2022-09-26,sideways,33.88,51.34
SOLUSDT,2022-09-27,sideways,32.75,47.98
SOLUSDT,2022-09-28,sideways,33.24,49.51
SOLUSDT,2022-09-29,sideways,33.95,51.77
SOLUSDT,2022-09-30,sideways,33.21,49.32
SOLUSDT,2022-10-01,sideways,32.47,46.92
SOLUSDT,2022-10-02,sideways,32.06,45.59
SOLUSDT,2022-10-03,sideways,32.97,49.02
SOLUSDT,2022-10-04,sideways,34.12,53.06
SOLUSDT,2022-10-05,sideways,34.07,52.87
SOLUSDT,2022-10-06,sideways,33.34,49.97
SOLUSDT,2022-10-07,sideways,33.0,48.63
SOLUSDT,2022-10-08,sideways,32.58,46.95
SOLUSDT,2022-10-09,bear,32.91,48.47
SOLUSDT,2022-10-10,bear,31.97,44.6
SOLUSDT,2022-10-11,bear,30.78,40.23
SOLUSDT,2022-10-12,bear,31.17,42.21
SOLUSDT,2022-10-13,bear,30.54,39.93
SOLUSDT,2022-10-14,bear,30.01,38.01
SOLUSDT,2022-10-15,bear,29.58,36.5
SOLUSDT,2022-10-16,bear,30.17,40.04
SOLUSDT,2022-10-17,bear,31.22,45.83
SOLUSDT,2022-10-18,sideways,30.16,41.49
SOLUSDT,2022-10-19,bear,28.9,37.0
SOLUSDT,2022-10-20,bear,28.09,34.42
SOLUSDT,2022-10-21,bear,28.11,34.56
SOLUSDT,2022-10-22,bear,28.01,34.24
SOLUSDT,2022-10-23,bear,29.27,41.96
SOLUSDT,2022-10-24,bear,28.31,38.26
SOLUSDT,2022-10-25,sideways,30.94,51.0
SOLUSDT,2022-10-26,bear,31.28,52.38
SOLUSDT,2022-10-27,bear,30.63,49.52
SOLUSDT,2022-10-28,sideways,32.11,55.45
SOLUSDT,2022-10-29,sideways,32.86,58.13
SOLUSDT,2022-10-30,sideways,32.97,58.52
SOLUSDT,2022-10-31,sideways,32.61,56.66
SOLUSDT,2022-11-01,sideways,32.25,54.75
SOLUSDT,2022-11-02,bear,30.79,47.76
SOLUSDT,2022-11-03,bear,30.84,48.03
SOLUSDT,2022-11-04,sideways,33.78,59.91
SOLUSDT,2022-11-05,sideways,36.77,67.93
SOLUSDT,2022-11-06,sideways,32.68,52.47
SOLUSDT,2022-11-07,bear,29.6,44.27
SOLUSDT,2022-11-08,bear,24.15,34.13
SOLUSDT,2022-11-09,bear,13.94,23.33
SOLUSDT,2022-11-10,bear,17.68,31.84
SOLUSDT,2022-11-11,bear,16.33,30.52
SOLUSDT,2022-11-12,bear,14.54,28.82
SOLUSDT,2022-11-13,bear,13.16,27.55
SOLUSDT,2022-11-14,bear,14.0,29.58
SOLUSDT,2022-11-15,bear,14.3,30.34
SOLUSDT,2022-11-16,bear,14.29,30.32
SOLUSDT,2022-11-17,bear,13.64,29.53
SOLUSDT,2022-11-18,bear,13.25,29.04
SOLUSDT,2022-11-19,bear,12.85,28.52
SOLUSDT,2022-11-20,bear,12.25,27.71
SOLUSDT,2022-11-21,bear,11.85,27.15
SOLUSDT,2022-11-22,bear,12.44,29.38
SOLUSDT,2022-11-23,bear,14.35,36.23
SOLUSDT,2022-11-24,bear,14.58,37.03
SOLUSDT,2022-11-25,bear,14.06,35.94
SOLUSDT,2022-11-26,bear,14.16,36.31
SOLUSDT,2022-11-27,bear,14.12,36.21
SOLUSDT,2022-11-28,bear,13.4,34.5
SOLUSDT,2022-11-29,bear,13.37,34.42
SOLUSDT,2022-11-30,bear,14.12,37.97
SOLUSDT,2022-12-01,bear,13.48,36.17
SOLUSDT,2022-12-02,bear,13.72,37.35
SOLUSDT,2022-12-03,bear,13.3,36.09
SOLUSDT,2022-12-04,bear,13.72,38.35
SOLUSDT,2022-12-05,bear,13.83,38.98
SOLUSDT,2022-12-06,bear,14.29,41.6
SOLUSDT,2022-12-07,bear,13.52,38.61
SOLUSDT,2022-12-08,bear,13.69,39.64
SOLUSDT,2022-12-09,sideways,13.58,39.18
SOLUSDT,2022-12-10,bear,13.58,39.17
SOLUSDT,2022-12-11,bear,13.43,38.47
SOLUSDT,2022-12-12,bear,13.32,37.93
SOLUSDT,2022-12-13,sideways,13.83,42.03
SOLUSDT,2022-12-14,sideways,14.14,44.39
SOLUSDT,2022-12-15,sideways,14.02,43.64
SOLUSDT,2022-12-16,bear,12.27,34.5
SOLUSDT,2022-12-17,bear,12.5,36.44
SOLUSDT,2022-12-18,bear,12.41,36.0
SOLUSDT,2022-12-19,bear,11.93,33.69
SOLUSDT,2022-12-20,sideways,12.28,36.85
SOLUSDT,2022-12-21,sideways,12.13,36.04
SOLUSDT,2022-12-22,bear,11.79,34.26
SOLUSDT,2022-12-23,bear,11.79,34.22
SOLUSDT,2022-12-24,bear,11.44,32.32
SOLUSDT,2022-12-25,bear,11.39,32.01
SOLUSDT,2022-12-26,bear,11.31,31.53
SOLUSDT,2022-12-27,bear,11.09,30.21
SOLUSDT,2022-12-28,bear,9.76,23.78
SOLUSDT,2022-12-29,bear,9.65,23.36
SOLUSDT,2022-12-30,bear,9.88,26.43
SOLUSDT,2022-12-31,bear,9.96,27.53
SOLUSDT,2023-01-01,bear,9.98,27.84
SOLUSDT,2023-01-02,bear,11.27,43.49
SOLUSDT,2023-01-03,sideways,13.34,58.9
SOLUSDT,2023-01-04,sideways,13.44,59.42
SOLUSDT,2023-01-05,sideways,13.42,59.28
SOLUSDT,2023-01-06,sideways,13.53,59.97
SOLUSDT,2023-01-07,sideways,13.09,55.82
SOLUSDT,2023-01-08,sideways,14.32,63.52
SOLUSDT,2023-01-09,sideways,16.3,72.0
SOLUSDT,2023-01-10,sideways,16.2,71.05
SOLUSDT,2023-01-11,sideways,16.36,71.67
SOLUSDT,2023-01-12,sideways,16.62,72.67
SOLUSDT,2023-01-13,sideways,18.29,78.06
SOLUSDT,2023-01-14,sideways,24.25,87.51
SOLUSDT,2023-01-15,sideways,22.87,79.04
SOLUSDT,2023-01-16,sideways,23.58,80.11
SOLUSDT,2023-01-17,sideways,22.88,76.02
SOLUSDT,2023-01-18,sideways,20.85,65.48
SOLUSDT,2023-01-19,sideways,21.43,66.88
SOLUSDT,2023-01-20,sideways,25.55,74.77
SOLUSDT,2023-01-21,sideways,24.63,70.72
SOLUSDT,2023-01-22,sideways,24.23,68.99
SOLUSDT,2023-01-23,sideways,24.36,69.25
SOLUSDT,2023-01-24,sideways,22.8,62.32
SOLUSDT,2023-01-25,sideways,24.57,66.43
SOLUSDT,2023-01-26,sideways,24.35,65.48
SOLUSDT,2023-01-27,sideways,24.41,65.62
SOLUSDT,2023-01-28,sideways,23.98,63.58
SOLUSDT,2023-01-29,sideways,26.13,68.84
SOLUSDT,2023-01-30,sideways,23.95,59.44
SOLUSDT,2023-01-31,sideways,23.95,59.45
SOLUSDT,2023-02-01,sideways,24.99,62.3
SOLUSDT,2023-02-02,sideways,24.27,59.17
SOLUSDT,2023-02-03,sideways,24.68,60.39
SOLUSDT,2023-02-04,sideways,24.32,58.74
SOLUSDT,2023-02-05,sideways,23.49,55.05
SOLUSDT,2023-02-06,sideways,22.71,51.72
SOLUSDT,2023-02-07,sideways,23.86,55.94
SOLUSDT,2023-02-08,sideways,23.19,53.05
SOLUSDT,2023-02-09,sideways,20.45,43.19
SOLUSDT,2023-02-10,sideways,20.13,42.2
SOLUSDT,2023-02-11,sideways,20.83,45.15
SOLUSDT,2023-02-12,sideways,21.49,47.85
SOLUSDT,2023-02-13,sideways,20.79,45.3
SOLUSDT,2023-02-14,sideways,21.82,49.58
SOLUSDT,2023-02-15,sideways,23.88,56.81
SOLUSDT,2023-02-16,sideways,22.29,50.73
SOLUSDT,2023-02-17,sideways,23.17,53.67
SOLUSDT,2023-02-18,sideways,23.48,54.7
SOLUSDT,2023-02-19,sideways,24.84,59.0
SOLUSDT,2023-02-20,bull,26.18,62.75
SOLUSDT,2023-02-21,sideways,24.95,57.54
SOLUSDT,2023-02-22,sideways,24.18,54.51
SOLUSDT,2023-02-23,sideways,23.9,53.4
SOLUSDT,2023-02-24,sideways,23.05,50.09
SOLUSDT,2023-02-25,sideways,22.52,48.08
SOLUSDT,2023-02-26,sideways,23.26,51.01
SOLUSDT,2023-02-27,bear,22.69,48.73
SOLUSDT,2023-02-28,bear,21.92,45.71
SOLUSDT,2023-03-01,bear,22.51,48.34
SOLUSDT,2023-03-02,bear,21.98,46.21
SOLUSDT,2023-03-03,bear,21.4,43.88
SOLUSDT,2023-03-04,bear,20.97,42.18
SOLUSDT,2023-03-05,bear,20.98,42.25
SOLUSDT,2023-03-06,bear,20.64,40.8
SOLUSDT,2023-03-07,bear,20.24,39.16
SOLUSDT,2023-03-08,bear,18.42,32.56
SOLUSDT,2023-03-09,bear,17.31,29.31
SOLUSDT,2023-03-10,bear,18.24,35.16
SOLUSDT,2023-03-11,bear,18.23,35.1
SOLUSDT,2023-03-12,sideways,20.31,46.53
SOLUSDT,2023-03-13,sideways,20.43,47.12
SOLUSDT,2023-03-14,sideways,20.93,49.53
SOLUSDT,2023-03-15,bear,19.29,42.59
SOLUSDT,2023-03-16,bear,19.73,44.83
SOLUSDT,2023-03-17,bear,21.63,53.29
SOLUSDT,2023-03-18,sideways,21.2,51.35
SOLUSDT,2023-03-19,bear,21.9,54.27
SOLUSDT,2023-03-20,sideways,22.18,55.39
SOLUSDT,2023-03-21,sideways,22.62,57.2
SOLUSDT,2023-03-22,bear,21.48,51.4
SOLUSDT,2023-03-23,sideways,22.22,54.61
SOLUSDT,2023-03-24,bear,20.68,47.55
SOLUSDT,2023-03-25,bear,20.45,46.57
SOLUSDT,2023-03-26,bear,20.98,49.14
SOLUSDT,2023-03-27,bear,19.92,44.54
SOLUSDT,2023-03-28,bear,20.47,47.31
SOLUSDT,2023-03-29,bear,21.11,50.42
SOLUSDT,2023-03-30,bear,20.55,47.76
SOLUSDT,2023-03-31,bear,21.17,50.84
SOLUSDT,2023-04-01,sideways,20.98,49.85
SOLUSDT,2023-04-02,sideways,20.54,47.59
SOLUSDT,2023-04-03,sideways,20.44,47.1
SOLUSDT,2023-04-04,sideways,20.92,49.95
SOLUSDT,2023-04-05,sideways,20.97,50.2
SOLUSDT,2023-04-06,sideways,20.61,47.99
SOLUSDT,2023-04-07,sideways,20.47,47.11
SOLUSDT,2023-04-08,sideways,20.04,44.4
SOLUSDT,2023-04-09,sideways,20.3,46.42
SOLUSDT,2023-04-10,sideways,20.88,50.68
SOLUSDT,2023-04-11,bull,23.02,62.47
SOLUSDT,2023-04-12,bull,23.99,66.39
SOLUSDT,2023-04-13,bull,24.43,68.05
SOLUSDT,2023-04-14,bull,24.77,69.29
SOLUSDT,2023-04-15,bull,24.08,63.84
SOLUSDT,2023-04-16,bull,25.36,68.74
SOLUSDT,2023-04-17,bull,24.56,62.98
SOLUSDT,2023-04-18,bull,24.85,64.17
SOLUSDT,2023-04-19,sideways,22.71,51.31
SOLUSDT,2023-04-20,sideways,22.18,48.71
SOLUSDT,2023-04-21,sideways,21.28,44.56
SOLUSDT,2023-04-22,sideways,21.82,47.43
SOLUSDT,2023-04-23,sideways,21.48,45.83
SOLUSDT,2023-04-24,sideways,21.39,45.4
SOLUSDT,2023-04-25,sideways,21.93,48.57
SOLUSDT,2023-04-26,sideways,21.28,45.17
SOLUSDT,2023-04-27,bull,22.34,51.2
SOLUSDT,2023-04-28,bull,23.37,56.24
SOLUSDT,2023-04-29,bull,23.18,55.14
SOLUSDT,2023-04-30,bull,22.83,53.02
SOLUSDT,2023-05-01,sideways,21.99,48.19
SOLUSDT,2023-05-02,bull,22.26,49.81
SOLUSDT,2023-05-03,bull,22.22,49.53
SOLUSDT,2023-05-04,sideways,21.73,46.59
SOLUSDT,2023-05-05,bull,22.83,53.3
SOLUSDT,2023-05-06,bull,21.97,48.23
SOLUSDT,2023-05-07,sideways,21.84,47.49
SOLUSDT,2023-05-08,sideways,20.66,41.24
SOLUSDT,2023-05-09,sideways,20.68,41.43
SOLUSDT,2023-05-10,sideways,20.95,43.38
SOLUSDT,2023-05-11,sideways,20.23,39.59
SOLUSDT,2023-05-12,sideways,20.91,44.51
SOLUSDT,2023-05-13,sideways,20.87,44.26
SOLUSDT,2023-05-14,sideways,20.95,44.91
SOLUSDT,2023-05-15,sideways,21.01,45.35
SOLUSDT,2023-05-16,sideways,20.68,43.11
SOLUSDT,2023-05-17,sideways,21.07,46.48
SOLUSDT,2023-05-18,sideways,20.35,41.58
SOLUSDT,2023-05-19,sideways,20.35,41.59
SOLUSDT,2023-05-20,sideways,20.29,41.14
SOLUSDT,2023-05-21,sideways,19.61,36.66
SOLUSDT,2023-05-22,sideways,19.54,36.23
SOLUSDT,2023-05-23,sideways,20.04,41.64
SOLUSDT,2023-05-24,bear,19.22,36.23
SOLUSDT,2023-05-25,sideways,19.26,36.63
SOLUSDT,2023-05-26,sideways,19.37,37.84
SOLUSDT,2023-05-27,sideways,20.43,48.38
SOLUSDT,2023-05-28,sideways,20.8,51.5
SOLUSDT,2023-05-29,sideways,20.59,49.66
SOLUSDT,2023-05-30,sideways,21.25,55.1
SOLUSDT,2023-05-31,sideways,20.82,51.26
SOLUSDT,2023-06-01,sideways,20.5,48.53
SOLUSDT,2023-06-02,sideways,21.26,54.63
SOLUSDT,2023-06-03,sideways,21.16,53.71
SOLUSDT,2023-06-04,sideways,21.82,58.62
SOLUSDT,2023-06-05,sideways,20.08,45.08
SOLUSDT,2023-06-06,sideways,20.4,47.5
SOLUSDT,2023-06-07,bear,18.63,37.73
SOLUSDT,2023-06-08,bear,18.91,39.81
SOLUSDT,2023-06-09,bear,17.38,33.18
SOLUSDT,2023-06-10,bear,15.66,27.6
SOLUSDT,2023-06-11,bear,15.56,27.32
SOLUSDT,2023-06-12,bear,15.2,26.25
SOLUSDT,2023-06-13,bear,15.02,25.72
SOLUSDT,2023-06-14,bear,14.49,24.15
SOLUSDT,2023-06-15,bear,14.76,26.63
SOLUSDT,2023-06-16,bear,15.31,31.47
SOLUSDT,2023-06-17,bear,15.65,34.38
SOLUSDT,2023-06-18,bear,15.44,33.43
SOLUSDT,2023-06-19,bear,16.07,38.87
SOLUSDT,2023-06-20,bear,16.64,43.28
SOLUSDT,2023-06-21,bear,17.26,47.77
SOLUSDT,2023-06-22,bear,16.64,44.06
SOLUSDT,2023-06-23,bear,17.15,47.67
SOLUSDT,2023-06-24,bear,16.65,44.63
SOLUSDT,2023-06-25,bear,16.97,46.97
SOLUSDT,2023-06-26,bear,16.27,42.69
SOLUSDT,2023-06-27,bear,16.62,45.36
SOLUSDT,2023-06-28,bear,15.99,41.59
SOLUSDT,2023-06-29,bear,17.97,54.4
SOLUSDT,2023-06-30,sideways,18.9,58.93
SOLUSDT,2023-07-01,sideways,18.68,57.51
SOLUSDT,2023-07-02,sideways,19.45,61.14
SOLUSDT,2023-07-03,sideways,19.24,59.62
SOLUSDT,2023-07-04,sideways,19.14,58.9
SOLUSDT,2023-07-05,sideways,18.99,57.75
SOLUSDT,2023-07-06,sideways,19.73,61.72
SOLUSDT,2023-07-07,bull,21.48,69.17
SOLUSDT,2023-07-08,bull,21.86,70.49
SOLUSDT,2023-07-09,bull,21.35,66.32
SOLUSDT,2023-07-10,bull,21.31,66.03
SOLUSDT,2023-07-11,bull,22.09,69.24
SOLUSDT,2023-07-12,bull,21.98,68.21
SOLUSDT,2023-07-13,bull,26.03,79.62
SOLUSDT,2023-07-14,bull,26.74,80.91
SOLUSDT,2023-07-15,bull,27.39,82.05
SOLUSDT,2023-07-16,bull,27.38,81.99
SOLUSDT,2023-07-17,bull,26.87,77.81
SOLUSDT,2023-07-18,bull,25.54,68.11
SOLUSDT,2023-07-19,bull,26.37,70.57
SOLUSDT,2023-07-20,bull,25.38,64.14
SOLUSDT,2023-07-21,bull,25.54,64.73
SOLUSDT,2023-07-22,bull,24.54,58.57
SOLUSDT,2023-07-23,bull,24.77,59.52
SOLUSDT,2023-07-24,bull,23.38,51.85
SOLUSDT,2023-07-25,bull,23.28,51.32
SOLUSDT,2023-07-26,bull,25.18,59.53
SOLUSDT,2023-07-27,bull,25.1,59.09
SOLUSDT,2023-07-28,bull,24.85,57.6
SOLUSDT,2023-07-29,bull,25.17,59.02
SOLUSDT,2023-07-30,bull,24.26,53.58
SOLUSDT,2023-07-31,bull,23.72,50.6
SOLUSDT,2023-08-01,bull,24.0,52.08
SOLUSDT,2023-08-02,bull,23.15,47.38
SOLUSDT,2023-08-03,bull,22.64,44.79
SOLUSDT,2023-08-04,bull,22.79,45.78
SOLUSDT,2023-08-05,bull,22.63,44.89
SOLUSDT,2023-08-06,bull,23.19,48.57
SOLUSDT,2023-08-07,bull,23.07,47.84
SOLUSDT,2023-08-08,bull,24.21,54.94
SOLUSDT,2023-08-09,bull,24.38,55.89
SOLUSDT,2023-08-10,bull,24.61,57.24
SOLUSDT,2023-08-11,bull,24.58,57.0
SOLUSDT,2023-08-12,sideways,24.91,59.01
SOLUSDT,2023-08-13,sideways,24.24,53.49
SOLUSDT,2023-08-14,sideways,25.14,59.08
SOLUSDT,2023-08-15,sideways,23.9,50.1
SOLUSDT,2023-08-16,sideways,22.81,43.86
SOLUSDT,2023-08-17,sideways,21.71,38.59
SOLUSDT,2023-08-18,bear,21.34,36.97
SOLUSDT,2023-08-19,sideways,21.88,40.86
SOLUSDT,2023-08-20,sideways,21.77,40.34
SOLUSDT,2023-08-21,bear,21.21,37.58
SOLUSDT,2023-08-22,bear,20.55,34.59
SOLUSDT,2023-08-23,sideways,21.7,43.1
SOLUSDT,2023-08-24,bear,21.03,39.87
SOLUSDT,2023-08-25,bear,20.39,37.01
SOLUSDT,2023-08-26,bear,20.28,36.51
SOLUSDT,2023-08-27,bear,20.79,40.38
SOLUSDT,2023-08-28,bear,20.56,39.21
SOLUSDT,2023-08-29,sideways,21.78,47.86
SOLUSDT,2023-08-30,bear,20.83,42.79
SOLUSDT,2023-08-31,bear,19.74,37.78
SOLUSDT,2023-09-01,bear,19.33,36.1
SOLUSDT,2023-09-02,bear,19.49,37.33
SOLUSDT,2023-09-03,bear,19.58,37.98
SOLUSDT,2023-09-04,bear,19.5,37.59
SOLUSDT,2023-09-05,bear,20.27,43.74
SOLUSDT,2023-09-06,bear,19.62,40.14
SOLUSDT,2023-09-07,bear,19.89,42.26
SOLUSDT,2023-09-08,bear,19.6,40.59
SOLUSDT,2023-09-09,bear,19.45,39.71
SOLUSDT,2023-09-10,bear,18.25,33.54
SOLUSDT,2023-09-11,bear,17.74,31.31
SOLUSDT,2023-09-12,bear,17.93,33.1
SOLUSDT,2023-09-13,bear,18.4,37.46
SOLUSDT,2023-09-14,bear,18.84,41.25
SOLUSDT,2023-09-15,bear,19.17,44.03
SOLUSDT,2023-09-16,bear,19.14,43.84
SOLUSDT,2023-09-17,bear,18.83,41.71
SOLUSDT,2023-09-18,bear,19.66,48.86
SOLUSDT,2023-09-19,bear,20.04,51.78
SOLUSDT,2023-09-20,sideways,20.3,53.79
SOLUSDT,2023-09-21,bear,19.48,47.26
SOLUSDT,2023-09-22,bear,19.44,46.95
SOLUSDT,2023-09-23,bear,19.47,47.27
SOLUSDT,2023-09-24,sideways,19.37,46.43
SOLUSDT,2023-09-25,sideways,19.4,46.74
SOLUSDT,2023-09-26,bear,19.02,43.34
SOLUSDT,2023-09-27,bear,19.13,44.56
SOLUSDT,2023-09-28,bear,19.96,52.98
SOLUSDT,2023-09-29,sideways,20.3,55.96
SOLUSDT,2023-09-30,bull,21.4,63.85
SOLUSDT,2023-10-01,bull,23.84,74.72
SOLUSDT,2023-10-02,bull,23.37,70.38
SOLUSDT,2023-10-03,bull,23.55,71.09
SOLUSDT,2023-10-04,bull,23.14,67.21
SOLUSDT,2023-10-05,bull,22.69,63.11
SOLUSDT,2023-10-06,bull,23.42,66.66
SOLUSDT,2023-10-07,bull,23.29,65.39
SOLUSDT,2023-10-08,bull,23.25,64.99
SOLUSDT,2023-10-09,bull,22.12,55.03
SOLUSDT,2023-10-10,bull,22.11,54.93
SOLUSDT,2023-10-11,bull,22.01,54.1
SOLUSDT,2023-10-12,bull,21.3,48.39
SOLUSDT,2023-10-13,bull,21.83,52.47
SOLUSDT,2023-10-14,bull,22.01,53.77
SOLUSDT,2023-10-15,bull,21.92,52.98
SOLUSDT,2023-10-16,bull,23.98,65.55
SOLUSDT,2023-10-17,bull,23.96,65.33
SOLUSDT,2023-10-18,bull,23.43,60.55
SOLUSDT,2023-10-19,bull,24.94,67.8
SOLUSDT,2023-10-20,bull,27.03,74.76
SOLUSDT,2023-10-21,bull,29.39,79.99
SOLUSDT,2023-10-22,bull,29.04,77.42
SOLUSDT,2023-10-23,bull,31.85,82.33
SOLUSDT,2023-10-24,bull,30.15,72.13
SOLUSDT,2023-10-25,bull,32.46,76.41
SOLUSDT,2023-10-26,bull,32.78,76.93
SOLUSDT,2023-10-27,bull,31.74,71.35
SOLUSDT,2023-10-28,bull,31.65,70.89
SOLUSDT,2023-10-29,bull,32.82,73.4
SOLUSDT,2023-10-30,bull,34.96,77.26
SOLUSDT,2023-10-31,bull,38.52,81.95
SOLUSDT,2023-11-01,bull,41.46,84.75
SOLUSDT,2023-11-02,bull,40.21,79.11
SOLUSDT,2023-11-03,bull,39.52,76.12
SOLUSDT,2023-11-04,bull,42.35,79.55
SOLUSDT,2023-11-05,bull,41.24,75.01
SOLUSDT,2023-11-06,bull,42.13,76.18
SOLUSDT,2023-11-07,bull,43.09,77.42
SOLUSDT,2023-11-08,bull,43.19,77.55
SOLUSDT,2023-11-09,bull,45.44,80.31
SOLUSDT,2023-11-10,bull,56.64,88.12
SOLUSDT,2023-11-11,bull,56.1,86.34
SOLUSDT,2023-11-12,bull,56.15,86.37
SOLUSDT,2023-11-13,bull,51.91,72.96
SOLUSDT,2023-11-14,bull,56.84,77.36
SOLUSDT,2023-11-15,bull,65.53,82.7
SOLUSDT,2023-11-16,bull,57.87,67.57
SOLUSDT,2023-11-17,bull,58.42,68.02
SOLUSDT,2023-11-18,bull,58.51,68.1
SOLUSDT,2023-11-19,bull,61.39,70.59
SOLUSDT,2023-11-20,bull,56.53,61.84
SOLUSDT,2023-11-21,bull,52.0,54.99
SOLUSDT,2023-11-22,bull,57.59,60.76
SOLUSDT,2023-11-23,bull,56.6,59.31
SOLUSDT,2023-11-24,bull,56.87,59.59
SOLUSDT,2023-11-25,bull,58.85,61.7
SOLUSDT,2023-11-26,bull,57.64,59.66
SOLUSDT,2023-11-27,bull,55.06,55.44
SOLUSDT,2023-11-28,bull,58.19,59.21
SOLUSDT,2023-11-29,bull,59.25,60.43
SOLUSDT,2023-11-30,bull,59.24,60.41
SOLUSDT,2023-12-01,bull,59.8,61.13
SOLUSDT,2023-12-02,bull,63.83,65.89
SOLUSDT,2023-12-03,bull,63.04,64.22
SOLUSDT,2023-12-04,bull,61.53,61.05
SOLUSDT,2023-12-05,bull,60.99,59.93
SOLUSDT,2023-12-06,bull,61.9,61.24
SOLUSDT,2023-12-07,bull,67.84,68.48
SOLUSDT,2023-12-08,bull,75.0,74.64
SOLUSDT,2023-12-09,bull,72.26,69.07
SOLUSDT,2023-12-10,bull,74.71,71.14
SOLUSDT,2023-12-11,bull,70.37,63.09
SOLUSDT,2023-12-12,bull,68.54,60.01
SOLUSDT,2023-12-13,bull,70.77,62.42
SOLUSDT,2023-12-14,bull,75.62,67.07
SOLUSDT,2023-12-15,bull,72.37,61.57
SOLUSDT,2023-12-16,bull,73.47,62.69
SOLUSDT,2023-12-17,bull,71.0,58.57
SOLUSDT,2023-12-18,bull,74.35,62.19
SOLUSDT,2023-12-19,bull,72.99,59.91
SOLUSDT,2023-12-20,bull,82.19,68.39
SOLUSDT,2023-12-21,bull,93.85,75.47
SOLUSDT,2023-12-22,bull,98.0,77.41
SOLUSDT,2023-12-23,bull,107.59,81.12
SOLUSDT,2023-12-24,bull,112.49,82.68
SOLUSDT,2023-12-25,bull,121.15,85.05
SOLUSDT,2023-12-26,bull,112.68,74.36
SOLUSDT,2023-12-27,bull,107.02,68.21
SOLUSDT,2023-12-28,bull,102.1,63.3
SOLUSDT,2023-12-29,bull,106.31,65.58
SOLUSDT,2023-12-30,bull,101.85,61.22
SOLUSDT,2023-12-31,bull,101.51,60.89
SOLUSDT,2024-01-01,bull,109.51,65.61
SOLUSDT,2024-01-02,bull,106.61,62.66
SOLUSDT,2024-01-03,bull,98.59,55.27
SOLUSDT,2024-01-04,bull,105.08,59.44
SOLUSDT,2024-01-05,bull,99.98,55.09
SOLUSDT,2024-01-06,bull,93.86,50.32
SOLUSDT,2024-01-07,bull,89.28,47.05
SOLUSDT,2024-01-08,bull,97.79,53.15
SOLUSDT,2024-01-09,bull,99.41,54.23
SOLUSDT,2024-01-10,bull,102.03,56.01
SOLUSDT,2024-01-11,bull,99.91,54.18
SOLUSDT,2024-01-12,bull,91.72,47.71
SOLUSDT,2024-01-13,bull,95.73,50.81
SOLUSDT,2024-01-14,bull,94.13,49.55
SOLUSDT,2024-01-15,bull,94.49,49.85
SOLUSDT,2024-01-16,bull,97.63,52.51
SOLUSDT,2024-01-17,bull,102.06,56.07
SOLUSDT,2024-01-18,bull,94.25,49.1
SOLUSDT,2024-01-19,bull,93.39,48.38
SOLUSDT,2024-01-20,sideways,92.57,47.67
SOLUSDT,2024-01-21,sideways,90.85,46.14
SOLUSDT,2024-01-22,sideways,83.62,40.29
SOLUSDT,2024-01-23,sideways,84.27,41.01
SOLUSDT,2024-01-24,sideways,88.73,45.87
SOLUSDT,2024-01-25,sideways,86.89,44.25
SOLUSDT,2024-01-26,sideways,92.44,49.98
SOLUSDT,2024-01-27,sideways,94.16,51.64
SOLUSDT,2024-01-28,sideways,95.94,53.36
SOLUSDT,2024-01-29,sideways,101.57,58.41
SOLUSDT,2024-01-30,sideways,101.47,58.3
SOLUSDT,2024-01-31,sideways,97.03,53.05
SOLUSDT,2024-02-01,sideways,97.85,53.87
SOLUSDT,2024-02-02,sideways,100.44,56.48
SOLUSDT,2024-02-03,sideways,97.88,53.28
SOLUSDT,2024-02-04,sideways,95.48,50.39
SOLUSDT,2024-02-05,sideways,95.55,50.48
SOLUSDT,2024-02-06,sideways,96.86,52.12
SOLUSDT,2024-02-07,sideways,100.98,56.94
SOLUSDT,2024-02-08,sideways,102.79,58.89
SOLUSDT,2024-02-09,sideways,106.93,63.04
SOLUSDT,2024-02-10,bull,109.13,65.05
SOLUSDT,2024-02-11,bull,107.5,62.33
SOLUSDT,2024-02-12,bull,111.99,66.48
SOLUSDT,2024-02-13,bull,112.58,66.99
SOLUSDT,2024-02-14,bull,116.98,70.61
SOLUSDT,2024-02-15,bull,113.7,64.9
SOLUSDT,2024-02-16,bull,110.45,59.74
SOLUSDT,2024-02-17,bull,108.98,57.53
SOLUSDT,2024-02-18,bull,112.17,60.93
SOLUSDT,2024-02-19,bull,111.49,59.81
SOLUSDT,2024-02-20,bull,108.46,55.05
SOLUSDT,2024-02-21,bull,105.13,50.3
SOLUSDT,2024-02-22,bull,101.67,45.88
SOLUSDT,2024-02-23,bull,99.95,43.82
SOLUSDT,2024-02-24,bull,104.13,49.74
SOLUSDT,2024-02-25,bull,103.45,48.84
SOLUSDT,2024-02-26,bull,109.92,56.84
SOLUSDT,2024-02-27,bull,108.39,54.66
SOLUSDT,2024-02-28,bull,118.05,64.05
SOLUSDT,2024-02-29,bull,125.71,69.44
SOLUSDT,2024-03-01,bull,129.99,71.97
SOLUSDT,2024-03-02,bull,129.7,71.54
SOLUSDT,2024-03-03,bull,130.45,72.01
SOLUSDT,2024-03-04,bull,133.19,73.71
SOLUSDT,2024-03-05,bull,125.71,62.52
SOLUSDT,2024-03-06,bull,130.74,66.24
SOLUSDT,2024-03-07,bull,143.98,73.63
SOLUSDT,2024-03-08,bull,145.24,74.21
SOLUSDT,2024-03-09,bull,144.61,73.34
SOLUSDT,2024-03-10,bull,144.52,73.2
SOLUSDT,2024-03-11,bull,148.75,75.44
SOLUSDT,2024-03-12,bull,151.02,76.56
SOLUSDT,2024-03-13,bull,163.84,81.68
SOLUSDT,2024-03-14,bull,176.68,85.17
SOLUSDT,2024-03-15,bull,182.96,86.52
SOLUSDT,2024-03-16,bull,181.88,85.08
SOLUSDT,2024-03-17,bull,202.12,88.83
SOLUSDT,2024-03-18,bull,195.99,82.1
SOLUSDT,2024-03-19,bull,170.02,61.03
SOLUSDT,2024-03-20,bull,191.55,68.29
SOLUSDT,2024-03-21,bull,179.22,61.25
SOLUSDT,2024-03-22,bull,174.36,58.68
SOLUSDT,2024-03-23,bull,172.9,57.9
SOLUSDT,2024-03-24,bull,183.57,61.91
SOLUSDT,2024-03-25,bull,189.08,63.83
SOLUSDT,2024-03-26,bull,190.7,64.39
SOLUSDT,2024-03-27,bull,186.36,61.61
SOLUSDT,2024-03-28,bull,189.62,62.91
SOLUSDT,2024-03-29,bull,192.23,63.96
SOLUSDT,2024-03-30,bull,194.39,64.84
SOLUSDT,2024-03-31,bull,202.87,68.16
SOLUSDT,2024-04-01,bull,192.57,60.67
SOLUSDT,2024-04-02,bull,181.17,53.65
SOLUSDT,2024-04-03,bull,185.25,55.63
SOLUSDT,2024-04-04,bull,183.96,54.83
SOLUSDT,2024-04-05,bull,174.5,49.25
SOLUSDT,2024-04-06,bull,178.92,51.72
SOLUSDT,2024-04-07,bull,179.65,52.14
SOLUSDT,2024-04-08,bull,180.78,52.82
SOLUSDT,2024-04-09,bull,172.41,47.47
SOLUSDT,2024-04-10,bull,173.44,48.16
SOLUSDT,2024-04-11,bull,172.58,47.6
SOLUSDT,2024-04-12,sideways,153.64,37.22
SOLUSDT,2024-04-13,sideways,139.34,31.61
SOLUSDT,2024-04-14,sideways,151.28,39.77
SOLUSDT,2024-04-15,sideways,138.51,34.97
SOLUSDT,2024-04-16,sideways,136.28,34.19
SOLUSDT,2024-04-17,sideways,131.87,32.65
SOLUSDT,2024-04-18,sideways,142.08,39.47
SOLUSDT,2024-04-19,sideways,142.68,39.85
SOLUSDT,2024-04-20,sideways,151.13,45.15
SOLUSDT,2024-04-21,sideways,148.61,43.9
SOLUSDT,2024-04-22,sideways,157.03,48.95
SOLUSDT,2024-04-23,sideways,154.7,47.67
SOLUSDT,2024-04-24,sideways,147.75,43.98
SOLUSDT,2024-04-25,sideways,144.89,42.53
SOLUSDT,2024-04-26,sideways,139.1,39.66
SOLUSDT,2024-04-27,sideways,141.29,41.27
SOLUSDT,2024-04-28,sideways,137.86,39.49
SOLUSDT,2024-04-29,sideways,137.78,39.44
SOLUSDT,2024-04-30,sideways,126.96,34.07
SOLUSDT,2024-05-01,sideways,134.63,40.28
SOLUSDT,2024-05-02,sideways,137.81,42.7
SOLUSDT,2024-05-03,sideways,143.77,47.01
SOLUSDT,2024-05-04,sideways,146.14,48.66
SOLUSDT,2024-05-05,sideways,145.71,48.37
SOLUSDT,2024-05-06,sideways,152.8,53.39
SOLUSDT,2024-05-07,sideways,148.13,49.95
SOLUSDT,2024-05-08,sideways,142.29,45.95
SOLUSDT,2024-05-09,sideways,152.85,53.24
SOLUSDT,2024-05-10,sideways,146.22,48.79
SOLUSDT,2024-05-11,sideways,145.31,48.2
SOLUSDT,2024-05-12,sideways,143.52,46.98
SOLUSDT,2024-05-13,sideways,147.28,49.84
SOLUSDT,2024-05-14,sideways,142.03,46.1
SOLUSDT,2024-05-15,bull,158.19,56.83
SOLUSDT,2024-05-16,bull,159.12,57.35
SOLUSDT,2024-05-17,bull,169.53,62.82
SOLUSDT,2024-05-18,bull,172.54,64.24
SOLUSDT,2024-05-19,bull,170.09,62.16
SOLUSDT,2024-05-20,bull,186.52,69.35
SOLUSDT,2024-05-21,bull,178.12,62.78
SOLUSDT,2024-05-22,bull,176.86,61.83
SOLUSDT,2024-05-23,bull,175.99,61.14
SOLUSDT,2024-05-24,bull,167.8,54.96
SOLUSDT,2024-05-25,bull,168.44,55.34
SOLUSDT,2024-05-26,bull,163.35,51.62
SOLUSDT,2024-05-27,bull,170.0,55.8
SOLUSDT,2024-05-28,bull,168.65,54.77
SOLUSDT,2024-05-29,bull,168.07,54.31
SOLUSDT,2024-05-30,bull,166.98,53.38
SOLUSDT,2024-05-31,bull,165.64,52.21
SOLUSDT,2024-06-01,bull,166.03,52.54
SOLUSDT,2024-06-02,bull,163.25,49.92
SOLUSDT,2024-06-03,bull,164.92,51.49
SOLUSDT,2024-06-04,bull,171.8,57.39
SOLUSDT,2024-06-05,bull,173.48,58.71
SOLUSDT,2024-06-06,bull,170.02,54.93
SOLUSDT,2024-06-07,bull,162.51,47.74
SOLUSDT,2024-06-08,sideways,157.97,44.0
SOLUSDT,2024-06-09,bull,162.08,47.98
SOLUSDT,2024-06-10,bull,158.93,45.32
SOLUSDT,2024-06-11,sideways,149.43,38.41
SOLUSDT,2024-06-12,sideways,155.18,43.98
SOLUSDT,2024-06-13,sideways,147.31,38.81
SOLUSDT,2024-06-14,sideways,143.09,36.34
SOLUSDT,2024-06-15,sideways,145.41,38.65
SOLUSDT,2024-06-16,sideways,151.13,44.04
SOLUSDT,2024-06-17,sideways,143.33,39.01
SOLUSDT,2024-06-18,sideways,137.5,35.72
SOLUSDT,2024-06-19,sideways,135.61,34.7
SOLUSDT,2024-06-20,sideways,133.47,33.53
SOLUSDT,2024-06-21,sideways,134.59,34.76
SOLUSDT,2024-06-22,sideways,133.67,34.2
SOLUSDT,2024-06-23,bear,128.59,31.19
SOLUSDT,2024-06-24,bear,132.24,35.58
SOLUSDT,2024-06-25,sideways,136.56,40.41
SOLUSDT,2024-06-26,sideways,136.61,40.47
SOLUSDT,2024-06-27,sideways,149.45,52.7
SOLUSDT,2024-06-28,sideways,139.7,45.12
SOLUSDT,2024-06-29,sideways,140.01,45.39
SOLUSDT,2024-06-30,sideways,146.49,50.82
SOLUSDT,2024-07-01,sideways,146.6,50.9
SOLUSDT,2024-07-02,sideways,153.7,56.4
SOLUSDT,2024-07-03,sideways,140.73,46.22
SOLUSDT,2024-07-04,bear,127.55,38.6
SOLUSDT,2024-07-05,bear,134.37,43.77
SOLUSDT,2024-07-06,sideways,143.24,49.7
SOLUSDT,2024-07-07,bear,131.77,43.33
SOLUSDT,2024-07-08,sideways,139.46,48.13
SOLUSDT,2024-07-09,sideways,141.35,49.26
SOLUSDT,2024-07-10,sideways,141.97,49.66
SOLUSDT,2024-07-11,bear,135.88,45.93
SOLUSDT,2024-07-12,sideways,139.53,48.42
SOLUSDT,2024-07-13,sideways,141.92,50.06
SOLUSDT,2024-07-14,sideways,147.62,53.8
SOLUSDT,2024-07-15,bull,159.93,60.67
SOLUSDT,2024-07-16,bull,160.55,60.98
SOLUSDT,2024-07-17,bull,155.58,57.05
SOLUSDT,2024-07-18,bull,159.07,59.05
SOLUSDT,2024-07-19,bull,169.19,64.24
SOLUSDT,2024-07-20,bull,173.89,66.38
SOLUSDT,2024-07-21,bull,184.54,70.65
SOLUSDT,2024-07-22,bull,178.98,65.94
SOLUSDT,2024-07-23,bull,172.76,61.03
SOLUSDT,2024-07-24,bull,178.03,63.51
SOLUSDT,2024-07-25,bull,171.96,58.87
SOLUSDT,2024-07-26,bull,183.14,64.07
SOLUSDT,2024-07-27,bull,184.09,64.49
SOLUSDT,2024-07-28,bull,184.89,64.85
SOLUSDT,2024-07-29,bull,182.78,63.01
SOLUSDT,2024-07-30,bull,179.11,59.83
SOLUSDT,2024-07-31,bull,171.83,54.01
SOLUSDT,2024-08-01,bull,167.67,50.96
SOLUSDT,2024-08-02,bull,152.64,41.77
SOLUSDT,2024-08-03,sideways,142.92,37.12
SOLUSDT,2024-08-04,sideways,138.06,35.01
SOLUSDT,2024-08-05,bear,129.86,31.75
SOLUSDT,2024-08-06,sideways,144.09,41.88
SOLUSDT,2024-08-07,sideways,144.63,42.23
SOLUSDT,2024-08-08,bull,162.93,52.66
SOLUSDT,2024-08-09,bull,156.46,49.27
SOLUSDT,2024-08-10,bull,153.96,47.99
SOLUSDT,2024-08-11,sideways,141.53,42.11
SOLUSDT,2024-08-12,sideways,146.45,44.99
SOLUSDT,2024-08-13,sideways,146.71,45.14
SOLUSDT,2024-08-14,bear,143.92,43.72
SOLUSDT,2024-08-15,bear,142.75,43.1
SOLUSDT,2024-08-16,bear,139.33,41.28
SOLUSDT,2024-08-17,bear,141.8,43.15
SOLUSDT,2024-08-18,bear,142.59,43.77
SOLUSDT,2024-08-19,bear,144.34,45.19
SOLUSDT,2024-08-20,bear,143.17,44.38
SOLUSDT,2024-08-21,bear,142.71,44.05
SOLUSDT,2024-08-22,bear,143.26,44.58
SOLUSDT,2024-08-23,sideways,153.11,53.21
SOLUSDT,2024-08-24,sideways,160.73,58.58
SOLUSDT,2024-08-25,sideways,158.91,56.9
SOLUSDT,2024-08-26,sideways,157.24,55.33
SOLUSDT,2024-08-27,bear,146.9,46.74
SOLUSDT,2024-08-28,bear,143.89,44.58
SOLUSDT,2024-08-29,bear,140.05,41.9
SOLUSDT,2024-08-30,bear,138.1,40.57
SOLUSDT,2024-08-31,bear,135.37,38.72
SOLUSDT,2024-09-01,bear,128.69,34.56
SOLUSDT,2024-09-02,bear,135.0,41.01
SOLUSDT,2024-09-03,bear,127.58,36.46
SOLUSDT,2024-09-04,sideways,133.6,42.08
SOLUSDT,2024-09-05,bear,129.33,39.41
SOLUSDT,2024-09-06,bear,124.99,36.86
SOLUSDT,2024-09-07,bear,127.72,39.52
SOLUSDT,2024-09-08,bear,129.99,41.71
SOLUSDT,2024-09-09,bear,135.03,46.35
SOLUSDT,2024-09-10,sideways,135.64,46.9
SOLUSDT,2024-09-11,bear,132.5,44.37
SOLUSDT,2024-09-12,bear,136.14,47.89
SOLUSDT,2024-09-13,sideways,139.1,50.62
SOLUSDT,2024-09-14,sideways,137.18,48.83
SOLUSDT,2024-09-15,bear,131.5,43.89
SOLUSDT,2024-09-16,bear,131.47,43.87
SOLUSDT,2024-09-17,bear,131.54,43.95
SOLUSDT,2024-09-18,bear,133.99,46.84
SOLUSDT,2024-09-19,sideways,142.84,55.71
SOLUSDT,2024-09-20,sideways,146.57,58.84
SOLUSDT,2024-09-21,sideways,149.53,61.17
SOLUSDT,2024-09-22,sideways,144.8,55.73
SOLUSDT,2024-09-23,sideways,144.81,55.74
SOLUSDT,2024-09-24,sideways,152.89,62.38
SOLUSDT,2024-09-25,sideways,148.02,56.85
SOLUSDT,2024-09-26,bull,155.58,62.41
SOLUSDT,2024-09-27,bull,157.75,63.86
SOLUSDT,2024-09-28,bull,156.91,62.86
SOLUSDT,2024-09-29,bull,158.63,64.1
SOLUSDT,2024-09-30,sideways,152.62,56.91
SOLUSDT,2024-10-01,sideways,145.29,49.61
SOLUSDT,2024-10-02,sideways,140.39,45.4
SOLUSDT,2024-10-03,sideways,136.79,42.56
SOLUSDT,2024-10-04,sideways,143.17,48.7
SOLUSDT,2024-10-05,sideways,142.71,48.3
SOLUSDT,2024-10-06,sideways,146.44,51.77
SOLUSDT,2024-10-07,sideways,143.99,49.43
SOLUSDT,2024-10-08,sideways,143.39,48.84
SOLUSDT,2024-10-09,sideways,139.32,44.96
SOLUSDT,2024-10-10,sideways,138.89,44.56
SOLUSDT,2024-10-11,sideways,145.38,51.6
SOLUSDT,2024-10-12,sideways,146.5,52.72
SOLUSDT,2024-10-13,sideways,147.57,53.82
SOLUSDT,2024-10-14,bull,157.45,62.46
SOLUSDT,2024-10-15,bull,154.72,59.17
SOLUSDT,2024-10-16,bull,154.23,58.58
SOLUSDT,2024-10-17,sideways,150.32,53.89
SOLUSDT,2024-10-18,bull,154.98,58.18
SOLUSDT,2024-10-19,bull,159.64,61.99
SOLUSDT,2024-10-20,bull,166.94,67.05
SOLUSDT,2024-10-21,bull,166.22,66.11
SOLUSDT,2024-10-22,bull,167.26,66.83
SOLUSDT,2024-10-23,bull,170.93,69.31
SOLUSDT,2024-10-24,bull,177.16,72.99
SOLUSDT,2024-10-25,bull,164.76,58.05
SOLUSDT,2024-10-26,bull,170.71,62.06
SOLUSDT,2024-10-27,bull,176.55,65.55
SOLUSDT,2024-10-28,bull,178.1,66.43
SOLUSDT,2024-10-29,bull,179.36,67.16
SOLUSDT,2024-10-30,bull,174.92,62.01
SOLUSDT,2024-10-31,bull,168.43,55.33
SOLUSDT,2024-11-01,bull,166.26,53.26
SOLUSDT,2024-11-02,bull,166.01,53.02
SOLUSDT,2024-11-03,bull,162.55,49.61
SOLUSDT,2024-11-04,bull,157.75,45.25
SOLUSDT,2024-11-05,bull,166.72,53.47
SOLUSDT,2024-11-06,bull,186.95,65.89
SOLUSDT,2024-11-07,bull,196.33,69.9
SOLUSDT,2024-11-08,bull,199.94,71.3
SOLUSDT,2024-11-09,bull,200.19,71.4
SOLUSDT,2024-11-10,bull,210.61,75.24
SOLUSDT,2024-11-11,bull,222.64,78.78
SOLUSDT,2024-11-12,bull,212.23,69.52
SOLUSDT,2024-11-13,bull,215.18,70.57
SOLUSDT,2024-11-14,bull,209.22,65.62
SOLUSDT,2024-11-15,bull,218.09,69.1
SOLUSDT,2024-11-16,bull,215.85,67.24
SOLUSDT,2024-11-17,bull,237.58,74.39
SOLUSDT,2024-11-18,bull,239.79,74.99
SOLUSDT,2024-11-19,bull,238.1,73.57
SOLUSDT,2024-11-20,bull,235.42,71.28
SOLUSDT,2024-11-21,bull,257.07,77.41
SOLUSDT,2024-11-22,bull,256.52,76.97
SOLUSDT,2024-11-23,bull,255.18,75.81
SOLUSDT,2024-11-24,bull,252.92,73.8
SOLUSDT,2024-11-25,bull,234.45,59.82
SOLUSDT,2024-11-26,bull,230.98,57.61
SOLUSDT,2024-11-27,bull,242.3,62.48
SOLUSDT,2024-11-28,bull,237.76,59.53
SOLUSDT,2024-11-29,bull,243.55,61.99
SOLUSDT,2024-11-30,bull,237.74,58.17
SOLUSDT,2024-12-01,bull,237.07,57.72
SOLUSDT,2024-12-02,bull,225.76,50.7
SOLUSDT,2024-12-03,bull,234.2,55.09
SOLUSDT,2024-12-04,bull,229.12,52.09
SOLUSDT,2024-12-05,bull,234.0,54.65
SOLUSDT,2024-12-06,bull,237.05,56.22
SOLUSDT,2024-12-07,bull,238.55,57.01
SOLUSDT,2024-12-08,bull,236.67,55.66
SOLUSDT,2024-12-09,bull,217.34,44.06
SOLUSDT,2024-12-10,sideways,213.82,42.33
SOLUSDT,2024-12-11,sideways,227.45,50.44
SOLUSDT,2024-12-12,bull,227.03,50.2
SOLUSDT,2024-12-13,sideways,224.84,48.93
SOLUSDT,2024-12-14,bull,219.84,46.05
SOLUSDT,2024-12-15,sideways,223.66,48.54
SOLUSDT,2024-12-16,sideways,216.33,44.31
SOLUSDT,2024-12-17,sideways,222.82,48.58
SOLUSDT,2024-12-18,sideways,206.38,40.17
SOLUSDT,2024-12-19,sideways,194.28,35.33
SOLUSDT,2024-12-20,sideways,194.21,35.3
SOLUSDT,2024-12-21,sideways,181.3,30.72
SOLUSDT,2024-12-22,sideways,180.17,30.35
SOLUSDT,2024-12-23,sideways,189.75,37.27
SOLUSDT,2024-12-24,sideways,196.99,41.96
SOLUSDT,2024-12-25,sideways,197.48,42.28
SOLUSDT,2024-12-26,sideways,188.22,38.07
SOLUSDT,2024-12-27,sideways,183.83,36.23
SOLUSDT,2024-12-28,sideways,195.01,43.7
SOLUSDT,2024-12-29,sideways,189.74,41.25
SOLUSDT,2024-12-30,sideways,191.03,42.1
SOLUSDT,2024-12-31,sideways,189.26,41.22
SOLUSDT,2025-01-01,sideways,193.87,44.5
SOLUSDT,2025-01-02,sideways,207.77,53.01
SOLUSDT,2025-01-03,sideways,217.75,57.99
SOLUSDT,2025-01-04,sideways,216.62,57.25
SOLUSDT,2025-01-05,sideways,213.39,55.09
SOLUSDT,2025-01-06,sideways,218.72,57.92
SOLUSDT,2025-01-07,sideways,202.23,47.87
SOLUSDT,2025-01-08,sideways,197.56,45.47
SOLUSDT,2025-01-09,sideways,185.03,39.7
SOLUSDT,2025-01-10,sideways,187.58,41.34
SOLUSDT,2025-01-11,sideways,188.0,41.61
SOLUSDT,2025-01-12,sideways,188.56,42.01
SOLUSDT,2025-01-13,sideways,182.84,39.09
SOLUSDT,2025-01-14,sideways,187.5,42.59
SOLUSDT,2025-01-15,sideways,205.91,53.89
SOLUSDT,2025-01-16,sideways,211.23,56.55
SOLUSDT,2025-01-17,bull,219.62,60.43
SOLUSDT,2025-01-18,bull,261.87,73.33
SOLUSDT,2025-01-19,bull,250.59,67.04
SOLUSDT,2025-01-20,bull,242.25,62.76
SOLUSDT,2025-01-21,bull,250.41,65.11
SOLUSDT,2025-01-22,bull,257.24,66.99
SOLUSDT,2025-01-23,bull,253.46,64.9
SOLUSDT,2025-01-24,bull,253.36,64.85
SOLUSDT,2025-01-25,bull,256.07,65.74
SOLUSDT,2025-01-26,bull,240.88,57.07
SOLUSDT,2025-01-27,bull,235.07,54.13
SOLUSDT,2025-01-28,bull,227.2,50.34
SOLUSDT,2025-01-29,bull,227.94,50.69
SOLUSDT,2025-01-30,bull,239.02,55.71
SOLUSDT,2025-01-31,bull,231.64,51.92
SOLUSDT,2025-02-01,sideways,213.79,44.1
SOLUSDT,2025-02-02,sideways,203.12,40.21
SOLUSDT,2025-02-03,sideways,216.15,46.43
SOLUSDT,2025-02-04,sideways,207.09,43.07
SOLUSDT,2025-02-05,sideways,195.99,39.32
SOLUSDT,2025-02-06,sideways,189.77,37.36
SOLUSDT,2025-02-07,sideways,192.2,38.65
SOLUSDT,2025-02-08,sideways,199.6,42.53
SOLUSDT,2025-02-09,sideways,200.5,43.0
SOLUSDT,2025-02-10,sideways,200.36,42.94
SOLUSDT,2025-02-11,sideways,197.98,41.89
SOLUSDT,2025-02-12,sideways,196.77,41.33
SOLUSDT,2025-02-13,sideways,194.46,40.23
SOLUSDT,2025-02-14,sideways,199.94,44.02
SOLUSDT,2025-02-15,sideways,194.48,41.22
SOLUSDT,2025-02-16,sideways,188.49,38.33
SOLUSDT,2025-02-17,bear,177.69,33.74
SOLUSDT,2025-02-18,bear,169.08,30.6
SOLUSDT,2025-02-19,bear,169.01,30.57
SOLUSDT,2025-02-20,bear,176.05,36.2
SOLUSDT,2025-02-21,bear,168.89,33.25
SOLUSDT,2025-02-22,bear,172.16,35.83
SOLUSDT,2025-02-23,bear,168.04,34.04
SOLUSDT,2025-02-24,bear,141.99,25.42
SOLUSDT,2025-02-25,bear,144.11,27.04
SOLUSDT,2025-02-26,bear,134.83,24.53
SOLUSDT,2025-02-27,bear,137.62,26.73
SOLUSDT,2025-02-28,bear,148.03,34.42
SOLUSDT,2025-03-01,bear,143.68,32.87
SOLUSDT,2025-03-02,bear,178.5,51.66
SOLUSDT,2025-03-03,bear,142.02,39.26
SOLUSDT,2025-03-04,bear,144.92,40.48
SOLUSDT,2025-03-05,bear,146.27,41.08
SOLUSDT,2025-03-06,bear,143.36,40.15
SOLUSDT,2025-03-07,bear,139.21,38.8
SOLUSDT,2025-03-08,bear,136.94,38.04
SOLUSDT,2025-03-09,bear,126.44,34.68
SOLUSDT,2025-03-10,bear,118.29,32.3
SOLUSDT,2025-03-11,bear,125.26,36.33
SOLUSDT,2025-03-12,bear,126.58,37.1
SOLUSDT,2025-03-13,bear,123.29,35.94
SOLUSDT,2025-03-14,bear,133.31,41.89
SOLUSDT,2025-03-15,bear,135.91,43.35
SOLUSDT,2025-03-16,bear,125.99,39.27
SOLUSDT,2025-03-17,bear,128.16,40.59
SOLUSDT,2025-03-18,bear,125.31,39.38
SOLUSDT,2025-03-19,bear,135.57,45.65
SOLUSDT,2025-03-20,bear,127.5,41.97
SOLUSDT,2025-03-21,bear,128.43,42.55
SOLUSDT,2025-03-22,bear,128.48,42.59
SOLUSDT,2025-03-23,bear,132.6,45.36
SOLUSDT,2025-03-24,bear,140.87,50.53
SOLUSDT,2025-03-25,bear,143.82,52.26
SOLUSDT,2025-03-26,sideways,137.29,48.23
SOLUSDT,2025-03-27,sideways,138.35,48.92
SOLUSDT,2025-03-28,sideways,129.42,43.65
SOLUSDT,2025-03-29,bear,124.59,41.07
SOLUSDT,2025-03-30,bear,124.64,41.11
SOLUSDT,2025-03-31,bear,124.69,41.16
SOLUSDT,2025-04-01,bear,126.68,42.89
SOLUSDT,2025-04-02,bear,117.76,37.55
SOLUSDT,2025-04-03,bear,117.06,37.16
SOLUSDT,2025-04-04,bear,122.79,42.44
SOLUSDT,2025-04-05,bear,120.26,40.81
SOLUSDT,2025-04-06,bear,105.71,32.96
SOLUSDT,2025-04-07,bear,106.9,34.08
SOLUSDT,2025-04-08,bear,105.51,33.38
SOLUSDT,2025-04-09,sideways,119.06,45.18
SOLUSDT,2025-04-10,bear,112.8,41.53
SOLUSDT,2025-04-11,sideways,121.53,47.87
SOLUSDT,2025-04-12,sideways,132.26,54.42
SOLUSDT,2025-04-13,sideways,128.58,52.0
SOLUSDT,2025-04-14,sideways,129.31,52.45
SOLUSDT,2025-04-15,sideways,126.26,50.33
SOLUSDT,2025-04-16,sideways,131.45,53.76
SOLUSDT,2025-04-17,sideways,134.7,55.82
SOLUSDT,2025-04-18,sideways,134.07,55.31
SOLUSDT,2025-04-19,sideways,139.75,58.98
SOLUSDT,2025-04-20,sideways,137.77,57.22
SOLUSDT,2025-04-21,sideways,136.7,56.24
SOLUSDT,2025-04-22,sideways,148.74,63.75
SOLUSDT,2025-04-23,sideways,151.15,65.04
SOLUSDT,2025-04-24,sideways,152.3,65.67
SOLUSDT,2025-04-25,sideways,150.92,64.17
SOLUSDT,2025-04-26,sideways,149.29,62.37
SOLUSDT,2025-04-27,sideways,148.25,61.18
SOLUSDT,2025-04-28,sideways,147.81,60.67
SOLUSDT,2025-04-29,sideways,146.43,58.96
SOLUSDT,2025-04-30,sideways,147.64,60.02
SOLUSDT,2025-05-01,sideways,150.85,62.77
SOLUSDT,2025-05-02,sideways,148.05,58.96
SOLUSDT,2025-05-03,sideways,146.8,57.29
SOLUSDT,2025-05-04,sideways,143.98,53.6
SOLUSDT,2025-05-05,sideways,146.7,56.51
SOLUSDT,2025-05-06,sideways,146.77,56.58
SOLUSDT,2025-05-07,sideways,147.21,57.1
SOLUSDT,2025-05-08,sideways,163.96,70.93
SOLUSDT,2025-05-09,sideways,172.83,75.45
SOLUSDT,2025-05-10,sideways,177.62,77.48
SOLUSDT,2025-05-11,sideways,173.03,71.37
SOLUSDT,2025-05-12,sideways,174.25,72.01
SOLUSDT,2025-05-13,bull,184.01,76.47
SOLUSDT,2025-05-14,sideways,176.71,67.76
SOLUSDT,2025-05-15,sideways,169.01,60.0
SOLUSDT,2025-05-16,sideways,167.33,58.43
SOLUSDT,2025-05-17,sideways,165.93,57.08
SOLUSDT,2025-05-18,sideways,173.9,62.38
SOLUSDT,2025-05-19,sideways,166.86,55.83
SOLUSDT,2025-05-20,sideways,168.48,56.95
SOLUSDT,2025-05-21,sideways,173.68,60.42
SOLUSDT,2025-05-22,sideways,179.69,64.04
SOLUSDT,2025-05-23,sideways,173.83,58.43
SOLUSDT,2025-05-24,sideways,176.04,59.86
SOLUSDT,2025-05-25,sideways,175.73,59.54
SOLUSDT,2025-05-26,sideways,174.91,58.68
SOLUSDT,2025-05-27,sideways,176.82,60.13
SOLUSDT,2025-05-28,sideways,172.19,55.1
SOLUSDT,2025-05-29,sideways,166.59,49.67
SOLUSDT,2025-05-30,sideways,156.23,41.53
SOLUSDT,2025-05-31,sideways,156.64,41.93
SOLUSDT,2025-06-01,sideways,157.78,43.12
SOLUSDT,2025-06-02,sideways,157.0,42.48
SOLUSDT,2025-06-03,sideways,155.34,41.09
SOLUSDT,2025-06-04,sideways,153.36,39.43
SOLUSDT,2025-06-05,sideways,144.54,33.04
SOLUSDT,2025-06-06,sideways,147.91,37.23
SOLUSDT,2025-06-07,bear,150.13,39.9
SOLUSDT,2025-06-08,bear,152.43,42.61
SOLUSDT,2025-06-09,sideways,161.09,51.52
SOLUSDT,2025-06-10,sideways,165.03,54.94
SOLUSDT,2025-06-11,sideways,161.06,51.03
SOLUSDT,2025-06-12,bear,152.79,44.0
SOLUSDT,2025-06-13,bear,148.63,40.95
SOLUSDT,2025-06-14,bear,144.76,38.29
SOLUSDT,2025-06-15,bear,152.81,46.13
SOLUSDT,2025-06-16,bear,150.87,44.66
SOLUSDT,2025-06-17,bear,147.75,42.32
SOLUSDT,2025-06-18,bear,146.35,41.27
SOLUSDT,2025-06-19,bear,147.07,42.06
SOLUSDT,2025-06-20,bear,140.17,36.92
SOLUSDT,2025-06-21,bear,135.16,33.7
SOLUSDT,2025-06-22,bear,131.62,31.59
SOLUSDT,2025-06-23,bear,144.85,45.31
SOLUSDT,2025-06-24,bear,145.95,46.28
SOLUSDT,2025-06-25,bear,143.51,44.4
SOLUSDT,2025-06-26,bear,139.06,41.14
SOLUSDT,2025-06-27,bear,142.19,44.25
SOLUSDT,2025-06-28,bear,150.83,51.8
SOLUSDT,2025-06-29,sideways,153.35,53.77
SOLUSDT,2025-06-30,sideways,154.74,54.86
SOLUSDT,2025-07-01,bear,146.93,47.99
SOLUSDT,2025-07-02,sideways,152.23,52.35
SOLUSDT,2025-07-03,sideways,152.4,52.49
SOLUSDT,2025-07-04,sideways,147.76,48.38
SOLUSDT,2025-07-05,sideways,147.64,48.28
SOLUSDT,2025-07-06,sideways,151.87,52.22
SOLUSDT,2025-07-07,sideways,148.87,49.35
SOLUSDT,2025-07-08,sideways,151.81,52.13
SOLUSDT,2025-07-09,sideways,157.28,56.88
SOLUSDT,2025-07-10,sideways,164.06,61.92
SOLUSDT,2025-07-11,sideways,162.88,60.59
SOLUSDT,2025-07-12,sideways,160.68,58.09
SOLUSDT,2025-07-13,sideways,161.19,58.52
SOLUSDT,2025-07-14,sideways,162.28,59.46
SOLUSDT,2025-07-15,bull,163.95,60.94
SOLUSDT,2025-07-16,bull,173.71,68.23
SOLUSDT,2025-07-17,bull,175.79,69.54
SOLUSDT,2025-07-18,bull,177.38,70.54
SOLUSDT,2025-07-19,bull,177.07,70.05
SOLUSDT,2025-07-20,bull,181.55,72.92
SOLUSDT,2025-07-21,bull,195.99,79.69
SOLUSDT,2025-07-22,bull,205.7,82.8
SOLUSDT,2025-07-23,bull,189.54,64.97
SOLUSDT,2025-07-24,bull,182.61,59.08
SOLUSDT,2025-07-25,bull,186.78,61.35
SOLUSDT,2025-07-26,bull,184.91,59.75
SOLUSDT,2025-07-27,bull,188.73,61.94
SOLUSDT,2025-07-28,bull,182.54,56.58
SOLUSDT,2025-07-29,bull,181.34,55.57
SOLUSDT,2025-07-30,bull,177.69,52.53
SOLUSDT,2025-07-31,bull,172.42,48.4
SOLUSDT,2025-08-01,bull,162.88,41.97
SOLUSDT,2025-08-02,sideways,158.48,39.37
SOLUSDT,2025-08-03,sideways,161.95,42.4
SOLUSDT,2025-08-04,bull,169.43,48.38
SOLUSDT,2025-08-05,bull,164.1,44.81
SOLUSDT,2025-08-06,bull,168.18,47.97
SOLUSDT,2025-08-07,bull,175.49,53.16
SOLUSDT,2025-08-08,bull,176.76,54.02
SOLUSDT,2025-08-09,bull,180.18,56.34
SOLUSDT,2025-08-10,bull,182.9,58.15
SOLUSDT,2025-08-11,bull,174.98,51.46
SOLUSDT,2025-08-12,bull,191.86,61.59
SOLUSDT,2025-08-13,bull,201.59,66.0
SOLUSDT,2025-08-14,bull,192.59,59.23
SOLUSDT,2025-08-15,bull,185.74,54.64
SOLUSDT,2025-08-16,bull,189.77,56.76
SOLUSDT,2025-08-17,bull,191.16,57.51
SOLUSDT,2025-08-18,sideways,183.07,51.94
SOLUSDT,2025-08-19,sideways,176.11,47.67
SOLUSDT,2025-08-20,sideways,187.59,54.34
SOLUSDT,2025-08-21,sideways,180.28,49.97
SOLUSDT,2025-08-22,bull,200.65,59.69
SOLUSDT,2025-08-23,bull,203.94,61.01
SOLUSDT,2025-08-24,bull,205.85,61.8
SOLUSDT,2025-08-25,sideways,187.28,51.08
SOLUSDT,2025-08-26,sideways,195.91,54.98
SOLUSDT,2025-08-27,bull,202.92,57.93
SOLUSDT,2025-08-28,bull,214.41,62.27
SOLUSDT,2025-08-29,bull,205.22,57.18
SOLUSDT,2025-08-30,bull,202.86,55.92
SOLUSDT,2025-08-31,bull,200.86,54.81
SOLUSDT,2025-09-01,bull,197.11,52.71
SOLUSDT,2025-09-02,bull,209.48,58.39
SOLUSDT,2025-09-03,bull,210.75,58.93
SOLUSDT,2025-09-04,bull,202.56,54.02
SOLUSDT,2025-09-05,bull,203.5,54.48
SOLUSDT,2025-09-06,bull,200.25,52.49
SOLUSDT,2025-09-07,bull,206.47,55.82
SOLUSDT,2025-09-08,bull,214.19,59.61
SOLUSDT,2025-09-09,bull,217.25,61.04
SOLUSDT,2025-09-10,bull,223.99,64.04
SOLUSDT,2025-09-11,bull,228.76,66.04
SOLUSDT,2025-09-12,bull,242.3,70.98
SOLUSDT,2025-09-13,bull,242.6,71.08
SOLUSDT,2025-09-14,bull,240.56,69.32
SOLUSDT,2025-09-15,bull,234.36,64.14
SOLUSDT,2025-09-16,bull,236.99,65.33
SOLUSDT,2025-09-17,bull,244.86,68.66
SOLUSDT,2025-09-18,bull,247.64,69.77
SOLUSDT,2025-09-19,bull,238.55,62.06
SOLUSDT,2025-09-20,bull,239.59,62.57
SOLUSDT,2025-09-21,bull,236.58,60.05
SOLUSDT,2025-09-22,bull,220.5,48.77
SOLUSDT,2025-09-23,sideways,213.72,44.94
SOLUSDT,2025-09-24,bull,211.76,43.87
SOLUSDT,2025-09-25,sideways,192.38,34.98
SOLUSDT,2025-09-26,sideways,205.35,43.27
SOLUSDT,2025-09-27,sideways,203.58,42.47
SOLUSDT,2025-09-28,sideways,210.74,46.74
SOLUSDT,2025-09-29,bull,213.05,48.08
SOLUSDT,2025-09-30,sideways,208.74,45.77
SOLUSDT,2025-10-01,bull,221.68,53.06
SOLUSDT,2025-10-02,bull,234.86,59.09
SOLUSDT,2025-10-03,bull,233.0,57.96
SOLUSDT,2025-10-04,bull,228.0,54.92
SOLUSDT,2025-10-05,bull,228.6,55.22
SOLUSDT,2025-10-06,bull,232.52,57.25
SOLUSDT,2025-10-07,bull,220.48,49.79
SOLUSDT,2025-10-08,bull,229.1,54.37
SOLUSDT,2025-10-09,sideways,220.99,49.77
SOLUSDT,2025-10-10,sideways,188.66,36.5
SOLUSDT,2025-10-11,sideways,178.05,33.35
SOLUSDT,2025-10-12,sideways,197.51,43.04
SOLUSDT,2025-10-13,sideways,208.37,47.62
SOLUSDT,2025-10-14,sideways,202.46,45.48
SOLUSDT,2025-10-15,sideways,194.02,42.53
SOLUSDT,2025-10-16,sideways,184.69,39.49
SOLUSDT,2025-10-17,sideways,182.03,38.64
SOLUSDT,2025-10-18,sideways,187.66,41.51
SOLUSDT,2025-10-19,sideways,187.8,41.58
SOLUSDT,2025-10-20,sideways,189.75,42.65
SOLUSDT,2025-10-21,sideways,185.67,40.96
SOLUSDT,2025-10-22,sideways,180.15,38.71
SOLUSDT,2025-10-23,sideways,191.39,45.29
SOLUSDT,2025-10-24,sideways,193.56,46.48
SOLUSDT,2025-10-25,sideways,194.04,46.76
SOLUSDT,2025-10-26,sideways,200.03,50.22
SOLUSDT,2025-10-27,sideways,198.74,49.47
SOLUSDT,2025-10-28,sideways,194.44,46.97
SOLUSDT,2025-10-29,sideways,194.41,46.95
SOLUSDT,2025-10-30,sideways,184.62,41.42
SOLUSDT,2025-10-31,sideways,187.21,43.32
SOLUSDT,2025-11-01,sideways,186.38,42.84
SOLUSDT,2025-11-02,sideways,187.83,44.01
SOLUSDT,2025-11-03,bear,166.09,33.09
SOLUSDT,2025-11-04,bear,155.4,29.25
SOLUSDT,2025-11-05,bear,162.57,34.72
SOLUSDT,2025-11-06,bear,155.07,31.94
SOLUSDT,2025-11-07,bear,161.71,36.77
SOLUSDT,2025-11-08,bear,158.1,35.31
SOLUSDT,2025-11-09,bear,164.45,39.85
SOLUSDT,2025-11-10,bear,167.37,41.87
SOLUSDT,2025-11-11,bear,154.57,36.13
SOLUSDT,2025-11-12,bear,153.26,35.6
SOLUSDT,2025-11-13,bear,145.11,32.37
SOLUSDT,2025-11-14,bear,138.68,30.05
SOLUSDT,2025-11-15,bear,139.54,30.77
SOLUSDT,2025-11-16,bear,137.27,29.9
SOLUSDT,2025-11-17,bear,130.85,27.54
SOLUSDT,2025-11-18,bear,140.71,35.92
SOLUSDT,2025-11-19,bear,136.77,34.21
SOLUSDT,2025-11-20,bear,133.52,32.83
SOLUSDT,2025-11-21,bear,128.5,30.77
SOLUSDT,2025-11-22,bear,127.55,30.38
SOLUSDT,2025-11-23,bear,130.71,33.39
SOLUSDT,2025-11-24,bear,138.37,40.18
SOLUSDT,2025-11-25,bear,138.89,40.62
SOLUSDT,2025-11-26,bear,143.01,44.14
SOLUSDT,2025-11-27,bear,140.85,42.71
SOLUSDT,2025-11-28,bear,137.39,40.45
SOLUSDT,2025-11-29,bear,136.08,39.6
SOLUSDT,2025-11-30,bear,133.56,37.94
SOLUSDT,2025-12-01,bear,126.71,33.79
SOLUSDT,2025-12-02,bear,138.67,45.08
SOLUSDT,2025-12-03,bear,144.9,49.87
SOLUSDT,2025-12-04,bear,139.01,45.8
SOLUSDT,2025-12-05,bear,133.32,42.22
SOLUSDT,2025-12-06,bear,132.35,41.62
SOLUSDT,2025-12-07,bear,132.09,41.45
SOLUSDT,2025-12-08,bear,133.28,42.6
SOLUSDT,2025-12-09,bear,137.9,46.96
SOLUSDT,2025-12-10,bear,136.47,45.8
SOLUSDT,2025-12-11,bear,136.37,45.72
SOLUSDT,2025-12-12,bear,132.32,42.29
SOLUSDT,2025-12-13,bear,133.25,43.34
SOLUSDT,2025-12-14,bear,129.48,40.15
SOLUSDT,2025-12-15,bear,127.76,38.74
SOLUSDT,2025-12-16,bear,129.25,40.68
SOLUSDT,2025-12-17,bear,123.12,35.69
SOLUSDT,2025-12-18,bear,119.57,33.16
SOLUSDT,2025-12-19,bear,126.19,41.51
SOLUSDT,2025-12-20,bear,125.81,41.18
SOLUSDT,2025-12-21,sideways,125.99,41.42
SOLUSDT,2025-12-22,sideways,125.8,41.23
SOLUSDT,2025-12-23,bear,123.86,39.33
SOLUSDT,2025-12-24,bear,122.46,37.96
SOLUSDT,2025-12-25,bear,119.95,35.58
SOLUSDT,2025-12-26,bear,122.2,39.26
SOLUSDT,2025-12-27,bear,124.65,43.07
SOLUSDT,2025-12-28,bear,125.2,43.92
SOLUSDT,2025-12-29,bear,123.13,41.41
SOLUSDT,2025-12-30,bear,124.93,44.39
SOLUSDT,2025-12-31,sideways,124.48,43.8
SOLUSDT,2026-01-01,bear,126.76,47.64
SOLUSDT,2026-01-02,sideways,132.13,55.4
SOLUSDT,2026-01-03,sideways,133.3,56.89
SOLUSDT,2026-01-04,sideways,133.9,57.67
SOLUSDT,2026-01-05,sideways,137.99,62.66
SOLUSDT,2026-01-06,sideways,141.1,65.95
SOLUSDT,2026-01-07,sideways,136.31,57.55
SOLUSDT,2026-01-08,sideways,138.29,59.83
SOLUSDT,2026-01-09,sideways,135.76,55.71
SOLUSDT,2026-01-10,sideways,135.73,55.66
SOLUSDT,2026-01-11,sideways,139.49,60.36
SOLUSDT,2026-01-12,sideways,139.14,59.71
SOLUSDT,2026-01-13,sideways,145.36,66.46
SOLUSDT,2026-01-14,sideways,146.75,67.76
SOLUSDT,2026-01-15,sideways,142.33,59.83
SOLUSDT,2026-01-16,sideways,144.86,62.53
SOLUSDT,2026-01-17,sideways,143.73,60.56
SOLUSDT,2026-01-18,sideways,138.0,51.71
SOLUSDT,2026-01-19,sideways,133.34,45.84
SOLUSDT,2026-01-20,sideways,125.71,38.2
SOLUSDT,2026-01-21,sideways,129.38,43.12
SOLUSDT,2026-01-22,sideways,128.29,42.05
SOLUSDT,2026-01-23,sideways,127.36,41.11
SOLUSDT,2026-01-24,sideways,127.05,40.79
SOLUSDT,2026-01-25,sideways,118.77,33.21
SOLUSDT,2026-01-26,sideways,124.14,40.88
SOLUSDT,2026-01-27,sideways,127.05,44.6
SOLUSDT,2026-01-28,sideways,125.12,42.68
SOLUSDT,2026-01-29,bear,117.61,36.17
SOLUSDT,2026-01-30,bear,117.36,35.98
SOLUSDT,2026-01-31,bear,105.44,28.12
SOLUSDT,2026-02-01,bear,100.85,25.79
SOLUSDT,2026-02-02,bear,104.47,30.68
SOLUSDT,2026-02-03,bear,97.56,27.02
SOLUSDT,2026-02-04,bear,92.03,24.5
SOLUSDT,2026-02-05,bear,78.19,19.58
SOLUSDT,2026-02-06,bear,87.46,29.76
SOLUSDT,2026-02-07,bear,87.64,29.94
SOLUSDT,2026-02-08,bear,87.04,29.66
SOLUSDT,2026-02-09,bear,86.7,29.49
SOLUSDT,2026-02-10,bear,82.92,27.61
SOLUSDT,2026-02-11,bear,79.25,25.88
SOLUSDT,2026-02-12,bear,78.35,25.46
SOLUSDT,2026-02-13,bear,84.32,33.22
SOLUSDT,2026-02-14,bear,88.16,37.7
SOLUSDT,2026-02-15,bear,86.01,36.23
SOLUSDT,2026-02-16,bear,86.43,36.75
SOLUSDT,2026-02-17,bear,85.2,35.83
SOLUSDT,2026-02-18,bear,81.57,33.2
SOLUSDT,2026-02-19,bear,82.39,34.38
SOLUSDT,2026-02-20,bear,84.64,37.61
SOLUSDT,2026-02-21,bear,85.21,38.45
SOLUSDT,2026-02-22,bear,82.79,36.24
SOLUSDT,2026-02-23,bear,77.75,32.12
SOLUSDT,2026-02-24,bear,79.04,34.17
SOLUSDT,2026-02-25,bear,87.92,46.29
SOLUSDT,2026-02-26,bear,85.91,44.31
SOLUSDT,2026-02-27,bear,81.95,40.61
SOLUSDT,2026-02-28,bear,84.37,43.7
SOLUSDT,2026-03-01,bear,83.58,42.91
SOLUSDT,2026-03-02,bear,86.63,46.89
SOLUSDT,2026-03-03,bear,87.02,47.39
SOLUSDT,2026-03-04,bear,90.83,52.17
SOLUSDT,2026-03-05,bear,88.69,49.45
SOLUSDT,2026-03-06,bear,84.68,44.75
SOLUSDT,2026-03-07,sideways,83.18,43.1
SOLUSDT,2026-03-08,bear,81.62,41.4
SOLUSDT,2026-03-09,sideways,84.94,46.27
SOLUSDT,2026-03-10,sideways,85.84,47.55
SOLUSDT,2026-03-11,sideways,86.56,48.61
SOLUSDT,2026-03-12,sideways,86.87,49.07
SOLUSDT,2026-03-13,sideways,88.15,51.08
SOLUSDT,2026-03-14,sideways,88.07,50.95
SOLUSDT,2026-03-15,sideways,92.25,57.3
SOLUSDT,2026-03-16,sideways,96.22,62.29
SOLUSDT,2026-03-17,sideways,94.71,59.43
SOLUSDT,2026-03-18,sideways,90.07,51.63
SOLUSDT,2026-03-19,sideways,88.92,49.88
SOLUSDT,2026-03-20,sideways,89.85,51.32
SOLUSDT,2026-03-21,sideways,87.47,47.56
SOLUSDT,2026-03-22,sideways,86.13,45.54
SOLUSDT,2026-03-23,sideways,91.42,53.88
SOLUSDT,2026-03-24,sideways,90.82,52.89
SOLUSDT,2026-03-25,sideways,91.71,54.22
SOLUSDT,2026-03-26,sideways,86.44,45.9
SOLUSDT,2026-03-27,bear,83.02,41.45
SOLUSDT,2026-03-28,sideways,82.02,40.21
SOLUSDT,2026-03-29,sideways,81.42,39.47
SOLUSDT,2026-03-30,sideways,82.44,41.48
SOLUSDT,2026-03-31,sideways,83.11,42.81
SOLUSDT,2026-04-01,bear,81.2,39.99
SOLUSDT,2026-04-02,bear,78.95,36.91
SOLUSDT,2026-04-03,bear,80.37,40.05
SOLUSDT,2026-04-04,bear,80.81,41.03
SOLUSDT,2026-04-05,sideways,81.85,43.4
SOLUSDT,2026-04-06,sideways,80.15,40.54
SOLUSDT,2026-04-07,sideways,85.65,51.62
SOLUSDT,2026-04-08,sideways,82.58,46.42
SOLUSDT,2026-04-09,sideways,83.3,47.74
SOLUSDT,2026-04-10,sideways,84.83,50.55
SOLUSDT,2026-04-11,sideways,84.95,50.78
SOLUSDT,2026-04-12,bear,81.54,44.6
SOLUSDT,2026-04-13,sideways,86.66,53.7
SOLUSDT,2026-04-14,bear,83.77,48.84
SOLUSDT,2026-04-15,bear,84.92,50.75
SOLUSDT,2026-04-16,sideways,88.99,56.9
SOLUSDT,2026-04-17,sideways,88.87,56.68
SOLUSDT,2026-04-18,sideways,86.2,51.78
SOLUSDT,2026-04-19,bear,83.58,47.44
SOLUSDT,2026-04-20,sideways,85.33,50.43
SOLUSDT,2026-04-21,sideways,86.03,51.61
SOLUSDT,2026-04-22,sideways,86.92,53.13
SOLUSDT,2026-04-23,sideways,86.14,51.6
SOLUSDT,2026-04-24,sideways,86.23,51.78
SOLUSDT,2026-04-25,sideways,86.15,51.6
SOLUSDT,2026-04-26,sideways,86.97,53.36
SOLUSDT,2026-04-27,sideways,84.82,48.37
SOLUSDT,2026-04-28,sideways,84.04,46.67
SOLUSDT,2026-04-29,sideways,83.03,44.49
SOLUSDT,2026-04-30,sideways,83.02,44.48
SOLUSDT,2026-05-01,sideways,83.72,46.49
SOLUSDT,2026-05-02,sideways,84.28,48.09
SOLUSDT,2026-05-03,sideways,83.9,47.06
SOLUSDT,2026-05-04,sideways,84.09,47.67
SOLUSDT,2026-05-05,sideways,86.32,54.32
SOLUSDT,2026-05-06,sideways,89.15,61.07
SOLUSDT,2026-05-07,sideways,88.4,58.63
SOLUSDT,2026-05-08,sideways,91.95,65.71
SOLUSDT,2026-05-09,sideways,93.15,67.72
SOLUSDT,2026-05-10,sideways,96.43,72.48
SOLUSDT,2026-05-11,sideways,97.35,73.65
SOLUSDT,2026-05-12,sideways,94.28,63.88
SOLUSDT,2026-05-13,sideways,91.09,55.59
SOLUSDT,2026-05-14,sideways,92.15,57.57
SOLUSDT,2026-05-15,sideways,89.2,50.83
SOLUSDT,2026-05-16,sideways,86.54,45.63
SOLUSDT,2026-05-17,sideways,85.17,43.2
SOLUSDT,2026-05-18,sideways,85.3,43.49
SOLUSDT,2026-05-19,sideways,84.21,41.46
SOLUSDT,2026-05-20,sideways,86.04,46.04
SOLUSDT,2026-05-21,sideways,87.16,48.67
SOLUSDT,2026-05-22,sideways,84.31,42.91
SOLUSDT,2026-05-23,sideways,85.66,46.17
SOLUSDT,2026-05-24,sideways,85.25,45.32
SOLUSDT,2026-05-25,sideways,85.01,44.81
SOLUSDT,2026-05-26,sideways,83.59,41.77
SOLUSDT,2026-05-27,sideways,82.37,39.31
SOLUSDT,2026-05-28,sideways,81.99,38.54
SOLUSDT,2026-05-29,sideways,81.93,38.43
SOLUSDT,2026-05-30,sideways,82.55,40.59
SOLUSDT,2026-05-31,sideways,82.3,39.98
SOLUSDT,2026-06-01,sideways,81.09,37.06
SOLUSDT,2026-06-02,bear,74.14,25.54
SOLUSDT,2026-06-03,bear,71.61,22.77
SOLUSDT,2026-06-04,bear,68.72,20.08
SOLUSDT,2026-06-05,bear,63.49,16.33
SOLUSDT,2026-06-06,bear,62.19,15.55
SOLUSDT,2026-06-07,bear,66.31,27.36
SOLUSDT,2026-06-08,bear,66.79,28.63
SOLUSDT,2026-06-09,bear,64.96,26.73
SOLUSDT,2026-06-10,bear,63.16,24.98
SOLUSDT,2026-06-11,bear,66.82,34.38
SOLUSDT,2026-06-12,bear,66.75,34.29
SOLUSDT,2026-06-13,bear,68.87,39.39
SOLUSDT,2026-06-14,bear,71.17,44.41
SOLUSDT,2026-06-15,bear,73.98,49.88
SOLUSDT,2026-06-16,bear,73.41,48.84
SOLUSDT,2026-06-17,bear,71.93,46.12
SOLUSDT,2026-06-18,bear,69.63,42.19
SOLUSDT,2026-06-19,bear,69.72,42.4
SOLUSDT,2026-06-20,bear,73.17,49.81
SOLUSDT,2026-06-21,bear,72.42,48.35
SOLUSDT,2026-06-22,bear,71.91,47.34
SOLUSDT,2026-06-23,bear,69.64,43.03
SOLUSDT,2026-06-24,bear,67.98,40.14
SOLUSDT,2026-06-25,bear,67.57,39.44
SOLUSDT,2026-06-26,bear,71.84,49.37
SOLUSDT,2026-06-27,bear,70.41,46.62
SOLUSDT,2026-06-28,bear,71.31,48.57
SOLUSDT,2026-06-29,bear,74.95,55.62
SOLUSDT,2026-06-30,bear,73.52,52.58
SOLUSDT,2026-07-01,sideways,77.38,59.11
SOLUSDT,2026-07-02,sideways,80.64,63.66
SOLUSDT,2026-07-03,sideways,82.28,65.72
SOLUSDT,2026-07-04,sideways,81.65,64.21
SOLUSDT,2026-07-05,sideways,81.42,63.64
SOLUSDT,2026-07-06,sideways,81.92,64.38
SOLUSDT,2026-07-07,sideways,80.65,60.96
SOLUSDT,2026-07-08,sideways,77.79,53.99
SOLUSDT,2026-07-09,sideways,78.05,54.5
SOLUSDT,2026-07-10,sideways,78.07,54.54
SOLUSDT,2026-07-11,sideways,76.82,51.39
SOLUSDT,2026-07-12,sideways,76.87,51.51
SOLUSDT,2026-07-13,sideways,74.86,46.48
SOLUSDT,2026-07-14,sideways,77.76,53.53
SOLUSDT,2026-07-15,sideways,77.26,52.25
SOLUSDT,2026-07-16,sideways,75.27,47.4
SOLUSDT,2026-07-17,sideways,75.01,46.79
SOLUSDT,2026-07-18,sideways,75.46,48.04
SOLUSDT,2026-07-19,sideways,76.36,50.52
SOLUSDT,2026-07-20,sideways,77.79,54.3
SOLUSDT,2026-07-21,sideways,78.11,55.11
SOLUSDT,2026-07-22,sideways,77.91,54.44
SOLUSDT,2026-07-23,sideways,75.86,48.1
SOLUSDT,2026-07-24,sideways,73.88,42.9
SOLUSDT,2026-07-25,sideways,74.43,44.69
SOLUSDT,2026-07-26,sideways,76.6,51.2
SOLUSDT,2026-07-27,sideways,74.14,44.77
SOLUSDT,2026-07-28,sideways,73.7,43.71
SOLUSDT,2026-07-29,sideways,73.6,43.45
SOLUSDT,2026-07-30,sideways,74.47,46.34
SOLUSDT,2026-07-31,bear,72.79,41.9
SOLUSDT,2026-08-01,bear,71.87,39.65
SOLUSDT,2026-08-02,bear,73.45,45.09
SOLUSDT,2026-08-03,bear,73.47,45.18
