date,turbulence_raw,turbulence_norm,turbulence_level
2021-05-20,11.597744306694047,0.4977322587548865,moderate
2021-05-21,7.207556751916744,0.3092362686015403,moderate
2021-05-22,6.171048676994034,0.26473301823997214,moderate
2021-05-23,7.852636865122125,0.3369332663151264,moderate
2021-05-24,20.479702236177456,0.8790857735031344,extreme
2021-05-25,1.2359996486268368,0.05284299271130853,low
2021-05-26,3.3846489013946015,0.1450968573444909,low
2021-05-27,1.2629471007569444,0.05400000174748221,low
2021-05-28,5.317862112284978,0.2281008141954405,low
2021-05-29,1.3749477209528616,0.05880883224463147,low
2021-05-30,0.4865524985795038,0.02066491811810554,low
2021-05-31,5.5702214308046,0.23893605050943734,low
2021-06-01,0.6935801522514886,0.029553805456315026,low
2021-06-02,0.8666249589725441,0.036983613813428455,low
2021-06-03,2.6737067608792087,0.11457202416911506,low
2021-06-04,2.41876804672419,0.1036260395719926,low
2021-06-05,1.6227490933942452,0.0694483697306481,low
2021-06-06,0.4056226555258198,0.01719013470418078,low
2021-06-07,3.5406699147664242,0.15179573638628666,low
2021-06-08,1.964180509485623,0.08410798325343939,low
2021-06-09,10.715837063762434,0.4598669108840632,moderate
2021-06-10,1.2237205280812848,0.05231577947575383,low
2021-06-11,3.8717191345226056,0.1660095825349621,low
2021-06-12,3.030738173065619,0.12990143520593778,low
2021-06-13,5.77856952357596,0.24788163188915835,low
2021-06-14,0.5124856977413355,0.021778379443586737,low
2021-06-15,0.38033765036245903,0.016104504073408805,low
2021-06-16,3.1433547704352387,0.13473671314430002,low
2021-06-17,0.18425971097781396,0.007685750917562983,low
2021-06-18,2.3940265729872228,0.10256374587002358,low
2021-06-19,0.43728266670994664,0.018549480992228088,low
2021-06-20,0.5447452329344976,0.02316346674390147,low
2021-06-21,11.431678554839786,0.4906021013445805,moderate
2021-06-22,0.955453163845179,0.04079751930655287,low
2021-06-23,1.4062667716243775,0.06015353913774955,low
2021-06-24,0.9441507430757742,0.04031224140726577,low
2021-06-25,4.355080533653711,0.18676306616050303,low
2021-06-26,0.20568019602594406,0.00860545548333228,low
2021-06-27,2.4986426001550917,0.1070555133357343,low
2021-06-28,1.7541834650227799,0.07509160289806575,low
2021-06-29,0.6627049856919789,0.028228157059938145,low
2021-06-30,3.264769686265738,0.13994975347419455,low
2021-07-01,1.7490510768228702,0.0748712399674341,low
2021-07-02,0.02382232187263178,0.0007972514765560604,low
2021-07-03,0.28206273400605364,0.011884996948780372,low
2021-07-04,0.6716176655682085,0.02861082964447535,low
2021-07-05,1.2718819819145342,0.054383627560659516,low
2021-07-06,0.9418546394107756,0.04021365647702568,low
2021-07-07,0.6362123832918622,0.02709067733752519,low
2021-07-08,2.7739185643176585,0.11887469299100355,low
2021-07-09,0.505371778364784,0.021472937988062827,low
2021-07-10,0.41331640995369734,0.017520471811829256,low
2021-07-11,0.22246165873361345,0.00932598015109082,low
2021-07-12,0.9122597856761476,0.038942979270517326,low
2021-07-13,1.0786012661233029,0.046084975294432194,low
2021-07-14,0.4707539910394981,0.019986597366533566,low
2021-07-15,1.4162418522493367,0.060581826693987345,low
2021-07-16,0.8653967870497227,0.03693088133223438,low
2021-07-17,0.005253844593317568,0.0,low
2021-07-18,0.12470250642317392,0.005128617741993739,low
2021-07-19,1.2943637013290252,0.05534889701862899,low
2021-07-20,0.9302718616229382,0.039716341239213394,low
2021-07-21,3.4884669323069106,0.1495543622434084,low
2021-07-22,0.0819406541329625,0.003292605592703363,low
2021-07-23,0.6819963301585469,0.029056445380481088,low
2021-07-24,0.2594075425646478,0.010912279339434857,low
2021-07-25,1.1464091980374382,0.04899635962754504,low
2021-07-26,2.3517843525315842,0.10075004450266471,low
2021-07-27,2.0364069219228886,0.08720907835648833,low
2021-07-28,0.31880471676121686,0.013462541491745342,low
2021-07-29,1.7806928212793443,0.07622980195985102,low
2021-07-30,1.6012451221972968,0.06852508062456263,low
2021-07-31,2.7119571864681316,0.11621433483470955,low
2021-08-01,3.25409336513515,0.1394913576317401,low
2021-08-02,1.366262160355601,0.05843591119640976,low
2021-08-03,0.9778388934591001,0.04175866737055516,low
2021-08-04,1.903731726020213,0.08151256946969827,low
2021-08-05,0.3047624789363771,0.0128596274955354,low
2021-08-06,1.530912365174375,0.06550529103474798,low
2021-08-07,2.9554160503716314,0.12666742346486645,low
2021-08-08,0.9079964973718108,0.03875993179470717,low
2021-08-09,1.5548752821727687,0.06653415682014238,low
2021-08-10,0.5361641025321064,0.022795029484296563,low
2021-08-11,0.03538603860563737,0.0012937483137057148,low
2021-08-12,0.6082647619060542,0.025890725285404727,low
2021-08-13,2.6066063484417112,0.11169101771454104,low
2021-08-14,0.2406872044458658,0.010108507604018819,low
2021-08-15,5.993700975681502,0.257118461881452,moderate
2021-08-16,5.939357655296229,0.2547851907269894,moderate
2021-08-17,1.1396632707340864,0.04870671818724619,low
2021-08-18,1.9658289411386343,0.0841787599008508,low
2021-08-19,1.1100131760748924,0.04743366917027572,low
2021-08-20,1.9982107032373533,0.08556909510488236,low
2021-08-21,0.781979958993277,0.03334931735489566,low
2021-08-22,0.1704238208257836,0.007091696613203727,low
2021-08-23,0.14946750278302706,0.006191921405390719,low
2021-08-24,1.2486536707832172,0.05338630262826043,low
2021-08-25,0.34263639345429286,0.014485772376354704,low
2021-08-26,1.5983684732857646,0.06840156954943492,low
2021-08-27,2.7598389199694,0.11827017291769962,low
2021-08-28,1.2343088715004624,0.05277039792928886,low
2021-08-29,0.21727341499376462,0.009103219021025772,low
2021-08-30,4.96998312877246,0.21316436953731296,low
2021-08-31,2.919548181545272,0.12512740965799438,low
2021-09-01,4.752431425398628,0.20382362424446684,low
2021-09-02,3.441812299701701,0.14755121065627633,low
2021-09-03,1.7207860609179413,0.07365766034396175,low
2021-09-04,0.6641155747932678,0.028288721759288548,low
2021-09-05,0.936252509257353,0.03997312482386471,low
2021-09-06,3.4667702075877775,0.148622797120509,low
2021-09-07,9.250587003393996,0.3969553023240026,moderate
2021-09-08,1.5180668808512485,0.06495376054629488,low
2021-09-09,0.6655172940206255,0.02834890562395972,low
2021-09-10,1.3887345633207793,0.05940078064565157,low
2021-09-11,0.2141375008916435,0.008968576200795475,low
2021-09-12,1.0794131276917798,0.046119833178818244,low
2021-09-13,0.594584039883867,0.025303333240894305,low
2021-09-14,3.0436194183930256,0.13045450111988843,low
2021-09-15,1.0508227266054215,0.04489228289892416,low
2021-09-16,0.47882501951544526,0.020333133017948733,low
2021-09-17,1.326662615215063,0.05673567507261014,low
2021-09-18,2.9157686927157793,0.12496513447491855,low
2021-09-19,1.7578843514561786,0.07525050322840574,low
2021-09-20,5.54800044707126,0.23798197593318388,low
2021-09-21,1.7134904001600109,0.07334441568613556,low
2021-09-22,4.816128065316241,0.20655848717706443,low
2021-09-23,0.6000559419017915,0.02553827345153938,low
2021-09-24,1.8086714267142485,0.0774310843353211,low
2021-09-25,0.23803825389696334,0.009994772928597202,low
2021-09-26,1.2262241643703256,0.05242327497461311,low
2021-09-27,0.7588993823887392,0.03235833551503137,low
2021-09-28,0.7219240305896966,0.0307707710974145,low
2021-09-29,0.06755302724218946,0.0026748620583110735,low
2021-09-30,1.4846208182643121,0.06351772880382525,low
2021-10-01,5.351740545853874,0.22955541010979147,low
2021-10-02,0.8270977148015226,0.03528648198589592,low
2021-10-03,0.05805811571568829,0.002267190921878943,low
2021-10-04,1.340146593981508,0.05731461979810871,low
2021-10-05,1.9921683623330415,0.08530966267349048,low
2021-10-06,7.332757857899086,0.3146118718408039,moderate
2021-10-07,1.1893834698999428,0.050841492170237236,low
2021-10-08,0.20017904973974265,0.00836925964812985,low
2021-10-09,0.5682508152911624,0.02417269652398892,low
2021-10-10,1.5711188992954477,0.06723158868495631,low
2021-10-11,2.1534628018202207,0.0922349602144305,low
2021-10-12,0.9763556933332149,0.041694985062490655,low
2021-10-13,1.0980948519025162,0.04692194699717723,low
2021-10-14,2.221157242834746,0.09514147173078359,low
2021-10-15,5.978152409471168,0.25645087254803217,moderate
2021-10-16,0.3462570034919729,0.014641225979531405,low
2021-10-17,0.09851618541623328,0.004004288440548432,low
2021-10-18,1.0317714381981493,0.044074301565047436,low
2021-10-19,1.084439299368672,0.046335635623496386,low
2021-10-20,2.3397890546254416,0.10023501740466698,low
2021-10-21,4.42294247471418,0.1896767694167572,low
2021-10-22,0.6408335138047603,0.027289089036521667,low
2021-10-23,1.5106594316698727,0.06463571616879793,low
2021-10-24,0.36993277618351994,0.015657763009090064,low
2021-10-25,0.6786200878918371,0.028911483890540067,low
2021-10-26,1.9079708616097224,0.08169457993061112,low
2021-10-27,1.4332136307659507,0.06131052271351645,low
2021-10-28,2.7875170801723534,0.11945855545215453,low
2021-10-29,0.3769312781442927,0.015958248931439892,low
2021-10-30,0.35533000103964535,0.015030781923342135,low
2021-10-31,0.24901028718859763,0.010465865394123312,low
2021-11-01,0.15326029366432917,0.0063547677220219196,low
2021-11-02,1.0786521836255805,0.04608716147552086,low
2021-11-03,1.7678712959900698,0.07567930017045753,low
2021-11-04,0.546736703776221,0.02324897203575709,low
2021-11-05,0.5432417583263238,0.023098913935757828,low
2021-11-06,1.3890727126542508,0.05941529934049937,low
2021-11-07,1.463180839830088,0.06259718727492684,low
2021-11-08,4.057472657495472,0.1739850491409711,low
2021-11-09,0.4089474333829426,0.01733288653115827,low
2021-11-10,0.718095873587236,0.03060640630988827,low
2021-11-11,0.3991420603345008,0.016911885496799787,low
2021-11-12,0.2624621965855328,0.011043433197227575,low
2021-11-13,0.7305666059895691,0.031141846543997913,low
2021-11-14,0.758461974859494,0.03233955509522085,low
2021-11-15,0.745463513058658,0.03178145640420871,low
2021-11-16,2.4181388376115063,0.10359902400757103,low
2021-11-17,0.2494348906572737,0.010484096062005267,low
2021-11-18,3.026664409377614,0.12972652511145089,low
2021-11-19,2.4785313363808084,0.10619202116573727,low
2021-11-20,0.5409932602447174,0.023002372986889005,low
2021-11-21,1.8398457274634943,0.07876957628213392,low
2021-11-22,1.556711825237441,0.06661301017187628,low
2021-11-23,1.5399894348156293,0.06589502181694594,low
2021-11-24,0.4631221985689822,0.019658920641923167,low
2021-11-25,1.070969368401686,0.04575729405078697,low
2021-11-26,3.088371437196808,0.1323759625587285,low
2021-11-27,0.5156774072137394,0.021915417879821184,low
2021-11-28,1.222035764273469,0.05224344288006939,low
2021-11-29,0.5222187577213561,0.02219627566220261,low
2021-11-30,2.793835102377628,0.11972982446664075,low
2021-12-01,2.59587024353458,0.11123005501087302,low
2021-12-02,0.27394554225892853,0.011536479242748896,low
2021-12-03,2.5207186785986275,0.1080033662948611,low
2021-12-04,8.078457002041521,0.34662902299387377,moderate
2021-12-05,0.6716436558357118,0.02861194555607281,low
2021-12-06,0.9621523353356647,0.04108515325101433,low
2021-12-07,0.3295540542813738,0.013924072347562566,low
2021-12-08,0.7530346544998225,0.032106529031456804,low
2021-12-09,2.257686002951971,0.09670986140012193,low
2021-12-10,2.194412005948261,0.093993144957519,low
2021-12-11,1.3740237257618866,0.05876915981919484,low
2021-12-12,0.20274386392426388,0.008479381865743216,low
2021-12-13,3.414691879578868,0.146386775109812,low
2021-12-14,0.14121418037011507,0.005837558827285427,low
2021-12-15,3.754710009452709,0.1609857081305471,low
2021-12-16,0.472440554508962,0.020059011232038494,low
2021-12-17,0.6296821388256824,0.026810296401349347,low
2021-12-18,0.18790504168574534,0.00784226592122842,low
2021-12-19,0.14477159719574378,0.00599029918258195,low
2021-12-20,0.5098452483726096,0.021665009772701912,low
2021-12-21,1.9981768724352513,0.08556764255406071,low
2021-12-22,0.07405682413716791,0.0029541074482127374,low
2021-12-23,1.7988877987462533,0.07701101694227488,low
2021-12-24,0.34058332855852225,0.014397622497665297,low
2021-12-25,0.2741497847819423,0.011545248548416714,low
2021-12-26,0.4772142337960772,0.020263972726888558,low
2021-12-27,0.09953276916672289,0.004047936225120602,low
2021-12-28,2.8233541418568064,0.12099724653131964,low
2021-12-29,0.8348500358354295,0.0356193336946305,low
2021-12-30,0.23036911954202854,0.009665492902216686,low
2021-12-31,0.33701716495128514,0.014244506592750596,low
2022-01-01,0.7655590262569414,0.032644272311430744,low
2022-01-02,0.7512407602610193,0.032029506838998155,low
2022-01-03,0.3786710837391391,0.016032948787467236,low
2022-01-04,0.6529678492807852,0.02781008581669732,low
2022-01-05,1.861720380418685,0.07970878088708586,low
2022-01-06,0.9004104081527343,0.038434217373421134,low
2022-01-07,1.9794074236385333,0.08476176221491212,low
2022-01-08,2.9237646575845906,0.1253084472141517,low
2022-01-09,0.6343425808094376,0.027010395967784553,low
2022-01-10,0.6622427677274688,0.028208311385510824,low
2022-01-11,1.1798627255345455,0.05043271188152279,low
2022-01-12,0.9713999104324511,0.04148220481262457,low
2022-01-13,0.6391247162753222,0.02721572053500229,low
2022-01-14,0.3089473860901488,0.013039309617952157,low
2022-01-15,0.01101049599842453,0.0002471661388116553,low
2022-01-16,0.10185241037590251,0.004147531757445643,low
2022-01-17,0.8268123848178073,0.03527423112938244,low
2022-01-18,0.575959662565112,0.02450368165428542,low
2022-01-19,0.39615119508500524,0.0167834704576734,low
2022-01-20,0.9440840575002097,0.040309378212142984,low
2022-01-21,8.557536013395582,0.3671986390934417,moderate
2022-01-22,4.7986547580046395,0.20580825764316446,low
2022-01-23,1.0836074643481932,0.04629992016399199,low
2022-01-24,3.7075823081507107,0.158962244984672,low
2022-01-25,0.20756752617693003,0.008686489416647781,low
2022-01-26,0.5440526191990755,0.02313372885452357,low
2022-01-27,1.0862316684357136,0.046412592331563356,low
2022-01-28,2.052082621984576,0.0878821262770172,low
2022-01-29,0.46815573754203005,0.019875039406978583,low
2022-01-30,0.63611626481636,0.027086550418803434,low
2022-01-31,0.8500129009218416,0.03627036266147149,low
2022-02-01,2.8016605776631778,0.12006581710794945,low
2022-02-02,2.5284045486359306,0.10833336488029621,low
2022-02-03,0.12570669503313608,0.005171733331925553,low
2022-02-04,10.686582783134028,0.45861085643890065,moderate
2022-02-05,0.2004380139253196,0.008380378469356853,low
2022-02-06,0.5543836699185566,0.023577300253329516,low
2022-02-07,0.9479457075696518,0.04047518104958056,low
2022-02-08,0.6739834052545628,0.02871240444943765,low
2022-02-09,2.1798951000109112,0.09336985073045437,low
2022-02-10,2.288279867807742,0.09802343189720258,low
2022-02-11,2.4479973506288784,0.10488102162281907,low
2022-02-12,0.035369766187647755,0.0012930496452541122,low
2022-02-13,0.36003725147162957,0.01523289124555346,low
2022-02-14,0.23195981256482792,0.00973379049830374,low
2022-02-15,3.7926913258826427,0.1626164643928843,low
2022-02-16,0.3140015159576299,0.013256312468479067,low
2022-02-17,5.22908127090477,0.2242889422893305,low
2022-02-18,0.892830953755176,0.03810878782316531,low
2022-02-19,0.3496811871391676,0.014788245868543323,low
2022-02-20,2.0363173001995207,0.0872052303806844,low
2022-02-21,3.511907776044544,0.15056081242240973,low
2022-02-22,1.1171273483932336,0.04773912148604478,low
2022-02-23,0.7085472808570703,0.030196430330778894,low
2022-02-24,2.6991163105644262,0.1156630022121952,low
2022-02-25,3.3845015881431406,0.14509053233972738,low
2022-02-26,0.6368498470152956,0.027118047319840556,low
2022-02-27,1.855134509525088,0.07942601158859432,low
2022-02-28,21.727113383016516,0.93264430518725,extreme
2022-03-01,1.0998693314642074,0.04699813560593584,low
2022-03-02,0.3231429971033073,0.013648808806852479,low
2022-03-03,1.2189107783952493,0.05210926927131566,low
2022-03-04,5.216893229366622,0.2237656395991611,low
2022-03-05,0.22642560881364554,0.009496175316088045,low
2022-03-06,1.298550712738482,0.05552866948883931,low
2022-03-07,0.4956004867186472,0.02105340026423337,low
2022-03-08,0.9120771951492577,0.038935139609516674,low
2022-03-09,7.323518567422198,0.31421517598555276,moderate
2022-03-10,3.9633250549630663,0.16994275132601824,low
2022-03-11,0.33171881720693486,0.014017018064803476,low
2022-03-12,0.015841588104422443,0.0004545926960326906,low
2022-03-13,0.8090462447498321,0.03451142860180662,low
2022-03-14,2.697645113142312,0.11559983524920506,low
2022-03-15,0.8514704910431201,0.03633294538481076,low
2022-03-16,1.8653079486128288,0.07986281581396772,low
2022-03-17,0.9356099047325263,0.03994553411739195,low
2022-03-18,1.741871430782363,0.07456297648837538,low
2022-03-19,0.4746369451475407,0.020153314908821485,low
2022-03-20,0.7023741314194624,0.029931381537057024,low
2022-03-21,0.6475027174322566,0.02757543628834494,low
2022-03-22,0.8454359964784196,0.03607384984188562,low
2022-03-23,0.5104742465380745,0.02169201627994667,low
2022-03-24,1.3435229250094824,0.05745958509908109,low
2022-03-25,0.9148174548530881,0.03905279471187984,low
2022-03-26,0.23183830755740933,0.009728573589824048,low
2022-03-27,2.1436256215268004,0.09181259351219076,low
2022-03-28,0.29770951071742124,0.0125568030236047,low
2022-03-29,0.6012920803899346,0.02559134798318112,low
2022-03-30,2.7922973578655705,0.11966380025451163,low
2022-03-31,1.6258791605237675,0.06958276150673148,low
2022-04-01,3.4672363778505604,0.14864281248982225,low
2022-04-02,0.3565726201639531,0.015084134705950474,low
2022-04-03,0.2949230290043347,0.012437163344661852,low
2022-04-04,0.637311135762186,0.027137853097613556,low
2022-04-05,0.8245241807831675,0.03517598537568726,low
2022-04-06,4.227962573299129,0.18130516134337588,low
2022-04-07,0.6595680171990378,0.02809346896864844,low
2022-04-08,2.9823824041093028,0.1278252440557149,low
2022-04-09,0.2680773117040683,0.011284522369589154,low
2022-04-10,0.1843724151933553,0.007690589957453158,low
2022-04-11,4.643570761008506,0.19914961010112167,low
2022-04-12,0.3375755437928776,0.014268481006443266,low
2022-04-13,0.6423193985739715,0.027352886611757707,low
2022-04-14,0.8979722780986437,0.03832953443381225,low
2022-04-15,0.42219503230027694,0.017901682110827755,low
2022-04-16,0.22368995944924108,0.009378718162100475,low
2022-04-17,0.32596129666668977,0.013769814609023833,low
2022-04-18,0.8444165345372808,0.036030078480042665,low
2022-04-19,1.0328906190639293,0.04412235443359204,low
2022-04-20,0.379736131356205,0.01607867740444189,low
2022-04-21,0.6141085698461595,0.026141633555311666,low
2022-04-22,0.6877449629964851,0.029303267236106836,low
2022-04-23,0.06597877191308878,0.002607270226911955,low
2022-04-24,0.16759275024657916,0.00697014247790478,low
2022-04-25,0.6555881699962307,0.02792259124878068,low
2022-04-26,3.1393527594946917,0.1345648838077556,low
2022-04-27,0.7834900080642744,0.033414152442523756,low
2022-04-28,0.39106862265520614,0.01656524640443482,low
2022-04-29,1.091837493351165,0.04665328262209877,low
2022-04-30,2.96892267981548,0.12724734071416077,low
2022-05-01,1.027933732797638,0.0439095268099008,low
2022-05-02,0.8080974020156129,0.03447068932849429,low
2022-05-03,0.4269093107351663,0.01810409318560657,low
2022-05-04,2.655205933561559,0.11377767729432117,low
2022-05-05,6.230186422138681,0.267272141611671,moderate
2022-05-06,0.3787333259263259,0.016035621202382704,low
2022-05-07,0.4122187677855378,0.017473343723395734,low
2022-05-08,1.427200924633526,0.061052362673246825,low
2022-05-09,11.813193092579628,0.5069827137106541,elevated
2022-05-10,1.4515985741751356,0.062099894025923474,low
2022-05-11,20.267780148758597,0.869986739986921,extreme
2022-05-12,10.540736682423265,0.4523488448914522,moderate
2022-05-13,3.1713306204896536,0.1359378772154455,low
2022-05-14,2.919739295068623,0.12513561526023034,low
2022-05-15,5.020563974833536,0.2153360960392255,low
2022-05-16,2.283623037351437,0.09782348739440287,low
2022-05-17,1.4205926035037735,0.06076862945705462,low
2022-05-18,4.983808967820085,0.21375799228997802,low
2022-05-19,2.8502216493950865,0.12215082308657856,low
2022-05-20,1.5071484698942175,0.06448497039585879,low
2022-05-21,0.14617783790379707,0.00605067718041259,low
2022-05-22,0.9227882196710866,0.039395025468060896,low
2022-05-23,1.9901859074139987,0.0852245444870265,low
2022-05-24,1.0969234770201253,0.04687165313944516,low
2022-05-25,0.652013360566883,0.02776910412901944,low
2022-05-26,10.33009481502923,0.44330477858066736,moderate
2022-05-27,1.476640408523718,0.06317508393567017,low
2022-05-28,3.4868727523253207,0.14948591493213456,low
2022-05-29,1.0690403974696934,0.04567447223935722,low
2022-05-30,10.494193594210339,0.4503504825463302,moderate
2022-05-31,2.194326024077036,0.09398945326149245,low
2022-06-01,5.171697671612802,0.2218251344833674,low
2022-06-02,1.2754599862835367,0.05453725185754729,low
2022-06-03,1.13605112016662,0.04855162779775778,low
2022-06-04,0.3354610760104677,0.014177694748835892,low
2022-06-05,0.1330072708841347,0.005485189022953176,low
2022-06-06,7.173868536095615,0.30778983982862984,moderate
2022-06-07,2.224969087507539,0.09530513613622045,low
2022-06-08,1.7687908200936777,0.07571878062640999,low
2022-06-09,0.9853049299056817,0.042079227236155425,low
2022-06-10,4.262342301343656,0.18278128071142066,low
2022-06-11,8.56282867004753,0.36742588327007486,moderate
2022-06-12,3.148783468971874,0.13496979838112405,low
2022-06-13,33.68609837582766,0.9999999999957065,extreme
2022-06-14,3.0306148842850216,0.12989614170982092,low
2022-06-15,16.878256991085124,0.7244550250472918,elevated
2022-06-16,10.730488134794367,0.4604959655899301,moderate
2022-06-17,0.5588739611256697,0.023770094268756172,low
2022-06-18,18.183550615716953,0.7804987842593758,extreme
2022-06-19,16.39510632233706,0.7037105892885472,elevated
2022-06-20,0.9057128762408329,0.03866188281141251,low
2022-06-21,0.5842955585223023,0.024861589589347564,low
2022-06-22,2.9929430224831415,0.12827867211366706,low
2022-06-23,5.25224583268214,0.2252835300954807,low
2022-06-24,12.272895193641014,0.5267203676568613,elevated
2022-06-25,0.3439769326203911,0.014543329429282444,low
2022-06-26,1.3437089555040753,0.05746757245767101,low
2022-06-27,0.6005787724920835,0.02556072157444299,low
2022-06-28,2.0955728177603676,0.0897494103992639,low
2022-06-29,2.543030639609269,0.10896134704864169,low
2022-06-30,0.8936583361325643,0.03814431210510437,low
2022-07-01,1.7942261967060378,0.07681086756794689,low
2022-07-02,0.27556482634465224,0.011606004417532352,low
2022-07-03,0.11199599102324184,0.004583053988321617,low
2022-07-04,3.5690531154375402,0.15301439036119516,low
2022-07-05,0.8294559347559176,0.035387733925535576,low
2022-07-06,2.3507571798081464,0.1007059420726097,low
2022-07-07,3.3902671727904248,0.14533808203398135,low
2022-07-08,0.874459273790734,0.03731998598669034,low
2022-07-09,0.02784666017458356,0.0009700394550817105,low
2022-07-10,0.8387466755648613,0.03578663883932092,low
2022-07-11,2.0733559428946955,0.0887955122403206,low
2022-07-12,2.8997610111845917,0.12427783268140015,low
2022-07-13,3.673312345965223,0.1574908384959807,low
2022-07-14,7.784721085363715,0.3340172514540603,moderate
2022-07-15,2.1327693502734992,0.09134647137646618,low
2022-07-16,18.661740440205403,0.801030222455022,extreme
2022-07-17,0.5730535877705278,0.024378907156834,low
2022-07-18,28.69298425810045,0.9999999999957065,extreme
2022-07-19,14.34827738240008,0.6158284560325077,elevated
2022-07-20,2.109657744337001,0.09035415726899858,low
2022-07-21,3.697657686430471,0.15853612391929334,low
2022-07-22,1.0748508187944348,0.04592394702993272,low
2022-07-23,1.1752400461038743,0.05023423367858185,low
2022-07-24,1.4616374957787064,0.06253092264238377,low
2022-07-25,4.811698079765452,0.2063682824301505,low
2022-07-26,0.10108610219399547,0.0041146297418235556,low
2022-07-27,10.414480766430223,0.44692795259450946,moderate
2022-07-28,1.5754803842756209,0.06741885230857578,low
2022-07-29,0.395296075131395,0.016746755242128625,low
2022-07-30,3.9185152402440435,0.16801880837627822,low
2022-07-31,0.46738426363086727,0.019841915596902664,low
2022-08-01,1.8117061873102016,0.07756138405401765,low
2022-08-02,2.1609110225119674,0.09255475514725603,low
2022-08-03,0.3752276194384795,0.015885101069160936,low
2022-08-04,0.35394909078907166,0.0149714915076715,low
2022-08-05,5.913496867632795,0.25367483844341554,moderate
2022-08-06,0.422734230757859,0.01792483300037016,low
2022-08-07,0.28834772338974063,0.012154847674335863,low
2022-08-08,1.134845065140243,0.04849984492207427,low
2022-08-09,0.7114957311601434,0.030323024252419194,low
2022-08-10,7.535822077069526,0.3233305861507646,moderate
2022-08-11,0.5013206404037367,0.021298999346105615,low
2022-08-12,1.4797925844325477,0.06331042496874878,low
2022-08-13,0.5117791679392282,0.021748044057464992,low
2022-08-14,0.9077428792913762,0.03874904251250776,low
2022-08-15,0.22877861767106572,0.009597203513376876,low
2022-08-16,0.06464457085841605,0.002549985305544414,low
2022-08-17,1.5209292973647448,0.06507666054275532,low
2022-08-18,1.04071277368485,0.0444582044996783,low
2022-08-19,10.719288851438263,0.4600151159727151,moderate
2022-08-20,3.974723512442132,0.1704321526333495,low
2022-08-21,0.4739080987213333,0.020122021341732722,low
2022-08-22,0.9292735698357635,0.03967347883378366,low
2022-08-23,1.0386453697293854,0.04436943896272346,low
2022-08-24,0.19893915259183145,0.008316023735616384,low
2022-08-25,0.5773883952117537,0.024565025360341913,low
2022-08-26,6.682552522279476,0.2866948188649603,moderate
2022-08-27,0.1360963442567063,0.005617820701384682,low
2022-08-28,0.9324578568074252,0.039810198579390575,low
2022-08-29,5.862718832771324,0.25149464549269784,moderate
2022-08-30,0.6685910416061442,0.028480879278247755,low
2022-08-31,0.5107028738289227,0.02170183256388142,low
2022-09-01,0.7660182418220294,0.0326639890755906,low
2022-09-02,0.04006816161155377,0.0014947787710627338,low
2022-09-03,0.21857713344866908,0.009159195149146083,low
2022-09-04,0.547572059131537,0.02328483864347385,low
2022-09-05,3.0172811766695844,0.1293236489887179,low
2022-09-06,3.093322805381432,0.13258855325945126,low
2022-09-07,1.3224901650853123,0.056556527801847875,low
2022-09-08,0.7125089840994119,0.030366529026117382,low
2022-09-09,25.59659300784226,0.9999999999957065,extreme
2022-09-10,1.1373426305422334,0.048607079762852,low
2022-09-11,0.4815641277149577,0.02045073867961173,low
2022-09-12,16.810282995463552,0.7215365106445473,elevated
2022-09-13,8.554471197974294,0.36706704894831355,moderate
2022-09-14,2.9224587605266357,0.12525237754607804,low
2022-09-15,14.445131902017811,0.6199869773595303,elevated
2022-09-16,2.09451237859229,0.08970387964949748,low
2022-09-17,0.8455557189667926,0.0360789902165753,low
2022-09-18,6.332495897681133,0.2716648755561374,moderate
2022-09-19,1.875655766339603,0.08030710711678737,low
2022-09-20,0.7773858439416639,0.03315206558495934,low
2022-09-21,3.4900516905016405,0.14962240502320814,low
2022-09-22,2.0669787659522862,0.08852170337289889,low
2022-09-23,1.8746435232976917,0.08026364570378845,low
2022-09-24,0.6337387910237987,0.026984471801204328,low
2022-09-25,0.4672034273804668,0.019834151257076733,low
2022-09-26,0.784070560100047,0.03343907887891243,low
2022-09-27,0.7409294391508752,0.03158678254574315,low
2022-09-28,0.7429091562906689,0.03167178318360494,low
2022-09-29,0.7523161221822698,0.0320756783083466,low
2022-09-30,0.21194640595905254,0.008874499899114633,low
2022-10-01,0.1652338142177999,0.006868859793075224,low
2022-10-02,0.6139223134576871,0.026133636497798877,low
2022-10-03,0.9610092321765262,0.041036073260890725,low
2022-10-04,1.556772127604921,0.06661559929918004,low
2022-10-05,0.11461801933063717,0.004695632737144037,low
2022-10-06,0.5530007062279596,0.02351792167167381,low
2022-10-07,0.5176252390603278,0.021999049498742648,low
2022-10-08,0.0899935967125479,0.003638364712615039,low
2022-10-09,0.06793137863055226,0.0026911068584899935,low
2022-10-10,0.24792551443751482,0.010419289863748939,low
2022-10-11,0.8699672332317419,0.0371271168615308,low
2022-10-12,0.1088357650420026,0.004447367319356004,low
2022-10-13,1.3606127385609301,0.05819334904121855,low
2022-10-14,1.142882460210789,0.04884493649804295,low
2022-10-15,0.2655993264737839,0.011178128218145775,low
2022-10-16,0.44572989347279274,0.018912168998798523,low
2022-10-17,0.5140794992599874,0.021846810505270948,low
2022-10-18,0.39145052037417494,0.016581643468973895,low
2022-10-19,0.7463654384558109,0.031820181246521154,low
2022-10-20,0.6518360938827246,0.0277614930511931,low
2022-10-21,0.24731988770553578,0.010393286826502045,low
2022-10-22,0.3076413281562433,0.012983233042549072,low
2022-10-23,0.9704719955196531,0.04144236409099627,low
2022-10-24,0.4059794033877674,0.01720545194077577,low
2022-10-25,5.229068612055256,0.22428839877214735,low
2022-10-26,6.6061988511059955,0.2834165168174711,moderate
2022-10-27,0.6914165960076617,0.02946091154885797,low
2022-10-28,0.9760557208226048,0.04168210551812023,low
2022-10-29,1.8801377498255425,0.0804995444339844,low
2022-10-30,0.6746571180448829,0.02874133081258407,low
2022-10-31,0.06880555834199467,0.002728640419009747,low
2022-11-01,0.2318589945959583,0.00972946180331515,low
2022-11-02,1.1788592047213935,0.05038962496394708,low
2022-11-03,0.06391990636078047,0.0025188712926904177,low
2022-11-04,3.298920439570691,0.14141604164033336,low
2022-11-05,10.76804224882219,0.4621083795972322,moderate
2022-11-06,7.2869478665359,0.31264498555788794,moderate
2022-11-07,8.271419821784923,0.35491402615523854,moderate
2022-11-08,11.93210098693503,0.5120881131961911,elevated
2022-11-09,72.34016925645066,0.9999999999957065,extreme
2022-11-10,20.697841951556427,0.8884517655317401,extreme
2022-11-11,4.606088757298368,0.1975402922043075,low
2022-11-12,5.7500899271959565,0.2466588390923051,low
2022-11-13,3.2077634865882576,0.13750214960328636,low
2022-11-14,1.9538959220333387,0.08366640678980346,low
2022-11-15,0.7439039657397886,0.031714496072242616,low
2022-11-16,1.268497577556434,0.05423831562521266,low
2022-11-17,1.5144234138720416,0.06479732556321784,low
2022-11-18,1.0683593087123728,0.04564522918354432,low
2022-11-19,0.8475163707235649,0.0361631722679404,low
2022-11-20,2.98388290563126,0.1278896692121755,low
2022-11-21,0.8886269235031076,0.037928284636203305,low
2022-11-22,1.2010094520201702,0.05134066241841324,low
2022-11-23,10.24648746332404,0.4397150343278006,moderate
2022-11-24,0.6257457709884735,0.026641285500602054,low
2022-11-25,0.6061650874061276,0.02580057418845838,low
2022-11-26,0.19711477212102033,0.008237692593957582,low
2022-11-27,0.21259384504394527,0.008902298181044075,low
2022-11-28,0.6320127881137414,0.026910364573784217,low
2022-11-29,2.4139479550103697,0.10341908532484709,low
2022-11-30,2.2889063530943217,0.0980503305121107,low
2022-12-01,0.5456067174615608,0.023200455227173407,low
2022-12-02,0.133892857148469,0.005523212332362873,low
2022-12-03,1.8133317642509348,0.07763117941724319,low
2022-12-04,0.5257409246357245,0.022347502536163105,low
2022-12-05,0.6936576004440321,0.029557130752457146,low
2022-12-06,0.521180403058556,0.02215169312720775,low
2022-12-07,0.898940698962821,0.03837111430879495,low
2022-12-08,1.4080794421239702,0.06023136750302535,low
2022-12-09,0.17249378554229922,0.007180572098351853,low
2022-12-10,0.010536989458876104,0.00022683578096187716,low
2022-12-11,0.038272269632276305,0.001417670804120868,low
2022-12-12,0.2666955790405178,0.011225196643001516,low
2022-12-13,1.3756467762473972,0.05883884670717352,low
2022-12-14,1.072831141056763,0.045837230653877487,low
2022-12-15,1.350452520636151,0.05775711247637726,low
2022-12-16,4.193194450382112,0.17981236595064037,low
2022-12-17,0.18392582054052897,0.0076714150816121285,low
2022-12-18,0.005707159111080853,1.946339827411118e-05,low
2022-12-19,0.5547231798424459,0.023591877366145746,low
2022-12-20,1.1673503088514554,0.049895481901604546,low
2022-12-21,0.028729770588123975,0.0010079564619835887,low
2022-12-22,0.6552573547233563,0.027908387447316562,low
2022-12-23,0.023521085543886884,0.0007843176692076386,low
2022-12-24,0.7396449976328657,0.03153163408734351,low
2022-12-25,0.021422498101833123,0.0006942132459050748,low
2022-12-26,0.16347006473709094,0.006793131888378554,low
2022-12-27,0.08975792542642749,0.003628245989468544,low
2022-12-28,7.775665158608144,0.33362842845749147,moderate
2022-12-29,0.31506242782312827,0.01330186351386321,low
2022-12-30,0.7048798775772984,0.030038967624712955,low
2022-12-31,0.17964650222269504,0.007487679345168774,low
2023-01-01,0.08588430529781145,0.0034619292085768328,low
2023-01-02,11.712678351874448,0.5026670380503712,elevated
2023-01-03,26.02899797033519,0.9999999999957065,extreme
2023-01-04,1.3329160325999232,0.057004170230754055,low
2023-01-05,0.06352923894990015,0.002502097694862143,low
2023-01-06,0.15784743777897026,0.006551720189559318,low
2023-01-07,0.5806122772563524,0.02470344515005522,low
2023-01-08,4.302405151880838,0.18450140919936056,low
2023-01-09,9.946565663819467,0.42683766727666655,moderate
2023-01-10,0.782460399998344,0.03336994544921519,low
2023-01-11,1.6196574009332945,0.06931562559969578,low
2023-01-12,8.477820565590033,0.363775996648867,moderate
2023-01-13,10.249378332599724,0.43983915596491174,moderate
2023-01-14,41.107076353376854,0.9999999999957065,extreme
2023-01-15,1.7251574080074332,0.07384534740462982,low
2023-01-16,0.2988570276747285,0.012606072523457846,low
2023-01-17,0.41208450583347606,0.01746757908594505,low
2023-01-18,1.8124574017585369,0.07759363800888625,low
2023-01-19,0.4031365178566656,0.017083390521669763,low
2023-01-20,12.53126124993499,0.5378135077552046,elevated
2023-01-21,2.0414087242707746,0.08742383448577719,low
2023-01-22,0.14321098192882353,0.0059232929974665895,low
2023-01-23,0.49855566110636523,0.021180282889483072,low
2023-01-24,2.331898258709042,0.09989622017315891,low
2023-01-25,1.4910410426658447,0.06379338594613951,low
2023-01-26,0.018562319508427377,0.0005714093362195422,low
2023-01-27,0.11060375930026291,0.004523277476755444,low
2023-01-28,0.4805357297929058,0.02040658364473677,low
2023-01-29,1.8336402352766934,0.07850313882825635,low
2023-01-30,1.8152735602936376,0.07771455188440506,low
2023-01-31,0.42961752274092413,0.01822037229605482,low
2023-02-01,0.673293687990116,0.02868279092221003,low
2023-02-02,0.8079336086809589,0.03446365673901813,low
2023-02-03,0.4697015265394032,0.019941409015108637,low
2023-02-04,0.20322558965790447,0.008500065120846091,low
2023-02-05,0.29019992576985476,0.012234373370504375,low
2023-02-06,0.31160080280404934,0.013153236051512349,low
2023-02-07,0.6697392427739689,0.02853017815519182,low
2023-02-08,0.26147404490289383,0.011001006164779259,low
2023-02-09,3.346231476320942,0.14344737643096564,low
2023-02-10,0.3950475479984508,0.01673608454357195,low
2023-02-11,0.28469823028102464,0.011998153954875823,low
2023-02-12,1.5743202458667735,0.06736904089724947,low
2023-02-13,0.697971143627691,0.02974233595914318,low
2023-02-14,0.6379645671269485,0.027165908662566386,low
2023-02-15,15.969116177268313,0.6854203834172916,elevated
2023-02-16,1.9409481315201378,0.08311048370846993,low
2023-02-17,2.6701997397162227,0.11442144758933172,low
2023-02-18,0.2188388571737871,0.009170432453269697,low
2023-02-19,3.4385385392386905,0.14741064929931824,low
2023-02-20,1.5175515899485126,0.06493163614552241,low
2023-02-21,0.6009192093582696,0.025575338486220855,low
2023-02-22,0.30663066032242325,0.012939839262289105,low
2023-02-23,0.8429612825690767,0.03596759614705652,low
2023-02-24,1.8243105312490775,0.07810256099950062,low
2023-02-25,0.35000361574552896,0.014802089582200546,low
2023-02-26,0.37724094375260464,0.015971544656218594,low
2023-02-27,0.27625401594431814,0.011635595289077476,low
2023-02-28,0.3892517228678296,0.016487236451521017,low
2023-03-01,0.8128644995277352,0.03467536822990643,low
2023-03-02,0.1355081102555788,0.0055925644340610375,low
2023-03-03,5.464514493021005,0.23439744397953757,low
2023-03-04,0.21392057662728836,0.00895926239506674,low
2023-03-05,0.1556721213480167,0.006458321349661638,low
2023-03-06,0.16706144308894882,0.006947330407235018,low
2023-03-07,0.29483210902498874,0.012433259627265339,low
2023-03-08,3.047151498616335,0.13060615362919165,low
2023-03-09,7.210261641104217,0.3093524050442973,moderate
2023-03-10,3.5756920540599575,0.1532994381623621,low
2023-03-11,2.080915527799174,0.08912008867901225,low
2023-03-12,8.252627247792013,0.35410715291847467,moderate
2023-03-13,30.573734260384086,0.9999999999957065,extreme
2023-03-14,1.1580864228975942,0.049497730021131794,low
2023-03-15,1.929506756633299,0.08261923971009827,low
2023-03-16,2.2017715289522015,0.09430913158869939,low
2023-03-17,17.601861426230343,0.7555235233244616,extreme
2023-03-18,0.4435879438717506,0.01882020278872906,low
2023-03-19,4.993173653364309,0.2141600720763444,low
2023-03-20,2.065740814650676,0.08846855100675345,low
2023-03-21,1.679124772546572,0.07186890173065834,low
2023-03-22,1.2632824876289173,0.054014401833976954,low
2023-03-23,1.9624877599843575,0.08403530378602679,low
2023-03-24,1.3230804300378893,0.05658187126959284,low
2023-03-25,0.09018231242484076,0.0036464673630376677,low
2023-03-26,0.35594074743614373,0.015057004777218908,low
2023-03-27,1.2142267382370346,0.051908156499589096,low
2023-03-28,2.3827389496494313,0.10207910330954352,low
2023-03-29,5.7563617069005755,0.24692812265039804,low
2023-03-30,0.8334005181119235,0.03555709756573442,low
2023-03-31,0.31244850632682397,0.013189632837045578,low
2023-04-01,0.025164137746611068,0.0008548633458927072,low
2023-04-02,0.11178395098757216,0.004573949890608932,low
2023-04-03,2.3786906951607416,0.10190528847163119,low
2023-04-04,1.2405427020942168,0.05303805211388953,low
2023-04-05,1.3400743741708627,0.05731151898645854,low
2023-04-06,0.6328448205628369,0.02694608851003412,low
2023-04-07,0.04178391091637304,0.0015684457522637748,low
2023-04-08,0.4032863562354436,0.01708982394466555,low
2023-04-09,0.5447202668804435,0.023162394807675412,low
2023-04-10,5.205532609675522,0.2232778628855901,low
2023-04-11,10.293598089765657,0.4417377643517591,moderate
2023-04-12,2.0987954869414254,0.08988777811377285,low
2023-04-13,5.069147751375372,0.21742207686587078,low
2023-04-14,5.52746984535173,0.23710047917449628,low
2023-04-15,0.29320901777116937,0.012363570988868786,low
2023-04-16,2.037058951085172,0.0872370737168277,low
2023-04-17,1.6531491205123423,0.07075361765931089,low
2023-04-18,3.2087625701902978,0.13754504600588027,low
2023-04-19,5.173716017513204,0.22191179367599215,low
2023-04-20,2.8208166709964684,0.12088829831980548,low
2023-04-21,2.245387846056166,0.09618183082461418,low
2023-04-22,0.6778366845287387,0.028877847880512203,low
2023-04-23,0.13470826882542133,0.005558222643314731,low
2023-04-24,0.2190597790231146,0.00917991789830272,low
2023-04-25,2.0224361015516363,0.08660923072212745,low
2023-04-26,0.7046470362498963,0.03002897040796318,low
2023-04-27,2.6236679603352577,0.11242357079737836,low
2023-04-28,2.3682018774444193,0.10145494322867575,low
2023-04-29,0.6196665015674536,0.026380267515692245,low
2023-04-30,0.9491487935173231,0.04052683644564652,low
2023-05-01,3.9038349067511997,0.16738849726473956,low
2023-05-02,0.7426250526588916,0.03165958498143024,low
2023-05-03,0.6287493792854751,0.026770247672015447,low
2023-05-04,0.26019438156292735,0.010946062861031919,low
2023-05-05,5.205515368921455,0.2232771226409039,low
2023-05-06,2.826235824385072,0.12112097372855109,low
2023-05-07,0.7096226458635455,0.03024260193259377,low
2023-05-08,2.2500501196168576,0.09638200903117668,low
2023-05-09,0.03462029398450827,0.0012608704949876373,low
2023-05-10,0.26959686532089355,0.011349765542009633,low
2023-05-11,0.7772563796112274,0.033146506936985724,low
2023-05-12,1.7487599207239741,0.07485873896230258,low
2023-05-13,0.12013917809835206,0.004932687823226125,low
2023-05-14,0.04905993426465229,0.0018808472632015766,low
2023-05-15,0.17146930819472778,0.00713658539627804,low
2023-05-16,0.55216721841881,0.023482135248450175,low
2023-05-17,1.0389229996571931,0.04438135921157055,low
2023-05-18,1.2095922129523249,0.05170916968603452,low
2023-05-19,0.08352143540948015,0.0033604776205416313,low
2023-05-20,0.29383581039635964,0.012390482799590288,low
2023-05-21,0.6182770142840179,0.026320608838692968,low
2023-05-22,0.13410322788302542,0.005532244757382244,low
2023-05-23,0.3214622660126135,0.013576645358897485,low
2023-05-24,2.1559104626012298,0.0923400523629365,low
2023-05-25,0.05092256718425026,0.001960820802393491,low
2023-05-26,0.19075268435896792,0.007964531591793658,low
2023-05-27,2.0801829004733037,0.08908863277616522,low
2023-05-28,5.225276438711283,0.2241255789699438,low
2023-05-29,0.4461993271358913,0.018932324484648048,low
2023-05-30,0.9815003415933342,0.041915874387988064,low
2023-05-31,0.7425384035203153,0.031655864635780295,low
2023-06-01,0.8835195616822005,0.03770899623189455,low
2023-06-02,0.5122533379561311,0.021768402902211815,low
2023-06-03,0.17865233618285004,0.007444994081790107,low
2023-06-04,0.8956322733990101,0.03822906457977584,low
2023-06-05,4.9294333232363785,0.21142333327185045,low
2023-06-06,10.14593525463118,0.4353977499514095,moderate
2023-06-07,2.8518133807356483,0.12221916526361626,low
2023-06-08,0.06135592210738857,0.0024087847087915643,low
2023-06-09,4.021428447229579,0.17243746398234353,low
2023-06-10,3.9246154188641094,0.16828072411330644,low
2023-06-11,0.07753539318242567,0.0031034624150157223,low
2023-06-12,0.22862278752667262,0.00959051282943761,low
2023-06-13,0.06705873838316403,0.0026536393960121976,low
2023-06-14,3.9398595712398494,0.16893524321078482,low
2023-06-15,0.9445970399831034,0.04033140349918092,low
2023-06-16,1.2117013983019522,0.05179972913843475,low
2023-06-17,0.21340298080798406,0.008937039030975421,low
2023-06-18,0.1566051509339137,0.006498381673609447,low
2023-06-19,1.392373217307668,0.05955700897929933,low
2023-06-20,8.828738612420974,0.3788429257663024,moderate
2023-06-21,7.444994029018164,0.31943081589322586,moderate
2023-06-22,0.44992412420212774,0.019092251435913834,low
2023-06-23,2.2741439058093165,0.0974164937834166,low
2023-06-24,0.24307687083481683,0.010211109719874059,low
2023-06-25,1.2890119783378946,0.05511911678449255,low
2023-06-26,1.085422709664957,0.04637785908097112,low
2023-06-27,0.20016079589147787,0.008368475905485635,low
2023-06-28,1.275598311842426,0.05454319096900005,low
2023-06-29,8.221174935958228,0.3527567243575651,moderate
2023-06-30,8.563561764531425,0.3674573592307015,moderate
2023-07-01,0.3315753162137981,0.014010856742205795,low
2023-07-02,1.1102573743650412,0.04744415400672543,low
2023-07-03,1.3063496229592844,0.055863521539200454,low
2023-07-04,0.5302383343972684,0.02254060219205481,low
2023-07-05,0.35342492050057495,0.014948985863822269,low
2023-07-06,6.520998665391511,0.2797583830436589,moderate
2023-07-07,3.597316201811993,0.15422788713883162,low
2023-07-08,0.38645235850370263,0.016367043646308876,low
2023-07-09,0.32607637701680303,0.013774755670031167,low
2023-07-10,0.20840383969330714,0.008722397163727193,low
2023-07-11,1.1733835140491347,0.05015452208459112,low
2023-07-12,0.29253196630379463,0.01233450127712294,low
2023-07-13,12.644471084418235,0.5426742567732721,elevated
2023-07-14,7.244792825012964,0.3108350272832865,moderate
2023-07-15,0.6518902077706857,0.027763816471494628,low
2023-07-16,0.05751715012856141,0.002243964159306258,low
2023-07-17,0.1077119121743915,0.0043991138549142605,low
2023-07-18,1.1007500577092495,0.04703595024677792,low
2023-07-19,1.1723064201896038,0.05010827625317569,low
2023-07-20,1.2399400238822376,0.05301217567355676,low
2023-07-21,0.06251162681731702,0.0024584057559347084,low
2023-07-22,0.9621668336929232,0.041085775748839974,low
2023-07-23,0.2473631312236439,0.010395143519333912,low
2023-07-24,2.832338338360341,0.12138298973580373,low
2023-07-25,0.1252513250997755,0.0051521816828436215,low
2023-07-26,3.9378879624811285,0.16885059071233616,low
2023-07-27,0.13265994040108983,0.005470276128573359,low
2023-07-28,0.4291309107251433,0.01819947924476928,low
2023-07-29,0.09093652525048969,0.0036788500554814896,low
2023-07-30,0.8174560755641583,0.03487251098532428,low
2023-07-31,0.3094988367794738,0.013062986566239242,low
2023-08-01,0.5240277304773738,0.02227394526208905,low
2023-08-02,0.8466990037776059,0.03612807800604958,low
2023-08-03,0.3598653186755621,0.015225509182206462,low
2023-08-04,0.20036319620610082,0.008377166114556701,low
2023-08-05,0.29872396013388364,0.012600359168947165,low
2023-08-06,0.7453633682090177,0.031777156610098285,low
2023-08-07,0.16751761139264382,0.006966916334945098,low
2023-08-08,1.0906266408189909,0.046601293761911355,low
2023-08-09,0.49228857556179445,0.020911200878666904,low
2023-08-10,0.27300207536362825,0.011495970785106122,low
2023-08-11,0.025281812245754473,0.0008599157886312181,low
2023-08-12,0.1096308195209951,0.004481503578769447,low
2023-08-13,0.4027395117194397,0.017066344765879236,low
2023-08-14,0.8104433683419605,0.034571415149437894,low
2023-08-15,1.2743174601717295,0.05448819664338297,low
2023-08-16,1.3095012438615843,0.0559988387426581,low
2023-08-17,12.536675379172403,0.5380459674482566,elevated
2023-08-18,1.5919852064274476,0.06812749920691341,low
2023-08-19,0.35878533028778514,0.015179139072053283,low
2023-08-20,0.5085387640830875,0.021608914891401165,low
2023-08-21,0.5898501243770745,0.025100079033728573,low
2023-08-22,1.8883491586200019,0.0808521074194954,low
2023-08-23,1.9045540222508364,0.08154787537411734,low
2023-08-24,0.45905645856609356,0.019484355050365103,low
2023-08-25,0.5487837755407785,0.023336864594870048,low
2023-08-26,0.06539717562496956,0.002582298954766817,low
2023-08-27,0.3102942692499155,0.013097139054998604,low
2023-08-28,0.13923260223939526,0.005752478286384665,low
2023-08-29,7.6949285248302814,0.33016194062850435,moderate
2023-08-30,0.9825083700610322,0.04195915484508715,low
2023-08-31,5.891420449343436,0.25272697089275387,moderate
2023-09-01,0.34898001788803146,0.014758140641691642,low
2023-09-02,0.07259732374497986,0.002891442705961506,low
2023-09-03,0.11161651377668338,0.004566760848577994,low
2023-09-04,0.14328797683312747,0.005926598831338707,low
2023-09-05,1.1484671576285765,0.04908471966364534,low
2023-09-06,0.8263047145957931,0.03525243392824332,low
2023-09-07,0.9201214759681021,0.03928052683024478,low
2023-09-08,0.5797275173104691,0.024665457319246985,low
2023-09-09,0.06835480913770421,0.0027092871643905666,low
2023-09-10,2.5065561866157102,0.10739528909632459,low
2023-09-11,3.880073263284404,0.16636827330914328,low
2023-09-12,1.8522671969464397,0.07930290137591027,low
2023-09-13,0.5036755114708447,0.021400107498761863,low
2023-09-14,0.22476992161576526,0.00942508714642453,low
2023-09-15,0.4001940587873869,0.01695705383813882,low
2023-09-16,0.06079079094219625,0.0023845203790288133,low
2023-09-17,0.31102366105558255,0.013128456038362865,low
2023-09-18,1.0113008062357556,0.04319537965278943,low
2023-09-19,1.3456741379273243,0.05755194903659396,low
2023-09-20,1.4499295073983849,0.06202823139402217,low
2023-09-21,1.1005591215933268,0.04702775226166274,low
2023-09-22,0.3386334334334556,0.014313902290337329,low
2023-09-23,0.013410462545768567,0.0003502104996805316,low
2023-09-24,0.5320654228065059,0.022619049601077724,low
2023-09-25,0.13282754527847412,0.005477472369490835,low
2023-09-26,0.9612126813938464,0.04104480850538454,low
2023-09-27,0.05216019122054835,0.0020139591171576816,low
2023-09-28,2.2354184417317575,0.0957537869845911,low
2023-09-29,1.5633964710258974,0.06690002044444388,low
2023-09-30,3.8959664583482954,0.1670506595404578,low
2023-10-01,8.916602566882565,0.38261543044597235,moderate
2023-10-02,6.314270503745409,0.2708823546198483,moderate
2023-10-03,0.27939086108992994,0.011770278084357233,low
2023-10-04,3.032819939309556,0.12999081739850304,low
2023-10-05,1.1067651924366138,0.04729421456058986,low
2023-10-06,0.8475379428300571,0.036164098482486404,low
2023-10-07,0.3853229428742478,0.016318551340521827,low
2023-10-08,0.018167317047383485,0.0005544496097662941,low
2023-10-09,4.060984435861743,0.1741358299748398,low
2023-10-10,0.2491321861079307,0.010471099215506024,low
2023-10-11,2.980800424618016,0.12775732058162828,low
2023-10-12,1.5866436582905992,0.06789815583776479,low
2023-10-13,0.6076332633877547,0.025863611423638688,low
2023-10-14,0.11687696784141287,0.004792622383014802,low
2023-10-15,0.7817398200083508,0.0333390068077554,low
2023-10-16,10.67632117962103,0.45817026680790895,moderate
2023-10-17,3.0287884919453307,0.12981772418706522,low
2023-10-18,0.644005064427738,0.02742526193746051,low
2023-10-19,5.287279577865593,0.22678773017913065,low
2023-10-20,5.547711894081212,0.23796958669448004,low
2023-10-21,7.394021802119234,0.3172422851619637,moderate
2023-10-22,4.281864232711089,0.18361946945322183,low
2023-10-23,27.018709821107315,0.9999999999957065,extreme
2023-10-24,9.091840885128777,0.390139418862978,moderate
2023-10-25,7.515434690067632,0.3224552384232217,moderate
2023-10-26,2.9817379134537925,0.12779757236680886,low
2023-10-27,0.8854886213481672,0.03779353928313697,low
2023-10-28,0.2889273590056434,0.012179734763551187,low
2023-10-29,0.8491585357220883,0.03623367985184874,low
2023-10-30,5.218869660472558,0.22385049914869853,low
2023-10-31,11.91734544034429,0.5114545727539728,elevated
2023-11-01,4.082651858083121,0.17506613697305565,low
2023-11-02,1.664034803626424,0.07122100261530248,low
2023-11-03,5.543332612155446,0.2377815589456747,low
2023-11-04,3.973658936821332,0.17038644428188796,low
2023-11-05,5.610701913394187,0.2406741103422812,low
2023-11-06,0.5102323515396416,0.02168163033705156,low
2023-11-07,2.4153811245908785,0.10348061953398166,low
2023-11-08,0.1439767517809269,0.0059561718994954405,low
2023-11-09,77.25698254801623,0.9999999999957065,extreme
2023-11-10,79.52013348322926,0.9999999999957065,extreme
2023-11-11,0.4320463506794579,0.018324655842366606,low
2023-11-12,0.052850054179654216,0.002043578899894589,low
2023-11-13,6.823258926710648,0.2927361537039035,moderate
2023-11-14,18.55036137418551,0.7962480788518566,extreme
2023-11-15,14.867747416277599,0.6381322909299901,elevated
2023-11-16,8.18302477858894,0.35111871878306417,moderate
2023-11-17,0.71712958401212,0.03056491794339738,low
2023-11-18,0.03972895190780757,0.0014802145484231598,low
2023-11-19,1.2948075684232563,0.05536795478469926,low
2023-11-20,6.424795925857958,0.27562784638262067,moderate
2023-11-21,5.3201024196989914,0.22819700347186286,low
2023-11-22,9.375493806130732,0.40231826943303406,moderate
2023-11-23,0.33310905024502696,0.014076708761337363,low
2023-11-24,0.37261598857465317,0.015772968742364037,low
2023-11-25,0.750960567980579,0.032017476573622035,low
2023-11-26,0.36657722018494127,0.01551368969956168,low
2023-11-27,1.9811830523676748,0.08483800016403574,low
2023-11-28,1.5017994764229208,0.06425530735570037,low
2023-11-29,0.8160344736042563,0.0348114734406426,low
2023-11-30,1.3834364417174183,0.059173301827237165,low
2023-12-01,2.3716194744458243,0.10160168031511843,low
2023-12-02,3.922067614436394,0.1681713322223389,low
2023-12-03,1.3555502167706344,0.05797598587720149,low
2023-12-04,15.421984105392461,0.6619288582042823,elevated
2023-12-05,12.358967533602526,0.5304159480263618,elevated
2023-12-06,3.3321225836020307,0.14284160055696576,low
2023-12-07,30.573399096321,0.9999999999957065,extreme
2023-12-08,8.158219842283724,0.3500537002682049,moderate
2023-12-09,0.9675201782011675,0.04131562560402792,low
2023-12-10,0.6643436814137518,0.02829851568785132,low
2023-12-11,9.022894016075075,0.3871791334109115,moderate
2023-12-12,1.7244081422148665,0.07381317711675586,low
2023-12-13,2.7930747209712656,0.11969717692156479,low
2023-12-14,4.68400203794358,0.20088555725234253,low
2023-12-15,3.749681327119475,0.16076979788895887,low
2023-12-16,0.10947272238289452,0.004474715559757764,low
2023-12-17,1.4387771019386375,0.061549394514390655,low
2023-12-18,3.4307002075515727,0.147074104658781,low
2023-12-19,0.7790173866436977,0.03322211709261365,low
2023-12-20,10.237866844103246,0.43934490158620726,moderate
2023-12-21,13.258445954191913,0.569035727567686,elevated
2023-12-22,7.702658759961378,0.33049384406246324,moderate
2023-12-23,8.117447724318298,0.34830311885211507,moderate
2023-12-24,3.9642754127536204,0.16998355564940884,low
2023-12-25,3.218666238734831,0.13797026743096968,low
2023-12-26,3.201572942731159,0.13723635396713824,low
2023-12-27,22.85636089710901,0.9811293928153266,extreme
2023-12-28,1.6071616619524696,0.068779111689413,low
2023-12-29,3.160886036052582,0.13548943116145773,low
2023-12-30,1.61560096856066,0.06914145963821249,low
2023-12-31,0.27009417877135156,0.01137111806740656,low
2024-01-01,5.001713289726339,0.21452672775825457,low
2024-01-02,3.2331454064446636,0.1385919413389765,low
2024-01-03,8.115227906292214,0.3482078093029065,moderate
2024-01-04,2.2547990731560423,0.09658590890752405,low
2024-01-05,1.9482544760096538,0.08342418708031202,low
2024-01-06,2.6041850609392623,0.11158705792249904,low
2024-01-07,1.8501466965069968,0.07921185610165578,low
2024-01-08,11.117430963271723,0.4771096456836671,moderate
2024-01-09,3.8723507976604945,0.16603670346479346,low
2024-01-10,48.139626655171334,0.9999999999957065,extreme
2024-01-11,2.3959527597149126,0.1026464481395567,low
2024-01-12,18.063563421042854,0.7753470442064468,extreme
2024-01-13,2.718071531420856,0.11647685881383858,low
2024-01-14,3.6679871079267063,0.15726219541311737,low
2024-01-15,0.9260912756145222,0.03953684464840828,low
2024-01-16,1.8597442203364445,0.07962393297415372,low
2024-01-17,3.7148555878569205,0.15927452869528305,low
2024-01-18,3.994371163947557,0.1712757392634179,low
2024-01-19,0.5700528561349254,0.0242500684970319,low
2024-01-20,0.4451279903017168,0.018886325835427306,low
2024-01-21,0.32234843164425425,0.013614693543876328,low
2024-01-22,7.024413487138898,0.3013728753857651,moderate
2024-01-23,6.613522534500056,0.2837309646481636,moderate
2024-01-24,1.577157332259862,0.06749085332602232,low
2024-01-25,0.3575566029268185,0.015126382742706515,low
2024-01-26,5.796323013927361,0.24864389129168057,low
2024-01-27,0.21381910040378965,0.008954905437422733,low
2024-01-28,0.2734626417836322,0.011515745549233354,low
2024-01-29,1.7515841975409612,0.07498000140233338,low
2024-01-30,1.83464048745614,0.07854608540459627,low
2024-01-31,2.3590061949078938,0.10106011971299884,low
2024-02-01,0.2827504393702029,0.011914524093562152,low
2024-02-02,0.219144834946094,0.009183569838047972,low
2024-02-03,0.4717063845306053,0.020027489094251782,low
2024-02-04,0.6678136672661699,0.028447502128842412,low
2024-02-05,0.08454616735977018,0.0034044752541738206,low
2024-02-06,2.860991137290559,0.1226132191138491,low
2024-02-07,1.5416991797929107,0.06596843099784794,low
2024-02-08,2.6446115572702755,0.1133227998149047,low
2024-02-09,3.5069492136594222,0.1503479128333014,low
2024-02-10,0.35444618574604314,0.014992834651886972,low
2024-02-11,0.9726144239508148,0.041534350859995475,low
2024-02-12,6.93539233102396,0.2975506853865654,moderate
2024-02-13,0.1615700872956991,0.00671155493417885,low
2024-02-14,5.123545879395979,0.21975770122719787,low
2024-02-15,2.1888141690532352,0.09375279763862221,low
2024-02-16,1.2793129577485132,0.05470268207260337,low
2024-02-17,0.3945849290060861,0.01671622165071339,low
2024-02-18,3.003254121873976,0.12872138688723747,low
2024-02-19,3.753662658544018,0.16094073933499828,low
2024-02-20,2.9054241421778033,0.1245209834512965,low
2024-02-21,0.8259318112129486,0.03523642304226094,low
2024-02-22,1.2376648699879829,0.0529144902374113,low
2024-02-23,0.6791704080276986,0.028935112297667605,low
2024-02-24,0.951953776600924,0.04064727049478672,low
2024-02-25,6.513891192479886,0.27945321837193393,moderate
2024-02-26,8.319916209962479,0.35699625489702475,moderate
2024-02-27,9.530374228587766,0.40896817634979854,moderate
2024-02-28,24.447545037021712,0.9999999999957065,extreme
2024-02-29,6.309816143707561,0.2706911033360802,moderate
2024-03-01,1.1500490111194102,0.04915263772780817,low
2024-03-02,0.20268002860005072,0.008476641048296539,low
2024-03-03,1.0198693570030832,0.04356327679634292,low
2024-03-04,20.052360442531647,0.8607375335880724,extreme
2024-03-05,13.7286071964237,0.5892224525721268,elevated
2024-03-06,10.946154871767638,0.46975577843885524,moderate
2024-03-07,4.331838676742198,0.1857651596298878,low
2024-03-08,1.3162500168800773,0.05628860236586748,low
2024-03-09,0.17713250993798066,0.007379739203880403,low
2024-03-10,0.9924803678838876,0.04238731003890813,low
2024-03-11,4.671378705198251,0.20034356500823516,low
2024-03-12,1.5765948915572223,0.06746670451328397,low
2024-03-13,3.3007047085405055,0.14149265056466032,low
2024-03-14,9.330547208191621,0.40038845359331265,moderate
2024-03-15,6.037605458560202,0.25900353373069124,moderate
2024-03-16,10.20457701903337,0.4379155780185274,moderate
2024-03-17,5.269041358214453,0.2260046585611459,low
2024-03-18,2.940583208270515,0.1260305642820291,low
2024-03-19,19.14969402967206,0.8219808752113739,extreme
2024-03-20,19.314812217638774,0.8290703482566071,extreme
2024-03-21,5.388228990274193,0.23112206879449368,low
2024-03-22,3.581583855030561,0.15355240704897197,low
2024-03-23,0.24104827843820842,0.01012401058626184,low
2024-03-24,3.5471018807526384,0.15207189766233165,low
2024-03-25,2.728657614731968,0.11693138022794139,low
2024-03-26,0.030486066727031236,0.0010833643518687434,low
2024-03-27,1.55032592176701,0.06633882662443928,low
2024-03-28,0.43479809589771473,0.01844280408389233,low
2024-03-29,0.838359536546694,0.03577001673567594,low
2024-03-30,0.1674174110076696,0.006962614156383522,low
2024-03-31,2.19253941068136,0.09391274367748556,low
2024-04-01,3.0143261219350324,0.12919677150086648,low
2024-04-02,7.4091422096268476,0.3178914911808656,moderate
2024-04-03,0.12158654507133186,0.004994831608037824,low
2024-04-04,6.185360369173193,0.26534750146065933,moderate
2024-04-05,1.818743149793468,0.07786352130770101,low
2024-04-06,0.23608093264355973,0.009910733874888205,low
2024-04-07,2.3352872098521567,0.10004172732822511,low
2024-04-08,9.505196954302289,0.4078871712249403,moderate
2024-04-09,4.0109366718374355,0.1719869917493619,low
2024-04-10,0.9181202973140725,0.039194604726198325,low
2024-04-11,0.2568354623647246,0.010801845150009221,low
2024-04-12,10.975163032225844,0.4710012655302089,moderate
2024-04-13,8.059321731690654,0.3458074358323609,moderate
2024-04-14,4.236715069210515,0.18168095630943254,low
2024-04-15,4.494953119516062,0.19276860037480842,low
2024-04-16,0.7768814525052212,0.03313040916093398,low
2024-04-17,2.7770159510894796,0.11900768161145713,low
2024-04-18,2.2453959172098448,0.09618217736564127,low
2024-04-19,0.146732118622386,0.006074475638125322,low
2024-04-20,1.8425710151820165,0.07888658855109647,low
2024-04-21,0.2833309105518172,0.011939447058416992,low
2024-04-22,1.3866738141872312,0.05931230083845903,low
2024-04-23,0.7426539515046304,0.03166082577501226,low
2024-04-24,1.9218480417857124,0.08229040705306816,low
2024-04-25,0.5668148053781732,0.024111040363052384,low
2024-04-26,0.9719737000768472,0.041506840900675634,low
2024-04-27,6.605903142984685,0.2834038203678485,moderate
2024-04-28,0.6964082535537292,0.029675232103484054,low
2024-04-29,2.0865603151149443,0.08936245184938144,low
2024-04-30,5.68167510711133,0.24372139756113823,low
2024-05-01,10.592096460910135,0.45455401544035146,moderate
2024-05-02,0.3191693201936845,0.01347819601314307,low
2024-05-03,6.643036483576807,0.2849981681526025,moderate
2024-05-04,0.45685359883584825,0.019389773618287177,low
2024-05-05,0.16322788080601133,0.006782733539943894,low
2024-05-06,3.5327427935710665,0.1514553795017252,low
2024-05-07,0.7515592119619383,0.0320431798012422,low
2024-05-08,1.1283042309261235,0.04821900930714076,low
2024-05-09,1.8588165195802626,0.07958410144750011,low
2024-05-10,2.601331763475335,0.11146454945926043,low
2024-05-11,0.10654718742066929,0.0043491055254363835,low
2024-05-12,0.6480035956525201,0.027596941869802858,low
2024-05-13,1.0834793389240454,0.04629441900296248,low
2024-05-14,1.0815290472153358,0.04621068176801883,low
2024-05-15,8.11302676995405,0.3481133018659581,moderate
2024-05-16,1.7671009537032725,0.07564622494752113,low
2024-05-17,3.4264913124281167,0.146893392594923,low
2024-05-18,0.5414521706706743,0.023022076649671774,low
2024-05-19,0.4546578539824988,0.019295497668776584,low
2024-05-20,58.43282771864039,0.9999999999957065,extreme
2024-05-21,8.597949812623522,0.36893383582621897,moderate
2024-05-22,0.49054897547458165,0.020836509846263698,low
2024-05-23,2.386584875490907,0.10224423101547864,low
2024-05-24,3.378261171326616,0.14482259537072012,low
2024-05-25,0.20926210839964632,0.008759247573328258,low
2024-05-26,3.1241766805689295,0.13391328749482725,low
2024-05-27,0.4171170480557747,0.01768365505476065,low
2024-05-28,0.5543163675361564,0.023574410575143354,low
2024-05-29,0.6086100485990912,0.025905550428130114,low
2024-05-30,0.9695232819559468,0.041401630363716635,low
2024-05-31,0.9245489649330604,0.03947062438437653,low
2024-06-01,0.3556513646235649,0.015044579909463304,low
2024-06-02,0.5076683851164459,0.021571544518705528,low
2024-06-03,1.0411106457190806,0.04447528743340513,low
2024-06-04,0.9434897045971111,0.04028385922518121,low
2024-06-05,0.15113596963952836,0.006263558279266875,low
2024-06-06,0.5336972144132075,0.02268911179564033,low
2024-06-07,1.805438623959911,0.0772922815282551,low
2024-06-08,0.6962705805945512,0.02966932101188858,low
2024-06-09,0.1664467807414211,0.006920939419068434,low
2024-06-10,0.4857628104359044,0.020631012266320657,low
2024-06-11,2.8193257992034693,0.1208242866229687,low
2024-06-12,0.3888512640604481,0.016470042452751906,low
2024-06-13,1.450450687782268,0.062050608664077904,low
2024-06-14,1.0454164467721951,0.04466016022591873,low
2024-06-15,1.2276264443931844,0.05248348291745906,low
2024-06-16,0.6352066165365817,0.027047493988742375,low
2024-06-17,3.495336843547748,0.14984932702690568,low
2024-06-18,1.3455005790442027,0.057544497155981644,low
2024-06-19,1.7265466870308022,0.07390499713982718,low
2024-06-20,0.5441409658215074,0.02313752208291398,low
2024-06-21,0.7766671498712329,0.033121207916868185,low
2024-06-22,0.27522766872848126,0.011591528302809477,low
2024-06-23,0.9490157969397428,0.040521126137996744,low
2024-06-24,8.036514488042224,0.34482818974764606,moderate
2024-06-25,0.8655202340530882,0.03693618162176427,low
2024-06-26,0.7203436053911542,0.03070291435805074,low
2024-06-27,3.689686524481948,0.15819387611201582,low
2024-06-28,2.033522859211379,0.08708524896430694,low
2024-06-29,0.3318519406438681,0.014022733819254566,low
2024-06-30,1.1644003699818555,0.04976882406724574,low
2024-07-01,0.026561038771745697,0.0009148403374434322,low
2024-07-02,2.6598030905627508,0.11397505967264053,low
2024-07-03,3.3726073933094054,0.1445798461778521,low
2024-07-04,6.291006423798461,0.2698834939265654,moderate
2024-07-05,3.4419582649599074,0.1475574777839401,low
2024-07-06,1.4109195616422132,0.060353310161298,low
2024-07-07,3.4470553893140696,0.14777632663494808,low
2024-07-08,1.5168647360225718,0.06490214555787768,low
2024-07-09,0.8667529102518634,0.03698910749741934,low
2024-07-10,0.7366496273287111,0.03140302562032183,low
2024-07-11,1.201573054253355,0.05136486110233533,low
2024-07-12,0.16310935794163578,0.006777644672008863,low
2024-07-13,0.8245486785474834,0.03517703720554274,low
2024-07-14,0.8093971143253085,0.03452649344977016,low
2024-07-15,6.028267751030893,0.2586026122655971,moderate
2024-07-16,0.7047942118441701,0.030035289502312316,low
2024-07-17,0.581777564675036,0.02475347763797455,low
2024-07-18,0.6845632566867956,0.029166658293154173,low
2024-07-19,2.9011615357391247,0.12433796525189898,low
2024-07-20,0.2976878872730776,0.012555874604829596,low
2024-07-21,1.921757043800673,0.08228649998643878,low
2024-07-22,1.4396523309629823,0.06158697312794563,low
2024-07-23,4.625267778530205,0.19836375784265664,low
2024-07-24,5.627372087780064,0.24138985676260796,low
2024-07-25,8.52877008792336,0.36596355254260327,moderate
2024-07-26,1.672179486860975,0.07157070068893294,low
2024-07-27,0.21045497145614925,0.008810464041906732,low
2024-07-28,0.05740123674864883,0.002238987331540696,low
2024-07-29,3.8772240284900636,0.16624593927966563,low
2024-07-30,0.32750526407051883,0.013836106005671011,low
2024-07-31,1.3839152126740637,0.05919385821677714,low
2024-08-01,2.0487439688988918,0.08773877870671129,low
2024-08-02,6.059466211116736,0.2599421415116179,moderate
2024-08-03,2.832418263281135,0.12138642137212793,low
2024-08-04,6.704485091539276,0.2876365101498199,moderate
2024-08-05,11.186872408286524,0.48009116612497504,moderate
2024-08-06,6.647231479934434,0.2851782834625418,moderate
2024-08-07,4.162652119433643,0.17850100810045966,low
2024-08-08,22.217653285967813,0.9537060032497651,extreme
2024-08-09,1.4601636938110554,0.06246764385128064,low
2024-08-10,0.40635320875183834,0.017221501553997536,low
2024-08-11,3.984721328754116,0.17086141636333477,low
2024-08-12,8.327376933169989,0.35731658663472676,moderate
2024-08-13,2.5379122473081206,0.10874158504240385,low
2024-08-14,1.9163123841875185,0.08205272944884234,low
2024-08-15,1.4233811575878155,0.06088835811479629,low
2024-08-16,3.3336765757043088,0.1429083223715476,low
2024-08-17,0.10270231993823328,0.004184023260939157,low
2024-08-18,1.4120463289556167,0.06040168875965225,low
2024-08-19,0.4748816355301916,0.020163820873631257,low
2024-08-20,0.7854978325297548,0.03350035988946142,low
2024-08-21,3.7624814256033092,0.16131937970241583,low
2024-08-22,0.7100403259581438,0.03026053534022529,low
2024-08-23,4.3739502634382745,0.18757325213895787,low
2024-08-24,2.0170999514655477,0.08638011912233039,low
2024-08-25,0.38304856145177457,0.016220899071030755,low
2024-08-26,0.953252759391776,0.04070304329362475,low
2024-08-27,6.176858383042579,0.2649824623196286,moderate
2024-08-28,3.976262439379198,0.17049822761378175,low
2024-08-29,1.1891002876513963,0.05082933352834151,low
2024-08-30,0.18943468162420482,0.00790794215742117,low
2024-08-31,0.3232473368164193,0.01365328871056729,low
2024-09-01,1.395286381776274,0.05968208787721382,low
2024-09-02,1.7719600161092304,0.07585485243051585,low
2024-09-03,2.22121760110686,0.0951440632583947,low
2024-09-04,1.5296349746443962,0.0654504453157994,low
2024-09-05,1.310837750093503,0.05605622263853687,low
2024-09-06,3.5934464113900444,0.15406173478926347,low
2024-09-07,1.2015969900127268,0.0513658888020877,low
2024-09-08,0.1711847724003359,0.007124368638877868,low
2024-09-09,2.0547682286652402,0.0879974348109051,low
2024-09-10,0.2411610856904581,0.010128854050110245,low
2024-09-11,0.8225636608687201,0.0350918089850711,low
2024-09-12,0.37586353154263646,0.01591240443154078,low
2024-09-13,2.832277999205807,0.12138039902902024,low
2024-09-14,0.1580883176451282,0.0065620625469900475,low
2024-09-15,2.4839695634538623,0.10642551551740764,low
2024-09-16,0.832488129306861,0.0355179234691681,low
2024-09-17,3.7736350685309366,0.16179826971365743,low
2024-09-18,0.743171277993588,0.03168303757520346,low
2024-09-19,3.220691152306497,0.13805720861147822,low
2024-09-20,3.838392497447596,0.16457867841627602,low
2024-09-21,1.1864246887503007,0.050714454685963486,low
2024-09-22,1.906922952777136,0.08164958718018207,low
2024-09-23,2.9232113992388604,0.12528469265278325,low
2024-09-24,2.7445251672940776,0.11761266547924014,low
2024-09-25,0.817906650276337,0.03489185674799398,low
2024-09-26,1.7643533480484017,0.0755282544412492,low
2024-09-27,0.8184521013203753,0.03491527609701798,low
2024-09-28,0.16883711005576732,0.007023569998121932,low
2024-09-29,0.3533700171586409,0.01494662854772325,low
2024-09-30,2.337718203547332,0.10014610386292008,low
2024-10-01,3.203210027157937,0.13730664341289422,low
2024-10-02,3.061333699325309,0.13121507703663982,low
2024-10-03,1.0055810094371729,0.04294979589410661,low
2024-10-04,1.085537766159988,0.04638279911774264,low
2024-10-05,0.0318851583305137,0.001143435397541196,low
2024-10-06,0.3177283051980715,0.013416324955236142,low
2024-10-07,0.2507345815447594,0.010539899263502505,low
2024-10-08,0.3546139705889577,0.015000038619759253,low
2024-10-09,0.9273098254620838,0.03958916399859581,low
2024-10-10,0.5188939703063358,0.022053523424849637,low
2024-10-11,2.027912340933727,0.08684435716075094,low
2024-10-12,0.3016417567459936,0.012725636951411665,low
2024-10-13,0.2800644769634739,0.011799200286309292,low
2024-10-14,3.673548744941261,0.1575009884630387,low
2024-10-15,2.590862820271878,0.11101505754339742,low
2024-10-16,0.2927444752313904,0.012343625507061593,low
2024-10-17,0.7014768992516044,0.029892858202058777,low
2024-10-18,0.44233130742790827,0.01876624816200996,low
2024-10-19,1.1528498574752066,0.04927289416344239,low
2024-10-20,3.1353151651665305,0.1343915266718182,low
2024-10-21,1.5962807740855474,0.06831193262094902,low
2024-10-22,0.8948160680779058,0.03819402019311802,low
2024-10-23,5.2598353058219915,0.22560938980793915,low
2024-10-24,1.5030900711685584,0.06431072000753592,low
2024-10-25,3.3923778291870996,0.14542870464688812,low
2024-10-26,1.2611324746539738,0.053922089416910964,low
2024-10-27,0.6035047221025953,0.025686349411999057,low
2024-10-28,1.7335202361977506,0.07420441169528885,low
2024-10-29,3.7872267544161717,0.1623818389249552,low
2024-10-30,1.4303038203110718,0.06118558782269291,low
2024-10-31,2.639186214376252,0.11308985865510902,low
2024-11-01,0.5409631563423101,0.023001080453296546,low
2024-11-02,0.07076004484581946,0.0028125577606228423,low
2024-11-03,0.3216457314042641,0.013584522582871758,low
2024-11-04,0.6752546338549734,0.028766985601326,low
2024-11-05,2.3585418320119587,0.1010401819443346,low
2024-11-06,13.503984915491941,0.579578126737195,elevated
2024-11-07,11.617955412697437,0.4986000377257548,moderate
2024-11-08,0.7495034705035426,0.03195491500233221,low
2024-11-09,9.4168860331317,0.404095475694919,moderate
2024-11-10,5.321097751136958,0.22823973877248255,low
2024-11-11,22.010254202243726,0.9448011682841319,extreme
2024-11-12,3.3395530616070754,0.14316063369425153,low
2024-11-13,7.046714259105213,0.3023303757295489,moderate
2024-11-14,2.1849648188705104,0.09358752290603131,low
2024-11-15,4.588198612805583,0.1967721654538947,low
2024-11-16,1.0531649397529343,0.04499284757432401,low
2024-11-17,17.73667043747706,0.7613116491709057,extreme
2024-11-18,3.986498481301396,0.17093771973873126,low
2024-11-19,7.183887300487083,0.3082200029800942,moderate
2024-11-20,4.259847260120616,0.18267415424815636,low
2024-11-21,9.432370922281674,0.4047603310060692,moderate
2024-11-22,0.41529363130014385,0.01760536529093477,low
2024-11-23,3.1885889090134403,0.13667887475667886,low
2024-11-24,0.3605834141873317,0.015256341150733271,low
2024-11-25,17.657063531545788,0.7578936670529821,extreme
2024-11-26,0.6135322665869286,0.02611688954332541,low
2024-11-27,10.779440759130669,0.46259778317283384,moderate
2024-11-28,0.8087077633031994,0.03449689564743155,low
2024-11-29,0.9708985295880703,0.04146067765062379,low
2024-11-30,5.713140877894601,0.24507240399212243,low
2024-12-01,0.3209520184150951,0.013554737496211083,low
2024-12-02,1.6859139497265943,0.07216040013679868,low
2024-12-03,2.340247261509451,0.10025469086034941,low
2024-12-04,10.24432880793427,0.4396223508421823,moderate
2024-12-05,3.969225766905288,0.17019610281186728,low
2024-12-06,3.6919943732961706,0.15829296532903292,low
2024-12-07,0.06866837168278479,0.0027227502070675588,low
2024-12-08,1.0193807436687183,0.04354229781694533,low
2024-12-09,5.503446550420268,0.236069021017333,low
2024-12-10,0.5997861447601047,0.0255266895092298,low
2024-12-11,3.024418680025398,0.12963010304005176,low
2024-12-12,1.7546246955811184,0.07511054746249317,low
2024-12-13,1.135024556720094,0.048507551527463236,low
2024-12-14,0.6603786613177554,0.028128274580917413,low
2024-12-15,1.4334121704295952,0.06131904716264679,low
2024-12-16,3.9591985968981223,0.16976557875899853,low
2024-12-17,3.6337301997139893,0.15579134940652212,low
2024-12-18,5.194574982420065,0.22280738895401486,low
2024-12-19,3.311366343324746,0.14195041583783682,low
2024-12-20,0.5724720456921393,0.02435393821222424,low
2024-12-21,5.94285207067681,0.2549352260680657,moderate
2024-12-22,1.338346953185884,0.05723735087292979,low
2024-12-23,7.968808507652776,0.34192118277958966,moderate
2024-12-24,3.2189308837334143,0.1379816301621571,low
2024-12-25,0.09473658162952868,0.0038420083216986214,low
2024-12-26,2.2261601061211085,0.0953562734122604,low
2024-12-27,1.3925910137699535,0.05956636023349934,low
2024-12-28,3.3743652734644356,0.14465532207865567,low
2024-12-29,0.6715893528816677,0.028609614018077427,low
2024-12-30,0.8067605364174125,0.034413290002955114,low
2024-12-31,0.820454576609821,0.03500125387307699,low
2025-01-01,0.42808605942961364,0.018154617771983326,low
2025-01-02,3.3395205178470118,0.14315923640354358,low
2025-01-03,3.23764930663715,0.13878531966638094,low
2025-01-04,0.6817220518466279,0.029044669035771964,low
2025-01-05,0.36110840296162244,0.015278881936882975,low
2025-01-06,3.26633112393083,0.14001679496959127,low
2025-01-07,6.115387143517913,0.26234314861934105,moderate
2025-01-08,0.7349910878826511,0.03133181498724688,low
2025-01-09,2.713167456245012,0.11626629867386204,low
2025-01-10,1.032292698676294,0.04409668227401026,low
2025-01-11,0.14268239968558039,0.005900597923036529,low
2025-01-12,0.07594540517085788,0.0030351950891138284,low
2025-01-13,3.91038538656668,0.16766974702079038,low
2025-01-14,0.6711770245854117,0.028591910393915305,low
2025-01-15,6.583568478961478,0.28244486484322284,moderate
2025-01-16,6.029715479959866,0.2586647715912604,moderate
2025-01-17,3.3877629033977983,0.14523055935234552,low
2025-01-18,75.12532278626111,0.9999999999957065,extreme
2025-01-19,1.8597207835877971,0.07962292669980049,low
2025-01-20,3.355407515061069,0.14384135652553437,low
2025-01-21,3.7214319468313874,0.15955688959240397,low
2025-01-22,4.652979292513023,0.19955357244662625,low
2025-01-23,2.4955845040267537,0.10692421168848056,low
2025-01-24,0.5946636881462091,0.025306752998680695,low
2025-01-25,0.1988637945999523,0.008312788183804987,low
2025-01-26,2.3120244360006237,0.09904292271312695,low
2025-01-27,0.568946716681642,0.024202575571298592,low
2025-01-28,1.7816056372031617,0.07626899439508092,low
2025-01-29,1.4756904705661587,0.0631342976381236,low
2025-01-30,4.04402344742277,0.17340759723537413,low
2025-01-31,5.461477900882092,0.23426706562217253,low
2025-02-01,6.209429710134277,0.266380936638585,moderate
2025-02-02,7.128475968610563,0.30584087595249965,moderate
2025-02-03,5.602835189014662,0.24033634664023426,low
2025-02-04,2.503764195869449,0.10727541288291707,low
2025-02-05,6.369528577075912,0.27325490137700564,moderate
2025-02-06,3.080389426808751,0.132033248965576,low
2025-02-07,1.6383788414979923,0.07011944466945276,low
2025-02-08,1.8110011672936213,0.07753111349166807,low
2025-02-09,0.02928341749980252,0.0010317277067220117,low
2025-02-10,0.37290513541509235,0.01578538347847912,low
2025-02-11,0.6613637719545031,0.028170571043783173,low
2025-02-12,5.065118734964518,0.21724908802923631,low
2025-02-13,0.4565840605246574,0.019378200789058754,low
2025-02-14,0.6484763061015419,0.027617238046909746,low
2025-02-15,0.9750567511663636,0.041639214007874514,low
2025-02-16,0.7736473067795402,0.03299154869238769,low
2025-02-17,8.050715285457047,0.34543791161858556,moderate
2025-02-18,2.9032956638635894,0.12442959564101466,low
2025-02-19,0.5687046923448413,0.024192184075163808,low
2025-02-20,1.16282221568833,0.0497010648308894,low
2025-02-21,1.1296346928495231,0.04827613368610713,low
2025-02-22,3.1499013047758395,0.13501779349843243,low
2025-02-23,2.5182170470454337,0.1078959568708366,low
2025-02-24,18.401432293016835,0.7898536972298301,extreme
2025-02-25,4.959263626911206,0.21270411969785244,low
2025-02-26,4.151978234579471,0.17804271686135748,low
2025-02-27,0.888309469626284,0.037914654516283994,low
2025-02-28,10.108667621551975,0.43379763621816086,moderate
2025-03-01,4.2835811701454745,0.1836931874476555,low
2025-03-02,31.6167924585053,0.9999999999957065,extreme
2025-03-03,23.36741676753207,0.9999999999957065,extreme
2025-03-04,0.20008892677095727,0.008365390150978579,low
2025-03-05,3.5161700555127475,0.15074381658308508,low
2025-03-06,0.25444005270767567,0.010698996442637486,low
2025-03-07,2.5410439149450172,0.10887604553746986,low
2025-03-08,4.0032861523489665,0.1716585109662124,low
2025-03-09,6.285375922311027,0.26964174412893344,moderate
2025-03-10,5.543773025979389,0.23780046844299926,low
2025-03-11,5.316514105639635,0.22804293652069954,low
2025-03-12,0.519436669943883,0.022076824640175626,low
2025-03-13,2.0151286193993743,0.08629547850388346,low
2025-03-14,3.6122479056067016,0.1548689910225136,low
2025-03-15,0.4779911055262116,0.020297328296364055,low
2025-03-16,2.904663744285088,0.12448833519836665,low
2025-03-17,0.42356295104688907,0.01796041472654742,low
2025-03-18,1.696610226074807,0.07261965277146487,low
2025-03-19,3.676550406825431,0.15762986706375964,low
2025-03-20,1.7880795088463064,0.07654695492188628,low
2025-03-21,0.213176893632337,0.008927331808788935,low
2025-03-22,0.41581919685107765,0.017627930841421547,low
2025-03-23,1.1887614054528028,0.05081478336738091,low
2025-03-24,2.534199261083178,0.10858216519845328,low
2025-03-25,0.6031581965119118,0.0256714710762755,low
2025-03-26,1.6935630820400314,0.07248882136054945,low
2025-03-27,0.07895369433085034,0.0031643582368848858,low
2025-03-28,2.252164492247239,0.09647279120336046,low
2025-03-29,0.8803879211749507,0.03757453690166023,low
2025-03-30,0.14632194855317454,0.006056864679057491,low
2025-03-31,0.23128109253340604,0.009704649145511064,low
2025-04-01,2.468722956756111,0.10577089104177585,low
2025-04-02,2.711559651908551,0.11619726639070953,low
2025-04-03,0.4121202945274968,0.017469115700322356,low
2025-04-04,2.201069395136779,0.09427898494755776,low
2025-04-05,0.27567222178378775,0.01161061552113219,low
2025-04-06,11.95648646136841,0.5131351218014789,elevated
2025-04-07,1.593967543514133,0.06821261233415689,low
2025-04-08,3.9128553360382945,0.16777579615091787,low
2025-04-09,12.464888533142862,0.5349637454580823,elevated
2025-04-10,5.699992421212296,0.24450786515855427,low
2025-04-11,4.508781223648196,0.19336232038057305,low
2025-04-12,4.821273644955106,0.20677941649200574,low
2025-04-13,0.5504217848339815,0.023407193750458563,low
2025-04-14,0.31477198906912446,0.013289393308471807,low
2025-04-15,0.309263751912238,0.013052893021426681,low
2025-04-16,2.0635105779303995,0.08837279412310792,low
2025-04-17,0.4396249670358732,0.018650049410698408,low
2025-04-18,0.44281181153231464,0.018786878965546875,low
2025-04-19,1.3014737834465797,0.055654173718564424,low
2025-04-20,0.5010581248949261,0.021287728046156248,low
2025-04-21,4.2758464568502985,0.1833610917403685,low
2025-04-22,9.662008306907287,0.4146199840735394,moderate
2025-04-23,1.083989443734781,0.04631632073499144,low
2025-04-24,0.599323777312456,0.02550683741663198,low
2025-04-25,0.5307943961212053,0.022564477118565816,low
2025-04-26,1.6392494477951745,0.07015682480275538,low
2025-04-27,0.2715105427696742,0.011431930716285503,low
2025-04-28,0.5962259493199381,0.02537382985203739,low
2025-04-29,0.4536635229324815,0.019252805320562606,low
2025-04-30,0.14952331332975757,0.006194317673007012,low
2025-05-01,0.8139993061734998,0.034724092003015676,low
2025-05-02,0.6167337632828391,0.02625434820133004,low
2025-05-03,0.493361221274883,0.020957255725583948,low
2025-05-04,0.6631779104838733,0.02824846244001677,low
2025-05-05,0.23986757321084962,0.010073316123181773,low
2025-05-06,2.264392506024869,0.09699781013156433,low
2025-05-07,0.012298596691426134,0.00030247170662967194,low
2025-05-08,53.308276896129705,0.9999999999957065,extreme
2025-05-09,10.13896994565717,0.4350986891948021,moderate
2025-05-10,13.469293944792042,0.578088643932675,elevated
2025-05-11,0.7983589071494481,0.034052559758972034,low
2025-05-12,1.1027604600361331,0.04712226837612529,low
2025-05-13,6.517957222358857,0.2796277964095386,moderate
2025-05-14,1.2292385704127453,0.05255270075531167,low
2025-05-15,2.458968579913584,0.10535207956770563,low
2025-05-16,0.0770985522111338,0.0030847063207951908,low
2025-05-17,0.6114810887625028,0.026028820687457283,low
2025-05-18,2.8246269326633304,0.12105189475769729,low
2025-05-19,2.834814504015381,0.12148930576242145,low
2025-05-20,0.4060659273518467,0.017209166911964956,low
2025-05-21,1.529893370767838,0.06546153974685325,low
2025-05-22,1.2840674514260664,0.054906819818940196,low
2025-05-23,3.328357494050074,0.14267994361765352,low
2025-05-24,0.09912208215809593,0.004030303070871869,low
2025-05-25,0.39729446416395087,0.016832557571688167,low
2025-05-26,0.11092283302030523,0.004536977145856333,low
2025-05-27,3.521488218390203,0.15097215588861015,low
2025-05-28,1.5040142024842362,0.06435039827758861,low
2025-05-29,0.9210724968209856,0.03932135962271299,low
2025-05-30,2.238549766973548,0.09588823277866684,low
2025-05-31,0.08233775889800324,0.0033096555831529763,low
2025-06-01,0.16367715845214847,0.00680202361211182,low
2025-06-02,1.547070602793474,0.06619905706664125,low
2025-06-03,0.08774519468787634,0.0035418278880226433,low
2025-06-04,0.6233100781465292,0.026536707204521715,low
2025-06-05,3.5274100169860385,0.15122641274572235,low
2025-06-06,1.2054804284785292,0.05153262714063874,low
2025-06-07,0.233940351519631,0.009818826421408355,low
2025-06-08,0.42574951462049193,0.018054296470936905,low
2025-06-09,2.9700546185189722,0.12729594135002095,low
2025-06-10,4.492572479525709,0.1926663858141362,low
2025-06-11,0.5043638425991888,0.021429661511197937,low
2025-06-12,1.4744981610341563,0.06308310493553405,low
2025-06-13,1.5645894484740681,0.06695124182451427,low
2025-06-14,0.40807096948635957,0.017295254897439043,low
2025-06-15,3.640157609099293,0.1560673150414949,low
2025-06-16,1.0510295858258643,0.044901164554455544,low
2025-06-17,1.234962792061964,0.05279847449826999,low
2025-06-18,0.216537362815307,0.009071616069568283,low
2025-06-19,0.1331252621068063,0.005490255064453542,low
2025-06-20,1.8348622391271356,0.07855560647864401,low
2025-06-21,1.6965509033376747,0.07261710570532366,low
2025-06-22,0.6168192326890922,0.026258017894289276,low
2025-06-23,5.313480391279169,0.22791268172290713,low
2025-06-24,0.09642616250678628,0.003914551741866688,low
2025-06-25,1.7789938953116708,0.0761568573012281,low
2025-06-26,0.8825014879427742,0.03766528447353163,low
2025-06-27,0.5753169433602947,0.024476086023941388,low
2025-06-28,3.9970919202842468,0.17139255697410827,low
2025-06-29,0.4913139262689327,0.020869353581434623,low
2025-06-30,1.1129889861112492,0.04756143780255225,low
2025-07-01,1.3304360055893463,0.05689768841394487,low
2025-07-02,3.2356788664262734,0.138700717340409,low
2025-07-03,0.09124088825114735,0.0036919181088298204,low
2025-07-04,0.6406726205366208,0.027282180963572947,low
2025-07-05,0.020648264750618612,0.0006609709572041936,low
2025-07-06,0.5107444638769483,0.021703618263737134,low
2025-07-07,0.22119075239154434,0.009271412835605676,low
2025-07-08,0.8674545525405556,0.03701923303449271,low
2025-07-09,2.37945448623474,0.10193808241334035,low
2025-07-10,3.2504607417861173,0.1393353882280446,low
2025-07-11,0.9124251975577014,0.038950081353516644,low
2025-07-12,0.12502728331269666,0.005142562280946955,low
2025-07-13,0.46752212097693946,0.019847834605287513,low
2025-07-14,0.10763296658895344,0.004395724267086927,low
2025-07-15,7.62634559068623,0.3272172809943078,moderate
2025-07-16,7.2000560435781065,0.3089142200722914,moderate
2025-07-17,1.059986512995529,0.04528573692966994,low
2025-07-18,2.410319186204043,0.10326328141882905,low
2025-07-19,0.36740310998419273,0.015549149896540748,low
2025-07-20,4.770176022739328,0.20458550181891536,low
2025-07-21,7.73555155094033,0.3319061206741396,moderate
2025-07-22,3.5393337496538053,0.15173836713662048,low
2025-07-23,4.3912776388589165,0.18831721597784182,low
2025-07-24,3.0764259624006174,0.1318630746532654,low
2025-07-25,1.3847497810505889,0.0592296910349702,low
2025-07-26,0.19113198224060782,0.00798081703037019,low
2025-07-27,0.8260391438773864,0.035241031450582126,low
2025-07-28,0.5169663810879703,0.02197076093832914,low
2025-07-29,0.04452718329406518,0.001686230206035166,low
2025-07-30,0.4957853297207368,0.021061336636943435,low
2025-07-31,0.6819430017055732,0.0290541556834189,low
2025-08-01,2.3398709628222463,0.10023853419443182,low
2025-08-02,0.7210936606882966,0.03073511854389487,low
2025-08-03,0.567949378837185,0.02415975412411378,low
2025-08-04,5.322213813541355,0.2282876577475525,low
2025-08-05,0.8064187899125577,0.034398616860860314,low
2025-08-06,0.3992745406165683,0.01691757363691511,low
2025-08-07,2.7399816657405704,0.11741758683774572,low
2025-08-08,2.257721814589857,0.09671139899961126,low
2025-08-09,7.611776583931814,0.32659174977964794,moderate
2025-08-10,3.2851443930787796,0.14082455676833383,low
2025-08-11,1.5702035485824055,0.06719228741665292,low
2025-08-12,11.806098375541442,0.5066780967219071,elevated
2025-08-13,1.3771438209117086,0.05890312344086252,low
2025-08-14,3.759189930299523,0.1611780568867887,low
2025-08-15,0.7524198279033955,0.03208013099114073,low
2025-08-16,0.7572107321377143,0.032285832051997476,low
2025-08-17,0.2346865644907904,0.009850865634109165,low
2025-08-18,1.3390536694993211,0.05726769426705514,low
2025-08-19,2.410908211071507,0.10328857164259106,low
2025-08-20,4.718378318624944,0.2023615286052684,low
2025-08-21,0.72838779595376,0.031048297703559654,low
2025-08-22,15.923445234824918,0.6834594673038703,elevated
2025-08-23,1.9885513116485123,0.08515436189380664,low
2025-08-24,2.3341215805849247,0.09999168016278237,low
2025-08-25,5.42853467783965,0.23285262367208537,low
2025-08-26,1.8495056927001823,0.07918433412320952,low
2025-08-27,3.821134680026222,0.16383770110217752,low
2025-08-28,3.377668983936348,0.1447971693616733,low
2025-08-29,3.4385353235170593,0.14741051122990198,low
2025-08-30,0.37767327750757324,0.01599010722973116,low
2025-08-31,0.28796767821908575,0.012138530150345885,low
2025-09-01,2.2592996477594047,0.09677914444826916,low
2025-09-02,4.044707079268424,0.17343694948058894,low
2025-09-03,0.9133134893256583,0.03898822082575033,low
2025-09-04,1.2430350103627779,0.053145061235706795,low
2025-09-05,0.04136945121993019,0.001550650614838578,low
2025-09-06,0.1523134907577194,0.00631411603023548,low
2025-09-07,0.680279490085625,0.028982731566334765,low
2025-09-08,1.4344623730135462,0.06136413839700831,low
2025-09-09,0.6381449528318721,0.027173653657884884,low
2025-09-10,1.7353253628032885,0.07428191615782434,low
2025-09-11,0.37435061983530443,0.015847446434478035,low
2025-09-12,5.0794219645985095,0.2178632079042098,low
2025-09-13,0.19069953002969256,0.007962249370862847,low
2025-09-14,0.12580482851772334,0.0051759467665712655,low
2025-09-15,1.0117860652141328,0.043216214610400865,low
2025-09-16,1.14934081460756,0.04912223078025554,low
2025-09-17,2.004257980136059,0.08582873946688976,low
2025-09-18,0.2361403217568391,0.009913283790938998,low
2025-09-19,0.7136221594707284,0.030414324044260126,low
2025-09-20,0.016081056703041042,0.00046487445963482374,low
2025-09-21,0.1004607893330035,0.004087781465885995,low
2025-09-22,2.6113415542021423,0.11189432731971292,low
2025-09-23,0.6563952639937072,0.027957244433935744,low
2025-09-24,1.4694090643988462,0.06286460076064636,low
2025-09-25,4.117555211752302,0.1765647385993997,low
2025-09-26,4.328590402518688,0.18562569254370742,low
2025-09-27,0.0861057558949266,0.0034714373557920572,low
2025-09-28,1.022510490613384,0.043676675845652144,low
2025-09-29,1.5240337012949774,0.06520995045015993,low
2025-09-30,0.41983472920885684,0.017800340730140023,low
2025-10-01,3.621707573532436,0.15527514894855549,low
2025-10-02,2.122931283017089,0.09092406659180628,low
2025-10-03,1.5714534265920426,0.06724595186493852,low
2025-10-04,0.7503108466883971,0.03198958030341366,low
2025-10-05,0.3488516617600827,0.014752629575221688,low
2025-10-06,1.2026045559076208,0.051409149398277065,low
2025-10-07,1.8113769921397813,0.07754724981286557,low
2025-10-08,1.0721517315104347,0.045808059696245976,low
2025-10-09,0.868760709839189,0.037075313876194796,low
2025-10-10,11.557894484638544,0.4960212768043289,moderate
2025-10-11,2.050143574770815,0.08779887183288436,low
2025-10-12,7.767430803704033,0.33327488026357993,moderate
2025-10-13,4.278235887628349,0.18346368374009328,low
2025-10-14,0.8109443528578504,0.03459292529477813,low
2025-10-15,0.9890902287685832,0.042241751877366375,low
2025-10-16,1.8108145019291486,0.07752309887446446,low
2025-10-17,0.8232550672693805,0.03512149503662692,low
2025-10-18,0.6768411903667484,0.028835105593214692,low
2025-10-19,1.407389669776678,0.06020175161077451,low
2025-10-20,2.1642318329611063,0.09269733663060083,low
2025-10-21,1.0291556042695889,0.04396198877651881,low
2025-10-22,0.5294188989795595,0.022505419118780484,low
2025-10-23,4.4602970561243165,0.1912806163417036,low
2025-10-24,0.2749113502988658,0.011577946934166302,low
2025-10-25,0.11709709157705736,0.004802073560439195,low
2025-10-26,2.174870274608743,0.09315410608908962,low
2025-10-27,0.09535194100177782,0.0038684292371435713,low
2025-10-28,0.9527327866037792,0.04068071787260268,low
2025-10-29,4.379862399549983,0.1878270941300785,low
2025-10-30,1.5361643196376127,0.06573078763243001,low
2025-10-31,0.35374475918921555,0.014962718377422753,low
2025-11-01,0.316311799210373,0.013355506209937022,low
2025-11-02,0.045727291026919775,0.0017377577302178065,low
2025-11-03,6.858062494205184,0.29423047093611665,moderate
2025-11-04,6.164875787614185,0.2644679806120249,moderate
2025-11-05,1.042524677242609,0.044535999935732165,low
2025-11-06,1.501389874262078,0.06423772078020361,low
2025-11-07,0.8630367147417304,0.03682954986040594,low
2025-11-08,0.4203508969274249,0.017822502777656832,low
2025-11-09,1.7112856332919923,0.07324975236966923,low
2025-11-10,1.6885684648546992,0.07227437373159527,low
2025-11-11,4.2429272542877605,0.18194768112757317,low
2025-11-12,1.087573426917147,0.04647020173670807,low
2025-11-13,2.1325106807470586,0.09133536520664984,low
2025-11-14,11.253985998339399,0.48297273837033305,moderate
2025-11-15,0.7946464643062883,0.033893163245525215,low
2025-11-16,0.7204363276592824,0.030706895458065722,low
2025-11-17,2.1577776080988986,0.09242021965304703,low
2025-11-18,7.168786609600104,0.3075716435090636,moderate
2025-11-19,0.8357812874399096,0.03565931767961478,low
2025-11-20,15.111991797341654,0.6486191063276516,elevated
2025-11-21,1.0800021062728093,0.04614512141523755,low
2025-11-22,0.19782869409537254,0.008268345368530121,low
2025-11-23,3.354137653519714,0.14378683406935028,low
2025-11-24,2.489326353403027,0.10665551330518154,low
2025-11-25,1.1257634959583644,0.048109920948730234,low
2025-11-26,5.977968885584371,0.256442992812525,moderate
2025-11-27,1.6918693145635588,0.07241609818560904,low
2025-11-28,1.7711294870252325,0.07581919304237218,low
2025-11-29,0.36629981710173876,0.015501779190457587,low
2025-11-30,0.6680521871928151,0.02845774316050298,low
2025-12-01,6.137697154805603,0.2633010456603067,moderate
2025-12-02,10.0321516139858,0.4305123641360895,moderate
2025-12-03,2.6682087427489427,0.11433596264363018,low
2025-12-04,1.489378121215147,0.06372198716841407,low
2025-12-05,2.417552595386009,0.10357385325862557,low
2025-12-06,0.24362871487978408,0.010234803557180198,low
2025-12-07,1.2732229891198028,0.05444120470919952,low
2025-12-08,0.4613321806039086,0.019582064880179766,low
2025-12-09,2.981755548012778,0.12779832951980413,low
2025-12-10,0.4278693437728149,0.018145312922976234,low
2025-12-11,3.0075115031353854,0.1289041807397362,low
2025-12-12,2.3030291089775226,0.09865670161145045,low
2025-12-13,0.1233543567863215,0.005070733927805245,low
2025-12-14,1.9654256852194787,0.08416144580599312,low
2025-12-15,2.0443189841470155,0.08754878867284344,low
2025-12-16,2.170936616771461,0.09298521154421852,low
2025-12-17,1.646948885246392,0.07048740591526656,low
2025-12-18,1.5104504695991876,0.06462674422581671,low
2025-12-19,2.5625955989931843,0.10980138323055104,low
2025-12-20,0.14434982469102753,0.0059721900642575095,low
2025-12-21,0.06524855622798446,0.002575917869667112,low
2025-12-22,0.013263629459258686,0.00034390611115871683,low
2025-12-23,0.47046039474711465,0.019973991589867384,low
2025-12-24,0.45962655000621944,0.019508832353246512,low
2025-12-25,0.40307682501917863,0.017080827564992677,low
2025-12-26,0.6799940327386951,0.02897047524138629,low
2025-12-27,0.6078165237448043,0.02587147984429883,low
2025-12-28,0.11139658010352783,0.004557317831628888,low
2025-12-29,0.36803751021956616,0.015576388345702243,low
2025-12-30,1.0091429272201848,0.04310272950137881,low
2025-12-31,0.7281652550968772,0.031038742745224893,low
2026-01-01,1.0076287004611362,0.043037715041585864,low
2026-01-02,1.3652014996094008,0.05839037093302072,low
2026-01-03,0.6268849808226774,0.026690198327904164,low
2026-01-04,0.5693788560949475,0.024221129800606332,low
2026-01-05,2.8727214724370636,0.12311686983735062,low
2026-01-06,1.3306491620164205,0.056906840444758494,low
2026-01-07,2.196372017393446,0.09407729951662662,low
2026-01-08,3.153274203504908,0.1351626114310811,low
2026-01-09,0.32358218886225243,0.013667665833901237,low
2026-01-10,0.018072997312285535,0.0005503999213107421,low
2026-01-11,1.0274652097503103,0.04388941042202129,low
2026-01-12,0.6716431852923446,0.02861192535294098,low
2026-01-13,8.559385476046632,0.3672780471572913,moderate
2026-01-14,1.765413495594858,0.07557377267002292,low
2026-01-15,1.1790558908323394,0.05039806982940433,low
2026-01-16,1.7472166834726333,0.07479247891529923,low
2026-01-17,0.3456720811341857,0.01461611190009442,low
2026-01-18,2.754278702933111,0.11803144083560844,low
2026-01-19,0.920268679457915,0.03928684712230978,low
2026-01-20,8.56475340186411,0.36750852307191,moderate
2026-01-21,1.0212085616123638,0.04362077654907435,low
2026-01-22,0.4315315958969445,0.01830255446031735,low
2026-01-23,0.17153002081610247,0.007139192138139985,low
2026-01-24,0.09028128485723154,0.0036507168185355506,low
2026-01-25,3.142378754980041,0.13469480718986485,low
2026-01-26,1.523943713848555,0.06520608677176279,low
2026-01-27,1.0033647389426545,0.04285463866082228,low
2026-01-28,0.5948657556281907,0.025315428917333068,low
2026-01-29,9.048062437781606,0.3882597584436637,moderate
2026-01-30,6.045585207034358,0.2593461502068766,moderate
2026-01-31,12.365620348157961,0.5307015916011035,elevated
2026-02-01,6.774534174008639,0.29064411996025447,moderate
2026-02-02,1.5614842221926235,0.06681791660884458,low
2026-02-03,4.317678394281741,0.1851571772988527,low
2026-02-04,3.7853204924786548,0.16229999214120835,low
2026-02-05,68.79850255070947,0.9999999999957065,extreme
2026-02-06,47.88394097749564,0.9999999999957065,extreme
2026-02-07,3.873008388387619,0.16606493761508395,low
2026-02-08,2.1532230557251824,0.0922246665363118,low
2026-02-09,0.31014708000399827,0.013090819374505933,low
2026-02-10,1.2524868119784536,0.053550881415835784,low
2026-02-11,1.2692677723749206,0.054271384516486706,low
2026-02-12,1.1285381281834999,0.04822905186103468,low
2026-02-13,4.755918586345258,0.2039733481109891,low
2026-02-14,2.590299690393377,0.11099087914037739,low
2026-02-15,5.842712003905733,0.25063563731370914,moderate
2026-02-16,0.55448663355626,0.02358172107421622,low
2026-02-17,1.890783034103432,0.08095660768592704,low
2026-02-18,1.6840161617436527,0.07207891718863707,low
2026-02-19,1.0281165812275772,0.043917377544162,low
2026-02-20,1.441894191632224,0.06168322909454431,low
2026-02-21,0.09563540078026037,0.0038805997949949264,low
2026-02-22,1.2126451407421972,0.05184024942680606,low
2026-02-23,3.90438199864681,0.16741198706495453,low
2026-02-24,1.756458439121424,0.07518928061455203,low
2026-02-25,8.90384736805938,0.3820677764330674,moderate
2026-02-26,0.3863887265160809,0.016364311559271018,low
2026-02-27,1.5729300413175609,0.06730935142390695,low
2026-02-28,1.0373057008269175,0.04431191927521637,low
2026-03-01,1.1603081251137806,0.049593120469453356,low
2026-03-02,6.41077027510328,0.2750256445646889,moderate
2026-03-03,2.2809666425020194,0.09770943309236414,low
2026-03-04,13.553383869704952,0.5816991078275788,elevated
2026-03-05,1.3893488703861483,0.059427156379512625,low
2026-03-06,2.6063639343172764,0.1116806094825823,low
2026-03-07,0.7072962633230928,0.03014271695616243,low
2026-03-08,0.7484904460532651,0.03191142003897995,low
2026-03-09,4.09139954229585,0.17544172534522728,low
2026-03-10,1.9432576000774848,0.08320964247037099,low
2026-03-11,0.06761494118676349,0.0026775203798841646,low
2026-03-12,0.16694853934904533,0.006942482800616944,low
2026-03-13,0.2268566015709353,0.009514680312861097,low
2026-03-14,0.13058754254898722,0.005381296174926808,low
2026-03-15,1.4477764040275691,0.061935786288495234,low
2026-03-16,7.59071122551498,0.3256872928417216,moderate
2026-03-17,0.23174726911622007,0.009724664786179586,low
2026-03-18,2.1996561175303233,0.09421830481522481,low
2026-03-19,1.6126286639252232,0.06901384151294938,low
2026-03-20,0.4590231934552357,0.019482926787920622,low
2026-03-21,1.266366636069686,0.054146822056773576,low
2026-03-22,0.24757756163556796,0.010404350249641056,low
2026-03-23,4.652874542640037,0.1995490749323901,low
2026-03-24,0.238510256932883,0.010015038732392815,low
2026-03-25,0.622863630258229,0.026517538630125518,low
2026-03-26,2.0922453981891858,0.0896065451483151,low
2026-03-27,2.5198341679861405,0.10796538916936893,low
2026-03-28,0.49101383505835017,0.020856468940591996,low
2026-03-29,0.028589523397947982,0.0010019348438525635,low
2026-03-30,0.5255236934386662,0.02233817555204892,low
2026-03-31,4.523951256811753,0.1940136571141739,low
2026-04-01,4.736107386714158,0.20312273941967565,low
2026-04-02,1.3544804360376936,0.05793005404035247,low
2026-04-03,1.435627009924121,0.06141414295487487,low
2026-04-04,0.11152951562022724,0.004563025517584021,low
2026-04-05,2.465096795568371,0.10561519909581449,low
2026-04-06,1.3649800280194713,0.05838086188446329,low
2026-04-07,3.78160611913524,0.16214051274028748,low
2026-04-08,1.0787168992704905,0.04608994009019587,low
2026-04-09,0.8541644823876069,0.036448613920518534,low
2026-04-10,0.7704212566685391,0.0328530358151199,low
2026-04-11,1.2094065123698043,0.051701196492466475,low
2026-04-12,1.5728699640253336,0.06730677196037771,low
2026-04-13,6.45373393938432,0.27687032166292774,moderate
2026-04-14,1.7620534670313097,0.0754295073275684,low
2026-04-15,0.19317858077502154,0.008068689270992553,low
2026-04-16,9.58437382942911,0.41128668964825627,moderate
2026-04-17,5.643874118690756,0.2420983838169173,low
2026-04-18,0.5459819416895971,0.023216565760382012,low
2026-04-19,1.101090321219485,0.04705055971538822,low
2026-04-20,2.2714178792090594,0.09729944979001347,low
2026-04-21,0.1487933472659099,0.006162976033437746,low
2026-04-22,2.36420522198731,0.10128334383382306,low
2026-04-23,1.479271442579608,0.06328804935304796,low
2026-04-24,0.7486818838753091,0.031919639565223125,low
2026-04-25,0.04625232640491307,0.0017603005173323773,low
2026-04-26,0.8956297565289841,0.03822895651607658,low
2026-04-27,0.5298148671147447,0.02252242030717611,low
2026-04-28,0.7296601303852492,0.03110292633513344,low
2026-04-29,0.21050638984223957,0.008812671728816973,low
2026-04-30,0.3895166435900819,0.01649861102111059,low
2026-05-01,2.704937002548274,0.1159129179812104,low
2026-05-02,0.12074947124052324,0.00495889121628895,low
2026-05-03,0.19024678931806033,0.007942810609384654,low
2026-05-04,1.4716427053422367,0.06296050380716046,low
2026-05-05,1.953794695144486,0.08366206053752918,low
2026-05-06,4.9379066780755325,0.21178714310694258,low
2026-05-07,1.7096905549476056,0.07318126648651598,low
2026-05-08,5.074240051145015,0.21764071856972966,low
2026-05-09,0.19439314162803825,0.008120837350712236,low
2026-05-10,1.6447492775649217,0.070392964112338,low
2026-05-11,1.9064976858818152,0.08163132802758034,low
2026-05-12,0.6750082664652326,0.02875640763296104,low
2026-05-13,3.0144304018802375,0.12920124883840145,low
2026-05-14,2.5273001702613813,0.1082859475677971,low
2026-05-15,1.225924168482528,0.05241039442652564,low
2026-05-16,0.6858847811337737,0.029223398934877763,low
2026-05-17,0.8580805659648302,0.036616753901373957,low
2026-05-18,0.5039835698008215,0.021413334213841673,low
2026-05-19,0.18865038310874804,0.007874267713356484,low
2026-05-20,0.9685492150167205,0.04135980807027377,low
2026-05-21,0.6255862171964044,0.026634434939061452,low
2026-05-22,1.1451368529419732,0.048941730538105466,low
2026-05-23,0.84329758961387,0.03598203574186036,low
2026-05-24,0.8662058557488995,0.03696561930268566,low
2026-05-25,0.3299917001050418,0.013942862998722563,low
2026-05-26,0.832547249478907,0.03552046183802565,low
2026-05-27,1.1188436569460574,0.04781281247897768,low
2026-05-28,0.5989707134356075,0.025491678354695887,low
2026-05-29,0.1667356790662347,0.00693334348497904,low
2026-05-30,0.16863069812536868,0.007014707547323534,low
2026-05-31,0.15371858395100851,0.0063744447586604296,low
2026-06-01,9.44017752782786,0.4050955134609881,moderate
2026-06-02,7.476884466579904,0.32080005571034537,moderate
2026-06-03,6.109351959961672,0.2620840234940482,moderate
2026-06-04,3.843652034288572,0.16480450056902413,low
2026-06-05,16.025375004028916,0.687835898272361,elevated
2026-06-06,1.0560231798698825,0.045115568254071245,low
2026-06-07,5.75364377621553,0.246811426261177,low
2026-06-08,0.439062903181585,0.01862591677822621,low
2026-06-09,0.7965991233309491,0.03397700212295194,low
2026-06-10,1.6936279531543614,0.07249160665042041,low
2026-06-11,4.9846195318575175,0.21379279446389704,low
2026-06-12,0.10121635911505333,0.0041202224202690155,low
2026-06-13,2.601254984419947,0.11146125289302315,low
2026-06-14,1.050645794522715,0.04488468618746172,low
2026-06-15,4.855110818924728,0.20823224089456555,low
2026-06-16,0.7007148767263177,0.0298601401943129,low
2026-06-17,0.49936155641337643,0.021214884607965397,low
2026-06-18,1.241188574861248,0.053065783144788686,low
2026-06-19,1.013957452472815,0.043309444748344805,low
2026-06-20,5.825578672285474,0.24990000489069977,low
2026-06-21,0.7975942470815186,0.034019728506357726,low
2026-06-22,2.1829713092802194,0.09350193007897926,low
2026-06-23,1.037069576071251,0.04430178108201534,low
2026-06-24,1.4909011213491996,0.06378737831963256,low
2026-06-25,4.002634898401123,0.1716305488902855,low
2026-06-26,15.405364197719623,0.6612152700229209,elevated
2026-06-27,1.3105493478619135,0.05604383987276033,low
2026-06-28,1.759626454024784,0.07532530170672144,low
2026-06-29,5.528273976647493,0.23713500515383473,low
2026-06-30,1.7566282470292294,0.07519657144423032,low
2026-07-01,4.1399750635205255,0.1775273517236485,low
2026-07-02,4.443813643232457,0.19057288866597447,low
2026-07-03,1.8098351547140372,0.07748104986842246,low
2026-07-04,1.9441836546750346,0.08324940331797105,low
2026-07-05,0.645799123619377,0.02750229121229268,low
2026-07-06,0.1593913835381036,0.006618010656875278,low
2026-07-07,0.15802467033622447,0.006559329802121472,low
2026-07-08,2.0466742917488183,0.0876499155684437,low
2026-07-09,2.253052388068289,0.0965109136753172,low
2026-07-10,3.8385878719196564,0.16458706696553552,low
2026-07-11,0.5327563877779956,0.022648716699541546,low
2026-07-12,0.7125813802935679,0.030369637410925663,low
2026-07-13,1.6249281366540442,0.069541928584733,low
2026-07-14,6.2338977163615406,0.26743148880824513,moderate
2026-07-15,2.641793374177821,0.11320179901349986,low
2026-07-16,0.8878177096140283,0.03789354043191484,low
2026-07-17,1.1412389080398913,0.04877436935484996,low
2026-07-18,0.8945443627712608,0.03818235432231707,low
2026-07-19,0.8087233819390871,0.03449756624525904,low
2026-07-20,0.5651971256241882,0.024041584071453497,low
2026-07-21,2.3063666851875144,0.0988000029452921,low
2026-07-22,0.5955095594033669,0.02534307111451762,low
2026-07-23,0.8567531903826932,0.03655976203678083,low
2026-07-24,1.5445280298948312,0.06608988979529194,low
2026-07-25,0.10669472393476899,0.004355440116148512,low
2026-07-26,3.4994946915180156,0.15002784734301602,low
2026-07-27,0.9778851601195802,0.041760653864268575,low
2026-07-28,2.0455822614753423,0.08760302843091075,low
2026-07-29,0.28192293772774346,0.01187899469088796,low
2026-07-30,1.1000723265589534,0.04700685135233688,low
2026-07-31,2.383811973777236,0.10212517440397975,low
2026-08-01,0.6441280097198272,0.02743054068564106,low
2026-08-02,0.6815228964354502,0.029036118149060187,low
2026-08-03,1.2246043285664894,0.05235372611139936,low
2026-08-04,0.517938747480493,0.022012510217525868,low
2026-08-05,1.417326001477608,0.06062837545294289,low
2026-08-06,1.1386808868304765,0.04866453879870955,low
2026-08-07,0.6668057533045308,0.02840422658814671,low
2026-08-08,5.525515693062111,0.2370165761826204,low
2026-08-09,0.23074839931998709,0.009681777563498103,low
2026-08-10,1.6341697152646049,0.06993872268271681,low
2026-08-11,1.0585968055982775,0.04522606880191915,low
2026-08-12,0.2094953072136383,0.008769260139032465,low
2026-08-13,0.3853317773598224,0.01631893065577547,low
2026-08-14,0.5073869461492603,0.021559460725900446,low
2026-08-15,0.015087103533489556,0.0004221983360016119,low
2026-08-16,0.18343493506658218,0.007650338546200149,low
